substance,volume,1,1,1,1,1,1,1,1,1,1,1,1,1,1,2,2,2,2,2,2,2,2,2,2,2,2,2,2,3,3,3,3,3,3,3,3,3,3,3,3,3,3,4,4,4,4,4,4,4,4,4,4,4,4,4,4,5,5,5,5,5,5,5,5,5,5,5,5,5,5,6,6,6,6,6,6,6,6,6,6,6,6,6,6,7,7,7,7,7,7,7,7,7,7,7,7,7,7,8,8,8,8,8,8,8,8,8,8,8,8,8,8,9,9,9,9,9,9,9,9,9,9,9,9,9,9,10,10,10,10,10,10,10,10,10,10,10,10,10,10,11,11,11,11,11,11,11,11,11,11,11,11,11,11,12,12,12,12,12,12,12,12,12,12,12,12,12,12,13,13,13,13,13,13,13,13,13,13,13,13,13,13,14,14,14,14,14,14,14,14,14,14,14,14,14,14,15,15,15,15,15,15,15,15,15,15,15,15,15,15,16,16,16,16,16,16,16,16,16,16,16,16,16,16,17,17,17,17,17,17,17,17,17,17,17,17,17,17,18,18,18,18,18,18,18,18,18,18,18,18,18,18,19,19,19,19,19,19,19,19,19,19,19,19,19,19,20,20,20,20,20,20,20,20,20,20,20,20,20,20,21,21,21,21,21,21,21,21,21,21,21,21,21,21,22,22,22,22,22,22,22,22,22,22,22,22,22,22
,,min,max,mav,rms,variance,ssc,abs_diffs,total_power,iemg,shannon_entropy,mean_freq,peak_freq,spectral_edge_freq,crest_factor,min,max,mav,rms,variance,ssc,abs_diffs,total_power,iemg,shannon_entropy,mean_freq,peak_freq,spectral_edge_freq,crest_factor,min,max,mav,rms,variance,ssc,abs_diffs,total_power,iemg,shannon_entropy,mean_freq,peak_freq,spectral_edge_freq,crest_factor,min,max,mav,rms,variance,ssc,abs_diffs,total_power,iemg,shannon_entropy,mean_freq,peak_freq,spectral_edge_freq,crest_factor,min,max,mav,rms,variance,ssc,abs_diffs,total_power,iemg,shannon_entropy,mean_freq,peak_freq,spectral_edge_freq,crest_factor,min,max,mav,rms,variance,ssc,abs_diffs,total_power,iemg,shannon_entropy,mean_freq,peak_freq,spectral_edge_freq,crest_factor,min,max,mav,rms,variance,ssc,abs_diffs,total_power,iemg,shannon_entropy,mean_freq,peak_freq,spectral_edge_freq,crest_factor,min,max,mav,rms,variance,ssc,abs_diffs,total_power,iemg,shannon_entropy,mean_freq,peak_freq,spectral_edge_freq,crest_factor,min,max,mav,rms,variance,ssc,abs_diffs,total_power,iemg,shannon_entropy,mean_freq,peak_freq,spectral_edge_freq,crest_factor,min,max,mav,rms,variance,ssc,abs_diffs,total_power,iemg,shannon_entropy,mean_freq,peak_freq,spectral_edge_freq,crest_factor,min,max,mav,rms,variance,ssc,abs_diffs,total_power,iemg,shannon_entropy,mean_freq,peak_freq,spectral_edge_freq,crest_factor,min,max,mav,rms,variance,ssc,abs_diffs,total_power,iemg,shannon_entropy,mean_freq,peak_freq,spectral_edge_freq,crest_factor,min,max,mav,rms,variance,ssc,abs_diffs,total_power,iemg,shannon_entropy,mean_freq,peak_freq,spectral_edge_freq,crest_factor,min,max,mav,rms,variance,ssc,abs_diffs,total_power,iemg,shannon_entropy,mean_freq,peak_freq,spectral_edge_freq,crest_factor,min,max,mav,rms,variance,ssc,abs_diffs,total_power,iemg,shannon_entropy,mean_freq,peak_freq,spectral_edge_freq,crest_factor,min,max,mav,rms,variance,ssc,abs_diffs,total_power,iemg,shannon_entropy,mean_freq,peak_freq,spectral_edge_freq,crest_factor,min,max,mav,rms,variance,ssc,abs_diffs,total_power,iemg,shannon_entropy,mean_freq,peak_freq,spectral_edge_freq,crest_factor,min,max,mav,rms,variance,ssc,abs_diffs,total_power,iemg,shannon_entropy,mean_freq,peak_freq,spectral_edge_freq,crest_factor,min,max,mav,rms,variance,ssc,abs_diffs,total_power,iemg,shannon_entropy,mean_freq,peak_freq,spectral_edge_freq,crest_factor,min,max,mav,rms,variance,ssc,abs_diffs,total_power,iemg,shannon_entropy,mean_freq,peak_freq,spectral_edge_freq,crest_factor,min,max,mav,rms,variance,ssc,abs_diffs,total_power,iemg,shannon_entropy,mean_freq,peak_freq,spectral_edge_freq,crest_factor,min,max,mav,rms,variance,ssc,abs_diffs,total_power,iemg,shannon_entropy,mean_freq,peak_freq,spectral_edge_freq,crest_factor
0,10,-113.753,79.9781,10.783276206610001,17.710468138248512,313.6606607677201,421,8968.59159738,433.3974327098798,10783.27620661,3.099007666585047,70.96093468501854,84.0,144.0,6.4229245162827,-92.5282,67.7971,10.234512675395,15.836151854508865,250.7836762731779,458,8967.40045682,333.8486136400752,10234.512675395,3.3420151916526826,74.46043490744023,84.0,153.0,5.842846219844462,-42.4072,30.0731,5.3586809857999995,7.547125403998586,56.95900274294351,481,4538.381411,70.17414658144614,5358.6809858,3.5536987651139738,69.91314731865334,22.0,150.0,5.618987061952356,-79.801,62.5644,9.784871451999999,14.120658973224105,199.39276964700943,434,8123.282656400001,249.04555522151256,9784.871452,3.453758152183063,73.7870111098509,84.0,160.0,5.651365148844708,-46.687,49.1283,7.190442841079999,10.260485003054342,105.27704898019478,495,6128.879047780001,125.80036873242021,7190.442841079999,3.5870330207680463,70.95916804867075,22.0,163.0,4.788106993516923,-14.709,19.3231,2.8938397942600003,3.936041484752967,15.49232945200082,438,2248.2763674,17.212905736096438,2893.8397942600004,3.7628177339608464,65.08565260874626,22.0,146.0,4.909272444117228,-54.4031,53.4532,8.175755763429999,11.779697838741546,138.76112945254107,442,6909.79146162,172.23955061396086,8175.755763429999,3.6035055050733864,72.3753463821076,84.0,149.0,4.618378225380017,-22.9159,29.1812,4.1368010887999995,5.593665236979582,31.288772638045494,488,3620.9659032,38.05761916465118,4136.8010888,3.653046427431126,71.06621843961344,47.0,157.0,5.216829889476369,-148.158,106.232,14.561208312359998,24.250924616869714,588.1073155108317,406,12013.2806088,813.9499428544204,14561.208312359999,3.144706412834921,70.90435376333829,84.0,144.0,6.10937530591871,-71.9887,51.2367,7.23167166379,11.27884485794494,127.21201924811328,449,6165.91620551,171.62324780483314,7231.67166379,3.2019477608039577,71.03279643715534,85.0,145.0,6.382630571364795,-38.5828,29.6281,4.23062563119,6.489610842103794,42.115046641580406,406,3535.74820894,55.846258928216024,4230.62563119,3.304575169457688,69.76537958639123,85.0,140.0,5.9453179764924515,-61.3888,50.2173,7.35047412605,10.923896168763285,119.33143939691873,458,6286.920022599999,151.78274075519124,7350.4741260499995,3.409236907115943,73.2150543443486,22.0,152.0,5.619679924781814,-19.5509,18.8093,3.22886585696,4.483073743795285,20.097950189611932,428,2617.3569101599996,23.34586605877987,3228.86585696,3.7567823971099075,67.66321182111558,22.0,146.0,4.361048048129715,-24.5942,26.3372,4.23317429635,5.959980150710341,35.52121206762048,420,3498.42531296,41.603795437288134,4233.17429635,3.751366143525197,69.58355115730345,22.0,149.0,4.419008005733207,-98.0658,79.089,11.394119914900001,16.702121352394965,278.96078857279576,416,9537.3753888,347.3473622180687,11394.1199149,3.36890541351979,73.26032925543893,84.0,152.0,5.87145775862406,-35.5107,42.2777,5.9654500802,8.311729024236705,69.08470134065031,465,5032.8947536,82.62343372697022,5965.4500802,3.599154673880687,70.35204462517618,76.0,150.0,5.086510866357618,-174.704,-117.608,146.057424,146.339163039509,82.379533588224,471,2298.9680000000003,86.57995893221309,146057.424,4.244939805786861,17.634993020561623,8.0,82.0,1.193829432746127,-883.768,-741.272,840.960152,841.0753477160914,193.76328388089595,453,3395.5040000000004,159.41244597606453,840960.152,3.399388722544915,33.95146509029784,1.0,150.0,1.0507596048318844,-633.424,-489.464,517.391752,517.7840510876788,406.0985231384961,520,3578.9919999999984,296.9025734765339,517391.752,3.7754592987000892,21.06476652920027,1.0,151.0,1.2233362512217267,-39340,34440,8497.86,11278.408167822266,119926631.93560001,161,806960,126574408.07877761,8497860,3.963426663674906,5.36493125176526,2.0,12.0,3.4880808900176654,-18060,23520,4254.04,5934.051567015575,35045392.3904,174,771120,43856632.982817456,4254040,3.90959595571023,11.96070513555363,2.0,54.0,3.963565151798801,-12320,15540,3467.1,4453.842071739859,19678512.092400003,109,463400,23085855.114692483,3467100,4.230352781067683,8.651747556534438,4.0,17.0,3.4891223688875472
0,10,-128.302,71.2923,9.47468239616,16.109808454562007,259.52557539927784,423,7752.534874799999,331.46825145922185,9474.68239616,2.8801300036499824,62.66416790481438,39.0,138.0,7.9642163568783575,-112.827,55.1853,9.9551414527,15.141510396737742,229.26509023788952,441,8214.7234416,285.43860712823346,9955.1414527,3.241961737533121,63.29039979716789,39.0,145.0,7.451502329933263,-43.6956,27.9589,5.083144389358,7.2452220008569,52.49320089889436,453,4277.137679003999,61.45959315200796,5083.144389358,3.4994547486987067,64.41880513594448,46.0,148.0,6.030953916226731,-104.765,64.4983,10.1104242053,14.880120880703602,221.41764267708996,425,8305.598549800001,269.9259185449931,10110.4242053,3.2659967822406304,66.1187690775816,46.0,140.0,7.040601406394369,-67.4973,48.9556,7.1082892286899995,10.3295243325266,106.69893022838143,480,6131.68486704,127.78815640661637,7108.28922869,3.3122271474517557,68.20249155011092,46.0,149.0,6.5344054408641075,-22.7147,19.1233,3.0987578807199996,4.236635929500974,17.94908196842728,397,2395.418243,20.547393748134493,3098.75788072,3.5673343248318887,61.818075483767345,39.0,135.0,5.361494444644321,-68.8703,49.6339,8.32907536734,12.664293292553058,160.38424764145253,439,6988.3808536,199.78105136404045,8329.07536734,3.4830182963268235,69.60537438004731,38.0,147.0,5.438147902062373,-23.9151,25.3076,4.10677519152,5.658765794918015,32.0215999405988,495,3442.33400062,38.48244658429152,4106.77519152,3.716366739567522,67.69649427179297,35.0,154.0,4.472282634974587,-173.027,98.8018,12.90925666667,22.061164076047337,486.69473975080376,403,10332.476449,622.3525072051707,12909.25666667,2.860763919553151,62.06613189636259,39.0,137.0,7.8430584806656745,-77.7678,41.9592,6.36661463846,10.295649933669928,106.00040750655855,481,5411.9702594400005,132.3179902902114,6366.61463846,3.078257781742468,63.723489681897334,46.0,145.0,7.553461947620759,-36.5185,25.2154,3.5254534723199997,5.632529855889335,31.725309633210813,415,2914.63625762,39.49139038574251,3525.45347232,3.1749782218268554,63.68390460457868,35.0,144.0,6.483498700289445,-72.1908,41.2834,6.999716896870001,10.449983136165235,109.20174049327683,415,5933.065695,132.06885812993582,6999.716896870001,3.292094036072479,65.26231918714011,39.0,147.0,6.908221674555869,-25.2307,21.6689,3.1076450690499997,4.303853826190711,18.523119767062234,403,2447.3447936000002,21.497556455402098,3107.6450690499996,3.401018102808344,61.49075949638253,45.0,144.0,5.862350585993621,-38.738,31.598,4.27876021442,6.227813653250033,38.785648687369225,439,3528.41670846,46.3706157946231,4278.76021442,3.2938045934160862,66.73135275949711,46.0,140.0,6.22016042175319,-101.054,70.3897,11.7286108415,18.292047271617314,334.5980412366572,429,9878.2926133,421.5689174781312,11728.6108415,3.4339291973547934,68.74952072172469,38.0,145.0,5.524477304232616,-42.0475,35.8347,5.87157972055,8.413036300591076,70.7788172602276,467,4921.62347646,86.71324655312813,5871.579720549999,3.5736959310627894,70.5996717985755,37.0,148.0,4.9978983208530625,-160.064,-106.384,130.37749599999998,130.68310987643355,79.78374374598401,470,2172.0879999999997,67.51899931845871,130377.49599999998,4.298873788061733,17.379822816646023,1.0,76.0,1.2248254587096017,-864.248,-759.328,829.575112,829.685842365815,183.73057245945571,478,3072.447999999998,96.53428545544799,829575.112,3.8834718672126534,37.14748175070305,1.0,202.0,1.0416569210529523,-604.632,-501.664,540.476592,540.8742261863695,429.9820527695362,477,2932.880000000004,181.36473508800339,540476.592,4.468420496463594,16.146849925021662,1.0,82.0,1.1178791126047507,-33740,26600,6558.86,8768.29846663536,76785676.5564,171,605080,72029451.79265289,6558860,4.061939469438654,4.858164751485979,1.0,11.0,3.8479529555689242,-15400,15820,3816.96,5091.251633930501,25918734.553600002,172,547400,23484891.325160146,3816960,4.24691697365104,7.291309924079616,1.0,28.0,3.107290925195695,-8960,12740,2808.4,3771.601039346553,14224855.153599998,122,409360,15535476.458288142,2808400,4.304627405335575,7.517898991064659,2.0,17.0,3.377875832330151
0,10,-99.3088,100.299,12.951362222559998,20.599801910578986,424.35133091423177,437,11260.616171520001,509.31714876626074,12951.36222256,3.3407527308410003,75.43224572367552,67.0,146.0,4.868930314737233,-106.617,85.4961,12.150677041221,19.009537973944994,361.36252034039455,475,10655.1650044,439.3181057510707,12150.677041221,3.2991356430164984,70.83247974820138,35.0,152.0,5.6086055403414985,-45.5201,32.4309,5.813694849673,8.46360166588685,71.63238812555012,459,5015.023929606,85.89265938548665,5813.694849673,3.5666584938326915,69.14923927484968,35.0,154.0,5.378336764532765,-148.533,75.2875,11.405574921200001,18.856987058447523,355.5857147501983,438,9584.6284906,434.52338139524846,11405.574921200001,2.9937403823249706,65.31270034855605,35.0,147.0,7.876815078655973,-89.8708,50.5043,8.168769375779998,12.965181433334175,168.095806883847,488,6951.6207252799995,205.71743410998505,8168.769375779999,3.181781387669047,64.70976579183015,36.0,151.0,6.931703999832765,-28.0318,16.9691,3.2831415861999997,4.701203454653126,22.1013136492803,429,2551.4277534000003,26.59925728103335,3283.1415862,3.538152706783745,60.806803316578595,35.0,145.0,5.962685995275288,-145.038,73.1419,9.88706674496,16.660256097314125,277.5631557327673,418,8566.42699972,334.85146312079854,9887.06674496,2.835742342440981,66.6655685239672,36.0,144.0,8.705628482108521,-50.2001,34.9144,4.672835843200001,7.043146595928504,49.605912856364185,492,4137.9834802000005,58.783718286360354,4672.8358432,3.1349668168400946,66.7703844217375,38.0,147.0,7.127510313219894,-134.487,134.597,17.3770839596,27.97080227846996,782.3647908660117,419,15038.0658806,942.3156939595821,17377.0839596,3.3309109417410014,75.03765671417982,67.0,145.0,4.812053607186081,-60.5438,61.7567,8.484010718,13.10789139890821,171.816534341988,472,7557.4746964,205.7585581110323,8484.010718,3.4675014910398976,75.29268063841593,67.0,150.0,4.71141376752205,-43.2854,32.6137,4.76755463696,7.323198870175223,53.629224123923464,439,4203.0596256399995,63.52743284252228,4767.55463696,3.322842852241661,75.47667814386226,76.0,149.0,5.910723000611932,-71.1918,55.5901,8.587176028730001,13.172056064877376,173.503016344396,470,7417.00822562,211.0293381122949,8587.17602873,3.4261457793488796,69.51717099382135,35.0,152.0,5.404759868114239,-27.0192,19.8892,3.3559855112000005,4.8783936248149535,23.79872161699069,441,2865.9221896,28.93733309995269,3355.9855112000005,3.529320017824717,66.7217650559667,36.0,152.0,5.5385444631940475,-44.296,30.4042,4.7259160834,7.289771083615078,53.140756056255256,428,3895.1543229999997,65.68062162209834,4725.9160833999995,3.3266522783178085,63.78567501277769,35.0,150.0,6.076459670943895,-217.642,107.639,13.5600184708,23.632810552932494,558.5093587108315,426,11818.8323458,675.5245938756018,13560.0184708,2.7108390364002672,66.78049832832629,36.0,143.0,9.20931513890521,-88.8576,46.0659,6.9699488088170005,10.984615941117577,120.6617868619137,461,5936.42423036,146.94365484202518,6969.948808817,3.0410960897691544,65.02984088819264,38.0,144.0,8.089276901105713,-219.6,-114.192,154.688192,154.99730442662542,95.72763529113595,508,2280.4239999999995,95.87028446307309,154688.19199999998,3.4335244360480193,21.92206205094942,10.0,113.0,1.4167988328078118,-1082.87,-573.4,837.209382,837.4119936862835,339.297860814076,476,3728.804,299.46704456839467,837209.382,1.7507145726350706,67.33068775345602,1.0,182.0,1.2931149878009407,-704.184,-439.688,521.512912,522.0319855563795,541.6765612162559,507,3385.256000000001,265.7958427390863,521512.912,3.1956086119596114,31.3614260527487,1.0,168.0,1.3489288386218015,-35700,37380,10038.0,12391.176893257558,130101336.2096,148,742420,86988013.30449282,10038000,4.140467647148476,8.305237819855746,1.0,33.0,3.016662607757595,-22960,17220,2907.1,3834.464291136377,13687898.9436,237,561820,12519214.86787066,2907100,3.3638932738587113,18.411247341174764,1.0,101.0,5.9877986223717325,-10640,7280,2993.76,3638.201093947392,12822492.1664,110,384020,13861894.509061897,2993760,4.497319612176864,8.21451500545453,2.0,20.0,2.924522236470377
0,10,-128.545,83.9341,9.783663239600001,16.60758853539747,275.8117862798582,433,8181.942850799999,352.9873275384758,9783.6632396,2.8661989673055706,62.73105968708801,28.0,135.0,7.740136367541787,-106.391,65.5874,9.5602380367,14.665840484002482,215.08677610441956,473,8005.4450482,261.50563734073904,9560.238036699999,3.1518288610250926,60.69333042450473,29.0,146.0,7.25434045979509,-47.0624,25.5825,5.108932080507,7.251641991853375,52.58626154125324,465,4069.2303263799995,64.22710486590039,5108.932080507,3.49526841391681,58.571860310113365,36.0,140.0,6.489895675058248,-65.719,47.0782,8.82079079956,12.552714675413126,157.56995088659315,445,7269.95663902,183.95207915556279,8820.79079956,3.6540538390899995,63.96925997854539,21.0,150.0,5.235441233179873,-43.4081,35.0396,6.63066811995,9.275503229528283,86.03475266490601,489,5590.89767276,97.04805816848233,6630.66811995,3.7621540437569623,63.59667309924784,36.0,155.0,4.679864685056831,-14.0837,16.8042,2.8731977325899996,3.9175390704601636,15.347086652011347,428,2226.92889702,17.712645055508148,2873.1977325899998,3.889755814934519,58.41086200833686,20.0,146.0,4.289478598110354,-66.8728,50.5566,7.6516115203999995,11.254030957624494,126.65283654380266,467,6695.4369406,146.8802897286228,7651.6115204,3.402889879438286,73.58249405550141,28.0,152.0,5.942119783729077,-25.6354,28.5892,4.0281160647380005,5.648903428373693,31.910107958551503,503,3645.409506304,35.97644062491507,4028.116064738,3.562780592614459,73.06487509204705,21.0,162.0,5.061017658117546,-164.96,113.966,12.78026826074,22.091388747257017,488.0294532736312,421,10697.65148732,619.978003639377,12780.26826074,2.8224347839258357,63.354674438838224,29.0,136.0,7.4671629695748445,-82.0645,51.2191,6.725037369059999,10.95482401029422,120.00816407368463,472,5737.2579991600005,153.71055614968128,6725.037369059999,3.015784747188212,62.063052048535056,28.0,135.0,7.491174657199806,-47.9455,25.9033,3.9550961098000004,6.287275549282891,39.52973531418579,438,3303.2519566,50.355630665660904,3955.0961098000002,3.076388622023166,63.375737720170605,28.0,136.0,7.625799064185843,-74.7884,48.3107,6.8643420144,10.497565741639168,110.19863941511876,462,5620.07649744,136.5051074931884,6864.3420144,3.17780679888863,59.63269909172092,28.0,145.0,7.124356430876896,-29.3801,15.9734,3.02415174729,4.307280116820055,18.552638593701047,428,2387.933937,23.047935788837787,3024.15174729,3.413137906465278,58.548704960361086,28.0,138.0,6.821033042469154,-24.9838,22.021,3.9701361814,5.650532695850764,31.928295523483207,434,3162.8163422000002,38.73272373793178,3970.1361814,3.7588543895132824,61.45978715326376,36.0,148.0,4.421494635071455,-100.496,62.0575,10.53650427116,15.49284984110934,240.02821993408224,420,9091.454935599999,281.37581719783606,10536.50427116,3.3768175078309173,73.08537919018006,21.0,150.0,6.486605177915036,-38.3708,33.3048,5.58842645585,7.978652063496394,63.65865865948036,478,4839.63454642,73.29236270579555,5588.42645585,3.6531093268861916,71.39164899351212,21.0,156.0,4.809183267378275,-190.32,-128.344,162.91050399999997,163.1956617064559,92.99168627398403,487,2295.5520000000006,84.85151266961819,162910.504,4.209654872471237,16.921556539160974,1.0,73.0,1.1662074715094652,-883.768,-775.432,834.189152,834.2745806533674,142.53460987289586,481,3400.8719999999994,145.39018090191456,834189.152,3.600350062872716,27.998755988885588,3.0,124.0,1.0593250957111406,-607.56,-465.064,524.3779599999999,524.6326775050445,267.20137235040005,470,3412.096000000001,261.02053894433783,524377.96,3.704219616860591,20.685774722876904,1.0,104.0,1.158067398487884,-17080,32060,7130.34,9182.092942243615,74436781.51,194,717640,90364478.95160964,7130340,4.202077115101942,5.736261985193521,2.0,16.0,3.4915786849099617,-18060,10500,3783.22,5175.023826032108,24772359.071600005,229,596260,23107250.40864881,3783220,4.283332375069275,9.144209130846942,3.0,33.0,3.4898390050210266,-11900,13020,3242.96,4165.521143866635,17323436.4016,143,365540,16352971.588534521,3242960,4.256414056703395,6.744723290695477,1.0,16.0,3.125659323364811
0,10,-149.827,97.6428,12.643167897,21.262512772256336,452.0921626809441,425,10929.5804704,541.5474045799018,12643.167897,2.9965233024120903,70.38642160038901,47.0,135.0,7.046533098171569,-126.524,69.1926,11.3366814341,17.72186444173102,314.0633733977614,484,9924.7547816,375.96095736601444,11336.6814341,3.2035660169008304,70.06943216943358,32.0,150.0,7.1394293989781525,-47.4721,35.379,5.602318393429999,8.184339220497577,66.98338816159193,487,4813.7624252000005,78.15755165999065,5602.31839343,3.422670627368745,66.35244980240073,32.0,153.0,5.800358308842662,-76.0578,62.3574,9.6722431595,14.218883396534377,202.17609558414878,464,8980.5247174,243.1296794616448,9672.2431595,3.4964313123587036,75.81264091083607,32.0,156.0,5.3490698164483055,-54.704,41.4033,7.1511687640299995,10.237339280966816,104.80296134347505,494,6756.86536798,124.35617663363533,7151.16876403,3.585525190830532,73.39562211663969,37.0,164.0,5.34357595256272,-17.5731,20.1264,2.9469987671099998,4.004297699740366,16.034363771215066,422,2474.445037,18.629834856928284,2946.99876711,3.652197023191495,65.70921786792407,21.0,152.0,5.026199725685973,-61.861,57.2754,8.468633230390001,12.547432243586648,157.4380248164807,454,7895.187267220001,191.18155670150395,8468.633230390002,3.506613410883505,75.53960759627823,88.0,148.0,4.9301720701953915,-31.4209,25.1226,4.4494917792,6.095237024754873,37.15190011300987,483,4037.0221491999996,41.47483339128774,4449.4917792,3.6511500983255374,70.03502267889466,21.0,148.0,5.154992311601472,-211.548,128.394,16.99689617435,29.123209522759538,848.1579995679496,425,14638.9400676,1021.6144298161591,16996.89617435,2.9794337220051603,70.5061912458906,32.0,134.0,7.263897196312689,-88.7265,68.4247,8.189625377909,13.239894071011284,175.29396733301792,464,7312.760377082001,206.24306706871667,8189.625377909,3.049960067892255,71.19277050175873,47.0,139.0,6.7014508971236,-46.6682,41.6193,4.7720894531,7.501954659170837,56.279146474541236,441,4137.7212676,65.00436063517729,4772.0894531,3.0914289685311944,71.45601051716169,88.0,139.0,6.220805392758541,-80.4267,43.5037,7.8257684979099995,11.915309048349409,141.9731405842851,456,6884.9073872,168.73404972310686,7825.7684979099995,3.3314917348707183,70.73639360199793,32.0,153.0,6.749862691235966,-24.5447,22.5022,3.4196881348999995,4.771363613051621,22.765699126362698,439,2790.3519428,25.611824423483103,3419.6881348999996,3.556161610149615,66.30081105749697,32.0,147.0,5.144168835269703,-31.0483,31.5069,4.264101462849999,6.136433059661418,37.6558037871846,438,3812.1085069,45.15897598053951,4264.10146285,3.455687283658226,69.1509004251794,37.0,155.0,5.134399690125262,-96.3242,75.9765,11.858960767563001,17.83454483246662,318.0705134540809,434,11000.866933126,388.40435228402606,11858.960767563001,3.454978003641475,75.82129356789196,88.0,148.0,5.400990095617586,-42.6466,37.3252,6.126924942594,8.609786222168495,74.12805176305753,472,5592.7522556,86.45514248649951,6126.924942594,3.6348097455469848,73.46680710738677,37.0,148.0,4.953270487737948,-255.712,-119.072,185.74158399999996,186.07134117601237,122.60798021094396,521,2669.3599999999997,102.12710384422316,185741.58399999997,3.2700827666112806,26.553171083496256,1.0,125.0,1.3742685917339184,-942.816,-591.456,833.502536,833.7230910625037,367.71505238470377,457,4626.24,271.9945479786652,833502.536,2.5804261369116706,56.29622764612641,1.0,197.0,1.1308502908303373,-758.84,-215.696,516.832016,517.6238483744891,819.1156433917439,479,4819.487999999999,419.1134760378699,516832.016,2.383031662486495,78.86627814499002,1.0,231.0,1.4660066424354479,-17920,77000,8199.24,10258.039890739361,69698153.19039999,186,1124480,78854316.09210835,8199240,3.356084167455492,13.244861503734187,1.0,73.0,7.506307327729657,-21840,11620,3659.46,5119.7312820108045,19926699.679599997,249,846440,20881911.201749206,3659460,3.8255782393646136,15.924094879644315,1.0,92.0,4.265848888737421,-11060,15960,3207.96,4069.6918802287723,16541436.542399999,165,491960,15708843.637410766,3207960,4.134361530556982,9.889226328095535,1.0,48.0,3.921672812022032
1,0,-84.7581,49.4526,8.04637132984,12.221804000172352,149.37206012418085,423,7096.472992,186.93374695749083,8046.37132984,3.2767277254475284,72.62235890373896,87.0,154.0,6.934990939046703,-90.9732,65.5001,9.16331493047,13.756608640871312,189.24419781510232,429,7816.4417053199995,238.80811920727663,9163.31493047,3.253343294927248,68.6263321032441,34.0,152.0,6.613054305384236,-43.057,24.1009,4.468750286610001,6.277435144909114,39.40607481713116,443,3742.361076,48.42965707881537,4468.75028661,3.4312808096686287,67.45514888441642,42.0,146.0,6.859011523984991,-77.9949,63.4593,8.9029131664,13.641565001160911,186.09221603700385,423,7749.1840496,238.37249639924102,8902.9131664,3.3456405421609148,67.56023241879123,36.0,141.0,5.717445175341873,-52.8315,47.7374,6.594110781,9.816948780234684,96.37228155312863,425,5847.379704,122.53601154026984,6594.110781,3.391617098839373,68.97252366010574,42.0,141.0,5.38166197896135,-12.3036,14.4073,2.4964765040369996,3.3329028067358424,11.10822970628965,418,2074.27292471,13.63387520969209,2496.476504037,3.8894797125533187,62.852383935141404,21.0,138.0,4.322748317437474,-52.3994,46.5316,6.8610081329,10.53810604590061,111.05134493521933,437,6246.8955606,143.88006847049746,6861.0081329,3.456716540467739,72.1474928260371,88.0,147.0,4.972373571851054,-19.6753,18.7647,3.9392558866100003,5.143183479674075,26.451798162804756,431,3085.24055718,30.51811524024495,3939.2558866100003,4.0092937435844185,61.92682384048588,22.0,146.0,3.8255100324063935,-121.772,115.753,11.19140217284,19.192132157205275,368.33791728446937,427,10064.8707238,475.3616399831324,11191.40217284,2.850977423931507,76.42841059168774,88.0,153.0,6.344891698460054,-83.6119,85.0828,8.377011635610002,14.019833905333794,196.555591906472,417,7709.006195,254.93332481187622,8377.01163561,2.955714140473234,72.45758340970666,88.0,145.0,6.068745220129218,-73.336,86.4013,8.750071294780998,14.045840746456124,197.28550633819634,422,7888.636449338,253.97331222556872,8750.071294780999,3.107238227693588,70.27225083777199,36.0,141.0,6.1513797258309175,-44.5548,53.2989,5.7949114796400005,9.239697849648254,85.37200753820436,437,5307.345767,110.98329287451364,5794.911479640001,3.2250665837210204,75.28876763797517,88.0,150.0,5.7684678511461325,-62.5339,70.525,7.91140489958,12.329458606485604,152.01550014433218,438,7008.69278928,194.7540996626831,7911.40489958,3.2015260037215847,69.6038682328294,38.0,142.0,5.720040291380036,-41.9769,51.5833,6.1161737732,9.224843403894173,85.09766220728945,418,5187.5517224,108.57452853382256,6116.1737732,3.381338300744328,66.6521557897258,35.0,142.0,5.5917805583804965,-37.0372,47.6422,4.78745503415,7.406846701926204,54.86111882196765,428,4294.259797799999,65.95998668410911,4787.45503415,3.15829770501149,76.31300763173083,87.0,153.0,6.432183885702711,-39.3165,54.4813,6.1436182477,9.125457095801789,83.2738336209608,423,5148.0135418,102.29701690086713,6143.6182477,3.388762352236861,65.9004006263448,38.0,143.0,5.970254358553106,-25.864,94.672,21.151871999999997,30.88713878519666,582.375909021696,498,2298.968,419.54394222179906,21151.871999999996,4.112401767826633,6.337260507783992,1.0,15.0,3.0650945255367463,-900.848,-793.0,849.7085279999999,849.7899114661034,138.3110736412162,478,2675.216000000002,137.51313816505237,849708.5279999999,3.6554655385579062,21.522565742365657,1.0,140.0,1.0600831897919434,-563.152,-455.304,521.204008,521.5122861105843,321.44660902393593,540,3712.703999999999,267.3110231507938,521204.00800000003,4.061613521592351,16.219750220235355,1.0,109.0,1.079844166663767,-28840,46480,8402.1,12333.659132633753,140206847.5836,197,714280,161282758.88512975,8402100,3.9761639676944904,4.8702120929271615,4.0,12.0,3.7685490980546152,-45360,41300,9111.06,13318.653340334375,177282752.6204,178,501480,168813025.30601135,9111060,3.879282670970082,2.65943600350559,1.0,11.0,3.405749728662973,-17780,20860,4935.0,6670.188303189048,43811908.537599996,98,281820,45691135.12345002,4935000,4.222239031524152,2.7425494902312377,1.0,10.0,3.1273479925636787
1,0,-65.2459,50.7612,7.0415583684600005,10.98313812226785,120.62867584038639,425,6479.8351244,128.70004921092843,7041.558368460001,3.2586639616723163,80.48413664308346,92.0,150.0,5.940551714242462,-75.5998,52.9372,7.99417899678,12.216491723554881,149.24144741146458,423,7113.6549816,146.19162821304823,7994.17899678,3.3212834849954476,71.42895040445302,31.0,150.0,6.188339640441486,-23.3641,25.4209,3.7804973623500002,5.501828424687328,30.269668891995675,414,3369.2216273999998,34.19128068519414,3780.49736235,3.6377531070704197,67.5860105862448,67.0,145.0,4.620445793244577,-83.1982,60.8181,8.2716646315,12.743088978971503,162.38490940280784,409,7114.160222,163.89956317951535,8271.6646315,3.1967290244413684,70.40907769325693,40.0,147.0,6.5288879436761915,-45.7915,37.1377,6.13033643444,8.976954445670142,80.5850906079419,408,5506.244532000001,86.6394827481292,6130.336434440001,3.5794721326156127,73.33627821570765,40.0,150.0,5.101006168309858,-10.935,13.9011,2.5192923382899997,3.243908182442493,10.522354279557604,388,2067.4706835999996,11.43799930576595,2519.29233829,3.975071646072708,63.10714537420248,27.0,139.0,4.285293916529167,-60.4445,43.4337,7.11476101378,10.890283937502296,118.59766503705376,407,6650.7752744,126.2468540727364,7114.76101378,3.4541117430470103,77.54865689447287,40.0,150.0,5.550314422184206,-21.4669,17.2151,3.52085532544,4.709360177891686,22.177682119207667,431,2974.33781942,25.15352523476573,3520.85532544,3.8484089030526336,67.30276971522176,23.0,144.0,4.558347458913289,-101.383,98.7838,10.24625875876,17.617305411511403,310.36943906768056,414,10091.619264680001,330.2565015641619,10246.25875876,2.95591353080519,90.24526990149228,94.0,153.0,5.754739310686802,-61.4722,82.2453,8.141379179940001,13.339094054753744,177.9312448459833,433,7742.984102080001,185.3240175677011,8141.3791799400005,3.1462132722938754,82.43472050281271,40.0,153.0,6.165733569491526,-64.1548,84.5707,8.484879962920001,13.411210197924243,179.85983266100263,401,7830.9138081,184.56496358005603,8484.87996292,3.1839114432649733,77.35607615671731,40.0,150.0,6.305970807398848,-44.5521,60.8751,5.89333669743,9.580958141437343,91.7947486721637,425,5443.559378400001,92.85364311109167,5893.33669743,3.145871021581333,78.83422987160183,40.0,149.0,6.353759102309101,-62.2615,83.4116,7.839145590510001,12.217448259072885,149.26495066685032,397,6918.18888762,146.43481630087177,7839.145590510001,3.1250967585904137,72.95225646342791,40.0,149.0,6.8272521586540895,-47.1922,68.3933,6.065986551810001,9.273962424973782,86.00636420624433,407,4978.1405822,81.0407436112007,6065.9865518100005,3.0470925210661273,66.60357732630155,31.0,145.0,7.374765700562277,-48.2924,45.4963,5.04557001465,7.740033158474765,59.90811223312895,410,4490.6387677,55.666034900234536,5045.57001465,3.0985738268160685,76.98554259382104,40.0,157.0,6.23930143595359,-40.7018,54.7741,5.629650440269999,8.52576669123797,72.6886401816026,421,4492.78628722,72.04875985123158,5629.650440269999,3.23225209228985,60.64809356866442,31.0,145.0,6.424536582298455,21.472,107.848,49.775512,52.266055297716896,254.138941521856,513,2158.424,161.90183565300524,49775.512,4.345773686011675,7.874417366514978,1.0,19.0,2.0634425036609,-903.776,-830.576,856.09596,856.1944010996755,168.5597461104003,474,2281.4000000000015,151.51086001875018,856095.96,4.225657358254858,11.252165175205645,1.0,51.0,1.0555733590866885,-557.296,-443.104,507.53610399999997,508.01297677869604,484.2877120531837,568,3245.2,375.3188470192655,507536.104,4.0332021002830984,9.680825568271059,1.0,55.0,1.0970113470994522,-56280,42280,10767.26,15393.388671764253,225024778.99160004,129,557900,232352998.57441357,10767260,3.797108521427385,3.1903089416117623,2.0,8.0,3.6561150504328617,-47880,34720,7639.8,12130.944662308868,147091425.68960005,133,462560,185518170.64363325,7639800,3.5034426119905087,3.3448760818133447,3.0,8.0,3.9469308724789003,-12880,13580,3875.48,5061.320460117103,24867424.4224,118,270340,26327366.106072284,3875480,4.3928535697927655,4.37812467540006,1.0,13.0,2.6830942847838966
1,0,-64.5464,66.4194,8.76821224999,13.457954911776003,181.11654978242942,420,8245.96100712,230.65202209650474,8768.21224999,3.402841568427063,76.68660532411587,50.0,152.0,4.935326387658022,-77.6124,76.6503,10.036376576023999,15.012228044421313,225.36687727683108,450,9248.3160378,290.56754779963745,10036.376576023998,3.3856249382875414,72.37934622000269,50.0,157.0,5.1699454451627185,-29.9467,33.4112,4.65295507,6.79639315219231,46.19094470540088,434,4111.3383144399995,59.933918189869644,4652.95507,3.5470203291451248,66.74524352724978,50.0,149.0,4.916019313747698,-66.5395,59.5648,9.11467776488,13.68825140360812,187.36811662183916,444,8315.669512200002,246.2028315570481,9114.67776488,3.5133236193637725,72.15088148638101,83.0,154.0,4.861066475040098,-40.417,40.84,6.89661264642,10.06308009331603,101.26551233442184,440,6396.5350294,132.2137805193932,6896.612646420001,3.748523078984007,72.95045013606466,83.0,154.0,4.058399577593169,-17.1558,17.1578,2.4970560765989998,3.386761689812132,11.470148610415926,457,2038.829371798,14.010843003085435,2497.056076599,3.542660038768106,63.30873019579827,23.0,142.0,5.066137381798412,-47.322,49.0092,7.710290614272999,11.765567166477393,138.42847246415033,423,7290.739927545999,179.31640893010743,7710.290614272999,3.6556252140453362,74.61818327124358,51.0,154.0,4.165477048963492,-28.5243,21.6023,3.802708189951,5.231711285906968,27.370787518367738,428,3156.0752228,33.08821580251093,3802.708189951,3.6004633181233374,65.04371951004833,24.0,149.0,5.452193066700361,-106.483,99.1932,11.8407032244,19.867118535482547,394.7023033820264,409,11628.1012654,500.32414336376496,11840.7032244,3.1052550085679633,82.82954991245813,50.0,149.0,5.359760642179793,-64.4906,66.4454,8.800016357199999,14.24707515025176,202.97907841598183,415,8678.6526606,265.9042043610805,8800.016357199998,3.3671626355588735,79.70401130002311,51.0,154.0,4.6637923432885,-52.837,66.8734,9.099080561980001,14.279242862854566,203.896723935522,431,8833.284669679999,268.3955507611294,9099.080561980001,3.5759989247036974,76.85738599275884,83.0,154.0,4.683259514687695,-46.7752,45.3682,6.544955514400001,10.200874900879747,104.05770728802757,403,5968.4073708,134.6910485915218,6544.9555144000005,3.478344562117176,76.58133806779193,51.0,152.0,4.585410609825829,-50.5009,58.9976,8.439226135470001,12.759165905881115,162.7962838484166,437,7920.21190814,213.33808985287786,8439.22613547,3.6076119489761593,75.28192249854389,83.0,155.0,4.623938620690407,-40.4299,48.4859,6.1928510676999995,9.292587065200983,86.35211400584379,431,5736.677933,112.00812002996153,6192.8510676999995,3.469346725150381,74.29902889493084,83.0,155.0,5.217696606962201,-41.8168,36.2482,5.32768200101,8.252677500537777,68.10663759419124,424,4667.58755938,85.67363870214763,5327.68200101,3.4291226079074377,73.31425920621136,51.0,155.0,5.067058539155935,-39.2669,43.0154,5.80928661708,8.555919315194943,73.20369341303079,452,5401.4688058,94.32287195001827,5809.28661708,3.5062146516857573,73.1720242513415,83.0,155.0,5.027560267381964,-7.32,89.792,29.017944,36.46914800957105,493.047839093184,494,2260.9039999999995,321.5255195482479,29017.944,4.5119569471695335,6.01660784861804,1.0,13.0,2.462135939573767,-890.112,-817.888,848.120088,848.197011344473,130.48638456825626,491,2562.976000000002,113.14724318306475,848120.088,4.0593867495098825,18.3531147778324,1.0,97.0,1.0494165719696273,-563.152,-438.224,522.866136,523.2439181262062,395.20168049350383,547,3574.1119999999983,304.1693031596493,522866.136,4.088907971562147,11.967389448507207,1.0,74.0,1.0762705126448657,-33180,42840,11891.32,16041.716591437464,250742663.50560004,156,814800,275210221.2442151,11891320,4.41083101000022,4.104308945764446,3.0,9.0,2.6705371433171043,-39620,38360,9390.22,13399.355312849944,179477442.55,147,522900,169453371.94445255,9390220,4.093202903147572,2.438262068189788,1.0,7.0,2.9568586752830215,-23660,18900,4751.74,6537.0661003236,42629459.020399995,67,330680,50547723.689894795,4751740,4.06494577180784,3.5922323133130933,1.0,11.0,3.6193606790711166
1,0,-45.301,42.7676,7.8927385432,11.413463925172412,130.26701153682407,421,6844.07398764,158.5212170350855,7892.7385432,3.84147744504313,70.06199017143608,47.0,150.0,3.9690842584685075,-46.6499,46.8628,9.04734366968,12.863313219163672,165.4639796437553,422,7896.2517192000005,198.42507436598456,9047.34366968,3.9443674606451964,69.54136452658194,54.0,148.0,3.6431360413570695,-26.1112,32.4915,5.0730065816000005,7.137036029698859,50.93698234385975,434,4317.1518854,63.171504731079224,5073.006581600001,3.8045339321356453,67.20735861734917,52.0,142.0,4.552520102854372,-51.8326,46.8384,8.8124921416,12.295734900784433,151.1847651017471,422,7852.071911200001,178.79476975317147,8812.4921416,3.8390112590939642,72.82390736269144,28.0,154.0,4.21549426839816,-33.671,31.7247,6.9016370912500005,9.574043852120193,91.66198545948076,426,6353.011144,111.64785689285843,6901.637091250001,4.080137440431512,74.76559384814804,51.0,150.0,3.5169047186412756,-12.8307,14.4724,2.87772009267,3.77826586434576,14.275202490815724,411,2418.77090516,16.721881546272282,2877.72009267,4.058154601193209,63.888600994405685,28.0,140.0,3.830434521977723,-42.8545,34.1658,7.127425424999999,9.914014486784566,98.28730484500934,437,6778.9516576000005,120.67263775468965,7127.425424999999,3.8796103210382338,75.57218038599767,51.0,156.0,4.322618254908269,-24.3431,16.4764,3.9051248047700002,5.101778004559137,26.027790340715807,439,3228.29073306,31.972082336750532,3905.12480477,3.9126601975120594,59.993426190674114,31.0,150.0,4.77149338490348,-91.8347,56.466,8.730643346619999,13.62308737880235,185.58849272502772,424,7937.271433,214.79448285171145,8730.64334662,3.21771842907876,81.41779787812087,47.0,158.0,6.741107756740638,-52.4483,50.0662,7.390638002129999,10.649062763318275,113.40253630224132,448,6934.5514742,130.16739387636528,7390.638002129999,3.545670447322242,80.66670911496598,73.0,161.0,4.925156435424837,-47.2534,54.3782,8.0884419791,11.372413025157346,129.33171329450855,450,7525.012408799999,150.77184788713052,8088.4419791,3.684247010153929,78.37349552812528,73.0,158.0,4.781588558180918,-36.4419,35.0634,5.39205899865,7.682295377318127,59.017657709587425,450,4691.8793092,68.37337698419948,5392.05899865,3.5944679248346807,74.5558393612936,22.0,160.0,4.743621301986671,-43.6373,44.6323,7.70226913353,10.636247246339742,113.12968560760879,434,6967.72955612,132.93056185747005,7702.26913353,3.807373505815617,75.1085961863194,73.0,158.0,4.196245063347821,-34.633,32.6834,5.9500177155000005,8.151160242646736,66.4414096613586,435,5116.1621792,78.33365464528924,5950.0177155,3.8193629660510915,70.87790200997331,73.0,156.0,4.248842982965876,-32.9479,26.2026,4.5570443148479995,6.475247301789717,41.92882759452461,420,3877.86869062,47.66004190118229,4557.044314848,3.622932373785177,69.18902439868836,31.0,157.0,5.088284425969864,-33.0724,34.7555,6.2946674452,8.737808591546134,76.34908683442849,424,5127.3329586,88.04314061353969,6294.6674452,3.8906028407502933,64.18032611757721,28.0,151.0,3.9775991469561474,24.888,136.64,70.07826399999999,74.31773293291447,612.162343034304,490,2201.3679999999995,362.1924955053338,70078.264,4.357145356618602,5.043415616480732,1.0,16.0,1.8385921449372375,-821.792,-701.256,771.2620400000001,771.4006642421823,213.85044831839986,470,2666.920000000002,149.3977361596708,771262.04,3.7650957828305187,17.372909361092812,1.0,86.0,1.0653244650849787,-708.576,-544.608,628.069176,628.3411280519523,341.6833602810241,555,3959.1439999999984,231.95561710208165,628069.176,3.60656195236836,24.675379766219528,1.0,143.0,1.1276931723326789,-40320,46200,7930.02,11398.095507583712,129511347.10360001,174,683060,138919367.5104866,7930020,3.759054958947512,4.720451502259453,1.0,12.0,4.053308727695857,-57260,44100,11043.34,15814.069950521909,249658268.79000002,156,592060,257660806.571416,11043340,3.8870301758838157,2.5709329577470883,1.0,8.0,3.6208262755351135,-18060,11480,3941.7,5535.096132859844,30254202.476400003,95,282240,31470824.398044266,3941700,4.287491966882721,3.2664245675914017,1.0,13.0,3.2628159595610953
1,0,-66.4353,60.3848,8.45071286662,12.59465023450128,158.62517212690526,415,7591.8176445,196.9422720714316,8450.71286662,3.4314132061194496,75.56649450276531,85.0,149.0,5.274882490822159,-101.888,49.595,9.506190104599998,14.02660723944728,196.74566887092286,391,8588.1346652,230.6110277464694,9506.190104599998,3.327982573726579,74.71339993693186,85.0,152.0,7.263909102228125,-34.0467,25.5373,4.421225300330001,6.339533879040737,40.18964953868292,415,3908.9206630999997,49.60959589799602,4421.22530033,3.581993153275524,70.24798489083784,41.0,144.0,5.370536801224849,-102.374,56.4252,8.52529228467,12.688050206185734,160.98661636568818,413,7503.32366426,175.3403283920453,8525.29228467,3.1053177483423107,72.31281252274391,56.0,160.0,8.068536799301928,-61.4177,38.4181,6.60141755417,9.528446068875978,90.79112654441217,417,5859.7412334,103.99599592230327,6601.417554170001,3.4200869401746603,72.0219073990888,56.0,159.0,6.445720483281818,-11.8765,13.9262,2.453172119672,3.2804916792794154,10.761624610243747,443,1966.857186,12.551626580467413,2453.172119672,3.910186861227236,63.943228819699605,39.0,146.0,4.245156324572356,-74.4587,42.5168,7.155446464600001,10.643557410872225,113.28530109470994,431,6815.733264799999,125.24230510385036,7155.446464600001,3.301023999972247,76.79991471601915,45.0,160.0,6.995659169737894,-20.404,20.3483,3.615414023767,4.827853628357727,23.30791780391864,441,3092.9612348,27.0997227199055,3615.414023767,3.814860082389181,66.45425073892912,40.0,149.0,4.226308743113397,-73.6538,87.2901,10.8290616949,17.4876571793476,305.8180498225711,424,10049.6975724,368.8378324131902,10829.0616949,3.345763051927762,80.31328048781482,41.0,153.0,4.991526257907605,-56.4857,83.1717,8.10025323622,12.606583881874075,158.92579137223274,422,7617.533604959999,176.02365847912228,8100.25323622,3.2148884793286028,78.23356638257086,40.0,165.0,6.597481187555135,-61.4277,96.5097,8.40748569695,12.920936061250762,166.950128991039,409,7831.626211,179.27152712465016,8407.48569695,3.0965735896990503,76.26293047184505,79.0,166.0,7.469249870326944,-39.1869,63.3374,5.844599126572,9.025436296317588,81.45838808786395,419,5343.7163032,87.41125450691861,5844.5991265719995,3.1798718821472534,76.94017540491112,45.0,157.0,7.0176552047508105,-54.7178,93.0919,7.785287824056999,11.816572981978226,139.63136236358577,429,7062.2559852859995,147.62719320076184,7785.287824056999,3.0820898222084074,74.77776031684594,45.0,162.0,7.878079384096977,-40.4146,76.6031,5.901210700099999,9.092381146641033,82.67139020187798,439,5183.996211,86.34746848814927,5901.2107000999995,3.007633976126724,71.73319349418581,45.0,158.0,8.424976776110977,-55.568,39.7926,5.26194934496,8.042936434373583,64.68878776141806,421,4729.8148672,70.13700429822649,5261.9493449599995,3.1556861443993034,73.57916443071898,25.0,154.0,6.9089194541580214,-38.9545,69.4582,5.6454278675,8.47620301802459,71.84601741738112,407,5005.324106399999,83.20439070937621,5645.4278675,3.0744533770599207,72.0338861660692,56.0,156.0,8.194494616551491,-25.376,84.912,29.275608000000002,35.904302771450666,452.28097936889594,503,2161.8399999999997,294.09832016225647,29275.608,4.2570358029815685,7.167950661282181,1.0,17.0,2.3649533188406,-905.24,-806.664,846.1510079999999,846.2400092263186,150.62487594393613,488,2471.232,146.6855133781247,846151.0079999999,3.793150635604973,14.618432874565789,1.0,47.0,1.069720162283065,-569.496,-449.448,525.8361040000001,526.1720041820546,353.3697150611839,532,3507.2560000000008,315.11088309437963,525836.104,4.078931867295852,14.318940360971421,1.0,90.0,1.082338086164986,-42840,47460,11493.44,14780.603018821661,206940200.6,170,684040,219974870.09746918,11493440,3.9109190584694646,4.22234416041769,4.0,9.0,3.2109650695282395,-40320,33740,8379.7,11838.816714520079,140155875.51,178,447300,139118124.84900436,8379700,3.9511024961049075,2.8410643587818374,1.0,10.0,3.405745774452974,-21700,11620,4017.02,5367.164353734661,28768529.5324,99,248220,27799008.649049416,4017020,4.147511767657232,3.3696710331137445,1.0,12.0,4.0431033167263415
2,10,-97.9319,75.7042,10.699733552331999,16.806696333870747,282.46503157867585,394,8448.038090336,341.7391226201299,10699.733552332,3.289847135489509,63.12743338383755,42.0,131.0,5.826957187453706,-95.832,68.2134,10.174393158300001,15.239161055168708,232.2320180628827,417,8634.6847468,280.2953079441009,10174.393158300001,3.315658958675937,69.52037719439821,42.0,152.0,6.288535153153749,-39.4046,29.5109,4.66559831217,6.754079677366124,45.61759145218336,415,3805.0322202,54.28189857223706,4665.59831217,3.434063080513363,65.56121023413213,42.0,150.0,5.834192352223855,-115.256,79.8961,10.146992887709999,15.488634719255497,239.89778434379352,425,8781.431236999999,290.7857076576352,10146.99288771,3.0825291983321446,69.13797081034484,42.0,150.0,7.441327275716144,-74.2878,55.5375,7.17972797107,10.746999843892898,115.4980056405346,421,6178.31524436,139.4617695315241,7179.72797107,3.1546150509556554,68.80699614288302,42.0,151.0,6.912422171683093,-18.9406,15.6539,2.5174022899,3.5640535404078677,12.702427859775973,447,2101.6729151,15.094863360557483,2517.4022899,3.5484465291499108,66.864176506827,42.0,150.0,5.314342162725326,-89.3715,65.115,9.21199838691,14.44138485614808,208.55358923523139,413,7676.827632500001,258.1342049043925,9211.99838691,3.233458837252183,65.51959573282778,42.0,139.0,6.1885685403607384,-29.407,18.6566,3.6112269610900003,5.271735803236837,27.791102317111392,439,3007.73735622,34.40195771433892,3611.2269610900003,3.571289232281182,65.40125775943244,35.0,145.0,5.57823857218796,-127.257,104.826,14.3753910435,22.810378029358237,520.3133260436011,384,11551.212236799998,629.7377403285449,14375.3910435,3.284977790149338,64.1969566236427,42.0,133.0,5.578907979351026,-65.6382,49.4873,7.3731660435699995,11.303718410320723,127.77404924963912,398,5689.5498012,153.3212083227111,7373.16604357,3.345737173551565,61.682678543916175,42.0,130.0,5.80677947002553,-38.3936,31.4897,4.813213198641001,7.270305967441402,52.85734721726872,402,3681.0021648220004,62.75530745430805,4813.213198641,3.4657762854932708,59.326140505701744,22.0,129.0,5.280878160002892,-66.6228,49.4032,7.369949588600001,10.83691334877164,117.43869065148753,415,6191.816760199999,141.06031385950138,7369.9495886,3.3587852061705994,68.49525058873209,42.0,153.0,6.147765314332025,-16.935,14.3911,2.50578281167,3.5879481683415992,12.873371134466154,415,1928.3244379799999,15.003444932844229,2505.7828116700002,3.680176057477809,60.5905599364413,23.0,144.0,4.719967849431781,-40.7187,32.4298,4.513025608606,6.574736285439931,43.22714854483822,433,3826.1484744,51.77595405876807,4513.025608606,3.3127521623108303,67.88103871999365,42.0,152.0,6.1932065762353865,-139.63,93.1865,13.01326834286,20.903192939092857,436.9434723949895,395,10868.7016114,541.1211999481507,13013.26834286,3.1414598421587083,65.35300435163319,42.0,138.0,6.679840750016038,-55.252,40.8926,6.26252389258,9.551404142017752,91.22928954600634,427,5228.318041160001,112.91685245081034,6262.52389258,3.399092016376244,65.54041360047755,42.0,141.0,5.784699210552713,-32.208,56.12,20.536016,22.888188464795547,148.07884986265603,460,2467.328,156.79419997379102,20536.016,4.0201411629379935,13.830302857570805,10.0,41.0,2.451919691517679,-963.8,-790.072,851.964064,852.0668090340897,175.08071013990423,437,3243.736000000002,198.54651537382944,851964.064,3.0095729272856557,26.9284111988154,3.0,97.0,1.1311319602890904,-661.728,-438.712,519.531144,519.8615641828967,343.4363287392639,487,3859.103999999998,348.49665244775287,519531.14400000003,3.1654721599508338,29.326536348955873,1.0,112.0,1.2728927191224164,-39340,54600,12542.88,16129.47041908072,237863287.51359996,137,1026760,255084785.17245123,12542880,4.152468106576677,5.3185205947852205,2.0,15.0,3.3851080402125104,-13860,22120,3889.2,5529.053589901259,29311010.9824,162,576800,28269625.84409197,3889200,3.9904136155595755,9.28131459187999,2.0,32.0,4.000684681443833,-12600,13720,3769.36,4976.254655863182,24282473.2416,104,433860,26596836.049228743,3769360,4.403032190115686,6.487647388839351,3.0,15.0,2.757093627400008
2,10,-76.8483,66.2342,9.39132089209,14.92240150610202,222.678009398322,407,7662.0668032,289.07950097136603,9391.32089209,3.3612989796372776,63.505245392103554,72.0,133.0,5.14986143273088,-68.0221,53.4837,8.605559731061,12.839555863776205,164.85419204873392,422,7385.9044866780005,210.61067812509768,8605.559731061,3.5006417294182848,67.76502701235734,85.0,148.0,5.2978545926116025,-22.3688,28.6923,4.015848540946,5.683788478073988,32.30542564216192,405,3306.4779847,39.75096824646346,4015.848540946,3.646628082804567,61.16294504477357,19.0,147.0,5.048094261544843,-80.3885,48.6752,8.173082803507999,11.743590464416124,137.9118284195195,424,7044.650155384001,172.12526978417134,8173.082803507999,3.3508779259638484,67.80430670640395,70.0,153.0,6.845308531797205,-51.3991,34.9992,5.8887579810999995,8.222380343200813,67.60743621486064,426,4973.8799796,83.16600697524837,5888.7579811,3.4550419492817532,65.79281337912603,29.0,153.0,6.2511216770095706,-13.1004,10.3011,2.21139134788,2.971182181768392,8.827872863147338,441,1786.5653052799998,10.170111153344635,2211.39134788,3.9090479757130514,61.12034235102559,29.0,154.0,4.409154066817568,-63.5358,47.7603,7.460673057,10.657360680840698,113.57916548644343,439,5985.1695285999995,141.93032174605105,7460.673057,3.443652744157655,60.713620546386295,35.0,145.0,5.961682437399503,-25.3458,29.2289,3.30723682654,4.683322354173469,21.933449167236287,412,2668.1351038000003,26.984523984784406,3307.23682654,3.2907844876440655,57.59038743535584,26.0,144.0,6.241060894292943,-119.169,91.1119,12.80812667791,20.625806973007197,425.4238516757942,405,10385.2850606,553.8336807423403,12808.12667791,3.2293999094446675,64.08421916197754,72.0,131.0,5.7776648523839755,-48.2479,43.52,6.38644099698,9.901845701826614,98.04650956520891,411,5188.9882852,125.71896246046224,6386.44099698,3.448401563845515,61.93910520949013,42.0,134.0,4.8726168285069935,-35.0993,26.7949,4.3039429274800005,6.444604462272011,41.532869786736065,406,3412.8338995000004,51.633767359434124,4303.94292748,3.4731587268771733,60.082283704158975,42.0,133.0,5.446307869703757,-40.7714,40.945,6.21091691474,9.027737107112596,81.500015654047,438,5275.0140788,103.16432002679649,6210.916914740001,3.60325953213364,65.62325894493937,85.0,149.0,4.53546658638753,-13.2513,16.0524,2.22448106344,3.1335009668914586,9.818814077126007,418,1744.7630342,11.515187424059556,2224.48106344,3.6029845399233227,55.446440565652026,19.0,139.0,5.122832311082557,-28.373,21.0006,3.82518644881,5.239840927470685,27.455815605464196,430,3121.40608984,32.78272166166168,3825.18644881,3.636954228796639,62.67317261605178,29.0,154.0,5.414859037275371,-104.499,61.7385,10.32223984314,15.175070007293002,230.2824093800551,436,8252.67405206,289.0205941733857,10322.23984314,3.327662760697727,61.449974582920596,70.0,143.0,6.8862285280910545,-34.5725,38.2643,5.35074778073,7.466127097353177,55.742916124685294,429,4259.788031399999,68.98008982893187,5350.74778073,3.565374991304297,59.33351957296276,26.0,147.0,5.125053391277668,-17.08,55.144,21.801399999999997,23.635029488959812,100.81039769439998,469,2292.624,108.37050257180522,21801.399999999998,4.030534057015997,16.837564463546578,10.0,62.0,2.333147078397274,-930.128,-811.056,867.036432,867.119673029406,144.35293933337607,430,3088.552000000002,114.56360606255025,867036.432,3.5344919174255285,37.02381326983443,1.0,168.0,1.0726639343223128,-608.536,-441.64,494.50992,494.9319071924137,417.5317787135997,512,3849.343999999999,316.5580355447815,494509.92000000004,3.743246841130287,29.628797613142044,1.0,109.0,1.2295347928809541,-51520,30660,10317.58,14205.0687995518,200271325.59,148,964600,236033409.77417055,10317580,4.175057835626087,6.407360069838791,2.0,24.0,3.6268743732959297,-21000,12880,3433.08,4584.374766530328,20115511.359999992,187,550620,23057802.869397867,3433080,3.9593983926401575,9.438150396496555,1.0,32.0,4.580777329400972,-10500,22540,3420.9,4958.160828371746,24402342.588400003,108,404320,33250355.146235973,3420900,3.906827863141715,6.808581259957222,3.0,15.0,4.546040513857657
2,10,-111.919,81.4159,9.69338698788,15.263790514941245,232.9832981949355,376,8195.160178999999,292.27198897117745,9693.38698788,2.993119721426713,66.45655668921913,37.0,142.0,7.3323202313636315,-91.7578,63.5736,9.41431230736,14.192395497793038,201.4240739276834,406,7929.660589720001,245.0365137918261,9414.31230736,3.276658038650711,67.9829746434941,37.0,146.0,6.465279241567685,-33.1845,28.6621,4.646418163843,6.63738719106481,44.054899729565356,394,3733.1533703659998,54.99852784997421,4646.418163843,3.6050370324277603,62.84784731466998,37.0,142.0,4.999632994843615,-65.0834,62.2831,9.33097478731,13.747562413013648,188.99542863105313,403,8148.153266400001,232.8929910430764,9330.97478731,3.544244594021286,69.71539051469473,27.0,150.0,4.734177452316279,-45.3044,41.2622,6.7327847727600005,9.775452108339485,95.55941024690796,405,5807.594374079999,118.44620576773089,6732.78477276,3.628908581447715,68.11647454096183,39.0,150.0,4.634506874761383,-24.0515,24.3871,2.7079470757,4.1642129922929945,17.340632544728532,415,2201.083835,23.556280813695274,2707.9470757,3.13763070843453,59.93547166536233,41.0,133.0,5.856352699810251,-69.8922,53.8652,8.025034926350001,11.986008617392915,143.66415863915134,399,7002.872300700001,181.93104361568453,8025.03492635,3.386164181355579,68.82218919095574,27.0,149.0,5.8311488195143895,-32.5013,24.059,3.8524374626599998,5.709027200995935,32.59293901575028,411,3151.8744914,42.34123939912647,3852.4374626599997,3.4285564680754086,61.28126526041651,36.0,145.0,5.692966394402566,-150.325,110.374,12.947373207730001,20.74819117890472,430.48742629843895,392,11029.40549646,542.6629603346681,12947.373207730001,2.9709154508504145,66.65115421547647,37.0,141.0,7.2452098934214435,-75.7854,53.8123,7.0002356977,10.566500592841711,111.65093361003308,388,5770.7754122,140.00082459870058,7000.2356977,3.1162479361609146,64.80149168141536,37.0,142.0,7.172232598116818,-48.1908,34.4023,4.98086083166,7.356175170670651,54.11331025996066,380,3984.826536,68.97866201493312,4980.86083166,3.2768051456018554,61.26688051478626,37.0,140.0,6.551067488460381,-60.0265,41.0655,6.91974805037,10.05406260821233,101.08416259185122,404,5758.4679418,122.61710262850785,6919.74805037,3.4699266481566453,67.0299495616803,37.0,149.0,5.970372608478619,-21.7619,27.1365,2.79117115473,4.189203128973454,17.549415075611567,376,2162.5521166999997,23.404977056543963,2791.17115473,3.197417545753333,57.548211972804815,37.0,133.0,6.477723606267257,-28.6724,30.327,4.4599181657299996,6.4953097457385125,42.18899881887632,403,3729.7375346,54.118272192847556,4459.91816573,3.588000981329855,63.74967010387809,40.0,146.0,4.669061397710425,-99.1262,78.9897,10.98373659307,16.517196911620882,272.8175658618467,389,9632.67245654,346.0163455801793,10983.73659307,3.30962310759913,70.26593778330064,27.0,149.0,6.001393609968924,-47.3369,34.5721,5.834366120620001,8.65062503674427,74.83320666876246,397,4985.766374,95.66586485500481,5834.366120620001,3.4918800542068538,66.0702059973138,39.0,149.0,5.472078583793942,34.16,102.48,67.476736,68.21721262109732,100.47819657830402,463,2776.7200000000003,101.4354628024263,67476.736,4.133679483406063,22.50350536490816,10.0,129.0,1.5022601490508034,-986.248,-732.488,845.007136,845.2192458136291,358.51360283750415,423,4494.479999999997,270.0651963196294,845007.1359999999,3.1058627966157575,37.990072691065556,1.0,180.0,1.1668546414257441,-630.984,-467.992,525.64432,526.5168361418882,918.0275926016001,477,4208.5120000000015,636.4394946497646,525644.32,4.3403905479619915,13.428171829459767,1.0,88.0,1.1984118202631597,-54740,95900,12386.36,19554.974282775212,382299375.4496,150,1228080,462217711.5613455,12386360,3.5574620574145497,3.786167102629406,2.0,11.0,4.904123043745063,-17920,13580,3444.14,4768.9824071808025,19112110.5084,193,741020,19524546.751526833,3444140,3.969088703630274,13.069849589496553,1.0,66.0,3.757615036075056,-14280,9800,3743.74,4688.321789297317,20838412.4956,123,428960,22487822.828876253,3743740,4.456787943821241,6.187260161020559,2.0,14.0,3.045866013847202
2,10,-118.231,70.7222,10.100153768939998,16.8475856339168,283.84042473738083,412,8578.0391406,354.2591008512041,10100.15376894,3.0617363202308776,68.10565554028895,40.0,143.0,7.017682092203328,-73.1271,69.0402,9.162551152722001,14.13305282514968,199.7428005005293,442,7846.8717948,243.35327700345988,9162.551152722,3.3678045472160076,70.10992661346069,51.0,157.0,5.174189957733037,-28.7041,32.6588,4.468318492670001,6.648272452463034,44.19935587529213,424,3422.77857882,52.26824572539317,4468.3184926700005,3.5320904278902088,62.01618173074945,51.0,142.0,4.912373888633378,-69.386,59.6948,8.82183491973,13.641275265210787,186.08431820505945,420,7604.583009599999,229.85146163389277,8821.83491973,3.4324302059803813,70.50907539988975,20.0,153.0,5.0864745891430285,-50.0308,42.245,6.6144029849,10.09590463151743,101.92720769749533,426,5530.7829992,125.82015254955287,6614.4029849,3.4928830544218155,68.92658612699357,83.0,145.0,4.955553942517809,-20.0376,16.6719,2.5307260539559997,3.760489567338696,14.141278534500492,430,2110.9115253120003,17.55722344462494,2530.7260539559998,3.466320991079095,67.61342649342261,83.0,142.0,5.328455149572623,-73.8467,56.2813,8.00429491296,12.72628359560988,161.9582910711202,422,7073.4852338,203.50961737797311,8004.29491296,3.2776191008411093,70.40217966859846,83.0,143.0,5.8026916849059145,-33.6005,26.1399,3.5534756789199995,5.521815163497883,30.490418370743335,454,3214.6498082400003,38.03941587280676,3553.4756789199996,3.2287829238027705,71.90864536565834,40.0,143.0,6.085046131590398,-160.828,100.745,13.46029185675,22.696746706660548,515.1414419456806,414,11616.2149078,650.2461616712654,13460.29185675,2.9588753165590678,70.03349948845593,40.0,143.0,7.085949456923872,-78.8161,45.1125,6.9942802388,11.4065026961806,130.10787039505664,408,5773.7230214,159.89967849672192,6994.2802388,3.151051212515362,66.31266709384037,40.0,143.0,6.90975157761468,-51.7078,29.7586,4.644311556070001,7.477089494165039,55.906607601449885,425,3800.1393398200003,67.99355091124764,4644.311556070001,3.1704163283252385,66.36387511219128,40.0,143.0,6.915498342015521,-48.4322,49.9583,6.839356869770001,10.330500302170217,106.71895958078727,432,5536.358954,128.11687812888806,6839.356869770001,3.470027946686416,66.33302474505825,51.0,149.0,4.836000052147023,-17.846,16.8559,2.40729591949,3.591745280594589,12.900549141532043,416,1815.4177309800002,14.859692772076523,2407.29591949,3.4647593163277626,57.674472559659044,41.0,141.0,4.968615145516588,-31.5199,26.4879,4.34356229496,6.538684986823602,42.75436500147608,424,3584.55953828,52.2876055875666,4343.56229496,3.55626913018182,67.11445716039152,83.0,142.0,4.820525849389773,-96.1026,72.5994,10.846913061800002,17.37808248834216,301.99775095967345,414,9540.9368808,380.4590386778335,10846.913061800002,3.32257328780952,69.92987477060622,83.0,142.0,5.53010379968383,-53.9099,41.8451,5.7409454518,9.078723237852865,82.42321474428608,424,5114.271526,103.0892297951218,5740.9454518,3.2516452372619002,70.75607332387455,83.0,143.0,5.9380486206725465,33.672,114.192,73.286376,74.1249977026374,123.622377202624,469,2488.7999999999997,145.003246123143,73286.376,3.948822574588419,15.434982259570901,9.0,43.0,1.5405329313883673,-863.76,-742.736,815.3245360000001,815.482035902496,256.85187606470384,433,3956.216,199.40344653956595,815324.5360000001,3.926526150530228,32.9661496792165,1.0,109.0,1.059201750586786,-682.712,-514.84,571.471424,571.9352667503832,530.3609042442239,473,3845.4399999999987,409.0291677995562,571471.424,3.9561997619473086,19.423665744804914,2.0,73.0,1.1936875371911004,-53620,43680,11511.08,16496.28620023307,270577732.1856,155,1117760,321443770.0464694,11511080,3.968546191956504,5.050017811432341,2.0,14.0,3.2504285721741675,-19040,21840,3614.38,5215.094898465415,25532134.255599998,196,701960,28162620.526181392,3614380,3.759876680535018,11.44848037802279,4.0,30.0,4.1878432560118135,-20440,15120,4206.44,5863.2193886976465,34300501.76,122,405860,37317302.02041341,4206440,4.17001277040534,4.572891423897592,2.0,15.0,3.4861393792293667
2,10,-89.4883,127.107,9.917987305900002,16.313456842954583,266.12813055127566,398,8153.5373592000005,311.58641469015674,9917.987305900002,2.8658668704280794,67.98105526839072,45.0,137.0,7.791542971157255,-62.3639,54.2104,8.59227187482,12.964253880419758,168.07146654442033,414,7498.874289959998,196.01944239652488,8592.27187482,3.561654669500016,73.78243541868761,56.0,149.0,4.810450379577168,-27.3097,24.5942,4.02415817322,5.849648303023712,34.21785140635847,421,3354.06231646,39.10653934730832,4024.15817322,3.64579694459761,69.49603372329526,39.0,147.0,4.668605458875789,-66.8478,61.2697,8.773879647460001,13.246502347780817,175.46944067614066,417,7744.27837612,206.64831792347823,8773.87964746,3.4663647791088135,75.18349902287795,39.0,151.0,5.046449111240221,-47.7507,45.9949,6.31000314966,9.49543176278007,90.16269237300347,415,5496.796999800001,104.86507379631252,6310.00314966,3.4378833475747768,72.89573552043413,39.0,151.0,5.028807661719172,-16.4557,16.5143,2.3597590118999996,3.4940223582480883,12.208032697793712,417,1985.4731811799998,13.824751662509122,2359.7590118999997,3.501699371808906,68.57610715508471,46.0,149.0,4.72644371064652,-77.3386,66.2358,8.1404896214,13.247666300436917,175.5002057356188,427,7151.431748599999,205.06933529795256,8140.4896214,3.139674736135514,71.92826427670308,47.0,150.0,5.837903691569384,-43.7321,35.8151,3.6084853633330005,5.820477072241181,33.8778144993958,441,3091.5432886860003,38.283082837269816,3608.4853633330004,2.854467278924374,69.39323389375828,45.0,151.0,7.513490639550086,-130.269,168.535,13.24103545458,22.040441622289475,485.78050758211293,392,10977.73753396,571.902207850639,13241.03545458,2.833052825197284,68.2738937646233,36.0,137.0,7.646625366597044,-55.4518,88.028,6.891381088890001,11.153872722889322,124.40813073761852,398,5622.4338956,144.20601970450303,6891.381088890001,2.9215692963072133,67.0590761140446,45.0,138.0,7.892146717736353,-40.2374,61.3947,4.7592631513,7.602751928338055,57.801271484614745,414,3814.4089701999997,66.02331670190324,4759.2631513,2.9072797729622577,64.77909457058226,45.0,138.0,8.075325958112742,-44.7924,37.8106,6.23288629066,9.235065507723547,85.28581201978562,418,5390.87978198,98.61453240038963,6232.88629066,3.5977852512300785,72.59885349985538,39.0,148.0,4.850252546940663,-15.2795,13.6841,2.2629686868060004,3.253698122286524,10.586263075454116,409,1800.6160925,12.038685101707214,2262.9686868060003,3.65013527224677,64.99957505814231,52.0,142.0,4.696041066422717,-28.3159,29.8073,4.02255419034,5.9771108577622005,35.72547019677972,414,3428.1829490000005,40.6896665813401,4022.55419034,3.4526127682906846,70.03435510011859,39.0,149.0,4.9869076731763515,-93.5412,86.7193,11.210479187379999,18.293128830280732,334.63817154561275,427,9922.772786959998,396.81829854780375,11210.479187379999,3.2671639522698728,73.22044470121983,47.0,150.0,5.113460953992773,-62.1943,50.4605,5.77903434122,9.349424263343412,87.411381770791,441,5004.4181798,100.34941149798654,5779.03434122,3.0397495818372575,70.56897537337714,47.0,150.0,6.652206408457384,4.88,71.736,33.68761599999999,35.27112627631843,109.196877036544,485,2547.848,102.1742397416061,33687.615999999995,4.18707880327026,22.27528050792553,10.0,145.0,2.0338448916547542,-917.928,-750.056,857.161264,857.2778320957285,199.84890067430422,451,3989.4000000000005,211.14715417520182,857161.264,3.2299583543699177,47.926328749274866,1.0,188.0,1.070747388575305,-635.376,-471.408,510.188384,510.5908599705247,410.8391169085439,534,3783.951999999999,419.03307956166276,510188.38399999996,3.8097964279374743,16.06116614940895,1.0,90.0,1.244393603200572,-61320,46620,14177.1,17896.650178175805,293563462.3516,142,1145480,356861234.990754,14177100,3.9937343036567414,4.6982962545375,2.0,15.0,3.426339532231406,-19740,11620,2904.16,4020.2188995128113,14837174.833599998,179,664580,17406556.53360056,2904160,3.803928614042589,16.93460457628095,2.0,89.0,4.910180389031101,-16100,16660,3897.6,5137.698628763661,26150327.840000004,123,432040,26892362.698234107,3897600,4.133933447454221,6.4442136081204335,3.0,15.0,3.242697013547693
3,10,-99.4403,92.1276,9.3061633092,14.740358118026078,217.277091638534,417,8023.6387114,244.4508306322751,9306.163309200001,2.973425959117503,75.46846180552313,97.0,152.0,6.746125107937087,-63.9602,58.6015,8.009683016290001,11.398357495226065,129.92218808296184,492,7177.3066361,147.73246112475144,8009.6830162900005,3.378987669493002,74.52202406569484,97.0,166.0,5.61135233973739,-29.0228,30.6193,4.56129239945,6.349850273325212,40.320595155580605,558,4117.0109436,46.305044695290256,4561.29239945,3.6274698104393432,66.01631593444587,21.0,168.0,4.8220507070264595,-62.3236,72.1117,7.563307808416999,11.375340767532869,129.39726874860543,478,6680.5736176,151.2144801660454,7563.307808416999,3.1590557520749454,69.1633306828676,47.0,153.0,6.339300199763588,-46.7786,56.0775,5.752175759600001,8.379112062020909,70.20935497876678,570,5612.582439600001,80.33055745541596,5752.175759600001,3.1649375601631418,73.17572997358222,29.0,182.0,6.692534911208122,-16.7567,25.8297,2.6704781536299995,3.8703350862714254,14.979077326900963,444,2287.9158500000003,17.220230685946444,2670.4781536299997,3.3317073942525077,64.2622012311646,29.0,152.0,6.673763233478479,-72.3975,71.4641,7.396543375659999,11.57563298077525,133.9947332013107,474,6659.535686480001,160.06211320444658,7396.54337566,3.0312616240667554,72.38825628633654,75.0,151.0,6.254301610999362,-30.377,32.6667,4.2507902704,6.074162469241291,36.895449674811566,534,3880.4349124000005,42.79547763677134,4250.7902704,3.432688331270138,71.58382328763886,32.0,167.0,5.377976003345251,-117.408,108.966,12.016114800431001,18.90697184108136,357.4724888904232,401,10246.638009822002,403.03641309027034,12016.114800431002,3.076204783891389,76.43088818053972,97.0,153.0,6.209772828078903,-70.4245,61.6977,6.4410224872,9.754861898794463,95.15729436179646,504,5926.8724802,106.6178485322832,6441.0224872,2.969778224165516,77.38123774907122,97.0,159.0,7.21942562904999,-51.0644,44.7848,4.155641608874,6.32889216167532,40.054843634679465,426,3526.577168,43.668179821693315,4155.641608874001,2.786112579018998,73.06078904057723,97.0,154.0,8.068457906301685,-42.2336,47.1014,5.953788390210001,8.436862530391062,71.18010302127446,489,5130.77106218,82.33869869202994,5953.78839021,3.397394072192468,69.19775143896211,21.0,161.0,5.582809940346008,-18.7167,16.9935,2.85567745266,3.955486206377395,15.645611739506412,483,2388.02888154,17.584517560256018,2855.67745266,3.668044144592639,65.19590926933726,25.0,154.0,4.731832958947811,-24.9816,36.3597,3.79636521785,5.56000525488484,30.913431524526956,476,3272.78381718,35.39797298265165,3796.36521785,3.3097459829808065,67.56699186722808,29.0,155.0,6.539508207848463,-94.0642,97.0488,9.756266871209998,15.484585134731521,239.77128691469892,454,8682.018736999999,285.92478355969484,9756.266871209998,3.0047002366893847,71.91233780382156,47.0,148.0,6.267445924806992,-45.477,47.1336,5.742663436880001,8.531841499061825,72.79221581015089,520,5183.92837376,84.68514034242803,5742.6634368800005,3.3074305543829627,71.81992848271737,30.0,158.0,5.524434555562581,-327.448,-251.808,278.48256799999996,278.6648448918952,101.55509874937623,477,2706.9360000000024,95.88359099094579,278482.56799999997,3.9863643987288233,31.010737001333535,1.0,163.0,1.1750603134996438,-895.968,-768.112,838.6875360000001,838.7998989468323,188.48743146470386,446,4609.647999999999,199.88493273966967,838687.5360000001,3.597272537423617,69.25682097058258,7.0,217.0,1.0681546351220905,-626.592,-377.712,466.058544,466.51344910362445,424.23175916006414,533,6415.736000000003,491.79798164113004,466058.544,2.8868283760648046,77.92686279181396,1.0,225.0,1.343138126465499,-40040,37240,9106.16,11754.862211017193,130360287.95999998,156,921620,124585708.18329564,9106160,4.109539583563594,6.530515043363606,2.0,19.0,3.4062500505086897,-20580,18620,4646.04,5914.515364761512,34981051.0,186,682500,26876935.991932753,4646040,4.078009591312466,11.758251187615263,7.0,36.0,3.4795750337576203,-24640,21560,4368.0,6112.631511877679,37350891.3904,115,467320,36351970.92745609,4368000,3.8712953610736216,6.318806096269301,3.0,18.0,4.0309971167280585
3,10,-106.362,98.3503,8.961186993750001,16.04359497462455,257.39679835194084,424,8022.2117386,311.1141595488406,8961.186993750001,2.7217810993859297,73.5006258730147,71.0,139.0,6.62956152709091,-70.6888,61.0626,7.23879579649,11.275495153762124,127.13572152943605,532,6962.3435702,149.8857382811411,7238.79579649,3.1218348798367317,78.7223352679635,85.0,162.0,6.269241309231048,-29.8739,32.1389,4.42881649406,6.1910214395277485,38.3283114936389,544,3996.4126918,43.325427068711384,4428.81649406,3.515705385540156,70.2410622637632,24.0,194.0,5.19121122643884,-53.3944,77.973,6.731411165099999,10.191513103297316,103.86663862804495,516,6215.3173124,121.67345593268489,6731.411165099999,3.0391061778734616,78.11902390319236,85.0,174.0,7.650777584220832,-34.092,46.2178,5.274577391259999,7.610279449124655,57.916022042570155,574,5212.855344,65.50383307292374,5274.57739126,3.3993531664994765,80.73258412896904,85.0,197.0,6.07307528047686,-13.7826,16.577,2.3794873667270005,3.408102041052093,11.615042371613661,473,1983.49818126,13.197230342046531,2379.4873667270003,3.6218569099158673,67.78466533429183,20.0,155.0,4.863997556505857,-69.7796,81.4285,6.7251286571,10.676188500039817,113.9809998919291,469,6033.6192228,134.91213530266594,6725.1286571,2.826732268459869,76.3454488022851,72.0,154.0,7.627113365382815,-45.3865,38.5589,3.8553259627999994,5.772792577424386,33.324959373200144,538,3649.65706074,38.76684635421629,3855.3259627999996,2.863361659665775,74.69268199812466,72.0,171.0,7.8621394050242905,-137.547,112.498,11.488081887080002,20.401884426405157,416.2367308488296,406,10272.962660000001,508.74144461413607,11488.081887080001,2.8078351878578403,73.80910737812496,71.0,139.0,6.741877226888888,-64.3444,70.1678,6.162935359189999,10.608843278655051,112.54677874109748,511,5743.503629379999,132.64139335854117,6162.935359189999,2.8233318245094665,74.3445709342152,71.0,144.0,6.614085829807414,-39.2798,43.6708,3.7893318270900003,6.7138641675021775,45.075917896719844,428,3283.0137609000003,53.09831611755575,3789.3318270900004,2.8074458354676093,71.78990048701586,71.0,141.0,6.5045700822164925,-47.5332,41.4886,5.539641491892,8.197860961890806,67.20481883164213,515,5024.98511876,76.496177680341,5539.641491892,3.3267826626662695,75.59851269778241,85.0,163.0,5.798244227484025,-19.1366,18.6485,2.7735615248,3.8152702254617066,14.556233713628052,468,2318.9144871999997,16.30115046431303,2773.5615248,3.541395149432832,67.11338895438466,71.0,158.0,5.01579150863008,-22.6352,29.8045,3.6143072225700004,5.174806303257851,26.77854520897399,453,3043.4192834800006,29.44669488166346,3614.3072225700002,3.4727406412394672,70.43861907723151,29.0,158.0,5.759539247147527,-94.3564,107.544,8.8715226993,14.349797062747715,205.9166748441804,456,8096.027091,246.85842745730028,8871.5226993,2.7953094474379414,76.48229801807783,51.0,153.0,7.494461387135976,-55.6406,51.7126,5.255144037899999,7.859357822587971,61.76950483288655,510,4744.6305238,72.98774645825682,5255.1440379,2.9722160407887563,74.5691042991481,81.0,163.0,7.079535154906379,-336.232,-258.64,291.054912,291.34612030663465,169.60001840025595,490,2566.392,116.62816810862196,291054.912,4.275172243115097,24.41605709304732,1.0,162.0,1.1540637632178665,-906.704,-736.392,827.8022080000001,827.9145449190853,185.99811890073582,457,3534.0959999999986,164.56378615196058,827802.2080000001,3.1184165893954017,59.21227107005637,1.0,199.0,1.095166168494618,-580.72,-405.528,475.878568,476.46867248234486,561.9843753573759,511,5183.048000000001,390.3047457214766,475878.56799999997,3.7310399198550206,55.97370613995944,1.0,218.0,1.2187999621769847,-52920,39760,10976.56,14669.993374231632,211794636.40159997,135,811300,216351055.0485568,10976560,4.041138877841265,4.1458176041375046,3.0,11.0,3.60736359247141,-15680,25340,4816.84,6458.802551557061,41106731.590399995,147,636440,43528545.52256587,4816840,3.9017762119814408,8.130755071085517,3.0,27.0,3.9233278611205016,-20020,14980,4062.52,5723.599986022783,30389721.2864,117,446320,27137102.163018458,4062520,4.094691512408407,5.854793654174424,1.0,17.0,3.497798596842807
3,10,-78.3323,62.465,7.953584317900001,13.541936222424232,183.38304808047874,450,6956.6020892,224.0241840137984,7953.5843179,3.105379193478875,71.6946865786928,46.0,139.0,5.784423934170413,-75.3076,49.1742,6.8186363686,10.56307803074333,111.57794363945561,559,6826.4757988,133.72746002690027,6818.6363686,3.111299486182025,78.5574965420602,77.0,167.0,7.129323458637799,-36.3181,29.2318,4.44219520561,6.115395936995253,37.39771215178543,558,4142.762621399999,42.75838036636895,4442.19520561,3.4286607979480865,71.11955065798212,24.0,190.0,5.93879781034171,-59.086,41.4666,6.1972769004299995,9.435701848492748,89.03107767241123,470,5802.98365794,105.23390036674614,6197.27690043,3.298235885249669,74.68289286382237,21.0,159.0,6.261961319754752,-43.2775,34.7739,5.0728342692899995,7.409725274789971,54.903345558416504,568,5189.15288462,62.58744991418586,5072.83426929,3.3863100500129812,76.78445968131201,66.0,200.0,5.840634894689359,-16.9358,17.3072,2.342624893423,3.3904487013543623,11.495138507017575,478,1992.28780938,13.499722115049693,2342.624893423,3.4653045874221444,64.68420654211481,24.0,149.0,5.104693072951199,-50.5075,49.9882,5.76756588611,8.87838241867529,78.82527295623514,497,5262.168083459999,93.32987729634735,5767.56588611,3.1776645829185615,74.16170357172695,20.0,151.0,5.688817806919387,-21.1281,29.6215,3.7393237478,5.2986797001069,28.075816622118502,566,3576.7684326000003,31.536645469762348,3739.3237478,3.5433984671458987,74.25976676944248,21.0,192.0,5.590354895277477,-93.9962,78.5,9.687944654799999,16.706317717548885,279.09979238166056,444,8539.1367848,339.8019413516919,9687.9446548,3.080498170666308,72.25315979860241,46.0,139.0,5.626386471823363,-54.2655,45.4725,5.863524163649,9.52205011725386,90.66904533416653,540,5470.2796122,110.2853729158601,5863.524163649,3.1809969291749662,72.4669599345881,46.0,148.0,5.698930307210992,-38.4008,25.3515,3.59951805177,5.848103124213477,34.20009724377631,421,3128.14565026,42.32595418245991,3599.51805177,3.13733412618945,70.86912004490102,46.0,140.0,6.566368476131241,-50.9817,39.1387,5.4112033849,7.964796252645471,63.437486524336954,519,4998.971935,75.34135427864798,5411.2033849,3.255414746612869,74.05114296179977,75.0,161.0,6.400879367512591,-17.9124,17.5329,2.7301491409,3.7880827840880507,14.34957036287287,501,2357.8231717199997,16.333631172450584,2730.1491409,3.621263070283972,66.69101220451311,75.0,155.0,4.728618940230542,-29.3707,27.0533,3.351224046833,4.94771740752712,24.47976213894498,473,2947.8259229,29.38590235423193,3351.224046833,3.257493308354747,68.89577264212213,51.0,155.0,5.936212111734073,-66.2827,54.7087,7.157836087,11.203687165066327,125.52207555399555,474,6605.7819738,151.05112909566856,7157.836087,3.231092072305097,75.30547229801573,51.0,147.0,5.916150551460672,-32.114,35.3357,4.809616157000001,6.931608258476227,48.04631547710319,526,4461.015932,56.02958500248077,4809.616157,3.5064723302111993,73.55257798595721,51.0,164.0,5.097763561117321,-327.448,-238.144,271.419256,271.59449924408995,95.15949205446421,492,3131.984000000004,99.3846504183154,271419.256,3.6674008800071256,37.03587085053362,9.0,200.0,1.205650338690081,-936.472,-764.696,825.203608,825.3196557057586,191.53943805433582,456,4494.479999999998,181.34393292913268,825203.608,2.995277210389675,52.23329742067089,1.0,185.0,1.1346779317877644,-631.96,-386.008,493.04494400000004,493.5253160624043,473.9207905328638,519,6827.119999999998,425.6274172663417,493044.944,2.8697674565317732,63.91934044309265,2.0,240.0,1.2805016874151423,-64400,35420,9449.86,14397.565558107384,204244519.99000004,164,895720,263605903.47093347,9449860,3.6509178147662538,4.44926296944513,2.0,12.0,4.472978417086342,-24500,12600,4340.84,5499.3774920439855,27216805.4704,182,686560,30740273.99116719,4340840,4.024345956347031,10.50365821212757,2.0,31.0,4.455049691614086,-22260,14140,4172.84,6078.180253990498,35334726.2576,127,487480,42683627.01907906,4172840,4.090613172300475,5.6224067701169735,2.0,14.0,3.6622803322401762
3,10,-76.8102,64.5917,7.90536140513,12.548190241489104,157.457028851733,455,7242.4425214,201.86551990773086,7905.36140513,3.14582744007237,76.36850416354143,48.0,161.0,6.121217364559565,-44.7154,52.3671,7.64850376109,11.021271827655507,121.46819234527032,551,7167.6612436000005,149.62299219075416,7648.50376109,3.6391131652991304,78.8539655940647,45.0,171.0,4.751457074908183,-35.8979,34.5261,4.6796745481899995,6.629788831658413,43.95383176964635,551,4393.96080338,52.79842109950564,4679.67454819,3.3968016150023557,73.36761084005055,56.0,193.0,5.414637013562361,-63.1689,48.9684,7.057500639900001,10.678628872953928,114.03309469414344,492,6449.0966142,149.07791104946543,7057.5006399,3.3203107460532797,76.09446400573184,45.0,159.0,5.915450452631583,-47.0573,31.6656,5.59801213285,8.145018749026956,66.34128268770237,564,5623.692838139999,83.22036433697599,5598.01213285,3.4981020140277197,79.40830444876677,47.0,192.0,5.777432986955579,-21.3975,15.8989,2.70864860173,3.7655181603293424,14.179089658055618,472,2257.8033623,17.42236735625958,2708.6486017300003,3.539314884839226,68.7735697575146,47.0,158.0,5.682484876962728,-69.9522,48.0254,6.651018665800001,10.342492359675399,106.9671480273736,482,6256.938152000001,141.8435867455257,6651.0186658,3.1576458811205064,80.42776961412483,65.0,158.0,6.763572799216017,-33.1012,32.6565,3.8752125147859995,5.582163056488523,31.16054422771671,555,3848.73561612,39.480771438044826,3875.2125147859997,3.2371518201666825,81.01004326205779,66.0,192.0,5.9298160345789706,-81.5406,73.1617,9.8764162836,15.376115810289184,236.42483395863226,445,9012.379879,302.7431592536683,9876.4162836,3.3185085074528895,77.38103553268697,48.0,164.0,5.303068798781793,-60.2102,47.6797,5.764918252599999,8.837910201592807,78.10843755600095,543,5673.132029799999,99.2614399415362,5764.9182525999995,3.0848609222253445,78.45096419336436,91.0,168.0,6.812719141358627,-44.166,27.2314,3.6821274948169997,5.62340781593493,31.622640550207244,450,3241.806045386,40.318106200108815,3682.127494817,3.039623379254116,74.4123954825265,91.0,154.0,7.853956434539169,-45.3049,40.6601,5.784373319829999,8.582675307360518,73.66223264139879,523,5260.349381200001,92.56947284768613,5784.37331983,3.4282496716150748,75.2921069332442,44.0,167.0,5.2786454546575285,-23.33,21.1457,3.02035588778,4.175760323211145,17.436964482228003,511,2557.81997364,21.161343060430596,3020.35588778,3.43703551943131,67.5929034308996,24.0,166.0,5.587006483662192,-29.7949,23.1154,3.746850549125999,5.389412653288313,29.04576559179685,471,3272.91509494,36.6074511211028,3746.8505491259994,3.4996672830552455,71.70473153854016,47.0,159.0,5.528413190224141,-92.5821,71.8827,8.702601418499999,13.850536547718592,191.83732006250082,458,8158.1153604,260.09459482949444,8702.601418499999,3.0672047226841026,78.97226554885336,65.0,157.0,6.684369207000127,-46.4118,34.5625,5.0311652711858,7.506396276053657,56.34592116465421,558,4904.5508066,73.0207398527813,5031.1652711858,3.3010140696668415,81.6072304353709,65.0,166.0,6.18296693821767,-377.712,-256.688,289.933,290.17987500026254,143.215366168,469,3087.575999999999,112.85230506068069,289933.0,3.532693035322275,34.35587640923145,1.0,180.0,1.3016478141347958,-926.224,-687.104,832.717344,832.8681700532636,251.21368945766386,443,5387.031999999997,229.89142731198123,832717.344,2.8501784725044623,67.49698501367466,8.0,202.0,1.1120895638751163,-799.344,-371.856,468.93969599999997,469.71473660830355,727.4953024355842,494,7003.776000000002,535.8005555496353,468939.696,2.646495817939341,79.46278129609908,1.0,231.0,1.7017647897783017,-57260,30940,9517.06,13829.315225274171,191167349.34359998,193,1001280,266956457.4866048,9517060,3.916550909598801,4.910476428284242,3.0,15.0,4.14047977555337,-17780,18340,4912.88,6085.305777033723,36561118.406399995,187,870520,44979003.69639862,4912880,4.243801598235696,11.976346576496763,2.0,34.0,3.0138173284925407,-22540,13300,4417.84,6125.5143784012125,36776743.1024,121,506800,43169285.22909119,4417840,4.183523474692901,5.848236566852037,3.0,18.0,3.679690979010165
3,10,-98.625,65.3577,7.330452216964001,11.531422666380518,132.97162255819111,463,6716.31899618,172.1345235558399,7330.452216964,2.844997017564456,76.69412931345715,31.0,159.0,8.55271746196052,-54.0977,52.9303,6.8520995977900006,10.104063507624534,102.08942011283932,541,6489.739971079999,124.8304950788789,6852.09959779,3.3671011105794855,73.871321853024,31.0,170.0,5.354053837763177,-25.4983,28.77,4.3373874504000005,5.8766894066274835,34.534115167614736,566,3974.7916225999998,37.05586523075857,4337.3874504000005,3.669682818719025,71.83258143263892,28.0,200.0,4.895613500954194,-54.6381,57.4322,6.80776090933,10.023572949847445,100.47022190539047,484,5877.98225186,120.31059384160217,6807.76090933,3.3017131678328586,69.38498880601703,45.0,160.0,5.729713375396155,-37.045,39.6787,5.28934615797,7.514602305065946,56.46734370411289,586,5149.26468086,65.64995972356331,5289.34615797,3.460190131614531,74.71373877140596,45.0,200.0,5.280212896063804,-19.882,17.4469,2.4935927808300002,3.4228568867056888,11.71562365909354,457,2043.8027648599998,13.192835994222726,2493.5927808300003,3.403741289268386,65.20061929538511,49.0,161.0,5.808598097461016,-63.9157,57.5069,6.62209704607,10.41276581555566,108.42368586448372,470,5764.58628326,128.37906256320198,6622.09704607,3.111015480674105,69.79732747269627,35.0,148.0,6.138205845800945,-32.2514,30.9058,3.88871413371,5.788152256968013,33.50269351964493,567,3690.14368712,38.9907997092925,3888.71413371,3.3015824960505897,71.88471536452896,35.0,162.0,5.571968145995892,-128.252,83.1236,9.22282760817,14.677283661397766,215.42126302627403,450,8263.9780422,282.16995188966933,9222.82760817,2.8115160983781684,74.4050467278424,30.0,149.0,8.738129136068366,-63.0879,40.9909,5.290984509199999,7.883709923880192,62.152463221858326,539,5234.585452400001,77.22336318553525,5290.9845092,3.0280826474421803,79.9439768425553,35.0,169.0,8.00231117191454,-35.0191,29.1816,3.37802565226,5.047495153059402,25.47683388082551,466,3032.16689064,30.903576674493472,3378.02565226,3.0654677559943764,76.634292187679,35.0,159.0,6.937916518607081,-41.224,43.2001,5.339244775049999,7.630012947974587,58.21636459029881,511,4819.347867699999,69.59058913693539,5339.24477505,3.337179180019903,72.52512918178314,46.0,170.0,5.66186457278131,-16.6729,16.6838,2.64172610833,3.55449934996306,12.634309131743416,501,2358.7048408,14.02392327925274,2641.72610833,3.648595543436201,71.61729008508686,31.0,172.0,4.693713054181143,-26.9801,23.2516,3.5089435185999998,4.825547875797341,23.284732975421566,468,3002.3501472,26.467726808956364,3508.9435185999996,3.486650256838937,68.87583856676062,31.0,163.0,5.591095704452417,-82.4017,73.3436,8.62073906771,13.731084973478318,188.5400715820304,438,7406.2324434,225.30816576143178,8620.73906771,3.1284959252796014,68.42295826479392,45.0,146.0,6.001106260660351,-39.4294,41.4997,5.0323961090600005,7.504147330659172,56.30997730565503,487,4565.50010332,64.5359332634506,5032.3961090600005,3.316765889484034,73.71187761924054,36.0,160.0,5.530235238112605,-358.68,-243.024,287.213864,287.37517138046564,92.68545214150397,476,2958.2559999999994,106.84551724700714,287213.864,3.2929508394557043,47.34122791823828,1.0,226.0,1.248124527519225,-958.92,-646.112,829.3115919999999,829.4723427264057,266.6507224575358,436,4580.855999999997,313.29315954018875,829311.592,2.297446710338433,75.98927616188713,1.0,194.0,1.1560602452977644,-656.36,-345.016,475.971776,476.5165076846761,518.8505474058239,514,6022.895999999999,491.73540389506445,475971.77599999995,2.8814461659935002,87.6288834534799,1.0,242.0,1.3774129320076591,-48300,45080,9124.22,12756.857308914292,157775473.94840002,167,897120,155154863.26306528,9124220,3.7595220321493246,6.818301345846528,3.0,13.0,3.786198969729693,-23240,15960,4394.88,5727.523024833685,31593023.5376,146,671300,29862729.7047493,4394880,4.074980619723629,11.903570845139987,2.0,33.0,4.057600449484852,-27440,15260,4446.96,6376.590436902781,39159594.5216,134,498680,44958552.38686269,4446960,3.930465901700056,6.528726950366677,4.0,17.0,4.3032401518527
4,10,-64.4329,64.9889,5.9170008018999996,9.468185158766385,89.64646257908194,399,4781.6686262,122.19187084802743,5917.0008019,2.8812267144987476,65.62727861113349,43.0,137.0,6.86392364642639,-57.482,51.0982,6.681023949300001,9.688844948049725,93.87370435078334,405,5364.565378200001,122.50929944501303,6681.023949300001,3.295615150527671,70.4238190943034,40.0,157.0,5.932802135673622,-25.0444,29.7833,3.454372936963,5.020620816347398,25.206519735669822,413,2742.1990289200003,32.97696845790358,3454.372936963,3.3452192940356404,64.8531971509365,22.0,150.0,5.93219466067305,-45.047,44.9628,5.872376283777999,8.53783368457895,72.89448811141088,414,4890.23646158,94.7142785649751,5872.376283778,3.3962342452472956,74.04197278532023,22.0,161.0,5.276162743877754,-41.3196,49.824,4.9295229445,7.198955249895136,51.82487398550274,422,4188.548163400001,67.08367852150604,4929.5229445,3.118210734291132,76.47767323881811,22.0,162.0,6.92100426665741,-10.9607,14.1612,2.0029736235325,2.6669685873388724,7.112509453287005,403,1595.489069485,8.506322680282672,2002.9736235325001,3.6545112104517647,63.047488750867736,22.0,150.0,5.309848817578382,-54.4344,50.8549,5.63243346908,8.809045851906355,77.5990822524473,414,4867.1070586000005,100.91018508959831,5632.433469080001,3.0961264304251874,73.55985573707584,48.0,150.0,6.179375259832473,-27.2415,20.9809,3.3257629022599993,4.637419143290986,21.50508438818761,404,2537.1070146,24.876292850461457,3325.7629022599995,3.448621145320628,59.402992027075065,22.0,142.0,5.874280318053767,-81.0695,99.1774,7.2380684717,12.817568058551979,164.28992679954806,399,6304.7153072,227.07680399940688,7238.0684717,2.6501506699132236,73.03220980727227,48.0,144.0,7.737614463753761,-58.7123,55.454,5.54062357666,8.967135841407663,80.40924155566375,405,5059.8169328,109.2831930748898,5540.62357666,2.910510820395067,78.56818105707879,48.0,155.0,6.5474975553379515,-50.5868,45.1973,5.7903727922899995,8.938268096016717,79.89240136168397,437,5233.17487234,106.14340381820855,5790.37279229,3.264310934904994,79.11857371517367,48.0,158.0,5.659575149971579,-43.2842,36.7908,4.13394858181,6.606591709028752,43.646942612077765,403,3474.70422222,57.6875109060498,4133.94858181,3.0036237744292547,70.27384583758884,48.0,144.0,6.551668682786406,-38.5166,43.0237,5.5005653819299996,8.085380863981857,65.37337827477523,425,4636.70222666,84.3512374993364,5500.56538193,3.4152195409534434,74.97742800313091,48.0,157.0,5.321171720142303,-27.6058,26.0708,3.88825826112,5.707993550731296,32.58118959598142,458,3249.71175912,41.41996271879644,3888.25826112,3.5068080835178876,69.62943007019597,40.0,160.0,4.836340432876488,-50.4394,28.4355,3.9114594449899998,6.465581942530362,41.80366926920028,416,3319.26323532,53.3846652525568,3911.4594449899996,2.9579698808789674,63.76258938262398,21.0,144.0,7.801215799031402,-32.5751,31.9582,3.72354635582,5.2776477092011085,27.853564901044198,420,3109.68421054,33.81206418429911,3723.54635582,3.211416902914989,74.25857557125629,43.0,166.0,6.172276323637179,-3.904,86.376,29.166784,31.69111977573528,154.13810864,503,3087.5759999999996,103.57778171036084,29166.784,3.9975032038542095,45.50761964767519,1.0,209.0,2.725558472254897,-971.12,-780.312,862.409216,862.5935861193312,318.0389724733443,496,5302.120000000001,295.555231856595,862409.216,3.284407128433523,74.05986113513514,1.0,209.0,1.1258140747010554,-699.304,-379.664,499.6876,500.4785033371483,791.0347088319998,558,6870.064,630.1699622646983,499687.6,3.0354646228132416,77.59240245616324,1.0,232.0,1.3972708025161922,-40740,68320,11118.24,17079.581142405103,266670474.69439998,180,937860,341128416.8769828,11118240,3.698680535202168,5.053332888166748,2.0,12.0,4.000098095519183,-22680,28000,5393.08,7676.648226928208,58915472.53759999,182,764680,61189784.83784061,5393080,3.9848622642687896,9.443846076110841,3.0,31.0,3.647425174672115,-11060,12040,4013.1,4710.060679014656,21592849.11,138,276360,18513200.08621069,4013100,4.393530444945411,4.193652089577811,3.0,13.0,2.5562303376776807
4,10,-50.3581,46.1183,5.609864420899999,8.777550610700455,77.0453935986202,422,4902.9603322,99.89646207113495,5609.8644208999995,3.227068735024159,76.42620284169892,64.0,157.0,5.7371472103629815,-58.0953,41.6116,6.1907839688,8.998129643807543,80.96579147200158,442,5310.7408142,97.13229609435032,6190.7839688,3.334005632872008,72.89878159896028,100.0,167.0,6.456375080123548,-24.5904,27.1794,3.41178183815,4.988289837131805,24.8830353856612,419,2614.34122916,30.0978890608888,3411.78183815,3.398382677131644,60.68363955547603,28.0,150.0,5.44864089445688,-46.6154,38.1893,6.09142774952,9.140169765280012,83.54207374653058,419,5018.69771164,102.92246488197638,6091.42774952,3.4848966510906934,69.06078369699095,46.0,145.0,5.10005844498359,-47.9659,37.1912,5.325228484810001,7.888191993102808,62.223331524919836,408,4209.37822478,76.96121596408236,5325.228484810001,3.3056480947498867,66.70414739510086,40.0,145.0,6.080721671320869,-15.0118,14.4151,2.1672607517699998,2.958228538261611,8.75101451780383,433,1592.23891776,10.040763758103243,2167.26075177,3.530695630771768,56.611678966814935,40.0,139.0,5.074591028325895,-58.1312,47.7958,5.747672824721,9.162627348547577,83.95361805111145,432,4877.2784784,105.15309009036204,5747.672824720999,3.0899738078981245,71.26162399345652,46.0,146.0,6.34438112439602,-31.2839,25.8821,3.43439222565,4.9577613599623085,24.578909315489216,422,2543.31647108,29.340061192914263,3434.39222565,3.251840424112262,58.70098505012299,21.0,142.0,6.310085889296986,-120.228,87.0881,8.0584500303,14.427860533663747,208.163085273671,409,6984.935305200001,300.9958515836892,8058.4500302999995,2.5856759835905,73.03101057776276,55.0,144.0,8.333044231989803,-74.6373,57.3216,6.14463600861,10.316322561835545,106.42618650864361,433,5327.76446142,147.5877256892217,6144.63600861,2.8319324930474203,72.53053103784747,46.0,145.0,7.234874593405507,-61.9792,51.8535,6.530078605,10.142553240368368,102.87067651424844,425,5436.834824399999,136.25476812672417,6530.078605,3.1725482416952357,71.52018961104416,46.0,145.0,6.110808445482606,-50.7825,33.8581,4.466938585089999,7.116585295674803,50.64566105179988,443,3768.2570549999996,69.01095579399023,4466.93858509,3.026556196103782,70.4582699197725,49.0,145.0,7.135795875426902,-48.6223,40.4328,5.615031061710001,8.508250945355167,72.38951048525217,409,4771.8823214,92.89544221921248,5615.03106171,3.3266749646034977,73.37148665256427,46.0,145.0,5.714723309441635,-28.445,26.9124,4.033773521205,5.816644250169984,33.832824626934055,435,3421.2095857900003,42.15357399691216,4033.773521205,3.53966691559657,70.37919365864482,46.0,148.0,4.890276725995187,-37.6914,30.0073,4.286217619,6.47314381401293,41.90153850932946,422,3611.8158355999994,53.14364929334775,4286.217619,3.332210759172088,69.59119763341408,50.0,147.0,5.822734838426797,-22.4851,26.4019,3.732894912649,5.143399161084636,26.45355502368373,445,3217.540855034,32.56726011202039,3732.8949126489997,3.613264814376707,70.15017722309679,34.0,160.0,5.133161781368022,-20.496,91.744,32.753584000000004,34.92087219437682,150.43889881599998,491,3284.728,141.31613681274052,32753.584000000003,3.7128235344046105,43.826383094681105,1.0,197.0,2.627196694553729,-1019.92,-770.064,862.772292,862.975507123974,350.69805294673614,478,5236.732000000002,429.28777455207785,862772.292,2.845085345121312,78.59757623803885,14.0,222.0,1.181864365304031,-622.2,-386.984,498.94339999999994,499.5960458007809,651.6925762159999,574,6010.695999999999,640.7308328049303,498943.39999999997,3.37916177770589,50.33568930530472,1.0,199.0,1.2454061741075282,-63840,87500,11720.24,18568.910964297287,324444505.56,164,1033060,452462420.4414055,11720240,3.2124841213159256,5.1171932160997615,2.0,14.0,4.712177260596355,-34860,24640,5989.48,8409.416721747115,70662177.4656,156,817040,87821642.58794685,5989480,3.9391749921832804,9.68053397686191,3.0,32.0,4.14535290061801,-10080,12740,3852.38,4716.132271257879,19743164.652400002,111,328860,20481087.877400655,3852380,4.463033881760855,5.937548941408999,3.0,14.0,2.7013661337793664
4,10,-101.249,72.2035,6.9973767767199995,12.033545225767107,144.80538855254696,425,5954.0283906,197.59766081709222,6997.37677672,2.67074886709604,71.12438567477842,49.0,139.0,8.413896162803148,-68.6064,77.2797,7.71282475055,12.043791700552196,145.05272324475578,426,6601.6474446,188.32860607719914,7712.82475055,3.056677257514591,76.3157245159594,49.0,157.0,6.41655899748389,-29.8131,31.3835,3.8753268447000004,5.9035741219648425,34.85214751515479,432,3152.6341847999997,43.93955102364326,3875.3268447000005,3.3217429914977457,70.55319345080872,66.0,148.0,5.316016933408954,-48.7942,45.3889,6.2084073109,9.267797849164069,85.89136345614604,445,5521.9250138,106.56544891026482,6208.4073109,3.3901167633675606,79.340176642324,41.0,174.0,5.264918462199853,-48.6565,44.8775,5.30988848311,8.145182161024225,66.34393494831207,444,4804.34538622,83.42728084649127,5309.88848311,3.1787592772504554,76.18911218846178,41.0,163.0,5.973654000376786,-13.0151,13.7325,2.0963950098000006,2.845875099341824,8.098992310941892,430,1696.2332219799998,9.414614885792995,2096.3950098000005,3.6393070209299285,63.05785163336796,31.0,150.0,4.825405023282984,-43.4869,41.975,5.848797489,8.653053464592542,74.87528375947394,421,5217.3788402,93.1189283192493,5848.797489,3.4461903804154637,78.73191655937379,41.0,167.0,5.025613233287439,-20.1892,19.5866,3.47826973972,4.684008999718745,21.9398950371931,412,2703.295753,24.869051776171222,3478.26973972,3.802713855535555,65.30247871065228,41.0,153.0,4.310239369995292,-133.951,101.502,9.1433760932,17.063821062632407,291.1739850499386,400,7990.167211000001,412.84713112243566,9143.3760932,2.562673771860069,69.60068376669871,49.0,139.0,7.850000272994869,-60.7282,58.1822,6.21700168645,10.32020457583834,106.50594909615297,448,5717.1635000999995,145.03643419032565,6217.001686449999,3.0092591121946093,76.4769826727674,40.0,161.0,5.884398856024313,-52.9522,47.1886,6.3898726367,9.753087156356457,95.1219486054278,424,5845.5233434,124.66887501123696,6389.8726367,3.3394943466342557,80.3839235097402,40.0,174.0,5.429275792484745,-39.5041,41.0065,4.34856904635,6.927678670297649,47.99241061513695,428,3926.9061712000002,63.84376764236699,4348.56904635,3.0790543326832025,76.47040279616847,45.0,159.0,5.919226619995374,-39.3281,39.4364,5.53891042198,8.258320749431794,68.19943131264787,443,5012.9022012000005,87.18497434706606,5538.91042198,3.487251587583155,81.49965749239087,41.0,175.0,4.775353391633932,-28.7653,28.9877,4.08181447474,5.880283698978397,34.57747473932444,443,3652.75843218,43.10287795760317,4081.81447474,3.49679825756895,80.76861364610176,21.0,184.0,4.929643106341304,-43.268,40.8813,4.61152700781,7.335909178491428,53.815236400737646,425,3892.0315595399998,73.87799674153987,4611.52700781,3.0888586788381374,66.08053573941281,19.0,153.0,5.898110097499561,-40.0756,36.8528,4.2747276736,6.66749792608249,44.45485816002924,443,3755.518114,58.63281110611315,4274.7276736,3.1317366537154174,74.35471789510854,49.0,163.0,6.0105905460020965,-38.552,109.312,30.924559999999996,33.105468251634804,148.19620246297598,508,3639.504,159.61877361423666,30924.559999999998,3.1668596251049053,55.14387960301189,1.0,201.0,3.3019318491168597,-1022.36,-671.488,866.2112239999999,866.4741113168195,455.500998693824,465,5754.495999999999,468.25635907760864,866211.2239999999,2.618804798288335,76.27962868983772,10.0,213.0,1.1799083049882169,-746.152,-406.992,493.12253599999997,494.02985387706275,895.661010720704,544,7318.536,762.319895194626,493122.53599999996,3.168962544315141,78.34308122101088,1.0,210.0,1.5103378756249755,-68740,91420,12074.3,17767.18096941662,286863092.7484,166,1069180,396667460.2433886,12074300,3.0787035264546128,6.014819429208621,2.0,14.0,5.145442046060375,-36400,40600,7566.16,11578.633114491537,133985716.34560001,163,834820,192959193.94295707,7566160,3.710399246530122,5.671066635642437,2.0,13.0,3.506458802048579,-21140,15960,4255.72,5697.728249048036,32002305.406400003,126,327180,43021166.69272928,4255720,3.9414606174965514,4.2392101987283155,3.0,13.0,3.710250660608818
4,10,-53.9069,52.9649,5.6289884818,8.936815303070999,79.86666769972351,406,4622.0703782,103.88544999267582,5628.9884818,3.077783342236397,67.59144104046793,56.0,142.0,6.032003367181117,-41.7438,55.6516,6.3070585761222,9.171180308424885,84.11053494787541,426,5083.3219800044,105.0143445271282,6307.0585761222,3.374626961828402,67.64656242684438,56.0,150.0,6.068095722518615,-25.2088,41.7325,3.23220597147,4.935394213599144,24.35811477816777,407,2527.7866738000002,29.411761285579598,3232.20597147,2.9808101832200435,60.28738475073493,19.0,140.0,8.455758181384766,-60.4507,53.5787,5.63960709695,8.444663272475612,71.31233579364995,400,4685.02884058,90.51378701795443,5639.60709695,2.995641468130073,69.98409982679092,51.0,151.0,7.158450023345744,-39.2722,33.8295,4.710324637679999,6.9324404301109155,48.05869526040734,410,3853.1346542399997,59.9914184076408,4710.32463768,3.364744875112839,70.32700076047935,51.0,153.0,5.66498917602263,-9.57837,11.637,1.8911378443170002,2.576537348694517,6.638534523019026,423,1417.7200352,7.621708356276546,1891.1378443170001,3.8243668101535064,58.32127715033942,34.0,145.0,4.516526805208645,-73.2602,45.6858,5.07598136106,8.23795377749329,67.8638360493845,423,4488.68758192,87.03985161241033,5075.98136106,2.78786755455836,74.84580245761906,81.0,159.0,8.89300935387042,-25.4807,21.2396,3.082221410019,4.1952087267524325,17.599754908430505,416,2364.0114363000002,19.913497468228762,3082.2214100190004,3.379509316768634,61.84999915402277,28.0,147.0,6.073762155744978,-94.7787,74.0676,7.3709922793,13.443359998473964,180.72374979964394,403,6529.1077104,257.56466006562823,7370.9922793000005,2.7250446003986513,71.27879343115247,56.0,141.0,7.050224051930388,-62.4819,73.962,5.74976464046,9.910488514381191,98.21778175962974,413,5151.455164200001,135.31159851617724,5749.76464046,2.70614221284046,72.72143925053834,67.0,150.0,7.463002443590257,-54.9412,67.374,5.710554156750001,9.316171444088079,86.79097043636509,415,5045.9928786,117.303148712164,5710.55415675,2.8687020369985947,72.8950941340863,51.0,153.0,7.231940760681756,-43.2045,50.1528,4.183338264890001,6.991859999400632,48.88604992136765,393,3535.17373998,65.58749837204867,4183.338264890001,2.805314875380806,69.82366277980321,67.0,147.0,7.173026920490296,-53.07,60.802,5.110276058900001,8.06363447584094,65.02219560061548,424,4394.8847348,86.88634362909383,5110.276058900001,2.8544475096080215,73.70335210872624,67.0,157.0,7.54027234024135,-39.1578,47.4468,3.8745293143200006,5.986252764542032,35.835062421016936,416,3135.93205504,47.05695717949855,3874.5293143200006,2.8540303683974457,66.26605991994931,67.0,148.0,7.925960006406418,-60.4598,41.5289,4.144248515539999,7.527729746649754,56.66656709254306,413,3482.1771298800004,72.73795210491951,4144.248515539999,2.635634756240132,62.27100993323901,31.0,143.0,8.031611393449383,-34.8274,39.5141,3.7448542771000004,5.580850269730301,31.145889398967736,416,3066.5906376000003,40.23758916467761,3744.8542771,3.0182569624806526,63.398609186335285,18.0,146.0,7.080301045580559,-40.992,58.072,8.45216,11.442158800506135,130.18364567526402,539,3243.736,111.93158268057921,8452.16,3.5833940084744746,50.65953420932537,1.0,193.0,5.075266041354996,-1084.82,-750.544,884.605404,884.7486287954019,253.4153693407839,480,6056.071999999998,389.2053686384361,884605.404,2.069159566274627,107.46378668800068,16.0,224.0,1.226133575902794,-639.768,-359.656,462.09598400000004,462.4975026803237,371.24155660774414,542,6869.088,534.8243549187016,462095.98400000005,2.7105690875298634,75.57626989776728,3.0,193.0,1.3832896313868421,-47600,67620,8528.66,14500.758421544717,207095258.92440003,220,964460,292283101.68330455,8528660,3.3636391397016294,6.002283628588952,3.0,16.0,4.663204367264859,-30660,24360,5430.32,7640.840372629178,58375665.01760001,226,681660,53108837.45794944,5430320,3.837672767617662,10.019416406942891,3.0,42.0,4.012647628372066,-10220,7980,2940.28,3751.2111110946557,13613580.7024,134,263480,15592919.872195018,2940280,4.358675227556016,4.830754703378005,3.0,13.0,2.7244534357912107
4,10,-48.626,38.0114,5.96890397288,9.050653667846799,81.914149758218,405,4653.50790796,98.47960414726265,5968.90397288,3.4427571799122942,64.56507091407806,48.0,141.0,5.372650615584586,-63.9133,54.0459,6.978963827199999,10.192522679144437,103.8874875947583,386,5436.5551858,123.446487946077,6978.963827199999,3.230718778059039,68.68680882846348,57.0,154.0,6.2706066017176525,-24.2726,22.4785,3.44098744864,5.001812020195452,25.018121512311655,421,2642.44480474,29.0012891984488,3440.98744864,3.559949918975395,62.3638170509814,21.0,141.0,4.8527613396897555,-52.4813,66.7926,6.36122033354,9.713064745702708,94.34362425400376,405,4755.7912461999995,92.61380221881073,6361.22033354,3.0904326906947155,67.83516583274294,39.0,146.0,6.8765731258561456,-38.4378,43.8237,5.035380031819999,7.388389478182853,54.5882985046487,402,3917.99820532,66.57579379797981,5035.380031819999,3.2788774918365937,66.82200645082764,39.0,140.0,5.931427969438649,-13.8747,10.4835,1.98063858924,2.7438163090647163,7.528497796879711,421,1469.76331382,7.941516387818856,1980.63858924,3.699176084745366,56.01814644258675,39.0,139.0,5.0567160615535025,-45.9196,36.9514,5.39023380342,8.080744455506768,65.29840037718975,420,4348.37855244,75.05837418617222,5390.23380342,3.379869899923041,69.97327211276041,38.0,153.0,5.682595242658277,-22.6096,19.8756,3.0587405830799996,4.0926646156490305,16.749814237002784,412,2373.6931164,16.85985281860879,3058.74058308,3.5276904213479954,63.309371931462096,28.0,156.0,5.524420426132202,-67.9676,70.9073,7.21913489275,11.603580772424639,134.6430655286256,392,5796.0515865,179.61591806977603,7219.134892749999,3.017309962250573,64.73444182245467,38.0,139.0,6.110811945956187,-55.1639,47.9418,5.735744636880001,8.998732207288402,80.97716443925155,415,4536.806331000001,89.46412823903712,5735.744636880001,3.1273536828016866,70.88488820970602,38.0,156.0,6.130185756091368,-58.3916,45.9922,6.2381800127,9.48977955277672,90.05582627515085,420,4692.8538988,97.7675524712937,6238.1800127,3.2410644325584586,69.2175602413781,38.0,154.0,6.153103944644799,-39.3757,30.3247,4.147636405480001,6.3180503390909655,39.91775927243952,406,3157.7121803,39.23352388317195,4147.636405480001,3.2165242973523376,69.21321264407419,38.0,156.0,6.232254870838104,-65.0514,47.0134,5.61983353497,8.754454381683113,76.64027449526144,406,4341.703503639999,73.87371416968233,5619.83353497,3.014444983664102,71.06027428460261,38.0,156.0,7.430662970396718,-68.1169,38.6114,4.44799715285,7.214273770022524,52.04571980942486,431,3296.1152795,42.818033655262816,4447.99715285,2.726447611012593,66.84147255265104,29.0,158.0,9.441962167147883,-44.5842,36.3223,4.0670216320699994,6.5866411482879235,43.38373674814946,440,3131.12364944,47.2721700326567,4067.0216320699997,3.0054417350817313,58.628398834093986,51.0,142.0,6.768882499631674,-38.1256,27.9714,4.0261676081,6.054881166211852,36.66157549275174,423,3185.16749594,36.83533918588151,4026.1676080999996,3.2742341005518503,70.59490737906673,45.0,159.0,6.2966718839591564,5.856,81.984,36.870352,38.49384089040739,122.35292989209601,516,2878.7119999999995,101.16310873165895,36870.352,4.037874698295191,39.51978808446356,1.0,218.0,2.129795263439931,-991.616,-818.864,874.3208079999999,874.4028152204635,143.40796369913588,484,4164.591999999997,169.05682266441627,874320.808,2.8687106308091956,80.37389285036929,1.0,228.0,1.1340494137704527,-619.76,-395.768,478.329304,478.78463424841027,435.80292725958395,554,5299.191999999999,484.3839321408402,478329.304,3.156728017098659,54.44939759002499,1.0,220.0,1.2944442149295183,-49700,63980,10682.56,16189.451331036516,248865036.5824,163,838040,336911962.7820583,10682560,3.467354963263531,4.511950283989182,3.0,10.0,3.951956041731016,-26880,31360,6005.44,9179.72217444515,83652204.0816,191,574980,91543828.99160361,6005440,3.7374967505727086,5.275236035797034,3.0,13.0,3.4162253937598597,-15120,9520,3234.56,4404.805829999774,18998682.897600003,122,274960,20463445.760196835,3234560,4.139219793361802,4.536566188970609,3.0,14.0,3.432614417875663
5,10,-117.19,97.3036,15.584270093800002,24.569592401804236,603.6635315577901,420,14317.650466399999,799.572341587747,15584.270093800002,3.516162005348614,73.33502865595901,39.0,144.0,4.769716895726536,-96.5794,104.04,14.288420013000001,20.591985796917537,424.0262316702956,406,12661.4434578,536.2689810292338,14288.420013,3.5169474483422087,70.38666288501463,39.0,155.0,5.052451037314429,-43.5996,54.5547,7.115315070230001,10.205828661932346,104.15775490673049,420,6054.96544944,129.50638112474402,7115.315070230001,3.558891617792944,66.22869364082968,39.0,149.0,5.3454454123346755,-122.19,87.3747,14.94848091279,22.051604833625117,486.26950978281087,416,13765.6935472,637.8289163949798,14948.48091279,3.527095899329295,75.36701390028747,38.0,150.0,5.541093309167235,-100.759,66.926,11.19627726066,16.371743029488766,268.03151587891443,400,10189.338553599999,353.9186553508112,11196.277260660001,3.434799810733604,74.93738843869959,31.0,145.0,6.154445486868014,-31.8786,23.3964,3.7745875962,5.421060224820835,29.387644527471465,411,3374.1967652,38.37547715697188,3774.5875962,3.473028428152862,73.8146464724714,31.0,140.0,5.880510209800073,-132.607,80.9771,14.0967349532,21.457715760847552,460.4322573202058,418,12789.200874,626.6366450105834,14096.7349532,3.3925703184111016,78.67047486417577,38.0,144.0,6.179921547938437,-56.3053,37.6054,5.9056680611,8.827796709313635,77.92990953702366,454,5409.067309,104.50205778618681,5905.6680611,3.3409131794220803,78.94222465063147,73.0,144.0,6.3781826716281245,-156.915,119.538,19.9242515555,31.437475801441757,988.3126539557527,417,18186.417349999996,1309.2413789909126,19924.2515555,3.492343657035479,73.33747089485317,39.0,144.0,4.991335849960438,-72.4752,67.1638,10.281222570459999,15.755805158956047,248.24440564671602,424,9321.6058768,325.94859962395583,10281.222570459999,3.5528343110461535,72.4538577742769,39.0,144.0,4.599904560180667,-47.6735,39.7703,6.39838571261,9.5273646882949,90.77039071070737,426,5735.186317000001,117.79857699141152,6398.385712609999,3.5496705431770526,73.09380739719006,39.0,144.0,5.003849601618646,-71.4707,82.4644,10.758326086010001,15.546646019009332,241.69618359824307,404,9466.26575318,304.1738623932745,10758.326086010002,3.502175280959878,69.22899369624524,39.0,155.0,5.304320938366282,-21.9487,30.4741,4.2016698784,5.931583621343793,35.18336829758804,427,3426.2806898,43.08165876636581,4201.6698784,3.6863476734973717,63.38016430566634,26.0,138.0,5.137599323449499,-61.5613,42.1444,6.7895811092,9.73886366558674,94.84470305302497,422,6022.6335096,124.55017665026662,6789.5811092,3.406304268717152,73.97246154174651,31.0,143.0,6.321199486294596,-162.076,99.0078,18.1296618336,27.57363357552103,760.3025604646718,410,16528.485525,1030.3650845832221,18129.6618336,3.478093418122509,77.76284791459011,38.0,144.0,5.8779340617583955,-88.9882,55.3333,9.51809867324,14.339329087474345,205.61559126882912,437,8616.049024,279.8213966267763,9518.098673240002,3.405505599961334,78.62502387337528,31.0,143.0,6.2058830965622205,74.664,247.904,179.83288000000002,180.50313376949444,241.51657151359998,410,3053.4159999999997,259.16445173330663,179832.88,3.409008381051956,29.04671530262378,1.0,208.0,1.373405518358355,-780.8,-565.592,673.83528,674.2559251244115,567.0679926976002,402,3180.7840000000006,402.63006784127555,673835.28,3.6267964716998793,18.903203122610467,1.0,92.0,1.1580172615552904,-954.04,-295.728,713.1300160000001,713.7910611637329,943.2592770877441,428,4723.352000000001,930.2739935453449,713130.0160000001,2.285932151073546,66.96194108577585,1.0,234.0,1.3365816019670742,-30380,63560,13800.78,17127.52870673408,292063424.3324,119,903280,274657196.54491776,13800780,4.31662568842101,3.9443867522688656,1.0,14.0,3.7109848763534656,-38640,21420,7459.62,9747.623033334845,94155379.0716,180,746620,130965889.08035773,7459620,4.212025211875021,6.077199646206323,2.0,16.0,3.9640433229577337,-19180,35000,7028.14,8768.159875367237,72015515.11,83,610820,80278743.65951185,7028140,4.183051766032688,5.187821615883604,1.0,14.0,3.9917155363837495
5,10,-141.82,91.4769,14.552812039,21.641805301431006,468.367593698636,417,13271.329570000002,592.7589677866747,14552.812039,3.301906377357327,77.02440606777486,67.0,146.0,6.553057752100862,-100.232,96.8596,13.7098285724,19.127167813890583,365.84838506364974,433,12898.048029000001,440.5256236700428,13709.8285724,3.474145620967785,76.75453836986625,43.0,158.0,5.240294902793149,-51.9149,44.8147,7.055651569809999,9.698804360808285,94.0667834427912,427,6484.961419820001,107.56551369467988,7055.651569809999,3.5336566014261783,75.91675898915896,49.0,156.0,5.352711331077255,-120.36,94.3022,14.633034583030001,20.71141509309874,428.9625953700869,417,13412.207604,527.278115949348,14633.034583030001,3.4453210184134533,73.53533552414704,50.0,154.0,5.811288096876838,-84.0737,70.863,10.79328210751,15.14774808261575,229.45426860676304,423,9876.065331180002,276.8658309978348,10793.28210751,3.491118183327445,73.80045507474819,50.0,155.0,5.550244138037048,-22.4682,21.8227,3.5094399828230007,4.7509789398402225,22.571798285406153,428,3122.3420161999998,25.1021504564217,3509.4399828230007,3.639009444253905,71.82928401127921,49.0,158.0,4.729172720928882,-129.0,92.9825,13.1400726868,19.492426061765805,379.9545291348718,404,12156.740467000001,480.5922165122738,13140.0726868,3.2420294381475334,75.71416729098407,51.0,153.0,6.617955076050394,-49.817,40.1626,6.02114246221,8.659166476791029,74.98111349155495,412,5423.5787722000005,93.98576551932392,6021.14246221,3.4158507660011908,74.84515247971333,76.0,153.0,5.753094149826476,-170.184,117.676,18.279963111899995,27.07398870961132,733.0006954184798,411,16609.933669,929.3656993892433,18279.963111899997,3.344900160098368,76.66881333844123,67.0,146.0,6.285885756448748,-96.919,66.6965,9.80914752489,14.455353736343968,208.95697145739896,404,8925.22395154,261.4875000568673,9809.147524889999,3.2556098589521096,76.4245546777971,68.0,146.0,6.7047131303555805,-60.4043,44.4191,6.276223683884,9.08195181424819,82.48184661319897,398,5551.2852656,103.1862071183054,6276.223683884,3.260504091767816,73.23495343807278,67.0,144.0,6.651026259050935,-76.8292,73.3338,10.5734770651,14.594960967528136,213.01266899804415,437,9931.6756722,250.89860270341202,10573.4770651,3.4937112014335776,77.07752365393009,49.0,158.0,5.264090816750715,-30.882,22.4123,3.9639294017,5.475978017885933,29.98628479462535,426,3577.5319032,34.229588013169156,3963.9294017,3.5620998246985685,73.11665388743288,49.0,151.0,5.639540534883733,-43.4768,39.8286,6.424494981900001,8.762002945391972,76.77267739132924,428,5873.2240626,87.91971592380483,6424.4949819,3.6095036774315283,74.08150676083606,49.0,158.0,4.961970484484361,-166.69,112.816,16.91336289013,24.85347226672069,617.6949778443538,419,15445.722212800001,780.068547814643,16913.36289013,3.284513620557389,74.75987639138472,51.0,153.0,6.7069099323880526,-84.6412,70.8546,8.978713568039998,13.231513980816695,175.07293937778084,406,8282.00867812,219.85808289063863,8978.713568039999,3.2126573664017157,75.36971661021052,76.0,153.0,6.396939921063791,91.256,163.48,129.08380799999998,129.74461790949172,171.03638869913604,481,2378.024,148.99576525406098,129083.80799999999,4.390864686975943,13.597440973382827,2.0,44.0,1.2600137303116625,-679.296,-460.184,562.138424,564.1289534144192,2241.868343244225,452,2992.904,887.3176343443641,562138.424,4.389941170515961,9.52560454607805,1.0,77.0,1.2041502140397624,-898.408,-714.92,813.288112,814.1320442158066,1373.432298483456,463,3482.8560000000007,693.2885807039274,813288.112,4.362671780242424,9.91603916101991,1.0,43.0,1.1035163231602931,-36540,74480,22627.36,27912.768017522016,778420776.5823998,124,920780,618717438.2402818,22627360,4.368760402657862,3.07523118350435,2.0,7.0,2.668312936690685,-21700,15960,5135.34,6730.857270808823,45010437.071600005,208,546420,45174775.082338236,5135340,4.316926146983599,6.855354955321883,2.0,24.0,3.223957829875716,-24220,24780,7178.78,9045.400975081204,81652046.8764,86,531440,93269659.41737017,7178780,4.278405446326888,4.0751562441295,2.0,12.0,2.7395137118039745
5,10,-93.7189,61.8873,10.6209550298,16.563220445394226,274.34004782651516,388,8989.045530399999,349.77825328868187,10620.9550298,3.4145362235835455,70.83600876962949,53.0,141.0,5.65825349659345,-87.6892,72.3801,10.2099735219,14.82812361189694,219.87324974330124,394,8763.587152,263.01764567603783,10209.9735219,3.368947560794719,70.16095546429054,51.0,149.0,5.913708456654958,-30.2142,35.4413,5.5989313872,7.80493507397592,60.91697396114971,397,4503.4463676,71.32734643820235,5598.9313872,3.7811061559077643,67.41851266320124,31.0,143.0,4.540883385202307,-69.9245,94.7472,10.37299990026,15.035799862537155,226.07526949203265,402,8921.11443084,268.9908483605966,10372.99990026,3.344872332301097,69.34535566974529,51.0,144.0,6.301440619469131,-48.1274,72.5696,7.7469040446,10.990722055178985,120.7959551052174,398,6588.0196732,142.79296482797957,7746.9040446,3.383132277526235,69.21115450592869,51.0,143.0,6.602805496823947,-18.6537,22.13,3.0499020471,4.145835197255397,17.187843633176563,407,2486.94876236,16.995447165650564,3049.9020471,3.5829289737389156,67.19053080040499,75.0,133.0,5.337887047379592,-69.3555,71.4301,9.54686285939,14.061770751124541,197.7332067033489,407,8453.8585604,240.84397137069956,9546.86285939,3.4319280461294914,72.530978944695,80.0,143.0,5.079737201254517,-32.254,27.2872,4.497928359993001,6.294729965145072,39.62359832909957,422,3935.255542834,47.05899768620601,4497.928359993,3.60723878827141,67.74887808674255,80.0,146.0,5.12396880860586,-128.18,78.269,13.672420930200001,21.538794497641906,463.9195455335241,398,11580.164878,591.8802651906823,13672.420930200002,3.3889425596757445,70.74844924667403,53.0,142.0,5.951122288391456,-56.3,38.8561,7.2328828211500005,10.84258018186567,117.56142762025863,410,6104.7362259,145.62170843609172,7232.88282115,3.590277353604182,70.8628829885973,53.0,142.0,5.192490998974796,-34.4785,25.1062,5.16912315064,7.394952341786863,54.68517921558581,430,4264.105673,54.59681453909779,5169.12315064,3.789968690189073,70.91160529968654,53.0,145.0,4.662437079569989,-58.0825,56.1937,8.0346781972,11.455013157303942,131.21728780447992,390,6719.914493,156.76632329328217,8034.6781972,3.510427330313958,69.29927683739314,51.0,145.0,5.070487410393366,-17.6172,19.0375,3.5543159224000003,4.890449530594582,23.91642929482375,410,2900.288033,24.659812474054675,3554.3159224,3.9572481423031154,67.9028681182489,31.0,143.0,3.8927914255942477,-24.6338,45.327,4.8922402600799995,6.775708300957513,45.91018848744087,416,4139.3587007999995,52.757748622158466,4892.24026008,3.488480102222263,68.67878434411492,75.0,140.0,6.689632727193198,-97.4792,88.3899,12.3927907478,18.450475593062816,340.4198934856815,418,10753.2267804,411.75156406400447,12392.7907478,3.4001044496976576,71.28223730640006,80.0,141.0,5.283289284784137,-42.75,47.4519,6.63503946955,9.478989201296546,89.85121241167683,401,5873.0495788,107.68661340596877,6635.03946955,3.555548708566903,71.42717566037051,80.0,143.0,5.006008445869891,143.472,209.84,172.091248,172.67295210671531,200.55075105049602,453,2056.432,133.63396836216805,172091.24800000002,4.642736596441806,9.996561786940656,1.0,23.0,1.215245337731382,-731.512,-630.984,679.475584,679.7864897413128,422.6023826749441,445,2394.616,238.94036876170173,679475.584,4.539555490747396,10.446315351693238,1.0,50.0,1.0760908182779136,-797.88,-669.048,710.479688,710.7732127116328,417.1728478386557,490,3174.927999999999,326.827658044036,710479.688,4.151900258036466,12.680393219949863,1.0,72.0,1.1225521526846105,-28280,62860,11745.3,15740.574868790529,247763677.59640002,125,613620,301720185.05412054,11745300,4.1188447328164015,2.6308261756760825,1.0,9.0,3.9935009060333018,-20720,13860,5558.84,7312.539203313716,48208040.44,166,440860,56666924.51210344,5558840,4.472519529283976,4.0841450789056895,2.0,11.0,2.8334890827813437,-18900,25480,6269.62,8155.031845431384,62301962.3996,73,423500,71830851.91083665,6269620,4.309330322939805,3.985826273340518,2.0,13.0,3.124451318270991
5,10,-104.211,92.1842,14.556289890710003,21.42677000218145,459.10617573316074,413,12443.78189158,583.0835765633861,14556.289890710003,3.5554003193274886,68.9681333273175,43.0,140.0,4.8635888652088175,-99.7212,66.0607,13.0720156895,18.339485947355637,336.33669576063016,435,11841.990105199999,426.5315585102364,13072.0156895,3.6450739940369408,72.16871634739329,43.0,147.0,5.437513367945777,-44.0802,34.5696,6.630508368459999,9.375884897260894,87.90721596190313,436,5849.75489692,114.97388730995226,6630.5083684599995,3.7423194931259856,67.63692421268003,43.0,145.0,4.701444235186564,-135.614,83.2077,15.001659553939998,21.28195840251296,452.9217525056517,405,13549.8434924,574.4518689684675,15001.659553939999,3.461061336916768,75.19865337237711,75.0,146.0,6.372251906290109,-103.552,59.9042,10.87542424251,15.48218068304773,239.69791859069647,403,9948.7443658,305.15261138196576,10875.42424251,3.4249919759593004,75.3550664829989,93.0,147.0,6.688463474230387,-28.8766,17.3644,3.51520580073,4.9714745880620015,24.715543766971873,426,3142.04861716,31.856444401617566,3515.20580073,3.616176957610202,67.37240286623549,25.0,145.0,5.808457729893935,-137.115,89.8291,14.51762933728,21.29520747643379,453.4858606366774,407,13041.021018759999,578.8882153970952,14517.629337280001,3.372918568303544,76.2681434122694,93.0,146.0,6.43877267463759,-54.5251,42.9622,5.8578687903999995,8.601339831688739,73.98297168720354,430,5320.8868556,93.33162622614051,5857.8687904,3.2791295339596056,75.17039218400896,93.0,147.0,6.339140304527981,-129.143,126.822,18.68000008258,27.339499091284036,747.4478768672172,415,15866.291150000001,942.1377002991429,18680.00008258,3.5339172449929768,68.86368582182773,43.0,142.0,4.723678351560268,-69.3511,52.475,9.68005037619,14.144478844986565,200.06626729304446,406,8223.49073706,255.18731877377718,9680.05037619,3.6679024584065707,68.10971689575238,43.0,136.0,4.903050919022098,-47.2662,32.3266,5.805188259754999,8.42401985978962,70.96409378894452,417,4976.986444104,89.52410890025355,5805.188259754999,3.5598986233378134,68.49446260539732,44.0,139.0,5.6108842080982955,-75.0356,51.7491,9.992589193650002,14.057400058114418,197.61044220434474,424,9029.5974541,254.68697328614954,9992.589193650001,3.651572779783784,70.81731589383212,43.0,146.0,5.337800709220541,-22.4955,19.9452,3.762041033,5.335017562548769,28.46238389977294,446,3259.5503864,36.734525418638164,3762.041033,3.8239523038257803,65.26667024685452,43.0,139.0,4.216574685323608,-60.6245,34.2769,6.3566506698600005,9.074924730126881,82.35422755028196,431,5879.827055350001,106.13063280914562,6356.650669860001,3.432741300420445,72.70043080526779,93.0,146.0,6.680441083851544,-167.484,107.816,18.7647538786,27.395647185290986,750.5214754223907,407,16680.023608,955.9969807288383,18764.7538786,3.4554908799983934,75.775864140864,93.0,146.0,6.113525950572321,-92.8635,57.5035,9.656634119800001,14.07177683766883,198.01488004515608,421,8660.024408,251.0294110247932,9656.634119800001,3.374083930641238,75.745952200338,93.0,146.0,6.599273216969523,148.352,231.8,197.02951199999998,197.61194403335037,229.85182568185596,464,2676.68,183.35876861654353,197029.512,4.345476676543021,10.475600950982994,1.0,29.0,1.1730060201263939,-742.248,-532.896,632.871584,633.6780256241934,1021.3983243069443,387,3033.4080000000004,469.8089270996733,632871.584,3.991498085018015,9.844264871297954,1.0,49.0,1.171333027161328,-807.152,-671.488,745.320448,745.9563805101528,948.3514168872956,462,3246.1759999999977,566.2132854615037,745320.4480000001,4.576707711672715,7.140000206669409,1.0,31.0,1.082036458281912,-47040,50400,17807.72,21614.848414920703,463018010.84,118,889000,426647183.5264673,17807720,4.5920061586333,3.2222813667256465,1.0,10.0,2.3317304397660705,-20860,18200,5584.32,7309.394502966713,53363178.26559999,165,672000,65109153.61603861,5584320,4.437923400353326,5.005509094132234,1.0,16.0,2.8538615601515844,-31780,24360,8538.88,10921.931111300784,118068438.03999999,115,585900,122958668.93680145,8538880,4.4185149191834086,3.6249560190313157,1.0,12.0,2.9097418465785445
5,10,-97.0306,86.0505,11.5116500163,17.589515262226996,309.3909956673176,423,10188.550215,402.6488442034795,11511.6500163,3.326982392033681,71.4746288344058,27.0,144.0,5.516388516309518,-78.4927,81.9721,11.66249961595,17.028007526022694,289.95304000248433,411,10227.8081876,365.1316119923515,11662.49961595,3.544103156788401,72.04763668540892,38.0,145.0,4.813957233383169,-39.0069,39.1135,5.996750853,8.553637913608265,73.1647185516389,414,5204.5854516,87.95849028062372,5996.750853,3.6399751580915747,69.49205111142614,38.0,144.0,4.572732724373689,-91.2124,81.8686,13.242425903900001,19.197073690011283,368.52761714313704,403,11606.8258932,460.4467435479395,13242.4259039,3.6187528111106375,71.70552197336467,38.0,142.0,4.751369999035847,-73.2693,60.724,9.8207426501,14.16216523435976,200.56684541316022,395,8633.2825158,248.091944556713,9820.742650099999,3.5789752641757944,71.5610321526045,38.0,141.0,5.173594488379258,-24.2732,17.3901,3.45585719942,4.659719725563173,21.712952089482407,405,2854.50476166,24.534901635539075,3455.85719942,3.7240392445558665,67.68149386073684,38.0,138.0,5.209154504902404,-97.2866,78.6345,12.72655240819,18.719216333079004,350.4089963112689,403,11163.1967408,434.83435860645574,12726.55240819,3.5368306848836233,71.74859236250529,37.0,139.0,5.197151326686867,-51.0079,30.7313,5.78215502774,8.298543166074907,68.86578103393902,419,5010.7849876,82.78321482795681,5782.15502774,3.4984597542891596,70.26277161290587,36.0,137.0,6.146608986565772,-126.709,103.802,14.522771523600001,22.335421519986443,498.87095469499695,423,12819.343852000002,651.9700787132577,14522.7715236,3.326794700221662,71.06448956190228,27.0,145.0,5.673006882212488,-57.4761,65.9172,7.756678292939999,11.696721300165482,136.81327161238906,432,6839.713812460001,174.438738068202,7756.67829294,3.3250709973188695,71.77065361323162,52.0,144.0,5.635527966206001,-33.9081,45.7029,5.1615500985,7.4340888947087125,55.26564709074246,431,4358.601399,63.81041809320912,5161.5500985,3.3823217942923907,70.45050948315762,50.0,143.0,6.147747309361541,-60.4594,57.4768,8.981409951349999,12.961377516121797,167.9973028458784,409,7843.415869500001,209.82128501719825,8981.409951349999,3.598729378047866,71.46336228234935,38.0,145.0,4.664581362960733,-22.3669,22.5278,3.6104112315,5.115516657733259,26.16851007263524,420,3058.68320552,28.521418496593878,3610.4112315,3.688678873524458,66.70279392827545,38.0,142.0,4.403817152260493,-43.5572,34.0459,5.9722680831999995,8.335535865562548,69.48110022783474,409,5138.670901400001,82.98908527237565,5972.2680832,3.639836740188721,70.07777104714657,38.0,141.0,5.2254828846639985,-111.43,103.668,16.113967572950003,23.630326457994748,558.3918166522973,409,13998.775108400001,690.2455056037413,16113.967572950001,3.58966898654841,71.14973883564126,37.0,139.0,4.715550595463752,-68.1478,51.1811,8.89743299077,12.89666088787238,166.3238414811041,409,7748.9917206,203.57775440400428,8897.43299077,3.572257986962267,71.02049946787322,36.0,137.0,5.284142972549125,120.048,207.4,147.303776,147.70425879628522,118.14564270182399,445,2434.6320000000005,139.3387634942872,147303.776,3.8658109327367605,14.90448982805562,1.0,52.0,1.4041572104298468,-765.672,-628.544,681.9731680000001,682.3177998578199,470.17813085977605,376,2796.24,335.57802216535833,681973.1680000001,4.234913254497046,11.46184119610025,1.0,49.0,1.1221633088856093,-863.272,-659.776,713.866896,714.2849832066751,597.092029885184,432,3412.5840000000007,533.0547533309237,713866.896,3.826763436127381,12.657846906311082,1.0,63.0,1.2085820369965923,-63980,45080,15946.98,20031.576023867918,401175365.07159996,95,886340,424371738.24870723,15946980,4.351791546656722,3.1072786260580068,1.0,11.0,3.193957376282669,-22400,22120,5659.64,7325.57809322923,51898916.44,172,559300,61632459.687569626,5659640,4.126858775229766,4.591704626380679,2.0,17.0,3.057779156119231,-25900,18200,7198.94,9253.312682493766,84711350.35159999,82,544320,93181541.03892939,7198940,4.562867988410018,4.187675933873752,1.0,13.0,2.7989976010429114
