substance,volume,1,1,1,1,1,1,1,1,1,1,1,1,1,1,2,2,2,2,2,2,2,2,2,2,2,2,2,2,3,3,3,3,3,3,3,3,3,3,3,3,3,3,4,4,4,4,4,4,4,4,4,4,4,4,4,4,5,5,5,5,5,5,5,5,5,5,5,5,5,5,6,6,6,6,6,6,6,6,6,6,6,6,6,6,7,7,7,7,7,7,7,7,7,7,7,7,7,7,8,8,8,8,8,8,8,8,8,8,8,8,8,8,9,9,9,9,9,9,9,9,9,9,9,9,9,9,10,10,10,10,10,10,10,10,10,10,10,10,10,10,11,11,11,11,11,11,11,11,11,11,11,11,11,11,12,12,12,12,12,12,12,12,12,12,12,12,12,12,13,13,13,13,13,13,13,13,13,13,13,13,13,13,14,14,14,14,14,14,14,14,14,14,14,14,14,14,15,15,15,15,15,15,15,15,15,15,15,15,15,15,16,16,16,16,16,16,16,16,16,16,16,16,16,16,17,17,17,17,17,17,17,17,17,17,17,17,17,17,18,18,18,18,18,18,18,18,18,18,18,18,18,18,19,19,19,19,19,19,19,19,19,19,19,19,19,19,20,20,20,20,20,20,20,20,20,20,20,20,20,20,21,21,21,21,21,21,21,21,21,21,21,21,21,21,22,22,22,22,22,22,22,22,22,22,22,22,22,22
,,min,max,mav,rms,variance,ssc,abs_diffs,total_power,iemg,shannon_entropy,mean_freq,peak_freq,spectral_edge_freq,crest_factor,min,max,mav,rms,variance,ssc,abs_diffs,total_power,iemg,shannon_entropy,mean_freq,peak_freq,spectral_edge_freq,crest_factor,min,max,mav,rms,variance,ssc,abs_diffs,total_power,iemg,shannon_entropy,mean_freq,peak_freq,spectral_edge_freq,crest_factor,min,max,mav,rms,variance,ssc,abs_diffs,total_power,iemg,shannon_entropy,mean_freq,peak_freq,spectral_edge_freq,crest_factor,min,max,mav,rms,variance,ssc,abs_diffs,total_power,iemg,shannon_entropy,mean_freq,peak_freq,spectral_edge_freq,crest_factor,min,max,mav,rms,variance,ssc,abs_diffs,total_power,iemg,shannon_entropy,mean_freq,peak_freq,spectral_edge_freq,crest_factor,min,max,mav,rms,variance,ssc,abs_diffs,total_power,iemg,shannon_entropy,mean_freq,peak_freq,spectral_edge_freq,crest_factor,min,max,mav,rms,variance,ssc,abs_diffs,total_power,iemg,shannon_entropy,mean_freq,peak_freq,spectral_edge_freq,crest_factor,min,max,mav,rms,variance,ssc,abs_diffs,total_power,iemg,shannon_entropy,mean_freq,peak_freq,spectral_edge_freq,crest_factor,min,max,mav,rms,variance,ssc,abs_diffs,total_power,iemg,shannon_entropy,mean_freq,peak_freq,spectral_edge_freq,crest_factor,min,max,mav,rms,variance,ssc,abs_diffs,total_power,iemg,shannon_entropy,mean_freq,peak_freq,spectral_edge_freq,crest_factor,min,max,mav,rms,variance,ssc,abs_diffs,total_power,iemg,shannon_entropy,mean_freq,peak_freq,spectral_edge_freq,crest_factor,min,max,mav,rms,variance,ssc,abs_diffs,total_power,iemg,shannon_entropy,mean_freq,peak_freq,spectral_edge_freq,crest_factor,min,max,mav,rms,variance,ssc,abs_diffs,total_power,iemg,shannon_entropy,mean_freq,peak_freq,spectral_edge_freq,crest_factor,min,max,mav,rms,variance,ssc,abs_diffs,total_power,iemg,shannon_entropy,mean_freq,peak_freq,spectral_edge_freq,crest_factor,min,max,mav,rms,variance,ssc,abs_diffs,total_power,iemg,shannon_entropy,mean_freq,peak_freq,spectral_edge_freq,crest_factor,min,max,mav,rms,variance,ssc,abs_diffs,total_power,iemg,shannon_entropy,mean_freq,peak_freq,spectral_edge_freq,crest_factor,min,max,mav,rms,variance,ssc,abs_diffs,total_power,iemg,shannon_entropy,mean_freq,peak_freq,spectral_edge_freq,crest_factor,min,max,mav,rms,variance,ssc,abs_diffs,total_power,iemg,shannon_entropy,mean_freq,peak_freq,spectral_edge_freq,crest_factor,min,max,mav,rms,variance,ssc,abs_diffs,total_power,iemg,shannon_entropy,mean_freq,peak_freq,spectral_edge_freq,crest_factor,min,max,mav,rms,variance,ssc,abs_diffs,total_power,iemg,shannon_entropy,mean_freq,peak_freq,spectral_edge_freq,crest_factor,min,max,mav,rms,variance,ssc,abs_diffs,total_power,iemg,shannon_entropy,mean_freq,peak_freq,spectral_edge_freq,crest_factor
0,10,-99.9552,67.3604,14.047129272760001,19.68902794514862,387.62758409555465,442,13048.49908352,449.4376456306926,14047.129272760001,3.7508662485517092,74.37203429225978,52.0,150.0,5.076695521915239,-125.49,121.192,18.04300157619,26.143261330369196,683.4076173278969,434,16126.33621002,814.5368013842874,18043.00157619,3.5708275934514555,70.57742154913174,35.0,151.0,4.800089721561446,-70.0775,41.7768,6.94463048552,9.97183256993172,99.43702399357609,436,6246.01608202,120.98332115931069,6944.630485520001,3.3304417000927633,67.18029201525434,52.0,140.0,7.027544787635743,-123.419,87.233,15.149124935414,22.03299745157047,485.43179864342187,434,13711.752046000001,574.7247643368537,15149.124935414,3.5230158809329675,67.9408972998821,48.0,146.0,5.601552865028037,-67.5792,60.1536,10.520914507500002,14.735514316837627,217.13352728705942,420,9293.5722044,261.61902816067425,10520.914507500001,3.74510466235648,64.63731819542592,50.0,139.0,4.586144639877293,-88.6856,57.0774,10.07394418728,15.178112651403625,230.37509904657028,412,8497.2256142,286.3911102874584,10073.94418728,3.4600867118067344,62.998088272597585,27.0,131.0,5.8429926063171385,-84.5741,56.4135,10.32400603448,14.454430638064883,208.92522662770696,423,9284.2932444,251.50590048362443,10324.00603448,3.5684253157311523,67.45989994236712,75.0,140.0,5.8510848415764745,-62.0087,41.0153,7.30192056702,11.015544858057329,121.34131790621561,413,6245.4714222,146.9423085283737,7301.92056702,3.4781474383716913,64.96167089350281,52.0,131.0,5.629199535658346,-130.953,87.0617,16.49879502744,23.670091259025956,560.2311341012226,444,15770.56792,650.5791826061673,16498.79502744,3.5895240663978822,77.94636277876504,52.0,152.0,5.532424804237482,-46.6432,34.8246,7.15647529834,9.682753756493803,93.75462462369964,444,6582.6721726000005,105.83247783289814,7156.47529834,3.8072723280933287,69.66214633651997,52.0,144.0,4.81714202106177,-40.406,34.452,6.31612305405,8.564956602819343,73.3581881677276,666,7865.906075599999,79.40953251719722,6316.12305405,3.749014926387546,89.57471743623792,200.0,200.0,4.71759541510105,-60.1776,69.7088,11.47299408316,15.900741831141037,252.82741070198333,442,10059.453078679999,307.22979067708,11472.99408316,3.8299802996131547,68.87036496193998,51.0,142.0,4.383996717906443,-68.0478,42.132,6.90354919273,9.90450785933442,98.09881293050562,438,6124.2342816,119.53194474684463,6903.54919273,3.328779719160186,66.5759576246221,22.0,138.0,6.870386794218041,-85.4959,56.8237,10.1560443742,15.166254332268812,230.01524486875383,406,8568.9165606,285.2394621817681,10156.0443742,3.511881140632767,62.85290064406546,52.0,131.0,5.63724556683009,-159.211,123.689,16.9413841048,24.794059171986603,614.7199912436706,425,15148.3398238,738.994883641599,16941.3841048,3.2678713600191642,69.90971853440413,75.0,145.0,6.421336615179311,-65.3197,52.7328,9.7035709566,13.92531458197246,193.91167655610087,417,8284.7282872,234.3676001505375,9703.5709566,3.7118138974366874,64.10626835833443,50.0,132.0,4.6907162933727955,-201.056,-82.472,127.62956799999998,129.9743894201931,604.0352772853761,508,3032.432,558.8605389922831,127629.56799999998,4.291033043497497,5.929941431350188,1.0,19.0,1.5468893594876434,-994.056,-888.16,951.959168,952.1939954037433,447.1473436917758,428,3127.5920000000015,268.5928453855323,951959.168,4.290176983629122,12.063468748456419,1.0,54.0,1.0439637351194455,-423.096,-167.872,258.74735999999996,266.14211834371497,3881.4308495104,464,4668.696,1783.438023655181,258747.36,4.456598415988511,5.574595157871001,1.0,22.0,1.5897371022409297,-88340,103880,21908.46,31920.492145328837,989725193.6796001,172,1059240,1064411809.9644,21908460,3.7544862728269384,2.1641119690513744,1.0,4.0,3.2543357892807907,-57260,72800,13249.18,19419.280347118944,370202380.55639994,130,930160,403846543.98854715,13249180,3.865556394264288,3.3644264688329,1.0,9.0,3.7488515896934693,-34580,28420,8388.38,10978.031062080303,118627475.8844,71,412160,155296297.0903339,8388380,4.276878008763031,2.387676630339921,1.0,8.0,3.1499273234381975
0,10,-52.4422,55.7683,8.413953257400001,11.9097376545056,141.84142148841224,467,7810.0407374,131.4828584610055,8413.9532574,3.6360970562860473,68.33854981342488,42.0,153.0,4.682580054893331,-104.366,67.8759,11.6109793271,17.01989597005155,289.67623734315504,483,11392.1642624,269.11252491596633,11610.979327100002,3.4308384568455352,79.1958722750854,42.0,164.0,6.131999877299126,-36.8073,33.7433,5.250942832000001,7.141656970607158,51.002492198518055,509,4861.057819400001,55.66111973126202,5250.942832000001,3.575456141221933,69.25195819599242,66.0,165.0,5.153887977466211,-84.944,64.1241,10.6752433804,15.120780772133914,228.6374095018992,491,10440.291788,211.66903939239978,10675.2433804,3.513323170037854,79.35691223367081,42.0,169.0,5.617699329160522,-36.6232,41.5135,7.414619298970001,9.905749469501377,98.12268141806064,521,7180.7615094,101.12242277482468,7414.619298970001,3.9104085898075387,76.35946954102702,34.0,172.0,4.190848973902997,-29.9465,29.2359,4.1120490493399995,5.710567761521845,32.61015260319873,583,4047.1175461000003,38.757414483290496,4112.049049339999,3.4521449625013654,73.42948933909946,18.0,184.0,5.244049497456514,-42.3642,42.4082,7.40151675334,10.027897526022707,100.557859414412,499,6989.8795815,100.22799548764706,7401.51675334,3.7918614326323996,69.8732768407931,25.0,169.0,4.229022074662151,-26.7843,28.9862,4.631741506914,6.432864559895762,41.38174583350014,557,4593.01564832,42.259404838875476,4631.741506914001,3.7321282513597924,67.32255304262112,32.0,200.0,4.505955275462801,-118.699,87.1874,13.182689363599998,20.493615788099522,419.9862473252871,473,12890.641341999999,363.5784185176585,13182.689363599999,3.3381656122458687,77.83707630001891,42.0,154.0,5.79199889503772,-28.5807,29.9854,5.916326508030001,8.040688010593886,64.65228870406831,503,5317.37624254,63.15784372061376,5916.326508030001,4.00539641479752,64.95284300204959,42.0,162.0,3.7292082419431263,-24.8178,25.3938,4.46716497262,6.126234412472106,37.53071559748868,550,4145.25152506,39.594880640121815,4467.16497262,3.8405341449196198,64.607877447074,42.0,199.0,4.145091142497254,-53.1626,36.8945,8.01421024803,10.953471921677155,119.97772401179371,493,7507.22193134,114.23492527924166,8014.21024803,3.829959012702722,72.9208751418408,42.0,165.0,4.853493064129747,-29.0874,25.6166,3.6619566438,5.118725177638104,26.201122396357693,560,3494.5065118,30.055739153868444,3661.9566438,3.4079381902784838,67.32317044654349,48.0,200.0,5.682547702907072,-68.7915,41.7765,6.000620608239999,8.831285938399029,77.99064174734752,529,5642.3309904,95.98209510283334,6000.6206082399995,3.0975706684513047,73.09791042655527,54.0,164.0,7.789522440994681,-65.8893,68.0079,10.289288157745,14.49610610134483,210.1364654334582,459,9785.670318600001,182.35543725867157,10289.288157745,3.622479272689297,75.42912453962943,42.0,169.0,4.6914598668459515,-41.5783,36.6893,6.3136459644,8.69848388953906,75.66360657645264,533,5909.8926372000005,78.4582272775441,6313.6459644,3.6877198444913692,66.66651732845325,22.0,168.0,4.779947922879152,-194.224,30.256,93.92731199999999,98.79151597387298,959.228386891776,439,3896.192,763.4415610212573,93927.31199999999,3.8983364525631288,11.552453746478909,1.0,60.0,1.9659987812249555,-1274.17,-840.336,964.8457900000001,965.0517337316109,397.4502976639,440,4026.500000000001,305.6963484789476,964845.79,2.173031175749346,64.01797470568496,1.0,219.0,1.3203126376169567,-577.792,279.624,245.475224,252.11727725478872,3579.2861903354246,479,6833.951999999999,1954.9286914186428,245475.224,2.7616205862553547,43.33478137585795,1.0,213.0,2.2917588445003148,-57260,75460,14715.96,21185.94702155181,407741378.65440005,196,934500,430908808.8498583,14715960,3.6298291671542855,2.8527805953060983,1.0,7.0,3.5617949918989638,-423220,334180,28088.76,49468.95473324659,2326501984.5424004,75,2881900,1862435356.635153,28088760,2.452164804911142,13.775126539270367,1.0,64.0,8.55526465602813,-58380,38360,6789.44,9448.42772105497,79291989.02239999,108,522760,69264100.0791154,6789440,3.3464382870454075,5.508176611724624,1.0,20.0,6.178805799604672
0,10,-78.5187,77.4497,11.63698695291,16.57245889773286,274.646183492345,449,11246.229577799999,301.526848628365,11636.98695291,3.5885302802920895,82.52479053138414,84.0,160.0,4.737902835332509,-106.154,85.4167,13.562678503,20.335313235260966,413.524660558967,462,13436.509469800001,508.5981290796452,13562.678503000001,3.5040584991927135,79.36149710837658,63.0,164.0,5.220180224021895,-25.1973,24.1868,4.804725991465,6.353989064021887,40.37284946625729,471,4431.721122225999,48.02805738389476,4804.725991465,3.953608024994814,68.44106440230378,58.0,152.0,3.9655875617845107,-101.405,90.5261,11.051675472909999,16.672184264927225,277.9616720141224,449,10818.617213399999,347.3158033257754,11051.67547291,3.202052885001405,75.70788517212857,36.0,159.0,6.082286423220661,-61.9419,57.3941,7.30334238618,10.271490916497152,105.50336405207798,455,6795.6856298,131.22669491955057,7303.34238618,3.3072507602139622,70.01077942580379,63.0,150.0,6.030468264399129,-43.5607,41.6513,5.5011250095,7.5541097026229735,57.06449949641569,433,4912.8855554,70.91371227297046,5501.1250095,3.374753579335445,66.9251121694277,36.0,144.0,5.766490256935857,-60.0994,84.1351,7.6280511530999995,10.79898731913169,116.61809530325266,461,7234.7305926,140.8657749057433,7628.051153099999,3.085194317041555,74.10941084749192,63.0,160.0,7.791017575411415,-37.6286,39.5327,3.97325603736,5.747710935482819,33.036179895269726,445,3606.12899144,36.82652456917572,3973.25603736,3.0537326591546363,67.1673995474844,33.0,149.0,6.87799028930796,-103.707,104.813,13.82113052609,20.26912895528127,410.8371086983162,459,13818.238603399997,458.3077011686048,13821.13052609,3.4186220783587977,86.15172759235686,84.0,162.0,5.171065822870015,-34.642,25.0259,5.19025368339,6.989043547740596,48.84613083546603,455,4862.862749,48.6585927975678,5190.25368339,3.7796101925185708,72.56787671879295,84.0,160.0,4.956615274088398,-16.8009,17.5619,4.187635133100001,5.204998869526989,27.091685223771368,752,6176.6316996000005,26.73321769054354,4187.6351331000005,4.20774496647728,124.3996486694468,200.0,200.0,3.3740449210887076,-54.5379,38.7221,8.25144228306,11.269395857680358,126.99907138109532,446,7451.2070208000005,156.64532793359587,8251.44228306,3.8217642394475995,67.51017725978274,36.0,149.0,4.83946971858577,-24.6214,23.8305,4.684216805399999,6.208512855628609,38.545334337491916,461,4355.902489,45.84048366588546,4684.216805399999,3.9381672587686802,68.72030963408203,58.0,152.0,3.9657484123075233,-44.7382,43.0076,5.6687442275499995,7.799384590701228,60.83031816461104,431,5104.7117351,75.46100485113175,5668.74422755,3.3650887975626516,67.60165189310145,36.0,146.0,5.7361192386049105,-100.048,144.103,12.697185417280002,19.315234965968468,373.0782641076584,463,12498.3897152,448.51193577171813,12697.185417280001,3.0516963410219073,82.82987131455612,50.0,161.0,7.460587471697612,-47.3776,60.878,5.607982451380001,7.827463936259061,61.26910137751458,439,4954.01430902,71.04732085802593,5607.98245138,3.0477798908434397,66.02226708473151,33.0,150.0,7.777487126832437,-299.144,-79.544,155.96236,161.97683400091506,1912.2370161904,500,3238.8559999999998,646.4065825520847,155962.36,4.1243584773918105,9.48730621930398,1.0,35.0,1.8468319981998786,-998.448,-837.408,954.29864,954.5833739193911,543.5234574783999,466,3290.584000000002,252.3762981689517,954298.64,3.8073127447751176,26.117045369601996,1.0,151.0,1.0459515923690423,-450.912,-52.216,230.14421600000003,240.23781783158122,4747.848958225343,497,4876.0960000000005,1992.2612175398885,230144.21600000001,3.7208497699913723,12.966057771093864,1.0,81.0,1.876940125705404,-103040,115080,20356.28,33617.971193990874,1090131490.2464,185,1154860,1305362937.1493664,20356280,3.5245667648484758,2.7552126144080695,1.0,5.0,3.423169094170985,-84000,60480,17820.88,24685.802656587854,590002443.8,155,1017660,692119771.0267247,17820880,4.138794968578165,2.7433504495855114,1.0,8.0,3.4027655964260526,-47180,39200,10655.54,14887.128279154445,187803756.65240002,92,416360,190131987.51307264,10655540,4.0750196202854925,1.9748708508053654,1.0,4.0,3.1691807254770104
0,10,-65.2924,86.125,9.98059582524,14.457048741904183,209.0030405131811,465,10229.22748452,179.15360873504636,9980.59582524,3.4051324039399433,82.81692384793261,37.0,165.0,5.957301627569681,-108.52,107.182,12.42994075437,19.103317450917082,364.93652220808735,481,12501.109150740001,345.673558423819,12429.94075437,3.210118485008742,76.75758132066771,33.0,159.0,5.68068872219837,-20.5723,21.327,4.32905880576,5.605474046491418,31.41992498995085,467,3956.81946352,30.906606570996487,4329.05880576,4.030758976404794,70.32967566677347,27.0,163.0,3.8046737569588807,-88.689,69.6642,9.501769422379999,13.614189102287549,185.34470416908317,459,9745.540568,179.03749706075206,9501.769422379999,3.2678189449552786,82.85564330103033,77.0,165.0,6.5144533643283875,-44.5131,37.7059,6.17583241795,8.408340497110833,70.69853542847342,475,5969.8556176,72.72582330780772,6175.83241795,3.606075863435027,73.318229865204,93.0,154.0,5.29392214971492,-28.81,23.3573,4.83789361079,6.544562903232356,42.82991799292883,449,4464.4204081,44.382041493359445,4837.89361079,3.8867900905585144,67.43872240958433,27.0,149.0,4.402127449301581,-54.3798,39.377,7.05496400195,9.9700117091089,99.399010174567,444,6558.988716000001,91.43202026232264,7054.96400195,3.592162626979765,70.23053114894755,51.0,150.0,5.454336623327833,-43.3963,22.3715,3.8218131146029997,5.458757570389175,29.797751265973123,436,3323.7052243059998,23.302794269209876,3821.8131146029996,3.230106907255618,65.30052914151798,51.0,144.0,7.949849290871899,-82.0564,103.037,11.8037298626,17.528003640706533,307.2272618227292,465,12300.401072199998,262.2866617528479,11803.7298626,3.365464839106299,86.39885864606254,37.0,166.0,5.87842187348192,-23.5299,29.3693,4.74782288353,6.336366522894088,40.148084625813084,469,4332.93530094,36.89223482361086,4747.82288353,3.8405514427340677,68.11444744455191,31.0,163.0,4.635038060674841,-26.3463,19.7509,4.0677290839,5.1543827620859615,26.56683253670726,754,6133.2960918,25.06705743114003,4067.7290838999998,3.7587945655993824,126.56088024022112,200.0,201.0,5.111436464089396,-41.2981,45.8963,6.8891874775,9.41246541803372,88.59342449798567,473,6792.7849494,84.97785243197387,6889.187477500001,3.668118558874234,74.21069159772995,34.0,158.0,4.876118844704113,-20.6615,21.8709,4.315436475699999,5.593470379921334,31.285638168772035,469,3950.1479572,31.278835082704703,4315.436475699999,4.003905900785094,69.49746814805803,27.0,160.0,3.910077020968794,-30.1448,25.1892,4.96961317527,6.727683365953744,45.26033342785332,459,4618.86926254,47.0361958278897,4969.61317527,3.854187317395426,68.18099048002374,27.0,149.0,4.4807102772629595,-108.601,66.7708,11.47711537524,17.71139536871201,313.69090398338466,458,11696.9153728,245.8693570988695,11477.11537524,3.3757036425659477,82.70429887653859,69.0,161.0,6.131702090048118,-37.7382,26.3297,5.4004791157,7.380949802059505,54.47655491251834,436,4685.954676,50.085477431569885,5400.4791157,3.7505202996161215,66.06790350436644,51.0,143.0,5.1129192058005755,-333.304,-102.48,154.668184,158.4678944337685,1189.826424414144,469,2874.808,322.46735801791147,154668.184,3.701641780016342,13.403646381172223,1.0,113.0,2.103290393243056,-996.496,-882.792,961.026696,961.1360268703031,210.15172335558384,456,2879.2000000000003,96.26572054257471,961026.696,3.773966014357618,29.37155924888837,1.0,179.0,1.0367897697528181,-349.408,-153.72,208.864,212.02302520486776,1329.592721024,476,4456.904,554.8928962564208,208864.0,4.130268752177909,13.596883700736758,1.0,92.0,1.6479719580568368,-81620,71120,15245.44,22963.0516264716,492068968.08159995,202,999320,453053861.79972523,15245440,3.5655791816028755,3.2845682767101376,1.0,6.0,3.5544056307354723,-98140,45920,12233.34,17066.722954334262,281866666.0796,138,1071280,229794770.22986633,12233340,3.703661121062175,9.264723142673843,1.0,50.0,5.750371659667469,-31360,22820,7425.46,10080.597898934368,78068592.0476,106,363020,65152589.34128336,7425460,4.13561148373614,2.6095785228574715,1.0,9.0,3.110926585348187
0,10,-74.547,62.7047,11.76484051482,15.960674924901435,254.74221921456584,468,11124.88979064,195.22355065132885,11764.84051482,3.7786979887175565,74.32856930713788,49.0,158.0,4.670667146017346,-91.4401,90.5983,15.1530048461,20.932706795180078,438.1703806991102,456,13811.309596399999,338.97892101978823,15153.0048461,3.746238960377443,68.60741143665082,30.0,160.0,4.3682883869110904,-40.6653,36.6052,4.885360739199999,6.5991404787403525,43.54859986869683,439,4022.2592876,44.30847547069601,4885.360739199999,3.3446003238717075,58.71550681619897,22.0,149.0,6.162211598769029,-79.1599,57.1185,11.548631555721,15.686129098939789,246.05462638038804,450,10465.9123644,218.2136780392741,11548.631555721,3.758583517041542,65.99881623596879,55.0,161.0,5.046490405676334,-45.6656,42.4738,7.6739870266,10.339343366882654,106.90198270267524,448,6492.5650756,101.80163664443339,7673.9870266,3.8035728687406527,57.522688627201866,29.0,150.0,4.416682798858273,-56.4988,38.2365,6.3081280729,8.908741451445794,79.36557747627069,431,5008.6617556,77.57801684951636,6308.1280729,3.4074722418216585,53.496518512429375,29.0,141.0,6.341950802807377,-44.5758,48.5104,8.090250411906998,10.847118079022865,117.65996065029107,461,7173.887211,100.6610240785418,8090.250411906999,3.7991056629769426,63.16016219357499,26.0,154.0,4.472192488972143,-37.4707,29.7241,4.24037063071,6.112153776366405,37.35819462959793,425,3509.71040802,32.54270687839271,4240.37063071,3.3221985199358732,58.99405391988488,28.0,145.0,6.130523113617707,-87.5293,74.581,13.580974311599999,18.768852233356707,352.26905594330015,474,13354.3834524,263.594692767458,13580.974311599999,3.759254858363634,78.61729835483348,49.0,160.0,4.6635403652674965,-22.8258,27.3272,5.408637916699999,6.994428011896359,48.921973921503024,459,4616.2083026,45.02588976298449,5408.6379167,4.080672412207031,61.488881621500134,20.0,154.0,3.9069956762041125,-21.3128,42.8594,4.4435849104,5.726724715144195,32.79534222381349,760,6287.0427666,31.590815354567685,4443.5849104,3.424667358450344,108.9552445866559,200.0,200.0,7.484103415458277,-45.1889,44.0803,8.259811742939998,10.91947030183814,119.23483138523405,438,7026.13748206,116.38034925552893,8259.811742939999,3.8761091485437364,59.44229163596282,30.0,149.0,4.1383783966510785,-41.0015,36.7824,4.822978430479999,6.547172266812352,42.86539208288941,437,3958.346336,43.36217884385848,4822.97843048,3.3176527190936316,58.40504178816545,22.0,148.0,6.262474596527237,-55.4428,38.0795,6.49308433291,9.096462572678613,82.74553496876987,433,5214.71097928,80.87180318582939,6493.08433291,3.454320357825523,53.96174633122104,29.0,143.0,6.094984677507874,-95.6026,84.3954,13.22092126098,18.06993406793984,326.5225171523822,451,12529.64674296,253.82766535943978,13220.921260980002,3.5425484008302477,72.82713766450698,55.0,160.0,5.290699990412288,-47.8122,34.6635,5.996627902509999,8.387521426179042,70.35050189256444,449,4965.2072052799995,62.81859803046366,5996.627902509999,3.5419907226738707,57.56079723679386,34.0,149.0,5.700396764504121,-170.312,-78.08,135.287264,136.1304615795304,228.85876925030402,457,2676.1920000000005,124.44598079401754,135287.264,4.247742675360148,14.846614478065996,2.0,65.0,1.2510939728247379,-1010.16,-932.08,969.16117,969.2233703115851,120.56812237910016,427,2861.6480000000047,106.5333605604933,969161.1699999999,4.023476380615105,19.861080696769648,4.0,104.0,1.0422365276595162,-305.976,-137.616,192.063136,194.22441811010273,834.876380053504,463,4318.799999999999,599.886096686078,192063.136,4.126265402973498,10.68980400940796,1.0,58.0,1.575373493082353,-67900,54460,13240.36,20083.243741985505,402472523.04,166,880180,390779795.2843055,13240360,3.922056443704526,3.283492490430065,1.0,7.0,3.3809279453223997,-56560,50120,14193.76,19791.12316166013,384805279.03999996,112,729960,300217035.6813022,14193760,4.140591514486359,2.854742954168992,1.0,7.0,2.8578469012597263,-15680,16940,4026.96,5330.445534849784,27134036.16,82,352660,23345648.051021185,4026960,4.161658039136532,5.420582993570773,2.0,15.0,3.177970751084202
0,10,-100.708,97.8052,13.3792479972,20.79375817292788,432.37979150126966,422,12473.248772,342.25910238759786,13379.2479972,3.416270883354069,72.2401546902395,51.0,150.0,4.843184149901063,-129.113,152.153,16.720831068800003,27.24858217963838,742.4847082699534,424,15207.1114612,591.2576101144297,16720.831068800002,3.2176231789081466,69.21817311568796,21.0,148.0,5.583886860494965,-62.1,56.6464,6.6213660851,9.863567444813588,97.28924406345848,427,5708.3450386,59.71234246513396,6621.3660851,3.1408005832495047,66.677839422286,47.0,149.0,6.295896525009631,-81.145,104.728,12.250610437120002,18.034053489316715,325.2268756522174,453,11415.7780174,273.33470803979213,12250.610437120002,3.3959732875161146,73.8741480127053,48.0,157.0,5.807235742205176,-92.1361,85.9903,9.32164099551,13.954045784136287,194.71530162704147,431,7916.07640258,125.0392885852315,9321.64099551,3.0982885737848105,66.09926347878678,48.0,140.0,6.602823397981487,-97.9911,96.5285,8.826701038,14.11369843788027,199.1964835949875,408,7350.312447599999,111.65658164663301,8826.701038,2.8498453956112937,63.758069317427704,49.0,130.0,6.942978159218573,-66.6882,72.4181,9.173574403999998,13.250187059544453,175.567400397139,439,7876.7816542,124.9091553673855,9173.574403999999,3.4028971640999695,66.49099761456638,48.0,150.0,5.4654398216842806,-56.1348,77.3784,6.088010412600001,10.083234747074474,101.67161898262731,410,5150.4459258,52.167984232462,6088.010412600001,2.833242504277916,66.26183346852861,49.0,130.0,7.673965938604215,-122.654,100.649,14.967225779499998,23.453076426063568,550.0457462010248,440,14106.679544800001,459.93866220363674,14967.225779499999,3.3999747867025896,73.76494880304278,51.0,151.0,5.22976166417527,-43.7656,49.7032,6.9203068049,9.789479347331097,95.83377109789464,426,5860.700798,69.46092426864858,6920.3068049,3.5724617232214735,64.71566936723492,22.0,148.0,5.077205665033715,-62.8846,39.1121,5.85035266862,8.184299483047644,66.98267421916952,686,7136.64123784,46.42129906858015,5850.35266862,3.1881579853270083,93.36455503722893,200.0,200.0,7.683565359534379,-103.034,113.967,11.57745018962,18.930365355493223,358.3587302820402,424,11016.4883782,182.25104932012331,11577.45018962,3.0529271667750884,74.65087902143254,48.0,142.0,6.020327545708408,-59.498,53.355,6.558773191824001,9.734011894236152,94.7504135836801,433,5613.47417278,58.30693010646477,6558.773191824001,3.206039024064592,65.93384099633353,47.0,147.0,6.112382093474823,-97.4477,96.1363,8.928161673810001,14.127005838541315,199.57229382803519,404,7436.1706662,113.44138650662961,8928.16167381,2.8775250852650913,63.94772142270325,49.0,130.0,6.897972657032749,-99.9508,95.5267,13.1659838865,19.29656611892453,372.35738953295527,438,12299.0333632,343.9503585696226,13165.9838865,3.425912819237353,74.86631240417435,37.0,159.0,5.179719509886074,-80.5348,94.2723,8.2833528663,13.04931540533298,170.28463236065994,430,6970.1213504,93.494823871615,8283.3528663,2.9214035764313366,63.74977389994872,49.0,133.0,7.224310017173231,-470.432,-122.488,179.87045600000002,181.20374246854837,481.4153429600641,501,3894.728,223.10659233277624,179870.456,2.65408702799892,65.9560332769316,1.0,208.0,2.596149470155966,-1083.85,-910.12,972.7753100000001,972.8423233980129,130.3824488479002,452,3137.864000000007,77.33267602332805,972775.31,2.8333292749404473,39.66256708341976,10.0,196.0,1.1141065452562255,-210.328,107.848,118.01792,121.84414646549091,975.2997957376,474,4554.0160000000005,759.3548298737944,118017.92,3.1915970866016146,20.269176579038213,2.0,99.0,1.7262052064156383,-111160,92680,16451.96,25931.92227352226,653718810.2704,120,1185240,719824890.1681591,16451960,3.3951600506304778,4.3094890412159295,2.0,9.0,4.286608560195312,-157640,77560,16034.62,22401.126534172337,493861115.3084,117,1394820,431195640.87993497,16034620,3.369245152907661,7.892852762404921,2.0,43.0,7.037146089930981,-32200,32480,5941.32,8722.029213434222,74857361.0736,88,395640,62587562.63328797,5941320,3.7390915093865598,3.894156072432279,2.0,11.0,3.723904060074948
0,10,-96.2937,106.103,13.245347632789999,19.58974643788356,383.6925622365292,434,9885.51897764,307.7718809916239,13245.347632789999,3.3915881468336098,59.73598713133155,54.0,130.0,5.416251830335747,-117.211,122.376,16.348819095579998,24.632092012600076,606.6667745297801,446,13455.81091216,518.5503296462408,16348.819095579998,3.425404065343806,65.4210628801481,54.0,149.0,4.968152925760463,-104.493,96.1796,8.52899216746,14.185591185235888,201.218704917142,456,6342.1772882,122.50669200526056,8528.992167460001,2.761934508993083,56.10264566425029,42.0,144.0,7.36613642924903,-124.461,159.21,16.683883655869998,25.60337582062249,655.4524948828905,442,14237.6112398,568.2452484493937,16683.88365587,3.2406849604955683,70.16706392453113,35.0,153.0,6.218320627538606,-126.433,102.069,11.290279337,18.09093197033658,327.22819951730025,470,9365.6388002,230.91650195648242,11290.279337,2.973883744958841,65.8478943548521,42.0,151.0,6.988749955353889,-171.065,98.5279,10.101945786479998,18.218676925055362,331.91601500947075,482,8065.86949576,216.7105667458501,10101.945786479999,2.5688328259012874,64.31916845850321,19.0,141.0,9.389540234106773,-105.679,98.5208,11.1187036694,17.34354679684454,300.7554661229034,470,8704.8828006,217.23295560250884,11118.7036694,3.119863643614176,59.367255583893915,36.0,145.0,6.093274993741597,-104.949,97.1459,8.17029298644,14.653441258556544,214.7080059724769,482,6449.015121799999,118.34875610445006,8170.292986439999,2.639630268284818,59.962296866988275,36.0,146.0,7.16207190844795,-113.428,118.553,16.654608397799997,25.331012363743614,641.592671957248,436,14334.110768799997,548.1910679928153,16654.6083978,3.519466056802466,69.56760198444579,54.0,152.0,4.680152466771736,-89.1896,76.8006,9.915860602,15.361437525998165,235.9581200086959,465,7539.5193628,165.1422301925381,9915.860602,3.2648618066036503,57.04859499205154,20.0,137.0,5.806071199329672,-90.5287,81.7072,7.773378781099999,13.57084645397175,184.1650122898067,483,5951.4425612,112.1756668139248,7773.378781099999,2.8109366209852555,59.454244308617035,21.0,140.0,6.670821920139341,-105.966,104.636,11.55475431187,17.69591348319871,313.08128560880874,446,9117.04163814,240.38823326236073,11554.75431187,3.1418161062177146,62.73778559946615,24.0,143.0,5.988162187875119,-98.4533,90.2734,7.552784418030001,13.924403258932173,193.88897702885507,473,5832.221237599999,124.30419449866827,7552.784418030001,2.609440234383797,61.037350146473976,23.0,141.0,7.070557938405336,-146.48,156.056,12.12106320172,21.609112071721682,466.9438799918851,459,9222.827091799998,324.8110267949159,12121.06320172,2.6354665567136086,59.27761387944891,42.0,141.0,7.221768274515059,-105.857,112.978,15.1681578872,23.016980632381678,529.7307618356289,442,13371.683447200001,437.522637583991,15168.1578872,3.4512680189280056,68.68281578906218,35.0,157.0,4.908463095331267,-104.383,97.3909,9.65541696248,15.928126392945297,253.67943540648506,473,7396.4401198,166.93339603793962,9655.41696248,2.9130838948584206,58.28481132829925,36.0,135.0,6.553375922872644,-77.104,356.728,73.70117599999999,91.9526073663602,5218.636043297216,413,5418.263999999999,2275.980311433549,73701.17599999999,4.009884633218265,10.029098627611978,1.0,52.0,3.8794767241206567,-1294.66,-446.032,967.978224,968.5083838338624,1026.6474182858244,431,6947.616000000002,986.9734747560924,967978.2239999999,1.8345081509981827,83.0976871829264,3.0,232.0,1.336756626592182,-964.776,449.936,234.29660800000002,243.06869590592697,5224.3836394496,462,11508.503999999997,4543.302107210665,234296.608,2.4036062865598535,65.68082123780285,1.0,230.0,3.96914952953625,-59080,184940,18419.38,25543.771350370327,590024632.9404,181,1837080,568908359.4329975,18419380,3.4620449706074083,7.425177407116333,1.0,26.0,7.240121181139479,-507920,619920,46464.04,84268.67016869318,7100775808.0,118,4397820,5303297608.390501,46464040,2.652842278320223,11.00355046851285,1.0,39.0,7.356470664115307,-82180,42840,12068.0,15882.33330465017,246184112.44,98,720020,231596995.511837,12068000,3.68294048032746,3.8126818796773234,1.0,14.0,5.174302693668984
0,10,-89.1995,99.0102,10.217909423509997,15.58483662714122,242.8871253434735,455,9217.2197834,271.78289192580667,10217.909423509998,3.0960086658258184,70.25060174068244,80.0,141.0,6.35298286204504,-126.109,123.798,13.06876330066,20.592866708183244,424.06597225760146,474,12589.942507,486.93753311333927,13068.76330066,3.0631542221250427,73.92883123554809,80.0,147.0,6.12391668372653,-113.023,84.4171,7.5105572485000005,12.651222383293744,160.05298723945708,502,6905.8523509999995,183.98835710705802,7510.5572485,2.5848165638004432,70.6254562261686,72.0,145.0,8.933761226840002,-88.2074,112.224,12.060493219119998,18.080449017579888,326.90224990422195,460,11396.06402116,379.25949945769753,12060.493219119999,3.2781365774851317,70.46303343191049,49.0,148.0,6.206925496755249,-79.9341,80.878,9.364823247619999,14.220092989723764,202.21068490334565,470,8346.2113632,235.22254761458345,9364.82324762,3.219079376228205,65.39307252351023,36.0,142.0,5.6875858729227,-103.881,83.1838,7.665866902650001,14.33562676724385,205.50995482012993,504,7008.335939500001,233.60127649678157,7665.866902650001,2.63046683649052,73.81910890536942,72.0,143.0,7.246352160713517,-78.1472,79.8298,8.7069951373,12.64255311034546,159.83382285330333,458,7778.874603599999,179.1104977739701,8706.9951373,3.1497692552177607,62.21238765977607,35.0,140.0,6.314373315519229,-50.3653,69.3818,5.97368414562,9.331434866358945,87.07557389911312,502,5817.11060874,96.96828113573824,5973.68414562,2.967746095975461,73.03958997198399,73.0,145.0,7.4352766743441085,-132.122,119.805,14.651260801000001,22.753894902605087,517.739645576961,434,14017.2124868,564.2580611072937,14651.260801,3.2119821568643414,76.72691544415052,69.0,149.0,5.806566329216604,-48.6613,69.1237,6.82639811568,10.104028418990195,102.09137611903542,509,6534.267828960001,115.8463436150748,6826.39811568,3.209139787338329,69.83601533024644,18.0,157.0,6.841202056605882,-87.6981,101.759,6.35852993394,12.30817067027171,151.49104418344606,529,6169.40902168,165.14516379543699,6358.52993394,2.3364525320562137,76.62601414313586,58.0,145.0,8.26759741362553,-79.9705,104.36,9.138765976800002,14.222257901771522,202.2723146730896,486,8514.2148402,233.29649992271504,9138.765976800001,3.009955229983778,70.87545446997653,36.0,141.0,7.337794091541606,-109.088,95.1107,6.2926027708,12.627331151363942,159.44906960242974,518,6082.5683989399995,177.5336383536683,6292.6027708,2.2646246827448238,75.71775600890852,68.0,142.0,8.639038502464304,-201.534,124.478,11.0054254621,21.535890158846033,463.7936144062277,472,9973.526816999998,526.9694831422875,11005.4254621,2.3200747514476925,73.52267385662853,72.0,144.0,9.358052929946727,-67.1249,80.0364,11.605739141910002,16.973546750454023,288.10079906941735,442,10723.1755266,316.8263844151313,11605.739141910002,3.6560506276616973,67.81275666169734,89.0,149.0,4.715360977684827,-81.6598,82.6895,8.08068909897,12.630615296561253,159.53244227254459,484,7422.565809819999,179.69861276127148,8080.68909897,2.9572980454534568,68.24645433023905,40.0,141.0,6.5467515286062605,-27.816,67.832,21.326087999999995,26.197706297155104,349.802510361536,454,2333.616,392.8779011763444,21326.087999999996,4.537320861325551,5.341396195837009,1.0,16.0,2.589234310461985,-1004.3,-926.712,973.006608,973.0703710357643,124.08777601433619,493,2838.2080000000046,136.27928151535755,973006.608,4.040448781000826,17.19371326359011,1.0,90.0,1.0320939059433019,-371.856,-165.432,231.633104,234.04853323127662,1124.821039037184,519,3517.0160000000005,1029.317427302196,231633.104,3.8379756569144416,5.120260171816126,1.0,16.0,1.5887986772066116,-62020,63700,14335.58,21238.013381670142,440709141.31159997,148,625520,530367117.1279733,14335580,3.8960655810041804,2.36956430064583,1.0,5.0,2.9993389143909974,-93240,46340,12379.5,18835.29583521321,354584242.3900001,97,811580,352692704.4759755,12379500,3.675929808865595,3.437086979326063,1.0,10.0,4.9502806229188465,-24640,13860,5633.18,7190.851660269456,47148329.0236,99,287840,52748419.15435431,5633180,4.300255154720337,2.585924163150199,1.0,10.0,3.426576039127567
0,10,-56.4641,85.3975,11.142518091189999,14.960085585116325,223.8040623169181,453,9826.891555220001,181.19859128536223,11142.518091189999,3.6484258476227853,66.80668413144572,49.0,146.0,5.708356380324543,-76.1438,127.178,15.31337205754,20.8922931263377,436.4865177106785,473,14421.755870199999,357.11586479666124,15313.37205754,3.5901647916378523,70.67844190765948,35.0,158.0,6.087316467892846,-57.0825,61.7131,8.0385558958,11.523568874040123,132.79263284215332,475,7476.955954999999,112.23397572475227,8038.5558958,3.4335631987784576,67.45091439794066,28.0,138.0,5.35538084377879,-58.7031,77.4398,13.505576345200001,18.27460340057894,333.960991514114,481,13060.6084674,252.8963942012305,13505.576345200001,3.9889002638756157,74.13452838013889,35.0,162.0,4.2375639187631675,-56.7175,70.2674,9.812270048992,13.480129797670322,181.71325670331836,465,8888.725467600001,155.57628755734734,9812.270048991999,3.6387052970286513,65.11906393176058,41.0,148.0,5.212664941263683,-83.4109,72.5374,8.800935617699999,14.155458093929552,200.37635335820625,466,7963.6413662,158.58711681113022,8800.935617699999,3.147427427781289,68.15810859801701,55.0,135.0,5.892490334577731,-39.7951,56.4224,8.569519895233,11.609043909752268,134.76960151225217,493,7987.048131200001,116.6283117143245,8569.519895233001,3.841347254019561,67.4553801220899,38.0,157.0,4.860210749362566,-36.1128,50.9156,6.153999667300001,8.733033245397335,76.26586380886981,510,6014.652676199999,66.78081979727315,6153.9996673000005,3.499864174669131,72.86349401554925,44.0,154.0,5.830230868161941,-111.785,113.633,16.7102292527,22.655694100349734,513.2788842135386,435,15837.575961,416.11724592747265,16710.2292527,3.5642573499327983,74.66656551095343,73.0,160.0,5.0156485825012025,-43.6172,54.6257,7.604537724,10.205522150549006,104.15184427875724,482,7224.2707456,88.25083549068555,7604.537724,3.6248753992319807,71.37957372317062,49.0,153.0,5.352562974650093,-50.5194,56.4511,6.592375583000001,9.811099917211028,96.25637284615787,481,6257.5809721,65.73093869877846,6592.375583000001,3.2743913061402794,72.75325699662523,73.0,150.0,5.753799316728107,-61.1384,78.4521,10.2527647383,13.840454335829097,191.55789150155607,477,9418.6809856,157.13744750208076,10252.7647383,3.55500823504937,67.98137587754765,35.0,152.0,5.668318257220016,-66.1935,60.8091,6.6651665623,10.625952136338732,112.91078717586625,502,6307.9798900000005,88.78046165343288,6665.1665623,3.0661727600545046,69.40276640123083,55.0,138.0,6.2294182347792475,-121.788,107.831,12.553123765699999,20.53404438814616,421.6456328242144,453,11241.1701078,326.626148353504,12553.123765699998,3.1012174814500906,64.96159106689977,55.0,133.0,5.931028378915235,-65.0582,71.1711,12.670807965799998,17.011294094699306,289.3816363137978,473,12273.6241402,222.69121705876748,12670.807965799999,3.896521853743242,73.42298613072776,38.0,163.0,4.183755780353994,-55.533,63.3866,7.97951581232,11.516996106887586,132.64119320686953,476,7583.5243004,113.14300770701679,7979.51581232,3.4206897012996214,68.02378256298107,44.0,140.0,5.5037441544408,-232.776,230.336,29.453239999999997,34.12058520389122,598.1341335024,443,4030.88,415.5954824390568,29453.239999999998,2.4570815586619466,36.96727996574843,1.0,200.0,6.8221573167348115,-1168.76,-874.008,959.8110919999999,959.9391925859387,245.92113631153583,425,3820.0719999999983,134.73227879206922,959811.092,2.551218016964204,36.01149106847701,1.0,185.0,1.2175354533150458,-748.592,219.6,280.83423999999997,284.2050077622138,2151.1079805184004,442,7233.624,1349.3794101238886,280834.24,2.089516379598032,47.78558665405269,1.0,202.0,2.633985959270378,-81480,93100,17274.32,24957.81299713579,607424884.5056,157,1285620,544358486.143033,17274320,3.723831414880726,4.4826709164315535,2.0,14.0,3.7302947982935986,-332080,228200,23991.38,39065.11769341032,1477698875.5899997,104,2396100,1262410013.2113464,23991380,2.689652308000371,10.579067178484376,1.0,49.0,8.50067834445605,-36540,31640,6800.92,10134.53995009147,98657053.07360001,69,499940,84216288.40206584,6800920,3.9195315472797754,4.431681199838056,1.0,13.0,3.605491732229069
0,10,-57.4915,59.3945,11.216796390599999,14.849250933763296,220.50021609247548,424,10120.3814326,254.3844766733015,11216.796390599999,3.9424111841907434,67.64088846275068,25.0,139.0,3.999831389807853,-84.3067,109.703,14.579235993729998,19.957339075906155,398.29414073056586,429,13742.8501788,473.2521094657536,14579.235993729999,3.60085098930756,74.64428999321245,42.0,159.0,5.496875088545289,-78.643,41.2264,8.281428683829999,11.533155164335097,133.0136386198135,441,7493.2087958600005,164.6052751626962,8281.42868383,3.466402163455032,66.46541209605304,39.0,144.0,6.818862564443256,-67.0139,62.7093,13.14080755077,17.239587101600595,297.20264869313456,439,12603.46859964,343.7790576190104,13140.807550770001,3.9978540336837947,81.89457761410168,31.0,162.0,3.887210268149529,-75.8083,38.2297,9.7992788215,13.110385744368193,171.88168383095274,453,8904.0234094,200.2581784661022,9799.2788215,3.7441471271961415,68.173816759774,41.0,148.0,5.782308886873512,-77.7901,60.8839,9.24409361841,13.568157701437302,184.09487759286318,433,7933.837651220001,223.18501490563952,9244.09361841,3.42918144274163,66.8790398471507,32.0,145.0,5.733283892459441,-43.6949,42.429,9.1405722127,11.91666112511663,142.00558753561938,457,7995.776743799999,159.3451600009816,9140.5722127,4.059046529105158,67.66684378169812,44.0,152.0,3.666706600215784,-46.3067,33.8616,6.7123870594,8.980392297785636,80.64727339133998,465,6021.135071000001,91.8573355171306,6712.3870594,3.7255608900387016,68.78161449618936,39.0,155.0,5.156422844848125,-115.659,95.4531,16.1725980319,22.187948172076272,492.30454633314713,424,15007.213868199999,580.2175204162997,16172.598031900001,3.6111882594988463,73.99771832023075,77.0,159.0,5.212694707190541,-70.5333,51.432,8.0766737702,11.02631084318245,121.57948314530553,461,7250.1984542,146.07681951071854,8076.6737702,3.400946374821806,64.37370187262832,30.0,149.0,6.39681766668229,-54.2867,53.2774,7.1492511176099995,9.989405836853093,99.78781183871773,461,6251.391219,120.3174458197788,7149.25111761,3.422406166020129,61.08363587080529,25.0,138.0,5.434427320964831,-63.2132,64.8445,10.3487207283,13.748902268723059,189.03219651629382,433,9322.501008,220.62323255360795,10348.7207283,3.68925210630081,66.5650470923208,30.0,144.0,4.716340165389981,-58.3678,44.1825,7.093299247381999,10.023024902899602,100.46070516236077,469,6185.8939658,122.65076637625808,7093.2992473819995,3.4707339524580703,67.79444123489819,30.0,145.0,5.8233717431066685,-138.378,73.1422,13.455564989760001,19.816018471742133,392.67417766851236,431,11896.590721960001,486.00778048165813,13455.564989760001,3.3374322243998504,69.55892119431451,32.0,145.0,6.9831384239638545,-96.2948,71.9974,12.911089425099998,17.551826526449478,308.0656558819723,453,11686.6538772,362.91817516337323,12911.089425099999,3.603671517967107,73.50488578070028,44.0,152.0,5.486312199752539,-99.3473,93.4685,11.5862927089,17.23099767829361,296.9062474057544,445,8816.813047399999,373.4260759670823,11586.2927089,3.2652395876457385,49.50320753747231,22.0,129.0,5.765615076667946,-576.816,129.32,60.847256,71.23170194412036,3747.5442063308155,397,5089.84,1038.4943594890806,60847.256,3.1146362385727664,64.582503573028,1.0,221.0,8.097742778243584,-1021.38,-648.064,949.044816,949.3714290820469,620.0475808141439,457,4782.888000000001,478.9583187407494,949044.816,2.8805826005844617,55.625084080659406,1.0,225.0,1.0758486812559533,-434.32,444.08,303.26223200000004,310.0741174737163,4715.878909242816,394,6965.7119999999995,2026.7992188539315,303262.232,2.9235436985650765,61.17842640020681,1.0,218.0,1.4321737125887097,-60060,77560,22198.82,29331.06418117147,713214694.8444,159,1369060,770433755.8984748,22198820,4.3665668557251305,3.3916779876434218,2.0,11.0,2.6442954650717443,-322280,76160,18483.08,27621.534512043316,748490923.04,165,2004380,701660495.8979117,18483080,2.8882009833287206,16.808273714697695,4.0,67.0,11.667708029019247,-35140,50820,11625.18,15083.959546485134,170530885.35,87,676620,167811537.4301169,11625180,4.006028661771392,4.535331636370345,2.0,15.0,3.369141891648873
1,0,-55.0872,41.6002,7.283015589200001,10.56738600283247,111.6696444395447,463,6583.1503154,135.70286292823167,7283.0155892,3.597691570018324,69.29801504412181,38.0,155.0,5.212944808227361,-87.8033,99.9251,11.182211307499998,18.01461741720841,324.52632808735314,451,10455.141356200002,426.10278114664993,11182.211307499998,3.2340143408974793,72.73773643449466,55.0,156.0,5.546889933091049,-29.3472,27.0767,4.934403987471,6.868012743726296,47.169586500179214,473,3911.731022,50.672213804318744,4934.403987471,3.829907602975624,56.58868413908344,38.0,139.0,4.273026433564455,-77.738,81.3062,10.494033796699998,15.89477230169952,252.64351268603082,463,9467.205165,322.3020149553622,10494.033796699998,3.3965407331550774,70.67562955947061,51.0,151.0,5.115279316791879,-45.9132,44.1725,7.0073754501000005,9.8320805346491,96.66945227793191,503,6062.6266854000005,115.6286879986603,7007.3754501,3.650215831244026,64.18909093011847,51.0,147.0,4.669733922357321,-15.6351,23.6568,3.5271546198999997,4.823045409380402,23.261748677172452,487,2641.7555684,23.170778069043344,3527.1546198999995,3.8395346325671595,52.08280218805299,18.0,143.0,4.904950708942029,-37.8437,31.1558,6.768809302699999,9.241625283776536,85.40746712998933,457,5929.2022632,99.87289676861964,6768.8093026999995,3.9703222631732205,68.0139371769086,51.0,152.0,4.094918246299573,-26.88,24.5534,3.703716258256,5.089043038981808,25.898306406964434,469,2893.2366970519997,21.559915651182564,3703.716258256,3.527889605174852,57.62065636849161,25.0,157.0,5.281936072086752,-113.479,80.2564,11.64641791122,18.256340801088097,333.2939676411318,471,11341.02736864,442.5923562139647,11646.41791122,3.269104442733275,79.53061348910795,55.0,163.0,6.215867748987055,-25.3264,24.7204,4.30739289155,5.923284737430386,35.0852358884326,457,3554.5349189999997,37.88580269155881,4307.39289155,3.790898863148906,58.259805182466614,25.0,151.0,4.275735697789026,-25.8925,22.2237,3.55168849653,4.960747344125437,24.6088582460963,489,2655.6899032,25.451579903661056,3551.68849653,3.5730259342705155,48.24824421074628,27.0,147.0,5.219475656356927,-49.2618,51.2897,6.849988401619999,9.824907300504414,96.52847890580585,475,5883.13373348,117.55437211125576,6849.988401619999,3.460961653589861,64.22190135898016,38.0,145.0,5.220374954312981,-18.4699,22.2521,3.4261845909399997,4.689646750135812,21.99278662468344,438,2526.5561479999997,22.053953304468003,3426.18459094,3.7476653621881195,50.112428702050835,25.0,129.0,4.744941609803677,-27.7147,24.9054,4.7028501486000005,6.443740177735658,41.52147223412003,449,3831.2734593999994,46.23238844675886,4702.8501486000005,3.8407326930210797,59.966701402792296,37.0,143.0,4.301026924667064,-74.6261,60.5889,10.1802673378,14.859087650092754,220.79219369688764,447,9353.924781400001,277.8742402966954,10180.2673378,3.6009376034907454,75.3151102953583,74.0,159.0,5.02225316636679,-51.0517,32.7007,5.8213328323999995,8.23385503071123,67.7955839154271,431,4345.3806662,57.099469844567224,5821.3328323999995,3.4621734938240456,55.84946311262907,28.0,143.0,6.2002184650547845,-31.72,75.64,20.858095999999996,25.228646635759123,586.470069238784,470,2308.24,195.05764861942586,20858.095999999998,4.301145941577474,5.825621283029933,1.0,22.0,2.9981790578012117,-990.64,-895.48,949.282,949.3500839381012,129.26634927999984,488,3299.3679999999968,118.84223622676032,949282.0,3.766397789383165,27.17995986118067,1.0,130.0,1.0434928239439552,-417.728,-250.832,308.255448,309.5262466918888,785.0761694872958,449,3870.815999999999,726.3713332977258,308255.448,4.028349316863299,9.118715934441973,1.0,50.0,1.349572142797371,-36820,79380,12903.94,18454.162012944398,332210352.39,232,734860,432162330.8566719,12903940,3.76761620004718,2.559820031941522,1.0,6.0,4.301468684642526,-26320,25900,6086.78,7982.520829913317,63665122.0156,141,572600,55016587.407858536,6086780,4.105525350490431,4.841666535308301,2.0,18.0,3.2972040487974286,-11060,34020,8245.44,12150.901563258589,144625850.04,114,235760,31022028.87138438,8245440,4.130574815452936,1.8859275872668726,1.0,8.0,2.7997922477512547
1,0,-40.4875,44.3549,7.470522446500001,9.970762082100077,99.41479138447079,495,6557.864781,122.63735538951481,7470.522446500001,3.8258226699465165,68.20823586419907,48.0,168.0,4.448496477478662,-59.6361,59.6626,10.91323257969,15.284052029827675,233.60131264858455,481,10384.819925380001,297.7045598069902,10913.23257969,3.8659562539543293,76.55682569154126,48.0,168.0,3.903585245821273,-21.5686,24.6199,4.70297886337,6.067341175876757,36.812494250073,540,4248.5837436599995,42.1099467744444,4702.97886337,4.010515847097762,67.33884727432431,18.0,194.0,4.057774119887418,-58.1714,51.497,9.93395311372,13.567363309811455,184.0728270385533,497,9407.077882639998,230.2925554023912,9933.95311372,3.8564550830800557,77.10206500305088,38.0,163.0,4.28759801529988,-30.7493,34.7636,6.73481696527,8.808005077637432,77.58064215705934,521,6354.73755258,90.7460141567185,6734.81696527,4.015409539856352,73.39764148881862,18.0,170.0,3.9468187964901382,-20.1225,15.0013,3.04286886885,4.009703987657026,16.07772189017644,623,3238.16340478,18.541447477092564,3042.8688688499997,3.777891072320961,78.26716770240733,43.0,210.0,5.0184502551666155,-35.7156,27.4592,6.27793856196,8.358622033886604,69.86618671674512,517,5984.35878032,81.85812559432024,6277.93856196,3.979873318421697,73.83917606045331,85.0,166.0,4.2729052534264325,-18.0807,20.7496,3.3731410879799997,4.390840854345802,19.27948233884835,623,3699.9744544200003,22.416319259821343,3373.1410879799996,3.7761781078351095,85.53063704412094,200.0,212.0,4.725655219196396,-84.5115,76.6096,11.946627160556499,17.27742613347536,298.5067401023618,457,11373.656909000001,389.8281785736494,11946.6271605565,3.590954198184652,77.77116835270677,48.0,171.0,4.891440388580639,-21.9127,29.6674,5.00920022116,6.473347287073406,41.9038784446781,565,4597.4344661,48.27872397084321,5009.20022116,3.9392325211636394,69.32617578448092,18.0,200.0,4.583007628718248,-14.4754,16.0657,3.2698706432999995,4.225993516731498,17.858479154107194,647,3475.3286384,20.361353075342244,3269.8706432999998,4.065510820415899,80.45853255396425,200.0,239.0,3.801638581884447,-33.0072,38.3236,7.28518889511,9.605332966434817,92.26188879831732,517,6724.4883996,110.51107700066021,7285.18889511,4.009257612943337,71.84375534524963,48.0,171.0,3.9898252495690896,-11.3563,11.6186,2.9323123153290003,3.705935235172988,13.733735532451401,612,3004.1100954020003,14.945680084680998,2932.3123153290003,4.295069166128825,77.88232316972216,200.0,239.0,3.135133040029411,-29.8439,23.7402,4.676089552,6.128676688114526,37.56063759053443,537,4339.837276599999,44.525138719086904,4676.0895519999995,3.790627550431368,68.15300694006274,18.0,172.0,4.869550397050136,-57.689,49.6149,9.6079831599,13.161244128968685,173.21785967541095,478,9147.1085594,212.98258707047486,9607.983159899999,3.8399130480007284,78.07218935072693,45.0,160.0,4.383248227500245,-27.0991,22.6388,4.60780014805,6.097665124584666,37.18151746318616,505,4439.3834151,42.510452036945225,4607.80014805,3.8808624014553494,73.027516417472,68.0,196.0,4.44417649154615,-101.992,-25.864,68.265832,69.25123903653999,135.510289443776,407,2202.3440000000005,133.9393540294838,68265.83200000001,4.038990903976131,12.736067524023696,1.0,26.0,1.4727823129082869,-1026.75,-938.424,987.0312739999999,987.0847126725427,105.4941377729241,472,2751.3240000000023,133.17806821947428,987031.274,3.7019557869574995,20.4370558375292,3.0,102.0,1.0401842788346536,-350.872,-81.496,147.90499199999996,153.29318982081364,1622.915386919936,499,3705.8719999999994,1650.78152007968,147904.99199999997,3.5803941014440523,5.056494909866014,1.0,10.0,2.2888948974846093,-43540,126140,15799.0,25787.4284410059,660790605.4400002,206,722680,921820178.9999341,15799000,3.445266043724468,3.268566609527259,1.0,7.0,4.8915307816974245,-28140,29820,5788.58,7906.8165275286365,61554876.41239999,124,646100,83564660.96426176,5788580,3.8735555673653486,5.559137063039524,3.0,19.0,3.7714293604989684,-15260,11900,2929.64,4107.362365314266,16771024.1216,125,260680,21489538.053903837,2929640,3.9774393715354965,4.521689279384247,2.0,15.0,3.715279696008125
1,0,-55.9911,50.2162,7.505282469899999,10.96413045544393,120.21213100294455,498,7403.263414999999,146.10469564351547,7505.282469899999,3.5004487765841787,77.82859265136877,51.0,161.0,5.106752444029813,-99.182,116.04,12.206748198440001,19.156213557679834,366.9602305332609,465,11934.94545028,459.73511105162675,12206.748198440002,3.1674294071698843,79.59900957900753,54.0,160.0,6.057564541687776,-29.6545,30.5893,5.2888127942,7.151216911936144,51.139893239870965,501,4609.8893408,60.8704716135923,5288.8127942,3.8182591470850253,67.97464879455275,54.0,154.0,4.277495757252614,-64.9982,97.6969,11.2927962503,16.99744944171393,288.9131556263689,477,10793.597327200001,351.49015844220173,11292.7962503,3.4707883863358586,77.65852668376638,45.0,159.0,5.747738820169056,-49.2961,54.2558,7.965547503800001,11.22700252759198,126.04550246310959,471,7165.7945876,150.1108904098308,7965.5475038,3.625981126804302,70.6364860908984,45.0,149.0,4.83261670839198,-15.8012,19.904,3.56744388733,4.667849647317609,21.78881417092876,493,3070.04602808,25.399111245100087,3567.44388733,3.965785484235202,65.30102461031635,45.0,157.0,4.264061935122071,-39.8133,45.1866,7.484676504,10.374896856065572,107.63842651845151,485,6813.0617950000005,127.24792319815604,7484.676504,3.8128186636644354,72.21317111603024,45.0,154.0,4.355378239117831,-19.8634,14.5663,3.7437496223799998,4.815841776719476,23.192299183486256,496,3215.1492176,27.44197488714882,3743.74962238,4.087729501520722,65.19306006673222,45.0,162.0,4.1245956409994085,-110.834,89.7884,12.191549985039,19.67739022413071,387.1996786047181,490,12832.8303352,475.3755787967264,12191.549985039,3.2388781674615243,85.76753465560783,83.0,165.0,5.6325558794927195,-23.7202,20.1216,4.3926019615900005,5.9735099609828906,35.68281414165469,492,4096.5672687999995,40.519039109853054,4392.60196159,4.010187688268863,71.49729727582246,41.0,161.0,3.9708982080774904,-16.0204,15.4085,3.319677696826,4.346611524546398,18.89299953298493,525,3006.1351771,21.364613112919052,3319.677696826,4.051506095849139,67.00536704996273,26.0,193.0,3.685721603950298,-49.9407,55.9988,7.61691362465,10.856389943646693,117.86093094728693,465,6864.01505344,143.4255528408351,7616.91362465,3.5399805132047844,71.52044614675002,54.0,155.0,5.1581419137188655,-15.5977,17.6739,3.2059780975000005,4.174236926070197,17.42410453650821,476,2744.1439683999997,19.973608389272652,3205.9780975000003,3.9194298270480403,65.76358450146344,27.0,157.0,4.234043326486251,-28.1484,29.7027,5.5464032263,7.55099107824395,57.01716651432893,437,4704.7390003,68.36864707287997,5546.4032263,3.9555624433560137,66.7442907303859,45.0,146.0,3.933616089890498,-85.9878,71.4154,10.531247104406,15.659906079155483,245.23252189855486,472,10320.184488612002,294.19581779741713,10531.247104406,3.4167675440528416,84.1502589297356,45.0,164.0,5.490952472215414,-24.4917,28.8597,5.68854474131,7.624336803856282,58.130506906818844,442,4719.63821078,70.72610088497487,5688.54474131,4.08763787114932,62.647538745137034,45.0,146.0,3.7852079128250433,-29.768,23.424,8.39604,10.00170256546354,58.016381941184,502,1964.6879999999996,50.566131887060344,8396.039999999999,4.070697797276905,14.791311907210465,1.0,71.0,2.976293266587494,-1004.3,-840.336,948.7715519999999,948.8894639210871,223.7568559592958,452,2747.9279999999976,238.166399237718,948771.5519999999,3.0712791356695703,17.298985598894113,11.0,63.0,1.0583951431496987,-425.536,-218.136,308.860568,310.1605241308958,804.7002638693756,467,3447.2319999999995,771.3296535139663,308860.568,3.700422270404207,8.066094056927819,1.0,30.0,1.371986332536673,-40740,87500,11891.6,18239.810152520775,331682497.7536,139,680820,440484852.7031338,11891600,3.784166673535161,3.063379779688849,2.0,6.0,4.7971990535168665,-13020,23520,5024.74,6982.779818954626,47440345.50360001,139,491540,44693776.14763947,5024740,4.291106178030977,5.512620768736635,1.0,19.0,3.3682860708503797,-11620,4620,2040.64,2735.42230743262,7187164.6896,105,198660,7540702.2018330125,2040640,4.1868604333412645,5.295513928975585,1.0,17.0,4.247972961405788
1,0,-53.744,60.2276,8.74025241909,12.712003392822739,161.5950053237799,460,7652.43217964,204.00473048413795,8740.25241909,3.6158153178085994,65.5238694956135,31.0,157.0,4.737852731694896,-125.774,106.904,13.201008959300001,20.570582106662034,423.14851475835036,465,11880.167112,535.3313772160842,13201.008959300001,3.156943043397967,74.31529990415841,71.0,160.0,6.114265476195083,-37.2331,49.5655,5.65575381991,8.442715336995205,71.2794227661009,480,4623.404001,96.02951481706911,5655.75381991,3.3866308017125886,55.13351849574746,31.0,131.0,5.870800805376977,-103.819,95.6258,11.626059085779998,17.68468331825501,312.7478897966435,484,10562.087560159998,399.1980130452588,11626.059085779998,3.216193405266973,71.1816130838537,70.0,160.0,5.870560310957497,-51.2143,62.8921,8.174905547529999,12.247643461862461,150.00470187353716,470,7012.39564914,200.02327227276865,8174.905547529999,3.510633297244211,61.10833096837191,70.0,145.0,5.135036808985962,-29.5151,36.7812,4.3145761695000004,6.659073699507549,44.343262454121394,503,3628.1461614,61.78864448696654,4314.5761695,3.362228905718259,57.64875871421852,29.0,132.0,5.523470930006382,-51.414,55.1085,8.538530042140001,12.539566242980184,157.24072051245173,464,7176.009626200001,208.90994646220614,8538.53004214,3.6678498550500396,60.26319837000286,70.0,141.0,4.394769239394582,-29.5864,40.7276,4.8859498304099995,7.1444175490042,51.0426094324676,497,3982.8344653799995,69.3900404633678,4885.94983041,3.473000880259875,56.03120523510795,21.0,130.0,5.700618660743965,-126.774,82.8504,13.941741942199998,21.630416670896636,467.87457099781466,466,12967.886263,569.8024148033589,13941.741942199998,3.383256210725329,79.35489956730305,48.0,162.0,5.860913450205159,-37.9509,45.2122,5.193873598240001,7.597771915143029,57.72613678159626,462,4297.3000354,77.23473245119463,5193.87359824,3.3361715002882115,54.15045004146375,27.0,141.0,5.950718250687166,-26.12,33.8033,3.84113170309,5.455291815791424,29.760196398204737,521,3187.4787469800003,39.633482996860536,3841.13170309,3.3664386631975365,52.64154038920128,27.0,149.0,6.196423792059968,-51.9766,62.3813,8.2719001648,12.238394297780095,149.7782221166675,441,6929.625924600001,197.1828514057989,8271.9001648,3.5381547777292517,61.1715412430231,70.0,144.0,5.097180110573432,-27.6126,31.9682,3.73829358605,5.443433726626298,29.63096658110891,469,2920.1155288,39.84027179371304,3738.29358605,3.34529864276974,53.094463946950945,31.0,128.0,5.8728004427846825,-53.8741,50.7188,6.34109788354,9.480740615670763,89.88443571138545,457,5002.000434,122.80831283582049,6341.09788354,3.2845804284231126,57.76249652555954,28.0,130.0,5.682478002926399,-94.0348,88.8287,11.529756437700001,17.764865607862124,315.5903528148259,428,10493.468270799998,392.21895667406403,11529.756437700002,3.3146869626785107,71.96039400974064,70.0,158.0,5.293302075889806,-59.9522,55.1627,6.70303248357,10.169816831387726,103.42508889944699,440,5242.811110820001,144.55067779351722,6703.03248357,3.2185609725098754,51.47763742956437,28.0,121.0,5.895111091378348,4.88,61.0,35.66304,36.60697448213933,68.2181586944,464,2149.64,72.26381713291735,35663.04,4.1258075900044595,16.81140719747782,1.0,54.0,1.6663491278079294,-978.44,-883.28,946.302272,946.4026414097374,189.9696749660158,445,2880.175999999998,159.68045590180466,946302.272,4.022064493343314,20.096795019964606,1.0,91.0,1.03385172144336,-451.888,-249.856,314.05483999999996,316.1615339722908,1327.6730362864,473,3806.3999999999983,1230.2386081112795,314054.83999999997,4.042482079193219,6.50110152997095,1.0,23.0,1.429294684658269,-40320,127680,14326.2,23595.815306956443,556600606.4304,184,843500,763232422.7274026,14326200,3.418761395185437,3.7527081888427234,4.0,8.0,5.411128979398215,-28280,23240,5437.6,7634.470983637308,56621872.69760001,163,651560,56970114.37896587,5437600,3.9611705298661546,7.074764269232213,1.0,25.0,3.7042514223462932,-9380,14420,2861.18,3948.657746627327,15330633.9004,97,303380,16035528.65326879,2861180,4.2108809960286635,6.3549248040122,2.0,21.0,3.651873858228553
1,0,-51.2267,48.6989,7.28325848731,10.867006465365819,118.09176850938765,519,7153.22216908,113.41376371049263,7283.25848731,3.5444131728161037,73.71866225784497,43.0,170.0,4.713966092066325,-83.0149,80.8761,11.2723762974,18.145685501319097,329.2658817935021,481,11436.3154316,309.5190168795917,11272.3762974,3.3912070985632092,82.79206342571104,84.0,170.0,4.574911209277007,-25.3327,44.9545,5.0890078791899995,7.331682366675803,53.753495892879656,507,4375.577275420001,56.082888815315975,5089.00787919,3.5193649377543714,58.012596207926066,23.0,146.0,6.131539495536336,-71.0978,90.936,10.176503200024001,15.58724309077711,242.9620570284977,497,9894.7303278,243.21714404124108,10176.503200024,3.327068587249058,76.47175673219385,84.0,164.0,5.83400152742895,-42.2356,48.1255,7.251046117753,10.2193094000202,104.43403134243985,483,6586.370401866,111.83520162149804,7251.046117753,3.6863306509284417,65.45869901961447,32.0,152.0,4.7092712546607975,-43.779,45.792,4.066164950511,6.453874973211655,41.65178088938588,490,3267.2388038380004,43.26483646087775,4066.164950511,2.839679416426388,54.37983697755985,23.0,142.0,7.095272249628417,-42.197,60.5441,7.0574343584,10.19116005353293,103.85931400458246,485,6317.893751400001,111.33957513495416,7057.4343584,3.485227904185938,64.1805540982462,37.0,158.0,5.940844779394022,-27.8615,46.805,4.46664582209,6.641564662292269,44.109757142391246,463,3762.65987734,43.732961985505966,4466.64582209,3.270186647623905,58.50310235185534,25.0,145.0,7.04728514738961,-110.87,90.9357,12.0443778889,19.312428861225325,372.9692102641613,519,12745.705449399999,330.5566779020099,12044.3778889,3.1927976439735124,91.52514327666434,84.0,193.0,5.740862570766543,-25.4086,39.7828,4.7048710838,6.878843173084243,47.318451579304536,515,4047.3841178000002,44.89187588079398,4704.8710838,3.536423122360162,59.446464580045166,24.0,148.0,5.783356154369591,-21.0453,29.9545,3.74735433615,5.259568208117264,27.662744094555507,528,3040.1222697000003,25.806950275368685,3747.35433615,3.561416983344549,57.12096006531061,23.0,155.0,5.695239383676067,-37.0225,48.5409,6.87519352905,10.012111495565172,100.24231405927584,505,6522.9683143,103.77824228649075,6875.19352905,3.6881972549244724,68.52837606154925,43.0,153.0,4.848218082819095,-22.6034,30.5885,3.5283141567499996,5.054238169976609,25.54522069284869,476,2738.4057382,26.58953458215143,3528.3141567499997,3.4290506436891515,52.414922578768,23.0,135.0,6.052049581221371,-41.7373,48.3462,5.570127884799999,8.23238259029446,67.77179002321724,450,4642.0162182,72.97674837248783,5570.127884799999,3.3225152946417835,56.784476460050165,23.0,139.0,5.872686244805677,-64.6772,85.0436,10.2846431472,15.736896114006132,247.6492198713884,466,9594.2664974,227.35544101666568,10284.6431472,3.4444372134750507,75.9542996427495,46.0,164.0,5.404089814401812,-35.3141,57.6125,5.949794290030001,8.553229780734148,73.15689933960746,451,4774.32480146,78.79309218480552,5949.79429003,3.358051492950974,57.28762037265609,37.0,142.0,6.735759645995966,48.312,120.048,78.68463200000001,79.53673804887902,134.82138648057597,498,2059.8479999999995,130.69355286695335,78684.63200000001,4.105159720511267,8.35443049886566,1.0,21.0,1.5093402488573888,-977.952,-872.056,944.6147679999999,944.7479282661253,251.58803944217587,485,2622.511999999999,173.0800919319805,944614.7679999999,3.7565878437448874,12.53926026074869,1.0,58.0,1.0351459587689316,-449.448,-258.152,310.926272,313.3535657892407,1515.3105730140155,487,3437.96,912.8722956566596,310926.272,3.9941665356699256,5.407346890662718,1.0,20.0,1.434315894468855,-54880,87640,15306.62,23776.134092825097,557474741.0876,145,707000,606439207.2268707,15306620,3.7651615389996533,2.333762694331392,1.0,6.0,3.6860491978150076,-44380,34020,8930.6,13274.147083711256,172441087.80640003,128,663180,187929034.12542352,8930600,4.047127878079081,2.974385952855559,1.0,10.0,3.3433409860629633,-17080,21700,4306.68,6145.537568024461,37036401.7856,89,274540,23851072.999122925,4306680,4.006906048596876,3.063444708323415,1.0,14.0,3.5310173861610066
1,0,-64.0559,41.6449,8.22773895800042,11.567477725372934,133.8064299624173,464,7962.2376366,159.69454519962514,8227.73895800042,3.649542712378155,79.9026682324346,56.0,159.0,5.537585765952693,-80.441,88.0131,12.396946530358,18.11408779105307,328.12016570406564,459,12194.499637964002,409.384814047492,12396.946530358,3.571244963375349,83.36504655984022,106.0,159.0,4.8588204393859415,-26.3434,26.8817,4.92512928869,6.762836183242295,45.73595320996212,484,4326.56837666,48.650069692296555,4925.12928869,3.877600945518376,66.37119967294657,26.0,154.0,3.9749151497430106,-56.1957,89.9655,10.86801803637,15.509663684035994,240.54966726558987,465,10670.8286742,299.7223382313159,10868.01803637,3.578308065924576,80.52234309366327,95.0,159.0,5.800609338331492,-44.0099,55.7378,7.1935712793,10.128720934101873,102.59098038711718,467,6626.838096199999,114.80535639567128,7193.5712793,3.551736801648708,70.54958143351006,51.0,153.0,5.502945570584263,-35.9494,28.3875,3.9930841241,5.772981214300502,33.327282885885886,488,3326.0217032,33.23588343407903,3993.0841241000003,3.3160304529573152,61.29770432943028,32.0,142.0,6.227181185164466,-53.4384,53.4535,7.7049582974,11.018201987374612,121.40077125747368,453,6856.1117436,139.5109185644137,7704.9582974,3.526322518765834,68.74134412579765,52.0,148.0,4.851381383391825,-40.3009,52.4015,4.33460443872,6.706920001673734,44.982588768019475,514,3592.7663173999995,49.22916755517808,4334.60443872,2.9065550409654377,61.396250161629304,58.0,134.0,7.813049803325972,-107.496,82.8793,13.2769654063,19.89132161733489,395.6644319655686,470,13442.83106,501.40666981558405,13276.9654063,3.48546377655431,88.02100427673251,49.0,163.0,5.404165799939577,-29.7631,25.0487,4.5319730054319995,6.2825463947029485,39.47035974347608,480,4064.3597662,42.57960235151493,4531.973005432,3.7458349430296174,67.35499646124484,26.0,159.0,4.737426217034289,-23.7843,20.0629,3.37218675412,4.543475104620961,20.642982924816035,512,2930.74657484,21.803236829296175,3372.18675412,3.609923117182978,63.52361092168555,19.0,170.0,5.234825646080921,-44.3665,39.0419,7.357942381299999,10.133901777613897,102.69594282646894,460,6827.886500799999,117.9384568826094,7357.942381299999,3.83450429229306,74.62583824505148,56.0,155.0,4.378027434409023,-19.9672,18.0686,3.1509036957400003,4.389295385231901,19.2659078637614,484,2625.6120788,19.925962861982146,3150.9036957400003,3.726696644769852,59.26581803514446,25.0,149.0,4.54906727562266,-38.1046,34.104,5.57668331961,7.922429459185105,62.764865185182394,427,4690.1025127,63.82806966960461,5576.68331961,3.622332329511239,64.76212998886184,50.0,142.0,4.80971149018213,-78.9057,67.8779,11.2774646969,16.11368896993189,259.65092938588526,437,10953.8722462,328.14484523097565,11277.464696899999,3.6292493916756965,80.37304765519474,86.0,157.0,4.896811657916314,-51.9249,58.4546,6.12087275653,9.200912505712807,84.65657349876157,416,4893.624414399999,89.50588115980177,6120.87275653,3.166135386478461,60.13779141355959,58.0,121.0,6.353130731729683,74.664,135.176,102.36873599999998,102.72450538593019,72.965896546304,508,2077.416,77.77977496972791,102368.73599999999,4.057754172950824,15.750882651691832,1.0,40.0,1.31590801525061,-1011.14,-882.792,950.93242,951.0139960836665,155.15333996759978,452,2702.551999999997,138.31511955178857,950932.4199999999,3.3601765774714973,20.925196169857454,1.0,106.0,1.0632230484135208,-424.56,-167.384,284.00282400000003,286.7029009895784,1540.9493958650241,487,3785.416000000003,1356.3839099710763,284002.824,3.720783136250201,5.999752642274899,1.0,17.0,1.4808360799091904,-44800,139860,16506.56,26035.795144377673,673492522.1696001,195,861980,735642129.0921406,16506560,3.515769561007597,3.4518791405970175,1.0,8.0,5.371835168637137,-21700,35000,5889.24,8329.12230670195,69267871.95999998,171,577080,75672783.82774264,5889240,3.8962509139306944,4.132277149637242,1.0,17.0,4.202123430440874,-14560,6720,2172.24,3083.1229621927178,9364661.9696,109,243740,12073590.552052844,2172240,3.9348093524762215,5.943663422686168,2.0,18.0,4.722484370083289
1,0,-43.5176,34.5445,6.707260295545,9.146889389359048,83.66529293499877,515,5890.95163648,108.39613021006268,6707.260295545,3.7917727490322735,63.841274375861744,42.0,157.0,4.757639252818102,-75.9509,56.6799,9.466144420700001,13.711907973076661,188.01561059910847,507,8851.5899534,237.89531718744283,9466.1444207,3.528609079821985,71.51479503015665,42.0,156.0,5.53904680144657,-22.0186,20.6187,4.3136152075170004,5.705595371629377,32.55371157757442,558,4025.617908034,40.182510866830135,4313.615207517,3.994791734918735,68.69025922611468,42.0,193.0,3.8591239942260454,-69.0657,43.6875,8.68289298483,12.264093184738629,150.40775211262996,482,7768.2817736,189.25887748129537,8682.89298483,3.6441280966623157,66.88230838540541,43.0,152.0,5.631537445095818,-44.3752,32.9732,6.3169039892,8.621611484672753,74.33203824150414,528,5815.0689016,93.22322806203037,6316.9039892,3.716035300158783,67.15590844861583,47.0,163.0,5.146972822759286,-14.2972,13.3414,2.9298126131199997,3.8087859589943447,14.506850020244983,630,3099.354987,16.94269101187451,2929.8126131199997,4.060109096136693,75.71792694689233,32.0,239.0,3.753742046396057,-45.5716,28.5859,6.08851122019,8.312991531425594,69.10563948028974,514,5741.92340418,86.90189261232592,6088.51122019,3.6942479397337697,67.9525868025897,47.0,163.0,5.481973586491184,-33.8236,24.4842,3.4406376256800004,4.887902083935405,23.891554408415498,613,3647.9098251,29.180877367574055,3440.6376256800004,3.245522993349956,71.65035754140935,47.0,200.0,6.919860385739877,-74.7725,71.2605,9.910240993590001,14.624342513608854,213.87044675480496,493,9791.987007,276.6108913185009,9910.240993590001,3.4531792440322033,79.42474907904295,76.0,161.0,5.112879428967119,-30.0902,23.7888,4.46438110038,5.995301631419766,35.94361936466135,578,4378.12741388,44.93050006781887,4464.38110038,3.729763962302942,69.38031593364956,28.0,200.0,5.018963490061174,-17.7677,17.2959,3.075063797055,4.0059925862931935,16.04796173210269,654,3440.9750019999997,18.576288619686313,3075.0637970549997,3.7961650066022172,83.64738779882256,200.0,239.0,4.435280300016912,-43.4934,37.0882,6.439129915400001,8.904868797072861,79.29624282648581,552,6077.721364,99.69565168106496,6439.129915400001,3.6898400924958614,69.19274029231289,42.0,165.0,4.884226931484584,-9.99903,13.595,2.69604739858,3.4575414118947467,11.954514300407139,628,2906.9525318200003,13.90384306357253,2696.0473985800004,4.149289735537678,79.1137460429614,200.0,239.0,3.931984719902425,-25.4714,22.3471,4.61929350838,6.244125360498248,38.98907914461728,526,4247.0409334000005,48.031890676724046,4619.29350838,3.9486267991062642,66.91967986910521,47.0,168.0,4.0792582674809585,-46.6856,44.2338,8.3440515355,11.535789215283064,133.07443258463167,494,7636.0945312,169.95748087530205,8344.0515355,3.8777950179911485,67.65013324729856,44.0,155.0,4.047022629205906,-48.7795,28.9673,4.813849307132,6.837819019447236,46.75570873145051,530,4612.073401799999,58.6144486982342,4813.849307132,3.3015734597372037,64.53912371833098,47.0,164.0,7.1337805024186345,-107.848,60.512,20.438416,24.42723472061461,396.41069209599993,455,2292.624,331.41111945903384,20438.416,3.527653931945748,7.798499081938892,1.0,17.0,4.415071997854305,-1025.29,-925.736,975.955608,976.0265128349741,138.40497015033625,492,2523.9440000000045,150.43106752142143,975955.608,3.7223680013828453,15.041320020164832,1.0,80.0,1.0504735132880096,-346.48,-166.896,218.68256,222.01828776480554,1470.0580538624,486,3159.7999999999993,1098.8833660002344,218682.56,4.235646705702565,4.498531192776507,1.0,14.0,1.5605921633223416,-50260,64400,12634.16,18507.686532897624,341228103.23840004,183,564340,311471919.5515973,12634160,3.942085132907762,2.2075165176168214,1.0,4.0,3.479635333434477,-135240,56000,15454.32,24981.319276611473,590179943.36,104,915040,618689719.7555398,15454320,3.352099800441678,3.4625944038493186,1.0,11.0,5.4136452323643764,-11060,19600,3685.5,4981.696939798727,21299504.063600004,87,263200,18507897.707660127,3685500,3.878949079880187,4.8353404113889,2.0,16.0,3.9344023205056486
1,0,-44.6876,40.4569,6.447348563929999,8.817377470043397,77.74547264487066,486,5587.50615248,94.54770318811705,6447.34856393,3.611342151575489,63.653670296837646,18.0,155.0,5.0681282673701915,-80.6358,56.9792,9.373260426409999,13.846674351517485,191.72990061746242,476,8727.64942062,244.52294802611635,9373.26042641,3.4551823932839474,72.47707203844213,64.0,154.0,5.823477750176378,-23.3351,21.6727,4.601228156020001,6.05240158693788,36.63132619495509,555,4054.584963,43.199952169854946,4601.228156020001,4.015792381180077,63.407996342793,63.0,169.0,3.8555108521485333,-70.1058,55.4219,8.798627870479999,12.808681575773388,164.06204263343028,498,8153.527720799999,206.55843107315332,8798.627870479999,3.496940338475071,71.32039541486849,37.0,155.0,5.4733033673504385,-33.6733,34.6307,6.437793554319999,8.655793620227723,74.92237062955077,523,5934.475826,90.91328265716488,6437.793554319999,3.9050238446047465,69.31760172358884,37.0,166.0,4.000869419884449,-23.11,16.5642,3.2569923205,4.396590218824269,19.329978272383897,605,3337.8113494399995,17.833264488450233,3256.9923205,3.7067451192184637,75.44080968105435,240.0,239.0,5.256346134113915,-35.1588,35.2956,6.138389662724,8.235276187401182,67.81963888164205,509,5662.8719624000005,80.55977943762389,6138.389662724,3.7934720667985387,70.18408116304975,38.0,167.0,4.28590361717283,-26.7491,22.754,3.84488668276,5.123631759639277,26.251503140742873,595,3850.2033925999995,27.74389635246628,3844.88668276,3.6093811417326687,74.43587127196948,34.0,201.0,5.220730383223956,-82.0821,64.6221,9.664451558563,14.26594886767136,203.51610328791918,484,8829.474240674,252.4081841811059,9664.451558563,3.4073558601739395,73.94520360308437,34.0,160.0,5.753707710673879,-27.5652,22.9669,4.592923895109999,6.0476530179085595,36.573320213930145,563,4282.3783287999995,42.738702535301684,4592.92389511,3.8532578179985,65.23353629854786,25.0,200.0,4.557999593953687,-15.2611,12.5477,3.3406344091,4.251616825275532,18.075754707408723,631,3397.3818841,19.788163692674857,3340.6344091,4.21959920179631,73.10849844281749,25.0,239.0,3.5894815142498135,-46.4018,39.2778,6.642579816469999,9.206713863553983,84.7629828200663,519,6054.744142459999,106.36092121363421,6642.579816469999,3.644694929216546,67.66895554326433,64.0,163.0,5.039995886446279,-13.9436,13.9385,3.137547662842,4.030273370017452,16.242783888954182,603,3071.0793376,17.77161263806235,3137.547662842,4.139377808562056,68.35268598390275,240.0,230.0,3.459715686715222,-28.0423,25.2329,4.9167973604899995,6.561520344008509,43.053265805373144,527,4370.32870358,46.93092452790113,4916.79736049,3.875854687341531,64.53462876906781,35.0,167.0,4.273750370309549,-57.4649,46.8728,8.46397743762,12.041168783475822,144.9897032504589,494,7860.702115,175.01990341756576,8463.97743762,3.6859234932743665,73.62557082274644,38.0,162.0,4.7723689480093885,-27.5629,29.3164,4.905361645,6.527375792664141,42.60638343863266,525,4523.7604734,47.19744779792516,4905.361645,3.7750398758280723,68.54531287657323,34.0,199.0,4.49129955608616,-105.408,20.496,39.963296,46.2158415507064,615.4381073448959,461,2277.9839999999995,364.6878671455667,39963.296,4.349245925747328,6.015130204444272,1.0,15.0,2.2807763845293185,-1026.75,-946.72,986.331894,986.3935943313602,121.71781631276403,459,2504.8480000000004,134.24243988299784,986331.8940000001,3.8884723162281376,15.772482072554894,3.0,68.0,1.0409130857099653,-260.104,-85.4,160.14696,163.38976210414165,1049.1655632063998,484,3089.5280000000002,861.644435895804,160146.96000000002,4.331980472562783,4.383274603385073,1.0,14.0,1.5919234880470323,-38500,66500,14937.44,18665.208276362737,345046953.44,168,651420,362054782.9604785,14937440,4.158761341983416,2.783170203808182,1.0,7.0,3.562778352932409,-79380,45500,19586.0,27525.251141451914,628598938.24,78,761740,668148851.8357248,19586000,4.303658316431433,1.9475823855157444,1.0,6.0,2.8838973926910674,-25620,21560,6890.66,9768.09305852478,79319658.47960001,97,263620,54611509.88211764,6890660,4.202392042471719,2.506997483740456,2.0,6.0,2.6228251355202836
1,0,-38.5329,48.1307,7.2839622433,9.880084022981332,97.6160072468852,503,6310.2233473999995,115.8630143429289,7283.9622433,3.7473988273265966,63.87862053237339,25.0,157.0,4.871486911249614,-65.8545,62.0533,10.667404467899999,15.031968617560098,225.9595043636803,496,9882.8344804,273.0578257951395,10667.4044679,3.7449603849711504,71.31627608125491,25.0,166.0,4.380963111050528,-29.0278,32.0481,4.7900138963700005,6.627698220055573,43.92621325552482,541,4411.84927326,50.27192703451249,4790.01389637,3.6404355927104515,64.07491493212308,23.0,194.0,4.835479669702172,-50.0501,55.8851,9.817201228564,13.617889628706623,185.445946127771,498,8960.8299516,222.86794649007615,9817.201228564001,3.8994434485212954,70.00999311460447,25.0,168.0,4.103800333510836,-37.6732,47.6435,6.8865166451,9.421735570097853,88.7686817822507,525,6253.3872596,103.90995383865759,6886.5166451000005,3.6955688900737735,65.99639055611578,23.0,191.0,5.056764716599362,-25.3711,23.4107,3.35306473412,4.665989042359275,21.771398528096793,609,3456.4542254999997,24.63222724430592,3353.06473412,3.4537828183314434,72.62402403421392,23.0,201.0,5.4374538323329515,-41.3807,49.9171,6.468356904693999,9.028657274976423,81.51656011277183,523,5923.122020600001,99.41307407627068,6468.356904693999,3.505243620925086,64.87811989370957,25.0,176.0,5.528740152574941,-33.315,29.315,3.8262920065399992,5.328216939882783,28.3897437000132,613,3871.895292,34.204163180524844,3826.2920065399994,3.2701349404017925,70.68219270446745,33.0,201.0,6.252560730144164,-71.1224,54.9767,10.663001055600002,15.269965059255448,233.1715860142919,475,10053.654702799999,290.00273913603627,10663.001055600002,3.7626098796709737,74.84062211692438,25.0,163.0,4.6576661913768564,-32.3912,37.3844,5.18947743922,7.1020993891028725,50.43975705645532,545,4673.85066516,58.819415249177304,5189.47743922,3.567928136227843,61.56461911042498,25.0,192.0,5.263851989647014,-22.8365,25.9154,3.52577259041,4.736602895889991,22.435387509607946,619,3506.44084604,24.7793764100487,3525.77259041,3.507682565218325,68.89378785902694,25.0,236.0,5.471305188468959,-40.7644,47.9044,7.373015382699999,10.141013498791407,102.83987248601373,507,6691.994652400001,120.68821573304844,7373.0153826999995,3.7238572505802754,65.5499228882432,25.0,173.0,4.723827653489386,-16.5932,19.7591,3.0039808155419996,3.973406383631655,15.787939310335014,605,3068.41776326,17.670723367124307,3003.9808155419996,3.714176196355783,72.77097732123146,25.0,239.0,4.9728364260441875,-30.8274,32.0643,4.8226404569,6.7218727448359745,45.18339325609224,535,4481.979527199999,52.912703153590705,4822.640456900001,3.608315903189268,66.04244550937815,22.0,194.0,4.770143859779724,-51.7875,52.8832,9.0271019165,12.531451766327278,157.0371818637058,498,8301.597336800001,196.3182668477918,9027.1019165,3.7858702863832607,73.4186749355236,25.0,169.0,4.2200377886064375,-41.8299,43.1702,5.11675163555,7.259832451985184,52.70513764502315,565,4668.2214141,64.27555343465922,5116.75163555,3.27734287289637,61.93494151255681,26.0,185.0,5.946445773441399,-81.496,-5.368,44.16644,46.92244980134775,251.04187308640002,427,2114.992,185.76365364608887,44166.44,4.579474076083923,7.454278191997864,1.0,19.0,1.7368232124499856,-1018.46,-932.08,985.4569180000001,985.5254575088053,135.09016388127608,451,2670.273999999999,158.1891899979303,985456.9180000001,3.9689450177177794,14.857252287068727,4.0,57.0,1.03341825646437,-267.912,-112.728,166.448992,169.92555777125463,1169.428246055936,461,3454.5520000000006,805.7407123916398,166448.992,4.5501621563827825,5.229684403343987,1.0,14.0,1.5766433461448444,-39060,44940,14565.32,17060.453077219256,283851767.27040005,185,606060,251825418.2454922,14565320,4.329806297628421,2.3997899718494113,1.0,9.0,2.6341621641929414,-22120,36960,10490.2,12703.952077995256,161328993.56000003,122,689220,142086782.7807197,10490200,4.51943980113683,3.4680643449062174,2.0,11.0,2.9093308738167454,-14700,19740,4354.84,5631.290083098188,31619473.502399992,94,276500,30904337.918431822,4354840,4.196178857042121,3.5482356231279524,1.0,12.0,3.505413450329586
1,0,-50.5989,37.2875,6.5926434793,8.80076599106669,77.45317180442352,507,5963.304322800001,88.54236470028363,6592.643479300001,3.565119142454915,74.89509570098092,24.0,172.0,5.749374548915508,-68.0961,59.6178,9.75661613846,13.68200333474312,187.1970525838026,497,9400.666098000002,232.70246682303494,9756.61613846,3.6052414477097305,79.12374209865726,97.0,168.0,4.9770562346729985,-19.9038,25.5857,4.250368441985,5.59372396517034,31.289707163125936,553,3989.32159137,35.42791238371828,4250.368441985,3.8836939387130185,72.56848406722494,24.0,200.0,4.574001176910214,-56.8728,50.2877,8.6516552113,11.88060722996029,141.14875944623913,491,8195.2641874,174.30159123619472,8651.6552113,3.692410220092143,74.27001382217189,24.0,164.0,4.78702804487798,-28.6827,35.2909,5.9886269754,7.943054482815179,63.09209486900274,533,5765.4204682,73.65173891605805,5988.6269753999995,3.8930919474348094,73.53266048780853,31.0,197.0,4.44298853499645,-13.1533,12.6622,2.67694792868,3.36636920227305,11.332415503840073,645,3069.98049876,12.377141182394904,2676.94792868,3.9947833044658463,89.87124746890353,240.0,240.0,3.9072660215399395,-32.337,21.5297,5.499402804080001,7.244529317250643,52.483141676997256,547,5551.675682339999,60.56038254936216,5499.40280408,4.017499144615844,77.08505624257275,37.0,200.0,4.463644024878093,-31.4535,12.2005,3.13601166412,4.092332975694071,16.74713058478296,643,3601.01007636,19.186390124296878,3136.01166412,3.4678096656417936,89.78115647449488,240.0,239.0,7.6859581531645516,-87.6989,55.793,10.309589682500002,14.790007423319976,218.74379088390344,479,10069.081974599998,271.1622187395227,10309.589682500002,3.5247982508751607,84.48005331195445,97.0,172.0,5.92960486698078,-25.1358,23.8209,4.39840433329,5.727088905206277,32.79950485756874,583,4305.3967022199995,34.42771167952722,4398.40433329,3.8144994776186354,76.13127734961792,24.0,201.0,4.388931342963788,-17.66,12.6445,3.12660860957,3.974054568777424,15.793062293760736,669,3330.8390079399996,15.903580573655004,3126.6086095699998,4.005304102435488,83.24282191885308,240.0,240.0,4.443824234007162,-42.4418,39.5115,6.5222665692,8.81812750740574,77.75933614343055,531,6211.2030503999995,91.24874836711636,6522.2665692,3.6617294970547585,74.92500930790457,53.0,189.0,4.813017272017903,-13.0505,12.8515,2.698413881956,3.4629668739669355,11.99213702274061,641,2902.3535029120003,12.719540339240886,2698.4138819560003,4.025732484056786,83.34271079730877,240.0,240.0,3.7685893267151727,-20.9934,22.6384,4.0841010996,5.3653818375316105,28.78715834121376,563,3969.558283,32.845626414522044,4084.1010996,3.8688897216417693,73.6489238165683,70.0,200.0,4.219345553682902,-55.9528,42.0072,8.11998574495,11.233295310944895,126.1868586930708,493,7927.0536752,154.95145248381777,8119.9857449500005,3.7269337144460306,75.71786903215478,25.0,171.0,4.980978283859743,-22.2415,18.6952,4.159911460289001,5.370885459184314,28.846358033720893,579,4186.998853558,31.77983102531627,4159.911460289,3.9958639525517254,77.24488121634084,37.0,201.0,4.141123501706152,-94.672,-33.184,64.746864,65.64542552397691,117.16549438950399,452,2112.5519999999997,107.0070791980005,64746.864,4.392780014378683,13.385759019068326,1.0,30.0,1.4421720819742598,-1037.0,-944.28,986.531024,986.5802666583596,97.16124519142406,479,2479.5039999999954,127.54865901470724,986531.024,3.583451473538138,18.231507603253753,4.0,72.0,1.0511055562791831,-292.312,-83.448,152.726432,156.23309139462097,1083.4158152693763,528,3132.4720000000007,935.1587556656608,152726.432,3.7944186837174407,5.143092773919913,1.0,17.0,1.870999270325289,-43260,83720,11730.6,19236.109024436308,369192128.75999993,166,562240,510285886.0681354,11730600,3.3223431425490433,2.9005111597913453,1.0,7.0,4.352231519048241,-36260,28700,6550.46,9152.02283650997,83530406.6044,142,666540,108278431.6325323,6550460,3.9279091948315505,6.0093351899488185,1.0,18.0,3.9619656383885706,-13300,9660,2974.02,3867.470542874244,14576318.492400002,110,211820,15496542.379199727,2974020,4.183832093898726,3.9931513599854256,2.0,15.0,3.43894022011494
2,10,-120.953,167.729,17.781599343961002,27.085420813682237,733.6198854209504,422,17021.9053254,891.981745822475,17781.599343961003,3.298730694261877,77.90126673728639,69.0,151.0,6.192593467673631,-163.335,156.396,20.713409335099996,32.09221346072534,1029.910146459344,419,20061.194551,1259.183430891598,20713.409335099997,3.3765885983604518,78.82175271201865,69.0,153.0,5.089552336422368,-139.789,91.1935,8.8304219893,13.6008027612383,184.9807318384051,424,8045.5941304,225.28171055148508,8830.421989299999,2.6376740899380393,76.61886913208033,41.0,141.0,10.277996266396318,-93.6096,117.585,13.982014940800001,20.80979699333227,433.04726402048937,432,13063.587003999999,556.8361906417558,13982.014940800002,3.4134050302929984,76.81992855193943,68.0,153.0,5.650463579134182,-122.969,97.7609,11.824001359700002,17.75837776458117,315.3591062192206,422,10976.0440114,395.06393099313334,11824.001359700002,3.120683911479815,72.91166512652637,41.0,152.0,6.924562684169266,-175.849,93.3092,11.050926725168999,17.623252376584688,310.5777952278956,412,9972.71462646,387.8355246216297,11050.926725169,2.739526858439783,71.78585272933807,41.0,132.0,9.978237628466555,-89.168,111.114,11.538036723,17.306044094883497,299.49847219537395,424,10517.875035200002,372.3427652384962,11538.036723,3.1929547528135784,72.7960557510546,85.0,153.0,6.420531427679112,-117.864,89.1979,7.387734646,12.560256960141567,157.7595849791419,414,6642.872232399999,196.21587698127718,7387.734646,2.533757456203473,71.40334024384401,40.0,128.0,9.383884451888758,-124.038,165.174,19.1171772764,28.983814176768952,840.0614107931492,424,18297.674664000002,1016.6634669334069,19117.177276399998,3.392937642887489,78.28629326662472,69.0,152.0,5.6988358741407446,-59.8358,76.6216,6.959267817910001,11.119596319134555,123.64515065942612,485,6431.421274779999,148.48102751703198,6959.26781791,2.979897440468161,67.21391495677504,36.0,142.0,6.890681801833927,-58.7697,84.0909,6.705347823169999,10.713519221959455,114.77941645068125,604,6884.27568094,136.1502324211957,6705.347823169999,2.902746335230583,70.98444603784988,89.0,167.0,7.84904551509454,-195.104,121.232,11.0433136039,18.343493458132624,336.48311116440993,441,11057.2059474,432.3643003708643,11043.3136039,2.4963475920508977,86.55639571724642,105.0,155.0,10.636141934757813,-131.611,88.844,8.650287638099998,13.33589351495041,177.84491254880484,417,7851.437594,215.27549230308603,8650.287638099999,2.6755529883266096,76.62890147950755,105.0,140.0,9.86893003100658,-169.898,83.8284,11.20270143304,17.421617666320685,303.51154684896204,418,10111.383767399999,375.89122081051534,11202.70143304,2.818547868358537,70.95620256589275,41.0,136.0,9.75213687121864,-131.479,124.403,18.015345574300003,27.985783869825564,783.2040611049891,448,17025.9056354,969.7821861143967,18015.3455743,3.4862464313525363,79.45269705480872,83.0,146.0,4.698063867410962,-145.28,75.7319,10.079819905899999,15.868271289847916,251.80005767926428,398,8896.2379884,300.57451910504756,10079.8199059,2.8900579827391892,68.24286701942893,46.0,132.0,9.1553766220865,-325.496,-220.576,262.45518400000003,262.9144689550577,241.2943774461441,452,2811.368000000001,227.00269356708412,262455.184,4.08110444315522,12.156034266551183,2.0,35.0,1.238029999998364,-1003.82,-886.696,961.8241019999999,961.9542022018366,250.28394566559598,401,3145.16,306.4754038558553,961824.102,3.941048327957593,13.689218883442507,6.0,41.0,1.0435216122579807,-164.456,45.872,32.764808,44.28914701766111,1361.4200472114558,471,4424.696,1200.6723198164773,32764.808,4.176305122484871,8.276893784550884,2.0,34.0,3.7132347555580636,-135800,94640,22864.66,33461.634562585255,1096968709.8524,116,1396080,1543786731.0763774,22864660,3.789585161223293,3.687438100136286,2.0,9.0,4.058379148992417,-62020,53900,18547.48,23907.48809891997,571144550.6816,105,1108240,681342259.4176977,18547480,4.478201267947977,3.2280944046497897,1.0,11.0,2.594166302347831,-44660,30800,7657.16,11079.230623107365,122516602.84639998,85,520800,154163960.46325415,7657160,3.9342975589649365,3.741860196824394,2.0,11.0,4.030965824184127
2,10,-66.84,65.2773,8.915213159299999,12.418149775010628,154.2104431206011,456,8086.0801332,161.9331946459969,8915.2131593,3.430348620472646,68.39779851177681,54.0,151.0,5.382444342433678,-83.7189,93.846,12.9952548254,18.599064260739915,345.92495525575555,451,12311.6629928,362.39318522307826,12995.2548254,3.568726289806602,74.53641457533743,92.0,157.0,5.045737714778269,-48.066,38.3245,6.53136843424,9.121791933885806,83.20705930917896,478,5632.648518599999,97.25552239281957,6531.36843424,3.5942159593146883,68.2545124487603,49.0,142.0,5.269359392143501,-87.6158,85.3208,12.8234997106,18.351559210839202,336.7797197588454,471,12424.438944799998,337.58511540668985,12823.499710600001,3.5836659048057857,77.0372177257917,66.0,156.0,4.7742973222815,-57.1015,56.5179,8.671545977580001,12.458094275997553,155.2040874280175,462,7898.4248082,172.36745855490088,8671.54597758,3.613922953597367,66.63234138763626,38.0,148.0,4.583485943754245,-51.729,41.5326,5.4178239339,8.465557432717265,71.66566262536395,506,4953.8426462,91.95072488324188,5417.8239339,3.1999160156197464,69.9874789150497,49.0,137.0,6.110524960834868,-54.1969,56.1522,9.06913940205,12.886021196118083,166.0495384647122,467,7977.329911999999,171.08214207050048,9069.139402050001,3.718796546954634,64.05090024476948,38.0,137.0,4.3576057454348955,-60.2207,48.8312,5.255813225550001,7.710569298504896,59.45281669667503,512,4878.53420122,60.23221875778434,5255.81322555,2.956967223804278,68.79176261543515,49.0,150.0,7.810149635990819,-90.5105,77.5533,13.571286858310001,19.488810283193686,379.8129920159513,452,13386.831440599999,364.6642044156262,13571.28685831,3.704908801998465,75.81380015178415,23.0,160.0,4.644229108128389,-35.1069,30.937,6.56189353313,8.786001947075931,77.19356006578126,499,5897.880279659999,81.20342283642013,6561.89353313,3.967439247823591,69.12242181715997,44.0,151.0,3.9957764875847688,-25.4714,25.3782,4.80615937417,6.545660562036462,42.84563646358864,541,4552.1709432,46.850457378992445,4806.15937417,3.9171419662189684,74.24084506637453,98.0,168.0,3.8913414098691717,-51.9212,62.0502,8.97634156675,12.444675523795867,154.86992762414738,462,8087.3659210999995,169.1453795558464,8976.34156675,3.666215670862273,69.82646290313475,38.0,153.0,4.986084199732793,-41.7242,26.8629,4.476161149839999,6.548720337451598,42.88572417417327,513,4081.37997928,52.787554999036765,4476.16114984,3.367721370210183,68.54669370908647,49.0,147.0,6.3713516305441695,-92.0179,63.5553,8.7587803078,13.642217264196898,186.11001973075238,455,7552.975910000001,231.48104493575573,8758.7803078,3.1782521663572654,67.80860610958092,49.0,135.0,6.7450838978715675,-104.601,103.532,12.899637768955,19.029666823451375,362.1281185359545,471,12037.0048588,327.45766043015817,12899.637768954999,3.3237330727639036,74.20778300743773,23.0,149.0,5.496733125726303,-64.4442,56.8535,7.419706588101,10.681094674870662,114.08576230681935,453,6495.283206602,121.08846560228994,7419.706588100999,3.3051255635087182,64.21363092422374,38.0,138.0,6.0334827058145475,-61.0,140.056,48.969823999999996,58.326085822383114,1297.69190336,423,3453.576,612.2854234263594,48969.82399999999,4.352173592687452,5.906530265001215,1.0,17.0,2.4012583396476157,-1052.62,-781.288,962.0187960000001,962.336897202542,612.1398601263842,455,4249.0120000000015,279.01111193653674,962018.7960000001,3.3764115222287403,17.51626588408449,1.0,104.0,1.0938165241922093,-453.84,-0.976,259.4574,272.240536425331,6796.767258392,452,6208.335999999999,2520.7531984718444,259457.40000000002,4.210748564920822,5.265605039033126,1.0,11.0,1.6670551930258823,-94780,116900,25606.98,34495.84119281627,1100626158.2875998,193,1063720,922216557.9593842,25606980,3.9360628303637855,2.9448898790244282,1.0,6.0,3.388814302181572,-95200,31220,31711.68,38035.718812716026,936743889.4464,159,1113420,343591232.55035305,31711680,4.4345528683367395,3.876469079020657,2.0,10.0,2.5029105002262484,-42700,51800,10285.24,14320.059301553189,196546806.36639997,100,515620,193331358.4611953,10285240,3.857239866113367,2.89587232678807,1.0,6.0,3.6173034558859434
2,10,-245.488,260.99,17.798736112300002,29.46343669134586,868.0934188389464,434,16985.024272399998,978.0339168285923,17798.7361123,2.507693825930816,72.31836535398594,44.0,140.0,8.858097673197072,-310.52,321.558,21.628713779899996,36.48235331428383,1330.9606476727217,451,20739.0081086,1457.640069625132,21628.713779899997,2.46219572912555,70.26070553816247,44.0,140.0,8.814069564807962,-91.0687,84.7472,9.6110053547,14.703084450027687,216.18060357922812,419,8455.0434004,240.8090468958559,9611.005354699999,3.130595805649094,66.59714391351744,85.0,133.0,6.193850025790236,-65.9694,125.579,12.5377379688,17.47586831932088,305.4055366804671,439,11483.9491854,327.69318964280274,12537.7379688,3.4046221086103867,69.18787183067097,29.0,149.0,7.1858518103597175,-85.1886,91.9207,12.176492945289999,17.426634952717134,303.6874475418702,425,10895.9440334,329.3842574071709,12176.49294529,3.471593324346858,68.12451253707106,34.0,140.0,5.274724595391141,-197.262,140.889,12.419675072199999,20.57968638411465,423.52346831900644,415,10847.111148,466.0332794711235,12419.675072199998,2.5755336639077955,68.38257669376371,57.0,133.0,9.585277264101823,-86.6895,92.5671,11.3868878165,16.526744210672422,273.1332189811715,418,10245.716742,302.58383739469474,11386.8878165,3.3624126707768314,68.13441396269843,33.0,141.0,5.601048749833209,-111.349,129.474,8.5817444671,14.2748883764535,203.77239990195818,418,7612.9713851999995,223.44839656752097,8581.7444671,2.50937319141792,68.5341409686403,33.0,127.0,9.0700534102647,-279.745,298.32,19.565680211580002,32.58433585260575,1061.7381698519198,440,18825.65710982,1194.7389721318368,19565.680211580002,2.456388639992025,73.12094578237115,44.0,143.0,9.155319333481016,-131.739,87.2279,8.18087216058,14.04338346079865,197.2164124017603,473,7758.4911094,214.91012521119006,8180.87216058,2.544083967439405,67.75024451674983,57.0,142.0,9.38085899083667,-132.282,82.7442,8.0227097355,14.017285307250381,196.48406461490714,569,8201.4677114,212.43654086180865,8022.7097355,2.5612109505063128,70.87527691161345,57.0,149.0,9.437062676578162,-161.941,70.4247,10.727705675700001,16.702911838374767,278.9871363406506,429,9985.793040600001,305.9024711978855,10727.705675700001,2.908480061829114,73.03487167409426,85.0,138.0,9.695375367302258,-100.792,84.9153,9.5806221482,14.73790307911596,217.20570042348777,413,8404.3668548,241.9273969234775,9580.6221482,3.048543882902609,67.07264651448101,85.0,136.0,6.838964773952491,-181.602,129.962,12.5482735192,20.178209459412816,407.1601127938096,421,10994.762778799999,446.7980860175374,12548.2735192,2.7120241236628284,68.18845995919744,57.0,134.0,8.999906575718766,-108.804,165.12,15.7186369691,23.7762741499465,565.3099099971382,450,15197.7800522,624.9554413656351,15718.6369691,3.196144693535621,71.82636743964756,44.0,151.0,6.944738227640749,-177.098,167.497,12.001338971090002,19.87342594242758,394.95296932276244,416,10716.225326619999,435.50379303429276,12001.338971090001,2.5188783980257896,68.8526046480159,57.0,137.0,8.911296950663914,-471.896,-26.84,262.011592,262.9997433950383,518.7906834815361,465,4200.216000000002,348.5977976813572,262011.592,2.484764135449911,38.038135492423514,1.0,201.0,1.7942831194750994,-1151.19,-811.544,951.4282239999999,951.5506034153769,232.88543637382384,429,4480.3279999999995,173.4164816543895,951428.2239999999,2.25915159170571,53.93751365189512,1.0,209.0,1.209804287725805,-937.448,450.912,146.19503999999998,151.82117483892688,2109.092530849536,461,9278.832,1798.8936153884042,146195.03999999998,1.3668565646834765,92.04746219591729,1.0,237.0,6.174685454743555,-96180,111720,22058.4,30579.297899068904,933576325.8416,132,1526000,879039671.3886218,22058400,3.9305918380178526,3.292775286308444,1.0,7.0,3.653452095883526,-73080,92120,27685.84,34142.59310597249,1135349069.9376001,121,1406580,781126853.8746314,27685840,4.394296654222698,2.971444221958574,1.0,9.0,2.698096178988984,-39900,24220,8882.72,11736.895637262862,134860365.5616,87,480900,130771332.27534865,8882720,4.325933538770239,2.782684016435796,1.0,8.0,3.399536064146601
2,10,-114.243,123.327,17.014312825199998,25.507931268778286,650.653999145802,441,15487.159781999999,872.2156245161843,17014.3128252,3.5198023142296377,72.48463626272445,34.0,142.0,4.834849157326697,-144.349,166.405,19.421775910700003,30.030399727235253,901.8245442240561,441,17962.8142218,1229.7071945528394,19421.775910700002,3.3123674360704354,71.95498380879664,34.0,140.0,5.541218282522011,-112.567,80.2309,9.94503304054,15.510205744267058,240.56641549410958,402,8908.9718878,328.8605790235731,9945.03304054,3.052574068668203,76.50161930452651,63.0,145.0,7.25760843253852,-92.5109,85.2994,13.179800727000002,18.688416570756164,349.2565647959454,425,11658.551895999999,459.1809092475896,13179.800727000002,3.5647050202782014,67.66256543599303,63.0,145.0,4.950173261054233,-116.368,109.517,13.709719008899999,20.592335327236917,424.044020852392,401,11700.743576,586.9667143922193,13709.7190089,3.28275411338618,63.73208538560184,34.0,140.0,5.651034627727882,-162.052,163.064,14.53928203911,24.784311711961646,614.2620009793063,379,12392.24618862,893.0507080864712,14539.282039110001,2.813323458373075,65.19675937985748,34.0,141.0,6.579323319327866,-128.337,90.1986,13.7679422651,20.30673638264746,412.36283207926715,398,11463.4632218,556.2593246848072,13767.9422651,3.329126922020419,62.27144228767825,34.0,134.0,6.319922491812456,-141.274,138.887,9.803704399,17.560372663580665,308.36655253432053,414,8518.773408000001,453.91968433048606,9803.704399,2.4402621537216262,64.4552400701542,34.0,140.0,8.045045666541872,-127.238,131.735,18.33655420192,27.507478969128584,756.660732291142,441,16652.1403372,1014.8649979838339,18336.55420192,3.5125277312186567,72.51491093933222,34.0,142.0,4.7890611912434835,-88.1722,86.7971,8.3918948036,13.512457961607824,182.5864978799202,488,8210.790170799999,251.94718018692703,8391.8948036,2.9172746708833586,78.61302126311686,54.0,148.0,6.5252524929601,-89.2221,96.5331,8.221210316299999,13.178642104685807,173.6766043947378,584,8686.0768964,240.4958474628683,8221.2103163,2.8400399554670632,80.80019688491959,82.0,159.0,7.324965594571889,-95.1628,114.606,10.9644187782,17.03283837152949,290.1174292917536,406,10148.649476,397.5596516975126,10964.4187782,3.043012451909412,80.31546973045285,91.0,146.0,6.72853211544382,-117.241,82.4678,9.877788806744,15.450431490264657,238.71578155908793,406,8826.640018428,327.1719366216495,9877.788806744,2.9931506896676945,76.92012565033792,63.0,145.0,7.588202314859216,-147.444,152.223,14.54880889545,24.247730538669025,587.9522335302285,389,12366.37206392,848.9548294172964,14548.80889545,2.897262380250465,64.41227053787908,34.0,141.0,6.2778246301130185,-104.666,123.986,15.997354696789998,23.407426339580805,547.9057782529259,426,15039.505866390002,675.9570024646146,15997.354696789998,3.500987729320391,75.4238189096642,52.0,153.0,5.296865969000009,-170.919,172.361,14.78370100835,24.880209426446815,619.0245541796033,388,12615.6422454,898.2708394321752,14783.70100835,2.7620696899600623,64.30654135706978,34.0,141.0,6.927634612946068,-371.856,-111.264,249.760352,250.45065617297152,345.29774630809595,458,3448.696,260.3869110149067,249760.352,3.030435334638702,44.10677840166107,1.0,203.0,1.4847475573918278,-1067.74,-820.816,961.5371459999999,961.7013738073686,315.84924515468384,404,3724.9040000000005,263.89068122711194,961537.146,2.944974940336632,42.66962637021497,1.0,192.0,1.110261489772886,-707.112,253.76,85.73574400000001,95.02674025212062,1807.265357872896,467,6399.143999999999,1720.5564497168596,85735.744,2.0177034243561236,97.65884210337988,1.0,238.0,7.441189691700701,-124180,76160,17837.12,29061.267983348556,843376423.3776001,124,1359120,1080282931.8284285,17837120,3.6117729682421493,3.386898231982455,1.0,8.0,4.2730413576982365,-60620,57120,14752.92,20868.391734870227,435451904.43999994,124,1218420,551190024.0234107,14752920,4.034810824744923,4.675541215124425,1.0,17.0,2.904871672439734,-40320,30660,5621.28,9110.126058403363,82300974.20159999,89,461300,78129343.86903533,5621280,3.428532892773027,3.77856708579393,2.0,9.0,4.425844356215908
2,10,-154.016,151.29,13.952445922899999,22.050703355731553,486.2333124270541,425,12442.6431672,487.49412946974996,13952.445922899999,2.8716257846961186,61.486444162917664,51.0,136.0,6.984629810457598,-213.716,193.816,15.774730620789999,26.272654475415944,690.2515702982695,451,14757.099015379998,757.3529854970336,15774.730620789998,2.6397161266691596,66.27717805932856,51.0,136.0,8.134541570589299,-88.5228,56.1509,7.9395695151,12.43794657866021,154.70247496279805,422,6742.133953400001,193.72095093579003,7939.5695151,3.1291010655743885,67.9529863996345,29.0,136.0,7.117155507958091,-79.5727,83.6528,10.062067944599999,14.939770537218607,223.19633399689175,465,8997.613627399998,195.9331483152082,10062.0679446,3.317892094751015,67.54427612241473,37.0,151.0,5.599336334624451,-78.4936,107.825,9.540499346099999,14.597207971560731,213.07826650036554,445,8282.597668,219.82269091592113,9540.4993461,3.046950863202346,64.76191388277206,37.0,137.0,7.3866865643122965,-113.102,118.95,9.517916640907998,16.13911149335795,260.47083067740033,431,8087.1674784159995,331.62526044882793,9517.916640907999,2.6912348300653037,66.07182088248227,37.0,137.0,7.370294210369255,-80.4529,135.284,10.142501521900002,15.903447709728207,252.919624879313,426,8859.730282,251.80574988857768,10142.501521900002,2.922098423247015,67.56616510907904,37.0,133.0,8.506583130225668,-60.196,105.373,6.780665158100001,11.43660002641456,130.79560917111564,422,6035.0224484,164.72632561068238,6780.665158100001,2.6940136527978167,68.67216092873782,37.0,136.0,9.21366487912711,-170.681,168.185,14.8973958799,23.75259214182008,564.185446748169,435,13473.069127599998,562.3083573838971,14897.3958799,2.821769602519609,62.04648092204403,51.0,137.0,7.185784144354078,-63.5277,54.6587,6.734831336,10.227278631998269,104.59709132036943,534,6317.269456,122.75415191471514,6734.831336,3.191154319576041,77.4824802028159,43.0,153.0,6.211593747063834,-55.3942,52.6133,6.375010512399999,9.442894701313415,89.1681489683109,624,6749.8258874,103.87700830548363,6375.010512399999,3.2502685620439506,82.33578871161562,200.0,200.0,5.866230827745564,-70.551,61.4132,8.30782790986,12.431207115332311,154.53485960756512,445,7347.497760799999,180.10406987318046,8307.82790986,3.3424423327266117,70.49874874390842,29.0,138.0,5.675313696043591,-93.8641,55.7083,7.873276260400001,12.487492855407243,155.93743945617845,420,6715.664614,197.62969141071113,7873.276260400001,3.0446394894751387,68.51159968629749,29.0,137.0,7.516648945216865,-107.241,119.715,9.60281993011,15.94690134545167,254.30355307924108,431,8180.220265,315.348736302416,9602.81993011,2.77518038890291,65.66991212237939,37.0,136.0,7.507101060366488,-172.155,88.6521,14.262779671610001,22.599100511738026,510.71869223167977,436,12675.945047359999,351.4719767104067,14262.779671610002,3.1211888049207124,64.47390736946315,50.0,152.0,7.617781066577508,-103.037,141.618,9.898392961898,16.545497969624236,273.75344077665494,411,8636.5071996,342.90953834134865,9898.392961898,2.6842505437512654,70.52774531999604,37.0,134.0,8.559307206104977,-309.88,-127.368,253.531616,254.26497359081137,372.3964835645441,481,3328.648,214.14927768186,253531.616,3.3082495323820322,30.528152767596854,1.0,186.0,1.2187286185107427,-1049.69,-910.608,962.7327419999999,962.8324048138118,191.9072407094359,442,3527.7480000000005,134.85975346814303,962732.742,3.473691768778264,38.89682209483735,1.0,189.0,1.0902105026294628,-180.072,295.24,49.762823999999995,65.3119681896052,1862.3013971839362,498,5226.48,1056.033279050595,49762.82399999999,2.8665004780313463,32.06561672120865,1.0,206.0,4.5204578606925105,-99820,66920,15402.94,25103.739203552923,611246501.11,159,983080,450545151.0412858,15402940,3.6403023824608542,2.737228247448999,1.0,8.0,3.9763000718981543,-65380,58100,13535.2,20365.497371780537,402154107.00640005,155,1025080,274531873.51540875,13535200,3.8649117073724346,4.816262579227021,1.0,17.0,3.2103316116695404,-19040,26740,4528.3,6864.1144803973075,43318791.80440001,135,329420,36697542.61238521,4528300,3.505474635454804,3.0623932160545473,1.0,10.0,3.895622673014078
2,10,-80.3733,84.4593,12.506273806099998,18.408092370767644,338.8576025680267,446,11935.0779552,294.6639884703054,12506.273806099998,3.6097148273668025,77.14067545166988,76.0,160.0,4.588161461755959,-93.9481,100.008,13.82527194517,20.1910408094024,407.6778315819094,432,13223.216249000001,381.44659271784735,13825.27194517,3.5275882827146106,75.36147263420955,76.0,157.0,4.9530879038899815,-28.8742,30.1475,5.892548537200001,7.751896045698521,60.09167030844855,433,4989.8596174,64.10124178531484,5892.5485372,3.9673969550378163,65.2947366896347,51.0,139.0,3.8890485401605277,-67.3713,65.7895,8.613176669840001,12.439681824626009,154.74567336157853,436,8017.60263832,160.57229072287865,8613.17666984,3.3835825903435226,70.44274006621575,72.0,149.0,5.415837876707548,-54.7231,53.1763,7.67871551313,10.882023082798952,118.41829113204189,422,6787.4170888,127.36875427657426,7678.7155131300005,3.523068008595497,66.45749845477222,72.0,145.0,5.0287616175433385,-47.5889,37.4186,6.66777957316,9.339826796321685,87.23159168400284,405,5497.2950958,97.92905141498592,6667.77957316,3.65861086515488,62.207572738813106,51.0,134.0,5.0952657943016675,-48.1871,51.9042,7.83367421252,11.160733490132992,124.56195329209132,454,6980.607748,127.54540907058724,7833.67421252,3.6477209517886653,65.64567673524104,25.0,146.0,4.650608317624249,-29.4959,23.1007,4.529792997389999,6.2195057723166585,38.682070440377885,419,3877.67352,40.388171936458804,4529.792997389999,3.7779204783873763,65.87163332011094,47.0,136.0,4.7424829367130386,-88.8084,91.5778,13.41402114033,19.992390173507367,399.6953038086872,450,13010.04796,344.1015245538339,13414.02114033,3.594705051798796,78.61990111635313,76.0,162.0,4.580632891076377,-32.8489,22.5389,5.0393491494,6.766508250550482,45.785435733136744,547,4846.5538621999995,46.598823978986125,5039.3491494,3.8577229046196617,71.95983357074877,52.0,200.0,4.854630894350511,-30.0,22.9026,4.91059262557,6.518525893448407,42.49093406003898,649,5427.9872424,43.25438436661709,4910.59262557,3.878691098697492,81.4693215902779,200.0,200.0,4.602267520353364,-35.4002,31.6418,6.581453193600001,8.650408144056405,74.82955424579187,439,5706.035140800001,78.49161759597614,6581.4531936,3.9436835441527807,67.26264209430116,51.0,143.0,4.092315577539895,-29.1349,29.2605,5.769994134799999,7.60523039907874,57.83923673660849,429,4858.7138072,61.74421329150316,5769.994134799999,3.9678361580595696,65.12032334138684,51.0,138.0,3.8474179564033286,-46.7254,40.8547,6.906765189453,9.67811345042153,93.66531166755236,418,5787.541936586,104.65650048207915,6906.765189453,3.671971755831909,62.87621134197654,51.0,136.0,4.827945057615013,-93.2997,98.0443,11.598056865999999,17.455027313490312,304.67775783120123,476,11444.4462122,278.3415962471303,11598.056865999999,3.2822225503701907,77.6382968646763,71.0,158.0,5.61696628937529,-42.3692,30.7802,6.8009067034,9.51140121437749,90.4664899608155,432,5691.699268,100.49818307568854,6800.9067034,3.888916229115133,62.434592924399944,34.0,134.0,4.454569736365918,-342.576,-88.816,244.328424,244.7789724253944,220.36656730822392,479,3023.159999999999,182.87039689567334,244328.424,2.7062665546831712,42.12894529472417,2.0,189.0,1.3995319802415338,-1072.62,-900.36,961.787968,961.9410156537583,294.4222074149758,465,3491.148,293.4466177718221,961787.968,3.3809514550765196,20.5448858760621,4.0,138.0,1.1150579739767323,-365.024,142.984,100.946704,111.20330663918227,2233.5916354263045,482,5509.032,1246.0040019576172,100946.704,3.056495867465571,29.848578178286296,1.0,193.0,3.2824923199845255,-98000,64960,17423.42,25467.098656894545,607522183.5900003,149,1060640,654811187.0633862,17423420,3.698673116215603,3.824308128552546,1.0,9.0,3.8481022640350546,-56700,87780,9571.38,13638.002830326734,175846436.70999998,132,1015840,133505151.64941043,9571380,3.3109115266491043,9.1710896461964,3.0,27.0,6.436426292917627,-27020,28280,7184.8,9289.24423190606,79358211.9344,90,366940,80108944.60798702,7184800,4.129911255968389,2.9534216815573053,2.0,8.0,3.0443811459780328
2,10,-43.3443,41.0075,10.34061991342,13.276025129949033,176.2526868244989,441,8775.450604,193.18573962593203,10340.61991342,4.241554929501918,61.376650497737835,68.0,143.0,3.264855224039968,-59.3058,53.7306,10.400077466902,13.230534165247317,175.04326709731947,469,9131.02564526,163.13188083048064,10400.077466902,3.8369248425510527,65.49059286085826,18.0,153.0,4.4824947548813805,-35.0417,27.1644,6.2732877705,8.169118418272232,66.7342673133736,456,5292.949705999999,73.44136441879532,6273.2877705,3.9844083385646423,62.315561906251084,68.0,146.0,4.289532628345877,-55.2659,53.7388,10.0633252972,12.900588975255282,166.42378704414415,456,9167.110654799999,154.49933462414745,10063.325297200001,3.8674193261750855,68.2711005282218,18.0,156.0,4.283982700790324,-36.2515,43.2386,8.529629194699998,10.93388088836342,119.54935140072187,492,7596.3083158,124.32233479909618,8529.629194699999,4.059443311293011,70.12594440506335,68.0,166.0,3.954551951084217,-40.6829,31.8919,5.1626162298,7.2600556217598955,52.70840755798516,528,4980.7082874,60.78661032647182,5162.6162298,3.489098357991172,77.4798483451578,32.0,191.0,5.603662302264585,-43.9799,48.701,8.8056617995,11.329901392266484,128.36665591792462,460,7806.200520799999,134.4908588416305,8805.6617995,3.888534065881897,68.76983361051872,68.0,159.0,4.2984487078803815,-51.2334,45.1613,7.8711931009,10.994669641572557,120.88269850414935,488,7177.525669000001,134.31074042097464,7871.1931009,3.70896101699944,69.68851566785051,32.0,148.0,4.659839874249477,-62.5026,55.3415,11.7039801793,14.981717273263307,224.451039377729,465,10885.9853036,215.194708745343,11703.9801793,3.953283699211341,69.33615146671013,18.0,156.0,4.171924944248112,-40.8704,34.0948,7.89335167227,10.342095977596044,106.95845549748078,467,6851.3067976600005,119.448543825457,7893.35167227,4.045612205080551,64.96750333298569,27.0,152.0,3.9518488407511443,-50.3332,42.2499,7.5149015586,10.62394624955938,112.86822267774349,513,7708.7541748,131.85638021535516,7514.9015586000005,3.679488612519201,82.1089942700466,41.0,176.0,4.737712222714562,-38.7144,34.3386,8.79362515929,11.224996002060346,125.99811419805984,447,7428.02322918,129.86166878066695,8793.62515929,4.216531597647537,63.069160495216906,68.0,144.0,3.4489455491025547,-24.6278,25.9982,4.30636000022,5.729960958358695,32.832447506545606,512,4059.8939732599997,37.79322377978751,4306.36000022,3.758450232564693,68.2422435567469,22.0,178.0,4.537238593584937,-54.3452,38.5125,7.2108316047,9.41594382500956,88.65988726060107,473,6443.863265,99.01282834272016,7210.8316047,3.6158376332098037,72.04713297471976,68.0,157.0,5.771614721792886,-46.4597,47.5726,9.76924173491,12.51394067090069,156.59871028622635,460,8939.194023200002,148.446913938285,9769.24173491,4.024261445119414,68.68754056667872,68.0,154.0,3.8015682870083456,-42.4672,47.9917,8.2331797494,10.754564462650055,115.6606522332641,460,7033.9158342,128.0922286841291,8233.1797494,3.8531301507135973,65.81457060712394,32.0,149.0,4.46244942476957,-78.568,110.288,47.217904,54.8807108513729,1936.4082085322236,419,2968.992,1451.719479805158,47217.903999999995,4.652845841343381,2.8394258953106846,1.0,11.0,2.009594961309453,-1022.85,-878.4,963.1782539999999,963.6628392985692,933.7188664914843,489,2967.512000000001,331.4965278060674,963178.254,4.422912301445267,6.774660056384668,1.0,18.0,1.0614189509938061,-455.792,224.48,239.38010400000002,274.29005932995824,69120.32339108858,447,4266.096,11159.574358134296,239380.10400000002,4.144816002947468,1.3276349255111852,1.0,2.0,1.661715342923541,-33880,121520,39845.54,55082.122613421496,2031984745.9324002,177,675640,974912377.4783307,39845540,4.296790841948219,1.3870101372964592,1.0,3.0,2.2061604425242325,-124880,35280,33943.98,47354.55806150027,1235464533.59,145,980840,1054959753.0940039,33943980,4.181041172426151,1.8127550587664292,1.0,4.0,2.6371273455411823,-36400,22260,11408.74,14099.457620773928,198635168.86360002,112,373940,217042683.97470635,11408740,4.458477677257615,1.66527870471507,1.0,3.0,2.5816595913851885
2,10,-52.3898,62.7733,8.12107697782,11.437573448620235,130.81802955649917,479,7418.90125316,147.82965255404275,8121.07697782,3.510678854135803,72.48162439911982,22.0,161.0,5.488340711601954,-78.7321,90.8326,12.08432059956,17.641649744518034,311.22780560246156,465,11466.476171499999,369.76600455126993,12084.32059956,3.522065334146633,79.08671722302384,128.0,165.0,5.148758835790021,-38.2911,27.0545,5.221934003806,7.162312896769304,51.29864585304053,508,4595.05667726,58.78870303315462,5221.934003806,3.6781800882200475,64.60637490563909,22.0,157.0,5.346192012537168,-82.9356,66.7932,10.930167139289999,15.543043969997832,241.58620724871145,479,10724.363359800001,283.50805533092944,10930.167139289999,3.5533790725078473,79.9550337504006,70.0,170.0,5.335866009263536,-47.05,33.2918,6.95806706498,9.550544790679131,91.2127049036535,501,6399.303481,102.30078750290747,6958.0670649799995,3.7952081374184523,70.80604366742244,18.0,168.0,4.92642053738322,-42.8988,25.1027,4.056915178240001,5.991854023604539,35.902100831704566,550,3717.54789756,39.41070267411079,4056.9151782400004,3.2584991241145977,67.95367519527876,25.0,162.0,7.159520213777377,-53.7954,54.689,7.40087647965,10.824901208971099,117.17848271231674,504,7012.1693094,137.0687836423503,7400.87647965,3.445785321722393,74.82745704434043,72.0,157.0,5.052147723498546,-36.4618,32.9042,4.54619597983,6.4073483800886,41.05407438543942,522,4280.57216728,48.10115394098772,4546.19597983,3.388828447265136,70.63627782625768,72.0,169.0,5.690622366236282,-110.084,122.576,13.112224940414999,20.040279643791234,401.6126271538059,461,13123.482599400002,458.8891980540694,13112.224940414999,3.196164288550972,83.43963569820693,47.0,166.0,6.116481515165673,-33.2851,30.1874,5.610599908989999,7.737009070718827,59.86128027012472,516,5017.06578332,68.12896580681995,5610.59990899,3.8403615812343324,68.07971874112125,22.0,160.0,4.302062941346347,-24.3451,29.6405,4.22282056842,5.910800207545481,34.93719658744477,558,3811.2264206,39.93263975914504,4222.82056842,3.650275396988371,65.55146865792996,21.0,164.0,5.014634052790716,-33.8401,45.2425,7.789823234789999,10.689034066472399,114.25544924399247,495,7145.334044379999,131.01862337990352,7789.823234789999,3.970256949914606,71.89179847628209,22.0,165.0,4.232608832439707,-33.9329,20.7256,3.69691465934,5.183723569310218,26.870861863384466,564,3316.7639203999997,30.73724354497925,3696.91465934,3.426183637241093,66.17874781141833,32.0,165.0,6.546047362729132,-72.2923,53.1975,6.054567420271,9.167467635842188,84.04182752186287,492,5280.9626312,94.34899093452472,6054.567420271,2.9556399089150105,65.33271827218853,72.0,145.0,7.8857436831691325,-109.223,92.2386,10.9931510603,16.34041482351708,267.0091236076261,489,10899.024465400002,303.29094822614303,10993.1510603,3.1530436620931495,83.57200718466416,72.0,165.0,6.684224432467073,-46.542,48.4129,6.066470364900001,8.72414264429172,76.11065456032141,510,5531.3566608599995,89.37681877128182,6066.4703649,3.375310025492128,71.56598769243095,72.0,155.0,5.5493017450462,-31.72,63.44,16.203552,20.99679758591772,347.673206988544,442,2670.3359999999993,375.88142823794044,16203.552,4.384640725009472,8.468893480880194,1.0,21.0,3.021413134093762,-1018.46,-949.648,990.845458,990.8893042275085,86.89159324623601,445,2666.488000000002,111.23383791984003,990845.458,3.857043015732988,19.979032288995388,4.0,103.0,1.0278241935349028,-230.336,-39.528,137.948328,140.83213551527223,803.9491957964159,482,3979.152,868.132626612426,137948.328,3.931840216689466,10.137386898334478,4.0,40.0,1.6355358040780525,-69720,61460,15314.74,21238.108437429168,429224993.75,163,762300,648896806.3864578,15314740,3.726819910178194,3.1693414855714663,4.0,5.0,3.282778228833616,-67480,58800,16403.1,21659.165127031098,412474844.4124,151,916300,455886960.3157057,16403100,4.04605334322624,4.074377725380802,4.0,8.0,3.1155402160807912,-32760,33040,6995.8,10666.028426738792,109019955.6656,89,382340,152154129.91953918,6995800,3.7412741211881237,3.08529780394996,1.0,6.0,3.0976853499819703
2,10,-60.8995,56.5158,10.49586611293,14.46037291554029,209.0991285596284,455,9385.6936592,231.34691703951574,10495.866112930002,3.837767598159934,71.01026880111586,43.0,158.0,4.211475067461951,-93.4812,98.0822,15.122701131129999,21.289777851361215,453.2533174899568,473,14531.864441360001,528.6350664058863,15122.70113113,3.660790361191377,78.69988230161763,35.0,164.0,4.607009085993298,-35.2914,29.4801,6.652172252680001,8.804778364338151,77.52326234176726,469,5983.164853440001,82.5781360702341,6652.17225268,4.03070755656525,68.3196536058485,28.0,160.0,4.008209921891979,-100.281,98.2168,14.2901695334,19.924326515282523,396.97758155908167,457,13519.6182952,471.4371763987001,14290.1695334,3.530745151056234,78.94424956377392,43.0,164.0,5.0330935865300965,-59.3809,50.1955,9.473111199589999,12.640832987002026,159.78851845704327,463,8418.469676820001,182.4218563140355,9473.11119959,3.780738641107365,71.10519072990196,28.0,161.0,4.697546440259007,-49.334,37.7415,6.512609182835,9.610937496089113,92.36956885610977,495,5883.16174289,87.43771636135347,6512.609182835,3.596282771804374,70.46961374249419,49.0,150.0,5.133110065493092,-60.4366,62.9133,10.13030237498,14.185980747799729,201.24004078525294,437,8834.039599880001,235.8831413944039,10130.30237498,3.710029890322336,70.30858805158606,73.0,152.0,4.4348925265359584,-31.7763,33.3055,5.9205783426,7.853676277076031,61.679735852034064,466,5363.4675616,63.82742601668206,5920.5783426,3.862041531400259,71.01806804825652,42.0,159.0,4.240752842998494,-131.782,99.3521,17.10909470457,25.000018770229396,624.9989090850261,469,16355.586423599998,737.7244255667617,17109.09470457,3.5613565200563606,77.36372138443795,45.0,162.0,5.27127604227758,-39.8899,39.8524,7.062823956980001,9.394098981443179,88.24834346294828,465,6380.35098959,96.30729348444413,7062.823956980001,3.812524234809041,68.29554514544135,42.0,157.0,4.246272056404484,-26.5436,29.4414,5.17615390368,6.947528954819302,48.26781185266081,487,4675.845019599999,48.52516440049887,5176.15390368,3.8859940060356246,67.0688788436314,42.0,163.0,4.237679352106528,-48.6018,57.0432,9.87799271938,13.403244365936061,179.64569774286025,471,9061.530444340002,205.96575931792106,9877.99271938,3.9020098437892834,72.73381201955803,35.0,162.0,4.255924792729554,-37.778,28.8644,4.945982367099999,7.103082794593802,50.453340540168576,503,4437.711763599999,47.3804229689608,4945.9823670999995,3.559839281738878,68.58904501936054,48.0,157.0,5.3185357812178475,-79.9267,50.2176,9.38682923897,13.421744062551731,180.14183765704692,445,8256.03900026,160.76559786754328,9386.82923897,3.515005965656227,68.87521529951188,48.0,156.0,5.955015952286337,-101.041,110.559,14.379273123099999,20.601951629388505,424.4376378772181,445,13226.244038199999,500.8097058166415,14379.2731231,3.4493318295143713,78.24752206442027,42.0,163.0,5.3664333354850005,-46.8644,44.2026,8.39103922006,11.298536645377325,127.65575332659651,438,7342.661740400001,137.48829220514233,8391.03922006,3.8773600931000822,69.84599130440743,73.0,141.0,4.147829180973987,-71.248,82.96,29.632335999999995,33.821639094520535,1125.5534937751042,434,3250.5679999999998,541.7301177632797,29632.335999999996,4.560273501800294,7.489446567959155,1.0,18.0,2.452867519760164,-1036.02,-912.072,978.325336,978.4517409641663,247.34633629510427,482,3470.6160000000004,271.25398076780766,978325.336,3.758638855448408,15.801099603383024,1.0,90.0,1.058836073999016,-352.336,-94.672,199.190376,206.97636052797912,3162.407926386624,523,5178.655999999999,2236.4867631159864,199190.376,4.456189223726666,5.2918432287041,1.0,16.0,1.7023006835235714,-75880,125720,21446.6,31800.670722486342,1010956069.0095999,184,912800,1127845288.328306,21446600,3.4196394431677697,2.5468930432750536,1.0,6.0,3.9533757352829366,-96460,60200,25520.6,32455.054127207983,1045694600.9776,154,1104740,555063607.6004162,25520600,4.348089264295121,3.5662208428400466,2.0,10.0,2.9721102797094052,-45220,34020,9011.38,12364.767187456462,142476649.1036,89,465220,159016011.52113998,9011380,3.982294963220895,3.1112848220853904,1.0,8.0,3.6571655021433638
2,10,-50.2101,45.3909,7.1740043125,10.491235106793006,110.0659719786547,517,6937.9679940000005,115.04087914440609,7174.0043125,3.594839661225112,72.22383437958754,47.0,161.0,4.785909331827793,-97.5997,74.109,11.5269933869,17.8417263253899,318.3266125375907,485,11213.9304442,345.801819332227,11526.9933869,3.4206968352490765,74.32343964827392,70.0,156.0,5.470305856059987,-22.6338,23.0187,4.43367554895,6.003076844502861,36.03681934931125,524,4171.43980482,42.79994860490367,4433.67554895,3.966192933255001,64.46846941969028,34.0,165.0,3.8344836483442135,-76.9321,68.8557,10.9696253772,16.601572267111447,275.6094983894609,481,10648.5152725,306.4558176322322,10969.6253772,3.575459395720613,72.71509589537007,34.0,155.0,4.634024944276295,-40.4926,41.968,6.50712165159,9.154153488546658,83.79677054847875,503,6104.560878140001,99.38321371158993,6507.1216515900005,3.6731510957677553,65.06882728918411,34.0,157.0,4.584585571184581,-37.2339,20.9492,3.10932792789,4.453406261716445,19.832417126630446,600,3039.4083144600004,25.23203279399597,3109.32792789,3.0926073607489903,65.96698867744236,37.0,200.0,8.360768771553575,-51.9513,47.1478,6.662868378699999,9.540668855846764,91.02337598393277,481,6254.4173802000005,95.8082146476636,6662.868378699999,3.441578776286168,68.35251939159943,19.0,164.0,5.445247160859474,-24.4483,22.1344,3.8406983498500002,5.369130459074377,28.827478283566876,577,3662.5535567000006,29.036880974403772,3840.6983498500003,3.7204916822867413,66.63214302619711,19.0,199.0,4.553493379673776,-99.3409,93.8502,12.477497233,19.639359814078595,385.70443703762686,483,12639.525233,379.32917723775984,12477.497233,3.363694984925257,83.62142609021541,101.0,165.0,5.058255510385164,-30.283,26.0382,4.8847063208399994,6.721474062382582,45.17820524127037,547,4659.88634552,48.732106299891676,4884.7063208399995,3.797965664929349,66.5371084719065,34.0,174.0,4.505410527354693,-21.0558,20.4471,3.46758616888,4.78034437712521,22.851655184540018,601,3451.58581804,22.8280310813768,3467.58616888,3.7377669020842035,67.29352478754868,24.0,200.0,4.404661743776393,-53.0886,44.0377,7.0901240883000005,10.313053111607482,106.3586915111809,527,6767.4258168,122.0620005182671,7090.124088300001,3.54489521860538,68.1251498536234,34.0,156.0,5.147709356819665,-23.356,18.6062,3.0033170024999998,4.051566935466806,16.415152049009418,577,2967.5859229999996,19.78478997706467,3003.3170025,3.5103563926763837,69.09930198336522,200.0,200.0,5.764683237871526,-48.5573,26.5256,4.732290185100001,6.637565039758047,44.05659524392143,510,4385.422907,56.622475468491594,4732.290185100001,3.3508846833907358,64.5122590283205,34.0,155.0,7.315529069643589,-92.0644,88.8697,10.70824666859,16.58605167958531,275.09506950199574,471,10290.118787200001,271.30937185309546,10708.24666859,3.2460107382216012,75.48158443715934,56.0,161.0,5.5507122357104475,-31.9113,28.5084,5.00996803729,7.072756105377027,50.023495940703576,511,4696.59994,51.60198436166898,5009.96803729,3.741789860795374,66.6373101877302,19.0,166.0,4.511862069687317,-40.016,59.048,15.111407999999999,18.828555294127057,340.730323472384,461,2704.9839999999995,345.0557491827472,15111.408,4.449818627219476,7.697820804241819,1.0,28.0,3.136087664591986,-1027.73,-944.768,987.260132,987.3184950814565,115.24249325457615,481,2978.7800000000034,101.00615593331614,987260.132,3.9632264834751765,21.456254109849095,6.0,126.0,1.0409305660937807,-274.744,-88.816,162.63917599999996,167.53103469731212,1615.146016793024,465,4136.2880000000005,995.1829262537955,162639.17599999998,4.574697381555773,6.3283014218453655,1.0,24.0,1.6399588320838325,-64820,74060,14515.9,20143.92518850286,384697686.31000006,164,810600,382317168.47795874,14515900,3.813075277201939,3.3775473749920644,1.0,10.0,3.6765426453365566,-102060,36260,27559.42,38005.484409490164,1165352469.9516,132,944160,780297630.8679415,27559420,4.49729887342959,2.0143430001203,1.0,6.0,2.68540189885108,-31780,21420,7934.08,10858.878689809551,98425140.54239999,88,402920,124440098.8098585,7934080,4.3025871531379085,2.5230785170719274,2.0,6.0,2.926637354354437
3,10,-87.1016,114.858,10.407961177379999,15.965208053315393,254.88723543384444,433,8945.242518,321.1827827707162,10407.961177379999,3.049272349976472,68.21602654076807,35.0,142.0,7.194268913780185,-156.341,144.362,14.5236192977,24.47410684018837,598.9806400615556,455,13018.2034154,804.1329731411424,14523.6192977,2.9361906881460196,69.27011277911565,35.0,151.0,6.388016568730347,-52.1136,43.6819,5.537215817022501,8.395965930111656,70.49213060630348,459,4983.316005375,88.57848034527501,5537.215817022501,3.2140712577383383,68.81790364131014,31.0,143.0,6.206980880317478,-123.641,122.399,11.5743596749,19.284081354310164,371.8752336521656,459,10597.7944924,507.167509651416,11574.3596749,2.902019961786475,67.67889624906198,35.0,152.0,6.411557684720363,-61.6485,73.2319,7.4799105333,11.223374522846035,125.96405416937561,467,6666.4470162,167.16563126691062,7479.9105333,3.1462690914367726,65.80650068992306,35.0,153.0,6.524944868491279,-140.173,67.2656,7.12335822168,12.572845534791883,158.07641434314544,427,6250.7658922,199.77684531324556,7123.3582216800005,2.4433917658165045,71.79036811735743,57.0,135.0,11.148868377656425,-49.3536,63.5149,6.904563381559999,10.041083800835867,100.82336269877516,465,6404.32283202,125.93716765912859,6904.5633815599995,3.3063530420770713,67.53524557307003,38.0,155.0,6.325502431790552,-82.6227,50.3378,5.18376084663,8.499845602689897,72.24737495903635,439,4627.5949276,89.62499326151189,5183.76084663,2.6438106025136228,71.28248305725504,90.0,138.0,9.720494213901118,-140.495,133.618,14.981072965200001,24.497649697736712,600.134404077651,437,13828.209263,773.1684923990006,14981.0729652,3.0914390307415265,73.25101563310768,81.0,153.0,5.735039962343002,-65.8244,47.1868,6.001779073389999,8.888122684855109,78.99849039832695,451,5407.215500800001,96.75277512645151,6001.779073389999,3.0936089634798334,66.1948057953224,64.0,143.0,7.405883371992749,-76.7767,48.4355,5.870942359450001,8.864790534279972,78.58451020984494,702,7501.02259512,94.42051474509796,5870.94235945,2.893824375009154,83.16296192550212,200.0,200.0,8.660858900512764,-85.0213,122.66,9.237741953799999,14.740734742235603,217.28863451994596,457,8042.4550392,285.53836623516867,9237.7419538,2.8445084110709646,67.43584839253741,35.0,140.0,8.321159165055105,-55.2568,43.5854,5.437118920797,8.29920103794935,68.87661390020132,447,4887.692654274,86.85993742074,5437.118920797,3.1391364884349633,68.74404702786802,31.0,143.0,6.6580866938070224,-142.901,68.2766,7.36074840555,12.671782812217115,160.5740518319006,453,6468.5998791,203.26802257337977,7360.74840555,2.4753396154261003,71.53757061232096,57.0,137.0,11.277103002604049,-99.1575,116.729,11.05007923275,17.196099011025478,295.7058181295658,451,10304.5923746,383.6200032896399,11050.07923275,3.034171051063093,71.40795961768657,65.0,156.0,6.7881093220711195,-91.3248,70.1327,6.3651225047999995,9.845563196515984,96.93497654945523,445,5622.6495336,119.63104661908962,6365.1225048,2.698496969142065,68.47043232027099,53.0,139.0,9.275731431221404,-210.328,-109.8,144.637832,146.35790964279312,500.53526934777614,502,2504.9040000000014,349.6627063855171,144637.832,4.298641501844001,7.9541158724945635,1.0,30.0,1.4370798306243564,-1029.68,-857.904,934.869896,935.0324698489054,303.997224693184,447,3569.7199999999993,266.66281972697345,934869.8960000001,3.2644973073075936,28.635307660794645,1.0,159.0,1.1012237897646369,-429.928,-258.152,320.8356,322.58654199053007,1126.594846048,489,4853.159999999998,1042.1716162148136,320835.6,4.011306926795046,12.408605975129664,1.0,62.0,1.3327524370580255,-63700,91560,14085.12,23781.77078352241,562019547.3984001,212,724080,740203166.3430057,14085120,3.464008025077187,2.3325295409391855,1.0,6.0,3.8500076732485726,-41020,54880,10881.22,17359.545558568057,299790471.8844,123,780920,363342365.27197343,10881220,3.7197676278416245,3.4483870463784765,1.0,13.0,3.161373079430249,-23940,17780,5125.68,7186.6269695873325,50513722.97439999,121,295540,52140232.813068934,5125680,4.157471425230354,2.7924919563446133,1.0,9.0,3.3311872316888422
3,10,-164.343,192.022,13.9314200814,26.09241225670468,680.8138449706865,450,12851.246144599998,760.8681827267037,13931.420081400001,2.5779143243993983,72.68252574186326,81.0,129.0,7.359304234151758,-172.184,203.318,17.451199058983,31.276952266130728,978.2471625137388,452,15746.008761199999,1086.3298557198545,17451.199058983002,2.7905108316630627,67.54492212524009,81.0,130.0,6.500569437520598,-84.7503,92.0085,8.6430468877,15.494922442425471,240.09235982042685,500,8989.096698199999,295.5632741391035,8643.0468877,2.8519138363115775,87.85941863767464,84.0,155.0,5.93797744660396,-124.219,208.312,15.312036041849998,27.30238177482286,745.4198550654445,476,14464.8070611,842.8154449744168,15312.036041849999,2.8047589946866616,72.42984573643882,81.0,140.0,7.629810531478863,-88.7567,130.647,9.98165061001,17.655191052959662,311.70562999781635,486,9729.88123802,356.7988514814221,9981.65061001,2.7854973821864797,74.44598238421769,85.0,144.0,7.39991992202762,-152.811,121.476,10.586487333758999,22.96496429557067,527.389520540683,519,10182.803573922,653.3054535634884,10586.487333759,2.218017972692603,78.79619398164128,69.0,140.0,6.6540926444842405,-79.1616,116.178,9.4203689984,16.543967259850987,273.7028428466017,502,8490.8161496,305.824438884535,9420.368998400001,2.8908071288073893,61.831578032475335,26.0,142.0,7.022378500587435,-86.7919,120.647,7.8901139771099995,15.020650975394926,225.61995062136882,527,7736.45926252,265.328877418085,7890.11397711,2.481060959416143,74.84111556984485,29.0,143.0,8.032075320678832,-199.128,195.26,18.814996034460002,32.93554931183962,1084.7503419468883,424,16713.18511172,1152.501116816972,18814.99603446,2.8495819038065466,67.34469828545869,81.0,136.0,6.045989945836967,-143.302,128.909,9.274120856514001,17.780645860481275,316.15128431146854,507,9638.7638041,363.20298752045477,9274.120856514,2.397157716902836,85.73062711033684,84.0,154.0,8.059437273788726,-97.8628,84.9808,8.32448488387,16.092975324206666,258.9837821930854,521,8280.5211328,321.7479361532681,8324.48488387,2.667358033456521,78.35590855600596,72.0,159.0,6.081088054164672,-133.425,188.4,12.647566979065802,23.695162293942463,561.4602732107492,482,11906.440488,639.6555309549929,12647.566979065801,2.5678323391175617,72.69578048309491,81.0,131.0,7.95099006551913,-129.987,75.9749,7.8355976835000005,16.06434741048437,258.06317451794604,539,7959.219627939999,332.44625582438056,7835.5976835,2.43072310907767,80.33175985896031,69.0,158.0,8.091645223955016,-167.481,123.674,12.73374921517,25.741304087428063,662.6147099202796,479,12503.96115686,852.5002758789401,12733.74921517,2.5473426026816783,80.29332696932964,69.0,145.0,6.506313721758835,-126.419,161.334,13.71934541751,23.50727712915258,552.5920311063779,476,12344.664678019999,616.3533919738823,13719.34541751,2.8772550783772615,66.42434969518555,26.0,144.0,6.86315131750931,-85.5131,122.07,9.124967392600002,16.437639805811433,270.1960017007402,521,8605.1197362,321.62983022443683,9124.967392600001,2.707945912945524,70.37817107469564,29.0,139.0,7.426248624625711,-115.168,-5.856,46.043288000000004,47.7948380884798,164.362178053056,478,2531.2560000000003,132.65500868490025,46043.288,3.828547766530521,22.745889821677412,1.0,138.0,2.4096326006334867,-980.392,-865.712,942.5036799999999,942.6754432494781,323.8044920575999,452,3495.056000000002,180.03789172933276,942503.6799999999,3.8371019709716014,23.808043630539693,1.0,130.0,1.0400101190930677,-477.752,-261.08,332.311408,335.87600429415613,2381.818373665536,474,3831.2879999999996,1303.5890943556528,332311.408,4.135154402571876,5.0369668373369505,1.0,21.0,1.4224058697018158,-67620,73920,16328.62,24109.89545394173,559692263.9196,210,667940,436436174.1560954,16328620,3.7321033185449237,2.1885731625984324,1.0,5.0,3.0659610341825356,-47460,35980,8634.64,12674.129713712102,160581488.75999996,131,734160,172246626.15565112,8634640,3.6337706363176654,4.321699417357823,3.0,15.0,3.7446358110611078,-17780,7980,2860.2,4687.190800468869,21533470.929599997,134,259840,14227028.861496894,2860200,3.8510349536206614,4.68390422253065,1.0,15.0,3.7933168835843913
3,10,-123.758,153.473,14.61318846415,22.74623474239768,517.384390838016,425,12510.634532,609.2727208730412,14613.18846415,3.071635104556797,66.30736761378729,48.0,133.0,6.747182632118674,-190.213,208.83,19.30083426894,31.813182838552027,1012.0772818168274,422,16543.4019208,1244.9183708282167,19300.83426894,2.928254644933367,65.45192468643629,48.0,144.0,6.564259887474525,-97.954,74.1459,7.75025727046,11.878906928728746,141.10616815727303,445,7175.856761919999,169.3131892650013,7750.25727046,2.8860945552798345,73.76905508306031,43.0,161.0,8.24604490865245,-149.514,153.666,16.091342696039998,25.918627903707293,671.7742983943577,426,14330.117189280001,809.4647801522156,16091.34269604,3.057657791218842,68.05401361388853,48.0,149.0,5.928786067337317,-62.7789,69.4369,10.431049425700001,15.004470872646818,225.13413732715208,440,8992.9762596,280.1454867078783,10431.049425700001,3.656840071855434,67.1589360488018,48.0,143.0,4.6277473287367705,-222.177,97.2886,9.97844198444,18.942468317764323,358.81680681827106,432,8498.57245092,398.26960897806737,9978.44198444,2.288578874343817,69.98893261862912,46.0,150.0,11.729041657767564,-53.4916,82.677,9.44373719615,13.81695843894674,190.9065722833692,458,8453.08656536,229.97248286893844,9443.73719615,3.471162819809559,68.93925602820178,31.0,149.0,5.9837337113899896,-110.983,67.2371,7.130929174099999,12.408412409974252,153.96749018872754,450,6201.829700140001,177.9919900455878,7130.9291741,2.6479501773621146,70.09386113137921,46.0,152.0,8.944174027516087,-168.488,214.588,20.253090345199997,32.08338980033394,1029.340598384924,416,17400.709926,1271.5131838302755,20253.0903452,3.098514912738185,68.04791373064946,52.0,151.0,6.688445371123673,-67.9044,90.5134,8.06661923117,12.001744058425995,144.03939109040016,452,7279.409834800001,165.05758769791012,8066.61923117,3.0182202062229924,68.43316190783659,45.0,144.0,7.541687238068852,-67.3017,66.9148,7.254933261470001,10.957319025493037,120.06267159358006,682,8454.24663306,131.11232635731545,7254.933261470001,3.1068513239369735,79.74233695452754,200.0,200.0,6.142168521644525,-135.63,170.42,13.83392056476,23.246652751875317,540.3992822527911,435,12206.91850236,671.308775670972,13833.92056476,2.8458157473345955,69.53274854019904,48.0,130.0,7.330947892541309,-99.4817,65.1129,7.53872560116,11.628681746043876,135.22441911831496,438,6868.9656280399995,160.0891325446911,7538.72560116,2.9037885312261706,72.00794265894385,53.0,159.0,8.554856188565319,-226.055,96.8836,10.0621624465,18.881637950840656,356.51601835870207,440,8627.477067200001,397.04693328382825,10062.1624465,2.3111735832174944,70.23177910768628,46.0,151.0,11.972213458840073,-119.898,167.864,15.25084537717,24.479110710762324,599.222858627192,436,13967.27209,711.8175548409555,15250.84537717,3.0568496086083576,71.24867725050359,40.0,149.0,6.857438653855919,-123.451,68.4003,8.398194886,13.31864354779327,177.383910483032,435,7137.2304936,209.16554366816933,8398.194886000001,2.8218777230495147,68.08980417439774,46.0,148.0,9.269037012440673,-236.192,-10.248,155.063464,157.87768804894503,880.686516000704,480,2709.3760000000007,516.2710457815201,155063.464,3.5605015306333483,5.27580053499843,1.0,21.0,1.496044203071786,-1076.53,-823.744,935.678514,935.9159724246382,444.4258783078041,451,3767.851999999997,309.0848999845573,935678.514,3.0071995070589628,20.356710139239976,1.0,120.0,1.1502421496355906,-729.56,-111.752,310.825744,314.51800878179296,2308.9347149104638,452,5442.176,1886.3612959383847,310825.744,2.7204938928550737,8.393537193261928,1.0,31.0,2.3196128031770535,-72660,148680,19131.28,31182.376343056345,967545019.9856,131,980560,1173674229.881428,19131280,3.4805917641012147,2.6960374630453017,1.0,6.0,4.7680779156880355,-53900,84560,15019.06,21739.475255856567,471863222.30039996,108,1099700,503433121.9238641,15019060,3.919215602060336,3.329991894088905,1.0,9.0,3.889698302502482,-50680,20860,7033.32,10358.247959959252,107131632.4736,86,361480,110823912.27391927,7033320,3.6020512347061575,3.0234241724008624,1.0,7.0,4.892719328201848
3,10,-146.338,208.936,12.657463572829998,20.983432295171404,440.30418434902714,437,11650.8355308,541.468444586672,12657.463572829998,2.522984592152461,75.72744976019814,54.0,142.0,9.957188941300096,-129.647,250.089,16.5546699792,27.80416050705409,773.0710632467058,445,15307.7773394,978.5790802380031,16554.6699792,2.764808799335506,72.65580393377259,46.0,147.0,8.994661066517397,-66.0055,50.277,6.46186497099,9.816741921795506,96.36822514314849,444,6204.87723242,115.11508451486597,6461.86497099,3.1438146859390828,77.79869699070191,69.0,143.0,6.723768489161568,-113.202,165.595,14.330239511009998,23.121858694647944,534.6203484133428,449,13307.763352000002,667.7446643820431,14330.239511009997,3.009172894691779,73.09435196052691,43.0,151.0,7.161837730559721,-72.6683,106.574,9.6230928466,14.557651996892952,211.92499959402159,443,8722.610356000001,261.3342514006908,9623.0928466,3.1086376406345653,72.29307899991849,45.0,146.0,7.320823442045884,-180.451,91.8478,7.684290205220001,14.639297059191229,214.3085033887907,427,6788.7138362000005,275.2498576190723,7684.290205220001,2.1539717622586263,73.3750955013037,97.0,143.0,12.32647983508911,-59.5124,95.3722,9.11651057239,13.548856013581833,183.57104467672025,451,8383.569225160001,226.5960286019734,9116.51057239,3.2273028215760537,72.8100481910613,46.0,151.0,7.039133038567661,-95.2773,100.499,5.762840538660001,10.20751889048187,104.19267356605977,431,5182.25273536,130.6772311398284,5762.840538660001,2.2334390376923943,76.67676177936664,53.0,146.0,9.84558550204708,-121.388,259.64,17.434353075822,28.823922950449337,830.8182788436856,457,16894.5436988,1050.5920723167746,17434.353075822,2.8536594831095816,77.29167762983272,45.0,151.0,9.007795380467199,-75.9077,103.528,7.18933273765,11.099623628316948,123.20160029855869,456,6580.832032300001,146.111879108177,7189.33273765,2.690489491028253,78.34587133361725,99.0,144.0,9.327163106313192,-33.4869,94.575,6.191119270400001,8.97939512627459,80.6294747527749,674,7495.265221000001,91.89678267278914,6191.1192704000005,2.944484849785371,85.15539260397733,200.0,200.0,10.532446636997218,-218.767,212.334,12.338766442206001,21.654121393169305,468.9009727586794,429,11365.5774292,585.3535227710014,12338.766442206,2.2308273689309797,76.74192843500448,99.0,136.0,10.102788103377359,-71.5008,47.0779,6.3258700265000005,9.576812834755398,91.7151804308257,448,6010.1120706,109.09410831164882,6325.870026500001,3.0792907969999255,77.2140306155447,68.0,144.0,7.466032931176754,-176.856,90.1,7.77283836233,14.55469699983972,211.83864073920367,431,6897.155840799999,270.77622164188824,7772.83836233,2.2236035842368485,73.6317622374919,67.0,143.0,12.151128944968596,-97.3227,130.193,13.9652582844,21.856107048472797,477.68929798602096,448,13218.6015016,585.1965438362156,13965.2582844,3.2690579827170474,76.18691510902514,43.0,154.0,5.956824777223869,-76.1681,108.507,7.320911981700001,11.686741396427534,136.57919124990173,449,6578.93966,169.42062084185062,7320.911981700001,2.6685225683851628,71.96234016959124,53.0,146.0,9.284624029857374,-233.264,-104.92,158.677592,160.84280786387683,691.830638617536,445,2505.392000000001,553.9001221734464,158677.592,4.428746727241206,5.150476866877526,1.0,15.0,1.4502606805858183,-980.88,-856.928,940.016344,940.1732685943545,295.04799226566394,447,2912.383999999998,238.68751998552912,940016.344,3.652580878690449,14.222267003866468,1.0,83.0,1.043297052538524,-422.608,-188.368,295.85585599999996,299.24387286808064,2016.2079195952645,478,4097.736,1664.9994000457282,295855.85599999997,3.9685873806978886,5.693811048206055,1.0,15.0,1.412252808886428,-80780,158340,18777.08,33833.635217044,1136548537.0175998,123,924280,1224275873.6975465,18777080,3.2891761396314214,2.5198431020412384,1.0,7.0,4.679958242271135,-75460,98420,19052.6,27127.458649862503,734995372.4400002,112,1031800,718368738.571912,19052600,4.003067317061475,3.1641583700796567,1.0,8.0,3.628058244243194,-45640,28560,10535.7,13824.114250106588,190794882.39000005,67,398580,200725401.05306318,10535700,4.3239740775243325,2.4325273009634305,2.0,6.0,3.3014773441740113
3,10,-145.221,165.106,13.4736702911,22.035195893081628,485.54960803436984,454,12504.7008198,628.2732505591326,13473.6702911,2.7955594770848182,73.24538312697258,47.0,145.0,7.4928310508842895,-148.732,222.55,17.651255616300002,28.89892448128409,835.1476867442987,449,16065.4517462,1083.7182049515354,17651.2556163,2.921744180283735,71.0341031218041,48.0,159.0,7.7009786348322695,-77.6755,61.9997,6.91634410153,10.967056788201143,120.27587316389906,452,6567.5229098,155.75228241585154,6916.34410153,2.9744507143826984,78.79741063622342,84.0,159.0,7.082620387592669,-104.071,170.941,15.832775449100001,24.807695421772447,615.4215784416564,451,14109.8954376,798.3742470511079,15832.775449100001,3.19461548479794,70.34588378313217,48.0,154.0,6.8906440962659445,-84.7791,98.7146,10.2980763838,16.057007116003614,257.82746784359125,467,9551.4848326,329.79664919221335,10298.0763838,3.1703512073714095,72.14936797909127,48.0,149.0,6.147758376566555,-112.313,94.1431,8.65415502561,15.157278005715204,229.74307175591497,448,7716.43458982,308.41164845089696,8654.15502561,2.7085986840144596,72.39206195324567,53.0,155.0,7.409839679502563,-74.0042,76.3625,9.7200095558846,14.63482026110556,214.17795944034168,461,9193.6979054,276.24668152485634,9720.0095558846,3.3776679822750117,74.37035158553442,47.0,150.0,5.217863877901247,-65.838,68.9356,6.63770164281,10.755834382470503,115.68794080077386,476,6225.17410394,148.21565985280293,6637.70164281,2.979290523297288,78.16504842882873,73.0,156.0,6.409135502527718,-131.394,193.255,17.509509501200004,27.917675753501538,779.3962816545268,450,16775.1036732,1004.7094893574458,17509.509501200002,3.0910646709167233,77.07905997776514,47.0,159.0,6.922316947382743,-89.6328,47.2991,7.299095327999999,11.040523416837546,121.89165497958005,469,6967.446009599999,154.7936500976188,7299.095327999999,3.097607816168073,76.05593147747469,86.0,149.0,8.118528136383816,-67.8914,50.9941,6.718380816929999,9.993191754408333,99.86158695847911,684,8380.78709394,118.19100424367548,6718.380816929999,3.163815803415864,87.56073757857064,200.0,200.0,6.793765362307876,-192.835,186.984,13.75157809242,24.868226814742865,618.4286903225155,454,12760.9342352,810.1478244969172,13751.57809242,2.4889187734316547,73.88703606755165,48.0,137.0,7.754272205916982,-70.4672,62.282,6.61165480669,10.385330653421146,107.8545818005653,450,6315.3540534,139.59220452750776,6611.6548066899995,3.000622085404754,78.10496562891612,84.0,158.0,6.785263016809833,-109.926,96.2511,8.71461465727,15.13793103210301,229.15694890847234,444,7766.537218619999,307.431735500848,8714.61465727,2.7262677185398987,72.21454502249203,53.0,156.0,7.261626424831764,-132.736,126.184,15.409456454610002,23.90724873750439,571.5565253375394,431,14349.98650998,747.5483913066864,15409.456454610001,3.2409502383370343,74.098262606909,79.0,150.0,5.552123603071523,-54.0951,81.6993,7.772143095600001,11.62910734438694,135.2361317581604,448,7160.385545000001,172.94694395578736,7772.1430956,3.2097499786591888,73.75043745783238,53.0,155.0,7.0254145550934375,-227.896,-96.136,163.14084,164.98506413098127,605.1377103984,461,2958.744,315.83813503985533,163140.84,4.316570178510972,7.570838374687552,1.0,24.0,1.3813129158108146,-1002.84,-843.752,938.263936,938.4164538604554,286.2272778199039,441,3656.0960000000014,217.13497099191824,938263.936,3.510705182795098,23.71651809194233,1.0,135.0,1.0686513390451746,-466.528,-175.192,299.957008,302.5926226154762,1588.088612999936,481,4604.768,1285.0219503777544,299957.008,3.594035191027614,8.666657602068373,1.0,30.0,1.5417692472722542,-66500,114800,15779.12,25528.932245591473,639172682.2656001,143,790580,650107515.7210559,15779120,3.4483965547706177,2.812691106970141,1.0,7.0,4.496858658075076,-42280,56000,13656.86,18111.35960661154,328002330.39,127,945420,298856069.7609825,13656860,4.323163020673758,3.4221274733405416,2.0,10.0,3.091982115995159,-40880,14560,6144.18,8407.161447242464,68400565.58999999,107,354760,66767237.5056788,6144180,3.998866435699585,3.164950316131716,1.0,10.0,4.862521108525705
3,10,-77.273,81.1145,11.39949895316,16.591227195413747,275.2681655089571,461,10802.698759800001,304.7417669625613,11399.49895316,3.5448117248441533,73.49948744150042,73.0,157.0,4.888999411835081,-113.457,111.772,15.507668161040002,23.968563397711986,574.4918331486558,437,14746.675357799999,686.9560681761698,15507.668161040001,3.4349707783804426,76.75533026292823,34.0,164.0,4.733575313522148,-47.2725,37.685,5.703660449159,7.9910706242204546,63.85700027740209,453,5094.392378,76.07135036226985,5703.660449159,3.440447161373406,65.27164996857044,41.0,153.0,5.91566539991774,-87.1798,85.8282,12.8660714596,19.084651076105615,364.223894389559,450,11810.8524234,431.03104887098044,12866.0714596,3.574079927442173,73.48666856036084,44.0,163.0,4.568058365455313,-54.1475,58.1618,8.646518129560002,12.180157380273624,148.35617989248323,434,7713.4428081999995,185.5930354845667,8646.518129560001,3.6378230626183026,66.70373813350967,41.0,154.0,4.77512713375904,-106.756,50.048,6.502716001339999,10.664608864523816,113.73363994378703,423,5505.061772200001,123.27575056409623,6502.716001339999,2.7157875042764106,70.6434044544863,51.0,147.0,10.010306177765925,-52.6309,48.159,8.08401486739,10.941174147780316,119.70928458136099,438,7462.17725418,137.1366859498603,8084.01486739,3.6784318765915303,73.92025269215206,75.0,164.0,4.810352096504876,-63.3376,55.0339,4.88314482686,7.835682039800502,61.39782498126351,451,4223.8144794,63.65489748750324,4883.14482686,2.7257925342108402,71.657763750354,51.0,149.0,8.083227430398974,-134.978,116.207,16.677662008,25.54067663661283,652.3258887606614,457,16137.126434999998,769.068182822902,16677.662008,3.4119414268525734,77.5286658296959,73.0,162.0,5.284824749180983,-44.8631,45.1979,6.32770203411,8.92520387319338,79.65921507442607,483,5740.056453839999,84.72298400587222,6327.70203411,3.4984566668127104,66.16005359200001,25.0,154.0,5.064074797859881,-52.9045,36.8723,5.694920921451,7.887776415819326,62.21627662899,738,7503.621506842001,62.823032696649676,5694.920921451,3.309242971653193,95.20070889536271,200.0,200.0,6.707150052313527,-82.5741,87.4439,10.68436752356,15.974899646564543,255.19699685325872,416,9588.4810726,306.03752964647646,10684.36752356,3.3401556109539285,68.28591226658574,43.0,140.0,5.4738309432075285,-49.2146,37.3946,5.61372493175,7.9051540999535765,62.491295977305256,449,4956.3159388,74.69675151710828,5613.72493175,3.375210907841932,63.68321130868108,41.0,149.0,6.225634488300362,-106.541,49.3084,6.597253885230001,10.708854181020737,114.67933526123112,427,5616.82682928,125.32984625539878,6597.25388523,2.747310839460922,70.36916477502834,51.0,147.0,9.94887017780317,-82.6836,85.7858,12.643716808219999,18.431138329662286,339.7064401469904,446,11971.074177199998,389.01595941180744,12643.716808219999,3.588921330410787,77.32722248666352,75.0,165.0,4.65439510385205,-64.3778,43.9076,6.352340249709999,9.177768772891925,84.231435591005,442,5615.255839399999,92.20123499470617,6352.34024971,3.2364359941279184,70.08041433924338,51.0,153.0,7.0145371487403985,-251.32,-97.112,165.32464,167.86732846988423,847.2033764863999,485,2739.1439999999993,523.9362259342977,165324.63999999998,4.232581827607112,5.2763041542097024,1.0,12.0,1.4971346854137098,-967.216,-840.824,926.8730400000001,927.2321845824636,665.8918467264,490,3800.5440000000026,345.86243914634105,926873.04,4.167597311698461,19.59605355335153,1.0,135.0,1.0431216863288038,-508.984,-249.368,331.04407199999997,335.77985438205195,3157.933002490816,506,4529.616000000001,1659.6637277155323,331044.072,3.966158767117729,7.423891262578513,1.0,24.0,1.5158264957160756,-91420,102620,19669.86,29744.634386725953,862853415.4044,195,715400,991320146.2884097,19669860,3.613405454093597,2.195291699416588,1.0,5.0,3.450034001621345,-56420,38080,10063.76,15225.394891430567,222681616.10240003,155,739900,237698504.30491978,10063760,3.9556408740223095,3.523203113093536,3.0,6.0,3.7056510128190716,-40180,16100,7302.82,10509.671412560909,100400615.6636,112,350140,108962564.73255417,7302820,4.126168372763749,2.3747817587576154,1.0,7.0,3.8231452176495093
3,10,-122.299,157.297,12.832812444399998,20.65310373354842,426.5506822208719,455,11483.435522,534.8611369514103,12832.812444399999,2.883281324698074,68.57242031244405,76.0,132.0,7.6161434150204945,-128.623,138.422,15.919257880100002,24.655189119414544,607.8783082105008,445,13870.332407200001,778.2689110383296,15919.257880100002,3.2443233661841613,65.61571304990865,54.0,138.0,5.61431507702371,-93.9328,78.4952,8.73852696988,14.70957392507986,216.37156130874936,491,8347.94320662,260.1945454589705,8738.52696988,2.9718658356671876,73.85401805282686,77.0,153.0,6.385827385512801,-100.043,108.95,13.868441144100002,20.674831901000644,427.4486741319985,453,12658.0774462,541.9165138210385,13868.441144100001,3.41522176761756,71.13588635178415,53.0,146.0,5.269692180410275,-89.1759,125.234,10.099533539570002,15.625155668994083,244.14548967452572,469,9032.1080664,300.5903429263023,10099.533539570002,2.923281719486129,67.30975695727383,42.0,135.0,8.014896149067443,-92.9691,85.1485,9.281135275600002,16.81522926525832,282.7519177523296,490,8004.1360998,341.8348232516794,9281.135275600001,2.941644567852133,65.47651950844096,36.0,144.0,5.528863064155895,-47.6022,80.0896,8.7680282419,12.557657164570974,157.69471425054854,475,8033.505483000001,188.31416888163693,8768.0282419,3.442139119212591,70.34018223792292,53.0,150.0,6.3777501607511216,-51.8737,51.7878,6.511543390469999,10.397186632452444,108.10138860688001,511,6357.295051179999,131.88994750939645,6511.543390469999,3.2874679158073126,72.70695337155313,53.0,156.0,4.989205429677303,-134.46,129.445,16.86184150874,25.992661672141963,675.618081576763,439,15199.126562800002,855.5086767639687,16861.84150874,3.3600276989241658,68.95105745954321,54.0,140.0,5.172998506117193,-96.5926,75.3503,8.941475116099998,13.878230007111373,192.60524239110293,505,8727.2490306,238.06265221401085,8941.475116099999,3.0621726040780417,78.2159516244525,77.0,158.0,6.960008585425143,-127.518,69.0077,8.050202577419999,14.379361960881424,206.76603173558595,503,7777.372343159999,255.8658564841309,8050.202577419999,2.6688736931634836,74.39674698084572,43.0,153.0,8.868126440304408,-105.489,162.764,12.010033197699999,19.38504834205777,375.7800952023193,455,10761.8267538,472.062886964013,12010.033197699999,2.8561259832995716,69.0578459525352,54.0,132.0,8.396368021784474,-107.123,70.1223,7.7609790062399995,14.252922687142442,203.14580041722186,486,7275.562898960001,243.1782931790483,7760.97900624,2.7078252983022626,70.7623153092778,43.0,148.0,7.515861999071645,-148.365,106.438,12.995900036717998,23.42456001212551,548.7099870512724,464,11675.801886564,657.6853814809308,12995.900036717998,2.933343334755391,69.39867465307792,58.0,159.0,6.3337368950879,-84.8683,81.0322,12.19280536551,17.738161862639213,314.6422293722454,445,11234.0052252,386.3248313917297,12192.805365510001,3.5551374447266375,70.39050526304261,53.0,153.0,4.784503640072923,-75.5335,66.3204,8.13773601437,12.597842745255749,158.70550766937023,499,7842.612258100001,190.25812752526855,8137.73601437,3.1978303868163134,72.20736323817182,53.0,154.0,5.995748758528149,-82.96,-8.784,54.67308,56.9278742106536,251.63718545760003,487,2481.968,135.18938325748604,54673.08,4.3538589025960945,15.982082471829626,1.0,92.0,1.4572825904761202,-1007.72,-842.288,941.4129979999999,941.6155451094062,381.40198833599584,435,4927.819999999997,415.1898074154821,941412.9979999999,3.446400925929674,50.433132950205355,1.0,191.0,1.0702032323424664,-472.872,-251.808,334.137504,336.9331150045777,1876.052407337984,488,5615.904,1659.274182630232,334137.50399999996,3.797878552215538,17.680235309983694,1.0,180.0,1.4034595560414873,-71260,78120,14658.14,23230.628652707615,534097887.1004,197,816340,654761057.733678,14658140,3.618350738445997,2.5951854714880116,1.0,5.0,3.3628018065234246,-42280,42560,10028.2,14058.776020692554,197148938.2016,131,950880,263264860.29607853,10028200,4.059923108123408,5.630343172425837,2.0,18.0,3.0272905647943764,-18900,11060,3764.74,5238.804863706989,24322009.8716,96,288260,30136496.643578757,3764740,4.173144356630281,4.487811673509644,3.0,16.0,3.6076930696415217
3,10,-121.053,102.575,11.68317613731,19.252394800167128,370.65130856722567,462,10898.47716282,447.4836633307876,11683.17613731,3.0273233234233006,70.26461954160614,78.0,130.0,6.287685311696867,-125.412,157.733,15.589599231009998,25.242119790940425,637.159034287707,454,14357.7001188,795.4225797577662,15589.59923101,3.125924382245712,66.9213338308353,78.0,135.0,6.248801657957882,-75.8392,60.6761,7.5565487278,12.384795971082253,153.38168802439722,486,7340.8855208800005,197.3859892311008,7556.5487278,3.122529270030088,75.24192997081008,73.0,152.0,6.123572820826434,-99.3405,139.356,14.1117764595,22.047660701882428,486.0960585600938,459,13552.5274454,597.8403071605381,14111.776459499999,3.243339177112069,70.97665227213537,49.0,146.0,6.320670563843619,-62.9426,74.506,9.395668407699999,14.106250088443407,198.98347084583008,488,8822.446911,239.97265844624016,9395.668407699999,3.440997649909762,71.62766902481064,80.0,143.0,5.281772230951676,-121.024,72.7922,8.452400817869998,16.161856334747377,261.19842180835224,502,7664.303422200001,331.454191013149,8452.400817869999,2.6430859449850006,69.04615598005262,73.0,130.0,7.488248719288699,-62.9243,75.1046,9.20284652325,13.74439321569705,188.90533396114895,477,8289.576705399999,213.71722081839198,9202.84652325,3.41458387018154,68.76437482711827,78.0,146.0,5.464380916738132,-74.7124,63.531,6.716885789649999,11.033564257571655,121.7361457974758,500,6326.522349480001,139.51903191261792,6716.885789649999,2.929767311114245,74.01214652614287,72.0,145.0,6.771374893541721,-146.982,143.621,15.27765863692,24.71144493154648,610.6457618172532,452,14333.8899798,718.2121610325671,15277.65863692,3.053088902620741,67.16752470418999,78.0,140.0,5.947932239784314,-75.8127,50.6982,7.7994083432400005,12.473060288693606,155.57664659021827,472,7669.679781000001,191.5087955148776,7799.40834324,3.261707949218704,75.32103988875498,73.0,157.0,6.078115413963129,-83.1754,71.1766,7.422687106263001,13.655531673925465,186.4724276975208,511,7096.44855418,251.91772780104517,7422.687106263001,2.8341086021767903,70.43018212974465,49.0,146.0,6.090967527746953,-112.09,120.132,11.277377042140001,18.58282347422012,345.31725045560216,468,10617.6283564,432.97394371817285,11277.37704214,2.9390105296657545,71.8514501108346,78.0,135.0,6.4646796094607835,-84.9882,55.5422,6.820335647832301,12.63090895596534,159.5396427417349,524,6403.1224585,214.6806270318143,6820.3356478323,2.842364374986866,70.13001222494533,49.0,146.0,6.728589391016208,-163.517,97.7571,10.92223835783,20.046202194697884,401.8430590914164,474,10054.10246556,520.3404824786157,10922.23835783,2.6538278853821033,72.55244193165807,73.0,142.0,8.157006420061421,-87.9812,124.704,13.392166779799998,20.01136752766674,400.45228984526847,465,12595.3810728,454.29486300571483,13392.166779799998,3.3126128857404193,71.17668909584957,19.0,146.0,6.231658072722433,-85.0712,69.5086,8.2822362992,13.082880843907748,171.15821591050283,474,7533.5772488,198.69828387518217,8282.2362992,3.0871039153422077,72.4416440992027,72.0,145.0,6.502482214352259,-91.256,-1.952,46.6162,49.197136165756646,247.28810447200004,427,2449.7599999999998,198.85440786531024,46616.2,4.387189302034297,10.855726860202857,1.0,22.0,1.854904718285577,-988.688,-881.816,951.107608,951.2328048780488,238.16708067833565,465,3568.743999999999,190.86827893733647,951107.608,3.85231764002967,24.517750279545723,1.0,133.0,1.039375424112663,-445.544,-195.2,305.61243999999994,308.65453010805464,1868.6554734703996,508,4536.448,1340.5795373443088,305612.43999999994,3.802015350988268,8.53120673253467,1.0,45.0,1.4435038418001598,-63000,75740,13958.42,21521.73012561955,460170685.5004,185,664020,397204376.133234,13958420,3.701259094375444,2.387951750681532,1.0,5.0,3.5192337956992974,-45920,38780,6357.68,9386.262387127263,87789261.6944,111,810180,104816331.89957386,6357680,3.530185992541697,7.4377303196438795,3.0,16.0,4.892256161832502,-21700,8400,3946.32,6009.389719430751,34224998.718399994,99,259980,25431840.178973094,3946320,4.112646555297574,3.405467469860449,1.0,12.0,3.6110155961154016
3,10,-210.993,237.538,19.02724418855,35.479406417330566,1258.7882043521595,446,17594.3263496,1656.249308080999,19027.24418855,2.6944007872439655,71.22022341386483,69.0,125.0,6.6950950984335025,-260.068,280.861,23.95052495968,43.63592849101449,1904.0940225902668,459,20947.790587960004,2505.0439969161544,23950.52495968,2.706620650072628,65.28400421775669,69.0,117.0,6.436462101587569,-120.707,98.2735,10.46490209736,17.93779960448359,321.76456978847455,489,10569.7823166,421.51432751946476,10464.90209736,2.8696008550482874,82.87426431730319,75.0,163.0,6.729197708833197,-164.441,255.797,20.53484242338,37.072268490377404,1374.3530893029806,459,18785.34225896,1796.9567451705036,20534.84242338,2.86912583618212,66.97421353249652,69.0,134.0,6.899955422646863,-164.53,136.3,12.0782507459,21.082688722773895,444.47974040526367,513,12082.2448508,590.2147183166139,12078.2507459,2.6654154743483702,76.29485440951123,63.0,156.0,7.804033070140232,-154.768,147.374,14.455793658180001,28.008131135307007,784.455393006479,504,13829.721271400002,1089.0221315618533,14455.79365818,2.6537925990534146,73.76831852510402,23.0,154.0,5.525823884939602,-109.938,163.033,12.28915745576,20.760604683378972,431.0026726643612,486,10855.52648368,542.7003421670961,12289.15745576,2.8158305615403423,64.5876423006414,36.0,133.0,7.852998623422799,-100.464,101.359,9.881070487639,17.6752587855308,312.414762676038,537,9543.448301800001,414.94541635084187,9881.070487639001,2.8705603470031,73.73771083282458,36.0,151.0,5.734512927356617,-270.096,272.647,24.7298773519,43.4169855713652,1885.0344760774622,446,21857.0177928,2412.4433511859356,24729.877351900002,2.822360426101036,65.25788582793777,24.0,125.0,6.279731225279233,-145.815,110.166,12.223206300300001,20.926118981039526,437.9023282471304,477,12088.6012554,548.9443200321452,12223.2063003,2.8936262737844896,79.86436820880475,57.0,152.0,6.968086157405404,-190.23,121.977,11.8679932554,23.264028510741987,541.2148444543918,499,11543.738833200001,750.2757664590588,11867.9932554,2.478129544305505,81.16175413972613,68.0,157.0,8.177001670719358,-197.309,214.213,17.451031377859998,32.810546686091854,1076.5317960228551,469,16620.40267046,1442.085688207819,17451.03137786,2.644246511578213,74.51536003400244,69.0,130.0,6.528784846209322,-192.475,116.355,10.92903858192,22.994763693072464,528.758831569344,523,11063.19635314,744.8449235761179,10929.03858192,2.311661825363424,79.91515936572272,68.0,158.0,8.370383908662916,-222.517,166.803,16.7965713081,33.53522898148105,1124.6114532225806,492,16671.050472299998,1550.260438527049,16796.5713081,2.645376899135155,79.38041298310334,67.0,162.0,6.63532072862479,-118.747,258.549,18.7286341384,31.593128978144808,998.1257898781164,448,15760.4760464,1229.5402324498675,18728.6341384,2.93641675882146,61.23504354198983,24.0,125.0,8.183709824337328,-127.584,108.054,11.643774328100001,20.339931280665255,413.7127677403374,499,11143.818764,544.9750431498665,11643.7743281,2.9092457557186204,74.64090632475825,36.0,153.0,6.272587563817331,-63.44,7.32,34.268824,35.84594026396853,114.5224910704,463,2353.136,115.89268763959296,34268.824,4.080753261711584,14.161165914969116,2.0,51.0,1.7697959527028602,-989.176,-880.352,943.7802879999999,943.9494448363811,319.32238954905586,428,3472.1199999999994,278.5963639874258,943780.288,4.050630694683119,16.596223650765086,1.0,96.0,1.0479120522937098,-478.24,-213.256,329.85920799999997,332.54320603744713,1777.8867792767362,463,4443.24,1378.8523712322701,329859.208,3.7278227357220386,6.663856485794554,1.0,22.0,1.4381289147315979,-69440,64120,15123.08,23275.541256864468,529169328.03839993,166,706440,488004991.8843999,15123080,3.8625143472760084,2.0938437577580977,1.0,5.0,2.9833892683170418,-43260,46620,10417.82,14515.197704475127,209841064.79000002,105,846580,240770167.24112326,10417820,4.0841857935747035,3.9156049269551136,2.0,14.0,3.211806063490734,-19320,11760,3681.72,5407.469870466224,29240688.926400002,110,260680,22056296.251670785,3681720,4.03499113504825,3.748216117868029,2.0,13.0,3.5728354411217937
3,10,-133.162,177.757,14.1345652123,24.69437211868197,609.8118292905986,449,13236.8028772,742.1321517762811,14134.5652123,2.81792553343194,73.72283668865812,75.0,134.0,7.1982798001785175,-140.821,176.989,17.14029874705,28.29166615734772,800.418338016764,448,15450.5737014,975.5646385762125,17140.29874705,3.082662873286066,67.16940879162651,74.0,127.0,6.255870510264509,-99.5143,83.2303,9.179558144759998,15.534679908233954,241.32622872851545,470,9077.407507200001,301.4771985138656,9179.558144759998,2.961111623911663,80.12106415366513,79.0,149.0,6.405944672683841,-164.254,133.505,15.38043194998,24.96337736113038,623.1701271106759,468,14402.965418200001,748.8606988700834,15380.43194998,3.034854126917078,71.95661048559168,40.0,142.0,6.579798783787736,-113.024,143.754,10.73556904246,18.268875350340195,333.7517731391778,460,9802.764810199998,415.82511959663435,10735.56904246,2.735871422904275,67.42686371657786,40.0,139.0,7.868793083495589,-143.625,130.951,10.876784356809997,19.869258404537838,394.7873824693015,461,10124.706607,483.917426852916,10876.784356809998,2.56574663550202,75.01401993247468,50.0,140.0,7.228503302730122,-82.5829,116.715,10.0826247341,15.9654658328593,254.89609510117867,479,9342.884758199998,321.97493318470225,10082.6247341,3.0347732275785915,66.38550896962983,40.0,137.0,7.310466304076339,-62.0701,82.8776,7.7470767204,12.941706530505366,167.48768784313066,495,7561.443608199998,211.99360977813944,7747.0767204,3.0466235010230442,74.21802681917553,40.0,142.0,6.403915882704202,-160.13,176.242,18.232297811389998,29.91386663944036,894.839262109725,446,16997.83835,1088.1985047278959,18232.29781139,3.0965616847722393,70.06553340795382,68.0,135.0,5.891648917349629,-143.823,103.566,9.645978672779998,16.34380553236884,267.11980262105334,467,9541.212884,321.0666608184601,9645.978672779998,2.6241437257427433,80.24493366883709,75.0,147.0,8.799847729169265,-152.546,85.3856,8.52808843141,16.003863344210163,256.123532214386,487,8292.04754926,313.2620565247543,8528.08843141,2.475713794700089,80.02290187469842,45.0,157.0,9.5318234553151,-113.981,176.396,13.17528189699,23.31211592758576,543.45456665966,464,12283.6791242,671.7852480193036,13175.28189699,2.804022977152098,73.22800901564392,74.0,135.0,7.566709111602631,-108.775,93.1161,8.288256649566,15.567015535162843,242.33195159097082,500,8460.248128852,302.50617632603223,8288.256649566,2.617117059956543,81.36682399958062,80.0,156.0,6.987530766851139,-211.905,137.509,14.36586116789,26.194391266079066,686.1458865981091,464,13608.8688414,888.2480896564933,14365.86116789,2.651892655568083,77.14299375194527,50.0,151.0,8.089708894071935,-116.023,127.792,14.28986308212,21.954446127761937,481.9976640943056,451,13516.6249374,587.2804334685653,14289.86308212,3.2197776205738937,72.14170230233331,74.0,142.0,5.820779957568771,-73.8647,98.3536,9.42525729565,15.585988547154626,242.9229948469345,471,9087.587660000001,314.1665971508537,9425.25729565,3.082245755374584,71.2081945119982,40.0,141.0,6.310385748227398,-56.608,16.592,25.856192,28.589062570990325,198.359109913344,438,2556.144,182.18770555102176,25856.192,4.413121654060576,11.192875719599012,1.0,30.0,1.9800579280777408,-1025.29,-765.672,943.96427,944.1729769480315,394.06736227509987,457,5223.5639999999985,355.4325824911781,943964.27,2.9393449202254316,48.07124117624906,1.0,153.0,1.085913307235474,-459.696,-203.008,330.061728,332.7285284583334,1767.5293597020163,464,5442.663999999999,1540.4775042297006,330061.728,3.668845356920327,9.979346871332515,1.0,49.0,1.381594785785152,-66780,101640,14108.08,25057.222527646594,625246088.4656001,165,807940,651289190.4260198,14108080,3.306234455512119,2.4508240916918997,1.0,6.0,4.056315494977813,-56700,36400,8525.44,12024.365197381523,143050237.4,128,932400,173485800.04527238,8525440,3.7007364072744804,5.4095652293333885,3.0,17.0,4.7154256436212725,-20860,20860,3929.66,6011.338187126058,34521304.9916,97,302260,36264091.42627213,3929660,3.733118654955122,3.4478400587143927,1.0,11.0,3.4701092087405736
4,10,-63.497,59.0548,9.16554100992,13.332642900838595,177.7592442703507,462,8806.78247464,181.15393348410475,9165.54100992,3.5761726755634897,72.4384685728447,49.0,160.0,4.762521614975991,-100.29,88.2316,13.429708505599999,20.257981159703878,410.3857954375601,485,13236.4539434,435.3209872449198,13429.7085056,3.5142533357258396,74.03607459291612,49.0,166.0,4.9506413896509915,-48.6579,33.8518,6.164079831651,8.571183913250232,73.46518006255702,497,5463.457604,84.48181372080762,6164.079831651,3.587706298260527,65.4102489808603,31.0,143.0,5.676917038821151,-87.7119,67.1675,11.463010694500001,16.3771603216681,268.2105958595291,485,11069.2210604,290.2042010183064,11463.0106945,3.58205134441828,72.36996611118924,49.0,156.0,5.355745335407822,-49.4177,50.4492,7.948293625549999,10.935912771761172,119.59417902871886,487,7157.0094181,131.4329222861317,7948.293625549999,3.6720417548604782,67.68461196042938,50.0,149.0,4.613167739438307,-52.0159,43.5378,5.166920842700001,8.272559142840075,68.43492317798744,480,4497.0248888,81.69353090386208,5166.9208427,3.0885349196735508,70.21776067796306,50.0,142.0,6.287764052435929,-46.9728,45.8872,7.721767509999999,10.337389960628427,106.86162591430586,477,7288.3016706,111.20382878814021,7721.76751,3.7316141453355964,73.05648605106663,22.0,157.0,4.543970980963598,-29.8881,37.5104,4.447558916739999,6.222454787789879,38.71868406633381,476,3988.6665842800003,42.69909096948916,4447.558916739999,3.38557854984651,70.90780586928437,56.0,153.0,6.0282318279926175,-106.145,105.915,14.123802226599999,21.78384408131315,474.53578273626135,475,14649.0773502,469.26620301383923,14123.802226599999,3.4138945216815393,81.47563710221837,49.0,190.0,4.872647802829917,-37.9213,26.9171,5.4949859581,7.503831865523601,56.307406290115196,484,5015.886515800001,59.978453953308204,5494.9859581,3.7645956935039337,68.80932972665629,33.0,156.0,5.0535913756583,-59.7833,30.7548,4.477045261580001,6.574521435472912,43.22423136575742,504,4093.46353316,50.37460562254756,4477.04526158,2.9981840721375277,70.20428454816309,32.0,153.0,9.0931789616562,-69.6494,57.6589,8.524450011499999,12.504224182516564,156.3555638756907,467,7897.459142799999,175.8785912268733,8524.4500115,3.4354005011032354,67.34532908473837,89.0,144.0,5.570069680723091,-72.7894,44.5477,4.868435845,7.787517806635265,60.64542816201466,445,4211.5978658,77.14846733237883,4868.435845,2.7175145753472476,67.38098644385494,31.0,141.0,9.346932078663196,-71.5597,53.7977,7.098231118759999,10.833611882498255,117.36693930871887,453,6244.000275799999,140.64229214061513,7098.231118759999,3.1712711554999693,70.71963483259741,50.0,145.0,6.605340931181502,-91.3599,71.6599,11.552148577399999,16.57584564700742,274.75864465625534,473,11551.6775986,266.9814459040922,11552.1485774,3.5164448819892575,78.48114404428527,95.0,158.0,5.511628302143003,-36.9379,41.5203,6.092663657399999,8.35006829590553,69.72361852153834,457,5411.7202282,78.24488087135731,6092.6636573999995,3.620012055311251,70.43415476232774,22.0,146.0,4.972450347545007,-634.888,66.856,66.344576,70.3406998629954,563.935545589504,460,4239.744,191.64303388855492,66344.576,1.5610536687601944,21.624525471089633,1.0,143.0,9.02589825288332,-1177.06,-851.56,935.971804,936.1215113189099,280.26607098558395,438,4430.560000000001,195.47117717907156,935971.804,2.418111741526298,27.29277603997867,1.0,143.0,1.257379502305881,-534.36,-215.696,340.3541359999999,342.85690783247753,1709.921356141504,464,6163.4400000000005,1616.7446506377232,340354.13599999994,3.725542220437214,8.917834136921897,1.0,26.0,1.5585510683690011,-78820,112000,15555.96,27311.69503344675,745750871.5776001,192,1132880,809122924.5419477,15555960,3.4206251010959137,3.0030415831213566,3.0,5.0,4.100807359735136,-88340,39200,10440.5,14590.682191042337,212851165.83640003,143,982520,170044576.78290284,10440500,3.6583763061791843,4.2612693967965685,3.0,13.0,6.054548981557189,-16660,8960,3467.38,4261.860767317487,17095086.8956,121,366800,17810701.76300684,3467380,4.243799890137797,6.322300843704315,3.0,14.0,3.9090906319040037
4,10,-63.0713,85.229,11.8063178324,17.089670622370512,292.05669931480173,455,11229.0409912,382.35974647150897,11806.3178324,3.681662243518139,72.3814086654046,93.0,141.0,4.987164579312288,-89.4732,116.298,15.7696593082,22.805844930957324,520.106456199687,481,14843.0742766,687.1909852839719,15769.6593082,3.620181513177551,70.0306497257671,44.0,153.0,5.099482187662062,-70.7371,49.2619,7.0151732828,9.99794926134532,99.9589132418826,499,6881.243272399999,130.07403595555832,7015.1732828,3.255037843109103,79.05908914225012,50.0,160.0,7.075160930600846,-71.9448,115.8,13.981990408400002,20.146265536929196,405.87181026387736,475,13411.2790836,531.8689568183402,13981.9904084,3.571593260458098,72.2271961862963,34.0,155.0,5.747963551246375,-56.4264,39.6743,8.612482487500001,11.752694079414395,138.12560486454043,515,8618.895254,177.6509851770641,8612.482487500001,3.8340373811115422,74.51840969687267,106.0,157.0,4.801145985654004,-108.477,74.9003,7.713358184399999,13.68779558263565,187.35566950224893,525,7191.954081000001,260.0358048316913,7713.358184399999,2.701132100640992,71.79041239414587,33.0,142.0,7.925089131051462,-55.8634,61.8221,9.151305098,12.600810047546965,158.7802682489186,491,8507.3995374,203.0319895139149,9151.305098,3.6309827547970572,66.95082025986304,34.0,143.0,4.906200455901252,-63.0778,73.5448,6.47122429021,10.081705294896341,101.64034809197197,517,6564.80000428,136.11326394318425,6471.224290210001,2.9090366192680768,76.06089193503111,93.0,154.0,7.294876992410257,-103.914,110.987,18.160212775450002,25.983193739336723,675.1262053552291,457,17164.6767412,882.0685521576813,18160.212775450003,3.7662654196061456,74.7585401791761,44.0,153.0,4.271491838663909,-45.6841,61.4178,7.96072832874,10.996861005245197,120.93093687617798,506,7600.235966119999,153.76426670170716,7960.7283287400005,3.57842650448169,74.81294634707157,93.0,156.0,5.585030125479027,-66.701,48.6491,6.91281025706,9.925388673099334,98.51333757829862,513,6395.61499292,119.0962995541565,6912.81025706,3.2719985761488433,71.48669499889867,83.0,159.0,6.720240606877082,-55.1027,75.3783,10.553816955599999,14.986105077325083,224.5833041777753,481,10129.3557478,296.2957465661221,10553.8169556,3.686387477780153,72.45854502395471,73.0,149.0,5.029879318946728,-73.6727,73.3819,6.65053107819,11.061363260308907,122.35375269641283,545,6410.52077356,164.0329479658586,6650.53107819,2.8294825289281116,74.94472982870066,50.0,154.0,6.660363489223531,-151.759,83.048,9.50685702707,15.840612154378416,250.924877196643,512,9109.00453406,340.1372771243754,9506.85702707,2.684564207554827,75.0139409675213,33.0,154.0,9.580374705282656,-71.469,101.298,13.981289164099998,19.497680453493647,380.159496316024,469,13222.4989336,482.21457871083726,13981.289164099999,3.703942140553169,72.27852626094202,34.0,144.0,5.195387227809919,-78.3926,70.0601,7.8811297607999995,11.711189593408552,137.151917573212,473,7615.5482104,181.23831224409903,7881.1297607999995,3.1014879703801923,71.38784551029788,33.0,140.0,6.6938204163411354,-86.864,5.856,44.742768,48.44422971062705,348.24556799360005,453,2541.992,276.7140880125684,44742.768,4.540478179796262,6.9258042529843635,1.0,18.0,1.7930721681171646,-1027.73,-912.56,982.999886,983.1002269603462,197.28037347100425,461,3875.2880000000005,183.86665187871742,982999.8859999999,3.8661528272090395,33.555452029355145,1.0,182.0,1.0453969715556317,-367.464,-93.208,181.271016,187.70847589617256,2375.290681591744,455,4867.8,1686.2254051763605,181271.016,4.037110881271024,6.771558956587898,1.0,15.0,1.9576313655823185,-77560,62020,20894.02,27010.3676613259,700400609.1964,185,895020,715399831.7442276,20894020,4.311367025903791,2.64677246399393,2.0,5.0,2.871489976460124,-31220,121520,26667.62,40944.42618476903,1210156428.4124,126,972160,539932255.1549797,26667620,4.199558952619199,2.416860673100241,1.0,8.0,2.967925339864804,-29260,28420,9489.62,12508.729319958922,149951010.79,109,323820,98922016.0488133,9489620,4.412453349912838,2.373778950549854,1.0,5.0,2.3391664534072825
4,10,-83.2367,97.0254,9.8058361348,15.36208085636566,235.99078707750272,443,8967.8025946,264.81002461448367,9805.8361348,3.1125636767190903,70.74318933864298,69.0,138.0,6.315902181949206,-127.805,144.164,14.1432296226,23.422978569921042,548.6317281539342,453,12930.8037792,572.7675218487972,14143.2296226,3.023066498980321,69.82779791681773,29.0,150.0,6.154810737227514,-91.2543,71.1465,6.4736087978,10.426210162491785,108.70505689161355,480,5820.6547844,140.80357878447597,6473.6087978,2.6863290274825604,65.66391953368804,52.0,138.0,8.752394070118276,-80.5723,159.98,12.52029912618,19.986553193156464,399.4586268860445,468,11277.0530318,397.9489912302991,12520.29912618,3.0549795781565696,69.1225674204512,34.0,151.0,8.004381668710053,-90.5882,96.1625,8.788252509000001,13.75443069593588,189.18233496620724,488,7719.4344382,206.1351399694911,8788.252509000002,2.921736405509761,62.46316644675465,34.0,139.0,6.991383513125978,-178.376,130.582,6.879840707920001,16.081224920486502,258.60527278629394,452,5836.38648404,381.5073382495637,6879.840707920001,1.7552355089719591,60.70459131213556,32.0,112.0,11.092189860037331,-69.4014,55.1938,8.1092137004,11.655766456579933,135.854711345513,462,7103.096868600001,149.89978932461054,8109.2137004,3.385123854308208,63.875640696755134,55.0,145.0,5.954254510720863,-121.843,91.9832,5.44741795533,10.563741674904543,111.59250517955662,460,4739.34735964,156.82033699979118,5447.41795533,2.058761129455596,62.17953140495529,32.0,122.0,11.534076064113998,-125.509,116.753,14.26410241053,23.23846553629525,540.0210024243365,465,14045.2407226,548.7575134383831,14264.10241053,3.1961007640525594,76.19981033989832,79.0,163.0,5.400915985781092,-41.828,63.5672,5.883014661179999,8.830738439309593,77.9816441525968,439,5260.1661674,97.06023423986467,5883.014661179999,3.1724278863674105,65.94146686678228,52.0,140.0,7.198401406278071,-65.276,100.745,5.5560225149399995,9.925198794869985,98.50936627803179,469,4876.02241648,136.5318953023626,5556.022514939999,2.4092628013806823,72.9727645049749,53.0,139.0,10.150426412826295,-66.845,86.4251,9.07394088271,14.66263270365334,214.99111984096334,469,8286.02717722,244.10559625668935,9073.94088271,3.214498718637302,73.49729324456545,66.0,140.0,5.894241624047933,-146.976,128.452,6.3644545628357,13.795224530624036,190.30781788805908,458,5501.62929818,277.2671029988545,6364.4545628357,1.9397542717895906,72.24428969020579,53.0,138.0,10.654121625474655,-220.603,137.711,8.85676305435,18.90022467428604,357.21761819551256,474,7566.47337854,512.2845905053036,8856.763054350002,1.8924043914427564,62.238771768298015,32.0,132.0,11.671977651151035,-83.3862,94.5257,11.5508532223,17.297860081448157,299.21369459781204,458,10528.5727462,322.23784430457096,11550.8532223,3.358578132524302,69.78589803062124,75.0,153.0,5.4645892356002,-157.346,105.015,7.471344092871001,13.622377456030627,185.56832118579632,446,6422.23253846,255.09159120443692,7471.344092871001,2.2211256926574916,61.65967626566404,70.0,129.0,11.550553529137671,-156.16,-45.872,100.67147200000001,101.82800522669586,234.19737380121597,475,2933.856,200.95368412284628,100671.47200000001,4.0036802471672885,13.732819591469193,1.0,41.0,1.5335663273806341,-981.856,-859.368,931.048368,931.2270052168031,332.6716895925762,457,3662.927999999997,273.009758184589,931048.368,3.6935637121445066,16.843027116087338,1.0,89.0,1.0543680482842201,-521.672,-123.464,346.61078399999997,349.9904373755603,2354.2706692413444,486,5693.984,2183.8308732615064,346610.784,3.148551471646161,7.734132681062455,1.0,28.0,1.4905321525691153,-105140,174440,17648.68,33951.06975634199,1147430487.9856,191,1057420,1156734767.5064418,17648680,2.9838904881236727,2.853627107016579,1.0,7.0,5.137982433305065,-40740,37800,10608.64,14648.268976230604,214309803.81440002,168,856800,217462257.23345643,10608640,4.2264432007504,3.374881694454665,1.0,10.0,2.781215996655156,-20720,10220,3683.12,4878.641450240015,20755279.742399998,118,315280,20161954.18150158,3683120,4.062761233124399,4.249524458873936,1.0,14.0,4.247083990765634
4,10,-76.8589,65.8413,8.890558482000001,13.24256557271831,175.3647103512736,483,8272.199261,217.37369572448785,8890.558482,3.330069469373473,70.88916520082608,86.0,152.0,5.803928217530671,-123.326,112.463,14.6532558928,23.096715585829067,533.4575459357183,449,13202.777864,667.6593371706404,14653.2558928,3.3024076579837236,69.12969846272888,35.0,154.0,5.339547068573956,-119.266,64.0979,7.692555723567001,13.007180596159259,169.18660528348687,477,6568.022671666,204.04472032604616,7692.555723567,2.7355683839378107,63.267387663163404,52.0,137.0,9.169243028363633,-108.136,102.751,12.90511202286,19.364564493770832,374.98562240047767,457,11253.108417720001,464.2429497455483,12905.11202286,3.305668246352682,66.4274407797865,35.0,155.0,5.584220602264773,-84.1058,67.625,9.741624245679999,14.73847979528539,217.2226088722413,447,8027.404575799999,267.802698260387,9741.62424568,3.3597343163653424,61.051988824564994,39.0,136.0,5.70654512325648,-128.944,79.7465,8.01819640076,15.569917948922704,242.42216291293207,444,6530.17723972,290.0478176056145,8018.196400760001,2.505180223715283,63.50860875263945,48.0,134.0,8.281610758836512,-53.0217,62.9515,8.431299694540002,12.341670223449256,152.3167282152368,464,7397.728273599999,187.7723297102897,8431.299694540001,3.5373582657962004,65.93267613194405,33.0,147.0,5.1007277670077205,-74.5725,54.4806,5.7564253938459995,9.87812862718754,97.57730484327722,471,5016.4914294,117.00452418119487,5756.425393846,2.813364762882723,67.94190832245287,48.0,140.0,7.5492537923381935,-92.8459,102.568,14.281877625789999,21.989019266257564,483.5160259002809,457,13519.858511400002,603.0616216913612,14281.877625789999,3.545921488534089,75.51670958118126,86.0,158.0,4.664509988282739,-73.9836,57.7676,6.1121549348,9.708339470013488,94.25166287765812,458,5571.3084946,113.870544891027,6112.154934800001,2.9119676664912455,64.98730909633667,52.0,139.0,7.620623509150655,-86.2074,78.8208,6.14750960976,10.859888250817443,117.93701636569735,465,5315.90179086,141.3288267495677,6147.50960976,2.558523222252444,64.9212875933171,31.0,125.0,7.938147981726334,-106.971,71.3244,9.330910159800002,14.311496761625367,204.81868478445136,457,8213.364489,258.76581593916046,9330.910159800002,3.04686435511415,67.44246494758531,39.0,140.0,7.474480257496927,-131.313,95.3518,8.6722895952,15.634310871281068,244.43153232490263,411,6840.4923722,293.5700129514785,8672.2895952,2.5711381244079097,61.9532541096677,48.0,124.0,8.399027055372876,-164.195,95.8135,10.736001718777999,20.00463672441543,400.18543983654104,424,8732.3418179,486.179279400581,10736.001718778,2.6673865289783247,64.51161420085838,48.0,140.0,8.20784712374216,-72.8716,85.5308,11.324004414,16.709788160614266,279.216942062388,442,10289.9148166,343.8403715364766,11324.004413999999,3.5182851728486466,70.51203869526023,90.0,155.0,5.118604687137806,-93.6814,74.3288,8.1517396941,13.3860482734891,179.18628024315672,454,6820.7351218,219.45530517407312,8151.7396941,2.92274758933422,65.7807917309475,48.0,139.0,6.99843584051126,-128.832,-45.872,91.59662399999999,93.03396388811991,265.376908538624,498,3126.616,159.43865687181645,91596.624,4.439238248668555,17.65902431491439,1.0,100.0,1.3847845949564164,-1010.65,-835.456,941.96981,942.0991094224789,243.60902319189984,455,4905.379999999998,245.32216220448106,941969.81,3.1616297839629204,47.04817245746694,1.0,182.0,1.0727639904251092,-492.392,-203.984,319.343784,321.4943781481474,1378.1828014253438,495,5698.375999999998,1457.8628747321754,319343.78400000004,3.3347269570490683,11.4006529250668,1.0,54.0,1.5315726602631337,-73360,110320,13660.22,25614.512253798628,648133344.39,197,919380,817177687.1165028,13660220,3.178862957771585,2.718088953936202,1.0,5.0,4.306933464393396,-46480,35560,8444.66,12323.433498826535,151792407.7404,160,831320,169844156.9688049,8444660,3.9379332273839958,4.962370565678278,3.0,13.0,3.7716761326643207,-19740,8540,3166.52,4774.525484275899,19335303.0976,127,286580,18931342.475461468,3166520,3.9407235776812817,4.184803253509513,1.0,14.0,4.134442273899341
4,10,-83.1365,66.1503,9.9708260959,14.625130283157613,213.89441289777713,448,9082.5120988,284.77736687953126,9970.8260959,3.4334527024836206,68.41789118170188,46.0,151.0,5.6844963696316935,-138.258,93.423,13.829416201899999,20.742975628906905,430.2710244530524,470,13651.4233038,577.7241065008677,13829.4162019,3.2693919981706157,79.13742099112758,76.0,164.0,6.665292505445893,-88.7016,64.5737,6.792348829530001,11.152083603772725,124.36884011287738,450,6414.641560860001,167.07748327286205,6792.34882953,2.8175548096097796,72.02243359457114,73.0,149.0,7.953814116851889,-70.2104,80.1612,11.6349491188,17.03248713516487,290.10561450716284,474,11758.602662599998,375.75287776125685,11634.9491188,3.6274793086907016,77.51044838221007,48.0,169.0,4.706370793875491,-69.9664,73.0914,8.9295872641,13.393855428493488,179.39529798535054,476,8577.482497600002,228.6932669105915,8929.5872641,3.344882891469952,72.43248188962575,95.0,148.0,5.457084436233993,-89.2066,78.123,6.54484948399,12.771217840226901,163.10390367847012,464,5922.37827468,225.157138568485,6544.84948399,2.547389642961684,66.1653445502961,47.0,143.0,6.984972076744022,-63.5498,61.903,8.29049048,11.949843133116714,142.7987482025912,447,7710.8529476,175.33954565168773,8290.49048,3.422699486681288,71.48478588512269,25.0,148.0,5.318044705029126,-45.3974,44.1579,5.14680544869,8.502611401713617,72.29440064853615,458,4503.329948799999,93.35166375886745,5146.80544869,3.147829590359248,66.01806791616524,47.0,146.0,5.339230249997148,-151.714,100.285,14.845025817400002,22.26002992855328,495.5089166047312,450,14651.3439606,650.9977638181376,14845.025817400001,3.2597911416995,80.7096146835274,42.0,161.0,6.815534412440036,-67.616,47.5946,6.10964160507,9.418846434653542,88.7146288694517,456,5438.858438200001,119.06243756653564,6109.64160507,3.096632397622414,67.49504675733343,73.0,145.0,7.178798430265219,-79.8798,57.3424,5.24515364136,9.019355339826067,81.34876338455592,475,4791.0118977,112.69154124720235,5245.15364136,2.591679190220231,71.0115364914403,35.0,146.0,8.856486632396106,-61.2466,62.3272,8.762050325899999,12.973420218799703,168.30951563808364,480,8486.5755966,220.3419475886261,8762.0503259,3.517035345810729,79.09081747180932,73.0,150.0,4.804222706798785,-111.969,62.0159,6.8112413837300005,12.540604101259346,157.2665901037609,428,5902.1391546,220.9112094239218,6811.241383730001,2.5645029333612626,71.37636562803614,25.0,145.0,8.928517246530086,-108.266,98.9162,9.055449462770001,16.59816037668748,275.4986860713847,460,8361.64405494,378.652261860449,9055.44946277,2.701934810087929,70.5002500679459,47.0,149.0,6.522771050704042,-65.4039,93.494,12.111389326100001,17.250819574064106,297.5904913629305,460,11587.277671400001,378.36449353170076,12111.389326100001,3.610642476585473,76.73574898982851,57.0,160.0,5.419684531427386,-57.9658,58.8667,7.580111507200001,11.911593738363017,141.88603713740832,445,6507.610516600001,184.0905251413575,7580.111507200001,3.3382515628336282,65.74197207776268,47.0,146.0,4.94196673367152,-162.016,-14.152,80.738136,83.7207614486156,490.51929278150396,465,2884.08,382.65492401674993,80738.136,3.8370672862251087,12.382434971300965,1.0,32.0,1.935195012523134,-996.984,-874.008,946.373032,946.5221835001988,282.3281611109757,454,3252.0319999999997,251.51715308598082,946373.032,3.584944787527683,18.92882585868291,1.0,127.0,1.053312872513136,-483.608,-77.592,307.485384,311.0286408575005,2191.5540600365434,495,5392.4,2479.7896637857475,307485.384,3.1320838851175474,10.075605527825148,1.0,33.0,1.5548664543133432,-113680,146440,16118.62,31777.599865313932,1005382891.3884,155,979440,1440184657.8062034,16118620,2.9034384993815374,2.8267367144151097,2.0,6.0,4.6082775483570435,-73640,31500,10423.0,17530.074158428422,307240699.64,141,901180,391363003.0930564,10423000,3.6866632390276277,4.258293052841959,1.0,18.0,4.200780860050957,-24220,15400,3943.52,5689.111494776667,32147863.238400005,112,355740,34911187.28015856,3943520,3.8798204694486405,4.67821276328258,2.0,17.0,4.257255288850827
4,10,-107.162,95.2957,12.269030751299999,19.62875998354845,385.28819536757925,474,11752.589965000001,438.33510716765784,12269.030751299999,3.2454918896694367,76.93290842517817,72.0,146.0,5.459438094399046,-151.244,145.229,17.584369715689,28.88442263813865,834.3098512550499,448,15800.033853599998,961.4025692900318,17584.369715689,3.166245869136549,67.58498968941672,66.0,133.0,5.2361787491746234,-121.975,105.779,10.38871887285,19.43222539168015,377.6113810952578,490,9887.38176028,510.6190143027693,10388.718872849999,2.723726620483433,71.42942541144566,66.0,148.0,6.276944484815581,-123.404,96.6199,14.450387299000003,22.56165950574552,509.02831274703453,466,13297.390325600001,591.6067829080885,14450.387299000002,3.3616759385840007,72.29791568021345,66.0,145.0,5.4696331166851495,-69.468,75.6218,10.55207261778,16.576768873150634,274.78925811251116,480,9827.8077884,351.97199367266387,10552.07261778,3.493512408498695,72.62729669561274,73.0,135.0,4.561914362121831,-160.757,121.923,11.36286461418,23.890787561508276,570.7696995903159,456,10114.0558934,755.4007606717482,11362.86461418,2.4678141218658447,72.25430443178932,74.0,136.0,6.7288279880318465,-53.3071,63.6362,8.6705294057,12.808661402088568,164.06171691181805,451,8285.9509208,204.4132153650465,8670.5294057,3.5691125917995428,73.1518522366337,91.0,141.0,4.9682162719691805,-95.8338,69.0398,7.62581825378,14.527676790365554,211.0533846187585,464,7254.768420199999,280.16588633962226,7625.81825378,2.7247079884753185,78.76202467586693,74.0,145.0,6.596636295182099,-169.851,140.264,17.213145278200003,28.11926423436932,790.6930208104832,452,16113.3158332,838.1443028133235,17213.1452782,3.115241003778508,72.4225884903604,63.0,146.0,6.040378531398282,-102.947,71.4339,8.17301513381,14.014959464330701,196.41908597790362,456,7686.3824700000005,257.4489701359926,8173.01513381,2.8511195811957526,71.49078518358156,91.0,145.0,7.345508223695482,-149.539,107.561,8.666714416229999,16.891251711850092,285.31434428428554,487,8143.085234299999,380.41931929021,8666.71441623,2.3217873004867484,72.63865857878451,66.0,152.0,8.853044318503086,-113.852,104.463,12.05662469552,20.227807092635896,409.16416161915856,464,11667.37532436,515.4993838077413,12056.62469552,3.108182207020324,79.97969008342253,66.0,148.0,5.628489508457335,-189.201,124.107,11.140829074880001,23.36794512239265,546.0608567584962,445,10205.3228026,739.8342009440958,11140.829074880001,2.3434147266619383,71.2680450568742,66.0,149.0,8.096604087737932,-194.727,142.387,14.258007925860001,29.401126313939574,864.4261462183828,459,13266.772535400001,1162.5940514193449,14258.007925860002,2.480241478586034,74.4637315713579,91.0,145.0,6.623113615469779,-83.231,103.097,13.060073638619999,20.26521660112354,410.67878633409435,452,12721.661268,486.45869235715236,13060.073638619999,3.458609148076433,74.64116524272389,73.0,146.0,5.087387025228446,-109.332,78.2776,9.725008354,17.74963390979114,315.04936204935234,454,9138.826374,424.4157698468714,9725.008354,2.926439484022179,76.08018419484867,91.0,146.0,6.1596763378702555,-154.208,-3.416,64.85324800000001,73.75010818356812,1233.134680938496,492,2753.7839999999997,949.6373997780285,64853.24800000001,4.551862326726131,2.8870022417147125,1.0,12.0,2.090952864993333,-987.712,-872.544,942.800384,943.0611704417057,491.8071243325439,463,3092.943999999997,444.13747527573133,942800.384,3.9776704944060444,6.960775493520446,1.0,32.0,1.0473466949523338,-518.744,-121.512,318.51076800000004,323.2241953212785,3024.7711091381752,471,4741.896,2712.2500104975147,318510.76800000004,3.336533208227292,4.498149481891154,1.0,15.0,1.6049046064895565,-101080,131460,19875.8,33195.565294177475,1101307857.1264,183,1017100,1017372703.0914634,19875800,3.462580440142096,2.022634946554319,1.0,5.0,3.9601675354827646,-76440,46760,14204.4,20242.78876044504,408107222.2976,123,784700,346947817.7113502,14204400,4.076753058676437,2.5978236232428245,1.0,8.0,3.7761595452384427,-40180,16660,9078.16,12052.840594648218,144389545.85440004,87,381780,134530296.86288223,9078160,4.148185171492427,2.0837985532512247,1.0,6.0,3.3336539784522654
4,10,-112.683,134.203,13.497608833300001,20.926902028024532,437.93496823082256,454,12520.6134326,587.9386052354721,13497.6088333,3.121214266944329,68.61099915265216,39.0,137.0,6.41294157254047,-154.782,160.459,17.634390198300004,27.647871744255134,764.4043734816673,462,15637.9916796,1013.048719566949,17634.390198300003,3.143844970827407,62.936241044687506,39.0,140.0,5.803665522042986,-99.5548,76.8592,8.814989947699999,13.606802136191535,185.1448972095616,502,8611.091237199998,254.12111408157108,8814.9899477,3.0148777685259383,75.59448661636361,38.0,154.0,7.316546459891774,-118.336,159.266,15.76243223032,24.351379865393625,592.9895525737003,480,14700.5586282,783.8828495641412,15762.43223032,3.190008483821066,68.07234638491599,39.0,144.0,6.540327524779695,-74.3835,65.0503,10.50688563575,15.0722534435088,227.17268181332736,493,9943.4566075,296.0172397921828,10506.88563575,3.605551783580999,70.82180930549195,40.0,154.0,4.93512800052038,-155.637,114.135,11.3089861512,22.045767412026425,486.01565646320245,513,10138.0447411,693.0372100681296,11308.986151199999,2.588062700173114,64.44601088128658,41.0,135.0,7.059722489637479,-52.672,70.9918,9.3959821653,13.162020431788251,173.23874765948074,487,9275.079393200002,224.34529082997278,9395.9821653,3.605000150573301,72.22124277383277,41.0,159.0,5.393685594693666,-67.713,86.5262,7.556372218543,12.353950802843343,152.6200956326021,501,7371.8861397,208.5023403467992,7556.372218543001,2.96705108760979,70.54296206654477,41.0,150.0,7.003929461989231,-160.57,153.146,18.4665281568,28.764413973664222,827.3904675319519,444,16542.276999,1098.1031400039783,18466.5281568,3.2400448754367512,64.80463374907556,39.0,146.0,5.582244788543676,-52.6956,91.5307,9.0323743608,13.370551074004952,178.77157850742708,489,9119.455294200001,242.38449069963383,9032.3743608,3.322454129757233,76.2060832837401,40.0,154.0,6.845693905463189,-99.7834,74.7347,8.365355753200001,13.664375935441315,186.71513452870528,518,8134.0579236,250.62773674251142,8365.355753200001,2.9171837341248206,72.92906887673325,37.0,148.0,7.302448386332202,-111.656,129.295,12.57610711707,19.168528559805,367.4323382177989,468,11722.35790594,485.6024515564621,12576.10711707,3.0929497524443814,69.17355780646692,40.0,147.0,6.745170845879225,-139.896,84.6383,8.798758467939999,16.082964623460445,258.66154703928623,524,8283.985652,362.21393231956864,8798.758467939999,2.578043214637154,70.01973620011589,38.0,143.0,8.698396301632831,-216.184,157.116,13.8874240527,25.404062157891996,645.3662902553307,488,12354.038856800002,916.52425247215,13887.4240527,2.497334459564382,67.23284627850178,40.0,140.0,8.509820148304138,-85.5826,139.261,14.571446874,22.256085314774374,495.333333390663,471,13888.7571364,658.569104497134,14571.446874,3.374199917214528,69.1279131495771,55.0,151.0,6.257210018311425,-81.7116,96.163,9.2203533514,14.304689898889304,204.6240776085052,501,8895.04555304,279.64401747937967,9220.3533514,3.0620938094871133,70.2392578614386,41.0,147.0,6.72248057663009,-80.032,-0.488,35.728919999999995,38.899150068246996,236.58815166559995,468,2322.392,180.76563336842727,35728.92,4.4944311624355375,9.174526082026926,1.0,23.0,2.0574228449615752,-1004.3,-915.0,970.772052,970.8828532133339,215.13771937329622,458,3514.576000000002,189.7773408649398,970772.052,4.231547664823623,20.77949581945221,1.0,89.0,1.0344193397546009,-396.256,-152.744,236.078784,240.8950459215963,2297.230894649344,472,4273.415999999999,1570.0036287409662,236078.784,4.036000697582675,5.668438558195446,1.0,19.0,1.6449321258726455,-73080,94360,15106.7,23866.674665734226,565353356.3804001,138,776860,578808133.168451,15106700,3.6151671172110493,2.65543120459552,3.0,6.0,3.953629959831572,-42840,48160,15664.46,18677.090897674614,347095598.57559997,102,943040,139624975.96871537,15664460,4.440580910659669,5.798646004986536,3.0,20.0,2.578560026497282,-23100,13440,5796.56,7397.446856855411,53519337.50240001,102,315980,47265353.79431197,5796560,4.500185592838294,3.3424593319125333,1.0,13.0,3.1226990131862338
4,10,-79.981,92.127,10.878418195310001,17.328325344422268,300.27067980255305,451,10431.523139199999,354.1843537733977,10878.418195310001,3.3264282284470226,73.31519016319115,86.0,135.0,5.316555302884725,-128.304,145.021,14.448273294500002,23.23846431302853,540.026150628373,445,13443.359803800002,574.0278458657617,14448.273294500003,3.0836511803941256,67.53607087438847,86.0,126.0,6.24055867231703,-100.799,78.045,8.047372088124,13.577709015165446,184.35411872555187,489,7441.3317316,226.56339277540982,8047.372088124001,2.8458930197536265,69.55683158612251,49.0,140.0,7.4238592009457465,-98.6954,133.572,12.85194436429,19.98080029564771,399.23236534589614,467,11730.731141580001,423.5815566297186,12851.94436429,3.1453940715004873,66.78483960930406,86.0,137.0,6.685017517996771,-106.116,62.4434,9.2616914548,14.500787634546166,210.27282710912323,487,8218.9432036,231.79049574851672,9261.691454799999,3.1106024217139634,66.62419830705835,49.0,138.0,7.317947319440289,-172.241,92.0401,8.465079975299998,17.117922812221433,293.0231880739771,536,7956.8780742,376.26064789822897,8465.0799753,2.196349113619896,69.01844909705714,49.0,139.0,10.062026911175673,-80.4395,58.3252,8.49765419577,13.01727496529636,169.44944200331128,499,7518.44679186,185.03185795124037,8497.65419577,3.2678327691458326,62.543239180023086,29.0,134.0,6.179442334470858,-71.4176,64.5155,6.416737726609999,10.583271587089373,112.00558339026517,532,6225.221937979999,131.10222712698743,6416.737726609999,2.8928021340981096,73.00672624049942,53.0,144.0,6.748159055761449,-122.38,112.462,14.867013587889,23.368573064314912,546.0900066950885,439,13880.1499276,603.1529659593847,14867.013587889,3.2965185013812914,69.41687266687163,29.0,138.0,5.236947915612397,-62.7922,74.3471,7.62590978046,11.687783444211869,136.60410119507097,508,7406.60808428,162.86463481028682,7625.90978046,3.163765745366864,74.69956131500574,57.0,148.0,6.361094929151759,-157.675,77.6729,6.9263412159,12.778764942430936,163.2966988180945,562,6797.3781858,226.049137887283,6926.3412159,2.2416975682754514,74.72021635587458,49.0,160.0,12.338829355601646,-89.4929,94.0525,10.759319093679999,17.16736071360206,294.7182144758179,483,10386.45219318,335.3605715366194,10759.319093679998,3.2176439083985713,75.7432561872811,86.0,138.0,5.478564909833823,-142.67,75.4326,7.300363206130001,14.592060749444963,212.92817394817376,552,6854.2282672,295.94382055749776,7300.363206130001,2.302918086139753,70.97703467657263,49.0,151.0,9.777234514695035,-226.403,115.105,11.1884870322,22.421204378922106,502.71032196831624,517,10081.0904552,644.1295442392101,11188.487032199999,2.339203967302274,68.66559192324159,49.0,139.0,10.097718042873675,-124.69,100.09,12.384585365710002,19.25841216872087,370.8864385012155,459,11031.5058532,392.2309021538112,12384.585365710001,3.1281601233417433,62.25261026429006,30.0,130.0,6.474573236235904,-111.994,72.9611,7.8667651435927,13.267834524032159,176.0353675045072,514,7303.549262845399,205.0305778189717,7866.7651435927,2.7478825659198556,68.62521023505967,53.0,139.0,8.441015736000036,-110.288,-48.8,81.45452,82.12871677419537,110.2872905456,462,2135.9759999999997,91.44963293949283,81454.52,4.268951539155991,13.180225866276245,1.0,30.0,1.3428676878420704,-1026.75,-931.104,982.43576,982.4885184227406,103.66630573440023,423,3096.3840000000005,75.70566563586691,982435.76,3.5778444334454163,34.37226969648314,1.0,163.0,1.045050380485174,-285.968,-67.832,166.806208,172.50882966702892,1934.985285748736,463,3761.992,984.3701028286954,166806.20799999998,4.201803790369423,5.5588541221630825,1.0,18.0,1.6577006553923437,-97020,81200,15397.62,24829.791952410716,608630671.4684,147,756840,411999562.91238123,15397620,3.4463357189954658,2.843453943015739,3.0,5.0,3.907402856453671,-39060,28420,9005.36,11427.763595734732,130386245.8864,121,726600,131701490.29690686,9005360,4.2353413115511795,4.046443714766072,1.0,15.0,3.41799160201202,-14420,6160,3033.24,4173.141454587899,16890006.4704,101,255500,12513899.477074107,3033240,4.2671984843869435,4.361629347313949,1.0,16.0,3.4554304369785585
4,10,-63.8218,89.1087,10.56659609086,15.691245435041415,246.21516068995226,474,9402.64192252,219.21008565827108,10566.59609086,3.450497224120792,69.30433161034625,27.0,148.0,5.678880007893064,-88.9664,122.735,14.56979755692,22.02491552175759,485.0966618634287,468,13369.117848639999,493.102293617668,14569.797556919999,3.4450816620691973,73.43704319103132,29.0,155.0,5.572552588397204,-67.1151,50.875,7.011536361259999,10.295152964380891,105.99017382744412,483,6660.5388559,102.33677303330826,7011.5363612599995,3.242193723331001,72.14276257804414,52.0,154.0,6.519096921843165,-88.3755,114.45,13.23849273994,19.34413439972802,374.19533989064934,480,12434.17952208,372.9911159548881,13238.49273994,3.3808491318342657,74.40341181255813,29.0,157.0,5.916522168167379,-55.3859,40.1008,8.52233954673,11.412360871511222,130.24184635013086,489,7904.774940099999,140.9117447379204,8522.33954673,3.81105565277933,69.01584186829945,40.0,162.0,4.8531500732911725,-109.392,69.4199,7.462415517199999,14.42012640944451,207.94001682710888,558,6881.7609818,149.21331486219196,7462.415517199999,2.6095396772635295,66.79654962417962,52.0,133.0,7.58606387308459,-49.799,46.0428,8.1269030791,11.070915013614673,122.56512868954923,509,7293.3821838,122.68546341065641,8126.9030791,3.748821504806091,68.94993603490364,40.0,163.0,4.498182845659885,-49.622,55.7618,5.55974510231,8.671623288656884,75.19703856039939,550,5393.3671146,62.91391492037233,5559.74510231,3.073906510665906,71.21431561512892,52.0,160.0,6.430376198760906,-110.106,129.445,14.931777799319999,22.82737379546263,521.0888404302049,463,14458.16371314,508.7269464502094,14931.77779932,3.3167513469788608,80.06429683921534,27.0,157.0,5.670604124672879,-57.5115,60.8006,7.03666228577,9.952158460407245,99.04545417054321,535,6718.2870297,81.42538777898908,7036.66228577,3.2436108878893624,75.31100266100005,43.0,165.0,6.1092877732889335,-77.1633,69.0791,5.48547780601,8.883924262722747,78.92410942923327,570,5362.534069640001,75.83069181267595,5485.47780601,2.5741223721545263,73.81099001148723,53.0,160.0,8.685722403530598,-62.4727,72.7496,10.214346186531001,14.824772283043869,219.77382991888513,463,9404.90302006,209.98422109869907,10214.346186531002,3.5831021702774084,71.38831236740816,29.0,150.0,4.907299661068576,-110.486,61.1827,5.828199999610001,10.683469748663198,114.13646819252784,555,5482.22069754,114.62193321452335,5828.19999961,2.4052345973561384,68.98502320687813,52.0,139.0,10.34177122220287,-163.47,81.3256,9.553254944899999,16.710527289066373,279.241717469108,489,8504.4880488,262.69664408090387,9553.2549449,2.6091873313059195,67.72833450116288,52.0,138.0,9.782456123150448,-90.2395,91.0503,12.544803253360001,18.194104340308193,331.02521368673484,475,11365.5176726,324.76294851917766,12544.803253360002,3.4658004227458963,74.03852001065539,40.0,154.0,5.004384843406789,-67.7794,59.1214,6.909755202448,10.217943169561384,104.40633876518017,509,6466.8887337999995,101.99883923863213,6909.755202448,3.1243995639491757,69.28059778195444,52.0,148.0,6.633370226789928,-98.576,-34.16,62.91295999999999,63.63457502760586,91.3186029824,448,2444.88,87.32123369707277,62912.95999999999,4.152632631048305,20.41703346928717,10.0,96.0,1.5490949685330009,-1031.63,-852.048,983.581592,983.6798674130644,193.3334325295362,481,4403.720000000001,235.49078202682603,983581.592,3.0394212294262277,39.235641708987586,1.0,184.0,1.04874566835757,-377.712,-48.312,171.339728,176.80138709066736,1901.428086070016,465,5456.3279999999995,2098.2642250463578,171339.728,3.5604799771161346,9.906152479080253,1.0,45.0,2.1363633295835034,-83160,126700,15796.48,27444.320374168496,746648379.9600002,140,915600,1051476378.2543887,15796480,3.2536154817461314,3.298291371853576,3.0,7.0,4.616620061003742,-43820,43120,9486.4,13455.571812450038,179818625.02240002,104,916720,167788253.8545082,9486400,4.035398662736531,6.101461347699394,1.0,19.0,3.2566434641933735,-14140,17360,3424.82,4927.914487894448,24283929.110000003,127,313880,22661720.282871794,3424820,3.9647070855788034,6.883343482967963,3.0,18.0,3.5227884011878245
4,10,-92.7905,104.902,10.05805220878,14.736445328590927,217.1623241541977,471,9319.333463,290.1235683326404,10058.05220878,3.0518923199628807,67.00352194907548,43.0,148.0,7.118541660550546,-114.878,142.908,13.368917089799998,20.295257559006924,411.8944535724389,483,12619.505906,541.4568110069441,13368.917089799997,3.043433647290845,68.31501569113381,43.0,157.0,7.041447963126647,-60.698,36.1891,6.295204014,9.036431178630352,81.65654775193602,507,6128.2140254,106.82613419278641,6295.204014,3.3823158359323617,78.14686066818179,91.0,160.0,6.7170322885367195,-79.0028,153.89,12.6306595556,19.00137178890673,361.0484361743556,499,12275.998341400002,475.38923668264954,12630.6595556,3.126739371728748,72.37523978294553,43.0,156.0,8.098888949156983,-58.0673,59.2697,7.7934380483000005,10.822884740415944,117.13331596000654,521,7914.6928788,144.0187321311158,7793.4380483,3.4051968215400144,79.1745141323961,92.0,168.0,5.476331072682398,-97.1646,67.5047,6.0754556206200006,11.046186641091072,122.01823703437785,560,6006.68298768,178.4872712883487,6075.45562062,2.520273364430332,73.2366041048538,44.0,137.0,8.796212046477127,-40.3998,67.8986,8.129126505499999,11.007354595496194,121.16101557083053,499,7599.3400366000005,149.33367356320568,8129.126505499999,3.5808703711001364,68.56520871973791,44.0,162.0,6.168475759632711,-36.2372,47.3836,5.806572264950001,8.51915982285305,72.5760840294651,572,5689.02206724,97.082450558393,5806.57226495,3.4652924455625502,73.01433903234131,44.0,169.0,5.562003881285482,-127.815,126.272,15.0535497620372,22.659434900508096,513.447837077206,467,14430.045213200001,677.0301517744745,15053.5497620372,3.266092857542985,72.55025958986745,43.0,156.0,5.640696714688767,-41.538,46.4174,6.77119631666,9.475097293266392,89.77699121373598,525,6889.44649652,114.31261905708917,6771.19631666,3.614442974712827,76.10802176284606,91.0,168.0,4.898883733150388,-43.697,46.3091,5.57777728669,8.391463864559176,70.41664912405663,545,5917.66418942,90.65854708000096,5577.7772866899995,3.3087086599705033,79.95721790675276,86.0,167.0,5.518596129047709,-66.7554,92.8728,9.02359470551,13.091819129856072,171.3941515888648,501,8508.322760399999,220.34471282675852,9023.59470551,3.196633491773482,69.00641114238363,43.0,157.0,7.093956850366372,-83.1182,50.7803,5.329475446547,9.153886067580647,83.79355597667818,553,5301.6494012,120.42218292694847,5329.475446547,2.6290881677084283,78.15948286891651,91.0,154.0,9.080099903621367,-102.033,71.5966,8.222666598996998,14.275049474111436,203.77645028096507,521,8049.0937015,290.34624288582194,8222.666598996999,2.8606428951841165,77.29194616400662,91.0,148.0,7.147645980845271,-78.2962,128.906,12.582887706900001,17.966927732231404,322.8069042689246,463,11867.883697199999,415.0448710535713,12582.887706900001,3.300873360413627,70.84022762758038,43.0,158.0,7.1746267320234,-46.0995,55.4152,7.204075248930001,10.295463985232267,105.99640522513279,501,6967.34081998,138.73410379270703,7204.07524893,3.5023535222194386,71.45809767269333,44.0,156.0,5.38248689709246,-120.048,1.952,67.20589600000001,70.54166683054774,460.01903046393596,415,3129.544,431.24845763670174,67205.89600000001,4.280166453526041,6.764340550704572,1.0,24.0,1.7018027131166933,-1063.84,-843.264,987.7701139999999,987.9457766471741,347.0594834150041,463,6311.772000000002,293.50099876205854,987770.114,3.200078117907458,64.66381857056686,4.0,227.0,1.0768202315823352,-353.312,-0.488,144.916968,151.19722593539868,1859.673516246976,469,6932.040000000001,1879.5707970434844,144916.968,3.5871605375925997,13.693959466822395,1.0,92.0,2.3367624492724355,-55440,107380,15410.36,23935.494195859003,563322914.0783999,165,929460,637735378.9283624,15410360,3.7534199345586,2.4566666188329553,1.0,7.0,4.486224479901378,-26880,34720,11186.42,13668.442413091552,180808029.6316,121,1091300,172633914.09537578,11186420,4.630668234839256,5.456047319924311,2.0,23.0,2.5401577554107697,-23380,32760,8491.14,11086.450523048394,122133188.9596,117,356580,123994897.38204437,8491140,4.384668833494616,2.065270836067015,1.0,5.0,2.954958391046165
5,10,-130.091,119.8,12.264040787099999,18.85403703542336,355.47470265486226,444,11247.0696888,351.64249107132014,12264.040787099999,2.9809989086153914,70.39272156399835,66.0,150.0,6.899901583707633,-92.255,119.33,14.513741033999999,22.377138585804076,500.73551534628695,456,13240.1913188,504.9421488606321,14513.741033999999,3.450898815886082,64.8830693325835,43.0,145.0,5.332674664476639,-67.4555,57.5048,5.98777451375,9.256497118302768,85.68177313066894,460,5162.2689118,98.50267588902764,5987.77451375,2.948488892684341,63.04512436582137,28.0,138.0,7.287367903633978,-64.212,81.3304,10.043606758450002,14.907099354368315,222.22154581981968,468,9127.068471580002,233.25982304992795,10043.606758450002,3.4702194665538424,64.67426048774892,28.0,145.0,5.455816592257921,-62.2385,71.9924,8.809530905149998,13.240162085783766,175.30188185312699,469,7779.222872600001,195.34525153003233,8809.530905149999,3.4019988752184878,63.387247464948366,28.0,133.0,5.437425881462564,-84.1642,74.9847,7.929823592600001,12.603495009808052,158.84684474182083,453,6714.102967,187.28745579445285,7929.823592600001,2.980870187075547,62.89141246478607,31.0,131.0,6.67784610018914,-62.6843,52.752,8.365162965,12.182861485520345,148.4215490611827,459,7499.2735446,154.06113139711564,8365.162965,3.541189384858072,68.71909806654743,28.0,142.0,5.1452854548582,-53.6639,51.0098,5.1197008101,7.9739590517770935,63.582193142913546,428,4560.3849484,73.47436666728953,5119.7008101,2.9755464848501743,67.23248656651697,63.0,132.0,6.729894102985185,-150.06,130.254,13.641036476800002,21.19489659244055,449.22338073261363,460,12723.725861399998,432.54050886197183,13641.036476800002,2.9688099740862244,71.5984739935019,65.0,154.0,7.080006233836543,-36.2726,34.6938,5.44564164587,7.951062874785833,63.21662969471743,458,4904.75343366,69.2324645473998,5445.6416458700005,3.616437354848822,65.73041107238832,78.0,145.0,4.561981281147525,-42.774,36.6032,5.11709095268,6.9975824693627,48.965145033016874,724,6593.912898959999,51.63879900145954,5117.09095268,3.3446424478312835,89.64359739212968,200.0,200.0,6.112682513893346,-96.1743,80.5931,8.57424922726,13.362557453663376,178.55506068104057,450,7596.37120822,219.21977484436553,8574.24922726,2.967536561144427,68.08019048588173,45.0,133.0,7.1972973986078985,-67.2301,57.9312,5.916777529700001,9.161433743540108,83.93044365921011,453,5091.1316879999995,96.18366564498719,5916.777529700001,2.9301908904536083,63.01517676261724,28.0,139.0,7.338381947847972,-81.8214,73.4578,8.101564766600001,12.74748240501501,162.49756837926617,469,6908.715544340001,190.40253792850135,8101.5647666,3.05488279598063,62.78305358983272,31.0,132.0,6.4186321189045525,-110.564,96.2488,12.72096697948,19.269232790504716,371.30292023809625,449,11967.99027314,344.114564306341,12720.96697948,3.298098967233187,72.21842975584649,54.0,160.0,5.737851693528895,-73.8705,61.6535,7.0752886552500005,10.9198339769937,119.24058817013332,448,6109.473973940001,136.51874012885796,7075.28865525,3.0860373620015937,66.05900137265714,63.0,133.0,6.7648006513316075,-380.152,-86.864,222.25472,225.4646465181803,1437.1462672896002,478,3401.848,486.5085497565476,222254.72,3.71973578987533,20.37334529555471,1.0,175.0,1.6860825227841052,-1059.94,-824.232,951.735662,952.031858473942,563.8892267697559,428,3979.1560000000027,353.964183340585,951735.662,3.2637084878719906,24.049544726286552,1.0,165.0,1.1133450950885502,-467.504,556.32,196.490272,204.49303416392453,3644.9819356405765,508,7185.311999999999,2788.920686150441,196490.272,2.3264150245222646,47.20784046878434,1.0,223.0,2.720483865255019,-122220,118020,21728.7,35503.79712087145,1242729941.8716,147,1398460,1242435379.015196,21728700,3.5515839771197215,2.9141407173027343,1.0,7.0,3.4424486931329126,-50260,156660,13328.98,19616.68439874588,382097677.6316,153,1079260,364278178.6706211,13328980,3.2082370806267706,6.493971711565606,2.0,21.0,7.986059051345877,-46060,27020,9964.64,12637.313860152402,136534807.35999995,94,403900,127351057.40382804,9964640,4.107740158640347,2.313556479030485,1.0,7.0,3.64476189399988
5,10,-81.0655,99.3112,10.9276230155,14.803697032090769,219.14757135035273,439,9663.4131972,194.55645280362933,10927.6230155,3.2686942177662814,66.25356419690803,49.0,147.0,6.708540426402795,-85.2191,128.128,14.404594587090001,20.14568824860114,405.83982566000464,439,14123.90459412,347.91685762571416,14404.594587090001,3.430851261013722,76.79484113590696,94.0,156.0,6.36007062250141,-51.7763,44.7207,6.53538273181,9.072439843318135,82.30916204391845,460,6128.24267182,98.42972375691284,6535.38273181,3.4311366402986363,70.30450973523027,49.0,143.0,5.706987413990221,-78.5062,130.14,13.533200228899998,19.04903828811774,362.8512130447581,445,13485.214748400002,318.51151554694485,13533.2002289,3.3924725604730877,77.13590137340712,46.0,152.0,6.831840958668119,-59.2058,52.9488,9.05300877334,12.484317466068628,155.85644669737903,473,8308.72070012,171.31641438553416,9053.00877334,3.6941239733404005,65.87426033026286,46.0,150.0,4.742413845283622,-89.0732,62.3953,8.28482283162,13.324045328850872,177.52436216634922,479,7511.62962464,199.34464802210454,8284.82283162,3.0982497108881777,67.56545448293923,49.0,134.0,6.685146875560959,-54.4696,60.0923,8.81323815728,12.087751325547996,146.108889783009,440,7681.3943356400005,144.34643717086038,8813.23815728,3.6137300233388308,64.34209882443162,49.0,145.0,4.971338206883217,-42.7309,37.9644,6.6086448763200005,9.110035480713657,82.99268426474163,480,6061.34709916,88.91326079475549,6608.644876320001,3.7186498824095207,67.18805950427236,49.0,142.0,4.690530579212691,-92.6963,113.006,15.498615941200002,21.44358240401661,459.8232154644685,457,14562.079961200001,386.430828280345,15498.615941200002,3.599853883740247,75.2266302440961,43.0,157.0,5.2699216889633504,-61.7151,64.7753,7.707765272780001,10.36323733541252,107.39546141162046,465,6711.63809344,110.273068494966,7707.7652727800005,3.294170428647117,65.94431109602282,50.0,142.0,6.250488906459223,-28.4552,30.2931,5.59105478538,7.352113636965768,54.053482674701996,481,4861.56896524,62.66401313069312,5591.05478538,3.915317004692875,63.975627182761215,49.0,142.0,4.120325323549,-84.3611,95.2719,9.7162836068,13.589626637873629,184.67361094056835,449,9182.6488284,163.87395313095388,9716.2836068,3.124954320048042,70.83235317377674,57.0,151.0,7.010634106347105,-48.5945,35.9599,5.1563697954,7.671164618941463,58.84554186877973,494,4947.3374008,67.7761798429029,5156.3697954,3.2801431938709755,76.3625511443958,50.0,146.0,6.334696543991714,-107.352,63.5389,9.7322474773,14.91069208244721,222.32476179671323,444,8537.175728400001,290.9628849769614,9732.2474773,3.183769734573023,65.36211840150834,49.0,133.0,7.199665810708695,-72.3253,102.261,12.89473712321,18.021676818082547,324.76807177618866,459,11784.04262,272.6458537129385,12894.73712321,3.5640983800438453,71.86324479950122,47.0,152.0,5.6743332505770825,-59.1878,41.7697,8.1213343955,11.154433028536351,124.4208047534062,448,7043.1947798,139.8096634499346,8121.3343955,3.6821649915117036,64.46484425256746,49.0,133.0,5.30621322021299,-150.304,21.96,46.369272,55.97889882503943,1096.149681440704,329,2584.9359999999997,493.1767901120094,46369.272000000004,4.353101638583472,5.676501486799134,1.0,20.0,2.685011730398113,-996.984,-893.04,950.05548,950.241451399363,353.40087953759974,410,2914.8240000000014,160.77069137147512,950055.48,4.381567429612882,13.212147427140081,1.0,59.0,1.0491901805923138,-449.936,-175.192,302.55414399999995,307.5972483823872,3077.0571608432642,452,3453.575999999999,1146.876111452113,302554.144,4.438770783234683,4.092231234067654,1.0,15.0,1.4627439041348818,-69020,83440,19828.34,26161.430687177643,616721458.9563999,134,790020,624134143.9043025,19828340,3.924109102453904,2.371711234103636,1.0,5.0,3.1894280170577973,-91140,90300,28077.98,35054.63212187513,1226468121.5163999,86,1136940,920177694.4230567,28077980,4.3808075116138925,2.5905409870464107,1.0,6.0,2.599941704797579,-24220,16520,6895.84,8488.582260896103,56936685.310399994,64,327740,43133884.18147573,6895840,4.415015030669039,3.2561578383572605,1.0,9.0,2.8532444235797745
5,10,-143.355,114.164,14.082097516309998,23.21132524088345,538.7649710957901,447,13703.95257066,332.7680674325515,14082.09751631,3.077949347515279,75.64441040884881,44.0,153.0,6.176079931338885,-202.429,130.936,16.121668064399998,27.136737298993868,736.3943511982778,457,15615.2075508,462.31779960208996,16121.668064399999,2.902489617055341,75.85126229359827,84.0,153.0,7.459592425192005,-52.6781,37.8748,6.11067852869,8.845827284447145,78.24855698654065,450,5397.8045002,76.21403809792177,6110.67852869,3.4317116574254944,61.096196451229346,31.0,138.0,5.955135489997567,-86.3279,69.3564,10.0072060687,15.26547795335089,233.03233214143282,462,9557.8902648,184.34920956556712,10007.206068700001,3.3626653891957266,71.07993565522139,84.0,154.0,5.655106264199894,-59.0129,51.4708,8.59167962986,12.472912958760702,155.57198893907156,454,7732.25387208,139.33490872724923,8591.67962986,3.629643737591112,65.12072626068257,32.0,148.0,4.731284519912458,-51.9598,47.5397,7.4755127032,10.857872733819574,117.89246440357397,428,6306.5683732,121.04566971694574,7475.5127032,3.5821851725444254,62.62115767079004,32.0,137.0,4.785449348485928,-60.8414,47.1765,8.73350970026,12.560467654075264,157.76397707571115,456,8037.6128032,128.76214188241664,8733.509700260001,3.7004694758181182,69.72256291297022,83.0,154.0,4.843880154435166,-41.3309,40.9284,4.8936683754,7.429034880304811,55.189926862474046,442,4397.58634298,40.79150833381056,4893.6683754,3.2588397113401615,73.44090562203434,83.0,151.0,5.563427910343074,-161.199,124.974,15.691868988980001,26.432760095014714,698.6898451069616,455,15585.28135324,419.3513049622795,15691.86898898,3.0840004570038007,78.72191229634943,44.0,154.0,6.098455076978607,-60.0191,39.3556,5.7964164396,8.719808106906324,76.03502510090821,459,5160.431229,59.63184366812967,5796.4164396,3.2327518550060157,64.386354380605,44.0,144.0,6.883075781502949,-50.0523,29.1729,5.222887975031201,7.193072120225221,51.74028470462547,707,6371.994525562401,45.10944473140898,5222.887975031201,3.376291574535771,88.79772251967144,200.0,200.0,6.958403747859659,-59.5274,59.7167,8.872213839219999,12.921044834321927,166.95267352816722,425,8027.729408,134.8930165298583,8872.21383922,3.576783574252215,65.55353194438682,85.0,141.0,4.621661852095402,-53.7095,37.609,6.00628918802,8.718447871373678,76.01125370452782,450,5300.7808102,74.61485562009719,6006.28918802,3.4046026601420745,60.78507760868815,31.0,138.0,6.160442866940894,-53.7025,48.3619,7.70376520326,11.12087565170955,123.67284732595826,426,6554.207845280001,124.84345428246893,7703.76520326,3.5871316953882983,62.82431383918696,32.0,139.0,4.828981249488624,-121.986,119.56,14.067630433269999,22.191879452404695,492.47759343784304,448,13891.999799140001,304.1861235097749,14067.630433269998,3.2124824205025018,77.01059020695763,45.0,162.0,5.496875569355244,-49.1086,37.1899,7.00725633782,10.117721612969312,102.36719565408606,422,6243.4918108,90.46235856999596,7007.25633782,3.6992959338609195,67.502560893046,83.0,145.0,4.853721211013612,-380.152,-25.376,239.47477600000002,241.6904643484968,1066.112216741824,467,3397.456,657.3031452325316,239474.776,2.9686915684535298,25.23672671696468,1.0,184.0,1.572887871371928,-1058.96,-835.456,942.873096,943.4219663082008,1035.3313522067835,457,3484.8079999999995,607.020424524495,942873.096,3.197298361186009,15.008299027614148,1.0,146.0,1.1224669742892703,-489.952,250.832,205.87646399999997,224.6592991593092,8292.992223712,476,5941.887999999999,4272.099374332177,205876.46399999998,3.2577494790778974,19.205012624439668,1.0,171.0,2.1808667695191546,-154420,157500,28257.04,46353.413104107014,2112445687.8335998,128,1238720,1942521798.5662513,28257040,3.4831189998189114,2.205976688630664,1.0,6.0,3.3978080458986772,-65240,124600,17087.98,22945.90475880173,507129369.02040005,131,1057280,561135884.5430497,17087980,3.7172004802673357,3.4731933694647203,1.0,10.0,5.4301628682654215,-41580,26880,7898.66,11241.694018251876,123381884.7324,90,372820,100615942.97914797,7898660,4.0138903338413146,2.5187229462910086,1.0,7.0,3.6987308080518138
5,10,-84.5011,57.2611,10.47281384904,15.366838316696272,236.13960314014324,467,9910.54174228,215.99872988356896,10472.81384904,3.5615895009460226,72.07085113087224,46.0,161.0,5.4989255602558424,-113.803,114.251,13.2889268584,20.197860158899463,407.9532565176128,473,12597.1749184,398.2589180008893,13288.9268584,3.2274615834095393,67.3862093777556,25.0,161.0,5.656589316946003,-40.3577,41.2506,5.44608175542,7.754262522772105,60.1260545585028,440,4726.881483239999,66.89136385808966,5446.08175542,3.4096048471592533,59.272126065921384,52.0,140.0,5.31973219617707,-61.6643,69.7334,9.98794103106,14.481533699085265,209.71456011753503,468,8982.523819799999,227.45873998737665,9987.94103106,3.6160769797741605,61.94082040167354,25.0,149.0,4.81533250890441,-61.486,54.0765,8.5702959011,12.127326965028999,147.07154450639953,435,7346.525141800001,165.16230190667386,8570.2959011,3.5795332528367587,58.511323696621034,25.0,139.0,5.070037294888171,-58.9013,41.0245,6.94135962935,9.88857038905863,97.7835559000429,431,5706.6296504,114.07990893763976,6941.3596293499995,3.4656068683015557,55.780772657957215,43.0,126.0,5.956503082100958,-62.7318,55.0615,8.57524519924,11.80805261840829,139.43008847699528,440,7398.867594400001,143.31637871298616,8575.24519924,3.5455281495053854,63.02093267562282,43.0,142.0,5.312628765068644,-32.4135,22.947,4.050702505694,5.64242096948767,31.83669913529595,447,3503.969858172,29.191215195820885,4050.7025056939997,3.539607137613816,65.28107151102155,42.0,145.0,5.744608595367377,-95.4893,65.177,11.6265943968,17.291604333353213,298.99937638276714,470,11209.8325,270.7208399865825,11626.5943968,3.5403929980137643,74.97611189693444,46.0,164.0,5.522292677945088,-27.0724,30.6596,4.4759712724,6.108941168586871,37.31876505741073,499,3984.9558255999996,39.37989464145043,4475.9712724,3.632835556009417,63.05840544013571,46.0,161.0,5.018807540274974,-44.5694,26.6528,4.235935689060001,5.571022478215123,31.036206892765033,757,5904.7727918,33.65160540778225,4235.93568906,3.1961632510842755,97.72564780524958,200.0,200.0,8.000219021603986,-43.3652,44.7805,7.9121376864,10.958737054249633,120.09359792864522,450,7140.898169800001,130.6142433648346,7912.1376864,3.8484422266740546,61.79141553924988,23.0,145.0,4.086282915478367,-41.45,42.2619,5.3375569844,7.635093617692408,58.29092801560909,434,4620.5539496,65.07924195969629,5337.5569844,3.35646590599148,58.968668675270685,52.0,139.0,5.535217001408952,-59.1544,42.5343,7.28826810105,10.374842387246488,107.63703750653656,431,6038.6964614,124.93842340361657,7288.26810105,3.513215133562429,56.12586697720481,25.0,129.0,5.701715533791328,-90.889,92.0876,12.068779678300002,17.540720126317577,307.6768618921361,436,11198.5974738,292.6223999367108,12068.779678300001,3.408443579503625,70.68118180895587,43.0,154.0,5.249932690154179,-59.5369,39.8329,6.246217715000001,8.830701042993958,77.98126413440494,427,5254.210822200001,81.01278834174546,6246.217715000001,3.35360201054197,59.76219848072239,43.0,137.0,6.742035508860872,-344.04,-153.72,211.087816,212.00331608168776,387.33996598214407,486,2872.3679999999995,217.68136917459984,211087.816,3.473857905489078,11.90808537649308,1.0,72.0,1.622804804937281,-1005.28,-859.856,952.181696,952.3164956524234,256.72569427558375,464,3409.167999999997,161.92990838638102,952181.696,3.4416593000034212,28.984455099461027,1.0,159.0,1.0556154435939826,-768.6,-119.072,216.097136,220.43673568259896,1894.382250997504,492,5753.031999999999,984.9054983612094,216097.136,2.540060697872957,18.318876412530287,1.0,144.0,3.486714669494502,-74480,85680,15888.74,24792.68336425083,578945685.7436,155,1106700,625515157.3874613,15888740,3.5980286932883043,3.155437784185683,1.0,5.0,3.4558582764600647,-71680,119000,10513.3,16483.53781201111,271488761.6476,121,1157520,234516614.92441666,10513300,2.949716167199437,8.580963288526783,3.0,36.0,7.219323992043013,-35420,23800,6027.56,8231.490460420882,65203064.1024,104,374780,70990597.96547604,6027560,3.8710989573870265,3.088035410458305,2.0,9.0,4.302987432264964
5,10,-156.961,271.547,24.4054167373,38.93984531154858,1516.3037264013915,414,21330.668629400003,1959.7547783928171,24405.416737300002,3.1691215333941978,64.815448015105,30.0,135.0,6.973499710320267,-209.707,330.234,28.3462558632,46.29377744683698,2143.1015096544234,428,24445.749486,2777.1136200032474,28346.2558632,3.0511690696365594,60.71692378702586,30.0,125.0,7.133442510264697,-107.991,99.7492,13.385258335,21.978432653592666,483.0498441013899,396,11700.1107376,647.0537003133968,13385.258335,3.30334434060092,68.89830702169024,44.0,139.0,4.913498687648568,-121.868,206.915,18.813848990799997,29.36545913386828,862.3217863299907,412,16221.725756,1080.8605465743078,18813.848990799997,3.180923624440354,62.19667571774052,43.0,135.0,7.046203468392469,-177.85,144.035,18.2461672225,29.212534810479656,853.3664090176225,408,15918.445404040001,1119.5897437662202,18246.1672225,3.1535709135883305,63.923265968524575,43.0,137.0,6.088139942453688,-225.5,152.718,18.4780909337,32.41111773998451,1050.4770190575123,406,16485.366822800002,1418.8535431247756,18478.090933699998,2.879242004872717,65.28119026719516,43.0,139.0,6.957489149527484,-135.713,140.149,16.78462088332,26.42418759346368,698.2330368952535,410,14323.159728640001,897.2087785085606,16784.62088332,3.2716469839709457,62.38413016886597,43.0,137.0,5.30381490459398,-135.23,108.048,12.1154714876,21.25418903642694,451.7402506034986,415,10648.860905000001,605.5440541653111,12115.4714876,2.9180741649338566,64.32489417537668,43.0,140.0,6.362510457031939,-168.393,291.732,26.7086290013,42.34203684863811,1792.8393936400068,406,23365.617256,2316.314652292294,26708.6290013,3.1992805774383477,64.22817528297611,30.0,133.0,6.889890560599786,-89.4049,91.2024,12.2426941501,19.820016810736348,392.8310425903589,432,10585.7272466,522.3702495683544,12242.6941501,3.39945075815674,61.66389046360749,66.0,128.0,4.601529901356914,-114.131,99.1326,11.694546355699998,19.575612525458553,383.20358228402887,568,10961.685199,511.9267640636048,11694.546355699998,3.09636746865665,63.27780701427295,67.0,150.0,5.830264562683283,-208.081,190.607,17.7809571102,30.642634709865188,938.9665088123064,418,16464.9692618,1242.643311539707,17780.9571102,2.784539714110798,77.26251768067043,44.0,149.0,6.790571436502806,-109.373,100.44,13.303232691899998,21.88051746463723,478.75534071218806,390,11573.126866999999,642.4558474526988,13303.232691899999,3.28202109032903,68.58758623867395,44.0,139.0,4.9986477777212555,-217.12,149.638,18.59371454683,32.11757289429297,1031.534797773751,402,16510.25303,1390.9715421506037,18593.71454683,2.9494575227892534,65.01232711971707,43.0,138.0,6.760162130388765,-145.882,230.192,21.032941597599997,32.620731126703355,1064.100683997708,432,18475.457537799997,1323.8618070331668,21032.9415976,3.1674188268355237,62.956006556402954,34.0,134.0,7.056616821551393,-196.466,139.022,17.43742800643,30.267126538732782,916.0976006683381,410,15496.5400638,1228.200612324029,17437.42800643,2.966697751418465,66.01106311668102,43.0,142.0,6.491068775510713,-436.272,-167.872,247.37208,248.5364884277558,577.4401164736,406,4067.4799999999996,381.5170251540533,247372.08000000002,3.4096787187764543,38.00492061599378,1.0,194.0,1.7553639820046578,-1026.75,-863.272,947.190394,947.4872960956912,562.5337768487636,370,4979.011999999999,540.857839355769,947190.394,4.059545529199096,19.546768629332526,8.0,104.0,1.083655690404427,-670.512,70.272,195.66164799999999,199.84651764263492,1710.1285045091838,456,7917.312000000001,1393.8450195049033,195661.648,2.4712757334698643,77.94669228633654,1.0,232.0,3.3551347699688616,-108080,103180,21589.4,29354.455389259056,857904759.6784,140,1759940,835593491.5116862,21589400,3.9339569195080357,4.642663561173314,2.0,12.0,3.681894232639963,-74340,134820,15984.22,23177.58878744724,537188543.9899998,158,1497580,629339383.0784409,15984220,3.456394139451167,4.315429927016606,2.0,11.0,5.816825953570167,-39060,24920,7997.92,10648.740883315737,113061690.87359999,117,543340,83505576.27914755,7997920,4.190087763133171,4.40029058501116,2.0,12.0,3.668039294786347
5,10,-91.9351,97.7448,15.0840963435,20.91700400711422,437.5207376898406,460,13834.855088,510.08612844744874,15084.096343500001,3.656495270114814,72.71010811458972,54.0,148.0,4.672982802257693,-78.694,115.865,17.0541938154,23.699858296138018,561.6828790539345,440,15503.9325174,665.9538046169939,17054.1938154,3.814265411991642,73.3876587541041,32.0,150.0,4.888847796144023,-75.6601,56.4651,8.769836281023,12.545027938951337,157.37771706188067,417,7877.7447714,171.2407668763332,8769.836281023001,3.4235385812451877,74.89449602841673,56.0,151.0,6.031082622389486,-64.0738,63.4693,12.218548172800002,16.844645225952558,283.74195807712755,421,11175.5554652,338.86497275611276,12218.548172800001,3.9431908569208454,73.57615461019587,27.0,151.0,3.803808221575451,-108.997,69.1617,12.060453851999998,16.965538245463524,287.8294753401777,403,10635.4629494,326.9780890796669,12060.453851999999,3.447367174079149,69.0074236146029,56.0,137.0,6.424611964736521,-142.759,71.0175,12.475933557100001,18.73436806130217,350.9765392747535,389,10796.3073456,381.3922326395077,12475.933557100001,3.2333925980217026,69.06961054932226,56.0,139.0,7.620166291858218,-87.2102,59.7038,11.6444505751,16.087246047781864,258.7993843605906,409,10073.0326166,305.2000560170488,11644.4505751,3.6670703882957563,69.20825923742026,84.0,133.0,5.421077028409389,-80.7752,46.4677,8.4470731406,12.605829059052095,158.90688106035327,404,7172.5695026,175.9377868542475,8447.073140600001,3.4055145369881807,69.07773371892725,56.0,139.0,6.407765774199222,-98.9348,104.048,16.411877562900003,22.887208606113628,523.8239435844156,468,15228.96089,613.8052165352453,16411.8775629,3.6913016444547253,74.1605443135929,54.0,150.0,4.546120140321817,-34.545,56.0953,7.41873464214,10.285631067055874,105.79393181372755,429,6854.846705,120.99228339239066,7418.73464214,3.7019599119082955,75.16287861502677,93.0,152.0,5.453753846924294,-45.6583,51.9593,7.09328950805,10.127781356150527,102.57173395422349,597,7911.3878847999995,118.25490543065985,7093.28950805,3.537243933600349,85.39089639852942,200.0,200.0,5.13037339302803,-93.2282,70.7826,10.5490153737,14.967625605399125,224.02981619775417,417,9867.920592,257.62567045519995,10549.0153737,3.3680626785269134,74.48095900267433,27.0,144.0,6.228656599104851,-77.2723,56.5172,8.723112043199999,12.540940935484185,157.2751888616677,413,7833.004859000001,171.14454965964913,8723.112043199999,3.4013058998468777,75.43337772498289,56.0,152.0,6.161603056542634,-137.832,71.548,12.523766397400001,18.611522523742995,346.38876544556405,391,10885.8490632,378.36072371055866,12523.7663974,3.261670294469357,68.85696269209551,56.0,138.0,7.405734798115827,-101.774,118.07,14.802600402,21.173269519156353,448.30640457069865,444,13907.242581999999,533.6965620828283,14802.600402,3.448595467645774,78.04675806315572,84.0,151.0,5.576370710870943,-118.049,69.6253,11.96957000187,17.652667627747586,311.6166325948689,398,10184.249345459999,348.12176697701585,11969.57000187,3.3422979375096715,68.98487175188232,56.0,137.0,6.6873178881158495,-437.736,-113.216,232.927768,233.5053427560406,269.39999015417595,477,3819.5759999999996,301.41359915132585,232927.76799999998,2.3507531526474272,66.17080634408752,1.0,216.0,1.8746294831349255,-1052.62,-823.256,955.285376,955.424487455732,265.8016305866238,437,4422.2559999999985,324.0202859225035,955285.376,2.9996285501446,36.37926777461159,1.0,184.0,1.1017301878069892,-855.464,294.752,172.355256,176.10253973846034,1539.8043709357441,498,8056.88,1768.9694620746122,172355.256,1.739539371175615,103.11654174490987,1.0,237.0,4.857760718672752,-67900,89180,18988.2,27626.974412700354,733937452.9535999,153,1262240,686020860.8902617,18988200,4.088914026049144,3.3477897870339164,1.0,7.0,3.2280045823260037,-73360,95060,13594.84,18075.304523022565,326700757.6,125,1323420,341826226.21133846,13594840,3.6265839179665353,6.984401119014027,3.0,23.0,5.259109182858956,-24500,22960,6025.04,8261.601539653193,68241951.19839999,112,406840,86194445.62761015,6025040,4.1976265483302955,3.0481471388913444,1.0,8.0,2.965526705979149
5,10,-62.3326,50.7113,8.50048595956,11.781420981103011,138.80029055682786,448,8064.0609148,137.63625521800526,8500.485959560001,3.588191391322147,74.54393288745179,38.0,149.0,5.2907539845982345,-96.2595,90.0569,12.2657751215,18.73218815171399,350.89433601110835,476,12186.7508892,329.1138525816643,12265.7751215,3.384547428133832,75.89258738861909,75.0,154.0,5.1387216069144745,-54.3316,30.0157,5.8051032433600005,8.287189486176569,68.67732769519428,470,5215.0992462,80.50743743795331,5805.10324336,3.443144788627547,66.14747638468019,51.0,142.0,6.556094812436439,-106.217,88.8394,11.45459200426,17.22951808012507,296.85624417332804,464,11212.2334886,276.96385906798076,11454.592004260001,3.2305655520698053,74.68550764831366,75.0,161.0,6.164827101143676,-51.3672,50.6509,8.2298766598,11.565515994174309,133.7611093553689,462,7452.1968782,139.76817925006324,8229.8766598,3.673954805443853,67.28493364663049,51.0,148.0,4.441410139061178,-67.9566,38.7125,5.20342444797,8.656890326670908,74.94174607101382,509,4601.77991836,95.64573636815703,5203.42444797,2.917410533680731,64.63550082389267,56.0,138.0,7.850001263228822,-57.3739,42.2645,8.081151337809999,10.97544584577028,120.46020640581419,463,7346.7559950800005,116.71700987897528,8081.151337809999,3.6956425027114403,69.19234260805692,48.0,153.0,5.227477845203962,-38.0791,25.4751,5.18951930938,7.178577391746735,51.53184678030403,485,4711.865889000001,55.33605129167521,5189.51930938,3.7225771314908678,69.26113367871419,49.0,152.0,5.304546837341313,-126.042,92.2804,13.697088713700001,20.90068475944082,436.8355056329579,454,13734.8057254,416.0235049007776,13697.0887137,3.310329370635453,81.81246752463328,75.0,154.0,6.030520121742276,-33.5574,27.8697,5.75624422229,7.592570775677068,57.646468892330844,484,5360.7290176,57.69121022757358,5756.24422229,3.8896652424466396,69.52655788212961,38.0,152.0,4.419767821921623,-33.2688,32.6803,4.42082516487,6.200966659788173,38.45073753885107,487,4048.85618674,40.9299646341444,4420.82516487,3.4333821509869136,67.62296700328339,56.0,148.0,5.365098995893726,-52.4626,48.2727,8.1544314182,11.513977317474666,132.57125428725942,476,7711.0830052,132.0854515588412,8154.4314182,3.69218984392535,71.14497412244695,75.0,152.0,4.556427249546337,-68.0152,35.5937,4.12552267264,6.6912073340969425,44.77220680156984,491,3791.58279196,57.991169673765135,4125.52267264,2.6554605465644014,67.75081264702472,56.0,147.0,10.16486212486785,-117.094,56.3299,7.59582989979,12.568179615219723,157.9585793541312,471,6557.297007,202.90269479157803,7595.82989979,2.7885298483701244,64.30950349877045,56.0,136.0,9.316703260526477,-120.885,79.9842,11.3265203163,17.15330545167415,294.2355824882952,475,10900.4393288,259.1447721790289,11326.5203163,3.161641243209854,75.13427756916411,48.0,161.0,7.047329760469094,-43.4621,33.6288,6.6683105348,9.15026341630468,83.72708870606772,465,5996.727517,93.78587908390239,6668.3105348,3.790801129150087,66.1669387502825,51.0,149.0,4.74981954317902,-98.576,0.976,48.90492,52.37080174906624,351.296054271936,450,2200.88,221.37143453846613,48904.92,4.333202619451332,6.175060777295959,1.0,20.0,1.8822702098838422,-1016.5,-947.208,978.105718,978.1617631963927,109.63939518047624,447,2693.264000000005,67.48222190656621,978105.718,4.173080618568164,24.764413219257914,1.0,115.0,1.0391941683329835,-299.632,-140.544,206.85490399999998,209.60554333570477,1145.5324882067837,490,3445.7679999999996,683.8158112771538,206854.90399999998,4.431770838523897,6.031637585361128,1.0,18.0,1.4295041783322908,-68320,55580,13089.58,18784.527324369916,342537796.54359996,165,730940,323222390.9038076,13089580,3.7237929657195186,2.66741303601491,1.0,7.0,3.6370358870497497,-40600,84980,15698.34,21643.669014286832,451503494.7836,102,878220,368600956.9467183,15698340,3.912478842001129,3.5673924744648393,1.0,8.0,3.926321361868235,-26740,16940,4697.7,7022.441028588279,47414967.109999985,101,272440,42898800.42601523,4697700,3.9160786476865677,3.0724145910361393,1.0,10.0,3.8077927448791327
5,10,-74.7099,61.3538,9.5893687215,13.675021662970341,187.00604494506516,459,8452.168184,185.5773048294981,9589.368721499999,3.474764870439515,64.65350810995844,18.0,149.0,5.463238146254777,-107.68,105.959,12.843635478869999,20.019091098390682,400.75472157547216,469,11968.037318000002,406.8445094478914,12843.63547887,3.2371746831385284,67.42926538523244,48.0,150.0,5.378865577401579,-57.8543,57.2353,6.066883100910001,8.905044603750508,79.29731879969962,496,5674.4279358,81.90174945674613,6066.883100910001,3.0680287070076804,71.98384824526813,85.0,146.0,6.496800698295627,-86.5973,78.0643,11.9759791167,18.31726511492721,335.5123579006125,477,11488.274014999999,349.6233268804783,11975.9791167,3.5148538152290167,72.47916749103234,48.0,160.0,4.727632616368567,-58.3694,65.4595,8.43788529069,12.451183441724393,155.02684139422445,486,8008.1739404,180.14499037035148,8437.88529069,3.4368182095290836,68.46422585726923,65.0,135.0,5.257291429876674,-83.0735,100.719,4.8662583667199995,9.024775586058732,81.44150422830882,536,4821.116407019999,76.39438725314564,4866.25836672,2.082074543603882,73.62554024506665,85.0,135.0,11.160277509347535,-78.814,63.6233,8.77216027421,12.894951132881786,166.2685796196929,492,7669.7337708,193.7066035967219,8772.16027421,3.3097681534866896,61.24731607780067,47.0,140.0,6.112004550294601,-50.9533,46.0171,5.6748235407,8.454171674726803,71.463375173213,518,5359.2152338,75.26237385694338,5674.8235407,3.234400391960355,69.57247222902238,44.0,152.0,6.0270008654214555,-92.5091,99.965,13.00664921923,20.269809323835933,410.8555978451623,467,12742.654633140002,388.7322195740894,13006.649219230001,3.4113353213680835,74.84849732865915,39.0,169.0,4.931718814071323,-60.803,45.2135,6.4333164839235994,9.043047036054672,81.77473473706085,507,5930.6766516472,83.37339144357507,6433.3164839236,3.2862600436594684,72.31795969417169,75.0,154.0,6.72372926487921,-60.4985,51.6916,4.691781284099999,7.255406573516917,52.640644311946986,527,4615.1508978,58.78986751377874,4691.7812840999995,2.7333786549730257,75.47935423943211,97.0,154.0,8.33840245711751,-55.3509,66.5607,8.78455374114,12.709898174115338,161.53967223932182,472,8098.299042600001,171.09178138913174,8784.55374114,3.526544330492118,67.00661016823402,38.0,144.0,5.236918430672864,-48.3316,83.9788,4.356497860699999,7.356136161344695,54.112730684209986,545,4146.0761569999995,53.32211353949085,4356.497860699999,2.398883583159548,76.41823318428506,72.0,144.0,11.416156275259695,-90.9074,96.083,7.687243144690001,13.386644727977997,179.1907649168782,490,6950.5900151999995,193.80373616389807,7687.243144690001,2.6611071316297936,68.83800893221752,65.0,136.0,7.177526703101875,-74.8853,83.3886,11.926397234100001,17.556908692292538,308.22478732936224,465,10824.7251593,317.22854733923856,11926.3972341,3.589892055742305,69.1982980812743,47.0,162.0,4.749617456096214,-71.8603,56.8034,7.2466900501,11.247290401288733,126.48918294297769,510,6585.350036200001,140.31750101354237,7246.6900501,3.1667889202679067,64.27135384451783,32.0,143.0,6.3891210625953185,-107.848,49.288,41.31164,45.81730360359501,719.9021617263999,412,2726.4559999999997,615.091459319935,41311.64,4.117554402325575,4.332243094634969,1.0,16.0,2.353870514360383,-1016.99,-854.0,961.113578,961.6934125810719,1114.9099858659165,440,3278.3800000000037,419.83037839242985,961113.578,4.125181329373907,7.789318452107132,1.0,36.0,1.0574991849746778,-497.76,-92.72,258.233984,281.7525980835811,12699.736034335743,477,4184.6,3060.6144500861938,258233.98400000003,4.610244327630807,3.2113472832104204,1.0,11.0,1.7666562913195956,-83160,168140,28068.32,40921.07272298711,1478353831.3263998,152,910840,1366459096.8656433,28068320,3.6993661946659504,1.9124390660144508,1.0,6.0,4.108885442427529,-120820,140420,42663.04,48952.71198207511,2294315181.9056,109,1116500,969707397.7885818,42663040,4.122619196659433,3.1081870953252975,1.0,7.0,2.86848254804386,-26460,28560,9866.64,11437.086622037974,128395514.1056,99,326480,83343044.27408616,9866640,4.191907898557629,2.643037013233564,1.0,7.0,2.497139432778983
5,10,-68.0572,57.3169,11.1266587926,15.266961587807598,233.08009366771225,455,9947.9323002,271.5789587895774,11126.658792600001,3.8325700931461166,69.77894060395889,37.0,145.0,4.457809080645843,-110.192,79.766,15.341528893,21.833609065381758,476.7064693432419,475,14499.341333999999,579.8493099021746,15341.528892999999,3.6944682877979367,77.73085726962607,48.0,157.0,5.046898095043514,-51.4288,44.3341,7.8330179501,10.932575755370488,119.52115546665644,463,7517.6797241,131.90433574148724,7833.0179501,3.7112475754791965,75.79590769333028,83.0,153.0,4.7041796142813155,-90.5187,76.0325,13.664037674700001,19.409126349594573,376.71417608866113,473,13258.2728288,464.46810837673684,13664.037674700001,3.733299790753385,81.07980736602664,89.0,158.0,4.663718416253743,-54.6819,70.4882,9.65383238249,13.395665280461367,179.4437889017227,475,8941.91624618,192.56233928006475,9653.83238249,3.6268698067340845,73.99054016392782,49.0,158.0,5.262015624025229,-89.4857,78.7907,8.8626348974,14.18929440852425,201.33606438206894,458,7621.311408,211.2310634906171,8862.6348974,3.024741515910956,68.69536160375574,41.0,140.0,6.306564472031905,-54.6237,57.8215,8.7709999228,12.05562626476015,145.33811800436163,471,8052.118286,174.8009823028713,8770.9999228,3.6373558297317636,72.7171875247891,49.0,152.0,4.796225325018432,-50.0673,61.2183,7.04474507241,10.51122803157573,110.48589501258354,472,6543.509781000001,122.77033949314901,7044.74507241,3.335549404559227,71.8079969273469,73.0,150.0,5.824086378499279,-113.164,97.6343,16.1899388265,23.430010359864937,548.965324661179,459,15167.8098672,684.6292309666258,16189.9388265,3.630261450806886,74.76586889951751,46.0,149.0,4.829874091470625,-39.499,45.7568,7.896344075570001,10.763374474274741,115.85020049861636,482,7498.077281,133.75858443353053,7896.344075570001,3.893251837424952,74.42791336140726,48.0,154.0,4.251157488700419,-34.5596,38.8038,6.4958848374,9.117006586776832,83.11980128108748,486,6107.8609884,98.74708432939174,6495.8848374,3.81555311467922,72.93994440558357,48.0,149.0,4.256199623271135,-62.2295,66.9018,10.3941781275,14.255756709916383,203.2265284365233,459,9833.9702102,234.94983991410112,10394.1781275,3.698719756617502,75.22333720401481,48.0,154.0,4.69296729464124,-69.713,42.8295,6.452155927550001,9.875264661983701,97.52085155725288,492,6102.459103900001,111.4943568433592,6452.15592755,3.184775063751729,78.21484828301669,83.0,151.0,7.059355104513862,-121.994,88.7702,12.126078050379999,19.173196025084067,367.6114306423111,436,10578.541747399999,368.9497764956043,12126.078050379998,3.166019311178937,71.37935255535803,41.0,145.0,6.3627368040464765,-93.517,84.0637,12.568832577,18.2319626492378,332.40445926990486,443,11911.1692712,429.1439389379482,12568.832577000001,3.5168157342982163,78.64123239423854,67.0,153.0,5.129288700243665,-65.1489,76.506,8.82959201769,12.927552500027238,167.12158413914153,444,7908.19464806,178.76991318437197,8829.59201769,3.3341716244551973,71.0450428625498,49.0,143.0,5.918057575077634,-76.128,29.28,22.476791999999996,26.617539388005046,252.85842218233597,368,2484.8959999999997,296.7750288615485,22476.791999999998,4.162151361800717,9.625507104497744,1.0,20.0,2.8600690278045158,-979.416,-877.424,948.32796,948.506831385027,339.28946630239966,406,3197.8640000000005,344.55358949397845,948327.96,4.227539121471379,13.182841394335433,1.0,48.0,1.0325871860826126,-442.128,-231.312,320.05528799999996,322.91654896558026,1839.7102190770559,425,3506.28,1361.420629695645,320055.28799999994,4.392370660781401,4.880278290279683,1.0,15.0,1.3691710796993761,-90580,88060,19412.68,27503.456626395164,738200052.0944,125,886480,915904353.7406492,19412680,3.903259300476603,2.519636547158774,2.0,6.0,3.293404215711201,-46760,104720,20480.74,28583.79797717581,701461116.5884,80,1195460,743002843.1822318,20480740,4.153466190427002,3.730344592281137,1.0,14.0,3.6636139145546376,-23520,23240,6984.32,8879.002646694053,63294170.24000002,85,327740,72118841.73582478,6984320,4.2148004281468765,3.130105291727072,2.0,8.0,2.64894616387543
5,10,-78.05,72.1296,14.7508795804,19.566865810897255,382.8613432920583,441,14169.6330454,390.7533635503379,14750.8795804,3.972506559137664,73.78129993734034,69.0,147.0,3.988886148364757,-104.339,118.922,20.446292885269997,27.996352150511594,783.7883835116459,452,19930.189154139996,757.1244403334475,20446.29288527,3.871284412435586,76.523554701856,69.0,149.0,4.247767686327909,-98.8483,80.8906,9.5804131022,14.777099210111425,218.36254700625412,467,8644.560035999999,284.5815159239797,9580.4131022,3.080774033809183,68.720366606371,32.0,147.0,6.689289866333288,-94.9436,125.371,19.61543716027,26.67485587836039,711.5387883328937,432,19304.8513478,717.5563809284959,19615.43716027,3.828776452725053,79.41759884140914,69.0,149.0,4.699969160909525,-93.6055,84.3358,12.43661308695,17.628913601248193,310.7759971238543,456,11696.953536279998,366.565705962606,12436.613086950001,3.481483745623165,71.075571521359,76.0,154.0,5.3097713289247945,-114.644,96.646,11.385762903409999,19.977715157771076,399.1090701367438,464,10629.729167,548.9316750272222,11385.76290341,3.01624340346949,73.23263179600734,32.0,140.0,5.738594183299533,-80.8019,62.2106,12.73634367,17.106491271135194,292.6276197392831,444,11224.601636399999,298.85666409805526,12736.34367,3.8288159971738853,65.4530392737903,22.0,143.0,4.723464252212953,-52.2913,60.4616,8.08334889489,11.286061703188789,127.37413280223569,446,7487.02762302,150.47226812340233,8083.348894889999,3.5222809296170317,70.49443226660891,22.0,154.0,5.3571920471529095,-124.945,119.547,23.9533690982,32.39713941676105,1049.5676035416639,447,23624.792706,929.6645732165719,23953.3690982,3.9734187498069824,77.65678901380495,69.0,152.0,3.8566676641629103,-62.482,69.7418,9.86255621863,13.854580377428716,191.94933531030145,471,9235.32493154,226.53332144919267,9862.556218630001,3.5845714546319307,66.59927089267984,31.0,145.0,5.0338442666672405,-115.892,57.1618,8.19351327515,12.950539848741663,167.71648177563958,476,7716.783402,225.7793990974517,8193.51327515,2.9043200507408304,71.86025407326439,69.0,140.0,8.948816138445427,-65.4739,76.579,13.205759378800002,17.9532270848797,322.31610295130696,440,12453.5346896,337.29603009360443,13205.759378800001,3.8920306365653405,72.75675641567392,73.0,146.0,4.265472699584757,-130.399,77.8825,8.380629484830001,14.595436891225038,213.02672353210346,475,7955.0604996,300.54103661444475,8380.62948483,2.6565912113595678,73.028487008512,32.0,143.0,8.934230675780423,-211.223,127.276,14.9556629732,26.19824684684089,686.3481366927133,457,13610.7739036,966.8460678486618,14955.6629732,2.7791888637675752,72.53372069163343,32.0,152.0,8.062486060034598,-100.968,88.2624,19.5024582361,25.908858405735746,671.2581133809895,427,18002.0798722,579.7690145785442,19502.4582361,4.037350228536833,72.2575209024865,68.0,148.0,3.8970454976760975,-96.3741,66.6231,10.7088729239,15.143136706492696,229.31259160486422,435,9548.958359799999,270.81571245510725,10708.8729239,3.4154560829411946,67.52277100109693,62.0,147.0,6.364209864042178,-6.832,592.92,60.230424,66.55364861090638,803.3299585263999,421,4528.639999999999,994.502647641641,60230.424,2.075049101437344,74.90964388316829,1.0,229.0,8.908903003446097,-1541.59,-846.68,939.6127700000001,940.0907088913261,898.3833967230998,438,5669.588,961.8935647453308,939612.77,1.8548560001706162,102.88008737850387,1.0,236.0,1.639831119933137,-1240.98,43.432,341.355508,345.76605150338287,3089.874994641264,442,8132.512,2882.276819591518,341355.508,2.0621238581293926,67.20063179582691,1.0,230.0,3.589074157524278,-95060,134540,18154.92,27043.435846800236,726649452.8495998,136,1152340,731647583.8443856,18154920,3.550653517268122,3.5301856259504025,1.0,9.0,4.974959571045729,-246540,258440,14712.32,22596.143122223315,508137585.6704,140,2053100,590833225.7489789,14712320,2.1631475871543335,25.284613297905928,1.0,107.0,11.437350108914126,-44940,34300,8836.94,12591.380051447895,157843587.7116,69,553000,150001331.99162486,8836940,4.027080846741146,3.7398333051383896,1.0,9.0,3.569108375442317
