2.71841,-2.33445,1.03496,1.85452,5.8009,9.80151,3.14704,0.334318,-0.895778,-4.69322,5.88773,-1.27264,15.6001,-1.54969,4.80777,9.0389,2.928,-814.96,-582.184,1820,-2100,-420
10.5741,8.96617,5.57592,9.88416,13.8097,13.5356,7.54698,4.3843,5.38148,-1.04859,8.31265,7.06292,18.6965,3.32816,10.3755,11.9151,3.416,-813.496,-581.696,2100,-1960,-280
13.1806,10.5867,6.32831,6.78975,14.8346,14.4718,5.80057,6.52588,7.77643,-1.49967,11.0133,8.64983,16.2473,5.99436,5.28902,9.47109,3.416,-811.544,-584.136,2240,-1820,-420
10.1091,9.10952,3.96903,7.66046,11.4732,14.3826,9.0431,10.3583,6.81384,-4.08542,8.37554,4.38279,10.7157,8.06357,6.9384,8.78523,1.952,-810.568,-578.768,2380,-1680,-420
2.79816,4.169,-0.552365,3.61028,4.6663,9.73425,6.05236,10.0568,2.88147,-9.69981,1.54705,-1.68264,-0.0807222,3.97119,2.86518,2.18497,0.488,-812.032,-579.744,2660,-1400,-700
-0.94986,-0.00986876,-0.49049,-0.4092,0.303053,4.60895,0.411622,9.12089,-0.2878,-10.6499,0.809207,-2.83764,-6.39923,1.28618,-3.39007,-3.30022,3.904,-811.544,-581.208,2800,-1400,-560
0.157387,0.907815,0.255458,1.4859,0.976297,1.01716,0.439733,6.8654,1.61509,-5.80951,3.71303,-2.12335,-14.7915,3.0912,-1.4211,-2.74657,5.368,-814.96,-577.304,2800,-1540,-700
-2.92868,-1.21315,-3.16978,-3.34366,-3.43792,-5.59648,-2.07643,3.14807,1.07629,-3.27986,0.171283,-1.5906,-21.8885,-0.384058,-3.94494,-4.21586,4.392,-812.52,-582.184,2940,-1540,-420
-8.01374,-4.93307,-5.58459,-7.78093,-7.65769,-8.94947,-3.95901,0.562882,-5.60658,-3.9666,-3.8333,-2.11295,-24.2079,-1.21089,-6.45359,-3.48797,5.856,-807.152,-579.256,3080,-1540,-280
-13.6865,-12.8569,-10.4857,-12.432,-15.5173,-14.6801,-8.59953,-7.23244,-10.6831,-7.25738,-9.71054,-7.33604,-29.8664,-7.89596,-7.38958,-9.06199,8.296,-810.08,-576.328,3080,-1540,-140
-15.5638,-15.2822,-13.5304,-14.492,-19.245,-17.9801,-13.8297,-14.4746,-9.0326,-9.00517,-13.2294,-10.2612,-32.6405,-12.2271,-10.4331,-11.7349,3.904,-809.592,-577.304,2800,-1400,-140
-18.7481,-18.2382,-14.5796,-18.4536,-20.6383,-16.3451,-16.2812,-18.3133,-11.3435,-10.9723,-15.4683,-12.6672,-28.6987,-12.8674,-15.3271,-10.8779,6.344,-808.616,-575.84,2380,-1540,-140
-13.6802,-13.203,-7.37962,-12.1719,-14.5742,-13.3818,-8.65071,-18.9571,-8.75412,-2.90152,-9.46988,-7.90676,-21.1239,-9.27006,-8.59374,-5.92932,5.856,-808.128,-578.28,2380,-1680,140
-0.135129,-3.6127,0.719296,-2.27573,-6.32479,-9.35604,-1.76929,-16.8918,0.631769,8.06076,-0.593863,-0.165112,-11.7321,-3.72519,-0.767195,-1.48452,3.904,-810.08,-579.744,1960,-1540,0
5.11345,1.55301,4.81865,-0.137887,-2.09664,-7.01687,-0.779795,-13.4877,5.7155,12.3067,0.680746,3.28564,-2.10102,-1.9781,0.97462,-0.732997,4.88,-813.496,-575.84,1960,-1400,140
3.53661,1.56365,5.5099,-2.43338,-0.399931,-1.7869,-2.7779,-7.32663,4.07109,10.7303,1.8485,1.43681,3.38744,-0.307013,-2.45763,0.654844,4.88,-815.936,-579.744,2100,-1400,-140
-2.85408,-2.43188,1.89466,-2.85267,-1.03571,-3.18643,-5.76603,-6.99175,-4.4498,3.57436,-0.232213,-3.61958,4.97548,-3.19967,-2.97237,-1.27054,7.32,-817.888,-578.768,2520,-1260,0
0.77846,1.26626,4.28992,-0.953031,5.00815,0.516235,-4.58545,-4.42948,-1.26614,5.74356,3.88059,-0.638049,12.9621,1.07949,-5.88844,-1.245,5.856,-817.4,-578.768,2800,-1260,0
-3.21771,-0.226228,-0.384189,-0.414584,5.12714,4.04537,-2.52367,-0.729453,-3.99745,-4.91478,-3.12752,-3.30455,16.0658,1.49219,-3.89607,-1.8384,5.368,-820.816,-579.256,3080,-1120,140
-2.21019,5.88667,-0.0117556,12.4803,12.5312,7.10312,9.84764,6.92564,0.760843,-11.3428,-8.9827,-1.35412,17.9202,4.83567,11.7848,2.98379,7.32,-819.84,-575.352,3360,-1820,420
3.43505,7.82136,3.56158,16.2346,15.3685,11.1044,13.115,9.98877,2.77545,-2.0951,-1.29704,1.65107,22.1635,9.56551,13.044,3.76555,8.296,-819.84,-575.84,3640,-2380,280
3.71838,0.365623,-0.775566,7.10619,4.63298,9.83883,4.82824,7.37971,-2.69783,0.587876,0.849302,-2.50124,21.7572,3.81342,3.45244,-0.620283,3.904,-815.936,-572.424,4060,-2800,420
7.66675,0.822179,0.564475,5.8554,1.37074,8.3904,4.52355,8.8129,2.15962,3.4742,0.602423,-0.265287,18.8465,4.03046,3.69342,0.657686,3.904,-819.84,-572.424,3780,-3080,420
6.9851,3.27555,1.2,7.83622,1.68957,4.50439,5.79732,9.07289,3.04293,0.284628,0.509872,1.02704,13.6075,3.98241,6.74616,1.73218,2.928,-818.376,-571.448,3640,-3080,560
8.29037,3.38675,1.91466,4.56454,1.40941,2.91074,4.04755,9.75326,4.11754,2.50491,4.17521,3.08379,12.0923,2.70699,3.46683,0.832038,5.368,-818.376,-569.984,3640,-3080,280
4.15296,1.29327,0.388248,-2.70773,-0.0134529,1.21238,0.193461,9.68522,1.89094,1.93673,4.71516,0.431649,4.85698,-0.0703205,-1.30746,-2.44672,3.904,-814.472,-570.96,3220,-2940,420
0.916189,1.24426,0.0222073,-4.42706,-0.990315,1.34791,-0.231525,12.0724,-0.739742,2.38698,3.00017,-0.256851,-0.0310944,-0.974113,-1.3754,0.616486,4.392,-813.496,-570.472,3080,-3080,280
-0.219203,1.42461,-0.656208,-3.61917,-2.8539,-0.213407,-1.69226,7.61651,-1.99252,4.89873,1.32767,0.214354,-5.05374,-1.93993,-1.57185,2.44097,4.88,-814.472,-572.424,2800,-3080,280
3.39548,5.82852,0.459105,1.34685,-1.22962,0.759625,-0.916853,2.73265,4.49731,7.3101,2.29628,3.11002,-8.95781,-0.179375,0.0705984,3.73267,4.392,-816.424,-575.84,2660,-2940,420
4.55401,10.7872,3.08939,8.66516,3.9366,1.4812,3.47381,1.1417,10.7165,5.81173,-0.250259,7.50565,-8.76982,3.57945,8.97712,8.31315,2.928,-814.96,-571.936,2380,-2800,280
4.83739,12.0338,5.04158,9.87746,7.87655,2.7474,5.16478,0.658539,11.0694,3.56528,1.69477,10.1174,-8.34829,5.37441,9.9745,9.57794,5.368,-812.52,-573.888,1960,-2940,140
2.2482,5.349,2.61852,3.08559,2.96132,1.40802,1.45332,-3.02752,6.78854,2.08375,4.68215,7.17846,-13.548,2.75562,3.22655,5.97331,7.32,-814.472,-576.328,1820,-2660,0
-1.61265,-0.646197,-1.11185,-0.805265,-1.04303,-1.94684,0.236822,-4.34732,3.53365,-2.66721,-0.00534505,4.16735,-13.3039,-0.367083,1.37812,3.16087,3.904,-814.472,-575.84,1820,-2660,-140
-0.779311,-3.27091,-1.6036,-3.82801,-5.0461,-2.64156,-1.43651,-4.23805,3.79356,-1.83647,-0.180087,1.78192,-6.79592,-2.04739,-0.508773,1.63625,4.88,-813.008,-574.864,1680,-2520,-280
-5.45913,-8.78169,-3.42769,-9.30549,-10.4571,-6.05099,-5.22437,-5.95615,-2.37048,-5.01788,-1.46262,-2.81439,-1.63848,-6.63161,-5.63638,-2.28541,4.392,-814.472,-572.912,1400,-2660,-420
-1.61776,-4.59577,-0.227115,-6.94093,-6.40294,-2.81988,-1.51154,-3.05642,-0.539581,-0.944029,3.21943,0.134934,2.02551,-3.555,-3.6956,-1.70826,3.416,-813.008,-573.4,980,-2800,-420
-4.12489,-6.30867,-0.139827,-8.87885,-6.98155,-1.41785,-1.66482,-1.32122,-4.60877,-3.58065,2.34054,0.811635,2.44209,-3.66382,-4.9951,-4.42959,2.928,-815.448,-574.376,980,-2800,-420
-5.86007,-8.34813,0.33415,-9.00241,-4.30769,-1.82711,0.10844,-0.321285,-9.11232,-6.02015,1.48893,2.19974,3.32466,-2.55503,-5.25398,-4.35592,0.976,-809.592,-570.96,700,-2660,-560
-9.53875,-12.9262,-2.05225,-15.2789,-5.50476,-3.84988,-4.93458,-3.03,-16.5005,-7.05738,1.98303,-3.99788,0.160403,-5.82853,-13.0785,-10.1973,0.976,-813.008,-571.448,0,-2520,-560
-11.8295,-15.0577,-4.07658,-16.8954,-4.6545,-2.83735,-7.037,-1.19612,-21.2752,-5.70095,1.26763,-6.88126,2.23783,-6.54216,-14.9386,-11.8834,-0.976,-810.08,-569.496,-140,-1960,-420
-3.55532,-2.45994,-2.63123,-3.87631,3.89905,-0.439472,-1.7648,1.56565,-10.0514,-0.0214814,2.32545,-3.4848,1.20636,-1.87784,-2.01417,-6.31928,-1.464,-807.64,-569.984,-700,-1260,-280
1.07522,6.32699,-1.3224,6.09028,8.73994,-1.05945,-0.172637,-0.0396081,-1.96805,1.80269,-0.872397,-0.709065,1.47797,1.74749,4.98229,-6.30584,0,-805.688,-573.4,-1120,-560,-140
7.57484,12.877,4.68418,15.6924,15.7896,3.09694,5.79295,0.551436,5.05839,6.70117,1.84711,3.93507,5.14233,10.1378,10.2129,-1.59172,-2.928,-807.152,-576.816,-1820,140,0
8.52867,9.98802,4.80503,14.1827,13.286,2.85992,4.20871,1.07645,6.48792,5.05999,2.41362,0.234311,5.5464,10.5876,5.1376,0.150443,-2.44,-811.056,-577.304,-1820,700,140
9.28208,6.7138,4.08592,10.3409,7.70328,1.87867,1.81917,1.85494,10.5465,4.07997,1.94357,-3.01079,4.8402,7.94673,1.26251,1.50852,-6.832,-809.104,-579.744,-2240,1680,280
3.98413,3.9729,1.93477,11.1167,6.28316,1.61183,5.01109,0.806269,7.07025,0.156727,-3.42742,-5.12519,-1.95026,5.39583,5.31851,4.11784,-4.88,-810.08,-582.672,-2380,2380,560
-0.692946,1.03228,0.115193,9.31553,3.18303,-0.162777,4.55523,-1.3983,5.60929,-1.08937,-6.43608,-5.86496,-9.06577,3.43944,5.8539,5.32498,-7.808,-814.472,-582.184,-2100,2940,700
-0.849628,0.931532,-0.955256,7.48541,-0.598946,-3.26616,0.536776,-3.88133,8.02569,-1.89838,-8.60562,-4.91336,-12.3296,0.361126,3.17423,2.54681,-5.368,-813.496,-581.208,-1820,3360,840
-4.0427,-4.62611,-4.51137,-0.402473,-7.35225,-4.8214,-6.31441,-7.08598,1.27368,-5.27516,-11.8811,-7.82365,-13.5631,-4.56006,-3.16786,-0.846791,-6.832,-813.496,-583.16,-1540,3360,980
-3.35379,-4.63091,-0.842757,-3.09341,-8.91495,-1.44919,-5.56563,-2.45946,-2.51395,-3.10556,-10.0346,-5.56498,-9.96462,-4.89986,-3.52269,3.96302,-4.392,-816.424,-579.744,-1400,3500,1260
-3.65972,-9.16287,-2.898,-10.3751,-13.3744,-3.00678,-8.9338,-4.64169,-7.54963,-4.11979,-8.66043,-6.52681,-10.5172,-9.24841,-8.15127,3.11401,-1.952,-815.936,-584.624,-1120,3220,980
-5.39871,-11.2431,-4.49059,-16.5075,-15.8149,-4.40119,-13.1821,-8.0493,-7.69595,-5.76181,-9.04559,-3.92495,-7.34447,-14.2693,-12.0268,-0.177226,0,-815.448,-580.232,-1540,2940,980
0.710897,0.623485,1.93444,-7.26722,-6.08634,2.33608,-3.29636,-4.07808,0.708513,-0.68448,0.401292,7.37059,0.559853,-7.02311,-1.87297,4.46803,1.952,-814.472,-578.28,-1960,2520,700
3.80202,4.01707,2.45758,-7.55245,-4.88801,2.68685,-3.31488,-4.58863,3.70075,2.56259,7.58,9.14391,4.02448,-4.94692,-4.17917,4.0698,5.856,-813.496,-579.744,-2100,2240,420
0.809114,1.46291,1.35886,-6.39286,-4.33821,3.02032,-2.26274,-1.17387,1.80749,2.89792,6.5424,8.52739,9.86831,-4.27812,-4.64018,2.36299,5.368,-810.568,-579.256,-2520,1680,0
4.79074,3.86484,1.93431,0.98342,0.196411,5.21032,4.81555,1.09193,4.74654,6.85027,10.7184,8.7081,9.85495,1.84477,1.71395,4.34429,10.736,-813.496,-580.232,-2660,1260,-140
6.19784,8.10478,4.40083,9.10663,8.97434,7.65055,13.7683,5.91103,7.38913,6.74962,11.1486,10.6127,13.8923,8.87723,10.2769,11.775,13.664,-814.96,-578.768,-2800,980,-420
0.441891,2.30738,2.51986,6.30465,9.95056,6.46795,12.0443,3.93371,2.3151,1.52615,7.33918,6.22552,16.1037,7.51235,9.31913,8.2691,12.688,-813.008,-581.696,-2800,700,-560
-4.99624,-1.16426,0.386457,6.20809,9.78226,5.28199,11.1663,2.12653,-4.88359,-0.538622,3.09428,3.414,14.1104,6.74388,11.0002,6.63825,15.616,-811.544,-584.136,-2800,140,-700
-2.13467,0.0804347,0.325385,9.27283,9.16596,5.16986,12.0411,5.27026,-2.92555,1.48414,2.25047,3.06061,11.7797,9.21612,12.7344,6.71222,12.2,-813.008,-581.208,-2660,-280,-980
0.486047,-3.09231,-3.45382,4.75965,2.01599,-0.263182,4.25465,2.97787,-0.383805,2.09362,0.376198,-2.34721,5.87898,5.59333,4.85752,0.0596945,11.224,-816.424,-587.552,-2520,-560,-980
1.79468,-1.64031,-4.68714,3.65153,1.34423,-2.99204,1.42833,4.19108,0.816828,3.07977,0.674448,-3.05028,5.76343,3.09474,2.26019,-2.2801,12.2,-816.912,-582.672,-1960,-560,-840
7.61745,7.4951,-2.54539,8.27992,4.13714,-2.13541,3.32283,5.90939,7.08643,6.53246,5.38685,1.70373,3.20073,5.11926,6.12032,-2.98685,12.688,-813.984,-584.136,-1820,-700,-840
0.415439,4.38844,-6.18423,5.14887,1.73788,-3.75258,-1.54938,3.02046,-2.17189,-0.312416,2.84628,-1.99485,-4.3996,1.45883,2.58947,-8.66846,11.712,-813.984,-585.6,-1540,-700,-700
-3.18488,2.17865,-5.85302,-0.526644,-1.54903,-5.245,-8.4112,0.77717,-5.88841,-5.47334,-0.647063,-6.11839,-7.0997,-2.90857,-6.6234,-15.006,8.784,-814.472,-587.064,-1540,-420,-560
-0.357592,4.78045,-3.34222,-4.715,-4.7038,-3.61755,-9.98899,2.22378,-1.28586,-4.41798,0.0957721,-6.33614,-8.9482,-4.07605,-10.8895,-17.0648,10.736,-817.4,-587.552,-1400,-560,-140
-0.617527,1.69158,-2.18305,-11.0825,-8.35636,-3.81253,-11.7981,4.15665,-0.692173,-4.3257,-0.713487,-6.39087,-9.05865,-5.72764,-15.0279,-17.1654,7.808,-816.424,-587.552,-1260,-420,0
3.35334,2.52236,1.67011,-6.32031,-4.64858,-1.50213,-2.96397,8.24984,4.07109,-1.36019,0.158353,-0.723949,-4.82069,-2.46406,-3.02235,-7.79185,8.296,-818.864,-585.112,-840,-280,280
-0.0637652,-3.02793,0.679657,-6.28298,-4.63669,-4.75681,-1.73163,5.79773,-0.450753,-1.28946,-3.70025,-1.7853,-6.10977,-4.41138,-1.02046,-6.13653,7.32,-818.376,-583.16,-980,-140,560
-3.13105,-4.27605,3.08524,-6.05609,-4.5448,-5.96095,-3.62704,1.09612,-3.55841,-2.43397,-5.30027,-0.874002,-7.91219,-5.16992,-4.02369,-8.13628,7.32,-817.888,-583.16,-560,140,700
-6.51457,-8.69141,2.28473,-10.2907,-7.42143,-6.74708,-8.70854,-2.95167,-8.4532,-5.99804,-7.66609,-5.92612,-11.4065,-8.09802,-10.2222,-11.5779,8.784,-819.84,-585.112,-1120,140,840
-7.18243,-12.9704,0.420526,-14.3438,-7.40068,-4.46045,-11.0513,-3.14618,-9.91286,-7.40789,-7.70009,-9.25531,-8.99331,-6.39951,-13.2411,-9.11005,5.368,-817.888,-585.6,-840,140,980
-1.65171,-5.58475,2.97864,-5.07803,1.11043,1.90382,-1.74472,0.327224,-3.08855,-0.233442,-3.31728,-3.28461,-0.197674,-0.690104,1.43637,3.09289,5.856,-815.936,-583.16,-560,280,1260
-2.36755,-1.53371,3.65986,1.50475,5.31274,2.57702,3.6132,-1.82127,-2.56598,0.867181,-4.29748,-1.28074,0.810358,1.22289,7.73734,8.23836,4.88,-815.448,-580.72,-560,280,1260
-5.75732,-3.02662,2.17143,0.993274,4.42731,2.40261,4.80757,-4.61653,-3.72391,-3.79187,-8.59111,-0.237822,1.57336,0.085141,4.57517,9.07655,6.344,-814.472,-585.112,-280,280,1540
-3.06218,-0.46139,2.80264,4.86985,6.2648,4.00651,7.00902,-4.95529,0.322719,0.00244221,-6.84528,1.5873,0.494908,1.65508,6.70399,12.7665,2.44,-811.544,-581.696,0,280,1820
3.13907,3.89939,7.3149,8.24698,7.91643,6.15817,8.39385,-4.55379,6.69565,5.84118,0.567416,6.0063,2.72794,3.85234,8.74413,13.6145,1.952,-809.104,-580.232,140,420,1540
8.75268,8.28482,9.93931,12.2234,10.8869,8.94421,9.09788,-5.38344,12.0143,11.3629,6.07409,11.2752,4.30942,7.96372,8.77672,14.2185,2.44,-810.08,-581.696,-140,280,1540
3.1885,1.22363,2.8781,4.85019,4.60815,4.81906,0.113328,-8.14518,4.55093,5.61008,4.66222,8.60786,1.56217,3.7822,-1.35997,7.52273,0.976,-809.104,-578.28,140,560,1540
-0.752613,-1.65273,-1.17145,-2.22215,-2.43385,-0.963962,-6.64671,-9.66815,2.32096,0.629048,4.88832,3.68752,3.68447,-2.24395,-9.63966,1.9637,2.928,-811.544,-582.184,0,420,1400
1.75879,1.54607,-4.12866,-0.0660121,-3.39004,-3.42661,-0.687383,-11.2631,4.62832,1.62404,7.558,-0.037778,-3.15366,-0.206898,-2.00215,4.73651,-1.952,-813.496,-579.256,140,140,1400
-1.07138,-1.88318,-6.62415,-1.70565,-5.68011,-4.89946,-1.04668,-8.09758,0.909305,-1.22147,2.32934,-2.69119,-3.59433,-2.05106,-2.56665,5.03503,-0.488,-812.52,-580.232,280,280,1260
-0.212892,-1.02076,-6.05937,3.21508,-2.45833,-3.09626,0.314592,-2.05832,-1.78304,-1.77227,-0.317561,-2.28245,-1.91093,-0.35398,-0.236767,5.42721,-1.464,-813.496,-580.232,560,0,1400
3.08775,3.96251,-2.21786,9.16829,4.33849,0.22188,4.9284,4.814,1.19273,0.401895,-2.18502,1.87222,0.652256,4.70074,2.15969,5.08335,-1.464,-813.008,-578.768,560,-140,1400
3.72115,0.580366,0.075489,0.702904,-0.414471,1.72004,-0.447272,4.15613,-0.692899,3.7353,2.57634,2.19348,4.46126,2.20496,-6.80591,-2.15971,-1.464,-817.4,-576.816,980,-280,1260
0.0557683,-2.24795,-2.92703,-4.73065,-6.95803,0.266024,-1.17996,3.59354,-4.06775,-0.727261,2.27245,-2.79648,1.4436,-1.5618,-4.09339,-5.76194,2.44,-815.448,-579.256,1120,-420,1260
-3.03225,-0.249585,-4.89985,-1.39932,-4.46362,0.631052,1.64034,6.7805,-0.679991,-11.2258,-8.14467,-3.34227,0.927462,-0.390507,1.07854,-4.50367,2.928,-811.544,-579.744,1540,-280,1260
-2.34711,4.647,-3.95578,4.63181,1.89658,4.58008,6.40487,9.71079,0.663941,-10.0341,-8.88739,-0.33711,1.90113,3.89203,8.9722,0.323183,0.488,-814.96,-583.16,1540,-280,1400
1.88834,8.65452,2.30888,8.35825,5.52321,8.20022,8.1882,13.7182,2.96122,1.63195,0.286253,3.51059,5.87367,7.10524,13.4927,4.22858,0,-815.936,-578.28,1540,-420,1400
8.65826,5.46732,2.38851,0.663537,1.66294,4.68649,-0.145386,8.19846,4.25357,10.6372,7.35634,3.16127,5.27358,2.98373,5.79851,-1.78764,0.976,-813.496,-578.768,1540,-840,1120
13.08,10.2333,3.91134,3.77874,5.82217,5.79171,0.3343,5.24975,10.9363,13.1455,12.0047,7.44841,5.28496,5.37518,5.19137,-0.068415,0.488,-812.032,-581.208,1540,-980,1120
7.3514,6.67273,2.61808,2.88063,4.24629,4.593,1.77348,4.82776,5.46303,7.49073,11.8316,6.13256,5.62737,4.11065,4.78908,1.52302,0,-811.544,-577.304,1400,-1260,980
1.90518,3.91739,2.74314,2.05603,2.22988,1.32627,2.30952,4.03109,-0.140789,5.22979,10.8895,2.12781,4.77907,1.84689,5.18433,1.47992,1.952,-809.592,-578.28,1260,-1260,980
-1.66102,0.757901,1.64907,2.43333,1.91929,-1.64732,0.795526,2.36431,-3.70127,0.797789,6.4651,0.397063,1.30497,-1.00494,3.49051,0.0434629,0,-812.032,-578.28,1260,-1400,700
0.0695813,0.365615,2.99945,2.33187,2.04968,-3.79162,1.21767,2.45171,0.114605,-0.548509,3.44699,-0.43345,1.22982,-1.89241,3.16668,0.713995,0.488,-813.496,-579.744,1400,-1400,700
-2.24396,-4.72135,1.21353,-4.52189,-3.36873,-7.76737,-4.90107,-3.57341,-4.46029,-2.09532,0.144803,-3.99824,-3.87662,-4.71827,-4.62071,-4.39096,-0.976,-813.008,-574.376,1400,-1680,700
-9.76925,-14.3156,-3.9272,-12.1395,-9.3055,-10.6906,-11.1023,-8.3855,-14.3756,-8.66905,-7.00439,-9.13025,-4.47,-9.32049,-13.3709,-9.85441,-3.416,-813.984,-577.792,1960,-1820,700
-4.5081,-8.31938,-2.03474,-4.57411,-6.54553,-6.36725,-6.27583,-8.54343,-3.71825,-5.17875,-5.60773,-5.01272,-0.656961,-6.28537,-10.565,-8.74418,0.976,-813.496,-577.304,1540,-1960,560
-0.703011,-3.36871,1.21727,0.41403,-4.71136,-2.22158,-2.25958,-6.39471,2.89218,-0.369112,-3.95906,-0.146545,1.75896,-2.82318,-6.51532,-7.34382,0.976,-811.056,-575.84,1820,-2240,560
-3.32524,-7.22697,0.464762,-3.97586,-5.81729,-2.72312,-1.91181,-6.20702,-0.689904,-2.44458,-6.28513,-3.26221,0.0325134,-5.24715,-6.83356,-6.13723,0,-812.032,-578.768,1820,-2240,420
-9.62019,-11.4995,-4.21463,-9.98666,-7.05782,-4.33973,-2.74996,-6.75386,-7.37696,-8.27273,-8.02805,-8.30602,-5.65134,-8.20481,-6.34071,-6.74349,0.488,-810.568,-578.768,1960,-2380,280
-12.5234,-11.3628,-5.38449,-10.1398,-5.47375,-4.50646,-2.61758,-5.73015,-10.9063,-11.5241,-8.99932,-9.73282,-6.92259,-8.75799,-4.32496,-8.126,2.928,-811.056,-576.328,2100,-1960,280
-8.53225,-7.38252,-4.74961,-8.02835,-1.75882,-5.2405,-2.74016,-7.08312,-9.73945,-7.99166,-6.95001,-6.58284,-7.57894,-7.14477,-2.46148,-6.80429,2.44,-812.032,-581.208,2100,-2100,420
-6.57445,-5.3227,-3.59137,-6.62474,-1.93586,-4.07019,-5.78842,-2.92007,-5.18255,-3.94758,-3.1888,-2.9289,-2.31031,-5.67952,-1.73834,-4.00562,2.44,-809.592,-575.84,2240,-2100,280
-0.888419,2.17635,-1.19916,0.932628,2.70099,1.16361,-0.801209,3.17882,3.73924,1.7334,-0.0143702,1.18456,-2.92369,1.45573,3.0986,2.28078,0.976,-808.616,-577.304,2100,-1820,280
5.21832,8.72145,2.9774,3.93749,8.03552,4.53613,2.16839,5.96324,10.3452,6.21548,2.50564,6.72647,-5.68927,6.85428,3.20966,6.13874,4.88,-805.2,-576.328,2100,-1960,280
1.77014,5.3485,2.40462,0.940927,5.41682,2.68138,-1.00039,4.2529,6.28712,4.20425,1.24213,5.44479,-4.82729,2.90845,-0.571683,4.50574,6.344,-807.64,-582.184,1960,-1540,140
1.87872,7.36334,2.08268,4.72342,6.31216,3.66359,1.73945,2.90869,5.1322,1.96369,1.36167,4.57925,-1.90482,4.85268,1.55168,6.14639,1.952,-805.688,-578.768,1960,-1400,280
3.09908,7.46651,1.29217,5.81935,5.5969,3.1998,1.24084,-0.507773,3.86134,-0.710361,-1.40751,4.26336,-0.566532,4.68323,-0.582033,3.13615,6.344,-810.568,-582.672,1820,-1540,280
8.64456,12.3976,5.02715,8.34526,10.0667,4.08262,3.72805,1.64044,9.67424,1.415,-2.61183,8.02009,5.22997,9.31967,0.316206,4.84929,7.32,-806.176,-580.232,2100,-1680,280
9.26946,10.8577,5.96304,7.69752,9.86468,4.91968,5.26314,4.10369,6.08575,3.28115,-4.8987,7.02534,5.6544,10.9751,3.57527,7.64266,2.44,-809.592,-581.696,1960,-1540,280
1.38364,2.12835,4.5544,5.73922,5.29963,4.756,5.81559,3.40574,-5.22581,3.72084,-2.64774,1.30267,5.55493,7.6961,8.11525,6.69855,1.952,-808.616,-582.672,2520,-1260,140
2.49088,-0.229627,-0.0495161,2.14336,-0.367184,1.34386,2.53034,-2.39114,-1.6815,4.21392,-0.100601,-1.37149,2.48988,2.92693,4.57914,3.10488,1.464,-810.568,-581.696,2800,-980,420
2.12758,-2.48106,-4.36575,-2.19311,-5.55169,-0.12154,-1.2825,-3.58453,-3.15173,3.98104,0.170048,-2.97259,1.33889,0.803592,0.84707,3.82365,2.44,-813.984,-583.16,3220,-980,560
-2.64857,-5.40259,-8.54396,-4.50191,-8.31732,-1.32372,-2.27464,-2.02261,-7.36117,-0.635565,-0.522632,-7.1314,-0.944128,-1.14179,0.238815,2.66039,2.44,-812.032,-582.184,3780,-1120,420
-1.34419,-4.38554,-7.98079,-4.0509,-10.1594,-2.24783,-1.2376,-0.0423463,-2.57568,-1.67795,0.66101,-6.57131,-5.68521,-2.90397,-0.86126,-0.96385,1.952,-814.472,-578.768,3780,-1400,420
-1.19584,-4.45921,-4.33996,-4.15433,-10.3173,-0.780187,-0.776501,2.83589,-2.58957,-0.187069,4.65462,-3.68568,-2.09864,-2.87753,-2.37338,-1.54045,1.952,-814.96,-578.28,3920,-1820,560
-3.03792,-4.56549,-4.00091,-3.81486,-9.69572,-0.0808487,-1.19641,1.61738,-4.66859,0.185146,6.37947,-2.87558,-0.6467,-4.46421,-2.68916,-2.26082,5.856,-816.424,-576.328,3920,-1680,560
-0.626632,-2.62846,-1.88099,-1.47289,-8.06761,0.540134,-0.0239427,2.2574,0.0856444,0.670118,8.59636,-0.799328,2.14489,-5.20648,-0.769111,-2.01307,4.392,-816.424,-576.328,3780,-1960,700
3.68667,0.648088,0.890948,2.19872,-3.28998,1.03716,2.32706,2.89741,4.63966,-1.1824,4.88268,1.56026,3.71769,-3.59114,1.65773,0.284483,4.88,-816.912,-579.744,3500,-1960,700
6.7786,2.1174,6.75991,1.45567,1.28326,2.69225,4.10834,4.78148,6.3419,0.370164,4.38716,3.58281,4.74397,-0.415156,-0.369718,2.75983,1.952,-812.032,-578.768,3360,-2100,700
5.13395,0.0697648,7.25299,-1.28959,0.866434,2.2597,1.08662,4.33607,6.33305,-0.0506389,2.71598,2.09674,5.99171,-2.10297,-2.34456,2.15595,3.416,-812.032,-578.768,3080,-1960,840
7.55136,6.61761,8.47252,5.67936,5.27062,4.18178,5.51914,4.58368,11.8329,1.46291,1.46037,6.85576,5.9643,1.37847,6.45678,5.86233,3.904,-813.008,-578.768,3220,-2100,840
5.87467,11.368,10.8293,12.3733,12.5216,6.60112,11.5117,5.33899,11.6465,3.09576,0.935699,12.1709,4.87554,6.99859,14.9525,9.308,1.952,-811.544,-577.792,2940,-2100,840
3.3584,11.3202,12.6028,14.7485,17.1306,7.56447,11.6132,5.26574,7.48552,9.55575,3.60429,14.57,8.03137,10.8209,15.6503,7.80207,0.488,-809.592,-577.304,2800,-2240,980
2.73947,4.2639,7.5796,6.49376,10.3469,3.94786,4.04555,2.43712,2.7344,11.0072,5.65099,9.33412,6.31946,6.00057,5.46171,1.78179,0.488,-810.08,-577.792,2940,-2520,980
1.66783,-2.15468,4.49508,1.31523,5.98561,2.48329,-1.55353,1.15433,-1.63242,9.37147,5.93176,4.22565,5.01273,2.15777,-0.457651,-1.17198,1.952,-810.568,-577.792,2800,-2800,840
-6.14353,-9.15428,-2.7257,-4.31465,0.801197,-0.878892,-5.7558,-4.30114,-7.89247,-1.60606,0.550341,-4.99941,-1.61866,-2.90532,-8.50328,-7.6344,3.904,-808.616,-579.256,2940,-2520,840
-10.067,-11.2822,-10.2436,-4.97625,-4.27806,-7.17105,-9.64566,-8.96108,-9.88779,-8.45898,-5.70432,-11.7732,-5.68766,-9.91276,-11.3849,-15.2721,0,-809.104,-578.28,2800,-2380,700
-4.28209,-0.414056,-8.06836,4.63678,3.21511,-5.31117,-1.47202,-7.72356,-2.87176,-4.61307,-5.13586,-8.17689,-10.5206,-3.47854,0.0333966,-8.51053,0.488,-808.128,-581.208,3080,-2100,560
-3.44435,-0.0800642,-4.36963,-0.838031,1.89159,-5.56469,-5.7629,-9.79793,-4.25552,-2.46866,-3.53283,-7.0383,-12.9771,-1.94202,-6.81909,-8.89732,2.44,-808.616,-580.72,2800,-1820,560
-7.64481,-4.38566,-4.00863,-7.05781,-2.4777,-8.61332,-9.33726,-10.5554,-9.98597,-6.11974,-4.21396,-7.73708,-10.3539,-1.5334,-13.0304,-8.60728,-1.464,-808.128,-580.72,2660,-1400,420
-4.59585,-4.86996,-2.11324,-9.51303,-3.56914,-10.0031,-6.53651,-10.5,-6.24276,-5.0943,-1.84757,-5.49426,-7.78043,0.258023,-10.9147,-4.48014,2.928,-808.616,-582.184,2520,-1400,280
-5.45628,-5.5686,-4.18668,-9.03734,-3.51553,-9.60172,-4.55228,-8.4881,-3.45466,-10.3129,-5.34897,-4.92358,-6.99509,-1.52323,-5.75565,-2.56038,2.44,-809.104,-581.696,2380,-1400,140
-15.2131,-5.61739,-10.3091,-6.83562,-3.70571,-8.626,-2.71006,-5.34959,-8.31267,-24.1372,-16.0134,-8.541,-11.3435,-4.60486,0.187281,-0.939021,0.976,-811.056,-584.624,2380,-1400,280
-14.0702,-1.67007,-8.85032,-4.35398,-4.29434,-7.40195,-4.53626,-1.84894,-7.54679,-12.2533,-7.60337,-5.96353,-7.50381,-5.68846,1.74362,-3.77185,-0.488,-808.616,-580.232,2520,-1400,420
-6.17091,-0.523749,-5.64871,-6.06221,-6.66343,-3.5422,-8.48154,2.77274,-5.52379,0.140548,2.97388,-2.93529,-3.05407,-5.26019,-1.34218,-2.74134,2.44,-813.984,-580.72,2380,-1260,140
7.56236,-2.90718,-1.89032,-11.8896,-10.1923,-2.92463,-13.7978,1.15453,0.820544,9.56951,6.80495,0.171254,1.05738,-6.15773,-8.04152,-6.05258,-1.952,-812.52,-581.696,2520,-980,280
4.68454,-1.89548,-1.31449,-4.21961,-4.02901,0.850989,-3.25804,7.63013,2.06245,2.53436,-1.53038,0.69396,3.09683,-0.591825,-0.0957659,1.93497,0,-812.032,-579.744,2380,-560,280
2.37597,-1.85038,-1.01737,-0.319497,-2.27674,4.53258,4.878,11.5059,-1.70936,-0.725192,-6.2723,-1.26592,5.12715,2.25862,2.60887,4.59568,-3.416,-810.08,-581.696,2100,-420,140
9.62458,3.98392,0.330831,2.04211,-1.18489,6.68421,7.74973,9.41573,5.34019,5.21162,-0.46506,2.27898,7.76965,3.92263,2.96701,3.03762,-0.488,-813.008,-580.232,1820,-140,0
15.2878,11.6464,6.32527,7.53234,2.51526,8.87492,8.31015,9.74381,13.877,12.0908,5.33029,9.67144,13.443,4.68223,5.61418,4.90494,-1.952,-813.008,-581.696,1820,420,0
14.2426,12.6688,6.91617,11.4213,5.04051,9.52054,10.8568,8.09206,14.1317,10.4851,4.35509,12.1384,13.7619,6.16215,10.4877,7.20729,-1.464,-813.008,-583.648,1400,560,-140
9.41112,8.1114,4.13995,8.43154,1.99507,8.04071,8.02114,4.81353,9.7409,4.99634,0.028909,10.5846,11.9609,4.66181,7.60128,8.32891,-3.416,-812.52,-584.624,1260,560,-280
2.44085,0.51269,2.34709,1.98772,-4.67391,5.03906,3.97132,0.974216,1.60566,4.13955,-0.228203,6.23199,9.52162,0.962377,2.16735,5.06109,-0.976,-814.96,-584.136,1120,700,-140
-4.55154,-4.15324,0.696642,-1.33514,-6.52529,4.88869,4.92452,5.05217,-4.01214,-0.2025,-0.566198,1.69227,7.57948,0.389476,3.40585,8.17382,-3.416,-813.496,-583.16,1260,700,-280
-1.66858,-3.54905,0.255902,-2.27504,-7.33721,3.47323,4.38517,5.0203,-2.71212,-0.561682,1.72981,1.22504,6.65221,-2.10625,4.71402,7.67123,-1.952,-816.424,-587.064,980,700,-280
1.86983,1.42307,2.24737,2.07208,-3.65327,4.04048,6.27276,3.01217,1.89254,-1.57606,2.11866,4.4591,2.42931,-0.0788961,5.72485,8.63251,-5.856,-815.936,-585.112,1120,560,-280
-1.60673,-3.33829,1.32387,-2.14491,-6.04619,0.883727,-0.0287286,-2.22964,-3.93879,-2.69659,0.102381,-1.13617,-4.04408,-1.61552,-1.86618,3.64841,-4.88,-816.912,-581.208,980,280,-280
-5.24799,-4.64748,0.485742,-0.626466,-2.88416,-1.93653,-0.80655,-4.63354,-7.96836,-4.78217,-1.60647,-5.37423,-5.52648,-1.06673,-1.02998,0.656981,-3.904,-821.304,-579.744,1260,-280,-280
-3.52216,-1.85967,0.657916,1.74221,1.29123,-3.84332,-3.79334,-9.42413,-3.75719,-0.355265,1.32141,-5.93397,-7.56546,-0.783344,-3.98209,-5.43591,-6.344,-818.864,-583.16,2100,0,-560
-7.74536,-4.4199,1.62812,0.181951,5.61558,-1.50383,-4.33349,-8.49468,-4.75769,0.494726,3.12911,-8.80889,-5.98521,-0.191415,-6.27885,-6.42175,-3.416,-819.84,-583.16,2240,140,-700
-7.48195,-4.56065,3.1211,-2.29293,9.70309,0.795459,-4.81763,-6.61124,-0.242251,2.10447,3.84734,-6.60518,-2.58248,-1.28228,-7.14641,-5.67168,-1.952,-819.352,-582.672,2940,280,-700
-0.592109,1.55209,5.01121,1.09707,15.2852,2.36343,0.582535,-6.88858,7.01798,4.89234,5.19206,-0.942699,-3.35855,0.589624,-2.54201,-2.60937,-2.44,-815.936,-578.28,3360,280,-560
4.52391,6.89967,8.66059,8.37626,19.8955,2.03237,8.34785,-7.29298,11.1985,6.52742,6.94929,3.93889,-4.58171,4.94783,4.84337,2.3881,1.952,-815.448,-574.864,3080,0,-700
3.84142,3.63911,7.22704,7.54292,15.6896,-0.557724,2.68287,-11.1585,7.17531,3.26063,5.47789,2.56305,-7.40779,3.10621,1.79361,-0.336502,3.904,-813.008,-575.352,2940,-280,-560
6.25248,5.23409,8.38667,8.20185,16.1883,-0.263592,-0.98784,-9.96687,7.19285,4.22249,5.34567,6.40763,-4.07822,5.55707,-0.323365,0.813933,7.32,-813.008,-576.328,2940,-980,-700
4.90513,3.97222,6.12579,5.90962,13.7174,-0.488128,-1.45551,-6.63434,2.03976,2.36649,2.36476,6.19001,-3.97913,6.44862,-2.02829,2.20644,10.248,-813.984,-579.256,2660,-1120,-700
4.0257,6.33224,4.3044,9.29411,11.2163,2.58545,3.50155,3.83869,1.09346,1.62793,1.62098,6.85603,-0.860925,9.22466,4.63568,7.16634,8.784,-812.52,-578.768,2660,-840,-700
4.53933,7.17535,-0.137427,8.61803,4.13548,0.00202594,1.39821,5.64629,3.29548,0.602679,-0.53867,6.59719,-1.36203,8.34622,3.91812,4.89959,9.272,-817.4,-584.136,2800,-700,-700
0.0577821,-1.03313,-9.84236,-2.62987,-8.23147,-5.95301,-7.00378,5.26515,-2.81956,-6.98352,-7.55354,-2.87553,-6.38839,1.99728,-4.9851,-2.69698,8.296,-818.376,-585.112,2940,-420,-840
-5.13372,-6.15223,-16.4585,-7.55814,-18.0645,-9.20016,-10.1325,7.7908,-6.15123,-11.046,-10.8278,-10.1086,-7.60838,-5.30826,-3.52727,-7.29215,5.856,-819.84,-583.648,2940,-280,-1400
-8.58761,-6.95495,-19.8573,-8.90297,-21.2207,-10.551,-9.06646,7.5719,-9.83477,-11.8725,-12.0173,-11.8481,-8.52579,-8.7144,-2.02944,-8.93221,7.808,-824.72,-585.6,3220,-280,-1540
-9.749,-7.84484,-18.2382,-12.7548,-23.2442,-10.317,-8.13191,6.539,-10.6901,-9.21899,-9.30864,-11.722,-4.91214,-8.97319,-4.51755,-11.1623,8.784,-825.696,-584.624,3500,-280,-1680
-11.268,-10.0873,-12.1313,-14.302,-22.2654,-6.44562,-5.46102,8.78894,-12.5075,-8.21992,-7.15525,-11.6689,-1.33068,-8.96197,-4.50567,-8.99732,9.76,-824.72,-583.648,3640,-700,-1680
-8.28447,-7.97069,-7.59778,-12.6818,-20.6872,-3.70553,-4.77766,7.16843,-5.80657,-6.94574,-2.78532,-7.89778,1.52282,-10.6874,-3.55239,-8.84427,12.2,-821.792,-580.72,3640,-700,-1680
-2.85108,-2.8192,-0.869432,-10.3697,-14.9394,-0.00912046,-3.17664,4.84956,0.284462,-4.52649,0.994087,0.0337931,6.8061,-10.0946,-3.12891,-7.43384,8.296,-820.328,-580.232,4060,-1120,-1680
4.84522,5.25276,7.51996,-2.73366,-3.17836,5.2107,3.83727,7.03204,3.61871,3.41048,7.50916,8.89235,9.10504,-3.8686,3.54313,-0.531472,7.808,-818.864,-577.792,4060,-1680,-1400
5.65482,5.58142,8.66861,-0.904352,2.83061,6.03464,7.82065,6.58025,-0.304998,5.14103,6.80274,11.3994,12.1028,-2.25087,6.75182,1.97428,6.832,-814.472,-576.816,4060,-2100,-980
4.42972,3.03787,5.94681,-2.10103,7.43583,6.39308,8.58153,2.83299,-5.65939,5.96583,3.52787,9.60862,10.6919,0.536898,4.71989,3.79426,1.464,-810.568,-575.352,4060,-2100,-700
3.70687,1.26819,3.49258,-0.471448,8.11315,6.51291,5.38331,-2.18532,-3.28461,7.02152,3.32522,4.09111,8.8137,0.976156,2.55195,3.88194,-0.488,-811.056,-579.256,3640,-2240,-420
7.14958,3.06125,3.4371,4.82135,9.17766,5.3841,6.07786,-5.3128,2.2029,9.54597,5.15434,3.91929,9.37765,2.13964,6.1444,3.60489,-0.976,-813.008,-577.792,3640,-2100,-280
13.4577,10.4254,7.38851,15.0223,15.9369,6.91083,11.7968,-3.53392,12.3805,11.9834,7.25149,10.2201,12.779,9.50608,14.0341,8.30562,-4.88,-810.08,-580.72,3360,-1540,-280
9.43973,6.99818,5.49032,12.5585,13.5591,4.43615,6.74367,-3.58777,9.72906,8.55294,3.39154,6.24906,10.8437,8.32921,8.23859,5.33125,-3.416,-813.496,-579.256,3080,-1120,-280
5.3634,3.53909,3.993,9.63537,11.0443,3.66675,4.22573,-1.53583,6.81993,6.82743,2.7686,1.53722,6.04966,6.85974,3.18917,3.31794,-2.928,-816.912,-580.232,3080,-700,-280
1.79021,-0.594991,2.77653,3.28328,7.27041,-0.0592391,-0.771498,-5.08728,5.55618,3.69398,0.748282,-3.05717,-1.398,2.61322,-4.12681,-1.2645,-4.392,-814.472,-578.768,3220,-420,-280
-5.66839,-6.28059,-0.717501,-1.58953,1.25825,-5.00003,-6.32975,-6.59306,0.78368,-3.03342,-7.0444,-6.98076,-7.53661,-3.88458,-8.64228,-5.78588,-8.784,-819.352,-577.792,3360,-420,-140
-8.62689,-6.85096,1.35931,-2.97227,-0.774614,-5.13999,-7.3203,-4.78743,-0.921183,-7.43171,-11.2857,-6.43772,-7.28137,-4.04112,-11.6479,-5.8104,-4.88,-815.448,-578.28,4200,-140,140
-5.67497,-3.05797,3.41411,-1.91266,-2.22233,-5.21341,-4.84498,-5.6846,0.20995,-4.2965,-7.62758,-5.74812,-9.87447,-1.07284,-8.7469,-2.69838,-8.296,-812.52,-580.72,4480,420,420
-6.93877,-4.27264,3.1313,-2.3165,-3.9253,-4.55125,-4.97818,-2.68885,-4.25942,-4.50394,-7.02969,-5.59234,-8.85244,-0.230169,-8.90984,2.79296,-7.32,-812.52,-579.256,5040,700,700
-13.3533,-15.1043,-3.30802,-10.2083,-11.3671,-5.49966,-11.5384,-5.07855,-15.8095,-8.5907,-9.5246,-13.1318,-11.3033,-5.56857,-13.4257,-0.144369,-9.76,-812.52,-579.744,5320,1120,980
-11.8213,-14.2079,-6.63752,-7.43981,-9.20546,-3.72636,-7.38415,-2.21066,-13.2941,-8.6295,-10.089,-14.126,-9.78221,-4.24343,-5.80194,1.71293,-8.296,-811.056,-579.256,5600,1120,1120
-3.99092,-4.21139,-4.6408,-1.31016,-3.76774,-4.28768,-4.61154,-4.53404,-2.5139,-5.86371,-8.31779,-7.47673,-12.3251,-1.50203,-0.100884,2.69513,-4.88,-810.08,-577.792,5600,1400,980
2.6597,2.50932,0.578021,3.19271,0.098534,-2.35952,-0.780213,-4.1871,5.3269,-0.773188,-4.24122,0.628138,-8.81166,0.570494,4.92953,3.73434,-7.808,-810.08,-578.768,5740,1260,700
8.8666,8.42476,6.50821,7.63002,6.30993,4.53439,5.26868,2.11817,10.6479,6.58415,5.48214,8.83943,0.824789,5.99964,9.36769,6.1358,-4.392,-811.056,-581.696,5460,1540,560
8.12365,9.47259,3.5618,7.57745,8.22028,7.11631,6.76856,4.15195,10.4756,7.05533,10.9705,9.36111,-1.48068,6.72024,10.1039,8.49068,0.976,-813.496,-579.744,5460,980,280
-0.8998,1.67682,-6.59444,-2.73387,1.34277,2.10392,1.33835,0.450535,1.33024,-0.982616,8.79932,3.3457,-4.52875,0.846039,0.510357,4.67015,1.464,-813.008,-577.792,5320,1120,0
-0.792105,2.49815,-7.96879,-2.45572,2.10745,4.23382,3.30006,0.369472,-0.788309,-3.3383,7.53768,3.81715,-3.56842,3.0042,0.329065,6.10259,4.88,-813.984,-577.792,4900,840,-140
6.33457,9.43421,-0.946196,2.12398,4.91152,5.99687,6.05845,1.87752,5.88935,1.31527,11.0569,11.4432,0.226693,6.57603,1.57328,7.00733,3.416,-812.032,-580.72,4900,700,-280
8.40195,14.2867,2.59207,7.2048,6.49903,4.15654,10.2811,2.29654,9.36986,4.53833,14.6812,17.1862,3.9915,9.61451,5.83008,7.36299,4.88,-815.448,-583.16,4760,420,-280
7.09377,11.9086,2.9992,7.66477,4.12995,4.58451,9.69298,5.44112,7.48886,4.77413,14.9685,14.3974,5.42807,9.48491,6.12225,5.50135,8.296,-815.936,-582.672,4340,840,-420
0.77645,2.06935,0.821276,-0.721159,-5.30365,0.413735,0.411659,4.5919,-2.07554,0.0719762,12.8661,5.37285,6.72994,1.13426,-1.24037,-2.16701,6.344,-815.936,-584.136,4340,560,-420
-1.34573,-2.14634,-0.387509,-2.22207,-6.87475,-1.66603,-1.94563,2.89637,-5.56015,-3.73667,9.61497,1.5077,7.53822,-2.85543,-0.507882,-3.78363,7.808,-819.84,-581.696,4340,560,-420
1.23488,-3.1567,0.324194,-2.56212,-6.57958,0.0980351,-3.48944,2.17471,-2.62345,-3.79571,7.45997,0.121584,12.4066,-6.22073,-1.05837,-6.44002,7.32,-821.792,-579.744,4060,560,-560
1.83228,-3.12297,4.72831,-0.885932,-2.47786,3.78532,-1.34894,5.3441,-1.64672,0.44287,3.91997,0.699995,18.1761,-5.06832,0.0238959,-4.77949,7.32,-824.72,-576.816,3920,420,-560
-3.29785,-5.21348,3.67063,-2.18511,-1.78356,4.87549,-1.77934,4.94336,-6.37417,0.483847,-3.75249,-4.39558,16.4256,-5.16186,-1.2242,-6.76432,5.368,-820.328,-573.888,3780,140,-560
-2.03977,-3.51158,2.72724,-1.45911,-0.788953,4.42772,-0.345409,6.81107,-3.90547,3.71569,-8.58007,-6.17728,14.1538,-3.84278,1.58207,-6.01658,6.344,-820.816,-574.864,3640,-140,-560
0.681764,-0.141835,1.39824,0.741366,0.741474,2.77863,4.15609,6.79776,-0.669274,4.5176,-11.8443,-5.93082,7.16032,-1.4232,6.83494,-2.3211,6.344,-817.888,-576.816,3640,-280,-560
1.0431,-0.702424,-0.801539,-2.27123,-2.90283,-1.20626,1.11765,0.623898,-0.760616,3.74783,-14.5495,-5.65162,2.62855,-2.62094,3.86618,-3.82521,8.296,-816.424,-575.84,3640,-560,-420
-1.17042,-2.05691,-4.17172,-5.38165,-5.82252,-4.91176,-5.06494,-2.93645,0.187457,1.4577,-17.2744,-7.84315,-1.79237,-3.93561,-1.22997,-5.44612,7.808,-815.936,-577.304,3220,-840,-280
-5.3494,-3.10414,-8.0872,-5.46938,-5.38386,-8.40458,-5.0261,-3.7426,-0.589687,-9.79219,-25.0854,-13.0102,-9.27498,-5.09902,-3.94272,-5.78024,8.784,-812.52,-577.304,3360,-560,-280
-11.7324,-7.04656,-7.98808,-4.65255,-6.35126,-11.2555,-6.45937,-4.32547,-7.1424,-12.6923,-24.2204,-13.5699,-12.3822,-7.0824,-6.76842,-6.63993,8.784,-814.96,-578.28,3080,-560,-140
-7.80532,-3.9814,-7.63383,1.60151,-3.50123,-11.6737,-4.08068,-6.7415,-8.02764,-3.56004,-9.63699,-11.6044,-14.4903,-5.91392,-2.0641,-6.57896,7.32,-813.984,-581.208,3080,-280,140
7.35103,1.24546,0.652542,6.7722,2.83914,-8.79616,-1.23785,-7.39247,1.25178,7.75749,4.56981,-2.63825,-13.0407,-0.285143,1.19042,-4.33382,6.832,-812.52,-585.112,2940,0,420
0.497259,-2.88789,0.604415,4.40262,4.03523,-6.13992,-1.96956,-5.85726,-2.06131,-0.974096,4.68569,-1.10072,-14.0906,-0.0347523,-0.928706,-4.18169,8.296,-809.104,-582.184,2940,420,560
-2.48508,-3.01903,-2.16352,2.64991,3.7236,-3.41946,-2.82005,-4.06658,-2.90293,-4.81273,6.27138,-0.614393,-15.3721,-0.9879,-3.24834,-4.95911,6.344,-813.008,-582.672,2940,1120,700
0.462672,0.204016,-2.05904,1.41492,3.39597,-2.0604,-5.78242,-3.132,1.24402,-3.07138,8.6008,1.45592,-13.1955,-3.06582,-5.23673,-4.01506,3.904,-811.544,-582.672,3360,1540,840
6.50817,5.54093,2.29496,2.67353,5.06428,0.163946,-4.4451,-2.0496,8.70333,1.93811,11.7984,5.78789,-10.6772,-1.40832,-3.95058,-0.544491,4.392,-812.52,-580.232,3640,1960,700
4.47188,1.89656,2.98683,-2.54297,3.39929,0.79101,-6.60123,-3.60366,5.08634,5.05554,10.4919,6.25178,-7.60532,-0.906563,-8.91401,-1.89014,2.44,-814.472,-581.208,3920,2380,840
2.4107,-1.4567,4.96441,-4.98682,5.70065,3.88412,-2.0919,-2.30792,-0.61745,7.37842,9.12028,5.60163,-0.787653,2.07544,-5.81026,0.961326,2.928,-813.984,-578.28,3780,2520,980
-1.81503,-4.78227,5.40309,-4.04979,7.42525,5.96048,5.82362,-1.3832,-6.28646,6.1916,4.57449,4.64391,3.51374,5.59951,1.97093,6.53294,1.464,-814.96,-578.768,3640,2660,700
-8.44071,-5.2818,3.06379,-1.03037,7.32128,7.70546,10.7129,4.40927,-7.41841,-0.214851,-1.48627,4.04263,12.1853,7.08412,8.68588,11.0351,1.464,-814.96,-580.72,3640,2660,700
-2.49576,2.12163,2.59171,3.64594,7.19379,9.56247,12.0627,7.78441,1.33752,1.56151,-2.1062,7.74122,17.8197,10.4742,11.0297,12.522,3.904,-817.888,-578.768,4060,2800,560
0.835326,7.14762,-0.0792678,3.60962,2.93296,7.37497,6.62749,4.35705,6.91022,2.53694,-1.16656,8.06133,16.57,9.11349,6.33529,8.65727,7.808,-816.912,-581.696,4340,2800,420
4.45647,8.34354,0.793377,2.96376,0.431324,6.52112,6.02606,4.40742,9.1315,7.23976,5.06658,7.85178,14.2051,9.91419,5.51378,9.12525,1.952,-818.864,-580.232,4620,3500,420
3.08842,2.84025,0.714627,-0.186132,-1.28194,6.20252,7.82879,4.95044,2.75161,4.48677,4.84459,5.31758,10.5039,12.0823,4.14207,10.6811,3.904,-817.888,-583.16,5040,4200,280
-0.219399,-0.358324,2.17129,-0.851075,-2.92365,7.38219,7.54726,6.72508,0.984674,-2.74151,-2.1612,2.11186,7.30641,12.0537,5.13518,12.7415,1.952,-815.936,-578.768,5320,4760,280
-0.864385,2.55747,1.4498,0.615384,-3.76723,1.7521,4.48131,1.71645,5.3579,-4.03654,-3.98963,0.411792,0.290161,6.83803,3.82735,7.40843,1.952,-821.304,-580.72,5320,4760,140
5.16331,5.35211,2.6624,-0.59897,-4.65348,-3.10074,-3.80228,-3.81119,8.58925,2.18732,1.5067,-0.126707,-1.49206,-4.61249,-4.58094,0.753176,4.392,-816.912,-582.184,5320,4900,0
3.66029,-0.550927,-1.86355,-7.56512,-9.41457,-7.97,-11.6181,-6.10483,2.84712,-0.104124,-2.50044,-3.33942,-5.31183,-15.4495,-11.937,-6.15852,4.392,-818.376,-580.232,5040,5180,140
2.29951,-1.83344,-2.84163,-6.89435,-5.73002,-5.58882,-8.0687,-3.36273,0.390444,-2.4125,-2.32487,-3.14404,-6.28136,-15.4045,-8.27582,-7.28762,3.416,-818.376,-579.256,5040,5180,0
-5.11765,-9.49493,-5.96172,-11.1606,-9.59105,-7.28262,-10.7364,-4.21407,-6.75249,-8.69668,-6.93625,-10.2699,-8.47438,-18.364,-13.1863,-10.4246,1.952,-819.352,-578.28,4760,4900,140
-6.47068,-9.39177,-3.51647,-8.48056,-10.8668,-4.921,-9.61706,-2.66305,-6.25685,-9.83701,-4.94405,-11.2586,-7.07273,-13.7789,-10.6748,-9.72509,0.976,-821.792,-577.304,5180,4900,0
-4.2728,-3.88655,-0.752065,-1.02,-6.65845,-1.73574,-4.62471,1.0182,-3.93421,-5.85971,-1.15026,-7.68897,-3.2135,-6.90428,-2.28992,-5.60899,1.464,-817.4,-576.816,5040,4760,0
-5.20928,-1.5127,-4.32057,3.66717,-5.0389,-5.22711,-3.33517,-0.212906,-5.89162,-7.23654,-1.53943,-6.80832,-4.98185,-5.10113,2.54237,-6.42122,-3.904,-817.888,-577.304,4900,4480,140
-3.10269,-2.85294,-3.35207,0.701673,-6.07472,-4.665,-4.54642,-0.802651,-7.49374,-4.8226,2.64295,-4.92502,-1.82296,-4.03072,0.762973,-4.69257,-5.368,-817.888,-576.328,4620,4060,0
-6.05885,-8.79372,-3.03174,-7.78229,-11.1345,-6.78613,-7.0508,0.608439,-13.4621,-6.77673,1.45958,-6.53711,3.04651,-6.31023,-6.9467,-4.9912,0.488,-815.936,-573.888,4340,3920,-140
5.34906,4.62989,3.12264,4.54957,-0.0352292,0.030364,3.75137,3.16952,0.142535,0.115384,4.79853,-0.0493246,4.05235,3.68955,2.96463,0.354628,-3.416,-816.424,-575.84,4200,3920,-140
6.00514,8.61338,5.88967,8.94316,4.93571,3.06809,5.5719,4.39504,3.12159,1.39011,4.82775,3.04252,3.71889,7.61124,4.28526,0.828473,-3.416,-814.96,-576.816,3780,3640,-420
1.65443,4.12278,5.13068,6.92166,7.15131,4.92045,6.01185,4.54822,-0.39022,3.29447,7.4791,2.97562,2.83255,8.45183,3.63491,2.02277,-3.416,-816.912,-573.4,4200,3780,-140
2.44865,2.77554,3.14996,7.42904,10.2159,3.95259,9.7095,0.989752,2.71479,7.07958,6.14836,3.8813,1.33148,9.21964,9.48158,2.27843,-1.464,-815.448,-577.792,4200,3220,-280
7.13303,8.69899,5.54168,15.4263,15.8824,4.57935,14.1426,1.12779,8.45061,10.1044,3.86072,10.3257,1.64414,10.3676,20.2087,4.32828,-1.464,-814.472,-577.304,4480,3360,-280
20.8264,23.6716,15.8676,28.5271,28.7833,13.9317,22.9022,5.85397,22.5058,23.1854,11.9521,25.4553,9.365,20.5448,30.0909,12.8662,-0.488,-816.912,-579.744,4620,3360,-280
17.6938,18.1263,13.7776,21.747,25.6161,14.6357,17.7641,4.80585,15.7558,22.6123,9.89011,22.948,10.1849,18.0361,21.5839,11.4643,3.416,-817.888,-579.256,4760,3360,-140
3.41416,2.80649,2.19543,7.48174,10.8186,6.06431,5.86433,0.158469,1.97896,9.66945,-0.00507016,7.34331,3.33957,6.47871,7.66124,3.39867,4.88,-815.448,-584.136,5040,3220,-140
-5.21748,-0.367203,-3.90458,4.76809,5.11056,3.04354,1.73331,-1.13774,-1.91838,-6.3449,-8.55426,0.864357,1.77106,3.6494,2.97066,0.0253568,5.856,-814.96,-581.696,5180,3360,0
-10.8973,-9.37031,-12.4224,-6.7774,-4.23963,-3.35875,-7.74525,-5.66369,-4.91372,-13.9787,-13.5505,-6.47554,-5.30288,-2.75593,-10.5069,-1.96072,6.344,-818.376,-581.208,5460,3360,420
-11.7822,-13.181,-13.7532,-14.637,-10.0643,-6.68944,-13.0441,-6.76883,-6.16553,-11.807,-9.07307,-10.6567,-6.53295,-7.43873,-18.9601,-2.11839,5.368,-815.448,-578.768,5460,3640,560
-9.40677,-11.7782,-11.3051,-14.3594,-12.0141,-6.03445,-12.8692,-2.60745,-6.65765,-9.42904,-8.14776,-10.8584,-2.85102,-10.2959,-16.996,-3.95301,2.928,-816.912,-578.768,5600,3640,840
-4.83336,-8.14568,-10.2564,-14.0722,-13.3164,-8.69386,-14.0987,-1.82013,-2.90217,-6.43002,-9.52121,-10.0196,-6.01066,-11.1501,-17.0616,-6.03233,0.976,-815.448,-577.792,5600,3500,1260
-7.80958,-8.40302,-11.017,-16.4378,-14.32,-10.9563,-15.1872,-5.157,-7.41131,-10.0807,-14.6777,-11.8141,-11.3568,-12.3715,-17.5918,-7.91835,-0.488,-814.96,-576.328,5460,3220,1260
-9.31114,-10.0442,-10.233,-17.9232,-16.0087,-13.0759,-13.799,-6.53025,-11.9889,-10.3843,-13.3621,-11.9593,-12.1843,-14.7665,-13.9209,-9.16448,2.928,-816.424,-575.84,5600,3220,1400
-3.79115,-2.23953,-4.35935,-8.00857,-5.39575,-8.96617,-4.58653,-4.91172,-6.46696,-2.83527,-3.20453,-5.58048,-9.74397,-9.24498,-1.25105,-5.81567,3.416,-813.496,-574.864,5740,3220,1260
-10.2781,-13.3929,-6.2041,-19.1563,-9.89671,-8.21596,-11.4366,-6.98133,-12.7622,-3.67375,-3.63597,-10.7479,-9.76747,-12.7753,-11.3011,-10.7458,3.904,-812.032,-572.912,5740,3080,1120
-6.61475,-13.7573,-0.448136,-18.1949,-10.4771,-4.45642,-9.89453,-4.36418,-10.1077,-1.19773,-0.814644,-9.90971,-8.19049,-10.1103,-11.0713,-8.34412,2.928,-811.056,-575.352,5180,3220,980
1.29324,-2.84011,10.6873,-2.28621,-0.292852,1.38225,2.2865,1.90825,-0.406377,5.61281,5.31783,-0.316994,-3.1349,0.214757,1.08459,0.0455241,2.44,-810.568,-575.352,4900,3220,700
4.06797,6.02846,12.1758,8.87766,6.7283,3.46812,9.08299,3.55399,5.06232,5.70626,6.23202,5.31688,-0.783197,5.64282,7.9235,3.91144,3.416,-813.008,-571.936,4480,3220,560
10.5536,16.0169,15.4657,19.3027,16.7379,10.0588,15.5815,9.00975,12.0262,10.6507,12.6361,13.4758,6.43441,14.8802,14.0473,10.8961,-1.464,-814.96,-574.864,4480,3220,420
8.95906,10.9249,11.7947,11.684,10.2984,9.29679,9.63547,8.43857,9.91451,8.07102,12.812,11.3996,10.9298,14.3443,6.16532,7.62803,-2.44,-813.496,-578.768,4620,2940,280
11.4124,12.0542,6.93807,11.2107,4.07242,6.76795,7.69355,6.2251,15.7438,7.09662,11.6446,10.0029,12.2619,11.2632,8.73127,5.26643,-1.464,-814.96,-579.744,4620,3220,-140
9.86976,9.53541,2.61297,7.77413,-0.924364,5.49135,1.79303,5.68897,15.3378,4.62544,5.94357,8.0697,12.2323,8.37061,2.4711,3.02861,-0.488,-817.888,-579.744,4760,3220,-140
4.12447,4.12809,2.98366,4.9807,-1.70877,8.56413,4.0333,7.66803,6.34168,-0.883591,1.58192,5.41951,13.6186,6.32672,2.08829,6.26254,-2.44,-817.4,-578.768,5320,3360,-420
1.91276,4.61566,6.77743,10.7112,7.91802,14.2781,12.0375,5.08195,-2.54612,2.08508,6.80009,6.55653,11.4112,8.90957,12.0319,13.7735,-1.464,-820.328,-576.816,5740,3220,-560
-3.73625,-1.42842,1.51727,2.66251,1.8658,10.44,1.24387,-1.64378,-6.22345,-1.99291,2.15251,0.575106,8.25638,-1.78383,2.42078,5.26039,0.976,-817.4,-575.84,6020,3080,-560
2.69996,1.56239,1.19057,0.386993,2.25455,5.49059,-0.484655,-0.328168,3.65406,0.818428,2.40224,1.82733,8.2287,-7.00921,2.536,1.82597,-0.976,-819.84,-575.84,6020,2800,-700
3.43931,1.90718,-2.14301,0.224185,4.84358,-2.8607,2.09588,-2.12921,4.473,-0.0483088,1.75606,1.35029,3.20839,-8.43215,6.99831,0.966016,1.464,-819.352,-572.424,6160,2940,-560
1.32154,1.03314,-5.11362,-0.961701,0.92818,-5.41958,-0.674167,-7.87587,4.12325,-1.52007,0.796139,-0.610704,0.241371,-8.20391,3.55913,-2.67685,1.952,-818.376,-572.912,6020,3080,-700
2.86068,4.10962,-5.0317,1.25986,-1.75434,-4.94962,-0.375343,-7.75448,6.57447,1.46205,1.23087,0.809248,-1.9337,-1.83397,1.29114,-3.65264,3.904,-819.352,-574.864,5880,3500,-560
-1.67804,-1.17701,-4.89361,-2.32764,-4.89605,-4.19766,-0.27259,-2.37142,-1.70515,-0.613045,-0.404188,-1.95858,-2.77362,0.309496,-2.76007,-3.02782,2.44,-819.352,-573.4,5880,3780,-840
-7.01781,-9.3303,-7.50628,-8.29641,-6.21761,-7.3401,-4.39356,-3.59863,-12.331,-2.66563,-3.95276,-7.88264,-8.0798,-3.30226,-8.88295,-6.39737,0.976,-820.816,-572.424,5460,3780,-980
-12.999,-15.4446,-12.0416,-11.976,-7.66912,-10.4552,-8.26461,-3.61325,-17.8911,-6.46519,-9.39675,-12.8168,-12.521,-8.04397,-11.2861,-10.1146,3.904,-817.888,-575.352,5180,3780,-700
-11.2436,-14.2322,-11.221,-9.99074,-7.19679,-11.4409,-8.72762,-4.30197,-17.1212,-6.82023,-9.68107,-12.4561,-11.2664,-9.90762,-10.5133,-12.4957,1.952,-819.352,-572.912,4900,3640,-840
-11.0314,-12.919,-10.0683,-8.56286,-5.42078,-11.073,-7.47309,-7.19726,-19.9016,-8.29299,-10.1489,-12.0626,-12.3126,-10.9809,-7.10607,-12.5492,0.976,-819.84,-573.888,4900,3920,-700
-13.8288,-10.6728,-8.90884,-4.28468,-4.03871,-7.3469,-2.57118,-5.90344,-21.3568,-11.8237,-12.1695,-12.7233,-15.4925,-6.67548,1.29102,-6.5691,1.952,-818.864,-574.864,4620,4060,-560
-2.79892,2.82082,0.90667,4.59843,2.5341,1.62892,3.18281,4.09341,-3.68134,-3.66519,-4.6379,-4.41186,-7.90853,5.26027,6.37775,1.81767,1.952,-819.84,-578.28,5040,4340,-420
10.4273,11.2082,7.99962,6.79695,5.04975,1.7761,-0.349943,4.29636,14.1572,5.4247,2.33207,3.08547,-3.69199,11.2472,1.67423,1.12059,4.392,-818.864,-576.816,5040,4480,-280
7.36533,6.26256,8.78601,2.94683,2.99481,-0.897408,-2.29803,4.36538,12.6822,3.16958,1.29341,3.36422,-0.943356,13.2918,-2.92621,2.00312,4.88,-818.864,-578.768,5180,4480,-140
4.09561,1.02807,7.1169,-0.225481,0.192878,1.37298,-0.851134,4.50092,8.27518,1.48371,-0.607569,2.45621,-0.971472,12.5297,-1.02244,5.93866,4.392,-818.376,-576.816,5600,4480,0
2.19128,-0.36026,5.72758,2.32877,-3.31476,0.491455,1.73716,4.33812,5.55166,-1.24528,-3.21077,2.93215,0.129232,8.92875,3.84359,7.53659,5.368,-821.304,-579.744,5880,4340,140
4.55236,5.78284,6.43094,6.68481,0.0880478,2.25053,4.50377,5.57637,6.55749,0.873834,0.0592442,8.05818,1.93452,8.56451,6.63965,9.99586,5.368,-821.792,-579.256,6300,4060,280
8.77492,13.2821,6.88519,12.1005,5.36398,2.12444,6.62854,5.99059,9.65964,6.36096,3.84187,13.0971,6.12388,7.53605,8.24184,8.95449,6.832,-819.352,-578.28,6160,4060,420
10.8358,14.5805,8.63577,11.9207,7.71006,3.89995,6.44996,7.15574,10.4356,9.49196,6.0271,16.0715,12.3299,7.62372,3.7635,7.7396,4.392,-822.28,-576.328,6440,4060,560
9.63026,10.0028,3.79529,1.86866,0.554901,0.270168,-1.92051,-1.3434,11.8982,6.37788,3.79614,10.6292,7.29879,2.53836,-5.47617,-0.786546,3.416,-825.208,-574.376,6440,4200,560
3.54018,5.02326,1.62106,-1.15895,2.49839,4.56613,3.41161,2.19617,5.21321,3.48004,5.37724,6.13059,8.53703,4.40509,0.71925,2.0253,2.44,-822.768,-572.424,6440,4200,560
-4.38541,-1.99766,-0.551186,-4.92329,-0.398907,3.35578,2.04911,1.78843,-3.5811,2.03798,4.49608,1.77902,9.19372,0.334051,-0.856291,0.647135,3.416,-824.232,-577.792,6580,4340,700
-4.33442,-4.65529,-0.141429,-4.62192,-5.32006,-0.446768,0.735452,1.94217,-4.44556,2.54833,2.20884,2.78596,12.5453,-1.20122,-3.41721,-0.373054,3.904,-822.768,-574.864,6440,4620,420
1.50318,-2.11934,-2.40045,0.905992,-8.3013,-3.38666,4.41398,1.34575,0.860797,5.55298,3.78597,4.13987,8.21224,2.09823,2.4746,3.83779,3.904,-824.72,-574.376,6440,4340,280
-0.661898,-2.93882,-3.88197,3.66268,-13.0678,-2.58507,6.65156,3.06062,4.4362,4.77291,7.56626,1.40885,6.11642,3.61259,6.19316,6.12452,4.392,-834.48,-572.912,6580,4480,280
-3.19061,-3.94876,-4.2461,3.36698,-15.0537,7.28449,5.17806,2.3503,5.45382,3.20304,7.28442,0.422125,5.90801,-0.54099,4.00605,3.68812,6.832,-832.528,-571.448,6020,3920,280
-3.64391,-3.18095,-1.37061,-2.56955,-7.74584,17.3767,-1.2567,0.529317,3.43249,1.47044,4.9789,-1.83722,1.08278,-11.7352,-0.821098,-0.736279,1.952,-833.504,-576.328,6160,3220,-140
-5.16368,-7.57162,2.08036,-13.3264,11.613,15.8942,-6.06917,-3.05043,-4.73156,-3.39304,-1.5221,-6.71342,-0.29687,-32.7605,-5.7481,-4.87071,1.464,-831.552,-571.936,6440,2800,0
-11.2835,-13.8247,-0.32166,-17.7136,31.1178,8.31334,-10.2914,-11.2999,-15.9322,-14.8695,-13.4903,-13.393,-4.94448,-58.1192,-12.1048,-11.5086,3.416,-828.624,-571.448,6580,2380,140
-8.46709,-8.02417,-0.764872,-5.93842,44.5821,8.36074,-2.32211,-9.50726,-18.9504,-17.3305,-11.7558,-12.3463,-11.0131,-52.4312,-4.71357,-5.77725,0,-825.696,-572.424,6160,1400,140
0.651658,-1.10242,-6.37446,-2.18789,27.2497,6.14116,-5.07358,-11.4684,-9.79987,-9.51436,-3.25098,-11.1519,-16.3798,-26.2519,-6.80441,-5.82972,3.904,-828.136,-572.424,6300,840,-140
9.19197,6.20111,-6.81141,2.537,3.37481,5.53608,-6.11877,-8.08802,4.35936,1.95486,6.21273,-4.26655,-10.6221,7.16197,-1.19432,-5.10535,1.464,-825.208,-570.472,6160,560,-140
15.2505,15.3523,-3.9253,13.0919,1.29249,-2.41215,-1.10908,-4.98464,15.775,9.4594,6.38874,4.12309,-5.98231,28.3868,8.98278,-1.49792,7.32,-820.816,-573.888,6300,420,-140
18.5784,20.7904,6.47672,23.1511,6.09437,-5.00701,7.39384,3.34888,22.4748,14.6046,5.32562,12.9579,0.553462,35.5487,16.7863,5.35115,4.392,-814.96,-574.376,6300,280,-280
9.15998,9.8914,8.43517,19.9209,0.186027,-6.52645,10.7254,6.17987,10.9764,8.53305,2.2061,10.602,2.42499,37.8319,14.0965,6.94516,5.856,-812.032,-572.424,6580,280,-420
0.0125756,-0.249477,7.71656,11.4886,-8.04912,-11.4483,6.02611,4.07635,1.61434,1.45039,2.90265,3.81526,1.443,36.7369,4.97454,4.35806,-0.488,-826.184,-571.448,6440,140,-280
-9.79131,-7.24068,2.02676,2.48477,-19.1537,-16.9043,1.11581,3.03729,-8.44862,-4.64085,2.51245,-4.64289,2.53132,25.1969,3.64902,-0.538911,7.808,-821.792,-576.816,6720,0,0
-19.6343,-17.9207,-8.47024,-13.7835,-28.2688,-19.818,-8.50811,0.30703,-20.5481,-11.0404,-4.99307,-15.6892,-4.06308,3.19759,-5.24918,-7.70585,6.832,-816.912,-577.792,6440,-560,-420
-19.6145,-20.1866,-9.3998,-23.4852,-21.2271,-18.7862,-17.3626,-6.68116,-23.3199,-11.7647,-12.629,-16.9667,-12.6813,-15.5659,-20.5473,-14.8917,5.368,-817.888,-575.84,7000,-840,-560
-23.3696,-20.9196,-8.74061,-30.1778,-15.192,-15.1605,-20.7083,-10.8482,-28.6129,-15.7141,-17.983,-17.2795,-15.1435,-17.7954,-32.0083,-16.2769,7.32,-820.816,-574.864,7420,-1400,-560
-16.3347,-11.988,-4.30982,-18.8885,-21.2123,-7.55116,-8.46618,1.0732,-13.9856,-10.769,-14.0609,-9.10074,-5.82886,-4.76361,-11.9405,-7.46384,4.392,-822.768,-577.304,8120,-1680,-560
-3.26987,-4.52226,-5.11138,-8.8142,-23.8059,-6.15479,2.04559,3.94378,-1.351,-2.45598,-5.95852,-2.82258,0.828399,12.5145,1.13993,-2.17256,4.88,-819.352,-577.792,8540,-1400,-560
10.1544,3.97931,-3.38255,-0.666926,-17.9463,-7.16401,6.19361,0.743405,6.31469,5.19556,3.71087,3.30036,3.52282,29.3118,5.27643,1.47283,3.904,-824.232,-569.984,9380,-700,-420
14.9151,11.5708,-1.4856,8.11045,-10.4559,0.0357312,9.81795,1.29867,10.6412,7.86086,7.33469,10.029,5.74387,33.1552,11.1065,5.27978,6.832,-824.232,-569.984,9380,-560,-560
13.8782,15.0096,1.0768,10.6317,-0.685604,8.41458,10.8999,5.04387,13.1927,10.1531,8.67699,12.8149,8.47577,16.917,12.021,10.2136,6.832,-823.744,-570.96,9660,-280,-560
13.9388,16.7103,7.14524,14.122,12.2946,12.7984,10.911,7.03351,15.5663,14.3434,9.19215,15.7461,9.88334,1.27771,11.5614,15.5187,5.368,-826.672,-577.792,9380,280,-700
8.9062,8.46455,8.52524,6.36215,15.0087,13.8653,6.23106,6.28533,9.0311,11.4209,5.78955,12.6164,11.0926,-10.1701,2.94449,15.275,5.856,-830.088,-575.352,8820,420,-840
6.13311,3.29683,6.29332,1.60604,13.3373,11.8175,2.06652,6.9799,9.87902,5.30619,2.40056,7.12938,9.60453,-19.2037,1.56644,8.50925,7.808,-829.112,-573.4,8820,140,-840
9.14201,7.09806,9.21952,5.72935,19.4421,10.76,5.38247,6.81708,14.8542,5.72213,4.6383,7.89416,4.7027,-17.0961,4.53572,6.22507,2.928,-831.064,-571.936,8680,280,-980
9.72976,8.73109,8.85896,1.959,14.7664,6.0196,-1.53697,5.27427,18.9458,5.08416,5.12304,6.56237,1.72496,-22.0194,-2.68161,-3.49084,6.832,-832.528,-575.84,8960,140,-1120
4.99329,6.81652,3.30228,0.268622,11.5094,1.50726,-7.57033,1.75713,14.6314,-0.632625,0.271826,2.7463,0.135049,-26.7277,-7.438,-8.49341,6.344,-830.088,-568.032,9100,140,-1260
-5.39085,-1.69418,-3.59729,-1.43056,10.581,-1.1358,-5.98342,-1.58324,-3.38304,-7.25569,-6.61106,-3.71718,-2.337,-26.7424,-5.54035,-6.31813,5.856,-829.6,-568.52,8960,-280,-1260
-13.0318,-6.97358,-3.70705,4.26035,14.1992,3.52854,1.62179,1.00468,-20.9061,-8.76709,-9.60752,-5.4243,-3.25816,-16.6904,2.57048,-0.506767,5.856,-831.552,-569.008,8820,-560,-1260
-18.4689,-13.9146,-4.31537,2.36478,10.6912,4.65692,4.32419,0.272793,-32.4834,-10.4641,-11.7111,-7.62109,-5.01234,-7.7354,2.35313,3.40106,3.416,-834.968,-574.376,8540,-840,-1260
-15.6342,-18.5666,-8.93035,-9.33148,-5.31363,0.711337,-3.07143,-5.50296,-23.7121,-10.2848,-10.0529,-14.3807,-7.35018,-7.71969,-5.06623,-0.475964,3.416,-834.968,-573.4,8820,-1120,-1400
-4.61852,-7.9089,-6.69655,-6.30987,-6.806,-0.378076,-6.71284,-10.016,-4.48381,-2.74091,-4.26844,-10.3835,-3.58325,-6.3687,-4.84289,-4.13998,3.416,-837.408,-574.376,8820,-1400,-1680
1.39288,0.758995,-1.90596,-0.16799,2.34593,3.07618,-2.70212,-9.28073,2.60386,3.74748,0.713469,-2.87626,-0.0793192,-0.714205,-1.03641,-2.93325,5.856,-835.456,-575.84,9380,-1540,-1820
4.65429,4.34033,-0.143164,6.26191,9.30759,7.5933,3.08331,-9.67092,8.46964,5.3646,4.99847,0.380976,-1.8179,5.13655,5.56198,0.103598,6.344,-833.992,-578.28,9800,-1680,-1680
1.98214,3.49382,2.16564,9.79357,9.76091,7.97669,7.0254,-6.4268,9.05256,0.948025,7.62454,3.49363,-2.01751,9.62203,9.81467,3.89011,7.808,-826.672,-572.424,9940,-1680,-1540
4.42212,6.86142,6.06935,11.6206,5.59885,3.75557,6.91766,-3.23221,11.8162,0.893353,12.3315,8.83084,-1.63161,12.3538,8.88313,6.35003,4.88,-830.576,-572.424,9800,-1820,-1400
4.20652,2.54445,2.72124,-1.49708,-12.9917,-3.7951,-7.72349,-6.71046,11.7266,-0.532097,14.1507,5.93537,0.975083,5.49536,-7.95078,-4.51829,2.44,-825.208,-571.936,9520,-1820,-1260
-6.25568,-8.87514,-3.11583,-9.48114,-29.2658,-8.5354,-9.56407,-3.37326,-5.95595,-8.19677,8.15401,-2.22572,0.432882,-0.338683,-9.81868,-7.17053,-0.488,-823.744,-570.472,9100,-1540,-1400
-4.66835,-6.74466,-3.81306,-5.14425,-29.2776,-11.3838,-6.20693,1.24594,-8.11783,-8.26912,1.90929,-1.52736,0.37068,-0.641032,-4.53148,-4.2539,-1.464,-827.16,-569.984,8540,-1400,-1540
2.51515,3.58021,1.1544,3.74027,-16.7876,-10.3036,-1.12824,8.42226,2.22867,-1.90467,-0.477853,3.53895,8.3477,3.06021,1.16346,-0.348147,-1.464,-826.672,-569.496,8120,-1540,-1680
6.97724,2.46639,2.19671,-2.53007,-10.3163,-8.4823,-3.78103,10.3271,3.6695,4.37814,2.50436,2.53144,10.7343,1.86803,-6.39709,-0.724416,-1.952,-827.16,-569.984,8120,-1540,-1820
5.16477,-1.52954,1.82214,-8.10048,-5.43191,-4.30311,-0.0782589,12.4023,2.59971,4.23045,1.45419,-0.534265,12.2554,1.37413,-2.27912,3.13409,-5.856,-831.064,-568.032,8260,-1680,-1960
1.60896,-3.37199,2.08734,-10.9404,-1.22837,-0.90128,1.40185,12.813,0.0276003,1.98311,-2.14473,-4.12079,9.0722,-0.859539,-0.212721,1.8074,-3.416,-828.624,-569.008,8400,-1820,-2240
8.50825,10.2483,8.44788,0.876033,12.8436,1.66412,4.91463,10.0164,6.84064,6.32625,-2.1396,3.75337,5.50254,5.05681,4.31993,1.14828,-2.44,-829.112,-570.96,8400,-1820,-2380
14.9337,21.4565,13.6478,13.3332,25.1457,3.43958,7.27372,5.95246,11.537,10.7195,-2.06889,12.8267,5.0737,15.8479,6.39085,3.12108,-2.44,-828.624,-569.496,8540,-1820,-2380
7.57434,13.0546,10.8957,11.9767,25.947,7.16332,10.8539,3.89252,-0.888318,5.83147,-4.69007,8.87208,-2.35078,25.9623,8.04809,8.13872,-3.416,-827.16,-572.424,8400,-1400,-2520
-8.89002,-1.24094,-0.98971,4.98336,19.9073,5.33592,16.6909,3.43813,-17.3459,-6.7078,-10.7637,-4.62381,-11.837,24.883,16.4465,9.85543,-0.488,-827.648,-573.4,8400,-1260,-2800
-21.0786,-22.4972,-16.2273,-16.7219,1.78647,-2.28543,4.24627,-1.18976,-29.1892,-13.8374,-10.1218,-20.0229,-14.8152,13.114,2.40513,-2.15555,0,-825.696,-576.328,8540,-980,-2800
-12.9173,-7.7454,-17.7516,0.267318,6.94663,-4.2867,10.0218,-4.26216,-10.5148,-10.1795,-6.98945,-13.4678,-16.0704,14.2716,16.7279,-0.142974,-2.44,-828.136,-575.84,8400,-700,-2800
12.8028,18.8979,-6.90306,13.1247,11.2195,-5.34558,-4.76672,-13.7335,27.9256,6.69506,1.80337,2.3477,-11.4618,11.8632,-0.892408,-9.14704,-0.488,-826.184,-575.84,8540,-280,-3080
15.6945,13.0031,-2.09474,2.48902,6.54735,-4.7157,-14.1237,-20.6061,25.3289,11.6794,5.25344,1.73663,-11.3073,8.06553,-17.2858,-13.6359,-1.952,-823.256,-575.84,8540,420,-3080
4.66854,-5.50092,-1.75342,-12.4179,-0.0500968,-2.18875,-11.5915,-17.1049,2.81855,6.63703,3.05608,-2.09947,-11.4594,3.94356,-18.7157,-9.33578,0,-818.376,-574.376,8260,840,-3220
-2.91865,-13.3365,-0.353997,-12.5996,-5.08454,-0.0216783,-5.0688,-9.57103,-7.13189,2.01616,-1.12974,-1.27659,-9.94341,0.046471,-7.86581,-3.07539,3.416,-820.328,-571.448,7840,840,-3220
4.20844,4.74787,7.2042,6.87224,-1.85433,3.01213,5.27257,-2.04061,6.37508,7.88203,1.50587,11.328,-6.98442,2.66641,10.7686,5.55348,-0.488,-818.376,-570.472,7420,840,-3500
3.72351,11.9921,8.4327,17.0573,-5.90432,3.66629,1.6553,0.746594,7.53385,9.79878,1.86551,12.7874,-1.51147,-3.95824,11.2913,2.58077,-1.952,-822.768,-569.984,7140,840,-3640
-5.18167,0.582131,4.42297,11.8863,-10.3468,4.99328,1.41204,4.56562,-9.8052,6.52769,1.11419,3.77259,2.37237,-10.4585,6.95133,2.46002,1.952,-823.256,-569.008,7140,420,-3920
-22.4344,-20.214,-1.66988,-0.824251,-12.5099,7.0858,4.19038,13.9882,-33.1781,-3.42214,-1.81469,-9.52374,4.58562,-15.2086,2.37992,9.41433,-1.464,-829.6,-569.984,7420,140,-3920
-27.6839,-36.6555,-9.53916,-21.542,-24.2052,2.62363,-5.79195,12.0021,-37.2843,-8.16759,-2.40204,-24.1452,3.25455,-28.1847,-10.8486,2.42603,-0.976,-829.6,-572.912,7840,-840,-3920
-3.17508,-19.5649,-0.76733,-23.0921,-22.3403,2.8452,-18.3059,3.81825,-4.27336,4.80199,3.75628,-11.908,12.01,-30.542,-28.04,-6.66257,0,-828.624,-570.472,7840,-980,-4060
1.93437,-6.54012,1.51545,-9.75144,-13.8254,3.86592,-12.0339,2.33254,8.10747,-2.45541,-3.10639,-3.3127,14.3553,-29.8804,-13.8139,-2.50596,-1.952,-838.872,-573.888,8120,-1260,-4200
3.40982,7.48387,2.90965,11.0782,-3.83238,2.70812,2.74755,3.3034,13.8376,-6.19652,-3.54019,3.16595,12.8546,-27.2214,10.1573,4.80476,3.904,-824.72,-572.424,8680,-840,-4620
-2.16488,8.37633,-1.48278,6.80503,-6.94477,-4.56373,-3.29584,-6.70096,8.22838,-8.57091,-4.89644,1.02383,9.50526,-27.794,-3.0022,-2.05745,6.344,-828.136,-570.96,8680,-980,-5040
1.51146,8.13352,-2.92731,-3.43988,-8.33851,-9.48311,-9.16911,-15.0021,13.0855,-4.19387,2.07223,2.91912,9.3827,-21.2253,-14.4493,-7.68755,13.664,-823.256,-571.448,8540,-1120,-5320
2.31651,12.1858,0.350454,4.05833,5.02246,-8.25552,-1.75345,-10.9122,12.5129,-3.12063,4.61142,10.0877,10.9669,-12.4637,-2.42021,-1.80082,3.416,-827.648,-571.936,8680,-1120,-5320
1.40878,6.89687,-0.529359,-2.03138,9.9098,-7.20983,0.975533,-3.30109,4.62652,-4.33556,2.08832,11.1624,13.3844,-10.8705,-2.73037,0.972571,9.272,-824.232,-571.936,8400,-1540,-5320
0.537802,-6.54113,-6.2491,-16.9947,2.63928,-5.21236,-3.49623,2.95606,0.789137,-3.79962,4.07163,5.66122,14.0406,-15.6356,-9.98518,-2.30842,8.784,-822.768,-566.08,8680,-2240,-5180
-6.27025,-14.2569,-8.88273,-12.7678,0.77175,-2.30193,3.99713,11.2877,-10.2227,-9.61967,5.14093,0.233938,10.4478,-10.9596,4.48501,-0.408652,13.664,-824.232,-572.912,9240,-3360,-5040
5.71786,5.90126,2.85904,10.3908,12.6497,4.94391,15.8254,19.5114,2.1964,-4.235,10.1815,11.6703,8.93538,8.61659,20.1947,6.7715,14.64,-825.208,-569.984,8960,-4340,-4620
8.78138,14.1752,4.3036,11.7034,9.71529,4.25033,9.91715,13.0936,5.6199,-3.94856,4.97334,10.2244,0.696602,17.7434,12.1873,2.57654,18.056,-822.768,-574.864,9380,-4760,-4340
23.052,36.208,10.2231,31.9591,18.0933,3.90348,18.2674,7.97038,26.5112,0.878523,-0.144012,17.2243,-2.48324,26.2473,31.6138,6.18609,15.616,-826.184,-568.032,8680,-4900,-3920
31.1246,38.5207,14.9563,35.7224,22.6336,3.95967,15.9839,3.4116,25.4051,10.5917,-0.222344,19.6853,-6.74965,36.0996,30.0427,7.82881,16.592,-815.936,-571.448,9380,-4760,-3220
5.29419,2.7822,5.74896,4.19331,10.3865,7.02736,6.41847,3.31306,-11.5595,5.08576,-5.44307,-2.01465,-10.5485,39.0518,3.52897,6.2753,12.2,-825.696,-562.664,8680,-4900,-2940
-5.50783,-20.831,-5.09689,-30.0503,-10.7609,10.5964,-12.3168,-1.4098,-14.6977,3.11007,-6.33801,-21.7461,-14.2373,27.28,-24.1442,-3.6641,7.808,-819.352,-568.52,9800,-4620,-2380
1.34819,-9.29997,-1.10995,-5.44481,-0.735533,15.4116,5.41097,-1.38563,-6.11331,9.4064,-2.57871,-15.3619,-16.7225,36.2981,4.73942,7.65529,8.784,-820.816,-566.568,9520,-5180,-1960
7.15124,4.28408,9.18432,12.7709,10.7405,14.0589,14.6666,-1.20175,2.47936,9.23421,-3.40451,-0.406962,-12.0148,46.628,12.3289,15.1345,4.392,-815.936,-571.936,10920,-5880,-1960
3.97125,-1.63612,3.92804,-1.0359,1.04839,0.829297,0.835341,-13.4798,2.82169,5.26099,-5.64857,-3.40885,-18.6213,37.379,-4.9092,5.41832,4.88,-822.28,-567.056,10640,-6720,-1680
-6.83567,-4.04394,-1.7793,-0.36243,-0.301519,-8.36856,-3.6008,-19.9762,-4.45135,-2.61275,-7.97286,-8.15391,-22.5579,26.6675,-3.59604,-3.12841,5.856,-816.912,-573.888,11060,-6860,-1540
-16.7939,-15.5063,-8.38146,-14.503,-3.70505,-12.9995,-23.5969,-25.0471,-13.7273,-12.6095,-6.72866,-17.5922,-26.4242,2.71495,-28.4778,-17.8063,12.2,-815.448,-569.984,10640,-7420,-1400
-34.6905,-35.3785,-18.1056,-28.9504,-7.40788,-15.6122,-28.647,-21.1206,-28.4166,-28.1368,-11.1961,-29.1278,-29.8593,-31.8791,-35.5371,-23.1284,5.856,-814.472,-576.816,11620,-8260,-1120
-33.8389,-36.0681,-21.6124,-33.36,-14.3061,-19.8506,-31.352,-16.6875,-21.2776,-33.1048,-10.9517,-27.7752,-24.6523,-48.0097,-32.7913,-28.5679,11.712,-815.936,-573.4,12320,-9240,-560
-23.8021,-22.3579,-15.2801,-15.3232,-9.80108,-19.4738,-16.5622,-5.42931,-17.5026,-26.4847,-4.21083,-13.1885,-14.7429,-37.5705,-7.07009,-21.3238,8.784,-816.912,-577.792,13020,-9660,0
-11.2845,-4.43183,-1.89763,3.48288,-4.2705,-12.2635,-3.43912,8.42606,-12.7265,-12.9663,7.44885,4.11667,6.32535,-18.9079,1.75409,-12.5798,10.248,-819.84,-575.84,14140,-10080,280
6.98443,15.8096,9.8041,15.9847,-2.71374,-2.09139,5.47571,19.0723,5.6256,3.81023,16.5265,17.0801,21.7369,-4.7333,7.24508,-0.898203,6.832,-820.328,-574.864,15260,-10500,1120
-6.79814,4.12112,5.80946,17.9621,-5.00426,3.26838,19.1769,27.1994,-23.5466,2.06973,10.8384,11.7969,28.9017,-1.09067,24.3587,12.384,4.392,-820.816,-573.888,15820,-11060,1540
-10.6422,-12.1556,-1.33054,1.0031,-14.7152,4.56203,12.5889,22.2308,-29.9732,6.91126,10.1828,-1.40811,33.3749,-9.41492,12.8637,10.9825,7.32,-819.352,-574.376,16240,-11620,2100
22.8923,14.1284,2.88477,-0.120131,-11.4257,4.47262,7.45862,15.3647,32.1803,27.4853,12.3275,7.96616,34.5068,-15.1747,7.13307,9.40253,8.296,-818.864,-577.304,16940,-12600,2660
39.017,40.138,11.1771,20.8874,7.51453,9.72745,19.4298,15.7137,57.3228,39.7484,12.2784,24.3251,36.6429,-4.59775,24.1023,19.1777,9.76,-819.352,-578.28,17220,-13160,2940
29.9367,33.6939,14.592,29.8594,17.7111,14.2124,27.8826,16.6553,36.744,40.068,9.13363,24.5963,32.044,2.70515,38.0458,26.4248,8.296,-815.448,-569.008,17640,-13160,3080
18.9754,19.3626,10.4438,23.8116,16.7455,15.4293,25.7236,15.4867,17.8712,33.0038,4.48266,16.1922,22.0192,3.76134,35.5464,26.1005,3.416,-815.936,-565.592,17920,-13020,3220
22.1562,18.0042,10.4046,10.3855,10.386,11.9586,5.05605,4.37157,25.9369,29.2239,1.83543,14.2167,10.6534,1.80155,5.39329,11.8486,3.904,-813.984,-566.568,17640,-12740,3360
21.7222,18.2541,7.09338,7.32049,10.2851,6.77127,-1.61053,-6.71095,26.4119,20.1315,-3.12351,13.7268,-7.43986,3.46238,-7.05884,6.88978,4.392,-811.544,-563.152,16520,-12460,3080
5.21114,1.91805,-1.46064,-3.50701,1.74043,0.688388,-8.94492,-15.2795,7.71781,6.18058,-12.9002,0.162633,-17.7092,-1.88331,-21.2639,0.370984,1.464,-810.08,-574.864,16240,-11760,2940
5.53228,0.494378,-3.24291,-16.2746,-12.8952,-5.18861,-25.0494,-28.7454,17.2062,8.23552,-11.8251,-7.05039,-16.6235,-12.556,-44.09,-15.31,0.488,-815.448,-564.616,15540,-11340,2800
-2.10479,-0.54822,-2.57657,-16.6207,-10.7223,-6.65229,-21.7953,-33.4253,4.9846,1.48016,-15.6927,-6.38648,-15.9375,-16.001,-33.4302,-17.2882,-3.904,-814.96,-571.936,16240,-11060,3220
-23.2654,-18.0943,-5.57429,-15.2127,-2.85583,-3.50211,-6.21197,-24.0481,-36.1458,-15.9982,-21.1267,-11.3348,-18.4063,-11.3853,-7.06059,-10.1856,0,-813.984,-573.888,17360,-11200,2940
-33.6044,-36.3333,-9.12941,-26.2262,-5.57083,-0.824191,-3.70603,-11.3924,-51.2028,-26.1001,-12.0894,-19.2557,-19.3661,-7.71647,-2.97338,-10.9669,3.904,-820.328,-576.816,18060,-11760,3220
-15.3099,-19.5797,-7.45813,-13.66,-1.2645,-3.00744,-7.50069,-3.59211,-9.10304,-23.5932,-0.29135,-12.6483,-14.571,-7.2551,-3.49563,-16.0161,0.976,-821.792,-572.424,17780,-12040,2940
4.06853,3.18994,3.29953,4.29113,12.6679,1.26094,-0.35365,3.67035,14.8179,-13.4968,12.2391,3.48966,-10.1461,4.65759,-0.880981,-7.07758,3.904,-814.472,-564.128,18480,-12320,3080
-9.33546,-12.3794,2.64567,-12.3446,4.61375,0.873906,-6.44488,4.40503,-12.0334,-18.8457,11.4666,-1.75718,-8.7462,5.60529,-16.855,-5.81633,9.76,-815.448,-556.32,17920,-11760,2940
-14.9506,-22.3605,-0.327853,-21.5562,-5.66198,0.331566,-10.4552,2.19606,-24.4566,-21.0803,11.6586,-6.86047,0.229995,1.26997,-20.5083,-5.64362,9.272,-811.544,-561.2,16940,-12320,2800
-20.0947,-28.1242,-1.78341,-20.0237,-4.49053,-0.212077,-2.99529,2.4698,-35.7829,-21.7111,11.5663,-9.70211,4.30871,6.39122,-4.47739,3.13493,12.2,-817.888,-561.2,16660,-13020,2800
-19.5281,-17.3919,0.424805,10.738,8.29054,1.3465,16.1654,8.91288,-37.6277,-19.291,8.56293,-3.9948,7.38142,17.6351,31.4308,15.1997,12.2,-817.888,-564.128,16800,-13580,3220
0.556667,9.31886,6.60883,37.6543,19.4632,5.56276,28.355,15.6019,-0.298654,-7.42174,7.64108,8.31294,9.9047,28.3789,45.9836,20.2831,13.176,-815.448,-563.64,16800,-14140,3500
9.32805,10.0517,-3.0683,17.7752,0.971095,0.758421,10.457,14.3171,22.6241,-1.77202,4.83617,-2.00594,3.49979,15.6465,20.626,7.61903,10.248,-812.032,-561.2,16940,-14420,3780
11.7399,11.5826,-3.43948,9.32466,1.11495,-0.941308,-1.89665,9.51647,18.8211,1.18611,3.41907,-1.70496,-0.0889194,9.1941,1.22341,-0.492485,12.688,-813.008,-557.296,16380,-14140,4200
7.62654,14.7704,0.996581,11.2638,16.344,2.05655,-0.902772,8.58695,1.6772,-1.12529,-1.93093,4.03013,-2.24275,13.8772,-5.08595,0.359383,12.688,-812.52,-558.272,15680,-13580,4340
12.8417,25.9084,0.726709,24.8833,22.0699,-3.17979,3.39712,3.31116,7.8284,0.674852,-7.5649,7.20016,-2.69049,9.44122,13.5945,-1.30869,6.344,-810.08,-555.832,14700,-13020,4480
27.5597,34.9867,1.43956,18.2401,15.0754,-10.9075,-6.21587,-10.2969,34.7149,11.2416,-4.66685,13.2956,-5.63681,4.09972,-1.19582,-8.46077,5.368,-814.96,-557.296,13580,-12180,4340
16.1233,11.164,-4.92085,-16.2875,-9.54667,-12.9004,-20.1211,-13.5453,24.7767,5.2061,-5.96076,2.66962,-8.68925,-5.95345,-29.4178,-13.6578,0.976,-816.912,-559.248,13300,-11760,4340
8.51724,7.67172,-8.96544,-3.55291,-12.475,-9.12105,-4.13805,-8.38311,20.5014,-7.10227,-13.7181,0.558654,-8.51246,-8.24826,2.69658,-5.8537,0,-820.328,-560.224,12880,-11480,4620
4.2852,14.9737,-0.009051,20.8097,0.431951,-0.521686,13.5707,-0.187862,7.1055,-4.93571,-10.0164,10.9342,-2.8045,0.147091,27.0484,4.0445,-2.928,-819.352,-562.176,12600,-11060,4480
-18.9852,-15.6813,-6.55953,-10.0338,-22.4126,-2.10467,-2.1729,4.00648,-20.5654,-14.5422,-7.39081,-6.74149,-3.09755,-12.2287,-2.53501,-1.8214,-4.88,-817.4,-562.664,11900,-10920,4340
-24.2732,-18.7647,-14.0588,-14.9861,-29.6705,-4.54053,-1.89035,8.20932,-17.51,-25.4532,-16.1378,-13.5498,-4.2935,-17.7837,-5.10157,0.945534,-3.416,-818.864,-563.152,11200,-10640,4200
-19.2834,-7.74062,-6.95125,-1.93515,-18.8345,-2.90067,9.18509,8.90533,-17.2029,-13.0628,-14.7373,-3.05379,2.18591,-8.1015,8.44427,6.45302,-4.392,-813.496,-559.248,10500,-10500,4060
-21.3187,-20.0651,-6.70445,-10.9506,-20.8951,-1.07829,8.42361,7.22479,-28.1668,-1.6157,-7.20764,-8.28928,11.9295,-5.17095,11.3448,6.97484,-1.952,-816.424,-557.784,9520,-10220,3640
-15.0211,-21.0134,2.16598,-11.9294,-12.7234,7.07171,12.5388,11.536,-26.9673,12.7067,3.12273,-8.63939,19.8789,2.27719,6.19673,14.1769,-0.976,-818.376,-563.64,8680,-10920,3080
3.76457,-8.72453,12.1399,-15.4099,-15.0059,5.27138,-4.26953,2.4218,-1.16726,29.3333,8.58674,-0.416104,22.3224,-2.13331,-22.0505,2.90377,0,-813.984,-558.76,8400,-10500,2940
34.4049,22.0764,19.2117,-1.06689,-11.3339,4.31747,-11.529,-2.48168,52.6611,45.4371,15.4093,15.1747,22.6007,-2.13201,-24.3541,-3.45995,0.976,-813.008,-562.664,7980,-9800,2520
11.1053,-0.566367,8.41321,-24.6427,-26.2012,5.25099,-26.2313,-2.63902,18.0255,28.645,9.20556,0.429205,15.199,-7.63,-42.8064,-12.7181,7.808,-819.352,-568.032,7560,-9100,2380
-10.523,-17.8579,0.31221,-26.7896,-27.8626,6.20523,-23.4266,-3.97458,-16.9789,11.9484,-0.278243,-9.19778,6.61971,-8.86445,-36.8525,-12.0503,3.904,-821.792,-568.032,8400,-7980,2380
-1.30746,-6.27348,4.71374,-10.3047,-16.7062,7.40796,-12.1999,-5.3711,-2.98129,15.376,1.49918,-2.36111,3.92031,-3.09189,-21.1491,-5.95536,1.952,-824.232,-570.96,9240,-7280,2240
2.66175,-4.05161,1.38683,-9.76584,-16.8462,5.33529,-7.91708,-5.19623,3.55659,9.29181,1.38218,-5.32451,5.8095,-9.7831,-8.48012,-6.76022,0,-823.256,-567.544,8400,-6860,2380
17.7157,11.2771,2.78587,9.85347,1.10652,6.47741,8.09534,-5.05538,22.9155,14.7194,14.2322,-0.477049,-0.197155,-6.03393,18.961,-1.20824,0,-826.184,-569.496,9240,-6860,2380
14.8258,21.72,6.02486,29.1039,24.3565,6.29202,12.245,-7.73891,11.479,9.48804,12.3005,9.16094,-2.64238,3.19546,22.6869,-1.5991,-3.416,-823.744,-563.64,9100,-7980,2520
0.787953,5.15888,4.86809,15.0848,26.1705,5.94854,9.4312,-5.08286,-20.3651,1.29061,6.9309,7.67102,-3.71279,4.48677,13.3699,-0.354264,-4.392,-825.696,-565.104,9800,-8960,2800
-22.8622,-19.7859,-3.14801,5.31936,27.2094,4.30014,11.7431,-3.08056,-53.1442,-13.1331,1.11382,-3.02084,-9.9113,2.47979,18.0497,1.53131,-0.976,-822.768,-561.2,9380,-9520,2940
-14.6598,-14.8546,-6.35082,-0.714541,28.1794,-2.74174,1.90745,-8.30972,-29.1548,-17.6716,-3.26673,-2.47282,-13.26,-2.9205,3.32074,-4.03705,6.832,-822.28,-569.496,9520,-9800,3220
1.76459,-2.94633,-9.80673,-3.88104,24.6129,-12.8438,-2.10489,-12.0646,9.54674,-14.468,-2.18355,-2.35671,-19.4938,-7.55383,5.1248,-2.87195,11.224,-818.864,-569.008,8820,-10920,3500
12.7157,11.6124,-1.01155,12.6617,31.2893,-11.5982,9.89158,-5.15794,26.3564,2.91916,10.4321,6.26247,-13.4552,-1.43384,23.974,4.47348,13.664,-815.936,-573.888,8820,-11200,4060
9.10156,5.92155,0.141228,11.283,27.037,-10.0201,12.9227,0.137796,15.4568,4.10899,8.39565,3.4994,-15.7099,0.364434,26.1819,7.85918,14.152,-815.448,-565.592,8680,-10920,4480
4.46761,-10.3577,-6.64545,-5.35976,9.84373,-14.0372,-6.0652,-5.52469,2.386,1.76715,8.61721,-9.3254,-21.2682,-9.05328,2.50576,-3.40153,10.736,-816.424,-561.688,7840,-9800,4620
20.1306,1.34388,-0.158045,-11.7394,15.8326,-10.0104,-16.6213,-7.81351,25.8115,2.90951,8.60119,-2.25534,-16.248,-2.09131,-22.9566,-6.91352,8.784,-818.864,-560.712,7280,-8540,4620
8.92099,5.10056,-3.82367,-8.10513,24.5208,-5.12428,-3.15034,-2.4322,23.7111,-12.9101,-3.28083,-2.31345,-16.8049,6.89762,-11.2563,4.45126,6.832,-821.304,-561.688,6440,-6300,4480
-7.65442,19.3713,-9.04827,19.8265,41.1084,2.82063,18.9,7.25351,15.6201,-38.9307,-21.8729,2.67633,-16.6278,18.2316,17.0833,19.6267,1.464,-822.768,-554.856,5740,-4900,4200
-26.7889,25.6409,-0.486427,52.348,65.4153,10.9009,40.0246,15.548,-20.4759,-47.0996,-36.5615,13.4721,-11.6607,38.2717,41.7937,32.8961,0.976,-825.208,-554.368,4900,-3920,3920
-26.2792,9.27682,8.9299,44.8611,52.5584,10.5338,27.5785,11.5505,-39.829,-10.1691,-5.63837,6.50552,1.54712,34.8908,32.9749,20.7848,0,-828.624,-557.296,4340,-3640,3780
1.72854,-4.47673,4.26847,8.43553,24.094,4.8878,7.83742,4.80732,-0.976868,9.31364,12.4972,-5.07666,8.22656,22.3922,11.842,8.24919,2.928,-830.576,-563.152,4480,-4340,3500
48.1204,36.0184,15.7916,20.6974,27.7593,3.90535,-3.73551,-4.10327,61.2114,33.4511,22.205,16.8942,12.643,28.7345,-2.82711,-0.776388,5.368,-835.944,-561.688,4760,-5740,3640
67.4867,68.8392,28.1424,28.7624,27.1038,6.85258,-16.3513,-4.5627,90.4844,43.015,24.7416,39.327,17.7781,37.6907,-35.6563,-6.29314,9.76,-833.504,-562.176,5180,-6860,3500
33.2538,18.8607,17.2012,-16.7364,-13.5147,4.45694,-17.6862,5.35904,35.2843,24.0748,10.037,20.472,16.4201,15.7126,-41.1176,-3.78766,8.296,-834.968,-565.104,5600,-8680,3780
-1.52797,-15.1202,1.82197,-15.7526,-40.184,4.76978,12.3507,23.1261,-5.11506,-1.73048,-8.2065,0.164352,18.3567,-11.6112,16.2308,13.8222,12.2,-837.408,-559.248,5320,-9520,3780
-45.8318,-45.6187,-18.1791,-29.5517,-74.1575,0.387501,7.74428,25.6171,-56.6119,-37.8981,-32.6596,-23.9936,13.504,-36.3521,8.87834,8.79649,11.712,-838.872,-552.904,5040,-10500,3920
-66.7461,-54.9815,-24.5845,-54.6755,-111.221,-3.88868,-23.6083,14.3395,-81.1504,-47.6509,-36.5936,-31.3459,11.6961,-55.2634,-32.6246,-13.1457,9.76,-832.528,-544.12,3500,-10640,4200
-58.2893,-65.9899,-17.1722,-65.3523,-135.373,-3.59556,-26.6236,9.10196,-70.7288,-29.0805,-24.3687,-30.2918,20.3433,-57.9717,-24.1772,-18.3139,10.248,-827.648,-543.144,2380,-10780,3920
-50.119,-43.1762,-7.40446,-3.07106,-95.3112,3.57487,13.1986,10.7703,-62.9452,-20.3298,-19.9395,-18.0483,19.2098,-33.1169,47.952,-0.43446,12.688,-828.136,-537.288,0,-11340,4060
-41.1345,-33.3188,-6.34127,0.966765,-69.0978,3.66931,1.60364,0.0135607,-66.0228,-9.14202,-6.79113,-15.0859,9.54045,-20.8139,24.1468,-9.38028,15.128,-827.16,-543.144,-1680,-12040,4060
7.9057,-12.9072,-1.46453,-31.0492,-52.8167,-0.998638,-31.7651,-17.4508,0.987093,20.5393,14.8862,-6.85259,2.88622,-16.1185,-38.4219,-27.8501,17.568,-822.768,-547.048,-3220,-12460,3920
50.251,32.8236,11.3768,-11.5965,-5.77147,0.336256,-28.0636,-25.4831,68.3424,42.8197,27.1074,17.4929,-4.69569,10.26,-51.4858,-19.8727,15.616,-824.72,-557.784,-4760,-12180,3640
50.6293,40.8967,7.98844,-2.52374,17.7162,-2.42601,-27.3993,-23.2992,71.0769,39.1858,26.2379,18.7709,-12.4563,22.8532,-52.5296,-17.2447,14.152,-822.28,-555.344,-5460,-11480,3500
32.1025,28.606,6.13196,5.30982,32.8748,-1.10645,-11.0129,-12.822,34.823,25.4378,19.0732,15.2739,-16.591,31.454,-22.0972,-7.43152,8.784,-823.256,-555.832,-6860,-10920,2940
-20.9103,-7.39317,0.0146699,30.8595,54.3697,4.43315,32.8997,3.62256,-50.5073,-9.1628,-8.44785,-1.18724,-21.3026,39.0659,48.9775,16.8467,8.296,-821.792,-557.296,-8260,-10360,2380
-20.2661,-18.8198,-3.67262,26.3804,56.3212,4.08999,41.1016,8.52169,-39.897,-11.7135,-2.54031,-8.57953,-13.8813,28.5745,55.2328,18.4947,-1.464,-825.208,-557.784,-10220,-9100,2100
31.6794,23.1244,9.62075,-0.633696,42.5256,-0.284702,-4.12193,-3.83853,50.7425,22.0605,26.6351,13.6994,-0.12236,10.596,-27.1236,-9.77353,-3.904,-827.16,-558.272,-12040,-8400,1400
56.8427,51.5388,14.0693,-8.41877,28.3879,-5.71839,-34.4375,-10.8398,94.3408,33.514,30.5798,25.9283,5.77994,-7.04514,-67.1865,-28.2,-4.392,-827.648,-560.224,-13300,-7420,980
0.46608,-4.39287,-10.9072,-21.9562,6.94442,-10.0713,-23.8774,-12.4345,8.77203,-6.12526,5.98988,-6.87678,-2.30002,-26.8847,-31.2322,-23.2967,-7.32,-828.624,-559.736,-15400,-5040,280
-39.6672,-28.5967,-34.7173,-7.60886,-1.16994,-13.1347,7.76747,-3.28988,-32.1324,-40.3666,-20.7198,-29.6481,-8.44204,-40.996,32.1359,-4.04589,-9.76,-827.16,-556.808,-17080,-3500,0
-18.6793,-10.1273,-25.9097,10.7103,1.49756,-12.0523,15.0255,0.221022,-3.18131,-21.2167,-13.169,-17.2951,3.79994,-41.6906,48.5955,2.20787,-15.128,-827.648,-550.464,-19600,-2100,-840
1.16754,11.4289,-8.18866,31.4416,13.1878,-4.67729,24.4159,6.19803,8.74852,-4.4069,-5.45655,1.34952,14.0736,-20.9927,50.256,12.3933,-15.128,-827.16,-549,-22960,-280,-1400
12.1327,23.7847,1.0412,32.9298,7.49388,-3.14108,16.8566,5.00226,13.2995,3.99931,-5.28628,7.03691,18.8729,-9.32842,28.9986,10.9825,-16.592,-833.992,-552.904,-25620,1120,-1820
3.8705,14.3055,2.46359,20.6851,-0.0407901,-2.89103,-1.34682,-2.41978,-9.41615,0.797439,-12.1808,2.44035,16.6222,-4.5344,-3.37225,0.0425031,-15.616,-832.528,-554.856,-28000,3500,-2240
-30.5758,-37.7518,-6.73521,-17.5747,-16.5232,-4.53394,-17.3575,-6.27634,-79.4053,-18.0679,-26.4394,-18.7809,5.50871,-4.83519,-31.1233,-6.45111,-23.912,-835.944,-557.296,-29540,5040,-2520
-48.4908,-52.5897,-10.9082,-23.5604,-21.1474,-2.64886,-17.8751,-4.62336,-96.1944,-32.7714,-37.9633,-27.6438,-0.626965,-4.63587,-26.0603,-4.85208,-23.912,-833.504,-558.76,-30520,6440,-2800
-12.249,-22.8693,-2.15521,-42.7528,-29.3716,-3.37826,-36.3636,-6.97886,-23.2786,-10.426,-16.414,-16.891,0.0378766,-6.32479,-65.1496,-10.9767,-21.96,-823.256,-557.784,-31920,7840,-3360
1.48344,-14.1352,-4.00432,-33.5051,-29.7757,-5.79631,-17.653,-0.5626,19.3177,-3.65643,-7.27474,-21.407,-0.145832,-15.7038,-19.0333,-2.97526,-21.472,-812.032,-558.272,-33460,9240,-3780
19.0142,15.9618,-0.187652,13.5289,-3.62746,-5.14846,20.2862,8.82712,57.3555,3.14858,-6.72139,-11.0205,-4.90816,-8.95902,48.2669,16.5203,-23.912,-807.152,-557.296,-36400,12880,-4480
38.3614,24.3176,12.9202,11.4049,8.78573,-3.1443,15.9414,4.24126,71.0963,20.1215,0.269653,5.73263,-1.94787,5.91678,32.2945,14.9963,-20.496,-808.616,-558.272,-38640,15960,-5040
20.582,10.116,28.4647,22.8501,28.6057,5.91836,28.0267,4.35399,14.9166,19.4576,2.61873,18.6686,7.85242,31.0901,35.1098,24.2773,-16.592,-810.08,-563.152,-41580,19600,-5600
1.59651,9.80729,39.9332,23.893,41.8036,13.9082,23.8089,3.4146,-26.5518,10.9497,8.14815,29.3511,12.946,47.2523,7.02536,27.7262,-19.52,-807.64,-564.616,-43540,22960,-6160
-19.2506,-8.3126,25.43,8.86815,21.6858,12.6087,25.1813,12.7482,-37.3662,-5.23747,2.43801,11.813,5.82833,36.8278,17.7801,31.0696,-18.544,-799.344,-569.008,-45220,25620,-6720
-6.36785,11.1595,9.60672,23.444,10.8267,6.99325,30.0786,19.4532,9.69989,-2.20439,7.32723,5.72008,-5.47225,17.6363,48.3957,29.4413,-19.52,-802.76,-565.104,-47740,30100,-7420
-1.61898,0.604262,-0.97597,1.04723,1.52748,2.69506,8.50579,16.0602,20.6827,-1.7467,15.7729,-1.46068,-14.5083,4.62347,21.9405,11.2527,-18.544,-807.64,-565.592,-49560,33740,-7980
14.1126,8.95334,10.3995,-13.7329,29.7698,8.58911,-9.32977,8.39722,20.2247,10.9124,27.4862,15.8451,-20.9752,18.7178,-32.4204,2.76474,-15.616,-811.056,-567.544,-52640,37800,-8680
15.9842,5.31339,24.4928,-34.212,60.3759,16.5187,-28.0072,0.525824,-10.9262,19.624,39.2563,29.5825,-22.6373,35.2038,-82.1004,-7.3181,-16.104,-810.08,-573.888,-55020,41160,-9380
-10.5324,-13.4583,21.1266,-9.25707,94.3743,23.0087,15.041,7.79159,-57.208,5.80824,31.7265,22.0728,-29.3591,49.972,-2.20699,16.0558,-19.52,-802.272,-574.864,-57120,44520,-9660
14.1419,44.5942,16.0422,68.4528,118.346,21.7284,54.0846,12.0146,20.8282,12.1523,30.2169,34.9897,-34.018,49.5035,83.8393,34.2799,-17.08,-800.808,-576.816,-61180,50540,-10360
52.5013,65.0157,12.6879,48.898,109.861,13.6658,11.8476,-17.8488,90.6642,36.5688,43.5767,38.9783,-36.3524,37.4998,21.7503,4.95523,-20.496,-801.784,-579.256,-64120,55860,-10780
67.7861,66.3255,15.8643,33.145,114.84,11.1623,9.34858,-38.0855,104.265,47.101,42.881,46.3619,-34.9262,44.6668,9.31315,-4.68364,-20.008,-812.032,-587.064,-68460,63980,-11200
56.4864,69.143,10.8751,51.7678,119.865,13.7443,30.005,-29.1304,91.4896,38.9538,32.6066,43.9003,-38.097,49.2529,42.776,1.26397,-20.008,-810.08,-592.92,-71680,72800,-11480
44.8098,49.367,12.8841,44.0391,78.2885,14.619,6.91678,-18.8092,53.5026,41.1851,31.3504,42.0393,-32.5373,46.4576,8.37369,-8.83688,-20.008,-825.208,-592.92,-73640,79380,-11480
-12.4887,-26.2407,-6.03725,-1.77092,-60.9724,3.66775,-21.2261,-0.137196,-40.8084,10.5723,4.88551,5.73839,-17.5669,8.21617,-23.6248,-15.5792,-18.056,-828.624,-603.168,-75600,87080,-10780
-65.4318,-80.0984,-42.2603,-45.633,-249.919,-10.5627,-43.0502,24.9964,-80.9609,-33.6349,-36.8912,-39.4332,7.53736,-65.1056,-38.7046,-24.0556,-25.376,-826.672,-616.344,-76300,92680,-10220
-90.0302,-73.0975,-74.2043,-36.5549,-377.317,-25.5038,-37.6918,39.1535,-53.7728,-73.6448,-74.7547,-62.5644,42.2121,-140.774,-14.4142,-32.6714,-28.792,-807.152,-672.464,-77560,100520,-9520
-64.8365,-34.0291,-82.5905,-22.5622,-294.913,-26.4215,-27.1421,27.7329,-3.41484,-69.8143,-68.9174,-59.9804,51.9093,-158.02,-11.0924,-35.6011,-17.08,-836.432,-640.744,-77840,110740,-8400
-30.6484,-21.3688,-54.8216,-10.6518,-115.34,-4.37969,-1.46939,22.8433,-3.38162,-36.3107,-36.2043,-40.3314,50.4833,-95.9961,-1.82755,-17.4503,-11.712,-842.288,-626.592,-78820,115780,-7280
17.0617,2.71939,-21.6731,4.07088,8.21453,10.4217,9.07085,16.5193,22.5622,2.77952,-1.37782,-12.5958,52.4112,-45.3612,6.49184,-8.01915,-7.808,-840.336,-623.664,-79660,122080,-5880
30.021,7.74077,-19.0581,-7.9385,43.805,-0.622489,-24.6122,-8.47807,20.5951,11.1728,12.0662,-12.0927,46.1502,-42.8161,-32.6842,-31.4661,-1.464,-837.896,-609.512,-81060,126980,-4900
-2.21513,-24.436,-30.0704,-43.4548,33.5523,-13.0913,-31.715,-24.6967,-15.6105,-27.1971,-19.7118,-36.2696,43.5634,-46.6087,-42.9231,-35.5177,5.368,-833.504,-625.128,-83580,132020,-3500
0.882751,-31.6676,-18.3042,-82.719,24.1261,-20.528,-40.1177,-30.7913,-17.7079,-25.0266,-27.0373,-36.239,53.5591,-38.9875,-72.6796,-32.8501,9.272,-831.064,-621.224,-85260,136500,-2100
-23.466,-47.7983,10.6415,-74.6351,39.9743,-17.2438,-17.0932,-25.6276,-89.6842,-21.8816,-32.0378,-23.3064,65.8451,-1.45656,-52.6617,-12.2944,11.224,-823.744,-604.632,-85400,139860,-700
-60.3019,-71.4025,26.2053,-71.0528,41.3323,-24.4535,-10.3312,-23.8004,-163.701,-34.8593,-43.4218,-25.1727,54.7296,21.9641,-43.1143,-7.52807,18.056,-807.64,-633.424,-85120,143360,840
-69.5611,-67.7149,1.78069,-68.3282,-15.0551,-48.4205,-32.8507,-24.9418,-130.408,-47.201,-55.8307,-55.8454,16.9809,3.90274,-32.8533,-22.54,12.2,-803.736,-622.2,-86100,147560,2380
-39.0987,-31.5249,-3.11106,-36.8683,-59.2168,-61.9787,-20.339,-15.1317,-53.1663,-28.7817,-55.5301,-52.1092,-0.225989,-0.864327,23.1299,-15.9664,24.888,-814.472,-630.008,-85680,150500,4060
-25.1132,-13.6169,-0.473975,-25.1356,-75.1159,-65.5239,-13.3756,-21.5026,-30.5639,-11.7273,-43.1536,-40.9631,-19.1275,10.117,28.2662,-15.0867,16.104,-805.2,-610.488,-84840,153720,5040
-35.7574,-53.0202,-8.30864,-79.1733,-89.1903,-57.3526,-44.9163,-33.4557,-54.0275,-14.061,-35.4045,-53.1892,-52.523,25.0875,-50.1042,-25.138,20.008,-800.808,-588.528,-85260,155820,5040
-47.0528,-69.7773,7.14585,-60.4947,-54.7551,-30.8818,-39.237,-24.0995,-93.6527,-11.6596,-20.0356,-43.4819,-66.8317,45.632,-47.4669,-12.0798,21.96,-799.344,-589.992,-85820,154840,4340
25.345,16.5431,46.8902,33.3854,26.6547,1.79295,-5.72168,-11.3206,12.3043,35.6032,24.0101,13.3491,-61.611,58.5417,9.96024,9.22064,27.328,-796.416,-589.504,-86240,152040,4060
97.1391,104.822,82.7771,118.755,109.232,36.3662,39.1835,13.0724,124.845,79.925,66.7543,73.7197,-53.1979,71.2832,59.1591,45.0217,40.992,-783.728,-605.608,-85820,146300,3780
109.653,108.304,92.2036,118.689,146.517,67.1679,62.7178,38.6133,142.866,93.4222,86.2413,94.9434,-49.8411,74.1035,61.7183,77.4051,39.528,-783.24,-608.048,-85540,140980,2660
59.9253,67.7789,66.7439,97.5208,139.664,85.6741,65.502,57.7211,87.6246,55.973,68.8097,74.3305,-56.8313,65.1895,50.1677,91.1981,46.36,-770.552,-611.464,-82880,138320,2100
4.51194,32.4102,35.9777,75.985,116.52,86.6752,45.5394,38.365,32.672,2.51658,42.8134,54.9756,-52.8583,56.7703,18.8452,67.5012,58.56,-759.328,-637.328,-80780,136220,700
16.9789,61.6181,24.1484,91.5692,105.559,82.3822,58.5495,30.4744,78.9101,9.88329,47.2021,65.7661,-30.1841,50.4169,51.93,60.4037,50.752,-762.256,-606.096,-78820,136360,-420
35.2068,100.904,19.8589,149.115,115.359,76.1546,105.701,50.6219,113.706,34.434,61.4018,80.3879,-7.24615,47.3209,144.54,81.5006,61.488,-747.616,-603.168,-78260,137620,-2380
50.9773,87.9247,17.0135,114.958,95.3001,53.3409,85.2206,31.6028,105.139,53.0703,71.1664,82.4648,7.54783,33.282,103.446,56.8669,70.76,-751.52,-611.464,-77700,139160,-4200
13.2904,23.9482,-17.6495,23.2086,32.0447,23.122,28.7446,9.07011,43.3592,22.9626,44.3388,43.9791,11.1143,4.12366,8.3734,12.3946,71.248,-754.936,-608.536,-76440,140560,-5040
-7.77525,1.93448,-45.5049,0.253645,-15.758,-8.75077,-6.12442,-7.91925,29.0436,-9.25353,11.1289,15.2632,24.7311,-20.2121,-13.3371,-29.2585,63.44,-745.664,-618.296,-74620,141820,-5880
11.7532,27.3345,-62.5607,24.3752,-39.0656,-34.9271,-17.2449,-22.6566,78.9212,-13.5524,-4.1638,1.98822,36.1331,-46.9779,9.90801,-50.8272,65.392,-742.736,-616.344,-72660,143080,-6580
8.60641,-13.2785,-64.391,-47.4777,-58.5604,-48.5521,-53.7674,-32.992,41.4776,-14.452,-6.71167,-17.9499,45.5769,-67.7549,-57.7572,-68.8479,66.856,-747.616,-608.536,-71400,144340,-7980
8.18255,-15.8757,-38.2309,-48.3028,-17.8593,-40.6043,-19.2369,-18.8257,-18.4366,-10.227,-4.96103,-3.97994,59.504,-54.2387,-39.2034,-42.4963,56.608,-752.496,-599.752,-70840,145180,-9380
3.37665,-27.3705,-44.0581,-59.6504,-21.1106,-32.5853,0.988112,14.2915,-46.8084,-18.6705,-15.7885,-23.2633,59.0543,-72.9325,-7.74613,-17.7763,52.216,-766.16,-598.776,-71260,145180,-9940
19.4429,-4.26027,-36.6308,-25.7974,-19.1154,-27.0636,-1.42802,18.7406,-32.0762,-11.4735,-15.8881,-27.5767,53.8001,-82.9186,32.5628,-22.8555,52.216,-762.744,-609.512,-70840,148120,-10640
-0.415564,2.29434,-23.2873,-25.7322,-28.8999,-22.4948,-17.0819,11.3974,-36.2642,-23.4811,-17.2302,-29.8453,44.1687,-64.4973,7.37956,-27.4953,48.8,-762.744,-614.392,-69720,150080,-11060
-33.8281,-46.8541,-19.2869,-80.4579,-58.1166,-8.23178,-29.1154,19.1028,-78.9602,-39.4782,-31.0622,-50.1652,24.7303,-28.7316,-45.895,-13.5183,48.312,-770.064,-615.368,-67060,153580,-11760
-58.1874,-113.874,-9.72396,-148.851,-81.6387,5.18843,-68.4517,0.591134,-146.526,-41.3656,-43.8409,-63.5074,7.54064,4.63318,-127.267,-24.4303,34.648,-777.872,-597.312,-63420,156520,-12180
-65.034,-126.474,0.388675,-168.547,-93.9902,2.80628,-102.074,-46.8927,-133.89,-38.8525,-45.8892,-65.75,-2.88447,9.37922,-150.949,-61.5744,22.448,-778.848,-559.736,-60480,157220,-12460
-78.5621,-77.1177,21.3408,-56.7373,-12.6292,12.5828,-19.2775,-48.7628,-122.49,-49.6067,-52.5749,-35.0323,-13.1145,51.7757,-24.3007,-22.0762,14.64,-762.744,-557.784,-59220,158340,-13580
-56.1413,-33.3175,31.5695,4.58427,24.1408,18.7477,25.1635,-22.2502,-75.4165,-34.9084,-45.5443,-11.0421,-38.0883,74.2299,35.798,17.7317,16.104,-776.896,-590.48,-60480,154420,-15260
17.2265,15.0647,25.596,15.4658,-13.0378,-6.96714,-19.6576,-35.5376,42.7617,13.0344,-11.8066,6.14571,-59.2668,34.8099,7.32136,-16.8788,18.056,-759.816,-572.912,-60620,152460,-16660
54.275,42.3798,19.8956,14.4233,-25.5167,-29.4163,-30.6157,-37.1608,103.197,34.5679,-0.500446,18.8754,-70.3874,14.0307,-19.3352,-20.0174,12.688,-760.792,-530.944,-60760,152180,-17920
36.8933,14.8311,5.3345,-10.0784,-36.7487,-30.0564,-14.539,-12.9278,85.6333,24.0478,-13.3329,2.46316,-75.2793,2.00398,-21.8825,7.32989,12.2,-788.608,-522.648,-63980,151200,-19600
5.6415,-15.816,3.83961,-9.07125,-31.0613,-27.3315,0.913561,6.94118,26.9624,14.5886,-12.5239,-10.9676,-61.6247,-5.9069,-15.9618,26.1914,12.2,-806.664,-528.992,-65380,150640,-21420
11.431,32.4418,32.3023,99.1752,31.3259,-8.21747,78.0895,25.2908,20.2515,37.2205,1.83487,11.8992,-38.9821,32.9809,102.902,73.1324,14.64,-804.712,-546.072,-63420,149240,-22260
-36.4807,-1.60562,14.6656,98.7896,17.4345,-0.336229,84.8316,28.9441,-32.3691,6.96402,-8.99512,-25.4738,-32.027,28.6464,118.44,77.1053,20.496,-796.416,-575.84,-58520,143220,-22960
30.539,38.2318,17.786,72.0999,-14.7624,-18.5334,21.9874,-7.25536,58.629,43.1419,7.77235,-12.0301,-13.2424,-12.7154,57.8519,13.0959,24.4,-767.136,-578.28,-54460,136220,-23520
35.3209,53.1574,12.1947,50.0857,-24.0179,-28.249,-21.8483,-35.2168,76.1615,36.7235,1.90159,-3.65232,6.79236,-42.4646,8.1577,-37.1067,25.376,-760.304,-578.28,-50120,127260,-24080
-17.4871,5.50749,-9.41588,-13.8339,-42.3852,-18.6966,-54.2262,-16.1806,9.26841,-2.55643,-12.866,-25.4795,13.7408,-60.5799,-69.2456,-46.073,40.992,-745.176,-572.912,-46480,120260,-24640
-48.2376,-20.6286,-22.1505,-57.2104,-57.4846,-10.1595,-81.1161,-4.28972,-34.7489,-24.2715,-12.2818,-30.8695,23.5372,-67.9061,-119.056,-61.0119,52.704,-740.784,-560.224,-45500,115640,-25480
-50.6121,-15.7829,-21.7455,-35.088,-39.4656,-1.01588,-54.5199,5.86937,-46.7822,-29.0741,3.82799,-13.2022,37.8556,-46.7044,-69.3126,-55.2992,59.536,-748.104,-559.248,-45640,109900,-26460
-19.5018,8.0852,6.06491,12.1315,23.7219,18.7242,12.5749,27.0604,-42.5949,0.660903,30.9158,27.7876,58.7657,4.19297,12.4109,-12.6081,77.592,-718.336,-570.472,-45360,106260,-26880
-2.74015,23.6249,24.8121,56.8445,94.4325,40.3415,94.8196,62.4434,-33.6727,8.51009,36.5321,53.114,70.0918,63.5703,95.6645,54.0707,75.152,-760.792,-592.92,-44800,104440,-27300
24.735,40.7864,13.6846,64.3291,97.4128,45.8974,98.0663,87.9168,10.9659,10.7717,37.056,49.5118,61.9617,68.4613,101.959,78.5253,102.48,-747.616,-597.8,-41020,103460,-26880
0.222112,8.79903,-17.8822,39.4206,57.2635,37.2155,63.0352,75.8552,-18.2805,-14.1096,20.2493,16.604,42.2803,30.6996,83.4749,62.7047,105.408,-746.152,-582.184,-39200,98700,-25760
-21.3722,-12.614,-26.0064,10.7152,29.9813,33.2514,23.1544,41.9917,-46.6441,-31.9925,5.99384,1.53631,37.7492,1.32145,38.323,37.1523,125.416,-746.152,-585.6,-37100,89180,-24080
-20.0461,-33.4181,-28.2875,-59.0403,-28.3661,15.5251,-71.8347,-11.0374,-38.9313,-37.4061,5.83413,-8.57206,30.2459,-44.1316,-71.1135,-34.6437,134.688,-735.416,-598.288,-36120,80920,-22820
48.5412,7.50525,8.27084,-50.6744,-24.1202,5.32227,-68.7379,-24.3963,40.9077,3.9139,18.4187,35.0753,32.9197,-54.9736,-62.5345,-37.5862,127.368,-749.568,-582.184,-35560,70840,-21560
23.2114,-14.3086,1.07752,-49.9831,-23.2624,8.4641,-25.4176,2.83143,11.1841,-16.2487,2.07466,21.3605,4.44638,-48.6071,-42.1482,10.6899,120.536,-770.064,-559.736,-36260,62300,-21140
-6.90484,-39.4054,-25.9251,-62.9634,-52.3075,-3.35299,-23.1993,0.821856,-13.2678,-37.8634,-20.0627,-17.5872,-3.89591,-63.2272,-50.7353,9.39642,123.464,-762.744,-572.424,-35980,57260,-21000
-30.4323,-63.6394,-50.5779,-100.731,-100.005,-23.0603,-61.8539,-33.7414,-34.8294,-47.989,-22.3468,-48.7806,8.29711,-85.69,-98.9509,-34.1666,120.536,-773.968,-571.936,-37800,51240,-21280
16.979,-8.0054,-27.97,-45.2634,-65.8433,-32.2277,-28.6583,-54.2734,16.2831,-7.50728,5.47003,-6.02414,0.330818,-51.2535,-47.7061,-37.7032,118.584,-754.936,-524.6,-39620,45360,-21420
61.0504,70.3297,10.6863,46.5074,69.3974,-13.7332,37.06,-53.4833,77.8899,23.3978,33.5599,35.7013,-31.0833,75.3404,25.0581,-0.464482,216.184,-736.88,-1057.01,-48580,4480,-20720
73.197,52.5348,10.0724,47.3215,126.065,-0.851706,24.3091,-64.5922,80.6899,32.3105,52.6492,27.9709,-80.465,157.029,0.548663,-1.90801,109.8,-810.568,-565.104,-31920,61180,-23100
76.1445,38.7377,46.2662,35.1463,131.239,12.3101,28.1901,-71.8372,61.1064,62.4695,49.8566,49.4898,-60.5339,127.52,6.70563,-2.66908,111.752,-768.112,-541.68,-27300,50680,-21560
66.517,77.3964,70.4956,114.35,151.101,19.9465,91.5912,-53.8958,60.6018,78.8509,41.0841,69.8181,-37.6319,95.936,121.024,24.5369,107.36,-767.136,-550.464,-31640,37800,-19600
44.7115,71.852,40.186,119.902,100.532,12.3426,84.4478,-20.9134,64.2893,62.9473,22.1161,32.5598,-42.1259,41.2188,131.645,26.3072,101.992,-770.064,-574.376,-32480,26740,-17780
-30.5643,-6.69225,7.56819,32.6966,31.3355,18.0759,29.9343,4.11744,-25.0317,14.1258,-23.4031,-23.8117,-36.4183,12.746,42.3293,14.4362,97.6,-772.992,-590.968,-31920,20160,-16520
-35.708,-27.9689,-4.29762,-11.4517,-14.0801,12.6506,-1.44054,17.7536,-24.5658,5.63785,-48.9583,-35.0515,-33.1183,2.88601,-8.54956,9.1836,97.6,-771.04,-604.144,-31360,17500,-15540
-54.4885,-55.2419,-16.4441,-38.4647,-45.6419,5.30345,-13.5482,25.1358,-46.234,-10.9372,-58.8259,-50.5095,-34.9449,-1.45241,-15.452,10.4587,99.064,-758.352,-616.832,-28420,15820,-14840
-45.1191,-32.6552,-1.95871,-17.6851,-31.6206,2.99758,-0.675437,31.2736,-42.2992,-7.87646,-54.7555,-22.5122,-16.0903,19.2981,-8.87963,20.4283,101.504,-752.984,-623.176,-26600,14420,-14000
-66.3592,-44.7712,-12.2168,-41.0134,-64.3358,-7.68575,-30.6535,43.5729,-65.8078,-16.6491,-46.8693,-30.1176,-10.8539,-2.41936,-51.95,5.29269,106.384,-754.448,-626.104,-25620,14280,-13160
10.0711,32.2286,14.9385,38.8597,-33.1361,-18.3333,5.09375,40.5933,37.1305,28.7009,-6.09587,20.0835,11.2807,2.21354,26.8894,4.06238,104.92,-753.472,-626.104,-24780,14140,-12180
2.97419,23.0424,14.1398,27.1721,-42.5561,-23.4116,-0.285158,27.647,38.6642,12.8899,3.86957,16.3224,16.1459,-7.69645,25.1847,-11.2706,100.04,-766.16,-621.712,-24500,13440,-11200
-107.267,-92.5501,-30.0772,-47.8547,-94.553,-32.4404,-46.8415,12.2007,-96.9118,-65.3581,-17.6293,-59.6665,0.418815,-37.3241,-20.1599,-41.7597,105.896,-779.824,-635.864,-23940,11900,-9800
-46.5508,-79.2387,-26.068,-88.3159,-105.335,-41.071,-75.7718,1.01242,-17.8818,-48.867,-2.1801,-50.3032,5.10839,-50.8219,-75.4637,-49.1277,103.944,-787.632,-634.888,-23660,11900,-8680
46.4932,-1.45136,-1.58635,-34.857,-63.6135,-26.5456,-38.9931,19.0256,59.5108,-9.25137,14.1975,-0.823043,18.3169,-33.0933,-23.7986,-15.9341,101.992,-795.44,-646.6,-22260,11480,-7420
8.00168,22.1627,-11.5178,24.1263,-23.3454,-13.1893,8.17223,34.7907,20.3337,-31.1256,0.907706,-1.10427,27.4913,-28.1462,35.3259,14.7779,85.888,-800.808,-618.784,-20020,10360,-5460
-29.0255,-1.98882,-25.1444,0.629025,-22.8848,-6.39199,-7.87941,29.7945,-19.9984,-36.1567,-12.2801,-19.4422,24.4011,-34.1347,-5.71652,8.952,100.04,-822.28,-644.16,-18480,8540,-4200
33.4295,40.0205,8.2904,37.4741,26.3174,2.42889,51.8792,23.1157,30.5328,17.7795,9.02684,23.5841,50.2833,-25.5355,61.7996,27.3719,112.24,-852.536,-678.32,-15960,8540,-3080
20.9382,8.94574,9.25787,-8.15532,25.2979,14.7243,40.8156,20.209,-2.47272,7.6209,1.46432,12.1911,56.0457,-25.2428,19.9674,25.003,89.792,-827.16,-616.832,-10220,9240,-1820
27.5693,4.09684,8.87506,-30.4533,7.84871,15.3481,-40.5357,-5.49275,-16.4592,6.26693,5.13471,9.17124,53.4076,-26.1981,-54.8203,-29.7256,98.576,-812.52,-631.96,-8820,5180,-140
22.9351,8.43199,4.2821,-51.7829,-26.1837,7.06889,-73.1031,-12.4837,-17.6055,4.42597,3.57727,10.4285,53.1123,-62.1805,-95.4523,-49.563,137.616,-694.912,-717.36,-9100,5740,-560
-3.35784,5.05567,-2.5783,-51.513,-38.4946,1.89732,-53.2975,-23.9961,-17.3649,-12.0914,-7.82156,3.00007,51.9891,-81.754,-73.971,-45.5489,117.12,-824.232,-706.624,-12040,11760,-1820
-27.3493,-4.7011,-12.0014,-26.5161,-18.2677,-0.781337,-5.02402,-25.6768,-35.4672,-26.3727,-7.54709,-5.54695,31.7203,-58.756,-22.271,-19.1042,84.912,-840.824,-597.8,-6160,21280,-280
-20.2533,-17.344,-23.3946,-15.598,-9.56409,0.18868,1.55929,-30.9082,-44.8175,-21.0952,5.15468,-15.3049,0.915078,-32.5765,-2.10653,-15.306,116.144,-744.2,-678.808,-3500,13720,980
29.5987,-7.91219,-5.84684,-4.635,10.4348,-2.0655,-3.33383,-45.8337,-20.5773,24.4018,36.1599,4.11341,-8.62391,-22.507,14.8879,-28.9836,80.032,-776.896,-590.48,-6160,9380,-140
7.1544,-23.4824,4.66669,0.311903,48.5747,18.8048,21.8898,-7.34606,-43.9294,9.85483,19.9812,1.45697,-21.4131,28.5258,6.92659,30.5831,73.688,-849.608,-631.472,-7840,7140,1540
-19.1265,-5.06036,-3.88233,25.017,55.432,21.4857,15.4786,-12.419,-16.8733,-19.4731,-0.108983,-19.2244,-49.6201,60.5564,7.94284,38.7461,106.872,-777.384,-644.648,-6020,3500,1680
-22.4371,12.1728,-19.3387,40.5699,35.029,7.00203,25.9623,-15.3283,14.966,-11.4337,-15.0524,-38.0325,-70.9569,41.3299,38.7643,28.6596,112.728,-783.728,-654.896,-7140,2660,-280
-30.758,-11.1361,-17.1507,21.9972,25.4513,11.348,38.6665,3.51341,0.513281,-10.5801,-26.8727,-39.6611,-62.715,43.6275,45.7493,38.0809,102.968,-824.232,-633.424,-4480,6580,280
4.41917,5.24352,7.15404,18.1382,32.6689,13.8769,16.8118,-7.58082,20.4956,12.5847,-11.0222,-5.92535,-37.1283,41.285,14.681,18.6155,102.48,-786.656,-650.016,-980,6020,700
23.7134,13.522,25.1695,32.8302,66.8316,32.0642,41.8917,11.5096,16.2055,30.2813,2.29188,22.7967,-21.8751,66.0792,21.6278,42.5441,106.384,-750.056,-642.696,-140,7140,-1260
27.2223,5.33076,38.3746,38.354,87.3801,48.311,70.8614,31.6029,4.31635,39.8641,15.3145,33.4401,-24.7266,101.417,42.4153,72.8688,124.44,-734.928,-655.872,280,6860,-1400
65.8669,60.7774,46.2561,63.3686,67.1351,25.9475,35.2301,2.46674,94.4818,55.7236,28.4424,50.1157,-29.5459,93.9382,29.7894,34.9906,118.096,-721.264,-661.24,980,8400,-840
69.2774,84.5483,34.5546,85.8536,26.9728,-11.1446,9.10999,-25.5569,126.83,37.4623,14.2045,48.2052,-32.4604,53.106,55.6748,-10.0916,117.12,-769.576,-690.032,-280,11340,700
19.249,44.5063,24.9262,68.081,-2.10241,-27.2839,12.2874,-30.4076,53.7406,9.43754,-0.00377087,25.626,-22.6563,20.1617,70.3913,-18.5441,108.824,-791.536,-650.992,3920,17500,1820
-64.0414,-27.356,4.80452,2.39276,-40.5766,-23.4204,-23.8061,-16.6009,-50.6959,-29.6348,-5.45012,-18.5814,-13.0034,3.23762,-6.29107,-25.7409,88.816,-740.296,-581.208,7000,21980,2660
-41.7504,-33.2809,8.86235,-5.54596,-7.34176,-5.73438,-22.3502,-7.45131,-43.2438,-7.38887,16.416,-6.23244,-0.509417,43.1322,-39.5647,-18.1402,86.864,-749.568,-572.912,4060,16660,2660
45.2501,23.1526,30.802,18.1241,31.791,12.7658,8.19001,16.6946,50.6346,42.0833,26.076,48.9792,21.2634,52.4072,-13.773,6.80708,136.152,-682.224,-759.328,1120,10500,1540
16.6824,6.93679,5.12939,-27.4206,-24.7376,-0.0012278,-43.6208,20.2322,19.4115,22.011,13.2985,40.1557,33.3145,-33.3949,-53.4049,-26.4757,114.192,-716.872,-738.344,840,17500,700
-15.3138,-14.099,-8.30908,-72.9158,-66.1438,-16.8934,-94.5235,10.4539,-11.5019,-5.32153,2.08068,37.2807,51.8661,-94.2272,-116.978,-57.7045,113.216,-718.336,-715.408,5600,23100,2660
-19.6916,5.54335,-21.1016,-30.6304,-51.6174,-19.6653,-7.45872,43.3216,4.7,-30.1032,-11.6901,49.0746,65.6444,-96.7049,-17.5752,-2.57302,118.584,-627.568,-696.376,8820,24780,3640
-77.9051,-64.5802,-67.1325,-71.5704,-74.3996,-33.22,28.547,25.1836,-84.1493,-67.683,-10.6918,3.74731,50.7346,-106.401,11.4655,-2.1985,70.272,-676.856,-519.72,1820,22960,1960
-72.5596,-87.5234,-91.3278,-139.352,-121.188,-62.5532,-54.9934,-30.7412,-80.9056,-67.6063,-1.23089,-22.2181,37.9461,-145.621,-76.5062,-85.0202,112.24,-721.752,-652.456,-9940,22400,0
10.5561,-28.2576,-76.8719,-102.438,-103.558,-71.5481,-69.0979,-31.4791,0.485812,-21.513,16.3999,-3.11169,26.1641,-113.69,-58.7024,-91.0748,103.456,-804.712,-625.128,-16520,17360,980
-0.22019,-31.6315,-63.4821,-61.2512,-76.1523,-48.6617,-26.3265,0.734896,-42.2621,-21.2405,17.8633,-31.1993,5.95945,-53.6223,3.83848,-28.6293,86.376,-810.08,-601.704,-20020,12600,2380
-1.89745,-28.7065,-30.394,-21.9687,-21.7463,-8.33295,27.589,41.314,-64.7818,-15.6719,9.39798,-53.1369,-6.63554,25.2903,27.9372,47.373,115.168,-818.864,-616.832,-24640,21980,4060
-16.5339,-61.0144,-10.7954,-44.8505,-6.85025,16.4727,10.7764,39.3451,-77.7291,-16.95,-11.9881,-96.7252,-22.8545,64.7219,-21.0095,54.3175,96.136,-835.944,-597.8,-25200,24920,4200
17.0881,-10.6431,7.87189,21.623,15.9645,8.31013,24.8886,-7.93021,-1.19102,-3.78825,-41.6657,-95.8263,-37.4175,57.3422,57.0398,22.0274,79.056,-858.392,-612.44,-23520,22680,4760
106.841,93.0068,45.1981,103.258,55.6279,-1.68912,45.21,-51.0377,143.247,48.1827,-42.8595,-39.75,-30.9427,43.4933,124.753,-2.22357,76.616,-838.872,-608.536,-18760,20300,4060
78.5979,90.8025,58.3873,112.064,69.8763,15.578,33.0755,-41.8547,118.404,47.5741,-41.784,-25.2409,-16.2144,34.0129,105.248,-1.48746,78.568,-818.864,-619.76,-15400,18340,3220
-3.64025,18.3121,50.8745,41.4509,55.3546,44.9365,-7.65736,-4.05304,8.67808,15.1525,-34.7367,-34.2367,-0.805944,31.2366,-11.0588,14.6794,79.056,-785.68,-618.296,-10360,21840,2100
-10.6345,10.4463,55.556,5.40821,57.4754,59.6352,-41.4118,0.858652,-1.18667,12.9362,-18.9578,-1.25613,15.6464,44.4587,-97.5681,8.76043,73.688,-758.84,-604.632,-7560,22400,1400
61.3073,90.1628,81.1413,112.88,134.965,73.9937,72.3255,43.3903,83.624,51.6033,-9.77525,76.0629,21.6679,99.0274,48.6773,83.5376,65.392,-753.96,-605.608,-5180,21140,1260
-6.26103,50.1279,41.3426,101.904,109.679,67.8581,90.9079,58.8139,26.0382,21.5191,2.45755,46.2516,-0.774667,77.4293,79.9806,105.882,65.88,-742.736,-613.904,-5600,15260,1120
-61.5892,-4.87826,8.80496,44.4461,72.2232,50.598,51.7378,40.2211,-58.4701,-5.02339,6.63957,20.9281,-20.5103,32.7852,22.2122,74.9922,99.552,-730.536,-670.024,-5320,11900,140
-88.1375,-50.6512,-12.8627,-26.0572,21.7098,25.3337,-9.85381,7.58081,-107.347,-13.3403,11.8089,5.12004,-26.1994,-27.627,-61.9809,16.7717,111.752,-748.592,-664.168,-1680,10920,-140
-97.9901,-74.9612,-25.9426,-64.2994,-23.1892,5.61344,-73.4871,-30.0185,-130.308,-20.6099,20.3039,-3.64214,-27.8389,-71.4003,-117.399,-46.0082,116.632,-730.536,-655.384,2380,11760,140
-40.4256,-34.6307,-16.3692,-25.3848,-18.5828,-8.10028,-27.3906,-32.9349,-60.5307,-6.12475,26.8038,23.6478,-15.7792,-71.9739,-29.128,-41.9398,118.096,-730.048,-657.824,4200,12180,1120
12.6944,4.99833,-14.7655,-4.98209,-39.9644,-31.1241,-18.1031,-41.5684,16.3156,10.4045,30.4903,36.6079,-11.7562,-69.572,17.1892,-57.6668,119.56,-758.84,-642.696,4060,14420,1680
-0.819501,-14.2551,-25.2538,-10.4101,-64.7244,-44.9639,-24.6922,-29.9834,1.5122,-7.56145,15.1161,11.2058,-17.5265,-56.0102,20.183,-57.9213,111.752,-780.8,-641.72,2800,15680,2240
43.6526,2.45035,-10.2237,-43.562,-77.3978,-45.3905,-57.0721,-18.4902,62.5979,12.0716,16.1889,12.172,-10.3243,-30.6226,-58.4278,-54.9369,98.576,-787.144,-628.544,1120,17640,2520
59.8825,8.44437,-6.41226,-70.3857,-86.7856,-44.6552,-71.0153,-17.3312,88.4439,11.5904,14.2453,3.20827,-8.42079,-13.5649,-94.3728,-55.4908,100.528,-792.512,-629.52,-420,18760,2380
16.7026,-22.4181,-0.831922,-30.8786,-41.4303,-21.9643,12.1184,25.4263,-2.01504,-18.0927,-5.21652,-9.50186,-0.52911,32.4813,10.8607,2.67616,98.088,-793.488,-640.256,-2240,19880,2240
31.5337,-1.71543,18.1776,23.3358,13.0951,2.33991,77.2886,58.4488,2.46837,-22.5144,-11.1317,9.03873,13.7714,77.1939,82.2348,53.7685,96.624,-792.024,-641.232,-3360,19320,1960
63.7128,33.7666,24.1124,32.8965,13.0315,2.09016,41.951,33.2016,67.3691,0.28032,11.672,19.5382,24.7407,64.9832,54.6187,20.4595,100.04,-792.512,-643.672,-4340,18760,1820
23.7965,26.0054,2.69069,-10.3273,-8.18376,-5.66185,3.5031,19.382,75.4324,-23.0827,12.053,1.84733,21.3771,32.4377,-2.56952,3.44652,106.872,-791.536,-635.376,-4200,17780,1400
-70.1243,0.438874,-34.9681,17.0654,-2.87737,-3.41249,36.3615,24.7665,-5.00439,-89.6049,-42.506,-30.6289,8.34976,20.2674,56.5901,29.7793,112.24,-790.56,-646.112,-4060,15820,1400
24.9727,46.2432,7.38929,60.5789,37.7474,4.34884,52.3503,10.165,44.6917,16.4597,1.27392,29.6376,35.5644,33.4775,87.3525,29.9838,118.096,-770.552,-658.312,-3780,14980,1260
46.1068,5.91537,1.40952,1.37035,9.55298,-7.27088,31.0866,-14.4146,32.5713,56.2446,51.8451,25.1005,50.2924,0.739318,40.2187,11.0701,126.392,-766.648,-665.632,-3500,14840,1540
-26.9675,-77.5345,-32.8331,-81.121,-41.87,-15.7609,-43.6955,-44.8346,-74.6871,13.4079,36.3997,-22.676,41.3736,-40.3278,-64.592,-38.6423,125.904,-771.528,-657.824,-2520,16380,1960
-22.7942,-81.9969,-30.62,-103.892,-48.4198,-18.1454,-78.7953,-64.2103,-82.6872,12.202,23.9885,-17.633,37.9081,-51.5539,-106.012,-68.7255,124.928,-760.304,-654.408,-1680,17640,2240
38.2883,20.5423,0.063447,-1.97703,6.95409,-3.222,-46.2789,-50.0062,12.6246,36.1481,27.3106,34.729,38.5055,-22.8284,-43.3603,-43.5885,127.368,-763.232,-647.088,-2100,19180,2100
25.0546,77.4336,1.06731,64.0191,38.6607,3.98005,1.55818,-10.2222,56.6949,12.1976,11.5233,37.8358,15.8508,-2.30265,5.81689,9.16677,126.88,-763.232,-634.888,-3780,20300,2240
-37.1428,24.0165,-22.9341,45.8369,18.4678,1.42038,15.5261,-3.62519,-16.9928,-28.806,-41.8627,-14.8344,-26.3733,-5.20656,35.2591,17.7037,117.608,-760.304,-648.064,-4900,21140,2940
-53.3559,-4.88783,-19.8063,22.3992,9.38557,-4.36711,-10.4051,-21.6115,-62.0408,-21.3564,-51.6049,-35.9501,-45.9621,-11.1685,11.5292,-12.436,121.512,-768.112,-650.504,-5320,22540,3220
-17.4223,24.2877,-4.17779,17.6896,17.9825,3.25403,-3.86265,11.0477,-4.29965,-5.78448,-41.1654,-25.6236,-49.8186,-13.8366,-6.59341,11.2544,115.168,-763.72,-633.424,-4760,23520,3220
-51.1271,-18.0748,-4.79,-15.6358,5.51983,19.4717,-15.4577,35.235,-57.8176,-26.201,-50.6836,-47.8238,-56.9385,-19.7835,-31.3613,28.214,120.048,-758.352,-640.744,-4200,22120,3220
-83.5577,-71.5611,-4.12329,-38.9378,5.01183,22.495,-13.6732,21.9772,-131.617,-39.4351,-56.1368,-63.8707,-56.9263,-26.0282,-25.8019,19.0058,128.344,-746.152,-658.8,-3920,20860,2800
-52.5254,-71.7433,10.5865,-39.3017,21.5846,22.4438,8.34892,18.0191,-109.605,-12.6506,-38.8396,-43.6803,-45.5841,-18.7571,-14.84,27.6312,112.24,-756.888,-639.28,-3080,20300,2940
-16.0783,-19.2132,9.07551,11.4719,28.0836,7.12958,37.2508,15.3946,-21.5241,1.31837,-19.9527,-23.2345,-37.3536,-19.9076,44.7843,32.8622,114.192,-758.84,-659.776,-2800,18620,3080
59.4768,63.6164,23.357,69.99,28.2634,-1.69837,42.2132,2.94044,103.167,39.7357,7.66869,20.8512,-25.9343,-8.73207,75.4432,18.8529,113.216,-759.328,-645.624,-1960,19460,3080
53.6233,53.7376,26.9799,25.4944,-3.68091,-5.7078,-3.19346,-16.7363,93.8985,40.8008,25.3649,29.3578,-15.2534,9.80222,-6.32124,-16.2371,103.944,-761.768,-627.08,-1960,19040,2800
17.1955,-19.047,17.9826,-61.0439,-51.0359,-11.7588,-63.6117,-24.4717,9.79716,27.9709,33.2332,11.0854,-5.01326,22.9458,-102.87,-46.9093,101.992,-760.792,-617.808,-1820,17360,2100
25.212,-22.5239,23.3885,-44.0586,-39.8562,-4.8048,-19.1795,4.00852,9.01903,26.8155,37.2569,21.6427,18.016,54.1893,-44.8809,-9.19528,102.48,-765.184,-622.2,-1960,14980,1680
37.672,52.088,24.9304,73.3876,12.6327,1.70005,67.9222,29.4434,59.6956,9.59583,23.9064,45.722,32.9508,73.3879,102.966,34.8043,101.992,-764.208,-626.104,-2380,11900,1120
14.4816,20.7829,24.6642,30.4494,21.1197,14.1511,44.9834,34.487,-7.15752,2.72485,20.2303,39.3256,45.5664,69.5448,20.3775,33.9776,103.456,-760.792,-638.304,-1820,9800,840
38.3009,17.1691,11.9913,-26.9705,-3.82329,10.7206,-12.8581,17.5395,45.5827,-3.54741,12.8303,31.2942,47.1306,31.0107,-59.9716,2.17779,101.016,-759.816,-642.208,-700,9660,420
81.553,76.7975,-1.19845,29.1222,-11.6798,-1.88474,-24.626,-0.657696,153.166,16.2757,21.0521,35.3532,45.5693,-10.2694,3.96042,-26.32,84.424,-758.84,-648.064,280,8960,0
26.0105,11.7621,-15.2668,4.87538,-11.2762,3.46852,5.14905,8.52053,57.0198,10.3796,30.834,3.43638,44.6021,-17.9803,38.5802,-6.3948,100.528,-750.056,-646.6,140,6860,-560
-43.2076,-48.0173,-35.8659,-23.2483,-19.2601,3.45466,-7.19006,-0.925603,-54.6885,-22.1496,24.0844,-28.6817,34.0746,-32.5551,10.2135,-13.7335,107.848,-763.232,-671.488,-140,8120,-1680
-5.81004,7.44145,-16.9912,14.136,14.2054,12.4117,17.4716,15.054,0.632674,-9.84391,8.96821,4.13019,33.0007,-29.9951,29.1097,6.82458,100.528,-744.688,-655.872,1540,13020,-3080
0.352702,-0.0976511,-15.7464,0.684047,24.2901,13.3007,19.9724,17.9246,15.5215,-19.5025,-8.38639,1.04527,11.9634,-50.2656,29.2229,12.6255,113.216,-751.52,-650.016,1680,19040,-4620
-21.0749,-57.3317,0.202031,-45.3681,36.0228,19.6084,-0.0191874,0.584068,-82.9155,-6.17307,-9.46045,-7.67168,3.25941,-53.198,-25.2688,-2.20986,107.36,-748.104,-635.864,1400,23660,-5320
-39.3257,-43.9387,3.03536,-17.508,44.3583,19.1183,15.0385,12.2501,-88.3171,-15.5533,-18.0238,-9.63212,-6.98767,-41.8001,6.55406,10.5056,93.696,-752.984,-628.544,700,26880,-5600
-59.4808,-2.76766,-22.604,44.5631,16.5065,-6.8489,17.5734,4.02529,-26.5595,-45.1681,-19.5547,-32.1351,-23.3172,-46.0226,71.8415,0.325961,94.184,-781.288,-621.712,-1540,34440,-7840
-68.2405,-7.02356,-23.9577,30.0255,-12.7077,-27.4763,-10.8891,-28.4499,-45.3536,-53.0491,-37.4741,-36.9291,-34.7934,-15.1653,16.1416,-22.5531,99.552,-794.952,-623.664,-2100,37100,-9100
-13.9561,-9.84776,-1.41055,-24.8838,-34.2484,-33.5163,-52.8562,-49.474,-19.8036,-10.842,-25.7999,-16.7229,-36.3335,28.9875,-85.9313,-44.1524,97.112,-779.824,-615.856,-560,31360,-7700
32.9327,-9.96138,16.4574,-36.9874,-31.5148,-26.3524,-23.8157,-29.8014,11.0332,25.0785,-11.8001,0.259766,-29.3981,59.5131,-55.9719,-15.3691,107.848,-743.712,-650.016,1120,19320,-4760
-11.4666,-68.3767,10.2185,-71.544,-44.3209,-15.8711,-46.0046,-23.1153,-68.2383,10.2756,-14.2569,-22.8128,-30.4936,54.3073,-88.5882,-13.9374,121.512,-722.24,-659.776,1960,14560,-3080
6.90883,-25.3724,14.2992,-28.1522,-36.7178,-13.2835,-44.2862,-21.3777,-29.3295,26.5135,0.204908,-8.33075,-18.733,35.5311,-70.6791,-15.004,131.76,-714.92,-656.848,3780,10640,-1120
31.5203,49.0396,1.70356,32.4231,-30.4034,-14.4113,-8.01877,-6.94686,68.7912,22.6077,-3.86889,6.84306,-16.6987,14.1486,1.54886,1.89559,133.712,-713.944,-644.648,5320,9380,560
-2.18073,10.0053,-15.092,5.38434,-33.3497,-13.4275,18.5132,-14.9662,33.491,3.54328,-1.0479,-10.3634,-14.7519,3.15805,33.2399,4.41157,131.272,-733.464,-637.816,5040,8400,1680
8.22337,36.655,-0.619084,56.996,12.5,-10.7216,63.4853,-22.1937,32.3338,14.2062,11.6843,18.8747,-0.218127,14.846,110.705,15.0571,129.32,-743.224,-633.912,4200,8680,2660
35.1667,59.6355,15.5045,58.9639,28.3844,-3.59949,37.9821,-6.0041,52.4352,35.9841,28.3983,42.6158,8.05524,15.3129,69.0431,13.3978,124.44,-753.472,-632.448,3640,9100,3360
-11.1199,5.01348,-6.69958,-16.5935,-12.8046,-4.23071,-43.7701,-8.51275,-3.5032,2.70695,24.8484,4.69828,-0.991713,-18.3595,-47.2068,-22.9363,124.44,-754.448,-632.936,3780,9380,3640
-22.1487,0.0365097,-12.5541,-26.9206,-11.2967,6.20859,-57.7663,5.43171,-8.19654,-20.7191,7.92915,-4.75133,-6.00219,-25.1064,-71.8618,-18.4211,120.048,-750.544,-631.472,4620,9240,3920
19.8725,25.3496,8.2261,18.2085,33.5103,20.7193,21.2106,39.1782,27.4773,0.806721,4.60187,19.6494,2.50889,-7.6943,17.9438,36.3934,123.952,-747.128,-629.52,5040,8960,4060
13.1834,-14.3513,16.0489,-4.45593,45.5905,32.7342,55.797,54.9757,-12.6389,4.1002,6.75545,10.7688,11.1453,4.92239,33.2326,61.0282,118.096,-745.176,-631.96,5460,8260,4340
-5.50619,-36.5411,14.6475,-24.8863,40.335,32.4341,35.9114,41.2072,-51.7066,-9.94466,-1.35985,2.05447,17.9891,12.4717,0.234424,42.9321,118.096,-741.272,-631.96,5320,7980,4620
-13.1365,-1.30759,-7.36307,7.36442,24.2293,18.2245,20.6941,26.4642,-13.2246,-37.262,-18.8024,-7.18732,11.3255,0.207724,17.7022,21.0822,118.584,-738.832,-633.912,4480,7420,4760
-15.8778,-1.12525,-19.1381,11.2122,6.56295,9.55788,0.984496,22.9648,-14.9529,-40.899,-24.9856,-13.587,6.6459,-9.73025,14.2986,5.83262,120.048,-741.272,-632.448,3920,6580,5040
23.759,3.569,-3.36688,6.07478,11.2238,-6.02517,-8.11722,-14.8706,-0.706558,3.31203,1.11547,5.6531,11.6049,-16.0137,1.31175,-23.3896,121.512,-741.76,-637.816,3360,6580,5180
30.9299,2.41307,0.599033,-0.910765,10.9285,-16.1755,9.98066,-35.3239,15.0642,22.9595,17.8945,6.37949,10.799,-16.0553,21.9137,-26.1364,119.072,-743.224,-637.328,2940,7000,5320
27.5507,14.325,6.60233,6.1507,8.11079,-10.6623,2.89884,-20.6767,30.6566,24.0663,7.6702,10.078,10.7559,-11.6454,20.1014,-19.5756,120.048,-743.712,-639.768,2940,7140,5320
33.8598,27.7453,8.74801,-0.989871,-3.55302,-3.12022,-15.3475,0.0990233,58.162,27.6847,8.01428,14.1848,8.41011,-13.7155,-11.8097,-11.0652,122,-745.664,-635.376,2660,7560,5460
12.8971,17.232,5.2186,9.97621,-4.28628,4.64841,-2.79506,11.5878,37.8504,18.2874,3.1492,7.39559,5.86742,-9.16191,5.59195,2.65481,121.024,-748.104,-638.792,2520,8540,5320
-12.0651,0.616211,3.30393,7.10376,-7.44999,5.89246,4.81867,2.83684,4.82297,11.6312,4.38238,-1.14193,4.91332,-3.34839,11.046,-0.115139,118.096,-747.128,-635.376,2240,9100,5180
-24.464,-20.1918,2.68781,-9.60503,-15.9627,4.90062,-10.8338,-5.04785,-29.3339,12.4844,4.66319,-8.09338,5.29822,1.88334,-10.5799,-10.7499,118.096,-745.664,-631.472,1400,9800,4900
-38.5045,-31.7798,-8.6757,-27.2111,-32.6691,1.1411,-39.2532,-4.39142,-34.4565,-5.73916,-2.58775,-20.9627,1.21356,-6.29526,-45.4752,-19.8153,112.728,-745.664,-631.472,1120,10080,4760
-43.1522,-19.6389,-15.5173,-18.8152,-28.3493,-0.564232,-27.3089,-5.98152,-12.5211,-21.4428,-0.820341,-24.8184,-0.844338,-7.80243,-35.1125,-11.1457,116.632,-745.176,-629.032,280,9800,4760
-19.0942,0.51377,4.58215,9.6114,8.64875,10.6215,12.8537,-1.03473,-9.58413,-11.633,-13.7889,-0.786454,3.5348,17.6083,-0.275403,13.0586,116.632,-746.152,-630.496,-560,8960,4480
-12.5145,11.1993,10.673,30.4043,25.7925,11.0918,36.2421,-0.331048,-12.4672,-12.0889,-22.3369,6.66998,3.30027,23.9141,33.8746,23.8416,117.608,-747.128,-633.912,-1120,8120,4200
-9.91376,14.1555,6.79268,40.0697,25.6035,13.1508,39.5487,18.9336,-12.6631,-14.0317,-27.7827,3.82443,-1.3477,21.4299,47.1145,36.1878,118.584,-746.64,-629.52,-1400,8400,3780
-2.72865,-0.686072,-1.3857,-8.55211,-11.2457,3.84678,-12.5304,13.0176,0.75683,-6.40976,-8.77326,-7.81772,-8.34966,-2.30072,-19.2824,6.13782,117.608,-746.152,-636.84,-1540,8680,3500
-18.6239,-42.722,-18.2383,-61.7056,-44.5387,-10.7925,-46.072,-7.24201,-27.9096,-14.6467,-0.373825,-33.3283,-19.7423,-22.6085,-72.3367,-21.1866,119.56,-743.712,-632.448,-1400,9520,3360
-19.5474,-38.4088,-14.3686,-40.2811,-28.7916,-13.8923,-20.6258,-19.4651,-43.3573,-17.9936,-6.30558,-21.8588,-17.7669,-8.35219,-36.6805,-18.6983,116.632,-739.808,-633.912,-1540,10080,3220
45.0624,34.9167,11.714,28.0317,7.65249,-20.9208,4.6626,-41.5067,41.9326,21.1523,18.5689,27.249,-0.792297,10.859,24.9085,-28.0949,115.656,-737.856,-630.984,-1540,10360,3220
54.9632,45.3869,10.2838,37.9039,9.82557,-18.8159,15.1228,-18.0084,60.2961,23.8829,18.7853,34.8712,4.22729,17.0597,40.1722,-11.3877,111.752,-739.808,-632.936,-2100,10780,3220
22.2646,2.18363,-2.05115,1.23571,-9.54725,-11.6509,4.24537,17.3366,15.0245,6.94674,12.9327,12.6816,5.17059,13.3561,8.90661,8.65364,109.312,-740.296,-633.912,-2100,11340,3080
8.8658,-18.99,-3.72587,-26.959,-19.3609,-13.1296,-18.7513,1.07063,-16.5911,6.48851,20.9799,0.682883,4.27181,7.73403,-33.2627,-7.98323,108.824,-736.392,-635.376,-1960,11620,2940
2.45997,-9.82897,-3.99552,-6.98906,-6.2926,-14.9539,2.77853,-17.0042,-19.5258,0.422744,12.5599,-1.6513,-1.43016,3.50421,2.36566,-12.7273,109.312,-732.976,-634.888,-1960,12040,2800
-16.5864,-24.2787,-11.7942,-20.4102,-18.261,-12.5006,-17.7663,-12.0124,-31.1286,-14.5696,1.02834,-18.5904,-11.2919,-12.3069,-9.11912,-20.8232,103.944,-736.392,-634.888,-2240,12040,2520
12.3835,2.87262,4.65431,-11.3107,-2.36058,-2.14588,-16.0611,2.37381,4.05192,3.55788,1.66483,1.90835,-7.36845,-5.65112,-11.7172,-9.67569,104.432,-732.488,-631.472,-2380,11760,2380
29.0341,36.1171,16.2464,21.7288,26.3965,11.4976,19.9379,20.4669,41.2778,9.50485,0.539505,22.0586,-2.66939,9.51972,20.1077,19.6834,105.896,-731.512,-629.52,-2660,11340,2100
-19.6291,9.56431,-7.69018,8.35738,17.4166,11.111,31.5913,29.7631,15.1938,-30.9786,-9.99704,-7.54986,-10.8182,2.1009,26.9793,30.6961,106.872,-732,-631.96,-3360,10920,1680
-15.0144,6.72181,-2.0003,14.01,24.4197,9.53411,40.4328,32.797,0.473982,-17.6177,-14.6519,-2.78941,-7.15939,9.93344,35.5168,36.5365,103.944,-732.976,-630.008,-3500,10500,1400
-27.1421,-20.0756,-0.568527,-12.4207,3.34707,7.34765,3.28599,21.5327,-37.7966,-6.0326,-11.6451,-12.8059,-8.28029,4.97993,-7.81288,14.5753,105.408,-735.416,-636.352,-2940,9800,980
-26.0074,-38.795,-13.5028,-45.8903,-29.9944,-2.56282,-41.0546,4.46285,-27.7287,-5.2656,-5.94885,-29.9544,-12.2905,-22.233,-51.8241,-16.172,106.872,-732.976,-633.912,-2520,9520,840
-7.74032,-25.7705,-6.92649,-33.5284,-22.4057,-4.00208,-43.5973,-10.2067,-8.65312,5.81621,-2.47561,-18.3773,-5.45033,-29.2647,-41.653,-27.1804,106.384,-729.56,-636.84,-2240,9240,560
-12.0211,-11.2469,4.07029,10.3776,21.1736,6.17244,8.63612,-2.20828,-25.5497,1.17975,-7.64703,0.321516,-3.58489,-9.23913,14.441,5.77364,107.36,-728.096,-632.936,-1960,9100,560
-2.93159,17.4841,10.0148,37.4224,36.3555,9.50692,21.2342,0.804427,-5.67074,4.31051,-8.02271,14.946,-3.88104,-1.24135,29.016,16.3491,106.872,-726.632,-631.96,-1680,8820,700
22.5296,29.1635,6.5222,31.083,19.7337,4.35629,0.85749,-10.2947,34.8137,19.7325,2.08293,14.6793,-3.43861,-6.22365,16.2418,1.92893,104.92,-725.168,-631.96,-1400,8960,700
22.6644,18.0421,0.926065,18.8662,10.8824,8.55056,2.79275,-7.85187,29.5589,18.4476,-2.58017,9.39942,-2.43991,-2.0698,12.653,6.19811,107.36,-726.144,-632.936,-1540,8960,980
15.2587,25.2599,4.80099,25.91,23.2035,17.2432,25.3188,-2.2898,26.2556,14.2648,2.05155,13.1344,5.47001,10.4901,22.7927,21.7554,107.36,-723.704,-630.984,-980,8960,980
36.0254,49.0329,19.3176,48.2877,36.9799,15.841,31.9346,-26.6752,53.1723,32.3408,23.8245,30.3435,17.0007,12.9531,39.8546,3.80564,104.432,-721.752,-640.256,-560,9520,1260
29.0043,46.5503,23.8903,53.5831,39.2163,14.1118,29.9375,-26.0326,40.7925,24.1135,13.2739,32.3387,16.6449,14.6097,49.2005,-4.66622,107.36,-720.288,-638.792,-140,9940,1400
-1.28441,9.56238,11.9384,19.1701,11.5562,15.9968,2.25896,5.6358,-1.12398,2.08756,4.29378,8.78441,21.8225,5.51243,12.8248,1.45858,106.872,-713.456,-645.624,700,9800,1400
-14.3453,-15.3551,4.13209,-16.6687,-13.8558,10.985,-26.0637,12.0704,-22.251,-3.23056,6.36565,-4.62542,23.7627,-10.0259,-34.5108,-7.45231,109.8,-710.04,-645.136,1120,10920,1400
-9.98059,-17.3542,-0.349627,-25.1656,-19.6433,3.52439,-24.8947,9.00397,-11.6024,-5.15493,-0.764819,-4.81228,16.9965,-18.5631,-42.6742,-10.972,107.36,-704.672,-646.6,1680,11060,1540
-16.9729,-14.1739,-3.68733,-15.2707,-15.7121,5.58671,-8.23329,17.2115,-7.31688,-8.07833,3.43744,-5.39143,19.8951,-9.70708,-21.1905,-0.918076,108.336,-704.184,-644.648,1960,11340,1680
-46.3075,-31.3097,-17.0057,-27.9778,-28.5026,-3.45663,-12.9871,16.6914,-34.888,-26.6609,3.7024,-21.8139,17.212,-5.62946,-27.0801,-3.50146,106.872,-704.672,-642.696,2100,11620,1820
-20.5164,-24.9151,-11.9179,-21.2511,-28.7495,-11.3271,-6.49812,12.8546,-28.4722,-13.716,-6.8461,-14.9289,15.3403,6.18315,-18.0009,-1.16712,109.312,-703.208,-640.256,2940,11200,2100
-5.33659,-26.1142,-12.7917,-22.1594,-31.7365,-21.094,-4.03277,7.55997,-25.4482,0.394997,-6.48516,-14.8653,14.3692,9.61358,-12.6641,-2.32264,111.752,-701.256,-640.256,3080,10500,1820
-4.65822,-27.5347,-16.5843,-31.3984,-38.8571,-25.7613,-15.5722,-0.318183,-20.0177,-0.950851,-2.48452,-14.7192,14.2056,4.45632,-22.2102,-10.0442,111.264,-699.792,-637.328,3500,10080,1820
10.9176,0.878986,-8.07684,-5.4956,-14.2497,-18.0638,7.92153,-3.54551,6.0403,4.91919,-2.41814,1.43084,6.16173,17.95,6.54105,7.47402,112.24,-696.864,-635.376,4480,9800,1680
1.3654,-5.19139,-8.45865,-12.201,-11.959,-18.6848,1.88565,-16.0947,-2.07431,-3.59397,-5.97224,-3.40576,-2.7124,10.5105,2.52718,-0.411747,111.752,-696.376,-635.376,5040,8960,1820
6.73779,-3.8223,-6.27117,-15.3042,-14.6857,-17.4203,-4.06327,-24.8538,0.710377,-3.82957,-6.4453,0.246597,-15.1358,5.77946,1.67234,-7.05577,111.752,-697.84,-636.84,6160,8260,1960
-14.8208,-14.6017,-16.3825,-21.4121,-27.6988,-14.3437,-8.21375,-27.3699,-17.1328,-26.4976,-14.4373,-14.1787,-20.8839,2.18152,-0.792414,-10.4311,113.704,-696.376,-635.864,6440,7280,2100
-8.04352,-7.33508,-10.3928,-21.0462,-29.3821,-8.19043,-11.8779,-26.4996,-5.97116,-29.5443,-16.1419,-12.0743,-17.7722,7.99549,-5.76368,-16.2599,113.216,-693.936,-632.448,6860,6720,2100
22.6545,17.2269,11.1294,1.80928,-6.89559,-2.62036,8.52413,-18.9809,16.5496,0.860659,-3.14508,9.44981,-10.9481,23.9222,13.9893,-3.66285,114.192,-694.424,-628.056,7000,6020,2100
20.9998,14.797,14.4592,3.12304,6.54421,0.413076,13.1418,-12.0981,9.95947,4.69369,2.52766,10.2504,-12.9552,19.0572,8.58084,5.63502,115.656,-695.4,-633.424,7700,5040,2100
11.7224,11.6427,5.40828,3.54327,18.1649,1.11196,6.96929,-4.18198,7.8739,-8.42967,-2.99089,3.56901,-31.2811,0.643804,1.48992,1.91805,116.144,-695.4,-630.984,8820,4480,2380
17.1805,14.8954,5.51555,14.0005,34.299,4.80283,9.16087,12.4842,15.1561,-6.83507,-1.60328,4.77684,-39.1428,-12.5788,8.91601,2.8618,114.192,-695.888,-630.984,10360,3780,2660
9.41373,1.68577,-1.25137,6.0536,29.5144,-0.629978,1.0595,14.0909,7.42108,-7.07425,4.66931,-7.01202,-33.2591,-25.8587,2.61549,-4.45746,115.168,-699.304,-625.128,11620,3080,2940
5.21466,-0.916622,-3.24916,9.25127,28.5187,-2.65743,5.35052,15.3688,2.63326,-6.75783,7.4495,-3.46877,-29.7825,-20.0375,8.90114,-5.60511,111.264,-698.816,-626.592,13720,2380,3360
3.70283,-0.711261,-1.43882,4.59408,13.5404,-10.7744,-3.32063,12.7107,4.22949,-3.70819,8.59436,-5.16014,-24.5242,-11.5026,1.00615,-12.897,111.264,-702.72,-621.712,14560,560,3640
-7.50397,-10.4901,-5.91567,-6.2107,-5.836,-21.6418,-17.9305,6.8651,-3.28942,-6.65595,1.77869,-12.3562,-18.5549,-3.55631,-11.8885,-17.1078,106.384,-709.064,-620.248,16380,-980,3780
-14.0825,-15.1723,-5.93804,-10.1939,-10.111,-23.9931,-28.0832,1.71881,-6.95697,-9.65636,-0.949052,-13.6579,-8.59133,-1.31354,-22.427,-16.8454,107.848,-710.04,-629.52,18060,-2800,4060
-27.6778,-25.8357,-13.1421,-15.1423,-5.71754,-19.6597,-29.6093,-0.994315,-14.0112,-28.494,-15.8345,-25.2273,-9.97673,-20.2495,-25.1614,-13.6014,107.36,-711.992,-629.52,19040,-3360,4480
-7.83508,0.701289,-4.03811,10.5181,29.3537,7.23581,-9.87475,5.35192,16.943,-21.215,-17.8125,-14.015,4.65014,-36.3005,-4.84585,5.87021,113.216,-716.872,-635.376,21280,-4200,4900
1.82509,19.1181,13.5424,36.0307,66.5341,40.2618,8.73104,4.84318,23.699,8.83995,14.7539,4.62027,56.8392,-50.4903,12.0024,16.3442,103.456,-726.632,-642.208,22260,-4340,5040
5.49885,20.9562,28.1277,37.1353,76.6727,64.9388,13.3119,3.29319,16.4802,40.1522,43.8897,38.85,57.9903,-53.4581,12.003,15.8384,109.312,-726.632,-630.008,22400,-3360,5460
9.67785,27.9242,35.9804,34.2412,63.3729,70.5186,26.9303,16.0176,22.0553,55.405,39.7966,49.1923,62.9647,-33.6582,21.6459,29.9575,102.48,-736.88,-630.984,25760,-4900,5600
4.13928,33.8727,26.693,35.99,30.2945,56.5259,37.7376,21.4587,19.6964,52.2367,18.3315,39.2133,61.4891,0.138097,42.6345,38.5951,99.064,-740.784,-618.784,27020,-6860,5880
5.30057,34.9674,20.2604,31.0553,-10.0345,33.9349,33.4505,21.4164,15.4897,52.4985,0.606564,36.8172,10.0921,34.2392,46.634,34.1969,103.944,-751.52,-607.072,28280,-11620,6300
5.36751,18.3273,12.6845,12.6371,-49.341,9.10594,17.5201,13.9822,3.8887,52.4368,-2.24779,28.5562,-44.1629,47.5433,28.6014,22.6166,99.064,-765.184,-598.288,30100,-16660,6440
-0.194764,-3.28762,-2.13068,-12.1762,-80.1338,-11.3904,-5.54002,-0.23025,-17.484,37.9903,-7.02893,17.1136,-94.4725,53.8874,-0.938792,3.01376,95.648,-787.144,-588.528,31220,-22680,7000
-8.20058,-20.7425,-15.2425,-30.4203,-93.1555,-16.2887,-11.9751,6.01788,-31.3188,17.7916,-10.0508,-0.124277,-97.786,55.7115,-19.7528,-1.73972,94.672,-794.952,-581.208,32060,-27580,7980
-7.89565,-14.1737,-17.4557,-14.5633,-74.502,-9.71428,1.40548,16.0004,-27.3345,5.72607,-4.26137,-9.56041,-43.097,61.0267,-6.92407,8.68627,92.232,-809.592,-587.064,31500,-31500,8120
-9.29484,13.4068,-11.9409,30.9422,-20.226,4.35473,36.0446,23.9314,-16.6428,-11.6515,-6.48687,7.38908,-6.52147,74.5987,30.5231,35.0641,90.768,-813.984,-575.352,28420,-33600,8120
-10.431,15.7135,-7.5153,30.9629,2.39404,1.27607,27.2958,11.8502,-16.9889,-19.8222,-5.36521,0.48197,24.345,46.1399,20.6543,22.6267,99.064,-816.912,-580.232,28840,-35840,8680
-12.2403,-2.31182,-9.85751,5.75504,9.68771,-11.4601,-1.0048,-11.0679,-24.1219,-22.8249,0.400538,-29.6006,79.5138,-0.5869,-12.1134,-7.97473,103.456,-825.696,-583.648,30100,-39340,9100
-9.94879,-13.4213,-16.7852,-15.3149,17.7633,-22.7259,-23.6926,-28.9246,-21.6015,-27.6603,-1.94545,-35.2346,110.621,-35.2724,-43.8393,-33.3744,99.552,-827.16,-577.304,29820,-42000,9380
-18.7816,-25.2534,-22.6613,-34.6502,10.336,-34.1667,-35.0898,-39.2677,-24.6428,-34.9401,-14.7609,-41.0446,92.6568,-49.8666,-57.5892,-47.7148,102.968,-828.624,-571.936,30520,-44660,9380
-10.2409,-25.3865,-12.1368,-38.0765,-3.74664,-29.119,-29.8778,-26.81,-17.9454,-24.5245,-13.9367,-39.5619,72.178,-36.1401,-42.1255,-40.4574,104.92,-821.304,-575.84,34440,-49000,9100
9.2489,-20.1865,3.29734,-30.8135,-4.85402,-21.0681,-17.422,-8.20222,-1.64359,-12.7469,-13.0854,-21.6796,54.7524,-12.1025,-21.5351,-25.9147,111.264,-833.504,-586.576,35420,-52080,8680
12.4057,-23.0261,3.72715,-30.9446,-5.34037,-19.5316,-13.1128,-5.96234,10.0937,-20.9259,-20.8297,-13.5852,13.5032,-9.72564,-13.3617,-20.4729,115.656,-843.264,-587.064,33880,-55300,8260
5.52056,-36.9742,-4.88362,-45.3725,-18.9103,-26.3497,-25.2404,-11.2203,13.556,-36.8507,-32.339,-27.9054,-12.7101,-19.5077,-20.1964,-28.4956,120.536,-840.824,-588.04,33040,-56140,7700
17.697,-31.2887,-3.31115,-40.7025,-5.38745,-22.8662,-21.635,-8.6665,33.4357,-40.0871,-26.2669,-25.1547,-29.0625,-17.9048,-13.6923,-22.255,122.976,-836.92,-589.504,32620,-56140,7420
52.8293,-2.84133,16.2694,-8.52179,35.0645,-10.7218,-0.509437,-6.5096,65.0715,-19.5485,-0.589487,1.08006,-39.6533,0.331946,8.30118,-3.95607,119.56,-840.824,-593.408,31220,-55720,6580
75.2464,23.175,28.3652,26.1897,69.8228,2.80192,24.3974,-11.7403,91.8321,-8.75445,19.2738,19.5481,-46.7237,9.60813,36.5547,14.7717,117.12,-842.776,-597.312,30660,-55580,6160
81.979,35.4712,35.3486,37.1562,81.4084,13.4363,33.2816,-10.993,60.9965,-5.1237,31.9564,29.4194,-39.7618,10.9796,43.3109,29.1508,107.848,-835.456,-602.68,31220,-56140,5740
24.2202,26.3974,17.9763,28.887,67.8306,18.8674,19.5013,-9.74125,6.02364,-16.6432,29.8929,20.8962,-38.9602,0.727481,22.6597,26.9552,106.384,-830.088,-602.192,32480,-57400,5320
-36.7229,17.9991,8.41377,19.6622,47.4495,23.7686,0.666324,-13.096,-11.3367,-12.4424,24.8199,13.7568,-35.2548,-13.2701,4.58106,14.4012,119.56,-840.336,-597.312,33040,-58100,4760
-56.3106,2.42407,7.83796,10.7583,16.782,11.3239,3.77658,-11.601,-42.4077,2.84008,6.58257,10.5029,-35.1507,2.00862,10.5589,14.0074,116.144,-837.896,-602.192,33600,-58100,3360
-66.4702,-33.9915,-18.6748,-29.7657,-57.3956,-24.9923,-5.35789,-14.3035,-76.6917,-4.00555,-10.6965,-10.5496,-49.4209,30.1183,-0.0594989,5.52435,100.04,-798.856,-609.512,33320,-57680,2240
-30.141,-33.7412,-30.1951,-54.6304,-126.167,-59.13,-30.6861,-33.8273,-59.9006,11.5132,-7.62706,-7.84514,-48.213,56.5977,-24.021,-23.0693,87.84,-811.056,-610,31220,-56980,2100
-25.5083,-20.6143,-42.6295,-43.1417,-156.545,-64.3858,-34.5848,-31.2478,-52.8337,11.098,-9.144,3.48045,-34.146,71.7833,-23.8624,-33.8218,86.376,-818.376,-610.976,28840,-56140,1680
-45.6215,-8.81505,-50.0009,-11.5515,-122.488,-45.9204,-11.6203,-3.22217,-57.8067,-4.37058,-14.3575,5.79235,-24.0326,53.2266,2.46069,-13.5221,82.96,-836.432,-600.24,27020,-55860,980
-30.6892,11.4622,-38.1361,10.0895,-42.5899,-13.2819,-8.97755,16.6041,-33.4003,6.8665,-7.15041,8.91335,-12.7265,-19.9515,0.0902306,-4.0355,81.008,-833.016,-608.048,25200,-57120,-280
-8.22965,20.5674,-18.1798,11.9449,49.1084,30.2712,-10.6594,29.8627,-7.23749,28.5767,9.46791,14.0658,-3.63801,-112.605,-18.9072,1.22217,72.712,-819.84,-611.464,24360,-58800,-980
16.5498,34.0765,2.5611,20.0496,116.222,68.801,-0.392397,37.4529,21.7737,44.5539,20.8757,24.4178,4.95821,-173.268,-19.6375,4.31369,88.328,-809.592,-613.416,23660,-60480,-1400
9.21566,28.0168,7.54097,13.3305,94.9867,75.8398,-1.78755,44.2559,23.224,41.3945,19.2275,24.0153,23.2246,-156.071,-23.3851,0.35742,90.768,-815.448,-609.512,23100,-61460,-2520
-14.3799,25.0006,3.70285,19.2664,43.2819,64.7595,8.90182,50.894,19.2557,21.0186,11.216,21.6976,28.227,-91.9193,-5.88225,5.64009,78.08,-820.328,-588.04,23240,-61320,-3640
-35.5378,14.1557,1.59529,33.7614,15.3029,49.7217,31.2392,54.8017,4.31807,2.07889,-3.55138,14.762,39.3445,-21.6579,22.9984,16.9109,72.224,-837.408,-575.352,22260,-61740,-4060
-39.678,-15.2288,-9.08127,20.93,-15.7292,25.3581,31.0969,38.8101,-7.09446,-0.481819,-12.9898,-5.81805,40.7653,26.4283,28.3324,12.687,67.344,-833.992,-590.968,22540,-63980,-3920
2.52785,-16.606,-10.0315,1.43592,-38.8111,4.1828,2.70044,13.7024,32.8779,20.527,3.61557,-11.7378,32.9593,37.9833,9.29318,-4.48468,65.88,-808.128,-590.48,22960,-67340,-4200
30.6902,-5.35526,11.0081,0.277137,-17.6497,5.38162,-3.59155,8.39811,53.8419,32.0173,10.8896,-2.89919,32.9035,23.7877,-2.27853,-2.08577,65.392,-809.104,-583.648,23100,-69160,-3920
37.5628,-2.35637,38.1801,13.3848,21.6511,21.9372,16.0837,17.4992,53.5169,23.7097,3.55452,0.692169,36.6654,20.4902,11.0199,15.7597,79.056,-807.64,-590.968,24080,-71120,-3640
56.5023,5.95112,55.7612,31.2125,37.1844,24.5375,32.1886,21.9204,67.2795,20.9712,-1.76991,1.88534,37.9117,36.5425,32.7273,26.3258,79.056,-803.248,-599.752,26740,-72380,-3220
55.2406,6.68737,50.6726,29.7865,22.2558,12.088,31.9878,17.8764,55.8704,7.16321,-9.41742,-6.49696,38.8761,46.9409,36.1616,24.253,76.128,-787.632,-608.536,28980,-72800,-3220
44.7427,7.76101,37.889,18.5493,1.9471,-4.92494,20.189,7.20965,37.388,-8.73755,-18.8676,-16.4479,33.9135,44.0571,28.1751,13.613,77.104,-783.728,-608.048,31780,-72800,-2940
29.0207,7.69795,26.3608,9.962,-8.86827,-20.8536,8.14986,-3.3539,14.5282,-18.1803,-24.4119,-26.4871,23.8009,43.6077,16.2729,0.939061,77.592,-783.728,-612.44,34300,-73220,-2240
8.85057,7.47888,18.2048,6.55316,-17.835,-32.9037,-8.06834,-21.6577,-2.4089,-22.2348,-24.4873,-29.9598,13.0639,44.442,0.231923,-14.4379,77.104,-787.632,-601.704,35560,-72520,-2380
-3.28398,3.611,11.7624,-0.898788,-25.156,-41.5786,-24.7497,-39.3021,-21.558,-22.6258,-17.9674,-29.4408,-6.14424,52.6663,-13.0403,-23.7164,85.888,-779.336,-601.216,36260,-70560,-2800
-12.0352,6.61563,18.1229,9.21324,-5.94016,-35.635,-9.34767,-38.6677,-48.0773,-23.6597,-9.23299,-17.1852,-18.7031,83.5746,0.746794,-1.3465,91.256,-771.528,-614.88,35980,-69160,-3220
-19.7416,5.44413,18.1392,12.4974,13.6404,-25.8298,6.2826,-41.1422,-60.0672,-24.4038,1.79649,-10.1027,-33.1086,110.795,12.4954,19.856,102.48,-769.576,-634.888,35840,-67620,-3780
-10.1773,0.454629,6.81605,5.18381,25.6743,-24.7396,5.06361,-51.7442,-45.4361,-12.4124,17.9087,-5.9129,-48.7072,126.943,9.94816,22.189,104.92,-772.016,-647.088,36120,-65520,-3920
-1.9875,2.95711,-7.08853,13.6145,48.8332,-20.1494,5.28929,-61.906,-35.4737,-2.43727,30.3586,1.60386,-65.9155,142.047,9.21749,19.4948,109.8,-778.848,-658.312,36680,-62860,-3780
12.2699,4.56164,-16.0614,7.75636,58.0042,-11.9842,2.15025,-61.4392,-9.81882,6.26203,39.6961,10.7442,-78.3565,122.688,-2.982,14.2688,103.456,-789.096,-633.424,38360,-58940,-3360
3.95479,-4.7823,-26.7839,-11.4154,24.7063,-13.8896,-6.8732,-48.4753,-2.33142,-6.80936,23.2042,14.6036,-74.1165,2.9043,-14.4479,0.606237,101.504,-785.192,-673.928,42560,-61460,-3360
-15.5848,-21.2321,-35.89,-37.6716,-20.0807,-12.2954,-22.3019,-31.0891,-25.4692,-26.9095,2.08524,10.4772,-58.6432,-104.397,-30.7268,-13.8412,94.672,-788.608,-670.024,42140,-58940,-3080
-25.4677,-24.5334,-38.6202,-56.5226,-47.7186,-6.40927,-31.5624,-15.0543,-30.7312,-33.625,-11.7078,13.2987,-43.8232,-154.993,-44.1093,-21.6658,87.84,-793.488,-668.072,41720,-57400,-3360
-44.05,-37.076,-48.6354,-71.8074,-74.7634,-10.0379,-33.6599,-2.83719,-46.1074,-40.3048,-20.7733,3.04544,-37.1449,-176.847,-44.3082,-28.9995,89.304,-811.056,-660.752,40880,-56980,-3780
-43.2039,-37.1149,-54.2974,-76.1181,-86.7709,-12.2784,-34.9705,8.58585,-34.8247,-36.1407,-19.6818,-1.69969,-18.5785,-170.671,-43.7638,-34.0833,86.864,-821.304,-662.216,39060,-56700,-4760
-37.7932,-34.315,-53.6326,-67.4309,-74.4948,-6.88699,-32.4661,22.6653,-30.7629,-26.8067,-17.1431,-1.41647,9.35341,-144.86,-44.5523,-34.0156,77.592,-833.016,-654.408,37660,-57540,-5460
-19.4056,-26.0138,-45.613,-53.5122,-52.5684,2.61292,-28.6421,36.9183,-12.9882,-9.79528,-6.79811,-3.6146,36.9164,-108.785,-45.7151,-32.4499,78.08,-839.36,-648.064,36120,-60480,-6300
0.766275,-6.98071,-32.5864,-28.2845,-25.4743,12.6837,-16.9122,49.6498,12.4041,6.31949,6.28236,4.30883,62.4604,-77.8638,-31.0947,-25.4821,75.64,-842.776,-648.552,34580,-64960,-6720
23.202,21.3474,-7.11696,9.19084,17.6843,29.5666,13.1373,58.7795,37.131,30.6224,21.4567,26.9131,82.9802,-30.1948,4.71671,-4.38035,77.592,-845.704,-648.064,33600,-68460,-6720
25.7813,31.6585,8.31264,31.3574,46.2489,43.1168,30.5336,61.7412,47.9364,38.4634,21.274,32.0757,94.1802,7.0336,29.0714,10.9257,79.056,-847.168,-646.6,32060,-73500,-6720
20.8772,28.0877,16.1369,36.6832,61.304,38.5578,32.8706,55.3721,45.3373,38.4113,18.0042,24.3386,92.8916,23.7278,37.4455,14.0172,83.936,-845.216,-646.6,30240,-77840,-6860
17.5295,26.8578,24.7975,42.7454,76.8678,32.411,31.6274,44.4077,41.585,37.6339,17.7264,18.9141,81.4653,41.4924,38.035,15.5755,83.448,-836.432,-650.504,28840,-84000,-6720
29.0348,33.3984,37.5472,53.9099,86.6264,35.5362,30.889,35.4373,48.3878,48.2173,18.9621,22.8489,68.0578,70.2755,35.707,24.5967,98.576,-831.064,-645.136,27580,-90300,-6580
45.0027,47.4952,49.9579,73.1023,90.3565,34.8455,37.4344,24.8589,59.7827,59.6928,26.5271,30.6268,51.0172,95.4565,45.91,32.7675,93.696,-823.744,-643.184,26320,-95200,-6440
20.6388,27.5896,39.9901,67.7569,59.1301,19.5757,30.9067,4.87401,32.5844,33.2616,13.9831,14.4292,13.4494,90.0471,44.6247,24.4241,88.328,-815.936,-651.968,24780,-100100,-5880
-2.80573,4.3298,30.769,42.4522,7.97692,3.38627,20.6699,-9.10263,16.3131,9.53337,-7.12778,-2.56248,-12.2146,56.6641,34.9084,16.9259,91.256,-818.376,-651.968,22400,-97720,-5320
-10.8468,-9.16044,31.3838,15.692,-30.1499,-8.31256,0.918884,-24.0045,4.18503,5.0124,-19.856,-12.6997,-28.298,18.2996,16.2242,1.99135,93.208,-810.08,-658.312,19460,-91840,-4900
-8.04699,-18.3494,30.1228,-5.24497,-50.8397,-18.9559,-16.3195,-36.2088,-3.07505,4.62249,-21.954,-22.4383,-44.2633,-4.23309,-5.16173,-9.74279,92.232,-803.248,-656.848,19040,-85680,-4340
-8.59244,-22.9522,26.791,-15.9665,-53.9047,-20.9708,-14.2759,-32.6171,-11.7903,1.66681,-23.4716,-31.2912,-49.3515,-9.12963,-7.38248,-4.55722,91.744,-790.072,-650.992,19320,-81480,-4200
-14.804,-18.3338,18.9459,-15.2646,-51.363,-26.8703,-12.4135,-30.0051,-19.5445,-11.3681,-34.0393,-35.3316,-56.8916,-10.965,-1.00173,-4.44436,87.352,-787.144,-651.48,18480,-76300,-3360
-16.7482,-15.2856,11.6196,-16.8477,-53.1178,-32.0906,-18.9631,-30.3026,-29.0428,-20.2603,-39.0767,-33.7872,-59.4419,-9.03373,-4.41865,-11.3566,82.472,-781.288,-646.112,17920,-73920,-2800
-33.4764,-33.7171,-5.77299,-36.4167,-60.5048,-39.0836,-30.1697,-26.8874,-57.5911,-36.9491,-45.1565,-45.0269,-67.4894,-6.92659,-22.6885,-18.9238,81.984,-778.848,-643.184,17220,-71120,-2100
-29.6431,-33.6642,-17.9169,-45.2347,-57.3996,-37.0752,-31.6906,-16.265,-50.436,-44.7778,-43.4283,-48.776,-66.1607,3.74406,-30.9112,-16.4486,80.52,-779.824,-642.208,16380,-69300,-1400
-12.3683,-19.4624,-18.8658,-39.4035,-39.833,-30.7508,-25.323,-13.6132,-33.2207,-35.1915,-24.6461,-37.228,-52.2373,15.2758,-29.0846,-10.7028,81.008,-783.24,-639.28,16800,-67480,-1120
-6.49728,-10.0642,-21.6725,-27.2869,-17.753,-24.9673,-10.2733,-11.0859,-31.5934,-29.5963,-9.72098,-24.0551,-36.0077,14.1161,-14.2949,-2.39787,78.568,-786.656,-638.304,17220,-65100,-700
-3.20408,-0.825766,-24.7741,-16.0183,-4.63139,-21.3239,-1.98967,-11.8452,-21.094,-25.9129,2.48144,-9.78008,-22.1568,15.2198,-6.37011,-0.557288,79.056,-776.408,-630.984,17500,-63140,-560
-4.20849,2.30853,-33.3704,-3.51273,-12.7399,-32.9196,-0.797265,-14.6085,-13.715,-24.8444,11.485,-4.05112,-10.5324,20.9943,-5.74778,-3.49255,75.64,-785.68,-623.664,17080,-60900,-140
-1.76697,7.5784,-34.7057,4.89218,-16.8805,-26.1666,-2.73413,-13.288,-6.56732,-21.9455,19.3484,8.09561,6.09024,23.174,-11.6064,-4.86101,62.464,-791.536,-625.128,16520,-58660,420
2.58506,13.1949,-32.4164,14.423,4.44826,-4.34936,8.65495,-1.80914,-0.868698,-14.2942,26.9554,22.9123,19.0183,14.6647,-6.55673,5.78219,67.344,-795.928,-619.272,15540,-57960,280
7.48673,20.1138,-31.8192,19.0597,29.7176,13.5564,6.42659,-1.06046,14.1964,-7.47667,35.2538,27.7458,21.5472,-23.3838,-7.21886,3.10166,71.248,-794.464,-614.392,14420,-57120,-420
13.9931,27.9136,-19.2735,27.0189,64.8177,31.2856,7.81835,3.73636,31.3241,-1.44131,38.6312,34.0443,21.6558,-55.1921,-2.6453,4.48198,67.344,-791.536,-609.024,13160,-56420,-1120
25.6083,31.3058,6.89399,40.0656,104.188,52.0192,20.5592,14.3836,36.0113,16.9124,42.3156,42.2584,25.5564,-57.3042,9.4514,17.0419,67.344,-789.096,-605.608,11480,-55440,-1680
18.5743,22.3439,15.8031,31.2275,102.857,59.0608,18.2888,12.8434,30.064,13.7619,35.1059,35.9933,15.9949,-43.9617,4.61321,15.5429,68.808,-791.536,-606.584,10080,-54460,-2660
21.7011,20.1248,20.7898,24.1385,74.245,52.996,21.6356,18.2747,34.2277,19.3566,18.276,34.0573,14.1555,-10.0686,11.0454,20.2092,73.688,-793,-608.536,8120,-53620,-3500
29.353,19.1082,22.8139,19.1577,42.332,39.3248,21.2082,16.4169,41.6756,37.7975,16.3291,30.1314,15.1034,20.4122,19.8714,16.2103,75.152,-793.976,-612.44,6580,-52780,-4480
23.3698,4.00518,18.4632,2.776,16.5177,26.6095,12.0441,12.4856,24.6812,39.1357,14.0228,13.8466,15.0701,24.232,13.5812,7.73542,74.664,-793,-616.344,5740,-51940,-4900
13.7726,-2.7752,15.591,-3.26746,8.4867,26.3172,12.798,19.9315,11.4095,23.7045,3.45236,4.92637,15.8749,24.1138,12.2628,10.1058,73.688,-789.584,-620.736,4900,-50120,-5460
9.29348,4.80746,15.3619,7.6731,3.71933,22.021,17.7636,26.018,8.91307,19.4395,-6.82472,4.39002,16.243,18.8288,25.1126,9.58334,76.616,-785.192,-620.248,4200,-48020,-5740
6.42023,3.38754,14.3801,9.65286,-6.44602,13.6755,12.6434,20.8439,-0.830321,25.3225,-3.26316,1.63529,19.9619,15.7975,20.5038,4.95786,71.248,-785.192,-622.2,3360,-46620,-5880
17.5594,5.11542,14.659,13.71,-8.63251,7.41641,13.3897,18.5403,3.36893,36.5277,2.5916,4.22951,19.4275,34.2541,17.6998,10.2266,70.272,-784.216,-626.592,2520,-44240,-5880
10.7438,-7.67164,11.7539,0.816855,-19.8472,-2.90688,0.37138,15.0601,-3.76755,33.1141,0.864532,1.56602,20.8176,37.6206,4.65304,5.53009,64.416,-782.264,-627.568,1960,-42140,-5880
-14.6158,-29.2669,-1.09541,-24.6505,-44.0715,-15.4542,-11.8031,9.90519,-17.9516,12.6445,-8.50285,-16.2762,19.5,16.2274,-5.12414,-3.28285,65.392,-775.92,-630.008,1120,-39480,-5740
-18.7652,-17.8296,-3.62748,-21.7162,-39.0396,-20.3265,-11.521,-1.13186,-11.8254,-1.13422,-16.5026,-15.2176,20.4432,5.78192,-4.73084,-5.57944,64.416,-780.312,-634.888,280,-37520,-5600
-21.6576,-1.79649,-3.30539,-11.977,-23.1265,-19.4687,-6.67935,-5.31885,-8.49532,-21.5514,-24.9169,-6.56468,20.218,-4.46759,0.0774043,-1.48414,63.928,-780.312,-638.792,-420,-35000,-5880
-22.2315,-0.60317,0.0636602,-12.2611,-24.6114,-21.8819,-10.0552,-17.2881,-19.6412,-18.7495,-23.2568,-3.56455,18.0101,-22.1911,-2.22572,-9.34268,68.32,-770.064,-655.384,-980,-32480,-5880
-29.8325,-18.5662,-5.55595,-36.8589,-43.5028,-28.9141,-25.1208,-27.338,-31.7096,-22.1098,-16.1025,-14.1869,17.5591,-39.8783,-25.0421,-24.1753,62.952,-779.336,-636.352,-1820,-29820,-6020
-24.0837,-29.603,-8.56304,-52.5378,-57.4045,-29.865,-32.9975,-22.6637,-23.1338,-25.3903,-18.8641,-22.6081,12.7215,-42.6541,-37.4596,-24.9134,61.488,-783.24,-635.376,-1680,-27860,-5880
-27.6325,-31.9194,-6.91493,-43.853,-54.0828,-26.921,-30.19,-19.6627,-25.1636,-30.9919,-24.011,-24.7432,5.38772,-23.4412,-31.1408,-22.0022,61.976,-787.144,-632.936,-2100,-25900,-6160
-11.2425,-12.7997,0.462235,-11.0494,-34.1758,-26.3416,-17.7806,-17.7675,-6.08281,-21.7135,-15.9679,-16.0388,2.59301,-2.5394,-11.121,-18.1934,59.048,-785.68,-631.96,-2240,-24500,-6160
-6.05803,-3.59034,-1.96837,-1.05745,-29.732,-26.3886,-15.1839,-17.1232,1.70604,-23.1079,-12.8298,-11.749,0.695327,-13.9074,-6.02157,-22.0182,56.608,-779.824,-629.52,-2800,-22960,-6300
-20.9374,-15.8327,-9.91658,-11.2949,-31.8112,-20.2083,-22.53,-12.6209,-22.5604,-33.0548,-15.9224,-19.2181,-8.52382,-29.8662,-19.2751,-26.7509,61,-778.848,-632.448,-3360,-22260,-6300
-25.849,-20.5947,-11.3336,-13.4515,-23.7382,-10.4506,-19.8596,-8.61945,-31.8272,-34.609,-15.8303,-21.3967,-19.6834,-37.3051,-24.8087,-24.3519,59.536,-777.384,-631.96,-3920,-21140,-5880
-19.094,-11.8354,-10.2574,-12.0151,-16.5359,-4.0374,-10.6843,-0.160843,-17.7489,-30.5161,-15.5274,-15.7971,-22.7665,-47.509,-16.4716,-15.9967,60.024,-772.504,-626.592,-4480,-20160,-5880
-11.5407,-4.04471,-9.17395,-8.80409,-14.1276,-2.35727,-5.94287,6.05106,-10.826,-21.6403,-13.2988,-9.67713,-26.6063,-49.2514,-9.40048,-9.61244,61.488,-769.088,-625.128,-5180,-19600,-5460
-18.1947,-11.375,-16.5141,-23.8305,-29.7457,-6.7987,-13.2936,2.85646,-21.4794,-23.7617,-15.6737,-13.4054,-35.0344,-53.4969,-14.4886,-13.586,64.416,-771.528,-623.176,-6020,-19740,-5180
-19.6878,-12.9651,-21.4134,-25.5683,-33.0624,-10.709,-13.0388,2.70477,-25.6892,-20.6152,-13.8981,-12.1637,-43.614,-41.4024,-10.7919,-13.1005,64.416,-770.064,-628.056,-6440,-19600,-4760
-9.57686,-2.36955,-22.7399,-7.30159,-15.1081,-4.29713,0.518507,8.80076,-14.1913,-9.32583,-4.63158,-4.48746,-49.6596,-11.6655,3.4689,2.36212,67.832,-766.16,-625.616,-7140,-19040,-4340
16.0254,19.5595,-13.6284,15.4544,7.69066,3.42722,16.1393,13.4113,15.8827,13.3838,13.9356,13.0079,-44.8878,5.78994,16.9716,18.8617,64.416,-770.552,-618.784,-7420,-18760,-3920
26.6295,26.487,-4.02007,14.4636,20.504,5.35964,20.9087,16.0576,28.8327,24.6059,25.1243,22.4943,-36.9392,7.40564,16.1611,23.5292,61,-774.944,-603.168,-7700,-18900,-3360
34.844,31.5715,3.7495,21.6104,38.7793,7.40814,19.3296,9.00225,38.1195,30.5861,32.5108,27.3465,-36.0919,18.5123,13.8697,18.3272,62.952,-774.456,-594.384,-8680,-20580,-2940
30.3026,30.3531,5.98658,34.5842,55.7516,9.92291,29.7384,9.20499,28.7696,26.5966,31.2143,26.1551,-34.5562,26.9129,28.2594,23.039,60.512,-783.728,-586.576,-9660,-22820,-2520
39.3406,31.5156,13.0816,40.7922,71.375,17.9721,36.9366,11.9595,34.0093,35.9741,35.6719,26.697,-34.5305,51.254,31.8971,33.0723,63.44,-784.216,-585.112,-10780,-26320,-1960
41.4937,32.5619,17.8289,42.5538,77.2676,20.5805,37.9557,8.58246,37.549,36.8876,32.0315,24.9517,-32.0337,65.0137,38.4195,32.0782,64.904,-793.488,-577.304,-11480,-28840,-1540
50.5971,38.6465,24.8628,49.311,91.3629,24.0298,33.5206,3.31826,47.5806,42.6547,30.8841,25.7506,-31.9821,86.847,36.413,28.663,63.44,-800.32,-577.304,-11340,-32200,-700
53.6336,39.3386,28.2474,57.9349,112.559,26.7706,34.1802,-4.38343,50.4404,48.6979,40.5926,21.9182,-34.7586,126.393,33.3586,29.8612,64.416,-800.808,-574.864,-10500,-35980,140
52.3371,37.533,32.7802,83.0766,140.153,29.4507,44.1244,-10.4883,42.8807,55.3943,51.3972,20.2381,-22.4556,162.755,43.1807,38.5655,61.488,-803.248,-576.328,-9380,-38500,840
53.097,39.1962,37.0844,80.3794,140.882,35.1675,45.2822,-11.0383,55.2172,56.1231,51.8132,21.4413,-2.1844,162.912,40.7628,42.8786,62.464,-802.272,-571.936,-8260,-42000,1680
54.5637,44.7711,41.5026,100.474,154.347,45.63,53.8466,-7.13805,56.6648,59.891,51.0658,26.3347,17.4114,179.975,51.9232,53.1877,61.488,-798.856,-578.28,-6580,-44520,2240
48.8626,42.5189,43.2409,104.919,154.396,50.2652,56.515,-2.37445,52.1014,54.9996,45.2593,27.9638,42.2354,183.397,53.5844,60.004,57.584,-792.512,-574.376,-5320,-47320,3360
50.2885,44.844,42.2245,110.023,142,46.0716,49.3117,-8.58923,59.2078,53.5384,41.498,31.5146,68.0904,178.667,48.872,53.7549,53.68,-792.024,-574.864,-4060,-50260,4200
37.7079,33.58,35.0549,96.4316,98.8298,33.6874,28.9774,-17.8671,48.8917,43.6083,34.7455,29.0122,101.58,141.939,34.0977,31.7487,42.944,-781.776,-573.888,-2940,-53900,5460
10.9363,9.56075,21.4479,70.5569,10.8653,21.3492,12.7526,-11.6755,22.3808,22.9128,14.6996,18.1087,149.198,64.1919,21.2945,14.4585,21.472,-771.528,-569.496,-1960,-60480,7280
-81.2661,-71.76,-14.7841,-77.2333,-213.287,-19.329,-65.5419,3.32409,-58.0914,-58.6067,-66.1901,-21.5801,236.44,-236.267,-63.3022,-47.3626,-0.488,-813.496,-115.656,5740,-64820,12320
-215.431,-184.104,-75.1575,-338.708,-480.134,-76.6167,-176.951,19.8828,-175.6,-183.963,-187.174,-98.4294,257.593,-597.587,-184.07,-141.418,50.264,-752.008,-617.32,-140,-248080,21140
-208.523,-175.642,-89.6867,-313.052,-436.531,-79.8825,-173.489,14.2619,-192.39,-179.224,-194.711,-116.107,147.182,-536.594,-180.068,-151.76,34.16,-779.824,-706.624,-840,-199640,15820
-176.039,-154.623,-85.1024,-249.154,-324.488,-73.962,-142.175,4.07285,-185.505,-148.412,-157.068,-111.432,42.7665,-387.96,-146.008,-130.933,40.016,-781.288,-705.648,7000,-145600,10920
-105.525,-109.804,-64.235,-192.577,-227.472,-63.3567,-102.979,-1.98613,-129.933,-90.91,-94.7864,-75.1697,-44.5456,-240.933,-100.82,-99.3787,43.92,-780.8,-660.752,11200,-99540,6300
-52.7943,-58.1642,-43.6757,-122.787,-134.411,-48.0962,-64.2607,-7.97475,-78.3042,-48.0284,-38.3357,-36.9528,-108.822,-112.805,-61.9216,-67.9244,66.856,-771.04,-631.472,10780,-83580,4620
-9.19003,-9.35191,-28.6809,-47.2463,-45.2491,-32.1401,-22.5137,-6.72861,-32.5017,-17.7473,0.229937,-11.0136,-149.99,-11.8981,-19.0789,-31.6089,71.248,-775.432,-621.224,4900,-76160,3640
37.6771,36.4733,-12.8609,23.4572,36.8819,-16.5048,18.0273,-1.30336,20.4482,16.5474,35.2759,14.1779,-161.157,66.6265,21.0811,5.27768,69.296,-777.872,-619.272,420,-70840,4060
54.0399,56.3281,-3.0164,55.5585,84.7726,-6.91149,38.6593,-0.418888,39.3211,30.7353,52.2931,29.581,-150.187,114.014,40.5792,23.7989,58.072,-782.264,-617.808,-700,-66220,4340
75.4901,75.1636,6.10139,95.9234,132.927,5.45964,59.1901,-3.93409,58.8325,44.4254,62.8434,45.547,-139.564,169.479,61.3936,44.5643,48.312,-786.656,-617.32,-980,-61180,4480
77.5757,75.8511,13.3223,99.1,146.012,14.8288,65.6186,3.50378,65.715,35.3564,56.0366,50.8593,-104.097,172.194,66.1993,56.9346,44.896,-784.216,-620.736,-560,-57540,3920
74.4307,72.8788,18.8819,97.0708,145.683,19.2184,63.1147,6.7719,65.6352,25.5685,47.3693,49.7398,-71.4814,158.122,62.9314,57.4125,43.432,-782.264,-619.76,-700,-52920,3360
59.5742,62.7677,19.9072,89.5639,136.046,19.8595,55.6639,4.78685,57.9586,19.1072,37.7375,31.19,-47.6699,140.532,53.4609,50.1525,40.992,-780.8,-621.712,-1260,-47740,2660
48.7026,48.908,19.1002,84.9608,119.577,20.1695,50.4694,2.57927,51.4336,24.4215,34.2032,7.56504,-25.4597,119.183,54.3695,41.854,37.088,-784.216,-619.76,-140,-44940,2520
43.3447,36.4719,25.8212,70.8917,101.142,25.5072,44.5014,4.87973,44.7194,34.708,34.106,-2.42596,-2.28506,97.1962,47.2168,37.6379,34.648,-787.144,-621.712,840,-42420,2240
39.7704,30.8815,31.603,67.1842,86.1243,30.8058,43.7262,12.4056,47.5776,41.8824,32.2784,3.85399,16.4722,81.5488,43.1223,36.2359,35.136,-784.704,-624.64,1260,-41300,2100
36.2269,30.4943,29.9735,54.6193,64.0352,28.1846,33.2992,9.99973,54.8644,41.1425,31.1384,16.1542,29.1619,58.7277,33.5225,25.7526,35.136,-782.752,-624.152,1400,-39480,1960
34.1066,37.2618,30.0625,59.7833,61.8025,27.7056,27.5059,4.16844,58.1746,39.5854,36.3686,29.1227,33.8577,64.4566,28.6699,21.0561,35.136,-787.632,-624.152,1820,-37800,1540
14.3098,27.2869,28.8006,53.4066,56.1205,28.3462,28.8347,9.3564,34.0838,30.1268,26.9969,34.0814,38.732,61.1213,24.6758,26.8477,33.672,-789.584,-622.688,1540,-36540,1820
-4.0226,-1.30358,22.4798,23.4771,27.6221,18.9479,17.5315,8.11288,3.32297,28.0967,19.5274,23.5882,38.2227,32.0728,14.1778,21.0227,35.136,-788.12,-623.176,1820,-35420,1960
-13.8226,-25.5289,10.6771,-3.58871,-6.03123,5.55422,-3.21365,-3.06581,-11.6579,26.3364,17.8983,6.40941,39.5066,-4.57767,2.63479,3.31723,34.16,-788.12,-625.616,1680,-34720,2240
-7.45098,-18.879,14.8288,-8.80057,-12.6398,1.93008,-11.2573,-9.36143,-3.52831,26.6033,10.8243,10.5355,43.9286,-20.5921,-8.37693,-5.74648,30.744,-791.048,-627.08,1820,-33600,2800
-14.0797,-18.4814,9.63746,-14.3832,-20.9351,-3.99683,-11.7733,-7.4844,-6.94331,12.2082,-3.03895,7.20375,40.7302,-39.0087,-8.73607,-9.89556,30.256,-788.608,-629.032,1820,-32900,3080
-22.4193,-29.2334,-0.0779639,-30.2468,-38.3876,-10.6456,-24.3221,-10.4356,-20.9418,-0.563671,-15.5365,-6.13344,32.1226,-56.6334,-25.7495,-19.4241,28.792,-789.584,-624.64,2240,-32060,3500
-31.4535,-39.2756,-10.5411,-50.5109,-59.0957,-17.7069,-34.8634,-16.8169,-31.7647,-14.2602,-28.9507,-25.2429,21.5599,-73.3356,-39.0396,-27.267,28.304,-792.512,-630.008,2940,-30940,3780
-29.1397,-36.0822,-19.1315,-51.8979,-60.7484,-22.9007,-34.2689,-17.2228,-27.1794,-24.092,-40.5952,-35.8969,6.93637,-66.0151,-37.4275,-26.8922,26.352,-793,-630.984,3500,-30100,4060
-19.8595,-26.3459,-17.2121,-35.3094,-48.8802,-23.9383,-27.9651,-19.4201,-25.3462,-19.6693,-40.5551,-35.421,-2.29081,-46.242,-27.4614,-22.8266,26.84,-791.536,-633.912,4060,-28700,4340
-21.0479,-23.9455,-15.4451,-29.307,-46.474,-19.5949,-23.4661,-16.3612,-29.9194,-23.1634,-37.3906,-32.5967,-3.98561,-40.0319,-26.8559,-19.6402,25.864,-791.536,-634.4,4900,-27440,4620
-15.7595,-19.904,-14.7928,-32.4268,-45.8155,-12.2272,-25.1979,-6.16207,-24.5402,-22.6241,-32.3189,-23.7108,-1.87352,-37.0992,-35.3094,-18.4626,23.424,-791.048,-633.912,5600,-26320,4760
-9.98534,-10.5778,-16.28,-22.4926,-33.6981,-2.91657,-14.954,4.99072,-17.7857,-19.8269,-22.6148,-13.0974,2.41891,-28.2927,-21.1829,-7.96417,25.864,-786.656,-631.96,6580,-24920,4760
-18.3192,-14.9144,-23.5756,-27.6859,-35.6594,-4.40996,-15.881,2.53431,-23.4034,-28.6406,-21.8788,-13.6982,-0.778664,-35.2929,-16.7754,-10.1292,30.744,-785.68,-634.4,7280,-23940,4760
-26.4875,-10.7452,-25.3148,-24.3846,-30.6508,-4.52706,-10.4376,4.79344,-22.6002,-40.5306,-23.5988,-10.837,-8.11364,-34.8384,-8.234,-6.80997,24.4,-785.192,-630.984,7420,-22960,4900
-26.625,3.25307,-17.1662,-8.1988,-15.1636,-0.43603,1.67975,12.5538,-19.4454,-40.0839,-20.7608,1.76827,-6.87077,-21.7655,6.60159,2.49252,32.208,-784.216,-630.984,7140,-22400,5040
-9.66035,10.4431,-6.52856,-1.90815,-5.44483,2.90048,5.78484,17.0908,-14.3403,-16.5029,-1.67745,10.9207,-0.404076,-4.72442,11.1203,5.87095,31.72,-789.584,-628.544,7560,-22120,4900
16.6288,15.4935,-2.65032,0.316078,1.15704,2.91188,4.50905,10.5597,4.11078,8.60292,24.6981,12.0305,-9.24061,15.6751,5.26972,3.68396,33.184,-790.56,-630.984,7280,-21840,5040
20.7706,12.2758,-0.204558,-3.09005,-0.437885,-1.38546,-4.4549,2.89818,8.73901,11.8227,27.4894,9.05847,-6.76784,11.9888,1.88746,-6.28689,33.672,-784.704,-632.448,7560,-21280,5040
19.6904,16.7739,5.64557,4.1402,8.1407,-1.00786,-2.96705,1.85136,13.745,8.69129,18.8432,11.8814,-3.3957,10.8166,1.20676,-6.98103,36.112,-781.288,-632.936,7700,-19460,5040
18.7709,17.4421,9.23391,7.82378,14.9599,1.01684,-0.579056,2.54546,14.8847,7.72274,14.0824,12.2576,-1.25772,11.7961,-3.14989,-3.60653,36.112,-780.8,-628.544,7280,-18200,4760
9.00824,5.47045,7.72991,0.260165,12.1716,5.68136,1.39021,6.814,7.22009,3.51002,11.9401,4.30096,4.4713,8.20055,-5.1759,1.92219,35.136,-782.752,-628.544,7000,-17220,4480
3.22264,-1.79861,4.36304,-0.908514,5.57782,5.98166,4.50822,2.65306,5.06572,3.31472,12.2178,-2.19627,6.72774,3.747,6.84329,2.1398,29.768,-783.728,-627.568,6580,-16660,4060
3.36127,2.05329,5.63467,9.71003,10.2163,7.03975,11.2523,2.96198,6.51885,2.90193,9.26582,2.0255,10.2402,7.97131,18.4049,6.20835,30.256,-785.192,-630.984,7000,-16380,3640
-3.86088,4.02332,2.14122,11.3723,13.2689,3.60952,15.2354,1.44234,4.39366,-6.93926,0.856954,1.14545,3.19849,10.3824,16.6151,8.43564,28.792,-787.144,-627.568,7280,-16100,3500
2.15867,12.6337,5.2923,27.0154,28.5552,7.17042,24.5616,5.38301,13.8793,-1.91509,0.155719,10.4561,-0.0635983,26.6565,23.8855,16.3726,26.352,-785.68,-627.08,7420,-15960,3080
2.94999,5.60646,5.62919,23.183,27.7743,8.02007,18.7531,2.86702,10.1463,6.68584,4.18219,11.2745,-0.0470162,28.9259,13.2861,12.065,27.328,-782.752,-625.616,7560,-16380,2660
12.0873,7.01977,9.85825,20.3948,25.6091,6.54516,13.3322,-0.732858,15.4782,16.2614,10.5125,12.1964,1.42333,22.0659,9.51645,7.10876,25.864,-781.776,-624.64,7280,-16800,2660
17.7814,13.5021,13.7343,26.5483,33.4401,8.41281,13.9408,-1.84577,21.4484,19.1784,7.89863,14.6365,0.981584,19.7267,14.0949,9.36474,25.376,-784.216,-620.736,7000,-17220,2520
12.2149,8.3281,11.2378,21.791,27.0998,8.41898,8.14694,-3.86151,16.9717,13.6,5.19154,8.19952,-1.02473,12.0519,9.77546,6.67964,25.864,-784.216,-619.76,6720,-17640,2100
7.49135,3.12581,9.4063,9.03906,14.4347,7.84251,-1.01829,-6.94281,12.6046,10.4173,2.47741,3.29696,-2.01707,3.24668,-3.83476,0.0356494,28.792,-786.168,-621.712,6440,-18200,1820
1.46055,0.458003,5.30368,4.4433,7.2357,7.77688,1.97741,-5.74523,3.54866,8.99354,-0.0402962,0.840203,-1.1996,0.809259,-0.177888,1.01801,25.376,-783.24,-620.248,6580,-18340,1820
-1.60978,-5.87754,1.46854,-3.18857,1.28994,7.68695,6.19117,2.71393,-4.99349,7.55139,-0.409901,-4.08395,-5.02418,2.15751,3.72687,9.42203,26.84,-782.264,-620.248,6720,-18480,1960
-5.00737,-11.1082,-0.0960146,-6.61228,-4.27255,1.45727,-0.818655,-1.81996,-11.7213,5.17195,-0.732741,-9.3307,-7.86249,2.8637,-0.242818,3.13157,27.816,-782.752,-620.736,6720,-18480,1960
-0.586383,-5.45782,-0.269367,1.02843,-3.98631,-2.25824,-1.46173,-2.79995,-3.20507,6.74099,0.648544,-7.08506,-8.42712,8.80456,2.42701,2.9181,27.816,-784.704,-622.2,7000,-18480,2100
-1.47902,-6.33123,-4.47581,-5.29211,-10.4079,-5.49071,-7.85526,-0.683286,1.33087,1.99538,-3.55209,-9.50238,-11.4223,2.23078,-4.09078,0.850792,26.352,-783.24,-620.248,7280,-18200,2240
-5.16303,-4.30027,-5.50588,-3.71158,-10.5755,-5.66489,-5.8122,0.543701,-2.8932,-4.41423,-4.88926,-10.8807,-9.04183,-4.75718,0.0242011,-0.394629,24.888,-783.728,-621.224,7140,-18340,2380
-5.40309,-1.07339,-6.64281,-3.04873,-12.943,-9.14376,-6.15904,-0.412808,-7.28206,-5.3727,-6.08636,-9.47766,-8.76591,-13.6723,-1.74883,-2.54849,25.376,-781.776,-616.344,7420,-18200,2380
-7.42666,-2.77815,-6.31279,-7.74567,-16.4395,-7.59994,-5.90498,6.95226,-12.7838,-9.50773,-12.2533,-6.14628,-3.96007,-18.6909,-5.83938,1.35502,24.888,-784.216,-617.32,7140,-17920,2520
-0.0787544,-3.55407,-2.32454,-19.33,-26.0825,-10.8706,-16.8902,2.44328,-6.62287,-5.43113,-11.1153,-2.45381,-0.644204,-24.0355,-25.3178,-6.25747,24.4,-781.776,-617.808,7280,-17640,2660
-9.65996,-15.3959,-10.172,-40.6212,-49.7135,-23.8366,-38.9149,-14.1004,-12.0518,-11.3582,-10.9057,-10.0808,1.15746,-39.0542,-47.1771,-28.4739,24.888,-786.656,-619.272,7000,-17360,2660
-16.0155,-19.9407,-13.2546,-39.123,-49.7294,-23.6193,-28.5654,-12.5679,-21.4467,-14.0398,-10.8299,-12.1901,2.90534,-32.2817,-27.9639,-25.6538,20.008,-783.728,-617.808,7280,-17220,2800
-12.9504,-14.1437,-11.7995,-24.0596,-36.6047,-17.4243,-7.3374,-4.84959,-19.2025,-11.839,-4.10702,-8.96921,4.10007,-17.3346,-4.1409,-14.4291,20.008,-787.632,-615.856,7000,-16940,2800
-7.11819,-3.67407,-6.2793,-12.6017,-23.8327,-10.2216,-3.31441,-3.17022,-11.1637,-9.41247,-0.437651,-1.30841,12.2236,-12.622,-1.29595,-11.471,20.984,-786.656,-614.88,7140,-16660,2660
-8.44819,0.631967,-4.61707,-8.25078,-12.4517,-6.83621,-4.49555,-3.7303,-3.87296,-13.9782,-3.74642,2.18389,9.44859,-12.9049,-5.83903,-11.269,21.472,-790.072,-612.928,7140,-16380,2520
-27.7115,-8.65422,-10.6846,-10.854,-8.11776,-3.40878,-1.72725,0.174325,-12.5842,-30.1314,-13.9834,-5.76801,-0.420783,-14.0992,-5.11676,-8.08453,18.056,-789.584,-614.392,7420,-15820,2380
-23.3049,-5.44647,-2.39164,-3.36287,0.790038,1.07638,7.84299,4.48114,-20.9375,-16.4306,-11.8883,2.45509,-1.42184,-8.90167,6.36668,-0.326466,19.52,-789.584,-611.464,7560,-15400,2100
-10.5937,-11.0295,1.4493,-10.3019,-3.33371,1.01768,4.99702,3.51881,-22.2304,2.44966,1.34905,2.58945,-2.76674,-7.28382,4.5189,0.818549,20.008,-789.584,-616.344,8120,-14560,2100
12.5564,-2.18314,5.78707,-6.08251,-2.87257,3.25651,3.51468,4.28644,4.77797,16.7451,10.3368,6.30213,-1.73587,-5.5275,7.36362,0.990779,19.52,-791.536,-618.296,8120,-14420,1820
17.3917,7.45894,5.0272,3.52143,8.35286,6.28756,6.9868,5.19757,14.1957,15.676,7.2055,8.19514,-6.38936,5.92966,8.95313,2.59278,20.008,-791.048,-615.856,8400,-14420,1680
15.685,4.76815,1.7733,4.29245,15.1315,7.34414,0.908105,1.13201,11.0338,12.681,2.92171,4.22408,-15.1971,15.5976,-0.781273,-0.00211094,19.032,-795.44,-615.856,8400,-14000,1540
14.6668,4.12613,-0.519239,8.10497,21.3814,6.80484,0.395509,0.00573823,11.5199,10.452,2.77779,2.10763,-17.7049,21.577,0.289888,0.708531,20.984,-789.096,-614.392,8680,-13860,1540
18.2897,14.5258,2.79404,24.278,38.9389,11.6186,11.3554,3.96006,18.1847,12.812,8.76246,6.15612,-15.5114,34.3542,12.4346,8.57365,19.52,-793,-616.344,9240,-13860,1260
22.3046,22.2354,9.98479,40.4766,60.4996,18.4132,21.0232,5.32745,22.2768,17.0812,13.3357,10.1123,-13.5764,52.0245,20.8109,18.3187,20.008,-791.536,-615.856,9520,-13440,1260
26.0303,24.1399,11.7216,45.1033,62.8253,14.389,18.3816,-5.57438,29.3537,18.2736,17.8749,9.01905,-9.77703,51.1143,22.4974,13.4185,16.592,-792.024,-616.832,9660,-13720,1120
25.6232,27.8554,12.1907,53.0505,66.875,13.677,22.231,-10.9387,33.5391,14.8767,20.1399,8.32463,-5.41609,55.0639,30.2769,13.3312,20.008,-789.584,-616.344,9940,-14000,980
11.5782,20.2518,11.6194,55.8149,73.6756,18.218,29.9586,-2.58812,17.1141,3.79729,10.3551,3.42136,-6.32277,63.0598,32.1568,25.1982,17.08,-789.096,-612.928,10640,-14000,840
21.1128,26.3359,19.2153,63.7327,83.9598,22.4924,35.0679,1.8314,24.8078,15.4731,16.9971,9.1474,-0.149913,73.394,32.9248,34.4521,17.568,-791.536,-612.928,11480,-14140,700
31.3029,33.5233,25.1783,69.9539,86.3245,22.0237,27.1463,-4.00116,34.5765,30.1814,27.8695,14.7836,15.8221,76.2676,25.8645,29.8969,15.128,-798.856,-605.12,12040,-14420,700
31.8902,35.4627,26.6593,70.2463,82.6342,21.3845,25.7528,-2.7822,36.8537,31.62,28.5136,19.1828,29.5099,70.5191,24.0701,33.6622,13.176,-812.032,-591.456,13440,-14840,280
11.8885,18.4903,17.3891,41.7494,25.8626,12.173,14.9589,1.78547,25.2793,13.4765,11.7357,10.2709,53.805,9.30337,13.9556,29.5197,-0.488,-855.464,-531.432,16380,-17220,-420
-24.3639,-14.1764,-0.074343,-43.7618,-101.851,-6.03842,-18.3978,10.3394,-2.66111,-16.3499,-20.7387,-2.04385,86.2066,-109.912,-16.0678,1.79861,19.52,-734.44,-679.296,20720,-30520,-1540
-53.1832,-46.1586,-15.8702,-112.321,-164.855,-12.7752,-44.5205,19.3777,-36.7785,-39.3034,-40.5891,-15.8763,71.7695,-156.964,-46.2928,-23.8796,19.52,-766.16,-630.008,16940,-30100,140
-53.2565,-47.3517,-24.8084,-102.219,-137.435,-14.241,-45.3826,22.0319,-37.252,-41.1553,-42.5616,-16.2691,32.1748,-140.218,-53.3424,-33.053,20.496,-776.408,-615.368,18620,-28420,420
-42.0368,-36.2564,-29.3303,-82.7049,-101.417,-18.6495,-39.8035,12.7556,-29.3444,-35.7128,-32.6134,-11.2616,4.23186,-102.332,-49.0332,-36.5097,19.52,-779.336,-625.128,17500,-28280,560
-40.5621,-43.9206,-38.4234,-82.4178,-91.9042,-25.9032,-45.1318,0.413814,-37.4399,-39.6132,-23.55,-20.3065,-18.264,-76.0331,-51.752,-44.3232,22.448,-785.68,-625.616,17080,-25200,700
-24.458,-32.5019,-32.3063,-61.2182,-66.4713,-22.7665,-28.9154,2.49479,-29.3494,-27.9199,-9.93908,-13.5637,-34.6806,-34.2794,-33.841,-29.6055,21.472,-788.12,-620.248,15960,-20440,700
-2.72584,-13.9797,-15.7975,-30.347,-35.0611,-21.2962,-12.8116,-1.43209,-17.0628,-5.80322,5.96281,-2.49325,-35.0774,3.30265,-13.2827,-20.0693,21.472,-787.144,-622.688,15540,-18060,420
-0.420147,-8.50129,-8.9391,-11.6292,-16.5841,-19.1235,-4.01553,-4.96011,-22.8519,-2.75317,10.9908,-1.95943,-31.9661,18.704,1.96376,-15.4493,21.96,-793,-620.736,15820,-17360,840
1.97849,0.337398,1.18774,9.34401,11.6919,-9.72603,13.5228,-0.155103,-29.1822,0.76553,12.4866,1.52105,-33.3597,36.7878,22.1509,-0.465447,21.96,-794.464,-622.2,15680,-17080,1120
3.65727,1.12642,6.11594,14.5649,26.4057,-3.6361,13.1679,-1.9932,-27.9202,7.48139,10.2679,-0.247733,-34.6184,34.4555,16.8719,2.81809,23.912,-797.88,-617.32,15960,-16800,1400
3.28329,-3.09114,5.59698,5.87581,27.5123,-2.14117,2.20175,-9.52962,-25.3722,8.72975,2.46898,-5.52824,-33.0891,21.3753,1.24224,-2.13653,23.424,-796.904,-616.344,15540,-16520,1400
7.0279,-0.364862,6.389,5.95532,28.0425,-1.05303,-0.647279,-13.1941,-17.2041,9.05641,-4.51494,-8.44023,-31.8389,12.0939,-0.180469,-2.22104,21.472,-791.536,-619.76,15260,-16520,1680
10.4969,3.34172,8.86274,9.39138,26.8171,-1.54785,-3.80935,-18.3778,-4.40815,12.0169,-6.96142,-8.23834,-26.9845,10.4284,-0.649083,-6.04426,19.032,-787.632,-616.344,15120,-16520,2100
9.83195,6.71447,8.19047,14.828,28.0648,-2.60477,1.4976,-15.8942,9.58571,5.44638,-12.4493,-7.36327,-19.5072,17.1202,6.10698,-1.78554,19.032,-789.584,-621.224,14700,-16660,2520
5.33418,9.17671,3.0074,22.179,29.8982,-0.862111,7.6572,-10.1062,15.3798,-4.39118,-17.6844,-8.84846,-17.3957,24.891,12.9493,3.77244,17.08,-785.192,-619.272,14280,-16520,2520
5.1774,12.0148,2.85231,26.845,28.6506,0.216357,8.98808,-8.1908,14.4176,1.89924,-11.9826,-4.44228,-5.73527,24.7676,11.1763,6.28374,17.568,-783.728,-612.928,13720,-17080,2800
12.8807,13.5916,3.63691,24.1396,29.2141,4.87268,7.732,-6.75979,20.5053,12.6886,2.22403,2.68479,5.76959,26.671,4.52853,11.3009,15.616,-784.216,-615.368,13300,-17640,2800
20.1111,19.7496,4.86254,27.7174,33.3896,9.13385,11.9766,-1.5332,32.9767,16.2806,10.2999,11.3763,14.3277,27.114,8.44591,14.9082,15.616,-785.192,-613.416,13300,-18060,2940
17.3699,21.6348,4.94505,27.1614,31.2473,11.8985,12.529,3.01907,34.0801,12.181,13.9578,14.3845,18.1829,25.303,9.86497,13.7381,14.64,-784.216,-612.44,13300,-18480,2660
14.9362,17.5121,4.72449,18.9129,18.8527,9.70996,7.21461,3.18424,33.1506,12.7239,20.4347,15.8262,23.0798,15.0694,7.52649,6.17888,15.616,-785.68,-610,13160,-18620,2660
9.36869,8.51508,2.66667,8.41165,5.98341,5.45805,2.97493,2.37892,25.0238,9.08573,18.3757,9.94202,21.9671,3.17638,4.57015,1.57976,14.64,-785.68,-612.44,13300,-18760,2380
1.67737,3.10461,3.90012,8.35261,2.56815,5.88903,6.10271,2.65554,14.3759,3.48101,12.9631,6.56657,18.7045,0.257717,9.72723,2.89428,12.688,-785.68,-615.368,13160,-18900,2240
-0.437441,0.0327839,8.11277,9.43615,3.9114,7.47232,10.8446,5.79134,4.806,3.3219,11.5031,8.51002,19.1246,2.19613,10.7287,8.63941,14.152,-789.096,-615.368,13160,-18900,2240
9.29738,3.52138,10.3956,5.32174,0.255991,8.54761,9.86702,10.052,16.5489,8.81083,14.8373,9.53543,20.3124,-0.977688,5.95382,9.84547,13.664,-789.584,-613.416,12880,-19040,1960
8.04577,3.85695,6.93755,3.23269,-4.39759,8.30218,6.46628,8.86472,16.5284,7.89101,11.5112,5.67487,14.7822,-6.2748,6.21597,3.76977,14.64,-789.584,-612.928,13020,-18900,1820
-4.00003,-4.49929,1.43586,0.0651926,-2.87792,7.11384,-0.0458927,5.74996,-0.919949,1.58544,3.9014,0.664578,7.2492,-9.28899,0.835537,0.30767,14.152,-789.584,-614.392,12600,-19040,1820
-8.55812,-2.53621,-0.835972,0.0533749,-2.88487,6.13243,-1.1243,7.22423,-6.53655,-2.09605,-1.28401,-0.0490199,3.85995,-10.8841,-1.42945,6.71548,14.152,-792.512,-610.488,12880,-18480,1680
-16.5676,-3.18383,-3.85119,-1.65069,-7.80638,1.68333,-1.3126,4.53751,-16.0533,-14.9062,-13.0077,-3.16032,2.27092,-16.8692,-0.455601,6.53972,12.688,-793.488,-609.024,12460,-17920,1680
-29.147,-6.2238,-4.8606,-3.4689,-5.36373,2.56809,2.94282,9.73331,-26.3181,-31.443,-25.4531,-3.1505,4.63789,-14.0916,0.0286189,9.97683,11.224,-791.048,-608.048,12600,-17360,1540
-23.4685,-4.93709,-2.70452,-5.4466,-7.29578,2.86868,3.11105,9.71776,-28.935,-23.0748,-22.3349,-1.59704,2.6454,-9.83792,1.04588,5.12912,10.736,-792.024,-607.072,12880,-16800,1400
-14.1272,-17.326,-6.2877,-21.8943,-21.7368,-3.61202,-10.4115,0.428733,-30.7722,-8.15334,-12.1009,-10.9286,-4.20924,-14.7938,-11.1533,-9.63667,11.224,-792.024,-608.536,12740,-15820,980
-3.70185,-20.9047,-7.50671,-30.8104,-28.6838,-7.36224,-23.2726,-7.97728,-20.7348,0.231398,-5.08561,-15.2256,-8.00843,-16.2476,-26.5492,-18.1542,8.296,-788.12,-604.632,12600,-14560,700
9.47015,-1.15128,-2.47768,-12.0282,-14.4168,-7.75291,-11.7682,-4.74404,5.4222,6.32376,-0.789287,-3.99739,-7.11673,-8.14947,-10.0294,-10.2167,4.88,-788.608,-605.12,12600,-13580,420
5.84184,3.26711,-4.43775,-4.98567,-4.6818,-6.94857,-5.13928,-1.54598,6.48149,5.04404,-0.920419,-2.38033,-13.5989,-2.04254,-5.88582,-3.74837,8.784,-787.144,-607.072,12460,-12040,140
1.73745,1.42196,-4.90195,-0.105088,-0.287315,-4.72262,-2.14139,-2.3182,-1.36389,3.28333,1.35902,-3.1119,-12.9559,1.0847,-0.823847,-1.63487,7.808,-790.072,-606.584,12180,-10780,0
5.82177,4.48403,-1.39065,5.59135,5.94536,-1.96275,7.2703,2.35086,1.42468,5.08527,4.262,2.75258,-8.45776,6.27302,8.58468,8.31622,10.248,-786.656,-608.048,12180,-9520,-140
8.19463,4.08158,-1.10538,0.921311,3.01249,-2.21484,5.88212,2.45845,6.33134,6.4034,6.65366,3.95398,-10.1268,7.16464,4.30033,6.34564,12.2,-788.608,-608.536,11760,-8400,0
7.81189,2.51425,1.2123,-1.4683,1.70514,1.21048,3.38792,4.00761,5.45677,5.01594,4.62031,4.92599,-9.01805,10.6392,-1.00471,3.73482,11.224,-789.584,-610,11620,-7840,140
11.457,1.79651,2.03307,-7.1749,-1.90647,-2.85424,-3.9636,-4.97146,10.953,7.12287,4.41497,6.99235,-6.9334,5.96392,-8.4834,-5.26285,11.224,-791.048,-608.536,11480,-6580,280
8.24052,2.03438,-0.268217,-2.48816,1.416,-5.46312,1.74374,-5.42853,7.74264,1.11569,1.82365,5.1367,-8.31988,5.29541,3.43432,-3.76396,9.76,-792.512,-611.464,11620,-6020,420
-1.08306,-12.0765,-4.43142,-11.7591,0.129723,-6.14029,-3.66701,-6.43909,-10.598,-4.87904,-0.252268,-2.16067,-8.83533,1.46192,-4.89399,-8.18565,9.272,-792.512,-609.024,11200,-5040,560
-4.49337,-16.0795,-6.98127,-17.2258,-4.01405,-8.96118,-12.2488,-13.2799,-10.9237,-5.51265,1.9234,-8.83306,-4.66859,-5.61073,-12.988,-16.7585,6.832,-790.56,-609.024,11340,-4200,700
3.22286,-1.59267,-2.37313,-1.35824,3.53283,-5.36192,-5.64703,-9.42955,3.18634,0.460627,5.14778,-2.69523,7.10045,-4.37552,-2.86686,-11.7625,8.784,-793.976,-610.488,11340,-3920,840
4.79716,5.15273,-0.544116,1.15515,2.19827,-0.49786,-7.62829,-6.71297,11.116,1.37514,4.16427,1.66648,15.2726,-5.20555,-6.41018,-10.2888,8.784,-793,-609.024,11340,-3220,840
-1.59791,4.92563,1.24824,0.182747,-2.53639,8.00635,-3.85982,2.283,5.37852,-2.35315,-2.28375,0.890104,18.9539,-3.22598,-2.50365,-3.21474,6.344,-794.952,-609.024,11340,-2660,700
-5.26419,6.5619,2.03198,9.48746,-2.22334,9.35434,8.9378,9.3788,1.57066,-4.43832,-4.77161,1.57793,17.401,0.279778,16.9945,6.36333,6.344,-798.368,-607.56,11200,-2380,840
-5.24453,10.1831,3.10238,14.7799,-1.8185,5.75821,9.6274,7.27558,1.36009,-2.81669,-4.62809,2.72705,13.2471,1.43489,17.0612,6.82816,6.832,-797.88,-609.024,11340,-1960,560
-9.62861,0.899085,4.67559,-0.614375,-8.91724,1.22658,-5.79884,0.0350867,-8.35056,-1.68246,-2.83794,-2.85538,7.077,-1.31245,-6.34442,-1.17678,8.296,-799.344,-607.56,11340,-1960,700
-16.5542,-7.2393,2.1967,-2.02362,-10.3123,-0.949992,-3.83394,-0.496858,-17.2804,-6.48144,-6.252,-9.32715,0.511044,-4.19731,-1.20404,0.0724856,6.832,-803.248,-605.608,11480,-2380,700
-11.5537,-7.39555,2.58588,-0.0164166,-6.28304,-2.38063,0.649027,-0.0118299,-15.1108,-7.31738,-6.84421,-11.1202,-2.4282,-4.52352,2.97487,1.20864,8.296,-803.248,-605.12,11340,-2520,700
-7.15207,-5.51837,3.80551,0.0200949,-1.06642,-5.72272,0.300089,-2.95888,-11.8064,-5.87789,-5.16061,-9.37862,-3.92174,-3.63007,0.00612362,-1.93765,9.76,-803.248,-601.216,11480,-2660,560
0.756063,0.679865,3.92193,9.21998,6.54277,-5.78592,6.76628,-4.74215,-2.87171,0.326001,-0.225821,-3.8329,-5.48291,-0.525569,8.6582,-0.812777,7.808,-802.272,-602.68,11900,-2800,560
8.46893,8.18008,4.79771,13.9435,8.80256,-5.90617,7.58885,-2.91833,7.86862,5.65102,1.7179,1.74633,-6.26339,1.88749,8.26476,0.000150125,9.76,-802.272,-600.728,12320,-2940,700
7.79949,7.99482,3.72218,7.74232,6.81404,-6.44143,-0.349484,1.20469,10.9538,6.54729,0.991542,4.27612,-5.96379,2.15252,-6.34166,-1.04082,10.248,-798.856,-601.216,12880,-3220,840
13.7513,8.36482,7.36182,4.64293,9.80777,-0.831151,1.26875,3.74139,19.1805,14.9771,10.0985,8.94133,-8.47464,7.97162,-8.87237,5.87208,12.2,-794.464,-602.68,13020,-3640,1120
3.2303,5.35378,2.62954,9.24738,11.6387,3.21226,8.08372,4.58325,15.671,5.80938,6.12853,6.49235,-9.643,11.1552,5.41492,9.94209,13.664,-794.464,-602.192,13300,-4340,1260
0.439168,12.4554,0.963411,19.2329,18.1813,7.87303,12.8036,3.61645,13.9051,1.11885,2.3568,11.2734,-7.27257,21.0363,14.8097,13.2762,17.568,-792.512,-603.656,13300,-4900,1540
-3.08829,8.69042,4.76901,16.7654,19.3605,13.9716,12.589,5.74063,-3.31751,5.26373,4.66117,14.9355,-1.90486,29.751,10.9748,18.2239,19.032,-794.464,-609.024,13300,-5180,1680
-2.27152,-3.34726,-0.427933,7.28489,11.6581,13.0136,9.61376,5.04875,-10.8774,4.50919,6.01642,7.06454,-2.24942,23.5551,7.62298,18.4632,20.496,-791.536,-610,13300,-5320,1960
7.16842,-4.81114,-4.9475,0.176421,7.75339,6.24296,3.76141,-1.38287,-1.49271,6.04572,4.2693,2.13609,-2.93882,9.73064,2.84476,10.2358,21.96,-797.392,-608.536,13580,-5740,2100
2.61776,-9.23594,-11.0022,-11.366,0.303024,1.75662,-5.12641,-1.35574,-3.81071,-2.22561,-0.514865,-5.33138,-1.58822,-6.83827,-6.72106,0.92422,23.912,-797.88,-611.464,13720,-5600,2240
3.63614,-6.21557,-13.8905,-10.812,-4.23878,2.9423,-6.69004,2.33715,1.84425,-2.72101,0.918224,-6.57839,2.72283,-16.3224,-4.39264,-1.4444,23.912,-798.856,-607.072,13720,-5600,2240
-1.70795,-10.1464,-16.8534,-17.1913,-14.9897,-3.61841,-14.9689,-1.18385,0.704431,-6.7484,-2.799,-9.2929,3.12056,-27.0292,-12.1609,-11.0076,20.496,-802.76,-605.608,14140,-6020,2240
3.72506,-4.27292,-12.1456,-14.7137,-16.1219,-3.01857,-13.7731,1.25136,9.06899,-3.32804,-0.521658,-2.8031,4.54346,-25.2475,-12.6819,-12.0168,21.472,-801.296,-603.656,13860,-6020,2240
8.88821,1.61601,-2.66273,-12.0896,-14.83,0.554059,-10.0514,4.34923,15.1039,2.32417,3.7925,3.79755,8.98637,-18.0745,-13.5859,-9.98789,22.936,-806.176,-602.192,14000,-6580,2380
4.20509,0.284184,0.941279,-13.5043,-17.1853,-1.64666,-8.23549,4.68069,10.8508,-2.77466,-1.04578,1.17574,9.09258,-16.794,-10.6198,-9.81107,21.96,-802.272,-602.192,14000,-6860,2520
-4.14669,-3.08139,2.63835,-12.6985,-15.0812,-1.18664,-2.95948,5.57011,1.20251,-11.3854,-7.32657,-2.79385,7.98223,-12.327,-1.61319,-5.10789,19.52,-800.808,-599.264,14140,-7140,2800
-4.45997,-1.53254,9.38119,-8.71827,-8.69534,-0.469076,3.06721,5.94404,-2.07558,-11.7952,-9.97468,0.948496,11.3825,-5.00153,2.74976,0.0617388,17.568,-797.392,-598.776,14140,-7280,2800
-1.69959,0.407555,14.7621,-3.15053,-2.85381,-0.424224,6.91773,3.7321,-5.05736,-8.16476,-8.40142,4.06831,12.3714,-1.10864,7.68207,1.45863,15.616,-796.904,-602.192,13860,-7140,3080
-0.525396,-3.34993,12.575,-3.42816,-1.583,-2.24172,3.08929,-4.16002,-10.6109,-6.26365,-5.29883,2.43463,8.73543,-4.6176,5.67312,-3.96972,14.152,-793,-599.752,13860,-7000,3220
-0.788292,-3.22962,8.98137,-1.51175,2.1192,-1.9799,-0.555113,-6.06695,-13.4829,-4.85205,-2.99135,0.886366,5.34653,-3.25082,1.88488,-4.83549,14.152,-790.56,-599.264,13160,-6860,3220
1.78883,3.37513,7.67486,5.54536,9.05049,1.92796,4.53096,-1.84878,-12.9183,1.73637,3.5187,3.30132,2.54021,6.61829,3.61723,1.53424,8.296,-791.536,-599.264,13020,-6580,3360
-7.19614,-2.05182,-2.49025,1.83941,4.7117,0.494107,2.00896,-2.88233,-19.2653,-0.61317,-0.421957,-3.75116,-5.99514,10.3234,0.0967248,0.736121,6.832,-793,-597.8,13020,-6300,3360
-6.66405,1.75876,-4.86559,6.02325,4.86465,-0.824939,4.46814,-7.94353,-10.1336,2.90539,2.15287,-3.73234,-9.22294,15.7875,5.09711,0.862538,5.368,-793.488,-600.24,12880,-6580,3080
0.737728,6.09889,-4.75616,5.20779,4.5205,-3.65822,-4.24708,-15.5781,3.65827,8.83751,7.25004,-1.27893,-9.14365,15.9347,-4.01508,-7.25435,5.368,-794.464,-603.168,13160,-6300,2940
0.504477,2.92017,-7.61357,1.04797,3.11171,-5.77136,-12.7662,-15.6017,8.69977,9.57321,5.56711,-4.95901,-11.9569,12.4146,-16.4142,-10.3672,0.488,-794.952,-601.216,12740,-5600,2940
-3.1682,2.01648,-6.68417,10.2009,11.8833,1.94183,1.43183,-4.16734,5.02169,11.3208,4.95656,-5.08879,-9.79329,14.2828,-0.0945765,2.54184,-0.976,-794.952,-597.8,13160,-5460,2940
-13.5476,-8.96735,-9.07625,4.89305,4.73591,-0.580167,1.03232,-0.749233,-6.74926,4.80949,-2.7388,-10.2978,-10.6516,3.34009,3.3572,0.875731,-1.464,-796.904,-601.216,13300,-4760,3080
-5.79794,-6.58136,-5.42125,4.48869,1.80617,-3.24459,1.85613,-2.31508,-1.96337,10.7272,-0.438813,-8.61701,-11.9712,-3.56303,6.43946,-2.20227,-4.392,-795.928,-594.384,13300,-4480,3360
1.36325,-1.15561,-1.77907,6.41874,4.09543,-2.01708,3.82243,0.297604,1.46367,12.0975,-0.562975,-6.05286,-13.0619,-3.80826,6.57199,-1.49528,-4.392,-798.856,-598.288,13300,-4060,3360
11.4805,12.7843,4.20043,16.2579,8.40869,-3.80631,9.33329,3.82669,11.5218,14.2613,-1.17218,4.10712,-6.43353,0.959283,14.3738,1.81334,-5.368,-795.44,-602.192,12880,-3500,3500
9.81466,12.0606,6.31224,17.0858,8.48203,-5.5612,10.1095,3.68748,2.14318,9.64628,0.133058,7.47465,-5.95672,7.312,14.4145,2.85544,-4.392,-798.368,-601.704,12880,-3640,3500
6.44544,3.73818,6.96165,4.82188,0.945755,-6.40713,2.47349,4.71957,-1.3827,3.08813,-2.83822,7.03135,-6.56357,8.41077,-0.0308863,1.69959,-3.904,-797.392,-598.776,12600,-3640,3500
4.73842,3.02956,5.95368,-2.71036,-5.56309,-4.94456,-3.36247,4.84546,5.09687,-2.79771,-2.2706,4.59318,-6.20202,4.55115,-5.93445,1.32494,-6.832,-798.856,-600.728,12040,-3780,3640
-3.83261,-3.89265,0.610462,-6.70244,-10.1382,-6.52384,-6.68009,2.18085,-0.180016,-12.6387,-2.32119,-1.51035,-5.08916,-5.36741,-6.87417,0.973527,-3.904,-798.368,-600.24,12180,-4340,3500
-9.63627,-11.2095,-4.35705,-11.7956,-15.3062,-5.73472,-7.49086,2.77594,-4.18591,-18.8776,-3.84488,-6.84765,-2.62117,-13.9336,-7.40514,2.31251,-1.952,-802.272,-601.216,11900,-5040,3360
-9.5285,-10.6399,-1.95671,-11.9205,-12.9461,1.56416,-5.97108,6.13705,-6.93701,-17.359,-2.20709,-3.31191,5.17646,-11.2351,-9.6917,4.25498,1.464,-800.808,-602.192,11760,-5460,3080
0.184251,-2.10219,2.91421,-9.99064,-11.5069,5.84724,-7.89109,4.7489,3.02308,-8.90177,4.6315,4.3812,15.7991,-4.84421,-10.2563,1.39448,2.928,-798.368,-602.192,11900,-5600,2800
7.48041,5.83022,6.22055,-5.26203,-9.43697,6.18258,-5.98391,0.939921,12.3997,-1.79693,12.6129,8.58501,21.2423,0.223472,-6.15713,1.63845,3.416,-797.88,-602.68,11480,-6020,2380
-1.03767,4.45197,1.40277,-2.73093,-5.71428,8.51603,-0.776599,2.85512,8.32244,-11.9697,4.6286,4.00388,21.4505,0.662485,-0.847864,5.78765,10.248,-802.76,-601.704,11480,-5740,2240
-10.7778,0.400584,-2.20383,0.212515,2.22916,10.3552,5.27229,2.59759,-5.4881,-17.7503,-3.76266,1.6578,16.8616,-1.39687,6.28635,6.9373,7.808,-799.344,-603.168,11340,-5600,1960
-5.84385,4.17601,0.95181,10.1032,15.2013,11.6463,14.947,4.56375,-8.81523,-4.46164,-1.608,6.90408,15.2762,-2.23552,16.7822,12.0147,8.296,-798.856,-602.192,11200,-5180,1820
4.12016,-0.344223,-0.420742,4.63307,10.7265,7.92528,6.95719,1.27263,-2.59381,7.14135,6.05194,3.63745,12.179,-13.1192,9.94684,2.98181,9.76,-798.856,-602.192,11060,-5320,1540
9.48447,-0.192219,-1.87336,-0.0343142,8.92835,6.10733,-0.626139,-3.25092,5.46036,10.8097,6.5415,2.16523,7.9023,-15.5023,-0.884301,-3.85136,14.152,-796.904,-602.68,10500,-4620,1120
13.9238,9.08529,1.50353,3.128,12.8375,7.78937,0.726031,-0.833721,15.345,12.9235,4.09241,6.39014,4.79986,-6.94183,-3.20088,-1.54011,12.2,-801.296,-598.288,10220,-4200,1120
10.5785,8.16558,2.23665,3.55241,9.42698,2.8394,1.06158,-1.63096,12.7357,11.3215,-0.807213,5.26173,2.02369,-3.22908,-0.983585,-2.70946,12.688,-797.392,-597.8,10080,-4060,840
-0.806733,2.04879,-3.80928,-0.90787,1.97215,-1.68364,1.5818,-1.10992,1.95885,-0.749721,-8.78675,-2.17178,-7.45975,0.765542,0.217515,-0.208248,15.616,-803.736,-600.24,10080,-4200,1120
-9.53211,-8.20887,-4.55422,-7.28436,-4.78836,-3.12629,1.25207,2.47914,-11.8352,-6.14412,-9.21478,-6.44072,-10.0642,7.08141,-0.433814,2.14479,13.664,-800.808,-603.168,10360,-4620,1120
-4.81382,-8.10817,-3.69475,-7.96416,-7.93445,-3.51228,2.08044,5.30293,-5.68728,-0.652454,-2.59647,-6.66391,-10.7619,9.9426,1.47243,2.05827,13.664,-803.736,-600.728,9940,-4620,1260
1.7291,-6.11374,-2.77545,-5.94787,-8.32634,-3.03813,-1.62366,1.78085,1.91306,3.40049,2.12945,-5.74758,-7.31063,6.79642,-0.100758,-2.95263,13.176,-802.76,-602.68,10220,-4900,1540
8.55272,1.61337,1.3759,0.528065,-0.149115,-1.77057,-0.359886,-2.42349,10.1926,6.14331,2.58996,0.966928,-4.72,9.83654,-0.287026,-3.06915,12.688,-803.248,-600.728,10220,-4900,1680
10.3213,6.07078,2.69299,3.06875,3.90542,-2.68226,-3.26679,-8.1459,11.8449,5.93179,3.2749,2.42714,-6.13942,9.05274,-3.70978,-5.6453,13.176,-804.224,-601.704,10500,-4900,1820
-0.298096,-3.8722,1.19906,-0.551167,0.560762,-4.75174,-6.48712,-9.49371,-3.47485,-1.82453,-1.3576,-3.43808,-3.64388,3.55631,-6.54435,-6.42679,10.248,-798.856,-600.728,11200,-4340,1960
0.978093,-1.08734,0.666376,4.68993,3.55734,-2.5294,3.20123,-7.80024,-3.52812,0.871473,1.79149,-2.7041,-8.35886,6.1763,1.16597,-0.50863,7.808,-797.392,-602.68,11340,-3500,1960
-4.58645,-5.34716,-1.994,-1.14595,-0.680139,-3.54127,-2.80304,-7.51883,-5.76349,-1.94707,0.608932,-5.79243,-6.79995,2.68883,-8.89332,-4.94834,11.224,-797.392,-594.384,10920,-3500,1960
-3.61982,-1.21036,-0.0499436,4.36023,3.89281,-1.29163,0.158193,-0.47419,-5.14718,-2.28213,-1.41482,0.141761,-3.56355,5.53852,-3.9994,-0.825032,10.736,-797.88,-595.848,10780,-3780,2100
-1.5309,1.79733,-0.431483,7.99828,5.32965,-0.308228,2.40598,3.92323,-5.57343,-0.728548,-4.68405,3.00709,-4.51072,5.78094,1.70679,2.42222,2.928,-797.88,-594.872,10780,-4340,2100
-2.58099,-4.19504,-1.42857,-4.81337,-2.06414,-6.02127,-4.77413,2.04521,-7.61113,0.838887,-4.27361,-0.212022,-2.85274,-1.91172,-7.98201,-4.29593,3.904,-798.856,-597.312,10220,-4340,1820
-3.75702,-2.00865,-0.240905,-1.17278,-3.59796,-7.24484,-0.348475,3.54223,-8.0722,1.89976,-3.94122,-2.56186,-3.97147,-1.40083,4.05515,-3.90528,3.416,-800.32,-596.336,10360,-4200,1820
-3.90171,-0.218484,1.34512,-0.132567,-8.98159,-6.80548,-0.40448,8.81884,-8.10272,1.89294,-3.10966,-2.54095,-3.91884,1.56756,7.04573,-2.80262,5.368,-794.464,-599.752,10360,-3780,1820
-4.06268,-0.462421,2.89124,-2.8957,-12.5334,-5.53041,-1.66769,9.63113,-5.85603,0.84122,-2.09117,-1.12069,-1.81901,3.16529,2.43264,-4.74778,4.392,-796.416,-601.704,10640,-3500,1960
-5.4092,3.99984,1.49813,-2.85942,-9.96668,-5.83157,-1.00197,5.93488,2.01376,-4.82588,-3.73143,-0.579228,0.149039,-0.505778,1.97838,-3.73251,4.88,-800.808,-599.752,10500,-3500,1960
-10.101,4.01379,-0.826899,0.040603,-4.43498,-0.276534,2.62968,7.853,-4.31112,-8.72153,-6.844,-0.20965,3.91836,-3.79693,7.10375,3.88953,4.392,-803.736,-596.824,10640,-3220,1960
-9.64397,-1.97197,-1.50377,-2.35173,-2.97419,3.66549,1.72652,3.18763,-11.7266,-3.99825,-2.83955,-2.36606,5.61318,-7.93617,6.02394,3.70898,2.44,-801.784,-597.8,10500,-3080,1820
2.02605,-3.19793,-1.23095,-5.41189,-2.82873,2.12657,-3.3931,-8.01094,-2.95263,6.48328,6.14772,-2.72401,6.85895,-19.2122,0.46589,-3.18464,7.32,-799.344,-602.68,10920,-2800,1960
