0.33484,-1.19564,4.12579,12.524,3.92177,3.52872,10.8943,5.43699,-6.43964,2.07983,1.95373,1.89185,2.66209,10.678,20.5445,6.96071,38.552,-993.568,-271.328,-22540,24500,-16380
4.77547,2.97686,4.94577,10.8644,9.09734,3.91407,5.43398,1.57378,-1.66583,1.45661,-0.380172,5.0977,1.86016,9.25372,8.53336,3.42839,40.504,-999.912,-272.792,-19320,21700,-14840
19.4031,20.8611,4.32986,3.69515,6.38608,-1.41841,-8.55774,-6.41271,33.8689,7.03506,2.73328,14.1571,0.267073,-3.60368,-16.744,-6.94404,44.408,-999.912,-275.72,-16240,20300,-13580
13.1488,14.3369,4.40612,1.78632,1.24354,-2.27194,-9.0396,-5.44442,26.2653,6.27645,7.25812,9.49253,3.4241,-2.37066,-15.0621,-7.41268,43.92,-1001.86,-281.088,-13160,18200,-12180
-8.80692,-26.859,-7.27261,-24.5672,-19.1859,-5.60224,-11.4515,-6.71641,-7.02679,-3.776,2.58877,-18.0042,0.287469,-9.69566,-11.1468,-9.67799,47.336,-998.936,-287.432,-9240,15260,-10780
-1.33271,-10.823,0.0281586,-4.85776,-3.76607,-0.0153874,4.58325,-0.545001,-2.67682,0.828296,1.74617,-6.32784,3.37777,-1.92277,12.8214,1.65173,54.168,-1002.35,-298.656,-7140,13440,-9520
5.27838,18.2324,2.61693,25.5985,11.2534,-0.571011,12.8923,-0.294329,-0.591364,-0.358452,-4.02157,8.90691,-0.490423,1.43907,28.4145,4.75505,57.096,-1003.82,-303.536,-4200,12180,-8120
4.12028,10.4134,0.839421,16.7414,7.15924,-0.751114,4.95609,1.3587,-6.52692,1.24274,0.781619,5.71578,0.232933,2.05218,8.5506,3.17506,57.096,-1004.3,-304.024,420,9800,-6160
20.6056,35.8094,9.49091,3.64429,5.90551,2.61656,-5.85254,1.10889,29.3642,13.3189,6.47619,20.3949,5.05003,11.2434,-21.5087,1.02963,59.536,-1001.86,-300.608,4060,7560,-4760
6.63204,10.4877,3.28153,-19.8542,-1.48479,3.68595,-8.35317,1.89032,5.69192,5.18539,-1.65963,7.14979,0.152981,8.24957,-29.8891,0.944721,59.536,-997.96,-302.072,8260,4620,-2800
-9.72634,-20.8841,-6.01534,-17.8822,-1.60448,3.23739,1.895,4.9806,-20.6646,-3.68519,-5.25438,-10.6949,-4.51933,-3.09989,-7.85929,3.21971,61,-1001.86,-297.68,11200,2660,-1120
-17.7498,-24.6186,-13.3537,-4.88756,-8.3728,-4.32221,2.95692,1.47238,-23.8629,-10.7539,-6.17233,-20.6407,-8.69747,-10.9144,8.13623,0.264203,62.952,-997.96,-295.728,14700,-140,980
-10.3145,-20.9323,-8.18241,-15.5956,-14.6297,-3.53447,-5.99001,-1.19722,-8.49916,-4.01314,2.4932,-17.4661,-1.43502,-7.6542,-4.29635,-2.96862,63.928,-997.96,-283.528,18060,-2100,3080
-0.957661,-9.33981,-4.95442,-17.7011,-15.5388,-4.60799,-10.1906,-5.28386,8.22918,-1.26597,3.28817,-11.2967,-0.314364,-8.15944,-5.5549,-7.09192,61.488,-998.936,-280.112,19880,-3220,4620
0.628459,-2.30545,-2.94182,-2.78374,-6.1221,-4.67927,-4.70247,-5.28547,6.32319,-3.51904,-2.66693,-3.68552,-2.15718,-6.06439,2.63818,-5.44116,59.536,-998.448,-273.28,22120,-3360,6160
7.49958,47.6249,11.1357,43.4972,23.164,4.05255,7.8902,1.99612,8.87456,1.31332,-0.844209,25.1084,4.95677,9.48374,11.1633,4.51008,61.976,-996.008,-264.984,23520,-2800,7420
-1.91148,25.7512,8.05421,15.5522,13.2905,3.21145,-1.57947,2.61141,-9.83666,-1.3414,-0.860693,14.0159,2.63923,10.0223,-11.4256,2.09839,61.488,-994.544,-265.472,24640,-980,8400
0.941941,-18.568,0.883573,-28.8207,-8.48939,1.05266,-8.23138,1.591,5.65066,3.02255,2.37829,-6.5809,-0.88459,2.10044,-18.7222,-0.75746,59.048,-995.032,-257.176,25200,1400,8960
7.09473,2.23085,4.89617,8.5033,10.2849,7.62624,12.6813,7.80224,18.4342,6.32053,2.64452,5.78237,1.61985,6.49994,19.3555,9.29805,59.048,-995.032,-249.368,25200,3640,9520
-0.477336,-7.37969,-3.38147,-0.447825,-0.04972,-1.20655,3.61084,-0.717507,13.195,0.14686,-1.66882,-1.47332,-3.43118,-5.37338,11.1714,-1.17447,57.096,-989.664,-243.512,24920,5740,10220
4.75288,13.3717,3.6268,20.818,8.5343,1.33507,8.68563,1.44578,18.1519,5.01427,3.86907,7.85274,2.2898,2.3618,19.2829,2.09116,54.168,-987.224,-242.536,24500,7280,10780
-17.2378,7.57071,4.61818,32.2385,14.3436,4.86603,13.7421,2.76754,-32.2063,-6.40947,-3.23138,2.83517,2.7448,8.9554,24.4732,6.51692,47.824,-981.856,-242.048,23940,9940,11340
-23.4264,-21.6477,-1.72663,-0.744451,-0.765219,2.07696,2.72627,0.116139,-48.6872,-9.95328,-3.53625,-9.85986,-0.433821,0.524628,5.13253,0.176834,54.168,-984.784,-240.096,22960,12740,11620
1.59833,-15.8485,-4.60758,-17.4895,-10.5276,-3.47876,-4.74696,-3.49619,0.338306,1.62347,2.7255,-5.50636,-2.45986,-8.32415,-5.44575,-5.6988,40.504,-980.392,-226.432,21840,14980,11620
10.746,4.19416,0.352913,-1.01781,-3.89582,-4.20649,0.330186,-2.94365,25.0958,6.73352,3.05612,3.58634,-0.524467,-3.02696,2.56861,-2.14552,35.136,-974.536,-221.552,20860,17080,11760
13.5057,18.8874,7.31785,12.3841,6.13273,1.03972,4.3736,0.588028,23.4075,10.3352,3.99839,12.5059,3.49909,8.16509,4.7096,4.72812,30.256,-969.168,-220.576,19880,18340,11900
13.4142,-0.0926425,5.02513,-3.66193,3.93554,4.69909,0.410029,3.17853,12.7651,8.47687,4.72054,5.68226,5.07018,6.57486,-2.80068,3.22842,29.768,-968.68,-221.064,17360,20580,11620
13.0685,-0.172369,-1.85688,-6.99055,-1.00351,-0.656867,-2.8365,1.21987,17.9545,1.85833,0.482497,2.36133,0.460957,-2.26784,-5.58416,-2.08035,32.208,-961.848,-227.896,14420,24080,10640
-3.27704,-0.793292,-3.95893,8.17284,2.34093,-0.0968747,7.19701,6.30826,-10.6093,-5.73834,-1.95505,-1.83326,1.2778,0.387956,10.599,5.62234,26.352,-960.872,-232.776,12180,26740,10080
-3.23337,-5.04258,-2.72629,-6.1167,-8.04122,-3.55284,-8.9266,-5.72127,-4.88856,-1.54142,1.10585,-4.87247,1.09461,-3.76778,-15.5993,-7.152,20.008,-961.848,-232.288,9660,29260,9240
5.90078,-17.8608,-1.7695,-37.1752,-18.16,-5.07606,-24.3595,-12.6518,10.7725,5.22564,5.42747,-6.94432,0.507257,-9.59645,-47.6569,-14.9717,16.104,-957.944,-234.728,8260,30100,8680
-14.2987,-19.4248,-2.98808,-14.7542,-6.0676,-3.4269,-9.29339,-7.55152,-31.1467,-8.62836,-6.56535,-9.05091,-3.94602,-5.74191,-20.7149,-5.84646,10.248,-953.064,-232.776,6440,30100,7840
-27.5225,-26.4704,-7.55008,-17.401,-8.45335,-1.94572,-3.1167,0.997438,-51.5036,-18.0813,-9.62175,-17.9995,-5.45755,-5.49411,-9.09247,1.15523,2.928,-954.04,-234.728,5320,29400,7000
2.81528,-6.03503,-3.98319,-18.603,-11.3956,-0.716514,-6.74597,2.64631,11.2202,-6.13781,-2.21876,-8.01062,-3.35422,-3.85107,-12.5106,0.62049,-0.976,-949.648,-240.584,3360,28700,6440
20.3111,26.3424,1.49615,9.81341,2.62123,-0.698738,-0.70505,-0.893094,36.3675,1.89193,-1.3253,8.99296,-3.06445,0.642595,1.99695,0.654812,-1.464,-948.184,-243.512,1820,27720,5040
1.65022,14.2603,0.434275,22.3343,15.4349,4.95127,16.7135,8.21452,-7.72189,-4.82358,-5.18826,6.41326,-0.939737,4.40953,26.3938,12.2453,-3.416,-950.136,-245.952,420,27440,4060
-4.68002,1.45385,-3.32584,18.6425,9.77117,-0.646491,11.5122,0.965953,-11.2396,-5.10319,-6.25604,0.682273,-2.84398,-0.285748,24.3268,4.76481,-3.416,-949.648,-245.952,-1820,27160,2520
-0.169127,3.75141,-1.44498,11.5819,0.403432,-1.50003,3.77606,0.148434,10.356,2.94322,2.08098,-0.598289,1.16687,-1.2641,23.9078,-1.22506,-5.368,-946.72,-245.952,-2940,26600,1260
-11.0417,3.86067,-1.72697,20.4168,2.93924,0.121385,9.55585,2.16638,-7.05463,-0.759245,-0.967426,-3.03797,-0.216664,1.53276,37.367,2.79315,-3.904,-948.672,-246.928,-3640,26040,280
-17.0201,-11.0402,-3.3177,4.64107,-0.203245,1.42226,4.95217,2.06578,-28.4446,-2.33831,-2.58763,-7.60717,-1.77474,-0.361781,14.0388,1.73612,-3.904,-946.72,-245.952,-4760,25340,-700
3.26608,1.28231,2.60893,-9.76911,-2.95945,0.044758,-6.31914,0.00831959,4.87468,7.96345,5.05207,4.01253,2.15074,-0.0722711,-16.5861,-3.73661,-4.392,-947.208,-248.88,-5600,25200,-1120
-1.71301,4.37629,6.46527,6.71797,8.35036,3.36535,4.67616,4.35554,-13.5663,4.75786,4.34583,6.39166,5.38566,9.20322,-2.20239,3.70367,-2.928,-946.72,-252.296,-6440,24920,-1820
4.74101,9.114,6.4439,-3.97408,2.12433,1.49264,-6.90804,-0.27247,-0.1307,6.30358,4.90371,6.54808,4.41914,6.46007,-22.6948,-3.24144,-1.952,-945.744,-250.832,-6860,24780,-2380
27.5075,28.9074,10.8606,-5.43974,2.85069,-0.19283,-16.9866,-6.67593,48.5626,14.4777,8.1795,19.6955,4.21957,3.12886,-36.1474,-10.5846,2.928,-944.28,-251.32,-7280,24920,-2800
18.7664,21.5847,6.06653,-2.28409,1.91091,-1.31522,-14.5218,-6.89744,38.0131,6.21073,2.10303,14.1922,0.12847,0.487049,-30.8888,-9.252,2.928,-945.256,-254.248,-7980,24500,-3220
-1.55551,-27.0917,-2.73232,-37.8277,-15.4023,-1.29415,-18.0407,-2.41647,-4.24399,-0.41158,4.46265,-9.10266,0.496571,-6.09838,-37.0496,-8.30121,4.392,-943.304,-254.736,-8400,24500,-3780
-7.01243,-37.0033,-5.83451,-27.9798,-15.5095,-4.49988,-4.46833,-0.978775,-11.9037,-2.33378,2.59582,-16.2066,-1.3783,-8.19954,-1.44293,-2.31265,4.392,-942.816,-255.224,-8820,24080,-4200
9.01404,9.65869,5.33796,23.2897,11.0146,1.5208,20.3509,5.29933,16.4542,6.90329,3.68717,7.32339,2.91397,5.41955,39.4915,13.0921,8.296,-942.328,-252.296,-9660,24220,-4480
5.89902,28.1567,6.45956,35.8951,16.1251,1.17782,20.2756,-4.1232,12.6838,3.06947,-2.3468,13.64,0.550273,5.63951,37.7098,11.2903,12.2,-942.816,-251.32,-10360,24360,-4760
-15.518,7.77267,-2.47101,16.3903,4.12867,-0.0725288,10.6296,-5.89081,-22.1444,-8.1422,-8.13325,-3.08096,-3.63712,0.0855393,16.3439,4.01549,13.176,-942.816,-246.928,-11340,24360,-5040
-20.1454,-19.0113,-7.35847,-13.115,-9.27965,1.44695,0.251558,5.23164,-31.46,-9.42294,-5.58928,-15.8313,-3.76579,-2.01723,-4.21982,-1.1338,17.08,-944.28,-241.56,-11900,24920,-5040
-1.76614,-9.1969,-7.18106,-14.1089,-8.65923,-1.4128,-0.320229,3.4661,7.12034,-2.91869,-2.92165,-9.08468,-5.04694,-3.29915,1.00587,-2.23094,14.152,-945.256,-243.024,-12880,25200,-5320
-6.29367,-7.40577,-6.60173,2.99463,2.197,1.21713,8.97104,4.77463,-9.47627,-6.84698,-5.41664,-6.53094,-3.77824,-1.2635,14.7952,4.57231,19.52,-948.672,-238.632,-13720,25620,-5600
-9.86475,-9.7321,-6.07972,5.37171,-0.239222,0.45809,4.11028,3.43818,-18.4233,-7.31043,-1.75715,-8.88264,-1.05585,-3.2362,9.07895,2.26714,21.472,-953.552,-234.24,-14840,26040,-5600
-8.51951,-5.02173,-3.36331,5.83328,-1.77421,0.286376,-0.119763,1.07316,-13.9821,-6.73314,-1.60481,-6.33218,0.0951568,-1.90055,3.03237,-0.387257,22.936,-952.088,-233.752,-16100,26040,-5600
2.25919,5.34694,1.55578,-6.44546,-2.02485,2.23156,-8.3563,0.297472,3.96629,0.303438,2.35667,3.12007,3.90053,-0.625554,-18.7943,-4.41477,31.232,-960.384,-242.048,-16940,26320,-5740
20.3057,24.7479,7.10611,8.99124,8.19681,2.25436,-1.20611,-0.829071,33.8692,8.83821,3.47332,17.3043,4.53676,3.47992,-3.17727,-2.82553,30.744,-961.36,-239.12,-17640,26600,-5740
28.8644,33.4756,12.0688,25.3494,14.7492,3.9562,1.88844,0.823819,42.0307,16.5109,7.87145,24.704,6.45821,8.58289,6.17225,1.17423,34.648,-965.752,-244,-18060,26040,-5880
20.2722,11.8479,6.24235,-2.27322,-1.54058,0.29757,-8.12545,-0.390428,26.573,13.9916,8.37167,11.08,4.06432,3.37123,-7.03652,-2.24692,36.112,-968.68,-245.464,-18900,25620,-5880
-3.80732,-17.3764,2.03468,-7.69946,3.82042,4.00431,9.57317,8.11158,-22.8992,-0.297551,-2.01174,-1.98238,0.320786,7.25446,7.75546,11.8149,35.136,-968.192,-241.56,-18620,24080,-5880
-6.6012,-16.3628,3.79571,-13.3801,4.00519,7.87034,7.00017,9.1957,-22.2688,0.690537,1.71626,-2.21518,3.29733,6.6456,-8.28567,14.0416,36.6,-972.096,-246.44,-18060,22960,-5600
-16.6687,-21.0229,-4.1456,-25.0622,-11.8036,-1.5055,-12.5367,-4.32833,-24.9224,-7.21587,-1.44591,-12.8811,-1.2493,-7.40826,-25.8,-3.1451,35.136,-969.168,-249.368,-17080,21280,-5040
-25.2604,-23.1984,-10.4136,-7.89885,-4.73389,-2.27829,-0.874459,-0.840969,-31.5823,-16.9617,-6.29219,-18.6535,-4.61342,-6.7152,2.11209,0.319486,36.6,-964.288,-251.32,-16660,20160,-5040
-3.40709,0.513825,-6.80066,16.5084,1.45874,-6.42077,2.35183,-4.93689,1.85808,-5.91139,-3.54598,-5.99667,-5.97584,-7.27175,23.0594,-4.39058,36.112,-964.776,-250.344,-16660,19040,-4900
-11.8885,-7.86201,-8.16609,3.05732,-8.13258,-9.84126,-9.13173,-10.0691,-14.5283,-7.72484,-6.00657,-9.96791,-7.60534,-11.5322,5.74072,-13.8122,36.112,-962.824,-245.464,-17080,19180,-5180
-17.347,-3.58327,-5.33808,3.46552,-4.39119,-6.12313,-4.42434,-8.02515,-22.2241,-11.1675,-7.96998,-7.74223,-5.24961,-5.81694,1.60136,-8.77194,38.064,-964.776,-242.048,-17640,18340,-5320
8.44691,13.3093,-0.718727,5.13428,-1.56054,-5.03291,-4.13952,-6.17348,22.0628,0.911774,-1.89216,4.78096,-3.29406,-2.1462,-2.84984,-5.34737,37.088,-964.776,-243.024,-17780,17220,-5180
14.57,19.9469,1.85066,7.48943,0.0656529,-2.8302,-7.0073,-1.34324,34.4651,4.92509,-1.52715,8.89196,-1.72752,2.20829,-7.11234,-3.02088,37.088,-967.216,-244.488,-18060,16660,-5040
18.9092,22.3607,9.90682,1.13303,6.56474,4.17588,-6.36378,5.4963,34.1832,11.2203,5.2634,16.0155,6.60819,7.93293,-21.8226,1.63165,38.064,-971.608,-248.392,-18200,15260,-5040
2.05026,-18.5877,-4.51391,-25.6841,-9.32355,-1.55421,1.32303,3.63592,4.29362,-1.54278,-1.3041,-7.41999,-1.65523,-3.54443,-9.59083,4.34391,37.576,-974.536,-250.832,-18060,14560,-4620
0.804991,-8.32061,-1.24884,-1.92123,2.2208,0.935149,16.3012,4.60055,-5.90717,-0.99989,0.215195,-1.94405,0.975944,1.75673,16.6145,10.5899,37.088,-977.464,-255.712,-17640,14000,-4340
-3.38993,-26.1682,-2.37422,-28.1119,-9.76177,-3.25887,-1.94182,-5.74552,-16.8033,-2.41716,-0.694594,-8.95507,0.33018,-3.23074,-15.2498,-3.37315,38.064,-976.488,-257.664,-16380,13440,-3920
13.3964,5.24375,10.6468,-9.7938,1.14765,2.75482,-7.17321,-3.53015,8.29387,10.2815,7.81097,10.3149,8.07173,4.99731,-25.4567,-4.82168,40.504,-977.464,-261.568,-15680,12740,-3500
13.2137,15.0361,9.32164,-3.40068,-2.36092,-0.102219,-16.1732,-0.379075,12.1723,12.0473,10.2869,11.3144,6.04767,1.42237,-23.8905,-10.2073,42.456,-974.536,-269.376,-14140,12600,-2940
-20.3562,-38.3039,-8.01662,-16.2331,-14.8157,-1.24843,-4.00527,8.49047,-40.9181,-6.40944,1.63534,-21.5821,-2.21904,-6.37989,8.79579,-4.385,40.504,-970.144,-268.4,-13160,12600,-2800
-13.4057,9.06327,2.55785,46.7668,20.458,11.1523,29.912,15.2509,-26.1419,-6.82909,-1.93263,1.29403,2.3312,12.2611,55.9476,15.8419,35.136,-965.752,-264.984,-12460,13160,-2660
3.70484,18.2291,-0.411293,19.5099,6.08302,2.47124,7.40987,-3.69848,17.5009,-0.791155,-3.96791,4.68749,-2.15674,1.34798,15.4086,0.766315,25.864,-963.8,-262.056,-11900,13300,-2800
17.0845,33.7718,4.10499,14.1212,5.47562,-0.26149,-1.82309,-9.71261,43.0129,9.78322,3.6976,15.3033,0.422947,-0.671808,-0.0373539,-5.14356,26.84,-964.776,-260.104,-11900,13160,-2800
0.655245,20.8081,2.85062,24.9638,10.0325,-0.647871,4.69881,-10.129,5.31114,3.01313,2.35352,7.52945,0.271803,-0.108543,16.2328,-3.28044,20.496,-967.704,-259.128,-11900,12600,-2940
-2.06879,9.56201,0.853061,-3.20473,-1.28396,-1.91298,-13.1903,-9.29526,-0.976345,1.00093,2.01378,2.66556,0.46158,-2.21601,-24.2106,-7.6376,20.984,-966.24,-259.616,-11760,12040,-3500
-3.52778,-1.51214,3.78509,-10.4709,0.397105,2.12873,-11.6689,-2.1081,-18.2901,4.76347,5.84861,3.96716,4.01972,2.58039,-23.6393,-2.07681,18.544,-965.752,-262.056,-11480,11200,-3780
-11.0645,-23.6119,-2.66005,-8.54452,-0.341563,2.65323,4.36144,6.017,-23.8721,-3.33855,-1.41331,-8.24838,-1.13578,1.38311,7.50464,7.11728,20.008,-967.704,-262.056,-11060,10500,-4060
-1.01719,4.97698,-2.32919,22.9082,10.1014,4.5773,26.1507,16.0578,5.19519,-3.88369,-5.75193,0.399052,-4.37992,6.06675,46.6423,20.8545,20.008,-969.168,-263.52,-10640,9520,-4340
2.56547,-1.16312,-2.87867,1.0535,-1.38668,1.77025,12.1471,10.1763,16.6643,-0.697225,-3.57004,-2.92261,-3.9414,1.47937,22.2827,11.3559,21.472,-971.12,-273.28,-9800,8120,-4620
5.57856,3.59771,1.89534,-14.626,-2.309,0.917945,-3.8957,0.217209,14.5268,0.00772113,-4.41424,3.435,-0.942825,3.30215,-18.4976,1.50911,21.96,-974.536,-273.768,-9660,7700,-5040
-2.42549,-7.62082,4.10717,-8.28175,7.99398,5.74803,3.74169,1.74555,-19.4147,-0.387313,-1.31792,2.54771,3.87718,8.62899,-13.7652,6.33419,22.936,-974.048,-272.304,-9240,7280,-5180
2.28218,-11.7566,-1.4449,-12.3413,-2.13025,-3.90701,-6.98965,-8.17127,-3.5019,0.83544,0.768276,-3.51116,0.225355,-3.7844,-11.4574,-6.61239,20.008,-970.144,-269.864,-8260,6580,-5600
23.213,12.4474,5.93741,-10.6839,-7.2657,-5.77281,-21.8478,-12.4167,34.6458,15.6987,11.8111,9.9246,5.98622,-5.96573,-24.9108,-18.6253,23.912,-970.632,-272.304,-7420,5460,-5740
12.7084,14.1444,3.53698,1.57675,-3.65953,-2.03191,-5.93488,0.146182,26.0678,8.96639,7.00224,7.6787,3.45416,-2.8316,-4.35015,-4.18055,22.448,-966.728,-266.936,-6860,3640,-5880
-10.9042,-8.89467,-2.32087,11.5155,3.50665,1.40676,15.4179,9.01952,-14.2092,-3.89743,-2.48873,-5.04505,-0.406942,0.137664,29.5433,11.3147,28.304,-963.312,-263.032,-6300,1960,-6160
3.11139,3.06664,2.34992,16.9605,7.95378,2.9882,16.5109,6.80479,10.0256,3.56393,2.72768,3.04412,2.31387,3.89273,26.6538,11.1005,29.28,-959.896,-267.912,-6300,980,-6440
17.1603,35.288,7.20884,38.7778,16.6676,2.08048,19.2931,3.96494,36.2846,6.8816,2.14181,18.0088,3.01989,8.30019,32.3218,9.42539,29.28,-959.408,-266.448,-6720,280,-6860
-0.160448,2.42779,0.0394048,4.77042,1.09331,0.713371,5.47415,4.95062,1.69759,-0.552717,-1.43853,0.641471,0.0718445,1.62874,4.64355,2.77628,32.208,-960.872,-262.056,-7280,0,-7280
-31.3212,-45.7221,-9.33933,-29.0875,-13.1668,1.06989,-1.70611,4.57395,-60.3227,-13.3131,-4.81157,-26.3339,-3.26789,-4.51263,-15.7586,0.32191,35.624,-959.896,-256.2,-7980,140,-7700
-28.5743,-33.315,-9.83633,-17.1258,-10.0849,-1.45179,-1.81688,-2.74054,-45.408,-17.2354,-8.63872,-21.9176,-4.70434,-5.27564,-7.2436,-2.40747,34.16,-958.432,-262.544,-8680,-280,-7980
-4.42178,0.0338487,-9.81436,6.22674,0.290577,-0.270469,13.2446,7.59919,7.38881,-10.7517,-6.56284,-7.51365,-5.15428,-3.92391,19.735,9.26107,37.088,-961.848,-260.592,-8820,-420,-7980
-2.20694,8.90829,-6.76742,-1.67954,-5.77096,-7.95727,-19.3235,-10.8214,0.569543,-9.6205,-8.01138,-1.68152,-4.52474,-8.01352,-25.3923,-16.5121,37.576,-962.336,-261.08,-9240,-1120,-7840
-2.85175,2.25267,-6.80374,-22.6111,-15.7397,-8.66664,-35.4677,-12.8437,-9.80271,-9.19236,-6.43146,-3.34384,-3.27568,-12.6404,-51.9732,-24.1176,40.016,-961.36,-262.056,-9380,-1680,-7280
-25.453,-31.4938,-14.4835,-29.1731,-16.3054,-3.64324,-13.1477,2.76941,-57.8237,-20.7229,-15.1432,-20.7541,-7.75467,-10.0472,-29.8447,-2.57684,41.968,-962.824,-261.568,-8820,-1820,-7000
-3.99398,-16.3568,-3.86267,-44.4622,-16.3738,-3.28938,-25.9193,-1.37101,-15.3646,-5.44775,-7.5674,-7.2252,-3.14677,-3.41771,-68.4547,-5.18393,41.48,-963.312,-261.568,-8820,-1680,-6720
-9.92272,-53.5174,-8.00994,-68.9849,-25.3305,-3.09508,-22.9211,0.926816,-28.7742,-5.81607,-3.30524,-22.6992,-3.99363,-4.43644,-58.5112,-1.36518,39.528,-965.264,-267.424,-8680,-1960,-6300
-28.0095,-62.8493,-14.4933,-25.1333,-18.0815,-8.36513,-16.4408,-14.4806,-63.5807,-16.4115,-6.85443,-32.1084,-9.34476,-12.2488,5.82308,-17.675,40.016,-963.312,-270.352,-8680,-1400,-6020
15.15,20.0387,3.54988,30.6262,4.12329,-8.50487,-16.5121,-20.3062,30.8888,6.18964,4.80625,9.20436,-2.14503,-8.61967,30.8015,-34.1416,40.016,-962.824,-266.936,-8960,-1400,-5880
27.311,42.0705,11.5119,45.2231,11.3797,-2.42502,0.188633,-5.22047,59.4418,15.8895,10.3253,22.2397,2.84425,-1.4277,41.8419,-11.9762,37.576,-965.264,-265.472,-8960,-1960,-5740
11.4315,48.503,8.71887,56.193,17.1609,5.99807,24.7983,16.1355,35.6345,7.18067,4.80556,18.4229,1.71325,7.61677,54.4175,20.8438,37.088,-962.824,-263.52,-9380,-2240,-5460
10.1111,34.2957,6.02057,29.8624,11.3051,8.66038,23.3947,15.5599,34.2711,7.12786,6.66214,11.8318,2.96606,7.93945,30.5623,20.8996,38.064,-967.704,-261.568,-9520,-2660,-5460
37.0279,41.9249,12.5624,-1.36865,2.31513,1.71681,-8.20144,-17.821,77.5533,24.4076,16.2366,23.4938,6.85703,2.00855,-25.0192,-8.90213,37.576,-970.144,-261.568,-9800,-3500,-5600
37.1509,41.6619,17.549,-0.816551,7.86083,4.62223,-4.95277,-17.2633,65.8894,27.7093,18.3672,29.2328,9.86206,6.70431,-16.2247,-11.4644,36.6,-971.608,-260.592,-9800,-4620,-5600
11.1537,42.6591,22.5921,62.0144,43.6021,13.1042,38.1599,2.26479,-1.52096,17.2077,10.3671,33.0137,12.0563,25.8397,55.58,17.4203,38.064,-970.632,-262.056,-10080,-6440,-5460
-16.2325,-3.19456,12.9449,40.7219,36.318,10.1929,43.1805,3.23714,-48.58,0.308949,0.88294,10.9033,8.25041,26.2854,54.4675,27.8161,34.648,-973.56,-262.544,-10080,-8960,-5600
-25.5723,-54.7418,-5.64037,-27.5367,-1.99787,3.97554,17.9781,7.85015,-44.6409,-8.64907,-0.306348,-19.8559,1.08571,6.05444,13.3997,18.9479,41.48,-976.488,-268.888,-9800,-10360,-5600
-7.62637,-17.1141,-5.95977,-14.5917,-7.68406,-1.30242,-0.795095,8.63119,-4.32753,-0.283447,1.64358,-10.0113,-2.18769,-3.60417,-7.08658,4.47888,40.992,-978.44,-275.232,-9100,-11480,-5320
7.86061,15.3745,1.17643,9.3549,2.302,3.99836,7.65944,20.1859,21.8027,8.49985,5.43686,4.68352,3.12773,2.49461,4.62771,14.2714,46.848,-978.44,-276.696,-8960,-12040,-5320
16.3435,15.7157,5.18875,1.21338,3.27496,4.84382,5.73932,16.1929,26.0387,11.2632,4.11885,9.68013,4.1673,4.53923,-6.71948,14.5186,48.312,-981.368,-276.696,-8820,-11760,-5180
26.1593,17.4532,9.98474,-29.1713,-4.17344,1.12673,-16.9458,2.60486,29.0832,15.2601,6.05408,16.8146,5.95768,0.0689509,-57.6688,-2.13799,47.336,-982.832,-278.648,-8120,-10500,-4900
12.9906,20.452,10.383,1.33757,9.2698,2.72536,-0.430676,6.10748,11.8845,6.40051,1.00815,17.8037,5.77508,6.10488,-18.8406,5.18179,42.944,-985.76,-279.136,-7000,-10500,-4760
-18.2624,-15.8814,-7.19583,15.6817,4.01959,-1.00248,14.4265,7.55839,-27.5875,-12.0029,-6.48962,-10.3132,-3.71198,-0.646143,33.6531,7.22268,42.944,-990.152,-279.624,-5320,-10780,-4620
-24.9601,-27.79,-17.1817,1.83999,-9.73049,-4.32249,10.565,7.02265,-29.8456,-19.0579,-13.1607,-23.772,-10.4004,-8.63446,30.8768,5.46861,41.48,-990.64,-279.136,-3780,-11480,-4060
-15.243,-31.998,-15.6862,-21.1759,-22.0933,-5.14148,-0.26102,0.258928,-16.187,-12.3013,-10.1005,-25.2423,-8.62778,-12.5372,5.24542,-0.384595,40.504,-993.08,-276.696,-1960,-12320,-3780
-10.2,-14.5557,-8.82695,-21.2274,-13.4825,-3.51498,-6.95294,-6.64832,-5.07134,-9.84476,-7.92108,-14.3116,-3.80949,-6.85462,-16.6774,-6.2169,38.552,-992.592,-274.744,-420,-12320,-3920
-8.39586,-3.48261,-1.93149,-5.66877,-1.95209,-1.4854,-13.7615,-11.5266,-13.9206,-5.80563,-1.06634,-4.78678,2.50006,-1.046,-22.7698,-16.1211,38.064,-996.984,-277.184,280,-12180,-4060
-15.679,-29.1986,-6.19377,-32.353,-17.6401,-11.0279,-35.4989,-28.6229,-36.3565,-10.1414,-6.22841,-15.7084,-1.99573,-10.1187,-46.9857,-36.6622,35.136,-994.544,-272.792,1400,-11760,-4200
-7.83054,-2.48536,-4.04811,-21.9649,-14.5217,-8.70616,-34.9833,-25.1979,-15.6346,-8.62901,-5.65286,-5.15575,-2.2671,-9.35559,-53.7728,-29.1755,31.232,-992.104,-269.376,2240,-11620,-4340
-14.6536,9.84162,-7.98867,19.8406,2.41016,-6.50028,-5.238,-7.50922,-41.3138,-16.0454,-11.3709,-2.8081,-7.36194,-4.53514,-2.52304,-6.22002,29.768,-992.104,-263.52,2940,-12040,-4900
-14.247,-33.8083,-10.2136,19.7418,5.31242,-1.88623,28.0436,5.44891,-39.8607,-13.2189,-8.52545,-17.3788,-7.58535,-1.39096,66.6599,14.4548,29.28,-991.128,-264.008,3080,-12320,-5320
34.8928,-5.81774,10.7571,3.43621,6.88058,12.2164,24.6824,13.625,44.1691,23.6589,17.7915,8.77582,8.13135,9.20071,45.2258,19.5493,30.744,-990.64,-263.032,3640,-13020,-5740
33.8742,9.56095,16.8947,-2.56214,9.79536,19.9206,13.2741,34.7166,38.541,25.9668,17.3201,17.3726,10.4903,17.7669,10.2634,27.0684,34.16,-994.056,-259.616,3780,-13580,-5880
-13.675,-4.83336,0.342275,13.328,11.8196,15.059,14.1985,46.2779,-24.9445,-11.3205,-11.6224,-3.68524,-0.906873,12.4983,18.6865,27.5915,29.768,-988.688,-252.784,3920,-13580,-6300
-8.75191,19.3661,-3.97168,5.23973,1.09899,-5.89729,-22.1184,-6.74966,17.9504,-20.2704,-21.2133,5.06966,-7.7008,-9.50898,-13.2121,-27.596,27.328,-982.832,-250.832,4340,-14140,-7000
15.3763,52.0388,5.61763,0.983144,-5.29003,-22.779,-54.1969,-60.2207,54.9988,0.119662,-1.21941,28.1584,-3.4177,-17.5159,-55.5882,-64.4442,22.936,-979.904,-254.736,4340,-15540,-7980
-27.0285,-4.33752,-2.24056,3.62482,1.30358,-10.9952,-26.1628,-28.8378,-78.1434,-9.89886,-1.2667,1.20057,-2.1686,-6.54416,-45.2056,-23.2618,26.84,-981.368,-252.784,4200,-16520,-8820
-17.1613,-56.6938,-19.8623,-66.2193,-40.7159,-8.25479,-28.9225,-0.526197,-29.951,-5.19033,5.06305,-36.0571,-8.51055,-23.2717,-60.4049,-7.84886,31.72,-978.44,-252.296,3780,-17640,-9940
20.8874,-12.5639,-10.9722,-60.3435,-39.3693,-4.00653,-18.5416,-0.567967,74.174,11.8134,12.1473,-17.0723,-3.447,-16.8679,-42.0638,-2.43796,27.816,-970.632,-251.808,3500,-18060,-10920
-14.0692,-26.5557,-12.6439,-35.7778,-22.2566,2.78426,4.02039,4.78511,1.36783,-8.17471,-3.34933,-26.1509,-4.26602,-5.38771,-3.9639,12.2164,25.864,-966.24,-249.856,2100,-17920,-12320
-7.25598,5.02431,-5.57114,16.176,3.23959,4.33594,29.3254,9.91107,12.2259,-10.234,-9.2506,-8.37095,-4.39782,5.3424,49.3282,21.8273,23.912,-965.752,-246.928,700,-17780,-14000
25.5184,53.9023,14.4306,80.3853,39.5563,8.02021,52.3656,9.8919,49.4726,15.2398,10.7324,28.0985,7.96962,18.7367,103.532,24.6479,25.376,-961.848,-244.488,-1680,-18060,-15260
19.9174,49.126,21.068,85.3208,43.7326,3.74784,30.8734,-4.82007,1.98757,23.6853,17.6244,34.7655,12.0916,16.7096,69.857,11.4384,25.864,-964.776,-241.56,-4900,-18760,-16940
13.3247,13.4439,19.3786,13.2033,16.7551,5.22379,-3.59676,2.50324,-15.5906,24.6507,16.4969,23.0828,13.56,14.2399,-25.519,6.48937,28.792,-970.632,-240.096,-6440,-19320,-18200
20.127,16.9044,13.8716,-26.1133,1.01755,3.47436,-6.7799,7.21274,35.0018,19.057,6.84524,17.8006,7.9228,10.2649,-48.6814,8.37969,34.648,-971.12,-239.12,-7840,-20160,-19320
1.79987,26.5682,8.37826,33.6797,27.6224,6.22036,42.4166,14.8837,20.627,2.46862,-5.76519,16.355,2.03827,13.9543,51.2354,31.2843,26.84,-972.096,-242.048,-8540,-20720,-20020
-12.4516,15.5911,3.60626,46.7595,30.3045,9.0827,49.7056,21.422,-25.7986,-8.3339,-8.27601,7.63251,1.021,15.043,63.6865,35.6734,28.304,-970.632,-238.632,-9100,-22400,-20580
-21.8397,-36.7691,-14.2585,-14.3179,-10.9553,-3.12215,0.453998,-8.62411,-35.803,-20.8774,-13.7667,-21.8465,-8.0416,-8.57222,4.48784,-4.80992,33.184,-965.264,-239.608,-10080,-25060,-21000
-9.60957,-43.6906,-12.3324,-39.2931,-26.0966,-14.3534,-36.4372,-26.1427,-7.27545,-9.2885,-1.93433,-22.5255,-7.32679,-17.2152,-27.2524,-38.7554,39.04,-955.016,-239.608,-10640,-26040,-21140
23.9466,23.1255,9.373,20.9096,4.94926,-8.35543,-28.0372,-14.3361,38.7074,11.6418,9.15941,17.1608,3.90076,-0.195817,-8.11534,-33.0745,39.528,-949.16,-242.536,-11900,-27440,-21000
18.7359,34.3586,3.64743,13.9524,-5.79826,-7.61858,-29.7141,-9.86996,30.6355,8.6271,6.40269,13.871,0.368223,-8.13178,-30.1125,-23.9833,40.016,-939.888,-241.56,-13440,-28000,-21280
-27.5739,-24.7405,-10.4788,-48.5571,-28.0157,-3.45987,-34.2841,1.30688,-69.9226,-8.34199,-0.88423,-19.3692,-3.90401,-14.61,-84.4424,-10.1397,40.992,-937.448,-239.12,-15400,-28560,-21560
-41.2153,-83.7189,-17.029,-87.6158,-37.1048,-1.34005,-24.4592,5.41145,-86.6926,-16.5433,-6.53701,-42.5102,-6.94246,-12.1733,-76.3673,-2.9477,37.088,-938.424,-239.12,-18200,-29120,-21840
-7.7001,-22.8217,-2.38857,-1.37315,2.04654,7.49706,20.2251,12.8431,-10.8673,-2.75934,0.131138,-9.66098,0.157256,3.3701,31.4006,13.4069,38.064,-947.208,-248.392,-20160,-29400,-22120
-7.24957,-18.369,-6.57139,28.056,7.18365,1.27255,30.4369,9.06185,-4.63566,-7.55414,-5.72851,-9.91868,-3.6573,-0.290555,77.9175,11.0749,37.088,-953.064,-246.928,-22260,-28980,-22820
4.03965,-12.8609,-0.557191,-17.8634,-8.00857,-2.92119,-6.11111,0.686955,-5.65125,1.78775,0.112882,-2.74388,-0.875566,-6.95283,-6.0586,-4.39187,31.232,-958.92,-242.536,-22960,-28280,-23380
41.3843,57.7026,17.2146,0.282298,6.44116,-0.576961,-19.2292,-3.06873,62.2542,21.965,12.321,34.6141,8.4767,1.96498,-44.8924,-10.6847,32.696,-965.752,-239.608,-23380,-27720,-24080
18.2966,11.2051,3.26948,-17.8798,-7.38519,1.10826,-6.10717,4.41535,41.1114,5.43465,4.90052,3.57177,2.33274,1.16627,-14.1573,-1.79569,31.72,-965.752,-239.608,-22960,-26180,-25340
-26.2568,-50.057,-4.15456,-23.3575,-4.2105,13.8052,20.7262,12.6993,-39.0332,-15.6321,-8.99545,-25.4171,2.61853,10.7638,27.0728,20.079,34.648,-961.36,-243.512,-23100,-24640,-26040
-11.1969,-6.96533,-1.41911,15.0624,13.7089,10.1938,25.6329,4.53362,-8.66813,-8.67765,-8.96153,-4.29179,1.58294,9.14865,40.0318,15.691,37.088,-963.8,-245.464,-24640,-21140,-27020
-0.558507,32.9316,-3.12444,48.4506,14.3598,4.48107,24.3649,4.73422,21.7625,-6.32131,-8.74293,5.82157,-3.08373,9.2533,54.317,12.4105,38.064,-959.896,-245.464,-25480,-18060,-27860
7.41742,33.8687,6.12555,26.7963,15.1338,9.10552,9.98863,3.90116,26.1411,2.07563,-1.85117,14.396,3.80967,13.9246,14.2448,8.30953,36.6,-955.992,-245.952,-27860,-14140,-28980
19.0537,20.2237,10.0626,-1.10721,7.9901,6.72935,2.56627,0.882204,39.1104,10.6412,4.63146,15.5699,4.72136,10.906,-10.5034,5.80746,37.088,-957.456,-250.344,-30940,-11200,-30100
20.4931,22.5049,11.765,12.6254,10.4284,2.69135,-1.6916,-6.05677,38.6657,12.6735,6.56772,17.6761,6.1299,12.0596,-2.46999,-1.97137,38.064,-955.504,-249.368,-33040,-8960,-30800
12.791,31.9182,15.6719,48.8805,30.389,4.12915,11.7256,-3.72472,6.30267,8.18188,2.43849,24.8042,7.74366,18.9939,28.6378,2.95418,36.6,-956.48,-253.76,-34720,-7000,-31360
-2.77901,32.8715,6.02591,53.9639,34.5575,1.54609,17.0081,-3.5515,-27.1776,-4.27339,-12.0915,22.3307,-2.07013,4.78507,15.1911,8.27119,34.16,-954.528,-253.76,-35700,-6580,-31640
-8.22289,7.11542,-27.4077,-35.1693,-17.943,-27.4029,-42.1584,-23.8064,-14.2947,-7.74315,-10.1986,-3.40991,-24.0087,-53.0974,-104.601,-26.3861,32.208,-955.504,-258.152,-36820,-6020,-31780
-13.5281,-39.6749,-28.0029,-82.902,-57.1015,-31.9707,-49.5013,-19.4293,-17.9999,-6.19895,-1.50343,-29.6506,-22.4632,-42.1003,-96.2481,-27.0634,27.328,-952.576,-262.544,-37800,-5180,-32200
-15.229,-34.6837,4.28882,-21.1642,-11.0265,4.24252,4.13111,7.53638,-53.0117,2.24891,9.66695,-15.2506,8.19962,6.38962,5.85402,8.24989,38.064,-953.552,-307.44,-38780,-4480,-32620
-12.3,-2.57391,9.10645,38.9524,16.9908,10.3481,26.3336,15.4801,-25.5035,-10.3559,-0.984456,-1.89976,9.64644,24.2864,74.4718,18.7938,1.464,-951.112,-163.48,-40460,-2380,-32620
-17.9048,-24.3572,-8.9766,11.3192,-9.94831,-2.19901,-14.6268,-1.94892,-13.9986,-16.3767,-1.26043,-17.9262,-0.121594,-1.9491,45.6718,-18.04,32.208,-935.496,-261.08,-45640,-1120,-33180
7.88069,10.6634,-0.285449,11.4028,-10.6233,-7.54846,-33.5109,-19.9883,22.0672,5.91154,11.1825,1.9731,4.40592,-9.46701,7.81683,-36.5886,23.424,-927.2,-257.664,-49420,3080,-35280
17.8572,28.8704,10.114,1.29329,-4.91177,-1.32471,-19.3687,-12.3735,23.7541,13.2182,11.2901,15.1713,8.26324,5.99217,-18.1208,-16.1233,24.888,-948.672,-258.64,-56140,2800,-36400
-3.18358,-30.508,10.1787,-57.7945,-6.23646,13.4095,-4.02779,-0.283339,-16.9591,7.12731,8.31857,-5.91811,11.423,20.2287,-45.5291,8.43431,30.256,-952.576,-256.2,-56560,4060,-36820
-11.5938,-39.6324,4.37091,-42.646,2.60752,18.3795,14.1028,6.37738,-22.2282,-0.647398,-1.51315,-13.7489,7.47292,9.85794,-18.6045,19.2971,30.744,-956.48,-262.056,-57820,5460,-37240
-6.43766,-6.15098,-7.05009,12.2882,3.16256,1.76251,22.3366,5.50648,2.20547,-5.85033,-9.06924,-10.7019,-4.06591,-9.32809,22.537,12.498,31.72,-950.624,-267.912,-58800,7420,-37800
-0.313723,0.607014,-12.2752,33.6699,1.50367,-4.52555,32.9379,13.3984,11.896,-5.46474,-6.95928,-9.01429,-9.01818,-21.2839,50.1488,16.8255,34.648,-947.696,-278.648,-60760,9940,-38500
0.54992,-21.6529,-28.808,-4.31081,-18.1664,-26.5222,7.89132,2.06346,4.12769,-4.5316,-4.8485,-19.3077,-22.3958,-56.7492,4.94901,-3.52351,31.232,-941.352,-260.592,-62580,12320,-38780
33.6057,30.865,5.89931,19.4941,-4.79827,-18.6193,10.2506,4.40053,54.429,20.2299,10.8809,17.818,-3.99253,-3.85133,10.0179,2.36557,41.48,-953.064,-260.592,-64260,14420,-39060
26.0086,13.5129,17.8097,-0.611393,3.40815,8.38164,15.3548,15.5495,40.8396,15.2901,11.4577,11.9137,7.71021,29.8295,4.77998,17.6724,41.968,-953.064,-265.96,-65100,16940,-39480
-9.5024,-32.2825,5.75819,-38.5808,3.59782,18.3772,6.97616,17.5003,-11.9349,-7.82524,0.697757,-12.055,4.97426,27.773,-22.0947,17.4191,41.968,-943.304,-259.616,-66220,18060,-39340
-17.6596,-33.6844,-7.69364,-27.9743,-10.581,3.28258,-20.1794,0.0944425,-23.434,-9.30529,-1.84679,-19.4788,-1.91773,-4.56971,-30.0177,-12.9,47.336,-946.232,-263.52,-68600,19600,-39340
-1.5899,14.8447,-0.918178,24.3218,-5.66965,-15.4913,-32.7662,-20.8883,-23.3948,6.85871,3.02863,5.89091,-4.77913,-14.5551,-3.93933,-37.8547,49.288,-940.864,-259.128,-70420,20300,-39060
5.13936,20.71,6.87196,16.3672,-2.88879,-3.79697,-22.3182,-8.40173,-22.276,11.1713,5.58517,17.9483,-0.233689,-0.824204,-1.72672,-16.5911,53.192,-938.424,-266.936,-72100,20860,-38780
-0.35242,-7.59904,-4.20889,-45.8227,-14.1037,-0.0654857,-32.3857,-8.15073,17.1168,-8.242,-9.159,2.45307,-6.40775,-6.8325,-57.0954,-12.8882,57.584,-936.96,-269.376,-75040,21840,-38500
-24.5773,9.44543,-14.514,6.31875,-7.04842,-3.95028,-11.9485,-6.53171,10.4448,-26.1963,-21.1396,-8.47368,-12.2409,-9.33768,5.57769,-11.6846,48.312,-923.296,-261.568,-76440,22540,-38360
-32.0887,-0.148502,-17.6953,36.8209,3.78858,2.95148,26.5939,9.41725,-24.1682,-20.6433,-15.0914,-18.1064,-8.66216,-5.73173,57.5955,14.3068,32.208,-891.576,-225.456,-79240,24220,-39060
-10.1047,31.7137,2.45364,51.3373,33.2299,10.2901,41.9435,12.1996,-16.1522,-8.16105,-11.5616,14.291,2.18741,15.9009,50.2248,29.7378,38.552,-897.92,-209.84,-87920,27580,-41440
30.8611,84.243,29.0229,66.7593,54.2247,15.3841,37.5458,8.70164,49.824,16.5466,4.24275,56.1227,17.3916,35.5935,38.7865,27.0173,50.752,-915.488,-244.976,-91700,29680,-42700
16.8345,18.3386,14.0766,-1.22675,18.7008,9.15176,9.92962,6.22702,21.3992,10.4147,5.51072,19.572,11.5604,18.5879,-8.0214,12.0737,55.632,-924.272,-256.2,-94220,27020,-42560
-13.1065,-71.4752,-12.4924,-67.5125,-22.0629,0.588306,-4.87897,5.27374,-35.1072,-4.86175,-1.07868,-36.0915,-1.16291,-1.28058,-35.2875,6.40361,67.832,-935.984,-284.016,-94780,24640,-42000
14.6262,-24.7384,8.58264,-21.5178,3.49895,9.33269,9.97685,3.84651,5.15592,14.6632,11.6511,-5.00235,11.4092,14.7066,-4.93229,11.4672,68.32,-935.008,-289.384,-93800,23100,-40740
25.9617,26.4753,17.0931,22.183,16.9359,2.22882,-1.07802,-10.9673,23.0177,18.1816,10.9184,23.031,11.2749,6.18845,4.33295,-6.78183,74.664,-942.328,-309.392,-91420,20720,-39200
25.3378,35.4387,19.5253,33.6536,20.0349,-1.78099,-3.17033,-10.5568,10.2512,17.3488,11.3925,30.0957,9.33202,7.38356,6.23771,-8.54119,81.496,-940.376,-320.128,-90720,19460,-38640
-2.47366,-3.99081,1.3497,0.810867,-3.77991,-3.78024,-3.92286,-4.02043,-18.1403,-1.93053,2.30062,-4.48915,-0.0245641,-1.21386,5.22369,-5.28503,75.152,-935.496,-313.784,-88060,17920,-37940
-8.5374,-22.2492,-9.79654,-39.9851,-26.7982,-3.79836,-23.3861,-4.06019,-6.59201,-6.23661,2.49292,-19.1564,-2.46051,-14.9498,-29.1121,-13.4672,69.784,-924.76,-304.024,-87360,16240,-37100
-9.8814,-41.8105,-16.1765,-53.8764,-42.7045,-11.2123,-44.429,-9.56056,-20.5475,-3.81566,5.92737,-27.9653,-5.82734,-25.7352,-49.5762,-26.9718,74.664,-923.784,-311.832,-88200,15120,-36540
-26.0646,-61.7597,-9.20966,-70.299,-36.1782,-10.2454,-51.8042,-14.4198,-73.1923,-9.41898,-0.954868,-28.8079,-3.94925,-13.7275,-81.1955,-30.8047,76.128,-923.296,-303.048,-88620,14560,-36260
-0.886034,40.6381,17.1267,19.6344,23.4001,4.45677,-6.0556,-4.13778,-1.44949,-4.62262,-8.19579,29.3449,4.28636,20.517,-17.1943,-3.10687,72.712,-924.76,-284.504,-87780,13580,-35980
11.2138,93.846,25.8997,82.0724,56.5179,19.1244,42.3918,14.8518,56.3344,-2.2806,-8.98069,48.9707,8.551,40.5929,55.7647,27.872,76.128,-923.296,-286.456,-85260,11620,-35420
-10.9664,29.6165,6.05397,55.2122,36.2034,14.9661,43.7498,14.7122,5.39205,-11.4285,-13.4542,10.4347,0.867909,20.6577,60.7204,25.3161,75.152,-920.368,-290.848,-84140,10220,-34580
-13.325,-27.4976,-14.325,8.3888,-5.41646,0.791232,20.4958,9.76546,-15.58,-6.69457,-4.9087,-23.5094,-6.33267,-14.4466,36.9238,8.40918,74.664,-914.512,-299.144,-84280,10080,-34440
-14.0154,-58.7728,-34.2738,-40.0866,-49.7947,-16.3729,-12.1254,-3.90313,-10.2232,-10.3027,-5.51649,-45.6748,-20.1917,-53.6704,-11.6452,-12.4004,78.568,-915,-302.56,-86240,10640,-35000
1.43133,-29.7814,-23.5295,-26.2496,-33.4845,-23.2914,-9.73847,-11.6102,11.0444,1.18331,2.85786,-22.4588,-16.6181,-41.3415,-9.98386,-9.11335,87.352,-912.072,-289.872,-88760,11480,-36120
-0.370133,-17.8216,-2.36301,-19.2205,-12.0735,-8.58222,1.44018,-1.64076,1.02598,4.42706,3.25725,-8.29767,-2.98261,1.17142,-5.53038,5.8686,83.936,-925.736,-293.776,-89040,11200,-37380
9.4011,-2.04107,5.86406,6.05958,5.44165,13.9859,25.5737,14.3541,29.8323,8.48967,5.10847,-0.0843826,6.22237,17.5412,28.6724,23.4274,81.984,-935.984,-296.216,-89040,10500,-36820
11.5844,-2.99799,3.35783,9.55416,7.43629,19.5447,23.2682,16.84,24.3637,9.1493,8.98148,2.01454,9.36843,3.71604,24.6266,21.0448,65.392,-940.864,-303.536,-87500,7840,-35000
-24.2707,-56.036,-36.459,-32.101,-40.014,-18.922,-32.8214,-13.7459,-42.0835,-16.3932,-6.04237,-36.716,-16.7571,-64.1534,-26.1163,-29.5566,76.128,-938.912,-319.152,-85680,2800,-33040
-5.83629,-17.2911,-27.8678,-3.89917,-39.3619,-46.4851,-42.4527,-22.2946,-27.7244,-1.77982,3.98534,-17.2413,-21.1087,-58.5265,-18.5203,-42.0189,72.712,-939.888,-311.344,-84420,-1680,-31360
31.0395,48.9716,15.6869,25.8005,-4.19019,-24.338,-1.56757,-2.13973,44.1875,22.9886,19.021,25.1117,0.947763,17.4344,14.7208,-0.933723,88.816,-955.016,-314.76,-84420,-7420,-29820
26.8018,55.181,31.4455,18.5786,32.1813,10.0139,21.2445,-0.950496,47.9721,20.728,16.1995,38.8129,18.9863,47.5916,19.367,19.8124,73.688,-924.272,-340.136,-82180,-12740,-27720
10.667,27.8414,27.171,20.3083,40.4958,29.8623,15.4567,0.0251533,18.9251,8.67272,0.811941,27.2158,21.3085,44.921,14.509,10.0047,95.16,-934.52,-336.232,-81340,-11760,-26740
-5.29034,-10.0965,7.45584,-7.57989,13.4919,25.2852,-5.62441,-0.156409,-1.87171,-2.28342,-9.22464,-0.688967,9.06925,22.7283,-19.5572,-5.71268,97.6,-928.176,-312.808,-79940,-15400,-24780
-4.24101,-15.4836,4.41173,-26.1507,-0.622335,14.0482,-16.3846,-0.0769039,-17.3295,4.78878,-2.06694,-0.801884,5.27648,10.6075,-41.8862,-7.52645,97.6,-932.568,-305.976,-82180,-15820,-24500
-0.303044,20.3591,11.7674,12.3693,12.8708,2.9808,-7.18862,-1.13923,-1.88693,4.50449,-1.71834,15.3373,3.83177,17.6994,-6.49706,-3.38091,99.552,-949.648,-321.104,-82040,-13860,-24920
-5.51981,64.2076,17.3731,50.6261,42.0357,5.96308,18.3185,6.85281,18.1675,-16.3874,-15.7839,35.6063,2.71389,33.8357,24.6333,14.388,83.448,-912.56,-355.264,-74760,-13860,-23940
-4.15019,44.6687,15.0919,30.381,40.4909,15.209,20.1241,11.954,2.74202,-15.829,-10.7721,29.4826,6.78212,28.8166,8.77555,19.9982,86.864,-952.576,-315.736,-76160,-11900,-23100
-11.9242,-21.982,-10.7778,-12.5861,-0.246161,0.744496,-5.83698,-3.43908,-44.9202,-15.3726,-6.96365,-11.4271,-4.59021,-13.1971,-16.9693,-2.82479,107.848,-971.12,-410.896,-72940,-15400,-21420
1.43291,-27.223,-7.96499,-12.7058,-10.2375,-1.69926,-1.03072,1.13918,-27.5304,-1.58614,3.053,-16.6682,-2.32208,-7.09889,-4.35375,-1.24983,73.2,-931.104,-353.312,-60900,-10220,-20300
7.2443,-27.3418,-6.00072,-20.359,-14.8856,-2.82331,4.56074,6.08927,-5.40708,1.728,4.56489,-19.5845,-2.31714,1.27587,6.09734,4.43834,83.448,-944.28,-365.512,-61880,-5460,-20160
3.64185,-27.8737,-8.18835,-24.4836,-13.6601,-1.24442,0.693556,4.41309,-3.97882,0.883177,4.08229,-18.8526,-3.12272,-10.7239,2.81022,-0.0789443,81.008,-932.08,-362.096,-58660,-5040,-19320
-12.6377,-43.184,-24.8543,-33.2984,-29.6437,-12.0411,-20.5348,-8.32276,-23.4096,-10.276,-6.42667,-31.9584,-14.026,-41.3109,-21.41,-19.957,84.912,-932.568,-366.488,-57540,-4340,-18060
-25.5202,-52.3749,-33.0772,-39.8735,-45.4382,-21.9473,-31.1192,-12.7329,-47.7461,-19.5602,-15.721,-38.3003,-22.8814,-49.3896,-35.5617,-25.1694,78.08,-937.936,-381.616,-56140,-1820,-17220
-15.9426,-30.4713,-22.0331,-26.768,-36.086,-14.9375,-20.1631,-4.88898,-34.5987,-7.66477,-4.54549,-23.7403,-14.6723,-37.7937,-21.9652,-13.87,72.712,-924.272,-375.272,-50820,280,-16940
15.0527,12.0421,-5.37985,4.64996,-16.7734,-8.89786,1.01543,2.59079,21.5561,11.4745,9.12469,3.62309,-3.01355,-22.0035,10.5422,-1.46516,73.2,-927.2,-372.832,-49560,2380,-16520
16.6866,29.4116,5.25101,15.0216,-2.24582,-10.9084,10.8901,1.71234,42.7885,9.55339,8.23798,12.1512,0.30473,0.528978,18.6575,5.45726,77.104,-936.96,-386.496,-48020,3080,-16100
-1.48755,26.6723,12.09,14.7105,21.3395,5.33853,25.1001,12.9728,28.7619,-0.428757,3.85018,13.3935,7.07157,20.345,25.4119,20.2957,70.76,-923.784,-375.76,-43680,3920,-14980
10.4415,58.35,28.2616,45.5579,46.171,17.0189,32.4061,11.0109,45.1891,8.24183,2.25715,37.9022,13.3866,39.2073,38.6214,24.4108,73.2,-927.688,-366,-42420,7420,-14840
16.3638,34.5882,22.5547,36.6204,28.0215,16.5279,21.0118,6.99921,26.7898,19.3308,10.9212,26.3022,14.4154,27.5481,31.9185,16.2727,76.616,-936.96,-371.368,-40460,9940,-14700
3.50518,-10.5083,9.70617,1.68287,7.12517,8.89536,5.92663,-0.117622,-7.82238,11.7107,3.67925,2.11521,6.88816,10.4625,1.97669,6.59235,75.152,-927.688,-366.976,-36680,10640,-14000
6.10452,16.0246,8.73655,22.2513,10.4912,2.65821,6.19109,-2.64426,18.8359,6.6535,-1.07069,9.3775,3.97032,10.3148,13.1045,3.16975,70.76,-924.76,-367.464,-35560,11900,-13580
7.51454,7.81255,9.91891,11.5503,7.47433,5.39747,0.777379,-0.828628,18.4118,10.4644,6.63048,7.91943,8.1199,8.2432,5.44581,-0.380746,84.424,-936.96,-389.912,-33460,14420,-13020
-17.4017,-25.8213,-3.40413,-16.1271,-4.46782,0.11887,-12.4477,-8.00783,-24.0459,-8.22845,-5.01559,-11.7476,-1.05341,-1.92802,-26.5112,-8.23553,72.712,-930.616,-368.928,-30520,15960,-12320
-9.24743,-3.26054,0.586202,8.20654,6.74613,1.48148,-2.484,-4.94194,-8.27405,-3.22959,-1.69867,0.416868,2.58366,3.99123,-0.134573,-2.51906,70.272,-927.2,-369.416,-27720,15820,-11200
-1.64683,-11.4287,-0.624587,-15.7319,-7.77546,-2.69937,-13.3769,-8.58716,-1.67046,3.76386,5.57969,-3.99789,3.38043,-2.4615,-16.0904,-6.49813,68.32,-917.928,-370.392,-26880,18620,-11060
-12.0614,-43.4276,-2.66877,-48.8634,-21.8742,-4.5465,-26.4971,-8.42813,-42.505,0.148542,4.48014,-15.9853,1.09147,-4.07131,-45.1912,-10.0355,70.272,-908.656,-370.392,-27300,20020,-10640
-3.49039,-9.82094,-4.6203,-15.7421,-8.83164,-3.65913,-19.795,-2.79048,-20.3582,-5.72061,-9.21992,2.62575,-9.46726,-17.6173,-29.8219,-12.1101,75.64,-918.904,-368.928,-29400,20860,-10360
-0.120818,30.8392,-11.7925,31.9298,0.313357,-12.0818,-0.654758,4.07972,3.00202,-12.0377,-14.1393,12.9925,-15.6258,-17.7661,15.0494,-4.59067,92.232,-930.128,-381.616,-29120,23100,-10220
3.67893,18.4992,1.71882,14.6921,10.2488,-4.2495,11.3377,11.2671,-0.0112804,0.0491251,2.62977,7.49135,2.34958,15.7964,21.8366,9.74806,74.176,-919.392,-359.168,-25060,24780,-10080
-4.2787,-14.0483,0.160811,-12.6193,3.43863,13.0941,11.1558,12.6337,2.08148,-2.77945,4.70055,-14.2757,9.01087,23.0555,9.33492,12.1093,70.272,-916.464,-348.432,-24080,24220,-10080
-9.87648,-12.6454,-6.66816,-0.590309,-4.7928,8.6407,-8.85434,-4.82838,-2.84926,-11.3485,-4.78217,-16.3121,1.83125,2.6271,0.287199,-9.40284,69.784,-911.096,-342.088,-25340,25060,-10220
3.72606,4.36715,-3.29919,-4.91814,-11.4222,2.9155,-14.908,-10.2482,11.9127,-3.05644,0.748176,-2.97283,1.94506,-7.45085,-15.3909,-14.4753,67.344,-903.776,-323.544,-28000,25620,-11060
6.31575,-0.0627683,-6.0383,-6.91363,-8.68339,-2.49542,2.72566,-4.34266,7.7955,-1.3385,-1.8427,-2.3833,-3.81788,-11.2088,1.46348,-1.76846,94.184,-944.28,-364.048,-31220,26040,-12180
5.03864,-2.51874,1.15682,1.12883,5.88994,2.0942,18.3696,7.20045,-3.09434,1.26452,2.40528,-0.607463,2.42818,6.75843,19.1751,10.1849,110.776,-984.296,-422.608,-28560,24500,-11480
-15.5021,-50.7648,-0.901358,-52.5682,-10.2462,2.42149,-1.89636,-2.38305,-43.0578,-3.7865,4.37538,-25.3541,5.02531,11.4947,-30.3173,1.60078,104.92,-952.576,-407.968,-18060,20860,-8260
-7.62833,-27.1096,4.98818,-26.9282,0.386351,7.31534,-3.1073,-5.09066,-25.4615,-0.447944,4.76809,-10.5252,7.30249,5.8163,-20.491,-1.8085,81.008,-908.168,-383.08,-15260,21280,-7980
1.50774,14.2367,-5.04012,27.6336,7.77887,-1.65925,5.29399,-3.03218,11.3363,-6.43825,-7.00879,6.34427,-6.44105,-23.6497,18.528,-6.71929,78.568,-913.048,-363.072,-18620,26880,-10500
4.28232,30.5418,-31.1246,30.6965,-1.40425,-35.2937,-5.48251,-14.4783,22.8438,-13.9205,-24.861,10.5143,-37.6139,-69.984,4.23503,-21.6046,80.032,-919.392,-355.264,-21840,27860,-11620
32.1755,49.3916,-8.09514,35.2181,-10.7754,-39.0208,-5.09663,-8.68365,41.5388,13.7143,-2.82042,23.5266,-23.3033,-23.1747,10.6755,-12.4161,87.84,-927.688,-372.832,-23240,27720,-12600
23.2938,17.5414,13.3636,-2.03705,-17.3702,0.444933,-12.5342,4.31753,26.4296,19.6952,12.6709,8.44712,5.20288,21.3575,-0.549096,-2.91915,87.84,-926.712,-380.64,-21840,28700,-13020
-7.13307,-5.36644,12.5258,-23.0319,5.3787,27.8693,2.48985,13.1876,11.5776,-1.56678,6.44306,-3.68215,17.0259,34.9963,-10.1908,15.7404,89.792,-931.592,-387.472,-20720,29540,-13160
-17.7174,-17.858,4.96071,-13.7045,11.0741,29.2751,10.8466,13.5762,-17.465,-3.95443,2.04778,-8.10875,14.9666,17.2027,-11.3771,18.1023,88.328,-942.328,-386.008,-20160,29540,-13300
7.37257,23.4211,5.4366,41.1058,24.6056,14.0567,28.7227,11.8834,3.52612,6.56856,-6.2521,16.6445,-0.0484005,-2.5604,29.1897,19.5106,83.936,-944.28,-386.008,-19600,29120,-13440
27.251,43.6562,15.9801,48.5792,28.45,-3.89246,38.7469,18.5009,39.4211,14.5305,4.4018,27.9797,1.6287,17.4295,49.6487,28.9231,78.568,-935.496,-380.64,-20020,28840,-13440
-1.54958,-14.979,0.768386,-6.35101,-0.879441,-7.53006,14.4532,12.6125,-1.96361,0.303831,9.83352,-10.1862,0.812614,4.79267,18.6391,15.9431,81.496,-934.52,-372.832,-22120,27860,-13860
-5.16397,-8.5606,2.9063,-3.16894,-3.66496,-4.23056,-4.72928,0.598058,1.48463,2.96947,15.408,-7.50937,7.80626,-2.56717,5.71902,-1.1109,85.4,-937.448,-366,-23520,26740,-14280
0.406116,4.08002,5.70135,7.04581,0.664906,-1.56667,-12.4232,-11.3331,-3.05482,7.20775,8.68163,4.64568,7.69099,-2.2826,-4.78914,-7.58634,87.84,-956.48,-364.048,-24500,25200,-14420
-14.1268,-21.4214,-10.9178,-15.5837,-18.196,-10.5926,-21.3364,-24.2107,-40.1768,-7.94853,-6.40778,-12.4365,-6.81272,-18.3228,-16.554,-17.1721,92.232,-955.992,-372.344,-23800,23240,-14560
-19.4638,-32.1423,-11.5579,-29.2128,-27.4203,-9.06796,-30.647,-15.8926,-41.9846,-10.7455,-5.91238,-20.4191,-3.46545,-10.9574,-23.3035,-26.4674,92.232,-959.896,-378.2,-21980,21980,-13580
-13.4122,-16.2338,-0.621127,-22.4777,-11.3865,1.58093,-17.9132,-4.28048,-14.924,-3.69198,-3.73125,-9.55864,3.93375,5.94502,-18.0792,-13.8846,98.576,-953.552,-374.784,-19320,21280,-12740
-17.7615,-19.8358,-0.610879,-25.8724,-6.15413,5.21794,-12.5707,-0.274119,-0.811137,-6.02112,-3.38681,-9.22321,2.93265,10.3492,-17.5381,-3.96281,92.232,-954.04,-381.128,-18200,21980,-12320
-29.8593,-45.3915,-5.51612,-30.3084,-6.16941,4.09104,-14.0175,-3.83712,-44.6684,-11.1479,-3.97117,-18.8468,1.19845,5.12198,-24.1145,-5.64512,101.016,-951.112,-393.328,-16800,22260,-11480
-4.16647,-1.98766,5.58884,-3.32177,15.9786,4.81006,-1.02168,-5.02365,-23.093,0.207587,-11.0806,10.615,-3.05825,9.50775,-24.0824,1.00075,112.24,-949.16,-400.648,-15120,22540,-10500
20.0656,25.898,8.46008,26.6597,33.0654,5.76166,25.5013,8.91145,19.1551,5.15674,-8.73899,28.6183,-6.36662,15.4393,16.6299,18.5579,110.776,-950.136,-407.968,-11900,23380,-9100
27.3022,46.7205,7.86784,40.9183,19.0176,5.14933,20.2327,9.2783,48.8112,8.748,10.2409,23.4825,5.10845,9.16863,38.277,11.304,105.896,-940.864,-411.872,-8680,23100,-7700
23.6999,43.5465,10.5649,31.6679,6.31736,6.37286,7.26943,3.84907,56.3882,13.1621,12.9433,10.6585,10.0234,11.4257,26.045,3.18788,104.92,-937.936,-412.36,-7560,22400,-6720
9.35356,-8.09032,6.21261,-12.109,-4.455,7.15566,-7.29656,-2.65688,8.69193,10.3719,9.48837,-5.60677,9.66542,3.67273,-16.8923,-4.66468,102.968,-938.912,-411.384,-6440,20720,-5740
-4.11936,-15.7812,-7.47244,-11.85,-4.81792,-0.244874,-6.6546,-8.9523,-6.77951,-7.90486,-5.58438,-9.57454,-1.5402,-14.4463,-18.6012,-8.73917,101.504,-941.84,-409.432,-5600,19180,-5320
19.4972,30.4192,2.57266,33.7208,11.0446,-3.31444,12.6977,-0.405118,27.7937,6.21194,-1.17193,17.3893,-1.77158,-10.8654,27.0687,1.03468,98.088,-941.84,-413.824,-2660,16940,-4480
27.3157,28.1677,12.5159,13.7789,4.5468,2.69001,11.343,8.96664,31.7828,13.0405,-0.0541489,21.9563,-0.921545,11.8923,8.76558,10.2229,98.576,-940.376,-415.288,-140,14560,-3780
-7.86165,-26.0625,-7.59159,-35.1589,-12.441,0.0133742,2.47726,13.6777,-17.4039,-9.41675,-3.46125,-11.4256,-7.25088,-3.18313,-20.4712,8.61309,104.92,-943.792,-416.264,2660,12880,-3360
-32.5819,-42.1503,-23.6144,-41.7542,-21.0026,-11.3821,-5.8075,6.54963,-44.5046,-27.427,-13.7737,-32.4248,-14.9625,-21.8895,-28.5744,-1.11861,106.384,-942.328,-421.144,5880,10780,-2660
-34.4059,-15.9259,-27.0315,1.26355,-16.4405,-13.1026,1.71597,3.72575,-37.4601,-32.3318,-23.2984,-26.1384,-21.5873,-29.5282,11.0195,-1.33448,105.408,-941.84,-417.24,8400,10360,-2520
-13.5102,8.01644,-15.7588,22.8663,-11.7696,-8.70654,7.49221,3.95493,-7.42409,-13.0402,-3.87936,-8.45514,-8.12249,-22.8547,32.3347,-0.0360699,101.504,-936.472,-413.824,10360,9800,-2380
4.46417,15.5217,4.38881,12.5765,6.25147,-1.30733,14.9097,7.23217,18.4786,7.46106,10.9767,3.95354,6.30433,8.15208,27.7713,10.2512,101.992,-940.376,-410.896,11900,10080,-2520
12.0345,12.5956,15.2496,8.74688,16.7998,1.89367,2.19031,-1.64353,0.0580646,19.7832,13.6704,14.9189,7.17828,10.9355,9.30985,1.55977,97.6,-928.664,-404.064,12880,9520,-2380
8.75121,-6.12159,12.557,-2.47707,7.74389,3.12979,-15.572,-8.40748,-11.8581,14.1846,9.9385,11.0823,7.56022,13.6122,-20.1785,-9.58414,99.552,-930.616,-390.888,12600,9660,-2800
4.39502,-8.61696,0.0396676,-5.35502,-8.97181,-0.416059,-21.5869,-13.6946,9.14264,2.73513,-0.118975,-1.97124,1.42238,3.04449,-14.8788,-17.8534,99.064,-939.888,-385.032,11900,9940,-2940
5.21413,3.30754,-10.7676,-12.4428,-12.0302,-3.17621,-10.8345,-10.2984,25.4508,-0.182953,-5.01452,-5.27282,-4.02462,-26.7046,-14.3349,-11.9005,100.528,-933.544,-389.424,11760,8540,-2800
0.393389,3.93057,-11.0219,-14.0313,-20.2057,-14.418,-9.93849,-14.1642,12.7389,-3.90645,-7.92378,-5.73413,-7.77218,-21.636,-20.037,-10.6441,90.768,-926.712,-377.712,11620,7980,-3220
-4.19423,-0.9503,6.83223,0.401529,-10.8572,0.252973,6.89274,-4.04981,-8.52863,3.62179,6.57877,-2.28947,6.57221,20.1088,3.16811,5.16488,88.328,-923.784,-367.952,10780,7980,-3640
-7.85777,-15.986,17.1571,-15.1969,10.0609,21.1027,10.3018,10.2501,-8.71781,7.84662,14.1543,-2.21492,18.3611,37.8834,0.535954,15.6352,91.744,-930.128,-366.488,8680,7420,-3920
-20.3259,-32.5826,10.7426,-22.2395,12.3771,22.7692,2.742,11.2463,-40.4478,-1.49681,1.82258,-8.45329,11.7496,28.4599,-9.01477,11.6901,95.648,-929.64,-366.976,7280,6440,-4200
-21.496,-35.5399,4.10504,-17.4509,9.8334,15.6455,-1.71669,5.18784,-57.2616,-6.13158,-2.75584,-9.17904,7.38053,16.4719,-19.1313,5.29226,97.6,-936.472,-366,5600,5600,-4480
-5.56768,0.175068,5.2892,1.63793,10.4025,-1.72148,-11.6158,-11.2568,-9.80515,-3.93959,1.96814,3.41033,6.11184,3.40468,-15.7686,-10.6754,99.064,-936.96,-363.56,5180,5600,-4620
13.4394,37.6858,9.3551,33.2888,10.3701,-5.48484,-10.3765,-9.23108,36.6076,8.74486,5.97713,17.0326,5.58897,-4.67321,12.6561,-14.4481,103.944,-933.056,-366,4620,5040,-4480
13.122,17.9229,7.98686,21.6753,1.96612,-3.05926,-14.2581,-6.35618,17.7713,11.4311,9.12364,9.6418,5.42889,0.850112,8.89205,-13.3486,103.456,-933.056,-365.512,4480,4480,-4340
3.65683,-11.0287,2.83145,-1.01201,-4.34729,-0.942228,-16.0513,-9.77385,-16.0698,6.86923,7.44483,-2.39098,3.84136,0.974478,0.894775,-13.9115,104.432,-932.08,-366,4060,3780,-4340
12.214,-12.2175,1.7177,-25.4,-7.80784,2.6821,-13.5547,-6.28575,5.65561,9.9477,7.56989,-3.09144,5.43168,-4.35173,-23.0908,-7.74949,105.408,-932.568,-365.024,3220,3500,-4060
0.0522599,-13.8787,-24.7408,-23.7896,-20.3855,-12.8546,-9.89613,-7.44076,1.31903,-8.70522,-7.47217,-12.9149,-15.2334,-53.1946,-30.602,-9.73093,109.312,-935.496,-370.392,3080,3500,-3920
0.811509,16.1682,-48.066,28.5285,-16.0656,-51.729,12.557,-12.1218,15.8824,-14.8354,-11.9459,-9.19379,-41.7242,-92.0179,23.9432,-10.2416,108.824,-933.544,-369.416,3360,3360,-3220
35.6479,55.9389,-11.9139,60.137,0.280651,-44.3361,40.6824,8.52063,61.7365,13.2326,6.01165,19.2856,-22.0637,-35.3904,71.8676,15.5204,109.312,-935.008,-370.392,3780,3500,-2800
65.2773,58.6327,31.637,48.2054,19.9828,8.97955,49.3518,39.5521,69.739,26.6287,-24.3994,53.418,-15.0727,46.6951,68.7674,45.1452,107.36,-934.52,-372.832,4060,4060,-2380
55.2528,46.7558,26.8279,28.2022,49.4201,38.2969,47.7764,48.8312,44.8478,7.59364,-25.3905,62.0502,-6.02136,60.7807,43.0506,53.2787,103.944,-933.544,-370.392,4200,4620,-1960
-4.61329,22.5844,-0.746482,-0.0506458,27.0235,27.1394,13.8087,21.2108,15.5016,-27.8187,-7.92595,12.454,10.4262,35.1886,-6.90172,24.4518,102.48,-931.592,-366.976,4480,5180,-1540
-54.8755,-7.34247,-11.933,-11.7456,-0.206411,15.585,3.07853,8.58669,-10.063,-35.1069,-0.586604,-37.8298,12.3124,17.7128,-12.9862,11.8566,101.504,-931.592,-368.44,4760,6160,-1400
-66.84,-43.9716,-14.7936,-8.47338,-10.0915,6.6623,-0.00656325,-3.0337,-49.0497,-26.9549,0.653257,-51.9212,5.34605,1.44622,3.95447,0.246034,99.064,-934.032,-366.976,4620,7840,-1260
-59.0944,-73.0774,-8.9804,-28.6065,-15.191,3.41743,-10.5247,-13.6272,-90.5105,-17.4495,-2.35563,-48.2063,3.01405,4.12633,-12.795,-11.9072,95.648,-931.592,-363.56,4760,9240,-980
-18.0134,-51.9411,6.88513,-43.8538,-17.6841,3.77626,-33.2337,-23.7317,-55.3749,6.42999,8.75821,-19.2536,11.4929,5.32496,-42.7243,-29.4704,96.624,-931.104,-363.072,4480,11760,-840
11.5129,-2.93286,16.0972,-28.1737,-5.85115,7.31745,-26.9044,-17.4631,1.6925,15.9065,8.2257,12.1142,13.2012,7.72325,-46.2126,-19.88,93.208,-930.616,-363.072,3780,13580,-840
9.45599,10.6157,5.56423,-3.35155,-1.71174,0.2946,-8.13624,-7.40971,17.5806,9.96418,5.85669,7.85669,5.66683,-2.33639,-12.6975,-7.67798,89.304,-932.08,-362.096,2660,15680,-560
10.8452,2.23146,4.87912,2.95017,-3.64973,-3.3243,-0.387292,-5.99443,21.2824,12.7392,12.6491,1.17294,5.48988,-4.0016,5.9558,-5.5163,87.84,-935.984,-366.976,2240,16940,140
-2.60412,-19.2889,1.92914,-17.6132,-7.76435,-4.34745,-10.1851,-6.94809,-8.51624,5.58231,6.4141,-6.48744,2.39232,-4.86315,-14.2076,-9.30588,85.4,-938.912,-367.464,1960,17640,840
6.57064,-0.553223,4.49207,-2.84265,-3.34109,-0.0556148,-11.43,-2.6219,4.64503,8.89139,7.36283,5.91374,3.68329,-1.80418,-8.28507,-8.08295,85.888,-939.888,-370.88,1960,19180,1400
7.81436,18.2957,5.31553,13.5382,0.24175,-2.50822,-9.41471,-3.37292,-4.18876,9.66105,6.84818,12.3325,3.09489,-2.11029,0.641752,-6.15396,81.984,-941.84,-375.272,1680,19740,1820
8.19178,17.5216,7.92225,5.16654,1.66188,-3.05925,-13.7172,-7.0175,-7.81046,10.0509,5.34024,13.0925,3.14704,-1.8368,-9.36638,-9.4292,82.96,-943.304,-380.152,2660,20020,2240
0.443656,-2.73514,6.66588,-15.2133,2.7467,1.74006,0.547083,4.48839,-10.3882,3.0988,1.10514,4.36959,3.78227,6.77788,-17.7817,6.89232,81.984,-944.28,-378.2,3220,19600,2660
-13.9199,-25.3592,-1.04071,-28.2933,-6.10838,6.16505,0.26205,5.61285,-23.8168,-9.78703,-9.76745,-9.38309,-0.167007,8.80505,-25.3131,7.59821,81.008,-943.792,-377.712,3360,18760,3080
-17.7665,-14.458,-13.5428,3.5833,0.751827,0.973051,0.763868,-1.28891,-20.1448,-17.309,-13.1532,-9.33369,-7.48123,-15.6326,10.8247,-5.02061,80.52,-945.744,-373.32,3500,17500,2800
-29.3091,-11.4024,-29.9419,9.36378,-13.2698,-15.1269,-5.9086,-6.47921,-23.2618,-28.3241,-19.7431,-22.0005,-17.9074,-36.1221,11.1403,-11.7244,78.568,-945.744,-366,3780,16940,2660
-17.3704,-2.71554,-43.2928,0.816951,-33.3113,-34.5222,-19.9866,-13.2445,-6.25894,-20.2413,-16.2927,-25.8114,-30.0989,-72.8369,-7.6286,-25.6709,73.688,-941.84,-351.848,3500,16520,1820
18.6672,25.3478,-31.0192,24.3624,-27.7233,-49.4196,-24.749,-21.0866,34.3189,3.40913,0.594913,-2.65769,-27.8468,-65.053,12.3623,-36.8128,79.056,-936.472,-345.504,2520,15960,420
38.2457,27.738,12.4324,12.6777,-13.2053,-11.784,-9.18444,3.16531,55.1988,26.2748,23.0025,16.1368,4.33625,17.4601,15.4561,-6.06207,83.448,-929.152,-340.624,420,15120,-560
34.7506,13.8417,35.9791,-15.9601,21.0731,30.8607,26.8479,35.7035,38.3108,30.1796,25.3782,24.083,23.9984,57.3353,2.28205,41.5034,87.352,-923.784,-340.136,-2240,13720,-2520
27.3202,16.6581,38.3245,6.9245,54.7034,41.5326,56.1522,36.4089,20.5001,20.4473,10.179,30.7153,25.0834,63.5553,24.4784,56.8535,91.256,-917.928,-341.112,-4480,13440,-4060
17.8059,22.8406,26.2032,47.1457,53.4608,29.5073,52.9352,15.1994,6.23043,7.28859,-4.7914,25.3799,15.4499,44.9372,55.9054,39.8801,93.696,-918.904,-345.504,-7140,10920,-5600
17.0101,33.7877,12.0957,43.4487,27.6089,13.438,26.2643,-3.20245,36.7177,-4.81476,-8.67189,19.6851,4.04493,20.7884,33.8891,17.6979,100.528,-924.76,-344.528,-8820,7140,-7280
-1.6266,1.55347,-5.8875,-3.03159,-6.25129,-3.48387,-3.07664,-9.87904,15.0645,-13.2961,-9.4092,-3.76255,-6.99601,-4.4906,-7.95162,-7.19899,110.776,-930.128,-352.336,-9800,4620,-8260
-12.5289,-35.0797,-9.24672,-33.3705,-15.0218,-1.64351,-8.0145,-0.176494,-23.8556,-8.0213,-0.472518,-18.4999,-2.45047,-7.32693,-21.1955,-8.17242,119.072,-924.76,-353.8,-9660,1260,-9520
-22.7091,-52.3724,-15.7957,-40.2357,-25.1989,-7.4094,-15.908,-5.38748,-48.0157,-12.6318,-3.34094,-31.9614,-8.23749,-11.5818,-20.2677,-12.0173,119.072,-922.32,-368.44,-9520,-840,-9940
-37.6262,-48.8696,-19.3949,-30.5605,-16.9724,-3.68884,-7.86155,-2.11936,-66.6213,-19.6885,-8.52981,-32.1512,-10.9003,-14.6623,-15.4364,-4.70809,122,-926.224,-370.392,-9660,-4340,-10080
-13.0752,-6.88409,-12.5652,3.44622,-0.00798258,-5.3774,-10.5622,-5.76193,-17.4492,-6.11822,-6.08455,-6.64054,-7.90598,-20.0792,-5.30836,-10.6251,122,-928.664,-375.272,-9940,-7700,-10640
20.0546,39.5566,8.07098,44.7677,12.8469,-5.84434,2.40351,-4.68532,35.273,13.7874,2.73565,23.0564,1.29048,2.58916,27.0296,-3.64061,128.832,-932.08,-381.616,-9940,-9380,-10920
34.1368,66.328,29.6605,53.1186,27.2632,7.41013,5.47049,-2.07994,59.8913,24.8113,12.5697,43.552,16.3691,29.8015,25.4347,2.62617,133.712,-929.64,-379.176,-9800,-10500,-11480
10.5513,36.0682,18.7834,25.3228,20.4695,6.26369,-4.45695,-5.65037,18.4152,12.5481,4.799,26.1569,10.0715,14.7415,-3.02477,-4.74246,140.056,-929.152,-376.736,-9380,-9520,-11200
-22.6491,-14.5695,-8.89065,-21.0547,-12.6963,-0.839959,-9.06972,-1.20028,-18.5981,-14.0528,-8.45838,-12.6846,-4.78416,-8.46994,-24.1253,-2.96649,135.176,-930.128,-366,-8120,-9100,-10360
-27.4436,-37.2602,-20.3404,-53.086,-36.8305,-4.26217,-19.0168,2.11374,-20.1366,-19.035,-5.52864,-32.1799,-8.06658,-17.3625,-41.5395,-4.07929,125.904,-934.52,-361.12,-7560,-9660,-9520
-22.6088,-24.3214,-9.3361,-19.2456,-12.7993,2.72625,5.13492,7.186,-24.8079,-11.8651,-5.70074,-20.5988,-3.44086,-2.97734,-1.40623,8.9176,119.56,-933.056,-357.704,-6580,-12040,-8400
-0.861314,-8.05579,3.855,-7.85028,2.59539,4.11214,1.58561,-2.11551,-16.6501,7.06919,1.18747,0.3673,5.42596,-3.95236,-4.51451,-1.24757,117.608,-933.544,-356.24,-6580,-14280,-6720
7.59579,-6.7803,5.22159,-10.4528,-2.91381,-6.63594,-17.789,-19.7835,1.8674,6.02023,2.12,4.69988,6.02128,-7.78293,-19.2293,-23.7886,118.096,-937.936,-358.192,-7280,-14840,-5600
12.9485,24.2899,-1.14259,26.6091,-5.03488,-9.50291,-15.5092,-13.9717,33.9,5.92163,6.92767,9.4383,1.53908,-18.234,15.7677,-22.5938,117.12,-942.816,-361.12,-7700,-15400,-3920
-0.0469991,2.9721,-15.5014,9.35705,-18.7157,-16.9243,-14.484,-2.71621,1.40918,5.47817,13.3859,-8.20564,-6.83477,-38.2179,5.66462,-14.0604,114.192,-937.936,-364.048,-7980,-14980,-2800
-8.53064,-28.9645,-10.3864,-32.3499,-22.1173,-20.4564,4.32306,8.73209,-4.14201,-5.91737,0.295498,-19.2632,-10.4554,-6.46887,-7.61526,8.28523,109.312,-936.96,-368.44,-8400,-13440,-1820
-11.6623,-29.419,7.2147,-35.4594,2.84203,14.0397,23.4945,23.323,-23.8951,-3.7873,-1.4471,-6.26951,4.94798,28.6041,-7.19561,31.3143,102.968,-939.4,-370.88,-8820,-11480,-840
-10.6995,-4.9611,12.2328,4.45208,26.729,23.5737,15.687,10.885,-41.6906,0.826258,2.23307,4.96501,12.6341,27.2,5.85657,16.558,103.456,-932.568,-371.856,-8680,-10360,-280
1.9475,10.8494,8.1108,16.7322,13.3959,10.45,-1.12584,-1.8971,-13.8588,6.18636,6.01292,4.42634,9.31901,15.6282,5.58099,-1.95194,93.208,-927.688,-367.952,-7980,-8960,140
6.93941,2.45063,7.41092,-2.33662,1.47417,4.97977,-18.6503,-6.15348,2.99554,7.09718,6.1696,4.86572,6.31916,10.3962,-17.8108,-10.5498,89.304,-921.344,-371.368,-7420,-7560,0
6.17731,9.66892,-3.22209,1.52805,-3.2292,-3.22966,-14.1428,-5.44238,22.3914,-2.49333,-6.18317,5.07263,-7.41171,-6.37482,-8.89892,-10.402,82.96,-916.952,-375.272,-7000,-5320,-560
-2.61322,5.46728,-14.2065,8.36344,-3.09078,-8.36654,1.04796,-0.042714,-1.41236,-11.9208,-18.4313,-0.746313,-16.3063,-20.4197,5.00567,-1.21006,83.936,-913.536,-374.296,-6580,-3640,-980
-1.72966,-2.80421,-16.0657,-3.6866,-8.97022,-10.8573,5.83904,3.40783,-5.3583,-17.2854,-25.4714,-5.66939,-19.6191,-15.9884,-0.734163,5.14377,83.448,-915,-376.736,-7140,-2660,-1400
15.9074,23.6136,-6.27949,23.0071,4.95027,-4.28266,17.8061,8.58762,35.4411,-7.62297,-15.784,7.90722,-12.8437,-4.73149,28.5268,10.4423,81.008,-913.536,-382.104,-7560,-1400,-1960
29.9959,42.2879,9.26623,34.1291,15.1187,2.2275,14.1267,6.46728,61.5325,15.0676,14.982,20.1363,8.13119,5.89544,31.0396,5.77371,77.104,-914.512,-386.008,-7280,-420,-2380
13.0257,1.28517,7.32284,2.05604,-4.10416,-2.15887,-6.36518,-7.14945,24.1075,15.5202,24.1851,-1.53577,10.4971,4.52824,3.27587,-7.293,75.64,-917.928,-389.424,-6440,0,-2660
2.56354,-9.94667,12.2012,-10.6833,0.696681,4.3041,-2.6669,-1.52185,-4.99779,12.3031,18.2405,-2.62149,12.7591,14.601,-10.5386,2.54241,74.176,-913.536,-390.888,-5320,280,-3360
-2.91292,-3.95752,9.4395,-7.47317,8.34629,6.44181,7.22004,-0.475256,-14.9995,1.79724,0.747575,1.88242,6.33762,15.8418,-7.53791,8.70731,74.664,-914.024,-394.304,-4620,560,-3500
4.58321,9.90823,13.4551,16.8789,23.6642,10.0109,16.7119,-2.97834,-13.8636,4.1833,-1.93969,14.3721,8.01499,16.2283,11.9828,6.93045,75.152,-913.048,-396.256,-3780,1120,-4200
0.508592,8.31495,2.92147,9.96178,8.06851,4.17002,0.57005,-8.63054,-3.48038,-0.883696,-4.31807,6.96766,2.06865,-1.88768,-1.25116,-6.24399,79.544,-915.976,-396.256,-3080,1540,-4480
-10.8585,-9.85262,-5.31389,-8.29645,-8.75855,-4.78331,-7.03182,-7.88861,-7.99138,-7.85863,-6.92777,-7.85024,-4.316,-2.15317,-5.24882,-8.90295,82.472,-914.024,-398.696,-2240,1540,-4900
-13.8002,-19.6236,-5.2329,-14.4291,-7.31307,2.05191,0.465314,5.35128,-13.4394,-7.36963,-3.83245,-11.6026,-1.46947,4.77481,2.74278,1.66717,85.888,-915.488,-400.16,-1540,1120,-5040
-16.9937,-37.3628,-10.2572,-32.2128,-12.4772,2.06101,-5.27309,10.1341,-23.3786,-7.44431,-3.96375,-18.2903,-4.47877,-3.71516,-13.8825,2.5699,84.424,-917.928,-396.744,-840,980,-5040
-13.4563,-17.8471,-18.4061,-17.7151,-7.46554,-15.002,-2.29158,2.25287,-10.3204,-10.6698,-7.38721,-11.8247,-14.1679,-21.7644,-12.6775,1.26645,86.864,-916.952,-391.376,-280,700,-5180
-7.92009,2.8134,-10.4564,12.5247,-0.0551469,-7.5567,8.36756,-1.5598,2.97747,-7.31909,-2.48499,-3.79008,-8.54499,-11.032,14.0113,6.68512,91.256,-920.856,-393.328,420,560,-5180
-16.1329,-13.6145,-6.08282,0.629288,-15.4328,4.3342,-4.66009,-4.42643,-12.6739,-7.48777,-1.0012,-15.3917,-2.46936,-1.93704,7.41054,-4.1457,96.624,-921.344,-391.864,1120,560,-4900
-16.242,-29.319,-6.22125,-20.9686,-15.3541,5.26594,-10.0267,2.21181,-29.2092,-4.57732,-0.384833,-17.6323,0.19547,-9.59645,-12.3444,-7.17668,96.136,-921.832,-391.864,2380,280,-4480
-10.8707,-27.3972,-5.14505,-24.3902,-8.87764,-2.71904,-13.6933,-5.97077,-34.6777,-3.11607,-1.92003,-9.3075,-1.27775,-19.6296,-28.8507,-10.203,99.552,-921.832,-391.864,3500,280,-4060
25.1826,39.544,7.49558,31.1928,8.7663,-8.44388,4.79771,-5.97278,36.3211,14.5189,7.97678,22.6343,2.03697,-9.34441,13.4448,-2.38862,102.968,-919.392,-393.816,4480,700,-3500
43.7295,60.6443,25.0886,37.8246,12.9277,2.69845,10.5189,4.48521,64.1272,30.937,17.8488,36.4834,14.5923,18.7147,26.4172,6.49452,100.528,-914.512,-393.328,5320,1540,-3360
28.0997,30.3984,24.5996,14.758,17.1559,12.106,3.94814,6.76215,25.0374,20.1323,9.38256,26.0461,14.4742,28.8541,10.689,6.85873,103.456,-912.072,-388.936,5880,3220,-3500
14.7388,15.2159,17.6227,6.50586,21.2451,16.6092,6.78187,10.9607,3.69222,11.4772,5.06021,18.9565,11.9606,24.7355,1.91533,12.3335,103.456,-913.048,-387.96,5460,4900,-3780
-5.94979,-5.55518,0.278545,-4.67984,5.96406,5.21751,2.33004,2.11512,-10.3445,-4.2293,-1.78026,-1.73712,2.6598,7.40069,-2.87251,4.47754,105.896,-914.512,-386.984,5320,6020,-3640
-11.2086,-2.20466,-7.12284,14.1791,9.92874,-3.4871,12.6259,0.748011,-8.72689,-11.8938,-6.55626,-4.83631,-3.48961,-8.12411,17.4471,3.141,106.384,-913.048,-381.128,4760,8400,-3920
4.72208,25.4122,-11.6554,35.5631,-0.115435,-18.8154,-1.22767,-6.73309,25.3981,-3.58501,-3.70619,5.46349,-10.429,-33.5029,16.1276,-12.1543,104.432,-917.928,-377.712,4480,10360,-4200
7.78188,14.9319,-6.67607,6.86986,-17.7722,-22.3013,-10.5894,-5.98171,19.6639,4.25259,3.26328,0.242153,-7.4609,-11.3837,-2.30057,-9.84776,101.016,-920.856,-372.344,4200,11760,-4480
-2.29541,-18.1882,-1.35554,-42.4226,-21.7449,-2.03773,-18.8077,0.823972,-4.09619,1.33692,4.52074,-12.2654,0.583208,5.34743,-31.6077,-4.99794,97.6,-921.832,-362.584,3780,12740,-4900
-14.4607,-21.9362,-0.37249,-28.2058,-5.78415,9.78073,-17.5682,-3.17905,-24.8523,-9.37231,-4.57347,-11.8327,2.33956,10.3436,-30.2376,-7.77717,97.6,-935.008,-368.44,3920,13580,-5180
-26.4933,-14.4706,-2.80722,-8.9707,0.416076,12.0357,-11.5075,-4.80131,-39.7831,-20.8574,-14.1538,-11.4489,0.659447,11.9989,-21.5704,-4.28114,105.896,-950.136,-393.816,5460,13580,-5320
-9.49346,-11.8079,1.14266,-11.704,1.80693,14.7702,-4.9617,1.19931,-11.2011,-7.2121,-1.5466,-5.29028,4.70715,6.57958,-15.6635,0.779868,76.616,-886.696,-345.504,10360,15820,-5460
-2.23885,-6.91035,-0.374064,-1.34722,3.74648,1.86508,-1.00517,-6.30856,-2.00045,-1.93509,-1.92245,-1.04277,-1.10563,-1.53451,-1.98723,-4.14702,101.016,-954.528,-341.6,4060,14000,-6020
9.89092,14.6773,2.60888,15.3123,7.77022,-9.77452,9.47933,-2.62959,11.5076,7.02786,2.31457,10.6616,-2.94611,-2.51919,13.1601,0.610204,110.776,-950.136,-396.744,6860,6300,-4620
1.12582,-5.03774,0.286794,-4.14696,-0.614332,-8.69506,6.42038,-1.30435,-7.46721,1.66702,0.421906,0.45813,-2.09834,2.73662,0.989441,2.90797,92.72,-929.152,-403.576,10920,9240,-4200
4.70699,-8.61799,2.12057,-10.1809,-1.05645,7.46574,12.3564,7.36069,12.8282,4.20243,4.09922,-2.52214,3.32295,7.62475,8.55994,12.3421,94.672,-945.256,-369.904,11900,8680,-3780
5.32943,-7.05049,2.37738,-5.44645,0.721797,8.05512,12.2917,5.92353,10.7148,5.73716,2.75499,-2.77366,1.02595,6.55061,15.3405,9.22725,98.088,-953.552,-364.536,11760,2660,-3360
-9.52411,-21.5436,-8.43767,-13.3071,-6.47752,-2.29101,-6.77813,-4.86713,-13.1603,-9.65815,-8.95524,-12.2484,-9.44861,-8.39516,-1.99008,-8.52238,107.36,-941.84,-386.496,13160,-2100,-2100
-16.1862,-14.9734,-24.6276,-4.09728,-7.168,-10.9235,-2.48468,-0.554772,-12.5451,-20.6002,-18.0048,-12.2768,-21.9797,-35.4682,2.6124,-4.86251,112.728,-939.4,-390.4,15400,-3360,-980
-13.1217,6.19458,-27.0795,13.5051,-12.9381,-20.4957,3.68063,2.88297,-4.1002,-17.8421,-11.5016,-11.0563,-21.3592,-35.5611,11.2043,0.558657,112.728,-941.352,-385.032,18200,-4760,-140
-12.7223,-7.48456,-10.7642,-2.56816,-20.8141,-11.1183,2.97739,6.89464,-9.68511,-3.35558,6.96268,-20.5346,-2.19863,-5.20472,5.86022,6.42033,109.8,-940.376,-382.592,21980,-7280,1120
2.98931,-4.58242,12.5399,-11.8273,-6.33178,8.56846,-1.44776,6.23462,1.19368,15.5705,18.6401,-6.22842,17.2834,14.8604,-5.13205,5.92062,112.24,-937.936,-385.52,23660,-9100,1960
17.7975,4.33085,21.1294,-1.93389,11.9119,14.5261,5.03261,3.9239,14.4608,20.9868,12.0312,12.9926,17.5224,22.5077,1.03184,6.58076,114.192,-939.4,-390.4,25760,-11620,3360
19.304,19.4596,16.6166,24.6401,27.1727,10.3479,17.3976,4.8708,13.6355,11.7963,-0.628829,23.2568,8.3402,15.9733,19.2977,11.8574,116.632,-938.912,-396.256,28280,-13720,4620
3.9518,13.0176,5.30002,21.683,15.583,-1.3397,8.38787,-3.00297,-6.22294,-2.80931,-5.96682,13.842,-0.041611,7.636,10.3604,3.35846,125.904,-935.984,-388.936,30100,-15120,5600
-7.70895,-6.23771,-2.60871,5.17365,-1.70668,-2.55805,-6.5414,-7.96969,-14.1612,-5.51228,-1.82286,-0.928053,0.394144,3.75629,2.69695,-8.02577,124.44,-923.784,-388.936,31500,-17360,7140
7.50362,-0.690043,-0.544264,-12.1519,-6.55155,-3.31239,-18.6784,-10.4062,15.9307,6.41718,6.80805,0.373296,2.38378,-6.46774,-17.9185,-16.9054,135.176,-958.432,-382.592,31780,-19600,8260
9.2174,3.52014,-2.37924,-11.3357,-4.91879,-7.15239,-16.8484,-10.9366,15.429,6.3446,1.425,2.56144,-3.05492,-16.4981,-26.2505,-15.5029,136.152,-951.6,-401.136,35280,-23520,11060
19.5258,36.4843,14.913,28.4399,14.3009,6.06548,1.13371,1.31632,27.3672,12.1976,4.1679,24.2566,7.0821,10.2902,5.23824,-1.13285,133.224,-941.352,-401.136,38360,-25340,13440
0.884255,8.04699,8.97837,17.4436,9.19413,10.0694,6.51927,8.59322,-3.75917,0.572289,-0.0026499,6.3265,7.41405,15.6944,19.5912,3.99744,134.2,-946.232,-405.04,40600,-28140,14840
-7.86114,-17.3472,1.89827,-7.78129,0.379042,8.02825,3.27749,12.1354,-21.4499,-0.929699,-2.45213,-7.08701,1.15691,6.0419,0.105989,6.21702,130.296,-942.816,-399.672,43540,-31360,16940
11.6146,13.9093,6.98268,-1.09094,7.56716,4.12814,3.36422,7.25019,12.5407,6.64323,-1.7971,13.5898,-1.84304,2.48363,-10.9813,5.48634,126.88,-931.104,-388.936,46060,-32900,18340
5.82345,18.6019,0.760647,10.6468,3.94084,-0.817447,1.44855,-0.348411,9.3133,-0.782886,-1.6988,9.97985,0.0406533,-0.152313,-1.31456,1.1017,126.392,-940.376,-382.592,47460,-33320,19740
-16.6502,-11.5115,-5.87486,-1.70609,-4.30871,0.929505,4.19071,2.89704,-18.9687,-10.3395,-1.18893,-10.7878,1.57876,2.73955,6.26694,4.81694,125.416,-940.864,-398.696,49000,-33180,20860
-14.6191,-21.1722,-4.70666,-19.9648,-8.1817,2.01941,-0.654319,-2.60134,-6.40997,-6.32276,2.05555,-15.2027,2.95572,5.29758,-4.67379,2.50225,121.024,-938.912,-410.408,52220,-33460,22120
-13.8692,-18.6827,-3.07866,-20.4069,-5.72478,2.30028,-9.71018,-11.352,-11.408,-6.22123,0.299087,-11.9805,1.40946,3.9416,-18.3929,-5.69108,116.632,-940.376,-404.064,55020,-33320,23520
-10.6737,-11.4843,-2.3828,-7.10215,3.75847,1.10314,-3.36124,-6.9723,-15.3765,-5.74775,-3.23748,-4.95525,-1.6365,-3.7039,-7.77744,-3.87794,119.56,-941.352,-408.456,57540,-33040,24500
-9.57025,-7.17176,-15.266,-0.965751,-7.80265,-15.3298,-6.29639,-5.57013,-14.7615,-9.0286,-11.8291,-7.10937,-17.4081,-31.135,-2.65453,-9.00396,128.832,-949.648,-421.144,59360,-32760,26040
8.16005,20.8455,-15.7557,20.1887,-13.1812,-20.9334,1.84691,-0.300945,13.9763,0.132478,-1.65011,3.91067,-17.5444,-33.4318,15.7696,-0.924864,126.392,-958.432,-422.12,60760,-31920,27440
12.7604,14.4782,-0.694322,1.55865,-10.4903,-11.5767,9.13976,-3.23658,21.702,7.81852,11.0231,1.89007,-0.807587,1.23172,12.0695,9.2463,121.512,-964.288,-416.752,65100,-31640,28560
9.53287,-4.98034,12.0778,-13.523,4.13827,8.68877,11.8279,3.5846,9.20151,13.0932,16.9927,1.51041,12.7126,18.5602,9.05663,8.75252,119.072,-968.192,-427.488,70840,-33180,30800
14.2331,9.21337,14.1356,6.44296,13.8992,10.1356,6.11505,2.0615,20.4299,10.498,6.13459,11.4315,9.6968,14.7938,10.1251,1.71594,121.512,-965.752,-439.688,75320,-34720,32620
-1.28628,7.56105,4.42556,10.2665,9.78093,4.34986,1.25463,-1.1062,-1.18679,-6.90829,-10.958,6.28647,1.03777,6.65283,0.519113,1.01227,114.192,-955.504,-413.824,79240,-34440,34580
-4.88008,-4.65171,0.348941,0.54345,0.902724,2.84138,-2.67394,0.362609,-9.88762,-5.88614,-6.65653,-0.58995,1.40711,3.53352,-7.03047,-0.821664,113.216,-961.848,-411.384,82460,-36540,36260
-7.67067,-13.1242,-5.32122,-14.6217,-10.19,-2.09626,-13.5217,-1.90978,-9.74809,-4.66387,-3.79378,-8.03526,-1.92235,-7.83639,-16.4045,-8.67494,117.12,-969.656,-436.272,86800,-38780,37940
-5.15992,-8.69226,-6.59803,-14.2747,-14.4198,-5.40264,-12.393,-1.01225,-1.00171,-5.56584,-1.31128,-8.41514,-2.59506,-8.90455,-12.1263,-7.11193,113.704,-970.632,-422.608,90860,-38080,39760
6.12322,7.64361,5.53149,4.97673,3.1115,2.24252,5.38657,6.32965,9.55354,2.8019,4.29156,4.57629,3.82628,7.82216,6.27205,5.65366,102.48,-964.288,-407.968,94780,-39900,41580
5.21809,2.7399,6.15975,4.08799,5.22662,3.02637,-4.13791,-2.82517,-5.95402,5.58963,5.29109,3.38703,3.21085,5.74244,2.47491,-6.07174,101.504,-965.264,-410.896,99680,-44100,44100
-7.76561,-8.4778,-4.7157,5.53063,-0.185805,0.547864,-6.9397,-1.9928,-19.1886,-6.06144,-0.589509,-8.16696,-2.97946,-4.34276,4.80694,-9.40371,101.504,-967.216,-421.144,102060,-45920,45920
-7.37888,-0.546206,-12.6902,4.98603,-2.56223,-3.69848,-3.93918,1.49691,-8.87843,-9.14668,-7.18478,-8.63,-11.002,-17.8284,-1.81069,-4.36455,97.6,-968.192,-410.408,105560,-47460,47740
11.7036,19.1268,-0.364461,17.638,9.78243,-0.0721541,15.9967,9.33183,13.5736,3.26013,-3.04159,8.44567,-3.23885,-3.51214,10.8621,11.9688,94.184,-966.728,-409.432,107800,-48020,48720
18.3235,24.536,15.7823,23.7561,19.0071,13.1641,28.1664,18.7576,20.0633,9.6365,2.80429,18.752,8.56986,25.2614,24.7465,26.0118,85.888,-960.872,-389.424,109060,-48020,49000
4.58456,-3.12046,6.00107,-8.87826,-0.0214958,5.8832,1.13072,4.24247,4.45249,3.57573,4.39283,0.429112,4.17703,14.922,-0.711095,6.08978,81.984,-948.184,-394.304,113400,-51380,50400
-5.49997,-12.3817,-4.02714,-17.0853,-7.21661,-1.07248,-9.28625,-1.29128,-10.6152,-0.873199,1.77093,-8.63754,-0.75811,0.316525,-14.9192,-3.10097,82.96,-951.6,-371.368,112560,-51940,50680
-18.2469,-24.5153,-13.8267,-23.4074,-11.4237,-6.90335,-16.6965,-9.70247,-24.1105,-11.535,-12.6729,-18.311,-9.72492,-12.8493,-26.4902,-10.9034,71.736,-934.52,-360.632,114520,-52360,50820
-13.4204,-19.8136,-10.6219,-16.5571,-8.25632,-3.61977,-8.01712,-6.135,-7.72884,-7.99662,-10.3397,-12.442,-6.84376,-11.0925,-14.6437,-6.2254,81.008,-938.424,-368.44,116900,-55580,51800
-6.79619,-10.9681,-2.58538,-4.5938,-7.23169,5.08095,0.876071,1.66574,-1.9441,2.54184,2.57578,-6.01729,2.18856,-3.9206,-0.717023,0.488867,81.984,-943.304,-356.24,114660,-54740,50960
-1.35983,-5.61445,4.02312,-0.192542,-5.78567,6.60678,3.95206,6.5912,3.64171,6.07548,8.38044,-0.515336,7.16052,4.92801,6.06957,5.80238,77.592,-937.448,-344.528,115780,-54040,50540
3.08585,-3.36332,5.83907,2.8628,2.75503,-3.24834,6.02281,1.45934,3.73671,5.25177,8.31299,3.75078,3.7314,9.42098,8.97595,5.5369,83.448,-941.84,-344.528,115780,-53760,50120
-4.44807,0.220413,-0.111132,7.30427,6.72946,-10.6095,2.26593,-8.65269,-3.9499,-5.66637,0.0443981,2.07561,-1.27051,4.8797,5.13093,-6.61467,80.032,-935.984,-325.008,115360,-52360,48720
-2.15914,11.5847,-1.96194,3.26127,-0.756678,-8.36844,-12.0987,-15.6772,11.8131,-5.46684,-3.63038,4.96145,-0.952926,-5.29524,-7.00424,-20.1112,68.32,-929.152,-309.88,116340,-51940,48020
-6.04235,-2.28552,-2.95178,0.848269,-3.0384,-2.28045,-7.49403,-10.9522,-3.98649,-1.25964,-3.37502,-1.36482,-0.124879,-7.34679,-0.240453,-15.1845,73.2,-929.152,-318.664,115360,-51380,47040
-6.19653,-8.80182,-3.07484,-6.80335,-6.60878,-2.11161,-10.5178,-10.9858,-13.0802,-1.92081,-8.1692,-4.20831,-1.84416,-8.0557,-9.49855,-13.9181,71.248,-923.296,-307.928,111300,-48300,44380
-10.9274,-13.4709,-5.51273,-19.1695,-10.8512,0.975549,-15.7496,-2.09444,-16.4901,-6.60562,-7.06902,-7.5658,0.470697,-14.1758,-21.667,-9.89895,70.76,-918.416,-301.584,109480,-47180,42980
-19.5427,-19.6402,-9.39475,-18.8667,-12.7613,-6.68552,-10.7137,-0.270683,-26.9896,-13.777,-7.61211,-15.0408,-3.84339,-15.0995,-16.6967,-1.93844,79.056,-915,-308.904,107660,-47460,41580
4.80385,9.99214,6.00413,14.4086,9.55142,-3.28355,8.52381,1.09289,0.258439,3.69536,2.11015,7.49405,1.83177,-4.34521,11.2112,8.76485,68.808,-915,-276.208,102060,-45220,39480
27.8115,30.7049,18.2133,23.8063,11.2616,5.01033,7.73843,1.91236,27.5418,19.3497,12.0325,24.3774,8.25916,14.0354,14.6876,8.1092,62.952,-908.168,-271.328,99400,-44380,38080
35.2015,31.3711,17.3226,5.50743,8.48311,10.6623,-0.716422,8.3932,38.0845,27.4056,16.374,25.5174,5.83563,13.8885,-1.21097,8.02547,65.88,-911.584,-280.6,94500,-42980,35980
32.9782,31.9339,12.4071,18.4197,23.631,14.2109,28.94,26.6334,33.9607,26.3671,12.8544,24.3945,-0.593718,13.8285,23.5597,33.1525,55.144,-908.656,-272.792,91140,-40600,34720
21.19,26.7476,7.93942,34.2556,26.437,7.84972,44.4615,23.0881,22.7916,10.7846,3.44318,17.1836,-1.87117,20.7898,41.3519,38.8258,54.168,-907.68,-276.696,86660,-39340,33040
13.5756,25.3475,7.79357,32.7805,24.3498,7.29362,32.9013,10.5969,20.4717,3.44719,3.72142,15.0093,6.33379,22.0342,35.9658,26.1481,54.656,-910.608,-267.912,80500,-36960,30800
10.0487,18.9802,9.70319,19.5225,16.029,5.51367,11.9773,-4.95015,18.1121,7.85004,14.5481,10.1821,13.7308,14.6005,18.1252,4.0555,45.872,-911.096,-254.736,76860,-35140,29120
-12.8842,-10.1005,-1.67201,-8.04632,-7.2222,-2.40456,-12.7555,-12.12,-12.7001,-7.74983,-3.12448,-9.90618,3.48607,-1.50968,-10.0006,-14.7785,41.48,-914.024,-258.64,71960,-32200,26460
-16.9992,-17.6911,-8.49953,-15.3574,-9.10885,-1.35908,-9.19397,-1.84029,-18.3683,-21.7677,-21.1749,-11.6647,-7.95278,-3.13342,-10.461,-6.86105,45.384,-913.536,-264.008,67620,-28840,24500
-19.157,-16.8075,-16.6345,-13.5201,-9.13442,-7.29505,-7.63038,-3.78962,-13.4812,-27.309,-18.2948,-13.9249,-14.4006,-11.622,-7.19842,-10.2681,34.16,-911.584,-252.296,62300,-23940,21420
-29.9236,-26.4476,-27.1271,-25.2224,-27.6766,-16.962,-25.2729,-11.7817,-24.5138,-23.0216,-3.15718,-30.2604,-15.0564,-31.3939,-22.9448,-22.7329,39.04,-914.024,-259.616,58240,-20160,19180
-25.5846,-34.5372,-21.376,-33.3289,-35.714,-16.3851,-27.5124,-11.8905,-28.5546,-9.48179,9.98876,-35.0344,-6.46161,-31.5591,-29.8416,-23.6723,37.576,-923.784,-248.392,53480,-15260,17080
-11.0771,-35.2478,-9.20804,-34.3375,-29.8668,-9.49741,-23.1738,-9.6938,-25.4026,1.50759,9.18,-26.1462,0.650489,-16.6539,-28.4878,-20.9363,36.112,-926.712,-260.104,49420,-9240,14420
12.5566,-12.804,6.93143,-18.5725,-10.3039,0.839197,-19.4681,-6.69293,-1.22015,15.5232,8.03063,-0.580632,7.92195,-2.63913,-19.5649,-17.8484,34.648,-920.856,-255.224,47740,-5740,13160
6.70622,-1.55326,4.2044,-1.33374,-0.141054,1.35608,-11.4239,-3.54849,3.6669,0.238429,-9.35878,5.3515,0.993932,2.87273,-8.22398,-9.46548,30.256,-928.176,-254.736,43820,-1540,11200
-8.84946,7.09185,2.48629,13.1132,9.74472,7.50381,2.65049,7.07715,-0.347764,-15.7238,-17.3361,6.19347,0.428363,9.4985,4.95199,3.7387,31.72,-922.32,-259.128,40460,2380,9660
-5.13581,13.1887,6.24054,17.6875,14.8085,11.6326,13.8385,13.0138,0.663221,-6.53567,-10.1546,9.87837,2.42448,14.467,13.363,14.1963,34.16,-915.488,-267.912,36680,4620,8260
9.00055,14.9992,10.7989,16.1234,16.8099,11.5282,18.9216,12.7736,4.80518,8.54842,-1.18087,14.4448,3.46714,16.666,14.7295,19.7824,35.624,-918.416,-260.104,32060,7280,6440
21.789,21.1005,20.2594,22.3099,29.6251,16.1397,30.5332,13.6953,15.9174,19.4236,7.04443,25.4848,9.59091,26.3057,20.788,29.1147,38.064,-913.048,-263.032,29680,7700,5180
12.1696,11.763,15.1823,17.5032,22.7219,10.4205,25.4573,5.25595,9.89642,13.1835,8.46964,16.9941,8.94345,21.95,20.9114,20.4634,43.432,-915.488,-263.032,24920,8120,4060
-8.1261,-4.07013,-4.9657,1.42273,-2.83812,-6.709,2.32194,-5.31267,-5.25218,-2.99281,3.07568,-6.1113,-3.57505,-5.89373,8.64783,-2.11418,43.432,-912.56,-271.816,21140,8820,3220
-1.72174,0.28862,-8.92628,4.68212,-5.89521,-11.9433,0.148717,-4.06279,3.15173,0.812285,6.46682,-5.82033,-6.87443,-16.6579,10.957,-6.26374,50.264,-912.072,-276.696,19180,9800,2380
1.3429,-4.80855,-10.8337,-10.9929,-21.6543,-17.8405,-21.0719,-13.7327,3.75407,2.97541,2.50954,-8.30594,-9.4897,-23.9511,-11.387,-21.0435,52.216,-910.608,-273.28,15400,11760,980
3.29025,-4.0098,-8.35727,-12.6125,-17.0423,-9.42027,-15.5087,-3.97003,3.44249,1.38156,-2.51502,-5.8568,-7.2098,-17.7636,-14.9177,-10.8411,52.216,-909.632,-275.232,12460,12600,140
-1.70136,0.598709,-6.60665,-2.57813,-2.94698,-6.36777,-4.77768,-4.60022,3.59009,-7.90114,-8.95998,-1.93695,-6.86363,-9.47885,-8.16861,-3.61309,51.728,-910.608,-276.696,8120,14140,-1260
-14.8389,-8.45314,-8.33528,-8.07635,-5.35759,-3.5612,-6.93832,-3.76827,-10.9822,-11.693,-4.31027,-9.21215,-3.43979,-5.81469,-13.6872,-2.40941,53.192,-907.68,-269.864,3640,16240,-2660
-16.9356,-16.3475,-8.65446,-17.2814,-13.7566,-2.88539,-13.4199,-5.11394,-18.0167,-8.9355,-1.10892,-14.5357,-1.57734,-7.07968,-19.8868,-7.71191,51.728,-909.632,-266.448,560,17220,-3500
-8.90117,-15.5612,-4.19522,-21.8127,-15.6171,-1.79353,-17.7088,-9.43169,-12.4829,-3.47681,0.0367143,-11.3799,0.519344,-4.27221,-22.3031,-12.1781,53.192,-913.536,-266.448,-4060,18200,-5180
2.47797,-4.62485,10.2563,-8.74429,1.63127,9.49707,-3.50237,-3.35736,-4.24293,7.07812,3.88102,3.53713,11.2089,12.0726,-5.26489,-1.76051,53.68,-921.344,-262.056,-7280,18480,-6020
7.419,10.7326,16.8748,19.3621,24.6055,15.5687,15.3093,4.90882,2.66776,6.87924,-1.07431,15.0054,12.064,21.9631,20.2583,11.0802,58.072,-930.128,-264.984,-11480,18760,-7280
8.63262,17.5882,14.5674,23.8231,23.6395,14.9098,19.8886,14.1476,10.8582,3.14161,-3.15807,15.6595,4.51672,23.2738,20.1344,18.5666,59.536,-934.52,-267.424,-15680,19880,-8680
15.5314,18.997,7.26949,13.7357,13.8016,6.93092,15.0535,12.329,19.06,7.99241,2.22641,14.7997,-1.38088,13.0548,12.115,16.2218,57.584,-944.28,-258.64,-17780,20860,-9380
19.3503,11.5413,0.40844,0.905431,2.49489,-2.7535,5.16522,1.51353,20.4153,10.6954,6.98153,8.09742,-1.20817,1.43063,2.3906,4.10497,55.632,-949.16,-259.616,-19460,20720,-10220
13.8398,9.43159,0.0247516,-0.0248524,-0.433572,-3.91974,-0.829965,-2.16161,16.8696,8.03945,8.9912,3.30431,3.23105,-2.39692,-0.579763,-2.7253,54.656,-954.528,-258.64,-20440,20160,-10500
-5.99347,-2.64405,-7.01674,-3.32231,-6.70666,-4.58351,-3.52489,-2.11815,0.641653,-6.15531,-0.562854,-9.65831,-0.0976543,-6.96828,-1.38052,-5.57269,51.24,-959.408,-265.96,-21420,19600,-10780
-9.7834,-5.83294,-7.65491,-2.19909,-2.6132,-8.11393,0.203549,-0.402025,-5.64023,-8.14946,-5.04901,-9.42141,-2.78602,-14.5236,2.2287,-5.34998,55.632,-956.968,-272.792,-22540,20160,-11340
-11.9129,-7.45017,-12.4002,2.81835,-2.70538,-18.9022,-0.791979,-2.64814,-15.266,-10.2082,-6.26471,-10.3631,-9.19825,-28.1264,7.0236,-8.95385,56.12,-956.48,-273.28,-23100,21140,-11760
-19.7839,-20.9541,-17.3525,-13.7691,-28.783,-17.5573,-21.7164,-8.83129,-25.136,-14.9073,-7.35702,-21.1024,-13.1532,-23.5022,-12.569,-18.1757,56.12,-955.992,-276.696,-24500,22400,-12460
-10.6721,-18.2669,-4.22718,-20.4346,-25.3609,9.57535,-14.0122,7.49485,-17.488,-2.42052,4.88388,-13.1263,2.6183,4.77331,-13.6228,1.6497,55.632,-961.36,-277.184,-25200,23520,-12600
9.29528,0.527959,15.0934,-9.51396,7.4607,23.9958,6.33907,10.2706,1.96973,12.6677,10.4686,8.87618,12.3502,25.6156,-4.58794,17.3438,54.656,-960.872,-287.432,-25340,25060,-12740
16.21,12.8949,24.1507,9.56891,30.6185,25.6019,16.5609,5.9853,8.44958,15.3856,7.06144,22.8433,12.3332,35.5734,3.97756,18.5944,54.168,-960.872,-290.36,-25760,26600,-12880
2.02708,2.32047,7.02811,10.4101,18.6952,14.0028,11.7748,2.51351,-2.8865,-2.03929,-8.34679,8.63653,-0.387522,17.952,6.84924,10.1559,54.656,-954.528,-297.68,-25480,27440,-12880
8.00112,13.1414,6.00694,19.8859,16.9965,0.954098,9.97324,-2.48266,10.8051,-0.585069,-7.441,12.1497,0.713625,8.39071,15.3883,2.97273,55.632,-950.136,-297.68,-25340,28560,-13020
10.8661,17.2527,4.62146,20.8176,12.1556,-8.15767,5.59671,-3.44239,17.7602,3.26689,1.49445,13.3676,2.0466,-6.12792,14.4919,-3.90163,54.656,-947.208,-299.144,-25620,29680,-13160
-6.60378,5.11196,-16.5243,11.9626,-9.02768,-24.3929,-3.65067,-3.28704,7.14788,-11.0883,-4.00429,-5.17099,-14.3712,-32.7272,6.78129,-10.836,56.12,-947.696,-285.48,-26320,31220,-13300
-12.4533,-6.07755,-15.8124,-5.37265,-26.7745,-21.7758,-8.33533,-0.119403,0.585605,-8.85778,0.191825,-14.6711,-8.81785,-20.2036,-1.93389,-8.14924,58.56,-955.016,-276.696,-27440,30800,-13300
-9.61746,-11.8742,-3.11658,-14.9767,-15.3517,7.16998,3.18915,11.3858,-7.86549,-0.562684,5.7582,-12.0602,4.85526,0.928633,0.795769,5.63745,55.632,-960.872,-271.816,-28140,29680,-13300
-13.822,-17.9627,-3.24344,-15.501,-4.99015,9.36999,0.350048,0.228116,-15.7055,-8.28788,-3.07172,-11.754,3.56479,3.37741,-6.14231,-1.22673,58.56,-963.312,-273.28,-28840,28420,-13160
-5.68866,-8.58141,2.178,-3.53399,4.94461,7.88118,-0.745,-2.40956,-7.63411,-1.24254,0.842705,-1.6212,7.26684,6.62876,-6.30518,-3.73623,59.048,-956.968,-273.28,-28700,27020,-13020
-7.2423,-6.04957,-6.60524,-0.753965,0.256398,-9.36084,-2.77487,-5.19457,-6.78961,-3.19031,-2.4595,-5.99636,-4.78966,-9.94482,-3.86892,-5.34126,61.488,-954.04,-282.064,-27440,24640,-12880
9.19387,11.6662,2.11229,17.7037,12.8317,-12.1092,10.6729,-4.99488,7.31653,10.7795,4.85221,8.99402,-5.54934,-5.1083,12.6841,1.87975,62.952,-949.16,-284.016,-26180,22540,-12880
17.6076,20.4633,8.76105,22.2919,14.3975,-0.978697,8.44209,-4.99858,12.7933,14.4404,4.14258,16.7621,-0.60377,3.48779,12.2349,1.3653,68.808,-949.16,-292.8,-25200,21140,-12740
18.8335,13.7033,3.62554,1.70489,-6.64339,-4.39802,-14.8928,-10.2495,16.2584,12.2844,2.98258,10.2284,-0.801907,-4.07466,-5.77861,-14.5908,72.712,-945.744,-296.216,-25200,20720,-12740
14.62,6.86799,4.70656,-8.81191,-6.20197,-0.108591,-16.5301,-5.43162,12.681,10.6532,5.06318,7.66698,2.49966,1.23893,-12.1614,-11.6599,76.616,-935.496,-299.632,-24640,20300,-12740
0.906094,2.03595,2.63252,-8.1733,3.32482,4.11093,-5.82655,-3.40992,2.78691,-0.895606,-2.12512,2.35585,3.33513,4.88328,-12.6419,-0.235761,78.08,-932.568,-304.024,-25200,20160,-12740
-2.23688,1.78267,3.13319,-8.25806,-2.08938,5.99135,-4.76674,0.712346,-0.519343,-1.02059,1.45213,-1.42501,4.73203,6.64178,-14.3326,2.15044,79.056,-933.056,-301.096,-25340,19040,-12740
-5.67812,-5.65425,1.25478,-13.1468,-8.51602,5.84145,-8.48006,1.97632,-8.47552,-2.79485,2.42634,-7.07575,3.14572,6.2623,-15.7956,2.00646,81.008,-933.056,-299.144,-26320,17780,-12600
-8.0676,-10.6997,1.1878,-11.9902,-0.96796,1.95802,-2.82335,-0.127583,-12.4406,-4.1648,-1.65416,-5.33527,0.772134,5.36171,-6.20379,2.75193,81.496,-933.544,-303.536,-26320,15680,-12320
-4.72761,-10.2518,0.270574,-8.60114,0.989218,2.00967,3.31143,3.2879,-7.59195,-2.38508,-2.18295,-3.20858,0.0416192,3.51391,0.852516,6.48059,81.496,-936.96,-306.464,-26040,13860,-12180
-5.6525,-7.34263,-5.68431,-1.37557,-0.911934,0.26961,9.35941,5.172,-4.74449,-9.28918,-11.3344,-6.28966,-6.75302,-1.80153,8.51234,9.53415,82.472,-943.792,-313.296,-24780,11340,-11620
-5.19579,-2.42929,-1.82433,6.31147,4.16865,3.97198,13.1179,6.80082,-3.89087,-9.72908,-10.3343,-2.16856,-3.3795,4.92802,13.0849,11.7304,85.4,-945.744,-319.152,-24220,8960,-11200
0.081454,-4.18316,6.07121,1.95651,6.029,8.34662,7.07279,3.69946,-3.49034,1.06928,3.42698,1.81101,6.87588,8.56973,4.39091,7.08448,84.912,-950.136,-322.568,-22540,7280,-10500
-1.1169,-8.74196,1.45118,-12.5722,-7.95266,-1.88527,-13.5244,-7.04537,-3.19897,1.83391,3.37106,-3.65385,2.26089,-3.544,-15.2689,-10.0276,89.304,-952.576,-324.52,-20860,5600,-9800
6.31645,6.23031,1.05003,2.3996,-2.34147,-3.67225,-7.67412,-3.17564,8.12536,5.97773,4.4554,3.84718,-0.134995,-5.08609,-3.08766,-7.22977,89.304,-957.456,-329.888,-19460,4340,-9520
-0.26152,4.38674,-2.6311,6.55966,0.988949,-1.87415,0.269126,-0.271278,3.64127,-1.65222,-1.28955,1.31456,-1.60112,-2.8997,6.06599,-2.2514,89.792,-959.896,-330.376,-16940,2800,-8680
-3.95812,5.50045,-3.77699,12.955,5.08278,1.89411,8.20771,6.66903,0.00746661,-3.38121,-1.81444,-0.0221066,-0.80074,-1.37366,16.3615,5.34329,90.28,-962.336,-332.328,-14840,700,-7560
-2.0723,3.6188,-3.60965,13.4687,4.33645,-0.216263,9.12147,6.38324,-0.127483,-2.17954,-2.99308,-0.937238,-3.16577,-1.34596,16.5164,5.36566,90.28,-967.704,-332.816,-11760,-1260,-6440
0.473899,2.48233,-6.31748,6.82669,-0.660775,-2.45276,7.41809,6.67223,7.04758,-2.49671,-2.97312,-2.21889,-6.45204,-5.27969,12.3043,4.04403,90.28,-967.704,-333.304,-8680,-2520,-5180
3.98687,3.78709,-5.05726,1.79635,-4.80521,-6.24802,1.29361,1.72757,9.30109,1.23318,3.00512,-0.582273,-4.78145,-7.76475,3.48756,-1.39177,87.352,-966.728,-336.232,-6300,-4060,-4200
3.7722,3.22996,-0.703941,-0.0347461,-2.35464,-4.62521,-2.98902,-3.56953,3.48122,0.557524,-0.628574,1.67141,-1.68385,-1.93121,-6.04189,-4.51267,90.28,-967.216,-334.768,-3500,-5180,-2800
1.67578,1.27873,-1.42413,0.790316,0.809814,-1.14172,0.947098,0.811351,-1.14453,-1.9932,-2.72468,0.713661,-1.51673,0.0429607,-4.01273,0.123304,86.376,-969.168,-332.328,-2240,-5460,-2100
1.91074,-0.686876,1.98334,-1.65647,1.33422,0.857731,-2.81911,-0.0344031,-4.1355,1.87855,6.19034,2.13413,4.85094,-0.557628,-6.55215,-3.19134,86.376,-970.144,-325.984,-280,-6160,-840
-14.4696,-13.7357,-7.89234,-12.4138,-9.69856,-5.66021,-7.42643,-4.50269,-19.4426,-11.1077,-5.82269,-12.0518,-2.77339,-11.7255,-11.5991,-8.77419,84.424,-971.608,-329.4,2240,-6860,280
-15.2341,-14.0083,-8.23205,-8.19843,-8.70762,-2.20869,0.313087,1.2225,-17.8507,-12.7206,-6.94493,-12.637,-3.45113,-10.0635,-0.646076,-2.40854,82.96,-971.12,-331.352,3780,-7700,1120
-4.23097,-1.59713,-2.34225,-2.06265,-4.47111,-0.652432,-1.21607,-2.88728,-5.81612,-3.78592,1.69854,-4.10393,-1.38229,-4.32602,0.788994,-2.75577,82.96,-972.584,-332.328,6440,-8120,2240
2.96261,0.0192381,4.96353,-4.69685,0.93448,4.85236,-3.22097,-1.56259,-5.29052,6.4939,9.07267,2.52365,4.7074,4.6311,-6.39434,-0.223415,79.544,-972.584,-333.792,8400,-8260,2940
1.56975,-12.1753,6.87848,-14.3395,-0.727116,5.88307,-6.9974,-1.41839,-14.135,8.85874,7.55851,-0.561125,7.53173,8.68987,-15.2067,0.293827,77.104,-976,-331.352,10220,-8120,3920
4.22601,-6.07735,5.94907,-12.1082,-0.933727,3.17957,-8.08883,-3.40817,-2.3615,7.68632,2.4407,1.27367,5.04406,7.81162,-16.6303,-0.350584,78.568,-971.608,-333.792,11480,-7700,4620
5.1052,1.33902,5.1424,-1.1301,5.21778,3.66328,-0.159471,-0.804509,5.74804,7.42993,2.75234,3.78608,4.3577,6.98829,-3.96416,2.54392,73.2,-970.144,-331.84,12320,-7140,5040
-11.0496,-9.79817,-7.1563,-7.9986,-5.87012,-3.53891,-5.39918,-5.10449,-5.40369,-8.49171,-5.57647,-9.71961,-4.93118,-4.13617,-4.70035,-4.82637,68.32,-973.072,-333.304,13860,-6860,6020
-9.61149,-1.87861,-3.97931,1.0625,-2.7144,-2.04359,-2.59192,-4.03643,3.93034,-7.73077,-3.34885,-4.43068,-2.80813,-2.10634,7.23783,-6.26042,66.856,-970.144,-332.328,14560,-6300,6160
-0.699261,12.9668,5.44944,19.9205,14.4999,3.86698,10.0362,0.527793,12.9615,0.98024,-1.63733,8.80761,0.811789,8.48621,22.4009,2.43303,66.368,-970.144,-329.4,15400,-5460,6580
12.18,19.8683,8.46834,15.2663,10.5398,2.47645,-0.0187024,0.306394,25.2366,7.38957,-3.86969,15.8896,-1.91236,8.51789,5.38163,-0.200245,66.368,-968.68,-332.816,15960,-5320,7000
25.9387,26.7195,10.672,13.2053,6.90459,3.32805,-1.86944,5.22104,37.0462,17.2825,6.35156,21.3091,3.53157,4.84579,-1.90754,2.71735,61.976,-966.24,-331.84,16240,-4900,7000
22.0428,26.7211,7.60355,18.228,8.33701,-3.44832,7.84803,2.33596,28.7934,17.4354,9.05313,17.1508,3.72224,-2.55252,8.19615,4.7332,62.464,-964.776,-331.352,16520,-4340,7280
6.16676,10.8242,6.90176,17.9646,11.8655,-0.45372,22.2941,5.82408,3.16146,9.11544,5.23071,7.72073,2.92142,6.40261,22.3242,14.0721,65.392,-966.728,-328.424,16520,-3920,7280
5.07273,4.90749,9.82034,12.8714,12.8713,8.19856,18.1082,8.17216,-1.05222,5.74028,2.5684,8.75425,5.05485,17.6769,14.9269,18.5866,62.952,-966.728,-326.472,16240,-3360,7280
8.15805,7.31198,4.17086,5.49446,9.98796,-5.79092,4.65333,-3.38687,4.29682,3.80283,-1.20113,9.77857,-0.225478,1.15687,0.846641,5.29463,66.856,-965.264,-323.544,15820,-3220,7420
-0.631115,3.56979,-3.44638,10.1971,8.12638,-9.23112,9.94726,-3.17206,-2.86052,-3.0235,-2.28588,2.15582,-1.60605,-10.4982,12.7538,1.81095,69.784,-967.216,-322.568,15680,-3220,7420
3.77971,2.90803,-4.06115,6.66145,-7.93998,-1.85547,4.22858,1.65783,5.77039,-0.434342,0.923474,-2.92987,-1.64688,-3.82902,11.1948,0.476024,68.808,-965.752,-321.104,15540,-3920,7560
12.8665,8.88967,5.85064,5.579,1.18788,12.8948,9.76545,11.0013,12.81,7.54575,9.03821,7.04167,7.64411,12.5207,14.6363,10.1034,67.832,-968.192,-317.2,15820,-4900,7840
-0.179777,-2.66926,1.16887,-7.93944,2.3238,6.875,-1.26042,0.476245,-3.12317,-1.37886,2.9145,-0.423189,6.72489,5.47157,0.478345,-0.75237,70.272,-965.752,-318.664,16380,-5740,7980
-19.1647,-20.9838,-11.473,-20.1389,-11.6669,-1.27333,-13.2744,-5.53022,-22.3908,-16.3037,-7.49983,-18.2901,-2.95273,-5.99537,-14.0938,-10.9724,69.784,-966.728,-316.712,17220,-6860,8400
-16.5894,-20.7447,-10.9799,-16.7961,-14.2746,-2.13542,-13.2648,-4.63421,-18.9191,-14.1775,-6.00924,-18.882,-4.85959,-6.49907,-14.7727,-10.8718,69.296,-966.728,-311.832,17780,-7700,8400
-11.8529,-17.075,-10.0915,-16.402,-13.8533,-3.24401,-10.444,-2.54637,-10.184,-12.5409,-3.85084,-16.2283,-5.53506,-8.25218,-13.6847,-8.08864,73.2,-963.8,-311.344,18340,-8680,8540
-11.5699,-18.3072,-5.88399,-17.6844,-12.6078,0.728036,-9.64427,-1.13006,-13.1519,-10.4061,-3.08824,-13.7696,-3.21771,-5.51391,-13.3837,-5.12599,70.272,-967.704,-312.32,18900,-9240,8680
-8.87437,-20.2359,-4.10059,-20.8973,-15.742,1.02867,-13.7775,-0.0289396,-17.135,-5.91349,-0.576655,-14.7818,-1.09687,-5.35623,-17.2964,-6.50872,71.248,-964.288,-310.368,19600,-10360,8540
-15.971,-26.6017,-9.48353,-23.3725,-15.3566,-11.051,-14.7932,-5.62887,-29.9098,-11.7361,-9.30685,-18.8196,-8.20386,-12.895,-19.1882,-9.85167,69.784,-960.872,-310.368,20300,-11200,8820
-5.35261,-13.9342,-5.33582,-11.8454,-5.29669,-15.0676,-8.84004,-6.48721,-18.0868,-4.26861,-7.82263,-6.88191,-8.68521,-15.6383,-14.4184,-9.11044,72.224,-960.872,-312.32,21000,-11760,8680
-1.91292,-7.71392,-5.635,-10.6506,-15.6282,-6.92789,-18.4698,-11.118,-7.85978,-6.74639,-6.87338,-4.00081,-6.40824,-9.76568,-19.7642,-16.3901,70.76,-959.408,-310.368,21700,-13020,8680
-1.10512,2.81149,3.12373,-3.94044,-4.85389,8.86097,-13.3227,-3.59009,-1.77679,-3.87576,-1.45367,5.48819,3.37412,7.59748,-13.825,-7.66097,72.224,-955.504,-308.416,21560,-13440,8540
-22.8504,-16.0476,-11.5607,-21.7694,-9.63627,3.83727,-18.0117,-1.55038,-19.6652,-17.0771,-10.7329,-13.3195,-3.72505,-7.95703,-25.6974,-8.83694,71.248,-958.432,-306.464,22120,-13860,8540
-29.5358,-19.1559,-13.01,-14.4679,-10.2551,2.79607,-12.2582,-0.600981,-26.2261,-16.8201,-14.5474,-17.6871,-5.67384,-4.73567,-19.3105,-5.04466,74.176,-955.992,-308.904,21840,-13860,8400
-2.58331,7.10456,4.97455,9.24901,5.18598,8.51369,5.4841,6.03005,0.326167,6.60817,-1.55231,4.32434,1.03731,8.72099,3.18843,6.86214,71.248,-952.088,-304.512,21980,-13720,8540
12.0097,14.0261,6.6443,12.7695,14.5362,-0.0612493,13.1,3.11104,14.4545,12.7215,3.10319,13.0727,-2.68401,-0.386635,9.52683,8.96317,73.688,-953.552,-300.12,21840,-13720,8540
14.0745,23.4514,-5.15098,32.1873,27.5099,-26.0937,25.1462,-3.0008,21.5736,5.70209,-0.0702832,17.4367,-15.9967,-20.1461,26.955,7.93997,70.76,-950.624,-302.072,22120,-14000,8400
18.0465,33.0846,-9.82752,41.4065,16.1551,-36.1596,23.83,-1.60524,30.5217,9.98142,9.32717,15.4165,-15.4139,-28.1344,38.476,5.02199,68.32,-949.16,-297.192,22120,-14140,8960
18.7714,28.9911,7.32925,30.3915,-3.05012,2.41032,22.5465,16.0506,28.6553,20.0029,22.7927,10.5442,12.2987,7.3401,39.0394,16.7011,68.808,-954.04,-294.752,21980,-14700,8820
16.8231,19.4914,19.7296,10.6368,-0.657297,28.848,16.3735,20.2582,22.9924,22.0452,23.2724,8.76905,26.8629,29.2411,23.2508,17.8249,69.296,-951.112,-294.752,21980,-14840,9100
15.4786,13.6081,16.93,-2.6092,7.32299,22.2563,0.920401,6.61043,22.47,13.5828,7.19849,9.90336,15.5616,24.2217,2.74722,4.94312,69.296,-952.576,-294.752,21980,-14980,9100
8.62235,7.2786,13.9893,-0.444013,16.3323,17.0906,0.332822,-0.318346,9.77924,5.72098,1.6616,11.7119,11.4361,21.7775,-2.95955,3.7122,68.32,-953.552,-296.216,21420,-14560,9380
8.27272,11.1784,15.8938,14.9295,23.5076,16.4622,12.3027,0.578048,6.71777,9.12638,9.53402,13.8097,15.7843,19.8214,11.6833,9.60286,69.296,-955.504,-297.68,20720,-13860,9520
12.3295,8.19353,16.1155,13.6473,17.442,8.3049,10.3774,-4.16768,6.11495,12.6763,5.27596,12.9777,10.577,22.1068,9.34218,8.61371,71.248,-955.504,-294.264,20160,-12880,9520
18.7628,4.84725,16.7682,7.46221,16.9543,9.55891,13.9921,3.63874,12.3412,15.0118,6.9708,14.9893,10.0171,24.4056,9.772,15.5166,67.832,-957.944,-292.8,19880,-12740,9800
4.77826,-8.16651,3.50728,-10.1057,-2.51048,3.07961,-4.27715,-4.50895,-1.11688,3.00939,4.34377,-0.834847,4.90837,2.35044,-3.62939,-2.14136,67.344,-955.504,-294.752,20300,-12740,10220
-11.7811,-17.8944,-8.13153,-14.3389,-12.5023,-4.87859,-9.17349,-5.6244,-12.2086,-8.65476,-4.45172,-14.2353,-6.4617,-10.9657,-3.68276,-10.3058,69.296,-957.944,-292.312,20720,-12880,10920
-9.56127,-12.3541,-9.23293,-5.85202,-4.46557,-10.2635,-2.12427,-1.41929,-9.63926,-10.705,-16.6627,-6.8537,-16.4195,-9.59173,-4.7251,-1.92534,65.392,-957.456,-292.8,21140,-12880,11200
-2.9592,-4.50336,-5.86673,-4.71235,-1.38147,-8.58601,-2.85055,-1.56479,-6.07236,-8.43461,-10.4033,2.73732,-8.73132,-7.58505,-11.7948,-1.35874,69.296,-954.528,-291.824,21560,-12880,11480
0.0315945,5.81813,-5.66254,7.68057,2.00995,-3.23645,9.65636,4.27482,4.79505,-8.36347,-4.27111,2.92878,-3.69971,-6.49645,9.88073,4.62885,71.248,-960.872,-299.144,21420,-12740,11900
-0.884262,5.86215,-3.79604,7.30726,0.703939,-3.31332,6.15313,2.41726,4.18726,-4.66599,-6.96408,0.538581,-5.03597,-4.64414,10.0109,1.22122,72.224,-958.432,-300.608,21420,-12180,12460
-8.9262,-2.74817,-8.60846,-0.0857909,-9.18372,-8.49923,-11.2741,-4.33776,-2.45179,-12.6869,-9.66118,-6.43858,-6.50585,-7.70213,1.74202,-13.8262,69.296,-957.944,-299.144,21980,-12180,12740
-8.88193,-4.8973,-8.33902,-2.13693,-9.95534,-6.98208,-18.1775,-5.3919,-9.27835,-8.88527,-1.55732,-7.35714,-3.73276,-10.8134,-7.90342,-15.3239,67.344,-964.776,-298.168,22680,-12040,13440
-11.6868,-16.9904,-8.3414,-19.8005,-18.82,-5.55546,-24.8528,-9.16808,-18.1438,-7.2914,-0.369657,-14.4963,-3.28815,-11.0859,-27.6978,-15.7025,64.904,-960.384,-297.192,23380,-12460,14000
-2.28224,-4.82343,-3.08409,-6.92512,-4.47236,-7.79518,-10.8493,-6.98737,-8.23197,-2.62052,1.85534,-2.88224,-1.3963,-6.79723,-20.4813,-7.44153,64.416,-959.408,-292.8,24500,-13160,14280
-3.81147,-6.45707,-13.0688,-9.15934,-10.7236,-21.0044,-11.1687,-11.1837,-4.9134,-4.74374,-1.17168,-9.65762,-11.4862,-25.2178,-20.1018,-12.4918,61,-959.896,-289.872,25900,-13860,14560
-1.32343,-2.59979,-7.98388,-7.4729,-14.831,-7.28726,-4.93593,-0.872558,-1.06907,-0.574289,4.74255,-7.58132,-4.01184,-13.3902,-7.88109,-3.1907,61,-959.896,-290.848,26740,-14420,14840
1.60961,-0.402342,1.65552,-4.82753,-9.4264,7.83199,1.88097,4.42228,1.47769,4.75063,5.85278,-2.85517,3.97714,4.13416,2.20231,5.18279,68.808,-961.36,-298.168,27300,-14700,14840
-9.32656,-12.3591,1.66173,-14.9376,-6.34915,8.9492,-5.82844,0.941292,-13.8275,-2.43327,-2.66632,-7.64646,3.66327,5.57099,-7.85474,-0.57667,65.88,-962.824,-293.288,27300,-13580,14840
-16.5104,-21.4166,-1.2951,-21.0065,-5.89173,8.42251,-6.37308,4.12731,-20.8728,-5.6487,-1.41488,-12.5329,3.17759,2.44718,-13.3117,0.558198,61,-965.264,-288.896,27300,-12600,14840
-16.5183,-17.7067,-3.73771,-18.8424,-7.35643,4.47509,-4.81731,2.50467,-17.4014,-6.2005,-8.26372,-12.7659,-2.00661,0.354024,-13.8144,0.423101,57.584,-962.824,-284.504,28280,-12320,14700
-9.61688,-2.82242,0.910954,-3.37678,3.31308,8.62959,6.43517,8.14251,-11.3645,-5.32001,-10.9537,-2.97038,-1.51584,6.98817,1.07586,7.32676,58.072,-960.872,-285.48,28560,-12740,14840
-2.48834,-2.56403,-0.118344,0.101124,2.68672,5.3336,7.10729,5.99386,-8.25519,-2.69834,-4.92797,-2.01263,-1.81053,4.00632,4.88959,5.99732,55.632,-963.312,-286.456,28140,-12180,14840
6.36204,1.41755,2.52866,1.9567,3.08483,-0.779406,2.0207,-1.77244,3.32863,2.87815,2.52048,2.87002,1.4617,2.04596,2.65552,-1.88152,56.12,-963.312,-285.968,28420,-12180,14700
5.25909,4.29319,-0.269266,6.30625,3.10538,-4.69806,-1.27551,-5.20994,8.72688,1.28993,3.21336,1.64,0.290374,-3.21785,5.1121,-6.89062,56.608,-962.824,-287.92,29260,-12320,14700
1.17453,8.00266,0.586844,12.3462,8.11804,-2.62962,1.23801,-1.02358,3.04878,-1.70581,-0.465219,4.15621,-0.56153,0.400078,7.01813,-1.36241,52.216,-962.824,-289.872,29120,-12040,14560
12.2271,11.6581,3.49246,11.3187,8.50976,0.331887,6.6124,5.87622,13.892,6.39124,5.00914,8.62497,0.379724,2.94172,9.01563,5.63134,51.728,-965.752,-289.384,29260,-11900,14000
20.3774,19.835,8.11376,20.9022,15.6603,4.57665,14.4851,5.02766,20.2626,10.841,7.02147,14.9599,4.584,8.72863,18.615,9.55649,50.752,-975.512,-292.8,29400,-11900,14000
12.7984,16.9743,7.02693,21.4408,14.8876,6.36023,15.7382,1.25161,13.5811,6.60679,5.4215,11.2229,6.29392,8.45191,21.0472,8.62493,48.312,-971.12,-291.336,30100,-12320,13580
7.79143,10.6685,6.13112,11.975,7.5529,4.76714,7.6072,1.25888,11.0645,8.8148,10.4714,7.08442,7.76205,5.29051,12.7021,4.2031,44.408,-967.216,-288.408,30940,-13300,13440
3.83347,4.0841,3.32597,4.78037,1.15651,-1.88056,-1.06812,-3.89914,8.66949,6.61997,7.1463,2.92249,3.50032,1.14997,6.24175,-2.37706,45.872,-961.36,-286.944,32200,-14280,13300
10.2147,14.5663,7.70131,9.28807,8.7415,2.59024,4.3537,1.45209,20.7102,9.6663,4.93428,12.7259,5.07453,6.90891,5.67236,5.19946,46.36,-961.848,-289.384,32200,-14560,13160
7.46543,10.4263,7.01459,6.73627,11.6239,1.59515,8.56317,0.0675819,13.8825,5.91932,-1.96176,13.287,1.68417,7.7341,2.92844,7.61814,47.824,-963.8,-285.968,31500,-15120,12880
-1.18565,5.04858,6.14476,11.4205,9.62736,0.726876,6.98584,-4.38747,-0.661298,4.44825,-3.89822,8.83781,1.07889,6.67432,6.709,3.75458,44.408,-960.872,-285.968,31500,-16100,12460
-1.01045,5.8942,4.1623,6.62592,-1.51741,-2.3505,-6.48165,-6.38542,0.395024,7.72109,2.07521,6.11096,2.17741,-0.628453,-0.752171,-5.65434,46.848,-959.408,-291.336,31780,-17500,12180
-10.49,-11.3939,-10.3274,-17.1362,-19.284,-7.73747,-15.6639,-3.70525,-6.54081,-3.83427,-1.02143,-10.9622,-6.13658,-13.6729,-17.404,-8.81758,40.992,-958.92,-288.408,31080,-19040,12040
-19.8728,-24.9666,-17.0006,-26.5193,-21.2423,-5.37083,-10.0002,2.23837,-19.8979,-16.8755,-8.8274,-21.218,-9.47427,-13.0391,-17.338,-2.81694,42.456,-955.992,-286.944,30940,-20440,11760
-8.18509,-15.7623,-9.8349,-15.1153,-11.8361,-2.626,-1.8151,3.19869,-12.2255,-9.88343,-4.94947,-12.8989,-5.82208,-6.55225,-4.60907,0.962226,42.456,-956.48,-292.312,31080,-22960,11620
-3.58358,-9.99327,-3.94255,-11.412,-3.70102,-0.229375,-1.75014,1.24325,-5.18836,-8.86189,-6.71877,-5.59782,-4.0315,0.519595,-6.35459,1.23555,43.432,-962.824,-293.288,30520,-24500,11200
-1.03718,-3.96408,0.501576,-0.259235,7.83212,3.83748,7.94044,6.44894,-9.20858,-5.85571,-3.33409,2.41282,-0.882566,4.91634,4.33017,7.15874,46.848,-969.168,-288.896,30100,-26320,10640
4.45446,12.0203,6.65648,15.1391,12.1175,1.79864,7.38895,1.4961,-2.96592,0.39083,-0.126016,9.86903,2.40234,6.28446,10.8753,2.68949,47.336,-965.752,-284.992,30520,-28560,10080
4.71226,7.18936,7.77971,8.83275,6.62649,2.45312,2.76335,1.40931,-1.39358,5.40742,4.53511,6.71894,7.26523,4.57469,4.46771,-2.01325,47.336,-971.12,-281.088,30800,-29680,9940
-5.82094,-10.4292,-3.58313,-6.45929,-7.29923,-4.33615,-7.06196,-1.25134,-9.55143,-2.43278,-0.301109,-7.37108,-1.01458,-7.34377,-5.38886,-9.81767,48.312,-973.56,-281.088,31220,-31780,10080
0.623392,-5.19115,-4.14909,-9.50817,-11.7291,-6.5445,-12.9684,-2.54941,3.06138,-0.108212,0.681658,-5.20893,-2.84627,-9.43036,-12.6088,-11.8544,51.728,-976,-277.184,31080,-32900,10080
7.12907,5.4577,-1.25999,0.0546797,-6.12009,-1.4484,-2.56792,1.38514,15.4604,5.49556,6.10466,-0.108738,1.25132,-3.88161,0.317504,-1.66855,53.192,-973.072,-274.744,31220,-33040,9800
4.73099,1.92273,2.68589,-1.79867,-1.3544,2.23202,0.405294,-0.844525,7.96293,5.25392,4.48947,-0.239461,2.60408,3.1988,0.714004,2.03984,49.776,-975.024,-274.744,31220,-32620,9240
4.92517,-1.72275,3.36594,-5.31979,-0.945919,3.01766,-2.81375,-3.82677,2.49844,5.37954,5.02479,-0.983371,2.9686,2.51738,-6.76055,-0.43166,46.848,-972.584,-264.008,31780,-32760,9100
3.90804,-0.461998,0.773894,-7.17379,-2.88566,0.269019,-11.6075,-8.26468,3.37407,0.941663,1.62918,-1.46138,0.597578,-0.982311,-18.3158,-7.00193,45.384,-971.12,-265.96,32480,-33320,9100
-8.38481,-4.26375,-7.55982,-4.13573,-4.07179,-2.15958,-6.2572,-5.61117,-7.05565,-11.374,-5.82613,-8.966,-4.94866,-4.22287,-7.78089,-4.73102,47.336,-968.68,-268.4,32340,-33180,8680
-8.29536,-5.23317,-7.55652,-1.09383,-5.87497,-2.41231,0.177291,-0.115003,-8.81142,-10.8751,-3.17577,-11.1602,-4.41303,-5.93802,6.18477,-0.348599,48.8,-967.704,-268.4,31920,-33180,8260
-2.18038,-1.37408,-1.41803,-0.0572074,-2.1854,-1.62728,1.59309,0.113612,-5.01169,-6.23966,-2.01366,-4.8603,-2.24295,-2.41372,3.48472,1.46699,49.776,-965.264,-269.376,31640,-33040,7980
-2.51908,-4.56294,0.68078,-2.04341,0.555393,0.132173,1.08282,1.24622,-10.6771,-4.26715,-3.86574,-1.99148,-2.07509,0.55764,-0.434308,2.68739,48.8,-959.896,-263.52,31780,-33460,7420
1.03666,-3.1887,2.86998,1.84403,8.08385,4.11525,8.22633,8.14779,-10.0232,-0.987127,-9.49464,4.6286,-3.89946,5.67996,3.03181,9.85547,44.896,-955.016,-265.472,31780,-35700,7420
5.06299,10.1519,5.43642,19.0823,20.3409,7.72377,18.9098,8.28996,1.81078,-1.3992,-9.36144,13.0695,-2.20703,12.1591,17.8862,13.5775,45.872,-959.896,-270.84,31080,-37100,7420
11.7941,18.0315,7.90098,15.5619,12.7192,6.4685,7.30259,3.02892,23.2749,8.87883,5.02507,14.613,7.67395,7.25745,8.27482,3.03061,46.36,-957.944,-267.912,30520,-37940,7000
2.68274,3.72296,0.93404,-1.24848,-4.21844,0.553767,-1.79079,0.986417,15.4225,8.59588,5.37829,2.08541,4.64621,0.416331,-0.0626302,-0.507128,44.408,-957.456,-268.4,31360,-39200,6720
-0.834197,5.55748,5.46972,6.88383,4.87521,5.64149,6.85493,4.67156,4.48568,12.4283,9.44212,4.62195,8.7761,7.1159,10.7179,8.43161,46.848,-956.48,-264.008,30800,-40040,6440
-16.8009,-5.67763,-2.42084,1.84206,0.992013,2.72564,3.42251,1.77683,-10.5596,-1.83192,0.777579,-6.20611,2.46346,2.80796,6.82167,5.42483,48.8,-955.016,-266.448,30100,-40460,5880
-6.23191,-6.85538,1.36487,-7.3986,-0.098771,2.71347,0.339254,1.80657,-5.01056,3.65765,3.4204,-1.21675,1.55166,4.00992,-2.78365,3.80637,48.8,-954.04,-259.616,29960,-40600,5180
3.47854,-0.403242,4.33762,-3.68828,3.30501,2.81612,0.422737,0.844775,1.93321,7.67347,6.75496,4.90244,3.41015,5.73499,-0.648524,0.68217,44.408,-952.088,-256.688,29400,-40460,4620
7.17422,5.40364,2.0155,6.41338,3.49522,-2.47775,0.444126,-3.16417,2.79732,2.45847,1.70371,5.28139,-1.72519,0.969798,6.43574,-4.6622,44.408,-947.696,-259.128,29400,-40320,4060
11.0565,13.9141,-1.75271,8.13705,-0.870002,-9.74234,-4.96297,-7.18039,10.7434,0.186105,-0.0875867,5.10633,-4.30833,-10.4802,-2.59846,-11.6927,40.504,-952.088,-253.76,29120,-40600,3780
-5.69863,-5.1103,-10.676,-5.52167,-9.32074,-8.97423,-6.56246,-4.97468,-12.0524,-9.88897,-4.60757,-8.13164,-6.15865,-15.4086,-10.7773,-10.8694,41.48,-954.528,-258.64,28420,-41300,3360
-10.6187,-8.87957,-11.2972,-5.03235,-8.4479,-12.4888,-6.83671,-10.7752,-16.2488,-12.5323,-13.354,-9.39182,-11.7203,-18.8287,-9.10836,-12.8508,43.92,-965.264,-261.568,28140,-40320,2940
-0.11062,-2.92342,-7.16113,-6.51931,-12.1602,-13.5647,-16.3318,-9.30543,-1.0808,-4.4437,-4.84177,-2.73053,-8.69732,-17.5886,-15.4405,-16.2171,47.824,-963.312,-266.936,28000,-39060,2940
1.23756,-7.84647,-6.9323,-12.5988,-15.5388,-14.2102,-14.2614,-9.00136,-1.3924,-0.670896,2.93969,-4.78733,-5.39769,-14.4998,-12.7339,-10.6225,45.872,-962.824,-260.592,27440,-37240,2800
2.63395,4.13319,0.845578,-2.04469,-6.0819,-3.67292,-2.59361,0.907402,7.80984,5.81426,11.1609,0.511676,4.2169,-2.16174,2.6514,0.818819,40.504,-958.432,-257.664,27300,-36680,2800
6.48196,10.7513,5.79754,6.41765,1.19502,8.37665,5.65229,7.18787,18.7384,6.74744,5.24826,3.49535,6.66359,9.49988,11.7604,8.31669,37.088,-951.6,-249.856,25480,-35280,2940
-4.951,-7.11208,3.08692,-4.75762,2.79917,12.8892,5.15633,5.43317,-5.0883,-4.55808,-8.25726,-4.10988,3.29467,13.7138,2.37793,9.48064,34.648,-953.064,-246.928,23800,-34580,2660
-13.8886,-20.2934,-3.36362,-18.7543,-2.97105,9.23599,-3.29109,1.91535,-18.3113,-10.3995,-6.59464,-11.7317,1.29198,6.39315,-11.3196,2.53441,30.256,-953.064,-242.536,22400,-34300,2240
-5.86083,-7.33632,-0.466865,-6.30577,0.493958,7.13737,1.93945,2.40504,1.7502,-4.58793,-1.60257,-5.52579,0.993064,7.8922,-1.18699,4.39364,31.72,-955.992,-246.44,21280,-35280,1400
10.1053,16.6268,12.9313,23.2972,20.3728,15.3614,20.0828,9.91927,15.986,9.98099,5.41251,14.7618,8.6064,19.3367,25.9348,17.0909,32.208,-959.408,-254.248,20580,-35700,980
8.00524,11.1426,11.4543,16.3727,17.6734,10.7788,20.0205,7.49916,11.7988,9.06525,5.19468,12.1304,8.28443,16.3318,20.1212,16.6176,37.088,-963.8,-255.224,19460,-35420,560
-3.39526,-6.91006,2.879,-8.43355,0.95173,0.375312,0.225688,2.67567,-6.07388,0.348115,-0.880514,-1.15215,2.22634,5.7197,-10.6978,4.19256,34.16,-964.288,-259.128,19460,-35140,140
6.78181,1.96214,6.19012,3.70689,10.3911,2.77014,6.26602,6.15958,-1.84508,4.12172,-1.77795,6.55162,1.56166,9.34045,-1.78448,6.75208,34.16,-966.728,-264.008,19880,-35000,-420
8.63197,1.0127,0.822402,0.13884,3.49721,-7.2815,-4.27684,-3.5613,-1.06677,1.58724,-3.49055,4.15307,-3.57671,-2.21031,-8.6995,-5.43598,34.648,-967.216,-265.472,21280,-34860,-700
-4.73136,-5.06437,-6.31129,-2.18913,-6.13,-8.33078,-9.06569,-4.68492,-10.7711,-6.53066,-2.59522,-6.51368,-2.23543,-10.1522,-5.08499,-10.6837,30.256,-967.216,-264.496,22540,-35280,-840
-10.9518,-8.04229,-6.12298,1.55486,-4.12432,-2.36115,-3.36021,0.613963,-17.5067,-8.12824,-0.120862,-8.51008,-0.486608,-10.4709,2.22357,-5.76104,29.768,-965.752,-270.352,23940,-36120,-840
-6.27094,-2.90695,-9.86112,4.36899,-3.57338,-14.6931,-6.36073,-8.54156,-13.0955,-6.05178,-2.57528,-5.25663,-9.36325,-27.0607,0.160175,-11.7551,29.768,-965.264,-271.816,24920,-36820,-980
15.469,15.2001,3.67305,9.45769,-5.68193,-4.71773,0.755754,1.88473,17.841,9.74795,8.31487,7.70756,1.80286,-3.96616,4.81228,0.153751,27.328,-961.848,-271.816,26600,-38220,-980
8.97872,-1.68904,4.94112,-13.2892,-16.4821,4.23467,-9.90668,0.174148,6.47485,7.03844,6.7837,-1.87916,4.97546,8.65496,-11.0537,-2.39614,23.424,-958.92,-271.816,28560,-39900,-1260
0.400679,-11.0927,4.79947,-21.4806,-5.02337,9.7842,-11.4264,-2.65461,-5.6408,3.50516,7.29544,-3.1146,7.10717,5.87245,-15.5595,-5.73572,20.984,-960.872,-268.888,29120,-41160,-1400
-3.28752,-4.80126,0.587324,-7.05538,0.722702,-1.74256,-11.1187,-11.5061,-0.273865,-1.11007,2.13929,0.263054,0.509315,-4.56289,-9.39839,-13.7667,22.936,-958.92,-272.792,29820,-42840,-2100
-12.1192,-5.0791,-4.34655,0.912982,-4.13613,-1.26215,-3.94794,-3.82702,-5.10828,-7.546,-1.97472,-3.84436,-2.51422,-1.14939,0.0950905,-5.05796,25.864,-965.752,-266.936,30240,-44100,-2660
-4.77921,5.87944,2.15577,8.34654,3.90269,9.71361,11.512,7.29501,1.56171,-2.02912,0.755716,4.35692,2.80061,13.2479,8.34656,13.771,24.4,-971.608,-268.4,31780,-45500,-3500
2.52931,7.84172,2.37566,5.24583,7.3312,6.94618,10.5709,3.26534,6.94435,1.39499,-0.963853,4.86763,-0.0753909,10.6368,7.80734,10.6622,22.936,-965.264,-268.888,33320,-46760,-4200
7.32311,10.655,-1.05295,7.1195,11.2645,2.59765,9.8976,3.12422,13.1632,0.37276,-11.9858,7.28137,-9.73639,5.43131,8.54075,7.292,24.888,-955.992,-271.328,34020,-46620,-4620
8.5841,15.6388,-11.6112,15.5221,14.0253,-15.4964,7.11433,-0.403154,19.2679,-2.79915,-14.3141,10.2201,-20.9762,-19.8487,9.26421,-1.50397,25.376,-957.456,-269.864,34580,-47600,-5040
-1.59832,14.0887,-20.5094,13.018,-6.17595,-26.2089,-4.5722,-5.53868,17.4161,-9.92542,-7.74824,-1.99335,-16.2921,-33.6861,0.788699,-11.0685,31.72,-960.384,-266.936,35420,-49700,-5460
2.86267,21.2193,-1.92918,23.5412,-6.9872,-3.04855,9.68041,7.73167,17.6572,2.59555,5.03727,-1.9352,3.8708,-2.27545,20.6201,6.77179,34.648,-960.872,-265.472,36540,-53060,-5740
-0.0911813,-5.78096,4.1141,-4.71967,-9.83639,8.19747,6.92881,8.56799,-1.95361,5.12033,6.68661,-9.79749,6.86389,8.25536,11.7487,9.92515,33.184,-962.336,-272.792,37660,-56840,-5600
-7.94177,-20.7617,5.57305,-18.179,1.45418,13.6463,6.08297,8.9023,-23.8823,1.57012,6.96248,-7.8709,9.6367,12.2925,0.415936,10.9356,39.04,-957.944,-270.84,39060,-58800,-5460
-11.8156,-24.954,4.71245,-17.5993,5.08158,9.41226,1.35967,1.80059,-30.0468,-2.11788,0.839336,-8.47114,7.27931,10.806,-6.21328,4.47663,39.528,-955.016,-278.16,40180,-60480,-5320
-6.93605,-13.2368,3.8008,-9.54132,3.4963,1.34565,-4.81486,-6.87367,-18.6219,-1.4024,-1.90063,-2.53825,4.91625,2.06923,-8.54555,-4.45233,46.36,-952.088,-280.112,41020,-60620,-5320
5.46278,6.20361,7.18961,3.26951,2.68767,-1.09481,-5.92397,-5.23244,1.80143,7.0956,5.21388,8.3709,6.90051,-0.610411,-4.33413,-6.35203,46.36,-951.112,-277.184,41580,-60620,-4900
-1.46428,-1.62243,2.15878,-6.56442,-7.34083,-3.25665,-11.5182,-6.25973,-2.74304,-0.105874,-1.02828,0.446344,1.17411,-0.274149,-14.5055,-7.63997,44.896,-948.184,-276.208,42700,-60620,-4620
-4.7813,-7.15734,0.818276,-9.00582,-5.18832,1.66634,-6.3729,-0.27801,-8.91319,-1.68513,-0.295978,-3.33482,0.723632,2.3785,-11.0211,-2.04005,50.752,-947.208,-266.936,43680,-60900,-4200
-0.157174,-4.89815,-0.342435,-3.89525,-0.856144,-0.196245,-2.1418,-2.26303,-1.43195,-0.583109,-0.189245,-1.92993,-1.54043,-0.686546,-6.78282,-2.64662,52.216,-951.112,-269.864,44240,-60760,-3780
4.56781,2.8392,0.741035,0.334793,1.34657,-2.31628,-1.6946,-4.9382,8.18211,1.5425,0.473948,2.00838,-0.781879,-0.268881,-4.55532,-3.47296,52.704,-950.136,-267.912,45080,-60760,-3500
11.6417,12.2344,6.05418,6.01636,4.61578,0.182886,-2.07685,-4.62872,15.4594,7.59064,3.29176,9.14235,3.50027,2.60859,-2.81493,-2.41039,48.8,-956.48,-263.032,44660,-59640,-3640
0.845143,1.76606,-3.07442,-0.250488,-5.09358,-4.24241,-6.5323,-3.65052,2.58132,-1.78732,-1.54941,-1.82858,-2.41523,-5.22937,-3.81146,-5.94513,49.776,-957.944,-256.688,45360,-58940,-3780
0.666736,0.878246,-3.76321,3.25658,-1.74612,-3.06364,0.683549,1.49983,-0.775173,-1.86609,-1.13067,-0.821421,-2.76465,-3.10792,2.4568,0.253093,45.872,-959.896,-256.688,45780,-58940,-3780
6.95639,11.4444,3.97726,13.8161,8.77962,0.821837,7.11513,3.08064,5.01679,4.52944,2.54214,9.38741,1.59083,5.38046,9.20726,4.93632,48.8,-961.36,-258.64,45640,-57680,-4340
-0.678382,-0.107156,-0.461101,5.86771,2.53527,0.902019,4.51347,1.7064,-4.70648,-0.286224,-0.252561,-0.23523,-0.00174524,2.83783,8.33816,3.74571,41.968,-968.68,-254.248,45780,-57120,-4620
-0.376183,-3.57372,0.562679,-2.01947,1.25566,6.66944,2.10153,5.80855,-6.02915,0.908563,1.44405,-0.709147,2.22258,4.39481,-0.791841,5.5707,39.528,-967.216,-251.32,45920,-56420,-5040
-7.07863,-13.216,-7.83825,-13.9931,-10.7699,-2.3965,-8.68594,-2.3853,-6.24221,-6.84215,-4.70865,-10.3791,-5.28174,-6.842,-8.03712,-5.1205,36.112,-973.56,-245.464,45360,-56700,-5740
-2.05784,-3.46201,-3.47892,-2.53624,-2.94639,1.4241,-0.2092,2.55784,4.85215,-2.46688,-0.734007,-2.68468,-1.60248,-2.45713,2.96417,0.0810161,31.72,-969.656,-247.904,45640,-57960,-6020
3.38894,6.40756,-0.0705478,7.79477,3.6883,1.9505,5.17844,2.70955,11.4537,1.00528,-1.45214,4.13106,-1.42064,1.77713,9.39533,3.39,29.768,-971.608,-247.904,45500,-59500,-6580
5.61709,9.30553,4.13482,9.27811,7.08225,2.50328,4.7628,0.913947,10.0596,3.11955,-0.151171,8.56397,0.64527,5.68594,8.22532,3.01752,32.696,-975.512,-254.736,45080,-59780,-7000
0.871063,0.263596,0.950197,-3.62954,-0.963715,-0.736332,-1.50827,0.499346,3.9991,-0.011282,1.46809,1.20995,-1.22439,-1.13454,-2.01331,-2.12228,28.792,-981.856,-256.688,43680,-58660,-7840
-3.94326,-10.1132,-4.04066,-11.7668,-6.36089,-3.55063,-1.76804,0.596612,-4.0014,-2.9125,0.113981,-6.92907,-3.83644,-6.40311,-3.6932,-2.65209,32.208,-980.88,-257.664,42980,-57820,-8820
1.25341,-1.67223,3.19343,-1.25508,0.578458,1.00977,0.54445,1.04471,0.977346,1.85414,2.22301,1.09711,3.03063,1.64602,1.74468,-0.959549,31.72,-982.344,-254.248,42980,-57400,-9100
-2.13301,6.16104,2.6953,10.6155,5.38472,2.0703,4.51017,0.00691454,-1.04162,-2.39254,-1.91874,2.16993,1.97399,3.87451,8.03082,0.459883,23.912,-980.88,-255.712,42980,-57680,-9660
-4.46689,6.59718,3.02258,8.30872,7.50935,1.65651,4.24058,-0.835825,-6.5034,-2.05738,-3.0399,3.15784,0.618137,4.23861,3.53412,0.958655,24.4,-980.392,-248.88,43400,-58800,-9800
-4.14277,0.69194,3.69295,0.456999,7.00032,4.28732,6.70555,3.27129,-6.08816,-0.122944,-1.87864,1.4584,2.35862,5.49145,2.12859,5.6599,27.328,-977.464,-256.2,43820,-60060,-10080
-9.12035,-8.93139,-8.11534,-7.22261,-7.58605,-4.35408,-1.86404,-0.770709,-8.13068,-7.64891,-4.44865,-10.3936,-4.80366,-8.2274,-2.04776,-1.01274,25.864,-976.488,-254.248,44240,-60060,-10080
1.57247,-4.46868,-4.75577,-6.16928,-6.83825,-4.62749,-2.72971,-0.0194802,2.64609,-0.487848,2.21944,-5.656,-1.88787,-8.12202,-4.48057,0.254851,24.4,-974.048,-259.616,44380,-59640,-10640
5.40587,-2.68309,-1.48591,-12.2208,-7.17742,-4.22188,-10.5543,-4.73984,2.416,1.92117,1.22994,-1.63676,-0.150075,-5.61945,-17.614,-4.61154,23.424,-975.024,-260.592,44100,-58520,-10360
1.89008,0.0498087,-3.61122,-8.59126,-7.6839,-6.63912,-14.0626,-8.23044,1.05204,-1.12348,-1.25828,-2.01961,-1.98341,-7.63154,-14.7836,-11.1023,18.056,-975.512,-257.176,45080,-58240,-9940
-4.99811,-0.821569,-5.96792,-0.149531,-2.4906,-3.70264,-1.41172,-0.038632,-4.65606,-4.4965,-0.00838885,-4.34938,-2.79499,-3.59396,0.0534873,-2.30907,18.056,-976.488,-259.128,44940,-57820,-9940
-4.24752,-0.636897,-0.308571,4.74657,1.85318,0.0113907,3.29966,0.563803,-5.8961,-1.23059,1.17557,-1.04999,0.361335,2.58648,5.03275,1.8219,14.152,-973.56,-257.664,44800,-56840,-10220
4.40736,11.7973,8.65028,17.2183,13.8172,7.40743,12.971,4.31734,4.50156,6.5345,3.28465,11.1752,5.15189,11.7486,13.9923,10.0219,17.08,-973.072,-256.688,44800,-56280,-10500
7.77018,11.7544,7.51012,14.2598,9.94686,3.56217,7.68783,0.468648,8.68416,8.87553,5.51559,11.4415,4.79025,6.73208,10.2695,5.20017,17.08,-973.072,-256.2,44800,-55440,-10360
6.08957,4.96353,5.62991,5.00488,2.18117,0.71032,-0.881357,-1.73693,7.93082,7.41204,5.10593,6.9044,4.9302,1.36155,2.09755,-1.2122,14.64,-974.536,-250.344,44520,-54460,-10500
-0.993317,-7.87459,-1.34512,-6.35744,-7.777,-2.03736,-4.27473,-0.0510175,-1.35646,1.55508,1.4352,-3.35065,0.937663,-4.90209,-4.31696,-2.92656,15.616,-972.096,-247.416,43400,-54460,-10920
-2.23998,-8.84931,-5.83549,-5.59334,-8.29947,-3.81197,-1.00783,0.886984,-2.15534,-3.08217,-2.00227,-6.91154,-3.59627,-5.66574,-0.509201,-0.396129,10.248,-970.632,-245.952,43400,-54880,-11200
5.76105,2.40231,-0.375135,4.05445,1.08433,1.09021,5.73389,3.49113,7.26112,1.10766,0.656764,1.67747,-0.206252,0.0479202,7.15867,4.75881,12.688,-973.072,-245.952,42980,-54740,-11760
7.3903,5.27368,0.892416,1.27498,-0.834173,1.88149,1.95711,3.38509,11.6898,2.55729,1.48748,2.10555,1.16134,0.0407645,2.47444,2.34465,13.664,-972.584,-246.928,42140,-53760,-12600
-3.25412,-5.9243,-4.05533,-13.3233,-11.1566,-2.74762,-11.1129,-3.15013,-2.8623,-3.86279,-3.79677,-5.84622,-2.11403,-3.6165,-16.2837,-6.61382,16.104,-974.048,-242.048,41440,-52640,-13020
-6.3508,-7.35779,-0.386954,-11.1655,-5.87306,0.975324,-8.53836,-1.92943,-9.3173,-2.70733,-1.59432,-5.12303,0.229717,-0.447874,-12.8674,-5.21214,12.2,-974.048,-241.072,40880,-52220,-13440
-4.82753,1.61642,3.24712,8.23008,9.64216,3.93022,9.74722,2.40111,-7.97687,-1.85649,-4.02745,1.3196,-0.799855,7.34726,11.9497,5.57034,13.176,-976,-242.048,40460,-52080,-13580
4.27151,10.2228,9.27002,16.2468,18.7206,7.97777,16.2702,5.98659,-0.78464,6.35712,1.91969,11.1563,3.88823,13.321,16.4091,10.8217,15.616,-973.56,-240.096,39620,-52220,-13860
-7.06279,-7.45451,-1.96093,-4.92898,2.51678,2.2887,3.4996,2.15684,-12.4074,-3.76759,-3.07751,-3.68636,-1.99903,2.4314,-2.67188,2.72615,15.128,-973.56,-247.416,39900,-52640,-14140
-8.08646,-9.52759,-6.82511,-9.68174,-5.007,-1.07864,-1.90054,-0.0567905,-8.22327,-4.87487,-3.40951,-9.14793,-4.47424,-2.2982,-4.429,-1.93054,15.616,-974.536,-242.536,39340,-52220,-14700
4.73832,7.5922,1.12749,3.68939,3.9751,3.32631,2.47968,2.91106,8.45376,4.22329,2.63512,2.9268,0.0690962,3.73985,2.7088,2.20742,17.08,-975.512,-245.952,38920,-52360,-15120
3.36758,1.96091,3.72827,-1.6405,3.06542,5.01439,-0.7753,1.89175,2.08092,1.53508,0.0539562,2.66076,1.87816,5.13914,-3.93738,2.57666,17.568,-974.048,-242.536,38360,-52640,-15400
1.06143,-3.8955,2.4682,-8.0907,-1.74861,5.50105,-5.76498,1.03632,-1.23381,-2.73677,-1.86906,-0.875458,2.31301,5.66992,-10.9989,1.91569,20.008,-982.344,-244.488,37800,-53200,-15820
7.51435,4.40401,4.94347,2.95936,4.16939,4.67342,-2.85672,-0.114783,6.18416,0.739528,2.47785,5.58309,4.42748,6.80664,-1.38262,0.979902,22.936,-977.464,-240.096,38220,-53060,-16100
0.511066,0.857733,-1.98916,2.58293,-2.18156,-4.01563,-12.9832,-10.3583,1.42346,-5.51591,-2.16838,-0.172876,-2.14721,-6.13246,-4.73603,-13.024,22.448,-975.512,-244,38920,-53480,-16240
-5.2089,-0.818051,-5.02914,5.60164,-4.74443,-7.62066,-10.4183,-8.74841,-5.27662,-6.60413,-2.60327,-3.11634,-4.03831,-12.0369,-0.356706,-13.0409,26.352,-979.416,-242.536,38360,-53760,-16240
-5.85353,0.41334,-6.13301,3.80824,-5.65404,-9.0679,-8.82447,-7.04525,-4.25569,-7.21539,-7.02064,-4.36118,-7.08321,-6.02632,1.37248,-9.51625,26.352,-977.464,-239.608,38080,-54320,-16240
-0.307627,0.928427,-1.83287,-0.58714,-0.963063,-3.26591,-4.51328,-1.86401,-3.1263,0.800792,-0.899892,-0.94411,-2.18402,-6.20251,-2.8119,-4.66453,29.768,-975.024,-246.928,38220,-55720,-16380
-2.98753,-5.29997,-7.56546,-4.26894,-6.62566,-11.3404,-5.51414,-5.90965,-7.09637,0.23159,-0.212904,-5.79944,-4.90148,-25.992,-5.16229,-10.7718,33.184,-972.096,-243.512,38920,-56140,-16520
-2.87462,-5.20146,-6.42667,-4.94186,-12.63,-10.3631,0.719967,-0.27573,-0.501104,-0.16155,1.74353,-6.04308,-3.14025,-13.3322,-2.62999,-0.647738,29.768,-976.488,-245.952,39060,-56980,-16380
6.95953,5.61082,4.17454,2.04746,0.234833,-1.72081,14.6506,5.58032,14.6154,9.52998,10.3423,5.08597,5.9098,1.39381,12.063,10.1812,33.672,-973.56,-249.856,38920,-57960,-16380
6.62284,6.83714,5.44065,4.15823,4.56267,-1.8198,12.8585,0.937859,14.4918,9.28822,8.2038,7.42557,5.78848,1.36827,17.6623,5.86314,32.208,-974.048,-241.56,39620,-58240,-16520
7.83149,6.25367,8.61968,3.84641,4.49876,3.08715,8.2964,3.75798,12.5287,11.36,10.3624,9.03089,8.45601,13.7145,10.0626,9.24261,29.28,-971.12,-249.856,39620,-60340,-16240
1.55849,-2.24866,3.071,-4.31863,4.24211,4.71157,3.03665,1.7923,2.40894,2.21089,1.28925,2.59124,2.60503,12.5779,-4.55402,8.33079,33.672,-970.144,-240.584,39480,-62440,-15960
0.279847,-3.06391,1.17906,-5.63993,3.48496,5.25471,1.6743,1.87813,1.15157,-0.914161,-1.41079,0.198416,0.051909,7.70033,-5.60826,6.02071,31.232,-973.072,-251.32,39340,-63420,-16380
-2.28317,-2.08843,0.880861,-0.402953,2.57179,4.68163,1.45067,3.54167,-0.988549,-2.88501,-0.973766,-1.81804,-0.586634,3.09608,-2.1089,2.84379,29.28,-974.048,-244,38220,-64400,-16800
-5.57784,-7.19919,-0.980796,-5.8424,-3.06752,2.72176,-3.48713,2.1092,-4.56846,-4.40105,-3.46518,-5.68957,-2.13785,1.12573,-6.77473,-0.942612,32.696,-971.608,-245.952,38360,-65520,-17080
-6.28975,-6.48061,-1.79892,-2.21673,0.193456,3.29566,3.59118,5.43116,-7.61521,-5.71538,-5.65091,-5.34059,-1.72098,2.93575,2.38643,3.44338,35.136,-976,-238.632,37940,-66500,-16940
-5.10351,-3.14945,-3.37852,0.45917,1.69232,2.62622,4.72463,5.51554,-7.72076,-7.76341,-9.35567,-3.41825,-4.38261,1.53928,4.51889,3.74785,40.504,-973.072,-237.656,38360,-66640,-16520
-0.382902,0.341405,-5.90833,-4.42004,-4.81718,-2.108,-6.16544,-1.53763,-0.207053,-3.90592,-8.00662,-2.44299,-6.91041,-4.13544,-5.90185,-4.41346,35.136,-969.656,-239.608,38780,-66640,-16380
3.07219,7.51553,1.12221,3.65522,5.2572,4.13948,1.87792,1.30175,0.892585,3.12645,-0.0636882,4.80243,2.39932,3.60121,-0.000970555,1.53608,36.112,-976.488,-245.952,38080,-66640,-16240
-2.59185,-0.107924,-1.33142,1.50834,0.564803,-0.33532,-1.51069,-5.03598,-8.23525,-0.605618,-1.05403,-1.32055,0.686384,-0.513654,1.07007,-3.06226,35.136,-976.488,-233.264,37240,-65940,-16240
-2.53654,-3.98789,-1.08665,-0.329158,-4.57892,-1.02841,-5.98862,-3.61612,-12.1257,0.455885,4.38293,-3.19473,1.5385,-4.09809,-2.01576,-6.41199,36.6,-976.488,-244,37520,-64960,-16100
0.378974,3.11071,-0.527315,3.89044,-2.27141,-1.49708,-6.17085,-4.65832,-2.56479,-0.228529,1.49564,0.517037,0.265966,-2.65553,-3.45371,-7.09188,37.576,-975.512,-234.728,37660,-63280,-15540
6.04836,12.5362,4.51959,13.2306,5.14034,2.64328,1.71932,0.763816,7.48775,2.47929,1.82958,7.82237,3.55598,4.96124,4.0799,0.0355952,36.6,-973.56,-236.192,37940,-63000,-15120
4.9795,8.73412,4.53126,9.6366,4.25579,2.47491,2.19169,2.0398,5.91766,3.46222,2.03093,5.98729,3.22322,4.39566,4.11061,1.2,33.672,-972.584,-238.632,38080,-62580,-14140
3.86358,7.28918,3.59877,7.32736,3.96789,-1.16691,0.19042,-2.649,7.83296,3.72019,0.517312,5.8232,0.461515,1.74259,2.22169,-1.22177,33.184,-975.024,-236.68,37940,-61740,-13580
-0.758722,-0.0714005,0.76616,-1.34589,-2.01805,-1.0682,-4.25343,-1.81608,3.784,1.47192,1.52532,0.702491,1.45173,-0.366493,-3.96857,-2.41887,31.232,-974.048,-238.632,37940,-60760,-13020
-5.38571,-10.3494,-3.11226,-9.56305,-5.59843,-0.49855,-1.97492,2.47278,-3.31892,-1.73322,1.29322,-6.43965,0.502288,-3.12122,-3.51186,0.513983,32.696,-969.656,-237.656,37660,-59780,-12320
-2.883,-6.24966,-2.831,-6.31679,-1.10277,-1.12037,1.77308,3.35534,-0.14898,-1.57191,-0.398244,-2.66112,-0.682103,-3.03603,0.168208,2.07578,35.136,-970.144,-244.976,37800,-59220,-11760
0.272882,-4.5976,-0.643222,-3.79128,2.48723,1.98056,4.7947,4.96518,-0.932797,-0.461139,0.0642096,-0.595975,0.0753339,0.258873,0.605901,4.33992,34.648,-970.144,-238.144,38220,-58940,-11060
-3.75849,-10.7899,-2.50763,-8.40976,-1.51696,-1.42213,-0.714901,-1.56578,-9.53127,-4.79571,-4.19346,-5.55583,-2.2952,-2.42131,-5.71957,-0.908777,31.72,-973.072,-244.488,38080,-58660,-10640
2.16268,1.14162,0.840219,1.49409,2.16665,0.0381957,0.79802,-1.22998,0.606986,0.0972155,1.07534,1.5519,0.663954,0.962189,1.11769,0.231005,34.16,-970.144,-235.704,37660,-57680,-10220
7.18983,10.063,1.83053,8.49332,2.45664,-1.29782,1.04173,-1.61509,11.079,3.43429,4.40095,6.31562,-0.543154,1.67507,7.26203,-0.0251114,34.648,-976.488,-237.168,38080,-56700,-9660
-0.794222,-0.91103,-3.55055,-0.58385,-4.28719,-3.47432,-4.55179,-3.40221,-0.0658508,-1.44002,1.14454,-2.35252,-3.54548,-5.51945,-0.199139,-3.7486,26.84,-969.656,-237.168,38220,-56140,-9100
3.33848,5.28233,2.65664,5.65742,3.20291,0.811561,0.915829,0.854986,2.99848,2.23353,3.6756,3.20094,1.10369,-0.449999,1.72279,0.831101,32.696,-972.584,-240.096,38360,-55860,-9240
1.16454,3.96326,2.81477,3.5106,1.80781,-1.92314,-0.700612,-2.54858,0.309048,-1.58979,-1.9508,0.734137,-1.01122,-1.05502,-1.32056,-1.35067,37.088,-971.608,-239.12,37940,-55020,-8820
-2.17203,-5.38586,1.53793,-4.95099,-1.70724,-0.183813,-0.877161,-1.82823,-7.03937,-3.67231,-3.87382,-4.85866,-1.16541,-1.75994,-3.26664,-0.509684,29.768,-973.072,-231.312,38640,-54600,-8820
-0.0361443,-2.9731,0.329651,-3.51694,-0.346246,0.513341,0.169622,0.941445,-1.83263,-3.01994,-4.22771,-3.5725,-1.00932,-1.59839,-0.210121,1.81718,34.16,-968.192,-231.8,38080,-54880,-8680
0.527858,-1.57468,0.900236,-3.86037,-1.23344,0.343747,0.533459,2.59205,0.419154,1.05668,-0.91082,-1.73858,0.508942,-1.19507,-1.12994,2.20515,33.184,-968.68,-239.12,38500,-54600,-8540
3.18833,3.37952,3.065,1.54236,0.923621,0.735062,2.712,2.32734,4.28852,6.12761,2.73713,3.00753,2.70255,0.805111,3.11819,2.92164,35.136,-968.68,-234.728,37520,-54180,-8400
-3.10578,-0.0543556,0.0241494,-1.29316,-1.81528,-1.53482,0.960988,-0.843182,0.0908615,0.411329,-0.08837,-1.59083,-0.580244,0.312835,0.454868,0.980772,39.04,-972.096,-231.312,37380,-53760,-8260
0.254613,0.123519,3.67855,-2.69912,0.355728,0.824901,0.275717,-0.868031,4.18491,4.9061,4.24122,2.82056,2.59863,3.91184,-1.95086,0.0655942,38.552,-972.584,-226.432,36960,-53760,-8400
4.08865,2.28093,5.61526,-0.34537,2.28973,2.41189,0.89369,0.606375,9.53162,8.02104,5.63963,5.92165,4.13102,4.68487,1.16075,0.28203,37.576,-972.096,-226.432,37380,-53760,-8260
-6.61719,-6.02469,-3.16976,-4.12345,-4.30526,-0.682074,-0.817558,0.672805,-4.41085,-2.23395,-2.12949,-3.96335,-2.03703,-1.15319,-0.566542,-0.976836,38.064,-971.608,-229.848,36120,-53620,-8260
-5.32445,-4.33889,-3.34672,-1.79246,-2.30346,2.61644,1.61332,5.48913,-6.14073,-2.55864,-0.591652,-3.16219,-0.458501,0.115655,1.42181,2.35683,41.48,-971.12,-221.064,35140,-53200,-8260
-4.9457,-5.95368,-5.80251,-5.08561,-6.07585,-2.43254,-2.80988,-2.20182,-6.44632,-5.24785,-4.48028,-4.33134,-4.07002,-3.6367,-2.46123,-2.90475,40.992,-967.704,-216.672,35140,-53480,-8400
-1.6603,0.379357,-3.27727,1.89786,1.25153,1.40037,4.09694,0.629961,-4.2664,-1.62741,-2.18377,0.783432,-0.924886,1.10041,2.98711,3.30663,38.552,-969.656,-214.232,34860,-54180,-8120
-0.945967,2.6527,-4.65331,3.81615,2.44082,-0.720464,4.52363,-2.58434,-1.57769,-2.24678,-3.16213,-0.492661,-3.42621,0.393297,3.88663,1.70806,40.992,-971.608,-217.16,34440,-55020,-8260
2.75158,4.8778,-2.34869,4.03285,1.27035,-0.947656,1.57562,-2.00287,1.87083,1.82344,0.558614,2.02562,-0.687039,0.438966,2.25045,-0.325387,43.432,-973.072,-213.744,32900,-54460,-8540
0.84355,2.03954,-4.27561,-0.336737,-1.78377,-1.99281,-3.10726,-1.49826,-0.825336,-0.0205984,0.0749153,-0.944394,-0.910294,-1.87412,-3.75077,-2.88752,43.432,-975.024,-219.112,32480,-53900,-8680
4.17118,7.42909,-1.06765,2.80927,0.155035,-3.14729,-5.92951,-5.66125,4.36324,0.920566,0.119798,3.40161,0.267496,-1.1247,-5.11422,-6.8993,38.552,-975.512,-215.208,32340,-53900,-8680
-1.50554,-1.07942,-1.84922,-2.69123,-2.17042,-1.50645,-5.4128,-1.30295,-2.0261,-1.5417,0.592044,-1.78841,1.0585,-0.343411,-6.37375,-3.52502,39.528,-971.608,-213.744,31780,-54320,-8680
-6.11422,-10.0199,-5.01645,-7.78713,-6.04754,-2.22445,-5.494,0.814065,-8.8085,-5.60265,-1.62227,-8.03376,-2.05264,-2.05797,-7.16449,-2.42672,42.456,-970.144,-218.136,31220,-54880,-8540
-2.16223,-3.64602,-0.638707,-2.77806,-0.990375,-0.201646,-4.0327,1.29873,-4.90284,-5.4526,-2.62024,-2.24112,-0.92301,0.985573,-6.58155,-1.6978,48.8,-974.048,-213.744,30800,-55440,-8400
1.82033,1.9838,4.50271,5.71724,6.83834,4.29831,1.88304,2.89773,-3.17854,-1.38172,0.113289,5.07128,3.89306,5.02892,1.07986,1.85952,43.92,-970.632,-221.552,32200,-55860,-8260
3.56152,3.94134,3.00925,7.09253,2.6139,0.442345,-0.668089,-2.23545,5.48464,-0.482959,-0.672173,4.54745,1.96548,0.675479,4.21583,-2.20171,44.408,-974.048,-222.528,31780,-56000,-7980
5.80606,2.16532,1.79426,6.7598,3.86047,1.7139,4.39922,2.91089,7.62262,1.84858,2.75612,2.65674,0.506555,-0.182288,9.30384,3.27087,40.016,-977.464,-219.112,32200,-55300,-7700
8.33735,4.69413,5.77974,5.18915,4.51611,1.68347,2.76633,0.0992249,10.0413,4.83772,4.06543,5.41092,2.89582,2.35016,6.86291,1.55139,39.04,-978.44,-218.136,33040,-56140,-7140
0.0589659,-0.714188,1.44323,-0.73497,0.195799,0.0726313,-0.437903,-0.649423,2.71523,-0.314693,0.930362,-0.511574,0.485105,-1.37963,-0.0412943,0.188113,42.456,-987.224,-213.744,33740,-56280,-6720
-3.31571,-6.43782,0.266884,-3.93797,0.0598863,1.35861,1.8255,1.05147,-4.87398,0.0175896,1.00863,-3.04745,-0.0687317,-1.50642,0.156967,2.42721,41.968,-985.76,-204.472,34300,-56000,-6160
-2.97876,-6.19891,-1.23366,-5.25869,-1.88139,0.757847,1.02252,-1.0697,-2.59931,-1.43134,-1.67744,-3.85738,-1.4611,-1.11103,-0.65375,1.75027,37.576,-984.296,-203.984,35280,-56000,-5880
5.58736,6.00057,4.8163,3.51466,4.05092,4.41828,3.62216,3.32696,7.8629,6.58858,4.63517,5.5766,2.92535,3.91824,4.01874,3.82945,39.04,-980.392,-206.424,36400,-55440,-5460
1.69499,4.16783,1.55093,0.989521,-0.216495,-0.965713,0.652148,1.12689,5.54475,3.80538,3.20435,1.95372,0.107766,0.397636,1.77381,0.440164,39.04,-977.464,-207.888,37240,-56000,-5040
1.22418,3.83646,3.47719,2.9075,2.77581,-0.687606,2.10424,1.61324,2.76187,4.07574,2.72516,3.65745,0.94399,2.58382,3.36412,2.14968,38.552,-967.704,-217.16,37100,-56000,-4620
-3.81381,0.590552,2.46549,1.69684,0.941012,-0.902043,-0.177246,0.00692162,-3.79098,0.52181,-1.92918,0.384741,0.244219,-0.0178186,1.86097,-0.92141,39.04,-967.216,-214.232,36680,-56420,-4200
-3.47682,0.3235,1.07543,-0.580936,-0.227571,-1.81044,-0.216029,-2.04126,-2.76869,-0.344053,-4.0078,-1.31799,-1.62692,-2.20572,-2.27958,-1.73155,41.48,-966.24,-222.528,36260,-56420,-3920
6.17241,12.0131,6.3877,7.38566,5.36376,1.30401,3.59672,1.222,9.58618,6.76151,2.13214,6.94745,2.16731,2.66642,3.5347,1.6694,41.968,-967.216,-216.184,36400,-56840,-3360
-1.63757,5.02912,-0.523197,3.83617,0.298511,0.449032,2.44402,1.16806,0.41559,-1.31926,-0.221934,-1.19871,-0.0135748,-0.192169,3.44983,1.34939,38.064,-964.288,-215.208,36120,-58100,-2800
-5.89911,-4.17939,-3.58937,-4.7773,-5.39857,-2.56843,-3.80296,-4.74246,-7.91922,-5.9179,-4.53016,-6.57954,-3.13878,-3.03749,-2.69404,-5.23537,41.48,-965.264,-221.064,35420,-60340,-2240
-3.83954,-7.09601,-3.55021,-9.11529,-6.72006,-0.908179,-3.69421,-0.329473,-8.49443,-4.40412,-1.99778,-6.75809,-1.6811,-4.99012,-5.05047,-3.05873,42.456,-964.288,-224.48,34440,-62300,-1960
-1.71942,-4.54348,-3.19244,-5.09004,-3.95774,0.0711083,0.742594,1.42002,-6.14245,-3.84745,-2.86301,-4.92768,-1.24823,-3.24524,-2.3184,1.04295,44.896,-973.56,-226.92,33320,-63280,-1820
-1.30785,-4.06354,-3.76996,-0.87905,-0.546341,2.48174,5.11507,7.01539,-5.00799,-3.03537,-0.734572,-3.51415,-0.0765394,-0.920244,3.33758,5.54889,44.896,-977.464,-227.896,33040,-64120,-1960
2.18956,-5.39892,-3.33434,-7.12043,-3.73187,0.0670342,-2.71156,0.453104,0.747672,0.304695,0.124739,-2.33187,-0.805986,-2.43466,-7.01354,-0.826189,51.24,-980.88,-221.552,33320,-64820,-1960
7.88044,2.83509,4.00189,-0.940301,2.1022,2.72511,-0.490668,-0.929133,8.23445,6.57455,2.06664,5.87395,3.02471,4.24782,-5.44844,0.508537,56.12,-986.736,-214.232,33040,-65240,-2100
6.30656,2.63225,3.66381,1.16716,3.13076,2.03805,1.30446,0.352367,8.16589,4.3995,0.639585,6.2776,2.69373,5.25102,-2.12354,2.67931,59.536,-988.2,-214.232,33740,-66640,-1680
-0.316289,-5.32308,-1.094,-4.5248,-3.56295,-1.65107,-1.88852,-0.740193,1.02431,0.703034,-2.01671,-0.949132,-0.910298,0.977874,-3.25603,-0.0356791,60.512,-989.664,-215.208,33880,-67620,-1400
-2.83215,-3.95682,-1.59045,-2.36856,-2.5866,-1.0322,-2.27979,0.590857,-2.27234,-0.11648,-1.40294,-1.10477,-0.329344,0.129693,-1.49229,0.495787,62.464,-989.664,-210.816,34580,-68740,-980
-2.05821,4.1597,-0.167772,8.29161,4.14697,0.23328,2.83501,2.67639,-1.25924,0.0510715,-0.175284,3.25225,0.447254,2.51069,6.41863,3.85782,60.024,-988.2,-206.424,34720,-69020,-700
-9.61183,-4.94542,-4.09791,1.31905,-1.30201,-4.44271,-1.53025,-1.03624,-9.7242,-5.79487,-3.95213,-3.96139,-2.79549,-1.61725,0.461952,-0.911414,61.976,-986.736,-208.864,35980,-69160,-140
-5.25496,-5.01173,-0.813394,-0.492178,0.548737,-0.943313,-1.7843,-0.219943,-5.83853,-2.50212,0.620861,-1.38525,0.471214,-0.767092,-0.95881,-1.13572,61.976,-989.176,-199.592,35980,-68460,420
-3.49634,-5.65976,-3.37523,-3.98851,-3.45445,-3.6136,-3.99256,-4.68593,-1.95306,-3.09991,0.296618,-4.10325,-2.72062,-4.59816,-1.20643,-4.69127,59.536,-988.688,-205.936,36120,-67480,980
2.67224,2.93965,-1.56003,2.63066,0.159216,-1.93335,-1.10052,-3.57898,7.78198,1.54199,5.37688,0.494626,0.292414,-1.49166,4.31523,-2.72964,60.024,-988.688,-203.008,35560,-64960,1540
0.0170081,3.73862,-1.89215,4.1366,1.15349,-1.0908,-0.765377,-4.36929,4.173,-0.691721,3.43568,0.288749,-0.799278,-0.23175,2.59484,-1.8739,57.096,-987.224,-203.984,35280,-62860,2100
-4.59805,-1.21063,-4.46031,-1.18919,-2.53089,-3.20565,-5.10857,-7.03542,-6.17117,-5.80475,-2.00894,-4.04763,-4.46705,-3.09838,-5.59139,-6.30521,54.168,-983.808,-204.472,35000,-60200,2520
5.68071,6.18715,1.44151,3.20682,2.15272,0.321232,-2.31242,-1.49399,1.51957,2.01879,4.50532,3.69078,0.446058,0.467498,-2.7694,-2.87279,53.68,-986.248,-200.568,34160,-57680,3080
7.62639,9.01459,3.92906,5.94371,5.79602,2.09321,3.12227,-0.0997051,5.37702,1.76547,2.67012,6.70058,1.66113,4.00126,1.55005,1.83847,49.776,-983.808,-196.176,33460,-55720,3360
4.80441,5.69508,2.90114,1.92117,4.41267,4.56743,2.91338,3.54336,2.02414,1.51819,3.39522,4.92183,2.69979,4.22872,-1.65258,3.05024,46.36,-981.856,-207.888,32760,-54040,3780
-0.623748,-5.43115,-1.81779,-9.51866,-6.46253,-0.801349,-6.95415,-2.72905,-2.70269,-1.81678,-0.545434,-3.95301,-1.56892,-3.86787,-9.02971,-5.84911,44.408,-982.344,-203.984,32480,-52640,4200
-0.322801,-4.47064,1.1152,-5.11667,-3.73969,1.92438,-1.24789,0.519882,-1.81798,0.134532,-0.257332,-3.13513,0.777803,-0.630407,-0.907707,-2.42779,40.992,-983.808,-209.84,31640,-50820,4480
2.56723,3.65256,3.57742,3.16695,3.77179,4.49049,8.01441,6.56347,0.679941,0.722806,-0.476924,1.83856,2.06781,2.82404,7.09681,5.68922,38.552,-983.32,-204.96,31360,-48580,4900
0.962948,5.76437,1.94447,7.86813,6.40645,1.42041,9.23859,3.5166,-2.63517,-1.04206,-2.47783,1.93736,-0.577184,3.28317,11.4152,5.2602,35.624,-985.76,-204.472,31500,-47740,5040
1.3027,1.12227,0.78945,0.143561,-0.143139,-0.742869,0.0139683,-1.72095,-1.46798,2.0801,0.0296741,0.0556521,0.607946,0.137493,1.78826,-2.32729,31.72,-980.392,-208.864,31220,-46620,5180
-1.19366,3.51643,1.1456,3.11264,0.102796,-0.446911,-0.0926341,-0.863209,-3.52107,0.476652,-1.71972,0.922324,0.777127,-0.572086,0.510646,-0.908098,32.696,-984.784,-210.816,30240,-45640,5180
-8.27346,-4.96247,-2.04166,-1.26214,-1.87372,-1.65511,-0.4144,0.336628,-13.4726,-4.40508,-5.60058,-4.68324,-2.11428,-1.90053,-2.64518,-0.586724,27.328,-984.296,-203.496,29820,-44520,5320
-2.87366,-5.54613,-0.350865,-4.77212,-1.72582,0.0569347,1.14648,2.94662,-2.16263,0.166518,-2.55692,-3.10015,0.0830625,-1.94987,0.236386,1.72229,27.816,-984.296,-208.864,29400,-43680,5180
1.41546,-1.72959,0.387883,-4.74135,-1.49477,-1.9392,-0.777442,-0.461847,10.9599,2.79162,-4.49407,-0.0813384,-0.733659,-2.21393,1.35979,0.635535,22.936,-978.44,-201.544,28980,-43400,4760
5.47725,-0.423072,2.82799,-1.17011,1.54046,2.32268,1.72299,4.89324,15.4802,6.46652,-0.00962572,3.67864,2.58479,1.22931,4.57633,4.9014,21.96,-976.488,-203.984,28140,-43260,4480
6.77714,4.02777,0.700125,0.774436,-1.50476,-2.37766,-4.22137,0.254225,18.8593,5.23342,0.838933,4.55697,-0.345779,-2.05334,-0.0123031,0.0227674,25.376,-982.344,-203.008,27720,-43260,4200
0.66587,0.624394,-1.39436,-0.627951,-2.54407,-0.426654,-3.54514,1.57103,10.554,1.52845,0.262112,1.21108,-0.43754,-1.53253,-1.56178,-0.690018,29.768,-981.368,-203.496,27020,-43540,3640
-3.80716,-4.29733,-1.76823,0.321785,0.70058,2.23434,3.89871,4.77108,2.31349,-0.710634,0.223702,-1.9868,0.546322,1.61137,5.23492,4.82917,28.304,-981.856,-200.08,25620,-42980,2940
-6.26122,-1.48237,-2.97432,4.06992,3.029,0.173216,5.12565,0.191492,-0.746386,-4.55347,-2.65144,-1.61133,-0.861416,1.49274,8.39907,3.38988,26.352,-980.88,-194.224,25200,-43260,2660
-2.86639,2.38068,-0.14833,6.87746,3.87825,2.56521,4.14129,1.35941,-2.11877,0.526841,2.20473,1.41083,2.4688,2.83643,6.32354,2.42134,27.328,-982.344,-192.76,24500,-44100,2100
1.37152,-0.945292,1.8001,1.7679,1.33164,0.605394,0.632176,-1.32335,-4.73492,4.60649,3.87921,0.984304,3.45935,2.83013,-0.482052,0.673071,31.232,-982.832,-190.808,24220,-44380,1820
-0.420148,0.885024,2.46171,0.312799,0.576113,0.706618,-1.77752,-2.17223,-7.72157,1.40694,2.22927,0.907194,1.38027,3.3222,-7.1226,0.0362813,30.256,-980.88,-185.928,23380,-44940,1680
5.12407,11.5983,6.40442,4.44385,4.48963,1.47409,-1.20489,-1.52734,-1.88398,4.04517,5.94337,7.59028,3.0222,5.12435,-11.1791,-0.581872,29.768,-984.784,-184.464,22960,-45360,1680
-2.08145,3.26968,1.9263,3.23309,2.10253,-1.26908,-1.03721,-2.45599,-15.3702,-2.9436,-0.132,0.980483,0.154479,1.8575,-8.79613,-2.56547,28.304,-983.808,-189.832,22260,-45920,1540
-3.46884,-11.264,-1.11487,-9.03471,-4.15717,1.23192,-1.73375,3.52645,-18.9954,-4.78063,0.465471,-6.43018,0.376544,-1.28078,-8.79789,0.625257,31.72,-983.808,-185.928,21700,-46620,1120
-3.75053,-19.2804,-7.32812,-18.3865,-13.1154,-3.97403,-8.32323,-1.82316,-14.1289,-8.6585,-1.01565,-13.1834,-4.88977,-9.42081,-10.1835,-4.54818,37.088,-984.296,-183,21000,-46620,700
1.87977,-4.75588,-2.09389,-4.89601,-5.06934,-2.03115,-4.52082,-3.74678,-2.48766,-2.74792,1.20534,-3.97872,-2.62135,-4.3084,-2.67679,-4.06958,40.016,-984.296,-185.44,20860,-46340,280
4.39618,5.70544,3.3971,3.50541,3.23234,0.833699,1.78621,-3.95887,5.38721,1.5476,1.13906,4.13156,0.150751,2.81874,3.54821,-1.3253,41.48,-986.248,-179.096,20580,-45500,0
2.19198,11.8054,2.82229,10.2949,6.19551,-0.586285,2.76604,-6.20831,7.515,0.0346944,-2.30425,5.95986,-1.42256,2.34117,6.78677,-2.30297,38.552,-985.272,-171.288,20300,-45220,140
-1.19578,3.41034,0.03012,3.43921,0.844262,-0.597401,-0.272023,-2.64237,0.78754,-0.104621,-0.0184889,0.0541903,-0.444665,-1.37127,3.17822,-2.58696,39.04,-983.32,-180.56,20300,-44380,280
-5.07356,-8.1246,-7.07383,-9.10844,-9.92251,-5.33576,-6.91996,-4.53801,-1.26784,-4.08988,-2.8114,-8.78209,-4.80066,-9.35457,-4.73393,-7.01512,41.48,-981.856,-177.144,19880,-43680,560
0.396006,-1.92763,-4.51257,-3.392,-5.06543,-3.00115,-0.1765,1.97224,10.2318,-0.584424,-1.9782,-3.82629,-3.66796,-6.51427,3.67837,-0.457297,41.968,-979.416,-175.68,20020,-42700,700
2.82748,1.24161,-2.80835,1.39666,0.0778182,-1.88963,3.74125,4.46239,11.781,0.642862,-1.26757,-0.425402,-2.73138,-3.19349,7.5478,3.07611,37.576,-982.832,-177.632,19740,-42140,1120
3.27403,3.87189,-1.79688,4.52063,2.75748,-0.486961,5.83476,5.6501,10.1867,0.414719,-2.92341,2.55308,-2.15056,1.44235,8.71484,5.53172,37.088,-981.856,-177.632,19880,-41160,1400
5.80637,12.7693,4.3881,12.1588,9.62106,3.58399,6.7508,5.99546,9.19271,4.25706,0.293675,9.58216,2.64982,7.29819,7.2329,7.30459,33.672,-980.88,-166.408,19600,-40180,1820
3.47044,9.35099,6.32526,5.58682,7.6965,5.32128,-0.355685,1.93977,0.617223,3.81191,3.27925,9.56074,6.00547,7.00978,-6.44053,2.17334,31.72,-978.44,-172.264,19740,-39620,2380
-2.39849,-3.18992,0.968836,-4.60625,-0.942674,1.94824,-5.38664,-1.76363,-7.72557,-0.181188,1.84003,0.835889,2.43565,1.45469,-9.9359,-3.20697,28.792,-985.76,-178.12,19600,-39200,2660
-1.38892,-7.01815,0.715245,-4.3717,-1.30282,3.17907,-1.51129,0.395936,-7.79786,1.59374,4.76571,-0.781607,3.69224,0.761907,-4.34511,-0.692486,37.088,-975.024,-177.144,20300,-38500,3080
-3.6288,-10.0383,-3.60763,-10.3734,-6.56363,0.337233,-3.52706,-0.909621,-4.125,-2.13276,-0.225305,-7.11855,-0.409064,-2.10067,-5.82615,-2.15353,34.16,-976,-172.264,20440,-38080,3360
-1.09914,-5.89348,-1.56632,-5.40493,-1.5569,2.06571,-0.533765,1.30256,0.505325,-0.359415,1.41825,-3.94576,1.12169,0.931626,-0.70017,0.445758,31.72,-976.488,-179.096,20160,-37660,3780
-2.75888,-8.47929,-4.02294,-7.87212,-6.01902,-3.90956,-5.99974,-6.28942,0.90017,-2.22516,-1.80256,-5.27304,-2.03876,-3.53632,-3.86873,-5.84276,37.088,-979.904,-203.008,19880,-36680,3920
5.44424,11.3051,5.2606,10.5062,7.16021,0.642618,5.54746,-1.56045,12.1952,4.71969,0.493575,9.2848,3.00047,4.87311,10.0906,1.31276,27.328,-962.336,-187.88,19880,-35700,4480
-1.98964,9.66555,5.24697,13.3909,9.75064,2.56936,10.1973,3.04627,0.55587,0.626995,-2.41886,7.92841,2.01245,5.89869,15.292,5.25633,31.232,-971.12,-192.76,20300,-35840,4900
-3.06174,9.34658,3.76806,16.8234,10.1364,2.39414,10.1047,2.96118,-4.91038,-0.559044,-3.41668,5.8575,0.543495,5.53547,19.0468,5.35936,20.496,-973.56,-173.728,20860,-35980,5460
-5.68004,-5.7661,1.95537,7.82967,5.56515,3.38411,8.42901,5.61238,-16.105,-2.03858,-1.31784,-1.26514,1.81529,4.20519,15.1693,6.28389,24.4,-976,-179.096,21280,-37100,5880
-0.0449422,-13.7441,0.0365299,-11.9145,-4.33304,0.853013,-1.07126,2.33858,-1.01991,1.75118,1.99141,-5.8986,1.07532,-0.526086,-2.87168,0.587433,20.496,-974.048,-179.096,21420,-37660,6160
5.00785,-3.66572,-1.47296,-11.3655,-6.84558,-3.16784,-5.56753,-1.96092,12.1709,3.48866,1.82478,-2.70408,-1.929,-2.66965,-5.90793,-3.1153,21.472,-974.536,-170.312,21840,-38920,6160
-4.35725,-7.06883,-8.13694,-13.2906,-11.9688,-5.20745,-9.83716,-2.37801,-0.598114,-2.6571,-0.800488,-9.28071,-4.54462,-9.06277,-9.88361,-5.22362,21.96,-972.584,-179.584,21840,-39340,6300
-6.11179,-8.52503,-9.08456,-14.5984,-13.855,-7.43666,-12.7512,-5.01222,-1.17299,-4.75692,-4.20929,-10.872,-5.28535,-11.4926,-16.0381,-7.52563,22.448,-976.976,-183,22120,-39200,6160
0.996711,8.50255,0.825378,3.84455,0.583615,-0.863529,-2.08638,-0.0456104,6.37995,1.15959,-1.11723,2.53053,0.917386,-0.698485,-5.52011,-0.640866,18.056,-976.488,-176.168,22680,-38780,6160
-0.218629,21.7657,4.07794,18.3132,9.34616,0.876058,1.56584,-1.23961,0.564626,-2.24987,-4.05795,8.98066,0.684474,3.80515,-3.85707,1.41163,22.936,-975.024,-183,23380,-38780,6300
-1.07975,9.08228,1.5371,8.5625,5.40685,-0.230115,-0.802439,-2.40595,-8.47828,-2.78443,-2.08349,2.8629,-1.47895,0.438867,-8.00885,0.224522,26.84,-970.144,-181.536,23800,-37940,6580
3.99213,-4.63951,-0.229218,-3.31943,-1.73227,-0.844722,-1.76827,-1.57227,-7.23531,3.17721,4.71415,-2.79904,-0.765439,-4.34905,-6.91527,-1.7794,27.816,-987.224,-177.632,23940,-36960,6720
6.0769,-0.283241,-0.524579,-10.3346,-8.51261,-4.73349,-10.0883,-9.10037,5.06824,3.08515,1.03253,-1.37499,-3.1581,-7.25706,-16.4073,-9.36715,25.864,-985.76,-181.048,25480,-36680,6860
6.8556,1.86588,4.38448,-5.9963,-1.25703,1.66735,-0.172316,-1.31105,10.2919,6.53413,5.46105,4.06184,2.67005,0.201323,-3.14553,-0.345879,20.496,-984.296,-175.68,25480,-36820,7560
6.19489,-0.204816,4.34755,2.32613,2.33609,0.613803,5.28692,0.262731,7.55229,4.87246,4.53596,3.61489,1.84336,1.65359,10.3145,2.63096,23.912,-989.664,-181.048,25900,-36400,7700
7.30148,14.2591,8.16934,16.3458,12.4124,5.57404,11.9868,5.43266,7.31765,3.79047,2.21692,11.9966,3.06846,9.93801,18.4709,8.74531,18.544,-991.128,-178.608,26880,-35700,7980
-9.08539,-2.22608,-2.0091,8.58186,5.83633,3.55739,8.77372,6.82849,-19.0959,-7.85716,-4.04626,-1.61097,-1.27548,4.51608,14.0075,7.58947,15.128,-992.592,-178.608,27300,-35980,8680
-5.46929,-18.4297,-6.20836,-12.6043,-6.52569,-0.179,-2.70178,1.73604,-10.6862,-5.59207,-2.87385,-9.69276,-1.45362,-1.57304,-3.26751,-0.632415,8.296,-991.128,-175.192,27440,-36120,8960
3.51399,-5.46324,-1.15605,-3.92292,-0.701212,1.86147,4.83536,6.644,3.43109,-0.634491,-0.497945,-0.911894,0.784803,2.59808,5.51194,3.86663,12.2,-997.472,-179.584,28280,-37100,9240
-3.09149,-4.13791,-3.28717,4.50002,2.42635,0.543871,9.78239,7.89546,-5.6247,-6.67541,-4.71683,-2.93596,-2.24037,2.85446,13.5048,7.22093,15.128,-991.616,-177.144,27720,-36400,9240
-4.4656,0.528708,-2.78206,7.61097,2.28746,-0.945358,5.57524,3.51314,-7.13159,-6.29848,-2.95267,-2.66974,-1.54553,2.55701,9.71366,4.69744,9.272,-989.664,-179.096,27860,-35980,8680
-4.21287,7.22631,1.24713,19.1169,9.3817,3.78365,10.2985,6.98643,-11.9799,-2.12436,0.937686,1.87782,2.1843,5.99508,16.2149,7.26822,10.736,-994.056,-172.264,28140,-36400,8820
-2.25386,-2.91961,-2.14612,1.7269,-1.62315,-1.98595,-1.78393,-2.61725,-4.0987,-1.70102,-1.29715,-2.43162,-2.66308,-2.64973,-4.48573,-3.94,6.832,-991.128,-172.264,28560,-37660,8960
12.0654,12.845,5.0865,-2.58436,-0.068539,-0.513967,-11.328,-7.72659,22.5165,8.96302,7.43689,9.67774,3.52969,-0.559716,-21.7711,-11.1555,7.808,-994.056,-178.12,28700,-38780,8960
7.75196,1.84004,0.822785,-20.1035,-11.042,-5.73904,-24.6546,-14.5831,19.7913,5.36353,4.64592,2.01434,0.579432,-6.19115,-38.1899,-19.3077,8.784,-994.544,-172.264,28700,-38920,8820
-6.20475,-8.39743,-1.80881,-16.8625,-8.45034,-2.79918,-14.9071,-8.15123,-7.31292,-1.43326,0.807413,-3.98157,-0.0273137,-4.71408,-20.094,-11.3207,7.32,-996.496,-170.8,28980,-40040,8540
-19.8754,-24.0875,-6.98739,-9.69268,-5.07152,1.26869,-1.25356,-0.620577,-33.8768,-8.43537,-2.2757,-13.8285,-0.0868888,-3.76423,4.68005,-1.47713,0.976,-994.056,-170.312,29260,-41160,8540
-7.36998,-23.7599,-7.73315,-22.3331,-13.1365,-1.69187,-8.39403,-3.44578,-5.18163,-0.617709,2.26,-14.004,-0.431799,-8.34903,-8.63989,-4.94393,5.368,-992.104,-169.336,29400,-43120,8400
4.77014,-7.24838,-1.68305,-16.4991,-7.95697,-0.106507,-3.74732,1.11544,17.9303,6.75994,4.49769,-3.32912,2.24467,-3.7993,-4.20287,0.108097,1.952,-994.056,-170.8,29820,-44520,8540
0.895605,-6.62379,-3.84738,-5.95524,-5.80683,-2.0858,0.643676,0.557059,7.80335,1.11644,-0.103102,-4.43483,-0.856747,-4.62979,6.94968,2.49251,4.392,-989.176,-164.944,29540,-44520,8400
-1.47419,0.216757,-1.67063,3.75087,0.0989467,-0.918537,1.9023,-0.383832,1.44403,-1.0209,-2.20996,-0.518175,-0.61423,-0.712913,7.57611,3.67562,2.928,-989.664,-162.504,30380,-45220,8120
-1.54049,5.54266,2.93715,11.5621,7.32904,2.80468,7.68929,3.60851,-2.31165,-0.15238,-2.86327,3.7651,1.20761,5.64698,11.9752,7.1629,3.416,-987.712,-161.528,30240,-46480,8260
5.35347,13.4078,6.7229,13.8619,8.57678,2.6078,7.96204,1.3044,8.21666,3.97592,-1.45045,8.26244,1.365,6.48706,13.5281,4.91184,4.88,-987.224,-162.504,30660,-47320,8120
18.6948,45.5026,19.1518,39.5131,25.2897,7.58346,15.9004,4.43766,23.5134,14.2765,4.70327,28.6194,8.08999,14.9949,20.5552,10.1011,4.88,-989.176,-157.624,31640,-48160,8120
14.5447,35.4384,15.6708,30.5784,21.8335,6.04886,12.7671,4.76733,17.5559,10.1417,1.10973,24.0043,5.31962,12.6982,9.52856,9.8302,18.544,-980.392,-157.136,31360,-48300,8540
0.981563,0.809064,2.76925,-3.33335,1.57659,1.37838,1.76951,2.84428,-0.734496,-0.518223,-4.99188,1.93838,-1.76183,1.83196,-4.56626,2.66205,5.856,-989.664,-163.968,31920,-48160,8120
-9.41375,-7.24546,-1.69723,3.45195,2.13713,2.5038,9.94187,7.28033,-15.3506,-5.64901,-5.86431,-4.6755,-1.68441,2.09027,14.4598,6.33796,7.808,-984.296,-155.672,31780,-47600,8260
-6.57794,-0.150338,-1.95797,8.57868,1.40535,0.215471,5.98767,2.30343,-4.44943,-5.32129,-4.89054,-1.92212,-3.18734,-0.732141,10.9539,2.58047,13.176,-981.368,-158.6,32480,-49280,8540
2.04138,6.4826,0.603614,2.96355,-0.0200757,0.282222,-3.5846,-1.70739,5.77176,-1.10163,0.698802,3.22214,-0.655046,-2.06926,-6.23461,-3.21543,14.64,-982.832,-155.184,32340,-49700,8820
2.05058,-0.269111,-5.97673,-11.4363,-9.77528,-7.1371,-14.6475,-8.18349,7.19139,-3.11275,0.598392,-3.75635,-4.64188,-9.62549,-21.5237,-11.3606,18.544,-981.368,-157.136,31920,-50120,8960
-1.6211,-1.93128,-7.19228,-13.4397,-9.47049,-5.8163,-12.8356,-5.99522,-2.14165,-4.15606,1.1389,-5.43822,-4.64074,-8.27608,-18.6766,-10.2399,13.664,-983.808,-154.696,32480,-50820,9100
-18.3223,-31.2882,-14.1391,-18.5198,-13.3334,-5.48794,-5.28841,-2.13571,-33.4133,-12.917,-3.03135,-21.2071,-7.13225,-9.12617,-2.25791,-4.85853,13.664,-982.832,-154.208,32480,-50960,9100
-6.72594,-18.5216,-10.2467,-10.7178,-10.0252,-7.05651,-4.1503,-5.46191,-11.1755,-5.68508,-0.904627,-14.2098,-6.27962,-7.48772,0.881944,-5.18399,14.64,-984.296,-147.864,32620,-51660,9100
11.0313,3.98683,1.40039,0.579512,2.07645,-1.87957,2.7568,-0.724886,16.9806,6.76454,4.80163,4.00668,1.31322,2.173,3.44569,1.31798,12.688,-984.784,-139.568,32760,-52640,9100
12.3692,8.6948,6.45263,8.43942,9.33119,4.1373,9.99403,6.22776,17.2032,6.84309,4.3082,9.01181,4.55618,7.81955,9.108,8.87883,16.104,-984.784,-145.424,33180,-54320,8960
4.06586,-5.38834,1.64439,-3.87608,-0.658949,2.18965,1.72684,4.58635,2.41434,-0.32935,1.17703,-1.30974,2.15351,1.45066,-2.0494,2.77023,16.592,-981.856,-141.52,32620,-54180,8540
-0.437375,-11.6503,-1.56326,-7.66982,-5.75219,0.793587,-1.66766,3.76515,-5.98358,-3.01175,1.5612,-6.26377,1.252,-1.81687,-2.83499,-0.731798,21.472,-981.368,-135.176,32760,-54040,8120
-2.16655,-4.73881,-0.781656,-2.46324,-4.31893,-0.993673,-4.98419,-3.44484,-9.54584,-3.90716,-2.38315,-4.25062,0.0737391,-1.9569,-3.15283,-4.89358,20.984,-980.88,-130.784,33600,-54740,8120
-4.58569,4.89717,3.91466,12.0865,8.05074,4.79248,7.38011,3.70682,-19.1366,-1.6305,-0.845955,2.53252,4.23773,5.97592,8.13499,4.72812,24.4,-978.928,-129.32,33180,-55720,7980
-12.5117,-0.163161,-0.712977,7.0246,4.71426,1.62735,3.30106,0.441425,-30.1426,-5.95513,-4.76831,-1.42222,-0.335061,2.57368,-1.29302,2.39329,27.328,-983.808,-131.272,32480,-56280,7980
-6.69657,-16.8679,-3.64816,-25.5426,-11.9851,-1.98752,-14.8016,-3.273,-11.2431,-0.147787,-0.165469,-7.25523,-0.946162,-5.43598,-28.3235,-8.12971,27.816,-982.344,-121.512,32060,-56980,8120
2.53949,-4.59481,0.580711,-12.1232,-2.61478,1.10689,-1.57183,4.74956,11.509,5.91218,0.914026,1.06397,1.85008,0.625381,-7.85114,2.78304,25.864,-981.856,-124.44,32200,-58520,8260
7.28919,14.9037,6.54063,13.8234,11.0841,4.01252,9.66621,3.8069,19.7169,8.89042,1.43273,11.4832,5.13296,7.88772,13.0047,9.06888,27.328,-985.76,-122.976,31080,-60200,7980
7.51329,16.849,5.34875,11.2935,7.55063,1.73889,0.648175,-5.33444,19.5434,8.99424,5.22052,11.0646,4.71475,4.14656,6.58144,1.75454,29.28,-985.76,-119.56,30520,-61040,7280
-0.930142,4.85974,0.00715684,2.30954,-1.50195,-3.52577,-9.08501,-12.3526,6.13172,3.26555,2.82641,2.21721,0.1573,-4.06514,-0.242343,-10.1698,31.232,-988.688,-114.68,30240,-61740,7140
-5.44033,-1.90562,-1.28593,-2.34458,-4.06665,-3.18218,-9.22051,-6.81509,-0.896396,0.683598,-0.152729,-1.36402,-1.85986,-4.07771,-2.24996,-12.1722,30.256,-986.736,-113.704,29820,-63280,6860
-1.29195,-2.50858,-0.361463,-4.51842,-3.36839,0.257997,-5.09795,0.490655,3.80158,2.07652,1.10259,-0.988647,-0.92903,-2.43121,-4.37878,-2.57,30.744,-985.76,-109.312,29680,-64260,7000
-4.23218,-9.92191,-5.92532,-12.9213,-10.4189,-3.56858,-6.46719,-1.95887,2.86607,-4.38925,-2.28086,-8.94374,-5.38415,-5.6034,-9.09425,-2.49375,36.112,-990.64,-108.336,28980,-65520,7000
2.51784,1.28042,-1.20316,-5.65668,-4.55263,-0.602354,-1.50184,0.120904,6.69024,-1.20095,0.541908,-2.3726,-2.34312,-0.350613,-5.05362,0.0172019,38.552,-995.032,-114.68,27860,-66080,6720
-7.07521,0.477111,-1.83908,5.69369,1.35981,1.40578,5.47129,2.92182,-16.3532,-8.28656,-4.48171,-4.04764,-3.03021,1.62775,7.53062,3.52892,39.528,-997.472,-111.752,26880,-65520,6580
-12.13,-10.5749,-5.88503,1.22867,-1.57374,-0.505886,3.35417,4.3401,-27.915,-11.5142,-6.00225,-10.7427,-3.94426,-1.85676,6.07135,2.9025,38.064,-996.496,-111.752,27020,-65940,6300
3.48461,1.34749,0.178914,2.1091,1.28424,1.25166,4.11263,5.62486,-0.858278,-2.3178,-0.727081,-0.463326,-0.509495,-0.518381,4.24946,3.36341,38.064,-999.912,-112.24,26460,-66360,6160
13.1825,13.5084,6.25552,11.3974,8.84053,3.62405,13.0947,6.51723,15.6153,2.4986,0.0996064,9.79353,1.17479,3.93837,13.0336,9.02949,37.088,-997.96,-112.24,26460,-66220,5600
21.2638,22.6658,12.7694,22.027,17.3653,8.43048,19.0924,9.90208,24.6584,10.9954,8.40845,18.0117,7.77521,9.90878,21.0445,12.9086,38.064,-996.008,-112.728,27160,-66640,5180
12.2396,11.3607,6.06701,11.7728,8.89588,1.0244,9.03764,1.6349,13.5077,5.33853,4.65086,9.1566,2.72845,4.5868,12.2997,3.81079,42.456,-992.104,-116.632,27440,-66640,4760
10.5276,8.88909,6.13009,5.03502,4.99218,-0.339941,2.09447,-1.97485,12.5026,6.32659,4.6967,8.78763,4.06171,4.84302,1.86146,-0.347379,41.968,-989.664,-117.12,27440,-66220,4200
2.86442,1.25662,1.2275,4.72677,3.41427,-0.454002,4.60605,0.095484,0.516621,1.13195,0.159834,3.10331,1.32109,2.7932,3.76241,2.84937,45.384,-990.152,-118.584,27020,-65380,3780
-8.8854,-10.9494,-5.89192,-0.849455,-2.69576,-3.35662,0.881602,-2.97654,-13.5592,-7.25773,-6.39248,-6.87001,-3.58978,-0.736699,1.76658,0.608787,41.968,-989.664,-113.704,26460,-63280,3220
-9.279,-13.9882,-6.54489,-11.2419,-9.54846,-3.09334,-8.76785,-5.32491,-10.8017,-4.71255,-3.17158,-8.42947,-2.49885,-3.76173,-11.4467,-5.59995,40.504,-989.176,-113.704,25760,-61600,2800
-4.53758,-7.7187,-3.49942,-14.2041,-10.7303,-2.55865,-15.478,-5.85307,-0.827716,1.84647,1.27334,-4.36291,-0.411755,-5.51062,-22.7253,-9.44533,35.624,-989.176,-112.728,24920,-60480,2380
-7.42242,-7.06764,-4.01546,-14.656,-10.3536,-3.69232,-18.1284,-6.31591,-0.0558204,0.663159,-0.385468,-4.64907,-1.19928,-6.37104,-24.8272,-11.3544,32.696,-989.664,-109.312,24220,-59360,2240
-8.4565,-7.93385,-4.47701,-10.5403,-5.05674,-0.103373,-8.68685,0.207006,-2.80345,-1.38624,-1.61173,-4.98598,-1.37817,-4.10591,-12.4361,-4.1349,27.328,-990.64,-107.848,23520,-58100,1960
-9.8488,-7.58424,-4.68746,-0.797035,-0.910381,0.195442,1.44667,1.62701,-8.20592,-5.38218,-5.59596,-6.06597,-2.72731,-3.26719,7.06457,-0.203094,21.96,-991.128,-105.408,22540,-56980,1960
-2.48486,0.150978,-0.0855389,6.31359,4.53344,2.72775,6.07232,3.92326,-5.07928,0.0342149,-1.9073,0.918621,1.2679,-0.723053,12.064,2.76828,19.032,-991.128,-105.896,22120,-55440,1540
-4.07434,-1.54138,-3.20055,-0.210761,0.481702,-0.710009,1.35181,-0.320589,-3.85384,-3.21197,-5.06803,-1.68132,-2.71975,-2.97034,3.55288,-0.255148,15.128,-996.496,-109.8,20440,-53900,1260
-2.37815,2.10711,-1.27067,1.90632,1.5965,0.977737,1.27367,-0.502908,-2.18435,-1.27045,-0.785946,0.017725,-0.622568,-0.278475,1.75826,0.332198,13.664,-995.032,-106.384,19320,-51660,700
-1.91789,0.837399,0.58904,2.23292,1.27923,0.5109,0.177651,-1.2799,-6.20744,0.888966,2.13301,-0.77474,1.08046,0.191328,-0.387788,-1.15632,6.832,-993.08,-107.36,18480,-50540,280
1.65998,-0.876153,2.95431,-0.231153,0.637976,-0.53416,1.18082,-0.74372,-1.35645,1.28977,2.19942,0.54532,1.76557,1.34232,-1.14396,0.426059,0,-993.568,-102.968,17780,-49840,-140
9.49992,8.70411,5.60966,3.35877,2.72714,0.930088,2.20423,1.14938,14.0052,4.72354,5.0419,5.99308,2.88724,3.75963,0.344496,1.8654,-2.928,-994.544,-104.432,17080,-48860,-980
8.91556,10.1518,5.56962,7.36963,6.05192,1.67878,5.30788,3.69502,11.1807,4.35744,4.56985,6.06314,2.41624,6.04934,6.88514,5.47543,-9.76,-992.104,-105.408,16380,-48440,-1540
6.28502,7.62385,3.07186,3.09473,2.43698,-0.373908,-0.186003,-0.0190124,6.3454,2.17475,2.06493,3.85319,1.0348,4.18833,2.06707,1.53246,-11.224,-992.592,-106.872,16240,-48440,-2240
0.605531,-2.52973,-2.74064,-6.57479,-4.68269,-1.89148,-4.87677,-2.51072,-0.167094,-1.31342,0.522846,-3.07679,-2.05511,-1.92034,-4.75747,-2.27409,-15.128,-992.104,-108.336,15960,-48720,-2940
-2.66798,-6.60399,-4.4959,-9.1242,-7.08839,-3.84733,-6.32786,-3.93372,-3.72939,-3.5286,-1.81521,-5.93751,-3.6597,-3.72792,-7.25289,-3.47022,-17.08,-990.152,-104.92,15540,-49140,-3500
2.48087,-3.48371,1.50293,-5.06501,-2.17386,-0.939247,-2.50324,-2.15625,-2.37237,1.16199,2.42096,-1.38691,0.920813,-0.627988,-4.2977,-1.09371,-18.056,-989.176,-110.288,15540,-49980,-4340
-0.279897,-7.43425,-1.98889,-8.71876,-6.70036,-3.54355,-5.41195,-3.54179,-5.21633,-1.94963,0.328916,-5.7152,-0.70186,-4.68074,-8.38514,-3.78716,-21.96,-989.664,-111.264,14420,-49980,-4900
-4.9439,-8.95376,-4.05909,-6.30483,-6.07392,-2.20684,-3.5788,-2.62336,-11.5015,-4.1101,-1.02639,-6.49226,-1.23349,-5.40157,-4.00764,-2.53784,-20.008,-989.664,-111.264,13860,-50680,-5460
0.120413,1.27156,5.02423,5.7459,6.92149,5.64667,8.27514,4.84281,-4.05494,2.60284,2.68615,3.80201,5.84273,4.40254,8.24643,7.41233,-20.008,-989.176,-115.168,14000,-51520,-6020
-0.313156,3.82136,3.95884,8.04361,5.8722,3.24967,7.74499,3.90608,-0.145802,1.08872,-1.508,3.8298,2.39007,3.01782,11.4756,6.04791,-22.936,-986.736,-115.656,13440,-52220,-6720
0.255874,7.9756,3.17584,9.37293,5.2973,4.03192,6.73529,5.03293,4.58272,0.68673,-1.33883,5.53408,1.31728,1.80731,10.8686,5.72815,-21.96,-992.104,-114.192,13580,-53480,-7420
-1.95872,6.73976,-0.0772636,7.94213,3.19912,-0.205353,2.9556,1.8796,1.53862,-1.4082,-4.62537,3.29389,-2.17344,0.149474,7.57961,0.430718,-21.472,-983.32,-113.216,13580,-54180,-7700
4.08113,13.222,5.2325,15.9998,10.07,2.03181,7.59679,3.13444,3.39603,5.44281,-0.0282898,9.80764,1.15178,6.44554,13.4623,2.44921,-21.96,-984.784,-114.68,14280,-56000,-8120
4.00266,11.7757,6.1092,12.2335,10.7268,4.40762,10.1873,4.75391,10.238,5.38669,0.959489,8.97845,2.32601,10.0689,9.86269,5.67326,-23.424,-986.736,-119.56,13720,-56560,-8540
-0.959424,-3.46433,-2.12674,-3.39544,-0.145137,0.463178,2.16591,0.865254,1.58438,-1.95149,-2.44885,-1.05403,-3.6997,2.40045,-1.3913,0.0932598,-24.4,-985.272,-118.096,13720,-56140,-9100
1.80249,-6.74581,-4.10348,-10.7819,-6.45044,-2.93842,-5.37876,-2.25099,0.466644,-1.15727,1.47777,-4.65799,-3.87701,-3.65977,-10.8847,-4.58522,-23.912,-986.736,-113.704,13720,-56840,-9100
0.555888,-5.94635,-3.62019,-9.25361,-6.40335,-1.85948,-5.87131,-0.59511,-3.95429,-1.30175,2.18072,-4.91534,-3.71774,-4.27632,-11.3784,-3.27645,-21.96,-979.904,-115.656,14140,-57960,-9100
0.549091,-3.15554,-2.25376,-4.20025,-3.91818,-1.25819,-5.56894,-0.470442,-4.81896,-1.36831,-0.291394,-2.58161,-2.56916,-2.87374,-10.1707,-2.94663,-23.424,-982.832,-119.072,13580,-58520,-9240
3.45272,-1.80901,-0.454363,-4.18329,-3.41323,-2.02655,-7.18762,-3.14044,-0.057713,2.08468,2.01146,-0.952102,1.00286,-2.14543,-12.0932,-5.04575,-23.424,-986.736,-117.12,13160,-57820,-9100
-2.52169,-6.62107,-3.79454,-6.58147,-6.39996,-3.30478,-5.47571,-4.16679,-2.06613,-1.91367,-1.08615,-4.41568,-0.646387,-3.5214,-7.91675,-3.99212,-25.864,-988.2,-117.608,12880,-57120,-9380
0.302712,-0.45221,1.32686,3.89103,2.8236,3.86234,5.21504,1.64663,4.23683,1.41371,1.61697,1.7215,2.79698,3.29067,6.1878,4.5888,-31.232,-990.152,-118.096,13020,-57400,-9240
-2.23567,-0.21185,-2.1046,2.0465,0.934634,1.14222,1.34546,-1.42365,4.58565,-1.78578,-4.2717,-0.130036,-0.400979,0.833059,4.1623,0.890716,-22.936,-984.784,-121.024,12880,-57540,-9240
-3.7997,0.746859,-1.79696,2.54368,3.14193,2.31438,4.39717,2.84316,1.35266,-2.12734,-4.29529,0.00293095,1.00111,1.80888,7.28057,4.22105,-28.792,-986.248,-116.144,12880,-56840,-9100
-5.33836,-2.13171,-2.93025,-4.0136,-2.45416,-0.872549,-4.55551,-2.90565,-1.01569,-2.31588,-1.96067,-2.75358,0.900104,-2.30754,-2.36026,-3.68726,-22.448,-987.224,-111.264,12880,-57260,-8820
-6.1278,-3.18896,-5.41151,-7.33811,-8.17282,-5.77172,-11.2701,-8.13761,-0.108973,-4.01156,-2.91983,-5.19291,-1.29489,-7.17454,-7.8845,-10.9222,-27.816,-978.44,-116.144,13020,-57400,-9380
-6.39732,-4.66448,-6.03768,-4.64783,-7.23635,-4.36322,-6.67064,-3.33178,-2.03431,-3.60138,-2.0218,-6.72648,-2.44879,-7.71368,-1.79489,-6.48898,-26.84,-983.808,-122.488,13020,-56560,-8680
-2.44055,-0.27278,-0.715397,1.48407,-0.231155,0.671018,-0.506411,3.77369,-1.11811,0.35951,1.44854,-1.05331,2.22849,-2.74095,3.22411,0.263286,-30.256,-984.296,-116.632,12460,-56560,-8680
-2.11927,1.73939,1.11931,5.37962,2.57949,1.30799,2.50776,5.44585,-5.35311,-1.85963,0.207293,-0.159832,1.53816,0.419251,5.03361,3.29827,-31.72,-978.44,-119.072,12460,-56980,-8120
1.23286,-0.314927,2.46463,2.94885,2.70293,1.83738,4.58864,5.58716,-1.6803,-0.190749,2.49326,-0.380062,1.60162,2.01433,3.92554,5.48938,-26.84,-979.904,-131.76,12180,-57680,-8120
4.19471,0.533954,3.70296,0.0712216,1.7268,0.421922,3.99729,1.964,2.4447,-1.02073,2.07051,0.0769247,0.668652,1.9833,2.02228,2.67485,-22.448,-981.856,-131.76,10640,-57120,-8260
5.18169,-1.11305,3.9091,-2.13159,-0.649332,-0.444463,-0.244965,-1.12806,-0.359924,0.410151,5.28608,-0.813427,1.15002,-0.375022,-1.80211,-1.20835,-25.864,-978.44,-134.688,10080,-57120,-8260
5.58287,-2.13001,3.5918,-3.91655,-2.7325,-2.5499,-6.02747,-6.36585,-1.11549,1.00766,5.5645,-0.317357,0.40278,-1.16312,-7.31578,-5.61707,-26.84,-976.976,-137.128,9940,-58380,-8400
3.74901,0.0541904,1.85529,-0.405832,0.606243,-0.700784,-0.951123,-3.20507,0.155893,-1.26646,2.04263,0.96493,-1.96174,1.29034,-1.97747,-1.79789,-24.4,-979.416,-140.056,9380,-59920,-8540
0.439169,-0.0657686,0.344285,1.23373,2.88583,1.33556,2.62003,-0.232695,-3.8475,-1.07103,-0.763088,1.45274,-2.21423,1.56691,2.34155,1.52288,-19.032,-979.416,-146.4,9240,-60760,-8540
-2.5505,0.260694,-1.15408,1.1327,1.76203,0.970944,2.777,0.28283,-4.30629,-1.49166,-3.6202,1.22542,-2.11881,1.00022,1.9899,2.815,-22.448,-980.392,-141.52,9660,-61040,-8680
7.68748,10.2168,6.98559,7.96481,8.65021,6.14449,9.14647,4.50124,8.95139,10.0738,5.10904,11.9228,5.32038,6.96805,5.83272,8.63539,-18.544,-977.464,-149.816,10220,-62020,-8260
2.0321,3.78714,2.6,-0.0900156,1.81403,0.131658,0.641472,-3.63158,3.70931,6.75114,1.99837,5.97838,1.09095,1.54885,-2.81192,0.772581,-10.736,-980.392,-158.112,9520,-61880,-7980
-5.53174,-2.90838,-1.70144,-3.08828,-1.35657,-0.454008,-2.37047,-1.84031,-6.23737,1.27554,-1.48629,-0.493084,-1.47933,-0.601818,-4.69714,-0.528425,-14.152,-976,-148.352,8540,-59780,-8260
-7.18649,-7.05381,-5.39875,-6.72122,-5.9508,-3.35625,-5.94498,-2.70813,-7.82997,-0.537689,-3.83658,-4.7561,-3.2113,-3.88383,-7.07283,-2.83875,-9.76,-973.56,-154.208,9380,-60340,-7560
-4.84305,-2.75512,-2.94903,-3.33676,-3.15316,-1.67762,-2.32978,-0.869339,-1.52738,-0.0384237,-5.16294,-2.02714,-1.69368,-0.273399,-3.04289,0.517753,-9.76,-977.464,-158.6,8820,-60900,-7000
0.554552,4.6444,1.76018,4.05041,2.80719,1.98998,4.15648,1.74007,4.53052,2.32133,-4.16899,2.91884,0.747467,3.89248,4.64567,4.2678,-10.736,-976,-150.792,7980,-60620,-6720
11.1439,14.7916,7.88278,14.5289,10.779,4.10526,9.79926,3.87887,16.7299,8.88186,2.27611,11.5675,4.75229,7.94892,14.3077,6.842,-4.392,-976,-152.256,7980,-61320,-6300
12.3098,14.2621,7.55236,13.5147,9.23256,2.86577,8.77509,3.21473,16.541,7.06165,2.78097,10.661,3.52656,6.87759,12.7516,4.44199,-2.44,-978.928,-152.744,7000,-61880,-6160
6.87274,6.21977,3.05768,6.87086,5.49819,1.14089,6.87071,3.18029,5.4046,2.02548,0.930615,3.86266,1.23169,4.0837,8.21356,2.98795,-4.88,-981.368,-152.256,6160,-61740,-6160
3.9226,2.50019,0.258378,3.22369,2.03703,-1.10138,2.28031,0.953097,1.69028,0.262556,1.60035,-0.332109,0.245679,1.05217,3.77385,-0.375303,-6.344,-982.832,-146.4,6020,-62020,-5600
5.03599,3.04535,3.23112,4.19362,3.37978,3.20936,2.98537,5.99217,3.90643,4.24041,7.98517,1.88905,5.21007,2.93521,4.8554,2.89954,-4.392,-981.856,-149.328,5600,-62440,-5460
-0.673515,-2.67624,-1.91172,0.342132,-1.44804,-1.29988,-1.30679,2.11881,-2.77113,-1.08568,2.78525,-3.16447,0.546135,-1.75119,1.43798,-0.000234401,-2.928,-987.712,-149.816,4480,-61600,-5600
2.57525,0.356792,-0.0712175,2.35299,1.6264,0.775604,2.75602,4.60932,-1.96358,0.49964,4.11643,-0.696437,1.92846,0.161855,3.99396,3.04925,-3.416,-991.616,-145.912,3920,-60340,-5600
5.89891,2.70024,1.67914,-0.527011,1.05366,-0.441624,-0.164551,1.80808,3.36122,1.88468,4.25294,0.620124,1.74752,-0.217691,-1.79011,-0.935484,-5.368,-985.76,-146.888,4480,-60480,-5460
-0.649573,-2.129,-1.34757,-5.79312,-3.92623,-1.69547,-5.78125,-3.31436,-2.3358,-2.78904,-0.792172,-3.19805,-1.32189,-2.53059,-8.40685,-6.68699,-5.368,-988.688,-149.816,3500,-59920,-5320
-6.59525,-6.24597,-3.23725,-7.87438,-5.56116,0.601,-5.00438,-0.912865,-9.34256,-5.70636,-3.37813,-6.027,-1.8281,-3.28216,-7.10487,-4.51653,-4.88,-990.64,-147.376,3080,-59080,-5320
-11.6403,-10.7744,-8.23037,-13.0346,-10.656,-2.08451,-7.92101,-3.84974,-8.7397,-9.49115,-7.49511,-10.5028,-5.57605,-8.64868,-8.13033,-6.10424,-6.344,-984.784,-140.544,3220,-57960,-5040
-14.6697,-10.9255,-8.70466,-11.1897,-9.407,-2.96735,-8.11539,-5.00887,-9.37321,-11.4215,-10.8953,-9.9175,-6.43146,-8.22319,-7.39518,-5.13715,-6.344,-985.76,-147.864,3360,-57820,-4620
-20.0473,-14.7144,-11.824,-11.0716,-9.11107,-3.71573,-6.67572,-3.05575,-14.5512,-15.9647,-13.7304,-13.0201,-8.19678,-8.2095,-10.0828,-4.45697,-4.392,-984.784,-144.936,2520,-56700,-4760
-20.2629,-17.8711,-12.204,-13.3891,-11.1956,-4.27286,-9.70302,-3.42686,-14.5298,-16.1826,-12.034,-14.5148,-8.47668,-8.52538,-14.0876,-6.23492,-9.272,-985.76,-142.496,2100,-55160,-4760
-7.83618,-6.48103,-3.51427,-5.27753,-4.05479,-0.816735,-6.66713,-1.2989,-3.70811,-5.32951,-1.39862,-4.15757,-1.48898,-4.02698,-9.42304,-4.16641,-8.784,-984.296,-145.912,2100,-54740,-4620
-5.63865,-6.4476,-2.78372,-7.22375,-6.29724,-3.0266,-8.21095,-5.17598,-2.07995,-4.19641,-0.384314,-3.41854,-1.21614,-4.89422,-9.29731,-6.51278,-10.248,-985.76,-146.888,1540,-53340,-4620
-5.80837,-7.419,-3.32218,-7.97823,-6.8886,-3.10233,-6.39422,-4.14655,-6.62013,-5.33839,-1.56001,-4.53266,-2.17189,-5.39266,-7.58393,-4.53826,-8.296,-982.344,-144.448,980,-52360,-4760
-4.86613,-10.684,-2.76815,-8.0399,-6.06827,-1.01943,-4.87252,-2.33089,-16.6633,-3.69619,0.410147,-5.86486,-0.132598,-4.84668,-6.7083,-2.99061,-11.712,-982.832,-139.568,700,-51520,-4760
-5.64827,-12.9709,-3.73742,-11.3751,-10.5522,-5.09451,-10.6874,-7.32812,-18.5024,-3.34495,-1.90994,-9.13692,-2.45489,-9.32524,-11.9798,-8.49913,-9.76,-982.344,-147.376,700,-50960,-4900
2.41384,1.26242,1.18631,-0.88945,-1.86042,-0.780285,-2.96526,-2.66529,-0.135033,2.43632,0.72851,1.02798,0.141895,-2.52252,-2.72725,-2.60334,-7.808,-981.856,-148.352,280,-50260,-5040
6.64579,4.98786,1.64308,4.64547,1.87456,-0.748427,3.07682,-0.801035,4.72753,1.98961,-0.621986,3.72211,-1.22064,0.492834,5.48748,2.08713,-8.296,-980.392,-144.448,-420,-48440,-5180
15.2666,14.2554,9.15365,16.0245,12.4902,4.63228,14.0571,4.65151,13.8038,9.10389,3.89151,13.1043,4.39084,9.26952,17.6141,10.1566,-4.88,-975.512,-159.576,-140,-48300,-4900
21.191,19.0472,12.83,19.5989,14.6068,3.6625,12.1172,2.2218,21.7685,14.2222,7.65094,16.5399,6.59596,10.6682,17.2668,7.42325,-0.976,-982.832,-158.112,-1400,-46620,-5320
15.9796,14.7343,8.02339,12.1713,8.60451,-0.809439,4.744,-1.62925,17.5689,12.0764,7.97087,11.2142,3.68206,5.73576,9.45939,1.73369,-4.392,-981.856,-152.256,-1960,-45080,-5600
14.5444,15.8619,9.00563,13.6917,11.8574,2.18857,10.4319,3.32985,17.1355,15.373,11.7298,12.8658,6.93541,10.4656,14.3424,7.52325,-6.832,-981.856,-159.088,-1540,-44940,-5460
17.1882,20.6797,12.8178,18.8517,16.6369,5.93089,16.0146,9.25065,21.6764,18.0383,13.5529,18.07,9.78832,16.2537,18.5582,13.569,-4.392,-984.296,-161.04,-2100,-45080,-5460
15.7933,19.6734,12.1541,17.8632,15.1908,7.25451,14.9767,10.3808,22.1069,17.1558,13.1387,17.4959,8.71486,15.4825,16.0255,13.352,-3.904,-986.248,-164.944,-2940,-44100,-5880
12.9965,15.4301,11.0667,17.2984,15.945,9.27476,16.0593,14.0263,15.1557,14.952,13.3365,13.7098,8.51997,13.8703,16.1843,14.3807,-0.488,-981.368,-153.232,-3080,-43540,-6020
3.23945,5.54841,4.19945,9.07599,8.65877,3.47977,9.53502,6.83454,4.94146,6.01563,4.14789,4.3711,2.74359,6.58479,9.38944,7.32767,-3.416,-985.76,-162.016,-2100,-44520,-5880
7.93439,12.6902,7.95475,15.8387,12.9894,5.47249,12.7085,6.16887,12.8138,8.95624,5.59427,10.3792,5.57379,9.76754,13.5373,8.86234,-1.952,-987.712,-160.064,-3640,-43820,-6160
-1.5823,0.924572,-1.16058,3.76491,2.65704,1.34673,2.56734,0.582483,2.56805,-3.23797,-4.53554,0.140892,-0.826149,3.77343,1.18238,2.10744,1.464,-988.688,-162.992,-2940,-44520,-6020
-5.21121,-3.4398,-4.77471,-1.92865,-1.13629,2.08096,-1.27608,1.39969,-4.32953,-7.41983,-6.53673,-4.64348,-1.82384,0.0477645,-3.14562,-0.251458,5.856,-988.688,-172.752,-4340,-44380,-6300
-9.39171,-6.87942,-7.075,-5.88866,-3.3852,0.943823,-4.53742,-0.495128,-9.83692,-11.0081,-8.82133,-7.68759,-4.67556,-2.08133,-4.27253,-2.69881,1.952,-992.104,-153.72,-4480,-43680,-6440
-19.385,-19.372,-14.8749,-19.7339,-15.7278,-6.71233,-16.406,-8.85176,-20.207,-17.0989,-11.9845,-18.4001,-9.84391,-9.48361,-18.3487,-13.5342,2.928,-991.616,-163.968,-3500,-45360,-6160
-16.1544,-17.959,-12.2903,-19.0041,-15.7444,-6.33375,-16.9103,-10.473,-18.2446,-13.0927,-5.47756,-15.7413,-7.14113,-9.64577,-18.8959,-15.4442,3.416,-999.424,-151.28,-4760,-45080,-6300
-13.2651,-14.6666,-7.93361,-14.3428,-10.9504,-2.06527,-8.77123,-6.8436,-16.7712,-8.64273,-3.09055,-11.3828,-5.09842,-6.60963,-10.4901,-8.8762,8.296,-994.056,-164.456,-3780,-46060,-6440
-10.8334,-13.4801,-6.13933,-16.1717,-10.0333,-1.58506,-9.44438,-6.02795,-16.0418,-5.58463,-3.61101,-11.0526,-4.10823,-3.79846,-12.8851,-7.45539,14.152,-1004.79,-157.136,-4060,-46900,-6720
-11.868,-18.0534,-8.44272,-22.0271,-14.0055,-4.17519,-13.8052,-6.54208,-18.1382,-7.51961,-4.98854,-15.3324,-5.78037,-7.95055,-19.7247,-10.243,11.712,-996.008,-142.984,-3920,-47040,-6720
-8.32611,-14.0781,-8.89594,-20.0868,-12.8718,-6.42858,-14.0554,-6.6944,-12.1756,-7.5205,-4.77122,-12.8325,-5.64275,-8.71352,-17.9632,-11.6479,13.176,-994.056,-164.456,-2380,-49980,-6020
-3.1279,-6.94852,-5.58584,-11.8877,-5.86384,-2.45868,-6.14152,0.804238,-6.24043,-6.3462,-5.1148,-5.74553,-1.94239,-4.31172,-9.07265,-4.09199,23.912,-1008.7,-155.184,-3640,-50120,-5880
-4.93361,-5.5896,-6.64439,-8.76402,-5.82477,-3.592,-2.66377,2.53255,-3.45092,-8.34406,-11.099,-4.9577,-4.11612,-5.60961,-4.24139,-1.05365,24.4,-1005.28,-144.448,-3640,-49980,-6160
-0.701746,0.830046,-0.927161,-1.02927,-0.671767,-3.51406,1.46869,1.92853,-0.635078,-4.62737,-9.25654,0.310408,-2.32484,-4.26447,3.08783,1.34279,28.792,-1004.3,-154.208,-2240,-51800,-5600
7.30762,11.4247,9.51134,10.5847,8.42212,1.77868,10.7613,6.08304,7.25368,4.97613,-2.03912,11.4815,5.23313,0.986053,14.2035,8.05787,27.328,-1006.26,-141.52,-3080,-51380,-5740
11.728,17.2499,11.9439,12.9366,5.51141,-1.1749,7.59492,-2.25226,15.8594,7.27441,-1.23883,14.9641,5.22103,-3.06705,11.7183,4.50522,33.184,-1007.72,-160.552,-420,-53620,-4760
10.0412,13.2882,10.6432,7.96247,3.06566,0.199274,2.83948,-3.80691,11.8821,6.89328,6.07166,12.0375,5.72781,-5.75524,2.00219,1.71135,30.256,-1002.35,-131.76,-1260,-52920,-4760
2.90013,2.41121,3.96923,0.0534791,-4.93446,-1.17293,-4.95791,-6.46792,2.16889,2.85861,4.00709,2.7436,1.80876,-13.0201,-5.83759,-4.22885,40.016,-1009.67,-148.352,-140,-52220,-4760
-5.05559,-5.44396,-1.22676,-4.13593,-9.22526,-0.385188,-5.57188,-0.713535,-6.50148,-2.20943,1.83443,-4.41497,-0.480517,-16.4704,-5.11495,-2.62575,31.232,-1006.74,-134.2,-840,-49280,-4620
-10.3121,-13.4208,-4.65977,-9.16946,-15.6641,-3.44983,-7.86055,0.340935,-12.5769,-8.21005,-0.998738,-10.9439,-4.76565,-22.472,-6.00123,-1.37101,36.112,-1006.26,-154.696,2240,-50960,-3920
-2.67142,-6.1245,1.20528,2.11787,-8.24703,-2.02181,0.531133,2.15701,-4.32824,-4.49438,-0.148513,-4.05257,-2.71614,-17.0104,3.6656,4.78872,34.648,-1003.82,-149.816,1120,-49980,-3920
9.316,8.54226,9.28663,20.0775,4.95818,8.4634,11.2069,6.74058,10.5939,6.6983,7.69851,7.7807,3.85934,-7.31175,15.8117,12.253,33.672,-985.272,-165.92,2940,-51240,-3220
10.9182,13.4954,8.82506,24.6844,12.4642,10.0837,11.4725,5.34513,16.349,10.1659,9.2182,10.1323,4.28825,5.71852,16.8023,11.2896,18.544,-781.288,-453.84,3920,-56700,-1400
7.50717,8.56088,0.0891562,14.7722,24.1437,4.4303,7.44612,3.57564,12.8543,9.15275,8.47224,5.68705,3.22532,36.189,9.63697,6.80176,-61,-967.704,-151.28,-4760,-95200,0
7.61191,8.94218,-1.58718,16.2316,25.6286,5.584,7.83649,2.00151,8.95041,9.85674,6.78861,6.24737,3.89823,46.0054,9.13164,4.30083,-9.272,-1052.62,-0.976,4340,-94220,1260
-1.7297,3.32461,-4.53499,8.43243,13.3412,2.90572,3.38887,-0.103766,1.39683,4.80568,0.898673,1.56104,0.667331,32.974,3.61389,-0.797888,32.696,-1035.05,-160.552,140,-91140,3220
-0.912802,-1.91245,-4.55637,-3.48704,1.59443,0.339548,-1.97562,0.617906,-1.38905,3.36198,2.8286,-1.08394,1.22757,14.1439,-3.25827,-3.07249,11.224,-1020.9,-162.016,-700,-70980,840
-0.197408,-5.08188,-6.17245,-10.3298,-6.17099,-5.6979,-5.62475,-3.61153,0.119415,-1.37362,-1.59218,-2.71367,-2.74066,-3.38588,-7.96002,-7.30858,10.736,-1014.55,-152.256,-1400,-54320,-1680
6.12619,3.32022,0.839839,-1.77918,1.52561,-0.949561,3.8062,2.25001,5.80056,1.34072,1.82885,4.01557,1.79181,-2.95659,3.11472,-0.0762412,19.032,-998.936,-153.232,-2660,-47740,-3500
5.00305,3.29141,0.863578,-0.953339,1.49338,-0.931619,4.3218,2.34638,4.27981,0.0583272,1.97112,2.97537,1.08903,-3.34848,4.66861,1.03105,25.376,-992.592,-139.08,-2660,-45360,-4340
-3.83422,-1.1841,-2.93612,-5.1019,-0.303738,-3.44833,1.40699,0.716564,-1.59963,-5.96698,-5.61,-1.9934,-2.56534,-0.820834,0.0832261,-0.3353,22.448,-994.544,-127.856,-2100,-45640,-4200
-9.3497,-4.93217,-3.40547,-9.80292,-6.07207,-4.23117,-5.55359,-3.13488,-6.25997,-8.78741,-6.52685,-5.47364,-3.21361,-2.45888,-8.0633,-6.13091,24.4,-992.104,-121.512,-1260,-47880,-3920
-2.71577,-1.98973,2.07962,-7.50194,-3.71704,-2.63861,-5.04548,-1.59854,-4.56841,-0.884601,-0.161222,0.368285,0.662059,-0.718744,-9.4389,-5.47502,22.448,-985.76,-123.464,-560,-50820,-3220
2.21624,1.74849,4.67416,-1.55996,0.54687,-1.07603,0.826859,4.08683,-1.27915,2.72907,2.93277,4.38084,3.30557,2.74193,-2.76279,0.196437,17.568,-986.736,-130.296,-140,-52360,-2800
0.249954,-1.11233,2.23938,-2.32543,-1.08325,-1.58251,2.16101,4.17426,-2.9204,2.57012,2.30352,0.292796,2.42162,0.116763,-1.15324,2.461,14.152,-982.344,-136.152,-280,-53060,-3080
-6.43413,-10.1016,-1.74183,-8.65819,-7.08489,-2.83041,-1.57603,-1.45374,-14.7339,-1.51439,-1.16565,-7.93389,-1.18088,-4.73154,-4.70284,1.26132,9.76,-980.392,-141.032,-560,-52220,-3780
-2.62655,-5.8563,-0.158971,-6.09235,-4.1832,3.89452,-1.68366,-2.96042,-7.15528,-1.23003,1.89536,-5.0285,-0.100026,-2.04256,-3.13538,0.475572,7.808,-975.512,-142.984,-560,-52080,-3920
-1.97106,-5.13716,-2.02843,-6.33267,-7.69714,1.81867,-8.11556,-5.68994,-5.43357,-5.56896,-1.81915,-5.54692,-3.39735,-6.11131,-7.02744,-7.17528,4.88,-980.392,-144.936,-140,-51800,-4340
-2.25895,-4.51811,-1.90916,-5.7331,-8.39379,-0.474398,-9.61916,-5.93849,-4.83865,-4.91912,-2.49683,-5.28859,-4.5978,-9.73677,-6.48552,-9.14745,6.832,-975.512,-152.744,0,-52920,-4760
-0.139778,1.87448,1.7154,2.55294,-0.703244,4.40493,0.492431,-0.4958,0.526172,-2.6462,-3.17994,0.137256,-1.41555,-6.51527,3.17198,0.0851999,5.368,-973.56,-153.232,-560,-51800,-5320
-2.67201,2.58737,-0.289264,3.58159,1.38742,4.02141,2.40505,0.376089,1.19573,-2.67507,-4.0012,0.38732,-1.1405,-5.99597,4.30772,2.03419,4.392,-971.12,-156.16,-840,-50400,-5740
1.75702,6.94765,3.16478,6.01776,3.84843,5.11661,5.1477,3.2882,7.40532,3.56839,-0.137155,5.28506,3.21764,-2.86083,5.96118,4.77767,0.488,-968.192,-152.744,-840,-49560,-6020
-2.05807,1.66951,1.08783,2.80348,-0.153751,0.24299,2.54242,-0.0528055,3.1172,0.92077,-4.9035,0.47305,-0.404735,-4.87653,3.27935,2.34756,0.976,-966.24,-157.624,-560,-49420,-6580
5.24542,8.18122,5.99043,10.1982,5.3554,2.0308,7.22114,3.54165,8.82108,6.34798,0.122122,6.17879,2.4188,1.34456,9.42082,6.42149,-0.976,-966.24,-156.648,-700,-49140,-6720
5.71122,4.83661,1.84345,6.36162,1.76263,-2.03306,3.96095,3.02769,6.15924,4.7714,1.20057,3.13339,-0.684854,0.395517,4.75674,4.59447,-4.392,-967.216,-161.528,-980,-48580,-6720
-1.20225,-2.2505,-3.24916,-0.888512,-2.53991,-6.05207,-2.36247,-0.4679,-0.623099,0.749368,0.142533,-2.06933,-2.59639,-2.31536,-1.75319,0.35226,-7.32,-963.8,-157.624,-1260,-48160,-6860
-1.07662,-1.16853,-3.03116,-1.39131,-2.35049,-6.78521,-5.30338,-3.61025,2.00288,3.3358,2.47226,-1.91722,-1.27372,-1.56039,-1.93277,-3.54631,-15.616,-966.24,-159.576,-1680,-48580,-7000
-1.7252,-2.95353,-3.95457,-5.28102,-4.0317,-6.24718,-7.96637,-5.65172,4.00537,4.47362,1.49386,-3.19785,-1.43735,-3.7422,-5.89726,-7.50971,-16.592,-969.656,-159.576,-2240,-49560,-7280
-6.51109,-7.97542,-5.25034,-7.64762,-5.90765,-4.75482,-7.59558,-5.70038,-3.05664,1.51239,-3.09774,-5.94298,-2.35808,-4.84384,-8.46032,-6.65245,-17.568,-971.12,-157.136,-2100,-50540,-7420
-7.26423,-9.81746,-3.7156,-4.82809,-2.57066,0.148419,-2.4707,-0.134181,-9.2821,-2.04779,-3.168,-5.0781,-0.885046,-2.10298,-5.36295,-0.781711,-18.544,-979.416,-156.16,-1960,-52500,-7560
-1.69404,-10.2992,-5.83231,-8.55512,-6.26226,-2.71566,-4.84112,-1.5183,-7.70125,-14.046,-5.06956,-4.05532,-2.54823,-4.36872,-8.56604,-3.03754,-22.936,-969.168,-158.112,-1820,-53900,-7700
13.5666,5.28592,1.67583,5.80901,6.32163,5.05617,7.71785,7.13061,1.23891,-12.8288,1.19751,8.07627,3.72769,5.5984,4.4097,7.3707,-14.64,-973.072,-143.96,-1540,-55440,-8540
7.03998,11.2175,2.95606,14.2873,10.0052,3.67674,12.9536,6.91716,4.27497,-5.81409,-2.3311,8.30017,2.54124,7.84031,14.3635,9.00414,-36.6,-966.728,-158.112,-1400,-55860,-7980
5.8941,23.778,12.3469,25.7316,19.5083,9.72754,21.5473,11.5411,16.9035,17.1358,5.31012,17.8488,5.51984,15.7898,25.8229,15.8522,-32.208,-981.856,-161.04,-1820,-56840,-8120
2.72437,14.6415,11.4597,13.5417,12.7578,8.36999,10.0987,6.74138,11.4968,13.7495,5.29553,12.2282,6.08202,12.8624,11.5068,9.34376,-21.96,-993.568,-157.136,-1260,-58800,-8680
3.42691,2.873,4.49439,0.702158,2.57756,1.67695,-1.35409,-3.39626,2.04505,0.0282505,3.40549,0.609327,3.93484,5.39536,-1.54346,-0.606181,-10.736,-982.832,-159.088,-980,-60060,-9520
4.87018,-5.1368,-0.0521615,-6.31092,-3.59322,0.822032,-5.92942,-4.91911,-7.97248,-7.30333,2.81504,-5.61609,0.308657,-0.674327,-7.98572,-4.76826,-25.864,-981.368,-162.992,-980,-60060,-9940
3.21356,-9.15443,-4.50097,-15.5568,-11.0253,-2.38918,-12.0407,-4.76455,-9.29996,-7.85231,1.64743,-10.1211,-3.32195,-7.26032,-16.3685,-9.40318,-23.424,-986.248,-162.992,-700,-61040,-10360
1.66454,-4.13946,-3.38393,-9.73217,-5.10882,-0.5148,-6.11601,-1.70632,-7.49344,-1.39683,3.39542,-6.23239,-2.12227,-2.8905,-8.40527,-3.54843,-12.2,-988.2,-159.088,420,-62580,-10780
-3.4932,-8.17968,-5.554,-8.61571,-5.36472,-2.66501,-5.04678,-3.84326,-8.16151,0.198931,1.79332,-7.32113,-2.75808,-4.57079,-4.21761,-4.43979,-7.808,-986.736,-162.504,1400,-64120,-11200
-2.19747,-1.06458,-2.0144,-2.17936,-2.07694,-1.68561,-1.44975,-2.49805,2.74038,1.31179,-2.05934,-0.0995881,-1.80462,-1.14382,0.214584,-3.80941,-8.296,-986.248,-161.04,2240,-64260,-11060
-1.12866,2.89968,2.6371,2.67697,3.6039,2.21206,1.69156,0.206416,5.10599,2.85492,-0.354729,5.401,3.13318,4.96604,2.36496,-1.20222,-9.76,-989.176,-159.088,2940,-64820,-10780
-7.18785,-2.62917,-1.36965,-0.850451,-0.735512,-0.913662,-2.63826,-2.87677,-0.750694,0.369878,-2.07966,-0.101357,1.3218,1.58469,-2.18963,-2.58223,-11.712,-991.616,-155.184,3640,-65520,-10640
-7.26708,-4.42514,-2.6728,-2.54095,-2.58076,-1.63988,-3.67767,-0.800821,-2.27547,1.69692,-1.25204,-1.75018,0.273457,-1.49107,-3.1852,-0.999095,-9.272,-990.152,-152.256,4340,-65940,-10080
-4.88434,-4.07571,-0.985775,-1.93267,-0.972831,-0.644127,-1.27915,2.27128,-2.43814,3.25122,0.330586,-0.785538,0.135027,-1.79452,-1.62056,2.54563,-9.272,-990.152,-144.936,5320,-66360,-9800
-9.08856,-8.09921,-4.16818,-5.43361,-5.79253,-5.46981,-5.20325,-2.94867,-7.65177,-2.5927,-3.91816,-5.97462,-3.46883,-4.94153,-4.43236,-2.553,-11.712,-990.64,-144.936,6440,-66360,-9100
-4.48831,-4.42596,-2.64629,-2.92852,-3.36679,-4.64674,-2.62027,-3.44596,-3.97656,0.0293632,1.01899,-4.19763,-1.84985,-4.24483,1.40343,-3.04609,-11.224,-991.128,-142.496,7000,-65800,-8540
-6.90775,-5.18659,-5.98387,-5.41476,-6.75609,-7.67638,-6.4154,-6.58106,-2.90423,-2.72877,-2.79101,-7.36937,-6.25007,-8.074,-2.13592,-6.90586,-14.64,-988.688,-134.688,7560,-65240,-7840
-2.1133,1.23584,0.135114,-1.44595,-0.799321,-1.12168,-2.38092,0.886224,4.65705,4.06418,1.77215,-0.616074,-0.868238,-2.60645,-2.25664,-1.99058,-13.664,-989.176,-135.664,7980,-64960,-7420
-4.55447,-1.43125,0.355423,-3.81759,-0.0592535,1.47932,-0.118257,5.51218,-0.889903,0.452674,-1.55466,-1.48743,-0.0430669,-0.624832,-5.08705,2.56616,-12.688,-992.104,-134.688,7980,-63980,-7000
-3.4069,2.03439,1.84023,1.95998,4.24591,4.57627,9.3243,11.0089,-0.435961,-1.54585,-3.58402,0.839352,0.603848,4.22691,2.41355,9.90095,-11.224,-990.152,-135.664,8260,-62440,-6580
-1.17901,2.00527,3.8044,4.47013,6.71479,7.11263,13.57,10.9156,0.741624,-1.46875,-1.90256,2.47263,1.57985,7.53933,8.23425,10.8795,-12.688,-987.224,-136.64,7980,-61320,-6440
