3.33806,-24.1698,-11.7723,-24.8412,-20.0576,-13.1921,-4.83633,0.0216285,3.96122,-0.267403,-2.49275,-13.938,-11.1579,-15.0862,-13.403,1.47824,-256.2,-967.704,-76.616,9800,20160,-1680
14.2755,21.1593,-1.18775,6.28443,1.89623,-3.34762,-0.644558,-6.55244,13.9696,6.01797,6.3868,0.731959,-1.72793,-2.32505,11.2654,-6.80295,-255.712,-969.168,-78.08,9380,19460,-1540
10.5963,45.2775,8.29869,36.2148,25.3029,12.9212,-3.56529,-13.3988,10.6334,5.12852,3.37076,11.2871,7.52323,15.5384,30.3568,-19.0655,-269.376,-965.264,-77.592,9240,18900,-1540
12.8019,32.1447,9.33456,16.0569,12.3417,10.8825,-10.8778,-5.57376,13.3518,10.5012,10.0624,9.67942,9.49033,10.9588,-6.79283,-10.5102,-271.816,-962.336,-80.032,9380,17500,-1820
-7.06551,-14.7073,-1.4584,-9.08605,-4.65349,2.41205,4.67404,12.051,-9.46622,-3.29601,-3.18871,-3.6312,-0.915593,1.21824,-8.45818,15.8935,-268.4,-966.24,-71.248,10080,15400,-2100
-45.1917,-69.2041,-15.3428,-19.5372,-10.9716,-4.45078,23.631,18.7797,-51.7959,-17.8195,-18.0782,-17.7979,-14.7991,-6.34274,13.5125,27.8258,-283.528,-959.408,-82.472,11760,15960,-2520
-42.8912,-45.3077,-4.08923,-20.0497,-12.1167,-8.17325,6.23438,3.22633,-45.7215,-10.4942,-8.58457,-4.3638,-4.24491,-9.1371,-18.2809,8.44183,-284.504,-959.408,-89.304,11480,12880,-3220
-6.78928,14.3172,7.18917,6.37096,5.07908,1.64759,-0.985633,-7.23169,-3.49623,-4.65548,-6.1087,9.13632,7.12916,2.9415,-22.0169,-2.45496,-281.088,-955.504,-86.864,11760,10640,-3500
41.263,42.7492,4.50683,21.088,12.8251,5.53005,1.3419,-12.2677,47.3122,8.47484,9.17055,6.16266,4.33762,6.7807,23.5447,-11.2354,-279.624,-952.088,-82.96,12460,8820,-4200
22.5164,4.33851,-4.95389,-5.24795,-8.10208,-8.7072,-22.1518,-22.5451,24.7775,2.18481,4.68074,-6.47575,-4.88878,-9.15259,18.4937,-32.4045,-275.72,-950.136,-82.96,11340,4480,-4060
-19.1153,-31.8231,-3.50295,-27.1659,-21.5302,-13.886,-30.5298,-11.7434,-21.1463,0.606603,1.09154,-6.24671,-3.16499,-15.6268,-23.6279,-24.9275,-280.112,-943.304,-85.4,9940,2100,-4200
-17.2333,-16.5954,5.62646,-13.0074,-8.67427,-4.38364,-7.42877,3.34096,-19.7612,6.54766,8.45465,4.18434,5.8495,-4.68002,-23.0967,2.2047,-281.088,-945.256,-85.4,6580,-140,-4200
0.768115,10.9863,6.85963,26.521,21.967,15.8517,35.5366,14.9658,0.207706,1.11184,-0.680248,7.27436,6.3655,17.6423,52.7076,27.3136,-276.696,-946.232,-85.4,3360,-2940,-4060
-1.03459,1.92691,0.771965,23.3839,20.1686,16.0933,35.0696,12.0786,-2.20718,2.66295,3.14206,1.02517,0.224874,16.8791,60.0116,22.0969,-277.672,-954.04,-82.96,-280,-6160,-3780
22.8843,32.8477,10.4714,19.5495,15.8547,10.2249,0.0363615,-3.31929,25.819,7.80439,6.4362,15.0022,9.84442,12.2849,-8.66808,-2.33431,-276.208,-952.088,-81.984,-3500,-9100,-3220
80.1071,97.792,21.2112,17.7545,12.2329,7.27707,-30.069,-8.90016,86.6237,20.6914,15.6748,27.0838,20.6488,8.65325,-71.7616,-18.3243,-276.696,-955.504,-78.08,-5740,-10360,-2940
-4.12448,16.187,4.24723,-11.8445,-9.15971,-4.19037,-26.9592,-0.593685,-6.41777,0.137797,2.78829,2.1814,4.80178,-5.22332,-68.7908,-12.3345,-281.576,-953.552,-86.864,-7700,-12740,-1820
-20.6491,-24.9866,-12.81,-8.86713,-8.49186,-7.08737,4.93619,3.29108,-19.9438,-10.2659,-10.9437,-16.2259,-12.2021,-6.8418,9.53419,3.99124,-279.136,-960.384,-83.936,-10640,-15400,-1120
-10.6985,-20.5503,-14.4397,7.30798,4.99418,1.8787,27.1099,5.80769,-10.2667,-9.74231,-8.64228,-15.122,-13.9767,2.61831,68.2405,15.8289,-278.16,-966.728,-78.08,-13720,-17640,-560
-15.2964,-50.7599,-21.6513,-20.9111,-18.0097,-12.2138,9.31051,6.43353,-14.4228,-12.1922,-10.1389,-24.4699,-21.0382,-13.9052,52.0287,8.28254,-267.424,-975.024,-66.856,-15820,-18760,0
-2.97946,-25.7661,-8.69968,-19.0431,-15.2246,-11.0504,-1.16877,5.26264,-2.05351,-1.25876,-2.41783,-9.84218,-8.81952,-11.837,11.2113,4.92692,-277.184,-977.464,-73.688,-15120,-18480,140
11.2805,4.52463,8.37167,-5.09206,-2.6996,-1.17752,-7.50548,1.70578,12.1656,10.0365,9.504,10.5955,7.42482,-1.79536,-22.9817,1.35145,-276.696,-981.856,-76.128,-15260,-19040,420
75.3955,72.9263,15.6851,19.8689,13.3864,6.15243,-2.88291,0.0488717,80.9391,17.0213,12.6569,21.9247,14.6298,6.86499,-23.6126,0.362817,-274.256,-985.272,-77.104,-15260,-18480,560
1.60237,1.41555,3.89178,-5.97227,-2.00932,1.8598,-5.20348,0.435788,-4.40604,2.41307,4.90666,2.42646,4.07578,0.460767,-46.4605,1.74013,-270.352,-988.688,-80.52,-14840,-18480,420
-82.7176,-97.1868,-8.32559,-54.7421,-37.9563,-21.3914,-32.5327,-11.8859,-93.2195,-15.2586,-10.0313,-14.2857,-7.66134,-24.397,-96.6997,-15.0786,-269.864,-989.176,-89.792,-15540,-18340,280
-69.0889,-47.1553,0.826232,1.8968,3.7535,4.02112,7.6682,9.03781,-73.7734,-16.5563,-16.3217,-0.327348,1.33329,4.31786,-1.07304,8.5918,-262.056,-986.736,-82.472,-15960,-18200,420
-35.4021,-36.2392,-9.33452,3.45897,1.99084,2.60566,20.1949,15.5661,-36.832,-9.37998,-8.27489,-11.9481,-8.42058,1.80771,58.7475,17.278,-258.152,-980.392,-72.712,-16940,-20720,1400
-30.3504,1.71104,-11.865,26.2992,19.0158,10.596,43.0044,21.6344,-32.1686,-16.8313,-17.9662,-11.9956,-11.65,12.3975,88.6521,30.5883,-248.88,-977.952,-60.024,-18340,-24500,2520
-14.4001,14.6683,-7.98301,23.8142,18.3929,11.6902,27.2861,9.83555,-12.9915,-11.0468,-11.3235,-7.40088,-8.50385,13.0057,55.1419,12.8857,-256.2,-983.808,-58.072,-19320,-27160,3640
47.6036,63.6617,10.7403,16.667,11.6319,4.73454,-16.6428,-25.3701,54.1509,3.27629,1.83721,16.263,9.60228,6.19102,-23.8029,-32.7712,-254.736,-985.272,-59.536,-20440,-28280,4340
61.8044,80.1881,25.8125,23.5751,18.3294,10.8104,-23.5215,-30.8275,65.0253,19.9249,15.876,31.4494,25.0784,12.6528,-46.9735,-31.5822,-261.568,-994.056,-69.784,-19600,-28280,4480
38.1931,39.4548,12.1433,11.2352,6.57473,0.699778,-15.7963,-23.948,39.8887,20.9247,21.3164,14.1495,12.0585,1.59881,-0.698296,-17.0838,-265.96,-989.664,-81.008,-16940,-27440,3780
-1.00519,-14.5696,-8.6699,-14.4196,-12.6349,-8.36884,-8.75483,-5.61489,0.953454,-4.21089,-2.22189,-12.6558,-8.47274,-9.92088,23.4394,-12.5019,-261.08,-990.64,-89.792,-17220,-28980,3920
-26.951,-68.9443,-14.0104,-54.4014,-42.0223,-26.6018,-29.8274,-4.12852,-28.0208,-3.59366,-1.36977,-19.4167,-13.9945,-29.597,-38.8401,-20.2052,-255.712,-991.616,-89.304,-17780,-30800,3920
15.406,7.29355,5.28507,3.87358,1.41906,-2.87463,7.95834,0.818931,16.2469,9.24969,6.92227,7.63599,4.53905,-1.56318,20.6689,5.9742,-249.368,-988.2,-83.448,-16940,-32340,3640
44.5229,51.1944,15.7985,35.7995,29.3052,21.2757,36.581,7.17641,46.9025,18.5702,14.3606,17.8946,15.6932,23.067,59.4507,28.8509,-252.296,-988.2,-81.496,-16240,-33600,3500
13.1452,5.18123,7.23523,4.15784,5.31152,7.79468,1.86726,-6.33913,11.8824,17.0557,18.2094,4.94022,8.07157,7.26391,-7.54612,4.56848,-253.272,-991.128,-82.472,-15120,-34580,2660
0.805184,-18.3662,-1.08,-28.5931,-23.0315,-13.4626,-38.2099,-9.14476,0.207338,8.85865,8.07063,-3.87139,-0.15404,-15.3545,-67.9485,-24.712,-243.512,-997.96,-70.272,-13300,-35700,2240
-10.7193,-6.83986,-4.6127,-5.38658,-5.88562,-6.78193,-15.4836,3.82141,-12.2779,-3.11239,-1.33836,-2.36426,-4.69199,-6.03698,-26.6955,-8.53384,-265.472,-1013.09,-61,-10500,-37100,1540
-26.9518,1.08002,-4.54242,9.2859,8.13083,6.40401,-1.48733,9.15556,-28.9055,-22.24,-18.6176,-2.12126,-4.74879,6.71781,-15.0839,2.49122,-243.024,-991.128,-104.432,-6020,-38220,0
-55.6166,-57.102,-22.6526,-21.0877,-17.0582,-10.1885,-3.63962,14.8001,-59.3406,-27.5084,-27.1092,-25.778,-21.7116,-12.0237,-15.299,4.82215,-267.424,-987.224,-84.912,-5740,-39760,-280
-15.1215,-46.6176,-14.0819,-24.6794,-19.5323,-13.3544,0.733323,15.3209,-14.9295,-8.06442,-8.98722,-15.5213,-13.4784,-14.8998,-4.50663,5.7876,-260.104,-983.32,-85.4,-6860,-43540,-1120
24.2524,6.76161,6.82092,3.38028,6.19228,8.33938,24.1048,28.0207,26.4554,1.87507,-1.56452,6.57991,6.94438,7.87393,14.4071,23.5314,-261.568,-978.44,-80.032,-6020,-46060,-1820
24.8347,28.6622,14.6973,27.0835,24.5311,18.6564,31.6074,15.8546,26.5543,12.1475,12.6964,15.1974,14.2876,20.3222,23.5878,28.3115,-259.128,-974.536,-74.664,-7700,-48720,-2520
22.862,51.6287,17.6625,30.7632,23.689,14.4789,1.11778,-20.2904,22.9502,12.4273,13.7424,19.4789,17.1949,16.3797,-2.26828,-1.99155,-256.2,-980.392,-70.272,-10080,-51100,-3220
-14.5344,18.1892,7.1054,17.1423,13.5793,10.1453,1.972,-15.8885,-17.2176,2.79148,3.59408,7.5831,7.03622,10.3534,-0.938232,-1.33706,-259.616,-980.88,-59.536,-10360,-52080,-3360
-5.82688,-8.72108,-4.91022,-3.73299,-1.93428,1.37897,19.7686,7.91552,-4.80497,1.66051,4.3229,-5.40348,-4.48834,0.461774,29.2587,15.0445,-266.448,-983.808,-58.56,-11620,-56420,-2660
-0.762894,-31.3155,-15.4054,-17.2594,-12.9762,-9.97107,30.8054,17.0472,0.931274,-8.32092,-8.17831,-16.6449,-15.3045,-9.94827,51.0584,24.4327,-263.52,-962.336,-61.488,-11900,-59220,-2100
-1.31285,-13.0781,-9.71181,-9.12857,-6.98117,-5.77296,13.7925,15.3913,1.02448,-11.3875,-9.79651,-9.04563,-10.1378,-6.05388,20.5854,16.146,-277.672,-975.024,-71.248,-12040,-60900,-2380
-17.1025,-17.9684,-7.17655,-11.4243,-12.9216,-12.4609,-24.2643,-0.10118,-18.4556,-8.38701,-8.22823,-8.17304,-7.42675,-12.6602,-9.35955,-13.7565,-267.912,-985.76,-70.76,-16380,-62440,-3080
18.847,17.0875,1.66485,5.18848,-0.688162,-3.65094,-17.6391,1.15141,21.6543,5.16167,0.150898,3.23384,1.61117,-3.01437,5.34165,-12.3509,-265.96,-971.608,-72.224,-16940,-63420,-2940
27.744,27.2035,-0.558898,3.15323,-0.885371,-2.33326,-16.7297,-4.54453,30.1738,3.44313,3.13936,0.980873,-0.323328,-2.33282,-3.48342,-19.3132,-275.72,-969.656,-61,-15960,-63560,-3080
-29.1762,-3.24831,-3.3036,2.98403,2.50747,-0.0368566,-11.8456,-20.059,-33.6177,-13.8114,-12.0482,-3.22473,-3.55956,0.474569,-20.7576,-25.2659,-273.768,-963.312,-55.632,-14140,-63840,-3220
-89.6761,-66.2457,-9.07327,-17.9679,-10.117,-5.75267,-18.4982,-30.2159,-100.482,-13.0292,-7.12755,-12.5084,-9.02729,-6.28232,-50.7647,-22.4926,-275.72,-963.8,-61.488,-11620,-62580,-3640
-33.6015,-35.9198,1.0345,-23.5136,-16.4196,-12.8722,-29.101,-32.807,-34.9378,5.20398,5.64108,1.89899,0.276638,-12.8359,-80.0526,-21.0129,-273.768,-957.456,-62.952,-9380,-60340,-3360
81.4657,80.72,24.3637,14.13,9.45235,4.23557,-29.8763,-23.0164,90.1746,20.2869,10.9056,31.3367,23.1066,5.26406,-50.4523,-25.3954,-269.864,-957.944,-59.048,-9100,-59640,-2940
40.4457,14.4186,7.00611,-9.40601,-11.4054,-9.76739,-35.516,-16.3375,41.3518,7.39272,5.54443,5.60095,7.16419,-10.8069,-0.16434,-35.7051,-267.912,-956.48,-53.192,-8540,-58940,-2660
0.483688,-3.7729,-10.6602,11.1425,4.28544,-0.394319,19.9456,10.0095,2.85758,-12.1437,-12.2097,-11.6031,-10.0242,0.927564,78.9576,10.0919,-264.984,-959.896,-60.024,-8120,-58800,-2240
22.6765,20.9371,-7.7486,13.8323,9.82564,7.53292,35.8295,17.5567,26.5465,0.874673,3.39873,-9.35652,-7.1538,8.44316,76.5021,30.0522,-268.888,-956.968,-53.192,-9100,-58380,-1680
0.409193,-4.69177,-1.56519,6.8169,8.5567,9.612,39.1451,23.4461,-0.560923,1.81459,3.81349,-3.85296,-1.15652,9.02781,57.1254,35.7132,-269.864,-962.824,-52.216,-8680,-58800,-1400
-13.2689,-14.9628,8.37099,-6.16839,1.85002,7.94459,14.0581,19.1339,-15.1253,4.34619,2.32139,7.28157,8.21391,7.09541,-16.2854,21.8565,-268.4,-959.408,-54.656,-6300,-58800,-1400
40.7464,29.8742,13.0829,4.25426,4.85018,4.98927,8.38961,11.4793,45.8466,18.2961,17.508,14.4979,12.5981,5.53676,-24.1877,12.7078,-269.864,-963.8,-58.072,-4340,-58100,-1820
49.971,60.3329,19.9806,28.13,23.7098,16.8519,13.2192,6.57532,51.561,13.298,9.74823,23.334,19.578,18.7178,-1.28946,9.79608,-271.328,-958.432,-57.096,-2660,-57820,-2380
-39.7942,-27.6773,8.56324,3.04269,8.91231,12.6568,7.15773,8.23501,-49.566,-4.95748,-3.40755,6.25896,8.96294,11.2348,-8.42823,8.34609,-265.96,-956.968,-57.584,-1400,-57680,-3220
-78.4522,-72.6928,-2.02274,-13.1087,-5.25638,-1.27816,-3.74126,1.1429,-85.5749,-16.2433,-13.5844,-4.34477,-1.78517,-2.10316,-28.293,-1.23795,-261.568,-959.896,-62.464,-700,-57540,-4060
-17.2711,-7.66364,-0.487189,11.9944,9.00106,4.82105,10.1254,0.529256,-13.9715,-5.67228,-4.60865,-0.0884508,-0.618855,5.32671,12.8958,3.7234,-256.2,-952.576,-69.296,-140,-57540,-4200
-29.8686,6.99584,-17.4617,30.6338,19.31,12.2832,32.0786,12.2491,-30.234,-12.1152,-6.25647,-19.219,-16.6789,12.7171,79.8165,23.6151,-253.76,-944.28,-70.272,-560,-58240,-4340
-54.301,-36.4582,-24.2217,-21.0325,-20.176,-13.9732,-24.3247,-9.61317,-59.0635,-9.42548,-9.33351,-28.5286,-23.5163,-15.3072,-35.9815,-12.3305,-251.32,-951.112,-68.32,-1540,-58660,-4200
35.5259,-20.2413,-15.9466,-66.7779,-57.1228,-42.6068,-62.9046,-25.2035,40.5976,15.999,14.2967,-17.5247,-15.8148,-46.1565,-116.189,-42.5344,-249.368,-950.136,-67.832,-2240,-58660,-3920
43.7061,-8.44852,-6.33919,-40.427,-35.4812,-29.2202,-28.9496,-7.70374,46.0243,7.04362,5.92795,-5.88684,-6.43444,-30.5392,-41.166,-25.1555,-249.856,-947.208,-63.44,-2380,-57540,-3640
32.3488,42.1335,11.6922,31.529,23.4671,12.5753,21.8795,7.78191,34.1646,2.73971,-1.3436,17.3091,11.1111,15.451,49.5864,9.14512,-248.392,-951.112,-67.344,-2520,-55580,-3500
32.1715,53.1051,14.6712,35.2269,28.4734,20.6328,22.3814,3.34411,33.5557,8.10018,8.06885,17.866,14.5111,21.9551,52.5275,11.2087,-244.976,-949.16,-70.272,-2520,-54600,-2660
-23.419,-11.1982,-2.57479,0.383979,3.07346,5.92536,9.85493,5.84965,-27.0396,-7.72605,-6.64062,-4.06203,-2.39507,5.00456,13.782,10.3283,-249.856,-955.504,-73.2,-3080,-54040,-2240
4.95471,10.8974,-0.819711,6.78544,6.34935,3.99872,11.7549,7.11716,6.92258,-0.0409036,1.22778,1.13672,-1.03184,4.48067,14.3334,11.4921,-249.368,-953.064,-78.568,-3920,-53480,-1400
39.729,31.664,1.65653,21.0366,15.9859,10.2257,28.2964,8.15159,44.4569,5.30867,3.41656,3.83083,1.5609,10.6766,59.0277,15.6671,-259.128,-946.232,-82.472,-3360,-55720,-700
56.6598,36.5625,7.20771,4.15857,3.18239,3.3822,1.89767,-1.69268,61.315,9.46815,5.06769,8.38702,6.83281,3.03566,7.45061,0.341708,-259.128,-935.008,-41.48,-1120,-65380,840
-27.7438,-34.6582,2.56048,-16.1521,-9.73032,-3.70046,-15.9448,-4.41308,-34.2423,-4.47173,-2.30036,-0.162883,2.53222,-4.32683,-39.3281,-6.54112,-243.024,-941.84,-47.824,-11620,-63560,3500
-42.3405,-36.9488,3.80406,-10.0847,-7.42564,-6.22148,-31.6917,-12.702,-47.3721,-7.01069,-7.90169,4.55721,3.64439,-5.44521,-59.3785,-19.2936,-251.32,-943.792,-46.36,-14280,-54040,3500
12.2344,19.9778,11.0432,-5.10111,-8.30831,-9.54901,-48.028,-19.7836,13.4565,13.757,13.3083,13.4306,10.9092,-9.20365,-59.6648,-35.2666,-256.688,-937.936,-59.048,-14700,-48580,3360
-17.876,-19.9139,-6.3689,-30.8517,-26.2192,-17.7398,-42.2092,-6.8865,-17.4743,-4.68498,-0.130454,-9.58119,-5.9597,-19.5872,-63.9359,-22.2056,-264.984,-930.128,-57.584,-15960,-48300,4340
-47.748,-42.3832,-22.9976,-29.6526,-26.7615,-21.5348,-22.7707,-4.11833,-46.6676,-21.2034,-15.5336,-26.4798,-22.5798,-22.2128,-36.4989,-11.2708,-266.936,-932.08,-59.536,-18480,-49140,5180
-19.6535,4.51944,-17.9269,18.5118,11.3438,1.39233,30.6915,-2.07375,-16.9477,-15.6078,-12.443,-16.1125,-17.6897,3.55512,66.3804,10.0084,-272.304,-928.664,-61,-21420,-49280,5740
14.1811,15.8199,-1.0547,30.5756,24.8146,15.0132,43.1878,-1.09445,13.8615,-3.65494,-8.29399,0.60627,-1.35491,16.7331,87.5462,14.9755,-271.328,-934.52,-55.144,-23800,-48860,5880
10.3009,25.0353,15.865,36.1558,32.3684,24.1164,40.4146,7.78335,9.8193,7.12722,4.37368,17.2653,14.8329,25.6888,69.2777,21.7436,-276.208,-933.056,-63.44,-26040,-48020,6160
21.7391,53.3852,21.7464,49.3919,43.2466,34.2226,41.9937,17.4426,23.7786,2.91473,1.66969,24.5318,21.1045,35.9802,62.9214,29.0153,-277.184,-941.84,-65.88,-26600,-47460,6160
-13.8046,3.95505,9.96565,28.6349,26.0828,24.331,27.091,15.2271,-16.2867,-3.03608,-3.75694,9.01959,10.5019,24.4302,50.3339,18.8723,-282.064,-942.328,-84.424,-26460,-46760,6300
-32.4626,-33.7918,-0.243972,-21.8135,-12.5027,-1.6543,-10.229,5.70304,-35.7934,-4.00732,-1.87972,-3.0682,-0.0779566,-4.08247,-41.8084,-0.534862,-249.368,-943.792,-13.176,-26040,-44800,5740
-71.2853,-94.5103,-8.76666,-79.5727,-56.6992,-31.364,-64.7251,-10.0215,-80.668,-12.6277,-11.905,-14.7371,-8.00693,-36.2411,-172.155,-28.4714,-281.576,-956.48,-55.144,-31080,-42840,5880
-29.7553,-57.0925,-9.384,-47.3175,-39.3249,-30.3261,-42.4952,-6.1981,-29.4184,0.0772371,1.72343,-10.4554,-8.83381,-31.2115,-93.7071,-21.4655,-282.064,-931.592,-83.448,-30380,-43820,6300
68.2401,40.6944,-1.25255,5.31344,-4.14694,-12.24,1.59628,-0.854276,77.2798,18.3635,16.7515,2.97654,-1.64771,-10.174,35.1334,-4.98231,-273.768,-939.4,-68.808,-31220,-42980,6860
73.4069,61.8095,5.62921,24.3326,15.6454,6.3308,24.2272,4.52206,78.9682,15.8918,12.5374,8.70366,5.14859,8.36264,58.8579,11.3624,-270.352,-945.256,-54.656,-34020,-41720,6860
24.8576,22.7311,-1.69225,15.4535,12.0048,8.05741,21.7352,3.48333,24.6723,4.56792,5.61388,-2.8163,-1.31073,8.64641,40.497,12.5624,-272.792,-948.184,-58.072,-36260,-40880,7140
-14.1326,-39.8807,-12.4616,-18.4728,-14.8434,-9.22187,-0.590556,-5.32961,-18.6487,-3.67238,-4.32594,-18.1669,-11.3704,-10.3348,10.4379,-2.32802,-277.672,-940.864,-69.784,-36680,-40740,7420
-36.0814,-66.2382,-14.81,-33.184,-25.7266,-17.0296,-10.0403,-6.0971,-40.9271,-1.82459,-0.566928,-19.3052,-14.2636,-18.5069,-17.4386,-4.38907,-274.256,-942.328,-63.928,-37940,-41020,7560
3.56261,-11.0552,5.30074,-11.476,-5.93112,-3.23392,-2.22501,-1.56579,5.2888,1.81786,0.524207,7.2401,5.00974,-2.80443,-22.4526,3.52107,-275.72,-932.568,-73.2,-39060,-40880,7840
34.7568,27.4132,10.8152,19.1053,16.2338,12.3338,23.0303,10.387,39.3752,4.63051,1.77449,11.8058,10.4742,14.0209,45.2699,16.9457,-278.648,-935.984,-66.368,-41160,-41300,8680
12.5854,12.9362,5.16365,15.8111,13.2551,10.6663,20.0748,9.08233,12.4334,4.13072,4.83131,5.60236,4.75252,11.8486,41.4141,14.6792,-270.352,-934.52,-68.808,-42840,-42840,9240
-0.320322,30.616,0.404671,32.3988,25.0015,16.7566,22.3523,10.0595,0.388994,-6.94759,-7.36875,3.0702,-0.202709,17.9162,40.679,14.2369,-268.888,-934.032,-67.832,-44660,-43260,9660
-9.98018,-1.79749,-8.77507,-8.42813,-7.30143,-3.63091,-23.2101,-3.87895,-11.4416,-2.32034,-1.44234,-8.69688,-8.982,-5.83906,-34.7695,-14.5053,-267.912,-931.592,-74.664,-47880,-44520,10220
23.0369,22.4136,9.43992,-28.6508,-24.6427,-19.7912,-65.7555,-26.1404,24.5893,10.7408,10.1582,13.2063,8.86119,-20.8416,-123.899,-43.9156,-264.008,-944.28,-68.808,-50540,-45360,10780
19.2503,37.8289,8.62375,5.6433,0.0173175,-5.05659,-20.8832,-13.5513,22.0853,5.72716,7.08124,9.96009,8.53771,-4.83367,-34.2096,-19.7021,-263.032,-935.008,-74.176,-51800,-46900,11340
-4.49768,37.2688,-0.332464,38.4384,28.0402,16.131,33.575,11.4964,-3.09958,-4.3386,-0.244095,1.02782,-0.834346,17.3469,57.7265,18.7281,-257.176,-928.176,-76.128,-53060,-48440,12180
-35.3197,22.4669,5.57138,46.2109,39.8653,31.3755,42.7299,18.193,-39.3692,-9.64219,-10.2674,6.6444,5.71804,31.5302,62.5853,30.5462,-251.808,-919.392,-64.904,-56980,-51240,13580
-43.9772,-10.3149,9.17765,24.2977,23.9906,21.7776,24.5159,8.25053,-49.6265,-2.48623,-2.11339,9.15697,9.36619,20.8139,35.4719,16.4519,-249.368,-918.416,-70.272,-64540,-55020,15820
-15.9208,6.74922,0.705142,24.1835,16.9248,8.58746,14.7821,-1.10376,-16.5235,-1.57325,-1.7282,2.55902,0.350017,8.65424,50.0952,1.37524,-237.168,-910.608,-38.552,-69440,-57540,17500
44.8739,27.9205,-2.26245,1.77797,-4.04063,-7.26707,-2.54283,-8.69776,50.6083,7.43892,2.91092,-0.018107,-2.23681,-7.10107,28.7273,-12.0763,-243.512,-935.984,-64.416,-81620,-59640,20020
51.9304,14.3837,-2.95762,-29.2981,-26.9401,-19.8599,-27.1638,-11.5152,56.6702,10.8277,10.5864,-3.16836,-2.39626,-20.7508,-33.0036,-19.7882,-249.856,-933.056,-78.568,-87360,-56980,20020
12.8968,-34.5437,-11.0937,-46.6289,-38.8019,-26.506,-35.0187,-5.74073,13.1571,1.72307,1.20417,-16.0457,-10.062,-28.6248,-39.9316,-17.4318,-253.76,-940.376,-74.176,-90160,-55720,20160
2.6962,-48.5695,-5.14476,-48.7164,-37.5362,-25.0321,-36.8195,-5.40883,1.02403,9.62976,9.89633,-9.04214,-4.82428,-25.859,-62.8191,-17.6833,-253.76,-941.352,-69.784,-89880,-54180,20300
-6.08005,-19.3288,12.5792,-8.48433,-0.849306,1.69742,-2.25664,-0.418398,-9.30945,5.11312,5.11544,13.1962,12.4044,3.29181,-35.2019,2.75454,-265.472,-943.792,-88.328,-86940,-51380,19740
-22.1164,-28.7686,6.798,-2.5121,4.60807,8.69816,12.6057,4.86721,-24.9994,-7.25076,-6.97201,4.78954,6.87064,9.11719,-8.14491,11.6032,-269.864,-935.496,-112.24,-81060,-49280,19320
-72.3338,-102.929,-22.3483,-46.0769,-32.9255,-18.2287,-10.1393,2.82189,-78.2266,-17.7163,-12.7397,-30.1369,-21.7167,-20.9785,-42.443,-0.413224,-263.52,-928.176,-106.384,-79380,-48160,19460
-27.0902,-13.0764,-13.7523,2.75215,-0.876083,-5.41504,3.57319,3.61155,-23.958,-18.6095,-19.4942,-11.3508,-14.3692,-3.83305,4.8987,3.26088,-266.448,-919.88,-96.624,-79240,-48300,19880
29.3082,74.9415,11.7191,42.9887,36.4354,25.543,13.9036,4.70708,35.3274,-5.73631,-6.46965,18.8827,10.7366,28.2935,13.343,10.2594,-267.424,-928.176,-85.888,-81480,-49000,20580
-1.86923,31.7338,12.7869,29.4507,31.4911,31.1438,19.0907,10.2478,-2.39038,-12.5988,-12.1472,14.2982,12.4743,31.7102,5.2708,19.3515,-269.376,-935.984,-93.208,-83580,-51100,21280
-2.78439,33.205,13.5464,38.3529,34.8647,29.6868,23.462,7.10174,-2.62718,-7.50023,-9.53536,15.7507,13.4537,31.2036,30.2528,16.5144,-261.568,-931.592,-95.16,-84140,-53760,21840
-20.66,27.8487,4.04956,34.7233,30.797,26.7996,15.0445,3.58254,-20.2106,-13.1028,-8.94324,4.95307,4.41116,27.4311,21.3479,8.72634,-265.96,-936.472,-89.792,-86100,-54740,22260
-38.7454,-28.2318,-19.2383,-10.9256,-6.85469,1.06042,-5.39998,0.0782731,-38.441,-23.1122,-20.4783,-23.0007,-18.1519,-1.54244,-2.81257,-0.163949,-262.544,-937.936,-89.792,-89040,-57120,22960
-27.2693,-59.6382,-24.4017,-43.8272,-41.4253,-35.2088,-37.4405,-19.9623,-31.042,-2.74362,-2.44164,-27.4224,-24.0487,-37.5608,-32.6923,-29.5709,-261.08,-934.032,-78.08,-92120,-59500,24080
-31.3728,-36.8183,-25.786,-24.5965,-35.4697,-44.4345,-30.3209,-26.3601,-36.3134,-5.93243,-5.65021,-25.8358,-25.9355,-43.8264,-3.3716,-37.5103,-261.568,-941.84,-78.568,-94220,-60200,25060
13.9968,3.71563,-14.07,-19.7516,-27.1935,-31.9772,-9.59893,-13.947,17.3788,4.84479,1.95485,-13.6962,-13.9533,-31.1162,6.31809,-17.5959,-280.112,-945.256,-94.184,-97860,-59780,25760
57.335,5.22685,-0.970302,-37.6653,-35.1517,-25.8093,-8.91745,2.63158,62.1419,26.6192,26.517,-4.57006,-0.566852,-27.3166,-16.3202,-1.84233,-274.256,-949.648,-94.184,-99820,-58520,26320
45.0014,-9.15093,-1.30802,-22.2419,-22.2363,-25.6511,4.77091,7.74018,44.4997,30.3514,28.8645,-3.11333,-1.4916,-25.5786,24.0586,2.63269,-273.28,-943.792,-93.696,-98700,-54880,26180
26.8781,-1.65885,-3.17097,-6.80416,-13.6928,-25.5607,0.307604,-3.80548,24.4889,29.017,30.3153,0.215524,-4.05215,-23.0511,34.6475,-9.93659,-275.232,-952.576,-92.72,-98700,-52220,26600
29.7036,34.765,0.421964,11.9261,4.09721,-5.27596,8.88521,-2.03773,31.7713,15.032,16.9151,5.38918,-0.308588,-2.9914,27.9983,-0.0783663,-279.624,-947.696,-97.6,-97860,-49140,26740
27.7022,27.2428,12.2865,8.70254,10.0211,14.1604,0.0488405,4.42526,27.184,17.3134,15.2296,11.6179,12.4612,13.5639,4.49517,3.17196,-284.016,-958.92,-94.672,-95900,-43680,26740
4.03708,1.84983,25.5912,1.81896,11.4568,24.7256,-3.96195,14.4799,0.640646,24.0279,24.3851,20.8084,26.8953,22.5804,-28.2816,12.2845,-289.384,-955.992,-97.6,-93660,-39480,25900
18.6072,32.2577,33.9646,27.2249,34.176,39.0298,19.8052,22.9947,21.5184,20.8904,17.386,32.8821,34.1785,38.6473,-12.1543,30.1593,-283.04,-952.576,-104.92,-91840,-36260,25200
43.205,48.6457,35.4743,48.0647,50.4759,47.1161,41.4008,17.6878,46.967,13.5498,10.1095,37.2049,34.7689,48.6115,28.5602,36.4801,-283.04,-961.36,-105.896,-91420,-32060,23800
-5.32242,10.0882,23.4367,48.7799,50.334,46.8739,49.794,11.7176,-7.07502,-16.0876,-18.3043,23.9075,23.0465,47.8622,52.9588,34.3276,-287.92,-966.24,-120.536,-89320,-29260,22400
-17.3673,-6.3897,8.88313,26.0777,26.7458,27.953,28.85,4.37223,-18.3564,-25.5093,-28.8202,10.0167,8.64071,26.5239,27.8989,17.2578,-287.92,-959.408,-121.024,-83440,-21980,19600
-36.7976,-9.8529,4.8956,10.732,13.7559,15.2818,7.24684,-0.142827,-39.2916,-26.8659,-25.5831,6.23816,3.99849,14.2984,-20.6122,6.5054,-283.528,-950.136,-115.656,-79380,-17780,18200
-50.5557,-42.2446,-5.14119,-13.1043,-5.13235,1.75916,-6.16387,-1.26079,-54.0198,-28.2626,-28.2453,-5.9921,-5.4478,0.896029,-38.9809,0.397683,-275.232,-939.888,-107.36,-77000,-15820,17500
-18.3672,-15.7062,-7.08069,-2.57516,-1.58224,-2.65954,-9.41478,-3.63469,-19.1628,-15.1194,-15.5108,-2.53974,-7.29428,-2.1955,-19.9078,-7.85669,-276.696,-944.28,-105.896,-77840,-9800,16520
8.22655,29.3194,-5.93843,6.18042,-1.61134,-6.49994,-29.7709,-14.2022,11.5842,-10.9659,-10.9092,-3.44257,-6.03905,-6.57935,-13.8804,-28.8447,-275.232,-947.696,-101.992,-78120,-6020,15680
43.8313,56.6771,-3.42253,6.43889,-3.0359,-8.59893,-26.4351,-13.8359,50.5803,2.00707,0.402884,-3.39387,-3.18842,-7.70687,2.55982,-26.2659,-274.256,-943.792,-92.232,-76300,-1960,14560
13.6137,8.82852,-13.2162,-4.4721,-7.90128,-10.1894,-3.29746,1.53272,15.4227,2.34957,5.22486,-12.1438,-13.3162,-9.8645,21.225,-5.74452,-263.52,-1021.38,27.816,-71540,840,14280
-9.99013,-9.67545,-30.5741,-9.79376,-17.5576,-27.677,-1.66777,2.10815,-9.23537,-11.0352,-8.53794,-20.802,-31.4768,-27.0528,23.7906,-11.1798,-287.432,-965.752,-57.096,-50820,3220,15120
-28.6357,-17.5147,-44.1273,-24.4313,-31.0601,-42.2456,-13.1815,-9.9785,-30.8399,-18.9226,-13.4646,-37.8088,-44.2203,-40.6312,5.76576,-18.6465,-291.336,-941.352,-105.408,-39200,2940,14560
-54.4356,-45.8977,-41.0249,-43.6932,-39.9447,-33.3009,-13.4508,-11.596,-55.2846,-25.2549,-18.691,-49.7141,-39.0098,-35.0889,-28.5835,-9.04907,-293.288,-949.16,-116.144,-33740,3500,13860
-23.7481,-35.2083,-14.9231,-40.1587,-37.4086,-26.0644,-30.6721,-12.8176,-24.3025,3.55,3.54883,-26.6745,-12.8522,-28.376,-47.0345,-21.7115,-308.904,-938.912,-153.232,-24920,4200,11480
3.95859,-28.3391,5.27188,-25.2052,-21.8493,-11.3033,-11.4246,2.3381,3.86391,23.3589,24.5467,-5.36998,6.31494,-13.0109,-12.9263,-0.543859,-299.632,-943.792,-168.848,-26180,5320,8120
-2.80842,-13.0859,23.0348,1.77139,6.59943,9.68983,13.4564,10.0952,-3.63226,20.6639,17.9445,17.8954,22.4408,10.9868,10.1353,20.7004,-307.44,-935.984,-180.072,-29120,5740,6300
14.2149,3.19669,22.3373,13.6459,17.8752,17.485,20.5365,5.81971,13.9228,20.7898,18.8214,23.3467,21.401,18.9134,20.7753,18.7181,-291.824,-941.84,-168.848,-31500,3220,5320
35.0101,5.595,19.3558,2.4252,6.44089,9.34833,-11.4512,-2.04779,33.8241,19.43,17.9742,25.4081,18.4834,8.71388,-12.5065,-3.54401,-292.8,-937.936,-152.744,-27580,1120,4900
12.0983,-0.241056,10.6658,-11.719,-8.85917,-8.54703,-38.6337,-17.2617,9.04677,9.91312,8.68814,12.2748,10.7796,-8.43004,-57.5063,-27.1621,-290.848,-937.936,-150.792,-20160,-3080,4480
-45.2524,-29.9413,-9.98116,-16.947,-16.9428,-16.4713,-24.5254,-13.8684,-50.1357,-7.47927,-3.8962,-14.0801,-8.97556,-16.8999,-42.9154,-22.3696,-281.576,-935.008,-156.648,-14140,-7560,4200
-46.9468,-40.7595,-10.3898,-18.4768,-18.8325,-14.139,-19.2162,-4.71516,-50.7257,-8.54432,-8.83611,-12.4566,-9.69623,-15.1425,-14.6577,-12.4387,-279.136,-938.424,-159.088,-6300,-9520,3640
1.98709,5.4088,1.83828,0.429003,2.57347,4.3084,4.19936,4.23353,4.37807,-1.97719,-2.7293,3.69225,1.54637,4.53349,1.58516,7.214,-277.184,-941.352,-168.36,-2240,-11760,3080
18.7244,20.2275,14.6822,8.47914,13.1578,14.8695,3.99592,0.334373,20.0843,-1.37035,-2.61522,18.2333,13.7984,15.707,-13.292,4.25478,-278.16,-944.768,-160.552,840,-13160,2380
13.3206,28.4842,13.3752,32.4232,33.7592,32.6342,34.2114,15.0436,16.952,-10.2574,-10.4036,18.6269,12.6294,33.243,26.9326,25.8862,-275.232,-937.448,-168.36,6860,-13440,1540
35.5761,54.2721,12.4413,53.7227,49.0149,43.185,57.1799,29.1777,40.4255,-2.25799,-1.84827,18.1175,11.2027,44.1521,70.8132,44.4374,-272.792,-940.864,-155.184,9800,-12180,700
42.3607,69.1462,5.72665,54.8556,42.8313,29.159,48.0997,16.7718,47.1611,-4.30173,-8.15251,9.65738,5.02481,31.2174,71.6456,31.3055,-274.744,-933.544,-157.136,12320,-11760,280
37.2046,38.3588,-7.19525,16.0966,7.96513,-1.01401,17.3932,-0.712983,40.5953,3.23627,1.32133,-8.47271,-6.6341,-0.230598,40.6947,3.96741,-277.672,-925.736,-149.328,14560,-11060,0
16.1882,-6.40547,-6.75071,-9.2007,-10.311,-12.1334,1.10872,-6.05632,15.4258,6.38552,6.15642,-9.82593,-6.21099,-13.0475,20.3232,-8.02001,-283.528,-920.368,-151.28,15120,-9380,-420
-6.0325,-14.0953,-2.92163,-9.04881,-10.2397,-12.1502,-4.79616,-4.70505,-8.75247,4.35181,2.30115,-3.39458,-2.99936,-12.5413,-0.152955,-9.1902,-285.48,-924.76,-155.184,14840,-7420,-980
5.26012,-8.02395,4.26221,-5.32688,-5.28493,-1.41058,1.77321,2.04884,3.2276,8.76766,8.87852,3.02247,4.19079,-1.60796,2.5471,2.75332,-291.336,-922.808,-159.576,15540,-4340,-1540
1.22639,-0.451861,8.85094,8.97125,12.4327,14.6511,15.5831,7.1589,0.144922,-1.88646,-3.0046,10.5754,8.5579,14.2744,15.2819,14.609,-296.216,-918.904,-156.648,16240,-3080,-1960
-7.06672,-3.56732,9.00885,1.0195,6.94387,11.0635,2.00768,3.20124,-8.25586,1.55332,2.48275,8.33138,9.5845,9.96522,-16.515,5.45136,-302.072,-923.784,-161.528,15260,-2240,-2380
-43.1737,-50.0045,1.11277,-28.8144,-18.1517,-5.43695,-23.1851,0.22145,-48.6638,1.19824,3.36053,-5.54534,1.9715,-7.63818,-65.4917,-6.6102,-304.512,-930.128,-164.944,15400,-2800,-2660
-49.0912,-51.8514,-6.05812,-25.4018,-18.1771,-12.4822,-20.9652,-2.62263,-52.31,-4.30183,-3.92821,-8.42233,-5.90616,-13.3833,-51.6426,-8.60418,-300.12,-934.52,-154.208,16520,-4620,-3220
-13.9518,-12.1755,-20.292,-6.3365,-15.2296,-27.4972,-10.6888,-14.069,-12.1282,-8.61353,-5.09337,-14.1193,-20.5497,-26.0413,11.5663,-22.4916,-293.288,-935.984,-152.744,16940,-7000,-3500
-8.00544,12.2838,-34.1343,-8.15219,-23.6103,-35.841,-17.9836,-19.6203,-4.23069,-23.7452,-21.5533,-30.5653,-33.807,-34.8529,18.7511,-31.5501,-293.776,-944.28,-140.056,16380,-9100,-3780
-12.5873,-9.11525,-19.2078,-31.2183,-34.9652,-26.6813,-41.9273,-14.6208,-12.0071,-2.95458,-2.00936,-28.4105,-18.0293,-28.0937,-11.1946,-29.3441,-295.728,-952.576,-141.032,14700,-9520,-4200
14.2327,-6.36157,10.5405,-27.6866,-21.3496,-10.4514,-41.8648,-6.85063,13.65,24.1883,22.2884,3.70622,10.5741,-10.8744,-31.8644,-19.1145,-290.848,-953.064,-131.272,14700,-9800,-4480
55.1867,33.6351,32.9823,11.5344,18.0837,19.3735,5.16671,8.47438,56.6438,30.5068,25.6082,37.5592,31.769,21.0927,-11.4611,13.2481,-293.288,-958.432,-122.488,14280,-10220,-4760
36.6929,21.2763,26.6845,24.9114,31.3831,31.8982,26.6533,15.946,36.5293,13.0702,12.3732,33.291,25.4328,32.9353,5.63665,28.9991,-297.192,-967.216,-126.88,13160,-9940,-4900
12.1809,20.103,10.7329,33.5224,36.5103,36.8676,32.9664,22.4476,12.5893,-18.8608,-19.5761,17.8542,10.1371,36.8986,17.1935,33.5176,-308.904,-963.8,-126.88,14280,-10920,-5320
-7.72559,13.022,-11.2119,16.7114,15.5163,10.373,14.0482,11.3471,-3.10438,-27.051,-21.4368,-7.40205,-10.5108,9.96595,2.20812,11.0302,-305.976,-958.432,-120.048,16940,-14700,-5320
-57.0614,-14.3899,-42.2277,-13.2118,-22.5305,-31.2097,-6.28308,-5.79397,-53.0905,-38.6526,-31.0802,-47.9535,-41.117,-31.6718,-17.0121,-16.1543,-296.704,-954.04,-122,16660,-16520,-4340
-55.471,-39.5769,-34.8514,-27.9273,-33.9204,-35.746,-9.69324,-13.7282,-60.6827,-9.93141,-10.0983,-40.2399,-35.2561,-34.488,0.64775,-13.0025,-292.8,-954.04,-127.368,15120,-12600,-4060
-8.39827,-12.8719,11.4503,6.77044,11.879,16.5385,26.7112,1.16328,-12.344,21.4904,20.1754,7.8044,11.3334,18.0166,41.2543,24.7197,-297.192,-961.36,-137.128,13020,-13020,-3920
32.3901,17.1152,36.7121,24.0094,30.042,36.6226,28.0089,7.53341,31.3062,27.7918,21.8059,31.029,37.0496,35.2975,33.3029,19.9755,-293.776,-962.824,-143.472,12320,-14980,-3640
-1.03093,-17.9632,14.7232,4.28039,3.74525,0.701542,-0.527008,-6.38397,-4.57524,11.2176,7.77367,12.6103,15.5424,-0.743279,-5.31667,-11.2177,-289.384,-965.752,-154.208,11760,-15260,-4200
4.81722,-13.5259,-7.00014,-18.5641,-26.5924,-32.4526,-21.2616,-19.3596,5.90635,-4.98472,-7.1318,-2.99707,-7.31598,-32.2895,-14.7899,-28.4457,-289.384,-975.512,-166.896,11760,-16100,-4340
21.1057,20.2702,2.61252,-11.4175,-15.7015,-13.9789,-20.6868,-15.4744,24.2946,-0.661271,-0.808368,3.5732,2.49846,-13.5377,-0.40876,-20.695,-274.744,-957.944,-159.088,13440,-17500,-4620
-16.8232,-17.4747,4.22393,-25.9336,-16.7497,-4.89883,-29.2161,-11.8769,-18.7171,1.17691,4.80598,0.936466,4.97035,-7.1984,-37.2459,-16.7082,-262.056,-955.016,-138.592,12460,-20160,-3640
-6.5186,-16.7617,3.32055,-10.2678,-3.41414,1.17891,-8.51523,-2.22827,-9.32233,0.113676,-3.33629,8.10348,1.90985,0.31258,-26.3153,-3.14916,-261.08,-975.512,-141.032,7140,-24220,-1400
28.4899,28.4749,24.5044,40.2772,43.2084,44.0669,39.9526,29.9583,27.5791,12.0098,8.57886,30.2328,23.5563,45.0197,30.9495,41.5115,-267.424,-984.784,-152.744,5320,-23240,-840
40.9957,36.3129,27.9175,31.4126,35.2854,40.2151,20.6704,25.2009,44.3212,18.901,18.3308,23.4895,28.0994,39.4793,12.3066,31.2755,-270.84,-979.904,-160.552,7840,-22400,-840
21.9576,30.8141,8.99361,19.2661,17.8586,12.9668,-5.17824,0.175189,25.8274,1.89624,3.29617,13.819,8.39108,14.7528,-8.76641,-2.39604,-271.816,-973.56,-155.184,9800,-22960,-560
-4.28713,34.3462,-15.6437,20.6734,16.8628,5.50974,-11.4549,-8.41699,0.236404,-29.5757,-21.1759,1.88476,-16.6962,8.2963,-1.99455,-12.1587,-271.328,-969.656,-147.864,9520,-23240,-280
-15.8398,24.6158,-26.3721,15.2533,11.4139,5.74056,3.21163,4.11802,-13.4879,-32.3866,-29.0894,-29.5464,-25.6011,4.94769,11.095,1.56368,-277.672,-961.848,-144.448,10360,-21700,420
-22.1452,-14.857,-45.0607,-11.3189,-23.5063,-47.8969,-2.78246,-15.7162,-25.1265,-15.688,-16.366,-45.3462,-45.1667,-47.2623,-8.98167,-23.2993,-284.992,-957.944,-136.64,11200,-19180,840
-12.5286,-21.3446,-60.1266,-20.097,-48.0139,-80.8183,-4.04221,-27.6543,-14.2067,-18.7505,-21.6203,-47.2253,-61.3265,-76.7825,28.1365,-40.8997,-287.92,-958.432,-131.76,11060,-17360,1120
35.7547,19.04,-10.8646,-16.8732,-28.1068,-18.0234,5.58468,13.3147,36.4634,14.4906,11.8129,-14.5167,-10.1309,-17.6209,52.0879,9.80265,-294.752,-957.944,-130.784,10500,-14700,1540
44.4595,19.3722,35.9222,-15.8262,4.10282,35.2425,19.3284,40.543,47.5392,45.2671,48.1027,17.3581,38.6974,31.8584,15.8308,48.5766,-296.216,-961.36,-126.392,10780,-12740,1680
-7.12243,-51.7706,25.9439,-31.5313,-7.87219,15.9771,0.549051,18.3917,-6.8205,29.5912,29.2011,6.65904,27.9257,11.8287,-19.8333,20.5138,-301.584,-956.968,-124.928,12460,-9800,2240
-54.203,-84.5926,7.69815,-28.4309,-16.5036,-4.67907,-20.1974,-8.18661,-60.5365,2.60993,1.6933,2.02449,7.70236,-7.26298,-41.3705,-15.5323,-303.048,-955.992,-118.584,15120,-7980,2940
-46.5096,-65.309,9.89578,-18.0312,-7.35233,4.5948,-9.76427,-1.99524,-53.3723,-10.2041,-11.2127,11.3251,9.93424,3.19567,-50.4732,-1.96369,-305.488,-961.36,-120.536,16240,-6440,3360
-28.8517,-16.8321,5.73744,3.42635,4.0564,1.50384,-4.06443,-2.46031,-28.4598,-12.5874,-11.2516,8.03014,5.67922,1.74434,-17.7041,0.57924,-309.88,-952.576,-129.32,18480,-3920,3500
-14.0106,16.772,-5.86314,12.5487,5.70947,-4.05693,-5.49144,-14.7701,-11.5516,-8.2647,-4.27548,-1.90802,-6.56015,-2.0163,7.8722,-10.201,-308.416,-947.208,-128.344,20440,-1960,3500
8.23719,14.2205,6.85889,4.32157,7.41538,11.5668,-1.88701,-14.558,8.55266,6.20829,5.51498,7.56884,6.58447,12.4019,-12.9487,3.86339,-306.952,-940.376,-124.928,21140,-700,3360
10.2224,16.8813,19.9134,22.941,27.7932,28.1089,23.6321,1.57425,10.1594,13.2001,11.786,18.7998,19.7597,29.5756,9.19017,18.084,-309.88,-946.72,-133.712,22120,980,3220
-5.95991,10.0139,9.82814,26.3643,24.3371,17.9809,12.4817,-5.57189,-7.80206,-7.81465,-9.49341,12.5861,9.47595,18.4646,15.3601,-0.532229,-305.976,-944.768,-135.176,22820,2240,2520
-10.7911,5.99751,-21.3685,-2.17043,-20.3987,-38.801,-39.3932,-35.4247,-11.0334,-24.5894,-26.7048,-10.1479,-22.4729,-38.5891,-10.5718,-59.1867,-305.488,-944.28,-136.152,23660,4480,1400
21.8498,54.89,-31.1144,-0.554348,-24.3122,-44.8922,-29.9971,-22.5598,27.6123,-24.3803,-20.902,-18.5937,-32.1119,-41.2527,18.9603,-47.3745,-304.512,-941.84,-132.248,25060,5180,840
45.6684,63.567,11.9775,8.36151,5.87566,10.9967,4.80547,16.0925,50.0002,6.39092,5.46418,8.01058,12.4255,11.3017,25.0621,14.8057,-307.928,-935.008,-136.64,26180,5880,-280
16.2414,4.64749,19.5149,-2.63164,9.18841,23.236,11.9469,24.778,15.329,25.4437,25.1289,7.23082,20.6664,20.3792,1.07118,29.6007,-307.44,-935.008,-140.056,25620,6020,-1120
-20.534,-40.1999,0.0697869,-13.4102,-5.66994,1.36619,10.1624,13.7328,-23.7911,10.1265,10.1515,-5.60523,0.478449,-0.786727,-22.3242,18.7903,-308.416,-929.152,-156.648,25760,6160,-1680
-12.367,-39.7219,0.259959,-13.1876,-9.23286,-6.0398,4.79359,5.75616,-15.0187,4.59864,0.60779,-1.41109,-0.155619,-6.56717,-13.5879,8.74291,-295.24,-941.84,-140.544,27300,6720,-2660
7.19379,-17.2418,16.1119,-1.97058,5.96575,8.99853,6.52889,2.25855,4.58119,12.4729,11.1463,17.0394,15.5463,9.34485,-11.0071,9.59858,-296.216,-940.864,-145.424,28280,7980,-3080
15.2738,10.7457,14.3329,13.1683,14.7757,8.86289,7.28355,-2.21241,15.4966,-1.17402,-2.08436,27.4806,12.3871,10.3245,-8.3862,1.93201,-294.752,-941.352,-140.056,30100,8680,-3780
37.405,61.8648,-7.28123,41.0892,29.0612,12.388,24.812,5.89465,42.2992,-16.6104,-14.7376,11.8432,-9.24579,16.0757,56.377,7.6759,-297.68,-937.936,-151.28,31640,9240,-4340
33.7446,59.8262,-17.8203,28.0368,21.9017,14.3714,21.1666,14.8168,36.9109,-16.0874,-14.4054,-10.3545,-18.4122,15.5438,40.6778,16.1699,-297.192,-937.448,-153.232,31640,9100,-4480
7.49473,17.6611,-26.4,3.58523,3.46223,7.06663,17.7364,19.3642,9.60031,-9.13445,-8.94549,-36.9578,-24.5789,5.19727,20.4319,21.3461,-296.216,-940.376,-148.84,29820,8680,-4620
-25.5393,-33.1122,-15.2357,-2.26029,-0.446406,7.3851,23.0457,18.9347,-25.8178,3.31675,6.4179,-33.9964,-13.3707,5.1538,26.4247,22.3211,-291.824,-942.328,-145.912,29540,8540,-4480
-22.5639,-44.6139,0.991378,-1.27346,2.1872,6.13008,11.4718,7.77169,-23.4897,3.41663,2.4252,-7.39493,1.66204,5.2718,20.3396,9.19165,-288.408,-945.744,-140.056,29260,8680,-4620
-9.41458,-31.7366,8.56457,-15.1165,-11.2795,-6.01244,-20.5261,-10.8494,-10.6353,8.02577,7.88626,8.52217,8.30015,-6.16671,-15.4116,-15.1645,-286.944,-945.744,-143.472,28980,9100,-4760
1.97302,-0.994503,10.6812,-17.5688,-18.0462,-19.2111,-38.7946,-30.3248,0.987651,10.3663,10.5371,11.853,10.7466,-19.1943,-41.4996,-37.864,-282.552,-947.696,-138.104,28560,9100,-4480
-2.545,0.296339,4.45661,-22.2277,-24.0894,-27.8048,-34.7762,-36.0787,-4.50407,5.35074,2.36903,4.58245,4.95931,-27.4576,-47.5522,-40.6943,-282.064,-950.136,-139.08,27860,9660,-4620
-23.3822,-25.6494,-4.27313,-24.4841,-21.8629,-17.7194,-22.3602,-17.0222,-27.0358,-3.47956,-1.77537,-3.32861,-3.86699,-18.1477,-26.2658,-20.5131,-284.992,-950.624,-139.568,27860,10780,-4480
-9.77386,-15.3779,10.0219,-6.93237,0.390421,10.2079,-0.559409,11.7314,-10.7459,-0.312294,-1.64867,9.84755,10.4242,8.86844,-9.15811,12.6388,-284.504,-950.624,-135.664,28000,11480,-4480
-10.0466,-4.6788,23.6223,14.6015,23.2818,33.9327,20.1379,26.1353,-10.9776,9.10646,8.94513,18.9058,24.0908,33.1704,-6.78717,34.4799,-281.088,-950.624,-129.808,28420,12460,-4060
10.1191,10.5189,19.8629,19.1454,22.9096,27.0747,12.4637,12.2865,12.6511,5.86967,4.5567,20.0751,19.667,26.6493,0.896654,18.4841,-280.6,-945.744,-126.88,28560,13020,-3920
-19.0197,-2.61551,-6.95434,2.18165,-0.260273,-6.14164,-22.6338,-15.5097,-16.2957,-17.4251,-15.1731,-3.57873,-7.22479,-4.99969,-16.5647,-23.3622,-279.136,-942.816,-125.416,28000,14000,-3220
-43.989,-27.5959,-22.6175,-25.1778,-27.8572,-25.1454,-43.7503,-24.2205,-46.9376,-13.5325,-8.10255,-27.8452,-21.4463,-26.588,-44.6789,-38.5835,-282.064,-944.28,-122.488,26460,14280,-2940
-44.3006,-46.2533,-27.9327,-45.7688,-47.9855,-45.1418,-35.5219,-18.9397,-47.2032,-7.47904,-8.21278,-30.7173,-27.423,-47.9127,-52.9291,-31.798,-284.992,-948.184,-122,23660,15540,-2800
-8.27887,-23.3214,-27.8776,-24.0363,-29.4086,-33.5608,3.37444,3.50559,-10.2934,-13.4813,-14.6269,-18.5775,-28.938,-32.9392,12.2209,-0.318813,-283.528,-945.744,-114.68,21560,16520,-2660
27.3069,20.4995,-8.83704,9.1021,7.975,3.27371,34.9963,21.5289,29.8508,-12.4146,-10.5975,-0.00766346,-9.99778,5.32735,49.8643,31.8445,-285.968,-951.6,-116.144,20300,17640,-2940
36.7165,60.4764,16.5579,40.7601,41.6454,38.2988,50.8866,31.369,43.4724,8.8352,9.09792,11.4653,17.193,39.7651,55.2907,44.8467,-286.944,-956.968,-111.264,18480,18620,-3080
38.7714,42.137,7.37639,25.0737,15.5848,-2.46089,12.8007,-6.11633,42.2945,24.2779,23.3595,5.03248,7.99643,-0.508027,33.5826,-7.22672,-290.848,-954.04,-107.36,18480,19460,-3360
5.09188,2.00015,-22.8758,-1.84938,-21.7661,-52.0769,-20.2357,-43.3219,4.11517,3.62661,1.77549,-18.328,-23.7585,-47.3874,16.657,-49.7894,-284.992,-952.088,-100.528,18200,20300,-3640
35.1706,25.0968,4.60339,0.377562,-8.42325,-9.16199,1.64075,-12.2848,33.535,11.0501,8.10802,12.409,2.10602,-8.06832,22.5821,-8.17335,-284.504,-954.528,-96.624,17220,20720,-3920
59.4219,42.6194,35.0551,9.60767,17.4728,32.3522,19.8636,17.9045,60.2751,23.0527,20.5795,37.7564,35.2811,30.4191,19.4029,25.5832,-286.944,-954.04,-94.672,15540,21140,-4200
21.5051,23.6381,37.0698,17.9464,33.5621,53.3302,28.8432,34.3397,23.6697,10.945,9.99039,23.5728,38.1131,50.8996,7.45772,44.18,-285.968,-956.48,-93.696,13860,20720,-3920
-30.2366,-23.1853,15.709,9.20537,19.4935,33.235,-1.3787,20.5751,-30.5082,-3.37232,0.765461,5.9981,16.7317,30.5645,-13.3112,16.9749,-284.016,-953.552,-94.672,13020,20160,-3780
-27.0636,-43.4572,5.69067,-10.5487,-6.65483,-0.498846,-47.5612,-7.7991,-31.1952,3.29482,0.922855,1.06521,5.83748,-1.64623,-47.086,-26.9758,-286.456,-952.576,-99.064,11900,19040,-3920
-13.0777,-39.9278,-3.01961,-23.8736,-16.4518,-12.9467,-38.7687,-17.2586,-20.0308,-4.63795,-6.13196,9.50299,-4.37279,-13.1936,-73.0357,-23.5356,-282.552,-954.04,-99.552,11900,18620,-4060
-7.5808,-10.1539,-15.691,-5.93006,-0.15658,0.91164,11.5269,-0.0938556,-7.37797,-27.3898,-26.309,-6.74465,-15.6772,1.12144,-26.1855,16.8874,-282.064,-952.576,-102.968,11200,18340,-4200
-40.2554,1.92641,-21.9036,12.2472,11.1856,-0.021594,33.6197,-1.23959,-33.4828,-29.652,-25.6575,-35.6411,-19.9992,0.732515,19.4708,14.3837,-282.064,-951.112,-101.992,10920,18340,-3920
-58.4766,-37.7364,-39.1922,-8.4425,-22.7382,-46.3876,-1.72603,-27.6831,-60.2445,-19.3028,-14.3336,-37.2622,-39.9116,-44.2849,17.0316,-36.548,-281.576,-951.6,-101.016,10780,18200,-3780
7.28883,17.7021,-18.7132,14.5728,-6.51165,-23.9776,7.36783,-2.90543,1.70224,-2.44036,-6.55525,12.246,-23.2278,-20.3053,55.2445,-9.43412,-278.648,-953.552,-102.48,9940,18200,-3220
74.1454,102.384,26.8975,46.7065,42.8605,41.4767,39.206,34.688,75.7063,28.463,24.074,36.6253,26.9278,43.4999,65.9541,44.399,-282.552,-954.528,-104.432,9660,18480,-3080
83.571,91.7336,33.4891,38.8893,44.4872,52.4894,37.92,30.6262,90.4117,28.272,26.4862,21.2192,34.622,51.7724,43.6496,42.2011,-281.576,-948.672,-102.968,9800,19040,-2940
21.3971,1.13499,6.64837,8.72628,10.9709,17.6455,6.0523,0.778137,23.6151,2.13432,2.43729,-0.531939,8.08704,15.4259,12.3763,2.03581,-278.648,-948.672,-104.92,9660,19460,-2520
-19.3325,-41.0432,-11.4618,-23.8067,-19.0588,-7.80018,-26.1904,-9.18132,-15.9205,-2.84309,0.914454,-24.6141,-9.81558,-10.3097,-26.6298,-18.9697,-279.624,-944.768,-101.992,8820,19600,-1960
-26.1176,-32.8929,5.0176,-15.0328,-5.98115,7.29366,-10.1067,6.23348,-28.2703,1.59124,1.25256,-4.34196,5.25548,5.28418,-29.9453,6.50458,-280.112,-945.256,-103.944,7280,20300,-1120
-43.707,-69.4044,23.7004,-18.4502,-2.91624,16.0694,3.73555,11.1215,-51.3627,15.8832,15.4379,13.4761,24.0061,13.6344,-39.412,26.3121,-278.648,-948.184,-101.992,6160,21280,-700
-64.7467,-65.9639,-5.90619,-25.5763,-21.3986,-18.8139,-16.287,-14.476,-66.4237,-12.0928,-9.57991,-6.66598,-5.87842,-20.2738,-40.2134,-12.348,-280.112,-950.624,-101.504,5600,22680,-560
-60.1412,-40.2071,-42.7759,-35.1026,-44.6092,-58.2718,-41.138,-34.4307,-60.1285,-40.0169,-37.626,-33.8879,-42.8215,-57.2256,-36.6853,-54.9332,-283.04,-950.136,-106.872,5740,24220,-420
-32.7401,-8.9962,-47.67,-36.8261,-48.9738,-56.8935,-41.2258,-25.4124,-29.263,-33.7095,-25.2248,-42.4487,-47.0669,-56.7261,-22.5225,-48.8165,-286.456,-951.6,-109.8,6300,25760,-560
15.6281,18.7084,-37.8158,-25.5216,-38.2422,-51.7142,-31.2253,-16.1198,17.9978,-16.6329,-15.2265,-30.5296,-38.5549,-50.3159,4.19986,-41.3731,-287.432,-953.552,-110.776,7420,27860,-980
70.7536,44.467,10.1729,0.948371,-0.740957,-5.75972,3.6949,2.31368,73.5132,29.6841,24.6724,10.2958,10.082,-2.43881,20.315,-0.813867,-290.848,-950.136,-113.216,8680,29400,-1680
61.7473,32.6065,37.681,15.6879,21.3791,30.8386,17.8399,18.9209,62.011,42.4842,37.0281,27.9073,38.2137,29.8662,24.3615,26.374,-290.36,-949.16,-115.168,10360,31360,-2240
13.3132,-3.24769,35.7609,14.8414,26.1746,37.0141,18.2404,17.5656,11.3369,22.0177,17.7281,33.255,35.4107,36.0434,2.45804,32.2764,-291.336,-947.696,-116.144,12040,33040,-3360
-3.17737,8.08287,37.0226,31.6869,40.8882,46.7685,27.3765,13.8432,-4.26622,7.90276,6.49573,34.3666,36.9601,46.9938,-3.39904,33.1076,-293.288,-945.256,-120.048,13580,34300,-4200
7.63332,-2.81072,39.1496,20.6474,31.8108,45.6812,19.9446,17.8596,3.03285,9.30835,3.11968,32.454,39.1819,44.1513,-7.02095,31.0284,-288.408,-945.744,-119.56,14980,35280,-5040
-25.2832,-40.3057,16.5359,-2.80534,6.32748,9.88355,-3.75267,5.28401,-30.6334,-0.850268,-1.10789,19.2949,16.5222,8.71286,-34.8925,7.16905,-287.92,-946.72,-124.928,16660,0,-5040
-41.6871,-19.0059,-17.1843,0.56648,-9.35462,-22.8165,-14.4728,-18.8468,-43.6669,-19.1138,-14.7401,-8.31391,-17.8631,-20.7593,0.219123,-28.5932,-289.872,-946.232,-128.832,18620,36260,-6720
-20.3105,14.1298,-7.74053,10.4745,4.16941,-1.0727,2.39059,-19.1592,-20.3905,-7.86928,-7.04721,-7.17861,-7.86022,2.04461,25.7292,-8.16378,-286.456,-942.816,-133.712,18620,36260,-6720
13.4948,23.7597,3.73009,9.42376,15.0227,18.6559,14.0958,6.46425,15.5071,6.79164,6.93514,4.84874,3.97336,17.491,4.11671,16.2094,-287.92,-943.304,-130.784,21000,36540,-7840
18.7354,21.3492,-10.7703,7.56736,1.24115,-9.9228,-1.84742,-1.09178,21.6335,-5.57083,-7.91574,-5.55635,-10.6259,-10.7928,-12.4378,-5.13566,-285.968,-942.328,-134.2,21000,36540,-7840
12.0785,22.4132,-38.2438,1.26465,-22.0828,-47.3594,-12.6749,-23.0715,14.4244,-16.6904,-17.8056,-30.7993,-39.2991,-44.6317,13.2636,-35.505,-284.016,-939.888,-127.856,22260,35980,-8960
20.6363,2.30744,-19.3971,-24.9949,-31.9838,-31.3355,-22.8338,-12.556,22.4726,-0.614828,2.19021,-20.4028,-19.3094,-31.6846,14.914,-24.9068,-281.576,-937.936,-122,22260,35980,-8960
25.7719,15.3872,-36.2493,-5.67663,-14.2095,-43.4258,1.86144,-9.88106,27.5057,-23.1331,-19.1874,0.258306,-40.6208,-40.1017,36.956,-24.8386,-282.064,-940.864,-118.584,21420,33180,-9100
63.8532,115.448,-53.3266,38.2406,4.88343,-26.1554,27.4577,0.544182,72.7904,-32.7523,-26.2543,-24.1033,-54.6435,-21.7077,80.3484,-9.68552,-276.208,-945.256,-116.144,21420,33180,-8960
24.0131,69.6845,-23.3352,0.305227,-0.846936,25.9715,21.7909,37.1707,33.8608,7.94831,13.0329,-70.551,-18.082,22.8063,53.0476,42.8949,-276.208,-952.088,-107.36,20440,32620,-8960
-20.1996,-92.4264,36.8576,-43.265,0.490428,53.7346,14.8044,52.6908,-23.0117,54.6587,52.6133,-5.39062,40.5539,45.9529,-25.8318,67.4839,-277.672,-956.968,-110.288,18200,32480,-9100
-50.6273,-133.938,56.1509,-13.43,10.7509,30.6443,-6.523,8.87844,-63.7517,38.2382,34.7102,49.1102,55.7083,27.6509,-60.8593,14.4739,-283.04,-970.144,-108.336,16800,32200,-9380
-45.1607,-21.571,17.7804,31.8603,26.4888,9.95638,-0.233757,-21.0139,-48.6661,-32.0477,-31.9401,45.9686,14.375,13.3378,-17.0549,-24.3204,-283.04,-969.656,-107.36,15960,31080,-9380
6.54293,66.7393,16.9864,24.4469,21.8243,21.3056,-9.73072,-11.1567,12.0187,-28.0083,-28.3303,20.7363,17.5201,22.1453,-13.1052,-9.17613,-283.528,-969.656,-109.312,17500,30100,-10220
3.01668,18.699,23.0003,-1.68173,11.9714,28.2342,0.0282304,1.667,2.72417,2.99429,-1.13752,3.35085,25.0269,26.2684,-33.3037,17.5911,-284.992,-975.512,-109.312,19880,29260,-10640
-0.251882,-45.6838,43.3253,-5.31603,13.7521,41.9787,11.7652,26.7671,-4.78839,31.9834,25.7197,27.1983,45.2774,37.2719,-52.6404,43.348,-284.992,-970.632,-114.192,23240,28700,-11480
-51.3971,-94.318,29.0568,-13.1938,3.33529,20.3393,9.91064,19.2365,-58.283,34.7162,30.0055,6.40124,31.5453,17.8773,-35.2807,32.1908,-282.064,-968.68,-113.216,25900,28840,-12320
-77.9679,-100.6,14.8488,-16.8714,-2.62074,2.81679,8.28499,-3.00755,-87.046,4.54328,2.3026,8.80582,14.2085,3.26432,-27.8817,9.5201,-279.624,-968.68,-115.168,29820,28560,-13440
-36.1483,-52.8907,7.71955,-8.35477,-13.0925,-22.3915,-15.1378,-23.4931,-42.4925,-6.90105,-4.80903,25.4295,5.57317,-22.7804,-12.2261,-34.6439,-278.16,-962.336,-118.584,33460,28280,-14140
-33.9112,12.954,-57.6446,-29.8088,-66.2673,-98.7378,-74.3928,-59.4919,-29.9233,-31.4344,-24.8283,-36.28,-57.8275,-97.9256,-4.33407,-103.037,-283.04,-960.872,-119.56,35560,28560,-14700
-1.49863,66.5803,-74.4947,-46.8745,-78.4936,-113.102,-80.4529,-60.196,5.71687,-29.292,-23.1841,-64.5921,-76.156,-107.241,-5.4606,-94.233,-279.136,-956.48,-120.536,37940,28840,-15400
23.328,32.844,-13.9668,-30.296,-24.5764,-23.8189,4.40331,-8.62866,25.9573,16.3774,16.8693,-23.37,-13.33,-20.989,8.04559,3.44244,-273.768,-954.528,-109.312,39760,28980,-15680
66.7228,24.4409,33.087,26.6338,30.0625,31.9102,44.7577,18.3934,63.3134,37.6532,30.1462,36.4893,31.7906,31.5847,44.3538,36.2562,-277.184,-951.112,-111.752,41720,28420,-15960
79.5305,56.4134,-34.9307,38.8973,1.2883,-60.2129,-18.1463,-57.0247,78.7581,-9.76563,-9.64414,19.1556,-40.8923,-53.3656,62.1449,-84.773,-277.672,-952.576,-111.752,43540,28560,-16100
111.819,174.789,-88.5228,26.7416,-23.2696,-70.8795,-43.7328,-44.1518,123.934,-63.5277,-55.3942,-34.2088,-93.8641,-61.991,65.9937,-85.7257,-279.624,-953.552,-117.608,44800,29120,-16240
151.29,193.816,0.0229181,20.0779,25.2357,57.4777,20.8461,62.3274,168.185,-5.20418,0.725913,-12.7691,3.58842,53.9617,52.5851,69.5934,-281.088,-957.944,-118.584,45920,29820,-16520
49.7106,46.2781,35.7714,23.8762,62.2724,104.878,91.4191,105.373,56.7918,23.6373,25.3097,-2.24003,39.7103,98.2948,11.0413,140.035,-282.064,-964.776,-116.144,45780,29960,-16940
-36.1914,-37.6141,17.4052,83.6528,107.825,118.95,135.284,99.5395,-37.1638,-39.3861,-39.6168,16.8658,16.4119,119.715,57.4554,141.618,-295.728,-973.56,-142.008,46480,30520,-17220
-82.06,-79.5975,-0.840204,46.1493,61.8514,76.2704,76.0637,41.7334,-80.1649,-21.889,-24.3826,-34.9732,3.33139,74.319,38.003,73.7735,-261.568,-913.536,-73.2,49140,31780,-18340
-134.547,-183.037,-5.3435,-52.0837,-27.4172,10.8426,-20.1446,-1.5946,-148.116,5.48924,2.92395,-45.1382,-1.95858,3.16796,-69.7141,4.75789,-269.864,-953.064,-86.376,55440,32060,-19040
-154.016,-213.716,19.3711,-58.2067,-41.09,-19.1877,-48.0588,-15.5912,-170.681,18.9541,20.8755,10.5326,20.4137,-23.4874,-74.5967,-25.8979,-292.8,-944.28,-139.08,46480,30100,-16660
-37.1045,-33.7959,40.706,-1.97559,-1.58465,-5.33277,-29.3038,-27.7947,-40.3723,24.4011,18.7999,51.5071,39.0328,-2.48146,-29.7963,-29.1127,-274.744,-946.232,-98.088,46900,32200,-16240
58.8024,69.7289,47.6699,9.11922,1.8379,-6.7962,-44.3682,-41.886,60.4188,23.3718,14.8095,61.4132,46.8279,-4.89535,-33.6145,-46.7829,-271.816,-952.088,-87.352,50120,28840,-14980
65.7354,71.0345,48.7074,6.96804,2.62662,-3.06101,-27.226,-25.4516,69.5737,43.0481,38.2357,41.7341,48.3902,-1.69163,-26.7738,-31.2991,-278.648,-955.992,-103.944,49000,31640,-14980
26.8649,14.0996,25.5495,-3.58646,-10.2704,-19.2252,-12.9845,-16.0552,24.6885,23.3478,16.4565,27.0563,24.5613,-19.7718,-16.2357,-26.3036,-280.112,-957.944,-109.312,49000,34440,-15120
-9.33565,-19.1504,-36.0927,-41.0206,-62.7241,-85.0002,-45.4028,-40.2954,-10.9176,-13.8215,-14.4846,-23.6696,-36.8367,-84.0694,-18.4239,-64.7328,-280.112,-953.552,-114.68,51380,37240,-15260
-6.18736,12.1708,-57.9509,-45.5712,-60.2546,-79.8297,-30.8985,-32.0702,-2.61947,-37.8211,-28.0913,-39.5454,-59.2239,-76.7987,-3.76454,-44.0742,-281.576,-949.16,-108.824,55300,38780,-15400
23.8367,49.3528,-18.1078,-4.90036,-9.61546,-11.608,19.6552,7.42316,29.3544,0.144139,5.53863,-18.1892,-17.4874,-10.6633,46.2574,11.9338,-280.6,-945.744,-116.144,60900,40600,-15400
5.06537,10.9959,10.1643,5.30711,13.8807,26.2866,27.6089,14.4213,4.68592,24.6792,27.9796,-8.05986,11.7828,24.4576,32.1144,31.6684,-276.696,-946.72,-123.952,64400,42700,-15820
-26.0288,-36.6239,10.6246,0.394,11.1156,24.6914,8.48853,9.8991,-30.0247,-1.656,-1.63713,8.22581,10.649,21.7517,-7.31874,17.3341,-271.816,-949.648,-118.584,66080,43400,-15960
-18.8149,-25.6888,7.13256,5.42495,15.7641,28.8975,-0.39974,17.1839,-21.1847,-14.4593,-13.1765,12.0676,6.49185,26.7326,-18.8429,14.7769,-270.352,-938.912,-118.584,66920,42560,-16240
-22.0049,-17.6346,-5.05539,-2.41046,6.8711,15.3566,-13.6247,9.93426,-22.3375,-15.6621,-13.6724,-7.69059,-4.12305,13.4624,-33.6858,2.94145,-261.08,-937.448,-110.288,66080,41720,-16660
-10.8791,-3.01775,-17.4687,5.2599,2.03653,-6.63225,-16.6983,-5.06098,-9.00241,-14.2034,-14.4776,-14.9472,-17.2224,-6.0611,-20.0285,-14.3376,-252.784,-933.056,-103.944,65520,39900,-17220
-11.83,-5.01486,-34.4378,-8.09436,-20.8477,-40.5775,-24.8886,-25.7952,-8.89998,-11.3847,-7.79957,-32.7643,-34.5097,-37.8966,-9.18681,-37.7293,-255.712,-940.376,-106.384,63280,37800,-17220
-3.22735,-15.3881,-13.847,-26.4296,-29.6034,-25.5455,-16.834,-12.108,-5.23482,8.99262,7.13621,-21.0377,-13.5259,-25.012,-17.8606,-13.2515,-257.176,-943.304,-108.824,61040,36820,-16660
7.61228,-16.6894,11.4237,-10.4581,-2.5046,9.21622,16.3941,18.4549,4.0061,20.664,19.2933,14.006,10.5809,7.82105,3.81412,26.6718,-253.76,-938.424,-108.336,59220,35700,-16800
29.0716,22.6759,5.68715,19.7699,20.2766,16.3223,35.7672,23.2083,30.0212,4.21277,4.01631,17.1091,4.86723,17.1178,38.5716,29.0181,-249.856,-942.816,-101.992,57400,34440,-16520
28.2509,35.2789,-6.46994,22.6787,15.8153,7.56667,22.7374,6.5969,30.4918,-5.22669,-5.69627,-6.13316,-6.24798,8.83115,35.5929,8.18056,-248.88,-942.816,-97.6,54040,32060,-16240
11.8451,20.8526,2.7597,15.0046,13.3126,14.8349,14.7415,1.73181,15.2382,-0.926657,1.30397,-6.14319,3.9425,15.6113,26.0925,8.37912,-254.736,-948.672,-101.504,52500,30800,-15820
-6.56418,-1.85195,19.3849,13.4159,18.0767,24.3922,15.1677,4.40614,-6.131,3.52275,1.09206,10.9977,19.7157,24.2756,15.6056,15.9241,-253.272,-949.648,-90.768,51800,30100,-15820
-4.94227,-7.51754,15.4306,7.20404,8.85205,7.00491,-1.70644,-8.34121,-8.37959,6.28485,3.61105,22.2501,14.6928,7.72221,-6.23047,-4.69136,-258.64,-957.456,-92.72,50960,29120,-15540
18.4226,23.3576,11.5761,11.35,8.21397,0.522718,-17.9426,-12.4503,15.2438,-3.52436,-6.80333,28.6415,9.66747,2.73867,-20.3427,-16.8911,-262.544,-961.36,-100.04,49700,28140,-15400
57.0953,76.5148,4.4423,35.4192,28.5411,14.0122,12.5682,12.0056,59.6334,-19.2422,-23.357,28.2472,1.47406,16.5981,14.809,8.40421,-262.056,-955.992,-105.896,49000,27440,-15540
42.0343,64.3749,-16.5519,28.506,21.905,16.6396,29.1213,27.013,48.5414,-26.4253,-19.9003,-11.3193,-15.8727,16.8356,34.6137,25.3824,-263.52,-955.992,-99.064,49980,25620,-15540
3.0568,15.3901,-22.4262,3.90432,0.383477,3.92389,17.8322,17.7554,10.0024,-11.1488,-8.23573,-43.9672,-19.8739,1.94819,28.7771,16.7001,-264.984,-954.528,-103.944,50680,23660,-15540
-24.8399,-32.4888,-8.68386,-11.7421,-9.46745,-5.76837,4.12733,3.43209,-23.1191,10.6641,9.16514,-25.0521,-7.70893,-6.64807,7.82341,2.80685,-267.424,-945.256,-114.68,50960,22400,-15680
-45.5264,-64.9439,1.36112,-21.7317,-15.8992,-8.20661,-5.13093,-0.390303,-51.1642,9.73511,9.62045,-7.266,1.64145,-9.26204,-8.60761,-0.146274,-259.128,-946.232,-97.112,50120,21140,-15400
-34.6828,-49.853,16.1764,-19.8174,-10.8156,-0.0333498,-8.06814,-1.18998,-40.6045,14.5182,12.6534,11.1159,16.1878,-1.38872,-20.0736,1.72348,-261.568,-962.336,-87.84,49280,19740,-14980
-19.6968,-31.7989,15.0103,-16.4428,-10.5386,-6.98381,-19.0496,-13.5129,-23.2393,15.1185,14.0831,17.4913,14.5355,-7.21765,-27.9641,-15.1772,-262.056,-978.928,-82.96,47040,20160,-15120
-4.03015,-10.5378,6.69772,-8.99711,-8.63239,-10.8943,-20.3665,-18.7172,-6.52645,1.28969,-1.91819,11.6595,6.17381,-10.0116,-22.6669,-19.7393,-264.008,-978.928,-78.568,46900,20020,-14840
-12.5448,-3.11051,-2.99136,-9.64778,-12.4973,-15.6804,-23.7033,-24.5944,-11.3908,-1.54321,1.5129,-4.43741,-2.7563,-15.6371,-19.5891,-28.2098,-266.448,-971.608,-77.592,49560,20440,-14700
-20.1478,-8.62466,-19.1712,-17.8601,-25.1722,-32.8745,-30.6975,-29.5893,-18.4678,-7.10748,-2.84194,-19.3059,-19.4048,-33.2239,-16.0558,-38.8177,-267.424,-962.336,-82.96,52920,21000,-14980
2.62899,2.08842,-12.4209,-14.8833,-21.8738,-23.6361,-22.3402,-11.4701,1.82641,-4.21406,-5.78344,-4.93046,-13.5084,-23.4931,-10.8435,-17.581,-264.496,-958.432,-81.008,56000,20300,-15400
28.0293,29.9503,1.80515,1.93008,1.91213,4.94746,9.84111,12.1099,30.0992,0.122596,2.44766,11.1464,1.57663,5.07114,9.03277,15.2771,-259.128,-956.968,-89.792,56000,20440,-15680
15.5475,21.2713,4.48983,6.13033,11.5428,17.2392,21.9671,20.1378,17.3311,2.87081,2.47427,1.22264,5.92304,16.4262,11.5888,25.3362,-256.688,-957.456,-91.256,53620,20860,-15680
-7.02631,-14.0766,7.34843,6.95877,13.4414,22.5747,23.4849,19.3239,-7.329,11.5735,10.6169,-4.06995,9.33375,20.9042,12.2605,31.1218,-253.272,-966.24,-84.912,49980,21700,-15820
-1.42431,-20.4191,17.0581,13.9812,18.8855,22.589,24.9595,10.5488,-3.37507,8.58131,7.98758,13.284,17.4206,22.0019,12.2245,25.1259,-255.224,-978.928,-81.496,46620,21980,-15820
5.71814,1.76434,11.4536,20.218,18.7883,12.3752,17.0119,-1.11203,5.33245,-2.85105,-4.71839,16.817,10.4636,13.8459,16.6853,4.64034,-255.224,-976.976,-77.104,44520,21280,-15400
11.088,27.7693,5.34497,17.2998,12.9511,4.976,-5.19797,-13.0067,12.9202,-0.2038,0.957911,8.88708,4.49178,7.46966,7.08855,-14.7509,-261.08,-974.536,-84.424,44520,21700,-15260
24.1924,25.1971,10.5219,3.12976,3.86266,4.73772,-14.9451,-5.99196,24.0338,8.83946,6.04366,9.22973,10.3707,4.69362,-14.1171,-11.1635,-259.128,-972.096,-91.256,44660,23520,-14980
-1.80812,-0.788269,-2.17168,-9.023,-7.61818,-5.0756,-9.97699,4.7024,-1.32611,2.85827,4.92559,-3.73374,-1.7091,-6.80832,-20.2276,-2.20874,-264.008,-976.488,-99.064,45220,23940,-14420
-6.52888,-2.54152,-12.3662,-6.87792,-10.1302,-14.9982,-6.93376,-1.02612,-7.01755,-8.20619,-7.4697,-10.3766,-12.5294,-14.7553,-7.20758,-8.18785,-262.056,-980.88,-92.232,46340,22400,-14140
-2.82883,7.63741,-11.4845,2.98488,-1.94621,-7.45884,1.41734,-2.38537,-1.56198,-14.6659,-15.3888,-8.03704,-11.8091,-6.62005,12.7446,-4.54623,-256.2,-982.344,-85.888,49280,18200,-14280
-27.6208,-24.2013,-18.3341,-18.2594,-15.1712,-8.34469,-2.19874,6.51982,-27.8086,-14.7921,-10.6084,-23.3696,-17.6411,-10.0171,-6.69474,4.4189,-249.856,-976,-83.936,52080,13580,-14560
-25.1338,-53.8179,-14.2769,-31.4923,-22.5197,-12.1996,-2.90562,10.0145,-29.5985,-1.57589,-3.59366,-21.0586,-13.5246,-14.2501,-18.8359,7.87344,-247.904,-969.656,-80.52,55160,10640,-15120
3.82922,-32.2533,-6.42269,-18.1917,-14.6748,-11.9229,-3.1704,4.3801,2.60805,9.96866,8.39959,-5.62768,-6.05108,-12.3753,-15.7815,-0.0387826,-249.368,-967.704,-83.448,56700,7280,-15540
14.2079,-9.09891,-7.65968,-12.0671,-13.7697,-12.8014,-9.83298,-2.5754,15.6993,3.95691,3.93889,-6.76071,-7.31082,-13.1543,-8.96664,-6.69188,-246.928,-969.168,-68.32,56700,5040,-15540
8.40078,1.45234,0.0136766,-3.66762,-5.62621,-3.01806,-8.21492,4.73539,9.16512,2.44487,0.681929,-2.07666,0.0577904,-3.83098,9.2613,-5.34384,-248.88,-972.096,-65.392,56840,1960,-14840
-2.1561,16.7193,5.54875,9.82391,7.66959,2.52671,-7.24189,-3.0001,-1.2955,-8.90147,-6.96137,10.4758,4.22126,3.45747,5.41039,-12.8665,-249.856,-972.584,-63.44,56420,-280,-14560
-13.0065,29.8511,-4.31763,18.4652,12.9102,1.64096,-4.96805,-18.7478,-10.3738,-25.4836,-21.845,5.00188,-5.80036,4.37941,1.21588,-12.5841,-253.272,-968.192,-60.512,55020,-1540,-14000
0.46318,27.0612,-5.03342,11.9126,8.36061,3.83668,1.28154,-7.66355,1.6477,-3.38794,-0.91366,-5.04552,-5.25809,4.76256,0.0680132,0.017856,-251.32,-965.752,-59.048,54740,-3220,-12880
19.9145,18.8672,14.0175,18.2353,18.8073,18.9661,27.7813,10.9379,19.826,17.3482,15.9378,10.3417,14.1436,19.7575,23.5124,24.1957,-253.272,-962.824,-54.168,54460,-4620,-12320
19.7646,24.7234,24.5337,35.6301,35.0589,32.9216,44.2685,18.5114,19.5607,15.6795,12.4399,24.2271,24.6898,34.2358,46.7679,35.0485,-250.832,-955.992,-45.872,53900,-4060,-11480
-8.00061,4.77324,14.6249,21.7403,21.0121,18.0984,12.7975,1.51308,-10.2935,5.01418,5.72951,16.2443,14.6009,18.3838,20.1524,2.67029,-248.392,-957.456,-36.6,52500,-2940,-10920
-1.27916,0.523884,2.73514,-0.960118,-2.36052,-5.36933,-14.1318,-12.6757,-1.49055,-3.18101,-5.4484,6.12147,2.34412,-5.0164,-11.9051,-20.2929,-252.784,-955.504,-30.744,48440,-1120,-10080
10.8718,19.1932,3.00003,0.450467,-2.45554,-4.69054,-7.96216,-9.77861,12.4502,4.0052,2.45454,2.91595,2.96808,-4.39111,-9.50302,-9.9991,-258.64,-950.624,-30.744,44940,2520,-9800
-1.20405,-8.41793,-0.0732615,-10.8732,-8.55202,-2.06113,-1.77036,-0.65583,-1.95491,4.85605,5.19942,-4.44267,-0.0518268,-3.40715,-4.61018,2.0118,-257.664,-949.648,-30.256,42560,5880,-9380
-4.80112,-16.6809,-0.282613,-9.18311,-6.87469,-1.55727,-1.46017,4.48558,-6.36881,3.2566,1.21731,-2.57477,-0.379026,-2.63585,0.451413,5.23668,-272.304,-920.368,-89.792,39200,9660,-8260
-8.58698,-9.1731,-4.27081,-3.26269,-3.06876,-2.23452,-3.05744,2.11442,-9.65142,-1.57449,0.270162,-3.1303,-4.02003,-2.42961,0.402275,1.49568,-268.4,-951.112,-23.424,36960,11200,-7000
3.20387,-1.84764,-6.93887,-11.5962,-10.4877,-9.74755,-10.5043,-3.46276,4.23814,-3.9852,-5.27033,-5.7649,-7.11652,-9.6076,-15.9531,-5.57123,-262.544,-951.6,-12.2,35000,12040,-5180
7.05599,7.4001,0.781246,-3.84219,-2.17485,-0.770428,-2.86232,1.36075,8.56012,2.04285,2.31797,-0.308243,0.985353,-0.664109,-12.4533,0.000242798,-270.84,-954.528,-21.96,30100,11480,-3920
-4.85785,-4.07123,0.0132064,-0.847414,0.895258,3.02312,4.83818,5.4162,-4.59857,-4.1945,-2.46969,-1.65409,0.582593,2.58334,0.626834,4.4321,-273.28,-953.552,-32.208,27860,13440,-3500
-15.1176,-21.3515,-5.9386,-2.90386,-2.34733,-2.55308,4.54935,2.01421,-15.3809,-8.50057,-9.09115,-5.71477,-5.70279,-2.8813,8.48648,2.49383,-267.424,-959.896,-25.864,25760,13580,-3220
4.40508,-0.46893,2.12572,0.521402,0.55029,0.148231,-0.971044,-2.3999,4.93169,2.80447,3.85158,2.98936,1.92182,0.161982,-1.34901,-0.802489,-266.936,-959.896,-25.864,25060,13720,-3360
15.1391,11.5149,8.93866,3.22797,4.15778,4.48417,-1.38633,-1.75077,15.778,4.51983,2.06246,8.65398,9.22557,5.08518,-4.70592,1.55694,-272.304,-968.68,-30.744,24080,13580,-4060
4.39737,-5.09539,3.02448,-6.88277,-4.88635,-1.21792,-8.6824,-0.490733,4.23158,6.14192,6.72315,1.2984,3.47296,-1.55487,-13.275,-1.78158,-266.448,-967.704,-37.088,23800,14280,-4620
-6.52829,-23.0762,-10.0812,-19.6798,-18.027,-14.6728,-13.9311,-2.03502,-6.58527,-0.845986,2.2471,-10.7607,-9.71554,-15.4298,-15.5162,-7.3227,-263.032,-973.56,-35.624,25340,13020,-5600
-0.0147292,-5.19867,-11.9971,-10.1363,-12.0705,-14.0713,-7.62284,-1.9276,-0.3114,-4.76614,-4.39741,-10.3801,-12.3925,-13.986,-2.97796,-6.82527,-259.128,-972.584,-33.672,27300,11340,-7140
-14.7157,-9.23318,-11.0037,-7.51443,-8.58167,-8.54121,-4.12247,-0.212744,-16.3324,-5.74774,-2.85239,-12.9927,-10.8868,-8.85331,-2.20031,-2.2948,-253.76,-974.536,-42.456,29260,10360,-8540
-15.7007,-10.2075,-6.14724,1.17736,0.819778,0.157081,4.78379,3.39564,-16.498,-5.96983,-6.91996,-7.88837,-6.16817,0.387057,6.75495,4.96329,-248.392,-977.464,-42.944,31780,9100,-10360
-9.51825,5.83227,2.79253,15.0953,13.4477,9.28237,12.0353,4.21566,-10.7166,-2.60737,-2.93702,5.28123,2.51132,10.1291,14.4488,7.36535,-245.952,-978.928,-38.552,33740,6580,-11620
-7.42547,-6.49831,-5.67845,-2.14811,-2.12982,-2.3851,0.0156628,-1.35715,-7.08984,-3.87341,-2.69316,-5.93393,-4.93974,-2.53439,5.76257,-2.45706,-240.584,-980.392,-38.552,34860,5460,-12740
14.1223,2.09021,-3.55601,-5.65358,-5.80547,-4.82284,-5.60615,-3.38734,14.9841,5.96974,3.56751,-5.49463,-3.74795,-4.84427,-0.557815,-6.80236,-242.536,-980.88,-40.504,36260,4480,-14000
7.96152,-3.08084,2.54216,3.99306,5.24028,5.75385,9.42695,4.45584,6.93534,10.4475,10.2178,1.96339,2.39329,5.77755,10.0506,5.79714,-239.608,-982.832,-41.968,37660,4900,-14840
22.3823,18.5554,15.4881,13.3347,13.2213,10.9947,8.56462,0.902243,22.9746,8.01905,4.59974,18.6175,14.9453,11.5815,5.8479,2.79906,-239.12,-977.952,-46.36,39900,5320,-15540
-6.42743,6.63413,6.52143,3.8498,3.80583,2.42366,-7.30749,-6.07774,-5.11157,-6.41334,-4.15436,8.46622,6.65795,2.21135,-9.65005,-10.252,-233.752,-971.12,-40.992,42000,5740,-16100
-5.07827,10.2807,-1.48845,0.123513,-0.896331,-2.4875,-6.22223,-0.0684389,-3.69596,-7.27408,-5.54086,-0.798973,-1.14343,-2.35972,-9.6192,-3.90881,-233.752,-967.216,-41.48,42700,5600,-15960
5.58207,7.47534,2.69899,-1.41459,-1.39614,-0.277572,0.126913,4.44265,5.52737,1.90509,-1.12885,1.51188,2.74138,-0.743659,-9.26655,6.47616,-230.824,-965.752,-32.696,42280,4480,-14980
2.52442,2.16887,5.66331,-1.94457,-1.42597,-0.466848,-6.737,-9.07683,2.50286,5.07624,5.72632,5.87231,5.14259,-1.86344,-14.5413,-4.53574,-237.168,-961.848,-37.088,41440,4200,-14000
-11.8608,-8.97557,1.38267,-1.10262,-0.470351,-0.0653848,-2.20592,-6.91234,-13.7245,-5.34674,-5.77683,2.24005,0.966361,-1.055,-6.1952,-5.71845,-234.728,-962.824,-29.768,39060,4480,-12880
-10.1798,-9.40779,-0.228028,5.22278,5.9213,6.4627,14.1377,9.2543,-10.3971,-1.91295,-1.94001,0.0346136,0.0731225,6.29587,17.6124,9.12026,-239.608,-961.848,-37.088,36820,4900,-11760
20.7317,17.124,9.94492,18.2959,17.296,15.1546,19.8907,10.5945,22.2945,7.96783,6.82092,11.8972,10.0276,15.7534,28.0672,15.8371,-236.192,-964.288,-35.624,35280,5040,-10920
20.0395,22.5989,6.34782,13.4074,11.1652,8.72366,4.32423,2.58309,20.7582,4.67073,3.11128,7.1742,6.17722,8.50675,5.8662,3.31969,-243.512,-965.752,-42.456,34300,4480,-9660
3.7341,3.43137,-7.984,-8.2356,-9.00801,-7.86572,-7.13313,-2.65088,4.9908,-1.18603,2.16454,-8.46048,-7.78279,-8.33487,-13.4,-4.01246,-244.488,-963.312,-39.04,33880,4060,-9240
-13.2414,-15.5493,-16.5964,-14.7134,-16.482,-13.499,-5.35646,2.74576,-12.8882,-8.66892,-8.39662,-17.7732,-16.3467,-13.9625,10.6837,-1.92498,-245.464,-962.824,-37.088,34020,2940,-8400
-10.6075,-0.900963,-5.85117,-1.98197,-4.14338,-4.37437,-3.97682,1.80139,-11.7395,-4.76886,-5.08248,-6.57506,-6.18666,-4.05182,10.4813,-5.83805,-243.024,-960.872,-40.992,33880,2520,-7840
-5.5874,-6.41826,-1.81908,-5.48914,-3.21951,-3.80944,-3.18156,-7.98368,-6.14013,-5.31103,-4.77001,-3.04671,-2.21846,-2.23486,-15.2202,-3.39049,-244.976,-961.36,-44.896,34020,2520,-7560
2.16485,9.72254,0.845784,6.7236,6.31992,2.89881,7.22996,-3.49712,3.3017,-4.21841,-4.42895,2.17731,0.441583,5.2415,-0.368393,8.58451,-248.392,-957.456,-49.776,33460,2520,-7000
-25.0935,-4.6801,1.55659,10.9955,11.1911,11.379,13.7334,5.64313,-27.1177,-3.04749,1.38997,0.776638,1.54478,11.8357,12.7809,14.4398,-252.296,-958.92,-51.24,32760,2240,-6440
-1.37086,-3.89852,10.588,2.64082,5.46605,8.08316,2.59789,0.521242,-2.77922,6.30992,3.90511,8.77397,10.7306,8.36705,-2.94838,4.25601,-249.856,-963.312,-40.992,30380,1680,-6300
19.726,-5.61211,10.2326,-7.65069,-4.25929,-0.654671,-7.86265,-4.2673,19.7801,13.2483,11.6248,8.30167,10.7321,-1.0571,-5.91758,-7.65638,-249.856,-961.36,-49.776,29680,1260,-6440
17.5779,-0.101379,4.30907,-2.61969,-2.99205,-4.31951,-5.9064,-3.12714,18.0615,7.14825,6.11423,4.90816,4.21581,-4.20961,4.09462,-10.2587,-251.32,-957.456,-55.632,32760,2940,-7280
19.4846,27.9913,5.40647,9.83275,6.05356,1.25998,-4.93339,-3.11185,21.5372,3.60419,1.32036,8.20375,5.4033,2.15303,-2.50103,-9.37146,-255.224,-958.92,-65.88,37380,4900,-7980
-6.5028,9.00299,-6.28456,0.404737,-2.37786,-3.47455,-13.5481,-6.56343,-6.092,-0.812293,3.67067,-6.42514,-5.67363,-3.8488,-8.63798,-15.2206,-255.224,-953.552,-69.784,39340,6580,-8680
-13.0112,-21.4463,-16.1945,-16.4571,-15.7498,-12.7506,-13.6756,-0.607724,-14.252,-3.90715,-2.90712,-18.7017,-15.8793,-13.7146,-10.6612,-9.75774,-257.176,-953.064,-74.176,40740,7560,-9100
4.78123,-13.9471,-6.81912,-11.0835,-10.1711,-8.66007,-4.23263,3.68033,3.58284,5.78865,4.42031,-7.29979,-7.42489,-9.09443,-7.12107,0.178988,-261.08,-952.088,-74.664,41440,8260,-9380
1.8634,-12.3482,-4.12311,-8.04623,-6.72991,-5.04939,2.67191,2.814,1.51567,1.96105,0.84711,-4.9598,-4.46773,-5.46185,-0.715804,5.57109,-263.52,-952.576,-83.448,41300,8820,-9380
-15.8521,-19.9984,-9.68988,-9.11067,-6.97919,-3.42995,6.8421,6.06179,-15.1326,-7.96058,-8.53205,-12.2635,-9.44644,-4.40301,6.14041,9.06869,-265.96,-954.04,-89.792,42000,11060,-9520
-18.2368,-14.8633,-0.963023,-6.92449,-4.37653,-1.30526,-2.02767,1.23671,-19.1491,-3.74919,-1.55599,-1.84816,-0.938861,-1.71205,-9.08726,2.49799,-266.936,-954.528,-90.768,43120,13020,-9380
-7.85384,-4.87048,9.00995,5.4402,7.65769,6.91639,6.01318,1.93505,-9.82083,-3.31267,-5.88465,12.369,8.5861,7.48881,-5.25603,7.10702,-263.032,-955.016,-77.592,45220,14840,-9100
-0.678422,10.4551,7.8014,13.584,12.32,8.73915,7.01778,0.692856,-1.37029,-2.37645,-3.2628,12.1806,7.47727,9.53381,3.19848,4.50612,-252.296,-954.04,-43.432,46620,16940,-9100
-7.35282,-0.354846,-1.23329,-0.909216,-1.15304,-0.515307,-4.133,-2.9677,-7.11992,-4.42237,-2.78272,-3.54732,-0.852355,-1.03002,-4.1984,-3.11658,-253.76,-961.36,-31.232,45360,19460,-8960
-2.60534,-3.65413,-4.02848,-6.80611,-6.46457,-4.82576,-6.17457,-2.05678,-0.554386,-0.789981,-1.68055,-6.79852,-3.87646,-6.0997,-4.52688,-3.96241,-256.2,-965.752,-24.888,41160,24080,-8960
7.90839,2.94328,-1.84664,-2.67339,-2.91489,-3.58164,-1.34236,1.18909,8.99829,5.16107,7.01907,-1.0917,-1.91555,-4.11168,4.81714,-0.242216,-260.104,-971.608,-25.864,37800,27020,-8820
22.1131,15.7859,5.08405,10.0755,8.35857,3.89143,10.5538,1.45823,22.9243,2.55486,0.6494,8.67554,5.44465,5.02964,19.7758,6.64634,-258.64,-975.024,-27.328,34020,29960,-8680
17.2773,18.7575,5.47178,8.79555,7.35923,5.32226,6.11098,-2.75075,18.4941,2.67551,3.29351,7.36892,6.16248,5.4577,13.0152,3.32879,-307.928,-1021.87,18.544,31360,33040,-8680
-0.772272,18.1063,3.61228,12.3904,10.9916,8.7037,8.28883,0.694567,0.10149,-4.89278,-2.73851,5.68621,3.39457,8.90931,7.80251,5.9531,-267.912,-986.248,-57.584,29260,37100,-8680
3.12487,20.3513,9.95632,13.4109,13.1012,11.4483,5.9964,1.45105,3.65115,-6.36327,-8.88272,14.1182,9.58807,12.0034,-6.34956,4.85931,-263.52,-981.368,-45.872,25340,47320,-9800
-6.20233,3.04115,-0.917018,6.34487,5.41385,3.8381,9.0313,2.70602,-7.30332,-6.23567,-4.10309,-0.402609,-0.796477,3.85882,7.1642,3.66374,-261.568,-979.416,-42.456,32340,30940,-9380
1.13918,-2.93447,-3.98286,2.64203,1.67931,0.791909,10.8796,5.42824,0.787444,-1.29494,-3.33036,-6.13706,-4.24541,1.07307,17.6056,6.10426,-259.616,-975.024,-35.624,31920,29540,-9520
20.5535,17.7541,16.9307,13.8779,13.2798,12.6313,8.33317,1.79203,20.783,13.894,11.1044,16.2101,16.8419,13.394,11.4795,6.11766,-256.688,-971.608,-33.184,31220,23100,-9100
-9.78152,-10.3573,4.51673,-6.80964,-5.40678,-1.53085,-10.4356,-4.66647,-10.4117,4.79049,7.24919,1.58664,4.97478,-2.38381,-16.4736,-6.44353,-255.712,-973.56,-34.16,30380,21980,-9100
-20.0638,-27.7313,-14.373,-20.7568,-18.9712,-15.9318,-14.8166,-3.05257,-20.8957,-3.0425,-1.43973,-17.1581,-14.0289,-16.964,-22.528,-10.3993,-262.056,-975.512,-36.6,28420,22120,-8960
3.36081,-2.77296,-7.99377,-8.91328,-9.52127,-9.11727,-8.74674,-3.58486,4.00867,3.96774,6.14564,-8.344,-8.50682,-9.29502,-14.3907,-6.08822,-258.64,-979.416,-28.304,27440,24080,-9240
10.9312,2.55812,-0.837586,-6.44676,-7.0837,-5.14339,-12.2657,-4.06745,10.5853,4,1.95521,-1.65649,-1.03577,-5.24496,-12.1557,-7.98345,-257.176,-975.024,-33.672,28140,23800,-10360
-4.61285,-6.80684,-4.70011,-0.128041,-2.227,-2.38399,-4.98008,-1.32296,-6.07649,4.19504,3.50465,-5.36284,-4.2433,-1.8072,11.1269,-6.40907,-248.88,-968.68,-26.84,28000,19460,-9380
-0.719173,-14.8132,-7.8162,-12.3443,-11.3301,-8.3957,-8.1952,0.0573802,-0.690566,2.13695,2.66906,-8.89029,-7.92587,-8.67755,-3.15861,-6.8292,-243.512,-969.656,-32.696,25760,18620,-8680
-5.5445,-9.24192,-2.57955,-6.59302,-4.68977,-3.34842,-3.91786,1.52813,-5.84593,-6.20725,-6.89673,-2.89453,-2.70348,-3.44105,-9.2662,-2.76394,-247.416,-968.68,-26.84,22260,17920,-7980
-12.9754,-9.58251,-7.46409,-8.90183,-7.31692,-6.65281,-6.65177,-1.29291,-11.7062,-6.7473,-3.75033,-8.52825,-7.29495,-7.10644,-14.8913,-5.8722,-245.952,-971.608,-34.16,20720,17780,-7560
-10.4379,-3.75601,-5.98389,-1.20701,-1.12602,-3.17175,2.72881,0.909924,-10.1755,-8.12979,-8.99741,-6.30941,-5.80193,-3.02173,0.937934,-0.52132,-245.952,-970.144,-31.72,20020,18480,-7000
-6.3325,-1.93372,0.758748,6.12343,4.47696,3.00056,5.89729,1.2869,-6.81571,-0.499574,-2.0418,1.15369,0.521289,3.23554,17.3104,2.01816,-245.464,-964.288,-31.232,19880,18900,-6300
3.79491,1.3187,1.43306,4.77991,3.57332,3.79739,4.34406,5.41378,3.61389,2.17286,2.08986,0.963023,0.865811,3.65756,18.1412,4.64986,-244.976,-963.312,-31.72,20860,19180,-6020
15.326,3.44842,6.68732,-1.4809,1.50764,4.6943,1.60557,4.50321,15.5861,6.09477,4.42738,6.54514,6.56849,4.34431,-2.97735,6.51621,-241.56,-963.312,-30.744,21000,18480,-5460
12.8512,5.70496,5.70504,-0.0268574,2.04387,2.73415,4.64139,-1.31401,13.3318,7.38885,9.14167,5.9134,5.50384,3.16525,-7.93886,6.6409,-242.048,-963.312,-31.232,21140,18340,-4900
-4.79961,8.20319,8.73395,21.2644,19.2197,14.3491,20.2704,0.111686,-6.18298,-2.9876,-4.133,9.75247,8.44875,16.0224,24.4333,11.1001,-243.024,-961.36,-33.184,20580,17780,-4480
-6.62288,0.580342,4.82903,7.06251,6.26076,4.99753,1.0926,-3.97229,-7.32272,-1.33025,-1.72169,5.00961,4.67476,4.9099,5.01818,-4.02163,-240.096,-964.288,-33.184,20300,17080,-3920
-19.2166,-16.9103,-7.97075,-12.5018,-11.5788,-11.2546,-13.1607,-6.22338,-20.5225,-8.49217,-6.38677,-8.05329,-8.08749,-12.0756,-16.3149,-11.486,-242.048,-965.752,-32.208,19880,16100,-3500
-2.61495,-1.00191,-8.46055,-8.47652,-10.1119,-12.0494,-11.0277,-5.10097,-1.66183,-7.22544,-7.71675,-4.93317,-8.43925,-11.6863,-9.10368,-8.31088,-242.048,-967.216,-30.744,20160,15540,-3360
24.4645,30.5065,3.12538,5.617,2.83049,0.622986,-1.0426,0.599897,26.4881,2.33204,2.54567,7.43292,2.84221,1.54717,-1.48153,1.15431,-244.488,-964.288,-31.232,20160,14560,-3500
20.1028,27.0596,13.6972,12.6916,14.166,14.2609,13.4209,8.20898,21.5339,1.64232,-0.130204,15.318,14.2395,15.0647,-0.428077,14.271,-243.024,-962.824,-28.792,19880,13020,-3220
11.5549,35.1241,21.5839,33.9291,33.0295,28.1703,28.0961,11.1673,11.4411,9.76872,8.28289,22.9677,21.9223,29.8103,24.1212,23.2009,-243.512,-963.8,-31.72,19320,11900,-3500
-3.57693,1.92347,12.5173,14.8061,16.2033,16.6803,12.3673,1.87249,-5.34995,7.30886,7.24689,11.0532,13.1357,16.2158,13.359,9.29097,-247.904,-961.36,-34.648,18900,11340,-3640
-10.1695,-23.8097,-7.25769,-15.4327,-13.5225,-9.56129,-15.9388,-7.53972,-10.129,-1.99305,-2.84149,-10.0129,-6.58077,-11.4409,-14.8857,-12.9994,-252.784,-963.312,-33.184,18340,10360,-3780
1.81854,-6.79526,-7.55555,-11.3447,-12.5061,-11.2808,-18.776,-7.32065,3.64297,0.490378,2.47279,-7.87783,-7.34476,-11.9013,-13.7965,-16.3199,-252.784,-963.312,-31.72,18200,9520,-4060
-5.88121,-13.6514,-16.8052,-19.3049,-19.898,-16.8196,-16.7809,-4.73803,-4.11229,-8.30596,-5.47532,-17.804,-16.1991,-17.8717,-13.295,-11.9032,-249.856,-963.312,-31.72,18200,8960,-4480
-12.4395,-18.5616,-15.3805,-20.1069,-18.6476,-15.6039,-9.75889,-1.46034,-12.6024,-5.0814,-2.85662,-18.1357,-15.3472,-16.2059,-9.40679,-4.44945,-249.368,-964.776,-37.576,17920,7560,-4760
-15.3512,-22.535,-13.9803,-17.65,-16.003,-13.683,-4.97774,0.325559,-17.032,-3.47712,-2.71747,-17.13,-13.9607,-14.2209,-7.31806,-0.231595,-248.392,-964.288,-33.184,18200,6860,-4760
-2.90381,-8.60101,-5.04587,-0.451359,-1.18243,-3.45818,10.4203,3.84693,-3.82659,4.27459,1.55106,-5.09104,-5.6006,-3.24346,13.6039,9.72017,-247.416,-963.8,-33.672,18620,6580,-5040
3.43956,-2.05827,7.18298,2.34446,3.21598,3.58819,5.04611,0.254445,3.09846,7.45017,8.08622,7.01677,6.9918,3.37261,8.13438,4.75222,-245.952,-964.776,-34.16,19040,6020,-5180
3.63815,2.51895,2.42062,1.4254,0.577543,-0.0755078,-0.531924,0.100348,3.68347,-2.23884,-3.45495,2.67373,2.44986,-0.582318,1.86601,-1.41942,-247.904,-961.36,-30.744,18900,5320,-5180
11.4506,18.8411,8.80554,13.8045,11.8799,8.43146,9.21417,4.31026,10.7497,5.5227,3.78037,10.3941,8.12004,9.08728,8.91816,5.18726,-245.464,-961.848,-32.696,18900,5180,-5180
3.4675,6.48624,13.0502,9.66924,10.2098,9.90183,6.45631,4.40969,1.62806,4.23203,3.50657,13.3874,12.5965,10.1602,4.90447,4.29273,-249.368,-961.848,-25.376,18620,4620,-5040
5.26534,-3.02848,5.38418,-0.822259,0.831121,2.0839,1.17602,4.15082,5.23363,-0.336556,-2.43281,5.98348,5.1576,1.98061,-3.02773,1.75743,-249.368,-962.824,-33.184,18200,4480,-4760
3.89024,0.758907,-4.47493,-2.23272,-2.21336,-2.49654,2.2421,4.81487,4.5469,-0.0837991,2.71022,-3.31618,-4.783,-2.2256,-1.46521,2.14759,-249.856,-963.312,-30.744,17500,4340,-4480
6.47017,11.7496,1.91767,11.7913,10.2322,7.28426,7.90529,2.6481,8.01313,-1.26035,-1.4366,4.12174,1.67443,8.23203,11.4353,2.96863,-246.928,-963.8,-27.328,16940,4060,-4340
-2.10493,4.91729,-3.68346,4.21661,2.71784,2.70921,-5.55102,-2.75649,-1.22429,-3.94856,-2.69522,-2.71674,-3.57511,2.78816,1.34647,-8.21799,-250.832,-962.336,-28.304,16940,3220,-3920
-16.3192,-8.87581,-11.3737,-5.96812,-6.51154,-4.29654,-11.812,-4.2354,-16.4661,-9.66489,-7.48846,-12.8406,-11.321,-4.80079,-9.39155,-9.93406,-249.856,-963.8,-27.816,16380,3080,-3780
-21.6416,-12.7901,-7.63711,-3.28988,-2.12682,0.3546,-1.57102,0.376829,-22.6313,-9.78165,-10.6304,-9.99149,-7.85998,0.129928,-7.19992,0.648396,-246.928,-959.896,-27.816,15540,2660,-3640
-7.02037,-7.68302,-0.154966,-0.890519,0.701803,2.4015,4.28827,2.37165,-6.8232,2.05281,3.36774,-0.419324,-0.198015,2.55966,-2.72107,4.63263,-249.368,-960.384,-28.304,14840,2660,-3500
-3.24524,-9.86141,-1.6323,-7.66932,-7.09852,-6.06575,-6.43145,-4.52138,-3.34884,-2.07409,-3.40214,-2.78292,-1.36264,-6.23442,-8.08911,-4.77018,-244.976,-960.872,-30.744,14700,2240,-3220
0.884318,-1.11305,-2.61426,-7.15091,-9.42486,-11.1866,-10.6695,-10.4609,1.25985,4.02306,3.93089,-2.32878,-2.24833,-10.7094,-8.2692,-11.9106,-246.44,-962.336,-27.328,14140,2100,-3080
20.1058,20.5083,7.38091,1.5815,-0.855155,-3.35218,-7.47301,-11.0501,21.0867,9.82893,9.47891,8.94068,7.02627,-2.63603,-9.36961,-9.2263,-249.368,-961.848,-27.816,13440,1540,-2940
9.89135,5.60463,3.79048,1.33688,0.948259,0.69522,5.12509,-0.739283,9.94509,2.99532,1.28265,3.22132,3.67754,0.671991,7.21055,3.76347,-247.904,-965.752,-27.328,12880,1260,-2940
11.2546,12.267,8.58969,11.4463,11.5044,9.5073,14.9838,3.42312,11.7386,4.16867,4.43311,10.07,8.3323,9.87647,19.6329,12.3045,-245.464,-964.288,-25.864,12600,840,-2800
16.9521,21.0473,14.0383,13.6498,13.3063,11.2544,6.27546,-0.348553,16.7416,-0.117695,-2.34033,15.9539,13.485,11.3439,7.7192,4.41628,-244,-966.24,-29.28,12320,420,-2800
9.50324,6.30839,3.45522,-0.0911282,0.783791,1.46773,-3.68405,-1.41244,9.91088,3.17267,3.60071,3.43843,3.88678,0.97835,-2.99375,-3.08674,-245.952,-966.728,-19.52,11480,-140,-2800
-1.48034,-6.98917,-0.936714,-6.78188,-5.1512,-2.85368,-6.72918,-2.40742,-2.10143,0.0142967,1.35858,-2.11066,-0.0607226,-3.37363,-8.34778,-5.36586,-242.048,-967.216,-20.984,11060,-420,-2520
-7.14094,-5.84983,1.73646,2.77237,3.56215,3.10205,3.54991,3.38151,-7.8151,-1.12479,-3.26681,1.83071,2.2434,3.60319,3.42482,3.76584,-241.56,-967.216,-19.032,10220,-1120,-2380
-2.38045,3.69556,1.64142,6.13336,5.98857,4.91952,7.51659,5.74855,-2.60913,2.52649,3.73686,1.43214,1.42604,5.46627,8.54647,6.93532,-241.072,-968.192,-18.056,9520,-1820,-2240
-15.934,-8.34286,-3.55001,1.45225,1.9576,2.04795,6.34408,7.45273,-17.7583,-7.7536,-7.93385,-3.91538,-3.42732,1.98945,8.10669,6.67346,-241.56,-967.216,-18.056,8820,-2100,-2240
-12.933,-16.8858,-8.09655,-10.5287,-8.5701,-6.85478,-5.78912,3.16586,-13.7558,-4.10464,-3.85901,-7.92747,-7.75741,-7.28998,-9.47395,-0.549361,-241.072,-969.656,-13.176,8260,-2660,-2100
4.891,0.0518179,-1.9183,-3.48293,-3.74412,-4.03707,-2.50091,-0.374236,6.00261,-1.73872,-0.925831,-1.17096,-1.72207,-4.17706,-4.78361,-1.20865,-238.144,-967.216,-14.152,7840,-2520,-1960
-2.18345,-2.42935,-6.23198,-1.23748,-1.37092,-2.13818,4.38694,3.94839,-1.94501,-5.14004,-5.37675,-6.62518,-5.99299,-2.38008,5.31614,3.72665,-242.048,-966.728,-12.2,7140,-2380,-1960
-8.234,-9.41371,-9.86267,-7.19253,-6.87155,-6.56385,-0.498846,1.67197,-8.04215,0.31428,2.47041,-11.0656,-9.26123,-6.76553,-2.73055,-0.382133,-240.096,-966.24,-11.712,6440,-2380,-2100
-6.72319,-3.77716,-2.66831,-2.51722,-2.46956,-2.5387,-4.0143,-2.48014,-6.36383,0.938725,-0.0422913,-3.49095,-2.33174,-1.73294,-6.49466,-3.56355,-241.56,-965.264,-12.2,6300,-2100,-2100
-9.66969,-9.34164,-0.125405,-5.86783,-4.58142,-2.0126,-5.81148,-4.35382,-8.84417,3.80069,5.38047,-2.73127,0.098803,-2.17072,-5.16388,-3.8874,-242.536,-964.288,-13.176,6300,-1820,-2380
-6.55068,-9.43944,-0.91663,-5.84928,-4.64108,-1.83407,-2.01999,0.0415112,-6.45257,-0.10738,1.7488,-3.31989,-0.832677,-2.89373,2.19813,0.356868,-239.608,-959.896,-16.592,6440,-2100,-2660
6.32667,1.39155,7.63405,4.92489,5.45344,6.74616,1.76364,3.84962,5.86325,1.61524,-1.8201,7.7625,7.09433,6.22676,1.52416,3.74186,-238.144,-959.896,-14.64,6720,-2100,-2520
10.0293,12.2596,12.051,16.167,15.528,13.0891,8.06833,2.83998,9.39716,5.3685,3.49018,13.2206,11.4723,13.6513,8.12598,4.31267,-239.12,-955.504,-12.2,6720,-2240,-2800
13.5006,8.8125,2.45667,7.53521,7.09772,6.19959,6.82872,4.40517,13.4333,2.10722,-0.142961,4.17457,2.38884,6.38958,3.42527,6.42441,-238.632,-954.528,-14.64,6860,-1960,-2660
13.3866,8.19767,-4.05285,1.28478,0.810804,1.13775,3.19454,5.39077,14.9484,-2.35551,-2.03392,-0.923794,-3.36702,0.444182,-0.534692,4.50929,-236.68,-956.48,-14.64,6720,-1540,-2800
4.53372,7.08165,-9.26047,-6.54255,-10.2019,-12.1913,-10.6855,-6.46777,6.72961,-11.9347,-8.19688,-8.34574,-8.93242,-12.4215,-9.164,-14.3956,-237.656,-955.016,-18.056,6580,-1120,-2940
-2.58035,9.3487,-11.7459,-6.13732,-11.3083,-15.6693,-12.3833,-8.97142,-1.09155,-11.3373,-9.99201,-11.0683,-12.093,-14.7045,-4.26671,-15.4451,-238.632,-953.552,-16.104,6160,-840,-3080
-3.68376,0.545989,-10.4499,-10.1987,-11.4201,-11.7493,-10.443,-2.52897,-3.69361,2.61829,6.00279,-10.7803,-10.6978,-11.546,-3.93297,-7.17248,-237.656,-952.576,-14.64,5600,-420,-2940
-4.08256,-7.68884,-2.14121,-11.1171,-10.8712,-10.2759,-7.66674,-4.60553,-5.79535,10.4793,10.5578,-4.84178,-1.83323,-10.9378,-12.3472,-6.32128,-238.144,-953.064,-9.76,5460,560,-3220
-9.93605,-11.0183,5.00087,-0.661285,-0.985583,0.380357,5.76485,-5.2838,-12.7687,18.1563,17.9687,2.55634,4.78706,0.0199339,4.07857,2.3876,-240.584,-954.528,-17.568,5600,1400,-3220
2.80319,-0.831049,11.4433,9.687,11.0472,13.8062,13.5224,-0.857755,1.56183,14.7975,15.123,13.8622,10.0403,13.8476,16.8141,12.9222,-238.632,-952.576,-12.688,5460,2380,-3360
6.38529,7.81023,13.0398,14.1175,18.5917,22.0907,15.3311,7.47953,5.2157,4.07877,2.46552,16.6731,11.5275,21.9647,12.1653,17.8571,-236.68,-951.112,-12.2,5320,4340,-3360
-9.43478,-5.93673,7.92246,5.62636,10.2581,14.3193,5.45393,4.12928,-10.1222,1.88862,3.08128,6.13574,7.02264,13.637,0.46919,6.97104,-235.704,-948.184,-16.104,5600,6300,-3640
-8.05482,-3.53009,3.32841,6.1399,7.34087,6.76627,0.625082,-4.35205,-7.6542,-3.91078,-6.23598,0.877008,2.77311,7.16056,1.55029,-4.55523,-227.896,-923.296,-41.968,6580,10640,-3780
-6.40784,-9.44668,7.83918,-1.2329,-0.652067,1.25825,-10.6085,-9.3166,-6.40673,-5.40091,-9.09498,3.72141,7.63432,0.882657,-11.3643,-11.7321,-159.088,-1049.69,295.24,7420,22260,-4760
-8.68826,-18.6166,8.97696,-13.6115,-11.7145,-7.29668,-21.0874,-5.7064,-9.41933,-13.2679,-16.4542,4.13778,10.01,-8.25751,-24.6752,-11.1628,-301.584,-965.264,-132.248,12040,47180,-6300
2.91648,-4.07983,-2.48619,-6.94061,-6.18741,-6.81587,-6.71988,4.90444,2.5109,-14.0454,-15.6737,3.74102,-2.9206,-6.23562,-12.2606,2.55487,-275.232,-938.912,-36.6,23520,58100,-8540
14.8852,19.5044,-12.0132,7.81754,4.47542,-8.40413,8.68737,4.07276,16.0428,-14.6907,-13.1258,1.48888,-13.1666,-5.31422,5.70967,2.56379,-244.976,-974.048,-25.864,20300,29540,-4620
17.9788,31.3787,-13.9238,12.0499,6.35896,-7.12565,11.6494,-1.10547,21.0714,-19.9071,-20.4444,-8.01692,-13.7274,-4.11572,15.0774,-0.993586,-245.952,-967.704,-30.256,9240,8960,-2660
22.422,31.9253,-12.6054,7.77648,1.15498,-3.55044,6.48135,1.75378,26.4426,-5.71208,-4.35706,-12.6052,-11.9976,-3.35935,20.1146,-1.46799,-243.024,-958.92,-16.592,11480,9520,-3080
10.333,9.69543,-10.2684,-3.71472,-6.97314,-5.28217,0.639768,4.37289,12.3686,5.33911,8.45768,-15.6259,-8.86623,-6.28869,12.6939,-2.09605,-245.952,-964.288,-16.104,11620,7980,-2800
-8.79898,-10.4213,-2.62297,-7.97131,-7.14743,-3.73661,-0.515638,3.52073,-8.97485,12.6139,13.1529,-10.4316,-1.17431,-4.38435,3.04521,0.949183,-244.976,-963.312,-13.664,8400,10220,-3360
-15.4404,-23.6257,2.86156,-9.73978,-6.77768,-0.529307,-1.87509,2.73833,-18.2581,18.3845,20.6925,-2.71748,4.29787,-1.54366,-2.26599,0.784421,-239.12,-962.824,-12.688,6580,9380,-3220
-15.0224,-24.1368,10.7553,-5.22833,0.219508,7.68355,1.85269,4.41555,-18.1633,11.8513,11.6822,8.02248,10.8394,6.53662,-4.18295,6.82542,-239.12,-960.384,-12.688,7280,7700,-3360
-5.78493,-8.58419,15.1015,4.49289,9.61513,14.6211,6.11266,6.06902,-6.95343,9.73952,9.04127,15.3973,15.0685,13.9808,-4.08903,12.0905,-235.704,-959.408,-13.664,8260,6720,-2940
1.11229,0.0933901,5.37061,4.92849,6.84236,6.04382,2.74775,1.12704,0.525081,1.0412,1.14373,8.39472,4.79003,5.84138,-8.03472,5.81169,-238.144,-957.944,-9.76,8540,6580,-2940
2.49625,2.31813,-5.10948,0.249397,-1.28752,-6.15277,-1.74358,-3.06346,2.28708,-6.21076,-8.04927,-0.73685,-5.53471,-5.92364,-6.62259,-3.19243,-234.24,-958.92,-13.176,7980,6860,-2800
5.34735,8.26805,-1.3609,1.67014,-2.2156,-4.67315,0.870781,-3.965,5.98545,0.730306,1.0358,-2.44573,-0.88717,-4.39595,4.80373,-5.77648,-234.24,-960.872,-13.664,7560,7000,-3080
-0.100271,8.13302,0.804189,2.81377,-0.35517,-1.31186,1.86749,-3.36213,1.04916,-1.51724,-2.14402,-2.26175,1.43324,-1.036,12.0984,-4.81675,-236.68,-959.896,-11.712,7420,6580,-2800
-10.1078,-5.20907,-2.39018,-2.95971,-3.99869,-2.44682,-5.9243,-4.94165,-10.1061,-1.909,-0.822658,-3.19334,-2.0394,-2.80044,5.04038,-8.06077,-233.752,-953.552,-16.104,7420,6020,-2660
-5.85994,-9.27935,-2.64127,-9.49298,-8.5175,-5.27871,-14.1771,-5.72602,-6.663,0.595527,1.8704,-2.84069,-2.84359,-6.32281,-6.49758,-10.7516,-235.216,-957.944,-15.616,7560,5320,-2520
-3.54208,-7.23993,3.28312,-6.83415,-2.34145,1.82034,-9.29901,1.67953,-4.58687,3.24135,1.48811,3.00894,3.02479,1.10304,-14.6351,1.92693,-237.656,-953.552,-17.08,7700,4760,-2380
1.37777,0.549617,6.86118,1.63926,5.51924,8.85143,-0.955164,5.72046,1.52476,4.72037,5.28374,7.54712,6.30349,8.24394,-12.8913,10.3626,-237.656,-949.648,-18.544,7840,4200,-2240
4.19412,0.475231,-1.07664,2.62754,4.64868,5.1661,4.22425,5.62369,4.90139,-7.17423,-7.35935,1.37615,-0.853966,4.99335,-6.69846,9.12262,-236.68,-945.256,-17.568,8260,3500,-2240
-0.368833,-0.356748,-6.90383,2.58698,2.5159,2.31446,3.51716,4.19263,1.05447,-7.22613,-5.94337,-6.50372,-6.56109,2.74592,-0.629408,5.33034,-235.216,-942.328,-18.056,8540,2520,-1960
-6.59524,-2.83883,-10.3708,0.911722,-0.306912,-1.36182,4.24782,0.622583,-4.68436,-7.44204,-5.33336,-11.9944,-9.86711,-0.950364,5.73819,3.34563,-234.24,-942.328,-16.592,8540,1820,-1820
-12.3142,-8.2886,-4.22137,-0.992617,-0.508013,-0.155211,3.91562,-1.0508,-12.4449,-6.94858,-7.74743,-6.00297,-4.77992,0.235463,0.350682,2.03832,-236.192,-940.864,-13.176,8260,1680,-1680
-6.55896,-9.26835,3.09963,-3.13945,-2.5501,-2.1123,-4.51358,-3.52642,-8.81787,3.47367,3.6269,2.54315,2.53094,-1.66748,-7.17005,-4.99146,-237.168,-939.4,-13.664,8540,1400,-1680
10.7083,5.46462,8.69734,3.64949,3.36778,1.92267,-1.15536,0.100308,9.47734,7.2598,4.1649,10.0234,8.1357,2.90068,-2.39483,-1.69917,-235.216,-939.4,-12.688,8260,1260,-1540
24.8677,21.4385,6.22426,13.9488,10.8705,2.94316,11.1678,1.46629,25.4954,12.2686,9.78021,11.9593,5.56462,4.24804,14.2145,2.75912,-238.632,-939.4,-13.176,8260,1680,-1540
24.724,30.1359,-0.963813,17.7344,7.6702,-11.3559,12.6517,-14.3345,25.1422,4.19699,3.87916,5.9422,-1.63968,-9.17913,26.9642,-14.6157,-241.072,-940.376,-13.664,8260,1540,-1540
13.2332,22.562,-1.19903,4.14295,-6.64583,-13.6443,-4.05667,-18.0049,13.6925,-1.64834,-3.22341,-1.12183,-1.46637,-13.5758,20.9821,-23.6046,-241.56,-943.304,-10.248,7420,1540,-1260
9.73431,13.4641,3.30467,-3.27437,-4.96931,0.547442,-5.17003,-0.462996,10.5686,2.97856,5.4293,2.22543,3.43814,-0.177239,14.0985,-0.119223,-241.56,-944.28,-13.176,7000,1540,-1400
15.5794,10.6985,12.366,-1.33912,5.08306,13.2408,3.51085,11.694,16.3949,5.12569,4.17984,10.4739,12.2285,12.8427,0.125473,17.1821,-239.12,-948.672,-14.152,6720,840,-1260
0.717843,-6.26715,6.56736,-3.27858,3.77517,10.1474,7.10914,13.6038,0.610079,7.14907,7.52023,2.73425,6.74428,9.28434,-9.57965,16.5733,-237.656,-954.04,-7.808,6580,700,-1120
-11.3471,-13.4179,-0.226096,1.69545,5.73666,8.73692,8.20499,8.42331,-12.3825,-1.76853,-0.150483,-1.70767,0.21841,8.27806,-6.03159,11.566,-236.68,-955.992,-7.32,6720,0,-1260
-9.25159,-10.6648,3.32213,4.70824,6.76276,8.88279,5.44258,3.74878,-10.5634,-4.36568,-7.01572,3.02629,3.6036,8.52955,-3.17986,6.83872,-237.168,-962.824,-10.248,6580,-420,-1120
-9.15614,-7.83899,3.18778,-1.03101,0.291751,2.22616,-4.15151,-3.65939,-9.1579,-3.87907,-3.11436,1.71968,3.06462,1.6455,-8.98788,-3.01685,-236.68,-963.8,-5.368,6580,-700,-1120
-19.2303,-17.8931,-10.4193,-10.5996,-9.80216,-5.89599,-8.09857,-2.3936,-18.8467,-13.2302,-11.9783,-12.798,-10.2813,-6.9883,-7.95211,-6.1639,-233.264,-969.656,-7.32,6860,-980,-1260
-21.6818,-19.3333,-15.3145,-11.8164,-10.8295,-8.5407,-6.63224,2.49516,-21.6523,-7.31563,-4.68091,-16.3414,-15.1076,-8.62393,-8.26205,-3.37975,-232.776,-974.536,-10.248,7140,-840,-1260
-15.0624,-13.628,-9.39108,-8.00081,-6.48882,-4.63902,-5.66949,2.42594,-15.1242,-6.70309,-5.82514,-9.70027,-9.10629,-5.00458,-9.98372,1.14528,-232.288,-974.536,-9.76,8260,-560,-1540
-10.7077,-12.3985,-10.945,-11.2217,-11.088,-10.5548,-12.355,-2.67109,-10.5953,-5.59685,-5.94513,-11.2003,-11.0745,-11.6154,-11.9465,-9.88486,-231.8,-978.928,-11.224,9240,0,-1540
-12.6765,-16.1012,-12.6917,-16.9778,-17.3039,-17.9464,-21.7546,-11.9443,-12.6431,-4.91231,-2.82952,-12.0006,-12.502,-18.4103,-18.2262,-21.5437,-226.92,-974.536,-10.736,9800,-280,-1260
-13.0719,-13.2336,-8.35959,-14.6465,-13.9919,-12.9602,-18.1976,-10.3527,-13.2155,-9.91664,-10.1582,-8.41519,-8.27743,-13.0293,-20.4552,-12.2753,-226.432,-974.536,-6.344,10220,-140,-840
-12.6672,-14.0469,-7.99821,-14.6407,-13.4634,-10.8155,-13.4037,-7.25167,-13.2538,-3.12497,-2.02866,-9.25084,-7.90772,-11.2882,-18.4868,-8.297,-226.92,-981.856,-10.248,10080,0,-560
-8.29127,-5.17343,-3.9981,-1.07653,-1.23131,-2.0343,3.57475,0.276258,-8.70968,-3.47271,-1.46521,-3.18588,-3.62302,-1.50165,-2.23034,1.89925,-223.016,-980.392,-7.32,10500,-280,0
3.30413,8.31903,1.85384,6.27799,4.61589,1.52698,3.68884,-0.225722,3.06058,-1.96316,-3.75968,3.45772,2.12914,2.43177,4.39433,-1.0111,-226.92,-980.88,-8.296,10360,-840,560
2.19884,3.46532,0.330595,3.74143,2.05547,0.405114,-0.515165,0.628423,1.63812,-0.460056,0.237196,1.40421,0.4504,0.727237,5.35291,-1.05506,-227.896,-981.856,-11.224,9940,-1120,1260
8.22095,5.1094,0.304714,1.83953,0.298828,-2.15541,-0.835944,0.907982,8.11659,-0.0695602,-0.83848,1.12751,0.244087,-1.9094,4.94462,-0.633957,-232.288,-983.32,-9.76,9380,-1540,1680
18.1377,15.5405,6.42351,6.83936,4.32859,-0.208158,4.98298,1.03328,19.3701,11.6774,11.1031,6.7151,5.93572,0.659354,11.6643,1.92597,-231.312,-982.832,-7.808,8400,-2100,2380
24.9121,29.1169,17.0514,22.0124,19.1587,16.8336,22.2257,9.59972,26.066,17.2284,16.9545,17.8731,17.1484,17.5838,26.3829,17.7308,-234.24,-980.392,-5.368,7280,-2660,2940
14.9952,18.4811,12.6679,18.407,16.5436,14.2488,20.4525,8.50124,14.3456,13.1821,10.0065,13.2073,12.8639,14.7418,26.7641,12.5633,-241.072,-982.832,-5.856,6160,-3500,3640
13.5187,16.1106,13.1622,13.8461,13.9474,11.2509,13.6265,5.29173,13.598,13.052,12.909,14.4767,12.236,12.3178,16.6539,8.08204,-241.072,-985.76,-11.712,5880,-3920,3780
20.7005,20.9171,15.0077,14.6066,14.7645,13.2684,13.9473,6.3831,21.4206,9.06557,6.87344,16.2715,14.6772,13.7304,16.7272,10.9048,-244.976,-988.2,-7.32,4900,-4060,3640
20.1599,20.278,13.1283,16.4857,16.1737,15.027,15.8192,6.98917,21.0779,11.4087,10.3413,13.6649,13.0995,15.56,18.1935,12.9945,-253.76,-994.544,-7.32,3500,-3780,3500
21.3561,19.5621,13.8682,15.0212,15.8067,15.934,14.729,5.21808,21.9492,10.8187,10.1628,14.0492,13.8089,16.2275,13.2798,12.55,-251.808,-993.08,-8.296,1820,-3640,2940
12.0376,7.53344,9.17305,7.80274,9.20793,10.3138,8.67503,3.13589,12.1024,5.2643,1.91164,8.70997,9.2179,10.3107,3.19264,7.22949,-254.248,-996.496,-9.272,980,-3360,2380
3.41002,-1.96276,5.12321,1.05014,2.26123,4.09738,1.49799,-1.53773,2.97202,3.13637,3.16713,4.19156,5.1771,3.40376,-3.50791,0.607687,-256.688,-992.592,-10.248,700,-2940,1820
-7.16909,-10.9475,-1.96058,-6.07343,-5.40835,-3.13424,-4.76493,-4.36694,-8.11091,-8.6259,-9.13856,-3.40704,-1.82706,-3.93329,-4.672,-5.40094,-261.568,-989.664,-5.856,980,-2800,1400
-8.30781,-8.58548,-4.34681,-5.99801,-5.96278,-5.40021,-6.45097,-4.60682,-8.49757,-4.5819,-4.01658,-4.9782,-4.61583,-5.22649,-3.63096,-5.62968,-258.152,-987.712,-6.344,1400,-3360,1260
-6.10526,-4.9696,-3.90496,-2.96868,-2.82571,-2.29041,-3.90112,-2.54345,-5.90606,-4.21011,-2.71617,-3.60562,-4.06649,-2.604,-2.24756,-2.29412,-260.104,-988.688,-4.392,1680,-3640,840
-15.165,-15.9293,-13.7605,-12.5323,-11.7303,-9.98033,-12.778,-2.97078,-15.1976,-13.8563,-14.2456,-13.6878,-13.8962,-10.9159,-13.7442,-8.34456,-261.568,-986.248,-2.44,560,-4060,560
-20.4266,-19.3296,-19.3558,-17.4167,-17.8931,-17.2435,-18.3657,-5.99007,-20.2971,-12.0273,-8.39974,-20.1273,-19.1052,-17.8962,-18.2215,-13.7621,-260.104,-988.2,-0.976,-560,-4340,560
-11.9642,-11.3809,-15.5686,-14.1358,-15.3751,-14.4833,-15.6057,-5.65994,-11.1651,-12.7678,-12.2785,-15.7412,-15.3971,-15.0785,-13.1358,-10.182,-257.664,-988.2,-2.928,-1680,-4480,560
0.0539957,-2.45893,-7.0214,-7.59865,-7.15128,-6.11,-8.15192,-0.777481,0.766258,-4.88594,-4.5943,-6.44935,-6.95648,-6.58269,-8.30434,-2.10656,-260.592,-986.248,-3.416,-2520,-4760,560
-10.3062,-11.274,-4.83378,-10.3289,-8.12868,-4.81541,-11.255,-2.71763,-11.3737,-5.46922,-3.79286,-6.14499,-4.39341,-5.49311,-15.8876,-5.26911,-257.176,-985.272,-3.416,-3220,-5460,700
-23.5138,-23.3198,-12.3524,-16.342,-14.1078,-11.1601,-13.4676,-4.8664,-24.8874,-9.86076,-9.02474,-13.3349,-11.9214,-11.9674,-21.882,-8.57577,-255.224,-982.832,1.464,-4200,-5880,980
-15.717,-14.9152,-10.9892,-9.50245,-8.6645,-9.27317,-6.96972,-4.92891,-16.0387,-5.60828,-2.20219,-9.2621,-10.6682,-9.15347,-15.0994,-5.33896,-250.344,-984.784,1.464,-4620,-6720,980
-6.53174,-8.03103,-5.64431,-6.31051,-6.02935,-5.9142,-2.40979,-2.4301,-6.12015,-5.93078,-5.96898,-6.31701,-5.65578,-5.76275,-9.21587,-2.68686,-249.856,-979.416,0.488,-4900,-6720,1120
-3.76708,-2.45033,1.05347,-1.05729,-1.54578,-2.47496,1.49065,-1.55214,-3.73298,2.18879,2.43295,-0.933777,1.43497,-2.18477,-2.11521,-1.34888,-247.416,-979.904,-0.488,-5040,-7000,1120
-5.4151,-2.70641,2.63602,0.905464,0.447826,-0.818384,4.64311,-1.99433,-6.00378,3.60639,4.66748,0.992283,2.75569,-0.262906,5.27691,-0.867685,-245.952,-980.392,-1.952,-5320,-6860,1260
-2.07124,1.37803,5.85465,6.63931,6.87517,5.80536,11.5709,0.587584,-2.97448,5.25903,3.82719,5.61799,5.85007,6.77078,12.0712,4.35027,-245.952,-976.488,-1.952,-5460,-7280,1400
3.98841,11.0407,13.0718,12.2083,12.3834,11.2797,9.10508,2.02606,3.22266,10.1315,10.4859,13.6415,12.4441,12.2678,8.89449,2.6186,-248.88,-976,-3.416,-5600,-7980,1540
0.93784,8.84395,7.44853,7.56738,7.4833,8.3196,4.20757,5.98464,1.97795,-0.0210808,-0.501996,7.31522,7.0395,8.46047,5.19206,3.45643,-245.464,-976.488,-5.368,-5880,-8820,1540
-3.36878,-0.689389,-3.35085,0.840603,0.891615,0.911444,1.9284,7.31545,-3.46442,-2.19948,-2.48911,-2.32131,-3.04252,1.05602,1.05909,3.69056,-243.024,-972.584,-2.44,-6020,-9520,1680
1.56183,1.4273,-1.85931,1.15274,0.610614,0.652663,-1.42774,6.58329,0.569115,-1.21228,-2.07831,0.999341,-2.30806,0.803845,-0.00419269,3.50424,-239.12,-974.536,-1.952,-5880,-10360,1680
10.0686,14.1215,5.15717,8.74613,5.8026,6.74057,-3.65177,8.22151,10.6158,-1.1877,-4.26459,6.52792,5.01624,5.58206,13.9827,0.570976,-241.56,-974.536,-4.392,-5880,-10920,1680
13.6385,7.89666,-1.24254,-0.297013,-1.14498,-0.402364,-0.659702,4.53147,14.48,2.80105,3.08925,-1.9237,-1.52027,-1.06726,7.03108,-4.63561,-238.632,-970.632,-1.952,-5460,-11340,1540
14.502,3.09943,-1.09813,-2.42814,-1.39233,-3.27889,4.09818,-6.86787,14.641,2.52234,0.941501,0.771609,-1.628,-2.1415,0.635987,2.74302,-240.096,-970.144,-6.832,-4900,-11480,1120
15.8952,8.82146,8.2248,7.99076,9.72631,10.1459,9.67606,1.80234,16.2795,10.0128,9.37607,8.94748,8.66394,10.2063,6.79583,16.5942,-238.144,-975.024,-9.76,-4760,-11340,840
10.172,3.7861,6.85229,5.35163,7.51116,9.70665,8.34768,8.92698,10.7428,10.026,11.072,4.46538,7.13682,9.04403,3.70959,16.3389,-242.048,-974.048,-8.296,-4480,-11620,420
8.43802,7.81676,4.76796,11.9285,10.802,4.44364,13.2468,1.52311,9.06885,6.13902,3.94455,4.15712,4.81024,5.3633,15.6965,7.33666,-242.048,-974.536,-8.296,-4060,-11480,0
9.52408,11.3824,3.39209,12.8561,8.06777,1.10236,10.5343,-4.24381,10.0053,6.51431,7.1113,3.6111,3.16955,1.8816,23.7539,-2.28032,-242.048,-969.656,-9.272,-2940,-11620,-420
7.46609,10.4003,6.68751,5.21823,1.22303,0.165138,-3.66315,-9.21334,8.11285,1.43498,1.11476,5.91295,6.38079,-0.103944,10.1589,-9.06687,-244,-968.68,-6.344,-1680,-11480,-1120
3.51223,5.51561,6.0382,-6.14398,-8.15283,-11.2645,-15.9077,-20.8584,3.30869,6.28319,6.24709,5.92489,6.1605,-11.5034,-11.021,-24.4663,-243.024,-963.8,-9.76,-700,-11620,-1260
-3.70405,-2.37772,-1.40824,-13.6034,-16.7432,-21.1043,-20.8683,-21.0603,-4.95859,5.05933,6.77508,-0.630415,-1.33613,-20.4616,-12.4285,-29.0247,-245.464,-958.432,-9.272,140,-11340,-1540
0.755558,1.9322,1.68217,-6.6538,-7.40211,-5.78644,-10.7276,-2.91103,0.56323,5.75432,3.68507,1.54557,2.15829,-5.26964,-4.3065,-3.37002,-244.976,-956.968,-8.296,560,-10920,-1540
5.99785,0.357236,5.7908,-6.54757,-2.3736,5.69092,-3.09094,7.84279,6.64984,5.71437,5.89735,4.89159,5.82284,4.61841,-17.5781,9.30677,-246.928,-954.528,-9.76,0,-10640,-1540
2.74169,-0.32552,-0.0681849,0.342976,5.01991,10.6233,8.57157,12.5803,3.48862,-13.8386,-13.9381,1.76533,-0.619963,9.61191,-12.8376,14.7306,-247.416,-954.528,-13.664,-840,-10500,-1260
-11.5736,-6.39282,-8.71917,7.59182,10.9615,13.8266,17.5521,15.9426,-11.6384,-21.9669,-19.9292,-6.79886,-9.16673,13.1059,3.47791,20.5076,-245.464,-956.48,-13.664,-1680,-10780,-840
-21.576,-11.8541,-13.2412,1.50696,3.57039,6.68417,7.05569,9.98572,-21.1068,-18.94,-16.292,-11.8926,-13.2707,6.31792,-4.52693,9.45537,-245.464,-959.408,-11.712,-2940,-11340,-700
-17.8194,-8.86684,-9.49735,1.20213,2.02448,2.02318,5.3746,6.82664,-18.0231,-9.93465,-12.3166,-10.5033,-9.20879,2.10846,0.43979,4.3324,-242.536,-960.872,-11.712,-3780,-11480,-560
-16.5946,-15.3885,-8.98214,-2.02102,-1.38425,-0.972703,5.33431,5.36103,-18.2336,-5.34993,-4.02782,-11.218,-8.22188,-0.76159,5.01119,3.79302,-242.536,-966.24,-8.784,-4620,-12040,-420
-12.5749,-17.4306,-9.15607,-7.53235,-6.95484,-4.07405,-1.96999,4.95727,-13.1265,-6.22144,-5.52667,-10.6244,-8.28728,-4.09662,0.72298,3.16106,-243.024,-969.168,-7.808,-4620,-12600,-560
-2.5145,-2.85642,0.408368,0.323637,0.652969,1.68572,1.15558,4.38471,-1.60079,2.40487,3.21884,-0.990604,0.559874,1.72894,2.9955,4.45905,-241.072,-971.12,-4.392,-4060,-13160,-840
-0.592383,-4.72764,-0.976251,-6.9897,-5.69823,-4.73644,-6.53106,-2.35655,-0.719669,3.53256,5.00063,-2.49213,-0.936078,-4.85537,-9.3633,-4.53568,-238.144,-973.072,0,-3500,-13580,-1120
-5.55995,-13.8768,-2.79148,-9.54315,-8.27801,-8.59861,-6.66509,-5.41934,-7.17088,3.78035,2.07066,-4.26092,-2.38713,-8.51954,-9.16987,-6.81891,-238.144,-971.608,-0.976,-2520,-13860,-1400
-2.13475,-9.58128,1.09088,-8.63783,-9.86934,-12.3043,-9.45287,-11.273,-3.2339,10.8468,10.5669,0.526622,1.27985,-11.9073,-7.16008,-14.3609,-240.096,-973.56,-0.488,-1820,-13860,-1680
15.7814,9.11926,6.73616,-0.518198,-2.36518,-6.33711,-4.37322,-9.61264,16.4486,8.0722,6.19517,8.31327,6.03255,-5.15663,-3.14471,-8.86934,-242.536,-971.608,0.976,-840,-13160,-1820
15.5709,17.5711,10.248,7.77489,5.76122,0.178393,1.02805,-14.2255,15.8846,7.71821,7.42186,12.5652,9.83776,1.43419,4.74379,-10.9044,-240.096,-971.12,3.416,-420,-12880,-1960
2.29696,7.5534,8.4512,4.25208,2.64874,1.32006,-4.72716,-6.16612,1.98861,3.81799,5.32458,8.95518,8.00922,0.947886,7.68651,-11.9752,-239.608,-972.096,3.416,-140,-12600,-1820
5.68975,9.23367,5.96796,4.6695,2.67427,4.37162,-6.60228,4.49959,5.89213,2.38689,1.47839,6.83386,5.46324,3.39246,5.02237,0.315341,-239.12,-971.12,3.904,140,-12600,-1680
5.19729,2.86396,-1.49405,-5.6968,-6.76937,-4.57502,-12.1402,-1.22189,5.54372,6.59808,8.25926,-1.62332,-1.06223,-6.02993,-7.60372,-6.24689,-237.656,-972.096,5.368,-140,-12460,-1680
1.31826,2.84623,-3.00924,0.065273,-0.0665301,-1.51489,-0.0513329,2.85398,1.14271,-3.34967,-4.32834,-1.19549,-3.48839,-1.23913,0.234588,1.19126,-240.584,-975.024,5.368,-700,-11620,-1260
4.88062,7.73228,4.39127,8.92961,10.9915,9.68754,9.81639,5.79209,4.38468,-5.57566,-8.13431,7.61466,3.48995,10.8937,1.96291,11.6856,-237.656,-974.536,0.976,-1400,-11200,-1120
2.46544,4.19321,-1.60893,6.30277,7.41152,7.89161,9.14896,4.88911,4.0369,-9.45498,-8.59606,-1.64913,-1.36664,7.47587,2.91684,11.4561,-238.144,-974.536,0.976,-1960,-10360,-980
-4.94431,1.23176,-11.0751,0.568366,-1.54401,-4.61642,2.04481,-1.86387,-3.12632,-8.67552,-9.42723,-14.3803,-10.6637,-5.27909,8.42747,-1.38305,-238.144,-975.024,-6.344,-1820,-9800,-840
-3.64351,1.74118,-4.34347,-0.0302024,-2.72076,-6.30637,-1.81016,-6.45487,-2.48089,0.643244,1.35204,-5.99757,-4.30477,-5.54786,6.70637,-5.85174,-239.12,-972.584,-6.832,-1820,-9240,-840
2.74935,3.98421,1.07653,2.61679,0.169354,1.0462,2.6809,0.157062,2.48124,1.18542,0.656332,2.27396,0.8358,2.0595,5.53639,4.89171,-237.168,-973.56,-9.272,-2240,-8960,-840
3.01629,1.74942,3.08455,1.27794,2.95521,5.43794,6.10537,2.4394,2.00845,6.02652,6.56891,3.71363,2.88442,5.69905,3.18088,9.42817,-238.144,-973.56,-9.76,-2380,-8680,-980
3.70535,7.2795,6.77405,8.06759,10.279,10.8454,11.7611,2.69347,4.11739,2.58769,3.9584,6.03193,7.08534,11.1872,7.46452,12.2755,-236.192,-972.584,-10.736,-2520,-8260,-980
0.486803,3.44707,4.95716,5.30278,6.61191,8.97393,7.00095,2.01045,0.975626,-2.48125,-3.49481,3.61253,5.57646,8.47741,1.60119,5.74483,-234.24,-972.584,-9.76,-2380,-8260,-1260
-8.29041,-13.4432,-1.86322,-6.50583,-4.92446,-0.934174,-2.03202,1.24152,-9.56717,2.12303,4.488,-4.10597,-1.69704,-2.41928,-5.55308,-2.641,-236.192,-971.12,-11.224,-1820,-8260,-1120
-5.04644,-14.8769,-2.09995,-7.81878,-6.49294,-3.54869,-2.76337,3.08473,-6.89637,4.07397,2.70685,-3.86625,-2.03434,-4.38974,-3.79513,-1.11096,-237.168,-968.68,-9.272,-1400,-8260,-700
-0.558486,-7.33954,0.228826,-4.93033,-4.51643,-4.00516,-2.41673,2.06871,-1.23014,6.61723,5.28398,0.711518,0.357951,-4.15901,-2.10195,-1.29867,-235.216,-968.68,-9.272,-980,-8260,-700
4.04202,0.439749,-1.27172,-5.524,-6.32104,-6.68693,-7.31911,-0.326135,4.43162,0.40736,1.20592,0.20651,-1.5728,-6.9541,-9.31775,-7.18969,-239.608,-965.752,-12.2,-420,-7700,-280
3.38732,6.86608,-3.40472,-1.72346,-2.48776,-3.66191,-3.80682,2.83899,4.17276,-6.29065,-6.36458,-1.69012,-3.61231,-3.82473,-6.81501,-3.44056,-241.072,-963.8,-5.368,140,-7140,280
-5.661,-2.61423,-5.29143,-3.02275,-2.27083,-1.62993,-1.39445,3.63988,-5.9337,-6.19314,-3.94089,-4.43752,-5.10481,-1.68096,-5.03926,-0.185666,-244,-965.264,-11.712,420,-5880,700
-2.09668,-2.1382,0.647422,-0.507449,0.256022,0.577731,0.849599,0.921354,-2.01019,-3.65929,-4.73939,1.1233,1.03,1.21306,-3.49876,-0.320735,-243.512,-963.8,-8.784,840,-4340,1260
-0.18638,4.71377,3.28924,7.51782,6.9085,4.51824,5.78032,3.12721,0.15621,1.10411,1.04631,3.52371,3.38155,5.11126,4.71619,1.96349,-244.976,-960.384,-6.832,1120,-2940,1680
-10.3615,-6.81376,-4.11766,0.894314,0.039878,-1.77111,-1.20595,-1.43837,-11.01,-3.79794,-1.99669,-4.25164,-3.96852,-1.60224,1.74172,-3.71444,-127.368,-960.384,-6.832,1680,-980,2100
-7.28005,-3.51164,0.0758619,3.00977,1.57476,-1.30324,-0.157304,-5.4576,-7.97261,-1.82013,-2.9679,0.0362209,0.0846778,-0.589369,6.64172,-3.05762,-250.832,-960.384,-9.272,2240,840,2520
3.73966,2.55565,5.00315,2.16713,1.1875,0.817068,-3.62381,-7.20991,3.87776,5.481,5.92768,5.17525,4.9521,1.04661,0.747518,-4.03901,-250.832,-960.384,-9.272,2240,2800,2800
13.9369,5.6405,5.70495,0.144221,0.871178,2.39763,-2.78163,-1.384,14.4466,5.71625,3.40039,6.17304,6.12946,2.39988,-0.969945,-1.08965,-253.76,-958.92,-11.224,2800,4200,3080
11.5756,3.34034,3.6734,-2.05151,-0.478651,0.995723,-2.12689,1.55204,11.9088,6.03827,5.30487,3.71745,3.62474,0.626525,-2.99792,1.49453,-253.272,-958.92,-3.416,2800,5600,3080
5.7007,3.68679,1.90068,-0.164098,0.762849,1.19534,0.864668,2.06563,7.02241,1.12379,2.25969,1.48513,1.72438,0.929038,-0.88699,3.17138,-253.272,-959.408,-9.272,2520,7000,2940
-2.30246,0.461413,0.554667,0.891062,1.83986,2.28979,3.79499,2.91765,-1.7556,-3.71103,-5.12285,-0.427715,0.390027,2.26224,3.03997,5.3149,-255.224,-955.504,-10.248,2800,7700,2800
-13.4976,-12.3157,-5.12434,-5.97102,-4.06711,-1.95008,-1.94035,0.0386977,-14.0123,-3.96369,-2.40741,-6.7023,-5.63309,-2.45009,-6.87957,1.47235,-249.856,-956.968,-11.712,2800,8120,2520
-9.02918,-8.49774,-2.99647,-4.02995,-2.43545,-1.34734,-2.81181,-1.75614,-9.94459,-4.28604,-5.68572,-3.357,-3.33865,-1.68304,-11.0464,-0.834454,-252.784,-956.48,-12.2,3080,8400,1960
-5.44854,-3.22141,-2.6823,-0.158841,-1.1705,-1.97441,-0.102132,-2.67641,-5.76391,-0.773264,-1.60287,-1.75504,-3.01122,-2.04651,-0.445058,-2.12431,-249.856,-956.968,-14.64,3220,8120,1260
-3.59563,-0.99621,-10.4821,-2.76972,-6.04318,-8.98634,-3.74663,-4.23042,-3.25874,-4.32821,-2.23173,-8.93104,-10.2832,-9.02738,7.18369,-8.1695,-247.904,-956.968,-19.032,3640,8260,420
-0.262755,0.855504,-9.15352,-4.20631,-6.79865,-8.49941,-4.86896,-2.04418,-0.264308,-3.66963,-4.52211,-9.20221,-9.09405,-8.03776,6.69775,-3.7656,-247.904,-958.92,-21.472,4480,7980,-280
6.06823,6.91878,1.92137,3.13513,1.9236,1.88665,4.39643,-0.0262367,5.85011,6.50573,7.78457,0.445516,1.92364,2.79285,11.4454,6.94408,-245.952,-959.408,-20.496,5320,7560,-1120
9.61712,6.83205,5.38125,2.77489,2.98724,2.72652,4.20632,-3.90818,9.7675,5.42091,4.11308,4.9008,5.63351,2.99746,4.45475,3.04297,-243.512,-958.92,-22.936,6020,6720,-1960
8.34388,4.71737,0.923826,1.59465,0.473407,-1.20991,1.72373,-2.91791,9.28823,3.74529,2.65184,0.588436,0.951441,-1.18806,0.414576,-3.48205,-242.536,-956.968,-20.008,6860,6020,-2520
2.75352,4.61631,2.49452,5.40199,4.95942,5.13575,4.14223,5.26123,1.98724,-3.73292,-3.28399,3.8024,2.24505,5.29453,1.70433,2.95199,-243.024,-957.944,-18.056,7140,4760,-3080
6.89275,11.1005,7.13832,10.7062,11.1385,10.2031,9.82583,9.80798,6.84506,-6.75592,-8.04088,10.3913,6.87137,10.5495,7.71604,9.57971,-241.072,-959.896,-17.08,7280,3780,-3500
5.22634,7.45269,-0.511305,0.468573,-0.0187922,-3.02324,-0.334422,-1.46,6.82014,-1.87997,1.99941,0.356072,-0.319451,-2.45562,-1.95646,-4.93387,-244.488,-962.824,-19.52,7420,2240,-3780
-8.46383,-5.33664,-1.77623,-7.51465,-6.13554,-3.4859,-7.50572,-3.67496,-7.71764,-1.56602,-0.702974,-4.987,-1.70184,-3.94946,-12.382,-5.72906,-244.976,-960.384,-18.056,7000,1260,-3920
-12.5132,-12.1767,4.78573,-6.44623,-2.61885,5.2323,-7.03716,3.84444,-14.2757,7.22666,7.28486,2.14237,5.06795,3.65566,-17.3381,3.61824,-245.464,-963.312,-17.568,6720,560,-4060
-10.2341,-13.7792,7.9093,-3.51758,1.06454,5.86481,-3.61747,3.94258,-12.7873,6.13989,6.29855,7.30862,7.90101,5.26906,-18.0803,4.72224,-244.488,-961.36,-18.056,5740,-560,-4200
-3.38044,-6.63181,5.41154,2.71698,3.99738,4.52755,3.15646,2.54164,-4.73949,2.67274,0.596966,5.13176,5.44814,4.38497,-1.43568,2.94612,-245.464,-964.776,-17.568,5460,-1260,-4060
2.15687,2.9408,3.35668,8.52135,7.39898,4.88621,7.20776,2.14914,2.45644,6.00609,6.94822,3.85577,3.42533,5.29683,10.5735,1.93869,-244,-964.288,-16.104,4620,-1960,-4200
2.48009,6.6637,1.35867,8.29036,6.02407,1.32291,5.39243,-3.85088,3.11854,-0.489375,-1.12748,2.61333,1.19679,1.46842,11.5948,-4.69904,-243.512,-965.752,-15.616,3920,-2380,-3920
0.0233585,3.36485,-2.16064,2.1539,-1.11987,-4.76799,-1.82012,-7.9396,0.394622,0.610134,0.080318,-1.40988,-1.6983,-4.69982,12.0312,-8.71307,-244,-967.216,-19.52,3360,-2380,-3780
4.72428,3.70504,-5.98511,-4.47771,-9.38562,-12.1402,-7.42448,-9.90138,5.88491,-1.81608,-1.56953,-4.98436,-5.97141,-12.0331,8.06367,-12.7351,-243.024,-965.752,-18.056,2800,-2240,-3640
17.2215,12.6796,-9.13651,-5.69637,-9.52454,-13.4528,-6.20545,-4.73236,18.4292,-7.91184,-10.592,-1.51353,-10.7773,-12.8969,0.683451,-9.64796,-242.536,-966.728,-17.568,2660,-1960,-3360
21.965,21.6339,-3.82262,2.97263,1.85515,-1.48858,4.59363,-1.25673,23.5224,-4.62434,-3.55689,0.876057,-4.47225,0.0918502,5.55912,3.06132,-241.56,-968.192,-17.08,2800,-1540,-3220
3.98249,10.9469,-3.66359,3.4059,4.54154,8.4512,6.10935,3.45335,5.47998,-5.15197,-3.53598,-9.34158,-2.18679,7.57449,5.72982,7.90405,-241.56,-967.704,-20.496,3080,-700,-2940
-15.7936,-13.3752,-3.30692,-3.97133,0.0390424,8.30437,-1.19195,12.9251,-15.1237,2.61315,3.89028,-10.4048,-1.97974,6.44761,-4.92847,11.7066,-239.608,-966.728,-21.96,3360,140,-2660
-21.7789,-33.4872,-2.73433,-10.4114,-5.11672,1.16733,-3.61545,8.57636,-23.6026,1.76984,3.26175,-6.99424,-2.28814,0.338664,-14.7863,9.46556,-242.048,-968.192,-19.032,3500,1260,-2380
-19.2478,-27.5196,-2.81589,-5.93852,-2.72783,-0.691559,1.44691,4.74468,-21.0191,-3.2658,-4.6698,-3.97062,-2.61009,-1.02814,-9.00979,7.21991,-240.096,-966.728,-24.4,3920,2100,-2100
-7.88844,-11.3537,0.485182,-4.06647,-2.70393,-1.16114,-0.631937,2.02041,-8.35591,0.987277,1.51886,0.223321,0.653123,-1.51567,-7.32429,2.70866,-240.584,-966.728,-25.864,4200,2940,-1820
-0.417775,-1.27315,2.46354,-4.22098,-3.37165,-2.54024,-5.62471,-1.24758,-0.672756,-2.61479,-4.38029,2.83712,2.18713,-2.87703,-11.654,-3.00082,-239.12,-967.216,-23.424,4620,3080,-1400
-0.0758633,2.82561,4.58287,2.09565,2.08209,0.963323,1.70612,-0.106706,-1.26088,0.798069,-0.274759,5.06207,4.1375,1.09195,0.512205,-0.303437,-238.632,-966.24,-26.352,4620,3220,-1260
1.52501,6.25323,0.457396,5.7461,3.55115,-2.00056,6.33776,0.269552,1.77277,-0.741499,-0.0830689,2.88961,-0.104643,-1.17302,11.6026,-2.56527,-239.608,-966.24,-23.424,4900,3780,-840
4.62806,11.5673,-1.42861,4.34568,0.742237,-5.52945,0.222703,-2.75907,5.51186,-3.4675,-4.72019,1.32637,-2.31655,-4.36146,9.27208,-8.66647,-239.608,-968.68,-25.864,4900,3500,-840
11.0415,12.9691,5.71264,4.33545,3.55055,2.62015,1.01472,-1.81727,11.1262,6.44591,7.89983,6.15024,5.43311,3.57801,7.11897,-1.78557,-242.048,-966.24,-22.936,4760,3220,-420
11.389,10.7577,8.81496,6.15766,6.88094,7.98177,4.9734,0.0681687,11.7008,5.81406,6.04749,8.09808,9.02115,8.72207,5.52474,3.94124,-240.096,-965.752,-22.936,4480,2240,-420
9.60412,9.63601,4.19123,6.35925,5.72536,2.92458,4.95458,-3.75935,9.67217,6.06806,5.24687,5.01603,4.30477,4.09881,5.50843,-0.604673,-244,-965.752,-25.376,4200,1540,-280
7.01185,8.43941,-0.313986,4.22325,1.36735,-3.48542,-0.57033,-8.3935,6.62943,2.62118,2.64323,1.22252,-0.379628,-2.72143,5.35624,-8.50511,-244.488,-964.288,-27.328,3500,420,-280
3.71959,5.33031,2.42259,1.54661,-0.649858,-0.640957,-5.16419,-2.81689,2.649,0.630493,-1.70165,2.10696,2.03543,-0.991255,2.93487,-3.91454,-243.024,-966.728,-24.888,2800,-420,-280
0.0801425,0.9905,3.05392,-1.70138,-1.84127,2.22678,-4.02487,1.22483,0.375946,3.25004,4.76908,2.19463,3.37522,1.37305,-2.61502,1.53545,-241.56,-966.24,-19.032,1820,-1260,-140
-7.12253,-14.3589,-4.41213,-14.5584,-11.3038,-3.79135,-10.6498,-1.41429,-7.135,-2.84182,-2.00631,-7.11916,-3.92783,-4.9531,-20.846,-2.60431,-244.488,-964.776,-21.96,700,-2240,-140
-6.28943,-13.0464,-1.47518,-7.6657,-4.4862,-0.732577,-4.83749,1.64094,-6.1784,1.12475,1.23445,-2.60102,-1.7402,-1.08708,-15.689,2.51418,-245.464,-963.8,-20.008,280,-2800,-280
-5.90975,-7.18048,-2.77126,0.147541,0.18158,-3.49682,-0.8276,-2.44427,-6.3791,-5.54517,-5.16164,-1.02156,-3.21257,-3.05387,-3.40231,-3.11579,-244,-963.312,-20.984,-420,-3500,-140
-5.95638,-4.23907,-7.60211,-1.47551,-3.59864,-8.46856,-2.5664,-5.14749,-5.71931,-7.33364,-8.38075,-6.44992,-7.17422,-8.00847,0.963143,-7.06236,-246.44,-963.8,-21.472,-840,-3780,-140
2.63759,6.01404,-0.441585,0.687266,-0.780847,0.0703177,-0.896246,-2.29868,4.29928,4.29164,5.609,-1.311,0.201003,0.0936631,1.57979,1.22765,-247.904,-965.264,-21.472,-1260,-4480,-140
5.80157,5.26214,2.54877,-0.0553042,1.89862,5.196,-0.380151,2.89157,5.97006,1.23311,0.0781075,2.66902,2.4997,5.01727,-3.54862,6.82284,-245.952,-963.8,-17.08,-1960,-4480,0
-5.29196,-6.33559,-5.99505,0.446079,3.16219,5.15546,6.78022,10.2289,-7.03908,-9.27406,-9.69285,-0.0460358,-6.67967,4.70522,0.952554,12.4404,-246.928,-963.312,-22.448,-2240,-4620,140
-2.85144,-0.658184,-9.60043,4.95144,5.92218,5.18423,12.1932,12.0789,-2.29294,-15.0909,-13.4972,-5.9584,-9.66605,4.88631,9.31631,13.4678,-249.856,-965.264,-18.056,-2660,-4200,280
6.44826,14.1479,-1.58014,10.5299,9.74782,8.17422,13.8098,7.98548,9.06066,-2.42051,-2.25822,-7.11972,-0.919284,7.94712,12.6372,9.43926,-249.368,-965.264,-17.568,-2800,-4200,420
-6.37951,-3.15638,-1.15291,-2.47163,-3.17029,-2.24437,-2.99452,-4.56487,-6.35279,4.81763,6.47934,-6.70979,-0.749798,-2.95153,1.01381,-7.47765,-250.344,-965.264,-18.056,-3360,-4340,280
-17.3206,-19.2878,-2.31143,-5.51746,-6.81528,-5.81514,-5.6714,-4.44603,-18.6261,-0.444417,0.333008,-3.72021,-2.2549,-6.80068,6.24818,-10.0891,-248.88,-964.776,-19.52,-3360,-3920,420
-6.05278,-10.3884,-3.41326,-7.28638,-8.29855,-7.76229,-8.72319,-1.8075,-6.38695,1.49829,0.934698,-2.63722,-3.66777,-9.18047,-0.581552,-7.23638,-251.808,-963.312,-20.008,-3080,-3360,280
3.03571,2.37206,0.0247298,-7.74564,-8.45378,-9.87267,-12.3094,-6.31235,2.72008,1.1776,1.27568,1.11111,0.147582,-10.7456,-11.3849,-11.3658,-249.368,-964.776,-19.032,-2800,-3080,560
3.77456,6.08492,7.3483,-1.19798,-1.61648,-3.88988,-2.83273,-5.38836,3.51392,2.16129,0.279883,7.23985,7.08627,-3.64092,-6.29369,-4.82049,-247.416,-960.872,-19.032,-2520,-2660,560
7.77759,8.32564,8.60999,3.94234,2.57012,-1.37294,5.38502,-9.73484,8.62315,8.1253,8.91106,9.42595,8.42974,-0.00606055,0.937242,-2.66966,-247.904,-965.752,-21.472,-2380,-2380,700
11.009,10.9896,7.74632,7.65219,5.87893,3.67526,9.68269,-5.92528,10.7043,9.55076,9.14452,8.45395,7.7326,4.96232,10.1886,-1.75398,-247.904,-961.36,-18.056,-2240,-2100,700
7.33934,9.79944,8.45729,8.88762,9.15095,10.7623,5.8238,7.19246,7.06245,9.75596,8.9834,8.70116,8.45368,11.1388,9.16692,9.20167,-249.856,-961.848,-23.424,-2100,-1960,700
10.0706,13.5889,10.7346,13.3837,15.2872,16.9113,9.7828,9.00571,10.3078,6.79316,6.34875,11.1345,10.9735,17.3358,6.95949,15.2983,-248.392,-962.336,-25.376,-1820,-1960,980
8.1578,6.68967,9.29966,7.87916,10.7981,13.3189,7.00761,7.65158,7.73975,2.64999,0.146118,8.84867,9.08308,13.3945,-0.471287,9.84543,-248.392,-963.312,-27.328,-1540,-1820,980
-6.2316,-10.4982,-1.0698,-1.82397,0.862131,3.47054,2.77421,6.36277,-6.96399,-1.72615,-0.173247,-1.84335,-1.06748,3.68552,-6.86413,5.41359,-246.44,-964.288,-23.424,-1120,-1820,1120
-9.51367,-14.8994,-5.75223,-5.60926,-3.53493,-1.49188,-0.834941,4.15934,-9.9802,-7.21404,-7.72834,-7.49168,-6.03815,-1.26795,-6.27675,3.2391,-244,-963.312,-26.84,-560,-1680,1260
-16.7484,-20.0526,-7.23923,-7.85284,-5.88721,-3.36426,-1.7468,4.14697,-17.6927,-4.05264,-3.42461,-9.55364,-7.09922,-3.69601,-7.31748,2.19305,-245.464,-958.432,-29.28,-420,-1400,1120
-12.0988,-17.4921,-6.19272,-9.73046,-7.90431,-5.175,-5.57067,0.872086,-12.5794,-1.28751,0.505336,-7.27905,-5.91329,-5.34483,-12.3401,-1.37521,-245.952,-960.872,-28.304,-980,-1120,980
0.926247,-3.47825,1.50738,-1.04541,-0.438893,-0.154279,-4.89353,-0.931175,1.19441,-0.536871,-2.47382,1.62134,1.67894,0.261492,-4.22418,-2.15642,-246.44,-959.896,-22.936,-1120,-1120,980
0.863017,4.35353,-0.794199,3.91449,1.1285,-0.579221,-6.02858,-1.19213,0.728051,-3.61703,-3.36061,1.58259,-0.551099,-0.611868,10.1313,-5.30845,-246.928,-960.384,-27.328,-1260,-560,980
-2.21713,2.68672,-14.2349,-7.56748,-14.4929,-19.8805,-18.5995,-8.87304,-1.76494,-16.4951,-16.4428,-9.24344,-14.3778,-20.2644,7.62917,-28.9189,-245.952,-961.848,-32.696,-1400,0,980
0.324981,0.404519,-19.3085,-19.4393,-24.3889,-31.8709,-20.3871,-21.9675,1.54757,-10.8391,-9.07509,-16.0289,-19.0137,-30.4592,-11.4905,-34.3877,-244.488,-963.8,-28.792,-1400,140,840
6.83365,4.36026,-5.80456,-13.4198,-14.9778,-16.1735,-10.9439,-20.8003,8.1771,7.63023,9.64428,-8.94583,-5.44874,-15.3045,-10.5491,-10.5927,-243.512,-957.456,-26.84,-700,140,700
16.0569,12.71,7.85823,-0.725577,-1.16647,-0.120438,-1.16717,-5.89287,16.5145,16.1524,12.6843,5.71251,7.48171,-0.84508,-2.35975,0.372407,-244,-955.992,-27.816,-420,-140,420
24.1383,23.272,12.6185,14.4503,14.1316,11.7183,11.3092,7.37206,23.6134,8.82287,6.7542,19.3131,10.5826,12.138,9.02089,11.8401,-242.536,-957.944,-31.232,280,-280,280
20.7824,31.3383,11.0031,30.616,29.7167,25.9454,28.6817,19.96,20.9317,-10.4293,-11.3903,17.9796,9.74276,27.0135,31.061,29.8799,-242.048,-962.336,-31.232,-700,-280,280
4.56942,21.5592,4.23678,21.3111,22.2597,24.3406,22.9554,22.3091,7.11896,-9.05654,-6.5294,0.65669,4.91174,23.5252,20.403,29.5803,-242.048,-960.384,-26.352,-1540,-840,280
-16.4533,-9.63348,-8.73739,-6.34081,-2.75105,3.62904,0.810536,9.40525,-13.7478,-4.52913,-1.15138,-16.9916,-7.45006,1.67425,-11.0199,9.45725,-239.12,-965.752,-23.424,-2940,-1540,700
-25.0209,-32.547,-8.04671,-14.0494,-10.3575,-6.2026,-5.76584,-2.55135,-26.7121,-0.868545,-1.38209,-12.2054,-7.0716,-6.89378,-17.5637,-2.77691,-237.656,-963.8,-21.472,-3640,-2240,700
-16.0943,-25.066,0.351642,-3.62214,-2.53078,-1.00676,-0.647645,-0.386445,-18.5893,6.85889,7.8663,-1.26096,0.198798,-0.982689,-4.60519,1.68102,-239.12,-967.216,-25.376,-3360,-2940,980
0.920118,-2.04779,7.54354,4.93935,4.96188,4.97256,3.99225,1.61869,0.0891598,4.47922,2.32801,8.55075,7.23153,4.83336,3.34812,3.6426,-241.56,-968.192,-25.376,-3780,-3080,1120
-3.71964,-4.46135,6.11436,-1.08068,0.211702,0.926669,-0.566138,-3.14652,-4.86343,2.79053,2.08728,7.30262,6.08954,0.887807,-1.84598,-0.740739,-243.512,-968.192,-22.936,-3780,-3500,1400
-9.92984,-11.276,-2.56402,-8.961,-7.73072,-6.73984,-7.18839,-6.44249,-10.7833,-1.96548,-0.303788,-2.55524,-2.25773,-7.0813,-8.28321,-6.26154,-244,-968.192,-22.448,-3500,-3360,1400
-4.46115,-4.18908,-2.67321,-2.98249,-3.52779,-4.77293,-3.35375,-4.6051,-5.12043,-1.29869,-2.46036,-2.54814,-2.33886,-4.63125,-0.299668,-7.18734,-241.56,-967.704,-23.424,-3220,-2940,1260
-3.60875,-0.548107,-1.13004,-1.67418,-1.92704,-4.28524,-3.62773,-8.53477,-4.00991,-0.19331,0.553896,-1.14205,-1.23244,-3.86185,-0.421087,-11.1952,-241.56,-964.288,-20.984,-2800,-2520,1540
-1.07856,0.331125,1.2843,-1.84485,-1.58724,-2.44777,-3.71427,-8.81882,-0.877168,-2.39431,-2.88324,0.96611,0.885285,-2.71281,-1.59941,-13.9241,-244.976,-964.776,-26.352,-2100,-2100,1540
6.99211,6.25642,5.82375,4.54862,4.51209,4.8505,0.725652,7.03348,7.88986,4.23964,3.56407,5.58969,5.55205,4.68319,4.77175,1.28527,-244.976,-962.824,-22.448,-1960,-2100,1540
4.8131,0.837337,0.812501,0.0725647,0.390747,2.12873,0.396417,7.20225,5.0697,3.69178,4.93322,0.493129,1.27662,2.06077,0.750603,5.43767,-246.44,-961.36,-26.352,-1820,-1960,1400
2.45692,-2.5891,-4.98538,-4.42599,-4.66921,-3.80689,-1.84836,1.24441,2.91328,-0.493161,-2.03008,-4.61402,-4.48098,-3.83103,-5.86498,-1.6534,-244,-962.336,-22.448,-1540,-1960,1540
6.14072,0.473618,-4.06366,-4.48525,-4.95175,-5.08585,-3.72149,-1.35003,6.37164,1.9955,2.78576,-2.35803,-3.98966,-5.1367,-7.67225,-4.0359,-243.512,-961.36,-21.96,-1260,-1820,1680
4.00704,3.75055,-0.227939,3.53769,2.30034,0.239411,3.73702,0.531241,2.72702,-1.53478,-2.0217,1.1533,-0.58901,0.868587,6.48569,0.735019,-245.464,-963.8,-24.4,-840,-1400,1540
-0.580765,4.94034,1.55573,7.06202,5.54299,3.8959,5.00278,1.83339,-1.66201,-0.158056,-0.752383,1.86589,1.32987,4.26501,11.0922,3.85779,-242.536,-962.336,-22.936,-560,-1400,1260
-2.8579,-1.56512,-3.5814,-2.79833,-3.45847,-2.55168,-4.40165,-2.189,-2.39457,-0.718638,0.798248,-4.1223,-3.56136,-2.74322,-1.39438,-2.20731,-244,-961.848,-21.96,840,-1680,1120
6.62414,5.75636,2.13681,1.16836,0.778034,0.760524,-1.85982,1.04241,7.08938,1.78739,-0.620812,2.5739,1.76258,1.06106,-0.731849,1.80532,-245.952,-964.776,-27.328,1960,-1540,840
7.94482,7.03914,5.45462,3.16936,3.47153,3.18005,2.67616,-0.366109,8.17054,6.0455,6.84999,5.88566,5.28318,3.48755,-1.87274,4.85791,-242.536,-962.824,-26.84,2380,-840,840
6.62798,8.33189,6.06564,4.63241,4.41162,3.8725,4.42493,-1.83508,7.56977,1.74124,1.11682,5.66183,5.89508,4.28665,0.477266,4.65757,-242.048,-965.752,-29.28,2800,-420,700
1.58996,6.59992,3.57519,3.64297,3.60102,3.60555,2.67051,-0.30368,2.68383,1.16165,1.17189,2.92418,3.74667,3.48442,1.80668,3.60581,-240.584,-963.312,-24.888,3080,-140,420
-2.57681,0.823705,-0.335836,-0.766603,-0.711628,-0.178215,-2.38894,-2.26099,-2.04923,-3.70191,-1.99587,-0.252317,-0.0593546,-0.433847,-3.3737,-1.50201,-245.464,-961.36,-26.352,4340,420,420
1.29947,5.40699,0.962748,4.41867,3.59509,1.9818,3.25354,1.01514,2.03844,-4.62451,-6.65084,1.42675,0.69686,2.70154,3.05754,2.10585,-243.512,-959.408,-24.4,5600,560,280
-1.81365,-1.9111,-4.04852,-0.786841,-0.544897,-0.568459,2.66072,2.54502,-1.12548,-1.89221,-0.49112,-4.30788,-3.68894,-0.664849,3.5875,2.38073,-242.048,-965.752,-28.304,6720,980,0
-3.33531,-9.70189,-6.27655,-9.68066,-8.75499,-7.07588,-5.36281,-1.9117,-3.35586,-3.61141,-4.15676,-6.55184,-5.99657,-7.49893,-6.39322,-5.68862,-242.536,-964.776,-26.352,7000,1540,140
-5.51,-9.34007,-3.49868,-6.81899,-6.17488,-5.02228,-4.10014,0.277304,-6.13286,-0.851349,-0.694025,-3.54589,-3.4528,-5.23564,-5.4883,-3.02516,-242.536,-962.336,-30.744,7700,2100,0
-7.93478,-8.24005,-3.99496,-2.55877,-2.67987,-2.66588,-0.370714,0.712393,-8.76255,-2.92911,-0.982877,-3.87679,-4.16607,-3.11692,2.01415,-0.553478,-241.072,-964.288,-26.84,8540,2520,-140
-4.45787,0.130719,-2.01379,1.28019,0.477425,-0.856249,-1.2318,-2.22739,-5.2334,-3.56915,-4.8445,-1.57503,-1.82088,-0.776693,1.4403,-3.24943,-242.048,-967.216,-27.816,8680,2940,-280
-1.3055,0.678414,1.76606,1.07893,0.700905,1.01916,-2.79203,-1.2046,-2.04134,3.76982,4.51765,1.92489,1.93719,0.560584,1.36765,-2.43762,-240.584,-963.312,-29.768,8820,2800,-280
5.62244,4.9883,4.18196,3.87844,3.40961,2.78275,1.6869,1.32301,5.87404,1.09561,-0.721843,4.76708,3.46829,2.9695,4.26997,1.19515,-240.096,-964.288,-29.768,8960,2800,-140
1.94045,0.914872,0.0886401,1.98703,2.73288,2.84374,4.58529,4.37919,1.98759,-0.85296,-0.669542,-0.0729169,-0.010416,2.82558,3.99494,3.58728,-243.024,-964.776,-28.792,8960,2660,-280
-9.36052,-12.8742,-5.26782,-6.73625,-4.93421,-2.74671,-0.881526,3.34516,-9.77115,-3.80504,-0.996258,-6.72957,-5.12255,-3.3157,-0.646235,0.731073,-242.048,-964.288,-29.28,9380,2800,140
-5.27043,-7.5646,-3.62344,-4.83215,-4.44593,-3.8754,-3.00399,1.06615,-6.16482,-2.2175,-2.94966,-4.29961,-3.55846,-4.03871,-2.65269,-1.31735,-241.56,-965.752,-30.256,8820,2800,280
-0.776132,-0.689036,-1.97971,-1.30061,-1.37499,-1.96378,-1.94437,0.568925,-1.06838,3.93762,5.18219,-2.17087,-2.23167,-2.1634,-1.22231,-0.42977,-242.048,-965.752,-30.256,8120,2800,280
-3.75471,-3.96599,-0.660744,-0.553852,0.154104,0.420059,-1.00911,1.26266,-4.09692,-1.39588,-1.64568,-0.950091,-0.52915,0.255469,-0.721895,1.68787,-243.512,-966.24,-27.816,7700,2100,420
-3.65341,-7.44106,-0.0919189,-2.95508,-1.35742,-0.588631,-0.831266,-2.01252,-3.6759,1.66298,1.04282,-0.916566,0.345336,-0.595775,-3.33299,0.0887277,-246.928,-964.776,-25.864,7140,1820,700
6.51289,5.13882,8.32694,4.39719,5.18642,5.30289,3.25967,-0.554331,7.05686,5.7611,6.03241,8.38613,8.13621,5.77076,-2.66097,1.95208,-244.976,-970.144,-28.304,6860,1960,840
9.34147,14.8774,10.8856,15.3938,14.4556,12.1659,11.9724,5.95795,9.28258,3.69419,1.20828,11.8075,10.1666,12.8266,11.1385,10.4018,-246.44,-970.144,-28.304,6580,1680,840
15.3172,19.8575,6.42414,14.6043,12.005,8.65909,10.2988,1.6604,16.2991,8.36108,8.75379,7.87597,6.26768,9.38336,14.4573,5.65218,-247.416,-975.512,-19.032,6300,1400,560
14.3786,19.8325,4.15501,8.48722,6.05728,4.44583,1.10119,-3.38162,15.5381,1.66404,0.736071,5.13432,4.36315,4.68124,2.64601,-1.32277,-250.344,-981.856,-7.808,6580,1260,560
3.25045,8.91499,1.29833,-2.18887,-2.51298,-1.73334,-9.14932,-6.309,3.72604,0.771665,-0.265696,0.765222,1.59345,-1.93921,-13.7606,-7.59279,-250.832,-983.32,-2.928,7140,560,420
-6.23371,-8.17088,-3.14487,-9.26559,-7.94726,-5.85511,-7.96693,-4.84879,-6.34901,-1.75962,-0.556416,-4.34938,-2.52334,-6.31735,-12.4559,-6.31672,-247.904,-978.928,-5.856,8260,-280,-280
-4.69916,-13.2813,-6.94434,-10.7189,-10.5008,-10.3542,-3.18686,-8.7948,-4.51711,-4.58474,-5.83159,-7.09572,-6.59526,-9.84774,-5.63103,-6.73896,-251.808,-971.12,-2.44,8120,-840,-560
2.53919,-5.81243,-5.69612,-8.46964,-9.54875,-9.40172,-5.86929,-7.31239,3.10068,1.14265,2.68179,-5.22246,-6.09704,-8.99609,-4.56255,-9.54238,-248.88,-968.192,-11.712,7700,-1120,-700
2.99054,-2.09776,-2.13006,-5.43513,-5.10755,-3.69288,-7.55415,2.52506,3.59908,-3.62234,-4.49806,-2.1497,-2.7528,-3.68707,-2.12355,-1.46132,-250.832,-965.264,-11.712,6440,-1540,-560
-1.27549,1.80133,2.04897,2.68624,2.80989,2.40175,1.94216,5.88893,-2.06206,-0.954582,-1.1074,2.55677,2.25723,3.12962,2.87347,3.62057,-249.368,-964.776,-15.128,4900,-1400,-840
-17.9646,-13.2587,-2.5491,-0.610772,0.815667,1.60836,4.90657,5.43683,-19.9468,-6.55891,-3.91249,-2.96501,-2.18179,1.3516,1.22621,4.64993,-251.32,-962.336,-20.496,3780,-1680,-560
-7.14418,-12.1744,-4.63277,-3.78899,-2.84253,-1.82015,3.49433,3.1907,-6.93581,-5.27784,-6.50228,-4.86401,-4.34971,-2.59269,4.47551,2.39116,-247.416,-961.848,-22.936,2380,-2100,-420
8.99149,2.35433,-0.203939,-1.18839,-1.27293,-1.01271,-0.279891,-0.199072,10.3718,4.63461,5.61137,0.183781,-0.413805,-1.73149,4.27164,-1.88681,-246.44,-964.776,-26.84,1120,-2240,-140
5.97522,5.24523,1.52452,-2.27075,-2.22587,-1.32376,-4.92898,-2.69665,6.46986,1.3239,0.468706,1.77029,1.31807,-1.84076,-8.59371,-3.80602,-239.608,-962.824,-30.256,0,-2240,140
-7.67622,0.389733,1.83777,6.39947,5.51876,4.4858,5.26447,3.02257,-9.17878,1.61722,1.20927,2.14915,1.8076,4.57499,6.10887,5.55122,-239.608,-960.384,-32.208,-1680,-2100,420
-12.538,-0.776975,1.15725,7.21697,6.19171,4.28693,6.85531,2.25187,-14.6032,-0.925828,0.617421,1.20552,1.08499,4.87245,12.026,5.33105,-239.12,-962.824,-40.992,-3080,-2100,840
-17.5627,-3.76065,-0.82099,5.40094,5.30895,4.81552,7.35127,2.02868,-19.2105,-6.45091,-7.01205,-1.6495,-0.839154,4.90068,9.3682,4.27319,-236.192,-967.704,-35.136,-4620,-2800,840
-17.5887,-18.9597,-7.5451,-8.03792,-5.83887,-2.47748,-1.24948,2.70663,-18.7031,-2.57021,-0.0663261,-9.38705,-7.42455,-3.57812,-3.18654,0.67892,-236.68,-971.608,-34.648,-5320,-5040,840
2.64071,-3.76272,-5.06739,-5.42972,-5.13028,-4.37474,-2.2994,3.10427,3.83608,-0.184818,-0.869173,-4.88828,-5.03496,-4.61112,-3.41223,-0.271791,-232.776,-980.392,-29.28,-5460,-6860,840
17.9936,20.5209,5.41377,8.6262,7.12879,4.16353,0.328405,-0.830101,19.9005,5.46697,3.47014,7.50379,5.3167,5.16584,-4.08954,0.529575,-234.24,-986.248,-25.376,-6020,-8260,420
14.6861,13.8377,3.94205,0.561104,0.586628,0.594171,-7.62249,-4.25281,15.8507,2.07014,2.42027,4.50045,4.21555,0.343245,-14.3974,-3.4209,-235.704,-984.296,-20.496,-5460,-9380,280
13.8322,12.5238,4.46153,3.4138,3.34311,2.69809,0.578015,-0.144255,15.7052,-0.925174,-2.45984,4.76236,4.10262,2.81196,0.367631,1.98415,-233.264,-987.224,-19.032,-4620,-9520,-280
15.4137,12.0205,4.09567,3.52254,2.88798,2.08466,0.264409,-3.52481,16.8302,3.8261,4.96631,4.46355,4.00561,2.59073,3.19939,0.561016,-236.192,-989.176,-17.08,-3640,-9520,-420
-0.638258,-7.39639,-1.85952,-6.16925,-4.88634,-3.82198,-3.771,-2.90062,-1.33091,-1.49198,-1.85153,-2.71828,-1.72611,-4.20489,-5.63586,-0.879215,-235.216,-984.784,-16.592,-2940,-8820,-560
-9.36524,-11.4108,-2.67954,-3.07861,-2.32011,-2.84777,1.4715,-2.33725,-10.2298,-0.212048,-0.344983,-3.30339,-2.66444,-2.33952,-2.08529,-0.305509,-237.168,-981.368,-16.592,-2100,-7140,-560
-9.42575,-8.99795,-0.907921,0.702709,1.33036,1.21985,4.90044,1.1288,-9.6565,0.213044,1.88116,-1.31306,-0.710344,1.33814,4.56533,1.50599,-238.632,-982.344,-19.032,-1540,-5880,-140
-0.431068,-5.56575,0.992865,-3.2293,-3.22548,-0.697501,-4.60193,3.64707,-1.10305,1.50455,0.0623332,0.212612,0.944364,-1.57505,2.37192,-1.45264,-237.168,-979.416,-19.52,-700,-4200,420
3.15554,-1.73464,-0.13079,-5.62773,-7.17106,-4.37072,-12.9804,8.10339,2.42707,6.05128,7.26123,-0.381807,-0.282806,-5.76611,3.20482,-7.88196,-244,-976.976,-19.032,140,-2520,1260
6.33715,7.2752,2.75267,1.18444,0.812846,-1.24637,-0.518271,2.1518,6.49834,0.974533,-0.21705,3.48602,2.55117,-0.958264,1.60582,-5.50053,-247.416,-977.464,-18.056,1120,-1120,1820
-0.597175,0.461592,0.616543,4.18533,3.85756,1.51378,8.41664,-7.00522,-0.727924,-0.175672,-0.42975,0.360566,0.652974,2.31628,4.8293,2.95597,-247.904,-973.072,-22.448,2660,420,2520
0.28356,-5.90835,-2.47286,0.801989,0.468618,-0.110708,7.53783,-3.24354,-0.0996073,1.30339,2.38891,-3.02988,-2.7653,-0.217835,8.91969,4.37249,-251.32,-968.192,-25.864,3220,1680,3220
10.7526,6.86607,1.17657,2.71827,1.92315,-0.473888,5.88194,-7.22097,11.9116,-0.576314,-2.90639,1.61445,1.25148,0.320513,6.11371,-2.89407,-253.272,-971.608,-26.84,3640,2800,3780
9.03274,14.9224,4.00039,8.99655,7.26047,5.68545,5.36732,2.36921,10.2644,2.28597,3.24881,5.45973,4.33189,6.39595,10.8126,2.26985,-255.712,-971.608,-24.4,3920,3500,4060
0.628408,15.1574,5.43741,11.5217,10.3412,9.43527,3.44838,7.78947,-0.0133153,-2.31672,-3.12374,7.22949,5.36486,9.39234,6.11087,9.52997,-257.176,-969.656,-23.912,3920,4200,4200
-12.4098,5.63537,3.95026,5.03578,5.84485,6.17252,-1.12196,1.4517,-13.7262,-2.2836,-2.42384,4.47814,3.89268,6.15508,-14.7744,2.89578,-257.176,-970.144,-28.304,3780,5180,4060
-16.3095,-17.1097,-2.85121,-10.3395,-7.14239,-3.97333,-7.07563,-4.62771,-17.6466,-3.69681,-1.99766,-4.67039,-2.67182,-4.57846,-20.5532,-4.38128,-259.616,-970.144,-28.304,3500,5600,3920
-2.35838,-14.0714,-4.1858,-9.78994,-8.47506,-7.02769,-4.22653,-4.51626,-2.24458,-1.81048,-3.70214,-4.84188,-4.4475,-6.97273,-7.14396,-4.39059,-259.128,-966.728,-28.304,3220,5880,3500
4.61779,-4.60065,-3.24997,-5.51145,-5.10216,-4.48869,-2.71864,0.192093,5.33663,3.01177,3.92478,-3.37492,-3.43184,-4.01575,-3.89533,-2.36487,-256.2,-969.168,-30.744,2800,5460,2940
7.41377,0.412836,-2.46792,-6.91885,-6.31389,-5.19613,-6.03235,0.279495,9.19884,-1.78905,-2.3287,-2.65795,-2.07199,-5.21116,-9.32083,-3.0592,-257.176,-969.168,-28.792,2520,5460,2660
1.04489,3.27808,-0.398326,-1.97198,-2.6669,-1.38089,-5.44314,1.42707,1.07367,-0.839687,-0.678879,-0.635472,-0.0635806,-1.54097,-5.74458,-1.09745,-256.2,-967.216,-29.28,1960,5040,2100
-15.7476,-10.7941,-5.52659,-2.38147,-2.74857,-2.26378,-2.17159,2.59828,-17.7321,-4.74731,-2.15745,-5.84221,-5.20184,-2.5283,2.6557,2.30909,-251.32,-966.24,-27.328,1820,4760,1540
-16.6213,-1.70851,-2.12002,6.14689,5.29135,2.54609,4.77575,3.61367,-17.9698,-4.34645,-5.03101,-1.62662,-1.99527,3.34618,6.34763,4.91988,-252.296,-966.728,-27.816,1680,4340,840
-12.2613,-12.6327,-5.37939,-3.43757,-2.20169,-1.33588,1.45683,2.48231,-12.4277,0.0386292,2.05386,-6.85588,-5.5144,-1.60961,2.76112,2.29225,-253.272,-968.68,-28.792,1260,3920,140
7.66153,0.0837973,-3.14345,-3.32624,-2.85452,-2.67611,1.9099,1.06014,9.47269,0.272067,-0.3462,-2.60895,-3.40333,-2.7442,4.72153,-0.402163,-251.808,-967.216,-32.208,840,3360,-420
-5.07256,-2.75558,-0.31898,0.253891,0.462983,0.61208,3.69017,-0.369367,-6.06204,-0.0748044,0.465247,-0.817011,-0.26259,0.267769,5.70333,-0.286706,-251.32,-970.144,-28.792,700,2380,-840
0.350583,-8.93838,-0.349489,-4.01125,-3.55346,-1.84552,0.478229,-1.55902,1.04307,2.05541,2.62019,-1.05576,-0.407282,-2.59472,5.29979,-1.77658,-251.808,-969.168,-29.768,560,1680,-1260
25.8604,15.8023,9.06532,4.5396,4.03435,2.87495,-1.07193,-4.2513,28.0463,6.32832,3.25858,10.2441,8.92556,3.11204,1.89082,-3.15924,-249.856,-970.144,-30.256,700,560,-1680
12.0052,7.8021,3.8906,0.72082,0.719119,0.635267,-1.84066,-1.83542,12.2645,5.29086,6.22238,3.7973,3.69627,0.606788,-2.53139,-2.74042,-247.904,-968.68,-28.304,840,-420,-2240
6.61074,9.75854,1.66371,7.0635,5.24241,3.83042,5.48774,2.28812,7.52686,-0.0480541,-1.14983,2.36702,1.36179,3.93566,9.8246,2.67972,-245.952,-970.632,-31.232,840,-840,-2800
10.4666,12.5391,3.73591,10.4944,8.61258,6.91785,7.16968,-0.400774,10.9095,1.08706,-0.306945,5.00574,3.54269,6.64839,12.2564,2.43449,-244,-971.12,-29.28,1400,-1400,-3080
2.353,10.8825,4.72651,9.15854,7.46026,6.37613,1.87956,-2.77182,0.451127,-0.388339,0.401946,5.27867,4.49287,6.3917,2.33335,-0.427767,-244.488,-972.096,-31.232,980,-1820,-3360
-11.3536,9.86808,5.15216,11.2169,9.67162,7.88843,1.77638,-1.22587,-13.3459,-4.86071,-6.78031,5.89205,5.15113,8.13242,-1.73189,1.77764,-244,-973.072,-33.184,1540,-2240,-3500
-10.7282,-5.331,1.07531,-1.61567,-0.23102,1.15481,-4.36324,-2.78577,-11.1394,-1.26932,-0.54688,1.06046,1.34786,0.852356,-16.2044,-0.805844,-244,-972.584,-27.328,2240,-2240,-3500
3.19134,-5.81451,-2.7143,-11.761,-10.0396,-7.97006,-10.5103,-2.56084,4.24928,-1.28491,-0.996206,-3.35952,-2.41025,-7.93972,-21.5035,-5.69881,-243.024,-974.048,-33.184,2520,-2240,-3640
-0.415579,-6.75113,-4.7347,-10.9745,-9.68767,-8.64303,-4.91282,1.61445,-0.180862,0.602765,0.935349,-5.89921,-4.5286,-8.56306,-5.94036,-2.59501,-243.512,-975.024,-33.184,3080,-2100,-3640
-7.0787,-4.97667,-2.60859,2.85715,2.05362,-0.382755,6.90786,3.73927,-7.68082,-0.456409,1.29235,-2.77671,-2.84166,-0.00582974,16.2042,4.89652,-242.536,-972.584,-32.208,3360,-1820,-3500
-5.38182,1.47375,0.338413,7.32487,6.92468,4.93586,7.39535,4.61136,-5.51361,-2.25631,-3.73236,1.12669,0.187006,5.24744,14.7198,6.04536,-242.048,-973.56,-28.304,3920,-840,-3500
-5.16691,-11.3028,-4.80242,-7.56042,-5.55405,-4.05254,-0.947274,1.99552,-4.84462,1.64302,3.22069,-6.16896,-4.57744,-4.25021,-1.75484,0.480782,-244,-971.608,-28.792,4340,-280,-3360
9.48249,-2.30912,-4.40458,-7.66413,-7.57579,-6.49255,-3.26505,-1.55933,11.1744,0.958518,0.310529,-4.85637,-4.36751,-6.64812,-4.89197,-2.3102,-244.976,-973.072,-30.256,4900,140,-3360
8.2698,-4.59791,-2.38582,-9.51909,-7.85281,-5.74912,-6.04979,-0.622114,8.22633,3.47106,2.86028,-2.40893,-1.89255,-5.83782,-10.4597,-2.30071,-242.536,-972.584,-30.744,5180,1260,-3360
-4.29294,-19.119,-4.5075,-14.1806,-11.1992,-7.84658,-5.32274,1.00091,-4.73882,0.582242,2.32407,-5.69818,-4.13353,-8.21507,-6.90604,-1.26749,-243.024,-972.096,-30.256,5880,1680,-3360
-2.91262,1.27847,0.238105,4.66851,2.74378,0.999492,2.57048,0.440238,-3.07342,-2.80373,-3.96167,1.1375,0.0616529,1.77602,5.83855,2.25859,-244,-972.096,-29.28,6300,2380,-3360
-5.14277,10.7031,3.90098,11.7509,9.05154,7.06062,1.68795,-0.403736,-6.38589,1.01614,2.59659,4.78591,3.55332,7.55931,-0.745825,1.90068,-247.904,-971.12,-29.28,6860,2800,-3500
-13.09,-10.346,-0.191645,-1.99245,-0.711241,1.49179,-1.00058,0.500873,-14.958,-3.55633,-3.56754,-0.782228,0.231026,0.752331,-5.09117,-0.209634,-244.976,-973.072,-25.376,7000,3080,-3360
4.60806,-1.65297,1.14157,-4.90164,-4.03941,-2.68113,-4.00147,-1.65438,5.73756,3.35772,2.10082,1.70464,1.1758,-3.11144,-5.16906,-3.5538,-246.44,-971.608,-29.768,7280,3640,-3500
18.273,12.2685,5.93471,0.430694,0.651963,0.725165,-0.817229,-1.12905,19.913,5.47209,5.90546,6.36689,5.14317,0.404484,-1.83792,-0.932903,-246.928,-969.656,-28.304,7840,3780,-3500
17.5174,18.9876,7.41603,8.83502,7.42565,4.86534,5.56181,0.749636,18.7672,2.46397,0.21001,8.91583,7.34621,5.78101,10.3852,2.2708,-244,-969.656,-29.28,7840,3640,-3640
1.18471,4.86096,1.80787,5.23847,4.21891,3.63892,5.05971,1.28522,0.829768,1.70804,3.1107,0.946484,2.07305,3.5969,16.5187,2.58379,-245.464,-966.728,-26.84,7560,3920,-3640
-11.3259,-1.33981,-4.55341,8.27057,5.80573,3.13373,7.57035,2.54137,-12.257,-6.99341,-6.10789,-5.09925,-4.7123,3.48397,18.1756,3.89072,-247.416,-966.728,-24.888,7700,3780,-3640
-6.08502,16.2724,3.59607,11.1377,9.84375,7.10235,-1.00579,-0.802025,-6.57169,-2.74207,-3.1137,5.11532,2.61192,7.91928,-8.85582,-2.26877,-246.44,-966.24,-25.864,7420,3780,-3780
-12.3289,-1.94553,1.73736,0.118246,2.06167,2.91432,-4.45911,-1.63562,-13.8022,-3.89188,-2.96762,1.14513,1.59673,2.56493,-16.9825,-3.93033,-246.928,-968.68,-25.864,7140,3780,-3780
2.21471,-2.78347,-1.45893,-5.74628,-4.92642,-3.1681,-6.34643,-1.08405,3.43966,-0.678177,-2.21716,-2.16362,-1.31399,-3.82468,-13.2443,-5.7142,-247.904,-967.704,-26.84,7000,3640,-3780
0.300563,0.133445,-5.62527,-2.45335,-2.91868,-3.43032,1.14074,2.88267,0.369538,-0.204825,1.44737,-5.7029,-5.42508,-3.79596,2.92689,-0.23176,-249.368,-970.144,-22.936,6720,3080,-3780
-8.46638,-12.4131,-5.17362,0.307439,0.151069,0.194946,7.03851,2.96513,-9.14038,-4.21773,-4.4447,-5.79528,-4.73714,0.358283,14.587,4.98917,-245.952,-972.096,-22.448,6860,3080,-3780
0.11942,-9.83862,-0.689228,-4.89124,-3.94205,-2.3232,-0.384439,-2.99694,0.513501,1.59295,0.31787,-1.7844,-0.549365,-2.42556,3.86273,-0.548006,-249.856,-971.12,-25.376,7000,2660,-4060
6.16825,-8.63581,-3.1631,-8.92258,-7.49621,-6.12666,-3.0895,-4.70143,8.15329,2.55103,3.59028,-3.87625,-3.116,-6.64362,1.55282,-3.08177,-246.44,-971.608,-23.424,7000,2940,-4340
16.3587,3.02042,2.32722,-3.81966,-3.27949,-2.71559,-2.45688,-4.04954,17.6674,4.40471,2.1235,2.97834,2.33249,-2.5418,-3.05466,-2.2071,-248.392,-973.072,-26.352,7420,2800,-4620
10.6838,2.89942,2.77448,-1.50208,-1.59131,-1.29709,-0.905351,-3.68461,10.764,3.97122,3.70348,3.13945,3.11187,-0.949121,-0.859451,0.314374,-246.44,-970.632,-25.376,7840,2660,-4760
-0.297921,-2.90202,-0.283412,-1.55577,-1.97065,-1.30643,-0.255577,-1.54482,-0.748188,-0.754043,-0.546381,0.0137599,0.5754,-1.63283,3.71306,2.6832,-246.928,-971.608,-24.888,8260,2380,-4900
-9.91913,4.56358,1.26002,7.76288,5.52373,3.63006,4.75237,1.88142,-11.7293,0.898422,0.718195,2.56785,1.53542,3.86747,4.69991,4.64865,-250.344,-969.168,-23.424,8260,2100,-4900
-20.6759,-5.91655,1.92218,10.5383,9.73325,8.4589,8.38299,4.44071,-22.6758,-3.75641,-2.147,1.62558,1.70742,8.94495,5.06038,5.63728,-245.952,-968.68,-24.4,8120,1680,-4900
1.84335,6.40928,5.2072,6.64865,6.2616,5.97789,-0.194293,2.4295,2.70851,0.200472,-1.82673,6.06242,5.01746,5.85903,-7.49041,-0.139481,-246.928,-966.24,-24.888,8120,1260,-4760
7.63326,6.48974,2.69456,-5.10551,-3.84314,-2.00237,-9.10099,-0.0490092,7.48763,5.93607,7.65349,2.84835,2.84728,-2.91101,-18.6147,-4.85104,-243.024,-968.192,-22.936,7840,560,-4760
-14.9681,-13.5049,-3.92794,-4.71215,-3.79531,-2.77523,0.28562,3.04352,-16.9525,-5.83344,-4.87928,-5.042,-4.07492,-3.2328,-0.00691421,1.92827,-244,-965.752,-21.96,7420,280,-4760
1.79397,-0.291238,-1.72843,-3.10384,-2.62048,-2.467,-2.31814,0.612366,3.05933,-0.233231,-0.937536,-1.62931,-2.13499,-2.74664,-4.53179,-0.558306,-247.416,-967.704,-22.936,6720,-140,-4620
6.59479,11.4176,-0.811339,5.66372,4.26205,1.7711,3.94284,3.35747,7.24368,0.126039,1.34687,0.194239,-1.0353,2.16907,7.49227,3.39405,-247.416,-971.12,-19.032,6580,140,-4620
-2.40259,4.51689,-0.672115,6.08087,5.40289,4.7315,7.4741,7.3871,-2.95517,-3.17363,-4.79928,-1.34349,-1.47654,4.96499,11.4663,6.46685,-246.44,-968.192,-22.936,5880,280,-4760
-2.58626,-6.31142,-3.48939,-7.4825,-5.20593,-3.65665,-3.41891,1.46055,-2.27471,-0.362064,1.73164,-4.41217,-3.79044,-3.8268,-3.69807,-2.78163,-247.416,-967.216,-17.08,5460,420,-4760
2.39446,-9.90773,-4.76046,-14.1356,-11.9299,-9.56312,-8.3017,-3.55793,3.64336,-1.4517,-1.35451,-6.06364,-4.88517,-9.84618,-7.92639,-7.23835,-245.952,-968.192,-18.544,5320,560,-4900
12.9875,6.13065,-1.1412,-6.02052,-6.02982,-6.96706,-6.42093,-5.07056,14.1919,4.3713,3.37016,-0.853116,-1.37038,-6.16346,-7.29937,-5.44288,-249.368,-965.752,-19.52,5040,560,-4760
12.3869,17.8576,4.5711,6.02705,4.18208,0.891475,-4.24386,-6.63205,12.7636,4.66813,4.4899,6.05153,4.04213,2.27233,-6.33116,-5.64098,-247.416,-965.752,-18.056,4760,420,-4900
6.33316,2.35684,2.4115,-3.46686,-2.75402,-1.15523,-7.03952,-6.04751,6.21915,1.18529,-0.795821,2.08401,2.93984,-1.47228,-11.832,-6.71038,-247.904,-967.704,-20.496,5040,560,-4900
0.713635,-6.01268,0.427206,1.99252,1.64412,1.47101,6.35051,0.742191,1.19992,1.57636,2.99466,0.947202,1.18478,1.85307,13.5371,3.49671,-246.928,-965.264,-19.52,4900,140,-4760
1.60293,3.95127,3.35816,7.68976,6.54742,6.01834,9.39298,0.58131,1.68709,-4.16433,-4.52249,3.62413,3.53782,6.35459,16.6322,4.87461,-246.44,-962.824,-20.008,4620,0,-4760
0.30781,-0.320643,0.0673736,0.0114414,-0.0856813,0.775032,0.585811,-2.5112,0.473907,-0.940635,-1.5048,0.189218,0.69489,0.184015,2.8105,-0.230011,-243.024,-964.776,-21.472,4340,-420,-4620
-6.34472,-8.4008,-3.21109,-1.60575,-2.02385,-2.02316,1.43303,-0.0523622,-7.08186,-2.23101,-0.801024,-3.96861,-2.84077,-1.98577,7.37506,0.953345,-242.536,-964.288,-23.424,4060,-420,-4620
-14.8174,-9.0943,-3.82632,3.77404,3.16931,2.42084,7.29512,5.10683,-15.8108,-6.11836,-6.75454,-4.39989,-3.89304,2.54145,12.9516,7.12338,-242.048,-964.288,-20.496,3500,-980,-4340
-10.8114,-11.1337,-1.73762,-3.18373,-2.23582,-0.694228,-1.28091,2.69011,-11.1228,0.784509,1.95886,-1.92516,-1.49011,-0.942811,-2.97753,2.38332,-240.584,-962.336,-21.472,2940,-1120,-4060
-8.38167,-4.24297,-0.790422,-0.24767,-0.278137,-0.516735,-2.00086,1.51398,-9.64894,-3.84623,-4.05048,-0.262869,-0.761433,-0.361185,-6.12052,0.167239,-243.512,-964.776,-19.52,2660,-1400,-3780
-4.66723,-2.0973,-0.420407,1.60957,2.11305,1.67857,0.808802,3.68543,-5.4586,-0.0735141,-0.302575,-0.265879,-1.12416,1.23966,-4.0904,1.965,-242.048,-966.728,-19.032,2100,-1680,-3780
-1.83114,1.18522,0.110272,0.0687049,0.643365,0.113309,-0.29409,0.781124,-2.00134,0.378205,1.63481,0.0243167,-0.395025,0.028329,-5.07566,0.134863,-239.608,-964.288,-21.96,2100,-1960,-3500
3.95805,11.2996,2.62902,5.92858,4.82743,3.30163,0.22949,-2.65065,4.66105,0.191606,-2.06976,3.09769,2.57505,3.44293,-2.64204,0.0818383,-239.608,-967.704,-20.496,1540,-2240,-3360
8.65869,9.67797,3.19734,0.628403,0.48429,1.1477,-4.41875,-4.17885,9.23304,5.16863,5.93791,3.0169,3.16543,0.583456,-8.81704,-3.62261,-241.56,-963.8,-19.032,1400,-2380,-3360
-1.28647,-4.6027,-1.04836,-3.43843,-3.341,-2.07118,-1.74091,0.454623,-1.1918,-0.167427,-0.345895,-1.87029,-0.825904,-2.31413,-2.43356,-2.42319,-241.56,-963.8,-22.936,980,-2940,-3080
2.32862,-3.13412,-0.0218502,-3.78481,-3.65598,-2.61435,-2.76947,0.293464,2.61722,3.64744,2.72372,0.290531,0.26981,-2.90059,-3.42607,-3.12504,-238.144,-962.824,-23.424,840,-3220,-3220
11.0563,7.43411,4.35317,-1.79452,-1.57292,-1.15939,-5.99694,-2.71094,11.3561,6.22003,6.6792,5.13569,4.40747,-1.40798,-8.60736,-5.4583,-237.656,-960.872,-20.984,280,-3920,-2940
5.00925,6.1721,3.42119,1.22891,1.09128,1.08866,-1.75697,-0.602367,4.46129,0.65784,-1.073,3.67838,2.96472,0.537886,-0.994249,-2.42925,-239.608,-963.8,-24.4,-560,-4620,-2800
-10.8045,-9.408,-2.96372,-1.62665,-0.896659,-0.331374,2.44925,2.22812,-11.9239,-0.872719,1.08284,-3.44447,-2.91333,-0.444407,4.72254,1.96759,-240.096,-963.8,-23.912,-980,-5320,-2520
4.20102,0.245899,-1.15826,-0.579778,-0.30005,-0.566145,2.88779,1.83677,5.41753,-0.824026,-1.20809,-0.732968,-0.877832,0.0351406,2.03617,2.9777,-237.168,-964.288,-20.984,-1680,-5320,-2520
11.8638,13.6374,4.04689,7.44835,6.61712,4.77232,6.75124,0.336673,12.8563,2.01011,1.14899,4.83403,3.95475,5.24107,8.03037,3.51807,-237.168,-965.264,-24.888,-2520,-6300,-2240
4.44633,1.21253,1.94497,1.60293,2.04512,2.06846,3.97367,-1.54881,5.10868,1.78255,3.13086,1.50865,2.30294,2.16092,6.75898,1.56431,-239.12,-964.776,-20.984,-2940,-6720,-2240
3.0606,7.73169,3.4342,9.91062,8.63235,6.2873,10.052,2.56651,3.31771,-1.39567,-2.88178,4.26207,3.40508,6.99971,15.1582,7.36868,-238.144,-965.752,-21.472,-4620,-7000,-2100
-11.3482,1.55188,0.546649,11.1851,9.31973,7.71321,11.0219,4.17479,-13.1977,-2.78967,-1.29632,0.442135,0.399571,8.16764,17.7078,7.5858,-240.584,-964.776,-28.304,-5040,-7700,-1960
-4.7924,-6.75653,-1.70239,-4.24386,-3.55649,-1.59412,-2.60609,0.0212748,-4.75805,-2.90218,-3.36198,-2.72345,-2.20236,-1.93823,-3.37179,-1.24784,-238.632,-963.8,-27.328,-5320,-8540,-1960
3.81274,-5.23593,-1.98216,-8.89804,-7.17824,-5.28135,-6.39706,-0.85536,4.68759,1.68505,1.31299,-2.80463,-1.95615,-5.79089,-10.7774,-2.833,-240.096,-968.192,-27.328,-5880,-8960,-1540
2.94977,-5.62119,-1.06359,-5.35165,-4.47732,-3.57288,-3.29518,-0.799024,3.57076,1.45292,2.87802,-1.82349,-1.04004,-4.00048,-3.73134,-0.940705,-240.584,-967.216,-20.984,-6020,-9100,-1680
0.408573,-2.59946,-2.72684,-0.712991,-1.53273,-2.25938,-0.467634,-0.182539,0.412077,-2.69047,-3.83926,-3.33054,-2.82004,-1.91601,5.42724,0.0671785,-237.656,-969.168,-21.472,-6160,-9800,-1820
-1.54559,-1.71487,-4.22123,-2.26633,-2.63859,-2.85144,-3.96895,-0.518293,-1.59697,1.03399,2.55294,-4.14122,-4.09131,-2.5215,-3.1946,-2.62717,-240.584,-968.192,-19.52,-6440,-10220,-1680
-2.35056,0.584855,-2.15069,-3.32684,-3.52522,-3.79011,-8.66164,-3.14087,-2.171,-2.2883,-2.80905,-1.81957,-1.89372,-3.62039,-12.7958,-6.15492,-239.12,-967.216,-20.984,-6580,-10500,-1540
-10.0436,-2.91319,-3.57387,-3.00115,-2.95106,-3.19738,-5.80682,-1.69915,-10.4751,-4.1394,-3.89685,-3.28185,-3.45978,-3.20048,-7.69401,-4.77001,-240.584,-966.728,-18.544,-7280,-10780,-1680
-6.48004,-4.39121,-4.40126,-5.51013,-4.55453,-3.98246,-3.71617,0.0038809,-6.22391,-4.21496,-3.06093,-4.12647,-4.10354,-4.1373,-5.96632,-2.42634,-244,-968.192,-22.936,-7560,-10920,-1540
0.985217,0.247475,-1.97594,-1.92175,-2.34952,-2.52221,-1.25567,-0.950124,0.740811,-3.96938,-6.1724,-1.04653,-1.90087,-2.4675,-2.62295,-1.19368,-242.048,-966.24,-21.96,-7980,-11480,-1680
-5.06274,-6.40768,-2.66967,-2.59036,-2.68998,-1.78699,-0.249362,-0.446262,-6.26827,-0.10708,1.21034,-2.90583,-2.75433,-2.16537,-1.06141,-0.53651,-241.072,-965.264,-22.936,-8260,-11480,-1540
-5.07607,-7.26033,-3.19784,-2.72465,-2.68635,-2.20102,0.816755,0.277198,-5.55494,-2.49999,-2.59349,-4.07091,-3.05693,-2.90327,2.0622,-0.0517479,-245.464,-964.776,-24.4,-8120,-11340,-1540
3.84644,5.0603,2.29909,3.40655,2.71028,1.88669,2.27058,0.248789,3.98129,3.16533,1.9856,2.43316,1.77024,1.69484,2.52709,0.939044,-243.024,-963.8,-22.448,-8260,-11620,-1540
5.72602,5.74252,3.52821,-0.76774,-0.414596,0.495379,-3.24715,-1.77282,5.7685,4.88884,5.77405,3.94396,3.19893,0.0984352,-7.90719,-1.92456,-240.584,-965.752,-24.4,-7840,-11480,-1680
2.62873,-0.513733,2.73596,-2.23382,-1.39633,-0.670881,-1.22606,-0.400676,2.53011,2.19321,0.801248,2.83481,2.46347,-0.515988,-4.87181,-0.272649,-242.048,-965.264,-21.96,-7420,-11480,-1540
0.905505,2.09498,2.71003,5.30146,5.1778,4.14639,7.14779,2.98469,0.930837,3.68584,4.95921,3.32132,2.76123,4.78453,8.05814,5.27735,-242.536,-965.752,-24.888,-7140,-11620,-1540
3.52467,6.47362,7.81131,12.4795,12.4102,11.2549,11.0858,4.97461,3.78306,-0.0140441,-0.690364,8.4791,7.71802,12.0594,14.7001,7.95141,-242.536,-964.288,-27.816,-6720,-11760,-1540
8.80472,10.0434,8.07775,7.64734,8.03255,7.20043,4.25512,1.74135,9.52257,2.94467,1.90604,8.09345,8.21293,8.03192,7.09649,3.12831,-245.464,-966.728,-23.424,-6720,-11760,-1400
9.67915,9.74387,5.19857,3.43844,2.87941,2.70982,-0.599615,-0.0432212,9.91909,5.15073,6.23442,5.44057,5.4752,2.74908,0.333513,-0.875583,-241.072,-964.288,-25.376,-6580,-11900,-1400
1.26569,-2.13686,0.878975,-1.7424,-1.70149,-0.474651,-1.72893,1.62875,0.785636,0.608278,-0.336657,-0.0637736,0.789597,-0.825501,-2.69404,-0.945812,-240.096,-964.776,-24.4,-6440,-11760,-1260
-3.8649,-5.51728,-1.63509,-4.05969,-3.44147,-2.41621,-2.43675,0.749055,-3.63823,2.12423,4.20123,-1.98283,-1.61771,-2.29731,-3.93099,0.758054,-242.536,-964.776,-26.84,-6720,-11760,-980
-10.6833,-7.65295,-2.50909,-4.25743,-3.7108,-3.2508,-4.83429,-2.34311,-11.5163,-3.95894,-4.13272,-3.01479,-2.24766,-3.11031,-5.91767,-1.32864,-241.56,-965.752,-27.328,-6860,-11480,-1260
-11.9285,-11.8503,-4.11107,-6.15181,-4.95677,-4.09131,-3.68442,-2.41325,-12.7369,-2.82747,-3.066,-4.94879,-3.94966,-4.39193,-6.32623,-2.33714,-241.072,-963.8,-26.84,-7140,-11480,-980
-6.06233,-9.71175,-5.49312,-5.76032,-4.56399,-4.35457,0.33799,-1.3708,-6.18139,-2.35144,-0.977113,-6.19737,-5.34302,-4.11046,-1.2808,0.138977,-242.048,-966.24,-26.84,-7140,-11340,-980
-0.165203,-1.44077,-3.81341,-1.94255,-2.25807,-3.06981,0.150704,-3.29916,0.152843,-3.1124,-5.08962,-3.94764,-3.66965,-2.93734,2.99988,-2.0837,-241.072,-965.264,-28.304,-7280,-11060,-980
0.806244,0.860849,-2.17471,-0.271247,-1.11383,-1.54338,-0.731292,-4.04884,1.27931,0.681607,1.64566,-2.04257,-2.12672,-2.04472,3.62438,-4.0652,-242.048,-967.216,-27.328,-7140,-11060,-980
2.26244,4.87077,-1.23054,2.23994,1.68656,0.655271,0.853102,-2.54722,2.49095,-4.09886,-4.80643,-0.370591,-1.17559,0.334402,2.33995,-1.46859,-240.096,-966.728,-25.376,-7140,-10920,-1120
5.66116,9.06564,0.896507,3.63162,2.37952,1.66832,0.194449,-1.96255,6.65782,-0.664162,-2.00611,1.73111,0.56642,1.901,-0.108457,0.392567,-240.584,-964.776,-27.816,-7140,-10920,-1120
4.64419,5.81632,-0.372509,1.20602,0.352317,-0.000486108,-1.48844,-0.112595,5.06575,0.97964,1.99657,0.298187,-0.480903,-0.0270271,-1.77603,0.589035,-239.12,-964.776,-27.328,-7000,-10920,-1120
4.94052,3.56146,0.314843,2.85865,1.85301,1.45474,0.71726,1.72973,5.05014,0.248412,-1.53302,0.588304,0.114208,0.974614,3.7141,2.57112,-238.632,-968.68,-26.84,-6720,-11060,-1120
8.47461,7.68519,1.69806,6.11444,4.14259,2.56616,4.30309,1.29618,8.9795,4.86454,5.50335,2.42086,1.79826,2.5376,9.30502,3.69972,-240.096,-966.24,-28.792,-6720,-10920,-1260
9.68916,10.079,5.64982,9.7477,8.49046,6.90171,7.91272,2.31416,9.62662,1.86286,0.99502,6.75221,5.47365,6.90604,11.2158,4.68978,-244.488,-965.264,-29.28,-7140,-10920,-1400
1.21967,1.20569,3.41517,3.87218,4.13085,4.95305,4.20411,3.91055,1.0468,0.576765,0.478909,3.07507,3.20213,4.28977,5.73731,3.25465,-241.56,-965.264,-31.232,-7560,-11340,-1400
-0.555616,-3.86195,-0.55281,-4.12817,-3.16717,-1.02604,-1.36325,3.58887,-0.41255,0.683966,2.6274,-1.16226,-0.432974,-1.55611,-3.37467,-1.43666,-241.072,-964.776,-30.744,-7980,-11620,-1400
-2.10889,-3.55852,-2.36434,-5.19617,-5.06908,-3.66684,-2.88678,1.51904,-1.92972,-2.38024,-2.91723,-3.17929,-2.50335,-3.64503,-5.12695,-3.98858,-241.072,-963.8,-26.352,-8120,-11900,-1540
-4.34617,-3.96596,-1.79694,-2.98738,-2.63003,-2.45796,0.0576142,2.46897,-4.88173,1.26273,3.15651,-2.17088,-1.7786,-2.03897,-0.695098,-1.11739,-241.56,-963.8,-29.28,-8260,-12180,-1680
-5.06281,-5.46536,-1.26598,-3.19904,-1.59808,-2.04076,0.177849,1.94591,-5.54457,-2.56899,-2.98603,-1.37122,-0.980434,-1.29972,-1.90408,0.708091,-243.024,-964.288,-28.792,-8680,-12180,-1820
-1.48753,1.68255,0.81023,-0.0380114,0.706004,0.0188817,-2.00204,-0.564157,-1.24261,0.041257,-1.10754,1.51245,1.36695,0.0298918,-5.8931,-1.28447,-242.048,-965.264,-30.744,-8680,-12180,-1820
-8.25084,-3.77797,0.201829,-0.01697,0.64815,0.834698,-1.11453,0.201605,-9.13143,-1.32538,0.418054,-0.1539,0.195247,0.351554,-5.76604,-1.74866,-239.608,-967.704,-27.816,-8680,-12320,-1960
-13.8546,-7.36732,-1.46338,1.21545,1.8901,1.72094,3.81364,2.26286,-14.4484,-4.93641,-5.88656,-1.71305,-1.38426,1.69003,-0.150498,2.26951,-239.608,-967.704,-28.792,-8540,-12460,-2100
-5.2751,-3.94378,-0.351924,-2.20603,-1.82271,-0.982548,-1.27834,-0.858692,-5.59251,3.54834,4.19372,-0.69423,-0.703069,-1.29091,-4.98401,-0.511291,-240.584,-966.24,-29.28,-8400,-12180,-1960
7.9944,6.59981,4.24853,-1.78339,-1.26778,-0.274857,-5.18475,-2.17503,8.13014,4.20941,3.27263,4.2475,3.59903,-0.991043,-11.124,-2.95788,-240.096,-963.8,-28.792,-8120,-12320,-2100
3.13427,3.40584,3.66813,0.47954,0.862441,1.26989,-1.15559,-0.832173,3.01357,3.07182,2.29721,3.31578,3.72165,1.3084,-5.62819,0.367672,-241.56,-965.264,-30.256,-8120,-12040,-2100
-5.81554,-7.97689,-1.95226,-0.269149,-0.124445,-0.858297,2.36642,-0.855768,-5.873,-0.931309,0.674517,-2.29596,-1.36354,-0.187147,6.5786,2.01463,-243.512,-962.336,-31.72,-7700,-11620,-2240
8.68091,5.22432,1.09842,3.94306,2.8454,1.40537,4.02726,-0.86654,9.68562,0.913556,-1.11339,1.9499,0.709671,1.74383,9.90443,2.16276,-243.024,-966.24,-31.72,-7280,-11620,-2100
8.19043,4.3188,1.02352,1.46866,0.513106,0.0675126,1.64965,-1.6099,8.56911,4.36505,5.5421,1.12742,0.458318,0.940318,3.79342,0.664434,-239.12,-966.24,-31.72,-7140,-11200,-2100
3.94338,-0.941811,-0.137783,-2.60597,-2.59609,-1.67206,-2.66753,-3.33223,3.79984,-1.57543,-1.75063,-0.749724,0.130315,-1.27549,-2.23969,-2.32715,-240.096,-963.312,-30.744,-6720,-10640,-1960
-4.19982,-8.45858,-5.25686,-10.5401,-10.6114,-7.06667,-16.5794,-1.60416,-4.81209,-3.24772,-3.0077,-6.47614,-4.50326,-7.57865,-5.3959,-7.97945,-239.12,-964.776,-31.72,-6580,-10360,-1960
-10.3768,-14.8063,-10.3513,-15.1767,-14.962,-11.9878,-19.5734,0.131905,-10.4534,-6.52064,-4.38596,-11.4473,-9.95376,-12.7652,-9.93931,-14.0103,-241.56,-964.288,-34.16,-6020,-9940,-1820
-5.93329,-9.02915,-8.07017,-10.7005,-9.68398,-10.9548,-6.69053,-8.30149,-5.58078,-7.36188,-8.23122,-8.70738,-8.44919,-9.97089,-13.1632,-7.72537,-239.608,-963.8,-33.184,-5460,-9520,-1820
-1.88893,-1.14459,-2.68567,0.64008,0.881327,-1.14524,3.52502,-7.76749,-2.04584,0.143601,1.48793,-1.91524,-2.39426,-0.0239026,-0.945582,5.64935,-236.192,-965.752,-33.184,-5180,-9520,-1540
-0.720409,4.92674,2.07055,9.03607,8.60961,7.59842,8.89725,3.17307,-1.42058,-0.742286,-1.26196,2.71502,1.97328,7.4265,9.12802,9.58034,-240.584,-964.776,-31.232,-4900,-9800,-1680
-4.80084,0.447046,1.8819,6.73998,7.08949,7.05764,8.41591,5.73664,-5.15638,0.396195,-0.476955,2.15514,1.79425,6.84592,8.85133,7.39785,-240.584,-963.8,-30.256,-4620,-9520,-1400
1.182,1.05479,0.120134,1.43806,1.3197,1.86707,2.35733,1.65512,1.72018,1.25819,1.74617,0.783754,0.316401,1.41983,2.25892,1.27408,-239.608,-962.824,-31.232,-4760,-9520,-1260
5.73565,5.79594,0.44894,1.95258,1.36697,1.08062,1.22317,-0.34526,6.71492,-1.4853,-3.30938,1.63836,0.410222,1.01633,2.48828,-1.25311,-236.68,-963.8,-32.696,-4900,-9660,-1120
4.65773,4.51891,1.48151,0.994538,0.63868,0.836505,1.82763,-0.0965836,4.83653,1.61479,2.37631,2.19548,1.26224,0.871109,-0.85514,-1.12572,-237.168,-965.264,-31.232,-4900,-9660,-980
6.71611,8.96049,6.31138,5.72216,5.37897,4.08176,4.64368,0.286347,6.28416,0.655333,-0.477153,6.46134,5.85396,4.15292,1.87217,1.50553,-240.584,-964.776,-29.768,-5180,-10080,-1120
4.91363,7.0502,6.30561,7.3099,7.18071,5.78633,6.44296,3.01258,4.40961,4.2865,3.10925,6.191,5.99591,5.26235,7.57112,3.5847,-238.632,-968.68,-30.256,-4900,-9940,-1120
3.59856,6.69943,3.77481,7.27888,5.79801,4.5619,6.2745,4.66215,3.63092,3.43122,4.50509,3.63108,3.41643,4.4763,9.00649,4.23838,-237.656,-966.728,-32.208,-4900,-9800,-1120
-2.97963,3.20926,3.10643,8.00422,7.17696,6.02823,7.99003,4.21493,-3.03218,-1.21922,-2.45704,2.73586,2.77073,5.67818,10.3104,6.45643,-235.704,-968.68,-27.816,-4620,-9660,-1400
-3.89908,-1.53088,1.3156,2.45871,2.63859,1.88603,4.0278,2.50454,-3.738,3.23702,4.77853,0.992502,1.41613,2.05124,5.258,3.69984,-237.656,-970.144,-30.256,-4340,-9800,-1540
3.23339,2.86301,2.72121,1.74148,1.82233,1.37252,2.05914,1.32524,3.69247,1.90828,1.58321,3.00616,2.8061,1.57427,2.88785,1.7341,-238.144,-967.704,-29.768,-4060,-9520,-1820
7.26641,5.66637,3.72015,1.5075,1.68988,1.81169,2.57492,3.63586,7.59172,3.88016,2.86021,4.18082,3.89206,2.01886,0.153784,2.57214,-237.168,-969.168,-28.792,-3640,-9660,-2100
11.2269,7.23137,3.21171,0.182084,0.219348,0.237246,-1.06576,1.4191,12.6427,4.73138,4.84021,3.60343,3.31162,0.0681447,-4.7491,-0.524387,-239.12,-969.168,-30.256,-3220,-9100,-2240
10.0786,5.98445,1.78448,-0.703339,-0.914032,-1.28322,-1.91139,-1.16927,10.963,1.37223,-1.12123,1.95136,1.7238,-1.618,-4.27134,-2.51949,-237.656,-967.704,-27.328,-2380,-8960,-2520
9.55401,6.56186,2.20064,0.790193,0.504586,-0.0333922,-0.785771,-0.177704,9.89014,5.58812,5.9559,3.01143,2.76886,0.439689,-1.94273,0.342562,-240.584,-968.192,-31.232,-2100,-8680,-2660
4.59463,0.741139,1.03317,-0.930867,-0.180481,0.250343,-1.44543,-0.219789,4.50791,1.47622,1.20933,1.51917,2.05513,0.333884,-3.06621,1.13284,-235.704,-967.216,-31.232,-1540,-8540,-2520
0.900192,1.89055,1.26303,5.0135,4.63898,3.76852,5.14704,3.26122,0.597582,2.22721,2.39548,1.3681,1.04082,4.06985,7.54055,3.87449,-237.168,-964.288,-30.256,-1260,-7980,-2800
-1.68439,3.23536,1.18568,6.63814,5.77655,5.19019,5.59502,2.4116,-2.33051,0.418577,2.56383,0.937015,0.661521,5.30835,10.2115,3.46033,-238.632,-963.312,-32.696,-1260,-7700,-2800
-8.61007,-4.61704,-0.195136,1.13281,1.11171,2.28533,0.20307,-1.97657,-9.60192,-5.47056,-6.13911,-1.35532,-0.209008,1.79473,4.28494,-1.58188,-238.144,-965.752,-29.28,-980,-7280,-2660
-7.03796,-6.78076,-1.65919,-3.19426,-2.25018,-0.707853,-3.3775,-3.84426,-7.36087,-1.14148,0.924571,-2.31463,-1.34973,-1.1347,-2.06131,-5.10811,-240.584,-966.728,-29.768,-980,-7000,-2660
-7.20404,-7.10962,-3.73014,-4.21844,-3.81963,-2.75786,-3.56575,-3.80991,-8.12768,-6.09128,-5.92252,-4.02577,-3.49669,-2.78993,-3.042,-4.53549,-240.096,-966.728,-28.792,-1120,-6720,-2240
-15.1987,-13.7527,-6.83366,-8.41115,-7.55116,-5.68919,-6.44056,-5.87041,-16.0911,-7.08427,-7.20717,-7.3576,-6.99924,-5.82292,-9.01137,-6.0318,-237.656,-966.728,-31.232,-1260,-6720,-2240
-15.5677,-20.4539,-11.725,-19.5276,-17.3643,-13.7891,-16.4458,-8.65148,-15.9415,-9.13335,-6.44547,-12.1514,-11.4813,-14.053,-23.3369,-10.5115,-237.168,-969.168,-28.304,-1400,-7000,-2100
-16.6863,-18.9592,-12.1674,-16.6695,-15.328,-13.2207,-15.0191,-4.67991,-17.2856,-11.2829,-11.7832,-12.8258,-12.2314,-13.804,-17.3947,-8.77619,-237.168,-969.656,-30.744,-1540,-6440,-2100
-16.9441,-18.9081,-11.7443,-15.8792,-14.6733,-12.9329,-14.3934,-3.30463,-16.9767,-6.21,-4.78968,-12.5328,-11.7329,-13.1106,-16.377,-9.51281,-240.096,-967.704,-30.256,-1540,-6300,-2100
-13.0454,-16.7316,-9.86797,-15.749,-14.7935,-13.0566,-15.6969,-4.18629,-12.8842,-7.17717,-7.44502,-11.0771,-9.94738,-13.2987,-19.7891,-10.0956,-239.608,-965.264,-28.792,-1260,-6300,-1960
-10.7174,-11.4923,-8.78202,-11.8865,-11.7185,-10.5208,-11.9326,-3.9898,-10.6852,-3.80115,-4.22729,-9.73684,-8.63585,-10.7718,-16.3644,-8.54051,-242.048,-961.848,-26.352,-700,-6160,-1820
-6.69778,-8.69886,-6.84446,-9.00262,-9.04385,-7.61509,-6.68912,-2.05099,-6.5227,-1.70317,0.385054,-7.71559,-6.66936,-8.05778,-9.57759,-6.1023,-240.096,-968.192,-28.792,-280,-6300,-1960
-4.94397,-5.58609,-3.31497,-3.28477,-3.38966,-3.11584,-0.647477,1.17138,-5.16829,-2.73777,-3.39761,-3.59103,-3.58695,-3.38399,0.277434,-1.16765,-238.632,-969.656,-29.28,-700,-6300,-1960
-0.206048,-0.397281,-1.17827,0.248469,0.184538,-0.62723,2.05093,1.94334,-0.223014,3.05018,4.28792,-0.631638,-1.37852,-0.403191,2.58163,1.79067,-239.12,-969.168,-26.84,-700,-6020,-1960
6.94107,8.47566,4.58129,9.23742,8.53418,5.63815,9.16518,2.78402,7.5281,3.22665,2.4121,5.62138,4.84228,6.73355,10.8845,5.42433,-238.144,-972.584,-28.792,-840,-6020,-1960
17.8709,19.7653,10.5806,16.7494,14.7457,11.5315,13.4656,3.20799,18.8763,8.62699,7.14497,11.8718,10.163,12.2897,16.9725,7.93141,-238.144,-973.072,-28.792,-1260,-6020,-1960
18.8913,20.3178,11.0955,15.2839,13.3908,10.9228,10.7304,4.27336,19.6049,8.76266,9.75079,11.4019,10.1125,10.9124,15.4083,8.16977,-238.632,-972.584,-31.232,-980,-6160,-1960
19.152,21.5776,11.9557,15.8088,14.58,11.9696,11.5685,4.9858,19.1951,7.59366,4.94726,12.8614,11.3951,11.9948,15.1638,9.89771,-241.072,-971.12,-31.232,-700,-5880,-1820
22.4269,26.931,13.9446,18.9895,17.6944,14.7834,14.9493,5.93988,22.5449,13.3148,12.8834,15.4265,13.9519,15.1622,18.2317,12.3214,-239.12,-969.656,-28.304,-560,-6020,-1540
17.9642,20.086,12.5425,17.7633,16.8323,13.9863,16.1388,7.81361,18.0863,7.95158,6.45323,13.6293,12.943,14.7954,20.3216,14.0841,-242.048,-975.512,-26.84,-560,-5740,-1680
22.3346,20.5209,12.8631,16.8209,15.943,13.0961,15.4099,7.12579,22.9396,11.1621,8.48164,14.2272,13.2776,13.8746,19.9972,13.9868,-243.024,-968.68,-27.816,-560,-5740,-1680
21.3695,19.7279,10.5846,13.3632,12.4602,10.5678,11.6233,4.18903,22.2636,8.91821,8.68939,11.9918,10.7381,11.1889,14.7394,11.1641,-239.12,-970.144,-28.792,-560,-5180,-1540
12.3174,13.1715,8.4283,10.5105,9.98821,9.48746,11.263,4.1413,12.4742,3.88646,1.26523,8.68876,7.86565,9.44818,12.4271,8.89275,-243.512,-967.216,-28.792,-280,-5180,-1540
-2.33936,0.393107,4.20594,6.01844,5.87909,6.54293,9.11574,4.29115,-2.73058,2.83875,3.55093,3.63269,4.02547,6.61037,10.2756,6.62065,-240.584,-963.8,-26.352,-420,-5180,-1540
-6.99529,-5.38043,2.54036,-0.251277,1.09692,2.521,1.79184,-0.200035,-7.16595,-3.65754,-4.14429,2.45629,2.67837,2.55231,0.0998347,0.448562,-242.536,-963.8,-29.28,0,-5180,-1680
-3.11227,-1.12536,1.91306,-1.21993,-1.04706,-0.0726602,-2.174,-3.21342,-3.09515,-1.17772,-1.72626,2.27005,2.15717,0.0445338,-3.43911,-4.97369,-241.56,-966.728,-25.376,140,-5320,-1820
-9.04667,-8.47944,-4.32058,-7.04166,-7.0883,-5.37607,-6.7329,-4.02984,-9.06657,-4.63962,-3.1104,-5.0677,-4.17843,-5.25234,-7.13276,-7.76484,-241.56,-970.632,-29.28,420,-5040,-1960
-9.77155,-10.0625,-5.62165,-8.60739,-7.84646,-6.35275,-7.53688,-4.04752,-10.0345,-8.30908,-9.6435,-6.37016,-5.21897,-6.38774,-9.19211,-7.6391,-239.12,-968.68,-27.816,560,-4760,-1960
-14.4879,-16.3785,-9.93381,-13.3359,-11.8744,-9.45356,-11.2049,-4.90526,-15.1683,-6.12747,-3.78407,-10.6766,-9.65594,-10.6261,-14.1568,-9.08762,-239.608,-971.12,-26.84,560,-4200,-2240
-20.363,-21.0923,-13.0155,-16.3738,-15.035,-12.7329,-14.6857,-4.82375,-20.5305,-12.4881,-11.3111,-13.7746,-13.1495,-13.6087,-16.5267,-10.6241,-237.168,-973.56,-29.28,140,-4480,-2380
-13.9635,-15.4778,-11.9457,-12.0795,-11.5506,-10.7246,-10.0411,-3.62028,-13.91,-9.23344,-8.7244,-12.2386,-12.3309,-11.1195,-12.7439,-8.65965,-240.584,-970.632,-26.84,280,-4760,-2380
-11.6073,-11.6547,-11.8675,-11.1623,-10.7404,-9.74575,-9.11108,-3.05766,-11.7048,-8.20569,-5.7032,-12.3332,-11.8522,-10.182,-11.5166,-7.44558,-238.144,-970.632,-24.4,840,-5460,-2380
-11.389,-11.2875,-9.9395,-9.17633,-8.94472,-8.17652,-7.80473,-1.3971,-11.9136,-7.32647,-7.39479,-10.4149,-9.07129,-8.08474,-10.6282,-4.99561,-237.656,-970.632,-26.84,1260,-5740,-2660
-7.46671,-10.3475,-5.97156,-7.89724,-6.72224,-6.42576,-6.21354,-2.03391,-7.99211,0.113276,2.20724,-6.86363,-5.36975,-6.60664,-10.6662,-4.14508,-237.168,-972.584,-28.304,1400,-6160,-2520
-5.78254,-6.99076,-4.47634,-6.43206,-5.86467,-5.1839,-7.38988,-2.9953,-5.98975,-3.08119,-1.99191,-4.80689,-4.17883,-5.8155,-13.2336,-4.73016,-237.656,-972.096,-27.328,1400,-6440,-2520
-6.78016,-9.24125,-5.17224,-8.10589,-7.2757,-6.03971,-9.68513,-3.18609,-7.26862,-1.54594,-1.26317,-5.84149,-5.57025,-6.5963,-13.6156,-6.01723,-236.68,-972.096,-23.424,1400,-6300,-2520
-7.01674,-9.04811,-4.27965,-9.18649,-8.82401,-7.60772,-11.174,-3.97911,-7.27891,0.128242,1.65176,-5.4696,-4.48825,-7.76978,-10.2107,-7.50274,-236.192,-968.68,-26.84,1260,-7000,-2380
-0.108784,-1.65419,0.551464,-2.50117,-3.15811,-2.89804,-4.22302,-0.694957,0.215391,1.12987,-1.13924,-0.384158,0.417293,-2.89273,-0.737761,-2.6766,-237.656,-970.144,-20.984,1400,-7140,-2240
4.72688,2.81012,3.77429,0.736826,0.93372,0.987987,-0.0356585,1.4898,5.00978,6.15007,6.46066,3.72479,3.48005,0.906493,1.04195,1.48477,-238.144,-965.264,-22.936,1540,-7280,-2100
5.74743,4.64432,5.32148,4.47196,4.87944,4.14385,3.69869,1.74052,5.14285,1.98053,1.14427,5.63219,4.96777,4.24445,5.12574,3.34208,-237.168,-969.168,-24.4,1540,-7280,-2100
9.70733,9.08733,7.55013,9.68015,9.23029,7.65216,8.25523,4.05872,9.63571,6.11272,5.09247,8.74222,7.58966,8.21858,13.8575,7.4077,-236.68,-970.144,-23.424,1400,-7280,-2100
11.5204,10.9473,5.222,8.64909,7.98953,7.54854,10.1961,4.35905,11.902,5.98354,6.78989,6.60341,5.41365,7.49216,13.5195,8.04353,-238.144,-969.168,-24.4,1540,-7420,-1820
7.61913,6.92769,3.2711,4.65211,3.92945,4.08062,7.03007,2.42303,8.33002,0.358148,-2.15395,3.64366,3.19027,4.19722,9.33656,6.02481,-231.312,-967.216,-21.472,1400,-7420,-1820
7.03663,7.31167,4.15099,4.95102,4.17314,3.67929,5.91608,3.07171,7.28399,6.18601,7.52556,4.19779,4.27929,4.08912,7.90522,5.16018,-242.536,-953.064,-18.544,2100,-7280,-1540
5.84329,10.1679,3.82532,7.91479,6.70714,4.70755,7.10923,0.6642,5.61213,0.674252,0.247826,3.99979,3.66847,5.21368,8.56874,5.4605,-237.168,-952.088,-26.84,3500,-7560,-1680
5.13465,11.6632,2.99795,5.68213,4.78952,2.01073,5.3131,-10.0649,5.56122,0.990097,-0.124107,3.70914,2.79514,2.64731,-0.871453,-1.35259,-239.12,-959.408,-24.4,3360,-7560,-1540
7.29356,13.4279,5.61423,6.78169,6.27905,4.98908,4.51584,-4.95432,7.89782,3.56384,4.90154,6.3084,5.45981,5.42061,-0.655532,-2.08656,-236.68,-961.36,-24.4,3640,-7000,-2100
3.73146,8.47363,6.09203,9.54469,8.65012,8.74104,5.69868,7.89799,4.22953,1.29037,-0.687437,6.77347,6.44939,8.58973,10.6442,8.99014,-233.752,-962.336,-22.448,3080,-6720,-2240
-1.09875,-1.19469,1.94602,4.69643,5.01421,5.7774,6.75283,7.33657,-1.44424,2.90556,3.3857,1.63541,1.56211,5.3588,8.36764,6.69157,-232.776,-961.36,-24.4,3080,-6720,-2240
0.862642,-2.68437,-1.15499,0.572074,0.62359,0.840341,2.20212,2.69535,1.17401,-1.07837,-1.95402,-1.23535,-1.5845,0.944699,2.14085,0.167322,-236.192,-963.312,-28.792,4340,-7280,-2520
2.46178,0.348486,-1.21463,1.40695,0.648687,-0.359738,0.601018,1.00784,2.99348,0.219866,-0.562351,-0.856773,-1.38652,0.298372,2.93901,0.0604928,-230.824,-975.024,-24.888,4620,-7420,-2520
-2.49358,-4.24889,-3.19257,-4.13579,-3.81605,-3.1861,-4.10601,1.05035,-2.37453,-2.00005,-0.0893272,-3.62801,-3.26631,-2.91342,-4.64728,-2.06489,-236.192,-976,-25.864,4900,-7000,-2800
-8.8342,-9.90827,-5.00978,-6.52103,-6.14696,-5.18999,-4.37009,0.264444,-9.4104,-7.10408,-8.27514,-5.34763,-4.73526,-5.61491,-5.58216,-3.11095,-235.216,-976.976,-23.912,4200,-6440,-2520
-7.87285,-9.77487,-4.11208,-5.47008,-4.82202,-4.64873,-3.33033,0.460653,-8.45246,-2.19195,-0.510132,-4.19506,-4.16462,-4.66135,-3.86538,-2.41607,-234.728,-976.976,-23.912,3920,-6020,-2380
0.76938,-0.340903,0.0943958,-0.295491,0.268922,-0.309701,0.760816,2.32348,0.358773,-1.76534,-2.66298,-0.111525,0.057147,-0.283684,1.56075,1.87705,-240.584,-976,-23.912,3080,-5460,-2240
1.26067,0.568713,1.70776,-0.605555,-0.280615,-0.731979,-1.50286,-1.7629,0.610158,1.38429,0.465568,1.77415,2.00638,-0.936543,-0.616965,-1.51043,-244,-975.512,-25.376,2800,-5320,-1960
-2.21514,-2.16237,-0.428103,-2.81638,-2.43736,-2.66334,-5.08932,-4.57055,-2.49847,0.945568,2.73025,-0.534058,-0.0612846,-2.72119,-3.51915,-6.43547,-242.048,-972.584,-27.816,2520,-5320,-1680
-7.41776,-3.17236,-2.44183,-1.72605,-1.63347,-1.68552,-3.49649,-3.57317,-7.64648,-5.42458,-6.43784,-2.93543,-2.31999,-1.83884,-3.2043,-5.75879,-240.096,-973.072,-26.352,2100,-5460,-1400
-5.11949,-6.31193,-3.96578,-6.18097,-4.99085,-3.99556,-5.74583,-4.90938,-5.13684,-0.609613,0.994085,-4.31052,-4.04691,-4.40526,-7.47058,-5.73565,-241.56,-970.144,-24.888,1540,-5460,-1540
1.96212,-1.30225,-0.992356,-3.10823,-2.43384,-1.4353,-3.86746,-2.36907,2.40878,-0.777288,-1.3004,-0.875803,-1.02056,-1.68916,-4.05536,-2.63614,-241.072,-973.56,-22.448,700,-6300,-1400
2.42781,2.2113,1.80003,2.13115,2.13408,2.35337,1.3436,1.09689,3.23609,0.779336,-0.39778,2.19746,2.13636,2.36938,1.27683,1.18878,-240.584,-976,-23.424,140,-7140,-1680
2.05212,4.35294,2.72876,3.96011,3.38311,3.76046,3.04138,1.44611,2.50618,0.23165,0.715224,3.14624,2.8043,3.96362,3.74805,2.09868,-241.56,-976.976,-16.592,-280,-8260,-1820
5.57891,7.01162,3.15828,3.55313,2.6997,3.25034,0.699069,0.978574,6.28297,0.337651,-1.76162,3.49857,3.29813,3.21844,3.1346,1.06437,-237.168,-976.976,-18.544,0,-9100,-2100
5.71007,4.24032,0.51273,1.3827,0.905524,0.931693,1.78966,3.24647,6.04954,5.05304,5.7422,0.705617,0.482682,0.553648,4.83624,3.13502,-235.704,-979.416,-15.128,-140,-9660,-2240
3.16787,1.88919,0.0866974,-0.285335,-0.38059,-0.229959,1.73158,2.30663,3.3916,-0.533371,-0.414667,0.105706,0.19436,-0.740429,-0.341029,3.61111,-237.168,-977.952,-11.712,280,-10220,-2520
0.681376,-0.90525,1.91559,-0.505659,-0.204273,0.0855231,0.958685,2.01097,0.405648,1.59973,1.56229,1.47179,1.65255,0.230345,-3.19841,3.68181,-236.192,-975.512,-14.152,420,-10640,-2660
-3.0726,-2.46499,0.170129,-1.77055,-1.61685,-1.24704,-2.11723,-1.26016,-3.77813,1.48559,3.52146,-0.390135,0.0257089,-0.801249,-5.68462,0.911055,-237.656,-975.024,-9.76,560,-10780,-2660
-3.00965,-2.03687,-1.02072,-1.3383,-1.3793,-1.21603,-0.81899,0.35668,-3.27297,-1.44069,-2.20667,-1.09538,-0.754486,-0.853759,-1.39637,0.420845,-236.192,-976.488,-12.688,1120,-10920,-2660
1.44861,3.28022,-0.247096,1.74027,1.29253,0.764501,0.895841,1.28063,1.3246,1.57622,2.83631,0.450662,-0.367115,0.908017,2.55251,1.71748,-232.776,-972.584,-10.736,1260,-10920,-2380
0.908648,0.648903,-0.399773,-0.390813,-0.0257256,0.328418,0.699096,2.36536,0.337983,-1.70756,-1.96039,-0.532192,-0.85957,0.0549017,-2.08309,2.89301,-234.728,-971.608,-15.128,1260,-10640,-2520
-7.20367,-5.7722,-2.40483,-0.788429,-0.997493,-1.78774,2.33306,-0.956971,-8.39057,-2.08623,-2.47255,-2.68208,-2.60041,-1.43462,-1.99877,2.15348,-233.752,-969.656,-16.104,1400,-10360,-2380
-14.6716,-12.1006,-5.89224,-2.73446,-2.80842,-3.94248,1.99114,-10.9988,-16.2384,-4.33574,-1.79652,-6.72935,-5.68352,-3.86115,-1.29417,-6.50308,-234.728,-970.632,-15.128,1400,-9940,-2100
-6.62302,-11.0771,-4.59549,-6.31259,-6.08736,-4.00204,-4.13107,-1.14247,-6.87021,-1.31315,-1.80158,-5.42014,-4.28722,-4.31987,-2.1735,-6.29255,-233.264,-972.584,-16.104,980,-9520,-1960
9.85851,4.24638,-0.894003,-2.33833,-2.82942,-1.94445,-4.64899,4.29407,11.3442,6.58214,7.5613,-0.15449,-0.892424,-2.09353,-0.578271,0.562505,-232.776,-971.12,-15.616,1120,-9800,-1820
5.68662,3.30656,-0.341976,0.278703,0.195476,-0.125597,1.46991,2.67223,6.05603,0.378623,-0.334641,-0.272401,-0.512705,-0.00871172,0.716876,2.19399,-232.776,-971.12,-19.52,560,-9800,-1680
1.97963,0.443855,1.30509,1.09371,1.40698,1.18453,2.37761,0.952132,1.98476,2.62955,0.738438,0.861003,1.03087,1.26746,1.42951,-0.154097,-230.336,-970.632,-25.864,-140,-10080,-1680
1.77058,-0.515952,0.776989,-0.979242,-0.495696,-1.20972,-0.574515,-1.12351,2.04379,2.80104,3.46932,0.737556,0.744567,-0.912789,0.0628136,-2.42372,-227.896,-971.12,-22.936,-700,-10640,-1680
3.57229,6.07631,3.19407,4.71397,4.45427,2.90885,2.71735,-0.305917,4.13724,-1.2396,-3.17007,3.93662,3.74234,3.37222,4.05004,0.498227,-230.336,-974.536,-25.864,-1120,-11340,-1680
-0.0575976,4.58476,3.17951,5.83344,5.94589,4.56064,3.54354,-1.73047,0.364704,-0.973687,-0.0683337,3.29411,3.07399,4.52433,6.37965,1.86254,-229.36,-973.56,-26.352,-1260,-11900,-1680
0.915864,2.72058,3.59296,3.04177,3.33309,2.68277,-1.12347,-2.26084,1.37065,-4.37487,-5.37514,3.64706,3.54702,2.451,2.51751,-0.539345,-226.92,-969.168,-26.352,-1260,-12880,-1960
5.00778,8.04934,4.68662,5.32908,4.95542,4.12457,-0.0285508,-0.865931,5.84248,0.796095,-0.626903,5.37355,4.53829,3.73366,2.93489,0.33616,-229.36,-970.144,-24.888,-1260,-13440,-1820
-1.77827,2.98004,1.99964,3.67891,3.12066,3.36352,1.40174,0.40865,-1.71812,0.143616,1.63591,1.80685,1.96436,2.88812,3.57573,1.2093,-227.408,-967.216,-23.912,-420,-14000,-1680
-4.26267,-0.281291,0.850405,2.01534,2.00188,2.42546,1.78446,2.04362,-4.29031,-2.83891,-4.76907,0.681713,0.700375,2.3801,3.81116,1.77832,-232.776,-967.704,-23.424,-840,-13860,-1400
-1.15627,3.27635,-1.6591,1.88515,1.62016,0.777573,0.790175,1.12066,-0.51433,-0.459606,0.583041,-1.06469,-1.63214,1.38132,0.421023,1.98533,-231.8,-967.216,-25.376,-980,-13580,-1120
1.3862,2.29639,-1.46507,-2.40593,-2.32007,-1.12129,-4.77357,-0.253434,1.28377,-3.18382,-3.16735,-1.4811,-1.71427,-1.45612,-7.38597,-0.785958,-234.728,-956.968,-22.936,-1260,-13020,-700
-2.1192,-6.10784,-2.01137,-7.98802,-6.97801,-4.96863,-6.78466,-1.04814,-2.60763,0.210496,0.31744,-2.2155,-2.24453,-5.51637,-10.4195,-4.26457,-244,-943.304,-20.984,-1120,-12740,0
-4.78522,-9.71366,-3.16949,-8.48723,-7.34252,-6.28678,-3.79203,-0.938336,-5.31748,1.09492,3.23072,-3.66137,-2.861,-6.38885,-6.67353,-3.15489,-240.096,-955.992,-23.912,-420,-11060,840
-1.54427,-3.76703,-0.199963,-2.565,-1.75653,-1.64111,2.82389,2.93091,-2.47367,-0.207519,-0.982039,-0.155234,0.066577,-1.55584,-0.413217,1.17937,-244,-953.064,-18.544,-420,-9240,1260
2.28665,0.417115,2.06183,1.04835,1.40698,1.29028,5.63654,3.49201,1.73501,5.22727,6.67226,1.81026,1.98702,1.64714,2.99421,3.20937,-244.488,-952.576,-17.568,-840,-7420,1540
0.197508,-2.88756,1.15431,-0.546339,0.270046,0.513864,3.95318,1.69137,-0.570771,0.807267,0.596071,0.46253,1.18749,0.866025,-0.358585,2.1932,-250.832,-948.672,-17.08,-700,-5880,1820
1.678,-0.949095,-1.50566,-1.43847,-2.84214,-1.56951,-4.80198,-0.303613,1.9268,1.27522,0.154838,-1.10276,-1.0565,-1.92434,-1.82568,-3.9495,-250.832,-959.896,-19.032,-1120,-4760,1820
2.13217,-1.04694,-4.41149,-5.94836,-8.28955,-5.88576,-16.2496,3.52587,3.34185,0.21134,1.27954,-4.24985,-4.47411,-7.21494,-1.81847,-11.7837,-254.736,-965.752,-18.056,-1260,-3360,1820
-0.0549381,0.00157149,-3.63461,-1.59075,-2.6456,-4.40639,-2.63984,-1.07838,0.20786,-4.25659,-5.3506,-3.11011,-3.52071,-4.16444,-0.0709592,-8.99815,-253.76,-964.288,-20.008,-1400,-2660,1540
-2.89121,-1.88159,-2.76546,2.41165,2.60925,-0.664784,7.9112,-10.724,-3.33571,-0.671323,0.43764,-2.75403,-2.80186,0.345907,3.18385,2.81291,-253.272,-962.824,-22.936,-1400,-2240,1400
5.14502,4.73164,0.729526,5.07811,5.10698,3.94676,6.75185,-3.59337,5.22913,0.708178,-0.0735645,1.17925,0.506686,4.68706,4.38099,7.27519,-251.808,-962.824,-20.496,-1400,-2800,840
4.41064,5.48645,2.72006,6.90484,5.89852,5.95802,6.28947,3.69855,4.74208,2.95093,1.70503,2.87325,2.45527,6.41989,5.7314,6.48911,-254.736,-960.384,-20.984,-1120,-3220,560
-1.93707,-1.93649,0.572083,3.02278,3.02386,3.296,4.27358,2.81969,-1.91573,0.449213,2.41659,-0.0131749,0.825447,3.1887,4.23156,5.59176,-251.808,-965.752,-20.496,-1400,-4060,140
-0.426867,-0.295782,0.163126,0.491951,0.647647,0.934195,0.51385,-1.45283,-0.63771,-2.49626,-3.7205,-0.196219,-0.142562,0.899551,-1.12677,2.18513,-249.368,-967.704,-23.424,-980,-4340,-560
-2.56368,-2.07878,-0.958804,-3.37786,-2.51943,-1.67368,-4.19471,-1.93126,-2.88097,0.294844,1.34921,-1.03115,-0.989888,-1.96048,-6.63029,-1.11744,-246.44,-968.192,-28.304,-1400,-4620,-1260
0.23693,1.12479,-0.113592,-2.50279,-1.95024,-1.99421,-3.317,-1.07041,0.317145,-2.0011,-2.7672,0.463413,0.267097,-2.08801,-6.34711,-1.14317,-244.488,-970.632,-29.768,-2380,-4900,-1960
2.10001,6.09745,2.26017,2.2276,2.22614,1.21688,0.116355,0.75716,2.02821,0.825779,-0.397011,2.55449,2.2961,1.28304,0.0880175,1.89974,-244,-975.024,-27.816,-3080,-5460,-2520
-4.9291,-0.809745,0.485846,1.14714,1.47147,1.04411,2.0281,3.98717,-5.42307,0.580841,2.32451,-0.0979637,0.760871,1.47822,5.28136,3.21842,-245.464,-974.048,-31.232,-2660,-6160,-3080
0.128413,2.67199,3.03632,4.76399,4.18236,3.51256,4.83304,4.87001,0.133819,-1.0666,-2.49591,2.85754,2.7764,3.87447,8.98052,3.7817,-240.584,-972.584,-33.184,-1960,-6720,-3360
3.25656,2.98665,2.42388,2.1711,2.29684,3.15326,2.60172,3.92942,3.2512,3.50264,4.82855,2.27828,2.17722,2.80215,3.20363,2.51503,-238.632,-970.632,-33.672,-1120,-7000,-3780
-4.35352,-4.50772,0.193979,-2.63717,-1.69545,0.0493962,-0.544654,0.869148,-4.84984,-1.96041,-2.1286,-0.626005,0.0731101,-0.592615,-3.03329,-0.776822,-239.12,-967.704,-36.112,-980,-7140,-4060
-5.19169,-3.96079,1.79469,-1.64314,-0.659084,0.0780188,-1.17966,-1.56592,-5.43167,0.014808,-0.953377,1.41232,1.83225,0.0501184,-4.56671,-3.4726,-239.12,-967.704,-35.136,-700,-7420,-4200
-2.23172,-3.54667,0.161821,-2.79575,-2.12401,-2.18032,-3.30357,-4.29522,-1.79194,0.961952,2.08261,0.341167,0.354172,-2.04936,-2.55144,-4.80412,-239.12,-968.192,-36.6,-420,-7700,-4480
9.54636,5.96128,2.42666,3.09068,2.58892,1.16832,1.6128,-1.30285,10.2848,1.50078,-0.224745,3.36293,2.40557,0.859791,3.72031,-0.34104,-235.704,-968.192,-36.112,140,-7840,-4480
6.43906,2.53377,0.958184,1.14887,1.06024,0.669931,1.45184,-0.715545,6.85723,4.31084,5.23336,1.32194,1.25827,0.529766,1.3095,1.92625,-234.24,-966.728,-40.992,560,-7700,-4480
1.10635,-6.27437,-1.32583,-4.6821,-3.94748,-2.39667,-2.8372,-0.837542,1.56581,-0.738994,-1.66063,-1.14274,-0.841488,-2.62312,-3.61152,0.129225,-236.192,-965.752,-34.648,980,-7840,-4480
2.86258,3.24443,-0.489546,0.929047,-0.469873,-1.03158,-1.71749,-0.579717,3.73144,-0.788491,-1.59787,0.0514036,-1.18951,-0.932912,0.00056551,-1.08227,-233.264,-974.048,-40.992,1960,-7980,-4480
4.26134,12.0381,0.606727,4.92967,2.88755,1.63056,-0.995817,-0.735396,4.76604,-0.947145,0.829093,1.10425,0.258339,1.68173,1.5812,-1.55724,-230.336,-974.048,-38.552,2380,-7280,-4340
0.768603,0.276111,-0.608328,-3.8666,-2.90412,-1.68587,-4.57178,-1.20662,0.819506,-1.9468,-3.738,-0.382607,-0.244118,-2.08216,-6.47271,-3.52645,-228.384,-978.928,-38.064,2240,-7280,-4200
-0.472963,-2.64005,-1.02514,-3.99959,-3.72209,-3.07592,-3.70641,-1.7981,-0.801755,1.59826,2.58935,-0.844139,-0.918,-3.08507,-5.65843,-4.00294,-224.48,-978.928,-40.016,2240,-7280,-4060
-5.51425,-3.04617,-1.72377,0.559398,-0.289786,-0.570521,-0.224573,-0.582314,-6.4689,-2.95747,-2.56728,-2.19302,-1.67447,-0.483001,-0.202956,-0.455459,-226.92,-978.44,-37.088,1820,-7280,-3780
-9.80949,-6.73546,-3.06983,-0.650885,-0.4865,-0.471845,0.788839,0.302079,-10.5275,-2.08264,-1.76994,-3.94378,-3.35005,-0.53536,-1.10013,0.81362,-226.92,-974.048,-41.968,1960,-7140,-3500
-12.2423,-7.49261,-3.48821,0.769329,0.716758,0.0957133,4.02579,0.351057,-13.2868,-2.4655,-0.246539,-4.0484,-3.75774,0.456297,3.07553,2.95073,-227.896,-974.536,-39.528,1820,-6860,-2940
-10.514,-9.02658,-3.74384,-0.438388,0.491726,0.418432,2.98802,2.45519,-11.3861,-5.23544,-5.9114,-3.85766,-3.85098,0.483501,3.23281,1.93742,-229.848,-978.928,-38.552,1400,-6860,-2800
-0.170772,-3.3428,-2.44807,-1.23031,-0.664026,-1.23632,2.3369,2.12256,0.0337435,2.85812,4.2129,-2.38205,-2.41351,-1.04266,3.91523,0.764849,-228.384,-976.976,-38.552,1260,-6300,-2380
1.76675,-5.19361,-4.03691,-4.60046,-4.42905,-5.82646,1.98093,-8.3388,2.7198,-0.211062,0.145121,-4.62015,-4.09411,-5.65116,3.61159,-6.7936,-228.872,-979.904,-36.6,840,-5320,-1960
7.38332,0.662355,-0.718326,-1.52738,-1.78671,-1.40859,-0.695291,0.37727,7.81531,2.5154,1.80409,-0.991083,-0.702135,-1.71352,6.09076,-4.42468,-230.336,-979.904,-35.136,700,-4620,-1960
6.31487,4.56083,0.928576,-0.284734,-0.654423,0.461696,-4.69978,6.79455,6.33429,2.92648,4.2242,0.846356,1.03494,0.411489,2.74673,2.6914,-228.872,-977.952,-34.648,700,-3780,-1540
7.5966,10.6238,3.65077,3.32259,2.9737,2.4689,-1.67574,2.68021,8.28092,-0.594646,-3.02069,4.66514,3.45366,2.98362,-4.54254,2.08993,-230.336,-979.416,-33.672,700,-3080,-1540
8.37078,14.2015,5.62519,5.20717,4.8506,4.47987,-1.66205,1.47169,8.76622,3.33074,2.73169,6.57631,5.39569,4.46566,-7.84947,2.63047,-227.896,-977.952,-35.136,980,-2660,-1540
0.783061,-0.309991,1.76185,-5.73892,-4.07766,-2.49326,-8.45261,-4.50569,0.632416,-1.46326,-2.31543,1.2411,1.97784,-2.62071,-16.3051,-2.35483,-232.288,-977.952,-34.16,1260,-2100,-1540
-1.28958,-0.379006,2.6948,2.46483,2.27569,1.27613,2.23365,-1.32738,-1.52733,0.0912876,-1.17,2.90003,3.19913,1.94026,3.57888,1.58855,-234.24,-975.512,-34.648,1540,-2100,-1540
4.89589,8.62134,4.85775,8.53122,7.05582,6.12788,6.42253,2.35643,5.09247,1.90848,2.95208,5.38769,5.08223,6.08605,11.4963,4.63871,-233.264,-973.56,-27.816,2240,-1820,-1540
1.17585,2.12653,3.49793,1.07761,1.58607,3.22321,1.17364,4.97027,0.653833,-0.863026,-2.73354,3.37699,3.56513,2.82024,-0.770957,2.65973,-233.752,-974.536,-33.184,2380,-1820,-1680
-4.93304,-5.92161,-1.49283,-5.42194,-4.2805,-2.08133,-2.51097,2.33807,-5.22003,1.37459,2.39673,-1.89429,-1.48146,-2.80212,-8.10337,-0.838662,-232.288,-975.024,-30.744,2380,-1960,-1680
-9.30072,-10.3116,-3.66043,-4.56461,-4.06278,-2.48507,0.0961833,0.470303,-9.49388,-3.30301,-3.67207,-4.18243,-3.64985,-2.9244,-4.69549,-0.602581,-231.312,-971.608,-31.232,2520,-1680,-1680
-7.55868,-7.15899,-2.88797,-1.87779,-1.85452,-2.53214,0.995733,-3.11647,-7.86491,-1.66438,-2.60717,-3.32416,-2.9532,-2.24574,-1.92021,-0.932807,-235.704,-975.024,-32.696,2520,-2100,-1680
-5.73545,-2.41527,-2.88864,-0.314596,-0.86646,-3.41751,4.10452,-11.5178,-5.71269,-1.86484,0.150381,-3.24793,-2.99816,-2.90826,2.2218,-4.57087,-236.192,-973.072,-37.576,2380,-2240,-1680
-3.99992,-1.82962,-1.4807,1.65307,0.769619,0.46737,4.52809,-2.78026,-4.12628,-2.61571,-3.3256,-2.43744,-1.66432,0.401844,8.218,-2.35016,-234.24,-970.144,-30.256,2660,-2520,-1820
3.99273,0.582184,0.703644,-0.173724,-0.33676,1.0133,-2.40172,6.46345,4.19761,4.85863,6.27403,0.14218,0.598284,0.61665,3.13446,4.2034,-237.168,-965.752,-32.208,2240,-2940,-1680
6.90049,8.1806,1.71235,5.91135,4.70648,3.02341,3.55377,3.87534,7.48978,-0.400533,-0.483948,2.77006,1.59205,3.46605,6.58184,5.33317,-237.168,-969.656,-27.328,1820,-3500,-1680
11.9392,12.5453,2.83697,5.61817,4.84613,3.41392,0.960527,-0.022033,12.952,2.02538,1.00119,4.24486,2.97363,3.71033,0.640735,-0.425906,-236.68,-972.584,-29.768,1260,-3920,-1540
7.87068,5.56004,3.63498,3.76316,3.64313,3.23367,1.8468,-0.0385539,7.76113,4.56763,6.54609,4.21509,3.84201,3.52799,3.03107,0.251948,-236.192,-971.12,-26.84,560,-4480,-1540
