11.8808,30.0567,4.23839,18.4151,4.53912,-2.76031,2.97416,1.3653,24.9848,6.89644,0.646031,14.2703,0.25683,0.107084,10.5921,1.38192,77.104,-923.784,-408.944,-31920,2660,-14140
5.36207,4.31932,5.39851,-4.88482,0.685133,-1.23705,-6.82441,-4.54767,-1.63341,6.75461,3.10161,8.16076,2.13126,1.56858,-13.0137,-5.04803,76.128,-921.832,-409.432,-32340,8540,-15120
5.42655,9.41367,10.3784,7.84938,13.7781,3.64249,2.37672,-3.89466,-8.44013,8.82023,1.71463,16.7409,4.71598,10.3987,-0.197466,-0.269678,74.664,-927.688,-416.264,-33320,14420,-16100
0.501571,10.0039,6.45824,14.1005,8.91948,1.72496,6.66571,-1.98474,0.0406189,11.1448,-0.865307,13.3124,2.27762,5.65118,16.9395,1.86127,66.368,-933.544,-418.704,-32620,19180,-16940
-4.57793,7.7343,5.26534,6.25132,4.87199,-1.15289,-5.25825,-3.8583,0.373033,9.9626,2.06685,10.8064,4.73695,5.21662,-3.89835,-4.61906,49.288,-928.176,-430.904,-30660,22820,-17500
-8.64982,12.2775,2.36558,4.80723,8.72952,-6.40021,1.34522,-1.52285,9.07603,4.11761,-4.34567,9.01277,1.36227,4.13661,-3.78445,-0.489618,46.848,-915.488,-415.776,-29260,28000,-18760
-5.90566,15.2322,9.2758,14.7879,14.2087,9.83695,7.86961,2.80531,-5.76915,3.71774,0.245412,13.5504,5.15988,11.1116,8.37616,7.09971,43.92,-911.096,-407.968,-29960,31080,-20440
24.1309,53.7306,12.0826,53.7388,19.1221,7.84138,17.4747,4.31968,55.3415,14.8106,7.4902,29.6811,4.92866,9.63968,47.5726,9.09347,41.48,-915.488,-412.848,-32760,34160,-22400
17.5908,18.8967,4.89403,14.1571,6.63842,1.24323,4.85077,-0.715368,39.3659,8.36699,3.34655,12.5419,1.60755,1.86952,11.7859,1.19218,42.944,-921.344,-416.264,-33880,35280,-24360
-19.1364,-14.0975,-2.41218,-16.3948,-5.74265,-0.594269,-6.13984,-0.556326,-5.15585,2.53163,2.71388,-12.3059,0.384309,-3.09129,-14.7436,-2.50359,42.456,-925.248,-420.168,-33600,35000,-25340
-38.6012,-35.7644,-11.2593,-32.0204,-20.5937,-1.70824,-14.5541,-0.822533,-23.0225,-5.18612,5.15889,-32.4702,0.182735,-9.28933,-23.3514,-5.82873,45.384,-929.64,-419.68,-32900,32900,-25620
-17.1669,-40.4576,-17.7628,-36.5717,-20.554,-1.78295,-21.4744,-6.03279,-36.5596,-35.7577,1.77794,-23.9625,-1.6966,-7.20069,-36.736,-9.99122,46.36,-921.832,-416.264,-31360,30100,-25200
14.7991,10.5173,-10.1126,8.90876,-4.04617,-9.71811,-3.33064,-3.37467,15.4736,-19.1156,-22.1182,1.65097,-10.8685,-5.2584,5.12224,-3.45185,57.584,-920.368,-408.456,-31360,27020,-25060
-3.06205,-4.102,-13.7911,-1.18089,-8.1232,-12.1203,-4.82812,-6.79995,-12.8536,-24.0853,-32.7164,-10.3546,-19.7864,-11.1514,-2.31449,-6.61754,61.976,-928.664,-394.304,-31780,24220,-24640
4.0192,7.71917,-1.58276,10.3874,5.77024,3.63899,4.82398,7.84657,-9.20268,-7.37144,7.43003,2.04879,-1.0699,-3.10657,5.63891,-0.579051,73.2,-936.96,-411.384,-31640,22260,-24080
20.8751,33.5496,10.4372,26.055,12.4839,5.26345,7.43877,3.78751,19.4928,8.2102,16.0047,16.8564,7.54188,4.98196,17.7993,1.96984,70.76,-934.032,-394.304,-27860,18340,-21840
12.9287,-3.32029,4.78286,-4.05909,-2.42952,1.77253,2.75386,0.955447,-7.28415,6.9278,7.85863,-0.620458,4.27223,0.935571,3.62123,2.4819,71.736,-915.488,-378.688,-27720,19460,-21840
-3.48369,-39.141,-3.01425,-38.4158,-15.3956,0.507749,-7.46382,1.02002,-27.0819,0.408828,3.00266,-19.2434,0.535811,-4.58586,-24.9109,-0.581038,81.496,-914.024,-372.344,-30380,23940,-22820
-2.88972,-24.1294,-8.54175,-21.0229,-17.6358,-4.09223,-3.59458,2.51537,-5.28013,-4.76018,-0.859079,-18.3462,-3.45875,-10.2375,-5.49211,0.0309561,88.328,-914.024,-375.76,-32060,22120,-22540
11.2376,4.91071,4.1496,3.72045,-2.09589,-2.33206,1.41386,-0.217638,15.1821,10.9863,6.23046,1.88669,2.6949,-1.51565,6.89534,0.120332,90.768,-915,-366,-32760,21420,-22120
9.2873,3.47756,4.1769,14.2657,5.3496,-1.45282,11.2207,-1.30503,12.0708,9.97912,5.26302,2.58217,2.68983,1.46344,25.4982,4.54013,90.768,-916.952,-373.32,-32900,21140,-21840
-4.18301,-14.9002,4.54592,-4.48007,3.29655,0.647253,-2.35477,-6.19875,-23.6416,8.38432,4.44093,-0.386378,4.17651,3.36042,-5.07622,-2.9491,92.232,-918.416,-375.272,-32200,21420,-21700
-0.749787,8.23465,2.22255,-3.56396,-0.128946,1.60531,-5.60494,-1.56,12.2739,6.30582,0.306848,5.97175,1.74467,1.87427,-12.5717,-1.60401,87.352,-923.296,-374.784,-31500,22540,-21560
-17.5697,-6.97535,-7.3696,-11.7501,-6.44324,-2.46322,-4.68581,-0.942716,-1.48922,-7.46385,-10.3883,-7.28234,-6.11469,-5.52462,-10.7273,-3.68629,92.232,-927.2,-384.544,-29820,21140,-21000
-23.5021,-25.4474,1.49655,-19.2593,7.57911,7.45455,3.21945,6.50501,-45.1765,-7.35028,-14.9465,-4.57266,-0.358557,5.87724,-18.7849,5.69928,101.504,-953.552,-430.416,-27160,18900,-19880
12.9186,22.9594,5.50101,22.4301,11.922,4.40209,16.3754,11.2356,21.8078,1.31115,-18.5055,12.969,-2.00149,7.48818,22.164,12.2947,90.768,-928.176,-399.184,-21700,15400,-18060
13.3927,23.6298,5.4145,10.7602,4.60366,2.87884,1.84147,7.2078,21.8081,-0.0421783,2.14341,13.2903,2.30919,6.31902,-0.0710018,4.14277,97.6,-921.832,-415.776,-20020,11900,-17080
-14.5646,-14.247,-3.26289,-17.1756,-10.3951,-0.575752,-12.9007,0.0138911,-25.7699,-3.91445,7.47361,-8.40282,0.852566,-3.32538,-21.9613,-5.28284,100.04,-910.12,-419.192,-17920,14420,-17920
-15.1729,-7.28573,-3.94212,-2.53565,-1.44103,-0.808634,-3.23274,-1.95939,-16.1707,-2.41543,3.2364,-5.65241,-1.58055,-0.941772,-7.00111,-2.36764,97.112,-914.024,-397.72,-14840,8260,-16380
7.88249,25.0319,7.01501,28.0543,20.8503,6.81159,17.8479,4.65915,26.1669,9.01268,7.64896,16.6939,5.84538,9.99367,26.351,9.41689,93.696,-901.336,-393.328,-14280,6860,-16240
9.73346,16.3783,6.90169,14.3622,13.3487,1.99536,3.70792,-6.4281,19.6853,8.80697,8.27696,12.3718,5.90709,6.43114,8.63067,-1.42307,100.04,-907.68,-397.72,-15120,7560,-16520
-6.94409,-10.8346,3.37888,-5.7844,2.79548,-0.165443,-8.73404,-8.9497,-26.7163,2.92587,5.91714,-0.00224189,4.15366,3.74793,-13.1364,-7.00149,101.504,-904.752,-406.016,-13720,5880,-16240
4.27392,10.1406,2.87323,12.4001,5.82372,-0.553897,1.92657,-2.40736,0.18958,5.01864,3.45801,7.64815,1.22748,2.98521,8.43271,0.309362,101.504,-914.024,-409.92,-12460,4200,-15680
14.1719,27.0875,2.45136,17.7081,5.8633,-2.30241,5.2324,-2.13302,31.4908,6.80633,2.64186,11.894,-1.21055,1.65735,12.3611,1.60168,104.92,-919.392,-421.144,-11620,3920,-15400
11.4216,6.15592,-2.29741,7.27818,-4.29145,-4.23731,3.00544,-3.864,19.8801,3.64509,4.76702,-1.50097,-1.68001,-4.40059,15.4399,-1.19038,100.04,-912.56,-421.632,-8960,3500,-14280
3.85867,-7.54781,-3.14102,6.5531,-4.80595,-3.18082,6.08093,-1.2712,0.203936,1.39943,3.98461,-8.07104,-1.02397,-3.7056,21.0267,1.59766,89.792,-907.68,-411.384,-7840,1960,-13440
10.2972,-5.04306,-1.41087,-12.9257,-12.3321,-5.31435,-11.9973,-6.90612,20.1603,4.36183,4.48607,-5.28127,-0.141625,-6.43468,-11.8852,-8.87829,96.136,-912.56,-407.48,-8120,1120,-13300
19.6662,24.8174,9.92336,12.2536,6.55074,3.72038,1.58143,1.81618,33.9133,12.3498,7.44416,16.0335,7.18953,4.81704,5.62695,2.43004,92.72,-917.928,-411.384,-7840,0,-13160
8.39999,27.5083,4.86553,29.3548,11.519,0.844448,11.4801,2.55581,23.069,0.74725,-5.4837,14.1705,0.299372,5.42611,26.7663,7.45903,95.648,-923.784,-413.824,-7420,-1120,-12600
-3.42564,-0.693446,-0.421735,2.23742,2.24247,2.77017,4.00123,4.82467,-2.75926,-2.90491,-2.25419,-0.253136,0.00572136,1.80436,5.43581,5.41108,97.112,-930.616,-415.288,-6160,-4200,-12040
-13.5247,-29.951,-9.73352,-27.7845,-16.8363,-4.7713,-11.31,-3.09161,-22.7306,-9.01527,-1.05925,-18.8267,-5.2098,-9.96506,-18.2644,-6.5191,101.016,-934.032,-424.072,-3780,-7560,-10640
-19.0541,-32.1892,-10.4607,-24.225,-13.2687,-2.06723,-6.86632,0.39972,-33.5427,-12.8315,-5.39505,-19.6018,-4.46561,-8.12914,-12.2255,-3.81149,99.552,-934.032,-423.584,-1820,-9100,-10080
-11.936,-11.2195,-0.584944,-2.1115,7.02988,3.90247,5.69997,4.01198,-26.8307,-10.7598,-7.18536,-2.20363,-0.760573,3.64308,1.14683,5.10477,101.992,-933.544,-434.32,980,-9940,-9660
14.2149,15.4136,6.5804,7.48796,10.5661,3.44191,3.23032,2.10453,26.2103,1.2311,-2.36258,14.4052,0.49606,5.36045,0.08386,2.71256,101.504,-930.128,-439.688,2660,-9940,-9380
5.33362,9.43818,6.60117,5.7534,6.53094,3.73014,1.9239,4.18459,0.99565,2.17856,-1.07237,9.25811,1.23597,5.10665,0.890656,3.77578,103.456,-925.736,-439.688,4900,-10220,-8820
-11.7246,-16.1542,-7.61238,-16.1916,-11.9872,-0.786041,-6.12923,4.00154,-18.1188,-8.85119,-6.40051,-14.0986,-5.44718,-6.10306,-13.4326,-0.132678,103.944,-925.248,-435.296,6300,-10500,-8260
-30.2295,-40.5146,-17.157,-38.4099,-25.7505,-3.03991,-17.2375,0.91713,-46.8554,-19.667,-9.45768,-30.9546,-9.13606,-12.6346,-33.5684,-7.85128,100.04,-922.32,-437.736,7140,-10640,-7560
-39.5971,-59.3058,-21.9151,-55.2659,-30.4758,-4.39184,-19.3445,2.1219,-62.5026,-25.5903,-16.5405,-38.7144,-10.6041,-15.5395,-46.4597,-8.66045,98.088,-919.392,-435.296,7280,-9800,-7280
-18.3121,-35.0516,-18.7976,-33.4911,-20.0568,-5.78017,-10.1751,1.85569,-18.1812,-20.2964,-31.8927,-23.4735,-13.6358,-13.4239,-26.9831,-5.82221,95.648,-923.296,-432.856,6860,-9240,-7140
1.2949,7.41031,-4.90852,11.122,-0.231351,-2.52968,4.85189,1.99952,10.8114,-7.77946,-1.4706,0.515323,-2.48788,-3.60866,13.6482,-0.724847,93.696,-919.88,-433.344,7140,-9380,-7000
-10.0513,10.8671,1.66696,15.5631,4.1646,-3.42752,-1.26418,-5.11031,-6.07786,2.43342,8.90532,3.40492,2.14435,-0.0547841,7.74191,-6.3391,97.112,-937.936,-427,7280,-9240,-6580
2.2971,12.6572,5.28699,-0.488687,2.35153,-3.94131,-10.1435,-9.49322,6.15686,10.0492,4.24995,8.29673,2.11347,1.25416,-16.7178,-9.63969,91.744,-913.536,-425.048,7140,-9800,-6300
11.5145,17.1015,9.09122,6.0703,7.60734,0.598012,-4.42407,-5.47105,8.32214,13.3979,6.15333,13.9075,5.95911,5.16312,-7.718,-4.54287,96.624,-925.736,-418.704,6580,-8820,-6580
9.59223,20.1091,6.58898,18.4414,6.5355,-2.84451,-4.39782,-12.0854,8.80368,10.7113,5.91264,11.5276,4.0968,0.288572,7.68556,-7.94636,100.04,-929.152,-411.872,5320,-8260,-6720
13.6586,19.1145,4.48764,12.0259,4.65935,-0.162689,-0.695883,-8.03745,22.4283,10.6584,10.7814,9.92538,5.13002,-0.156207,8.39507,-3.95565,99.064,-922.32,-422.608,5600,-9940,-5880
5.32201,-3.25422,-1.26744,-12.2021,-5.5481,-1.40115,-4.65051,-3.56789,9.34878,2.70953,6.29335,-2.35199,1.14543,-2.52585,-6.90621,-2.06544,95.648,-924.76,-422.608,4620,-11480,-5320
5.6665,4.5695,4.05239,11.3229,4.96697,1.81492,7.92542,1.79497,3.69316,6.96029,14.7855,2.96997,5.25811,2.7544,20.9679,4.62718,101.016,-925.736,-419.68,4340,-12460,-5040
9.27917,19.1189,11.9425,35.888,20.4962,6.0645,20.6297,3.85952,7.14223,11.3929,12.6189,14.058,8.51706,12.1296,40.3407,11.7201,102.48,-930.128,-420.656,4900,-12040,-5460
19.6526,14.5519,10.1336,22.7125,14.2395,3.86591,18.3312,4.01396,24.5532,15.4735,9.62434,12.9012,6.37951,8.91583,28.0611,11.8163,108.824,-925.736,-427,5880,-11200,-5600
29.1699,28.9836,14.9678,24.907,18.6154,6.96486,21.9794,9.16162,42.3526,17.5383,8.57382,23.0772,7.77744,12.8196,25.9396,16.0226,109.8,-922.808,-422.12,7140,-10640,-5180
25.9883,27.1832,14.2217,28.0148,19.4166,9.31037,27.4331,14.8873,36.3772,13.4887,5.9366,20.8044,5.86277,13.6789,32.7415,21.6888,107.36,-920.368,-424.072,8400,-9520,-5180
14.4252,14.7828,13.2678,21.2523,20.6294,10.1406,22.8873,11.9021,12.056,9.53152,1.05894,16.0434,4.84871,16.4195,21.507,18.6447,104.92,-922.808,-428.952,9100,-8680,-5040
11.6693,6.25832,12.0694,-2.53906,12.2864,8.93954,5.13598,6.60346,7.19879,5.45242,0.525299,11.9203,5.71739,14.1357,-10.7783,8.77202,109.8,-925.248,-431.392,10360,-8680,-4620
13.8674,8.14251,5.55228,7.9487,4.11515,-0.0884197,-2.36411,-3.16769,13.5538,4.16358,0.230535,7.31975,1.13771,3.06374,1.27366,-2.86883,106.872,-922.32,-435.784,11620,-9520,-3780
14.1807,23.9933,7.9657,25.5887,13.1249,3.92559,6.38829,2.89003,23.6019,3.60729,2.10383,14.2554,3.63944,7.297,14.1438,3.09622,106.384,-922.32,-436.272,13160,-11480,-2800
-7.99614,-8.36478,-6.66085,-16.0744,-9.61475,-2.69684,-12.7602,-0.626042,-2.53039,-9.4344,-6.80146,-8.27912,-4.65984,-7.22209,-25.3845,-6.60511,106.872,-917.44,-432.368,14700,-13020,-1960
-13.9825,-20.4558,-14.1052,-30.0274,-21.8505,-6.88661,-19.1636,-0.3374,-10.6558,-11.2834,-9.94118,-18.2136,-8.11656,-17.6161,-31.6844,-11.0099,102.48,-907.192,-438.224,15540,-14560,-1260
-29.3275,-44.7121,-22.665,-38.4988,-33.9459,-12.5136,-21.3327,-2.92846,-45.1927,-17.1118,-10.7054,-34.7561,-12.6886,-22.366,-21.9846,-13.8187,104.92,-907.68,-435.296,16520,-15960,-700
-23.786,-33.2557,-13.645,-26.4988,-17.2548,-5.00001,-7.17812,-1.46989,-36.706,-12.3739,-7.60314,-21.7272,-7.59965,-6.93257,-5.83768,-3.9107,106.872,-903.776,-437.248,16660,-17360,-560
-15.6039,-9.64833,-0.875999,-9.13463,2.78283,4.37954,4.26468,2.41429,-20.7613,-4.01361,-4.03818,-3.35485,-0.0965029,7.24113,0.511292,4.80727,109.8,-903.776,-443.592,16100,-18480,140
-20.271,-9.6457,-2.746,-4.04848,2.17693,1.72611,1.52802,-0.571862,-26.6381,-6.26847,-4.81343,-5.10589,-0.146383,5.15438,-1.39521,1.28265,110.288,-907.192,-439.688,16100,-19040,420
-20.0979,-4.90569,-5.14168,4.12221,4.93583,-1.06088,1.23723,-2.68374,-21.9315,-11.8468,-8.43464,-3.59383,-1.53034,2.88316,2.27368,-1.51882,108.336,-906.704,-435.784,15820,-19740,700
-10.5607,-6.09977,-9.83102,3.23739,-4.9437,-5.85577,-2.71287,-5.30281,-7.35561,-8.62818,-1.77031,-9.00307,-3.91486,-8.19038,7.96377,-6.98495,105.408,-907.68,-436.272,15960,-20580,980
-5.23665,-9.59528,-8.50714,-8.27727,-12.7586,-8.33511,-13.3504,-11.1017,-6.81687,-4.14556,1.45848,-10.8297,-4.20093,-11.9865,-8.017,-14.0005,99.064,-908.656,-437.248,16380,-20860,1120
-6.64395,-10.7269,-3.6066,-20.4237,-12.4939,-4.93823,-21.1785,-10.9926,-14.4816,-2.64827,1.59255,-6.78153,-0.0284119,-8.01071,-30.9886,-15.9278,101.504,-911.096,-436.76,15820,-20720,1120
0.97662,4.88505,-4.13327,-7.97269,-8.2722,-4.10536,-11.6019,-6.96522,16.5017,-4.02943,-3.13705,-0.720169,-2.33025,-7.67303,-15.3056,-9.36542,101.016,-917.928,-432.856,15680,-20720,1120
0.851034,12.7037,-1.98949,3.53568,-2.62498,-3.45215,-7.44312,-5.44438,14.9144,-3.43247,-2.53261,4.28772,-2.34825,-4.90754,-6.069,-6.36042,93.696,-921.832,-429.928,15400,-20020,980
-2.25465,2.17285,-3.36417,-8.37858,-10.2656,-1.97903,-11.9278,-4.65807,3.35867,-2.21847,-0.42388,-2.49712,-2.40255,-8.13562,-13.3577,-7.14966,91.744,-922.32,-429.44,15680,-20020,840
-11.4123,-19.3457,-11.4832,-25.8593,-22.9521,-5.49217,-19.055,-7.69102,-13.5562,-9.78072,-6.18664,-17.449,-9.01146,-15.9695,-23.9829,-10.6138,90.28,-927.688,-438.712,15120,-19600,980
2.43425,-1.40033,-0.331336,0.950521,-2.44466,4.92727,4.97401,7.0088,-1.06439,-0.17005,0.210873,-2.83347,-0.579511,-2.05213,7.04019,8.59398,85.888,-929.152,-439.2,15260,-18060,980
14.5618,9.2865,6.3005,11.2416,8.84361,6.7266,14.1302,8.30547,15.7034,6.16861,4.47585,7.58695,3.41352,5.55674,13.9124,13.4422,81.496,-928.176,-434.32,15400,-17080,560
19.778,14.1196,8.49662,10.8455,10.2313,4.97664,10.9987,6.58823,18.5713,12.1046,11.2353,12.0804,6.88095,6.51871,6.79595,10.0232,83.448,-929.152,-440.176,15120,-16520,420
4.38861,-7.374,3.76158,-4.05329,3.85416,2.40831,5.78404,6.06173,-7.03688,5.84787,7.53523,1.12922,4.09473,4.39574,-3.13103,6.8516,84.424,-928.176,-440.176,14700,-17220,280
2.79218,-1.48484,6.53326,8.58299,11.8604,2.72482,12.8879,6.00901,-6.58308,6.17883,1.71015,5.21375,2.61425,9.54301,11.3796,9.81688,81.984,-931.592,-445.056,14840,-17920,560
11.7963,16.6858,13.3873,28.6801,23.2245,4.69213,22.0476,5.42782,10.742,13.6972,7.14033,15.8903,7.44555,14.4704,30.2557,12.1742,82.96,-936.96,-444.568,15120,-19320,700
7.39442,12.8493,8.4534,23.1995,15.6637,0.901646,14.3361,0.706915,12.9882,10.1351,4.59692,11.0879,3.99194,7.79341,25.0981,4.09664,82.96,-941.352,-445.544,14980,-20580,980
11.8486,19.2972,10.3924,25.8351,17.5248,3.38703,14.3699,4.00499,17.9355,10.2561,3.05489,15.8351,5.6064,11.2009,25.934,6.97246,86.864,-943.792,-439.2,15260,-21420,1260
14.3684,10.4326,12.427,8.74683,13.2857,6.57173,5.55067,4.59877,13.5626,9.43547,2.90684,14.0476,7.45579,12.3091,3.15775,5.51856,84.424,-943.304,-438.712,15680,-21840,1820
8.94285,2.44125,2.91148,-3.18444,-0.0537882,-0.834801,-4.55615,-2.45534,10.4505,1.35696,-0.766688,3.60945,-0.910173,2.01944,-8.13816,-3.11736,85.888,-947.208,-443.592,15680,-22260,2520
-0.921184,-10.7891,-5.20241,-15.5042,-6.44422,-1.23902,-5.38662,1.41497,-0.901148,-6.8687,-16.3977,-6.05674,-6.52463,-2.08552,-13.48,-1.88857,90.28,-941.84,-450.912,16520,-22820,3500
-7.34926,-16.9846,-11.8533,-14.6734,-9.75306,-4.43421,-5.57698,-1.3701,-16.0929,-19.7177,-23.0284,-13.7077,-12.9655,-7.3773,-8.95106,-4.66633,85.888,-937.936,-446.52,16940,-22260,4060
-10.9407,-12.1155,-7.55884,-7.37676,-8.56957,-3.37082,-7.32289,-3.42457,-18.6902,-14.4829,6.72099,-10.9931,-2.93121,-6.7463,-4.38465,-9.56515,85.4,-935.496,-445.544,16940,-21840,4480
-17.4182,-10.4857,-5.44504,-3.47612,-13.8188,-7.15976,-18.0828,-10.609,-19.9209,-1.25731,10.9307,-12.4808,-0.0463908,-11.3712,-5.00012,-19.8934,81.008,-937.448,-448.96,17080,-21420,4900
-13.1013,-6.14195,-6.83942,-1.23473,-15.4045,-7.0894,-19.8461,-7.91745,-22.026,0.854864,-0.185101,-10.8362,-1.46736,-11.797,-7.79286,-17.0872,79.056,-935.496,-447.496,16800,-21140,5600
0.980755,1.97468,-5.65528,-12.7635,-14.0336,-0.630575,-13.538,1.73937,3.3251,-0.331756,-7.33705,-4.77646,-0.490363,-6.38509,-18.9479,-3.94008,75.64,-937.936,-449.448,16240,-21000,5880
2.11566,-2.06926,-5.26748,-19.5666,-9.37817,1.71106,-1.81874,3.54982,13.7746,-5.7762,0.803951,-4.18297,-1.00002,-2.26485,-16.5319,5.41084,72.712,-937.448,-445.056,16800,-20580,6440
-0.503927,1.08439,0.664818,-0.234152,6.54442,6.20279,15.4441,7.4303,6.27638,-1.87581,4.46222,1.20884,2.22767,5.99617,8.11371,15.1225,73.2,-931.592,-446.032,17640,-20860,6720
10.5128,23.8533,12.2689,31.3027,24.5709,7.70193,25.9792,5.19021,16.4413,8.3161,7.80409,17.9037,7.70313,14.5046,32.9357,17.2967,68.32,-938.912,-451.888,17500,-20580,6720
10.9621,30.1636,13.4624,36.1072,27.6025,5.70017,24.9251,2.61452,21.2303,8.3501,6.17947,21.7106,6.98978,15.1106,33.8421,14.4797,66.368,-940.864,-443.104,16940,-19460,6580
11.2556,19.4788,11.6009,15.2151,16.4314,6.01704,12.8007,2.90561,22.4096,11.7471,6.32832,16.701,7.55447,11.2734,12.7859,9.56053,65.392,-935.496,-440.176,17780,-19040,6160
7.77503,2.26465,5.49515,-6.61275,2.95436,2.26738,1.83556,-1.16735,10.8778,5.24462,2.04934,7.10821,3.69175,4.90503,-5.36496,3.50672,61.488,-931.592,-436.76,18620,-17780,5600
4.26397,1.19999,3.77715,-3.032,3.08259,0.723389,1.88432,-0.977769,-0.269634,3.07535,-0.0538165,5.93904,2.16776,3.15592,-3.31778,2.76064,62.952,-930.128,-433.344,18760,-15960,5040
-0.432849,6.70477,0.818149,4.301,-1.90426,-2.75343,-4.08636,-1.00029,2.57388,5.10676,-0.425084,3.69595,-0.708237,-2.70863,0.270245,-3.41884,63.44,-931.592,-431.88,18620,-14000,4340
-8.58079,-5.07336,-3.66287,-4.32007,-9.20154,-3.90221,-8.94105,-1.99157,-8.68479,6.42117,-1.88433,-5.13012,-3.63731,-6.7109,-2.20413,-6.96577,66.856,-928.664,-428.952,19320,-13440,3920
-3.31606,-2.79319,-1.34639,-5.99609,-4.59404,0.348021,-5.55172,-0.1165,5.52537,6.8332,1.27647,-0.824785,-1.01253,-3.18071,-4.30981,-4.36928,64.416,-931.592,-438.712,20720,-12040,3360
-13.1878,-12.3059,-9.06211,-14.2741,-10.5904,-3.67455,-11.5205,-3.94839,-6.85964,-8.59225,-8.54667,-10.5912,-7.05957,-8.56921,-17.4649,-8.21564,68.808,-915.488,-450.912,22400,-9520,2800
-18.5593,-20.5823,-11.6143,-17.3151,-13.4198,-3.38224,-13.5363,-2.65031,-27.8127,-13.2634,-6.05701,-17.3721,-6.40164,-9.73068,-19.2351,-8.89962,63.44,-898.896,-411.384,22820,-7840,2520
-9.75466,-13.6513,-10.7901,-9.66725,-10.3356,-5.19565,-10.8231,-4.32512,-17.5107,-9.18475,-3.61252,-14.5467,-6.50393,-9.32696,-8.66754,-8.1794,70.76,-906.704,-415.776,19740,-7840,1820
-12.1872,-21.0957,-10.0179,-17.6297,-11.1995,-4.28767,-11.5345,-1.68144,-22.71,-10.3535,-5.81703,-15.5141,-5.24405,-6.21491,-15.5217,-6.14579,77.592,-901.824,-445.544,20440,-8680,1960
-22.7947,-33.2803,-13.2495,-23.5518,-15.9602,-1.89386,-8.06267,3.32381,-36.4865,-16.5145,-6.46592,-24.0032,-5.50004,-7.92294,-12.6611,-3.28149,75.64,-893.528,-450.424,21840,-7280,1960
-17.8662,-28.958,-11.7247,-22.6882,-17.9376,-5.55624,-10.0178,-3.80788,-32.0845,-15.2851,-2.25039,-23.3413,-4.77449,-9.55271,-13.6605,-7.54197,73.688,-891.088,-441.152,23380,-7560,2100
13.733,10.1966,4.31284,8.18856,2.68044,-3.21628,5.11067,-3.68671,16.9198,2.89619,3.03429,4.73784,0.632919,2.18537,10.616,-0.400635,73.688,-890.112,-433.832,22260,-8120,1820
23.4188,22.1457,10.3006,20.2557,12.2354,0.691682,13.3538,0.480567,26.9646,8.8741,4.83523,15.6102,4.02591,5.91958,20.1966,5.70234,80.52,-887.184,-437.736,22400,-10220,1820
7.11884,5.64541,2.19911,4.21569,1.72655,-3.70006,-1.11346,-4.24727,3.49275,-1.26764,-1.79583,3.41804,-0.600667,-3.19154,1.74274,-4.34787,82.472,-892.064,-434.808,21700,-10920,1680
5.19809,2.58603,3.18196,-2.2168,-0.130907,0.0769948,-4.44381,-0.134139,0.443505,2.36485,4.42785,3.90949,3.14805,-1.58221,-5.98786,-3.70912,84.424,-879.376,-427.976,23240,-11620,1540
5.72435,0.633397,3.3655,2.26679,2.57788,1.64786,3.17057,1.07734,0.0937368,2.69122,3.01854,3.72289,3.02615,2.84162,2.18353,2.51332,82.96,-879.864,-431.88,23520,-11760,1260
16.1171,13.4243,13.9289,24.2794,23.4493,12.0086,21.912,9.1412,4.76961,9.64804,4.00609,17.913,8.65447,17.1851,21.907,16.5396,93.208,-884.744,-425.048,23100,-12320,1540
17.0166,20.9557,11.4783,16.1485,16.5046,7.64841,5.02264,2.38186,15.1464,4.15782,-2.21621,19.6148,4.84229,11.477,-1.15456,5.22321,90.28,-884.744,-426.024,22820,-11900,1820
12.1907,16.3032,4.10266,7.87796,4.22586,1.69897,-4.75098,-0.96893,19.4736,1.20445,-0.347814,11.6241,0.513139,1.65877,-7.07376,-1.45596,95.16,-880.84,-426.024,22960,-11620,2100
0.726309,-0.771121,-0.97086,-1.88221,-0.813439,1.06395,-3.39512,1.81899,4.15331,1.07434,2.3434,1.09396,-0.300589,-3.19151,-6.96895,0.690679,93.208,-878.4,-409.92,21980,-10080,2100
-9.7969,-9.30989,-6.07992,-4.55923,-5.60943,-2.41384,-0.0761674,1.13487,-3.50738,-1.38828,-2.14223,-6.75723,-2.9257,-5.65641,-0.367942,2.14814,90.28,-887.184,-406.016,20860,-9940,2100
-1.65546,0.795775,0.0270853,4.14965,-0.228185,-0.902804,5.97798,0.534719,7.64199,6.09165,3.55028,0.799883,1.7912,1.73768,10.3877,3.52797,94.672,-894.992,-398.696,19460,-11340,2940
7.83924,12.9934,7.22851,11.682,9.16736,2.60783,8.3085,0.555661,17.6002,12.744,5.5919,10.8224,5.22284,8.66143,14.6781,4.53065,97.6,-899.872,-406.016,20020,-14560,4340
3.55521,14.7501,2.94384,11.3734,6.72246,-1.07484,5.49623,-2.24434,18.5771,4.55227,0.688403,8.29021,0.276836,4.9042,13.73,2.12467,105.896,-910.12,-420.168,20720,-17080,5880
-1.91419,14.0353,0.992649,16.7007,8.45855,0.490998,10.8667,2.49416,13.5526,0.679062,0.302082,5.84649,-0.517301,2.94351,19.9857,4.04622,103.944,-911.584,-427.488,22260,-18620,7140
-6.06686,2.69129,-4.61951,5.50858,-1.3532,0.110828,3.72554,3.65088,3.22363,-3.16396,-2.8583,-3.94065,-3.80115,-2.47003,9.10457,1.42501,108.824,-909.632,-450.424,24780,-19460,8400
-8.45686,-7.67113,-3.89072,-4.13351,-2.97677,4.7113,2.62025,7.19793,-9.3633,-4.06001,-1.74938,-7.56624,-1.7893,0.679835,1.74862,6.60345,108.824,-904.264,-443.104,27720,-18760,9520
-12.2017,-16.1191,-1.47132,-9.79758,-1.37897,9.37052,5.81004,11.0523,-16.4987,-3.76569,1.33575,-9.71217,2.17027,5.46687,-1.09529,11.9866,102.968,-900.36,-440.664,29680,-17500,10080
-7.89885,-16.6332,-1.32366,-18.141,-9.13247,0.75751,-9.82375,-1.70298,-10.5731,-2.42747,-2.78102,-10.4136,0.166926,0.1212,-17.3327,-2.8571,109.312,-910.12,-446.52,30380,-17640,10920
-3.8343,-11.0331,2.42391,-15.136,-5.32178,-2.35741,-10.9535,-6.19016,-13.1882,0.0995366,2.64619,-4.61706,1.93672,-0.388079,-17.5213,-6.57683,109.8,-906.704,-451.888,31640,-17500,12040
-1.33289,-2.68655,-2.03714,-7.4595,-5.01788,-10.1105,-8.27901,-12.5567,-1.47662,-3.1969,0.727177,-4.04191,-3.47471,-8.80733,-8.33398,-11.7942,109.312,-909.632,-447.008,34300,-17920,13160
-1.71244,-5.01393,-3.7954,-6.328,-7.12985,-6.57688,-7.87199,-5.97705,-4.5704,-3.21805,2.38777,-5.25531,-2.25073,-10.4522,-5.7808,-12.6797,107.36,-909.632,-453.352,37660,-18760,14280
-5.51088,-12.878,-7.11617,-18.7648,-17.0044,-4.91505,-19.7212,-3.72255,-11.0868,-4.53246,1.15247,-11.2175,-2.93519,-12.9237,-19.334,-16.3248,102.48,-910.608,-449.936,39900,-19740,15260
-6.34732,-12.0232,-5.0072,-11.6765,-9.15457,-3.08474,-10.1202,-1.37106,-15.7732,-3.71776,-0.974264,-8.54202,-2.73209,-5.77582,-9.78821,-5.44691,99.064,-910.608,-451.4,42000,-20720,16100
5.1222,0.782424,4.1369,1.57985,7.89429,3.06028,6.24681,2.63038,-4.75999,3.09615,-4.43792,4.27971,0.908867,6.48522,-0.876643,7.24838,92.232,-911.096,-455.792,43540,-21280,16800
20.4486,17.1975,4.95066,8.81398,9.10948,0.639171,7.23099,-1.1501,21.067,4.4702,-19.1472,13.4162,-1.98194,5.68241,3.08743,3.80079,83.448,-913.536,-440.176,44660,-21280,16940
13.5999,18.7467,1.25899,17.4787,10.7631,0.604751,15.1012,-0.398498,18.0831,-4.89171,-1.17091,11.7416,-0.255566,6.19625,18.9509,6.58582,81.984,-910.608,-440.664,46340,-22540,17220
4.99685,19.5995,5.92191,23.2242,12.78,2.85142,12.9039,1.31877,10.5387,6.10054,17.1713,11.2732,8.10526,7.23452,22.4946,4.68434,76.128,-911.096,-440.664,45500,-22400,16800
-10.0535,-5.47074,-6.7152,-7.06394,-12.4498,-6.85351,-12.2725,-4.08611,-9.97793,0.672253,4.48357,-9.27894,-1.23794,-9.67372,-8.63677,-9.25755,72.712,-907.68,-431.392,45500,-22120,16240
-7.94248,-7.8481,-5.5767,-5.53145,-7.11353,-1.6652,-2.16216,4.38097,-12.1881,1.07105,3.87229,-7.63369,0.0476723,-5.57286,-1.94437,1.37199,70.76,-915.488,-431.392,45360,-22260,15680
-13.3886,-15.9992,-7.90345,-8.87679,-7.83576,-3.79366,-5.06009,0.046001,-23.8822,-4.70755,-14.2841,-11.2108,-6.01199,-5.54324,-7.73852,-2.5368,66.856,-914.512,-427,45080,-21980,15120
-4.71768,-15.7167,-3.09861,-19.6555,-10.3032,-0.836509,-15.6918,-3.28037,-18.7541,-3.7798,-6.94971,-6.46279,-3.17828,-3.45875,-27.3544,-8.49262,55.144,-916.952,-408.944,44800,-21000,14280
1.27905,-8.48713,-1.82057,-16.0304,-7.57687,-0.753846,-9.94822,-1.36487,-4.47514,-3.24623,2.17529,-2.91203,-2.19159,-3.39109,-19.0891,-5.51008,53.68,-910.608,-416.264,44940,-20580,13300
0.159134,0.223606,2.19236,-0.606708,2.52343,2.09005,3.38167,2.16699,1.30921,-0.894018,2.54269,2.33513,0.798919,1.21674,2.06553,2.11224,57.096,-907.68,-424.072,43540,-20020,12460
0.705408,11.7981,8.77211,13.2602,13.6564,11.0135,12.8312,7.47673,4.59168,1.35326,2.48606,9.59897,6.43315,11.2556,12.3342,11.1766,54.168,-899.872,-421.632,40880,-19460,10780
-5.60316,6.30361,3.07438,7.35979,7.82806,4.77337,3.63511,-1.59421,-2.20793,-4.84919,-5.73059,2.45903,0.177319,6.37642,-0.544051,3.65662,48.8,-901.336,-412.36,38920,-19040,9380
3.22511,8.70665,3.08092,6.12898,5.55481,1.08161,1.60738,-1.6903,6.90712,2.67972,0.332321,6.45828,0.632793,2.96144,0.256582,0.376557,46.36,-907.192,-414.8,37520,-19180,7840
2.97639,4.4244,2.44196,10.9017,7.0489,1.17734,7.97267,2.44757,6.16471,4.769,4.23872,5.59283,0.454907,2.7133,13.6424,3.32134,50.752,-911.584,-424.56,35980,-18200,6300
-0.885705,-3.37165,1.809,7.8442,3.26107,0.429535,7.88677,2.9504,1.87943,2.61869,4.399,-0.668669,0.828245,1.98923,15.5682,5.19386,48.8,-906.216,-419.68,34860,-17080,4900
9.15915,10.7877,7.47896,16.1549,11.5016,4.89964,16.7248,8.44162,17.8803,8.82637,7.76888,7.79831,5.50044,8.35287,24.4684,14.4122,50.752,-906.216,-417.728,32760,-16660,3500
11.7456,16.3718,8.27514,20.5197,14.001,2.44687,15.1679,3.59715,20.874,9.86924,2.36832,11.4953,5.2654,7.70576,24.212,9.72085,52.216,-909.144,-418.216,31220,-16240,2240
14.7837,16.1256,5.51702,14.0077,7.78216,1.24206,7.63771,1.04017,25.7719,7.94796,1.24307,11.3206,3.26844,3.64131,16.1064,4.23601,55.632,-913.048,-409.92,29540,-15260,980
13.0167,10.1685,4.92244,6.4793,2.49059,1.5427,-1.03164,-4.34949,22.8285,8.0909,5.04879,9.93074,4.34677,2.59233,4.1159,-2.49722,55.632,-916.464,-408.944,28280,-14280,-140
5.33286,2.28665,-0.652003,-2.95248,-4.57134,-1.32438,-10.2138,-7.7805,14.1805,1.18241,-0.538911,2.17582,-0.464249,-1.71231,-9.57069,-9.50849,59.048,-918.904,-406.992,27720,-13580,-1120
-5.33753,-4.5867,-6.02063,-4.11624,-7.67027,-0.640087,-8.63908,0.224097,-0.88519,-5.74607,0.343693,-5.93654,-1.98567,-4.79124,-5.28175,-5.11172,57.096,-913.048,-400.16,28000,-12600,-1680
-13.7948,-18.4264,-12.2442,-15.2776,-13.5378,-5.4763,-10.7513,-0.490074,-18.8154,-13.7065,-4.6674,-15.7306,-6.24436,-11.4395,-10.6864,-5.45376,63.44,-915,-407.968,27860,-12460,-1960
-1.23203,-1.07901,-3.32556,-3.12337,-1.43767,-2.60686,-2.88296,-0.391926,-4.87434,-6.67129,-2.57825,-2.38682,-2.29481,-2.53925,-4.46447,0.533336,70.76,-910.12,-420.168,27580,-12180,-2240
-1.4491,-7.05786,-5.21179,-12.7325,-10.541,-5.75417,-11.1467,-3.39074,-6.42885,-5.98351,-1.09855,-7.14348,-3.59108,-7.76959,-15.7456,-6.29917,75.152,-912.56,-420.168,27160,-10360,-2520
-9.25952,-17.309,-9.99254,-21.8943,-16.5913,-6.56418,-13.4254,-3.38921,-17.1595,-11.6444,-5.26432,-15.4345,-7.22472,-11.2206,-19.6589,-7.3613,74.664,-905.728,-416.752,27020,-8820,-2800
-14.037,-22.098,-9.77851,-22.1505,-15.3821,-4.75482,-12.4736,-2.13009,-27.1951,-11.7436,-5.6084,-17.2557,-6.30302,-9.97799,-19.7526,-5.66931,74.176,-908.168,-411.384,26880,-8400,-3080
-23.2325,-34.0485,-13.843,-33.761,-21.8808,-6.44223,-17.3772,-2.57745,-40.0396,-15.5518,-10.4602,-24.9319,-10.0908,-13.4202,-30.5632,-8.81937,79.056,-901.824,-412.848,26740,-8820,-3080
-15.6274,-18.9648,-8.4423,-20.3089,-13.8116,-5.59202,-7.41367,-1.31628,-18.9993,-8.19827,-9.63047,-15.5145,-7.21084,-10.1162,-15.478,-6.20363,77.592,-904.752,-407.968,26320,-9240,-2800
7.36591,13.7191,8.66975,19.8063,17.1988,3.23863,23.9227,6.99654,12.6151,13.4954,4.79281,11.0918,5.56438,7.12556,27.0353,10.7018,79.544,-904.264,-405.04,25900,-9660,-2660
13.6852,33.4467,13.6805,42.1303,29.3227,4.10502,29.2016,3.79772,23.4669,15.3907,6.11636,21.8247,6.89391,17.1675,40.3784,13.4036,78.08,-904.752,-403.088,26320,-10220,-2660
19.2629,30.6754,14.217,25.9509,17.3609,4.84839,10.2967,1.17724,25.4458,18.5994,11.0925,21.9432,8.53675,12.591,14.3875,5.18894,82.472,-909.144,-407.968,25480,-9800,-2940
8.92559,0.768128,7.89638,-9.3588,-0.675645,1.10457,-8.77472,-6.83575,-0.18193,11.2297,7.83349,7.82597,5.80557,4.17593,-18.1198,-6.19454,83.448,-910.12,-402.6,25060,-8960,-3220
3.00881,-10.7368,8.70001,-12.674,3.7743,6.83381,-1.51442,0.160535,-9.52775,7.19096,7.17588,3.70378,8.47053,8.42182,-13.9387,1.57357,82.472,-906.216,-405.04,24500,-8120,-3500
-2.69257,-6.23378,3.70086,-1.96638,5.39192,6.16689,4.04692,3.81729,-7.63012,-1.78366,-0.509095,-0.286099,3.21311,6.14756,-0.36924,5.34017,86.376,-906.704,-405.04,24360,-7420,-3500
2.91841,7.92147,0.151075,9.18521,3.87025,2.16495,4.0558,1.86466,10.8494,-3.74382,-2.79557,2.36512,-1.25955,3.07402,9.1144,2.74572,93.696,-911.096,-402.6,23240,-6580,-3780
4.89393,7.68568,2.67549,8.04275,2.85282,4.7002,1.01503,0.870759,10.3097,1.90882,1.84233,5.05519,3.28661,4.72227,5.66148,0.0649479,92.72,-912.56,-398.208,22540,-5880,-3920
-11.5268,-7.85525,-5.76527,-5.62776,-7.49317,1.19842,-8.70725,-2.95353,-11.6984,-8.13802,-9.8022,-6.77022,-2.84329,-3.18137,-4.92859,-7.90964,91.744,-915,-398.208,22540,-5460,-3780
-13.3403,-6.77761,-10.1721,-3.5421,-8.88955,-1.37811,-5.41777,2.11642,-10.3565,-9.63329,-11.0713,-9.07013,-9.29746,-8.2184,3.21209,-3.9944,92.72,-916.464,-397.72,21980,-5180,-3220
-0.514557,5.62805,-1.90044,7.80684,1.61,-0.53296,1.42642,1.49163,-1.17635,2.16228,1.03403,1.66688,-2.33805,-1.65356,8.54026,1.98435,89.792,-916.464,-393.328,21560,-4900,-3080
3.18939,4.53543,-1.11706,0.304825,0.567962,-3.33512,-0.303563,-3.02781,6.95567,1.80429,7.46848,2.59656,2.72121,-1.30415,-4.10677,0.772709,90.28,-919.88,-391.376,20860,-4060,-2940
11.2331,11.4867,6.3201,5.18472,7.52067,-1.88452,7.17063,-0.677972,17.9049,7.42487,9.23801,10.2454,4.57503,3.42277,2.18214,4.31292,88.816,-918.904,-392.84,19600,-3220,-3080
9.5578,8.77639,5.25451,7.94221,3.79348,-4.24084,4.6329,-3.07847,13.3093,8.93765,6.44687,7.53863,2.45372,0.784503,11.6377,-0.652075,88.328,-919.88,-392.352,19180,-2520,-3220
2.56284,0.755331,-0.022867,1.86704,-1.23347,0.208434,-4.96596,-3.41285,4.33768,1.12366,1.1619,1.33808,2.36733,-0.222153,2.00514,-7.26789,87.352,-920.856,-385.032,18340,-1120,-3220
6.5864,14.7523,1.18221,19.0384,7.47065,8.00807,8.71973,9.53775,15.3893,0.0422503,4.77202,5.46327,3.65511,5.52291,18.7493,8.19936,83.936,-922.32,-385.032,17920,140,-3360
2.04603,9.93975,0.248316,9.99543,2.3905,5.52184,5.11264,9.50268,12.8796,-1.84775,-1.56655,1.041,-0.551464,3.93227,8.62602,8.83053,80.032,-921.832,-383.08,17640,1120,-3360
-0.718807,-5.92431,2.77418,-7.62864,-0.0628016,2.85662,-5.241,1.9484,-7.36005,0.653583,1.38539,-1.05495,2.3754,2.95117,-12.1382,1.38175,76.128,-925.736,-384.544,16380,1960,-3640
-10.8029,-25.9416,-7.62315,-27.1997,-14.3711,-5.04143,-15.1782,-2.87044,-24.4121,-7.5448,-3.42226,-14.8078,-3.78503,-8.96066,-28.5856,-5.32462,73.688,-924.272,-383.08,16100,3080,-3920
-7.96138,-21.3195,-7.01194,-21.0676,-12.5552,-4.56838,-7.79067,-0.521128,-19.4758,-5.49023,-6.04886,-12.9001,-6.11911,-9.17311,-17.5453,-2.51526,71.736,-926.712,-383.568,15540,4480,-4200
-14.6174,-30.2104,-18.3983,-27.0722,-24.1082,-9.90899,-8.8406,-2.3279,-25.9665,-14.4796,-22.3761,-23.8077,-15.0338,-18.6165,-13.7745,-6.36343,68.808,-927.2,-384.544,14840,5880,-4480
-9.13233,-16.0856,-15.5176,-18.0224,-14.5216,-5.11534,-3.92984,-1.40736,-15.787,-20.0593,-32.2784,-13.7471,-14.6934,-10.5877,-10.2781,-3.91002,65.392,-927.2,-383.08,14280,6720,-4760
-2.638,10.3597,-1.63126,11.5798,7.03946,2.63011,9.58895,-0.408932,5.23629,-13.2866,0.758062,3.52046,-1.37654,3.83815,13.9309,3.41234,61.488,-931.104,-386.496,13720,7840,-5040
-11.8272,6.28815,-0.674513,10.2481,5.40421,-3.95704,3.7874,-8.19184,3.10934,-4.26042,6.66515,-2.97344,0.127721,-1.02428,11.2128,-4.55582,56.608,-930.616,-385.032,13440,8540,-5180
-10.6322,-3.50029,-2.78753,1.53263,0.906277,-12.6055,-4.17683,-9.44656,-13.6465,-3.09308,2.45885,-6.61872,-2.37246,-8.88869,-1.00932,-9.75098,54.168,-934.032,-386.496,13300,9520,-5460
3.57683,7.09507,5.52487,11.4549,9.24382,0.551378,5.09662,2.75022,-1.80958,3.69503,7.23577,6.30444,4.38108,1.12363,6.58318,2.43609,45.872,-926.712,-385.032,13160,10220,-5880
8.79007,8.38758,7.9658,5.36819,-0.0785279,6.40662,-1.65056,2.77056,8.21937,10.659,7.31499,7.27956,6.177,3.81515,0.145318,1.26202,45.872,-928.176,-388.448,12880,10500,-6160
13.2672,5.98462,14.8739,7.35143,7.94191,9.31541,9.3532,3.11785,7.11416,19.0304,14.4561,11.8198,11.1246,14.2529,9.4279,8.84639,45.384,-928.664,-386.984,12460,10640,-6440
23.9964,22.4672,23.7543,26.5905,27.9854,7.69385,15.363,-4.49869,20.9298,25.188,15.8167,27.085,12.5387,23.3844,22.7808,7.94557,42.456,-929.64,-387.472,12180,10360,-6860
25.347,25.0883,16.9066,22.2536,16.1441,1.84319,-2.17571,-5.74588,26.8758,22.5024,15.6016,24.5324,7.98187,11.5397,7.46001,-3.46876,41.968,-929.152,-392.352,12040,9940,-7280
14.7302,11.969,1.84078,0.034607,-1.50954,-3.73242,-7.33496,-2.85381,20.9044,9.40635,6.32996,7.81331,-0.709539,-2.01417,-12.7,-4.21203,44.408,-929.152,-394.792,11620,9240,-7840
0.731315,-1.93199,-4.85611,-13.7664,-6.18519,-2.63898,-4.28615,-1.85374,8.84329,-3.19295,-1.1699,-1.84925,-2.56501,-4.37943,-17.7844,-2.28062,42.456,-929.152,-399.184,12040,8680,-8120
-6.89899,-3.12577,-4.78561,-4.66866,-2.86864,2.43564,3.46397,3.38803,4.13624,-4.89901,-2.67784,-4.03639,-0.493324,-0.604204,4.16949,2.25832,45.872,-929.152,-401.136,12460,7840,-8680
-5.99654,-10.4982,-2.38197,-16.9984,-10.0638,2.76926,-8.17045,5.5802,-8.01626,-1.11795,-1.15085,-7.09536,1.26135,-0.858459,-8.84512,-1.43262,42.456,-931.104,-398.696,12880,7700,-8820
-6.00252,-9.4438,2.19688,-9.42239,4.00469,6.83244,4.7732,9.90788,-16.0294,-4.42503,-9.0234,-1.87661,1.89454,6.45967,-3.02761,9.25561,42.456,-930.128,-390.4,13580,7560,-9240
-8.09485,-5.38355,-0.584462,0.811927,7.89546,5.74068,8.64606,8.67829,-10.8014,-11.1831,-12.0562,-2.66826,-1.38542,4.91168,4.12986,8.85049,46.36,-932.08,-385.52,13860,6860,-9660
-6.49066,1.05313,-5.06617,3.95129,-1.5654,0.614501,-0.0865079,4.18191,-1.26298,-10.2056,-10.154,-4.84781,-3.98304,-1.36872,3.27194,2.5954,43.432,-929.64,-377.712,14700,5740,-9660
-2.36867,9.96422,0.453237,12.6026,5.73591,1.81461,8.23806,3.54223,4.25107,-1.41286,1.07767,1.95099,1.70073,2.2257,13.4693,7.33885,45.384,-930.616,-376.736,15680,4060,-9940
-6.75153,-4.29638,-6.65635,-3.17631,-7.32704,-7.4012,-3.60541,-4.7693,-2.09886,-3.10557,1.2004,-8.45412,-3.88,-10.6375,0.317072,-6.04864,47.824,-929.152,-377.712,16240,2800,-10220
-5.65345,-4.88932,-10.5074,-1.91326,-9.28811,-10.8524,-3.88605,-1.61782,-4.39781,-2.59009,-1.64714,-8.99225,-6.28915,-17.6832,1.90775,-7.44335,47.336,-927.2,-375.76,17360,1680,-10500
4.42421,5.57366,-0.589565,5.98252,-1.32139,0.295793,4.64166,4.8829,2.23792,5.94638,1.65175,2.73327,2.5381,-2.32365,8.9726,2.39548,51.24,-931.592,-382.592,17640,1120,-10500
9.84002,7.87701,-1.42837,6.37478,-5.89863,-1.51787,3.48848,1.29696,11.2185,3.97068,-2.18111,1.875,-1.56529,-1.27727,11.5881,1.08538,56.608,-934.032,-378.2,18060,840,-10640
-2.10045,-3.58831,-3.85354,-0.869465,-4.12013,-0.75655,0.100694,1.44002,-5.3314,-4.66097,-2.09769,-3.5728,-2.56009,-3.51204,0.29855,0.262353,59.536,-931.104,-381.128,18760,980,-10780
-14.1957,-21.9674,-8.16508,-19.1778,-10.5813,-4.56516,-14.8668,-5.66837,-22.8823,-10.457,-4.73057,-11.5103,-4.82812,-8.49723,-25.0892,-10.4469,66.856,-936.96,-382.592,19180,700,-10360
-8.18238,-14.4725,-2.99127,-14.9023,-8.35799,-1.7331,-11.3468,-4.07839,-10.7494,0.582113,3.88783,-5.80341,0.323554,-4.43893,-21.6999,-6.32828,69.784,-935.984,-384.056,20440,140,-9940
-8.25109,-11.491,-3.80924,-12.8741,-7.88347,-1.17763,-6.81262,-5.67057,-6.51612,-1.12526,1.11601,-6.47816,-1.41171,-3.94681,-14.7536,-4.10506,73.688,-937.936,-382.104,21000,-840,-9240
-7.34503,-11.5914,-2.14597,-5.79931,-1.90783,0.272691,-1.37949,-3.19175,-11.0458,-1.88153,0.371458,-3.76197,-1.43246,0.75939,-1.37976,-2.05654,81.008,-937.936,-381.616,22540,-2660,-8260
1.47381,5.93416,3.0066,9.31638,5.44178,0.824824,0.344634,-2.10876,3.86969,2.49299,0.548224,6.05369,-0.849267,5.28602,5.43852,0.902054,80.52,-947.208,-385.032,22820,-4620,-7280
6.11647,7.28333,2.64537,3.47835,-0.724805,-0.709112,-2.83052,-2.99875,12.9328,4.26421,4.04799,4.72935,-0.758874,1.87415,-1.51695,-1.11535,86.864,-950.136,-386.984,23380,-6020,-6580
-4.98002,-0.254435,0.733037,6.237,5.91007,6.48766,14.6043,5.8763,-0.801319,-4.53503,-0.386708,-1.84853,0.973354,10.6705,12.3017,11.4513,89.304,-949.16,-385.032,25200,-8120,-5460
-2.94088,-2.28728,1.72622,4.02894,8.76127,4.44335,9.7924,2.19839,-1.64905,-3.53709,-1.55573,-0.751401,0.964963,9.86299,10.5849,6.85013,88.328,-948.672,-388.448,25900,-10360,-4340
-3.65323,-11.0524,-0.461907,-13.3545,-5.57205,-2.2676,-12.8942,-9.17823,-2.72297,-0.386671,1.29443,-6.68003,0.807761,-2.40372,-10.9303,-13.1555,87.352,-947.696,-385.032,27300,-13720,-3360
-2.76617,-3.70315,2.0646,-11.5622,-5.66852,-0.834972,-17.4829,-11.1932,-3.11965,0.527006,5.43727,-2.91752,3.7409,-1.14036,-19.2116,-15.7959,88.328,-948.184,-393.816,28420,-16940,-2380
-9.59432,-4.75332,-4.60007,-5.98897,-9.68826,-1.56238,-14.2629,-5.22966,-12.6981,-6.223,-2.08201,-8.93058,-1.72851,-4.76165,-11.592,-11.7617,88.328,-953.064,-390.888,29260,-18760,-1960
5.26135,8.78719,7.31286,5.60106,4.77914,11.0661,4.46408,8.90319,2.51791,5.37968,4.85951,5.1687,6.73062,8.00547,-0.117731,7.60854,96.136,-953.552,-403.088,30100,-21000,-1820
21.3927,17.0143,16.9481,11.4529,19.2118,16.0154,19.4309,10.7976,19.3461,15.9052,4.15696,17.4065,9.99882,18.1143,12.7942,23.5866,91.744,-947.208,-398.696,31780,-22680,-1680
23.864,20.0307,18.0697,19.666,27.6863,7.33124,22.3986,4.94403,16.9024,14.2416,-8.71137,21.9585,2.56316,19.3807,20.4967,17.3626,93.696,-952.576,-392.84,32480,-26740,-1400
19.5257,20.117,9.88294,24.5384,28.6702,-9.91397,8.5881,-11.7298,10.0692,5.44054,1.12919,22.8364,1.328,-1.31785,16.8322,-5.88919,96.136,-949.648,-392.84,33740,-29260,-1400
-2.89827,9.30762,-14.5308,14.3436,-0.0329973,-26.9569,-11.686,-13.0898,-0.139252,-12.3722,-1.5323,-0.376426,-7.43136,-35.2001,4.8058,-25.096,96.136,-942.816,-391.864,34300,-30800,-1680
2.36512,10.8495,-9.37533,7.51995,-18.6983,-13.3227,-4.8871,2.93775,7.50733,-3.14834,2.8226,-7.76253,-3.44632,-14.6542,2.49437,-4.45872,94.184,-938.912,-389.912,34720,-34300,-1960
9.9774,-1.60619,2.85726,-3.00609,-14.9268,8.54256,8.89043,14.3794,0.471764,2.2777,-12.762,-5.27435,1.15785,10.3991,7.77009,15.9274,97.6,-936.472,-388.936,35140,-36820,-2380
4.16646,-10.3462,2.3054,-11.9791,-5.82111,18.4954,7.66317,12.5109,-3.23599,-13.8153,-14.9061,-4.05621,4.69899,14.9643,4.03024,13.4619,98.088,-943.304,-397.232,35140,-40320,-2660
-6.68618,-6.10135,-1.32324,-12.4604,-1.34666,11.8305,0.939843,0.912656,3.24056,-16.1839,7.57915,-5.92112,7.09516,9.51849,-2.31654,4.03152,100.528,-944.768,-399.184,34300,-43260,-3360
-21.5249,-14.0595,-8.0907,-17.1686,-10.339,1.0803,-12.0421,-8.7461,-8.58498,-11.3811,0.577811,-15.57,-0.918005,-2.22247,-12.3842,-12.3384,99.552,-941.352,-396.744,34860,-45220,-3640
-13.7347,-19.307,-7.981,-13.9428,-6.04091,-7.32387,-11.5973,-7.26968,-18.3142,-6.64895,0.331031,-11.3335,-5.55433,-6.4497,-9.62203,-10.9532,99.552,-945.744,-395.768,35280,-47040,-4340
6.90051,-3.9302,-11.3754,1.13806,7.22976,-40.6829,-5.92398,-8.7844,-9.50187,2.50475,2.61099,3.72361,-24.6278,-30.9185,-4.44701,-10.249,97.6,-940.864,-399.672,36120,-48160,-4620
30.1763,15.2624,0.61368,9.97958,7.3412,-29.181,1.43645,0.135979,12.7185,20.1411,11.1145,19.3077,-19.2768,-27.3327,-1.69836,-1.99781,97.6,-940.864,-402.112,36120,-49000,-5040
41.0075,29.273,18.6745,23.4351,4.76148,17.0708,18.3283,20.5315,28.3329,30.0226,22.1314,29.5572,10.1935,13.235,16.039,19.573,97.112,-940.864,-404.552,36260,-49140,-4900
19.1987,22.0748,10.5009,15.6228,-2.06159,29.6561,12.2221,15.9681,24.9622,13.765,14.6812,13.9211,17.6277,23.9667,15.7404,17.9353,96.136,-928.664,-406.016,36960,-48860,-5040
-1.42685,11.6473,12.5446,1.09903,8.5278,27.7903,7.39924,16.0476,14.0451,17.0845,7.37175,8.15154,15.3781,25.0749,3.10369,15.2934,91.744,-927.2,-409.92,38080,-50260,-5320
-24.9893,-8.37751,-3.79465,-5.69612,5.99211,6.93977,5.00932,8.05999,-5.57132,2.11455,-15.4758,-9.89598,-4.65872,6.82967,-2.34224,8.08548,88.816,-917.928,-421.144,38780,-51800,-5320
-40.9242,-23.2835,-20.4041,-8.93478,-6.30353,-9.88758,-4.34129,-7.06468,-24.3188,-19.391,-22.8918,-22.0868,-13.1959,-12.9217,-6.96207,-7.01741,87.352,-921.344,-421.632,37660,-53760,-5460
-41.7151,-22.7214,-19.2202,-6.51833,-13.0214,-11.6923,-4.73576,-11.9536,-26.4219,-19.296,-9.50847,-23.2493,-7.45549,-15.4913,-2.396,-11.5099,81.984,-917.928,-415.288,37660,-53760,-5460
-32.6099,-21.0578,-7.36146,-13.1886,-13.3336,-1.7795,-7.74301,-11.1419,-21.754,-7.72729,-3.2772,-18.2821,2.4855,-5.62558,-10.5062,-9.51615,76.128,-919.88,-411.872,38360,-54320,-5740
-21.0546,-12.6084,-1.06364,-11.5398,-6.14962,5.8476,-7.10669,-3.37689,-12.9501,-3.08494,-2.844,-9.052,5.61684,4.42759,-13.4097,-2.42065,72.712,-920.368,-415.776,38640,-55860,-6160
-7.87944,-14.1246,0.0163839,-18.9843,-5.39831,1.94847,-14.0517,-5.71852,-7.35147,-2.21003,-0.749554,-5.70958,2.89615,1.35231,-22.6735,-5.911,69.296,-920.368,-419.68,38920,-56420,-6300
3.87387,-9.03119,3.34852,-13.629,-2.11493,-3.5003,-12.2344,-9.28844,-3.43784,-1.26256,2.35467,-0.889038,2.43845,-1.90953,-18.0535,-7.05779,61.976,-914.024,-425.536,39760,-56980,-6580
14.5988,6.71895,2.78623,4.95635,1.39678,-5.95121,-0.687095,-4.84553,12.8352,0.786752,8.63385,3.42751,2.97853,-5.88267,4.32951,-3.62653,63.44,-915,-427.976,40180,-57960,-6580
9.71368,5.41781,-2.80921,5.52565,-3.22036,-8.56562,-3.0581,-4.92007,5.71296,-7.40034,-1.84361,-0.170151,-1.74881,-7.88979,6.37453,-6.1041,66.368,-914.024,-432.368,40460,-58380,-7000
11.6665,9.81612,4.2748,10.289,6.03315,2.70991,4.99269,4.71341,4.43192,-2.05104,-0.351762,5.61993,5.52672,3.87656,12.7961,3.02335,59.536,-914.024,-438.224,41440,-58520,-7280
6.25874,-2.07917,0.610849,-4.4254,-1.28544,-1.15788,-3.72328,-1.42457,-3.8937,-0.92667,-1.39118,-0.865301,3.21417,0.555867,-1.60847,-3.30388,52.216,-913.048,-433.832,42140,-57960,-7280
-2.95776,-3.31145,-3.86176,1.89463,2.27541,0.232701,8.56154,2.7826,-5.75319,-8.76534,-6.54069,-4.50176,-0.223091,1.60819,11.6312,4.9935,50.752,-914.024,-428.952,43680,-58100,-7420
7.46027,11.8519,9.57887,13.3917,12.3179,6.67079,8.39116,-1.07784,7.94636,1.27087,-0.33541,9.55787,7.41847,12.573,12.1728,3.07936,49.776,-913.536,-432.368,44240,-58380,-7140
16.0369,13.7237,10.0718,6.59955,1.45845,-2.43474,-13.7462,-14.0483,16.3016,8.5669,2.86184,11.1859,4.3058,3.78829,-8.45237,-14.5901,50.264,-911.096,-432.856,44520,-58240,-7560
19.1173,15.5166,9.41884,10.7618,4.82221,-3.49528,-6.91023,-4.98763,17.114,14.2553,6.93924,14.0261,0.843312,0.11471,-0.907824,-8.42552,47.336,-916.952,-436.272,45780,-58520,-7700
1.69983,4.40105,5.8248,6.44416,6.30845,3.05733,3.71477,8.02569,-6.99142,4.39169,0.867942,6.61149,-2.56016,3.17637,5.1932,4.56284,48.312,-926.712,-440.176,46760,-59220,-7700
-8.92902,-4.49317,1.52978,-2.07958,3.62488,6.80422,10.3747,15.5855,-18.0464,-1.51849,-1.92473,-0.855162,-4.69058,5.17237,3.50276,15.0022,47.336,-933.544,-437.248,48580,-59920,-7700
-0.170293,0.328285,1.12121,-2.89115,2.02265,5.31585,9.297,12.8093,-9.42706,1.86592,0.461945,0.792348,-5.47478,3.42589,0.35367,14.0341,48.8,-935.008,-436.272,50820,-60620,-7140
8.18073,5.97615,0.90938,5.03277,2.84342,-0.2567,11.3819,5.36052,7.05349,4.22638,0.765628,4.23454,-7.23466,0.874633,10.2924,9.96107,49.776,-935.496,-437.248,53060,-61740,-6860
16.7236,10.9495,3.62107,10.7417,6.5969,0.54348,10.6068,0.981975,21.6487,8.37685,5.75664,9.79366,-2.98431,2.30741,14.4807,5.97635,52.704,-935.984,-439.2,54740,-63840,-6580
8.15549,-1.51727,-3.29874,-0.269097,-4.17989,-0.761206,-3.61767,-5.53039,7.09007,-0.025473,3.61235,-1.39994,-5.51811,-3.24131,0.464497,-5.52323,47.824,-931.104,-442.128,56280,-64680,-6160
-4.38919,-17.0151,-8.42694,-8.70461,-2.4198,-0.764949,1.64923,-3.24001,-15.7034,-9.29665,-2.08916,-11.0643,-6.80123,-1.22368,-2.66856,0.586704,44.408,-920.368,-442.128,57960,-66360,-5740
-9.91153,-20.7822,-12.2103,-21.3508,-5.25507,-4.5309,-1.04289,-1.31885,-22.6996,-12.9596,-3.8664,-15.0024,-5.4586,-8.97808,-13.4354,-1.66797,41.48,-916.952,-446.032,58100,-68600,-5740
-2.16464,-2.56141,-11.1271,-10.0416,-10.0448,-8.71773,-6.69105,-2.6802,0.830321,-10.6863,-6.25644,-9.13401,-5.64299,-11.1815,-13.3534,-6.93233,42.944,-914.024,-449.448,58380,-70420,-6020
9.19839,17.1783,1.74951,14.4902,1.08371,-0.440754,0.467919,0.703539,20.6166,1.33055,2.05339,6.40165,4.87527,1.61815,4.80947,-2.00687,40.992,-915.976,-449.936,57820,-72940,-7000
-0.595535,5.01322,0.0858306,1.56451,-7.72302,-1.78939,-13.47,-6.73686,9.43013,1.57166,1.9127,-0.32236,6.06394,-3.45154,-5.42586,-12.6844,41.968,-911.584,-447.496,57680,-75600,-7560
-5.9409,-3.65072,-2.0661,-7.92944,-10.829,-0.787689,-15.0382,-2.59624,1.72735,1.77027,0.7407,-3.53723,5.49218,-5.87843,-9.81455,-10.1749,39.528,-914.512,-451.888,57960,-79940,-8260
-0.141888,5.41005,1.03825,4.51827,3.16141,0.464453,2.98411,5.22026,7.26627,5.27386,2.67187,3.77856,4.60275,0.504197,2.79682,4.15536,44.896,-915.976,-444.568,58240,-83720,-9240
6.2149,14.2137,9.64541,13.5842,13.3791,6.02666,10.8889,5.99243,17.2806,12.0922,5.00965,13.3582,8.6884,10.0467,8.08226,9.77556,49.288,-925.248,-448.96,58380,-86660,-10080
-0.754393,8.67831,9.29904,11.8485,11.176,7.96639,9.72021,5.67018,5.38684,11.7104,5.04928,11.5485,8.34721,11.2521,9.37659,9.56781,56.608,-923.784,-450.424,59080,-90160,-10780
-12.5833,-3.20843,2.71616,2.73071,4.24056,3.68464,4.23332,-0.16373,-6.7983,4.05898,0.101553,1.62943,4.54098,4.80876,3.63385,2.60307,57.584,-929.152,-447.984,59500,-92400,-11060
-23.9984,-15.5055,-7.40611,-10.3827,-6.72224,-3.97793,-8.4239,-8.97608,-12.3106,-8.86506,-8.01517,-10.2914,-2.87027,-6.33911,-9.11176,-8.09626,56.12,-928.664,-442.128,60480,-94920,-11200
-10.7738,-9.98953,-3.37094,-8.56129,-4.16746,-3.84471,-4.81394,-4.21779,-4.12563,-1.10008,1.88668,-4.29933,0.848318,-5.87891,-3.11917,-4.25784,57.096,-935.984,-436.272,61040,-97300,-11060
-4.29237,-13.2671,-3.00379,-10.9568,-7.51507,-6.11561,-2.06544,-5.01768,-4.7318,-0.121837,0.099121,-5.92639,-2.20273,-6.33778,2.22133,-3.0418,61.976,-936.472,-435.784,62020,-98700,-10920
8.55117,5.62804,8.58201,11.5494,11.3091,3.39902,16.0211,4.53706,3.15784,8.41347,3.39394,7.92365,2.10466,7.45791,19.7563,10.9563,61.976,-933.544,-430.416,63000,-100520,-10500
3.80473,2.68574,5.82594,6.55378,7.43959,2.80357,8.17468,1.75656,-4.74212,1.8337,-2.49064,3.50796,-0.575636,6.24753,8.05514,4.61195,64.416,-934.032,-428.952,63980,-101640,-10220
-6.52569,-6.44792,-5.54812,-4.34533,-3.66445,1.69851,-3.17021,5.9942,-15.8736,-12.5601,-9.69488,-7.86506,-6.27534,-0.0822457,-6.69734,0.438332,63.928,-938.424,-423.584,64680,-103460,-9380
-5.35621,-6.87675,-7.3684,-7.03529,-8.16756,3.46442,-6.32788,10.9541,-16.1606,-13.1222,-5.18311,-9.98155,-4.37272,-2.39466,-10.9383,0.364974,65.392,-934.032,-429.928,65240,-105000,-8820
-4.89167,-9.39996,-12.0262,-14.6883,-16.5185,-3.67877,-15.3304,-1.55948,-11.9312,-17.0027,-9.81039,-15.4506,-9.41964,-9.02056,-19.0744,-8.36356,67.832,-935.496,-428.464,65520,-105980,-8540
7.79912,4.02688,-0.311045,-2.95341,-0.951324,-1.13698,-5.6787,-2.55775,0.0212161,-4.38021,-2.59761,1.07123,-2.19296,-1.76135,-6.94207,-2.68836,66.368,-936.96,-426.512,66080,-106400,-7840
4.34678,-2.49,-2.72363,-3.85511,-3.138,-2.80323,-2.36343,-0.745968,-5.89182,-5.51036,-1.22468,-3.52565,-3.11522,-5.76038,-1.13443,-0.394275,65.88,-934.032,-420.656,66220,-106260,-7280
8.19077,6.3684,1.98594,8.02713,4.59378,-2.12322,3.75303,-4.76552,-1.41741,-0.480491,2.40989,2.64862,-0.694299,-0.643036,7.12373,0.775884,66.856,-935.984,-421.632,66920,-106680,-6440
12.422,5.55523,4.86244,0.318947,5.43646,0.411565,2.86,-3.37279,4.78786,5.46473,5.06076,6.59071,2.37867,3.40885,-2.30695,2.5569,62.464,-939.888,-417.24,67060,-107100,-5880
7.58504,-3.4804,-2.4845,-12.239,-6.80626,-5.34421,-8.68674,-6.71513,8.44586,2.91057,3.01681,-2.24375,-2.69004,-5.5389,-14.1108,-6.13285,61.488,-942.816,-412.36,67340,-107660,-5040
7.20037,6.48723,0.202764,2.34674,-3.15739,-3.97978,-5.73757,-4.90667,7.53792,6.67901,6.87862,3.14553,-0.649568,-5.0919,-0.880806,-6.27006,60.024,-941.352,-418.216,67900,-107520,-3920
-0.293783,9.42481,0.962604,8.76415,-1.88743,-1.77621,-3.77767,-4.31523,-1.86539,5.2223,3.79346,3.36408,0.995654,-2.45321,2.69238,-4.33873,61,-945.256,-409.92,68460,-107660,-3220
-9.45354,3.66069,-0.132177,5.84918,1.29613,1.54756,3.91152,-0.230259,0.43742,-0.00896483,-0.15185,0.690903,0.707385,3.45856,3.35343,2.31547,59.048,-945.744,-411.872,69020,-107800,-2100
-2.03333,0.183134,3.58884,5.0758,9.51302,8.17547,17.3642,11.5949,9.75145,1.4311,2.39335,2.92523,5.15774,10.2878,14.1551,13.6476,54.656,-942.328,-411.872,69020,-107380,-1540
-0.117972,-2.36776,3.54477,1.86648,7.08697,3.47786,7.82806,3.99997,8.39195,1.78091,-0.928738,2.4142,3.69201,6.82996,7.92357,4.706,50.752,-942.816,-413.336,69300,-107100,-560
-3.3846,-5.90072,2.52678,-6.21611,0.683925,3.13372,-2.02654,3.786,1.95707,3.1073,-0.460176,0.289378,3.19598,3.49037,-6.09694,-0.553015,53.192,-943.792,-418.216,69160,-107240,140
-7.86863,-9.24589,-0.816956,-7.01384,-4.44767,-2.25271,-6.18094,-1.20369,-0.721536,1.79914,-1.93528,-4.7961,-0.0748571,-1.66784,-6.37315,-5.66368,52.704,-940.864,-418.704,69720,-107240,840
-10.4771,-4.76108,0.0535393,-2.35933,-3.03732,-2.95557,-5.68862,-3.93647,-1.38738,3.36184,-2.02772,-2.50358,0.960744,-1.54665,-2.55337,-6.50901,52.216,-941.352,-419.192,69860,-107800,1540
-5.82617,4.41152,5.41881,7.44025,6.51821,2.48645,-1.5386,-2.74099,2.58086,5.6583,-2.28246,5.41094,4.5072,4.69992,0.439428,-1.72286,52.216,-944.28,-419.192,70000,-108220,1960
2.75428,19.6557,7.23538,15.3991,10.7814,2.97665,3.27742,-2.81462,16.5119,7.39437,0.124265,11.8718,3.64393,7.39351,3.9725,2.66137,52.216,-945.744,-423.584,70420,-109340,2800
0.634173,7.06705,0.983334,4.52854,1.36258,-1.51205,6.59447,-1.395,7.09099,2.93187,3.19173,1.82948,-0.477009,0.635653,11.4367,3.37143,53.68,-939.4,-424.56,70560,-109900,3360
6.92806,1.47895,2.51787,10.1951,6.49992,3.18425,17.8729,8.08549,8.47347,7.21146,8.02321,3.34737,1.22297,3.5581,26.8589,12.0381,53.192,-946.72,-426.024,70700,-110600,3780
13.2271,8.90745,7.41751,11.6754,10.1628,5.60406,13.7645,5.31166,15.6127,8.13726,3.76369,10.4279,3.41404,8.39536,18.1391,9.75814,49.288,-946.72,-427,71260,-112000,4480
19.6983,19.6495,13.6046,15.5127,16.3549,9.63889,11.4654,4.30211,15.21,10.6076,4.57544,18.9557,8.84436,12.8526,9.2931,9.25264,56.12,-948.672,-428.464,71820,-113260,4340
9.39775,2.43087,-0.374035,-2.35602,-1.91122,-1.32165,-5.91282,-4.51503,-4.65373,-2.384,-0.579572,1.93295,-0.0841348,-2.24836,-9.21942,-4.4823,62.464,-953.064,-428.952,73920,-115500,4620
8.30996,-5.94604,-4.68143,-4.54721,-5.21272,-0.992613,-3.0711,0.856505,-5.4724,-6.25574,2.48458,-4.58173,-2.02791,-4.27443,-5.44989,-1.9263,60.512,-951.6,-428.464,76300,-117740,4340
2.07283,-3.92049,-8.21211,-4.00487,-7.60846,-4.22138,-8.07958,-1.53653,-5.73446,-11.9527,-2.29537,-6.88935,-5.33748,-7.91114,-9.83564,-6.5892,61,-957.944,-428.464,77840,-119700,4480
-14.5513,-28.1206,-18.1034,-31.3388,-24.7855,-10.1798,-20.8663,-6.70887,-27.3506,-21.3584,-6.06264,-24.5972,-9.66609,-17.2163,-27.5531,-15.4656,63.928,-955.504,-429.928,80220,-121520,4340
-4.72027,-23.8461,-11.3315,-23.8281,-15.4262,-4.20527,-9.1307,-3.1752,-23.5962,-13.9841,0.588055,-17.4827,-4.32065,-9.36173,-14.1735,-7.44112,66.368,-957.456,-432.856,81620,-122500,4340
-1.47758,-6.26163,-8.97866,-8.298,-10.3635,-7.50315,-9.85415,-5.6731,-12.746,-14.1294,-5.95267,-9.10073,-7.42302,-9.17871,-6.34183,-8.91223,71.736,-955.992,-433.344,83860,-123900,4200
-6.67128,1.88904,-4.64986,5.10339,-1.35151,-5.92412,-0.214331,0.822414,-20.2125,-7.52341,-6.82659,-1.46085,-7.25269,-6.63831,4.82245,-0.418463,72.224,-965.264,-430.416,85400,-124740,4200
-13.7433,-10.4743,-4.83886,-6.0252,-1.81896,-4.2051,0.684926,-0.242059,-21.9651,-4.4025,-6.14178,-5.38134,-6.65304,-5.45412,1.43912,0.378555,74.176,-960.384,-427,87220,-124880,4480
-9.89518,-3.52267,-0.663673,-0.236042,0.792047,1.16756,1.98251,2.79142,-0.530097,4.20072,-0.851324,-1.03156,-2.04882,-0.211885,-0.070488,2.92301,77.592,-960.384,-429.44,88480,-124880,5040
-2.57028,18.2552,6.72034,14.8796,7.94578,4.35668,2.0164,4.62065,14.7381,10.2611,2.03352,11.2299,3.59667,5.23117,-0.855061,3.62153,74.176,-966.728,-428.952,89320,-124600,5600
-8.61987,14.7484,5.28216,10.1614,8.06434,4.79429,2.10436,5.69942,6.57883,5.47823,-3.63595,8.7056,2.2367,7.8021,-3.87912,6.27037,76.616,-962.336,-426.024,90020,-124460,6300
-13.5059,-6.15777,0.98983,-0.512985,1.8562,4.14671,2.07194,8.03195,-9.83996,3.70803,-1.77847,-2.44835,1.3488,2.21195,1.65732,6.66294,79.544,-966.24,-413.824,90440,-124320,7140
-7.56095,-10.6277,-2.2325,-10.2363,-7.3672,1.04208,-3.06619,4.22457,8.74288,5.96496,3.10112,-7.76479,1.45402,-3.61607,-3.21169,0.550494,82.96,-969.168,-412.36,90720,-124600,7840
-0.912676,0.538042,1.44851,-8.21107,-3.80895,1.22442,-4.25593,0.31952,15.9406,9.6179,4.21348,-1.23925,3.74065,0.325988,-9.50521,-0.316042,80.52,-966.728,-425.536,91000,-124740,9380
5.60918,5.50982,8.42686,0.379333,6.58273,5.36228,2.20986,-0.884124,11.9721,12.0126,4.50604,6.75006,9.18987,6.87412,-2.6756,2.42583,83.448,-970.144,-427,90580,-124320,10360
19.163,16.0529,9.47826,10.804,11.1377,1.85987,4.87648,-5.41858,22.4635,6.70795,1.87312,13.4133,5.77892,6.06258,4.94243,0.127931,82.472,-975.024,-420.656,90160,-123480,11200
24.0327,10.8008,5.2431,8.11943,8.53686,1.5406,9.32469,1.44042,19.2373,-0.715313,3.25877,9.58582,2.66932,3.43678,13.4698,4.66085,80.032,-974.536,-415.776,90160,-123060,12600
15.0514,-0.525817,-0.311946,10.8986,4.228,-0.546102,5.13339,-3.39713,1.54309,-8.41541,-0.672725,0.90658,-0.558719,1.55393,14.3494,0.81507,80.52,-976.488,-412.36,89320,-122360,13720
10.4817,-0.325096,1.36199,5.20181,0.0772537,-1.35964,-4.65782,-7.2527,-6.62609,-6.9719,0.484513,0.8568,1.4518,1.68321,-0.276145,-6.28678,77.592,-977.952,-410.408,88760,-120680,14840
3.50451,4.39315,0.254285,1.5247,-2.80168,-2.61508,-4.85285,-5.86838,-6.22072,-8.44543,-2.71095,-0.332375,-0.848671,0.455647,-4.99836,-5.63758,77.104,-983.808,-405.04,88340,-119700,15820
-4.67194,-7.80528,-1.86552,-9.81121,-7.13167,-3.09694,-8.11216,-6.28305,-14.6215,-6.92676,-4.89281,-5.31168,-2.19309,-1.5712,-7.75051,-7.46513,73.2,-985.76,-403.576,87640,-118720,16800
-5.33658,-15.0632,-1.44324,-11.1805,-6.27277,-0.144648,-3.54208,-1.52409,-6.57223,1.67487,0.200433,-7.08413,0.195622,-0.877765,-1.42511,-2.71251,70.272,-985.272,-405.528,87080,-117880,17500
2.82686,7.81686,5.31448,6.43841,5.75599,4.8535,6.68982,4.13193,12.9403,11.9636,6.06821,5.80232,3.77572,5.12691,10.1523,5.56897,69.296,-998.448,-400.16,86660,-116340,18340
-14.2587,2.01166,-3.60324,8.68237,3.63498,1.45904,10.1886,4.29531,-1.25429,0.175582,-2.44167,-2.51971,-2.72928,0.909669,17.8385,6.12542,70.272,-978.928,-393.328,85960,-115220,19320
-16.1197,-7.84689,-6.2649,-0.960113,-3.20261,-1.23114,3.12055,0.992741,-6.14583,1.02201,0.975895,-6.8437,-2.09904,-4.06098,7.41506,-0.0564307,66.368,-982.832,-390.4,85820,-113820,19880
-16.1416,-12.1904,-6.72601,-13.916,-10.2192,-7.06549,-8.35549,-7.60395,-7.50684,-0.805457,-1.7942,-7.63441,-3.79801,-8.5724,-12.893,-10.0666,59.048,-979.416,-386.496,85960,-112980,21000
-11.1801,-5.09642,-3.7064,-7.19326,-4.76679,-3.16183,-5.00197,-1.66813,-5.34645,-1.33747,-2.51607,-3.18961,-1.98745,-5.21195,-8.56326,-3.52035,55.632,-976,-385.52,85400,-112980,21560
-2.28152,0.0459812,-0.601017,-1.12705,0.771457,-0.498452,1.5206,1.75552,-0.0475523,1.1611,-1.69015,0.180436,-1.10267,-0.867519,-0.442879,3.18074,52.704,-972.584,-383.568,85400,-112280,21840
8.2404,16.1418,3.48812,13.1274,7.46912,-0.502278,9.72099,4.72593,19.0811,6.84497,5.22825,9.07289,-1.63371,1.89138,10.4778,7.0346,56.12,-970.632,-379.176,85400,-111720,22260
5.27531,12.3033,1.87742,8.39011,3.86062,1.11716,7.90859,9.31551,14.5237,4.62669,6.82447,6.78693,-1.4102,1.30232,6.70396,8.50999,50.752,-972.096,-375.76,85260,-111300,22120
-7.94907,-5.74249,0.806451,0.0780865,2.84509,5.14637,6.59712,8.44426,-9.94765,-2.59697,-0.0846563,-1.18065,1.043,5.35619,1.96937,8.26913,41.968,-966.24,-371.368,85820,-110600,21980
-3.04086,-8.02432,3.16034,-8.14877,-0.0237391,5.41967,-1.11079,3.54888,-8.59784,0.984579,0.149549,0.0564607,3.98014,5.41502,-6.94109,1.83733,45.872,-957.456,-368.928,85820,-110600,21840
-4.46199,-8.00853,-2.65949,-6.77508,-2.31656,1.45597,-5.16367,0.0563101,-10.746,-4.72872,-4.86605,-3.92005,-0.394202,0.158296,-9.37733,-1.23212,41.968,-965.752,-365.024,85820,-109900,21560
0.901901,1.78951,0.683693,1.11539,3.68329,2.93203,-2.43469,-1.14495,-7.67134,-3.41831,-3.09969,2.05892,1.5054,3.09265,-6.43189,0.60773,36.112,-961.36,-361.608,86520,-109760,21000
10.33,5.60705,-0.247288,1.85104,1.70537,-1.30456,-2.5308,-2.40654,-3.07638,-3.7072,0.295977,3.20248,0.308679,-1.27556,-2.08356,-2.64492,35.624,-959.408,-356.728,86520,-110600,20720
21.462,3.60697,0.321043,-1.88893,-1.18637,-3.70141,-5.87705,-6.14056,1.11774,-1.3226,1.48477,3.20256,0.200139,-2.81087,-6.59019,-7.55628,35.136,-962.336,-360.144,86100,-110880,20020
23.7525,7.58088,4.14224,1.70323,1.62853,-0.836186,-6.36922,-6.01592,2.97374,-2.85496,2.28395,6.53304,2.86843,0.31254,-6.62451,-7.09616,35.136,-960.872,-353.8,86520,-111300,19460
15.4626,3.13031,2.80897,3.00633,-0.941249,1.35671,-5.13485,-1.757,-2.29962,-5.17477,3.05968,0.619278,3.21201,0.3216,-2.55151,-3.83205,31.72,-963.312,-352.336,87500,-112140,18760
10.5573,3.08059,-1.15681,3.43576,-5.23956,-2.25168,-4.05135,-2.68449,3.30514,-8.14329,0.187604,-3.83792,-1.38939,-2.92442,1.71931,-2.47331,38.552,-957.944,-353.312,88620,-113680,18340
13.1586,4.99439,-2.10961,0.625203,-5.61046,-4.25875,-3.33835,-0.868139,9.55758,-3.10503,0.405265,-1.66088,-3.21776,-6.56399,-0.412899,-2.18671,37.088,-960.872,-348.432,89180,-114380,17920
1.75517,-3.64199,-4.47176,-0.846421,-3.41727,-5.38366,1.28464,-2.3478,0.0405992,-5.28927,-1.07121,-5.05055,-5.77808,-5.25293,1.5907,0.499402,40.016,-959.408,-339.648,90020,-115640,17500
-0.13284,10.0768,4.89432,17.4941,13.1119,1.61335,14.882,4.39239,5.99639,7.08923,3.71489,8.64381,0.678632,7.27582,18.1618,10.1821,43.432,-959.408,-341.6,90720,-116760,17360
-6.9734,-0.70113,0.211557,-0.887597,1.95066,-1.79903,2.94919,-0.408,5.10794,8.34852,1.18679,0.713478,-1.12874,2.57589,0.597122,1.4537,40.504,-963.312,-336.232,91280,-117740,17220
-14.8,-8.82527,-1.87903,-8.28345,-3.4973,-0.115294,-1.56422,0.711432,-1.9378,7.73993,0.573631,-5.84586,0.463904,0.414246,-3.97273,-0.0189765,41.968,-962.824,-334.768,91140,-118580,16520
-17.7775,-9.42233,1.20632,-3.32937,0.964206,3.95376,3.39003,1.99266,-6.01826,3.68432,-1.6554,-5.22768,3.5967,4.81405,2.07729,4.43064,42.456,-964.288,-331.84,91140,-118720,16240
-14.0224,-5.71295,1.14739,-0.606304,3.90747,4.46978,5.60481,2.66367,-1.94364,3.28354,-10.9873,-2.21593,1.10181,5.22096,4.37041,5.97887,46.36,-965.752,-325.984,91420,-119000,16100
-3.80807,1.20924,-1.15544,-0.220045,0.7335,1.72869,0.675027,5.24348,8.95604,6.71105,-22.4643,2.47912,-5.33011,-0.0214084,2.15579,2.09752,47.824,-965.264,-322.568,91560,-118720,15960
-2.22661,8.77232,0.552477,3.20953,2.75959,1.26959,1.81142,5.77392,19.9295,4.92411,2.04807,5.99164,-2.8384,1.25438,3.70841,0.837486,47.824,-961.848,-320.128,91980,-118440,15820
-17.0512,2.24361,1.36967,-1.62317,-0.306062,-0.604737,-1.39316,-0.530207,8.28921,8.31002,11.4155,-1.12462,0.110927,-1.06674,-0.185388,-4.61714,47.824,-960.872,-314.76,91980,-118300,16100
-21.6902,-7.16031,-2.05497,-8.34726,-7.98127,-2.97915,-6.69038,-3.97497,-6.9602,10.6558,8.80809,-10.121,-0.437077,-7.68852,-2.8104,-9.31867,48.8,-965.752,-311.832,91560,-118720,16380
-20.0288,-18.0774,-8.10428,-14.9165,-13.6937,-5.29026,-10.4329,-5.06233,-20.3128,-0.00827104,3.07748,-16.3016,-4.21931,-11.715,-8.14775,-9.55307,53.192,-966.728,-311.832,90860,-118580,16520
-8.15734,-6.88672,-0.705812,-0.674384,-0.0821217,3.02401,1.03748,1.2608,-17.1482,-13.0654,-2.11075,-4.40611,1.33078,-1.05575,3.40828,0.534607,50.264,-968.68,-307.928,90440,-118020,16940
1.09312,-9.00558,-1.97253,-3.8172,-5.44234,-1.40858,-3.90302,-3.09184,-24.587,-18.4121,-1.90424,-4.85861,2.03644,-3.33822,-2.69639,-5.38275,59.536,-976.976,-300.12,90160,-117600,16520
5.16052,-9.32288,-3.0927,-9.66451,-8.39227,-2.26844,-6.32083,-2.73883,-15.0018,-12.6537,-2.3075,-2.62492,2.42785,-5.09119,-10.1641,-5.65056,62.464,-963.312,-306.464,90020,-116760,16940
14.8997,8.69281,6.86221,4.10302,5.41492,5.02777,3.87089,-0.228913,8.91447,-2.55935,5.3222,14.3139,10.5276,5.7081,0.482471,2.17111,56.608,-955.504,-305,90160,-115500,17080
11.1916,10.5074,4.19696,8.71802,6.92912,2.41459,4.14978,-2.34641,6.75394,-1.98966,1.02155,13.3605,6.53335,5.32374,2.83496,3.11682,61.488,-959.896,-300.608,89880,-115080,17500
12.6179,15.9263,4.41737,13.7092,10.9941,4.4006,4.3379,1.09103,10.2957,5.9899,1.18893,12.6675,3.89043,6.21946,2.72245,4.47765,40.016,-948.184,-300.608,90020,-114380,17500
13.9163,5.26594,-1.26993,0.558953,1.7055,1.03079,-3.60673,-0.817761,7.73373,-9.36744,-4.21342,1.84976,-3.05962,0.0308904,-8.61461,-0.572236,66.368,-946.232,-300.12,89600,-112840,18620
13.8839,1.19984,-3.85936,-2.54572,-1.27614,-1.65241,-0.805698,2.09984,5.56883,-14.3609,-4.06868,-2.54189,-5.95587,-3.50775,-1.97541,1.92747,73.688,-945.256,-292.8,89320,-112280,18480
6.1717,-3.3058,-4.17257,-0.0907122,-2.24559,-4.52552,1.85259,-0.139051,1.19639,-3.0151,-1.03233,-5.40191,-4.76535,-5.12228,4.72794,3.50606,63.928,-942.328,-289.872,88900,-111020,18480
-5.87606,1.15742,-3.54633,2.36361,0.689346,-4.59833,1.82923,-1.53501,4.80654,6.12184,-2.47935,-1.08644,-5.5031,-2.80711,0.926959,3.76642,57.096,-942.328,-290.848,89040,-109060,19040
-2.65202,7.28221,0.567323,6.21882,3.50725,-1.68761,4.72337,2.56775,11.1146,15.2091,3.44096,4.84398,-1.93081,0.111475,5.62023,5.60887,52.216,-945.256,-289.384,88340,-108640,19320
-3.38592,0.730506,4.22045,1.89867,3.12293,2.3231,1.26499,1.15977,-0.263844,9.24065,3.01867,3.27853,3.23014,6.97671,1.27684,4.2752,50.264,-945.256,-280.6,87640,-107660,20020
-6.13137,-8.54359,1.67983,-5.2145,-0.964015,1.3812,-2.65218,-2.30346,-11.4087,2.66958,-0.0678246,-3.82181,2.1489,6.95024,-3.72811,-0.0329976,56.12,-940.864,-280.6,87360,-105980,20300
7.35837,-0.642816,1.48522,1.74792,0.803316,0.182732,3.9228,1.51404,2.95743,7.69367,6.04589,-0.238864,1.34183,3.63912,7.75974,2.82332,48.8,-945.256,-282.064,87220,-104860,20300
3.97055,-0.0959219,-2.556,-0.384762,-4.05119,-5.6743,-1.33085,-3.8342,1.97181,4.81599,2.44919,-2.06894,-3.90116,-3.17073,2.39355,-4.0815,53.68,-938.912,-275.72,87360,-104860,19320
-2.48955,1.31056,1.27644,0.982928,0.15668,1.45265,-1.50754,0.567217,-2.03804,3.76837,3.85282,-0.300475,0.876212,0.87519,-3.00451,-2.60906,52.704,-943.792,-275.232,87780,-104160,18900
-8.2447,-2.52768,-0.63135,-4.03449,-2.34715,1.08506,-5.2611,0.032876,-6.54839,-3.34189,-2.4164,-4.14235,-0.839087,2.28242,-11.3687,-4.51122,54.656,-944.768,-272.792,88900,-103600,19040
1.61338,-1.90061,-0.371223,-5.82779,-3.60178,0.632483,0.661102,5.19352,1.34811,1.19247,3.30718,-3.64481,-1.01548,0.653951,-3.56717,0.527538,51.728,-942.328,-271.328,89320,-103180,18620
11.0724,4.03631,3.89775,-0.634223,1.19331,1.85902,1.55335,3.30428,9.677,3.90277,4.25596,2.96499,1.11746,1.30079,0.979817,1.14306,51.24,-941.352,-267.912,90160,-102480,18900
9.20017,4.99141,4.08272,2.51396,3.74665,3.13356,1.72089,1.80088,5.04185,-0.644075,0.56467,4.4366,0.465489,0.842996,3.79505,0.964972,48.8,-941.352,-264.008,90860,-102200,19180
6.71744,12.7428,7.7073,12.6275,11.0899,7.69965,8.71084,5.16008,4.89845,0.0526017,0.675517,9.01057,4.66671,5.77897,11.3194,6.99262,50.752,-941.84,-263.032,91420,-101640,19460
1.17134,6.11776,5.78441,9.66595,8.59122,4.7585,6.22621,0.699209,-0.409546,-3.24452,-3.77211,4.93573,4.83965,4.75299,7.57578,4.43279,49.776,-945.256,-257.176,92120,-100660,19320
3.31826,5.28223,-0.9528,8.44193,4.79017,0.526836,8.28672,3.96969,7.49546,-2.0786,-4.49198,2.42538,-0.677116,-0.137331,12.0142,6.22504,47.336,-940.864,-251.32,92680,-99680,19320
9.26737,9.73921,-1.59514,7.99425,2.2128,-1.68177,5.44059,3.05379,15.339,5.21646,1.57516,5.52828,-0.828899,-2.48425,11.6348,2.80232,44.408,-937.448,-245.952,93800,-99260,19180
-5.55535,-9.07235,-4.16151,-7.9302,-7.79357,-3.4652,-8.27044,-7.45935,-8.8063,-3.31573,-3.18717,-5.41058,-1.34288,-5.35585,-6.52755,-8.43416,41.968,-938.424,-242.536,94780,-98700,19320
-10.9759,-10.8558,-4.68505,-5.56731,-4.31348,-1.32379,-5.37977,-4.75686,-16.0556,-9.8176,-6.10522,-6.96736,-0.767832,-3.9096,-5.58191,-5.19886,40.504,-944.28,-236.68,95480,-98840,19040
-9.09588,-10.2515,-7.29229,-6.83675,-6.34987,-3.3764,-3.62299,-2.06443,-8.88339,-10.7405,-7.03736,-8.29433,-4.32287,-5.8603,-2.20055,-3.01657,41.968,-942.816,-232.776,97020,-99120,18760
0.676575,4.04523,2.89815,3.58827,2.6078,1.77984,0.875415,0.505683,3.54849,-0.0323291,-1.46977,4.30526,1.39682,2.88315,3.58831,0.78306,42.944,-941.352,-229.848,98000,-99400,18620
0.740852,5.44656,4.39783,4.44438,3.05588,-0.335009,1.55673,-1.27822,2.65463,6.7008,6.76185,5.47456,2.6416,0.424559,3.51724,-1.25535,42.944,-941.84,-229.848,99120,-99120,18480
-11.761,-11.4172,-4.35498,-10.7395,-7.39386,-4.01153,-4.77543,-3.14999,-10.1243,-3.27788,0.21559,-8.6178,-2.32155,-6.72241,-8.85587,-4.75755,40.992,-941.352,-224.968,100380,-98560,18480
-9.97636,-13.6934,-3.73238,-14.0092,-8.02355,-1.21516,-8.93219,-2.03254,-11.5088,-4.51831,-2.98213,-8.0822,-2.60831,-4.06717,-14.3672,-6.16578,39.04,-948.672,-221.064,101500,-98280,18340
-13.7668,-16.1094,-7.99814,-18.1017,-14.1599,-7.1407,-16.8809,-7.84375,-10.0574,-7.71599,-6.70118,-12.8345,-6.9158,-9.9432,-21.3131,-13.3865,47.824,-941.84,-217.16,102620,-98000,18620
-8.5243,-5.49137,-4.38879,-9.90712,-9.34319,-6.22536,-11.193,-5.94128,-0.907744,-2.2065,-2.15944,-6.14067,-3.72945,-7.0456,-13.6769,-10.0114,49.288,-941.84,-215.696,103180,-97160,18760
-0.558386,3.28048,-1.36546,2.23101,-0.758186,-2.23564,-0.615658,-0.423296,4.91181,3.29202,1.13898,0.318418,-1.71868,-0.975971,-1.66191,-1.82341,46.848,-941.352,-215.696,103880,-95760,19040
2.37082,-0.000800592,-0.252121,-1.04145,-2.90241,-3.32753,-3.21206,-4.68396,2.61306,3.82953,2.02182,-0.500805,0.944628,-1.72917,-4.99507,-4.17024,42.456,-941.84,-215.696,104580,-95060,19180
1.30942,-4.01918,2.41436,-2.21504,-1.01406,0.696779,0.301061,-2.2335,-4.89854,2.644,2.97893,-0.393433,5.71774,2.27294,-1.93378,0.576583,45.384,-941.84,-210.816,105280,-94500,19040
2.13466,0.333286,3.58373,4.2836,6.54915,4.41111,8.22879,4.29002,-1.37198,1.03319,1.7402,2.36679,6.38918,7.89661,5.89231,9.42611,47.336,-939.888,-207.888,105700,-93800,18900
-0.637399,0.926425,0.351867,2.46022,4.81052,3.78437,6.89857,5.84601,1.47994,-3.22792,-1.95237,0.86822,2.3013,7.28233,3.82399,9.9437,47.824,-936.96,-205.936,106260,-92960,18760
8.92235,11.714,6.79431,10.0743,11.6291,7.34429,10.4166,10.2295,9.69672,7.82541,4.55405,11.5331,5.53393,10.8097,7.72425,12.1591,45.872,-937.936,-201.056,105980,-91560,18480
1.50888,2.45694,-0.062634,-0.812241,-1.61644,-1.39223,-2.45038,-0.36718,1.59255,4.67586,1.33606,1.93723,-0.903963,-0.959328,-1.2204,-2.30474,47.336,-940.864,-200.08,105700,-90580,18340
0.437014,7.27233,4.11725,10.1056,10.146,7.1266,10.4114,8.48512,2.27702,3.22097,4.19209,6.24541,2.82224,7.98246,12.4254,8.57204,44.896,-942.816,-193.736,105280,-89880,18200
-2.38181,3.43535,0.167881,7.40584,7.36628,3.45894,8.73696,5.04191,-1.17825,-2.85566,-0.416567,2.80396,-1.72076,3.82343,10.0801,6.50646,39.528,-941.84,-191.296,104440,-89600,18340
-1.90597,4.32906,-0.967391,6.8541,4.54161,1.932,5.52597,5.21258,-3.26754,-2.74481,-2.15791,2.06244,-3.4048,1.21167,8.35076,4.69811,41.48,-949.648,-185.44,104160,-89460,18340
4.98965,6.46193,2.26384,5.48781,5.05964,1.3811,4.12753,3.99618,0.722175,3.30822,2.21187,5.60904,-0.693097,2.40439,7.41282,3.89884,39.04,-947.208,-181.536,103880,-88760,18200
0.354915,-1.28207,-3.58246,-2.17197,-4.02334,-3.31796,-1.4777,-2.7352,-2.26828,-1.38327,-0.709327,-2.08917,-3.31869,-4.11564,1.383,-2.06468,40.504,-944.768,-182.024,104160,-88200,18200
11.2731,6.11083,2.95658,4.95962,0.778307,-1.52613,-1.12943,-4.09519,5.8621,6.75516,6.86962,5.57961,1.40883,-0.552105,3.39062,-2.78761,38.064,-949.648,-182.024,104300,-87780,18340
6.36828,-1.23876,-0.310645,-2.58752,-5.1314,-3.56873,-9.73251,-6.23866,3.78554,1.88506,2.7918,-1.16508,-0.987741,-4.60354,-5.35714,-8.15824,36.112,-951.112,-176.656,105000,-87780,18200
3.372,0.157293,0.404946,-1.48524,-2.15786,-1.94913,-7.46996,-3.83873,4.52206,-0.64285,-2.22001,-0.639991,-2.39209,-2.2469,-4.79061,-5.65154,34.648,-952.576,-174.216,105420,-87640,18060
-3.05248,-5.83529,-3.36513,-8.36078,-6.30816,-1.91505,-8.83755,-2.58841,-2.99075,-3.42219,-2.75714,-6.28472,-2.65287,-5.81956,-10.1321,-5.59169,31.72,-953.064,-170.8,105840,-87500,17640
-15.5334,-19.2707,-11.8441,-20.0578,-17.0046,-6.28867,-13.6309,-5.57474,-14.2815,-11.6245,-4.01085,-18.8722,-6.56981,-12.0023,-17.0208,-9.41055,33.672,-956.968,-170.312,106680,-87920,17080
-6.37877,-7.6274,-1.37303,-7.66399,-4.56467,0.61828,-1.76841,-1.92472,-5.9425,-3.49301,-2.35121,-6.95198,0.00263713,-1.31163,-4.06053,-0.898952,32.208,-959.408,-166.896,106680,-87920,16520
5.88001,9.71933,5.22913,9.4174,8.33021,4.39809,11.3862,3.14345,9.4614,-0.419818,-2.25765,5.39695,1.40442,6.21831,11.8325,8.68711,31.232,-958.432,-160.552,107100,-88060,16380
8.50543,12.507,4.5124,11.603,8.9429,4.50309,12.6159,4.36686,13.4362,1.8096,-0.122831,6.60205,2.26037,5.8969,12.8706,9.61115,29.768,-961.36,-161.528,107520,-88200,16100
4.41548,1.22863,1.99768,2.15971,2.64668,2.443,7.54159,2.49901,4.58771,4.54313,5.26083,0.838166,3.44229,1.13312,4.89635,5.58625,33.672,-964.288,-157.624,107520,-88480,15680
9.53611,3.95852,2.03898,2.93048,1.38165,-1.91475,3.58,-1.62354,12.6683,6.66502,3.21509,3.38303,0.313102,-1.23539,5.58393,1.29948,28.792,-967.704,-160.064,108220,-88060,15400
6.10684,4.35358,2.9068,4.30154,3.85062,2.79097,1.55703,1.34714,7.77499,3.08472,2.41239,4.84971,2.95394,1.78084,4.50038,1.59571,27.328,-964.776,-157.624,108780,-87500,15260
2.39398,1.58401,0.671483,1.93936,0.248009,0.382639,-0.209967,-0.687015,3.77012,1.80576,-5.5703,1.93185,0.670874,0.0243342,-0.515666,-0.997633,26.352,-968.68,-150.792,108920,-86800,15260
15.0954,12.056,4.80448,11.4714,7.40046,0.744119,4.35967,-0.223573,11.1236,4.30752,-17.9787,12.1755,-0.030962,3.68072,4.22863,1.62078,24.4,-968.192,-146.888,109340,-85960,14980
15.3688,11.897,4.43446,9.29515,4.40791,0.47922,1.83512,0.0482777,13.5735,-0.316121,7.39763,11.6503,4.49342,0.86471,3.1997,-0.0245728,21.96,-969.656,-147.376,109900,-84700,15120
-2.87438,6.1072,7.17818,6.81634,5.05387,2.42595,0.336727,-2.87936,3.26408,3.48793,16.3529,6.52715,9.78659,4.71974,1.73578,-1.33401,14.152,-967.216,-139.568,110180,-83020,14840
-5.3466,0.343126,7.52168,1.6758,2.4162,0.920985,-1.02329,-4.40046,-5.22164,8.77579,12.0096,2.694,8.21645,4.22483,0.232162,-4.08826,16.592,-969.168,-129.808,110040,-81620,14560
-3.94011,-2.44861,1.91108,0.903826,2.70575,1.67946,4.98056,5.22884,-11.481,3.00212,6.55988,0.136803,2.08638,3.58641,2.23357,3.39288,8.784,-970.144,-130.296,110460,-79100,14000
-2.69184,2.1217,2.57568,7.61154,8.16983,3.04545,7.9176,8.54322,-15.799,2.7135,-3.0035,4.30395,-0.997009,6.64866,5.45745,8.20818,3.904,-970.144,-125.416,110460,-76720,14000
0.460373,3.11256,1.41967,4.47162,5.94436,3.03211,4.65812,7.04265,-6.76493,2.99579,-12.105,4.61383,-1.67771,5.63591,3.14484,7.05289,-2.928,-966.24,-121.024,110740,-74340,14000
-7.5677,-6.29333,-7.14747,-4.65669,-1.58287,-2.69081,-1.84879,-0.40099,-5.59822,-9.76165,-10.3887,-4.68308,-7.1607,-0.846073,-3.98184,0.1921,-3.416,-966.728,-116.632,110880,-72380,13860
-3.006,-4.09518,-7.16774,-8.53647,-8.94727,-5.87274,-7.99884,-5.58861,4.719,-1.60577,9.81085,-6.27359,-2.46461,-7.80355,-7.9555,-7.48155,-8.296,-971.12,-112.728,110740,-70560,14000
-13.0379,-17.8015,-9.23855,-22.7189,-17.9781,-8.55397,-18.2709,-10.0702,-11.9087,-5.42325,2.40353,-14.1346,-3.32943,-11.8599,-21.4805,-14.2547,-19.52,-972.584,-113.216,111160,-68180,13580
-17.9259,-23.7057,-10.1255,-24.8489,-15.8225,-3.47082,-12.8607,-3.60073,-20.6661,-11.6367,-5.46277,-17.6344,-4.80442,-7.97492,-17.9669,-8.17986,-23.912,-975.024,-107.36,111160,-67060,13580
-16.2903,-22.5363,-12.6349,-22.8097,-15.2674,-4.8065,-12.2328,-2.42891,-18.3116,-14.9625,-10.4797,-19.0143,-8.19383,-10.2975,-16.189,-8.41038,-29.28,-966.728,-98.576,111160,-64820,13580
-17.5131,-19.8971,-13.7374,-20.3314,-17.1088,-8.5702,-14.7012,-3.72024,-16.695,-16.09,-8.88735,-19.6128,-9.71964,-13.8183,-16.1274,-10.707,-41.968,-973.072,-101.016,111440,-63420,13580
-23.777,-19.4211,-11.2833,-19.338,-12.9685,-4.2836,-11.16,-1.72558,-19.9175,-11.9281,-9.60869,-17.6517,-6.56051,-8.59207,-18.3937,-6.07281,-47.824,-970.144,-100.04,111440,-63280,13440
-21.1871,-11.5572,-8.25948,-9.58313,-7.0281,-3.57623,-5.51716,-3.45857,-16.865,-9.52308,-6.90354,-11.2683,-4.67683,-4.87934,-7.96348,-5.25799,-48.8,-966.728,-93.208,111720,-63140,12880
-11.51,-6.45202,-4.82449,-5.08925,-6.12947,-1.44193,-6.02019,-2.69608,-9.67664,-3.77671,-7.78298,-5.62024,-2.09178,-4.00323,-3.03541,-6.90095,-55.632,-970.632,-94.184,112140,-63140,12320
-4.29543,-2.33671,-1.78857,-2.87549,-4.45082,0.5809,-8.16061,0.364102,-2.84105,-2.77079,-2.35845,-1.95822,0.00802742,-3.0391,-6.09189,-6.6651,-58.56,-973.072,-89.304,112420,-62860,11620
3.80621,6.00274,-3.67207,7.68355,0.195737,-0.861157,4.14465,6.99242,8.18966,-4.04161,2.0342,-0.255321,-2.83367,-2.65775,11.4602,3.28379,-57.096,-972.584,-87.84,112560,-62440,10500
14.7709,9.70569,5.67874,11.9953,7.40028,4.29554,9.75115,7.77469,10.9651,7.58331,11.0426,7.75549,3.86458,5.29091,14.2421,9.64533,-59.048,-969.656,-86.376,113400,-61880,10220
20.1885,11.5038,12.0915,11.9885,11.6134,6.22839,8.67233,-0.58568,14.1194,12.2387,6.98344,13.5889,6.62287,12.0948,8.07845,9.35309,-57.096,-974.048,-84.912,112980,-61320,9800
16.8285,14.5605,12.1564,16.2898,13.7309,7.8092,12.7456,2.77236,16.6586,10.3713,8.63357,13.6725,7.03674,13.2985,11.2303,11.9001,-57.584,-980.392,-81.984,112700,-60200,9240
16.0524,17.5164,9.60098,20.9494,14.2257,5.63721,14.5964,2.76918,14.8252,8.68498,-4.29216,12.017,2.1095,10.0697,16.9506,11.5935,-57.096,-977.464,-80.52,112700,-59640,8820
22.1823,16.7125,4.16932,13.1403,4.81383,-4.2765,1.67222,-8.40471,21.9015,2.95222,-15.6166,9.75378,-6.00463,-0.586401,6.35434,-2.36867,-53.68,-979.904,-78.568,112840,-58800,8540
31.9227,26.9617,10.6029,18.5011,9.6335,-1.2333,2.47629,-7.24573,36.3985,4.56413,16.6122,17.6485,2.71528,1.96628,11.0885,-3.98166,-60.024,-962.336,-70.272,112700,-58800,8400
19.7084,24.9757,15.2476,19.2242,17.1265,5.86675,12.9979,-1.19899,30.1175,14.9164,15.751,17.0225,7.57812,9.82014,19.6446,4.98737,-36.6,-970.144,-115.656,118020,-66920,9520
19.9463,23.2286,21.6533,21.6302,23.834,12.1819,16.4136,5.4005,18.2868,19.5868,14.5623,23.4292,14.4909,18.1839,19.6024,9.51983,-28.792,-981.856,-122,114940,-69720,9660
28.7297,28.1996,24.8331,31.9899,30.6955,17.0375,26.4264,16.6657,25.7943,24.1813,16.4594,30.6126,16.5744,22.7247,27.8899,19.5468,-13.664,-1001.86,-110.776,107660,-55580,6860
13.8082,15.7829,12.7073,21.4597,18.9189,12.3168,24.5679,20.6715,19.7483,20.4659,7.98984,18.3657,8.53062,14.863,23.5871,21.1474,-21.96,-1008.7,-100.04,107940,-43120,6020
-5.35168,-0.120278,-1.49336,3.60982,3.89137,4.36908,11.8858,13.6494,2.29429,10.6639,2.5017,3.1147,1.43651,2.20085,10.5836,11.9607,-35.136,-1007.72,-79.544,114100,-41300,6860
-10.6321,-5.07504,-7.22869,-9.85674,-8.3834,-2.78311,-2.92025,3.72403,-1.78764,3.7191,-2.11859,-4.02411,-3.05667,-7.213,-5.80783,0.306065,-52.216,-999.424,-69.784,116340,-43540,8400
-23.5406,-24.367,-12.1739,-25.8877,-19.4535,-8.51389,-14.7257,-4.82506,-25.0167,-9.0615,-6.18104,-18.2723,-4.82507,-11.8759,-19.5952,-8.11269,-57.584,-994.544,-70.272,118440,-47040,9940
-37.2956,-24.5575,-10.8695,-21.0948,-14.2766,-5.1025,-10.4728,-4.34386,-33.196,-10.9784,-5.54335,-27.6371,0.663728,-6.87451,-15.8749,-5.55646,-47.824,-1004.3,-106.384,121520,-52080,10780
-16.1793,-15.768,-13.0296,-10.7166,-12.5427,-10.3514,-11.6739,-13.4866,-29.9858,-21.463,1.55623,-21.2827,-0.583694,-10.2658,-12.1272,-12.1822,-40.016,-1012.11,-102.48,118020,-46340,10360
-1.86296,-13.3495,-16.5632,-7.71653,-12.1608,-12.1281,-11.2395,-13.2711,-24.0187,-23.8423,0.642528,-12.7542,-5.96203,-13.9172,-8.86936,-13.3397,-48.312,-1004.79,-86.864,115500,-40740,9940
-8.86438,-11.0623,-13.794,-12.018,-13.7374,-11.2184,-16.0771,-15.0459,-12.9966,-15.1699,-21.8131,-9.34015,-12.545,-13.6823,-12.5442,-14.9062,-58.56,-1004.3,-75.64,117040,-40180,9800
-5.08659,-2.82341,-4.42135,-7.71689,-8.55145,-5.43705,-11.048,-9.02276,-0.909089,0.610911,-15.053,-1.57222,-6.23059,-6.83288,-9.48026,-8.9211,-60.512,-1010.65,-69.784,115920,-40880,9800
-16.9312,-10.607,-5.80302,-13.2323,-7.95969,-0.693017,-8.62332,-2.72153,-12.5454,-5.38496,-6.40177,-6.97937,-2.19702,-3.92203,-13.6974,-4.10299,-64.416,-1017.48,-65.392,114240,-39620,9940
-13.3834,-14.8245,-3.72058,-16.9801,-9.40949,-0.0237256,-11.9725,-4.02282,-15.1489,-9.13147,-5.25439,-7.06893,-0.61492,-4.59166,-15.8581,-7.37239,-69.296,-1011.62,-67.344,114380,-37380,9940
-5.56902,-9.98337,-1.87336,-11.1187,-6.27409,0.550888,-9.29859,-0.405472,-7.96354,-5.79068,0.229084,-4.1642,0.359964,-2.74583,-11.7697,-4.25662,-74.664,-1011.62,-65.88,113820,-35840,9520
-7.70365,-14.0788,-5.39186,-9.93156,-6.15314,0.369272,-3.99911,4.13449,-12.7891,-13.3098,-6.92959,-7.45694,-4.42656,-2.47031,-8.23656,1.59171,-70.76,-1008.21,-71.248,112980,-34160,8960
-1.46518,-8.22874,-2.34352,-8.18619,-3.90268,2.25613,-2.51424,5.33034,-3.89501,-6.49569,-2.43105,-3.24724,-2.3324,-0.857065,-8.0948,2.81879,-73.688,-1016.99,-68.808,112560,-32060,8400
-4.22197,-7.04478,-2.66958,-8.79263,-3.3841,2.645,-0.255341,8.99181,-5.66625,-0.672102,-0.0812139,-4.67577,-1.65522,-0.43113,-6.90061,5.77697,-73.688,-1020.9,-64.416,111860,-28980,8260
-4.01331,-10.4304,-1.74977,-10.0009,-4.4342,-0.0965486,-2.73437,9.26402,-8.36083,-0.323581,8.43608,-4.94647,-1.77743,-0.0579679,-7.37793,4.06335,-73.688,-1017.48,-61.976,111860,-27580,8540
2.76199,-0.805661,6.19866,-0.036477,4.66943,5.28514,4.49117,12.5247,2.69451,6.28093,13.7062,4.22428,2.65015,6.74039,-1.12612,8.43358,-75.152,-1015.53,-60.512,112280,-27440,8960
9.10785,8.14151,0.852392,0.0620848,-3.0786,-2.55123,-0.355156,-0.963045,20.0706,5.58058,8.58879,1.68143,-3.53494,-2.91736,-0.491982,-1.11678,-77.104,-1021.38,-57.096,112280,-27860,9240
19.8052,11.3885,-1.15827,6.13215,-1.7969,-4.5854,-3.19928,-8.1893,21.0922,7.39076,-18.5028,5.94428,-10.7292,-6.62015,5.14637,-10.1313,-78.568,-1022.85,-50.264,112980,-28280,9520
28.6074,24.9441,2.88633,26.4137,13.8705,-3.31861,10.9766,-7.92174,27.0166,-1.81978,-28.3571,17.3878,-12.3451,2.47059,25.8162,-4.43869,-73.688,-1017.48,-55.144,113680,-30240,9940
19.8381,17.1045,8.96222,21.5605,13.5743,-3.11041,8.16709,-15.479,18.6374,3.06935,18.268,16.8919,2.20226,6.23063,17.9111,-5.75544,-76.128,-1020.41,-54.656,113120,-29400,9800
-7.67345,-11.2101,1.05474,-5.01684,-1.99065,-3.6555,-2.46617,-10.5411,-13.9301,10.0794,10.1294,-5.09728,3.75049,-1.30386,-6.84762,-6.58194,-72.712,-1018.46,-52.704,112700,-28560,9800
-25.7841,-4.28537,-2.98123,-9.71263,-6.02529,-5.48247,-8.34766,-9.53507,-10.778,4.03381,-5.77566,-15.7458,-1.40491,-5.09488,-14.7115,-7.00373,-76.616,-1022.36,-45.384,112000,-27300,9800
-11.9309,17.52,5.85555,13.9519,12.1653,3.78351,11.0633,6.44656,4.57449,0.451228,2.87257,1.45848,6.20138,10.3905,10.9793,11.8933,-72.712,-1019.92,-41.968,111720,-27160,9800
-1.86661,6.88062,1.73134,12.2933,6.35428,4.60448,9.15696,5.48514,0.798976,-2.16183,7.69041,1.0223,7.89197,7.24484,16.1184,5.0965,-72.712,-1020.9,-38.064,111300,-25760,9380
7.52606,0.689703,5.00371,7.12378,8.37594,0.944697,0.485255,1.01635,4.09676,8.40475,6.61236,3.25965,8.04373,4.07695,13.2234,-10.2185,-68.808,-1012.11,-31.72,111860,-25060,9520
18.2665,11.8819,13.7701,13.7161,17.2482,6.36217,3.40998,7.94332,14.7955,16.0559,8.10474,12.8454,12.2233,10.9003,6.95591,0.93695,-70.76,-1008.21,-28.792,112700,-24360,9520
7.47427,3.29012,6.79349,-4.58244,-12.4124,5.08048,-19.4323,-2.84995,3.15826,3.74382,9.18231,0.932198,12.1997,9.78711,-21.745,-7.29438,-77.592,-1009.67,-31.72,113540,-24640,9380
-5.96703,-4.89849,-8.90326,-14.9591,-25.9544,10.1183,-21.4544,-1.38696,-1.75,-7.15924,-3.41157,-9.56641,2.92762,-18.9131,-17.5089,-12.4323,-69.296,-1004.3,-26.352,113820,-25760,9380
-16.9288,-3.01957,-8.14995,-3.11345,-13.4901,2.37774,2.42697,2.12598,-9.87739,-0.722567,1.87231,-13.0033,-1.31913,-21.1387,-0.417213,2.55782,-73.2,-1003.33,-24.4,114240,-27020,9100
-0.0175295,-1.36079,0.346134,8.79727,16.6175,-11.4778,24.9833,9.76379,-5.70517,-5.8159,7.92668,1.56872,-0.936872,6.18169,17.0344,22.6744,-67.832,-997.96,-21.472,114660,-28840,9100
24.6425,13.9933,16.5178,32.155,43.2386,17.1325,48.701,32.5224,18.808,2.38191,13.4966,25.3058,10.1214,33.5638,42.5296,47.9917,-62.952,-992.104,-26.352,114380,-30800,8680
20.5956,10.5123,11.7234,4.52478,19.4872,16.6595,26.9661,14.4447,18.556,8.14736,-6.04821,15.1638,2.71806,26.3273,18.0549,30.0612,-59.536,-994.056,-14.64,113540,-31220,8400
9.52245,3.79738,3.75605,-8.88207,3.96715,12.7301,12.1554,4.0936,7.12259,6.82956,-3.54123,7.56715,1.38915,3.52043,4.5891,16.3265,-58.072,-989.176,-19.52,113680,-32200,7700
5.08354,8.13181,2.48537,11.4972,-5.82165,-2.76209,5.72034,1.83677,-0.656127,4.01278,1.05797,6.10542,-1.48016,0.289423,6.45951,6.27771,-55.144,-993.568,-23.912,112840,-33320,7140
0.526785,4.08458,1.0983,10.1158,2.50235,-2.06914,-0.768802,10.3434,-6.84643,0.862876,2.89613,6.29614,-2.15183,-6.00231,-0.230346,-2.49181,-55.632,-999.424,-22.936,111580,-33320,6580
-3.41187,-3.00714,-2.94472,-0.399709,2.48507,0.745693,-2.28661,14.0504,-5.29014,-1.93197,-5.04121,1.34747,-3.23761,-1.86697,-2.99305,2.9139,-51.728,-994.544,-19.52,111580,-35000,5880
-10.4563,-8.37721,-15.1614,-14.2805,-12.751,-11.7072,-18.0322,0.176824,-7.93881,-18.0069,-34.9655,-7.58249,-16.1714,-8.04283,-18.9234,-10.0079,-46.36,-998.936,-14.64,112140,-38500,5460
-11.2278,-6.85875,-14.8219,-8.8562,-11.1794,-10.8856,-15.3331,-9.18451,-6.8096,-20.8191,-14.7061,-5.3232,-12.5791,-11.255,-11.5672,-15.9165,-45.872,-992.592,-0.488,112560,-41160,5180
-6.97779,-11.3726,-3.45588,-10.1591,-10.5544,-11.0096,-11.0873,-23.8331,-4.85777,4.48432,10.7457,-4.02799,-1.44436,-10.0367,-4.8726,-18.5752,-47.824,-987.712,-0.488,114100,-45640,5180
-22.8556,-19.8534,-5.92881,-18.1272,-16.8955,-14.1016,-18.3189,-32.996,-19.3248,4.77644,1.71129,-18.044,-3.86652,-14.0251,-10.5642,-27.6191,-42.456,-987.224,0.488,115500,-48860,5040
-13.3676,-2.45448,-0.814737,-4.71244,-7.20614,-11.3729,-20.1628,-34.2833,-3.16162,7.27909,6.00949,-6.38949,-0.536303,-9.63632,-8.32758,-32.0109,-37.576,-987.712,-9.272,114240,-49560,4760
-13.8533,-18.6925,-9.44379,-20.2815,-16.9421,-11.3724,-37.3942,-40.5419,-21.1068,-13.8179,-6.95971,-11.2011,-6.2155,-15.4751,-30.0938,-42.4672,-41.48,-987.712,-1.464,111720,-46900,3920
-24.1079,-29.515,-16.3532,-29.0035,-23.0834,-9.23021,-26.6482,-24.8357,-31.1973,-19.4908,-15.0278,-25.1608,-11.4535,-17.5448,-25.3484,-26.3941,-48.312,-992.592,2.44,111300,-44520,3220
-15.223,-12.6148,-8.99791,-11.0617,-10.3262,-6.31874,-5.98334,-8.41368,-7.9478,-6.02911,-9.80185,-15.6641,-7.0401,-9.89976,-7.36802,-6.22564,-47.824,-988.688,2.928,110740,-43120,2940
7.20466,13.0618,0.574083,11.778,6.08254,-4.22097,8.45865,3.55881,16.2166,-1.08226,0.672036,4.26476,-0.191892,3.44276,7.67937,9.37872,-54.168,-985.272,6.832,111160,-42140,2520
16.1152,12.8245,6.99392,7.74487,8.56337,7.90218,7.96929,32.1583,18.0691,8.3193,3.00833,9.59075,4.33395,9.35886,2.67712,20.0729,-46.848,-981.856,-6.832,112280,-42280,2100
9.83448,1.5342,8.36625,-5.21022,3.88881,15.1291,3.94849,44.5214,9.76651,8.97822,-1.72178,3.48231,5.07386,12.1711,-6.10928,19.7688,-55.632,-996.008,6.832,111720,-42560,1400
7.45178,2.32226,8.28674,0.0604848,7.09819,15.9451,14.3441,28.9833,0.909017,4.0554,9.60805,4.22963,8.99441,12.4783,2.70478,20.678,-61.976,-996.984,30.256,110740,-38640,280
7.07045,2.73555,5.77571,1.4463,4.40236,9.3249,14.9441,12.7014,4.78605,3.45211,20.6566,3.94519,9.66804,7.62884,4.7887,22.4819,-55.144,-993.08,27.328,115500,-41160,-140
14.5599,7.12432,10.4292,7.63649,10.5716,9.1326,23.6772,12.8726,13.5004,9.39168,16.5042,8.72517,12.6164,11.0432,15.1894,25.5689,-57.096,-993.568,16.592,116060,-42280,-420
26.8878,19.0252,17.4739,21.3281,21.3882,10.6572,25.9907,0.418448,20.2154,16.3814,12.7736,19.1361,14.3904,16.2247,23.7659,17.9334,-58.56,-998.448,39.04,114100,-39060,-1400
23.4921,22.6096,12.9171,31.1621,21.748,7.98658,22.0463,-3.43792,15.3239,10.9664,11.1042,19.4384,7.91117,11.0166,25.518,10.9479,-59.536,-991.128,48.312,115500,-37520,-1820
0.00731102,6.24994,-2.52274,9.61845,-1.89256,-3.83688,-10.449,-4.95771,3.10499,0.926612,2.34638,-1.43339,-4.79693,-5.28031,-8.19093,-14.6753,-54.656,-989.176,41.968,116340,-38500,-2380
-17.1216,-1.19098,-7.14882,-5.76012,-9.94002,-0.959833,-16.8008,0.609941,0.716227,1.88243,3.25045,-14.3491,-4.25863,-7.9895,-18.2136,-12.6259,-54.656,-986.248,51.728,115360,-37940,-3360
-18.4706,-30.1808,-23.6136,-24.1744,-22.456,-9.16231,-16.3085,-3.00106,-25.7529,-29.2657,-5.55292,-27.0732,-13.0879,-18.3675,-10.6382,-13.5298,-52.704,-982.344,52.216,115780,-37520,-4200
0.266672,-14.5965,-11.5497,-12.0176,-10.3574,-6.05796,-10.3826,5.72761,-6.62721,-9.59166,-7.01581,-7.42426,-9.51039,-11.3016,0.207428,-9.80106,-51.728,-978.928,50.752,116060,-38220,-4900
11.5909,6.50311,4.41852,7.54588,4.14918,-4.67698,3.49422,-6.11675,8.83584,14.6975,-28.2621,11.2891,-5.35489,3.64916,12.9382,-0.0684636,-53.192,-977.952,53.192,115640,-39200,-5740
15.4859,25.4595,11.6114,29.214,17.4563,2.2108,17.2947,-12.1462,1.85503,9.74862,-15.54,21.4232,2.82853,11.4049,27.7223,8.30457,-49.776,-972.096,54.656,115360,-39200,-6020
-17.0132,-6.86234,-5.61044,6.78187,2.5607,0.508004,6.76125,-3.80135,-33.4115,-21.1292,4.02367,-4.57623,-0.672247,2.46805,7.85879,3.1457,-44.896,-974.048,57.096,115220,-38780,-6720
-27.2204,-18.6628,-9.20628,-19.6501,-14.2597,-5.16553,-14.6379,-12.1627,-10.0463,-12.426,2.82872,-17.041,0.0809065,-9.06341,-20.2422,-9.58667,-40.016,-975.024,67.832,115080,-37800,-6860
-0.678881,12.4456,5.85384,-4.97282,-1.33029,-1.27355,-14.115,-6.77987,15.4699,6.91213,2.32684,5.02849,7.73176,0.730765,-18.6065,-5.95842,-40.504,-970.144,67.344,115780,-36680,-7140
22.6592,22.0562,13.9388,10.0746,17.2595,3.57992,6.85003,11.5171,20.4136,15.3266,14.5012,21.4858,9.34813,8.67798,9.54752,6.62036,-40.504,-966.24,63.44,115920,-35000,-6860
27.463,30.3628,23.881,24.5429,37.2807,8.7885,37.3639,16.5549,28.7515,26.4073,21.8053,30.7788,13.8127,24.8213,38.8952,26.4284,-41.968,-971.12,61.976,115220,-33320,-7000
2.49558,8.28882,10.7331,10.9682,7.21732,-1.19978,13.8667,-9.07306,5.32813,9.85137,15.4447,8.91684,8.2954,12.8604,14.1369,13.251,-42.944,-972.584,63.928,115220,-31500,-7140
-8.37246,-2.29047,-7.72759,-3.31389,-16.8896,-6.52951,-13.2966,-18.2251,-1.61011,-10.5564,-4.43353,-8.24658,-5.32587,-6.31918,-13.3315,-11.369,-42.456,-970.632,65.88,114940,-29960,-7000
-14.1603,-11.9445,-16.1859,-10.113,-12.1548,5.15326,-15.4524,3.15311,-16.8225,-24.9778,-49.9786,-11.3859,-17.0533,-14.0701,-17.7993,-15.2131,-47.824,-966.24,75.152,115080,-28700,-6580
-19.4388,-28.3181,-22.2831,-23.1249,-32.6151,-5.11949,-28.5564,5.62801,-18.5169,-26.7533,-40.635,-23.9134,-20.4687,-25.3547,-25.0959,-24.608,-55.632,-962.336,74.176,115780,-29120,-6160
-6.69719,-11.405,-7.08504,-16.6068,-2.84432,-7.68315,-5.4974,0.245007,7.09739,-7.72842,15.3533,-5.47752,-2.91761,-12.7532,-8.93221,-8.68717,-51.24,-960.384,71.736,116060,-29260,-6160
-8.65578,-0.383767,5.59692,6.30259,16.6791,-1.11582,19.6015,5.56145,6.61075,7.38428,11.6095,1.85097,2.65574,12.7553,10.9488,17.4862,-57.096,-960.384,68.808,115640,-28140,-6440
-1.05585,-8.9864,4.12867,-0.570653,8.65227,4.31594,14.2428,3.43359,-3.53848,0.516887,-2.01733,-1.64107,-0.499037,17.5413,7.9889,8.725,-66.856,-959.408,80.032,114940,-26320,-6720
4.93658,-8.72445,0.0792344,-6.81149,-2.46264,7.11271,-5.35069,-7.28848,-12.9648,2.01759,-1.20123,-0.711719,0.587524,-8.68705,-8.88774,-9.89068,-70.76,-952.088,77.592,114940,-25900,-7420
-2.46575,-16.151,-7.52855,-18.1688,-26.0674,-14.529,-27.1748,-18.5359,-26.4113,-1.63052,-21.3261,-13.583,-9.84416,-14.6449,-28.2655,-23.6765,-70.272,-950.624,78.568,114660,-26180,-8260
-12.2871,-8.38316,-1.50802,-9.43558,-12.8374,-0.641377,-15.0759,-0.170008,-3.8007,10.7454,3.49564,-11.7677,2.20886,-15.2318,-12.9687,-7.19781,-72.224,-952.088,80.52,113960,-26460,-8960
-13.0473,-0.00951464,-4.03822,10.4863,-3.82893,-8.61316,-0.307698,-1.47758,6.40478,4.33917,42.2499,-12.5638,7.54369,-7.00271,8.31821,-2.18339,-72.712,-947.208,82.472,113260,-27160,-10500
-1.87686,2.83331,0.906135,2.19313,9.75731,-1.56388,12.2499,0.490678,-1.79223,2.87817,30.7392,-2.80257,8.28086,6.6532,10.2484,11.9865,-76.616,-945.744,81.008,112700,-28000,-12040
5.45597,5.45402,3.43893,6.79623,13.1071,10.0992,20.2578,15.8053,4.46133,4.66483,-6.44104,6.69969,2.36976,18.4029,12.3794,25.4303,-72.224,-946.72,87.352,111160,-29260,-13860
10.8385,5.4504,-0.779841,1.35171,3.67971,5.32387,7.50839,18.9523,4.60427,-1.56475,-9.45982,7.36861,-5.59897,12.0838,7.03454,8.7485,-68.808,-945.256,95.16,109760,-30940,-15260
6.08299,-8.65926,-3.04737,-16.9511,1.64884,6.32111,5.66084,13.2071,-14.8128,0.909963,-2.21468,-2.54437,-4.52651,-4.57381,-4.21131,5.90907,-63.928,-943.792,89.304,108780,-32200,-16240
5.62763,7.46787,7.52972,2.39785,2.74892,6.77169,1.35707,1.74934,7.21331,4.92759,-1.52345,8.64303,3.63106,10.7344,2.29693,7.31334,-56.608,-945.256,85.888,106820,-33460,-17360
-4.82761,9.94361,6.84752,15.5818,-16.6806,9.08745,-28.7372,-2.03055,-0.578334,-1.79448,-5.6975,6.52839,5.51965,1.64057,-4.59809,-13.2568,-53.192,-943.792,84.912,105560,-34300,-18480
2.4196,6.66406,3.97914,9.40529,-0.466151,4.03392,-10.932,-6.91044,1.4299,-0.619245,1.8907,6.5062,6.71621,-7.34073,4.60041,-18.4303,-48.312,-943.792,81.008,103880,-34580,-19880
3.29009,2.84565,-5.8804,-10.7832,-4.36388,-17.2253,-11.3148,-22.3185,11.5174,-2.52066,-1.72223,-0.704511,-3.17872,-14.7083,-10.4643,-20.2727,-45.872,-942.816,76.616,102480,-34580,-21000
4.36104,1.51918,-4.04342,-5.72624,-2.95454,-11.5799,-5.16339,-11.7471,7.72308,1.65159,-1.70304,0.145701,-2.10569,-4.33121,-8.90582,-4.04428,-41.968,-946.232,85.888,100520,-34020,-21700
15.2188,15.4463,5.8875,13.8219,11.0898,3.14518,10.6281,2.20404,13.4005,10.393,3.63429,11.1124,3.18042,4.90634,8.73531,9.24421,-39.04,-943.304,86.376,98560,-34020,-21980
11.6605,7.46595,4.01154,5.38431,5.1906,0.629049,8.33499,3.92552,1.83912,4.50622,-7.19762,4.74573,0.808868,1.95592,-0.599982,9.7472,-40.016,-943.304,88.328,97300,-33880,-22400
9.32546,4.01608,3.0132,5.3146,5.22867,2.90477,12.932,8.06925,5.83994,-2.44618,3.02748,4.55829,1.91645,2.07381,8.99277,12.7278,-34.648,-949.648,87.352,95900,-34300,-23240
2.51862,-6.69601,-0.170334,1.97514,0.502881,-2.56251,2.39795,-2.40631,-0.255635,-3.55353,9.4206,0.11862,-0.0306784,-1.86579,8.20579,-2.5938,-40.016,-952.088,85.888,94500,-34300,-23800
9.39589,6.16348,7.83227,6.84127,11.8291,2.60638,8.6723,-4.65262,12.7524,12.0828,10.3278,7.44083,4.01297,5.63628,8.94771,0.690381,-37.576,-954.528,90.28,92680,-33600,-24360
20.476,19.6353,7.32604,17.3346,14.5749,-0.6838,11.7629,-6.36359,25.9173,13.7905,9.13933,13.2526,1.48959,6.64486,15.7365,1.97116,-31.72,-961.36,83.448,90440,-32900,-25060
3.71209,0.157999,-0.319411,7.26443,4.13018,-1.6035,7.25968,-5.57705,-0.573174,-6.32622,-3.94723,0.707738,-1.46251,2.48652,9.2109,2.60609,-22.936,-967.216,80.032,88060,-31220,-25480
2.9227,-1.10106,4.05109,-0.752463,2.31033,5.10556,9.23365,6.4693,0.536057,-2.88867,-3.49466,-1.60197,3.02116,5.45291,-0.375021,12.6816,-22.448,-966.728,84.912,84840,-27020,-26040
4.55603,2.22969,-2.09482,-5.36611,-4.03252,-0.594074,-0.241564,4.17047,8.71193,-4.62214,-22.6502,-0.397487,-5.2591,-0.445894,-7.57102,6.11125,-24.888,-972.096,103.456,83720,-25900,-26320
-7.66547,-7.73224,-7.93021,-7.85636,-0.764784,2.85478,3.55001,16.727,-10.8922,-20.3864,-12.187,-3.37289,-5.3491,0.460555,-1.85437,11.2335,-36.6,-970.144,112.728,84000,-27580,-26180
-37.47,-21.588,-8.4347,-17.8391,-2.52559,5.19896,-9.43463,18.4125,-22.9794,-18.0716,7.03828,-15.3354,-0.501904,1.76894,-14.5339,4.80686,-42.944,-969.656,113.704,83860,-29680,-26180
-34.3124,-24.9981,-9.9577,-19.067,-21.6536,-4.29694,-24.9873,4.28614,-30.2262,-10.4562,3.49712,-22.2617,-4.47782,-2.31374,-22.0938,-17.8691,-35.624,-967.216,111.264,82740,-30940,-26460
-27.7169,-15.3918,-9.87429,-10.2646,-11.3489,0.601104,-6.8432,-10.897,-25.8272,-11.4557,-13.707,-14.2989,-5.0305,-5.75635,-8.33134,-13.8255,-36.112,-965.752,115.656,80780,-32340,-27440
-14.5347,5.50071,-3.44465,8.78382,6.96736,1.09176,5.01397,-20.7156,-8.14207,-5.90875,-17.545,2.3578,-4.16608,-7.02548,-1.50671,-0.659988,-30.744,-970.144,112.24,79380,-33460,-27720
0.240936,12.49,3.5847,11.8117,7.07019,-4.91826,4.56685,-8.0053,6.2122,8.63912,5.08671,8.40263,0.479672,-1.94121,3.6906,3.73175,-29.768,-976,104.432,76440,-33460,-28140
-9.96957,-11.8441,-4.75026,-2.16925,-3.21231,-6.44582,-3.79826,6.3798,-17.2018,1.33988,4.28322,-8.21927,-5.01143,-6.12579,2.99496,-5.56797,-24.888,-975.512,101.504,74760,-32900,-28560
-2.91876,-17.1196,-0.171694,-7.05834,-1.42916,1.85523,9.51622,24.3133,-23.8932,7.35823,0.400286,-8.18657,-1.63873,3.11828,8.44515,9.6478,-27.816,-974.536,116.144,73780,-33040,-28700
9.80877,5.63453,7.32441,4.41849,-1.56878,11.1388,0.135693,19.9986,11.9735,11.7941,5.70404,5.70055,6.54402,5.62473,8.82293,15.1807,-20.496,-973.072,111.752,73920,-34720,-28980
3.89891,13.2962,3.05823,3.36518,-9.94684,1.13721,-15.1937,-5.07449,26.8566,16.5461,11.6648,1.11572,3.47149,-5.58864,4.87155,-19.1287,-16.104,-973.56,108.336,73500,-35420,-29400
-8.45231,0.806333,0.3563,-20.8418,-2.36138,-8.60033,-8.86196,-36.9924,9.42287,11.4947,17.451,-9.83638,5.76839,-3.9249,-12.7433,-27.7352,-21.472,-972.584,119.56,73360,-35700,-29820
17.8139,-6.23912,-2.59739,-13.1633,-5.32625,-13.2754,-7.92875,-39.3739,-4.95967,-9.45661,19.4576,-2.67596,4.82553,-3.40861,-13.4947,-12.6333,-11.224,-973.56,103.944,72800,-36260,-30380
15.6017,-3.43334,-7.36209,6.89581,-10.5153,-8.37662,6.61623,-8.39641,0.97735,-12.2316,-16.6303,1.44119,-6.65463,-6.07995,9.20436,5.72633,-10.736,-974.536,114.192,71680,-35000,-30380
26.3608,22.0032,10.7735,28.6511,20.386,10.0673,28.1314,20.7515,18.4558,8.54163,-25.9551,20.8731,0.385455,6.40894,27.5268,25.5075,-12.688,-976.488,116.144,70420,-33180,-30940
30.1721,28.1579,17.235,25.1817,23.4704,9.05063,18.8689,30.8919,25.0874,13.8827,-6.95844,23.5637,6.82483,17.6016,16.2295,23.9121,-9.76,-973.072,121.512,70140,-32620,-31080
12.9255,16.7311,7.02036,9.15292,8.1825,10.6449,-1.71152,38.7564,23.4876,-3.61997,7.21476,12.1195,6.26126,13.5604,-3.54666,12.2917,-6.344,-975.512,121.024,69720,-32760,-30940
-8.18134,-12.0396,-5.72259,-12.7329,-11.1181,2.29892,-26.1182,5.23001,-7.33186,-10.2162,4.9541,-6.34666,-2.32387,-7.54436,-24.816,-21.4389,-3.904,-971.608,116.632,68320,-31780,-31360
-13.8517,-41.6803,-10.948,-37.0273,-28.6949,-12.3192,-37.9851,-39.2992,-40.3526,-1.39832,6.4242,-21.9257,-6.53437,-20.2659,-40.2347,-42.4391,-4.392,-965.752,131.76,67480,-30800,-31640
-14.8618,-22.192,-7.45881,-22.6579,-20.322,-13.1149,-24.2558,-37.6253,-22.622,5.79406,8.60024,-16.8248,-3.64959,-15.405,-24.1262,-28.0019,-3.904,-963.312,126.88,67480,-32200,-31920
-5.20269,17.508,5.23796,18.044,13.1969,2.60038,14.6853,-4.60409,13.1029,7.47617,1.09631,8.77141,4.57267,9.44799,19.3129,9.08631,-1.464,-967.216,131.272,66920,-32340,-32340
19.9066,29.6965,16.4045,28.8448,28.398,12.2875,33.6198,11.7889,32.9337,15.5408,15.3869,25.7425,11.8179,20.7325,33.0155,26.8158,2.44,-963.8,137.616,65380,-31500,-33040
16.9152,22.0475,11.04,18.281,17.2093,7.5605,20.3877,11.864,27.397,14.2666,15.4932,18.052,6.46464,14.6515,15.8428,19.8051,-0.488,-960.872,138.104,64680,-30800,-33460
3.20186,-5.13325,-5.90988,-3.03612,-1.14699,0.725332,-0.131323,13.0951,-3.17008,-9.22667,-23.3016,2.39573,-10.5988,-0.913028,-3.72417,5.38425,3.904,-963.8,144.936,63840,-30380,-33460
-1.21474,-10.227,-5.17332,-1.4949,-1.91451,-0.793233,-2.9048,-0.79349,-13.694,-13.0994,-7.41501,-1.47993,-3.55033,-3.38137,-0.0598044,-2.32578,0,-965.752,141.032,62720,-30100,-33880
-30.2923,-8.53835,-12.4285,-9.09309,-11.2187,-5.17563,-8.20354,-9.71276,-10.1909,-16.6932,-5.29835,-20.4215,-4.2427,-11.3294,-4.74272,-9.3567,5.368,-966.24,139.568,62020,-30240,-33880
-28.6975,-5.95043,-14.8734,-12.0527,-9.5025,-5.86998,-5.95194,-4.53495,-9.79668,-21.0119,-10.4496,-18.4635,-7.83207,-12.7842,-7.6146,-6.64954,4.392,-962.824,143.472,60340,-29820,-34160
-8.23768,-13.6837,-7.55083,-9.61263,-5.78746,-2.90954,-1.5074,4.58222,-25.5369,-14.9336,-12.387,-9.71044,-5.77461,-7.80351,-2.02207,0.619827,6.344,-957.944,141.032,58660,-28420,-34580
3.68309,-10.4275,2.5205,-6.77387,-6.93148,-0.414423,-6.40704,8.5291,-15.3116,3.74162,-3.48513,-3.35048,-0.72268,-3.31954,-4.77375,0.970249,-2.928,-972.096,144.936,57820,-27440,-34720
18.1386,12.5029,13.6095,1.55133,5.4142,3.4334,2.3528,3.1895,19.07,22.5892,19.4448,11.4019,9.09451,5.43408,-0.748331,8.12251,-6.344,-969.168,152.744,56980,-27580,-35280
13.1274,9.0662,5.48792,0.962031,3.86977,-4.34246,6.38142,-6.53835,15.4204,10.0482,10.1589,6.61139,3.90992,5.23827,0.0354872,8.53424,5.368,-963.8,150.304,56280,-28140,-35280
8.29004,3.88336,3.06738,3.86386,6.70698,1.31505,12.6086,-1.59368,4.69325,0.840741,-2.26367,4.91681,3.67895,8.56495,9.66736,9.98332,5.368,-963.8,151.768,55160,-27440,-35700
3.5562,5.70236,-1.33806,5.893,8.30707,7.92358,9.60894,12.8601,6.8696,-10.6765,-26.4974,4.47901,-5.4217,4.07741,9.18827,6.00069,1.464,-963.312,155.672,54320,-26740,-35840
-9.98721,1.94047,-6.30195,5.38078,0.114489,5.16247,5.60014,15.9408,4.98231,-10.0075,-3.14782,-3.09323,-4.83533,0.528479,6.73171,6.15848,0.488,-961.36,159.576,52920,-26180,-36120
-36.1886,-1.00009,-5.06232,3.54463,-3.06056,2.17313,4.01682,7.76091,-1.78998,4.74996,7.65772,-16.4812,0.505531,-1.09741,5.79378,5.47531,-4.392,-963.312,158.6,52220,-25340,-36120
-14.9847,-9.99181,-4.16229,1.4616,-1.0029,-1.27538,0.932328,-4.20905,-16.4643,-6.52434,13.0329,-10.4157,2.73365,-0.794791,4.84429,-2.74406,-11.224,-964.288,160.064,51520,-25760,-35980
6.58606,-13.8267,-5.09637,-4.60908,-5.85345,-6.89444,-7.70185,-17.777,-10.3503,-6.16011,1.68572,0.312007,-3.70075,-5.7167,-3.69566,-13.2026,-13.664,-963.8,169.336,50120,-26180,-35840
13.8043,7.81465,6.01214,10.3225,6.20566,-4.78811,-0.433372,-13.2958,12.1021,15.9663,-6.46758,13.9144,-2.2575,0.760877,3.27927,-6.63235,-10.248,-956.968,163.48,48440,-26460,-36120
0.901803,2.10091,6.29365,-0.887052,10.4419,-3.02403,-0.0678466,-3.94123,0.84769,11.302,-2.95364,5.98057,-0.618916,5.2454,-3.2647,-1.71772,-6.344,-960.384,156.648,47320,-25900,-36120
7.33874,7.62885,12.9064,-1.61472,10.2446,7.24614,2.73763,6.89048,-6.42358,10.1669,10.5783,9.54797,9.84031,17.5832,-4.07402,7.12483,-5.856,-962.824,157.624,46060,-25620,-36400
-2.58873,-10.9997,-4.10223,-14.6504,-17.7088,1.56047,-14.659,0.248487,-21.397,-0.409957,7.80444,-9.83538,1.64059,-10.131,-17.1566,-6.78585,-7.808,-968.192,165.432,45220,-25480,-36260
3.49979,2.99108,-2.35318,-2.76563,-18.1765,-6.66744,-19.5787,-8.3289,12.8707,6.28586,9.77806,-3.48083,-1.1057,-14.5827,-11.341,-18.1382,-14.152,-964.776,169.824,45080,-26460,-35700
19.0841,7.07919,4.13641,8.49401,0.294383,-6.7693,-5.85978,-7.26839,8.39838,3.12399,3.49103,7.86363,-1.2474,-5.24106,2.33758,-13.991,-17.08,-965.264,167.384,44800,-27720,-35280
15.0328,4.1207,8.15695,7.40048,8.30689,2.14741,3.797,-5.07594,-7.48497,4.24877,-8.23486,6.56832,2.86386,7.18289,3.03125,-2.47165,-15.616,-965.264,168.36,43680,-27860,-35280
4.96337,10.0072,4.98845,10.1577,12.1289,2.8515,3.09623,-1.96664,17.0238,-1.29346,-3.49247,6.17234,3.92575,4.18703,9.53519,-1.64707,-17.568,-962.336,182.512,42140,-27300,-35560
-6.436,-8.51928,-6.13959,-1.3515,0.557395,-0.611528,-1.19227,2.4375,3.74342,-18.0065,2.07867,-6.52895,-3.40647,1.45584,3.34458,0.591424,-18.056,-964.776,174.704,41440,-27300,-35700
-11.7988,-18.0481,-6.52975,-26.8588,-16.5694,6.93234,-9.3493,4.92929,-13.3137,-8.3823,2.82938,-15.4128,-0.604486,1.69813,-17.8287,4.36154,-19.52,-962.824,172.752,39900,-26740,-35700
-19.8245,-21.1447,-12.5574,-27.6457,-18.6906,8.72561,-7.83155,10.5131,-21.5555,-12.3582,-8.84727,-18.2229,-2.11489,-15.2853,-23.6425,3.93033,-21.472,-959.896,171.776,39060,-26600,-36120
-16.9885,-13.666,-12.8363,-7.35201,-22.3645,-6.90586,-1.72358,5.50447,-17.1937,-16.4012,-9.18581,-14.5826,-4.95406,-9.66512,-10.0972,5.85929,-21.472,-962.824,171.288,38360,-26320,-35840
-6.18362,7.17368,-2.42044,13.4216,13.7209,0.93493,20.5357,13.9009,1.68312,-4.90359,-5.67497,3.81292,0.0305205,-7.46215,16.2944,18.6223,-20.984,-960.872,165.432,37800,-25620,-35840
10.0041,13.7067,7.6393,12.6045,23.8836,1.95364,21.5683,16.6767,10.2937,6.28168,-12.2926,15.3457,0.114306,9.92443,17.7258,17.8188,-24.4,-959.408,165.92,37100,-25200,-35700
21.9325,18.2618,9.14401,18.8268,12.8571,0.793707,5.20166,13.1735,23.7853,6.2015,-19.6124,18.3221,-2.64912,15.5904,14.3653,1.59365,-25.864,-957.456,163.968,37100,-24920,-35420
26.1836,34.0207,14.5501,33.3971,20.7688,11.21,18.1397,0.229777,41.6665,11.9929,13.3918,25.974,8.93354,17.9696,27.7286,8.54499,-24.4,-959.896,159.088,35980,-24920,-35280
1.67807,10.189,0.678052,1.48836,0.662871,-3.98415,0.630401,-12.3027,18.6591,8.02043,13.5299,3.90483,0.366813,-1.13704,1.67697,-0.847777,-27.328,-962.336,163.968,35420,-24360,-35000
-0.67436,-1.10697,-2.36961,-3.40488,-3.96191,-3.48437,-5.79587,-2.72859,-1.13733,6.50261,10.3475,-2.37393,-0.447223,-3.7695,-4.66426,-1.83779,-29.28,-959.408,165.92,35280,-24220,-34720
-5.21018,-9.57296,-0.919619,-9.51902,-11.7597,-5.61793,-18.4449,-16.9814,-6.62457,8.94484,9.53897,-6.16293,1.79872,-2.40491,-13.5464,-16.1757,-31.232,-959.896,163.968,34720,-24220,-34580
-0.277552,-1.93405,4.05105,-4.04432,0.416929,0.832596,-11.4419,-16.6099,-0.968467,7.30697,10.6561,2.59128,6.25477,1.04628,-7.10963,-14.4041,-28.792,-957.456,158.112,34580,-23940,-34300
3.37004,-8.60208,3.8095,-4.67295,1.87682,-2.35941,-2.83091,-16.768,-12.1896,6.01752,5.46789,3.36966,1.45497,2.42806,-3.20201,-7.79453,-26.84,-960.872,165.92,33600,-24080,-34020
5.67242,-12.0411,4.87838,-3.96177,-1.80682,-8.11428,-5.7754,-31.4367,-15.5792,8.12634,1.3825,0.678096,0.916848,-1.62526,-3.8365,-16.0563,-33.672,-958.432,173.24,33040,-23380,-33600
-5.79725,2.17078,0.639417,0.209466,-0.974429,-6.60921,-0.548162,-16.8597,-3.67557,5.19081,9.72253,-5.28638,2.5606,-3.84088,3.66048,-8.47667,-36.112,-956.48,173.24,34020,-23520,-33180
-10.8581,3.96879,-9.49215,0.589488,-0.20396,-1.64696,4.39606,18.6862,-1.95741,-10.2334,-4.99241,-7.77562,-4.29426,-6.79334,4.67799,8.77212,-34.648,-954.528,170.8,33740,-24920,-32900
-7.45099,-1.50546,-11.0118,-3.12241,-4.61239,1.35655,5.47652,26.3549,-4.0684,-15.5652,-12.6141,-7.76406,-6.87867,-4.36277,0.678127,12.9931,-34.16,-955.504,174.216,32480,-26040,-32480
-34.4159,-14.7191,-13.2597,-17.2232,-15.4067,0.597585,-7.54085,17.5012,-17.4645,-9.05754,-8.42609,-26.8874,-6.12562,-12.4856,-15.9888,1.05998,-29.28,-956.968,173.728,31220,-26740,-32620
-30.753,-33.6953,-20.8565,-26.8468,-22.4901,-2.18621,-16.778,11.3021,-39.8334,-29.9661,-1.61651,-33.6233,-7.70037,-15.4383,-23.5006,-8.20232,-23.912,-954.04,179.584,30800,-26880,-32340
-0.552762,-18.6185,-5.83536,-9.17696,-1.34726,4.65933,-2.8219,7.9905,-22.7645,-21.8871,-4.8744,-4.89666,-4.00926,0.884655,-6.62142,0.469455,-20.984,-954.528,169.824,30520,-27720,-32060
9.31429,1.38198,6.54966,-3.6533,-0.310726,4.39078,0.765261,7.5029,3.87542,3.63964,-16.1691,6.33427,-2.38349,10.5214,-2.88651,6.24457,-19.032,-955.016,177.632,29540,-27860,-31920
25.5398,21.9613,20.0977,13.962,16.7904,15.4865,23.3963,17.3918,22.075,25.6905,6.9842,23.4578,11.7862,18.6303,16.8574,25.08,-17.568,-959.896,182.512,28840,-28420,-31640
18.6246,15.6381,13.2181,18.4423,18.3426,7.45775,25.1853,-3.44199,15.8367,12.187,1.80753,19.1902,5.98348,10.1817,21.7813,18.8976,-19.032,-956.48,187.392,29400,-29540,-31360
2.06988,7.96856,3.01895,9.57459,5.3736,-7.06717,5.39143,-12.2867,7.78296,-0.984272,-5.68552,4.62529,-4.96055,2.93996,11.1458,-4.83079,-17.568,-959.408,188.856,28980,-30380,-30800
0.253006,9.06265,4.01236,6.16081,4.67008,1.29927,-2.29513,-3.55162,8.79628,3.70066,-2.52501,4.25443,0.352239,6.05903,1.85029,-4.95505,-10.248,-960.872,184.464,28140,-31500,-30100
14.0732,6.51494,3.02131,4.26374,2.43688,0.115826,-6.13441,-4.38559,9.65042,3.49729,-14.1263,10.1455,-0.682665,3.97219,-3.19595,-4.86015,-9.76,-959.896,190.32,27720,-31500,-29960
15.7778,14.9718,8.13454,13.9452,10.9743,2.11468,-0.335717,-4.99348,14.4188,5.54792,2.66429,15.7336,2.37338,7.2911,5.82968,-4.80771,-8.296,-958.432,189.832,27860,-32480,-29400
-18.7484,-2.46451,-9.5484,-4.7115,-9.25901,-3.36937,-19.7745,-7.61407,3.98531,-10.2933,8.34928,-9.52338,-3.3029,-10.1939,-9.63867,-20.8274,-2.928,-963.312,189.832,26880,-32760,-28980
-10.1761,-3.22832,-9.3555,-5.84408,-11.7298,-12.5913,-20.6408,-28.8213,2.80585,-0.842872,8.00102,-8.74109,-2.92596,-24.7666,-8.51099,-32.239,0.976,-963.8,189.344,25900,-32900,-28700
1.9413,-3.82555,-6.61687,0.87609,-7.80837,-22.9623,-4.25243,-31.5414,0.854747,1.74648,2.75091,-2.96457,-4.05715,-20.4325,3.3033,-17.8194,1.952,-962.824,190.32,25200,-32760,-28420
5.54418,0.0172536,-0.697672,7.56974,-0.359956,-11.0126,13.6926,4.40141,6.0978,1.77267,0.58793,2.19173,-0.425566,-1.30611,12.788,13.6148,8.784,-963.312,191.784,24220,-32760,-27860
12.9333,7.10654,7.31205,10.5092,7.74731,10.912,20.3462,29.8289,13.4343,7.80059,12.5448,8.35461,7.78141,12.4847,14.4148,31.6379,9.272,-965.264,192.76,23800,-31780,-27720
8.91043,4.70222,3.94057,-0.0211812,1.46071,11.4024,9.32654,27.2942,13.6595,7.52461,8.28291,3.33979,4.9978,7.51922,2.90764,23.9063,10.248,-966.24,196.664,22820,-31080,-27160
4.98298,-0.654321,1.78346,-2.18996,2.51336,7.0883,5.71451,15.8934,6.15339,-0.198163,0.813085,2.40838,1.07567,5.15442,-4.2473,14.9322,17.568,-968.192,189.832,22260,-30660,-26740
-3.55459,0.142343,5.96466,4.88805,12.7298,9.53758,9.37049,5.68508,-5.32098,0.752798,3.18441,3.7445,5.60526,10.3875,2.5528,10.8932,16.104,-966.728,171.776,21980,-29960,-25900
-7.93008,-5.16969,2.98011,-0.140616,2.17477,0.799313,-3.65586,-14.2891,-11.9859,0.152799,3.37933,-3.98847,2.83183,1.34135,-1.32223,-7.68361,17.08,-982.832,205.936,21420,-29260,-25060
-13.1142,-11.6772,-1.99378,-7.97975,-4.36735,3.82196,-9.90121,0.123465,-19.925,-6.81335,1.99653,-8.46933,1.63637,1.52846,-8.58524,-6.54617,17.568,-977.464,209.84,21700,-30100,-23800
-9.34952,-13.9071,-2.99839,-17.2275,-8.81053,6.22527,-16.0501,6.98256,-16.1124,-9.43976,-4.1493,-8.42052,0.623793,-0.377006,-20.7119,-7.11679,13.664,-976.976,214.232,21700,-28280,-23100
-7.176,-11.6285,-7.32203,-19.0508,-13.7141,1.7088,-18.46,1.96216,-10.5015,-7.57828,-13.0136,-10.1115,-3.5921,-6.5115,-21.782,-14.2684,15.616,-973.56,206.912,20160,-27720,-22960
-4.73841,-9.99815,-9.2671,-12.8704,-12.898,-1.03072,-8.45047,3.14467,-9.93722,-7.12476,-9.26746,-7.96431,-5.43048,-9.0947,-8.52381,-7.47776,13.176,-972.584,213.256,18480,-26460,-22960
5.25231,-6.66559,2.60391,-4.34759,-2.84795,-4.33014,-3.59337,-7.82561,-6.01587,15.5165,4.45997,3.92167,-0.795666,-2.77757,-3.53088,-6.02788,15.616,-975.024,202.52,17220,-26180,-22960
-14.605,-6.81601,5.14463,1.23845,2.51277,-4.19826,1.299,-13.5199,-33.4699,19.7543,6.9315,-10.6437,3.90034,2.62773,-2.0995,-2.4811,13.176,-974.048,200.08,16660,-26600,-22540
-14.4376,2.42472,-7.26314,7.97271,-0.960991,-8.87109,0.89397,-12.7119,-13.3805,-11.6839,8.70252,-10.9449,1.05223,-4.17578,6.8883,-6.19105,12.688,-975.512,191.784,15820,-26740,-22400
14.3938,10.3348,-7.26757,15.4585,4.62352,-7.08293,6.75313,-0.519826,14.2629,-18.0076,-23.8284,11.4381,-9.64278,-2.70003,15.66,-1.6612,15.616,-980.392,191.784,15120,-26040,-21840
32.7535,18.5944,6.68078,20.2732,13.369,2.82344,24.3484,16.4124,23.7841,1.96338,-14.3397,21.2872,-4.44455,9.308,20.3959,24.5357,17.568,-981.368,186.904,15260,-24500,-21560
9.29278,32.1378,9.86324,14.4445,11.8238,7.08332,14.0672,13.0562,44.1701,14.6543,2.34173,12.3815,2.73247,10.3362,12.3382,22.7222,19.52,-982.344,194.224,15120,-23660,-20860
-8.85772,20.94,4.60253,3.63645,10.7272,13.2505,7.94123,7.18523,21.774,-5.44051,1.35416,3.98149,6.08072,12.2888,3.49077,12.0548,10.736,-985.76,179.096,14840,-22540,-20300
-16.2815,-15.7507,-8.8998,-29.082,-6.94188,-6.76116,-13.3328,-23.1589,-17.2181,-16.8958,9.97195,-14.5512,-0.947091,-6.72136,-16.2333,-21.1859,16.104,-991.616,186.416,13300,-20020,-20020
-14.9896,-23.752,-12.9799,-24.1307,-25.2001,-14.8515,-21.7614,-21.621,-24.5271,-7.16792,-1.27002,-22.008,-9.99024,-19.2759,-14.0164,-30.5622,12.2,-990.64,194.224,13860,-18620,-19460
1.6226,-13.2508,-3.1456,-4.71403,-14.3561,-2.9837,-10.8437,-9.14014,-14.0259,0.0896928,0.920097,-6.9474,-3.32723,-10.8034,-4.15473,-14.3241,11.712,-995.52,200.568,15260,-18620,-18480
17.544,5.43504,10.578,14.5001,11.7872,4.4554,6.90746,2.01374,13.0841,9.76722,1.81105,12.567,2.92907,4.01047,6.72139,4.19501,9.76,-993.568,199.592,16380,-18480,-17920
18.7639,16.9463,15.171,17.4411,21.9078,6.41187,22.7238,16.8715,21.4868,13.4258,8.23112,18.2993,7.61254,21.3071,15.7351,20.6914,7.808,-993.568,198.128,16800,-16240,-17640
2.91574,2.42352,6.24306,-5.67515,7.33838,7.19278,2.69632,10.3354,3.76789,10.9708,11.665,6.71732,7.35183,5.54756,-0.680973,7.77233,10.736,-992.592,203.496,16380,-14840,-17360
2.94088,-0.0825053,4.7534,4.52628,1.48822,7.23943,2.8951,8.24489,-4.29865,8.31653,6.73571,6.9465,3.47624,5.48232,4.08312,5.04346,5.856,-987.712,207.888,15120,-12880,-16940
3.09141,2.10971,3.96061,6.95423,1.67068,4.91586,1.96519,7.8647,-3.05473,9.13176,5.52878,4.29085,4.05323,7.06077,3.73231,1.52628,6.344,-985.76,206.424,14840,-13440,-16660
6.14608,6.22479,0.884259,2.39351,0.877114,4.20343,-4.98359,3.92703,12.7696,2.83816,3.32718,5.16756,3.0619,-1.63134,-4.83599,-3.00192,6.344,-983.808,212.768,14420,-14280,-16520
-2.43728,-2.61008,-5.03567,-2.23117,-7.51981,-6.08211,-7.57102,-9.38329,3.32694,-6.62572,-5.14265,-1.2798,-3.44932,-3.91456,-2.32134,-7.81928,6.832,-981.856,213.256,13300,-15820,-16520
-9.09758,-7.41951,-9.31743,-2.4411,-2.10663,-21.0179,-4.92886,-20.1001,-16.4312,-7.8026,-11.576,-7.41246,-11.935,-17.0697,-1.15624,-10.6003,6.344,-978.928,209.352,12460,-17220,-16520
-14.4923,-4.76193,-11.3779,-0.628482,-2.42417,-19.9475,-2.15432,-6.07979,-15.1388,-8.16018,-25.9182,-8.07738,-13.4006,-14.8371,-3.65108,-1.32396,10.736,-981.856,208.376,11060,-19460,-16520
-19.9747,-11.5614,-12.249,-1.0223,-0.154458,-0.13641,6.05311,8.69173,-10.2508,-18.3361,-16.5406,-8.60361,-5.60946,-12.6416,-0.949737,8.48497,13.176,-980.392,200.568,9240,-21280,-16660
-34.0062,-17.4048,-12.3434,-5.4341,-16.5278,-6.91501,-12.3563,-1.63542,-12.1058,-12.3313,-5.06324,-26.8337,-5.79853,-12.9798,-5.09811,-9.2223,18.544,-982.832,203.984,8120,-22260,-16800
-14.7613,-15.2956,-8.6582,-5.76777,-21.2056,1.56544,-13.1877,6.96453,-13.3601,-13.199,-7.92838,-21.1969,-0.203831,2.28347,-2.4149,-5.3998,20.008,-984.784,202.032,7000,-22960,-17080
22.6241,-8.6635,-2.15501,-6.9103,-2.49833,6.45017,-14.4836,-4.10402,-0.804113,-12.9476,17.5978,5.9744,5.91094,-3.48166,-7.04818,-11.1562,17.568,-984.296,202.52,6440,-23380,-17080
13.7889,16.6627,6.28226,6.98586,-5.84352,4.30801,-13.9707,-2.54601,26.6291,14.5349,8.70564,13.3748,2.96374,3.4267,0.703669,-7.59131,21.96,-985.76,208.376,6160,-23940,-17500
14.969,22.9285,14.6835,12.6816,21.3319,13.2784,23.532,-2.70409,18.6878,23.3341,8.35812,19.9752,7.09564,10.3368,10.5173,21.985,23.912,-987.224,209.84,6300,-24920,-18060
14.7916,14.7065,13.0654,5.32952,19.4218,0.559737,27.8282,-4.84823,13.8821,17.1505,12.6305,15.9619,7.23367,12.3691,3.73651,15.2007,25.864,-991.616,217.648,6020,-24920,-18200
7.63158,9.42105,12.2473,4.4256,16.8681,3.46149,23.808,18.6731,16.3024,3.3697,-1.90682,11.6201,6.29356,20.5603,10.3356,19.9644,23.424,-993.568,217.648,6160,-26040,-18200
8.87968,0.880046,15.9679,3.98043,15.065,14.9169,8.83749,14.7008,8.32915,6.35195,9.16289,8.52465,12.9281,20.3293,2.46298,18.9944,29.28,-991.128,216.184,6020,-26600,-18060
0.101102,-6.40787,2.23672,-10.9111,-9.3144,3.46184,-4.00967,3.18818,-1.29609,2.62417,7.2854,-6.1253,3.67392,11.5848,-12.5436,2.95543,27.816,-988.688,221.552,5880,-26880,-17780
-7.1338,-10.135,-8.20697,-22.7514,-3.00173,3.53502,0.276356,1.30322,-11.6975,-5.19075,4.73589,-12.276,-2.53497,-13.0141,-10.8238,-4.05831,29.28,-986.736,217.648,5600,-26320,-17500
2.43466,3.25133,-0.180775,-2.78407,-2.45917,-1.07423,1.11643,-0.132871,-2.4049,-1.07383,-0.626263,-1.91999,-2.59753,3.96629,8.71862,-0.360602,32.696,-987.224,218.136,5460,-26040,-17080
15.6789,17.078,7.96309,25.2231,-10.1617,6.12807,-11.0755,5.85698,12.9712,11.2216,11.0867,8.56984,5.29132,6.61613,18.8541,1.34206,27.816,-984.296,214.72,4900,-24920,-16380
8.23807,7.06063,-0.791639,4.43705,-9.57561,6.14185,-20.8126,-6.66049,4.66525,0.857009,3.97617,0.683194,-0.686898,-15.1224,-10.9944,-23.197,27.816,-982.832,209.84,4200,-23380,-15960
-0.767507,1.37579,-0.474472,-5.54906,5.80935,-7.52049,-3.0808,-14.3953,-4.92209,-4.91271,-2.73519,1.09134,-4.57459,-4.34267,-11.4154,-12.7541,24.888,-983.32,214.72,3780,-21840,-15820
-12.202,-13.3198,-7.56275,-5.66084,6.85529,-15.1231,6.77721,-16.0509,-15.8093,-11.6169,-15.0026,-7.16211,-9.27711,-8.28411,0.759709,-0.978342,23.912,-982.344,209.84,3220,-21140,-15120
-21.2712,-28.2807,-17.3205,-19.9236,-20.7718,-17.8213,-13.7205,-13.594,-39.9001,-12.7891,-12.9245,-24.432,-11.944,-16.5267,-17.6648,-18.8811,23.912,-982.344,203.496,2800,-19740,-14980
-17.0669,-26.1961,-19.7403,-20.9615,-26.0785,-0.96869,-19.5612,8.15108,-40.1854,-14.9539,-40.1971,-21.7212,-11.8486,-21.1475,-17.1478,-13.282,25.864,-983.808,206.912,2380,-17640,-14840
0.951671,-11.7552,-5.82938,-7.71484,-2.66571,8.31238,-10.371,22.5799,-3.66802,-13.5212,-39.0176,2.99366,-7.13442,3.32146,-3.66081,-2.41223,26.352,-983.32,208.376,2520,-17500,-14560
-23.8065,0.623713,2.16045,5.13933,4.45019,7.31038,3.67517,4.56176,6.53158,1.06649,28.8074,-5.41773,9.48782,12.7602,8.45759,-2.01776,26.84,-980.88,202.032,2380,-17640,-14280
-23.243,8.17713,0.346965,19.3176,17.3875,-4.45815,20.0907,-26.8505,-4.18409,1.6631,32.098,-4.29563,4.04117,-0.811043,28.0311,0.290003,31.72,-980.88,203.496,1680,-17080,-14140
14.1162,14.6014,-0.177056,28.9136,21.4423,-36.6896,14.2909,-29.7066,-0.992336,6.77063,-3.76284,18.4901,-15.5082,-15.2605,23.4174,-2.99157,30.256,-980.392,207.4,1680,-16660,-14280
33.6311,25.1615,3.93721,25.088,11.4361,-19.6582,9.41572,9.32482,25.9272,17.5905,-13.8177,25.9092,-5.4187,-8.64976,12.6474,9.98218,31.72,-982.344,203.008,2240,-17780,-14140
27.2862,25.8208,12.1156,10.4249,-5.81966,24.7426,2.11041,45.1613,34.2993,17.9198,14.5648,17.1419,16.9073,12.3687,-0.955549,27.4344,39.04,-979.416,186.904,3080,-18620,-13860
3.61894,1.8491,5.71865,-11.9546,-8.7581,21.026,2.73659,11.1165,12.4573,3.80954,20.1009,-2.1918,15.4085,16.9092,-4.7998,12.7165,38.552,-983.808,205.448,1820,-18060,-13720
-6.91394,-8.99176,1.06977,-19.5516,-9.7251,9.12955,-9.99511,-24.9881,1.47143,1.45653,13.5213,-7.55699,6.79407,5.17496,-13.1476,-11.9235,42.944,-980.88,201.544,3500,-19320,-13300
-15.0642,-14.9361,-5.48364,-16.2402,-3.48648,-4.7755,-12.4608,-16.5161,-10.387,-8.66928,0.90859,-12.5131,-3.35769,-11.0495,-16.3503,-15.635,45.384,-979.904,193.248,4340,-21280,-12880
13.6455,13.8529,8.52891,14.8766,8.61616,-2.36346,6.45565,4.28665,19.8656,7.62814,7.19428,11.8563,3.31039,3.19174,4.94072,7.32101,43.92,-981.368,191.784,3920,-21280,-12460
14.2336,4.31225,15.5697,-1.99803,18.8151,6.9226,24.1177,21.137,6.69517,11.3107,9.20407,18.3106,5.76223,20.6252,2.94415,31.2303,43.92,-981.368,191.784,3780,-20580,-12320
4.41833,-6.09266,17.1158,0.623802,23.3002,24.7807,36.0389,34.0357,-12.12,13.9454,5.83454,9.01237,9.51694,27.1258,15.364,36.7341,40.992,-984.296,187.88,4480,-20580,-11900
0.116217,5.63206,8.87754,7.20423,1.70309,17.9817,-1.52261,18.6823,6.10797,2.51614,-3.14987,-1.76429,6.10319,21.6376,7.32376,6.38178,45.384,-985.272,186.416,5040,-20720,-11620
-8.09961,-6.47831,-10.0486,1.44023,-4.65787,4.32234,-20.1513,-16.5431,17.0352,-29.9718,-20.0823,-8.22128,-6.18321,-2.66312,-14.1352,-13.4307,43.432,-986.248,188.856,5180,-20440,-11200
-32.5659,-19.4109,-20.1989,-15.2649,-19.7311,-10.3558,-33.6462,-13.8662,-19.5902,-32.1148,-23.0169,-24.3595,-14.6097,-16.0518,-28.734,-26.4757,42.944,-990.152,189.832,5460,-20300,-11060
-37.8612,-38.0247,-27.0387,-32.324,-36.2515,-14.4078,-43.9799,8.4097,-57.4697,-26.593,-36.1326,-34.2263,-18.1049,-28.7922,-19.3793,-30.0809,41.968,-987.712,196.664,6020,-20860,-10780
-12.4979,-21.6602,-28.6896,-16.0144,-29.1962,-10.3352,-11.2479,-13.8487,-28.0928,-21.4888,-23.7562,-23.7742,-18.708,-54.3452,-7.27881,-24.4466,37.576,-989.176,199.592,6720,-22120,-10360
7.80089,16.5067,-8.53551,17.1888,-0.0332086,-40.3953,21.1905,-51.2334,16.3201,2.12157,11.3132,3.70679,-9.37879,-19.1758,15.8468,-17.2908,38.064,-990.152,204.96,7140,-23380,-9800
20.3356,31.1215,6.90251,31.5985,31.111,-37.6549,27.0763,-49.4894,31.428,19.2134,-3.43255,21.2429,-4.63446,-8.07315,22.702,-7.30434,35.624,-994.544,201.544,6860,-24360,-9520
31.3416,20.9561,15.6603,14.0479,19.7028,-2.8107,2.60095,-11.7849,26.9378,17.3389,10.5105,22.6638,9.67045,22.2405,-1.1765,-0.0351602,31.232,-992.104,205.448,6300,-25900,-9240
18.7173,20.6788,25.7523,-4.7231,14.0157,27.658,-5.86463,22.0103,33.28,33.0787,38.5954,18.3687,25.9982,38.5125,-6.3591,20.9105,29.28,-994.056,211.792,5600,-27300,-8960
-16.1929,6.9028,14.4543,-15.557,5.71527,31.7503,-10.0661,40.447,-1.15993,25.5812,23.0646,-4.86489,21.7015,20.9243,-11.9786,19.1846,30.256,-994.056,215.696,4620,-29260,-9100
5.58588,-20.1673,-2.42085,3.07437,-32.5855,31.8919,-10.7708,42.809,-29.3303,-7.95122,15.4445,-5.13585,9.63117,6.2665,10.1598,15.4959,28.792,-992.592,217.648,4060,-31780,-8820
17.107,2.48725,-0.269254,-0.599556,-9.47662,22.5474,10.6571,28.5246,16.5787,-4.42946,1.50401,7.9812,-2.42714,-17.3176,19.6726,6.15686,27.816,-993.568,219.6,4340,-33740,-8820
0.542205,14.7436,0.998902,-1.46292,5.30033,-27.4226,21.7478,-6.14216,17.8804,0.585777,-9.43989,7.48531,-7.85484,8.40087,15.197,0.389673,32.208,-996.984,208.376,3920,-36260,-8680
-4.52368,-0.26754,1.33119,-2.32123,16.3593,-16.9272,16.7801,-22.6108,-15.1538,-0.866592,-6.98845,2.44937,-3.8426,8.9693,9.03557,9.01427,34.648,-996.984,213.256,3500,-36820,-8680
-6.27563,-16.6375,0.501351,7.21836,7.42085,13.7975,8.0954,-8.26307,-33.3213,-4.03282,-5.13821,-5.37577,-1.47894,2.18558,-6.901,4.83289,36.112,-996.496,209.84,4340,-37380,-8680
-4.83363,-20.4202,1.05735,-4.61174,1.04084,5.9131,-0.977253,6.62279,-36.783,2.67908,7.04215,-8.70416,2.99376,7.10983,-17.7372,1.44563,37.576,-994.544,208.864,5180,-38220,-8540
-8.51693,-9.17544,-5.09932,-16.6431,-2.71119,-3.58083,-19.546,3.94156,-0.618526,-0.771032,-5.84816,-7.52197,-5.51532,-5.12594,-24.6067,-13.5902,40.992,-1001.86,204.472,5880,-38780,-8260
-1.96013,-0.505222,-10.0789,2.99771,-10.5458,-15.2077,-9.6993,-5.90112,8.05166,-11.4078,-13.5839,-4.44692,-12.1926,-10.4936,-5.18112,-11.4333,44.408,-996.984,202.032,6860,-38640,-8120
10.9147,15.5145,-0.152888,21.4653,10.7548,-8.58028,11.9029,-8.00504,18.3914,-0.805919,-3.46006,10.7175,-1.73666,-14.6803,22.7183,-1.43725,44.896,-992.104,204.96,8120,-39200,-7700
22.8194,14.2435,12.7342,29.1289,13.9592,-4.56283,18.4632,-4.65834,14.3205,15.9754,12.2682,20.6178,6.28164,-1.43906,28.9497,3.80847,46.36,-993.568,201.544,9100,-39620,-7140
23.2513,16.5427,24.2725,19.916,10.4902,10.3863,10.7472,8.00281,16.1288,25.9095,21.9243,18.6004,14.0055,21.3663,19.568,6.78535,50.264,-990.64,200.08,9800,-39760,-6440
-1.13492,12.6575,8.33157,5.81846,4.32606,13.5663,6.84667,6.78149,17.7684,6.04079,8.63171,3.82025,4.97312,8.51832,5.46337,11.7685,51.728,-986.248,197.64,11340,-39340,-5740
-18.6091,-10.8827,-16.9017,-17.1629,-10.3609,-3.19127,-14.2743,-2.78882,-11.1677,-25.3572,-8.95158,-14.4815,-8.18788,-7.08166,-18.9674,-2.06827,52.704,-988.2,196.664,12320,-38780,-4900
-43.3443,-31.4609,-35.0417,-38.4621,-33.8331,-14.9284,-43.4579,-12.3266,-30.9424,-40.8704,-40.082,-38.1511,-21.8302,-35.6761,-44.3157,-33.5946,56.12,-987.712,193.248,13300,-38360,-3920
-43.3195,-22.0421,-28.6739,-26.0553,-25.7749,-18.3004,-22.0394,-8.57715,-16.8826,-31.7018,-21.8185,-37.0435,-14.5751,-27.3917,-25.1186,-20.3051,54.168,-985.76,193.248,14420,-37520,-2800
-8.05217,-18.3815,-8.92553,-5.50086,-1.26318,1.91279,5.52549,12.9961,-8.18016,-23.7214,15.5717,-9.28572,3.47035,2.3755,4.97174,12.9636,58.072,-988.688,195.688,15120,-35840,-1540
14.3839,-12.6847,11.5578,-7.65216,10.7993,12.422,6.4609,10.8357,-3.91863,8.5122,-5.23236,8.18562,5.28716,23.8473,4.31052,15.8061,53.68,-983.808,194.224,16100,-34580,-560
22.7797,17.7643,16.2661,4.36772,10.0196,14.5038,5.85717,-10.6578,15.3772,18.6476,-20.7732,17.2918,5.47194,22.2152,8.75038,2.21851,53.192,-981.856,194.712,16660,-32200,560
7.87812,20.4343,3.13814,11.4016,6.47793,3.92023,1.70294,-27.6991,5.65903,9.6794,0.0949893,12.1221,4.03116,-13.1871,4.03516,-6.15751,49.288,-981.368,199.592,17220,-30380,1260
-3.34267,11.5506,-1.47895,9.23129,-1.37406,-15.5602,-1.35538,-11.8371,6.30729,4.86272,7.70215,4.91541,-2.62958,-13.0656,2.10366,-8.10197,52.704,-976.488,197.152,16800,-28560,2520
9.7828,14.7001,15.856,8.28923,13.8301,4.85691,9.94049,25.8615,12.7039,20.8581,24.3021,14.2695,11.8636,10.6851,10.0961,11.1456,51.24,-978.44,194.712,16380,-26880,3360
0.553174,-1.02842,7.1976,-3.9018,-0.864691,7.90712,4.89732,24.3571,5.2249,12.8346,20.0984,1.76387,6.33715,11.1335,4.08162,14.4039,48.312,-976.488,196.176,15400,-25340,3500
-3.73594,-13.9658,-1.86804,-9.23941,-6.90204,3.5146,-0.778592,2.15355,-14.3582,4.76558,6.47863,-5.62782,0.36173,-1.74408,-2.87055,2.59541,41.968,-974.536,199.592,14140,-23660,3920
-8.9121,-19.3339,-6.14462,-14.4447,-10.6989,-6.06804,-8.5139,-17.0303,-32.0751,-2.03885,-13.2683,-13.3104,-4.06715,-6.25928,-15.219,-8.67179,41.968,-976.488,198.616,13160,-22680,4340
-2.32475,0.444656,-3.28438,-0.662801,-6.09548,-8.84153,-6.10337,-11.5353,2.3161,-2.176,-2.13262,-3.0132,-1.35853,-3.51662,-2.61949,-9.98077,43.432,-975.024,201.544,12040,-21980,4620
8.66131,5.56857,3.12563,8.70508,6.07441,-2.79174,3.39849,0.545689,11.0455,5.22068,22.1111,6.33757,4.6968,1.74936,6.31491,-0.366151,41.968,-976.488,203.008,11340,-21280,4620
10.8227,2.59827,1.95554,5.88047,6.48633,-1.68533,12.03,15.4831,13.1556,6.34911,0.708752,5.38154,-1.71731,6.87842,5.3383,12.8735,47.336,-975.024,203.008,10920,-20440,4760
33.4253,19.9335,11.1212,16.3991,15.7661,10.5725,18.6876,21.9425,31.2618,12.5784,-20.1892,20.2793,-0.937383,13.2944,15.5788,20.9533,45.384,-978.928,201.056,10220,-19880,4620
21.2454,24.6111,8.8121,25.5433,18.199,13.0254,14.5696,13.8521,26.3875,-3.74337,-15.9822,17.6389,1.44168,13.1774,16.7006,13.2706,48.8,-977.952,203.984,9800,-19600,4620
-1.92334,18.0907,-2.65037,13.7957,3.50292,2.99309,-5.05926,1.94005,18.8301,-9.33565,-14.0078,5.6893,-2.89921,4.11833,-1.56283,-7.55143,48.312,-976.488,204.96,9520,-19880,4480
-38.2951,-7.82667,-14.2888,-20.6477,-15.8856,-3.88143,-21.6593,-13.9025,-11.7607,-13.214,5.06335,-23.7408,-5.63217,-11.184,-24.2428,-22.5181,48.312,-977.464,204.472,8820,-19880,4620
-32.9723,-17.7135,-13.381,-9.02138,-16.8517,-11.7015,-10.2141,-34.8789,-31.5901,-9.87713,23.4661,-24.8562,-1.17903,-13.4574,-9.68643,-19.3766,49.776,-977.952,203.984,8260,-19740,4620
16.1536,-18.8702,2.68543,12.2299,0.252324,-7.51158,9.53909,-22.8231,-43.0533,-2.37239,20.1337,5.81547,4.00082,-1.15853,16.5474,-2.42413,53.192,-977.952,205.448,7840,-19320,4900
21.3717,3.38435,14.4366,6.36697,10.4086,-3.81235,5.21688,-15.7808,0.0833523,23.025,1.20836,12.731,2.88318,-0.404218,9.6142,-4.6023,57.096,-975.024,202.52,7560,-19180,5040
5.01556,12.7703,5.53846,1.51303,5.16761,-7.44753,-3.12054,-4.78591,27.195,13.5932,1.48026,5.03527,-2.77012,1.34156,2.44373,-5.88265,52.216,-978.928,203.496,7140,-18480,5180
-4.63342,-8.75089,0.834052,-6.19887,5.39121,7.36794,-11.0008,17.3799,1.86924,-9.79911,3.2401,-0.69217,3.85478,7.85232,-4.4152,-6.85569,56.12,-976.488,203.008,6860,-18060,5460
-5.08919,-10.8314,-3.5766,-16.9319,-10.3916,7.87544,-7.30916,14.3529,-3.49367,-12.1948,-12.0049,-8.01164,-1.14866,6.63004,-13.9761,2.126,54.656,-975.024,200.08,6300,-17080,5740
-0.490904,2.72518,-5.29971,-13.3327,-8.1852,10.2957,2.5659,12.7816,4.97334,-5.46664,-6.98834,-2.87414,-0.467285,-7.66525,-9.96815,15.7991,58.072,-975.512,199.104,6160,-16100,6020
-10.3891,-4.7882,-11.2068,-3.61771,-12.2268,-1.10855,3.52817,9.10929,-10.896,-11.7808,-11.8325,-8.25927,-7.54363,-17.3879,-0.140466,11.9891,55.144,-975.024,200.568,5880,-15260,6440
-12.9484,-12.136,-2.53363,-3.9067,-0.499056,-6.36705,6.7913,9.22739,-28.1636,-5.9382,-8.69452,-7.15155,-1.48629,-4.61159,1.74841,9.66041,53.192,-980.88,197.64,4900,-14140,6580
-3.73287,-1.88644,6.33227,3.67804,6.41199,2.48177,5.48822,6.57094,-3.74404,3.86688,2.59593,1.0557,6.74114,4.63868,2.94125,4.48838,54.168,-980.88,199.592,4900,-12740,6720
-0.98556,6.43886,2.91036,2.04263,10.1683,5.08597,10.8387,15.6955,10.4959,1.60194,1.96925,5.40879,1.76099,6.29347,6.55441,13.0287,54.656,-980.88,204.96,4340,-11200,7140
0.807383,3.95929,2.53495,2.63514,8.53981,5.21875,9.22766,12.137,-2.45722,-0.225473,-4.92015,6.45535,2.25016,6.36423,6.47076,14.3257,50.264,-983.808,207.4,3780,-10220,7560
-0.491971,-5.62159,0.494487,-8.46253,0.291203,-2.30198,-0.0247943,-11.1573,-8.88471,1.44409,6.54981,-3.82348,0.444432,4.42079,-1.93539,0.154355,49.288,-979.904,210.816,3500,-10080,7980
-1.06448,1.79681,-4.69806,-13.8483,-11.6923,-8.34429,-24.2859,-28.01,5.48249,1.18385,5.21404,-6.40874,-3.19398,-7.43749,-17.4058,-29.4781,43.92,-979.416,214.232,2940,-9520,8400
3.24885,5.10845,-8.96699,5.53851,-26.0925,-3.21199,-29.8236,-5.39424,16.4134,-0.289594,-6.60928,-2.79582,-7.41311,-18.3435,-10.8397,-32.0364,43.92,-981.856,217.16,2520,-9100,8680
16.6915,-0.834747,-5.33192,3.73328,-6.46141,-4.68866,-5.92026,-1.89162,10.7989,-1.04797,-18.2171,2.05913,-8.78166,-13.0321,-0.422342,-9.7361,43.432,-980.392,220.576,2100,-8820,9100
14.6949,14.7037,10.3204,17.5389,23.9694,1.48221,25.034,4.67563,23.8371,5.71766,13.3368,16.4278,8.14325,14.1912,19.0385,23.9316,38.064,-979.904,218.136,1400,-8400,9240
-0.626316,10.2662,5.25349,14.7392,14.2736,-0.574994,16.5302,6.04465,14.8015,6.8601,15.5085,5.94262,5.84709,11.2554,11.6957,17.8942,40.504,-982.832,223.016,1400,-8540,9520
-10.0398,-7.66695,-2.7367,-2.18033,-2.45908,-0.0824782,0.0679564,-0.345257,-15.2368,-2.3101,5.34493,-6.75932,1.15957,0.284593,-1.43516,-1.18745,40.504,-984.784,221.064,840,-8680,9800
-2.92095,-11.9323,-6.58852,-13.6005,-5.018,-4.05669,-9.48948,-2.51032,-10.4586,-9.42227,-24.8664,-4.69914,-7.60235,-4.47825,-11.9769,-8.47473,39.528,-985.272,220.088,840,-8960,9940
-4.73939,-5.08909,-9.11343,-11.8147,-10.5613,-7.5906,-3.79411,-6.57108,1.45065,-16.891,-17.9429,-5.15763,-10.2955,-1.59746,-5.40769,-3.63834,42.944,-985.76,223.504,980,-10360,10220
-7.33035,-14.4057,-0.442929,-5.32865,-4.27928,2.21569,0.471997,-12.2324,-18.364,-1.32003,13.0002,-3.873,4.53796,1.13151,0.795792,-2.09831,46.36,-982.344,224.48,1400,-11620,10360
-6.05693,-21.3166,4.62716,-10.7479,-10.2402,0.32025,-9.64424,-16.861,-31.0495,18.5853,15.5737,-10.7278,6.00416,-1.33383,-6.68691,-13.3404,45.384,-978.928,222.528,1400,-12180,10220
-24.3021,4.79097,5.18141,-0.455919,-2.09542,7.73737,-5.04123,5.26439,-0.17049,22.1117,19.3394,-14.6989,9.69055,0.396156,-4.4743,-2.31021,47.824,-980.88,223.992,1960,-13160,10220
1.12123,10.3412,-1.37136,11.1618,4.04942,10.1191,-1.02094,16.9628,1.28392,-7.2032,19.2842,-1.37929,7.28547,-0.720157,1.55693,2.03046,53.192,-976.976,221.064,2380,-14560,10220
25.6504,9.9928,6.582,14.4845,12.0197,0.494121,2.57338,5.77884,9.97203,-3.06043,-2.75795,17.8479,-3.36034,7.61492,13.9139,-3.68747,54.168,-978.44,222.528,3080,-16100,10220
27.8812,21.0108,22.8249,18.8506,30.0973,7.49484,19.0043,-2.05291,23.0414,18.3987,-17.7786,29.919,0.591531,23.1941,19.1297,11.5258,56.608,-978.928,222.528,2800,-17220,10220
12.6543,13.4853,9.59265,7.37905,7.3107,5.69717,11.5036,-10.7713,10.1253,1.99762,-6.45643,13.0859,3.93434,20.374,6.71437,9.6231,64.904,-981.368,217.648,2940,-17920,10080
-8.16624,-4.92058,-13.4633,-11.8205,-12.8577,3.25083,-9.17287,-8.80831,-1.80614,-14.9687,-25.3713,-10.2883,-6.13529,-17.1419,-10.828,-7.04548,61.976,-983.32,217.648,2660,-18620,10080
-4.34975,0.090907,-7.52696,9.38468,-1.12698,-2.52465,5.47525,14.1042,6.65459,-13.0031,7.20634,-4.76638,-1.61013,-11.8532,3.69601,10.1523,66.856,-984.784,215.208,2660,-18900,10220
-3.61244,14.7277,4.91619,26.3734,16.407,-9.71719,14.3741,20.3629,9.33663,9.5352,15.5379,5.30307,2.15913,4.35703,9.70094,14.6274,64.416,-986.736,217.16,2660,-18900,10360
2.33838,4.84987,5.23249,-3.86651,12.545,-6.75366,0.516241,-0.819889,-1.39496,6.97561,9.19655,7.9354,5.44884,-4.96579,-1.66545,-4.07121,68.32,-988.2,214.72,2380,-18340,10220
12.8557,10.0245,7.99189,-8.40524,3.29638,-20.3975,-7.13037,-18.2135,14.3077,6.63283,1.64034,15.4306,-3.04673,-2.03018,1.63394,-10.4665,66.856,-988.2,212.768,2240,-17780,9940
27.753,21.3983,13.981,17.3876,5.5073,6.12116,12.9909,11.5188,21.4532,21.1586,-1.94336,23.4436,2.25379,8.74519,20.0762,15.7671,70.272,-991.616,206.912,1820,-16380,9800
-6.68994,-1.40584,-6.23045,2.61443,-17.6496,14.5006,0.252018,14.0383,-0.260985,2.20866,-6.12732,-8.73138,1.38154,-5.71218,2.48514,9.38049,66.856,-995.52,203.496,1260,-14840,9660
-40.5222,-22.1376,-24.0333,-24.9365,-25.7262,0.746646,-14.3932,1.95245,-22.7919,-21.6383,-2.89013,-37.0713,-8.02114,-19.3242,-21.8258,-6.63708,69.296,-996.984,204.472,1260,-13300,9660
-17.6682,-29.6427,-19.1986,-28.0609,-16.1609,-7.51328,-15.4614,-10.4808,-27.1307,-29.7568,4.84398,-24.5722,-6.94387,-8.07134,-24.9521,-10.9125,70.76,-995.52,202.52,1260,-12600,9800
4.16768,-14.341,-3.52076,-14.6463,-5.62997,-0.671775,-12.385,-10.3526,-13.7183,-4.36584,-4.1406,-2.96007,-2.786,2.61975,-17.3854,-9.28368,71.248,-1000.4,201.056,420,-11760,9800
-2.41931,-13.8742,-5.00144,-15.7015,-7.4138,2.77732,-4.37247,-4.44944,-7.47098,0.756695,-16.0712,-5.11558,-4.79009,-3.0812,-11.3997,-5.42579,71.736,-999.424,199.592,-280,-10640,9800
2.15421,-22.6584,1.15221,-10.289,-2.48813,0.558509,3.99001,1.56463,-20.3862,-0.0425645,4.09832,-2.87005,1.04998,3.20407,-0.958266,1.05011,70.76,-1001.86,198.616,-560,-10360,9800
-8.83226,-26.8317,2.72349,-14.9458,-4.02984,1.82753,-2.33052,-1.962,-16.6895,3.72887,7.1931,-12.7356,4.42847,3.98564,-3.88807,-1.43074,67.832,-1004.79,199.592,-1820,-10080,9940
-8.35297,3.98283,5.20967,1.81491,3.52377,5.43336,1.48545,-3.53674,6.61387,7.47571,10.5051,-4.33877,7.6809,6.59813,5.90834,-1.95035,67.344,-1002.35,194.224,-2800,-9660,10080
-1.17452,10.6976,-4.70263,8.27318,1.79594,-1.48027,2.58212,-0.579386,-2.85058,-4.62908,2.47519,-0.641093,-0.781405,-5.86845,9.97619,-3.29017,71.248,-1003.33,191.784,-3500,-9100,10080
6.53354,14.4843,-3.89622,14.6264,1.51675,-5.60561,2.63987,7.2289,15.7264,-0.862559,0.773474,7.31878,-5.4774,-15.0487,11.6365,0.695499,67.832,-1004.3,192.76,-4760,-8400,10080
8.90845,26.0557,7.93981,22.1704,9.96829,-0.3317,8.18425,8.38094,20.0886,7.41633,2.11179,16.9604,0.805374,2.86298,9.42791,5.6489,69.296,-1000.4,188.856,-5600,-7700,9940
-8.55055,7.82623,-0.638352,6.32854,5.89411,-2.77812,1.08333,-0.520354,-13.0236,-13.3474,-33.5422,2.3574,-6.56309,7.6023,-10.7928,-6.04036,69.296,-999.424,185.928,-6720,-6300,9800
-1.39197,-0.242149,-0.808863,2.36627,9.40134,8.23256,-1.30528,6.54143,-6.2869,-18.3139,-24.7648,4.26535,-2.41614,10.7278,-6.08079,6.59059,66.856,-998.936,182.512,-7840,-5600,9520
-13.1383,-10.5832,-5.06162,-14.8149,0.983368,-0.48156,-9.85327,-10.5142,-0.055684,-12.7745,-16.4577,-7.21604,-3.19938,1.99502,-8.20964,9.53485,65.88,-997.96,184.952,-8680,-5040,9380
6.83475,9.58792,3.71189,6.88701,10.887,-9.83592,9.51911,3.10071,20.9233,6.49877,11.3232,5.66005,-0.822601,4.43662,15.3806,4.30906,64.904,-993.568,178.608,-9520,-5180,9100
7.51904,12.0363,5.62324,14.1548,-1.69678,-0.42196,3.97909,19.3608,18.141,13.0995,25.978,6.41964,6.32762,2.3824,11.6834,-5.25834,62.464,-993.568,183.488,-10220,-5180,8960
-4.69669,-9.22127,-0.722074,-11.4446,-21.8988,5.85698,-15.791,-3.33411,-8.50358,7.75081,7.03832,-6.30408,5.65939,-8.39597,-14.6657,-14.0271,57.584,-989.664,185.928,-11060,-5040,8540
-3.40166,-18.7584,-4.98632,-15.7983,-16.1934,-0.617132,-12.9936,-20.0632,-26.4492,2.68933,7.80731,-10.1917,0.636692,-12.5755,-12.912,-12.0686,57.584,-986.248,183.488,-11620,-5460,8260
3.12745,-5.49661,0.318763,-8.83468,-5.93674,-9.36122,-9.59501,-18.593,-3.06184,11.2412,10.9405,-2.53653,-0.0993212,-2.96798,-10.1313,-13.3494,58.56,-982.344,175.68,-12320,-5880,7980
15.4559,14.913,8.85825,12.4892,10.6458,0.790251,10.7135,1.29321,23.2723,10.5093,-0.167179,13.3568,3.22512,10.8135,11.7589,6.2261,60.024,-985.272,170.8,-13720,-6160,7420
12.1289,21.5468,6.10237,24.8296,7.22365,6.39349,10.8188,10.0544,19.9028,0.505096,-3.22075,13.9283,2.08818,2.3674,21.0011,9.48681,60.512,-983.32,166.896,-14700,-6020,7140
5.02818,4.95888,-1.48171,7.07288,-0.0404437,-4.3632,7.21295,3.17567,8.78111,-3.49663,0.425871,1.97752,-5.15583,-5.91488,9.88342,2.8473,61,-981.368,162.992,-15540,-5600,6860
8.49334,4.83945,4.24203,6.16446,14.9023,-2.8994,19.2893,-9.04261,9.10602,1.13971,2.50662,5.88493,0.164458,10.6864,16.5061,12.0416,61,-981.368,160.064,-15680,-5040,6580
16.6006,11.6775,7.39184,9.66802,16.8057,5.03048,13.1307,-15.9627,17.939,6.11746,-4.52936,11.2634,3.15343,14.1499,14.5274,7.10681,59.048,-979.904,158.6,-15960,-5320,6580
8.47429,6.77962,3.35604,7.23476,7.88973,7.05379,5.54664,6.4395,8.27601,1.83875,3.2986,4.27675,2.2475,2.88865,6.13977,6.53352,58.56,-981.856,154.208,-16800,-5180,6160
-2.67716,-2.93016,1.07504,-6.74008,-4.15514,0.705963,-7.18493,11.6448,-3.07639,1.86633,12.3186,-5.32973,2.75719,-4.59544,-12.0815,1.92066,53.68,-981.368,153.232,-16800,-5040,6300
-23.9361,-7.11181,0.20044,-8.78848,-4.02583,3.31856,-4.09127,10.0128,-10.0137,8.3695,13.9101,-15.6311,5.34343,-5.97667,-12.9037,3.38873,54.168,-980.392,151.28,-16800,-4900,6300
-5.42019,-5.6935,-0.802439,3.81747,2.75186,2.44158,1.65917,5.63135,-20.8216,-4.92817,18.296,-6.35881,5.90256,-0.503636,-0.22414,3.6787,49.776,-980.392,148.352,-17220,-5180,6440
16.3477,0.514603,7.23894,7.47036,6.64842,6.85741,0.419776,3.13919,-19.9617,5.71764,10.498,11.6959,7.21698,6.06204,-0.10409,2.02569,50.264,-979.904,146.4,-17500,-5460,6300
16.3214,15.5048,11.778,-2.13826,14.7808,8.38867,5.16699,7.51169,15.7599,21.1739,-9.92361,19.9715,4.74518,10.2564,-2.50003,7.0745,46.36,-979.904,148.84,-17780,-5600,6160
18.2236,10.6619,14.9387,-6.52858,15.8611,11.6645,8.81557,9.48911,13.835,17.486,-0.743474,20.899,9.40832,15.6578,-2.03469,11.4859,42.456,-980.392,146.888,-17780,-6160,6020
13.5643,-8.14734,2.24246,10.0727,-9.99987,0.681822,-0.627095,0.659462,-13.5063,4.07572,-17.9058,5.62824,-2.48019,8.30182,5.25708,4.66738,41.968,-980.392,144.936,-17920,-6440,6160
-5.35841,-8.46777,-5.45983,6.52718,-0.459164,3.11473,-2.60744,1.00309,-9.29375,-2.84953,-3.88187,-7.26449,-3.73485,-7.01251,3.44141,-2.17424,40.504,-978.928,149.816,-17920,-7420,5880
-26.349,-5.04178,-8.7389,-9.72885,5.25736,-10.9759,-4.68282,-9.13672,9.00616,-9.00798,5.39131,-13.8381,-4.79207,-1.48939,-2.43261,-12.5874,37.088,-982.832,154.208,-18060,-7840,6020
-23.5669,-19.4006,-20.3063,-18.5867,-21.1008,-14.2838,-9.43765,-11.2744,-11.4189,-26.7143,-8.82894,-22.7693,-11.3683,-5.22151,-3.07435,-14.5327,36.112,-982.832,151.28,-18200,-8680,6020
-25.7648,-28.5223,-24.4823,-22.1011,-34.0548,-9.16316,-19.0887,-5.69295,-26.0798,-25.0059,-16.367,-26.2123,-14.1772,-29.6138,-9.41325,-20.925,37.088,-979.904,148.84,-18340,-9100,5880
-23.601,-22.2704,-20.4025,-19.8012,-19.4943,-15.8702,-11.2321,-5.29966,-8.62133,-22.8867,-21.5356,-19.4489,-17.977,-29.9906,-14.2753,-7.3522,34.648,-982.832,149.816,-18200,-9800,5880
-16.3586,-6.78847,-8.74608,-11.1704,-8.11931,-10.4217,-6.40638,0.92261,-2.52081,-17.1479,-9.31646,-10.8526,-7.96797,-5.35492,-11.363,0.921762,31.232,-980.88,150.792,-18200,-11060,5880
-23.0929,-1.61099,-13.0977,-5.93942,-29.0846,-2.84843,-27.509,0.74138,-12.4627,-17.9984,-12.0262,-15.3246,-6.48572,-8.61307,-11.5804,-15.8471,30.256,-983.32,148.84,-17780,-11900,5880
-20.8024,-3.14881,-15.1745,-7.78016,-17.9888,2.95033,-18.305,-4.42596,-23.0375,-22.4511,-18.5362,-11.4375,-7.46181,-26.4537,-18.874,-17.8827,26.84,-983.32,152.256,-16940,-13440,6160
-4.91879,-9.04854,-7.64525,-14.0135,-0.801689,-15.2593,1.52969,-12.7315,-12.4922,-16.974,-34.6849,-4.41872,-12.4694,-5.04179,-17.7554,-5.92121,27.328,-981.368,145.912,-16520,-14560,6160
6.27662,-2.79642,4.79147,-1.79306,9.97098,1.20315,14.602,2.2756,3.98843,-6.79462,-2.79681,2.91351,1.67776,12.9413,2.25444,11.662,30.256,-982.832,146.888,-15820,-16380,6160
7.49026,16.0011,12.8678,14.2857,14.2415,9.46895,11.1202,4.84095,22.2541,15.2123,26.3522,11.8129,12.2402,12.9931,11.4411,5.58935,32.696,-989.176,142.984,-15400,-17780,6300
15.8128,9.55789,14.6984,4.18053,8.48447,5.08923,1.26291,-5.65905,11.2161,24.1563,23.2048,10.4161,10.5551,10.9387,-1.62631,1.46564,33.184,-987.712,142.008,-14560,-18620,6580
15.1545,-1.1908,11.4492,1.83407,7.3191,3.41959,3.90758,0.421238,2.12462,22.7706,1.16591,5.64423,4.35406,9.56954,0.723267,6.04608,29.28,-986.736,153.72,-13720,-20160,6860
-5.06018,6.89471,4.43673,7.5362,6.29152,4.72171,6.69324,8.59891,6.36433,13.7931,11.0865,-4.03947,3.38426,4.70249,8.15821,6.01253,33.672,-984.784,151.28,-12740,-21840,7280
-1.02606,-1.17794,-5.27686,8.77448,3.51536,0.986624,4.23179,2.34412,-12.0088,-12.9179,21.3989,-5.30508,2.8846,-3.65635,7.19938,0.548851,31.232,-984.784,149.816,-11760,-23380,7420
13.7202,-3.96566,-0.192141,5.86987,3.64003,3.9248,1.83397,13.8746,-12.404,-5.39147,10.9145,4.88864,1.74671,3.95243,5.96794,6.57599,32.208,-984.296,158.112,-11200,-24500,7840
26.2218,15.5032,16.3284,9.57572,9.82589,8.21382,1.68311,8.40122,22.4074,23.4485,0.682691,18.9099,5.93505,11.2077,6.93659,5.00548,29.28,-985.76,151.768,-10220,-26320,8260
38.7623,29.7928,27.1644,25.1969,22.2585,9.12753,14.0398,-10.0139,33.8461,34.0948,21.0955,34.3386,15.7915,19.2067,20.6654,5.29283,29.768,-988.688,157.136,-9240,-27860,8540
33.525,29.4604,21.2484,22.6751,18.7748,2.00282,9.3927,-18.0406,29.8322,31.3179,18.0253,28.311,12.6442,11.2607,13.3973,0.449471,36.6,-984.784,155.184,-9100,-28700,8680
22.7483,17.6845,7.85599,14.0737,11.3825,-0.0228276,6.90922,-8.72453,22.7221,12.6167,-8.72747,17.9473,4.69701,6.05624,12.9809,0.687008,35.136,-987.224,162.016,-8680,-29820,8820
15.7833,19.4146,6.83758,14.5074,10.8591,4.14837,9.82839,-0.482754,29.7367,4.78933,12.0706,15.8371,7.9119,7.32803,15.2898,7.8002,36.6,-986.736,161.528,-8400,-30520,9240
10.2636,15.3743,11.8906,12.7781,9.5305,3.14631,10.2611,1.85602,15.6685,17.9051,24.0494,11.4775,10.4769,9.82068,14.0736,11.5626,40.504,-989.664,163.968,-8960,-31640,9100
6.28195,2.32517,10.7095,8.84579,10.451,4.06166,9.08632,4.304,-6.63404,19.2813,17.1873,6.87262,8.10338,8.28439,8.5495,8.89172,42.456,-987.224,167.872,-9240,-32620,9240
-5.26953,-8.79115,3.36345,-1.65518,11.1221,6.18049,12.7801,18.5923,-2.61956,3.55652,2.99366,1.00602,1.13973,11.0747,4.52628,16.3128,45.872,-989.664,173.24,-9240,-33460,9100
-23.5588,-22.1268,-13.2052,-21.651,-6.20754,3.67441,7.96102,19.9413,-19.6519,-18.0416,-14.8071,-16.9233,-8.89944,2.01807,1.45252,15.5572,47.336,-988.688,173.728,-9380,-34720,9380
-24.8344,-19.8938,-19.4731,-19.609,-20.6429,1.57018,-2.90927,13.2418,-23.7379,-20.7027,-13.5127,-21.4611,-9.20453,-16.3754,-6.87688,5.66855,43.92,-987.712,174.216,-9520,-35840,9520
-34.3779,-25.7598,-25.4417,-20.1548,-25.3005,-6.10344,-6.42607,9.53067,-27.3539,-30.436,-30.5325,-27.7255,-17.4467,-20.7742,-12.9145,-1.59927,46.848,-990.64,175.68,-9940,-36820,9520
-20.364,-16.0162,-17.4712,-13.6074,-12.885,-7.61691,-9.03612,4.36266,-19.3803,-32.5368,-50.3332,-15.5161,-16.8916,-13.8114,-12.5421,-7.11598,46.36,-992.592,177.632,-9520,-37940,9660
-21.1462,-1.64271,-9.84669,-1.02687,-4.05005,-6.59536,-4.36743,-2.90823,-5.46499,-24.6357,-33.6519,-9.65171,-9.75455,-6.30443,-3.89593,-3.95094,48.312,-991.616,171.288,-9240,-38780,9940
-32.3702,0.987178,-10.5126,-0.640124,-7.83188,-7.7759,-6.10297,-10.7065,2.24241,-7.84081,12.8037,-20.2674,-0.784517,-7.71788,-5.64662,-7.2321,50.264,-994.544,176.656,-9380,-38920,9800
-1.74265,-3.67282,-3.86317,3.97996,0.386329,-2.28056,-3.91674,-10.0188,-7.46803,-7.96233,23.1796,-6.27313,2.55255,-3.0432,-2.00059,-9.78667,44.408,-991.128,181.048,-9380,-39200,9940
14.9329,7.94853,4.85323,8.36929,-5.55641,-3.92847,-20.0113,-14.3379,3.39245,4.19108,1.693,7.64164,-3.27904,-4.67741,-6.06439,-26.8007,44.408,-985.272,183.488,-9380,-39340,10080
14.8695,6.91794,8.9228,-0.375435,-8.68459,2.63998,-24.5814,-3.5021,3.72616,15.252,-1.18941,8.81879,0.790314,-7.95822,-16.8058,-26.0414,44.896,-986.736,176.656,-8820,-39760,9940
0.900438,-14.3497,-0.932392,-15.6966,-9.47235,-6.58288,-16.9327,-9.41453,-11.9952,1.9316,-2.22147,-5.27691,-0.816633,-9.99933,-19.3436,-21.3981,45.384,-990.152,174.216,-8820,-39900,10080
-9.44232,-16.2581,-13.5628,-25.7934,-20.301,-17.1449,-27.7136,-24.6594,-6.95834,-12.109,-23.1537,-17.4604,-10.4613,-19.5909,-28.9677,-29.4681,44.408,-989.176,169.824,-8820,-38920,9940
-8.61101,-14.7426,-16.5735,-21.9865,-15.6713,-11.0395,-16.7118,-27.8461,-14.2343,-27.5619,-25.2197,-13.5047,-13.309,-14.7003,-28.0972,-14.3786,43.92,-992.104,162.016,-8400,-37800,9800
-9.34066,-16.9181,-6.67313,-11.9691,-4.12861,-2.04917,-3.59401,-7.61728,-26.7519,-11.0719,14.8514,-8.41682,-0.135479,-0.781221,-10.3709,1.3859,42.944,-988.2,167.872,-7700,-35000,9660
4.09534,3.66271,8.7721,4.33777,9.17917,4.58217,10.9582,9.81875,1.70248,18.4169,21.3909,6.14047,8.08622,12.3911,6.83021,13.1475,40.992,-987.224,168.848,-7140,-33320,9380
13.867,9.1744,13.181,2.18917,11.9243,7.17913,14.8931,7.65976,15.6031,22.4817,23.7212,12.3026,11.5161,12.6713,7.87055,18.6938,40.016,-988.688,171.288,-6720,-32060,9380
12.0951,6.76836,8.30976,5.79372,12.3106,7.64904,19.7332,19.3218,12.2226,10.6106,13.3356,10.4326,6.3251,12.8832,16.8617,25.1246,39.528,-983.808,162.504,-6160,-30660,9100
12.182,16.6173,12.0649,21.116,19.0866,11.4993,23.1467,23.8113,13.0584,13.4692,9.09527,16.6242,9.04467,16.849,26.4258,25.4676,40.992,-986.736,165.92,-6160,-28980,8960
2.95656,6.07625,4.95021,20.47,12.5846,6.45937,18.1476,14.5709,1.54536,4.73931,2.84857,7.85818,3.09881,11.1823,24.8766,18.2656,37.088,-985.76,161.04,-6160,-27300,8540
-0.215015,4.48641,1.9309,6.77195,7.42285,6.26106,12.3964,11.995,7.82637,3.52394,2.61726,3.93182,3.46434,5.44226,17.0203,12.1948,40.016,-983.32,162.992,-6020,-25620,8540
-5.74874,-13.5554,-5.83334,-20.2093,-12.566,-3.88401,-12.7531,-6.59841,-4.70667,-2.91959,2.70364,-9.22883,0.529874,-9.69063,-8.39359,-11.4156,35.624,-980.88,163.968,-6300,-24640,8260
8.38349,-2.22673,-0.498738,2.08224,-9.39557,-3.37433,-4.96201,-1.989,7.29076,2.76723,2.32207,1.075,-2.29763,-2.80137,-1.0624,-3.91574,39.04,-980.88,169.336,-6860,-23520,8120
7.2235,0.821531,3.47727,1.99069,-1.68067,-0.285246,-2.05749,-6.34428,5.08307,8.46339,3.87282,1.95744,-0.0029474,-1.16684,-2.6265,-5.09663,38.064,-979.416,164.944,-7280,-22400,8120
2.1768,8.13197,3.16992,1.87517,4.27645,-0.812088,3.71393,-10.0169,10.3613,3.82685,-4.85262,2.18014,-0.929048,0.295665,2.21851,-0.269069,35.136,-977.464,168.848,-7980,-21560,7840
6.96098,6.94099,0.929525,13.4177,7.37002,-1.69377,13.3353,-1.55942,-0.413256,-5.18565,-27.4597,8.72731,-6.58688,5.88259,14.4125,10.1763,31.72,-979.904,171.288,-8540,-20160,7560
-6.63274,6.09638,3.0209,16.168,7.81927,0.756024,9.62133,0.775953,-1.92612,2.74417,-3.82575,-0.44668,0.439054,4.85363,15.1875,3.53371,31.232,-976.976,163.968,-9240,-19320,7000
-15.9841,13.2966,-1.46932,8.99505,1.09958,-1.17378,-8.47222,-6.443,11.0109,-4.68975,30.5083,-8.96419,7.85568,-1.25262,0.337267,-11.8377,35.624,-978.44,160.552,-10080,-18060,6580
4.97504,13.3033,0.19486,3.06615,0.929086,1.45352,-20.5781,-9.74509,11.6532,-8.82826,-5.83314,5.57908,2.00339,0.86586,-20.0436,-16.8785,38.064,-976.488,151.768,-10500,-16800,5880
23.8269,15.7433,6.48783,-0.0144894,3.88945,3.73976,-14.356,-5.59224,16.7241,-1.64915,-27.9549,15.8107,-2.85639,4.97594,-22.7946,-4.52163,38.064,-978.928,155.184,-10640,-14980,5180
11.0502,10.6941,9.23641,2.31099,5.39526,6.02077,6.60707,5.01908,10.0027,5.57484,2.28887,11.8071,4.82688,10.8766,0.00347561,7.21734,40.504,-980.392,157.624,-10640,-13580,4480
-1.27877,5.29242,6.41,12.7086,14.0634,6.63727,18.35,13.777,-8.85295,3.99969,7.62607,7.34459,3.23434,1.48164,19.1228,9.4008,46.848,-978.44,151.768,-10220,-13020,4200
-5.20573,-11.4545,-4.11828,1.20233,2.61207,-3.29501,4.65567,8.46851,-19.5312,-2.90057,-6.34046,-2.84607,-5.87019,-2.97274,12.2048,-3.92219,47.824,-978.44,149.816,-10500,-12600,3920
1.75167,-7.43542,-2.52054,-4.09829,-1.18985,1.03678,0.333179,15.9156,-1.98451,4.18086,6.4544,-2.43555,2.19791,-1.80809,7.90701,-1.37033,47.336,-978.44,151.768,-9800,-12320,3640
-4.82785,-10.9799,-5.15346,-4.70261,-7.82272,-1.48922,2.92568,2.55191,-8.81272,-0.816913,3.42662,-9.16746,0.105529,-3.18662,-5.51201,8.41419,45.872,-981.856,162.992,-9520,-12600,3640
-10.3638,-15.2627,-6.00606,-11.6379,-5.04363,0.856007,-1.44331,-0.82034,-17.2897,-3.16791,-4.50483,-9.92832,-2.89593,-4.46993,-10.1152,4.76738,52.216,-976.976,149.328,-9800,-12880,3780
-17.1385,-20.2644,-12.2982,-22.0242,-12.2134,-2.48962,-9.32638,-0.421104,-24.9485,-11.9854,-9.29363,-16.2046,-8.50584,-12.8378,-13.8215,-7.40518,49.288,-978.44,156.648,-10220,-12040,3500
-19.3375,-15.9162,-10.1203,-15.0149,-19.9012,-6.94247,-7.77531,-11.7036,-11.6727,-4.92781,2.05577,-15.7531,-4.25544,-10.9517,-10.6218,-10.2479,46.36,-980.392,156.648,-10500,-11760,3780
-6.76308,-7.05662,-5.38604,-9.3433,-10.1256,-5.30629,-3.89448,-12.8369,1.3042,-0.985634,3.42592,-5.88745,-0.260552,-12.279,-6.49257,-4.68018,40.992,-983.32,160.064,-10500,-11340,4060
9.81368,1.06096,2.64318,-10.2282,3.33979,-4.84984,2.16436,-7.62159,11.5596,5.33203,5.09153,4.24312,1.32235,-0.779032,-2.14975,2.36971,35.136,-979.416,161.528,-10500,-10920,4620
16.8649,11.1793,8.20477,-2.95598,6.70735,-2.24501,4.70147,-2.81046,22.5645,11.6159,3.32438,12.4705,3.36392,8.49169,1.85493,4.09202,38.064,-980.88,152.744,-11060,-11200,5040
6.46478,5.98344,5.91987,11.5927,-3.464,7.34797,4.43704,11.8774,5.59992,5.30085,0.345018,8.01282,2.62491,8.33745,5.4355,8.95037,31.232,-980.392,156.16,-11620,-11060,5460
-2.39039,-3.25013,-1.45533,3.85634,-0.825395,6.40715,1.41875,12.9868,-0.0343587,-5.70958,-6.53375,-4.37218,-4.15828,-2.82617,3.74948,3.42291,28.792,-985.76,156.16,-12040,-10920,5740
-3.80087,1.49625,-2.4253,0.0106492,-1.55311,0.496155,0.392105,3.02956,5.47012,-4.20764,-2.04275,-4.4438,-1.24524,0.968482,-1.08427,-1.23444,27.328,-984.296,155.672,-12460,-11060,5880
-0.781782,-0.128927,-5.3643,-2.69356,-7.90966,-10.0619,-9.47565,-14.3628,-0.773647,-4.07847,3.77197,-3.53855,-0.269432,-10.4608,-6.37004,-11.5945,23.912,-989.176,155.184,-12880,-10640,6300
-3.36219,5.66126,0.192747,0.698197,-1.46263,-4.06249,-5.1879,-5.28345,-0.291078,1.8718,10.0547,0.0331286,3.94671,-4.19086,-4.71581,-4.24576,22.448,-987.712,160.064,-12600,-11480,6720
4.73442,10.0211,8.00815,10.6327,12.3004,0.444054,3.83869,5.60279,-1.24895,3.24833,7.06713,8.88953,5.05536,10.4388,5.67644,3.93319,21.96,-991.616,157.136,-12180,-11900,6860
11.5712,6.71448,7.85923,9.56434,12.9439,0.662996,1.23389,-13.0428,0.125974,5.1697,5.25439,10.4379,3.29475,8.67741,4.7418,-7.26344,20.984,-994.056,160.552,-11900,-12740,7280
-6.20821,-11.2952,-3.31551,-1.4745,-0.540142,-0.720241,-1.7439,-8.09486,-20.7086,-6.1323,-6.06653,-6.5276,-2.82924,2.36039,0.773088,-3.24508,23.424,-995.032,151.768,-11620,-13720,7700
-15.8812,-3.5821,-1.77206,2.73325,2.98469,0.0468373,3.04011,3.21529,-10.5105,-2.6702,-3.21823,-9.254,-1.08363,2.28571,6.10795,5.62858,23.424,-996.496,157.136,-10920,-14560,8120
-17.7765,15.0096,0.614782,12.0577,4.93232,0.660058,2.61756,-8.03364,17.412,2.41273,0.217372,-5.31021,2.74518,6.35893,8.78356,1.74647,22.448,-994.544,152.256,-10500,-16100,8540
15.85,9.58002,-2.64274,19.648,8.86189,0.795209,6.5994,-9.04972,8.6957,-16.4571,-11.436,7.69476,-2.9602,3.71671,16.6046,-1.34337,21.96,-995.52,159.576,-9660,-17220,9100
20.2145,5.1864,0.436035,10.9366,5.23158,3.65559,2.88137,9.53354,10.5636,-10.0361,-5.23363,11.8572,-5.23395,2.90472,5.47594,3.87906,21.96,-992.104,152.256,-8680,-19600,9520
-3.5256,-1.71799,6.47966,-6.04219,4.19497,7.87209,1.82949,21.9413,7.93038,12.7633,2.53388,1.582,1.13011,3.81907,-2.6404,9.89047,24.4,-991.128,158.112,-8540,-21560,9940
1.88531,-2.99388,7.65352,-7.56301,-0.55954,9.6657,1.41966,22.6951,-2.86108,16.2086,11.1801,-0.816668,5.17068,5.95133,-1.46077,8.38478,26.352,-989.664,160.552,-8680,-24500,10220
13.8014,5.92134,4.78465,1.7993,0.130304,11.3675,2.14664,20.3256,3.20285,7.25445,-11.0284,8.02506,1.66882,1.57718,1.18532,10.3903,27.816,-987.712,153.232,-8680,-27580,10500
9.96224,7.37073,-0.874276,2.78514,-2.12816,-1.18422,-2.90107,-0.519588,5.4335,-4.98789,-13.5081,6.82136,-4.20501,-8.34069,-2.2831,-2.30237,35.136,-991.128,149.328,-9520,-28980,10640
-2.83618,-6.93297,-4.72606,-11.3222,-8.87463,-15.3214,-10.6881,-17.5285,-2.63531,-4.66175,-4.27375,-2.75659,-7.39014,-10.3734,-10.6713,-12.9674,36.112,-995.032,156.16,-9520,-30100,10500
-3.84346,-12.1074,-1.95964,-11.2177,-5.97629,-4.72796,-3.47718,-1.68915,-9.20985,3.73174,13.6917,-5.08544,2.11729,-4.7181,-3.65811,-1.53079,37.088,-996.008,162.992,-9240,-30800,10500
-13.317,-15.1638,-7.82992,-17.5762,-13.8901,-5.72597,-10.2386,-0.674984,-11.4506,-3.28795,10.6129,-12.5816,0.720674,-8.44941,-12.812,-6.07156,41.968,-997.472,161.04,-8820,-32200,10920
-8.89641,-13.5901,-7.64458,-17.4549,-13.2249,-4.00895,-15.7806,-24.8504,-11.1565,-4.97519,1.62657,-8.37014,1.2851,-9.65074,-17.0672,-19.7559,41.48,-996.496,161.04,-8960,-32900,11480
2.26667,-13.4592,-5.67576,-14.5279,-9.86422,-7.14219,-13.6059,-26.8228,-9.71005,-3.20858,-14.9291,-3.01935,-5.36421,-7.19758,-16.2683,-17.1425,45.384,-999.912,160.552,-9520,-33040,11620
15.9791,-9.19054,1.05073,1.72601,2.86746,-0.679694,3.69518,-4.6659,-7.00463,0.78452,-15.1397,7.38008,-3.36689,2.46172,-0.780768,3.27751,42.944,-994.056,152.744,-9520,-32200,11900
-9.3429,6.44,0.406178,10.0856,11.6577,5.22407,16.2238,12.5226,7.73405,2.54878,18.9753,-1.14809,5.54915,5.47533,11.8661,15.3499,43.432,-994.544,150.792,-9660,-31780,12460
-42.0823,8.36623,-6.58032,-3.71996,2.25075,1.59655,6.95641,17.0308,13.4318,3.09511,12.4626,-18.7317,3.20318,0.556958,2.87192,10.429,39.528,-994.544,152.256,-9660,-30660,13020
-26.2713,-14.9746,-17.7629,-10.2544,-15.3506,-1.34223,-11.0077,13.5866,-24.0463,-26.4249,3.49235,-24.0797,-3.75576,-6.15869,-10.021,-2.85286,39.04,-996.008,148.352,-9800,-28980,13300
2.13255,-16.8526,-7.0242,-3.89904,-11.3915,-1.68387,-14.1865,-9.75587,-26.4835,-15.6751,-6.21786,-4.95119,-4.26298,-5.83613,-10.8516,-15.3668,32.208,-993.08,157.624,-9520,-27720,13720
19.841,7.15241,9.74929,4.63517,3.19589,-5.08092,-0.835315,-24.554,7.4129,15.6193,-11.2229,12.0832,-3.20977,-1.83938,-0.1538,-6.68974,31.232,-993.568,167.384,-9800,-26320,13580
26.9432,29.7713,19.3931,21.8605,18.6849,2.19663,22.8701,0.323807,34.1361,23.8059,4.98407,24.6348,5.3472,14.9057,21.068,18.4828,19.52,-984.784,182.512,-10640,-25060,13580
24.2959,24.9395,15.0112,19.2193,15.3509,4.84225,18.7666,6.77952,26.0255,12.7598,-7.43385,21.0123,5.49334,13.7628,17.2814,15.4062,25.864,-969.656,128.832,-13300,-23800,13020
21.9256,29.674,14.4795,27.0005,22.3143,7.92218,22.9489,15.5272,28.8956,8.49279,6.43976,23.5674,8.05811,16.7446,25.8698,16.5217,25.376,-974.048,139.568,-14980,-19460,11340
1.42105,15.5987,8.65752,19.3832,13.1738,7.69413,9.76516,17.7718,12.2806,5.06996,16.4893,10.7825,7.75596,9.80665,22.1522,2.34384,18.544,-983.32,136.64,-15820,-18340,11340
-6.35809,-3.94321,1.28472,-1.28131,-2.47485,1.4551,-5.1794,1.48419,-11.2719,2.5526,6.59647,-5.76178,2.84133,-2.60186,-1.07301,-7.95487,22.936,-993.568,134.688,-15260,-20440,11480
5.03614,-2.77883,2.40007,-0.384355,1.02344,0.493188,2.09808,-7.08131,-4.43784,6.34858,5.99009,0.539783,2.928,1.82131,-3.89357,3.98721,22.936,-998.448,143.96,-14420,-21560,11760
-5.19714,-8.4054,-5.15867,-10.8592,-4.18237,0.539431,-2.3636,4.62996,-5.59389,-5.39032,-8.15525,-7.91014,-5.42949,-3.45074,-9.49727,2.88468,20.496,-997.472,141.032,-13160,-22820,11760
-9.51654,-15.9101,-8.71973,-16.5305,-9.62658,2.51969,-7.61192,4.88468,-22.5189,-13.0595,-7.16772,-12.5937,-4.92811,-8.17035,-10.802,-5.78071,24.4,-999.424,146.4,-13020,-22960,11760
-9.84417,-17.4729,-6.56117,-13.7014,-8.8818,-0.527795,-9.61591,-1.57808,-23.2817,-7.99202,-3.91093,-11.0204,-1.96126,-8.62779,-12.0223,-8.41701,20.984,-996.008,152.744,-12180,-23380,11900
-5.41929,-1.04628,0.693584,1.80998,1.02112,3.07566,2.56321,3.72135,1.7645,0.132172,2.50416,0.835374,-0.1444,0.387859,-0.514742,2.36461,18.544,-995.52,159.576,-12320,-24080,11620
-2.42087,3.22929,0.534468,5.4693,-4.51475,10.0228,1.55094,6.67045,2.53611,2.39117,-9.65938,2.01057,-0.269725,1.004,3.2856,4.78912,22.936,-991.616,149.816,-12320,-24500,11340
-4.42996,-7.51301,-9.91526,-10.5912,-9.82372,-5.68986,-3.66609,-8.0813,-5.05189,-14.9254,-30.9506,-8.12153,-11.3803,-8.07908,-6.73334,-6.95462,22.936,-992.592,148.84,-12040,-23520,10780
-15.297,-2.7931,-9.08422,-11.7829,-0.869154,-18.8386,-1.21948,-11.6919,2.38819,-13.791,-1.58404,-9.9157,-5.77673,-2.44523,-11.6778,-5.25942,20.984,-987.224,143.472,-11620,-22120,10220
-23.4453,-0.043464,-6.21494,-2.62688,-2.46751,-12.3735,-5.23384,-12.5108,8.30794,-0.932866,31.5794,-11.9873,4.93899,-2.70714,-5.80672,-7.94943,21.472,-987.712,146.4,-10920,-20720,9520
5.89855,-5.95092,-3.44583,7.04167,-1.44663,-2.26833,-2.86881,-6.69022,-4.62884,-2.38727,17.5206,-1.37794,1.95999,-3.88152,6.8053,-4.04478,24.4,-988.2,144.936,-10640,-19880,9100
19.3568,3.41191,6.14909,11.6927,5.87158,3.52126,-1.77237,4.61062,1.43166,12.2435,-1.49151,11.4964,0.7104,2.2365,4.94319,-2.1102,24.888,-990.152,142.008,-10500,-19180,8820
12.9313,2.73391,5.11858,-5.26206,2.37469,-1.89812,-6.81598,-7.1064,7.0333,9.70693,-9.92935,9.15139,-0.750634,0.941361,-4.60201,-5.46626,29.768,-988.688,148.352,-10360,-18760,8400
14.1639,-0.795006,4.47072,-6.16851,-1.30148,4.33198,-4.48741,3.17374,-0.748591,3.24704,-19.0696,8.60958,0.403699,4.05515,-0.778994,6.4728,28.304,-991.616,143.472,-10780,-18200,8260
-1.34768,-0.908734,0.969633,-1.7065,-6.84097,7.73087,-2.76983,11.164,-2.02684,-5.81163,-2.38534,-1.28097,1.11519,4.59929,-3.75783,11.4211,31.72,-991.128,142.008,-10220,-18060,8120
-8.66292,9.09245,2.44238,4.67134,3.36429,3.53335,4.21064,2.28395,14.2402,6.02944,12.1845,-1.05679,3.53924,0.286631,5.67051,7.75218,28.792,-991.616,143.472,-10220,-17780,7980
2.47805,1.10905,0.329883,2.99549,5.15468,-3.57003,5.22982,-5.52432,3.85933,3.17237,10.5803,0.598309,0.492903,-0.425702,11.3287,-0.430063,31.232,-989.664,146.4,-9940,-17220,7840
0.340904,-6.27748,-3.17311,-1.72591,-7.4516,-3.33545,2.57625,4.23068,-10.3301,-3.4001,0.666342,-3.87839,-3.84389,1.11302,5.36496,-0.29669,32.208,-990.152,146.4,-10080,-16380,7560
-1.12476,4.32303,-0.575976,4.23615,1.87543,3.00322,1.92916,10.7729,-0.88336,0.300218,-8.10476,2.95561,-2.72682,-7.22994,7.5564,-1.76714,26.352,-987.712,144.936,-9940,-15680,7280
2.14825,8.22852,2.13042,7.71034,7.22415,-3.29065,2.94982,-4.25785,4.21171,-0.896025,2.60759,4.90808,-0.0890549,-3.05039,3.91598,0.672977,27.328,-992.104,144.936,-10080,-14420,7280
-4.41873,-4.37173,-5.9576,-5.44223,-7.91217,-11.9691,-16.3052,-14.7782,-2.96041,-8.25403,-1.49219,-7.30478,-5.40148,-6.0951,-15.0962,-15.0019,27.328,-993.08,147.376,-10220,-13440,7000
-5.0704,-12.0226,-5.58913,-12.5347,-11.3934,-1.35965,-22.0286,-4.59087,-9.09413,-6.16366,3.35047,-9.25814,-1.47915,-8.35804,-19.1366,-19.965,25.376,-993.568,142.008,-9940,-13020,7280
-4.89756,-11.1851,-3.47743,-15.5333,-2.62503,-3.5526,-10.261,-20.44,-10.1917,-3.07688,-1.71233,-7.16292,-2.58664,-4.80811,-10.6221,-17.3555,23.912,-993.568,144.448,-10080,-12040,7280
2.25808,3.22286,6.81456,-1.40762,13.2606,2.83439,10.1845,-9.89659,-0.247955,6.88818,4.2041,3.43638,5.58817,10.0367,4.56502,3.83526,22.936,-993.08,142.008,-9800,-11760,7420
8.77676,7.75022,7.41515,14.8758,4.54258,10.2224,15.8851,14.7345,1.84423,6.00315,-1.45682,7.18966,7.25269,14.2489,8.00864,20.4052,18.544,-992.104,140.056,-9520,-11340,7700
7.78477,6.31686,3.28493,6.12711,4.59742,11.8794,11.1004,20.7783,7.20675,0.279211,0.134598,7.33191,3.72492,4.16419,2.97219,19.6111,18.544,-991.128,138.104,-9240,-10640,7840
0.138374,1.45304,2.69003,1.831,2.93905,5.60558,7.80042,12.0798,0.67927,3.76866,-1.19607,3.59915,2.42569,2.37083,1.01696,11.4498,17.08,-989.176,139.08,-9100,-10080,7980
-6.54124,-3.22617,-2.58663,-5.29167,-5.12451,-3.74638,0.272136,2.35183,0.44248,-1.69746,-2.39192,-5.11216,-1.54691,-0.11262,-1.77943,0.286048,14.152,-991.128,139.08,-9100,-9520,8120
2.88905,3.8602,3.58308,-1.03652,0.303617,3.71682,0.47067,0.940701,9.55478,5.75708,5.81953,2.62212,5.24341,1.86657,0.806661,-1.472,14.64,-989.664,134.688,-9380,-8820,8120
-3.91156,1.65576,5.61911,1.26006,1.05808,2.82935,-0.178795,-0.121827,-7.5594,9.30425,8.733,0.173492,8.00351,5.29967,-1.26496,-1.82569,10.736,-992.104,133.712,-9100,-8120,7700
-24.3702,0.936856,-0.721985,4.10346,2.8283,1.64133,8.13888,6.30191,-1.0032,8.34235,6.38959,-11.1036,5.5454,1.25108,7.63293,3.95597,9.272,-991.616,134.2,-9240,-8120,7560
11.526,4.96774,-0.409668,15.6762,12.1068,3.18378,16.8638,7.74866,4.6815,-9.14273,-17.7983,8.19224,0.540819,7.3853,19.3038,11.1213,9.272,-991.128,136.152,-9660,-8120,7420
26.1436,8.35681,2.11154,17.4424,12.6742,2.05216,12.9718,6.09278,12.9379,-9.59651,-16.3255,19.4477,-7.14888,6.48715,13.4102,12.4306,5.368,-992.592,137.616,-9800,-8540,7420
13.1685,8.97745,1.8105,13.5139,7.88028,1.30264,3.81718,7.92278,15.4379,-0.297694,-20.6953,13.109,-10.42,1.67637,3.87161,6.18637,6.344,-991.128,135.664,-10220,-8680,7420
-2.4879,-1.42776,-4.66363,-4.17485,-6.93776,-0.374645,-13.6503,3.59155,0.114537,-5.81999,0.898352,-2.83502,-6.97959,-7.84741,-7.06874,-8.62087,2.928,-993.08,139.568,-10500,-8820,7280
-16.9598,-8.86493,-9.37961,-19.3003,-20.4596,-8.7086,-21.5415,-13.8454,-3.3017,-0.954475,15.9273,-14.8007,-1.51008,-12.5863,-19.1371,-21.7325,3.904,-992.592,139.08,-10780,-9240,7000
-8.84971,-8.9554,-6.98799,-17.4699,-14.1598,-15.436,-9.68766,-28.1975,-8.55124,6.008,12.8567,-10.9111,0.00548291,-11.8105,-11.5476,-15.7953,0.488,-993.08,139.08,-11340,-9660,6860
-11.354,-19.6343,-11.3002,-17.1785,-11.7932,-12.4375,-10.9261,-24.393,-19.4836,-6.34448,1.64973,-14.5328,-6.31042,-17.5884,-11.611,-12.2632,4.88,-996.008,138.104,-11760,-10220,6720
7.34132,-3.95856,1.9626,-0.34164,2.24984,-3.17995,1.12418,0.598771,-2.3858,0.861723,4.48062,3.94933,-1.57305,5.41732,0.68375,3.19115,5.856,-996.008,141.52,-11900,-10500,6720
11.285,-4.67589,7.95772,7.23953,4.43321,3.75822,2.92973,12.4605,-5.85987,10.7768,11.9502,7.5618,2.08637,4.08918,12.3821,1.54024,3.416,-989.176,137.128,-12180,-10640,6440
-2.7838,-2.3025,4.55902,0.800736,-1.96988,2.55106,-2.80138,9.39715,-12.1369,5.84555,0.534516,-4.16527,0.557599,1.12052,0.556316,-0.649672,3.416,-989.176,130.296,-12040,-11060,6440
-12.8075,5.55178,2.2569,0.186149,1.63556,6.42466,9.1837,3.61718,-7.41091,-3.70351,4.53503,-7.12275,3.10982,4.34853,-0.921375,14.486,5.368,-989.176,132.248,-12040,-10920,6440
-2.95215,6.1427,0.490976,3.44161,4.21725,3.11295,5.51329,0.702174,-0.921657,-11.2173,-1.58423,1.36482,1.90928,2.40904,2.6997,4.68544,5.368,-989.176,129.808,-11620,-10640,6580
2.33645,8.15223,1.03088,2.03101,-0.682866,-3.28229,-0.550106,-0.297647,12.077,-6.44352,-8.32044,2.31904,-2.5013,-0.512643,0.0415579,-3.36508,5.368,-987.712,127.368,-11480,-10220,6440
5.19748,7.97155,3.56604,-2.13288,1.31274,3.82263,-4.39713,3.49082,12.8081,-1.90935,-7.35466,4.21592,1.36446,-0.268667,-7.93359,-2.68689,7.808,-987.224,125.904,-11060,-10500,6580
-2.36664,8.8608,0.31331,-2.35104,-1.04428,-1.58393,-8.52921,-6.66551,15.322,-0.801781,-0.477033,0.969473,0.63078,1.09554,-8.95458,-6.2522,8.296,-988.688,120.536,-10920,-10220,6580
-20.6533,2.61168,-3.40778,0.497635,-0.0331809,-0.350716,-1.45429,-8.685,4.57579,2.46155,3.84791,-10.532,3.8343,-0.416081,5.56958,-3.45133,7.808,-988.688,116.632,-10220,-10080,7000
0.68898,-6.97851,-8.00235,3.43728,1.25484,-1.88247,-0.700722,-9.52588,-11.2461,-14.6148,-5.8176,-5.18695,-1.33063,-2.71235,6.14629,-5.8376,8.784,-993.08,118.096,-10220,-10080,7140
18.8713,1.16207,0.65079,8.44084,7.76178,3.47283,9.85875,4.81126,-2.47097,-5.118,-4.60358,12.8513,-0.057245,4.35353,9.12957,5.73677,9.272,-988.2,119.56,-10080,-9800,7280
16.1518,6.88615,9.11618,8.09379,9.42547,6.15169,11.5021,9.9586,0.223592,18.9203,2.87051,13.9944,5.818,8.50794,10.5258,10.9273,10.248,-991.128,117.12,-9800,-9100,7280
1.59827,-4.13611,5.35756,-1.29339,2.44544,5.61366,3.57528,11.0904,-0.295667,16.6885,-1.11028,-0.990036,4.91758,3.29475,2.63414,8.68063,13.176,-991.128,120.048,-9800,-8820,7700
-2.56474,-8.98644,-1.70181,-7.61229,-6.72322,0.37166,-7.66271,9.85794,-3.23984,1.78773,0.0149588,-5.73067,1.05547,0.639802,-10.5625,0.250616,10.736,-989.176,122,-9800,-8260,7560
-4.71328,-13.2687,-9.25423,-16.6643,-12.3205,-9.98876,-16.409,-13.6447,-5.50625,-7.42628,0.119864,-8.43483,-5.2744,-11.3348,-20.1223,-16.1137,12.688,-988.688,123.952,-9660,-7700,7560
-8.84688,-11.2926,-8.8822,-13.322,-11.0505,-8.38714,-9.81096,-8.04578,-1.15473,-3.23195,-0.95392,-9.43008,-6.51543,-13.1934,-11.3487,-11.2318,11.712,-987.224,122,-9800,-7700,7560
4.37113,-5.4965,0.366373,0.178516,-2.01064,1.10038,-2.29277,4.35863,1.96446,-1.12403,-6.96347,0.309503,-2.05692,0.354168,-0.309182,0.305839,11.712,-985.272,126.392,-10080,-7980,7700
17.1595,9.98074,7.41837,9.48182,-0.808729,2.95882,0.943849,-0.562408,14.4708,3.80706,-12.0908,11.0913,0.420077,6.96366,6.77964,-0.566184,16.104,-986.736,123.952,-10500,-8820,7700
8.22295,17.4957,10.4658,7.15094,13.8136,10.0067,14.2022,3.92683,20.072,9.46209,19.0537,13.9211,9.62968,8.25264,11.1567,13.7002,17.568,-985.272,126.88,-10920,-9100,7840
-16.2542,5.60523,2.70206,-3.42553,10.7836,5.02113,12.7934,6.07349,6.08559,3.3256,11.3166,-0.207023,2.23736,5.20309,7.62223,13.8562,18.056,-988.2,127.856,-11620,-10080,7700
-7.85331,0.575878,-1.57779,10.8386,-4.16743,-0.725361,1.98038,11.437,-13.1558,-5.12078,1.59291,-1.25032,-3.82991,5.07101,10.7177,0.308498,17.08,-984.296,126.392,-11760,-10080,7700
-1.60805,1.00769,-2.06892,10.1575,-0.724767,2.82645,-2.82144,-2.59716,-11.2326,-2.67502,-0.60585,0.108624,-0.868961,-4.78979,0.83415,-5.68003,20.008,-985.272,120.048,-11760,-10360,7560
-4.17733,-4.56226,-6.68929,0.692549,-0.964043,-5.56029,-2.43865,-11.6998,-12.185,-5.46928,-3.80838,-5.31756,-5.55755,-7.798,-9.16026,-3.22772,19.52,-985.272,119.072,-12040,-10920,7560
-7.1821,-5.00215,-0.844326,6.79884,5.50829,-2.44764,3.24664,2.9488,-14.4833,-2.77798,-0.959918,-2.39331,0.20561,5.97433,-2.48219,5.17001,20.496,-985.76,122.976,-12180,-10920,7560
5.77809,3.57983,0.91587,6.79713,16.4865,2.29543,15.9323,9.4222,4.24614,-3.86344,-8.01829,5.88779,-1.78372,8.71307,7.92019,16.6547,21.96,-986.736,115.168,-11900,-10920,7700
18.0634,10.7196,7.20236,0.0802371,15.3324,3.9586,14.4622,2.10757,22.8912,3.50947,2.76584,12.6605,2.49729,11.6734,8.8308,16.1031,20.984,-986.736,116.632,-11480,-10920,7980
5.42956,1.50512,2.85695,-6.24133,-15.0085,-4.28006,-6.86703,-15.3363,4.72189,5.46807,6.40755,-2.84906,2.19144,-0.897244,-5.89741,-11.8786,17.568,-987.712,114.192,-11340,-10640,8120
-4.92144,-3.5759,-4.55452,-2.4195,-14.3395,-3.47505,-11.6272,-9.44806,-11.4339,1.67471,0.775041,-8.65756,0.340798,-17.3185,-1.18568,-23.8032,20.496,-989.176,114.68,-10920,-10500,8260
-6.29115,-8.65251,-8.01219,-9.53516,-8.8064,-7.15093,-19.395,-13.1254,-12.8015,-9.47426,-0.831389,-8.09157,-3.26507,-17.9785,-6.51826,-21.4557,20.496,-990.152,117.12,-10780,-10360,8400
-0.737215,-3.54468,-1.98052,-11.7869,-6.2943,-12.3462,-12.1501,-16.912,3.12944,0.288671,2.63148,-2.72633,-2.86185,-3.58296,-7.74723,-8.25551,19.52,-989.664,116.144,-10360,-9940,8680
7.51559,7.15726,5.64466,-0.530768,3.98201,2.93168,5.19473,1.57602,9.55279,9.72302,5.40161,6.62879,3.26872,5.0008,-0.823844,9.52644,18.544,-994.544,115.656,-10220,-9660,8820
1.76795,-0.212822,3.29354,-1.33215,1.54188,7.45305,4.39765,15.4564,-2.92994,3.62098,0.288426,3.4672,2.91288,4.16367,-2.33142,10.9019,18.056,-994.544,116.144,-10080,-9520,8960
-0.560431,-3.84842,1.39438,-0.40994,-4.36218,6.69817,1.71474,17.3467,-5.71149,-0.641639,-4.21824,-0.481879,-0.0283331,-0.406022,5.23067,7.14879,14.152,-992.592,118.584,-9940,-9380,9240
-6.96936,3.94443,2.70629,2.57654,1.27384,2.86784,6.39057,12.72,4.50906,3.82205,-0.556489,-2.18137,0.677446,-0.110865,7.80447,3.00977,12.2,-996.008,116.632,-9660,-9100,9100
-24.2704,6.74991,-5.3797,2.17366,3.60313,-7.2315,3.54325,-2.2082,7.2564,-5.94871,-22.0667,-11.3244,-5.24214,1.7789,0.994864,-0.4539,14.152,-995.52,113.216,-9520,-8960,9240
-8.20653,-8.50014,-8.69902,3.00988,2.21595,2.55119,5.023,5.25238,-7.74943,-27.6016,5.16955,-6.14096,1.55691,4.79508,1.04403,7.93298,14.152,-994.056,115.168,-9240,-8540,9240
-3.6808,-13.5437,-3.922,-6.51583,-4.7264,2.35962,-6.01929,5.01657,-7.29365,-6.15003,4.19685,-2.77931,1.12684,-2.59334,-10.8266,0.148984,12.2,-996.008,115.168,-9520,-7840,9380
4.73668,-0.621804,2.27508,-3.24368,-2.23848,3.41715,-4.38147,9.30359,3.39057,8.69157,-13.9318,2.3596,-2.15784,1.54908,-6.39054,0.453577,8.784,-996.008,116.632,-9380,-7420,9520
0.139997,-8.09044,-1.37725,-4.18571,-5.19351,-1.7424,-4.54932,-4.43895,-4.84082,0.0577019,-6.9442,-3.39985,-1.64917,-1.83579,-3.17505,-6.45714,11.712,-994.544,116.144,-9100,-6860,9380
-0.286974,-6.80905,-1.64022,-3.82438,-6.22648,-1.91875,-6.47723,-10.7214,-5.93432,-6.32618,2.61669,-5.31318,-0.79062,-3.23143,-2.97335,-8.07917,8.784,-995.032,113.704,-9240,-6580,9380
9.18703,6.74894,4.18468,6.35164,3.4044,1.05903,-3.71401,-1.187,7.00599,5.39707,4.38696,5.08067,2.41201,1.95047,7.67259,-6.93176,13.664,-994.544,108.824,-9100,-6160,9380
22.9675,18.7991,10.304,20.1765,12.4343,1.49772,11.3714,-0.0642771,5.99119,17.1205,13.9219,15.8635,4.93588,8.64841,16.7701,8.56085,13.176,-993.568,115.168,-9240,-6020,9520
11.4854,6.12337,5.10368,7.70413,5.12719,1.29987,9.6807,-4.42511,2.84025,14.2123,17.7598,8.11748,3.54768,4.41989,6.43322,9.00292,12.2,-996.008,112.24,-9240,-5880,9380
-6.47608,-4.68161,-2.56846,-5.53426,-2.74872,2.33401,-3.1331,10.0806,0.826614,5.5784,5.08627,-3.78655,-1.41503,-4.0895,-5.75459,1.61217,11.224,-997.96,111.752,-9660,-5740,9520
-10.3575,-16.769,-10.1981,-19.8393,-15.2335,-5.6959,-20.7537,-3.03535,-10.4337,-9.5734,-6.04031,-13.3794,-6.993,-12.3231,-20.5338,-16.2288,14.64,-993.568,110.776,-9940,-5880,9380
0.0529279,-2.01238,-2.51256,-5.50497,-4.73924,-3.74714,-10.5857,-16.1943,-0.434266,-4.51745,0.918573,0.0153365,-1.3908,-6.85788,-7.52344,-14.8319,12.688,-996.984,114.68,-10080,-6020,9240
11.0367,15.6873,7.70895,13.0299,9.09967,-0.387167,3.07727,-10.7164,15.5235,9.26859,0.0663142,13.8986,2.25947,5.55455,3.30909,0.357987,14.152,-996.008,115.656,-10220,-5880,9240
16.8527,11.1858,3.18315,12.9531,7.93775,-0.701246,4.02004,-13.4231,13.1889,1.69138,-20.0325,11.8221,-4.08352,3.0955,4.28746,1.98342,14.152,-996.496,111.264,-10360,-5740,9240
11.1374,12.8083,4.9729,4.32259,17.3202,1.08827,19.2368,-9.47338,15.0818,-1.36471,9.72373,12.7596,4.05203,10.9268,9.66056,11.2583,14.152,-995.032,117.12,-10220,-5320,9380
-16.2015,-9.71106,-1.77522,-13.4331,1.23288,-7.06624,10.5486,-22.16,-6.17427,-3.2126,9.76422,-6.68211,1.96323,1.46058,-13.3467,-4.19,11.224,-995.032,111.752,-10640,-4760,9100
-5.23029,-5.46798,2.23201,-3.57914,-3.60199,1.57554,3.75192,6.69088,-11.7088,2.97844,6.869,-4.71863,4.00857,1.39081,-3.43211,3.15987,11.712,-996.008,112.24,-10920,-4760,8960
-3.45969,-1.47545,0.818987,-8.12774,0.107428,2.878,-9.93727,19.0155,-5.60789,4.09627,3.78036,-4.27064,3.6272,-6.18866,6.53968,8.95176,12.688,-996.008,114.192,-10920,-4480,8820
-17.9628,7.40274,-0.152126,4.29247,-0.504191,0.731627,1.0425,22.5634,5.21342,0.309513,-5.98529,-6.53485,2.03914,5.79257,12.4169,9.56848,14.64,-995.52,111.264,-10920,-4340,8680
-18.9961,0.55539,-10.9346,8.20935,-13.1505,4.01608,-0.965641,25.0571,-6.03213,-15.4093,-17.284,-15.3546,-3.04818,-2.9218,5.26487,-0.275993,10.248,-996.496,115.656,-11340,-3640,8400
-1.13405,-18.6404,-15.409,-1.70776,-4.51624,2.6779,4.54796,13.764,-25.9927,-32.934,-15.807,-8.16249,-9.34062,-12.1049,2.63395,3.82897,13.664,-994.056,118.096,-11620,-3220,7980
-0.47706,1.61054,1.06384,7.97236,7.96983,-3.45073,10.5343,10.8217,2.73003,-0.959265,-6.37896,6.60081,-4.50681,0.398782,11.4743,5.64872,10.736,-995.52,116.632,-11900,-2660,7700
12.6411,19.6923,15.1744,14.9788,12.8629,3.1253,5.78019,10.4277,20.1094,22.1907,3.82525,16.0732,4.81989,14.1856,13.0515,-0.442694,10.736,-993.08,113.704,-12180,-1540,7420
6.05558,1.97375,3.51944,-3.97145,-3.39475,3.2492,-6.31178,-25.3703,-0.758006,7.50929,2.8766,3.45624,2.30724,0.423745,-8.34337,-6.4102,10.736,-995.52,112.24,-12740,-980,7420
-6.4714,-15.9507,-6.90416,-18.1334,-14.6156,0.261409,-18.0402,-22.6996,-14.6025,-6.15475,2.72628,-8.06126,-2.29827,-11.8211,-20.2748,-15.2484,9.76,-993.568,110.776,-13020,0,7000
-3.73049,-22.1502,-3.86469,-15.9667,-12.9693,-3.65491,-19.8831,-7.21767,-9.45234,-3.05659,7.86425,-8.15217,-4.66937,-7.2012,-17.449,-17.0773,6.832,-994.544,111.752,-13300,980,7000
-0.103685,-4.90885,2.01472,-3.60216,-9.05135,4.60946,-4.03577,3.38708,2.18244,4.16306,6.58617,-6.07186,0.0472609,3.69985,-3.55482,-2.7976,6.832,-994.056,113.216,-13440,2100,6860
4.33292,-5.34509,1.32048,-5.56737,3.93288,1.41601,5.41748,-3.81492,1.23514,-1.33755,2.56926,-1.53316,1.85842,6.1686,2.05176,-0.663317,5.368,-992.592,112.24,-13440,3080,7000
-1.37932,-6.18387,-0.351001,3.55396,5.36794,1.44013,1.35897,-6.26198,-4.03668,1.18029,4.1587,-3.7121,1.20592,0.0910774,-1.18496,3.80148,4.392,-994.056,108.336,-13440,3780,6860
6.85103,13.7472,4.18939,6.74571,4.29196,0.635004,5.96519,-0.62819,8.6979,10.0464,-0.713367,4.30474,2.39004,9.77121,3.09038,12.8553,3.904,-994.056,109.312,-13860,4620,6860
11.0964,17.975,1.1728,7.03024,10.0778,-0.776663,9.6513,-11.017,10.7641,3.31089,-9.7659,10.1223,0.905601,-12.0279,9.17226,6.44452,5.368,-992.592,104.92,-14280,5460,7000
9.92946,16.6479,5.0021,14.3308,6.4774,-6.9267,14.9179,8.67347,10.8325,0.261809,-0.732395,11.3554,1.03377,3.92189,13.978,4.77614,0,-993.568,108.824,-14700,6300,7140
13.8943,17.8731,13.5486,19.009,18.9545,4.97067,22.7832,21.6672,15.3901,9.38673,6.95117,17.4279,8.86915,15.9675,21.3204,23.2862,0.488,-991.616,111.264,-14840,6580,6860
0.734822,7.88227,4.22366,6.72917,12.8421,9.92656,15.5153,23.5625,3.66725,-0.0763202,0.348686,7.25629,4.7884,8.86656,1.92983,23.7969,-2.928,-995.52,110.288,-15680,6440,6720
-5.77858,3.32378,-1.45577,-2.21907,0.742274,-0.31857,1.25145,19.5994,1.5721,3.20572,-2.07962,-0.117448,-0.317362,4.22688,-11.8448,9.04219,-2.44,-996.984,110.776,-16240,6860,6580
-5.8646,-6.93994,-7.90335,-6.64956,-9.76921,-6.50826,-24.4202,-3.86835,-4.04607,-2.68151,-1.74478,-7.51152,-5.5234,-10.1585,-14.0107,-8.96293,-1.952,-996.008,109.8,-16660,7280,6440
-10.4246,-17.1579,-11.1434,-16.0915,-12.6007,-9.2711,-14.3921,-23.6852,-17.4511,-7.76754,3.34103,-13.5784,-6.38991,-12.3202,-15.4686,-15.8212,-3.416,-997.96,108.336,-16940,7420,6160
-12.4453,-15.802,-6.62279,-14.3104,-8.72469,-4.19788,-6.88035,-19.4264,-15.0974,-4.48539,1.99236,-12.0486,-2.02763,-10.5855,-3.89183,-21.2706,-3.416,-1001.86,110.288,-16660,7840,5880
-7.92024,-11.948,-3.2525,-8.70227,-12.7583,-9.08109,-15.5263,-20.2562,-6.89215,-4.70748,-0.492325,-8.1108,-1.9803,-4.26838,-2.16948,-16.2147,-0.976,-1012.11,112.24,-16240,8260,5600
1.11939,-1.85084,-0.565525,2.09923,-7.93971,0.31151,-12.1178,2.96123,1.64144,-0.746243,2.93036,-0.461236,0.884464,-5.77966,6.8585,-11.2214,0.976,-1011.62,116.144,-14700,8540,5600
1.15844,-3.61626,-6.16819,-1.99471,-22.0582,-1.55363,-34.1827,15.5324,6.00237,-1.77796,1.17722,-3.52362,-1.97612,-19.0205,-4.85256,-36.6821,-2.928,-1007.72,119.072,-13440,8820,5740
-10.986,2.29854,-0.950018,-4.19813,-7.00099,-6.15875,-5.00063,-7.12782,6.83598,5.11052,-2.4914,-4.8218,0.725684,-7.39842,-6.524,-15.7915,-3.416,-998.448,116.632,-12740,8540,5600
-8.97379,-2.23515,-4.23491,-2.84699,6.05869,-7.81113,15.3142,-24.4662,-14.1229,-12.9465,-21.6614,-8.90482,-4.02754,7.7442,-2.87715,8.94609,-1.464,-995.52,119.56,-12600,7280,5740
10.5224,-1.52023,-2.36592,8.70697,13.3195,3.48092,20.5772,-6.29833,-13.2497,-15.6272,8.46571,4.72853,0.441232,8.63479,9.23023,17.8467,-2.44,-992.104,120.048,-12600,6720,5460
5.79824,9.74014,5.12353,9.13272,9.86284,9.15435,13.8204,2.02733,15.1762,8.2842,-2.42089,11.3369,-0.189429,8.52358,8.05439,10.843,1.464,-989.664,118.584,-13020,5040,5320
16.3651,10.2047,7.2599,2.02584,9.42349,5.70872,6.96676,2.45092,10.2183,6.44308,-21.8014,12.0873,-5.11659,5.63926,2.80535,8.78102,1.464,-988.688,120.536,-13720,2940,5040
10.8779,0.901831,6.64525,-6.8271,14.001,9.66308,10.9235,9.93157,2.92707,-0.591673,7.28296,8.95965,2.52529,13.1407,4.6647,11.7537,5.368,-990.152,117.608,-14280,1400,4900
-4.83243,-0.199523,7.6204,9.39276,2.42223,14.9931,6.53621,20.6359,5.66544,7.07291,18.4499,3.06791,9.55371,16.8773,3.67802,14.4619,5.856,-987.712,110.776,-15120,0,4760
-10.326,-9.91215,-0.847886,-1.21779,-5.41023,4.85761,-4.02428,10.862,-9.05327,2.30103,3.92191,-8.71307,-0.0564178,2.42925,-10.2522,5.2538,10.736,-985.272,111.752,-15680,-700,4760
-2.24881,-5.18359,-2.61405,-9.7545,-1.49822,0.769314,-5.30548,5.25336,-11.0715,-0.465223,1.3139,-5.52801,-1.58927,-6.53977,-9.89179,0.195002,14.152,-990.152,113.216,-16240,-1680,4760
-7.0857,-8.89863,-7.79675,-9.23048,-16.4112,-12.5873,-14.9477,-7.22156,-9.76986,-3.4582,2.72745,-8.72612,-5.42367,-17.0111,-12.2155,-12.0087,15.128,-989.176,110.288,-16800,-2380,4480
-4.38945,-2.62162,-1.59466,-2.37845,-8.56945,-10.1991,-9.68324,-14.4814,-1.66876,2.40748,2.93714,-4.27032,-1.00808,-8.41236,-6.17457,-11.3617,21.96,-990.64,106.872,-17080,-2240,4200
10.1487,11.6809,7.36052,12.0146,11.8035,-1.71228,9.4429,2.88812,10.0878,4.19151,3.56801,9.11378,3.25938,7.15784,12.309,7.55543,24.4,-996.496,112.24,-16800,-1400,3640
10.1259,13.7572,6.4517,8.76425,9.87259,-0.977155,11.2528,9.0508,19.4952,6.39878,1.05262,9.81484,2.43999,10.2704,12.4429,12.42,28.792,-1000.89,108.336,-15960,-700,3500
6.0031,7.03093,3.33215,6.54937,3.18629,-1.42135,7.71213,4.67276,12.8517,5.8401,1.4599,4.63319,0.965608,2.95763,8.28947,7.55442,26.352,-1001.86,118.096,-14980,-700,3640
2.98277,-0.337503,0.368349,2.8932,3.0567,-0.361812,4.60273,6.52619,-2.17906,5.18018,2.96937,-0.717491,0.0253634,-1.80131,5.45234,4.43747,28.304,-999.424,110.776,-14000,-2660,4200
1.55795,3.97007,4.87462,4.80017,9.41706,6.1917,10.2825,9.67733,-0.702342,4.45092,3.9603,4.28107,4.73938,6.24579,8.79874,9.19197,29.28,-995.52,119.072,-13720,-3500,4480
-0.806298,0.00474567,1.68459,1.69856,4.39383,5.92128,5.64698,-0.0552059,-0.480152,-2.67015,-3.85033,1.78923,2.67449,3.35346,3.13561,6.60644,31.232,-990.64,113.704,-13440,-4340,5320
2.30768,1.42756,-2.60594,2.50432,-2.73169,3.89686,-0.0608835,1.71329,0.174596,-3.50759,-3.69996,-1.03422,-0.992309,-3.17352,4.1739,-0.976511,27.816,-990.64,118.096,-13440,-3360,5740
2.0891,5.32583,-1.21931,2.61703,1.32733,2.87931,2.78753,-2.34487,3.26524,0.723591,-1.92488,0.379683,0.234813,-4.24633,3.09263,-2.16006,27.816,-988.2,109.312,-13300,-1400,6860
-2.63942,-2.66799,-5.05195,-2.78588,-3.36775,-0.771036,-0.0524154,-7.09306,-6.8683,-7.63328,-3.29658,-3.53061,-0.0300525,-4.08458,-0.786353,-4.11832,24.888,-988.688,106.384,-13440,1400,7840
-0.734933,3.20389,-1.26426,-0.514661,-2.0943,0.693942,-5.97687,-4.84504,-1.1269,-2.84296,-4.74634,0.450249,2.88985,-2.50604,0.390722,-11.3072,21.96,-986.736,103.944,-13860,4200,8400
-1.80626,2.05244,-0.497506,4.56317,-3.33418,3.08248,-17.4377,3.03239,-1.93168,-3.01564,-8.68579,1.32973,2.96196,-4.40719,-2.67243,-17.0689,14.152,-987.224,107.36,-14000,7280,9240
-10.8457,-8.67345,-5.54705,0.218138,-7.58092,-4.08769,-23.1518,-11.777,-10.9291,-11.3976,-5.68776,-5.57402,-3.50584,-6.77337,-15.5127,-19.3933,12.2,-990.64,108.824,-14280,8820,9800
-6.83757,-12.8497,-4.20594,-17.4265,-12.2382,-9.3066,-16.2966,-32.6502,-10.8865,-2.61644,3.77097,-6.78978,-1.00799,-5.58029,-21.7649,-12.7737,4.88,-988.688,104.432,-14280,10500,10500
-14.8085,-5.47897,-6.48963,-15.8501,-15.2792,-6.97718,-7.9389,-9.08758,0.531919,2.17351,-13.7731,-11.6077,-5.92942,-12.0994,-8.02276,-8.69387,-1.464,-985.272,107.848,-14420,11900,11200
-9.63349,4.80655,-5.74339,-1.70318,0.629829,-3.09728,11.2308,10.3928,6.69,-4.22601,-2.31424,-7.6974,-3.17005,-0.799335,6.9284,6.6634,-2.928,-986.248,106.384,-14280,11900,11480
3.43976,-8.29841,-5.07295,2.08588,5.21097,-4.60752,15.4149,6.70175,-10.097,-14.5944,19.0841,-0.0444056,-1.23464,6.36273,11.1334,14.3031,-5.368,-984.784,105.896,-14280,11760,11480
5.97237,3.68226,6.16423,3.64578,6.55734,1.0234,6.86208,1.98336,4.86892,11.752,-1.40111,7.89151,-3.11,5.61905,5.98573,4.08304,-6.832,-985.272,105.896,-14700,11480,11200
6.19939,-5.55942,5.87452,-1.79168,4.98284,-0.410259,-0.984698,-1.96325,1.44075,11.7904,-2.08811,4.87885,-1.39554,3.7932,-2.16692,-1.64537,-1.952,-977.952,102.48,-14560,10920,11060
2.71791,-6.73547,6.52365,3.54655,10.2953,2.27755,0.777308,3.91931,-0.488377,4.62649,7.25949,3.54756,3.81154,11.553,-4.27773,4.92453,-6.832,-978.44,108.824,-14980,10640,10500
-3.67702,-2.68922,1.485,-14.1741,-4.20916,3.92719,-4.8017,6.714,-0.963391,1.84374,-0.39576,-3.891,2.49595,9.83139,-14.1685,4.0056,-5.368,-980.392,107.36,-15820,10500,10220
-6.93515,-8.8423,-7.48953,-15.7289,-13.0865,8.76251,-5.66721,12.5727,-7.66909,-6.60027,-4.40214,-6.61618,-2.14662,-13.013,-10.3967,1.95008,-4.392,-983.32,110.776,-16800,10080,9800
-7.65519,-8.37409,-9.2141,-0.332758,-10.3825,-5.29029,2.06024,6.19287,-7.21708,-8.06745,-8.21429,-5.75718,-9.9895,-12.8856,1.50575,3.54442,-0.488,-983.32,103.456,-17780,9800,9100
1.28296,7.66299,3.40139,12.3146,5.71612,-2.15547,9.92094,6.59231,2.43998,3.31133,5.44861,4.66732,-0.353846,3.61362,9.76019,7.85159,1.952,-986.248,111.264,-19320,9240,8820
2.52825,12.6429,3.97955,6.90324,4.59395,4.83512,1.50602,3.22711,10.4181,6.29778,3.27335,5.63851,3.07742,0.0122706,0.813192,-1.40374,-1.952,-982.832,113.216,-19880,8820,8680
