7.63059,4.10974,0.5738,3.95565,-1.24989,-3.37581,-3.02505,-6.44348,10.6959,5.19534,6.41877,0.469512,0.992985,-5.58848,1.73493,-5.32604,-33.184,-985.272,-169.336,-8400,32340,8120
-4.56271,-9.5,-4.08738,-3.84675,-7.23423,-5.54213,-3.98136,-6.12914,-9.5566,-3.77903,-0.279058,-8.65715,-2.87581,-6.81813,0.852656,-4.30797,-31.232,-986.248,-168.848,-7420,32760,8540
-1.19311,2.17929,0.915096,8.10859,3.51926,2.0827,8.35989,4.98587,-4.78605,-1.70201,0.0098364,1.29789,1.71993,1.93527,14.9569,5.22136,-35.624,-985.272,-166.896,-6860,32620,9100
-0.132106,3.37433,1.78117,5.68267,1.7427,1.4068,4.7764,4.72863,-0.228452,-2.53559,-1.13036,1.77839,1.92015,3.83149,10.4194,3.2687,-35.624,-985.76,-170.312,-6020,32340,9660
-5.98897,-11.5716,-3.83668,-14.7146,-8.75467,-1.26825,-8.11192,1.50139,-8.39776,-4.74359,-2.52256,-8.08894,-1.7213,-2.30641,-14.4801,-4.23816,-33.672,-987.224,-171.776,-5600,32200,10360
2.34021,-1.89734,-0.347648,-7.1775,-0.559895,3.38384,-0.363553,6.71303,6.35539,0.396707,0.443297,-0.493924,0.444265,2.25592,-9.40743,1.97425,-36.6,-990.152,-170.312,-4480,32480,10780
10.0439,13.2405,3.77145,10.2009,7.51627,5.37752,8.83695,6.53264,21.8916,3.711,0.195916,7.69124,1.5411,6.80751,7.26152,7.61413,-40.504,-985.76,-165.432,-3220,32480,11340
9.41311,20.8074,7.61749,21.4948,14.0585,7.84066,14.3939,7.73448,19.7492,6.09781,1.21946,12.7841,3.75508,9.20413,17.6707,10.9146,-38.064,-986.248,-174.216,-2380,32620,12040
-4.51206,-2.86279,-2.94237,-4.85951,-3.00171,-2.32869,-2.86043,-1.29248,-1.84197,-0.987051,-4.15994,-2.69685,-3.4397,-4.09768,-8.96991,-2.37902,-35.136,-985.76,-170.8,-1820,33040,12740
-6.17765,-13.6473,-4.69753,-14.1253,-8.68785,-2.80529,-5.79387,-1.47787,-10.7214,1.23639,-0.437306,-6.92645,-2.55861,-6.98935,-12.7715,-4.15518,-38.064,-984.296,-171.776,-1540,33740,13300
2.75107,0.168308,1.13272,1.50236,0.69828,0.497253,3.23588,0.415257,3.16554,7.58614,3.00547,2.76081,0.980768,-1.65397,3.16992,2.36613,-41.48,-978.928,-168.36,-1120,34720,14000
4.60559,8.02837,1.05312,8.01988,4.23189,-0.777311,4.97452,-1.54172,11.1523,6.57385,-1.18678,7.10008,0.61649,1.77835,7.97754,3.5688,-37.576,-983.32,-159.576,-420,35560,14700
2.41281,6.28482,2.19886,7.65577,5.45237,-0.00660748,4.76772,0.0500406,4.30161,3.95183,0.248397,6.38532,2.31812,4.507,6.76384,3.51916,-29.768,-983.808,-163.968,-700,36540,15120
2.35959,9.85137,2.98255,12.0792,7.4494,0.061788,1.93148,-2.4732,2.29601,3.35226,2.7344,7.65855,2.2963,4.09613,7.5586,0.526492,-32.208,-981.368,-158.112,-1540,39760,15540
1.01251,2.73281,-0.237398,0.880426,-0.737551,-3.92484,-7.62993,-8.05463,4.69944,-0.694285,-1.11628,1.86038,-1.21854,-0.706274,-0.532701,-6.16508,-33.184,-980.88,-154.208,-1120,41300,16520
-3.63215,-8.92016,-2.63846,-7.58504,-4.98989,-1.39987,-7.52903,-3.40554,-7.77633,-4.75503,-0.362161,-5.97142,-0.441625,-4.24891,-5.2571,-4.82007,-29.28,-984.784,-153.232,-2100,42000,17220
-13.8857,-20.3373,-6.57441,-12.088,-9.34556,-2.344,-5.45087,-1.08105,-27.8268,-10.8519,-2.19929,-14.6885,-1.98801,-8.62506,-5.52871,-3.13498,-27.328,-988.2,-148.84,-2940,43680,17780
-8.0317,-10.9037,-0.441017,-7.97856,-4.94058,0.347935,-3.52517,1.70619,-17.7584,-3.72256,1.96969,-7.58312,1.56334,-5.58866,-5.23642,-1.49123,-28.304,-985.272,-144.448,-3080,44800,18200
-6.91823,-8.39898,-2.12608,-9.68603,-7.23625,-3.24637,-5.33394,-0.95677,-8.74712,-5.21173,-1.56137,-6.61657,-1.8326,-5.25578,-7.38083,-4.00954,-28.792,-985.272,-143.96,-3640,46200,18900
-8.28768,-10.7096,-2.28848,-10.5284,-5.67965,-2.28693,-3.49092,0.906363,-13.5675,-5.37671,-2.86321,-6.34121,-2.89789,-2.05338,-9.97031,-1.75333,-23.912,-989.664,-142.984,-4480,48160,19600
-0.889496,3.2712,1.79435,0.687108,2.20656,0.311256,0.651046,1.46375,-3.34319,-2.64641,-2.53018,1.73293,-1.102,4.63926,-5.68933,0.85607,-21.472,-992.592,-142.008,-5600,49700,19880
-2.48426,0.0203515,-1.83322,-5.05927,-1.86089,-1.21082,-1.67917,-0.898068,-1.61509,-5.97109,-6.20682,-2.35548,-4.89294,0.661665,-8.0547,-1.11127,-20.984,-992.104,-143.472,-6160,51660,20300
-2.9696,-4.88795,-1.38088,-7.79622,-1.83295,1.93647,-2.4514,1.32672,-4.59941,-4.52474,-3.46373,-3.27485,-2.56212,4.06813,-9.7531,0.507685,-20.496,-992.104,-141.52,-6440,52500,20720
6.53341,7.38567,2.82946,-1.66606,3.40192,6.51794,-1.87119,1.17532,8.5137,2.35622,2.91621,5.06214,3.02941,8.12426,-11.7957,-0.199126,-23.424,-994.544,-146.888,-6860,53620,21140
4.57144,5.10372,0.91789,0.352725,3.67158,4.83593,-1.0255,-1.93067,7.15218,-0.275071,1.94042,2.50064,3.29605,4.70987,-4.77966,-2.28984,-27.328,-993.568,-141.52,-7700,54320,21420
6.22514,5.76477,3.31861,8.03902,7.5479,5.01797,6.57844,2.59798,8.13403,4.5391,5.25278,4.87659,4.89235,4.90232,8.98546,3.01713,-31.72,-994.056,-140.056,-8260,54600,21840
6.45031,3.5481,1.11919,4.48702,1.84045,-0.422556,1.35273,-1.49015,10.7278,5.1498,2.92119,2.81931,0.51808,1.2023,4.29252,-0.635377,-32.696,-992.104,-143.96,-8960,54600,21840
12.725,9.87664,5.63062,11.1872,7.3253,3.82078,7.31804,3.53987,16.5842,8.97114,6.7721,8.45291,4.46304,4.56988,12.222,4.8046,-36.112,-992.104,-144.448,-9380,54460,21700
5.83788,6.13415,2.53446,8.60229,2.14911,0.845046,4.11203,-0.177437,8.29514,3.24239,2.43613,3.4696,1.58724,0.944903,12.831,0.532931,-38.064,-990.64,-142.008,-10220,54040,21560
0.61686,2.20517,-1.58277,6.6141,-0.634082,-1.89085,4.34336,-3.02379,2.54251,0.0230561,-0.842349,-1.38644,-2.54543,-5.39763,13.5132,-1.55384,-41.968,-989.664,-142.984,-11060,53480,21280
-2.76392,-2.57015,-7.77359,3.35723,-5.07915,-9.68767,-0.510545,-8.07915,-3.97639,-1.99328,-2.20295,-4.32856,-6.3465,-28.5239,5.96398,-11.2904,-43.92,-990.64,-141.032,-11900,52780,20860
-9.64606,-9.39951,-13.2202,1.1057,-18.5189,-23.3508,-12.1816,-16.0935,-13.5004,-5.91326,-4.99365,-9.55223,-9.95298,-37.034,0.12963,-19.958,-48.8,-990.152,-142.496,-12880,51800,20440
-0.450047,1.96262,-0.453118,4.80662,-13.9707,-12.5895,-5.57439,-2.46017,-3.14333,5.09846,5.00785,0.275424,0.232825,-1.64386,7.02279,-0.85549,-47.336,-988.2,-142.984,-13720,51520,19880
12.9841,11.0523,10.6936,-7.47801,2.94455,2.51345,1.27214,7.41133,18.4998,11.6665,9.25717,10.2506,6.07434,23.6001,-1.49209,12.6143,-50.752,-986.736,-144.448,-14840,50680,19180
14.0781,15.4254,6.03456,1.18395,19.2585,11.009,12.9007,13.3863,24.7997,7.752,3.54826,13.7325,0.851997,10.1486,7.33429,16.4607,-51.24,-986.248,-147.376,-15400,49700,18620
-2.49436,3.43314,-3.11345,11.7804,10.3265,5.70366,11.3816,9.56435,3.76312,-4.46388,-5.25,1.47089,-2.83655,0.9402,13.2463,10.123,-55.144,-982.832,-142.496,-16240,48860,17780
-9.35741,-6.96673,-5.85805,2.1083,-3.22879,2.27948,3.10011,4.84988,-6.19369,-10.1077,-13.3333,-8.16941,-6.27356,3.15488,2.71102,5.03691,-59.536,-982.832,-140.544,-17220,47600,16660
-2.56847,0.0468045,0.788324,-3.11113,2.81291,3.02898,2.7913,6.39983,-0.655704,-4.62904,-8.81199,0.220412,-0.619724,11.8876,0.980943,7.47961,-56.12,-983.808,-143.96,-17640,47040,15960
2.77814,5.54695,11.0801,-2.34228,11.9139,11.9328,3.8285,7.37725,4.70003,6.25196,5.94381,6.19774,12.8323,21.7868,-0.701491,9.41397,-61,-980.392,-145.912,-17920,45640,14700
-0.480754,-5.38542,13.6693,-10.0407,6.70873,18.0333,-2.20105,6.64335,0.410492,9.25388,9.24885,-0.625505,15.7406,26.5906,-14.7769,8.74969,-59.048,-981.856,-146.888,-18480,44660,13580
-0.546731,-8.48763,15.3634,-8.93071,8.46957,19.7237,-0.0636669,4.70669,-6.19702,9.36087,8.52931,1.28338,16.6837,26.1965,-13.9572,7.79735,-62.464,-984.296,-152.744,-18760,43120,12880
-9.91679,-14.1403,5.91431,-7.38559,5.17515,7.36905,-4.18643,-7.66936,-19.4187,-3.54578,-1.66955,-4.90056,6.72211,12.4407,-9.93445,-4.02947,-58.56,-985.76,-149.328,-18620,42280,11620
-10.8958,-14.1271,2.62246,-3.10057,4.48718,6.31641,-2.93678,-7.42258,-25.4057,-4.42237,1.29625,-4.64429,4.47655,2.56918,-6.87642,-7.662,-56.608,-985.76,-152.256,-17920,41440,10920
-11.8554,-16.6445,-9.87581,-9.1795,-8.24262,-6.76563,-11.7926,-14.383,-26.2945,-10.5088,-5.16346,-9.61436,-6.93038,-27.0189,-15.6065,-20.8604,-58.56,-983.32,-156.648,-17780,39620,10360
-5.44939,-4.11382,-13.0283,-2.63278,-15.4746,-19.2024,-13.0695,-11.0685,-13.5704,-6.05643,-8.32931,-4.24512,-15.9091,-28.9453,-11.4546,-18.2903,-58.56,-983.808,-157.136,-17640,38360,10080
1.91918,4.39337,-6.64836,1.6125,-11.7939,-11.0804,-2.28406,2.44618,0.642054,-0.849784,-1.38383,0.760834,-8.59918,-1.41412,2.82779,0.542341,-55.144,-980.88,-158.112,-17220,37100,9660
9.40277,10.7245,2.77407,0.265311,0.660457,7.65804,3.7316,8.362,16.2954,2.26618,3.98551,5.54888,4.82395,15.511,5.13112,9.95452,-53.68,-982.832,-160.064,-17080,36400,9240
-5.07318,-3.30711,-14.3521,-6.60899,-2.97167,-1.55141,-4.84386,-3.1351,-1.5082,-8.42654,-5.19216,-8.62668,-6.72937,-33.4855,-8.9007,-8.90275,-49.776,-980.88,-161.528,-16660,35980,9100
-6.79605,-2.43344,-33.5397,10.7366,-17.7747,-43.665,-10.0547,-16.0459,-4.83269,-15.1454,-20.2907,-12.6042,-35.3682,-79.0632,-1.60987,-26.8262,-49.288,-983.32,-159.576,-16940,36540,9100
21.0496,32.514,-22.6984,45.311,-18.4314,-44.8276,6.72209,-8.15406,26.7313,1.34018,-16.7486,13.7667,-37.778,-59.7403,34.4682,-13.8724,-47.824,-982.832,-161.528,-16800,36820,9240
21.649,29.2175,-10.4328,21.3894,-18.1632,-27.2814,10.7072,4.56308,27.6139,3.37798,4.71296,13.3306,-11.5283,-15.7848,30.3906,2.58998,-48.312,-981.368,-159.576,-16380,37100,9520
-4.9159,-3.37294,-1.85322,-22.2479,-15.1903,-3.19365,2.52335,9.33457,4.02495,-4.69305,12.3855,-9.81527,9.83642,22.3626,5.13181,13.0277,-47.824,-981.856,-157.624,-15680,37520,9940
-8.91504,-10.0612,17.9758,-18.7059,11.6158,32.4014,10.3348,15.8067,-3.23099,5.5232,18.2375,-6.31061,28.5343,46.8177,1.5458,25.0689,-51.728,-984.784,-162.504,-15680,37520,10220
3.63144,1.43239,29.1512,2.89034,29.1245,37.7415,13.0451,10.8757,4.05002,14.9447,15.0764,9.26245,28.8644,46.4608,0.22804,21.4126,-47.336,-983.32,-163.48,-15540,37940,10500
-0.998821,-8.81481,18.5052,-3.88075,19.1849,23.8352,-0.439581,-0.345773,-8.64204,7.36942,-0.461793,4.5633,11.0449,28.4995,-16.2771,5.31108,-48.312,-979.416,-159.576,-15680,38220,10640
-5.24078,-13.1658,6.09155,-10.3399,9.4418,9.34172,-6.50504,-4.91815,-13.0852,-3.4277,-6.70511,0.607725,0.35277,17.2223,-16.9159,-2.96418,-47.824,-984.784,-158.6,-15400,38500,10920
-8.9016,-5.90191,-0.373851,-1.8728,5.32435,3.35496,-5.76494,-11.641,-8.44783,-10.7239,-7.99776,-1.99379,-1.80095,10.1474,-2.02384,-7.60396,-50.264,-986.736,-158.112,-15260,39760,11200
-13.9659,-12.1521,-0.298288,-11.289,-2.59913,6.14228,-14.0101,-11.2634,-13.9821,-5.06091,3.06622,-9.89594,6.33616,4.63797,-15.3272,-12.0556,-49.776,-982.344,-160.552,-14700,40180,11340
-8.52818,-15.5472,4.76351,-15.5979,-2.90698,8.93557,-14.4517,-6.9423,-8.0585,3.51647,7.6305,-8.72516,9.55425,6.1254,-22.7735,-8.35258,-48.8,-984.296,-159.088,-14700,41020,11620
6.5866,-5.51998,10.1216,-8.6035,3.11092,4.1102,-8.21278,-4.4195,12.585,12.0753,8.96611,1.80935,7.64416,7.21173,-17.0664,-3.99386,-50.264,-981.856,-169.336,-14700,41300,11620
7.31737,-2.85298,5.41231,-4.55611,-0.371727,-5.35371,-1.53058,-0.976811,12.2618,5.52937,4.1527,1.04876,2.73624,1.56745,-6.36324,-1.54391,-48.312,-986.736,-161.528,-15400,43540,11480
-4.38263,-1.42878,0.314092,4.23788,1.42316,-1.62944,5.77884,4.1752,-1.57917,-6.52557,-3.53753,-2.33703,2.5817,-1.259,11.4519,1.78606,-48.312,-986.736,-167.872,-15260,44940,11200
-9.3143,-3.93788,1.00929,2.52412,0.736187,5.36454,7.67862,8.55522,-13.5403,-6.40845,-2.26701,-3.85634,5.28904,1.05455,15.5025,5.51077,-53.68,-985.76,-170.8,-15120,45360,11340
-9.47453,-10.3934,-0.583046,-7.41592,-4.99338,2.61606,3.19506,6.12284,-18.1089,-4.12876,-1.21832,-7.42246,3.9284,1.39843,3.53659,5.27666,-48.312,-984.784,-166.896,-15120,45220,11340
0.43751,-0.425119,3.97502,-1.58864,0.755182,2.43572,3.19462,2.88168,-4.20233,3.13137,-0.0763821,2.02398,3.29111,6.9603,1.33337,4.12845,-49.776,-986.248,-176.168,-15120,45640,11340
15.9967,15.6366,2.13009,12.0471,10.2219,-0.869972,4.30948,-1.89408,11.8431,11.1103,0.438986,14.7569,-7.12456,-18.4667,6.25091,-5.34542,-56.608,-979.416,-165.92,-14700,45640,11200
18.8473,22.7473,-25.25,24.5738,-5.7054,-37.8604,-6.36523,-17.9267,19.6915,1.83355,-14.8622,11.3131,-36.4907,-79.9267,8.08014,-29.338,-52.216,-980.392,-173.24,-13860,44240,11340
32.7701,45.7122,-21.1994,47.4948,-15.5096,-42.0525,10.0419,2.29209,41.2662,5.00347,-17.0551,23.3652,-36.5895,-48.132,35.4745,-5.01666,-46.36,-987.712,-174.216,-14840,44520,10780
44.689,64.5444,1.93138,43.2474,4.46333,-12.1363,26.1775,24.4456,64.7724,15.3214,1.12462,35.5199,-10.1891,12.0863,45.6382,28.2262,-55.632,-982.832,-166.896,-14980,46060,10080
39.451,57.5628,21.8028,27.265,31.0761,20.269,35.7919,33.3055,60.0556,23.1825,19.6337,34.6388,10.2178,48.5145,37.8731,44.2026,-57.584,-983.32,-162.992,-14420,45080,9940
3.52843,9.71784,14.4026,6.11315,26.2771,34.2464,26.6932,23.3967,16.7297,4.06101,13.5569,5.29907,15.1982,50.2176,13.6878,35.3893,-53.68,-983.808,-170.312,-15400,43820,9520
-32.3046,-33.2962,-5.60013,-14.6075,8.07683,20.4425,2.14855,-0.437567,-29.6808,-21.2282,-2.45422,-24.9209,11.878,21.1874,-12.3182,7.54501,-56.608,-989.664,-156.16,-16660,44800,8820
-36.4656,-41.3484,-6.50036,-24.2275,-5.8577,10.7179,-12.8076,-8.02538,-49.9326,-18.206,-3.85184,-30.6241,8.12401,4.79976,-24.4709,-8.7276,-57.584,-981.856,-162.016,-15400,44100,8400
-24.8855,-41.6881,-0.292146,-26.7068,-11.0454,6.8526,-14.6291,-6.88377,-48.0348,-5.79228,-0.209463,-23.1752,6.50456,4.1371,-24.7507,-8.40998,-53.192,-987.712,-171.288,-17080,43680,7560
-25.677,-51.177,-5.10064,-41.7036,-19.7249,2.21501,-20.5121,-9.02536,-45.629,-10.0036,-2.87816,-25.1443,2.93561,-0.76001,-33.6939,-10.3435,-48.312,-993.08,-165.432,-18900,45220,6720
-24.1511,-41.7188,-10.5916,-40.4215,-23.7125,-6.40619,-30.8004,-20.481,-38.281,-10.8381,-2.43189,-23.3551,0.175017,-23.6308,-39.2051,-26.7416,-57.096,-988.688,-164.944,-18620,45640,6020
-20.9755,-21.9688,-10.0127,-19.611,-24.7929,-16.8143,-32.0099,-30.0871,-31.347,-8.5071,-3.90388,-16.7622,-2.9345,-26.0466,-25.612,-34.4836,-54.656,-986.736,-170.8,-18060,44100,5740
-6.16438,-3.71574,1.0353,-1.1799,-8.15152,-12.8757,-14.9096,-18.1862,-13.8592,2.18733,3.9961,-2.46847,4.38923,-10.3513,-3.74342,-18.6443,-60.512,-989.664,-162.992,-19040,43680,5460
4.96427,5.11346,6.81,2.65555,-0.462374,-9.24852,-4.75008,-6.48583,2.65257,9.38184,7.37589,4.69455,8.70914,-4.30526,5.15097,-6.97634,-59.048,-980.88,-159.576,-17780,41020,5180
10.4005,12.3946,11.4142,4.98475,0.846645,-0.878133,-1.15919,3.45436,10.9953,10.3172,2.46262,11.8887,6.08928,6.23532,-0.561175,0.373767,-46.848,-985.76,-186.904,-17360,39060,4620
11.5291,12.0616,4.19654,5.07385,3.21521,-0.173938,0.187814,4.46079,11.5629,2.64213,-8.3081,12.2295,-7.89285,-1.58693,-1.26678,-0.385136,-49.288,-989.176,-172.264,-21000,42280,3780
0.2032,7.3727,-16.6462,6.60585,-0.875301,-12.5573,-0.30847,-4.43494,6.05104,-14.6997,-18.3742,1.449,-19.7249,-29.4051,5.24604,-10.0695,-59.536,-979.904,-172.264,-18480,41020,3220
4.5175,20.8657,-19.7178,21.6555,-1.71282,-18.0906,6.30892,3.1484,21.2818,-13.0288,-17.587,6.86956,-22.7394,-30.0198,17.1058,-4.20873,-54.656,-987.712,-170.312,-19460,39060,3500
4.82134,24.6283,-9.29761,24.5426,-4.9888,-8.2374,8.84306,11.2068,23.6448,-6.77035,-7.64549,5.13856,-10.2255,1.0067,20.8485,10.35,-52.704,-987.224,-178.608,-20300,37380,3080
-1.66898,11.5434,6.53171,6.13853,4.2112,13.5097,10.8641,15.7396,5.12925,0.846275,6.95198,-1.23186,11.5914,25.0565,6.27113,19.7015,-50.752,-987.712,-180.56,-20300,37100,2660
-8.40933,-14.5655,7.35535,-21.397,3.77531,19.4914,3.60727,10.7274,-9.7573,2.88886,10.4382,-11.1031,12.8781,19.9489,-17.7185,12.4902,-53.68,-989.176,-183.976,-19880,36820,2240
-11.754,-29.9448,1.64214,-29.2782,-4.18302,12.706,-6.34937,-1.95856,-20.4523,-2.92698,1.44685,-15.1339,5.28474,11.3378,-27.0059,-0.547305,-52.704,-987.712,-172.264,-20860,36680,1960
-5.67634,-23.0722,1.18972,-21.1442,-1.77464,7.99185,-3.99504,-2.27832,-15.4956,-2.93932,-0.979138,-8.37909,1.28037,9.74769,-16.9017,-1.72737,-53.68,-988.688,-169.336,-21000,36120,1680
1.30918,-14.5539,0.669456,-17.0873,-1.55167,3.09591,-5.03368,-6.0088,-2.47581,0.466904,1.94951,-4.191,-0.872565,2.86136,-12.8566,-4.62756,-46.848,-988.2,-176.656,-21420,35560,1400
4.17962,-8.0017,0.972315,-13.2759,-3.85372,-1.20404,-9.20375,-7.80026,4.03373,3.31157,3.58681,-1.92707,-0.856466,1.76447,-16.6912,-7.13099,-51.728,-997.96,-166.408,-22260,36680,1120
9.30554,2.64233,7.76999,0.106214,5.13434,6.0981,0.801804,-0.0262321,5.57408,8.94375,8.87486,6.03586,4.33856,11.3385,-3.70021,1.83785,-57.096,-987.224,-167.872,-22400,38080,560
15.7776,20.2576,10.8208,22.02,18.7719,6.36359,14.88,2.34474,19.9186,10.9129,7.24984,16.2786,4.75219,15.9999,22.6562,8.72956,-58.56,-988.2,-166.408,-22400,37380,700
25.4186,41.5268,18.2862,45.3537,33.012,12.7841,29.7126,10.065,40.4333,17.9946,11.8498,29.9843,11.8259,22.1392,44.6873,19.0814,-52.704,-989.664,-169.824,-23240,37100,560
15.8401,28.3836,12.3104,35.1866,22.2327,6.92208,22.9528,8.17155,27.5266,9.94124,5.61832,19.9604,7.02479,11.0701,36.3306,16.6225,-54.168,-991.616,-170.312,-23380,37800,140
8.6794,18.5799,6.55267,28.4549,17.4773,0.608967,17.7671,5.91135,10.0598,7.23755,4.09371,14.7996,3.1877,0.432912,27.1389,12.1392,-53.192,-990.64,-176.168,-23240,38360,0
3.69293,11.8335,-9.00913,19.0128,8.31477,-20.4098,5.41499,-6.78198,2.5047,2.6442,-1.08822,6.49775,-12.2565,-40.4378,11.2184,-7.63095,-47.336,-990.152,-183.488,-24080,39060,-280
11.0395,14.8565,-10.6182,17.0101,-14.0736,-32.9983,-1.84709,-6.9413,18.0768,6.11301,1.23015,3.85717,-14.4944,-41.9708,13.1547,-12.793,-51.728,-991.128,-173.728,-25060,40880,-420
17.5436,19.9517,2.47605,14.2016,-16.9002,-11.1314,2.95347,5.67362,24.4154,12.0247,9.80554,9.34087,-0.562092,-5.14485,20.9892,3.39122,-57.584,-989.176,-177.632,-23380,39900,-280
13.3019,19.4253,6.19933,6.53536,4.46444,0.493806,8.55107,11.7099,17.4093,8.57918,9.33835,11.8214,2.9329,8.0514,18.762,14.6343,-59.048,-986.248,-180.072,-22680,37240,140
2.41595,6.67206,7.72738,-2.67563,6.03651,12.1107,6.92463,13.0243,1.47076,-0.51028,1.97951,3.26514,8.29261,19.8494,8.29376,15.9046,-51.728,-988.688,-181.536,-22680,35560,140
-10.8916,-16.7781,4.82346,-17.1867,-0.0894516,18.1177,-2.18707,8.80047,-22.3982,-8.54314,-2.71768,-10.298,10.8864,18.1775,-11.2538,8.20605,-48.8,-984.296,-186.416,-21840,34020,-560
-21.2504,-29.8663,-3.03859,-20.8461,-5.52578,8.80195,-11.8136,-5.5751,-36.8133,-13.8723,-11.0181,-17.689,2.05066,3.81093,-17.6597,-7.68046,-50.752,-990.64,-189.832,-21420,33600,-840
-21.6755,-27.6574,-7.44569,-19.3532,-9.57876,0.93937,-19.6561,-12.7679,-31.1479,-12.0947,-12.6518,-15.6124,-3.00297,-3.87425,-25.2302,-16.8618,-52.216,-985.76,-188.368,-21000,33320,-980
-24.9809,-33.4094,-15.1387,-36.4746,-25.4384,-8.55923,-35.969,-19.0278,-27.0986,-15.3246,-16.0449,-22.7741,-8.82422,-12.867,-47.8474,-26.1239,-48.8,-988.688,-182.024,-19320,31920,-840
-23.6724,-30.4028,-14.4776,-36.3318,-25.1116,-5.8349,-32.1412,-14.7659,-25.1199,-12.5702,-13.055,-21.9474,-7.57272,-15.0178,-46.6086,-23.0603,-47.336,-988.2,-188.856,-18340,30940,-840
-10.7819,-13.1007,-5.54228,-10.5377,-4.77426,-0.565548,-3.33371,-0.665569,-10.8417,-2.70564,-3.62798,-8.38287,-1.81223,-2.0099,-10.4061,-1.37138,-48.312,-986.248,-182.512,-18900,31920,-1260
-10.9417,-13.6699,-6.49699,-5.89583,-3.76734,-0.249833,6.66554,4.48696,-8.73796,-7.15232,-5.74131,-10.471,-3.04178,4.11209,6.53238,5.29838,-50.264,-987.712,-182.512,-17640,31080,-1400
-7.28946,-10.9647,-3.12887,-8.47617,-2.79867,3.46488,2.7581,4.35119,-7.91524,-4.41681,-0.0364662,-7.74964,0.573301,5.43334,-2.8343,3.77841,-53.192,-981.856,-179.096,-17500,30100,-1540
-6.97031,-8.14521,-5.25936,-7.24916,-3.21814,-0.73636,-2.30691,-2.91323,-8.19551,-5.54341,-1.31237,-7.77871,-2.69696,-3.10224,-7.90179,-3.02414,-50.752,-982.832,-180.072,-16940,28140,-1960
-4.24583,-2.99197,-3.78703,-0.599805,-1.21731,-0.358174,-1.12763,-1.41282,-5.71964,-5.23084,-2.75099,-3.6059,-2.93241,-3.19561,-2.69809,-4.02432,-43.432,-985.76,-183.976,-16380,27440,-2240
2.20757,10.7139,0.564636,11.0498,5.77414,-1.038,3.52725,1.25653,2.42391,-3.35763,-2.70458,6.21563,-2.03841,1.57047,5.77089,-0.507393,-45.872,-985.76,-178.608,-15260,27160,-2800
1.36232,11.8002,-1.10459,11.0262,3.81554,-3.25332,3.0608,-0.994407,0.940708,-2.81841,-1.31724,4.88357,-1.51525,-3.34752,7.83227,-3.07262,-51.24,-979.904,-179.096,-14000,26180,-2940
5.50111,7.34673,2.58428,5.66813,2.65644,-0.679082,2.29954,-1.6848,0.841326,4.22787,6.93961,4.74692,3.38312,0.312909,4.28852,-0.802329,-49.288,-984.784,-184.952,-13720,24500,-2940
12.0983,10.5456,6.23841,4.00857,5.00134,-3.21209,-6.01381,-6.92801,11.2945,8.17967,8.37583,8.88498,2.61699,4.66934,-5.67125,-5.03113,-47.824,-983.808,-181.536,-13440,23380,-3220
18.2068,16.427,9.50206,6.75087,7.69093,1.47067,-3.86,-4.32287,21.1188,12.6399,9.23721,13.0637,4.27846,4.56372,-7.22256,-2.37513,-46.36,-985.76,-187.392,-12460,22680,-3360
18.8176,16.3474,11.4414,10.9304,11.7047,8.75786,7.42542,4.3838,22.4209,14.9387,11.4733,13.0703,10.3327,6.78988,2.53015,6.03027,-47.336,-983.808,-190.808,-12040,22120,-3360
9.53305,5.61818,2.51645,5.97425,3.0085,-0.224618,4.69519,0.718676,16.2876,3.16422,-2.88937,4.11414,-0.935048,-6.15273,8.29037,0.17781,-45.872,-986.736,-187.88,-12040,21840,-3360
15.6243,18.2491,2.01211,21.776,10.6512,-6.29776,16.6911,7.73061,19.3391,5.27653,-5.98519,16.0911,-7.76354,-9.6533,28.2429,8.79212,-44.896,-990.152,-189.344,-11340,21280,-3360
4.76308,12.0824,-8.74722,15.6626,-1.95938,-11.5963,12.3436,5.87711,9.71218,-5.10585,-6.91107,5.0996,-10.3801,-16.5107,25.803,5.5558,-44.896,-989.176,-190.32,-10080,20580,-2940
-3.04086,5.5597,-7.26013,5.72313,-8.93814,-4.65535,7.95933,8.677,0.587381,-5.29638,0.769882,-3.98339,-6.09882,-11.7463,14.9413,5.35848,-45.384,-992.592,-194.712,-9240,19600,-2520
-5.83743,-9.60565,-3.70633,-13.5211,-13.0795,-2.98386,-2.63991,4.09352,-10.6087,-2.23704,6.71665,-10.5792,-1.878,-1.02374,-6.25454,1.87853,-45.872,-993.08,-193.736,-8260,19180,-2240
-1.52389,-16.5993,2.12145,-22.7491,-8.16752,2.10537,-7.34681,-0.186802,-8.39458,3.49843,9.85448,-9.14709,6.00048,8.77201,-18.3821,-0.454881,-44.896,-993.568,-191.784,-7700,18620,-2240
1.77767,-5.0946,10.884,-7.18146,7.71627,12.604,3.34859,3.67525,-4.58643,8.6956,10.0737,2.16406,12.0527,17.0435,-6.10727,6.28833,-43.432,-992.592,-192.76,-6300,18060,-1540
-4.04687,-4.49418,8.56506,0.330036,8.51222,10.6788,4.73621,1.43023,-6.05047,1.80196,1.84854,1.60034,7.56364,15.773,2.02054,6.98357,-48.312,-992.592,-191.296,-5320,17920,-1260
-1.41913,-4.65986,4.42564,-3.34239,3.20265,5.67495,-3.16306,-2.96309,-0.287579,1.56684,-1.89649,0.451644,2.95218,8.67247,-5.82358,0.428034,-44.408,-990.64,-196.664,-5180,18060,-840
0.10438,4.06375,3.01488,3.35857,4.29562,2.6447,-2.93819,-4.60875,6.16159,2.95857,-0.749567,2.90894,2.16311,2.73792,0.482166,-2.31475,-48.8,-985.272,-196.176,-4480,18200,-560
-6.28213,3.08627,-0.477135,11.3865,4.54437,0.0655133,1.80121,-4.59046,-2.64629,-1.62444,-4.35974,0.521566,-2.30858,0.00378067,12.1654,-1.32997,-49.776,-983.808,-195.688,-4340,17640,-420
-4.07035,-1.59028,-0.0109268,6.84115,2.65391,0.816882,2.54589,-2.55483,-4.3952,0.919264,1.47319,1.1497,0.0020081,0.0674458,8.8224,-0.0265511,-49.776,-979.904,-196.664,-3780,17080,-560
-2.84083,-4.54211,-1.50794,-2.14038,-2.65629,-3.78358,-5.58447,-8.02348,-4.78648,-0.0741652,1.29882,-0.749736,-0.493838,-0.588293,-2.93231,-6.79358,-46.848,-982.832,-196.176,-4200,16520,-840
-7.84592,-2.58721,-2.75133,7.76805,4.11065,-0.470357,1.1235,-3.29142,-15.3594,-5.14363,-4.32706,-0.878997,-1.55767,2.96646,7.61489,-1.60904,-49.776,-982.832,-198.128,-4340,15960,-1120
0.843134,10.4511,-1.28419,11.4396,5.5749,0.616142,2.90553,3.17872,7.29616,-1.51006,-3.82387,4.74595,-1.48161,1.66851,5.86557,3.61827,-43.432,-983.808,-197.64,-4760,15400,-1680
5.58707,9.65871,-1.65614,-1.1294,-1.50369,-0.212866,-3.47899,3.37242,19.9646,-0.116414,-3.45008,3.94683,-1.37207,-1.59838,-9.78211,0.939078,-47.824,-989.664,-193.248,-4760,14420,-2100
2.14411,6.24155,-0.274489,2.67367,1.87277,2.55346,3.23537,6.73657,10.8153,-0.485865,-2.74832,2.52641,1.93299,0.212845,0.30375,5.0897,-47.336,-994.544,-194.224,-4620,13160,-2380
-8.62922,-10.3983,-6.98798,-13.0172,-7.22494,-1.58062,-2.24955,4.19606,-6.36671,-8.15526,-7.27276,-9.6349,-1.51842,-5.86569,-8.18181,1.3998,-47.336,-998.448,-188.368,-3920,11480,-2800
-10.2226,-19.0989,-6.31348,-17.1537,-7.19688,0.578415,0.322989,7.29015,-16.6829,-7.4268,-5.37398,-11.9538,-1.1882,-4.08788,-5.64799,4.40095,-46.36,-996.496,-190.808,-3360,10080,-3220
-3.16182,-5.60695,-3.37063,-3.89115,-3.46322,-1.79179,0.293709,3.2983,-12.5666,-4.82275,-5.65177,-5.37725,-3.17929,-4.31074,-1.61364,1.26728,-43.432,-997.472,-191.296,-2520,8820,-3500
0.689437,-4.10543,-2.2117,-4.35132,-4.38686,-5.04377,-3.65956,-3.0002,-7.50963,-2.61995,-3.07027,-3.5607,-3.82747,-3.80183,-7.21317,-3.14894,-44.896,-993.08,-193.248,-2240,7700,-3920
4.39652,-8.29553,-1.16592,-13.462,-8.06816,-4.82248,-9.45865,-5.99784,2.63324,2.51445,5.8139,-3.60424,-0.978363,-5.58292,-13.8214,-7.08637,-43.92,-989.664,-190.808,-1820,6720,-4200
3.41362,-3.35586,1.01944,-6.93612,-4.63507,-5.16941,-8.4259,-8.32368,0.703968,3.23785,7.31174,-0.802991,-0.277729,-5.27515,-8.10362,-8.08573,-41.48,-988.2,-191.784,-1260,5320,-4620
1.81646,-2.05393,-0.2833,-2.00909,-5.32107,-4.37873,-6.39275,-7.67074,-2.42343,0.403901,2.21951,-1.94601,-1.59514,-4.38007,-3.48016,-5.91518,-42.944,-985.272,-196.664,-980,4200,-4760
7.24816,8.75366,4.24905,6.67545,1.38127,0.846472,-0.426273,-2.1068,5.78346,4.79602,4.37673,5.15789,2.61033,0.783043,2.31511,-0.566065,-41.48,-983.808,-194.712,-560,2520,-4900
4.06208,15.5267,4.53326,16.9883,7.98211,-0.627253,3.99802,-2.64093,5.86936,1.98923,-0.124459,7.31128,0.728728,2.64427,9.35197,-0.146473,-41.48,-983.808,-198.616,-420,980,-5040
4.00339,11.3398,4.81442,12.9244,8.91815,2.6615,6.58711,3.73762,7.32744,4.13581,1.26693,6.6032,2.34328,3.29837,8.16692,2.35271,-44.408,-981.856,-198.128,-700,-840,-4900
-1.96313,-4.39736,-1.53129,-0.778462,-1.7002,-1.16951,1.45861,-0.32313,-1.33029,-0.197666,-1.68645,-3.12039,-1.83477,-2.65233,2.5878,-2.83706,-43.92,-980.88,-197.152,-420,-3360,-4900
1.99733,3.02553,1.27567,2.84912,0.689611,2.79637,2.53355,2.35122,5.80311,2.79013,1.95234,2.43669,2.18816,1.17539,5.46395,-0.763293,-43.92,-982.344,-195.2,-420,-4900,-4620
8.42141,15.1188,4.87909,9.00804,6.53182,3.8809,4.47236,4.27123,18.5041,6.03643,3.16169,10.9738,3.10699,5.77834,4.44918,1.97898,-41.48,-981.856,-199.104,-980,-7420,-4620
5.52957,13.5321,2.64796,5.81474,3.8443,1.80431,-0.737863,1.0282,11.7614,2.88107,1.84381,8.8571,0.246473,4.1077,-4.04433,-1.62356,-44.896,-979.904,-194.712,-1400,-8680,-4620
-8.42304,-21.3986,-3.64928,-15.007,-3.80992,1.99662,-0.343474,3.88067,-24.2013,-4.39163,0.717687,-8.8791,-0.91631,0.546282,-6.61566,0.850263,-42.456,-983.32,-194.224,-2100,-9940,-4760
-6.26093,-20.4847,-6.45421,-17.2482,-7.83622,-2.22701,-3.30087,-0.506848,-13.2237,-5.42225,-0.677535,-12.6365,-2.91772,-3.67268,-8.56199,-2.56375,-40.992,-981.856,-196.664,-2240,-10640,-5040
2.13896,-3.32307,-2.10483,-13.4224,-5.68299,-1.84714,-5.26204,-2.90828,13.3206,-0.817195,0.551211,-3.70651,-0.886399,-1.3925,-11.9042,-4.21295,-38.552,-983.32,-197.152,-2240,-10780,-5180
-6.44519,-10.2057,-3.0767,-8.06034,-3.80474,-0.758287,-2.03823,-1.61342,-8.05306,-4.86527,-0.830703,-5.61665,-0.72568,-0.801781,-2.72778,-2.05738,-39.528,-983.808,-198.128,-2520,-10640,-5320
-4.19853,6.17908,-2.14332,8.80861,-1.70762,-3.91819,-3.42869,-4.69935,-2.95103,-4.30314,-3.53436,-0.583011,-2.84798,-2.58802,6.48297,-2.58227,-37.088,-983.32,-194.712,-2520,-10500,-5460
-4.75312,3.96158,-0.136239,9.08298,4.44078,1.67416,6.7046,3.53414,-9.61279,-3.54989,-4.01723,1.73391,-0.688828,1.13957,11.3848,7.57396,-32.208,-983.808,-197.64,-2100,-10220,-5040
-5.19723,1.30378,-0.0110469,12.1126,6.43096,2.45693,10.3884,5.65794,-12.514,-5.6775,-6.01822,0.921532,-1.43237,3.72266,16.2311,9.7343,-29.28,-980.88,-198.616,-1820,-10360,-4760
1.49493,6.15978,2.7454,10.4623,6.45757,3.20396,8.07337,4.61429,-1.03226,0.105507,-1.49887,3.87357,0.082867,4.4322,12.0139,7.70732,-27.816,-983.808,-197.64,-1260,-10080,-4200
4.42496,5.85522,3.87846,1.53636,3.33041,4.52054,2.32672,2.21497,5.59762,5.2693,3.66207,4.67718,2.4686,2.23105,1.86978,4.23482,-31.232,-985.272,-194.224,-1260,-9240,-3360
2.69334,2.99466,2.51792,-2.68988,0.321226,0.555996,-2.12523,-3.93988,9.02713,4.39047,0.654194,3.28572,0.568291,0.892463,-3.26605,-1.4444,-29.28,-982.832,-190.32,-1120,-8680,-2940
-7.25168,-6.18684,2.62572,0.216117,4.1842,4.43565,2.99058,1.10494,-14.0969,3.14226,1.47622,0.142111,3.21258,4.78723,2.98731,1.29822,-32.208,-980.88,-196.664,-1540,-7000,-2100
-5.22326,-2.17989,0.812557,1.61749,0.307534,0.535527,-1.62095,-1.93016,-4.30762,1.55888,0.704118,-2.37337,1.04114,0.380974,1.27901,-3.24834,-30.744,-977.952,-192.76,-1960,-5320,-1680
11.1109,16.6827,5.34011,10.3021,4.65625,1.04723,-0.518006,-1.19914,26.394,7.93635,4.18082,9.22099,3.46542,1.36279,3.08578,-2.66685,-35.136,-976,-192.76,-2380,-2660,-1120
5.4519,-0.0622216,-0.393234,-4.92183,-2.88066,-0.7996,-4.67908,0.344356,9.28261,3.05889,2.73491,1.23723,1.94555,-2.26748,-6.05062,-2.03837,-40.504,-975.024,-188.856,-3220,280,-700
0.26412,-9.7131,-3.99008,-12.6769,-8.59424,-5.03653,-9.45847,-6.09592,-3.19982,0.581197,2.27001,-3.98415,0.772558,-5.482,-11.022,-5.25438,-43.432,-970.632,-189.832,-4060,2520,-560
2.04629,-3.86276,-1.31525,-7.32699,-4.28333,-1.72533,-4.28104,-4.84642,1.56279,2.68819,3.45258,-0.700902,1.92624,-2.73313,-6.6901,-1.13689,-48.8,-969.168,-191.784,-5320,5180,-280
-0.640544,-11.341,-5.07352,-11.1567,-5.87585,-1.96892,-2.41513,-2.43436,-0.028283,0.0981957,0.887944,-6.40238,-0.745049,-5.05436,-8.47211,0.572737,-54.656,-966.728,-192.76,-6440,6860,-420
2.36733,4.17575,-0.8107,6.19865,2.94618,0.114391,2.49776,1.95335,3.41544,-0.182713,-0.755025,1.8931,0.176666,1.20548,-1.61291,3.95032,-63.44,-967.216,-195.2,-7840,8680,-420
1.61049,7.35539,1.75367,7.4728,5.58633,3.55553,8.29405,8.05192,-2.9224,-2.19558,-1.48165,3.25527,1.20632,5.23997,2.14679,8.09104,-64.416,-968.192,-197.64,-9520,10080,-980
-4.6437,-7.39503,-3.75316,-6.16233,-3.20728,-1.00752,3.86858,5.83434,-8.69421,-7.57155,-6.50631,-6.94425,-3.73441,-1.02064,-0.320384,4.8698,-66.856,-966.728,-203.984,-10640,10640,-1260
-2.48519,-3.87939,-1.02084,-1.37576,1.6048,1.05231,6.09939,7.35469,-7.04314,-3.65319,-3.06344,-3.19205,-1.59625,1.03533,2.50729,6.11634,-67.832,-965.264,-202.032,-11480,11060,-1960
-0.990961,1.07327,-1.55251,-2.45015,-1.64793,-4.60159,-3.20888,-1.17684,-0.71121,-3.94478,-5.57655,-1.86222,-4.36122,-2.76409,-6.99833,-2.80161,-68.808,-969.168,-204.472,-11900,10920,-2520
3.28468,9.01997,3.53593,7.19456,4.27386,-0.497749,2.4888,3.85622,3.90015,0.586313,-1.33995,4.91265,-0.0458045,2.81054,0.542872,2.63884,-70.76,-968.192,-208.864,-12320,10780,-3220
1.25808,-2.66318,0.190042,-1.76026,-2.14135,-0.891916,0.309136,2.32269,1.65194,-0.641442,-0.502466,-1.49082,-0.802624,-0.743139,-0.806267,1.36399,-70.76,-968.192,-208.864,-12460,10220,-4200
0.0546647,-3.44299,-1.93317,-3.06586,-4.65769,-4.81171,-4.96706,-7.92579,5.59563,-2.74964,-1.67946,-3.34281,-3.20756,-3.51818,-0.833881,-9.39137,-71.248,-971.12,-209.352,-12320,9660,-4760
1.12822,6.83898,1.67812,13.5242,3.41702,-4.81455,-5.24826,-15.0552,4.33004,-0.283762,1.80397,3.23688,-0.142749,-1.28787,12.7165,-17.9227,-65.392,-970.632,-210.328,-11760,8960,-5600
-1.07034,3.57708,0.561199,4.46261,-3.18659,-3.56131,-14.774,-9.87684,1.60321,-0.168334,1.6721,-0.00825901,-0.565457,-4.27784,-0.305812,-16.4097,-65.88,-970.632,-209.352,-11340,8680,-6160
0.712647,6.83757,2.01575,-0.130162,-3.8504,1.4005,-9.28327,0.171077,5.50254,3.34946,3.65762,2.16193,2.08336,-0.683838,-5.35982,-2.65618,-60.512,-970.632,-209.352,-11200,7980,-7140
-0.436248,0.797713,1.8569,-6.94021,-2.28231,3.64493,-1.42185,1.93821,-1.83249,4.27615,6.42868,0.726305,3.76009,1.81507,-6.93742,3.00225,-58.072,-970.144,-211.304,-10220,7700,-7840
-6.04794,-15.9413,-2.87829,-11.5946,-3.65437,0.875575,5.41471,-0.646271,-15.6028,-0.247069,2.59741,-8.05804,0.200307,-0.921445,2.42981,2.7441,-57.096,-973.072,-209.84,-9660,7700,-8260
8.40046,6.76066,5.3592,10.7673,8.59272,4.81934,12.6181,3.01341,8.75831,8.26771,5.8873,7.12898,3.8538,6.16876,16.3556,6.70573,-50.752,-968.192,-208.376,-9380,7420,-8820
7.39908,13.3693,4.52114,12.2398,7.10178,4.40864,6.50531,3.36587,12.1186,5.27746,1.43975,8.44323,1.30996,6.49181,8.09318,4.53261,-43.432,-968.68,-210.816,-8540,7140,-9100
-1.45824,3.9325,0.305206,5.25731,4.42499,3.5005,3.83516,3.26677,-3.21007,-1.91984,-2.5384,2.48792,-0.294491,2.55435,4.74531,4.2048,-40.992,-965.264,-211.792,-8260,6860,-9380
-5.566,-2.51266,-2.92208,0.0463647,1.36242,2.72698,3.28393,4.39579,-6.25771,-5.94648,-5.66483,-1.60441,-1.60227,-1.37848,3.17531,4.78216,-37.088,-968.192,-215.696,-7980,6580,-9380
-7.84088,-6.36126,-4.63272,-4.34783,-3.44888,-0.33286,2.12118,2.94423,-5.79297,-9.04414,-9.47396,-5.00762,-4.91706,-3.92084,3.47874,4.09945,-32.208,-970.632,-214.232,-7560,6440,-9380
-5.04849,-7.09643,-0.583636,-1.77458,0.760638,1.47408,3.86991,3.19825,-12.3089,-3.36453,-1.35211,-1.36537,-1.6434,-0.526177,4.2046,3.78634,-29.28,-969.168,-211.304,-7140,6720,-9100
-5.24936,-13.3966,-3.9746,-10.6231,-4.55932,-3.32951,-5.32253,-3.17275,-12.4461,-3.83394,-1.19706,-5.91978,-3.98567,-5.99158,-10.3344,-4.15982,-25.376,-969.656,-214.232,-6860,7000,-8960
5.06575,4.5736,2.52945,-3.76429,0.180328,-0.895438,-7.57303,-2.07702,6.36603,4.30083,3.90906,4.72708,0.56541,-1.95936,-19.3312,-4.6838,-24.4,-971.608,-213.744,-6860,7000,-8540
1.37368,-1.03645,1.46954,-3.25561,-0.371788,-0.963689,-5.0215,-0.14842,0.209271,2.57558,2.84546,1.84774,1.61212,-0.767136,-15.6242,-2.41875,-22.448,-974.048,-215.208,-6580,7420,-7980
1.61275,-6.09157,-1.20302,-8.32874,-4.4578,-2.73209,-1.38866,0.621748,2.14668,0.458146,-0.210268,-2.14333,-0.376103,-1.12043,-8.60806,0.112686,-22.936,-974.536,-214.232,-6440,7560,-7700
6.91238,6.75121,1.34297,5.68779,2.62049,-0.174426,8.36787,2.8579,13.3948,3.39296,-0.062131,3.79659,1.23107,3.04798,10.1474,4.64032,-22.936,-975.024,-211.304,-6160,7560,-7000
2.74018,4.81862,0.0385144,6.83592,2.43613,-0.457543,6.49331,1.64013,4.36353,2.93349,-0.762236,1.31621,0.0820902,3.13868,13.103,3.4378,-23.424,-978.44,-210.328,-5880,7140,-6440
-4.8575,-5.07499,-3.28683,-8.19911,-6.19136,-2.83229,-6.45759,-3.56693,-8.19215,0.745265,0.114242,-5.38135,-0.711656,-1.02644,-7.24406,-4.12256,-25.376,-976.488,-210.816,-5740,7560,-5880
-5.35605,-7.33958,-1.22333,-9.42909,-3.01281,1.40094,-6.39702,-2.50851,-10.8238,1.86063,4.19726,-4.56716,3.49468,0.643759,-11.3749,-2.98729,-24.888,-977.464,-209.84,-5460,7840,-5320
-3.99873,-6.90386,-3.34063,-4.69957,-2.09137,-2.35327,-5.07299,-5.94262,-5.6774,-2.7235,-1.79943,-5.73948,-0.376011,-1.16288,-6.22116,-3.71776,-24.4,-976.976,-210.328,-5600,8260,-4900
3.8904,6.42509,2.48361,11.0819,9.382,3.46063,8.53361,4.34315,8.48324,1.36157,0.68731,4.31206,3.68205,5.99127,13.3065,7.22103,-25.864,-975.512,-206.912,-5740,8960,-4340
2.10212,6.28158,0.2089,11.1398,6.07201,0.990737,7.81308,3.09517,9.46681,-1.91467,-3.76857,3.2645,0.0430458,2.60797,15.0238,4.82444,-28.792,-975.024,-213.256,-5740,9520,-3920
-2.87291,-2.27473,-1.67038,-1.10393,-1.65285,-0.125074,-0.211688,1.55788,0.461863,-3.3492,-1.54718,-2.61191,-0.0542652,-2.58851,1.85508,-0.524786,-27.816,-974.048,-215.208,-5740,10500,-3500
0.119106,0.911322,0.714796,-3.67376,-2.47107,-0.394841,-4.40944,0.180158,1.78115,-0.240725,1.80671,-0.342499,0.945453,-1.91032,-4.49806,-2.85125,-26.84,-973.072,-212.768,-5600,11480,-3220
3.84444,7.74131,3.57191,1.80216,0.960502,-0.384148,-3.69624,-1.58179,3.88835,0.886071,0.6871,4.42622,1.20987,0.798409,-3.71291,-2.73803,-28.304,-970.144,-214.232,-5740,11900,-2940
2.66413,1.79872,1.81723,-2.10395,-1.49072,0.460134,-2.78465,0.405483,4.58086,0.870035,1.73452,1.58164,0.992474,0.532888,-3.56981,-1.24928,-26.84,-973.072,-215.208,-5320,12740,-2520
-2.35033,-5.89833,-3.09663,-5.92814,-5.64135,-1.53335,-2.76976,-1.16315,0.345141,-2.93257,-0.776716,-4.56903,-2.15744,-1.7216,-3.65403,-1.90925,-32.696,-971.12,-215.696,-5040,12880,-2380
-0.406034,0.235093,0.220508,4.98183,0.170716,0.908542,3.3389,-0.549375,-2.0553,-0.406088,1.32329,-0.82324,-0.322686,1.96217,6.88314,0.706929,-35.136,-972.584,-216.184,-4620,12880,-1960
2.61569,7.38038,2.23148,9.0642,2.70468,1.97642,5.21782,1.0368,2.64198,0.726429,1.19601,2.74853,0.559806,2.04379,9.41918,2.24709,-35.624,-973.072,-216.672,-4060,13020,-1820
-5.0464,-2.04847,-0.922915,5.97861,1.61943,0.575141,3.10703,-0.54913,-14.9012,-3.25445,-2.2394,-1.83019,-1.26851,-1.32313,7.49339,1.50826,-37.088,-974.536,-214.72,-4480,12740,-1680
1.73665,11.098,3.35708,15.7869,8.5847,1.86152,0.690017,-1.27917,-5.55247,1.66543,-0.350747,7.54479,0.289456,2.0696,3.87193,0.218965,-39.528,-971.608,-218.624,-4200,12460,-1540
3.48616,-0.659826,-1.25155,-4.52187,-3.24508,-1.9203,-6.84609,-4.64046,3.06247,1.32382,-1.58111,0.326664,-2.78251,-2.82373,-7.0718,-4.06365,-38.552,-972.584,-218.624,-4340,12040,-1680
6.29534,-0.824325,-0.534043,-5.81004,-4.9619,-1.95926,-3.15461,-2.03436,11.1498,3.06706,1.0168,0.967551,-0.515456,-3.11039,-0.339359,-0.560446,-40.016,-971.12,-213.256,-4200,11620,-1820
8.76401,10.6304,3.24968,7.30601,2.71035,2.17178,5.17437,3.40428,15.8261,4.74347,3.31866,6.68944,1.29383,2.18102,10.5187,5.2167,-37.088,-971.12,-215.696,-3920,11060,-1820
0.426042,0.00396061,-1.98208,1.55848,-1.34236,-1.31062,3.77693,0.955842,5.07911,-0.932434,-1.24809,-2.21863,-3.13172,-0.798657,8.88983,2.30708,-38.064,-971.12,-212.768,-3500,10920,-1960
2.66011,-1.33168,1.54137,-4.55334,0.696746,1.55761,3.56939,4.37149,7.21998,2.49129,2.53641,-0.142921,1.6427,2.09758,0.414211,3.50272,-38.552,-973.56,-217.16,-3500,10500,-2240
-3.47027,-5.54106,1.17958,-6.31711,-0.458957,0.212409,-3.71233,-1.29355,-10.618,-0.919153,-0.862195,-1.24981,1.18243,-0.274676,-13.3994,-2.35545,-40.504,-972.096,-215.696,-3500,9940,-2240
-7.01476,-5.23922,2.03598,-6.19197,0.621828,0.784129,-8.9181,-2.02655,-19.6136,-1.20118,-0.103824,0.00967486,2.14982,-0.734981,-24.3182,-5.16509,-40.504,-974.536,-216.184,-2940,9520,-2240
-7.27253,-16.2534,-3.55619,-19.3488,-7.29881,-2.04296,-3.74241,0.595977,-8.27774,-2.59665,-1.21385,-8.41831,-1.37857,-5.01719,-11.207,-2.03824,-39.04,-976,-213.256,-2800,8540,-2380
-6.01064,-2.98094,-0.798065,2.91342,2.7588,-1.39519,8.21834,1.33507,-6.27726,-2.66729,-2.73656,-1.95819,-1.19313,-0.328652,14.2522,2.89366,-37.088,-976,-219.6,-2800,7840,-2240
-0.0276407,0.988938,1.13475,0.870956,0.531036,-2.01203,0.638849,-1.55622,4.05715,1.1903,0.951622,0.233477,-0.895688,-1.58935,1.43952,-1.52182,-36.6,-976.976,-215.696,-2660,7000,-2100
-3.13952,-1.56442,-2.22525,-5.48221,-3.81744,-2.50422,-2.48672,-0.425976,-0.00921931,-2.26729,-1.48854,-2.82773,-2.41926,-4.23621,-6.34421,-1.62417,-33.184,-979.416,-215.696,-2520,6580,-2240
-4.69745,-5.35502,-1.79219,0.868133,1.80672,0.349271,4.84978,2.57577,-8.55879,-3.77003,-3.74559,-2.65694,-1.58967,0.496695,4.15352,2.27407,-32.208,-980.392,-213.744,-2240,6160,-2100
4.74696,0.485657,-1.97983,-2.63661,-2.97758,-1.41597,-3.13542,-1.89042,12.262,0.968633,-0.738751,-0.436437,-0.911192,-1.76161,-2.04288,-4.26629,-32.208,-980.392,-211.792,-2240,6160,-1820
6.81859,7.04475,-2.68909,-1.39778,-4.23684,-3.2235,-6.34507,-2.6188,20.7529,2.42238,0.191621,1.88421,-1.59914,-2.48844,-5.13986,-6.06471,-32.696,-977.464,-210.328,-2100,6300,-1820
8.45524,16.0758,5.07241,9.99843,6.97105,3.78294,2.74595,3.72349,15.2788,6.66304,5.05302,9.87097,4.11163,5.90119,1.01738,2.76764,-33.184,-983.808,-208.864,-2380,6720,-1820
-5.43734,4.88474,1.85389,9.77652,5.65781,0.254996,-0.582158,-3.16517,-15.1642,-1.95355,-0.496189,2.65141,0.606273,4.08878,-3.77545,-1.37215,-27.816,-982.344,-209.352,-2380,6860,-1680
-8.37722,-18.7258,-3.72794,-9.23104,-4.89193,-1.03027,-2.6841,-1.24677,-22.0394,-1.23546,2.57399,-10.296,0.403124,-1.06907,-4.64343,-2.16081,-28.304,-982.344,-208.376,-2380,7280,-1680
-5.34049,-6.34111,-0.841313,6.17058,2.67078,0.630302,4.31908,0.251055,-19.6212,-0.878451,0.240867,-3.89814,2.01104,2.20629,13.4077,1.83395,-24.888,-981.856,-208.864,-2660,7700,-1400
0.313808,4.24369,1.6847,12.0949,6.01835,2.12594,4.72653,0.209251,-5.46503,0.666914,-1.03341,2.97807,1.44774,3.85153,12.1125,3.43993,-24.888,-981.368,-204.472,-2940,8400,-1260
8.69133,4.78922,2.95783,0.550399,1.2417,4.61078,3.72904,4.34865,15.1893,5.5499,3.37651,4.50498,2.9164,2.85246,5.14269,6.52329,-21.472,-981.856,-208.376,-3080,8960,-980
1.02987,5.16493,3.10278,9.29969,6.82777,5.08511,10.1621,6.88162,1.41805,-0.596794,-2.61908,5.47781,1.57075,6.24281,11.603,9.87463,-25.864,-983.32,-210.328,-3080,9520,-1120
-0.912245,6.86307,1.6263,4.14918,2.61529,2.93864,1.15883,2.89186,0.902266,-2.96733,-3.08058,3.80576,0.757032,4.21345,-1.88668,2.04864,-29.28,-984.296,-206.424,-3220,9940,-840
-5.99637,-1.27657,-2.77102,-4.35074,-3.4625,-0.6449,-6.15636,-2.6062,-9.41283,-5.21317,-2.20044,-2.63428,-0.725533,-1.27424,-7.6853,-5.50735,-28.304,-982.832,-205.936,-3220,10220,-840
-4.51563,-12.2283,-7.18937,-18.4397,-13.2272,-3.38866,-12.6047,-5.60928,-3.61432,-4.47739,-0.917832,-9.80155,-2.43341,-8.45359,-14.2779,-8.58134,-30.256,-981.856,-206.912,-3360,10500,-700
8.34368,0.557606,-1.03529,-15.432,-8.50507,-0.680375,-11.0135,-0.742978,16.219,2.71227,4.0243,0.367652,0.901746,-4.94266,-16.7948,-3.82225,-29.768,-985.76,-206.424,-3920,10500,-840
0.853128,-7.38665,-2.74751,-10.3949,-4.34494,-0.775677,-2.49933,1.22667,2.24009,-3.23435,-1.30558,-2.64062,-2.18257,-3.07795,-6.07008,0.863487,-29.768,-983.808,-210.328,-4200,10780,-1120
2.45452,2.49682,0.712873,9.96973,5.37031,2.30873,10.2839,4.55222,10.1997,-1.91069,-0.857077,2.15415,-0.126399,2.68692,18.1069,7.64605,-32.696,-981.368,-209.352,-4340,10640,-1400
-0.89403,1.79733,0.43615,10.6793,4.98524,1.7476,9.33844,3.95404,3.74875,-0.994079,1.10184,0.409176,0.379939,2.98828,17.5182,6.60392,-33.184,-977.952,-207.4,-4480,10920,-1400
3.1027,2.79245,-0.330627,0.522572,-1.54202,-2.08119,2.8197,-2.00581,13.0568,1.32227,1.70125,-1.00459,-2.03881,-1.16018,6.26132,0.542758,-33.672,-978.44,-210.328,-4760,10500,-1820
12.703,15.7452,5.92491,9.48689,5.25559,-0.422777,3.16274,-4.05172,20.8447,10.2944,7.83461,9.50435,1.93644,1.8546,5.39921,-1.16981,-35.624,-976.976,-205.936,-4760,10500,-2240
4.22059,3.03493,1.21784,-3.79044,-2.44412,-4.91221,-7.61024,-11.2955,5.1173,5.50107,4.61297,1.09488,-1.27417,-3.90921,-9.34192,-10.5351,-38.064,-976.488,-207.4,-4760,10360,-2380
0.53603,-5.74364,0.00738678,-11.6385,-6.46675,-2.94761,-9.68558,-5.49931,-1.73222,4.24222,5.13927,-4.00828,-0.210073,-4.48626,-14.8275,-9.05304,-40.992,-976.488,-209.84,-5320,10220,-2660
0.338285,-3.93033,1.27818,-6.50985,-3.11924,-1.91662,-3.49812,-2.77808,-1.17178,1.9833,2.37643,-2.90759,-0.537424,-3.67732,-5.65074,-3.55768,-38.552,-977.464,-208.864,-5180,10080,-2940
-6.97822,1.68447,1.89298,10.9222,5.48834,-0.107685,6.05196,0.985583,-18.1394,-4.6505,-4.77626,0.193763,-1.62445,1.33555,9.59568,3.68924,-38.064,-976,-210.328,-5460,9940,-3220
-6.19811,-3.55367,0.766049,12.2465,6.01086,2.19186,6.15316,6.54278,-21.958,-3.9644,-5.03456,-1.15485,-0.504431,2.55335,10.9654,5.7618,-38.552,-977.952,-213.256,-5600,9800,-3500
11.2196,20.6665,5.47605,10.3916,5.84378,0.440355,-4.9582,1.16871,16.1182,4.26735,-6.34647,11.3759,0.0906243,2.98997,-10.1371,-1.63136,-38.552,-977.464,-211.792,-6020,9800,-3780
-4.31669,1.10414,-1.58497,2.44557,1.14851,-2.47908,-4.40242,-1.40421,-12.8612,-4.54712,-11.0586,0.940035,-2.23186,-0.531189,-10.5982,-3.43995,-38.552,-975.512,-214.232,-5880,9800,-3920
-15.6577,-25.5078,-6.44811,-17.1096,-5.32205,-0.58983,1.23704,4.33422,-26.6053,-8.82424,-5.54131,-11.7167,-1.19448,-2.41249,-6.3682,2.04592,-38.064,-973.56,-210.328,-5880,9800,-4060
-5.28935,-5.30053,-1.94927,-5.99986,-0.278803,-1.75205,2.32313,1.1299,0.30832,-4.21086,-3.0326,-1.43578,-0.723144,0.569928,-0.261259,1.49765,-39.04,-976,-210.816,-6020,9940,-4200
-5.29254,8.86642,3.1539,18.8379,13.1445,5.50911,17.3118,8.48441,-5.78299,-2.16756,-1.08614,6.67703,3.15654,9.45282,26.1682,11.1762,-36.6,-971.12,-210.816,-6440,10080,-4060
-5.48094,-16.3953,-8.09083,-16.0938,-10.9417,-2.84088,-1.89958,-0.619697,-0.670684,-3.18391,-1.49649,-10.1961,-3.58552,-4.69812,1.89361,-0.964769,-37.088,-973.56,-210.328,-6440,10500,-4060
6.22685,0.866909,0.31377,-2.48139,-2.52176,0.0269331,-2.19074,-1.82496,10.8735,5.45968,6.83196,2.39344,2.83925,-0.693825,-1.47555,-1.09117,-39.04,-974.048,-216.672,-6440,10640,-3920
3.70127,15.2089,3.7879,12.9478,6.07813,1.61301,-0.431114,-2.32342,3.04773,4.70283,6.01773,7.80046,3.64569,3.23546,-1.61121,0.076097,-38.552,-974.536,-217.648,-6860,10920,-3640
2.28024,-7.52573,-2.97186,-12.1189,-8.12113,-2.74048,-5.8832,-1.74061,4.82937,2.53545,4.46768,-6.181,-0.0993404,-4.41493,-10.578,-3.24287,-36.112,-975.024,-225.456,-6300,11200,-3500
9.76583,2.63009,3.60688,-3.02821,-0.621779,1.07747,-4.22163,0.916572,12.2478,7.10679,5.87578,3.0575,3.93627,1.06102,-7.79444,-1.52098,-36.112,-975.024,-222.04,-6020,10920,-3500
4.31684,13.9268,3.00041,11.4254,5.65451,-1.41703,-10.3898,-7.22503,-3.19135,0.712167,-1.15544,6.82989,0.823101,1.155,-11.2313,-9.78715,-38.552,-975.024,-220.576,-5600,10920,-3500
-10.9937,-10.1725,-3.74189,-3.00186,-2.08584,0.205997,-7.04309,-1.98495,-32.4803,-7.05958,-4.79073,-6.75928,-1.15308,-2.41439,-10.8319,-4.96407,-36.6,-973.072,-221.064,-4760,11060,-3080
2.63216,-16.7248,-3.89325,-21.3561,-12.8569,0.834724,-4.19402,2.9836,7.92796,2.55243,1.68669,-8.30617,-0.261828,-7.26062,-6.70213,1.46414,-36.6,-975.024,-222.528,-4200,10780,-2940
8.01032,3.4154,0.118981,-7.34041,-6.91385,1.73044,4.71204,3.7956,29.1898,4.00919,1.59427,0.351704,-0.599931,-3.02426,8.41459,5.83158,-38.064,-976.488,-220.088,-4200,10780,-2660
-2.26957,2.44807,1.09728,12.1191,6.41821,7.25907,18.5398,7.0338,3.86195,-0.208714,1.74085,0.644688,1.63895,5.50436,27.9671,14.5028,-37.088,-975.024,-219.6,-3920,11480,-2520
-8.71817,-10.0318,-3.93191,3.33197,0.491421,0.931849,7.95454,-0.44427,-5.01383,-3.88097,-1.16349,-6.3145,-2.00828,0.725841,16.4595,5.30507,-39.04,-979.416,-216.672,-4060,11900,-2660
-5.02708,5.42816,2.60715,10.9437,7.01523,0.66251,5.32664,-0.720106,-3.4605,-1.16684,-1.83235,4.12317,-0.978112,4.03829,12.3604,3.26478,-37.576,-981.368,-220.088,-3920,12040,-2520
-3.72377,15.1386,5.91997,17.5036,10.9751,3.55554,6.51944,3.43801,-7.77696,-1.08616,0.444701,7.55548,1.12289,6.6023,8.35988,5.68202,-35.136,-980.392,-219.112,-3640,12180,-2100
1.61437,-4.85514,0.250338,-15.2518,-6.65158,-1.77539,-7.66548,-2.01159,5.94596,0.642752,2.16703,-3.32946,-0.883801,-3.192,-14.2163,-2.66572,-34.648,-981.368,-218.136,-3080,12180,-2100
-0.757318,8.90958,7.0038,19.5626,16.0827,7.46995,17.4878,9.68304,-8.41907,-0.5958,-0.636052,8.32051,4.53019,11.0716,24.6583,13.9006,-36.6,-979.416,-217.648,-2380,11760,-2100
-2.52252,9.692,2.2951,20.7035,12.5816,3.23268,14.6945,6.10608,-6.58951,-4.78148,-5.53096,4.77822,-0.392862,8.12414,21.5561,10.7141,-32.696,-981.368,-215.696,-2380,11900,-2240
22.6033,15.5205,4.72881,-11.6669,-4.16148,-2.69732,-14.3674,-5.85748,44.4422,10.3348,6.91253,10.7867,1.26975,-0.301394,-29.6685,-8.28154,-31.72,-982.832,-213.256,-2240,11620,-2100
19.1626,12.0051,1.52494,-26.272,-13.543,-6.49957,-31.0497,-12.8618,36.0539,8.45875,6.59961,7.12422,-0.808726,-7.47106,-58.1198,-21.3969,-30.256,-978.928,-213.744,-2240,11900,-2380
3.86347,-9.95839,-5.14086,-34.6811,-19.2778,-7.65571,-28.1675,-9.00869,5.5005,-0.402078,0.883049,-7.77256,-4.17879,-12.057,-50.3955,-20.4262,-27.816,-972.584,-214.72,-2520,11760,-2380
-12.5255,-24.8233,-9.23218,-13.5541,-10.9826,-5.79474,-5.4219,-0.751446,-28.4619,-9.88696,-3.97671,-16.8265,-5.23581,-9.43163,-4.13683,-7.27959,-25.864,-982.344,-210.328,-2380,11900,-2800
-13.3826,-27.7154,-10.5208,-10.4054,-10.1109,-6.85662,-0.292403,-2.27295,-25.4289,-8.68297,-5.17259,-17.3999,-5.89329,-11.5292,11.1595,-5.00577,-33.672,-987.712,-208.864,-1960,11760,-2660
-9.69749,-10.2163,-6.54365,5.61158,-1.89956,-5.67007,5.22605,-3.53756,-15.6709,-5.34355,-5.48371,-8.24958,-3.81457,-6.93441,26.4165,-5.26183,-37.576,-984.296,-205.936,-2100,12040,-2100
-1.91181,7.93476,0.170056,29.2154,11.4898,0.185235,18.317,1.58536,-4.96842,0.312103,-1.66669,2.74498,1.07716,3.50866,42.1824,3.24077,-35.624,-983.808,-205.936,-2520,11340,-1960
4.35927,15.958,2.88845,21.9329,7.93072,-1.48737,3.7446,-5.50475,7.85714,2.30908,-1.49609,7.92856,1.10022,4.94732,11.0244,-5.57156,-36.6,-984.784,-205.936,-3080,10500,-1680
-0.0115652,8.01678,3.19119,11.5445,6.68793,2.95766,2.58094,-0.860677,-12.6572,0.882083,0.888612,6.27664,3.33141,6.76336,-0.181638,-1.20378,-34.16,-990.152,-205.448,-3360,10080,-1960
-12.4693,-16.2853,-3.10994,4.60763,2.99546,3.14991,8.3353,2.36661,-39.2614,-6.67307,-1.48355,-7.17076,1.38742,3.97072,9.95677,5.35754,-34.16,-988.2,-209.84,-3360,10220,-1820
9.44338,3.83168,5.17162,3.98328,5.88778,4.4783,6.23843,1.46279,8.08272,7.0878,7.03848,6.45028,5.31174,6.23867,5.86484,2.82863,-32.208,-987.224,-206.912,-3500,9940,-1960
21.0327,18.7969,8.53582,-4.08922,3.13183,4.69462,-2.23322,1.84539,37.9986,13.2064,8.20404,14.8855,5.90149,6.57943,-12.5566,0.095291,-33.672,-988.688,-208.376,-4060,8960,-2100
-0.112568,-2.17932,0.318092,-6.16829,-0.0781645,3.70467,-0.620772,6.64658,1.70902,0.557868,-1.17022,1.40091,1.88687,4.9073,-8.01955,3.76905,-32.208,-989.176,-211.304,-4620,8820,-2240
0.403969,2.41627,3.06967,4.73616,6.8181,5.34615,9.01891,11.97,3.28922,1.34862,-0.78626,3.70457,2.56072,7.83314,4.04385,13.4632,-30.744,-987.224,-213.256,-4900,9100,-2380
12.9747,26.3103,6.79683,2.40997,3.20915,-0.46623,-11.6046,-5.37874,29.1683,7.55287,1.93552,14.4201,2.03953,1.72356,-27.1548,-2.0797,-33.184,-992.592,-212.28,-5460,9660,-2380
-7.18712,0.889126,-1.01623,-5.99742,-3.00713,-1.02301,-8.83106,-4.59215,-12.3289,-2.52835,-2.69838,-0.870482,-1.50147,-3.07518,-15.66,-0.677669,-32.696,-991.616,-215.696,-5320,10080,-2380
-24.0718,-25.4446,-6.99358,0.0216923,-0.605338,1.52866,12.5827,6.82653,-38.6742,-12.7772,-6.56959,-16.312,-4.16991,-4.22785,27.5481,11.2294,-34.16,-989.664,-212.768,-4900,9940,-1960
-8.58738,-2.13304,0.461589,8.5938,4.45956,0.731727,3.62435,1.60181,-8.1279,-5.61405,-3.97905,-2.83234,-2.08041,-2.43257,12.5196,3.28679,-34.648,-990.64,-217.648,-4480,9520,-2100
-2.4482,-3.15654,-0.300429,-7.11225,-3.91341,1.08274,-6.85375,3.33689,3.77494,-2.01103,-1.25926,-3.42748,-0.256443,-3.86503,-5.74253,1.71241,-36.112,-987.224,-214.232,-4200,9380,-1960
-1.94161,-11.9948,-5.23018,-26.5894,-14.3584,-1.69277,-10.6655,2.96322,9.30872,-4.01656,-4.82888,-8.59249,-4.07851,-8.5275,-18.2273,2.58194,-33.672,-985.272,-216.672,-4200,9520,-1960
-7.94368,-21.2441,-5.6596,-25.7241,-11.5062,-0.0357593,-3.2265,6.89496,-10.1034,-4.75359,-4.79928,-12.3867,-5.20546,-5.91662,-14.5367,7.24475,-34.648,-982.344,-213.744,-4340,9520,-1820
-10.0494,-10.9626,-5.07459,-2.56971,-3.48116,-0.153669,2.63533,4.72794,-19.5199,-3.78228,-4.25765,-8.78112,-3.94812,-3.66674,1.18164,5.47656,-33.184,-980.392,-218.624,-4760,9380,-1680
-4.19873,-3.14965,-4.04801,4.15319,-1.9188,-2.60713,3.08347,0.113973,-2.05693,-2.05776,-2.66133,-4.32019,-3.02848,-3.41767,6.90605,1.91025,-33.184,-976.976,-217.648,-5460,9520,-1680
11.4155,8.3845,3.47901,-0.576198,0.0445144,-1.08494,2.75139,-1.45298,26.9425,10.3927,10.9476,6.42828,3.76023,1.98346,4.99284,0.117478,-31.232,-976.488,-218.136,-6300,9240,-1680
12.6616,13.5352,4.696,9.31178,2.34179,-4.80336,0.15388,-14.0453,24.9405,12.2105,11.8193,9.21267,3.99368,1.813,11.2438,-8.33815,-31.72,-974.048,-217.648,-7280,9240,-1960
9.8429,12.5,4.44175,11.5141,3.36899,-1.75584,-0.27254,-12.1227,19.1998,10.447,8.86904,9.34029,4.88013,2.39278,9.17188,-9.27268,-30.744,-974.536,-219.112,-8260,9240,-2100
9.89884,23.5821,8.83686,15.7958,8.85162,0.344802,-2.09109,-7.71006,18.1309,8.70615,3.7009,16.0938,4.13196,6.03187,-6.82299,-7.78752,-30.256,-974.536,-218.136,-9100,9800,-2380
7.65448,20.9288,10.972,13.2733,10.3624,2.20113,-2.35426,-4.75003,7.99847,7.83474,3.46845,15.4391,4.51646,7.59019,-13.5582,-7.17121,-27.816,-979.904,-217.16,-9800,10360,-2520
-0.048151,-3.71618,1.92814,-3.39775,-0.261299,2.30924,4.23871,1.28526,-6.83377,1.42337,2.29907,-0.949369,2.08352,1.57687,0.13426,-2.02054,-27.328,-983.32,-216.672,-9800,11200,-2660
-3.37877,-13.867,-4.33654,-4.9298,-3.27609,-0.0940293,7.55267,3.22531,-6.20143,-5.13952,-1.57248,-8.92245,-2.23186,-2.74232,14.1545,1.11598,-28.792,-984.784,-213.256,-9940,11900,-2660
2.30357,1.0447,-2.10348,5.0786,1.34078,-0.41703,6.02909,3.3397,4.26722,-4.06791,-1.46964,-1.46148,-1.41836,-0.117229,16.5783,2.42451,-31.72,-979.904,-209.84,-10220,12600,-2660
-0.506437,-7.28846,-4.69677,0.152346,-1.79709,-1.1363,3.89502,3.43911,-9.93592,-6.61162,-3.38734,-6.86743,-2.0185,-1.07945,11.4722,2.05682,-32.208,-976.976,-210.328,-10360,13160,-2660
-1.63999,-11.8564,-7.64445,-12.5541,-8.9052,-4.85675,-9.77738,-1.93805,-11.8772,-10.5969,-6.60906,-10.8739,-4.90956,-5.007,-12.058,-5.8116,-31.232,-976,-214.72,-10780,14420,-2940
5.98371,13.0013,0.626997,11.5982,6.08233,0.0224694,-4.54704,1.25577,-1.74931,-5.29866,-2.77016,4.7555,0.503055,3.092,-2.63415,-2.5156,-29.768,-970.144,-212.28,-11340,15400,-3360
-2.46359,5.11744,-4.83331,10.5369,0.957865,-4.52461,-4.48005,-2.67881,-14.2424,-9.83283,-7.10562,-2.16687,-4.49278,-2.48521,3.78525,-4.8458,-36.112,-964.776,-214.232,-12180,15260,-3780
-0.283556,-10.978,-4.621,-4.55368,-5.17504,-0.903849,-0.00481222,3.44952,-9.69063,-4.7188,-0.468548,-7.96947,-1.47485,-4.20489,7.94442,1.4455,-36.112,-962.824,-214.232,-13160,15120,-4340
7.75315,4.23601,2.05957,5.4759,2.49025,2.95407,2.04153,5.15444,7.529,1.80606,0.298508,3.61014,0.606978,1.78058,0.632955,5.59177,-34.648,-964.288,-210.816,-13720,14560,-4760
-8.83062,-8.95061,-0.619702,-3.45105,1.84864,4.16302,2.05222,6.47068,-18.8425,-6.437,-6.59814,-1.75796,-2.22361,2.43247,-8.08088,7.0655,-34.648,-964.288,-211.304,-14280,13020,-5460
-15.6719,-24.9672,-4.40446,-16.4249,-2.20894,4.45705,0.400555,4.40995,-31.5535,-6.29353,-3.90824,-9.28118,-1.15044,-0.0063441,-11.1159,3.33493,-35.624,-964.776,-215.208,-14980,11620,-5740
-6.61349,-10.5133,-1.55199,-10.5684,-3.54524,0.87668,-3.61086,-2.60353,-8.94281,2.38213,1.2682,-4.00533,1.02881,-0.900178,-11.0081,-2.55349,-31.232,-966.24,-222.528,-15540,9800,-6580
3.75547,16.7109,5.11538,6.17778,2.90382,0.685069,-3.24328,-2.63547,18.942,7.63455,3.61077,9.16485,4.1755,3.36605,-4.75457,-2.58684,-28.792,-965.264,-221.064,-16660,9380,-7140
2.71254,8.52713,1.71113,-2.14135,-2.15242,-0.977405,-7.74607,-4.37918,15.9328,8.33092,4.6725,4.49766,1.97002,-0.895368,-17.7906,-3.67936,-22.936,-970.632,-222.528,-16520,9380,-7700
2.13507,0.00196302,2.32713,-14.3083,-4.99931,-2.32799,-10.5662,-8.56898,13.6071,9.88959,5.01874,3.43242,1.32188,-2.65941,-28.1671,-6.75567,-19.032,-969.168,-226.432,-16520,9240,-8540
3.82968,8.77116,6.29734,-4.30688,4.20522,2.06449,1.70376,-1.99629,16.1395,10.1493,4.73013,10.089,3.49469,3.72432,-7.61013,2.70953,-15.616,-973.072,-222.528,-16380,9240,-8960
-9.34891,-8.34231,-3.1041,-8.66035,-3.57456,0.213315,4.33497,2.43387,-0.0116208,-2.03965,-4.01046,-5.29402,-1.49175,-2.28974,5.98657,5.57688,-9.76,-973.56,-222.528,-15680,8680,-9100
-8.5654,6.19843,-1.03451,12.2987,4.85018,2.49302,14.1485,6.49262,1.64882,-4.13271,-4.0918,-0.781846,0.184107,0.548493,24.5808,9.99521,-8.784,-973.072,-220.088,-15260,7420,-9100
-11.3963,9.98904,3.1445,23.7553,13.6159,2.64911,18.8477,6.74736,-17.7038,-4.3855,-2.37534,3.70957,0.650801,4.1956,31.4018,10.3583,-8.784,-975.024,-217.648,-14980,6580,-8960
-9.99198,-7.58379,-1.64662,3.71729,0.836574,-1.83104,4.40701,3.48392,-15.8351,-4.85021,0.166555,-5.80838,-2.92987,-2.09217,15.9936,0.198259,-8.784,-978.928,-214.232,-14840,5320,-8400
11.3671,-7.01447,1.6458,-8.48749,-7.42121,-1.50066,-6.91544,0.940737,16.5762,8.38788,11.8353,-1.90233,1.18027,-2.63233,0.429826,-3.85344,-9.272,-979.416,-209.84,-13720,4060,-7980
8.885,-10.0466,1.03621,-9.27096,-7.81453,-4.78812,-12.2495,-14.2653,1.84404,5.21777,7.33726,-2.0412,-0.429966,-3.1732,-8.16468,-9.84797,-9.76,-981.856,-208.864,-13300,2520,-6860
18.2347,9.70671,6.15346,4.61194,1.35345,-1.18835,-6.48266,-11.8469,18.4108,10.1796,8.25999,7.68661,3.39792,1.38706,0.906732,-10.0333,-11.224,-980.392,-207.888,-12600,1960,-5600
24.6668,28.4671,8.67866,15.1559,8.04289,-0.133933,-3.68308,-2.5425,37.8903,9.20673,1.67135,17.1539,2.84373,4.70676,4.44433,-7.97685,-7.808,-979.904,-215.208,-12180,2240,-4760
2.30628,8.48056,1.43835,12.3189,9.02074,4.8242,10.0889,10.6737,1.63423,-5.08864,-8.29162,6.23907,0.677125,7.71843,9.49605,10.0047,-8.296,-976.976,-216.184,-12740,3920,-3640
2.07064,9.39417,1.45088,8.58042,7.13913,4.52452,7.58393,7.43416,1.67971,-3.03406,-6.22986,6.20831,1.92428,6.66692,0.238313,9.21612,-10.736,-977.952,-220.088,-12740,5600,-2660
-11.7846,-11.985,-7.70117,-9.5852,-6.69179,-1.36346,-3.14995,0.479021,-22.4702,-9.98413,-8.11969,-8.93944,-3.66781,-2.80149,-10.0662,-1.01377,-20.984,-976.976,-224.968,-12880,8400,-1540
-15.4687,-29.4586,-14.2438,-16.9592,-14.0935,-4.07465,-0.600436,1.8547,-26.851,-12.7435,-5.84914,-20.5695,-7.143,-9.16181,-2.02075,-0.17993,-23.912,-970.144,-222.04,-13020,10640,-560
6.94702,1.19069,0.1931,-1.17133,-0.752757,1.48841,4.51801,5.05906,6.03279,3.8514,6.09696,-0.555284,2.0173,-0.285039,-0.121882,4.36314,-28.304,-969.168,-223.016,-13020,11900,0
0.334212,-5.14615,-1.63624,-7.25908,-5.91034,-0.751158,-2.21917,1.87995,-3.42672,0.642889,2.0896,-6.05313,-0.278762,-2.15191,-7.10519,0.878937,-31.232,-971.608,-223.992,-12740,13300,560
1.77398,-0.693242,1.21683,-0.582778,0.235714,4.23859,0.645702,8.01523,1.33286,-0.121133,0.680927,-1.38287,0.848844,0.435307,-4.57039,6.50018,-38.064,-969.168,-226.432,-13300,14140,980
-6.63623,-5.07416,-2.99916,-4.95756,-0.408235,2.32716,4.15397,8.05856,-6.71958,-9.66091,-10.6811,-5.42186,-3.89676,0.384515,-5.72507,5.70351,-43.432,-968.68,-226.92,-13440,15680,700
-10.9365,-5.64928,-1.39702,7.64095,7.46152,4.20059,17.2202,6.62915,-20.432,-7.60237,-6.40053,-4.61554,-1.24823,4.97225,20.1183,6.33114,-42.456,-966.728,-229.36,-14140,15680,280
-10.1657,-4.74498,-0.0108098,8.67209,4.67918,-0.570888,7.20584,-4.42057,-22.2372,-2.59289,1.0633,-3.62983,0.169479,1.55843,15.8415,-0.779619,-47.336,-968.192,-232.288,-14700,15680,0
-5.62231,5.50836,0.897017,6.0315,-0.430669,-7.61679,-11.9444,-16.3504,-9.77893,0.105021,2.80482,1.996,-0.919055,-3.67439,-10.6782,-14.8577,-44.408,-967.216,-235.216,-15400,15680,-560
4.12985,4.72487,3.29101,-15.7374,-9.68095,-9.18577,-36.6509,-21.8946,3.75336,8.72399,8.88327,5.00157,2.12968,-9.48272,-49.631,-29.2442,-44.896,-967.704,-234.728,-15960,15540,-1120
0.744674,-23.4254,-5.82046,-41.912,-26.3918,-10.8996,-39.1621,-18.2978,7.8231,3.63838,3.99237,-12.5127,-3.05185,-16.9061,-41.6903,-28.1165,-42.944,-968.192,-238.144,-16520,15260,-1960
-2.91393,-2.42542,-4.99009,-9.42494,-10.5877,-1.85211,-6.85612,1.31225,12.5497,-2.52545,-5.17758,-5.15533,-3.35783,-5.13969,2.90351,-2.18835,-44.408,-968.192,-233.264,-16660,14000,-2520
-9.08736,2.84066,-2.6409,5.98553,3.00271,2.25731,10.6647,6.33352,-0.997643,-8.06006,-9.03776,-0.85025,-3.23387,0.742503,15.0255,9.81652,-42.944,-965.264,-227.408,-16800,13020,-2800
1.89439,7.98053,3.12278,9.71127,10.3608,3.21003,18.5847,4.56968,10.2455,0.808049,0.538517,5.95304,0.571381,4.44726,20.2423,11.8193,-36.6,-968.68,-237.656,-17220,11900,-3500
10.9795,15.1216,7.79503,19.3928,17.2027,3.95761,18.2078,3.11823,18.3113,7.76415,4.43529,13.0057,4.6106,9.09042,27.4441,11.2371,-34.648,-964.288,-233.752,-17640,11200,-3920
11.6792,7.68105,1.61329,4.33491,2.60837,-3.87795,1.70404,-3.13012,25.0942,5.1532,-0.0217202,6.95668,-0.0044332,-1.34652,14.5102,-0.887161,-32.696,-965.264,-241.56,-17500,9380,-4340
12.9205,20.1327,1.99755,13.8905,3.36037,1.8729,2.13393,2.86929,24.3153,5.32888,1.51214,11.7871,2.22516,1.31372,9.52356,5.80188,-29.768,-971.12,-234.24,-18900,8540,-4620
15.8489,39.7651,9.75914,38.2612,20.1185,6.4313,7.6081,-1.14161,18.6015,8.84311,6.63004,23.4247,7.2184,11.4926,8.63347,9.22247,-27.328,-966.24,-237.168,-18340,7280,-4900
-12.6693,22.2277,5.1953,40.5447,27.0519,2.77799,19.4395,1.74263,-47.0118,-5.54348,-2.6198,12.7452,3.09599,16.5751,15.1086,17.303,-26.352,-970.144,-238.144,-18760,5180,-4760
-33.2863,-43.2091,-9.1931,-5.81699,2.72545,2.99308,16.876,12.6659,-80.4821,-15.9276,-5.43963,-20.7673,-1.84369,5.11656,14.173,19.0398,-21.472,-972.096,-243.512,-19600,4480,-5040
18.9719,-10.1899,-4.33993,-36.2822,-21.2489,-3.54321,-19.0631,1.6527,47.0932,7.74691,5.61139,-5.82069,-1.70597,-11.6576,-29.7723,-13.8939,-17.568,-972.096,-238.632,-20020,3500,-5040
25.5625,10.7615,5.17308,-11.6627,-6.91152,3.6204,-8.53087,2.70518,55.9572,12.6673,7.66176,8.99726,3.95963,-0.802182,-13.7409,-8.85125,-14.64,-975.512,-237.656,-19320,2520,-4620
-1.50977,-21.0436,-4.43183,-12.9433,-7.63045,2.08705,3.89902,3.35955,2.28658,-1.65454,0.976026,-10.6432,-0.677765,-1.56001,7.52462,3.90565,-13.176,-975.512,-235.704,-19040,1400,-4340
-15.6013,-31.5551,-7.94384,-24.7701,-13.3619,0.875819,-3.64571,5.06576,-25.9794,-7.1952,-1.81107,-20.1463,-3.62212,-5.53845,-8.80298,2.73827,-15.128,-977.464,-236.192,-18060,-140,-3780
-9.41075,-6.77244,1.86205,-8.4806,-6.35461,2.23996,-12.39,0.235694,-24.3065,1.78789,2.5158,-6.00556,0.903343,-0.577777,-26.205,-5.75806,-11.224,-978.44,-231.312,-17360,-980,-3500
8.58521,23.0045,10.6875,10.1211,5.77305,2.73312,-10.0867,-4.25956,2.48143,9.44047,3.67252,12.4682,3.44759,4.32928,-23.6657,-7.89256,-13.664,-980.88,-238.632,-16380,-1820,-2800
6.32052,-6.64151,0.619741,-15.1148,-6.17575,0.377816,-3.99208,-0.462593,9.85819,-0.160884,-3.16893,-2.96864,-1.67977,-5.49307,-7.89193,-2.80157,-16.104,-986.248,-240.096,-15680,-2240,-2520
8.58049,-3.1024,-2.39805,-1.58352,-4.37145,-1.03574,13.2773,6.30194,20.6831,-1.11694,-2.0405,-3.68692,-1.99236,-3.80596,26.4453,6.84572,-6.344,-985.272,-235.216,-15400,-1820,-2240
5.95029,21.3593,7.41879,30.0433,16.2376,0.734816,19.5158,6.53097,2.58164,2.209,0.0860336,12.1458,3.86844,9.8875,30.8585,9.45467,-4.392,-983.32,-229.848,-14700,-1120,-1820
-8.69698,-4.08638,3.58829,11.9026,10.2613,4.07877,11.1679,9.93553,-27.7615,-0.583769,1.53964,1.44608,5.15256,6.30647,10.6443,11.1763,-7.32,-984.784,-229.36,-14420,-280,-980
-9.65418,-20.1482,-5.62234,-4.27527,-7.11209,-6.80887,-10.6927,-14.6691,-12.3395,-4.28197,-2.76061,-10.3152,-3.19132,-5.97649,-6.73342,-7.04212,-6.832,-986.248,-228.872,-14140,1260,-140
4.76255,24.0807,7.94773,29.5199,14.0743,-3.65738,-3.73651,-19.7784,9.69828,4.58306,2.15146,15.426,2.7835,4.57821,1.34537,-16.6567,-12.2,-985.76,-233.264,-13720,3500,280
-6.99097,4.23151,0.667577,-2.36311,8.02196,-4.08838,-3.90107,-10.1023,-5.25647,-2.76318,-1.46926,2.79824,-1.57889,1.8433,-6.51672,-15.8926,-13.664,-982.344,-227.896,-13300,4620,560
-16.826,-28.1238,-10.957,-39.4865,-11.3933,-3.61914,-6.11015,1.28215,-14.4845,-10.4471,-4.73534,-17.9919,-6.09703,-4.85548,-12.0308,-2.74676,-16.592,-981.856,-228.384,-12880,5460,1260
-11.0312,-22.4547,-10.1486,-27.393,-21.9327,1.19723,-0.843444,7.80143,-6.0032,-6.2736,-0.362026,-16.9023,-3.27368,-1.70309,-4.18032,5.23818,-18.056,-979.416,-224.968,-12180,5880,1680
3.74175,6.66398,-2.62298,-1.45838,-13.1411,0.295607,-3.64973,2.46023,14.0772,-0.311964,1.04574,-1.13988,-1.6922,-2.87162,-1.97954,-2.21902,-20.984,-977.952,-222.04,-12460,6440,1540
-6.80902,-0.147702,-4.50596,9.9981,-1.70026,1.24951,-2.3343,3.00716,-11.4597,-5.85497,-3.23125,-2.41452,-3.21045,-11.6991,9.42034,-0.640575,-21.472,-975.024,-223.016,-12880,7000,1400
1.2102,2.68388,-4.41524,1.87321,-1.64523,-1.25966,-3.0007,5.80264,11.3126,-2.55158,-5.06343,-0.25063,-4.34925,-8.13535,3.58811,2.578,-23.912,-977.952,-222.528,-13860,7840,1260
11.2554,28.3649,6.83281,11.6118,8.6312,-0.6539,0.69167,4.10816,22.5488,4.8656,-1.53334,15.5226,0.506155,4.93186,-5.91053,4.34622,-27.328,-980.88,-224.968,-14980,9100,840
0.618729,6.14728,2.99794,-6.26419,3.22672,1.46998,-5.37621,-0.421012,-6.41988,0.877605,1.7426,4.48955,0.95084,4.13869,-22.1042,-0.699767,-27.328,-981.368,-221.552,-15400,9800,420
-17.048,-35.9397,-9.87511,-16.9088,-7.45937,1.08278,-2.88662,-0.78075,-42.1335,-11.4426,-6.22888,-19.5676,-5.83409,-2.87931,-4.19346,-1.1755,-33.184,-981.368,-221.552,-16240,10640,-280
0.116166,-16.4952,-0.464532,7.39691,-0.0319761,-0.969962,-4.65395,-16.1264,-13.0044,-0.792595,-1.02246,-4.33138,-0.253001,-2.23116,20.2518,-11.6178,-36.112,-983.808,-223.504,-16520,11060,-980
20.1489,20.1114,8.96436,15.4257,9.61623,-5.21781,-1.29761,-15.8816,24.7849,10.6413,4.58924,15.8498,4.39993,1.85911,11.0796,-6.36579,-34.648,-981.856,-227.408,-16940,11480,-1540
12.2458,44.8014,10.8494,30.4895,20.3196,-5.26446,-1.57427,-14.6919,6.50025,7.73063,1.6957,24.9126,4.84875,6.92057,-10.9331,-2.55545,-33.672,-983.808,-231.312,-17360,11620,-2240
1.46503,23.0252,7.56877,18.4282,15.7965,5.36116,2.68301,2.62795,-9.94959,4.03522,1.0556,14.7027,6.75755,8.93431,-13.8154,-0.0829903,-35.136,-981.856,-233.264,-17360,11480,-2940
3.29706,-11.921,-5.54319,-15.3776,-10.8591,2.29171,3.73025,11.7832,19.3262,0.573126,-2.4336,-7.51994,-1.35427,-2.69908,1.71856,6.28915,-36.6,-983.808,-234.728,-17080,10780,-3220
15.7457,2.10869,-2.36635,-16.6419,-12.1191,3.67964,4.67164,10.3066,48.6242,8.03785,5.09313,-0.14312,0.83641,-2.77172,1.90501,9.1062,-41.48,-984.296,-240.584,-16660,9380,-3780
-7.69861,-15.0795,-11.0462,-17.1494,-10.9615,-0.61881,8.20223,7.43033,7.14294,-8.05572,-6.73179,-14.6462,-6.33673,-5.70507,6.73909,7.4964,-42.944,-981.368,-241.072,-16520,8260,-4200
-23.4254,-30.0198,-12.2624,-6.55825,-3.78265,0.743319,16.3931,10.181,-32.4195,-14.9698,-9.51834,-21.3404,-6.73991,-2.91003,22.4758,12.3135,-39.528,-983.808,-240.584,-16520,7420,-4620
0.341579,-0.710704,-0.71512,8.30633,1.2212,0.986873,14.1921,9.19045,4.2944,1.13526,2.98032,-3.63056,0.445413,0.843011,20.5197,10.6122,-38.064,-982.344,-245.464,-16380,6440,-5040
3.81391,1.83118,1.74021,13.3749,1.57867,-3.19542,7.95722,-0.339457,2.57651,4.30227,6.43819,-1.03063,2.04316,-0.207313,20.7424,2.85856,-36.6,-981.856,-241.072,-16240,5600,-5460
0.805758,5.44455,7.95355,15.7865,10.5676,-1.12682,0.467586,-5.01489,-6.33021,7.52058,8.46537,6.13731,6.26832,3.03849,9.95025,-3.68165,-37.088,-984.784,-242.048,-15820,4900,-5740
14.4272,24.4322,13.7654,5.69981,6.77065,-0.000799955,-17.4045,-6.4007,19.718,14.4296,13.9092,17.2591,9.66531,6.27343,-25.2294,-12.4426,-33.184,-981.856,-240.584,-15960,4620,-6020
21.2239,32.9089,11.5225,8.138,4.32653,-3.05088,-16.899,-7.7444,39.917,12.1645,9.10272,20.6689,4.89613,5.10494,-22.7254,-12.6031,-29.768,-986.248,-240.096,-15260,3780,-6020
12.6082,13.2346,8.61976,6.56888,7.33821,2.32325,-4.37765,2.53111,12.3593,9.04638,6.56764,14.1873,3.75731,3.05682,-1.70601,0.0408851,-26.84,-984.296,-241.072,-14840,3360,-6020
-33.607,-49.6942,-8.95343,-27.3278,-12.1211,3.67721,-8.4049,11.7153,-81.7282,-16.8167,-9.9063,-23.4645,-5.99263,-2.71861,-30.72,7.37863,-27.328,-981.856,-236.68,-14420,2380,-5880
-5.66878,1.46562,8.42127,-8.654,3.97074,7.94157,-12.2355,1.49616,-24.7463,-0.694047,-1.88759,5.85459,4.80845,9.02387,-49.2848,0.853858,-20.008,-983.808,-242.048,-14140,1820,-6020
-9.07109,-14.0938,-1.18608,-14.244,6.27079,5.27661,12.8903,1.78778,-10.4456,-9.85296,-7.33769,-5.67242,-0.470481,5.42839,6.98323,10.7979,-20.496,-981.368,-241.072,-13580,1680,-6160
-9.54978,-21.18,-11.6315,-8.01577,-1.62115,-0.0445676,23.2014,6.75601,2.55234,-13.3208,-5.71307,-18.2279,-6.51114,-2.11573,45.7571,12.8885,-19.032,-984.296,-240.584,-12880,2100,-5740
4.95459,0.0402097,-3.08311,-2.3059,-13.3711,0.77441,1.11099,-2.04068,14.5586,0.0652534,3.7525,-3.8978,-0.577921,0.320553,12.3292,-2.35709,-20.984,-987.712,-235.216,-12460,2520,-5600
-13.843,-16.1648,-11.7184,-2.71476,-15.4371,-0.423947,4.22706,1.06269,-14.0556,-14.6679,-14.964,-14.7332,-8.65469,-7.00839,16.9605,-0.0371339,-20.496,-984.296,-236.192,-12460,2800,-5600
-15.3413,-34.3271,-17.2824,-25.0022,-19.1439,-0.313949,2.29179,4.72652,-15.6846,-13.6046,-13.1135,-24.4395,-10.209,-21.6238,2.09888,1.81989,-20.496,-986.248,-234.728,-12180,3220,-5460
-15.4652,-7.64712,-6.14157,0.376376,0.296453,-4.14549,-2.96984,-4.97691,-39.3972,-7.30772,-6.29611,-5.97865,-4.06834,-8.75857,-4.19917,-7.34517,-21.96,-983.32,-233.752,-11760,3920,-5320
-12.8295,-1.26671,0.846644,15.0167,7.37977,-8.83235,-11.9311,-11.4828,-39.945,-2.47592,0.478486,1.44613,1.27591,-0.868791,-4.59461,-17.2063,-21.472,-983.32,-233.752,-11620,4060,-4900
27.4222,37.2272,13.0275,12.8329,5.48044,-1.53104,-12.5848,0.490799,48.7018,20.7264,15.964,23.7397,8.69622,5.60504,-17.6898,-4.99184,-19.032,-981.368,-235.216,-12040,4340,-4900
54.66,66.363,23.5376,-1.23922,2.60135,1.84583,-26.4193,-10.2217,92.7117,39.8524,29.4414,40.8269,14.9845,6.73836,-52.7424,-9.71485,-16.104,-981.368,-234.24,-12460,4760,-4620
16.6888,-5.30035,6.31409,-14.8705,-5.67919,-0.557081,-10.8994,-23.114,17.4765,18.1394,17.3948,6.28877,6.57856,-0.190207,-10.825,-10.7389,-14.64,-983.32,-236.192,-12740,4760,-4480
-2.3864,-21.7441,-4.97364,10.3249,2.25819,-10.1483,9.14996,-12.1753,-4.87107,2.38825,2.46461,-8.8653,-3.71719,-3.61278,47.6738,-10.0678,-15.616,-983.32,-236.192,-12880,5180,-4060
14.7295,2.65729,-2.22696,5.03995,-0.0475623,-11.7975,-7.67773,-8.01877,39.7112,6.48754,-1.69091,2.83318,-6.53901,-8.77793,18.4529,-15.6389,-13.176,-979.904,-236.192,-13300,5600,-3640
0.820607,0.283142,4.78328,16.3539,18.7523,1.49174,1.83391,3.94877,-0.484286,-1.03897,-10.3446,7.98792,-1.43841,6.07019,4.45024,-0.00883609,-11.224,-979.904,-240.096,-13860,6160,-3220
-27.8013,3.83278,1.07244,25.2513,16.7445,6.98617,11.3316,10.7278,-41.3707,-21.9076,-23.0752,-3.52572,-2.8735,17.7826,-8.34196,14.5713,-9.272,-977.952,-243.512,-14280,7280,-2800
-13.7094,34.0904,5.46251,11.7614,16.4892,15.009,18.019,16.5667,-11.2007,-14.0457,-13.4682,9.31192,2.64102,23.7249,-6.59956,23.5355,-12.2,-979.904,-240.096,-14420,8400,-2520
-24.1292,-10.3908,-13.0377,-21.7541,-6.35188,10.7859,14.3821,12.1267,-24.3955,-19.9578,-13.4255,-15.8269,-4.3034,-6.77276,9.29696,17.3696,-17.08,-981.368,-242.048,-13860,8820,-2240
-15.0442,-16.9717,-18.4225,9.32925,-15.8997,4.13054,24.0038,14.2333,-5.16128,-16.8372,-11.6072,-18.5485,-10.1104,-14.6102,48.103,17.9411,-20.008,-981.368,-240.096,-13580,8400,-1960
6.40211,6.17615,-4.6887,12.6904,-3.84424,-10.2983,7.4235,3.36502,9.95835,-0.443369,-0.125677,2.12662,-5.80673,-4.95777,7.61708,4.3178,-17.08,-979.416,-240.584,-13580,8260,-2100
8.98222,27.4149,8.5336,19.7297,13.5696,-1.36311,1.67715,3.56545,-6.744,4.52452,2.86046,18.0601,3.24222,3.60953,-13.431,2.40283,-19.032,-980.88,-240.096,-13300,8540,-2240
-10.7914,-9.46123,1.75823,20.999,15.1209,7.21813,22.7259,12.7023,-38.0654,-3.45797,1.91145,-4.50348,4.0183,7.35394,35.1088,14.3473,-20.496,-983.808,-239.12,-13300,8540,-2240
7.52585,-15.3561,0.0994444,-3.76214,-1.75342,2.23513,10.0768,5.54174,17.3136,6.66446,9.83315,-10.3742,3.63921,0.917639,20.6512,5.66173,-21.472,-981.856,-238.144,-13160,7840,-2520
22.865,-7.97917,1.2733,-25.4607,-15.4415,-1.08629,-7.76563,0.597338,54.0325,11.8045,10.9399,-4.58372,2.40217,-2.93165,-8.41714,-3.59028,-21.96,-981.856,-235.704,-12320,6720,-2940
17.6568,-18.4942,-2.09792,-21.2521,-14.9202,-3.8151,-13.9223,-7.69271,41.8067,10.1202,10.3114,-7.75104,0.846203,-9.70602,-4.86385,-13.0485,-18.056,-986.736,-244,-12040,5880,-3080
37.2073,13.4082,8.55756,-35.4907,-20.8699,-15.8013,-55.8312,-31.7763,61.5267,23.6053,17.7977,14.8177,3.73084,-17.013,-65.1501,-46.8644,-19.032,-988.2,-240.584,-10920,5040,-3360
12.0953,37.2065,13.3636,-0.447651,5.01409,-6.72646,-32.1388,-18.3464,-7.3991,8.68084,6.86253,26.5034,6.04863,0.827272,-51.4894,-21.2461,-15.616,-985.272,-243.512,-9940,4480,-3500
-21.4717,7.74112,1.91363,6.44854,8.69168,0.58123,-9.13338,-2.25577,-73.4266,-11.6587,-9.75239,7.9661,-0.210385,4.71812,-36.61,-1.60513,-19.032,-976.976,-242.048,-9240,4620,-3640
-18.8699,-34.8248,-8.0849,-15.0258,-0.964909,4.36587,27.7284,15.4951,-35.4839,-9.49667,-7.0243,-14.9061,-3.51452,5.66703,16.6323,20.3236,-21.472,-979.904,-239.608,-8540,4760,-3920
-21.3653,-64.1203,-15.6486,-37.4235,-18.4817,5.19352,27.7873,14.723,-16.6072,-6.58647,1.56693,-38.5328,-2.93239,-3.47221,28.9506,24.9976,-27.328,-975.024,-243.512,-8260,5180,-4200
-48.1148,-39.2375,-13.5619,-16.9442,-12.3029,0.441642,3.0515,-1.35216,-85.0003,-21.9157,-8.90755,-32.5452,-4.01009,-3.72888,0.014334,6.42005,-26.84,-973.072,-245.464,-8820,5600,-4900
-35.399,-37.1708,-7.51448,-7.21378,-6.42357,-2.424,-6.90945,-0.627668,-74.7481,-14.0109,-4.49226,-20.1921,-1.8324,-2.12211,6.10069,-8.12911,-33.184,-971.608,-237.656,-8960,5460,-5460
8.29361,9.61807,2.558,8.26464,-3.06922,-3.25861,-21.5966,-3.66153,25.5901,5.81005,5.20922,6.27099,2.0501,-4.65288,-1.50875,-19.7634,-31.232,-976,-239.608,-9800,5600,-6160
-3.80494,32.9206,2.49784,59.2421,22.3593,8.01947,16.6705,12.3147,0.670986,-3.19909,-6.58108,12.1383,-0.664061,9.73883,44.7296,8.01491,-31.72,-977.952,-242.536,-9940,5040,-6860
0.00640923,-10.385,-2.62764,10.3395,0.7386,-2.72274,-6.04258,-6.32175,3.91306,3.57759,0.748706,-4.34784,-2.16004,-4.126,12.252,-8.20425,-35.624,-977.464,-246.928,-9380,5180,-7280
31.1856,46.6063,12.8119,18.734,12.1253,-3.76154,-16.8215,-14.4117,64.4887,18.8145,6.62539,27.0424,3.31777,2.52247,-17.5785,-15.5254,-36.6,-977.464,-249.368,-8680,5320,-7700
56.5158,88.4769,29.4179,10.2371,23.7993,3.74249,-19.8071,-10.7049,98.7912,33.7287,14.7677,54.0627,12.3215,15.5214,-49.2807,-9.88451,-39.04,-970.632,-251.32,-8400,5460,-8400
42.3381,64.3771,18.4679,-9.44061,9.83251,7.47147,-3.37481,1.05491,82.9782,17.353,2.76318,36.7211,5.95361,14.5817,-41.2944,4.84073,-41.48,-971.12,-250.832,-7980,5880,-9240
30.7802,29.1051,7.35597,-1.43631,1.8279,7.209,18.7475,8.82448,72.2736,3.82745,-7.47542,18.8029,0.516891,10.7351,9.29084,13.0012,-44.896,-972.584,-252.784,-8260,6300,-10220
5.53428,-5.61209,-0.20387,5.86913,4.02486,6.15808,24.9704,-10.8175,15.137,-1.18321,-2.868,1.39707,0.0842177,-3.2227,33.6949,9.34844,-44.408,-974.048,-253.272,-8260,6580,-11060
-40.6173,-65.0291,-17.1308,-40.2128,-15.4609,-6.69499,-0.210355,-20.814,-91.123,-24.5479,-11.5996,-32.698,-9.17897,-15.6172,-16.0748,-6.73881,-45.872,-977.464,-257.664,-7840,6580,-11620
-40.4569,-77.5426,-15.3748,-23.141,-6.56991,0.660475,22.5322,19.2902,-91.6644,-23.8239,-6.58539,-37.3807,-4.25161,-1.24769,26.1456,23.374,-41.48,-976.976,-258.152,-7700,6860,-12040
-21.5585,-18.7111,-5.88067,44.6747,12.263,8.15273,40.3263,29.1711,-42.4574,-8.15175,0.801984,-16.7772,-0.186278,9.27418,76.0171,39.8166,-43.92,-975.512,-258.64,-7280,6720,-12740
4.0003,18.818,2.69164,43.3106,10.7994,-5.54868,9.23312,4.71882,3.33955,9.13321,13.6333,5.64441,2.18987,2.66515,42.4087,4.30525,-39.04,-974.048,-256.688,-7000,6020,-13580
5.64032,32.7081,-0.286007,24.7809,-2.25734,-15.2048,-33.2044,-14.1517,16.5947,3.7556,6.10808,11.6478,-3.61963,-14.5935,-15.8934,-34.9575,-33.672,-969.656,-252.296,-7280,5180,-14000
-6.51084,11.6775,-5.28464,-9.76626,-17.1631,-8.23052,-45.2547,-1.23596,-8.99239,-5.27103,-7.02378,2.03552,-5.74927,-17.5269,-48.8276,-33.5156,-28.304,-971.608,-255.224,-7840,3500,-14420
-37.9589,-93.4812,-23.6308,-100.281,-49.9874,-3.08543,-39.5248,11.5952,-67.9571,-17.3634,-9.29578,-48.6018,-8.75489,-20.6792,-84.5104,-9.79218,-22.936,-971.608,-251.32,-8540,2800,-14700
-2.08657,-27.9889,-4.69537,-46.4115,-17.5883,2.17594,-2.54296,5.51341,8.30772,-1.8909,-4.5175,-13.4764,-1.05855,-0.0191883,-30.6132,14.6286,-22.936,-972.584,-244.976,-9380,1960,-15120
33.318,63.4497,13.2652,73.4546,34.2328,10.9308,62.8896,3.87301,84.832,13.6067,4.50065,29.311,6.6193,22.914,105.101,41.3532,-17.568,-977.464,-244.976,-10360,700,-15400
10.8667,36.735,10.282,63.2236,33.2326,11.7283,49.7651,-3.94065,22.3508,7.8232,6.4073,16.52,8.53331,20.1397,81.484,23.1017,-12.688,-976,-241.56,-10920,-280,-15540
-16.2516,-20.3503,-5.40037,-28.1119,-7.16446,-4.87262,-19.5123,-6.13895,-50.3324,-8.92504,-9.2034,-12.6669,-3.05676,-1.95952,-45.7545,-18.0486,-10.736,-981.368,-236.68,-11620,-1960,-15680
-11.1765,-26.2123,-10.102,-51.5919,-24.5684,-11.2492,-46.3249,-8.35215,-31.7945,-11.124,-14.922,-14.3043,-5.86493,-15.2056,-69.063,-32.2444,-6.832,-987.224,-238.144,-12460,-3080,-15820
-33.0445,-51.9546,-17.3365,-14.991,-14.689,-4.08386,0.810346,7.99763,-57.7816,-20.0209,-15.8714,-30.7252,-8.93023,-13.4849,15.9671,-0.178562,-4.392,-993.08,-232.288,-13160,-3780,-15820
-31.5246,-49.6013,-8.76538,-28.9674,-8.977,2.83828,-3.32328,7.87247,-61.8126,-14.8264,-7.07528,-24.4827,-3.39496,-2.61111,-23.7603,5.84805,-6.344,-991.616,-230.336,-13020,-3920,-16100
18.0628,38.4392,15.7445,20.0665,20.8797,6.2012,-2.23728,3.42565,25.8338,5.27232,-1.00781,27.0425,5.24071,11.3426,-20.6262,1.95368,-7.32,-993.568,-225.944,-13020,-3920,-16100
36.5581,74.9861,14.6469,42.4375,12.4023,-6.17787,-11.5369,-6.79902,79.5587,18.0558,14.5273,36.8125,2.78054,-0.993609,-10.2082,-11.7956,-6.344,-994.544,-223.504,-13160,-4340,-15960
47.9986,60.0816,19.0325,21.3062,13.5201,-1.08294,6.78897,-1.76326,98.3151,31.6193,27.396,35.8919,9.1228,7.04298,2.36131,2.63433,-9.76,-994.056,-223.992,-13300,-4200,-15960
44.4069,52.7767,15.8686,50.1354,30.3732,5.20643,45.2567,-4.01772,93.9489,21.2653,15.6658,29.2254,7.0949,12.7788,72.4575,22.467,-8.784,-996.008,-224.968,-13020,-4200,-15680
28.3499,36.8835,10.0148,42.676,25.6543,4.8722,36.9997,-10.6007,62.9194,11.075,7.57935,20.1363,5.00825,10.2906,61.9566,13.4289,-12.688,-996.984,-223.016,-13300,-3220,-15820
17.0484,-2.33633,9.01856,2.79037,6.72434,-1.01376,0.0521252,-13.8231,16.084,13.7541,11.0725,10.1949,4.94722,3.4674,19.8116,-14.2521,-16.592,-1000.89,-221.064,-13020,-2520,-15820
-8.74249,-42.509,-7.45065,-35.7494,-29.9383,-11.1881,-41.7665,-13.4425,-38.4231,4.85239,7.31043,-18.2502,-2.94573,-22.531,-20.2748,-37.572,-18.544,-995.032,-218.624,-12600,-1960,-16100
-39.6761,-74.5587,-19.9315,-93.8133,-59.3809,-7.85924,-60.4366,-0.0242944,-93.2436,-11.1189,0.133286,-44.6612,-5.05932,-27.9923,-101.041,-27.0748,-18.056,-996.008,-217.648,-12600,-1260,-16380
-28.0383,-28.6932,-9.60519,-41.1821,-20.0128,3.78274,-13.8259,11.757,-54.1157,-12.67,-5.15374,-21.2177,-2.00201,-3.69675,-51.6395,4.28211,-18.544,-992.592,-222.528,-12460,280,-16940
-7.3245,4.33588,-3.38692,33.318,18.5701,6.35854,35.9537,14.3255,-5.6067,-8.1597,-8.28841,-0.33022,-2.92363,9.36613,56.2196,21.6626,-24.888,-991.128,-218.136,-12460,2100,-17780
9.88501,37.8878,5.14518,40.0301,16.6611,3.68384,10.1118,-0.700969,19.929,3.4326,3.05197,16.8415,3.27804,8.24091,29.0094,2.33923,-23.912,-981.368,-218.136,-12460,3220,-18340
-36.0365,-21.245,-7.59328,-26.314,-12.2473,-3.72563,-33.4378,-9.41526,-72.1878,-19.4717,-10.4452,-15.6067,-2.58566,2.2038,-60.6527,-15.2483,-14.152,-986.248,-227.896,-13160,5460,-18760
-60.8995,-83.1129,-11.2788,-57.8582,-16.9359,-2.65031,-26.8147,-8.64551,-131.782,-26.22,-14.9616,-36.8346,-2.75946,-0.679474,-62.0807,-9.51978,-28.304,-996.496,-218.136,-14840,7700,-19180
8.5545,-13.6931,6.5482,-8.42134,10.6047,5.62245,14.069,5.23639,6.12027,5.2228,-1.8386,5.85023,2.84664,6.36921,5.7977,8.39413,-37.576,-973.56,-220.576,-15540,7840,-19880
53.7452,64.6992,24.6367,53.9361,36.243,12.1514,41.2663,13.2379,99.3521,23.6035,8.15065,45.8288,11.6831,22.9171,57.6297,26.0713,-37.576,-969.656,-227.896,-15820,6160,-21000
40.6523,76.77,19.5126,91.9073,45.1195,12.3275,62.9133,18.5789,94.9679,10.329,-2.34422,40.7087,8.2897,24.5238,110.559,39.246,-27.816,-976.976,-242.536,-17640,4620,-21420
19.057,39.3926,1.58345,46.0395,13.8896,2.73898,27.2684,8.79572,62.1933,-0.455629,-6.39522,13.5168,-0.588349,5.17182,58.6389,18.3535,-28.304,-973.56,-244.488,-17360,3360,-22120
2.62214,-7.69989,-5.81006,-25.099,-13.5016,-0.661156,-16.2106,-4.58222,16.2498,2.45668,-0.564067,-5.78871,-1.05267,-5.41535,-28.6708,-6.82003,-30.744,-969.168,-233.264,-17080,1260,-22260
-24.9721,-33.9664,-11.2103,-30.9733,-16.6965,-3.03455,-27.0759,-5.80901,-44.853,-8.80637,-8.31978,-18.7505,-3.58858,-8.15859,-42.8852,-15.4587,-29.768,-964.288,-244.976,-17220,-1680,-22260
-46.5916,-52.458,-12.4601,-56.2592,-29.6078,-1.15651,-41.5192,-8.00381,-90.6355,-17.3476,-11.0313,-31.9943,-2.62775,-5.69074,-79.3774,-19.6704,-25.864,-964.776,-249.368,-18480,-4340,-22400
-32.2319,-39.3918,-9.15319,-49.148,-19.0317,3.17675,-30.2279,-1.07336,-72.1074,-21.8851,-14.6121,-21.2419,-3.63822,-1.78531,-59.1422,-11.7984,-20.984,-971.12,-204.472,-19320,-6160,-22400
-9.033,18.9697,-4.85944,39.3403,6.12544,-4.26343,3.8529,-5.82525,0.913488,-19.0965,-12.1471,1.65664,-6.95869,-1.59393,46.163,-6.90563,-20.984,-946.232,-233.264,-21140,-8120,-22680
5.6074,32.4914,6.97539,12.6005,3.36967,0.349341,-5.67772,-5.54544,15.2147,4.49475,9.86872,10.5864,3.74015,4.36194,-1.44548,-5.36606,-20.496,-947.696,-240.584,-22960,-8540,-23380
20.6439,20.2875,10.8953,-17.7894,5.53547,9.10614,-1.38084,7.96123,27.1199,13.0737,8.8166,11.0465,5.77551,10.817,-28.5597,8.94034,-19.52,-951.6,-217.16,-25480,-10220,-23800
-21.9347,-61.9503,-18.5525,-43.9137,-9.97513,-1.93214,15.8021,14.4881,-38.225,-12.7511,-7.46031,-34.9818,-12.2262,-10.1684,-3.87978,13.7254,-24.4,-952.576,-219.112,-26040,-9940,-24360
-28.4269,-55.4316,-35.2914,-14.9888,-15.4461,-29.4437,10.2392,-1.81443,-49.0755,-14.8178,-4.6521,-37.7329,-27.8433,-48.8512,17.7538,-6.17392,-20.008,-956.968,-223.504,-27300,-9380,-24920
26.6418,33.796,-9.10076,41.758,-8.68799,-26.0674,5.40723,-11.4553,46.9953,17.2597,16.2784,8.16241,-15.2584,-32.3415,38.2847,-13.455,-22.448,-954.04,-234.24,-27860,-6440,-25620
27.8402,27.1731,-1.35591,38.7315,-5.37605,-16.6889,7.89958,-1.74049,39.0059,22.5945,22.3259,8.36026,-8.16398,-15.9067,42.1166,-7.54223,-23.912,-953.064,-236.68,-28560,-3080,-26600
28.5615,30.2944,7.31638,15.9064,-0.0192116,-9.03405,2.01936,1.054,50.5394,23.6975,18.4774,14.7223,-0.17847,-7.57469,18.4346,-5.78222,-23.424,-944.28,-229.848,-29960,1680,-28140
35.5204,23.6764,15.2666,-9.17194,-7.26007,7.52447,2.12574,9.11076,65.1278,28.5215,17.0075,16.1928,11.4749,8.41341,-10.9567,11.3446,-25.376,-950.624,-232.288,-32760,7560,-30100
16.0322,-5.45219,9.71443,4.0506,6.16794,18.7187,24.6829,13.9946,35.6054,12.9357,6.24059,3.15249,14.4292,19.9102,26.4743,29.9589,-22.448,-955.504,-235.216,-36960,11620,-31640
-9.12832,-48.5607,-0.616315,-21.5377,-1.43595,13.8407,12.1168,2.88746,-12.7982,-0.11792,-0.62645,-16.5673,10.511,12.7651,6.34371,13.0837,-20.496,-959.408,-231.312,-41020,15540,-32760
19.7289,4.88315,9.20012,-11.6329,-1.85568,3.48388,-19.7833,-16.6937,40.8495,16.3308,9.73557,13.2022,13.533,3.66163,-29.2369,-18.6653,-33.184,-950.624,-216.184,-42560,16520,-33460
27.1029,38.7061,17.9037,10.5341,9.14706,3.40373,-20.4143,-22.2914,54.3581,15.4069,6.01955,32.1626,13.433,8.56086,-20.203,-18.0979,-30.744,-948.184,-222.528,-44240,17500,-34580
-18.7508,-12.9404,-3.1602,-9.55757,1.77764,2.86823,-7.95112,-10.1497,-26.4094,-18.2501,-15.7117,-4.26156,-0.266154,1.7971,-14.7217,-2.79141,-28.304,-938.424,-223.016,-45360,16520,-36120
-53.8611,-44.9663,-6.92457,-30.57,3.23606,7.38027,-19.3552,-2.13652,-95.1753,-39.8899,-24.8328,-18.0738,0.884259,9.62862,-41.0522,-3.42247,-37.088,-912.072,-176.656,-49000,14420,-38920
-47.8062,-44.1991,-7.02845,-12.8174,-3.24004,-1.653,-16.2993,-2.74208,-100.044,-29.7417,-17.6181,-20.7819,-2.64717,1.83232,-12.2158,-8.78647,-39.04,-919.392,-163.48,-59080,16240,-41580
-9.1303,44.2657,7.75602,57.253,29.8517,7.70982,26.7084,15.3941,-12.2097,-11.2188,-6.64191,17.9321,2.30992,14.3305,49.9701,17.785,-31.232,-936.472,-210.816,-67480,19880,-43960
21.7191,77.8006,14.2639,65.2109,41.9068,10.9788,48.5855,20.6442,57.4559,-3.08448,-8.278,35.1679,0.211959,22.9593,58.2612,34.5125,-21.96,-951.112,-222.528,-70840,20860,-45220
9.8679,6.17347,3.97483,-8.13288,7.20706,5.55387,11.8376,7.85186,16.4833,-1.23025,-4.17414,1.53602,-1.89913,9.34494,-6.737,10.2907,-13.664,-973.072,-237.656,-72660,19880,-44940
4.87945,-2.77965,1.30694,-5.03125,-4.13595,-2.90194,-10.6815,-6.05111,-4.2442,-0.216442,1.71009,-2.52981,-1.62005,-3.59371,-15.223,-11.7863,-15.616,-971.608,-253.76,-69860,20860,-43680
2.14342,1.61423,0.971246,8.05454,-4.62175,-5.98478,-7.36696,-7.14515,-7.37642,-5.58529,-1.44401,-1.5468,-3.19554,-5.89676,5.34259,-12.0013,-17.08,-962.336,-259.616,-66640,23240,-42700
-7.92376,18.0659,15.2476,5.35295,13.8593,4.0392,-5.47713,-1.5657,-26.8345,0.907656,-0.592477,16.1858,4.24733,11.503,-17.4917,-2.89989,-6.832,-960.384,-272.792,-67620,24500,-42140
19.9807,49.9029,21.9046,22.3576,19.3611,2.76377,1.95854,-0.0767676,23.108,20.6667,9.74881,33.5412,7.12052,11.5012,-3.97965,2.60261,-11.224,-957.456,-278.648,-68880,26880,-42000
12.0662,13.6888,6.30785,4.0745,2.43249,0.992158,1.43024,5.42656,9.70874,9.5628,3.49428,8.64024,0.905571,3.38672,-2.98781,3.71992,-14.64,-952.088,-267.912,-68740,28420,-41440
-12.3416,-42.3498,-4.59983,-57.9382,-22.375,-2.43251,-32.5399,-4.34056,-51.9045,0.531859,3.57477,-15.8309,1.10118,-6.95895,-59.5641,-15.4018,-7.32,-946.232,-252.296,-69580,30100,-41020
-7.04915,-32.7989,-12.0276,-38.1783,-31.7902,-15.9384,-54.596,-22.8874,-27.6758,3.31978,5.63198,-18.8546,-2.86645,-24.4201,-42.9515,-42.7157,0,-946.72,-267.424,-69720,31920,-41020
4.57696,9.74955,-10.8564,9.70037,-19.8172,-14.6247,-29.5107,-17.7055,5.10181,9.11947,8.07026,-3.88676,-3.07355,-26.0033,1.53625,-31.8504,7.32,-952.576,-252.296,-70280,31640,-40740
-4.77614,-21.8578,-22.0288,-28.23,-24.2167,-3.67481,12.9963,11.5099,17.0328,-4.38055,-3.86617,-24.8424,-10.4605,-17.2184,0.567588,15.6426,9.272,-946.232,-246.44,-70140,31640,-39620
7.90693,6.26535,-11.2226,20.4077,2.54327,4.92056,50.9132,22.9212,47.6867,2.38974,-2.47151,-9.93915,-5.32055,5.89205,54.3531,39.6014,13.664,-950.624,-241.56,-72800,34720,-39480
-0.803228,-0.761729,-6.7784,34.031,15.5389,7.91034,49.9771,19.9553,22.9843,1.19763,-0.191599,-7.77498,-1.57197,12.2985,61.904,33.6537,12.688,-942.816,-240.096,-72380,38920,-39620
4.14331,-25.655,-5.29932,-16.7383,-0.701159,4.02884,15.4539,6.199,10.6246,5.60005,2.8693,-9.7299,0.301339,4.60905,3.75791,11.3494,22.448,-950.624,-249.856,-74620,41020,-39340
-13.6779,-69.2159,-8.2522,-61.11,-15.556,1.87217,-7.16903,-5.93552,-48.8985,-2.11044,0.245319,-23.9001,0.821154,0.625495,-38.8609,-3.17132,25.376,-953.064,-243.512,-75040,41160,-38920
-14.6036,-46.4779,-8.7521,-38.8047,-23.0609,-4.91596,-28.4192,-17.5568,-31.1706,-4.72701,-0.499324,-21.928,-0.80232,-8.5256,-31.0417,-21.7054,31.232,-960.384,-255.712,-74900,38500,-37660
-26.0202,-51.1744,-15.0518,-49.72,-40.9553,-11.1334,-48.2389,-16.8897,-43.8472,-8.89106,3.11124,-31.3742,-3.38281,-23.6379,-46.5485,-33.4708,29.28,-964.288,-237.656,-75880,36540,-36540
-47.0886,-62.6373,-20.7045,-46.0717,-25.1048,-1.66835,-14.0193,6.6102,-67.3014,-28.2726,-11.1236,-39.9763,-8.52444,-17.4553,-35.4053,-1.33736,36.112,-984.784,-287.92,-74340,33180,-35560
-5.36684,40.1099,1.6037,45.4735,25.7164,4.45432,25.8045,13.4587,20.8071,-15.596,-15.4405,18.0534,-5.38297,2.96859,33.4686,18.7352,27.328,-940.376,-270.352,-69860,30800,-34440
29.7937,98.0822,16.9961,98.2168,50.1955,3.64491,44.2286,11.0027,79.0581,5.98338,-3.45932,53.0897,-1.54372,14.3695,80.8954,21.1198,27.328,-962.336,-238.144,-73780,29960,-34720
44.1828,93.9168,29.4801,86.5913,43.0725,4.5881,23.7222,-0.427198,71.8563,24.8876,12.6653,57.0432,10.772,22.6824,56.142,8.0017,36.6,-966.24,-234.24,-72100,27580,-34160
18.9601,36.5164,15.3758,23.5196,9.30088,4.40577,-0.0988774,0.203383,44.3974,5.20466,5.87606,19.0588,7.87783,14.1295,10.6755,-0.534235,46.36,-975.512,-271.816,-69300,26320,-33040
-7.04309,-9.04045,-6.50806,-16.467,-11.2562,-0.695589,-9.28732,1.76725,8.7205,-11.5543,-2.85037,-12.8829,-2.55762,-9.67321,-7.25517,-6.04533,44.408,-956.968,-308.416,-64680,24640,-30800
9.41376,8.30546,-4.17986,14.7338,-1.09537,-8.95757,2.35765,-3.50381,18.256,-0.460199,-3.57271,0.796346,-6.16143,-10.6812,19.7761,-3.88642,47.824,-969.168,-272.792,-62440,21140,-28980
30.8423,20.7149,9.36229,17.8445,4.52411,-3.2617,4.1381,-7.5661,30.6367,19.2392,11.962,15.7538,4.35075,2.69188,16.3753,-3.18697,47.824,-978.44,-259.128,-62160,18060,-28140
-1.65557,-44.7696,3.55676,-39.3569,-4.6912,-0.512518,-10.3782,-9.21538,-67.5201,10.1613,8.14162,-8.9653,4.13924,-4.45146,-36.9897,-6.26124,49.288,-986.248,-305.976,-56140,13720,-26180
3.388,-10.3046,14.9316,13.7621,20.5968,3.57653,14.2743,4.87785,-63.454,15.0308,12.4744,11.9732,8.53024,13.8501,7.44415,10.8473,39.04,-976.488,-285.968,-53900,13860,-25760
11.9412,-2.35444,11.055,2.89761,5.98938,-0.257638,-5.19673,-0.785386,-9.21613,11.032,9.83737,6.67902,5.52806,15.1441,0.617428,-0.98503,31.232,-959.408,-287.432,-46900,11620,-25060
7.08149,-14.0712,-1.27604,-64.1106,-31.6824,1.9433,-44.8661,-7.45531,27.3135,-1.93353,-0.82716,-10.5471,0.670054,-0.566006,-71.4212,-17.5685,40.016,-976.976,-282.064,-47180,12740,-24500
-11.1006,-20.5718,-8.12843,-56.0486,-24.2572,7.73027,-30.3779,-2.309,6.79962,-15.9695,-10.8347,-16.7453,-1.50914,-0.33188,-60.1183,-8.02682,29.768,-976,-296.704,-43400,15120,-24220
-16.5416,13.1351,-2.00633,5.69861,11.1523,5.90396,2.29131,1.03278,4.60646,-21.7346,-17.4528,3.64405,-1.31443,4.2659,-5.35684,4.38561,25.376,-978.44,-296.704,-37800,20720,-23380
-19.9866,21.1439,-11.4508,25.6113,12.2504,-9.2021,5.55529,-2.63632,0.555509,-15.5677,-12.6066,1.99346,-9.42003,-23.995,11.2526,-3.11873,24.4,-971.12,-330.376,-31780,24360,-23100
-1.18955,24.5001,-8.11436,38.8707,8.33596,-11.8796,18.5664,0.357157,10.1575,5.26955,1.53931,3.74025,-6.77414,-22.5804,34.2306,3.71924,25.864,-964.288,-314.76,-29260,28280,-22120
7.9453,14.1209,1.432,22.2427,-8.83685,-3.34824,17.0672,4.1093,14.4279,12.2143,5.4071,1.65017,0.41702,6.73624,32.8876,9.47545,13.176,-946.72,-293.288,-27860,29400,-21000
5.95698,-1.29016,6.48441,-2.70376,-2.50305,10.014,11.3853,9.47851,13.2013,8.07687,4.55883,-0.590226,6.98172,18.365,17.3904,10.7099,12.2,-955.016,-283.04,-30100,30520,-20720
7.45199,12.3051,15.4677,5.1433,23.6932,15.4295,16.0603,8.51215,7.89544,6.59987,-0.243435,15.8179,10.1323,24.6319,9.75043,13.0911,0.488,-967.216,-283.04,-29680,28700,-20160
7.93511,20.9738,21.7938,23.9377,34.4879,15.2079,13.8195,6.71664,-10.7473,10.4899,1.4067,26.4983,12.4994,25.1462,7.63944,10.177,3.904,-959.896,-286.456,-28140,26880,-19600
10.4236,36.4922,16.3192,42.1929,30.4047,4.55257,10.06,2.28273,5.68085,9.1049,3.03876,29.2875,8.48977,9.27744,18.1718,2.21228,-1.464,-958.432,-291.336,-24500,26460,-20020
-40.2819,-54.6154,-21.2122,-22.2637,-17.0073,-13.7025,-12.4847,-3.99541,-75.2765,-23.0896,-13.6524,-32.0555,-13.226,-22.2089,-18.5082,-12.1188,11.712,-975.512,-295.728,-22120,26740,-20580
-36.4917,-51.542,-26.0902,-37.1643,-32.8266,-12.1873,-20.3841,-1.2924,-60.3102,-22.1979,-8.63786,-37.1075,-15.7126,-26.6528,-33.9291,-11.6987,21.472,-966.24,-295.24,-17640,26460,-19880
-10.9076,-47.4523,-25.3835,-61.2568,-50.4885,-12.8622,-26.959,-4.13633,-2.86948,-8.62585,2.9658,-40.0114,-12.4387,-26.6219,-38.2232,-13.6,30.744,-974.048,-298.656,-15820,28280,-19320
-12.3722,-56.4983,-15.2345,-80.9766,-41.8698,-2.25552,-27.5709,-4.75924,-21.3301,-4.32742,4.94303,-37.1884,-2.5721,-10.6534,-59.9668,-10.3695,28.792,-974.048,-291.336,-14840,31780,-19320
14.1483,7.74312,4.6137,-9.43545,0.956946,6.90996,-0.281151,-1.54913,31.8985,7.03817,6.40499,4.82693,5.25975,7.7274,-5.94672,0.643008,19.52,-969.656,-280.6,-12740,36260,-19040
18.5889,34.1949,1.57861,39.7376,8.85307,-2.69317,-0.00132876,-8.9067,44.583,6.27368,3.24932,15.023,-0.624685,-1.39016,33.9312,-9.60573,24.888,-980.392,-274.744,-11760,38640,-18480
-9.13842,-19.8678,-11.8744,-8.19582,-16.8645,-9.68773,-17.8729,-13.0594,-15.897,-6.09393,-3.01225,-14.794,-5.85462,-13.0641,-6.69317,-17.6619,25.864,-975.024,-282.064,-9800,39620,-17780
-16.3583,-22.4604,-10.8434,-7.25981,-8.58893,-5.49354,4.07539,-1.74708,-20.5291,-11.7203,-5.96554,-16.5383,-4.87964,-3.35441,8.64746,1.61445,25.376,-973.072,-286.944,-7140,42140,-16800
-3.36267,5.35547,-0.639025,23.1632,16.0666,1.27233,30.2443,7.84969,-0.00541806,-1.4597,-2.09383,1.12199,-1.43389,8.21246,42.7887,19.1069,20.008,-965.264,-288.408,-4060,44380,-16380
27.4622,40.646,24.3708,46.0481,35.9759,13.2883,34.504,13.3256,33.9379,25.0178,11.8546,33.5724,13.6838,26.2213,47.95,24.1448,22.448,-970.144,-279.624,-2660,46060,-15540
10.1484,18.221,18.7638,12.1626,22.3686,12.0258,16.2242,8.55167,13.462,6.90618,-1.24031,21.7512,8.63156,24.6583,8.06418,15.5759,28.792,-968.192,-290.848,-420,46340,-14840
5.70754,10.568,15.2568,2.80458,15.4657,13.6267,6.35362,6.4363,10.0116,3.32,2.22487,14.2592,9.43455,17.4814,-2.04054,10.3486,34.648,-962.824,-303.048,420,47600,-14000
2.11438,27.3814,5.61587,29.0049,11.7453,7.01033,4.9823,1.88426,22.1908,-0.14144,-1.48458,8.16045,3.11431,7.69711,22.2387,4.6207,28.304,-959.408,-302.56,2520,49840,-13860
-3.19363,-3.83929,0.912959,-8.35109,-0.444536,5.31411,-5.2848,-1.29131,2.20953,-3.76122,-6.68283,-2.9204,0.842855,4.19931,-16.2498,-0.968131,25.864,-961.36,-297.68,3080,51380,-13300
16.7284,28.68,7.31933,19.9263,9.38966,-0.440448,-4.47209,-7.15633,38.0358,6.32046,-0.232532,17.3505,1.56318,-4.79199,2.99629,-6.62873,23.424,-971.12,-315.736,4480,52780,-12600
0.783111,-8.89829,-11.4665,-5.41628,-23.5339,-18.502,-33.8559,-19.2593,-0.0771,2.22653,1.42243,-9.10524,-9.6639,-35.7481,-14.4182,-31.924,32.696,-973.56,-317.2,5600,56560,-11620
0.396145,-2.35891,1.83954,-13.1809,-22.9099,-10.0885,-33.2773,-17.2114,-23.0651,4.84869,4.95017,2.62859,0.411358,-13.2825,-35.2415,-24.9555,31.72,-972.584,-299.632,8540,59360,-10920
18.3489,40.7634,12.468,13.2996,1.55011,2.4905,-2.06625,-7.18653,36.5823,7.22386,6.43495,23.1466,6.46404,12.3222,-1.39686,-0.28428,30.256,-975.024,-298.168,11900,59780,-9660
-7.24841,-20.3415,3.78055,-40.2294,-3.04366,4.68895,-4.94515,-0.649117,-31.5598,2.96169,6.18764,-3.79411,3.92634,9.64305,-37.9667,2.88633,29.768,-968.68,-291.824,12880,60200,-8960
-16.5199,-51.3709,-7.69568,-38.3999,2.85634,-0.483086,9.55279,9.8396,-63.8116,-7.54128,-6.12344,-16.5902,-6.74368,-7.9051,-30.7767,10.4638,48.312,-1013.09,-347.944,13580,58660,-7980
7.28843,6.2058,-21.3602,36.4233,14.0379,-29.8962,28.7081,6.88203,-3.39977,-10.5431,-15.1188,2.13317,-28.0728,-41.7731,32.6766,7.77096,34.648,-982.344,-316.712,17780,54880,-4900
17.7154,28.8753,-21.4333,39.8965,-13.6871,-28.2511,23.2686,14.6345,39.1862,-8.24746,-0.249397,-0.442477,-18.19,-25.7206,51.5434,11.2729,14.152,-948.184,-321.592,24080,48580,-2800
-1.70451,-6.57956,-3.61897,-7.66702,-19.7408,5.65796,6.81899,13.0906,-7.78726,-5.02525,8.9514,-12.4165,7.03074,13.7185,7.67897,10.7633,6.832,-946.232,-297.192,21000,53480,-4480
-0.735895,11.8661,20.1197,28.9856,33.5313,26.5394,28.0538,9.93454,-21.6293,2.18916,6.69326,9.00814,22.1278,41.282,38.2915,20.9539,13.664,-971.12,-276.208,18760,54460,-5040
12.4444,16.5437,14.2918,24.931,23,18.3437,5.07957,1.17736,17.6988,4.55263,4.09115,9.14838,15.0177,22.1536,27.3523,3.18673,30.744,-1001.38,-324.032,18760,52780,-4900
5.37506,-25.9126,-5.13127,-36.8675,-20.376,-0.146154,-32.3689,-11.118,1.96181,-1.65974,0.867077,-15.6055,0.477534,-11.1439,-37.2238,-21.1591,41.48,-1006.74,-343.064,23380,53900,-3080
-2.73461,-12.7971,-9.66233,-31.9734,-15.6843,0.275251,-22.6161,-1.74858,15.1324,-10.636,-5.67096,-10.9108,-3.05061,-15.2491,-35.1404,-13.7152,28.792,-981.856,-329.4,31780,53760,-700
-18.5226,-17.4321,-13.5998,-21.7364,-12.061,-5.18636,-12.083,1.80727,-6.24844,-5.11799,-6.33212,-15.2011,-8.31752,-16.0456,-16.9003,-9.86151,22.448,-969.656,-316.712,34160,56420,280
-19.8961,-25.8509,-6.96061,-16.0722,-8.45833,-3.35642,1.18815,7.32997,-23.6251,8.98939,1.89588,-15.5441,-2.55025,1.12214,-0.108094,1.73287,26.84,-964.776,-310.368,32760,59360,-280
-18.2685,-21.1533,2.51821,-23.7875,2.04722,5.36238,0.243876,5.88725,-25.2731,9.9552,2.77199,-6.37652,3.38207,8.62141,-14.813,4.43358,30.256,-987.224,-327.936,31360,59220,-140
4.1052,16.0004,8.26174,11.6042,14.3214,7.03177,7.63649,2.51231,19.9877,9.49257,2.27171,12.0587,4.1079,6.2041,14.0624,5.92064,25.376,-991.616,-339.648,33320,58100,1260
-2.85549,19.5353,4.24625,20.855,15.8795,6.14964,5.73467,1.75987,12.5545,-7.81089,-6.25843,12.5075,0.748991,6.25553,11.6382,4.94534,20.496,-989.664,-338.184,39340,56980,2800
-1.59311,16.0347,4.25555,16.0775,14.1999,2.87545,-4.65901,-6.01665,17.6092,-12.2786,-7.00198,10.1998,-0.276037,7.76316,-0.3382,-3.48646,23.912,-979.416,-341.112,45220,54180,5040
0.508068,8.16204,6.13065,-5.56485,7.58298,-4.6246,-23.1628,-16.0698,4.37456,-1.69787,-1.19653,8.53692,-1.51303,1.37594,-37.0396,-16.8593,36.112,-966.728,-352.336,48440,52220,6440
-10.6857,-29.479,3.90038,-24.6407,-2.89384,-2.66527,-8.61747,-8.42404,-51.0767,3.91954,2.69806,-7.94239,-0.272584,3.95968,-29.616,-3.85282,37.088,-968.68,-346.968,51380,50120,7840
2.15406,11.4512,5.07744,31.0158,-4.06864,-0.514125,20.1097,-1.69868,-5.13171,6.15028,1.42559,2.42837,-0.453987,7.54016,42.3269,10.6039,46.36,-956.48,-343.552,53200,47040,8120
22.6023,38.1726,11.2612,25.3347,-2.46762,5.28648,16.4437,1.62736,58.1641,15.3025,8.45504,18.2056,6.32273,10.1952,29.882,10.4013,45.872,-959.408,-342.088,54320,46200,7280
6.22001,3.51061,0.505594,-2.68984,-11.0029,-3.03155,-1.2471,-10.1065,23.87,7.45692,2.71658,1.26901,-0.697151,-3.30871,7.643,-3.40302,46.36,-962.336,-340.624,54600,46900,7560
-17.8367,-32.8015,-11.6895,-26.6707,-23.5321,-4.30135,-13.8782,-7.18803,-26.1267,-8.04595,-3.50887,-20.2533,-5.20467,-11.0505,-15.8877,-10.7978,39.528,-965.752,-349.896,55860,45920,8400
-27.3649,-47.6702,-20.6864,-33.7138,-32.0645,-5.17834,-18.0721,-0.412853,-43.7985,-18.4567,-8.12322,-32.7775,-7.73594,-18.7536,-19.856,-12.1526,37.088,-959.896,-344.528,56700,43260,9660
-6.65388,-2.88938,-4.43408,-5.27804,-6.68236,0.232617,-8.8397,1.75836,-12.1405,-8.53898,-4.58075,-2.64298,-0.430506,-1.43268,-16.6259,-5.51202,33.672,-963.312,-341.112,57820,40460,10220
5.75783,29.5834,12.3589,15.8944,25.4631,12.1153,12.2608,11.9616,8.85229,-2.24948,-5.01217,24.3029,7.55303,20.9835,-6.79151,13.0707,30.744,-967.216,-346.968,59500,35980,11060
-5.77322,-11.1308,3.07358,1.12008,11.9529,4.88077,12.1173,9.00241,-21.9999,-2.1836,-4.97385,-1.4206,3.21713,11.1191,9.54846,10.7899,32.696,-962.336,-348.432,61460,30940,11480
22.9756,18.0634,1.90279,19.3883,13.0874,-7.79465,8.04652,-2.91191,33.1269,9.70974,-0.169428,10.8606,-1.88035,-5.71125,21.6128,-1.69213,41.968,-955.016,-340.136,62300,27020,11760
19.0427,22.9568,-9.97472,22.2982,4.80584,-20.8824,-12.3539,-12.6329,26.5851,4.05214,-0.576151,9.93689,-12.3558,-32.9191,3.4129,-17.6215,49.288,-955.504,-334.768,60760,24640,11340
-6.33351,4.94471,-12.4549,0.403342,-18.534,-14.9518,-18.4912,-8.30585,-4.02814,-10.6159,-3.03067,-6.68574,-9.61814,-21.4708,-18.3157,-13.2901,53.192,-963.8,-330.376,59220,23660,11060
-26.1908,-31.1966,-8.94686,-21.3108,-13.082,-1.39254,9.87434,7.33291,-45.944,-13.8657,-0.311763,-25.0582,-0.301132,-8.73224,-2.80592,10.5457,62.952,-953.552,-338.672,59640,19460,11620
-3.40141,-21.1158,0.158476,-6.54332,3.43131,1.83253,24.7894,8.69917,-17.2623,0.581467,4.66735,-13.771,3.12884,2.39418,21.5099,17.3282,66.368,-955.504,-327.936,57400,17360,11760
19.2256,3.35663,15.0755,8.57891,11.5708,12.9417,19.8776,9.91601,7.70542,9.27843,9.72093,9.64253,11.2065,22.5138,23.5357,17.657,66.368,-957.456,-310.368,56420,18200,11200
32.2016,15.2047,17.1329,-0.698017,10.6204,15.2628,10.1774,10.0774,27.0363,14.2579,12.2256,16.9706,12.6203,20.8826,9.57552,15.267,76.128,-958.92,-312.808,57400,15680,10920
32.2015,40.4011,11.473,15.9873,16.6417,6.6991,10.9111,4.3517,50.2115,9.15076,2.66878,22.8374,4.12179,10.4179,15.4795,10.5882,81.496,-968.68,-313.296,56980,14000,10920
18.1146,26.6283,6.23345,22.5871,21.8082,3.76194,12.6209,3.53922,21.1507,7.06108,1.3251,19.0007,1.81835,1.66176,17.2695,7.70065,82.96,-971.608,-305.976,56280,15540,11060
11.0463,32.1895,-0.714228,24.9276,4.47063,-5.97724,-2.57644,-3.99611,27.292,6.74707,2.12889,14.1296,-3.79117,-9.98587,4.8477,-5.76552,75.152,-967.704,-297.68,56280,16380,12040
-0.479051,11.436,2.13369,6.87943,-1.28179,1.43587,-4.11775,0.709388,7.96272,7.50964,5.77491,3.57405,1.46178,4.22224,-3.26587,-2.28549,65.88,-968.68,-297.192,57680,15120,12600
0.468686,2.8789,1.70055,-0.498549,-2.80987,3.67342,-14.2161,-4.24775,17.571,3.49996,3.78962,0.728142,2.56686,6.01859,-7.03136,-9.30341,67.344,-964.288,-300.12,57960,13440,13440
-21.4469,-26.4385,-9.43953,-23.2728,-16.6754,-3.08895,-29.7271,-8.67911,-15.0752,-8.92539,-0.568341,-15.4977,-2.83677,-13.2053,-29.0045,-22.042,64.904,-965.752,-303.048,56980,14140,13580
-17.4834,-24.743,-8.04478,-20.9261,-13.1006,-4.27,-6.92569,0.17913,-20.8144,3.29555,5.95623,-13.6776,-2.31144,-11.8839,-13.4756,-5.58628,58.56,-967.704,-301.096,56280,14840,14000
0.294553,-20.8878,1.38763,-13.7652,-2.55315,-0.980472,6.2937,-0.167301,-13.7642,14.8211,10.9955,-4.29416,2.42878,3.47292,0.534286,4.8824,51.728,-970.144,-300.608,55160,14280,14280
-11.7309,-26.1034,2.37318,-11.7264,6.19988,4.06181,7.42498,-1.57705,-33.9026,1.45769,1.24203,-6.72758,2.46891,12.2228,-2.29928,6.3891,50.264,-968.192,-298.168,55160,13440,14700
-9.07547,-13.6715,1.8879,-8.5958,6.55426,6.33373,9.57444,3.32717,-25.954,-2.04464,-1.1791,-3.97584,1.94867,10.9311,-4.03156,9.26759,48.8,-967.704,-298.168,56280,12040,15260
8.26791,14.1755,9.83355,19.0369,16.198,3.55217,6.68858,-0.331844,0.452056,3.69063,-2.01722,14.0349,3.53654,14.6456,10.4478,3.3383,40.992,-959.896,-298.168,56840,11060,15260
0.910033,20.0343,5.45571,25.5547,10.015,1.0223,-8.0788,0.383076,2.79257,-5.96062,-6.45282,12.9598,1.45322,6.86418,5.07772,-6.93395,48.8,-963.312,-305.488,56560,10220,15400
-2.92684,13.5935,-5.69625,5.36968,-8.6971,-5.54864,-12.4763,-1.34934,14.6725,-14.388,-12.571,0.27003,-6.68385,-6.82068,-5.29525,-9.67501,46.36,-964.776,-299.144,56000,11060,14980
-3.69286,12.6426,-9.11341,-3.53618,-13.5144,-6.88848,-11.7773,-3.02874,27.1072,-15.8841,-11.6783,-4.00942,-8.17604,-12.5237,-10.7665,-9.61765,34.16,-960.384,-290.848,56840,10640,15260
-18.3982,-19.8598,-13.0215,-18.8449,-14.524,-5.238,-5.63651,-4.13484,-17.2128,-20.6129,-16.6484,-18.9107,-9.78946,-11.5277,-14.6044,-5.99708,31.72,-958.432,-298.168,57400,9240,15120
-35.1072,-52.716,-16.4476,-33.0553,-17.2644,-4.28962,-7.59642,-5.22813,-68.8971,-22.5323,-20.112,-32.6733,-10.3319,-10.3548,-21.3138,-6.25802,32.696,-956.968,-292.8,56140,8680,14840
-21.9166,-41.9615,-9.21782,-28.0725,-10.9583,-0.443942,-6.72424,-1.54302,-48.6694,-13.7658,-12.0848,-21.9412,-3.20858,-5.09247,-20.6927,-4.72372,30.256,-953.552,-283.528,55020,7980,14840
9.65027,20.1912,0.367239,5.76051,-7.59812,-5.00163,-14.2724,-7.87991,26.1413,0.26186,-2.0557,6.59482,0.184363,-9.34462,-6.2423,-13.0418,32.208,-953.064,-295.24,55440,5880,14280
1.60661,25.1342,-3.27873,2.54051,-12.699,-4.9642,-16.7098,-6.1468,25.497,-2.69696,0.703725,3.31755,-0.793095,-12.0301,-10.8272,-13.344,35.136,-952.088,-294.752,54600,6440,14000
-4.35825,-0.121925,-4.71977,-3.5021,-7.48313,-3.27554,1.43965,-1.46111,2.73268,-0.030301,5.68726,-6.32186,-0.0439118,-6.51375,3.686,-1.85451,36.112,-955.992,-294.264,52640,7840,13720
-15.0836,-36.2673,-10.4422,-25.6482,-14.6632,-5.75765,-1.27671,-0.877152,-26.6819,-2.11583,4.47058,-20.6715,-4.1412,-9.03615,-3.63014,-0.963745,32.208,-953.552,-287.92,51940,7420,13580
-19.8137,-44.6619,-12.0657,-30.3685,-19.0068,-3.84048,-6.51211,2.29631,-41.6222,-0.475126,5.42275,-25.8206,-4.40074,-12.5608,-7.72292,-2.0308,32.696,-945.744,-290.36,51800,6580,13580
-9.11872,-13.2938,-6.77566,-5.35304,-11.1882,-7.49448,-13.9232,-7.27568,-19.9406,0.732423,-0.786206,-10.2378,-5.47798,-12.1519,-2.83663,-13.5914,29.768,-947.696,-293.288,51100,7420,13440
28.3494,48.0629,11.095,28.393,17.7652,1.81899,10.2209,-0.235384,63.0374,9.01625,1.3403,28.1883,2.15463,9.12551,14.5924,5.43326,27.816,-947.696,-289.872,49980,8540,12740
14.7301,19.9201,9.92045,13.4656,19.0461,9.12131,23.7846,9.84484,24.5703,4.39123,3.8508,15.9335,6.13385,14.1927,16.9063,19.9261,23.424,-949.648,-282.064,49140,8820,12180
-2.9736,-12.0926,3.93279,6.11247,15.3441,8.09423,25.7333,15.2119,-18.5167,-0.236659,1.43646,-2.37459,3.88902,12.3994,24.2326,22.7144,22.448,-948.672,-285.968,49420,8260,12040
17.6558,9.61858,14.4352,15.1804,18.905,9.91589,10.4894,16.3976,14.0642,13.3917,8.99737,16.031,8.31514,15.8202,11.442,14.3837,20.984,-956.48,-288.408,49420,7840,11760
28.7468,26.5954,20.0596,22.0918,21.2338,9.31784,14.9994,6.72047,32.2147,20.95,9.99087,27.2645,9.0616,20.2012,14.5122,18.25,23.912,-955.504,-293.776,48860,8400,11340
43.8026,47.9661,22.1602,25.5625,22.3051,10.2198,21.1548,-1.14793,67.2091,29.8863,22.6059,35.5897,15.0306,22.3575,18.2687,18.8947,28.792,-949.648,-296.704,48580,9380,10920
33.96,40.4256,18.9064,30.9877,26.7552,10.806,28.6512,4.80869,52.5738,25.7895,20.5207,27.2746,14.966,21.6156,30.9487,16.0707,27.816,-953.064,-302.072,47880,9520,10640
31.9187,44.949,20.7112,40.1832,29.641,10.5501,25.6503,8.41119,51.4011,25.7009,15.119,30.9685,13.883,19.2178,34.1646,16.638,25.376,-954.528,-300.12,47740,9240,10220
10.689,21.4019,18.4845,30.3393,26.749,11.6742,18.6338,8.53937,2.99727,16.3253,8.43328,23.5072,11.1435,19.4365,22.3407,14.9209,31.232,-955.992,-298.656,47180,7840,10220
0.443116,12.7632,8.59556,26.4909,16.0275,4.099,10.9183,4.39893,-9.0988,7.67755,0.063321,12.5574,0.459593,6.82729,20.418,5.35925,35.136,-945.256,-300.608,48020,6020,9940
-6.95403,-1.72429,-4.98528,3.107,-0.688331,-6.48386,-9.96928,-6.62789,-12.0595,-2.9851,-6.2227,0.31577,-7.09159,-6.07163,-5.29466,-11.0738,20.008,-954.04,-304.512,48860,4620,10360
-23.33,-31.1293,-15.8371,-23.0587,-17.405,-6.11025,-24.925,-6.72076,-38.5709,-15.7328,-9.01136,-19.1488,-7.58662,-14.8444,-29.9044,-16.5018,25.376,-953.552,-299.144,48440,1540,10360
-34.6647,-32.4453,-23.593,-25.2299,-28.9111,-11.2435,-29.9309,-10.7819,-45.8583,-29.7868,-18.8861,-32.1578,-13.5566,-21.8485,-29.5483,-21.8494,12.2,-954.528,-293.776,47460,840,9800
-18.5212,-6.26634,-18.5071,-1.05909,-16.7352,-11.5261,-18.9331,-7.7836,-22.8756,-20.5492,-14.0246,-18.4589,-11.9781,-28.3602,-8.02629,-22.2032,28.304,-953.552,-276.696,45780,420,8680
-11.134,-4.79285,-16.6152,-10.1998,-28.8541,-23.6045,-39.1563,-19.1073,-23.9422,-14.0152,-11.2859,-11.6367,-14.3889,-39.8482,-36.3116,-40.417,30.744,-951.6,-276.208,42560,420,7000
-7.29677,-0.178139,-1.94921,-21.1954,-17.8464,-6.18776,-7.72991,-1.9711,-9.86977,-9.45298,-5.76234,-4.8812,-3.62534,-0.879476,-22.7506,0.00126227,33.672,-949.16,-270.352,42280,1680,6300
-13.9845,-36.1688,-9.86565,-53.5252,-24.6297,3.71538,0.589901,7.55665,-13.2372,-12.373,-2.40205,-28.2666,-2.34954,-0.665719,-19.1245,16.483,30.744,-954.528,-267.424,41580,1260,5320
-29.0857,-67.7812,-18.5205,-56.1188,-23.0928,-6.39393,-6.15747,-8.1983,-45.8646,-20.2679,-7.42394,-43.0162,-6.08536,-9.78522,-22.119,2.48327,20.984,-952.576,-256.688,41440,560,4060
-3.94862,-21.5818,-10.1463,-14.948,-11.9777,-5.29244,-7.39175,-9.26234,-3.30806,-5.96884,-1.78097,-16.4259,-2.76917,-13.5645,-0.203273,-11.8837,18.544,-956.48,-254.248,40740,-560,3920
1.62804,-2.65085,-9.04142,-2.07512,-14.3585,-5.71273,-12.6341,-4.38948,9.13066,-5.52384,-3.82396,-8.88317,-5.83004,-13.2373,3.95392,-18.9038,25.864,-955.504,-259.616,39900,-2100,3080
8.18692,3.2281,3.2112,-3.37685,-2.23517,2.59622,-5.72823,1.81779,8.23813,1.48293,0.956169,4.3839,1.78694,5.07429,-5.73189,-3.87537,29.28,-961.848,-263.032,38360,-3220,2240
8.3076,2.14641,6.30127,2.12027,9.37399,6.06989,6.89049,6.25893,11.3391,1.05996,1.51804,8.171,5.0345,12.0207,3.25915,8.00222,30.256,-965.752,-263.032,37520,-4340,1680
-1.11202,5.26206,6.25982,8.42827,12.5273,7.02026,9.37072,3.07692,9.48006,-5.02787,-3.49373,7.55641,4.45783,14.8079,8.83909,9.65923,32.208,-966.24,-258.152,37520,-5320,1960
2.35109,19.2167,8.55398,17.0473,16.7701,10.0098,13.2968,7.60155,11.8499,3.72218,0.774533,13.5925,5.76488,13.9766,9.27279,12.8109,30.744,-955.992,-256.2,38220,-6720,2520
-11.3737,-22.4904,-2.15979,-17.4595,-0.561347,-1.59485,-5.1435,2.02491,-24.9865,0.822194,-1.56,-7.71052,-2.31448,1.33954,-23.3275,0.937487,33.672,-953.064,-256.688,38500,-7840,2940
-0.188362,-5.99919,-2.98128,-10.5012,-13.6479,-9.86149,-27.511,-6.25605,-2.82156,7.22565,3.33571,-3.56348,-3.70216,-11.4264,-24.244,-19.7041,35.136,-949.16,-249.368,38780,-8540,3080
4.08183,13.1343,-0.455623,7.3365,-6.23193,-3.81123,-10.9431,-5.84539,14.6131,6.67534,4.41017,2.83807,-1.65005,-7.25551,-0.264232,-10.7477,36.112,-950.136,-250.832,38780,-9100,3080
7.7295,17.2035,7.69001,19.9337,13.2373,3.78384,17.3254,-2.21957,17.011,8.03357,2.43371,13.4127,2.48414,9.52395,22.4915,5.52384,39.04,-947.208,-255.224,39480,-9520,3080
20.1811,43.8309,15.6476,55.1184,33.8928,8.99979,38.2495,7.27583,34.7881,16.5703,8.53369,28.8853,8.5563,19.5111,58.9367,18.5278,35.624,-945.256,-257.176,39620,-10080,3080
8.4241,18.8817,5.82091,26.254,15.5635,4.31632,16.4056,3.94258,16.9666,7.28071,4.62005,12.4631,3.18018,8.44395,27.4625,8.61982,41.48,-947.208,-257.176,39480,-10640,2940
-0.831237,4.44588,4.7956,3.18048,9.76258,6.87416,11.3633,9.0743,0.524428,-0.757445,0.796808,7.13773,3.75071,10.7848,2.83153,12.1402,42.944,-952.088,-257.664,39900,-10920,2800
-15.9817,-19.7754,-1.06891,-18.0448,2.85054,7.9132,11.1937,12.0784,-36.1284,-9.08665,-4.53123,-8.28489,1.29461,7.44294,-7.29414,14.48,41.968,-948.184,-253.76,40880,-11620,3080
-23.3279,-37.6419,-8.08596,-26.3954,-7.44044,0.635966,-2.89322,2.62109,-61.5776,-10.5745,-5.55252,-20.0335,-3.30245,-4.14256,-18.6555,1.09115,45.872,-947.696,-248.88,41440,-11480,3220
2.62627,0.349434,2.21447,0.602385,-0.739933,-0.281032,-5.37865,-1.53592,-13.3826,6.49445,2.78235,1.6996,1.29467,-1.3104,-7.80586,-3.7738,42.456,-943.304,-242.536,42140,-10920,3500
17.5297,21.3877,2.20425,4.99148,-6.25444,-3.55279,-14.0447,-2.78503,39.7172,11.5523,5.3732,8.95326,0.0971169,-5.1147,-7.47395,-10.1419,35.624,-940.376,-239.608,42560,-11060,3640
2.24548,13.0846,-0.632632,4.39036,-4.92162,-5.3156,-14.163,-6.64563,16.9532,3.11928,2.69897,3.49776,-1.08631,-6.37747,-8.41319,-9.44971,28.304,-935.984,-239.608,43120,-11200,3780
6.04802,12.8952,5.45255,7.69549,7.17042,3.50439,6.90456,-4.87549,17.0826,4.49865,4.07713,7.51485,3.79724,4.47278,0.613257,9.48106,32.696,-930.128,-237.656,43680,-12320,3780
14.9188,7.46725,8.72431,3.1558,11.6712,8.36007,14.7081,-3.4199,19.0034,3.87515,2.29878,9.32109,5.41583,9.53799,2.47344,10.2304,27.816,-931.104,-241.072,43260,-12600,3360
23.497,32.0416,13.9345,31.5956,23.1223,9.74013,20.7702,9.2879,33.4211,8.36019,6.31064,21.3455,9.04088,11.6736,28.7128,10.0342,25.376,-927.688,-244.488,42700,-12460,2800
6.41728,11.592,-4.07933,17.9277,3.03528,-11.878,2.52368,-1.32692,9.46509,0.0414327,-0.0180508,1.52903,-3.95669,-17.9165,15.5589,-2.81217,26.84,-928.176,-244.488,41860,-12040,2240
-7.65411,-22.7561,-13.8868,-3.83962,-19.4863,-19.7904,-9.9805,-4.7589,-15.3697,-4.90565,0.530668,-16.309,-7.95269,-23.1855,4.42583,-11.0976,22.936,-929.64,-245.952,40880,-11200,1820
-17.1944,-30.1977,-14.1239,-20.9231,-28.7087,-8.71932,-19.8897,-3.38621,-19.7052,-10.9286,-0.67024,-21.8198,-5.22216,-14.814,-7.97388,-13.5527,19.032,-934.032,-244.976,40320,-11200,1120
-6.10978,-2.5539,-5.24119,-19.4072,-17.4912,-0.310593,-20.1655,-3.73418,10.1933,-5.4816,-1.84665,-7.73082,-1.41288,-3.10644,-14.8499,-13.1597,21.96,-934.52,-250.832,40040,-11760,980
-2.52265,-9.33696,-1.14369,-18.9778,-6.08408,3.08229,-6.33792,1.74224,-3.7054,-1.71749,-2.2261,-4.97725,-0.586677,4.69351,-12.2031,-1.12933,20.008,-941.352,-248.88,40320,-11620,420
-3.79465,-19.5396,2.82399,-20.9529,5.40503,5.615,5.31053,3.49466,-23.5731,-1.03746,-4.61816,-2.66662,0.255565,9.72315,-14.3797,7.98875,20.496,-946.72,-255.712,40740,-10780,140
2.90441,-12.2876,2.14538,-5.5829,8.41184,2.55473,6.84442,0.211595,-3.95098,2.00789,-4.5764,0.286696,-0.779378,6.34385,0.115589,3.67393,18.056,-951.6,-258.152,41860,-8820,-280
4.55744,6.71389,3.54446,16.3653,8.0385,2.04054,4.50735,1.65348,6.08684,4.18841,-1.2517,4.85742,0.59658,4.36888,16.4369,0.684918,17.08,-953.552,-252.784,43260,-6720,-560
-4.7101,10.4996,1.5525,9.69137,2.29177,3.36123,3.67002,3.07517,12.1284,-3.98257,-4.88882,2.75706,-1.56592,6.05206,8.52776,3.67413,13.176,-958.92,-247.904,43540,-4900,-700
-9.09593,-3.45255,-0.871488,-5.69456,-1.9363,4.37377,-4.3446,2.46591,-13.4079,-6.28678,-6.7169,-1.79115,-1.91458,0.222306,-10.5136,-1.28228,12.2,-958.92,-248.392,44380,-4060,-980
-7.77855,3.27421,-4.99881,-0.739093,-4.07736,1.36253,-3.75629,0.846872,-8.15095,-10.3417,-9.14386,-3.24218,-5.60185,-2.35896,-9.37785,0.246417,11.712,-957.456,-247.904,44520,-3920,-1120
-23.4818,-19.696,-12.3168,-14.4522,-8.0645,1.40765,1.92829,4.38774,-26.9377,-17.8089,-9.48992,-16.4821,-8.15672,-4.46448,-9.73902,9.00127,12.688,-957.944,-248.88,44380,-3360,-1680
-6.4269,0.63601,-4.81966,1.9501,3.02529,-6.98647,10.0119,0.366722,-11.5546,-1.37799,1.5075,-2.48725,-1.87952,-2.7297,2.12869,9.83368,12.688,-959.408,-247.416,44100,-3360,-2380
9.96812,17.2705,1.63523,20.0233,4.00837,-11.2224,0.798061,-11.5319,0.719865,10.2849,8.39534,6.03942,1.36858,-4.4692,12.9689,-6.25957,12.2,-965.752,-249.368,43820,-3080,-2800
15.7977,14.8982,8.47872,9.91971,-4.85696,-3.91489,-26.6129,-9.0784,5.955,17.9285,16.7664,10.2327,7.97184,-7.2479,-10.5533,-27.5454,14.64,-963.8,-246.44,43680,-3360,-3220
2.77381,9.0453,3.01582,-10.4948,-9.97344,-2.41926,-16.7488,-4.82574,0.840364,7.05224,5.99062,5.29655,3.33979,-10.4754,-24.0055,-13.8947,14.152,-967.216,-244.488,43820,-4480,-3640
-2.63828,-7.72022,0.463344,-14.9831,-3.39207,3.28757,12.5266,7.15492,-6.85452,-0.753834,-2.83131,-3.17764,1.68248,-0.770541,-1.72485,13.7842,12.2,-965.752,-246.44,44240,-6300,-3640
0.96998,-13.13,0.659866,-1.89002,5.47407,4.49289,21.6909,8.55221,-4.17443,-2.80393,-0.712487,-4.27471,2.13562,7.99992,22.1108,17.8479,16.104,-966.24,-250.344,45640,-8120,-3780
6.67193,-0.292338,0.8272,4.94162,3.61972,-1.0973,1.40104,-2.85012,12.0888,0.575675,6.1406,-0.694341,1.93881,3.2897,18.5771,-2.71329,17.08,-969.168,-252.784,46340,-9520,-3640
10.7074,-0.886221,0.0924148,-11.4119,-6.90942,-8.68301,-13.0268,-8.90635,18.9626,7.24869,9.91729,-2.60102,1.83196,-4.5262,-9.57093,-17.6793,23.424,-968.68,-252.296,47600,-11760,-3640
1.43585,-12.0683,1.59712,-10.5829,1.39595,5.1899,5.03322,1.50239,-6.93628,-0.345268,0.564876,-3.86389,2.63809,5.96185,-6.70773,1.32016,26.84,-968.192,-255.224,48440,-12320,-3500
5.02225,-2.65694,4.97735,3.03792,8.00354,9.79991,4.40964,1.99696,2.49225,-0.466798,-1.95188,3.80361,3.92643,11.171,-1.26947,6.67096,34.648,-968.192,-254.248,49700,-12600,-3360
12.889,27.0796,8.61354,24.7442,16.0338,10.8592,8.83961,8.58655,28.4575,2.65801,-0.551895,17.0974,6.46227,14.4763,9.99371,11.3519,32.208,-964.288,-249.856,51240,-13300,-2800
-7.73786,0.935721,-4.32658,0.98847,1.97987,0.815472,1.12702,7.36959,-0.508265,-13.1375,-12.4308,-1.81713,-4.49073,0.824588,-5.70493,6.64967,37.576,-964.776,-249.856,52640,-14980,-2100
-14.4089,-26.6293,-6.22465,-20.8325,-7.05205,-3.89354,-9.53206,2.11396,-30.0258,-11.2075,-8.80073,-11.2048,-5.66334,-2.00069,-18.1747,-2.31829,41.968,-966.24,-262.544,54460,-17080,-980
0.228892,-0.642623,-0.218779,8.77302,2.59852,-3.55882,-9.91117,-10.6547,-7.05057,0.112672,-4.99698,2.12986,-5.87362,-0.477403,3.51721,-11.869,51.728,-965.752,-309.88,57540,-17360,-140
21.7434,34.2215,14.5601,29.5703,24.4094,8.85805,13.7791,-3.83774,37.3561,17.057,6.08195,29.1608,3.73363,16.1219,20.482,4.96008,23.912,-928.664,-209.352,62720,-16240,420
22.3303,40.8301,14.0343,34.3504,29.4924,12.5951,24.3642,5.10643,42.9997,15.2487,10.7087,31.7473,8.82395,16.1486,27.7223,16.695,52.216,-949.16,-208.376,53900,-23380,840
-12.6196,-1.21019,-6.49944,13.5824,1.44476,-0.207938,8.16954,3.21012,-4.32174,-3.61925,1.63705,-5.53255,-0.857896,-11.902,19.8739,4.30286,63.44,-944.28,-268.888,53900,-27580,1540
-22.449,-19.8487,-14.9362,-4.561,-30.2239,-8.07279,-14.2533,4.22534,-15.3082,-6.24749,-2.54319,-22.6688,-6.54478,-29.121,3.10573,-10.0707,54.656,-946.72,-250.832,55860,-24500,1680
-7.99709,-1.62536,-2.597,-2.62229,-15.4796,-7.21598,-1.45871,0.42227,-0.265197,1.5131,-1.31617,-7.93411,-2.6049,-7.68439,4.32929,-0.342645,52.704,-956.968,-219.6,56560,-27580,2100
-0.375805,2.96973,4.63211,-4.9789,7.96479,-4.582,15.459,-10.0418,8.23105,4.71217,2.27057,1.25865,1.5076,10.3234,7.70878,11.5775,56.12,-958.432,-232.776,57540,-35420,3780
6.51817,1.37868,7.47727,-8.56293,5.4106,0.629164,2.32188,-11.1957,4.60771,9.4342,7.00574,2.78982,4.91458,13.352,-10.1409,-0.753526,60.024,-953.064,-237.168,59500,-39060,5460
2.26637,-14.8716,3.59891,-23.1368,-5.05665,5.91016,-15.4476,-3.45154,-11.4103,5.26938,4.71881,-4.62564,4.13477,10.1908,-30.5031,-9.7186,58.072,-958.432,-234.728,61180,-40880,6440
-11.6477,-33.358,-4.67798,-37.5243,-18.4959,4.07594,-27.6591,0.710332,-30.9346,-7.18256,-2.60808,-18.2836,0.70215,2.16763,-39.9564,-11.111,57.584,-960.872,-238.632,63560,-42840,7700
-23.4568,-30.1495,-13.654,-29.7866,-16.8799,-4.72156,-26.0457,-2.39456,-35.4919,-23.8892,-18.1332,-22.3509,-8.39998,-12.3222,-35.8935,-17.1371,61,-961.848,-245.952,64120,-42140,7980
-30.4782,-4.84684,-28.3513,7.64098,-12.2838,-18.2846,-3.40289,-0.564979,-26.2218,-37.0138,-26.5436,-18.5516,-21.6215,-34.9069,2.88839,-9.05179,54.656,-965.264,-243.024,64960,-39200,7840
-13.1492,9.57234,-18.7992,15.9106,-7.15363,-15.9828,8.61967,5.4784,-8.86476,-20.4682,-12.8729,-8.03703,-15.0987,-27.58,12.6758,4.41744,47.824,-958.432,-231.312,67060,-38220,8260
8.83135,9.59974,-11.2262,11.9456,-10.6157,-21.8053,-1.33232,-3.22293,5.20742,1.49975,2.89739,-2.00722,-10.3451,-38.458,6.20189,-6.37034,40.504,-960.384,-221.064,68460,-40320,9100
13.1971,-4.02118,-0.780277,-2.15066,-22.9577,-16.8309,-4.78363,3.17589,0.0963399,13.6181,15.6391,-1.45049,0.508299,-13.7734,2.67015,-3.44726,41.968,-974.048,-225.944,69160,-44520,10220
8.37993,-14.946,9.28505,-28.2151,-13.9777,6.67484,-6.56389,8.3979,-0.167726,12.4758,12.7855,-2.24263,10.1278,19.6792,-8.00353,5.99025,37.576,-977.952,-235.216,71260,-45640,10780
15.8344,9.16395,18.754,-6.23431,15.1401,26.9821,7.20644,12.1921,21.5135,14.1172,10.3714,14.1174,16.6124,33.1351,4.66068,10.4979,35.624,-981.856,-244.976,75180,-46480,11620
8.0377,2.52638,16.2425,4.58033,22.2229,24.6583,6.46319,2.25351,4.69688,7.06985,2.25559,12.1663,13.1737,31.2505,-0.898653,3.16781,28.792,-980.88,-242.536,78120,-46480,11620
6.77752,13.1656,10.8329,19.3849,26.9461,15.8518,14.737,-1.48948,5.69313,5.64182,-0.75784,15.5764,5.7596,15.5862,14.4425,5.93936,27.816,-976.976,-237.656,80220,-47460,12180
12.8388,15.3048,9.51502,12.1761,20.8548,9.73782,14.6899,3.46806,15.0298,9.60021,2.68857,17.2135,3.88531,8.96835,8.47082,11.0805,21.96,-987.712,-212.768,83300,-48860,12600
7.28221,9.49476,11.575,13.9002,17.5851,6.7817,16.3919,5.19859,0.515308,9.02689,4.84574,13.7582,6.4759,17.6507,13.8048,12.8298,35.136,-1008.21,-229.848,85400,-51520,13720
15.1581,28.9889,16.5412,26.6486,20.5348,8.20738,14.9528,-1.02836,25.7946,14.6915,9.92058,20.4483,11.4721,23.9908,27.7784,8.46251,29.768,-999.912,-226.432,90440,-53200,15120
5.35126,9.19462,4.72726,1.5644,7.34481,3.62055,0.472569,-2.34507,16.5662,4.30937,3.09991,4.91408,3.42964,5.82077,5.7901,-1.44646,33.184,-989.664,-241.56,95900,-56980,17220
4.50717,-0.691719,-3.31484,-5.1376,-3.21108,-2.88283,-8.62525,-5.23453,9.19998,-1.44044,-2.54378,-2.55628,-4.35299,-9.41879,-7.83347,-8.05062,38.064,-995.032,-253.272,98980,-59080,18480
7.73196,1.31122,-4.22924,5.5623,-0.474017,-7.17594,-3.53532,-4.66453,6.88197,1.21976,0.109297,-0.347089,-3.80022,-14.9835,3.04867,-6.56366,37.088,-990.152,-253.272,102620,-59080,19740
-0.443456,-0.645074,-12.3099,14.1033,5.78157,-21.4316,0.44173,-8.0778,-2.6128,-4.44215,-3.73606,-1.83061,-12.359,-33.6759,11.0558,-8.48404,41.48,-985.272,-245.464,106260,-59640,20860
8.00417,24.0158,-1.25377,30.3184,1.31042,-15.6071,5.09318,3.20547,13.592,5.36232,4.18525,11.0853,-3.29113,-8.44781,14.8952,5.40008,37.576,-992.104,-241.56,109200,-59500,21980
-0.649798,7.96294,0.17897,1.29788,-18.7088,-6.30756,0.558768,-0.231369,4.98074,1.6944,1.71389,-2.28807,1.74629,13.2373,-2.26172,10.1647,46.36,-983.32,-262.544,112700,-59920,23520
-11.3064,-19.7703,-1.98925,-38.5301,-15.4407,4.49196,-13.5464,-11.8143,-13.1733,-3.73393,-0.152281,-13.2186,2.37434,3.1172,-30.3894,-6.37313,50.752,-985.272,-265.472,115360,-60060,25340
-25.1336,-28.0785,-8.27577,-29.4892,-10.8394,7.83746,-12.5131,3.50182,-28.1317,-11.9014,-6.19456,-18.8203,-2.48442,-5.6235,-23.2686,-12.825,58.072,-973.56,-276.208,118580,-60900,27020
-31.2526,-34.9958,-18.5531,-25.143,-20.0196,-3.39057,-17.4535,0.304264,-34.5668,-18.1994,-13.9924,-28.0941,-11.4136,-16.0197,-23.1422,-11.1087,57.096,-960.384,-243.024,119000,-60340,28140
-21.0981,-24.3281,-14.227,-20.6237,-18.3994,-10.616,-13.3912,-2.70195,-19.8038,-15.2786,-9.59369,-19.8203,-9.35808,-12.1791,-17.0928,-7.54934,62.952,-951.112,-233.264,117180,-65660,28980
-22.7301,-21.8805,-10.6399,-12.1978,-10.0817,-8.60602,-1.20821,-1.08013,-19.3626,-15.6102,-5.81279,-15.7433,-5.97478,-7.98922,-0.635418,-0.861825,68.32,-979.904,-269.864,113680,-75040,30100
-14.1562,-10.4794,-0.824883,-6.67117,-3.52935,4.01677,2.4915,0.564871,-15.2394,-6.42105,-1.52751,-6.16465,2.38645,4.93376,-0.705778,5.10972,60.512,-1014.06,-251.32,116760,-77000,31780
-1.29684,5.29047,3.24102,4.54085,2.26181,9.57845,5.43933,1.24012,2.05025,-1.12718,1.07551,1.54093,5.81985,7.63289,1.30223,5.81906,64.904,-1007.23,-253.272,122920,-80500,33740
-0.0974916,4.36201,-0.719182,9.42896,5.07254,0.331224,1.56392,-6.74683,-2.35565,-4.36191,-1.59973,0.662817,0.282677,-5.32118,2.08719,-4.06361,71.248,-997.96,-246.44,124740,-81760,34020
23.3797,23.5263,10.6402,29.5399,18.9206,0.0892305,12.7605,1.82651,13.7287,10.7675,1.83775,19.7214,0.42623,-0.870824,20.2129,1.90177,75.152,-996.984,-239.608,125580,-82880,34020
43.9736,35.1165,18.6571,33.3243,19.973,4.92755,19.1182,10.5555,35.7926,20.6363,3.09734,32.7253,0.31077,14.9448,27.9435,13.1086,65.392,-991.128,-216.672,124880,-82600,33740
29.3772,13.9844,11.0335,10.7026,14.0397,8.37055,20.7618,15.1091,23.2837,7.25912,1.65943,20.1332,0.825711,19.6919,16.7639,20.3642,68.32,-990.152,-212.28,125720,-83860,33880
12.0746,13.9848,7.32556,11.1681,14.5727,15.1561,17.6564,17.1838,16.4948,2.70628,9.47638,9.24712,10.2109,16.1713,17.22,19.0515,74.664,-995.52,-197.152,122500,-84560,32900
-3.62903,0.966336,-1.01349,2.16955,-0.477179,5.35828,0.0166824,4.31278,5.02919,-1.31991,5.20663,-8.98455,6.05841,0.827463,4.88953,2.42901,59.536,-983.32,-165.92,120120,-84840,31640
-9.62586,-14.0964,1.71246,-13.5628,-5.74724,5.49023,-5.27723,2.98917,-10.9571,-1.01889,3.13963,-12.2808,6.41277,4.06421,-10.8459,1.37955,50.752,-970.632,-153.72,119280,-88760,31780
-0.131666,-3.51047,4.19096,-11.1127,-7.3584,3.10092,-14.3431,-3.74746,-2.30978,4.38933,-1.22257,-1.75726,2.05178,2.82474,-16.0801,-7.65749,50.752,-976.488,-141.52,114380,-93380,30660
-3.06012,-6.08803,0.679239,-11.671,-6.64031,0.572976,-22.6212,-12.9139,-4.82217,1.00983,-1.72488,-0.418171,1.71897,-0.636532,-18.5358,-19.1353,37.088,-969.168,-121.512,105980,-94920,28840
-11.9137,-8.31073,-4.3674,-13.6385,-10.3449,-12.8123,-37.96,-26.0564,-9.77338,-1.93421,1.68267,-4.79045,2.02386,-10.5397,-29.2219,-35.6927,48.312,-971.12,-142.008,99400,-96460,26460
-16.882,-15.4455,-14.4057,-17.5229,-21.7027,-25.2938,-41.0175,-30.5614,-11.1808,-3.57804,0.216524,-16.9198,-5.32389,-29.8497,-28.5555,-40.0661,31.232,-975.024,-116.144,92540,-95620,24360
-7.19054,-9.5407,-10.2968,-13.8526,-23.3289,-20.2967,-25.7561,-18.2646,-6.13868,2.84921,2.07183,-11.3654,-6.47232,-26.4981,-19.9525,-24.5623,24.4,-980.88,-95.648,85400,-95900,21560
8.94729,4.69582,4.34897,0.802239,-4.51295,-3.55906,9.40516,5.50681,4.76903,11.7419,3.23096,7.59918,-2.74717,0.596277,7.65296,8.37373,19.52,-984.784,-97.6,78540,-94920,18900
13.2091,16.1748,5.09239,16.9232,16.9934,8.28128,33.1007,16.9047,15.3651,6.6374,-4.60791,17.3045,-0.385202,13.9269,29.6632,27.3574,16.104,-984.296,-95.16,71400,-92820,16520
12.7195,19.051,3.6784,18.9062,24.1451,11.9165,33.6779,20.6055,17.4623,5.45657,-12.0691,18.317,-5.37856,10.345,24.843,27.9492,6.832,-985.272,-98.576,64960,-89180,13580
-5.38081,3.05724,-9.5543,5.32333,11.0446,-4.59662,21.0234,10.8723,2.0676,-13.5831,-18.9703,1.11299,-15.9726,-3.27076,11.7068,16.4451,7.32,-988.688,-104.92,60620,-86100,11760
-9.23164,3.35833,-14.0224,10.7825,14.542,-16.8259,19.3063,4.77575,-3.87864,-15.1593,-5.37319,-0.357267,-13.832,-17.6042,12.8165,10.5489,6.344,-983.32,-108.336,55020,-81760,9660
1.67731,13.016,1.01074,22.3258,8.39849,2.05742,18.0647,9.07561,3.56343,2.72005,10.0183,3.0705,0.911985,0.972591,22.5513,13.1948,0,-980.88,-97.6,50820,-77000,7420
1.88056,-1.21412,9.48295,1.31879,-9.63495,19.5241,4.64113,10.3345,-4.94473,9.7868,15.7237,-4.63984,14.5768,20.2644,6.26625,12.3108,-10.736,-975.512,-102.968,47180,-75040,6160
-8.47052,-23.7618,2.93489,-24.5469,-8.51168,14.5261,-4.38749,4.31043,-18.855,-0.611338,7.69909,-15.6073,9.54135,10.3465,-9.10225,3.65757,-13.664,-975.024,-113.704,43680,-72660,5600
-10.7199,-19.2719,-5.30929,-17.512,-7.07223,1.12937,-10.1106,-4.69255,-11.3624,-10.7975,-2.5926,-14.9251,-0.617027,-1.52158,-9.04544,-6.54994,-16.104,-975.024,-108.336,40460,-71260,4620
-2.8969,-3.75137,-2.17906,-1.95333,-2.73229,0.541518,-6.82247,-5.06436,1.0888,-5.96063,2.1302,-3.56408,1.05656,-1.98361,-4.14424,-7.54077,-21.472,-975.512,-99.552,36260,-68040,2940
9.63601,17.1003,8.74449,16.5914,12.4039,5.44704,6.37864,-1.84492,14.2479,3.63538,6.76871,13.5498,7.33222,11.2519,7.22952,1.93955,-20.496,-971.12,-102.48,34160,-65100,1540
16.9287,22.0135,14.5677,18.1612,17.3272,7.29716,10.2959,-0.935916,17.3676,9.77124,6.6004,19.8291,10.5211,19.7718,9.35281,7.12386,-22.936,-970.632,-113.216,30380,-61880,420
17.4432,16.1045,12.1372,11.0635,13.677,4.52367,3.8686,-3.09277,15.2386,12.7742,7.64644,15.5728,9.7986,8.19078,3.43586,1.16375,-18.544,-969.656,-110.288,28140,-56840,-1120
2.71875,-2.19109,2.45425,-3.10445,-1.93236,-4.50485,-9.28032,-7.71971,-1.68712,2.43427,-1.00219,1.44244,1.22045,-2.26319,-8.04926,-8.88989,-23.424,-963.312,-117.12,27160,-54460,-1400
-14.9648,-17.6425,-5.71344,-14.3067,-13.9921,-4.05062,-14.9516,-3.24021,-21.5261,-5.55728,-5.02062,-12.5893,-2.44303,-4.17409,-12.1788,-10.6138,-22.936,-973.072,-104.432,23380,-50120,-2380
-18.5727,-20.4992,-9.46693,-21.0227,-15.1971,-3.55747,-17.6125,-2.03644,-21.3525,-8.80452,-7.00244,-15.9757,-5.6048,-9.56305,-21.2946,-11.6159,-35.136,-970.144,-103.456,22260,-46480,-3500
-17.0459,-19.1966,-12.6751,-19.1856,-13.9263,-8.00413,-14.897,-3.69277,-16.6032,-13.0121,-10.5356,-15.8275,-8.96157,-15.6306,-19.7093,-12.9759,-28.304,-969.168,-113.216,22960,-42420,-3360
-13.3019,-16.3491,-8.88896,-15.332,-13.1792,-5.97193,-11.7553,0.40484,-18.0591,-7.77276,-5.07304,-10.5248,-4.63435,-10.7079,-16.3708,-9.25851,-26.352,-970.632,-114.192,21000,-38080,-4200
-7.52828,-12.3084,-4.96471,-14.8415,-15.9388,-6.566,-15.6831,-5.02942,-11.3803,-5.91234,-4.34709,-7.77511,-4.8684,-9.13057,-16.218,-10.7135,-29.28,-968.192,-113.704,20440,-35140,-4620
-0.550835,-3.0803,-5.99807,-3.72993,-8.6596,-6.97396,-3.64584,0.46319,-1.51331,-2.59436,-0.314476,-4.76424,-6.11702,-15.6858,-0.538261,-3.19689,-26.352,-969.656,-121.024,20020,-31780,-5040
1.03232,-1.91234,-8.19326,0.577716,-10.2423,-8.09642,-0.195247,0.497648,1.81878,-3.44306,-0.791767,-6.66382,-7.99222,-12.5016,2.93919,-0.641425,-27.328,-968.68,-114.192,19180,-30100,-5460
5.65199,1.78288,4.64456,2.48139,-2.89657,4.55537,5.05484,1.24459,2.27002,5.50335,3.81506,2.27778,2.37354,7.16515,2.56176,4.81324,-28.792,-967.704,-126.392,19740,-28280,-5880
10.8626,9.23968,12.4083,5.62844,12.928,9.85312,8.83902,-2.79884,10.7507,10.7228,3.6886,10.4291,8.65635,10.7575,4.48311,3.30461,-19.032,-974.536,-117.12,18620,-26040,-6300
11.6147,18.1059,12.1428,17.458,19.1788,1.83412,10.143,-7.60379,17.3539,6.11322,-2.01337,15.4851,6.26847,5.87195,12.1962,-0.595026,-10.248,-957.944,-173.24,18200,-24080,-7140
5.52816,16.181,6.06154,17.7702,10.8684,-4.24514,8.70644,-4.44436,13.3041,1.66631,-0.153229,10.0284,3.0861,3.48332,14.6307,1.00154,-24.4,-964.288,-107.36,18620,-20580,-7420
13.2975,20.0642,10.3904,21.5856,17.4299,0.473477,17.3065,2.71639,14.0302,10.7691,5.53088,15.2102,5.50407,8.8137,21.6304,10.9717,-16.104,-982.832,-94.672,17080,-17920,-8120
20.1971,24.2406,10.1668,24.4136,21.71,-3.41936,17.8365,3.16886,20.3648,12.2628,-1.70563,19.3959,-5.19415,4.48518,21.5047,10.2361,-14.64,-971.608,-98.576,16380,-14280,-9100
12.7075,15.19,-2.41556,17.6658,7.67448,-2.17094,5.50929,9.254,13.7569,4.22914,-1.15439,9.54198,-10.485,-0.353554,15.0779,5.12246,-8.784,-962.824,-122.976,14000,-13020,-10220
4.15593,9.64406,-9.87074,3.94479,-7.87042,6.66822,-5.11368,11.9176,12.037,-5.05307,-0.992528,0.673723,-5.55761,4.88951,3.31265,4.92388,-0.488,-964.288,-123.464,12460,-10640,-10920
-3.5418,2.56469,-8.04558,-12.3408,-5.44143,15.8415,0.786929,18.3424,8.65275,-5.18086,1.0017,-8.69228,3.75954,12.0669,-5.66187,16.6406,-1.952,-969.168,-118.584,10780,-8820,-11760
-13.7233,-16.6774,-7.63426,-21.1141,-2.73564,11.483,6.21622,13.0674,-8.64108,-9.75413,-7.04629,-18.435,3.10216,8.78218,-7.41394,16.2346,3.416,-966.24,-119.56,9800,-7700,-12180
-13.9759,-20.2881,-0.814436,-8.05629,3.71243,9.26392,8.69735,3.1606,-16.1081,-7.44712,-7.09631,-12.0048,3.43312,7.82487,1.08838,10.8353,3.416,-965.752,-119.072,8400,-6300,-12600
-5.32703,-5.01595,10.8918,6.96013,11.4228,9.32331,1.693,-8.0463,-10.7729,2.86452,2.53843,5.86269,10.6502,12.3318,1.92277,0.654762,9.76,-961.848,-125.904,6580,-4340,-13440
-2.25069,0.533358,7.29104,0.119287,-1.48178,0.425432,-11.6779,-14.7948,1.16037,3.52809,4.65134,5.25437,6.8995,3.13434,-7.96395,-11.512,14.152,-957.456,-131.272,6300,-2800,-14280
-1.78286,0.815414,5.36915,2.12607,-0.916488,-0.207484,-5.30713,-7.83878,-2.57273,5.82544,10.7968,3.25406,7.38523,-0.0446846,1.35366,-9.20795,22.936,-964.288,-132.248,5320,-700,-14700
2.36208,-6.50983,2.33841,-9.70088,-9.15337,-8.71258,-13.465,-10.6131,-1.93357,7.03339,10.4332,-0.590019,2.77008,-4.84794,-10.8578,-15.7261,27.328,-962.824,-137.128,5040,1960,-14980
-0.616061,-14.2049,-0.978755,-21.8587,-12.8609,-3.461,-17.0662,-5.85263,-4.11836,1.58472,4.41912,-5.09607,-0.100822,-7.87206,-24.6902,-13.5766,28.304,-961.848,-141.032,4480,5320,-15120
-10.6198,-12.489,-5.1838,-10.4523,-7.24344,-3.41111,-9.04989,-3.78131,-10.702,-8.53478,-3.27295,-8.39776,-3.79771,-14.0071,-10.738,-10.9481,29.28,-964.776,-140.056,3780,8120,-15120
-24.7607,-21.2369,-21.2583,-7.03386,-15.2441,-21.2433,-13.5343,-10.4451,-26.4095,-19.4002,-9.7443,-20.7825,-16.8695,-40.4794,-7.42778,-19.496,34.648,-962.336,-143.472,3220,10080,-14840
-11.4083,-10.3394,-24.6684,-0.407509,-20.3945,-35.9187,-12.7666,-6.62079,-17.1574,-10.4033,-3.46897,-14.0804,-23.6093,-44.3625,-7.71152,-15.7142,35.136,-962.336,-139.568,1820,12040,-14700
4.33181,-0.585394,-16.2955,-3.17016,-18.0772,-33.7302,-4.12086,2.46294,-1.09405,2.08865,5.75024,-5.87306,-17.7507,-26.0085,-3.51479,-1.50179,39.04,-961.36,-137.128,1120,13300,-14420
13.8825,5.20353,-0.585129,1.53059,0.889057,1.16408,17.4835,15.3895,7.77601,8.8566,2.2156,3.55532,-5.25987,-0.719228,15.5195,17.7723,39.04,-961.848,-130.784,-1400,14280,-14140
28.7606,15.9296,14.606,13.9965,16.3526,20.435,25.8357,21.3531,20.4245,18.5594,1.27138,19.5427,2.68393,21.0939,20.6274,25.2856,39.04,-964.776,-124.928,-3220,14840,-13720
14.7201,10.0014,9.246,7.70972,11.8007,18.1021,14.3346,10.034,12.7506,3.57348,-2.15725,11.5852,7.50971,21.8065,8.40431,16.0965,34.648,-968.192,-123.952,-4620,15260,-13300
-7.70651,1.88866,5.19715,0.696359,3.94177,19.5376,7.73858,5.77791,-0.252878,-7.52314,0.427174,-3.85919,16.8514,21.9558,6.24299,11.4701,34.648,-967.216,-123.464,-6160,16520,-13020
-12.2883,-2.55056,10.1622,-4.68264,7.12481,13.802,1.91316,-6.47191,-6.64966,-5.16343,-0.301521,-5.80931,19.305,22.2957,0.625407,1.89989,30.744,-972.584,-122.976,-7280,18200,-12880
0.674969,1.97034,17.5832,-6.36633,8.89877,9.71954,-5.1058,-12.2322,-0.530048,5.89438,3.31612,6.21727,19.0722,20.9979,-6.98177,-6.87743,33.184,-974.536,-122.488,-8260,20020,-12740
-2.62142,6.08367,16.7316,3.43802,15.8396,5.01526,-6.28047,-11.6169,-3.82783,1.35301,-0.171125,12.8498,11.3912,16.1554,-6.49256,-10.7299,29.28,-976.488,-131.76,-8960,22540,-12740
-8.4364,-1.6329,5.37184,1.12354,6.01198,4.45235,-4.36654,-4.21484,-12.8426,-2.30554,-4.08868,4.15175,-1.67126,7.61577,-3.82049,-6.8995,26.352,-980.88,-136.64,-9100,24920,-12740
2.82606,3.66142,0.716338,0.785249,-0.370436,6.65541,-1.63649,3.82895,-1.44435,3.95042,-1.94162,4.48952,-3.23212,6.92448,-3.65537,1.44888,30.744,-983.32,-144.448,-8680,27020,-12740
-3.24004,2.72701,-7.20326,0.0636249,-0.825277,3.1018,-1.75191,1.87043,2.74287,-10.0423,-13.1639,-1.10428,-7.09973,3.65681,1.36043,0.217703,30.256,-980.392,-158.6,-8260,28840,-12600
-22.7881,-11.6138,-18.2064,-6.78027,-11.934,-2.62627,-13.522,-4.45041,-14.3791,-25.0848,-15.8021,-19.0553,-9.42135,-6.75948,-4.35452,-10.4256,27.816,-981.368,-148.84,-7840,31780,-12740
-13.6626,-7.36851,-11.0705,-10.0688,-10.673,-7.65183,-16.7725,-9.77796,-8.08716,-11.2378,-2.16838,-14.8196,-1.93691,-7.96791,-21.132,-11.9064,22.448,-981.368,-132.248,-7560,33040,-12880
-0.513276,-9.39474,-5.05243,-17.9353,-14.6642,-9.71869,-18.6737,-14.8138,1.91885,4.91674,3.72696,-9.21148,-2.29532,-14.3602,-25.619,-15.5853,17.08,-986.248,-118.096,-8960,31220,-12880
21.7955,8.11336,12.5994,8.57871,7.27491,7.68737,11.916,8.85637,17.34,23.739,7.7548,15.3803,0.812735,2.19358,7.63097,11.6883,14.152,-987.224,-106.872,-9520,27860,-12880
36.4185,28.4909,7.6088,31.9112,29.1116,-9.39206,31.8907,17.7717,33.9602,21.6169,-4.55621,33.0912,-20.2765,-12.1518,29.3602,24.8931,8.784,-989.176,-107.36,-10220,24360,-13020
34.8275,41.3412,-5.90316,44.8647,28.3183,-22.0074,40.1785,19.6531,41.3095,7.62448,-4.88325,33.4471,-22.593,-15.8225,44.0649,26.4572,8.784,-987.224,-110.288,-11060,20020,-13440
19.0092,33.5379,-5.65811,35.4742,1.85257,-5.29362,24.9075,15.3757,31.5774,1.23106,12.5016,14.0822,2.358,2.6308,38.9974,16.0854,7.32,-986.248,-109.8,-12600,15960,-14420
-17.6745,-6.89784,-14.3015,-9.71595,-27.0298,-3.7052,-18.7825,-8.78841,-2.12574,-11.8053,14.2026,-27.5354,8.81353,-12.5461,-6.06361,-18.803,14.152,-991.128,-119.56,-13580,13300,-15260
-28.584,-33.4769,-14.5725,-38.2692,-31.2385,-9.23466,-34.2356,-14.3618,-23.7547,-10.5476,8.02548,-39.034,5.25285,-25.721,-36.4898,-28.2839,15.128,-996.984,-126.392,-14980,11200,-16380
-20.4518,-36.1568,-5.36131,-32.342,-22.2599,-5.87824,-26.3264,-10.9729,-32.1325,-5.20508,2.0565,-25.577,4.50932,-19.5011,-33.9884,-18.6781,20.008,-994.056,-127.368,-14840,9660,-17080
-9.62248,-26.9804,9.65207,-16.9948,-8.49562,7.82118,-6.00145,-3.34428,-29.7556,2.09533,1.56573,-7.05558,9.13533,8.05867,-12.7302,-0.638129,22.448,-996.496,-123.464,-15260,7420,-17640
8.19634,-1.24513,16.6774,5.00242,15.3938,10.5667,11.2515,2.24686,-6.08751,10.7761,-0.383547,13.8456,1.88953,11.2592,10.9685,9.37564,22.448,-996.008,-122.976,-15680,4480,-18060
17.2986,15.7909,11.9625,20.2866,20.3481,7.01548,21.4408,8.22787,14.7597,10.1079,-2.86708,20.8563,-3.36107,13.89,27.393,14.964,26.352,-1000.89,-122.488,-15960,1400,-18200
9.69239,12.8085,7.90231,17.4397,13.2913,15.0247,20.7685,10.6134,14.5999,2.14776,4.0007,12.2293,7.88465,25.0504,29.6876,17.4333,28.792,-999.424,-119.56,-15820,-2520,-17920
-15.2921,-12.0694,-2.99435,-9.32243,-1.68307,12.3822,2.47655,5.02757,-9.27358,-8.82563,1.92734,-14.2472,5.08638,9.91149,4.89167,6.17809,39.04,-1007.72,-126.392,-16660,-4900,-17920
-15.1215,-10.1699,-2.50073,-9.54487,-0.777614,2.22576,-6.1898,-4.29353,-10.0647,-3.98151,-4.23838,-10.7941,-0.746111,1.82471,-9.33173,-3.56018,44.896,-1015.53,-134.688,-17080,-8820,-17360
-2.12329,5.67674,2.32248,6.1389,4.96988,-2.43548,-11.9711,-9.00127,-5.19222,1.14084,-5.61684,4.67304,-1.27702,0.279197,-15.6444,-10.3373,43.432,-1017.48,-141.032,-15540,-11760,-16380
-4.64404,-0.743513,-3.18957,-3.23902,-5.07129,-9.06079,-20.6195,-13.2479,-12.5045,-5.80809,-7.36958,0.386056,-4.07048,-5.67534,-24.4878,-16.7366,48.8,-1021.38,-140.544,-14000,-12880,-15540
2.20777,7.29614,1.6003,-1.29823,-0.193797,-3.1716,-6.77758,-2.66844,-0.922588,-0.527135,-0.319996,5.80487,1.51389,3.25782,-12.5258,-3.26279,51.24,-1023.82,-145.424,-11760,-14280,-14140
5.19039,10.0542,4.34358,1.5901,5.32177,3.02082,7.62523,6.22869,6.7366,-0.615414,-0.709091,7.07809,3.1773,8.73423,2.67579,8.3261,54.168,-1024.8,-144.448,-10220,-14560,-13020
-1.17485,-1.01111,0.694643,-4.63825,3.64354,4.5433,7.05481,5.77782,-3.91009,-3.99898,-1.8317,1.68906,0.951872,5.55001,2.65084,6.00471,52.704,-1024.8,-140.056,-8260,-14420,-11340
-2.14087,-14.0189,-1.34625,-12.9898,-6.4488,-1.0774,-6.63882,-1.68182,-12.2205,0.348132,2.72672,-5.35869,-0.364891,-3.25881,-5.16627,-6.16492,52.704,-1029.19,-139.08,-7280,-14140,-9520
-0.84122,-13.0873,-5.45132,-14.7681,-10.9802,-7.14504,-10.815,-4.62179,-4.57851,-1.60319,-0.00295738,-6.86395,-2.1519,-9.98986,-9.17264,-9.17525,52.216,-1031.14,-136.64,-5740,-13720,-8120
-2.23122,-5.44668,-7.04523,-4.37972,-5.20758,-7.82002,-1.5041,-0.922124,-0.976732,-3.55557,-3.88579,-5.75056,-3.58433,-9.73198,-0.711936,-1.99895,50.752,-1033.1,-137.128,-4200,-12880,-6300
-3.4296,-0.921675,-6.99216,1.51781,-2.36538,-6.73469,3.64908,0.679141,2.29577,-3.99834,-3.31417,-4.71881,-4.42425,-8.10567,5.21058,2.00902,50.264,-1036.02,-133.224,-3640,-12320,-4900
1.73823,1.86536,-7.20917,2.40794,-2.7009,-6.36593,6.00131,1.74437,13.4974,-1.02411,-1.63267,-2.01248,-5.4297,-7.64191,7.5646,3.12293,46.36,-1033.1,-130.296,-2240,-10920,-2940
10.4964,13.493,4.2549,15.9434,9.63164,3.75355,15.9431,7.92935,19.0881,9.55679,5.62193,9.91513,2.99667,5.23333,21.6993,12.071,44.408,-1035.54,-129.808,-1960,-10080,-1400
6.4198,5.26644,2.05465,-0.618619,-3.08505,1.74567,-1.30203,-0.726406,11.7272,6.00456,3.57377,2.63734,-0.106266,1.59756,-1.89183,-0.0881459,41.968,-1031.63,-127.368,-1260,-8820,-420
15.0081,17.0535,9.37769,9.22204,5.7159,6.17556,-2.68573,-1.0564,20.9907,12.3644,9.03683,12.7096,5.31142,6.01391,-0.427999,-2.31047,39.528,-1030.17,-126.88,-1120,-6580,840
9.43927,17.8199,9.81126,14.7771,10.5315,6.2704,-1.78435,-3.68977,14.097,7.39742,4.04009,13.2924,5.67193,8.64946,1.54742,-2.7802,36.112,-1027.73,-122.488,-1400,-4900,1400
0.90664,3.59888,6.49878,0.429079,1.76601,4.52424,-6.52296,-5.06133,-1.26735,2.45184,-1.37973,3.82932,3.96883,6.48014,-12.1311,-3.93247,32.696,-1025.78,-122,-2240,-2940,1960
0.62277,2.7695,2.89675,-1.14782,2.0867,6.5206,1.02709,4.62684,-1.2874,-1.3703,-6.28826,3.17085,-1.54641,6.45004,-8.48158,5.37454,30.744,-1028.7,-123.952,-2660,-840,2380
-8.95803,-5.28319,-9.9931,-4.25056,-6.16914,0.162966,-0.752773,1.3005,-2.02625,-14.0117,-8.38998,-8.2239,-7.25131,-5.03386,-1.86779,0.462571,24.888,-1026.75,-126.88,-3500,280,2660
-17.2654,-9.21033,-11.7439,-1.74919,-4.69143,-0.563612,5.02254,2.15821,-8.97327,-14.7233,-4.72612,-12.8457,-5.0957,-6.6757,7.46388,3.14817,22.936,-1024.31,-122.976,-4340,1120,2940
-8.20731,-11.3028,-1.83276,-2.02976,-0.432206,7.59728,11.5362,5.53359,-10.8853,-1.17678,1.84278,-8.61088,2.85519,2.66367,13.6171,9.06266,18.544,-1024.31,-128.344,-4760,840,3220
-6.08016,-10.0901,0.630769,-3.61294,-4.92431,7.0504,3.00951,3.82294,-12.6441,-0.507942,2.18553,-7.90875,5.22542,6.39562,8.33392,5.25199,16.592,-1024.8,-129.32,-4900,280,3360
-16.6031,-19.6833,-6.97891,-17.3461,-6.58472,-5.11304,-4.63956,-3.64939,-21.7129,-12.2093,-4.42711,-14.8325,0.849483,-3.60173,-9.19238,-2.51715,18.544,-1023.34,-132.736,-4620,-1120,3780
-19.8021,-27.9863,-9.72728,-21.8056,-13.1178,-10.5091,-13.1375,-11.2637,-36.1245,-11.2428,-4.2419,-19.9646,-1.50737,-13.357,-18.9026,-14.1158,14.152,-1025.78,-133.224,-4200,-2520,3780
-15.5979,-23.4935,-0.692398,-12.345,-10.8066,-0.808452,-12.6374,-7.19382,-36.265,-5.20307,1.20757,-12.4236,4.22583,-3.08002,-14.8358,-11.9711,12.2,-1023.34,-132.736,-3080,-4480,3920
-7.51646,-1.73371,-6.11614,2.89211,5.08974,-26.7943,-13.1941,-14.5984,-11.8017,-4.60596,-2.54768,0.294845,-13.4022,-23.2608,-12.0935,-17.8509,12.688,-1034.07,-128.832,-2100,-5740,3920
23.8903,31.4886,-3.54981,27.8935,17.7386,-38.759,3.51372,-4.88067,26.0257,14.2838,2.70987,22.2039,-21.9434,-32.9683,6.56468,-7.76265,13.176,-1030.66,-123.952,0,-7000,4200
46.5495,49.4097,16.5529,44.4118,12.0851,2.62724,24.9332,19.5808,46.7795,32.2871,17.3214,35.042,6.06766,5.90498,33.7506,19.2564,11.712,-1024.31,-132.248,2240,-8400,4760
15.9909,8.00781,9.56875,1.3635,-13.0316,24.216,9.45733,12.5306,16.4674,9.23486,12.3041,3.2638,16.623,19.5541,14.5541,13.5706,16.104,-1016.02,-136.64,4480,-9520,4760
-2.14515,-9.63872,14.2379,-17.111,3.41312,24.3052,3.30284,5.21396,-2.84967,1.62425,2.3894,-1.95689,15.3984,25.4697,2.98729,7.28378,13.176,-1008.21,-137.128,6440,-10360,5040
9.31992,13.6816,17.5981,9.95361,24.94,12.0648,-1.01833,0.280975,8.89244,6.80865,-11.1551,16.7822,-1.61326,22.6883,3.10789,-0.555555,11.224,-1002.84,-143.472,7280,-11480,5040
1.71077,8.17887,-8.90139,4.22189,8.03748,-11.0892,-6.36585,-2.10721,10.5996,-10.395,-12.6417,6.51013,-12.519,-3.078,-8.98939,-3.79044,11.712,-995.032,-144.448,8400,-13440,5040
-4.18257,6.87056,-20.9749,2.73229,-0.286829,-26.3036,0.487398,-2.10734,10.4604,-10.2062,-7.59595,-3.1062,-17.2495,-26.54,-5.83052,-1.10014,9.76,-989.664,-148.352,8820,-14980,4900
10.2501,12.9919,-1.45302,8.58677,-4.75918,4.93989,10.6716,9.09565,19.6021,9.0333,0.726482,2.7671,-0.789556,-3.64821,10.0377,9.32996,8.296,-990.64,-150.792,9800,-17080,4900
11.1063,1.2291,11.0322,-3.02771,-12.7148,27.494,5.15859,10.2168,16.0873,9.71629,8.8805,4.31703,17.2035,24.304,10.7108,11.3584,8.296,-983.808,-149.328,10220,-19320,4620
-0.928837,-14.1324,9.28456,-19.2298,-1.81398,26.0589,0.691628,5.84434,1.6297,4.64025,9.46555,-2.60169,17.6751,24.5768,-0.241804,8.61628,9.76,-983.808,-149.816,10640,-21560,4620
1.19773,12.4578,12.4707,5.60902,17.228,11.8333,-3.16717,-4.87007,14.7276,6.31492,-0.289097,8.43737,7.28331,13.4391,1.04628,-3.44684,8.296,-982.832,-156.16,10500,-24360,4060
4.13377,20.3143,7.52502,26.3698,22.5397,-7.67679,1.18391,-9.50864,11.3259,1.5224,-1.73223,14.0766,-5.18507,-0.702676,7.08755,-8.65902,10.736,-987.712,-162.016,10640,-25620,3500
-17.6476,-10.114,-15.4163,1.32511,-7.40974,-21.4562,-4.41702,-11.6661,-17.7693,-17.2215,-3.5002,-13.5786,-11.0859,-16.1387,-3.73076,-8.88413,14.152,-987.224,-150.792,11060,-25900,2800
-19.0186,-23.1834,-6.27492,-16.2244,-15.4996,0.767266,-5.72327,-5.69233,-33.4124,-6.15492,9.67867,-19.361,6.04896,-2.23744,-8.23905,-4.76331,10.248,-990.64,-152.744,11200,-26600,2100
-24.857,-44.1828,-5.1507,-41.871,-26.9196,10.4708,-18.6863,-5.98692,-44.5168,-8.9271,3.0366,-30.0196,7.94559,2.04308,-27.9119,-9.95929,11.712,-993.08,-141.032,11340,-26740,1540
-11.9663,-35.0772,0.863467,-41.8327,-17.7104,8.29415,-23.5468,-9.0387,-21.5938,-4.99688,-1.543,-16.7278,8.00093,4.77113,-36.7162,-12.2933,8.784,-992.104,-145.912,10920,-28420,1120
-13.4836,-27.7282,-7.47151,-22.0551,-4.09093,-6.2736,-14.7285,-7.41598,-31.8191,-9.09798,-8.16575,-11.3114,-4.68198,-16.9722,-20.736,-11.7349,16.104,-996.984,-141.52,10500,-29120,560
-12.3067,-18.8089,-16.3561,-2.71595,-4.77376,-20.0094,-2.70335,-2.19214,-27.8082,-15.8784,-13.2409,-9.67025,-16.4312,-25.1205,-2.92614,-7.04316,12.2,-991.616,-130.296,10780,-30100,-140
10.1866,14.7196,-7.45416,23.4231,8.43045,-12.7087,17.2166,11.3271,10.0134,-1.3857,-6.50186,10.31,-14.5034,-12.1857,18.5164,10.6112,9.272,-992.592,-134.688,11760,-31500,-560
33.1393,42.5495,-1.96231,37.7406,15.5849,-13.0747,23.4544,13.5229,46.4019,12.8377,-2.06685,25.2783,-13.3629,-11.6964,30.1081,15.8995,7.32,-992.592,-127.856,11060,-32200,-420
26.7634,39.1045,0.949761,33.0105,12.2263,-9.74189,25.8218,11.8943,44.2195,6.91117,1.34648,21.8796,-5.10226,0.635459,29.9061,18.0938,6.344,-990.152,-130.296,8960,-32760,-700
-10.4684,1.3377,-5.58572,5.58907,3.11023,-4.43534,15.2272,3.85114,-2.29927,-8.21877,2.0634,-4.42165,2.5009,-3.38216,8.06555,10.2012,8.784,-986.248,-132.736,7420,-31920,-980
-12.9339,-7.44377,0.738888,-8.52857,-15.2934,9.14702,-2.40415,0.446279,-5.49264,-1.25211,9.90604,-12.5845,13.9667,7.64328,-4.87744,-0.420025,8.784,-988.2,-133.224,6440,-30100,-1400
-0.0498181,4.46549,14.3391,-1.77976,-13.8775,23.2011,-9.1598,3.84858,6.51312,11.0404,14.2383,-3.68097,19.5777,27.2789,0.736146,1.6368,7.808,-986.736,-126.392,4340,-27160,-1820
2.54154,-4.45968,14.8762,-12.5035,3.35959,18.3916,-12.2227,-3.20319,0.759531,10.9306,5.4229,0.921405,9.54567,21.1744,-8.70413,-3.37747,2.44,-986.736,-125.416,2940,-25900,-1960
-4.60452,-13.1604,6.9088,-15.088,5.69661,8.89525,-13.0822,-9.09995,-12.5753,1.84324,-6.55243,0.561502,0.256906,13.1772,-20.467,-6.35335,0,-985.272,-125.904,-140,-25060,-1960
-3.55686,-11.6849,4.61847,-9.15211,9.09541,7.69855,-2.23589,-2.99558,-13.5071,3.2806,-4.36968,2.21694,1.29617,9.08253,-16.9508,0.599115,0,-988.688,-125.416,-1540,-24500,-1960
-6.5998,-7.07628,-4.27489,-9.04303,-4.82643,-1.8647,-2.64281,-1.75497,-5.38695,-5.04727,-9.76164,-5.37805,-6.85459,-4.20294,-7.68065,-1.08531,-0.488,-987.224,-127.856,-2800,-22680,-2240
8.16777,17.7631,-7.68646,19.9375,13.3817,-15.0187,11.9139,-4.33075,18.7204,1.08837,-1.07625,7.40298,-10.5451,-27.2539,17.7237,-1.77149,1.464,-983.32,-127.856,-3780,-19880,-2660
7.66566,26.852,-16.5505,36.1982,8.73668,-45.1147,9.08001,-14.4996,23.602,-0.91462,-2.65942,7.77952,-20.7353,-54.8345,27.2021,-14.9165,-6.832,-983.32,-121.512,-6020,-17360,-2940
12.4277,25.7861,3.35951,27.7609,-6.57573,-26.9022,3.07306,-0.525059,19.5097,6.27568,-2.50602,14.3005,-9.7239,-9.77435,21.2774,-1.58634,-3.904,-979.416,-128.832,-7140,-15400,-3640
13.6542,17.427,1.6604,1.95123,-5.98159,-4.03807,-3.33995,9.09449,12.8874,3.47255,-0.17406,12.6654,-8.38596,2.31417,10.1662,3.11457,-5.856,-977.952,-135.176,-8400,-13860,-3920
-1.46156,2.05616,-4.59963,-11.9162,-5.05544,9.58435,-6.8207,6.59841,-7.16836,-5.13601,2.61235,-0.151121,3.30904,4.46463,-6.92652,2.80078,-10.248,-979.416,-126.88,-11060,-12180,-4900
-7.80248,-7.81444,6.44517,-8.18812,4.74464,31.793,8.13086,14.015,-13.5706,-0.528299,3.07626,-6.69428,17.6284,28.6797,-6.7985,17.6195,-8.784,-977.952,-130.296,-12320,-12320,-5460
-10.6598,-27.2442,7.11288,-26.6574,-2.03875,24.4783,-1.69813,8.40958,-22.0803,0.0229725,3.84101,-14.151,13.6928,21.0965,-17.2604,8.35114,-10.736,-982.832,-129.808,-13160,-12740,-6020
-4.88119,-12.9753,7.70749,-9.37116,7.85463,7.18572,-4.72619,-5.53486,-7.86902,-3.71316,-0.596717,-1.30939,5.44235,14.7623,-8.48689,-4.13903,-6.344,-981.368,-122,-14700,-14280,-6860
-0.57033,5.57729,8.23447,12.2777,12.4711,5.18072,-3.24079,-5.37572,3.35077,-0.857799,-0.282623,8.00665,4.33665,11.1843,5.09052,-7.77443,-10.736,-977.952,-132.248,-13860,-15820,-7000
-1.57883,-8.40284,2.92329,-8.40744,-7.928,6.50221,-18.3249,-7.74954,-8.65237,0.930613,0.787158,-3.70252,5.1673,2.91401,-14.1291,-15.0778,-11.224,-982.344,-137.616,-14420,-18060,-7560
5.61701,-5.47309,-4.33248,-6.77111,-8.04641,-2.55372,-13.2232,-9.18603,1.28975,-0.134628,4.79132,-4.16147,0.915496,-7.6439,-6.4828,-15.1842,-8.784,-977.464,-136.152,-14420,-19880,-8400
0.620667,-4.34254,-10.5802,-1.12594,-4.1583,-18.4029,-5.92841,-11.6746,-0.537599,-6.01867,2.75823,-6.48073,-5.86529,-21.6345,-3.1448,-14.2264,-2.44,-980.392,-139.08,-14000,-21140,-9100
-0.450976,2.15712,-0.168864,7.30929,-1.68202,-1.24718,8.71682,4.12368,1.06942,-0.901003,3.73088,-1.90885,3.63384,-3.16511,7.40172,4.83717,0.488,-977.952,-136.152,-13440,-22540,-10360
2.57634,1.03725,8.33676,-0.145363,-4.13352,16.4781,11.2643,10.3376,5.50888,7.21541,7.52726,-0.0778487,12.5847,15.7885,6.5963,14.7653,1.464,-974.048,-134.2,-13160,-23660,-11340
-9.15779,-17.2327,2.81159,-17.2525,-0.145614,11.5819,7.02416,6.07391,-14.2155,-2.02345,-3.6378,-7.37808,5.9357,16.0238,-5.49869,11.8095,1.464,-975.024,-134.688,-13160,-26040,-11760
-16.7272,-29.1977,-3.93476,-24.794,1.78635,4.42738,2.0919,3.58255,-26.6615,-10.5983,-9.7242,-11.5806,-1.97702,3.64515,-10.3398,4.36777,2.44,-976.976,-137.616,-13580,-28420,-12460
-12.6487,-11.2763,-8.4462,-7.88552,-4.69137,-6.27267,-7.35109,-3.82013,-11.7579,-10.5052,-10.7455,-6.50677,-8.50343,-13.6092,-8.85867,-7.56355,7.32,-977.952,-133.224,-13300,-30520,-12880
-3.08161,-0.315141,2.17028,2.54326,-3.34137,2.43804,-6.22797,-0.0147283,-7.21406,-1.70739,-2.54715,2.3788,-0.089544,9.36127,-8.83209,-1.00919,9.272,-976.488,-140.056,-12320,-32900,-13020
3.36724,-5.78776,3.65561,-8.71473,-2.92764,6.12162,-5.86657,4.02163,-7.76793,4.968,2.44644,1.63984,-1.39199,10.8086,-14.9799,2.60151,14.64,-978.928,-137.616,-11900,-34020,-13580
15.5747,21.1578,-1.93839,18.2293,18.3458,-11.7672,11.38,1.68193,20.2235,10.2922,-4.40284,14.6071,-14.235,-10.2677,10.3089,6.28664,17.568,-979.904,-138.104,-11900,-35000,-13860
38.098,57.2389,-2.21164,63.0123,39.565,-29.2666,41.1246,-1.3716,53.4949,18.2331,-3.75685,34.9406,-20.0863,-28.9974,51.3802,13.7554,20.496,-981.856,-140.056,-11900,-35000,-14140
32.7966,54.9073,-12.8979,64.9138,14.9573,-49.334,33.9789,-2.58679,46.9573,5.84116,-1.66152,25.4668,-23.8026,-37.6685,53.9202,3.16295,24.4,-975.512,-136.152,-12180,-34860,-14140
13.6631,32.442,-6.4955,22.9014,-17.9845,-20.7068,1.89359,3.82604,34.9193,1.88421,9.69369,4.34755,-4.09562,-13.2283,24.2147,-3.26757,27.816,-981.856,-137.616,-12180,-34580,-14000
0.332089,3.2257,11.3646,-15.263,-27.6483,31.9136,-8.36096,16.6677,18.1661,11.5311,23.3787,-9.87349,23.1563,21.7777,0.181335,9.71426,27.328,-984.296,-136.64,-11900,-34720,-13860
-27.5327,-41.6648,-0.170332,-46.6284,-21.5009,26.5903,-17.8981,3.87092,-33.7755,-8.97101,1.53971,-29.5623,12.0259,13.8396,-33.0556,0.499968,32.208,-985.76,-142.984,-10780,-35000,-13020
-35.3707,-55.0104,-6.42329,-47.1241,-5.9079,10.9459,-17.5874,-6.85474,-64.1289,-16.2033,-7.44626,-26.2971,3.83149,-6.67643,-38.6166,-9.98827,33.184,-985.272,-143.472,-10080,-34720,-12180
-17.2167,-26.8857,-5.92297,-23.9697,-11.1942,-5.62991,-18.7301,-14.0642,-27.9759,-8.51417,-6.78977,-12.6738,-2.05019,-12.5797,-28.8005,-15.4615,36.112,-988.2,-146.888,-9240,-34720,-11620
5.1476,1.36557,6.153,-1.70255,-2.22899,3.78088,1.42498,-0.680642,9.62972,5.33809,4.58186,3.68341,7.65094,13.666,-0.26094,4.36767,38.552,-982.832,-145.912,-8680,-33180,-10780
-0.0942397,-3.85263,10.1887,-7.62174,6.62631,11.1687,2.86914,2.53463,1.48561,4.33547,6.0101,2.53311,11.6831,23.9755,0.567319,8.50566,35.136,-986.736,-142.984,-8680,-31920,-10500
-1.41211,-7.79463,5.3557,-10.5117,7.83103,7.97566,-4.85032,-1.33603,-0.393164,-0.252729,-4.13812,1.60549,1.04972,10.7942,-5.56188,0.0558729,33.672,-982.344,-142.496,-8680,-29820,-10220
-7.09317,-4.46469,0.904276,3.72238,9.07898,12.3273,-1.45967,1.32894,-6.8394,-11.6274,-12.3378,2.73176,-3.80459,8.48983,-0.827305,2.31371,34.648,-984.296,-140.544,-8820,-28560,-9660
-17.3358,2.20571,-11.9096,9.96899,6.18037,-1.94078,-3.3404,-4.02614,-11.9353,-22.8754,-16.7902,-2.49245,-11.8665,-11.9673,-2.65039,-5.53451,32.696,-984.784,-141.032,-8680,-27580,-9520
-12.769,0.575461,-13.4163,7.42637,3.08287,-17.611,-2.21802,-7.59698,-17.2263,-10.8266,-7.87541,-5.71057,-12.0673,-21.1725,-0.275055,-7.63322,28.792,-980.88,-142.496,-8120,-26600,-9100
9.06912,7.48115,6.07764,13.9303,4.36779,-8.1743,4.36189,-2.83486,-1.09397,12.1478,2.71083,7.66816,1.11446,-2.45165,9.15452,0.672973,21.472,-981.368,-139.568,-7980,-25900,-8820
25.3311,20.0429,9.58802,23.8416,0.348304,-8.52172,-10.482,-14.1992,22.3157,21.7419,14.497,15.1601,7.99301,-7.04603,20.1121,-20.5903,27.328,-982.344,-145.424,-7980,-25900,-8260
21.0107,20.0077,13.3828,6.09562,-12.2879,-0.6086,-32.6217,-12.2623,24.6505,20.1629,20.837,13.8044,15.6495,6.78165,-7.28723,-26.9436,25.376,-983.808,-146.888,-8260,-25760,-8120
10.7927,11.0968,11.7979,-13.5614,-8.52143,11.5052,-14.9642,2.2452,21.687,10.2488,7.86971,5.60625,8.55439,20.3163,-23.6191,0.23391,24.4,-984.296,-154.208,-8820,-24500,-7980
-2.30387,-5.33957,4.40928,-17.5251,5.43216,16.3233,12.5344,9.85746,4.93882,0.683963,1.72967,-2.96757,4.67725,18.9009,-10.4361,17.9783,23.912,-979.904,-155.184,-8120,-24220,-7700
-8.41758,-13.2344,-1.45532,-7.04586,12.6365,11.5921,24.3496,11.9438,-9.90623,-5.00941,-2.70311,-7.48723,2.02252,13.5494,8.24044,19.7651,22.448,-985.272,-152.256,-7840,-24080,-7700
-0.811739,1.37679,-11.6906,9.75837,5.98276,-14.687,8.11722,-1.1199,-0.181746,-6.18827,-9.41432,-4.31418,-13.231,-25.4638,10.3314,-4.65856,20.984,-986.248,-152.744,-7420,-24360,-7700
2.21971,5.68815,-10.2208,16.0633,-4.06773,-19.9253,7.96955,3.48085,-3.41784,-6.52825,-11.8689,2.61576,-15.1909,-15.7399,14.2249,0.326503,18.544,-985.76,-153.72,-6720,-25060,-7420
2.20368,0.33526,-0.929905,-1.58423,-5.27171,1.65725,7.08764,6.81318,-4.62353,-3.94111,-2.39155,2.86508,-0.462579,13.248,6.5834,9.30347,17.08,-985.272,-152.744,-6300,-26180,-7140
-12.9522,-14.3983,-6.38948,-21.1684,-4.89476,9.20215,3.58053,10.8787,-11.8979,-12.4008,-4.45116,-10.0113,-1.62159,10.8487,-6.70814,9.7528,17.568,-986.248,-150.304,-5880,-27440,-7140
-20.9094,-13.6835,-10.0963,1.77759,11.3629,1.79787,11.5261,7.12341,-18.86,-16.6974,-10.9381,-12.3141,-6.49947,-8.35666,3.63765,6.78547,12.2,-983.32,-150.304,-5740,-28700,-7000
-17.5225,-9.94643,-13.9818,11.2133,1.38388,-17.4469,-0.169715,-7.60603,-23.341,-14.3822,-10.0335,-11.6506,-10.0084,-39.7232,1.73739,-11.0145,11.224,-986.736,-146.4,-5740,-29680,-7140
0.958672,0.0848482,-4.56173,6.67394,-17.5757,-12.0412,-3.2287,-0.666442,-0.608436,-1.30039,-1.44887,-5.2579,-3.89237,-13.3255,1.19941,-3.9111,8.296,-982.832,-150.304,-5460,-30940,-7420
15.0152,3.75255,10.1031,-6.9981,-19.3439,9.07662,-1.86922,8.28223,15.4823,11.588,11.646,2.99735,9.79935,14.9165,1.23894,4.15364,4.392,-984.296,-140.056,-5460,-31500,-7700
14.2223,-0.320212,15.7383,-12.7676,3.72283,17.6263,8.15173,8.24262,11.6282,13.0186,14.1233,6.68443,14.1183,20.406,6.24507,11.4354,7.32,-990.152,-144.936,-5600,-33460,-7840
17.5224,10.2761,20.9955,3.73084,24.1131,15.1043,14.5037,1.22005,15.4262,16.6911,13.5763,17.7896,15.518,22.1104,8.51268,11.7849,12.2,-989.664,-154.696,-4900,-34860,-7980
3.43721,3.45223,5.53788,6.16803,13.1652,-0.474385,4.62743,-6.80637,6.5167,3.51666,2.30635,6.06448,3.36433,3.44231,0.503102,-0.18991,12.2,-989.664,-155.184,-3220,-36820,-7700
1.36917,12.9446,-3.47869,17.5652,9.05439,-9.39706,-2.28321,-7.15131,9.26913,1.74401,0.537082,7.19598,-4.9247,-22.7045,-0.0101021,-8.40765,9.272,-984.296,-160.064,-1540,-38640,-7420
-4.27442,8.19796,-14.1592,14.3997,-6.76502,-29.5141,-6.83865,-13.3358,0.106948,-3.30288,-6.4466,0.72829,-17.5929,-33.3428,1.22848,-11.8779,12.688,-979.904,-152.744,-700,-39620,-7280
7.97598,7.82498,3.03515,5.49473,-6.93925,-3.50934,0.80091,0.877926,9.35261,10.22,6.95126,3.71974,-0.933662,8.95172,8.57138,4.01068,13.176,-979.416,-151.28,-1120,-41160,-7280
12.6085,1.60166,8.92288,-11.6658,-8.2837,16.8862,-9.56223,2.4795,11.7794,14.5311,11.8779,3.69221,7.87142,21.9739,-4.20521,-0.142526,10.736,-982.344,-142.008,-1540,-41860,-7420
2.54109,-4.18631,2.40309,-15.3107,2.85058,15.4096,-11.7413,-2.19844,2.06469,3.46358,2.52155,-0.0810077,6.23202,17.098,-14.4831,-2.87731,14.152,-979.904,-138.104,-2100,-43400,-7420
-3.17612,-4.7758,0.279555,-8.62228,8.6533,9.1457,-7.12272,-3.61426,-5.58806,-0.880786,-2.37314,-3.26373,3.51467,12.5915,-14.5233,-1.12323,14.64,-979.416,-144.448,-2660,-44380,-7420
-3.21926,-7.23017,-4.38024,-4.99951,-0.194331,-5.81028,-15.6344,-12.2579,-9.21945,-4.81278,-6.87579,-6.03051,-2.79189,-7.12276,-12.7871,-16.0975,11.712,-979.904,-139.08,-3640,-45220,-7420
-10.8026,-9.55526,-12.8747,-3.95601,-13.7566,-13.9975,-16.0311,-8.5536,-13.193,-12.3089,-7.36121,-12.2602,-7.86718,-22.5948,-6.01975,-18.1833,13.176,-981.368,-137.616,-4060,-46060,-7280
-4.30471,5.09849,-1.56338,5.11626,-6.07188,-0.978428,2.94115,5.06989,4.87293,-1.68243,0.717051,-1.57878,1.82461,0.15646,5.7412,5.369,11.224,-982.832,-136.152,-4620,-46060,-7420
-2.72562,2.21159,8.22268,-3.49853,-0.270244,14.1984,7.98369,11.0293,-1.14525,-0.999941,-3.5786,1.34878,5.80197,21.1487,1.3206,15.7701,11.712,-983.32,-142.008,-5180,-45780,-7840
-6.62586,-3.19784,3.48959,-7.63935,5.48921,14.1827,5.64923,10.1084,-9.26894,-5.49645,-4.84278,0.332965,2.32191,11.8238,-3.56062,9.76002,12.2,-985.76,-136.152,-5460,-44940,-8120
-21.0294,-12.6195,-11.6204,1.16482,7.04881,-4.53956,3.13385,-2.39537,-23.2575,-19.6937,-14.5734,-9.8644,-8.11704,-10.0413,0.798356,-3.88404,9.272,-985.76,-141.52,-6020,-43820,-8680
-16.8827,-9.65022,-12.0065,6.90193,0.515664,-12.5976,-0.776926,-5.61819,-20.6527,-13.9022,-10.988,-8.81767,-9.87017,-23.0378,-3.12584,-7.60625,8.296,-983.808,-137.616,-6720,-42420,-9100
-0.319805,0.284354,-5.73183,8.1875,-5.19488,-19.5887,-2.03729,-5.98941,-6.58039,0.214773,-3.28772,2.61162,-11.501,-33.9749,-7.07413,-8.0893,4.88,-985.76,-145.912,-6440,-41860,-9380
3.30022,-3.20238,-1.95172,-0.0186915,-20.3738,-17.2641,0.251582,-0.290568,-1.01692,3.64368,3.42157,0.192101,-5.19055,-10.4119,2.45822,-1.79266,4.392,-988.2,-138.592,-7280,-40740,-9520
19.0028,11.6881,13.7328,-1.98905,-5.76173,8.38756,6.56505,11.4313,22.5062,18.3288,18.0453,11.8058,13.4367,19.3325,11.5671,10.8999,-0.488,-986.736,-136.152,-7420,-40880,-9520
14.4933,9.31992,8.55878,-6.99553,7.50569,4.7946,7.60577,8.62305,20.6636,10.8325,5.75465,7.82169,3.29555,15.0876,7.19502,11.0346,-1.464,-985.272,-140.544,-7980,-41160,-9520
7.92284,4.01227,4.16585,-1.74088,13.3808,10.0763,11.8473,10.4332,11.3055,2.93127,0.182264,5.4382,1.92459,15.2978,5.41556,13.2591,-0.488,-987.224,-142.984,-7980,-41160,-9800
-1.83681,-1.77629,0.990835,-0.135433,7.97794,20.727,8.88604,8.30727,5.31199,-2.93849,-0.547309,-2.30059,6.3498,12.9894,4.88476,9.60292,0.488,-985.76,-142.984,-8260,-41300,-9800
-9.08213,-6.25066,-2.63713,-3.3868,-0.509453,11.2057,-1.57615,-0.69871,-0.90616,-6.02457,-3.01382,-9.1293,3.38589,5.62267,1.01955,-1.29353,-0.976,-988.2,-145.424,-7980,-41160,-9800
-11.7471,-10.4468,-1.47647,-3.07012,-0.306816,5.79019,-3.64259,-2.26808,-15.9353,-6.48595,-1.79324,-8.3839,4.20159,3.03133,0.794416,-3.25411,0,-986.736,-136.64,-8120,-41580,-9800
-2.79077,0.681713,2.53893,6.2065,6.47343,-3.24238,-1.19533,-9.45188,-1.99131,-1.59309,2.06213,0.822426,4.17747,0.463388,5.48289,-7.42983,-0.488,-987.224,-143.472,-7980,-42840,-9520
8.70165,14.4283,6.51509,20.1414,12.096,-8.30573,2.67436,-13.0439,9.84698,4.98451,4.95085,11.9401,3.65399,3.07754,14.4712,-8.00187,1.464,-988.688,-148.352,-8120,-43820,-9520
15.495,15.4554,8.02793,18.3837,9.75589,-7.36104,-0.0501533,-9.90439,10.6615,10.6711,8.5084,14.7461,3.27037,0.694509,7.1461,-5.89531,2.928,-989.664,-146.4,-7980,-44240,-9660
0.0598857,-9.98109,-6.5245,-11.3951,-14.6998,-7.86757,-19.8278,-13.478,-7.04756,-2.51185,-0.475364,-7.38282,-5.16534,-15.4178,-19.4829,-17.7195,5.856,-988.2,-149.816,-7000,-44520,-9380
-10.0248,-13.4181,-15.0723,-16.2732,-20.3714,-13.7585,-20.796,-8.25811,-12.4974,-8.49489,-4.26711,-13.3281,-11.1888,-22.0314,-23.421,-16.6454,4.88,-988.2,-144.448,-6440,-44800,-9240
-3.06961,1.29176,-20.3606,-0.203812,-3.06891,-36.4685,-4.14517,-5.80157,-2.31044,-4.61143,-7.42777,-4.38045,-24.4148,-40.6506,-6.88504,-6.73173,12.2,-989.176,-147.376,-6440,-44800,-9380
21.287,21.9235,9.75825,20.1003,0.909758,5.42835,21.6918,21.3614,21.1021,18.8338,8.55793,14.973,4.60044,8.86626,20.7002,24.1935,6.832,-987.712,-143.96,-6020,-45220,-9100
25.4084,21.9379,21.6996,13.9156,5.46375,31.6403,25.27,26.2508,29.7046,17.689,9.3983,16.3952,16.1673,35.7332,24.9552,31.1375,7.808,-986.248,-138.104,-5740,-45920,-8820
-0.463373,-6.30742,4.23158,-17.9459,3.33152,16.3469,4.17479,7.085,3.81728,-3.96138,0.506568,-2.47383,5.74741,13.2365,-1.30375,8.16033,10.248,-988.688,-146.888,-5460,-46480,-8680
-19.2447,-22.1319,-3.97237,-24.6849,-6.55638,5.76289,-11.7662,-2.90559,-19.1216,-12.9371,-3.96355,-15.186,2.27577,2.76161,-22.5721,-6.20217,10.736,-988.688,-137.128,-4760,-47040,-8540
-22.5483,-21.8489,-6.4437,-15.114,-6.54946,1.99422,-10.9257,-3.58318,-27.088,-12.1572,-5.66771,-17.9511,-1.58062,0.924147,-19.4286,-5.6419,9.76,-989.176,-143.96,-3920,-47460,-8260
-18.588,-16.3538,-3.87237,-7.85012,-2.30019,-1.87083,-9.52854,-6.83081,-28.5006,-8.99774,-6.45782,-10.2955,-2.43415,-2.60788,-17.153,-8.7815,11.224,-988.2,-139.08,-3080,-47600,-7980
-14.6922,-10.8081,-7.11362,-0.363695,0.45257,-11.5929,-8.39254,-9.57006,-25.7598,-6.94571,-5.54315,-5.77195,-6.68528,-19.0653,-11.1269,-13.767,14.64,-983.32,-145.912,-2800,-48020,-7700
-3.04225,6.2696,-5.37127,12.1456,-4.64237,-16.0391,-5.43641,-8.94212,-0.456682,-3.24026,-4.93846,1.64932,-6.78371,-19.0492,4.52685,-12.0216,16.592,-984.784,-137.616,-2520,-48720,-7420
12.4066,18.929,2.60943,17.743,5.42437,-11.7096,5.78537,-0.72977,15.7483,4.43847,-3.50585,14.3451,-3.99445,-7.48379,14.9314,1.97257,18.056,-979.904,-135.176,-2240,-49280,-7140
9.7741,8.43287,-0.457914,-1.44875,-2.81099,-6.45479,2.01816,3.47554,11.4052,3.55332,-0.29528,7.64389,-4.76872,-0.453093,0.076126,5.61469,17.568,-979.416,-136.152,-2660,-50260,-6720
12.75,13.5735,4.91384,6.46208,4.64318,8.52767,10.8734,11.2255,20.096,9.13287,4.47557,8.75724,1.66046,13.875,12.8611,12.9101,17.568,-979.904,-133.224,-2800,-51240,-6300
19.6701,16.4213,11.3796,12.4379,15.3126,17.3425,16.7791,13.3677,23.0687,15.9564,10.2908,13.3222,9.23564,21.5279,24.6931,15.7295,19.032,-978.928,-134.688,-2800,-52080,-6020
4.92088,4.76702,7.04786,2.11456,11.2352,11.3643,7.70499,1.17464,10.5807,2.07232,2.18617,5.82278,8.14072,15.4692,9.35519,7.06643,19.52,-978.44,-136.64,-2660,-52360,-5600
-6.38784,-1.42888,2.67285,0.142825,6.98372,8.62083,1.71493,-2.59658,-1.10621,-4.82106,-0.731435,-0.622169,5.76279,7.69094,0.662845,1.00076,20.496,-976.976,-136.64,-2520,-52360,-5460
-4.79665,-1.45189,-2.13655,2.15373,-0.793696,-0.490101,-1.42869,-6.89226,-3.24144,-3.17744,-0.859374,-3.4214,0.040676,0.324168,1.94651,-3.87505,22.936,-979.904,-131.272,-2800,-52500,-5180
-1.51257,-5.02017,0.514676,-3.45355,-2.75436,4.4235,0.0459069,-0.923411,-4.16071,1.67747,1.44367,-4.09967,2.93915,6.07819,-1.03944,0.336322,25.376,-981.368,-133.224,-2940,-52640,-4760
-2.69927,-10.1381,-2.31949,-11.8253,-6.35339,4.65142,-4.87784,0.871445,-4.5988,-1.45077,-0.958449,-8.13983,-0.256585,1.97581,-10.7765,-1.20001,22.936,-981.368,-129.32,-2800,-52360,-4480
2.42109,-3.89313,-1.99862,-3.21752,0.130868,-2.85645,-5.55154,-4.74147,0.352494,0.365182,-0.902308,-2.12467,-0.783127,-7.97507,-7.09897,-7.31456,21.472,-980.392,-135.664,-2800,-52220,-4060
0.993216,-5.9857,-2.13734,-2.89317,-4.30576,-7.28388,-8.35838,-4.78386,-4.25414,0.146547,0.235412,-3.39368,-0.0440621,-9.73094,-6.73188,-9.47262,21.96,-977.952,-132.248,-2520,-51800,-3780
-6.68153,-9.97214,-3.4809,-6.21405,-10.149,-4.29752,-8.67173,-1.73211,-9.14139,-4.9786,-2.53202,-6.80131,-1.2623,-1.98717,-6.84661,-5.09226,17.568,-979.416,-136.152,-2380,-50960,-3500
-7.75126,-13.429,-3.97902,-14.0714,-9.85334,-0.891056,-8.35133,0.282796,-11.1294,-5.54386,-2.60779,-8.35905,-2.7969,0.582328,-10.6861,-0.960591,18.056,-976.976,-132.736,-2520,-49700,-3360
-3.63212,-8.96647,-0.970879,-11.0067,-2.12498,4.19674,-0.213568,4.89989,-5.02567,0.00273369,2.39428,-3.43982,-0.583258,0.18304,-5.0653,4.43083,15.616,-976.488,-134.688,-2800,-48860,-3500
-4.99442,-7.0114,-3.20672,-6.62003,-3.52392,-0.13529,-1.33202,2.07957,-2.99539,-1.64103,0.173381,-3.70632,-2.39362,-2.31546,-4.8557,0.313265,14.64,-980.392,-138.104,-3500,-46760,-3500
6.81723,13.6716,9.91195,13.5419,13.3173,9.42747,9.74272,8.30553,11.1009,6.48337,3.50927,12.3757,6.14825,12.8396,7.45108,9.29653,9.272,-979.416,-131.272,-3500,-44660,-3780
3.79329,15.0173,6.93074,17.3337,13.5953,6.39297,10.6695,4.43493,8.5094,1.12663,-2.31848,10.3972,2.25084,7.9043,13.3064,6.13181,9.272,-975.512,-130.296,-3360,-42000,-4060
0.7152,17.2599,-4.03474,26.1925,17.4459,-13.737,11.8423,-4.33755,6.31491,-4.16031,-4.62563,9.04921,-7.98706,-23.8432,19.4651,-4.70737,5.368,-975.512,-130.784,-2940,-40040,-4480
5.12062,16.8225,-3.91756,23.8609,0.0694983,-25.2232,3.06348,-8.91015,9.45614,0.64213,1.11282,7.97303,-6.62222,-27.3448,14.6454,-11.8382,4.392,-969.168,-129.808,-3780,-39480,-4480
5.26593,5.91548,2.26116,4.69699,-17.1125,-10.5806,-2.98361,-3.65919,2.30388,5.27067,7.55746,0.056602,2.38487,-2.78294,5.1501,-2.39483,2.928,-969.656,-132.248,-5460,-39340,-4900
7.02544,1.48095,0.940679,-13.2367,-13.4094,1.75577,-10.5214,-5.65533,2.51507,7.96141,9.75449,-1.10605,3.59793,-11.1457,-12.5436,-5.5869,4.392,-973.072,-130.784,-6300,-39200,-5040
4.74104,-2.47694,-3.96763,-15.2817,-13.0662,-5.7509,-10.5674,-5.0815,3.22249,3.22672,4.1602,-3.00214,-1.752,-6.70678,-16.5831,-6.92596,4.88,-968.192,-135.664,-6300,-39200,-5460
-3.86154,-5.56204,-1.41418,-3.09609,2.20445,1.61436,4.31588,5.23687,-8.18148,-3.51483,-1.11112,-3.35949,-1.35628,13.7338,-1.76049,8.19307,7.32,-971.608,-135.176,-7140,-38920,-5880
-7.67208,-8.20965,-0.859186,-8.15081,2.7955,11.774,3.97376,8.82206,-11.7073,-5.46627,-1.94278,-5.49128,1.09628,14.1709,-1.73906,10.2749,0.488,-975.512,-137.616,-7840,-38500,-6160
-7.65392,-7.01176,1.4713,-8.03451,3.60197,11.2447,0.0603052,0.913217,-9.69622,-4.40265,-4.42692,-3.02728,1.88932,13.4518,-6.4771,2.94458,3.416,-972.584,-135.664,-8400,-38360,-6160
-4.37684,-5.12431,2.2944,-3.71834,5.69565,10.1657,-1.6511,-0.553635,-7.79257,-0.957908,-3.00512,-0.546311,3.21014,11.6077,-6.41049,0.302373,4.392,-975.024,-140.544,-8400,-37940,-6440
-10.5426,-17.5362,-7.43091,-12.3865,-4.99045,1.62544,-7.38905,-1.46825,-14.6785,-7.41408,-8.18986,-12.2785,-4.29858,-1.66312,-8.86523,-3.38806,7.808,-976.976,-140.544,-8820,-38220,-6720
-3.32112,-9.85679,-3.143,-5.54439,-0.962307,-1.45673,-4.79833,-3.90661,-5.32336,-2.2508,-5.58232,-5.34526,-1.64228,-5.17219,-3.95051,-5.57173,3.416,-981.856,-142.008,-8680,-38360,-6860
1.26719,-1.00845,-0.919701,3.44452,0.642549,-2.99038,1.26458,-0.411642,1.29866,-1.2564,-2.50916,-0.57834,-0.580117,-2.629,6.54967,-2.75034,8.296,-977.464,-142.984,-8400,-38360,-6860
-5.81058,-8.59704,-7.5729,-4.01433,-5.62164,-6.46813,-1.07685,1.18899,-6.1599,-7.55242,-5.55154,-7.93625,-5.83061,-6.62069,0.415811,-1.57168,4.88,-976.976,-148.352,-8960,-37940,-6860
5.88385,3.62913,-0.734817,0.935444,-0.00807179,-2.49821,1.37461,2.72293,7.67082,2.15904,1.64374,1.83756,-0.780379,-3.47667,0.646875,0.953075,9.272,-977.952,-140.544,-8960,-37940,-7000
2.56836,1.89574,-3.24066,-2.3725,-6.41461,-5.9822,-5.24303,-2.54012,5.04622,-1.95687,-1.07044,-3.31539,-3.73349,-6.83919,-1.99227,-3.96609,9.272,-976.488,-149.816,-8260,-38780,-7000
2.0667,4.81994,0.400016,2.46561,-2.69139,-0.515444,0.353042,2.60519,5.50944,-0.601759,-0.0449926,-0.324674,-0.977919,0.847013,3.38351,2.50712,12.688,-978.44,-145.424,-8820,-38220,-7140
0.948893,3.23152,4.70764,1.54965,2.71014,4.15884,4.3776,3.27225,4.89669,1.58421,1.09702,3.60042,2.5527,8.06918,2.79389,6.66416,11.224,-974.048,-151.28,-8260,-38500,-7420
1.10312,5.91831,7.00826,3.78543,8.17938,3.84709,5.73213,-0.527573,9.26217,4.09448,1.96202,8.17892,4.81874,10.1473,3.22295,4.45612,10.248,-979.904,-144.448,-8260,-38640,-7280
1.62566,6.172,5.83394,7.59824,11.0596,4.73226,7.77401,1.88777,8.24063,4.16034,2.99655,8.08901,4.24629,7.18731,7.70057,4.99843,13.664,-976.488,-145.912,-8400,-39060,-7280
1.12981,4.38629,2.21148,5.82439,5.62594,1.21611,4.92752,3.03507,6.72238,3.5997,1.73302,5.31776,0.926598,2.47358,4.75848,4.1871,18.056,-981.856,-153.72,-9240,-38640,-7420
3.27641,11.8412,2.68241,9.06365,3.84459,-2.00837,0.322273,-2.31343,12.151,8.03251,3.70091,7.77453,0.186124,-0.19707,4.61587,-1.04635,12.2,-978.928,-143.472,-9100,-37660,-6860
8.382,19.1919,8.40961,15.1149,10.2424,2.53848,4.77353,-2.77477,13.2449,12.8862,7.00284,14.587,4.90059,3.08371,10.0519,1.93327,7.32,-976.976,-146.888,-8820,-38220,-6720
3.8224,4.99842,4.33377,6.05554,4.67399,0.752105,5.59502,-2.30717,-0.584225,4.42218,2.07479,6.36536,1.66949,0.58978,5.72135,2.73772,11.224,-985.272,-148.352,-9800,-39480,-7140
8.01415,3.47029,5.44045,5.27504,2.9711,2.82383,4.07818,-0.169537,-1.22699,4.4449,6.74014,5.59363,4.58596,3.09596,6.39493,2.15245,15.616,-987.224,-150.792,-11060,-40180,-8120
11.832,6.18061,4.09491,2.90229,-2.29565,0.812361,-3.77628,-3.26456,2.43457,3.0742,5.2487,4.09417,2.71296,0.611546,0.255795,-4.16324,18.056,-987.712,-142.496,-11620,-40600,-8960
4.73693,-0.180579,2.68456,-3.58523,-2.70845,3.22604,-5.53322,1.46987,-4.5439,-0.287076,2.61973,-0.870264,3.64312,1.03929,-7.04574,-2.68787,21.96,-990.152,-147.864,-11340,-41860,-9380
-6.36199,-11.1569,-5.01835,-9.28828,-6.08065,-0.763375,-6.45433,1.92514,-11.5085,-7.20544,-3.8599,-9.57868,-1.86885,-6.21006,-10.5056,-3.90396,21.96,-990.152,-148.84,-11620,-42560,-9520
-11.8655,-18.2382,-10.5058,-13.9529,-11.0123,-5.43967,-6.66518,1.245,-12.5629,-11.9277,-8.78723,-15.9816,-6.65121,-11.5101,-9.92721,-4.64548,20.496,-997.96,-147.376,-12180,-43120,-9800
-7.97544,-10.0265,-7.54906,-5.8941,-6.02397,-2.27441,-0.0587084,4.61153,-4.43766,-8.08361,-7.05216,-11.2122,-4.14195,-6.37946,-0.847331,0.521708,20.008,-995.52,-152.256,-12180,-43540,-9940
-7.82949,-10.1605,-7.23741,-6.16183,-4.67261,-0.384502,0.0715503,4.79268,-7.18588,-6.7617,-5.57899,-9.88353,-2.96363,-5.52187,-1.89977,1.71289,19.52,-996.984,-149.328,-12600,-44380,-9940
-0.885131,-2.38195,-1.95664,-1.95028,-1.02598,0.0856834,0.196005,2.38746,0.0266915,-0.363318,-1.01706,-1.65937,-0.300537,-2.41807,-2.21328,1.66859,20.496,-1003.82,-151.28,-11900,-45080,-10080
4.30254,3.94795,3.50208,3.12335,2.73458,1.14206,1.36611,-1.79454,5.38822,5.25745,3.87451,4.73463,3.78751,2.58943,0.731357,0.0710853,16.104,-1002.84,-150.304,-11480,-44800,-10080
-2.49999,-2.63472,1.97628,-2.09394,-0.457962,0.234969,-3.729,-7.23535,-4.4736,-0.306059,-0.811059,0.841442,2.52774,3.42143,-3.91713,-5.01969,19.032,-1006.74,-152.256,-11200,-44940,-10080
1.98278,5.9407,5.20311,6.9221,7.733,4.13681,4.67987,0.371068,-0.431604,3.20131,2.60381,7.81333,3.86475,7.72202,4.91707,2.38418,15.616,-1001.38,-151.768,-10640,-45500,-9940
-0.392038,5.45986,1.66327,8.26888,7.66214,1.57458,6.05497,-0.683775,-2.65786,1.40933,2.12014,5.77776,0.410998,4.95593,6.86088,2.88208,15.128,-1002.84,-153.72,-10220,-45920,-9660
-11.4423,-11.6786,-8.68311,-7.95815,-6.85816,-4.13793,-4.22842,-2.92348,-14.0897,-5.84062,-1.77724,-9.16775,-7.06532,-6.74859,-4.52359,-2.72352,9.272,-995.52,-156.648,-9940,-46200,-9800
-3.15346,-8.16548,-6.3381,-7.9861,-8.08288,-6.41806,-5.53131,-2.76108,-2.04409,-0.0138419,1.49984,-6.00955,-5.76609,-8.31887,-4.9102,-3.91231,10.248,-997.472,-151.768,-10640,-47180,-9660
2.95194,5.06022,-2.89543,1.71022,-2.3793,-5.73128,-2.64113,-2.90549,6.75494,-0.619133,-0.820205,0.971289,-5.41385,-3.55851,-2.11636,-2.60851,8.784,-993.568,-156.648,-11060,-48160,-9940
5.01414,8.83954,0.265698,2.98277,1.37731,-0.828416,-0.0669363,1.20187,7.6406,0.123295,0.778303,3.6943,-0.996828,-0.134265,-1.17157,0.0601842,12.688,-997.96,-150.792,-11900,-48440,-10220
1.14224,3.64081,-1.27522,0.0166154,-1.3752,-1.77705,-3.52131,-2.04337,2.55936,-2.47542,-2.48167,-0.697708,-1.69524,-1.43636,-3.36375,-2.25984,7.32,-995.032,-155.184,-11620,-48720,-10500
1.06235,3.40537,1.21571,2.43536,1.98967,3.42815,1.90195,3.48886,2.34511,-0.398265,-0.0566274,0.243387,1.1981,3.33305,2.1842,2.98367,5.368,-994.056,-147.376,-12180,-48720,-10500
-6.20096,-12.4115,-5.00177,-15.1736,-10.6592,-0.651583,-7.92557,-1.03848,-8.00092,-4.14674,-1.08719,-10.0467,-1.48218,-3.60607,-9.99819,-4.79712,0.488,-991.616,-149.816,-11760,-49980,-10640
-11.5825,-15.8776,-5.80539,-17.2088,-11.3442,-1.79982,-9.6778,-2.28774,-15.9711,-7.80978,-5.22734,-11.2488,-2.34152,-2.83831,-12.162,-5.74108,2.928,-992.104,-151.768,-13020,-51520,-10640
-3.20444,-4.31635,0.485353,-2.50488,-0.622542,0.596325,-0.0242147,0.0954628,-6.54143,-2.87605,-2.80022,-2.56845,0.437614,1.65323,0.721638,0.551339,0,-991.128,-155.184,-13300,-51800,-10920
1.61147,1.27259,2.59522,3.36678,3.0943,0.17319,3.73734,0.715339,-0.72511,-1.07192,-0.871201,0.256666,0.124067,2.82498,4.28142,2.89051,2.44,-989.664,-163.968,-13160,-52080,-11340
12.8256,12.5037,9.26122,12.2401,10.6624,2.3695,9.30221,2.80774,14.8104,7.4055,3.25259,10.4547,3.1995,8.03478,9.39335,6.23802,0,-989.176,-158.6,-13300,-51800,-11900
10.5707,10.105,9.71377,9.33296,9.68904,2.90034,6.43408,1.93139,13.5923,9.51482,4.24793,10.7786,5.21539,6.16938,8.0859,4.3172,-1.952,-988.2,-155.672,-14000,-51380,-12320
-1.40689,0.495325,1.00131,0.181231,-1.43674,-3.51246,-1.95569,-2.99393,4.19985,1.40101,-0.501197,1.74858,0.390669,-1.41473,1.14002,-4.491,-2.928,-985.272,-158.112,-13860,-52500,-12740
-1.63781,3.49006,1.80513,0.312908,-2.29854,-2.10419,-2.58463,-0.67843,2.53606,2.79248,2.08898,2.91372,1.50874,0.284219,-2.21055,-3.91072,-4.392,-983.808,-150.304,-14140,-52640,-13020
-8.79527,-7.16332,-3.84591,-7.08074,-6.38425,-3.64415,-5.20246,-3.15212,-7.39225,-4.55745,-5.08902,-5.90919,-2.95768,-2.84213,-7.44616,-4.44121,-1.464,-988.2,-160.064,-14280,-54040,-13160
-0.959305,-5.71427,-2.86763,-5.59937,-2.93715,1.95479,0.855865,1.02603,1.82739,-0.501152,-0.532413,-4.0746,-0.0280139,-0.826107,-1.55277,1.395,0.488,-989.664,-151.768,-14840,-54320,-13440
6.09186,6.11869,1.47263,3.09312,3.75011,3.16498,2.59449,-0.127943,10.3164,3.66019,1.51093,4.36863,2.9188,0.918492,2.02566,1.45507,-0.976,-987.712,-155.672,-14840,-54180,-13720
3.25885,3.87125,-0.779015,3.52393,2.65985,0.496898,-0.704083,-0.94867,5.73988,2.61227,0.143902,3.21801,1.08119,-1.70858,-0.626169,-1.34783,-1.464,-992.104,-147.376,-16660,-54180,-13720
6.80954,6.82641,5.12639,7.00332,8.08191,5.74955,6.42246,4.28893,11.8726,6.82906,2.61556,8.13969,5.07239,4.78812,6.81754,5.84144,0,-987.712,-149.328,-16520,-54600,-13580
7.73844,13.0066,7.58242,15.1398,14.7484,9.07415,17.2236,8.67059,16.7521,6.95221,1.3073,12.5592,5.49826,9.41989,20.2601,13.2808,8.296,-992.104,-140.544,-17780,-54460,-12880
6.65511,18.9354,5.91605,23.4353,15.4156,7.46311,19.8344,9.86206,13.9964,8.17065,2.75879,12.7639,2.9045,6.28044,29.432,13.3683,6.832,-981.856,-142.008,-17360,-54180,-12600
6.13314,16.4465,6.89233,22.7631,13.5012,6.55605,17.0448,10.2675,3.99522,8.49765,5.91684,11.1974,3.61343,6.35798,26.7427,13.0217,8.784,-982.832,-146.888,-17920,-54320,-12180
3.91181,0.509252,3.50026,4.74858,3.33126,3.24771,4.99719,4.6576,-4.50615,4.58494,6.53737,1.8891,1.80716,3.38685,5.51502,5.77212,8.296,-986.736,-143.96,-19040,-53480,-12320
1.50449,-4.67779,1.19707,-2.87554,-0.676232,2.31525,-1.12438,1.48276,-9.55199,-0.074688,6.53631,-2.25416,1.83753,2.04021,-6.81157,2.44423,11.224,-981.856,-142.984,-19180,-53620,-12180
-3.78625,-8.99554,-3.57222,-6.57666,-4.62918,-3.13015,-9.17856,-6.6738,-16.0511,-7.36139,0.143113,-6.12196,-1.80175,-2.3629,-14.2449,-5.0481,18.544,-986.248,-144.936,-20020,-52920,-11900
4.14856,1.49888,-1.18955,0.0734256,-1.16024,-3.66824,-9.02534,-8.50423,-1.96123,-1.20087,2.91777,0.00572861,-0.496554,-1.66968,-12.2322,-6.36623,20.008,-989.664,-148.84,-21000,-52080,-11620
3.26913,7.57238,1.54394,6.75871,2.52531,-3.23948,-4.18621,-5.94514,-5.55028,0.185537,2.1939,3.20468,0.413965,1.18658,-3.41027,-3.14928,22.448,-987.712,-151.28,-21560,-51100,-11620
-10.3133,-8.69449,-4.50261,-3.69756,-5.54976,-7.51251,-6.80493,-8.17914,-24.5582,-8.83827,-4.70095,-7.94426,-4.69602,-5.57479,-2.82243,-6.80279,24.4,-986.736,-150.304,-22260,-50400,-11200
-2.18858,-10.7043,-3.49237,-9.78267,-7.5881,-4.51084,-7.47153,-4.6776,-8.51592,-3.19758,0.764222,-6.40343,-2.04882,-6.47398,-4.92438,-5.97062,24.888,-988.2,-150.304,-23240,-49700,-10920
-0.618617,-10.858,-7.07926,-16.986,-13.0708,-7.91652,-15.0104,-8.30446,5.27963,-4.45496,-3.50825,-9.0566,-5.60908,-10.769,-17.4377,-11.5236,30.256,-990.64,-150.304,-23240,-49980,-10220
-5.48405,-13.015,-7.925,-19.0361,-11.6521,-4.56304,-7.89336,-2.00822,1.37863,-4.70307,-4.21913,-10.4272,-4.44791,-7.66275,-12.8248,-4.50969,34.16,-992.104,-150.304,-23380,-50820,-9800
-6.77985,-14.0059,-5.65873,-17.6808,-10.4488,-2.89222,-4.07437,-1.0555,1.54328,-4.91741,-6.07488,-10.3131,-3.17796,-5.19589,-4.47248,-4.13307,32.208,-993.08,-151.768,-23940,-50820,-9240
-9.30589,-6.95172,-5.37724,-13.041,-9.56875,-3.23166,-8.97291,-1.72288,3.72111,-6.76761,-9.29154,-8.22266,-5.00145,-4.66834,-14.3334,-8.62045,36.6,-991.616,-151.28,-24220,-51100,-8680
-14.2326,-13.3662,-7.80353,-20.8356,-14.1524,-3.70054,-13.2157,-0.252738,-4.01683,-7.64261,-8.17479,-11.6892,-5.03767,-8.13478,-23.9388,-9.45562,41.968,-989.664,-155.184,-24640,-51100,-8400
-23.113,-19.4946,-10.663,-17.3904,-12.9685,-4.11555,-8.30447,0.0855572,-20.3028,-14.0495,-12.6722,-15.5491,-6.98686,-8.7329,-13.7675,-7.45355,35.624,-989.176,-150.304,-25620,-51100,-8260
-19.5945,-4.75711,-8.4279,-1.3462,-5.79145,-5.08341,-5.71855,-2.01936,-19.6234,-12.2359,-11.6989,-6.94651,-6.8429,-6.02166,-5.42528,-6.2385,35.136,-990.152,-157.136,-25760,-51520,-7840
-15.0268,1.49514,-4.60623,3.36938,-1.0726,-0.214469,-1.28304,3.26265,-18.3839,-9.36428,-6.84917,-3.13847,-3.16734,-1.88397,-2.30945,-0.590936,40.504,-989.176,-160.064,-26320,-51940,-7560
-9.66349,-11.4152,-4.5538,-7.25796,-6.8806,-0.483661,-3.99478,1.16404,-14.2498,-7.04031,-5.12034,-8.27305,-2.82078,-2.04668,-4.11775,-1.70198,35.624,-988.2,-158.112,-26740,-52360,-7140
3.33863,-13.3742,-1.05545,-14.1538,-8.21647,2.20825,-5.46739,2.38059,1.6008,2.01926,4.1482,-5.87794,2.46196,-1.42802,-6.51702,-1.04413,36.6,-990.64,-159.576,-27020,-52780,-6860
2.41773,-12.1172,-4.06224,-11.272,-7.8712,-0.0452855,-5.62303,-2.33025,-0.268103,-2.6761,-0.174725,-7.13557,-1.24967,-2.19792,-6.58103,-2.10632,34.16,-992.104,-165.92,-26740,-53760,-6300
8.02761,-3.92482,0.0410738,-3.66909,-2.27627,2.53819,0.127199,-0.305502,2.95195,2.56579,5.27812,-0.979246,1.5075,-0.0309805,3.77162,1.54397,37.576,-990.152,-167.872,-26880,-54180,-5740
14.1024,11.717,6.95704,12.1148,8.31809,4.72717,6.18196,0.572554,9.68101,8.06867,7.66974,9.30494,4.06461,4.20365,11.4454,4.31217,38.064,-990.64,-169.824,-26320,-55020,-5320
26.6099,35.9002,16.3559,27.6988,20.0641,5.65794,9.07741,0.428551,31.6453,16.995,11.9075,25.5697,8.20632,11.5625,8.27369,7.13936,37.576,-988.688,-170.312,-26740,-55160,-5180
25.7751,27.8725,16.1404,24.8968,22.3001,7.83466,16.0023,7.16076,24.9843,18.1456,15.5205,23.3571,10.8268,12.6675,15.8332,13.9869,38.064,-988.2,-170.312,-26740,-55020,-5040
17.205,13.1751,12.0719,25.866,20.2584,6.526,22.9415,6.49407,8.09923,11.2576,9.59254,14.8153,8.76204,11.7805,33.0946,16.0381,38.552,-986.248,-171.776,-27020,-54880,-4480
17.8641,30.3101,18.0499,41.7479,31.2082,10.1555,32.4861,9.23725,11.4113,11.9812,7.85926,25.3456,10.7679,20.2905,45.9428,20.4523,40.504,-983.808,-168.848,-27160,-54880,-4060
19.8884,28.8569,17.1394,35.8498,27.4653,8.47593,27.9909,7.65501,19.7835,15.0405,10.2873,24.1243,9.9974,20.0234,37.9018,16.8354,37.088,-983.808,-169.336,-27160,-55160,-3640
25.2265,30.4449,13.8953,23.1477,17.2801,5.45412,19.4562,6.27726,38.9745,18.0542,11.3921,20.765,7.73634,13.6466,24.0992,11.0884,39.04,-983.808,-165.92,-28140,-55160,-3220
14.3573,19.2118,9.61806,17.1927,14.3201,6.97907,17.9004,7.78503,17.6226,12.3697,8.40836,13.1965,7.16648,11.2084,19.1077,12.3374,40.504,-982.344,-166.896,-28280,-55300,-2660
-0.454489,-5.07444,0.22872,-2.51292,2.13442,1.32594,4.91588,-0.0317716,-5.1172,1.6096,-0.213766,-1.98805,1.36215,3.41411,2.47573,1.77961,40.016,-984.784,-164.944,-28980,-55720,-2240
-3.81305,-7.34024,-1.69886,-9.67929,-2.73685,-2.02188,-6.12744,-3.89562,-7.15867,0.672747,-2.28236,-2.95239,-0.605299,-2.70312,-8.78361,-6.44948,35.624,-985.272,-173.24,-29260,-55440,-1400
-9.00411,-4.80791,-4.13542,-13.5747,-9.06812,-5.11584,-18.0626,-7.32739,0.307106,2.72478,-3.41608,-3.98628,-2.14629,-8.59898,-25.8309,-13.4038,34.16,-983.808,-171.776,-30380,-55020,-1120
-21.1211,-17.2964,-12.5432,-29.5962,-20.5315,-9.72876,-26.5683,-10.2122,-5.77244,-8.13224,-11.5068,-14.1786,-9.6417,-15.2408,-40.8904,-18.7515,31.72,-981.368,-167.872,-30380,-55860,-840
-23.6836,-19.124,-13.321,-21.4339,-15.4138,-5.08783,-12.2049,-0.644336,-18.3535,-13.4924,-11.259,-16.8356,-9.59927,-11.0808,-18.1507,-5.84285,32.696,-982.832,-176.168,-30660,-56560,-280
-23.0313,-24.833,-15.9079,-14.2448,-13.0278,-4.62169,-2.8305,2.53276,-20.3176,-15.9029,-11.7769,-20.1033,-10.0665,-10.4935,2.78781,0.867971,29.768,-983.32,-169.824,-31640,-56420,-140
-16.9996,-20.0536,-13.0191,-14.3571,-14.6149,-4.9068,-9.32677,-1.05351,-12.635,-11.9181,-6.7217,-15.8683,-6.40794,-9.8886,-5.80076,-4.05025,33.672,-983.808,-179.584,-31640,-56420,280
-10.4316,-8.56001,-8.03967,-15.413,-15.9085,-6.74878,-19.9528,-8.34957,0.926978,-4.29246,-2.93966,-8.54471,-4.31497,-10.7465,-21.6253,-13.3355,29.768,-975.024,-169.824,-33180,-56000,700
-9.48535,2.19029,-2.8469,-5.32827,-8.60604,-6.10618,-17.4432,-9.50505,-3.64322,-3.68409,-3.00277,0.0892585,-3.46303,-6.90071,-19.0759,-12.1291,23.424,-975.024,-180.072,-34020,-55020,1540
-16.0659,12.5819,0.387615,17.1044,5.71926,-1.60633,-3.65585,-4.64427,-25.9352,-10.1298,-6.70575,3.71487,-2.32185,0.167492,-3.20611,-2.98141,20.008,-979.904,-181.536,-34300,-54460,1540
-19.4236,-15.716,-6.89656,-6.96271,-7.67748,-4.22761,-9.28548,-6.83198,-37.2473,-14.5993,-6.5798,-12.4091,-5.91687,-6.66662,-13.5189,-6.85267,16.592,-977.952,-179.096,-34580,-54740,2240
-7.05848,-27.5019,-9.76234,-25.9717,-20.7008,-6.72893,-13.4857,-7.44192,-16.2545,-10.0977,-2.2058,-18.8657,-6.88147,-12.3364,-15.4654,-11.1915,13.176,-983.32,-188.368,-34300,-55160,2940
8.1267,-4.55393,-0.743821,-9.20116,-8.07051,-1.89499,-5.74369,-2.63484,7.51038,-0.00518579,2.88504,-4.093,-0.552131,-3.03266,-8.74976,-5.48765,12.2,-981.368,-184.952,-34720,-55440,3780
