-8.7876,-6.04421,-5.18392,4.67153,8.45513,9.43508,3.65607,2.99119,-14.4684,-13.6645,-18.2794,-2.49286,-6.96637,6.6353,1.11109,3.06712,-8.296,-979.416,-166.896,-13720,20300,-3220
-3.81629,10.2214,-5.80728,23.0217,12.2907,8.59514,13.4345,5.90073,-2.17839,-12.6,-17.8084,3.02319,-6.94647,2.29093,23.3553,7.28858,-7.32,-976.976,-166.408,-14420,21000,-3360
7.84314,19.1296,-0.586735,25.4447,11.5592,5.0491,17.0307,7.45052,13.8384,-1.54625,-2.74799,9.47234,-0.160994,3.75712,27.6323,10.7771,-8.296,-981.856,-166.896,-14840,20580,-3360
3.3045,2.15904,-1.51924,4.51583,2.80593,-3.63147,7.00895,1.06804,5.34725,0.812596,4.18771,-0.710568,2.54501,0.364356,9.33592,3.95021,-6.344,-980.392,-165.92,-14980,20440,-3640
15.5754,8.38538,9.95721,12.2557,7.72745,-1.3032,7.60597,1.11798,19.7246,12.6497,11.9272,6.93592,9.37437,12.2464,11.3171,4.45674,-6.832,-983.808,-167.384,-14700,19880,-3640
13.5749,10.6985,7.63859,9.65777,4.99614,-2.00683,-2.58988,-5.99008,17.6344,9.39204,9.51834,7.26781,5.67097,3.53853,1.27998,-4.8633,-7.808,-987.224,-169.824,-14700,19040,-3780
-9.48106,-4.65048,0.208788,0.340454,-0.424107,-2.84971,-2.5712,-2.52418,-27.2451,-2.21726,1.89753,-3.7241,1.41629,-0.293289,-0.285323,-3.02625,-6.344,-984.784,-169.824,-13720,18620,-3780
-10.4692,-8.0817,2.46782,-2.19561,1.10846,1.38429,-1.97301,0.335641,-35.6716,-0.12087,2.91403,-1.91007,1.78208,3.01926,-1.63771,-0.463672,-6.344,-989.176,-177.144,-13160,18060,-3780
-3.33345,-12.2779,-0.419344,-8.51959,-1.24571,1.38984,-7.74893,-1.96915,-15.3373,-1.55513,-2.56125,-2.01995,-2.4826,-0.577725,-9.1172,-3.66214,-7.808,-988.688,-180.56,-11760,16520,-3640
5.06781,-2.74661,-2.07894,-5.95114,0.652894,1.97076,-1.11061,4.0589,10.8157,-0.330603,-3.14216,2.8251,-3.59617,-4.10994,-1.71886,1.87959,-6.344,-985.272,-180.072,-10640,14980,-3220
1.82641,-0.55092,-6.98565,-10.9163,-10.0733,-4.90575,-4.60981,-0.237427,13.1745,-4.48424,-5.02225,-2.81816,-6.828,-10.1075,-4.80668,-2.49175,-5.856,-990.152,-185.44,-9240,12880,-2660
-0.102964,4.85432,-2.10512,-3.71173,-4.48788,-3.47081,0.224133,0.919902,9.77385,-0.933705,3.43439,-0.656866,-0.799127,-4.10876,-1.1333,0.612509,-6.832,-993.568,-187.392,-7700,10920,-2100
1.88989,11.5346,5.7247,-3.97904,-0.664157,-1.66761,-5.81116,-2.11387,7.98831,5.49578,7.51139,5.44531,4.7392,4.94049,-15.7816,-1.84534,-7.32,-996.984,-189.344,-6860,10360,-1820
-17.0431,-11.5964,0.227592,-6.11732,-2.25177,0.456748,-7.58509,-3.06183,-29.6101,-4.58723,0.191927,-6.45386,2.53481,2.4145,-16.31,-2.93068,-7.808,-996.496,-187.88,-5180,9380,-1400
-17.1292,-27.6893,-4.67833,-19.9419,-10.3127,-0.700318,-9.68811,-2.99023,-25.6399,-3.2925,2.63063,-15.2005,1.04703,-5.94779,-15.1186,-5.21994,-9.272,-996.008,-186.416,-3500,8680,-700
0.917171,-10.6276,-1.57654,-20.8015,-12.316,-4.91254,-13.5665,-7.35003,11.5825,3.61146,2.77654,-5.69374,-0.564283,-5.46978,-19.1356,-9.4013,-9.272,-999.912,-187.88,-1820,7280,140
8.95604,5.37472,2.904,-12.3215,-2.79462,-1.00519,-5.96343,-3.79066,22.7196,4.72582,-2.86968,6.28964,-1.66238,-1.01428,-12.9385,-5.25499,-8.784,-998.936,-189.344,-420,5880,1260
1.03584,9.73867,1.49066,14.7802,9.64085,2.1669,10.8531,1.39642,2.68441,-4.10672,-10.0413,6.9838,-3.56899,0.0640642,18.7531,2.45039,-8.784,-1005.28,-191.296,1260,5180,1960
-1.39532,29.4504,3.55181,45.1951,20.0924,3.08677,17.8568,3.29086,-6.0345,-6.87986,-12.0947,12.4008,-3.95462,3.98797,33.8308,6.45518,-8.784,-1003.33,-195.688,3640,4340,3080
-8.09501,1.03442,-1.86596,16.214,7.0865,1.01784,9.6265,4.52353,-19.9187,-7.397,-3.67114,-2.53676,-3.30459,-0.75965,14.4743,4.7794,-7.32,-1005.77,-193.248,5460,3500,4060
-4.92356,-15.1295,-2.51949,-3.77566,-1.48999,-0.507703,6.23656,2.78299,-7.6934,-2.60916,2.31422,-10.1678,-0.76788,-0.242177,11.7227,3.8886,-7.808,-1004.3,-192.272,8120,2100,5460
10.0671,8.70724,5.90131,5.10898,2.2673,3.08259,1.95921,-1.52285,20.5913,6.66987,7.22671,3.40416,4.8604,7.10098,7.97101,0.590021,-10.248,-1006.74,-188.856,10360,420,7140
7.47246,4.68219,5.72907,1.78753,4.0303,7.68799,0.321222,2.34017,7.84021,7.35418,9.98328,4.1771,7.52098,6.55173,-0.812926,1.022,-9.76,-1006.26,-189.832,12040,-560,7980
0.487871,-17.8501,-3.65034,-27.429,-14.8098,-2.27549,-12.9747,-3.04291,-0.856723,2.77368,4.95559,-10.5699,0.36521,-5.01401,-23.175,-6.67695,-10.248,-1008.21,-191.296,13860,-1540,9240
2.2151,-15.0266,-0.821983,-22.1921,-7.94239,1.6105,-6.18319,1.9446,-2.91168,2.41594,1.67998,-5.52065,1.1784,0.326222,-17.2504,0.473804,-6.832,-1012.6,-190.808,14980,-1820,10080
-2.65223,5.00335,-1.16772,8.09403,4.88509,0.835569,-0.179227,0.143256,-14.848,-6.09534,-8.27931,2.76595,-2.35732,2.05544,-6.81294,2.48312,-5.368,-1011.14,-192.76,16660,-1260,10920
-1.94355,8.3735,-1.10504,9.11694,6.38198,0.999847,-0.868475,0.71991,-15.2518,-5.56561,-7.66293,6.72654,-1.29697,0.547041,-11.3797,1.54791,-3.904,-1010.65,-196.176,18060,280,11620
-4.10425,-20.576,-7.31538,-17.4723,-9.91618,-1.97766,2.72479,4.52611,-5.25141,-6.21092,-2.15914,-10.2797,-3.22945,-6.11906,1.93703,4.05089,-4.392,-1013.58,-193.736,19320,1260,12180
2.34138,-5.81389,-3.48913,1.98295,-3.58395,-3.62028,12.9629,3.466,13.9241,-1.37967,0.963243,-6.04602,-1.66371,-1.8725,27.2279,7.97534,-7.808,-1013.09,-187.392,20160,3220,12880
10.9929,21.0075,7.95116,22.7524,9.93176,1.28087,12.9621,2.00058,22.7652,6.70727,5.64951,10.7109,5.28396,10.5484,25.2947,8.01222,-10.736,-1007.23,-185.44,21560,4060,13300
14.3263,25.9297,7.65305,21.4837,8.20946,1.80756,2.87554,-2.72954,30.144,10.2797,10.4483,12.8446,6.74534,5.72197,10.9715,0.177441,-9.76,-1004.3,-184.464,22820,5320,14280
12.9552,24.5076,6.3771,10.3189,4.42055,-1.50661,-10.4777,-7.86232,22.0565,10.6339,8.69065,13.6846,4.78714,0.773905,-13.3278,-7.38052,-12.2,-1001.38,-183,22820,7420,14420
-0.298816,-8.76642,-0.149564,-12.4653,-5.185,-1.90999,-9.44584,-2.70868,-5.32121,4.4662,3.10033,-2.7541,-0.541813,-3.15337,-16.9093,-4.58905,-13.176,-995.032,-184.464,22680,10080,14420
-12.3267,-26.5818,-7.88234,-17.2998,-8.49576,-3.41055,-6.06662,-2.44939,-21.0739,-4.41655,-6.95001,-12.1046,-7.20722,-6.11544,-9.5087,-4.53221,-13.176,-992.592,-177.632,21700,13440,14140
-9.31618,-12.5221,-7.51403,-5.56428,-3.44353,-2.20262,-1.9919,-1.63997,-9.78017,-3.76482,-6.76726,-6.13636,-6.09204,-7.13305,2.21051,-5.60602,-22.448,-985.76,-164.456,20720,15820,14140
-8.87408,-4.76823,-8.62467,-4.63586,-7.41443,-4.05312,-4.95917,-3.65999,-0.662853,-5.06286,-5.96957,-5.85133,-5.0604,-10.2428,-0.446414,-8.25465,-24.4,-981.856,-158.112,19180,18200,13860
0.022555,14.4964,-0.397918,3.87144,-0.961959,-1.54751,-4.45936,-1.58375,11.9457,-0.00422398,-0.201609,5.22355,0.660952,-2.28674,-4.19882,-5.10937,-24.4,-984.296,-145.424,17500,20580,13440
-0.473659,-3.12539,2.37362,-3.80408,0.216865,3.46442,3.88663,5.25199,-14.6138,2.79708,4.50393,-0.356239,4.86824,5.22818,4.9424,3.34285,-30.256,-984.296,-144.936,15540,22540,12880
-15.7489,-9.6975,1.81893,-2.77428,1.41319,2.41794,0.741027,-0.600167,-28.1958,-3.95411,-1.93689,-4.39091,2.84997,5.78546,0.285205,0.0745572,-25.864,-983.32,-142.008,12600,25480,11900
-7.70771,3.16942,4.32055,3.64738,7.06957,3.95729,-0.243915,0.282395,-9.79256,0.256066,1.56055,2.22979,4.01095,4.91406,-6.89185,-0.818648,-20.496,-976.976,-147.864,9520,28140,10640
-1.85102,-13.8537,-2.20659,-7.17875,-0.354953,1.52473,4.42252,4.86986,-10.1537,-4.30637,-1.25536,-6.89607,-0.369482,0.0124845,1.29823,4.39238,-26.84,-973.56,-145.424,5040,32060,9100
20.129,20.2906,6.52283,9.71958,8.72086,3.34073,5.75821,5.34189,30.1626,5.92689,-0.926852,14.1281,1.95403,6.34396,3.15299,6.84634,-27.328,-970.144,-143.96,2240,34300,7560
21.66,23.8519,4.4224,4.81715,5.3981,-0.14455,-1.22843,0.101947,35.7104,5.48149,-1.64924,15.2982,-1.11998,0.620293,-5.11048,1.10166,-31.232,-967.704,-145.912,-1400,35420,6300
-0.756878,8.98976,-3.69969,19.3869,6.99138,-2.55485,7.50978,0.842494,-12.1808,-8.03994,-8.62873,2.86001,-5.95232,-2.33983,16.549,3.54436,-29.768,-969.168,-148.84,-4480,36260,4760
-17.8751,-23.4193,-7.64493,-2.88799,-4.4897,-3.73934,-0.246958,0.45611,-51.562,-10.2953,-3.28047,-13.2873,-3.76092,-5.75436,0.119574,-0.807101,-29.768,-972.096,-155.184,-6440,35980,3360
-18.7205,-25.2185,-5.17769,-19.9041,-11.5517,-5.02882,-6.97038,-1.44136,-16.5235,-7.17707,-2.05855,-14.8993,-1.57196,-4.01776,-13.6298,-3.86658,-27.328,-970.632,-163.968,-8820,36260,1120
-8.05084,-6.25077,-1.06886,-4.78446,-3.81309,-0.709927,1.87507,1.93984,6.38931,-5.28596,-3.39857,-6.52185,-0.870437,2.10229,1.33111,3.38318,-28.792,-968.192,-167.384,-10220,36120,-700
2.30027,-0.501248,1.70237,-0.293481,-2.39244,2.35706,2.86623,2.93018,14.9838,1.47897,3.10255,-3.42163,1.09139,0.377652,8.06841,2.71657,-31.72,-968.68,-174.216,-12740,35700,-1680
2.71159,0.723043,0.98111,-1.53681,-4.88093,-2.3606,-5.71124,-4.22105,13.3302,3.51171,0.527368,-1.87745,-1.79635,-2.5975,-2.95878,-5.25195,-34.16,-969.168,-180.56,-14840,35280,-2940
12.0581,13.5486,7.04664,6.85342,2.81342,1.83987,-4.55187,-3.03584,19.0378,10.2835,5.43214,9.89701,1.54462,2.31571,-2.62628,-4.31241,-32.696,-971.608,-185.928,-15540,35420,-4060
11.8899,22.8708,4.91306,11.5792,5.21162,0.769593,-2.25276,-2.95061,17.1277,5.09486,-0.0542358,11.6886,-1.22243,1.14214,0.413632,-1.80739,-30.744,-971.608,-184.464,-16100,35840,-5320
9.54752,4.83185,-0.329726,2.47524,1.12275,2.12605,5.0625,0.381666,10.1586,3.1007,2.84176,2.98948,-0.840541,-1.81051,10.2263,3.03372,-35.136,-970.632,-182.024,-15960,35420,-6020
21.6501,17.8456,6.18846,12.5585,7.31195,4.05836,10.8752,0.453576,29.1466,10.8024,10.6969,12.3164,4.96093,2.877,18.5056,6.14346,-32.696,-972.096,-181.536,-16380,33600,-7000
5.98806,-9.91739,2.20002,-12.1087,0.0181656,2.81488,5.04513,1.53242,-1.85085,2.68504,6.96214,-1.20854,4.41646,3.07599,-1.62331,6.93799,-36.6,-977.464,-182.512,-16100,30800,-7700
-5.3508,-15.8999,0.279147,-11.216,-2.01802,2.43695,-0.205708,1.66289,-22.532,-0.290861,5.13014,-6.45751,4.81637,2.55038,-8.09108,3.65836,-29.28,-976.488,-183,-16240,28420,-8260
-3.74319,-8.32323,-2.89109,0.403529,-2.50027,-0.990719,0.788858,-1.23823,-6.72123,-1.15214,2.14337,-6.32847,1.35241,-3.15044,6.65108,-0.532167,-29.768,-978.928,-184.464,-16100,26040,-8540
2.0421,20.6476,2.50832,23.1928,8.47717,0.0645261,3.7737,-2.68774,12.7044,1.59843,-0.409209,8.25977,2.03395,2.45952,13.6439,-0.431399,-26.84,-983.808,-180.56,-16520,24500,-8680
-7.42438,28.9105,8.61373,39.5156,22.8048,5.83141,6.79198,2.12736,-23.3065,-2.65388,-5.78839,17.0308,3.24492,12.5146,7.48828,6.86232,-27.328,-984.296,-180.072,-16660,22540,-8540
-19.4775,-34.6253,-10.6364,-30.96,-16.7747,-3.72789,-13.4854,-2.22276,-36.9865,-9.62298,-7.86696,-18.1886,-7.32583,-8.9806,-24.2677,-4.60304,-27.328,-983.808,-179.584,-16520,21140,-7980
-4.20214,-24.8418,-6.21849,-40.3839,-19.1318,-3.11175,-14.5151,-3.21972,0.504883,-1.58169,-1.52236,-11.4531,-3.24227,-9.50431,-29.2084,-7.87098,-29.28,-982.832,-177.144,-16940,21000,-7840
-3.75449,-10.6526,-4.61943,-27.3118,-8.68885,-3.75037,-13.6766,-3.67377,2.11192,-7.21322,-7.45098,-3.08937,-4.07173,-4.7737,-34.118,-8.47306,-27.816,-981.856,-178.12,-18060,21700,-7420
-10.3311,-0.123554,-5.15644,-5.08775,-0.387974,-5.40128,-11.1229,-4.08954,-18.0137,-9.08691,-6.20186,-1.93527,-3.45455,-2.82693,-22.5918,-9.31252,-25.864,-979.416,-171.776,-18480,22680,-7140
-9.95103,-12.3895,-2.08819,2.8316,-0.497441,-2.641,-2.36731,-1.29175,-16.8132,-2.43247,3.53112,-6.40128,1.73204,-0.86157,7.57143,-6.72385,-29.28,-982.832,-165.92,-18340,24500,-6720
-1.01277,-14.5889,-5.18133,-9.10909,-12.9355,-4.73717,-4.37432,-0.711058,13.0236,0.150433,3.22262,-9.90363,-1.42654,-6.7005,10.6385,-5.45243,-27.328,-977.952,-171.288,-18620,26040,-6300
3.91611,14.9644,2.96696,24.7599,7.67029,4.01306,17.4443,10.1806,13.1529,3.52561,3.16225,5.58506,1.77459,5.73319,36.76,12.3405,-30.744,-978.44,-175.68,-19180,27720,-6300
-5.82974,-3.52652,-0.410754,5.24666,2.7504,3.06616,14.7822,7.91372,-6.44347,-1.54745,-1.60615,-3.37171,-0.0374093,3.73139,19.9976,11.287,-28.304,-980.392,-177.144,-19880,30100,-6020
-0.746059,-0.45471,1.52183,-3.9606,4.42389,3.15681,3.7042,4.50793,-3.6205,-0.447245,-2.55551,0.881315,-0.279089,4.87001,-8.96925,5.37461,-31.232,-980.392,-180.072,-20300,31640,-6160
12.9785,21.6213,6.40496,16.0903,11.3664,2.36844,1.34075,2.19631,16.4224,6.16852,0.0409286,12.8909,0.853677,6.59636,-6.34386,2.25405,-32.696,-979.904,-180.56,-20440,33040,-5880
17.5725,23.2,2.76333,5.94897,0.900761,-2.04886,-4.80712,-2.9261,36.7181,8.14208,0.465824,10.5856,-1.05085,-1.12826,-8.41904,-5.2833,-32.208,-980.392,-181.536,-19600,32760,-5740
4.52294,2.80406,-1.81196,-0.919975,-2.30494,-0.70731,7.81852,5.40166,15.8596,3.01831,0.801676,-2.12716,-1.17009,-2.07284,12.4369,4.16236,-34.16,-982.832,-185.928,-19040,31500,-5180
-4.84559,-2.8407,-0.818381,7.64553,3.09823,1.16745,16.1638,6.9498,-4.80703,-1.12293,-0.463544,-4.98484,0.362847,2.81974,25.0888,10.0896,-40.016,-982.344,-178.12,-17500,29680,-5040
-6.78659,-11.5438,-0.758383,-4.92758,-0.43567,1.42271,5.17777,1.9529,-19.9029,-1.24861,-0.130822,-6.58842,1.83057,1.82637,2.4255,3.56579,-39.04,-978.44,-181.536,-16100,27300,-5040
4.78061,1.74965,5.75272,0.502411,4.84355,3.47755,-3.7708,-2.73994,-7.5744,6.93418,5.48294,4.85744,7.03601,4.22673,-13.7859,-2.75664,-33.184,-981.856,-187.392,-15260,24640,-5320
13.1867,17.5434,6.27281,2.77444,1.92456,-0.677613,-13.2027,-11.1316,17.3596,7.94226,2.57309,12.5376,4.48114,1.7208,-17.0605,-11.9028,-33.184,-981.856,-190.808,-15400,24500,-6020
4.88638,-0.0482128,0.222258,8.52616,2.68111,2.4333,10.6193,-0.574376,5.1218,2.39537,2.17483,1.37985,2.06944,0.65975,29.9231,2.5191,-35.136,-981.368,-186.416,-13300,22540,-6300
0.326871,2.73731,-1.44281,17.1186,2.92478,-3.33997,6.95502,-8.16439,-0.567335,-1.16399,-0.295173,0.0584671,-2.72055,-3.28784,27.356,-4.16217,-34.16,-982.344,-183.976,-12460,20160,-6440
4.16387,4.48294,1.60386,-5.14231,-3.04483,-4.65459,-16.0035,-10.288,2.43631,0.0891288,1.34147,4.75645,-2.25294,-4.53046,-24.3627,-12.8949,-33.672,-983.808,-177.632,-11900,17920,-6580
-1.80766,2.49816,1.22549,-2.6392,2.44638,-2.82329,-15.1164,-7.50678,-15.2826,-3.79199,-1.70241,5.53357,-2.31237,-1.01123,-29.3,-10.2653,-31.72,-983.32,-178.608,-10780,15680,-6720
-3.62732,-1.73637,-2.71491,4.25409,1.56564,-3.25067,-3.80364,-3.11355,-8.67936,-6.11395,-3.71873,0.149665,-3.37459,-2.23842,2.55442,-4.16084,-26.84,-981.368,-175.68,-9940,14000,-6860
1.19389,-10.4902,-4.68511,-10.2135,-9.59336,1.04627,0.209634,7.50615,15.0557,-2.03335,-0.636613,-7.68931,-1.51891,-4.88892,11.2888,4.63838,-19.032,-986.248,-178.608,-9520,13020,-6720
-17.9448,-17.014,-4.12604,-18.093,-11.5311,3.88532,-2.32036,8.05644,-19.4926,-9.58867,-5.98285,-13.4355,-0.873502,-2.41935,-5.31617,6.70243,-19.032,-984.296,-178.608,-9520,12880,-6860
-11.7916,-19.2315,-3.73009,-19.2346,-11.0978,-0.0404938,-1.6916,-0.992024,-11.2423,-5.62474,-2.22715,-12.1535,-0.954842,-4.12913,-1.21899,0.995863,-16.104,-986.248,-178.12,-9660,12880,-6860
18.1426,22.8279,8.07379,16.1963,10.431,2.73571,9.74451,1.00863,34.6075,10.5536,5.85982,13.6804,3.33979,4.92104,17.3428,6.35051,-15.128,-986.248,-171.776,-9800,13440,-6860
5.65207,17.7093,4.90073,7.96181,8.40831,0.511814,-5.38833,-1.23592,5.09842,1.89659,-1.60971,10.6006,-1.14066,3.6179,-17.7794,-0.895735,-14.152,-986.736,-176.656,-9240,11900,-6300
-5.90681,-12.3218,-3.63969,-19.0162,-5.53151,-1.58142,-18.6043,-0.69912,-14.0452,-4.64802,-3.69767,-3.37961,-3.34614,-5.60231,-41.8811,-8.35848,-17.08,-985.76,-173.728,-8540,10500,-5740
-11.7261,-20.3783,-10.5562,-11.1588,-8.93638,-1.77476,-0.35115,3.92205,-13.576,-9.65792,-7.5626,-13.4485,-7.15789,-8.97057,0.207502,1.54286,-11.712,-986.736,-172.264,-7840,8540,-5180
-13.0492,-0.217561,-3.23374,7.28405,0.384,2.48291,3.23259,2.90306,-24.0766,-6.28185,-4.27196,-5.06894,-0.536677,0.0702518,0.709285,4.51901,-8.296,-987.224,-179.584,-7560,7420,-4620
-2.3507,20.6478,7.7823,15.8738,13.727,6.22662,3.72257,6.0858,-11.5958,1.7753,5.1932,10.1734,6.67401,12.2718,-11.9061,8.00154,-3.416,-993.08,-191.296,-7840,6860,-4480
-6.54591,-21.6423,-2.48309,-10.985,-3.61986,-0.120663,8.54912,5.08938,-10.593,0.426667,6.40694,-11.7486,1.74268,3.47649,11.1893,9.04651,-4.392,-991.128,-184.952,-7840,8120,-4620
9.09904,-13.1968,-0.749056,-1.417,-0.736016,2.21592,21.6341,10.0534,21.9244,8.07648,11.7789,-5.88253,3.53516,3.59942,37.1148,17.1816,-12.688,-989.664,-181.048,-6160,7840,-4480
10.8986,11.7355,2.62843,17.2882,5.23881,-1.34499,14.9819,-0.410787,22.1612,6.1329,5.85302,5.55698,0.845156,2.55199,29.3817,7.62443,-12.2,-992.104,-180.072,-5600,6300,-3780
15.1807,30.9718,8.95585,20.9772,10.762,-0.0967936,2.778,-8.5776,24.3075,9.89903,3.61788,19.3816,3.7144,4.96839,6.06531,-3.30038,-9.76,-994.056,-181.536,-5180,4760,-3220
11.62,9.70242,1.59039,-13.9519,-4.24493,-1.79159,-9.88256,-6.32239,21.03,5.68418,-0.0738065,8.543,-0.501271,-2.70316,-25.6516,-9.54959,-8.296,-997.96,-183.976,-4060,3360,-2940
-16.7444,-31.5092,-9.48856,-32.4406,-15.1371,-3.49044,-14.5265,-3.86925,-34.1136,-11.1983,-10.3287,-15.4139,-6.37309,-7.38877,-34.6426,-11.4537,-5.856,-998.936,-187.392,-2800,3080,-2520
3.62083,4.09805,0.115419,2.39285,-3.42365,-4.57132,-15.7483,-9.4794,6.82633,3.09584,-0.097775,2.01866,-0.303275,-4.42685,-11.9299,-15.9587,-6.344,-997.472,-189.832,-1540,2800,-2100
-3.40221,-0.321126,0.578555,4.08916,-3.24432,-4.39702,-7.34514,-5.98236,-5.61678,2.78923,1.24443,-1.05451,2.04843,-3.27352,8.36524,-10.217,-7.808,-995.52,-188.856,-280,2800,-1680
-14.7278,-32.2902,-8.6532,-11.6238,-10.8782,-2.88099,5.61449,2.13139,-20.5471,-7.27387,-3.70311,-18.3852,-2.54851,-4.88078,21.8893,0.823749,-12.688,-994.056,-187.392,560,2240,-1120
-3.56955,-7.29204,1.61891,7.34033,6.46893,4.60308,11.2506,6.68156,-18.6492,-1.21409,0.146566,-1.34589,3.33529,5.51948,17.0503,7.51488,-14.64,-994.544,-188.856,2100,1260,-560
-17.76,-6.56031,1.38968,11.5201,12.2471,3.70544,9.5128,4.78601,-56.9206,-9.65906,-8.26626,-2.74867,-0.112799,7.46878,3.41456,7.49338,-14.152,-991.616,-190.808,2940,280,-280
7.16985,16.2362,3.29324,18.8182,7.67761,1.07866,6.45804,2.92103,15.1546,2.83405,-0.226794,4.98528,2.36965,3.08128,18.1719,1.56171,-17.568,-990.64,-187.88,4060,-1120,140
9.31995,19.3437,-0.839637,20.1136,5.51817,0.816146,11.677,7.44953,28.7928,-0.189041,-3.45613,5.39215,-1.79419,0.671671,33.165,7.45591,-21.96,-991.616,-192.272,5460,-2660,420
5.20177,11.2027,-2.04707,11.6767,3.73339,3.70788,11.3112,9.2242,17.4969,-1.6511,-3.59552,2.96232,-2.36347,0.298709,21.3557,10.0621,-23.424,-992.592,-193.736,5740,-3360,420
19.8941,37.8945,6.87907,7.10403,6.11423,1.11311,-2.29677,-0.576614,46.9574,7.81714,2.67372,19.1791,1.6234,1.88782,-12.0787,-0.222992,-27.328,-995.032,-189.832,6440,-4340,560
11.037,7.55809,1.85489,-14.1192,-3.31587,-3.27076,-13.7689,-7.0528,26.4149,4.77856,3.6148,6.4377,-0.986807,-2.32301,-34.5468,-6.99693,-25.864,-993.08,-192.272,7000,-5180,560
11.3886,0.806804,6.2416,-45.8883,-11.1816,-3.16459,-39.164,-15.8704,13.708,10.1401,10.8849,7.39253,4.66969,-1.97301,-92.0644,-21.7164,-28.304,-994.544,-186.416,7700,-6580,700
8.19536,-3.70597,1.49886,-41.1186,-15.5875,-5.85992,-29.8459,-15.203,21.3862,4.67615,7.18955,-0.0192607,1.62329,-6.02635,-58.9978,-18.8325,-24.4,-995.032,-189.832,8820,-7840,980
4.15421,5.26442,-1.88501,18.0959,2.94859,0.0393957,11.625,1.66109,24.5,-2.4593,-1.70165,-1.70302,-0.997011,0.13691,36.9127,5.34504,-23.912,-997.472,-192.76,9660,-8260,980
-14.476,-17.4859,-2.58614,24.4431,10.0779,7.49514,23.5499,15.1351,-32.2668,-8.69279,-5.92805,-9.03212,-1.65395,5.36161,52.2453,16.5705,-25.864,-995.52,-191.296,10920,-9380,1120
-25.3591,-38.5533,-7.49393,-0.597799,-2.3334,2.70825,13.2397,7.26188,-59.4543,-12.2972,-8.89954,-18.6694,-5.41409,-0.87294,27.9545,7.49114,-24.888,-995.52,-192.76,11760,-9660,1260
-15.9248,-3.46638,3.36488,27.0821,10.4736,1.5014,10.7474,-6.88145,-43.2514,-2.00038,-1.51656,-0.452891,1.57834,3.31266,26.7097,1.68111,-21.96,-994.056,-193.736,12460,-9940,1260
-6.14573,-26.2187,1.35014,-17.8131,-2.92627,-2.33199,-6.87065,-11.2086,-24.554,2.38428,3.42771,-6.19987,1.81528,-1.33906,-21.0562,-4.93182,-20.984,-996.984,-192.272,13440,-10080,1680
0.237871,-17.7149,-4.53437,-30.8359,-10.3621,-3.12412,-11.2829,-1.40282,-1.03752,-1.16268,1.11528,-6.99698,-3.20141,-5.38333,-38.0631,-3.42372,-17.568,-996.984,-190.808,13720,-10360,1680
32.295,61.4296,9.0113,37.9342,8.24294,-2.74849,-1.69856,-2.13923,75.2553,17.056,11.7469,26.9818,3.38253,0.666371,21.2959,-8.20662,-17.568,-997.472,-192.272,14980,-10780,1960
25.4004,65.018,10.8642,40.2068,12.4236,-0.058865,-1.85538,1.53661,52.6052,12.4491,5.73767,29.6028,4.46815,4.39882,16.0983,-4.09095,-18.056,-998.448,-193.248,15680,-10920,2380
-16.9074,-0.378362,0.580269,15.4409,8.23703,8.3687,10.6649,16.2995,-45.7363,-8.38052,-4.38692,-1.11207,1.37043,7.32915,7.48589,15.8467,-13.176,-1002.35,-193.248,16380,-11760,2660
-15.44,-35.1532,-9.2028,-35.9781,-18.4432,0.06925,0.11189,9.98248,-19.9363,-8.31536,-1.2424,-21.9503,-3.12315,-6.50503,-15.8194,8.05078,-14.152,-1004.79,-195.688,16800,-12460,3220
-19.458,-35.2283,-8.56724,-11.1379,-4.96387,4.49082,20.8801,19.8216,-26.2058,-12.6308,-4.74649,-20.6817,-2.25891,-1.07677,23.4499,21.2194,-10.736,-1004.79,-198.128,17920,-13300,3920
-6.7362,-28.0138,-0.248941,-13.6713,3.25634,6.72934,13.0777,16.0216,-27.4216,-3.09883,-3.40378,-7.00508,1.22215,5.4692,0.85167,17.4841,-11.224,-1007.72,-198.128,19320,-14420,4480
-7.40359,-26.9812,-6.92938,-22.5801,-8.33839,-0.294748,-6.77197,-0.326573,-23.6811,-3.64299,-5.18768,-12.3627,-3.85719,-4.19573,-18.6371,0.509718,-11.224,-1006.74,-197.64,20580,-15540,4760
23.3055,26.093,3.48245,-7.12664,-5.1713,-4.13051,-16.5014,-14.6925,56.5989,13.4606,4.07004,12.1329,1.48737,-4.16898,-20.4616,-20.0187,-12.688,-1001.86,-200.568,21980,-17500,5180
26.6891,62.7871,3.97487,14.0965,-2.34972,-8.17534,-21.3637,-23.3374,72.779,9.32855,-0.0424501,22.8355,-0.629501,-7.69082,-19.8327,-31.075,-13.176,-1003.82,-203.984,22680,-18060,5320
-12.5672,53.2662,0.268402,53.7631,15.5986,-7.00563,-12.8632,-18.1318,-25.7562,-12.2535,-10.9963,16.7399,-3.31367,-0.111121,-4.80369,-16.2886,-11.712,-1003.33,-197.152,22820,-18200,5180
-45.5081,-72.0024,-16.3706,-41.0739,-16.4563,-4.24729,-6.76162,8.00783,-95.7518,-23.3068,-8.85895,-36.005,-6.31264,-6.85856,-21.5868,5.8048,-14.152,-1000.4,-195.688,23380,-18340,4900
-24.1252,-83.2936,-17.1793,-56.9384,-22.5017,-2.51403,11.357,14.2239,-43.6722,-12.5144,-1.53299,-39.3083,-6.78746,-8.17131,6.55457,17.7401,-11.712,-998.936,-193.736,23240,-19180,4900
18.5636,-0.93287,5.25061,5.12007,9.20208,3.8494,22.4239,-8.2861,30.2554,13.2939,9.01213,6.26296,4.18888,5.29647,33.9103,11.1127,-14.64,-1001.86,-193.736,22260,-19460,4340
9.68745,-20.1321,-2.22162,6.01275,4.43263,-2.20612,20.9283,-20.2518,16.0326,7.1814,4.15585,-5.99931,-1.5658,-2.64808,51.156,-1.82584,-15.128,-1005.77,-191.296,22120,-19040,3920
34.8909,30.2227,15.5513,23.7248,15.6542,2.60859,11.1851,-4.51653,59.6801,24.8646,17.8854,22.4601,9.45303,9.21462,28.0609,1.35308,-19.032,-1004.3,-178.608,21700,-19040,3500
20.6227,24.5143,15.5209,6.26019,3.3748,-0.245042,-14.617,-7.35562,31.3747,18.2246,14.2879,18.4339,9.6527,7.29391,-14.4746,-6.53225,-23.912,-1003.82,-179.584,22400,-19460,2940
-12.6714,-1.10887,2.18267,-0.876204,-3.22087,-0.88165,-22.7719,-5.02607,-16.0207,-9.77811,-9.82994,-0.835128,0.0854862,4.18254,-16.9537,-10.176,-21.96,-1001.38,-182.512,22960,-20580,2660
-14.7197,15.3305,-5.55212,24.3529,2.90281,3.84795,-1.01157,14.7231,-3.74824,-19.6755,-20.2432,-1.8325,-6.2941,2.44651,19.669,-1.17324,-24.4,-1000.89,-179.096,22960,-21140,1540
-13.3836,43.45,-0.642467,42.8578,11.6989,2.10599,0.112994,4.91149,-4.86528,-12.9666,-9.63784,10.5441,-3.39581,3.21565,6.60349,-7.83667,-22.448,-1000.4,-178.12,21840,-20020,280
-16.8873,15.0175,2.63966,1.65748,6.50773,3.07369,-15.7801,-5.88455,-39.3354,-3.7221,1.01452,6.40043,2.09218,6.17383,-50.2693,-7.80335,-23.424,-998.448,-174.704,20860,-19460,-560
19.326,-12.3443,8.05816,-46.573,-11.0224,-0.343626,-24.7559,-2.53037,11.0869,17.9122,13.5092,6.77972,6.47353,-1.03119,-67.3426,-9.99308,-22.936,-1003.33,-175.68,19600,-18760,-1820
41.1201,34.431,15.3545,-5.10193,0.318973,0.709731,-7.64135,6.48007,68.5129,22.3951,12.7463,25.8688,7.61942,1.87138,-17.7735,-3.24998,-26.352,-1005.77,-173.24,19320,-18620,-2380
19.8567,17.0076,0.0494082,-3.0492,-5.8454,-1.92584,2.98293,9.00332,43.3784,7.23556,5.34042,5.43711,-0.348638,-5.77943,6.43629,2.52523,-28.304,-999.912,-173.728,19740,-19180,-3360
4.4562,12.0948,-3.59874,30.6772,7.16648,-1.10731,24.6497,8.18864,15.3625,-4.25438,-4.86391,-0.201084,-3.59838,-1.30627,53.5762,12.1907,-27.816,-1002.35,-176.656,20020,-19600,-4060
12.2799,32.8055,7.60281,54.8538,26.2439,5.54697,38.4253,13.4981,18.8729,2.7362,-3.19125,16.5062,2.4872,11.5736,68.3195,22.9781,-24.4,-1002.84,-169.824,20300,-20020,-4620
-2.45872,-21.3232,-2.42708,-9.22501,-1.59885,0.251048,11.4059,3.1708,-17.1053,0.620108,2.58701,-7.96286,-0.562876,-2.16304,4.01966,9.20175,-28.304,-1002.35,-170.8,20720,-20580,-5040
-31.3918,-69.0796,-10.882,-63.9873,-21.7952,-4.39819,-22.5471,-15.5403,-86.594,-10.5303,-2.32239,-28.8751,-4.46928,-10.8343,-69.0381,-10.19,-26.352,-999.912,-165.92,21140,-20860,-5180
-12.5606,-51.0203,-8.22899,-56.2282,-19.646,0.292175,-14.5761,-3.74321,-30.0853,-1.64721,2.93886,-21.7061,0.273492,-8.56338,-45.2817,-4.11447,-26.352,-996.008,-165.432,21280,-21420,-5460
-19.721,-16.35,-10.2181,0.786207,-1.12198,3.42979,16.9165,10.9185,-14.9619,-14.5252,-11.6947,-17.1362,-4.41657,-0.743992,23.4,15.6702,-27.328,-989.176,-164.944,20860,-21000,-5740
-50.2101,-31.7143,-15.1294,14.88,5.32968,7.41341,26.9644,22.1344,-81.7539,-29.2338,-21.0558,-26.5549,-6.78085,2.98167,40.6413,26.8463,-26.84,-985.272,-160.552,19180,-20020,-6020
1.03685,18.187,-1.3704,32.0335,11.6591,3.65172,22.1525,12.8813,17.1615,-1.33605,-3.53908,4.02064,-1.03994,3.46458,43.2137,18.5274,-32.208,-984.296,-157.624,17920,-19180,-6440
32.0345,56.1973,11.4324,50.1709,24.0005,2.10476,21.7271,3.06909,71.4391,13.8929,3.11341,29.4224,2.39949,10.304,48.6171,9.98924,-31.232,-980.392,-147.376,16380,-19600,-7000
3.66294,-1.79053,2.04071,12.7932,7.69277,-1.52742,0.557889,-4.06994,-4.10769,3.1524,2.63776,3.96911,-0.140112,1.70471,16.5808,-5.48345,-34.16,-982.344,-146.4,15120,-20860,-7420
-19.7947,-64.3545,-8.31547,-72.6889,-35.7825,-8.55558,-51.9513,-18.4106,-62.7435,-3.25621,6.47285,-27.1531,-1.513,-13.7237,-84.0199,-31.9113,-31.232,-978.928,-144.448,14280,-22960,-7560
-7.28893,-28.8016,-5.793,-38.9582,-24.2837,-5.00863,-26.0823,-10.8041,-19.1945,-1.79326,3.62916,-14.787,-1.87082,-8.31928,-39.0915,-18.5078,-31.232,-976.976,-144.936,13020,-24220,-7700
29.8973,33.8932,6.51957,6.58351,1.20888,-2.63503,-3.96277,-10.3459,65.9503,14.8782,8.87339,16.3599,2.0501,-0.804848,-3.91084,-11.9528,-24.888,-974.048,-143.472,11200,-25340,-8400
30.0788,22.9031,8.65634,-20.2903,-7.9164,-8.49092,-27.4345,-20.6136,57.0254,19.2834,12.5157,16.931,3.64973,-5.31827,-46.2526,-27.1238,-22.448,-969.656,-147.864,9660,-25760,-8960
18.7932,12.1713,11.4011,-21.1743,-1.49659,-1.40413,-23.6985,-12.6903,28.9071,15.0635,10.7954,16.0769,7.48897,2.17418,-52.9645,-15.6209,-20.496,-975.512,-151.28,7420,-26460,-9520
-9.70401,15.9214,1.32846,30.9307,8.25256,-0.942095,4.32816,-4.3722,-14.3197,-7.34212,-5.1808,3.53368,0.479926,3.06209,20.1105,0.244546,-17.568,-977.952,-151.768,6160,-27020,-9940
-49.2188,-6.90218,-6.25437,64.8436,21.7116,2.73831,24.9976,9.541,-92.9191,-30.283,-18.1936,-11.2806,-1.53159,5.94441,88.8697,8.92064,-19.52,-973.56,-152.744,5460,-27440,-9940
-32.71,-15.7942,-13.1821,10.2132,-9.79544,-0.654857,-4.56217,9.71701,-40.0704,-22.2709,-11.4281,-18.8514,-6.13676,-9.99215,28.1126,-3.8757,-21.472,-975.024,-151.28,4480,-27580,-10780
28.0917,39.2185,0.353953,0.809982,-10.1187,-0.664005,0.754114,1.93204,87.0917,9.78831,4.28659,12.1171,-2.63916,-6.84465,-0.919424,5.69302,-20.984,-976.976,-146.888,3500,-27720,-11340
10.9692,11.9353,2.50604,3.08101,8.37742,4.59643,25.351,6.79358,32.7656,5.3982,0.936727,5.68568,0.248271,7.567,13.7016,26.5844,-18.544,-976,-148.84,2240,-28140,-12040
2.13359,-6.9663,2.91416,-4.28996,8.40407,1.14453,13.9089,0.918616,1.36455,4.11276,2.55343,-1.56075,1.01168,7.95335,-0.367605,14.5019,-17.08,-979.416,-150.792,1120,-27720,-12460
13.3193,-19.7748,4.00138,-35.5309,-5.58502,-1.46737,-14.0179,-7.18027,7.52061,10.8724,7.18086,-0.619122,1.74469,0.512768,-41.7439,-5.98852,-19.032,-979.904,-149.816,-140,-26880,-12880
35.481,34.2074,11.9815,14.7982,10.1636,-0.884217,-5.86364,-7.54099,53.5518,20.2236,11.1288,25.0266,4.2331,3.48869,-8.95615,-8.48789,-19.032,-985.272,-150.304,-840,-25900,-13440
26.7792,35.0754,4.99043,26.1695,10.0775,-1.44103,8.77611,-0.867423,51.7379,11.1865,3.1737,18.841,-0.56481,2.5672,22.3686,0.830776,-17.568,-982.344,-154.208,-1540,-25620,-13720
-5.95473,-2.08088,-3.14221,19.8286,12.3761,6.49604,27.384,14.7285,-11.1313,-7.6084,-8.87623,-1.53954,-3.31052,6.24225,40.3283,19.1521,-16.104,-981.368,-159.088,-2380,-24640,-14000
-20.3171,-30.5069,-5.41701,-5.60808,2.30072,5.79338,11.0619,11.8161,-52.3119,-13.7877,-10.8139,-14.1863,-3.83657,2.37475,10.1914,10.0522,-15.616,-981.856,-163.48,-2800,-23940,-14140
-32.3183,-42.7419,-0.262357,-29.3681,-8.36691,3.57681,-20.3782,-4.98002,-98.6785,-10.0434,-4.63196,-15.9689,1.8061,0.313079,-40.8805,-13.6804,-19.032,-979.904,-166.408,-3360,-22400,-14280
2.40016,28.9273,18.2124,7.72698,12.2372,5.9709,-17.8253,-12.726,-17.2738,9.40268,6.61391,22.3466,12.3398,11.7567,-34.4703,-14.4124,-18.056,-979.904,-169.336,-3500,-20860,-14280
29.1619,48.4366,6.13399,1.66193,-4.61318,-6.99124,-20.7997,-10.7856,70.7118,13.8891,10.9339,19.3841,3.34804,-4.91958,-28.8549,-15.8299,-15.128,-971.12,-178.608,-4760,-19460,-14420
9.49751,18.4769,-4.45756,13.4227,-8.79871,-7.79464,-7.85639,0.97216,30.5624,2.32612,7.30115,0.370577,-0.220166,-11.47,14.36,-9.41913,-18.544,-970.144,-172.752,-5880,-16380,-14980
-35.8247,-59.7098,-21.387,-18.3865,-19.359,-3.36714,12.5963,16.9782,-60.642,-23.4907,-10.334,-37.8246,-9.07325,-12.2387,33.462,10.9127,-18.056,-966.24,-188.856,-7840,-14420,-15400
-48.6447,-97.5997,-20.5889,-67.0252,-25.3951,2.69196,1.02448,16.964,-99.3409,-26.2484,-12.0117,-48.7685,-6.46681,-6.16506,-26.6192,11.9046,-24.888,-982.832,-135.176,-10220,-11480,-15540
-28.6806,-55.9785,-9.7865,-36.4123,-7.86939,3.35886,2.90562,9.08463,-59.3264,-17.8833,-11.356,-25.519,-3.37129,-0.532708,-20.8987,8.04927,-20.984,-974.048,-153.232,-11900,-7140,-16100
22.7203,45.2173,3.97223,32.4186,11.6138,0.643273,14.9256,2.92714,65.9708,6.98415,-2.80243,18.3463,-1.42054,1.36993,24.0259,6.88865,-21.96,-960.872,-166.408,-14280,-4480,-17080
38.0851,67.4294,10.5559,36.606,12.2066,2.12314,7.98529,1.3579,93.8502,18.913,4.39909,30.69,3.09205,3.9166,19.5632,4.04527,-24.4,-968.192,-173.728,-18480,-3080,-18060
6.50146,16.5433,3.42634,24.7699,14.166,6.15165,24.1935,11.6189,12.3784,5.46229,-0.461751,8.02571,1.30014,8.32877,38.3503,16.9937,-24.4,-979.416,-162.016,-20300,-2380,-18480
-6.00662,-16.6068,1.80749,13.0941,14.0942,6.34241,27.6492,12.9812,-20.7776,1.06501,-0.76377,-2.9105,1.54055,11.5102,43.5475,20.3279,-23.912,-981.856,-168.848,-20440,-1820,-18340
3.75342,29.9109,10.3438,29.2916,22.8815,5.9373,13.784,2.6778,7.14287,1.9679,-2.75507,19.0934,4.50628,15.0079,18.9351,8.2773,-29.768,-983.32,-173.728,-20300,-280,-18900
-11.2092,27.3852,2.2733,5.13388,1.98794,-5.44382,-20.7566,-17.0359,-8.29014,-5.46039,-6.37194,10.2417,-1.70134,-1.30752,-33.5508,-17.9686,-31.232,-978.928,-176.168,-19740,1260,-19320
-10.2974,-11.2633,-1.10932,-13.5385,-4.92187,-4.86922,-18.6246,-14.5727,-19.952,3.13643,5.29323,-4.67506,0.371304,-5.49224,-33.1492,-14.9437,-31.72,-972.584,-171.288,-19460,2940,-20300
16.4326,-22.6712,4.0805,-46.3608,-15.8944,-8.2647,-39.2113,-24.4483,13.2307,17.5101,12.812,0.126418,3.36968,-8.34671,-69.0293,-27.9054,-28.304,-973.072,-171.776,-21280,4900,-21000
10.1606,-14.7498,6.1988,-37.4972,-12.4852,-3.16316,-30.2236,-16.3841,7.78056,10.7256,9.24383,1.80778,5.64211,-1.26149,-52.8168,-18.4864,-28.304,-972.096,-167.384,-23380,8400,-22400
-0.380584,4.17491,-7.45832,7.30677,-11.9384,-5.80505,-2.6748,-5.5058,21.0207,-5.41331,1.13099,-7.23319,-3.94476,-10.1992,20.6602,-3.74338,-25.864,-972.584,-170.8,-25620,12600,-23380
11.7427,35.8023,-6.88501,51.5313,0.67974,-8.71571,16.6552,-1.29582,55.938,-2.96701,1.16563,3.7951,-7.48479,-10.7505,68.8666,4.00011,-25.376,-976,-166.408,-27160,14700,-24360
20.4119,22.4305,3.70913,28.8494,3.55232,-1.36237,7.73781,1.42077,37.1283,10.2097,10.5435,9.32479,0.77622,-3.77191,36.3998,1.63268,-23.912,-977.464,-163.968,-29120,15820,-25200
-2.62574,-34.3687,-3.19856,-20.3933,-13.3807,-3.76736,-11.0862,-5.06461,-26.4269,2.4329,6.25377,-14.1177,-2.07113,-9.24748,-6.18021,-9.17397,-22.936,-979.416,-167.384,-29260,15400,-25340
-14.9843,-39.6232,-8.32606,-20.5454,-12.2017,-1.37085,-2.0147,-0.314983,-44.418,-6.32223,0.214414,-20.361,-3.34946,-4.8641,-6.51426,0.409651,-18.056,-977.952,-179.584,-29680,15260,-25900
-26.0448,-68.9299,-14.9571,-74.3515,-30.929,-0.617837,-25.178,-3.0273,-62.3302,-13.8765,-3.48381,-36.2026,-4.2401,-8.27771,-68.8246,-7.26066,-15.128,-976.488,-178.608,-29680,16380,-26180
-28.0421,-55.8472,-15.2517,-60.6706,-22.384,1.48321,-10.2402,3.13287,-50.037,-19.3251,-12.6888,-32.6251,-5.87432,-4.41932,-44.9737,1.08628,-15.128,-971.608,-169.824,-30660,18480,-26740
14.7977,30.9722,5.34423,7.42062,5.49266,4.90988,-0.216624,5.51998,31.1705,0.961936,-3.94921,15.8358,1.55689,4.66348,-10.0989,2.29747,-11.712,-974.048,-166.408,-32480,19460,-27300
29.2134,71.4843,22.3268,41.7941,27.4614,7.31359,4.04829,2.12551,38.2951,13.2257,3.20761,44.0377,8.62946,16.9244,-4.38768,2.44041,-7.808,-976.488,-165.92,-33460,19600,-27020
3.91494,40.4322,15.4017,57.3365,41.0783,12.2258,42.2321,17.3391,-4.43583,-1.06462,-5.70303,27.7507,6.18996,24.515,56.6042,27.621,-2.928,-976.488,-171.776,-34720,19460,-27160
-7.2758,35.3577,8.2998,67.9843,41.968,10.4132,47.1478,16.5404,-7.59974,-9.11606,-11.4484,18.7652,2.33199,19.8696,72.8009,28.5084,0,-975.512,-172.752,-35280,18620,-26600
7.44974,35.9871,4.10396,40.7128,15.8833,-0.423108,18.3947,3.15325,19.39,1.6576,-2.29308,15.1022,0.654148,2.96036,35.3961,7.60313,3.904,-972.096,-176.168,-35700,18480,-26460
17.5835,30.4087,7.68548,31.6863,13.9411,1.18163,13.6931,3.98934,36.6727,11.1198,6.68677,16.651,5.06983,5.39031,31.6674,4.81851,2.928,-973.072,-171.776,-36820,19320,-26460
23.9117,22.9493,4.24354,23.5538,3.07325,-5.9472,-0.861707,-4.66771,48.9611,15.9817,9.5209,13.036,3.08784,-3.44211,29.644,-9.28633,3.416,-969.168,-170.8,-37800,20160,-26600
-0.591179,-28.4359,-5.15144,-24.1875,-17.7785,-7.55011,-18.8579,-6.49315,-10.9859,6.62198,6.97626,-12.6267,0.105721,-10.638,-13.0776,-17.3535,-3.416,-963.312,-162.992,-38500,20860,-26180
-19.1541,-62.3054,-8.7477,-63.1892,-28.4123,-4.74129,-30.2691,-6.55607,-52.5956,-1.26666,2.61855,-28.3871,-0.989536,-11.1828,-59.2188,-16.5569,-3.416,-955.504,-155.672,-39900,20300,-26040
-7.0282,-22.734,-11.2185,-23.0486,-15.6133,-0.274865,2.71386,8.01692,4.63213,-3.58725,-1.22431,-18.8633,-3.91348,-8.04558,-2.16737,6.12588,-8.296,-944.768,-130.296,-42280,21140,-26600
-24.545,-53.3392,-17.9341,-36.7421,-15.5697,5.18295,17.1295,17.8036,-25.0168,-12.4746,-4.55819,-35.8494,-5.01155,-5.55096,4.28206,19.3644,-1.464,-961.848,-141.52,-47460,23380,-28000
-32.8393,-93.5541,-22.6338,-76.9321,-40.4926,-3.84309,-16.9028,3.7909,-57.802,-13.1005,-3.01303,-53.0886,-6.79043,-18.5263,-38.6364,-4.58462,10.736,-966.24,-173.24,-48860,24220,-28420
-0.286888,-12.4501,-2.76564,-25.9611,-15.7393,-2.85166,-21.4216,-6.85137,7.62593,1.17243,-0.782217,-6.19754,0.0669802,-7.48444,-29.007,-13.0043,17.08,-971.608,-189.832,-48860,21700,-27860
11.4612,50.1447,13.5079,19.76,13.3522,3.24123,-15.502,-9.74492,25.4845,4.86423,-1.37355,30.8043,6.5632,7.50439,-20.9273,-10.5191,20.496,-981.368,-196.664,-48160,22260,-27020
-0.244453,51.6153,8.31638,28.7143,17.1348,0.0274199,-14.236,-13.0706,7.20746,-6.18228,-9.37146,26.1507,0.755851,7.59218,-18.8334,-11.9518,24.4,-981.368,-203.008,-46060,22960,-26180
5.65054,50.7423,12.5202,44.1563,30.7701,6.12462,8.99649,-0.765241,11.5222,-3.15159,-4.87161,29.285,3.33154,16.5675,11.2102,4.97817,22.936,-976.976,-212.28,-42700,22960,-24780
4.83147,39.8087,7.83759,30.5773,19.7355,2.45151,8.76491,0.2265,18.9531,-6.90224,-7.12223,23.0194,-0.507416,9.85863,16.3075,6.49665,20.984,-962.824,-214.232,-40460,23660,-23660
5.89826,22.6894,10.1064,11.3202,15.6302,3.59883,8.44137,-1.33054,10.1964,2.55974,0.53678,17.9794,3.6785,11.158,5.00471,7.24626,18.056,-960.384,-200.08,-40740,25340,-22820
8.14033,20.3224,7.31053,21.0899,10.4423,-3.14817,8.76972,-5.2205,6.12585,7.77566,5.14537,11.4663,1.77787,3.36665,17.5554,2.40766,20.008,-962.336,-201.544,-41860,25480,-22400
12.0456,40.3932,7.50938,40.8276,17.4309,-2.2197,15.2614,-1.59225,17.0184,5.42623,2.59933,18.279,0.0995754,4.94744,28.8498,6.55866,12.688,-957.944,-194.712,-42280,25620,-21560
-9.71694,-28.3719,-7.55446,-19.1199,-10.1309,-1.48698,-1.2475,2.08638,-28.7411,-5.53062,2.29479,-17.7317,-4.94398,-4.95282,-6.90795,1.26267,12.688,-957.944,-187.88,-43540,26880,-21280
-13.934,-73.1884,-13.9633,-57.8666,-32.3245,-5.55395,-21.1513,-4.19773,-44.1706,-4.58611,3.8071,-37.6926,-7.29657,-16.2811,-30.8525,-12.1444,13.176,-965.264,-178.608,-45220,27440,-20860
-6.50661,-42.6039,-0.905193,-31.705,-14.2812,-0.00636687,-11.5609,-4.80449,-37.4126,1.94231,3.33703,-17.5787,-1.55201,-2.98603,-26.0975,-6.17992,8.784,-959.896,-177.632,-46200,26600,-20720
9.50271,14.9672,2.72892,16.3337,3.96456,-0.112344,4.69183,-1.17119,18.7946,3.84102,0.140271,4.28036,-4.11914,1.55699,7.12696,1.29092,7.32,-959.896,-173.24,-48300,27720,-21000
21.3515,35.7855,-1.49999,41.4565,5.40953,-3.55332,15.5319,3.02204,61.3417,9.232,2.5507,8.54089,-7.48283,-4.14005,47.1406,4.4481,7.808,-959.896,-173.24,-50540,29120,-21840
-7.49653,-34.3611,-9.66665,-24.5253,-17.4305,-3.10404,-5.15914,2.37004,-10.7211,2.00746,2.60745,-20.4365,-5.58689,-10.7276,-6.88952,-3.47021,6.832,-960.872,-162.016,-54320,32060,-23240
-24.8189,-49.1236,-11.0532,-30.7549,-16.5207,-2.44701,-6.61152,1.46087,-45.8884,-9.24884,-6.01221,-25.3238,-3.53963,-8.13964,-11.1217,-3.40285,6.832,-970.632,-159.576,-56840,32760,-23800
-1.65759,-16.7272,-5.7206,-23.015,-20.2506,-6.42557,-21.5326,-3.56421,-1.23701,2.20984,3.41551,-9.90206,0.809273,-13.1629,-18.8616,-14.2667,8.784,-980.392,-164.456,-59360,33040,-23940
2.67409,1.37461,0.476312,-3.87148,-4.05062,0.35076,-3.83389,4.6121,8.88125,3.39798,4.09894,0.699135,5.52606,-2.07858,-5.33176,-0.905957,9.76,-978.928,-169.336,-59360,32620,-23940
-0.794285,6.75975,-3.42146,8.30747,3.94238,2.79245,16.0601,9.41683,18.3983,-3.39409,-3.73662,-0.780332,2.25935,3.43294,18.1546,13.3946,10.736,-976,-181.536,-60340,31780,-23940
4.96832,-2.81867,0.921428,-11.6615,1.2619,6.49937,7.67991,8.79147,12.1377,3.95253,3.6606,0.715396,6.93658,6.26634,-4.21305,10.5245,5.368,-972.584,-174.216,-61880,31780,-24080
-14.9848,-25.8756,3.51299,-15.3365,6.18722,6.91893,2.08765,2.20785,-49.4243,-5.61723,-3.77677,-2.91585,6.80583,10.9945,-11.3244,3.93559,4.392,-971.608,-173.24,-63280,31780,-24080
3.41923,13.9604,8.57353,10.0029,14.5716,5.20006,2.79049,0.109916,-4.58045,0.322403,-0.671635,15.1107,7.50617,12.0168,-0.853541,0.349697,0,-965.752,-170.8,-63700,29960,-23800
13.6343,17.4859,-1.20584,18.1737,3.82405,0.73541,11.938,3.89212,34.5582,2.66865,3.68044,6.3749,2.20585,-0.579672,28.0414,4.73585,8.784,-976.976,-170.312,-64260,27300,-23660
18.3663,14.5472,0.968188,13.8707,-0.183155,-0.867469,4.50866,-0.95632,32.1215,8.25906,7.00615,7.00053,1.72475,-4.38117,16.9491,-0.289809,19.032,-984.784,-199.592,-64820,25340,-23380
35.0702,58.825,21.1129,50.3418,27.8167,4.3383,13.532,-3.38816,49.5649,21.1172,11.065,39.9959,10.1892,12.9864,28.6103,4.38135,20.984,-977.464,-209.84,-62580,23800,-22820
30.0205,61.7337,18.5925,54.8775,29.244,2.774,20.4878,-1.70116,55.2021,16.8411,6.25721,38.3474,6.5806,11.4873,42.3146,7.88947,20.008,-974.048,-199.104,-62300,22960,-22400
0.707428,6.93715,2.40409,-2.84119,-2.64166,-2.64743,-6.40585,-7.76494,6.81632,1.85088,-0.9407,4.34381,-0.561993,-4.84334,-11.5048,-7.38517,23.912,-983.808,-210.328,-63280,19040,-21280
-15.6913,-22.195,-4.47426,-25.6133,-12.0834,-1.71707,-15.0988,-5.53421,-23.8984,-8.74648,-5.46547,-12.265,-3.25338,-5.26964,-31.9809,-8.54443,23.424,-996.984,-226.432,-63700,16800,-20720
-15.8473,-8.71553,-11.9889,-11.6403,-14.2467,-7.44768,-11.0324,-2.57194,-7.46479,-17.1313,-11.68,-14.2595,-11.1181,-8.43119,-7.89295,-6.44317,15.128,-979.904,-227.896,-57260,14280,-19320
-23.9802,-17.8939,-7.66009,-17.6227,-6.35755,-1.04256,-8.13366,4.19887,-34.9337,-18.1168,-9.02636,-13.5063,-6.02389,-1.14583,-17.8159,-0.205086,16.104,-986.248,-223.992,-52920,8400,-17080
-26.4617,-9.43939,-5.38788,-2.26989,3.88124,0.689034,-3.90021,1.47172,-48.1988,-19.0868,-12.9593,-8.74536,-6.55132,2.82896,-16.7311,1.51292,21.96,-988.2,-242.048,-50260,5320,-15820
-5.76633,13.8791,-1.03857,17.305,9.88348,1.39679,2.11907,0.813901,-10.7471,-6.52325,-5.71319,4.25759,-2.84925,2.84884,0.608752,2.43783,21.472,-980.88,-243.512,-46060,1960,-14000
-6.41696,-9.90738,-11.7761,-7.56182,-7.97694,-3.39287,0.710759,2.87989,-2.6715,-7.1757,-4.20422,-13.0474,-6.38135,-8.22794,-0.687062,2.06483,20.008,-974.048,-244,-42980,-280,-12320
-20.295,-37.1417,-15.7047,-26.4401,-14.9125,-4.48994,-2.66878,2.38529,-34.8953,-11.8551,-6.83478,-25.8264,-8.0058,-9.86055,-10.463,0.0732204,15.616,-976.976,-241.072,-40880,-2520,-10920
-17.1302,-55.7183,-5.4532,-53.7904,-15.4241,-0.810549,-13.8583,-1.26749,-56.3951,-3.41976,0.849391,-22.2074,-0.115707,-3.34426,-44.9094,-4.80664,16.104,-980.392,-255.712,-37800,-5180,-9240
-2.28154,-27.2577,4.06544,-24.1297,-3.30311,-0.480853,-6.97868,-6.69964,-29.2102,3.81105,3.37327,-5.91404,3.59143,2.69235,-17.7068,-4.22409,0,-964.776,-243.512,-34440,-7280,-8120
26.6545,38.5691,17.721,29.6661,20.4563,5.76991,10.1681,-3.16104,42.949,17.7026,9.54862,25.792,10.7719,14.6111,21.9027,4.80588,0.488,-968.192,-227.896,-33180,-9380,-7420
45.3909,74.109,19.6664,62.8164,28.5697,5.39307,19.667,-0.69698,86.068,26.0382,13.8018,39.6199,10.1112,14.1438,52.6863,8.08741,8.296,-982.832,-230.824,-33880,-8260,-8120
29.5651,64.7001,13.9291,68.8557,24.3805,2.80504,15.455,-0.884249,55.6185,18.0106,8.45809,32.5668,5.07725,8.49407,59.0077,2.68148,6.832,-980.392,-232.288,-30100,-6580,-8260
0.181975,3.65,-3.45909,7.92417,-7.72439,-0.91294,-2.77701,1.91664,2.00687,3.96114,4.06012,-3.5933,-1.74005,-8.13202,15.0289,-3.6074,2.928,-980.88,-234.24,-25060,-4760,-7840
-21.0987,-58.6821,-16.4176,-61.9999,-32.7424,-4.56558,-22.1866,-0.963145,-36.5735,-8.23701,-1.90284,-33.8756,-7.41603,-16.893,-46.6432,-9.58926,5.856,-974.048,-228.872,-22400,-4480,-7140
-19.5564,-62.127,-9.13934,-68.2521,-25.879,-0.536785,-22.479,-0.833625,-44.5243,-5.72008,-0.493217,-27.6822,-2.32734,-8.75657,-61.146,-8.2638,8.296,-986.248,-238.144,-20720,-5040,-5880
-2.94472,-16.4858,-0.294183,-15.0589,-5.93565,0.772764,-2.37147,1.60137,-9.15177,0.366966,2.10376,-7.18902,0.735104,-0.944124,-10.0596,-0.15999,9.76,-983.808,-253.76,-17500,-2240,-4900
-4.92491,-4.16098,-3.72749,-0.187277,-7.69192,-4.1617,-1.02344,-1.5933,3.17161,-5.92956,-2.93886,-6.32047,-2.80394,-4.63888,6.73028,-2.43875,3.904,-967.216,-245.952,-13160,980,-4620
4.41475,16.1809,-1.13789,12.783,-3.01373,-3.41815,3.73088,2.26639,24.9426,-1.90016,-0.550002,2.93246,-1.26302,-3.43313,15.4218,0.165631,3.416,-971.608,-222.528,-12320,1960,-4900
-7.66021,-7.24741,-5.96569,-4.40867,-5.39946,-3.74277,2.35683,0.689204,-0.515339,-8.83976,-5.33904,-8.44289,-4.78843,-3.56251,0.227508,1.1024,12.2,-995.032,-233.752,-12320,1680,-5180
-7.68933,-18.4675,7.15683,-16.5885,5.67605,4.89606,0.368181,-1.80194,-30.6338,-1.06428,-0.38074,-0.29754,5.26222,9.41055,-18.6452,1.65697,17.08,-996.496,-260.592,-8260,4620,-5040
15.7673,26.1827,11.2927,12.9437,13.901,3.0245,2.2143,-4.62815,21.1319,8.65616,1.14039,20.614,4.02819,9.14845,-1.47926,-1.21402,10.736,-980.392,-236.192,-3780,6580,-5040
12.7615,35.7955,7.0287,37.9306,19.6755,2.55134,11.4476,-0.36676,20.6722,3.46628,-3.70545,22.0417,-0.740613,8.41945,26.3908,1.92758,5.856,-972.584,-224.48,0,5320,-4620
-5.21495,6.25211,2.53148,19.82,11.3936,3.28729,9.95308,2.49929,-10.3704,-4.08787,-3.94083,3.59352,-0.108602,6.15412,17.8779,3.16362,7.808,-972.584,-211.304,2240,8540,-4760
-12.6741,-7.33402,-6.25366,-0.393017,-2.45562,-0.201121,5.35164,4.95907,1.23206,-8.62502,-3.12017,-11.2292,-2.6236,-2.10979,7.30807,4.90737,8.784,-969.656,-210.328,4200,12040,-4900
-2.66716,7.0283,-3.52268,-0.337656,-4.1401,-0.667007,0.214927,5.02289,19.2837,-1.06463,-0.846547,-0.507993,-0.939565,-3.30244,1.66783,2.85039,16.104,-974.048,-218.136,5600,16100,-5180
-3.60751,-12.6371,-4.04476,-14.422,-8.58733,1.63375,-1.74041,7.00313,-3.9742,2.01893,2.4298,-5.55958,0.705984,-5.82905,-9.67502,2.79236,18.056,-985.272,-223.992,6580,17640,-4760
-8.64255,-27.9387,-5.39601,-21.2085,-10.054,-0.821747,-6.37228,-0.0859784,-27.0291,-0.758542,0.353109,-10.8021,-0.32865,-7.53502,-16.8254,-2.38962,16.104,-973.072,-232.776,9940,16800,-3640
10.9251,20.2997,0.507696,19.1026,2.5333,0.0041902,3.58764,-0.22365,18.5677,6.45304,3.09538,11.1744,1.36883,-5.9947,14.2556,1.15503,14.64,-969.168,-230.336,11620,15820,-2660
0.808617,10.2411,-4.45845,16.6953,2.70295,-4.12297,5.84308,-1.41487,2.11063,-1.62966,-3.01872,3.20523,-3.39554,-3.92365,15.1597,2.63053,14.152,-967.704,-220.088,11620,15960,-2660
5.80598,9.11623,7.08861,17.6371,17.5802,2.25013,15.3388,3.58795,-3.00532,5.6781,3.53338,10.0101,4.48192,15.3643,17.7153,10.7676,15.616,-967.216,-229.36,9940,15680,-2520
17.4046,23.4888,11.2029,14.3861,19.9696,4.79547,11.4508,4.27661,24.4615,9.82721,6.02997,17.7245,7.17613,18.5191,9.31682,10.2503,20.984,-964.776,-224.968,8960,16380,-2240
3.72684,-14.0651,-0.893748,-20.5439,-5.30899,-1.65868,-14.0118,-3.72766,0.105641,1.02528,3.38522,-4.50545,0.692631,1.94693,-22.4435,-6.53579,23.424,-966.24,-223.992,7980,16660,-1540
-12.4773,-28.1131,-2.21558,-23.3585,-5.6948,2.43891,-7.64679,1.36318,-36.3381,-6.56212,0.225568,-13.8192,1.29646,2.99981,-22.0974,-0.851432,25.376,-966.24,-225.456,8120,15960,-840
-15.8325,-14.4014,-3.42322,-16.3353,-6.24278,0.164127,-4.20059,1.05483,-33.9381,-12.3292,-5.5119,-11.9562,-1.4169,1.21511,-15.9935,0.901972,23.912,-969.168,-220.088,7280,15820,-560
16.661,37.5798,-1.38517,25.6413,-3.29906,-2.90181,5.02334,1.07893,45.0903,-0.68494,-0.125425,8.75017,-2.53759,-10.3488,25.2996,0.0714467,24.4,-972.096,-222.528,6440,16520,-560
8.78692,22.4628,-7.90235,23.0996,-11.6577,-7.48658,-2.78487,-3.54602,29.1169,-3.54194,-2.39667,0.333796,-5.47157,-22.5749,26.1783,-9.44881,22.936,-970.144,-223.992,5740,16940,-840
-2.16696,-1.77328,-6.96549,1.79604,-16.2481,-10.6159,-18.0301,-9.86549,-3.74873,-4.11933,-2.38237,-7.86282,-5.92798,-16.4923,0.648497,-17.9093,22.448,-976.488,-223.992,4060,18200,-1400
1.55716,-8.81846,2.36525,-12.7596,-6.05833,-3.33087,-13.7894,-7.63295,-5.35647,3.32986,3.21923,-3.29546,-0.155881,-2.38766,-13.9902,-11.3209,23.424,-980.392,-225.944,3780,20300,-1960
-9.22968,-35.6576,2.43933,-42.0812,-12.1769,0.293143,-27.954,-10.4009,-35.2737,1.53772,2.84406,-9.57431,1.2727,-1.93225,-48.6163,-17.4761,25.376,-984.296,-234.24,3780,21280,-2380
-2.16131,-18.7689,0.898132,-22.6769,-4.90793,3.92929,-12.2021,-3.35917,-10.1015,1.96791,-0.830692,-4.0846,0.760469,1.86873,-28.1794,-5.56774,27.816,-983.32,-244,4620,23240,-2520
14.7482,17.0123,10.3726,11.4304,15.555,5.433,10.7085,0.434403,26.5958,11.3547,2.20997,15.4705,5.25898,12.9123,1.66197,8.37307,20.984,-978.44,-244,5180,24780,-2380
18.5811,31.1042,13.4059,29.3338,26.5334,6.45501,23.519,2.68496,30.4662,13.1616,2.68673,23.0889,4.24688,16.3042,22.3739,15.0766,13.664,-980.392,-255.712,5740,24920,-2100
1.47902,16.9748,13.4235,42.6843,38.4647,13.5065,41.623,10.9683,-14.6571,6.91099,1.8954,18.7756,6.70677,22.2975,52.0225,26.8109,13.664,-980.88,-259.128,6300,24640,-2240
-15.5622,-14.2564,1.2879,-0.935918,8.88863,4.26618,10.7836,0.862633,-36.0636,-4.92268,-3.79944,-4.61836,0.841187,9.21129,3.89432,8.09396,10.736,-982.832,-268.4,6440,23100,-2240
0.258841,11.1198,-4.10396,-1.11596,-6.96472,-1.30353,-2.14517,0.182781,25.1441,-1.16652,0.578303,-3.09679,-2.21702,-3.6292,-1.84475,-0.93133,13.176,-984.296,-270.352,7420,21140,-2380
-13.9295,-11.9612,-14.3057,-22.8256,-20.2541,-7.2139,-13.3303,-2.09959,6.31456,-10.6063,-3.92593,-16.8107,-7.56121,-15.0041,-18.9304,-8.19196,9.76,-979.904,-274.744,8260,20440,-2380
-22.192,-32.9273,-17.0939,-27.3859,-21.3953,-8.25633,-10.897,-0.015213,-24.884,-14.8496,-8.14664,-23.7495,-8.72045,-14.568,-15.823,-6.54564,7.808,-985.272,-262.544,9380,19740,-2520
-15.9128,-9.02673,-7.74691,-3.61992,-6.1204,-2.47373,-1.21156,4.08004,-20.1869,-11.1665,-7.06633,-9.22362,-4.21156,-5.4209,0.677749,0.405524,10.248,-990.64,-260.104,10920,19320,-2380
-10.3396,-13.8444,-6.63232,-12.5361,-12.0534,-1.54048,-4.74978,4.01833,-13.7821,-5.71718,-2.45073,-11.7308,-3.43845,-7.73359,-1.40371,-1.60878,15.616,-988.688,-257.664,12460,19320,-2240
15.0838,13.2646,3.00046,11.6537,1.15716,0.256227,4.33543,4.59746,30.264,10.7699,6.18957,7.89361,2.78831,-1.04315,18.5976,1.69598,19.032,-985.76,-254.736,13300,20580,-2520
5.76131,2.55135,5.02082,10.4624,8.11504,1.72103,6.88448,3.00377,4.60385,7.5538,2.50707,6.9283,4.607,4.59199,12.5037,2.90774,13.664,-988.2,-245.952,13440,22540,-2520
2.26753,-9.9466,7.55205,-8.74756,3.23107,0.635223,-2.99494,-1.79566,-11.8629,7.57914,3.06154,4.36356,6.88635,4.96867,-11.3001,-1.55593,17.568,-991.616,-236.68,13440,23800,-1960
3.05931,-9.85612,3.74873,-16.7177,0.757672,2.86726,-0.718187,2.46209,-1.13959,3.27743,3.17654,1.42678,5.18482,3.54785,-15.8592,2.8505,20.496,-993.08,-239.12,14560,22400,-700
-11.9343,-25.4341,-7.26551,-23.1115,-8.05803,-1.60793,-4.28077,1.19462,-25.5743,-10.6453,-4.41046,-12.8718,-3.053,-3.03471,-18.6276,0.700132,17.08,-985.76,-243.512,15540,20440,140
-1.19476,-2.20457,-0.193989,-3.40568,-4.68998,-0.0998791,-8.27946,-1.67799,-13.614,-2.73637,3.30341,-1.10685,0.671894,-0.849571,-9.8201,-4.10971,13.664,-985.76,-237.656,15540,18200,1120
15.4703,32.306,6.72757,29.6885,6.65575,-0.170224,3.78034,-2.61421,22.6974,5.68666,5.56173,14.6121,2.53993,4.9245,21.6746,-0.124523,14.152,-985.272,-243.512,15540,16380,1400
27.9148,51.8598,11.2918,47.3021,20.0405,1.40372,16.7534,-0.184841,52.592,9.74257,4.1463,26.559,3.06335,12.2101,37.4465,7.53822,12.688,-980.392,-237.656,16240,13440,1400
23.6777,49.7751,8.89786,46.2306,16.3625,1.02469,10.1711,-3.00374,48.7485,8.8762,4.37529,23.4695,2.01924,7.00796,30.6737,1.21475,17.08,-981.856,-236.192,16100,10920,1260
-0.918866,0.257846,-6.88022,-2.17538,-11.0787,-4.68774,-9.30214,-6.22704,12.4703,-3.55331,-0.377746,-8.00136,-4.82325,-9.19498,-6.10102,-9.02955,20.008,-977.952,-244,15680,9380,980
-17.6294,-31.5183,-12.5061,-29.1273,-19.1888,-4.07991,-14.6699,-2.55328,-22.1655,-11.4068,-4.71881,-23.825,-7.17474,-10.7138,-24.4815,-8.68803,26.352,-975.512,-240.584,15400,8820,420
-22.9225,-44.4892,-9.18016,-47.0737,-16.5112,-0.371132,-19.0229,-1.21704,-42.6497,-13.5061,-7.56079,-23.6331,-4.12446,-4.34288,-46.695,-7.57264,30.256,-978.44,-239.608,15960,9100,-140
-0.607631,-1.23971,4.85736,-1.14609,4.92829,2.79158,-1.28761,-1.21762,-13.8903,-0.756299,-2.86494,4.98681,1.68084,5.21521,-5.89548,-1.07867,33.184,-989.176,-236.192,15820,9940,-560
6.63854,19.1179,7.65494,15.0852,11.3039,3.02351,2.76975,-1.69476,4.34936,3.45498,-0.345737,13.983,3.27966,5.25651,4.98371,-0.539378,35.136,-980.392,-244,16660,11200,-560
-8.69337,-5.06508,-4.62073,-6.72379,-4.32525,-2.52632,-5.10837,-3.61986,-6.62253,-6.91337,-4.99843,-6.3127,-4.01425,-6.85849,-6.48906,-4.85976,30.256,-978.44,-239.608,17080,12880,-700
-1.18181,2.64725,-1.92311,-0.545907,-1.51329,0.0700641,0.287752,-0.0392725,2.48429,0.389976,0.0886603,0.0281591,-1.26383,-7.89658,-0.205306,-0.40405,25.864,-977.952,-233.752,17500,15400,-700
3.00307,-6.23184,-1.3287,-8.04926,-0.0880914,2.99705,4.62527,3.49765,1.56875,2.81975,0.486047,-0.161153,-0.0873694,-2.88948,-2.38376,4.8241,24.4,-977.952,-238.144,17500,16660,-420
4.06576,-6.3481,0.7477,1.34819,5.98832,1.08625,7.87534,3.20796,-3.46199,3.64098,-0.345117,0.75463,-0.114052,2.81567,8.33055,5.90122,15.616,-976.488,-237.656,17920,17220,140
-7.75194,-20.8077,2.36047,-9.26685,7.3913,6.89119,9.86424,9.38514,-29.5573,1.62197,2.25562,-5.60324,3.44718,8.67071,3.5255,11.4712,13.176,-972.096,-237.656,18060,18480,560
-11.5109,-4.68992,-5.70514,2.95382,-0.12562,-0.762102,5.86994,4.72594,-11.5394,-5.92537,-3.8187,-7.84307,-3.21781,-1.046,15.1006,6.48801,9.272,-972.096,-234.728,17080,18340,420
3.68246,13.969,-5.13406,15.1746,-4.87386,-4.2193,-0.529664,2.69065,23.4427,2.47897,3.80422,-2.01655,-1.58567,-7.46557,19.935,-0.293776,9.272,-973.072,-240.096,16380,17780,420
2.172,-7.78233,-3.33852,-6.53836,-11.4188,-5.13279,-6.06226,-1.97007,7.98912,3.8906,4.90938,-7.81705,-1.06512,-7.54995,0.632173,-5.02463,7.32,-971.608,-234.24,15820,16940,420
0.953157,-9.75021,2.9941,-8.93028,-2.81093,-0.825181,0.142761,-2.41878,-8.49344,4.45207,4.33462,-0.951805,2.33146,1.10091,-5.93746,0.241906,5.856,-973.56,-228.872,14980,15540,560
4.99148,17.1874,7.75902,19.0746,13.7372,4.45789,18.1078,2.42402,7.73272,3.92591,1.15113,11.5737,3.7884,9.94389,19.3398,11.8735,6.344,-978.44,-229.848,14420,14140,420
11.1606,13.9316,6.64903,15.9122,12.6305,3.8536,18.2804,2.18364,17.9713,6.2694,1.1603,10.4959,2.73439,8.15976,20.258,11.0711,10.736,-974.536,-231.312,14560,13160,420
5.84041,4.8879,14.0923,6.72668,16.7819,5.1992,2.76253,-3.38837,-16.851,8.92108,1.24337,16.1042,7.18286,14.608,-7.09169,2.37411,8.784,-977.464,-229.848,14700,11620,420
23.5557,36.4431,17.5739,15.6952,18.2213,4.34818,3.31042,-0.635046,33.8228,15.4023,4.83067,29.5303,8.56924,14.3801,-6.47584,2.5007,13.664,-981.856,-225.944,15260,11060,420
17.7973,29.2273,4.55298,13.8141,2.1388,-4.15883,0.465561,-2.02588,43.1372,7.73518,3.73856,15.2847,-0.045729,0.63788,5.592,-2.69475,16.592,-978.928,-227.896,16520,9940,560
1.73023,6.1812,-2.19974,6.82515,-5.37194,-3.4568,-1.10722,0.608237,12.2716,2.10911,4.01021,0.220695,-1.52504,-4.54176,7.40778,-3.48006,15.616,-975.024,-217.648,17360,9240,840
-7.1095,-12.2808,-7.93178,-14.4905,-14.0877,-5.22948,-9.65009,-1.62154,0.275512,-6.53666,-2.68001,-10.9192,-4.3542,-8.72611,-12.6826,-6.39071,19.52,-975.512,-215.696,17640,8540,980
-4.44995,-0.415047,-5.2848,-2.55656,-5.97087,-1.38173,-0.770201,3.44524,8.00201,-5.91455,-1.74541,-4.89263,-1.35362,-4.3506,0.675143,0.374846,17.08,-973.072,-215.696,17080,7140,1260
-10.819,-12.7673,-3.78486,-2.1549,1.53826,1.58144,5.55886,3.67115,-21.9456,-4.39293,0.0368286,-6.70569,0.619575,1.12614,4.37422,3.06007,21.472,-978.44,-214.72,16660,5740,1260
-27.2921,-39.0566,-5.28977,-20.5395,-3.77043,-1.65312,-21.0779,-9.85574,-68.4184,-10.7592,-4.44739,-16.0587,-0.145932,-1.57257,-25.9131,-18.0479,20.008,-975.512,-215.208,16100,3780,1400
5.64758,8.29113,1.38221,13.4732,-5.82578,-3.65334,-23.4213,-11.1807,3.81062,4.16477,4.82689,1.86802,1.61764,-7.23629,3.4292,-22.365,25.376,-975.512,-215.208,15400,2380,1540
2.8421,-0.775424,-6.36231,-4.04811,-12.3657,-3.95252,-15.1081,-5.24016,18.3549,-6.30219,-5.29883,-7.10842,-5.84361,-8.7703,-3.40274,-11.6814,23.912,-975.512,-212.28,14840,1540,1540
-9.83555,-18.0087,-6.4323,-22.5627,-11.6244,2.4057,-8.44841,4.34843,-10.4827,-9.65206,-4.98146,-12.4486,-3.49805,-4.09504,-20.0821,-0.219013,30.256,-976,-208.864,13580,1260,1540
-19.9257,-23.8653,-8.51163,-23.4821,-9.40719,3.90521,1.89925,10.643,-25.0596,-13.9247,-7.0946,-17.6431,-3.92918,-3.45328,-14.9334,9.81583,29.768,-974.536,-206.912,12320,1400,1120
-21.266,-26.6077,-11.6718,-25.143,-10.2101,1.97985,3.55055,7.58391,-26.3765,-16.0298,-10.2652,-19.6635,-5.22928,-4.27905,-15.7525,9.41964,28.792,-975.024,-198.616,11060,1400,700
-13.0296,-6.80975,-6.01973,-10.0516,-5.54126,-0.380761,-4.54645,-1.87533,-24.5133,-9.39387,-7.10782,-5.89898,-1.52003,-2.89162,-15.5354,-0.331257,25.376,-972.584,-200.08,10360,560,560
-14.6423,-20.6672,-12.0707,-17.302,-11.1983,-5.70414,-7.19999,-7.97537,-25.5275,-11.9664,-9.85562,-15.72,-5.83707,-8.70666,-12.6885,-7.09627,25.864,-971.608,-197.64,9240,280,280
0.877646,-9.5041,-4.33946,-12.8667,-5.75921,-4.09649,-6.30682,-7.76792,-4.26349,-0.0930444,-0.829418,-4.83555,-1.53426,-4.03651,-12.2063,-5.9424,22.936,-971.608,-198.128,7840,420,-420
8.58852,2.43044,-0.855301,-5.62858,1.19148,-0.64705,3.47123,-1.35772,18.1953,-0.0505694,-2.10733,2.9261,-1.11649,0.366455,-2.45392,2.19091,23.424,-967.216,-195.688,6860,980,-840
3.77765,13.1208,0.403836,11.5441,8.04055,0.638931,11.127,1.32388,15.5194,-3.44674,-4.95495,5.5504,-1.06698,3.43472,15.2959,7.00329,25.376,-973.56,-201.056,5740,1680,-1540
1.98144,19.9187,2.99785,20.4021,9.08476,2.12577,2.70746,1.30698,10.906,0.160412,2.05256,7.56359,1.89768,4.60923,16.6766,0.863709,25.864,-971.608,-205.936,4900,2660,-1960
8.70552,11.7953,3.74761,10.0596,2.82362,-2.42649,-2.43154,-5.03118,15.9172,6.5614,6.33074,4.9662,-0.228106,0.0426337,6.57031,-4.71468,26.352,-970.144,-211.792,4200,4060,-2240
19.5851,14.0937,14.0283,2.20808,9.00032,1.74018,0.719512,-2.50398,17.936,17.5908,12.0255,15.5224,6.05928,6.91946,-4.43892,-1.03764,22.936,-973.072,-208.864,4340,6160,-2660
16.4453,14.9594,9.60513,11.5311,6.06722,0.633277,6.51263,0.996633,15.1721,14.1431,9.57155,12.2101,3.09774,3.83554,11.2576,2.41457,18.544,-971.608,-206.424,3920,7280,-2800
13.6917,16.2062,6.72708,18.5521,4.89043,0.149539,8.07613,4.16999,15.1566,12.8095,10.072,9.62189,2.99726,2.85337,18.6262,4.67631,15.128,-973.072,-202.52,2800,7840,-3220
20.7116,21.0017,10.5335,22.4803,10.0464,2.22191,11.2009,6.56484,26.3427,17.1189,12.7652,15.3209,5.47779,6.57126,19.9874,8.26254,13.176,-973.072,-203.496,2380,8260,-3220
19.6516,21.6896,13.3391,24.266,18.2221,4.81966,19.88,5.73637,25.0821,15.3301,8.75213,19.4592,5.41074,13.1921,23.9645,12.3277,11.712,-973.56,-201.056,1540,8400,-3500
14.9961,13.7659,13.3958,20.6354,18.5664,7.25217,16.8547,4.77782,13.8451,12.5271,7.09713,16.1586,7.01404,13.2631,19.4789,9.9511,11.224,-971.608,-200.568,560,8820,-3780
6.17899,8.43801,4.44843,20.0458,10.4098,5.77831,17.2673,7.0783,12.6364,2.18311,-1.17162,6.56107,0.981102,1.28047,23.4241,11.3125,6.832,-973.072,-201.544,0,8680,-3920
-6.83076,4.04836,-2.549,14.8088,0.285201,-0.561457,7.15641,1.26383,-5.10198,-4.68422,-6.73529,-2.10941,-3.13788,-6.13097,15.2906,2.88772,9.272,-972.584,-201.056,-700,8540,-4340
-19.7168,-14.4598,-2.08429,0.976817,-1.46736,-0.137266,1.53871,2.7304,-37.6232,-5.50485,-2.05298,-9.75581,0.59137,0.0196317,5.15285,0.963458,8.296,-976.976,-201.544,-980,8400,-4480
-15.7929,-17.2223,-6.76353,-13.0484,-8.07042,-2.57491,-2.60731,2.74628,-21.0654,-6.85997,-4.93977,-13.0293,-3.40662,-2.98155,-8.15319,-0.352011,9.272,-976.488,-196.176,-1540,8120,-4760
-0.385878,-9.33866,-1.57642,-26.2124,-6.77279,1.49015,-11.7925,2.15414,7.25558,0.961811,-1.98287,-2.04512,-0.382553,0.219594,-33.2279,-2.12472,9.76,-978.44,-195.2,-2660,7420,-5180
-2.69263,-15.025,-2.74789,-26.6625,-7.04967,-1.34286,-17.1527,-3.17687,-2.3621,-2.73126,-3.06183,-3.03124,-1.78228,-0.805829,-30.9214,-7.68376,10.248,-978.928,-190.808,-3360,7140,-5460
-13.9738,-16.3801,-5.78363,-13.5956,-5.01995,-6.4617,-13.5042,-6.8834,-27.0676,-9.21912,-5.27747,-7.49732,-2.24458,-3.10083,-15.893,-8.36221,12.688,-977.952,-190.32,-4200,7000,-5740
-17.687,-13.4628,-6.6246,-9.1237,-2.35385,-1.56149,-2.5302,0.276048,-27.6563,-12.1153,-5.28691,-9.6385,-0.918361,-3.43522,-4.01974,-0.974534,16.104,-978.44,-184.952,-4480,7000,-6020
-4.50571,9.69383,-3.05602,11.1925,1.60072,2.80165,5.34531,2.61336,4.90652,-7.10236,-3.59156,-0.257876,0.140807,-1.80507,15.5863,3.19799,13.176,-979.416,-190.808,-4760,6300,-6160
8.54733,17.2745,3.85309,13.4411,3.04831,4.09777,5.9427,1.10427,22.5761,2.17486,0.544354,8.32654,3.86763,3.57432,14.5819,4.6871,13.664,-978.928,-190.32,-4060,5460,-6440
2.45648,0.802832,-2.69203,-3.97291,-7.03609,-2.29967,-6.18039,-4.98439,7.98398,-1.49746,-0.761716,-2.11037,-0.525552,-4.88351,-2.28966,-5.3127,13.176,-977.464,-195.688,-3780,4620,-6440
-6.4014,-15.2073,-7.30846,-21.483,-14.2589,-4.5532,-17.0542,-8.92976,-9.58171,-6.43875,-2.69693,-10.0498,-3.92158,-8.75709,-19.6985,-12.2587,16.592,-979.416,-192.76,-3500,3220,-6440
-4.502,-8.91091,-3.21563,-9.15394,-3.19744,-0.189551,-4.12859,-2.78671,-11.359,-4.19872,-2.61134,-4.44581,-2.01847,-2.38909,-5.66167,-2.90225,18.544,-978.44,-198.128,-2660,2520,-6160
4.62287,7.8119,-1.64014,3.33681,2.56859,0.301832,5.75549,0.0444581,10.9086,-0.948077,-2.52329,2.83464,-1.72696,0.447803,2.8104,3.26393,21.96,-980.392,-198.616,-2380,1680,-5880
0.0456831,-6.69234,-3.41649,-17.1994,-8.29309,-0.904262,-8.11085,-3.15108,-0.912656,-1.27974,1.54649,-4.47597,-0.828229,-3.15442,-25.8167,-3.84135,25.376,-978.928,-203.496,-2380,1260,-5460
-10.4992,-14.733,-5.05975,-11.262,-4.17405,2.48698,0.835192,2.24078,-15.7537,-5.88086,-0.579567,-10.677,-0.829431,0.672611,-9.31626,3.49312,25.376,-985.76,-201.544,-1820,980,-5460
4.7924,5.21086,0.851053,10.6314,0.771478,-2.22153,-6.60784,-4.88645,6.12911,4.11095,3.50368,1.6704,0.953405,1.51971,9.11486,-7.37302,23.912,-983.808,-202.032,-1120,280,-5180
10.7824,7.64709,5.35076,12.4505,0.622806,-3.56299,-17.4673,-8.19939,7.26468,11.5262,10.5414,6.20363,4.88025,-0.512673,3.14414,-17.2581,17.08,-979.416,-201.056,-280,-420,-5040
6.8165,6.77394,0.891015,2.00237,-5.13629,-5.1599,-13.3083,-7.52152,9.85578,4.90947,3.5564,2.47147,1.27197,-4.03871,-8.25864,-11.531,19.032,-980.88,-196.176,1260,-1820,-4620
5.69295,9.18727,3.46207,2.53062,0.796709,-0.708537,-2.67054,-2.18995,8.75183,4.48791,1.875,4.58679,2.89517,-0.364174,-4.76759,-3.82511,19.52,-979.904,-198.616,2240,-3640,-4340
-3.09316,-11.1258,-2.84054,-13.0763,-5.56297,-3.74429,-1.87761,-2.39169,-6.2073,-0.862342,-1.12392,-7.49205,-2.30919,-4.67035,-10.1257,-3.13123,21.472,-981.368,-201.056,2520,-4340,-4060
-9.52703,-22.3997,-6.00833,-22.5641,-8.89466,-2.7899,3.22008,4.22828,-18.4822,-4.43322,-2.70279,-13.1038,-4.3384,-3.91932,-11.3067,3.63512,22.936,-982.344,-203.496,2800,-5320,-4060
-10.6494,-14.5597,-5.45175,-10.0226,-3.51811,1.97569,11.4983,9.47603,-19.2853,-5.49776,-5.49154,-10.2052,-4.29905,-1.21102,3.39229,9.61789,22.448,-984.784,-203.496,3220,-5880,-3920
-6.42637,-3.50135,-4.24125,-0.818778,-1.00675,-0.577479,5.76932,4.4881,-4.32719,-8.94499,-9.11717,-3.94818,-5.42171,-0.796681,4.52871,4.14945,22.448,-985.76,-203.984,4480,-7000,-3500
-11.9405,-0.658287,-2.8536,4.00671,3.21863,0.543934,8.94641,6.28037,-6.12122,-11.0838,-6.65872,-2.25018,-3.75749,2.38721,8.85193,7.16834,19.52,-984.296,-200.08,5180,-7980,-2940
-1.63293,9.25525,6.07415,17.2285,14.1831,2.93372,14.8748,5.20636,1.00862,2.35123,2.08187,7.71339,1.71946,8.63888,21.016,9.34924,18.544,-982.344,-194.224,5600,-8960,-2660
15.3809,23.138,13.5362,33.3344,27.0454,6.77184,23.0029,5.2779,13.8595,11.2817,1.59807,21.3572,2.4516,15.9908,32.3851,14.4292,20.496,-980.392,-198.616,5880,-10780,-2380
13.2961,19.0607,8.07571,22.8529,19.4446,8.48063,16.2291,7.464,10.6647,5.9233,0.663618,17.2374,1.75591,11.8627,15.692,13.6024,19.032,-976.488,-196.176,5880,-11340,-2100
-3.51573,-5.50994,-3.9791,-9.02263,-5.8249,2.27902,-2.79983,0.374428,-2.43589,-4.32088,0.00806432,-6.45296,-0.671592,-5.20576,-12.8384,0.261597,22.448,-975.024,-199.104,5880,-11900,-2100
-1.03933,-1.62782,-5.02864,-3.34299,-9.44149,-1.55877,-7.45124,-5.53849,4.4308,-0.498509,3.93901,-8.50923,-1.20502,-16.2427,-6.40293,-8.92349,17.568,-971.12,-199.104,6300,-12040,-2100
6.47927,1.66482,-1.74869,4.46376,-10.0345,-8.1652,-11.1549,-7.49739,12.8767,2.55219,0.379655,-2.28332,-4.73466,-14.4127,2.16319,-12.8237,18.056,-972.096,-203.984,6020,-12320,-2100
12.7471,12.3706,5.113,9.1602,-4.17342,-4.21655,-5.87605,2.61676,19.1672,5.3346,-0.696994,7.41663,-0.984326,-1.05225,4.92562,-2.44554,20.008,-972.584,-203.496,6160,-12320,-1960
17.0461,23.8744,13.0155,16.9885,12.1429,6.77505,12.9619,10.6565,21.0723,10.3755,6.34429,17.3814,8.46046,15.4403,17.4521,15.93,16.592,-973.56,-208.376,6720,-12460,-1960
2.63577,-0.0181236,7.19967,-5.29823,5.78709,7.61561,5.54074,-1.71108,-6.52027,4.09393,5.16057,5.16334,6.99188,12.7631,-4.70157,12.3128,14.64,-978.928,-211.792,7560,-12880,-1680
-6.31885,-14.1881,0.244618,-15.4005,-3.08246,6.78387,-5.26104,-4.9484,-16.7291,0.314223,5.14381,-5.56996,6.56,5.76733,-13.7577,-2.09786,13.176,-982.832,-215.696,9240,-13720,-1540
-7.95158,-17.2012,-3.26295,-15.7381,-6.80811,0.278618,-8.72508,-2.62509,-17.5341,-1.15958,3.97239,-10.223,3.43026,-0.875767,-11.413,-9.02134,9.272,-980.392,-218.624,10500,-13860,-1400
-6.20432,-10.2327,-1.01773,-9.71738,-0.344811,0.639017,-2.76311,1.22319,-15.2139,-2.07786,-0.055307,-4.25517,0.441068,0.146853,-7.66083,-1.138,8.296,-986.736,-222.04,12320,-13300,-1540
-1.97222,3.32654,0.505879,3.768,6.3361,3.14895,7.81489,7.43387,3.46542,-2.58589,-1.27864,3.42086,0.524854,4.37414,6.45003,8.27504,10.736,-989.664,-238.632,14840,-12880,-1540
-0.249706,9.47291,1.2959,10.6745,7.74258,-0.486856,7.73743,1.6174,16.248,-2.30489,-3.71651,6.51139,0.086615,3.13876,9.71051,4.02933,-3.416,-970.144,-182.512,18340,-11480,-1680
1.80162,13.8916,2.20422,10.0007,4.58069,-2.76797,-1.55466,-4.3649,14.6593,5.06423,1.52592,8.65797,2.93855,-0.164159,3.62629,-4.85155,7.32,-989.176,-181.536,14140,-12740,-2240
1.24028,6.96898,-0.992118,4.6708,-3.49926,-5.74508,-13.7776,-10.5935,5.29108,6.11024,2.74883,4.99494,1.49627,-9.40979,-3.28989,-15.9108,10.736,-980.88,-216.672,15260,-13720,-1960
-11.3907,-22.9861,-10.5631,-16.9858,-18.1919,-14.0575,-20.7721,-16.5718,-21.5609,-4.0005,-4.31857,-13.0187,-6.11227,-17.3696,-18.7029,-21.737,8.296,-974.048,-214.232,16800,-9800,-2660
-0.722688,-1.55396,-8.36202,-4.82904,-10.0168,-16.3581,-13.1977,-10.4532,1.0234,-4.94449,-6.27974,-3.8678,-7.62454,-10.2085,-9.31574,-15.6214,0.488,-977.952,-186.904,17220,-10080,-2800
9.27756,15.8419,-1.4534,2.33543,-1.65576,-3.68856,-4.55395,-0.305529,23.1258,-0.464414,-4.34805,6.56117,-4.29972,-0.377972,-3.20328,-1.4971,1.952,-972.584,-180.56,16240,-12320,-2940
4.20309,4.73024,1.44146,-7.75315,-1.82758,7.54783,3.14237,10.1271,13.9808,3.78502,2.99355,0.351424,2.42507,6.48839,-4.80971,10.8683,7.32,-977.952,-184.464,14840,-14140,-3080
-5.11405,-9.92019,-0.365508,-4.20386,1.32261,4.24093,8.6943,6.85668,-11.2448,-0.6192,-1.94073,-7.81438,0.324518,4.09308,7.42419,9.60054,16.592,-980.88,-191.296,14420,-16100,-2800
3.58837,1.64277,3.27216,9.66936,9.31521,3.0734,7.46612,0.662586,-4.78946,1.63852,-2.15665,2.6996,0.544764,4.87038,10.3046,5.12987,16.104,-975.512,-192.272,14700,-18900,-2100
7.35441,7.76763,2.55786,18.0549,13.6521,4.71591,15.5023,2.75413,3.18383,-0.569493,0.0774676,6.36273,0.378002,5.61357,20.4311,9.32893,20.984,-976.976,-198.128,15540,-20580,-1820
-6.16577,-6.5124,-3.91549,4.54594,2.14341,0.497768,4.07504,-1.41817,-13.8015,-7.27207,-1.1851,-5.83658,-3.63757,-4.02703,6.13984,0.764484,21.96,-988.2,-201.056,16800,-23240,-980
-2.96213,-5.4994,-4.51575,-6.21906,-7.94247,-0.710341,-6.0965,-0.519783,-0.0744312,-4.87571,0.438979,-7.54196,-2.87153,-6.65064,-8.68415,-4.53559,25.376,-986.736,-198.616,18760,-27160,0
-17.6239,-29.287,-12.2144,-26.0317,-18.0972,0.441188,-8.05089,6.57996,-23.7563,-12.5492,-3.41835,-22.7514,-5.14328,-8.4542,-16.8377,-0.466593,27.816,-986.248,-198.128,20160,-29120,980
-19.3458,-28.4421,-9.36666,-24.0918,-13.1352,1.28939,-5.9469,6.15959,-24.7123,-14.098,-7.33114,-20.7202,-5.82191,-4.34657,-14.5976,1.80346,28.304,-984.784,-203.008,21420,-31080,1820
-0.699844,-9.10782,4.82987,-5.41915,2.39074,6.44773,0.83455,4.67907,-9.28188,1.13158,1.37977,0.307504,2.83088,5.8616,-3.56452,5.41151,30.256,-983.32,-193.736,22120,-31780,2240
6.63924,6.87838,5.81654,5.20925,2.36232,-2.98806,-5.73685,-4.94564,7.23955,4.53971,0.791521,8.26543,1.57622,3.11242,-2.60971,-4.22761,35.624,-992.592,-188.856,22540,-33320,3080
1.4242,2.65432,-0.760597,0.858074,-2.46661,-5.91788,-2.58858,-0.608203,5.10091,0.721765,0.791021,1.73581,-0.826592,-2.77582,-2.02188,-1.99435,38.064,-998.936,-194.224,23240,-35980,4340
0.607019,4.41355,-1.59657,-2.85095,-4.09876,-4.57106,-4.46027,-3.9973,4.77462,0.691118,0.965279,1.14157,-2.01586,-6.67881,-6.83699,-5.67166,34.16,-996.008,-202.52,26880,-37380,5320
3.50479,8.2035,4.06836,0.913624,-0.792279,0.864764,0.113607,-3.65523,3.37407,5.15651,3.48991,5.99503,2.59696,-0.831782,-2.46601,-3.1123,30.744,-996.496,-200.568,30800,-39060,6440
1.10236,4.64413,4.22523,2.57781,2.49604,5.89715,7.88349,4.08902,-3.68516,5.75092,4.97909,4.22623,5.73426,4.49275,8.73189,5.30735,34.648,-972.584,-201.056,33180,-40600,7000
0.64635,0.887672,1.43602,-1.86742,1.07369,5.79362,6.52617,4.70059,0.508834,2.694,3.12444,0.30145,3.35199,2.93563,6.46879,5.31549,36.6,-1017.48,-169.336,32620,-41020,7280
9.26079,10.8515,10.1489,6.53272,10.4952,8.97359,10.0467,3.88648,10.0455,9.63087,8.21837,11.3987,8.49943,10.9665,7.25001,7.06146,40.016,-1027.73,-183.976,33040,-43540,8400
13.34,17.6759,13.5008,14.5362,16.0732,7.80103,14.0217,2.71786,18.253,13.1855,8.97723,14.8145,9.67789,12.3468,12.4823,8.00606,33.672,-1013.09,-197.152,37800,-44800,9380
11.0806,17.4569,11.7255,20.1402,18.3195,6.13312,15.9892,3.54396,12.7843,9.6922,4.15416,13.7544,7.0903,11.5046,16.9176,9.4179,31.232,-1008.21,-208.864,41580,-48440,10780
16.5178,24.8663,14.9307,26.8148,22.9428,5.52112,14.2278,1.05609,13.8214,11.3879,3.86178,20.4148,7.89118,14.5415,18.0949,8.20311,29.28,-1012.11,-214.72,45220,-50960,11900
0.572012,5.03306,0.787081,10.9783,7.52123,-1.87159,4.81856,-0.998411,-6.18681,-2.76214,-4.76344,2.35631,-1.81282,2.58845,7.44251,2.39639,28.792,-1008.21,-220.088,49840,-52780,13160
5.36252,12.0221,-1.0996,12.1418,5.76358,-4.06769,3.93087,-2.45376,10.6005,-3.2067,-2.32773,4.24763,-2.92482,0.80098,6.77808,0.379781,33.672,-1011.14,-226.432,52640,-51520,14140
-3.32524,-2.86414,-5.24796,-1.42059,-2.95547,-5.75942,-5.11357,-3.28271,-1.00707,-6.21591,-1.30335,-4.66247,-3.67364,-2.73825,-3.82606,-5.65369,36.112,-1017.48,-237.168,55300,-48720,14420
-15.3674,-17.5128,-12.1435,-10.9931,-14.9047,-9.87744,-11.809,-3.28607,-16.0189,-10.8095,-5.52424,-16.8754,-8.60048,-12.0672,-6.99345,-10.8954,34.648,-1017.48,-236.192,58800,-45500,14840
-12.701,-19.8947,-12.0586,-16.6647,-19.5962,-8.9133,-17.379,-3.30708,-14.8654,-7.30273,-2.94105,-16.6492,-7.10229,-18.1463,-14.1508,-14.6476,20.984,-1003.33,-233.752,63420,-45640,15960
-16.4128,-29.2068,-20.6974,-30.8416,-32.6269,-18.0341,-35.7403,-15.9639,-20.7515,-15.5279,-16.3352,-22.434,-17.8652,-25.6987,-31.0257,-28.7899,14.152,-990.152,-225.456,70000,-47880,18340
1.93419,1.69929,-11.625,-5.82301,-14.8339,-11.0794,-23.7886,-11.6523,8.39071,-6.69081,-11.9523,-1.30054,-13.0996,-13.0456,-13.3371,-19.8952,12.2,-987.224,-211.304,71540,-47740,19600
-1.09151,9.47602,-7.46477,3.47577,-3.98156,-2.51832,-7.85925,-3.2006,12.9616,-4.67274,-4.56628,1.11964,-6.58214,-4.35053,-3.20049,-5.43077,8.784,-989.664,-212.28,70840,-48440,19600
-1.11377,1.93338,-1.06253,-4.68579,-1.17765,3.00298,1.09569,3.25058,9.09411,2.91025,5.66425,-1.12648,1.86479,2.18795,-5.72713,5.68275,11.224,-992.104,-223.992,72940,-49000,20580
3.29894,-0.379705,5.40188,1.15096,7.72516,7.26766,15.2732,7.9569,6.38322,6.17874,7.86071,1.81681,6.99771,9.38363,8.09556,16.0898,8.784,-984.784,-221.064,74060,-49840,21420
-2.78796,-8.49547,3.21158,2.21657,8.05642,6.09241,18.7832,8.0868,-5.10719,-0.738864,1.77698,-2.27975,4.07939,8.28919,15.7559,16.5932,7.32,-991.128,-206.912,72520,-49700,21280
-3.82094,-7.69873,1.98262,-5.20823,1.28719,4.45796,3.5989,4.7633,-7.96042,-1.7504,1.18184,-1.62249,3.9594,3.27341,-0.56739,6.46955,8.296,-985.76,-201.056,72240,-49420,20860
-1.87398,-5.75443,3.4819,-10.0619,-1.34251,4.18335,-6.26706,-0.364486,-8.88133,1.68715,1.69953,0.71488,4.89281,2.06669,-13.2227,-0.380005,3.904,-984.296,-198.128,72940,-49980,20720
-2.99466,-6.87133,1.18162,-8.83088,-3.29985,2.83043,-2.73816,1.79188,-9.06635,2.31967,1.04876,-2.64195,3.41405,0.245139,-7.64257,0.698937,4.88,-988.2,-203.496,71540,-49980,20300
1.82234,-0.901437,2.89693,-1.72406,0.780917,3.52239,4.61878,4.94705,0.0600272,6.22726,4.13808,-0.323472,4.44188,1.62283,1.06826,4.23934,1.952,-976.976,-196.176,70560,-50260,19880
1.81987,-0.371453,3.51907,-0.158135,1.70218,0.261353,0.692897,-2.5902,0.0857042,4.15639,-0.519748,1.56903,1.98431,1.45915,0.328661,-1.0143,4.88,-975.024,-186.904,69720,-51380,19180
-1.17905,-2.85799,3.49018,-0.150023,2.03023,1.69218,-1.97964,-3.34917,-5.65223,1.97955,0.651162,1.40305,3.01456,1.76214,-1.77225,-3.06153,-1.952,-966.728,-171.776,67200,-52220,18480
-7.89731,-9.68617,-3.26653,-7.2842,-6.27134,-1.76047,-5.93388,-2.124,-10.5369,-5.33531,-1.84774,-6.934,-0.986641,-5.37029,-7.46702,-4.51914,-9.76,-955.504,-156.648,64400,-54880,17780
2.5831,5.36905,-0.180403,6.27718,0.61159,-1.42792,2.73996,0.475595,6.9376,-0.800941,-1.43032,2.56971,-0.651574,-0.0596209,6.39142,1.79762,0.976,-962.336,-167.872,60760,-58660,16940
12.9103,20.5981,7.82587,19.7468,13.2671,2.69572,9.24918,2.43061,20.2219,6.74252,1.94713,15.332,3.16647,8.79887,14.0145,6.37875,-0.488,-967.216,-157.624,55720,-59220,15260
13.5974,22.0388,10.5358,23.7202,17.4234,4.81335,15.3093,6.90265,18.2399,7.77402,1.7288,17.3491,4.09996,11.9013,21.3727,12.1647,-7.808,-968.192,-146.4,51800,-59220,12880
14.6731,21.9861,13.122,25.7784,22.9149,9.34911,23.659,12.3703,15.6229,9.03904,4.35932,17.8711,7.04516,16.6207,27.8058,19.3536,-16.592,-959.896,-136.64,50260,-60340,12040
-0.164786,0.676326,1.89891,0.546774,3.10383,2.20505,2.44273,2.94221,-5.8875,-2.30558,-0.00523292,0.350144,2.33073,3.66647,0.795855,4.09001,-11.224,-961.848,-141.52,46620,-62860,11060
-9.38043,-14.2857,-7.02145,-13.9634,-10.4447,-3.83639,-8.12833,-1.67626,-18.1805,-7.70423,-0.813243,-12.1315,-2.79853,-6.9588,-10.1785,-4.41749,-5.856,-966.728,-144.448,41440,-62720,8820
-2.50915,-5.0434,-5.76828,-3.73051,-3.45906,-3.52989,0.115155,-1.34501,-5.32242,-4.4453,0.350563,-7.53422,-4.53792,-7.08838,0.319127,-1.74597,-3.416,-968.68,-140.056,38360,-61740,7140
-0.26736,-0.461202,-4.31103,1.91197,-0.329646,-4.87134,0.969981,-5.38045,-0.110484,-3.46755,-1.36165,-3.17434,-6.45933,-6.14116,4.22618,-4.25957,-5.368,-974.048,-131.272,34860,-59500,5180
0.806525,-1.50722,-3.11372,-4.43459,-4.07293,-4.0624,-6.0773,-6.80875,2.47154,-0.687888,0.47988,-2.58543,-5.38209,-6.70622,-4.6744,-7.94338,-4.392,-978.928,-117.608,32620,-58380,3920
2.28775,-1.46974,-1.83053,-8.1098,-5.45156,-1.50342,-8.52368,-5.61888,2.17545,0.00404426,-0.276641,-1.11816,-2.07577,-4.57218,-12.2699,-7.64599,-7.32,-978.928,-117.12,30380,-57260,2800
-7.6755,-6.51953,-5.27387,-11.0116,-8.58217,-1.30025,-9.52273,-4.18458,-6.32804,-7.07133,-6.3797,-6.12051,-3.37395,-3.65114,-14.9148,-8.4227,-3.904,-977.952,-126.392,28980,-56280,1960
-7.49122,-5.01362,-4.79825,-9.12104,-9.29323,0.282518,-8.35518,0.694539,-4.15327,-4.88722,-1.86095,-6.38926,-0.668385,-4.37567,-9.94708,-6.18206,0,-981.856,-121.512,27160,-54040,1540
-3.78748,-0.650223,-1.75584,-0.650051,-4.18543,-2.69255,-3.14387,-1.69033,0.15282,-1.30866,-0.154911,-2.37428,-0.303393,-3.78184,1.80781,-3.93906,0.976,-984.296,-119.072,24640,-50120,280
7.27931,12.4723,7.44482,15.0147,8.38434,1.22473,3.38108,-1.10546,9.64027,9.3317,6.95405,11.1871,5.72396,3.51651,11.512,-1.03824,-3.416,-987.224,-108.824,23520,-46760,-420
7.17599,7.80768,3.8871,2.7009,-1.16935,-1.41767,-6.32265,-2.55327,11.0483,7.50072,3.61646,7.00418,2.21494,0.028685,-6.41268,-4.40072,-6.344,-983.32,-108.336,23100,-42980,-1120
3.04164,1.05264,1.10426,-5.49645,-3.77177,-0.0505289,-4.3891,-0.639073,5.41644,3.39145,0.663822,2.92613,0.204502,1.29876,-10.866,-2.12769,-9.272,-982.832,-109.8,23240,-40320,-840
-6.26263,-7.59994,-3.77648,-3.19628,0.455306,2.72096,7.92176,5.94559,-7.97617,-4.10213,-2.56907,-4.22248,-1.58186,3.23357,1.35432,6.1335,-8.784,-983.32,-117.608,22540,-37940,-840
-12.3822,-18.583,-8.7626,-11.885,-7.59791,-0.568469,0.400478,1.87859,-17.0393,-7.33692,-2.47219,-13.721,-3.84498,-3.17661,-5.67489,0.793483,-5.856,-988.2,-124.928,21000,-34160,-1260
-0.215098,-4.70007,-1.00313,1.20705,-1.42248,-1.51032,2.39474,-0.946172,-3.98541,1.38319,4.37851,-3.48249,-0.53358,-0.963655,5.04956,-0.944397,-5.368,-989.176,-136.64,20300,-30240,-1820
11.8813,6.68385,7.91024,8.06479,6.53161,1.5676,6.01474,1.15548,9.72355,9.58958,6.98373,7.2548,3.55959,5.39028,9.32707,3.52115,-9.76,-989.664,-142.984,20440,-25060,-2520
1.92281,0.25065,2.96581,1.23806,2.13207,-0.128101,0.200271,-1.31271,0.688279,2.93654,1.46436,1.60151,0.474879,2.57931,2.20337,1.34791,-11.712,-986.248,-145.912,21420,-21560,-2800
-7.31262,-5.77014,-3.16011,-3.05294,-0.30467,-0.16568,0.198541,0.00250575,-8.34492,-4.06437,-1.73326,-4.47361,-0.799193,-0.131861,-0.12611,2.28068,-20.496,-978.928,-146.4,22540,-20300,-2940
-5.45486,-10.126,-5.72532,-8.23162,-6.07331,-3.57375,-7.02007,-4.57499,-8.69497,-5.61417,-4.83815,-7.64985,-3.18632,-5.49009,-6.64927,-4.35121,-17.08,-977.952,-149.328,23660,-19740,-2800
4.81965,3.85617,4.83208,6.1454,8.24802,4.61029,2.93742,2.88975,1.22342,2.85002,0.64962,5.097,3.81648,5.38444,4.06637,4.74685,-14.152,-978.928,-159.576,23520,-19180,-2940
5.93262,10.4863,9.8496,12.0679,13.8629,7.82364,4.2493,4.39311,2.26737,4.37991,-1.56836,11.5969,5.82163,11.1985,4.08145,7.51574,-10.736,-981.368,-158.112,21700,-17220,-3920
-2.97581,2.37817,0.478535,0.0812478,-0.857167,1.37379,-5.01744,2.81133,-2.80862,-3.20174,-6.09603,0.847683,-0.0590799,1.09581,-5.54785,1.09537,-14.64,-979.904,-159.088,21700,-15680,-4900
-5.64485,0.667244,-2.53419,-0.689341,-1.35186,2.31325,2.83761,8.09844,-2.52401,-5.59449,-4.29249,-2.4299,-0.0477028,-0.0380754,1.03572,6.91667,-17.568,-978.44,-152.744,21700,-16240,-5320
-5.51928,2.8395,-5.19294,4.1262,0.293862,-3.06615,9.24645,2.7917,2.20093,-8.48277,-6.94437,-2.92043,-3.8721,-1.42029,9.87385,5.90696,-15.616,-972.096,-153.232,21840,-18480,-5320
3.2471,8.44425,-3.0776,7.39251,0.689797,-4.53128,6.9773,-1.65518,12.2826,-0.098112,-0.553117,2.04107,-1.52604,-3.56663,11.85,-2.36969,-10.736,-975.024,-151.768,20580,-19880,-5600
-0.733515,2.85531,-6.29025,3.84429,-4.91529,-4.95447,-0.459912,-1.23836,7.27318,-2.44659,-1.86142,-3.99969,-4.18991,-7.99953,8.37295,-7.02844,-9.76,-974.536,-143.472,18060,-20580,-6300
-7.72595,-9.96758,-7.42884,-12.8383,-13.2938,-4.12967,-12.9114,-2.21033,-4.88581,-5.85926,-1.31897,-10.7071,-3.84835,-9.85015,-11.5367,-9.62598,-5.368,-976.976,-142.984,15820,-21000,-7140
-0.709886,-6.82431,0.181835,-8.40932,-2.89232,0.308738,-5.60962,0.851217,-4.59192,1.52215,2.38298,-1.97761,1.02314,-1.71942,-11.2757,-2.31648,-7.808,-976.488,-142.496,14420,-21700,-7700
7.22053,-0.37721,4.57283,-3.9896,0.601777,-1.93745,-3.33848,-2.64734,1.18626,6.54365,2.79188,4.72949,2.57581,0.0940896,-8.15692,-1.95016,-7.32,-979.904,-135.664,12600,-23800,-8120
11.8163,9.6727,10.5427,4.25687,7.74523,2.64877,3.54679,-1.40626,7.62863,10.5344,6.13872,11.7223,6.53867,6.2347,0.44948,3.68059,-4.392,-986.248,-137.128,11060,-25200,-8680
0.42112,0.277349,4.01232,2.42731,8.87248,3.25881,10.4364,-0.365056,-5.20842,1.41772,1.12641,2.92697,2.31992,6.52336,6.37426,8.01262,-4.88,-989.176,-133.712,8960,-26460,-9520
-8.399,-14.0608,-5.24258,-14.7631,-6.78423,-5.03852,-5.11031,-6.90032,-14.0803,-6.72479,-4.44836,-9.92185,-5.05645,-5.1999,-9.02516,-5.24465,-5.856,-990.152,-131.272,7840,-28000,-10220
-2.62119,-5.49083,-1.00035,-8.37622,-2.65877,0.276962,-5.16663,-1.69826,-3.37109,-0.745406,0.927,-3.70754,-1.49287,-0.164813,-6.35735,-1.9733,-7.32,-995.032,-126.88,6720,-29260,-10780
1.03371,1.70843,1.52929,-1.2481,-1.58293,-0.777736,-6.5625,-7.8444,3.62442,2.08004,0.907259,1.12541,-1.14882,0.686312,-3.30577,-4.77017,-2.928,-998.448,-136.152,5320,-29960,-11480
19.0626,26.6167,14.3898,19.368,11.9972,4.68563,2.48599,-5.01621,24.5104,15.1788,8.37954,20.703,8.24475,9.03343,9.19995,-2.49326,-4.392,-998.448,-130.784,3780,-29400,-12040
9.20976,19.8193,6.45312,18.9845,9.93599,4.57171,7.78168,1.37179,14.6729,5.35813,1.41403,12.6973,3.38682,6.50866,14.4552,2.65024,-4.88,-1001.86,-126.392,1680,-28140,-13020
-0.770364,3.81694,-1.94921,3.64766,-0.787443,2.23157,-0.195956,3.90282,3.39991,-1.88354,-0.622121,-0.205501,-1.27803,0.12478,1.90421,1.45555,-6.344,-1003.33,-124.928,0,-27160,-14000
-4.39895,-10.244,-7.11174,-12.0247,-12.804,-2.69494,-9.56658,2.43657,-3.82997,-2.76904,1.90245,-9.20506,-3.38164,-8.72104,-9.85834,-3.82742,-9.272,-1005.28,-126.88,-1540,-25760,-14560
-3.51726,-9.27943,-4.55203,-7.11333,-7.12922,-1.91345,-1.37276,3.2681,-5.30089,-1.77228,1.51557,-7.20259,-2.36912,-5.11535,-3.02051,0.876908,-9.272,-1005.28,-126.88,-2800,-24220,-15260
5.56879,4.06279,5.44371,7.34225,8.88909,4.32907,7.46583,3.17159,2.55499,5.2801,5.1233,6.47525,4.81181,5.69506,6.14012,4.95165,-12.2,-1005.28,-130.784,-3640,-23380,-15820
-6.20553,-9.20807,-3.85148,-2.47373,-0.00896792,-0.158585,0.974036,1.47242,-11.0398,-3.92154,-0.111984,-5.12661,-1.22745,-1.16016,-1.2018,0.070223,-12.2,-1007.72,-127.856,-4340,-22540,-16100
-13.3969,-19.7394,-9.10513,-11.2726,-6.40203,-1.43955,-0.452389,2.85058,-18.9505,-10.3474,-2.6509,-14.2079,-4.42327,-2.27957,-7.28143,1.83586,-11.712,-1004.79,-132.736,-5460,-21560,-16660
-4.01276,-5.02962,-2.33423,3.59422,4.01432,3.7963,10.1262,5.95086,-4.84057,-2.79583,1.33923,-3.71845,-0.206501,2.92469,5.93342,9.26136,-12.2,-1002.84,-132.736,-6440,-20720,-16940
-2.77494,0.23509,-2.46457,2.4702,-1.05913,-1.36762,1.22906,-2.08997,2.0866,-3.31958,-3.1125,-1.40381,-2.95153,-2.33798,-0.552765,-0.679319,-11.224,-1001.86,-134.688,-7700,-20020,-17500
-1.34977,1.46097,0.635672,3.60439,0.654299,-0.157373,-0.719735,-1.8899,-0.118067,-1.90738,-2.79796,1.30594,-0.764836,-1.37372,-0.278496,-1.82927,-9.272,-1001.38,-138.104,-8400,-19180,-17640
-2.62881,0.148033,-3.49638,1.61631,-3.80699,-3.61496,-3.75855,-0.746,0.046436,-3.77558,-4.25405,-2.07763,-3.83084,-5.33503,0.0226105,-2.33584,-10.736,-1005.77,-143.96,-8820,-18340,-18200
1.76329,3.87104,-2.50882,2.51899,-2.72668,-4.10756,-0.260602,1.06217,7.17806,-0.333687,-1.48613,1.22556,-3.08386,-2.89994,4.00078,1.1757,-9.272,-1005.28,-147.376,-9660,-17920,-18620
-0.625964,1.18859,0.56467,0.21782,2.46305,0.612499,3.93204,3.09002,2.84759,0.375113,-0.221978,2.37122,1.27659,2.48433,4.50768,5.82059,-7.32,-999.424,-147.864,-9800,-17780,-19040
-8.06566,-9.33883,-1.80382,-9.89738,-3.61162,0.724305,-1.17449,1.75559,-8.66774,-5.30854,-5.81515,-5.41604,-0.0628334,0.851046,-1.44713,2.15005,-6.344,-997.472,-151.28,-10360,-16940,-19460
3.71154,-1.58837,7.34052,-5.55865,-0.391709,5.1002,-4.74863,3.24388,-2.43527,4.92193,0.98261,3.96295,7.63741,6.19515,-4.01219,-1.58033,-4.88,-999.912,-158.6,-10640,-16660,-20020
7.93109,2.34731,6.05373,-2.80747,0.970578,2.26296,-4.06922,0.0729104,4.23056,5.23327,1.31739,4.2628,6.64434,2.16721,-4.2061,-3.2328,-1.952,-997.472,-161.04,-10360,-16240,-20300
8.23315,7.22391,5.16863,10.0867,10.7328,1.55157,7.24601,0.625674,2.86057,5.37444,1.20578,5.85619,3.34744,1.78693,11.3829,2.80136,-2.928,-997.96,-159.576,-9660,-16100,-20580
5.85229,7.74749,3.2864,9.81712,4.96911,-2.61257,2.4614,-3.27684,2.65875,5.38609,1.44994,6.12984,0.631546,-0.162618,9.15954,-2.86574,-3.416,-995.032,-142.008,-9380,-16940,-20720
-3.75349,2.27038,-2.52041,4.27768,-1.50043,-3.49659,0.179994,-3.49876,-1.73758,-2.84344,-4.11174,-1.01301,-3.04009,-0.91775,4.20593,-3.1439,-3.904,-999.424,-143.96,-10080,-19460,-20720
-2.55819,-0.402129,-2.04784,-2.28371,-1.7687,0.533649,-2.22727,-1.55765,-0.340747,-2.87493,-1.93763,-2.31421,-0.975107,1.23932,-5.53388,-2.36511,-2.928,-1003.33,-137.616,-10780,-21700,-20720
-3.59923,-6.10879,-4.24482,-12.1753,-8.87548,-1.47373,-9.88329,-5.07674,-2.15272,-4.40718,-0.337809,-6.55599,-0.678402,-3.685,-17.6089,-8.20456,-7.32,-1002.84,-146.888,-10220,-25340,-20440
-8.51201,-6.49573,-7.49513,-9.02365,-10.3491,-3.68821,-7.49296,-2.3314,-7.96551,-7.65136,-2.69282,-10.7428,-4.46526,-6.59952,-14.4056,-6.56235,-8.784,-1001.38,-151.768,-9100,-27580,-20440
3.06112,3.69627,-1.62654,0.276077,-2.94758,-0.306706,-0.586887,2.55006,4.46221,2.13374,5.48996,-2.4344,0.015328,-1.43146,-2.45667,-0.489162,-9.272,-1000.4,-154.696,-7560,-28700,-21000
6.75448,0.40317,1.05338,-4.78184,-1.72302,-1.43471,-4.15262,-3.28828,4.94283,4.81347,5.88923,1.41702,1.14012,-0.345118,-3.72219,-2.68756,-12.2,-995.52,-163.48,-6300,-29680,-21280
15.5221,9.7066,12.3114,5.65886,11.5238,4.6824,5.37276,-2.77735,11.3141,14.4792,9.48272,14.9333,8.08944,9.40949,5.75033,2.28701,-10.248,-998.936,-167.872,-6020,-30100,-21560
8.52191,12.9026,6.9425,10.6355,9.41491,-0.568028,6.39083,-4.60075,12.4873,6.18829,0.844984,10.6782,0.14905,4.19964,8.01967,1.08845,-11.712,-997.96,-167.384,-5460,-31080,-21700
5.82604,13.6635,3.50064,14.8612,8.1104,-0.371357,7.34469,-1.07757,9.70789,3.38128,-0.14024,8.3717,-2.10159,1.40733,11.8432,2.43763,-12.2,-998.936,-166.896,-4620,-32760,-21840
-1.45276,3.58594,2.98311,10.9705,7.30349,2.00291,8.96382,1.30567,-3.58925,-1.64604,-2.9205,3.65004,-1.16914,2.82295,14.8247,5.01899,-10.736,-998.936,-168.36,-3920,-34020,-21840
-1.50647,8.45352,0.302237,8.9243,4.51453,-0.751168,5.8801,-1.20278,7.10577,-4.95453,-5.84622,2.63122,-3.81465,1.23528,7.61969,3.11099,-10.248,-999.424,-169.336,-3640,-36540,-21840
-7.18188,-5.23449,-4.62185,-9.34209,-7.21139,-1.00062,-6.63579,-1.36168,-4.37023,-3.73536,0.121765,-6.65639,-1.91462,-4.93403,-11.6957,-3.2817,-7.32,-1001.86,-165.432,-2800,-38780,-21700
-18.0395,-24.4958,-7.08916,-22.2856,-10.9058,0.292004,-8.69686,0.0919551,-28.4462,-8.70229,-3.04712,-16.3315,-3.1125,-3.01681,-18.802,-1.73142,-5.856,-1005.77,-168.848,-1960,-41860,-21420
-5.72661,-11.4277,-2.68902,-8.48904,-3.482,0.180279,-1.73716,0.611751,-12.4489,-1.25556,-1.16714,-5.60713,-2.74357,0.511141,-4.64269,1.87285,-7.32,-1005.77,-170.312,-1120,-43960,-21000
2.15224,0.974608,-2.04633,-0.821895,-0.70541,-0.244136,0.280825,2.56153,3.51336,3.27234,1.38762,2.02682,-1.90427,-1.78235,-0.841763,4.35506,-6.344,-1008.7,-174.216,840,-45220,-20860
0.638118,1.61327,-0.968247,0.826527,2.5297,-0.506227,0.797188,-1.52881,4.2426,-0.180727,-0.758841,3.38143,0.946893,0.0919311,-2.12264,3.2021,-7.32,-1009.67,-176.656,2240,-46620,-20720
-2.39472,-0.0797613,-0.854211,4.31348,2.63883,0.714322,3.8589,2.58638,1.24746,-1.58617,-0.625161,1.98368,1.53431,-2.2313,6.85871,4.55022,-5.856,-1010.16,-175.68,3500,-47460,-20580
-6.56788,-1.76836,-4.78479,-0.0537851,-5.5383,-4.05763,-4.68112,0.536579,-0.0156061,-4.45098,-3.05706,-2.57671,-1.90693,-7.25778,1.96506,-3.88951,-5.368,-1007.72,-181.048,4760,-49000,-20300
-13.6894,-16.4288,-11.7763,-15.8371,-17.1597,-4.22024,-10.7976,4.31227,-11.5924,-8.49982,-2.526,-15.5364,-4.66434,-11.1552,-8.49208,-6.52947,-2.44,-1008.21,-185.44,6020,-50120,-20020
1.42488,-3.25192,-1.47701,-4.44957,-6.23517,2.05854,-4.44069,8.41798,1.35898,3.9121,7.47484,-5.60643,2.96989,-3.57669,-0.948783,0.030366,-5.368,-1003.33,-187.392,6860,-50820,-20020
11.8263,9.62244,6.55799,10.3039,8.13186,4.13797,9.33097,8.72548,16.4543,7.31828,4.8461,6.19273,4.4756,7.41309,13.2884,7.74034,-4.88,-1001.86,-190.32,7840,-52080,-19880
12.298,13.801,7.99125,17.6554,13.4945,5.1012,13.9318,11.3325,14.4058,7.45376,5.38965,10.1245,6.43196,10.2629,19.1604,10.6616,-8.296,-997.96,-189.344,8260,-53060,-19880
-5.34426,-9.80317,-1.93553,-2.91725,-1.73563,-2.5742,-2.30667,1.19046,-15.0339,-3.47155,-1.36821,-5.38994,1.70503,-1.54832,-2.79737,-1.63811,-7.32,-995.032,-195.2,8960,-54320,-20160
-11.9117,-24.8699,-6.61855,-20.1057,-9.8403,-2.53117,-8.12949,0.418399,-24.3642,-9.09991,-6.06583,-13.5871,-1.60657,-3.61498,-16.2098,-4.39532,-6.832,-996.496,-195.688,9100,-55580,-20160
-0.183136,-6.90594,-1.63534,-10.3417,-4.98832,-2.11411,-8.85903,-0.34087,-3.97915,-2.5911,-1.33074,-2.68316,-1.05491,-3.3434,-9.18918,-7.97757,-7.32,-996.496,-201.544,9940,-57400,-20440
-4.3548,-8.5012,-6.68626,-11.087,-9.13102,-5.0199,-7.53237,0.527261,-4.41667,-7.21604,-4.65915,-7.60421,-5.002,-5.73821,-4.95029,-8.64813,-5.368,-995.032,-197.64,9940,-59500,-20580
0.439741,4.00469,2.89705,5.8522,5.99424,2.62777,5.39232,7.73956,-6.58629,-1.48148,-4.77283,3.91193,-2.04165,6.45689,5.81671,3.28533,-5.856,-992.592,-197.152,10080,-60900,-20860
16.7446,22.1295,14.2101,18.5403,17.4081,8.6913,11.8633,8.33999,11.5098,8.28574,-4.42254,19.5482,-0.86571,15.3043,10.7995,9.12324,-7.32,-989.664,-195.2,11060,-63700,-21000
23.3218,28.368,10.4579,19.3952,12.9761,7.50149,8.21328,-7.81062,31.7954,11.4431,2.08056,20.5651,2.44835,9.41191,10.3698,2.48495,-18.544,-992.592,-203.008,11480,-65800,-21140
16.5161,32.3767,10.2496,24.7295,14.5588,9.78861,10.9119,-21.4913,37.2115,13.0552,6.58435,20.6599,5.96299,11.3822,7.89838,6.65056,-18.056,-992.592,-203.496,11200,-68040,-19740
-9.668,0.172582,1.54514,-0.333581,1.77529,3.44107,1.26892,-18.3713,-1.1188,-1.84321,1.84525,-4.22516,3.17127,3.12895,-8.49108,1.69057,-29.28,-988.2,-194.224,10500,-70560,-20720
-23.0393,-19.1168,-3.8236,-7.22125,-0.183543,2.58065,2.8077,-6.74792,-26.4605,-12.2399,0.33903,-16.3481,2.49264,-4.64016,-3.30574,-0.173374,0.488,-973.56,-197.152,11200,-71960,-21840
-14.2874,-19.624,-5.01923,-13.5291,-12.0828,-4.39445,-11.2035,-8.3558,-16.7791,-10.254,-0.451105,-15.307,-0.439665,-7.78705,-14.5475,-8.3794,25.864,-966.728,-215.208,12880,-72800,-22680
-3.23304,-15.8173,1.42743,-19.4414,-11.3599,0.957244,-14.4701,-3.85756,-14.9573,-3.5902,0.804868,-6.62776,2.11031,4.36993,-22.7482,-5.96601,26.352,-966.728,-197.64,13720,-74060,-22820
9.31632,0.819267,9.82086,-6.54982,3.21674,8.05164,-6.24416,-2.77993,-0.582305,6.48895,5.68357,8.01302,7.98263,14.348,-10.5374,-1.23099,32.696,-979.416,-189.344,11620,-76020,-22540
9.36958,3.87348,3.28229,3.52941,4.5813,2.92094,3.07646,-0.465314,7.41644,6.2464,2.21628,5.49521,3.19667,5.70264,10.0452,-0.134474,31.72,-967.704,-182.512,9800,-75320,-23520
12.238,10.2256,1.94495,16.7937,10.1024,-3.17831,12.7959,4.79557,14.68,10.5463,3.67554,8.01443,1.82188,3.50744,24.4821,4.79652,36.112,-962.824,-185.928,7140,-75040,-24640
9.67083,11.8055,-7.8069,17.566,8.63613,-24.5836,2.29809,-6.09472,13.3025,7.37652,-2.18599,6.35845,-8.69124,-26.9823,15.3164,-11.9068,34.648,-976,-177.632,3500,-75180,-26040
9.11733,17.5047,-17.8931,24.856,0.482426,-37.2339,2.04526,-6.74986,18.9581,-1.53031,-9.03468,6.98148,-23.356,-48.5573,20.1434,-18.3824,22.936,-964.776,-171.288,-140,-74760,-26460
9.53461,23.9173,-9.18858,29.1562,-7.65055,-20.3091,8.23833,9.97662,22.8314,0.631297,0.518649,10.24,-11.708,-18.6843,25.5397,-0.00321089,13.664,-966.728,-168.36,-2240,-75180,-27300
-15.6876,-9.16269,-7.19973,-14.858,-28.2324,1.19929,-6.42396,12.7697,-13.4059,-4.83898,3.22603,-14.0824,3.8944,3.76741,-4.04613,5.28677,17.568,-976.488,-182.512,-3220,-76300,-28420
-22.5228,-25.0382,3.61955,-38.867,-17.8818,18.8019,-8.72357,9.55054,-28.4515,-0.899914,10.3952,-17.3402,18.6062,17.2464,-22.5546,7.20073,22.448,-974.048,-191.784,-4060,-75320,-29540
-19.1538,-28.0808,2.43538,-41.2717,-9.6544,11.0876,-16.2975,-1.47383,-21.0928,-1.48351,5.52315,-16.1299,12.8314,7.17277,-33.276,-3.06229,19.52,-973.072,-183.488,-4200,-72380,-31360
-17.1662,-27.6177,-2.5015,-31.8372,-9.40974,-1.27879,-19.4618,-6.38791,-25.5386,-3.67604,1.02358,-16.5625,4.7878,-5.1492,-31.5216,-9.98201,9.76,-983.32,-192.272,-3640,-70840,-31780
-6.06933,-8.91259,3.748,-6.05896,2.5083,1.68418,-6.14374,-2.21347,-20.5653,-1.11765,-8.49322,-2.28788,-3.68206,2.21469,-9.51157,-3.07721,9.76,-981.368,-203.984,-3360,-70420,-31780
8.41897,0.472672,0.68396,-3.14474,-1.93448,3.82654,-4.11676,4.26623,-3.17235,-2.08884,-11.5621,4.13733,-11.7722,3.80187,-3.9613,1.14897,12.2,-977.464,-209.352,-980,-71120,-31220
9.90287,1.55868,1.77762,-1.88556,6.24324,15.2504,7.04782,13.6416,3.53133,-6.86271,-8.01363,7.37499,-2.10546,14.3176,0.838084,13.0079,9.76,-980.392,-225.944,1120,-72100,-30520
10.3941,12.8748,1.22129,5.09561,12.2423,9.17783,6.37023,8.94427,19.9892,-5.60182,-8.67,7.04725,-9.35602,9.91608,0.640305,9.73866,11.224,-978.928,-223.504,2520,-72800,-29820
10.5162,23.4448,-7.36628,26.5382,20.0114,-3.33325,16.1342,9.41636,24.7509,-6.05083,-7.17956,9.99955,-19.7014,-1.37725,19.5905,12.0317,19.032,-976.976,-231.8,4480,-73640,-28840
12.8731,27.062,-4.81113,41.2563,20.2715,0.524959,26.6384,14.0605,21.2918,-0.858147,2.99641,11.5294,-5.08517,0.334141,37.174,18.2913,23.912,-973.56,-236.192,6580,-74760,-27440
9.20248,18.5196,4.57931,27.6509,9.87492,6.53263,20.6402,5.98488,17.8323,4.43272,8.11329,3.70914,8.78053,7.49588,25.6187,13.7698,28.792,-976.488,-224.48,8120,-75740,-25900
-3.38945,4.24567,7.6871,12.3458,6.88385,8.73981,14.2515,-0.351047,7.0368,2.57937,6.67565,-1.76373,11.0706,9.78515,15.0765,8.76574,33.184,-977.952,-227.408,10360,-77280,-24500
-22.216,-20.8895,0.099747,-12.4982,-6.61131,3.15855,-6.74692,-9.51343,-19.2337,-4.96973,0.19773,-13.7056,4.67937,0.934799,-11.7377,-4.77519,34.16,-981.856,-222.528,11620,-77980,-22400
-20.5714,-26.8363,-2.69665,-21.918,-13.7641,-1.39482,-18.0239,-12.5414,-25.9953,-3.34496,-0.757447,-14.031,1.42273,-5.48258,-22.1137,-13.0883,29.768,-982.344,-208.376,13300,-78820,-20860
-0.334301,-6.94949,5.54937,-14.9772,-8.94597,-0.913777,-16.174,-7.90106,-8.54469,8.49249,6.9218,0.798341,5.12593,-1.14203,-21.6416,-11.222,25.864,-984.784,-203.496,14420,-79100,-19320
-1.9547,-3.67067,4.98846,-10.1976,-3.37275,-1.10887,-9.10234,-8.24155,-9.86716,2.28016,1.05122,2.91921,4.76837,2.49509,-16.2452,-7.60216,22.448,-979.904,-201.056,14420,-77840,-18620
5.59836,3.84834,6.6576,-0.626455,2.11135,1.568,-0.619188,-2.03572,1.78656,5.5045,5.73048,6.41524,7.30972,3.69963,-1.99678,-3.38449,10.248,-976.488,-198.128,14140,-76580,-18620
9.372,3.97529,6.87292,4.79253,5.37635,0.401199,3.9589,-2.69661,4.66382,5.2077,2.78247,6.63831,4.01345,3.23861,10.4074,-3.09023,6.344,-973.56,-195.2,12320,-74900,-19180
11.2992,10.12,8.59211,13.7079,11.7632,-0.783058,6.03046,-3.54715,6.30351,4.97719,1.39306,10.8381,2.6503,4.35405,15.8754,-2.44782,-4.88,-970.144,-201.544,12040,-74200,-19880
4.16823,1.75786,-1.09079,0.641241,-2.39583,-7.62848,-4.98543,-5.91128,3.0245,-0.552134,-0.757706,0.695829,-3.82115,-7.77538,0.724431,-7.7349,-9.272,-969.168,-203.496,11060,-73920,-21280
0.384865,-4.36312,-7.3467,-10.1016,-9.96669,-10.5378,-7.72109,-5.42457,5.99463,-4.05561,-3.97311,-5.00729,-5.32922,-10.5098,-6.87257,-7.58302,-13.664,-971.608,-203.984,10080,-74620,-23100
-0.122709,-3.69614,-8.23918,-11.1874,-7.50706,-14.9675,-9.41971,-7.59436,8.80266,-1.22719,-3.29196,-2.31571,-4.4841,-15.9121,-12.0482,-10.0603,-18.056,-977.952,-209.352,8960,-75320,-24220
-3.90813,-1.35357,-3.96333,6.25702,2.31622,-9.1213,3.31246,-0.135524,-3.34049,3.14341,2.66494,0.349262,0.0619534,-12.9237,10.2382,-1.4751,-22.936,-982.832,-217.648,9100,-77700,-25340
0.386323,8.54814,1.46756,21.0244,1.61885,0.403651,11.5796,6.12302,0.620712,4.42845,2.00664,4.04509,4.01503,6.28841,25.4858,7.28881,-13.664,-979.904,-223.504,8820,-80500,-25760
7.83173,8.07291,5.8214,13.9796,6.66826,10.5445,15.7002,10.4872,2.89166,7.39713,0.808311,9.54055,5.40678,13.6518,19.4269,12.868,-10.736,-977.952,-226.432,9240,-84280,-26460
2.80723,0.962927,0.77632,-2.89802,3.87109,5.87126,3.61443,3.60944,1.64928,0.898148,-3.11701,3.60553,1.03495,5.25064,-0.142515,3.33684,-2.44,-984.784,-235.216,9520,-88060,-27160
1.50846,3.89727,-3.27674,-4.94802,-2.65501,1.62278,-1.25264,4.98263,10.9631,0.0385024,0.260478,-0.636073,0.345214,2.11329,-6.33301,3.00441,11.224,-987.224,-232.288,9520,-89320,-27860
-10.787,-17.1002,-9.97232,-24.5685,-14.4068,-1.9416,-13.2649,-0.0698266,-8.5035,-5.18417,-3.10725,-14.0796,-4.8565,-6.97085,-25.5735,-4.16081,22.448,-988.2,-231.312,11480,-91000,-27720
-9.31143,-15.2146,-10.8623,-18.0657,-12.5825,-10.1687,-17.4924,-9.15813,-8.638,-2.70361,-6.55873,-10.4812,-12.1121,-17.7034,-21.2971,-14.8578,27.816,-1000.89,-214.72,12320,-92260,-27020
0.167466,4.24407,-7.4454,5.03599,-4.74456,-9.28218,-7.9274,-3.28329,0.794437,0.190218,-2.96243,0.0883861,-12.7675,-10.7696,-4.41301,-7.47844,30.744,-996.008,-213.256,13300,-94360,-26320
-0.884572,11.0681,-4.52341,10.1309,-1.34055,4.04986,3.16298,7.30229,0.94039,-7.04289,-0.316587,-0.799805,-1.13276,4.5137,3.7042,8.51359,33.672,-996.008,-205.936,14700,-96880,-25620
6.25828,9.69451,8.8022,0.550796,7.01787,16.4943,6.76023,9.08972,7.37499,0.375711,4.90814,1.79066,10.684,19.3689,-5.16151,14.2905,40.504,-994.056,-199.104,15400,-99540,-24920
-0.508802,-9.30112,3.65251,-7.93778,2.94791,12.4441,0.793033,1.91846,-5.83265,-6.708,-1.00854,-7.946,5.49881,10.7658,-4.78974,6.19574,52.704,-990.152,-201.056,16100,-101360,-23520
1.25141,-5.31636,5.65198,5.14751,10.1424,11.5259,4.82331,1.33209,-9.21151,-7.43917,-1.29896,-1.57937,4.93852,12.4803,7.03869,7.39043,57.096,-995.52,-196.176,16520,-101780,-22540
-1.95083,-13.1354,3.07356,-7.95692,-0.692111,3.17988,-3.67774,-2.63823,-15.7431,-5.51776,1.77862,-5.39995,2.44161,3.55624,-4.97187,-0.598499,49.288,-993.08,-192.272,16660,-101920,-21000
-6.59874,-19.0131,-4.26788,-16.2075,-9.47479,-2.56833,-6.74438,-3.52677,-18.1396,-7.18041,-3.17204,-10.415,-3.79255,-6.78391,-8.40754,-4.8097,51.24,-996.496,-189.832,17080,-102060,-18480
-3.19874,-8.92484,-4.8128,-11.3059,-6.0903,-2.20463,-3.74308,-2.17783,-8.19918,-6.75534,-4.30695,-5.73425,-4.2546,-8.11178,-7.24766,-2.88123,53.192,-993.568,-201.544,17920,-101500,-17080
-6.15438,3.89394,-6.82258,5.3222,4.16019,-9.87913,2.8654,-6.13171,-0.908844,-7.57004,-4.81475,-1.21441,-6.26063,-20.5715,5.28311,-3.86109,54.656,-997.96,-198.616,17780,-98980,-16380
-1.1969,18.9842,1.44016,20.8096,4.41413,-17.9773,2.13931,-10.1512,11.5909,5.35725,4.20717,8.70272,-2.99218,-15.8869,9.17938,-8.01922,46.848,-998.448,-203.008,18760,-97440,-15820
7.46046,27.9944,8.69057,33.5427,7.52088,-9.75211,9.61014,-1.91432,19.4865,16.7383,11.1844,17.5392,1.76641,-7.81668,24.348,-0.269802,37.088,-993.08,-205.936,18900,-95620,-14700
5.51913,12.4675,0.870643,9.31438,-4.58816,-10.3984,-1.24599,-2.82772,14.8968,12.0336,3.8332,6.92303,-5.2976,-8.53098,9.29127,-5.45052,39.528,-995.52,-198.616,18340,-94780,-13440
7.38379,4.32854,6.60179,-3.41666,-5.1158,3.17003,2.50089,8.96164,13.5311,14.5847,7.58622,6.6214,4.02247,12.2399,7.88507,3.7491,33.184,-990.152,-208.376,19040,-95060,-13020
6.94301,3.50817,12.3956,-5.99166,5.86554,16.6016,3.06119,11.953,9.6369,9.67005,-3.30107,10.6488,3.10827,23.9658,-1.82658,9.91178,26.352,-990.152,-205.448,19180,-94920,-12180
13.0053,12.5455,14.3414,1.25118,19.3313,20.9492,9.12621,11.7691,15.6774,5.32281,-0.955547,19.5365,8.73422,26.5256,-1.81432,13.1133,22.936,-990.64,-203.496,19180,-95200,-11620
0.726144,9.20121,7.29395,11.8539,20.4525,14.9344,11.4609,7.40803,4.96269,-5.9438,-1.40139,9.98423,9.32901,19.379,7.46834,9.50954,17.568,-989.664,-208.864,19740,-96040,-10920
-14.3418,-10.0803,-4.64002,2.6837,1.75596,5.27465,5.69338,6.03476,-15.3906,-12.2299,-2.63488,-12.9661,2.89697,7.48022,8.29297,4.3831,18.056,-988.688,-211.792,19040,-96600,-10640
-6.06543,-19.2775,-3.91284,-10.5359,-5.85507,0.320673,1.51591,4.14636,-17.393,-2.75566,0.845998,-13.6618,-0.295766,0.903241,-2.29854,2.26196,22.936,-987.224,-209.352,18900,-96740,-9940
-1.32204,-17.5512,-7.63591,-14.7173,-7.85658,-8.69912,-4.83323,-5.03122,-13.0105,-0.445614,-1.26055,-9.66686,-4.86302,-11.2429,-10.9869,-7.93672,26.352,-987.712,-207.888,18760,-96180,-9520
-1.20842,-3.6378,-6.98273,1.6749,-1.47888,-10.6712,0.537382,-8.49741,-4.10433,-0.994922,-0.656621,-1.57684,-1.10257,-11.1221,1.66853,-8.09895,20.496,-991.616,-208.376,18060,-95620,-9380
3.04817,10.4198,0.784124,9.62875,1.60421,-5.9866,2.59793,-5.08208,9.29585,3.60494,4.27036,5.80536,3.10581,-2.41855,4.38473,-1.24005,15.616,-989.664,-197.152,18060,-95200,-9100
-3.17937,-1.68025,-10.5933,-11.3992,-11.9747,-15.0463,-12.5196,-10.7827,5.66222,-1.82008,0.110563,-5.84244,-6.90108,-16.5549,-14.5249,-9.70831,18.056,-984.296,-208.376,18480,-96180,-8820
-7.58979,-12.1149,-18.4381,-18.1341,-15.2716,-18.3193,-14.4298,-6.19357,-7.16578,-4.41495,-1.45295,-13.6205,-13.8545,-27.4942,-20.0559,-9.54609,18.544,-985.272,-203.984,18340,-96460,-9520
2.06869,4.46321,-2.11562,8.58657,-1.8286,-1.61484,3.03801,2.28975,-3.50255,2.47595,1.97548,-2.6996,0.118296,-2.30361,6.41331,3.91946,21.472,-981.856,-207.888,18200,-96740,-10220
10.0985,7.09225,9.32062,6.76604,-2.38108,9.63324,0.786502,2.49132,3.24901,8.70818,5.66896,3.32432,8.82227,11.0053,7.03851,2.20907,19.52,-982.832,-202.032,18480,-97440,-10640
-0.18797,-11.8216,1.66506,-16.3891,-8.49745,10.6133,-5.84366,2.22032,-6.11711,-2.6916,-0.819169,-7.00136,3.9628,4.197,-9.02869,-0.220698,28.304,-985.272,-209.84,18620,-98420,-11620
-11.4127,-20.0992,-6.33254,-19.7732,-8.00562,5.39336,-8.89151,-2.56767,-18.6739,-17.1426,-14.213,-13.1614,-5.04837,-0.485406,-15.5287,-5.04847,34.16,-979.904,-204.472,17920,-98560,-12600
-5.30359,-5.65687,-1.21741,2.03261,5.13438,7.63248,3.55578,3.11786,-15.6941,-10.0093,-7.64779,-2.26014,-1.60369,6.78667,5.99369,2.87157,41.48,-975.512,-209.84,18620,-98840,-13160
5.5171,6.08085,7.28911,10.3274,8.30605,4.80424,2.6351,-3.82267,0.698676,3.44619,1.11531,6.83735,4.26799,8.79269,9.96575,-0.517064,41.48,-982.344,-203.008,18340,-99820,-13720
5.71802,7.97988,9.91802,5.88034,6.22478,3.2346,-1.63326,-7.20197,9.35227,7.50612,3.17469,8.60097,5.94328,7.38975,-0.449396,-4.84482,42.944,-986.736,-194.712,17780,-99960,-14140
-5.06449,5.0097,4.82828,3.04273,4.55437,1.75081,-6.08393,-6.59932,4.06226,-0.118122,-3.32264,3.75937,2.3086,5.98415,-6.3857,-6.05779,50.264,-981.856,-195.688,18060,-100380,-13720
-10.3227,-0.618016,-4.44802,-0.356411,-2.70916,-5.93033,-10.4163,-7.3085,-0.37966,-5.10801,-4.77537,-2.96557,-5.43732,-6.65446,-6.94892,-9.39109,51.728,-984.296,-199.592,18060,-99960,-13440
-1.51235,1.18225,-1.30862,0.0842101,-1.98348,-7.12783,-6.92746,-5.80705,6.56844,1.95023,1.27824,1.73813,-3.03926,-10.14,-8.30868,-5.76393,51.24,-978.928,-198.128,18620,-99260,-13440
4.30524,4.86086,1.93637,1.93529,-3.92786,-3.92762,-1.66531,0.0437567,12.7212,7.04818,7.38988,4.32279,1.88752,-4.43909,-2.1686,-0.506412,53.68,-981.856,-194.224,19040,-98280,-13020
0.336356,-3.91645,-0.144965,-4.1798,-6.92984,1.11749,2.05688,5.64111,5.88956,2.87544,5.51687,-1.67865,1.1301,1.54788,3.43576,5.88691,50.264,-980.88,-197.64,19600,-98700,-12600
2.65969,-1.06174,4.91101,-1.45639,5.83214,8.11734,10.4702,12.441,4.1112,1.80379,1.30081,4.25938,0.69988,8.59753,8.11413,14.4069,54.168,-983.808,-199.104,19320,-98420,-11760
-1.30138,0.603651,-3.38228,3.63246,12.3938,-0.809015,9.07666,6.91399,-7.30642,-5.08928,-10.3093,4.20448,-9.19069,-6.83556,6.06632,8.06749,57.584,-985.76,-189.832,20160,-98840,-11200
3.85663,11.5965,-8.22108,15.6777,11.3096,-10.336,5.66271,6.63939,-1.79637,-5.51884,-10.5315,7.95684,-12.0129,-18.0061,5.37028,2.90893,53.68,-980.88,-201.056,21420,-99260,-10500
11.2583,19.2784,-6.02431,23.2038,-0.645987,-11.2884,11.4385,9.43453,20.6596,-2.40225,2.31585,5.39055,-5.00126,-10.6326,18.6562,8.43434,59.048,-988.688,-192.76,21140,-98420,-9800
11.8494,14.75,4.54226,13.5891,-3.86703,2.65253,13.5876,10.3604,21.3894,7.21255,14.6606,3.88248,8.83175,5.53569,18.9032,12.3994,51.728,-983.808,-193.248,22120,-98420,-9100
3.78505,-1.76194,6.73424,-8.36587,-1.93849,7.61375,8.01059,6.95527,3.95014,6.67498,10.9954,-1.66442,10.365,12.9552,3.07693,9.49274,56.12,-991.128,-181.536,21840,-98000,-7980
-1.64054,-14.4135,3.1165,-17.6594,-1.64098,4.78372,-0.673089,-1.20924,-8.59461,2.85058,3.07658,-4.95554,6.32724,9.18565,-7.94038,1.12198,55.632,-986.248,-184.464,23240,-98140,-7280
-3.84952,-7.27745,-0.209952,-8.74187,0.454066,4.47502,-3.32085,-4.42502,-6.5804,-1.93992,-2.66292,-3.29302,1.53659,4.94477,-7.17433,-3.20077,49.776,-988.688,-178.12,23380,-98280,-6440
0.873166,2.21049,-0.652205,-3.01498,-1.21743,0.677033,-7.1368,-9.41767,2.99481,0.706289,-1.03288,-1.1551,-1.70237,0.29876,-6.65661,-9.88528,47.336,-988.2,-184.952,23800,-98840,-5460
5.79004,8.78421,4.01061,2.70174,2.10627,0.387344,-8.37132,-10.5364,3.35739,5.74817,3.72351,5.12527,2.26472,3.75997,-5.96327,-11.0297,48.8,-984.784,-177.632,23800,-98700,-4760
2.52726,6.12207,5.78897,4.29066,3.32348,2.44009,-3.81108,-6.26349,-1.2046,4.26825,4.60575,3.37983,6.05901,4.929,-1.89803,-6.07146,46.36,-987.712,-177.632,25200,-99540,-3640
-2.68883,-4.05008,2.82261,5.03364,3.17006,2.16872,3.51086,-2.55944,-19.5405,1.27961,0.617191,-2.10135,3.94321,3.40946,6.74826,-0.978016,41.968,-987.224,-175.192,26320,-99260,-2940
-1.38691,-3.91941,5.09966,5.87042,8.9335,5.76248,9.75349,5.67457,-16.4724,4.97252,0.973419,2.11648,4.9734,7.27459,7.99095,7.84281,31.72,-994.544,-175.192,27720,-98980,-1960
-7.32532,-7.42064,-3.66375,-6.79833,-4.81769,-3.99892,-5.63297,-1.16117,-5.39604,-0.919849,-4.61183,-3.98026,-3.48466,-5.32459,-6.30886,-3.06775,43.92,-979.904,-175.68,28140,-98140,-1400
-12.8083,-15.6923,-12.3737,-16.9073,-15.9636,-8.69606,-12.2819,-3.67657,-10.2081,-10.5893,-8.1042,-13.9,-9.14019,-12.5518,-12.1316,-7.24586,36.112,-982.344,-168.848,29120,-97440,-1120
-10.0354,-12.5862,-7.21466,-10.5247,-7.65052,-2.70113,-5.5311,-1.08281,-13.3877,-8.47242,-5.35063,-10.1099,-5.7384,-4.65689,-5.42127,-2.1033,47.336,-973.56,-178.12,30240,-96740,-280
-12.9456,-12.5026,-7.33372,-8.42629,-5.38508,-3.90989,-3.03381,-1.62693,-16.7406,-10.81,-8.09083,-11.518,-7.7344,-4.1885,-1.89592,-1.86572,32.696,-978.928,-161.04,30240,-95760,0
-4.32806,-1.64716,-1.39273,-2.72862,0.337642,1.5278,-0.933581,2.72852,0.662778,-7.76685,-3.82613,-3.57273,-2.89777,1.00475,-4.51281,1.5866,28.792,-974.536,-161.528,31500,-96600,1120
2.68746,8.02625,0.777682,5.04705,2.23947,0.419572,-0.579456,0.190193,9.35706,-4.00749,-1.52511,2.78395,-2.0712,0.133921,-2.62535,-0.39653,35.624,-974.048,-164.944,32060,-96880,1820
4.21912,11.6461,3.87502,7.78949,6.25303,3.23556,4.74374,2.43674,10.5802,4.60557,3.69288,7.41299,2.44036,2.77004,3.39277,2.56821,30.256,-981.368,-157.136,32620,-96460,2240
-1.61818,-1.24416,0.196829,-3.35337,-1.36791,-0.971132,-4.70323,-3.79511,3.09508,4.38633,3.21789,0.853956,1.46645,-2.7479,-5.50172,-5.70911,36.6,-972.096,-161.04,33600,-95480,2380
2.67176,-5.05464,-1.09166,-5.50104,-4.99281,-3.46536,-5.66817,-2.2357,6.99964,3.57918,2.1208,-0.466501,0.636816,-6.08084,-2.81005,-6.17208,30.256,-982.832,-161.528,33740,-94080,2660
15.8542,13.4721,7.11679,12.9816,8.54558,1.86983,7.36526,3.52303,23.6218,9.58961,5.00116,13.2634,3.89955,4.3887,10.7402,5.19271,35.624,-971.12,-169.336,33600,-92400,2660
9.36319,10.3253,5.03514,9.07974,4.97223,-0.247761,2.72386,0.439035,14.1029,5.63868,0.3863,9.77999,1.13057,3.32801,2.67628,1.66018,33.184,-973.56,-158.112,33320,-90160,2940
3.54727,5.26049,2.76716,6.55452,2.8931,-0.455389,0.584797,-0.399006,3.7037,0.420098,-2.75136,4.75379,0.409675,2.18207,2.78492,0.231487,33.184,-970.632,-151.768,33880,-89740,3360
0.172324,-1.1761,0.446032,1.64933,0.0207616,2.76847,2.51743,4.71434,-1.92802,-2.72887,0.223638,-0.210862,0.272155,1.87021,4.44715,3.35905,37.088,-966.728,-160.064,34580,-88900,3500
-3.87482,-7.13304,-4.93585,-7.23598,-7.3256,-1.66303,-1.77652,1.32253,-4.54851,-5.13794,-2.40491,-6.34337,-3.9982,-2.71861,-1.30648,-0.341448,30.256,-968.192,-154.208,34160,-88060,3640
0.499849,-0.557066,-2.11482,-0.410888,-1.42636,1.21786,4.30599,3.74502,-1.86119,0.988633,2.59625,-1.06693,1.96603,-0.211968,3.72208,3.74487,29.768,-972.096,-153.232,34020,-87080,3360
-2.87519,-3.15338,-3.47584,-1.9574,-1.5342,-1.21267,2.54304,-1.30976,-8.14085,-3.18049,-1.07497,-3.06927,-0.712541,-1.60559,-1.3111,0.986987,32.208,-970.144,-148.84,32480,-86240,3080
3.08229,4.09087,2.22059,7.16866,6.21346,0.345231,5.24446,-2.18389,-6.67832,0.182787,1.00062,4.79038,2.25673,2.86941,3.28619,1.21731,34.16,-972.584,-150.792,32060,-85400,2660
-0.840262,-2.98301,-2.07403,-0.128841,0.390947,-2.25233,0.0119983,-1.02876,-9.90793,-2.40582,-0.941282,-0.394506,0.32735,-0.273591,-0.937268,-0.459904,35.624,-977.464,-152.744,31920,-83720,2380
-2.3944,-7.85395,-4.60001,-9.90385,-8.21762,-4.09772,-7.03286,-3.6335,-2.8932,-1.95767,-1.57035,-6.22856,-1.01621,-6.26662,-6.46958,-4.17776,30.256,-983.32,-149.816,32060,-83020,2380
3.21836,-0.76025,1.26138,-4.42137,-2.91115,2.39365,-2.40137,0.167352,9.79783,5.57928,4.87161,-0.778882,4.25796,-1.60073,-0.996874,-0.290356,31.72,-983.808,-157.136,31920,-82740,2660
-0.907172,-4.56862,0.184514,-6.14615,-3.43345,1.08186,-3.26497,-1.97985,6.31459,2.65098,1.22482,-3.18844,1.27315,-0.75814,-3.87625,-1.25742,27.816,-985.76,-152.256,31780,-81480,2660
-5.03252,-7.3082,-0.679654,-5.09391,-1.14787,4.2316,1.18535,2.93752,-3.79963,-0.833295,-0.815434,-5.47033,1.98971,1.79381,0.950244,4.15759,29.28,-982.832,-153.232,31640,-80220,2940
-1.53688,-4.66666,1.50747,-1.81559,2.12252,5.28224,2.66959,4.55167,-4.1807,0.941465,0.728729,-3.17361,2.21797,2.35769,4.36996,5.25869,30.256,-986.736,-154.208,31500,-78540,3080
4.44586,9.17051,6.58087,6.4837,6.60252,3.4591,0.507206,-0.866871,6.10983,3.87261,0.340607,6.75924,2.72717,3.91007,2.49781,-0.348383,25.864,-988.688,-157.624,31640,-77140,3080
6.74056,19.8984,8.57733,16.3403,11.422,3.60982,4.63906,0.987585,11.5508,4.43258,1.21771,12.912,2.04439,6.01501,6.17387,2.07903,22.448,-989.664,-155.672,31500,-75180,3360
0.185908,7.58453,-0.106777,5.55739,0.784412,-1.33318,0.147417,1.30155,1.32502,-2.12129,-0.871164,2.6533,-4.4453,-1.7181,-1.23193,0.541792,18.544,-991.616,-151.768,31640,-73920,3500
-1.39053,7.85526,1.00362,7.8359,3.97158,0.624897,3.85353,4.72517,-3.91804,-1.70193,1.14335,3.03427,-2.30444,1.45583,2.00023,4.31874,17.568,-988.2,-147.864,31780,-73360,3640
-0.93026,13.0712,5.4679,11.9377,9.32285,1.37234,3.23042,1.07628,-5.12409,1.60637,0.634007,7.17351,-0.094392,5.69543,1.85191,2.79378,14.64,-990.152,-150.792,32480,-73080,3920
-6.0841,-1.54266,0.276924,-1.99539,0.239742,-4.34351,-6.56719,-6.56302,-7.84541,-1.77765,-3.27932,-1.3124,-3.48687,-0.564797,-9.56226,-5.71365,11.224,-990.64,-149.816,32760,-72940,4340
-0.258621,-7.51432,-4.02042,-13.6928,-8.18244,-6.18186,-8.52115,-3.98465,4.23157,-0.213197,1.58642,-5.87278,-2.72339,-6.08642,-10.4565,-7.1753,16.104,-992.104,-150.304,32340,-72100,4340
-7.33479,-14.938,-10.264,-16.2265,-11.3738,-6.61683,-3.69782,-2.40469,-2.77856,-6.36556,-2.64012,-12.8548,-6.15639,-6.98082,-3.89048,-3.16459,14.152,-996.008,-151.768,31780,-70280,4060
-1.75621,-5.01362,-1.72477,-0.601549,0.380482,0.0671753,4.04972,-0.265125,2.40822,0.697282,-0.310921,-3.60174,-1.3066,1.7386,6.5724,1.16262,15.128,-995.032,-151.28,31080,-68880,4200
2.32759,0.627973,-0.00570209,4.50452,0.654424,-0.90022,2.54508,-0.327811,6.80545,5.14566,2.37183,-0.103785,-1.25482,0.578497,7.59903,-1.05625,17.568,-992.104,-144.936,31080,-67620,4200
-1.27125,-4.29597,-3.04457,0.423747,-2.70495,-2.35088,1.33003,-1.77841,0.669985,2.74001,-1.35773,-3.44122,-3.17645,-1.45755,3.90808,-2.11909,15.616,-991.616,-148.352,31080,-67200,4200
-0.233573,1.36959,-1.08047,5.00025,1.64756,0.684568,4.78095,0.0519413,4.74529,2.08742,-0.205493,1.33938,-0.680706,0.754843,7.13868,1.01539,15.128,-994.544,-149.816,31360,-66780,4620
1.16507,-5.99511,-3.16217,1.51515,-2.1226,1.22646,1.92135,1.91957,-6.87579,-13.9148,-0.535419,0.861214,1.56614,-1.26176,4.74993,0.313563,21.472,-989.176,-137.128,32060,-66080,5040
9.41346,-4.64029,-2.19011,-5.72264,-4.8147,1.18592,-1.84471,2.33165,-1.33343,-13.9645,-0.703034,1.27003,5.76279,-2.74987,-4.14063,-1.192,17.568,-1001.86,-152.744,32900,-65520,5740
-3.08611,-0.267403,-0.141993,-2.79633,-4.14449,-1.79128,-6.62814,-2.23798,-2.33159,2.47536,-0.665483,2.90186,5.55851,-4.19813,-9.15214,-4.35752,33.184,-1013.58,-170.312,30660,-62580,6580
-12.6695,-5.33169,-3.26477,-8.53827,-8.60699,-4.51858,-12.9222,-7.34132,-3.75908,5.7907,-3.09633,-1.97936,-1.03938,-6.04211,-20.1115,-8.30236,19.52,-998.936,-144.936,30240,-59360,5600
-3.64477,-5.26967,1.84627,-8.42383,-0.843968,4.41866,-1.63879,3.21168,-1.54647,7.62758,3.19009,-0.44851,2.27021,2.68821,-10.6385,3.87118,22.936,-983.32,-156.16,32900,-63000,6160
2.58232,-7.6218,2.85707,-7.14156,0.24671,3.98839,0.013651,2.30955,-10.4221,2.4907,1.04518,-2.95411,2.96815,3.60524,-0.0737742,3.85818,29.28,-992.592,-153.232,31360,-62440,5740
7.93165,13.2773,7.72502,12.9643,11.3799,5.94657,10.3273,6.31894,6.38735,5.25331,2.12469,6.21779,4.91335,7.28199,15.3978,9.06403,23.424,-994.544,-149.816,30660,-61460,5600
3.50341,22.1121,6.7312,27.3524,17.1597,4.48909,15.978,7.48872,-12.7048,-0.39843,-1.38631,9.59863,1.50173,8.02963,24.9563,10.404,32.208,-982.832,-149.816,30660,-61600,5740
-1.61077,2.98914,-0.245213,10.8992,6.34033,-0.523266,6.72266,1.6217,-19.1886,-4.06752,-3.72256,-1.40685,-3.37997,2.13564,11.9056,2.64167,30.256,-985.76,-147.376,29820,-60340,5880
2.00096,-3.77639,-2.11885,-6.52625,-1.57607,-0.424694,-1.59404,-2.68811,6.36997,-0.88172,-0.716265,-3.65475,-2.11393,-0.816275,-1.03872,-1.89696,34.16,-987.224,-156.648,29820,-59920,6580
9.87341,-0.162905,-3.44911,-9.71841,-4.67318,-1.76749,-5.11846,-4.01076,12.3228,-3.25772,0.520941,-2.54263,-2.25247,-3.1146,-6.3026,-4.28375,30.744,-989.664,-150.792,29120,-58520,6720
12.8438,-0.521072,0.323577,-11.2588,-4.60543,-2.32988,-6.27741,-4.36366,15.3111,0.698223,3.221,-0.383913,-0.768375,-2.24231,-12.5243,-4.99045,26.352,-992.104,-147.864,27020,-56980,6720
8.78116,0.670448,4.37465,-5.21474,0.00938147,0.54853,-3.60859,-2.86603,11.0009,4.29598,4.28209,3.48527,1.5185,1.41299,-8.06409,-2.12333,25.376,-986.736,-144.448,26600,-55720,6580
-5.49184,-4.11583,-0.707159,-2.36141,-2.76112,-1.48553,-3.18606,-1.34354,-2.31271,-1.03395,-1.27141,-2.81126,-1.57076,-1.36896,-1.74074,-1.40764,28.792,-989.176,-142.984,26460,-55580,6720
-8.56531,-6.17936,-2.54778,-5.42958,-7.09023,-2.36168,-4.13123,0.65237,-5.24906,0.0312379,0.387248,-5.96664,-1.74557,-4.74362,-1.84297,-3.53974,26.84,-990.64,-151.28,25200,-54740,6580
-7.3642,-6.94506,-2.82139,-6.52336,-7.99265,-4.51422,-7.18567,-2.20259,-2.50121,-0.118833,-0.957738,-4.41145,-3.22916,-3.98381,-7.25799,-8.12595,23.912,-992.592,-147.376,23660,-52920,6300
-0.856521,-2.95466,-0.829821,-7.71376,-6.12484,-2.4925,-7.14891,-2.06159,11.1017,2.59981,-0.688682,-0.211047,-1.1846,-2.07044,-10.1052,-7.03344,23.912,-996.496,-147.864,22540,-51100,6160
2.15739,1.82421,1.99611,2.24289,1.36213,2.20342,2.16432,4.52877,14.3836,6.29787,2.12046,3.48161,2.15842,1.79648,2.03626,2.9806,24.888,-996.984,-145.912,21700,-49420,5740
-5.36947,5.25313,0.663203,12.7224,6.25851,1.20771,9.29839,3.91514,1.8663,-1.54313,-3.87012,2.55122,-0.700332,3.96605,12.5833,7.90267,23.912,-995.032,-144.448,21000,-48020,5880
-4.4727,11.9889,5.99147,25.3689,16.2061,6.65004,18.2202,8.27224,-6.49875,-0.595304,-0.811331,8.81012,4.02901,11.5531,23.5581,14.9654,21.472,-996.008,-142.496,20160,-47040,5880
-7.2378,7.68025,1.93965,14.8566,8.23867,0.804206,5.05842,0.872252,-8.18793,-2.88058,-2.63563,4.42605,2.01607,4.66639,8.11182,4.13135,14.152,-993.08,-140.056,19600,-45920,5740
-2.08642,9.91399,2.21056,3.98578,3.09063,0.549284,-3.76322,-0.654927,2.78246,-1.31095,-0.692063,5.0895,2.07656,0.1082,-10.4805,-2.23424,14.64,-995.032,-135.664,19180,-45780,5880
-2.22996,-4.84584,-1.41452,-7.08526,0.762729,1.68838,0.480696,1.55002,-3.43287,-1.92136,0.399712,-1.08516,-0.482503,-0.478365,-10.1639,3.12469,13.176,-997.472,-141.032,18900,-44800,6020
-0.872704,-13.2085,-6.13022,-15.5697,-6.37423,-2.41161,-3.89394,-3.06832,-0.220896,-2.09336,0.136382,-6.40041,-3.02839,-6.13511,-7.41418,-0.95438,19.032,-998.448,-143.472,17920,-43260,5880
5.85688,-9.13339,-3.50693,-8.23461,-4.15693,-1.53194,-0.967012,-1.2776,5.21574,3.47209,4.77676,-3.06765,-0.761488,-5.04381,2.7838,1.27893,14.64,-1000.4,-147.376,17360,-41440,5740
4.47944,0.553856,-1.90687,1.59703,-0.140333,-2.08358,2.06369,-3.67355,-2.42882,1.3388,0.916942,-0.670361,-1.67283,-2.24696,8.02279,0.703733,15.128,-1005.28,-152.744,17360,-40040,5880
-5.18825,-4.12168,-3.09297,2.23583,-2.17665,-1.57284,2.37227,-2.89744,-17.2267,-4.27115,-1.8825,-6.10784,-2.51947,-2.09551,7.9069,-0.92597,18.544,-995.52,-166.896,17360,-38780,6020
-5.90433,-13.0115,-5.55907,-9.08212,-9.77714,-1.25335,-3.46809,-0.777331,-9.90499,-4.82127,1.26355,-11.4138,-1.83505,-6.76962,-2.17214,-4.28819,17.08,-1003.82,-157.136,17780,-38360,6160
-0.822723,3.01814,-4.44763,-2.67208,-7.22326,-3.45429,-9.84126,-5.4046,-2.09481,-6.52612,-3.63339,-3.89758,-2.84307,-6.16519,-10.288,-9.74979,15.616,-998.448,-153.232,18480,-37940,6300
2.72872,4.10871,1.21582,-0.710754,-1.88963,1.59945,-3.90936,0.376623,-0.319026,0.402497,0.517824,1.59081,1.22055,-0.282077,-5.644,-2.44971,8.784,-1000.4,-140.544,18900,-37520,6580
1.04597,-4.88897,-2.84125,-11.5013,-8.90748,-3.39707,-9.05576,-3.52913,3.90088,-1.39333,-2.52184,-4.16954,-2.45809,-5.98064,-9.66054,-5.95693,7.808,-998.448,-145.424,19460,-37660,6580
2.6383,2.41952,2.90789,5.2087,5.21001,3.38412,4.81258,3.14761,-0.250014,1.35799,0.445138,3.87351,1.41404,2.93342,6.15546,3.5144,7.808,-995.032,-141.52,19600,-37800,6860
8.35244,14.2698,7.66211,12.9459,10.4033,4.2169,4.16422,0.462582,10.5928,5.69732,2.01969,11.7385,3.46446,5.61471,6.30886,2.56826,7.32,-997.96,-142.008,19040,-36960,6720
8.5142,23.3694,9.6831,18.3348,13.3659,3.25456,2.52763,-2.22083,12.1443,6.74768,1.8878,15.582,4.67158,8.64605,2.30152,1.24632,8.784,-993.08,-135.664,18620,-36260,6300
6.09799,18.3064,10.3394,13.3982,12.9063,5.15102,4.98438,2.89478,5.24586,7.74635,5.6304,13.8156,6.99361,10.3428,-0.657763,3.47673,9.76,-994.544,-140.056,18900,-35420,6580
-5.86541,-9.68751,-1.84334,-10.1485,-4.10539,-2.86312,-3.83427,-1.12964,-9.70715,-1.94782,-0.365609,-5.45902,-0.848144,-0.991643,-7.02521,-3.71635,12.2,-996.008,-140.056,18480,-34580,6300
-8.53271,-21.1482,-2.59823,-14.3473,-5.54554,-0.388654,0.789464,2.84198,-12.8211,-3.60093,-1.18634,-10.3571,-1.23035,0.49526,-0.923273,0.646574,15.128,-997.96,-140.056,17920,-33600,6300
-3.42795,-11.3697,-2.68512,-11.5654,-5.93723,-1.43025,-1.09373,2.328,-2.16681,-2.64834,0.542386,-7.50241,-2.21132,-2.34921,-1.5379,-0.203402,15.128,-996.008,-139.568,17500,-32480,6440
-2.31319,-8.5336,-3.7985,-2.64454,-4.12759,-2.77412,1.30699,1.74598,-2.58337,-3.14919,-1.77058,-6.14239,-3.6433,-2.50814,5.49036,-0.482724,14.64,-997.96,-138.104,17220,-31500,6440
10.0528,3.10281,2.72844,2.53921,0.871847,1.74949,2.38244,2.46747,13.3762,5.36796,2.82846,3.97259,2.63201,2.24459,5.339,0.142834,15.616,-994.056,-142.984,17220,-30800,6580
2.91952,-3.12027,-1.79726,-5.89922,-4.83299,-0.404224,-2.49408,-1.84509,4.99259,-0.321133,-1.98676,-1.79836,-0.0684961,-0.983903,-2.85094,-3.2443,12.688,-994.056,-138.104,17360,-31080,6860
-3.56647,-10.0703,-4.75447,-9.75963,-6.62088,-0.136032,-1.65753,0.386189,-4.27883,-2.8202,-2.69419,-6.28364,-1.43693,-2.19421,-4.33831,-0.945064,11.712,-993.568,-144.448,17780,-31360,7140
-2.52316,-4.90406,-4.14352,-1.434,-2.86377,-0.578524,1.25984,3.08227,-2.53098,0.532436,0.21617,-2.99359,-1.52629,-1.70241,3.95421,1.47099,10.248,-993.08,-141.032,17780,-31780,7420
-3.39137,3.81515,-1.50661,10.2462,3.52448,-1.66996,4.71709,1.632,-4.26101,-0.330395,-3.04565,1.06418,-1.26131,2.0667,9.88763,2.95129,11.224,-996.008,-142.984,17640,-31220,7420
1.57311,16.6051,4.60652,17.9677,12.1336,3.4148,10.6518,5.53686,3.58839,3.30406,-0.602867,9.6509,3.05445,7.14898,14.2525,8.28667,12.2,-993.08,-142.496,17220,-30660,7560
0.321636,6.50759,0.654465,7.16899,4.93741,0.393515,3.3081,1.7877,3.1439,0.528602,-2.27686,3.33395,0.32609,1.71286,3.85123,3.28431,11.224,-994.544,-141.52,16800,-30100,7420
5.38485,2.64382,0.114771,-4.25887,-2.58486,-1.49238,-6.77635,-1.35703,12.24,3.50247,1.93948,1.4395,1.23846,-3.40911,-11.2915,-2.29292,11.712,-997.96,-139.08,16940,-29820,7560
0.483984,-1.40076,-1.27733,-2.44555,-1.89028,-2.4005,-1.97455,-1.06358,4.31734,-1.18811,-1.5595,-1.18728,-1.13797,-4.00756,-4.04749,0.984161,13.176,-996.008,-140.056,17080,-29960,7700
0.402018,5.43077,0.986573,8.00526,3.92891,-1.32452,2.20225,-2.8783,0.42612,-2.49478,-3.13239,2.23931,-0.915838,-0.51158,4.30197,2.65264,10.248,-994.544,-137.616,17080,-29540,7700
4.85953,14.8337,3.66741,11.5166,6.73844,0.70885,1.75391,-1.07138,4.3018,1.65293,2.51568,8.06418,1.57067,2.45446,1.97417,3.08702,9.272,-992.104,-134.2,17360,-29820,7980
-2.29695,5.44672,-0.124256,3.55937,1.51529,-0.950551,0.662919,-1.46363,-5.40636,-1.52014,1.27087,1.07276,0.0668613,-0.0765875,0.214567,1.39711,9.272,-991.128,-134.688,18200,-30240,8260
-0.500412,10.5572,2.31428,7.25914,3.34867,-0.619859,-2.99859,-4.61613,-1.11389,-0.215305,0.936309,4.73777,0.0353773,0.593117,-5.75778,-1.94053,9.76,-991.616,-135.664,18200,-30940,8400
-0.556078,-0.957141,1.5435,-8.4599,-2.75474,0.533789,-11.0221,-6.51253,-2.81425,1.64407,3.85247,-0.359948,1.2521,-1.22437,-22.1991,-7.61425,7.32,-994.056,-138.592,18340,-29960,8400
-8.1775,-30.6117,-7.09495,-32.4097,-17.4816,-4.37797,-13.1452,-8.11785,-12.8699,-4.08908,0.326413,-17.5535,-3.19921,-9.7199,-19.1819,-10.4256,9.76,-993.08,-142.496,18060,-29540,8120
-0.614336,-9.56446,2.28433,-4.95296,0.421695,1.48691,4.48691,-0.724381,-3.94709,2.15437,4.42848,-2.5043,2.00084,1.38325,7.92629,1.52344,12.2,-990.64,-141.52,18060,-29120,8120
-1.88981,0.251434,3.16217,6.84756,5.21776,0.361172,3.83109,-3.42613,-7.17471,0.0854549,-0.0467947,1.39995,-0.429954,3.67609,8.9472,-1.53562,11.224,-991.616,-138.592,17920,-28420,7980
-0.223857,-4.06552,0.348754,-1.57548,-0.572666,1.28857,0.274034,1.27258,-2.27651,0.773605,2.69418,-1.40998,-0.826068,0.347847,1.5489,-1.45544,7.808,-992.104,-139.08,17780,-27580,7980
-1.84504,-5.7878,-0.832221,-2.61944,-2.15968,1.38668,0.639449,2.80074,-2.74128,-1.19858,1.29744,-2.71893,-1.05558,-0.793892,3.65091,-0.460006,6.344,-993.568,-134.2,18480,-27020,7980
1.26261,-4.05029,0.0567952,-1.2852,-1.69661,2.13761,1.2065,2.56643,4.1388,-0.83945,-1.1628,-1.05005,0.370934,1.29853,5.72047,0.886292,7.808,-991.616,-135.664,18340,-27020,7840
5.01086,-1.92064,0.192556,-4.4704,-1.7779,4.34328,2.46474,7.24974,11.4183,1.92394,1.2878,0.0956289,2.42867,1.03344,3.94797,4.40298,7.808,-986.248,-133.712,18060,-26040,7700
-1.16768,-1.11574,-2.21881,-1.26226,-2.23482,1.27726,2.52232,4.75849,1.21451,-3.95067,-3.58745,-2.24829,-1.61614,-0.970803,4.23916,3.09461,11.712,-995.52,-131.272,17780,-24920,7560
-5.31253,5.17559,-0.435866,7.67701,3.30552,2.45454,4.54827,5.12919,-7.31245,-6.59095,-4.65036,0.549862,-0.721077,2.83562,2.62725,4.16654,18.544,-990.64,-129.808,16520,-22680,6720
-7.22924,-5.98508,-2.34455,-2.04582,0.155814,2.38172,4.35174,6.97141,-9.99934,-6.23094,-4.31981,-4.03313,-1.21808,1.27088,-2.69155,4.22484,7.32,-982.344,-134.688,16100,-20440,6860
-0.569475,-2.42612,-3.56809,-8.58169,-6.32677,-2.54789,-2.76265,1.47665,7.16707,-0.980986,-2.40674,-2.39497,-2.03937,-4.33586,-9.39026,-2.49512,3.904,-987.712,-127.856,15820,-20300,7420
-0.629234,6.4841,-1.01528,0.275412,0.746442,-0.353229,-0.93098,1.82856,5.38803,0.105481,-2.07808,3.6724,-0.306754,-0.482496,-4.54261,0.388844,6.832,-982.344,-126.88,15400,-20300,7560
-0.630173,5.6708,-1.91458,3.67686,1.9844,-1.60446,-1.65824,-1.52378,2.86981,-0.762688,-5.00533,1.7387,-2.22326,-0.0115969,-1.92679,-1.26227,11.712,-984.296,-129.808,14980,-19740,7840
2.23002,1.20573,-2.87348,-2.4901,-2.16263,-3.56766,-3.56966,-3.37173,7.05738,0.89961,-1.46212,-0.988147,-2.51958,-3.95273,-2.7222,-4.50013,10.248,-986.248,-130.784,14420,-18200,7560
1.66635,-1.31415,-2.44795,-2.60088,-4.16285,-4.76166,-5.66822,-5.99542,2.921,0.974277,-0.205251,-1.37496,-2.34895,-4.74777,1.67429,-6.9506,6.344,-986.736,-135.176,13300,-16380,7280
0.847495,0.701822,-1.20935,5.51642,-3.17151,-3.55339,-6.77208,-5.46143,-2.5667,0.226161,-2.17195,-0.333772,-1.31169,-3.62502,6.73105,-6.32051,8.296,-987.712,-127.368,12740,-15260,7280
1.74458,13.3971,3.0301,16.429,6.04505,3.17938,1.14248,4.47607,-4.17815,2.36786,0.843824,6.48396,2.75316,3.25235,4.2636,5.00221,9.272,-988.688,-129.808,11900,-14280,7140
1.06435,6.0454,-0.341473,2.41903,-0.457939,-2.79649,-2.99084,-3.474,-4.29594,2.31225,2.40028,1.23373,-0.198828,-0.343517,-7.83615,0.372282,6.344,-990.152,-125.416,11480,-13440,7000
0.150754,-5.3177,0.835227,-0.919557,2.95103,-0.405138,6.34972,-4.68325,-4.77085,3.96295,5.85962,-0.713742,2.19756,2.26043,9.3725,1.71732,3.416,-987.712,-131.76,11060,-12740,6860
1.7791,-5.14692,0.823485,3.39417,2.74904,-0.989335,-0.168201,-7.46047,-4.20005,3.73021,5.62519,-0.466465,2.47699,-0.0715185,9.57591,-4.58289,4.392,-986.248,-130.784,10500,-11620,6580
5.65898,-0.742186,4.09006,-2.39694,-1.64799,-1.6757,-10.9006,-6.9431,0.889047,6.00498,5.87163,2.40025,3.45662,-1.16017,-9.84959,-7.12846,3.904,-988.2,-126.88,10220,-10780,6160
4.40261,5.07982,6.35716,4.67346,6.27151,3.1599,4.82711,4.70131,-2.60589,4.89015,3.41269,6.55622,5.14143,5.14961,-0.311349,6.9992,2.928,-986.736,-128.344,9520,-9520,5740
-1.03085,2.02695,4.52383,6.53984,6.70026,2.9054,8.81728,5.06008,-7.83762,-0.775035,-1.85157,3.14768,2.65818,4.78607,3.58915,7.62821,0.488,-988.2,-134.2,9380,-9100,5600
3.68819,-1.9101,3.79767,-6.92939,-2.03781,-0.337065,1.23363,1.92128,8.7395,2.03197,0.90901,-0.0244563,2.34737,0.784247,-6.94496,1.28871,-0.976,-986.248,-129.32,9100,-8260,5320
3.1603,-9.22309,0.614415,-11.3869,-3.94107,0.106091,3.57506,4.16081,11.5882,2.18292,2.22908,-3.41787,1.60258,0.115204,-0.272214,4.10464,-7.808,-986.248,-128.832,8680,-7980,5040
-1.91688,-5.63091,-2.66023,-2.4031,-2.55783,-2.13715,4.11144,-0.62391,7.34284,-2.79047,-2.57438,-4.20594,-2.5548,-1.45565,6.78467,0.971654,-5.856,-982.344,-126.88,8260,-7560,4900
1.53005,6.56418,1.81669,10.5582,6.9436,5.05704,10.7213,4.5935,5.36762,1.28061,2.74938,4.30138,1.64941,4.81469,11.9221,5.3557,-3.904,-984.296,-129.32,7700,-7700,4480
-1.8105,14.0751,1.75113,11.2663,7.03866,3.11904,4.11016,1.11718,0.149736,-2.50397,-1.62607,6.30612,-1.65097,4.08457,0.562523,2.52457,-7.808,-984.296,-124.928,7280,-7700,4200
4.5829,12.2244,5.49958,9.55899,9.01812,5.44037,7.50956,4.78935,5.5634,3.6553,2.69636,8.92402,1.6595,7.6143,4.31096,5.90091,-7.808,-985.76,-127.856,7140,-7840,4060
6.42021,3.25479,1.63155,1.21031,2.27497,2.34322,3.04253,2.23212,11.8084,3.76392,2.85348,2.89238,0.413975,2.87152,1.81954,0.55494,-7.808,-988.2,-130.784,7560,-8820,4060
15.4554,22.4986,5.31506,3.67338,3.8927,0.37637,-3.57044,-2.62235,31.2367,6.71861,3.29702,11.8666,1.11417,2.12551,-9.07177,-4.16818,-7.32,-989.664,-128.344,7700,-8960,4060
4.16947,16.8542,6.33302,10.0276,11.065,5.40922,4.88396,3.9812,2.83932,2.94792,2.2815,9.96868,3.67504,7.38531,0.917159,4.23371,-8.784,-988.688,-130.296,7980,-9380,4060
-8.73588,-13.2083,-3.42101,-4.88062,-0.320334,-0.753378,-0.803809,-0.92072,-21.2329,-5.56513,-2.71873,-7.35372,-1.08401,0.348344,0.164332,-0.431402,-10.736,-989.664,-127.856,7980,-9660,4060
-0.994749,-12.6445,-2.53255,-9.8148,-3.93562,-0.130947,-1.93976,-0.211173,-5.5764,-1.51005,-0.508165,-5.3534,-0.863298,-0.422475,5.28098,-1.04683,-10.736,-987.712,-127.856,8540,-9940,4200
-4.96975,-10.6201,-6.85699,-6.53761,-7.17803,-2.28732,-3.32096,0.335833,-9.24778,-6.08464,-3.21336,-8.42017,-4.09113,-5.24823,7.42402,-1.05586,-12.688,-987.224,-126.392,8820,-10220,4340
-7.19949,-11.3545,-8.15183,-10.1189,-10.2133,-5.49556,-7.8689,-3.93839,-7.36237,-7.6367,-5.69002,-10.1016,-6.24439,-8.04139,-4.13905,-4.47109,-10.736,-989.176,-126.88,8960,-10500,4340
-5.5598,-8.51483,-5.67035,-8.43672,-7.5254,-3.8253,-4.44228,-1.05314,-4.31343,-4.53724,-2.7156,-6.92071,-3.22716,-6.55085,-4.67071,-2.60418,-10.736,-984.296,-123.952,8820,-10920,4480
-8.77777,-9.76225,-6.90713,-7.89972,-9.28333,-5.89089,-7.51786,-3.33767,-10.1641,-6.47701,-4.58116,-8.9934,-3.73029,-8.56096,-6.41251,-5.42573,-9.76,-982.832,-121.024,8960,-11060,4760
-10.8792,-10.1724,-5.93722,-6.39228,-8.50606,-3.79974,-8.63817,-3.80242,-14.9841,-5.58106,-3.34384,-8.90566,-1.8601,-6.99133,-7.68061,-6.39943,-13.176,-987.712,-121.024,8540,-10920,5040
-12.4977,-15.7626,-7.80525,-12.3695,-9.49904,-1.31998,-7.69263,-1.77864,-15.3952,-5.83323,-3.98894,-11.0023,-2.22448,-5.66189,-11.3877,-4.3519,-13.176,-984.784,-126.88,8260,-10500,4900
-15.4799,-13.5595,-11.3686,-15.1692,-13.8234,-6.12017,-13.896,-7.31502,-11.7124,-10.0451,-9.95498,-12.3493,-8.51882,-10.3462,-18.0633,-10.1546,-9.272,-985.76,-122,8120,-10500,4900
-10.8178,-6.5592,-5.0024,-6.36315,-8.25452,-2.4845,-10.4385,-2.81163,-9.90111,-5.27432,-6.23894,-5.62318,-4.31862,-6.57163,-13.9624,-6.61755,-10.736,-985.272,-117.608,7420,-10640,4900
-11.0912,-13.5973,-3.99485,-10.7524,-8.69704,-2.19907,-8.33353,-0.855786,-11.7408,-6.41611,-6.76159,-8.7905,-3.51726,-5.92492,-9.97482,-4.14663,-8.784,-984.296,-116.632,7000,-10640,4900
-6.96273,-7.28711,-1.23298,-3.0375,-3.16832,0.781605,-2.16496,2.54926,-7.75435,-5.16195,-4.26838,-4.21791,-0.585204,-2.39976,1.37526,-0.392409,-6.832,-987.712,-115.656,6580,-10780,5040
-5.662,-7.98584,-3.21316,-6.53406,-5.82645,-0.843125,-3.4095,2.70009,-7.08623,-6.07009,-4.09165,-6.25556,-1.67906,-4.96602,-2.37858,-2.41329,-7.32,-989.176,-115.656,6580,-11340,5180
0.276609,-4.86634,-1.84978,-7.29967,-5.55551,-2.81337,-3.77262,-1.99037,0.997308,-1.82139,-1.42395,-3.76435,-0.836864,-5.00266,-5.42285,-4.49528,-5.368,-989.176,-111.264,6580,-12180,5460
6.13276,6.03702,5.24944,5.95323,4.31509,1.79418,3.27892,0.700123,3.3395,3.94159,2.81285,5.36896,3.95657,2.73211,2.43681,0.848931,-5.856,-989.176,-111.752,6860,-13440,6020
4.33011,4.90213,2.54744,10.4748,5.02336,0.130601,3.72461,-0.399574,-1.98403,2.47728,2.01648,3.14229,1.05678,2.91884,3.45006,0.901654,-2.928,-987.224,-115.168,7140,-14420,6020
11.839,10.3894,4.47744,9.68248,7.54458,1.34058,4.34343,-0.280685,7.30051,8.26462,7.0833,7.67314,3.19587,6.39527,0.649843,2.73464,-4.392,-987.224,-118.096,7840,-15120,6160
21.1139,15.3402,12.3556,13.3288,15.3831,6.15611,14.9997,4.39992,17.5229,16.2275,14.7793,15.2788,9.86611,13.155,12.7275,10.619,-1.464,-988.2,-118.096,7840,-15960,6300
28.862,34.4122,19.8594,28.7964,23.2781,7.41784,17.1559,0.866898,31.2717,21.6991,16.5188,26.7799,13.0507,17.3827,17.1411,10.081,-0.976,-984.784,-115.168,7980,-16520,6300
32.0572,41.7588,23.0187,29.0067,25.1581,11.3208,15.7577,4.58533,37.9229,25.042,20.4471,31.5724,15.9321,18.9797,10.964,12.2301,0,-986.248,-118.096,8260,-16940,6160
23.2246,23.9937,15.8788,19.7202,19.1411,8.86815,18.856,6.62009,30.9043,17.0616,14.0233,20.6234,9.28018,15.1565,18.2303,15.5947,0.488,-986.248,-116.144,8400,-17360,6440
18.8924,27.538,15.6708,35.428,28.1399,11.3459,32.5759,12.618,26.0196,14.0444,10.9357,22.7223,7.95758,19.3601,43.1127,23.3406,-0.488,-985.272,-113.704,8260,-18200,6580
9.74161,17.7487,9.02979,25.8574,18.3503,5.79077,21.0172,6.57867,15.1508,8.45148,4.11638,13.5414,2.94426,11.1724,32.7441,13.667,0.488,-981.856,-114.68,8960,-19180,6440
0.468264,5.99718,0.864458,7.59876,3.42122,-0.176707,1.81663,-0.205416,5.736,1.38885,-1.80414,3.41045,-1.03089,1.72891,9.99582,1.30845,1.952,-985.272,-116.632,9240,-19460,6580
-5.62236,-2.74569,-3.37069,-1.75844,-1.03836,-1.21744,-1.12364,1.8842,-3.18947,-3.11133,-3.66047,-2.28843,-1.66179,-1.59958,3.08805,0.616591,2.928,-985.76,-115.168,8680,-20020,6580
-10.1513,-13.5087,-9.71029,-19.0645,-11.9875,-4.97845,-9.94117,0.0492155,-7.15676,-8.73166,-6.56159,-11.4345,-6.00626,-9.51584,-12.4571,-5.41169,-1.952,-984.296,-111.264,8680,-20440,6440
-15.6001,-19.1537,-14.2013,-25.6295,-19.1605,-8.63466,-17.0671,-5.3024,-14.0126,-13.6914,-9.91927,-17.3384,-9.96366,-14.7897,-20.3752,-12.7607,-0.488,-986.736,-114.192,8400,-21280,6440
-20.0992,-24.2995,-14.9936,-24.7913,-20.0072,-8.73403,-17.6712,-6.53883,-22.7755,-15.5772,-12.356,-20.5471,-10.4023,-14.7273,-22.4662,-13.4613,-2.928,-985.76,-110.776,8400,-21840,6160
-22.8583,-23.7219,-14.1563,-22.6346,-17.8093,-7.55772,-16.2286,-7.55733,-28.7732,-17.7838,-15.978,-19.9031,-10.1279,-11.9738,-22.7518,-11.8697,-10.248,-986.736,-107.36,7980,-22680,5880
-18.0022,-21.8799,-11.4939,-23.1245,-16.2632,-6.50661,-15.975,-7.00161,-24.7107,-13.1479,-11.4829,-17.2921,-7.59785,-10.0559,-22.7217,-10.6817,-9.272,-987.712,-105.408,8260,-23240,5600
-12.361,-19.9541,-10.3372,-20.4851,-15.4182,-6.62025,-13.5911,-5.74691,-16.7572,-10.4971,-8.72312,-14.7677,-6.51526,-9.2552,-18.6033,-9.44368,-7.808,-988.2,-105.896,8400,-23520,5180
-5.60596,-11.5825,-5.98666,-9.99337,-8.21801,-2.87817,-5.52666,-2.72176,-7.98183,-5.21354,-4.14337,-7.29587,-2.31871,-4.05967,-6.61122,-5.10151,-11.712,-993.08,-106.872,7840,-23660,4620
-4.2464,-5.59936,-4.17565,-0.442896,-1.69621,0.230963,1.20293,0.0903335,-6.58822,-3.77387,-1.47216,-3.91414,-0.453188,-0.987365,5.19842,-0.43019,-11.712,-992.592,-102.968,7560,-23380,4200
-4.81713,-4.80132,-4.04318,-2.20145,-4.43042,-1.38833,-5.71727,-4.84332,-5.53432,-4.77567,-1.21018,-4.15947,-1.64194,-3.39777,-0.445411,-5.65269,-15.128,-988.688,-102.968,7420,-23240,3640
-0.127052,-1.26201,0.400924,-1.49094,-2.8178,1.72255,-4.77165,-1.25811,0.341256,0.508267,5.48148,-0.663953,2.28554,-1.29687,-1.13389,-2.82748,-11.712,-991.616,-100.528,7280,-23520,3080
-2.9317,-4.98539,-2.54004,-6.50667,-6.7123,-1.26111,-7.67671,-3.33956,-0.778012,-3.30552,1.29308,-4.99905,-1.13503,-5.50969,-5.67276,-4.83491,-13.664,-990.64,-102.48,7140,-23380,2800
1.10588,0.785291,1.8565,-0.558105,-0.505272,2.58857,-3.33829,0.385217,0.672412,2.15418,3.79901,2.04088,1.97149,-0.657389,-1.54114,-0.992519,-10.248,-994.056,-101.992,6580,-22820,2380
3.03851,5.92287,4.20824,6.9711,5.5853,3.35138,3.14656,3.14434,0.865633,4.32061,3.63658,5.41021,3.61376,2.76222,4.51857,2.83389,-11.712,-994.544,-101.992,6580,-22260,2100
6.614,9.96497,5.49062,7.19421,6.15479,3.0222,3.41938,2.0155,6.14717,5.93228,4.43531,7.98926,3.89978,4.03182,2.1347,2.28658,-9.76,-996.008,-99.552,6720,-21980,1820
7.36298,9.12173,6.93569,6.33282,7.40449,5.00853,5.03568,4.98714,5.87467,7.24699,6.18519,7.91116,4.94722,6.01426,1.99569,4.61072,-12.2,-998.448,-100.528,6720,-21560,1820
2.71246,0.24099,4.04782,1.68683,3.90339,2.79202,5.55434,6.10976,-1.06419,3.12156,1.80728,1.87734,2.858,4.81219,1.52715,5.25005,-12.688,-996.984,-100.528,6720,-20860,1540
8.58037,11.9098,7.30205,14.4779,11.8753,4.25869,15.6231,8.6664,9.40293,6.91198,2.05407,10.0662,4.00836,9.45564,11.6995,11.7199,-12.2,-994.544,-102.968,7000,-20020,1540
9.12544,12.551,5.27866,11.9746,8.08297,1.24207,9.12605,5.02831,13.798,7.53831,2.8137,7.67555,2.84923,4.02389,6.68805,5.64392,-9.76,-996.496,-105.896,6860,-20160,1400
-0.712071,0.488055,-1.16909,1.36109,-0.468844,-4.43726,0.462419,-1.93525,0.508208,-1.10171,-4.09917,-0.771601,-2.64255,-1.60103,-2.86058,-1.32213,-10.736,-994.544,-107.848,6580,-19460,1260
-1.96671,-3.57114,-1.02528,-2.02399,0.451867,-2.94522,1.72712,-1.24172,-3.9733,-1.15988,-1.86576,-1.42742,-1.95284,-0.273033,-4.12024,-0.0576632,-8.784,-997.472,-104.92,6580,-19320,1260
-5.6594,-9.34762,-5.64064,-7.48846,-6.39964,-6.93919,-4.90918,-7.3053,-7.29096,-4.93783,-4.29898,-7.78178,-5.71491,-5.34473,-5.5563,-5.99776,-11.224,-999.912,-108.824,6720,-19180,1120
-0.731193,1.97394,0.34891,3.695,0.744517,-0.755384,-1.14773,-3.23733,0.946454,0.483878,0.872195,0.776236,1.10148,-0.16955,3.73719,-1.89977,-14.152,-998.448,-108.336,6720,-18760,1260
-3.00674,2.41232,0.0252632,4.97623,1.84682,0.346591,1.09806,-0.325477,-1.93648,-1.73405,-1.72728,0.455596,0.966505,0.441743,5.28974,1.37738,-14.152,-997.96,-106.384,7000,-19180,1120
0.720552,3.36713,0.806959,3.31041,2.10392,0.811155,2.08052,0.658859,3.84348,1.40453,-0.68239,1.82888,0.171498,1.66296,3.02854,2.81469,-13.664,-999.424,-104.92,6720,-18900,700
7.48055,4.79294,4.62788,2.15349,2.37736,2.95567,1.57543,0.883883,12.5478,7.36374,3.73578,4.96571,2.1769,2.22586,3.58361,2.19314,-13.176,-999.912,-105.896,6860,-18900,840
6.1282,7.90875,3.89782,9.48438,7.13712,2.79069,6.05732,0.271756,11.5541,3.16267,1.26132,6.69226,-0.309769,4.78162,9.82082,5.17051,-18.544,-996.008,-99.552,6860,-18480,560
3.81191,4.93215,3.09348,5.83848,5.32906,3.13549,2.98088,-0.0386531,6.72201,2.36223,3.10401,4.05817,1.29179,3.62305,6.43646,2.71875,-18.056,-995.032,-101.016,6720,-18480,140
1.00017,-2.95159,-0.0152775,-3.47011,-1.8035,1.1182,-0.159223,0.978438,2.23129,-0.624699,0.857842,-2.5383,0.813466,-1.18582,2.60339,0.974582,-16.104,-993.568,-104.92,6440,-17780,-280
0.888417,-3.19104,-1.61677,-6.39063,-4.36459,-0.530474,-2.56239,-0.222725,1.95063,-2.51682,-1.59643,-3.13603,-0.993354,-2.34198,-2.06446,-1.00975,-17.08,-993.08,-100.528,6020,-17220,-420
2.14084,1.75509,0.110949,-4.03265,-2.24532,0.940477,-3.49086,-0.357975,1.05089,-0.754838,0.816098,0.913415,0.568641,-2.23758,-5.32225,-2.36818,-16.592,-991.616,-101.016,5040,-17360,-980
-4.60733,-0.766434,-3.90406,-2.59142,-3.54203,-1.47352,-2.97605,-0.809688,-7.74794,-5.40863,-2.76957,-3.08719,-3.00366,-4.15163,-3.10509,-2.82216,-18.544,-994.056,-102.968,4900,-17920,-980
-3.57408,-3.22151,-0.465564,-0.980654,0.372326,1.41118,0.586262,0.689979,-8.41283,-2.27571,-0.329954,-1.99251,0.483951,-0.50012,-0.301549,-0.460002,-15.128,-996.496,-100.528,4340,-18480,-1540
2.14285,-0.499533,2.67366,-0.58764,1.43292,1.78537,0.591647,0.489941,0.447174,1.62499,2.2651,1.4302,2.97633,0.594865,-1.7958,-1.75283,-15.616,-997.96,-101.992,4340,-19320,-1820
-0.818647,-1.32136,-0.0628785,-3.07988,-2.99252,-0.609598,-2.8855,-1.46826,-2.98621,-1.81334,-0.188625,-1.87045,0.602251,-0.941943,-4.65773,-3.34178,-12.688,-998.448,-98.576,3920,-20020,-2380
3.73468,2.27619,2.65728,1.06629,1.63501,2.05657,1.58736,3.09397,-0.562863,2.36253,3.86,2.79928,3.41993,3.43366,1.22212,2.47462,-13.176,-998.936,-99.552,3780,-21000,-2800
-1.58357,-3.40712,-3.57011,-3.98221,-3.97239,-3.18125,-4.10661,-0.562333,-6.46839,-4.91042,-2.15813,-3.07993,-2.20067,-1.80241,-2.6378,-2.81827,-12.688,-1000.4,-97.112,3920,-21280,-3220
-0.705701,-0.980673,-2.98954,1.02594,-0.902887,-1.945,-0.266542,0.60958,-5.16401,-2.8375,0.327294,-1.49292,-0.461579,-0.323018,3.5331,-0.155425,-13.176,-996.984,-95.16,4060,-21560,-3640
4.16137,1.4908,-0.0732882,3.19245,0.572692,-2.46976,1.56525,-0.196433,0.413606,2.29515,1.93635,1.49417,-0.163841,-0.120142,3.86765,0.780191,-11.712,-1000.4,-97.112,4200,-21700,-3920
0.964566,-1.71913,-0.888675,-0.0858996,-0.387147,-0.667624,-0.235194,0.809948,-1.75991,0.841952,0.267428,-0.0150223,-2.02167,-0.217959,-0.721437,0.271592,-12.688,-995.032,-98.576,4480,-22120,-4340
-2.84181,-5.44426,-3.02696,-3.62202,-1.81544,1.25198,-1.93456,2.75974,-3.70684,-0.548506,0.337944,-2.68161,-1.69147,-0.750558,-1.93377,0.469113,-13.664,-1002.35,-96.624,4480,-22400,-4340
-7.52237,-7.41485,-6.4863,-4.8346,-4.72502,-1.68039,-3.61693,0.641062,-4.77138,-4.2364,-2.77307,-6.30798,-4.49089,-3.09467,-2.40571,-0.855488,-6.344,-997.96,-97.6,4620,-22960,-5040
-6.59312,-6.42381,-4.60683,-5.38627,-4.13376,-1.69219,-3.71201,-1.17164,-0.847053,-0.810881,-2.60942,-4.76392,-2.97082,-1.00228,-5.0564,-2.15008,-9.76,-992.104,-96.136,4900,-22960,-5600
-3.23278,-1.62052,0.278993,-1.99065,0.124012,1.9034,0.138304,0.302242,3.15297,2.99757,-0.575388,0.0205345,0.858578,2.1235,-4.22938,-0.171426,-8.784,-992.104,-95.648,4760,-23100,-5740
-2.38293,2.33647,0.553273,3.53327,2.66005,0.673911,3.23735,-1.11643,4.00319,1.45169,-2.75171,1.56157,-0.473798,1.88164,0.468614,1.63879,-14.152,-988.2,-97.6,4200,-23660,-5880
1.93834,7.94785,5.32517,7.84968,6.8966,3.48934,4.83652,1.31686,7.28498,5.55187,0.211187,7.37462,4.03328,5.28639,1.65151,3.81103,-13.664,-989.664,-96.624,3640,-23940,-6160
-3.93454,1.99654,-0.178778,-0.0679839,0.281848,-1.75137,-1.35338,-3.3899,2.60769,0.571666,-4.32246,1.0407,-0.480956,-0.328682,-3.46263,-1.73664,-13.664,-990.64,-94.184,3360,-24780,-6440
-1.56285,0.299158,1.27885,-1.39469,0.857382,-0.435708,-0.619935,-1.39571,1.31396,2.48628,-0.176287,0.595443,2.16094,-0.468421,-2.11626,0.0075199,-8.296,-990.152,-92.72,2800,-25200,-7000
0.0779877,1.16763,1.43514,0.844382,-0.174789,-3.01239,-1.35375,-3.8493,0.638531,0.642787,-1.0169,0.584191,0.652077,-2.46732,0.300615,-1.82818,-8.296,-988.2,-92.232,2800,-25480,-7140
2.58247,1.26388,1.84536,-1.87974,-1.72423,-3.30992,-3.46786,-4.6771,1.52138,1.5484,0.0620601,1.14701,-0.309924,-1.43958,-3.34215,-1.75663,-10.248,-991.128,-91.744,2800,-25340,-7280
3.85226,1.69329,2.89499,-2.36165,-0.938616,0.121326,-1.58801,-0.572925,1.76166,3.17718,3.4628,1.87916,1.68914,-0.481937,-3.00978,0.243081,-4.88,-993.08,-88.816,2520,-25760,-7420
1.78135,0.778335,0.933171,-0.640841,-0.153406,0.756835,1.56338,0.443103,-0.934808,0.538808,2.46812,0.203584,1.28697,-1.0993,1.48233,1.15123,-5.368,-992.104,-92.232,2520,-25760,-7420
4.40186,1.09603,2.2229,1.84074,1.26747,1.83939,3.36587,0.692351,-1.46423,2.62057,4.88353,1.21735,2.65308,1.15648,6.32857,1.9953,-3.416,-991.128,-90.28,2380,-25480,-7420
3.18519,1.50666,2.93581,3.37171,2.22703,1.86998,2.75105,0.109425,-1.70801,-0.486848,3.72119,0.557833,1.63577,1.59834,6.33862,0.576937,1.952,-992.104,-89.792,2380,-25900,-7420
-1.18792,-0.256594,0.283577,3.02368,0.826487,1.24745,1.03751,0.490467,-5.2771,-6.27068,-0.389827,-2.83313,-1.34996,-0.26375,4.48344,-0.266914,-0.488,-990.64,-96.624,2240,-26180,-7280
0.0462737,1.43674,1.04982,5.60995,2.93395,2.56941,4.22512,3.39824,-2.71317,-4.73938,-0.164557,-0.224852,-0.0946614,1.61,6.75972,2.63372,1.464,-988.688,-94.672,2100,-26320,-7000
0.258182,0.184589,0.332988,3.7648,2.61331,1.06811,4.79789,1.90202,0.942668,-4.12599,-1.96372,0.34804,-0.979574,2.63471,4.85212,2.98987,3.904,-993.08,-99.552,1820,-26600,-7140
3.99215,3.37252,0.0582953,3.76312,2.41948,0.530904,4.10167,1.88694,6.17074,-0.211289,0.497293,2.35624,-0.548353,1.88073,2.36388,0.654107,4.392,-991.128,-100.04,1680,-27160,-7140
3.85767,3.8706,-0.646791,2.59388,1.34322,-0.130606,1.69148,0.901934,6.45863,0.983849,1.27156,2.07423,-1.07435,0.0176704,0.13008,-0.792577,4.392,-991.128,-100.528,1680,-27580,-7140
-1.28998,-3.26262,-4.43644,-4.80099,-4.21559,-3.20365,-5.15076,-3.64515,-1.56281,-2.94524,-3.56876,-3.36664,-3.54468,-5.11998,-4.30818,-5.49224,5.856,-990.152,-101.016,2100,-28420,-7000
-1.92199,-3.38,-2.21567,-3.36514,-1.5438,0.0968244,-1.52275,2.31993,-4.96104,-1.90712,-2.15228,-1.42629,-0.300418,-2.22939,-1.29617,-0.650266,3.904,-993.08,-102.968,1960,-29540,-7000
-5.23549,-7.25954,-5.51585,-7.05716,-6.27838,-3.96653,-5.98855,-1.3321,-7.32807,-3.83635,-4.36526,-5.60554,-3.47686,-5.69391,-3.74114,-3.86731,6.832,-992.592,-105.408,2240,-29960,-6860
-2.43285,-5.17658,-4.07849,-8.10712,-6.22007,-3.10305,-5.97925,-0.0340768,-3.0157,-1.2698,-2.02055,-4.54877,-1.78074,-5.34438,-6.28841,-3.63648,10.248,-996.008,-104.432,2520,-30800,-6720
-3.16878,-3.49859,-4.38556,-5.12974,-5.17825,-1.82263,-4.36975,0.612696,-2.49433,-3.23667,-3.15796,-4.71713,-2.83707,-4.64363,-4.88151,-1.75531,8.296,-990.152,-101.992,3220,-30800,-6860
-1.19413,-1.56398,-0.463337,-3.67024,-1.98776,0.776186,-3.01508,1.75623,-2.17986,-1.13936,-1.1305,-1.28354,-1.32748,-0.4493,-4.25474,0.207441,7.32,-992.104,-103.456,3500,-30800,-6720
4.39207,4.18115,6.66878,2.46765,5.40207,4.01523,3.88594,3.68942,2.54477,4.33341,3.49253,5.51138,3.22338,6.21577,1.7462,4.49947,5.856,-995.52,-103.944,3500,-30240,-6580
-0.856186,-0.926731,2.87823,-1.72832,0.568729,1.64722,-1.196,-0.661096,-1.29874,0.0615313,0.327548,0.688796,1.64363,2.88695,-3.35781,-0.582513,6.344,-992.592,-104.432,3360,-29540,-6160
-2.44117,-2.21692,-0.241431,-1.83469,-1.34808,-0.471418,-1.14067,-0.31432,-0.339267,-0.906441,-0.28095,-0.849398,0.0768557,0.487172,-2.51589,0.0728455,4.392,-991.128,-106.384,3360,-28280,-6020
1.51954,2.40101,2.09333,4.89957,3.86838,2.91087,4.30329,2.75216,4.16749,3.19697,2.97207,3.81471,2.81337,5.21237,4.42064,4.94424,1.464,-992.592,-108.336,3360,-26880,-5880
-1.49972,0.0207232,-1.17659,1.89055,0.410212,-0.20789,0.626625,-0.73805,2.40479,0.625469,-0.604881,-0.403604,0.199631,2.73292,0.174335,0.711469,2.44,-989.176,-104.92,3080,-25760,-5600
3.84991,8.82062,4.32413,8.37791,6.32194,2.70916,3.0686,0.537693,7.61966,7.35628,4.69996,6.47739,5.27106,6.6069,2.71109,1.55241,0.488,-991.128,-104.432,3080,-24360,-5460
-0.42562,3.88707,0.493267,1.5343,0.303066,-2.1372,-4.05815,-4.85965,4.38917,2.74661,0.36969,1.10445,1.02645,0.929741,-4.71377,-3.56506,-4.392,-990.64,-106.872,2380,-23240,-5320
2.3604,4.73537,2.09953,3.61651,3.26909,0.498526,1.71376,-0.846327,6.55972,5.24241,3.8927,3.1083,2.72743,1.38787,0.270317,1.0898,-4.392,-988.2,-105.408,1960,-22120,-5460
1.09765,0.753535,0.320901,-0.465174,0.239567,-0.0378969,-0.917944,-2.83646,1.85124,3.5308,2.08593,0.949455,1.44615,-0.764231,-1.11086,-0.463013,-8.296,-986.248,-110.776,1260,-21140,-5460
-1.65107,-3.02722,-3.016,-2.56008,-2.85216,-2.16642,-2.33134,-4.26824,-2.77494,-0.0762575,-0.817907,-2.30766,-1.42999,-4.04083,0.827644,-1.86285,-9.272,-984.784,-106.384,280,-19320,-5880
-1.04347,-3.87371,-2.5481,-0.470562,-0.877401,-0.11732,3.87383,1.76657,-3.95716,-0.578212,0.275726,-2.8306,-0.779948,-2.80043,7.23699,2.46633,-9.76,-985.272,-108.824,-700,-17780,-6300
1.79464,0.675349,-0.473215,1.7101,1.74179,-0.194557,4.59011,3.12009,0.92137,-0.209834,-0.00114534,-0.216951,-0.703945,-1.26161,6.68005,2.60278,-12.688,-984.296,-108.824,-700,-16940,-6720
4.31228,5.30967,3.51184,5.89452,5.28284,3.26721,7.45421,5.86327,2.37628,2.49032,0.733374,5.61297,1.49488,3.20764,6.69137,4.33886,-11.224,-987.224,-111.752,-1680,-16240,-7420
3.22586,0.665813,2.70664,3.84967,4.34456,3.06927,6.05561,4.61158,-1.11253,1.67094,-0.841191,4.06983,-0.286953,3.25122,4.41072,4.11875,-9.272,-986.248,-107.848,-2380,-15820,-7980
-0.96329,-3.98437,-0.00158766,0.368178,0.933771,-0.210278,1.20474,0.5789,-5.96249,-1.30176,-2.94292,-0.093415,-2.298,0.636765,1.05137,-0.0971063,-7.32,-989.176,-110.776,-2940,-15400,-8400
0.287294,-2.44115,-0.477998,-2.63536,-1.77552,-0.0654204,-2.61629,-1.15584,-3.18765,-1.18994,-1.35316,-1.20852,-0.756121,-1.08566,-3.89501,-2.47891,-8.784,-988.688,-110.288,-3500,-15120,-8960
-3.00483,-4.94046,-5.07771,-6.42386,-6.87435,-3.37705,-6.69717,-4.49907,-3.20409,-4.89023,-3.55748,-5.4936,-4.3859,-4.71742,-8.1178,-5.9877,-7.32,-988.688,-112.24,-3640,-15120,-9380
-5.22844,-7.51488,-5.47707,-5.8225,-6.88602,-2.90777,-3.53301,-2.32275,-5.05733,-5.17699,-1.40897,-7.09878,-2.91422,-5.17053,-3.97517,-3.70464,-5.368,-991.616,-117.608,-3500,-15260,-10220
-0.389117,-1.34,0.519647,-1.89419,-2.08829,-1.88568,-3.68953,-5.22492,1.7277,-0.44072,1.6187,-1.0851,0.65228,-2.19362,-2.04746,-3.40205,-2.928,-989.664,-111.752,-3500,-15260,-10500
-1.59014,2.06371,1.34946,0.744289,-2.26207,-3.94937,-5.00854,-6.9129,0.187582,-1.60597,-0.665012,-0.58892,-1.14938,-2.43827,-2.55053,-4.3713,-2.928,-989.664,-115.168,-3500,-15820,-11060
0.20212,6.98585,4.94128,5.77369,3.71526,0.984616,1.30597,0.262246,2.60936,0.290171,2.45229,3.43287,1.34162,1.7097,2.45897,2.33546,-1.464,-990.152,-112.728,-3360,-15960,-11200
-6.0345,-0.612797,0.0514779,-1.98481,-1.7717,-1.4163,-4.36411,-2.62823,-3.76705,-5.65204,-3.8785,-3.30179,-1.63102,-1.68187,-3.58784,-1.14286,-0.488,-990.152,-118.584,-2940,-16800,-11480
-2.69169,-2.71885,-0.0866456,-5.5919,-2.98903,2.37568,-2.72147,2.44355,-2.50257,-2.03357,0.0347189,-2.83918,2.11849,-0.906135,-5.38006,1.8261,0.976,-988.688,-114.68,-2800,-16940,-11620
-1.41767,-3.64408,-2.79311,-6.0687,-4.40832,0.833682,-0.691517,2.09234,-1.88331,-1.55746,-0.612014,-2.81814,-0.793155,-2.83637,-3.39636,0.8282,4.392,-992.592,-123.952,-3220,-16520,-11900
-0.485699,-0.666082,-1.63673,-0.981775,0.0187707,2.16092,4.11459,3.55806,-2.79923,-0.0814512,0.235699,-0.33834,0.0571779,0.722867,2.35601,3.09517,6.832,-995.032,-122.976,-4060,-15540,-12180
1.0886,0.427561,-0.219899,-1.09687,0.706039,1.23588,2.06118,2.05013,0.632527,1.58004,1.23962,0.273328,0.468263,0.283639,1.85894,2.07643,6.832,-991.616,-121.024,-4060,-14840,-12180
1.6761,2.44413,1.63811,1.01934,1.30083,-0.0643523,2.3219,1.82213,2.71273,0.498585,-0.0270157,1.15575,-0.181187,1.29109,4.10529,1.29876,6.832,-993.568,-124.44,-4480,-14560,-12180
1.47536,4.35879,1.75549,4.87523,3.2873,-0.0961017,3.53722,2.78469,2.47826,-0.109684,-0.401166,3.0195,-0.409696,3.80691,8.17115,1.52912,7.32,-992.592,-120.048,-4060,-14420,-11900
3.28429,3.4103,2.18846,4.65416,4.22788,1.13132,2.30153,2.72193,1.65451,1.80349,0.818047,3.80101,1.10929,5.24418,6.61377,1.61002,6.344,-990.64,-118.584,-4060,-14280,-11760
4.06084,1.96515,1.93582,3.54498,4.01264,0.617039,1.48916,-0.420988,2.59884,2.13091,0.560303,3.16615,1.02332,4.62569,2.71175,0.259713,2.928,-991.616,-123.464,-4060,-13720,-11480
10.2552,9.12139,5.06161,10.7374,9.41717,4.38971,4.75186,1.25698,10.5796,7.22889,5.89935,9.15898,4.8675,6.16415,6.36607,3.28469,5.856,-993.08,-121.024,-3640,-13160,-11200
4.75716,2.37632,1.48631,3.61107,2.95203,0.719573,-1.35499,-2.93539,4.44469,2.58293,2.24515,3.23879,2.45666,2.10096,-0.671849,-1.10949,2.928,-992.592,-121.024,-3220,-12460,-10920
0.95289,0.595341,1.25975,1.16514,2.07694,1.967,-1.19019,-0.336468,0.247557,2.71971,2.47165,2.02792,3.53614,2.25837,-2.28349,-0.896691,4.392,-992.104,-122,-3220,-11480,-10780
-2.90572,-1.71509,-2.94662,-0.642984,-0.831767,-0.467109,-0.359385,1.0692,-0.834476,-1.36814,-1.76384,-1.4928,-0.650137,-0.975375,-2.58257,-0.291719,4.88,-990.152,-122.976,-3220,-10220,-10640
-2.03291,-1.9544,-3.48014,-2.90067,-2.29333,-1.60931,-0.930761,0.871486,1.2521,-1.66642,-2.08023,-2.24568,-2.19926,-1.44761,-3.94009,-0.0903429,8.296,-992.592,-122,-3780,-8680,-10500
1.55802,1.27166,-0.377412,-3.06086,-0.758164,0.904293,-1.79726,2.75602,4.87203,0.968789,1.05835,0.248013,0.251444,-0.0660642,-7.18325,0.633578,4.392,-993.08,-123.952,-4060,-7420,-10500
-1.26381,-3.03847,-3.79386,-5.1861,-4.87446,-3.96239,-4.5238,-1.81416,1.3601,-1.50632,-1.23565,-3.55697,-2.74362,-5.71429,-8.27934,-4.73041,4.88,-994.544,-121.024,-4200,-6720,-10080
-3.31519,-4.93215,-3.19693,-3.81707,-3.98147,-2.94005,-1.15265,0.0698356,-2.50132,-1.52512,-1.79407,-3.52957,-1.42401,-4.65342,-2.87368,-3.19188,2.44,-993.568,-117.12,-4340,-6020,-9940
-4.63404,-6.96245,-3.68201,-6.78372,-7.61773,-4.62848,-3.89788,-1.63512,-5.54392,-2.75404,-1.97699,-5.89346,-1.8305,-7.01755,-5.39165,-4.5597,4.392,-995.032,-123.464,-4200,-5180,-9800
-3.59618,-2.65754,0.38475,-1.63076,-3.1371,-2.75456,0.0644161,-1.66357,-6.02703,-1.89144,-2.04304,-1.87037,-0.475462,-1.5676,-0.404025,-1.90492,1.952,-994.544,-123.952,-4060,-4200,-9380
-6.08283,-4.57986,-0.296675,-0.479875,-0.646778,-0.474372,2.84566,0.580126,-9.41273,-4.28831,-4.09855,-3.27994,-0.429682,0.228798,2.3794,1.76672,0.488,-996.496,-128.832,-4060,-4060,-9240
-4.6553,-6.09277,-4.1399,-5.79345,-5.56303,-3.85114,-3.68517,-3.53792,-7.62833,-4.6823,-3.73774,-5.57003,-3.67719,-4.73202,-3.39262,-2.83826,1.464,-994.056,-127.368,-3640,-2940,-8960
-1.18372,-0.595305,-1.10626,-0.669034,-0.843429,-1.16424,-0.898555,-2.0915,-2.92588,-1.06461,-1.36639,-1.82353,-2.12355,-2.20617,1.45915,-0.56324,1.464,-996.984,-127.856,-3500,-1960,-8540
0.750732,1.01566,1.16985,3.96292,3.36728,1.91403,3.12294,-0.0740324,-2.01,1.87493,1.90274,0.779654,0.12835,0.507212,6.02604,2.24778,3.904,-996.984,-132.736,-3360,-1120,-8680
-0.355938,-0.683751,0.448974,2.15866,1.87493,1.83779,0.593124,-0.869968,-3.20127,0.247592,-0.537869,-0.325665,-1.31683,1.51061,2.62611,0.822169,5.368,-994.544,-130.296,-2800,-700,-8120
4.73769,3.62356,4.4941,3.20953,3.75518,4.63161,2.46878,1.45951,2.48849,4.59415,2.92598,2.86516,2.06483,3.80671,2.39597,2.76845,2.928,-993.568,-129.808,-2240,-560,-7840
3.36283,1.81001,3.37603,-1.95262,-0.26855,1.17523,-0.970175,-1.4964,3.11693,2.77767,1.1183,1.82551,0.935863,1.69286,-1.06232,-0.782604,3.416,-993.568,-127.856,-2100,-560,-7420
5.33964,5.73041,6.00401,3.36937,4.59975,5.69524,5.32685,3.66604,6.03268,5.59837,4.64279,5.72387,4.15577,5.84771,5.48457,4.49525,2.928,-991.128,-127.856,-1680,-560,-7000
3.34963,4.43405,2.38115,3.09762,2.38179,2.32664,3.97103,0.799538,5.48305,2.01327,1.97816,3.40026,1.09066,2.29797,4.30524,2.59653,4.88,-992.104,-127.368,-1820,-140,-6720
2.27657,4.42134,1.76516,4.44459,3.02418,0.467225,0.796876,-0.383439,4.76763,1.09905,1.05834,3.72299,0.982286,1.18029,3.71529,1.19708,4.88,-990.64,-129.808,-2100,420,-6440
-1.21272,1.53813,-0.962725,2.8149,1.41237,0.0670798,0.0732199,0.840799,0.241528,-2.11371,-0.32935,0.601809,-0.474729,-0.984051,1.99605,1.54979,3.904,-992.592,-131.76,-2240,840,-6300
-1.0396,1.45813,-1.98212,0.580195,0.214167,-0.184064,-0.902699,0.480384,0.990161,-2.03408,0.0531184,-0.395876,-1.15588,-0.924779,0.0877264,1.50367,4.88,-991.128,-128.344,-2800,1400,-6300
2.92169,4.37172,1.54812,2.13375,2.11508,1.49034,0.458431,0.774387,6.25021,2.41991,2.52326,3.03149,0.597492,1.67704,1.93001,2.27835,2.44,-993.568,-128.344,-2800,1820,-5880
-2.372,-1.41886,-2.2005,-4.10057,-3.04495,-3.10739,-6.59112,-4.29871,1.89106,-1.20396,-1.20792,-1.62182,-1.76422,-3.00239,-6.01324,-4.79329,5.368,-990.64,-129.32,-2940,2100,-5740
-5.304,-4.20031,-3.62099,-5.07446,-3.87898,-3.83616,-7.35006,-4.02808,-2.2525,-2.63315,-1.71859,-3.31805,-1.71321,-2.28326,-6.327,-4.83186,2.928,-994.056,-127.368,-3080,2800,-5460
-1.28593,-0.834021,-0.74376,1.78368,1.60971,1.43874,2.16917,3.31778,-0.895987,0.729471,1.08157,0.464575,1.24067,2.30582,3.55301,3.14923,0.976,-991.616,-124.928,-3360,3220,-5460
-0.314104,-0.853096,-2.43973,1.75095,-0.119663,-0.635373,1.17451,-0.375559,-0.166263,-1.17208,-1.27481,-0.01542,-1.28741,0.0264617,2.06705,0.323904,-1.952,-990.64,-126.88,-3500,3780,-5320
1.18577,-0.868246,0.874659,1.18961,1.46287,2.43525,1.99867,1.60435,-0.234489,0.643481,1.73934,1.24056,1.3821,1.59201,1.73151,0.892154,1.464,-989.664,-128.832,-3920,4620,-5180
-0.831025,-4.14068,-1.10396,-3.42745,-2.1472,-0.687975,-1.3311,-0.29789,-1.84737,-1.39659,-0.471223,-2.56534,-0.28576,-1.26484,-3.98536,-2.68772,-1.464,-991.128,-124.928,-4060,5180,-5040
-1.95712,-1.96481,-1.40972,-2.95436,-2.88903,-1.93925,-2.82919,-0.314255,-0.538953,-1.79952,-1.97102,-1.69771,-0.249486,-1.84267,-6.19813,-3.43315,0.488,-989.664,-125.904,-4480,5880,-5040
-2.08041,-3.76565,-0.917817,-2.7909,-2.48123,0.463097,0.976624,3.7494,-2.59423,-1.33454,-0.71074,-2.37275,1.59327,-1.01487,-2.62637,0.317966,-1.464,-990.152,-127.368,-4760,6440,-4900
-3.56171,-6.08709,-3.89003,-4.8209,-5.24543,-3.10738,0.981935,0.169798,-6.00779,-5.47563,-4.09965,-6.57433,-1.87058,-4.25748,-1.48048,-1.16008,-0.976,-989.176,-125.416,-5180,7420,-4900
2.17989,2.1707,-0.287264,0.891127,-0.137528,-0.619578,2.47479,0.575251,-0.301076,-0.943315,-0.390887,-0.561122,0.0493361,-1.88112,0.280389,0.398433,-4.88,-990.64,-124.928,-5740,8400,-4900
4.77307,6.22168,3.53891,4.40053,3.82086,2.14715,3.03677,1.48172,2.36471,2.54401,1.45117,4.29444,3.12264,2.66131,0.119413,1.29406,-6.832,-988.688,-123.952,-5740,8680,-4760
4.48914,5.39143,4.99391,5.30571,5.46764,1.71172,2.57234,0.336736,2.93914,4.69602,1.26607,5.17923,4.85855,5.04485,1.97007,1.35102,-5.368,-990.64,-120.048,-5740,8540,-4480
4.30321,2.91079,4.61267,3.14033,4.69518,2.17943,2.18869,2.27522,1.40402,6.04128,2.97123,4.40801,5.45022,5.73593,1.88601,2.70848,-8.784,-989.664,-120.048,-6020,8540,-4620
-0.644076,-1.49416,1.13232,-3.01478,-1.34634,-1.77302,-2.7502,-3.11702,-1.19769,0.920194,0.057941,-0.159143,0.63756,1.30551,-2.48504,-2.63782,-6.832,-986.736,-123.952,-6720,8540,-4760
1.52238,0.549946,1.53348,-0.625718,-1.02283,-1.24161,-1.61484,-2.26659,2.02164,2.20587,2.07678,1.26641,-0.639486,-0.326441,0.424482,-2.33152,-10.248,-990.64,-121.512,-7140,8960,-5040
0.360882,0.583311,0.4356,0.817884,-0.730629,-1.93315,-0.996901,-2.28098,-2.04661,0.587413,-0.337895,-0.0145239,-1.6017,-0.655494,0.974266,-1.6018,-5.856,-989.664,-121.512,-7560,9240,-5040
-1.01634,-0.40597,-0.40605,-1.19576,-1.58781,-2.17974,-1.99955,-2.48787,-4.49511,-1.89807,-1.58855,-1.26599,-2.61993,-0.835994,-1.73821,-0.662123,-4.392,-991.616,-122,-7840,9240,-5320
2.19753,3.07239,3.45634,0.88423,2.83822,3.8673,1.81284,3.5466,0.0906816,2.18903,2.396,3.49253,-0.626463,3.04707,0.853048,4.40175,-6.832,-990.152,-118.584,-8260,9520,-5460
-6.82031,-5.82329,-3.59711,-3.83032,-2.91579,-0.151154,-2.13361,-1.30606,-7.26673,-5.77361,-5.07433,-4.91548,-6.8083,-3.54747,-0.82497,-0.554517,-6.344,-992.592,-121.512,-8400,9100,-5600
-6.74989,-4.61704,-2.9504,-1.07703,-1.42605,0.383696,0.140581,2.49618,-6.36766,-5.05724,-3.84644,-4.5684,-5.74113,-2.50126,2.58628,1.60872,-5.856,-991.616,-117.608,-8400,9240,-5600
-2.69437,-1.56989,-2.94436,0.869011,-0.819775,-1.8228,0.64239,3.22051,1.08858,-2.75134,-2.22495,-2.70147,-3.85335,-2.77315,3.10593,2.03675,-1.464,-992.592,-120.048,-8120,8960,-5600
1.02175,2.08528,-0.929995,4.00803,1.89498,1.01952,2.48024,3.6669,5.8725,1.01086,1.58433,1.38947,-0.105702,0.477643,4.83435,3.46221,0.488,-993.568,-120.048,-8400,9520,-5600
0.654821,1.75298,0.0135746,3.6044,2.25411,2.00953,2.03276,1.82639,3.49694,1.38437,2.98645,2.035,2.04281,1.086,4.51328,2.31783,0.488,-995.032,-116.632,-8680,9940,-5740
-1.12637,-1.17654,-3.14845,-0.670456,-1.89081,-1.14485,-2.00369,-1.52712,0.637978,-1.94828,-0.224794,-1.52739,-0.480218,-2.43402,-0.231864,-2.50429,0.488,-993.568,-114.68,-8260,10220,-5740
1.37614,1.40099,-1.32525,-0.551103,-0.88695,-1.08754,-0.735264,-2.23495,5.05149,-0.143592,-0.331478,0.250696,-0.277127,-0.765548,-1.65788,-2.18147,-3.416,-998.448,-114.192,-8260,10500,-5460
1.22549,-1.21709,-0.59986,-2.61622,-1.41633,-0.283396,-1.33727,-2.40956,3.26692,0.914852,0.0279184,-0.344727,1.94086,-0.748384,-3.7112,-2.09437,-0.976,-996.984,-109.8,-7840,10500,-5320
1.27429,-0.498862,-2.58872,-2.23207,-2.97793,-3.54259,-2.9265,-5.3882,3.82039,0.133602,-1.32972,-1.38134,-0.615494,-3.61944,-4.62833,-4.78729,-0.488,-993.568,-109.8,-7560,10220,-5040
4.48401,3.3811,-0.626903,1.58451,1.58812,-0.76399,0.615931,-1.78583,6.80599,3.62183,3.29894,2.44119,2.37657,-1.78199,-0.373378,-0.422575,2.928,-996.496,-112.728,-7420,10360,-4900
-2.61303,-4.2156,-4.0349,-5.25633,-2.40877,-1.36318,-3.33821,-4.13715,-1.69367,-1.79731,-1.32293,-3.44339,-0.79362,-3.08387,-5.81771,-2.46418,3.904,-993.568,-111.752,-7280,10500,-4620
3.31469,2.86604,3.86301,2.78184,4.94872,3.12675,2.76958,-0.585235,0.642118,4.65956,3.43251,3.35103,4.55297,3.04398,2.08378,1.28275,3.904,-997.472,-113.704,-7280,10500,-4480
4.33448,3.47008,5.3941,3.20554,4.46037,1.6195,1.66871,-1.66126,1.66689,5.02943,2.88234,3.76334,4.50877,3.91376,3.44612,0.67686,7.32,-996.008,-117.12,-7140,10780,-4060
2.04264,2.30321,4.2504,0.661335,2.10122,0.851112,0.394498,-0.372405,0.807999,1.26954,-0.0585672,2.02841,2.29452,3.57651,1.31949,2.37893,6.832,-997.96,-115.168,-7420,10920,-3920
2.69878,3.73864,5.54106,2.38002,2.81916,2.8132,0.974936,1.89309,1.34242,1.79263,2.91475,3.39515,2.60726,3.55037,1.66801,3.23839,8.296,-997.472,-112.24,-7560,11900,-3780
-3.41971,-1.91539,-0.303668,-1.86411,-2.23757,-1.1261,-2.45291,-0.987191,-5.59503,-3.75982,-0.643826,-2.39795,-1.73934,-0.762206,-1.3814,-0.301738,9.272,-995.52,-111.264,-6720,11620,-3360
-3.46476,-2.42324,-1.09978,-1.14758,-0.923312,1.12747,1.26221,3.85159,-6.21285,-3.22175,-1.54604,-2.39964,-0.825249,1.59429,1.39845,3.34469,6.344,-997.96,-111.752,-6020,10920,-2800
-4.00768,-4.30885,-3.08413,-5.4298,-4.79452,-0.602822,-2.52172,3.37929,-4.42424,-4.68649,-2.62343,-4.41824,-1.6402,-1.9478,-3.95685,-1.73454,9.76,-995.032,-113.216,-5740,10920,-2660
-4.01505,-2.97736,-3.68263,-4.64091,-6.16907,-2.17472,-5.08547,0.61482,-5.42626,-4.62106,-2.41202,-3.47225,-2.32389,-3.09787,-4.97767,-6.14054,10.248,-994.544,-114.192,-4760,10780,-2100
-1.76122,0.232585,-1.32646,0.908228,-0.783815,0.742205,2.19352,4.76432,-3.85507,-1.47183,-0.815281,0.053309,-0.287647,0.0656503,1.49295,0.167005,13.176,-994.544,-115.168,-4900,10920,-1960
-5.14492,-4.73493,-3.42286,-3.4815,-3.6346,-0.792325,1.57632,4.57179,-7.29548,-4.31107,-4.2033,-4.25453,-2.94941,-2.82387,-1.44708,0.328211,9.272,-996.496,-121.024,-5040,11340,-1680
-1.96714,-1.74651,1.76729,0.628296,0.509474,3.0217,3.8652,5.0096,-3.5558,-0.544404,-0.0911784,-0.228374,-0.262633,0.491504,0.978493,2.50326,12.688,-998.448,-112.24,-5040,12040,-1400
0.395666,-1.11306,2.92141,0.52961,0.644763,1.69569,1.47893,0.852492,-1.66433,0.851076,0.350644,1.17461,-0.604032,0.787827,0.133822,0.0072011,12.2,-996.008,-111.264,-4340,12180,-1120
-0.112927,-1.95048,0.888836,-0.262386,-0.239446,0.347911,-0.540891,-3.8679,-2.82797,0.839822,-0.913735,-0.0120864,-1.6486,0.948387,-0.310317,-1.93966,7.808,-996.496,-113.704,-4060,12040,-840
5.29281,5.32244,5.52059,7.45889,7.06467,5.03393,4.60631,-0.826858,3.64791,6.94884,3.42294,6.80114,4.61825,6.61282,7.42491,3.20584,8.784,-998.448,-118.584,-3640,12180,-560
3.94497,4.74633,0.625377,7.09734,3.92231,-0.63972,2.11652,-3.66215,4.62686,2.93375,-0.0966337,3.49788,-0.219473,2.45326,5.76941,1.39066,6.832,-996.008,-119.56,-3640,12600,-420
6.78631,6.97398,1.70688,7.55783,6.37475,1.29438,4.31086,0.497681,7.70189,4.68542,2.78194,4.87414,1.8361,3.32064,5.18763,4.48545,6.344,-996.984,-119.072,-3360,12740,-280
3.55352,3.63461,-1.48054,1.3813,0.315552,-3.20307,-0.631862,-3.3555,7.66601,2.26471,1.07048,1.30229,-0.610709,-1.89179,-0.266485,-2.15205,7.32,-997.472,-119.56,-3220,13160,-420
3.58624,5.68885,0.304315,2.99597,1.49001,-1.86027,0.53108,-1.31481,10.0074,3.6326,2.78014,3.8637,1.23496,0.156588,0.827302,-0.451859,5.368,-997.472,-117.608,-2660,13160,-140
3.9867,4.04768,1.15132,2.50356,2.33207,-0.275222,0.560349,-0.374589,9.84473,3.9606,3.76488,4.11178,2.36027,0.947253,0.00124549,0.273626,4.392,-995.032,-119.072,-2520,12880,-140
-0.378117,-3.6616,-3.19838,-6.45603,-5.15624,-4.4366,-6.63977,-5.14648,3.71028,-1.07302,0.454006,-2.94673,-0.559439,-4.29454,-7.22182,-6.32835,2.928,-995.032,-119.56,-2380,12740,0
-1.01494,-4.91861,-1.93565,-6.65287,-4.46834,-3.51346,-5.93535,-1.5001,1.67375,-1.5455,-2.36923,-3.15616,0.254918,-3.65489,-6.10845,-4.26228,2.928,-992.592,-119.072,-2240,12880,-280
-1.34596,-3.54625,-0.427577,-3.46482,-2.16449,-1.69194,-3.15973,1.25724,0.740549,-1.02438,-1.30579,-1.99964,0.272059,-2.53442,-4.33982,-1.69846,6.832,-992.104,-118.584,-2660,13160,-140
-6.0861,-7.75648,-3.61029,-6.82125,-5.25818,-3.14204,-5.33954,-2.72377,-4.71482,-4.97619,-3.67692,-6.14177,-3.43189,-3.7939,-6.65122,-3.14232,3.904,-994.056,-119.072,-2660,12880,-420
-5.44192,-3.4584,-1.43796,-1.41389,0.106295,1.17414,1.8539,2.769,-5.41736,-2.69136,-2.70545,-2.79641,-1.80925,-0.322338,0.618913,3.09627,2.928,-992.592,-122.976,-2940,12880,-420
-8.45117,-6.06327,-4.76356,-3.46044,-3.23944,-2.08455,-1.08718,-0.774179,-11.453,-7.77669,-7.26133,-6.06874,-6.32435,-3.76242,-0.760046,-0.423498,1.464,-992.592,-121.512,-2800,12460,-700
-2.67578,-0.510008,-0.213071,1.06752,1.22713,0.635975,1.60048,1.50529,-6.57959,-2.50819,0.0162297,-1.01327,-1.7311,0.224918,1.8719,1.94792,1.952,-992.592,-121.512,-2940,12320,-840
0.42581,2.49347,1.71012,1.82469,2.05659,0.538382,2.86808,1.72544,-0.762159,-0.0984571,1.54744,0.584683,0.811005,1.94375,2.36744,2.77123,0,-994.544,-121.512,-2940,12180,-1260
0.074461,2.38016,1.21139,2.77546,2.90793,0.875336,3.89328,2.31424,-1.43852,0.453088,0.677203,0.651461,0.686951,1.94947,4.33711,3.24968,2.928,-993.08,-121.024,-3080,12040,-1400
1.54484,4.81895,2.09822,5.40909,5.22664,3.36227,3.95149,3.4514,0.853541,2.53209,2.56708,2.37153,2.35736,3.96547,5.10546,4.72939,3.904,-995.52,-126.392,-3080,11900,-1680
-0.173822,0.501678,-0.578713,0.138808,-1.00974,0.114067,-2.24116,-1.27048,0.454675,-0.464064,0.730852,-1.38807,-0.697226,-0.638478,-1.24636,-0.647774,2.928,-994.544,-127.856,-3220,11900,-1960
2.61386,1.22643,1.94513,-1.51624,-1.00738,1.51112,-2.01171,-0.131531,0.66116,1.44333,3.78723,0.284055,1.56801,0.400855,-0.717568,-0.228723,1.952,-991.128,-125.904,-3220,11900,-2100
4.94186,3.47518,3.91378,1.56474,2.02312,3.63504,1.8937,0.796757,0.9462,3.16256,4.59889,3.03321,4.01698,3.09102,4.13127,2.49689,1.952,-993.568,-124.44,-3080,11620,-2100
4.06042,1.79251,3.25284,1.41508,1.38003,4.56623,1.8802,1.22653,-0.0417808,3.5301,3.81193,2.27678,4.18134,2.39156,3.4152,2.78267,1.464,-994.056,-124.928,-2940,11480,-2240
4.14454,2.62888,2.69158,1.19086,0.994717,3.21423,1.13,0.285945,2.02795,2.46161,1.63025,2.46074,2.96086,1.58967,0.771317,2.4424,4.392,-993.568,-125.416,-2660,11620,-2380
-3.85803,-5.70593,-3.92234,-7.51233,-6.89091,-3.26068,-6.44818,-5.62444,-6.10463,-4.06636,-4.18264,-4.18436,-2.83243,-3.95182,-8.61394,-5.22628,7.808,-993.568,-125.416,-3080,12180,-2660
-2.76737,-2.83532,-1.83969,-2.98541,-3.00415,-1.59343,-2.41366,-1.52772,-4.06399,-2.00237,-2.16269,-0.536512,-0.716735,-1.0658,-4.18513,-1.7344,5.856,-995.52,-127.368,-3360,12180,-2660
-3.39386,-1.31763,-1.11159,-0.473353,-0.642139,-1.21612,0.677838,-0.0160439,-2.23004,-1.33284,-2.30328,0.802704,-1.37832,-0.165003,-1.66546,0.0441561,8.784,-993.08,-125.416,-3500,12600,-2940
-6.87585,-7.26487,-4.9203,-6.43795,-5.29185,-3.30212,-2.25359,-1.50693,-5.65102,-4.9569,-4.79142,-4.3953,-4.53414,-4.21322,-4.29467,-3.19417,9.76,-993.568,-123.952,-3780,12880,-3080
0.178343,-0.847583,-0.610911,0.268619,0.102898,1.67349,2.88538,3.91783,0.170237,0.275025,0.667548,0.732425,0.49084,0.254515,1.68094,0.725261,8.784,-997.472,-130.296,-3780,13020,-3220
1.42376,-2.04029,-2.15566,-0.111749,-1.88431,-1.56944,0.0413374,1.03564,2.74698,-0.745645,-1.49996,-1.27803,-2.52855,-1.72479,0.282424,-2.33917,9.76,-1000.89,-124.44,-3500,13860,-3220
8.58019,7.57647,6.21498,8.25155,5.66695,1.90068,3.23035,1.91588,10.3323,6.62602,3.30046,7.0015,1.94181,4.18505,4.679,-0.286751,7.32,-1006.74,-113.216,-2800,14000,-3220
5.52779,6.07094,4.10552,6.09811,3.62014,0.691884,0.301243,-0.497156,7.20312,3.17281,0.980641,3.91785,1.0995,2.48434,3.29406,-2.30664,9.272,-1001.86,-117.608,-1820,13720,-3080
4.68328,5.41961,2.48717,5.25255,4.44595,2.74686,2.21417,3.48966,6.80004,2.47089,1.06535,3.58538,2.16327,2.34612,5.30283,0.448163,8.296,-1002.35,-119.56,-840,13720,-3080
1.52984,2.66526,0.771895,3.47263,3.47955,0.98876,1.45201,0.895315,4.29172,1.78984,-0.271098,1.69503,1.05427,1.80297,3.69579,-0.0193824,8.296,-999.912,-119.56,-700,13720,-2940
-3.74688,-3.09917,-3.73121,-0.885269,-1.3635,-2.73407,-0.765317,-2.46197,-0.930596,-2.26469,-3.66161,-2.87348,-2.0747,-2.12834,0.45845,-1.59392,5.368,-997.96,-120.536,-980,14140,-2940
-4.10488,-3.24462,-4.50854,-2.04129,-2.41034,-2.97665,-1.50463,-2.63882,-1.7877,-2.32368,-3.38967,-3.03798,-2.41656,-3.8078,-1.31455,-1.67228,6.832,-991.128,-121.512,-1400,13860,-3080
-0.783803,1.67675,-0.98143,3.18634,2.78375,-0.406706,2.6172,1.79453,0.776047,0.42753,-0.492278,0.828775,0.114937,-0.188522,3.35401,3.45163,8.784,-986.736,-121.512,-1820,13720,-3220
-3.06145,-1.11726,-1.07774,0.586493,0.934204,-0.869493,0.728173,-0.335962,-3.07647,-1.77274,-1.04806,-1.63192,-1.40471,-0.934471,-0.505504,1.31452,4.88,-986.736,-123.464,-2660,13160,-3220
-0.249535,-0.153927,0.656127,0.295108,1.42115,-0.309815,0.282462,-1.41038,-0.777511,1.2645,4.36846,0.127484,0.825023,-1.67997,-0.838944,0.0328565,9.272,-987.224,-125.904,-3500,12320,-3080
-5.20062,-4.63699,-2.75384,-5.35568,-4.03895,-4.45731,-4.22482,-3.87161,-3.98593,-3.44606,-0.227643,-4.71093,-2.18342,-4.38762,-6.20644,-3.32214,5.856,-984.784,-127.856,-4760,10920,-3080
-3.31304,-1.24943,0.686281,-1.71447,0.235333,-0.408227,1.52423,1.75415,-2.47161,-1.22885,1.10966,-1.20836,1.42917,0.501011,-1.82286,2.31219,7.808,-985.272,-132.248,-5880,9800,-3080
0.708413,1.32036,1.67966,-0.66062,0.822171,0.284425,0.784025,0.190663,-0.139524,0.394609,1.07516,0.890303,2.06273,1.95999,-0.394263,1.50225,7.32,-989.176,-136.152,-7000,8820,-3360
1.94082,1.41059,1.55006,-2.30987,-1.28453,0.583709,-2.22293,-0.587927,0.0609068,1.01791,2.02189,0.545812,1.95534,2.12711,-2.78498,-0.571081,9.76,-993.08,-138.104,-7560,8400,-3920
4.12786,3.47257,3.6348,-0.857933,1.4382,3.69438,-1.49182,1.09708,0.599161,4.07896,4.35287,3.11759,4.59715,3.933,-3.0808,1.12734,17.08,-996.008,-136.64,-7700,8260,-4200
1.26209,-0.201513,2.24254,-3.70527,-0.449582,2.17955,-2.80397,-1.81351,-1.97179,1.21247,0.459858,0.598867,2.27432,3.32062,-5.45622,-0.591377,16.592,-1001.86,-130.784,-7420,7700,-4760
-0.069645,-1.93667,0.679579,-5.20334,-2.24122,0.275713,-4.67971,-2.59298,-2.28107,-0.684133,-0.422155,-0.55299,0.71302,0.267021,-4.57939,-3.30706,18.056,-1008.7,-130.784,-6580,6720,-4900
-0.809753,-2.61786,-1.92928,-3.59831,-4.09488,-2.65095,-2.66997,-2.29166,-1.19987,-2.68085,-2.2055,-2.97764,-2.33066,-4.05519,-0.891249,-2.58123,22.936,-1005.77,-123.464,-5740,4900,-5040
1.43508,-0.221063,-0.445379,1.04397,-1.13002,-0.266938,3.42874,2.44677,1.66142,-0.597804,-1.22763,-0.579141,-2.07673,-0.830196,3.85371,2.51903,21.472,-1006.74,-122,-4620,2660,-4900
3.09833,1.34889,1.20701,3.6779,0.921873,2.04832,3.90436,2.54903,3.81568,0.775914,0.39983,1.7105,-1.42503,0.205127,5.0599,2.93231,20.984,-1007.23,-121.024,-3920,1680,-4900
2.31496,0.875064,-0.264308,3.59892,-1.47275,-0.176403,1.58611,-0.650953,4.78562,0.0678658,-0.352977,0.549631,-2.9178,-2.52953,3.52198,0.551354,24.4,-1006.74,-122.976,-2940,980,-4760
1.00186,-0.307628,-0.735874,2.09621,-0.148296,0.831486,1.97528,1.61782,0.208599,0.292079,0.405404,-0.366968,-1.36832,-0.839376,2.4107,2.17309,18.056,-1005.28,-120.048,-2520,980,-4480
0.441996,0.355298,0.219267,2.95147,1.52072,1.97174,4.29857,3.3403,-1.55147,0.721847,1.54753,1.08716,0.589003,2.65484,2.6739,4.28799,17.568,-1003.33,-120.536,-2100,1960,-4060
-3.10666,-3.17488,-3.28928,-2.12238,-2.37817,-0.999151,-1.30487,-1.58921,-4.21222,-3.0663,-2.12076,-2.18859,-1.16372,0.229745,-2.05502,-1.22035,16.104,-1001.38,-125.904,-1960,2940,-3500
0.164306,0.494768,-1.82957,0.49797,0.521312,0.599427,0.236873,0.704233,-1.19771,-0.67477,0.666579,-0.381867,0.980379,0.435499,1.30427,0.114688,12.2,-998.448,-123.464,-2240,4060,-3220
0.633906,1.36,-1.87538,1.67034,0.755646,-1.6228,-0.15808,-0.729959,-0.107888,-1.89581,-2.75284,-0.221921,-0.916214,0.0992489,1.79415,-0.42655,9.272,-998.448,-122.488,-2520,5600,-2380
0.941119,3.69284,1.91527,4.82357,5.38786,2.67731,4.01253,3.96526,-0.249036,1.1787,0.113506,3.28443,2.05797,4.52532,6.16329,3.47636,6.832,-994.056,-124.928,-2940,6580,-1820
-3.30733,-2.07122,-1.19252,-1.64862,-1.13075,-1.72396,-3.14682,-1.3744,-2.93691,-0.760514,-1.35601,-1.84462,-1.43764,-0.849128,-0.646466,-2.99985,1.464,-994.056,-127.856,-3360,7560,-1120
-5.25467,-3.96096,-0.355911,-4.87446,-2.50561,-1.6444,-4.84192,-1.44457,-5.33102,-0.66457,-0.737439,-2.61266,-1.03481,-0.999623,-4.43616,-3.40047,-1.464,-992.104,-132.248,-4060,8540,-560
-4.15066,-4.25624,-0.486063,-4.69834,-2.22169,-1.30961,-3.6167,-1.28144,-4.49037,-0.622383,0.164735,-2.9507,-1.72465,-2.12887,-5.38595,-2.78437,-5.856,-990.152,-128.344,-3780,9100,-140
-2.47222,-3.54069,-0.98446,-3.0798,-2.69028,-2.71265,-3.52252,-3.79089,0.680552,-0.155017,-2.74029,-2.775,-3.06406,-3.30019,-4.63001,-3.53753,-10.248,-992.104,-130.784,-4060,9380,140
-2.20602,-1.73265,0.361201,-0.791597,-0.58011,-0.318999,-0.321603,-1.02015,1.36359,0.605712,-0.549633,-0.354709,-0.749377,-1.27342,-1.68055,-1.10361,-12.2,-992.104,-138.592,-4060,9800,280
0.614709,3.92586,3.16422,6.03519,6.02704,3.01257,7.172,3.43428,5.01375,2.60706,2.56018,4.64984,2.37408,3.50107,5.82167,4.39143,-11.224,-992.104,-135.664,-3920,10080,280
-1.87961,2.8469,1.66982,4.07144,5.14544,2.97501,5.06417,3.16924,2.19058,0.519025,-0.735967,3.00549,2.07053,2.67973,2.94544,3.26093,-11.712,-992.592,-138.592,-3920,9940,280
-0.911556,1.04906,0.735302,-1.16359,1.68912,0.795381,-0.796825,0.924086,1.56996,0.246169,-0.368904,1.22738,3.41529,0.213088,-2.60772,-0.0419388,-12.2,-993.08,-135.176,-3780,9520,0
2.54098,3.12594,-0.505122,-0.226921,-0.130974,-2.37954,-1.7114,-1.87284,5.60063,0.251359,-0.617206,0.873563,1.09097,-1.95371,-0.856364,-0.642228,-7.808,-987.712,-140.056,-3640,9380,-280
8.44412,7.56376,3.21809,4.14897,3.71464,1.18654,1.51229,0.542182,7.64677,5.47057,4.98498,5.65476,4.7526,1.10005,2.94586,1.30502,-7.808,-989.664,-134.2,-3780,9240,-560
5.8685,6.07286,1.17741,3.71311,1.68022,0.00518322,0.230243,-1.09676,5.11667,2.53114,0.530896,3.63472,1.73652,0.949042,3.05096,-0.320643,-6.344,-987.712,-138.104,-3640,8400,-1120
3.89404,3.06095,-0.293602,1.67817,-0.50923,-1.11971,-1.66295,-1.84773,1.82807,1.67746,-0.0195617,1.72103,-0.497824,-1.54941,1.69456,-2.30075,-5.368,-988.2,-137.616,-3920,7840,-1400
-1.72349,-5.38211,-2.93992,-4.45971,-5.26741,-1.45949,-3.81558,-1.84669,-7.20383,-2.90163,-1.69449,-4.83057,-2.49042,-4.36588,-2.42368,-3.82334,-1.952,-988.688,-139.08,-3920,7140,-1680
-4.1451,-8.51925,-4.19338,-6.33955,-6.68511,-0.283025,-3.60378,-0.352572,-10.3534,-6.01004,-3.03591,-7.79641,-3.38734,-4.1993,-4.68886,-3.20835,-4.392,-987.712,-138.592,-4060,6860,-1960
2.12883,-1.4215,-0.100736,-1.90572,-2.21837,1.75555,-0.703155,1.1652,-2.88529,0.372509,3.09712,-0.633109,1.3007,-0.722256,-1.0311,0.368373,-0.976,-988.688,-139.568,-3920,6160,-2380
2.50999,0.62233,-0.873393,0.997785,-0.786301,-0.121275,0.742308,0.354608,-0.0560882,-0.34516,1.9305,-0.128991,-0.299945,0.276265,1.17417,1.62263,-2.44,-991.616,-133.224,-4060,5740,-2660
2.62217,2.23779,2.17344,2.72458,1.25015,0.56571,2.25893,1.73301,1.81502,1.32098,2.19917,2.45035,1.00886,3.69906,1.25034,2.80833,-2.928,-990.152,-133.712,-4200,4900,-2940
0.597129,0.414757,2.79896,2.10164,1.58004,1.45469,3.1998,2.79036,0.500563,2.36278,2.27785,1.30161,0.768215,2.72954,2.257,3.23588,-2.928,-993.08,-137.616,-4480,4340,-3220
-2.31958,-2.6145,-0.191102,0.0767378,-0.241519,-1.36703,0.702499,-0.248347,0.150356,-0.209924,-1.04948,-1.80921,-2.16623,0.980115,-0.169295,-0.0194542,0,-989.176,-133.712,-4200,3780,-3500
-1.32228,-2.10619,0.996925,0.128768,0.582045,-0.247483,1.80139,0.482507,1.64427,0.282162,-0.306672,-0.685938,-0.388345,2.07558,-0.392592,1.0732,0,-992.104,-132.736,-4480,3080,-3500
0.512681,-0.129943,2.13935,1.03667,1.95174,-0.628832,1.59087,-0.28685,3.63726,0.524682,0.925256,0.786774,0.582205,2.55483,0.498461,0.918633,3.416,-993.08,-133.712,-4340,2800,-3780
-0.170646,0.681213,0.473454,0.988344,0.324092,-1.21608,-2.72956,-3.25293,2.4532,-1.9984,-0.797835,0.0808825,-1.39394,-0.388112,-0.391381,-1.66881,4.392,-993.08,-137.616,-4760,3080,-3920
2.23153,1.77577,1.92914,1.52139,2.06894,2.81655,-0.476715,1.38128,1.81933,1.8359,3.53167,1.88421,2.53982,0.8127,-0.02515,0.835384,7.32,-995.52,-131.76,-4760,3220,-4060
-1.35007,-1.23079,-0.764851,-1.95066,-0.0464106,-0.180726,-2.14779,-1.83179,-2.00027,-2.68518,-1.8804,-0.955062,-1.19702,0.337962,-3.32306,-1.0382,8.296,-993.568,-132.736,-4760,3500,-4200
0.629922,3.04016,1.77148,2.51667,4.45992,3.67048,4.24105,3.29152,-0.515212,0.0315121,0.487024,3.12828,1.21111,3.4482,2.74202,3.84745,14.152,-991.128,-131.76,-4760,3500,-4060
-5.04445,-2.80828,-3.92736,-2.93187,-1.58603,-1.89016,0.143503,0.155396,-6.39794,-5.40807,-4.68854,-3.34938,-2.60448,-2.20344,-0.845881,0.579846,11.224,-989.176,-132.736,-4480,3500,-3920
-4.58721,-2.07275,-3.08012,-1.5008,-0.741595,-1.72934,1.2722,2.18684,-6.57751,-4.45949,-3.99549,-2.9874,-2.41151,-1.3394,1.11039,1.68457,15.128,-991.616,-129.808,-4340,3640,-3920
-3.16379,-1.78037,-2.49157,-3.66931,-2.07284,-1.85275,-0.92931,0.644421,-3.42553,-2.09785,-2.60151,-1.91885,-1.83725,-2.64395,-0.466405,-0.633646,14.64,-992.104,-131.76,-4900,4060,-3780
-3.90139,-2.35309,-3.54193,-5.82278,-4.01825,-2.09203,-3.00404,-1.82755,-1.01568,-1.8895,-3.24288,-2.38812,-2.71305,-3.74717,-2.42855,-2.60164,16.104,-993.568,-132.736,-4900,4760,-3780
-1.10433,0.28776,-1.56573,-2.94759,-1.57512,-0.203159,0.293112,0.0763406,1.78922,0.663766,-0.440896,-0.137066,-0.24277,-1.49597,-0.464805,-0.460365,19.032,-992.104,-129.808,-5040,5320,-3500
-0.300461,-0.218197,0.914136,-1.72736,-0.224867,0.190204,-0.581817,-2.62344,-0.449218,0.928208,-0.0783919,0.712724,1.27557,-1.29921,-1.55662,-2.23405,18.056,-990.64,-129.808,-5600,6020,-3360
-0.883472,-0.938779,0.0312521,-1.78335,-2.98288,-1.60121,-2.845,-5.94193,0.443561,1.57616,-0.156606,-0.251771,-0.209285,-2.59114,-2.87468,-6.68497,18.056,-991.128,-129.808,-5460,6300,-3360
1.78562,3.47314,1.04694,3.33884,0.135112,0.665667,1.35653,-1.70955,2.9619,4.26203,2.15709,2.51591,1.26507,-0.628285,2.25437,-2.78587,20.008,-989.176,-127.856,-5600,6720,-2800
-1.2752,-0.215774,-3.07406,-1.04503,-3.68791,-3.36812,-3.11882,-4.32199,0.205042,-0.193041,-2.35776,-2.28236,-1.96233,-2.8678,-3.09143,-4.85186,20.984,-991.128,-132.736,-5740,6860,-2520
3.91785,3.26375,1.04131,2.45804,0.779535,0.289061,-0.36796,-0.0917712,4.10427,4.33417,2.70826,1.67302,1.23393,0.954993,-0.679497,-0.63693,16.592,-992.104,-133.224,-5600,7280,-2100
0.581977,-1.53043,-0.0925449,0.113737,-1.45851,-0.348847,-1.30835,1.30648,1.37104,1.33084,1.23459,-0.89409,0.334183,-0.0907208,-1.97183,0.809644,19.52,-994.056,-132.248,-5740,7560,-1960
2.09022,0.987163,1.5149,4.20202,3.07695,1.14502,2.90571,3.75961,3.17126,1.13247,1.02,1.33389,1.03341,2.68563,2.80966,4.73465,19.52,-991.616,-130.296,-5600,7700,-1680
7.15028,7.11565,4.84561,9.95231,9.00558,4.67678,5.41433,4.39799,5.4721,5.94362,4.3489,7.05641,4.40683,6.43053,8.54158,7.22382,18.056,-991.616,-134.688,-5460,7980,-1260
-0.235584,-0.128623,-1.07103,2.35099,1.16703,0.907869,-1.4923,-0.861692,-2.424,-1.10965,-1.40229,-0.22348,1.17189,1.22578,2.33397,1.56695,17.08,-990.152,-134.2,-5320,7980,-840
1.7108,2.34156,2.12034,4.7044,3.42708,3.78763,3.52125,3.41247,0.25379,0.096247,2.158,2.44842,3.21521,4.26415,4.45411,4.28015,15.616,-991.128,-133.712,-5460,8400,-560
0.251869,-2.97986,1.13021,-1.94001,-1.36641,1.56785,-0.275727,2.04634,-1.95919,-0.0276978,2.26316,-1.34893,1.89271,0.547753,-1.50846,2.24385,12.2,-989.664,-133.224,-5320,8400,-280
-0.26007,-3.69301,2.04795,-3.04246,-0.0844643,1.60422,-1.6223,1.6748,-3.06239,0.841121,2.4665,-0.257864,1.99354,0.338547,-2.82218,1.21284,12.688,-991.128,-133.712,-5320,8400,-140
2.77679,1.98457,3.23203,1.46197,3.72021,2.87764,0.360369,2.15405,3.72353,2.11708,2.79159,3.90898,2.21011,2.55652,0.651828,1.13316,11.712,-989.664,-132.736,-5600,8680,140
1.46877,0.289353,0.293923,-1.04245,0.337322,1.27627,-0.388828,0.670132,3.39888,-1.00016,-0.22385,-0.0661485,-1.10825,0.215991,-1.36645,0.0601722,11.712,-989.664,-135.176,-6020,8960,140
0.595318,-1.96689,-0.240943,-3.82362,-2.05448,0.576895,-3.34851,-2.11217,-0.460416,-0.566037,1.25038,-1.82919,-0.769087,-2.23334,-3.33386,-3.01817,10.736,-990.64,-137.616,-5740,9100,280
-2.06175,-4.45737,-0.762603,-4.59598,-4.01602,-2.2398,-5.33611,-3.80829,-5.04896,-1.90797,-0.476527,-3.40606,-1.05853,-3.65018,-3.12023,-5.28429,9.272,-989.664,-133.224,-5600,9520,420
-2.81086,-1.08409,-1.10311,-0.772126,-1.43177,-3.89369,0.88756,-1.66774,-1.65988,-3.58815,-3.09642,-2.58064,-3.13034,-1.16131,1.07406,-1.37382,11.224,-991.128,-136.64,-5460,9520,560
2.2592,6.35113,3.28553,6.38579,5.32342,0.784127,7.99296,4.00054,3.89136,1.59615,0.523322,3.51572,0.408341,4.02079,7.51092,4.59481,7.32,-985.76,-130.784,-5320,9240,560
-0.849277,0.512752,-1.23658,-0.112043,-2.04683,-4.88069,-0.394825,-2.76049,-1.21467,-2.20591,-3.05976,-1.91647,-3.08105,-1.94884,0.250429,-2.54942,3.416,-985.76,-131.272,-5040,9100,420
2.84022,3.37665,0.192374,3.0082,0.860545,-2.05516,2.51118,-0.452611,2.49161,0.741457,0.950338,1.38716,-0.71015,-0.540084,4.22732,-0.282454,6.832,-985.272,-131.272,-5180,8820,420
-5.21243,-6.74004,-6.8087,-6.92337,-7.45059,-5.24792,-3.47916,-3.78015,-4.42175,-6.66609,-4.17024,-6.73867,-5.515,-6.23753,-3.79769,-4.04261,6.832,-986.248,-135.176,-5460,9380,280
-4.4704,-5.20142,-4.62981,-6.97841,-6.03583,-1.89563,-2.42008,-0.418085,-3.18328,-3.87049,-1.7522,-4.62164,-2.93655,-4.44323,-4.60758,-1.70855,5.368,-986.248,-131.76,-5880,9940,0
-1.33086,0.307835,-1.56126,-0.769435,-1.49249,-0.847154,0.247465,1.71072,-0.0572819,-0.903213,-1.6033,0.671045,-1.4052,-0.682992,-1.39344,0.777089,4.88,-988.2,-131.272,-6440,10500,140
-1.39411,0.902962,-1.38955,-1.17405,-1.30104,-1.84277,-1.23481,-1.25619,-0.68255,-1.15767,-2.09071,0.171911,-1.39026,-0.165959,-2.92597,-1.00146,5.856,-986.248,-133.712,-6720,10920,-140
3.8306,6.14509,3.08103,4.5808,5.071,2.46489,3.71732,2.19176,4.73689,3.27089,1.58604,5.64811,2.44736,3.55898,2.56969,2.37004,0.488,-987.224,-131.272,-7000,11060,-140
2.80301,3.35512,1.27772,2.02803,3.27633,0.308984,0.121821,-0.212344,4.72625,2.55742,-0.953036,3.44621,0.812436,1.71147,0.335104,-0.962247,4.392,-988.2,-130.784,-6860,11060,-420
-4.99985,-3.62212,-1.69937,-2.35521,0.739485,1.23186,-1.29807,1.24519,-3.57946,-1.9836,-4.32094,-2.31103,0.0742447,0.895176,-2.03879,-0.199558,2.928,-989.176,-135.664,-7000,11340,-560
-9.21202,-8.827,-2.42668,-5.41729,-1.46427,2.21841,-2.92949,2.00038,-12.5157,-3.89092,-2.31297,-5.60594,0.213861,-0.997131,-4.29777,-0.316906,1.952,-988.2,-136.64,-7000,11760,-700
-7.19757,-9.64408,-3.11998,-7.01633,-6.28622,-1.88154,-7.5638,-3.31567,-12.9831,-2.51686,-1.37541,-6.37497,-2.02833,-3.92824,-8.64208,-4.89888,2.44,-985.76,-140.056,-7140,12180,-700
2.39661,0.59586,2.84826,2.04246,1.30163,2.13066,0.276816,1.04527,-3.00511,3.96335,3.29446,2.28035,3.40202,1.30179,-1.88802,1.26209,2.44,-987.712,-134.2,-7000,12320,-840
5.39453,4.91825,3.36835,3.89304,2.98238,1.57207,2.5362,-0.0667894,4.75279,3.08603,2.77028,3.54831,2.6004,1.47237,1.12899,2.17913,3.416,-985.76,-135.176,-6860,12460,-980
2.56712,5.03703,2.76416,4.86742,5.31146,4.21991,6.09074,3.8671,6.08926,0.601511,0.968115,3.25025,2.15502,4.39919,4.43762,7.06498,3.416,-985.272,-136.152,-6440,12880,-980
4.91847,6.84404,6.5863,7.09854,8.32048,5.61737,7.35341,4.07837,7.12604,4.75678,4.11569,5.94771,5.00765,6.70331,7.92925,6.88273,3.416,-985.76,-135.664,-6580,13160,-840
6.55715,5.94116,3.76332,5.58837,3.51213,0.693564,3.34439,-0.754943,9.0865,6.16776,4.37738,4.2311,2.25127,2.21792,6.23898,1.17306,2.44,-985.76,-132.736,-7140,14000,-1120
5.6778,5.0978,1.61924,4.98735,1.35841,0.624347,2.60771,-0.249096,9.32594,5.22172,4.01073,3.54628,1.10661,0.493623,6.31313,0.869322,6.344,-984.784,-138.104,-6860,14560,-1260
1.45849,0.350825,-1.56766,0.0447719,-2.53309,0.0678986,-0.976253,-2.83457,5.56673,0.343858,0.535546,0.247667,0.389945,-1.42792,1.39077,-1.8937,5.856,-987.224,-131.76,-7280,14980,-1540
