-9.93195,-8.78861,-15.1664,-11.3909,0.480983,-10.4787,-8.9582,-15.1244,-12.6215,-8.67075,-10.5094,-14.5006,-14.7575,-10.6552,-9.36079,-3.07597,-2.928,-899.384,-446.52,4620,140,560
-13.902,-14.4679,-19.1631,-16.0852,-4.63901,-10.7721,-10.8929,-14.8308,-18.0332,-11.2512,-14.9858,-17.9917,-16.2126,-14.0472,-11.415,-6.05448,-0.488,-896.944,-447.496,5180,420,560
-9.68953,-11.3526,-16.1751,-12.7387,-6.79556,-8.22633,-11.9751,-8.68074,-9.97399,-7.73811,-11.714,-15.9019,-12.1136,-13.9082,-6.95749,-5.44402,-1.464,-896.456,-442.616,5460,700,560
-2.13641,-0.213113,-10.7236,-1.58946,-2.39696,-2.93251,-5.78952,-1.83309,2.34359,-2.31563,-6.48476,-10.2204,-8.67504,-8.46283,0.999079,-1.50119,0,-899.384,-440.176,6160,560,700
3.34185,4.40232,-3.92186,2.99003,-1.18423,0.532818,-4.64432,2.93039,9.78824,3.00718,-4.26452,-3.2185,-2.95105,-6.37514,-2.11547,-1.64936,2.44,-899.872,-438.224,6300,0,840
3.95162,4.12738,0.209215,0.896216,-3.76937,-0.272702,-6.03673,2.50493,10.195,4.77378,-5.01381,-1.70312,-2.31205,-8.01112,-9.06674,-2.07958,0.976,-900.848,-441.152,6020,-280,980
6.06567,7.53026,4.97536,6.76346,1.15668,2.96548,1.25986,6.63053,12.1194,7.48494,-3.04913,-1.96184,1.83318,-4.61343,-1.64746,1.68749,-1.464,-897.432,-437.248,5880,-560,1260
2.32055,5.6977,6.51477,11.9722,3.23038,4.33872,7.72081,8.29106,8.9993,4.22473,-3.77359,-4.04382,4.16554,-2.87038,7.87296,3.64217,-0.488,-898.408,-439.688,5880,-840,1260
-4.06152,2.1648,4.18996,9.85498,5.03546,4.19407,10.8223,10.9665,-1.85084,-0.452245,-6.73995,-2.59015,4.55951,0.031954,7.11235,3.87535,-2.44,-899.872,-442.128,5880,-980,1400
-1.99193,1.61351,0.498518,7.08432,4.27522,4.27181,9.76811,9.60217,-3.49022,-0.666339,-3.87749,-5.22783,-2.70432,3.92949,4.45774,2.78272,-0.488,-900.36,-439.2,6020,-840,1540
2.00735,0.758063,-0.429824,-0.0173553,-3.08884,2.33915,0.321735,4.30393,1.28477,1.49222,-0.513291,-5.90136,-4.19184,0.670552,-4.73804,-3.72526,-0.976,-897.92,-439.688,6300,-980,1540
7.9643,7.38471,6.63191,4.68053,2.39261,7.42483,2.42913,6.62121,7.41504,6.92361,3.89465,2.88869,2.69283,6.52904,1.08698,0.0280584,-2.44,-895.968,-435.784,6440,-420,1680
4.51762,5.53253,10.375,7.39598,3.89231,9.24629,3.70145,7.45863,1.73745,4.67563,5.07601,9.80682,9.20791,10.5803,4.12919,3.34805,-4.392,-897.432,-437.736,6440,0,1540
-2.13604,-1.50157,4.23518,0.689561,-4.88288,5.31489,0.95038,3.80385,-1.88042,0.0913213,4.17397,8.01895,8.11195,6.69905,1.76083,0.378884,-7.808,-897.92,-437.736,6440,420,1540
1.20074,-0.167061,3.63037,0.759171,-7.24986,4.94719,1.09251,3.85697,6.81269,2.8997,8.83851,10.9821,12.9518,4.55155,1.89664,-0.427144,-6.344,-897.92,-439.688,6440,280,1540
0.381399,-4.0764,4.96774,-4.74553,-8.91881,1.52827,-0.535979,2.18767,2.93787,3.88428,10.5829,9.8689,12.8002,2.35863,-5.29193,-2.67029,-6.344,-897.92,-441.152,6440,420,1540
-3.30896,-7.18811,1.31598,-8.48472,-10.1751,-4.23825,-0.348664,-1.84077,-5.29986,0.896249,6.76636,4.94247,3.64175,2.70709,-5.3705,-4.73713,-10.248,-897.432,-437.248,6720,560,1540
0.0568795,-3.96335,0.265285,-6.43438,-7.07012,-3.48666,4.40455,2.00719,-1.48646,1.79361,5.9099,7.6319,1.56414,4.72408,0.496037,0.547832,-10.248,-898.896,-437.736,6580,420,1400
-3.66161,-4.78824,-3.52711,-3.50774,-5.77455,-2.66764,6.46571,-0.389384,-3.34151,-2.9616,0.867996,7.21773,-4.24582,1.24313,6.74252,2.20181,-10.736,-898.408,-435.296,6860,420,1540
-4.27949,-2.19624,-4.14261,0.111623,-3.64906,-4.12574,2.03987,-5.54661,-3.63561,-5.62378,0.0759652,8.10417,-5.2455,-4.35168,6.15939,3.35084,-13.176,-900.36,-435.784,6860,420,1400
-9.88996,-4.67386,-7.29436,-4.81761,-5.28422,-7.32603,-5.0893,-12.3649,-10.0703,-8.97217,-0.432015,1.22092,-9.49245,-10.6356,-0.868627,1.85259,-10.736,-897.92,-433.832,6720,280,1260
-8.19551,-4.31528,-7.48405,-7.50158,-4.75022,-7.30516,-7.7662,-14.2555,-6.52076,-6.49815,0.611719,-3.24883,-10.3976,-11.7699,-4.57106,0.0871075,-11.224,-899.384,-431.392,6720,560,1260
-5.37624,-5.24636,-5.99286,-9.87619,-4.54654,-6.91678,-8.0572,-12.4623,-3.91689,-3.71405,0.388961,-2.90796,-9.48955,-10.0926,-4.5922,-2.5015,-3.904,-900.848,-438.224,7000,700,1260
-3.89726,-3.38923,-6.01352,-7.44133,-2.42845,-6.97387,-8.23426,-10.1927,-5.08685,-5.36755,-4.49353,-2.33793,-10.2512,-6.71493,-3.27002,-6.56257,-4.392,-896.944,-436.76,7000,1120,1120
2.73552,1.77501,-0.868627,-4.58304,3.3205,-1.82682,-3.97327,-1.0447,-3.17853,-3.49178,-6.58698,-1.44982,-6.8046,0.798831,-1.37911,-1.0972,-5.856,-898.896,-436.272,7280,1540,980
6.51101,4.82975,2.47529,-2.44562,5.19601,2.27648,-2.83117,3.45901,0.425182,-1.05747,-5.42372,-3.30143,-3.96685,3.66684,1.0969,0.22083,-7.808,-902.8,-434.808,7700,2240,1120
12.9327,11.1215,5.70874,5.42593,9.07994,4.21884,-1.31101,5.09244,7.92062,3.82677,-1.45465,-2.58758,0.769356,6.62765,2.67557,1.09298,-9.272,-899.384,-435.784,7560,2520,980
11.3238,8.08953,5.02591,7.75227,10.6813,2.85032,-0.859461,3.94812,4.77447,2.87705,-5.67356,-6.04402,3.49516,8.68921,0.536325,-0.670406,-8.784,-900.848,-434.32,7560,2520,980
12.6415,7.61301,4.91668,13.2831,15.0059,4.80847,7.50436,7.28128,5.66567,2.84322,-7.4482,-5.84149,4.56665,14.3834,7.92762,4.0677,-8.296,-899.384,-433.832,7140,2240,980
14.369,8.39639,7.41503,14.344,15.2405,5.99596,9.98209,8.19444,9.35114,6.54735,1.78908,-3.50429,8.6961,16.3948,8.78462,6.88438,-6.832,-898.408,-434.32,7280,2380,840
7.50101,0.792373,4.42815,5.23359,10.4273,6.24388,3.23682,4.75263,1.70485,5.85528,5.87664,-7.32157,6.87275,12.9946,-1.09647,0.462457,-5.368,-899.872,-434.808,7280,2520,840
-3.32892,-10.0293,-4.43674,-6.04112,-0.841979,0.150541,-4.91977,-3.34906,-9.23042,-2.05845,0.481917,-14.1047,0.342157,0.982468,-10.3666,-10.626,-2.44,-897.92,-435.784,7280,2240,980
-8.20048,-11.7686,-6.47309,-7.08442,-5.95196,-4.70713,-8.2781,-6.08902,-10.1255,-5.80053,-1.8657,-14.4877,1.78083,-9.6284,-10.3377,-14.2498,-5.856,-897.432,-437.248,7420,2380,980
-0.695242,-0.258922,0.506438,2.22784,1.72661,-0.906252,-0.807056,-0.745949,1.34534,1.15127,3.18026,-0.797142,6.55908,-4.60992,-2.06412,-3.59053,-2.44,-900.36,-439.2,7700,2380,1120
-1.57565,0.702371,2.45982,1.57696,2.14434,-2.79315,2.2309,1.56687,0.880652,0.974727,5.85856,6.41828,4.08285,-3.23201,1.00169,2.66648,-0.488,-899.384,-438.224,7700,2380,1260
-11.3083,-5.83258,-2.84523,-2.89755,-5.18163,-5.5298,0.584893,0.679664,-6.96608,-5.50098,1.61939,3.23452,0.996381,-10.6911,3.5268,1.61197,0,-900.36,-438.712,7700,2660,1260
-14.9179,-4.04394,-8.69077,-2.67229,-14.9465,-7.42365,-3.07327,-3.11434,-6.81056,-8.84703,-1.49995,-0.867875,-4.33102,-16.4043,0.22981,-1.97777,1.464,-901.824,-437.248,8120,3080,1260
-20.4507,-10.9426,-9.10657,-9.962,-21.1348,-5.47439,-7.7992,-1.13713,-16.1682,-9.36362,-3.25082,-4.67814,-5.6935,-16.6351,-12.1431,-1.74895,-0.976,-898.896,-439.688,7980,3220,1680
-14.9791,-10.3901,-3.30197,-11.7658,-17.3665,1.34997,-5.27072,3.41701,-10.4533,-3.79992,0.42934,-3.03515,1.90952,-13.4747,-12.6742,2.91814,-5.856,-900.848,-436.76,8260,3640,1540
-5.65849,-3.62982,1.54647,-9.40853,-11.5352,4.13971,-1.32548,4.92605,-1.65,1.75302,3.16518,3.3978,8.0794,-10.6355,-9.26676,6.05278,-1.952,-901.336,-434.32,8120,3640,1680
8.01783,3.72183,4.29954,-5.25917,-4.91759,5.75341,4.50836,2.57417,7.65105,9.51649,0.224865,11.6373,6.83215,-3.6071,-1.6866,10.4015,-1.952,-902.8,-436.272,8260,3920,1820
19.2353,18.8517,7.14275,11.4484,6.66033,9.36598,18.4507,2.55405,21.3251,7.98012,-7.06445,20.727,4.49675,7.02221,17.7769,15.2628,-2.44,-901.336,-432.856,7980,4200,1680
20.1164,29.3106,8.888,25.3925,17.0853,11.887,24.6367,2.40142,27.62,4.83887,-4.70272,23.6584,5.08365,15.7852,28.7964,14.0545,-2.44,-900.36,-432.368,7840,4620,1820
10.8769,22.524,5.96319,20.48,18.1598,10.4009,16.4757,-0.879309,17.4853,4.5188,1.94996,17.4487,1.63116,18.4771,18.6298,8.2976,-2.928,-901.336,-433.344,7420,4200,1680
-0.0403029,4.86918,1.88631,6.04697,9.81652,5.10112,3.57545,-3.17087,1.97222,4.75096,8.90161,5.61468,-0.963788,13.4816,4.66266,0.69636,0,-901.824,-436.76,7420,4060,1820
-5.08856,-9.79084,-1.27125,-4.0676,2.14155,0.50324,-4.19106,-1.74364,-6.55573,5.30513,13.0797,-8.37412,-2.37207,8.63853,0.505959,-2.77554,-3.416,-899.384,-437.248,7420,4620,1820
-2.96575,-6.78825,2.047,0.895541,7.68554,-0.814369,-0.594816,2.67242,-3.8591,6.01895,8.93668,-7.09443,-3.03337,10.3228,3.28847,1.19187,-1.464,-900.848,-440.176,7980,5460,1820
2.45212,-3.50256,3.50066,2.74842,9.59861,-3.31401,-4.74275,-0.253271,1.41233,7.91415,1.71776,-3.30153,-6.91394,8.79496,-1.02848,-2.12515,-1.464,-899.872,-445.056,8540,5880,1960
3.86548,-2.21016,0.1736,4.65173,8.6393,-3.59257,-6.23512,-2.1134,1.02196,5.40406,-4.57219,-4.87051,-9.39959,6.91039,-1.49994,-3.75456,-0.488,-902.312,-449.448,9240,6020,2100
6.24417,4.18975,0.471407,7.89137,6.65373,-2.3735,-5.88661,-0.724192,7.25127,4.82639,-2.63972,-1.26469,-6.28239,6.16757,-1.03329,-3.65848,-0.488,-901.824,-447.984,9520,6020,2240
0.0600457,-1.11992,-1.41303,-0.241894,-4.18521,-2.70012,-8.30477,2.42616,3.96299,0.830548,-3.10495,-2.36327,-0.274575,1.02993,-7.33952,-7.83292,2.44,-902.312,-450.424,9800,5880,2380
-9.18361,-9.18037,-9.56127,-9.61756,-13.0059,-6.6023,-9.11394,-0.64295,-6.19657,-8.30464,-6.85067,-9.03739,-4.06004,-4.92255,-7.2945,-12.6043,-3.416,-902.8,-447.984,10220,5600,2520
-14.5412,-13.0826,-12.014,-13.934,-14.1686,-9.24042,-11.7223,-5.24436,-10.5136,-13.8636,-10.3345,-12.5926,-5.9864,-11.2017,-6.8759,-15.4729,-3.904,-905.728,-447.984,10780,5180,2800
-7.98524,-7.90686,-7.68624,-10.9332,-10.0457,-9.15935,-11.8443,-7.68879,-1.33983,-10.4111,-9.80156,-10.2692,-2.81649,-18.3129,-4.85225,-14.7453,-5.368,-907.68,-443.592,11060,4900,2800
-3.54062,-7.79838,-7.83277,-15.9307,-13.9574,-11.6902,-18.1418,-11.6657,2.51216,-9.22646,-10.5973,-10.575,-0.370299,-27.8871,-11.82,-19.7098,-5.368,-907.68,-440.176,11060,4620,2800
0.676821,-9.09393,-2.28209,-16.1369,-8.94656,-9.63741,-13.0188,-6.09501,-0.191731,-6.79594,-7.00081,-9.04347,1.71666,-24.7292,-9.05891,-13.4544,-6.832,-906.216,-433.344,10780,4620,2520
3.30084,-7.18896,6.43215,-9.87223,0.00919224,-1.55304,-0.289616,5.53269,-4.50039,-3.42925,0.439446,-0.370707,5.79841,-14.0124,-1.1146,0.602495,-8.784,-907.68,-432.368,10360,4620,2240
5.72069,0.856485,11.4479,4.40225,8.40092,6.03665,15.9817,17.244,-4.26633,0.683035,5.79512,7.83165,9.28285,-0.177492,7.53809,12.0992,-13.176,-920.856,-433.832,9940,4620,2100
18.5783,16.4228,15.9619,21.7248,20.6861,15.9051,22.0991,19.2994,7.93937,14.3548,15.7732,17.5744,3.14961,11.5067,14.9205,17.954,-18.056,-886.208,-440.664,9520,3920,1960
15.1959,13.4984,16.7342,20.3757,20.356,21.1287,17.2341,17.7358,4.59621,13.8502,12.0672,16.4353,0.295624,17.2684,11.2316,19.4488,-8.784,-911.584,-433.344,9100,4060,2380
3.04587,0.0391397,4.45923,2.24232,1.465,7.40773,5.38587,6.66927,-5.80437,1.07199,1.05558,3.40516,-7.74801,15.5906,-6.13188,12.2076,-9.76,-906.704,-437.736,9800,4200,1680
-4.33323,-6.75699,-7.60113,-11.0313,-12.4674,-6.06382,-3.62188,-5.35198,-10.8252,-6.94415,-1.88206,-4.46369,-11.3129,6.59129,-20.6805,1.86292,-6.832,-900.848,-437.736,10220,4200,1680
-6.6342,-0.700226,-4.73553,-1.37289,0.137995,-4.2389,1.8245,-6.19108,-9.2812,-9.27697,-2.29642,0.821528,-4.07448,8.47427,-14.8152,2.74074,-10.248,-900.36,-437.248,10220,4480,1680
-6.03049,9.93662,1.84578,15.9733,15.1396,1.68537,13.867,-1.38989,-5.89323,-7.44854,0.133088,4.9513,-3.4784,16.4044,2.74914,9.77992,-12.2,-898.408,-429.44,10220,4480,1820
-8.85484,5.02313,-1.93859,10.197,7.6662,-1.22893,11.5413,-0.14282,-8.42088,-6.44016,-1.97508,-1.1596,-6.72892,13.2495,4.85913,9.56552,-8.296,-902.312,-436.76,9940,4760,1960
-11.9687,-5.19737,-11.9506,-10.9227,-12.3638,-4.88507,-6.73389,-5.42719,-9.82789,-4.66401,-1.87569,-9.45395,-7.39663,0.924761,-6.57963,-1.28856,-8.296,-903.288,-436.76,10080,5040,2100
-20.2108,-18.7405,-19.3546,-26.1505,-29.0306,-8.04083,-18.2456,-9.67112,-17.9257,-7.67989,-0.508042,-19.7434,-4.2123,-10.1181,-12.4394,-11.0821,-6.344,-904.264,-436.76,10500,5880,2100
-14.1416,-13.0443,-14.4649,-19.9345,-27.7298,-10.2263,-15.5323,-12.0071,-11.5226,-2.62082,3.67849,-16.6582,3.53874,-10.4359,-6.90701,-9.81984,-3.416,-907.68,-435.784,11200,6160,1960
1.26969,3.82423,-2.73467,-3.74551,-13.4373,-7.13101,-6.49828,-11.9537,5.48974,8.30851,9.47726,-6.88945,8.78008,-4.22982,4.58686,-5.18584,-2.928,-904.264,-432.856,11480,6580,1820
11.1554,14.3623,4.2322,7.64335,0.780274,-1.66772,-0.455552,-9.31036,17.4571,13.2915,9.18239,5.46962,14.2044,2.04281,9.45265,-2.29136,-6.344,-900.848,-432.856,11760,7000,1960
17.939,21.9963,8.92029,18.7443,11.9993,2.94271,7.45415,-6.01816,26.226,14.9718,7.15036,16.8204,18.0497,7.0967,20.4761,0.0313988,-2.928,-902.8,-434.32,11480,6860,1960
14.0668,15.7251,9.98246,15.9865,12.8485,7.51801,8.42925,-1.22042,20.4724,11.9166,1.52014,18.7646,19.209,6.14875,19.8355,2.08968,-1.952,-902.312,-437.736,11480,6860,2100
-0.953998,1.26494,2.92233,8.6955,9.87333,6.00814,12.8948,-3.51643,1.44399,-0.152895,-9.89464,12.0682,13.9058,2.5949,22.3511,8.34851,-3.416,-900.848,-440.176,11760,6580,2240
-8.00801,-11.7862,-2.11326,-1.90613,2.31155,1.39556,7.92235,-13.1974,-11.0432,-5.92689,-12.2234,-1.4944,4.46172,-4.85761,18.5266,5.3005,-2.928,-905.24,-442.616,11480,5880,2380
-6.4744,-17.7976,-4.33809,-17.3319,-10.4958,-1.97869,-14.1392,-13.3458,-13.2624,-5.70832,-9.49963,-11.496,-3.07576,-14.8814,-7.00637,-11.4001,-6.832,-905.728,-445.056,11900,6020,2380
-1.2867,-8.59366,-6.23509,-12.9909,-11.6507,-5.52844,-23.4289,-10.4696,-0.182402,-6.74561,-12.2857,-9.54492,-10.1055,-17.7877,-13.822,-18.8699,-8.296,-906.216,-437.736,12740,6160,2380
10.5739,4.46461,1.40774,1.3008,0.513627,0.926071,-15.371,-1.42134,16.2829,-1.31745,-8.81461,3.15202,-8.80249,-11.1249,-7.99898,-7.97208,-11.224,-904.264,-434.32,12460,6020,2240
13.044,9.65688,8.47599,14.8549,15.5947,9.82533,3.51123,12.8461,14.2492,0.190193,-2.52627,14.7146,-0.99556,-1.13816,6.92569,8.42075,-6.832,-904.264,-435.296,12040,5460,1820
8.63168,9.14905,10.0219,18.8441,22.9239,14.1325,16.7079,18.7831,4.62628,-1.17552,4.67519,16.6355,1.51254,4.41008,16.4849,18.3077,-6.832,-910.608,-430.904,11060,5040,1400
-4.3916,-7.52852,-2.82829,-2.14016,7.2335,4.62462,1.91588,9.51065,-10.6053,-6.85655,6.87141,3.01378,-3.87413,-5.59716,-7.65518,5.65393,-5.856,-909.144,-430.904,10920,4480,1260
-4.83312,-11.175,-7.62776,-14.4279,-4.1082,-3.32305,-11.1763,-1.65835,-9.20237,-4.00663,8.75914,-4.44893,-7.90529,-11.8293,-24.3222,-7.94785,-6.344,-914.024,-430.904,10360,3780,1120
-1.31966,-4.60523,3.5948,-9.3133,3.14355,4.74922,-3.89219,8.38752,-2.9885,2.49127,10.9586,-1.30096,0.391054,-3.56533,-20.772,-5.89447,-4.392,-916.952,-431.392,10220,3780,1260
-7.07283,-9.2573,5.07679,-10.2272,1.49009,6.26503,1.78958,16.9535,-9.48213,-0.392336,6.61925,-7.99654,3.12339,2.37614,-18.8577,-1.17366,-3.904,-917.44,-429.44,10220,3220,1260
-7.91017,-11.7181,3.25617,-8.23676,-3.51875,0.785836,10.1191,14.4993,-10.7652,-2.60269,2.94253,-14.9989,-3.22152,5.36836,-8.60618,4.45403,-3.416,-918.904,-431.392,10360,3360,1540
-8.49401,-9.24172,0.697755,-4.26988,-10.3183,-8.4009,12.4846,11.4513,-6.00135,-3.33421,-0.217565,-17.005,-3.21442,0.79872,-1.61595,1.05136,-3.904,-918.904,-429.44,10360,3780,1540
3.56472,7.19664,4.12076,8.53993,-5.12182,-11.4595,10.7681,8.20781,13.3029,5.02064,2.25418,-6.62988,-1.76009,-0.751203,5.82411,-4.26517,-3.904,-919.392,-430.416,10780,4060,1400
12.0059,21.3414,5.62558,22.4049,5.6594,-6.75533,10.3211,11.0462,23.1638,12.297,-0.659947,3.90408,-2.08706,3.5702,14.1956,-5.73025,-5.856,-917.928,-423.584,10780,4200,1400
25.6692,30.212,8.77111,25.1419,10.2059,-3.27339,5.52144,15.939,31.9676,21.5903,-9.89471,13.9935,-7.4087,10.1172,10.9993,-4.83662,-6.832,-915,-423.096,10360,3920,1540
25.4406,29.7332,10.7972,24.0238,15.0946,7.91403,7.61956,26.8784,26.3403,16.9926,-6.48531,17.0908,-2.59187,19.8827,11.4972,8.36441,-6.344,-913.048,-424.56,9940,3500,1820
-2.53109,3.77226,0.0647167,3.14272,0.218937,10.7447,1.38437,26.3784,-2.29476,-3.93379,-1.64259,-1.83878,1.32994,13.2077,-1.05781,13.5943,-5.856,-913.048,-428.952,9660,3220,1820
-8.31807,-1.56105,-3.74106,-1.24552,-6.83413,4.162,-2.12011,9.25924,-1.79679,-8.95028,-1.58785,-6.55378,-1.39554,5.45237,-3.02603,10.121,-3.904,-909.144,-429.928,9800,2660,2100
-13.4371,-11.6262,-8.26911,-13.3586,-15.883,-4.27795,-12.5199,-9.54663,-14.3343,-9.78223,-0.661378,-11.2147,-1.38679,-0.436981,-11.3243,-0.864783,-3.416,-910.608,-432.368,10080,2240,2240
-19.6451,-18.3301,-11.3952,-22.9634,-19.6779,-7.59994,-17.0337,-19.7056,-27.731,-8.79231,1.49469,-12.3531,-0.862593,-3.40212,-14.9335,-6.09312,-9.272,-911.584,-428.952,10220,2100,2240
-14.6527,-12.8523,-5.75096,-13.2399,-6.1127,-1.31431,-2.65565,-18.9043,-27.0905,-3.75032,4.14733,-0.884545,0.112998,0.934709,2.45119,2.48392,-7.32,-909.144,-428.464,10500,1960,2380
-5.50651,-9.69474,3.94552,-6.3744,6.73339,4.77133,6.15434,-14.6518,-18.149,5.12842,6.21579,8.53234,2.12801,3.76453,7.12099,6.52295,-6.832,-914.024,-426.512,10640,1680,2520
1.0903,-0.404456,6.1888,-0.416229,13.0534,3.4727,6.14495,-14.9043,-0.924807,4.23482,1.45189,11.5985,-0.53934,2.41921,7.90566,4.24553,-7.32,-914.512,-426.512,10640,1400,2380
-0.755837,-0.274501,2.18788,1.73093,7.90998,-1.6343,2.39336,-19.6419,4.58221,-1.30378,-1.704,8.88774,-2.14305,-2.03412,11.4792,-0.132366,-2.44,-918.416,-428.952,10640,1680,2240
-0.803454,0.729646,0.900863,8.58344,3.46674,-8.64495,-0.785312,-23.5777,6.46645,-2.9813,0.295164,8.41102,-0.24991,0.415369,16.7163,-4.95716,-5.368,-915.488,-427.976,10640,2520,2100
3.70145,6.22208,-0.0557155,13.4424,4.58403,-11.4266,-3.67498,-23.1216,7.82216,-1.94328,2.2314,10.0499,0.115249,8.00168,18.3824,-9.21804,-3.416,-913.536,-429.928,10500,3500,1960
3.61224,5.09468,-9.65329,1.20331,1.85444,-9.61329,-15.4577,-23.0349,3.79818,-3.27841,1.76857,4.273,-1.15394,1.68362,2.022,-14.5167,-10.248,-911.096,-430.416,10360,3780,2240
-2.73718,-10.744,-27.4046,-23.2817,-4.25308,-7.33553,-25.1378,-26.6063,-11.3389,-8.67899,-1.90406,-7.67346,-9.29772,-10.2404,-19.1891,-14.53,-10.248,-907.68,-427,10220,3640,2100
-5.60808,-12.7294,-33.5246,-20.8031,0.951498,-0.444397,-7.21797,-22.0276,-20.9682,-9.25273,-5.621,-10.0648,-6.03542,-9.03227,-5.88165,-1.20675,-7.32,-919.392,-423.584,10360,3500,2100
-15.5152,-21.0926,-30.9726,-25.3599,-8.49415,-0.954335,-3.36832,-21.8437,-26.4907,-12.4686,-14.221,-18.5158,-5.06276,-11.4998,-6.59566,1.25979,-7.808,-917.44,-421.632,10640,3500,1820
-19.8601,-27.1817,-15.6301,-23.8339,-22.7542,-5.45142,-7.4189,-17.3009,-21.3433,-11.6502,-18.88,-23.2189,-5.85054,-14.655,-10.6137,-2.5564,-4.392,-922.808,-414.8,10360,3640,1540
2.08489,-7.4208,13.9474,-0.795642,-18.6758,-1.36066,-1.92164,3.0738,10.1663,6.66589,-4.792,-8.69008,5.18104,-8.24818,-4.46314,-1.13394,-5.856,-919.392,-414.8,9800,3360,1120
31.561,29.1186,37.3859,34.2072,0.157734,6.55142,12.059,29.013,49.7402,26.4428,9.24865,16.131,17.4546,6.5535,8.53166,4.71749,-4.88,-921.832,-413.824,8820,3080,840
23.7113,26.5495,34.0121,30.117,1.50505,9.89319,8.79666,39.4405,34.7589,19.7031,8.78754,14.2354,21.6265,7.8283,-5.59329,3.11826,-4.392,-922.32,-422.12,7980,3080,420
-2.24484,0.773108,17.2799,7.23328,-3.06204,7.38912,3.60234,29.9176,-1.43263,1.40233,5.66328,-5.68112,13.3521,4.48637,-17.0654,3.01415,-7.808,-916.464,-420.168,7840,3500,140
1.50953,8.08442,17.5401,13.4842,9.0349,7.2734,14.8037,20.2786,6.74347,-1.22754,8.80464,-1.90649,12.7163,6.99405,2.35128,10.3067,-8.784,-918.904,-423.584,7700,3360,420
6.97099,15.6289,15.5796,15.7703,16.2174,9.63432,13.1024,13.9433,14.4203,-0.385452,9.48416,3.14125,10.4367,3.75596,5.18022,7.85094,-6.832,-915,-421.632,8120,2800,560
10.1412,20.9987,11.0755,20.6169,17.4258,12.9613,14.3635,19.301,15.9381,-0.103431,8.66494,6.46964,6.42069,2.82906,10.9679,8.31489,-5.856,-913.536,-418.704,8120,2240,700
17.1038,22.2887,9.3989,17.0398,14.724,13.7724,14.5018,24.4553,17.367,5.0099,14.9774,15.1384,6.61504,10.5237,8.58457,10.3133,-1.952,-911.096,-417.728,7980,1820,700
2.67551,8.41029,-1.16762,6.90355,9.99494,3.92182,11.7866,16.0694,-3.56559,-3.97944,8.49472,11.3718,-0.362073,10.2436,9.50676,6.62882,-3.416,-910.608,-413.336,7560,1680,420
-11.6667,-8.78328,-11.7088,-10.0811,2.13486,-4.02021,4.33371,1.02458,-18.6195,-13.2352,-2.2687,-0.403751,-10.1739,-2.24371,6.28966,1.54534,-4.88,-908.168,-412.848,7140,1820,0
-9.72264,-15.1403,-17.0383,-24.1883,-5.60681,-9.80321,-11.1355,-15.0874,-13.2877,-10.7894,-5.44504,-7.23698,-13.599,-17.4249,-7.34162,-8.12635,-4.88,-904.752,-412.36,6720,1680,-140
-5.45964,-11.9063,-11.6733,-23.5468,-0.69351,-8.5224,-14.278,-22.9898,-7.04172,-0.905142,-3.27383,-3.20124,-10.4151,-19.9011,-10.9615,-9.16654,-7.32,-910.608,-411.384,6440,1260,-700
-11.4799,-16.7738,-11.3048,-23.4793,-4.02795,-6.94049,-13.0482,-21.991,-11.2888,0.641562,-8.83723,-2.92544,-10.0639,-20.0263,-11.7024,-8.5176,-4.88,-909.144,-412.36,6160,840,-980
-13.5617,-14.8523,-8.31083,-13.0854,-7.32277,-3.46857,-6.44494,-6.22231,-9.69375,0.655486,-15.0272,-1.57539,-6.33307,-21.1267,-3.71818,-4.53852,-2.44,-910.12,-412.36,6020,-280,-1400
-3.26809,1.25777,-0.277309,8.62991,-2.61779,1.45135,3.12451,12.9156,0.140777,5.57721,-12.5971,6.31575,-3.25579,-14.3104,8.12301,-0.825379,-4.392,-911.584,-408.944,5880,-1960,-1400
-0.595478,2.47023,0.358549,6.01905,-8.74327,-4.26116,-5.32761,19.0587,-1.63162,1.22095,-11.1371,4.24813,-2.67878,-8.37151,-4.86525,-7.19899,-8.296,-908.168,-413.824,5600,-3220,-1540
-9.23365,-13.8312,-6.31768,-17.9759,-16.8513,-7.16107,-13.5106,14.641,-17.6,-6.24436,-10.93,-6.78192,-6.02097,-3.1153,-20.3749,-8.79789,-9.272,-903.776,-415.288,5040,-4060,-1260
-13.8076,-28.561,-13.7745,-35.4892,-22.4536,-1.34736,-18.3692,5.42498,-28.8821,-8.83916,-9.54824,-17.1912,-9.70146,-6.52109,-24.1052,-11.4476,-9.272,-908.656,-411.872,4760,-4340,-980
-5.22775,-19.9866,-11.3105,-23.8358,-14.7543,2.09447,-13.3812,-0.663131,-21.2306,-3.19188,-6.56581,-14.5968,-11.3599,-1.87649,-14.8875,-8.16106,-5.856,-901.336,-406.992,4620,-4760,-840
9.86064,5.56354,1.67586,13.0288,3.77792,2.78226,10.102,3.49066,-4.74205,5.97105,-2.36949,4.31229,-9.16676,18.2116,16.087,7.99067,-6.832,-898.408,-409.432,4620,-5460,-700
16.8435,20.8791,13.2728,31.8536,15.6889,2.98509,18.3594,5.26004,4.19859,10.6541,5.47246,16.6212,-4.17241,31.5792,22.9342,16.2958,-6.832,-896.456,-406.016,4200,-5740,-560
17.1289,14.1854,11.4707,19.722,12.9773,3.87777,8.48436,1.23851,8.70587,8.50095,15.4578,8.69383,-4.52594,24.468,8.2911,11.3076,-6.832,-893.528,-409.92,3640,-6300,-700
17.1531,14.9924,10.2255,22.5599,17.4246,4.66599,14.7726,-0.819262,17.2029,6.31846,19.0087,7.52513,-2.60031,25.7674,21.8268,12.6282,-5.856,-886.696,-408.944,3360,-7000,-700
2.0995,7.19021,3.01601,16.4005,12.9932,-3.72602,12.8078,-10.6524,11.5045,-2.6282,9.13903,-0.90289,-5.45037,24.8507,22.4754,7.82562,-3.416,-887.672,-415.288,2660,-7140,-420
4.42717,11.298,-0.501381,6.17864,2.36338,-8.36293,1.60244,-19.2209,28.6187,-0.777871,6.04035,-4.95288,-4.04068,21.7906,8.71926,-0.416806,-1.952,-884.744,-415.776,2520,-7140,-140
1.79504,10.7917,-0.117255,1.47083,-10.7408,-11.1439,-6.04334,-21.7402,28.8654,-2.23466,2.92216,-7.96788,2.93289,19.1259,1.08806,-7.75333,-3.904,-884.744,-416.264,2800,-7280,0
-21.5884,-10.8007,-2.1518,-9.63233,-17.8026,-13.84,-9.13246,-19.4935,-10.7293,-12.9855,-4.00688,-16.7344,6.25845,12.983,-5.93978,-10.04,-2.44,-882.304,-417.728,2660,-7280,-140
-22.7812,-14.2035,-6.07846,-11.2084,-16.7282,-13.056,-12.5311,-20.2451,-14.1799,-11.3056,-3.0293,-16.9996,8.23718,1.53778,-9.30128,-11.9281,-3.416,-883.28,-414.8,2100,-7560,0
0.805621,12.8423,-2.85285,12.0179,-0.269351,-3.11503,-6.43312,-18.974,25.4468,2.97265,7.59999,-1.7195,15.6499,-6.3474,0.406791,-9.44934,-5.856,-889.136,-412.848,1540,-8260,-280
18.832,36.9967,10.3205,36.9121,27.5184,9.21449,10.9139,-12.0265,40.0497,16.349,14.106,21.7829,25.778,-3.04883,16.8588,1.82798,-4.88,-894.504,-415.776,700,-8960,-700
12.64,17.1539,10.4115,20.4492,27.3288,9.81426,4.8616,-11.2068,12.04,13.5561,13.5074,18.666,25.715,-9.1647,1.26246,1.87804,-7.808,-902.312,-417.728,700,-9380,-700
1.65068,-6.32749,6.07959,0.756372,20.9111,10.4564,3.50923,-3.40289,-16.4056,6.93484,11.6415,7.4296,23.0423,-11.1171,-7.00527,6.59145,-6.832,-904.752,-422.12,420,-9660,-1120
-6.05861,-23.0091,-0.87349,-11.5492,9.40773,13.1653,5.8544,6.09938,-30.0038,1.37793,9.37158,-5.56021,17.7367,-17.9428,0.518786,11.8008,-6.832,-911.096,-427.976,560,-9660,-1400
5.21805,-18.0919,-0.393017,-21.5674,2.94871,12.6594,-2.11627,9.01921,-11.5178,5.22687,10.6326,-5.36809,13.9343,-24.0322,-9.02277,9.81155,-9.76,-918.416,-432.368,980,-9800,-1120
4.88227,-15.1361,-5.26398,-28.3725,-6.09233,9.1675,-8.53773,9.49295,-6.83562,1.06777,0.0970039,-6.6735,6.80493,-27.2829,-14.2635,5.19365,-8.296,-919.392,-433.832,1400,-9800,-1260
-1.69347,-8.80361,-5.5587,-21.5845,-10.5241,6.67906,-6.16056,14.8247,-3.62836,-4.94399,-12.7973,-3.9592,2.93133,-22.5358,-6.98036,0.72729,-8.296,-918.904,-436.272,1680,-10220,-1400
-12.4997,-14.6284,-3.02728,-23.245,-15.6017,4.35996,-4.76539,17.7277,-12.8203,-9.49484,-18.2306,-6.10727,-4.26937,-16.7003,-5.36743,-1.95541,-12.2,-918.416,-437.248,1820,-10080,-1400
-19.6414,-17.4786,-5.65787,-18.258,-19.2401,-0.0233112,-7.82313,14.7956,-22.0606,-12.4093,-20.902,-6.95009,-11.7741,-14.7485,-4.76281,-5.90787,-14.152,-920.856,-439.688,1960,-9800,-1540
-13.3867,6.61368,-1.19783,8.89648,-5.95665,-1.93271,0.311542,14.1063,-8.29517,-11.3833,-23.7341,7.62992,-14.1736,-7.13743,5.8446,-3.71174,-13.664,-920.856,-442.616,1820,-9380,-1820
7.03616,30.8442,0.478165,24.3894,-1.26777,-3.68615,-1.83672,5.4405,26.4184,0.0209871,-19.0467,17.5826,-16.5103,-6.20185,2.2046,-5.18309,-12.688,-925.736,-449.936,2100,-9100,-2240
24.6861,35.787,7.12437,20.9497,2.63325,0.822759,-1.99428,3.61235,43.1754,14.1092,-9.09445,25.1646,-10.5879,-4.31977,-7.942,-5.30988,-14.152,-930.128,-450.912,2520,-9100,-2520
-0.330819,9.97979,-2.93745,16.768,-0.187221,0.377537,10.2293,10.5015,-2.65775,-2.87739,-16.2752,9.84611,-18.0839,-5.24375,5.69846,3.53764,-11.712,-927.688,-449.936,3360,-9240,-2660
-30.4814,-23.8829,-9.4542,9.53361,-3.19564,-1.98171,18.1146,22.7969,-63.1684,-17.2827,-20.2258,-4.94163,-19.8227,1.11906,7.62875,10.3748,-11.224,-929.152,-453.84,4060,-9380,-2660
-26.2284,-33.5401,-3.80604,-12.5068,-10.4476,-4.72263,4.52934,23.2465,-59.9876,-11.5837,-9.82327,-9.73218,-16.6473,6.16188,-22.914,4.35047,-9.272,-927.688,-453.352,4620,-9660,-2520
-1.78844,-22.2197,-7.50678,-38.4891,-29.1506,-13.4147,-25.4573,7.71459,-4.33839,-4.1019,-3.47953,-16.7974,-20.0331,-10.5815,-55.1835,-14.6693,-10.248,-930.128,-451.888,5320,-9520,-2520
9.07131,-17.0973,-3.7883,-50.7522,-30.4715,-13.9753,-29.2578,-3.92655,17.971,-0.0254975,2.40572,-20.3894,-18.2803,-15.0048,-47.9418,-19.998,-5.856,-924.76,-456.768,5880,-9100,-2240
12.5972,-4.90876,7.53245,-25.434,-12.2227,-8.31166,-8.3124,-12.0019,15.4043,7.31064,13.5523,-11.7231,-9.70645,2.02611,-4.4539,-10.2877,-7.808,-919.88,-453.352,6580,-8400,-2100
-0.280026,-12.7658,4.34919,-14.5235,-3.5735,-5.80291,2.18367,-18.4169,-5.51346,4.56947,16.5631,-13.2839,-8.80409,18.4654,12.1049,-5.19238,-3.416,-910.608,-451.4,7280,-7560,-1820
3.01253,-1.69236,-1.78066,0.00212615,5.22464,-5.18625,10.523,-17.8529,14.9761,2.2489,13.129,-9.14346,-9.53656,25.2441,26.3608,-0.144991,-6.344,-903.288,-444.568,7700,-6440,-1960
14.1409,21.972,-0.0637855,33.2963,24.5798,1.64551,30.4532,-8.45834,34.2948,8.84306,19.6273,6.34807,-3.15039,34.1252,56.333,13.6692,-3.904,-900.848,-446.032,7840,-5740,-1960
22.7827,33.3138,3.8432,48.3011,30.8108,1.67152,29.5149,-5.28067,44.1577,17.1252,27.1402,15.5487,8.14444,35.5311,57.6559,15.0469,-5.368,-893.04,-447.008,7700,-4900,-2100
23.8584,33.8778,6.06477,50.4641,28.777,0.622966,21.9422,-5.97567,43.3966,16.8607,25.388,20.3017,16.7944,28.4518,46.4232,10.8236,-8.296,-890.6,-445.056,8120,-3500,-2100
14.9865,19.4117,4.44205,28.4926,19.6902,1.50328,10.3312,-8.22224,25.2384,10.1455,20.6144,15.0114,16.9043,19.7103,21.6328,5.60226,-7.32,-886.696,-439.688,7560,-2520,-2100
23.4636,27.1647,13.1828,28.1778,24.1254,5.42252,11.1707,-3.27919,28.4262,13.9414,18.3245,22.9948,23.1958,16.97,19.0307,6.9454,-7.32,-887.672,-434.808,7000,-1400,-2240
20.7366,33.3519,16.8336,34.2725,27.6751,9.57572,12.9783,2.51622,13.5049,11.8197,8.72931,28.158,24.3852,21.1619,14.3923,10.0182,-2.44,-890.6,-432.368,7000,-280,-2240
-8.28187,2.74534,6.37704,2.95312,3.59265,2.39546,-6.09388,3.33238,-29.5777,-3.60107,-5.95823,10.5699,21.4799,15.5229,-17.0328,2.11428,0.976,-887.672,-439.2,6440,280,-1960
-32.3268,-31.7716,-7.98697,-31.9255,-25.1851,-9.97236,-19.0826,-1.84175,-51.48,-18.2546,-15.5866,-15.3112,11.6571,-0.504978,-25.6879,-4.48854,-2.44,-891.088,-440.176,7280,1260,-1820
-37.232,-42.5532,-18.6544,-36.3201,-35.5128,-11.6791,-18.8447,-7.411,-39.0942,-23.9915,-19.0584,-34.9997,3.93794,-18.6108,-9.0394,-7.46587,0.488,-891.088,-443.592,7840,1540,-1260
-23.5057,-13.6075,-10.2899,-5.49887,-9.0355,0.281171,-2.12103,-6.65631,-16.9366,-19.2039,-19.8894,-22.4327,5.21464,-14.5891,12.7703,1.45519,1.464,-887.672,-444.08,8260,1680,-980
8.55016,29.3165,3.67685,25.323,16.723,10.3978,0.187832,-9.81449,19.627,-2.84223,-12.2823,4.47497,5.3882,-5.6428,6.02193,4.57993,4.392,-888.648,-441.152,8540,2380,-560
20.8963,34.7686,14.4643,16.6898,21.6524,15.3927,-18.6391,-11.6038,13.3415,8.82134,-3.1013,19.5374,7.75428,-2.34346,-42.2011,-5.40787,2.44,-886.208,-443.104,8260,3080,-280
14.153,16.5285,15.9969,-4.80022,17.8041,17.0504,-25.3653,-5.50694,-14.4804,9.56593,1.30475,19.0899,6.40167,-0.779144,-65.1165,-9.24445,2.928,-889.136,-445.544,8400,3920,-140
-34.6308,-49.4857,-11.9172,-52.1096,-13.6961,5.82036,-35.3802,-4.01215,-76.944,-19.4688,-10.7056,-18.5925,-9.98193,-16.5939,-75.7105,-14.2864,5.368,-888.648,-447.008,8820,4620,140
-51.8948,-80.2814,-28.2582,-73.3815,-32.3871,-1.03976,-33.3884,-2.51628,-77.6392,-31.732,-12.5848,-44.7638,-16.4431,-30.4836,-51.3343,-16.1331,8.784,-899.384,-451.888,9660,4900,980
-20.045,-44.0527,-23.7192,-34.6109,-18.8953,1.54488,-8.58452,2.88181,-15.4983,-14.0804,3.76588,-35.9576,-11.6624,-31.8005,5.91608,-8.36172,12.688,-900.36,-454.328,10780,4620,1960
0.763498,-11.9645,-15.1899,-8.96484,-7.36793,-1.73889,1.55417,4.55727,8.84883,-4.75751,2.93135,-15.8679,-7.28111,-26.9593,16.0488,-4.27726,14.152,-892.064,-454.328,12600,4760,2660
5.03805,-1.11247,-7.05668,-0.330587,-8.26415,-4.7957,5.06257,6.50129,13.2087,-1.95771,-3.31382,-3.51412,-5.84549,-22.1354,9.62772,-0.68086,14.152,-882.792,-445.056,12600,6580,3220
-2.20252,-6.49552,-4.51766,-11.6756,-20.0696,-9.1288,1.71391,6.60625,11.4612,-3.54499,-5.34535,-2.66838,-8.55825,-23.4337,-4.57771,-0.928818,11.712,-886.696,-436.76,11480,7980,3780
8.42645,2.30104,2.10699,-3.49703,-21.1132,-7.49425,10.4197,12.3125,35.7105,3.75533,-0.0761809,1.11439,-4.31001,-25.6838,17.2034,2.451,12.2,-897.432,-439.688,9940,9660,4060
14.5135,13.8377,8.86949,19.7511,-5.04051,-2.82886,25.1696,19.4137,37.507,11.2734,2.73467,11.4527,-0.994724,-20.1439,41.7073,10.9044,9.272,-905.728,-438.224,10220,10220,4340
28.4398,38.3258,20.3617,47.8297,22.1202,4.88609,38.506,25.24,46.331,26.6144,7.7001,32.4646,8.47988,-3.459,56.616,21.3188,11.712,-905.24,-444.568,10640,10500,4620
19.9153,31.948,16.9018,41.8935,27.1119,5.42755,29.3136,17.0211,23.1445,25.3763,6.4142,27.1383,3.29445,4.13883,38.7735,16.7207,6.344,-910.608,-432.368,11480,10080,5180
16.6019,17.2796,10.1487,14.0806,10.9824,-1.35153,3.91831,4.75559,13.1213,21.1699,5.17945,18.4252,-3.99023,4.02619,3.29213,-0.13498,2.928,-899.384,-428.952,11620,11340,5320
20.3514,24.4585,17.1523,13.7824,12.1087,2.68789,0.644028,7.68225,17.6871,18.6663,4.62553,25.3448,0.0379863,17.6295,-5.86699,0.840563,-1.952,-895.968,-424.56,10500,14000,5320
2.58029,4.39099,9.83826,-9.14962,-1.02706,-2.31242,-9.55986,1.31377,-7.37815,3.9966,-2.56896,10.8428,-7.52603,22.4743,-24.6184,-2.75347,-0.976,-896.456,-427,9520,15400,4900
-11.4209,-20.2217,-3.09258,-36.897,-26.1057,-11.1317,-21.8871,-10.1758,-17.503,-7.20648,-8.70329,-11.217,-9.6428,9.17699,-34.0263,-13.4071,-6.344,-895.968,-421.632,9100,15960,4900
0.582032,-2.31437,0.438614,-13.0316,-11.6874,-2.37764,-1.87001,-7.71931,2.70833,1.80424,-2.03822,-5.47379,-4.11904,12.4973,-1.62896,-1.4798,-8.784,-889.624,-422.12,8400,16100,4480
6.79337,18.4841,0.499251,15.8463,6.73778,5.05325,17.6839,-6.93245,20.8603,-0.93394,-4.34605,2.54292,-4.72428,20.5818,33.3867,10.9674,-0.488,-889.624,-419.68,7280,15260,4200
-3.4068,20.7908,-2.41963,30.1036,15.9332,1.79988,24.451,-11.025,15.9777,-14.3045,-14.8015,3.76846,-8.9659,23.9522,47.0577,13.2734,-2.928,-883.28,-423.096,6580,15260,3920
-3.53347,16.1842,-3.75237,28.0843,13.9243,-1.7863,18.2918,-13.8043,12.101,-5.31422,-4.71306,1.40254,-11.3284,23.5463,36.4131,6.50454,-0.488,-880.84,-422.608,6160,15540,3360
-14.4239,-6.70026,-6.39998,9.83951,2.45969,-4.83493,4.15398,-14.8685,-15.1372,-5.31039,0.553816,-7.16723,-7.38204,20.1185,8.66752,-3.06016,-1.952,-876.448,-421.632,5600,16380,2940
-19.9004,-18.2863,-5.33945,2.41377,-0.0464744,-6.2502,-0.185129,-13.1373,-33.2055,-9.05778,-0.827485,-9.15901,-2.1885,19.6767,-1.56543,-6.31657,-5.856,-880.352,-420.656,4620,17360,2380
-11.3439,-10.7486,-1.54516,6.27265,3.84173,-2.72575,1.67944,-4.31157,-23.5606,-4.45919,5.21837,-4.8772,5.88312,23.8826,-3.12595,-2.22837,-2.44,-881.328,-419.192,4200,17220,1960
12.729,14.837,2.69,14.3401,6.66047,-0.13371,-6.67141,0.784653,20.5795,4.87042,13.3018,3.47991,11.8539,18.7203,-18.297,-3.421,-0.488,-882.304,-419.192,4340,16240,1680
6.67087,7.74633,-1.25645,-4.4771,0.647123,-0.617269,-22.88,-1.80276,9.41964,-1.69446,10.1723,-1.04749,10.1626,5.81815,-45.4359,-10.693,0.488,-883.28,-424.072,4760,16100,1680
3.46976,-10.8706,-0.0168876,-28.5969,-4.53872,-0.0479889,-23.1816,-0.776611,-2.14082,1.27584,12.1845,-4.21716,15.9966,-1.43047,-47.6029,-8.63983,1.464,-882.792,-420.656,4760,16100,1820
2.70612,-17.0597,-0.519889,-31.0001,-5.73435,4.66436,-13.892,4.20409,-3.91892,5.27677,14.6484,-9.07883,19.5958,-7.15098,-27.3363,-1.87211,0.488,-882.792,-413.824,4340,16380,1820
-0.0623517,-13.074,-1.56173,-13.601,-2.70325,0.976409,-7.34379,3.06866,-11.7904,1.86459,10.7929,-8.95072,16.5951,-6.41636,-10.8599,-0.976552,0.488,-889.624,-417.24,3920,16240,1820
1.0371,-5.07663,-0.834701,-2.69828,1.87318,-4.0878,-6.88509,0.260547,-14.1414,0.386354,6.98125,-0.572408,13.6251,-5.12371,-11.0686,-3.22344,-1.464,-890.6,-421.144,4200,16380,1960
-1.69804,-8.53651,-3.13055,-4.90933,7.61468,2.33232,0.507278,5.91629,-20.4324,-0.814095,2.66287,1.89874,11.0009,-6.77316,2.42029,4.51537,5.856,-891.576,-424.56,3920,16240,2240
-15.7445,-12.9955,-5.84674,3.92945,15.4378,8.76076,7.82424,4.08281,-43.5995,-7.2045,-3.79089,-2.16212,9.16576,-16.1289,25.3977,6.7066,4.392,-893.04,-422.608,4060,16380,2380
-11.8202,-5.10286,-1.19159,1.75843,19.9616,14.218,-2.58179,0.203656,-40.2458,-5.99805,-4.53356,1.68491,5.09713,-21.9152,-0.209565,-2.49391,4.392,-893.04,-426.024,4340,17220,2660
5.84225,-4.68511,-4.65201,-32.4736,-5.38091,11.0862,-22.5727,3.54244,1.17249,-6.18398,-8.42896,-6.28763,-3.1795,-32.4797,-41.5245,-14.092,0.488,-894.016,-423.584,4200,17360,2660
-8.75722,-12.0653,-14.5022,-25.3896,-22.3642,2.38717,-11.2999,12.8445,-6.72415,-20.0823,-20.6206,-18.7425,-11.5616,-34.095,-14.4292,-8.39072,-3.416,-890.112,-415.288,3500,17360,2660
-17.1359,-10.2651,-13.9193,-5.00248,-24.1787,-4.58822,0.0800869,10.1222,-13.5204,-23.4098,-24.8667,-17.6353,-20.6159,-22.5236,9.56948,-2.52138,-6.832,-890.112,-416.752,2100,16800,2520
-4.84641,-8.0448,-4.34023,-4.95816,-23.4608,-7.08307,-4.01643,-0.906653,3.62626,-7.37073,-11.4471,-10.7659,-15.835,-14.9808,4.04034,-3.76214,-6.344,-891.088,-414.8,700,16380,2240
19.0079,13.9293,7.44153,16.3808,-4.79973,-3.70561,16.0556,-2.89961,40.84,10.9133,2.04453,6.17572,-9.48227,-3.12466,37.658,10.0431,-3.904,-891.576,-414.8,-700,15540,1680
4.09529,-1.53561,0.589384,13.7072,-4.77245,-4.62012,21.2324,-2.63407,23.3612,2.83716,1.47329,-0.358132,-11.4254,-0.416606,49.071,13.5948,-1.464,-888.16,-420.656,-1540,15260,1260
2.57712,-6.71488,-2.78495,5.73122,-12.5964,-10.215,2.12307,-9.20695,23.2333,6.68292,6.3411,-4.35876,-12.4785,-2.78444,29.4556,-0.861575,-1.952,-889.136,-419.68,-2240,15540,700
13.6127,9.36421,1.01128,11.3918,-10.4319,-13.3453,-2.76179,-15.6217,40.0763,14.4396,11.9734,2.52398,-10.3586,2.70765,20.2803,-5.69069,-1.464,-888.648,-421.144,-2800,16660,280
24.654,29.7062,15.9669,20.3002,2.38842,-6.99743,1.56333,-10.7194,47.8133,22.9596,13.3789,21.9174,2.46777,14.9491,7.78206,0.0999692,-3.904,-889.136,-416.264,-3080,17640,-140
42.4375,55.3135,31.827,37.0208,20.9804,5.13749,12.4893,-3.17222,58.7398,35.5497,13.2286,44.4257,6.27981,27.3725,6.70463,13.1118,-3.416,-890.112,-417.24,-3920,18060,-420
12.6871,27.7627,26.7118,11.3056,14.8737,10.7492,7.07752,2.55162,2.21947,21.8272,5.20059,34.2968,7.00063,21.281,-19.7264,15.1951,-3.416,-894.504,-419.192,-4480,17360,-700
-31.8438,-16.2525,6.31812,-10.8434,2.00742,7.86944,7.21168,2.76444,-58.9444,-7.88945,-6.94931,5.93987,3.36053,6.26652,-13.7173,9.03942,-2.928,-899.384,-416.264,-5040,15960,-1120
-42.4731,-33.1881,-14.9051,-15.1479,-4.07914,2.88005,14.2008,9.49443,-45.6823,-34.455,-24.9175,-17.1399,-4.62936,-6.99579,6.87902,6.99636,0.488,-903.288,-425.048,-5040,14140,-1400
-12.4603,2.3784,-4.73365,-3.22313,8.45557,4.26396,5.72754,17.3406,4.98175,-16.9487,-15.4391,-1.62402,2.01487,-6.81825,-16.4068,2.49422,0.976,-911.096,-416.752,-4760,13300,-1680
10.3979,41.5566,12.0518,7.98118,23.7452,5.70348,-12.0027,10.3828,22.6824,2.73673,-3.05973,21.7591,5.93247,-0.0594267,-55.2661,-7.02866,-0.488,-908.168,-415.288,-4620,13160,-2380
-30.3365,-19.6721,-4.05323,-34.5945,6.95895,5.16961,-21.0821,9.67022,-57.9201,-23.7617,-19.6967,-9.17461,-2.42843,-8.07917,-64.8852,-9.79931,2.928,-907.68,-419.192,-4760,13440,-2660
-46.4762,-73.7614,-20.741,-38.3296,-7.57849,3.77659,5.11071,17.4116,-91.18,-21.9041,-11.7634,-41.2439,-2.72978,-15.6014,9.47459,1.16102,0.488,-906.704,-419.68,-5040,13440,-2940
-13.4522,-37.2164,-24.2954,-4.67077,-5.06413,2.1559,19.8073,21.7198,-18.2642,-4.35199,0.430712,-34.1465,-2.01038,-15.4211,48.5857,6.72924,1.952,-901.824,-418.216,-5040,13300,-3080
18.0679,7.73046,-9.42237,30.3465,13.0451,6.0272,21.4198,18.3709,28.0823,14.3528,12.8161,-6.59491,2.65204,-1.36638,46.718,8.89498,2.44,-898.408,-415.776,-5180,12880,-3220
36.6167,31.5795,6.08533,48.5137,27.7805,8.83774,18.7122,9.82082,42.6579,24.3829,20.4999,15.9539,2.56142,14.9445,36.206,9.24097,1.952,-894.504,-419.68,-5740,12740,-3080
35.6586,24.314,11.0291,22.7441,20.4558,7.1235,-6.06437,-1.57976,31.1859,25.8035,25.4668,19.7309,-1.47326,25.3702,-12.0345,-1.79675,2.928,-894.992,-415.776,-6300,13160,-3080
43.5229,29.3452,16.6449,-1.57505,6.46881,0.0616666,-33.0747,-17.6511,50.3961,32.4279,31.4196,25.6849,-1.90659,29.4784,-53.8165,-18.6933,1.464,-894.992,-424.56,-6440,13160,-2940
36.0075,13.5886,-0.18723,-40.8688,-27.0493,-15.7409,-54.9785,-35.5594,61.8456,21.9518,23.1336,7.0114,-9.43037,11.2167,-75.6958,-33.2325,6.344,-895.968,-427.488,-5880,13300,-2660
-1.67816,-23.7359,-17.0321,-48.125,-42.312,-23.9367,-33.2476,-37.5593,17.9838,0.339841,3.0888,-19.7563,-11.839,-0.156971,-21.9393,-23.3372,7.32,-888.16,-430.904,-5740,13300,-2660
-19.2762,-17.4245,-16.7202,-2.64347,-22.4787,-22.3988,5.4885,-33.9993,-2.99273,-8.75936,-7.70576,-20.6368,-7.74659,1.45083,48.9187,-6.03887,9.272,-886.208,-429.928,-6160,12740,-2800
-23.1618,-3.10484,-9.85901,32.3305,0.884473,-16.3542,34.0428,-25.4901,-16.6821,-9.90973,-9.78918,-12.2045,2.97875,3.63007,88.996,7.92178,10.736,-883.768,-423.096,-7980,11620,-3080
-25.3125,-3.45508,-5.04994,31.7716,4.47699,-13.3908,29.29,-22.2686,-30.6397,-11.0179,-11.033,-7.33147,10.9214,-2.76645,73.8037,6.10819,12.688,-881.816,-415.288,-10360,10780,-3360
-12.2877,11.8223,2.62356,39.1172,7.40509,-9.80151,20.1629,-19.7452,-17.4553,-6.3347,-11.6526,1.93027,13.9081,-3.39901,54.7398,5.78075,13.664,-889.136,-415.776,-12320,10780,-3920
-17.1005,7.62048,8.64289,27.3003,6.87309,-4.98308,4.01476,-13.8916,-37.9685,-9.90312,-15.2333,3.9634,10.8167,7.22801,10.0281,3.52733,14.64,-897.432,-417.24,-14140,11060,-4620
8.28907,16.6517,20.1171,-18.7732,-6.35973,-4.01821,-37.6589,-18.057,-12.7627,4.72583,-6.61563,13.5333,10.193,15.6927,-86.3831,-15.1837,17.568,-898.896,-420.656,-15120,11060,-4900
-3.0765,-6.45523,13.0023,-36.3039,-8.38325,0.96238,-30.5981,-7.93784,-34.9902,-12.1113,-23.2337,1.99298,3.89606,21.046,-87.6682,-7.34983,13.176,-905.728,-424.072,-15960,10780,-5320
-23.8479,-42.0355,-1.94414,-59.6015,-19.2807,4.07634,-35.4216,-0.134674,-54.3142,-25.8987,-23.8105,-18.8219,-1.49568,10.6142,-93.6172,-11.6121,12.2,-903.288,-427.488,-16100,10640,-5740
-21.6646,-41.4178,-8.27315,-54.7035,-20.0356,8.86096,-12.6161,16.3761,-36.5198,-22.2969,-13.6383,-19.0919,4.37681,2.38985,-43.1011,-0.176315,10.736,-903.776,-423.584,-16800,10500,-6300
-26.696,-30.9632,-20.1598,-4.53769,-8.86654,11.5465,20.7102,32.8267,-35.5013,-29.168,-14.3367,-18.2687,7.3191,-8.89438,39.8148,17.9299,4.392,-896.944,-421.632,-18340,11900,-7280
17.8159,35.2527,-8.30505,45.6836,16.3192,16.9366,27.6449,38.6815,39.5207,-9.49659,6.10115,14.5307,12.8704,-12.8578,45.4262,23.8708,4.392,-895.48,-417.24,-21280,13440,-8540
48.7373,52.1284,3.61121,25.8947,9.6074,14.9069,6.25932,33.1196,85.7177,7.05783,26.0949,24.2966,19.6265,-29.0417,3.69929,7.09152,1.464,-900.36,-420.168,-23520,14840,-9660
47.7474,34.7337,11.2287,5.00505,1.53181,14.6472,2.76732,29.9571,77.0144,13.5305,36.0052,17.9374,18.181,-33.681,-0.131863,-0.970433,6.344,-903.288,-421.632,-26880,16240,-11200
8.00161,4.50413,10.2691,12.4246,11.5329,17.1403,25.8345,35.377,3.61066,-4.41975,23.9131,5.14455,6.56532,-21.6605,33.6017,14.1419,4.88,-902.312,-422.12,-28980,17360,-12180
-12.5564,0.269474,9.28183,23.3372,19.9617,16.1762,32.2543,34.6822,-23.2845,-16.0868,12.2395,3.8408,0.1841,-13.6733,45.2941,19.255,1.464,-895.968,-418.704,-31920,17640,-13300
-5.11483,7.16667,10.4801,27.3083,24.1334,13.2979,29.7652,26.2927,-11.8279,-11.5724,9.64851,10.676,-4.48256,-5.83922,45.7602,16.8503,1.952,-891.088,-421.144,-35280,17780,-13860
6.64389,14.7299,11.3602,21.7738,15.6319,9.31387,9.18018,14.1831,1.20273,-1.76546,11.9544,16.1078,-8.66282,-0.648573,17.6016,4.45891,0.976,-892.064,-419.68,-37800,18620,-14420
16.1979,7.35394,18.5071,-9.1949,7.78334,11.8506,-3.03706,13.4276,7.72965,13.7606,15.2022,21.9237,-6.02496,11.4945,-22.3014,3.32353,0.976,-893.04,-427.488,-40460,19600,-14700
1.48903,-19.818,16.497,-20.9821,8.13748,11.3064,10.685,19.7489,-26.6677,13.2538,8.82834,13.2631,-8.57893,18.9061,-11.1484,12.3829,-2.44,-894.504,-432.856,-42420,20720,-14980
-30.7914,-65.4444,-1.14119,-58.9358,-16.4606,-1.24056,-5.3007,9.48385,-74.7735,-2.71736,-7.88776,-14.1529,-21.177,-2.15624,-33.6858,1.53302,-7.32,-887.672,-431.88,-44660,23100,-15120
-30.4949,-58.5675,-16.0453,-72.0577,-43.252,-15.9457,-40.0843,-11.8517,-47.2771,-4.02867,-19.2853,-30.1121,-30.8837,-33.2668,-66.431,-22.6983,-10.248,-883.28,-434.32,-46200,26320,-15120
22.9497,20.4661,-7.61442,-5.39052,-16.4201,-14.4501,-21.5856,-18.5207,62.7285,22.6778,-9.51354,-3.50067,-25.2141,-27.8168,-13.5984,-18.6164,-11.712,-887.672,-429.44,-49980,28700,-15680
32.1118,20.3892,-9.30502,2.28936,-7.4462,-10.4862,-6.07234,-20.3253,81.5664,30.314,-1.24828,-4.03324,-19.6167,-20.0559,21.2905,-12.4893,-13.664,-884.256,-424.072,-53200,31500,-15960
26.177,42.6444,-6.41731,44.2736,11.0761,-7.95913,3.7419,-23.8617,66.4784,32.0598,-0.879743,4.75346,-16.3843,-6.7862,42.6894,-8.83849,-19.032,-883.28,-429.44,-55440,33600,-16240
32.4906,50.4487,7.68576,26.1889,18.2822,-5.3193,-13.6408,-31.5136,64.7692,41.6188,-0.738441,16.3978,-6.8762,8.95347,-13.5762,-12.5194,-17.08,-885.72,-438.224,-58660,36540,-16520
7.16255,37.5102,7.20263,30.8655,28.4556,-2.18161,6.39488,-27.4206,35.0493,24.2205,-10.0492,9.48353,-5.01116,24.6406,6.92949,4.62968,-14.152,-885.232,-438.712,-59920,39900,-16240
-38.7896,-5.06565,-3.45384,21.6606,14.4066,-10.0058,1.41488,-32.3733,-28.9737,-1.90258,-24.3325,-12.4855,-7.79325,22.4689,12.279,-0.421456,-17.568,-870.592,-438.224,-61740,42280,-16240
-52.3308,-42.1774,-13.226,-19.1471,-19.3904,-23.0006,-21.9852,-41.3052,-51.6833,-4.61783,-26.6812,-29.719,-7.54099,11.2911,-20.9887,-14.9457,-18.544,-868.152,-433.344,-64680,45360,-16380
-50.5861,-45.2161,-17.2778,-8.10386,-12.7253,-24.6633,2.58186,-30.7606,-57.2146,-3.79271,-27.8224,-26.1089,-4.37272,20.7297,12.9088,-0.546052,-14.152,-870.592,-430.904,-67760,47460,-16800
-40.2349,-35.7775,-28.1062,-2.49463,-10.3383,-25.7837,7.49054,-21.7597,-32.9093,-1.83655,-26.2287,-24.4231,-6.26446,23.1325,27.2567,1.73173,-8.784,-873.52,-432.368,-71400,50540,-17360
-12.2633,-6.86128,-31.8512,13.8269,-5.55429,-23.4794,-2.07328,-17.4101,10.6978,14.5289,-11.145,-16.9265,-6.08309,18.5596,29.1394,-4.72668,-13.176,-872.056,-432.368,-73920,53760,-17360
-2.90151,-1.5566,-15.2456,18.5593,20.5752,-4.34877,11.2296,-2.69552,-15.0154,23.3979,1.61366,-2.38855,8.76272,31.4118,17.4936,8.00075,-10.736,-878.888,-447.008,-76580,55300,-17500
23.3189,19.3566,-1.04224,35.3265,42.2963,11.7286,33.0843,5.82401,11.7569,27.9647,12.0174,12.9247,24.5015,36.2786,35.6751,19.4716,-8.784,-877.912,-449.936,-79380,57820,-17500
38.7761,27.8767,5.05838,29.8417,37.7525,19.9015,18.5696,10.3034,25.3882,24.5208,21.7085,20.5389,30.7278,25.2583,12.2764,10.3943,2.928,-876.448,-453.352,-81060,59780,-17640
33.5101,31.1631,10.5879,12.7449,30.3043,19.9547,1.77566,11.5285,5.7546,10.9889,22.4679,26.2327,29.7684,27.2651,-30.8833,6.76762,4.392,-880.352,-462.624,-82040,63140,-17920
-8.16318,-11.5605,-3.61981,-33.9556,-14.2788,5.46988,-30.1544,-2.63104,-48.6279,-21.8167,8.61156,-2.03485,21.7552,4.39209,-65.2363,-13.6455,10.248,-872.056,-457.256,-82880,65100,-18340
-40.7835,-31.3161,-15.8034,-28.4126,-43.932,-9.32506,-39.1533,-16.3865,-72.3412,-57.0543,-10.5654,-28.1764,12.6523,-27.232,-40.9496,-30.6438,13.664,-871.08,-459.208,-84140,67760,-18620
-13.5999,-33.7905,-5.89875,-58.8592,-78.3354,-20.3551,-63.5944,-24.8137,-24.9167,-53.0335,-5.21758,-26.5816,10.7362,-56.9451,-76.7816,-51.0949,13.664,-876.936,-462.624,-85120,68880,-19040
-25.4667,-62.2533,-10.2359,-86.0739,-104.01,-21.0109,-54.148,-9.84513,-41.3085,-70.4174,-14.9751,-35.2739,9.61011,-83.5179,-63.7704,-44.4443,20.496,-877.424,-466.528,-85960,69020,-19460
-24.0321,-46.7819,-10.2048,-48.7067,-66.8896,-9.96616,-18.8155,11.2655,-29.7455,-79.0739,-19.7577,-25.5639,8.57781,-68.1621,-2.05918,-17.5718,22.936,-874.008,-474.336,-86660,72520,-20020
-4.7026,-5.7735,6.01667,-13.8702,-21.0541,6.66676,-5.58949,21.8387,-3.43118,-59.9475,-7.92362,1.81459,3.28207,-39.1339,6.60706,-1.34682,29.768,-870.104,-473.848,-87500,74480,-20440
30.9778,57.7907,28.4043,16.7402,9.04478,16.0429,-16.0723,17.704,45.8183,-24.6652,16.5797,36.9463,7.15024,-16.8798,-31.7972,-1.36014,29.28,-868.64,-470.432,-89320,77560,-21000
51.117,55.4657,37.5271,-24.1419,5.78746,16.5331,-31.9964,13.1476,70.8825,1.36002,37.2533,42.4476,11.429,-5.6482,-89.601,-5.70581,30.744,-874.008,-465.552,-91700,81620,-22120
10.9002,-6.08503,34.0812,-15.6356,27.9228,28.1971,41.8742,36.3191,-0.641646,-9.76693,26.9228,20.2534,8.97905,19.5265,22.7197,39.667,31.72,-876.936,-470.432,-93520,84280,-22680
23.9218,13.3175,49.6784,46.9223,71.5749,47.4997,108.56,79.1476,11.0561,6.24944,25.2437,38.2126,13.224,47.2317,115.524,89.2395,29.768,-875.96,-471.896,-96040,89180,-23660
44.1115,46.5357,63.4362,92.0488,93.8095,51.6814,117.68,89.2178,32.1437,28.2607,30.7767,60.1247,8.34865,59.6898,133.253,94.9644,30.744,-872.056,-488,-97020,93240,-24360
52.9387,68.8515,63.3041,109.315,91.4466,43.7947,100.42,75.3731,58.53,41.8173,36.1752,60.8176,3.13616,58.1979,123.94,73.6751,26.84,-869.128,-491.904,-100520,99260,-25620
82.9987,102.757,52.5086,99.7629,60.0733,27.6153,69.1334,59.8864,131.984,61.7349,39.4952,54.5535,-2.58437,35.6766,90.5,44.7516,24.4,-871.08,-489.952,-101780,105140,-26460
46.8313,50.1417,12.6237,47.0198,7.46167,11.7059,39.6696,46.6529,76.1182,47.5738,15.9293,13.0068,-21.815,20.7909,62.9248,30.3463,26.84,-888.16,-491.416,-102620,109060,-26880
-16.9477,-16.4943,-27.117,-3.61376,-22.1667,-4.34116,-3.71528,19.0017,-37.5314,23.9311,-8.05235,-22.2453,-37.4468,16.1456,1.84611,4.43831,29.768,-894.992,-501.176,-102900,113260,-28140
-88.8049,-99.1989,-60.2073,-71.3485,-40.7577,-23.6592,-51.561,-35.0535,-154.139,-9.69429,-22.9598,-57.0367,-54.4248,-1.39863,-76.2232,-32.188,30.256,-881.816,-506.056,-103880,117460,-29400
-66.2049,-73.1729,-58.6657,-58.0766,-28.3541,-34.0568,-36.8398,-66.2774,-90.293,-10.4687,-30.0209,-49.0782,-49.2542,-26.5973,-45.7068,-31.5942,31.232,-861.32,-502.152,-104720,124040,-30660
13.2731,11.9546,-32.4195,-13.4945,-10.1791,-37.6411,-40.0734,-93.9955,32.9544,27.1246,-3.75682,-2.24967,-26.0936,-35.4946,-41.4149,-44.6486,33.184,-864.736,-488.488,-108500,133000,-31780
-18.0632,-1.61462,-61.9165,-33.5319,-48.4264,-47.7658,-62.1004,-94.737,34.6983,-13.2296,-8.90677,-34.0062,-15.9215,-65.8385,-42.0657,-70.0986,29.28,-870.592,-483.608,-110460,136920,-32060
-45.4894,-15.8497,-77.2309,-25.6732,-54.1366,-45.5577,-69.8057,-67.2697,18.8184,-43.6641,-10.6125,-55.467,-0.105305,-67.2541,-23.7178,-73.1111,32.208,-877.424,-483.12,-112560,137620,-31920
-31.1885,-26.2462,-44.8516,-21.0792,-12.601,-16.3568,-49.7603,-40.3068,-2.94241,-15.2998,4.30002,-29.0562,15.4692,-31.3386,-21.5393,-36.781,37.088,-887.672,-480.68,-113400,137620,-31500
-5.14818,-11.0325,-6.64718,-0.8366,24.2186,5.56094,-20.5371,-38.9916,0.964045,35.8615,28.3801,1.02988,24.6189,0.676714,-9.35877,-10.471,42.944,-881.328,-504.104,-113960,137620,-31220
-23.9504,-52.4206,-6.63747,-38.652,1.61432,4.54988,-30.7938,-44.0141,-38.6479,46.7104,27.9671,-17.1525,15.9647,8.8994,-46.8906,-28.3328,45.384,-881.816,-504.104,-115080,138880,-30940
-3.47918,-40.7201,6.98362,-28.6859,-4.15556,-0.994866,-19.5747,-25.2952,-17.4536,62.0686,28.3258,-6.68488,23.7594,24.6417,-37.0009,-30.941,47.336,-871.08,-512.4,-115360,141120,-30520
8.61688,-9.26792,22.6688,-15.8437,-5.9018,-4.75936,-25.9374,-8.24544,-6.99878,57.9236,13.2623,8.43723,27.0759,42.7915,-53.8724,-23.1695,52.704,-860.344,-509.96,-115780,147420,-30520
11.4302,13.6623,15.6541,2.52612,-28.0233,-16.5414,-15.2861,2.20445,22.7135,33.7481,-9.449,-5.21001,20.6085,30.9507,-14.4337,-11.8205,56.608,-850.584,-501.176,-116480,153020,-31500
12.7612,51.7421,17.8019,51.2993,-5.77736,-14.8457,27.5013,18.8454,36.1571,7.63025,-38.9321,1.01193,19.1225,29.1778,39.9206,19.121,54.168,-859.856,-488.976,-119420,158760,-33180
21.2618,59.6272,28.3383,58.7169,41.2343,3.56847,56.5546,29.6987,23.1832,-5.19502,-72.8166,17.4381,16.1791,47.8072,33.7093,48.9689,57.584,-862.296,-491.416,-121940,161840,-34300
26.5784,41.7468,36.2134,38.9122,61.7635,11.8549,46.2138,21.8047,-10.4347,-6.77646,-115.315,23.4059,3.31894,56.8569,12.1484,38.9633,61.976,-865.224,-497.272,-124040,162120,-34860
-23.5129,-14.0644,6.60077,5.03627,38.6479,9.75346,19.4667,26.5589,-67.0227,-58.4268,-164.805,-16.2387,-27.1539,29.0188,11.2557,18.9063,50.752,-849.608,-476.776,-124320,162960,-35420
-25.1345,-25.8048,1.97688,12.4544,30.9709,12.9542,21.1485,40.4869,-56.9098,-58.3791,-105.088,-25.0873,-19.3853,18.0976,38.0253,30.9016,57.096,-896.456,-465.064,-122920,161840,-35840
-26.5605,-27.5545,4.73197,15.5551,24.816,16.4088,25.9023,48.9348,-55.6648,-57.2418,-60.1422,-26.378,-15.3215,10.4506,45.5601,41.0452,79.056,-855.952,-549.976,-116060,157640,-35700
-24.2907,-42.5236,-1.99996,-22.9172,5.25691,14.0951,-2.51868,36.3992,-66.8726,-59.65,-34.9761,-22.1735,-23.7676,5.80557,-17.9346,23.0915,70.76,-845.704,-521.184,-117460,159040,-36960
-48.8235,-67.2649,-16.8429,-75.0523,-23.4321,1.64095,-49.4806,-0.755532,-102.524,-72.4786,-14.2104,-20.2716,-29.263,-13.9994,-93.5264,-18.5378,61,-833.992,-511.424,-118300,160720,-38360
-43.0835,-46.5429,-28.0703,-50.9161,-29.8311,-6.82763,-41.2478,-23.0217,-50.033,-63.2384,16.1426,-7.46871,-17.6962,-39.4696,-50.7793,-31.275,55.632,-830.576,-481.168,-122920,164640,-40460
18.6796,23.3775,-16.5957,12.4125,3.37645,3.72199,17.0249,-8.1913,69.4589,-3.03854,76.747,36.432,10.8061,-26.6859,39.8028,0.0616048,60.024,-844.728,-484.096,-126140,164500,-42280
55.5897,68.6986,9.01038,48.8447,39.9224,20.5242,39.5484,4.56474,121.206,36.3026,137.66,73.0869,33.7419,7.21095,52.5562,20.7688,57.096,-848.144,-460.672,-132860,164080,-45220
80.8598,71.5908,35.6245,30.3707,22.6373,21.2719,6.14697,0.781048,137.693,68.8717,182.705,82.8153,41.7506,8.34688,-4.49119,3.93562,46.848,-854.976,-457.744,-134540,162540,-47180
86.9939,54.1589,40.7663,-16.4953,-32.3905,8.08841,-41.9419,-9.92106,151.78,76.2922,180.857,63.8404,30.5227,-23.5483,-54.1075,-36.8192,50.264,-858.392,-456.28,-136360,158620,-48440
33.956,-3.56363,39.0172,-38.9831,-58.1467,5.59305,-16.4338,18.7745,59.2114,46.8186,132.179,31.7653,16.5825,-39.471,-14.3519,-12.6408,52.216,-859.856,-469.944,-133560,153860,-49980
-6.21758,-17.0063,36.7116,4.56358,-48.3214,5.86173,50.517,62.628,-16.2567,17.1396,66.7401,11.6138,-5.0366,-50.6012,79.0535,42.7699,49.288,-870.104,-471.408,-133000,151480,-51240
-28.3276,5.39213,19.194,20.4092,-64.0966,-9.46718,51.2539,47.0563,-21.8153,-11.1261,13.6707,-4.18698,-25.669,-96.1343,72.2065,30.6997,47.824,-857.416,-469.944,-129500,148680,-53340
-52.0996,-21.7337,-15.3932,-44.9393,-119.347,-33.0276,-9.66174,-1.55187,-35.2255,-34.5418,-26.701,-38.5209,-40.6765,-167.112,-7.7873,-33.1446,47.824,-860.832,-472.872,-129080,146720,-55160
-44.183,-49.0822,-29.4001,-101.579,-140.625,-39.4506,-57.9193,-27.0772,-52.9147,-35.0681,-53.0263,-47.891,-34.9459,-197.089,-74.5188,-68.2139,57.096,-860.832,-490.928,-129220,146300,-58240
34.0169,-0.151685,-16.8003,-68.4166,-104.618,-34.7406,-48.0261,-26.3444,16.6377,20.2569,-47.8799,-9.68535,-14.7523,-165.512,-50.9586,-53.0561,54.168,-852.048,-480.68,-128940,147560,-60900
2.67215,-3.38014,-38.2902,-20.4708,-71.9616,-17.8466,6.10771,5.09438,-11.3103,-1.89525,-69.2802,-20.7896,-5.2907,-133.154,32.319,-1.60284,55.144,-854.488,-471.896,-127820,147000,-62300
-86.1227,-55.2056,-65.6307,-10.6188,-41.9654,-0.910057,32.2899,25.4673,-125.901,-62.8,-99.0794,-59.9932,0.70222,-100.935,50.6296,31.9573,48.312,-851.072,-464.088,-127260,146860,-63560
-120.568,-94.0631,-74.6118,-39.5814,-22.5877,-2.41751,0.954808,0.425518,-179.641,-90.3581,-101.146,-80.7975,8.37537,-69.092,-1.49052,7.85149,54.168,-866.688,-452.864,-127400,145040,-64820
-34.0383,-15.3358,-53.0476,10.2389,33.3976,-2.12512,-15.874,-38.4117,-39.5611,-34.6051,-57.8205,-43.6678,20.4449,7.67382,3.499,-19.161,36.6,-857.904,-437.248,-126420,145320,-66080
85.6248,87.7717,0.0717209,64.9894,114.475,18.8864,-49.2168,-53.7826,117.779,60.3591,5.58164,20.8757,32.3055,149.928,-33.047,-28.2968,55.144,-834.48,-505.568,-127400,149800,-68320
104.301,83.5654,29.2499,87.1535,240.001,47.6121,-32.3702,-52.2656,93.5876,98.0455,45.0018,26.0202,2.44736,370.967,-49.6415,8.26345,44.896,-905.24,-498.248,-127820,165900,-72520
150.775,118.512,55.5817,184.283,378.572,75.048,55.1628,-62.6662,131.117,134.398,86.5547,47.0977,-43.4339,608.509,56.8685,66.6971,3.416,-858.392,-327.936,-103880,191520,-76720
107.797,120.68,60.2243,233.801,333.774,71.5804,125.443,-36.0904,110.925,84.9317,56.4865,49.9089,-47.2232,563.697,162.434,101.034,36.112,-843.752,-275.232,-88760,118860,-66360
59.5098,95.2996,57.3316,202.895,207.61,43.516,149.917,6.5804,76.1955,35.7826,22.8491,37.2579,-14.0042,375.166,181.022,106.714,35.136,-824.232,-311.832,-107800,56840,-63700
12.2722,19.5268,52.5887,83.4286,69.5979,6.49787,84.0055,14.9643,-7.48893,5.82061,7.24042,14.4862,17.6714,192.496,65.8439,55.6494,43.92,-845.216,-383.08,-106540,30940,-61320
-29.0869,-43.678,32.842,-31.1052,-50.4179,-27.1693,8.69625,21.1652,-57.7545,-24.9721,-13.9484,-13.5799,34.7525,-3.94059,-47.382,3.49573,41.48,-852.536,-417.24,-103320,22820,-60480
-37.601,-50.917,22.1152,-91.1312,-123.204,-39.5787,-38.1906,17.4052,-26.6711,-36.3833,-30.4818,-2.42271,51.4984,-161.329,-89.7104,-33.9002,32.696,-837.896,-414.312,-94640,9660,-61740
-32.8378,-45.5475,12.6347,-140.807,-171.952,-43.8943,-109.212,2.19055,5.69221,-30.9916,-25.4111,14.559,49.958,-267.908,-161.651,-79.616,36.112,-853.024,-427.976,-91140,1120,-63560
-86.7189,-101.332,-30.5866,-176.171,-202.675,-36.3419,-118.648,25.0239,-62.2539,-68.7874,-47.7001,-16.0015,15.6256,-317.478,-153.298,-66.462,57.096,-865.224,-440.176,-88620,-7420,-65520
-105.076,-96.8457,-54.1961,-110.296,-188.31,-38.1236,-60.9413,41.9348,-104.28,-71.6118,-61.2777,-18.3764,-11.7282,-322.543,-34.3352,-35.3155,68.808,-870.104,-439.2,-87640,-13440,-66640
-68.7122,-80.56,-40.8469,-96.9008,-145.898,-33.3041,-31.6657,37.9216,-96.2566,-24.0085,-30.5983,1.20053,-20.4378,-276.451,-27.7312,-19.8364,81.008,-871.08,-436.76,-87360,-17080,-67340
-75.3141,-98.7246,-51.6979,-114.792,-130.572,-26.5532,-32.1842,24.886,-101.13,-22.6068,-26.7606,-21.4247,-35.8642,-234.535,-50.277,-19.7706,89.792,-875.96,-435.296,-87640,-22120,-67620
-52.0312,-48.8543,-49.0399,-77.3353,-105.096,-21.2924,-53.7886,-0.67345,-44.1812,-20.8816,-20.9046,-22.5574,-35.0896,-184.655,-62.9888,-47.1408,90.768,-862.784,-435.784,-86520,-27160,-67480
36.1141,38.9163,3.64279,-7.85238,-21.2443,-0.737953,-23.6004,-15.5644,49.9024,20.4943,4.99765,37.4647,-0.0372617,-88.6313,-22.1825,-41.7999,107.848,-862.784,-447.984,-88760,-29680,-67340
49.7064,66.6244,26.0658,42.7035,53.7849,22.3888,42.276,-3.13501,57.1106,2.40523,-4.68886,55.6305,20.0661,5.02998,47.077,2.51366,112.24,-854.488,-452.376,-86660,-30940,-67340
27.1893,69.5965,7.77799,72.232,69.5669,22.7348,72.905,16.997,44.7979,-24.9543,-19.8777,31.2217,21.2113,42.1478,102.212,34.2982,113.704,-842.288,-467.504,-84000,-32480,-67340
16.5711,58.2411,-1.88744,80.3236,47.6618,10.2934,71.5631,3.98754,41.5842,-7.23825,0.714351,3.78328,33.6851,53.7668,128.192,37.1183,123.464,-836.432,-472.872,-79660,-33600,-66920
-1.6593,7.70251,3.63491,24.5829,9.71421,-5.21401,20.0049,-36.6761,5.52729,5.04458,17.443,-21.5574,52.7087,43.1934,57.4889,-8.00998,119.56,-815.448,-486.536,-77280,-34160,-66780
5.24552,-4.15528,12.9115,-16.78,-11.4386,-11.7607,-32.6042,-42.6745,6.26618,15.4231,21.1551,-25.5629,54.5791,34.2407,-13.5467,-30.8493,117.608,-809.104,-494.832,-74620,-34580,-66500
-41.2119,-58.7245,-8.0986,-67.5981,-34.6838,-6.25762,-72.1311,-16.5165,-68.9944,-10.1594,11.5268,-56.1248,34.5137,33.3708,-78.2227,-24.6608,122,-806.664,-505.568,-71960,-35420,-66080
-10.5244,-22.3572,-8.00029,-38.6604,-10.8731,6.57321,-63.4429,8.02327,-21.5859,2.43791,16.4786,-35.307,22.5407,48.4,-72.3573,-8.16393,120.536,-806.176,-508.984,-69860,-35980,-65380
-21.1592,-6.98593,-10.0593,18.4965,31.2115,14.9049,5.65954,14.915,-17.7761,-8.42192,5.32673,-28.7923,3.04375,61.5068,19.4929,23.5651,122.976,-820.816,-517.28,-67760,-36540,-63980
20.2092,23.0055,-5.23686,61.6551,60.6405,12.9309,44.0603,13.3741,41.2513,14.5546,12.1552,-18.2043,-23.5505,56.3884,74.3632,37.8968,127.368,-831.552,-535.824,-64400,-37800,-62440
43.0036,29.8301,-3.30779,41.7158,37.6215,5.48492,-7.56359,-11.2497,61.1654,37.7639,37.2145,-27.0966,-51.1798,22.743,5.30533,-3.20252,117.608,-816.424,-537.288,-60060,-39900,-59920
37.5872,2.59502,0.775599,-4.59942,15.5282,0.468967,-36.3174,-21.0637,41.6692,33.1362,43.2965,-32.6766,-61.6295,1.69429,-55.1382,-29.3139,117.12,-805.2,-553.392,-58800,-40740,-57820
55.6431,24.3657,22.7647,25.6205,43.0024,20.1514,23.942,23.2947,64.5179,31.5698,42.9948,12.7489,-58.9825,22.0668,9.62477,23.4325,115.168,-821.792,-541.68,-60760,-38220,-57540
28.7109,1.04358,30.5097,15.6574,47.1977,33.0285,59.5844,48.8418,9.49304,17.2785,36.3362,29.0072,-53.4972,31.9878,29.5788,58.289,121.024,-819.84,-575.352,-58520,-37660,-56560
-5.63369,-7.68626,17.2422,17.6164,32.199,28.2909,55.8623,38.7588,-24.9756,-5.52404,19.2739,19.0641,-55.4853,35.1735,35.1713,45.3513,116.632,-814.472,-573.4,-59920,-34300,-56000
-32.5035,-22.3436,3.21865,-6.86327,3.33602,12.941,2.62291,3.85744,-54.2151,-16.2853,15.7249,2.93706,-54.7865,31.4733,-17.6053,0.511373,114.192,-809.592,-561.688,-60060,-31080,-55720
-0.268956,-6.88532,8.61236,-7.62642,8.94241,3.071,20.7749,-9.20914,-19.9983,4.08932,19.5171,18.9982,-39.0546,43.4591,-17.1583,9.13669,113.704,-810.568,-567.056,-60200,-30380,-55440
41.68,63.9054,15.5132,51.7004,19.5711,-7.38742,33.9508,-15.9253,47.4496,21.6015,17.4648,48.807,-25.9898,49.9121,13.9938,8.82695,111.752,-813.008,-563.152,-59500,-30100,-55860
58.7395,66.8682,22.8611,34.2709,7.65575,-14.7805,0.197807,-28.2964,67.0061,26.7824,11.3383,57.4617,-9.24166,58.4491,-30.2398,-7.1341,110.776,-821.792,-565.104,-58800,-31780,-55300
26.7068,11.1346,8.43367,29.5028,-3.49042,-25.7325,14.018,-52.048,13.9459,7.00896,5.6905,30.5509,5.12206,47.7276,32.1539,-22.1881,121.024,-822.768,-582.184,-57120,-32900,-54460
36.8422,33.7603,3.25878,55.6528,3.2021,-28.0642,23.0407,-53.0749,36.8707,12.6776,13.7262,30.6486,22.6474,27.3711,79.0046,-32.5389,115.656,-810.08,-559.248,-54320,-35280,-53760
-29.2351,-7.61862,-22.79,14.2422,-22.5675,-21.8906,-14.3949,-21.0406,-28.9952,-23.8819,-2.82035,-7.33442,26.9005,0.65604,24.4649,-24.2248,130.296,-826.184,-593.408,-51380,-38780,-53200
-57.1251,-40.0286,-29.5564,-38.2324,-37.6275,-14.1692,-34.6652,14.0424,-58.3591,-46.0331,-30.4784,-26.1962,37.0142,-15.7095,-33.281,1.03157,139.08,-793,-593.896,-48440,-35840,-52780
-4.22337,12.2043,0.289011,7.69238,18.0303,-0.143057,27.7079,34.0614,-0.453887,-19.8621,-39.5732,14.9179,59.3017,12.4046,22.2556,45.1939,136.152,-792.512,-597.312,-47320,-34300,-51520
-27.6922,8.83026,-2.86563,-4.5868,12.0538,4.89831,10.9271,34.4166,-20.9822,-34.6678,-53.5405,3.16292,65.0128,-1.42741,11.2072,37.021,140.544,-789.584,-612.44,-45640,-31080,-49980
-59.4437,-34.6972,-22.9282,-51.7795,-25.7874,1.48565,-30.2431,21.1057,-52.7816,-52.1154,-63.2792,-37.4021,58.1427,-46.8796,-23.0788,5.76149,138.104,-786.656,-615.856,-43260,-27720,-48720
-24.7708,-31.2652,-17.2831,-50.385,-27.1494,-1.49418,-20.203,7.67285,-15.5891,-26.3545,-48.6226,-31.8785,59.1223,-66.7348,-5.69079,-6.66604,141.032,-790.56,-618.784,-41580,-24920,-47600
-31.5317,-33.1721,-16.5864,-45.4495,-30.3297,1.52623,-27.3911,-0.72051,-33.02,-13.5127,-38.5535,-25.5836,47.1159,-73.0533,-24.0437,-17.9427,139.08,-798.368,-609.512,-39900,-23240,-46480
-56.7868,-80.8976,-16.5588,-93.4456,-40.8202,6.35157,-72.829,-19.5655,-95.5539,-3.97916,-27.1467,-34.3796,33.0515,-69.4283,-106.998,-50.087,136.152,-801.784,-613.904,-38360,-22540,-45640
23.1566,-11.4499,9.33284,-33.1714,3.91414,16.4129,-29.4333,6.37133,1.79617,41.2288,-9.07355,11.005,24.8875,-56.3997,-56.6563,-20.6572,131.76,-808.128,-606.584,-37940,-21000,-45220
54.6849,38.0983,12.233,20.8414,25.5491,21.6982,4.98012,34.5315,64.0833,57.5887,4.02621,27.0082,-4.23888,-49.1985,-4.49278,4.98168,125.904,-814.472,-588.04,-38220,-19600,-44940
21.352,21.1206,8.19082,16.8869,21.8891,20.0501,5.46518,26.5967,33.3997,41.1087,8.77663,15.2365,-38.7553,-28.0083,4.54158,1.71341,121.512,-818.864,-595.36,-36820,-20160,-44520
26.7774,38.883,11.5118,63.5789,33.9766,10.891,49.376,19.9049,62.8792,38.8508,14.0973,21.7843,-66.6954,-4.58179,76.3751,21.9999,122.976,-826.184,-599.752,-35280,-19880,-44100
21.9964,29.3811,13.8863,51.9401,24.1177,6.80658,54.4203,22.5577,67.9592,32.5035,7.37431,21.1023,-78.9799,13.8185,62.4202,33.142,122.488,-822.28,-599.752,-32200,-19740,-43260
-39.3224,-39.7071,-4.27781,-27.7448,-26.2593,-6.854,-17.3306,-10.1863,-33.9345,4.19703,-3.54391,-19.0903,-90.5181,4.0746,-47.8204,-11.2094,118.584,-813.496,-595.36,-30660,-19040,-42560
-37.2307,-47.7479,-10.6947,-54.1363,-54.1808,-19.0876,-34.6189,-26.758,-35.1247,-4.62042,-7.38633,-35.9106,-79.0287,-7.19949,-50.0426,-33.0043,117.12,-812.52,-588.528,-28840,-18060,-42000
1.93204,17.7295,-5.62856,33.7609,-26.1896,-21.1536,9.62463,-10.5,22.6621,-8.67551,-18.2083,-16.9334,-48.9329,1.43217,53.9969,-13.5091,120.048,-811.056,-588.04,-27580,-17920,-41300
15.9562,3.24852,-4.00447,-2.26037,-35.4918,-24.6327,-23.5199,-32.6486,12.9479,-4.02277,-9.73391,-16.1195,-15.3048,5.38595,-15.843,-35.5196,126.88,-806.176,-597.312,-26740,-17640,-40460
2.01387,-30.0467,6.80437,-36.6143,-30.4047,-20.8218,-38.0406,-59.9954,-36.323,-9.18123,4.02397,-12.4059,29.8397,18.2981,-53.0066,-55.2181,136.64,-788.608,-602.68,-25340,-16800,-39760
-24.2437,-46.0645,-6.85837,-46.6487,-37.4254,-13.2229,-40.3908,-34.1625,-59.6724,-32.2107,7.48904,-27.8332,51.7585,17.3616,-49.41,-28.9939,142.496,-775.432,-599.264,-24500,-16380,-39200
-31.7599,-27.2511,-24.889,-16.3456,-26.1404,-7.73414,-13.4702,-3.29526,-41.7215,-54.7895,5.06554,-34.2122,54.6155,18.0726,-7.79498,14.7193,150.792,-781.776,-600.728,-24080,-16520,-37800
-20.208,-6.91305,-22.528,-18.886,-8.99173,-6.77757,-16.5148,-17.5149,-14.7833,-59.0943,9.46139,-19.385,55.5593,24.4944,-27.2146,6.48305,156.648,-785.68,-592.92,-23380,-17080,-36400
30.2896,53.8293,7.06805,49.7132,47.1191,6.33654,54.1876,1.7528,51.8489,-16.8585,28.444,26.8992,62.1198,53.7961,67.9625,41.449,166.896,-789.096,-588.528,-21840,-17220,-35280
25.6203,58.8841,18.6542,77.9207,66.9489,13.7946,65.5087,13.2823,29.8521,-1.00161,44.7391,38.3112,52.9431,60.2074,84.4083,51.2476,169.824,-794.952,-587.064,-18900,-16800,-33880
46.0114,54.021,18.0763,57.8586,50.1414,4.00251,42.0807,-2.34989,47.5326,14.1468,51.6109,41.6161,30.3035,44.9666,58.8271,28.954,171.776,-792.024,-584.624,-16800,-15540,-32760
48.282,60.7917,15.6381,64.0246,46.9917,0.985992,41.418,6.16396,67.3262,8.82732,36.5369,43.4468,4.34631,37.841,68.4799,27.5868,173.728,-791.048,-586.088,-14700,-13720,-31500
4.76077,20.9974,2.48148,14.5583,19.1308,4.31906,-1.74708,22.8965,21.2643,-8.88984,27.8432,15.9573,-13.7831,8.16671,10.1635,14.0251,168.36,-791.048,-590.48,-13580,-13160,-30380
-10.8469,-10.5737,8.39666,1.34852,34.265,13.9379,15.9533,36.8013,-28.6396,4.75512,37.5374,9.47872,-13.8348,-6.35265,15.2214,26.4459,170.8,-794.952,-588.04,-12740,-12040,-29820
-42.4626,-79.1923,-3.69439,-74.8534,2.27469,15.1731,-27.5259,15.5229,-95.3922,1.41682,37.3113,-25.2436,-20.6031,-36.0123,-71.4066,-10.8073,171.288,-792.024,-585.112,-11200,-11200,-28840
-16.2425,-66.1711,-3.8063,-69.3215,-23.3849,3.00164,-63.2758,-18.1166,-64.5044,18.0904,36.2649,-26.2041,-19.1154,-56.162,-79.8888,-59.1659,170.312,-791.048,-594.872,-10360,-10500,-27720
19.0378,-1.68002,17.7041,-8.81648,-10.6416,3.10915,-40.8294,0.773097,-6.44834,30.0138,17.0164,8.19194,-15.647,-23.7638,-42.549,-28.1975,169.824,-806.176,-586.576,-9660,-8540,-26320
41.4449,48.4926,38.0427,43.7763,12.6163,13.6276,1.27932,23.765,37.9565,39.8139,-4.29537,36.1537,-9.45836,8.47747,11.1225,13.3137,160.552,-812.032,-591.944,-8820,-7420,-24920
18.1779,22.6258,34.0071,13.5055,18.9232,25.402,26.731,29.0982,11.9178,30.6629,-21.1623,23.3764,-12.9584,13.5287,11.2672,33.6348,154.696,-816.912,-595.848,-7560,-6300,-23380
13.3954,1.49255,24.0479,-7.18954,24.1474,36.8518,66.8033,52.7569,12.8218,29.7207,-29.6026,13.6649,-12.9423,9.03182,38.4846,64.6986,151.768,-822.28,-597.312,-6720,-4340,-21280
36.6557,31.2944,23.3318,23.5052,25.2772,30.7327,74.6293,51.0463,52.8724,41.1202,-34.815,27.5019,-9.77398,6.83864,69.7221,59.3914,146.888,-828.624,-606.096,-5880,-3500,-20020
-1.80729,51.4242,-10.2715,37.2467,-13.567,4.90264,15.1984,9.30717,70.6348,-4.13688,-58.3989,5.02333,-22.6804,-14.5872,26.1644,1.55855,142.984,-836.92,-599.752,-5600,-1260,-18480
-27.1563,35.8186,-29.9127,16.8029,-38.6757,-15.7546,-41.2854,-40.8933,61.5757,-29.8331,-64.626,-15.8629,-22.467,-33.4754,-22.5278,-56.4487,138.592,-831.552,-599.752,-5880,980,-17360
-45.35,-16.5594,-21.4327,21.4652,-5.78588,-12.2295,11.1835,-29.5566,-25.6754,-25.6692,-61.3711,-22.03,-8.74377,-15.3142,31.0288,-24.583,136.152,-833.016,-602.68,-5040,1120,-16380
-50.1959,-58.5652,-29.8678,-9.26529,-10.085,-14.4096,10.9524,-15.0494,-59.7849,-20.0189,-44.5957,-37.828,0.817735,-18.6379,12.0646,-14.4888,135.176,-828.624,-603.656,-4060,840,-15400
-7.76886,-19.1609,-34.9878,-5.44357,-23.5767,-24.7074,-22.9779,-10.6465,9.97978,-4.82447,-28.3833,-27.0085,2.03422,-22.3826,-16.6252,-23.8687,135.176,-824.72,-605.608,-2660,140,-14840
16.3862,-2.17277,-28.5505,-3.01149,-17.3896,-22.4587,-19.0273,3.70639,35.8447,5.16912,-20.5456,-14.1175,6.2683,-8.89555,-22.1593,-6.94189,137.128,-820.816,-607.56,-980,-560,-14000
-19.4363,-42.2057,-32.2413,-40.3735,-31.9869,-27.8491,-45.3276,-24.6628,-28.1381,-13.7914,-19.1776,-32.7733,3.31832,-9.53767,-58.0493,-34.495,144.448,-812.032,-605.608,-140,-140,-13160
-48.4032,-56.505,-28.2128,-55.6237,-42.9727,-29.1733,-52.9915,-42.5905,-74.2553,-27.5099,-11.5603,-39.7946,-0.301658,-9.6529,-57.7896,-48.8471,145.912,-800.32,-609.512,840,0,-12320
-44.9401,-64.2472,-17.886,-77.8475,-48.7118,-20.9444,-55.0099,-28.1434,-92.1008,-21.0088,-3.7561,-34.2966,-1.83504,-3.93929,-71.5993,-35.8358,148.352,-793.976,-610.488,2100,420,-11480
-1.30004,-22.065,1.24938,-49.6119,-28.0314,-15.3407,-39.0542,-21.595,-40.4211,0.111306,11.821,-7.80272,-1.56442,10.6372,-57.9277,-16.4102,151.28,-786.656,-610.488,2380,700,-10920
13.663,-7.46475,-1.09511,-63.8747,-36.5411,-18.5239,-53.7402,-30.3211,-0.90555,-0.253049,23.4764,-4.68835,-9.43198,2.57112,-85.5237,-25.1636,157.136,-789.584,-604.144,2380,1400,-10360
4.87929,-11.4327,-0.135235,-40.4962,-9.72574,-7.24805,-12.3139,-10.4983,-14.6663,-9.39736,22.8818,1.91422,-13.2469,13.0002,-34.7965,5.67888,157.624,-793.976,-601.704,2240,1680,-9940
46.5931,42.7906,17.4734,25.4166,30.5924,5.82194,30.8642,6.12015,43.3402,15.8952,36.9073,34.1843,-5.68017,22.5744,36.1103,29.2485,163.48,-793,-605.608,2380,2100,-9240
36.7677,52.0427,8.98592,55.3755,32.9793,1.25733,38.0892,-6.42926,45.9577,10.8574,37.858,28.5843,-1.93565,7.88925,72.5862,13.9881,166.896,-795.44,-606.096,3780,3220,-8680
1.13681,7.87779,2.38722,46.4235,30.6358,-2.60852,43.1525,-23.139,-7.88492,-2.58004,37.4158,5.20643,5.536,-1.76188,82.4315,3.16741,166.408,-792.024,-610,4900,3920,-8120
-9.04648,-1.24566,1.31328,34.3043,10.3457,-0.603122,6.32844,-9.40623,-14.5732,-13.7533,31.3598,-6.65288,16.7294,-17.4,48.2049,-9.36057,168.36,-779.824,-614.88,6860,5320,-7420
5.00796,7.74209,13.1718,28.4788,13.9557,14.8424,14.9054,35.7909,1.02743,-8.56318,28.739,5.87536,34.7263,-5.83785,34.605,27.9649,164.944,-760.792,-616.832,7840,6160,-6720
24.1939,35.8978,25.926,41.8315,26.7389,25.8577,32.6226,50.9242,27.9066,4.58541,31.9515,28.5807,40.3908,12.9865,39.1277,47.4423,166.896,-759.328,-613.904,8820,7280,-6020
-24.8671,-4.09091,17.2874,-1.71487,14.6292,31.8915,30.4657,46.8277,-32.9842,-19.039,25.0209,9.34416,29.6289,21.6886,12.3203,49.4461,163.968,-759.816,-608.536,9100,7840,-5180
8.45183,18.9213,34.6574,10.3734,31.4925,29.7636,31.7097,24.3472,-10.2954,5.28718,29.7723,33.1833,21.1139,33.5276,12.506,31.8394,162.016,-763.72,-609.024,9240,9100,-4760
42.9873,57.4816,37.9446,43.3326,31.3082,15.3433,9.95163,1.10548,47.166,28.9144,37.6207,48.821,7.11958,21.4858,19.8462,-3.15771,156.16,-763.232,-602.68,8400,11480,-4900
0.630563,15.0586,5.56268,20.4132,7.45091,9.78164,6.37998,14.2995,29.958,-2.78837,23.5751,5.83592,-13.1289,1.88278,22.3479,0.141819,149.328,-783.24,-592.92,7840,14420,-5460
15.5769,18.1418,5.88815,28.226,23.2237,20.8285,33.6347,40.4341,45.9343,0.124785,2.32307,7.07211,-17.1521,13.63,39.7363,28.0097,150.304,-801.296,-596.824,7140,17500,-5880
6.59751,6.47552,12.8158,27.6262,36.3538,26.858,35.2942,35.7289,3.2076,7.91651,-19.7386,8.86719,-14.4184,25.5848,19.5899,28.4735,150.792,-797.88,-604.632,8260,17500,-5460
7.74206,2.37089,15.6566,7.29453,22.3526,22.1847,-2.66157,16.9455,-3.18722,10.6987,-25.1786,10.3659,-5.92342,14.0784,-33.4477,1.70168,144.936,-786.168,-603.656,9660,19880,-5180
28.5361,-16.2224,12.9563,-33.357,-9.52011,9.6409,-33.4434,-4.22312,9.67068,23.5234,-21.7754,5.50372,2.11199,-9.83686,-58.7602,-21.2268,142.496,-781.288,-605.608,10780,23380,-5040
9.28872,-26.6038,2.34628,-29.3455,-12.6177,-10.0699,-25.091,-47.0495,-11.1345,14.8255,-32.6329,-0.50816,4.74625,-15.807,-28.1124,-42.4197,145.424,-788.608,-599.264,11060,25620,-4760
-23.8441,-5.74913,-15.774,-1.81245,-13.2595,-20.0206,-3.27112,-36.7874,-14.1309,-9.98306,-56.5461,-8.6266,1.10148,-13.8786,9.08078,-21.1724,144.936,-792.512,-602.192,10500,26600,-3640
-27.425,-2.6201,-29.0597,-13.2348,-29.7331,-16.4903,-24.7327,-10.2772,-7.79455,-15.4705,-57.9487,-19.2089,-6.54092,-15.1472,-22.4468,-5.6512,143.96,-795.928,-603.168,10080,25200,-2240
-13.9303,-5.11316,-25.954,-22.6658,-22.7074,-9.62892,-24.1678,-7.09325,9.34913,-9.52629,-49.4328,-13.3494,-3.49674,-10.3501,-37.2159,-2.05832,146.888,-800.32,-600.728,9800,23800,-1820
-15.4027,-0.672873,-28.2996,3.99973,-7.14136,-6.35286,14.7885,14.8599,17.6433,-15.525,-54.6102,-12.7239,-5.32067,-11.5723,12.4068,21.2645,152.744,-802.76,-602.68,10220,21420,-560
-18.9303,-9.44613,-28.6496,21.0601,1.79286,-9.67425,28.1064,19.7193,4.33595,-12.6529,-41.9112,-19.0725,-6.9758,-24.8393,45.6617,18.7503,152.744,-802.76,-596.336,10780,19180,140
-5.34473,-20.7473,-23.7085,-3.3341,-11.2381,-20.8106,-5.01513,-11.2157,2.51642,4.06606,-18.6746,-23.5864,-8.63918,-40.4456,15.8657,-20.4439,150.792,-802.272,-591.456,11620,17500,1260
-5.37367,-34.2144,-24.7319,-43.2851,-42.0233,-28.9713,-36.6154,-26.7353,2.63243,6.21077,-11.5336,-35.1612,-16.2714,-45.3729,-25.1999,-37.1889,156.16,-808.128,-590.968,12460,15540,2800
-19.8407,-29.9629,-18.3158,-44.1505,-48.0077,-21.9277,-29.6981,-15.2334,-7.55169,-1.82961,-14.5661,-34.3664,-21.4425,-20.5105,-25.0102,-18.7066,153.232,-800.808,-589.504,12600,14420,3500
-24.0586,-19.6952,-7.84654,-36.6657,-41.4396,-14.4123,-20.5354,-13.4159,-22.3995,1.16274,-6.07681,-22.845,-19.7391,19.4691,-31.9476,-6.83882,156.648,-799.344,-591.456,12740,14980,4340
-23.0271,-51.0302,-3.12379,-82.0893,-47.5211,-17.9606,-44.2169,-36.4377,-55.2092,14.8443,22.9889,-23.3797,-11.5062,26.6926,-89.6035,-27.9597,153.232,-798.368,-579.744,12460,15820,4760
-54.3803,-90.5149,-5.75903,-93.9288,-27.9567,-11.6914,-48.9071,-51.1944,-127.366,2.53052,39.6683,-30.7964,-4.80539,20.0595,-99.9599,-41.8134,145.912,-794.952,-580.232,11620,16660,4900
-12.1355,-7.51182,8.24346,1.74299,16.262,-9.33062,-30.8028,-45.0682,-45.6344,16.2551,57.2764,6.09398,7.74809,12.1086,-36.346,-41.0181,144.936,-797.88,-576.816,11060,17360,4620
73.3268,102.957,38.5686,92.9018,63.935,4.02302,9.69381,-5.3451,107.486,45.9917,77.857,63.6472,26.0042,26.2832,27.0212,0.722891,133.712,-799.832,-570.472,9940,16940,4480
87.7817,115.855,45.0993,116.701,77.3673,14.8701,48.6656,25.9497,130.613,44.5583,68.4551,73.6928,26.0274,31.4599,64.1006,37.985,134.688,-803.736,-569.984,9240,15820,4200
28.2029,69.2662,20.6603,79.6151,46.0477,10.5313,43.3331,21.7412,77.0481,0.59975,50.4367,34.7755,10.9451,7.19438,52.7401,28.2158,137.616,-809.104,-574.376,8680,14560,4060
-46.2173,-10.5866,-15.8,33.7967,8.2991,0.958036,51.769,25.3826,-20.0337,-58.3151,6.96749,-22.8478,-10.4168,-16.8358,77.3699,27.3146,140.056,-803.736,-584.136,9100,12740,3780
-15.9158,-13.9266,-7.75583,2.17148,-5.45044,-8.7601,31.2285,12.8569,-23.1004,-36.8925,-9.58575,-15.2086,-15.0178,-18.8918,50.3126,8.67282,144.448,-797.88,-591.456,9520,12180,4060
-18.4799,-13.9042,2.13704,-12.859,-16.0325,-4.72893,0.37787,-7.71936,-43.474,-22.6242,1.33465,-12.1764,-4.90889,-13.2985,34.0951,-12.7348,146.888,-793.488,-583.16,9100,11900,4200
5.27357,3.71057,15.1566,-9.03009,-16.411,8.0784,5.07517,9.92582,-16.9914,-2.3172,9.41339,2.49484,5.1641,-1.66193,41.7145,8.15471,149.816,-788.12,-578.28,8260,11200,4200
29.1799,7.93294,23.5147,-29.6101,-19.3673,18.7074,-14.8286,25.845,10.7776,14.1893,14.2201,14.0136,7.12167,2.97294,-10.2986,14.3036,149.328,-795.44,-577.792,7280,10500,3780
-23.4943,-55.8518,-3.68518,-85.4389,-45.7195,13.8805,-51.4136,17.6522,-63.8985,-17.2018,1.30174,-25.6706,-4.48993,-17.6069,-78.771,-10.2763,152.744,-796.904,-579.256,5740,10220,3360
-51.1963,-55.6286,-23.4546,-57.8951,-18.0028,16.2509,-6.69709,35.6453,-79.0894,-59.328,-29.3687,-35.4528,-7.55479,-15.6756,-43.052,17.2159,155.672,-800.32,-578.28,4340,10220,2660
3.9382,28.3418,-10.2691,38.5231,31.4516,17.9004,38.2458,38.6607,21.6767,-33.9749,-26.5284,4.56094,5.20308,-8.35116,39.1661,29.663,154.208,-799.344,-576.816,3500,10360,2520
45.5701,60.6684,13.0412,59.465,48.926,17.7282,25.969,11.4726,65.9275,13.8541,0.683166,31.5868,16.4948,-0.416184,30.8455,5.30819,153.72,-797.88,-575.352,2660,9940,2240
60.4612,45.2146,27.8488,51.4075,48.7578,16.2739,19.1759,2.2072,50.0921,42.8243,8.80174,37.9523,20.8894,9.80636,32.3672,2.89713,153.232,-791.536,-579.256,2660,9800,2380
54.3781,29.4601,21.6304,33.7942,28.2163,17.9361,16.6632,26.0908,45.6631,39.6845,-7.77224,29.6252,12.0603,15.0671,32.5324,24.0967,158.6,-787.144,-588.04,2800,9100,2380
26.8276,4.46337,4.8334,1.5367,6.38012,13.4431,7.21742,28.0833,21.4017,21.5784,-19.7039,12.6915,-1.56702,12.8175,-2.39185,24.1301,157.624,-783.728,-591.456,2380,9800,2660
-32.3712,-76.8075,-17.3123,-76.7584,-16.3578,9.28204,-9.81448,19.5968,-74.8213,-11.196,-30.9893,-23.5369,-13.0171,12.0295,-70.0332,19.7721,155.672,-780.312,-589.016,1960,10780,2660
-43.7071,-59.7965,-17.8955,-54.9914,5.35531,12.2969,-6.1291,10.8819,-76.9649,-36.2408,-52.168,-13.4172,-16.5921,30.5442,-74.4939,23.3497,151.768,-775.432,-587.064,1680,11760,2800
20.1389,63.3041,1.7189,57.2451,27.7456,9.71464,22.5158,5.82493,65.9288,9.04142,-22.0543,32.1989,-4.64148,30.062,23.7806,21.6439,147.376,-780.8,-575.84,1540,12040,3220
-20.2583,24.4071,-13.9812,54.2764,1.08864,8.41273,30.979,3.14556,22.3984,9.02703,-2.92398,-4.33027,-7.70165,13.9086,63.9446,18.9659,146.888,-788.12,-576.816,280,11900,3220
-20.5191,-12.5728,-8.65421,28.4148,1.83626,-0.970317,25.0074,-27.028,-13.4411,15.2365,1.71359,-9.05994,-0.322916,18.9978,46.6523,3.11844,148.352,-790.072,-585.6,420,11620,3640
-9.24979,-26.2935,-4.35421,-10.5001,-13.2613,-13.1827,-14.8188,-58.8531,-15.9339,18.0562,9.844,-7.37484,5.13572,14.5256,-6.32519,-32.5001,149.816,-785.68,-590.968,1260,12180,4200
4.67074,-31.9971,-0.814035,-29.1793,-26.6483,-28.427,-49.6699,-79.5196,-13.1289,25.8804,17.1579,-2.13858,6.54974,-1.77274,-45.3653,-67.3376,152.744,-782.264,-605.12,2940,15120,4900
8.95032,-14.3069,-5.16413,-26.2513,-34.0709,-43.6857,-56.2433,-85.97,11.0782,24.7399,12.5719,1.48297,8.26584,-13.8022,-52.8244,-78.2279,148.352,-756.4,-601.216,4900,18620,5460
18.9263,30.5888,-6.96787,3.27744,-29.5268,-45.049,-44.5167,-75.2062,49.9571,19.4359,-4.80716,13.1012,7.20735,-8.78605,-27.9061,-69.1833,144.936,-753.96,-592.432,5600,20440,5880
3.85358,15.2031,-14.2115,0.0610168,-26.8941,-34.9777,-18.9272,-34.8158,31.5856,2.77033,-18.9172,3.2661,5.65818,-3.72747,1.77029,-33.0963,143.472,-764.208,-596.336,5880,21140,5880
-21.2471,-23.2804,-20.8445,-31.1361,-40.6463,-25.1838,-36.0935,-7.93812,-13.3945,-13.2738,-19.2898,-19.6971,5.59579,-17.0255,-28.5404,-25.1886,141.52,-752.008,-601.704,5740,22260,6020
-57.1431,-41.4843,-31.4663,-46.2019,-47.1938,-33.015,-41.055,-7.67676,-39.7355,-38.7391,-20.1824,-40.6259,2.64742,-36.2214,-49.6941,-30.6556,142.984,-748.592,-598.288,5600,23100,5600
-95.4495,-90.8645,-38.7143,-81.2837,-44.5176,-35.8711,-14.1679,-12.9302,-109.154,-63.5723,-36.1406,-65.547,-5.82302,-33.8036,-54.9477,-16.189,139.08,-750.544,-590.968,5320,21700,5180
-50.314,-38.1946,-13.3497,-10.2172,-16.7467,-23.6356,-0.867114,-9.06522,-70.2793,-34.5863,-27.8101,-38.5598,-2.61991,-31.6965,11.2242,-14.6714,139.568,-746.64,-596.824,4900,19320,4480
16.2981,59.0567,11.2307,78.943,16.3777,-1.16402,17.5683,31.8697,42.9023,-7.4688,-7.08297,4.81062,0.0440671,-29.4059,68.0642,18.448,145.424,-744.688,-597.312,4340,18060,3360
65.8621,83.3064,36.7209,84.5165,47.9151,30.1884,43.0194,81.8472,87.7222,17.2558,9.63991,35.91,1.36609,-6.24318,60.7073,67.7828,144.448,-751.032,-587.552,3360,17640,2800
44.0491,35.2053,39.1703,39.8584,51.382,40.3499,37.8245,87.3531,41.9604,9.61927,41.8286,23.8871,-1.59725,-4.41234,26.9107,65.9513,147.376,-763.72,-586.576,1960,17500,2380
30.6743,17.5939,42.3611,15.4251,43.3599,30.9949,36.9717,56.0417,13.8697,10.0887,64.7765,21.6647,-0.0418899,-6.68045,27.5892,42.0383,136.152,-742.736,-598.288,1820,18340,2380
-11.7171,-21.1467,31.4362,-37.3258,16.5625,22.1011,13.9793,30.5018,-48.0528,-17.5232,44.6428,2.17034,-12.3063,1.97451,-4.74714,24.8357,128.832,-754.448,-575.84,2100,18900,2800
-3.34852,-32.9064,27.5968,-86.0274,-8.80735,21.5988,-22.4192,14.2214,-47.5908,-16.6165,31.7014,-0.214583,-17.2089,10.7488,-58.8449,8.35923,130.296,-779.824,-564.616,1680,15820,3640
18.1347,4.73935,17.5239,-53.1741,-8.11579,23.9342,-6.59519,3.16331,1.36224,-5.30726,21.6767,10.0147,-22.4721,11.0807,-17.1244,4.82235,126.88,-793,-560.224,420,14560,3780
14.6648,51.1842,3.66463,26.7721,22.1189,33.4616,39.7069,22.917,32.5624,-14.6947,2.26335,23.2906,-27.736,13.9149,57.0478,31.0339,127.368,-807.152,-553.88,-420,13020,3780
42.7036,63.9669,8.0492,47.5974,41.5297,36.1077,32.6539,36.6806,54.4872,22.3318,14.4119,40.0553,-15.1374,11.9989,29.8328,29.4081,123.952,-819.84,-545.096,-420,11760,3640
38.8334,32.3749,-0.828188,25.5999,39.3448,37.1862,14.0151,32.6054,42.9542,40.2025,34.6326,24.4324,-3.39384,-0.457325,-2.63488,15.127,126.392,-831.064,-545.584,-980,9520,3500
31.0381,23.618,0.793056,54.9347,55.5999,44.7113,46.6992,35.9309,38.2059,45.4483,17.3459,21.7178,12.7175,12.6599,43.7107,34.3553,133.712,-834.48,-552.416,-1540,7560,3360
28.1907,19.114,7.07061,65.1793,45.0337,37.9796,40.9897,22.3654,37.011,51.1767,0.974169,17.9694,25.523,24.537,41.0407,32.4423,142.496,-826.184,-551.44,-1260,5880,3220
4.10179,-10.2843,-6.14652,35.0157,1.17928,8.75993,9.99855,-12.3239,8.51856,30.1726,-10.6327,-8.94432,28.5615,13.3119,19.9388,1.12531,148.352,-818.376,-555.344,-140,4480,3500
-32.2521,-39.4077,-23.07,-4.53874,-22.4293,-18.2527,-2.57131,-40.6048,-30.3555,-2.83735,-22.5065,-29.4358,28.8089,8.63903,-0.770045,-18.9245,150.304,-811.056,-549.488,980,3360,3500
-22.0904,-17.2084,-22.3153,-9.37255,-21.9985,-26.1336,-14.3157,-46.0611,-15.8328,-9.7407,-20.6431,-18.4655,36.1121,10.9297,-2.63959,-22.6044,156.648,-803.248,-553.88,2100,2660,4060
-12.0826,-8.49809,-17.8666,-30.2089,-36.0743,-29.0871,-37.9869,-46.1697,-9.39062,-4.00768,-19.0489,-14.176,38.6495,5.81697,-34.0049,-31.0969,153.72,-800.32,-549.976,2100,1820,4200
-45.6648,-68.1004,-26.7921,-99.8486,-67.1534,-39.7567,-63.5087,-60.9179,-66.4408,-16.2212,-13.7375,-42.7316,22.9921,-4.43389,-94.2745,-51.5225,158.6,-791.048,-553.88,2100,1120,4480
-52.5375,-79.7475,-21.1413,-92.0648,-57.6008,-46.8511,-44.315,-65.9949,-80.0792,-23.55,-20.3459,-43.4268,1.52022,3.23178,-68.4525,-49.4099,158.6,-789.584,-549.976,1960,1120,4900
-32.1204,-17.0474,-21.5768,-13.1449,-43.9525,-54.3339,-29.6172,-60.5592,-15.7128,-27.4433,-26.1356,-28.5403,-27.0416,-4.92352,-2.46805,-48.3083,161.528,-781.776,-545.096,1680,1400,5180
-32.7128,-11.302,-31.662,-13.1162,-52.9401,-56.5543,-39.2164,-50.2327,-7.27858,-30.9748,-24.8003,-34.4523,-47.9525,-11.1921,-9.14348,-47.1027,153.72,-793.976,-545.584,1120,1820,5040
-18.8203,-7.09624,-11.8095,-7.27923,-17.1451,-31.7705,-8.69596,-20.758,-9.38944,-11.014,-14.6407,-12.7313,-40.8782,15.6439,-1.40457,-13.0255,155.184,-792.512,-551.44,1260,1680,5320
9.02192,18.1416,7.68207,22.0656,20.0315,-12.8995,13.6179,-5.40562,13.8369,12.3759,-0.0120708,16.8616,-32.0589,31.9875,15.9958,3.9503,160.552,-790.072,-563.64,2100,1960,5740
16.7218,18.0035,8.44772,27.0561,24.6058,-5.71726,6.31563,2.20731,13.6001,14.426,0.171216,24.4972,-28.9418,22.0906,14.5995,2.77172,162.504,-784.216,-570.472,3640,2800,6160
1.3567,1.33006,-5.6056,19.4649,12.2623,-7.40913,-12.5068,11.0278,0.0376518,-7.17694,-22.2866,13.4541,-31.4642,-0.0732744,-0.912607,-4.82152,158.6,-776.896,-577.304,5320,3920,6580
13.7562,5.31962,-6.75788,10.8312,6.65317,-11.1807,-11.807,19.2219,26.5961,-5.62485,-20.9844,13.3804,-20.9709,-12.6255,-10.6144,-1.0115,158.6,-775.432,-583.16,7000,5320,7280
17.4479,19.1383,1.54981,25.0696,17.209,-6.92609,13.0606,24.7871,40.8813,-8.61787,-10.031,19.4494,3.21649,-13.4577,14.5862,13.8929,156.648,-774.944,-587.064,8540,5740,8120
-14.3792,-9.31626,-1.77838,4.36658,2.59592,-1.16024,-1.75376,11.113,-3.41323,-21.7502,-4.54634,0.750909,15.12,-28.3706,-0.409978,-0.594652,155.672,-773.968,-594.872,10500,5880,9380
-11.8903,-15.7253,-0.889562,2.92387,-2.2451,6.41392,-4.47137,8.68417,-18.5518,-21.8868,-10.23,-1.35192,15.8922,-36.1858,2.6298,-3.86093,152.744,-767.624,-599.264,12320,6440,10360
7.93065,1.09044,10.2189,12.1639,5.84414,16.3131,2.32608,22.9851,-5.94199,-14.8036,-13.3428,11.8495,19.2646,-34.2605,4.34753,6.36312,149.328,-762.744,-606.096,12880,7280,11060
30.4608,12.1816,28.0522,6.91991,11.3943,31.4268,2.01748,38.0466,8.97145,10.745,17.391,24.1016,31.311,-33.2547,-6.7203,16.2723,146.888,-754.936,-608.048,14140,8120,11620
21.6831,13.9819,36.4303,3.63857,17.834,46.5866,15.2423,53.2093,6.49284,10.4285,20.2271,26.5972,38.0671,-22.6188,-5.39244,35.5845,145.912,-751.032,-607.072,14560,8540,12320
-1.92824,12.5064,30.0762,0.752175,14.1983,46.8109,21.8274,52.864,-2.24835,-0.936476,20.1488,16.5697,26.4442,-17.1058,3.39476,40.4225,148.352,-746.152,-608.048,14560,8540,12740
9.88194,17.711,31.5035,0.687172,11.762,42.0904,26.4196,44.0475,-2.48898,8.15477,19.0553,22.0449,16.0947,-2.18612,16.6041,37.2898,149.328,-748.104,-598.776,14560,8120,14140
12.7836,8.4723,23.2068,-12.8862,-4.38349,35.1242,16.2981,27.7425,-6.11277,16.0013,22.8035,12.735,4.21259,1.00298,13.4428,20.2842,154.696,-744.688,-602.192,14420,7700,14980
30.5204,18.5854,16.8076,-11.3886,-3.29281,27.7088,8.57804,8.47076,16.9053,30.3245,39.0779,11.0769,-8.69283,8.82751,11.3763,6.70836,157.136,-742.248,-600.24,14700,8540,16100
36.8023,34.5766,21.2145,7.45713,17.1013,30.151,24.3185,9.31779,33.6644,38.2288,46.9255,17.434,-2.81971,28.5579,27.0186,17.4551,165.432,-740.296,-599.264,14560,9380,17080
28.7901,50.7137,15.0084,43.365,43.8225,30.4969,56.7473,19.6226,41.8042,20.449,26.9456,21.4098,-3.39102,50.5686,61.5279,38.0865,168.848,-733.464,-597.312,14420,10360,17920
23.6543,45.7739,2.55598,44.1983,39.036,16.8751,49.0336,13.4352,35.8156,15.6913,16.7873,14.1336,-7.47419,51.93,54.7957,30.1918,171.288,-732.488,-603.168,14280,11620,19320
-30.6143,-2.13667,-28.6652,4.62167,-1.68169,-10.2535,14.4424,-11.0881,-22.4759,-21.8524,9.44855,-28.6647,-12.7035,29.1725,15.8693,2.86784,174.704,-738.832,-600.24,14280,12880,20300
-38.3416,-19.6714,-37.6509,-5.73974,-17.9816,-30.9,1.87561,-27.969,-42.9242,-44.8811,-20.2807,-42.3124,-15.3454,22.0295,-1.58994,-11.1311,176.168,-734.44,-601.704,16520,13440,21840
-11.2251,-15.5672,-23.8958,-0.423047,-14.7857,-37.2232,-8.25203,-33.5211,-29.3942,-18.0896,-12.2711,-31.5618,-1.76513,8.77718,-9.2507,-24.1139,173.24,-734.44,-605.12,18760,13860,22820
-3.54728,-25.1659,-21.3338,-20.6576,-14.7484,-30.0798,-32.3858,-39.61,-28.2597,-0.878853,2.78379,-30.449,13.9379,-9.15897,-33.1205,-36.3739,176.656,-737.856,-608.048,21560,14000,23800
-3.90298,-31.7793,-25.5659,-37.6986,-16.726,-23.439,-45.1602,-38.3553,-17.8168,-2.19873,-14.0522,-34.0185,22.2584,-20.4541,-44.1263,-38.6822,174.216,-740.784,-610,25340,13300,25060
-12.365,-34.1599,-21.1236,-36.7157,-13.5488,-23.6126,-36.8539,-29.5369,-6.89922,-11.5662,-39.0751,-34.9169,15.9451,-19.5037,-39.1072,-27.0092,181.048,-745.176,-622.2,28420,12740,26040
-16.9856,-39.0233,-10.2112,-31.6297,-20.6959,-30.4125,-36.5195,-36.7904,-2.42332,-8.46068,-36.178,-34.0591,3.0426,-19.317,-37.5734,-29.1069,178.608,-750.056,-629.52,32340,12040,27720
-21.6882,-36.1855,-6.97739,-21.653,-28.6002,-32.9187,-39.0697,-45.3796,0.565732,-2.29736,-21.1874,-30.9065,-7.71883,-23.0148,-34.2631,-36.8994,179.584,-761.28,-630.984,35140,11760,28840
-7.23952,-13.6089,1.904,3.4502,-8.58862,-16.7125,-17.1118,-27.4642,15.539,14.7919,-9.7896,-7.27916,-15.0773,-9.54959,-15.2786,-17.1048,175.68,-763.72,-640.744,39900,11900,30380
14.559,7.25479,9.04236,23.6044,19.2508,1.07074,4.17319,-7.18241,28.7665,38.4305,4.74152,21.5371,-17.9797,4.67503,-0.295655,3.83693,174.704,-776.896,-640.256,43960,12740,31640
4.48096,1.98199,-3.56056,16.4822,22.916,11.5984,3.34399,6.84663,12.8057,31.8273,0.460063,23.0286,-23.8261,0.10423,-7.8782,9.96275,169.824,-785.192,-639.28,46900,14000,32340
-3.12952,12.6929,-17.6582,22.3807,24.2736,15.7268,7.00575,14.8067,12.616,12.2157,-17.4507,23.6118,-29.9805,-0.89937,0.325522,14.1507,164.944,-791.048,-644.16,50680,14980,33040
5.34612,19.2371,-11.578,25.1128,23.5422,10.3802,13.0198,15.2466,11.8365,24.2768,-3.54321,29.5806,-20.8744,3.68973,9.60841,13.4369,162.504,-803.736,-650.016,53480,15680,33600
1.18496,3.2604,-1.57234,1.75182,8.79941,-4.23719,6.15023,4.51246,-7.71062,26.1215,7.06462,24.7182,-13.0493,4.61709,3.37842,3.78642,159.576,-804.712,-655.872,58100,16100,34580
-15.1632,-11.0999,0.321712,-28.5399,-10.1111,-17.0077,-14.4385,-10.6268,-20.33,-0.317956,-13.6035,10.1577,-14.4135,-0.496379,-8.9153,-10.8868,156.16,-810.08,-666.608,62300,17360,36120
-33.5497,-17.4246,-0.512173,-39.7666,-28.6073,-23.8435,-25.2962,-13.2621,-29.5417,-24.0889,-15.479,-4.32562,-7.55395,-4.17371,-10.6552,-21.085,153.72,-831.064,-663.68,64680,18760,37240
-39.4999,-17.1704,-1.02824,-31.9812,-45.1097,-33.4302,-18.7531,-10.847,-31.0046,-42.1494,-16.3713,-8.08045,-6.13317,2.37061,-4.79117,-21.4073,144.936,-837.408,-658.8,68600,20860,37940
-27.9688,-8.44364,2.33832,-19.936,-56.116,-31.6424,-16.2698,-0.397995,-16.5187,-57.2221,-24.3423,-4.23436,-1.31303,3.37906,-1.83752,-15.2935,139.568,-841.312,-659.776,71680,22120,37940
4.32952,12.9873,20.8444,-3.1428,-39.1264,-12.9941,-3.45568,15.6269,2.6877,-38.5672,13.8911,13.8795,21.6838,13.6877,3.56966,2.15892,130.296,-863.76,-646.6,73780,23380,37800
5.28037,3.59344,20.9941,-5.74224,-25.8143,-1.4225,5.45276,23.5962,-8.62178,-33.9736,46.0625,11.0771,30.3575,2.8049,-1.88108,7.88481,123.464,-873.032,-634.888,74900,24220,36260
-2.82545,-7.33663,13.6289,-1.2127,-7.90858,13.9317,15.2566,27.0834,-21.3176,-39.9307,49.0331,3.2545,22.6162,-9.66629,6.82282,10.7633,115.168,-890.112,-620.736,75740,23800,34720
4.8437,6.79377,14.2731,22.6636,17.0296,30.14,28.5651,23.4898,-8.07196,-28.4517,48.8922,6.87546,21.4989,1.32257,25.8293,18.6036,105.896,-902.8,-600.24,75600,21840,32480
21.1926,24.8916,13.8006,38.3632,31.0144,36.9327,33.0845,19.7519,15.6053,-4.55477,43.0978,12.9497,23.9611,13.9097,36.1678,24.1671,106.384,-924.76,-585.6,75320,18900,30660
29.2194,32.6,15.2031,48.9353,48.5771,46.0319,39.6573,21.1049,28.6662,21.1894,34.9424,14.6886,19.7287,22.3494,41.9209,37.2265,103.944,-940.864,-571.448,76160,14280,27720
25.6976,30.8198,10.8679,43.7285,51.0437,45.8606,25.2422,14.5106,38.3753,29.8757,12.6145,7.11584,14.1427,10.7536,26.0899,31.6916,110.288,-944.768,-568.032,76160,9940,24920
37.1816,32.4125,12.0976,42.8909,49.2771,33.0622,19.4942,11.608,40.2066,47.4591,-8.17201,7.13559,15.8176,3.79332,21.9037,23.7585,106.872,-942.328,-563.152,76160,6020,22400
33.9252,19.4485,7.02628,29.0206,33.0019,20.0562,13.419,7.86221,21.6587,47.0739,-22.1499,-3.33033,7.26571,-1.94692,12.1919,14.5885,107.36,-942.816,-553.88,74200,1820,19460
26.2694,1.49006,4.44475,8.55384,13.8669,17.1649,10.2231,11.4543,9.77682,38.2411,-33.6747,-17.4197,3.08545,-11.6808,8.93279,11.4715,110.288,-941.352,-548.512,72100,-980,17220
19.4294,1.83509,8.02524,-0.147043,7.71162,19.1252,7.38559,20.2556,14.4564,29.0712,-38.113,-25.268,7.0854,-22.9763,6.10059,13.4343,118.096,-935.496,-543.632,68880,-4620,14560
8.06467,-0.348569,10.0838,-10.9513,8.16113,19.5786,-2.8513,20.6851,7.22348,22.1018,-38.9777,-27.4589,7.07399,-33.8631,-6.18448,5.76364,120.536,-923.784,-538.752,64960,-7980,12460
5.94581,-0.0462377,7.2142,-24.2288,3.13967,14.1646,-13.1159,13.1389,11.5705,20.1625,-34.555,-19.6564,2.87674,-41.2533,-22.501,-7.78056,128.832,-919.88,-533.384,61740,-10920,11200
-2.1025,-8.78642,1.25578,-45.0416,-18.3836,1.40598,-27.4412,0.81123,7.00641,17.3521,-26.7099,-7.29477,-4.79895,-46.1161,-38.9267,-28.2127,133.224,-915,-525.088,56000,-13020,9660
-10.0381,-13.0798,-8.64775,-43.8609,-35.7635,-12.708,-24.5476,-5.16982,4.43507,10.2572,-22.9671,6.0171,-11.4841,-49.4874,-18.8815,-34.7878,131.76,-909.632,-509.96,52780,-14560,8540
-16.957,-16.8655,-22.7437,-39.9089,-39.3205,-17.3224,-23.6056,-9.13834,-4.73356,0.731886,-14.0956,12.2907,-23.4066,-50.7274,-13.1623,-33.9974,131.272,-909.144,-478.728,48300,-16100,7700
-21.7539,-23.7703,-27.5036,-38.7183,-30.4707,-14.4156,-21.8308,-1.26196,-19.6753,-5.49959,-0.162143,15.1918,-33.1686,-42.6204,-17.948,-20.0616,121.512,-895.968,-456.28,43820,-21140,7000
-27.861,-18.2515,-24.9376,-22.3649,-11.4749,-15.7404,-6.45958,2.91258,-21.8409,-21.5543,12.3341,14.9132,-43.2977,-13.3443,-9.38398,-0.317124,112.24,-913.048,-410.896,39900,-24220,6720
-14.4474,-1.24671,-13.6971,11.365,15.7818,-18.3183,18.3174,-4.66353,-8.77052,-24.7988,20.4653,18.2293,-50.2254,41.3862,16.2271,15.0052,110.288,-907.68,-413.824,33460,-30800,6580
-10.0678,0.911423,-9.85509,19.2247,10.754,-29.144,18.761,-17.1598,-1.53406,-33.6668,17.853,7.36726,-57.3523,75.4613,18.2342,14.5068,111.264,-877.912,-431.392,32060,-38360,6720
-9.93318,-12.5302,-7.13301,3.55828,-12.9279,-42.7722,-2.05899,-38.5819,-15.1805,-33.3366,31.0973,-7.13765,-52.3714,79.8703,-3.1292,-5.34412,105.408,-859.856,-423.584,30100,-45920,6580
-1.72346,-2.38622,-4.13259,11.0783,-10.3472,-42.2208,-2.84789,-46.4559,-11.472,-26.0012,32.1133,-5.1423,-30.017,80.3078,-1.70013,-8.6811,101.504,-844.728,-419.68,28140,-51660,6020
-8.79061,-4.09671,-12.6494,12.9939,-5.76574,-36.128,3.62928,-43.3823,-17.6822,-27.4009,15.0272,-8.91172,-5.40633,75.2596,1.16599,-1.92282,102.48,-834.968,-431.88,27020,-54880,5880
-3.02111,-2.0238,-16.9288,10.4273,-5.5245,-28.5453,-0.853148,-40.6888,-13.5173,-16.2391,7.24386,-6.49969,22.1081,65.6593,-5.67701,-1.50976,105.896,-825.208,-449.936,26180,-56980,5880
-2.65664,-1.65393,-18.8007,4.72377,-6.66739,-22.4084,-5.15074,-37.1808,-12.5091,-4.87313,-1.81278,-4.98665,40.9186,49.8714,-14.0268,-6.92537,104.92,-807.64,-467.016,25200,-56980,5740
-7.85855,-4.73217,-22.2317,3.70724,-8.51939,-23.3508,-6.24941,-33.025,-18.2078,-0.047174,-9.76475,-8.97506,47.6264,28.0792,-15.1384,-14.8334,97.112,-797.392,-486.536,25060,-56280,5460
-24.0369,-15.1601,-27.0773,0.53855,-12.2826,-24.2608,-12.046,-24.2066,-37.3194,-8.4813,-21.7214,-19.3601,48.8982,5.07993,-16.5296,-19.0451,97.112,-793,-496.784,23240,-54320,5320
-12.243,-6.43027,-14.9004,6.33166,-4.46898,-14.2446,-10.507,-9.8072,-24.0105,-0.0974068,-17.9004,-13.7807,51.5321,-4.94678,-9.48965,-12.0393,98.088,-785.68,-501.664,22260,-53480,5460
-8.75792,0.396605,-0.0537877,13.2509,4.09613,-1.94377,-8.27858,3.96869,-15.9628,-0.769343,-17.0546,-6.13756,54.4912,-15.6816,-2.01285,-5.47513,97.6,-782.752,-504.592,20720,-52920,5460
-12.0821,-10.8295,11.5962,7.18591,6.91787,14.2086,-9.39611,14.0541,-18.8545,-5.49859,-11.1935,-8.4073,51.5098,-29.3638,-2.43212,-0.519251,97.6,-786.168,-515.816,20160,-53620,5320
-0.323181,-11.1002,21.8471,-2.5941,2.21224,26.5196,-22.9541,11.3925,2.55053,-3.15541,0.209464,-11.6567,39.7885,-43.5101,-16.2859,-8.05108,95.648,-790.56,-519.232,20160,-54880,5460
4.93354,-11.2267,28.7372,-11.4711,2.83921,32.6047,-25.9035,10.8215,8.89894,-4.11087,3.53418,-13.4692,24.7762,-54.0192,-19.3447,-12.3496,96.136,-793.488,-528.992,20300,-56700,5880
11.1016,0.4823,34.1752,-0.757193,20.9721,43.7571,-2.72933,25.2767,16.1469,0.747323,4.7047,-1.89556,14.6471,-53.5266,5.91621,3.26838,96.136,-791.536,-526.552,20860,-57820,6440
18.8667,11.2959,34.8187,3.63948,33.0439,53.4409,6.79661,33.375,21.8269,13.3475,8.30896,10.3107,7.26737,-58.7407,12.6976,11.0203,96.624,-793.488,-530.456,21140,-59920,7000
23.1983,19.7391,34.0449,0.391371,36.3506,59.1187,8.20934,41.0821,28.3783,23.9024,11.8419,22.5367,3.15744,-67.2684,9.38049,12.9619,101.992,-781.776,-528.016,20580,-61040,7000
11.9422,13.8053,24.8852,-8.53064,19.7023,39.9575,10.4884,42.3039,17.0449,23.2494,10.0086,26.2598,-11.492,-64.8487,6.2051,11.9142,102.968,-793.976,-518.744,18760,-62300,7000
1.71114,6.85571,16.1048,-15.6716,-2.45479,15.8407,14.8554,38.0044,9.53365,16.846,8.41731,25.4202,-37.202,-53.1394,7.65431,13.922,95.648,-792.512,-518.744,16940,-64260,6300
8.51679,14.718,8.326,-11.4308,-16.9778,6.54109,15.6478,30.6698,23.225,20.5897,15.6972,28.4539,-55.3816,-38.738,15.3322,14.6509,105.408,-792.512,-507.52,14140,-66780,6020
14.907,22.2245,-1.95277,3.73781,-14.2264,4.71456,21.328,26.1135,23.8459,24.1308,27.3157,26.9944,-67.9149,-18.1021,27.3474,18.2451,113.704,-804.224,-509.472,11340,-69720,5040
26.5975,31.1843,-5.18738,19.0982,2.83869,12.6094,33.0989,28.0136,26.3907,26.7268,37.4009,29.8692,-66.5281,8.04404,36.9999,27.9953,117.608,-817.4,-507.032,9380,-71400,4060
32.3815,35.4033,-3.56697,24.7859,15.0077,17.8114,38.6262,23.9996,33.7171,20.8338,41.3428,29.0385,-58.8609,33.1114,36.8958,34.7447,122,-823.744,-504.104,7840,-73500,3500
16.611,27.1474,0.959566,20.4761,8.3881,10.4606,33.2095,17.3369,30.4577,2.93336,26.2019,14.1488,-42.5985,44.5437,32.7192,30.2364,123.952,-802.76,-539.728,8820,-77000,2800
14.0385,20.0539,13.45,19.0791,1.72621,0.453232,30.1206,16.2747,27.2574,9.34096,3.8713,1.06439,-18.4043,59.0926,27.1381,27.2097,118.584,-835.944,-509.472,9800,-79100,2800
5.77189,6.11222,13.8103,12.1492,-8.382,-10.0571,19.4992,9.45106,21.401,7.67247,-18.5968,-17.4395,0.660789,53.5294,15.256,17.7637,122,-843.752,-509.472,10640,-83580,2800
1.88779,-9.15558,8.20359,0.205111,-18.1305,-19.2638,-4.6664,-10.2574,10.8936,7.12719,-23.0622,-30.0227,15.4899,34.2607,-8.00516,-3.91359,124.928,-834.968,-514.84,10640,-82740,1960
3.12699,-8.18364,4.84263,9.1611,-6.00034,-22.0859,-5.46566,-15.2717,2.8933,6.31647,-24.8423,-29.4884,24.2045,40.9975,-11.8833,-5.72869,129.808,-831.552,-517.768,11480,-83860,1260
-2.8572,-9.14847,-4.76591,13.6897,3.93893,-26.9038,-0.508788,-14.3165,-11.832,-5.08617,-31.5567,-32.5336,27.9023,52.2694,-7.91857,-2.39317,131.272,-838.384,-526.552,11200,-84420,280
-12.5635,-17.6251,-19.98,0.602135,4.63062,-33.0795,-17.0027,-26.8472,-26.9099,-18.4179,-40.5066,-39.755,23.7715,48.281,-25.0984,-15.3819,128.832,-836.92,-537.288,11900,-85400,-420
-20.3151,-22.6929,-28.5299,-13.0646,1.64305,-34.3214,-29.0373,-36.8837,-34.4075,-27.3208,-45.4089,-39.4797,24.9169,42.4642,-36.2436,-24.537,135.176,-833.992,-549.488,12880,-84840,-1120
-32.555,-37.9704,-30.7076,-33.7889,-15.2606,-37.8437,-42.8403,-46.9942,-48.0698,-35.3906,-46.6788,-38.3036,29.0741,22.8814,-47.7696,-37.5617,133.224,-831.552,-554.368,12880,-84420,-1540
-38.3723,-45.2838,-27.6221,-48.2897,-34.3904,-37.0439,-52.8365,-55.5463,-44.5246,-36.0573,-41.3242,-27.8122,30.7219,-7.71475,-50.1831,-48.0897,133.712,-831.552,-568.032,12740,-83300,-1820
-38.9489,-37.6841,-19.6892,-41.2761,-41.7932,-30.8613,-43.3392,-53.8159,-31.689,-30.4239,-31.0971,-12.1299,25.9497,-26.0153,-31.3284,-42.5446,134.688,-831.552,-569.008,12040,-81200,-1820
-31.3182,-21.4559,-13.4271,-27.1698,-34.6931,-23.1053,-30.5532,-43.7219,-15.8341,-19.7636,-21.363,3.41738,16.1757,-35.6856,-20.7684,-33.4314,125.904,-839.848,-575.352,11340,-79520,-1960
-30.2924,-16.8339,-19.8614,-17.7842,-20.7746,-13.3846,-20.2514,-30.1721,-18.9878,-13.7865,-15.578,11.4856,3.78504,-39.3224,-12.618,-27.2289,122.976,-831.064,-580.232,10780,-77000,-1820
-22.8229,-13.2685,-26.3241,-10.8451,-5.74147,-5.79929,-12.4472,-21.9247,-21.8008,-5.18906,-4.12211,18.2112,-8.16286,-38.7226,-3.64271,-23.6337,124.928,-837.408,-579.256,9660,-75320,-1260
-5.41746,0.496984,-20.9708,1.99206,15.7113,7.51037,-0.333891,-12.0042,-13.5046,7.8498,13.1294,28.1361,-13.7038,-24.0788,10.1891,-11.9669,122.488,-835.456,-582.184,7000,-71960,-840
2.42656,5.51848,-14.2848,7.53543,25.4256,20.8211,8.5173,1.46624,-10.1097,9.95786,18.6457,26.8719,-17.0531,-14.4579,16.6505,1.5179,133.712,-840.824,-581.208,5180,-68880,-420
12.1449,10.1912,-2.30254,8.01374,22.8793,26.8437,11.0585,9.64333,-2.70446,16.8772,24.1213,24.1747,-13.9597,-12.9658,14.0122,7.73968,132.736,-842.776,-575.84,3920,-67200,-140
22.146,19.4354,10.2649,18.7395,27.0128,30.2338,18.7642,18.6476,8.96581,20.7388,31.2938,24.8916,-7.94975,-4.20937,18.1048,17.3121,133.712,-840.824,-580.72,2100,-64120,0
29.9255,25.9408,14.7856,26.0023,33.1931,32.1065,20.5152,28.8044,20.5452,16.7223,41.3009,22.282,-1.69736,2.78712,14.7698,23.6235,137.616,-840.336,-578.28,980,-62160,420
34.4537,33.2294,14.694,33.2331,36.998,27.6581,27.1578,32.9987,29.9088,12.1364,50.9411,21.841,5.11311,8.00499,24.5384,26.3012,138.104,-835.456,-585.6,280,-59640,700
31.7848,32.4905,16.039,34.2678,30.2717,19.9372,34.1474,31.5494,27.0484,7.01466,51.4205,19.3145,10.5149,7.99068,33.25,29.2421,139.568,-837.408,-584.624,0,-57960,1400
18.2826,18.5344,18.3478,16.0112,9.73201,10.4622,21.2409,24.8314,13.5025,-3.7514,44.5386,9.15027,7.5805,5.20409,16.7048,21.8505,133.224,-835.456,-582.672,-980,-54460,2800
7.83969,2.9741,19.348,-2.70086,-10.6337,0.976115,10.3867,17.9875,0.533682,-11.0279,41.8857,4.13277,2.29379,1.93115,3.47986,15.9771,139.568,-837.408,-582.672,-1820,-51380,3920
2.45996,0.570212,18.429,-1.6926,-17.1227,-1.57325,10.1305,19.972,1.51801,-19.1943,36.6046,3.55223,2.39272,-3.08349,10.1053,17.8464,138.592,-840.336,-578.768,-2940,-48580,4620
0.657225,-0.478406,17.3648,2.79557,-9.56376,8.58261,14.7194,29.3909,0.353119,-17.9642,30.5475,5.05986,4.92217,-10.4631,18.1946,24.1786,132.248,-853.024,-569.496,-4480,-45500,5460
8.17327,-0.301565,14.3965,-3.87844,-8.90687,11.9318,-0.768803,23.2495,11.8173,-6.65407,21.5447,2.46566,9.4538,-20.2434,-1.61328,12.0599,130.784,-860.344,-566.568,-5320,-44380,6160
15.0906,5.3623,17.4989,-1.1495,-5.2051,7.25313,-2.31783,16.6211,21.8605,2.62829,2.21334,2.78071,12.1328,-16.4124,-10.9051,6.3398,127.368,-865.224,-563.64,-6440,-42840,6860
5.97669,-2.07718,14.2494,-3.30655,-8.21482,-0.23059,-3.91577,8.67372,11.6075,-0.47501,-21.0808,-10.7178,5.27977,-14.8816,-16.1191,-0.596698,121.512,-872.056,-563.152,-7140,-41860,7140
10.8251,6.64604,17.057,4.14825,-5.96364,2.3981,-4.41724,10.1268,21.2896,6.08313,-34.0383,-14.5518,2.04676,-13.0213,-11.2705,-2.94937,115.656,-864.248,-551.44,-7420,-42140,7420
-0.358713,2.29168,13.3653,2.33598,-3.68565,10.2283,0.989012,19.1623,16.0077,0.129352,-46.8706,-21.8821,-2.70983,-14.8708,-7.69583,2.10766,122.488,-865.224,-566.08,-7560,-45640,7280
-8.05812,-2.33626,4.28138,-3.44428,2.36005,12.9692,-0.549344,19.2126,17.5794,-2.21895,-53.8176,-29.3103,-13.1719,-14.1975,-12.478,0.310857,116.144,-861.808,-558.272,-7420,-43960,6580
-7.0758,1.71624,5.22025,8.17558,16.6447,12.6655,9.30894,17.7679,11.6896,15.9672,-48.1779,-19.1489,-13.4218,-0.437761,3.71846,3.21676,114.68,-859.856,-554.856,-6300,-42840,6020
-11.7552,-5.22552,5.15752,5.33863,11.399,0.88491,3.30764,2.61997,-4.16891,27.028,-37.2151,-14.0385,-12.2415,11.8169,4.31445,-4.58485,112.24,-862.296,-552.416,-5180,-43540,5460
-17.832,-23.0656,-0.320858,-22.2912,-14.8744,-13.9082,-17.1995,-14.1746,-16.7262,27.1474,-34.8612,-18.9591,-14.9827,17.3712,-18.2018,-17.1349,113.216,-861.808,-553.392,-4340,-44660,5040
-27.3282,-28.4178,-14.408,-33.995,-34.0281,-28.17,-29.64,-28.8286,-16.3223,11.4198,-41.8744,-28.0767,-26.6298,19.0642,-25.6538,-25.1861,114.68,-855.952,-551.928,-2800,-45220,4340
-29.3134,-23.7893,-22.8132,-26.403,-33.4732,-36.8242,-29.6528,-43.6759,-23.3294,5.22923,-33.7024,-25.4924,-32.6211,21.7944,-18.0859,-27.2386,112.24,-845.216,-551.44,-1400,-45640,4060
-36.9849,-23.7817,-33.7008,-21.599,-29.8154,-39.3233,-25.1313,-43.1007,-30.8551,-10.3982,-35.0057,-24.7157,-28.9062,22.7613,-12.2087,-22.9681,111.264,-836.92,-552.904,560,-45920,3360
-27.4064,-10.7478,-35.5312,-7.98535,-13.3681,-33.6092,-13.8154,-36.1162,-19.4255,-11.1554,-29.7297,-13.9141,-16.7733,27.0062,0.233952,-13.4435,108.824,-835.456,-551.44,1540,-45080,2660
-12.8355,-1.5835,-27.391,-0.0269946,1.43123,-25.0832,-6.36989,-30.0667,-16.7662,3.05527,-7.60793,-0.195595,2.55238,25.7298,6.24971,-8.91889,108.336,-826.672,-546.072,2520,-44660,2660
3.01699,4.01062,-23.5865,0.998803,5.81585,-15.4273,-3.50554,-24.1157,-8.6217,7.99766,18.016,9.99015,13.3609,22.3777,6.74738,-6.3463,106.872,-826.184,-547.048,4480,-44380,2240
9.34336,6.05942,-23.9438,-0.723497,2.90798,-12.496,-3.07499,-26.1018,-5.36274,6.16309,31.3476,15.8158,17.5023,14.0872,5.37026,-4.89557,104.92,-816.912,-544.608,5180,-44520,1960
8.61324,8.25772,-15.468,8.10573,5.17513,-9.25624,2.5775,-22.8941,-3.49999,2.44192,32.1159,22.2503,19.779,0.161766,11.0404,1.35993,103.456,-813.008,-549.488,6580,-44240,1540
12.1645,8.77619,-3.81858,15.9041,12.0646,-1.7727,12.5511,-15.2698,-5.15085,4.59775,36.4018,27.5452,18.8602,-7.89397,19.3915,8.04843,100.04,-811.056,-550.952,7420,-43540,1120
20.9822,11.7538,4.92599,14.3114,14.0025,6.34095,11.7261,-5.51341,0.78912,5.10253,37.414,31.3595,19.953,-14.1901,11.6532,10.1943,98.088,-808.128,-552.416,7700,-42840,1260
26.7373,14.1205,9.43757,11.0731,14.5607,14.464,8.76647,2.60714,3.79473,-0.387178,36.2864,30.9137,14.7112,-15.8186,5.41046,8.71153,99.064,-809.104,-559.248,7840,-40880,980
16.353,1.86135,7.14703,2.62259,8.96545,17.647,7.20527,8.03621,-10.4827,-16.054,29.3361,20.4336,3.60899,-16.7065,0.287021,4.40153,96.136,-812.52,-561.688,7700,-39200,980
18.3958,5.54034,12.2687,4.1323,8.07232,20.0243,11.8155,17.5522,0.266943,-19.4258,25.3861,19.4137,-0.67691,-13.6692,4.34914,5.45258,95.16,-817.888,-556.32,7840,-37660,1120
16.6392,12.9678,18.2974,9.37524,11.9463,22.5578,19.735,28.8679,7.48634,-20.6156,18.978,12.9802,-5.4956,-6.5379,9.79969,11.1794,89.792,-820.328,-557.296,8680,-38080,1400
17.2441,12.5183,27.0009,6.23767,10.4235,26.031,10.7249,30.8152,11.7951,-18.3376,20.6266,8.19333,0.72253,-4.89997,-3.57327,6.37324,90.768,-821.792,-558.76,9660,-38780,1680
21.0283,21.2646,33.7525,18.9963,19.1793,30.7082,18.4992,36.1859,24.1712,-9.7042,26.3479,15.1518,11.405,-1.43204,8.87384,12.8105,90.768,-823.744,-562.176,9940,-39060,1680
8.01916,11.3804,25.8664,13.7705,14.8164,30.7965,18.4164,36.9715,12.6815,-10.0461,22.8574,6.57876,15.4856,-4.49907,9.88782,14.308,85.888,-830.576,-562.176,10220,-39200,1680
-3.33901,-3.72555,13.218,-9.8714,-2.0639,23.5526,-1.40953,27.9677,6.75642,-13.074,13.0805,-11.9686,14.0802,-13.0658,-12.9436,1.31864,87.84,-833.016,-565.592,10640,-39760,1960
-1.15404,5.48719,9.61382,-6.78088,-0.0412829,22.4879,-2.25551,24.2285,18.8274,-10.2089,2.10271,-11.8392,13.6957,-8.21538,-13.6361,3.48781,87.84,-835.456,-558.76,9660,-39760,1820
-5.48705,10.7451,7.26733,2.19976,7.59317,20.42,0.419297,18.4683,9.13777,-9.40721,-8.72866,-5.57008,13.7966,-3.04058,-3.67191,6.96094,89.304,-836.432,-562.664,10220,-40040,1820
-18.4039,-9.39975,-4.19854,-8.5376,-0.838783,8.18687,-9.40026,2.61414,-16.3532,-14.0828,-20.7466,-16.931,-2.87678,-11.1686,-7.04483,-3.59501,85.4,-842.776,-563.64,10780,-40740,2520
-22.6348,-22.0361,-10.7382,-18.7045,-5.69172,-0.253647,-14.865,-7.42742,-17.0273,-8.34945,-29.3586,-26.2012,-17.0006,-10.9585,-8.76437,-7.85171,89.304,-841.312,-561.2,11060,-41160,2660
-16.1819,-15.6093,-10.7408,-9.37709,-3.60623,-11.8427,-8.71969,-10.2537,-0.104753,6.65675,-33.3103,-24.2048,-22.677,2.44127,1.70595,-4.31645,92.72,-831.552,-567.056,12460,-42700,3360
-9.18187,-8.95694,-8.15345,-2.4228,-13.1491,-29.6843,-2.07472,-11.4859,9.1707,15.2244,-35.7775,-21.2025,-24.8521,20.8867,3.57878,-0.887392,95.16,-839.36,-563.152,13160,-43540,4200
-9.10577,-10.6528,-5.51409,1.30607,-20.8946,-42.027,-1.86133,-13.2903,2.99859,12.177,-37.2878,-15.2804,-24.747,25.1133,2.21211,-0.32651,84.912,-833.992,-544.12,14000,-43960,4620
0.446934,-3.12065,-8.38795,11.615,-13.0316,-39.1229,-3.8544,-17.9961,5.98639,14.2562,-25.0859,-1.56876,-25.3362,21.7787,4.96864,-4.41968,89.792,-838.384,-553.88,15400,-45780,5600
7.96703,0.571153,-8.83437,15.1593,3.62577,-24.9747,-3.2505,-15.9718,7.79451,20.1036,-8.06434,10.1584,-16.3263,15.982,4.81315,-3.91936,95.648,-842.288,-557.784,16660,-45500,5880
11.2677,3.85856,-4.36391,17.7566,22.0647,-2.74689,7.38606,-3.09819,12.96,23.9059,1.98728,17.6595,-1.87652,9.37923,12.774,4.72138,91.256,-838.872,-555.832,18060,-44800,6160
4.91487,3.34667,-1.28922,16.4821,26.5179,12.2125,13.4991,5.58847,6.45561,26.7844,1.75611,17.7765,9.14352,6.86992,14.6839,13.2575,93.208,-835.944,-554.856,18620,-44800,6580
3.63226,2.02752,-3.57352,7.2976,5.49419,-0.556312,-1.06648,-11.3411,3.94836,30.4859,0.00168396,7.99276,14.3488,1.11018,2.00458,-0.0398391,88.816,-835.944,-557.784,19180,-44660,6720
1.49105,3.64405,-6.21943,0.978552,-6.71302,-9.10845,-3.32809,-20.8262,1.56336,26.6749,-6.50034,-1.46706,15.7715,10.3889,-4.07123,-1.55897,87.352,-833.016,-559.248,18760,-43820,6860
-4.91058,-0.4304,-6.06492,-1.03661,-6.36404,-7.14387,-2.35186,-19.5064,-11.4096,18.0264,-11.2023,-7.90841,23.2983,12.5235,-5.87096,-0.12752,87.352,-833.016,-556.32,18200,-43120,6720
-13.6993,-7.12152,-6.68519,-10.1931,-10.6418,-3.41286,-8.05991,-15.1981,-21.8486,4.58435,-11.2833,-11.845,29.2997,-2.1206,-14.1984,-6.59718,86.376,-832.04,-554.856,17640,-42420,6440
-6.62122,-2.45483,-2.10776,-9.87932,-7.9908,0.598634,-9.43627,-7.87304,-11.4135,2.52132,-1.53843,-6.25965,24.9642,-8.61249,-15.0102,-9.3384,85.4,-833.504,-552.904,16940,-41440,6300
4.17788,8.9038,10.2527,0.329246,3.1492,6.90411,-1.39903,5.69393,3.33888,3.06482,10.562,6.11757,25.8556,-9.51273,-2.22057,-3.29117,82.96,-833.992,-555.344,17220,-41160,6160
-3.93254,-3.66622,17.5839,-4.36522,5.81645,12.1459,2.52782,15.0471,-5.74286,-6.02119,18.2733,3.32969,19.8823,-8.10432,-0.439361,4.34441,78.08,-836.432,-556.32,17220,-40740,5880
-2.20639,-7.4489,8.37421,-13.5457,-7.62194,3.07808,-5.31886,7.30639,7.72985,-8.82316,23.875,-4.15511,10.3246,-20.0402,-1.36645,-4.54093,76.616,-835.944,-554.856,17080,-40040,5880
-4.44784,-2.60723,-0.787446,-13.7714,-12.9524,0.0106983,-3.78474,4.76444,6.29615,-10.3166,20.8677,-1.52224,3.1254,-21.9902,4.68576,-3.97443,74.176,-833.016,-552.904,17500,-39340,5460
-6.85974,-2.99127,-2.55623,-13.0024,-13.0601,1.65277,0.105822,6.33854,-5.40458,-10.6696,15.1274,-2.52877,-4.63435,-11.9157,8.48781,-2.20831,72.712,-837.408,-560.224,17780,-38640,5040
-5.08323,-1.05223,-2.83211,-6.22667,-11.7907,0.652657,2.61356,6.7402,-7.30458,-12.9357,4.81653,-2.45711,-5.47941,-3.66874,9.00997,0.192092,69.784,-833.504,-562.664,18060,-37380,4900
-3.99667,0.0515034,-5.44479,-8.59793,-19.9376,-4.25447,-6.8214,-0.516997,-7.00045,-16.1401,-6.48048,-1.87251,-4.4925,-13.9963,-2.70804,-6.54262,65.88,-831.552,-560.712,18200,-35980,4620
-4.27087,-0.0993946,-3.8807,-17.0731,-26.1747,-8.19587,-19.8803,-9.03071,-10.0299,-20.504,-16.163,0.927709,-9.35293,-25.929,-23.5891,-17.3329,65.392,-830.088,-560.712,18340,-35420,4200
-8.52282,-10.2606,2.07399,-29.3464,-29.5016,-6.14112,-27.3289,-8.21728,-21.2108,-22.0998,-17.4732,2.83198,-9.15601,-28.1249,-37.7341,-19.5206,65.392,-830.576,-557.784,18200,-35000,4060
-13.3294,-19.1549,-1.52613,-32.677,-35.8633,-5.40976,-24.7501,-8.74428,-21.9434,-24.7053,-9.29252,-1.74697,-10.025,-33.6523,-25.6106,-20.2201,64.416,-832.528,-560.712,18200,-35140,3780
-15.4868,-18.4019,-6.91652,-28.2672,-33.2531,-3.15386,-15.7989,-1.22257,-17.8633,-26.6022,-0.340244,-5.8131,-18.6133,-31.1422,-16.3804,-13.3485,72.224,-833.016,-559.248,18340,-35280,3640
-14.0528,-18.8145,-14.9983,-38.6992,-32.8531,-2.6451,-16.3661,5.69635,-10.2994,-26.0305,2.38405,-13.9017,-34.3605,-34.2112,-25.3792,-11.7196,72.224,-837.408,-558.272,19180,-35980,3500
-12.7979,-15.8254,-22.1174,-25.5055,-18.1483,-2.45156,-3.66406,10.5513,-12.9357,-26.9465,0.454747,-14.2204,-52.9414,-29.347,-5.93639,-3.99783,69.784,-839.848,-559.248,19600,-36400,3640
-0.95006,-0.980333,-20.3657,0.230654,5.33586,-0.653599,8.20981,7.05965,-4.6979,-20.3074,7.54917,-1.92937,-59.744,-13.4753,12.8316,-0.0680707,70.76,-841.312,-559.248,20720,-36400,3500
9.60713,7.92721,-12.9081,16.0883,19.8598,0.507791,16.0622,4.00751,1.71876,-11.9292,16.703,7.92981,-51.0557,-0.712591,19.8374,4.6603,71.736,-837.408,-559.736,21560,-36540,3640
10.017,5.26909,-6.85814,13.1157,18.8324,2.03642,17.7745,9.90709,0.475604,-9.76667,15.9025,7.6964,-39.7218,3.1908,16.3924,8.36927,75.152,-836.432,-552.416,22260,-36820,3500
22.4071,16.1872,-2.95554,25.2265,30.1284,6.09366,26.3274,9.11806,14.9773,-3.86551,22.2254,11.9278,-45.9833,20.064,21.732,15.2135,76.128,-833.992,-553.392,22120,-37100,3360
20.6293,15.8689,-6.56784,28.6497,31.4529,4.87564,27.0684,6.48743,12.2769,-10.061,22.3177,9.23252,-44.4428,26.1201,20.126,16.583,76.128,-833.016,-546.56,22400,-37520,3220
25.161,19.7386,-5.59395,31.7579,36.5291,5.92328,23.3702,1.98764,20.7247,-7.26866,26.837,9.82463,-36.2064,35.7532,14.7466,15.7915,74.664,-836.92,-543.632,21840,-38500,3360
29.0572,29.3025,3.71891,41.0983,48.614,14.3852,26.9946,6.02839,32.505,-2.66559,32.3573,16.5945,-23.4621,50.2979,15.8864,24.6268,78.08,-839.848,-545.096,21420,-40040,3220
24.5194,31.144,7.83698,44.6262,55.9995,20.2,28.3928,7.40495,33.0729,-0.858151,26.6997,15.4627,-14.049,67.2883,17.3065,27.2471,73.688,-838.872,-545.584,22260,-40460,3640
26.8514,36.9245,14.008,66.0974,77.2542,24.1403,42.3551,7.93378,30.2327,15.3714,22.0668,18.3563,-5.32116,94.2905,41.0467,38.2295,76.128,-842.776,-543.632,22680,-41300,3640
30.6217,37.2401,18.8488,79.3231,87.2576,22.6279,38.2311,-2.28843,27.2479,25.1293,17.9882,18.7537,16.4655,108.602,40.2297,35.1636,70.76,-843.752,-542.168,22820,-42140,3920
40.8716,35.7172,30.522,68.2575,81.5283,17.9144,24.6172,-10.8298,37.0741,37.5285,10.3349,19.85,51.5329,103.329,24.9272,25.6482,70.76,-841.312,-544.608,23380,-42980,3780
37.6017,34.7948,44.349,74.9868,89.9967,21.9078,33.0242,-5.04386,40.9039,44.3993,-7.79967,18.4141,78.0455,118.687,35.5265,33.3463,63.928,-841.312,-543.632,23520,-44660,3640
26.2668,29.7453,50.668,80.4968,90.6176,22.2806,38.1599,-0.648461,34.2414,47.294,-26.4003,9.95263,108.444,118.27,46.1253,35.6453,62.952,-840.824,-539.24,24080,-46620,3920
31.2073,38.5357,54.3345,76.7711,84.4188,20.239,27.8208,-2.17852,48.0529,64.0383,-35.9477,10.8572,141.08,111.776,34.9244,29.7311,61,-845.216,-533.872,24500,-50540,4060
19.7651,24.776,52.0268,47.0326,55.11,14.5167,5.26014,-2.54439,37.1145,70.9137,-57.003,0.952058,174.614,79.7596,6.86466,19.7947,53.192,-842.776,-525.576,24780,-55160,4620
-6.80734,-0.931285,49.7007,23.4806,8.2818,8.32005,-7.39254,4.82298,5.53169,69.6891,-83.6526,-13.445,213.307,20.9157,0.708137,10.5365,37.576,-833.992,-503.616,26040,-65100,5880
-63.2054,-59.6167,36.1391,-67.3582,-138.868,-18.7568,-61.1877,2.15216,-50.955,33.6164,-120.368,-40.0021,262.18,-152.637,-50.6585,-36.8089,-49.288,-973.072,15.128,31360,-93240,12180
-123.886,-127.448,14.5257,-230.317,-308.376,-53.7615,-131.18,4.57879,-106.67,-26.1786,-145.931,-76.5684,205.191,-346.038,-124.557,-98.1779,54.656,-817.888,-630.496,34720,-262080,20720
-109.773,-112.951,-15.259,-236.216,-276.296,-50.1382,-116.92,8.7325,-95.7322,-35.6021,-84.9244,-75.3163,10.9439,-296.084,-108.854,-92.5769,54.168,-799.832,-670.512,31500,-236460,15680
-80.5567,-86.6785,-48.0498,-178.505,-194.546,-47.2127,-89.8515,-6.17786,-79.6628,-24.6194,17.3566,-51.4385,-94.3545,-218.746,-70.9152,-76.2802,52.216,-857.904,-662.704,34020,-171920,10220
-53.5836,-61.1429,-72.9168,-129.486,-132.146,-53.7829,-69.1343,-29.0998,-53.9099,5.28928,79.4377,-16.9836,-157.454,-157.087,-46.1481,-72.574,63.928,-852.048,-614.392,35980,-112420,4060
-35.2718,-43.7222,-86.2348,-92.2625,-83.8221,-54.3487,-50.6914,-41.6199,-37.1842,40.2269,73.5995,11.3421,-222.952,-100.701,-45.8748,-63.8769,89.792,-838.384,-590.48,35280,-83160,1260
-22.4292,-31.7631,-84.1513,-47.5451,-33.8079,-39.8953,-24.8654,-40.3906,-34.0879,53.4716,42.9953,29.1522,-246.647,-45.392,-33.0452,-42.0255,105.896,-838.384,-553.88,28700,-73920,1120
-6.25291,-14.132,-77.4432,0.628731,14.5204,-20.4632,5.51335,-28.4809,-27.3957,41.3166,23.8093,40.417,-230.809,3.8346,-5.77172,-13.5206,98.576,-833.992,-558.272,25200,-69440,1960
22.1336,18.8373,-59.5967,44.9588,61.9366,-3.78028,30.465,-11.2646,0.894256,16.1102,38.3155,50.9531,-187.983,43.2106,22.6612,12.2311,88.328,-846.192,-549.488,22540,-66220,2660
42.7791,42.072,-42.9403,77.6763,103.183,8.98539,45.1813,-0.315184,19.6317,-17.3682,60.6373,41.6919,-136.269,82.9123,36.4898,28.6484,80.52,-847.656,-553.392,19180,-60340,2940
41.6308,42.4242,-26.6943,77.6354,109.196,19.5275,43.0182,9.17563,19.1987,-48.7029,61.1221,13.1568,-66.2754,89.7725,29.966,31.8057,77.592,-844.24,-547.536,18480,-53900,2520
44.5982,50.9203,-6.63645,73.4707,101.818,27.7877,42.5031,22.6991,34.3823,-59.8216,44.4611,-7.28111,-9.37407,94.0466,25.2589,37.2901,67.344,-840.824,-538.752,17500,-50120,2240
41.7419,54.1192,12.0137,68.0007,89.6168,34.4353,48.9002,33.6779,36.3742,-76.3551,17.878,-20.5254,19.2749,99.3165,30.9849,47.758,59.536,-843.264,-530.456,19180,-48160,2380
27.1603,38.7949,22.1414,55.9242,70.2981,36.1943,47.9082,39.1651,16.703,-104.677,-1.62572,-29.6607,37.3283,89.5914,39.1191,52.2152,61.976,-833.992,-532.408,21000,-48720,2380
24.1307,36.2524,31.5798,49.2382,54.4116,30.8775,41.1633,32.2504,15.3695,-131.359,-1.2639,-24.5272,48.7733,70.9029,41.3993,44.6055,55.632,-830.088,-532.408,22540,-48440,2380
35.5943,43.1644,46.0489,45.2021,40.5981,23.7305,33.2765,17.1845,31.9352,-146.837,28.1008,-2.66923,62.2609,62.8375,34.7137,31.6495,65.88,-840.824,-537.776,22400,-47740,2520
27.5655,28.3986,51.4205,25.4024,17.9503,16.4536,18.3418,7.0289,26.7785,-171.954,53.2567,10.4405,74.201,47.0016,17.1155,17.5957,62.464,-834.48,-544.608,21700,-44380,2380
20.5016,12.7945,53.6104,23.8434,22.7915,16.4134,12.197,3.05561,18.6894,-131.594,64.2035,20.5137,62.7,44.6566,10.6427,14.3724,63.928,-833.016,-572.424,19460,-40740,1960
9.30532,6.08657,49.1643,32.0744,30.1125,18.0112,15.8275,6.64974,19.2662,-35.2247,30.2525,23.6654,47.9476,36.1934,17.9093,17.2558,71.736,-828.136,-539.24,19180,-38640,2100
-3.01283,0.0641458,33.3766,25.7979,16.8,13.9698,15.2361,13.5932,23.0911,34.6567,-31.1269,14.1055,27.2438,18.0137,20.0956,15.7886,49.288,-825.696,-541.192,20160,-35000,2520
-8.87965,-10.13,19.2857,13.6897,6.24045,9.53655,12.2334,16.5536,5.12653,85.322,-61.3172,5.00509,13.3741,3.95914,19.04,11.2115,56.608,-830.088,-546.072,18900,-34440,3360
-1.66785,-5.89653,13.7489,10.3619,7.55306,12.7896,6.22673,8.65239,6.46436,113.83,-56.3303,4.01895,12.5057,-6.91204,13.601,2.25449,59.048,-829.112,-537.776,19040,-32900,4480
5.88296,4.63815,14.335,5.86929,5.08073,15.256,-0.477462,5.37295,16.3152,124.049,-49.9971,8.9231,14.9925,-10.0556,0.990618,-2.38171,53.68,-829.6,-544.608,19880,-31360,4900
-3.70242,-0.463583,6.37735,-3.82434,-8.90787,6.71991,-7.92964,-1.43775,7.31481,116.917,-50.464,2.69242,16.0526,-9.71281,-4.38564,-10.1102,57.096,-833.992,-544.12,18480,-30100,5460
-1.8618,-5.40868,-7.10018,-25.377,-32.8208,-8.02849,-23.8742,-14.2664,20.199,111.487,-48.8997,-10.3295,18.3983,-24.5479,-16.1651,-22.147,57.584,-837.896,-540.704,18480,-28560,5740
-14.5104,-16.0683,-19.5997,-31.4569,-34.8875,-14.0181,-23.6783,-20.8052,4.2489,97.14,-49.866,-22.2801,12.036,-27.4855,-15.0259,-22.4317,57.584,-838.384,-539.728,18900,-27580,5740
-16.9893,-14.1581,-20.9469,-20.9716,-27.1387,-20.1503,-19.3444,-26.4681,-0.17785,77.9047,-39.2613,-16.7404,13.9452,-23.7583,-8.53572,-19.3584,53.68,-839.36,-539.728,20160,-26040,5880
-16.821,-13.3962,-14.5997,-17.237,-25.2774,-21.7005,-17.8334,-28.9299,-7.66435,60.6342,-14.672,-5.98972,25.3122,-24.2741,-10.6938,-17.4026,51.728,-837.408,-536.8,21420,-25060,5880
-19.6396,-19.9218,-8.80683,-26.9629,-25.6096,-18.5381,-25.1501,-24.792,-20.9221,45.4096,11.6427,4.32272,33.1181,-27.4314,-32.3896,-18.2176,46.848,-835.456,-536.312,22400,-24080,5880
-3.51104,-7.22517,-2.27409,-28.2339,-23.5822,-16.654,-29.0763,-19.5754,-4.5832,36.0564,30.3676,20.1059,31.7276,-24.3187,-42.4748,-14.9757,46.36,-832.04,-541.192,22680,-22680,5600
-11.6179,-19.9752,-12.864,-36.6023,-34.4047,-22.6042,-30.0784,-23.6158,-22.17,9.7468,30.4325,13.3689,19.4104,-26.9293,-39.4417,-20.858,44.408,-835.456,-541.192,22400,-21980,5320
-21.0751,-26.5849,-19.8883,-32.3048,-35.6813,-22.7148,-17.2269,-14.0633,-32.6006,-14.2175,21.5193,2.05091,6.76838,-26.013,-17.7325,-13.8239,48.312,-839.36,-540.216,21420,-21000,4900
-18.7493,-21.4003,-16.2916,-19.2143,-27.1963,-17.1141,-6.2786,-4.5998,-25.5247,-23.3746,14.3125,-2.4871,-7.25876,-20.9993,-4.21746,-5.6823,50.264,-845.216,-542.656,21840,-20300,4760
-8.01953,-10.8536,-7.86641,-11.8977,-16.8992,-13.0831,-3.80725,-2.86907,-15.2925,-23.6135,6.52716,0.883202,-17.7981,-11.1503,-6.58449,-3.57275,47.824,-843.752,-543.632,22540,-20580,4760
0.469138,0.910125,-5.12998,1.65909,-5.20097,-8.17296,3.16019,-1.11843,-4.77934,-28.2199,3.38252,1.27968,-27.0805,-1.44267,1.04609,1.25042,53.68,-847.656,-547.048,23380,-20440,4480
-1.64147,-3.97896,-9.64886,-1.31335,-5.53554,-6.61838,-0.748904,1.0068,-10.5751,-41.1005,1.5192,-7.92677,-26.4832,-7.78312,-1.85053,-1.92453,54.656,-844.24,-546.072,23940,-20300,4480
-3.19177,-6.24028,-10.245,-0.0723529,-1.80929,-1.31745,2.13263,3.83307,-13.754,-50.4787,-0.742317,-15.1431,-25.9503,-11.0122,6.05025,-0.841658,56.608,-843.264,-542.656,24080,-19600,4340
-7.75614,-7.56602,-9.94126,-1.87517,-0.7749,1.46131,2.05865,5.10188,-16.2146,-55.4563,-5.05102,-23.8004,-26.8102,-10.9743,1.88001,0.490402,57.584,-842.288,-544.608,24220,-18760,4340
-7.07808,-4.83083,-3.85997,-1.02652,5.70685,7.69668,6.24591,15.9833,-19.1908,-52.8648,-0.350541,-23.4747,-17.1263,-4.73537,1.82833,9.90642,59.048,-843.264,-539.24,24080,-18480,4340
6.10734,8.29302,3.53668,7.06166,11.9815,12.5715,11.3655,21.1207,-6.64532,-40.0829,12.469,-10.8858,-6.39127,0.34134,9.38225,15.6499,63.44,-843.264,-537.776,23660,-18060,4060
18.3282,19.6056,7.68959,14.0244,16.4704,14.4019,11.9944,17.9095,3.86109,-24.2003,24.2437,2.70884,0.501145,4.34355,14.6902,13.7108,61,-847.168,-535.336,22960,-17920,3780
21.8841,27.7636,13.5201,27.9553,28.0814,18.8204,23.8108,22.6111,8.55673,-12.4207,25.4238,15.477,4.14546,12.8673,29.933,18.3873,61,-844.728,-530.944,22260,-17220,3920
24.7686,26.7289,15.6592,28.4312,30.9706,20.5202,24.1946,25.763,14.057,-5.36602,20.1219,17.1953,2.56201,24.8189,24.4865,18.9607,58.56,-845.216,-532.896,21560,-17360,3780
28.8289,25.407,16.5196,21.3566,24.3846,17.5697,12.5503,21.1375,25.63,-1.92275,13.2036,14.7114,5.09838,26.6339,6.10628,9.21552,54.656,-845.704,-528.992,21140,-17360,3640
23.2045,18.9001,17.9228,14.9991,18.6371,13.5249,6.36679,14.2353,23.7315,0.727111,5.28036,12.9339,8.17491,20.7284,-1.21993,0.139981,57.096,-848.144,-532.896,20300,-17360,3780
7.26743,10.8786,14.4478,12.8977,15.8832,10.0353,11.1326,11.6668,16.1534,-6.47554,-8.44215,6.84044,4.19624,16.9099,10.7527,0.0704199,53.192,-849.12,-533.872,20440,-17080,3640
-9.03583,6.20109,8.86131,9.91037,12.7818,5.21901,10.8825,9.42657,9.03667,-12.8883,-23.3939,3.23799,-2.28603,13.9339,12.8291,3.75344,54.168,-851.072,-534.36,20160,-16800,3500
-9.0288,2.94943,3.17093,2.87315,5.61554,-0.985164,2.46261,-1.3018,9.33642,1.7155,-20.1337,2.89547,-7.65301,6.42304,7.52459,-1.09874,47.824,-848.144,-532.408,19460,-16660,3640
-9.93371,-1.36678,-4.94149,-0.669824,0.811036,-3.69942,-1.43722,-7.90645,5.70638,7.65953,-19.139,0.61526,-11.4539,1.12243,5.72216,-6.55218,47.824,-847.656,-531.92,19320,-16660,3640
-10.1289,-13.7657,-9.08099,-12.4927,-6.04773,-5.14865,-11.2539,-14.9816,-3.99287,11.8525,-17.6213,-4.15674,-14.8708,-3.63431,-9.95413,-11.2476,45.872,-850.096,-531.92,18900,-16660,3500
-8.48666,-15.597,-9.35977,-19.1275,-7.23906,-4.17533,-14.6321,-17.5574,-3.09088,15.196,-13.9339,-5.71311,-17.8391,-2.06989,-16.7992,-10.906,45.872,-847.168,-533.872,18760,-16380,3500
-5.67791,-10.7248,-6.93749,-11.8594,-3.901,-1.83953,-8.90005,-15.2759,0.207404,14.028,-8.13796,-2.80217,-14.4252,0.344558,-7.53909,-5.26757,44.896,-847.168,-530.944,18200,-15680,3360
0.184026,-4.20554,-1.34207,-2.5541,-1.18844,-0.0232089,-3.00605,-14.8198,2.74981,13.5027,-0.176433,1.08862,-6.659,0.84623,-1.38539,0.390064,48.312,-848.144,-535.336,17780,-14980,3500
0.17617,-5.04103,-1.33583,-0.785614,-3.64135,-0.486913,-3.89473,-13.8744,-3.08316,9.3209,1.71737,0.568835,-2.4219,-4.01537,-4.36621,-1.04113,49.776,-844.24,-528.504,17500,-14840,3500
4.98599,-0.781126,-2.46327,1.84911,-3.6275,0.940326,-2.05264,-7.01835,3.53025,10.4137,3.81968,2.69521,0.736571,-5.38191,-2.64513,0.71399,43.432,-842.288,-527.04,16940,-14700,3640
1.04231,-0.906999,-6.70658,-0.471408,-6.55787,-2.48409,-4.29787,-4.94377,4.14877,7.10626,2.92136,-0.842748,2.44014,-7.31214,-1.38583,-0.395298,45.872,-836.92,-524.112,16240,-14980,3780
-3.1264,-4.75239,-7.97973,-3.02281,-11.434,-9.62362,-9.42047,-8.81502,-2.08249,3.45591,4.70093,-5.62691,1.62598,-10.1855,-5.36849,-5.8651,45.872,-834.968,-523.624,15680,-14840,3920
-9.53731,-13.4229,-7.65684,-11.5576,-13.2605,-9.71661,-9.20479,-3.87913,-12.8892,2.90666,10.4823,-10.2225,2.33017,-8.95955,-11.9101,-2.52595,47.824,-836.92,-521.672,15260,-14700,3920
-13.3014,-16.4911,-8.92774,-12.0408,-13.2644,-11.4349,-6.03591,-0.791368,-15.7079,2.80638,10.9545,-14.2511,2.33969,-9.26195,-5.92354,0.544083,49.288,-834.968,-523.136,14840,-14420,3920
-12.6179,-11.3172,-6.77972,-7.05052,-8.76634,-8.10172,-2.7478,2.79082,-11.6264,-0.649477,7.51972,-10.4202,8.30523,-3.05978,-5.4087,4.35619,46.848,-834.968,-520.208,14980,-14000,4060
-0.231886,2.89299,1.54792,3.9472,-1.67392,-3.68843,3.27477,6.3596,4.4941,4.40285,11.0021,2.11834,18.8855,3.94505,3.78651,5.61387,49.288,-836.432,-520.696,14840,-13580,3920
11.4525,15.5803,9.9142,13.9008,3.71113,-0.640009,10.0627,8.90182,18.2598,12.1848,13.2686,15.0073,23.1299,9.76254,14.9594,8.36789,48.8,-832.04,-521.184,14840,-12740,3920
4.18396,5.74275,3.66355,-1.62147,-6.39696,-5.52676,-1.05844,1.00732,10.4223,4.83712,2.78948,6.25407,13.2536,0.566859,2.96471,0.190205,49.288,-831.552,-523.136,14420,-11620,3640
-3.04708,-3.1211,-4.01311,-12.4884,-11.2525,-6.643,-10.0468,-5.8333,-1.66437,-5.16365,-3.25752,-2.83317,6.97945,-5.58067,-9.07309,-7.90396,45.872,-832.04,-521.672,14420,-10920,3640
-3.26061,-4.93979,0.208389,-14.0999,-8.60437,-1.28581,-9.90023,-4.67021,-8.59031,-4.87006,-0.303784,-1.67941,9.182,-3.71359,-16.4828,-7.84159,46.36,-831.064,-523.136,13860,-10080,3360
-1.79847,1.09381,4.46422,-0.423507,1.46177,1.41107,-0.366321,-1.40452,-12.5697,-1.85474,1.72392,2.77066,7.48487,0.0302175,-5.75847,-3.16476,42.944,-829.112,-521.184,13580,-9380,3080
1.55649,7.94735,4.9476,8.73514,9.13776,3.47313,5.23637,0.454873,-8.87177,-1.64671,0.714764,5.97092,3.26594,4.37528,-1.46684,1.18506,43.92,-825.696,-517.28,12880,-8820,2660
6.32839,7.20808,3.80785,4.44379,7.88884,4.69706,3.5353,-2.53549,2.22359,-0.733205,0.945005,4.34563,-2.69559,7.4387,-3.39915,0.106132,44.408,-828.624,-517.768,12180,-8260,2380
1.06855,0.537356,1.13518,5.00599,7.62597,6.69596,7.23491,-0.544225,-2.7423,-4.10734,-4.03524,2.53761,-2.98674,8.11705,3.00775,0.882652,42.456,-830.576,-517.28,12040,-8400,2100
-1.09188,1.50582,-1.44072,9.09037,6.14009,3.23077,7.09371,-1.72403,-2.94071,-7.10542,-10.1383,1.05973,-2.32496,1.59344,10.0327,-1.32448,43.92,-836.92,-522.16,11620,-7840,1820
2.63637,4.45095,1.93096,11.6972,5.86637,3.16636,5.89615,-2.87033,-1.06175,-0.732426,-4.49656,0.20451,1.30752,-0.541349,10.5586,-1.84175,46.848,-837.896,-521.184,11620,-7560,1680
-1.31661,-1.62841,1.57265,5.47976,-0.996597,2.25043,1.33549,-3.11155,-3.81994,-2.0877,-8.85014,-6.65136,-0.75659,-4.02219,1.35677,-3.17432,46.848,-837.896,-523.624,11620,-7000,1400
2.56266,0.662842,0.794046,4.15984,-1.63096,2.31185,3.2974,3.28777,3.62989,-1.77538,-11.189,-5.59198,-5.68376,-3.36776,1.01658,3.43839,45.384,-838.872,-523.624,12040,-6580,1400
-1.40745,-5.70931,-2.32754,-5.37404,-6.43867,-1.4038,-2.8611,4.79064,0.29735,-6.11635,-11.8747,-8.26831,-11.1056,-9.36111,-6.73527,0.460106,48.8,-840.336,-528.504,11900,-6440,1540
-4.45132,-6.9917,-5.23095,-5.12778,-5.50835,-1.68035,-3.15098,4.878,-2.48072,-5.85057,-12.407,-8.69612,-14.5453,-13.0317,-4.45687,-2.13842,48.312,-842.776,-529.48,12600,-6440,1820
3.37767,3.80887,1.55492,5.68567,7.56322,3.31615,6.14607,9.14768,4.4767,2.42346,-6.11054,-0.883314,-11.6703,-3.2551,6.9193,3.6057,49.288,-842.776,-528.504,13160,-7140,1820
14.1935,8.89772,9.1908,7.84294,13.7863,6.81504,8.31244,11.1414,9.82731,10.2213,5.5655,7.02839,-4.41316,5.63758,8.10561,6.2609,50.264,-842.776,-527.04,13440,-7140,2100
13.366,8.69659,10.1156,6.8002,13.0275,10.2398,10.4127,15.0085,7.54994,9.30442,11.2885,8.39021,1.28245,10.7246,10.2506,10.6507,52.216,-841.8,-523.136,13020,-7420,1960
5.0792,6.19574,3.66622,2.21599,7.9181,8.09549,4.74606,12.3989,8.2609,-3.12512,3.72557,6.18157,0.368832,8.78563,6.72326,7.39184,50.264,-840.336,-521.184,12600,-7700,1820
5.55253,8.7682,6.66927,2.89547,6.89796,6.03411,4.3328,10.6046,7.70657,-2.48362,2.58741,11.2673,2.50561,8.10695,9.29314,4.9163,48.312,-845.704,-518.256,12460,-7980,2100
-3.02914,-1.90474,6.7103,-4.88197,0.912933,4.27471,1.75301,7.10413,-5.30228,-1.63026,7.48975,6.11757,3.20737,4.36867,7.80853,1.91988,48.8,-844.728,-519.232,12320,-8680,1820
-6.15838,-11.0846,1.19002,-15.4784,-6.10005,0.574852,-5.12615,1.05089,-7.18751,-0.105672,10.6299,0.0841851,4.29305,-3.14335,-0.940231,-2.86816,48.312,-845.216,-518.744,12040,-9240,1960
-1.47623,-1.89365,1.07321,-5.81722,1.40502,-2.3113,-0.0215251,-3.12176,0.423125,5.24066,9.97272,5.45267,3.34632,-0.131989,7.6979,-0.577776,46.36,-847.168,-518.256,11620,-9520,1680
0.0437591,4.10671,-0.0793491,3.29019,5.05229,-3.30922,1.32627,-3.47271,4.96355,6.71325,4.79091,9.55473,2.08898,2.2921,8.22724,1.61083,46.36,-845.216,-518.256,11620,-9800,1680
-9.0366,-5.40635,-9.71546,-4.16005,-3.63668,-7.57079,-8.19719,-5.61156,-4.3196,-1.87913,-4.26645,0.929956,0.966009,-1.74083,-5.1334,-4.69493,45.872,-845.216,-522.648,11480,-9520,1680
-7.08369,-4.77537,-13.1618,-3.29528,-5.99017,-9.33438,-11.5818,-11.449,-3.98453,-3.57231,-5.11023,-4.96785,-4.10706,-0.869685,-7.58012,-9.28876,43.92,-845.216,-520.696,11340,-9240,1680
-9.81962,-6.80081,-12.8546,-4.6984,-10.3594,-9.01112,-13.1609,-13.8126,-9.71698,-9.01834,-8.14335,-9.74112,-3.58546,-3.40024,-10.1608,-9.31984,44.896,-846.68,-521.672,11060,-9100,1540
-2.61942,-0.587389,-9.26016,-2.93248,-10.0445,-6.13972,-11.6537,-14.2383,-0.809177,-6.25074,-4.90204,-4.26157,-2.89722,-1.73624,-14.3694,-5.65253,41.48,-847.168,-526.552,10920,-8680,1540
3.06454,1.0123,-6.82767,-5.73349,-12.0701,-6.15589,-13.7292,-15.6043,7.42319,-0.699715,1.79755,-2.70408,-0.0976894,-4.28885,-20.6221,-8.541,43.432,-848.144,-524.112,11200,-8400,1540
2.40027,-1.27685,-7.09887,-4.35983,-12.1374,-7.6273,-8.72817,-12.5713,6.82016,-0.503424,4.33457,-6.43902,1.77684,-6.12522,-13.818,-6.86722,40.992,-845.216,-521.672,11340,-8680,1820
0.0331009,-1.31724,-5.65725,-0.0767913,-7.00949,-4.58081,1.16982,-4.09295,4.24706,0.366202,2.07544,-9.08712,-2.14369,-3.67644,-3.81918,1.73977,38.552,-850.096,-523.136,11760,-8820,1960
-2.72418,-1.98274,-3.05585,-0.0201013,-4.07933,-0.786198,4.60278,1.0212,0.784136,1.60818,0.676939,-10.0652,-3.68856,-1.72967,-0.700625,5.17141,39.04,-854.488,-524.112,12180,-8960,2240
-1.89384,-0.877849,0.741133,-0.229916,3.04806,2.4587,5.27465,3.35544,-1.49906,3.38486,0.696163,-7.03548,-5.41654,2.92806,-1.23472,6.71457,42.456,-854.488,-525.088,12460,-8820,2240
-7.25235,-5.08607,2.04451,2.38617,10.3911,5.08605,9.70768,9.65181,-9.81339,-0.0901441,-1.7387,-6.02608,1.47836,4.82978,6.15395,8.9203,40.992,-854.976,-524.6,13160,-8540,2380
-0.701368,0.758221,5.12478,5.33159,9.47579,5.05779,7.34077,8.24747,0.370665,0.703439,-2.38954,-1.75932,4.33009,2.22641,4.27483,6.02342,39.04,-856.928,-520.208,13300,-8680,2380
3.97215,2.79646,5.48731,-0.110333,1.28968,0.161199,-4.74261,-1.14633,5.83637,2.1507,-0.707231,0.550071,3.04916,-3.91198,-8.46357,-3.52439,39.04,-859.368,-522.16,13300,-8680,2520
3.13786,1.45951,8.07496,2.00512,1.70072,0.259066,-0.764166,-0.859969,2.02217,2.06904,0.43937,5.55601,7.27095,-2.59512,-4.93462,-4.38124,35.624,-856.928,-521.184,13440,-8960,2660
3.74237,3.57211,9.72555,6.83179,6.32638,6.23728,11.3307,5.65603,-0.542042,2.79218,2.7603,11.1883,8.64759,1.91749,8.20753,1.97304,38.552,-858.88,-520.208,13160,-8960,2660
8.10995,10.5497,10.2269,12.7973,7.85819,9.51125,17.9025,11.3172,4.5412,4.69072,5.58846,15.0792,8.73341,3.63857,19.2177,7.62167,37.088,-858.392,-521.184,13580,-9100,2800
3.28218,6.5056,6.47626,8.38012,6.55875,6.73272,11.6912,8.60723,0.489814,0.854006,2.82692,10.3956,2.2286,1.73136,13.2763,6.59183,35.136,-862.296,-525.088,13860,-9100,2660
1.42332,4.27723,1.79556,2.97167,2.61969,-0.355413,1.19569,-0.991794,-0.901971,-0.950271,-0.765071,2.46919,-9.30451,-2.96281,3.3031,-1.76143,36.112,-864.248,-522.648,14280,-8820,2940
-11.066,-6.19359,-1.8442,-3.87126,-2.20106,-2.93743,-4.83376,-6.29813,-15.5871,-8.24329,-8.87827,-7.48931,-13.7409,-4.97166,-1.0011,-5.14769,33.184,-861.32,-522.648,14560,-8260,3080
-6.22352,-6.47198,3.35512,-7.16972,-1.29915,-1.02037,-5.43009,-7.23294,-11.4917,-3.64363,-4.76828,-5.16858,-7.50813,0.11417,-3.85963,-1.10027,35.624,-861.808,-523.136,14980,-8260,2940
4.03836,1.43384,7.69037,1.58387,4.43474,0.968785,4.62812,-0.832376,1.27369,2.21198,-0.617161,0.731232,-2.46155,4.22602,8.55927,6.14044,33.672,-862.784,-521.672,15680,-7700,3080
3.28451,-0.574276,3.72863,2.87998,1.53602,-0.222944,3.36391,3.6799,2.21192,-1.51678,-2.17916,-1.74668,-0.216144,1.80577,10.8941,3.67129,33.184,-863.76,-521.672,15820,-7700,3220
3.6374,0.0528336,1.65531,-2.29664,-3.42175,-0.462504,-6.84366,3.52816,4.69878,-2.92932,-2.80163,-2.34828,2.65236,0.847825,-3.30445,-2.46408,37.088,-865.712,-523.136,15820,-7560,3360
-0.169854,-4.66547,-1.5984,-3.92855,-5.46761,-0.738695,-7.95494,2.88534,-1.67778,-1.5147,-1.67534,-2.91343,2.40014,2.25889,-2.45255,-4.75292,33.184,-864.248,-520.696,15960,-7140,3220
4.68579,-3.35843,-3.47958,-5.54071,-9.43608,-3.20187,-11.0301,-3.41448,3.84721,5.19353,1.85735,-3.1628,0.437219,1.03426,-4.85073,-11.6847,35.136,-860.832,-523.136,16100,-6720,3360
-0.423686,-6.7066,-7.72217,-11.519,-11.9174,-3.2924,-15.4696,-6.28915,-1.02827,3.48823,-0.394014,-6.79458,0.891561,-1.54601,-15.1348,-14.1859,32.696,-862.784,-520.208,16520,-6300,3500
-3.54659,-7.15427,-12.0699,-10.775,-10.0943,-2.17634,-11.6638,-3.92888,-1.37558,-1.32482,-2.12608,-7.78147,-0.279022,-1.78532,-13.6234,-7.35361,30.256,-860.344,-520.208,16520,-6020,3500
1.40119,2.89218,-11.4468,4.44269,1.98601,2.59021,3.41594,0.576293,5.25086,0.395047,1.21412,1.24912,-2.27424,5.65159,5.16961,6.48843,32.208,-856.44,-518.744,16520,-6020,3500
-3.86627,-4.32511,-9.16423,-1.25729,1.99991,1.9515,1.38031,-0.0782716,-7.11992,-2.01934,2.44567,3.62873,5.57065,3.90438,1.13811,3.13076,31.232,-855.464,-517.768,16240,-5740,3360
4.01036,-0.207112,-2.55637,0.397462,3.50956,1.8672,3.90641,0.291115,0.30429,4.64998,8.47845,8.11768,14.1072,2.55133,3.35383,2.20299,33.672,-853.024,-516.304,15820,-5740,3220
4.09214,2.8767,0.319388,5.63415,3.06947,-0.213526,6.87699,2.73842,4.21984,1.31089,4.31628,7.21623,13.3287,1.04218,6.45241,4.39977,34.648,-852.048,-515.328,15260,-5740,2940
-3.77311,0.81309,-0.27548,1.59974,-1.80869,-5.0363,2.58237,0.688633,-0.787281,-8.64783,-2.63504,2.24223,7.16179,-3.15627,0.583524,-0.551918,34.16,-850.584,-516.304,14840,-5460,2800
-0.960875,4.51599,3.75482,0.570595,-0.688071,-5.1747,1.38583,-0.973969,-0.787034,-4.76345,0.625548,4.38507,5.12488,-3.85758,-2.3812,-2.11489,33.672,-850.096,-515.328,14840,-5320,2800
-3.03718,0.598934,5.92993,-3.37456,-0.843556,-5.42783,-0.615163,-0.598993,-6.49356,-2.60856,4.49801,2.11257,3.53392,-5.79058,-4.23817,-3.34193,34.16,-850.584,-515.328,14420,-5040,2660
-4.43373,5.39674,2.68605,7.50435,7.12456,-6.224,7.20235,1.35646,-6.94598,-4.32922,0.920063,2.76553,-4.48552,-1.83829,7.56817,1.569,37.576,-852.048,-514.352,13860,-5180,2520
-5.41957,4.37883,0.258844,6.70389,7.58992,-3.96046,4.30638,1.57356,-8.67557,-6.59293,-6.07258,2.12489,-6.30114,-1.28252,-0.386253,1.45667,39.528,-852.048,-516.304,13020,-4620,2380
3.16232,5.7423,2.06545,2.41105,4.45824,-0.197375,1.20114,3.60995,4.12101,-0.396762,-4.01285,4.58512,-7.02905,-2.83859,-7.52348,3.3281,37.576,-852.536,-514.352,12460,-4200,2520
6.85521,5.14551,5.57578,0.209041,5.10458,4.98148,2.78353,6.4531,10.1919,5.14818,1.05735,5.14141,-5.08739,-2.54177,-6.06742,7.88501,39.528,-853.512,-518.744,12180,-4340,2520
2.99948,0.835738,4.33028,-1.69547,3.2325,8.86331,4.68717,7.51499,8.61593,6.63892,7.71049,2.38399,-2.63542,-3.24398,-1.28061,9.62667,40.504,-857.904,-516.304,12880,-4060,2520
2.80731,4.22159,2.8173,5.786,5.95461,10.5818,9.50634,7.56859,10.2793,7.15619,7.73193,0.544298,-6.35307,-3.58653,9.24594,12.1803,39.528,-859.856,-518.744,13020,-4200,2660
8.41133,11.2906,6.59589,11.4678,10.4629,11.8857,8.0848,5.092,14.7624,11.783,7.12597,3.93599,-8.00517,-0.278861,8.92849,9.94985,38.552,-862.784,-517.28,13580,-3920,2800
8.38029,10.0848,3.64032,8.8083,9.86115,10.9074,5.81918,4.01998,14.2093,11.672,2.61035,2.60305,-12.363,2.10415,8.67897,8.11857,38.552,-860.832,-514.352,13720,-4340,3080
6.78904,6.91745,1.31309,9.30224,8.57745,13.5258,9.80929,7.03066,11.1607,11.0843,1.94971,-1.36238,-11.0381,8.23447,16.4202,9.89642,35.624,-859.368,-510.936,14140,-4760,3220
-0.587455,-3.36695,-2.82105,-4.52237,-5.17262,3.83758,-5.71511,-3.48207,5.60353,3.72409,-4.06067,-8.51933,-11.0387,2.90839,-0.99803,-5.78274,36.112,-859.368,-507.032,14700,-5460,3360
-3.73043,-6.73703,-5.21283,-11.166,-10.8475,-5.75488,-15.7085,-11.9527,2.62525,-1.20901,-10.5302,-9.31654,-12.9276,-0.29545,-13.3658,-14.2407,40.992,-857.904,-507.52,14840,-5880,3500
-10.5285,-11.3423,-10.8441,-14.1291,-16.6469,-10.4438,-18.0487,-13.8865,-5.41959,-7.62357,-14.9886,-13.798,-10.6533,-0.582603,-14.5416,-17.6306,40.504,-854.976,-506.056,15680,-6440,3500
-16.2208,-18.3188,-11.8355,-13.7816,-16.5624,-10.0221,-11.7409,-12.3116,-19.8321,-9.37163,-13.9462,-16.3787,-8.04051,3.32605,-5.90831,-13.7352,41.968,-852.536,-504.104,15960,-6580,3920
-16.2252,-19.3551,-8.18008,-10.2144,-11.4309,-6.29795,-4.12708,-7.76074,-25.1725,-6.32382,-7.7098,-11.3431,2.80178,9.19197,0.399778,-3.42086,42.456,-854.976,-504.592,15820,-7000,4060
-15.7312,-19.5701,-7.34028,-14.8103,-15.1053,-6.88088,-6.99108,-6.99147,-18.3638,-8.18924,-7.28099,-14.7449,9.9614,6.61857,-5.8686,-1.45542,42.456,-851.56,-507.032,16380,-7140,4480
-9.89851,-11.5026,-1.95927,-8.55192,-12.0163,-8.18841,-4.03104,-5.1575,-11.5716,-8.06048,-4.37435,-10.7039,13.2121,7.15886,-5.30233,0.693706,46.848,-849.12,-509.472,16520,-7280,4620
-5.73303,-9.94775,-1.18944,-9.75476,-11.6037,-14.22,-12.6594,-12.3985,-8.38222,-8.4573,-0.409353,-7.06139,18.1364,-0.963363,-12.827,-10.8432,46.848,-848.144,-508.008,16800,-7280,4900
9.30049,6.0857,3.58252,5.0846,3.60752,-8.61137,-2.55652,-9.26216,7.7461,0.731747,11.8215,8.00819,21.3536,1.33017,-0.00313372,-5.17086,45.384,-849.12,-513.864,16660,-6720,5040
15.9541,14.5681,7.53557,12.8692,11.7266,-3.51044,3.28352,-5.4148,14.2663,6.93945,20.4687,17.6827,24.4234,0.497973,5.86881,0.729007,45.872,-847.168,-514.352,16240,-6440,5040
8.40589,7.91123,5.76375,5.92118,7.05475,-1.31176,0.92829,-0.639632,4.05662,3.42173,15.291,14.558,23.1453,-5.69512,-1.3029,0.0247885,44.408,-846.68,-518.256,15960,-5880,5040
10.898,9.83568,4.87784,4.45242,5.46823,1.80781,2.92302,2.98597,3.05131,3.6773,9.80236,14.0424,17.2479,-8.25706,-1.16985,0.711892,45.872,-851.072,-520.696,15680,-5600,4900
13.1993,13.2754,5.8349,8.29073,6.70405,1.92641,6.81348,6.14412,7.31817,2.72287,2.8429,11.2473,9.62281,-9.55451,7.94407,1.16912,45.872,-854,-519.72,15260,-5180,4620
9.66002,10.864,6.97597,10.2989,7.17744,3.2258,11.001,9.90271,2.97233,0.0215993,-2.24517,8.22009,-0.432308,-9.45405,13.5729,2.12437,47.336,-858.392,-519.232,14700,-4620,4480
3.28739,6.9775,5.73649,11.2647,7.36881,8.40731,12.5223,15.2426,-2.62761,-5.17058,-5.22287,6.07807,-6.43866,-4.90321,12.4643,5.48367,46.36,-860.832,-515.816,14700,-4340,4480
-2.36344,7.35818,4.23022,11.744,7.27126,12.7645,13.4162,22.6104,-1.62508,-13.5055,-11.57,4.59966,-11.6734,0.732807,8.36757,10.6099,45.384,-860.832,-512.888,14420,-4480,4340
3.75271,7.81078,7.20066,12.0177,8.8897,12.1847,10.8156,18.3383,1.64822,-1.9464,-6.74376,5.92465,-13.9829,3.60313,6.12626,8.13411,44.408,-855.952,-510.936,14280,-4620,4480
-2.68088,-0.935824,4.49018,8.14498,7.70849,7.58766,10.0043,13.1623,-9.25789,0.809947,-5.1642,-0.360462,-13.1775,2.63671,6.83936,6.13843,44.408,-856.928,-509.96,14280,-5180,4340
-3.02147,-7.97724,-0.880761,-2.1572,1.19179,-0.925935,1.58415,1.83441,-10.5388,1.39351,-4.34324,-6.83551,-14.0847,-4.93292,-1.64002,-3.9749,40.504,-853.512,-506.056,14280,-5600,4620
-1.35455,-8.08223,-1.56515,-6.84835,-0.146143,-2.30134,-5.89596,-4.25362,-7.09416,2.77544,-1.15762,-5.71759,-9.25176,-5.12875,-8.85936,-6.90612,40.504,-855.464,-508.984,14000,-5740,4620
-0.123973,-6.6141,-1.08102,-11.0874,-3.4588,-0.670926,-10.2445,-4.63065,-0.114446,3.38083,2.03587,-5.21623,-5.99205,-2.17111,-13.6628,-5.39046,39.04,-853.024,-508.496,13860,-5600,4480
1.88021,-2.44306,-0.751599,-8.72243,-2.28748,-0.231722,-7.68565,-3.39344,6.35275,7.54593,5.40991,-2.30406,-4.95572,3.29132,-8.25776,-1.19947,35.624,-854,-509.96,13580,-5740,4480
-7.90571,-8.13486,-7.40051,-15.1575,-6.26835,-4.55685,-12.3671,-7.86383,0.0340689,0.759913,1.02429,-6.85868,-10.416,-0.199285,-13.7575,-0.946039,36.112,-853.024,-507.032,13300,-5600,4480
-9.59572,-7.77983,-15.352,-16.5047,-8.03299,-7.89296,-13.9279,-11.5055,2.45126,-1.09568,-1.53179,-8.94594,-17.9783,-3.57754,-12.8525,-3.80432,35.136,-851.56,-507.032,13160,-5180,4480
-3.95501,1.7129,-10.7239,-4.43844,-1.56192,-4.20733,-5.49297,-9.75807,10.7955,2.98101,2.42659,0.618164,-13.1649,3.11772,-0.803699,-1.61662,31.232,-855.464,-508.496,12740,-5040,4480
-5.05544,0.416901,-6.01868,1.21555,1.81355,-2.62261,0.771312,-5.23427,10.2094,1.21816,0.0841728,1.64266,-7.19046,4.226,6.2641,0.158477,29.768,-853.512,-507.032,12320,-4480,4480
-5.03701,-1.30391,-2.20422,3.83877,4.7799,-1.34221,3.46955,-2.14784,8.31832,0.110648,0.48114,1.52137,-4.26581,4.91085,8.91878,1.41701,26.352,-859.856,-501.176,12320,-4060,4480
-6.52569,0.295684,2.4461,6.94162,7.16905,3.60973,9.82438,5.46464,4.9816,-0.305251,-1.94812,3.85602,1.39355,9.73297,13.0265,8.73768,25.376,-860.832,-504.592,11900,-3080,4480
-4.50395,4.79581,4.15778,7.96699,6.55994,6.58384,14.2439,8.8984,2.8291,0.680834,-1.96886,4.89789,8.03612,11.1846,15.8356,14.0389,24.4,-861.32,-505.08,11620,-2240,4480
3.03983,8.30377,4.56223,6.30162,1.32216,5.98908,9.27382,4.00478,2.79169,3.85793,3.0229,4.74876,13.0681,7.74561,8.32975,10.8516,20.984,-865.712,-506.056,11340,-1400,4480
5.4662,6.70376,1.68422,-0.966165,-4.60635,5.96284,0.735968,0.69168,3.70569,3.64174,2.84832,1.52304,13.6189,1.88726,-3.5047,5.97715,19.032,-864.248,-505.568,11060,-140,4340
9.26199,4.79567,1.96532,-2.16654,-4.03083,6.18874,-1.11914,-3.03478,6.47114,8.04053,6.53576,2.61609,13.7254,-2.18172,-4.4836,-0.259202,19.032,-863.272,-502.64,10920,700,4340
6.81498,0.522132,0.743612,-3.82456,-5.63895,2.24259,-3.16807,-3.78867,0.00541848,5.70231,5.3208,-1.2751,16.0323,-5.97065,-3.88465,-5.6887,14.64,-864.736,-505.568,11060,1400,4200
9.01787,1.12909,-0.0679713,-8.10221,-7.22338,-0.82266,-10.3789,-8.13684,1.22439,4.58917,7.94584,-3.45921,11.5317,-4.24791,-14.9474,-8.83671,17.08,-861.32,-506.056,10500,1540,4060
6.20352,3.14286,-1.38294,-0.879656,-4.27999,-2.20751,-4.23004,-4.09724,-0.850528,-0.208064,4.29012,-3.97809,6.83138,-1.24238,-5.39519,-3.24658,16.592,-865.224,-503.616,10220,1540,3920
-0.688974,-1.00678,-2.05591,4.67849,-3.33328,-2.2103,2.01651,1.62106,-10.2442,-6.71625,-0.291884,-4.53188,9.07454,0.922385,5.05119,-0.732707,16.104,-864.248,-504.592,10080,1260,3640
-2.14535,-3.63856,0.160519,2.89321,-2.0622,-0.844584,0.97202,2.49154,-14.4967,-7.60733,-2.35808,-4.18892,6.68477,0.738593,2.4297,-1.42663,20.984,-864.736,-508.496,10360,1120,3360
-1.55819,-2.59822,2.65689,-0.393401,-1.72131,-1.77109,-3.92921,-1.45135,-12.0914,-10.1703,-5.87118,-3.58028,1.28263,-4.86385,-4.00988,-3.86816,21.96,-861.808,-505.08,10080,560,3080
-0.464399,-1.25244,1.88341,4.47034,0.650345,-3.99275,-1.51016,-5.52832,-8.0688,-9.45077,-4.96198,-2.8242,-5.03619,-6.17623,1.89271,-6.47144,25.376,-864.248,-504.592,10220,-280,2800
-6.55584,-6.95353,-0.377161,6.7052,-0.0541157,-6.00032,0.172729,-6.42858,-15.9056,-11.3796,-5.98166,-6.26143,-8.79662,-5.23071,8.62372,-7.32306,21.96,-864.736,-506.056,10220,-840,2520
-12.0035,-17.685,0.0201704,-1.19247,-4.2516,-6.82622,-4.13483,-3.59582,-21.6437,-11.1888,-4.54,-8.92804,-10.3973,-3.2405,-0.672675,-6.86542,28.304,-863.272,-502.152,10500,-1400,2240
-5.17492,-12.5301,-0.0924122,-2.93084,-7.1515,-7.12788,-7.65128,-0.605236,-7.45334,-3.47322,-0.153714,-5.97111,-11.6156,-2.38141,-5.94308,-6.74454,29.28,-863.272,-506.544,10640,-1680,2240
0.854101,-3.33195,-0.494315,0.983509,-4.65067,-2.58322,-3.92008,4.36047,3.8011,1.47594,1.18249,1.82035,-6.54,1.92374,-2.26148,-1.63765,33.184,-863.272,-507.032,10920,-2100,1960
5.09158,3.04096,-1.77996,2.60883,-2.11845,-2.86495,0.20466,5.38367,11.9016,3.89595,-2.17326,6.01218,-5.66377,0.830582,1.99856,3.13196,32.696,-866.688,-504.104,11200,-2520,1680
4.84243,6.06433,-2.10261,0.993634,1.02264,-4.32952,0.663994,3.94432,13.8057,2.32858,-8.39663,5.62766,-7.96723,-1.91142,0.48004,3.95872,34.16,-865.224,-506.056,11340,-2660,1540
-2.06629,1.18828,-2.4102,-4.90847,-1.49253,-5.16131,-0.605554,1.51874,6.3211,-1.49193,-11.5325,0.761067,-5.80545,-4.78149,-3.4797,-0.439877,36.112,-865.712,-506.544,11760,-2940,1540
4.77323,10.8957,5.72907,5.00453,7.29094,1.88263,4.9986,2.27734,8.16849,6.02737,-3.03961,8.55298,2.71755,2.80985,0.649114,1.75451,37.576,-861.808,-508.496,11480,-2800,1400
8.30952,12.1075,12.1388,6.37343,12.0736,9.60605,9.97817,8.46762,6.41731,11.4004,4.68929,12.1373,13.6026,12.0361,0.393368,8.10124,38.552,-862.296,-508.496,11340,-3080,1400
6.05795,6.35951,8.54427,-1.40421,6.11343,8.7393,8.39884,9.31432,8.0856,10.7504,5.13857,2.5057,12.6883,8.47656,0.00432463,8.41049,39.04,-862.784,-506.544,11340,-3360,1400
3.86476,5.80177,5.71672,-2.07321,9.95356,6.80012,6.44468,6.16198,7.53746,8.8039,3.53931,1.55925,7.03612,5.30039,0.646201,6.23892,39.528,-862.296,-507.52,11900,-3220,1540
-1.18016,-3.22451,-1.70251,-12.616,1.00762,-1.93928,-5.69609,-3.65352,2.69698,2.45049,0.0773159,-2.95879,1.0821,-1.53594,-12.8631,-4.87623,40.992,-863.272,-508.496,12040,-3360,1400
-3.2862,-4.6938,-4.4028,-14.9631,-2.38721,-1.2813,-6.57064,-2.2925,2.52005,-0.766442,-1.6076,-4.82848,-3.31351,-0.553735,-14.9482,-2.37525,40.504,-868.64,-508.984,12040,-3500,1540
-0.488257,1.06422,-2.12789,-3.14036,2.37284,2.66396,3.40489,-0.0598555,5.03937,0.916744,2.5427,0.920356,-1.97131,0.608625,2.66858,3.86523,45.872,-865.712,-507.52,12740,-3920,1680
0.914043,3.86145,-2.58765,6.83838,4.50212,0.641834,6.38045,-2.11073,5.95372,-0.354701,6.09388,5.49692,-2.8425,-1.07474,12.5485,2.74153,44.408,-867.176,-512.4,13020,-3640,1820
1.08167,4.30695,-3.63747,7.11135,2.62135,-3.12372,0.311653,-5.65322,7.45584,0.152363,5.42171,5.9528,-4.06425,-4.18297,8.00097,-3.20066,45.384,-867.176,-506.544,13300,-3780,2100
-5.13989,-2.0518,-4.21231,2.79457,-1.27325,-5.82777,-2.57377,-7.16566,-0.00352699,-2.23665,1.20394,0.46772,-5.92917,-7.31243,6.87007,-5.09613,42.944,-865.224,-503.128,13860,-3920,2380
-10.0688,-7.7055,-4.72791,-1.42384,-5.31529,-5.87877,-5.01831,-5.48305,-9.24332,-3.91358,1.19002,-1.521,-4.78957,-8.11045,4.01363,-4.44693,42.944,-865.712,-501.664,13720,-3780,2660
-10.1041,-8.11891,-4.76417,1.47914,-3.80763,-3.50147,-2.64428,-5.76686,-13.0701,-2.65558,3.88087,-0.0126621,-5.31027,-6.70128,6.37462,-1.79167,40.992,-863.272,-501.176,13860,-3780,2660
-4.65414,-3.61113,0.402207,6.00993,2.78155,0.790638,0.571308,-0.405085,-9.70398,0.70471,5.03352,5.5656,-4.79867,-0.993133,4.71731,3.4774,39.528,-863.76,-498.248,13720,-3780,3080
2.01164,0.960951,0.614363,4.73879,5.82201,5.18952,-1.14105,4.80222,-0.570899,3.99251,6.30262,7.39707,-0.476348,1.14941,0.354926,3.58844,41.48,-858.88,-500.2,13440,-3920,2940
-4.48602,-1.84168,-5.37653,-1.73097,2.96754,8.27598,-0.154173,7.54514,2.25283,-6.06314,0.787697,-2.37218,1.98136,1.13758,-1.64906,2.54543,38.064,-858.88,-503.128,13440,-3360,2940
-3.49176,6.92577,-1.71298,7.77564,8.94387,11.6749,7.66799,9.83872,3.60949,-2.81432,1.0358,-0.642159,6.03515,7.7743,5.80277,5.22545,38.552,-857.904,-504.104,13720,-2800,2800
-3.91774,4.18369,1.51634,10.8957,10.243,11.0246,11.2976,8.04673,-5.93485,4.61858,2.90454,-1.69607,8.99823,10.3864,11.4368,7.34306,35.136,-860.344,-504.592,13720,-1820,2520
2.117,-2.7874,-0.315366,-0.951768,-0.0311632,5.21006,4.92111,1.78722,-2.04699,7.43887,2.97809,-6.61779,7.59352,4.50702,2.00529,5.22987,30.744,-862.784,-502.64,13860,-1540,2240
5.08962,-0.93434,-0.769727,-7.23056,-5.32086,2.19827,-1.77224,-3.78383,2.16383,4.1119,-3.149,-7.14334,2.63076,-0.550785,-7.23662,1.2112,31.232,-859.368,-507.52,14420,-1960,2100
5.08485,2.25513,0.666326,-5.9338,-8.40101,0.195795,-7.03516,-6.24493,1.62487,-2.0437,-8.2074,-6.32302,-1.12175,-1.06587,-11.6405,-2.84075,31.72,-863.272,-505.568,14420,-2240,1820
5.2695,-0.206059,0.570604,-8.38678,-11.4942,-0.31459,-8.61873,-4.35015,-1.03242,-5.34155,-6.86604,-4.95432,-4.76577,0.689413,-13.4893,-2.66947,28.792,-860.344,-504.104,14700,-2240,1540
3.57064,-3.81002,1.70893,-10.9085,-14.4051,-2.77041,-8.30591,-4.50735,-3.00944,-7.45447,-4.96119,-6.23728,-5.74712,-2.07013,-9.3968,-5.18915,30.256,-863.272,-505.568,15120,-2660,1260
6.98282,2.1816,7.99561,-0.803648,-6.72544,-4.00373,-1.4998,-6.26913,-2.06647,-3.29631,-3.56138,0.315017,-3.77636,-0.578851,0.22939,-5.1824,27.816,-861.808,-505.568,14980,-2940,1260
8.78325,3.70878,10.5027,4.30287,-0.0498985,-1.93932,2.63804,-4.9117,2.27952,-0.302404,-4.01841,2.98187,-2.0529,2.48181,0.60034,-1.75322,25.376,-860.344,-500.2,14700,-3080,700
9.07982,2.07181,5.65053,2.12019,-0.657346,-3.27713,1.40383,-2.01368,5.98087,-0.549492,-4.39692,-0.113851,-1.99603,-0.999036,-0.491853,-1.29128,27.328,-863.272,-501.176,14560,-3780,560
1.62161,-2.82216,-1.80345,-0.0651515,-3.72903,-5.77087,-0.240247,-0.154209,-2.99277,-5.24153,-8.65434,-6.03395,-4.03068,-5.27649,-0.44032,-3.81075,30.744,-859.368,-499.712,14700,-4060,280
-4.61513,-7.40655,-3.97372,-2.3221,-7.7478,-8.54163,-4.86904,-2.31007,-9.0085,-8.2272,-9.9495,-10.1763,-4.76197,-10.4442,-2.2103,-9.50467,28.304,-859.856,-501.664,14700,-4760,140
-3.83802,-4.62478,-3.81534,-3.73191,-6.41976,-7.32877,-4.8099,0.37774,-6.6695,-4.90973,-5.53066,-6.07489,-1.41774,-8.99697,-3.32419,-9.23118,31.232,-861.808,-495.32,14700,-5460,280
2.29136,3.91494,-0.855389,4.08501,1.35641,-4.13591,1.48618,7.45098,2.07585,2.90429,1.86244,3.11741,5.11338,-1.72821,3.00283,-0.417653,31.232,-858.392,-497.76,14560,-5740,140
0.283374,4.08153,-2.86056,2.98334,3.27585,-5.44378,-1.94308,3.97078,3.77375,2.72611,3.81202,7.21443,8.17334,-0.312098,-1.01323,-0.968164,31.72,-860.832,-495.808,14840,-5880,420
-1.07943,5.69675,-4.85088,3.81247,6.61959,-4.18637,-2.95679,1.33138,6.05092,1.61438,4.16239,7.8411,5.41918,3.2056,-1.49719,0.747591,32.696,-857.416,-495.808,15120,-6020,420
-3.18183,1.13948,-4.16225,1.96868,6.15604,-3.18184,-0.363534,2.52864,0.375094,2.04024,4.47611,4.83376,4.62442,4.24203,1.95927,4.03333,34.648,-861.32,-496.784,14980,-6020,700
-9.0732,-8.43964,-4.37476,-6.45184,-0.158403,-1.49256,-1.54236,2.12221,-8.97783,-0.273495,2.96199,-0.799396,4.84419,3.31034,-3.67147,2.78151,33.184,-861.32,-494.344,15120,-5740,840
-12.4193,-13.9635,-2.98507,-13.1569,-6.67789,-0.354729,-5.44591,2.01573,-11.9946,-3.60739,0.301906,-3.25204,1.69507,2.01762,-11.2766,0.14955,33.672,-860.832,-495.808,15400,-5460,1260
-13.3968,-13.522,-2.99668,-13.9782,-10.0432,-2.57124,-7.87892,-0.0172899,-11.627,-5.55565,-0.638113,-4.60087,0.605664,-1.36478,-9.20665,-5.01087,33.672,-865.712,-497.76,15400,-5180,1260
-6.79474,-4.75023,-1.65717,-4.41941,-4.29852,-1.95884,-1.55606,-2.45216,-2.79626,-2.36156,2.80463,-0.0938766,1.64705,-0.580548,3.25489,-2.68618,33.672,-860.344,-497.76,15540,-5320,1540
4.44098,6.46588,2.86738,8.04804,6.79702,4.06381,9.87687,-1.93313,9.01692,5.40599,9.91454,7.80011,-0.0884263,6.274,18.424,5.9236,34.648,-858.88,-497.76,15820,-4900,1680
11.2533,16.1278,6.43887,18.2249,16.452,9.67375,16.7707,0.987961,16.4676,9.52098,11.0478,12.7468,-1.24549,10.6818,25.0326,11.2483,33.184,-858.88,-494.344,15680,-4620,1820
10.6212,16.0947,7.10024,17.7796,17.4457,10.1204,14.4559,-0.651682,12.1699,8.45962,9.78939,13.2263,-1.05705,9.28915,19.2817,8.68018,35.624,-860.344,-494.832,15400,-4480,1680
3.73279,5.02922,5.11333,8.90887,11.4969,8.05503,8.12419,-1.57949,-2.96322,6.34417,9.63213,7.51511,-0.0158415,5.927,6.87973,5.93364,32.696,-863.272,-496.296,15400,-4060,1960
6.61848,5.03451,2.75491,6.17826,7.69132,3.95765,5.08046,-1.15833,3.53338,6.51681,7.26724,1.90263,-1.82039,3.63992,-0.0768102,5.73766,32.208,-864.248,-497.76,15260,-4060,1820
1.44574,4.76745,1.01534,5.10501,4.41001,1.4668,3.83965,-0.211783,6.77823,0.773148,-2.35278,-3.35112,-6.4575,0.250503,-1.25547,4.16491,32.208,-863.272,-496.784,14980,-3920,1680
-0.822578,2.66808,0.521103,-1.53235,0.0890861,1.27829,-2.53022,0.241857,7.4646,1.48125,-4.18269,-4.00857,-4.38769,-1.63341,-9.62987,1.8792,33.184,-869.128,-496.296,15260,-3500,1960
0.989572,0.12959,0.411404,-5.02986,-2.51167,-0.295276,-7.08056,-1.41524,9.07227,1.95052,-3.21566,-4.98907,-2.41024,-3.23578,-9.9379,-1.18362,28.792,-868.64,-496.784,15260,-3220,1820
-4.69317,-6.68343,0.777611,-5.60155,-4.59106,1.28989,-5.31672,-0.826469,-0.618718,-2.81162,-6.24872,-7.66119,-0.387337,-5.36429,-8.23125,-2.44564,29.768,-868.152,-497.76,15260,-3080,1540
-1.61772,-2.8838,4.37197,0.30833,0.134997,6.69694,2.85818,4.29097,-0.0314095,1.11117,1.03467,-3.21274,4.68535,-0.941177,-0.401457,1.25647,25.864,-870.592,-497.76,15540,-2800,1540
1.07269,0.294046,4.94783,4.47628,2.95265,10.6918,9.34574,12.5156,1.38575,4.26129,4.33862,2.32654,9.20903,2.26085,6.07248,6.95235,25.376,-869.128,-495.32,15400,-2520,1400
4.36778,1.20984,1.64292,1.43342,1.30633,6.60585,4.96134,9.24864,3.96408,5.20239,1.12039,3.83934,7.8374,-1.08967,2.28071,4.85419,29.768,-867.664,-494.344,15400,-2240,1400
-1.39638,-7.37917,-3.84193,-6.79049,-6.05053,-2.61355,-6.81038,-0.997147,-6.27604,-0.148764,-4.57358,0.567183,3.65057,-9.55894,-8.04487,-3.84069,26.84,-869.616,-491.416,15400,-1960,1120
0.513263,-7.97519,-2.33439,-10.5288,-9.86965,-3.86835,-13.7505,-3.88401,-5.35651,-0.240543,-0.358953,1.16094,4.62612,-13.0131,-14.5939,-7.20758,26.352,-869.128,-491.416,15120,-1960,1260
5.0856,-2.89869,-2.68423,-9.1624,-8.37064,-3.45797,-12.4616,-5.05737,2.19105,-0.851299,3.30071,2.31109,1.83997,-11.4563,-11.575,-8.86075,26.84,-864.736,-492.392,14840,-1680,1120
2.43644,0.761339,-3.94325,-1.05068,-3.1289,-4.48934,-2.2578,-3.73699,-1.19099,-3.93748,-1.15205,3.91099,-2.66348,-6.38164,-0.633154,-6.11131,26.84,-868.64,-493.368,14280,-1400,980
1.55579,5.35382,-2.26393,4.72792,2.70725,-4.6757,4.61621,-4.24528,-0.42175,-4.02421,-7.94864,4.86713,-7.64166,-0.8657,6.06897,-3.68442,28.304,-862.784,-491.904,13860,-980,840
-4.94885,1.32188,-3.07065,-1.0834,0.168192,-4.99644,1.20194,-5.46024,-7.66077,-7.87485,-16.6387,-1.89559,-13.2972,0.99735,1.28234,-6.70487,27.816,-862.296,-489.464,13300,-840,700
-12.3892,-7.65641,-5.80348,-9.07935,-6.15891,-7.61516,-4.92798,-6.36483,-17.089,-13.1655,-21.4773,-12.2184,-16.2476,-1.83016,-5.38578,-11.3446,31.72,-863.76,-491.416,12880,-980,700
-10.0773,-8.54743,-7.26216,-9.48721,-7.50584,-9.22911,-6.93081,-9.04541,-16.8789,-11.2025,-14.3677,-14.0601,-14.4646,-1.59166,-6.03288,-11.2226,27.816,-865.224,-492.392,12600,-700,560
-10.4073,-10.6367,-9.84918,-12.1615,-12.1844,-10.252,-11.1582,-8.49699,-12.6666,-13.048,-12.5621,-17.6531,-13.5193,-2.56133,-5.76018,-12.2502,30.256,-864.736,-492.88,12320,-280,700
-8.62028,-8.94775,-8.6876,-9.85418,-14.0255,-12.1726,-10.0987,-7.23461,-5.63769,-13.2901,-12.8648,-19.0452,-14.6111,-1.39003,-4.12329,-10.717,32.208,-861.32,-491.416,12320,0,560
-7.08889,-5.73338,-3.38707,-5.84373,-9.4373,-10.121,-5.73992,-4.08402,-5.19089,-11.3016,-12.4111,-14.1886,-8.35175,2.58465,-2.5822,-4.68169,31.72,-862.296,-493.368,12320,280,700
-4.32218,-0.524922,0.0579108,0.157684,-4.59955,-6.82448,-2.83334,0.933892,-0.938626,-7.62433,-10.2232,-6.42813,-1.07772,2.92327,3.04199,2.07459,30.256,-861.808,-493.856,12460,280,840
7.14865,10.5652,5.92574,9.90381,4.92627,-1.76497,1.90478,3.87884,8.2341,6.02536,7.36735,5.17135,6.74211,7.70301,8.58762,7.23293,32.696,-865.224,-495.32,12180,280,840
10.9795,11.1746,7.27208,10.8021,10.1949,5.42845,5.27105,8.97329,9.67907,13.5259,19.9371,12.4681,13.7991,11.9641,8.6665,12.2907,37.088,-863.272,-492.88,11760,140,840
9.38327,10.4135,7.21683,14.6101,13.5656,12.0608,15.8209,19.9714,9.6028,15.8211,24.4192,16.6467,19.1198,13.9135,19.4404,23.1581,38.064,-864.736,-489.464,11760,420,1120
10.3246,12.2485,7.55008,16.6827,13.4756,14.406,18.7266,21.6115,12.784,17.6125,25.7726,15.8269,22.6144,13.1814,21.7852,22.0939,36.6,-868.152,-490.928,11900,280,980
15.6715,17.6941,10.7335,17.3892,12.2841,14.164,15.8374,16.1103,21.6669,20.0376,29.3284,17.9048,22.8677,9.13662,18.8935,15.4211,35.136,-866.688,-491.904,12180,420,1260
14.9267,17.009,11.6815,17.2778,14.3603,14.2099,14.7917,12.2054,21.046,18.6636,28.2435,17.3467,18.3542,7.35997,19.6567,12.9176,38.064,-869.128,-490.44,12180,700,1400
8.72641,7.74783,8.5127,7.99812,10.1173,7.46265,6.12386,5.53518,12.5466,11.8968,18.8711,10.6278,11.1049,1.46874,8.02956,5.8059,36.6,-870.592,-492.392,12040,700,1960
3.28513,-0.66891,3.75266,0.139286,3.03396,1.94363,-0.805672,-3.81954,6.90829,5.37575,9.31922,2.24011,2.96057,-6.07082,-2.81723,-2.96844,36.112,-868.152,-493.368,12040,700,1960
-0.202345,-7.24993,-0.780459,-7.69608,-2.35877,1.31082,-7.1745,-9.57914,2.20657,-0.0332236,0.909297,-1.7281,-1.56933,-8.99209,-17.9794,-7.67187,34.648,-864.736,-492.392,12040,840,2380
-2.64542,-11.3412,-2.82086,-10.5169,-3.85777,-0.17901,-8.35788,-9.83028,-4.01299,-3.25024,-5.11103,-0.429832,-0.883829,-10.4683,-23.0705,-8.77528,35.624,-867.664,-492.392,11900,560,2660
0.997385,-2.89952,-1.18881,-0.106386,3.72308,0.565874,-0.526042,-12.5723,-2.31277,-3.00554,-8.99268,5.40942,-2.13896,-5.69409,-12.4743,-5.75919,36.112,-864.736,-492.392,11900,420,2940
0.370404,3.59702,3.24433,4.98308,9.02392,2.70123,2.07301,-13.2933,-4.52055,-3.86729,-11.2801,9.07003,-0.447879,-0.218454,-10.2636,-2.11201,35.624,-868.64,-497.76,11760,560,3220
-14.6917,-9.43234,-1.06374,-4.93886,2.50696,0.824567,-2.0055,-11.6309,-24.6124,-10.8857,-16.6089,-2.30503,-5.41747,1.03318,-15.5413,-2.69779,30.744,-869.616,-491.904,11620,420,3360
-25.3252,-25.1886,-10.5224,-22.1328,-13.5003,-6.12985,-11.5219,-11.1199,-36.0361,-17.9235,-22.0467,-17.1667,-12.0984,-6.63214,-22.6122,-9.59785,34.16,-871.08,-493.856,11900,280,3640
-22.8148,-26.1761,-13.8009,-22.3868,-18.7538,-8.38947,-12.7476,-8.26549,-33.4786,-15.6415,-19.2191,-21.6007,-13.0806,-10.523,-13.4024,-13.222,32.696,-869.128,-494.832,12460,-140,3500
-12.1065,-18.6878,-11.3924,-18.1892,-17.3228,-7.83221,-12.8757,-3.81359,-20.0081,-8.24125,-10.8103,-18.8218,-13.6389,-7.84414,-13.3461,-11.4183,33.184,-869.616,-495.32,12600,140,3360
1.52601,-3.07809,-2.02359,-5.82372,-9.06414,-1.19096,-4.02739,6.92345,2.64213,0.458882,-4.52665,-10.8758,-10.524,-0.744452,-3.60115,-0.895764,33.672,-869.128,-496.784,13300,140,3500
7.40307,8.5482,1.87849,7.84267,1.05705,2.79486,9.03344,13.2825,16.2869,2.58199,-4.0077,-3.3894,-10.766,4.8574,15.2506,10.5175,33.184,-868.152,-492.88,13440,280,3220
5.08283,7.6645,-3.26662,6.41543,0.330446,-1.98253,6.43374,6.42939,15.5401,-2.77279,-8.03981,-3.90145,-11.6866,1.10174,14.9258,8.05939,28.304,-867.664,-494.832,13440,420,3360
3.39994,4.29168,-4.90614,1.77876,-2.16973,-4.832,0.97923,-0.573845,10.6262,-6.09026,-11.1452,-3.55238,-7.34551,-2.29597,10.8548,0.276845,28.792,-867.176,-490.928,13020,560,3220
8.28387,8.09283,-0.319569,7.60728,0.864918,-2.42775,2.91857,-0.791746,10.8424,-2.67361,-3.44265,0.0853563,-1.50686,0.650216,17.6933,-1.60672,27.816,-867.664,-489.464,13300,280,3220
8.10877,11.2395,1.85658,10.8294,2.49564,0.141296,2.06487,1.80419,10.2946,-1.88403,4.49645,2.74736,4.82479,1.50003,15.8761,-1.64161,27.816,-867.176,-489.952,13020,420,3500
2.3178,9.8344,-1.13344,8.7233,-0.390071,-1.23274,1.65981,1.17998,6.08806,-3.70424,7.29057,3.45462,3.281,1.81198,10.8835,-0.643837,23.424,-866.688,-490.44,13300,140,3500
2.44653,10.5836,-2.15573,7.84207,-1.90328,-4.15944,2.27505,-1.5199,6.33614,-0.594142,9.72334,6.53067,3.39775,3.40171,10.8302,-0.888259,26.352,-868.152,-488,13440,-140,3640
2.56449,9.91028,1.67787,4.28858,-1.13518,-6.35179,-1.70348,-4.34004,4.99409,3.20646,11.6239,10.5578,7.3454,2.38139,2.22493,-2.9884,25.376,-865.712,-491.904,13720,-420,3500
6.56529,9.55146,5.05551,-1.8044,2.63566,-5.15805,-6.7583,-5.78993,7.92484,10.4007,13.8836,13.2577,2.75943,2.76828,-13.0431,-4.48223,26.84,-867.176,-492.392,13720,-560,3640
3.2041,1.40932,3.34379,-11.7482,1.79548,-4.68122,-10.028,-1.27654,5.52671,9.61936,7.27831,9.64864,1.88639,0.309887,-21.8264,-7.23072,28.304,-864.248,-493.856,13860,-560,3640
-3.66567,-4.63028,0.938532,-5.96103,7.37902,0.314603,-0.949574,7.01266,-8.6695,4.36085,1.94819,4.80468,2.46225,2.53792,-5.62445,0.05375,29.768,-868.152,-493.368,14000,-420,3640
-5.74332,-6.46502,-1.66413,-3.14359,5.89895,1.83838,-0.330031,6.26659,-12.1258,1.3013,-2.47101,1.04149,1.57414,-0.311392,-1.29023,2.45786,30.744,-868.64,-493.856,14280,-280,3780
-4.19415,-4.97944,0.114665,-6.72437,-0.399077,1.4615,-3.98553,1.9554,-4.41482,1.77865,-4.43131,-2.42278,2.47774,-4.34234,-7.29303,0.533002,28.304,-868.64,-495.32,14140,-140,3640
1.88051,-1.33201,3.12648,-5.79982,1.93631,6.10873,-0.967115,2.36885,1.19487,8.31603,2.74887,0.944917,5.47111,-1.28058,-4.52097,3.74686,29.28,-871.568,-493.368,14000,280,3640
0.501334,-1.36313,4.59686,0.0490901,3.52871,7.39468,3.01318,1.32264,-0.592426,6.7384,2.67717,2.10334,6.99887,-0.983062,2.67412,4.91937,28.792,-870.592,-493.856,14000,840,3500
-6.02733,-4.29647,0.138125,4.65154,4.46476,7.47552,7.33199,0.8883,-6.42795,-1.90679,-4.51172,-1.78782,1.1001,-0.308063,6.72324,7.6544,30.744,-869.616,-495.32,14140,1400,3640
-7.77525,-9.6474,-1.82166,1.00312,1.42215,4.58281,4.47512,1.33766,-12.9931,-5.09817,-3.22496,-6.98321,0.691943,-0.250433,-0.855822,3.94001,26.84,-871.08,-495.32,13860,1820,3500
-1.63449,-9.01593,2.75048,-0.511106,-1.00938,4.16535,2.59162,3.4741,-9.8854,-2.00242,5.20537,-6.14444,6.69607,1.80759,-4.81864,2.46377,26.84,-869.616,-492.392,13860,1960,3360
-0.698563,-7.32838,4.07923,1.81701,-1.24371,2.56751,4.96416,2.89894,-7.72928,-1.8995,7.16643,-8.25535,3.63996,2.02518,1.37813,3.91041,26.352,-872.056,-492.88,13720,1960,3220
4.36153,-2.47717,5.76678,1.00194,-2.42442,-1.988,2.32596,-0.750258,5.61404,1.25736,7.34319,-7.91534,0.0599958,0.363558,1.03349,-0.63611,24.888,-873.52,-490.44,13580,1960,3080
11.3582,9.11647,10.5689,10.2023,3.76926,-1.51874,5.31167,-0.189164,19.0577,6.02389,8.44417,-1.00123,0.113865,3.67844,8.69054,1.52321,25.376,-871.568,-489.952,13580,2240,2940
9.03558,12.3057,10.584,16.0393,6.1315,0.0374318,7.51487,0.305794,15.3629,3.78749,4.04399,2.45305,0.177862,3.91842,12.496,3.18585,27.328,-873.52,-490.44,13300,2240,3080
8.17606,12.7144,8.68006,16.1546,7.07678,6.558,11.0477,5.55117,13.2574,2.54042,-2.20389,7.31706,3.56099,7.11334,14.9587,8.50003,24.888,-873.032,-488,13300,2520,2800
12.5589,15.2787,6.98833,16.3355,8.57538,11.95,14.2188,9.02438,17.0255,5.74066,0.308986,11.7673,5.24142,9.89787,16.3355,11.4954,26.84,-870.592,-491.904,12880,2380,2800
1.58363,2.0338,-1.02891,1.75786,-1.48322,6.91955,2.89434,5.83078,5.45482,-0.713206,-6.87557,4.51427,0.241404,3.50364,2.96885,1.53806,30.256,-873.032,-488.976,12880,2520,2520
-13.7323,-13.4218,-10.0557,-11.1853,-10.5926,-2.96365,-10.6076,-4.15,-14.3139,-8.99388,-17.3157,-6.8764,-7.74627,-4.91767,-8.80989,-9.32832,32.696,-872.544,-491.904,12740,2800,2520
-10.1069,-10.8542,-12.8281,-13.7769,-12.7139,-8.82197,-16.8266,-13.4827,-12.1699,-5.22057,-13.9828,-7.70615,-7.74724,-7.20497,-13.5291,-15.1568,29.768,-872.544,-491.904,12460,3080,2520
-9.93899,-8.62437,-14.1993,-14.5422,-13.3401,-10.8187,-16.4428,-14.0987,-11.3668,-6.27818,-11.6285,-9.82395,-6.59303,-10.0053,-12.5361,-14.2289,32.696,-869.616,-486.536,12320,2940,2520
-9.93785,-8.14294,-15.2277,-12.1877,-10.3933,-10.4649,-11.5345,-11.9112,-12.4148,-7.98804,-8.42465,-6.83255,-7.03599,-10.3324,-9.2689,-9.58091,32.696,-870.104,-491.904,12460,2660,2520
-3.05426,-1.58491,-9.01849,-5.12729,-2.55194,-7.41026,-5.91502,-4.39015,-5.4206,-4.15379,-4.18841,1.57476,-2.58659,-5.03964,-4.98816,-3.03867,36.112,-872.056,-491.416,11900,2800,2520
0.281008,1.4531,-3.938,-2.30016,0.649679,-4.37945,-3.2598,0.571367,-1.04324,-2.46592,0.102732,2.4481,-0.117719,-2.20738,-5.63204,2.26096,31.72,-869.128,-486.536,11480,2660,2380
3.01978,4.80917,1.78372,0.410801,4.33034,-2.05372,-2.18362,1.75762,4.54833,1.42936,5.76101,2.98949,5.45977,-1.22832,-4.79581,1.91779,37.088,-868.64,-487.024,11200,2520,2240
6.9946,7.98113,3.11015,2.33245,7.5025,1.03184,0.696816,3.19369,10.413,3.47522,11.6324,7.39435,8.97518,1.21739,-0.36073,0.782257,32.696,-867.176,-486.048,10640,2380,2240
6.66883,8.76528,-1.05045,6.72687,8.82778,3.38819,8.0927,5.81296,7.35966,3.54483,11.2305,8.79534,1.14561,6.19692,9.81817,4.52793,36.112,-869.616,-484.584,10500,2240,2380
2.92168,6.86089,-3.38737,8.71759,5.73321,0.157303,8.3839,3.97399,2.11802,0.67796,6.39866,5.86167,-3.45772,3.26308,13.4754,1.88454,36.112,-867.176,-488.976,10220,2240,2240
3.14098,4.5041,-0.17482,4.08764,3.55012,-1.15721,3.78173,-1.17752,-1.01533,1.27911,5.52945,5.31675,-4.79382,2.26046,3.77337,-0.964233,36.112,-868.152,-488,10080,2240,2240
1.5645,-1.83826,-0.810193,-2.0949,0.151533,-0.844027,2.99314,-2.64237,-3.07115,-0.854979,1.0367,1.82472,-5.30274,1.00135,-1.50651,0.775818,35.624,-868.64,-484.096,9660,1820,2100
-10.8848,-14.239,-5.50744,-10.8873,-6.82334,-2.77588,1.32733,-2.57247,-15.4546,-9.20705,-8.62529,-6.22157,-6.9526,-3.44369,-5.15575,0.436127,37.088,-870.592,-488.488,10080,1960,2240
-12.562,-16.0309,-4.77071,-17.2344,-11.5507,-3.20171,-3.8986,-4.9944,-15.924,-7.6488,-7.87639,-9.96724,-6.659,-6.3751,-11.3762,-2.60204,35.624,-870.592,-487.512,9940,1680,2240
-7.64178,-11.1922,-0.464268,-18.0025,-13.1622,-0.0614355,-6.80686,-2.90294,-6.17824,-5.51755,-4.40111,-8.3304,-4.55636,-5.32459,-14.7026,-4.98879,34.648,-872.056,-485.56,9940,1540,2100
-4.71291,-6.28997,7.50017,-9.85562,-6.97751,5.08727,-3.71207,1.52322,-3.96284,-1.34565,-0.0501236,-1.59472,-3.40366,1.12859,-7.47095,-3.01391,34.16,-870.104,-487.024,9660,1540,2240
3.92799,5.30364,12.4068,6.58649,1.7102,5.32202,3.51494,2.11051,5.5761,3.14894,3.51281,7.31047,1.37407,4.77537,8.78283,0.992339,34.16,-870.592,-485.072,9800,1400,2380
7.96977,10.8574,11.9667,11.1775,5.63938,5.66355,4.49192,2.79075,11.9655,4.72242,5.09067,7.60233,3.0016,5.74193,8.33269,4.36863,34.648,-869.128,-487.024,9660,1120,2380
8.15659,7.96812,8.88361,6.15623,1.77044,3.65374,-2.02997,-0.446666,11.8334,5.95971,8.39163,0.854709,1.4967,2.88229,-1.07601,2.35104,32.696,-868.64,-485.072,9520,1120,2240
1.46151,0.833253,4.48432,2.60721,-1.1559,-0.519148,-7.89633,-1.24371,2.82002,4.08804,6.72367,-5.76573,1.49824,-2.09616,-5.99439,0.526044,36.112,-868.64,-485.56,9380,700,2240
-2.36828,-2.8922,-2.22132,0.913306,-1.09988,-0.756783,-6.20905,0.500704,-0.938299,2.49725,5.82904,-7.83221,3.01334,-4.68426,-1.47589,1.78216,33.672,-867.664,-488,9380,560,2240
4.10742,4.59647,-0.148248,8.92522,5.9856,2.6108,3.88163,5.92798,5.24037,6.62113,6.18022,0.156346,9.11841,1.51505,7.89909,5.5591,31.232,-869.616,-487.512,9100,420,2380
8.10302,9.49707,4.67461,15.652,14.7601,6.7124,13.0321,12.5501,7.41835,8.61416,3.52208,8.52251,14.3522,10.5567,15.4945,11.4997,32.208,-870.104,-488,9380,280,2240
6.84779,5.89202,3.9696,12.3469,14.8486,5.53428,13.2275,12.3742,3.88206,8.66874,-1.06168,5.07775,10.8166,11.0587,12.3082,11.2857,33.184,-870.104,-486.048,9100,140,2380
3.32199,1.16537,-0.436895,3.59379,9.22008,2.43266,6.27043,8.26459,3.44516,4.65815,-5.89672,-2.69172,6.84701,5.5594,-0.210785,3.41929,30.256,-871.568,-486.048,9240,-140,2380
2.4834,3.0259,-1.73877,0.892845,6.81352,-0.941501,1.5714,1.58598,5.8518,2.09126,-8.28572,-3.7767,1.18177,0.239696,-1.98289,-2.73299,33.672,-868.152,-486.536,8960,280,2520
-2.22023,-0.736732,-0.13145,-0.248624,4.56177,-2.8249,1.81605,-1.28678,0.17481,0.420421,-8.20187,-4.01498,1.36225,-3.21664,1.72671,-3.03346,34.16,-870.104,-489.952,9240,140,2380
-5.46989,-3.36552,0.465497,1.89864,4.82763,-1.23114,6.22931,0.348927,-5.77485,-0.910177,-7.10768,-1.84922,0.338649,-0.816316,6.53421,-0.42392,32.696,-873.52,-488.488,9240,140,2380
-9.29285,-9.61575,-2.29972,-3.30043,-2.743,-1.04072,-1.38127,-0.545662,-14.1086,-4.36944,-8.58556,-4.49905,-7.04645,-3.52713,-2.93069,-4.29,33.184,-870.104,-488.488,9240,420,2520
-5.48397,-10.0265,-4.77899,-10.9417,-12.0208,-3.71934,-13.5524,-4.75087,-6.50081,-5.78262,-8.40192,-5.04303,-10.3871,-9.32621,-15.1008,-11.2207,31.72,-870.104,-486.048,9520,420,2520
-0.305529,-4.3778,-4.07584,-8.96708,-13.9955,-4.82142,-16.2298,-10.3791,4.73185,-3.09126,-0.790137,-1.07863,-10.5335,-10.4228,-12.6789,-13.5525,28.792,-869.616,-488,9380,420,2380
-5.99395,-9.23671,-7.78248,-11.1345,-19.0544,-7.50472,-18.2759,-14.1136,-2.16971,-8.27667,2.12724,-2.88005,-8.90927,-13.0331,-11.7338,-15.0858,30.744,-868.64,-488,9240,420,2380
-1.17111,-1.36688,-4.68342,-4.33239,-12.2839,-6.21146,-9.80962,-12.3746,0.675073,-5.61622,4.95804,0.185353,-8.96057,-5.48348,-3.10332,-6.40021,27.328,-867.664,-489.464,8960,280,2100
5.27981,6.96857,0.826023,3.31298,-2.31846,-1.51149,0.552247,-6.42913,4.97578,0.970278,7.86401,3.79411,-1.61257,3.82417,4.79873,3.63002,23.912,-868.64,-488,8820,420,1960
0.649487,6.00307,-2.41041,5.08846,1.69324,-1.52156,3.42365,-5.06285,-1.61525,-1.72048,2.25346,3.07868,1.20814,3.1994,6.72976,4.87052,27.328,-870.104,-486.048,8680,-140,1680
-7.40304,4.96506,-7.79365,7.56915,4.27704,-2.95195,6.35586,-4.92924,-5.77636,-13.788,-6.21361,2.4775,-1.77284,1.91034,10.6823,4.443,24.888,-870.104,-485.072,8820,-420,1540
1.07902,12.8788,-2.1582,12.7774,10.6768,1.05675,12.1897,1.81244,2.61836,-6.39453,-4.24242,11.9366,5.0482,8.2244,11.1694,7.52678,24.4,-867.664,-485.56,8680,-700,1400
11.0184,14.1343,6.64622,10.3267,12.2446,6.07149,15.3267,7.46824,5.97944,7.1029,3.79757,17.759,12.0156,13.6793,7.43494,10.1588,26.352,-869.128,-485.56,8680,-1120,1120
11.2799,3.91211,6.50145,-0.576673,3.43495,3.66311,9.64629,3.59887,3.18292,10.3747,8.35921,9.38931,8.45188,7.67544,1.51407,5.45646,25.376,-872.544,-488,8680,-840,980
3.55126,0.203667,2.63914,0.161774,-1.19487,-0.334147,8.10214,-0.384523,-0.420162,3.73579,4.36757,-1.38161,2.61209,0.369308,8.30587,2.39713,22.936,-870.592,-490.44,8400,-840,980
-2.81476,0.420695,2.20368,1.62872,2.35983,-1.30823,7.476,2.37432,-4.46833,-1.84977,0.337761,-6.01548,-0.257168,-1.6358,10.9678,4.26452,23.912,-870.104,-486.048,8400,-840,700
-1.81218,-1.42425,2.16073,-1.16066,3.95345,0.287936,3.80866,3.19052,-3.58096,-0.760471,1.27434,-6.89795,1.70858,-3.82174,5.01886,6.09846,24.4,-870.104,-486.048,8260,-700,560
4.79465,2.35325,4.96163,1.70345,7.3479,4.29918,5.56677,8.27193,2.74561,3.25035,2.93031,-2.68886,3.93838,0.102498,5.06518,8.94702,23.912,-870.592,-482.144,7980,-980,420
15.5937,9.58917,8.50306,4.28144,11.0531,9.75828,3.7878,15.4966,14.3625,13.3735,7.4675,5.74763,4.58578,6.70768,0.216406,9.44477,24.4,-868.152,-483.12,7840,-560,280
11.7924,0.674716,2.48103,-8.80877,-0.334696,6.32119,-11.1969,10.5391,10.3998,11.8541,8.15435,1.02111,4.23276,1.16243,-19.2623,-2.25239,23.912,-870.592,-481.656,7560,-840,140
-1.92868,-14.5168,-4.12158,-23.7959,-13.8509,0.766283,-21.0748,1.94003,-4.23123,2.46829,5.86714,-9.25178,-0.433616,-5.67386,-29.7999,-12.5164,23.912,-871.568,-480.192,7700,-560,140
-11.8441,-18.2134,-6.4728,-18.3014,-14.1066,-1.22311,-16.3336,-0.630106,-12.264,-6.73714,-0.509244,-8.49659,-3.95857,-6.37765,-17.6897,-14.5781,26.352,-871.568,-481.656,7420,-980,280
-11.6448,-11.4937,-3.85498,-6.8624,-7.83415,-2.31014,-6.31167,0.317023,-7.35332,-7.78918,-3.45056,-2.97349,-5.46263,-4.04494,-3.29499,-9.58603,23.912,-871.568,-479.216,7560,-980,0
-9.75561,-6.50093,-3.12192,-3.39331,-4.69802,-0.754025,-1.41767,1.14461,-1.82212,-6.07878,-4.66743,-1.9346,-4.71743,-2.15502,-0.104132,-3.85709,23.912,-872.056,-483.12,7420,-980,0
-13.3894,-10.2225,-5.52894,-8.84451,-8.04984,0.660193,-4.34344,-1.06711,-8.709,-6.6668,-8.82286,-3.74357,-4.59477,-3.73244,-4.87779,-5.78564,25.864,-872.056,-480.68,7000,-980,0
-18.8806,-17.4123,-7.80183,-12.4895,-13.2931,0.271856,-8.53171,-4.98153,-19.2789,-10.9599,-11.9693,-8.54591,-8.34908,-5.76195,-8.36842,-9.25344,26.84,-869.616,-486.048,7000,-1120,140
-23.9935,-22.5545,-11.9816,-11.2375,-17.2977,-4.93413,-9.21001,-10.301,-27.634,-15.6257,-15.5053,-14.5915,-13.0517,-10.3503,-6.71452,-10.5528,26.84,-869.128,-482.632,7140,-1120,0
-20.6838,-15.9128,-8.36299,-3.87682,-12.1366,-7.0387,-2.95638,-9.27469,-23.0125,-14.5727,-16.5229,-11.2608,-12.6157,-9.37742,2.84541,-3.81331,25.864,-871.568,-479.216,7000,-980,0
-9.76531,-4.37111,-1.70382,3.68295,-3.64417,-7.10652,-0.629303,-7.65633,-9.46483,-8.98525,-10.4925,-3.79179,-9.63194,-4.87663,5.18746,-1.80197,26.352,-870.104,-485.072,6860,-1120,140
5.70797,12.7285,3.45101,14.6592,5.06788,-5.06461,1.25552,-7.07294,11.0922,0.595423,-2.02271,3.83925,-2.43065,0.826789,4.05642,0.795016,27.328,-869.616,-480.68,6720,-840,0
13.4293,15.0452,3.95416,11.5717,5.23331,-5.4854,-3.94444,-9.08448,18.4544,6.11507,0.376795,2.73657,2.56907,2.16231,-7.63247,-1.59348,26.352,-869.128,-478.728,6720,-700,-140
15.2568,9.16623,2.56039,0.821717,1.76598,-7.427,-8.04473,-9.58616,19.585,9.59055,2.85921,1.57522,4.22271,-0.197644,-15.3528,-4.60116,27.816,-871.568,-482.632,6440,-420,-140
22.2619,19.9427,8.14697,16.6285,13.9505,-2.84553,7.35116,-2.44075,26.2617,15.2745,9.98844,12.2349,8.68384,7.9039,8.10643,7.27605,26.352,-871.568,-481.656,6580,-280,-420
27.3547,30.7795,15.7702,31.2652,28.2946,5.67966,22.6176,7.60066,31.1006,20.014,17.8261,22.9738,17.8442,18.4751,26.6925,19.1627,27.816,-873.032,-483.608,7000,-140,-560
25.6349,32.6751,18.6387,31.2556,32.2097,12.8245,26.6956,13.5296,29.0134,18.9712,17.6699,25.8462,20.6917,22.6476,28.9024,23.6663,26.84,-873.032,-486.536,7420,-140,-700
12.3175,14.6298,9.10026,13.0814,18.3793,8.88689,18.6094,7.83393,11.8159,12.194,11.9204,12.0827,11.0782,13.7508,19.47,15.3873,26.352,-874.008,-485.56,7280,-280,-700
3.12245,1.16785,-0.891486,0.598601,6.86888,6.71017,10.9191,5.5244,4.17392,6.83201,7.75359,-1.08293,6.30157,5.05671,11.3251,8.14333,28.304,-872.544,-484.096,7560,-280,-840
0.114818,-3.35106,-3.11324,-4.87191,0.407998,3.14742,1.2956,1.52873,0.805382,3.19883,4.50437,-6.79429,2.50423,-2.06598,1.47372,-0.765274,28.304,-874.008,-483.608,7420,-560,-980
-3.9783,-6.98908,-5.00782,-9.07714,-4.03923,-2.19133,-4.8129,0.0981628,-7.55391,-1.44573,1.94871,-10.327,-5.91122,-7.46716,-6.80363,-5.06111,30.744,-871.08,-482.144,7420,-980,-980
-5.67385,-4.96595,-4.75296,-2.21985,-0.694256,-1.17917,0.120652,4.10587,-13.472,-6.69815,-0.576602,-7.76206,-6.57317,-5.51466,-0.27647,0.377446,27.816,-868.64,-483.12,7280,-1120,-1120
-0.928048,0.548714,-1.48163,4.95604,3.41296,2.25629,2.67064,6.34423,-9.29434,-4.73306,4.13937,-0.386992,-2.37356,-1.55046,5.84565,4.06017,28.304,-871.08,-482.144,7140,-1260,-1260
-0.785047,2.7114,0.840857,8.61967,2.40722,4.18593,2.70114,6.25759,-9.41072,-3.90201,5.82481,3.86358,0.23725,0.132007,8.63239,5.48988,29.768,-871.08,-481.656,6860,-1540,-1260
-0.244996,3.16749,2.59484,2.44688,-2.23215,4.77845,-0.387068,6.47372,-3.11693,-2.09821,3.55232,4.59393,0.87022,-0.248973,2.68592,4.33531,28.792,-870.104,-481.168,6720,-1680,-1400
2.21096,1.07308,3.94182,-7.18262,-7.33884,4.77532,-7.50326,4.1507,2.75628,1.6549,1.9363,5.28384,1.07953,0.325566,-11.3233,-2.17395,30.256,-870.104,-483.12,6860,-2240,-1260
-4.67797,-7.81076,0.290574,-17.6573,-15.0128,-2.35238,-15.8479,-2.85506,-3.04394,-3.15021,-6.45539,0.483332,-1.59067,-3.49486,-22.5109,-12.351,31.232,-873.032,-485.56,6860,-2660,-1260
-16.8373,-19.3491,-6.51251,-21.8833,-19.6497,-6.23614,-12.2891,-5.58,-18.543,-12.2011,-15.7343,-10.8111,-7.48136,-6.8396,-13.8385,-12.7701,31.72,-872.056,-481.656,6860,-2800,-1120
-23.1155,-26.5902,-11.7453,-24.7628,-19.6211,-6.56308,-9.8999,-7.14077,-27.2321,-15.7,-18.1197,-16.959,-7.6003,-9.7981,-10.2558,-12.5355,33.672,-874.984,-479.704,7000,-2800,-980
-18.0326,-22.0022,-11.0294,-23.064,-16.7526,-6.29659,-10.8687,-8.01089,-15.9108,-12.0234,-17.4949,-14.465,-8.4014,-10.3401,-14.1214,-12.4576,32.208,-874.008,-482.144,7000,-3080,-980
-7.45518,-8.6136,-4.44459,-9.20115,-8.38484,-3.50703,-3.83199,-5.33043,-2.94402,-5.06686,-15.6497,-4.59855,-5.58321,-5.77222,-6.9582,-7.93747,31.232,-874.008,-481.168,7280,-2660,-840
2.487,1.92931,-0.337745,-1.23066,-3.17508,-2.04921,-2.0585,-4.7445,8.7795,1.17368,-7.22502,3.74123,-3.18504,-4.1796,-4.29216,-5.79021,31.232,-873.52,-480.192,7280,-2380,-840
4.04941,3.15473,-0.402828,-3.38191,-3.55098,-1.82547,-4.2191,-6.0577,7.45458,1.09992,-0.915634,1.93789,-3.51308,-4.62723,-7.02126,-4.05014,29.768,-872.544,-481.656,7280,-2380,-700
-1.78068,-0.396089,-4.51309,-4.12303,-2.05822,-3.93508,-4.27568,-6.66618,-2.10906,-3.706,-3.54651,-4.43736,-5.5315,-5.11092,-6.43955,-2.49329,31.232,-874.496,-482.144,7140,-1960,-840
-1.71274,-1.18743,-0.0841838,-0.375713,2.73374,-2.89674,0.622757,-3.37684,-5.01782,-2.85965,-2.1587,-4.56936,-1.39419,-1.8401,1.02554,0.416281,30.256,-873.032,-481.656,7140,-1820,-700
9.22024,8.98002,8.98996,9.77851,11.3302,1.28631,10.4056,2.21839,4.73449,4.93174,6.9924,6.40622,4.33692,6.96671,13.6351,7.32153,31.232,-874.984,-483.12,7140,-1680,-420
10.5489,13.3038,12.8305,18.5283,15.0777,4.1571,16.4079,6.95797,7.90782,8.79341,8.90062,13.8573,11.275,12.0871,22.7766,11.7993,31.232,-874.496,-481.168,7000,-980,-560
6.77592,10.3283,9.49055,16.6109,13.4877,5.17574,12.1188,9.18171,4.11312,8.00962,8.30609,13.2821,14.872,11.0962,17.8672,11.1101,28.304,-874.496,-482.144,7000,-700,-700
7.81875,6.39809,1.49228,11.6874,9.50538,3.63533,5.40273,5.65757,3.76562,8.88485,12.1032,9.89436,9.04825,8.01666,7.62174,8.4278,29.28,-873.032,-482.632,7000,-560,-700
5.86653,1.99092,-3.31762,7.64393,4.83898,3.5508,2.53115,6.46513,4.32016,7.50872,10.6235,2.14658,4.3291,3.81835,3.51878,6.37662,28.792,-871.568,-483.12,6860,-140,-700
-1.85128,-2.66714,-9.42151,2.73688,-1.22532,0.384275,-3.35973,3.49167,2.76604,-1.51939,1.86848,-6.93747,-6.91448,-2.82118,-2.27541,-0.153081,27.328,-873.52,-481.168,6860,140,-560
-6.13158,-5.12275,-11.1696,-2.12333,-4.69275,-3.78572,-11.0189,-1.225,1.43843,-6.94282,-1.99615,-8.69183,-9.91546,-6.91966,-12.5339,-7.64802,26.352,-870.592,-480.68,6580,280,-560
-3.75509,-2.53856,-6.78502,-1.59002,-2.40804,-2.81335,-6.68607,-5.3716,3.15535,-5.3305,2.3676,-6.64341,-5.83244,-5.21636,-8.74463,-5.74853,27.816,-870.592,-482.144,6160,560,-560
0.0877697,2.56126,-2.43014,2.96403,3.13921,0.266676,0.523034,-5.34366,6.7841,-1.04495,5.30599,-3.70908,-2.07341,-0.426339,-1.41223,-2.38982,25.864,-873.032,-477.264,6160,700,-700
-2.80127,1.04541,-2.36071,2.82094,2.03316,-1.33177,-1.59699,-4.098,2.12435,-2.95512,2.40032,-6.47941,-2.39086,0.810672,-2.73874,-3.59264,27.328,-873.52,-480.192,5880,700,-840
-2.11547,2.52628,0.0296009,3.07071,1.18787,-2.69587,-2.30648,-3.8698,2.19026,-1.06684,-2.1023,-5.76348,-1.93887,3.21768,-0.955883,-3.60973,26.352,-873.52,-483.12,5880,700,-840
-2.77298,1.44565,2.26711,2.67036,0.780892,-1.33165,-0.799973,-2.32019,0.00876957,0.231957,-5.25548,-1.31693,1.55374,4.94161,2.72764,-0.842646,26.84,-873.52,-481.168,5880,700,-840
-2.13151,-2.71612,4.13495,0.494101,-0.873282,1.09223,1.35915,-0.503632,-1.45323,1.01588,-2.66865,1.83917,2.18368,5.93361,2.27543,4.04877,30.256,-875.472,-480.192,5740,420,-980
