-14.5816,-12.5275,-9.46549,-10.9501,-13.4947,-6.73211,-10.018,-10.8768,-12.2529,-13.4434,-14.5533,-15.0896,-11.899,-8.3828,-6.08849,-5.07948,-10.736,-854.976,-507.032,3640,560,-560
-10.4299,-12.3501,-12.0584,-10.1253,-14.8235,-8.45552,-10.8476,-11.5464,-5.83803,-10.9576,-10.3048,-17.0679,-10.7405,-8.16809,-10.4082,-8.27019,-8.784,-856.928,-507.032,3220,280,-420
-5.63501,-10.8825,-9.87061,-4.59958,-9.33015,-9.25753,-6.73769,-11.0069,-1.71998,-10.0802,-8.71174,-16.2041,-7.69223,-6.41364,-7.95149,-7.19015,-12.688,-858.392,-508.984,3080,0,-560
-2.43545,-7.62158,-6.32456,1.33723,-2.566,-8.73987,-1.07732,-7.26756,1.18172,-7.60002,-3.67795,-12.2611,-3.3602,-3.10383,-3.55767,-3.12762,-14.64,-859.368,-511.912,2800,-420,-700
-1.35402,-4.25948,-4.8057,2.07136,-2.15686,-7.67942,0.952545,-3.63308,3.04952,-3.39051,0.298058,-9.10886,-0.34308,-0.873673,-4.00518,-3.37727,-8.784,-855.952,-508.496,3080,-700,-700
-0.404186,-5.49978,-4.43272,-3.25778,-5.67403,-8.21839,-2.60846,-1.33667,2.36338,-1.64448,1.17782,-6.82504,1.23333,-1.94877,-9.64995,-9.58779,-8.296,-857.416,-508.984,2940,-420,-700
-3.49557,-7.4585,-4.68443,-3.55055,-3.64356,-7.06603,0.117482,3.17309,-2.87666,-4.11925,0.275683,-2.20861,2.37994,-0.708437,-6.85621,-6.90196,-5.368,-859.368,-511.912,3080,-700,-840
0.316452,-1.71542,1.8947,2.02088,2.94626,-0.895959,5.95209,9.15476,-1.4694,0.289833,2.69838,6.30112,5.57257,4.76738,1.5924,0.0299741,-5.856,-857.904,-509.472,3360,-700,-700
11.3961,9.68626,13.2338,11.2998,10.604,5.12731,11.8546,12.7716,7.55836,8.32674,6.28107,17.4461,10.6777,11.4453,11.2157,8.6526,-4.88,-855.952,-507.52,3080,-980,-980
5.25862,3.30252,11.5079,5.48696,7.50097,6.00043,7.08188,12.0313,-1.23757,3.76809,5.09264,14.6016,9.99632,9.29832,7.52296,10.1769,-1.952,-856.928,-510.936,3080,-1400,-980
-1.10806,-3.30821,4.45438,-2.39554,2.69009,7.34077,0.744177,9.34577,-11.5823,-0.0579114,5.28323,7.62367,3.15088,6.50355,1.27897,8.34857,-2.928,-859.368,-511.424,3640,-1120,-1120
-0.339414,-2.31405,0.287778,-5.09864,-0.280285,5.40748,-4.20115,6.39404,-13.6092,-0.74149,5.72691,4.1034,0.321979,2.67517,-2.5366,4.62857,-2.44,-857.904,-509.472,3780,-1120,-980
1.81474,-3.12667,-1.37559,-9.55129,-2.62456,4.36171,-8.13208,3.92244,-11.2543,0.242984,5.30382,1.32815,-1.43204,-0.729497,-7.765,1.29217,-1.464,-858.88,-513.864,4060,-1400,-840
4.63276,0.0259423,-0.097881,-7.53687,-1.74563,3.59916,-8.30102,0.67098,-5.81407,1.1327,4.02697,0.511262,-0.647184,-2.27615,-9.15407,0.470165,-1.464,-857.416,-510.448,4060,-1400,-700
7.43452,3.54937,-0.979509,-4.53073,-1.738,3.33491,-5.9251,-2.05741,0.47482,3.66326,5.10009,-0.865062,-2.49128,-4.2661,-6.56924,-0.343295,-4.392,-856.928,-511.424,4060,-1260,-560
3.34825,4.02061,-0.173597,-4.00923,-3.81704,3.04031,-4.28135,-3.20695,1.05598,1.55267,1.2449,-3.03234,-5.70964,-5.66329,-2.72207,-2.12638,-2.928,-856.44,-510.448,3780,-1260,-280
-0.334365,3.79157,1.16778,-1.66181,-2.21397,3.50154,-1.85492,-3.20628,1.70527,-0.920944,-6.01387,-2.6425,-5.63723,-6.47148,0.615039,-5.04374,-2.44,-855.952,-510.448,3500,-980,-280
1.48423,4.38999,1.24983,0.0156838,1.52694,4.46596,1.77458,-1.44728,4.25533,0.730535,-6.78107,0.90372,-4.0558,-5.04612,3.3687,-5.39091,-3.904,-856.44,-508.008,3640,-980,-140
1.7624,2.86802,-1.11475,-1.54788,0.540612,2.25497,1.63502,-0.228785,5.23031,1.22864,-4.80416,3.26505,-1.32936,-5.1629,3.25953,-5.32461,-5.856,-853.512,-507.032,3500,-700,0
2.16108,3.58209,-2.5573,1.67714,4.05563,2.9248,5.37135,2.05276,7.90812,3.90945,-2.13434,7.86798,0.0806354,-0.512006,5.27572,-0.206591,-5.368,-854.976,-506.056,3360,-700,140
-0.0694684,4.10718,-2.55468,7.4787,8.77498,3.65992,11.1302,5.44827,5.97414,3.5014,-0.220721,9.59211,2.39285,4.99388,11.2963,5.40471,-6.344,-856.928,-507.032,3220,-1120,420
1.74547,3.52947,-0.801135,8.36837,8.20887,3.64048,9.26947,2.3041,10.364,7.01716,3.70643,9.05655,4.34374,7.55567,8.5692,5.65228,-7.32,-856.44,-505.08,3080,-1120,280
0.881089,3.77873,1.78991,6.96118,5.00615,1.41616,4.872,-2.2326,13.189,8.88172,4.98747,4.84235,2.08527,8.01776,3.96184,5.79081,-7.808,-858.392,-505.568,3080,-1540,420
1.00331,8.42747,4.21021,14.3637,8.19296,0.119373,11.6372,-1.44744,15.4762,10.0625,3.87956,4.87909,0.739855,10.9872,13.215,11.6439,-10.736,-855.464,-503.128,3080,-1820,560
0.0167348,7.36281,3.50079,11.0727,4.5699,-4.10655,5.74018,-6.08916,13.1072,9.84798,4.04991,0.20163,-0.16145,9.03827,5.78818,7.10548,-6.344,-859.368,-507.032,3360,-2100,700
-4.89435,1.8021,1.90835,5.76352,-1.7154,-8.21325,0.124544,-8.42594,5.15221,5.09426,0.767424,-5.92483,0.734889,5.39697,2.12571,0.287365,-5.856,-858.88,-506.056,3640,-2100,420
-7.02618,3.32273,0.286346,10.4729,1.42965,-9.53402,4.46442,-7.03724,-0.448271,-0.00143347,-3.76836,-3.69297,0.692009,6.73241,9.7059,2.88959,-3.904,-862.296,-505.08,4200,-1960,420
-13.7802,-7.37771,-8.40407,-3.15744,-7.02899,-14.7069,-6.94698,-11.9237,-9.58183,-8.35095,-7.17165,-9.96193,-3.80765,-2.7477,-4.44933,-4.22365,-3.416,-861.32,-507.52,4760,-1820,420
-17.0843,-18.6105,-13.0951,-18.5174,-17.9394,-17.5609,-19.6093,-15.6644,-15.6053,-12.0969,-5.78796,-18.6287,-4.58663,-12.329,-19.324,-14.2445,-1.952,-861.808,-508.984,4760,-2100,280
-8.76198,-11.6861,-8.33918,-12.2502,-11.5386,-11.3249,-13.6451,-9.85346,-12.3231,-10.2917,-4.11077,-13.2636,-0.570669,-9.62698,-13.3139,-12.9082,0.976,-864.248,-508.496,5180,-2380,280
-3.61346,-4.7036,-5.13477,-3.95542,-3.57457,-2.9837,-2.80526,-0.684097,-8.60734,-10.656,-3.91105,-3.45904,4.34346,-4.6593,-2.20019,-6.6824,0.488,-863.272,-507.032,5040,-2800,420
-5.88361,-10.3625,-7.05867,-7.72141,-7.69775,1.08511,-1.47959,5.23675,-13.0914,-14.4182,-4.95632,-7.75913,3.39957,-6.9693,-3.47827,-6.53379,1.464,-863.272,-506.544,4900,-2660,420
3.6018,-6.29074,-1.05795,-3.8227,-3.78163,4.14236,-1.38731,8.14535,-5.42808,-9.86458,-1.6775,-7.92248,4.81286,-5.60214,-4.12528,-6.6567,0.488,-863.76,-508.008,5180,-3360,140
4.35982,-5.47522,2.3903,-2.09656,-2.48688,4.11076,-5.82505,8.79506,-5.37685,-9.41732,2.07967,-8.83861,7.29891,-6.83038,-7.51566,-5.35327,-0.488,-865.224,-506.544,4900,-3500,280
3.74061,-5.60167,3.71958,-3.21082,-1.34037,5.86258,-7.12455,8.73167,-3.99845,-5.59161,5.31208,-3.75947,3.68181,-7.01622,-8.32248,-3.45776,-3.416,-863.76,-503.616,5040,-3360,140
9.02756,1.82343,7.97046,3.62322,6.85773,7.93595,2.53996,11.0617,4.50652,2.76421,6.0216,5.90664,-1.43278,-0.320276,2.95029,4.83522,-3.904,-863.76,-508.496,5040,-3360,140
13.4218,7.36484,10.2435,3.74372,9.05076,9.0587,3.24122,10.3492,12.1697,8.81967,1.53184,10.7891,-0.0463062,1.23847,1.87845,4.31622,-4.88,-864.248,-505.08,4620,-3080,0
7.46647,4.92662,7.6513,-0.461502,9.91674,9.82813,3.89066,8.15281,5.37562,6.32562,-5.01041,10.3396,-1.25877,1.61595,0.2865,6.6828,-1.464,-864.248,-508.984,4900,-3080,140
-0.801327,-2.0413,3.61729,-5.12626,5.0755,7.55901,1.41939,7.01881,-6.18906,-0.279103,-6.99212,4.63651,-2.66797,-1.51282,-1.60433,8.97456,-1.464,-865.712,-508.984,4620,-2800,280
3.41882,1.78224,3.91738,-5.27862,2.72306,6.81993,-2.61534,3.54567,-2.6532,1.60496,-1.34859,3.38232,-1.33309,-3.13108,-4.77552,8.31678,-6.344,-862.296,-509.96,4900,-2660,700
6.0348,5.38484,5.02809,-3.07402,2.42333,7.42558,-0.76774,3.18063,0.468177,5.22165,3.18742,3.35335,-0.209412,-3.60117,-1.07569,7.18306,-7.808,-861.32,-510.936,4760,-2240,700
6.8037,7.88413,5.85113,2.0023,3.73735,7.24305,4.26788,1.99998,1.60961,7.31323,4.29285,6.60959,-1.03948,0.442952,5.68062,4.8155,-8.784,-862.784,-506.544,4620,-1680,1120
3.94135,7.29153,2.70684,5.93728,4.75192,4.87073,9.36759,3.15176,-1.14783,6.04169,2.24836,9.13282,-4.54634,6.04932,7.45253,7.40176,-11.712,-857.904,-507.032,4620,-1260,1400
5.9284,11.1402,4.35517,10.7298,7.26345,4.64767,12.1979,4.81781,4.59351,10.3398,4.83081,10.7239,-0.00808455,10.3779,10.1169,8.05927,-10.248,-858.392,-507.52,4200,-1120,1680
2.47108,7.68717,2.71598,8.06268,3.42702,1.86528,10.5209,-0.331307,2.7133,8.01914,6.41954,4.05639,-3.47633,7.71354,11.0075,4.89877,-10.248,-858.88,-508.008,3920,-560,1960
0.908413,3.39867,-1.51892,-1.16418,-5.23994,-4.32979,-0.845923,-8.00214,1.85991,2.69731,6.16308,0.331557,-6.29362,0.885085,-1.34257,-5.70196,-12.688,-857.416,-507.52,4060,-280,2240
-1.16829,1.60613,-3.36638,-2.21178,-5.96862,-5.4161,-0.426962,-10.1409,0.694617,-1.12708,3.71053,-0.814889,-6.67716,2.04383,-1.87669,-4.60956,-14.64,-858.392,-507.52,4200,-140,2380
-7.74557,-0.829056,-4.37323,-0.847553,-2.43298,-5.28663,5.31181,-7.55762,-3.70564,-5.08686,-2.44463,-0.487601,-9.34251,3.18279,5.41695,0.408344,-13.176,-858.88,-505.568,4200,280,2660
-9.03047,-3.37067,-3.96346,-3.22856,-3.60895,-8.43495,0.166815,-8.57127,-1.8487,-4.24932,-4.22382,0.38945,-6.36312,1.82455,0.614875,-4.76625,-18.544,-858.88,-508.008,4060,420,2660
-5.87382,-4.02055,-2.63933,-3.77508,-5.79884,-8.93984,-4.07377,-5.40461,1.75194,0.394258,-0.948261,-0.40797,-1.17908,3.08782,-4.12722,-5.7516,-18.544,-858.88,-507.52,4200,980,2800
-3.44617,-1.19915,-1.059,0.80901,-3.095,-8.10075,-2.50082,-2.05352,3.70822,0.940236,-0.283231,-3.31798,2.278,5.47551,-0.729074,-5.23859,-15.616,-856.928,-509.472,4620,1540,2660
0.126608,2.60933,1.44,4.74785,-0.435819,-6.77693,-3.7918,-2.273,7.67126,1.22483,0.140546,-4.00881,4.9941,6.92368,-2.14023,-6.39827,-18.056,-859.368,-509.472,4900,1680,2800
3.67563,5.84967,2.43094,9.8711,3.36279,-3.77417,-1.00305,-2.5724,11.1788,1.81435,0.616788,0.734777,7.16281,9.27169,1.85759,-1.71451,-16.592,-856.928,-509.96,5040,1960,2380
-0.904772,-0.165302,-3.68148,6.96749,-0.186532,-5.37741,-1.52034,-5.61845,5.98689,-3.13476,-6.21741,-0.664465,4.38782,7.01967,2.60432,-0.0422896,-15.616,-856.44,-509.96,4900,1820,1960
-6.24773,-7.36376,-11.1921,-0.876138,-6.58242,-8.60284,-9.35651,-9.83427,-1.60452,-7.71354,-6.96897,-4.73277,0.952005,0.925947,-2.19402,-7.23285,-15.128,-857.904,-514.84,5040,1680,1820
-8.46848,-10.3168,-15.4998,-2.37812,-8.86605,-8.49953,-12.2803,-9.09847,-4.60792,-8.54427,-3.62513,-7.54057,2.62971,-4.63612,-2.6243,-11.4364,-12.688,-856.928,-509.96,5180,1680,1400
-5.31242,-5.97089,-13.6269,-0.00155196,-5.31415,-4.55385,-7.69836,-5.42738,-5.00076,-3.16748,-1.3816,-6.76215,5.74838,-4.13684,-0.847165,-6.87933,-12.2,-859.856,-508.496,5320,1540,1120
-3.68212,-6.08308,-10.4832,0.946126,-0.748786,-0.269581,-2.52811,0.31586,-7.8404,-0.650906,0.539135,-6.41592,7.66524,-3.75884,1.59751,-0.48645,-8.296,-858.88,-510.448,5040,840,840
-5.49728,-11.0184,-8.67719,-3.24965,-0.0310386,3.60095,-0.799185,8.61533,-9.73502,-2.0576,0.562038,-8.07198,10.5315,-7.62662,-1.83983,2.94492,-7.32,-859.368,-511.424,5180,420,560
-2.81868,-14.5602,-7.46165,-13.2445,-5.50017,1.16476,-5.27585,4.29833,-8.46402,-0.924488,1.0085,-13.7382,1.65905,-14.3513,-11.394,-1.29524,-7.32,-861.808,-507.032,4900,0,280
4.64702,-6.1479,2.17624,-10.7491,-1.79244,1.11579,-3.98193,3.49486,0.311121,3.38638,-1.41284,-5.62673,1.76569,-13.1698,-11.4713,-2.27243,-5.368,-866.2,-510.448,4760,-280,0
10.8838,7.95518,13.9221,5.28843,10.4133,6.32148,8.70684,7.48151,5.77858,5.56643,-0.101543,9.1934,4.57831,-2.97069,4.93342,6.29037,-5.368,-863.272,-513.864,4900,-560,140
0.477307,4.67229,11.2115,6.51174,8.40268,5.86633,11.3078,5.97553,-5.09851,-4.74281,-3.71498,6.33937,-2.8955,-3.58056,12.096,10.9818,-0.488,-866.2,-518.256,5040,-560,0
-2.33797,-0.252216,7.42937,-6.07991,-0.631361,4.59899,-0.0631657,1.87808,-6.31556,-6.80104,-3.17577,2.24934,-5.06737,-9.0268,-0.986987,5.1241,-0.488,-873.032,-516.304,5180,-840,0
1.04034,1.07974,7.56348,-7.01112,-0.39359,4.92449,-0.610454,0.997971,-2.17561,-3.14174,-0.280748,0.805801,-7.04344,-8.08717,-0.840062,3.29141,-0.976,-868.64,-517.28,5740,-280,280
-1.18054,0.786622,9.53159,-3.13936,2.26363,9.24501,5.19478,5.40445,-3.44066,-3.45403,0.353142,-0.19202,-6.60594,-5.78176,1.57342,5.50135,-0.488,-868.64,-512.4,5600,-140,420
3.97883,3.20646,10.5116,-5.45613,0.514239,13.2757,2.96239,7.50655,1.35975,1.74845,4.61002,2.13473,-4.46262,-4.02129,-6.67207,3.42514,-5.368,-871.08,-514.84,5600,420,700
11.5032,10.7274,13.2505,0.605307,4.01695,15.1605,5.66273,9.1057,10.6628,9.33575,8.74534,8.51834,3.59851,2.06629,-0.103599,6.33283,-0.488,-868.64,-512.4,5740,1120,840
14.5419,16.0204,13.5426,7.29404,8.31757,13.9649,10.2092,8.05327,14.843,11.3302,8.49448,13.0081,6.98829,7.94182,6.73775,9.8327,0.488,-868.152,-513.864,5320,1680,980
8.20049,13.9194,6.94767,5.19584,6.63068,8.13758,7.68482,3.98126,8.08634,6.14968,3.69575,9.44268,0.665588,8.30162,3.8645,5.69906,-4.88,-865.712,-510.936,5600,1820,1260
7.41575,13.6563,6.71937,6.60216,6.7223,3.22888,4.73245,3.16967,6.78363,6.97932,3.27538,10.9526,-0.220855,10.5393,0.821855,1.7931,-0.976,-864.248,-512.4,5600,2240,1260
-2.30642,2.0961,1.22093,2.98552,2.50023,-2.58869,0.314236,0.0743522,-5.16164,1.40632,-0.638876,3.79119,-4.48111,9.13552,-3.31098,-1.66288,-5.368,-862.296,-511.912,5740,2520,1540
-8.84862,-8.639,-4.09877,-2.53354,-3.19424,-7.68612,-5.99504,-2.74572,-8.74915,-2.54726,-2.01029,-3.98006,-6.33714,5.87891,-7.62891,-6.47196,-4.88,-862.784,-510.936,5740,2800,1400
-4.42556,-3.80693,-4.66996,2.06251,-0.972984,-8.42461,-4.43485,-0.993658,2.94426,0.637399,2.59536,-0.15127,-0.389956,6.54473,-2.89645,-6.07915,-2.928,-861.808,-511.912,6020,3080,1400
-3.46015,-0.412824,-8.64132,7.94219,1.37303,-8.79932,-0.256608,-2.30906,5.17727,0.745685,5.1537,-0.0454707,-1.18991,6.84454,5.11652,-4.66675,-9.272,-859.856,-512.888,6160,3360,1540
-4.86148,-2.67677,-11.8351,5.473,-1.30487,-10.3505,-1.33364,-4.2434,1.82577,0.165584,5.55669,-1.62528,0.732182,3.13663,3.08444,-6.74761,-4.88,-857.416,-511.424,6440,3360,1400
-3.99207,-0.65938,-10.365,3.68592,-0.915382,-7.8099,2.20528,-2.25467,1.49507,-0.177058,4.71048,-2.77968,1.96755,3.3002,5.65804,-0.969816,-5.856,-859.368,-510.936,6160,3220,1400
-6.91666,-2.67931,-9.45109,1.61268,-2.73156,-9.19429,1.50894,-3.99956,-3.13435,-4.25584,-0.642014,-6.80805,-1.41091,4.12828,7.48561,1.86803,-7.32,-857.416,-508.008,5740,3360,1120
-10.2071,-9.20337,-11.3885,-6.79763,-11.661,-12.7153,-10.2989,-12.2181,-5.29011,-8.43721,-5.95916,-11.4054,-5.01433,-2.26554,-3.03847,-6.07389,-6.832,-854.976,-508.984,5880,3500,980
-8.30562,-12.364,-11.3937,-12.0197,-15.9942,-13.4448,-16.5552,-16.1055,-1.48486,-8.55338,-10.0596,-14.5816,-8.77944,-7.28234,-11.0777,-12.0056,-6.832,-857.904,-510.936,6160,3920,980
-2.52521,-8.1281,-6.30437,-8.10225,-10.2109,-11.0109,-12.2299,-13.3061,2.86101,-4.81942,-11.5061,-9.64248,-3.34894,-7.53614,-8.31074,-9.92945,-5.856,-859.368,-510.448,6020,4200,840
2.29333,-3.71884,-1.64882,-0.948749,-0.666862,-3.45325,-0.148705,-5.50073,1.49536,-1.88671,-11.2152,-1.73488,2.08009,-2.28613,1.56228,0.650486,-8.296,-858.392,-508.008,6300,4480,840
-3.60252,-11.2231,-5.09572,-7.80413,-7.72889,-3.80806,-7.27066,-5.31694,-8.92934,-5.74798,-11.1819,-4.86721,3.81479,-8.88382,-6.64037,-5.22968,-4.88,-855.952,-510.448,6300,4200,700
-1.10614,-6.46994,-0.415947,-6.65998,-5.88321,-0.770327,-7.98935,-1.97827,-5.4067,-3.50255,-9.674,-0.612851,5.74136,-9.35409,-6.39697,-6.03507,-5.856,-857.904,-511.424,6300,4060,700
7.78432,3.47964,5.36775,1.14758,4.88967,3.70624,1.12928,-0.0170341,1.38591,4.75677,-2.88865,6.30663,-0.0926883,-0.746759,2.72015,0.96642,-7.32,-858.392,-507.032,6020,4340,700
3.80118,2.53123,5.26624,2.56833,7.80305,5.09482,6.35515,2.53543,-4.6434,4.16036,-3.48078,5.16782,-1.07971,1.3222,7.32115,6.82531,-8.784,-858.392,-508.984,6160,4340,560
0.956459,1.74537,4.84406,4.76018,9.16491,8.28003,12.0534,6.06882,-7.09938,2.76504,-2.27907,3.33233,0.60167,2.52787,11.4892,11.9145,-7.32,-861.808,-508.984,6020,4200,700
4.52829,6.56575,3.30526,8.9148,8.07481,10.0219,12.805,8.52682,0.205599,4.11423,1.9313,2.69501,2.47865,2.10814,13.1703,10.0036,-6.832,-860.832,-511.912,6300,4340,700
12.0561,14.9465,8.77244,17.4986,14.0479,14.6895,18.5962,14.1953,9.84987,10.2062,6.63601,10.9832,7.44913,9.41782,17.9433,11.2047,-9.272,-861.32,-511.424,6580,4200,560
16.5204,15.116,10.6954,13.7706,13.9126,13.7548,10.5152,9.82432,12.1619,13.2028,11.4075,12.7223,4.63534,11.4154,8.2781,5.32236,-7.808,-863.272,-511.912,6580,4620,420
4.9799,3.90519,5.68606,2.37949,6.11181,9.8973,1.06261,6.75394,-2.23783,4.49769,7.08752,3.58659,0.975067,4.66823,-1.57503,0.841515,-4.392,-864.736,-514.352,7140,4900,420
-2.88501,-0.267522,0.940377,-1.59222,0.888705,6.47328,-1.29975,3.63285,-8.30438,-1.31002,6.32837,-0.205594,-1.95111,-0.0108844,-3.84819,1.63109,-8.296,-862.296,-515.328,7140,5040,420
-9.39479,-4.58205,-1.62857,-7.78434,-5.50626,2.44574,-7.74823,0.850989,-10.1112,-5.36132,4.61201,-3.79082,0.240369,-4.31671,-10.6021,-0.796496,-8.784,-866.2,-514.84,7420,4900,420
-2.32807,2.2332,5.63577,-4.67547,-0.922031,4.59992,-3.39117,6.30366,-1.59181,-0.13448,9.28777,3.6094,8.56231,-1.21939,-9.09397,1.53305,-9.272,-863.272,-512.888,7560,4480,560
5.45282,4.71287,5.50714,-7.27938,-3.34879,1.22124,-7.18603,3.89568,4.87654,2.45099,9.64825,4.63371,5.47602,-3.04581,-16.052,-1.78425,-11.224,-866.2,-507.52,7420,4200,560
-1.11927,-2.85647,-1.02984,-11.3799,-11.1286,-3.10551,-9.19548,-0.155343,-0.992299,-3.55843,1.5841,-0.81422,-2.82244,-7.00583,-14.0963,-3.97168,-12.2,-865.224,-506.056,7280,3500,560
-2.21949,-1.81592,-0.0440914,-4.92052,-9.85109,-4.21478,-0.292753,-1.35419,0.971021,-4.63403,1.19786,0.447358,-6.41856,-4.80646,-1.43826,-1.5259,-12.2,-868.152,-505.08,7000,3360,560
-7.60801,-9.57316,-2.47889,-6.83949,-12.1941,-7.94493,-0.386746,-5.44061,-5.07928,-9.45067,2.86309,-6.36194,-9.11797,-7.08412,-2.78832,-4.36978,-15.128,-864.736,-506.056,7000,3220,420
-8.92916,-9.49524,-5.85106,-4.94146,-9.86668,-7.48335,-1.24831,-5.43018,-2.16885,-10.5987,1.96408,-8.00408,-8.58676,-6.80337,-3.10339,-5.6949,-12.688,-865.224,-506.056,6720,2800,280
-2.90215,-1.79647,-5.18123,-0.347254,-2.32196,-5.62561,1.46866,-5.72243,6.06684,-4.63599,3.52394,-3.94426,-7.32177,-2.23799,0.145462,-3.34063,-15.616,-864.248,-506.056,6580,2800,280
-0.387537,4.31409,-1.3761,4.95397,6.93076,-4.35512,6.78888,-0.77193,7.74188,-2.3363,0.00320911,-0.715241,-2.29802,1.2689,6.61003,1.83499,-13.176,-864.248,-510.936,6440,3080,0
-0.597622,5.52785,-3.59233,5.39195,6.96346,-7.53223,1.63615,-3.98427,7.28672,-2.4786,-6.695,-2.93145,-3.91141,0.993722,4.57318,-1.77945,-12.2,-861.808,-506.056,6720,2800,-140
1.81732,4.92422,-4.34299,0.92635,1.07424,-9.25913,-8.07818,-9.16317,8.53199,-1.25754,-9.46533,-5.15305,-2.88828,-1.08905,-3.47429,-7.24582,-11.712,-863.272,-508.496,6860,3080,-280
4.30623,2.92881,0.232793,-2.86114,0.543685,-6.17298,-8.57319,-6.42739,6.38706,1.36579,-6.90072,-4.5844,0.7051,1.57484,-8.57433,-4.41161,-10.736,-865.224,-508.008,6720,2800,-420
-2.99976,-5.83922,-1.36933,-3.55579,2.15984,-3.43863,-0.361877,-1.78506,-7.7756,-1.70902,-6.39977,-5.92286,0.832922,3.85509,1.25848,3.02488,-8.784,-866.688,-508.496,6860,2520,-560
-2.52951,-3.40676,-0.619503,3.47928,5.84555,-1.25726,6.18532,0.691087,-9.29259,0.966026,-4.48971,-2.1798,1.79949,3.78538,12.7441,5.90031,-8.296,-865.224,-504.592,7000,1820,-560
2.10023,7.65055,2.48755,16.6644,10.7688,2.30982,11.1948,2.33894,0.945775,5.27102,-0.932872,7.09229,3.90738,5.11957,23.6321,8.16137,-7.32,-866.688,-507.032,6860,1260,-700
0.0708317,4.44436,0.921838,11.3192,5.39312,3.44106,0.879472,-0.213394,2.27374,2.70164,-3.10725,6.10763,7.57423,-0.552008,12.792,0.34849,-8.296,-869.616,-501.176,6720,420,-700
-1.57397,-4.3642,-1.21665,0.0793521,2.50934,7.05955,-3.88264,0.656338,-1.7146,1.93105,-3.77792,1.39876,5.67848,-1.90899,0.164973,-2.63723,-7.32,-871.08,-508.496,6720,140,-980
0.233829,-6.54844,0.910609,-3.42089,0.208002,10.1603,-3.70387,1.12054,-1.94106,4.32009,-2.06129,0.791315,7.84029,-1.33737,-3.80943,-3.31583,-5.368,-871.08,-509.472,7000,-140,-1120
-2.89721,-9.19591,0.271356,-9.1588,-5.56806,9.46987,-6.59441,1.01629,-6.45388,4.7021,-0.914673,-2.35811,10.3072,-3.36132,-10.385,-5.1583,-2.44,-874.008,-509.96,7280,-420,-1260
-0.50144,-6.08594,4.38312,-5.58887,-1.80273,14.5459,-0.37204,9.21572,-3.35032,8.21904,4.63248,-0.641432,14.7154,0.880623,-6.2692,2.31782,-2.44,-869.128,-511.424,7560,0,-1400
13.6296,6.88366,13.9685,9.74523,11.5615,18.2618,8.97107,15.1724,10.8894,15.8564,10.6447,7.80568,18.0413,9.17291,2.03327,9.63745,-1.464,-871.08,-510.936,7840,560,-1820
13.9028,13.2917,15.3685,22.2857,18.4754,15.4447,17.3407,20.2,14.0965,13.8744,7.95825,12.2965,14.372,14.9146,12.8783,16.4627,-4.392,-867.664,-509.472,7700,280,-1680
6.62997,5.91968,7.72711,10.5232,6.20259,5.23678,6.93757,12.9455,5.80838,6.65816,5.12513,5.87275,4.16174,11.0026,2.09497,7.95124,-3.416,-867.664,-505.568,7140,420,-1960
-7.21426,-10.8649,-6.40753,-10.4693,-9.76711,-7.6681,-3.4487,2.75535,-13.2093,-5.72461,0.0582216,-8.17417,-8.37432,2.01296,-8.97934,-0.521713,-2.928,-867.664,-507.032,7000,140,-1680
-9.01529,-12.4783,-13.7661,-16.5257,-17.5055,-17.0496,-3.8986,-6.93857,-13.085,-9.14183,-1.9165,-11.1317,-16.9604,-1.95534,-4.22817,-3.048,-5.856,-863.76,-506.056,6580,-140,-1960
2.47437,8.08462,-10.7971,0.0865546,-10.4851,-19.1107,0.543623,-13.7622,9.15776,-4.7541,-4.26271,0.767943,-19.3271,-0.958968,8.63899,-3.75317,-4.392,-866.2,-503.616,6300,-140,-1960
10.6768,19.8948,-6.66334,6.36798,-6.81093,-17.7158,-4.95984,-17.0369,22.5107,-2.38232,-6.33817,8.95224,-20.1384,-0.990727,0.82498,-7.4162,-7.808,-866.688,-505.568,6020,420,-2380
9.0832,14.5824,-6.37087,-0.937397,-10.1483,-15.2461,-8.945,-16.4332,17.243,-1.11729,-4.45559,7.26603,-18.3061,-2.79123,-10.4165,-10.3212,-5.856,-865.712,-508.008,6440,840,-2380
-7.98495,-2.78072,-7.21671,-8.15935,-10.9682,-11.7338,-2.25442,-8.74187,-10.3837,-6.44979,-5.26451,-1.18846,-13.2145,-2.90353,-5.07504,-4.73804,-5.368,-867.664,-504.104,6300,1400,-2520
-16.7161,-14.3039,-8.3604,-12.8807,-10.6422,-8.3862,-1.92762,-4.01599,-25.2862,-11.86,-5.70659,-8.23798,-9.8132,-5.52171,-3.23901,-4.17714,-6.832,-866.688,-505.08,6300,1540,-2800
-12.0136,-13.8177,-4.59045,-11.5914,-6.02583,-1.27838,-5.27786,-3.54032,-18.2256,-9.70661,-3.06676,-7.89417,-2.88189,-6.57282,-9.27115,-5.56231,-6.344,-869.616,-506.056,6160,1540,-2660
-2.72109,-5.11133,3.96648,-6.6766,1.88527,2.89654,-8.33547,-5.50237,-3.5752,-2.68727,0.274533,0.0773801,2.36364,-5.72964,-14.4419,-7.30486,-8.784,-871.568,-508.984,6160,1960,-2660
1.03528,4.72432,9.52048,6.41577,13.3609,5.74488,1.30992,-3.44931,3.38138,0.134912,1.4522,7.44555,4.39042,-3.26388,1.46055,1.84667,-7.808,-867.176,-503.616,6020,1960,-2800
-13.7222,-13.072,1.31487,-9.30718,2.3458,4.47226,-2.51268,-0.725376,-17.3499,-8.86207,-1.39211,-4.1756,4.55044,-9.06633,-4.14268,4.378,-4.392,-872.544,-506.544,6160,2520,-2800
-14.9027,-20.9152,-4.80116,-18.3656,-6.69445,3.8505,-7.03394,1.1069,-21.0595,-9.46501,4.91196,-10.9106,3.09648,-14.1789,-9.00466,2.64293,-3.904,-872.544,-506.544,6160,2660,-2800
-2.83932,-6.66432,-0.124891,-3.60951,2.64361,5.89559,0.743502,4.7,-4.08007,-3.25077,8.09347,-0.3845,2.87732,-7.35093,4.52184,4.96316,-5.368,-870.592,-506.056,6440,3640,-2660
6.0734,3.41916,2.21348,6.88337,6.42031,4.93811,1.5146,5.74406,9.14406,0.197662,5.40078,3.90202,0.124884,-3.60687,8.13383,1.95777,-6.832,-871.08,-503.616,6720,4340,-2800
14.2344,9.53374,2.87811,4.80921,3.18041,4.664,-3.5576,4.49083,20.7576,8.53432,9.17215,4.59476,2.07718,0.444731,-0.971669,-1.98004,-9.76,-869.128,-501.664,6580,4760,-2800
2.17834,6.67548,-2.07386,5.06923,1.63705,1.15831,0.467987,5.11589,10.1808,1.91944,2.47069,-1.66676,2.2234,1.23996,4.60772,-1.71407,-8.784,-870.104,-504.104,6300,5320,-2940
-3.85062,4.48624,-1.90241,12.3429,5.24746,1.56414,10.5115,7.69435,-2.21951,0.183278,-1.4483,-4.80732,4.83279,2.69731,16.0765,6.35802,-7.32,-867.176,-506.056,5880,5600,-2940
-0.258479,-1.6515,0.795868,-0.060792,-3.41636,-0.0297916,-2.80062,1.65135,-4.38045,2.35075,-2.26955,-8.99054,9.87076,-1.53561,-4.22032,-2.43763,-10.248,-868.64,-507.52,5880,5600,-2940
5.52264,1.28155,7.25159,-5.05128,-0.569107,-1.64631,-7.80215,-5.4006,2.19875,3.31112,-3.34786,-5.82687,2.5057,3.58838,-16.0704,-7.06281,-12.2,-866.688,-507.032,6160,5600,-3080
10.5707,11.4696,11.2536,5.70475,7.94944,3.38883,2.76335,-0.421654,13.7623,8.15853,-0.758669,3.95208,2.3336,9.53822,-0.776804,-1.54746,-12.688,-866.688,-509.472,6160,6020,-3220
17.7933,26.3999,14.2712,28.2466,19.838,10.1314,22.8017,6.22872,22.8196,13.4323,1.92349,13.559,8.13533,16.0987,29.4589,8.52284,-7.32,-866.2,-512.4,6720,6580,-3500
12.422,19.6928,9.70506,27.1768,19.3938,11.6859,25.0809,9.16777,10.5717,11.8241,1.89442,12.8227,8.21691,21.117,30.7598,11.5649,-9.76,-866.688,-510.448,7000,6580,-3500
1.75375,0.871852,0.32877,8.50228,7.51213,8.4147,12.2491,7.50104,-4.64928,4.92794,1.57936,2.81158,5.06938,15.1208,13.053,6.12145,-5.368,-867.664,-509.472,7280,6440,-3500
-0.622687,-7.96015,-4.59906,-5.00358,-4.51115,3.17715,2.38754,5.21273,-3.21161,1.68778,-3.15453,-5.17534,3.73198,6.13392,-0.448821,1.73091,-6.344,-868.64,-507.032,7280,5600,-3640
-1.91617,-10.0214,-6.53378,-9.85335,-12.2207,-1.41205,-3.09745,4.77173,-0.703648,-2.12982,-5.46453,-7.28517,1.81967,-1.13732,-7.26552,-2.58587,-7.808,-866.688,-507.032,7000,5040,-3500
-1.75255,-12.1254,-0.752745,-18.3659,-11.8115,-3.94357,-14.3107,0.665933,-2.5882,-2.8081,-1.47633,-1.1849,3.3841,-4.30085,-23.3295,-9.33489,-8.784,-869.128,-504.104,7140,4900,-3780
-6.86447,-9.39308,2.62211,-8.84483,-1.32761,-2.23138,-9.98252,1.92267,-9.2976,-3.5354,1.3213,2.05567,6.59982,-3.30811,-12.8212,-5.19917,-8.296,-868.64,-507.032,7000,4620,-4060
-1.43959,12.9276,4.00013,19.0629,13.8956,-1.77314,5.23811,-1.74294,4.39184,0.309677,2.34501,7.76678,4.57457,-0.39772,14.101,1.86357,-6.344,-870.104,-505.568,7140,4340,-3920
-3.09493,16.2882,-0.484175,19.8203,9.32297,-6.02286,-0.722299,-10.5031,8.18274,-1.88397,-0.0285918,4.1752,-1.21319,-4.77406,10.125,-1.52168,-11.712,-872.056,-508.008,7000,4200,-4200
-6.17912,-2.99145,-6.23769,-6.19107,-4.90428,-8.07256,-15.0256,-16.6859,-5.69993,-3.41022,0.667294,-2.80054,-7.44916,-9.42002,-19.4788,-6.70693,-4.88,-874.008,-505.08,7700,3780,-4060
-5.85219,-17.5589,-9.38589,-22.5461,-13.7095,-10.6253,-15.8796,-15.6165,-11.4044,-5.62281,-2.04047,-4.9922,-9.42889,-10.6863,-25.9859,-4.69268,-7.32,-869.128,-506.056,7980,3640,-3920
4.40913,-4.34819,-5.72152,-5.5819,-6.03184,-7.57258,0.483261,-6.68751,4.15597,0.12539,0.222749,4.90636,-11.0639,-3.31825,-0.692309,3.98216,-5.368,-873.032,-503.128,8260,3500,-3920
7.91936,-0.604765,-4.47526,-3.5967,-6.95504,-2.11496,-2.36085,0.566939,8.30823,5.89544,5.7353,9.42056,-11.4463,-2.04393,-2.7268,1.85709,-5.368,-870.592,-502.152,8680,3220,-3780
-1.24934,-1.80038,-3.84225,0.932838,-3.63244,1.32058,3.32762,7.05246,-4.47659,0.5406,2.83771,7.44309,-11.5928,2.34688,3.3398,7.26596,-9.272,-871.08,-503.128,8400,3360,-3640
-3.25765,1.74612,-2.735,8.40508,-0.976167,1.77244,8.51965,7.78519,-8.13635,-0.367595,1.64407,5.39616,-7.72756,1.87873,12.3471,11.6421,-6.832,-865.712,-503.128,8820,3640,-3360
1.54792,5.06404,-0.495684,7.10865,-1.16355,0.625376,9.53726,3.05952,-0.401387,1.36264,0.708492,2.83944,-0.30198,1.05747,15.3441,11.4576,-8.296,-862.296,-502.152,8540,3920,-3360
-12.631,-16.288,-9.40585,-22.0042,-22.9397,-6.74479,-6.83597,-4.17054,-16.5527,-11.4937,-8.09751,-18.8317,-3.85243,-10.1687,-7.23824,-1.70637,-6.344,-861.808,-502.152,8540,3780,-3220
-25.0805,-42.3585,-16.5713,-50.6351,-38.5784,-11.2146,-21.6,-4.6781,-38.0528,-21.0486,-12.3086,-36.9672,-7.62675,-20.98,-26.1065,-13.0152,-8.296,-862.296,-500.2,8400,3640,-2800
-14.3926,-29.9571,-8.53527,-41.5804,-24.5145,-7.78284,-16.7906,-4.89583,-24.0756,-14.228,-11.4243,-27.5961,-4.716,-16.166,-20.7793,-13.4613,-8.296,-864.736,-496.784,8400,3360,-2800
-1.99837,-2.85169,1.59514,-12.8034,-4.13312,2.33149,-7.24751,0.172467,-0.785426,-6.2654,-4.10319,-11.9234,-0.666949,-9.97674,-5.69921,-7.39221,-7.808,-869.128,-498.736,8540,2800,-2800
14.985,21.396,12.8222,12.9339,14.5512,9.87094,0.984056,4.79522,23.1472,6.14048,4.53954,8.00824,7.42493,-1.57568,2.85334,-2.99392,-5.856,-866.688,-501.664,8680,2240,-2520
19.0892,32.7922,16.1189,32.8589,27.2279,14.036,16.7585,10.0057,29.1162,9.72863,2.15707,21.5885,12.2214,8.29174,21.582,5.11196,-10.736,-864.736,-498.248,9100,1820,-2520
17.2727,30.234,14.4758,36.6957,34.9237,17.1052,29.2291,14.335,22.8581,9.44235,1.27969,23.3947,8.51871,18.354,33.2387,13.9991,-6.832,-862.296,-497.272,9520,1120,-2520
10.2403,18.0576,11.8219,24.3929,24.3996,10.0478,16.6287,6.36371,10.4602,8.09778,2.94358,15.9355,1.72794,16.9395,20.6718,5.62129,-7.808,-859.856,-497.76,9940,1260,-2240
12.0489,18.0846,14.4875,17.4318,18.2865,5.95711,3.51053,-0.530779,16.481,9.25012,3.86491,16.0916,-0.196282,15.7682,3.15901,-2.77209,-5.368,-859.368,-497.76,10640,1400,-2380
5.22024,8.7715,9.78407,9.39834,11.1596,2.89652,-3.62596,-2.29295,8.05471,5.49797,1.03133,9.59572,-1.94806,11.0893,-9.36722,-4.09493,-2.928,-856.44,-498.736,10920,1120,-2100
-13.7711,-4.00244,0.675895,18.4441,8.96273,3.19133,9.0649,2.90405,-16.3501,-1.29699,0.483377,-2.73845,-2.05362,9.62357,13.1587,6.75013,1.952,-856.44,-495.32,10500,140,-2240
-11.1717,-6.96249,-1.54033,11.3195,5.82385,1.53788,5.58162,3.54984,-9.45623,2.14701,5.1921,-3.63411,4.39697,12.1246,0.914668,5.19859,3.904,-856.928,-492.88,10360,-1820,-1820
-4.0508,-8.86469,-5.65212,-2.98236,-0.259574,-4.37819,-3.44956,-0.839846,-1.48268,2.56337,3.68226,-0.76121,6.47644,11.1675,-15.4258,-0.432254,5.368,-858.392,-492.392,10220,-3080,-1400
-0.095025,-9.77971,-8.79586,-9.10453,-4.87942,-8.97183,-6.07827,-2.66383,-1.51641,3.21104,6.58423,-2.57323,6.21599,7.35313,-12.5806,-1.07863,2.928,-860.832,-493.856,9800,-4340,-1120
-9.12213,-15.9642,-12.8265,-14.0134,-9.75657,-12.3519,-7.54259,-0.254335,-11.6686,-3.48611,1.84739,-11.1653,7.70862,-0.293956,-9.97851,-2.62802,3.904,-863.76,-496.296,9660,-5320,-980
-7.16318,-7.44498,-15.2662,-9.44752,-10.42,-9.96538,-4.35697,1.99545,-1.37192,-4.4681,-1.27527,-10.1412,9.67627,-5.10438,-1.43388,-2.38315,3.904,-868.64,-499.224,9100,-5880,-840
0.445058,5.24056,-8.68411,0.612718,-2.68546,-4.81076,1.77422,2.20061,3.86631,0.709903,2.99045,-2.37986,11.223,-4.85059,8.63683,0.967444,9.272,-870.104,-501.664,8820,-6300,-700
-1.8068,-3.87881,-4.57433,-12.6982,-7.47973,-2.3478,-5.89237,-3.76362,-2.53446,0.185602,5.25803,-5.63436,6.56853,-12.1964,-3.59469,-1.44661,7.808,-876.448,-494.832,8680,-6720,-700
4.5094,-1.08098,-0.897715,-16.3419,-10.732,0.129768,-10.0185,-9.27453,7.54432,2.1693,2.68195,-5.08277,1.91062,-18.6835,-6.82036,-7.22414,8.296,-878.888,-493.368,8400,-7420,-700
10.8532,10.2779,7.25659,1.93048,-1.08745,4.02433,-0.125679,-8.33952,14.1245,2.96718,-2.72992,3.26255,1.48678,-18.1893,7.57458,-4.84512,3.904,-879.376,-492.392,8120,-7700,-700
18.9271,10.891,12.4566,1.51475,-2.10651,5.95373,-2.45108,-7.70424,21.5463,7.33091,1.29884,6.96366,0.116007,-16.3398,-2.56072,-5.97951,9.272,-878.4,-491.904,7840,-8260,-700
4.61082,0.689812,8.7772,-1.94743,-3.12749,3.94871,0.596451,-4.80393,4.61549,-4.07258,-5.81398,-1.34671,-3.1614,-13.583,-3.92146,-2.36357,4.88,-874.008,-493.368,7140,-8960,-420
3.2971,1.19952,5.34183,-3.46257,-6.47666,-4.81245,-5.38531,-10.8624,7.4616,-4.27124,-5.94018,-0.83497,-6.19234,-10.7031,-7.16897,-7.36682,6.344,-869.616,-493.856,7000,-9520,-420
-10.4471,-13.5809,-6.76916,-13.3613,-16.491,-13.2545,-8.9614,-15.4279,-13.5825,-10.1267,-10.3553,-9.08298,-16.219,-8.74326,-9.31421,-10.3019,3.416,-865.712,-496.784,6160,-10360,-140
-22.0462,-24.5608,-12.8293,-17.9672,-22.7769,-13.4325,-8.87549,-14.1283,-33.1619,-15.5295,-11.8221,-12.8039,-21.0146,-4.77614,-7.28654,-5.68518,4.88,-865.712,-495.32,5600,-10640,280
-24.294,-28.8452,-10.4633,-18.563,-21.6853,-9.33883,-9.87756,-12.3567,-45.6588,-13.7759,-7.02891,-9.23404,-22.5751,1.42045,-7.80696,-3.93011,2.928,-859.856,-493.856,4480,-10500,420
-15.9534,-22.2355,-4.07591,-16.2448,-14.4053,-2.99435,-8.62649,-6.07917,-30.5836,-7.71135,-0.693968,-3.79262,-20.25,4.37546,-7.56301,-0.126976,0.976,-859.856,-494.344,3780,-10220,420
10.5922,7.66147,6.5105,4.09772,1.63598,4.47946,-5.19054,-0.250614,16.0038,7.03064,7.22676,10.0085,-13.4002,6.2165,-2.29251,3.47697,2.44,-854.976,-495.808,2940,-9800,560
9.0964,23.9776,7.12188,28.0437,21.305,11.9394,10.1257,8.42986,16.586,5.27287,2.40702,14.4738,-13.3444,12.8086,13.3706,16.2961,0.976,-855.464,-494.832,1960,-9940,700
10.6132,26.5878,8.91081,28.1655,26.4792,14.8232,7.11849,12.3006,15.1559,9.57561,4.7615,16.8342,-7.15322,14.1289,6.93568,13.2153,-2.44,-855.464,-489.952,1260,-10220,420
1.90775,8.77214,7.26602,9.34061,21.0116,16.1936,5.01551,14.9963,-4.17346,6.85336,7.35545,10.5186,1.73474,14.5205,-2.0707,8.26232,-6.832,-857.904,-491.416,840,-11060,840
6.20137,11.3214,6.65644,12.2871,20.9729,13.3111,19.1662,18.8623,4.60053,9.17148,7.12973,7.54392,9.39786,18.5764,18.6264,11.4699,-5.368,-867.176,-492.88,560,-12040,700
3.11196,4.18039,1.49989,10.3738,9.9792,2.03058,19.4147,19.2852,7.40799,4.73806,0.773482,-1.03461,13.0729,9.26855,24.996,4.39691,-7.808,-867.664,-491.416,840,-11900,840
2.26358,-5.60017,-6.2494,-2.89286,-2.53608,-2.04256,7.22239,19.69,7.19764,4.21905,-1.98498,-7.18681,13.8895,-1.87897,3.12638,-3.67618,-10.248,-866.688,-490.44,840,-10920,1120
4.78048,-3.25573,-5.27361,0.828461,1.17704,2.9447,4.13282,25.6428,8.11943,4.75112,-1.97453,-3.75291,20.4614,-2.61244,-7.02953,-0.260334,-13.176,-860.344,-489.464,420,-10080,980
15.6351,18.6985,3.82636,25.7808,21.816,10.0367,20.3839,33.0966,31.2387,1.13852,-0.855873,8.36533,28.1612,7.83886,16.2722,13.2591,-12.688,-862.296,-488.976,-560,-9240,980
26.408,29.3757,7.75864,28.6453,25.4703,10.9616,20.3333,29.8048,47.0233,8.36811,3.84606,14.0583,29.6266,11.1435,19.6245,16.9166,-10.736,-862.296,-488.976,-1400,-9800,980
9.319,17.2984,6.8699,16.723,17.5422,6.96475,13.6765,10.3416,15.6408,6.80991,4.19914,8.97753,26.4758,11.8658,12.5475,13.6095,-4.392,-856.44,-489.952,-2240,-10640,840
-9.90964,-5.63871,-3.40676,-7.38202,-2.61203,-5.1592,0.378432,-15.3272,-13.2482,-0.975276,2.55322,-6.79574,15.8134,3.17902,2.91684,1.66975,0,-854.488,-494.832,-2520,-11900,980
-16.7834,-19.2647,-10.4535,-26.5522,-25.3102,-18.0438,-17.1785,-32.0864,-27.3783,-5.16918,1.65562,-15.3341,3.97724,-8.84925,-12.936,-14.4577,8.296,-854,-495.808,-2800,-12320,1260
-16.309,-12.6929,-8.76032,-26.7876,-27.4462,-19.0518,-25.0348,-34.963,-27.2738,-8.97162,0.10645,-10.292,-6.06126,-11.9014,-25.8024,-19.5312,13.664,-849.12,-500.2,-3080,-12740,1260
-23.7859,-23.8012,-12.3571,-35.7778,-27.4376,-16.0952,-24.9712,-26.0624,-36.2913,-15.1254,-5.31309,-14.3389,-11.4216,-13.0899,-32.7129,-13.8995,13.664,-847.168,-495.32,-3360,-12460,1400
-25.2871,-30.7955,-14.6788,-33.5857,-26.5027,-15.8869,-15.9646,-17.777,-37.1391,-16.8279,-10.4068,-20.2933,-15.8286,-13.9787,-18.6326,-10.4807,14.64,-848.632,-496.784,-3500,-12180,1540
-10.8169,-15.7966,-9.39455,-17.6632,-17.0495,-13.0791,-7.13873,-11.0538,-20.0873,-7.063,-8.2001,-8.70528,-18.8515,-10.5468,-4.99944,-5.34604,16.104,-846.68,-495.808,-3780,-11480,1960
6.73933,9.06224,4.56523,7.80689,0.316652,-4.9284,2.40605,-5.58885,1.96221,4.77338,-2.43588,11.8445,-12.486,-0.301224,10.724,0.297808,11.224,-846.192,-495.808,-3640,-10640,1960
15.9224,23.4341,11.052,24.4035,9.67267,-1.17124,3.56318,-7.63018,21.7503,6.88473,1.75901,17.1935,-12.2584,1.26577,18.4544,-0.315285,8.296,-843.752,-495.32,-4200,-9240,1960
20.8295,24.2562,9.69102,22.629,8.02991,-3.25911,-5.39697,-16.1482,34.5677,7.65501,2.60923,13.326,-16.8424,-3.8416,8.44907,-7.69874,6.344,-838.872,-496.296,-4340,-7840,1820
4.5939,0.0247506,2.15289,3.67397,-0.775943,-0.507394,-13.2488,-15.7337,12.7411,0.171503,-1.00927,0.68589,-16.6127,-9.23464,-5.07502,-10.1337,2.928,-838.872,-497.272,-4760,-7000,1680
-9.6392,-21.5199,-1.64319,-11.0488,-3.80538,7.65932,-9.43327,-8.64968,-10.4344,-7.81832,-3.04203,-10.0006,-11.074,-6.98769,-8.35254,-3.91363,3.416,-839.848,-496.784,-4760,-6720,1400
-5.78533,-22.4361,-0.596725,-15.6004,-4.78474,10.7982,-8.55347,-1.70427,-8.37586,-7.06135,-2.5074,-10.6884,-3.89585,-5.293,-15.7371,-4.16177,-2.44,-842.288,-504.104,-4900,-6020,1260
12.6259,-4.75609,7.85369,-5.38805,6.24707,12.816,-0.925425,5.6012,12.5525,2.81841,2.96624,1.21937,1.15245,-1.39246,-8.59983,-0.684308,-7.808,-837.896,-499.712,-4480,-4620,1120
2.12208,-6.42235,7.94265,-1.37519,7.33753,10.8614,4.16158,12.0494,0.701248,-2.74876,1.94983,-0.456171,2.6721,-1.28059,-2.67357,-0.0353169,-4.88,-839.848,-499.712,-4900,-3080,420
-12.8153,-16.29,-4.54739,-12.9313,-11.1183,0.829596,-7.18878,9.56626,-13.6923,-11.5277,-0.942666,-17.2037,-4.60027,-13.3146,-15.8513,-9.01576,-8.784,-837.408,-496.296,-4760,-2380,140
-13.6421,-22.0235,-5.53846,-25.554,-20.0873,-3.33042,-18.0768,3.24372,-19.3139,-7.83804,-0.397382,-21.6908,-5.52801,-16.4665,-32.0855,-15.8247,-8.784,-835.456,-497.272,-5040,-2380,-280
-12.6253,-16.027,0.567575,-14.4523,-7.58089,2.77614,-7.89325,8.83484,-23.515,-4.88438,-3.99856,-11.0383,4.50701,-3.23979,-19.1044,-5.91882,-11.224,-838.384,-497.76,-5460,-1820,-560
8.47683,16.6647,11.71,17.189,20.5626,14.7143,18.3985,18.024,3.6771,8.72878,0.984508,10.8202,10.4071,17.4858,15.7372,14.9195,-8.784,-835.944,-499.224,-6160,-1400,-840
30.9172,49.8646,18.714,48.0647,39.8363,20.1437,39.6071,20.2455,40.1038,23.6767,10.7369,32.4248,13.3864,30.8592,47.4582,28.4536,-7.808,-835.456,-498.248,-6160,-700,-1120
30.2728,48.1345,14.5159,49.3725,37.082,18.7313,39.5156,18.3068,40.5266,24.4803,12.7285,34.3178,11.2648,28.2435,52.4548,28.311,-8.784,-837.896,-496.784,-6440,-560,-1120
17.992,34.2869,7.34433,38.2879,30.0315,15.2351,35.0893,19.7554,26.7338,17.4915,10.978,26.1078,8.17545,22.6381,43.3448,25.9256,-5.856,-838.384,-503.128,-6580,280,-980
13.5962,29.4962,2.94072,31.3447,22.4884,5.13007,23.2041,16.3722,24.988,13.1893,10.3101,20.246,9.24367,16.9738,26.7392,17.7389,-8.784,-838.872,-502.152,-6440,1400,-840
0.00921922,16.256,-5.52164,12.9401,7.44118,-6.85293,2.773,7.35396,11.4585,1.99159,0.519431,7.97087,2.99308,8.58697,-0.116,4.91004,-8.784,-841.312,-501.176,-6580,3080,-560
-7.43346,3.44265,-14.414,-7.22816,-14.3557,-18.4367,-15.1886,-6.45489,2.96644,-4.78338,-7.23498,-5.20471,-1.52748,-4.29762,-14.7748,-9.9421,-8.784,-844.24,-499.224,-6720,4760,-140
-3.52019,-1.36509,-13.0026,-12.2919,-21.3437,-17.8321,-12.1153,-9.2302,1.769,-2.47478,-5.84868,-5.12601,2.73174,-2.63888,-9.30991,-8.6408,-9.76,-843.752,-501.664,-7420,6020,0
-10.6979,-23.0733,-16.4353,-25.7294,-28.094,-16.8032,-7.13251,-7.1795,-20.0256,-7.21628,-3.22808,-13.5329,2.626,-3.66985,-6.95502,-2.18244,-9.76,-846.192,-499.712,-7980,7840,280
-25.8679,-41.9637,-21.5668,-30.8805,-29.4357,-15.3087,-5.0355,-5.4227,-47.2628,-16.1815,-5.69164,-25.6662,3.58478,-11.7377,-3.5903,-0.942503,-7.808,-845.704,-500.2,-8540,8260,560
-23.2267,-23.5552,-13.4962,-9.04838,-9.9601,-8.49667,-0.750584,-7.65028,-40.4693,-15.4397,-6.56763,-16.3579,4.80565,-6.55921,2.94183,1.02763,-7.32,-847.656,-500.688,-9240,8960,700
-21.0403,-20.97,-6.53047,-13.0289,-5.15427,-5.17875,-13.1219,-13.4846,-39.3187,-14.1175,-10.678,-10.4055,1.76175,-8.15721,-19.2106,-6.2868,-4.88,-845.216,-501.176,-9800,8960,700
-14.6977,-18.1419,-4.07913,-16.821,-9.13314,-5.12094,-14.3262,-13.624,-20.7418,-10.563,-13.5924,-9.62368,-2.93968,-14.9166,-20.2417,-8.58772,-4.392,-848.632,-508.008,-10220,9380,980
-2.05519,-15.8146,1.37552,-22.2495,-15.1964,-6.97893,-19.0168,-16.2217,2.04345,-1.4295,-3.66506,-8.71779,-4.4027,-19.7607,-23.7356,-14.3074,1.952,-849.608,-506.544,-10220,9380,980
1.64586,-10.5155,8.60636,-16.5831,-9.09542,-3.53236,-14.3342,-12.4078,8.81474,0.425829,1.18879,-2.83866,-3.04315,-13.2507,-21.1528,-13.0697,0.488,-854.488,-508.496,-10500,10360,1120
11.3332,5.44574,15.3461,-2.31822,0.993344,0.75662,-6.20008,-5.33039,23.3354,9.76137,9.5825,7.50541,-2.83183,-2.23224,-7.82253,-8.63458,2.928,-852.536,-505.08,-10500,10360,1120
20.4124,10.7935,17.2124,2.07008,5.54334,3.22191,-1.67338,-1.90241,31.8509,17.2851,13.8681,11.2053,-2.72758,4.17658,0.940515,-6.0063,-0.488,-851.56,-503.128,-10920,10780,980
17.0207,8.31786,13.8395,5.73503,7.15802,2.61938,-0.410967,-3.19194,24.1238,11.9469,12.7039,7.84413,-3.62834,3.12441,8.80699,-4.74649,-2.44,-855.952,-502.152,-10920,10640,980
18.4018,11.0278,12.302,6.48827,10.0062,5.09705,-7.87941,-4.325,19.1643,10.9112,13.0912,7.77006,-4.0509,2.54695,-5.70778,-6.06904,-1.464,-856.44,-501.176,-11200,10640,1120
4.62177,0.6951,8.17847,-8.20697,4.92094,8.9797,-12.5123,3.34811,4.77076,1.18281,5.24207,0.94803,1.22816,2.07556,-19.6013,-2.43354,0.976,-855.464,-501.664,-11620,10220,700
-7.89795,-1.5811,0.981963,1.81737,9.70117,13.1594,8.00247,16.7219,-4.0787,-13.5172,-4.00995,-3.94374,4.37153,6.44484,9.49478,12.555,4.392,-857.416,-505.08,-12040,10080,560
-14.8171,-11.3467,-6.52079,0.891154,3.99466,10.9315,10.8857,15.222,-17.3191,-10.4822,-4.62768,-9.66926,3.86914,2.37741,17.3751,12.8174,2.44,-854.976,-502.64,-12040,9800,560
-13.567,-5.03538,-9.0931,5.047,-0.556888,2.49479,5.2155,5.01172,-15.3828,-3.807,-4.47803,-8.49769,0.432989,-1.45591,10.8501,5.19028,3.904,-854,-501.176,-11900,9520,560
-17.4211,-8.89247,-16.0892,-5.40313,-11.0857,-8.44155,-11.4756,-9.12142,-25.9205,-11.1221,-12.817,-13.4067,-8.6786,-7.14424,-16.5001,-7.41727,2.928,-851.56,-502.152,-11760,9380,700
-22.2278,-14.0061,-18.3895,-9.68899,-14.3211,-9.65938,-12.2189,-8.95295,-32.087,-19.1501,-17.088,-16.6823,-7.9409,-9.1509,-17.9619,-9.45593,0.976,-853.024,-503.128,-11760,8680,700
1.82606,19.7267,-10.0055,22.9952,4.99861,-3.50115,9.8233,-2.66372,5.40903,-10.3356,-12.136,-1.38419,-11.3808,3.36009,15.4784,1.38943,2.44,-853.512,-503.616,-12040,8540,560
10.1313,19.5055,-2.79321,16.4578,5.32272,-1.00169,5.47777,-3.33736,9.59236,1.53678,-6.10194,3.79097,-11.4271,4.82973,6.62239,1.84026,-1.952,-850.584,-500.688,-12460,7700,700
5.36754,6.96293,0.225199,6.07384,2.32846,1.08639,5.08076,0.0559088,-4.50888,2.3816,0.0988129,3.8,-4.41124,2.14286,6.0826,1.91906,-1.464,-853.024,-499.224,-12880,6300,420
-0.760002,-3.66257,1.77897,4.78866,-0.932853,0.661565,11.6905,4.95762,-12.2348,0.509047,2.81435,2.39497,-0.172224,0.665393,18.6384,3.49419,-0.488,-850.096,-502.152,-13440,5740,700
13.413,14.7028,5.39539,13.1955,3.26522,-0.469965,15.6417,6.67068,20.9977,7.85502,3.81915,14.6634,4.10042,1.99111,19.3298,5.57753,-0.976,-845.704,-498.248,-13300,5320,560
30.7393,25.9856,4.23249,6.25422,-0.359204,-2.11778,-1.52153,-1.47704,44.5671,18.8946,8.07972,23.4016,5.46497,3.76237,-6.54497,-5.79018,0,-845.216,-504.104,-13720,5320,560
17.7276,18.4446,5.56256,16.1075,15.8319,2.41559,9.82925,3.41295,15.887,13.2878,3.90273,23.7634,6.85676,13.4856,5.13579,0.0341736,-1.464,-848.632,-504.592,-14420,4480,560
-15.338,-5.15607,-2.18691,11.7059,21.5655,1.61093,18.2941,6.92418,-33.2029,-5.79781,-7.71439,7.47587,-1.32113,10.9674,14.9271,6.85146,-1.952,-843.264,-506.544,-14560,3920,420
-18.3222,-11.8724,-5.69767,-0.77077,8.1369,1.33743,9.9281,1.62035,-25.1566,-8.68586,-9.39561,-6.42052,-1.20037,3.56854,10.6105,4.69341,1.464,-847.656,-503.616,-14980,3080,840
-0.187071,-5.11442,0.293677,-8.38116,-2.32411,3.24737,4.77872,2.56221,10.6648,1.85882,-3.42161,-6.96648,7.49728,2.50367,11.9277,1.60101,0.976,-842.776,-502.152,-15540,2660,1120
11.6616,-9.90714,4.78137,-24.3339,-16.3379,1.20905,-7.41451,0.419338,25.1099,13.2975,8.3112,-6.04491,6.17144,-2.39573,-9.76511,-5.42647,0,-841.312,-501.664,-16100,1960,1260
17.6079,-4.5868,7.04779,-31.0913,-23.93,0.121028,-16.441,3.24799,41.9049,17.797,14.6474,-2.82568,4.21341,-8.65941,-31.1588,-5.56003,-1.464,-838.872,-502.152,-16940,1680,1400
34.6045,32.6938,25.1797,11.3362,5.95121,7.85058,0.679115,10.1622,65.2089,27.4887,21.3319,24.8412,11.9164,4.3924,-5.7601,9.82455,-0.488,-834.968,-507.52,-17220,2240,1680
13.504,29.482,24.2244,41.8954,28.5182,13.1572,27.6715,15.2516,26.1674,15.2673,17.4996,25.1831,8.66634,13.0623,38.828,29.7198,0,-838.872,-506.056,-17220,3500,1680
-12.1213,-2.85955,5.68708,26.8688,15.3823,7.00425,16.5152,7.93843,-10.6548,-4.78649,3.82507,-0.138471,1.91059,0.613636,32.185,20.6243,-2.44,-841.312,-517.28,-17640,4620,1820
-14.4138,-19.4392,1.07438,3.91515,2.69112,1.81845,-7.43977,-4.33079,-24.7195,-6.3426,4.19811,-8.30206,-0.0169371,-6.66459,2.74788,2.34862,-4.88,-840.336,-516.792,-17500,5740,2100
-34.4107,-38.3174,-2.38097,-17.7486,-5.18186,-0.426487,-15.5055,-3.06012,-63.5029,-18.2604,-1.98521,-19.1513,-5.8052,-9.77508,-12.7121,-4.71826,-5.368,-838.384,-515.816,-17080,6860,2380
-27.1299,-48.0347,-3.55541,-55.4954,-24.0427,-4.7032,-39.6604,-9.43356,-50.6774,-14.9627,2.35345,-24.2356,-10.3805,-17.452,-59.8152,-20.8236,-7.32,-839.36,-516.304,-16800,8120,2660
-5.77871,-33.0195,-8.94384,-50.9385,-28.3021,-7.49669,-25.2075,-4.11265,-2.18012,-8.06453,3.06544,-25.2386,-12.8735,-19.1391,-36.2917,-15.1822,-5.368,-840.336,-515.328,-16380,9520,2800
5.89447,8.99886,-4.5086,2.18074,-0.50093,-2.82707,-0.414667,1.16169,12.2369,-4.04887,-1.18686,-6.43626,-5.91224,-4.44959,-0.952979,-3.04392,-6.344,-836.92,-514.352,-16100,10360,2800
11.1028,20.2135,-5.85888,6.59225,2.82188,-2.3966,-10.1393,-5.26484,13.1136,-1.66881,-2.59963,1.4156,-2.43416,1.07138,-15.2535,-8.62378,-5.856,-835.456,-518.744,-15680,10920,2660
10.594,36.2154,-6.21373,24.1692,11.5145,0.568265,-0.413376,-4.52356,20.2453,-12.6701,-18.234,7.53621,3.50236,6.32038,0.901261,-6.65958,-5.368,-833.504,-518.744,-15400,11620,2800
-10.6049,15.5044,-7.85082,15.7497,11.709,1.50987,6.38753,-1.33429,-21.1897,-17.3791,-20.3751,3.31611,4.22507,11.4754,2.65685,0.544725,-4.88,-836.92,-520.696,-14840,12320,2380
-10.0336,-4.61231,-5.65732,-7.37658,0.98453,-1.1918,1.23727,0.419375,-33.0587,-7.10076,-7.29522,-1.0226,8.31631,11.2411,-9.71455,-0.885805,-4.392,-838.384,-523.136,-15120,12740,2240
-10.639,-22.1475,-7.07461,-22.9881,-11.1094,-3.84551,-6.02234,-5.60176,-45.2029,-0.901913,-0.548511,-9.44282,11.0563,5.78593,-13.3692,-8.10781,-2.928,-837.896,-525.576,-14700,13160,2100
-8.47323,-17.4024,-9.69443,1.38896,-6.78555,-2.38986,11.8542,-8.10557,-33.9495,0.790129,-0.997436,-10.637,3.26046,2.80424,24.719,1.69311,1.464,-834.48,-525.088,-14420,13440,2240
8.65311,16.6395,1.83161,15.7724,4.8592,0.261855,9.37107,-8.07892,8.56081,6.13685,-0.337219,8.68031,5.63811,7.46296,7.01808,3.67204,0.488,-835.456,-521.672,-14560,13860,2240
3.05849,0.183688,-0.972659,-10.3086,-9.28878,-5.48168,-2.21635,-5.77804,12.3891,2.08037,-1.37328,-1.22658,0.701229,-3.17956,-9.13088,-1.83584,1.952,-835.456,-524.112,-14700,14000,2240
-4.79039,-1.85913,-6.25369,4.34051,-9.76121,-10.2537,6.68889,0.345252,8.95299,-4.2733,-5.11978,-6.28875,-4.302,-10.3157,18.3509,-2.09167,2.44,-833.504,-527.528,-14980,14700,2380
2.61318,3.35708,-3.31371,0.0622359,-9.67026,-11.3873,-0.945768,1.36976,15.1903,1.65503,-2.46267,2.13438,-2.8186,-8.14969,1.6925,-7.8983,1.464,-832.04,-530.944,-15400,16380,2100
8.33417,-3.93596,-2.83906,-9.142,-10.6392,-6.92471,-1.52955,3.4586,22.0351,5.15955,1.28409,3.76415,-4.11252,-7.20331,0.774391,-7.08266,0.976,-824.232,-526.064,-15820,17920,1820
10.9058,-4.72721,-1.72096,3.07977,0.525877,-2.96354,11.0573,4.8243,15.6646,11.3797,6.98752,4.63657,-3.29285,-1.81597,21.9661,2.87567,-1.952,-840.336,-514.84,-16660,20580,1540
12.358,5.29453,-1.62525,24.8885,13.6417,-4.1015,14.4528,-1.96102,23.3583,7.53088,3.75502,6.79841,-4.22336,2.8277,34.5833,6.99608,-7.808,-835.944,-534.36,-18060,22260,980
11.6355,24.6413,0.356913,39.8151,23.5526,1.07586,6.72445,-3.43659,32.1601,2.07239,-3.88086,15.9989,-6.48762,8.90172,17.7542,8.04659,-5.368,-834.48,-528.992,-19180,18760,840
-6.0517,17.8877,1.5676,33.7453,24.2143,9.43693,5.08214,1.60361,-1.16542,-1.90742,-6.62709,15.7264,-7.17177,12.0883,6.12789,14.8331,-4.88,-839.36,-528.992,-18900,19600,560
0.645328,15.9972,3.44535,14.6162,12.7123,6.62807,-2.8052,-5.1888,4.57548,3.8155,-2.79981,13.2566,-7.44307,7.42429,-6.20163,9.43863,-1.952,-826.184,-531.92,-19460,18760,560
12.4712,4.04902,3.45183,-28.5458,-12.5191,-3.90051,-29.7036,-22.2953,17.9261,9.97119,1.31558,5.82291,-5.89557,-9.94365,-45.1786,-12.2524,-5.368,-832.04,-528.504,-20440,19180,0
-18.6357,-24.7241,-6.28332,-30.0265,-20.2685,-4.82474,-15.586,-17.7344,-21.9524,-12.8793,-12.5475,-13.7849,-8.01845,-15.2078,-12.0312,-9.57192,0.488,-837.896,-528.504,-21840,19740,-420
-15.912,-13.3341,0.902114,-1.4856,-8.44535,2.63,9.88083,-0.153074,-12.7863,-9.79078,-5.83662,-9.4699,-1.20425,-6.42338,27.3886,2.95243,1.952,-836.432,-526.064,-23240,18060,-700
-1.79398,0.893683,5.48717,1.67658,-5.88102,5.11022,5.37196,7.03046,11.0694,-0.796347,4.09719,-3.46136,4.84753,-5.64756,16.1817,-0.996106,2.928,-832.04,-526.552,-23380,17640,-700
-8.48455,-16.4848,-4.20287,-19.8119,-13.2407,6.58277,-1.3033,11.5819,-4.01623,-5.37001,-0.100654,-14.5604,-1.25131,-7.9078,-3.17374,-2.66459,3.904,-826.672,-525.576,-24080,17780,-840
-17.8945,-25.6398,-5.77575,-19.1884,-10.287,2.1218,-0.385629,9.51359,-28.4689,-5.13931,0.172583,-18.9722,-0.208485,-7.69952,-0.176731,-3.6075,4.392,-823.256,-520.696,-24780,18900,-980
-19.0242,-17.2376,2.60139,-16.8033,0.68015,1.42151,-6.77768,7.61644,-43.6569,0.955195,7.22716,-10.1538,5.9482,3.00303,-24.5535,-5.49515,0.976,-824.232,-520.696,-25620,19740,-980
-12.4472,-19.8659,3.55097,-40.1461,-7.78174,1.85727,-19.7043,9.70479,-30.1064,3.67055,10.5082,-10.6588,5.86606,3.63973,-51.8097,-8.18201,0.976,-824.72,-522.648,-27300,20160,-1120
19.3281,8.51257,8.81564,-27.8319,-8.78553,0.592409,-22.41,5.09197,27.2214,16.5119,18.1471,2.07866,8.91738,-2.05113,-44.5619,-11.571,0.488,-823.744,-521.184,-28700,20440,-980
29.3005,25.763,14.1054,1.55792,0.811494,4.05825,-4.91784,9.17186,43.7918,18.8806,22.0036,12.3867,12.0682,-1.5847,-10.6163,-0.783254,1.464,-826.672,-524.112,-28980,20440,-1120
38.2318,45.0725,22.1462,38.9167,21.3005,11.3432,24.3479,20.6489,51.4608,21.3848,22.6262,24.8037,16.5288,9.55736,33.5195,15.4567,4.392,-826.184,-523.136,-29680,20860,-980
28.4965,44.0119,24.9746,49.2941,35.3585,19.2532,37.3437,30.0377,27.7699,13.8078,16.1407,28.4684,18.3275,21.1219,38.9253,27.148,5.368,-825.696,-524.112,-29680,21700,-840
-9.85373,1.34807,10.5831,32.195,24.3434,16.6727,32.4271,26.345,-27.4047,-9.83501,2.44136,5.89581,11.7585,15.9745,37.4812,25.9087,3.416,-827.648,-523.624,-29680,22960,-840
4.68303,7.56205,14.5024,32.4209,26.2861,13.5739,25.914,19.8178,-7.74605,2.38408,12.163,11.8386,7.38169,17.4957,24.9468,22.9388,9.272,-825.208,-528.504,-29120,24500,-280
19.344,16.5547,12.6332,20.5193,20.8215,6.29198,12.4274,10.4784,23.678,6.60108,9.50529,12.7579,-1.77563,12.6825,5.63587,12.3038,7.32,-821.792,-526.064,-28980,25200,-140
22.8837,14.7005,9.6559,11.9606,17.0208,1.59831,-1.17352,-1.01471,27.494,7.2582,5.69455,11.1755,-2.04594,7.77523,-5.88831,1.47901,4.392,-815.936,-523.624,-28280,26180,420
15.2495,13.8921,5.26188,16.3127,17.3534,2.30594,3.24368,-2.32147,15.8834,4.01561,1.31298,13.328,-1.33083,10.646,7.00958,6.83371,3.904,-812.032,-527.04,-28280,27300,700
-4.93093,-6.67717,-5.93814,0.0062017,4.02698,0.817544,8.50147,-5.53901,-8.85932,-9.0343,-10.5968,1.55596,-7.61282,7.75075,19.6756,9.6287,2.44,-812.032,-527.528,-28140,28700,1260
-34.1421,-37.6959,-16.8383,-13.9587,-15.8485,-6.21385,-0.758197,-14.7702,-49.9116,-26.9683,-25.7796,-22.409,-15.0248,-1.97444,15.0859,-0.0768685,0,-812.032,-528.504,-28140,30100,1540
-41.5945,-52.8624,-20.5124,-29.4699,-30.8868,-14.2454,-21.8029,-29.7869,-60.2438,-29.6914,-29.2154,-35.018,-18.619,-11.9091,-14.6776,-19.2719,-0.976,-812.52,-529.48,-28280,30940,1960
-20.8783,-35.6858,-12.581,-25.4699,-23.9458,-16.6381,-19.8061,-32.5835,-33.5209,-13.7417,-19.4243,-18.438,-14.0325,-9.25551,-17.0201,-21.4461,-0.488,-811.056,-528.016,-28140,31780,2240
-9.15435,-14.9591,-14.7722,-11.0707,-17.818,-15.5592,-11.7173,-30.6224,-8.83445,-7.18359,-18.6728,-6.95841,-12.0125,-9.90877,0.731662,-19.2229,-0.976,-813.008,-526.552,-28420,32340,2240
-5.67184,-7.11219,-22.2202,-7.58434,-17.7878,-16.2907,-9.87152,-32.6062,-1.91871,-4.70816,-17.8802,-5.53006,-13.2203,-11.4596,3.67757,-19.4215,-1.952,-819.352,-526.064,-28280,32900,2520
-8.25284,-3.9788,-26.6404,-18.0909,-24.0926,-19.7663,-23.5023,-38.3606,-3.80411,-6.6877,-20.141,-8.60396,-13.8956,-17.3491,-22.2418,-27.5547,2.44,-819.352,-529.48,-28280,33180,2520
-15.8928,-14.3897,-28.1065,-41.7078,-30.5049,-19.5959,-42.2616,-39.3992,-20.5164,-13.6805,-21.8917,-19.5544,-15.3625,-24.9984,-60.5044,-34.9716,6.344,-819.352,-528.992,-28420,33600,2660
-10.4272,-12.7102,-23.1921,-45.4633,-24.6242,-16.2475,-38.7338,-26.4231,-19.5643,-10.1225,-20.0083,-18.119,-10.1921,-25.0495,-66.2909,-29.3253,6.344,-817.4,-536.8,-28420,34440,2240
-8.87172,1.81958,-24.8879,-28.2438,-23.4278,-15.7981,-18.0993,-8.2115,-3.48314,-5.43597,-19.8925,-17.8602,-8.51184,-29.3329,-35.3475,-16.7548,5.856,-819.352,-539.24,-28000,35000,2520
1.0131,7.65878,-21.8777,-19.2369,-23.2149,-15.8886,-9.63986,6.73577,8.61043,9.84503,-4.52134,-14.0093,-4.034,-25.4533,-19.4276,-9.11993,7.32,-816.912,-540.216,-28140,35560,2800
18.3177,21.3434,-4.14572,-2.3803,-5.50513,-5.41258,-0.706479,22.702,32.2902,23.1635,9.64826,4.2399,5.38861,-6.88043,-7.03848,5.16384,8.296,-820.328,-529.968,-28280,36120,3080
-2.7637,18.0119,0.836693,22.784,8.05412,2.68839,19.3581,34.7335,24.4979,-1.24775,4.08593,3.49305,5.8698,5.18635,30.1669,23.5387,5.368,-818.376,-527.528,-28420,36820,3500
-23.8046,-4.30545,4.70664,25.8747,9.61601,4.2283,27.5548,39.2736,2.51505,-19.5774,-2.9558,-4.24666,8.79311,10.6998,52.3307,30.7968,7.32,-819.84,-528.504,-28700,38220,3780
-21.1267,-5.79184,14.1205,37.5504,15.1983,1.41063,29.7568,27.8464,-1.98128,-13.6268,6.68323,0.917572,12.669,15.2425,67.6974,23.9326,8.784,-819.352,-528.016,-29260,39900,4060
0.284074,4.46973,18.7419,31.1661,13.1578,-2.2609,11.3663,5.61897,17.2591,1.64823,22.8477,10.8172,16.3946,12.8184,34.0114,1.22019,11.712,-820.328,-530.944,-30240,40880,4340
8.66222,4.14826,20.4076,18.3513,11.7118,5.91691,3.12593,-3.86283,16.3256,7.1888,24.0002,15.0587,19.2412,11.6175,6.09826,-1.42304,11.224,-817.888,-532.408,-30240,42560,4900
12.4774,2.71861,22.8038,4.07417,13.9473,15.811,-5.55642,-13.1967,5.58474,13.2848,23.5033,18.4119,21.2966,12.9375,-15.837,1.17305,11.712,-820.816,-532.408,-30660,43820,5040
15.7543,-7.38453,14.3736,-31.1448,-3.53186,11.0196,-24.0994,-19.8308,6.40337,14.8549,16.185,10.0326,11.3168,4.6121,-45.5784,-7.15607,12.2,-827.16,-530.456,-30520,45080,5180
-2.3811,-17.5007,3.88384,-20.7561,-1.64735,12.0394,-1.81351,-2.65919,-13.2916,2.7537,5.54157,-0.696088,7.22856,3.73052,-3.55998,3.25798,19.032,-833.016,-532.408,-30660,46760,5180
4.72121,4.29257,8.57737,16.9898,24.3067,22.809,28.7177,25.7554,-5.6578,11.4362,11.5495,9.08586,14.1752,13.6311,31.8554,21.0454,15.128,-831.064,-530.944,-30800,47460,5040
41.7024,46.3678,25.0839,44.9876,46.9221,32.0768,38.96,44.2372,44.263,40.7945,34.7168,36.4954,22.948,24.9959,25.5153,28.1166,14.152,-830.576,-528.504,-31220,48720,4900
51.0442,55.4631,35.248,55.5765,53.2973,35.1736,38.7545,55.1408,54.119,43.5055,37.147,45.1246,26.1012,32.6589,20.0352,30.7582,12.2,-837.896,-529.48,-31640,49560,4760
34.4114,40.5162,39.4363,62.6383,59.2946,30.1393,40.7748,49.5753,12.7524,28.8775,30.3343,44.9166,21.4872,37.519,27.6429,32.9911,18.056,-847.656,-528.016,-31920,50680,5040
19.6827,23.1306,24.6631,36.5241,38.3776,20.9256,22.7761,29.5192,6.28567,9.7545,18.992,29.5162,8.96045,19.7156,13.172,20.0083,15.128,-848.144,-531.92,-32340,51100,5320
8.53276,7.83221,-5.86231,4.57187,-7.17459,3.23146,0.536197,8.02022,23.1077,-12.2995,-2.47468,-2.13202,-12.7832,-14.9379,14.6989,-5.88403,16.592,-857.904,-528.992,-31780,51520,5460
5.13087,11.9618,-1.33339,17.7501,-2.32431,7.14455,19.003,11.4974,7.30376,-11.0367,-11.5596,1.16878,-12.7132,-7.96701,44.1837,3.96808,12.2,-866.688,-527.528,-31360,52080,6020
-4.46913,-7.06663,6.22631,-1.79207,-0.0602384,14.7819,13.6893,13.1948,-26.7698,-6.93461,-5.81246,-1.00658,-10.4547,6.13511,14.6646,8.84025,13.664,-859.368,-528.504,-30660,52080,6300
-19.9619,-35.5278,-3.9851,-49.9584,-27.8737,6.78842,-25.6033,-5.75291,-48.6098,-14.9172,-7.56758,-20.3428,-21.053,-3.59591,-56.0027,-13.0739,9.272,-855.464,-520.208,-29260,53340,6720
-14.8302,-33.0417,-2.03033,-75.2283,-38.9036,3.77538,-48.5664,-24.8459,-36.0385,-13.24,-8.74943,-21.9872,-21.8541,-10.8954,-94.2132,-24.1678,10.248,-853.024,-516.304,-28560,53900,6720
-5.96412,-8.8574,-1.11288,-41.0685,-20.9651,-3.66857,-27.9343,-38.0492,-13.364,-13.4112,-7.17361,-16.2697,-19.6081,-7.5283,-39.2116,-17.5619,12.2,-848.632,-514.84,-28840,54320,6440
-7.51695,-8.13594,-7.36244,-31.6608,-15.0239,-14.6289,-20.811,-45.2857,-7.17684,-19.697,-12.8534,-23.2559,-20.5308,-8.64897,-15.178,-15.0537,12.688,-850.096,-512.888,-29400,52920,6020
-5.15248,-17.7301,-14.0283,-31.5246,-18.6603,-23.0795,-21.5648,-49.1942,-5.3598,-14.2331,-7.50046,-31.9855,-17.2878,-16.0233,-5.63618,-18.2822,13.664,-857.904,-511.424,-29680,52220,5880
-0.275184,-8.14091,-13.2599,-9.45491,-12.5608,-27.7331,-7.27869,-39.5438,-3.34048,-8.51474,-8.04797,-27.5704,-8.79929,-19.094,16.4318,-8.61612,11.224,-852.048,-517.768,-30240,51940,5880
4.34792,-6.39867,-14.1721,-4.9948,-20.4907,-34.9589,-15.0065,-37.8685,0.753846,-0.822508,-12.4151,-21.4323,-9.34938,-29.5587,11.6386,-14.5352,9.272,-853.024,-522.16,-30240,52080,5880
-19.8853,-26.3081,-31.1718,-10.0533,-34.4399,-37.3678,-17.6493,-29.8368,-28.3825,-11.1171,-26.4204,-28.3424,-19.8445,-28.382,10.161,-18.3416,7.808,-850.096,-526.064,-29820,52920,6020
-13.2172,-24.7022,-28.1663,-17.9815,-35.0492,-33.5537,-22.4934,-24.4544,-24.7604,1.00297,-17.7679,-14.3822,-14.9598,-14.1494,-8.79096,-21.1788,16.104,-849.12,-531.432,-28700,53760,5600
-6.14702,-11.7473,-21.4556,-3.38209,-21.1475,-29.1027,-9.17719,-19.4598,-13.5502,8.64656,-18.1899,-1.60639,-9.39622,-5.24295,5.8202,-12.7328,13.664,-856.44,-512.4,-28980,54600,5600
-31.1753,-28.1879,-36.2752,-2.80585,-23.5962,-32.6584,0.230762,-19.4226,-40.1438,-8.61529,-31.0216,-20.087,-12.7381,-11.1335,19.9864,-8.61724,9.76,-861.808,-515.328,-29820,55720,4900
-18.8437,-12.7322,-41.4887,-14.5295,-32.6994,-32.8156,-16.9118,-21.3139,1.17712,-11.7884,-28.9092,-19.041,-7.6753,-12.5362,-15.825,-18.7159,11.224,-858.88,-524.112,-29680,56280,4620
-27.3553,10.8255,-38.4607,-2.05592,-12.8301,-21.7403,-7.39902,-7.84891,14.7668,-35.7662,-36.6005,-7.0157,-8.2234,5.41557,-25.0318,-5.26758,17.568,-863.76,-528.504,-29400,57960,4060
-43.2622,1.27893,-19.1153,5.94782,6.87536,-4.75589,6.34112,8.3299,-23.7242,-28.9911,-24.687,-1.50761,1.86379,14.5907,-12.787,10.2767,14.152,-865.224,-525.576,-28700,59360,3920
-30.0411,-1.8403,4.0712,13.0895,21.5847,13.9152,22.742,28.6364,-20.5104,-0.309389,2.4061,7.69678,17.7029,16.0642,7.72485,24.5306,13.176,-868.152,-531.92,-28280,59920,3780
-13.9486,9.55632,12.6356,25.5369,27.0696,18.3717,19.6661,38.0514,5.39856,1.16188,15.2368,17.0891,27.5507,14.6961,5.87668,20.8068,9.272,-870.592,-531.432,-27160,61040,3780
-2.0185,17.3067,23.8036,30.177,28.294,16.6395,6.35214,39.5014,23.8611,3.28189,12.027,24.8122,28.6276,10.322,-9.31941,12.6428,10.248,-869.616,-538.752,-26880,62300,3780
10.0204,14.6867,34.6759,42.3487,34.3004,16.1745,23.8859,42.7759,24.6362,14.7737,16.5655,26.3039,15.8059,8.60517,22.3408,16.4666,11.224,-879.376,-539.728,-26040,63980,3920
22.1853,-0.319763,37.6867,15.8162,21.2394,15.1377,15.0678,38.645,31.3228,21.0823,18.9572,24.0845,10.1779,5.64975,8.00211,4.86359,9.272,-883.28,-544.12,-25620,66500,3920
32.7387,-2.2575,30.2326,-2.8171,14.8011,7.06961,-6.00673,17.1064,44.3965,19.269,13.3833,21.5574,-4.08115,3.33057,-17.2766,-8.79093,4.392,-881.816,-548.024,-25060,68040,4200
36.3055,-3.193,24.7142,-11.845,12.428,7.71999,-21.6986,4.71503,33.8305,20.0668,12.8477,17.5272,-3.93463,1.86674,-37.0301,-18.6694,4.88,-882.304,-549.488,-24360,69160,4060
25.4085,-1.09512,19.2024,-3.74343,15.2154,15.3493,-20.3526,1.93122,12.9564,12.0456,9.60414,13.3277,-0.183303,4.10629,-33.9636,-19.6545,7.808,-879.376,-546.56,-24360,70280,4340
9.6055,7.7064,5.01503,-18.7169,-0.506347,15.4954,-31.1942,-8.66503,12.9679,-6.71734,-9.00214,4.22448,-9.24939,-7.195,-51.8304,-23.3459,9.76,-879.864,-545.584,-24640,72100,4620
-7.07092,7.31164,-9.11565,-13.4849,-13.8242,21.9097,-2.85797,-3.16841,19.0822,-16.9597,-23.501,-12.0069,-10.2057,-19.19,11.4689,-6.69433,18.056,-888.648,-547.048,-25200,73780,5040
-7.87238,9.98884,-6.59323,21.5783,3.53781,37.231,47.1897,15.4076,13.175,-4.66937,-15.0248,-15.3925,-3.15037,-8.16631,100.422,25.0495,16.592,-887.672,-543.144,-25620,74340,5320
16.4082,41.7104,12.5372,57.1727,32.3622,50.1512,65.6833,28.9583,25.4901,23.3864,4.45835,8.16655,16.1741,10.785,116.425,43.6064,17.568,-895.968,-541.68,-26320,74760,5460
45.2047,67.0273,29.4888,60.4407,49.1837,53.0612,55.2605,34.5797,50.0221,46.3994,23.1193,30.5164,28.3803,25.5452,76.1324,49.6387,19.52,-896.456,-538.264,-27020,75740,5600
47.417,52.6647,24.7547,12.2359,30.4713,40.8225,16.3733,27.2136,52.7241,47.6669,31.8038,22.706,21.6031,12.9457,0.39788,30.7198,23.912,-898.408,-541.68,-28560,76720,5180
21.1805,11.236,8.98517,-21.3385,9.77039,29.0631,-3.2594,24.003,12.2027,30.3406,27.1628,-0.294151,10.732,-2.63023,-29.6231,19.6127,20.984,-904.264,-543.632,-30800,78120,4480
33.0399,5.64923,8.9761,-37.3478,0.301308,14.0382,-18.9771,13.8917,24.1211,29.9595,29.4155,1.11468,9.94804,-9.1243,-54.1659,5.23887,21.96,-901.336,-544.12,-32480,78680,4060
24.0565,19.1627,13.2462,20.2056,9.77616,-3.24457,14.6866,14.251,9.93617,13.8377,15.8733,8.09689,10.3194,-10.3977,18.4669,9.11825,20.984,-899.384,-546.072,-34580,79240,3500
-43.5181,-51.3572,-8.76731,-13.5684,-31.0558,-28.4285,3.87057,-7.95022,-105.816,-33.29,-11.5175,-29.9921,-6.13956,-28.3102,10.4577,-4.67574,18.056,-894.016,-554.856,-36540,79380,3220
-62.3356,-71.0955,-24.7523,-26.1423,-57.4039,-44.9103,-12.5931,-39.0158,-132.008,-52.1257,-13.897,-48.7394,-14.4439,-24.8346,6.4401,-19.7915,19.52,-891.088,-550.952,-38780,78820,2800
-38.7144,-43.8402,-22.324,-1.01102,-40.9629,-41.4334,0.0128015,-46.2755,-79.8405,-45.3767,-4.70284,-33.7259,-8.45144,-3.21078,37.5764,-11.797,22.936,-884.256,-556.32,-40320,77420,2100
5.03927,-12.2937,-14.0058,-6.1285,-33.3984,-38.39,-16.8016,-57.2598,-10.3295,-18.0098,17.9812,-9.67701,-0.21997,4.11074,4.14367,-16.2722,26.84,-883.768,-558.272,-41440,76020,1540
17.7772,-3.04772,-11.799,-28.1856,-28.2456,-37.0773,-49.3463,-70.5169,-1.02281,-3.89887,34.158,8.96691,5.61462,6.17448,-66.435,-26.8543,25.864,-875.472,-557.296,-42840,74060,560
1.54349,-24.634,-23.4653,-68.8716,-33.7305,-40.3333,-72.8543,-77.1772,-29.2178,-8.50371,45.0407,5.70728,8.64723,3.10953,-123.773,-39.5256,25.864,-867.176,-557.296,-44240,73080,-420
-20.3608,-27.81,-32.5629,-36.5551,-16.4732,-36.1698,-38.7012,-58.6853,-49.286,-21.2891,54.5392,4.00735,15.2038,8.8689,-56.9415,-27.2551,25.376,-867.664,-557.784,-46900,73220,-1820
-37.6021,-26.861,-32.4738,11.6222,18.8954,-21.5418,23.3029,-17.643,-60.2975,-32.96,51.7015,10.0202,24.9145,25.9712,26.4242,10.7502,31.72,-860.344,-560.712,-50120,73640,-3500
-16.5644,-17.5712,-20.1951,7.56098,16.3558,-20.9133,26.3387,8.70787,-22.5441,-5.27092,56.0732,18.4158,34.8787,30.6774,11.8045,16.6731,26.352,-857.904,-563.152,-52360,73500,-4900
10.6219,9.32029,-13.7793,-5.18267,-13.694,-34.4621,-1.13075,3.39115,41.7145,15.7498,57.5112,22.6722,37.3541,22.3965,-16.381,-9.5851,31.72,-851.072,-559.736,-55720,73360,-6440
16.3196,46.385,-7.80559,11.1476,-19.7281,-31.6288,-9.46001,-0.659711,82.1132,9.76408,36.4193,27.2484,30.3526,25.8845,-10.7946,-22.5,35.624,-850.096,-562.176,-58380,74480,-7140
-10.8982,32.7331,-9.86301,17.5159,-21.8583,-23.091,-17.3959,-6.41791,49.1443,-8.71842,3.34671,10.8098,0.51352,20.9613,2.85138,-32.0024,37.576,-854.488,-561.2,-62020,75740,-8540
-27.8611,17.0368,6.05645,33.2435,3.79942,-1.45445,8.75163,19.0222,17.6473,-11.9353,-27.6572,5.97517,-11.9942,31.8244,25.1817,-6.62418,40.016,-854.488,-565.104,-65660,76860,-10080
-14.1097,22.328,33.6812,38.0009,35.1509,28.171,30.0856,55.2121,31.8398,5.10939,-55.9053,11.1532,-20.8033,43.3432,20.1757,22.0534,36.6,-845.704,-571.936,-68180,77420,-11200
7.99949,19.3045,40.6022,33.4284,47.4873,49.1951,34.6023,71.3724,44.0645,21.402,-97.7115,7.82932,-41.8921,45.3781,20.6117,34.674,37.088,-843.264,-570.96,-71540,79380,-12740
18.7921,14.2033,21.8311,57.6134,58.8747,53.3896,46.4036,69.0518,21.6557,21.4686,-142.622,-1.2858,-65.3993,35.4774,64.5188,42.1665,56.608,-845.216,-628.056,-74060,82040,-13300
27.5686,4.20246,6.67335,42.8051,58.8037,49.1109,25.5306,46.2608,-6.08924,10.3816,-127.138,-4.54266,-60.8313,19.9336,33.2196,32.394,29.768,-837.408,-534.36,-75460,85260,-13720
13.2183,-44.9406,0.220407,-40.974,25.7285,34.0333,-28.3612,9.02934,-53.7618,-9.235,-96.5147,-26.082,-53.4029,-5.44,-62.394,5.31332,37.576,-840.824,-579.256,-78960,90160,-14420
-41.2576,-100.275,-8.16387,-86.8515,2.46881,11.6978,-54.8832,-33.1453,-131.551,-50.2094,-109.55,-67.4132,-90.6992,-20.2697,-83.9341,-17.1032,37.088,-827.16,-574.376,-74760,89320,-14000
-46.3055,-59.2512,-11.595,-86.3298,-26.2746,-19.6673,-75.5107,-64.409,-79.4549,-64.8804,-111.562,-77.9773,-109.02,-51.5766,-71.9344,-50.4374,41.48,-820.328,-591.944,-81200,98420,-15680
-1.97681,35.6956,-3.64385,-36.4467,-31.7878,-34.9376,-48.6523,-57.8597,46.0769,-45.2084,-92.6653,-47.7083,-95.6548,-73.2422,-2.54409,-53.9936,40.504,-810.08,-580.72,-82320,103320,-16380
15.2794,46.7793,15.6037,-26.0447,-9.44217,-10.5806,-5.99223,-16.915,56.5396,-12.8844,-59.9995,-19.2238,-52.1741,-63.4017,20.6691,-22.8014,40.016,-825.696,-568.032,-86520,109200,-17780
36.4739,61.416,37.7314,57.2593,37.3812,29.9228,72.8935,39.7253,68.8547,41.1411,-13.4171,5.32947,9.75974,-45.0961,122.866,30.9237,40.016,-825.696,-568.032,-86380,112840,-17780
38.8156,63.144,49.962,97.6696,42.0804,41.262,92.8122,58.0656,87.5424,81.2555,28.3183,15.1012,33.7179,-39.4407,145.716,49.3932,28.304,-854,-557.784,-87360,114800,-17640
31.1727,17.2143,37.8398,18.2942,-30.3991,15.7792,29.5591,42.5136,97.2494,91.3126,81.7377,-0.881376,42.004,-86.9922,47.3474,11.9778,28.304,-854,-557.784,-90020,118160,-17780
35.6458,8.49384,36.7359,-13.9797,-51.1433,14.7573,14.3278,53.6537,93.4007,89.5532,128.115,29.5631,70.0648,-123.879,1.01016,8.02043,51.24,-854,-603.656,-87220,119840,-17220
32.9295,15.0794,19.0975,-34.0444,-52.5413,25.2134,-6.04014,61.0725,65.3262,72.0099,142.058,52.0806,90.225,-121.655,-58.6008,4.25564,37.576,-840.336,-604.632,-87500,126840,-16800
2.67324,-7.47733,-17.5677,-52.9486,-58.1015,24.633,-25.1358,49.4273,5.50788,28.8031,125.989,37.7231,109.392,-131.922,-67.5467,-4.33997,48.312,-829.6,-613.904,-84980,133140,-16100
-56.5164,-62.2163,-53.5337,-54.3578,-61.9306,14.8872,-3.66253,29.5963,-93.4725,-30.47,87.3734,4.91335,102.769,-131.511,-10.1727,6.15716,39.528,-832.04,-621.712,-84420,139440,-15400
-67.9962,-89.1609,-71.6111,-83.4502,-94.5688,-11.0212,-33.5064,-8.88836,-104.861,-62.2299,52.9547,-24.9104,91.9569,-133.802,-43.2938,-17.6738,53.192,-826.184,-622.688,-82600,148120,-14980
-43.2443,-58.5501,-53.1116,-88.7851,-101.382,-27.7495,-70.3436,-44.7206,-72.1206,-62.9882,28.4328,-17.7822,87.672,-90.9723,-105.016,-38.5049,60.512,-816.912,-638.304,-81480,156800,-15400
-55.8878,-43.5989,-43.9897,-35.8811,-72.4594,-30.5536,-34.6353,-46.5643,-80.9048,-82.327,3.20778,-22.5598,69.1819,-4.77671,-44.8163,-11.1989,62.952,-820.328,-655.384,-80780,175280,-17080
-2.75426,14.5709,-28.7672,41.3765,-7.83452,-17.5042,-4.79184,-48.1163,-6.59543,-50.1684,26.1908,-4.15608,33.3993,175.57,-3.3254,8.37753,67.344,-796.904,-731.512,-79380,211400,-20020
76.3605,85.8918,5.05994,199.266,202.733,32.1817,88.1804,-40.9467,52.2894,20.2456,85.1763,42.5726,-42.0364,512.714,81.1122,71.4542,73.688,-856.44,-633.912,-56560,317100,-24640
74.4191,81.8022,22.3669,230.033,313.587,46.9249,133.295,-23.3074,34.3509,39.0671,96.9303,61.0915,-77.931,557.205,112.211,104.569,71.248,-844.728,-528.504,-25480,325780,-32480
69.2151,72.9178,33.1107,138.845,214.64,15.0576,80.9197,-25.1427,39.5249,41.2947,64.7248,75.0022,-55.2223,351.591,52.2554,62.5999,38.064,-782.264,-409.432,-60760,222180,-27160
34.925,24.3068,10.3884,12.5925,76.0029,-34.0369,-16.8696,-43.3089,19.235,13.3477,9.00037,36.0804,-41.1957,154.595,-58.1863,-10.5301,52.704,-791.536,-514.352,-81340,138040,-22120
6.79486,15.4289,-9.39974,-24.1396,-18.6665,-64.563,-64.8485,-48.7361,22.415,-13.0248,-33.4089,-5.6081,-22.9564,4.25592,-63.1948,-60.0626,37.576,-824.72,-564.128,-82460,118020,-19460
-35.2873,-10.8878,-12.7067,-13.6794,-61.2327,-66.7711,-44.778,-40.9456,-28.3013,-39.1194,-63.262,-30.0337,-8.46743,-84.6282,4.69275,-61.5029,26.84,-841.8,-574.864,-80360,110740,-19600
-35.8716,-13.0823,-1.33191,-13.4966,-84.8757,-55.3456,-27.5396,-17.2687,-34.7864,-36.3423,-73.7241,-22.1877,1.37526,-134.565,33.6396,-50.6105,29.768,-838.384,-581.696,-76020,101780,-21140
-20.9217,-5.63211,23.3393,-5.71957,-80.7656,-44.3542,-18.4171,-5.27397,-45.2379,-13.9669,-67.2097,11.1719,3.55372,-144.323,46.99,-41.2312,44.896,-834.48,-589.992,-74200,95200,-22680
-49.2781,-42.4363,19.1801,-53.6735,-92.8965,-41.3152,-33.6104,-5.00884,-100.187,-17.137,-79.658,9.39838,-16.3501,-174.832,0.99382,-33.4981,56.608,-831.552,-599.264,-73640,89600,-24500
-44.1483,-33.5556,9.98651,-76.0257,-97.8714,-33.0549,-46.3013,-19.2097,-71.5915,-10.2215,-82.5344,7.48335,-32.063,-203.945,-20.8837,-29.8517,63.928,-826.184,-609.024,-74340,86940,-25760
-24.485,-27.5889,-6.13177,-66.739,-79.4355,-28.0174,-38.5019,-28.6876,-29.7138,3.50978,-62.3629,-2.24102,-48.6735,-196.728,0.326021,-25.9193,68.808,-824.72,-608.536,-75180,85680,-26460
-60.1446,-90.0182,-25.7216,-102.449,-64.4425,-16.2124,-26.698,-18.4101,-93.4868,-11.9563,-51.9063,-25.7617,-46.582,-151.951,-29.2738,-10.1627,74.176,-820.816,-615.368,-77000,84980,-27440
-95.9914,-169.52,-28.4171,-193.373,-66.3223,5.78006,-66.9424,-12.3456,-181.081,-20.3939,-34.6918,-43.3393,-26.0947,-109.019,-162.533,-17.662,65.392,-813.496,-613.904,-79660,85120,-28280
-46.8396,-100.775,-14.4258,-154.802,-38.2893,26.9526,-70.6557,6.55637,-90.1255,0.547869,-7.61291,-14.11,-12.9145,-73.8623,-176.015,-17.4103,69.784,-804.712,-613.416,-81900,85960,-29120
14.0671,44.0458,-14.6482,11.6878,5.48025,35.0106,15.2553,44.5225,94.2288,-2.04109,-2.58437,3.78457,-17.8846,-52.3703,24.5458,16.81,71.248,-793.976,-606.584,-82460,88340,-30380
34.1395,89.3734,-12.3818,89.0952,39.5187,51.9919,76.235,75.399,153.725,1.8641,1.99695,-9.46986,-24.342,-19.9247,131.96,46.8727,75.64,-805.688,-603.168,-82040,90160,-31640
39.6323,84.3139,20.1807,99.612,80.5472,63.4416,93.8259,61.3287,113.109,27.2677,21.5359,-11.546,-0.174922,16.5634,134.789,47.4613,82.472,-812.52,-608.536,-79940,92120,-32340
78.905,106.201,48.228,92.057,80.4886,58.9289,57.7912,41.5747,150.062,58.6731,40.9712,-6.36154,21.2239,44.3772,73.2215,20.9781,86.864,-821.792,-609.512,-77980,94780,-32480
107.357,111.871,55.1338,62.5277,68.516,53.3594,11.4294,35.0381,193.742,70.2542,46.2983,-14.3947,19.3245,86.4438,-15.8637,2.44334,88.816,-820.816,-615.368,-74340,98980,-31920
125.426,92.6781,65.6412,59.944,80.3379,53.3379,40.7613,37.0645,192.686,84.4299,54.4907,-17.7752,17.9705,145.891,17.6407,28.0781,84.912,-812.52,-610.488,-72100,102340,-31500
109.275,68.3683,56.9069,55.6437,78.7105,46.3934,63.0782,41.9656,157.924,70.3663,45.9658,-33.2164,9.20389,191.013,39.8258,54.8477,87.84,-817.4,-608.536,-70700,102760,-30660
32.1588,31.9536,16.1237,81.5592,65.932,37.5072,92.4829,59.9732,66.622,10.6543,13.1411,-52.4713,-1.05139,199.659,110.963,81.0885,91.744,-802.76,-608.048,-70840,102480,-29540
-23.0211,-32.2272,-20.4302,32.2869,17.1041,14.4051,42.787,41.16,-35.9035,-20.9013,-2.67097,-30.958,-0.0254503,129.212,58.8209,48.111,91.256,-800.808,-580.72,-74200,101920,-29400
-24.1475,-65.6708,-24.1748,-40.0463,-16.8977,-5.01541,-19.5437,13.8801,-81.2611,-18.9914,-1.50607,5.36862,21.8317,56.7942,-54.2657,9.08855,93.696,-796.904,-601.704,-72240,93380,-29540
-26.8005,-28.2143,-15.4665,7.61517,2.59778,-4.2024,11.6696,23.4499,-62.6691,-35.8358,-19.812,37.4253,38.8706,17.6739,-7.4499,27.4999,96.136,-796.904,-593.408,-74060,90440,-28980
-8.44012,26.4146,-13.4971,65.3437,2.49182,-15.8723,29.6161,9.19823,-6.94122,-39.5152,-33.8337,58.42,39.4499,-34.9582,58.5395,20.9322,101.504,-797.88,-599.264,-73920,85960,-28840
-40.9343,-53.5576,-25.3423,-36.0417,-59.0486,-32.6463,-39.9435,-35.334,-97.4345,-41.6235,-30.0205,29.5209,35.4199,-87.5096,-45.3488,-27.02,102.48,-796.416,-598.776,-72800,82040,-29260
-66.5649,-97.1,-33.0517,-111.915,-95.8371,-43.385,-110.09,-77.6002,-151.665,-45.6075,-21.4443,7.0619,23.6454,-113.763,-161.119,-76.6165,113.216,-799.832,-609.024,-71400,79520,-29400
-35.7199,-33.1112,-31.3703,-60.6337,-90.6002,-49.1789,-93.0182,-82.071,-69.1708,-33.3002,-22.2476,21.343,7.60168,-123.433,-99.7126,-85.1843,112.728,-793,-606.584,-68600,80220,-29680
-53.038,-40.1908,-37.0279,-46.3614,-90.5601,-53.1484,-87.8404,-80.3028,-93.3966,-36.6914,-21.7253,9.63487,-17.7991,-123.173,-66.6254,-89.1954,115.168,-800.808,-610.976,-67480,81620,-29960
-59.6685,-50.3637,-26.538,-19.7108,-57.2035,-51.3988,-51.716,-72.4953,-126.216,-30.779,-11.9642,5.30628,-32.0115,-89.9109,-11.1634,-73.0565,118.096,-812.52,-621.712,-64540,84560,-29820
-42.3593,-15.4183,-21.6201,13.4378,-26.9778,-49.2143,-10.1372,-38.0942,-80.2724,-27.6596,-10.3914,5.00561,-40.4889,-57.7711,38.0055,-34.9181,114.192,-813.984,-622.2,-60340,87080,-29400
-28.9224,-13.9943,-22.4021,-30.8954,-27.5804,-41.2173,-31.9633,-21.0491,-44.812,-20.5832,-0.429947,-7.7004,-38.07,-45.4892,-22.5747,-30.1572,123.464,-813.496,-622.688,-58660,88060,-29400
-65.8322,-85.8269,-40.5283,-143.537,-60.497,-27.6913,-97.5481,-17.7279,-92.6191,-45.3567,-2.90286,-53.763,-29.5463,-66.7327,-145.918,-52.3138,111.264,-801.296,-618.784,-55860,85820,-28980
-87.0372,-92.5254,-37.5049,-135.334,-28.6425,-10.0163,-76.8303,-3.0217,-126.892,-68.6797,-19.5061,-60.2862,-9.49686,-53.1582,-140.347,-32.4864,106.872,-797.392,-599.264,-55440,82320,-28980
-13.9158,24.5061,8.44643,27.9419,68.6247,16.4233,49.2371,33.8503,-25.2326,-25.2608,-15.1564,2.36476,22.6423,11.3434,44.1551,41.6818,105.896,-782.752,-587.552,-56560,74480,-30100
31.5798,68.0617,45.1746,116.984,122.223,46.705,128.419,59.2645,14.1107,25.8913,26.7877,30.2551,50.6605,60.9751,154.485,90.785,111.264,-787.632,-577.304,-58100,66360,-31360
60.0245,57.4881,67.8706,100.379,119.583,59.0527,113.173,43.781,29.5619,65.2907,72.4609,37.3496,72.6579,77.0579,125.097,70.4246,119.56,-793.488,-583.648,-59780,59780,-32200
102.478,115.83,66.9525,120.778,98.8389,50.4136,84.9079,25.4956,156.155,78.1847,77.9268,49.3235,68.8394,79.2572,121.975,43.2004,122.488,-798.368,-576.328,-62160,53900,-33460
83.2819,89.2176,50.9642,80.2646,61.1421,41.39,52.9975,25.1186,166.717,69.8696,66.1541,31.4261,49.9874,83.8881,86.3299,35.8678,121.024,-799.832,-568.52,-60760,49000,-34440
83.6521,56.0462,43.5856,27.0918,35.9178,33.0302,24.2992,23.3318,159.934,81.9865,64.2786,27.908,33.1942,85.3005,26.2747,29.7273,126.392,-797.392,-587.064,-59640,43260,-35140
85.3857,53.4403,36.147,10.6208,16.7391,18.3861,-8.20614,6.08834,153.034,88.0034,49.5484,34.6776,16.8615,55.6158,-24.1722,4.25791,126.392,-787.632,-586.576,-57680,39340,-35280
52.6945,29.4563,16.5184,4.27772,-12.0617,3.5288,-28.3552,-4.518,110.34,68.177,22.9781,16.6629,-11.8603,21.1199,-26.7591,-9.57287,117.608,-788.608,-553.392,-57260,36260,-35420
3.06605,-5.24768,-9.18021,7.2113,-14.2034,-2.4951,7.17056,-2.8436,59.8042,26.1254,-5.7092,-12.4925,-44.8893,21.0198,14.2999,19.4587,104.432,-793.976,-540.216,-57260,30800,-35280
-41.6839,-56.1854,-37.2448,-41.3634,-41.8632,-14.013,-9.33859,-18.1582,2.12797,-15.6947,-29.4175,-47.82,-75.3409,10.0996,-32.1597,13.7271,119.56,-790.072,-562.664,-58240,25900,-35420
-28.515,-27.9377,-38.8197,-15.5693,-42.9682,-29.4228,-4.39458,-39.9757,15.6941,-22.5529,-39.1645,-35.2773,-87.4862,-2.84981,-5.58628,-1.57154,116.632,-787.632,-564.128,-58100,21980,-36120
-15.1789,-2.94565,-26.9702,24.7043,-28.0707,-29.7226,23.4555,-23.739,4.48951,-17.7917,-39.3939,-14.0564,-80.7908,4.97603,45.0358,8.04722,118.096,-785.192,-577.792,-58240,17080,-36120
-16.1836,-8.7993,-22.3194,3.83303,-43.8076,-28.5212,-3.9878,-9.81625,-10.9139,-20.4175,-34.733,-11.9806,-67.6747,3.76347,11.3012,-3.68714,126.88,-773.48,-580.232,-58380,14840,-35840
-20.9077,-9.11625,-19.1535,-20.4256,-52.7593,-21.4968,-15.8403,10.9073,-25.7706,-29.5545,-32.015,-7.92261,-53.1782,1.19811,-26.5902,0.890573,128.832,-764.696,-582.672,-58240,12040,-35280
-72.7258,-65.6084,-32.5777,-71.9697,-73.7242,-22.7767,-45.0297,1.42751,-120.822,-56.633,-34.4353,-31.0659,-45.636,-20.6971,-80.6864,-24.2872,127.856,-755.424,-576.816,-57540,10640,-35140
-62.1763,-50.9208,-27.1772,-61.4072,-60.8193,-25.4021,-32.979,-22.2077,-109.343,-53.019,-34.4197,-22.463,-25.1402,-41.4544,-56.1946,-42.9301,126.392,-749.568,-581.696,-58940,10780,-35140
0.456753,19.1606,-5.03642,13.4608,-11.3945,-12.1932,6.72363,-12.7502,-23.5194,-26.0849,-32.9257,14.667,-4.95599,-34.2755,22.5867,-22.4257,122,-745.664,-559.736,-59780,10500,-35420
-19.6458,-23.99,-12.7025,-26.1142,-19.8752,-1.58934,-37.0495,-0.367853,-55.6009,-26.4566,-23.3296,-11.4413,-2.22711,-47.9994,-18.175,-27.7989,120.048,-754.448,-563.64,-61040,7700,-35560
-30.551,-35.6516,-14.866,-49.766,-13.4345,16.4054,-40.29,28.4286,-58.0296,-26.8372,-13.6445,-23.6692,8.5262,-50.5295,-50.8185,-8.88027,120.048,-750.056,-568.032,-61600,1960,-36120
41.2951,49.9242,11.6528,17.0187,38.9907,27.2783,6.9871,39.2813,50.0474,7.48882,1.72677,20.9136,29.0991,-34.2023,1.01006,11.1511,122.976,-752.984,-562.176,-61740,-2800,-36260
56.1794,56.1656,23.8904,44.516,76.1893,36.9428,53.0307,53.6266,45.7009,18.7446,10.3586,31.6562,37.9004,-9.01727,45.4947,39.2363,124.928,-752.008,-570.472,-60760,-10920,-36820
18.4203,2.35567,21.7496,-8.38348,67.5916,33.5352,21.6456,38.6136,-27.2498,4.18158,12.9095,11.7313,44.7129,-0.966324,-19.8323,14.8155,128.832,-752.496,-561.2,-60200,-18900,-37240
14.7008,-12.7117,28.695,-28.9646,59.3491,24.829,5.97533,14.528,-38.7725,3.70218,8.80347,8.56375,54.8835,2.29158,-30.9709,-10.7868,128.344,-750.056,-553.392,-57680,-24920,-37520
-1.11645,0.433404,31.1068,42.5422,76.7929,27.1315,54.478,22.1762,-53.9823,-7.80263,-12.9888,12.6453,62.7311,19.8019,76.6022,15.5413,135.664,-747.128,-566.08,-55160,-31640,-37940
-2.43893,2.94834,30.3629,39.342,47.4824,21.8746,15.6887,7.19928,-42.3373,2.3049,-5.315,10.7244,72.1384,13.0142,52.6966,-0.419187,140.056,-748.104,-560.224,-53480,-35000,-37940
13.8146,7.24611,21.8181,7.3192,8.45337,6.22757,-27.3024,-22.9917,3.78838,9.73685,7.86306,6.53714,71.068,-6.6574,0.997667,-29.8347,147.864,-740.784,-584.624,-49700,-39480,-37800
-24.8221,-17.5907,-8.83968,-7.2434,-16.7532,-6.46915,-37.2507,-32.2921,-22.8457,-29.6034,-5.71934,-17.9194,52.7249,-15.9375,-17.3481,-35.2203,149.816,-733.464,-583.648,-47320,-37940,-38080
-46.5737,-50.8144,-21.8589,-53.8823,-40.5181,-6.88088,-75.5985,-34.4789,-54.5093,-36.6718,-9.5716,-31.6355,34.0233,0.434869,-100.064,-36.207,139.568,-734.928,-549.976,-47460,-35980,-37940
7.80204,-13.5034,0.281308,-34.3442,-33.9279,-10.0806,-48.9664,-23.3297,10.7856,8.76335,15.7108,-2.33321,29.7069,25.1302,-71.4269,-8.463,150.304,-744.688,-587.552,-48020,-37380,-37380
37.783,19.623,16.8377,32.9806,-10.2875,-14.0012,24.7612,-6.58493,39.8219,29.3675,24.7176,20.4312,19.6383,44.121,31.9993,39.5044,151.28,-718.824,-621.224,-46900,-33600,-37240
12.2188,10.4434,3.77377,52.0387,-9.17493,-26.0703,49.2367,-12.3899,17.1631,11.7863,13.1321,11.865,-16.9783,45.0923,68.1294,51.4884,144.936,-716.872,-611.952,-44240,-29680,-35980
-7.5795,-17.956,-16.2868,-5.67472,-40.0901,-38.1926,9.69962,-25.0704,7.76795,-3.77277,7.75879,-9.47703,-45.624,17.35,2.17526,20.6594,134.688,-710.528,-611.464,-42700,-25760,-34160
-5.92302,-13.2896,-22.7521,-27.8745,-61.3457,-35.6814,-10.023,-29.7668,35.8611,2.46179,20.1905,-21.5107,-50.0711,-7.89179,-7.74401,-6.79195,133.224,-725.168,-609.024,-43820,-22540,-33320
-10.9573,23.3012,-23.9789,38.8673,-29.1944,-25.6259,33.3481,-19.0709,45.9824,2.97435,21.6412,-9.94716,-53.9358,-1.38919,70.3702,5.57655,131.272,-735.416,-612.44,-44660,-19740,-31360
38.6101,79.577,-10.2837,88.6359,13.7846,-12.4858,56.0501,-0.125412,112.47,29.9409,22.5969,25.0491,-49.9156,17.1061,92.8048,21.8372,126.88,-737.856,-616.344,-43680,-18340,-29680
0.495992,4.01665,-28.8067,9.62014,-19.3628,-6.11933,9.85379,7.85559,60.166,10.2593,12.8812,-14.223,-52.9858,-1.89843,24.4888,3.81567,132.248,-740.784,-621.712,-42140,-15540,-27440
-51.3212,-78.2526,-42.3626,-84.6969,-52.8416,-7.03011,-46.6858,-1.18861,-25.761,-15.3115,-0.783658,-50.483,-49.7481,-25.1184,-79.051,-27.018,131.272,-742.736,-629.52,-40600,-12880,-25480
-54.2332,-79.5127,-18.0584,-98.6475,-26.1025,-4.17909,-63.817,-36.5459,-60.4884,-3.5469,-0.83359,-30.1168,-31.3701,-15.5363,-128.472,-64.5911,135.664,-734.44,-641.72,-38920,-11620,-24220
-16.5979,-2.18532,11.4854,-24.8902,14.8222,-4.82925,-70.8676,-75.0478,-19.6842,17.2516,6.1431,16.3584,-5.2719,-13.6019,-87.2044,-103.58,136.64,-727.608,-647.576,-37240,-8260,-22680
37.6094,90.5888,24.1482,83.4752,47.4874,6.11491,2.66697,-20.9245,78.3064,34.5826,1.85565,50.5955,16.6533,-12.4238,64.1215,-31.0678,132.248,-711.992,-650.016,-36260,-6020,-21980
15.5734,54.0806,13.7417,50.8685,35.5846,20.8907,15.9038,40.5802,43.1166,17.2757,-19.3239,28.5004,19.7755,-11.4692,41.4671,29.6827,130.296,-710.528,-647.088,-36400,-4900,-21000
1.58015,26.0708,16.0953,20.2966,41.4065,30.2938,37.8344,66.4833,-0.295795,11.6181,-26.4867,22.5725,22.1745,6.12094,16.784,62.8276,133.712,-723.216,-651.968,-37380,-4060,-20580
-39.0208,-24.5807,3.09157,-3.21,28.8825,30.3652,63.4542,71.1553,-68.4001,-7.83284,-31.9439,-4.62729,15.7734,8.81807,35.2586,74.4801,129.808,-728.096,-650.016,-37520,-3360,-19880
8.98853,12.2819,13.6659,15.714,27.4842,25.592,50.8967,58.5186,-6.18138,16.4839,-9.08337,15.2932,17.9116,1.39677,42.8098,54.9824,133.224,-722.728,-656.848,-37660,-2940,-19460
51.2405,46.389,26.2208,42.1403,38.4806,27.8945,45.6959,50.1186,43.0536,32.5551,0.944692,38.4518,16.0325,2.94924,52.0642,45.1758,125.904,-734.44,-640.744,-37660,-3220,-19320
45.4515,18.278,21.8753,7.01901,25.9453,27.4118,13.7062,28.5153,15.4061,29.1276,11.4203,26.6028,8.13862,-2.54241,15.5212,16.4849,122.976,-744.2,-641.232,-37520,-4480,-19180
33.0348,-23.522,14.7339,-32.2856,11.9794,21.9214,3.36826,14.5965,-23.3256,24.1046,30.183,3.93114,0.569794,-12.1576,-6.29299,3.81064,122,-743.224,-630.984,-37380,-6580,-19180
-28.0151,-96.6504,-10.0698,-102.109,-26.2615,11.3913,-33.5423,0.299614,-104.351,-21.1114,20.7907,-47.7262,-19.3787,-30.2286,-78.9565,-16.7962,120.048,-753.96,-621.224,-37240,-8960,-19320
-71.2462,-115.727,-31.8968,-106.957,-49.1287,0.433686,-49.1074,0.967929,-147.215,-66.0105,-3.50533,-77.7871,-36.3455,-38.1573,-83.9246,-21.1041,119.072,-750.056,-625.616,-36960,-11900,-19600
-24.3845,-24.2216,-16.2286,-15.7774,-25.5234,-11.7956,-24.3198,-1.0238,-60.9608,-54.8377,-13.0664,-38.0705,-32.5166,-24.2357,-17.5697,-12.2865,118.096,-745.664,-613.904,-36960,-12880,-19880
53.3663,70.8972,5.60656,33.1142,-8.78637,-18.9662,-10.6376,-5.97521,88.0156,-21.5128,-2.36273,9.7679,-21.7663,-4.27164,-5.61761,-7.4595,118.584,-747.128,-613.904,-36960,-15540,-20580
72.0543,80.846,17.4058,47.9519,1.75381,-25.4249,5.52881,-25.4484,114.461,-6.77634,5.46626,26.2042,-13.425,11.5895,32.0349,-11.1055,122,-751.032,-612.44,-37240,-17080,-20580
56.0303,63.4864,35.5973,78.2701,36.9767,-20.0395,38.0653,-38.4122,55.4369,1.81425,9.30373,42.2679,-0.498876,41.1628,80.9146,-4.23833,128.832,-749.568,-618.784,-36260,-17640,-20720
27.9144,30.7799,26.7255,20.5751,9.32978,-21.8613,-17.7698,-46.3978,23.6602,-6.63609,4.67083,24.6579,3.85398,35.5624,-22.8565,-27.277,133.712,-741.272,-622.2,-34720,-17780,-20860
-14.5754,0.0802822,-0.538894,-8.35885,-24.5471,-31.1797,-35.7905,-45.9558,-2.85834,-30.6201,-14.1307,-8.53632,2.45351,14.6762,-32.924,-39.2725,136.152,-739.808,-627.568,-33740,-17360,-20860
-27.3664,-9.57504,-6.3539,15.3946,-15.9056,-25.4379,-5.00807,-35.6491,-34.044,-27.1241,-20.5123,-11.0983,9.97166,16.9583,30.4431,-30.7505,142.008,-750.544,-632.448,-32480,-16240,-20720
-47.0727,-47.8042,-14.6766,-31.0628,-34.822,-22.5811,-32.8298,-33.9161,-67.6195,-25.0226,-21.4558,-24.4317,12.2179,10.2323,-15.4776,-36.9384,147.864,-759.328,-637.816,-31360,-15400,-20300
-87.5225,-84.8745,-43.431,-74.1573,-67.827,-25.6762,-63.4969,-27.1769,-88.3904,-46.7639,-25.7532,-54.8885,10.558,-14.4792,-64.0415,-47.9154,154.696,-768.6,-650.504,-29120,-14420,-19740
-53.4978,-45.7792,-32.9753,-54.9086,-51.1836,-12.2194,-58.8514,-16.5497,-35.1529,-20.8778,-15.1384,-27.6832,28.6332,-9.48059,-70.8435,-42.0875,153.72,-772.504,-653.92,-25900,-12040,-19320
-26.5983,-21.8821,-12.0562,-24.3392,-6.80727,17.8561,-0.538363,24.036,-10.935,8.94037,-8.65754,5.02284,42.4586,22.7291,-28.5762,20.2873,152.744,-774.456,-652.456,-23240,-10080,-18900
-22.8344,-1.62033,-11.0939,29.4092,28.8644,34.3091,75.9178,64.5423,0.553931,19.4295,-12.2842,12.5448,37.5152,29.904,70.1469,82.4334,150.304,-777.872,-655.384,-20720,-6580,-18620
21.6024,58.0315,1.65864,95.3868,65.0836,42.5201,119.009,73.2413,74.9723,49.114,5.39401,37.8288,36.8865,22.9081,141.167,97.9456,155.184,-772.992,-653.432,-20300,-2520,-18620
54.1749,90.3858,11.6318,86.9408,65.3251,44.0897,73.3495,52.2114,125.733,67.7808,22.3024,51.4898,27.0837,2.72169,82.0909,64.8382,146.888,-765.672,-656.848,-19180,560,-18900
14.5303,32.0613,-7.37237,19.7907,22.1603,28.1939,4.15376,28.2948,64.9311,41.8009,15.8684,13.8797,6.52418,-25.789,2.06131,19.7414,141.032,-758.84,-654.896,-18760,6720,-19600
-12.4971,-12.4834,-4.01263,7.16771,21.8822,20.2504,6.78995,18.4043,-4.49152,28.6223,15.3432,0.460778,6.57125,-22.2228,0.591164,14.5282,144.936,-765.184,-657.824,-19040,12320,-20720
9.11972,-8.07252,16.6316,-7.84149,33.782,21.2953,17.1383,12.9869,1.60114,33.7882,15.1288,16.0713,2.6117,-2.72413,-19.8626,20.2684,146.4,-769.088,-665.144,-19600,17080,-21420
30.6088,-4.08145,24.0738,-14.766,14.8879,8.66598,-6.23354,-14.7159,19.9249,37.5041,17.3443,16.5712,-7.21899,-1.57777,-14.6912,-10.357,148.84,-765.672,-669.536,-19040,19460,-20720
3.26207,-54.3814,9.85802,-59.2175,-35.216,-20.0742,-67.9761,-66.5557,-42.102,20.8803,10.1553,-19.5325,-21.1686,-21.075,-57.2063,-69.2226,154.208,-761.28,-684.664,-16940,19600,-19460
16.7382,-10.1976,13.8047,-26.0125,-24.606,-35.1546,-62.365,-73.3331,-13.4441,9.9067,0.330102,-5.0773,-25.6705,-5.39201,-69.0588,-67.9661,159.088,-741.272,-691.496,-14140,16380,-16520
25.1216,37.5032,3.49075,15.8794,-30.8908,-44.2678,-54.3832,-52.4576,29.8668,-11.4614,-15.9442,-0.976334,-36.773,-5.44609,-47.4198,-46.5266,157.136,-714.432,-689.544,-12320,14280,-14280
-23.6977,-21.0386,-29.4984,-23.8908,-66.4168,-50.3853,-36.5182,-31.3736,-33.8211,-45.7802,-26.8182,-44.8628,-52.6134,-22.1777,-18.3879,-23.0273,162.504,-703.208,-699.304,-11480,11480,-11620
-34.038,-37.1643,-23.8334,-29.0061,-36.7977,-35.0422,11.1852,-14.9718,-63.8288,-53.3943,-25.2658,-39.3757,-43.2373,-0.429437,-2.17016,9.47311,167.872,-694.424,-698.816,-11060,10920,-9100
-4.61744,-3.94582,-4.08415,-21.2886,-9.37287,-23.4892,4.30449,-27.6201,-21.1296,-35.719,-4.58664,-8.38772,-24.9401,5.95039,-19.2923,-1.5469,168.848,-700.28,-689.544,-11060,11060,-7000
21.9072,34.7945,5.61656,38.5609,14.9794,-5.45242,34.4671,-3.1281,27.1728,-11.9522,14.787,10.4847,-2.42211,4.36919,62.5464,14.2784,163.48,-714.432,-684.664,-10780,11900,-4620
10.6764,15.8452,-1.85578,26.7534,2.19928,8.72807,21.9281,28.6284,19.6705,-6.83295,29.113,-5.88305,9.1697,-6.53165,52.9062,18.4099,163.968,-727.608,-680.272,-9940,11760,-2660
13.5516,16.1442,10.8043,22.1635,21.1691,23.8793,25.8523,50.6853,8.45994,1.79756,33.4577,4.32034,17.4311,5.78877,27.4358,29.2419,160.064,-740.784,-672.464,-8400,11900,-980
15.8561,6.03987,22.8067,1.00293,30.5402,27.9318,-2.53547,31.3348,-14.3316,7.78543,25.258,14.1468,20.2668,10.7059,-27.5217,-1.80307,153.72,-737.368,-674.904,-7140,12180,0
20.2812,7.79914,21.8415,-6.13135,26.0529,21.1891,-13.7458,9.34435,3.57051,5.57264,14.3432,15.019,20.5542,1.9555,-21.4135,-20.704,157.136,-736.392,-673.44,-5460,12460,980
22.6471,33.7119,20.8839,46.7345,44.4831,29.7644,45.5932,51.6765,32.7457,3.22585,3.82615,22.1182,21.9198,12.7842,67.2321,36.271,158.6,-736.88,-678.32,-3780,13160,1260
7.43399,-13.4752,14.1418,-1.87249,23.067,26.284,33.0396,59.4188,-10.6721,10.3769,7.5366,5.5497,15.426,6.47682,23.3745,42.6651,158.6,-734.928,-681.736,-2940,13580,1260
-73.4749,-93.3213,-10.9387,-82.2035,-9.32261,22.473,-3.05893,46.913,-122.51,-24.7994,-5.46532,-33.1533,5.82087,-3.66347,-66.092,28.3879,160.552,-740.784,-690.52,-2660,14420,1400
-66.0271,-30.5709,-22.0928,-38.4443,-15.6641,8.5523,-19.579,21.9083,-52.8225,-35.3107,-13.2464,-22.3206,3.91145,-20.343,-41.1679,0.168344,155.672,-740.784,-671,-1820,15540,1820
7.89262,23.7529,-6.13192,14.3448,-0.810862,-0.691545,-9.44836,-2.90803,32.8764,-1.64516,-14.1232,11.0292,8.5663,-19.7974,18.852,-15.7314,155.184,-738.832,-664.168,-2940,15260,1540
-3.63312,-30.4616,2.09958,-18.3308,12.0024,8.22845,12.1988,-4.05367,-27.6693,0.370326,-14.4626,8.46581,10.8912,5.93815,15.9641,1.35295,160.064,-737.856,-687.104,-3360,15820,1400
33.658,25.8208,16.2073,18.4804,23.9152,9.21089,14.9797,-6.62602,33.2698,18.3702,-11.1495,35.5778,15.5767,15.5802,25.8553,1.1147,158.6,-744.688,-680.272,-3780,16240,1260
59.9031,108.564,24.3784,87.1126,30.9791,2.53682,4.4783,-14.5908,109.083,35.1429,-7.55404,60.113,12.6162,15.742,35.3795,-6.63915,157.624,-744.688,-667.584,-3360,17640,1260
17.8685,41.3723,8.95429,29.68,0.419246,-6.24319,-22.0141,-35.253,34.8006,23.7443,-2.73908,25.9127,5.63458,5.45049,-19.0328,-27.7144,159.088,-745.176,-668.072,-4200,17780,1260
-12.9692,-12.0448,-8.45391,-2.10765,-15.3037,-8.51621,-22.6638,-40.0417,-28.4673,6.24462,-8.64182,-1.66843,-1.97701,-0.361836,-20.1931,-30.5247,157.624,-749.08,-669.048,-4480,17920,1680
-23.9163,-36.3949,-30.8599,-23.543,-39.0911,-14.1516,-14.4289,-26.4882,-21.3234,-13.0657,-21.0228,-28.9383,-11.9784,-14.66,1.39714,-14.9295,159.088,-749.568,-666.12,-4480,18340,2100
-15.3182,-29.2387,-31.3943,-19.5074,-37.5109,-19.4198,-5.52606,-25.9725,5.15162,-16.0667,-22.1908,-27.0886,-8.68031,-16.9847,5.22511,-13.1427,156.16,-752.008,-664.656,-3920,18620,2800
13.952,14.4444,-14.2533,6.9378,-16.7571,-21.4708,1.98034,-31.9955,46.867,-0.598539,-15.4968,0.740288,-13.2409,-5.70531,10.1648,-13.2102,157.624,-756.888,-667.096,-3360,19040,3500
-1.13979,-16.3349,-14.2319,-27.4218,-30.5568,-18.1468,-3.75176,-14.0282,17.8219,-1.56107,-11.6713,-14.1267,-20.5513,-4.77043,-10.3153,-1.0814,158.112,-758.352,-665.632,-3220,19740,4200
-12.5583,6.70602,-10.8029,14.9695,-15.3571,-15.3356,8.01835,-4.78683,18.3686,-10.5309,-9.49029,-12.3606,-22.503,0.193299,17.3653,4.56671,159.576,-756.4,-666.12,-2520,20440,5180
-8.80762,-2.78914,-5.4295,3.94329,-13.8364,-9.83618,5.40572,0.67136,3.49396,-5.33942,-2.05616,-13.681,-22.1388,3.24363,5.61477,7.51133,161.04,-751.032,-669.536,-1400,21980,5880
-12.1967,-44.3871,-6.9997,-40.2368,-19.2136,-8.71517,-0.249175,7.12307,-34.863,1.28767,-1.15581,-25.146,-26.3444,2.92613,-18.8487,13.2836,161.04,-746.152,-670.024,-840,22960,6440
-43.2908,-90.496,-16.3305,-102.66,-38.1352,-11.7135,-46.8147,-10.7536,-89.4973,-11.0638,4.73058,-45.0173,-31.1532,-7.66814,-107.342,-11.5265,163.48,-738.832,-669.536,0,24780,6860
-45.3841,-46.0618,-14.9384,-67.056,-23.8884,-10.5579,-49.8541,-15.1784,-63.0463,-18.884,2.97615,-30.3149,-23.7209,-9.31806,-100.298,-16.7766,161.04,-732.488,-666.608,560,25620,7420
1.68524,39.742,-4.58523,31.2599,11.7662,-8.08503,-7.52191,-2.84093,31.2887,0.794009,8.17847,4.34154,-17.1808,-1.85658,7.75046,-0.201729,157.136,-728.096,-658.312,980,26320,7840
19.7041,31.5615,5.78134,36.593,26.6997,4.19768,20.387,16.7602,39.3943,15.014,16.0746,8.27912,-8.60526,12.6253,55.7374,19.3556,153.232,-736.392,-658.8,840,26180,8400
20.1472,38.9331,15.5346,61.2033,45.3623,1.7767,33.5293,1.35862,21.6704,13.6334,11.0719,17.4534,-3.94201,19.2117,82.6415,3.96103,156.16,-742.736,-660.264,1400,25760,8680
14.5261,30.8139,11.3573,53.0371,38.0151,-5.02345,26.8945,-5.15884,16.246,9.15558,15.8619,7.12378,-4.27397,13.5074,72.5637,-6.92357,157.624,-740.296,-667.584,2660,25340,8820
3.92328,22.2743,6.94078,22.5577,18.3492,-4.54826,-3.74888,10.0068,31.9356,0.446401,29.2827,-1.88041,1.62464,6.67523,4.74921,-5.30156,160.064,-735.416,-665.632,3780,25340,8960
-8.3216,4.49845,5.67577,-10.9398,0.684582,-1.15976,-38.9866,3.04391,9.14127,-8.09877,30.9825,-2.41918,6.6597,2.07898,-75.6299,-21.9669,159.088,-732,-670.512,5180,25760,8960
3.74907,12.4401,15.7691,18.9366,26.6677,10.7517,28.3504,11.2479,-14.549,-9.38189,2.00044,17.344,17.6924,23.8439,10.5843,15.4818,158.6,-726.632,-672.952,6720,26600,9100
4.09525,20.3755,14.6846,58.5978,27.8062,21.3829,54.6842,24.5941,-25.7861,-4.14436,-1.17942,17.2159,31.5669,30.1114,75.6692,48.2944,154.696,-725.168,-671.488,7280,27160,8820
15.9084,-12.2904,1.63707,-11.3248,-28.0832,22.0307,-17.9632,10.1239,-22.7895,10.4213,13.9597,-5.82591,35.5204,2.21441,-13.8368,16.241,157.136,-724.68,-670.024,7700,27160,8680
47.211,13.1884,15.6615,-4.72598,-15.0592,25.0174,-0.933632,5.98607,19.4781,24.6761,11.8816,20.3346,46.3954,7.69882,-6.50633,17.0282,159.576,-727.12,-676.368,7700,27020,8820
46.9674,17.9395,24.975,5.05838,9.32144,27.0209,34.4634,13.8013,22.3511,29.189,9.85105,34.1184,47.9745,16.2284,14.4603,32.8296,158.112,-729.56,-680.272,7980,27440,8680
15.9195,-7.42049,14.5396,-28.8963,-3.90883,20.8077,0.962177,13.4838,-8.84409,15.9856,5.34329,15.6452,38.4348,-7.71138,-35.9168,10.6383,161.04,-729.56,-674.904,8680,27860,8400
3.67038,-20.0287,10.1421,-40.5133,-8.98288,15.661,-13.58,17.2032,-13.8784,11.2237,0.388454,6.04102,32.8096,-27.3046,-44.8986,-3.99506,157.136,-724.68,-670.512,8960,28000,8400
-9.23353,-17.8533,11.1226,-22.3842,5.22378,14.4746,10.1562,19.1888,-13.8288,0.817564,-5.20221,6.79636,26.8202,-30.4794,2.19485,-5.90483,152.256,-725.656,-666.12,8540,28000,8260
-50.3951,-24.8327,-3.50093,-3.44631,-2.95265,6.50637,-4.88515,15.6452,-47.3106,-27.6098,-20.7411,-11.0587,9.94753,-40.927,17.2762,-21.1129,154.208,-735.904,-662.216,7980,27580,7840
-73.0029,-62.3517,-0.815393,-24.2849,1.08265,0.666786,-12.1117,7.16816,-102.609,-34.1908,-28.9589,-20.2314,-1.34945,-24.1234,-17.5594,-23.5599,148.352,-742.736,-658.312,6860,26180,7000
14.3197,22.7902,26.6905,28.9988,32.0373,-2.79132,14.1091,7.76779,32.9961,7.37769,-16.092,26.2981,5.11124,1.45829,12.6696,-10.7879,152.744,-744.2,-655.872,6440,25200,6440
65.7728,79.4476,24.8698,55.8706,25.161,-10.3687,22.4123,13.5088,121.828,29.7688,-1.7606,40.5553,-1.74904,0.238625,44.2532,3.95166,147.376,-745.664,-660.264,6300,24640,6160
23.2887,33.6213,-1.54317,30.2506,12.4683,-4.33826,25.5127,24.6317,56.0932,3.35524,-11.0652,8.39323,-21.081,5.45125,34.2361,27.665,147.864,-748.592,-662.216,6020,23940,5880
33.4314,30.2112,-10.5886,10.5364,3.96287,-10.3863,4.72365,-7.05299,64.5961,9.04225,-2.87617,6.01251,-22.8827,1.32179,11.2367,2.47616,146.4,-740.296,-669.536,6300,23660,5740
6.13887,7.39854,-26.3568,4.90775,-7.72429,-22.6797,-8.51828,-47.8877,22.0646,-0.760218,-0.471907,-10.3409,-28.4527,-4.72655,25.228,-24.1087,146.4,-730.048,-669.536,7000,23520,5740
-13.249,-15.7044,-33.0014,-19.8211,-20.3363,-19.3064,-32.362,-50.2896,-11.323,-6.89526,2.31463,-17.8729,-28.9066,-1.41106,-13.1505,-27.7719,145.912,-722.24,-671.488,7560,23240,5880
-20.4501,-21.8081,-26.4764,-22.8027,-16.7155,-11.1832,-25.1647,-30.3675,-23.4551,-9.54606,7.2401,-14.192,-22.1708,8.94203,-18.7062,-8.93644,144.936,-713.944,-675.88,7420,23800,5740
-35.2272,-27.1081,-25.3175,-15.6208,-9.26112,-4.68705,-10.2076,-11.8021,-39.7641,-24.3623,0.764841,-19.271,-24.7655,14.7491,-18.9287,7.99349,143.472,-710.528,-669.536,7140,24500,5600
-17.5816,-9.95232,-19.6661,-6.57215,2.83115,1.25238,14.1806,2.70434,-18.4248,-21.0322,-8.85254,-9.16816,-24.8305,17.6987,-4.2762,24.1377,144.448,-705.16,-671,7000,24640,5600
-34.4652,-59.0782,-24.7525,-39.493,-4.73842,0.696711,6.78673,-5.23261,-67.6516,-25.6741,-23.2933,-25.8261,-31.0222,10.5921,-12.7885,9.23343,145.424,-710.528,-670.024,6720,24360,5460
-18.187,-64.0107,-15.5337,-73.8123,-22.1888,-14.3578,-48.8614,-49.1687,-57.0451,-0.925239,1.30784,-21.9793,-23.6888,-12.9408,-80.3391,-58.3804,142.496,-709.552,-665.144,7000,23800,5460
-40.5545,-37.5926,-24.687,-45.9326,-42.187,-27.1319,-75.9377,-57.4299,-31.8457,-14.0398,10.2157,-34.2029,-20.1891,-39.0337,-65.638,-80.9293,135.664,-714.432,-654.408,6860,23240,5040
-40.0914,2.22119,-14.4336,0.136181,-24.3476,-13.5248,-43.1081,-2.99895,-7.93091,-29.1381,-9.07047,-22.7161,-12.5909,-22.9166,-33.4395,-26.7067,134.688,-717.36,-647.088,7000,21700,4620
20.8971,69.785,14.2928,81.8704,26.7253,0.0665095,50.1946,42.4706,58.1198,-3.92633,-26.5346,19.2228,-1.80313,8.53447,74.129,36.6542,132.248,-731.512,-640.744,7000,20300,4060
18.763,38.2208,12.6316,50.8951,13.3885,-2.17292,53.8019,45.4059,36.2022,6.80794,-14.5991,6.79612,-2.35217,7.00336,60.9562,45.0447,132.248,-737.856,-640.744,6860,18620,3640
31.5445,20.0554,13.3576,-2.00615,-10.253,0.266606,9.97613,37.2383,46.1626,16.8599,-4.09436,1.37278,3.61477,0.283463,-6.58842,27.4977,132.736,-738.344,-644.648,7840,16520,3920
21.0247,8.64638,7.95471,-2.68016,-14.0344,-0.306874,0.339643,20.2752,31.8477,5.5174,-10.2013,-4.6971,2.03862,-4.91757,1.82236,11.0354,136.152,-732.976,-645.136,8820,15680,4200
-6.26255,-12.9428,-0.0295183,-5.11016,-12.8784,-2.67716,4.13354,2.59488,-19.4886,-6.39029,-9.42483,-16.3232,-3.68768,-3.87415,7.1046,0.182048,139.568,-728.584,-644.648,9940,14840,4480
-23.8411,-32.197,-3.87411,-24.4241,-15.0108,-4.79667,-10.7382,-16.1525,-56.6336,-10.5762,-5.76585,-21.5733,-2.04576,-1.82775,-17.3559,-11.3271,141.52,-723.216,-649.04,10500,14140,4900
-28.8722,-31.1204,2.96182,-22.5521,-8.01849,2.08137,-9.99485,-12.5745,-71.6447,-4.84868,3.01724,-10.8513,4.24353,9.6094,-19.2434,-2.57003,147.864,-717.848,-650.504,10780,13580,5320
10.0546,14.0416,15.7042,14.7856,2.52159,4.28074,-1.88911,-7.36856,-8.80685,17.255,14.5595,16.2003,14.7679,17.0868,5.46662,2.53635,148.84,-716.384,-650.016,10780,14560,5460
33.1812,30.3642,21.6514,19.5611,0.563408,8.91785,9.85431,8.71701,33.5832,28.2783,26.8393,26.6132,19.9662,24.3495,10.0356,21.6904,148.84,-713.944,-646.112,10500,15260,5740
7.88171,-21.1626,17.4483,-21.6735,-9.90953,13.5542,8.99265,12.3141,-18.6311,20.0857,27.9767,6.69875,19.5506,29.0996,-11.9972,21.949,153.232,-717.848,-653.92,10500,15960,6020
13.2432,-28.3821,17.4941,-34.2785,-16.1827,4.15195,-16.9126,-18.5732,-14.8047,26.595,40.536,5.08,25.2165,17.5889,-36.5547,-18.9021,149.816,-716.384,-652.456,10500,16520,6160
32.9247,25.7941,21.669,19.3906,0.13644,-0.0054925,-17.1206,-31.9315,44.4858,31.7,41.436,23.9094,30.6429,10.1591,6.41023,-35.0439,143.472,-702.72,-639.28,10920,17080,6300
45.302,72.1396,34.4486,75.2491,37.9843,13.8419,24.7469,5.93104,79.3377,32.2757,35.6957,46.3855,37.9818,27.0632,62.8824,18.9974,152.256,-730.048,-661.728,10920,18340,6020
47.7224,76.0849,39.339,78.0863,58.1831,29.201,55.1944,38.111,82.9178,30.0248,31.5911,48.5101,31.9336,39.1723,72.3092,60.5743,139.08,-727.12,-625.128,11200,17920,5320
14.7651,21.1423,17.7446,21.5158,39.6176,22.5707,38.1668,31.0352,32.6396,12.3856,18.199,14.0655,13.5212,21.1446,30.2942,48.3426,145.424,-717.36,-658.312,10780,16520,4900
-18.6429,-28.117,-6.34643,-24.9146,27.3001,16.3425,27.157,25.9567,-18.4174,-8.7149,1.52738,-10.2372,-0.446821,-0.047048,-6.05742,32.1376,142.008,-720.776,-653.432,11200,15960,4760
-31.852,-27.0524,-30.2493,-22.8275,23.5244,8.0486,1.8399,7.44198,-21.9438,-28.7925,-17.2625,-14.1796,-14.8708,-25.8735,-20.0898,-4.84495,145.424,-712.48,-656.36,11620,16100,4200
-33.5991,-16.3113,-46.3386,-11.3186,12.2436,2.71772,-19.0366,-4.50633,-20.6066,-37.3972,-28.3613,-15.7044,-19.7799,-46.2551,-13.6524,-27.8294,151.28,-713.456,-655.384,11900,16520,3220
-18.3442,-12.4243,-38.1437,-4.27955,15.0635,2.57433,-13.9096,-6.36471,-24.6755,-28.6141,-39.4571,-2.58798,-15.0973,-43.6063,-0.749307,-29.4675,147.864,-712.48,-649.528,12320,16100,2940
18.2821,12.4635,-10.8315,11.7804,22.8894,2.85321,-0.387362,-3.45269,9.6118,7.90937,-12.4305,21.2623,-1.39531,-28.689,13.2569,-17.8261,147.864,-711.992,-656.848,12600,16100,3220
9.08566,6.94533,-6.1372,-0.944293,0.463357,-2.10153,-11.6898,-8.6416,11.6286,4.35725,-7.02529,11.9069,-1.03696,-26.8891,-6.08379,-21.7718,147.864,-709.064,-653.92,12180,15820,3360
-6.82488,-5.74012,-4.45963,-7.80552,-12.38,-7.76625,-11.8205,-16.1923,-7.72975,-11.8855,-29.1068,0.823379,-8.33197,-17.5633,-13.6027,-23.1048,146.888,-708.576,-654.408,11760,15260,3500
-8.94965,-7.65937,4.62529,-6.05257,-13.2225,-8.77077,-5.08769,-19.5883,-18.1403,-6.32932,-18.2099,-5.99672,-0.845192,-10.0572,-11.7706,-19.0926,149.816,-708.088,-653.92,11760,15260,3780
-5.18716,-0.0268062,2.33554,0.702657,-17.2781,-7.93633,-0.606662,-8.1365,-7.65233,-9.863,-19.1346,-10.5785,2.25303,-8.6881,-2.97576,-7.21318,150.304,-706.624,-655.872,11900,15260,4060
-10.8452,-14.3861,-1.28259,-15.0524,-33.5666,-8.15296,-10.9032,-2.53529,-20.3097,-8.6676,-15.899,-20.6005,1.88032,-6.25089,-14.6835,-4.24986,151.768,-701.256,-651.48,11760,14980,4340
-19.1024,-34.2011,-1.31728,-35.8948,-42.4381,-11.5993,-20.4665,-6.91121,-43.9641,-8.32203,-6.97533,-27.0318,6.84096,-2.70314,-31.1346,-5.24935,149.328,-700.768,-647.576,11900,14840,4760
-11.403,-15.1065,7.06915,-7.85508,-18.8206,-6.73782,12.1069,3.04218,-25.5603,-5.79299,1.0162,-13.1995,13.5454,16.5961,5.6628,19.9936,149.328,-698.816,-647.088,11480,14560,4900
-23.1463,-4.87613,2.07346,6.49752,-10.1004,-7.2656,14.42,1.3931,-16.1558,-18.3412,0.528995,-14.4735,6.22393,20.0248,15.6012,18.0895,147.376,-700.28,-644.648,11340,14420,5320
-29.6387,-16.2452,-9.39227,-9.06323,-17.9339,-18.3171,-11.2128,-9.09065,-24.2523,-36.5351,-18.9949,-25.1509,-10.6753,5.05452,-4.54007,-7.47851,148.84,-696.864,-644.16,11480,14140,5600
-14.1801,-22.5025,-3.11471,-22.4619,-19.7675,-18.6937,-22.8672,-3.99252,-21.9309,-15.7602,-10.3673,-23.0718,-14.471,-1.92439,-20.9042,-12.6842,146.4,-695.888,-640.744,11760,14280,6020
27.1699,-5.52992,15.5073,-20.8757,-15.3558,-12.3405,-24.1254,5.55016,16.8897,26.6553,16.5154,0.787821,-4.52438,-0.184143,-27.7164,-9.72638,146.888,-691.984,-637.328,11760,14700,6300
31.1157,9.79049,16.6506,0.742792,-2.75112,-9.24981,-7.53025,5.37509,32.0941,26.4212,13.6198,11.8859,-7.27115,3.61922,-5.10509,-5.27699,150.792,-691.984,-642.208,11760,15120,6860
17.8927,10.5673,8.34737,9.32271,5.672,-9.21709,-6.33158,-5.36544,19.2253,16.5962,13.5246,11.31,-11.7767,-4.56454,3.20575,-16.1516,145.424,-686.616,-640.744,11900,15680,7140
2.80744,-3.86331,-7.9389,-5.95406,4.90914,-5.49886,-9.08476,4.69463,3.20427,-4.17259,-0.202266,0.476054,-19.1874,-10.7596,-11.9865,-10.0752,143.96,-687.592,-638.304,12180,16520,7420
-9.28778,-6.27219,-21.2153,-12.1616,-1.01047,-2.00073,-7.41305,19.7038,-0.807221,-18.485,-13.1025,-7.54988,-26.3148,-8.8905,-13.3829,2.50023,146.888,-690.032,-642.208,12740,17360,7700
-1.89451,9.69696,-17.3276,5.88322,4.50436,0.35125,8.55933,20.2344,10.414,-11.0363,-11.9067,2.65531,-21.7498,-0.159498,12.856,12.2469,147.864,-688.08,-640.256,13440,17780,7840
5.44494,14.903,-7.82422,13.339,11.744,8.78535,18.4592,15.0266,14.0358,4.94845,-2.40351,11.4084,-12.4101,13.5319,26.6297,21.3195,142.984,-686.616,-639.28,14420,18060,7980
14.4259,12.1012,2.56269,0.462514,2.89929,8.91822,-2.32011,-10.0397,14.413,29.9531,27.1158,14.4042,-0.431694,14.0115,4.13188,0.878002,144.936,-687.592,-644.648,15120,17920,8120
16.6787,21.6708,4.88587,12.5296,7.97442,12.5502,4.86939,-14.9612,23.2164,29.8357,27.7753,18.1778,-3.23892,18.5066,14.9825,3.25334,147.376,-683.688,-642.696,15960,17780,8400
5.01896,15.7944,-0.136688,9.3871,3.6614,15.1199,5.66228,-9.13208,17.8638,17.1389,19.5937,11.2296,-7.5425,15.8247,11.9649,7.40814,148.84,-688.568,-644.648,17780,17220,9100
-24.1879,0.115425,-11.0243,6.42645,5.39698,20.0513,23.8309,5.73524,-4.09743,-14.8958,-1.20806,-5.19162,-9.61837,15.8692,18.4699,24.5571,150.304,-691.008,-643.184,19040,16800,9380
-9.58668,11.0731,-2.91822,15.3932,14.6389,21.2546,22.6038,9.33928,6.11681,-4.11138,0.747517,1.04629,-0.538749,15.6998,16.0335,21.9832,151.768,-688.568,-644.648,20580,16520,9940
13.8121,21.6596,16.4945,21.5587,20.6747,15.353,17.4341,5.09869,17.8763,24.2099,17.9209,11.9507,11.5315,17.2874,10.463,14.9224,154.208,-691.984,-643.184,21980,16520,10220
-0.619014,6.40326,12.1356,11.0838,9.18142,2.69433,6.74431,-1.1312,7.34662,9.97948,14.6425,-3.30964,8.86362,10.6429,-2.54368,8.87281,156.16,-695.4,-642.208,23100,16380,10500
-14.4504,-11.2886,3.2799,-5.09122,-13.9784,-10.1096,-13.3895,-15.3117,-5.07384,-3.21418,11.1411,-19.3607,5.06676,1.98954,-21.3122,-6.73525,156.16,-693.936,-643.672,24640,16240,10920
-11.8277,-9.96179,2.29329,4.18573,-11.4342,-11.9943,-4.4035,-17.7722,-7.29083,-8.47377,-2.97489,-14.5401,4.84253,12.1834,-3.27283,-3.79779,162.016,-698.328,-652.456,25760,15960,11340
-10.2343,-11.3187,2.30536,8.5044,-2.37734,-11.4253,0.926072,-16.4583,-17.2825,-9.75222,-9.62011,-8.8474,3.99198,14.709,6.18761,-2.73124,166.408,-699.792,-650.504,27580,14700,11900
-6.22025,-10.0853,-2.4388,6.89075,-0.138844,-15.0902,-1.20138,-20.9572,-19.5186,-9.96087,-12.1447,-4.98174,1.22887,2.65396,7.58237,-11.8058,172.264,-707.6,-659.288,29540,14140,12320
7.19154,-7.34804,-6.32868,-0.153752,2.06138,-13.2369,-8.85443,-25.5794,-12.7361,-1.25162,-4.32028,2.05874,3.47034,-7.4702,-3.29172,-18.1579,170.8,-714.92,-659.776,32620,13300,13300
16.2299,-6.67705,-9.45729,-11.7558,-0.299599,-4.24739,-16.2505,-25.2583,-5.01986,3.03738,0.286938,4.43851,4.63552,-16.624,-13.8146,-20.1062,177.632,-716.384,-668.072,35700,13580,14280
1.01179,-18.5816,-17.1831,-24.1681,-5.7277,3.30054,-23.0092,-17.6655,-19.6944,-9.70282,-8.23033,-2.60148,7.53016,-29.2061,-21.1182,-23.5731,181.536,-722.728,-673.928,37940,13860,14980
12.2234,-0.361608,-1.42117,-5.00024,15.8785,16.9562,-2.77992,6.44121,-6.1061,0.320365,-3.76447,14.8481,20.771,-21.8382,-5.1837,-5.28645,185.44,-726.144,-673.928,41160,14840,15960
23.5858,19.9774,11.9296,16.4533,28.2941,20.279,15.5835,26.4915,13.5437,9.5356,0.353791,30.2003,28.1923,-19.2362,12.1684,10.1583,188.368,-732.976,-676.856,43400,15400,16520
25.3083,16.6187,18.2661,9.91339,19.1054,15.1225,11.0959,29.2712,13.6206,17.5133,13.285,31.9454,31.5693,-27.7923,3.72905,1.05628,187.88,-741.272,-674.416,46340,16240,17500
13.7563,6.19701,18.1743,2.94147,8.34344,11.3178,10.0816,31.1759,4.43983,9.27583,7.87523,21.5006,32.1468,-28.9958,-3.50613,-3.31442,189.344,-752.008,-672.952,49000,16240,18340
-1.09216,-3.34417,13.0009,-2.46506,-0.782061,10.4352,12.3876,35.8017,-4.28377,-7.51289,-8.22046,6.80513,28.6103,-25.4736,-2.92007,5.49006,188.368,-756.4,-672.952,49980,15540,18760
-3.53314,0.269247,10.6582,-6.91748,-6.00682,5.82163,13.6177,37.8947,3.47434,-18.4213,-23.15,-1.86906,19.0717,-18.1511,5.17431,18.8722,186.904,-765.184,-668.56,52220,14280,19180
-1.34698,8.15169,19.7265,2.33608,5.28611,3.20491,27.0972,41.9739,2.46709,-17.7757,-28.8048,0.720008,10.206,3.27956,24.9831,33.9634,180.56,-772.016,-671,53900,12740,19460
5.77152,6.7327,29.6266,4.38723,12.0192,1.93089,22.3278,36.3126,1.71476,2.41976,-2.08101,6.78301,7.77308,18.7057,21.4125,25.8824,182.512,-789.096,-660.752,55300,11060,19460
9.69256,-2.16744,26.3652,-4.78667,9.76066,2.03911,-0.103857,22.6223,1.49649,16.2481,21.2543,1.12781,3.74564,12.4823,0.103032,4.8168,184.952,-794.952,-661.24,57400,9100,19600
-2.10426,-4.12047,8.96697,-5.97105,4.94899,-1.78125,-14.5855,7.04383,1.9937,-2.32441,3.88751,-12.296,-8.18679,2.06222,-8.12379,-10.212,180.072,-801.296,-663.192,59780,7700,19320
-21.6905,-17.47,-10.0917,-15.1407,-13.4265,-10.3718,-18.3389,-1.56002,-8.28069,-22.9708,-17.5123,-28.9262,-21.8899,0.683376,-12.12,-9.60023,177.632,-808.616,-661.728,62580,6160,20020
-12.0783,-18.1748,-11.2066,-21.611,-31.86,-20.2027,-27.3334,-19.4084,-2.65167,-1.57415,2.12875,-29.5988,-28.0771,3.60281,-21.2854,-16.0626,180.072,-816.424,-663.68,64260,5460,20720
-46.1278,-23.2448,-25.6914,-19.2664,-46.9233,-32.9325,-27.1576,-37.1678,-18.2071,-20.7386,-3.35524,-41.4569,-35.8099,9.28015,-16.4192,-16.7782,176.168,-823.744,-665.144,66640,4900,21280
-45.4509,-11.2,-32.7884,-7.44443,-47.2797,-39.9898,-24.9711,-51.1186,-16.7292,-29.1829,-17.9171,-34.5095,-36.3815,22.8117,-8.87146,-18.0037,172.264,-827.648,-662.216,68600,4760,21980
-29.021,-8.53134,-38.4158,-10.1336,-44.3981,-39.0034,-21.6526,-57.4767,-17.7839,-17.9554,-16.7185,-26.5375,-31.0924,26.0205,-6.33106,-19.8111,166.896,-832.528,-664.168,70280,4480,22680
-15.9725,-11.6926,-46.1186,-28.3249,-36.6067,-28.9205,-25.2415,-55.9255,-18.3193,-7.95165,-3.09803,-22.7033,-24.6693,12.5691,-16.8386,-19.1125,164.456,-834.48,-663.192,71260,4620,23380
-2.47453,3.52519,-44.6987,-17.8426,-8.18998,-10.8162,-16.4439,-44.9458,-3.8584,-1.31366,2.15538,-6.60856,-16.5303,3.08192,-9.50808,-7.9475,165.92,-845.704,-657.336,71540,4340,23520
9.09203,25.0416,-30.2731,15.3489,24.0495,12.3562,12.1717,-18.4016,12.8596,7.23051,9.50864,14.5141,-0.703975,14.1216,19.9817,14.4678,162.992,-848.632,-653.432,71820,3780,23100
24.176,32.97,-12.215,28.8043,27.9947,22.9773,24.457,-0.912089,24.4113,21.1272,17.6277,24.9238,15.1016,28.1051,23.7854,20.5409,162.504,-849.608,-648.064,72240,2100,22120
25.3133,25.5411,-1.90194,28.1518,18.3025,21.0536,15.7498,-0.218146,25.6461,20.2716,12.9381,23.3061,20.2942,22.704,12.523,9.09778,163.48,-850.096,-649.04,73220,980,21560
28.6019,15.6963,3.88482,20.4527,13.1435,17.8517,-7.00351,-6.99956,29.9817,20.6785,12.8712,18.3696,16.6386,1.57893,-7.77832,-9.08635,161.528,-858.392,-637.816,71820,280,20720
23.2837,5.2465,13.5295,18.5882,22.4508,20.1078,-1.25549,2.99869,22.0739,19.9929,6.03007,16.4083,13.7966,-9.58496,-9.60661,-4.27237,156.16,-863.76,-628.056,70140,-560,20160
21.0784,3.30911,25.8418,22.8099,31.2717,25.2273,13.9612,15.7544,17.0221,22.8627,1.30819,23.9703,11.5314,-2.68779,2.6312,5.82944,156.648,-861.808,-621.712,68180,-3220,19040
17.2594,3.04114,34.6555,27.767,37.2767,29.3645,32.1627,28.9221,14.4726,24.2112,-4.68657,30.3796,1.42752,10.1524,22.1676,19.7453,153.72,-858.392,-614.392,66220,-4620,18480
-3.03366,-7.66328,29.1783,15.0442,26.726,20.5232,24.6803,28.0679,3.77576,9.49054,-12.5708,17.6198,-18.6065,-1.54389,18.4212,11.5835,150.304,-857.904,-610,62720,-6860,17780
-13.5375,-23.5076,18.597,-11.1654,3.62057,1.70832,2.70187,18.6335,-8.4044,7.57533,-11.5156,-0.803509,-37.5276,-23.7086,-4.18051,-9.3774,147.376,-850.096,-607.56,59640,-8820,16940
-5.78797,-17.7105,19.1074,-13.4959,4.89832,-3.32537,2.47129,27.4934,-3.95625,17.0615,-1.19344,0.868447,-39.9216,-26.8285,-10.4199,-6.15592,141.52,-839.848,-600.24,57680,-10360,16520
-10.458,-8.05194,16.9409,-5.21374,13.0483,-1.25483,14.4205,37.9012,-1.21097,3.28359,0.689423,-0.0778178,-37.4292,-23.7724,0.623642,7.54526,141.52,-837.408,-593.408,53340,-11200,15540
-4.85878,2.73025,19.0657,11.3923,24.0431,4.05779,27.7798,41.7453,-5.87775,-2.72212,2.54262,3.94627,-31.9463,-11.396,20.5703,19.0058,142.984,-832.04,-589.016,50120,-11340,14560
-8.58746,-2.41287,15.0315,6.37183,8.92187,1.44212,11.4211,24.6854,-20.395,-8.9657,10.8345,-1.51125,-25.0375,-7.7868,10.9162,6.18765,138.104,-819.84,-576.328,45640,-10640,12880
3.65114,-7.23907,12.9757,-12.2882,-20.525,-10.9748,-16.6624,1.54865,-14.0309,-4.14439,24.6351,-6.9688,-14.3542,-12.9823,-16.5671,-15.4137,132.736,-816.424,-561.2,40600,-11340,11340
12.4518,-8.90669,14.4987,-22.2767,-34.7511,-16.1928,-30.2391,-7.86943,-7.31284,2.24848,32.3845,-8.77877,5.21434,-11.893,-31.1213,-20.9139,134.688,-813.984,-569.008,36820,-11620,10360
14.8744,-0.286771,19.1321,-12.2116,-23.798,-5.14839,-15.1347,-4.47717,-4.2789,2.91325,27.7818,-0.746322,31.0667,2.71211,-13.713,-5.47994,129.808,-808.128,-554.368,33740,-14840,9100
11.3092,10.1107,13.3682,-5.77913,-13.0496,3.17422,-0.737041,2.22733,-1.76089,-7.75596,14.7041,2.04708,45.3524,4.59209,1.31859,9.36912,123.952,-798.368,-547.048,32060,-16940,8120
-3.54705,2.41999,-2.21721,-18.4487,-23.6199,-3.54015,-9.90682,0.199912,-9.36752,-20.8191,6.09507,-12.58,52.1693,-17.0945,-5.77159,3.42541,118.584,-797.88,-534.848,28840,-19180,6860
-10.0874,0.664063,-12.3634,-20.4809,-21.8492,-3.78748,-11.4873,-1.69281,-7.50191,-27.8209,-2.32503,-19.296,57.3949,-24.1676,-2.26676,2.60506,115.656,-800.808,-534.848,26460,-21840,5880
-10.0535,4.18935,-21.8889,-14.0706,-12.7046,-5.11708,-6.35061,-7.71669,-2.82319,-29.6924,-9.3603,-16.9035,51.7832,-20.1166,4.25249,5.3573,110.288,-805.688,-537.288,25200,-24920,5740
-15.0095,-5.72411,-30.9652,-16.1975,-13.6072,-12.0376,-8.12583,-14.0618,-14.7043,-29.5454,-15.2875,-17.1425,45.7361,-23.4804,-1.25171,-0.349625,105.408,-805.688,-533.384,24220,-28280,5180
-13.0195,-4.56845,-29.66,-9.30146,-7.21318,-10.7041,-1.22941,-8.71568,-18.5509,-24.7767,-17.9972,-10.2045,39.8903,-16.1741,2.17297,4.74647,101.504,-800.32,-531.432,23520,-30380,4760
-16.3233,-6.90688,-27.3181,-6.50391,-7.56649,-6.99296,-0.755763,-7.2719,-26.9453,-22.5023,-24.0934,-3.78075,31.7664,-8.79761,1.34614,3.39628,98.088,-793,-524.6,22120,-33320,4060
-20.3887,-16.9457,-35.3226,-14.7786,-16.8586,-11.865,-11.4097,-16.9179,-33.1057,-23.3971,-30.9518,-9.81448,12.666,-12.7846,-6.39511,-10.74,97.112,-796.416,-516.304,21000,-37100,3640
-8.10969,-10.0498,-33.9399,-7.04092,-9.52924,-6.58304,-6.85686,-17.5915,-13.1236,-10.8741,-28.3966,-8.56982,0.635754,0.311302,-1.84226,-9.16343,91.744,-804.712,-508.496,19880,-40600,3220
9.35837,7.08767,-20.3137,12.6898,12.6593,4.89483,5.38806,-11.7592,13.5527,4.51314,-19.6285,1.14373,-6.18094,36.0305,7.74289,2.13769,87.84,-812.032,-497.76,18760,-45080,2800
26.1498,22.806,-10.0102,34.2144,32.3288,8.42445,12.628,-14.0816,31.1255,19.7825,-3.88091,9.91532,-21.9038,68.7255,17.5078,5.86194,92.232,-812.032,-512.888,19460,-49280,2380
22.9031,25.8622,-5.38577,37.6813,37.9328,9.2666,13.7813,-20.5734,31.611,22.621,3.19472,8.29121,-34.2647,85.4161,18.9297,3.78633,100.04,-799.344,-517.28,20580,-54040,1400
17.3829,21.8446,-1.44196,26.0334,32.7057,12.7579,5.86879,-29.4616,29.4476,19.4561,-0.252957,4.51442,-45.3117,81.0114,9.1824,-0.473453,103.944,-792.512,-531.432,21420,-56840,140
15.0313,21.3475,3.20646,17.0498,24.5757,16.5655,0.149534,-27.5801,33.3702,19.9927,-3.82524,8.60049,-43.6617,56.1227,0.643348,-4.59489,112.24,-775.92,-542.656,22400,-57820,-1120
14.2959,24.1264,9.40933,18.8247,24.8155,19.3449,8.29646,-12.1917,38.4824,22.3238,-1.91177,18.7499,-39.3503,33.7184,4.02244,-1.04201,120.536,-771.04,-551.928,22680,-57540,-2520
1.68318,10.2264,15.6634,10.104,12.6464,9.08528,10.5498,0.561682,23.398,18.075,-0.558308,18.2461,-39.4704,20.787,-1.14666,0.312233,128.832,-768.6,-572.912,23100,-57120,-2940
-11.0967,-10.2057,23.5705,-0.00215864,-10.3087,-23.0731,1.13952,7.70627,2.71305,11.3885,0.986168,10.7451,-39.4162,9.1177,-11.4831,-5.85795,142.496,-754.936,-598.776,24920,-55440,-3360
-24.9332,-34.4381,16.9514,-17.7519,-38.4143,-44.1238,-23.3455,-1.26919,-19.7356,-3.38258,-8.488,-6.52357,-42.7439,-31.417,-27.7799,-21.1438,142.496,-745.664,-617.808,26880,-52780,-3500
-35.4054,-45.0689,3.44585,-27.7222,-56.8551,-49.6232,-35.6145,-10.5429,-36.4776,-17.8832,-23.9036,-20.2794,-38.5946,-69.1601,-29.1942,-28.4293,150.792,-726.632,-624.64,28140,-50400,-3080
-38.4737,-49.1286,-2.59433,-31.8052,-55.9296,-43.9742,-33.4054,-12.4476,-50.1459,-22.4711,-30.0752,-20.8824,-22.6799,-88.6623,-26.837,-27.2795,150.792,-714.432,-626.592,28420,-47040,-3080
-37.3405,-44.6966,-3.40797,-32.4751,-33.0502,-22.3179,-19.6304,-5.12384,-55.63,-23.4506,-25.5972,-16.7696,-4.73589,-86.9939,-19.8862,-13.8892,147.864,-717.848,-620.248,27860,-44240,-3080
-25.6685,-28.124,1.35713,-25.8551,-12.1374,-0.286504,-5.94181,3.68126,-41.4334,-14.8287,-7.76564,-8.08809,10.7408,-78.4032,-12.7287,-3.92653,144.448,-722.24,-610.976,26320,-40600,-2940
5.56859,-3.30447,15.9495,-18.6878,0.405552,15.7889,-3.96599,5.75684,-7.57967,12.4681,24.7187,4.74383,24.4702,-61.1773,-15.5857,-4.36716,146.4,-730.536,-600.728,24220,-37940,-2800
21.9562,14.7311,29.1479,-1.88711,12.9483,28.3028,10.984,23.6604,17.4162,31.6102,42.2835,13.1877,36.8158,-21.8874,0.509073,13.1533,142.496,-748.104,-598.288,22400,-36680,-2800
27.1274,28.7111,37.5417,24.9415,21.4594,44.8508,38.0924,47.2533,37.4303,38.8721,51.5081,20.096,46.088,29.2723,32.6911,40.0265,139.568,-752.984,-591.944,20720,-35980,-2940
29.7349,48.0607,39.3333,50.3012,21.5534,52.2356,56.2362,55.0548,59.5832,37.701,56.3102,30.3906,51.2692,74.941,63.7369,56.24,135.176,-762.256,-598.288,19460,-36400,-2940
28.7244,61.0238,33.4615,55.6288,25.254,53.4864,58.1638,56.3435,64.135,37.9475,56.2726,41.6545,54.2793,78.3999,72.8497,59.0394,128.344,-782.264,-592.92,18760,-36960,-2800
44.6368,72.115,25.716,53.2577,53.9923,66.4139,57.4921,65.9243,69.9526,50.98,67.2198,51.9394,50.2908,53.9074,65.2755,58.557,131.76,-790.072,-604.144,18760,-38220,-2520
51.0472,68.0706,13.9914,46.5447,71.8506,65.7436,47.759,72.3702,59.8228,51.779,70.8524,50.273,48.9989,22.0618,47.5187,45.6901,132.736,-808.128,-610.976,19460,-39200,-2380
55.4429,60.2004,5.22229,45.7907,72.1968,47.9971,37.345,66.3331,52.2494,42.411,62.9517,40.2968,52.0875,10.766,36.8515,32.524,133.224,-808.616,-626.104,20860,-37800,-2660
51.0605,43.7743,2.10212,40.8186,69.0023,26.578,22.8211,44.7997,41.9714,25.4831,42.4777,24.9828,45.8763,13.7429,21.9184,20.7047,135.664,-812.032,-637.816,22680,-35980,-2800
29.4372,7.57102,3.57986,24.2312,60.1047,4.99352,6.95414,16.8049,9.06189,-2.79429,13.1514,2.24981,32.8933,5.21071,3.52785,5.62595,136.152,-811.544,-633.424,24640,-33320,-3080
-3.7851,-34.5734,-5.07462,-11.265,26.9533,-21.1368,-13.5097,-15.5378,-36.8229,-38.5414,-23.6802,-30.3657,9.63263,-12.7911,-23.3439,-15.1326,137.128,-807.64,-635.376,24640,-34580,-3220
-40.9193,-75.3635,-29.4699,-58.8713,-30.5093,-54.6872,-52.0223,-58.8818,-86.7393,-74.5645,-61.0533,-65.7027,-24.6901,-24.7916,-62.1811,-52.24,140.056,-799.832,-638.304,23660,-34580,-3500
-50.8761,-88.2389,-47.1316,-80.9946,-66.8282,-74.2228,-75.6778,-88.1608,-98.2357,-89.6812,-82.2949,-82.9904,-54.0885,-14.2276,-79.8522,-74.745,142.008,-799.344,-641.72,22400,-33320,-3780
-47.7125,-81.1061,-49.5706,-76.1005,-72.9001,-77.6234,-72.6059,-97.2162,-93.0913,-88.8493,-89.6579,-81.2632,-74.839,0.561698,-70.7923,-72.0744,131.272,-801.296,-638.304,21000,-32900,-3500
-52.0706,-79.9697,-46.681,-77.7855,-84.3127,-79.6619,-73.2517,-93.8908,-88.5278,-85.5114,-94.6638,-76.8575,-82.4462,-23.6958,-70.0801,-73.9681,138.104,-791.536,-640.744,20580,-35420,-2940
-54.0824,-71.6623,-39.9518,-77.8497,-86.6288,-74.3356,-69.4419,-80.4905,-73.4103,-73.5758,-94.3744,-64.7773,-84.0458,-47.7253,-69.212,-72.3329,134.2,-793,-640.256,20020,-38780,-2380
-46.6558,-48.1062,-26.7858,-57.686,-66.9822,-49.6349,-48.987,-60.3061,-43.0258,-47.6409,-79.5582,-40.3882,-79.3356,-46.0057,-44.0434,-51.0348,140.544,-796.416,-636.352,18340,-40880,-1820
-31.2843,-16.3697,-19.1287,-28.5782,-50.7707,-26.2482,-27.0118,-45.431,-9.09182,-15.3975,-55.4784,-13.3831,-68.9924,-29.2086,-17.5818,-26.4054,143.96,-798.856,-633.912,17360,-42980,-1260
-24.7225,-0.33173,-23.0341,-11.2792,-54.8382,-22.1768,-19.3907,-43.2051,7.04941,2.85578,-37.0734,1.66828,-57.3304,-12.604,-8.74121,-18.7005,148.84,-793.976,-636.352,16240,-44660,-980
-22.8278,8.52985,-25.8223,4.9339,-52.8293,-14.9203,-1.55996,-23.5017,11.8329,10.5015,-23.7603,10.9244,-36.9455,7.11964,6.07137,0.277311,147.376,-780.8,-635.864,14280,-46340,-700
-12.3665,22.4932,-26.3096,20.1287,-34.2068,-0.954233,18.1041,-1.75173,22.2451,19.3947,-1.86717,25.6863,-15.4841,24.7793,25.4887,20.9498,146.888,-779.824,-637.328,12040,-48020,-140
0.252998,34.1883,-18.399,28.8287,0.561449,19.6233,28.6178,17.5621,35.4927,28.7853,21.1033,38.7814,6.05693,27.8713,35.6364,32.638,152.256,-780.312,-634.888,8680,-49140,420
3.39101,36.6101,-8.10056,32.0268,29.6676,33.4828,30.8665,30.1628,42.5669,33.5064,38.2964,41.7737,25.6342,22.7747,35.63,35.9524,158.112,-781.288,-632.936,5180,-51100,1260
12.8145,41.9667,6.86354,39.5331,45.9684,43.0913,36.304,42.3944,51.5209,46.3662,60.4143,46.0137,44.676,28.9677,35.8617,41.7969,162.016,-776.408,-628.056,2940,-52080,1540
28.4327,48.7578,24.8883,49.1579,54.0659,53.9772,43.5199,61.6101,59.7422,60.5365,76.8779,52.6861,67.0968,41.233,36.1316,51.6499,161.04,-781.288,-625.616,280,-54180,1400
41.1984,53.8305,40.1037,62.2371,66.9973,57.8692,53.9102,77.6316,62.7005,68.1585,83.1326,57.7161,79.062,48.7183,42.2927,58.9334,167.872,-781.288,-631.472,-1960,-56560,1260
46.7531,52.5313,52.2182,73.9827,81.329,55.73,62.549,83.34,57.3926,66.7482,81.2414,52.5754,83.5943,45.5787,52.4359,61.0253,167.872,-783.24,-636.84,-3080,-56980,1400
48.9984,46.0975,55.3335,68.3854,82.2746,46.2443,51.615,61.8754,50.6797,56.6054,71.9131,39.2275,79.3217,19.0993,50.9013,46.2196,166.896,-782.264,-630.984,-3500,-56560,1120
36.4029,26.1013,49.7805,47.0022,73.1452,37.5156,36.8215,30.1702,24.5824,36.6967,48.6761,18.3713,67.6311,-7.53995,42.5565,30.1987,168.36,-774.944,-631.472,-4200,-56280,560
7.57145,-7.94213,34.9603,5.0244,37.0167,20.4442,6.85909,-1.13476,-10.7837,5.91156,11.7131,-12.0778,53.2459,-33.3541,9.42864,2.40459,164.944,-775.432,-627.08,-5180,-55440,-420
-9.05533,-29.9212,17.7265,-33.8447,-4.87488,-0.497579,-19.3067,-22.8148,-31.8929,-17.9554,-15.3989,-33.0311,25.3622,-42.0869,-26.3522,-20.6968,165.92,-774.944,-629.52,-6300,-54180,-1540
-10.3872,-33.6981,12.2941,-48.0293,-37.8158,-16.9621,-29.8252,-27.7413,-35.6267,-27.9872,-25.8609,-36.7837,7.33311,-38.4281,-38.5332,-32.329,161.04,-772.992,-627.08,-7700,-52640,-1960
-4.9183,-24.6056,10.603,-38.0648,-51.2162,-27.27,-25.5085,-16.1379,-28.7632,-30.871,-28.8637,-31.2147,-10.2265,-28.8561,-28.6686,-30.5878,153.72,-773.968,-627.08,-8680,-50820,-2380
-5.92422,-25.0198,3.40829,-36.1505,-53.4288,-32.1322,-27.34,-4.39686,-32.0508,-34.7184,-30.8221,-29.6172,-34.0863,-22.9753,-31.7113,-27.78,142.496,-784.216,-611.464,-9520,-50120,-2800
-1.03418,-15.0601,1.45205,-24.1176,-34.8094,-25.9789,-21.7611,5.07673,-28.9538,-32.7017,-26.254,-20.3353,-46.0749,-16.1996,-26.4146,-20.904,136.64,-788.12,-610.488,-9940,-50540,-3080
14.3217,1.95484,1.33852,-9.52035,-7.53951,-15.707,-15.3853,3.12393,-14.8038,-16.9933,-12.5377,-4.94231,-47.5631,-12.6635,-17.3757,-15.2905,132.736,-791.048,-606.584,-9940,-51380,-3360
12.7739,-3.63169,-5.02835,-15.5958,5.72673,-8.68347,-15.2202,-5.05506,-21.5109,-14.2953,-11.2306,-3.95783,-42.5792,-21.0238,-17.8921,-15.074,129.32,-791.536,-607.072,-9520,-52780,-3640
5.34924,-12.6924,-9.95267,-23.3051,8.07078,-1.82192,-10.0337,-5.58639,-24.2884,-15.9781,-10.8132,-5.67286,-30.7696,-28.5279,-12.7586,-9.53911,127.856,-794.952,-612.44,-9100,-54180,-3780
1.32358,-9.78902,-9.97409,-17.7908,4.59471,-0.178969,-3.90309,-4.68052,-17.3589,-12.0598,-6.51103,-3.04357,-18.4325,-28.1722,-1.93588,-8.04434,126.392,-797.392,-617.808,-8260,-54460,-3920
2.8928,4.16978,-8.03465,-7.09946,1.1861,2.89524,2.24272,3.32623,3.50334,-8.65051,-4.53109,3.98096,-7.44464,-17.6841,6.05232,-3.43436,126.392,-798.368,-614.88,-6300,-54880,-3920
4.85977,14.7934,0.352212,-1.6183,6.08823,10.6144,6.74721,13.471,13.8572,1.40202,-1.26049,17.1008,-1.40757,4.63751,2.42645,8.31227,120.048,-800.808,-610,-5180,-55160,-3640
-12.1978,2.75322,-5.4416,-3.70926,1.76056,10.7945,10.5473,14.7526,-2.35016,-1.67899,-5.63748,13.188,-3.09626,18.4895,5.27232,14.3843,118.584,-805.2,-608.536,-3640,-55020,-3500
-11.7759,1.46785,-9.01451,-0.42848,-5.62546,5.78008,10.1593,4.07178,7.67228,5.97203,1.72171,9.52947,-1.69147,26.0604,12.4147,9.68403,115.168,-806.176,-598.776,-2100,-55440,-3500
-7.21907,1.28401,-13.6958,5.05989,-6.3587,-1.91816,6.18012,-10.7071,17.164,12.201,1.73892,5.39747,-10.5375,30.7073,16.1792,5.48832,113.704,-804.224,-600.24,-840,-56280,-3360
-7.56965,1.91805,-15.8754,15.3779,4.41832,-1.59742,7.48651,-13.4993,20.2213,13.2991,-0.42946,5.7577,-13.05,38.8952,19.3134,8.63721,112.24,-805.2,-602.192,140,-56420,-3220
1.22857,12.9492,-12.0322,31.076,21.9293,2.6045,13.2208,-13.4301,28.6644,18.7347,7.32714,12.182,-14.0224,51.4569,24.8064,12.8059,110.288,-802.272,-605.12,1540,-56560,-2800
2.8261,12.7276,-15.499,33.0351,22.8949,-1.65817,8.06112,-19.8129,27.3875,19.8994,12.7318,10.569,-15.9792,53.9657,19.6066,6.20128,111.752,-793.976,-611.464,2660,-56280,-2240
-3.2928,3.46297,-21.3012,29.7996,17.4676,-7.44478,1.85462,-26.7916,12.014,14.2886,6.55323,3.56237,-15.9939,54.0122,14.5178,0.153542,110.776,-792.512,-604.632,3780,-55300,-1400
-13.4445,-11.2748,-30.4779,12.9138,1.11122,-14.489,-9.26892,-32.2463,-0.897445,-2.31568,-8.41424,-10.7905,-19.2726,38.4049,-3.53472,-5.65599,110.288,-788.608,-610.976,4760,-55020,-980
-15.8057,-14.0781,-29.7357,0.119689,-12.6976,-23.0298,-17.2995,-36.1882,-2.87866,-13.8125,-15.505,-19.8088,-17.1457,19.0783,-16.6321,-12.9207,109.8,-784.216,-610.488,6160,-54600,-140
-22.398,-15.1851,-29.4947,-1.61713,-20.5315,-28.7337,-15.8324,-32.617,-9.66344,-28.2981,-25.632,-26.9689,-18.3361,2.38765,-14.2678,-11.0325,110.288,-780.8,-614.392,7000,-54180,560
-37.8202,-26.3749,-29.1878,-14.9123,-33.6774,-30.6732,-25.5944,-26.7889,-26.921,-48.1544,-36.9817,-34.8777,-13.2934,-20.2456,-32.2761,-16.8997,106.872,-786.168,-617.808,8680,-54880,1820
-31.2956,-18.253,-15.7687,-15.8425,-34.0233,-25.3795,-27.7205,-17.2509,-21.4228,-45.2985,-36.1708,-24.0754,1.09183,-28.9748,-38.049,-19.2579,110.288,-783.728,-622.2,9940,-54600,2940
-18.2211,-13.9554,6.4934,-11.545,-26.1518,-15.4084,-17.5365,-5.52305,-28.3959,-21.1731,-22.4045,-11.0917,23.308,-26.4382,-25.7304,-16.5316,107.848,-781.776,-620.736,11200,-52220,3500
-12.7915,-26.7958,16.5183,-28.2957,-34.5581,-12.2066,-19.652,1.20422,-38.7589,-9.03636,-11.9348,-16.3836,34.8313,-35.9738,-29.8413,-20.8906,110.776,-783.24,-618.296,12320,-50540,4340
6.69773,-7.49607,26.5364,-18.1607,-29.2227,-2.81618,-6.5247,14.1982,-2.66691,4.24279,0.212368,-6.08682,41.1186,-32.3668,-16.3469,-7.54929,108.336,-786.656,-620.248,13440,-49700,4760
16.3123,9.25722,28.8336,-4.73107,-19.2826,5.32262,5.3564,23.1095,16.4941,15.0626,9.13069,6.182,45.9179,-28.7023,3.14649,2.77936,112.728,-784.704,-620.736,14280,-48580,5180
17.6809,15.0746,26.8163,0.131013,-2.43696,18.0604,14.4648,31.1804,14.0964,20.5262,14.9493,16.9681,45.0658,-22.7152,12.4109,10.9661,114.192,-786.656,-617.808,15540,-47880,5740
12.2687,11.4128,22.7553,1.40908,14.1971,28.6756,21.7735,35.974,2.44234,20.2384,14.74,19.7216,35.8002,-15.0196,19.0551,17.7662,116.144,-786.168,-623.664,16100,-47320,6160
15.3931,13.2203,17.3655,2.055,22.1877,29.929,18.8652,34.7049,9.1867,24.2446,16.1722,21.4008,23.0532,-13.4432,16.9561,15.4983,113.704,-787.632,-619.272,16520,-46620,6580
31.3786,29.5792,21.2907,14.431,35.3914,35.0951,20.3171,31.8944,28.7701,39.1019,30.8922,33.8602,19.6892,-10.6325,21.8398,15.7086,109.8,-791.536,-623.176,17220,-45640,6860
25.0296,20.3865,16.6901,5.21001,36.4409,36.4461,14.7302,30.2293,15.4876,34.5644,34.2713,25.4981,10.7509,-16.8725,11.6132,13.7269,111.264,-788.12,-622.2,17500,-44240,7140
20.8083,15.417,13.9132,1.3996,36.1593,31.9002,13.0568,26.5108,8.77048,25.0161,30.6071,15.5075,2.9218,-19.9463,9.59805,11.5305,101.016,-785.192,-617.808,17920,-43260,7280
21.3739,15.5786,14.5247,4.62543,34.0326,24.3798,13.4648,16.7492,5.31888,19.0962,29.6092,10.6784,-3.41906,-16.5173,16.7667,9.40002,104.92,-783.728,-623.176,18200,-42560,7280
10.0906,4.39477,12.0606,-3.15736,23.9504,19.2741,10.2356,11.8093,-13.1744,4.70247,21.6585,-1.08517,-9.45701,-7.99258,10.7395,10.2304,104.92,-783.24,-618.784,18060,-41440,7140
-0.299754,-3.36708,3.82429,-5.62434,10.3762,10.2915,7.53681,2.72546,-20.5692,-8.32539,12.0145,-11.9841,-23.2107,-0.77641,10.7356,8.29907,104.432,-782.752,-619.272,18060,-40460,6720
-7.45947,-10.6874,-4.35661,-9.80625,-6.34162,-3.65885,-2.18373,-12.3617,-23.6673,-16.3588,2.05136,-21.9088,-35.777,0.625584,3.9618,-3.49703,105.896,-782.264,-618.296,18480,-39340,6300
-8.1961,-12.6374,-9.21585,-12.1474,-18.6645,-14.3202,-10.152,-20.5416,-19.4463,-19.0166,-6.93347,-25.4986,-41.9252,6.20352,-3.64249,-10.5279,105.896,-780.312,-620.736,18900,-38640,5740
-7.98099,-14.4055,-18.059,-11.8827,-25.0596,-20.2798,-10.4395,-20.0202,-12.6055,-20.9657,-12.3091,-28.4896,-50.7391,11.9484,-4.86731,-8.67801,106.872,-783.24,-618.296,19320,-38500,5460
-9.5526,-15.3989,-20.6637,-12.423,-26.9544,-23.565,-15.0967,-21.1326,-5.62476,-21.0345,-12.5339,-25.2025,-50.2391,15.0714,-13.2733,-12.7521,106.872,-781.288,-617.32,20160,-37660,5040
-5.37513,-7.32636,-15.4646,-3.93047,-20.1331,-24.5567,-16.3056,-26.8988,7.9991,-14.4178,-6.35707,-11.3105,-41.7938,20.1769,-16.1057,-15.6362,105.408,-781.288,-615.856,20160,-37100,4620
-2.02491,2.20436,-8.95801,11.1114,-8.20681,-22.7175,-4.93892,-21.7216,17.3058,-9.20102,-4.51906,2.59482,-23.4323,24.1172,-3.31101,-7.75288,105.408,-773.48,-612.44,20160,-36400,4200
1.0388,8.54609,-5.57912,14.6022,-1.29782,-23.2008,-2.96661,-19.7574,26.0577,-5.18082,-3.22288,9.58081,-6.2657,21.6718,-5.36595,-7.14565,106.384,-767.136,-615.368,19040,-35980,3500
-5.65568,3.94687,-6.17367,9.56004,2.74499,-19.441,-6.09445,-14.2585,14.8938,-8.22015,-7.28855,9.17085,9.96045,20.0334,-9.93028,-5.42499,107.848,-765.184,-619.272,18060,-35420,3080
-5.20424,7.90673,1.34992,20.7618,16.3564,-7.02972,7.15561,2.67608,8.02925,-2.68677,-7.04918,17.4804,33.6058,27.3889,4.7036,8.59615,106.872,-765.184,-615.856,17640,-34020,2380
3.32537,16.2518,4.30986,27.114,20.9547,-2.36216,12.9107,10.7915,16.3805,5.61267,-7.03774,25.0059,47.6007,24.3849,8.5662,15.0734,105.408,-770.064,-614.88,16800,-34440,1960
7.20362,18.0109,8.26166,23.4959,20.5344,2.31052,13.3597,16.64,16.0629,10.5488,-6.05397,30.9067,59.83,18.7586,10.9429,16.6213,106.384,-776.408,-622.688,16380,-34440,1540
1.24514,8.09326,11.87,13.1901,12.1579,5.10733,10.2709,16.4907,2.66711,8.7506,-7.45684,31.2664,65.8127,9.34454,11.8585,12.0852,107.848,-778.36,-620.248,16660,-33600,1260
-0.389855,3.63109,11.3393,7.76564,2.67606,4.85359,9.24122,20.6574,0.103731,7.5313,-7.17809,30.666,49.892,4.79051,10.9556,11.7412,102.968,-786.168,-617.32,17360,-32760,1120
6.4605,8.41399,9.0399,13.5409,3.11915,11.9636,17.6869,30.055,10.6265,8.25688,-4.24614,30.603,23.9817,7.45422,17.7295,20.0404,101.504,-788.12,-611.952,17220,-31640,560
3.19944,0.681815,4.85658,10.4852,3.6718,17.1487,13.1715,23.2697,0.812285,4.5534,-5.18701,23.0302,5.28574,3.62788,17.8659,14.4183,104.432,-793,-611.464,17500,-31360,280
6.54463,0.465755,1.12018,5.14029,5.49116,18.3615,4.91375,7.91842,4.54736,6.13352,-3.7037,12.8589,-8.47401,-2.34384,11.4711,4.70527,103.456,-791.536,-612.928,17640,-31220,420
1.16992,-1.02484,-9.87409,-2.48109,1.98341,11.4441,-4.79879,-9.63187,2.45851,1.71165,-8.23711,-6.67637,-28.3144,-10.8806,-3.01106,-6.61657,101.504,-795.928,-614.88,16940,-30940,280
-3.49528,-9.06423,-14.5555,-19.615,-6.7329,4.53857,-18.5765,-21.3058,-4.19618,1.02509,-8.43718,-24.4491,-40.2268,-13.8786,-25.4675,-16.6378,101.504,-795.44,-611.464,16520,-30660,0
-2.80021,-11.3168,-11.5117,-25.7272,-10.204,4.83754,-18.8203,-21.6967,-3.98146,1.77615,-4.85059,-33.8839,-37.0588,-10.7293,-26.0374,-13.3636,99.552,-793.976,-613.904,15960,-30940,280
-14.525,-13.8938,-13.1357,-18.9297,-7.79161,3.4544,-9.38064,-18.5183,-20.6945,-6.31892,-8.65937,-45.3076,-34.6937,-11.2382,-9.83727,-7.73281,101.504,-794.952,-610.488,15820,-31220,420
-20.1095,-17.1665,-18.342,-23.0257,-14.5861,-5.18476,-12.4641,-20.7271,-25.2835,-16.0724,-15.4822,-50.2751,-33.9761,-20.5333,-11.5693,-13.0773,101.992,-800.32,-612.928,16100,-31220,560
-16.8699,-19.4985,-19.142,-29.0904,-24.6726,-16.9936,-20.5821,-28.7015,-22.782,-17.3378,-11.115,-46.6233,-26.6094,-31.6093,-18.2402,-23.4827,101.016,-797.392,-608.536,16240,-31360,840
-16.2579,-21.1816,-19.2369,-32.9611,-29.8946,-19.7817,-26.553,-27.5716,-24.0166,-19.7929,-11.7078,-42.0563,-19.874,-34.457,-27.9649,-27.4153,100.528,-800.32,-608.536,15820,-31920,980
-11.1339,-14.4302,-10.3135,-20.3496,-20.4441,-12.0517,-17.0043,-16.2474,-17.5331,-10.0543,-9.24198,-26.2927,-12.0339,-27.6294,-15.0373,-18.8911,104.432,-795.928,-607.56,15820,-31920,1260
-3.02554,-8.00373,2.37321,-2.82665,-8.82531,-6.08495,-2.15135,-6.46999,-6.98458,5.01805,-3.66914,-6.92261,-6.13985,-18.8995,4.15766,-9.1731,96.624,-797.392,-608.536,15960,-31640,1260
-3.9806,-11.4028,8.2808,-2.58913,-7.58303,-10.8626,-3.32951,-3.46736,-6.49776,3.54581,-3.3085,-0.299064,-5.61572,-15.7482,2.10533,-10.6632,96.136,-791.048,-607.56,15960,-31500,2100
-6.88908,-12.3798,12.1453,-0.951838,0.89573,-11.4383,-1.53434,0.92923,-10.3533,2.28658,2.97733,0.154639,-5.43784,-9.4505,-0.48096,-8.84975,96.624,-793,-605.12,15120,-30800,1960
-2.78305,-11.4115,12.0312,0.792976,4.33077,-10.3835,-0.600492,3.23768,-6.91056,5.99439,12.4402,2.06951,-0.701745,-1.3545,-2.45941,-5.55713,92.72,-790.56,-600.728,14840,-30800,2100
2.77645,-2.1296,12.6971,6.25568,4.6179,-6.59938,4.24844,11.4953,4.25261,6.75412,11.8102,7.07141,10.2615,3.92293,-0.284196,4.80653,92.72,-791.536,-603.656,14280,-31080,1960
3.06731,8.31079,13.6095,14.4918,11.5977,3.39937,11.7893,21.7972,8.07933,6.41117,8.51755,11.815,20.4274,10.4501,6.95479,16.0476,92.72,-789.096,-603.656,14140,-31500,2100
3.07294,11.3085,12.1433,13.2277,12.773,9.58765,10.764,21.9881,9.50474,8.43627,16.7154,14.939,29.6241,10.6004,7.42262,18.4563,92.72,-789.584,-604.144,13860,-32060,2100
12.8958,20.6348,9.92925,11.7818,13.1107,10.7635,7.61811,16.6616,23.3625,10.4024,28.5089,20.3433,33.4455,11.8109,1.5386,19.6001,93.696,-789.096,-604.632,13720,-32480,1960
17.0143,24.8731,8.50297,12.0504,11.6028,11.1134,6.50002,13.2226,28.2814,8.5638,34.5815,25.9104,34.3312,17.207,4.30926,18.2324,93.208,-786.168,-604.632,14000,-33040,1820
17.2809,23.1347,9.67734,10.7263,6.88666,14.6535,8.03117,14.9184,26.7084,9.13181,37.5944,30.5382,34.1967,21.6057,7.76105,17.3952,93.208,-788.608,-604.632,14420,-33740,1960
12.2787,16.0406,1.78095,11.7832,1.62646,11.2459,11.1149,10.5235,18.7682,6.84467,32.752,26.6369,20.1461,23.7913,15.5878,14.4386,92.72,-785.192,-606.096,14840,-34020,1820
6.12347,12.663,-1.04992,20.5346,4.48614,10.7415,20.2877,11.5477,8.59983,3.31216,23.1331,26.8365,10.5282,32.2103,24.6221,16.7494,93.696,-786.656,-611.952,15120,-34720,1680
10.0182,13.6244,2.8294,22.1486,6.71772,12.6298,24.7928,15.8944,8.20701,4.92247,17.2671,31.0052,9.05389,32.1863,27.0371,18.5912,92.232,-788.608,-607.56,15680,-34440,1540
16.71,16.3276,2.66401,18.8751,5.49682,11.0019,18.8215,10.721,14.477,7.10603,12.7936,28.9286,5.05081,19.8886,22.6923,9.39494,91.744,-788.608,-607.072,15680,-34580,1540
19.5646,16.8704,1.86577,13.4166,5.61969,8.34602,11.2512,4.80746,15.6149,8.22176,7.68359,22.568,3.26142,6.71852,15.3687,0.232971,91.744,-784.704,-602.192,16100,-34720,1540
10.2966,6.81854,-3.60774,0.409049,1.79514,5.04834,2.45272,2.63621,2.52548,1.10788,-6.52416,8.82542,-1.73771,-5.01744,3.1329,-4.93262,91.256,-786.168,-601.704,16240,-35420,1540
-1.01885,-6.24255,-7.89711,-11.8552,-3.58007,1.32798,-7.50956,-1.76259,-13.4625,-8.39378,-19.9016,-7.40565,-9.95079,-16.0994,-12.4185,-11.0735,90.28,-785.192,-601.704,16380,-36120,1820
-5.88375,-15.2079,-10.4599,-26.7569,-10.0404,-5.54465,-22.7201,-14.0352,-18.5458,-14.0926,-28.2807,-22.0656,-19.0768,-27.4348,-31.9735,-22.7886,92.72,-788.608,-602.68,16800,-36680,1680
-6.04888,-11.8154,-8.28245,-20.109,-3.42716,-6.64871,-20.7636,-15.731,-17.0134,-15.1347,-31.1634,-24.6458,-23.5129,-22.6423,-24.8457,-19.2082,92.232,-790.072,-601.704,17500,-37240,1680
-15.035,-9.06373,-7.99179,-9.73463,3.1776,-5.8284,-13.5341,-10.7751,-21.7887,-25.3808,-37.7617,-22.5925,-25.6799,-12.9225,-15.4667,-10.5015,92.232,-788.12,-600.728,17920,-37660,1820
-23.5159,-14.9318,-8.14524,-10.7102,-0.226388,-8.83343,-8.20446,-11.0704,-32.2479,-26.6469,-37.7258,-23.0292,-25.805,-12.0338,-8.52284,-8.24127,91.256,-790.072,-602.68,18620,-38500,2100
-26.3041,-22.1511,-6.76888,-10.0273,-6.36758,-12.4879,-2.40545,-10.9037,-37.6734,-18.8315,-32.2522,-24.1536,-23.1959,-13.4748,4.88694,-7.9869,92.72,-793,-606.584,19460,-38780,2100
-15.383,-17.4428,-3.21057,-14.2318,-8.55938,-13.254,-9.18428,-9.47879,-21.0491,-8.78727,-27.6578,-18.445,-18.0077,-9.29297,-4.62122,-10.1629,93.696,-793.976,-603.656,20020,-39480,2380
-3.04849,-6.57284,2.83631,-8.83552,-3.0302,-8.54206,-5.83339,-5.11536,-3.55107,3.12143,-24.8781,-9.64654,-12.8596,-2.54184,-1.3502,-4.61265,93.208,-792.024,-603.656,20300,-40180,2800
-3.55417,-4.19271,3.22202,-6.06095,-3.85896,-7.08216,-4.16135,-5.19545,-0.253131,5.72972,-26.8883,-11.7119,-10.4302,-3.59592,-1.32151,-4.81176,95.648,-795.44,-602.192,20720,-40460,2940
2.43017,-2.05968,1.00893,-8.23757,-3.98527,-7.11302,-3.88028,-5.58955,8.41518,9.57372,-19.6683,-13.3406,-8.42756,-5.15961,-7.35751,-3.66886,93.696,-794.952,-602.192,20580,-40740,2940
10.5513,5.93466,2.68576,0.851025,4.80531,-0.783411,2.46383,3.26387,21.3259,11.1121,-5.57066,-8.13917,-2.02513,3.01405,-3.31453,5.7301,91.256,-793,-601.216,20720,-40460,3080
19.1402,17.4267,9.2284,17.7622,19.1668,11.609,14.4298,14.3232,28.6607,20.2213,14.3085,2.45911,5.97073,23.6517,10.8918,20.1845,90.28,-792.024,-601.216,21000,-40460,2800
24.054,24.1347,10.1715,26.6971,23.7925,14.4619,20.3376,14.6065,34.6,25.3868,27.9127,9.26689,11.8624,30.9699,18.9844,26.7274,86.864,-792.024,-603.656,21140,-40320,2800
15.3451,15.5337,6.10141,16.5841,15.7357,10.6648,12.9587,6.9371,23.8716,17.5459,31.1594,8.64634,17.2697,22.1851,10.1617,20.3832,81.984,-796.416,-606.096,21140,-40600,2520
11.5572,16.2503,4.48227,18.6474,16.1591,11.8267,11.5714,1.46101,21.2432,11.594,31.0956,11.6111,19.8513,19.144,9.82646,16.4686,80.032,-796.416,-605.12,21560,-40600,2520
4.25608,13.8496,4.01559,22.8298,16.5817,10.3615,14.2894,2.61166,11.7175,5.64681,27.7775,12.2843,19.6072,15.9687,18.2615,14.969,76.616,-796.904,-608.048,22120,-40880,2100
-7.73691,-0.854267,3.56248,11.8683,7.41439,5.74213,10.3058,1.13861,-7.88229,-1.16442,24.0027,9.13094,17.7282,12.5106,14.4325,9.22928,77.592,-793.976,-607.072,22540,-41020,1960
-8.39876,-7.50173,2.13627,-0.1939,-8.36112,-4.45926,-1.93521,-7.92266,-6.46327,-3.64177,22.3578,7.56511,13.0933,0.973195,2.33784,-3.54748,70.76,-796.904,-607.56,22820,-41300,1680
-8.50318,-9.89326,0.467911,-8.50736,-18.8947,-12.4757,-12.3759,-16.1939,-6.6546,-3.14707,19.1465,5.14371,8.55064,-6.70387,-8.76876,-15.3309,75.64,-797.88,-608.536,22960,-40880,1400
-6.19327,-8.35016,-4.28997,-6.48147,-14.3163,-12.267,-9.75139,-16.2018,-6.58516,-1.26227,13.9332,4.12894,1.90376,0.43893,-6.86699,-12.7859,73.2,-796.416,-608.048,22680,-40600,1120
-7.53166,-9.83472,-8.26199,-5.43508,-12.4,-10.3896,-16.0663,-17.4113,-10.0647,-2.71664,3.54974,2.77168,-1.57603,3.12382,-14.2453,-15.6619,73.2,-796.416,-607.56,22400,-40460,700
-9.65324,-13.4106,-8.23846,-14.1031,-19.0276,-8.79803,-27.3805,-14.0192,-11.4358,-6.94756,-7.43485,-0.25222,3.89283,-7.47003,-31.2035,-23.4534,74.664,-802.272,-609.024,22120,-40320,280
-11.299,-15.3866,-6.54259,-11.3454,-12.3322,-4.40092,-13.2522,-1.38508,-16.027,-7.95781,-9.62347,-2.03098,3.08192,-11.4078,-15.4573,-14.9575,74.176,-800.808,-608.048,21980,-39900,-140
-18.1216,-20.2856,-2.98727,-2.14437,-6.1022,-3.70071,-0.139255,8.64629,-22.9223,-12.2023,-13.2035,-4.75885,6.77664,-17.5055,-0.61626,-6.48464,72.712,-800.808,-610.488,22400,-39340,-420
-9.94145,-16.44,0.370905,0.0198859,-7.08866,-6.13748,1.17221,9.51443,-11.9304,-7.89019,-10.2325,-5.10686,9.66101,-20.2134,-0.722687,-5.21028,72.224,-799.344,-610,22260,-38360,-840
3.99825,-5.02621,3.48742,8.11565,-5.45132,-7.83678,3.18006,11.3845,6.95321,-0.462344,-4.91304,0.858895,11.1619,-18.6418,2.86301,-1.54051,72.224,-798.368,-609.512,22260,-37100,-1120
-0.256714,-7.85009,-4.36612,3.51634,-7.39538,-7.49784,-1.2876,12.6143,4.85824,-4.12165,-10.7158,-2.77022,5.49219,-19.019,-2.08466,1.64459,72.712,-803.736,-606.096,22120,-36120,-1400
-6.32185,-15.3821,-10.0966,-10.2304,-8.12271,-4.55425,-11.4684,3.60979,-6.13997,-7.02918,-16.6641,-12.5212,-4.82161,-18.8353,-12.0399,-3.68838,76.128,-804.224,-604.632,21840,-34860,-1820
-5.02781,-12.6126,-7.084,-14.4095,-2.5619,-4.19571,-15.5549,-10.5522,-6.93302,-3.24199,-15.5516,-14.3304,-8.65943,-18.6504,-10.506,-13.3731,78.568,-799.832,-604.632,21560,-33600,-2240
-8.14573,-5.88437,-8.71623,-16.4195,-2.6662,0.0763912,-12.6082,-14.6238,-8.36845,-6.15368,-17.0325,-15.8553,-12.1877,-28.3654,-4.32077,-13.9978,74.664,-794.464,-603.168,21280,-32620,-2660
-4.04257,3.81812,-5.7899,-17.7138,-6.097,10.9206,-8.93079,-2.15271,-3.49128,-3.10908,-12.7122,-7.66337,-5.2854,-29.9938,-6.95149,-8.34997,74.664,-796.416,-602.192,20580,-32340,-3220
4.77795,13.7625,-2.97994,-17.8886,-13.3289,15.5301,-2.8486,6.80623,5.27087,4.02809,-2.15231,2.31377,2.88765,-20.5574,-5.5801,-2.85273,79.056,-795.928,-600.728,20300,-31920,-3640
4.87179,16.8785,-1.36424,-17.1341,-18.1092,15.4605,3.41635,14.5311,7.31319,0.17769,-3.04027,5.6538,5.7165,-16.5117,2.02217,5.88846,78.08,-794.952,-598.288,19320,-31780,-3780
1.44304,16.374,3.2732,-14.8083,-11.5224,18.2692,7.13934,19.7209,2.64309,-1.09792,-3.36784,7.86775,6.90017,-16.4594,7.37452,13.1429,77.592,-795.44,-594.872,19040,-31640,-3920
-1.82296,10.5586,4.11543,-20.3778,-9.45931,18.5269,7.51209,17.3235,-6.6545,-1.40768,-1.17738,5.61519,-0.818709,-24.0633,8.00276,16.9184,78.568,-797.392,-596.824,18620,-31640,-4060
-1.97238,7.14972,0.765904,-25.663,-13.1644,8.98715,6.17995,11.5905,-10.5231,-3.94444,-1.75206,4.1968,-13.2504,-24.742,3.45107,10.9112,78.568,-793,-598.288,18340,-31640,-4200
0.910144,9.77851,0.071303,-17.6686,-8.50502,2.74214,9.32711,10.0058,-9.24998,-4.06458,-0.383547,4.55386,-27.2802,-9.05598,4.42444,8.31433,77.104,-793.488,-598.776,18060,-31500,-4480
-0.256343,3.10126,-0.395767,-14.8099,-11.0422,-3.30331,5.08369,2.48594,-13.3907,-4.59235,5.08269,1.25923,-38.2018,1.21578,0.173947,0.963306,73.2,-791.048,-593.408,17640,-31220,-4480
2.06778,-1.63653,-1.51018,-15.2971,-20.1213,-13.6806,-0.869309,-4.83673,-5.6829,-4.96969,8.80709,-2.61767,-40.3181,-2.12564,-1.8851,-8.81301,74.176,-791.536,-594.384,17220,-31220,-4480
3.95179,0.823552,-0.725381,-3.18261,-11.5013,-18.6956,4.32438,-10.5346,-0.0369297,-5.0239,9.50549,-2.7709,-47.2402,14.5965,2.93053,-6.79617,72.224,-788.12,-591.944,16520,-31360,-4480
2.64484,0.978044,0.998199,10.6691,-3.96723,-17.5903,8.10689,-13.6888,3.98431,-5.5017,14.9112,-3.23654,-46.6478,26.0288,2.56718,-2.37992,72.224,-786.656,-591.456,16100,-31920,-4480
15.431,10.5547,7.13631,27.6003,13.4829,-9.01022,12.7856,-8.8247,23.8785,4.50661,25.905,3.31087,-40.3771,46.2052,5.8274,4.14199,71.248,-784.216,-591.944,15540,-32760,-4620
21.8078,14.1801,12.1396,39.8542,31.8719,-2.21966,19.7384,-3.0255,26.7982,8.57981,28.1594,11.3619,-35.2792,64.3297,9.66994,10.9073,72.224,-781.288,-590.48,15260,-34160,-4620
27.6075,20.4437,14.6487,54.0235,54.0203,1.15242,24.684,-1.9229,32.4691,12.3881,32.1948,19.4516,-31.6869,78.8183,17.5492,15.0383,69.296,-779.824,-589.504,15120,-35560,-4620
34.6516,26.4273,12.7572,65.4083,78.7199,-0.767118,26.6019,-7.7694,39.4941,18.8255,38.4886,22.8918,-33.0855,95.5686,22.2296,17.3059,71.248,-780.8,-588.528,14840,-36540,-4760
38.1703,28.1804,12.2673,81.0373,103.524,5.63957,35.4819,-0.662775,42.4259,22.2539,34.1729,25.8559,-22.0453,121.552,33.2136,31.0858,69.784,-779.824,-590.48,14980,-38220,-4900
38.8719,32.9401,14.6785,92.8567,115.081,13.3742,40.5363,0.941668,45.2598,25.7549,25.1645,32.6533,4.71485,120.436,44.6311,36.4144,72.224,-778.848,-592.432,14980,-39620,-4900
40.8302,35.2574,14.2619,93.8227,123.276,22.842,37.2402,-5.61342,45.6319,31.4188,17.0971,30.717,16.9562,127.652,42.4403,37.8876,70.76,-777.872,-591.944,15120,-41300,-4760
36.2006,31.3519,14.3629,87.4606,119.601,31.7142,31.8452,-1.38523,38.5374,30.6827,5.68985,23.1746,45.0902,120.645,41.6771,37.971,69.784,-778.36,-586.088,15540,-43680,-4760
30.2427,28.86,16.0429,82.8193,110.783,35.8595,27.4685,-0.132145,30.4142,28.5848,-1.18789,17.6928,72.7876,114.845,40.4688,34.7069,67.832,-785.192,-583.648,15540,-45780,-4760
18.1201,19.8791,18.0756,67.2687,78.5418,28.2694,16.8207,0.695822,17.3227,21.0252,-10.3384,8.81769,106.896,97.1969,28.9803,24.4241,64.416,-785.68,-575.352,15960,-49980,-4480
6.56295,11.5121,25.1001,50.576,28.2883,17.9085,7.38635,5.05594,4.61904,20.1236,-23.0185,0.440129,153.625,53.0902,21.2258,15.4973,51.728,-781.776,-559.736,16800,-55020,-3920
-41.381,-31.755,17.5972,-25.4566,-106.899,-4.3264,-34.1824,9.93624,-36.0663,-13.3034,-62.9619,-25.3739,219.65,-116.595,-19.5444,-16.602,-37.088,-865.224,-160.064,20720,-67620,-700
-125.812,-114.352,-10.8611,-195.169,-299.686,-45.4204,-113.804,10.2742,-113.067,-81.5676,-124.693,-76.6902,250.615,-381.796,-103.902,-84.465,61.488,-782.264,-646.112,22400,-218680,8680
-135.537,-128.843,-34.2748,-249.425,-300.115,-48.7669,-129.259,4.18741,-127.801,-92.4228,-115.251,-100.02,153.237,-382.266,-127.122,-99.6671,51.728,-761.28,-685.152,19320,-220080,6160
-110.91,-105.933,-44.5278,-212.988,-224.039,-39.8049,-108.016,-3.92296,-104.118,-73.0015,-58.0726,-84.885,57.1844,-301.608,-109.483,-84.9154,58.072,-799.344,-699.792,28280,-151480,700
-86.8958,-82.5529,-46.7464,-176.386,-165.5,-40.5931,-83.7616,-17.9869,-82.2717,-40.2812,-11.5384,-54.3152,-38.4224,-225.246,-88.1548,-74.0484,79.056,-799.344,-661.24,28560,-114380,-2940
-65.4699,-65.7935,-52.8894,-140.253,-119.28,-42.6813,-61.7558,-28.924,-68.2508,-7.12369,1.02597,-28.5057,-141.602,-143.519,-71.1314,-62.9028,100.528,-787.632,-625.128,26320,-87640,-5180
-37.4404,-39.8724,-52.8924,-85.5515,-68.9847,-37.142,-36.9113,-24.6321,-48.3347,14.9144,-6.09627,-5.13892,-199.423,-62.9071,-45.5346,-43.1636,101.992,-791.536,-610,19740,-75460,-5180
1.56549,-2.9212,-41.3237,-23.2313,-11.8994,-22.1582,-6.87939,-8.46217,-14.7854,24.9006,4.10765,16.9879,-204.758,10.4358,-12.3575,-17.0336,94.184,-795.44,-607.072,16100,-70700,-4480
24.8841,17.8358,-27.4805,14.4991,31.3905,-6.62023,10.1294,-0.334514,7.04563,19.1521,27.9692,28.4537,-174.679,54.412,4.72658,-3.08525,81.984,-797.88,-605.608,12320,-64680,-4060
45.35,37.0941,-13.6634,56.2862,82.747,11.5589,32.9964,1.50291,26.9856,14.3846,54.7356,31.443,-135.062,107.196,26.5943,15.2013,68.32,-801.784,-601.216,10220,-59920,-4200
62.5962,54.0118,2.6358,83.0941,109.253,25.9585,47.9489,3.15986,50.9365,16.2447,66.3002,27.9542,-84.9559,129.055,34.993,29.4944,63.928,-801.296,-595.848,9380,-55160,-4620
65.087,60.1274,18.674,92.8681,115.799,32.2565,58.2696,10.7786,61.2119,18.8025,49.1688,17.5605,-44.4708,130.228,44.2932,41.3804,57.096,-796.904,-586.576,10080,-52360,-5180
72.1426,67.9625,35.4796,103.685,122.452,38.804,68.3034,19.5499,74.3122,32.8921,31.1026,15.1702,-20.7258,125.361,62.0715,56.0415,53.192,-792.512,-584.136,11480,-50680,-5460
74.0523,72.8104,46.8553,109.826,121.205,40.5353,71.2357,24.0646,78.1462,39.0075,16.5009,24.5851,-4.73128,121.216,70.2759,61.898,52.216,-793.488,-585.6,13160,-49700,-5880
62.5417,64.2804,47.0815,97.534,103.771,35.343,67.0083,24.6032,66.8199,29.0408,13.0105,29.8528,4.03908,103.895,67.6608,59.6964,50.264,-793.976,-589.504,13720,-49000,-6160
50.2597,53.484,41.9198,79.2492,79.1139,30.8495,55.1497,19.3228,57.7953,19.0281,25.4462,31.7026,14.2957,85.4244,58.9271,48.2519,54.168,-795.44,-599.264,14140,-47460,-6300
33.4112,38.88,31.0942,55.0529,47.1522,20.5798,36.2585,12.8811,42.0305,3.89024,23.6285,31.0939,22.5226,61.216,43.1986,31.1755,52.704,-794.952,-600.24,13860,-45500,-6580
20.6053,27.0095,20.2089,41.8276,31.336,11.6362,26.7007,9.28801,25.9112,-4.96868,19.3274,30.6416,21.0009,58.4819,35.1868,22.4387,57.096,-795.928,-608.536,13160,-43400,-6720
8.24997,13.6295,11.9716,30.3828,17.3722,5.54911,17.7937,8.37907,9.07803,-10.7994,11.8386,27.4497,28.5942,47.2178,23.4165,16.0267,57.584,-797.392,-607.56,11900,-40880,-7000
-2.15159,-0.019357,4.46518,15.3121,-2.72333,-5.69735,6.21625,-3.02464,-1.82231,-13.3124,1.47526,16.3471,26.1301,23.1029,12.184,5.64209,57.096,-798.368,-600.24,11480,-39060,-7000
-20.4241,-19.7812,-4.92323,-8.7817,-26.2634,-19.5733,-13.5741,-19.9664,-20.9558,-19.4899,-12.2456,-3.16513,20.8765,-3.60563,-9.48461,-13.5649,52.216,-794.952,-593.408,11900,-37660,-7000
-35.4794,-33.5794,-11.7687,-28.8816,-37.7797,-24.7579,-27.4896,-24.3972,-34.9549,-25.6145,-23.8086,-22.7458,23.7548,-23.3163,-27.6057,-22.8269,51.24,-793.488,-594.384,12320,-37380,-7140
-31.9556,-27.7169,-9.93627,-31.0745,-33.8139,-23.6374,-25.7252,-18.7115,-24.7181,-19.6909,-23.2481,-27.558,33.2224,-34.2908,-24.7111,-17.6648,53.192,-798.856,-591.944,12740,-37240,-7140
-35.2738,-26.2948,-11.0953,-34.4856,-31.6608,-20.5287,-29.5308,-14.5474,-22.245,-24.2223,-27.7575,-27.8045,36.3637,-42.837,-29.3725,-18.5341,51.728,-797.392,-590.48,12740,-36540,-7280
-41.2148,-29.9042,-13.9254,-40.3011,-33.4484,-16.6007,-29.6362,-11.3728,-27.1369,-29.9382,-31.9027,-26.494,32.9134,-49.2134,-30.5251,-20.0325,53.68,-797.392,-590.48,12600,-35700,-7560
-39.7037,-33.7604,-13.5482,-43.5293,-30.0048,-9.73324,-28.2975,-10.7643,-34.7787,-23.199,-26.1762,-24.2588,22.8461,-42.6592,-31.018,-18.3579,58.072,-796.904,-588.528,12180,-34160,-7840
-27.3335,-29.4593,-13.2682,-35.8265,-24.0103,-5.72381,-24.2007,-9.24052,-30.4502,-13.4694,-16.3072,-17.227,14.819,-31.751,-25.833,-15.0805,60.512,-799.832,-592.92,11900,-33040,-7980
-9.05923,-15.5504,-6.88537,-21.6711,-21.2423,-4.5086,-18.3563,-7.61353,-15.5824,-3.75596,-2.89239,-3.03575,18.3116,-27.8516,-16.7896,-11.3741,59.536,-800.808,-586.576,12180,-32480,-7980
-6.18761,-13.2181,-4.56318,-18.4488,-23.5906,-0.138168,-14.7393,1.05015,-17.6099,-7.52282,5.24928,2.9875,25.4563,-27.2355,-14.0154,-8.44838,58.56,-798.856,-587.552,12040,-31360,-7980
-3.19219,-11.0819,-4.73518,-18.7964,-21.23,5.36768,-10.5908,11.7303,-13.0815,-12.4039,11.647,5.40737,28.6879,-22.0549,-12.161,-2.07591,59.536,-803.248,-587.552,12180,-30660,-7700
4.00544,-3.9751,0.297714,-16.2437,-17.5642,8.61225,-8.50151,16.7709,-3.44243,-5.1467,20.1277,10.2054,32.1676,-15.9575,-12.2404,-0.177619,62.464,-802.272,-592.432,12180,-29680,-7840
7.05397,-1.34581,2.07776,-15.403,-19.3241,5.551,-9.3417,10.5438,2.04087,16.1123,21.4711,9.44952,24.7708,-18.4451,-11,-6.42539,62.952,-804.712,-583.648,11340,-28280,-7700
3.814,-2.0638,1.79335,-10.7946,-15.4548,5.42607,-2.33481,8.61948,2.32435,30.2711,12.2657,0.600945,7.87613,-20.9341,3.12719,-4.95158,59.048,-807.64,-584.136,12740,-27300,-7560
12.3284,12.2029,8.14109,7.34799,4.95724,14.0003,15.5291,18.697,13.5065,41.8029,9.81991,5.90412,2.66922,-7.97125,19.8696,7.33627,61.488,-807.64,-581.208,11900,-26460,-7280
23.3133,25.5625,12.9904,24.1802,24.9107,18.4109,25.6223,18.0414,25.1563,47.8013,11.0777,11.888,-9.50723,9.07193,26.6818,15.4898,59.536,-808.616,-585.6,12460,-25340,-7140
22.0381,22.1687,10.3709,21.4665,23.3555,10.7156,16.0574,8.53558,23.2513,41.1313,4.26664,7.82249,-19.1895,7.55915,15.606,6.82107,58.072,-806.664,-590.48,12180,-23940,-7000
8.54864,7.45797,-0.345479,8.48294,9.95949,0.194538,3.77369,-0.180949,9.02133,22.8179,-12.4,-3.85738,-22.2682,-2.59645,2.09189,-2.43278,59.536,-809.104,-591.456,11340,-21980,-7000
3.07687,1.09411,-8.50856,5.06688,4.1721,-6.10997,-0.765183,-7.2498,3.24415,9.21281,-24.1227,-9.43518,-23.7508,-4.81379,-2.00349,-6.46075,55.144,-804.224,-583.648,10360,-20440,-7000
3.07699,0.89327,-10.2252,4.9734,3.3923,-9.24957,-3.50239,-11.345,3.26052,0.907243,-24.0845,-10.6815,-18.8732,-5.04045,-6.43282,-9.82071,58.072,-807.152,-582.672,10220,-19600,-6720
2.18419,1.159,-8.65525,1.28074,2.37973,-8.78579,-2.36589,-8.7613,4.99488,-6.4653,-16.7098,-12.1986,-13.9066,-3.60808,-6.50865,-5.9099,59.048,-805.688,-587.064,10360,-19040,-6440
-0.494697,-1.22155,-7.18538,-4.75434,-0.235174,-6.31784,-4.42366,-7.46368,3.68285,-7.77624,-5.6919,-12.2719,-11.8723,-0.227269,-10.7424,-3.99892,58.072,-809.104,-585.112,10360,-18620,-6160
-6.92571,-6.59534,-9.7911,-9.74836,-6.02548,-8.23156,-7.55711,-9.45583,-3.46968,-10.4879,-2.41962,-13.7794,-16.0005,-3.00564,-9.37259,-5.11022,58.072,-806.664,-585.112,10640,-17920,-6020
-4.13759,-1.21697,-5.47238,-1.44232,0.987016,-7.92975,-5.12455,-10.4277,0.467835,-8.33356,0.573756,-4.78954,-19.6383,7.50905,-1.04481,-2.46465,57.584,-806.664,-589.016,10640,-17780,-5880
-11.4545,-7.64797,-4.38128,-2.85613,3.32978,-4.38585,-2.71474,-6.3489,-9.01709,-12.5146,0.858273,-3.40915,-22.3467,13.307,0.240359,1.54694,57.584,-807.64,-586.576,10220,-16800,-5600
-15.3963,-9.16018,-5.58504,-0.628651,3.18969,-1.00802,5.49332,-1.65988,-15.7637,-14.1107,3.31389,-1.59949,-25.0215,13.1898,10.3035,7.85656,59.536,-806.176,-589.992,10360,-16380,-5320
-13.0855,-3.94511,-1.73545,2.16403,0.832136,-2.75833,2.41288,-4.18446,-15.5327,-15.5665,1.91732,3.99818,-18.5098,9.38923,5.76538,3.09764,61.488,-809.104,-584.136,10080,-15820,-5320
-5.54192,1.33867,3.12536,2.99133,-0.858229,-5.40281,-3.22685,-7.4183,-7.76761,-12.8119,2.98274,6.73259,-9.46937,6.14091,-2.15657,-3.68799,59.536,-809.104,-585.6,9940,-16100,-5040
-3.45677,-2.21888,1.97131,1.84635,-1.68461,-2.90784,-1.31462,-3.90301,-6.96932,-11.5385,3.68575,4.07701,-4.7246,2.96036,-2.04779,-2.65771,65.88,-808.616,-585.6,10220,-16520,-4900
1.31572,0.238386,1.89739,6.69982,1.08293,0.834202,4.89955,3.77199,-0.946246,-8.34872,5.22335,6.77672,4.3439,5.82487,4.70958,3.52686,65.392,-810.08,-586.576,9800,-16800,-4480
3.13262,3.07395,4.35765,8.61115,0.590182,1.21295,4.885,1.64636,-0.760017,-6.30717,6.73969,7.38097,10.8408,7.25199,6.75201,4.57135,65.88,-809.592,-586.576,9940,-16940,-4340
6.20892,3.21804,9.40461,1.86744,-2.17392,2.27483,-1.27415,-3.37034,1.04648,-2.64479,7.41352,5.65141,11.7018,8.57448,-3.62287,0.738856,71.248,-811.056,-584.624,10080,-17080,-4060
9.82449,4.65985,13.3733,1.43014,1.23941,6.28188,4.00687,-0.610127,6.32874,0.462234,6.02817,5.56031,12.5568,14.4683,-1.12272,4.02986,69.296,-812.032,-582.672,10080,-16660,-3780
3.85937,1.28819,11.6616,1.45824,0.251622,6.59438,6.50737,-0.400682,3.05854,-1.71295,0.902817,3.20091,10.4398,11.3151,4.41568,4.77091,68.808,-811.544,-582.672,10360,-16380,-3640
5.71886,6.85196,11.3017,7.1806,3.38584,8.20198,10.7061,6.46367,8.17543,-0.173329,-0.221941,5.15178,12.5957,9.58022,10.5435,9.96887,70.76,-808.616,-584.136,10360,-15960,-3500
4.36424,4.0362,9.11767,5.97096,3.31453,5.6887,8.56174,10.7632,5.10493,-2.28435,-2.73292,2.83905,9.91327,3.8746,5.61504,10.1768,68.808,-807.152,-586.088,10360,-15680,-3220
5.89998,1.15653,7.79396,2.92373,0.631268,3.03082,3.18389,9.91249,6.00958,-1.6765,1.27476,2.33752,10.6497,-1.50233,0.861641,5.68117,69.784,-806.176,-582.672,10220,-15260,-2940
3.84725,-1.0145,3.97192,0.122267,-3.08319,0.883511,0.138415,6.84083,5.28718,-2.7198,2.33559,-0.0810702,9.87068,-7.92325,2.41755,0.226645,67.344,-805.688,-581.208,9940,-14560,-2520
2.86815,1.07369,2.39995,-0.325149,-3.22954,2.10532,1.96468,6.2255,6.75582,-1.99902,1.17727,0.583832,3.86848,-8.76262,5.83175,2.48665,68.808,-804.224,-581.208,9800,-14280,-2100
1.9535,3.64425,-2.10416,-0.571494,0.0531755,2.32144,3.43684,8.16274,6.0749,-0.206644,-4.44415,0.425782,-2.64986,-6.01827,6.56383,4.56121,68.32,-805.688,-581.208,9660,-13300,-1820
7.79677,10.2299,-4.40733,3.4941,8.40697,1.05972,1.81314,4.21991,11.2838,8.93255,-2.11304,2.74479,-7.85448,-2.73045,7.69064,1.91582,63.928,-804.224,-580.232,9380,-13020,-1540
11.0163,11.4701,-5.78581,-1.30037,9.54388,-0.297321,-7.49566,-3.20816,11.6684,14.6392,2.02708,5.52044,-4.55496,-4.09908,-3.67336,-4.77991,62.464,-802.76,-580.72,9380,-12460,-980
6.70792,8.17773,-6.81343,-0.934297,9.52348,-0.853725,-6.89397,-2.94464,6.86792,12.2862,-1.13992,4.17613,-3.12662,-6.09598,-7.48028,-4.92401,66.368,-802.76,-580.232,9100,-12040,-700
0.218957,0.867692,-5.0576,-1.02434,11.3397,1.67986,-1.57952,3.9594,-3.7713,6.99901,-5.42376,1.71648,-5.27405,-2.7389,-6.98915,0.373517,61.976,-799.832,-578.768,9100,-11340,-280
-10.9962,-10.4723,-11.7897,-7.38233,-0.698866,-2.74515,-5.32696,-0.191335,-14.4442,-1.35822,-7.67701,-5.53014,-6.70943,-8.77586,-8.8,-5.4866,60.024,-799.344,-578.28,8960,-10920,140
-15.0453,-14.9548,-16.5613,-10.9527,-11.0182,-5.17548,-7.14476,-3.22529,-14.0786,-5.00096,-4.06274,-10.1279,-1.94664,-11.1317,-8.01525,-7.80359,61,-804.224,-582.184,8960,-10780,560
-13.7261,-11.5566,-13.7809,-7.43278,-8.75577,-4.22262,-4.54151,-1.85495,-11.4632,-4.65482,-2.32476,-6.76657,1.26049,-5.70351,-4.0373,-5.59203,61,-804.224,-580.232,9240,-10640,980
-10.3236,-3.85107,-6.71306,-0.575533,-1.35522,-0.701333,0.60107,3.66813,-7.66292,-1.92961,0.62905,1.4563,4.428,0.712206,-0.0842796,-1.12949,57.096,-805.2,-580.232,9520,-10640,1260
-10.8579,-6.38718,-5.85555,-6.65816,-3.05219,-1.37112,-4.38193,0.492347,-8.78967,-0.289329,2.97223,-1.49072,3.54028,1.57022,-9.63662,-3.76865,57.096,-806.176,-582.184,9800,-10360,1680
-4.69666,-3.21459,-3.37009,-2.67435,-0.584162,-0.0480672,-0.647717,-2.80602,-4.58744,6.92987,11.258,-2.38875,4.54956,5.03232,-2.01627,-2.56318,56.12,-806.176,-584.136,10220,-10080,2240
4.48359,4.267,5.41004,8.07831,6.39613,6.92364,8.99438,3.00208,5.40667,11.7358,19.0671,5.38805,9.23501,11.9119,12.62,3.46915,56.608,-805.688,-577.304,10500,-9800,2520
9.02591,7.24,7.43267,10.7011,3.22237,6.34128,8.52481,0.149563,13.7925,9.91441,17.0511,6.07424,10.0391,8.21377,15.0102,0.705618,58.56,-807.64,-575.352,10500,-9660,2800
8.82451,8.07041,8.15108,11.1497,1.71057,4.02693,4.80508,-2.21688,14.0342,7.55964,10.3258,4.44517,11.5149,6.41288,9.2779,-0.688742,55.632,-805.2,-580.72,11060,-9380,2940
9.76438,8.24535,12.3542,8.7431,3.2544,3.84169,0.672185,-3.64047,11.9052,5.70835,5.99499,4.89113,10.7939,6.01836,-0.80743,-0.90528,58.56,-806.176,-580.72,11060,-8820,3360
3.63075,-3.31333,6.29103,-10.2014,-9.69333,-4.61467,-12.6907,-9.0737,3.40975,-1.49197,-0.601341,-5.29196,5.43861,-6.72985,-18.9296,-11.6261,60.024,-806.664,-580.232,11200,-8260,3360
0.749548,-4.96318,1.34458,-9.28833,-10.6367,-8.46082,-7.50877,-8.22649,1.95147,-5.79258,-5.05683,-11.4793,1.43247,-9.65778,-11.403,-8.8764,60.024,-810.08,-582.672,11200,-7840,3220
-2.0899,-5.71395,4.53459,-3.24994,-0.298719,-3.92646,3.06871,-2.30703,-5.79874,-8.19136,-7.97621,-10.1258,-3.68447,-0.414686,-1.73265,3.07707,59.536,-808.616,-583.16,11340,-7700,3360
-7.63694,-10.8602,4.65643,-5.89599,0.0172163,-2.01544,2.31182,-0.226773,-12.5686,-11.5251,-12.1856,-10.8992,-8.25974,2.08964,-1.27742,5.77613,59.048,-811.544,-585.112,11760,-7420,3500
-1.2636,-3.27222,5.42845,0.184476,1.6093,-0.849221,2.42002,0.839022,-7.32624,-6.5186,-11.8484,-4.65015,-8.2983,0.835262,2.85583,7.07934,55.632,-812.52,-584.136,12180,-7140,3500
0.583053,0.344621,7.28574,2.93265,-1.62086,-1.86817,0.445149,1.66908,-5.86413,-3.92723,-11.1893,-0.745497,-7.30407,-2.87611,4.21094,7.48391,57.584,-811.544,-583.16,12180,-7140,3500
-2.97488,-0.905909,4.68186,0.473599,-5.17222,-2.79826,-0.999592,1.0803,-8.44308,-4.82921,-8.73163,-2.53643,-7.95878,-4.30865,5.5963,5.84318,56.608,-810.568,-579.256,12320,-7000,3500
-5.23519,-4.71016,-1.04284,-5.45752,-9.48929,-4.73877,-4.88605,-1.55446,-10.4719,-5.95096,-5.13855,-5.23925,-9.08777,-7.3392,0.990729,1.34669,57.584,-810.568,-581.208,12180,-7000,3500
-4.01713,-2.32862,-3.98122,-4.6754,-8.83176,-6.48282,-6.86747,-5.15742,-5.84814,-6.70684,-5.15592,-3.06606,-7.77515,-11.0018,-1.28117,-2.08304,56.12,-808.616,-581.696,11620,-6860,3500
-4.36986,-0.906187,-8.40229,-3.21484,-7.16365,-6.61824,-4.78546,-6.90842,-3.80503,-6.01116,-5.47476,-1.63266,-9.96547,-8.98286,-0.407189,-2.48292,56.12,-807.152,-578.768,11200,-6720,3640
-5.0789,-2.52302,-10.0432,-3.85309,-7.33389,-3.74321,-3.80923,-6.10006,-5.65994,-4.52238,-5.15824,-0.585388,-7.6757,-3.86886,-3.58498,-2.60041,52.704,-807.152,-582.672,10920,-6440,3640
3.58237,5.66261,-6.50164,6.63361,1.20583,1.10273,3.98121,-4.19733,2.17023,2.48219,0.0224718,9.25478,-4.84904,8.80894,1.94829,1.4235,53.68,-803.736,-579.744,10360,-6440,3640
6.7597,7.46157,-5.38586,7.18086,0.71961,-1.40671,3.51738,-6.05697,6.75018,5.4989,3.10542,14.4053,-0.916991,13.9549,-0.595375,1.40534,51.24,-806.176,-580.232,9940,-5880,3640
1.31053,0.87525,-9.348,-4.71879,-9.33093,-6.87975,-4.7559,-6.52794,2.64247,1.93125,-2.28542,8.85803,1.08997,8.40674,-9.84902,-3.52304,46.848,-805.688,-582.672,9660,-5880,3920
-1.26274,-0.822809,-9.05652,-3.27065,-7.77814,-3.05847,-3.50305,-4.56934,-1.36396,2.81762,-1.59009,3.71665,3.16729,2.36137,-2.47185,-4.39834,42.944,-807.152,-581.696,9240,-5180,3780
-0.459506,2.90313,-6.35101,5.09414,6.34781,5.72417,1.63901,-1.49161,0.789116,4.64559,-0.748224,4.47298,5.81472,-2.19607,4.45475,-3.72326,44.896,-808.616,-585.112,9100,-4900,3920
2.88812,6.4851,-3.4602,6.98107,16.4968,9.56671,4.44268,4.37087,4.83284,6.23938,1.15843,5.7616,8.38936,-2.67904,2.39794,-3.44266,42.944,-804.712,-583.648,8820,-4620,3920
5.6916,7.03618,2.71969,6.79285,26.4486,11.3698,5.90141,14.0842,6.09839,5.69852,3.42074,6.53749,10.4407,-5.27588,0.679361,3.10952,44.896,-805.2,-583.648,8540,-4060,3780
9.15466,4.68297,4.63908,0.77822,25.1874,11.7865,0.680541,18.1116,14.0255,4.58916,4.90275,0.666617,8.07556,-8.05579,-4.77708,2.2963,42.944,-806.664,-586.088,8120,-3780,3920
9.7929,3.78723,8.35919,3.37983,20.2834,13.5821,4.14727,21.8863,15.2077,6.12218,9.45649,-1.6846,5.76338,0.784297,0.322716,4.28031,43.92,-804.712,-586.088,8260,-3360,4060
11.3287,7.95529,12.0207,12.8391,15.0754,11.9629,13.7925,19.5226,15.038,7.67484,13.7131,2.15826,-3.1913,13.4326,12.786,9.90843,39.528,-806.176,-584.136,8540,-2800,4200
5.3597,4.77283,12.0655,8.61276,5.81551,6.43102,9.73768,9.78465,7.65841,2.17014,10.183,1.03092,-8.0467,13.3206,8.55267,4.13239,35.624,-806.664,-584.136,8540,-2380,4340
3.14232,3.57948,10.9401,3.41248,-0.107947,2.02538,8.10271,5.16279,6.98123,0.0500994,7.59699,1.22209,-7.31885,10.159,8.10702,-0.288079,36.6,-807.152,-585.6,8680,-1820,4060
-7.50452,-7.92399,5.00651,-10.1433,-11.6203,-5.02208,-1.57196,0.0775711,-3.32385,-7.11916,0.0438461,-7.47283,-6.55263,1.68895,-2.05196,-5.9458,35.136,-807.64,-585.6,8680,-1260,4060
-18.9675,-19.5337,-0.166594,-18.2413,-17.1455,-6.92999,-5.88165,-2.00769,-18.9071,-13.9718,-7.32757,-13.7894,-7.03323,-4.59895,-2.80582,-2.79126,35.624,-806.664,-585.112,9100,-700,4060
-14.0205,-11.6862,0.589658,-11.834,-14.5926,-6.33593,-3.46557,-6.6531,-11.8756,-8.30241,-0.428148,-7.20583,-1.34742,-5.89535,3.67705,-2.66997,34.16,-807.64,-592.432,9240,0,3780
-1.62364,2.72955,5.21042,0.364588,-6.1306,-2.67391,0.79632,-9.94909,3.28334,2.36459,9.48445,4.51318,4.06335,-4.28894,7.09125,0.343147,37.088,-809.592,-589.016,9520,140,3640
-2.28084,1.44337,-0.873752,-1.64395,-5.58365,-2.23924,-3.59784,-12.5718,1.70588,0.941321,5.51562,3.72758,0.39731,-4.63224,0.834903,-1.42391,35.136,-808.128,-586.088,9380,420,3360
-5.33047,4.16274,-3.74002,3.82903,1.32243,2.08655,0.364852,-4.45121,0.766676,-4.46793,-5.50294,3.27673,1.35283,1.74063,0.691117,4.97738,38.064,-806.176,-585.112,9800,560,3220
3.48454,8.45288,2.09473,7.6756,4.21356,4.26595,4.1516,-0.784303,4.2166,5.70693,-3.0929,5.89846,4.70389,8.32699,0.401773,8.75101,38.064,-808.616,-585.112,9800,0,2940
2.88919,0.543226,-1.38688,-0.310824,-5.02511,-2.59503,-2.46495,-4.49958,-5.60247,7.54875,-0.884083,0.982013,6.40776,2.76009,-5.28355,0.985314,40.016,-809.592,-586.088,9520,-420,2800
8.12266,4.42336,-2.51376,3.64683,-7.59849,-4.91766,-3.08585,-5.24937,-2.21038,6.51384,0.868823,2.62323,8.75511,-0.585226,-2.59221,-0.711594,41.968,-806.176,-585.6,9380,-980,2520
4.06638,2.90811,-5.77518,-0.339601,-10.327,-7.97235,-10.6223,-9.70966,-3.23863,1.10501,-1.47024,-2.85476,8.78893,-5.17675,-12.4345,-5.8419,42.456,-808.616,-584.624,9520,-1400,2240
-2.11916,-3.45194,-8.81584,-2.35191,-8.20183,-8.65777,-8.85855,-8.24262,-10.4405,-3.88533,-3.96817,-9.54738,8.93656,-6.53045,-9.56264,-3.95447,45.872,-808.616,-585.112,9940,-1820,2240
-5.84083,-13.7255,-10.557,-4.31827,-5.92117,-7.02564,-4.30922,-3.09616,-17.2738,-6.34377,-8.03493,-13.8954,4.02812,-6.92856,-5.00155,-0.726711,45.872,-807.64,-583.16,10080,-1960,1960
-3.7916,-11.7647,-9.46887,-3.10587,-2.67507,-4.30903,-1.78836,1.99906,-11.0686,-3.5991,-5.31039,-9.92349,4.01467,-3.63933,-3.73115,3.11092,45.872,-807.152,-587.552,10220,-2240,1820
0.49015,-1.89567,-4.52767,2.3117,1.98269,-3.65593,0.331015,1.34749,-1.68113,0.645307,-2.06267,-0.752942,3.59144,0.78229,0.0246681,1.05523,46.848,-806.664,-586.088,10500,-2100,1820
1.41237,2.48801,-1.40385,3.64929,2.40813,-1.72829,2.61134,3.76635,0.523198,0.836752,-2.58162,3.32938,-1.91289,2.05698,3.38973,-2.17823,48.312,-807.152,-586.088,10360,-1960,1820
4.14668,4.34447,3.17567,5.48441,3.45661,3.29994,5.24427,8.17403,6.76285,3.2895,0.655174,5.63553,-0.939975,1.8053,7.34001,-1.40977,48.312,-805.2,-583.16,10220,-1960,1820
5.74467,4.75011,4.26191,3.68054,3.69805,7.1909,5.14684,10.2486,10.1646,3.32229,0.446095,7.57442,-1.70042,4.03448,5.13398,4.51025,49.288,-808.128,-583.16,10500,-2100,2100
1.07396,1.32499,2.34064,0.156919,-0.391665,1.96094,2.2097,7.69088,3.6187,-0.50489,-2.01518,6.71364,-2.73968,-0.0908627,2.47083,2.89854,48.312,-805.688,-583.648,10360,-2380,2100
-0.106174,2.42368,5.17189,2.30752,0.787896,-0.383757,2.22525,2.62858,-0.783529,-0.441691,-0.706747,6.98339,-5.77024,-0.655561,2.85487,0.940108,50.752,-805.2,-581.696,9940,-2240,2240
-0.745986,2.2125,7.26486,-0.552199,0.868136,2.16347,-4.69746,-5.34787,-4.3914,-1.1074,-0.952679,4.35048,-7.59652,0.617923,-6.98711,-3.51001,48.8,-804.712,-582.184,9940,-2240,2240
-4.22742,-3.41956,2.0582,-8.99105,-2.78374,-3.09394,-11.1032,-13.3333,-2.18264,-6.27605,-6.54921,-3.10923,-10.4855,-5.50019,-13.424,-11.5038,47.336,-804.224,-580.72,9800,-2520,2380
0.639685,-0.214011,-0.46435,-5.9867,2.62449,-3.5458,-3.60246,-11.4162,7.17992,-1.82573,-3.9593,-4.15653,-14.5555,-4.54269,-2.84995,-6.82896,47.336,-807.64,-581.696,10080,-2660,2520
-0.930016,-3.7638,-2.58759,-5.9733,6.7702,-0.570786,-2.61648,-7.13469,3.87496,-0.405016,-3.35491,-6.78233,-14.3797,-3.14978,-1.8293,-5.53379,49.776,-809.104,-584.136,10080,-2800,2660
1.746,-4.023,-2.41553,-7.90652,9.03165,3.10712,-1.86273,-1.78023,6.3019,-0.00655487,0.121881,-4.14641,-10.2874,-1.24323,-3.17705,-3.67133,49.776,-808.128,-583.16,10500,-2800,2800
0.524426,-2.3441,-4.02468,-4.40534,9.2347,3.78729,1.00932,1.57785,6.09528,-0.306186,2.55819,-3.67117,-5.52815,-1.47355,2.09501,-0.893554,47.824,-810.08,-583.16,10500,-2940,3080
-0.497852,0.183298,-3.16084,0.653007,5.64887,2.92243,3.55089,3.8501,4.39351,-0.0161455,4.96777,-1.11583,1.54152,0.482325,6.70418,0.778389,47.824,-808.616,-585.112,10780,-3220,3080
-1.86859,-0.816215,-1.44503,0.25657,1.36434,5.79069,5.44891,6.32268,2.06618,-2.64916,5.50984,0.725804,2.31039,2.32257,8.53643,4.33334,48.8,-812.52,-581.208,10500,-3080,3500
-10.5939,-10.6516,-4.67196,-9.99233,-7.39665,5.28019,1.64497,8.55014,-8.51612,-9.19125,2.50421,-5.93855,0.929611,-1.08222,0.544105,4.56509,46.848,-814.96,-577.304,10500,-3220,3360
-5.21133,-3.79204,0.0461452,-3.1983,-3.8949,3.386,4.9812,6.72945,-3.10472,-3.24669,6.66411,-2.34815,4.57558,1.30692,5.26567,4.27093,49.288,-812.032,-579.256,10500,-2940,3500
0.889471,3.9294,3.2194,4.29143,-1.41135,-1.42627,2.16867,-1.48117,1.73831,1.28997,5.39433,0.959724,3.39254,1.80678,6.0961,-0.27958,46.36,-812.52,-579.744,10360,-3220,3500
5.73089,9.5764,6.75253,7.87199,0.196301,-1.11189,-1.47236,-0.973868,5.80956,5.33327,6.81885,5.61043,8.20803,4.57619,1.13072,0.362621,45.872,-812.032,-583.16,10640,-2940,3640
8.84839,15.8427,10.2887,14.0935,5.6341,4.69988,4.12547,5.62937,8.22478,9.94574,9.77396,10.206,13.4249,12.693,3.54961,9.00956,47.824,-812.032,-581.696,10360,-2660,3500
1.11401,7.91207,6.86929,7.47829,0.93208,2.98454,2.47802,3.9857,-1.43225,7.07052,5.47949,6.29956,14.5634,8.65328,-0.978697,7.13951,48.8,-813.008,-583.648,10360,-2520,3500
-1.80143,3.83032,4.00376,3.53755,-3.69455,-0.261301,1.74244,0.191878,-1.70875,5.26414,-0.182047,2.86762,10.9176,2.50475,1.02448,2.54539,46.36,-811.544,-582.672,10220,-1960,3500
2.6575,8.77353,5.61263,9.56171,-1.08019,0.436986,6.32806,1.55323,3.25583,4.69656,-4.78382,6.34162,9.98554,3.76479,6.01083,5.03731,46.36,-811.544,-584.624,10360,-1960,3360
9.59981,14.5463,6.75291,14.288,3.9596,-0.494808,6.4789,-0.559758,11.1612,4.58173,-4.81463,10.5876,10.7063,4.0174,4.27435,4.11294,46.36,-815.448,-581.208,10220,-1820,3220
5.83354,7.20788,-0.785687,6.27058,1.62611,-4.70239,0.991314,-5.29199,4.24613,0.159049,-6.39112,8.97336,1.50025,0.278546,-3.23577,-0.707863,44.408,-813.008,-581.208,10220,-1260,2940
-4.74874,-7.0521,-8.15141,-0.765548,-2.14623,-6.77992,-0.826233,-5.13678,-13.1026,-4.17465,-7.4683,1.57848,-3.22016,-3.93155,-2.18181,-2.75245,45.872,-813.008,-582.184,10220,-980,3080
-9.17164,-14.3877,-12.4621,-5.50991,-6.30725,-7.16631,-1.7486,-2.56719,-14.3026,-6.03336,-8.14578,-7.0962,-7.02546,-5.1967,-2.46739,-3.78498,44.408,-813.984,-582.672,10220,-700,2800
-5.41503,-13.2803,-13.4549,-9.93397,-8.7778,-8.77101,-5.63858,-3.94856,-4.62055,-2.84205,-4.25911,-11.2255,-11.0174,-9.16665,-6.73533,-6.80824,43.92,-817.888,-578.768,10080,-280,2800
-8.29842,-14.7942,-12.4604,-8.30713,-7.74347,-10.4037,-7.09253,-7.2531,-9.06982,-5.67755,-5.37627,-14.6724,-12.6859,-14.5953,-2.82216,-9.82708,43.432,-815.448,-580.72,10220,-280,2800
-5.86057,-11.1912,-4.38088,-5.74413,-1.77847,-3.77653,-6.31734,-5.42125,-8.56791,-4.9982,-5.01546,-9.70808,-10.2484,-9.64496,-3.07964,-6.86556,44.896,-816.424,-583.16,10500,140,2660
-2.92105,-8.43867,2.01978,-6.69576,-2.46102,-1.38188,-9.87868,-5.41901,-4.13527,-2.23941,-3.33382,-5.69428,-4.46927,-10.1139,-10.6465,-9.02234,41.968,-815.448,-580.72,10500,140,2660
-0.650337,-6.58089,2.759,-11.8192,-5.3159,0.383819,-12.869,-4.24093,-2.80542,-1.19728,-3.52161,-6.77628,-5.20258,-10.0154,-18.4052,-9.94624,40.504,-813.008,-579.256,10500,560,2660
1.11018,0.154289,6.37994,-3.21431,2.97004,7.52378,-0.323431,7.24906,-3.0742,1.76966,-1.76801,-4.08172,0.358545,-1.34298,-4.73971,1.69847,42.944,-814.472,-580.72,10640,560,2520
-1.18637,1.06331,8.51478,-0.568348,5.42541,9.43577,5.02663,13.4038,-5.63426,-0.16943,-3.44417,-1.65454,4.54481,3.56099,2.1358,7.73181,43.432,-814.472,-581.208,10640,700,2660
10.9265,9.67483,10.5476,5.41104,9.84681,9.624,9.62594,9.59613,7.50216,6.83198,7.7529,4.00372,-0.726243,9.87405,8.34544,11.6118,40.992,-815.448,-579.256,10640,420,2520
9.93227,8.08358,7.91167,9.96167,10.4628,8.29766,10.9556,6.58847,8.67959,6.27187,8.99161,7.11807,1.95078,10.491,13.3586,10.6372,45.872,-814.96,-580.232,10640,280,2520
8.05817,7.62395,6.0901,8.17856,9.11932,8.57551,7.09553,7.47555,9.72194,4.87991,5.16522,7.24519,1.92834,12.2054,7.46726,10.6947,43.92,-814.96,-577.792,11060,140,2520
5.06968,4.94319,-1.08385,3.3036,2.25917,2.7421,1.34731,4.77678,10.0075,0.763279,4.28531,3.23752,-2.80199,7.2611,0.725502,8.46989,44.408,-813.496,-576.328,11200,140,2520
4.26666,4.33593,-3.41352,-3.12358,-2.35087,2.03283,-4.26118,4.22725,11.0473,-0.399565,6.53267,3.00032,-0.847759,2.89833,-4.12352,2.7641,45.384,-812.032,-577.304,11480,0,2520
7.04823,11.847,0.390034,5.28762,2.56149,4.91148,1.09995,3.7583,11.8772,3.1048,11.7542,11.251,4.68987,5.09791,2.7523,1.43318,43.92,-813.008,-576.816,11620,0,2520
-6.19027,-2.82807,-6.62133,-5.57943,-9.82521,-2.18486,-7.48065,-5.87509,-6.16244,-5.16827,6.05788,2.41421,2.74712,-3.87082,-4.45316,-8.15233,44.408,-809.104,-576.816,11620,0,2520
-8.33021,-8.81947,-10.8348,-7.70041,-10.9738,-2.80148,-3.34039,-3.96952,-9.03896,-8.87578,2.00398,-5.54082,-0.252849,-3.03615,0.219139,-4.10966,46.36,-812.52,-575.352,12040,-280,2520
-2.28629,-1.83465,-9.72546,0.581041,-4.02711,-2.01685,1.63309,-1.96844,-0.277697,-5.66071,0.936524,-3.43415,0.259566,0.825422,5.97218,-1.42486,42.456,-810.568,-579.256,12040,-280,2660
-4.63094,-4.38571,-12.0229,-4.72223,-4.48824,-7.15074,-5.33029,-8.04217,-4.06994,-5.87397,-2.35483,-5.20805,-3.80913,-4.2176,-3.17714,-8.43592,46.848,-810.08,-575.84,12180,-420,2800
-5.4329,-5.14928,-8.21258,-7.04221,-1.71604,-7.06208,-5.81674,-8.32021,-9.29126,-4.43578,-2.33587,-3.38561,-2.29811,-2.93691,-3.94134,-7.9858,45.872,-810.568,-574.864,12180,-140,2800
-4.52471,-2.508,-0.349955,-2.05863,1.90052,-1.85085,-0.0683044,-1.57107,-7.8318,-0.957702,-1.46412,1.67809,2.69711,1.72607,2.97315,-2.87252,46.36,-804.712,-576.816,12180,-140,2800
0.316031,2.68942,5.21645,0.721797,3.5962,1.23937,5.73046,1.27851,0.218603,0.913357,-0.0986665,3.6397,3.25426,4.59211,4.43026,0.380972,44.896,-807.152,-572.424,12320,-140,2940
1.88903,4.42185,9.50764,3.86421,3.57417,0.992444,8.17433,-0.354444,2.89668,2.51384,2.11146,2.00218,3.0829,2.5474,8.66976,0.441098,46.36,-808.616,-575.352,12460,-140,2660
4.60335,7.26703,11.767,7.82961,6.21167,1.40758,10.2846,-0.771767,6.60197,5.98216,2.19484,7.4316,7.4799,2.02439,13.2266,2.13462,48.8,-806.664,-575.352,12320,-140,2800
5.02854,7.08569,10.8713,8.28303,6.0394,-1.05544,7.7682,-7.28966,4.24182,8.16948,-0.249819,8.73077,3.70276,2.72869,10.4193,-0.638193,47.336,-805.2,-575.352,12180,-280,2660
3.83469,2.53131,10.4025,2.94447,2.97836,-4.19605,0.363933,-9.05421,2.67913,7.33843,-3.27184,6.25364,0.409462,1.09137,-0.18891,-4.96892,45.872,-807.152,-576.328,12180,-280,2520
4.07864,1.40956,9.83337,2.2461,0.54299,-2.77165,-0.795166,-2.85413,4.89414,5.92179,-2.7769,2.55262,0.458038,1.72596,-1.33592,-0.943976,44.896,-808.128,-576.328,12320,-420,2240
-0.19821,-1.67557,6.68464,4.88112,-0.862278,-2.10128,2.40483,1.05696,1.62795,2.06053,-4.44953,-1.00196,-0.911048,0.628039,2.616,5.4362,46.848,-805.688,-581.208,12320,-700,2240
-0.116791,-1.52496,4.63781,2.74791,-0.310503,-2.53576,-0.676982,2.48246,2.64978,0.625112,-7.8029,-2.34581,0.0912299,0.499086,-5.06397,6.00996,44.408,-809.592,-578.768,12180,-700,2100
0.581906,-2.37931,2.05787,1.04214,-0.360294,-3.42781,-2.37634,2.36318,0.268002,1.74006,-4.97427,-4.8014,1.4547,0.520534,-10.105,4.15928,46.848,-807.64,-574.376,12320,-840,2100
-4.72396,-7.21708,-3.8965,-2.07149,-2.01757,-6.10037,-3.14656,1.63402,-8.38706,-3.6491,-6.77093,-10.8763,1.47528,-3.08251,-8.03519,-0.143314,45.872,-811.056,-579.256,12320,-1260,1820
-8.93696,-10.6411,-9.18106,-6.44568,-6.85126,-7.88191,-5.76471,0.545405,-11.3652,-8.39277,-11.3779,-14.9889,-3.72296,-7.49813,-7.43938,-2.76074,44.896,-810.08,-577.304,12320,-1260,1680
-7.9985,-9.43754,-11.5171,-11.9422,-12.3677,-7.69743,-12.6129,-1.75608,-4.92522,-9.36391,-9.63965,-13.8712,-3.85888,-13.4942,-12.5742,-8.50959,45.384,-811.544,-577.304,12320,-840,1680
-11.5602,-7.71986,-16.578,-10.5277,-10.9148,-2.52032,-11.9889,-0.503772,-7.51329,-12.6928,-9.01148,-12.1091,-6.96116,-14.5192,-8.97424,-5.35034,46.848,-810.568,-577.792,12600,-1120,1400
-3.14248,3.05812,-12.0565,-1.79627,-1.02634,3.70283,-4.72252,0.992015,-0.620662,-4.01969,-1.3423,-2.03261,-9.17962,-5.80918,-1.60503,2.01161,45.384,-813.984,-575.352,12600,-980,1400
7.61618,17.9113,-1.65717,9.49676,11.6091,9.16318,2.01177,6.46506,12.6998,5.08615,6.37604,9.59269,-1.34683,2.89308,3.38184,5.34467,44.896,-811.544,-575.84,12600,-1260,1400
6.71835,14.3065,-0.436981,6.69079,11.7711,11.2218,2.84363,7.07414,9.92307,3.34392,9.24127,10.0559,-0.723338,4.36604,-1.41806,4.6496,46.36,-813.496,-573.888,12600,-1260,1400
-3.691,-3.87593,-8.24398,-7.07811,0.187897,6.4451,-4.07077,1.20028,-5.18189,-4.83824,4.54013,-2.4202,-5.32472,-2.95847,-9.02972,-0.996214,44.896,-816.424,-577.792,12180,-1400,1260
-2.33722,-7.45293,-6.81537,-10.6188,-3.05308,6.34879,-4.97609,0.159583,-4.63691,-2.0943,3.44184,-3.2229,-1.38411,-5.2082,-10.9439,-0.115041,45.872,-818.376,-572.424,12180,-1400,1120
4.31489,-4.55064,-1.13458,-4.60086,0.510325,7.63549,4.40154,3.01644,1.606,4.98473,7.49329,2.59853,2.6975,-2.00752,-0.602653,4.37851,44.896,-819.84,-571.936,12180,-1680,980
-0.794026,-4.95354,1.2801,0.856504,2.50689,6.32505,9.93395,4.54012,-3.52814,2.92422,5.26777,4.1787,1.78502,0.605864,9.05195,5.7695,43.432,-823.256,-571.448,12180,-1820,1120
2.46575,-0.235437,6.08895,5.02546,3.73679,4.02283,9.45765,2.23998,-1.89206,6.92148,8.88596,8.70025,2.96206,4.24891,12.6775,1.93742,42.456,-823.256,-571.448,12320,-1680,1120
1.69894,-0.250961,6.01467,3.35125,0.00335264,3.53959,6.35834,2.9307,-0.246042,6.98976,5.16571,7.23403,4.22152,6.11233,9.44523,-1.28504,43.92,-822.28,-569.984,12320,-1540,980
-2.25326,-4.64805,1.68239,-1.85023,-6.69135,0.8871,-1.67416,1.91238,-2.78576,2.21675,-1.905,-1.35804,-0.244176,5.51791,-0.404054,-4.37704,43.92,-821.304,-571.448,12460,-1400,1120
1.74883,-0.804296,3.46961,2.31616,-5.14535,-2.20663,-2.54683,-0.865016,1.0852,3.07384,-0.0938862,-2.46182,-2.03654,7.6532,0.493746,-3.85743,42.944,-821.792,-571.936,12320,-1400,980
9.3666,10.2765,11.1061,8.33454,2.36538,-2.79199,-1.40259,-5.0973,12.3389,8.32692,5.2024,6.59183,2.69762,10.6755,-0.881303,-6.02592,43.92,-817.4,-570.96,12180,-1120,1120
10.2076,11.1618,11.6148,7.64387,4.32406,-4.21136,0.812745,-6.02945,14.156,10.1109,8.74707,11.9203,4.00482,9.80159,1.93105,-1.89921,43.92,-815.936,-569.984,12180,-980,980
-1.36909,1.15633,2.16804,3.47815,-0.763078,-6.89426,3.17842,-4.39472,3.28086,-0.181462,-0.803725,2.9818,-1.21432,4.6829,10.3743,3.33743,44.408,-814.96,-573.888,11900,-420,980
-8.59384,-7.22055,-3.95075,-0.941859,-4.85279,-8.45901,1.45007,-5.27257,-4.89782,-7.5292,-7.96784,-4.21687,-1.45228,-0.606168,12.268,2.06763,42.944,-813.008,-571.448,11760,-280,840
-8.09853,-6.47121,-4.63563,-0.993341,-6.54143,-8.02893,-0.497376,-6.98788,-4.09355,-9.17927,-11.4188,-4.75577,-3.53578,-3.62056,8.71196,-1.47395,42.456,-816.912,-573.888,11480,-140,840
-7.79586,-6.26993,-5.58673,-2.89805,-9.49309,-9.32653,-4.07213,-6.87412,-3.42833,-10.7982,-13.0405,-7.62634,-3.439,-7.17338,-0.17309,-5.50996,43.92,-814.472,-570.472,11620,0,700
-0.888567,-0.995463,-0.665247,0.76937,-2.5696,-5.72224,-1.108,-6.06457,0.96768,-5.35429,-3.85124,-3.55167,0.733596,-1.563,-0.0655176,-4.09175,43.432,-814.472,-572.912,11340,0,420
2.41375,0.892935,-0.498372,-0.376013,1.49862,-3.54958,-1.36625,-4.59626,1.07012,-3.87086,-0.452877,-1.04495,2.58041,0.513632,-3.99005,-3.05522,42.944,-813.984,-573.4,11480,140,560
-0.233566,0.901465,-0.847921,-1.25579,4.13134,-2.1117,-1.83493,-3.08125,-5.13028,-4.25959,0.808939,-0.0285963,2.53197,0.451842,-5.45512,0.194274,44.408,-816.424,-574.864,11200,560,280
7.34655,11.4364,6.46113,7.76279,13.9417,3.86965,5.32321,2.37721,0.141901,1.93587,7.37931,8.08696,7.23602,5.56668,1.92233,5.54504,44.408,-816.424,-574.376,11200,560,420
9.41178,11.173,9.25837,5.60364,17.7339,11.2669,6.93281,11.0506,-0.771431,5.55294,14.2173,10.4628,12.215,7.97995,-1.11848,10.6529,45.384,-814.472,-572.424,11060,560,280
4.14182,2.04509,4.75785,-2.6899,12.3989,11.9717,0.893869,12.1735,-6.60932,4.38928,15.9394,3.42866,9.8349,1.92837,-8.67023,7.06757,45.872,-816.424,-577.304,11060,700,420
2.90044,-2.33636,1.88031,-8.74061,3.36897,7.85003,-4.22186,11.7944,-5.29202,1.7656,10.4764,-2.42125,8.64923,-7.0006,-13.4613,2.74267,46.36,-817.888,-574.376,11480,1120,560
2.59493,-3.82589,0.184313,-11.5677,-0.174304,6.69679,-3.03228,9.27915,-2.68877,-0.34385,4.57867,-7.4587,-0.26215,-9.72768,-9.69935,1.60997,46.36,-820.328,-576.328,11340,980,420
6.65084,1.91672,3.22673,-1.0525,4.05871,5.4068,4.65058,9.32952,4.19103,2.11892,2.55402,-4.62289,-1.76539,-9.25953,4.23873,3.96684,46.36,-819.352,-569.984,11200,1260,700
6.50752,5.43744,3.68087,6.16309,6.7176,5.22556,7.91909,9.74205,4.57276,2.70822,-1.11228,-3.59891,-0.838017,-8.68703,8.15229,5.53906,41.48,-822.28,-568.032,11480,1260,840
3.30399,3.33954,2.17763,4.64801,4.1667,5.92808,7.96955,8.43952,3.15293,2.81712,-2.89141,-3.15895,-2.14036,-5.43094,7.32665,5.98436,40.016,-824.72,-573.4,11200,1260,840
3.76706,5.27085,4.07585,5.78509,1.97232,5.4085,6.61028,7.15463,5.97711,4.91335,-4.09391,2.22262,-2.32183,-1.181,7.62954,5.06921,42.944,-826.672,-569.984,11200,700,980
-3.00155,0.371217,-2.37259,0.570014,-5.69508,-1.63045,-1.2103,-0.254754,1.7813,-0.103279,-11.3943,0.95569,-9.30923,-4.03175,0.781205,-2.76467,43.92,-823.744,-565.592,11340,560,1120
-8.36132,-4.68504,-10.102,-5.20925,-13.5635,-8.02064,-8.28656,-8.75813,-1.90806,-3.98607,-15.8521,-4.38948,-14.0346,-6.15783,-4.59616,-11.8379,45.384,-822.768,-567.544,11760,140,1260
-9.68346,-6.03472,-9.89104,-6.044,-14.9572,-9.40133,-10.4661,-12.8567,-1.62346,-5.31985,-19.4501,-5.22737,-13.5772,-2.72909,-5.72257,-14.2112,46.36,-822.28,-567.056,12180,140,1260
