-11.9745,-15.0271,-2.00486,-8.36965,-4.54121,-3.68043,0.122765,-0.0603147,-4.17645,-5.58819,-2.72522,-4.37551,1.11676,-4.63796,3.00557,-1.19728,1.952,-986.248,-188.368,27860,14140,2660
-9.30662,-9.00975,1.43773,-5.26717,-2.29839,0.633847,3.87978,3.10631,-0.18026,-2.26134,0.946294,-2.29299,5.00461,4.00651,6.87525,2.81113,5.856,-983.32,-191.784,26880,15540,2100
-6.70296,4.69265,6.52513,6.84829,5.45445,5.22383,6.34338,2.12653,2.75834,2.15652,7.72192,3.25724,8.64148,11.5368,12.7176,2.5412,5.368,-981.368,-189.832,23940,16660,1260
-7.35468,4.15643,5.39289,14.0823,13.1072,9.52548,13.7323,8.19017,-16.2656,1.29745,8.20746,2.78299,8.14913,14.5545,19.0498,9.93934,2.928,-974.048,-185.928,22120,17920,420
-6.3621,0.935229,4.73005,8.40622,8.88156,6.05264,3.04055,3.42902,-21.9013,3.16276,-0.941291,3.45859,4.19555,8.92951,1.06702,2.73722,3.904,-972.096,-181.536,19460,19320,-560
8.82592,7.86646,3.00323,-4.61826,-1.01147,1.30828,-12.9211,2.7219,9.59236,8.90416,-5.76681,10.4468,-1.85488,1.08586,-25.585,-5.82863,-0.976,-967.704,-179.096,17080,20440,-1120
7.75908,8.14595,-4.83472,1.25311,-0.319165,-1.73986,-0.496238,5.51222,21.9936,-1.13109,-10.4663,6.6835,-8.55439,-3.20935,-5.24639,3.43353,-0.976,-969.656,-176.656,13300,21980,-2100
-11.7224,8.93164,-8.22273,21.1573,7.35748,-3.4231,15.1562,-0.976629,0.579089,-12.2343,-15.8978,1.19599,-10.5377,-2.98168,29.861,6.75732,-2.928,-970.632,-174.216,9940,22820,-2800
5.46688,7.10847,-4.40309,9.93666,1.53579,-5.61307,5.8802,-5.07973,17.5221,-2.04374,-3.23665,1.38685,-4.63875,-5.46262,17.096,-6.0686,-2.44,-975.024,-177.144,7560,23660,-3360
23.5915,13.949,2.99466,0.714513,-1.90679,-2.6984,-0.767596,-3.24742,44.3302,9.59971,7.73248,5.76671,1.3621,-0.66408,5.30317,-5.63344,-0.488,-978.44,-185.44,4760,24080,-4060
12.0572,9.82968,5.69294,4.29402,3.63682,4.42417,2.89252,2.78763,17.8984,5.79359,8.22988,4.24815,4.78073,6.91597,4.94927,4.39986,-1.464,-981.856,-190.32,2800,24360,-4480
15.9642,24.0748,11.0854,4.73835,5.87887,6.77713,-7.0012,-1.57239,17.0643,12.8611,14.8874,12.4169,10.2318,9.77279,-21.1044,-1.3104,-1.952,-982.344,-195.688,1400,24640,-5040
-1.75568,-1.15258,0.343002,-19.6079,-8.17853,0.935654,-15.8174,-5.28791,-12.6887,1.38471,5.33094,-2.66975,1.32234,-0.342221,-38.2417,-7.44587,3.416,-979.904,-203.008,420,24920,-5600
-24.7434,-39.935,-9.06004,-14.4317,-3.70235,3.16608,8.63163,6.99042,-59.1999,-14.531,-6.55704,-19.1507,-5.92501,-1.43376,5.10317,8.74371,2.928,-976.976,-206.424,-1120,24640,-6020
0.444516,-15.0992,-7.07745,-8.82094,-6.64656,-3.70043,1.20923,-2.95736,-2.74695,-6.57703,-5.64789,-7.30149,-8.05958,-8.81141,7.25249,-0.761653,2.928,-980.88,-206.912,-2100,24500,-6440
17.4805,10.884,0.0424117,2.35659,-2.22552,-4.87665,-5.07375,-7.03,28.8188,3.91398,-0.828559,6.97549,-2.76348,-9.06889,3.88983,-7.92873,5.856,-980.88,-210.328,-2660,23940,-6580
5.15442,8.55538,-1.09517,7.20407,-1.23614,-4.49628,0.20187,-1.87585,12.1735,0.195436,-2.88244,1.75,-1.79696,-6.54198,8.74085,-2.23146,11.224,-979.904,-208.864,-3220,23660,-6860
-12.0768,-6.05964,-2.28187,2.61633,-3.15503,-0.323408,2.60054,4.04471,-20.3891,-5.58071,-1.35282,-7.32047,0.62415,-1.90349,5.49221,4.07267,14.152,-978.44,-213.744,-3640,23660,-7000
-20.1016,-18.5491,2.34422,-11.5682,-3.14804,5.01594,-3.27873,2.61754,-44.8182,-4.93953,2.70165,-9.17902,7.10505,5.97898,-15.7776,4.88083,16.104,-978.44,-216.672,-3640,23100,-6860
-4.57818,-11.5284,4.98539,-12.0779,-0.494062,5.41197,-3.85012,-0.618262,-13.0514,1.69224,4.98455,-2.86389,8.53861,9.36793,-13.2547,2.63506,20.008,-978.928,-218.624,-4200,23100,-6720
-4.01255,-10.4296,0.588223,1.07926,0.65811,1.71746,1.00333,-0.806723,-5.06293,0.383758,2.20904,-5.84277,2.634,3.65051,10.8191,1.12926,20.496,-976,-220.576,-3920,23520,-6580
-1.20869,-0.387253,2.53125,11.2606,6.47664,3.48853,6.58415,3.39612,-1.11616,0.698493,0.50841,-1.41353,1.87469,1.95763,14.9044,3.76059,20.984,-975.024,-221.064,-4060,23520,-6020
1.03946,5.96861,3.62521,7.52452,4.46777,0.0263381,0.56438,-0.151425,-0.105505,-0.0749868,-6.08742,3.27793,-0.872646,-0.937404,0.965657,-0.0232865,19.032,-977.952,-224.48,-4200,23520,-5740
7.90581,15.8841,5.37067,13.0073,9.77006,1.73445,6.78405,5.20133,8.02255,3.07657,-2.38824,10.9543,0.543315,1.05103,7.42404,5.96789,16.592,-976.488,-230.336,-3640,23240,-5180
13.9464,24.5438,-0.463246,10.2858,1.33528,-7.06487,-3.03683,-4.7043,32.1457,1.12233,-2.40929,9.40669,-5.77407,-6.81784,-2.77575,-4.03167,15.128,-975.024,-231.8,-2940,22960,-4900
14.4314,22.7488,1.72684,6.92215,0.026806,-4.257,-6.90134,-5.46459,29.4741,4.98275,5.1562,9.68715,0.345101,-3.20596,-10.5105,-5.99771,16.592,-977.464,-237.168,-2100,22540,-4480
-6.31267,1.78015,-0.558647,11.9677,5.21137,-0.107421,5.02816,1.13453,-14.9713,-4.35689,-0.309236,-1.66817,0.588828,3.85886,9.96674,2.65129,15.128,-976.488,-244.488,-700,22680,-4200
-7.87367,-20.4212,-5.3989,-13.2964,-4.41425,-0.192387,4.32406,5.30876,-15.2503,-4.5977,2.46353,-12.5557,-2.40478,1.49581,4.56932,5.43721,12.2,-976,-244,700,22820,-3640
4.92865,-4.81438,2.10082,-11.581,0.148557,3.0287,1.93624,4.29942,8.17251,6.02621,8.21559,0.0139747,2.84904,4.74652,-3.82944,4.06886,8.784,-975.512,-245.952,2100,23100,-3360
8.77613,-0.695953,3.30445,-14.6159,-3.75383,1.93323,-6.6119,-1.76441,19.6571,8.42505,3.42353,3.29941,2.68943,0.38956,-15.4615,-3.44607,8.784,-973.56,-246.928,3220,23100,-2940
-1.9924,-12.0324,-2.81911,-11.1601,-4.93923,0.800036,-1.42035,-0.841549,-0.997328,0.481698,-4.99078,-3.24855,-1.63194,-2.97818,-2.50173,-2.08112,3.904,-969.168,-241.56,4480,23520,-2800
-11.8046,-9.61039,-5.68364,-3.36007,-3.79224,-2.87845,-2.70401,-3.03353,-14.6122,-7.84008,-10.4705,-3.66122,-4.69358,-5.72434,0.326445,-5.88385,1.952,-968.68,-242.048,5180,23520,-2660
-12.1262,-18.7059,-10.8885,-15.5714,-12.6278,-5.99838,-9.01121,-4.21009,-14.1563,-10.4524,-8.77766,-10.0321,-7.74771,-11.2639,-10.5029,-9.17038,0,-968.68,-239.12,5880,23940,-2520
-4.85242,-1.83679,-2.91138,-2.89158,-4.89778,-3.90569,-6.67248,-4.21237,-7.1535,-1.53286,0.354563,-0.146164,-1.39802,-5.92889,-9.34593,-5.68601,0.488,-971.12,-234.24,6020,23660,-2520
2.67167,8.31344,-1.10093,1.69538,-2.9297,-3.64865,-3.11813,-2.71584,13.9385,1.17454,1.05756,2.15513,-0.232096,-1.55568,-3.36505,-2.37588,-4.392,-967.216,-232.288,6300,23240,-2520
9.36928,15.7077,4.07487,14.5862,6.36341,2.23422,11.6372,5.17333,21.7957,7.20872,4.29771,6.38486,4.58361,5.76102,20.1788,8.10516,-3.904,-972.584,-230.824,6860,22400,-2380
-0.424115,5.76039,6.32921,12.5893,10.447,6.82647,13.618,7.18796,-1.15214,6.71927,5.84372,4.7964,7.7874,10.2749,20.1648,10.0842,-3.416,-974.048,-229.848,7140,21000,-2240
-13.5234,-4.77313,-2.91274,4.96355,3.84387,1.17126,5.79131,2.23949,-21.3815,-4.65835,-3.06408,-5.0204,-1.72173,5.2443,8.14443,3.3168,-6.344,-972.096,-233.752,7840,20300,-2100
-6.98797,1.08282,-4.61812,1.04044,0.231264,-0.773535,-0.150314,0.987589,-10.2508,-2.52449,-1.38252,-1.9954,-3.92677,-1.14581,-2.24827,-0.847336,-4.88,-977.952,-235.704,8260,19180,-2100
-7.02021,-3.93652,-5.11741,-1.17451,-1.77437,-2.29404,-4.98929,-2.37059,-15.1693,-4.64136,-4.08444,-3.29781,-4.44913,-4.01113,-9.24727,-5.59911,-2.928,-978.928,-236.68,8680,18480,-2240
1.46197,-0.655782,0.418391,-1.19269,0.207479,-1.62357,-7.71549,-4.25788,-5.40894,1.3155,-0.187034,3.33344,-0.0123869,-2.19715,-13.5649,-7.80972,-6.832,-977.952,-234.24,8820,18060,-2100
-2.32435,-0.461417,-0.302116,5.30996,1.28746,-1.49856,0.763001,-1.90912,-5.89936,-2.24337,-2.18855,0.295079,-1.59677,-1.64829,5.20917,-2.71116,-2.44,-978.928,-237.656,9660,17920,-2100
6.35485,18.669,6.60634,16.9183,8.1459,2.57968,8.49165,2.74059,12.6742,3.47605,1.68192,9.93907,2.47509,6.28735,15.6392,3.77365,0,-981.368,-237.168,9380,17360,-1960
12.1045,10.208,8.88635,-2.79973,0.233915,3.98545,-2.22103,2.32252,18.6624,8.79585,8.13425,7.94268,6.74863,5.71907,-7.10044,1.92568,0.488,-984.784,-238.144,9940,17360,-1820
5.00463,-7.47236,6.69315,-11.4424,-4.62161,2.20066,-7.07211,-1.635,4.32387,4.01927,8.00884,-2.47306,5.81925,2.81718,-11.7304,-0.284873,-5.856,-982.344,-231.312,10220,17080,-1540
-0.361295,-13.3881,4.01753,-12.6899,-4.28326,1.25401,-7.06207,-3.90662,-3.98357,0.0926047,3.54993,-5.77305,2.89291,1.63096,-10.5834,-2.18214,-3.416,-985.272,-229.848,10780,16660,-1260
3.06736,-7.00017,4.52268,-6.28021,2.54012,4.77627,0.287098,1.53882,-2.96895,1.07902,1.12527,-0.249113,3.94895,4.26115,-3.30425,2.25092,-2.44,-988.688,-229.36,11060,15820,-980
3.30609,-2.60908,-4.48081,1.08096,0.0563626,-0.541257,3.14466,0.247334,1.78245,-6.51989,-8.48189,-2.85595,-4.58366,-1.81328,5.94362,2.59722,-2.928,-984.784,-226.432,10780,15820,-840
16.3926,11.9438,-1.24007,13.582,5.91409,2.09551,10.3615,5.94182,20.0974,1.72801,-1.32105,5.66383,-2.78947,-0.419475,18.134,8.09745,-3.416,-980.392,-219.6,10780,15680,-980
14.7535,14.8926,-2.84681,12.8241,3.08682,-2.71787,5.61352,0.394515,22.49,-0.666754,-2.97404,5.72117,-5.06077,-3.4727,13.437,3.44843,-4.88,-981.368,-217.16,10780,14980,-840
11.0857,20.5017,2.29399,18.9727,8.91204,2.10444,10.0113,4.25995,17.2088,1.20607,1.18824,9.71127,-0.369014,3.17533,14.813,7.59389,-2.928,-978.44,-214.232,10080,14280,-980
4.98427,8.43135,0.332538,4.27285,0.0145351,-1.42572,-0.434744,-0.899334,8.21306,1.29049,3.13622,3.09224,-0.629065,-0.532062,-0.975767,-0.00507614,-6.832,-978.928,-213.256,8960,13580,-980
-5.74096,-7.34137,-3.87507,-7.06197,-5.95722,-2.21182,-5.01132,-3.01161,-12.3284,-2.89443,-0.109324,-6.5525,-1.15567,-3.17055,-7.13814,-3.45627,-6.344,-980.88,-210.328,7840,12460,-980
-4.0202,-11.2225,-1.59688,-11.6651,-5.83875,-0.346914,-5.27134,-3.11143,-9.42322,-0.0015423,2.14457,-6.46239,1.21608,-2.48976,-7.58672,-3.9313,-6.344,-979.904,-210.816,6860,12180,-1120
-10.6574,-22.2283,-1.92946,-19.9577,-9.49443,-2.15424,-11.4461,-5.73025,-25.1214,-1.04835,1.15754,-9.82953,0.711266,-5.08241,-19.207,-8.48878,-9.76,-979.904,-210.816,6160,11340,-1540
-12.1306,-11.3612,0.463103,-8.08139,-2.47525,1.18401,-5.31284,0.398182,-20.4545,-2.27862,-2.10181,-3.95005,0.829237,-0.331249,-11.7933,-1.92479,-9.76,-980.88,-217.16,5740,10500,-1680
-8.24679,-5.80196,-3.48195,-1.2609,-0.35863,0.883799,3.68164,6.71936,-5.25571,-4.43343,-5.71693,-3.32231,-2.8827,-1.51447,3.58659,4.30835,-8.784,-981.856,-218.624,5460,9520,-1680
-12.6133,-16.2291,-5.9143,-12.7795,-7.05732,-2.16907,-0.760913,4.16331,-14.5536,-4.41369,-3.79431,-9.10042,-3.7991,-4.93212,-2.99896,0.291287,-11.712,-982.344,-218.136,5180,8540,-1960
-7.23729,-0.0822427,0.914393,-2.29123,0.141132,-0.0527471,-0.515275,1.87928,-4.33836,0.634175,1.11764,0.810113,2.20057,1.57538,-5.54181,1.17992,-9.272,-980.392,-217.16,5320,7560,-2100
-8.50279,1.52147,-1.18543,-0.83704,-0.707413,-3.13754,-2.37851,-7.3221,-6.37447,-3.09194,-2.29506,-1.33375,-0.258493,-0.719757,-7.7308,-3.03824,-10.248,-979.904,-221.064,5740,6300,-2100
-6.56537,-2.15178,-2.41536,-2.4381,-1.87689,-3.0032,0.747634,-7.00057,0.0223428,-2.01408,0.552992,-3.81255,-0.140285,-1.63364,4.86942,-5.6243,-10.248,-978.928,-219.6,5740,5600,-1960
4.0849,11.2583,2.09244,6.31627,2.32839,-0.586027,0.508027,-1.90397,21.6889,4.65969,4.6745,4.14668,2.73526,0.183842,11.6355,-6.80538,-12.2,-976,-223.992,6580,3920,-1540
-1.88989,9.36271,1.3072,7.61672,1.55723,-0.891637,-4.51235,-2.37917,6.87862,0.0712072,-0.954615,2.51237,0.5688,0.503917,1.91825,-3.98117,-8.784,-976.976,-223.016,6860,2520,-1540
-5.63587,-1.31602,1.02697,2.7789,1.99884,1.96936,-2.16585,2.76717,-12.8982,-0.25136,-1.48671,0.579425,0.824155,2.68785,-3.67551,1.77584,-11.712,-974.048,-223.992,7280,1820,-1400
-11.16,-6.66241,-3.91965,-0.0249487,0.236542,-1.55739,0.564118,-0.481381,-21.1637,-6.48126,-7.76612,-3.18215,-3.96756,-1.0726,-0.00660671,1.33152,-10.248,-970.632,-221.552,7420,980,-1400
2.2134,20.1497,2.64261,24.8623,15.6004,2.58219,14.2832,3.81899,2.31491,-0.195927,-4.8799,11.76,-0.101228,6.32224,20.8252,9.25903,-13.176,-972.584,-223.992,7420,560,-1540
7.75828,-3.70261,-4.64386,-12.071,-7.79411,-5.16697,-3.99502,-1.63647,14.0365,1.42415,-1.28251,-1.93273,-5.14976,-8.51209,-10.6058,-2.47136,-16.104,-975.024,-223.504,7840,280,-1400
10.4924,-14.6092,-2.65384,-18.8107,-10.4142,-3.2578,-3.23337,0.142952,13.159,4.44503,4.14077,-5.35051,-2.13764,-6.95118,-9.18029,-1.19245,-14.64,-975.024,-217.16,7840,-280,-1540
8.52716,6.94461,6.40207,11.9067,7.88777,4.39938,9.84537,4.46192,6.37674,4.96358,5.64316,5.33357,4.65023,7.71556,11.9834,8.34723,-17.568,-973.56,-222.04,8260,-980,-1540
7.45826,4.2343,6.10593,2.6524,3.67202,3.16387,2.37119,2.00127,5.19936,5.49253,4.77694,3.55963,4.55674,7.62792,-0.072349,4.20153,-16.592,-975.512,-220.088,8400,-1960,-1540
6.64216,-1.66301,1.39911,-3.14998,-0.98604,-0.0887394,-4.72488,-1.34273,7.01426,3.21599,2.28776,-0.53966,1.5237,1.40454,-0.658158,-3.41293,-17.568,-972.584,-220.576,8400,-2380,-1820
12.7967,14.0664,7.5668,17.0586,10.6772,6.36055,4.9038,2.85338,12.8844,8.43433,6.70789,10.9593,6.68839,7.19128,16.5587,2.07794,-19.032,-973.56,-216.672,8960,-2940,-2100
11.7119,10.5574,3.03907,7.55155,2.67726,0.984243,-2.44534,-2.17537,14.3228,4.67433,1.15799,7.23159,0.56513,0.0892185,1.70308,-1.83518,-17.568,-970.632,-218.136,9380,-3360,-2380
4.43075,-0.902378,-0.659189,-4.01865,-2.79943,0.665429,-3.45226,1.24294,0.683102,1.57543,0.729993,0.227203,-0.650812,-3.35366,-8.98437,-0.96048,-17.568,-969.168,-215.696,9520,-3780,-2800
-1.03474,-3.2153,-3.60214,-8.10205,-7.8672,-4.49646,-7.51236,-4.10847,-4.03131,-2.88997,-2.80102,-3.27298,-3.35362,-6.45119,-13.1633,-6.24271,-19.52,-968.192,-215.208,9380,-4060,-3220
0.633374,6.99922,-0.240692,6.03168,1.22562,0.850413,3.77523,2.41392,3.59615,-2.35355,0.43679,1.70272,0.574717,0.43026,4.43572,1.34381,-20.984,-967.704,-216.672,9380,-4340,-3500
4.00611,8.31534,1.84253,2.83282,0.920289,1.08071,1.03704,1.13247,9.05883,0.978108,1.99397,2.77195,0.965021,2.1867,0.310402,0.5399,-18.544,-969.168,-211.304,8400,-5180,-3920
-13.088,-11.8671,-2.46857,-6.24159,-1.86083,0.547317,-0.849743,-0.212681,-24.3597,-6.64301,-2.014,-7.59819,-0.714528,0.661859,-2.7488,0.213477,-16.592,-965.752,-212.768,8400,-5600,-4200
-12.415,-3.16532,-0.393582,9.02417,6.95245,3.86423,10.2202,5.08376,-21.8799,-6.42247,-2.07448,-3.90486,-0.183242,4.4679,12.7924,7.27215,-12.688,-966.24,-209.352,8260,-6440,-4340
-8.18879,-11.5963,-5.01815,-9.77968,-5.46121,-1.72378,-1.6752,0.120001,-6.83807,-5.30256,-2.8815,-9.06086,-4.6322,-4.28395,-5.83993,0.304975,-12.688,-966.24,-206.424,7700,-7560,-4760
2.57197,-2.6743,0.076518,-8.16011,-3.4347,-0.880957,-4.36504,-2.54826,8.12582,3.13448,1.3609,0.452497,-1.12799,-2.49034,-9.64207,-2.95975,-12.2,-967.216,-207.888,7700,-8260,-4900
1.12183,0.289496,0.961664,-7.66545,-2.28725,-2.19452,-6.71696,-6.12733,3.718,2.36392,0.560097,3.75591,0.43688,-1.36649,-14.2807,-5.65937,-9.272,-971.12,-208.864,7280,-9100,-5040
-4.39174,0.427084,-2.84103,2.07358,-0.00874192,-3.22201,-0.220188,-2.56961,0.795475,-3.07105,-2.58472,0.727555,-1.36794,-1.36467,1.20278,-1.85189,-5.856,-969.168,-208.864,7280,-9660,-4900
-5.80991,10.9881,-0.860165,22.7341,10.7843,1.39553,14.3912,5.69111,-5.64897,-3.41773,-2.16458,4.30847,-0.0507638,4.26091,27.6103,9.07461,-3.904,-972.096,-212.768,6860,-9940,-5040
-15.2505,-15.7926,-7.46291,-6.10516,-4.79062,-1.87683,1.10158,1.55579,-21.9302,-6.48702,-2.98787,-10.7409,-1.53518,-1.8113,5.21239,2.94661,-6.344,-968.68,-212.768,7000,-10500,-4900
3.94618,-6.03722,-1.03905,-18.5095,-7.76902,0.0915582,-9.2132,-1.37423,11.2554,3.10228,2.68444,-1.53422,2.46512,-0.669506,-17.8689,-2.92799,2.928,-969.168,-211.792,7140,-10640,-4900
10.3171,3.74152,4.62671,-6.99576,1.67702,4.92045,0.459048,2.15814,15.3909,4.87362,3.89554,5.77459,5.20036,5.12205,-9.56056,2.5931,0.976,-968.192,-210.816,7280,-10920,-4760
3.83655,1.23134,3.64128,2.41941,1.90718,2.76572,3.6076,0.336261,5.16668,1.68796,0.283284,2.04361,2.22742,3.33036,1.78022,2.25252,2.44,-971.608,-210.816,7280,-10920,-4620
-7.0166,-6.32197,0.747547,5.18703,4.78717,4.33982,10.1304,4.6897,-15.7242,-3.81357,-3.79057,-3.59666,-0.565681,3.80361,12.3685,5.669,3.904,-973.56,-209.84,7280,-11060,-4480
-9.98363,-18.5855,-5.99597,-9.71045,-5.22676,-1.71631,2.86772,2.81759,-18.1756,-8.68364,-8.77543,-12.3312,-7.29309,-4.08066,3.46521,1.78921,5.368,-971.608,-213.256,7700,-10920,-4340
4.28633,0.398113,1.69623,3.26208,0.632396,0.164005,2.47005,2.33572,2.25694,1.38252,-0.270857,0.343879,-1.56694,-1.01742,8.61825,0.653865,7.32,-970.632,-210.328,7700,-10920,-4200
14.4492,17.073,6.21326,11.1056,2.1404,-2.22375,-6.12935,-5.12076,20.0787,8.5262,3.6289,8.1555,1.9155,-1.97189,3.58958,-6.88383,8.784,-969.168,-211.304,7420,-10500,-4340
7.67894,2.77747,6.40265,0.00867922,-4.05352,-3.55876,-16.6133,-10.6879,-6.03467,6.68353,4.57462,3.31161,3.77211,-4.10303,-8.90095,-14.7032,7.808,-969.656,-208.376,7000,-10220,-4340
8.14787,9.89613,5.28063,7.90031,-0.462206,-3.66075,-8.25164,-7.54292,6.45661,5.01283,6.06769,3.59754,2.24473,-3.08186,-1.56124,-8.67245,6.344,-969.168,-206.424,6440,-10220,-4200
0.953273,6.16512,-1.22139,0.424465,-2.66015,-2.07181,-2.42276,-0.697631,12.365,0.223295,1.85071,-0.71464,-0.644928,-2.01428,-3.51556,0.60515,7.32,-967.216,-207.4,6020,-10500,-4200
-5.31392,-12.6056,-4.81359,-16.9984,-7.96763,-1.07376,-3.12536,-0.400262,-8.26394,-4.67316,-1.58435,-7.94257,-1.88633,-2.18174,-13.6936,1.26387,9.272,-972.584,-211.304,5600,-11060,-3920
2.79845,6.02827,0.291953,1.83178,5.41144,2.6121,2.81902,0.38778,4.28111,-2.64587,-2.4647,4.82621,-0.704843,3.85415,-3.44182,2.19372,7.808,-971.12,-210.328,5460,-11340,-3920
1.23038,5.46857,-5.1652,0.0892409,-1.88289,-4.97875,-8.364,-5.39173,6.713,-5.09813,-6.56799,1.8827,-6.50523,-4.29814,-9.69938,-7.41574,8.784,-973.072,-211.792,5180,-11480,-3920
5.84933,13.8471,0.363647,4.03234,2.58264,-1.02171,-4.41357,0.284028,14.0962,3.00773,0.871237,9.51656,-0.942605,-0.597187,-9.43888,-1.731,10.248,-976,-209.84,5040,-11480,-3780
-19.4985,-9.01524,-6.63162,8.28227,4.06168,-0.475864,8.78833,4.82501,-31.2335,-10.7864,-7.92362,-5.26185,-4.3045,0.571906,12.9434,7.36837,8.296,-975.512,-211.792,5040,-11200,-3780
-8.40219,-4.70495,-3.42446,6.42348,1.6134,0.0835801,9.11879,6.14758,-7.4365,-2.62085,0.563461,-4.48804,-0.0211348,-0.107044,15.35,5.72403,6.344,-977.464,-212.28,5040,-11340,-3640
-1.19869,0.152628,-0.980181,-1.36968,-2.01773,-1.17583,2.16852,1.99939,8.72115,2.06982,3.30384,-0.862012,1.54249,-1.23094,2.53407,-1.10873,7.808,-976,-214.232,5040,-11340,-3640
-5.23504,-8.90496,0.758938,-9.60609,-3.53313,0.487399,2.17518,2.63964,-3.36059,1.87421,3.34491,-4.26254,2.63403,-0.553917,-3.59887,1.51968,10.248,-978.44,-206.912,5040,-11900,-3500
-1.99592,-2.11433,2.58436,-6.21025,1.5873,4.94601,2.25308,2.8497,4.92867,2.79747,5.24545,0.794017,5.3169,5.04457,-3.83065,1.47182,9.76,-977.464,-210.816,5040,-12320,-3640
-5.16404,-14.248,-3.07773,-10.4797,-2.98248,2.86081,1.06918,4.8508,-4.83157,-2.03845,1.28975,-6.3085,1.85378,1.22464,-0.191151,2.40112,7.808,-981.856,-206.912,5040,-13020,-3500
3.91808,-0.0289723,-1.31671,3.89272,0.655706,3.07457,6.10056,7.63102,8.22026,1.96488,1.86171,0.16167,1.77295,0.84727,11.468,4.51128,9.272,-979.416,-210.328,5320,-13300,-3500
11.5443,17.3233,3.45468,15.3794,7.08649,3.24073,6.64902,6.42989,19.7199,6.34651,1.99339,9.43531,2.60306,1.83295,11.0849,4.15334,5.856,-982.832,-211.792,5040,-13440,-3500
12.8524,14.7876,4.79459,9.9032,4.09387,-0.482096,-0.314677,-1.74406,9.42098,8.26096,1.6888,9.22142,1.92786,-0.167517,2.18296,-1.59719,7.32,-981.368,-206.912,5180,-13860,-3640
-10.4936,-23.7404,-3.09145,-14.3386,-8.09041,-4.27365,-9.87437,-13.2553,-39.8438,1.67113,0.375886,-10.7775,-1.26372,-5.14832,-11.5749,-8.51799,5.856,-980.88,-209.352,5460,-14000,-3920
-26.9906,-26.4616,-3.44771,-13.1166,-5.68407,-3.89771,-10.1224,-14.8232,-50.1177,-6.49531,-6.17161,-14.6589,-3.86245,-1.77712,-12.8777,-7.72297,7.32,-981.856,-205.936,5040,-14280,-4060
4.44889,15.8309,4.86452,4.13048,3.35122,0.234413,-6.80824,-4.3468,13.8514,1.10387,-2.61876,7.55728,-1.15895,5.09463,-9.9501,-3.12269,7.32,-982.344,-208.376,4900,-14420,-4200
24.2036,12.7397,7.49794,-11.7517,-3.766,-0.5404,-12.3026,-3.64069,42.2168,12.5483,5.23438,10.4961,2.24902,1.44982,-21.4953,-3.21448,9.272,-983.32,-212.768,4620,-14140,-4200
9.87198,7.58726,3.70784,2.64609,3.8834,2.24892,5.92255,3.12487,17.11,4.78427,-0.0751751,4.40961,1.13247,3.17175,6.84941,8.31409,7.808,-978.44,-208.864,4340,-14140,-4340
6.94099,11.6172,3.69033,13.7106,12.1675,7.69054,18.754,10.5744,12.0979,1.2558,-0.796426,5.66146,2.02521,7.55164,23.0948,15.9309,8.784,-983.32,-213.256,3500,-14140,-4200
2.48157,5.49794,0.858107,14.1591,9.60524,1.656,15.6508,4.38524,2.5932,-3.70921,-4.5205,2.73326,-1.58429,3.35604,21.979,10.3171,11.224,-983.32,-212.28,3080,-13860,-4200
2.25669,2.52163,0.784017,14.9672,10.1581,2.76914,19.9019,8.07621,-0.500599,-2.53294,-0.770983,2.36616,0.22287,3.16344,26.8012,12.62,11.712,-982.832,-215.696,2800,-13580,-3920
-3.21771,19.9627,3.65404,31.704,18.5964,2.97056,20.7235,6.5848,-9.32357,-6.49902,-4.20443,9.66836,0.154456,8.00318,27.7271,10.9448,16.592,-984.296,-219.112,2520,-13160,-3500
-8.14354,4.93341,2.09269,12.7339,9.18666,1.61639,4.23801,3.506,-27.0295,-7.35098,-2.68339,4.30392,0.51796,5.56367,-1.02112,1.14981,16.592,-984.784,-215.696,1960,-12460,-3500
13.3352,-9.73635,-4.32519,-31.3191,-20.0218,-6.24604,-22.2484,-7.38782,23.2124,3.84983,7.34774,-4.46476,-0.998739,-10.8429,-36.4675,-15.8242,12.2,-982.344,-216.672,1400,-11900,-3080
16.4018,4.26233,-1.94728,-10.2295,-11.0939,-2.05136,-6.61286,-2.31506,34.5825,5.24368,7.22216,0.216365,-0.218685,-6.39536,-5.98881,-5.59098,13.664,-982.832,-214.72,700,-11200,-2800
5.99005,-2.51993,-1.83454,-4.31138,-6.01091,0.0303666,-0.290641,-0.734327,15.9585,0.953821,3.38971,-2.93561,-0.98288,-1.54844,1.8722,-0.626249,9.272,-983.808,-211.792,700,-10500,-2660
2.50458,-5.39019,-0.312743,-5.26441,-5.07199,0.126171,-5.90016,-3.45575,2.16159,1.91853,6.38673,-2.69697,1.69276,-2.39447,-4.19104,-6.05187,6.832,-984.784,-207.888,-140,-9800,-2660
-5.11996,-0.735881,0.113759,6.75884,-2.19579,-4.66475,-10.6751,-13.4384,-13.3308,-2.35057,1.20633,-1.32539,-0.38044,-3.94555,1.92579,-15.997,3.416,-986.248,-208.864,-560,-9380,-2660
-4.70315,12.609,3.76156,19.2349,6.04135,-0.109898,-6.4075,-4.89587,-10.9573,-2.03324,0.106666,6.224,1.26695,2.25184,5.66637,-8.81952,-0.488,-987.712,-210.328,-1260,-9100,-3080
-21.1203,-25.9727,-10.8737,-21.6954,-18.7876,-4.94013,-20.4899,-2.4248,-28.8298,-15.2116,-9.00206,-18.6856,-6.93728,-10.476,-19.5397,-12.1439,-2.44,-987.224,-209.84,-1960,-8820,-3360
-5.91065,-10.4986,-7.06242,-19.0535,-14.3454,-1.84957,-11.5373,5.23656,-1.82722,-7.51971,-4.2438,-9.21501,-2.57137,-7.58564,-18.1949,-2.02302,0.976,-987.712,-206.912,-2520,-8680,-3780
-18.2847,-23.157,-6.61379,-22.5166,-11.3762,-3.14349,-8.50365,2.67937,-35.8925,-9.95416,-7.75639,-12.6541,-2.94175,-5.53466,-21.437,-0.573745,-2.928,-986.248,-207.4,-2520,-8400,-4480
-30.3501,-39.8366,-7.91024,-31.8433,-13.2921,-3.97127,-11.5929,-0.62011,-58.8301,-10.2273,-8.17598,-20.2191,-2.65204,-4.87998,-29.2953,-2.9757,2.44,-989.664,-211.304,-2520,-8120,-4760
-15.8932,-26.7076,-5.81493,-25.4287,-10.5132,-0.636559,-8.59122,1.60402,-20.4823,-1.12722,-1.15848,-14.0969,0.471726,-3.95141,-20.3947,-2.14847,0,-986.248,-210.328,-1960,-8540,-5040
-18.1457,-23.1031,-9.72487,-20.2355,-11.4541,-6.24314,-10.8565,-6.07309,-14.2984,-7.12727,-8.49842,-15.9798,-5.83196,-8.25958,-13.4214,-9.38704,-3.416,-989.176,-211.304,-1400,-9380,-5460
-12.5153,-4.53744,-7.55823,-0.188313,1.95917,-2.48581,4.70126,1.04654,-2.16702,-7.06082,-9.44627,-6.4381,-5.75374,-1.2961,6.69849,1.51311,-1.464,-985.272,-208.376,-1260,-9940,-5740
-3.63527,-3.1377,-7.51038,0.228873,-1.91917,-3.232,4.55219,-1.61828,8.05248,-1.14713,-2.79344,-6.32356,-4.64922,-4.79092,10.4022,0.0850591,1.464,-983.808,-214.232,-560,-11200,-5600
11.558,26.0933,1.77587,20.9962,6.71522,-2.54473,5.00789,-3.80117,33.687,7.80765,2.38649,11.1702,-0.54831,-2.11938,16.9359,-0.726106,0.488,-979.416,-210.328,-280,-11480,-5740
23.2047,43.4191,11.6656,46.1007,23.9943,5.16239,21.4319,2.73013,43.4682,13.472,5.66148,26.068,5.11907,8.91136,41.5669,10.9807,3.416,-978.44,-212.28,-420,-10640,-6020
36.102,70.1789,23.2247,68.6358,42.081,13.6659,35.4058,7.21584,55.9887,20.499,7.92277,43.7793,11.1383,23.1794,53.5642,21.3466,4.88,-976,-207.888,-560,-9940,-6160
29.1862,35.362,20.8446,21.8272,23.0282,13.2833,18.6729,6.79083,33.6359,22.038,12.7457,29.7692,13.2421,19.5746,10.0199,17.1111,4.392,-978.928,-211.304,-980,-9660,-6160
-4.82845,-19.0056,7.49226,-8.8772,5.8341,7.90963,12.6683,7.02425,-36.3567,5.36533,6.84272,-0.514622,6.16608,9.85999,0.688997,14.0146,5.368,-980.392,-207.888,-2100,-9520,-6020
8.85651,8.90114,9.29198,3.11212,9.05652,2.59165,3.09082,-2.08526,-2.04869,7.51276,5.89813,11.6871,4.15387,8.33026,-5.7267,1.47316,10.248,-979.904,-212.768,-2100,-9520,-5880
30.1046,13.5386,12.1757,-24.152,-6.47568,0.585836,-25.083,-8.05226,43.1237,20.0943,16.0901,14.8541,8.22733,2.00529,-53.4807,-13.5917,8.296,-983.808,-212.28,-1960,-9800,-5320
17.283,3.80494,3.90095,-10.6988,-5.94774,1.14673,-6.90644,2.48576,26.2153,7.04015,7.22065,2.3719,1.95141,-1.53279,-14.9412,0.273065,8.296,-980.392,-210.816,-1960,-10080,-4900
3.4792,1.2414,-2.18852,21.8728,8.22454,4.99404,23.2869,15.4773,-5.07031,-3.98073,0.219798,-3.73996,-1.40857,2.79191,43.098,17.5412,9.76,-984.296,-214.232,-1680,-10220,-4620
-14.5688,-13.5941,-10.6598,13.0973,0.486148,-0.19753,19.1279,11.3387,-10.8115,-13.4279,-5.85894,-16.9656,-7.86767,-4.08558,41.373,11.7082,8.784,-983.808,-215.208,-1400,-10360,-4200
-11.9575,-16.6356,-9.12783,1.99532,-4.23219,-1.06578,9.76329,7.271,-12.4549,-10.4683,-4.06868,-15.4074,-6.08953,-4.64553,26.0891,5.81489,12.688,-987.224,-215.208,-1120,-10360,-3780
-0.673983,-5.61717,-4.1444,-4.15337,-7.18585,-2.04915,-2.83508,1.88813,0.282273,-4.38517,-1.25945,-6.0333,-2.15494,-4.98317,4.90507,-1.93873,14.64,-983.808,-215.208,-700,-10360,-3360
0.955131,5.66899,-5.04044,-6.93112,-9.85651,-8.2502,-15.4164,-7.33819,7.56032,-3.52946,-3.84671,-1.65286,-4.64381,-7.90188,-20.6049,-10.6414,13.176,-984.784,-214.232,-140,-10360,-2800
-21.0384,-37.7456,-11.3056,-42.9886,-22.5196,-9.9782,-25.8045,-11.5228,-44.0439,-12.7181,-8.27431,-21.0862,-6.7245,-10.4022,-48.1218,-13.2324,9.76,-983.808,-211.792,560,-10780,-2520
-19.6807,-34.743,0.0318354,-26.8913,-7.41453,1.16409,-8.80789,-8.59999,-50.9447,-6.69519,-2.79032,-12.4727,3.29297,2.27037,-19.9197,-3.09673,11.224,-982.344,-213.744,1120,-10640,-2240
-18.4784,-17.0659,-2.67925,-0.65333,-1.63159,-2.12766,-4.59696,-12.1,-45.8871,-11.1648,-6.87172,-8.91013,0.758804,-0.257608,6.52086,-11.5471,10.248,-980.88,-214.72,1540,-10920,-1960
-2.72394,2.35044,-2.22184,1.79346,-0.234299,-2.64898,-8.93266,-9.32359,-3.27487,-8.17174,-4.50298,0.30211,1.08058,-2.84113,-8.02722,-13.7358,13.664,-976.976,-211.792,2100,-11200,-1960
22.9237,23.4267,3.26029,-1.76682,0.477008,-4.18875,-18.5936,-11.7479,39.7639,3.7114,1.03168,15.5596,2.03939,-0.856169,-37.811,-14.6445,14.152,-976,-213.744,1960,-11620,-1960
13.172,-2.14592,1.73412,-27.865,-13.0721,-3.4099,-22.5805,-5.99059,18.2253,5.06474,4.86238,3.10457,4.36793,-4.15073,-47.5289,-14.8604,14.64,-976.976,-213.744,1960,-11480,-1960
-4.88212,-10.8195,-6.61754,-5.68972,-8.85933,-3.048,1.96453,6.23128,1.49619,-3.8182,-2.55106,-8.77952,-2.00132,-5.49125,9.86205,0.00591524,18.056,-981.368,-213.744,2100,-11900,-1820
5.62661,26.9594,-5.11562,36.5549,7.3491,-3.3471,17.0584,6.90226,35.5285,-0.0307934,-1.56613,6.15595,-5.16481,-2.35617,54.6526,4.62037,14.64,-980.88,-209.84,1960,-12320,-1820
27.5442,67.898,8.72008,49.9095,17.3772,-2.34756,7.31162,-4.13011,80.6751,16.3949,5.73043,30.8854,-0.301459,3.47017,36.8952,-3.44149,12.2,-982.832,-217.648,1960,-13440,-1820
0.831443,25.9719,6.84048,34.8798,18.9542,4.57494,20.2278,8.25798,12.5528,6.59803,-0.834221,14.8192,-1.04266,8.69325,33.6037,13.2189,13.664,-989.176,-220.088,2380,-14840,-1680
-24.1681,-27.7659,3.66126,3.13758,13.8264,12.0182,20.9654,16.0759,-54.6135,-4.10939,-4.19362,-4.75915,1.702,12.6486,12.4826,20.1984,13.176,-993.08,-223.016,2800,-15960,-1820
-37.2232,-47.9488,0.518611,-17.8691,5.46556,10.159,5.85273,12.6613,-85.1322,-9.87061,-7.32225,-14.3129,1.29839,9.89489,-17.6815,11.5008,16.104,-998.936,-227.896,4340,-17360,-1680
-37.3595,-43.2812,-3.46392,-25.2281,-8.96947,-0.254386,-13.2691,-5.99363,-81.3822,-7.06319,-4.07471,-19.4102,-1.28705,-2.29372,-27.8891,-9.01546,14.152,-1001.38,-234.24,5320,-18340,-1680
16.1599,26.2651,-1.41592,-2.87411,-11.407,-7.98309,-14.7277,-14.0906,53.4785,12.8899,7.92479,6.00109,-2.6192,-12.4456,-8.69945,-14.4366,15.616,-1000.4,-236.192,7000,-19320,-1680
19.3771,21.976,-8.41829,-15.9636,-18.0887,-8.9337,-11.417,-7.68405,70.7194,7.42742,3.75291,-1.00974,-7.28516,-16.3822,-16.2515,-7.42595,14.64,-991.128,-231.8,7980,-19880,-1680
-6.57472,-31.9882,-8.55807,-50.3523,-26.5533,-5.01618,-26.5339,-7.98401,-3.43569,-3.27469,-0.398447,-19.0661,-4.16507,-13.5637,-50.1876,-14.3908,13.664,-991.128,-229.848,8400,-20440,-2100
-30.0701,-37.165,-6.65446,-14.5239,-2.09922,5.53823,4.9105,10.3639,-64.4681,-18.8194,-10.2542,-20.122,-2.51684,1.76074,-6.52957,11.5,12.2,-990.152,-227.896,8120,-21000,-2660
-13.5992,-18.9149,-7.40924,0.21176,0.50535,2.52624,13.3763,14.7317,-29.6924,-13.7686,-7.92216,-13.8879,-4.43504,0.455706,13.9955,16.642,16.104,-991.616,-226.432,7560,-21140,-2940
23.5463,36.2765,3.71962,19.1623,7.64211,3.29477,7.28073,11.6394,41.6236,4.08803,1.84488,14.1281,1.72039,3.10277,5.76308,11.5384,16.592,-994.056,-229.36,7140,-21000,-3220
15.4615,25.4475,-1.28112,20.9515,4.49125,0.967691,9.9131,4.42238,25.0547,-1.26352,-0.587911,6.4223,-0.00586607,-0.69256,21.5309,9.46122,17.568,-994.056,-232.288,6860,-21000,-3360
23.9065,9.80831,6.48891,14.7066,6.9711,2.57602,14.4008,1.84264,22.2133,9.44793,8.80515,9.43613,5.80085,2.09186,32.0213,7.09131,19.52,-996.984,-229.36,6440,-21140,-3500
27.32,13.6887,16.3221,-0.648688,8.37289,1.7139,0.417835,-4.1933,22.5275,17.4166,11.9335,18.2405,10.1469,6.1983,-4.96822,-0.855932,16.104,-996.008,-232.288,6020,-21420,-3500
1.74576,-17.7213,2.60213,-17.3419,-1.80639,3.24221,5.11985,8.84241,-6.96981,6.88166,8.04211,-4.40632,5.22616,1.40439,-1.85268,9.45493,16.104,-991.128,-230.336,6300,-21560,-3360
-3.77156,5.01144,3.56071,20.5077,15.6003,5.61556,15.5811,-2.66943,0.783446,3.63795,1.94288,3.07797,3.7515,9.06704,30.6131,8.33653,11.224,-989.664,-233.752,6580,-21700,-3080
-12.5576,-6.19389,5.45195,13.0212,13.2815,5.36729,1.95704,-10.5318,-27.5539,0.526006,-2.23307,1.63784,4.01621,9.86012,15.4363,-7.92799,20.984,-994.544,-243.512,6300,-21000,-2940
-11.5251,11.3705,6.39452,18.6495,8.74318,2.46376,-10.3539,-13.6136,-24.4416,-0.680346,-1.82547,6.42215,3.43521,7.14751,-3.33225,-15.3971,21.472,-1004.3,-236.68,3640,-18760,-3500
10.8419,33.1207,6.8734,1.96874,-3.17886,-6.22484,-20.3817,-20.8852,39.6205,13.6327,7.12298,16.4713,3.2515,-0.823291,-27.7512,-16.7456,14.64,-1000.4,-233.264,5040,-15680,-3220
-3.84588,-1.4858,3.90421,-2.82741,2.58037,-3.43906,1.99328,-6.16207,8.12687,8.03156,2.41818,5.36697,1.66574,6.01999,-4.20187,2.3714,11.224,-996.984,-236.192,6860,-14000,-3360
2.30465,17.3881,10.4046,17.0313,12.7435,3.15195,5.63562,4.15858,21.872,8.53977,3.46149,15.7021,6.14518,13.3477,10.1518,3.8436,9.272,-998.448,-224.968,6580,-12460,-3360
-15.9669,-21.4517,-9.14493,-17.531,-15.4841,-5.26191,-9.5648,7.84751,-27.3759,-11.066,-3.52917,-14.1904,-4.56108,-7.97429,-12.68,-4.06401,11.224,-995.032,-225.944,6020,-11760,-3640
7.60059,-15.1599,-6.32535,-34.1614,-20.7493,-5.01448,-23.4235,2.94193,4.31236,-5.09756,3.10813,-7.78522,-3.04555,-11.2708,-42.9863,-12.7173,4.88,-995.52,-217.16,4900,-9940,-4480
12.6724,-6.53437,-10.3386,-27.6445,-19.1126,-6.62735,-18.1279,1.05197,25.458,-10.956,-4.6753,-6.42648,-7.71749,-13.7893,-30.0226,-13.0225,3.904,-997.96,-213.256,3920,-8400,-5320
3.50874,-0.717018,-11.4417,31.4056,5.3881,-4.93037,17.8689,-0.822186,-3.82957,-18.1894,-8.6485,-7.02756,-8.82999,-6.02772,54.2881,1.60669,3.904,-993.568,-208.864,3220,-7280,-5740
15.0897,23.1199,-3.11077,48.2829,16.5825,-2.92468,22.2629,-2.29306,4.02365,-8.92568,-3.73958,6.71716,-4.76362,0.885688,59.074,2.78795,0,-995.52,-201.544,2660,-6300,-6300
12.4493,-2.13278,-3.03906,15.6065,4.41799,-1.70868,12.0647,3.43824,-13.4133,-8.09828,-2.26507,-2.07878,-3.62794,-0.503846,24.698,5.32005,0,-997.96,-193.736,2380,-6160,-7000
14.3764,-23.6196,-0.561394,-28.8817,-13.6964,-1.48507,-7.91861,2.7971,-14.358,0.83458,4.30536,-9.74321,-0.556368,-4.89781,-19.9305,0.600356,1.952,-991.616,-194.224,1680,-6440,-7980
1.19456,-33.3058,-4.12839,-55.3967,-25.3785,-1.68202,-19.2773,3.37921,-13.542,-2.15886,-0.541385,-16.9104,-2.0252,-9.91033,-56.5648,-2.31688,-2.44,-988.2,-189.832,1120,-6160,-8820
-8.76963,-12.0346,-8.64006,-33.8856,-12.3414,3.2225,-3.12528,11.0953,8.66495,-7.85216,-6.9787,-12.7527,-5.03824,-3.71642,-40.2756,8.1571,-3.416,-985.76,-189.344,280,-6300,-9240
-2.74363,25.1228,6.12454,14.09,15.4851,6.94624,11.6934,4.53115,13.0346,12.7358,3.13662,12.752,4.05186,10.2655,-8.59478,12.0833,-2.928,-984.784,-183.976,-1540,-6300,-10360
-12.0393,0.606929,8.04042,10.6947,8.99019,0.771527,-0.636554,-13.106,-33.8225,15.1409,4.58019,6.73325,6.16173,5.39379,-4.44606,-3.70749,-1.952,-968.68,-175.192,-3220,-6580,-10780
-34.5653,-24.4204,-2.11942,15.5358,9.22516,6.33565,19.5844,5.12245,-71.2916,-7.29699,-8.36004,-12.7319,1.02753,4.93269,35.5548,11.4707,-1.952,-977.952,-172.264,-4620,-7000,-11620
-11.5509,-16.5573,0.398436,-2.46878,6.47893,9.07698,15.9932,16.2992,-6.56925,-4.49399,-10.1372,-3.96457,-0.60917,6.13829,15.5405,17.7815,-6.832,-977.464,-165.432,-6300,-8260,-12180
12.4807,13.1343,4.07427,-1.55113,3.85837,2.67158,-6.45496,4.92504,39.512,2.88009,-5.37926,12.1329,-1.22644,2.21551,-3.50966,-2.87904,-5.368,-970.632,-167.384,-7000,-9100,-12600
15.6811,50.6388,11.2855,49.8459,22.0628,5.68506,6.10141,6.80239,42.7867,5.42865,1.85653,26.157,5.05523,9.34482,42.3045,-4.77237,-4.392,-968.192,-166.896,-8540,-9520,-12880
5.89002,29.0057,2.94282,13.5926,-0.101554,-2.89821,-9.42729,-5.6269,33.0512,1.82092,4.91201,7.73606,1.36923,-2.49467,7.19009,-12.9244,-0.976,-968.68,-170.312,-9660,-9660,-13160
9.70274,24.4267,9.25476,7.35055,6.90911,1.60459,3.60359,-6.91778,29.0794,12.2893,11.6601,12.1814,7.46512,6.35758,-4.43063,5.23445,-3.416,-969.168,-171.776,-11340,-8540,-13300
-14.5102,-7.20288,-2.4101,-2.21525,0.105303,-2.67759,8.2963,-6.34552,-11.6517,-3.25443,-2.53976,-4.93571,-0.219054,1.81271,-0.339607,8.93601,-5.856,-970.144,-165.432,-12880,-7420,-14000
-34.9446,-41.0078,-11.5959,-16.2251,-10.941,-5.30906,2.49245,-6.52262,-56.193,-11.9745,-5.44289,-22.3215,-3.59118,-6.77511,4.52262,-0.399092,-9.272,-969.656,-169.824,-13580,-6020,-13860
-23.3361,-28.8319,-4.76848,-12.3004,-5.00967,-3.66153,-9.41386,-10.2313,-40.4084,0.627066,1.65793,-10.9558,-0.453043,-5.19444,-6.50435,-13.4149,-6.832,-967.704,-171.288,-14280,-4340,-13860
-3.33923,5.45987,2.35641,-6.60477,-6.00815,-5.71448,-31.4419,-16.7991,14.3791,13.5063,6.67506,7.43395,2.02728,-6.62673,-25.0241,-29.9634,-10.736,-963.8,-171.776,-14700,-3360,-13720
9.77856,37.9819,3.7481,8.1564,-4.08023,-2.91484,-18.9111,-4.87944,53.4952,13.4199,6.16141,15.6225,1.84581,-4.4118,-13.0367,-13.9365,-10.736,-961.36,-173.24,-15260,-1400,-13580
-2.16333,3.10475,-6.89355,-17.4941,-15.7889,-2.26701,-5.54561,9.00927,23.8812,3.17126,2.57395,-7.73068,-3.50674,-7.31256,-15.8769,5.79937,-14.152,-958.92,-175.68,-16240,560,-14000
-10.5022,-30.5478,-2.64031,-33.3779,-12.8215,-0.385359,-5.96403,3.25,-23.3058,0.230326,1.95744,-14.5049,-0.827792,-3.26904,-28.277,3.5093,-16.592,-956.48,-182.512,-17220,2100,-14700
8.85517,-4.58225,7.23102,-4.89368,2.77221,1.39288,-2.82366,-4.73441,0.930579,4.98806,6.34785,2.57846,4.58569,2.6762,-8.16962,-3.22507,-15.616,-957.944,-185.928,-18340,4060,-15400
7.03765,-14.1848,-5.53785,-18.8167,-16.9752,-8.32967,-11.8337,-7.89289,5.48302,-6.87429,-1.82763,-10.9289,-5.62421,-11.0937,-13.046,-8.00442,-15.616,-950.624,-183.488,-19180,5600,-15960
3.29075,-5.628,-8.55325,7.69972,-8.18494,-4.5565,9.39594,5.19909,-6.03102,-13.0274,-3.18512,-10.7003,-6.15716,-8.74768,24.2148,7.81393,-17.568,-951.6,-183.976,-20160,7840,-16660
-0.253703,-2.23434,-10.2996,25.6677,7.6118,-0.048348,29.1776,14.2078,-11.3704,-17.3701,-8.55248,-9.29934,-7.90903,-1.80661,46.914,21.306,-15.616,-949.648,-183.976,-20020,9100,-17220
10.5801,10.0269,-1.09503,21.558,13.3533,3.42605,20.6693,9.37505,-6.45722,-8.21093,-5.20843,4.65871,-0.785106,5.61861,23.8806,17.3358,-13.664,-949.648,-195.2,-20300,9800,-17220
14.4076,-2.09334,8.89629,10.1224,17.5779,8.75963,15.5374,6.02697,-19.526,2.71671,1.10302,11.1561,8.32381,14.3067,10.2296,13.6529,-12.688,-958.432,-197.64,-21140,10920,-17220
18.1416,8.78303,9.90901,5.77451,15.4912,6.37824,10.5343,2.34328,11.6695,4.36975,-0.427025,14.8724,5.45955,12.7164,0.38807,8.92774,-11.224,-951.6,-201.056,-20860,11480,-16940
27.1165,44.3238,8.18276,22.1044,12.7105,2.77063,5.06773,1.76042,57.1509,7.86292,1.90124,22.374,1.87192,8.31375,4.36177,2.82718,-6.832,-945.744,-200.568,-19600,13160,-16240
-2.33048,-7.00925,-0.963006,-5.34225,0.873217,3.35769,-2.15558,5.74605,-6.46202,-0.868251,-0.950675,-2.90121,-0.532154,3.45343,-7.25914,0.323038,-7.808,-949.648,-204.472,-19460,14140,-15680
-26.9343,-56.3769,-1.16801,-32.7655,-6.92925,3.6547,-10.6548,0.623381,-77.3899,-7.21012,-4.16888,-18.9381,2.047,2.46083,-20.6521,-5.34311,-6.832,-948.184,-203.496,-20020,14700,-15400
2.53713,-3.71266,8.43323,-7.53519,2.52433,3.35348,-10.9831,-6.19521,-12.4583,6.39438,4.92716,6.06442,5.50132,4.95221,-15.1995,-9.26654,-7.808,-954.528,-203.496,-20440,15820,-14980
24.8916,36.4757,0.885228,6.4218,-7.14501,-4.97841,-15.0423,-14.3066,61.9632,12.0926,7.9293,12.9531,-1.24541,-6.78225,-9.70857,-13.9954,-12.2,-951.112,-197.64,-20580,16800,-15120
4.80823,13.4243,-3.7187,-2.56305,-2.98962,0.16071,1.17452,0.414806,24.258,0.888214,0.183379,1.2951,-3.06189,-0.642111,-8.48966,-0.605311,-6.832,-954.04,-198.616,-21420,18340,-14980
8.23839,25.0034,4.58845,9.81653,9.31968,2.23759,5.50548,2.70387,20.3069,2.68651,-2.14222,11.6516,-0.417077,7.89975,-2.67693,0.474361,-6.832,-956.48,-194.224,-23380,20720,-14980
0.126786,8.94845,-3.42734,16.5637,1.83685,-2.9111,9.2923,1.88521,-0.86877,-2.5021,-3.49688,-1.60825,-5.34828,-3.02928,28.726,1.31117,-10.736,-955.992,-196.664,-23940,21980,-14840
-25.4547,-33.3806,-10.6189,1.79246,-6.7273,-1.5563,2.44165,2.12717,-47.2157,-10.3019,-2.73267,-21.1456,-3.52881,-8.55686,26.7067,-3.75057,-10.736,-959.408,-193.248,-25480,23100,-14980
-19.0188,-42.0053,-8.7283,-29.9938,-21.5961,-5.76071,-22.04,-12.2097,-34.3881,-2.90256,1.32387,-21.8982,-1.24725,-15.702,-20.3831,-20.7536,-12.2,-961.36,-201.544,-26040,24220,-15120
-2.06371,-0.956776,-2.9859,-8.85806,-13.1896,-2.48136,-9.36709,0.187389,3.49283,0.707791,5.08734,-5.52944,0.452745,-10.7773,-8.59611,-5.49252,-14.64,-963.312,-206.912,-27160,25900,-15400
-21.2323,-22.6839,-6.79991,-21.1968,-8.75284,0.0563808,-0.287416,5.14157,-30.2615,-15.0671,-8.38686,-14.868,-3.57315,-7.88509,-22.2145,4.67735,-13.176,-968.192,-207.4,-28000,28700,-15960
-1.55209,1.48529,13.2417,-4.08473,15.9964,5.85987,8.44294,3.24403,-11.8356,0.99813,-4.49412,12.4889,6.08469,13.9809,-19.4024,10.5409,-12.2,-964.288,-212.768,-29680,31360,-16380
14.4645,28.8924,14.9033,16.6672,13.1425,-2.76679,4.36126,-1.21134,25.7337,15.3786,5.59979,21.5974,5.57366,11.8161,8.55281,3.9742,-11.224,-958.432,-207.4,-31640,35000,-17220
6.1248,24.5828,0.558319,14.7618,-1.11359,-6.16544,0.0848073,-1.50813,34.9025,3.71421,1.91675,6.20566,-2.03526,-0.964078,19.3193,0.0377533,-13.176,-956.48,-205.936,-32900,36540,-17500
-16.9318,-15.6234,-4.30724,-6.82587,-3.68997,-4.87122,-16.3466,-9.23274,-18.5111,-7.7993,-4.61147,-7.02948,-2.92814,-1.75034,-6.40136,-13.7539,-12.688,-962.336,-208.864,-35420,37800,-17920
5.87879,18.8264,11.2503,34.1302,23.8957,3.87761,1.49297,-6.76743,6.0595,8.45253,2.09333,17.5401,5.82213,13.7322,23.428,-7.63464,-9.76,-960.384,-208.864,-36540,39480,-18760
34.3278,71.5688,8.853,59.9288,18.5733,2.13919,10.4514,-1.3601,75.4368,13.1607,2.75864,29.0717,3.17288,8.31289,42.7175,3.7774,-6.832,-961.848,-209.352,-37940,40740,-19460
-1.73228,0.140503,-7.02193,-11.6139,-12.5523,2.26187,-0.806702,4.03065,10.8353,-2.51402,1.64046,-9.64999,1.0663,-2.55453,-12.743,5.7371,-5.856,-961.36,-208.376,-39760,42420,-20580
-15.0368,-30.6764,-14.3196,-43.6745,-22.8996,1.28315,-8.82063,-0.353551,-9.71929,-8.64885,-3.51649,-21.2625,-3.04592,-12.5163,-42.0767,-0.520855,-2.928,-960.872,-203.008,-41020,43820,-21280
-31.248,-42.7705,-22.2922,-29.436,-19.6479,-0.639601,4.67145,10.2175,-31.4769,-19.705,-8.4811,-30.5745,-9.21072,-17.6634,-7.71865,7.45354,-1.952,-956.48,-206.424,-42140,45360,-22540
-24.9148,-32.697,-17.0867,-11.6707,-11.9116,-9.94838,5.04378,6.98979,-39.1249,-14.7092,-5.62764,-22.3977,-10.4688,-13.1633,10.1054,4.99686,2.44,-956.968,-206.912,-43820,45780,-23240
-9.2523,-33.6654,-8.73615,-24.2639,-5.2491,-10.0361,-0.944488,1.56444,-46.6408,-0.25177,0.915961,-9.30094,-8.67598,-11.5365,-15.4124,1.10065,4.88,-960.384,-205.936,-46760,46340,-23940
14.8663,18.429,11.3117,22.02,18.5141,2.01418,20.5068,7.17711,-1.10854,10.3226,4.39496,18.3703,0.604625,12.37,21.1661,13.8946,10.736,-964.776,-204.472,-48300,46060,-24080
26.6188,30.7973,15.9296,25.7541,14.0931,7.34093,15.1394,4.78745,35.3012,14.7362,8.36568,19.069,6.81535,16.3254,23.0535,9.9313,15.616,-961.36,-206.424,-49140,45780,-24640
8.76806,-15.3372,11.5107,-8.79896,6.62072,11.9176,6.06307,3.734,-0.63091,7.36201,6.5916,0.64645,9.39409,13.1997,-1.07,7.36241,16.104,-958.432,-204.472,-48860,44380,-24640
12.7112,-2.30451,12.3219,-1.55509,7.46378,9.76034,-0.369659,-2.66231,13.8066,8.54505,5.96675,7.15093,10.6965,9.50744,-1.11352,1.00282,17.568,-957.944,-203.496,-48160,42560,-24360
12.385,14.8394,10.554,8.54497,5.70703,4.03769,-10.2527,-8.85807,20.4132,6.97673,3.9889,11.56,8.09947,4.16048,-4.03573,-8.2657,23.424,-955.992,-210.816,-48580,41020,-24080
10.869,20.0417,2.25286,9.0472,-6.94225,-5.17716,-22.4176,-13.007,25.1217,2.38814,2.36979,6.85911,1.01827,-9.8038,-2.38812,-19.809,24.888,-957.944,-214.232,-48580,39060,-23380
0.0735004,10.1316,-8.51656,-2.80141,-14.5813,-9.00147,-20.9756,-9.19051,11.7412,-8.15067,-6.26584,-3.15585,-7.44751,-16.7294,-12.2572,-18.3996,27.328,-955.992,-214.72,-48440,37660,-22960
-1.30322,-6.73257,-4.30457,-17.3037,-5.39923,0.335967,-2.95289,4.01232,-6.49592,-5.52117,-6.24015,-2.68289,-3.54946,-2.55954,-22.962,2.41542,27.816,-962.824,-223.992,-48160,36120,-22400
-3.54881,-24.0899,-4.69852,-20.893,-2.46554,3.25129,7.97677,7.33292,-19.4403,-4.57654,-3.61298,-9.73866,-1.82428,2.32223,-9.93345,10.6416,33.184,-958.92,-223.016,-47600,34720,-21560
5.55529,-14.9499,1.54899,-12.4027,1.74917,-0.458408,5.43178,-0.289905,-7.4414,1.99647,-0.368432,-1.12225,1.55068,5.18798,-1.467,3.67488,34.16,-951.112,-217.648,-46480,33740,-20860
-3.93021,13.9029,10.5633,28.6381,30.1595,8.5803,23.8488,8.12702,-18.648,-3.13758,-3.78124,16.2197,7.0754,22.5559,21.3586,15.9488,40.992,-953.552,-217.16,-45360,31920,-20300
0.858702,52.5017,7.72321,53.4059,24.8647,3.97926,12.133,3.09813,11.0695,-2.78938,-2.72668,21.9392,3.70258,13.8466,29.1883,5.02524,42.944,-955.016,-218.136,-45360,30660,-19740
3.3212,17.2155,-0.282575,8.2903,-6.7853,0.0338237,-10.0195,-0.0325878,13.3982,5.97569,9.4491,1.23721,3.69887,-4.56074,0.227535,-7.67232,40.016,-950.136,-216.184,-44800,27440,-18760
-23.0701,-46.0813,-6.6416,-32.1048,-17.4741,-2.79568,-17.0613,-6.44478,-58.6137,-4.338,1.53511,-23.7205,-0.895979,-9.00524,-29.7631,-10.7679,43.432,-950.136,-214.72,-44380,24640,-18060
-17.2794,-47.1113,-1.79762,-32.8867,-9.91708,-1.28779,-9.77891,-4.05763,-44.586,-1.19562,-0.38411,-15.8219,0.764772,-3.33244,-27.518,-6.57221,40.992,-953.552,-217.16,-44660,21140,-17080
7.2504,9.16841,0.842415,9.17704,1.36922,-2.42513,3.56525,-1.45004,30.2477,4.92366,-0.478719,5.39743,-1.99088,-2.86105,9.24529,-0.695517,37.576,-952.088,-215.208,-44520,18060,-16660
9.98818,46.1284,-5.91194,41.5739,4.51163,-5.18348,15.4032,3.49067,59.3626,0.969914,-4.76676,10.0467,-8.85663,-7.77282,46.1915,5.53436,36.112,-945.744,-213.744,-44240,16660,-16660
-8.67314,17.7243,-15.4785,11.7484,-6.29249,-6.7651,8.1295,5.84141,26.1352,-9.12967,-7.32836,-6.32525,-11.3612,-10.4599,21.1062,4.89301,37.088,-952.088,-207.4,-44940,13720,-16240
-1.08301,-1.62756,-10.7599,-21.0849,-20.6755,-7.11429,-12.9858,-0.904218,18.2667,2.394,5.64204,-8.84028,-4.75232,-14.4539,-12.5407,-8.2287,47.336,-947.696,-222.528,-45080,10220,-15960
-12.3731,-28.0923,-15.2334,-46.7785,-33.259,-9.68217,-25.111,-5.10674,-5.19214,-1.40195,4.08647,-23.7725,-6.60708,-19.9163,-33.3714,-16.082,41.968,-943.304,-222.04,-45220,6440,-15260
-12.4958,-18.9992,-5.16821,-29.9492,-16.0171,-3.8394,-21.9178,-6.00166,-19.8085,-0.39356,4.36627,-13.0184,-0.877503,-9.08924,-35.7188,-13.5435,42.456,-940.376,-219.6,-46060,4060,-14840
-10.7351,-13.4255,1.08108,-8.59111,2.05559,-0.686591,-3.65247,-6.16821,-21.5035,-2.37601,-3.16756,-4.49345,-0.740096,1.5722,-9.90396,-2.2172,44.408,-926.712,-235.704,-47460,2520,-14840
-8.13762,-16.3564,14.1206,-5.07333,21.5461,10.2839,15.9474,3.16785,-34.7267,3.31972,-2.78661,8.11331,7.03231,20.509,-4.07159,15.4454,41.48,-935.496,-215.696,-49700,1540,-15120
-8.97846,13.6437,22.7398,40.7791,41.7128,12.9989,27.9965,3.14862,-46.5628,-1.12089,-9.22897,24.9788,8.20023,30.9241,34.7438,18.8016,47.336,-941.84,-210.328,-52220,980,-15680
22.855,33.9282,8.03882,46.9577,15.8142,1.54881,16.76,-0.00394362,40.3223,8.88638,0.0257919,16.7115,0.15298,4.51322,56.5017,5.67376,48.8,-953.552,-220.576,-55860,1820,-16240
24.8561,8.01672,-2.54357,5.38492,-5.15257,-2.76168,5.4783,2.24434,51.4524,7.23193,4.96658,-0.549375,-2.1143,-4.55236,17.5125,3.80233,53.68,-966.24,-231.312,-58800,1540,-16660
10.7639,-14.5195,-2.2848,-22.0305,-7.05258,-0.623168,-0.085224,2.04424,12.0349,-0.846484,2.05144,-7.16303,-0.813198,2.24896,-17.5834,5.04832,36.6,-953.552,-208.864,-59780,700,-16380
5.58813,-14.6326,4.85536,-17.5819,2.54648,7.11323,3.70122,5.3199,-3.71658,-3.47998,2.63599,-2.13987,5.45574,12.1439,-17.0288,7.38384,52.704,-992.104,-264.984,-62020,1680,-16520
-4.64703,-13.1376,0.694014,-0.335749,5.75631,7.73995,11.3702,8.49454,-20.0658,-10.0671,0.482464,-6.99337,5.83951,9.74745,6.91019,9.00964,47.824,-968.68,-257.176,-58380,3640,-15540
1.82546,-21.7657,-8.01214,-10.9638,-12.8342,0.198442,0.125927,5.1512,-2.57323,-4.1502,4.65268,-17.8565,1.10856,-5.45819,7.90469,0.37953,43.432,-974.048,-276.208,-56140,560,-13160
21.0807,18.029,1.32519,8.60807,-4.12129,-2.54187,-9.68981,-3.77204,27.4074,7.7777,8.47709,9.04387,1.87899,-7.39933,-3.16068,-9.82567,41.48,-970.144,-265.472,-54600,1820,-12040
13.9585,42.2322,6.00963,27.034,11.5754,-0.121006,-3.07287,-5.16141,19.8207,3.97903,0.490477,23.0944,0.315491,-1.66154,-5.25179,-8.68093,35.624,-972.584,-267.424,-53900,2100,-11340
2.56382,24.9817,6.60531,15.0583,12.1932,-0.0950786,-6.12762,-5.13955,-13.6138,1.14791,-4.12825,20.6315,0.520658,-1.70413,-19.4512,-8.36555,34.648,-974.048,-266.936,-53060,1820,-10640
10.2898,31.0783,12.6891,26.1657,13.1264,-4.69713,-7.54823,-9.11763,-9.61103,7.32506,-2.68617,29.8695,2.71159,3.42808,-5.08875,-10.4222,35.624,-971.12,-265.472,-52920,1820,-9940
-13.1068,8.34564,4.19909,18.9877,8.2714,-6.3788,-5.5498,-7.87024,-31.0596,-6.52996,-9.57606,8.98307,-1.12536,5.83573,8.19109,-8.60837,31.232,-972.584,-262.544,-52080,560,-9240
-22.9864,-16.7362,-9.72765,-14.5593,-12.0997,-3.35164,-13.9883,-3.4092,-27.9385,-9.34561,-6.64804,-13.844,-3.61727,-10.2514,-9.10517,-11.2811,28.304,-974.048,-263.032,-52780,-140,-8820
-21.8261,-24.4058,-17.752,-33.3119,-31.2399,-7.79668,-19.461,-2.87677,-7.68768,-10.7078,-5.76061,-27.3566,-9.15799,-20.0177,-24.4311,-11.4087,28.792,-972.584,-255.224,-53340,140,-8680
-4.83597,-0.669605,-8.38377,-20.2751,-19.1322,-1.48391,-8.72701,5.93653,32.2046,-2.46044,1.19675,-14.6494,-3.09303,-5.47394,-16.831,0.759718,20.496,-976,-230.824,-54040,-140,-8540
-17.7266,-30.6592,-13.9228,-22.9033,-14.6458,1.71969,7.08292,9.41988,-5.83351,-10.0092,-3.9368,-28.2582,-6.49054,-6.29614,7.29273,11.0747,25.864,-994.544,-235.704,-55300,-3640,-8400
-13.5862,-55.508,-7.06592,-33.4105,-8.90243,6.83197,12.9581,11.4581,-25.6157,-2.00723,3.02244,-26.8688,-1.05449,1.20454,4.70395,16.5612,30.744,-987.712,-282.552,-54460,-8120,-7840
24.1058,11.6845,13.4822,9.03368,16.8447,8.65686,11.4466,2.40789,30.7351,17.4484,8.15411,17.5332,6.31856,12.7387,10.476,10.9774,27.328,-975.024,-287.432,-53060,-7140,-7840
24.776,29.867,9.871,20.6393,16.4048,3.82485,8.65993,-1.71319,32.1159,10.8462,1.55486,22.0183,1.88228,5.07305,14.4649,5.73026,21.96,-952.576,-289.872,-53760,-3640,-8400
0.970136,-4.88397,-3.60164,-2.94129,-0.567752,-2.57688,-0.226837,-3.17191,-12.0797,-4.37083,-5.49283,-0.942488,-4.84046,-4.68986,-2.25511,-1.07985,25.376,-961.36,-277.672,-56420,1960,-9800
4.75715,12.3509,-3.03587,10.3548,-5.24573,-2.08205,-12.1965,-9.76681,-8.72918,0.290012,0.970522,5.05682,-0.81683,-18.9993,-5.4433,-14.4975,23.424,-978.928,-260.104,-56420,3080,-10360
10.6036,41.6431,-2.95337,32.9937,5.02029,-10.1696,-7.38942,-11.7376,25.5471,-0.825578,-1.40012,17.2913,-4.24268,-19.8229,8.47413,-12.452,26.352,-989.664,-272.792,-54740,2660,-10500
20.7138,43.1667,7.04364,43.7407,21.0236,-13.0978,14.8357,2.61406,43.6489,12.5202,11.6348,22.6471,1.93747,6.23986,38.1747,7.70835,31.72,-981.856,-295.728,-52640,1680,-10500
-1.74241,-3.49942,11.2988,5.63723,10.9905,4.46461,20.1569,15.2087,-0.92548,9.65775,13.0723,1.16181,11.2015,23.2655,20.6018,21.729,29.768,-976.976,-285.968,-51240,700,-10360
-13.7653,-38.0967,3.85974,-26.3492,-3.13669,14.6329,14.0224,18.3496,-27.7452,5.14879,11.3015,-18.1612,10.3788,16.5976,0.956808,21.7764,31.232,-981.856,-286.456,-50540,-2800,-10220
-28.1908,-64.4156,-8.02797,-49.0973,-18.6526,6.40337,-6.80427,3.94589,-52.2553,-12.1021,-4.09431,-31.7127,-0.182941,3.84584,-24.5699,1.84279,32.208,-984.784,-293.776,-50120,-4340,-10360
-30.1838,-61.525,-11.4867,-55.7837,-22.7263,0.106958,-24.6282,-9.68113,-59.5114,-20.433,-15.1725,-27.9144,-6.69141,-5.92667,-49.2116,-15.1318,34.16,-983.808,-287.92,-49140,-4340,-10500
-2.14035,-11.5852,-9.86591,-23.4473,-16.7472,-5.1374,-19.3271,-9.17036,3.59342,-8.83864,-6.76388,-11.5506,-5.75515,-5.0055,-27.6267,-14.4545,40.016,-984.296,-291.336,-48160,-3220,-10500
-6.02367,6.82586,-2.29269,2.34231,4.56215,3.21413,5.82669,0.961362,11.377,-9.03392,-5.8578,-3.23629,0.292148,11.6326,0.938304,3.98218,38.552,-981.368,-286.944,-46620,-2660,-10080
0.79604,7.63562,13.0976,9.88267,19.551,14.0813,13.4733,1.24767,11.3735,6.27991,5.69475,9.37504,12.2559,24.1349,8.43433,7.68228,38.064,-980.88,-287.432,-44940,-1400,-9660
9.77102,30.7148,13.3092,38.5776,26.6642,11.7629,15.6188,-8.75122,22.1593,16.9613,7.75571,24.0559,11.3309,0.340194,22.4967,-3.37317,34.648,-976,-271.328,-44100,-1120,-8960
3.74484,38.5409,-3.71112,46.6209,8.12601,-12.3346,6.90071,-13.2668,20.8709,12.6904,2.52196,15.755,-2.68455,-29.9678,21.6294,-14.8436,40.016,-989.664,-300.608,-42560,-2100,-7980
0.408123,16.8903,-0.833656,9.3609,-19.759,-27.326,-12.8834,-7.46235,3.48894,13.3775,7.01184,0.957513,-4.11032,-8.96122,-10.2951,-13.1774,39.528,-980.88,-292.8,-38640,-3500,-6440
5.98109,7.25297,7.88061,-6.22027,-8.6447,-9.29603,-8.94368,3.25739,10.1697,11.1739,3.11639,3.39941,1.12253,13.9688,-0.965232,-1.64666,38.064,-972.584,-301.096,-36540,-4760,-5600
8.46693,16.3355,0.789661,3.64899,7.29137,11.0875,1.72415,12.064,26.3905,1.38254,-6.49339,11.0132,-3.60723,7.14149,8.6829,5.67188,39.04,-967.704,-308.416,-35280,-6440,-4620
-17.037,-3.53411,-3.46564,-1.43024,7.62232,11.4045,5.94989,12.0237,-17.6046,-11.4779,-9.43683,0.321423,-1.97699,3.98554,-1.69848,8.49554,39.528,-964.776,-311.832,-33740,-7000,-4060
-36.5213,-44.7383,-8.07808,-42.7051,-11.5303,-0.292939,-9.31916,4.38481,-48.3559,-24.7678,-12.3656,-28.5471,-2.03113,0.91947,-37.4474,2.43993,40.992,-970.144,-310.856,-31500,-7980,-2800
-8.45038,-30.8058,2.58027,-24.538,-3.0439,8.0575,0.236464,6.2915,-35.1229,-8.76666,2.25135,-13.0569,5.91,0.167494,-18.5624,7.90289,38.552,-977.464,-306.952,-29120,-10220,-2240
38.2268,21.271,23.0838,26.3799,27.8697,12.5219,22.9264,7.45421,5.82818,8.11634,-7.06452,29.7506,0.886846,21.8986,27.6339,21.0394,39.04,-973.56,-297.68,-26320,-12880,-1960
76.3434,66.4828,37.2981,55.6389,50.4727,20.9666,31.308,7.27455,53.114,19.3691,-7.12072,64.8214,-1.40082,47.5662,49.2037,25.0045,41.968,-958.92,-295.728,-23660,-15960,-1260
63.5422,82.2155,14.518,74.5556,35.8072,6.95296,5.70901,-12.5083,77.7413,6.95687,8.95001,51.6055,4.09759,9.23532,60.7783,-13.4993,44.896,-958.432,-293.776,-23660,-17780,-1540
18.1346,48.4704,-13.6345,38.2374,-15.8738,-13.4006,-23.7913,-12.5731,52.4274,-8.91916,11.0998,1.74158,-2.35181,-35.3315,16.0054,-30.3427,46.848,-957.456,-286.944,-23800,-18060,-1960
-18.9075,-25.3996,-30.2142,-40.5306,-53.6511,-27.7683,-36.8159,-8.42224,-10.2358,-13.371,3.76169,-41.4583,-14.2479,-44.5056,-43.5994,-20.6295,45.384,-955.504,-291.824,-23380,-17080,-2240
-27.1984,-79.3565,-27.3554,-85.8796,-46.2033,-21.1663,-23.9329,-1.42878,-47.4987,-8.49388,0.304267,-49.5212,-14.2549,-22.3874,-55.9098,-2.91626,44.408,-958.92,-284.016,-23240,-16240,-2520
-36.672,-58.8987,-43.7176,-35.5083,-27.9777,-14.7955,-11.3068,-9.42764,-49.8884,-17.7425,-14.4629,-40.1071,-26.4979,-68.0232,-13.1178,-16.4206,49.776,-962.824,-292.8,-22260,-15260,-2240
-38.6159,-13.4173,-51.9028,13.8119,-40.8963,-45.2531,-26.2546,-27.6731,-28.7387,-24.2625,-28.467,-29.3784,-39.1183,-91.4976,2.22022,-44.0052,48.8,-964.288,-288.408,-21840,-14140,-2240
-39.1141,-13.3549,-14.7235,-2.64147,-36.1317,-29.5396,-13.4115,-8.61523,-37.6484,-11.2964,-5.21625,-20.4676,-7.55332,-9.04509,-5.86741,-12.2169,42.456,-967.216,-296.704,-21140,-13300,-1680
-12.9271,-2.39253,32.3284,-24.2517,13.0562,21.5348,14.1259,20.6864,-6.59272,23.2341,27.4264,5.17067,35.4004,62.0963,-2.78159,28.8103,38.064,-971.12,-299.144,-20860,-13440,-1120
-8.90544,-12.8456,31.8193,-25.3148,31.8895,46.2842,32.1445,30.2328,2.69521,19.1729,14.526,6.61819,29.9321,59.875,2.50658,43.5608,33.184,-961.848,-308.416,-19740,-13720,-700
-0.222334,-13.5831,20.1585,-4.82644,31.9441,46.167,28.84,24.3406,4.8576,13.4438,10.9266,10.6436,21.7269,41.2882,1.19527,34.8151,31.72,-958.432,-309.392,-18620,-13020,-420
16.9523,11.983,23.7354,27.1983,42.1339,25.795,29.8587,6.74779,12.8538,16.7439,3.5932,24.9568,16.6876,35.5419,20.0335,23.2907,29.28,-959.408,-305,-18480,-11760,-280
23.485,41.408,4.48176,48.2986,43.935,-17.1006,30.8664,-9.9822,32.4126,3.86779,-14.0415,29.3329,-9.24343,-10.727,34.2755,6.28556,30.744,-957.456,-304.024,-17920,-10920,0
28.7588,43.2822,0.259218,39.065,7.23431,-32.3078,7.98247,-7.83704,53.0359,-0.022409,-4.27565,18.9484,-9.17301,-4.58831,24.2665,-9.12486,31.72,-958.432,-305.976,-17220,-10080,140
17.3644,21.0573,12.8921,13.2161,-8.02543,8.03413,-1.80699,7.43798,36.7788,0.737768,9.4611,4.36941,12.8636,24.5951,11.5274,0.0398404,30.744,-963.8,-301.096,-16520,-9940,280
-4.81927,-14.1207,11.0228,-23.1033,-5.49519,25.9687,-6.72487,10.3604,-2.39773,-2.7073,11.4156,-11.2692,18.9734,25.864,-14.8677,4.59451,30.744,-960.872,-305,-15540,-10640,420
-33.5117,-63.215,2.83906,-58.1871,-16.6219,19.0129,-21.3924,1.15088,-60.6273,-11.3685,5.06834,-32.9192,13.7012,19.139,-52.1953,-4.61598,32.208,-960.872,-304.512,-14560,-11200,560
-34.7772,-67.716,6.86608,-56.3055,-8.09277,12.6763,-34.8463,-12.6855,-79.5568,-10.2087,3.73033,-24.9483,12.7858,14.4765,-67.1249,-19.2395,27.816,-961.36,-304.024,-13300,-12180,840
-12.6935,-17.4687,-19.4139,0.335322,-10.0736,-14.0358,-26.1031,-27.016,-41.5252,-9.25248,-6.12095,-8.96036,-15.077,-53.1007,-22.1194,-35.2076,30.744,-962.824,-310.856,-12320,-12880,1260
13.1287,24.9069,-38.6765,18.5912,-32.3186,-55.056,-24.5345,-30.4911,14.6832,-6.67438,-15.5669,0.363104,-41.8378,-83.2614,-6.78278,-37.6149,29.28,-955.504,-311.832,-10920,-12880,1400
31.5665,37.9343,-3.0687,15.0604,-25.6544,-26.9492,-5.69027,-3.60606,36.2824,13.1869,8.96989,14.5132,-9.29385,-10.3971,6.11205,-5.04156,29.768,-956.968,-310.856,-10640,-12320,1260
23.3534,22.8805,6.26187,7.1401,-4.23475,9.72324,9.72582,5.46827,27.7131,19.684,22.8304,11.1836,10.937,-1.04239,20.7497,9.91318,32.696,-955.016,-313.296,-10360,-12180,1400
0.534674,-7.06116,3.40964,-1.38133,7.93323,7.97211,17.1534,3.24705,-9.97659,13.2883,12.0721,-1.08836,7.44789,-2.80134,20.7981,14.8319,29.28,-953.064,-312.32,-10220,-11760,1540
17.0257,4.75607,35.3638,1.68701,30.0044,16.2517,30.5662,18.3918,11.3381,27.4624,13.5489,18.9241,22.6317,59.3927,18.5838,35.6093,31.232,-954.04,-308.416,-10640,-11200,1400
8.74369,1.35091,33.9955,3.67928,26.9959,31.5453,10.6181,9.62993,7.95382,12.537,7.5982,15.6972,28.7066,56.8399,10.8421,18.3846,25.376,-955.504,-306.464,-11200,-10780,1400
-4.75381,-4.24556,15.1703,7.75556,6.25133,26.1636,-12.8136,-5.05219,-3.86355,-0.457775,-0.787712,6.37697,15.57,7.99557,-0.42602,-10.9009,23.912,-956.968,-302.56,-11340,-10920,980
6.10113,27.1265,-3.46195,31.672,13.0684,-10.0306,-13.0043,-12.5011,23.8304,-10.7599,-48.9615,24.4391,-33.1238,-8.44532,10.7315,-18.1408,22.936,-955.992,-303.048,-11480,-10780,980
33.3268,52.1547,-9.24739,35.7126,34.1905,-5.55644,16.6376,14.9827,41.1389,-15.805,-62.264,50.7244,-45.3616,23.4662,23.4127,18.0988,25.864,-959.896,-298.656,-11900,-9940,560
-5.2826,30.6089,-21.8993,11.7979,16.4139,8.48921,23.4053,25.2879,20.4987,-34.1741,-9.70589,5.53006,-7.92433,19.4618,14.216,28.1325,21.96,-961.36,-297.192,-11760,-10220,700
-50.8561,-16.8126,-8.79377,-7.54937,-1.35505,10.7845,2.64031,12.5816,-33.2364,-25.7817,-0.154414,-44.2597,12.2651,13.3746,-0.401582,7.32287,22.936,-961.36,-296.216,-11760,-9380,280
-43.7691,-37.4182,-5.22044,-13.1385,-9.02726,3.23941,-16.4793,3.26248,-45.0285,-13.234,2.31014,-38.7704,11.684,-4.00022,-12.3624,-8.81679,21.96,-961.36,-296.216,-11900,-8680,280
-26.2588,-30.9775,-18.3307,-13.4426,-26.5871,-1.96922,-12.5392,3.56953,-19.861,-15.0191,-1.47567,-31.3474,-2.9551,-33.0659,-15.7918,-7.36309,22.448,-965.264,-297.192,-12320,-8260,0
-8.69323,-34.0679,-56.2951,-26.6438,-47.7912,-31.3934,-15.0188,-13.4671,-17.8364,-26.0484,-49.5737,-27.8833,-66.5496,-109.629,-29.0321,-24.2292,23.912,-966.24,-290.848,-12460,-7420,0
-3.98183,10.6719,-113.023,13.7111,-61.5168,-103.761,-16.3614,-37.6184,9.22784,-44.576,-49.809,-19.848,-109.088,-201.534,6.14528,-56.9886,19.032,-966.24,-289.384,-12040,-7000,140
16.8296,56.5164,-45.0191,41.9996,-42.8698,-103.881,9.84407,-17.1584,53.9143,-2.87143,18.7502,-4.82268,-34.9232,-69.9809,51.9735,-22.7696,16.592,-972.584,-279.136,-11340,-6720,280
35.1699,39.5907,52.4315,19.4788,7.60461,-3.36456,34.3463,21.465,57.1598,56.7022,84.6585,9.98812,62.6145,77.2282,57.1018,30.0568,19.032,-975.024,-268.4,-11200,-6300,420
20.054,-37.2396,84.4171,-50.7438,21.5666,82.2465,19.2589,29.2549,5.28645,67.6533,83.8057,4.57322,95.1107,124.478,-4.72441,40.858,14.152,-974.536,-263.52,-11340,-6580,700
-6.8911,-83.4389,50.961,-76.5994,16.3074,83.1838,-11.4903,12.9094,-60.9789,36.9993,39.7373,-9.73536,62.5461,66.2324,-58.1812,13.8239,14.152,-971.608,-264.496,-11480,-7280,700
-3.61757,-48.0827,27.5792,-44.4319,12.6438,44.6626,-18.7475,1.52653,-50.4704,10.1721,-5.28316,3.51275,19.5559,39.7184,-61.492,0.118208,12.2,-961.36,-268.888,-11900,-7840,420
11.013,14.3909,15.9458,19.1107,29.8513,9.06495,-2.57112,-12.0097,-9.99836,-6.30505,-23.4426,30.5647,-7.67566,21.2332,-13.5281,-5.36892,15.616,-958.92,-273.768,-11620,-9240,-280
16.4173,64.5698,-13.2117,66.8557,38.606,-31.1863,17.8067,-21.3551,35.0251,-13.8988,-24.5372,38.8618,-29.4181,-35.739,37.9005,-12.3162,19.032,-955.016,-282.552,-11340,-10780,-700
22.9041,72.5619,7.69061,70.9006,23.6105,-20.8679,24.9486,-3.38384,62.4532,3.46333,8.5919,32.1296,-0.031766,4.83727,62.7981,5.38848,20.984,-953.064,-293.776,-11060,-10920,-980
8.05434,23.2823,32.8718,19.622,15.1084,19.7976,14.7847,12.282,24.7131,15.6874,32.866,9.65488,37.9718,47.5852,31.2967,20.9418,26.352,-958.92,-296.216,-10920,-10640,-1400
-21.3669,-24.1902,31.4801,-27.2516,8.87856,40.3119,-1.44009,12.1073,-27.3702,3.12429,13.3846,-9.86995,32.9142,50.8592,-18.2973,21.0832,30.256,-959.408,-300.12,-10360,-9800,-1260
-23.2178,-38.5381,21.6011,-39.1605,4.12988,31.8003,-16.1198,0.728343,-47.2751,-0.960897,-0.093366,-10.9341,18.6165,44.5269,-43.9542,10.3529,34.16,-956.48,-308.416,-9380,-8820,-980
-14.3663,-37.3641,11.1402,-32.7384,6.44831,25.1697,-17.6901,-10.0283,-43.4823,-3.33605,-9.85182,-7.2804,11.709,26.4563,-40.104,-1.70888,40.016,-949.16,-302.072,-9380,-8960,-560
-7.98586,-20.4233,-0.916331,-6.8032,2.13937,8.69316,-19.176,-23.0889,-20.986,-9.44648,-6.37867,-3.45123,4.77026,-2.49228,-21.3372,-20.4779,42.456,-953.064,-304.024,-9380,-10360,-280
-19.8746,-17.6056,-35.0846,-7.66484,-44.4102,-22.1317,-46.263,-49.628,-20.5329,-10.697,2.93131,-24.2536,-11.1161,-81.8176,-34.6394,-58.1948,45.384,-957.456,-300.12,-9520,-12880,420
-29.8793,-30.5713,-60.0812,-27.631,-79.9341,-72.5938,-66.0827,-50.0391,-35.2092,-13.3795,0.405859,-46.2211,-34.5778,-116.665,-42.6477,-70.3827,49.776,-962.336,-290.848,-9240,-13860,840
-10.321,-27.9316,-37.1495,-40.0435,-73.3929,-68.4767,-50.058,-16.9046,-24.584,0.615895,-4.45798,-33.8224,-30.8187,-64.1174,-38.3485,-40.0143,49.776,-965.264,-283.04,-8540,-14000,1400
57.2553,23.6873,-0.95025,-8.5927,-6.41036,-10.4026,8.88483,35.9515,29.7275,16.8908,-64.8737,35.3808,-47.3186,1.55125,-0.328498,23.6745,51.24,-968.68,-273.768,-8540,-14140,2100
99.0102,85.8255,17.8006,34.4582,73.4382,35.3392,70.4278,69.3818,108.973,-4.78802,-65.5198,95.4255,-35.0511,86.5002,46.7849,82.6895,49.776,-967.216,-268.4,-8680,-15260,2660
12.3182,82.5629,2.53528,64.3742,79.6496,64.3394,79.8298,59.4991,87.1351,-32.357,7.34432,39.7044,15.1172,71.7536,69.911,79.7736,46.36,-965.264,-266.936,-8820,-15820,3640
-81.8061,-14.737,-7.91889,28.8154,28.6431,28.4868,34.906,14.5667,-28.427,-31.0404,17.5991,-57.9774,24.7529,17.5664,33.8535,27.8054,43.92,-965.264,-266.448,-8960,-16380,4200
-76.9286,-84.899,-20.3841,-9.07778,-12.8461,-18.6457,-6.1554,-22.5544,-93.8421,-21.6475,-8.13111,-68.7605,0.419211,-46.4828,0.0269542,-24.8382,41.48,-963.312,-266.448,-9240,-16100,5180
5.93884,-31.1181,-32.0149,21.7877,-31.186,-37.4893,4.45026,-9.75308,-42.5763,-8.27162,-58.9812,-2.4589,-55.959,-76.7759,20.2254,-19.1145,33.184,-963.312,-275.72,-8960,-15820,6020
77.5303,85.509,-23.5966,52.6186,-15.0185,-37.7116,19.0951,16.0128,91.4897,6.02515,-40.6005,58.4544,-65.8113,-53.5837,45.3267,-0.871968,22.936,-955.504,-272.304,-8540,-15540,6720
48.6593,97.1186,13.1104,33.3445,18.7813,-16.2387,32.561,26.2032,119.805,12.3262,40.2522,44.82,12.3814,48.375,53.1832,29.8119,21.96,-953.552,-267.424,-9240,-14840,7280
-21.5316,-1.2969,37.311,-11.7703,29.8796,30.9145,25.8544,15.0072,12.5401,22.228,76.1165,-17.5225,67.4456,79.9679,21.7075,28.5292,17.08,-954.04,-268.888,-10080,-14000,7280
-57.6385,-79.0867,12.0438,-45.1735,-4.36443,21.179,-19.4374,-22.6649,-81.4032,13.1235,50.856,-57.1038,46.3299,2.50331,-34.9499,-20.2287,12.2,-957.944,-276.208,-10500,-12740,7280
-42.1568,-80.3464,-21.7258,-36.2688,-30.7776,-23.2268,-45.7868,-44.0589,-93.5238,0.422874,15.6125,-48.3569,2.12499,-88.0511,-50.0325,-55.2608,12.688,-955.992,-275.72,-10640,-11760,7280
-11.9779,-36.7786,-34.5336,-19.5155,-58.6276,-65.9356,-53.0262,-42.5033,-40.7055,-4.46783,-2.10536,-25.1932,-26.5641,-99.1909,-37.8388,-62.5564,5.856,-955.992,-282.552,-10080,-10920,7000
40.2,28.9878,25.8015,4.12667,-33.5625,-17.5101,-9.93797,2.06375,33.7465,30.3451,14.0471,25.8095,7.21701,32.8341,4.47083,-0.745001,2.928,-959.408,-286.456,-9100,-10640,7280
44.8491,30.9487,55.0025,-29.0546,25.2242,44.7588,11.6828,24.3255,52.4514,31.7679,23.9399,38.255,40.2026,89.4701,-3.52999,31.7234,2.44,-956.968,-297.68,-8120,-10920,7140
11.9569,0.357871,45.1158,-33.3844,41.8746,54.5511,2.53234,15.0613,16.6555,7.40286,3.74815,22.0332,36.2439,84.5714,-20.6106,21.0759,1.464,-959.896,-305.976,-6580,-11480,6860
-17.3629,-30.0003,16.2409,-18.2339,18.1698,47.93,-20.0811,-3.2699,-33.715,-10.077,-4.35491,-2.91862,19.8616,43.1633,-32.779,-6.58622,1.952,-950.624,-305.488,-5040,-11900,6020
-30.1865,-31.7381,-2.645,-17.5966,10.3297,24.2278,-11.373,-6.601,-46.816,-21.0587,-11.1067,-13.095,-0.840261,19.1299,-35.4873,-3.19187,1.952,-943.304,-313.296,-3360,-12320,5740
5.43341,22.1124,-28.4603,26.5668,18.7685,-9.56505,6.94837,-3.87182,5.70043,-12.8441,-38.9593,16.6443,-52.3241,-52.0889,-0.919539,-7.9044,5.856,-945.256,-317.688,-1400,-13020,5320
18.117,47.8597,-45.5323,62.341,-11.5903,-43.4207,2.66665,-12.6867,29.9132,-7.58601,-28.862,14.1823,-44.9023,-71.7048,35.4081,-24.2028,6.344,-944.768,-316.712,-280,-13580,5180
4.58139,22.1632,-2.75654,30.7102,-17.4407,-22.7975,0.841038,-3.10365,10.0035,-3.09967,-8.15952,-8.72935,8.19591,-5.86273,34.7146,-15.3378,7.32,-937.936,-321.592,1120,-13300,4900
-12.4314,-15.7747,24.3264,-17.8318,-6.41072,19.2272,-2.14119,20.6823,-10.4638,-6.34124,12.8722,-10.8433,32.2467,32.8573,-3.86225,9.31135,5.368,-937.448,-322.08,1540,-14280,4760
-15.0009,-9.75155,13.062,-11.4091,0.40182,23.9397,3.31075,10.4897,-4.46017,0.343565,9.57948,2.78744,11.2292,12.7958,-15.9124,17.3681,7.808,-934.52,-318.664,2240,-15820,4760
4.85785,5.69185,5.16159,-2.51475,6.61045,-0.76427,10.649,-11.5886,11.6164,15.447,9.97941,10.0843,2.52715,4.53158,-4.08176,15.7514,12.2,-932.568,-315.736,2660,-19040,4760
18.496,12.5741,22.1277,14.4975,27.1559,6.82024,25.4072,4.69582,14.9636,21.4245,7.9876,19.0598,14.679,34.7045,25.9211,31.7579,15.128,-936.96,-321.104,3220,-21420,4480
-2.60769,-6.79604,-18.1345,6.66731,-10.0863,-4.50455,-3.52192,-11.679,-6.92142,-6.08955,-14.2059,-5.65692,-19.3082,-53.3963,3.64042,0.689314,20.496,-935.496,-314.76,3220,-24220,4200
-25.2043,-9.70455,-70.2718,11.2566,-57.6322,-58.9579,-19.4394,-28.9478,-22.1513,-27.5103,-16.5518,-32.5987,-54.8449,-123.127,-1.56799,-27.1442,21.472,-941.84,-313.784,3640,-26320,3920
9.8018,15.6098,-15.1338,3.06848,-24.2167,-52.2916,4.2565,-1.59783,15.5441,10.2083,6.70738,-7.77708,-19.7837,-19.131,15.3232,-0.280831,28.304,-950.624,-313.784,4060,-28280,3640
51.2598,23.8002,50.5237,-7.04033,34.6071,31.0311,33.8506,40.4433,43.2724,36.4519,17.2754,35.0854,31.3622,86.8613,25.1705,46.3341,33.672,-955.504,-315.248,4760,-31220,3500
20.9137,-0.801449,23.6247,-16.1971,40.0692,46.4815,18.8223,25.7084,20.568,-5.04997,5.39605,23.014,21.4018,61.2241,-4.12715,30.1509,39.528,-970.632,-325.496,6580,-32900,3780
-32.5618,-11.6937,0.546379,-8.84156,16.0328,7.11563,-5.31698,-6.82832,-13.1636,-19.7398,6.60177,-14.5828,8.21106,28.2412,-21.7713,-4.11053,51.24,-993.568,-371.856,10780,-33740,3780
-31.296,-14.0946,16.5187,5.26281,15.9801,12.2254,-2.82522,-7.79923,-33.3448,1.26057,14.3548,-14.1992,22.191,35.6795,-2.59777,-8.00488,34.16,-953.552,-324.032,18620,-31220,4060
-10.9446,-20.3252,10.8126,2.44821,7.95221,27.1471,-4.49037,-0.746478,-40.3948,9.33127,7.17439,-3.73041,16.4311,2.93127,3.7835,-12.8067,60.512,-973.072,-306.464,16940,-30940,4760
13.7115,3.1537,-22.7244,8.24083,-6.70258,-10.9854,-15.2469,-12.2241,-5.98155,-5.95867,-36.6988,6.33576,-35.6632,-55.5184,-1.40509,-30.1842,63.928,-952.088,-314.272,19880,-36960,5600
25.4121,30.286,-17.4955,19.5393,-0.754903,-38.1764,-2.57818,-3.87629,37.6683,-10.9587,-25.4916,17.1985,-26.8782,-16.2112,7.56269,-12.3362,64.904,-954.04,-335.744,20440,-41720,5600
1.96941,15.3959,3.75806,0.75952,-7.1104,9.75379,2.49211,17.874,29.9455,-10.94,-14.3977,1.17167,3.86534,29.2896,4.19461,10.35,59.048,-963.8,-320.128,20300,-48720,7000
-6.39185,-1.08414,-24.9625,-3.61581,0.135209,-2.63331,-7.3661,-8.09215,-0.0631034,-16.8045,-30.0069,-6.91207,-26.9097,-54.0723,-6.90526,-22.2699,67.832,-961.36,-324.032,21420,-48720,8120
-24.266,3.74313,-81.3943,25.3938,-37.6355,-94.9685,-30.7564,-48.5872,-8.33862,-48.6613,-34.1164,-24.0055,-69.3354,-140.718,-4.33108,-68.4744,64.904,-951.112,-325.008,23380,-49140,8960
-17.3632,5.30353,-16.342,-4.77731,-72.7416,-33.3153,-30.5441,0.172733,9.69781,-8.66159,37.4941,-31.4278,13.3668,-2.15061,-8.05272,-14.9967,62.464,-951.112,-310.856,23240,-49140,9520
-20.4475,-39.4509,52.6698,-68.2795,-19.7537,67.2096,0.611996,37.7182,-20.2381,40.1415,77.1858,-31.8276,78.2234,90.8323,-24.7327,46.7398,55.632,-963.8,-306.464,23100,-48440,9520
-30.5212,-90.8673,48.759,-88.2074,14.2196,66.7002,3.20731,15.086,-77.9838,26.6643,44.7075,-25.677,60.4948,87.0361,-53.362,36.2135,52.704,-969.656,-307.928,24360,-48300,9940
-20.134,-73.9924,30.5316,-50.7252,18.9812,37.5105,-7.23347,-6.62497,-77.7603,11.0304,6.18235,-10.3561,28.2754,57.6564,-45.1822,4.73669,47.824,-968.68,-315.248,25480,-48160,9940
-5.6775,-27.4035,2.61123,-14.0532,17.6868,16.9972,-12.1727,-17.2556,-33.4764,-5.11263,-10.7887,4.07315,-0.267083,3.6174,-21.8019,-15.224,45.872,-969.656,-324.032,27020,-48440,10220
-1.60023,-5.92001,-0.53063,4.71301,5.03146,-0.348174,-8.74415,-11.8721,-13.1069,-1.08386,-13.4639,2.26785,-3.16298,-4.03875,-6.25684,-10.6239,41.968,-978.44,-328.424,28840,-49280,10080
1.65923,-3.87859,-12.6837,2.49521,-10.5184,-14.856,-10.9102,-11.3652,-3.60948,-16.374,-39.3753,-5.21405,-24.2438,-35.9313,-5.31119,-11.4874,35.136,-984.296,-328.424,31500,-49840,10220
63.1326,63.7669,4.74845,50.2828,23.971,-19.4789,20.7756,9.06895,66.0575,-0.0543668,-87.6981,56.7267,-58.0063,-10.0308,40.799,13.7341,38.552,-978.928,-324.52,34860,-51380,10080
73.109,123.798,-49.2312,112.224,27.4808,-44.7423,36.3899,-2.39029,113.961,-19.6432,-46.7726,75.9787,-76.8882,-110.197,80.0364,-3.36121,39.528,-978.44,-325.984,36820,-51940,10220
-2.67203,91.1361,-60.8232,89.3483,-31.5921,-70.0804,19.1579,2.17951,71.1758,-23.2026,46.0218,5.39014,-19.3145,-104.183,68.8989,-11.397,33.184,-971.608,-319.64,39900,-52080,10360
-14.5936,23.9976,40.5613,0.897948,-20.2426,-5.15058,23.5684,39.8348,33.9917,53.5258,101.759,-28.218,68.4261,59.9908,32.6025,43.9749,34.16,-973.56,-319.152,42140,-52920,10780
9.11807,-37.1815,49.0269,-33.116,18.8763,59.8539,37.4052,35.5051,-15.1188,69.1237,60.9035,-9.6511,53.1139,48.4336,14.9511,55.9932,33.672,-964.776,-310.856,42980,-53340,11060
77.4955,25.2805,45.8892,42.953,66.63,20.9976,56.8798,19.0447,24.4942,48.5304,-67.203,69.5194,-22.2677,49.8116,39.3081,45.5952,32.696,-960.872,-293.776,42980,-54600,11480
98.8276,95.7947,24.1174,70.6611,80.878,4.91257,54.0416,12.3728,95.8968,-4.46993,-47.0754,104.36,-25.144,56.6056,51.6038,31.1792,27.816,-960.872,-285.48,42560,-56980,12040
-10.1858,52.8435,-2.28121,19.3199,21.0507,14.6359,12.6901,-0.231146,63.4741,-29.2476,47.3444,12.4239,31.4785,48.0867,12.2183,2.58548,24.888,-964.288,-274.744,42000,-60760,12600
-82.0355,-43.4041,12.0723,-40.2419,-13.8827,39.509,-22.8512,-1.24402,-35.8697,-8.02996,57.2457,-67.5334,54.3354,46.1572,-32.3314,-14.8031,24.888,-971.12,-276.208,41720,-67480,13300
-89.1995,-126.109,0.0216283,-75.1834,-28.4569,26.7493,-44.6933,-19.1831,-132.122,-15.0411,9.35057,-79.9705,24.2146,4.71117,-54.7784,-33.6471,20.496,-985.272,-280.112,41720,-72520,13580
-61.3681,-97.0784,-30.9965,-57.1011,-41.3258,-20.4973,-62.0291,-42.0027,-116.098,-37.1158,-34.1226,-52.6593,-23.7288,-60.1238,-64.3383,-60.6268,20.008,-992.592,-289.384,43820,-78960,13720
-37.483,-38.2107,-62.529,-24.7168,-64.5203,-65.0735,-78.1472,-50.3653,-54.5999,-46.8634,-36.9754,-33.5335,-56.0159,-107.241,-49.6205,-81.6598,21.472,-995.52,-294.264,46620,-85400,13860
0.0534986,7.43687,-22.7962,-18.8625,-42.6014,-51.6897,-41.6456,-18.6263,6.41536,-2.84621,1.29168,-7.97449,-22.9264,-24.3358,-35.4618,-28.7827,20.008,-988.688,-304.024,50820,-89040,13720
16.7642,-0.46029,21.9982,-41.5319,-4.50417,22.4613,0.367612,16.9934,12.8237,24.3707,29.5909,1.17574,25.0129,47.9193,-31.8784,22.5525,14.64,-972.584,-296.216,53480,-91980,13020
-7.27944,-29.0364,20.0811,-29.5153,9.44655,45.9758,7.66134,9.41121,-18.4581,5.77559,9.21681,-11.8897,31.3012,34.1473,-17.5926,14.3035,12.2,-988.2,-285.968,53760,-93240,12320
-10.7226,-14.8052,-3.56065,10.5042,13.1096,13.2524,3.53732,-16.267,-30.7991,-20.1395,-62.4963,-4.26024,-19.099,-17.1095,5.67631,-7.51425,9.76,-987.224,-291.336,55860,-92260,10640
3.77077,7.28419,-23.5708,9.57003,-14.8901,-27.6384,-16.8719,-24.6717,-7.02533,-24.6199,-35.2704,4.46562,-29.1027,-38.4268,-6.09587,-21.7018,15.128,-978.44,-296.216,57540,-91700,9380
1.9259,15.7598,-18.177,-4.35723,-27.055,-14.3872,-12.042,2.1495,16.5538,-4.2897,-3.78381,-6.41886,-11.1095,-21.1156,-7.15038,-6.33519,16.104,-973.56,-305,58800,-91700,8820
33.4673,29.0739,28.1666,14.4214,26.498,29.2038,32.285,36.3012,32.5891,31.9578,4.15541,22.6789,15.3815,40.9929,29.2371,40.9191,16.104,-977.952,-300.608,60060,-89600,8120
32.6053,22.1054,27.5762,25.2837,50.9618,30.3036,47.2712,36.7281,26.4694,13.3836,12.0021,30.9131,17.1788,46.2138,39.8681,49.7075,15.128,-973.56,-297.192,61040,-87080,7560
-3.28827,11.6812,-8.55872,29.9724,24.4345,-16.2371,17.5112,0.494285,9.14709,-11.0699,5.09501,8.58849,-7.37535,-22.0585,22.6111,8.60291,13.664,-968.192,-298.168,63140,-83720,7280
-16.6052,10.9646,-28.7948,34.9643,2.33028,-67.9868,3.37955,-23.0723,-0.777808,-10.3103,2.0326,-2.41302,-27.537,-65.5902,19.3575,-18.147,16.592,-968.68,-293.776,63700,-81060,7560
7.98409,17.18,-9.82824,19.8624,-31.7126,-29.2725,-5.40461,-2.1643,16.4146,14.7284,11.563,2.06664,-8.58546,-31.8123,10.0388,-9.71203,14.64,-962.336,-293.288,63560,-76440,7560
16.6168,-3.20413,7.57229,-28.2914,-44.0261,20.7405,-16.7559,19.1109,16.0101,19.7366,13.7502,-2.87987,15.7885,18.5913,-13.9141,7.27625,12.688,-953.552,-301.584,63700,-71120,8260
-3.83845,-30.8509,-1.5327,-51.1693,-18.0048,26.5004,-9.53708,15.2775,-6.51409,-7.30119,-4.55037,-13.504,8.45401,18.1653,-22.5141,10.4388,13.176,-959.408,-287.92,61880,-66360,8680
-4.58667,-14.2633,9.14423,-11.6221,13.1875,27.6491,5.05874,4.2512,-2.68583,-1.76624,14.6209,0.571814,16.5945,25.4806,-3.84422,8.88496,11.712,-957.944,-279.624,61180,-61320,9660
4.0197,8.44321,15.6514,22.0262,27.8532,9.92818,7.37953,-8.5078,6.85713,14.1666,20.1041,13.2914,12.7237,20.0532,10.5496,-0.801056,7.808,-961.848,-285.48,61600,-58660,10080
24.1989,19.9288,15.2475,24.9642,23.2871,-5.15749,8.43768,-6.3537,17.7661,24.1598,16.1356,23.0751,3.94367,14.2123,9.56692,0.568544,7.32,-964.776,-275.72,61040,-54740,10500
36.0644,31.8026,19.269,29.3957,28.8391,7.38548,25.9743,5.7843,32.839,25.9732,7.33827,34.2402,5.88733,20.2676,22.0828,16.7795,1.464,-961.36,-272.792,62160,-51520,10500
28.9903,26.3444,21.549,21.9217,26.9105,16.5656,23.5167,7.90919,29.6598,16.312,-2.36959,28.8892,10.9712,26.1253,19.3576,14.904,4.392,-977.952,-272.304,62160,-49000,10640
-5.84675,-6.73297,0.654457,-1.97814,1.27481,4.16562,4.87938,3.23672,-3.08624,-10.3488,-8.1087,-4.19664,0.962178,6.05248,7.69165,0.865112,-6.344,-955.504,-280.6,63280,-46760,10640
-23.1695,-15.1126,-4.36073,-2.14949,1.02768,0.755833,8.25531,3.93573,-21.7872,-16.0567,-5.42883,-13.745,-1.37147,-1.54257,8.24206,3.51757,-4.392,-951.112,-282.552,62720,-45780,10360
-28.7839,-17.13,-10.3473,-1.45904,-3.75159,-5.92721,2.52669,-2.98859,-32.6531,-20.8569,-15.0119,-16.7334,-9.86379,-12.4701,-0.14842,-5.02728,-7.32,-961.848,-274.744,62020,-42280,9380
-26.3394,-10.4207,-14.0997,-7.19232,-14.3458,-5.45071,-8.55777,-1.80727,-27.4876,-21.2258,-12.5995,-16.1243,-10.1846,-15.2265,-12.5869,-9.35091,-9.76,-958.92,-273.768,62440,-38640,8680
-17.4278,-11.9066,-14.7712,-25.4146,-26.3447,-12.2637,-27.7248,-11.198,-14.6158,-14.0326,-6.08698,-20.7884,-9.72735,-20.218,-30.6356,-22.911,-11.712,-950.624,-279.624,63560,-35700,7840
-12.1691,-14.0589,-16.0182,-29.1963,-26.1973,-14.3437,-31.4148,-16.1382,-6.84089,-12.9103,-10.511,-20.2992,-13.7531,-23.894,-32.9629,-26.4733,-13.176,-949.648,-278.16,63140,-31920,6300
-14.5661,-12.7211,-18.3019,-15.6669,-19.1304,-14.7183,-22.1583,-14.8343,-16.1115,-16.0253,-15.255,-17.8601,-16.1884,-21.8808,-17.9542,-21.1217,-10.736,-945.744,-275.232,62580,-29260,5460
-8.2605,-6.34895,-12.8915,-7.74826,-13.4895,-8.68804,-11.6131,-5.98533,-4.44415,-10.4239,-6.8011,-11.9319,-8.10318,-13.8497,-3.69609,-12.5594,-11.224,-951.6,-267.912,62020,-26880,4200
-1.34918,2.20996,-1.88241,-0.748663,-2.24876,0.533292,-1.736,2.236,8.49542,-0.620141,3.23536,-3.61342,2.37253,1.23864,5.6097,0.0720782,-9.272,-954.04,-269.376,61600,-26740,3500
6.50591,7.97221,10.1231,6.00303,9.5952,6.52413,1.01112,0.796154,10.0405,13.7927,15.227,4.57221,12.8963,8.77346,8.15667,3.88015,-1.952,-961.36,-273.28,61180,-26460,3220
11.4972,7.65873,10.2434,7.01768,9.26245,3.01924,3.96528,1.26126,7.54474,15.3205,8.21233,7.50406,7.49632,4.8368,5.54082,7.45055,-1.464,-963.312,-275.72,61040,-26460,2940
22.3969,16.7527,12.6244,15.6553,12.1107,5.20624,13.5345,6.94358,15.5655,20.5732,10.847,18.3714,7.80995,6.85584,12.0201,13.7455,0,-970.144,-281.576,61600,-26180,3220
7.54142,7.76866,7.25896,7.42739,8.92489,5.20308,14.9399,7.15602,4.52279,7.47922,2.50001,8.86222,4.93014,10.5107,9.22338,15.9375,5.368,-971.12,-281.088,62440,-25200,3500
11.2855,12.0211,10.4492,12.1066,16.4744,7.69449,16.9104,5.418,7.26552,8.05877,-2.23756,12.8795,3.45267,14.3939,12.6668,14.9107,6.832,-966.728,-283.528,62860,-23240,3780
15.1424,12.2154,6.12244,10.5425,11.5611,1.21636,6.25024,-0.415387,9.9208,5.8981,-6.15203,13.8442,-1.80916,6.15531,5.36262,4.62385,10.736,-963.312,-280.6,62720,-21700,4480
-6.10258,-6.18859,-7.75819,-7.12961,-7.86923,-5.00337,-8.70047,-2.33418,-9.84666,-12.0611,-10.8121,-6.76379,-7.19287,-8.08935,-11.3657,-5.0599,13.664,-963.8,-270.84,61880,-19460,5040
-14.5577,-11.3827,-8.50225,-11.0048,-11.8667,0.942895,-8.74989,2.85174,-15.6668,-12.3146,0.0149825,-14.0447,-1.7796,-4.40134,-9.32688,-3.09296,17.08,-958.92,-267.424,60480,-18480,5180
-24.5549,-23.6875,-12.9025,-22.8,-20.0923,-3.908,-17.3937,-0.802704,-24.5957,-16.8991,-1.7152,-23.368,-3.00793,-10.5948,-16.5675,-10.3328,22.448,-954.528,-265.96,58520,-16940,5460
-10.5135,-10.1886,-2.95131,-10.9695,-8.13135,0.386925,-9.05547,2.66153,-9.17942,-6.28026,2.71543,-8.38103,1.7826,-3.55794,-10.0509,-4.29198,20.008,-958.92,-264.984,56000,-14280,5600
5.87787,4.67807,4.67728,8.15754,3.69393,2.66414,4.22821,5.82969,5.65474,7.56363,8.12255,7.91688,3.64082,3.03056,5.87119,4.37985,18.056,-955.504,-257.664,54180,-12180,5320
9.31515,10.4049,8.3999,15.0641,12.4195,5.62862,15.9444,7.22456,7.97082,8.88512,7.83921,12.4575,5.84603,12.5031,14.585,13.8153,19.032,-951.112,-251.32,51800,-8960,4900
16.025,12.0368,13.1563,14.1398,18.8887,6.17449,15.2736,0.0747439,10.5863,15.1042,8.12919,16.5653,6.84748,16.3848,11.768,11.7491,18.544,-943.792,-244.488,49140,-6440,4340
8.22844,3.7801,1.27557,5.88605,9.33113,0.657949,6.60194,-4.38502,7.5747,4.38812,-2.73426,7.91385,-3.03588,3.79025,5.76581,1.75321,11.712,-934.032,-244,44380,-3360,3220
6.93292,4.36115,-7.5137,4.91532,-1.32125,-6.71979,0.127266,-5.07913,13.6013,-1.58625,-6.65776,2.06189,-10.0038,-7.17016,3.76814,-6.88955,13.176,-932.08,-234.24,39480,140,2240
9.61863,5.89875,0.318317,3.5157,-4.3983,-2.52084,-6.35217,-3.29661,15.9182,5.11584,4.46278,4.33067,0.964226,-2.24128,0.111375,-9.92355,16.592,-933.056,-228.384,35560,1400,1540
-10.2782,-10.6653,-1.74351,-10.0036,-6.97952,-0.0755886,-8.57019,-4.89422,-5.53439,-6.39173,-0.0843147,-8.01012,3.73148,0.492912,-9.74986,-5.45139,16.592,-942.816,-229.36,29540,1400,840
-6.88126,-8.52175,1.00915,-4.81979,-0.58632,-1.12735,-1.56178,-4.06254,-4.38961,0.749191,5.6911,-4.82494,5.67562,0.72862,-2.54781,-3.19222,11.224,-943.304,-228.872,25900,2800,420
-4.73473,-8.79846,-4.88374,-2.42939,-6.09705,-5.49441,-1.42882,-1.15622,-4.2631,-1.12753,0.343294,-7.39351,-3.32384,-8.24359,2.00219,-4.49468,9.76,-944.768,-230.824,21560,3640,420
8.89748,4.59767,3.87381,8.00997,3.43626,3.78243,10.8999,9.16461,7.25597,8.95602,8.04424,5.7831,2.64215,2.13771,10.7086,9.96649,13.664,-948.184,-233.264,17360,3080,-140
11.6804,9.84393,8.81971,7.38366,9.15943,5.04876,12.0549,5.17287,10.8708,10.3245,6.04033,11.6047,5.84689,9.83463,8.69365,11.0974,10.248,-956.48,-238.632,14560,2940,-420
3.45777,1.24439,5.55475,-0.614901,6.43169,2.21341,7.50391,1.12384,-0.146422,1.94828,-3.89107,6.36337,1.3953,6.42975,1.74555,5.41661,7.32,-954.528,-236.192,12040,4480,-700
8.26377,10.4623,6.72072,14.3773,17.6643,3.12331,17.0936,2.82582,3.65176,2.24498,-4.88986,14.0635,-0.333158,3.30098,14.1281,8.26367,9.76,-947.696,-232.288,9520,4760,-840
4.77443,12.9787,0.663068,12.7639,6.19854,-7.97356,2.30935,-5.35248,7.11759,-4.16584,-7.30192,9.97787,-4.80424,-8.47887,4.59497,-5.12948,8.784,-951.6,-228.872,5740,3640,-980
-7.33545,5.7549,-2.10402,2.50244,-7.76405,-2.69302,-4.76628,0.438918,3.24832,-9.61319,-5.2622,-2.13356,1.08233,1.67643,-1.79028,-3.87294,8.296,-954.04,-220.576,2380,2380,-1400
-14.5535,-7.51573,-3.57176,-12.896,-12.3128,4.46905,-11.9932,3.64512,-9.71957,-8.27872,-0.261896,-13.3062,4.23689,0.865586,-9.9791,-5.20172,4.88,-953.552,-218.136,420,1120,-1820
-21.895,-25.2179,-13.8211,-28.4306,-22.2869,-4.05535,-26.7501,-6.25336,-25.1473,-13.1743,-6.26643,-25.9892,-8.36671,-14.7885,-24.2975,-17.5546,5.368,-955.992,-219.6,-2100,-560,-1960
-21.5256,-29.5049,-15.422,-29.0998,-23.3058,-6.28966,-28.7583,-7.4796,-29.8945,-13.8495,-8.43111,-24.5775,-10.4875,-18.2678,-28.5058,-17.9574,2.928,-960.384,-220.576,-4200,-1540,-2240
-15.3979,-18.7394,-12.5812,-20.8469,-17.0284,-3.30895,-13.7153,2.45056,-16.7938,-12.4853,-8.42778,-17.6773,-7.81226,-11.1452,-17.6516,-2.94528,2.44,-960.384,-222.04,-6720,-2520,-2800
-2.22125,0.635058,-4.28818,0.735111,0.11729,2.42832,7.43099,10.1571,2.14945,-2.41798,-1.02076,-2.91087,-3.59143,-1.05179,5.84175,9.15689,3.416,-961.848,-223.992,-8400,-3500,-2940
16.7192,15.0763,11.5966,14.1172,16.102,8.95099,13.5356,5.87238,16.0577,14.6193,6.63536,17.1067,5.07378,11.7205,12.4237,11.2496,4.392,-963.312,-229.848,-9520,-3780,-3360
16.3326,16.3566,11.5396,14.535,17.4548,4.39882,9.99107,-3.41408,14.9879,12.2047,3.82487,18.2949,5.19341,10.9188,5.93789,5.78923,2.44,-965.752,-232.288,-10640,-3640,-3360
-4.23537,0.876088,-4.73123,0.354776,1.96551,-6.51792,-0.285248,-7.97072,-3.1985,-5.43734,-3.03613,-1.01404,-2.07089,-7.30624,-3.81998,-4.39401,4.392,-966.24,-237.656,-11060,-2940,-3640
-11.8628,-12.119,-7.60703,-9.77108,-11.7435,-7.52985,-9.70245,-13.5708,-14.2232,-7.1958,-1.46344,-13.3128,-1.89791,-11.4126,-8.12617,-13.8625,4.88,-963.8,-239.608,-11060,-1820,-3780
-13.2191,-14.1855,-4.40152,-11.6716,-16.7159,2.07969,-12.7076,-3.38211,-17.4107,-8.87436,-6.22122,-15.0117,0.126712,-2.7538,-7.93529,-9.75885,3.416,-963.312,-241.56,-11060,-1120,-3920
4.15076,1.41247,4.82747,-3.84769,-1.88953,6.15951,-7.74665,-2.78521,0.616007,2.98073,-1.15862,1.74961,1.69909,6.24392,-5.90001,-0.541961,5.368,-968.192,-246.928,-11200,-1120,-3920
18.0815,14.6557,9.76236,6.09104,9.82818,-7.62904,-8.67209,-16.8514,15.5092,14.7069,9.16071,15.2134,2.19198,-0.867491,0.0714594,-11.3199,4.392,-963.312,-245.952,-11480,-980,-3780
17.3024,19.6189,6.02213,17.042,12.3244,-6.70325,4.5177,-0.0153107,17.5232,12.9069,9.28294,14.8786,2.94563,-2.98098,13.4013,2.06663,4.392,-964.288,-250.832,-10640,-280,-3780
4.9165,7.62204,-1.09054,6.1669,-1.75,-4.38497,7.21841,7.42197,6.42338,1.81981,-0.273251,1.333,-1.40669,1.91629,4.30345,8.9386,3.416,-967.216,-251.32,-10220,-140,-3780
-5.39905,-9.2486,-5.83241,-10.9215,-8.30223,4.32012,4.69895,9.97084,-7.21435,-5.82067,-8.74229,-8.70321,-4.60872,5.04171,-4.026,9.25002,-1.464,-968.192,-247.416,-10220,-280,-3640
0.0288582,-2.93041,1.52932,-1.1281,6.26883,19.9347,11.6332,13.3025,-1.21904,-0.410465,-1.51903,-0.0186791,4.52518,15.2058,7.41599,14.3705,1.464,-969.656,-249.368,-9800,0,-3640
-10.0848,-1.25809,-3.44472,6.07624,8.09142,14.9108,13.6831,14.4682,-1.7058,-9.80459,-4.4241,-4.65405,0.0217225,11.8759,12.3783,15.7167,-0.488,-965.752,-250.832,-9520,700,-3780
-1.02949,9.89171,4.38717,19.7925,23.8883,8.84222,24.5642,17.8324,5.82219,3.5867,9.25902,7.93155,2.83043,13.1953,18.4708,25.3945,0.976,-967.704,-248.88,-9240,1400,-3780
3.04604,10.1909,7.1138,18.5874,15.8811,-2.57981,19.9337,3.96929,7.45772,6.46169,10.117,8.89827,4.61657,10.6456,16.7768,17.1588,0,-972.096,-248.392,-8960,2660,-3780
7.5682,11.1557,6.28244,12.1791,3.23439,-6.53902,10.1282,-4.69056,11.1773,8.8063,13.436,8.08857,7.2264,5.11042,12.823,1.34655,-2.928,-970.144,-250.832,-8820,3500,-3920
0.751719,-2.49069,0.233955,-6.21321,-6.10817,-6.08355,-6.01551,-12.2015,0.105723,3.54885,8.17025,-1.41161,4.98117,-6.04822,-3.79709,-16.1347,-3.904,-969.168,-248.88,-9100,3640,-3920
-2.31909,-10.1014,-3.87343,-11.3771,-7.56086,-5.13463,-15.3786,-13.6075,-8.11314,-1.01255,-3.96549,-5.48568,-3.13305,-16.7887,-13.8044,-23.4161,-1.952,-970.632,-249.856,-9240,4340,-4060
5.1945,-0.367587,-6.74491,5.17651,-0.692473,-10.8098,-2.11497,0.478542,1.99409,-3.54277,-11.624,0.228877,-12.0264,-16.9964,-0.823981,-9.53837,-1.464,-972.584,-248.88,-9380,5040,-4200
14.7161,14.6751,2.1745,21.1659,11.2475,-7.66151,17.9518,12.0995,17.7668,0.370216,-2.67176,11.6094,-6.75894,-6.83231,17.9006,11.1793,0,-976,-253.272,-8680,6020,-4480
18.6176,17.2736,11.274,15.9316,7.42944,-6.24834,10.6538,1.51811,21.6368,12.3627,12.4824,15.4054,5.09666,2.99442,14.5999,6.83396,0,-973.56,-252.296,-8540,6720,-4900
10.3792,2.33296,12.7107,-6.33415,-9.6607,3.071,-11.6467,-3.86981,4.56538,17.6502,19.3507,6.00512,14.7528,6.78078,-6.79889,-5.54768,-1.952,-975.024,-256.688,-7980,7000,-5040
0.388137,-6.04846,9.27377,-13.1845,-9.79553,1.33017,-17.9591,-12.1185,-9.23119,9.61487,8.33912,-0.193914,8.9722,1.04925,-12.7348,-15.2337,-0.976,-973.56,-252.296,-7280,7420,-5040
6.83008,2.68271,11.6936,0.0202907,5.28014,4.31148,-4.46877,-3.02604,-1.39036,8.75726,3.00668,7.98011,7.60203,5.00746,-0.915406,-6.04436,0.976,-972.096,-251.32,-7140,7140,-5320
4.22682,2.87845,2.83984,1.59955,0.808397,10.2048,-1.53327,7.85157,3.32731,-1.58726,-11.7386,4.44618,-1.11588,9.93126,0.740009,5.51819,-0.976,-974.048,-252.296,-6860,6160,-5180
7.35543,8.23405,-4.77588,3.85384,2.72515,7.71086,4.70388,10.6688,12.1553,-4.38585,-16.385,4.21093,-8.36987,8.35059,8.8107,11.8608,0.976,-970.144,-251.808,-6860,4900,-5180
-3.35134,-1.65175,-11.2552,-7.54773,-0.513508,0.504174,-1.8912,0.458167,2.79309,-12.9163,-12.8547,-3.64119,-9.43203,-0.0775268,-2.68824,2.61179,0,-973.072,-250.344,-6440,4200,-5180
-32.8142,-29.1712,-25.9794,-25.8562,-19.3727,-9.426,-16.692,-11.6749,-26.9569,-30.5077,-15.9837,-29.1687,-13.5263,-13.6573,-21.0922,-11.3637,-0.488,-971.12,-253.76,-6860,3080,-5460
-29.7018,-25.5999,-14.6187,-21.12,-15.3809,-3.45709,-16.8666,-9.69861,-29.4287,-18.766,-7.00956,-23.9075,-3.51958,-8.78094,-22.3582,-12.6844,-1.464,-970.632,-254.736,-7140,2380,-5600
-22.1975,-19.9885,-10.0066,-16.2486,-11.0758,-0.492034,-11.2291,-4.32768,-21.5013,-12.5968,-5.5915,-18.1166,-1.21688,-5.91408,-16.7895,-6.40321,-3.416,-968.192,-261.08,-7840,2100,-5460
-11.7353,-16.116,-2.10769,-12.0689,-5.58139,1.26254,-5.89204,-3.95025,-14.9211,-0.675204,3.74858,-9.80223,3.31155,-2.96258,-12.8982,-1.69977,-2.44,-971.608,-263.52,-8120,2100,-5740
-17.8896,-20.7794,-6.73765,-16.3429,-11.0935,-0.816114,-12.2508,-5.41945,-21.8348,-7.34699,-1.70819,-13.863,-1.1605,-8.49824,-20.3141,-6.18098,-1.464,-975.024,-259.128,-8540,2800,-5880
-10.9012,-14.3502,-6.23903,-14.7236,-13.8525,-3.66046,-14.8949,-6.16561,-15.244,-4.95203,-8.27261,-9.3947,-8.31918,-11.4573,-18.3804,-11.4731,-5.856,-974.048,-261.08,-8540,4200,-6160
10.3455,3.80474,4.56607,-1.56651,-2.25258,-0.840329,-5.8646,-0.204397,4.08139,8.81078,-3.85928,9.06454,-6.56824,-2.51126,-6.2418,-7.34182,-3.904,-973.072,-264.008,-8400,4900,-6300
3.93509,1.54408,-4.10593,-1.48394,-0.294496,5.06377,0.145282,10.2748,2.92518,-5.78393,-2.71503,3.67112,-1.91827,-0.054107,-2.82318,3.26265,-4.88,-975.512,-266.448,-8680,5600,-6720
-7.03734,1.99671,-5.51068,3.02298,2.95517,4.91988,6.68719,7.15652,0.448817,-14.7296,-3.19307,-3.94565,1.56537,4.42037,4.92457,8.27023,-7.32,-979.904,-268.888,-9100,6160,-6720
-6.79962,5.88863,-0.215224,9.9134,5.65306,-1.63533,11.3516,3.62278,3.18855,-6.21704,2.70828,-4.09312,2.02208,2.19376,13.3805,7.64467,-6.832,-985.272,-266.936,-8960,6440,-7140
4.11589,10.3545,7.47715,17.0649,12.1883,-6.26847,15.191,-0.0709047,8.83012,6.73724,5.39082,6.61359,0.836603,1.6353,19.4716,6.96687,-7.32,-983.808,-265.96,-8260,6720,-7140
11.1226,16.9126,8.85604,21.5597,17.4628,-3.16169,17.9808,5.83358,13.5365,12.9127,4.21749,14.8427,0.651988,-0.349824,20.3652,8.73517,-7.32,-987.224,-266.448,-7980,6580,-7560
6.02127,8.97731,4.73797,6.4883,1.63479,-3.85851,1.84086,-1.23775,6.40049,8.10208,1.65158,8.9722,3.11653,-1.97344,3.09301,-3.84704,-12.2,-985.76,-265.96,-7280,6300,-7560
12.1222,13.762,5.98374,8.45452,1.40846,4.132,4.24689,3.13499,14.2319,12.1151,9.36586,10.4824,6.02186,3.02964,9.80835,-0.508654,-8.784,-988.688,-265.472,-7000,5600,-7560
7.67913,5.68015,0.738333,-0.893118,-2.46447,2.64762,2.39234,2.6919,10.9054,6.78689,6.5542,0.606074,2.08644,0.653756,3.36904,1.62187,-6.832,-989.664,-263.032,-6300,4760,-7560
2.42445,1.53312,0.150867,-0.0782257,3.01964,-3.09258,2.40625,-4.33772,3.78993,2.69871,0.933665,-0.452744,-1.15668,-1.31564,0.779358,0.912874,-7.808,-988.688,-260.104,-5880,4060,-7840
12.2874,12.2582,6.02475,12.5846,10.5289,-7.56723,4.21281,-11.1495,11.7287,9.96781,3.87743,11.705,-0.580398,-2.4228,8.71793,-2.71626,-3.904,-989.664,-262.056,-5040,3360,-8120
18.143,19.1619,13.5976,20.9377,13.9427,6.2604,15.1273,3.87845,17.3413,13.9548,10.3702,17.5238,8.45272,15.3311,21.2275,11.3137,-4.88,-987.224,-255.712,-4340,2800,-8120
22.2998,20.6109,14.8696,19.5096,16.4486,10.1695,17.9284,10.6853,21.8672,16.2253,14.5353,16.5239,10.0358,20.8202,21.4574,17.3707,-1.952,-987.712,-256.2,-3640,2520,-8260
21.204,17.6587,11.2519,13.448,13.2126,-1.47553,6.86914,-0.60675,21.3289,17.0473,16.6267,14.3589,8.2805,8.05825,12.4591,2.54044,-0.488,-988.2,-253.76,-3220,2520,-7980
7.43365,9.11846,1.8751,10.4015,5.31364,3.06909,5.27902,3.03067,12.0198,2.67798,3.99329,4.34964,2.34163,2.29943,9.05073,4.0326,0,-988.2,-251.32,-3220,2520,-8260
-2.89654,-8.97875,-2.4948,-8.89847,-13.3507,4.63272,-8.28842,2.3869,-6.15501,-2.10465,1.66262,-8.11016,2.02882,-0.184893,-9.90818,-0.5825,0,-985.272,-250.832,-3220,2520,-8260
-11.7551,-19.4799,-6.28615,-19.767,-13.7962,2.19388,-8.3579,-0.12855,-19.717,-9.63435,-6.33991,-15.3782,-2.18688,-2.88465,-15.5503,0.571865,3.416,-984.784,-251.32,-2520,2660,-8400
-3.17218,-5.37693,0.326662,-6.22547,4.7086,6.75582,4.76512,3.77638,-11.3436,-6.79251,-8.83355,-2.93306,-1.43206,5.43824,-2.60297,7.81858,3.416,-986.736,-249.368,-2520,2520,-8400
-3.20337,-6.54762,-3.96108,-5.18522,-0.631281,1.62183,0.595214,4.11319,-10.6771,-5.13041,-4.89232,-7.58937,-4.35611,-1.41971,-0.725198,1.95922,8.784,-985.76,-252.296,-2520,2800,-8680
1.31914,-3.76335,-2.22885,-3.06048,-0.401093,-0.908431,-1.21795,1.22128,-5.46001,-1.48922,-3.70376,-6.17062,-4.29697,-1.44909,-2.37268,0.0951945,9.272,-983.32,-239.608,-2100,3360,-8680
3.68702,-0.183973,3.45056,-4.17819,0.505258,1.48576,-9.77991,-3.60185,-1.89883,1.60554,-1.23168,0.741364,1.38051,1.70779,-10.8552,-6.90263,7.808,-983.808,-257.176,-700,3500,-8540
-5.14509,-4.16044,0.420978,-2.17978,1.07806,2.44887,-4.82931,-0.40755,-8.80169,-5.5569,-4.2228,-1.76864,1.59302,2.18624,-5.72618,-2.84334,16.104,-989.664,-261.08,-1680,4340,-8120
-2.33795,-4.54664,1.79414,-1.07193,0.412465,2.57938,-2.07118,4.62148,-8.16561,0.652895,1.37538,0.532697,2.7746,2.88853,-1.66087,0.610654,14.64,-990.152,-259.128,-2240,5460,-8120
-1.22012,-2.29732,0.882991,0.851972,1.77506,-0.543034,-1.25736,-0.341344,-3.71687,2.30305,1.53345,3.32844,1.52545,0.128767,1.37569,-0.725679,18.544,-991.616,-261.08,1120,6720,-7280
-16.9709,-13.17,-8.52292,-10.8053,-7.39502,-4.39461,-8.25842,-4.33469,-14.5777,-12.3055,-8.73933,-6.50137,-3.3323,-6.00197,-8.44006,-6.32836,17.568,-988.688,-257.664,4060,8680,-6300
-20.5725,-21.4252,-15.8704,-23.6632,-19.8778,-10.7088,-19.8762,-9.08962,-16.393,-16.8555,-11.6837,-14.7734,-7.71378,-15.6818,-22.699,-15.6524,12.2,-988.688,-263.032,4760,9240,-5600
-10.3282,-12.0917,-12.4987,-16.8005,-19.567,-14.3619,-21.9686,-14.1088,-4.31826,-8.24876,-13.8772,-7.45913,-11.2123,-17.443,-21.8809,-21.1911,13.176,-985.272,-259.616,5180,9520,-4760
-16.7001,-13.9874,-17.7504,-15.6793,-22.0233,-14.4141,-20.5033,-10.5913,-8.7973,-16.4286,-19.1821,-12.1633,-16.3041,-20.8471,-19.6111,-20.3724,12.2,-984.296,-263.032,5880,9940,-4060
-17.3664,-7.53649,-15.75,-2.25035,-8.754,-6.29274,-0.553959,1.69042,-8.74525,-17.152,-6.37218,-9.66717,-9.22688,-12.8011,2.42442,-3.84237,12.2,-984.296,-263.032,6300,10360,-3500
-13.6739,-3.30335,-6.87896,2.75179,-0.767717,-0.707486,5.0865,0.0934326,-4.97498,-8.19791,-0.833452,-6.61865,-2.17395,-2.6006,6.02568,2.06495,9.272,-986.736,-264.008,7980,10640,-2660
-4.19796,3.70529,6.4738,7.18427,7.09403,5.3946,7.64462,0.119987,1.58713,3.82671,7.17118,1.4292,8.41276,7.97184,6.42142,4.4773,3.904,-986.248,-264.008,9660,11060,-2100
1.9925,2.09725,6.17213,5.42092,5.19937,0.359231,6.2764,-2.5099,5.90708,5.89433,5.14333,2.10334,4.58709,6.64431,5.93089,3.38174,0.488,-985.76,-263.032,11340,10640,-1260
7.69267,7.26007,8.51862,8.74297,10.6762,4.66239,10.614,2.84139,9.49051,9.02329,7.57678,7.78651,6.68874,9.59272,9.30565,9.15301,-2.44,-981.856,-262.544,12740,10080,-700
3.06179,3.78088,3.74476,1.50463,3.10232,3.54225,1.91973,0.568771,6.40371,3.72237,3.66974,2.72326,3.01004,0.946154,0.367022,2.82889,-5.856,-980.392,-267.424,14700,9240,280
5.1198,9.02235,1.20153,7.23297,5.61295,2.90664,8.55887,3.6212,12.3219,2.76742,1.31673,3.82132,-1.38266,0.985947,7.78162,5.56557,-7.808,-978.928,-270.352,16240,8540,700
7.82133,11.7149,4.24046,5.44864,4.81874,2.8411,5.32954,2.98605,12.2598,7.30395,4.96159,6.85807,0.455998,1.53153,4.69967,2.89514,-11.712,-982.832,-268.4,17640,7840,1260
4.70975,5.83876,2.00058,-2.35169,-2.00038,0.387054,-3.07326,0.476739,2.88553,5.93382,2.7651,2.6652,0.0428526,-2.21069,-4.6477,-2.58321,-14.152,-982.832,-271.328,18900,6720,1680
7.01779,4.9913,4.59491,3.85198,4.21694,4.13428,6.91195,8.69028,0.181152,6.84532,4.2537,3.94726,1.76937,4.76299,5.18692,6.90265,-15.616,-981.856,-269.376,20160,6160,1820
22.2848,11.6123,14.2719,8.10407,9.49934,6.34072,5.37292,3.43194,14.1613,19.6665,14.4305,13.7697,8.27126,10.5466,4.93006,4.93245,-19.032,-982.344,-263.032,21700,6020,1960
13.3,1.08907,6.78312,-2.11084,-1.56685,-1.52596,-6.71616,-4.95239,7.296,9.64612,7.32655,3.5692,2.96306,0.688419,-5.42096,-4.39546,-19.52,-980.88,-258.64,22400,5600,1960
5.93932,2.09532,5.2261,6.40479,5.59385,3.02364,9.00011,6.01755,1.63377,2.00582,1.67155,2.77022,2.29217,4.93487,7.89573,10.5194,-20.984,-982.344,-253.272,23100,5180,1960
0.406571,2.97755,2.83767,8.31354,5.76674,2.85116,10.4421,3.6039,-1.54371,-3.28841,-2.46758,1.45895,-0.081844,6.26367,11.4241,11.2183,-24.888,-984.296,-248.88,23660,4480,2100
-2.98578,-2.17977,-1.43237,-1.90822,-2.23668,-0.223563,-1.62323,-1.53999,-5.89661,-6.15859,-3.74573,-4.437,-1.60849,0.585952,0.208008,2.514,-23.912,-982.344,-251.32,24360,3360,2100
6.86668,11.589,0.793178,7.36551,4.54244,2.2611,3.14145,1.20359,7.72418,-2.36872,-2.55908,4.1526,0.403843,3.89369,4.7241,4.28387,-26.84,-982.832,-246.44,24920,2660,1820
8.6081,9.80457,2.42763,6.67841,4.55499,1.04286,-0.0269776,-1.22802,6.15164,0.73961,-2.56477,5.83588,2.01071,2.89177,0.133185,-0.775715,-25.376,-981.368,-245.464,26040,2240,1540
4.44797,-0.925888,0.880296,-3.05856,-0.71497,0.0305672,-6.12536,-1.85964,-3.4315,4.99533,3.94329,0.68892,4.40405,-0.435552,-5.93711,-5.95957,-25.864,-979.416,-239.12,26320,2240,1260
-2.43475,-7.91719,-3.97366,-5.74516,-2.80675,-1.11547,-1.20016,1.16899,-7.31633,-1.67038,-0.043086,-5.43894,-0.639995,-2.23675,-1.08142,-1.36755,-27.816,-983.32,-234.728,26180,1960,280
0.633959,0.70747,3.502,6.54675,9.33895,4.63277,10.3552,4.13261,-3.10259,0.73835,-0.0581315,2.95857,3.20001,9.8514,10.2017,5.92006,-27.816,-980.392,-229.848,26600,840,-140
-0.270029,-4.19584,0.319628,-1.95427,-0.0301895,-1.13767,-0.372369,-1.69433,-1.91705,0.666873,-0.67867,-0.929811,0.512957,1.60981,0.502618,-5.24862,-22.936,-976,-225.456,26460,-840,-840
-2.80247,-7.46941,-2.78568,-5.35471,-2.55723,-1.98733,-0.680474,-0.416376,-1.47381,-1.9968,-2.31063,-2.97417,-1.77655,-1.85841,-1.51707,-5.05841,-20.008,-977.952,-222.528,25480,-2660,-1680
-2.92426,-2.49196,1.27274,-1.97742,-1.16938,-0.54465,-3.25355,-1.89824,0.211922,1.30494,0.849664,1.17449,1.76606,-1.85225,-2.32394,-6.08809,-17.08,-976.488,-213.744,24920,-4060,-2380
-10.4616,-5.62287,-4.95823,-2.73158,-2.83645,-7.3174,-3.21133,-2.26411,-4.75378,-5.0601,-5.51074,-3.95098,-4.36777,-10.92,-3.01313,-5.06113,-13.664,-977.952,-214.232,24500,-5880,-3360
-12.2104,-5.94482,-10.3291,1.79065,-1.89062,-9.40214,3.3646,2.70076,-7.52472,-8.77591,-6.28069,-7.3071,-9.00367,-12.0203,7.21013,1.19471,-5.856,-979.904,-215.208,24920,-7140,-4060
-1.96622,0.51751,-4.73425,4.95897,-4.79025,-1.89813,3.4779,6.70789,2.11457,0.435017,3.94113,-2.20333,-1.98737,-3.87172,11.6547,3.36184,-1.952,-976.488,-213.744,24920,-8680,-4760
-5.07832,-4.0861,-4.26986,-3.96696,-8.69054,1.25201,-2.25805,1.58273,-1.3009,-1.58059,2.34249,-5.36478,-0.799653,-0.262093,-0.258932,2.59916,0.488,-977.952,-214.232,25200,-9380,-5320
-7.8108,-7.28872,-4.28305,-12.722,-9.37373,2.44526,-9.15319,-0.462916,-7.02681,-2.96795,3.81348,-6.62305,1.37513,-3.35165,-12.8474,-2.09187,7.808,-977.464,-208.864,25760,-9520,-5740
-7.97051,-6.39229,-8.80748,-12.5117,-9.67125,-1.97385,-11.9495,-4.24003,-6.75242,-8.36088,-3.85474,-7.76795,-4.39798,-6.85913,-15.2878,-6.34893,10.248,-978.44,-213.744,26040,-9380,-6020
3.92865,3.34926,-0.900598,-4.9349,-1.95492,3.66883,-9.74199,-2.95106,5.06332,0.415596,-0.31546,2.05603,-0.558537,-0.71055,-12.7864,-3.39835,12.2,-976.488,-212.28,26880,-8400,-6020
6.02953,4.42358,5.59164,1.48726,5.89545,5.14689,-3.01823,-6.96936,3.97678,2.86915,-1.10107,6.81696,2.56476,5.43073,-6.54185,0.388106,15.616,-977.464,-214.232,27580,-7280,-6300
0.364262,3.51345,8.14571,6.28465,9.27589,4.25507,0.863101,-8.99406,-4.79035,0.858246,-4.05254,6.80165,3.02704,8.839,0.639344,1.64419,14.64,-977.952,-211.304,27860,-6300,-6300
-6.34494,-0.176411,-1.30956,2.77809,0.541543,-0.934376,-6.84193,-5.35581,-10.0469,-4.84011,-5.25665,-2.03228,-2.80437,-2.06238,-2.44439,-3.41806,14.64,-974.536,-208.864,28560,-5880,-6020
-6.50562,-6.56618,-6.84876,-4.32245,-5.21135,-4.52895,-5.51515,-1.51465,-7.30843,-8.79778,-5.07602,-7.55977,-6.51406,-7.08036,-4.9516,-2.56997,14.64,-972.584,-208.864,28840,-5740,-6020
-4.3992,-8.73062,-6.59261,-11.7969,-9.25671,-6.25697,-6.6713,-1.74595,-0.605531,-8.06172,-4.46955,-8.0983,-6.28739,-7.66894,-8.94878,-3.6165,17.568,-979.904,-205.936,29120,-5740,-5460
0.935542,-5.12184,-0.911176,-6.354,-4.4396,-3.38532,1.25919,2.06312,0.582425,1.11672,1.89592,-2.82082,-0.373009,-2.27799,0.960338,1.74147,20.008,-978.44,-201.544,29260,-5880,-5460
2.69511,0.866217,4.45282,1.42027,4.33834,1.51864,11.6158,5.76778,5.0682,2.2227,-1.79948,3.11572,2.20688,7.65596,9.46672,8.10486,19.032,-979.904,-199.592,29260,-5880,-4620
5.44909,5.66964,9.72103,2.37309,6.40163,6.31869,8.41626,6.67228,8.15465,7.07207,3.69097,7.64413,6.8482,10.3897,2.19302,5.02912,20.496,-978.928,-202.52,28980,-5740,-4340
5.72702,7.69845,9.0066,3.70331,6.61715,-1.46219,4.14003,-3.7162,6.24929,9.66912,5.06993,7.95867,5.19204,2.27958,-2.15264,-3.41513,18.544,-980.392,-204.96,29120,-4480,-3640
10.7533,13.3256,6.51819,15.414,11.0816,-7.08114,13.4893,-0.859339,11.7257,12.7594,6.90395,9.83106,2.37549,-0.899526,14.0051,0.214987,18.056,-979.904,-204.472,29260,-3780,-3080
15.9789,15.8545,11.213,20.511,9.5334,2.86883,15.8736,6.03723,17.2893,15.0979,10.4767,13.8403,7.69004,9.37999,21.2382,6.26646,19.52,-980.88,-206.912,29120,-3360,-2800
6.16587,12.5565,8.00322,12.7879,5.88504,8.99268,9.31018,6.76849,11.7974,3.57164,0.709,8.50577,4.49464,13.2709,11.4078,8.90653,16.104,-974.048,-205.448,28560,-2100,-2380
-5.10438,2.28886,0.346545,-1.21219,-1.14861,9.40159,-1.69278,6.76232,-1.5849,-4.03425,-1.69411,-2.43226,2.45977,7.01287,-4.16268,2.97853,15.616,-976,-203.496,27300,-1260,-2100
-12.1241,-8.61711,-9.73778,-7.45502,-6.86495,2.10065,-6.98247,1.6342,-11.0861,-10.8672,-4.34379,-12.6713,-4.0287,-3.87272,-7.55303,-4.53141,15.616,-974.536,-210.328,26740,420,-2240
-6.27902,-9.79207,-7.00508,-6.15813,-3.10952,-1.41427,-2.97293,-1.23187,-8.65285,-3.56216,1.3646,-8.297,-2.34447,-8.84938,-1.41305,-4.47349,13.176,-976.488,-204.96,25900,1400,-2240
0.541621,-0.244917,-3.87556,7.23982,5.33405,-8.64893,1.2237,-7.81316,-4.79961,-0.952379,-0.460525,0.478873,-2.5861,-15.2963,6.85946,-5.03027,9.76,-976.488,-202.52,24920,2940,-2240
4.82384,8.9144,-5.0582,12.6213,-0.174681,-19.342,-3.50057,-10.2343,-0.239348,-1.11565,-1.75703,3.21497,-7.3512,-14.1415,5.06843,-8.42359,8.296,-979.904,-208.376,24640,3360,-2380
13.1519,11.1179,3.20911,4.22502,-3.99287,-5.12806,-6.90826,-1.65614,7.92139,7.8044,7.20743,7.62531,2.43713,3.01292,-4.03699,-1.88651,4.392,-983.808,-211.792,23660,3220,-2520
10.1075,-2.82708,1.32873,-13.7256,-8.19485,5.59083,-7.89288,3.35049,3.35797,7.0588,7.4375,0.556938,3.05788,3.73154,-9.79451,0.723651,5.856,-978.44,-213.256,23380,3080,-2520
-3.46409,-21.2479,-6.30712,-27.9327,-13.8064,2.26261,-13.279,-0.450703,-10.8569,-2.48908,-1.44607,-11.0994,-2.94262,-4.27693,-18.9724,-5.81675,4.392,-979.416,-208.864,23380,2800,-2800
-10.4001,-17.3414,-3.7854,-11.9264,-1.8763,9.11,-1.85999,3.80998,-14.2392,-8.32006,-5.077,-7.98566,0.803599,4.60215,-6.34642,2.58239,1.464,-975.512,-209.84,22960,2100,-2800
-12.0309,-6.51981,-4.63994,2.4795,3.03799,5.89261,4.59157,0.856369,-6.48095,-12.2151,-10.5935,-5.40549,-1.70523,5.03367,7.31109,3.0168,5.368,-980.392,-218.624,22960,1400,-2800
-6.18816,-2.54411,-3.1033,2.09344,3.4862,7.36149,6.09897,7.98178,1.62234,-4.66653,-3.7266,-3.00881,-0.674194,4.79501,4.52344,7.95488,4.88,-974.536,-217.16,22820,980,-2520
-3.91684,-9.98617,-2.08733,-11.1877,-5.10921,3.70376,-5.50233,-0.129885,0.717533,-0.723192,-1.5096,-5.40746,-1.79349,1.96376,-11.7777,0.655504,5.856,-975.024,-222.04,21840,700,-2660
0.128488,-0.085523,3.53134,1.79898,6.15094,8.68034,6.69865,5.60531,3.44464,1.91612,0.337476,2.66494,2.66305,8.0261,4.44259,6.80714,1.464,-974.048,-213.744,21700,1680,-2520
-3.98217,-0.231608,-4.17051,3.26312,3.77588,-7.08325,4.32939,2.21528,-2.23458,-4.12201,-5.42148,-0.651215,-7.10223,-6.99738,6.02847,1.61608,5.368,-972.096,-216.184,21280,1680,-2800
-10.1106,-3.66572,-7.04678,1.11499,-2.19897,-13.5435,-2.6622,-3.10716,-8.97193,-6.92357,-8.22827,-5.25896,-9.81416,-13.4544,-1.43191,-2.75474,0.976,-969.656,-214.72,20860,2100,-2940
-4.44636,6.35409,4.37727,9.24619,0.255528,2.52074,2.05999,-1.97201,-2.05804,-1.46887,-3.74519,1.48741,3.20393,3.78011,4.16918,3.6326,3.904,-968.192,-214.232,20160,3220,-3220
11.4119,17.0996,14.6216,10.8242,5.13394,7.38189,3.83964,-2.50342,13.2321,9.89015,4.68115,12.3292,8.41951,13.3856,6.8383,4.76624,4.88,-968.68,-216.672,19460,4340,-3360
8.44244,11.1014,11.002,1.68514,5.95493,4.10649,2.12762,-1.72299,11.6128,7.05821,4.63663,9.88167,5.86282,10.2524,1.19517,4.08501,3.416,-970.144,-215.696,18620,4900,-3500
4.84094,7.4333,7.35857,0.546609,6.06174,0.0369781,-0.89717,-7.95221,6.43002,4.02358,5.27653,6.82913,6.75016,2.70026,-1.67447,-4.13633,4.392,-971.608,-215.208,17640,5600,-3780
-6.41243,-3.90234,-6.73147,-1.29657,-3.17814,-9.92051,-4.52511,-9.08767,-8.18146,-4.61361,-0.039744,-6.34806,-3.88123,-14.8853,-1.0819,-10.8308,2.928,-975.512,-215.696,16660,6580,-3780
3.53778,3.33561,-7.75201,7.2956,-3.87453,-19.9713,-5.05306,-8.93951,-0.880235,2.56099,5.55675,-0.766498,-7.67858,-23.8174,6.34506,-12.8643,1.464,-978.44,-214.72,15960,8120,-4200
7.88649,2.26057,-6.41105,4.13783,-9.9969,-19.0686,-4.23379,-2.08135,3.92226,3.52483,7.74871,-0.564963,-6.46049,-14.8629,4.57037,-8.55251,0.976,-975.024,-219.6,15540,8820,-4620
16.5092,16.3579,7.42386,12.5047,5.36441,4.94933,13.0748,15.1987,18.2731,11.0616,10.3852,11.4849,4.34269,10.1775,12.4705,13.0297,3.904,-977.952,-217.16,14700,9380,-4620
21.8463,20.3604,18.5836,9.47848,13.2378,17.3414,10.7237,12,20.4646,17.9236,13.8321,18.9246,14.6951,22.1891,6.12248,13.2189,1.952,-980.392,-214.72,14280,10080,-5320
0.878899,-2.73205,3.24989,-10.3064,-1.51448,9.15848,-5.75333,0.0183183,1.10213,-1.47635,-0.792933,-0.754186,6.42544,7.13311,-11.5292,-2.77353,0.976,-979.416,-216.184,14420,10500,-5460
-19.2877,-24.9712,-10.4446,-23.5737,-11.4276,3.14452,-9.32126,-0.0655699,-20.1315,-15.7751,-10.0755,-18.3234,-2.70687,-7.17566,-20.159,-5.56787,6.832,-982.344,-216.672,14420,10500,-5460
-25.7448,-32.2541,-15.8856,-28.5633,-18.8899,-6.65094,-19.1516,-8.38026,-29.0184,-20.6744,-15.1105,-24.7007,-9.07548,-13.6952,-30.5799,-13.083,5.856,-985.272,-212.768,14420,10500,-5880
-11.0035,-9.76976,-5.41923,-3.55009,-3.79619,-0.357654,-5.18007,-2.61171,-16.0672,-7.95574,-5.53717,-8.16739,-2.88477,0.321819,-8.23542,-3.96258,3.416,-981.368,-214.72,14280,10640,-6440
-0.669886,-4.02156,5.37313,5.91358,6.81716,9.47653,8.17377,4.8481,-21.5099,5.38246,-0.079895,1.2333,4.73577,12.1129,6.97315,7.97194,6.832,-981.368,-215.208,14280,9520,-7000
6.36363,3.82385,8.3848,8.58555,12.1556,11.7954,12.2781,7.89482,0.298446,12.252,-1.09285,8.27003,3.95977,13.4206,10.871,11.5655,8.296,-978.928,-213.744,14140,9660,-7280
3.24161,2.4718,1.80932,4.78752,5.61775,3.69729,5.8963,2.27761,9.23544,4.62794,1.99519,5.25148,2.36739,4.61559,6.25098,3.17497,9.272,-971.608,-217.16,14280,9660,-8120
5.84114,6.88693,-2.68114,10.0512,6.36183,-0.837867,8.80096,0.547407,12.1571,-3.33797,-0.756837,5.54689,-1.54944,2.40661,11.7259,2.88051,9.272,-972.584,-213.256,14280,8820,-8540
3.35495,9.35883,-5.39325,11.437,4.78975,-3.7366,7.45415,-1.24977,16.8626,-3.32547,-3.23083,2.64046,-6.69588,-1.00111,13.4325,1.31977,9.76,-977.464,-207.4,13440,7980,-8960
-0.559644,6.70183,-6.36427,3.83178,-2.60625,-11.5172,-5.67487,-12.1238,11.7603,-0.7937,-0.150746,-1.86734,-7.43396,-14.0263,2.33917,-12.6551,11.224,-971.12,-213.256,13720,7560,-9380
-11.1495,-10.2785,-11.8708,-8.61128,-13.1835,-15.6419,-10.6325,-10.6317,-6.87154,-7.79258,-5.34861,-12.7562,-11.0237,-20.9038,-6.46471,-12.4774,8.296,-972.096,-210.816,13580,8120,-9800
0.367696,-1.77892,-0.416539,-2.32619,-7.73251,-3.83128,-6.57514,1.75242,-3.3044,1.71205,1.61161,-1.30528,-1.80905,-7.30437,-4.06611,-0.806761,9.272,-970.632,-212.28,13440,8680,-10220
0.442126,3.68433,0.481112,-0.862354,-5.13472,-2.41425,-4.427,0.510172,5.99438,-2.82551,-0.846801,1.16576,-1.84476,-0.660023,-0.837302,2.2312,8.784,-974.048,-213.744,12460,9100,-10780
4.28273,9.10255,6.1272,3.74659,6.82797,6.0959,7.66471,7.44231,11.7435,2.85075,5.21618,7.46196,4.5641,7.49885,9.95741,10.6258,8.296,-971.12,-214.232,12460,9940,-11200
3.35634,6.49263,5.85125,1.14718,4.40131,7.24334,2.28212,2.43503,4.01636,4.26483,3.73939,6.14669,4.83335,5.53763,5.53187,4.12214,14.64,-970.632,-219.6,13160,10780,-11480
-1.89677,-0.872106,4.06603,-4.3686,-1.22916,3.33608,-4.27533,-4.56925,-4.47671,0.386892,0.136456,0.491165,4.01934,3.76567,-4.3044,-2.66108,11.224,-973.072,-217.648,12880,11620,-11620
-2.80499,-7.84398,0.497745,-10.6326,-3.46504,0.0717328,-4.60678,-2.00239,-8.03432,-1.59258,-1.36931,-3.7313,1.15853,2.01982,-11.9825,-1.27752,13.176,-974.536,-212.768,13020,12320,-11340
-1.52103,-8.40877,2.02537,-8.22581,0.26074,1.31589,-2.2963,1.79928,-11.8021,1.32183,-0.0626092,-1.57579,2.08631,4.1423,-10.9461,2.01996,11.224,-973.072,-217.648,13300,12180,-11200
-4.92682,-6.27271,0.163095,-7.10873,-1.2322,1.77842,-3.06745,1.36759,-11.2358,-0.466669,-0.433021,-2.89691,1.59849,2.75594,-11.1419,0.153357,13.176,-973.072,-217.648,13580,12600,-11060
-8.89738,-5.86104,-4.10804,-3.19798,-0.109011,2.19767,3.15396,5.03532,-9.48194,-6.33917,-1.64387,-6.61129,0.685627,1.11546,-4.25562,2.68498,14.152,-970.144,-219.112,13720,13020,-10780
5.80466,8.9236,2.43389,9.68465,6.11073,4.11235,7.07321,7.92768,11.3015,1.78858,1.58968,4.17145,2.67381,5.82267,9.2878,3.984,15.616,-968.68,-217.16,13440,13160,-10500
7.37922,6.39867,3.3552,3.62033,1.18568,3.5953,0.701573,7.27308,11.3916,5.26194,5.2393,3.73027,4.21338,2.65272,5.50922,0.583808,17.568,-968.68,-219.112,13300,14280,-10640
3.34655,2.53034,1.16142,2.95375,3.63894,2.971,4.35959,6.55895,5.31657,0.434003,0.124822,1.79041,1.57717,2.26905,4.83216,3.58762,16.104,-967.704,-209.84,13160,15820,-10360
2.54472,5.53676,-0.240837,9.01235,5.20388,0.212493,6.95468,3.73465,3.1347,-0.366779,-0.403526,2.28327,0.79842,1.66378,9.76856,3.70668,16.592,-965.752,-214.72,13020,16380,-10360
7.65711,8.12055,6.3169,10.2866,7.59216,1.04274,5.38884,0.297879,3.02646,6.52109,2.57145,7.62791,4.21083,4.66497,9.78523,1.56997,17.568,-967.704,-219.6,12600,16940,-9940
5.45167,3.21818,4.3864,5.27597,4.42067,0.849877,4.34508,0.172472,1.3856,4.57287,-0.677501,4.90204,1.10307,3.94542,5.64256,3.20267,17.08,-966.728,-216.672,12320,17360,-9940
6.57454,6.3459,8.83425,8.5256,9.84346,6.10209,9.05184,3.85236,3.16593,8.68087,2.79552,9.02786,3.80711,8.50108,6.20491,9.07714,20.008,-965.264,-225.456,11900,17500,-9800
1.6733,3.28711,9.20441,5.3405,6.72523,3.47011,1.39321,-5.93268,0.418303,5.17804,0.788479,7.07597,3.84583,5.25638,0.361765,2.84567,23.424,-968.192,-219.6,11060,18340,-9660
-11.0719,-7.63263,-7.20135,-1.90147,-4.47331,-11.5934,-6.33427,-16.7593,-8.84681,-8.52948,-5.72615,-7.11854,-6.08901,-21.1801,-4.03104,-11.3037,19.52,-967.216,-225.944,10780,18760,-9660
-11.5289,-12.998,-20.0137,-6.54224,-19.1372,-32.1182,-16.6039,-26.2521,-10.6499,-12.5875,-4.70135,-15.9129,-16.0457,-41.3136,-10.241,-28.341,20.496,-968.192,-218.624,10780,18900,-9100
-3.27572,-10.0563,-13.078,-8.19062,-26.494,-23.598,-20.9984,-17.3548,-6.76533,-5.10149,2.21891,-12.7258,-9.84596,-21.0803,-12.1422,-23.0424,20.008,-970.144,-217.16,10360,18340,-9100
10.3781,3.23743,1.08151,-3.5643,-7.99631,4.84089,-4.52387,5.05848,9.78158,4.29649,0.677641,3.01187,-1.88509,6.58385,-0.544416,3.10929,21.96,-972.584,-218.136,9800,17500,-9100
10.5401,3.29937,1.98103,-7.95217,1.55964,12.0953,1.10226,11.0121,13.7214,2.53895,1.63454,5.71427,-0.655885,10.8955,-1.61972,9.12267,24.4,-970.632,-220.576,9660,17080,-9240
1.5343,-1.59952,-0.946055,-5.57782,4.44251,9.07693,3.2299,7.10872,7.21534,-2.311,1.00748,0.577211,-0.22934,9.11591,-2.05357,7.46559,25.864,-973.072,-223.016,9240,17080,-9240
-0.756629,1.39478,-2.95476,3.13905,4.52485,5.15326,5.42042,5.87829,5.04723,-2.5099,1.29648,-2.16565,0.333997,4.65545,4.52107,5.86559,26.84,-976,-220.576,8400,17640,-9100
-2.65048,-1.13175,-4.83769,-1.66549,-2.26319,-2.04012,-4.28935,-2.58875,-2.44954,-3.12047,-1.22338,-5.36554,-1.45178,-1.25499,-3.15704,-4.1367,21.96,-974.536,-219.112,8260,18340,-9100
-4.0095,-0.561517,1.3556,-0.69098,4.78316,5.4311,2.67805,2.39982,-8.1249,-0.965618,-0.0650117,-1.45786,4.47665,7.09868,-1.22349,2.89333,23.912,-975.512,-221.064,7700,17920,-8960
-10.2081,-8.07618,-2.35782,-6.57629,-0.108143,7.92792,2.01048,4.78542,-13.1732,-7.21021,-7.13111,-7.34461,0.0294617,8.06599,-4.35567,3.86183,22.448,-974.048,-215.696,7700,17500,-8960
0.656185,-0.455298,6.2108,-1.50786,6.67859,11.6943,5.54669,6.54796,-4.1926,3.61472,0.260281,3.0046,4.73261,11.4924,-2.1038,6.5896,21.472,-972.584,-216.184,7840,17220,-8820
-1.33215,-1.05278,4.68941,-1.20979,5.19701,5.72469,4.30077,2.35562,-4.02878,0.212426,-0.940022,2.10213,2.13757,7.07236,-3.23754,5.642,19.52,-974.536,-215.696,7420,17640,-9100
-1.16158,-3.00394,1.36423,-2.19205,-2.50526,-3.15899,-3.16423,-4.29091,-3.84537,1.42288,0.134847,-0.968382,0.29588,-1.19306,-3.48841,-4.75775,17.568,-972.096,-213.256,7280,17780,-8820
2.6647,4.61406,7.24734,5.63392,2.35275,0.335687,0.862234,-0.389444,1.68927,5.9273,3.14511,5.40648,5.75646,1.61906,4.96631,-3.40988,19.032,-970.144,-211.304,6440,18060,-8820
-4.02049,4.18584,4.71561,8.39672,6.24649,6.18493,7.69977,7.81098,1.42669,-0.744227,-1.74622,4.31013,5.42002,5.56065,10.663,7.10203,16.104,-971.12,-212.768,6020,18340,-8820
-7.85336,-1.64946,-1.0935,1.96899,1.34677,3.53056,4.23105,6.73568,-2.51403,-3.20174,-3.98645,-0.828233,-0.403715,1.28054,4.20635,6.83755,13.664,-971.12,-209.84,5040,18620,-8680
-10.7943,-10.5606,-4.40927,-11.0977,-8.82016,-4.0465,-8.57971,-1.67325,-9.02478,-1.31764,-2.04037,-6.5544,-2.47309,-8.33884,-9.63981,-4.44161,10.736,-969.656,-208.376,4200,18900,-8540
-14.064,-15.593,-10.5971,-14.1742,-10.6449,-16.3521,-11.3808,-11.9564,-15.7666,-3.69572,-3.99276,-11.7136,-9.90513,-20.0664,-12.3234,-13.1694,6.344,-970.144,-213.256,3780,18900,-8400
-3.85119,-0.0996031,-8.1807,2.58255,-0.63525,-16.8898,-1.72685,-6.63968,-4.67045,-1.43558,-2.37678,-1.56065,-8.43237,-20.6077,-0.998435,-8.34297,11.224,-968.192,-208.376,3080,19180,-8540
0.825632,5.7822,-8.06169,5.41442,-7.6849,-19.6277,-4.50473,-4.48275,6.06522,-0.832198,-0.78156,0.0909744,-6.06863,-20.1473,1.18418,-10.0873,7.32,-970.144,-214.72,2520,19320,-8260
9.54809,13.0327,4.67902,7.4113,-3.10781,-6.67778,0.316235,-2.59308,16.5801,9.63324,6.90816,8.80623,3.09453,-2.26489,6.88723,-0.493013,5.856,-967.704,-210.328,1820,19180,-8120
10.1332,12.5164,12.1139,5.33223,2.65235,9.12081,5.76568,3.12509,14.3858,11.3931,10.0204,10.5272,11.3766,13.583,9.42747,8.73916,5.368,-965.752,-216.184,1540,19600,-8120
6.79261,5.569,7.53197,2.43436,3.06396,10.8382,7.03657,3.49614,2.31066,5.16082,6.71846,3.91082,6.11895,13.7638,11.3632,6.93341,6.832,-964.776,-215.696,1260,19460,-8120
10.8053,7.49389,10.1124,6.12217,13.6235,19.1059,12.4085,10.0014,4.43729,4.79902,6.93775,8.31064,8.58566,19.8665,11.5345,12.7209,3.416,-966.728,-216.184,1400,19460,-8120
3.63258,4.50783,0.803371,9.16014,13.0996,11.2141,9.27477,6.89511,4.43573,-5.4587,-1.16112,1.92953,1.49294,10.1772,9.47355,7.90238,4.88,-963.312,-218.136,1400,19460,-8120
6.8457,5.46427,0.0733387,8.41833,5.35581,4.49944,1.4632,2.83439,8.18933,-2.79536,1.55142,2.04953,1.47755,4.19812,4.68076,0.614803,6.344,-967.216,-215.696,1540,19180,-8120
5.19771,-0.380216,1.07608,-0.578116,-0.179641,3.0788,1.67307,0.249306,6.52156,-2.60472,1.55035,0.231731,0.89362,7.35067,-4.6287,5.95312,8.784,-965.752,-221.064,1680,18620,-8120
5.24241,-2.04323,0.418415,-1.82175,1.36784,1.87303,1.75557,-8.55181,4.21283,-3.10689,0.0256427,-0.326563,-0.242266,5.56362,-3.36772,2.82339,12.2,-963.312,-222.04,1540,18620,-8260
8.84887,0.00212676,1.51516,0.501291,3.83805,2.82274,-0.710018,-3.45082,3.69217,-1.93276,-1.70763,1.63539,0.827956,3.87565,-3.00382,-2.18019,11.712,-969.168,-224.968,1260,18480,-8260
5.67069,0.638759,-1.26593,2.02799,0.413729,2.13859,-5.23592,3.87082,2.57502,-3.42671,-6.08778,-0.743369,-2.63282,-2.85033,-3.4863,-5.30071,10.736,-967.216,-221.552,1540,18060,-8400
-2.151,-6.07374,-5.29139,-6.84008,-7.54957,-3.50316,-14.2808,0.335541,-5.18791,-7.10871,-9.93657,-5.8247,-6.08799,-9.00625,-14.4396,-7.62025,11.224,-970.632,-216.672,2240,17360,-8400
2.04342,0.216564,2.31769,-3.37096,-1.89686,-5.69002,-8.62049,0.752024,1.57112,2.44257,-2.70689,1.67173,-0.500964,-3.77856,-11.126,-4.2408,11.712,-966.24,-223.992,2520,15820,-8540
-4.6925,-0.713039,-4.02759,-1.80387,-3.54918,-14.849,-2.87227,-5.06977,1.00894,-0.513063,-5.13504,-2.01155,-7.46166,-10.9848,-1.50657,-8.25145,19.52,-967.704,-223.016,2660,14980,-8400
-2.85848,1.17079,-1.48789,-0.325175,-1.66079,-13.8698,2.87501,-1.68404,-1.58478,6.31604,3.54467,0.602045,-4.4627,-2.97618,3.29268,-0.613448,19.52,-969.168,-219.6,2380,14000,-8400
-7.48008,-4.92806,-3.85042,-10.6427,-7.26241,-7.24865,-3.16432,-1.12094,-5.09038,2.29931,0.749311,-4.94953,-3.36277,-3.38429,-8.23364,1.35725,22.936,-970.632,-215.696,2380,13160,-8680
-10.4071,-2.95101,-4.37129,-4.69665,0.960391,2.24961,5.20134,4.15018,-7.88371,-1.33674,-1.12261,-4.16218,-2.27184,-4.1081,-2.03753,7.24892,22.448,-968.192,-214.72,2660,12740,-8680
-9.48787,-6.12056,-4.06784,-1.28568,-4.97544,-2.25005,-1.52876,-7.52498,-11.48,0.640689,0.266315,-6.53776,-2.37852,-7.53596,2.84659,-6.49551,20.984,-972.096,-217.16,2240,11480,-8680
-18.9192,-22.1067,-6.27506,-11.9318,-13.552,-2.21485,-9.87122,-8.91792,-31.8732,-4.92237,-1.64384,-13.9739,-0.974068,-10.4085,-6.98281,-10.9014,25.376,-969.656,-214.232,1820,10080,-8960
-16.2111,-18.7361,-5.731,-12.2786,-9.5758,-5.43805,-9.64319,-6.14645,-26.8908,-5.9599,-1.94989,-10.4151,-2.179,-12.0921,-11.0528,-8.89591,26.352,-970.144,-208.864,1120,9380,-9240
2.5327,0.70786,-6.31279,-0.496964,-10.0982,-9.01252,-8.70189,-7.52099,2.80089,0.895355,5.83391,-3.04895,-2.16133,-10.0823,-0.496676,-10.5818,34.648,-970.144,-209.84,560,9100,-9380
22.9597,15.6085,7.95342,10.4914,3.11342,8.17649,2.84641,3.88246,18.9681,12.1549,13.6774,10.9781,10.4021,10.4272,11.6842,3.88852,28.304,-968.192,-206.912,-280,8960,-9660
26.7219,15.466,17.5768,8.96522,16.7498,22.5263,15.8927,15.6318,20.989,12.1496,6.0841,18.1426,11.3782,24.0613,11.1877,19.8016,30.256,-971.12,-207.888,-1680,8820,-9800
11.329,12.6475,16.3302,10.4922,20.8853,22.0432,15.2957,13.5993,13.0864,2.43969,-3.40951,17.8817,9.18569,28.3759,7.87544,19.7606,33.184,-972.584,-208.376,-2240,8120,-9800
-5.78839,9.77994,4.4166,13.6888,15.0132,12.4168,7.44725,5.90699,6.89004,-6.83371,-7.42451,8.85381,3.66579,13.4607,11.5938,7.97312,34.648,-973.072,-205.448,-2520,7980,-9800
-16.4171,-5.62863,-12.0477,4.42538,1.62445,-2.57628,4.96005,-0.018197,-5.72803,-15.8332,-10.4657,-9.39834,-6.67723,-7.00751,11.4899,0.00716519,32.696,-971.608,-206.424,-3920,7980,-9520
-14.2888,-9.69469,-9.71192,0.118975,1.42783,-5.1066,8.62007,1.35334,-11.3448,-11.4108,-7.43602,-9.69078,-4.78625,-6.64203,7.27337,3.4789,36.112,-974.536,-207.888,-4620,7140,-9520
-4.67627,-2.22744,-4.92696,-2.9608,-6.36269,-3.74933,2.57548,0.958316,2.08123,-1.24988,-1.68126,-5.1798,-3.88793,-0.785503,2.50091,0.395459,35.136,-976,-208.864,-5040,7280,-9380
-5.36049,-0.605661,-4.36241,-6.47939,-6.96866,-5.26571,-3.96288,-5.46597,3.11386,-0.593734,-1.13413,-3.44539,-5.18043,-5.72087,-4.01746,-6.51853,37.088,-975.024,-208.376,-5460,7700,-9240
-11.0218,-8.89849,-6.03183,-14.3904,-11.3793,-9.90225,-14.4006,-10.7876,-8.63759,-2.30608,0.198,-7.39415,-4.32585,-15.2685,-16.7102,-17.2554,36.112,-976.488,-206.424,-6160,8680,-9100
-8.6398,-11.3767,-3.65661,-10.6513,-12.055,-8.08489,-14.982,-9.32715,-10.8385,0.439372,1.18657,-7.47127,-1.19611,-16.6122,-16.0408,-15.1187,36.6,-976.488,-206.912,-6720,9800,-9240
0.220185,-0.772798,1.30365,0.930933,-3.33562,-7.76247,-5.94083,-4.51878,-0.44796,8.07548,5.06194,1.02125,0.530869,-17.3562,-7.62584,-7.00901,32.208,-975.024,-204.96,-7000,11060,-9100
1.98266,1.22243,0.0737271,-1.54624,-9.41439,-13.7884,-4.73015,1.17743,7.28871,5.65606,6.27525,-1.4959,-1.64931,-3.32031,-7.94955,-2.00533,32.696,-975.512,-206.912,-6860,12180,-8960
12.1399,10.1747,12.0146,2.18322,3.77422,6.56643,6.15048,12.4066,14.85,12.7395,11.2339,8.65956,7.8767,17.9838,-0.551314,13.5034,35.136,-975.512,-209.84,-7420,12460,-9100
21.0759,21.488,14.1695,10.4704,13.5293,9.88001,6.13057,3.6458,24.7003,14.8884,11.3836,16.5976,6.68426,12.8747,7.42559,7.11697,35.136,-975.512,-209.352,-8540,13720,-9520
8.17071,10.8766,1.51504,7.43475,5.00716,1.80347,-0.993169,-2.91268,10.2107,0.360714,1.00995,4.49381,-0.41992,4.56617,0.468442,-0.429959,32.208,-980.392,-209.84,-9240,14980,-9660
-2.96816,-5.86993,-0.533189,-3.36328,0.642263,6.97527,1.63411,0.431657,-9.05969,-6.68694,-4.85195,-5.02557,1.71778,9.86691,-6.65902,4.73286,29.28,-978.44,-205.936,-8400,16240,-9660
5.56335,-2.53909,7.01983,0.92197,9.9246,15.995,10.7851,6.80769,-4.17295,-0.85768,-2.2613,2.27305,6.95669,17.855,1.49156,12.7538,32.696,-981.368,-209.84,-8120,16240,-9520
7.2013,-2.13277,1.12584,1.82947,5.2288,6.72508,0.498383,-0.920269,-2.59418,-5.75869,-5.69392,0.371312,0.908474,5.93265,2.81782,0.0834124,34.648,-976.488,-213.256,-7700,16100,-9800
6.14557,2.44152,1.70691,8.96015,7.28217,7.23726,4.86075,2.28344,-1.77546,-6.69868,-3.77289,2.50216,3.53066,8.91051,12.9136,3.35011,33.672,-977.952,-217.648,-7140,15960,-10080
5.55235,3.25301,5.14255,6.76466,7.37947,10.8433,5.44049,2.91146,-1.16664,-3.91262,-6.35181,3.65225,4.4471,12.5282,7.79105,7.64211,31.72,-977.952,-213.744,-7280,15820,-10220
6.97934,9.69653,7.24936,10.9286,12.2956,10.4084,9.26381,5.4522,3.82561,1.79748,-0.711173,9.34302,4.21637,11.9068,9.7725,9.7448,37.576,-975.512,-219.112,-7140,15540,-10080
-1.23137,-2.09958,-3.17889,-1.63569,0.535696,-1.56026,0.443371,2.88955,-5.00391,-2.66068,-2.30443,-0.074092,-3.68807,-2.33785,0.243579,0.632411,42.944,-979.416,-222.04,-6440,15540,-10080
-4.52896,-9.19133,-11.9828,-7.76624,-4.49255,-17.2299,-3.18702,0.819386,-7.90068,-4.18038,-5.21833,-5.57709,-13.0714,-20.7597,-2.53447,-6.49204,41.48,-978.44,-221.552,-6440,15680,-9940
-7.0557,-8.8867,-18.9087,-2.42129,-6.99488,-29.2458,-3.22361,-5.03824,-7.10457,-6.67412,-4.80938,-8.92211,-15.7701,-39.4117,3.16407,-14.2795,43.432,-970.632,-218.624,-4900,14560,-9520
-9.44408,-9.06799,-22.55,-0.71829,-21.6749,-40.9309,-13.7752,-16.1877,-10.493,-6.83631,0.555765,-15.0144,-15.7565,-49.452,2.71859,-25.945,42.944,-969.168,-220.088,-3640,13720,-9380
0.585786,-0.475672,-9.98585,-2.17983,-26.6503,-31.7726,-18.4736,-20.0884,-0.50515,5.10522,10.1977,-8.14159,-6.11077,-25.7106,-2.77313,-19.6366,48.8,-968.192,-225.944,-3080,12040,-8960
4.13403,2.18774,2.68943,-13.1775,-20.6398,-1.93197,-13.5235,-8.41321,6.52129,10.0414,11.728,-2.03387,5.49816,5.07576,-11.1855,-5.54239,49.776,-969.168,-223.992,-2940,10920,-8680
1.21194,-0.0692953,9.68488,-17.1379,-4.40512,19.0658,-3.54097,4.69072,3.87919,7.51241,4.79415,2.28246,10.1576,21.9032,-11.0107,4.60206,49.288,-971.608,-217.648,-2660,9800,-8400
-2.83719,-3.71637,11.7875,-13.2501,8.45336,24.0796,1.92784,9.73708,-3.05644,3.29303,-0.646489,3.95422,9.68577,23.0873,-8.20275,9.71742,53.68,-970.632,-220.576,-2240,8680,-7980
-11.9604,-5.37536,3.50161,-3.77306,9.24201,16.1133,6.55663,8.46056,-7.00442,-6.88146,-9.20283,-1.85219,0.503183,13.8942,-1.17112,11.3666,53.68,-972.096,-224.968,-2100,7840,-7700
-5.68707,4.24638,4.23371,10.8346,13.757,9.94369,13.5532,5.49327,2.99624,0.149749,-3.66482,4.40609,1.26715,10.6231,9.75539,11.3005,55.144,-970.144,-217.16,-2380,7560,-7280
0.207065,9.01069,7.51847,14.258,15.1545,8.76485,11.8082,3.08232,9.14949,7.68227,1.0459,9.35498,3.76128,11.2035,9.04792,9.76405,55.632,-973.072,-225.456,-2660,7980,-7280
-4.01385,-0.472483,4.03114,2.31877,5.43589,3.93544,-0.035821,-1.87135,3.03895,2.2596,-4.86846,3.1681,1.80672,6.90447,-3.83453,2.63935,55.632,-975.512,-220.576,-2800,9100,-7000
-9.32403,-5.85743,-2.07547,-1.72038,0.733318,4.60549,-0.653573,4.06549,-3.24407,-6.80417,-8.88046,-2.42325,-0.760437,-0.713052,-2.20962,1.05754,54.656,-977.464,-222.04,-2380,9380,-6720
-9.0237,-2.91663,-1.23526,6.17844,4.54204,7.23113,4.27496,4.56226,-7.07354,-8.62171,-5.53188,-1.56023,0.0768357,1.90029,6.59564,3.02853,55.632,-983.808,-218.136,-1680,10220,-6580
-1.42453,2.88631,0.259439,10.6313,3.74173,4.94431,2.8642,0.236531,-4.54365,-1.27593,5.54958,1.45346,2.95779,3.59849,4.90847,0.210449,53.68,-993.08,-216.672,-1400,11900,-6440
-0.317238,-7.00199,-6.70232,-7.32891,-10.1813,-6.04651,-11.8166,-8.77091,-7.40025,1.00098,8.11007,-6.51715,-2.1542,-9.62159,-15.0677,-12.2353,51.728,-992.592,-212.768,-560,13580,-6160
2.31439,-8.87339,-2.96642,-14.4772,-9.63811,-8.49204,-14.1142,-7.12112,-2.99411,5.50679,7.35634,-4.3733,-0.564077,-11.9339,-21.2553,-13.6507,51.24,-992.104,-209.84,-280,14840,-5600
-1.01812,-4.42486,-2.33005,-5.47698,-2.99417,-2.87968,-3.61779,3.00235,1.49119,-2.1268,0.281892,-4.07987,-1.31942,-3.17176,-9.14047,-1.46669,49.776,-983.808,-210.328,0,16240,-5040
4.36248,6.97744,0.99864,8.23237,3.64779,-2.84431,5.3657,0.863396,8.97615,-3.25601,-0.196611,2.25763,-1.75372,-2.07458,7.21454,1.90555,43.432,-981.856,-214.72,560,17080,-4620
15.3912,21.7257,6.25096,22.6657,11.7223,-5.07129,11.7992,-2.37316,21.4456,3.38295,2.11536,12.5547,-0.371374,-2.07258,21.7887,1.22027,47.824,-979.904,-211.792,1120,18060,-4620
9.624,16.0207,10.4961,17.0324,11.7966,4.82647,16.5407,8.6582,12.8561,8.72008,5.70528,11.4315,4.85817,11.6464,19.6778,10.9138,49.776,-974.536,-215.696,980,19040,-4200
-5.55161,-3.12898,0.0344491,-7.45466,-7.08352,2.51962,-0.916903,3.75162,0.510086,2.37282,3.11311,-3.24817,0.883554,4.03736,-2.17501,1.55794,45.384,-972.584,-217.648,700,19040,-4340
-11.5901,-8.56282,-2.92248,-14.2928,-9.75841,1.78048,-6.39991,1.60286,-6.57878,-0.283747,4.30597,-7.17132,2.59891,1.65094,-8.49373,-1.90717,46.848,-966.24,-220.576,-420,17920,-3780
-4.80644,0.325348,1.7288,-4.80603,0.358315,2.08179,2.20168,0.346054,-0.106111,2.59867,-0.900394,-0.0705304,1.46878,5.38885,0.212965,3.19343,45.872,-966.728,-223.504,-980,17080,-3500
4.89727,4.45361,5.32778,3.65116,9.20251,6.53188,10.7004,6.17662,0.650724,7.79467,-3.42265,5.33073,1.44543,8.7822,10.2631,9.84412,44.896,-964.288,-226.432,-1120,15820,-3360
4.46365,-3.00646,1.05016,-2.86931,2.39733,0.623097,0.26658,-0.569982,-8.96988,-0.931417,-9.16317,-0.312688,-1.35319,2.09673,-1.58322,0.887767,43.432,-963.8,-231.8,-2100,14420,-3220
1.76854,-4.94732,-6.1922,-4.50502,-4.3874,-3.36599,-4.12446,-0.734396,-6.28189,-11.7995,-7.50353,-5.40454,-4.55329,-4.36544,-2.70811,-2.21219,46.36,-966.728,-233.264,-2380,13580,-2940
9.93415,1.16427,-2.94132,1.4882,-1.04542,-1.18055,-0.887045,2.7145,1.82783,-8.59091,-2.62253,-0.984641,-1.43443,-3.90426,4.00724,1.85118,48.8,-965.752,-236.68,-2520,12180,-3500
13.2803,1.76118,-4.91789,4.96922,-0.451382,-7.28947,-5.74434,-6.21352,0.35277,-4.81085,-0.770521,0.50093,-2.57309,-15.776,3.1323,-6.51585,53.68,-978.44,-228.872,-3080,11760,-3780
12.5934,-1.14151,-8.79124,2.51456,-7.17603,-19.6499,-9.30465,-13.2311,-3.07544,-4.02924,-0.746328,-2.35607,-6.1238,-18.2013,-0.902744,-13.4555,58.072,-984.296,-225.944,-2100,11200,-4340
17.6597,1.93533,-7.07358,-1.35148,-8.64515,-23.1419,-7.0641,-11.3036,6.60173,-0.830114,2.15671,-0.803913,-8.91125,-13.2245,-6.31453,-8.46487,58.56,-983.808,-222.04,-1400,10080,-4760
11.8677,2.77641,-0.719628,0.353127,-1.07066,-6.07832,0.182562,-1.59486,5.43744,0.774076,3.54858,2.42023,-3.58935,-3.61759,-1.12348,0.724039,63.44,-991.616,-214.72,-1540,9100,-5040
8.95782,10.5595,7.99494,8.83358,4.02652,7.45507,0.617128,-0.754095,10.4,10.3003,8.15891,9.85344,8.67067,5.49726,5.90423,0.313332,66.368,-993.08,-206.912,-560,8120,-4760
-12.8122,-4.62003,-0.553706,-2.89225,-5.88771,4.6333,-4.74344,-2.01462,-4.90032,4.48694,1.20835,-3.33011,2.67732,-0.482005,-2.83521,-1.85104,64.416,-982.344,-214.72,280,8260,-4480
-29.9164,-19.7966,-4.14322,-13.4229,-5.33715,6.19417,-3.12588,1.27108,-26.0018,-4.87342,-5.53454,-12.846,0.853433,2.43507,-8.08718,1.3601,65.392,-986.248,-210.328,840,9240,-3920
-25.543,-18.0661,-0.863456,-14.9329,-0.506324,10.5565,1.01944,7.27753,-21.2795,-2.34082,-3.1583,-9.28967,3.4471,7.02476,-12.586,7.66358,66.856,-982.344,-210.816,700,9940,-2800
-8.20042,0.545507,7.38785,-3.39444,6.50842,11.7581,5.0734,8.25582,3.50819,4.46766,-1.62908,4.77518,4.02496,13.7828,-8.14822,10.2657,61.488,-980.392,-218.136,140,11760,-2100
-7.41644,6.8896,5.82696,6.32917,5.92308,7.70553,5.24107,5.28274,7.02675,1.24168,-0.790108,4.99942,2.05284,7.33348,3.44098,2.95519,59.536,-978.928,-219.112,280,14980,-1120
-7.73049,6.04214,0.725293,7.66482,1.58156,0.286725,1.88464,1.34381,3.62896,-3.51319,-3.06185,1.31888,-1.65818,0.229016,4.41503,-2.39222,51.24,-978.44,-223.016,420,17500,-420
0.954682,4.87243,-0.720455,1.70239,-1.29977,0.238074,-1.32122,3.42851,8.92839,1.36824,1.90801,1.77559,-0.937469,1.33711,1.56328,-0.76145,47.824,-973.56,-226.92,560,20860,280
5.8268,1.44099,-0.256925,-4.16852,-1.77195,-0.119099,-3.12911,-0.357801,10.5447,1.3355,1.80789,0.0691679,-0.862675,1.91447,-1.88815,-1.11243,44.408,-973.56,-223.016,560,23380,980
-1.79819,-2.77406,-0.479279,-3.08402,0.808926,-0.340667,0.152817,-1.01072,-1.3257,-3.55297,-2.09041,-1.47917,-1.0703,1.18418,0.305217,-0.605648,40.992,-976.488,-225.456,280,25200,1400
-2.7214,-4.2558,1.29571,-0.942995,1.92767,1.90623,4.12002,3.70948,-5.08976,-0.0920928,0.0635152,-1.05792,2.01874,3.73657,0.516478,4.57054,37.576,-972.096,-226.92,-140,27020,1960
5.11766,-0.04945,6.23645,0.13962,3.55947,4.5391,0.224837,-1.5257,1.89741,7.68107,6.47294,3.89144,6.76607,6.42366,-2.64699,0.920249,33.184,-975.512,-227.896,-280,27580,2520
-3.57495,-7.17682,-3.07512,-6.09159,-4.42022,1.15973,-4.43008,-4.91798,-6.23361,-1.45727,3.58665,-4.90268,2.16036,0.783075,-3.77849,-4.14881,33.184,-971.12,-226.92,420,27720,2800
-0.846,-0.994864,-3.37386,0.165558,1.13876,2.63192,0.695034,-0.443192,-5.20806,-4.64403,2.05499,-2.87389,0.382703,2.14044,1.79382,0.490068,29.768,-976.488,-229.36,420,27160,3080
5.8098,2.66059,1.5025,2.6736,4.54632,4.88351,1.03608,-0.278094,-2.69043,-2.19803,0.53026,1.13447,-0.627818,5.04578,1.65616,1.80388,28.792,-975.512,-227.408,840,26180,3080
18.1942,16.2206,8.29693,17.5643,15.3935,5.9712,8.83126,1.20666,9.82565,5.35902,3.36404,13.0483,2.18551,4.38927,12.5703,5.30747,31.232,-974.048,-228.872,1120,24640,3080
9.78796,11.6341,-1.87943,18.7362,9.1595,-7.36643,8.0051,-5.22754,4.69838,-2.49699,-6.81936,6.08371,-8.45548,-12.9554,17.0141,-1.82926,34.16,-975.512,-228.384,1400,23520,2940
5.68013,11.3457,-1.07184,19.6342,5.70243,-5.90745,11.8524,2.14435,6.24528,-1.11083,-3.71428,6.60585,-3.40492,-4.59332,20.3906,2.70135,35.624,-973.56,-225.456,1540,21980,2800
-1.88076,-0.378622,-3.43002,-5.9926,-11.523,-4.07114,-7.17548,-0.304284,5.35919,-1.20394,-0.921384,-3.4195,-0.729538,-2.6466,-5.1806,-5.29705,32.208,-975.024,-222.04,1680,20440,2800
-12.2342,-14.0233,-9.69448,-25.7187,-19.6723,-5.62274,-16.4603,-3.00744,-5.91732,-6.81166,-4.82518,-15.2346,-4.91082,-9.58961,-19.3807,-11.3503,34.648,-974.048,-224.968,1680,19180,2240
-13.2767,-14.1256,-10.2741,-17.2009,-8.95173,-4.25798,-7.47535,-0.0788958,-11.2719,-7.43246,-8.36958,-12.6201,-5.77376,-10.946,-12.5452,-7.60261,38.552,-974.048,-222.04,2100,17500,1820
-2.98128,-8.12158,0.329015,-7.86974,-3.112,1.32752,-2.66757,2.55715,-5.35542,0.494442,-3.22096,-3.58283,1.80519,5.51794,-10.0687,-1.45035,34.16,-977.952,-226.92,2100,16660,1260
9.05422,6.46719,8.98135,7.85222,9.47442,6.21674,10.2427,5.51673,12.3619,8.53079,4.26658,7.89884,5.94629,9.82038,4.67427,7.09745,40.992,-973.072,-224.48,2800,15260,560
14.8572,14.3354,7.99072,15.1842,14.1776,-8.51915,11.5801,-1.30927,19.3974,15.3099,8.6893,13.2189,1.51825,-4.20936,12.0107,0.340177,41.968,-974.048,-220.088,2520,13860,-140
3.71289,2.72038,-2.83449,8.16517,-1.62367,-22.5197,-4.72103,-10.9328,3.17876,7.37139,4.87943,2.81284,-5.69275,-24.2084,3.20523,-13.1951,43.432,-973.56,-218.136,2940,12740,-700
-3.19253,-4.95519,-6.91443,-2.82494,-18.1517,-21.6804,-13.7065,-9.63198,-5.99147,0.448522,6.13444,-6.59696,-3.20743,-22.422,-4.14428,-12.1547,42.456,-971.608,-220.576,3220,11200,-1260
-8.55487,-11.4564,-5.07917,-16.3169,-21.1257,-11.6648,-13.6876,-5.25578,-12.1214,-5.70936,3.06687,-11.7477,-0.423006,-7.81001,-9.80715,-6.43519,45.872,-968.68,-225.456,3360,10080,-1400
-1.25239,-6.3127,3.98451,-13.3172,-6.10724,13.8289,-3.62494,5.99036,-3.56658,-0.141052,3.72302,-1.94596,6.80042,8.85674,-7.87265,5.63053,46.36,-971.12,-219.112,3360,8820,-1680
2.50102,-3.10372,4.52873,-7.02387,-1.3036,14.7927,-0.570437,6.4643,-0.397307,1.60321,3.03111,1.04747,5.10799,16.1478,-2.61612,8.03762,46.36,-970.144,-224.48,3360,7980,-1960
0.0209945,0.547236,4.51228,2.31236,10.8225,16.9652,10.1817,8.26684,-2.37946,-3.0968,-3.21295,2.54866,3.1432,21.9612,6.3361,15.9125,47.824,-966.728,-221.064,3500,7280,-2100
3.28394,5.93858,11.3588,4.94248,18.3278,18.7125,10.4544,5.41957,0.774537,2.09128,-0.526588,10.0614,8.90139,23.7313,2.86602,14.7376,50.752,-966.24,-218.136,3080,6580,-1820
-5.99923,-2.14684,3.20465,0.130976,8.01401,6.28562,-0.899073,-3.88278,-6.70754,-5.39348,-8.65868,1.10972,1.0795,8.34761,-4.78949,2.85009,47.336,-966.24,-219.112,3080,6440,-1680
-2.44416,4.10747,2.10635,9.30576,7.53582,5.32487,2.85367,4.32386,-1.23738,-1.42346,-3.98912,3.12428,0.229837,5.45265,3.90186,4.88179,49.776,-966.728,-223.992,2660,6300,-1540
0.758024,9.02143,1.65433,13.4231,9.10815,4.65081,9.11938,7.00316,3.8514,0.104093,-0.877854,4.49729,-0.927985,5.96903,9.0459,10.0121,52.216,-969.168,-220.088,2520,6440,-1260
5.47381,13.2477,2.82601,17.3481,13.601,5.25054,14.4853,5.35862,7.85222,3.11538,0.93161,7.83771,-1.53743,3.81448,14.4707,11.9948,51.728,-966.24,-221.064,1820,6720,-840
7.11016,11.0213,-4.81959,14.9471,4.13037,-9.94501,4.43253,-9.57513,9.94066,2.61284,1.00039,4.79532,-7.77795,-17.0122,11.3931,-3.80975,51.24,-968.68,-218.624,1820,7280,-420
0.947856,5.2284,-10.6162,7.73203,-7.24461,-16.5005,-1.94599,-6.93409,5.24218,-3.40952,-2.50456,-2.03495,-9.21928,-17.5596,4.64048,-9.445,51.24,-966.728,-221.552,1540,7840,0
-6.29368,-5.0561,-10.3128,-7.19055,-15.0348,-9.75664,-9.84027,-0.843938,-6.02863,-5.74636,-1.54958,-8.01221,-5.57253,-14.1906,-6.98062,-11.2304,50.264,-967.704,-219.6,1680,8400,560
-6.69798,-9.66648,-5.91514,-15.9103,-12.0227,-1.02758,-7.59124,2.45678,-7.07828,-4.50748,-1.28286,-7.92408,-1.21449,-5.95341,-10.1086,-3.76524,48.8,-969.656,-222.04,1540,9100,700
-8.1587,-12.4998,-4.02746,-17.2541,-8.98955,2.217,-8.57577,0.0740785,-7.21386,-3.98819,-3.44583,-7.30133,-0.682549,-0.74075,-13.5213,-3.72046,48.312,-969.656,-223.504,1400,9800,1120
-8.86765,-14.4072,1.87375,-18.1058,-5.54384,8.34794,-7.04157,-0.0222529,-13.213,-0.191297,2.14168,-5.99268,6.89301,6.45347,-17.4945,-2.47125,48.312,-971.12,-222.528,1260,10780,1540
-11.7552,-22.1541,-0.325056,-23.7381,-9.38227,3.91574,-8.77299,-1.55597,-20.4944,-5.73361,-1.78791,-12.9103,3.76524,4.19458,-20.6242,-3.28679,43.432,-968.192,-222.04,1120,10780,1960
1.85758,-7.28319,3.56538,-3.99046,4.50372,7.70999,2.18908,3.16063,-8.18607,-2.63837,0.240552,-1.39261,5.8752,7.35078,-2.40794,2.96189,43.432,-974.536,-223.504,1120,10780,2100
11.2851,4.94345,-0.286388,9.2017,6.18805,-1.52201,6.6996,3.28714,5.56245,-0.862562,0.26941,3.13687,-0.739746,0.509579,14.8505,0.847385,47.336,-973.56,-226.92,1400,10780,2240
14.1878,15.3384,4.34635,15.4348,9.60154,-2.55188,7.65786,0.368385,17.1915,4.42061,1.89396,9.97468,-0.00681326,1.44009,17.3906,0.390584,45.872,-975.024,-231.8,1540,11480,2800
7.27059,15.2749,6.85696,13.4253,10.3418,2.17596,6.19075,-0.844598,14.523,2.25642,-0.630911,10.0042,2.19832,6.32844,12.476,2.17993,46.36,-972.096,-224.48,1680,11620,3080
10.9007,15.5896,5.14633,11.5748,5.26878,-1.85506,1.75111,-3.79333,20.9283,9.43607,4.63403,9.64036,1.41928,1.33837,8.66691,-2.34785,40.016,-972.584,-227.408,1960,11620,3500
10.4462,11.4185,7.49008,8.74521,4.71634,-1.5185,1.36256,-2.93839,16.6189,13.8459,6.51347,9.90967,3.26189,1.99667,3.47301,-2.2417,42.456,-972.096,-224.48,1960,11620,3780
-5.29187,-7.10433,-2.60542,-7.6826,-7.15052,-3.18873,-4.66954,-2.39758,-3.43104,0.529932,0.812674,-5.80293,-0.634504,-4.70271,-5.92534,-4.21484,40.504,-970.144,-226.432,1960,11200,3920
-15.7697,-16.4919,-9.31389,-15.4025,-14.0837,-7.28979,-9.79157,-6.382,-15.2604,-7.91965,-2.85377,-14.6159,-5.08664,-8.18595,-11.9437,-7.6886,40.992,-975.024,-223.992,2100,11200,3920
-15.8051,-14.6537,-9.30008,-11.215,-8.9252,-8.90288,-8.2528,-5.28754,-19.8501,-8.50607,-3.21858,-12.3947,-6.81218,-8.63384,-10.8657,-6.96019,41.48,-975.512,-225.944,1680,11900,3640
-8.79906,-7.46033,-8.68378,-6.53394,-5.30575,-5.59337,-5.18001,-1.9701,-6.7625,-7.75381,-5.07671,-7.54299,-6.44992,-6.66737,-10.0568,-2.94617,39.04,-976,-225.944,1400,12040,3360
7.61996,9.25352,3.93533,10.4108,6.34654,3.96233,5.40828,4.42596,9.1355,6.22349,2.46392,7.14302,4.65774,2.93166,7.06504,5.11619,41.48,-975.024,-223.016,1540,12740,3080
9.37401,5.88217,5.10968,4.92182,-0.0655613,0.641826,0.485013,0.594365,7.30379,11.17,6.36416,5.24105,4.31542,-1.01091,5.0808,-1.03749,37.576,-978.928,-222.04,1400,13020,2940
5.14398,-2.64221,4.40873,-5.22879,-3.84342,-2.71135,-6.56452,-4.40808,0.97899,6.98066,1.70727,3.1063,-2.65113,-1.9423,-7.10569,-5.87853,40.504,-978.928,-224.968,1260,13020,2940
-0.236498,1.75194,0.854459,2.29039,3.53191,1.34954,1.29251,1.48509,-0.945416,-1.48662,-2.11146,4.66894,-0.583585,2.619,0.224115,0.525334,34.648,-976.976,-221.064,1260,12880,2660
-8.09916,0.600476,-7.21347,3.87307,0.254658,-0.260292,5.23379,2.89138,-4.16921,-9.64053,-4.55345,-3.91587,-3.64318,-2.49929,5.75289,3.23882,35.136,-976.976,-224.968,1400,12460,2660
-2.35568,7.52639,1.44423,8.33227,4.65079,3.13862,5.86355,3.03107,0.0156974,-0.830567,0.766201,1.53104,2.83431,4.8509,7.23729,4.54668,35.624,-978.44,-225.456,1260,11900,2660
-2.29984,5.52446,2.06238,7.73339,5.97491,3.63,8.86134,6.28054,-1.48776,-1.87346,-2.18802,1.58611,-0.0905241,7.15493,8.49633,8.95056,35.624,-976.976,-225.456,1400,11340,2660
3.48663,3.42912,6.4266,4.4172,6.60701,6.09752,8.22075,7.87118,3.0313,3.5085,2.27386,4.97005,2.73687,8.59018,7.27499,9.89367,33.184,-975.024,-224.968,1260,11060,2520
1.7619,-1.2993,4.98676,-2.70179,3.30326,4.34141,3.29848,4.6218,1.62162,2.17896,1.3409,2.80891,2.68301,6.05013,-0.950485,7.19777,35.136,-976,-222.04,1540,10500,2520
2.54051,1.11805,2.75935,-0.643809,2.71455,3.88473,1.56234,4.11642,2.12633,1.56773,0.615378,2.504,0.760799,3.95655,-3.36277,6.63269,31.72,-974.048,-225.456,1820,9800,2380
4.0573,1.69417,0.397271,-1.52354,-1.66492,0.649851,-4.70782,-1.06261,4.58577,1.87063,1.28402,0.995894,0.584093,-2.31776,-7.187,-1.2388,35.624,-977.952,-224.968,1680,9660,2380
4.52393,0.238154,1.48965,-1.57181,-0.142827,0.709911,-0.361947,-1.10995,0.0884463,3.16384,5.9241,1.00914,3.32071,-2.69246,-1.32433,-0.237842,32.696,-974.536,-228.384,1960,9520,2380
-4.82891,-5.99455,-2.07956,-1.52917,-0.322688,-1.01226,2.07349,-0.95784,-8.25985,-7.00324,-3.86216,-4.73281,-0.362252,-3.17175,3.80177,2.04068,32.696,-974.048,-229.36,2520,9240,2380
5.92571,7.55172,5.30332,11.1832,10.4766,6.18941,11.5125,6.53345,5.84752,0.639977,-0.790196,6.37072,3.5955,5.86063,14.4202,10.202,32.696,-976.976,-225.944,2940,9520,2520
9.56308,8.64929,2.8217,5.8362,2.43757,-1.26999,-1.54668,-5.62356,13.0991,3.76306,-0.641343,5.54412,0.857339,0.0672067,4.25417,-4.27995,33.672,-975.512,-225.944,3220,9520,2520
2.73348,1.32085,-2.60852,0.910294,-1.45891,-2.26902,-1.54295,-2.71942,4.71126,0.52065,-0.90491,-0.189904,-1.04778,-3.50267,1.61937,-4.4229,32.208,-976,-226.432,3220,9660,2800
-6.15436,-9.10828,-8.16,-7.65392,-8.30544,-5.64851,-6.15179,-4.06884,-8.42993,-5.9075,-3.86805,-8.3662,-4.98542,-8.75149,-5.93237,-7.4061,31.72,-975.512,-224.968,3640,9800,3080
-7.95357,-14.1138,-8.05367,-12.8435,-12.3702,-5.77407,-10.4241,-4.50189,-12.6531,-7.14345,-3.20332,-11.0719,-5.04792,-9.74177,-10.2998,-9.89706,32.696,-974.536,-224.968,3640,10080,3080
-3.00944,-7.6873,-0.762537,-6.07116,-4.90495,-0.618066,-3.9751,-1.38948,-8.39041,-1.48026,1.33725,-4.23089,0.739651,-1.34448,-3.30252,-3.32245,37.576,-976.976,-224.48,3920,9940,3500
-4.54412,-6.78356,-1.7544,-6.67538,-5.42608,-1.91237,-4.10091,-3.92027,-9.47313,-3.02035,-1.35816,-5.0318,-0.581088,-1.64247,-4.89613,-3.41434,32.208,-976.976,-223.992,4060,10080,3640
-4.53372,-7.16412,-5.16859,-9.85879,-9.10664,-4.01502,-8.46529,-3.83584,-8.1323,-2.11677,-0.610684,-6.73734,-3.23108,-5.04868,-11.3052,-5.71585,33.672,-975.024,-222.528,4060,9800,4060
-1.29319,-3.32055,-0.0125798,-6.9701,-3.69127,-1.02984,-4.40273,-1.41966,-2.71145,-0.0706405,-1.0412,-1.37762,-1.26012,0.38964,-9.87677,-1.48254,32.696,-973.56,-223.992,4340,9660,4340
-1.22678,-1.68405,-0.80079,-3.31047,-2.58555,-0.307851,-2.38935,-0.734481,0.623135,-0.0430933,-0.515653,-0.0604791,-1.15297,2.43917,-4.43102,-2.09062,36.6,-973.072,-227.408,4760,9520,4480
-2.65489,1.3719,-1.18556,3.77365,1.83008,2.16189,-0.421351,-1.2493,2.33283,-0.0702621,1.90703,0.780885,0.386712,2.25629,1.40727,-2.79664,34.648,-975.512,-222.04,4900,9100,4620
-0.314256,7.65059,2.7781,8.6582,6.4026,2.86605,1.14865,-3.80132,6.40826,2.0772,1.75452,5.25369,2.99345,5.18374,3.8018,-2.20763,35.136,-971.608,-224.968,5040,8540,4900
1.65931,10.8425,1.95464,8.76918,6.48897,0.714699,0.285653,-1.20705,8.08492,2.60136,2.20459,6.41077,1.87849,2.72832,2.9108,-0.494009,38.552,-973.56,-225.456,4900,8540,5040
0.820377,3.60796,-2.08007,1.26168,3.60563,0.460394,2.59761,4.24277,4.98098,-0.661988,-0.319792,1.35151,-1.36624,0.218894,0.393736,3.99201,37.576,-976.976,-224.48,4900,8120,5320
-1.47064,-1.51926,-0.474052,-0.432537,2.25041,-0.434353,2.35776,1.36847,1.30029,-1.22937,-2.3013,-0.338225,-0.493719,0.601546,0.703927,2.66387,36.6,-972.096,-223.992,4900,7560,5460
1.88042,4.48229,6.5492,5.53404,8.85849,4.65976,9.89814,6.92156,6.00879,5.17833,2.30565,5.47669,4.4249,6.55741,9.08856,9.18436,38.064,-973.072,-229.36,4900,6860,5600
1.75691,1.87489,1.33526,0.58463,1.58177,-0.671449,3.77208,2.44811,4.41634,4.69228,0.727202,1.4807,-0.196765,1.1328,4.12542,3.84533,38.552,-977.464,-226.92,5040,6300,5740
-0.851201,0.866175,-0.925492,1.73505,-0.743608,0.0602879,0.297453,2.21115,0.470695,0.471983,-2.05899,0.44826,-0.0354791,-0.0783858,2.81907,1.0728,41.48,-977.952,-226.92,5180,5600,5880
0.488542,-0.401518,-0.305764,1.41067,-1.3083,0.0138525,0.149122,1.04533,-1.12159,-0.680817,-2.382,-0.0208374,-0.0883589,0.477943,2.57185,1.0972,38.064,-974.536,-229.36,5600,5320,5740
10.6239,10.965,7.52327,10.3357,6.71306,3.64285,7.43656,4.59888,4.67554,6.83125,4.44092,9.56462,3.34204,5.48766,10.0961,5.31429,41.968,-977.952,-228.384,5740,4760,5880
6.99259,7.57306,5.14921,8.1305,6.35302,2.75179,8.24304,5.57772,1.73622,4.8337,3.90421,6.3969,1.49237,3.54691,8.67571,5.91834,42.456,-977.952,-225.456,6160,4200,5740
0.0629147,-1.47662,0.25588,-2.4729,0.263306,0.532581,2.78608,2.45843,-2.79366,-0.00202168,0.293663,-1.07171,0.131094,-0.263923,-2.9398,3.43016,43.432,-977.464,-225.944,6580,3780,6020
2.96021,2.48385,1.92193,-0.285229,0.53734,-0.039552,0.636989,0.292789,1.54629,2.82461,2.36746,2.03147,0.985164,-0.0777039,-1.98894,1.33153,40.992,-979.416,-228.872,6720,3360,6020
5.4165,2.34365,2.97373,2.88949,2.05792,0.992402,2.46537,1.10852,2.181,4.42358,4.30919,2.88,1.98207,1.46647,3.91617,1.40607,41.968,-978.44,-227.896,7140,3220,6160
1.17959,-0.808942,-1.90594,0.0699594,-3.78555,-4.45352,-4.40016,-6.32798,0.810692,-1.84638,-0.556128,-1.87262,-1.76811,-5.17995,0.624692,-7.48262,44.408,-977.952,-229.848,7700,2660,6440
0.30358,-1.91921,-3.49999,-0.951533,-6.11708,-4.76518,-6.29389,-6.25825,-0.0605755,-3.25509,1.80462,-3.927,-1.01785,-8.06914,0.0330724,-9.82472,40.992,-975.512,-227.408,7840,2380,6580
-9.90928,-12.0596,-9.21992,-9.48914,-10.6178,-5.78673,-7.09222,-5.37798,-11.7383,-11.782,-4.74539,-12.514,-4.83373,-10.5311,-6.17166,-7.54113,41.968,-975.512,-228.872,7980,2380,6440
-11.9308,-20.3411,-5.6196,-18.4669,-12.5704,-3.63563,-14.768,-9.15099,-19.7733,-7.73516,-2.60862,-13.5169,-1.72133,-8.565,-19.2712,-11.163,41.48,-974.536,-230.336,8260,1820,6720
-9.74724,-17.7354,-3.52396,-17.5573,-10.5959,-1.69093,-14.1101,-6.46546,-12.7512,-7.71944,-4.57255,-11.8862,-1.29337,-4.11066,-22.0936,-8.40802,42.456,-976,-231.8,8400,1820,6860
1.32815,2.04402,0.978428,-0.590066,1.33671,2.51747,0.98953,3.39221,7.14401,-2.01765,-1.45552,0.139465,-1.23468,4.40915,-3.97022,3.26035,39.528,-976.976,-226.432,8680,1680,6860
6.91819,10.6806,3.25788,7.59428,6.63349,2.71178,6.49436,4.29597,14.3221,4.25539,2.90001,6.37008,-0.200402,4.97405,6.86237,5.41499,41.968,-976.488,-230.336,8960,980,7000
1.43405,8.79305,2.15704,8.0931,7.51507,3.50839,7.7611,4.50108,8.10235,2.00171,-1.60885,5.39081,0.112406,5.3935,7.14904,7.73627,41.48,-974.536,-226.92,9240,840,7000
2.92303,6.23769,3.83168,6.88312,7.45318,4.55536,6.46967,4.08565,5.87073,4.33631,-2.6965,6.77024,1.80358,7.65934,5.58023,7.34869,42.456,-976,-224.48,9240,840,7000
-2.75422,-3.2137,0.299526,1.32871,2.20665,1.96012,3.30752,4.23149,-2.86289,2.04156,-2.06862,0.149046,1.9017,2.29927,4.00812,4.70292,38.064,-975.024,-223.992,9380,280,7000
-13.5787,-13.7204,-8.48269,-8.93211,-8.235,-1.86954,-3.16382,4.09711,-12.948,-7.57455,-7.76736,-10.4649,-3.80371,-5.5212,-2.23238,-0.638054,38.552,-974.536,-224.48,9240,-140,7000
-6.0413,-5.39993,-4.05804,-1.78213,-1.77841,0.809462,2.15173,7.72957,-5.61233,-2.97167,-2.67872,-2.65372,-2.07761,-2.65624,3.69599,3.39466,37.088,-973.56,-223.992,9240,-140,7000
-1.37103,0.108609,-3.24917,-0.75311,-1.33175,-2.88253,-0.860581,-3.5615,-0.100688,-0.842729,-0.167111,0.082495,-2.32911,-3.44971,1.05069,-2.23982,40.016,-973.072,-218.624,9240,-560,6860
6.72439,10.4853,2.79877,8.24981,4.78322,-2.81052,2.91176,-11.1199,5.50231,6.61812,6.37408,6.94075,1.3963,0.466654,6.91268,-1.62603,39.04,-974.048,-220.088,9100,-840,6720
7.51087,9.78455,4.78702,8.35097,7.93213,0.191457,6.57455,-5.11994,7.99165,5.75053,4.78217,7.7407,2.24851,4.26484,8.3773,1.06822,39.528,-975.512,-223.016,8960,-980,6720
0.371732,0.13433,-2.41928,-3.86336,-3.63326,-4.41505,-4.83145,-4.76796,4.05458,-3.36034,-1.721,-1.69734,-3.59121,-3.12087,-3.79881,-7.79709,35.624,-975.512,-218.624,8960,-1400,6580
4.5541,3.70646,1.89033,-3.68609,-3.76087,-1.22385,-8.02925,-1.90778,7.44723,1.31057,3.25634,1.4801,1.0557,-2.3563,-7.62873,-7.25318,34.648,-976.488,-218.624,8820,-1260,6300
-2.57957,-0.0380935,0.639783,-2.75247,-2.24843,-0.549948,-6.08291,-1.67076,-2.79229,-3.82554,-2.47051,-1.78294,0.25635,-0.567741,-5.10151,-4.33803,33.184,-977.464,-219.112,9100,-560,6300
1.23924,-3.37774,5.1878,0.105444,3.81468,6.62145,4.09884,7.31202,-7.58973,2.13592,4.39498,0.67223,5.1257,6.66325,3.25423,6.92271,32.696,-976,-220.088,9380,-560,6160
5.0437,-0.261014,4.0853,-0.214166,3.12828,5.68411,4.34293,4.85289,0.615588,2.13187,3.8241,1.6635,3.90644,5.74126,1.82475,6.68445,33.672,-975.024,-221.552,9240,-420,6020
8.30347,17.8593,7.06218,16.8116,9.71944,4.67833,6.82128,1.88285,5.02719,5.605,4.26272,10.5832,4.99879,7.86264,8.74868,5.23917,32.696,-971.12,-219.112,9240,-140,6020
0.168554,7.58827,2.79997,11.5113,4.92313,1.19614,1.98206,0.841264,-9.30873,1.0975,0.196614,4.62122,1.17914,3.02143,3.13151,1.31819,28.304,-975.024,-221.064,9100,140,5880
-5.08697,-3.12621,0.157465,-0.624083,-2.22343,-1.32188,-2.41298,-1.78055,-11.6877,-2.38409,-1.84039,-1.64724,-0.562955,-0.0608863,-4.32831,-1.2417,25.376,-972.096,-221.064,8820,280,5880
5.1565,6.6621,1.48253,4.8851,1.92086,-1.09308,1.71815,1.17781,6.71155,2.86667,0.601802,4.3667,0.792294,0.95916,1.09164,3.09021,27.328,-973.56,-223.504,8820,700,5740
1.40772,-3.3624,-3.00686,-1.38075,-1.71695,-2.28436,0.420558,4.74931,0.499661,1.85864,1.82863,-2.39032,-1.04026,-5.13516,0.558172,1.70881,25.864,-974.536,-223.016,8820,980,5740
-0.908842,-9.66126,-5.31958,-11.1446,-7.89766,-3.35082,-3.90927,0.488908,2.79274,0.10076,-0.00283838,-6.50403,-3.08136,-7.84702,-5.83371,-2.78753,26.84,-975.024,-225.944,8680,1540,5880
6.27596,1.50835,0.68918,-0.820459,2.30688,2.4345,7.04293,5.67672,12.2924,4.81285,2.51163,3.26964,-0.0242815,1.27922,4.12268,6.7494,23.912,-973.56,-225.944,8400,1820,5740
4.73959,-0.628046,1.11001,-1.04417,1.12077,-1.99955,2.34834,-2.22839,9.28541,4.29876,-0.26003,1.58965,-0.8311,1.21668,0.646588,1.01531,21.472,-972.096,-226.92,8540,2240,5600
2.96213,-2.40692,3.88349,-3.27863,1.56769,0.742595,0.601377,-1.80846,6.13311,3.92582,1.01111,1.60551,3.8908,3.24947,-0.612625,-0.404291,23.912,-972.096,-225.944,8540,2940,5600
-4.96867,-7.28465,-1.46152,-4.43869,-1.70522,-0.683779,0.155859,-0.589554,-3.2749,-3.43902,-3.63392,-3.86048,-0.931332,-0.410536,0.919409,0.241474,22.936,-972.584,-229.848,8680,3500,5600
1.96802,1.81222,2.38452,3.48275,3.08797,1.79258,0.258738,-2.21837,4.35008,2.3117,0.0331935,3.40748,2.28202,2.86156,3.98832,-0.490149,22.936,-970.632,-230.336,8820,4060,5600
0.31177,-1.99785,-1.3494,-1.77784,-2.44318,-0.529489,-4.796,-4.73195,4.12467,1.63334,1.45154,-0.766705,1.08642,-2.71606,-0.689803,-7.08413,20.496,-970.144,-228.384,8680,4340,5460
-9.56381,-8.14042,-8.0269,-5.2866,-5.86779,-1.88367,-4.99836,-3.13926,-4.1177,-7.45126,-5.23045,-8.12627,-3.8255,-6.61359,-3.6158,-5.6113,23.424,-969.656,-230.336,8260,4340,5320
-7.20945,-1.74616,-4.63884,1.27942,-0.772029,1.18317,-2.142,0.111099,-3.50662,-6.20085,-2.77088,-2.83218,-2.33716,-2.00311,-0.863778,-1.87431,23.424,-969.168,-225.456,7980,4480,5040
1.63062,8.00904,1.55171,9.29709,5.70346,1.56233,3.45572,0.224956,1.64551,1.82917,3.27227,4.60097,-0.00937997,1.90496,3.02261,1.58959,23.912,-968.68,-228.384,7280,4060,5040
-2.33323,3.11196,2.30198,3.15461,3.60697,1.26249,2.29296,-0.690561,-8.21886,-0.95707,0.221403,1.05582,0.324138,2.63926,-1.7101,1.19659,22.448,-966.728,-227.408,6860,3500,4620
-8.01504,-7.02355,-4.70457,-8.15139,-6.37751,-1.47889,-4.27029,1.19193,-13.5022,-9.35912,-4.78573,-8.24701,-3.8878,-3.32732,-6.88894,-3.15295,22.448,-970.632,-227.408,6440,3080,4620
-14.3546,-18.0534,-12.6119,-20.0111,-17.2324,-6.17917,-12.7869,-0.697953,-17.2052,-16.8894,-11.0151,-17.0672,-8.92297,-10.31,-14.8669,-9.05603,25.376,-972.096,-226.92,5600,2520,4200
-10.0867,-10.6905,-10.2124,-18.2962,-15.2355,-5.95863,-13.1343,-0.682948,-8.81453,-12.6019,-8.16242,-11.3803,-7.14014,-9.02281,-17.431,-9.55709,25.864,-972.584,-227.896,5320,1680,4060
-8.80326,-3.5922,-4.64949,-4.53439,-3.45926,-1.42437,-2.76704,1.97526,-13.2951,-7.74379,-6.45545,-4.89013,-3.32515,-2.31808,-4.98393,-1.14387,25.864,-975.512,-226.432,5180,1260,3780
-8.74304,-8.75607,-4.90007,-2.63063,-3.10422,-4.55821,-3.29478,-3.08447,-15.6205,-5.62411,-4.98357,-7.20888,-3.85247,-4.13116,-1.14627,-2.54818,28.792,-973.072,-228.384,5040,560,3640
4.9716,3.58805,3.24572,0.580944,1.07652,-2.19868,-0.345036,-2.27182,5.97555,5.19459,4.18257,2.9228,2.1736,0.701783,-1.18053,0.317346,29.768,-975.512,-228.384,5320,-280,3360
2.53086,4.16287,1.51482,0.453306,-2.11321,-4.11974,-3.10628,-7.07519,5.04252,3.58186,3.03164,1.71605,0.835421,-1.78816,-1.61304,-3.40436,31.232,-978.44,-232.288,5320,-980,3220
-0.390389,4.31678,3.02938,6.01355,2.16105,1.3433,2.27931,-2.46155,-0.670942,4.07024,3.94248,2.45079,3.82295,2.06555,5.92317,0.327652,30.744,-977.952,-230.824,5600,-1680,3220
-1.31444,-1.27326,1.57979,1.7301,0.29579,0.453936,0.250748,-3.39284,-3.78613,2.66443,3.83094,-0.577739,1.51257,-0.773062,3.26264,-0.800065,31.232,-978.44,-233.264,5740,-2380,2940
6.71781,0.191366,3.75746,-0.721703,-0.0427273,2.45391,0.404269,0.796127,5.57597,9.02209,10.3699,2.20614,2.81324,-0.209672,0.307268,0.867307,32.208,-977.464,-231.8,6300,-2940,2940
14.0974,13.0304,12.1918,14.3699,13.1158,9.22586,12.5105,7.86525,14.2974,12.6262,8.83307,12.8933,7.54419,10.2132,13.568,11.4395,33.184,-976.976,-230.336,6300,-3360,2940
16.0122,21.9792,16.2619,24.5207,20.4963,11.5285,17.4918,8.47524,18.2107,11.0739,4.26306,18.19,9.15967,15.6767,19.4159,15.1348,36.112,-980.392,-228.872,6720,-3500,2800
18.9098,19.196,14.5969,14.9971,16.0867,10.4371,15.3788,9.51669,22.3943,12.6216,5.42502,17.3609,7.18816,14.1209,11.2521,16.4399,35.624,-976.976,-225.456,7000,-3920,2940
15.8806,9.85191,9.56315,5.76427,10.08,7.67344,11.5895,8.73072,19.4833,12.6845,8.36668,12.38,5.23925,9.10742,7.57759,13.0216,34.648,-976.976,-227.896,7280,-4060,2940
10.693,7.54106,4.53324,3.57043,5.26392,0.504585,5.33265,1.35506,16.2479,8.1569,3.17873,8.75243,1.76675,4.64415,5.22978,5.01299,34.648,-977.952,-229.36,7560,-4060,3080
19.3366,16.7328,9.87824,15.3546,12.971,2.66823,11.7554,4.34724,23.3603,13.4899,8.67462,16.5621,5.05511,8.63467,19.3459,7.96979,31.72,-981.368,-211.792,7840,-3780,3220
6.2237,1.46708,0.556685,5.71781,3.60628,-2.98437,3.99931,-2.60131,8.51937,1.63238,-1.28079,2.96937,-0.845437,0.395955,12.2544,-0.557924,38.552,-978.928,-231.8,7840,-3500,3360
-4.32245,-4.08792,-7.53284,-1.86995,-4.37237,-5.60794,-3.92551,-2.90588,-3.19106,-5.35639,-6.03228,-5.07884,-3.80992,-5.90916,1.98064,-6.68456,38.552,-980.392,-223.992,7980,-3080,3500
-15.7039,-4.3355,-12.8269,-0.849503,-6.7199,-7.45344,-6.07272,-3.65002,-16.9995,-15.2334,-12.0696,-10.2908,-7.60208,-7.53451,-3.21601,-8.36959,40.504,-979.416,-225.944,7980,-3780,3780
-22.1035,-19.4851,-14.5466,-15.7088,-13.9295,-7.03511,-12.0843,-3.98319,-29.5001,-17.2538,-10.0945,-17.5323,-7.5469,-9.37418,-18.865,-9.22082,35.624,-978.928,-223.504,8260,-4060,4340
-21.1531,-29.0004,-14.7157,-26.3507,-19.4374,-5.24764,-17.1498,-3.22064,-26.279,-14.2609,-4.24412,-21.5129,-6.00266,-11.3167,-26.3643,-10.3901,39.04,-979.416,-224.968,8680,-4480,4620
-11.9757,-5.52457,-7.58661,-4.81723,-8.14997,-5.21292,-10.007,-6.89193,-10.6896,-8.7553,-4.41956,-8.42607,-3.16332,-6.13475,-10.2591,-9.32413,40.504,-975.024,-229.36,9100,-5040,5180
-3.16099,0.804047,-2.346,5.21934,1.96658,-1.03412,3.42671,0.216601,-7.08088,-1.42135,-2.25897,-0.875983,-0.447261,0.0321601,3.52274,0.568438,41.968,-975.024,-226.432,9520,-4760,5740
-2.83713,-11.2805,-1.94289,-8.67108,-2.47525,-0.260898,-3.03984,-1.76155,-8.62008,-1.52588,-2.77118,-4.16079,-0.196956,-0.558241,-8.72117,-1.91036,39.528,-977.464,-228.872,9380,-4200,6020
-3.48218,-10.9479,-3.48855,-14.7977,-10.1699,-3.05458,-13.5116,-5.90671,-4.67357,-3.71794,-2.65734,-6.07639,-0.957582,-5.87231,-14.8028,-11.152,41.48,-978.928,-227.408,9660,-3360,6440
4.78421,9.64067,4.71999,3.74631,2.64919,2.60183,-2.03253,-1.45554,7.39512,1.7659,1.2357,5.90545,2.51389,1.16077,-2.61392,-1.72707,41.48,-979.904,-226.432,10080,-2660,6720
3.77325,5.85528,7.15281,-2.67817,1.00549,1.78481,-4.64541,-3.45535,8.9717,1.83484,0.208158,4.14279,2.51856,1.4695,-8.71472,-3.44962,42.456,-982.832,-227.896,10640,-1680,7280
2.08593,-2.03117,3.75071,-2.44022,1.62766,2.25686,1.57107,1.87045,4.78487,3.20519,2.56049,-0.150335,0.890452,-0.0777913,1.82608,1.73189,41.48,-983.808,-229.36,11480,-980,7700
-0.838489,4.07227,3.59887,7.33618,5.87389,3.49543,6.24153,4.3549,0.611696,2.09949,2.54804,1.65335,0.486424,3.04934,8.81191,5.53154,35.624,-984.784,-223.016,11760,-280,7980
-6.79854,-2.59605,-0.461111,-3.28032,-2.11001,1.61522,-1.48233,1.23233,-8.72497,-2.92841,-0.946908,-4.05499,-1.33856,0.333182,-3.28863,0.248017,36.112,-985.76,-223.992,12180,0,8260
-5.80032,-6.95809,-3.02949,-5.50004,-3.91149,4.12075,-0.469328,4.67222,-10.4007,-0.386599,2.84853,-5.52033,-0.661996,-1.57735,-0.144548,1.77625,35.624,-983.32,-221.552,12320,560,8400
-7.22889,-10.2895,-7.5598,-5.58036,-6.78133,-1.04309,0.481296,1.53141,-10.4233,-4.68193,-0.893955,-8.46034,-4.54486,-6.43732,4.55485,0.306975,33.672,-987.712,-220.088,12880,700,8540
9.89146,11.748,3.40159,10.093,6.1359,3.98955,8.584,3.35445,11.4089,6.23256,4.4852,9.6857,2.56435,4.03355,11.0241,5.75701,31.232,-990.152,-218.624,13020,980,8540
8.31765,12.8302,4.19623,14.8358,8.73716,3.63257,10.5759,3.94849,8.91552,3.04067,0.393341,10.0171,2.40615,6.00637,13.4829,7.36764,27.328,-988.688,-219.112,13160,1260,8540
9.42991,8.7474,5.189,9.44541,6.91775,2.83215,7.03395,2.42792,10.9737,5.50382,3.79809,8.16038,4.16707,4.30385,8.19068,5.88483,25.864,-985.272,-220.088,13860,1260,8400
8.45409,3.59705,3.9219,-0.445044,1.37292,0.405119,-0.0280462,0.554184,13.7236,4.5715,3.52556,4.73795,3.54695,1.10379,-0.0856535,1.5696,24.888,-988.688,-215.696,14000,1260,8260
3.97235,1.47549,0.108037,-2.30062,-3.83564,-4.30042,-4.70158,-3.01458,8.05462,1.21168,0.683616,0.45778,-0.933717,-2.07897,-1.23938,-3.30842,22.936,-987.712,-219.6,14140,1400,7980
2.20103,1.95854,-2.48674,-2.10308,-4.91688,-7.13189,-5.21923,-5.1471,7.36191,0.969122,0.639386,-0.829054,-2.38783,-4.35917,-2.52852,-4.91003,20.496,-989.176,-217.16,14000,1960,7700
-2.95317,1.66707,-2.15347,1.60908,0.65728,-5.73183,1.89183,-3.34511,-3.43428,-2.45543,-3.01593,-0.895464,-2.75373,-0.824895,1.32625,0.469697,20.496,-990.152,-219.112,14140,2520,7420
-9.61891,-11.4733,-8.17919,-10.2082,-7.00258,-8.73532,-6.87587,-5.88263,-15.7026,-6.58555,-6.04331,-10.2763,-6.40419,-6.45685,-8.94651,-6.59618,18.056,-990.64,-213.256,14000,3220,7280
-7.59776,-13.8405,-7.27344,-14.9492,-9.11401,-4.2842,-9.99447,-1.96461,-9.7593,-4.73818,-3.75912,-10.8763,-3.3847,-6.60256,-14.4711,-5.2672,20.496,-988.2,-216.672,14280,3500,7140
-3.664,0.429946,-4.94301,-4.68838,-5.9545,-4.11963,-9.35581,-2.98232,2.81693,-5.25623,-5.62942,-5.25266,-4.97775,-4.34177,-15.0202,-4.85854,17.08,-985.76,-215.696,14280,4340,7140
3.27973,0.28519,4.01084,-6.80635,-2.35113,0.196005,-4.82328,-0.404209,2.64857,4.74548,2.73498,1.62066,2.41861,0.525986,-14.1618,-2.00778,13.664,-982.344,-212.768,14560,4620,6860
-2.17229,-10.481,1.86882,-5.44949,-1.77632,1.2191,1.21867,0.760619,-8.33293,1.87425,0.392025,-3.08209,1.91337,1.93497,0.711093,1.21436,12.688,-978.44,-212.28,14840,4620,6580
-4.82644,-1.17309,3.09778,12.1592,9.06468,6.12263,11.9826,4.58618,-10.6443,-1.28573,-1.02293,1.65511,3.57901,8.31266,16.7159,7.95666,12.688,-977.464,-216.184,14700,4340,6300
-2.73332,-0.602411,5.13057,10.3812,11.1451,8.68837,12.8837,4.91231,-9.56716,1.10485,1.00498,3.64159,5.48513,9.80535,14.6947,10.068,11.224,-976.976,-219.6,14280,4060,5880
3.72941,4.74692,2.45694,11.1114,8.69135,5.3569,8.12264,4.88107,3.68297,2.15922,3.51371,4.49409,2.76257,4.46161,12.9509,6.19485,13.176,-977.952,-219.112,13720,3500,5040
6.67254,13.064,3.7182,9.03911,6.75216,5.28026,3.4218,4.69468,12.8474,0.797806,1.44053,7.32374,2.00133,3.11827,2.44536,3.37452,13.176,-978.928,-216.672,13440,2660,4480
1.90559,6.49538,1.30746,5.23415,4.15047,3.861,4.77572,5.91569,2.42823,-1.10524,0.0172782,3.0965,0.181334,0.761537,3.45813,3.90654,15.616,-980.392,-215.208,13440,1540,4200
4.50163,0.341471,3.78152,1.03977,1.72639,0.947923,3.00898,-0.324619,1.22994,5.28464,3.9893,2.88958,2.04539,-0.118945,6.27782,-1.1653,15.128,-985.272,-213.256,13720,-140,3640
10.0362,12.0142,8.0738,7.79856,6.94576,2.85437,3.90807,0.18699,11.9931,7.63531,4.70794,10.517,4.86439,4.21195,7.16622,-0.209263,19.52,-985.76,-209.352,14140,-1540,3220
6.08612,17.5814,4.2985,12.7502,7.41461,0.738216,0.623169,-0.231238,10.8865,2.56227,-0.151699,10.3686,0.395546,4.63376,-0.529649,0.247582,23.424,-987.224,-211.304,14840,-3640,2660
6.72278,9.70544,3.47078,3.62422,3.25108,-0.139424,-4.93561,-3.61865,8.7184,6.20497,3.10805,8.51769,1.47859,3.33327,-8.73743,-3.61857,27.328,-986.248,-210.328,15400,-5740,2520
-0.422144,-6.92542,-1.39229,-6.90097,-4.90747,-2.17824,-5.43037,-4.88128,-4.17772,0.639459,2.11568,-1.47645,0.105586,-1.51593,-3.19128,-6.4536,32.208,-984.784,-212.768,15400,-5740,2520
-6.77097,-15.0873,-6.15816,-6.91903,-6.44789,-2.78156,3.32518,-1.27244,-12.4776,-5.41534,-2.70727,-9.64057,-4.9097,-2.58048,9.68534,-0.672714,33.672,-987.712,-209.352,16520,-8540,2380
-1.57676,-7.69202,-1.62497,-6.04964,-4.1902,0.372165,2.75721,0.58304,-2.76582,-0.405906,0.480954,-3.18398,-0.205772,0.488722,5.66066,-0.347589,40.504,-984.784,-206.912,16520,-8540,2380
-5.43301,-1.34955,-4.53193,-1.9288,-5.86058,-2.94742,-3.35026,-2.38265,0.803607,-6.87394,-5.89267,-3.61474,-2.62807,-3.13865,0.607557,-5.09743,40.016,-983.808,-209.352,17080,-8960,2520
-5.90533,-0.355558,-3.37895,-1.47309,-3.20408,0.378183,-2.02136,2.24719,-0.686047,-5.06838,-2.08997,-2.92045,-0.664182,-2.12891,-1.37754,-0.465917,40.016,-984.784,-208.376,17080,-8960,2660
-7.11823,-12.9863,-6.3896,-11.9993,-8.82273,-4.61669,-8.54692,-3.53294,-5.08685,-3.84746,-1.43405,-9.41045,-3.89807,-7.50333,-9.94658,-4.13686,39.04,-979.904,-210.816,17500,-7840,2800
-1.7822,-4.528,-4.09942,-6.88765,-5.92533,-3.92503,-9.18832,-4.48229,1.72556,1.64428,1.94861,-4.0456,-1.80363,-5.98156,-12.6393,-5.2023,40.016,-979.904,-203.008,17920,-6860,3080
-1.98388,-8.407,-6.91908,-19.3666,-14.8437,-6.63987,-18.5303,-7.54172,3.55838,-0.97849,0.405829,-8.11765,-3.16858,-11.0944,-27.9187,-11.0958,38.552,-981.856,-201.544,18200,-6020,3220
-2.33517,-3.1193,-6.98811,-12.2041,-11.2964,-6.81411,-10.5717,-4.24372,5.58275,-4.74765,-2.66048,-7.49467,-4.57068,-10.2888,-11.9801,-5.74211,38.552,-979.904,-203.008,18340,-5040,3360
-5.4796,8.68566,-1.3789,13.3488,6.78283,0.298154,8.07317,4.34025,-6.97516,-6.20641,-5.27019,0.673635,-0.535148,1.37067,13.226,7.50655,33.184,-979.416,-206.424,18060,-4200,3640
1.2096,6.46738,5.69098,11.3916,10.9606,5.2177,9.221,6.75925,-8.20663,2.84271,1.72049,5.82049,4.98535,6.8707,7.70091,10.5068,35.136,-983.808,-201.544,18060,-3500,3780
-0.552153,-9.55324,1.4818,-4.85026,-0.0664699,1.30669,0.145141,2.20467,-6.61003,2.2983,1.38751,-3.8064,1.45202,1.51742,-2.80785,4.41575,33.672,-982.832,-204.472,17780,-2660,4060
9.8084,14.3724,8.60364,10.9705,8.36774,3.52865,3.92891,3.1184,13.4975,8.19791,3.9962,9.13728,4.52137,6.17262,1.66628,4.58959,29.768,-985.272,-204.472,17500,-1540,4200
5.06144,9.18592,6.55461,1.20541,3.85474,1.61187,0.0203956,-0.113869,8.47443,2.85775,-1.26949,5.88836,0.619614,3.03704,-6.95455,1.60659,27.816,-981.368,-202.032,17500,-700,4760
3.54774,-4.15296,6.87043,4.58013,9.63678,6.84249,12.5027,4.93885,-6.14345,5.25345,1.5493,2.84865,2.45613,7.8115,10.6755,11.2751,28.304,-982.344,-203.984,17780,-140,5040
2.95804,-4.28581,2.68528,4.65688,6.35299,3.4658,11.0943,-3.37825,-4.04838,0.338231,-1.86588,-0.0900497,-0.150695,5.44836,13.0805,6.48159,26.84,-981.856,-206.424,17640,140,5320
-3.42592,-9.47766,-5.26219,-3.96925,-3.24581,-2.48974,1.61107,-3.30378,-7.67107,-6.54462,-4.43965,-6.61832,-4.60121,-2.78522,5.92127,-3.35961,24.4,-982.344,-206.912,17920,840,6020
-2.74965,-5.70909,-8.46763,-14.3405,-12.4489,-8.11883,-14.0139,-5.5673,1.38218,-6.03453,-3.5529,-7.01856,-5.82922,-10.9705,-13.5959,-14.1636,22.448,-980.88,-208.864,18200,1260,6580
-9.4781,-4.44607,-7.2794,-9.54126,-8.326,-4.25164,-9.3559,-0.874757,-6.45513,-11.1681,-8.86294,-7.03786,-5.60632,-6.16278,-11.9637,-5.85127,20.008,-977.952,-202.52,18200,1540,6720
-7.39566,5.55039,0.88405,13.634,6.22585,2.20771,8.08612,5.50364,-14.4427,-5.37799,-4.90597,1.65279,-1.4446,3.43622,12.3114,6.53091,18.544,-975.024,-205.936,18900,1540,7140
-1.43181,5.94952,2.76072,15.9939,9.73935,3.79158,13.4763,7.50658,-9.78545,0.364084,-0.421909,4.24186,0.645887,5.00207,17.5334,10.1511,19.032,-976.976,-201.544,18900,1120,7140
2.35487,-2.90533,0.0935024,-1.95575,-1.05542,0.884283,3.04269,3.72175,0.246795,4.54359,4.63795,0.801714,2.3481,0.16684,3.1611,1.89786,20.008,-976,-203.984,18480,140,7140
7.19941,-4.98001,-1.1706,-10.0915,-6.69527,-0.321445,-2.23669,1.33825,11.9946,6.72388,9.15918,-0.909071,3.98886,-2.21954,-0.923958,-2.08175,19.032,-974.048,-205.936,18480,-700,7000
11.0837,6.37977,4.41439,0.661139,-0.522232,-0.340529,-0.222019,-0.64596,15.6501,9.74967,10.0478,6.05904,4.94935,2.15985,3.04201,-3.83629,20.984,-978.44,-206.912,18340,-1400,7000
8.44861,10.0996,6.01626,5.06236,3.43198,-0.00609695,-0.107478,-1.64083,12.622,8.07467,8.81816,8.38148,5.61966,4.30653,-0.150289,-4.11521,20.008,-979.904,-208.376,17780,-2380,6580
-1.08321,9.06198,0.386886,7.66223,2.31864,-1.3761,-2.07583,-1.96694,3.2966,-0.911052,0.215561,4.87626,1.27549,1.02579,-1.75445,-4.62155,21.472,-978.928,-209.84,17780,-3220,6440
-0.120656,10.2154,1.38099,6.50784,1.29718,-2.68569,-6.28896,-7.1878,4.31097,-0.0415421,-1.10651,6.15184,-0.530444,-2.15265,-3.96497,-9.71023,26.352,-976.976,-208.864,17640,-4200,6160
3.37838,6.79533,3.92388,-0.600005,-0.381663,2.22227,-7.35671,-3.1038,7.17892,3.76255,4.42695,5.91806,3.1881,-0.31237,-9.40384,-7.07884,25.864,-975.512,-203.496,17500,-4620,5740
-7.39454,-16.2281,-3.75263,-21.215,-11.0282,-0.17553,-13.6231,-5.65892,-6.34157,-6.05939,-1.90731,-8.45876,-0.829502,-4.48379,-21.324,-8.63184,20.984,-974.048,-202.032,17780,-4760,5740
-5.60457,-14.7801,-1.29535,-7.21649,1.61211,4.93484,4.44724,4.65051,-8.5291,-2.96632,0.584338,-5.1464,1.30268,3.62637,2.94804,4.92216,25.376,-974.048,-202.032,17780,-4760,5600
-3.5606,-3.52866,-3.95519,3.94384,2.92471,0.150242,5.48703,1.59384,-4.22118,-3.25117,-3.28356,-2.88624,-2.80713,-0.490925,7.52606,3.27178,23.912,-973.072,-199.592,17640,-5460,5600
2.4392,2.31522,-0.347116,3.22332,5.20269,3.29456,5.19539,3.77002,5.731,1.04531,-2.2641,2.51823,0.174667,2.6523,3.02655,6.68993,27.328,-973.072,-202.032,17080,-5460,5600
4.15491,8.09119,2.70281,10.3767,9.45814,4.88982,8.84509,5.93832,7.59555,3.71981,-1.41342,5.17095,2.13319,5.65257,10.6226,10.2913,26.84,-973.072,-199.104,16520,-5040,5320
5.17739,12.3959,5.2262,16.7816,11.3037,3.75852,10.2565,4.65569,4.8303,6.18272,-1.58482,6.62688,1.79967,7.10772,15.8504,11.1304,22.448,-971.608,-200.568,15820,-4060,5600
-0.00472691,-1.48341,0.919257,-0.878254,-3.7138,-2.08161,-5.55412,-3.14083,-0.633235,0.887192,-3.20478,-1.79059,-1.82455,-0.626114,-4.14105,-0.666226,17.568,-973.072,-199.592,15820,-2380,5740
-2.26405,-3.10309,-0.85399,2.20785,-2.65988,-1.32889,-1.34996,-1.21984,-4.06158,-3.40501,-2.45634,-4.29883,-2.18227,-1.55592,1.75635,1.20057,18.544,-971.12,-204.472,15120,-1120,5600
-3.10764,-1.99846,-3.28738,1.68026,-3.7894,-2.919,-1.81888,-2.89132,-5.05613,-4.56942,-3.51808,-5.71719,-4.71808,-3.14018,0.200149,0.250761,17.568,-970.632,-202.52,14420,-420,5880
-0.642441,-5.44143,-2.76404,-9.405,-8.03857,-2.16343,-8.68106,-5.32543,-5.67323,-0.969644,2.46232,-5.79876,-1.8198,-4.66335,-12.7999,-5.79079,16.104,-974.048,-208.864,13440,700,6020
-0.204109,-0.812832,-4.301,-4.50441,-4.83286,-3.93281,-2.2473,-2.63714,-3.04045,-2.56205,0.493327,-3.45605,-3.08158,-3.58427,-5.07172,-1.93921,14.64,-977.464,-204.96,13020,1260,5740
3.95363,5.96009,3.51202,5.2241,7.3266,3.8846,9.31611,6.13135,1.70602,3.77253,4.80162,5.37134,2.73146,6.37924,5.55249,8.94791,19.52,-979.904,-204.472,12600,2380,5740
-2.5004,-3.9868,-0.939577,-6.56849,-2.71988,-1.6602,-1.55334,-0.095947,-3.90042,-0.398464,0.113489,-3.04805,-0.431138,-1.89033,-2.58324,0.49973,12.688,-975.512,-203.008,12600,2940,5740
-5.388,-9.99774,-5.30401,-14.8623,-11.6609,-5.73447,-9.90963,-3.97108,-5.27421,-2.83656,-1.17498,-8.29561,-2.63151,-9.34523,-9.05149,-6.25074,10.248,-979.416,-200.08,13020,2940,5740
-5.56517,-6.42689,0.116219,-3.75058,-1.77644,-0.696931,-0.884105,0.18899,-7.69259,-0.250795,0.667815,-2.53679,1.0982,-1.91053,2.49445,-1.2471,12.688,-981.856,-201.544,13300,2800,5600
-6.06687,-7.78723,-2.01567,-5.32923,-4.52608,-3.48558,-3.41049,-2.42648,-4.38675,-3.16453,-2.59974,-4.627,-1.09503,-3.93216,-0.508723,-5.21411,14.152,-981.368,-200.568,13020,2660,5460
-4.64591,-5.43493,-4.19921,-6.63074,-5.53404,-3.65958,-2.13902,0.714397,-1.31868,-4.69118,-3.09239,-4.59383,-2.15425,-4.8995,-3.1933,-4.20054,13.176,-977.952,-202.52,13160,2380,5040
-4.41156,-3.48985,-3.1078,-6.1922,-3.91707,-4.15231,-2.67778,-0.386886,-1.85009,-5.62636,-4.55574,-2.14243,-1.55312,-4.65885,-6.6513,-4.38236,15.128,-978.44,-202.52,12880,2100,4760
-0.092273,3.15169,3.85457,0.545397,3.13093,0.314806,0.505643,0.368027,1.88381,-1.8724,-3.50806,4.81074,1.50925,2.70844,-5.03888,0.160696,16.104,-976.488,-201.056,12460,1960,4340
5.26627,8.5499,5.44959,6.70818,7.47298,2.47189,4.62728,3.33889,8.69546,2.65915,-0.529553,8.65378,1.88889,5.13992,1.70939,3.57138,18.544,-979.904,-203.008,12320,1820,3780
0.86839,0.0548321,-1.45527,2.36506,1.19516,-1.14227,2.34172,1.20258,3.95179,-1.11919,-1.78007,0.407567,-2.52735,0.280036,5.11773,0.107411,17.568,-979.416,-201.544,12320,1680,3360
0.936026,1.05419,0.19473,2.38963,1.3436,1.06339,0.390638,0.842552,2.49354,0.197284,0.270616,0.286288,-0.575068,0.991126,1.32022,-1.8049,21.96,-975.512,-199.592,12040,1400,2660
7.8796,6.85098,6.58803,7.46385,7.90468,6.37527,6.34836,1.81216,5.33567,6.49723,4.34373,6.78428,4.47072,8.5518,1.81964,2.92386,20.984,-977.952,-203.008,12180,420,2520
6.36628,6.37071,2.86135,6.24804,6.03469,3.98849,7.22319,-0.196417,1.89989,3.45433,2.37901,4.46018,1.93196,7.05439,3.26843,3.40448,25.376,-976.488,-200.08,11480,-140,1960
6.93011,10.4766,3.7218,9.15386,7.7129,5.60537,5.58126,0.045638,2.83191,4.4882,4.73241,7.69001,4.03566,6.32214,6.1908,0.76814,23.912,-977.952,-203.008,10780,-700,1540
5.70261,11.404,1.58061,8.61946,3.54083,0.405852,-0.633542,-3.7992,4.33629,4.41571,3.8083,6.4223,1.38989,1.11446,5.20341,-4.92367,24.888,-981.368,-202.52,10640,-840,1260
5.16456,5.92106,0.878974,0.88423,-1.05097,0.85709,-2.64023,-0.0245417,7.8145,6.75775,7.63064,3.28936,1.72833,-1.42828,0.353327,-2.73733,23.424,-976,-203.496,10500,-1260,840
-6.98793,-11.2986,-5.43118,-9.5147,-8.46266,-1.65735,-6.48011,-3.07771,-7.97945,-2.9788,1.29656,-8.38642,-2.17053,-6.02772,-4.61204,-3.24832,23.424,-973.56,-203.496,10640,-1680,700
-6.04877,-10.5859,-3.52385,-6.95419,-6.39143,0.831783,-4.38297,0.748439,-10.9442,-2.91336,1.5848,-7.18649,0.0764004,-3.92216,-0.902211,-0.439414,23.912,-976,-204.96,10500,-2380,280
2.45904,0.674845,2.04348,6.3616,5.43415,3.76131,8.93922,7.63885,-0.449646,0.580743,-0.836993,2.01599,1.49807,3.02244,12.8768,10.4304,29.28,-976.488,-203.008,9940,-2520,0
12.3193,14.2569,7.32278,13.9568,12.5854,4.10495,11.5223,6.13791,15.3538,6.86154,0.610944,11.5912,3.58085,7.30035,14.2463,11.7897,23.912,-980.392,-203.008,9240,-2380,-280
7.1067,10.8289,4.78953,10.1956,7.04886,2.71347,4.6673,2.443,10.8374,2.95839,-0.941783,6.66362,2.25076,4.10486,7.97203,6.36135,25.376,-981.368,-203.008,8400,-1400,-420
-5.10337,-5.80881,-3.7975,-5.83913,-6.50996,-4.05143,-7.66723,-2.96403,-3.16661,-5.87494,-4.22228,-6.17601,-3.33971,-5.30076,-8.29558,-1.97168,22.448,-981.368,-199.104,7840,-840,-700
-7.51209,-11.0603,-5.85383,-10.3828,-10.5189,-7.05424,-10.666,-3.76426,-5.75258,-7.48627,-5.81507,-9.8884,-6.25675,-8.38661,-12.0509,-4.43341,19.032,-977.464,-198.616,7840,140,-700
0.0424667,-1.34814,1.54953,2.41848,0.297064,-0.610477,-0.819532,0.617838,-1.45092,1.32171,-0.400719,-0.577135,-0.633634,-1.10677,0.298825,1.01733,19.52,-975.512,-197.152,7980,-140,-700
-9.14693,-5.83774,-5.70643,-2.01714,-5.92453,-5.03223,-5.91259,-5.71659,-8.20097,-6.42478,-6.08885,-7.82256,-5.80992,-6.05052,-2.92612,-7.18629,19.52,-978.44,-200.568,7840,-280,-700
-10.621,-6.53128,-5.82407,-3.60907,-4.86376,-2.14598,-3.65801,-2.08823,-7.84168,-6.84735,-4.85445,-7.47656,-2.82153,-3.99905,-4.15677,-4.72052,20.008,-973.072,-199.104,7420,-840,-560
-9.01774,-8.88013,-5.6032,-11.2885,-8.88418,-6.0359,-8.91351,-7.62357,-7.11906,-5.09146,-3.03386,-7.30448,-2.51104,-7.35445,-12.861,-9.12992,19.032,-975.024,-204.96,7000,-840,-700
1.44011,-0.930096,1.20923,-8.65077,-3.46159,-2.5654,-5.11702,-5.71131,0.942709,2.80281,2.9899,1.04599,1.68728,-1.86389,-12.8699,-5.16334,16.592,-972.584,-202.032,6580,-560,-560
1.95447,-5.87925,2.04831,-9.80681,-1.24206,1.35083,-0.0681237,-1.3823,-3.6166,4.22225,5.88107,0.863383,2.50055,1.84172,-9.71959,1.70623,15.128,-975.024,-204.96,6160,140,-700
-5.49627,-8.62436,-2.48978,-5.32901,-0.231626,0.130839,1.99562,-0.884172,-11.4963,-2.17164,1.36225,-3.42067,-0.722265,1.82754,-1.20998,2.33605,15.616,-975.024,-206.912,6300,560,-700
-2.28477,-0.789121,0.117717,2.68412,3.96388,2.62046,6.6363,4.15361,-3.20746,0.198741,2.02774,-0.0379849,1.27844,5.22109,7.07599,4.15422,17.568,-973.072,-208.376,6300,840,-700
0.125591,2.86913,1.49717,6.9782,5.36302,2.60537,8.14517,5.89998,-0.703579,0.956793,0.41401,1.17422,1.11839,5.042,10.1727,3.61567,16.104,-973.56,-205.448,6440,840,-700
7.10966,7.9211,4.61995,4.66828,5.02991,3.7604,2.73243,4.74553,8.26533,6.18415,3.33563,6.44342,5.04288,6.42263,3.21703,-0.39126,16.104,-974.048,-207.4,6860,840,-420
4.73629,5.11527,2.36242,1.7669,2.68595,4.21171,2.82318,7.9052,8.61272,3.91974,2.89598,3.53152,4.64249,3.39477,3.43917,1.53862,16.592,-973.56,-203.008,6860,980,-420
0.660454,1.47663,-0.595753,-1.95322,-1.16121,2.07705,-0.664636,5.47404,5.47755,-0.583862,-2.26739,0.353848,1.3409,1.31169,-1.75528,0.253423,13.664,-974.536,-201.056,6580,1260,-420
1.12415,3.99372,0.124105,4.20568,2.98639,3.41603,2.33202,4.76467,3.9496,-1.33566,-3.34892,3.17621,-0.215902,2.42737,3.12678,3.38862,14.64,-974.048,-200.568,6580,1400,-420
1.37925,0.400419,-1.63331,1.50768,-1.30264,-0.110936,-2.38392,-1.4944,2.79643,-3.20284,-2.52252,0.837082,-2.04576,-2.98291,1.0003,-2.40276,16.104,-972.584,-203.008,6720,1540,-280
3.83173,0.19494,0.611951,-1.09511,-1.7197,-2.26541,-2.35195,-5.57503,5.33145,-0.342257,-0.622123,1.22505,-1.42394,-3.99038,-0.0275964,-3.27755,16.104,-974.536,-203.008,7000,1680,-140
13.1443,9.68464,8.87988,10.1562,10.1211,2.84843,9.82787,0.420722,12.2411,10.5419,6.80476,10.2803,3.18154,4.80781,10.6315,7.62311,16.104,-975.512,-201.056,6860,2100,-280
5.38259,4.54228,3.98271,3.23861,1.41172,-2.39243,-1.04048,-6.31111,5.79547,3.18103,1.29331,3.27293,-1.14211,-0.0807787,0.949439,-0.550927,18.056,-972.584,-199.592,6720,2520,-420
-0.882399,0.506433,0.416359,0.746896,-0.388987,-0.558405,-0.450909,-0.588222,-1.14726,-0.334956,0.564247,-0.936514,-0.787293,-0.238988,0.19998,2.19367,15.128,-979.416,-200.08,6160,2660,-280
-5.10844,-7.29779,-5.33848,-7.76052,-8.32719,-5.86352,-7.45213,-4.13273,-5.75715,-4.02777,-3.53524,-7.45208,-5.30002,-7.1781,-7.46541,-4.26773,15.128,-978.44,-202.032,5740,2800,-140
-1.84174,4.51753,-0.564461,0.464862,-2.91978,-4.01484,-5.65821,-4.33073,-2.45647,-1.17269,-1.98103,0.378427,-2.36337,-2.98367,-3.90031,-5.03254,10.248,-976.976,-203.984,5740,3360,-140
-3.67579,0.0169818,-2.3859,-2.11138,-4.31649,-4.63713,-4.67659,-4.003,-6.05844,-2.58339,0.283981,-2.17262,-1.3082,-3.73671,-3.09054,-5.43107,12.2,-977.464,-202.52,5600,3220,0
-7.50092,-7.88792,-2.54552,-2.75519,-1.18003,-1.15186,1.63952,1.03613,-13.2285,-5.00939,-3.37341,-5.43291,-0.745468,0.558135,0.836572,1.8533,13.176,-976.488,-205.936,5320,3500,0
-0.774418,0.468066,-0.828081,3.34449,4.03973,1.26124,6.01467,5.12519,-3.07469,-0.863882,-3.04449,0.21905,-0.829896,3.49483,4.33322,7.00774,11.224,-978.44,-202.52,5320,3640,-140
5.38056,9.22765,2.84621,7.57005,6.42795,1.84349,4.15433,2.62724,6.82393,4.76607,2.92355,7.05077,2.84727,2.98412,7.35827,3.53796,11.712,-976.976,-200.568,5040,3920,-140
-0.0982357,6.00684,0.35924,4.70967,2.83368,-0.228883,1.45564,-1.61498,3.74236,-0.419881,-0.0420403,3.63243,2.0517,1.79425,5.60731,-0.787276,10.736,-977.464,-197.64,5040,4060,-420
-2.44868,2.29634,0.396533,3.89235,3.46564,4.13411,5.20858,4.91398,-0.0692216,-2.29719,0.00721106,1.48186,2.59163,3.69379,5.88509,3.89208,5.856,-977.464,-200.568,4760,4060,-420
-2.06045,-1.14187,0.717041,1.96585,2.65287,4.01109,4.43058,3.3783,-4.02197,-2.23185,-2.7258,0.0734982,0.760748,4.62004,3.2343,4.11301,8.784,-978.44,-198.128,4760,3780,-420
4.36983,3.29149,5.23584,4.36166,4.63431,5.86882,3.4622,2.62526,1.05506,5.68902,5.45173,4.71925,4.96522,4.08133,3.30427,2.13761,9.76,-976.976,-198.128,4480,3500,-840
-3.02514,-5.75813,-0.10033,-2.24266,-2.17012,2.17219,-1.08645,-1.51954,-5.86519,0.284316,1.12729,-3.15163,0.343103,-1.42149,-1.20037,-2.61913,8.784,-975.512,-199.104,4200,3220,-840
-8.72024,-13.8554,-5.81642,-9.54138,-8.40888,-0.779585,-6.21977,-2.78906,-10.8815,-5.51817,-1.56846,-10.552,-3.39128,-6.2648,-9.43985,-5.74117,11.224,-972.584,-199.104,3640,2800,-980
-5.17487,-16.1065,-6.4025,-17.5843,-12.7124,-2.65102,-9.92294,-1.30249,-4.24072,-2.54847,1.95004,-11.5334,-2.43592,-8.33004,-20.502,-6.05431,9.76,-976,-199.592,3500,2100,-1120
1.42965,-7.17475,-1.68638,-8.40534,-5.16676,0.30772,-3.69429,0.497048,2.80486,0.781745,0.627658,-4.04059,-1.07035,-1.91977,-13.1479,-0.528561,11.224,-974.536,-197.64,3220,1680,-1400
5.46075,2.74925,0.746136,2.95384,0.21454,0.318048,-2.3868,-0.775966,7.76501,2.54809,1.80029,1.71008,0.0243475,-1.32194,-0.0839212,-2.64522,10.248,-971.608,-199.104,2940,700,-1400
0.777574,-0.0334186,-3.94522,1.50902,-1.85819,-4.55199,-2.2177,-4.06494,3.97237,-2.18013,-0.880469,-3.18551,-3.64489,-6.38024,2.27773,-4.36102,12.2,-972.096,-200.08,2240,-140,-1400
-2.71911,2.95217,-1.51594,3.79787,1.65046,-2.96963,0.32598,-2.80563,-1.90298,-3.93012,-3.63642,-1.03814,-2.73703,-1.75014,3.84128,-1.86331,10.736,-968.192,-198.616,2240,-840,-1680
3.23436,10.3851,4.80328,5.91759,5.15244,-1.65217,-0.0502679,-3.29712,3.64081,1.90234,-0.976427,6.90472,1.63612,4.13713,1.98241,-2.37286,11.224,-971.608,-198.128,1820,-1260,-1960
5.40397,8.01033,4.68446,5.32597,4.49969,-1.88424,1.2598,-2.38257,4.07065,4.11681,1.56808,6.40264,1.69837,3.60493,2.04207,-1.72198,13.664,-968.68,-200.568,1820,-1540,-2240
4.09804,4.18615,3.59867,4.30217,4.93975,0.244386,5.80658,3.25213,4.43618,3.17886,2.35595,3.84595,1.57533,3.4363,6.15861,3.90088,11.224,-969.656,-200.568,1400,-1960,-2380
5.20393,1.96149,2.0939,-1.00228,0.253597,-1.07359,0.74866,0.406766,8.33279,5.00061,3.5318,2.50528,1.0379,-0.268617,2.21053,0.503723,15.128,-969.168,-199.592,1260,-2240,-2660
-4.05374,-7.67531,-7.19654,-11.556,-10.3508,-6.65275,-9.90386,-4.93368,-3.60949,-3.31768,-3.38225,-7.3849,-4.96122,-9.27949,-7.25187,-7.73389,15.128,-969.168,-198.616,560,-2380,-2940
-3.9515,-8.88632,-2.87608,-9.88141,-4.89128,0.774416,-2.76905,4.11556,-9.1026,-0.120005,0.644569,-4.98027,0.160698,-2.17974,-5.27328,1.44593,17.08,-971.12,-200.08,0,-2520,-3220
2.01081,-0.123506,2.0384,-1.37234,2.40412,3.41863,3.77703,4.40743,-0.674984,3.13116,0.759907,3.06158,1.52965,4.51374,1.33747,7.36027,15.128,-972.096,-202.52,-840,-2520,-3220
5.28281,4.80669,8.00731,3.91768,8.96645,8.49965,5.94507,3.64053,3.14292,5.90808,3.39671,9.70642,7.54001,11.1323,3.78398,9.73896,20.496,-973.072,-205.448,-1400,-2940,-3640
-0.0858158,-2.23006,0.47774,-1.99823,0.803237,3.17893,0.465179,0.615319,0.255493,-0.878828,-1.14637,0.833364,1.81325,2.69271,-0.0476851,4.44952,20.496,-974.048,-202.52,-1680,-3080,-3500
-2.16817,1.77956,-1.6258,4.20099,2.8076,2.24809,4.46606,4.5644,2.71898,-5.88172,-3.88317,0.584702,-1.37966,1.48819,7.25929,7.55144,19.52,-975.512,-206.424,-1960,-3500,-3640
-4.71404,0.563043,-2.77018,3.04234,-1.3485,-0.120214,-0.125218,1.81618,-1.66605,-6.39483,-3.98846,-2.34153,-1.87951,-1.82306,2.87815,1.95995,20.984,-976.976,-210.816,-2240,-3780,-3640
-5.24359,0.608982,-2.44071,-0.0420915,-3.27959,-0.588914,-3.92448,-2.06041,-4.9369,-4.49756,-5.12496,-2.03837,-1.50223,-1.61186,-3.14264,-2.85506,19.032,-975.512,-210.816,-2380,-4340,-3360
-6.1538,-2.81195,-5.24025,0.397614,-2.44694,-1.2569,1.20453,0.0639655,-3.32386,-6.00208,-3.9878,-3.96164,-3.47426,-2.53742,3.88852,-0.825594,22.936,-974.536,-207.4,-1960,-4200,-3220
2.19462,6.71541,-1.61264,9.17323,4.99356,0.681225,11.2397,4.79477,8.71676,1.25939,3.13707,2.67039,-1.17156,0.698313,14.054,5.8407,19.032,-978.928,-206.912,-1960,-4620,-2940
3.09245,4.93917,1.01314,3.76151,2.78827,-1.13879,3.21142,-1.06657,6.00698,3.93334,2.35619,3.37132,-0.367037,1.14462,2.72826,-0.192093,22.448,-979.904,-207.888,-1820,-4620,-3080
4.60494,6.28655,3.99758,5.03918,5.27329,1.48482,2.72425,1.28217,3.72288,6.10275,2.30219,5.44126,1.47098,2.89434,0.189384,0.747162,22.936,-978.928,-206.912,-1680,-4900,-2940
-0.676615,0.197442,1.60712,0.969299,-1.1887,-2.99244,-4.07393,-3.71229,-5.13036,2.70312,-0.760161,-0.746042,-1.11334,-1.68677,-4.05923,-5.28281,20.008,-981.368,-212.28,-1820,-5180,-2660
-2.66127,1.27308,3.46882,2.62287,0.834469,0.831957,-1.61932,-1.69854,-9.36375,1.13862,1.18791,-0.121693,2.26513,1.34215,-3.45682,-3.73774,21.472,-981.368,-204.96,-1540,-5460,-2380
-4.11933,-5.35568,0.377155,-5.68205,-3.97238,-1.29504,-5.8111,-5.1418,-8.02655,-2.3094,-0.865245,-3.58157,1.02367,-0.171074,-8.90826,-6.47393,22.936,-983.32,-210.816,-1540,-5740,-2380
2.1334,-2.85632,1.194,-3.05698,-2.65077,-2.30372,-4.44934,-5.47331,0.428371,1.93012,2.13281,-0.661675,0.701608,-0.91411,-3.58628,-6.05574,22.936,-982.832,-210.328,-1260,-6020,-2100
1.997,0.755535,1.6976,0.722138,2.12408,-0.494908,1.12793,-1.05827,0.934928,1.07707,2.08009,0.786306,0.68457,1.14777,-0.571441,-1.58844,20.984,-981.856,-204.96,-980,-6440,-1960
-3.92161,-7.97516,-4.9317,-6.39345,-5.58588,-3.99094,-3.78218,-0.997306,-4.89593,-5.80266,-1.845,-8.06236,-3.6393,-5.41965,-5.76752,-5.7238,20.984,-985.272,-208.376,-980,-6300,-1960
2.33141,-1.39628,1.64207,0.147081,-0.281701,1.07063,1.05151,1.75639,-0.407994,-0.126561,1.58551,-0.150791,1.97309,1.18027,0.185482,-1.33198,20.984,-987.224,-207.4,-840,-6720,-1820
4.90214,-0.0980265,3.74757,-2.54944,-0.271434,2.16202,-1.83593,-0.219779,2.18718,2.21261,1.75879,2.28988,3.98997,1.85066,-2.77201,-2.00461,24.4,-983.808,-205.936,-980,-6860,-1960
4.77582,2.53006,4.04737,-0.516043,1.68591,3.24636,0.181584,1.51292,5.13654,1.80732,1.41786,3.75112,4.08145,2.86281,-0.6376,1.08002,22.448,-983.32,-206.424,-700,-6720,-1820
