-2.01111,-7.69346,9.29852,1.78612,10.0538,16.4955,-0.809444,0.136339,-13.0575,2.51874,2.37218,-1.60886,10.7002,14.138,-3.02028,1.26188,72.224,-927.2,-382.592,1820,-9940,-1680
-1.15817,-11.6251,-1.46532,-3.90365,-1.21347,1.41903,-7.213,-4.61249,-10.8727,-1.27835,-4.2438,-5.92241,-1.4045,1.38911,-6.26807,-7.11726,70.76,-928.664,-379.664,2660,-10500,-1820
3.46101,-3.57527,-3.14755,-3.16335,-1.59302,-1.36195,-9.16994,-1.07563,-4.20981,-0.834894,-5.20708,-0.673763,-5.65412,-4.07035,-8.70264,-7.59474,67.344,-926.224,-377.712,4060,-11200,-1820
10.2085,7.023,-3.32521,1.54425,-1.57592,-7.73232,-11.755,-4.71414,7.1603,2.30322,-14.499,6.75323,-15.8838,-16.8669,-8.69876,-13.9667,68.32,-925.736,-378.2,5180,-12040,-1820
24.8073,26.8199,0.315662,20.3577,8.83429,-12.1107,3.83129,3.35734,29.5978,6.54855,-22.4696,22.8465,-21.7412,-11.5757,13.9568,-2.79488,65.88,-925.736,-380.64,5320,-12740,-2240
23.7614,30.0119,-0.952698,21.3107,2.32299,-4.55861,8.31171,9.45596,35.4201,1.38658,4.66581,19.8496,-4.75525,-4.14258,19.6743,3.03233,67.832,-920.856,-376.736,5740,-12880,-2520
-0.682452,18.4638,-6.0455,11.0064,-2.78254,-3.22474,9.2921,4.98423,22.1719,-6.13822,18.3347,-0.545174,5.42304,-3.16187,11.2238,4.28352,65.88,-926.224,-369.904,6720,-12740,-2800
-22.1761,-5.92348,-3.28744,-4.98875,-5.35167,-4.38321,4.5608,-3.86883,-4.8931,-4.92781,14.3677,-18.4961,8.63928,3.02686,0.530508,1.88212,65.88,-926.224,-371.368,7700,-13440,-3500
-19.8962,-26.509,2.16686,-14.5571,-2.08631,9.07879,1.14187,2.85553,-29.5901,-1.23407,6.58118,-17.9627,8.90293,10.981,-3.35812,6.58894,70.272,-927.688,-371.368,8680,-14140,-3640
-7.85934,-24.3914,5.95496,-20.7194,-2.92111,10.4081,-6.0384,1.19573,-29.7854,2.01686,4.05895,-7.03883,6.3994,12.7128,-13.4153,5.85633,72.712,-927.2,-370.88,8400,-14000,-4340
-2.25068,-13.078,6.05149,-17.9161,1.10419,8.09309,-6.1806,-3.63299,-15.0842,3.55371,1.20816,0.423519,2.97813,9.01508,-17.1553,2.09272,72.712,-931.104,-366,8400,-14560,-5040
-1.18544,-5.3408,-0.72544,-8.63219,-0.0552877,-1.54509,-4.30491,-9.8111,-2.54164,0.687997,-7.2476,0.910976,-7.21535,-1.08727,-8.82275,-3.79763,79.056,-930.616,-365.512,8540,-15400,-5320
-7.95346,-5.9083,-11.1522,-4.6573,-8.56726,-5.10926,-7.18726,-12.0676,-5.97523,-10.7568,-8.55732,-6.89891,-7.54837,-17.3583,-4.58926,-11.7725,83.936,-936.472,-362.584,7280,-15400,-5740
-11.0629,-4.0211,-15.5298,-2.11537,-14.5638,-11.8818,-10.3607,-12.4922,-6.87316,-10.1401,-9.84021,-11.3346,-9.271,-30.1636,-4.3396,-14.5742,84.424,-937.936,-359.656,7280,-15680,-5740
-8.0865,-2.74722,-17.4445,-0.351291,-22.6202,-23.4776,-14.1603,-12.5579,-5.74071,-7.6778,-17.2686,-11.8111,-16.7379,-41.1739,-2.43014,-18.2587,89.304,-938.424,-361.608,7280,-16240,-5740
8.8618,9.51249,-2.91341,10.4421,-10.7046,-14.3883,1.88753,6.06586,7.07539,2.23706,-0.534268,4.23098,-2.27826,-11.2174,10.8769,2.14593,94.184,-935.984,-359.168,7140,-15960,-5600
7.73789,4.84429,5.60269,-0.885021,-2.42224,-0.323309,7.22203,13.0535,10.4172,1.32509,8.50072,4.28598,9.49957,19.9782,3.35151,15.7905,94.184,-936.472,-352.824,7000,-15960,-5180
-0.995327,0.118642,10.1789,-3.8805,12.8357,14.5691,13.9503,7.97995,2.63513,3.55304,7.17033,2.90551,13.0478,30.8105,2.1205,21.2253,94.184,-934.032,-353.312,6860,-15960,-5180
-5.84502,-3.83206,9.60319,0.563392,17.9258,16.2831,10.5612,-2.28263,-6.58072,2.37066,2.91714,3.32011,8.74675,24.9056,0.416468,9.31034,98.576,-933.544,-351.848,5600,-15260,-4900
1.41983,2.02895,10.8283,10.7666,20.5855,12.9015,13.4565,6.32636,-1.1929,6.32104,0.556256,9.4254,3.64764,20.2981,7.2896,5.85107,102.48,-934.52,-350.384,4060,-13300,-4900
10.3201,9.33226,9.85723,15.9599,20.2276,2.48775,14.2114,7.19319,8.08541,8.64983,-7.52758,14.3026,-4.50567,13.267,11.687,4.99944,107.36,-932.08,-350.872,2940,-11620,-4900
11.276,11.7985,-2.30182,13.9468,8.52071,-0.606754,2.77388,2.7747,13.252,-0.402688,-5.14504,10.1617,-4.9874,-10.9343,5.83783,-5.7446,108.336,-934.032,-339.648,1680,-9800,-4760
6.05727,13.925,-5.55617,11.9183,-4.68019,-7.1413,-6.63586,-4.02194,16.4274,-3.59782,2.80276,3.13305,0.677523,-17.1567,3.0353,-12.2506,104.432,-935.008,-341.112,980,-9100,-4760
1.32373,10.5913,-5.1056,9.07433,-6.25535,-5.63003,-2.49178,0.589948,13.1377,-0.33428,7.47072,-2.3264,0.528562,-18.5477,4.29319,-6.11524,102.968,-935.008,-339.648,560,-9240,-4480
-8.43576,-5.10156,-12.1551,-3.65469,-16.3858,-12.0163,-6.74991,0.120114,-3.18291,-4.90363,-1.53581,-12.2892,-7.97368,-24.6504,-1.481,-6.34889,107.848,-933.544,-343.064,-840,-9380,-4200
-1.24418,-5.71609,2.75588,-10.812,-9.27638,-4.30717,-2.95442,5.68905,-3.27724,-1.78937,-0.555566,-3.37318,1.46352,9.06173,-1.38727,2.87653,107.848,-934.52,-345.016,-1960,-8820,-4200
5.0286,-5.17854,10.474,-18.8906,-0.778476,8.88273,-5.52479,3.37907,2.75975,2.78849,5.72629,2.04104,5.66326,20.0004,-12.0443,3.82481,109.8,-933.056,-344.04,-3360,-7700,-4340
-2.02767,-6.05664,3.12448,-10.0917,5.11245,13.0605,-4.40566,-1.69545,-3.61634,1.12418,4.86662,0.911361,4.93965,1.0048,-11.7753,-0.161612,109.8,-932.08,-341.6,-3920,-6860,-4200
-6.09983,-4.82405,-5.43708,1.00908,-1.9633,-3.40792,-5.8386,-10.9121,-10.1277,-1.31507,-1.25352,-3.19439,-2.88597,-11.7958,-5.17644,-6.78685,108.824,-934.032,-344.04,-4900,-6300,-4060
6.44175,7.94794,3.15659,9.19875,1.23785,-11.1484,-2.75102,-8.11715,-0.470647,7.89692,-1.21127,7.39939,-3.60069,2.74945,5.09093,-3.01632,107.36,-936.96,-346.968,-5600,-5320,-3360
9.53981,6.22239,7.91456,4.86101,9.59757,0.0519822,6.57109,2.30114,1.74433,10.2167,6.21189,9.09106,5.01972,14.0852,10.8776,5.87387,107.36,-936.96,-347.456,-5600,-5040,-3080
-7.78601,-14.6164,-4.43376,-12.3641,-3.0826,14.3165,-4.60859,3.66439,-13.6244,-4.97866,-1.76217,-10.6246,2.45871,-1.21088,-5.80804,-0.425072,103.944,-937.448,-346.48,-6160,-5040,-2660
-14.134,-13.7718,-12.9511,-6.87849,-9.59508,7.43168,-8.59617,0.267652,-13.8763,-12.6334,-5.63019,-15.666,-3.19468,-18.3829,-6.02611,-4.638,106.384,-934.032,-349.896,-6720,-4620,-2100
-12.8022,-10.0976,-14.5043,-3.3161,-18.4103,-11.7216,-7.95963,-5.12112,-11.0065,-12.029,-2.57463,-16.0238,-8.10618,-27.6962,-3.53822,-10.6534,104.92,-935.008,-352.336,-7700,-3640,-1820
-0.605744,-1.48975,-3.18059,-1.79822,-13.932,-11.4093,-1.76418,2.57571,-1.0064,1.0226,3.57531,-5.39031,-1.76747,-8.92477,1.27871,-1.74573,103.944,-932.08,-354.288,-8540,-2800,-1260
13.2713,7.42822,14.7892,-2.93954,7.42915,-1.43834,8.38512,7.9587,10.6117,14.8201,8.48951,11.4109,8.59824,24.0178,5.43095,14.0385,100.04,-934.032,-358.192,-8680,-2380,-1260
8.68181,5.54731,18.8346,-5.08817,17.8019,16.0806,6.95561,4.34466,7.12978,10.2026,7.36366,12.4046,16.1806,35.4896,-1.55012,11.0389,97.112,-935.008,-357.704,-9800,-1820,-1120
1.56793,0.537349,15.5983,1.41179,21.622,24.9646,11.9947,7.74138,0.807932,6.86607,7.97653,8.0612,14.3563,33.6923,-0.565795,13.3045,97.6,-932.08,-354.288,-10220,-1960,-1260
-9.05667,-11.0971,2.0805,-5.40216,7.44452,14.1352,2.48366,2.58715,-10.8289,-4.66485,-1.99885,-5.71304,1.59624,14.2264,-9.55297,5.59073,89.304,-927.2,-354.776,-10360,-2100,-1260
-4.4172,-7.95515,-4.91514,-2.83813,-0.680686,0.520614,-2.28545,-5.47771,-11.5161,-5.84869,-21.2261,-5.22149,-14.3826,-9.60067,-8.50235,-6.23576,90.768,-933.544,-355.264,-10640,-2800,-1540
14.4513,9.42836,-2.05814,12.3127,3.539,-4.10987,8.59021,-0.752653,6.44416,1.56761,-13.5112,10.8709,-14.8339,-8.6995,9.14543,-3.40475,92.232,-938.424,-359.168,-12180,-2100,-2100
10.8993,14.5646,-8.64395,7.74054,-2.56158,-16.0391,0.795145,-5.42788,16.5341,-6.31999,-1.91006,7.33863,-10.9405,-9.40024,6.18282,-7.40442,81.496,-938.912,-357.216,-12880,-420,-2940
6.16028,19.8849,-1.42661,9.12555,5.18735,-13.4004,3.44206,-2.64869,21.9747,1.44858,11.8151,5.40616,1.01846,0.00475798,7.4528,-2.72474,83.936,-931.592,-356.24,-11760,-1820,-3360
-8.53214,0.890084,-7.84603,6.85095,-3.83979,-16.2407,-4.3575,-13.6686,0.327995,-5.00718,3.8325,-9.72157,-0.176912,-17.5422,3.53855,-16.1553,81.008,-935.008,-357.704,-12040,-2940,-3920
-15.0268,-13.207,-10.7514,1.08337,-17.4003,-6.82721,-13.0681,-8.44526,-17.4515,-12.0235,-8.709,-13.3786,-4.42382,-19.8894,-2.14701,-15.1937,80.032,-935.984,-358.68,-12320,-2380,-4900
-10.4637,-9.70688,-8.61457,-6.454,-20.3546,-1.17349,-15.6559,-3.44183,-11.8125,-9.91518,-4.10549,-7.98742,0.936303,-12.0204,-6.61746,-4.22254,78.568,-931.592,-357.216,-12180,-2520,-5320
4.41211,6.94544,5.82828,-0.0575635,-0.786828,1.87493,-0.450747,3.83961,6.42204,5.84046,-4.62674,7.26068,3.11898,4.75119,3.68218,7.42757,79.056,-932.08,-362.584,-12320,-2800,-5880
9.74561,15.5345,8.05255,14.0381,13.0628,6.7068,11.6568,9.66338,12.6494,8.43449,-0.796629,14.2025,5.12718,11.1492,16.3068,14.8859,72.712,-937.936,-361.608,-12740,-2240,-6160
-0.336482,8.53425,-10.3748,9.22773,1.45667,-11.9111,-1.97731,-4.28642,6.87585,-4.46028,-0.0189045,2.91951,-7.14886,-23.1957,0.9323,-2.5761,66.368,-935.496,-359.168,-11900,-2660,-6580
-0.800958,12.2388,-13.6196,12.5224,-6.00549,-22.5116,-1.6353,-4.54006,13.1946,-1.13926,-5.36139,-0.547121,-20.8359,-33.7891,0.921058,-5.08289,68.32,-933.056,-366,-11760,-3780,-6440
15.4534,19.5088,-0.953065,23.0096,7.59967,-10.68,18.1833,13.0752,19.3569,13.8721,6.80818,12.9975,-7.992,-14.4145,19.7659,18.8278,74.176,-931.104,-365.024,-12460,-3500,-6580
10.7601,5.84157,5.32276,4.85032,1.4783,0.545181,16.4893,14.9381,6.24092,5.34068,12.2719,5.58538,10.3652,18.5968,15.523,24.8031,71.248,-925.248,-369.416,-11620,-3080,-7000
0.763278,-8.46212,14.4222,-16.217,1.8898,27.3024,5.91271,12.0068,-2.23279,3.46281,16.5304,-2.97657,25.229,39.4755,-0.0800518,15.8814,70.272,-929.152,-371.856,-12040,-2660,-6720
-5.98987,-23.4478,13.2111,-28.7573,6.11574,32.1088,-6.38204,5.45007,-8.75908,4.28666,8.19017,-8.33565,18.647,31.8737,-17.2541,2.71656,75.152,-923.296,-370.392,-11760,-2800,-6580
-13.9137,-30.2347,6.65032,-22.9732,4.68628,21.6587,-7.54672,-0.0151055,-20.8167,-2.1943,-4.04581,-10.7972,9.08708,20.8041,-20.2301,-4.78432,74.664,-929.152,-368.44,-11480,-3220,-7140
-9.34095,-17.8075,4.60795,-12.4816,1.98312,4.65213,-6.95149,-8.12644,-14.1501,-1.20747,-5.26266,-4.15665,0.531177,11.3802,-19.1696,-8.03964,72.712,-922.32,-373.32,-11060,-3780,-7280
-11.2236,-14.7733,-1.60534,-13.02,-3.89454,-5.96692,-7.88096,-13.3152,-15.2783,-5.93239,-7.62556,-7.87127,-5.95691,0.303709,-16.6014,-11.1273,76.128,-919.88,-377.712,-11060,-3080,-7280
-4.74732,-10.2932,-2.27322,-12.698,-5.80642,-5.06133,-10.2798,-12.7967,-11.519,-3.68659,-4.45722,-6.62758,-2.97461,-5.7675,-15.2645,-14.9198,85.4,-921.832,-377.712,-11480,-1820,-7280
-5.01409,-7.29346,-4.49913,-7.04476,-6.30509,-6.48136,-6.67852,-11.3137,-7.24241,-6.1617,-6.14403,-8.72321,-3.28064,-7.96327,-9.17232,-13.1103,84.912,-919.88,-373.32,-11480,-280,-7000
-4.85498,-1.96771,-5.94135,1.35403,-4.77769,-1.2292,-5.40031,-7.00436,-3.20441,-1.38066,-4.57984,-5.68871,-7.95131,-20.9473,-1.7359,-17.2689,81.496,-920.368,-365.024,-10640,140,-6720
1.47836,6.63268,-6.65649,10.5012,-6.45064,-7.56075,-3.73438,-2.51532,2.32305,4.74023,0.297507,1.10795,-9.09246,-29.2335,7.55371,-13.7018,81.984,-918.416,-369.416,-9520,-560,-6300
2.57532,12.4947,-4.62073,13.7357,-3.80823,-15.0833,3.70562,4.16616,2.33811,-0.75866,-6.32267,4.13123,-9.90095,-12.72,14.0376,0.488931,85.888,-925.248,-371.856,-10220,280,-5880
19.321,25.4469,5.95535,16.6183,4.07872,-5.36389,8.02633,13.1056,16.1975,7.81058,3.16297,14.7854,-1.94445,4.22563,16.6734,12.3018,92.72,-921.832,-372.832,-10640,2100,-5460
14.0511,12.4556,5.18143,5.81299,6.86658,6.62427,6.89445,13.1545,6.32796,0.512156,7.94615,9.33199,5.91995,9.91899,8.98977,14.8435,96.624,-917.44,-368.44,-11200,4200,-4760
-1.81028,-1.99761,-1.30196,-4.27245,1.4766,2.58382,-1.8658,-1.3304,-6.86862,-9.89096,2.12655,-3.84596,4.62053,6.21773,-1.79631,4.1105,92.232,-918.904,-367.952,-10640,5740,-4200
-3.76274,-2.13228,4.38043,-3.64321,1.75316,3.50636,-1.40271,-2.99364,-4.34962,-1.9636,7.40071,-2.65801,8.05739,12.1389,-2.02541,2.59378,92.72,-922.32,-369.904,-10220,6020,-3640
-5.13478,-3.33478,-0.668005,0.814403,4.28276,5.46395,0.167426,-3.41276,-4.65344,-0.0725393,2.10929,-1.59077,1.09702,4.34154,-0.419446,0.574429,92.72,-927.2,-368.928,-10080,6160,-3080
-3.39244,-2.49921,-9.47393,3.05521,-2.63312,-3.10225,-4.26975,-2.42654,-3.19113,-2.15663,-9.84144,-2.54037,-9.68905,-23.2425,-3.39695,-7.55675,97.112,-929.152,-365.024,-9520,6720,-2800
2.62479,-0.296514,-8.54448,-1.42792,-13.3782,-18.8152,-7.85068,-2.08791,4.97521,-3.32217,-13.5997,-0.5956,-13.6915,-19.4537,-7.7311,-8.14819,98.088,-923.296,-368.928,-9100,7980,-2520
8.54888,11.5032,-2.11066,6.05952,-4.44247,-9.18199,8.19283,9.73586,15.9411,2.17676,7.71503,8.11443,0.986618,0.462589,8.82832,10.2005,101.504,-923.296,-369.416,-9240,9800,-2100
-5.26794,7.01647,-0.660436,2.72714,0.943188,-0.195372,12.4103,3.53938,9.21535,-0.124472,12.9231,-0.29112,7.12449,6.02456,13.769,12.8879,102.968,-920.856,-369.904,-8820,10640,-2100
-12.7076,-9.41586,4.79434,-8.7091,-0.542287,6.89594,3.80729,-7.09583,-9.20448,3.64034,8.56682,-8.62635,9.13977,15.3673,0.899189,2.9684,102.48,-921.344,-368.44,-8820,11900,-1820
-5.01053,-13.4176,10.7986,-10.1444,5.414,13.6026,-0.882193,0.584304,-10.2199,5.96441,0.128156,-1.42968,6.56365,21.898,-5.65001,-2.67183,106.384,-919.88,-367.952,-8960,12600,-1680
0.788098,-4.42152,8.98793,-1.71822,12.8456,14.8452,1.56078,4.68673,-1.73755,-0.0641622,-1.43278,6.5175,6.9516,22.4277,-0.524707,3.0123,104.432,-919.392,-370.392,-8540,13020,-1680
-1.76037,-0.826254,-0.0446139,-2.18673,5.64753,8.46362,-5.85091,-4.62039,1.622,-7.98316,-3.41196,2.0252,4.66224,5.61161,-7.94075,-6.18364,107.36,-915.488,-373.32,-8120,13160,-1400
0.525581,4.66309,1.72603,7.26297,5.23772,7.15684,-2.71182,-3.06722,5.96517,2.32473,1.48641,3.45506,4.79626,-4.38728,-1.83958,-6.60276,112.24,-918.904,-376.736,-7560,13160,-1260
11.3114,14.6944,2.54224,22.4485,7.90162,1.49199,8.21924,5.56499,14.3644,12.5079,-11.6838,11.9691,-6.64324,-8.52126,16.92,2.71441,113.216,-920.368,-382.592,-6580,12880,-980
36.2487,35.19,11.102,35.6845,19.1965,-3.84757,19.7156,13.6456,33.9426,22.112,-17.9097,32.0508,-12.9471,-1.97004,29.7087,10.9337,113.216,-916.464,-386.984,-5460,12880,-420
25.9996,25.5274,0.470477,16.109,8.17304,-10.5725,11.3774,8.55761,25.0514,1.16823,-0.512498,20.0875,-6.68542,-0.939026,15.5095,8.3893,114.68,-918.416,-387.472,-3080,11900,140
-6.91908,1.38665,-13.5691,-9.7999,-9.07811,-5.90009,-3.77241,3.96209,4.76027,-14.6826,12.2953,-10.3094,-0.000929092,-7.84993,-9.69812,2.18056,116.144,-920.856,-389.912,-1680,10920,840
-28.0795,-18.6906,-5.71997,-18.0205,-12.7048,6.69894,-8.16286,2.68329,-20.1047,-8.57227,14.7823,-26.1341,10.0472,3.55891,-18.4794,2.38487,118.096,-918.904,-393.816,1120,10640,1680
-17.4509,-22.7355,3.62732,-11.1009,-2.35311,10.3692,1.08614,3.11333,-24.987,1.50957,7.66025,-17.5684,6.91527,13.3728,-5.16579,6.42431,115.168,-922.32,-387.96,4340,9800,2660
-0.531965,-16.9204,7.42441,-8.34207,6.97143,7.65686,4.90754,2.54159,-19.3134,8.20876,3.30914,-2.31679,0.960377,8.87626,-0.983594,4.83139,117.608,-921.832,-393.328,6300,8960,3360
-0.743759,-7.19249,-5.35834,-3.22139,1.29716,-13.4794,-2.45361,-12.6218,-12.635,-1.48068,-5.57472,-1.1455,-9.05234,-21.3305,-2.05382,-13.6655,112.728,-923.296,-386.496,8540,8680,4060
-2.7224,-2.5287,-16.7531,-2.94039,-15.5683,-28.0382,-17.1751,-26.1765,-0.81488,-7.16353,-5.39832,-7.96952,-12.0319,-44.1168,-11.5578,-30.3899,110.288,-921.832,-386.008,10360,8120,4760
2.8559,4.34132,-8.82008,4.50824,-24.2894,-22.0674,-16.1705,-19.1637,10.3061,-1.42507,-0.448365,-6.95561,-5.65489,-30.3529,-2.00929,-21.9848,106.384,-921.344,-380.64,12740,7700,5320
2.16338,4.70845,-3.65651,0.827507,-21.6159,-15.4283,-9.84545,-7.63518,7.2629,-0.479905,-4.24368,-3.44359,-4.33525,-11.3402,3.98602,-7.39189,102.968,-922.32,-378.2,13860,7700,5460
-3.85205,-9.29789,-3.67698,-21.269,-13.4317,-3.88264,-10.8664,-2.05747,-4.98792,-8.48578,-5.747,-6.22633,1.73339,6.95268,-12.8611,1.17713,101.016,-922.808,-378.2,14000,8260,5460
0.780555,-4.01299,2.17966,-13.7607,5.10409,8.40478,1.486,5.23368,0.0102939,-3.76094,2.31625,-0.989046,5.48891,20.9528,-8.18065,14.9938,100.04,-923.296,-371.368,13160,10080,5040
-0.757563,-2.09864,9.20913,-1.80699,16.331,17.7875,9.04078,8.85918,-0.980035,0.155287,4.31636,1.85265,8.54119,24.3312,-2.09571,19.839,97.6,-924.76,-367.952,12460,12320,4480
-4.04827,-7.62828,11.3827,2.69571,14.7805,21.0812,10.4019,12.0045,-8.4501,0.945889,3.37284,1.8779,11.3797,21.8016,1.41413,18.9146,94.672,-924.272,-359.656,11200,13860,3920
-9.23412,-12.91,3.88145,-6.44443,-0.527884,8.74337,-5.09307,-0.158211,-14.7673,-3.15574,-3.35708,-3.8342,2.86171,11.176,-10.4341,1.92733,95.648,-928.176,-357.704,10220,15260,3220
-1.03142,-3.19872,6.25297,-3.71553,1.52356,8.43775,-5.72632,-1.70789,-5.4332,4.21449,0.190853,3.05746,3.64024,10.0865,-8.24659,-2.31748,93.208,-929.64,-355.752,8960,15680,2940
-6.91258,-7.69672,0.532442,-9.73815,-0.052574,6.23394,-5.02403,-2.08048,-10.6154,-2.13436,-3.06007,-1.11341,2.01774,6.17719,-11.1084,-0.627815,87.352,-927.688,-353.8,8260,15540,2240
-7.41783,-5.09593,-1.91069,-5.55476,0.265732,6.60708,-0.426882,-0.150038,-8.70218,-2.56613,-1.11612,-1.08988,2.97543,-1.03153,-5.29233,0.5539,92.232,-929.64,-355.752,7420,15540,1540
-0.36537,4.66552,-0.324945,7.872,0.618926,1.58535,2.30852,0.0630889,0.776126,-0.741496,-6.43091,2.94334,-1.55675,-7.06057,7.94748,-2.85463,91.256,-931.104,-360.632,6160,15540,1260
-3.79334,3.51026,-12.5485,13.034,-1.23249,-13.0595,2.1711,-0.776309,-3.37534,-11.4598,-22.3534,0.422362,-23.0512,-25.6513,14.9488,-6.30807,93.696,-933.544,-362.584,4900,16100,840
10.3259,18.9427,-15.8421,21.9224,1.5689,-23.4527,7.94935,2.92273,16.8411,-8.00821,-12.2732,9.97145,-25.5041,-27.5752,23.4736,1.12559,92.232,-935.008,-366.976,3780,16100,280
29.5484,35.5567,5.81061,23.8359,7.70883,-4.2076,13.5704,11.7644,42.0044,11.8291,6.68008,22.1217,-1.7199,7.94522,22.5303,13.6906,90.768,-936.472,-369.904,2660,15680,420
25.1948,23.2698,16.5705,10.4022,13.44,12.8923,16.1309,14.3041,35.1801,17.5802,12.1507,15.8075,8.86618,26.3511,13.9469,18.2285,90.768,-934.52,-368.928,1960,15260,280
-0.0613896,-5.9857,2.2561,-6.95928,9.22564,6.80914,5.01306,1.62053,3.93093,2.84358,14.4528,-3.14583,10.0537,11.7699,-3.84239,2.05709,88.328,-938.424,-369.904,1820,14280,280
-33.4618,-25.3357,-13.0421,-15.7193,-9.11819,-5.26874,-11.6191,-7.92638,-32.694,-15.281,0.145029,-24.9426,0.32184,-7.22579,-13.1895,-16.0692,90.28,-935.984,-373.808,1260,13160,560
-27.2052,-18.0147,-4.57398,-10.7725,-9.42923,2.45373,-9.37129,-2.61902,-28.8778,-4.01796,-0.529067,-19.3262,4.14542,-2.96388,-10.54,-12.9557,90.768,-935.008,-375.272,1540,12880,700
-8.33018,-16.973,3.18589,-17.072,-11.7792,6.78396,-15.2063,-6.94647,-17.9477,6.03646,4.63008,-9.65766,8.30882,4.12265,-22.1081,-18.7976,92.232,-934.032,-378.2,1120,12600,980
2.73858,-4.29517,2.49886,-8.73043,-3.42258,3.55919,-9.75645,-8.92878,-1.93762,3.55483,5.80006,-0.403642,5.27911,-8.28103,-12.7716,-21.8064,91.256,-934.032,-378.2,1120,12880,1260
1.54663,1.49028,-4.33397,-2.03466,-6.19902,-12.0318,-9.72742,-12.6163,3.61224,1.55025,4.48872,0.812558,-1.77533,-21.8596,-9.23349,-25.6616,89.304,-928.176,-374.784,1680,13020,1680
-5.84783,-5.95017,-9.95913,-5.41771,-15.5703,-19.1102,-13.1633,-10.3006,-7.58863,-5.85908,-4.45668,-8.18874,-9.51182,-19.1301,-13.0514,-24.1194,90.768,-925.248,-371.856,3360,12600,2380
0.8049,1.04303,-16.724,3.33365,-8.23456,-20.2924,-0.521957,-4.20533,-2.33767,-4.29849,-5.22205,-6.00894,-17.5682,-40.6242,3.37263,-17.8968,92.232,-920.368,-378.2,3920,12040,2940
21.4685,21.5476,4.05655,19.8021,-0.64704,-14.2578,9.98834,1.44343,17.6238,12.8757,3.37255,13.9011,-6.43775,-9.51129,17.9016,-6.54424,92.72,-922.32,-377.224,4620,12320,3500
31.314,35.227,29.0833,29.8139,22.3509,21.1299,31.1519,26.1096,30.4558,20.4914,14.8181,29.9334,19.528,53.7473,32.3885,31.8186,91.744,-921.832,-374.296,4760,12880,3920
25.751,30.6391,29.8525,20.6691,38.2297,38.9606,36.14,31.0048,27.5594,15.3155,15.9434,25.8363,26.2176,57.4001,31.3828,48.2743,88.328,-919.392,-369.904,5180,13580,4200
4.69427,2.8651,10.4175,2.9846,22.4296,22.8842,13.1907,9.67597,3.05672,-1.17364,-1.34837,1.94899,9.21593,15.2462,8.44074,31.0594,84.912,-919.88,-368.928,6300,13440,4480
-1.66172,-8.35761,-2.27496,4.47927,4.46607,-0.0793523,1.27867,-0.222704,-11.0233,-8.54548,-4.27089,-7.37345,-2.51079,-9.02805,1.53576,17.4562,88.816,-920.856,-368.44,6860,13300,4760
2.66746,-1.91857,-3.89992,5.22093,-7.06359,-11.5487,-6.12485,-6.17813,-3.2755,-7.03835,-1.10922,-3.14614,-2.74737,-11.3246,1.05838,6.71612,84.424,-920.856,-369.904,6860,12460,4760
2.59981,3.90843,-1.19391,4.54207,-5.84267,-7.68877,0.683122,-1.7151,5.58157,2.01919,1.56604,2.00629,-3.60497,-4.80058,11.4783,5.04268,93.696,-932.08,-384.056,5460,11760,4200
6.75928,3.15354,12.6992,0.600665,-1.47902,9.21217,7.72726,9.94174,7.23089,19.2049,14.9623,9.2162,9.37176,27.1377,10.7577,11.5977,91.256,-944.768,-386.496,-280,11900,2520
-12.1523,-19.6324,4.38167,-23.3372,-6.77834,13.9572,-5.38171,5.2358,-13.0951,3.78256,1.64209,-4.20742,9.18145,22.7205,-11.3423,5.94695,97.6,-934.52,-379.664,-3360,14140,1820
-15.5905,-17.9406,-7.59505,-20.5885,-2.23354,2.30651,-10.8684,-6.87504,-14.7615,-8.74336,-10.0727,-5.7863,-1.60145,-5.2853,-15.675,-5.18393,97.112,-936.472,-368.44,-3220,14280,1540
-20.7714,-23.1184,-25.6754,-20.9438,-18.173,-22.946,-24.9508,-26.0149,-19.9739,-23.7892,-24.6101,-15.5345,-21.2156,-34.5744,-27.8274,-24.2774,93.696,-931.592,-356.24,0,12460,1540
-14.6582,-18.9025,-23.6615,-15.9416,-20.2666,-27.1494,-19.4783,-23.1064,-17.1182,-21.498,-21.2019,-13.3264,-20.8864,-27.2639,-22.7453,-17.16,90.28,-920.856,-347.944,2520,10780,2240
-7.41496,-8.47616,-14.3255,-8.01925,-7.2623,-23.9025,-7.30611,-17.6687,-9.99704,-11.9709,-14.3929,-2.8377,-14.01,-13.6311,-9.57809,-2.63615,80.52,-919.392,-355.752,6720,8120,2940
-3.14452,-2.21139,-5.45456,-4.27723,-1.06914,-6.70339,-5.27949,-10.3894,0.678284,-3.44698,-5.84862,1.78259,-3.16467,-3.41076,-4.48904,-0.202957,73.2,-919.88,-358.68,7840,6020,3360
-8.28071,-4.94855,-1.11887,-5.00661,-4.72618,7.22493,-7.74733,0.582198,-0.837354,0.79289,-5.83086,-2.75234,0.485845,3.14177,-6.90294,3.49236,56.12,-919.88,-366.976,7840,4760,3360
5.28818,16.432,15.6832,13.9989,18.4924,22.0292,12.6077,19.4572,18.663,15.8233,-1.5659,17.1668,6.1379,22.1305,9.95072,23.7752,55.632,-918.416,-368.44,4900,4060,3920
16.5554,27.1059,17.4679,20.9218,23.1763,21.7763,15.6904,19.7987,34.1796,16.7253,11.3892,22.2935,12.5871,20.8252,15.8643,21.8985,53.192,-920.856,-371.856,3500,2940,3780
8.31979,21.3623,13.9057,18.367,17.702,18.6054,15.5627,16.5056,29.8247,10.1616,18.1101,10.2272,15.7955,13.5985,16.2385,13.3683,62.464,-924.76,-375.76,1820,1400,3080
0.527802,5.08002,8.9995,9.4702,8.45469,12.3629,10.8228,10.6307,14.3953,3.61834,13.519,-5.89145,10.4347,5.19222,8.78282,2.15874,75.152,-927.688,-374.296,1680,1260,2240
0.847914,-6.91061,6.38977,2.93164,2.47319,7.87056,5.64891,6.93937,-0.782624,0.723076,12.71,-11.6206,6.88538,0.714136,1.0829,-6.13559,83.448,-932.568,-368.928,2380,980,1260
-1.63112,-10.23,-3.17569,-4.68399,-7.59849,-0.520128,-6.64396,-3.33983,-7.30538,-6.1748,5.66039,-15.1305,-0.649558,-11.8572,-8.94972,-17.7738,87.84,-934.52,-363.56,3780,-140,280
-13.872,-12.8229,-7.50564,-13.1597,-16.1958,-5.49666,-12.6675,-6.49577,-15.7292,-8.669,-3.67028,-17.108,-3.59201,-11.3237,-15.2286,-21.5238,97.112,-923.296,-366,5040,-1400,0
-2.67021,4.81616,0.795593,4.30659,0.04468,-6.57351,-0.130567,-2.81943,-8.08761,1.83286,-2.74129,-0.510353,-5.10316,-4.88895,0.0989677,-15.5655,105.408,-921.832,-370.392,4480,-1400,-840
-7.25155,0.0665755,-21.294,2.39222,-9.96682,-36.2653,-12.5762,-22.8679,-20.2403,-13.3135,-13.7976,-8.81919,-21.8635,-43.8876,-5.61642,-41.3496,101.992,-931.592,-369.416,3640,-1540,-1260
-17.4346,-3.7486,-26.9515,0.833054,-23.8667,-42.3003,-18.2942,-22.0798,-23.4214,-15.9872,-12.0815,-14.9314,-21.8351,-44.7084,-3.121,-40.9447,101.016,-932.568,-365.512,3360,-1260,-980
-10.4963,-3.73957,-13.0018,-7.57869,-29.1337,-20.1368,-17.5091,-5.4099,-16.74,-9.00089,-5.71396,-15.1438,-10.1884,-16.0756,-2.75492,-13.6188,102.968,-930.128,-362.096,3360,-1540,-700
-4.67011,-11.2255,-5.72153,-19.9938,-17.0302,-2.64303,-8.51745,-0.69375,-15.4474,-5.48149,-2.37467,-11.4013,-3.01256,-6.82308,-10.0744,4.21815,111.264,-934.032,-360.632,2660,-980,0
-7.21038,-26.2626,-12.7204,-25.8783,-12.4656,-4.56209,-12.254,-9.71816,-24.2251,-17.0597,-4.22432,-14.9532,-4.52644,-19.1351,-18.6986,-3.6554,99.552,-936.472,-361.608,2380,140,560
-5.1367,-21.28,-5.11127,-21.6759,-14.6891,1.02416,-14.1294,-5.93454,-18.3591,-9.72415,-0.404037,-10.0383,1.99908,4.91867,-18.0888,-0.446382,105.896,-936.96,-359.168,2240,-140,840
-0.367857,-3.74533,11.1967,-5.73155,5.3265,18.2603,4.25422,7.59869,0.298535,15.8291,7.06072,9.06243,9.83318,26.2329,-3.2242,17.4144,107.848,-938.424,-359.656,1820,420,700
-6.10244,-3.27421,10.7259,-5.46794,11.0422,23.0799,6.05702,6.99134,1.05681,18.9577,4.77282,11.209,12.3391,24.1455,-7.35738,12.7714,107.848,-935.984,-361.608,2100,1820,420
-3.08087,-5.43634,9.74601,-6.67624,7.49297,19.0153,3.03467,2.70012,-1.74442,11.9711,2.35237,8.69245,11.0805,27.9708,-7.6616,9.26673,105.408,-927.2,-358.68,2800,2520,560
11.3714,-0.00652673,15.788,0.838024,15.1114,18.8732,8.56885,3.85401,2.26647,9.11735,8.15587,12.732,13.8768,30.5495,2.77337,14.1605,100.528,-940.376,-357.704,3780,3220,1400
34.7466,14.6368,19.4037,18.392,27.5138,15.8635,19.6865,8.1785,12.8892,8.11269,0.757983,22.2887,6.49929,26.9621,18.5428,20.7157,88.816,-926.712,-360.632,3640,2800,1960
54.325,29.1144,17.9637,33.0761,33.7845,10.4583,28.3577,15.2195,27.9908,3.39863,-9.05384,33.4726,-0.886098,20.64,32.8864,22.1231,100.04,-925.248,-360.632,3360,2240,1960
41.7938,22.1522,0.892791,19.884,11.5476,-5.29539,13.3454,8.13094,27.2933,-7.86731,-3.19013,19.3907,-6.15126,5.44689,21.9069,7.75437,97.112,-919.88,-360.632,3780,2520,1820
17.4916,22.4469,0.0567782,17.3286,8.61582,-0.432534,16.4347,12.1528,26.7776,-3.83246,11.7318,8.36466,1.85092,11.4356,22.1938,12.6051,94.672,-916.464,-354.776,5320,1680,1820
-2.6521,13.1125,5.33338,14.3619,13.7309,10.308,19.527,15.4359,16.6698,8.25352,18.5387,1.04749,12.6675,14.4752,20.5989,17.2405,93.696,-910.12,-357.216,6580,280,2380
3.40377,14.835,12.9092,22.0212,22.132,10.1762,23.0897,16.5017,14.2908,22.268,7.6261,11.0101,5.91415,4.0499,23.3117,17.1059,94.184,-911.584,-361.608,7140,-560,2240
17.0239,32.3712,9.86825,35.0121,21.74,-6.3071,20.9366,9.18167,33.1879,27.9036,-3.65469,25.5672,-10.0354,-21.1948,27.3298,6.68823,100.04,-918.416,-362.096,6720,-140,2100
8.69296,33.0911,-5.25346,28.8345,-2.64167,-25.6419,2.3509,-6.8751,34.6345,10.1236,0.523309,16.4646,-8.75635,-31.2007,17.2623,-12.5547,95.648,-918.416,-360.144,6720,1260,1960
-6.71204,25.575,-3.07503,12.567,-13.1558,-16.9786,-2.16787,-7.20546,30.9852,2.33181,8.99065,3.43726,4.60278,0.417209,12.9448,-7.68728,91.256,-915.976,-356.728,7560,1400,1820
-17.573,6.64814,7.3678,-9.51651,-3.96423,13.0428,-1.59139,2.72068,17.1726,8.08448,22.2949,-7.64504,21.5137,23.3013,0.115792,3.66142,84.912,-909.632,-363.072,9240,140,2660
-41.358,-30.2354,-3.53357,-33.3162,-6.01041,11.8778,-16.6252,-7.2017,-29.6153,-9.80428,0.486214,-28.4633,7.42886,7.04491,-28.5112,-6.83812,89.304,-919.392,-367.464,9520,-1260,3220
-39.8324,-42.8174,-10.3985,-31.1482,-8.08298,-0.664277,-20.6292,-11.7283,-51.2778,-14.0406,-12.5817,-28.0391,-6.68286,-12.122,-31.5443,-14.2213,91.256,-918.904,-367.952,8680,-700,3220
-27.8347,-34.6563,-14.2183,-19.7547,-17.6469,-10.1544,-21.0738,-14.1401,-42.7955,-16.5705,-23.8174,-22.9893,-15.6544,-28.5887,-25.1472,-19.6063,88.328,-923.296,-370.392,7840,0,3500
-14.3693,-20.394,-20.7423,-14.2359,-27.3013,-19.5114,-23.7976,-14.8963,-24.6289,-18.9798,-20.9723,-19.2696,-21.9339,-43.2587,-20.4356,-23.9539,83.936,-921.832,-373.32,8260,-700,4060
-1.03501,-8.51228,-13.0559,-8.53601,-25.0686,-16.334,-16.7445,-9.41732,-11.6077,-15.5636,-0.161947,-9.36996,-7.82617,-20.548,-12.8017,-11.0587,86.376,-925.248,-373.808,7840,-2520,4760
5.98681,-4.29584,2.30126,-14.8119,-14.6414,0.860676,-9.10361,-0.292522,-1.54881,-4.61183,10.3267,-2.71348,6.122,8.50081,-16.258,4.3339,85.4,-925.736,-374.784,7000,-2800,4900
-2.93272,-12.1278,7.59104,-16.9193,0.299504,12.4541,-2.29202,0.520829,-12.6639,-1.63544,3.16743,-2.6993,11.6533,21.5434,-12.8354,6.84976,86.864,-926.712,-375.76,6160,-2520,4900
-25.9996,-42.2246,-14.3801,-28.6198,-10.8551,1.54125,-15.8731,-14.3554,-42.3562,-19.8072,-17.6579,-23.3992,-5.23255,-14.3485,-23.2765,-13.8771,87.352,-928.176,-371.856,6860,-2940,4900
-15.7351,-26.3116,-13.7475,-14.5734,-17.0082,-7.70111,-20.7392,-9.85461,-25.6358,-11.8226,-11.799,-16.4044,-9.2022,-23.7678,-17.0207,-15.3057,87.84,-926.712,-373.32,7000,-3780,5180
4.54193,0.996978,4.06221,-1.55706,-5.34541,-5.14126,-6.73537,1.09673,4.81679,5.11078,-2.94266,5.35669,0.519393,8.31915,-5.94575,6.18272,89.792,-927.2,-373.808,6160,-4060,5320
17.9488,15.9462,12.2168,3.14949,9.32683,9.90564,4.52067,7.59753,23.4542,11.9724,3.98831,18.2758,5.01776,19.2717,-2.50923,12.8512,90.768,-935.984,-373.808,5600,-3640,5040
16.0056,20.1034,13.2487,18.2831,22.0953,19.2358,15.7666,12.8953,18.5569,8.16678,-0.855094,21.4184,1.39759,21.1973,16.112,15.3362,83.936,-931.104,-373.32,6300,-3220,4900
3.05575,1.58301,-2.15435,4.30124,8.70131,4.46015,5.39084,1.24348,4.0818,-5.10181,-1.44242,2.83109,-1.05828,1.72179,6.73741,1.14623,84.912,-931.104,-372.344,6300,-3360,4900
-3.79074,-20.2083,-7.42036,-11.8343,-3.22831,-9.1057,1.06838,-4.15225,-12.3624,-4.95307,-0.989173,-12.002,-0.873016,0.947501,2.4473,-2.2148,82.472,-934.52,-375.76,6020,-3220,4620
10.8417,2.0572,1.77691,11.7044,12.415,-1.39756,13.2244,5.17609,4.75888,6.2803,-1.51538,0.836268,-0.513641,-0.980781,19.2528,4.61982,78.568,-933.544,-376.736,6020,-3220,4620
17.512,25.5741,-9.24513,31.568,14.2668,-20.6526,10.4536,0.632336,20.3209,-1.62308,-14.348,9.72315,-19.9433,-33.666,21.0695,-7.64582,72.712,-928.664,-371.856,5740,-4480,4340
21.6461,33.2824,-0.503509,28.7582,2.3139,-19.7981,11.4232,6.37256,30.5846,3.45753,0.480555,18.5212,-10.4712,-3.03445,16.9913,0.636634,76.616,-934.032,-374.296,5740,-4480,4340
20.2207,36.2809,13.8861,23.1888,4.28394,8.37457,18.1664,13.3051,34.3605,12.8227,22.6398,21.6255,14.0016,29.7673,25.464,16.2111,78.08,-933.056,-374.784,4200,-6860,4060
-0.599975,14.9643,7.88468,5.2499,12.3907,19.7811,15.579,10.8069,6.4468,8.64623,24.1649,4.7249,18.5023,13.1669,14.9518,13.0289,74.664,-935.496,-371.368,4200,-6860,3500
-12.1352,-2.22479,0.0174947,-5.35622,-0.425202,4.94877,0.570419,-5.13224,-7.24031,1.40476,12.3308,-10.6259,6.90721,3.89035,-5.45591,-1.28152,72.712,-931.592,-369.904,3920,-7000,2800
-6.47182,-6.93951,5.64073,-7.52775,-5.29725,3.99136,-1.7395,-4.69573,-7.7601,6.41718,11.6759,-8.14609,7.85054,13.9846,-7.02582,-0.399156,73.2,-929.152,-367.464,4620,-7980,2240
-2.39731,-12.1158,9.21614,-13.1193,2.26889,14.1161,-0.412993,2.42634,-10.5538,10.5362,9.47581,-2.25707,8.64648,10.2876,-8.03173,2.04903,79.544,-927.688,-367.464,4480,-9100,1820
-13.9339,-28.4233,-12.1714,-23.7257,-9.02675,-5.03114,-16.3653,-10.0134,-25.201,-6.7149,-11.6243,-14.1792,-13.0439,-24.3879,-22.2463,-17.5282,85.888,-930.616,-367.464,4200,-9240,1400
-12.0266,-11.7862,-14.8007,-8.81939,-17.0378,-15.5208,-19.434,-11.5962,-16.2853,-9.5445,-15.9895,-11.0973,-15.4248,-24.5334,-19.5203,-20.2083,78.568,-926.224,-366,2940,-7980,980
-0.62658,-3.65072,-4.41302,-1.19342,-9.95315,-3.51605,-2.41611,-2.7101,-6.96482,-2.32344,-12.3987,-1.49371,-8.29212,-4.79164,0.0113383,-1.85626,82.472,-925.248,-367.464,2940,-6720,700
2.03334,6.74011,-4.43142,3.37843,-3.45473,-8.23278,-4.32354,-10.7322,0.614053,-5.11912,-8.6884,0.370467,-7.46123,-8.32777,0.0257813,-6.26378,84.912,-924.272,-367.952,3640,-6580,700
13.6496,24.566,6.95998,20.4019,12.2499,0.731437,6.37366,3.81776,16.0498,7.11334,-3.67502,13.8898,-2.51329,4.99359,14.7379,10.3383,85.4,-923.296,-366.488,3360,-7280,420
11.3893,3.35021,3.76025,1.65647,2.58152,1.67107,0.277887,4.59381,6.58435,3.32301,-3.62413,5.26597,-0.127026,2.64087,3.93387,10.2123,75.64,-920.856,-370.88,2940,-7140,280
2.7985,-8.70009,-0.683706,-9.3701,-1.69413,3.39586,-5.38203,3.11391,-9.22964,-10.3383,-4.58241,-3.69981,2.94658,1.19448,-7.64694,1.69009,82.472,-924.76,-361.608,2660,-7840,0
-3.00114,-0.747218,-1.09244,-5.06834,-1.06477,10.6306,-3.06824,5.061,-5.91045,-14.5619,2.45845,-5.22858,10.1245,7.37588,-8.33094,3.77316,89.304,-927.688,-356.728,1680,-8260,-140
-9.64962,-2.29178,0.74848,-3.41766,-0.765026,9.27026,-0.388004,2.73463,-8.50089,-8.71328,5.79709,-6.702,12.5211,8.14665,-4.42716,2.20391,88.816,-926.712,-343.552,-560,-7280,-1540
-5.44906,-13.027,7.63458,-9.91553,5.26485,7.40615,6.26859,3.41613,-12.8145,0.944592,8.95329,-3.26559,14.7599,13.5098,-2.81433,3.60786,91.744,-922.808,-337.208,-1960,-5460,-2660
5.30393,-12.6833,8.98272,-7.14283,7.55064,-2.03929,3.71116,-5.10096,-5.53445,7.02596,8.79239,3.78119,11.1404,6.87906,-2.82974,-7.92003,93.696,-923.784,-327.936,-3360,-2520,-4200
7.92429,-6.48929,5.83718,2.03166,6.66351,2.89267,5.31279,3.91372,0.807896,8.14832,2.72802,7.28202,3.90791,-0.00360238,6.87602,-8.05982,100.528,-913.536,-331.352,-5040,-280,-5600
4.45239,2.50566,2.19713,3.81805,-1.85756,1.17768,-0.474677,4.07684,13.4088,4.91226,-0.925017,6.95744,-0.464532,-2.81078,1.0961,-5.36914,106.872,-908.656,-349.896,-6160,1680,-6580
2.49837,12.5208,1.85173,9.31029,1.71817,-0.576597,1.434,2.60834,23.7917,3.62784,-3.22328,9.9532,-2.64415,0.430962,4.89108,-1.27531,105.896,-891.088,-362.096,-7420,3500,-7140
9.88204,21.2031,8.86111,21.532,14.2874,4.12216,14.289,11.2281,26.2717,12.9504,2.21624,18.8531,-0.319443,10.7894,20.9058,10.9734,110.288,-880.84,-382.592,-7280,4200,-7420
9.56422,15.0848,6.46855,17.2088,13.2698,4.33192,16.3718,12.1836,23.4407,11.5701,-1.43402,15.4735,-3.92567,10.1645,22.5263,12.0115,110.288,-871.568,-397.232,-6300,3920,-6440
-1.57839,4.11829,-4.7222,3.03266,0.612783,-1.08395,6.58014,4.54383,20.8601,2.47705,-3.13195,2.3348,-5.61803,-1.99436,10.3768,2.44324,116.632,-872.056,-416.752,-5040,1960,-5600
-8.20715,-1.92533,-5.65315,-0.737633,-3.87798,-1.0368,3.05354,2.23527,11.296,1.45013,3.19539,-4.30461,-0.963128,-3.97874,4.98626,-2.0027,118.096,-876.448,-423.584,-3360,560,-4620
-11.934,-1.21287,-6.82653,-5.424,-8.83689,-6.27451,-7.57535,-7.27031,5.65723,-2.04331,1.26662,-8.62343,-3.20309,-5.85616,-7.63941,-10.2576,119.072,-887.184,-432.368,-140,-1680,-2940
-6.92963,5.78559,0.838667,-0.278963,-0.830029,-3.53783,-6.81572,-7.50298,2.52875,5.73569,4.36273,-0.218676,0.377207,-0.59179,-8.54358,-7.45504,124.928,-895.968,-434.32,2800,-3360,-1260
-8.58556,-3.18022,-0.898559,0.498042,-1.11531,-4.25985,-3.01111,-6.69243,-9.68369,3.76575,0.511639,-3.71632,-2.99344,-3.58297,-3.23927,0.426844,125.904,-900.36,-426.512,7560,-4760,980
-9.82862,-7.62458,-1.96533,-0.607501,-3.93018,-4.15659,-3.00319,-3.22528,-15.0569,2.76527,-0.0885668,-5.46419,-3.65943,-5.25849,-1.19742,5.35028,122.976,-905.728,-418.704,12740,-4620,2800
-8.91926,-8.08012,-3.84823,-4.13299,-7.77401,-4.19303,-5.2644,-2.92592,-15.0153,-2.6401,-0.278364,-9.30926,-3.43794,-5.98478,-1.27974,8.18391,115.656,-911.096,-409.432,17920,-4200,4340
-16.0348,-19.4731,-11.5421,-18.9999,-18.3199,-9.85436,-13.5723,-9.53527,-23.9588,-11.3419,-6.39312,-20.213,-7.28227,-11.3468,-12.8877,2.56426,113.216,-914.512,-396.744,23660,-3500,6580
-11.5817,-5.26767,-8.79153,-10.3946,-12.8758,-7.95168,-16.1775,-11.6767,-21.1769,-12.6183,-7.30115,-13.7507,-6.46133,-10.1123,-20.561,-0.301693,105.896,-920.856,-386.008,27580,-3500,7700
-0.572021,5.80608,-0.623157,-2.32323,-0.111949,-0.816784,-8.90492,-7.03334,-21.2457,-11.0515,-5.45505,-1.47867,-2.10519,1.4682,-19.9223,4.7764,98.576,-921.344,-371.856,30660,-1680,8540
-4.18875,-13.9882,-4.31079,-14.3356,-3.04347,0.00657061,-5.85963,-5.68774,-36.9453,-17.7365,-5.77955,-8.92102,-3.09065,0.577152,-14.585,4.94827,95.16,-925.248,-364.048,32620,0,8960
0.910474,-13.6814,-5.86629,-9.61654,-1.54877,-2.43057,-3.56077,-5.77862,-26.9817,-15.9671,-2.66814,-9.36569,-4.14044,-4.10572,-4.30192,5.34731,96.136,-930.128,-356.728,33460,1820,8820
11.0779,1.20845,-5.54393,1.09846,-0.866017,-5.13551,-2.50701,-4.05676,1.36448,-11.0105,-4.24972,-3.54868,-7.62177,-6.58812,1.31124,4.32564,92.72,-936.96,-343.064,32760,3500,8260
16.6941,8.41842,1.56503,15.1016,7.561,1.43775,10.1267,7.02037,7.86937,1.21958,2.81902,6.44974,-1.93707,0.303105,19.7083,17.1982,85.888,-943.304,-331.352,31640,5600,7420
8.16105,5.82813,-0.446442,5.87438,0.740366,-0.631842,2.92368,3.88777,9.63544,4.69165,1.34533,4.30733,-0.552511,-4.88344,9.47727,4.11628,80.52,-955.504,-328.424,29680,7140,5880
9.16047,3.31942,-1.47036,-1.75956,-5.43717,-0.551416,-4.0117,0.803333,22.575,7.39719,4.83335,3.45012,2.36777,-16.4242,-2.61565,-8.26576,89.304,-954.528,-330.376,26880,7000,4760
10.1754,8.23491,2.26795,6.88594,-2.56245,-3.72969,1.32851,2.09957,16.5859,5.05597,6.89562,5.09556,5.36939,-6.4401,4.14833,-1.72185,80.52,-955.016,-335.744,24360,8540,3640
7.432,3.41547,4.8053,2.56375,2.29205,-1.48162,8.39746,4.7989,4.32931,-0.915687,1.44017,2.21125,4.50609,6.03968,11.025,-0.808523,93.696,-955.016,-346.48,21700,9240,2380
15.3651,0.352204,8.40075,0.640687,9.76041,10.7888,11.6387,10.2689,6.21721,6.48589,-4.76976,8.5707,3.3739,7.4233,10.2439,-0.309723,101.504,-965.264,-348.92,19040,8120,1960
11.0257,1.22423,2.91049,2.04753,3.89342,8.76852,5.74082,9.24286,5.98566,1.90893,-5.28406,6.92933,0.181113,6.0009,2.10713,-0.363234,96.624,-966.728,-345.016,14420,8120,980
-4.55946,-0.976222,0.545564,-1.14145,1.78624,6.42395,3.66589,7.36362,1.76582,0.299193,6.71866,1.64673,6.45479,9.84362,-0.227376,2.8227,90.28,-958.92,-343.064,12040,7420,-140
-5.21141,9.66608,6.94734,2.95377,8.38641,11.635,7.31013,7.64026,14.032,10.3501,14.6292,4.20073,12.2913,15.2195,1.9121,-3.30237,91.744,-954.04,-346.48,12460,4900,-140
-2.53176,4.25481,11.3592,5.95526,12.3789,15.57,10.1564,7.05603,7.75506,11.0566,11.3866,5.51134,12.4945,18.247,4.32055,-13.5798,88.328,-950.136,-349.408,13020,280,560
9.90864,10.1124,14.5236,10.8952,15.2571,11.7407,7.8602,3.78859,10.1105,13.122,9.63767,14.0415,12.9918,20.6221,-1.44718,-15.3603,92.72,-942.816,-360.632,12880,-2240,1260
8.42477,2.12184,10.4881,1.55153,12.1214,7.16564,4.47235,2.091,6.62935,10.3411,-0.762214,10.811,8.15513,14.1232,-5.36213,-15.1333,94.672,-942.328,-363.072,11760,-4760,1680
-1.57307,-7.72943,4.69798,-7.60398,5.29141,6.46879,0.885496,1.49413,0.164248,1.61645,-10.9419,2.96491,3.28183,7.57395,-6.06422,-17.2035,98.088,-943.304,-375.76,9100,-4900,1540
-6.90643,-0.491178,4.70833,-1.55446,1.66524,7.70588,-2.038,-0.41409,5.10534,2.25207,-2.78982,3.62737,6.98832,11.9322,-5.11861,-28.0663,89.304,-936.472,-372.344,7140,-3920,1120
-23.9712,-7.8816,-3.90964,-8.03953,-9.36976,-3.47474,-13.3898,-12.5129,-3.86249,-0.981879,-2.60678,-7.49411,0.00950529,0.222592,-11.2852,-39.0709,86.376,-932.08,-367.464,5460,-1120,980
-27.0949,-8.39019,-5.99588,-5.18747,-7.05994,-8.13328,-10.8086,-13.0906,-8.68337,2.5037,-2.872,-8.20372,-3.84442,-8.8575,-7.07859,-40.7396,78.568,-936.472,-368.44,6020,-700,1540
-31.8619,-23.6898,-15.5095,-14.2038,-19.5021,-18.032,-20.9538,-19.6789,-23.1053,-6.42143,-9.20394,-19.7266,-12.4878,-26.5183,-14.5393,-45.0963,72.712,-928.664,-367.952,6020,-280,2380
-20.0959,-23.8297,-18.6702,-18.7886,-24.1061,-22.3209,-22.2745,-16.2257,-22.345,-12.307,-9.12771,-20.059,-15.3585,-31.5241,-15.8644,-34.0893,71.736,-922.32,-371.368,6440,1400,3080
4.05204,4.08534,-12.4545,2.01239,-15.672,-19.5861,-7.25921,-3.34586,1.11306,-9.44335,-14.8333,-4.1387,-19.549,-19.3771,3.72286,3.3078,66.856,-914.512,-368.928,7560,2380,3640
21.4099,18.6659,-2.7663,11.1355,-0.66851,-9.3731,8.113,7.29155,18.8887,-5.80525,-17.1413,11.3927,-21.389,0.684046,16.4023,35.8829,74.664,-913.536,-372.832,8260,3220,3780
21.4577,24.8495,-1.57295,18.5722,12.6106,-2.25644,17.088,9.47356,24.8831,-5.60524,-8.18224,16.4643,-12.2861,8.19523,24.7624,52.7833,68.808,-911.096,-371.856,9520,3500,3780
4.35832,12.0318,-15.3892,12.2648,2.08799,-8.9573,7.60581,0.83077,11.1976,-13.1805,1.55208,-3.24417,-11.752,-24.2773,17.9384,68.155,68.808,-913.048,-377.224,9940,4200,3780
-0.779204,6.60266,-12.7993,12.7561,-2.78638,-16.2908,3.01837,0.353011,5.61707,-5.26866,11.4069,-8.43962,-8.52466,-30.1658,16.0636,80.3223,73.688,-908.656,-368.928,10920,6160,3640
24.0365,26.1268,18.3555,29.7013,9.01736,4.63476,18.3006,20.1199,20.9467,24.8597,34.3002,16.1031,14.673,9.01708,32.4643,88.6646,67.344,-918.904,-369.416,11480,6440,3640
19.4828,2.8873,17.6997,-0.312474,-1.06382,10.5458,8.1026,12.433,-0.474815,16.7128,26.8674,5.87198,16.6617,12.5949,9.28791,49.2412,78.08,-916.952,-371.856,12880,6160,3500
15.1457,0.183306,16.8776,-10.2361,4.82842,15.1323,1.02007,5.23814,-5.84311,6.07793,10.6128,5.56092,14.9977,25.903,-9.1115,28.6874,78.08,-915.976,-363.56,13720,6020,3220
9.68785,-1.58122,11.9291,-11.2471,8.48145,16.3467,-1.40661,0.943469,-8.4175,-1.14546,-0.317349,4.00019,9.72445,27.0274,-14.6433,1.26471,81.496,-898.408,-378.2,13440,5320,3220
-7.41341,-13.9124,1.3875,-12.4385,7.94691,16.2196,1.35943,-0.0787635,-25.2852,-8.28437,-2.89819,-6.50984,10.8246,17.1332,-10.1856,-21.39,93.696,-911.584,-367.952,14140,4760,3080
-25.6694,-26.7206,-8.87163,-15.564,-0.112016,11.5167,-4.46936,-4.70498,-38.5686,-17.5013,-8.73426,-20.619,6.46292,2.74333,-15.2483,-34.9394,88.816,-912.072,-346.968,13720,5040,2800
-23.9586,-24.0987,-8.46883,-15.16,-6.31333,-0.248222,-10.6211,-11.2399,-27.9829,-10.5099,-10.6286,-18.9975,-1.82024,-4.34807,-19.1036,-21.5558,93.208,-923.784,-357.216,14280,2660,2100
-11.244,-10.2648,-1.59436,-8.31072,-2.56749,0.82928,-10.008,-9.23864,-11.7044,1.52475,-4.38215,-6.0594,-0.874267,-3.61915,-15.3006,-10.3895,101.992,-937.936,-371.368,15400,-560,1540
-13.376,-11.7952,-12.6382,-12.497,-9.88156,-10.3466,-15.3724,-14.1367,-16.1191,-8.00344,-10.5344,-11.5206,-7.90052,-22.4133,-19.6515,-23.1755,102.48,-923.784,-371.368,11760,-1260,280
-3.36187,0.318666,-6.51586,-1.82151,-4.70042,-12.0491,-6.02587,-6.10244,-3.15769,-0.481353,-10.5838,-0.729547,-7.01679,-16.0316,-7.4666,-4.12566,107.848,-928.664,-351.848,10640,-420,-560
10.0277,15.257,4.578,12.9856,5.88256,-9.81223,10.3193,2.47823,15.4606,9.32051,-2.41645,12.6844,0.126645,1.08122,8.85653,-14.4641,109.312,-929.152,-364.536,10220,-560,-560
12.2148,15.5097,9.02744,12.7579,11.141,0.432152,11.7173,4.09032,19.557,9.58587,4.13204,15.1204,5.28786,5.73066,9.40418,-40.6732,104.92,-928.664,-355.752,12180,-2100,-700
4.87801,8.91938,6.90594,7.38182,6.59874,14.4854,5.22969,9.71841,14.0537,3.71403,2.78329,8.39257,4.34762,9.79343,4.25991,-35.8894,100.04,-931.592,-356.24,11060,-1680,-840
-2.78182,-1.63101,-0.626672,0.142499,-1.31569,9.73646,0.322563,5.63086,3.38208,-4.01276,-0.724601,-1.374,-1.29904,3.24918,-0.4917,-29.6463,98.088,-930.128,-360.144,12600,-3780,-1120
-0.882579,-4.34918,-4.24688,-1.81604,-4.20666,-4.00593,-5.62854,-4.34774,2.96526,-5.88198,-2.8273,-3.24615,-6.06418,-9.30522,-3.33269,-33.2725,105.896,-932.568,-356.728,11480,-5180,-1120
14.9706,11.4728,6.89195,14.2834,4.83394,0.489833,7.2637,4.82789,18.2185,5.51482,5.67618,11.815,2.7539,11.2869,12.9799,-11.7179,102.968,-934.032,-352.824,9660,-5180,-1120
11.2849,8.3035,0.181846,8.66491,-0.687905,0.361397,3.55759,1.27354,17.7292,2.4781,2.72038,7.1322,0.575391,-1.07068,11.3381,-8.30261,107.848,-936.472,-358.68,7420,-4900,-1260
4.55294,5.35332,0.513019,4.96003,0.927894,-1.56366,4.06102,1.88054,10.4538,4.52924,4.02992,5.18205,2.61347,-2.31207,10.8736,0.420138,111.752,-935.496,-356.728,7000,-5180,-1260
-9.11441,-7.13798,-4.7677,-6.23522,-6.20263,-14.0196,-5.46397,-5.38497,-3.97965,-0.931194,-1.69822,-4.60294,-3.53901,-7.77528,-2.4147,-1.44388,111.752,-931.592,-353.8,4760,-3920,-1400
-7.99882,-5.25609,-3.14633,-3.4536,-5.0146,-8.96168,-3.89924,-1.81568,-1.94452,3.75111,0.308923,-2.05131,-1.55005,-8.56778,-2.00092,6.44307,114.68,-931.104,-353.312,3920,-2380,-1400
-3.59154,-3.52797,0.36689,-0.958392,-5.95977,-2.08813,-3.75743,1.06326,1.40336,5.37838,-5.34464,0.777447,-3.62416,3.73729,-1.31737,13.8652,112.24,-932.568,-350.872,4200,-2520,-1540
3.16245,1.16913,-0.305098,-4.03972,-3.00966,0.968044,-3.98926,1.81414,8.91004,4.3541,1.56101,3.14532,-2.95794,2.31041,-2.07137,14.0973,109.8,-931.104,-347.944,3220,-3080,-980
-3.90431,-3.20796,-4.53116,-8.69683,-3.13361,1.33804,-5.12974,-2.1748,2.95807,-2.13716,9.33251,-3.72371,2.46187,-7.35616,-6.41596,9.59028,110.776,-927.2,-346.968,3220,-3220,-840
-13.9861,-12.9217,-3.77624,-14.0847,-10.9478,-2.05388,-9.14625,-5.20093,-8.83009,-6.27073,2.40256,-14.9162,1.51763,-0.538776,-12.6594,6.28323,112.728,-923.784,-348.432,3500,-3640,-700
-4.73951,-12.8103,6.57333,-11.5832,-3.72703,5.82498,-3.64662,1.26377,-10.8683,-0.695231,-1.12777,-7.73701,3.92639,18.2496,-7.61332,15.0293,114.68,-927.688,-351.848,3080,-3780,-840
10.058,-0.120393,13.848,0.343071,18.5214,20.1106,11.9843,13.7678,-3.0453,1.30487,-6.88994,8.85475,6.15238,28.1026,2.49193,27.4599,115.656,-933.544,-351.36,1540,-3220,-700
15.4397,15.6549,9.02334,10.4481,20.9742,18.306,13.5546,10.758,13.6055,0.0131359,-2.19978,15.5335,4.49758,14.4658,7.84155,20.7578,112.728,-932.568,-351.36,-420,-1260,-980
0.471449,11.6904,0.327366,11.5481,7.08601,7.46221,4.61971,0.937252,6.5708,-4.30393,8.44137,3.96213,7.14091,-3.85166,6.82833,9.14133,103.944,-936.472,-354.776,-1260,280,-1120
-20.4069,-6.94089,-14.4936,-0.852707,-10.4682,-17.0163,-9.37874,-13.1372,-15.4918,-15.14,-5.38366,-17.9274,-9.82635,-24.734,-1.23895,-4.76532,111.264,-937.448,-354.776,-1960,1260,-700
-8.39657,-3.72856,-12.0149,0.28395,-10.8984,-22.1191,-5.36605,-9.42081,-13.174,-4.88944,-10.0533,-11.734,-14.1523,-21.4958,1.63781,-2.25384,107.848,-938.912,-356.728,-2940,2940,-420
18.7237,14.1393,5.4016,11.815,3.55211,-2.61459,8.33971,2.91652,7.2776,13.4878,-5.37143,11.5264,-7.78514,1.45139,12.0294,10.1966,101.992,-935.008,-353.8,-3920,4620,-140
17.7811,15.73,-0.28964,8.23246,4.68956,-1.10167,4.51584,0.11513,12.9488,4.81158,2.6883,12.2356,-5.69589,-5.46299,8.542,1.71011,95.16,-935.984,-354.776,-4060,6300,420
2.27111,12.1439,-2.29529,10.0858,3.00674,1.533,10.5837,5.67786,8.28632,0.820485,14.5487,2.43858,4.95866,1.55764,10.1422,6.07001,93.208,-934.032,-356.24,-3920,6440,840
-10.6888,-4.28433,-2.63052,-3.36238,-6.0598,-3.68532,0.207812,-3.8481,-8.87914,1.71198,10.2124,-13.6701,2.34134,-4.50782,-2.28343,-3.88108,94.672,-934.52,-353.312,-4760,7140,1400
-8.10066,-12.4973,-5.07895,-5.35703,-6.68377,-5.85852,-5.97023,-6.8411,-21.4867,-0.415661,-2.08275,-12.8505,-3.90859,-19.9942,-6.90238,-13.1023,90.768,-929.64,-353.8,-5460,7980,1820
8.81912,-3.95359,0.848609,2.89453,-8.86741,-6.08476,-2.40621,-0.40131,-9.29487,1.2671,-13.3648,2.50701,-9.55477,-5.44544,-0.801442,-5.68732,91.744,-929.64,-358.192,-5880,8960,1680
21.2155,10.2168,13.5887,0.582769,4.24409,-5.78052,7.06678,6.34567,10.6138,7.10061,-2.08519,18.4185,1.99583,29.4432,3.26587,10.4699,90.28,-924.76,-358.192,-6440,9520,1960
9.16337,4.94967,17.4213,-10.5879,18.9434,15.3475,6.63023,4.21974,5.22084,3.36989,16.4819,14.0147,23.1319,44.5915,-3.27832,10.4483,89.304,-927.688,-358.68,-7140,10220,1960
-15.3222,-11.4607,4.56307,-11.5698,17.4559,29.7831,-4.61467,-0.300417,-13.4266,-8.28916,9.35031,-6.03539,17.897,21.1061,-11.912,-0.855072,87.84,-926.224,-359.168,-7700,10920,1540
-26.8234,-19.8439,-20.3586,0.535166,-2.6635,3.85481,-12.357,-7.24441,-23.4144,-16.2353,-12.1198,-20.6491,-13.6138,-32.7946,-9.64066,-17.5526,86.864,-928.176,-360.632,-7980,11340,1540
-8.13344,-8.28045,-16.0099,12.267,-14.6008,-12.7418,-6.38284,-1.02931,-12.7009,-2.28786,-11.36,-9.08675,-13.0156,-43.1771,3.04984,-19.0813,86.376,-928.176,-365.512,-8680,11900,1260
5.43274,3.17418,-5.03743,-0.0919385,-17.6522,-20.5634,-4.90634,7.21854,5.39694,4.80757,-6.55146,1.58332,-4.85656,-19.4682,0.422146,-7.42638,85.4,-926.712,-360.632,-9240,12880,700
16.8966,14.3397,21.7657,-4.84217,0.554672,9.83636,10.714,21.2728,24.6667,14.5733,13.4526,18.2874,21.0233,47.708,5.11804,20.0672,81.008,-929.64,-362.584,-9240,13580,140
2.40553,0.755093,19.9079,-9.65386,22.1243,33.9253,13.0908,8.46454,13.9697,4.8542,7.17817,9.34407,21.3662,46.3533,-0.816232,19.4089,77.104,-932.08,-365.024,-9240,13860,-140
-22.9819,-19.8111,-18.8126,-12.4587,6.58973,0.333605,-8.14503,-24.7402,-12.0141,-17.6231,-12.9788,-16.5885,-9.78141,-39.5787,-12.9888,-21.4037,75.152,-931.592,-363.56,-9240,13300,-560
-26.4798,-20.2972,-27.7806,0.466865,-29.1161,-34.5979,-20.2885,-26.5378,-17.8418,-19.7268,-11.6526,-23.8179,-18.1576,-54.1954,-11.8633,-34.9484,68.808,-935.984,-368.44,-9240,13580,-840
-3.11222,1.37133,-0.79956,3.71572,-28.7472,-21.5476,-13.4564,-5.95276,-0.426109,3.85864,8.68279,-3.06623,-0.995492,-2.55541,-2.75567,-9.45548,67.832,-931.104,-373.32,-8680,14000,-1540
8.00599,6.88947,8.78584,-9.293,-3.65195,-3.94017,-5.65276,1.95323,4.19792,15.5598,15.6791,6.80357,4.83348,4.35998,0.311929,-0.188554,66.856,-930.128,-374.784,-8120,13720,-2100
9.77443,0.0587153,13.1894,-11.3917,9.26583,6.54011,2.14838,6.4067,2.418,14.6546,2.13891,8.37734,4.79431,18.3383,-1.23422,7.20784,61.488,-930.616,-375.272,-7420,13720,-2800
21.3361,11.0741,23.2143,7.08242,21.4023,24.1824,14.2237,11.5322,16.5575,14.5702,-8.82306,20.0768,5.64678,41.546,7.55766,18.5122,55.632,-928.176,-369.416,-7000,13020,-3780
6.04554,1.12843,1.6578,0.41636,14.7906,21.5236,5.46622,6.16986,6.91028,-6.98861,-15.991,7.23145,-4.02811,11.1067,-1.94272,6.95614,52.704,-929.64,-372.832,-6440,12600,-4620
-20.1065,-11.8965,-23.5167,-7.01981,-6.65775,-5.85302,-9.24923,-6.68096,-8.87932,-27.6189,-25.7281,-15.5101,-23.1829,-21.348,-12.7406,-10.1643,57.584,-934.032,-374.784,-4900,10780,-5600
-1.38279,10.838,-8.49569,11.3889,0.684422,-4.11704,5.17282,8.67387,9.72471,-6.80401,-10.4421,0.754083,-17.2534,-6.57473,5.02902,5.23882,53.68,-930.616,-375.76,-4620,9800,-6580
16.9674,25.1932,-2.37975,25.0573,11.1624,-6.91654,16.684,4.82657,25.7517,5.28212,9.60388,14.2397,-4.24451,-12.9947,22.4615,10.1117,53.68,-930.128,-373.808,-2940,9660,-7700
0.171349,18.6001,-29.7153,25.4095,-2.03616,-52.6891,3.87965,-25.3201,15.9679,-9.27621,9.81621,-6.11745,-18.8525,-72.5451,19.7573,-20.1509,55.632,-928.176,-375.272,-1540,8120,-8400
-0.776624,8.1113,-7.59995,14.1106,-26.277,-32.3046,-1.0526,-3.62276,9.33887,3.49829,18.2292,-12.7721,3.45106,-13.7784,11.9502,-3.82765,56.608,-926.712,-380.152,-140,6160,-8960
4.94061,-11.5445,29.8242,-19.2166,-17.6766,24.9973,-0.782276,20.1992,-5.8963,16.3353,32.2283,-8.92927,38.789,66.8666,-1.98317,23.3591,66.856,-929.152,-377.224,-420,4620,-9940
-0.76385,-30.1701,34.8685,-45.5299,13.8076,54.9586,-4.26239,9.70518,-25.8025,9.5743,28.9945,-2.63491,44.1825,73.1422,-21.2812,15.5416,67.344,-929.64,-378.2,-280,4200,-10640
-5.67459,-19.2492,17.6694,-10.109,31.2949,38.1536,-0.0271493,-6.28422,-26.7089,2.6829,0.259305,6.08739,12.0393,28.0917,-12.7437,-0.174984,74.176,-931.104,-372.832,280,3920,-11480
12.0425,17.2951,0.86603,38.6486,29.7858,2.76821,12.5059,-1.26383,-4.60173,7.24813,-22.7639,21.58,-19.1011,-20.4252,19.0822,-2.8599,76.128,-928.176,-370.392,700,3780,-11760
30.4018,32.4829,-2.63034,38.832,4.87528,-19.5845,11.2308,5.69709,22.138,8.5316,-13.9682,25.1976,-15.6053,-9.54932,24.5789,5.43318,76.128,-931.104,-361.12,980,3080,-11900
26.3063,25.9769,3.56027,9.14297,-1.95222,-2.82943,7.73722,10.9159,30.8676,7.022,-3.90252,17.4297,-2.03753,9.68061,9.71141,12.9482,80.52,-929.152,-363.072,2240,1120,-11900
0.060101,3.14573,-17.2424,-5.72077,-1.57792,-0.574448,-1.06863,0.987876,13.45,-7.38062,-18.8222,-4.91083,-16.0686,-45.563,-3.49407,-9.97352,84.424,-931.104,-364.536,3220,-560,-11620
-18.7364,-12.1585,-24.1334,-0.10857,-26.0728,-22.2894,-12.7636,-9.22095,-8.59596,-21.0022,-17.039,-18.9116,-11.9771,-34.3961,-6.31374,-19.1149,92.72,-931.104,-363.072,3920,-1960,-11480
-14.5976,-10.8957,-0.422115,-12.3943,-24.1873,-1.32082,-9.11241,0.280129,-5.6724,-8.48984,6.94143,-12.5803,11.2614,17.6483,-9.26744,0.588785,99.552,-936.472,-367.464,3920,-2240,-11060
-25.6932,-15.9108,-16.7179,-24.1414,1.50444,-16.3906,-7.64056,-10.4268,-14.8793,-10.453,3.10292,-16.9899,-13.3113,-36.6639,-13.2427,-12.0332,102.968,-935.496,-364.536,3500,-2520,-11060
-38.8093,-26.8193,-36.7031,-10.9538,-20.1549,-44.6535,-19.1038,-23.3994,-34.7625,-22.8624,-9.35148,-28.9579,-30.4769,-61.2745,-14.4165,-30.5658,105.408,-936.472,-361.608,3500,-2520,-10500
-7.72895,-4.28577,-2.93604,4.57986,-24.3096,-15.744,-7.1006,-3.69629,-14.0501,6.94244,10.3619,-6.29436,1.75735,-2.26146,2.15848,-8.91063,108.336,-935.496,-361.12,2940,-2800,-10360
9.54222,-0.0268915,19.5579,-15.1273,-6.04366,23.7013,-0.0574094,8.93162,2.83558,20.6805,13.547,6.02962,19.328,27.7258,-1.27258,6.95245,114.68,-933.056,-356.728,2520,-2940,-9800
-2.0923,-13.336,13.4897,-25.3191,2.60051,25.9303,-4.27896,6.34162,-7.19096,7.82798,3.5168,-0.0432745,19.0029,24.5092,-17.9584,7.55883,112.728,-932.568,-354.776,2240,-2660,-9240
-5.86722,-11.4477,17.0141,-16.714,11.5726,17.2726,2.50625,5.09162,-12.3386,2.43186,2.91116,1.64626,17.9454,46.4788,-17.0798,15.1869,115.168,-934.032,-352.336,1960,-2660,-8680
3.51856,-4.22718,26.4422,-8.83947,26.3178,32.8201,10.8993,14.2923,-1.25532,8.48576,13.9874,9.6362,22.8477,54.0657,-7.74424,23.5386,117.12,-932.08,-352.824,1960,-2380,-7840
5.15636,0.160283,26.1014,2.16475,32.7666,30.0828,14.5354,12.9897,-0.0497436,9.1951,12.2451,12.7823,19.5722,49.2699,2.9612,23.9234,120.048,-935.984,-354.288,1820,-2660,-7560
8.44721,8.42288,21.7721,16.4707,32.7357,25.7049,15.2527,6.83597,0.525526,7.74671,2.74438,15.8124,15.3984,35.5048,9.74403,15.5087,121.512,-937.448,-356.24,280,-2240,-6720
13.1217,15.802,16.2359,22.6396,23.1007,27.4865,11.9975,5.82682,5.6139,5.99047,-22.1773,18.4459,3.37336,16.1346,13.2361,8.12444,118.584,-937.448,-350.872,-560,-980,-6300
12.6912,13.4294,-4.94921,14.5577,5.13599,2.93157,3.46629,2.56739,9.97581,-7.35865,-30.2699,9.00946,-18.5952,-13.2422,8.44555,-0.402709,119.56,-934.52,-351.36,-1540,0,-6020
-4.74468,1.03543,-30.3002,-3.40772,-21.1305,-25.883,-15.5083,-12.3101,5.93766,-28.8396,-8.08624,-11.6601,-21.1708,-38.363,-6.55754,-17.9712,117.12,-937.936,-347.944,-1960,420,-5600
-24.3431,-7.34609,-35.6393,-6.72702,-26.7127,-31.9637,-14.6384,-13.1961,-3.14227,-27.1177,5.63752,-27.0749,-21.141,-42.7689,-4.77622,-16.3539,119.072,-935.496,-345.016,-3080,1540,-5460
-25.7328,-9.57567,-30.6288,3.40871,-26.8774,-25.903,-9.08617,-9.7289,-14.1915,-15.1537,7.24809,-30.9616,-19.2159,-45.7999,6.33275,-12.2514,117.608,-931.592,-343.552,-4900,4060,-5460
-0.238764,-3.98775,-9.50612,4.58889,-14.6875,-33.5279,-5.22636,-16.3808,-8.7096,7.92776,6.4132,-11.8714,-9.25169,-33.535,7.17024,-13.498,113.216,-931.592,-342.576,-6300,6300,-5600
32.3428,15.8723,1.38181,16.8656,4.84638,-39.9652,2.32796,-23.2047,16.7996,23.4317,-13.4573,17.3155,-18.3519,-43.23,12.6674,-20.9847,109.8,-930.616,-341.6,-7280,7700,-5600
39.0552,31.9655,-19.5706,32.9586,-9.56684,-39.4311,-6.44236,-21.5931,38.6832,3.68498,-24.2221,25.4209,-32.2577,-65.4025,14.6577,-29.4786,110.288,-933.544,-345.504,-9100,9940,-5880
32.7954,46.2661,-15.9603,28.4715,-24.9288,-33.3092,-2.75226,6.91036,56.5453,1.28082,3.39385,20.08,-14.9412,-30.7918,20.9884,-6.44742,104.92,-936.472,-344.528,-10920,11200,-5880
12.9256,31.2438,10.4054,5.2581,-15.791,8.47841,13.8954,25.6374,47.2677,13.6688,36.8144,4.10243,20.5606,18.7914,19.5653,21.9203,102.48,-936.472,-345.992,-13580,12460,-6300
-10.1028,-15.9556,27.6667,-26.2635,7.79318,33.8855,12.1894,19.5775,-1.74172,16.4515,35.8319,-7.07826,36.9824,58.3364,-5.08327,25.9685,97.6,-935.496,-343.552,-15120,13440,-6440
-19.7575,-41.8203,23.2172,-34.9222,14.8845,34.5463,1.68987,9.9248,-40.5999,8.73813,18.282,-11.8213,29.8251,52.0666,-23.2425,13.3956,99.064,-933.056,-348.92,-16520,13860,-6580
-17.436,-37.2849,12.1269,-26.7175,15.8267,24.5669,-3.92422,3.09018,-41.6523,-0.108692,6.04486,-10.8566,19.9147,27.1563,-24.0409,1.8629,96.624,-933.056,-356.728,-17640,13300,-6720
-16.0933,-28.7146,7.46267,-13.84,8.22446,22.3648,-5.81847,3.26747,-36.8492,-5.60994,-9.78213,-7.18317,7.95031,25.2708,-17.6374,4.75766,95.16,-935.008,-357.704,-18900,13300,-7000
-6.3005,-12.2215,-1.37107,-4.61353,8.79514,7.07445,0.361192,0.252976,-21.6092,-6.54422,-19.7607,1.65069,-11.397,2.19193,-10.4783,7.45961,91.744,-933.056,-359.656,-20860,14840,-7560
19.9463,17.8727,13.0595,14.2491,19.7257,6.59703,17.8779,9.59758,15.6836,10.1829,-15.7714,23.0813,-3.31961,27.0695,12.3274,17.0176,86.864,-932.568,-360.632,-21280,15820,-7980
25.6844,25.8957,20.9468,20.6529,24.6747,31.8803,22.329,21.895,27.7746,11.7935,-4.75597,27.8287,12.9816,39.8651,20.5345,17.8005,90.28,-931.592,-367.464,-21420,16240,-8120
-14.301,-2.77385,-14.1183,-5.32531,0.843712,9.84738,-8.97387,-5.56236,1.34264,-28.3981,-10.0247,-6.53619,-0.642196,-7.15385,-3.80659,-14.0113,88.328,-932.568,-366.976,-21560,16100,-8120
-41.6847,-20.1315,-27.1896,-15.1346,-20.4909,-7.03392,-23.7956,-16.8739,-19.7081,-33.4829,-16.4777,-30.4525,-11.2535,-31.4173,-20.6444,-25.3936,84.424,-928.176,-369.904,-21420,16100,-8120
-38.0767,-26.8184,-21.3144,-19.4731,-26.7071,-19.1059,-26.6395,-18.965,-34.7836,-21.885,-32.8448,-29.1806,-21.8926,-33.159,-24.9016,-24.5048,83.936,-923.784,-369.904,-20860,15820,-7980
-1.77393,-0.374567,0.236134,3.89402,-1.84459,-4.36644,-5.02849,-7.74489,-9.71851,-3.87364,-12.1227,4.59807,-5.30879,-0.990311,-3.14268,-3.35134,80.032,-917.44,-372.344,-20440,15260,-8260
21.9731,18.5622,19.7825,9.02924,13.515,14.9831,11.1765,8.24362,18.3883,16.4078,24.5288,20.3271,17.4182,27.9959,5.77147,17.9999,81.984,-914.512,-375.272,-20020,14840,-7980
8.59777,11.9969,18.0186,7.40305,12.8592,10.5891,18.7481,11.6701,8.26741,14.9193,30.0934,7.74651,19.6698,26.2788,15.6146,23.1407,81.496,-915,-372.832,-20440,14420,-8260
-5.03722,-0.824251,-9.83117,7.09618,0.411127,-17.7246,1.07647,-6.57903,-7.64903,3.70397,10.9003,-7.84398,-8.65664,-37.4842,7.91791,-7.64142,86.376,-921.344,-378.2,-21280,13720,-8540
-3.55046,-0.455786,-35.286,10.3498,-24.3269,-51.2736,-13.0075,-19.4201,-4.26562,-5.18877,-10.5307,-13.1015,-41.8688,-81.9824,6.54945,-28.2683,91.744,-918.904,-394.304,-21420,11900,-8680
20.7747,16.7764,-8.93028,9.29893,-22.4171,-38.2289,1.11087,-0.42692,21.9453,13.3369,0.569986,5.91429,-22.289,-23.312,15.3962,-5.96056,91.744,-914.512,-406.992,-20300,9240,-8120
24.9841,16.8649,15.5637,-0.790097,3.45288,2.19831,10.3222,10.0199,29.5876,19.5222,16.9837,17.2287,12.3079,26.1255,10.6908,10.846,100.04,-908.168,-412.848,-17920,7000,-7700
5.24446,13.0109,12.9263,9.79836,22.5459,23.3697,19.4217,11.4418,20.6466,4.3414,9.22618,9.94909,17.9593,29.7674,17.995,16.2548,100.528,-906.216,-418.704,-13160,4340,-6860
-2.17743,9.71629,10.0395,10.7669,12.2862,21.1778,5.09844,4.44467,11.1443,4.66953,5.53667,1.79626,15.2597,19.5923,7.08615,7.3134,101.016,-903.776,-422.12,-9380,2660,-6580
-14.7601,-10.2184,-1.35036,-3.872,-2.68674,1.21357,-11.7916,-9.0617,-18.2745,-5.30904,-9.50418,-9.28076,1.23737,5.4235,-13.4203,-6.0643,106.872,-904.752,-429.928,-4060,140,-5740
-5.84309,-11.2074,-1.99667,-12.618,-5.18601,1.88351,-14.9395,-7.02196,-16.8576,-3.75846,-7.23468,-4.94089,0.202324,0.813837,-21.9066,-7.35821,109.8,-911.584,-432.856,-980,-1120,-4620
-4.03498,-6.29031,-2.25626,-7.43093,-1.60305,7.53091,-3.08149,1.65839,-10.3366,-5.97018,-3.58287,-3.77269,3.10171,2.59152,-4.99575,3.44569,111.264,-911.096,-429.44,3220,-1120,-3780
-2.12574,-10.0241,-1.87994,-12.931,-4.77713,2.41172,-3.84437,-0.0820912,-4.38819,-3.38864,0.478882,-6.07509,2.41027,3.70129,-7.49499,2.00764,114.68,-911.584,-429.44,8120,-2100,-2380
-0.480835,-10.3494,1.26242,-10.2697,-0.784355,4.93915,-2.5313,-0.942223,-8.85608,0.3186,4.74175,-3.08255,4.75029,2.25631,-9.41694,0.390165,115.656,-912.56,-427,11760,-2800,-1260
0.225761,-2.43473,0.207731,1.42396,2.82096,1.07585,-2.98179,-1.85997,-11.1893,-0.749481,0.458885,0.261809,0.230883,-2.69331,-8.91147,-3.64645,112.24,-922.32,-409.92,15680,-2520,0
4.67045,1.69854,0.336115,3.84903,1.21063,-1.94027,-0.658556,1.91293,-1.43388,2.92794,3.49584,2.83658,-0.0421052,-6.06022,-5.08166,-2.49856,108.824,-932.568,-395.28,17780,-1400,560
5.73036,0.591846,0.588057,4.86034,1.61072,-1.32991,5.00892,6.35207,4.42087,1.69833,2.19421,2.18682,0.740929,-3.03437,4.11942,3.07759,103.944,-929.152,-382.592,21140,140,1120
8.3467,2.61961,1.3555,4.35695,1.61356,-2.03627,5.9612,5.09339,7.90336,-0.0678367,-1.35814,3.65192,-0.332169,-1.3418,9.50209,3.24951,105.408,-924.76,-372.344,23380,1820,1820
6.11612,2.09678,2.11226,5.17589,1.79158,-1.31271,8.8276,5.02323,5.392,-0.210722,-0.821623,2.81607,0.0906951,3.01269,15.556,5.28033,102.968,-921.344,-361.608,25060,3360,2240
3.95044,-3.34754,-2.16207,-5.7806,-6.12577,-2.08894,-5.87796,-2.54146,5.53308,-1.97461,0.45522,-2.44592,-2.70895,-2.78818,-3.3748,-6.76297,104.432,-920.856,-353.8,25900,5880,2240
-7.65746,-3.89905,-5.04738,-0.73836,-3.22497,-1.89442,-1.31468,-2.32849,-5.23087,-10.6622,-7.08617,-6.48856,-4.94889,-1.5091,1.66782,-4.16417,103.944,-925.248,-357.704,25900,7420,1960
-2.6858,2.08143,1.56488,4.58199,1.9857,3.11424,-1.32926,-2.75326,2.21072,-3.21923,-3.96463,-0.0624267,0.432465,2.48804,-2.11066,-4.33137,111.264,-927.688,-358.68,23660,10220,1680
-8.86611,-6.42021,-3.53984,-5.16075,-2.47649,-0.170059,-1.32435,-2.54655,-7.5967,-6.60552,-10.7664,-5.20027,-5.64415,-2.90864,-5.25156,-3.15824,112.728,-933.544,-353.8,20440,13300,1260
1.1088,4.09385,0.00611863,-0.640814,1.12121,-1.17423,0.763218,-0.312904,0.0510932,1.95543,-5.15796,4.27213,-3.93387,-2.41573,-2.57269,0.168741,114.192,-932.568,-348.432,18480,15120,1120
-1.30462,-4.57932,-4.37173,-7.27159,-6.54737,-7.12787,-4.89138,-5.82588,-1.66554,-3.90329,-5.09923,-2.12109,-6.15312,-7.15117,-6.75782,-4.79412,120.536,-932.08,-350.872,16660,15120,1400
-4.05404,-6.29886,-3.02389,-6.84142,-3.23761,-2.41833,3.84038,2.92282,0.402525,-0.637131,2.69608,-2.29671,-2.25466,-3.79771,2.87426,4.03665,119.56,-931.104,-353.8,15820,13720,1820
-5.85573,-9.62399,-3.4259,-7.16615,-4.30425,-4.78165,3.80071,1.72879,0.620077,1.6301,1.88142,-4.96035,-3.20019,-4.01505,7.96723,2.45784,118.584,-935.008,-360.632,14840,10920,2240
-5.02667,3.77066,0.363948,5.74743,3.51081,-6.66231,5.0693,-3.51323,1.72768,0.247399,-0.131401,1.45346,-1.66807,1.64093,7.53401,0.105047,121.024,-939.888,-366.976,14000,7700,2520
4.52591,21.1137,8.84028,14.1076,11.2125,5.12908,-0.344897,-2.72774,12.295,6.83303,6.44241,13.5172,6.43931,6.9341,-3.00337,-3.57661,126.88,-947.208,-374.296,13300,5740,2800
9.84327,29.3791,15.7274,19.4115,13.3846,14.0645,-4.15562,1.06103,17.42,13.9303,11.3732,19.8746,12.4306,16.238,-10.4222,1.57032,129.32,-953.552,-378.2,13440,5180,3220
6.09313,10.1944,8.73701,-1.1088,3.05915,6.454,-8.24163,-3.95826,16.6189,12.7549,8.39618,10.594,7.10006,8.74132,-17.6634,-2.30601,129.32,-956.968,-374.784,14280,4620,3500
-5.76264,-18.4294,-4.9544,-17.2428,-8.03077,0.619713,-0.148498,2.25261,-0.509305,1.99789,1.89941,-8.93236,-1.24119,-4.7508,2.53826,1.32998,127.856,-956.48,-374.296,16380,2940,4340
-2.55363,-6.48451,-4.81695,-2.14259,-4.40898,-4.01447,3.84609,2.00192,4.1511,-0.282074,-1.73456,-5.28282,-3.56846,-5.5184,16.2126,3.68197,121.024,-957.944,-367.464,19320,-280,5880
5.99148,17.0027,1.96405,17.7372,5.82229,-0.780484,8.22139,4.83212,6.84393,2.58902,0.73645,6.63046,0.844468,0.290379,20.8719,7.64779,119.56,-953.064,-360.144,21000,-2940,7000
-4.57353,9.45058,-1.66726,18.3685,4.90127,-1.95036,8.30552,3.90184,-18.5364,-7.59737,-6.72358,0.700119,-2.46605,0.23205,19.8722,7.9542,112.728,-952.576,-359.656,24080,-6580,8680
-9.54606,-9.63746,-5.06714,-1.28808,-1.69874,0.620189,5.16381,4.80569,-25.6527,-12.2766,-8.17414,-7.0672,-2.25482,1.83594,9.61542,7.04218,113.704,-948.672,-358.68,26180,-9100,10220
-8.23813,-27.002,-6.7835,-21.209,-8.91453,2.52448,-3.35784,3.84911,-26.5959,-7.66889,-1.87582,-14.5638,0.419529,0.505549,-9.41669,2.74793,112.728,-951.112,-354.776,28280,-10920,12320
-6.07821,-35.1779,-9.21706,-26.3622,-14.3376,-4.32158,-11.9704,-7.66636,-15.7916,-8.364,-3.32164,-21.0469,-2.9097,-5.54708,-19.6171,-8.05398,106.384,-952.576,-356.728,29260,-11760,14280
7.05025,-15.2655,-1.83805,-11.3649,-4.56122,1.05283,-8.16599,-5.48605,3.16822,0.122534,2.56736,-7.90907,2.14587,-1.47272,-13.9752,-5.02503,100.528,-950.136,-356.24,30380,-12180,15960
14.6717,13.825,1.45501,8.99521,3.40947,-1.49316,-5.47681,-5.52568,17.0124,2.53291,1.34926,5.32732,0.370596,-2.54792,-3.968,-5.49748,100.04,-949.16,-354.288,32060,-12180,18200
11.5506,44.4028,5.85271,34.0519,14.2156,-0.181057,3.45923,-0.230903,12.0699,1.57643,-0.537711,18.7113,0.882662,1.16885,6.13389,-0.604727,97.6,-949.648,-352.336,32900,-11620,19740
-5.41033,0.901802,-2.51984,4.4733,2.53888,-0.908964,4.94258,3.64549,-21.9031,-3.44274,-2.26956,0.260575,-2.06382,-4.95264,3.9662,2.17736,96.624,-951.112,-357.216,34440,-10920,22120
2.63911,-9.38468,-1.94403,-11.9819,-5.13939,-2.65743,-1.7429,1.54063,2.60303,2.20846,0.954672,-2.87487,-2.27023,-5.79926,-4.51083,-1.77203,91.744,-946.232,-352.336,35000,-10080,24080
4.65175,13.1244,3.51739,6.53588,3.73393,2.20022,-0.87865,3.47113,9.12507,3.35162,1.83886,6.98321,1.65665,3.01527,-5.01347,-0.299488,85.4,-952.576,-347.456,35000,-9100,25200
7.30757,7.21387,4.08961,0.104872,1.96225,3.71456,-1.62995,1.96928,11.9325,3.98165,4.58472,5.63894,3.67142,5.61189,-8.06029,-0.989504,84.424,-952.088,-347.944,35420,-8540,26740
-2.09808,-16.9217,-0.30313,-16.222,-2.61297,4.68288,4.45853,4.97911,-0.960084,-1.15261,2.21368,-6.73622,2.78849,5.59659,0.945073,3.71803,81.496,-955.016,-349.408,35840,-8680,27720
-8.92711,-30.381,-1.13328,-17.5648,-1.22168,6.01537,12.7188,8.89255,-9.17459,-1.93145,2.72775,-12.5762,3.15708,4.8017,17.5456,9.71927,69.784,-952.576,-347.944,35560,-8400,28560
-5.9978,-8.06655,0.637793,2.30719,1.71427,-1.04148,3.595,-4.52367,-2.35239,-0.226812,-2.35409,-4.13123,-1.85752,-0.182316,11.3499,-2.19784,69.296,-949.16,-351.848,35840,-8400,29260
1.6803,16.2047,5.03749,12.8208,5.30986,-1.51518,-0.0810789,-4.776,11.5147,6.20252,1.73137,8.00382,-0.509831,-0.0839044,1.70565,-6.19101,63.928,-949.16,-353.312,36540,-9100,29540
1.76031,9.71414,-1.24379,-5.85661,-7.52617,-6.24839,-11.9771,-6.36137,14.7262,3.89631,2.08747,1.55219,-3.72121,-8.93012,-18.9738,-11.2741,63.928,-949.648,-359.168,36260,-10080,29540
-5.49463,1.07515,-0.244046,4.14016,-1.48989,-1.58123,-5.06179,0.903841,-13.1798,1.14011,1.63068,-0.626692,-0.821599,-4.73238,-12.1435,-2.25662,63.928,-952.088,-353.312,35700,-10780,29260
9.32903,21.237,7.54006,14.1025,3.9869,0.0101461,-8.41588,-1.46734,12.5803,7.05418,2.75393,12.1675,2.29646,2.04576,-17.73,-3.52701,64.416,-954.528,-354.776,35560,-12180,28700
16.2134,29.6111,10.0814,4.56672,3.7562,2.44958,-6.16648,-0.960345,41.1635,8.74963,3.27392,18.2382,4.23612,7.04989,-13.0037,-0.798833,67.832,-953.552,-349.896,36120,-15400,28420
-2.02872,10.1148,5.65558,0.448161,6.53095,5.00119,8.74955,3.89993,9.83177,0.792588,-1.20314,7.95482,4.16331,9.99193,8.67171,9.39098,66.856,-953.552,-348.92,36540,-17640,28420
-21.7637,-12.6104,-3.86927,-9.99594,-1.87099,0.166589,1.24677,-2.59448,-37.0766,-8.33344,-4.98766,-10.2937,-1.11014,2.23156,-1.04032,1.55285,61.976,-947.208,-351.36,37940,-21000,28140
-20.5205,-32.629,-10.2883,-21.7323,-12.2834,-3.95492,-4.8427,-5.82906,-31.8254,-9.19705,-3.45363,-19.8695,-5.18985,-6.16064,-0.927718,-4.81144,58.072,-945.256,-348.92,38500,-23240,27720
-5.89177,-37.734,-11.0776,-22.2849,-13.9925,-6.38888,-6.58407,-5.96659,-8.83689,-3.90805,-0.853596,-17.3275,-4.55703,-11.3709,4.49331,-7.7174,59.536,-939.4,-344.528,38220,-25060,27160
1.17107,9.40576,-3.98383,21.9082,2.42312,-6.0392,2.66021,-5.39867,-0.510201,-2.28159,-5.48658,2.77766,-4.31777,-5.07788,19.7741,-4.10634,63.928,-936.472,-345.992,37520,-25200,26040
2.68607,31.7468,3.20329,36.0547,13.8658,-1.47018,12.7531,2.29844,-7.02221,0.917543,-3.86328,14.7637,-0.952083,2.44093,20.3624,5.81915,69.296,-935.496,-341.6,36400,-25060,24780
-4.60907,-11.5758,-5.69039,-9.25936,-6.06028,-4.97487,1.87972,1.36844,-9.81193,-3.16535,-4.25327,-4.40168,-4.98687,-5.77257,-1.35162,2.06635,76.128,-938.912,-342.088,34720,-23240,23100
1.06608,-2.55614,-2.28164,4.90786,-0.602738,-0.325836,6.62999,0.974132,13.2311,-0.0123516,-0.604216,0.290581,-0.772601,0.332154,15.1709,5.00788,77.592,-939.888,-334.768,33180,-21000,22120
7.15371,7.16228,4.75666,5.34261,3.84297,4.84803,2.39464,0.953904,22.8161,7.28001,8.10901,6.94506,6.93974,7.65831,3.61557,4.92342,70.76,-934.52,-324.52,31640,-18060,20580
-0.943343,-21.2683,-3.98557,-24.8049,-9.02217,1.20038,-3.84816,3.71699,16.3158,-0.860461,2.52574,-9.62827,0.329697,-1.26923,-11.0784,3.37627,70.76,-934.52,-324.52,30940,-17500,19600
9.95339,22.9149,7.82373,18.0081,14.7,8.7931,13.2401,12.3864,19.6732,2.98379,2.31764,12.8221,5.47209,8.31288,14.8199,12.499,71.248,-933.544,-325.496,31360,-19600,19600
2.37454,18.189,4.77949,29.4268,17.7422,6.64943,17.4061,6.06458,-26.3276,-9.72926,-6.11274,8.59614,1.16422,7.01257,21.0453,12.4337,71.248,-941.84,-330.376,31500,-22820,19600
13.1744,-27.6527,-4.09805,-14.0781,-5.31207,-2.41487,-1.70805,-6.45551,-26.3344,-10.2737,-1.72291,-10.9611,-2.33337,-7.12698,-5.82983,-1.217,79.544,-947.696,-343.552,30100,-23100,19320
34.8461,0.246741,3.34781,0.239564,-0.78529,-4.73658,-7.77254,-8.46178,25.5804,4.36642,4.20372,5.78369,-0.612402,-6.03032,-5.27856,-11.6564,81.008,-958.432,-351.36,28280,-20860,18620
17.4769,8.01602,2.05357,5.26907,0.0913292,-5.11095,-4.8817,-0.399961,19.2311,4.07158,0.00312591,6.1543,-3.00354,-4.30934,-0.0061541,-8.78145,85.888,-954.04,-351.36,27160,-18900,17500
-3.59566,-6.10386,-3.73131,-16.1298,-11.1103,-2.92739,-7.17369,3.21516,3.66729,1.81743,-1.69164,-5.38145,-3.8004,-3.62599,-8.90332,-3.72026,88.328,-947.696,-350.384,26600,-17220,16940
-15.8175,-7.17779,-1.90171,-13.6079,-7.05846,2.12,-3.40294,5.11231,-9.70566,0.525905,-2.70044,-6.71646,-0.538717,4.06236,-9.77647,0.151342,89.304,-944.768,-352.336,26320,-14980,16800
-18.6652,9.45738,5.36883,1.01307,5.0636,6.96802,1.03342,1.60514,-13.7233,3.22011,-0.568605,3.01416,5.00215,10.6318,-10.327,2.33005,84.424,-944.768,-345.504,26460,-13580,16800
-24.6321,10.7022,2.60204,13.0078,9.87732,6.68191,4.16696,3.65705,-24.8913,-1.83813,-1.40785,1.7398,2.8706,9.9586,-1.20171,7.06184,77.592,-941.84,-342.576,27440,-13440,17080
-18.9813,-12.9282,-7.25355,-12.9329,-10.3248,-3.35486,-20.2074,-1.80589,-14.3022,-4.49424,-5.27614,-10.9722,-4.3177,-4.5582,-24.406,-6.95567,73.2,-938.424,-348.92,28840,-14980,17640
5.9876,-5.38093,-0.780807,-27.3179,-12.2621,-2.81405,-24.993,-0.897719,21.7374,10.9533,4.63522,0.239204,1.14816,-6.48545,-35.9575,-17.0404,81.008,-945.256,-355.752,28840,-15260,17920
-0.835963,-15.9252,-5.03055,-26.365,-14.3535,-3.29175,-14.8455,-3.7944,4.70503,5.81373,2.26849,-8.93574,-1.28016,-7.28892,-23.5459,-12.4268,78.08,-951.6,-353.312,28420,-14560,17780
5.12844,8.53282,-0.52935,-5.26906,-3.97047,2.39643,-4.60835,-7.07668,14.7059,5.42586,6.08015,0.11205,3.23049,-1.10691,-7.4588,3.7061,63.928,-958.432,-350.384,29400,-14140,17780
11.0957,14.8226,1.47749,6.04824,4.40818,4.35904,7.87545,-1.81392,13.7054,1.63863,7.09073,4.38297,4.92222,5.42329,13.0101,12.1461,62.464,-955.992,-340.624,30940,-15540,17640
-0.61162,-2.48402,0.695808,14.9031,12.2742,10.9217,26.0108,11.0018,-13.8369,-8.12158,1.78457,-3.26679,4.79344,14.3594,37.9768,18.2358,65.88,-952.576,-344.528,31780,-16520,17640
-2.90129,12.4535,7.53616,31.58,23.4609,13.3308,25.1759,7.09969,-9.8922,-6.83409,-0.383663,5.93881,7.96138,15.5799,34.8976,10.2055,76.128,-942.328,-348.432,32340,-16520,17360
-9.90057,13.6884,-0.192538,27.0769,13.7727,-4.72703,4.65489,-9.65595,-11.3979,-12.6188,-7.30706,2.80946,-3.23884,-5.42676,7.88925,-7.14937,75.64,-942.328,-345.016,32200,-14980,17220
-19.869,-10.0624,-15.604,5.30126,-5.80209,-21.7533,-4.83455,-7.27042,-30.7474,-17.6097,-8.38058,-11.782,-14.721,-31.9876,-11.533,-11.9351,71.736,-948.184,-342.576,32900,-14560,17500
-11.0997,-21.9857,-13.6812,-7.66139,-21.2504,-21.72,-7.57984,3.61109,-28.5905,-4.79278,-0.575423,-14.5808,-11.4105,-39.1504,-7.99012,-8.49168,70.272,-949.648,-342.088,33040,-15680,17500
7.57948,-13.3631,-1.54348,-17.9217,-24.5912,-18.2472,-12.8487,-4.59228,5.58284,8.62094,10.0539,-3.80687,-0.556774,-17.4929,-4.99997,-9.01228,74.176,-950.136,-341.112,32200,-15960,17220
15.2018,-12.0351,11.1992,-18.6286,-10.519,-0.405665,-1.27461,-5.64858,17.5705,15.9057,19.6163,4.18473,13.6243,16.3139,9.72126,-5.65015,66.856,-943.792,-332.816,31080,-16240,16800
16.5114,10.236,20.5687,-2.02359,10.0039,17.5677,4.78662,-4.70069,27.4185,18.6167,16.7523,13.5754,17.0053,29.5231,11.0385,-3.29769,68.808,-944.768,-330.864,30940,-17360,16800
9.11222,0.705389,14.9356,-2.35145,20.2017,17.1604,3.56121,-1.26136,6.2454,13.3994,-1.93834,11.4058,5.05813,18.4295,-2.86015,4.35112,63.928,-946.232,-330.864,29680,-17920,16800
14.0103,9.04437,8.34457,13.9439,20.1585,6.246,10.1657,4.55292,7.60511,5.42316,-18.2113,13.9738,-6.52796,11.9886,6.23229,12.0643,67.344,-948.184,-328.424,27300,-18060,15820
24.5879,32.1068,7.60917,33.5055,17.1534,7.62436,18.3913,10.866,26.6476,1.78657,-16.3094,22.286,-7.01988,16.976,25.6275,16.3004,71.736,-953.064,-325.008,26460,-18060,14840
14.2864,22.893,1.5691,14.1575,6.23891,6.91761,3.56074,8.76591,23.7504,-1.56809,-6.9085,13.4795,-5.55321,8.98903,6.29256,5.67757,63.928,-953.064,-321.104,26320,-18200,14420
-12.2645,-4.74699,-12.4126,-19.9288,-12.7743,3.51102,-13.1615,-1.78704,9.58896,-13.5678,-4.03145,-11.2536,-3.77866,3.42156,-21.2217,-5.05721,59.536,-950.136,-321.592,27300,-20440,14000
-26.3483,-21.4679,-8.99014,-22.5857,-8.30292,10.5502,-2.71311,4.16835,-19.9696,-13.1882,0.751421,-20.6529,3.9605,14.1686,-15.2461,5.31407,58.072,-943.792,-326.96,26040,-21280,13160
-25.8577,-16.6632,-5.27481,-13.5374,-2.20718,9.29096,-5.15266,-0.889956,-22.0669,-11.7736,0.796462,-18.5038,4.39225,4.93634,-18.1175,-0.716437,64.416,-946.72,-325.984,22680,-20580,11200
-13.9318,-7.9573,-5.69791,-3.75108,2.39997,-7.10486,-8.12809,-10.8522,-12.009,-7.75967,-1.94858,-6.86132,-5.7605,-10.175,-17.5886,-6.23933,63.44,-929.152,-311.832,20300,-18340,8540
2.52123,0.0107092,-7.60326,12.4118,2.82126,-18.9721,0.401193,-8.35029,-9.39031,0.852493,-1.66756,1.2059,-10.6953,-34.9633,-2.5443,-2.24343,60.024,-921.344,-299.632,16940,-17080,6720
8.63974,-2.76956,-17.5041,12.154,-18.3672,-29.0096,-6.32411,-4.50331,-2.25846,-1.79606,-4.08465,-4.13058,-16.015,-56.2399,10.835,-4.54301,55.632,-923.296,-294.752,13580,-17360,4760
18.5481,14.9728,-11.7523,11.0461,-20.8425,-35.9117,-12.5281,-1.13307,20.4467,4.15151,-3.28665,5.48696,-15.8004,-42.1207,8.08897,-7.93996,45.384,-921.832,-294.264,10780,-18060,3780
23.4613,20.5479,8.66504,7.39686,-5.7576,-3.63633,4.86498,14.2874,27.3174,14.6041,0.595366,14.741,5.02243,1.59213,13.0137,0.943342,40.992,-923.784,-291.336,7280,-20020,1960
5.19895,5.277,11.4574,1.57091,5.58408,14.0629,17.0265,12.1583,6.29903,3.38588,2.38817,5.36976,10.9224,29.5272,18.6738,14.7525,44.896,-924.272,-298.656,3920,-21140,0
-16.9298,-7.85214,9.3505,3.51225,16.479,28.8855,19.2349,12.1194,-21.3993,-9.39991,6.18604,-2.60652,15.5661,41.1774,21.602,22.3305,46.848,-919.88,-300.608,-1400,-20860,-2520
-18.6112,-17.4509,7.39113,-17.2977,8.20401,26.7492,2.3114,4.59698,-13.7703,-8.07476,7.78001,-9.63624,17.2047,28.6284,-3.84923,8.648,45.384,-919.88,-295.24,-3920,-21840,-4620
-11.2136,-21.1173,9.86729,-15.6363,7.99135,22.7197,3.76654,3.80786,-15.0611,3.11034,7.781,-10.0066,17.5511,23.3906,-3.93843,7.39293,45.872,-910.12,-305,-4340,-24360,-5180
-11.4688,-19.3956,-0.866708,-9.88097,3.51725,2.02616,-5.11906,-11.6979,-23.4918,1.36766,-10.2064,-8.05735,-0.912352,-2.21276,-8.06564,-11.2608,49.776,-903.288,-318.176,-3640,-29540,-5880
-1.72317,1.30652,-15.1201,3.2455,-4.5959,-25.5544,-16.3186,-24.6251,-6.54681,0.0290863,-14.6169,1.43547,-20.2493,-43.1533,-13.5442,-33.5776,55.144,-896.944,-338.184,-3080,-32900,-5880
13.7342,32.8346,-6.59798,27.9718,-7.20164,-26.8907,-8.32097,-12.0171,17.2899,5.46754,-2.72029,15.9823,-16.4768,-25.8044,5.66144,-23.269,65.392,-896.944,-369.904,-1820,-36540,-5740
16.0867,30.0364,-0.0263608,7.30767,-9.55568,-15.1393,-5.38128,-0.175819,21.7884,7.82523,10.6116,12.2549,-0.0162303,-5.34428,-3.32919,-4.83806,76.616,-896.456,-376.736,1260,-37380,-4900
6.8953,5.4667,5.07068,-22.5207,-12.0359,2.86148,-12.0005,3.02175,9.02975,7.86135,22.5004,1.30122,16.0837,12.6432,-28.9364,1.19074,81.496,-892.064,-385.52,6020,-38920,-3780
-4.54726,-6.6351,12.0068,-20.9265,0.612744,13.8836,-4.94716,4.8588,-6.14367,8.61692,24.3691,-2.69855,19.9951,25.0769,-26.0461,6.03876,85.888,-890.6,-392.352,12460,-41300,-1260
-19.3063,-29.1714,-3.7371,-15.6022,3.73305,0.835097,2.65427,-1.10032,-33.2855,-2.21401,-2.9408,-14.8996,-6.50014,-1.77909,-5.75675,3.27543,94.184,-893.04,-393.328,16240,-41720,840
-5.47756,-19.827,-14.5011,-2.80174,0.782525,-15.9807,4.68727,-5.05665,-14.3229,-5.2023,-20.235,-7.57598,-26.6733,-19.4327,5.28912,-0.516788,90.768,-896.944,-391.376,22960,-41720,3920
8.42973,11.9328,-6.98383,18.236,-1.73019,-6.71666,7.11271,4.74471,18.7267,-6.87646,-11.3303,4.12517,-9.88384,-3.07405,17.4705,0.896011,94.184,-903.776,-390.4,29960,-42000,7560
13.246,23.8604,8.96118,15.7896,3.80228,13.405,8.58919,11.065,34.8615,2.85709,10.7234,8.69538,13.0471,18.1274,16.4597,8.07816,104.432,-915,-393.328,34020,-40320,9940
1.25558,0.290089,12.8137,-6.16512,5.61045,18.4002,1.34852,5.53189,12.4965,6.55732,14.1363,-0.0339673,16.9653,20.0986,-1.83232,5.12007,105.896,-920.856,-386.008,39060,-36260,13300
-14.0145,-24.9668,2.3337,-13.9376,1.82916,8.11431,-2.26573,-3.40001,-15.7071,-3.37174,-4.08259,-10.7829,2.76068,5.45001,-3.94477,-3.19992,112.728,-927.2,-382.592,42420,-32620,15680
-2.65878,-0.725574,4.53799,19.6831,16.5468,7.09936,16.2458,3.28031,-12.0935,-1.73174,-11.6222,6.55428,-3.82143,2.91658,25.8422,8.53032,112.728,-934.032,-366.488,46200,-26740,18480
16.194,27.6011,9.8717,28.0879,14.9143,4.7791,11.2006,4.81567,19.8863,4.92947,-10.1255,21.7804,-3.8402,9.33335,16.4416,8.70047,104.92,-937.448,-351.36,49840,-21700,21000
14.0214,21.1597,4.82239,11.9728,9.52127,7.70458,5.70434,7.74119,25.5166,4.55074,-1.67232,16.5717,0.126582,8.13554,0.982227,8.55422,95.16,-940.376,-335.256,52220,-19460,22820
-13.9655,-6.83962,-15.8652,-4.46208,-4.0629,-5.22057,-5.07053,-4.06324,-2.53933,-15.2788,-4.54685,-10.2269,-5.01137,-19.5742,-7.4718,-5.1833,94.672,-945.744,-331.352,53480,-16940,24640
-27.1976,-26.5544,-27.0206,-18.9228,-27.0514,-18.8908,-23.2246,-16.3917,-19.8356,-22.6104,-9.3754,-30.8351,-11.1038,-43.5415,-19.7965,-21.7763,97.6,-954.528,-325.008,52220,-13160,25340
-21.6083,-32.6521,-15.6257,-28.402,-37.9768,-16.5646,-31.5001,-15.8434,-31.2517,-14.5224,-3.84979,-29.0927,-4.97445,-21.8114,-28.4449,-19.1487,95.16,-959.408,-314.272,49140,-7840,25760
3.75759,-17.8146,4.61066,-27.4274,-16.6677,-2.77303,-15.782,-6.66157,-11.1259,1.70297,1.42166,-6.51363,1.1104,9.61927,-17.6961,-2.81185,90.28,-961.36,-304.512,45780,-3920,25760
19.8438,3.57209,20.7949,-6.18738,18.6051,18.5728,12.214,8.43862,1.00488,10.8892,11.281,15.6937,13.0904,35.9835,5.18591,18.636,81.984,-957.944,-295.24,43260,-2660,25620
20.7161,15.9164,21.2194,19.0222,34.9501,26.1124,24.0144,12.3602,13.0616,11.4633,11.0577,20.6779,16.6066,32.7919,21.6645,22.5819,77.104,-961.848,-294.752,39060,-1960,25200
12.7074,14.302,6.21821,22.4437,18.8706,7.42657,14.925,3.21136,10.2524,3.49881,-12.504,9.53267,-2.95146,5.25419,18.3132,7.98691,75.64,-965.264,-295.24,35420,-1960,24360
8.62863,6.08952,-2.08205,13.794,7.60931,-7.12757,9.45884,2.75008,-4.0809,-1.76984,-13.271,4.48855,-8.82114,-8.29139,8.77183,4.14046,75.152,-964.776,-298.656,30940,-1680,23100
-0.198948,10.3655,-5.02498,13.1003,-1.75556,-9.44915,-0.582166,1.57343,-8.22293,-9.96197,-4.80241,1.24011,-3.11559,-4.71721,2.27311,-0.781912,70.76,-969.168,-300.12,26600,-2100,21840
-5.65457,3.99858,2.86953,-6.97918,-8.38504,2.42763,-8.92226,6.0046,-4.7776,-1.73095,9.05455,-2.07828,10.328,10.331,-18.0446,1.17951,69.296,-971.12,-297.68,24080,-3080,20720
-3.66085,-10.1417,10.466,-17.802,1.55273,10.4132,-1.44438,8.25252,-5.16868,8.73488,9.00548,-2.08176,9.51222,17.5474,-15.4556,6.67836,67.832,-972.096,-295.728,21700,-5460,19600
-9.07766,-8.42504,-2.25184,0.0705492,8.51963,2.40818,3.15564,-1.20011,-15.8481,1.50962,1.20488,-2.77388,-2.91437,-13.1378,1.52152,-5.11113,62.952,-970.144,-306.464,20580,-7560,18620
-15.0984,6.46193,-44.0671,28.2964,-19.2797,-39.9756,-9.60316,-22.9381,-6.90303,-13.5625,-10.1508,-13.5352,-35.0335,-106.523,16.2549,-37.0476,65.392,-969.656,-314.76,18760,-10360,17500
0.132095,18.4898,-37.6516,21.446,-55.89,-66.5931,-15.7532,-18.0305,17.4921,-0.867672,0.939428,-10.8513,-33.2287,-77.7969,13.691,-29.2555,62.464,-970.632,-315.248,17500,-12320,16520
27.7058,21.2251,14.4839,-8.63455,-21.9134,-18.0563,8.96517,12.1124,38.1677,29.5749,23.3397,12.8657,8.34432,24.4949,15.1843,13.8345,60.512,-968.192,-319.64,17500,-14000,15960
21.3786,10.5202,23.8348,-14.4875,21.0766,24.1543,18.0251,16.6139,26.3575,23.9397,14.5983,19.608,16.9904,38.6206,12.9865,19.407,59.048,-963.8,-322.08,17780,-16660,15540
-4.58256,-4.11895,9.12038,-9.51759,13.8589,21.9585,0.276919,1.77022,3.50427,-1.08655,-0.115572,4.69157,11.3877,32.0191,-6.08918,3.33543,61.976,-960.384,-330.376,18200,-17920,15400
-10.0206,-8.6488,8.73453,-7.43231,13.6767,18.2984,-0.383833,1.56369,-9.4772,-2.35055,1.99172,-1.71761,13.6731,31.5906,-8.46648,3.79863,61.976,-959.896,-332.816,18900,-18340,14980
-12.3012,-18.9554,5.98326,-12.4332,10.3499,17.298,-0.470428,2.69413,-15.5459,-3.47915,-3.08227,-8.36656,5.61835,23.7908,-7.60611,5.08688,59.048,-956.48,-329.888,19320,-18200,14980
-9.85078,-10.0783,1.98321,-3.43872,10.0742,14.7363,-1.17429,-0.212492,-5.20167,-6.73369,-4.77262,-3.37894,0.86675,13.6791,-5.93368,2.03724,55.144,-950.624,-326.96,21000,-18340,15260
-11.3588,-8.81182,2.18709,-4.57601,4.20956,12.3955,-1.42718,0.236662,-7.21017,-9.64479,-2.20022,-4.48204,5.52908,17.6214,-7.70137,3.33187,53.192,-947.208,-320.616,22820,-18760,15820
-7.02119,-6.75931,7.38083,-5.25347,7.47091,13.1001,0.643678,0.530772,-4.97577,-3.61653,-0.106258,-1.75929,8.40384,18.2371,-5.38879,5.9144,53.68,-941.352,-324.52,24360,-18900,16240
-1.44751,-7.0629,9.1844,0.373813,11.2977,14.2573,4.36583,3.31096,-5.23156,3.58573,-2.32189,4.18394,5.4817,11.4776,1.2802,4.6544,56.608,-939.4,-327.936,25480,-18340,16800
-4.30366,-4.53076,-9.1606,4.28736,1.70714,-6.2161,-5.46653,-8.87211,-5.54601,-7.0047,-15.7379,-1.42206,-11.6403,-22.3298,-4.22483,-11.4938,59.048,-939.4,-328.912,25900,-16380,17220
-0.903947,7.42992,-19.4347,9.17589,-5.85739,-28.2993,-8.90541,-11.9046,4.084,-10.9563,-13.4672,-1.20521,-17.263,-38.5704,-6.2432,-15.7103,58.56,-937.448,-331.84,26320,-14840,17780
4.46302,10.8136,-5.77075,5.95196,-16.9178,-13.8291,-5.9826,-1.68733,11.6249,-2.6347,-1.15423,-1.83561,-4.61218,-8.18534,-4.5826,-4.39673,59.048,-933.544,-334.28,26600,-12880,18620
8.21603,8.90382,6.62827,-2.37999,-6.33911,4.38668,-1.63476,2.1419,8.67082,7.88087,6.25533,3.83818,4.90855,1.91446,-6.05204,-0.591056,58.072,-939.4,-334.768,27440,-11900,19320
-0.0300483,-3.97116,0.462446,-2.01526,-2.49855,-0.337813,0.874236,-2.72921,-9.47986,-1.23651,0.884107,-0.417079,1.57326,-7.29262,3.29854,-3.84578,56.12,-940.864,-328.912,28280,-11060,20160
0.917375,-4.22961,-0.263718,0.0975474,-3.1298,-6.86317,-0.556267,-4.39523,-7.97434,-2.33094,0.911564,-1.53512,0.0294378,0.19671,5.09539,-1.5201,53.68,-941.352,-326.96,28560,-10220,21000
6.44912,-0.112839,3.50883,-2.16867,3.26021,-0.935234,0.16059,-0.488422,2.19247,3.8846,3.81497,2.06485,2.01091,5.76399,1.35146,2.44455,52.216,-942.328,-328.912,28560,-8960,21280
9.24925,5.71056,-1.98267,5.06265,5.77243,1.31756,-0.724619,0.380556,5.39771,5.33775,5.4935,3.88106,-0.844181,-15.8069,-1.46757,-1.38687,53.68,-941.84,-328.912,28000,-6860,21560
7.67512,11.8923,-3.34439,16.4021,-1.32124,-7.71459,4.68732,2.42136,6.4401,1.5897,1.9847,2.56118,-2.9433,-11.1585,8.52728,2.76225,53.68,-948.672,-322.568,27720,-5320,21560
11.1083,14.6528,9.2235,16.7593,2.60836,3.54891,17.5731,11.9499,11.3739,8.47323,7.38298,7.30177,5.54579,16.5634,21.2468,17.5269,55.632,-951.112,-320.616,28000,-3640,21280
2.80453,-0.416109,6.19568,-3.08124,3.80384,5.05102,8.39654,4.52177,2.90312,5.9125,2.27575,1.05925,2.28369,11.1014,6.16291,11.0904,48.8,-953.064,-320.616,28140,-3360,21280
-3.07178,-5.88565,3.57791,-4.82678,6.23329,7.57472,4.84229,3.7111,-11.6298,2.20069,2.79621,0.697703,3.53147,8.91697,0.514192,7.62151,49.776,-954.04,-315.736,28140,-2660,21140
-6.26305,-10.9115,-2.46411,-8.76404,-1.91783,2.04063,-4.73369,-2.06241,-12.2187,-5.48076,0.0293754,-5.16034,-1.506,0.70002,-8.5195,-1.35232,51.24,-959.896,-315.248,28000,-1680,20580
-2.64453,-0.601395,-2.18077,-1.95022,0.0358485,-0.612643,-5.37049,-2.6238,1.92004,-5.7689,-3.00141,-1.32471,-3.37127,-1.37563,-6.06385,-3.02887,50.264,-958.92,-311.832,28000,-1540,20300
-4.86835,-4.6049,-2.88056,-5.65767,-2.71932,-1.54433,-8.23487,-2.13743,-2.7819,-4.5981,-4.64636,-3.26391,-4.21979,-2.81439,-9.82824,-3.79699,47.336,-957.944,-311.832,28000,-2100,20020
-12.356,-18.2729,-8.49791,-15.5774,-11.0741,-2.71172,-12.584,-4.84319,-14.9508,-8.77732,-7.14226,-12.9295,-5.79525,-7.94192,-12.4549,-8.59896,50.264,-957.944,-309.392,28280,-2660,20020
-16.1094,-15.1292,-11.3037,-9.18803,-11.6413,-2.18212,-9.99988,-5.29694,-18.626,-12.0169,-8.08337,-13.5524,-5.37994,-13.6847,-2.9672,-10.6002,49.776,-960.872,-308.904,28140,-3500,19600
-10.8987,0.702297,-6.77014,2.71033,-8.45162,-2.71792,-6.24692,-2.75969,-5.40744,-9.34567,-5.79022,-5.31013,-1.67636,-8.13914,3.27103,-8.91478,50.752,-960.872,-311.832,28140,-4200,19320
2.055,12.0044,-1.62904,6.12468,-2.21008,-2.36435,-0.217184,1.30119,12.911,-0.972713,-1.18802,3.8035,0.991401,-1.60738,3.24749,-3.47511,48.8,-955.016,-312.32,28000,-4060,18900
7.81636,3.8429,1.71448,-1.38445,1.36907,-1.87759,4.06037,3.45244,13.3037,6.49447,6.08269,4.30791,4.14716,1.55516,1.54864,2.53596,50.264,-955.504,-305,27860,-3780,18480
5.15012,1.2125,2.4349,-2.0193,1.9034,-2.4031,4.08248,-0.0357566,8.23049,5.08601,3.08545,3.26425,2.44136,4.44232,2.31812,1.98831,53.68,-952.576,-307.44,28140,-4200,18480
5.39684,3.67281,2.89378,-0.765042,3.11794,-1.94994,1.91714,-0.594217,6.69578,4.47073,1.12042,4.35346,1.02812,2.32581,-1.94888,-0.279722,52.704,-953.064,-308.904,27860,-4620,18480
8.43785,5.24708,5.8233,2.19658,7.31666,0.377061,4.3332,3.32925,6.7028,8.30424,3.52758,7.21036,3.12051,4.39336,0.41014,3.18047,53.192,-950.624,-313.784,27440,-4340,18480
1.02829,-1.3751,2.18054,0.00544789,3.77579,0.890406,4.17332,3.11563,0.367647,3.90553,-0.949952,0.929936,0.0326808,5.53605,0.804577,2.72048,52.704,-954.528,-312.808,27720,-4340,18340
-3.51539,-6.00016,1.61025,-6.68573,1.02099,6.2495,2.09781,3.29121,-3.90334,1.08585,-0.685492,-2.19554,1.48534,6.50811,-6.37295,2.85972,54.168,-954.04,-311.832,26880,-3920,18340
-3.12244,-1.10553,1.48116,-2.25953,3.10199,7.12199,0.952608,-0.580236,-1.06375,-2.08856,-3.3724,-0.777937,-0.344954,6.8296,-4.04635,2.92612,56.608,-953.552,-312.32,25900,-3500,18060
3.74275,9.16932,5.95223,8.80523,10.8168,9.85649,7.02501,4.26361,4.69478,4.4387,2.35461,7.1742,2.28641,6.57722,6.77088,7.31599,53.192,-949.648,-306.464,25620,-2520,17920
3.07813,5.81353,3.38868,9.4061,8.16118,3.63184,7.80216,4.38364,3.72625,1.9131,3.48799,4.28409,1.47164,2.39678,10.3478,6.94217,54.168,-951.112,-311.344,26180,-3920,18200
2.32242,3.9824,5.89476,12.3563,7.23928,3.26863,9.50273,6.66094,-0.776624,2.328,5.17084,3.53516,3.93148,9.61199,15.4162,9.57091,57.096,-953.064,-315.736,25340,-3920,18480
0.187832,0.0385095,6.5442,4.36528,3.94828,3.53398,1.87181,4.38146,-5.70137,4.68528,5.51841,1.91376,3.98675,8.21909,3.36765,3.85949,57.096,-952.088,-313.296,24640,-2940,18200
-3.69761,-6.46831,-4.44419,-5.13805,-6.83007,-3.72715,-8.23678,-5.51134,-8.00766,-0.787629,0.0532427,-4.76309,-2.44746,-12.64,-7.01339,-10.4261,61,-953.064,-314.76,24780,-2520,17920
-2.61862,-3.27168,-15.1627,1.54481,-14.4187,-16.7886,-9.72448,-14.4647,-2.28289,-7.17114,-5.83372,-8.61022,-11.6102,-34.9209,-0.336135,-19.0246,54.656,-951.112,-312.32,24360,-2240,17920
1.51389,3.90724,-6.69121,7.08155,-11.9142,-20.235,-5.18652,-10.1846,-2.44177,-1.62349,0.8308,-2.52988,-4.80775,-14.6028,6.02069,-10.7157,55.632,-952.088,-314.76,24080,-1680,17780
-3.10525,-6.1309,1.74698,-13.5932,-14.1238,-4.62431,-9.85851,-4.10729,-11.6288,0.13327,2.69526,-4.38773,3.12351,11.5637,-10.709,-2.59142,51.728,-952.088,-308.416,23660,-1120,17500
1.80642,-5.78498,7.81279,-19.9415,2.37632,16.7088,-5.41967,5.58558,-2.32002,1.60316,3.37848,1.60948,9.66454,21.3224,-17.0159,5.18985,45.872,-949.648,-309.392,24360,-1260,17220
8.00497,5.30173,4.70115,-0.27774,14.4553,14.8325,2.48907,3.81773,11.3505,-2.05618,-8.75633,6.83353,2.08314,12.6669,-0.411979,4.77153,45.384,-952.088,-310.856,24640,-1680,17360
13.7088,18.7304,5.67406,25.0899,20.4043,13.3421,15.3455,8.28989,19.418,2.79117,-2.4642,13.8352,1.8638,5.41449,19.7422,10.0123,44.408,-951.6,-316.224,24920,-2660,16940
3.95545,8.78428,-3.0039,16.8139,5.00107,-3.23585,7.96028,1.47255,6.62954,0.471093,1.17527,5.13107,-4.54325,-8.86537,13.7059,3.99646,41.968,-953.552,-311.832,25340,-2240,16660
-0.272236,5.25112,-4.76522,8.75136,-4.39651,-14.0784,4.11791,-1.87169,4.2545,2.54218,2.42323,1.37916,-6.41501,-8.62417,10.3324,1.11521,40.016,-950.624,-313.784,26320,-1960,16380
1.38383,5.93919,-0.759197,3.00207,-1.19032,-9.57841,4.93168,1.52627,8.35936,2.34297,6.80791,2.13903,-0.261489,-4.59767,7.68275,3.23003,42.944,-954.04,-315.736,27440,-1540,15960
-15.7662,-11.5355,-12.6844,-18.1124,-16.3602,-8.12451,-14.2129,-8.22613,-7.03701,-13.0418,-5.22495,-13.6263,-6.72607,-23.3928,-18.689,-11.7372,36.6,-949.648,-310.856,28280,-980,15820
-14.8431,-10.7201,-10.6655,-14.5231,-17.0284,-11.3162,-16.5149,-11.1351,-10.7273,-10.0413,-7.99285,-11.7672,-6.57321,-19.7287,-23.4485,-13.3554,35.136,-950.624,-308.416,29120,-420,15540
2.95974,2.17039,4.58994,0.78259,-2.17956,-6.54113,-1.83615,-4.98949,0.930179,6.48845,0.293133,2.41781,1.66409,9.22075,-4.72035,-0.595457,33.672,-953.552,-311.832,29960,-140,15400
13.3797,11.2894,14.986,7.23121,12.3996,10.2714,10.6636,4.00474,12.3878,15.0104,8.43768,13.1198,11.1799,21.3474,6.03453,10.3712,34.648,-952.088,-313.784,29680,560,15400
13.2329,5.18106,16.739,2.42731,16.2175,17.1895,10.8155,7.06161,9.02435,13.3558,8.38577,11.4933,14.8666,21.938,2.98156,12.9386,31.72,-956.48,-311.832,29540,2100,15260
0.486908,-8.39055,7.24898,-7.3172,5.71387,11.4058,1.62187,0.584525,-7.40657,1.63981,-1.58077,-1.58742,6.42542,15.267,-4.56713,5.13491,31.72,-956.968,-312.32,29400,2800,15400
-4.98521,-11.4393,1.30521,-9.88919,2.12748,8.5424,-2.96552,-0.343606,-11.2472,-4.31341,-1.25138,-6.27085,2.71853,6.41809,-7.11076,0.921982,31.232,-958.432,-309.392,29820,3780,15540
-13.8883,-18.5352,-5.65149,-13.1659,-4.11661,2.36926,-6.28626,-1.0097,-20.8846,-8.14848,-2.05229,-12.7529,-1.67327,-4.70954,-8.41245,-4.50621,27.816,-956.968,-313.784,30800,3920,15960
-14.016,-19.0733,-9.89146,-12.1682,-9.55227,-4.9225,-7.53714,-2.30752,-21.933,-10.7443,-4.7235,-15.7094,-6.09384,-9.67752,-8.09283,-7.56736,27.816,-963.8,-312.32,31080,4760,15960
0.817052,-2.15651,-4.9788,0.0309211,-0.869876,-1.91677,-1.89215,3.89496,0.155804,-2.18656,1.69022,-3.40259,-2.72608,-9.09319,1.04946,-3.34896,28.304,-964.288,-313.784,31080,6860,15960
1.48674,3.76992,-3.67854,6.95363,-3.36425,-3.14359,-0.168825,3.77828,6.53338,-2.51706,-1.03904,-0.126658,-3.68278,-8.35962,7.6083,-4.031,29.28,-968.192,-308.904,31080,8680,15820
3.90893,10.0702,-0.913997,13.157,-2.1242,-3.76053,2.23589,3.69155,8.299,-0.689637,-2.00315,4.04185,-4.90044,-7.43308,10.6182,-3.47567,26.84,-967.704,-306.464,31360,10500,15680
0.426621,10.0136,-16.8282,13.4032,-4.84703,-23.1024,0.523263,-2.32775,9.4521,-9.91186,-13.773,0.841228,-25.0614,-33.8658,11.8905,-9.09671,23.424,-968.192,-297.68,31640,11200,15400
-6.11605,7.10179,-15.7457,8.97649,-14.376,-17.6211,0.591555,3.67928,5.14582,-10.7369,-4.77436,-1.57923,-12.5177,-14.163,12.8414,-1.43853,25.376,-974.048,-302.072,32200,11480,15680
-13.6502,-6.95768,-2.15004,-13.5946,-14.8109,3.19346,-4.05995,7.33079,-4.79854,-4.62614,4.93537,-9.11015,7.51912,13.8494,-5.34808,6.5959,27.328,-976,-297.68,31640,12880,15260
-20.931,-26.4967,1.86219,-35.5432,-8.63966,12.6497,-14.4985,-2.49219,-20.0204,-5.04402,0.605293,-17.1092,10.6138,18.2522,-28.008,-1.28113,23.912,-970.632,-294.264,31360,14280,15120
-9.62734,-18.8598,1.66153,-16.6126,2.4329,10.5746,-11.3466,-7.72362,-11.2949,-0.0823817,-7.71639,-6.60466,2.15502,5.3555,-19.9937,-5.3591,26.84,-970.144,-289.872,31360,15120,14980
16.3353,4.63222,8.04073,11.9468,15.8078,5.76623,4.17734,-0.130414,9.62538,13.9042,-6.01539,15.4742,-3.45394,4.75853,2.64661,1.46318,28.304,-975.024,-285.48,30800,16520,14560
8.59896,3.02604,3.82181,3.52702,6.27426,3.08798,1.59303,0.433197,6.23506,1.15036,-2.98488,10.712,0.778036,14.5596,-1.21861,2.31445,38.552,-978.928,-286.944,29400,18060,14280
-3.38553,0.448177,11.2021,-1.44234,9.10263,17.7065,5.26511,3.61338,-7.70759,0.66,6.12787,4.92077,13.2924,28.9242,0.742101,10.4085,40.016,-983.808,-285.48,27020,22260,13720
-18.0259,-12.5855,2.42561,-10.8695,6.42791,10.3119,-2.03135,-10.5177,-30.6804,-1.78794,1.7314,-8.11291,4.50014,-0.760729,-10.0401,-1.8201,31.232,-980.88,-274.256,26180,24080,13860
11.8471,15.2166,-5.04423,20.8058,16.1604,-8.49453,9.164,-1.10884,10.6061,4.89215,-7.62104,10.106,-14.0665,-32.9888,8.44864,-1.90865,33.672,-978.44,-272.792,25620,24360,14280
45.7435,49.6667,1.81242,57.8517,13.4711,-17.5252,29.5328,13.6837,47.4904,18.8493,-0.753981,30.3952,-12.8209,-18.3462,46.9168,15.7926,36.112,-981.368,-277.672,23660,24780,14840
27.5418,27.0119,11.3361,17.5631,-3.69437,0.0957329,17.9796,15.1151,22.1857,10.5666,14.8454,14.6482,12.9435,25.6504,21.7928,20.4362,48.8,-987.712,-282.552,20580,26460,14840
-7.28167,-11.0995,13.3646,-31.1216,-1.88066,20.6421,0.442893,9.72504,-13.0954,-2.6108,16.7666,-9.36094,25.9234,39.5747,-17.6676,12.6372,48.8,-992.592,-278.16,17220,29820,14980
-27.1768,-24.7566,9.29948,-29.5856,-0.0909957,30.6961,-10.0004,-0.924484,-23.3143,-9.58691,5.82998,-19.6988,21.8368,30.2327,-24.8318,-0.489145,49.776,-991.616,-271.816,15960,31080,14980
-6.16501,3.86335,-2.77413,16.3221,11.0397,5.66003,-3.74676,-18.647,1.92531,-1.18998,1.62581,-2.62767,3.25731,-29.8127,7.68601,-22.2278,43.432,-981.368,-266.936,15680,30100,15680
6.02311,19.5599,-30.9914,39.9053,2.14609,-77.7901,-2.45788,-45.0209,12.8841,-1.28154,-5.3793,0.795421,-33.2911,-108.418,28.9676,-48.2832,43.432,-978.928,-272.304,15260,27860,16800
18.1703,28.6404,-17.2268,34.8002,-29.412,-74.9215,-4.88844,-24.0778,28.496,9.58052,9.29404,7.45892,-18.9713,-53.1152,29.709,-27.3799,42.456,-980.88,-277.672,13860,26180,17220
24.8995,23.1723,5.31204,6.6018,-28.2564,-16.5597,-5.66681,4.84407,34.6412,20.4344,23.3608,11.5398,5.08843,4.52611,13.8849,1.40993,51.728,-984.784,-280.112,11060,25060,17220
9.03916,-7.32622,13.5449,-39.2231,-9.41454,16.0935,-10.1457,14.5498,10.9367,13.5313,15.5446,1.67822,9.63457,34.5072,-19.205,13.9603,49.776,-984.296,-273.768,9520,25060,17080
12.1943,-2.67651,31.9832,-21.1601,21.7244,52.2532,17.2781,32.3735,11.9653,17.401,10.3623,15.3544,24.2286,71.1295,-6.01425,41.1716,51.24,-978.928,-271.816,8120,24220,16800
17.6013,7.0311,36.1742,1.4441,37.8998,60.8839,28.0833,33.8616,17.3749,16.3843,5.53278,22.5678,25.9456,71.8849,5.71531,41.1988,51.24,-977.464,-267.912,7980,22260,16940
2.63279,-10.1765,20.3243,-12.7057,18.9934,44.5527,6.99658,15.9149,-1.47877,-0.0973221,1.22143,4.36751,17.9218,56.1326,-14.0818,22.4289,51.24,-979.416,-274.744,7280,20720,16940
-13.2624,-23.2274,2.69115,-19.3194,11.3969,25.2828,-6.28216,1.77203,-15.995,-12.5553,-4.95157,-8.85211,5.74474,26.7844,-25.1798,4.2817,49.776,-976.488,-273.768,6160,19600,16800
-29.9871,-30.9312,-26.8637,-17.4765,-9.72782,-7.25059,-22.4524,-14.7896,-36.2859,-28.3178,-21.7081,-26.3248,-23.3455,-27.5745,-27.6372,-20.0356,49.288,-979.416,-275.72,5740,18760,16520
-18.13,-22.7245,-7.7452,-5.5937,-4.63435,-8.49899,-6.56684,1.60776,-48.0981,-10.3836,-24.8842,-14.9456,-18.1276,-2.18927,-9.58885,-3.44974,50.264,-975.512,-279.624,4900,17920,15960
-18.4997,-35.6231,13.6622,-21.0551,2.75143,22.2569,1.58029,12.7024,-72.2471,-2.30024,-29.554,-7.61077,-8.2559,34.3672,-9.55415,13.6026,48.312,-974.536,-276.208,4060,17500,15400
-35.4885,-33.5122,-25.1753,-19.6479,5.1661,1.22922,-19.8627,-25.3464,-55.9761,-40.9038,-48.1563,-12.4865,-27.5174,-39.0821,-28.7383,-26.4196,43.432,-970.144,-283.528,3080,17360,14840
-47.0325,5.10104,-78.643,21.5728,-25.4132,-60.3262,-31.8942,-46.3067,-7.33604,-70.5333,-54.2867,-30.2101,-55.8213,-138.378,-10.7318,-62.9154,38.064,-970.144,-276.696,2800,16800,14140
-35.6686,18.6661,-61.2751,24.6939,-74.1089,-54.9705,-31.9927,-18.5989,17.6228,-38.5543,-15.0108,-38.8726,-34.6322,-94.7921,0.119884,-36.2651,30.256,-966.24,-269.376,2240,16240,13440
-1.04196,10.3864,-2.53953,-1.6732,-39.6972,-16.155,-0.194667,8.16486,29.5417,12.396,26.1353,-14.1989,14.6641,-0.528167,12.8077,9.23534,26.84,-964.776,-273.28,980,15400,12460
5.05164,-8.40877,-3.0411,-11.6914,6.26653,-45.4371,13.9182,-9.21767,4.46038,14.6178,22.5099,-5.20291,0.603952,-31.367,18.7946,-2.17637,24.4,-961.36,-271.816,-1820,15120,10780
21.8263,6.13497,2.21792,16.2537,9.46178,-57.5448,14.9604,-12.4746,12.1206,24.5774,29.59,11.2591,-0.128866,-29.9225,26.3624,-9.74738,23.912,-958.92,-275.232,-3920,15540,9100
47.4168,39.3267,41.2264,45.2868,15.7906,28.1795,31.7579,27.2437,42.1601,51.432,53.2774,38.9761,40.0925,39.3262,46.6212,27.0444,20.496,-962.336,-279.136,-6860,16520,6860
34.2107,25.5742,26.7595,11.1678,14.127,25.3565,7.98987,14.1206,40.5616,30.5716,27.7775,28.131,19.2064,25.33,10.8749,14.0209,20.496,-964.288,-276.208,-8680,16520,5180
28.951,18.3865,19.8555,-7.39564,6.38558,2.96324,-2.33754,4.24189,40.5099,25.5485,16.5344,22.4795,15.0513,29.4625,-10.849,7.00003,21.96,-964.288,-282.064,-10640,16520,2940
14.5494,-0.637586,25.7158,-13.7411,9.78407,33.4599,4.26243,10.8199,8.72259,19.3881,10.54,12.3874,24.9886,53.7219,-12.2413,17.7857,25.376,-961.36,-276.208,-12460,16240,1120
7.04887,-8.0366,20.0737,-7.04402,30.2335,38.571,16.6771,14.1527,-7.66708,7.00959,-12.7418,11.6784,6.74987,48.5332,0.319491,22.712,24.888,-962.824,-279.624,-13300,15820,0
13.6898,11.1008,14.575,16.7854,37.7167,30.1598,19.3374,15.7222,6.14805,1.52657,-20.8132,23.4489,-2.15378,39.4807,14.3144,19.3608,29.768,-961.36,-286.944,-14700,14700,-1400
3.50517,10.892,-3.63832,11.7713,13.2404,16.3595,4.77424,7.32071,11.4033,-13.8109,-10.6377,7.35027,0.875882,15.6128,8.77897,4.13415,31.72,-959.408,-288.896,-15680,14140,-2240
-13.4758,-3.45661,-3.40922,-8.37562,-3.50423,18.6431,-6.73488,3.68945,0.0810128,-14.5724,-0.16721,-11.9838,9.27698,14.8436,-10.2581,-0.086884,35.136,-960.384,-292.312,-16800,13580,-3500
-31.3139,-27.4995,-8.53186,-22.7874,-8.39876,10.2438,-13.3146,-3.77484,-31.1853,-18.5103,-9.60829,-26.4037,-1.20883,0.660264,-25.6954,-4.04738,37.576,-955.992,-290.848,-16940,12880,-4200
-28.4081,-32.5877,-16.0735,-18.1805,-12.7482,-8.83143,-17.6328,-11.9052,-39.0198,-17.996,-11.4594,-23.7794,-11.589,-21.3663,-25.1951,-13.6719,42.456,-955.016,-297.192,-16800,12180,-4760
-17.7919,-13.2143,-9.58331,1.64327,-8.16683,-16.4442,-4.80937,-8.67817,-31.0754,-8.12906,-0.533311,-10.5292,-7.56761,-21.7945,-0.43332,-7.96153,44.896,-954.528,-297.192,-16800,10920,-5180
0.86114,8.50062,-1.38138,8.04788,-9.51683,-15.7729,0.759759,-7.39819,-0.267679,1.63078,3.17755,0.997012,-5.38038,-13.9893,7.74623,-3.68196,46.36,-952.088,-298.168,-16800,10220,-5460
19.2462,17.3958,3.88918,6.11844,-3.07143,-14.4223,0.780047,-9.01614,19.9763,9.70492,6.54605,10.0271,-2.6981,-9.7054,6.15943,-6.16777,48.312,-955.016,-293.776,-16940,9520,-5880
3.30931,-10.4073,-0.280373,-24.499,-13.6541,-5.46725,-11.2939,-8.31559,-8.34944,-0.296116,2.77771,-5.43147,0.115361,-5.49079,-16.9116,-11.391,52.216,-953.552,-294.264,-17360,8680,-6300
-14.136,-24.7515,-4.66914,-35.179,-18.4498,-0.562251,-21.1801,-7.3727,-27.5708,-10.7763,-5.27974,-15.5937,-3.66282,-5.91821,-31.0137,-13.2374,50.264,-954.528,-291.824,-17780,8260,-6300
-0.086663,3.71467,5.21951,-0.873297,1.81411,9.59087,-0.3606,3.84854,-3.95367,-0.236839,-0.706685,1.56189,1.1116,9.7183,0.867521,1.2186,54.168,-954.528,-296.216,-16520,7000,-6160
7.27593,9.56662,0.222462,8.26026,6.92041,-1.87214,4.45308,-0.166075,11.0419,-0.186115,-3.86682,3.76005,-4.80846,-1.97274,5.72437,-1.01526,61,-954.04,-296.216,-15400,5320,-5740
8.77489,12.0757,-7.91439,21.1294,11.8066,-24.1111,10.8616,-7.18167,13.0097,-0.122744,-3.11398,5.1806,-10.041,-27.8933,18.5662,-7.26688,64.416,-952.088,-282.552,-13720,3360,-5040
13.7824,23.3651,-1.53333,32.1837,1.45705,-11.6893,13.1595,-1.87262,22.7297,2.97401,0.470228,8.47451,-2.14936,-11.2694,29.5197,-0.259416,75.152,-955.992,-295.728,-12600,-560,-4060
17.6014,20.698,10.1594,18.632,1.29898,10.9041,14.5652,12.6099,24.5452,10.8784,7.03677,11.4319,6.63772,12.8805,27.2891,14.1609,82.472,-957.944,-318.664,-8960,-4620,-2520
8.35653,1.25377,10.2104,-7.77792,7.78147,13.3674,8.68108,12.3803,8.37926,10.8941,8.66061,5.98261,7.42784,14.145,6.51348,14.2561,90.768,-957.456,-336.232,-3080,-8540,-140
-0.303144,-2.51567,0.422359,-0.474413,7.69791,2.79972,3.99756,2.91638,2.59121,2.28294,1.69221,1.50521,1.1969,-1.1339,2.17169,3.88222,96.624,-945.256,-363.072,3080,-10360,1820
-5.12457,15.0175,-4.13009,24.1138,8.47989,-5.81354,4.82868,-1.54017,1.4352,-2.32552,-4.71667,4.6635,-4.48402,-7.649,11.6046,-2.50802,96.624,-942.328,-379.664,11340,-10360,4340
-6.2306,17.1063,0.0607356,20.1278,4.82165,-1.98249,-0.966455,0.240485,-5.17385,0.776059,-2.29072,6.31115,0.159102,3.24244,0.607651,-2.85446,92.232,-936.472,-382.104,17640,-10500,7000
-15.7523,-17.283,-4.89654,-14.4152,-7.91603,0.646023,-4.83705,4.10322,-19.8229,-4.44848,-4.65413,-9.75025,-1.0844,2.34374,-10.7267,0.716595,88.328,-932.568,-382.104,25620,-11620,8820
-15.9665,-25.302,-8.45872,-23.1656,-11.3852,1.299,-8.83057,3.65904,-15.099,-5.57702,-3.11388,-14.5444,-2.58812,-3.9899,-17.7814,2.10991,84.912,-930.128,-380.152,32620,-13720,11060
-8.01403,-15.6613,-7.84946,-16.4931,-10.0851,-4.76826,-12.4441,-6.62015,-0.696149,-1.24787,-0.0852497,-10.5988,-3.07161,-10.3299,-21.494,-2.28401,77.104,-931.104,-367.952,36820,-14840,12460
-13.1698,-15.2839,-5.0136,-12.2544,-5.45268,-1.37731,-8.96907,-2.04066,-15.9802,-2.17928,1.53403,-10.1939,1.53792,-4.62961,-20.4119,2.84009,69.296,-931.104,-356.24,42280,-16380,13720
-7.69616,-10.5422,-2.20785,-5.23863,-3.35418,0.538665,-5.08162,-0.70435,-13.5612,-4.28762,-1.60281,-5.50892,1.35259,3.0858,-11.5803,3.01446,59.536,-928.176,-349.408,46200,-17080,14280
10.6991,5.11102,4.21742,2.60158,2.04646,0.532859,-3.58052,-5.34259,10.2622,4.49144,4.38254,6.62044,3.81345,5.11114,-3.88208,-2.08275,53.68,-927.688,-331.352,50120,-17920,15120
13.2951,9.63594,2.41935,7.4885,4.15368,-0.987225,-3.26244,-6.10745,14.1472,3.99543,3.53622,8.5007,1.83295,0.910355,1.60608,-5.98807,51.728,-929.64,-321.592,52080,-19040,15120
2.39328,-6.90001,-1.69034,-3.6357,-1.71443,2.05512,7.86211,5.66675,0.480484,-2.66004,-4.30775,-1.29402,-1.04203,1.31558,11.5139,4.81711,45.384,-929.64,-305,52500,-18620,14840
7.66027,-4.2897,3.66946,-5.76983,-2.85179,5.92641,6.01532,6.52636,9.46688,4.06332,1.23334,1.94591,3.3224,6.6125,8.74375,3.55745,50.752,-935.008,-300.608,52220,-17220,14560
6.14215,-2.05482,1.65323,-5.9769,-1.72311,2.93366,3.11071,1.6416,7.52105,3.31308,2.89517,1.33083,1.1675,3.78332,7.26474,-1.44469,54.168,-936.96,-290.848,50960,-15120,14420
-5.59752,-1.57241,-3.54872,1.32867,1.66437,0.156745,6.13128,1.55035,-5.59321,-7.00463,-3.55484,-2.13863,-2.82205,-0.910918,15.0166,0.191367,55.144,-941.84,-284.992,49980,-12600,14280
-8.13674,-2.45733,-3.67462,2.04428,0.28337,-2.30991,0.871223,-0.890679,-8.57001,-8.54406,-2.76823,-4.20797,-2.13505,-4.82602,6.89428,-1.8756,54.168,-946.72,-285.48,48580,-10500,14140
5.76698,5.89718,2.23896,-1.44001,-2.41134,-4.32826,-7.56717,-7.58072,11.7019,3.51355,2.68269,2.70808,-0.638435,-1.42469,-6.74247,-6.0479,56.12,-951.6,-288.408,47320,-9380,14280
5.02949,15.6231,6.56826,6.69074,5.04412,0.380145,-3.72617,-6.28804,14.9863,9.51397,4.21656,10.2268,2.42499,3.21886,-5.83064,-2.75091,56.12,-954.528,-292.8,46200,-7560,14280
-0.445628,16.9308,4.9364,13.0169,10.8642,2.63311,9.12051,2.1211,13.0212,5.41869,0.0408107,10.561,1.25666,2.78795,11.4589,5.73946,58.56,-957.944,-295.24,46200,-7140,14840
-2.80063,7.89617,-1.31985,6.87242,3.26171,-2.31553,5.94933,2.01753,0.829182,-5.31998,-7.04301,2.83899,-5.40857,-2.1774,5.56132,2.82413,56.12,-953.552,-300.12,46200,-7280,15400
-8.10403,-10.0051,-3.11068,-8.80983,-6.29204,0.446211,-4.68486,4.58099,-24.6004,-9.51158,-4.61832,-7.63304,-2.7935,-2.09653,-11.9599,-1.32621,51.728,-954.528,-302.072,46760,-8260,16100
3.33005,0.262354,1.52561,2.30191,-1.29999,1.0589,-0.876707,-0.443243,-7.07034,-5.28704,-2.43392,-1.73071,-1.43429,2.03411,0.895578,-1.32371,47.824,-955.992,-305,47180,-10080,16240
11.0831,8.48363,5.73999,5.93331,1.43063,3.36049,-4.3595,-3.06465,8.82422,2.63642,3.98166,4.64267,3.75499,3.50104,-5.48387,-4.64073,48.312,-963.312,-306.952,48860,-12600,17360
-3.05729,-8.90886,-1.52151,-5.6308,-3.35603,0.276122,-5.41631,-1.75098,-11.0317,-2.83771,1.49007,-6.8886,0.770698,-1.70156,-8.43285,-3.81672,47.336,-963.312,-311.832,50120,-14280,17920
-9.13762,-13.3016,-1.08455,-6.73795,-2.34748,1.65978,-1.21923,2.44926,-21.2469,-1.65625,2.50134,-9.37002,2.13926,1.83415,-8.05018,2.14034,47.824,-966.728,-315.736,52080,-15820,18900
4.38577,4.00235,4.40251,-1.29764,0.830848,0.920527,-7.96768,-1.96624,1.0472,4.73438,5.8875,2.19807,4.57123,3.63399,-19.844,-3.20527,42.456,-972.096,-317.2,55020,-16940,20020
0.685468,-0.972853,-0.0917933,-5.83165,2.50845,0.0321393,0.0158356,2.83108,-6.10135,-2.98796,-2.48647,1.2106,1.64971,1.7202,-9.78639,2.58029,36.112,-970.632,-316.712,57540,-18340,21000
4.43426,-7.99379,-3.00096,-4.75565,-0.963791,-2.39895,4.28131,2.8655,-1.65821,0.433814,-1.77652,-2.25815,-1.18469,-3.22914,9.51452,3.81972,31.72,-970.632,-314.76,61320,-20860,22540
17.7722,17.8009,4.64055,19.8673,6.93562,-0.982684,9.8753,0.445434,26.0713,9.4253,1.66813,10.1745,-0.461595,2.00806,25.3382,2.84,31.232,-970.632,-317.688,63420,-22260,23940
-0.615559,3.90307,0.901343,7.71221,3.48962,1.98009,9.37962,1.96144,1.43506,2.28555,-2.25276,1.55606,-0.0262493,4.21789,17.0574,2.22489,28.792,-973.56,-320.128,66220,-24640,25620
-11.8267,-13.604,1.12816,-4.44059,3.06523,5.28419,6.1658,3.1285,-22.8921,0.983288,1.73913,-4.31122,5.03231,5.59547,6.55457,1.76269,24.888,-978.928,-315.248,68740,-26180,27160
-0.26687,-10.1172,-3.021,-4.71995,-2.75662,-1.40068,4.28465,-1.55083,11.8834,0.862854,-0.604093,-4.26989,0.0155104,-3.1295,11.442,-2.7154,25.376,-977.464,-311.832,70140,-27020,28140
13.2927,2.05589,0.0938327,-7.92866,-5.80563,-2.27526,-2.71723,-2.43056,35.2699,8.98374,7.67148,2.29149,1.43545,-6.85379,-2.59027,-4.94783,19.52,-977.464,-303.536,72100,-28000,29540
0.159554,1.79904,-0.578012,-4.38897,-3.88063,-2.65488,0.133848,-0.12069,11.5161,-0.247723,1.05831,-1.00035,-1.91514,-3.83015,-1.48619,1.07574,16.592,-974.048,-296.704,73780,-29400,30660
-4.36527,4.98065,1.05147,7.36136,5.18117,-1.40655,4.7666,0.784044,-1.80596,-4.37575,-2.98744,2.65303,-3.89741,1.74223,5.83176,4.27005,20.008,-973.56,-291.824,74760,-31080,31640
2.37388,19.4723,5.24051,17.675,9.46985,-2.31789,-5.93336,-5.75597,-1.06494,3.3637,2.13821,11.8311,-1.29716,1.72638,-9.60919,-5.86379,17.08,-974.048,-292.8,75460,-31640,32480
-22.4764,-26.1367,-7.50655,-18.4538,-10.7937,-1.91234,-12.0242,-2.5627,-42.3735,-4.50535,1.21078,-15.3639,-3.67612,-8.61049,-22.9083,-8.96916,13.176,-968.68,-287.432,75320,-31920,32760
-12.3636,-15.422,-5.15273,-19.1277,-10.8778,0.5088,-12.8261,-2.39211,-12.2316,-1.4184,0.405472,-8.56726,-1.67364,-4.73034,-19.074,-12.1,15.616,-972.584,-284.016,75320,-32620,33180
-1.81237,14.3634,-3.573,11.4793,3.40216,1.26547,5.71623,4.1544,11.3151,-3.94937,-6.19492,4.41946,-3.3072,1.17969,13.9033,-0.986004,17.568,-969.656,-278.16,75460,-33040,33180
-3.09376,-1.60318,-5.93338,-3.77309,-4.16605,-1.40112,-3.48458,1.91082,0.261512,-4.18151,-3.53312,-2.88879,-2.32402,-2.63676,-4.18871,-4.36923,13.664,-972.584,-273.28,75040,-33880,33320
13.1289,18.086,0.139888,5.53011,0.493177,-2.32693,-4.24179,-1.35427,27.5249,2.61076,0.599017,8.55111,0.108123,-1.63709,-8.01901,-2.65072,11.712,-972.096,-272.304,76300,-36120,33460
9.20791,32.184,4.0288,16.2879,7.91919,-0.33897,5.93456,2.7527,17.6091,0.397257,-3.58656,14.3305,0.189932,4.66505,6.99279,6.21296,11.224,-970.144,-271.328,76860,-37940,33740
-10.0076,0.775437,1.54878,16.1717,11.7164,3.30842,16.5044,7.49538,-29.4635,-7.70381,-6.24855,0.793061,1.32204,8.11484,30.3109,13.5381,9.76,-975.512,-279.624,77420,-39760,33600
-19.168,-46.0463,-8.71203,-17.779,-7.96499,-0.72549,-0.211168,3.64042,-45.4344,-12.9014,-5.42256,-24.2183,-2.12793,-4.81696,1.77256,5.381,15.128,-970.144,-274.256,77420,-40460,33740
4.91958,-39.5136,-6.60801,-43.6872,-24.5126,-6.96148,-20.4801,-6.53619,12.9905,4.49025,3.9687,-18.5122,-1.96009,-13.5596,-32.033,-8.92011,11.712,-968.68,-272.792,77560,-40880,33040
28.6923,30.9295,13.4708,17.0137,9.29389,6.9448,7.00904,6.09067,53.9133,20.4758,10.2583,21.0843,8.84366,8.84008,7.33548,10.7441,12.2,-969.168,-264.984,76020,-40180,32340
22.043,66.2421,17.8911,46.3804,22.4255,8.39051,0.688866,-2.21687,37.737,13.6706,3.8983,33.8219,8.02604,15.8711,-7.27308,8.30723,6.344,-965.264,-256.688,75040,-40460,31500
8.73195,22.3068,9.94152,2.86407,6.67416,7.15827,-7.48929,-2.27866,3.05131,8.94909,8.37085,13.2447,6.84558,7.96399,-26.7689,7.90357,8.296,-968.192,-251.808,73360,-41160,30800
-11.8315,-12.8613,-4.09243,0.312911,3.00212,0.566765,16.6952,0.337313,-29.5894,-7.2936,-1.37146,-9.25824,-2.02934,-0.795926,28.4684,19.949,6.344,-963.8,-250.832,72240,-42000,30240
-30.7696,-35.0862,-7.5546,10.1438,5.35602,-0.184193,22.5509,-0.778201,-68.182,-16.8941,-6.15058,-19.7582,-2.21944,0.184425,50.8146,20.6773,4.88,-960.872,-247.416,70840,-43120,29400
-10.3626,-43.8218,-10.2697,-20.2807,-12.5654,-5.8312,-3.16171,-5.06006,-22.2358,-9.80757,-3.79341,-21.3256,-4.65572,-9.15618,7.87134,5.17736,8.296,-965.264,-250.832,69160,-43680,28560
10.7196,-19.6419,-5.85572,-20.7498,-12.0547,-5.8877,-7.16492,-2.86581,25.1777,1.09529,0.595118,-8.93777,-4.74089,-11.057,-5.97026,5.18655,10.736,-969.656,-254.248,67340,-44240,28140
12.8055,19.8426,3.12827,6.13249,1.22505,-1.15549,-4.19889,-1.63576,24.7885,6.71908,5.09531,9.19681,0.356112,-2.41794,-4.54122,6.70949,9.76,-970.632,-254.736,65660,-43820,27440
-14.4791,9.43574,-3.17784,14.3453,4.06808,-2.44588,1.64165,-4.46596,-25.5565,-9.59266,-6.28876,-0.641277,-3.77451,-0.387453,6.36806,1.42123,19.52,-978.44,-263.52,64680,-43820,26740
-27.2843,-39.1523,-14.9147,-30.9748,-24.4245,-8.95408,-27.0755,-9.92154,-47.6633,-16.4512,-8.10883,-27.5385,-7.66125,-14.1991,-27.4995,-20.688,18.544,-980.88,-264.008,63700,-44100,26320
0.935259,-31.2975,-7.42024,-51.9278,-28.9574,-4.8407,-30.5642,-3.3176,14.3817,-1.37537,-0.0717356,-15.7364,-2.10699,-11.2565,-41.5349,-15.9435,16.104,-977.952,-261.568,64120,-44240,26180
24.5428,43.9514,15.5323,8.57711,8.76499,1.75157,-17.1972,-5.12461,49.6127,11.2493,1.41018,29.5341,7.34281,12.4779,-36.6271,-7.21134,19.032,-980.392,-266.936,64680,-45360,26460
22.6661,40.1671,18.6965,13.2037,19.2999,5.90347,-3.96048,5.67338,26.444,16.8735,9.18363,32.4926,11.6844,18.2394,-32.7017,1.96141,20.496,-977.464,-267.912,65100,-46200,26740
-5.78856,-38.8042,-5.69182,-29.3983,-5.24596,1.32144,19.2794,12.9492,-11.8542,-2.38799,0.150007,-14.1677,-1.6482,2.03735,15.1883,11.93,20.984,-976,-269.376,65240,-45640,26880
-16.324,-6.53343,-6.30769,27.591,11.5921,3.34075,42.429,7.75463,-20.2905,-12.2469,-7.82629,-8.60458,-4.19181,5.14165,71.9974,14.8423,18.544,-965.752,-262.544,64260,-44100,26600
-15.2821,16.3088,-1.04608,48.418,19.4771,4.82797,30.0259,4.56949,-28.2875,-8.90536,-6.16891,2.29446,-0.700742,6.45601,51.5909,-2.98733,19.032,-960.384,-251.32,62440,-40600,26180
-4.03859,4.79787,-3.26255,11.5981,-2.15268,-1.53037,-4.11466,0.221844,-2.72272,-0.187166,-0.702908,-1.82546,-2.32514,-4.12817,-4.92507,-33.1033,19.52,-960.384,-246.44,60340,-38360,25480
18.2433,6.63904,3.59509,-11.8445,-8.2205,0.899385,-14.234,0.243499,42.4773,14.0084,8.10176,6.67035,2.74254,-2.3941,-29.6209,-43.5797,20.008,-964.288,-249.368,57400,-36680,25340
36.3493,33.4595,11.2533,1.03029,-0.785847,0.765591,-11.4624,-3.20603,71.3986,21.8055,9.94141,22.1521,4.81367,-0.390516,-23.4163,-47.3159,24.4,-968.192,-245.464,55720,-36120,25480
-1.41201,4.59328,6.63766,-3.48228,-0.839415,0.17103,-10.0671,-5.13903,-7.45163,7.60564,3.19687,5.29009,3.85725,-0.0535296,-18.0132,-48.5833,29.28,-973.56,-247.904,54600,-35980,25900
-17.8575,-37.9054,-2.25523,-24.3762,-5.59333,1.81443,5.74373,2.30233,-30.0361,-5.08369,-2.42909,-14.616,0.414437,-1.96389,10.2579,-36.2845,33.184,-973.56,-250.832,54320,-35560,26880
14.1987,52.3203,14.8255,57.7745,35.0954,8.49188,35.6777,9.66923,31.0523,3.95182,-4.50979,29.5687,3.42226,17.3803,58.3023,-15.6321,28.792,-974.536,-253.272,54320,-35980,27580
22.4202,45.7064,14.1733,33.4103,22.2562,5.57815,9.99995,1.18757,30.9395,13.6557,6.96697,26.616,5.70999,12.0059,9.8498,-27.1501,28.792,-977.464,-256.2,53480,-35840,28700
17.9008,-6.28368,-4.63132,-22.6974,-10.7565,-5.6469,-5.49757,-2.37045,37.5743,5.96847,4.07318,-3.05457,-4.79918,-8.71973,-10.8236,-26.5166,27.328,-976.488,-260.592,52920,-35280,29260
16.7923,36.8526,0.421657,24.3464,4.45113,-3.91553,-3.38166,-3.26679,36.6037,2.67499,0.345801,13.5854,-3.42841,-3.90062,4.92643,9.08182,29.768,-974.048,-257.664,52220,-34300,29680
-20.5601,-26.7888,-8.04366,-20.4264,-10.3206,2.97408,-7.27797,9.09191,-52.1322,-9.33741,-0.0462169,-17.0003,-1.86507,-5.26287,-18.0184,74.3801,22.448,-976.976,-256.688,52500,-33740,30380
-57.4915,-75.0657,-17.5494,-43.1863,-19.9929,0.355268,-6.96434,4.64576,-115.659,-28.8377,-12.4651,-44.9988,-5.57249,-7.96652,-13.1826,90.7103,21.96,-971.12,-260.592,53200,-34020,30800
-30.2483,-26.2326,-4.55343,2.16377,5.9822,5.99046,16.7839,13.4387,-63.335,-18.0989,-8.81272,-15.2729,0.286703,4.82585,23.5952,93.4685,22.936,-975.512,-264.984,54040,-34300,31360
-11.0601,2.47483,-6.20151,8.6543,3.22948,-3.93008,3.31933,2.06797,-20.1618,-9.56208,-4.46726,-4.84444,-4.45107,-4.21835,5.60913,69.164,20.008,-972.584,-267.912,54460,-34020,31360
-10.5467,-7.33377,-9.41775,-15.0377,-14.5331,-14.4922,-25.4399,-19.6457,-9.17441,-3.73834,6.50904,-12.9814,-4.12619,-17.3228,-26.3583,21.1602,17.08,-969.656,-263.52,54460,-32340,31220
-19.9158,-45.5339,-19.3479,-28.7907,-27.1229,-15.1657,-32.587,-16.1123,-27.753,-12.7822,1.14149,-30.746,-9.21507,-23.808,-17.2632,2.41693,11.712,-968.192,-263.032,53760,-30940,31080
3.1706,1.69207,-7.83416,4.94082,-13.026,-7.55521,-27.487,-11.8649,13.4878,-3.05368,-4.83914,-4.36745,-7.51852,-13.3062,-9.19435,-3.2763,4.392,-972.096,-259.128,51940,-30800,30660
23.088,22.596,7.0742,3.78863,5.99313,3.26972,-2.19112,-4.93877,42.2258,8.77237,-2.86144,15.6507,-1.21784,5.17728,-21.9088,11.4692,0,-976.488,-259.128,49560,-31220,30380
23.7765,-6.78868,7.0766,-23.9021,1.63244,3.86292,3.99999,-3.95972,31.2712,12.6253,6.35481,5.84365,2.05258,7.75194,-27.8731,-0.604686,-1.952,-969.168,-260.104,48160,-31780,29820
14.7811,-19.1148,3.15497,-23.6598,-4.69204,-2.81638,5.01948,-7.58629,16.1803,9.7733,8.22737,-3.58667,0.416132,4.43947,-4.55121,-13.3341,-0.976,-965.752,-259.128,45500,-33040,28980
-7.66421,-25.8506,-2.96,-15.7517,-6.24082,1.1399,11.9018,8.07236,-12.0775,-1.08271,5.52286,-13.9765,1.9325,2.41946,22.2466,-6.76001,-2.928,-965.752,-250.344,43680,-33180,27580
-16.448,-2.8942,-4.62148,19.2398,6.82747,4.9602,24.6061,13.3763,-18.6172,-12.5776,-8.81511,-8.06477,-0.171576,6.59963,48.5422,1.02798,10.736,-959.896,-249.856,41160,-33040,26180
-6.39218,19.2157,2.20301,32.4406,14.2588,8.27927,17.9191,7.30823,-11.9381,-5.45863,-9.24732,7.66111,4.39895,11.4261,29.7851,-6.54605,14.152,-957.456,-240.584,38640,-30800,23380
23.0335,42.1017,11.6261,25.2077,7.03257,1.49796,-6.81255,-2.07479,35.5936,17.1853,2.45745,25.9079,8.65527,7.13815,-8.36744,-27.5958,7.808,-958.432,-222.528,36540,-29120,21140
58.535,94.4508,32.5028,40.2661,20.2144,6.17871,-16.3726,-0.554674,95.4531,43.4083,24.3691,59.3604,20.9124,16.2926,-36.7377,-34.0965,2.44,-953.064,-199.592,34440,-28560,18900
44.6788,63.9975,28.3897,7.50182,13.4891,13.1512,-11.7968,9.33393,73.8635,37.7504,26.8431,46.7608,21.6613,15.5195,-38.1188,-33.1225,-10.736,-945.744,-216.672,33740,-29260,17780
-1.5027,-14.7122,-0.464241,-19.8314,-9.23121,-0.128312,-7.07051,-7.71883,-2.942,1.3285,0.252078,-3.29379,2.23398,-1.65012,-7.34043,-49.7147,-17.08,-992.104,-207.888,30100,-30100,16660
-20.8747,-33.6269,-7.31044,-12.6008,-2.65288,2.25978,10.7175,2.24145,-44.3691,-16.172,-15.1542,-15.4392,-2.52349,0.613243,14.2296,-41.7938,-14.64,-954.528,-196.176,27020,-29120,14840
-35.9017,-55.0513,-11.7266,-3.49777,8.6693,3.39222,33.7409,10.063,-78.1915,-26.2962,-20.8109,-22.8569,-5.68835,4.53499,44.8924,-3.04044,-26.84,-969.656,-195.688,27720,-29120,14700
-15.6531,-43.713,-13.1704,-15.0802,-5.75998,-5.44149,22.3764,-0.405962,-18.5773,-15.0289,-11.0648,-22.2165,-7.49923,-6.18625,35.0842,-1.20925,-18.544,-967.216,-196.664,27860,-30520,14000
2.61437,1.22603,-4.28671,8.03631,4.30831,-0.331697,21.0495,-0.897098,23.3269,-4.02444,-9.00811,-1.66494,-6.17634,-2.06899,33.1396,-10.0924,-19.52,-955.504,-189.344,25760,-30240,13300
-4.23356,19.2663,-1.22852,24.7866,8.8166,3.17399,4.73807,0.366719,12.1903,-4.29387,-14.6993,5.43482,-7.9898,3.07369,14.2726,-5.15034,-22.936,-960.384,-191.296,23240,-29680,12880
1.64234,14.6525,-2.15793,-7.75805,-8.21171,-0.41359,-20.6068,5.247,26.2584,1.44353,-5.21159,3.1281,-5.77852,-3.20244,-26.0808,5.56485,-20.008,-968.68,-210.328,20020,-28420,12600
-21.3471,-11.0242,-7.00081,-13.0449,-8.00526,-9.71063,-11.3079,-1.26018,-23.6562,-12.6668,-3.31365,-11.4345,-6.51508,-5.12871,-11.3833,2.39384,-24.888,-973.072,-200.08,17920,-26740,12040
-39.4656,-15.9947,-11.2595,8.92693,-2.50926,-14.897,-8.46767,-16.5835,-69.5928,-23.9921,-6.73676,-19.4523,-9.15778,-13.0635,11.7915,-14.1386,-32.208,-979.904,-196.176,15540,-25340,11760
-13.7904,15.1616,-3.34885,21.7649,-0.304789,-6.04542,-16.3179,-10.7275,-29.2756,-10.2171,0.210254,-1.76489,-4.61088,-14.6078,1.68627,-13.2036,-33.184,-984.296,-195.688,14420,-24920,11620
-3.77617,-8.46592,-4.06769,-15.3056,-17.3388,-4.28262,-25.351,3.04019,-18.7241,-2.32929,4.39914,-7.92149,-4.67389,-12.3473,-34.3751,-1.12167,-24.4,-976.976,-200.568,13020,-23940,11760
23.6722,1.76132,8.2625,-28.2733,-10.6262,0.920378,-21.1441,3.11194,17.7026,17.0498,19.9945,5.68664,5.13982,-3.42387,-55.3713,17.5239,-25.864,-976,-190.808,11060,-22960,11480
31.0272,13.0725,13.0804,-21.9375,-0.910091,2.4545,-11.4361,3.47523,37.3365,20.6172,21.6973,10.8991,7.15612,2.07354,-50.6584,41.4446,-17.568,-972.584,-192.272,9940,-21280,11200
8.96916,-11.178,9.70092,-6.58999,8.36104,8.24893,8.87045,12.021,-4.39143,8.39219,18.7945,-1.80445,8.13603,10.9147,-4.33469,44.8885,-17.568,-968.68,-199.104,9380,-18340,11200
-4.09941,-6.72878,2.72777,13.6757,11.0202,9.34809,24.8564,14.6508,-15.7258,-1.55301,13.3816,-6.76578,5.41593,10.6101,30.7382,45.4027,-9.272,-972.096,-194.224,8400,-16660,11200
-20.3727,-32.2444,-12.6181,-15.7806,-11.3537,-3.66893,0.209551,-7.27078,-39.9971,-12.7232,3.42004,-24.4262,-4.59088,-6.80735,2.63404,19.0346,-9.272,-971.12,-204.472,7140,-14420,11200
-0.827307,-19.9459,-10.3244,-5.87913,-8.07038,-6.32399,4.39657,-10.0049,8.59108,-5.52712,-0.407899,-11.7597,-6.94135,-8.15518,22.9027,11.0618,-11.224,-972.584,-199.104,5460,-13300,11620
17.9789,16.389,6.01418,25.8035,14.265,1.89195,18.167,-4.00206,40.3638,9.87123,2.7685,16.9851,2.87271,8.93916,40.0021,18.4015,-1.464,-977.952,-197.64,4760,-12880,11760
24.8402,41.3369,11.4843,27.5964,12.0218,0.483914,-1.53849,-10.0629,58.426,13.6661,1.44902,28.6195,5.09651,8.90257,10.6923,-9.37527,-3.904,-978.928,-196.176,5740,-13160,12180
36.162,67.4162,10.5667,39.1685,8.54077,0.839722,-0.749863,0.957727,90.435,20.0078,7.56156,34.8534,6.15708,2.68027,15.7593,-10.7314,-0.488,-976.488,-200.568,7000,-14000,12600
22.3633,42.7599,3.47589,16.6783,2.61906,0.982074,5.46964,0.727771,66.2965,10.6224,0.243639,20.958,3.70828,0.587391,6.18104,6.61299,-5.368,-981.368,-205.448,7980,-15260,13020
-13.5207,-19.7515,-8.07382,-10.369,-1.05302,1.16679,16.8106,8.34619,-9.19504,-6.54606,-12.7472,-7.77883,-0.539579,0.945065,14.492,19.21,-2.44,-977.464,-194.224,6300,-15260,12740
-40.7984,-58.3547,-16.4757,-18.5549,-5.29123,-1.83415,9.65926,7.66394,-67.3684,-17.3545,-22.1895,-27.0293,-5.34283,-3.21143,12.8208,3.34121,3.904,-968.68,-198.128,6300,-15400,13440
-49.4789,-63.5395,-16.8143,-19.7254,-9.97849,1.17477,-2.01693,7.31938,-89.2235,-18.1051,-21.1191,-30.8982,-3.52838,-5.92602,-0.756097,-20.6166,1.464,-978.928,-204.96,5600,-16660,13860
-23.5184,-31.0469,-4.95646,-25.6122,-11.9936,2.44329,-19.9798,-5.42562,-54.9622,-2.83217,-10.0205,-12.6531,2.94641,-6.86634,-44.4528,-36.0071,-25.864,-989.664,-191.296,4620,-18480,13720
9.68279,6.58249,10.6819,-24.7045,1.31658,2.33017,-21.5736,-12.4161,-8.24217,7.97268,-7.00904,13.7662,7.69851,3.57076,-67.0044,-32.898,-21.96,-958.432,-202.52,4620,-21000,12880
15.6242,4.59655,6.54842,-21.781,0.995757,-1.4365,-5.95116,-7.86011,16.7805,2.43067,-10.9853,9.90673,2.52091,4.6871,-32.7981,-26.5672,-12.688,-967.704,-197.64,4200,-20580,12880
6.63722,7.23556,-4.9186,4.25275,-0.58026,-4.7694,3.72805,-13.1273,12.2573,-6.7599,-17.2952,-2.551,-8.71934,-10.6467,11.1724,-32.6676,-12.688,-953.064,-188.368,4480,-19600,10780
-1.27867,19.8266,0.0968211,37.6944,8.04581,-5.4211,-7.76516,-11.7616,-21.8953,-3.45358,-13.3112,1.99643,-6.82167,-8.75218,24.3537,-56.9577,-3.904,-944.768,-183.976,4620,-18900,8820
6.56078,20.5931,1.70737,19.4008,-7.64088,-2.22808,-17.7154,3.24012,2.80774,5.19662,-3.78145,0.914705,-3.76572,-3.94031,1.78524,-30.4865,0.976,-950.624,-180.072,5460,-18480,7980
19.0515,20.1143,1.50813,-8.12203,-12.6319,2.61367,-7.02882,9.61263,40.9766,9.90952,1.9479,0.0909438,-2.77839,-0.10543,-8.43898,5.30847,5.368,-947.208,-186.416,4060,-18620,6860
12.1312,17.6496,6.61636,3.35562,10.0992,10.9617,24.4979,15.2184,26.4213,5.02373,3.3819,5.14832,1.5896,13.4397,23.6008,40.9743,-12.688,-955.504,-183.976,2240,-17920,5320
-3.00143,-19.7185,6.04808,1.25363,16.5784,14.6754,33.4747,20.2371,-34.3228,-4.85478,5.16893,-7.36489,5.33729,17.0383,35.1435,56.6649,-13.664,-954.528,-231.8,3920,-21420,5040
2.73413,-21.6494,4.63428,-1.12215,6.15329,6.73799,20.3788,14.362,-18.5633,-5.39047,11.2988,-7.58326,3.92007,9.81919,29.4636,31.8391,-11.712,-986.248,-190.808,-3080,-21980,3220
-1.87187,30.2497,5.63513,47.3176,21.217,4.95011,32.0367,17.5793,4.6573,-6.45672,19.8552,9.75854,2.67148,14.0278,54.9165,38.0287,-5.856,-979.904,-195.2,420,-23380,2800
19.9419,52.3278,13.8966,25.5908,16.4188,-3.43917,-4.76402,-4.42509,40.2136,15.0734,33.4092,29.7146,5.03999,10.5769,-20.4938,22.8126,-1.952,-988.688,-194.224,3780,-25480,2240
-2.39902,-24.2056,4.06115,-63.2394,-16.57,-4.88359,-33.5078,-9.45457,-1.63026,12.2068,30.1678,1.05134,2.12932,-1.46347,-82.5336,-12.7799,-13.176,-970.144,-209.352,5600,-28840,2380
-22.0512,-47.3155,-10.1725,-48.4581,-24.1505,-9.46773,-20.8066,-8.64345,-13.158,-5.55285,15.5549,-20.264,-6.8641,-11.8815,-27.275,-29.5407,-13.176,-978.928,-215.696,2800,-29960,2240
2.28681,2.71008,-4.14928,6.67048,-10.0965,-14.45,-20.9717,-18.5233,29.985,0.854321,16.904,-0.051224,-4.23333,-12.2731,2.01444,-32.4658,-15.128,-965.264,-209.352,-560,-30240,1680
-12.4791,-9.47337,-4.61553,-14.8157,-13.5917,-9.43273,-35.3162,-18.422,-22.4506,-12.3802,6.40606,-7.22908,-1.70683,-8.26962,-42.176,-20.6405,-11.224,-971.12,-199.592,-3500,-28420,1120
-19.6015,-36.1597,-13.799,-32.2294,-20.4602,-4.91824,-14.1376,-3.21866,-42.9324,-18.8414,-1.66188,-22.7908,-4.4134,-10.0422,-24.9346,18.6677,-18.544,-961.848,-189.344,-4900,-28000,-140
-27.5707,-24.6206,-20.0687,17.0908,0.0496224,-0.196725,29.8481,17.7282,-38.0665,-24.0491,-11.3577,-24.7578,-8.70975,-6.17127,54.4291,47.5935,-21.472,-965.752,-183.976,-7000,-28000,-1260
-9.70199,18.8391,-4.37283,55.7731,23.9393,8.52071,37.8651,20.3317,5.11856,-6.72613,-9.00252,3.92395,-0.17623,0.309413,71.8621,37.9423,-23.424,-967.704,-185.928,-8960,-27860,-2380
9.60788,27.8167,4.78851,35.6574,13.2266,1.46109,13.8627,-3.16871,28.313,9.19187,-6.70275,14.4431,4.32849,-3.73786,35.7566,6.59282,-26.352,-968.192,-186.416,-12320,-27300,-3640
29.4506,30.9964,11.0677,9.4723,3.05675,-6.29586,-6.68747,-17.1042,52.6528,20.2687,-5.04155,20.7598,7.9457,1.16554,-4.57898,-14.2215,-29.28,-968.68,-182.024,-13440,-26740,-4900
23.3122,-3.3213,4.82766,-25.5984,-7.82169,2.42337,-10.3603,-5.98776,34.2649,14.2215,-10.5692,5.01119,6.16624,1.53292,-21.03,-22.2893,-19.52,-965.264,-182.024,-13580,-26600,-6440
20.1848,8.32902,11.2434,3.71162,8.71365,16.6867,14.5986,12.6267,14.917,14.8183,-9.54477,12.9345,11.4657,12.4495,14.0827,0.0810377,-18.056,-967.216,-192.272,-13720,-25900,-7700
28.9112,49.7108,16.5635,30.2025,17.9552,4.55519,10.1542,-3.62468,32.1944,16.8119,-11.2949,29.7458,9.54499,14.9377,7.35594,-7.90636,-13.176,-963.8,-194.224,-14140,-25340,-8540
5.00266,25.2168,6.06684,15.7057,8.43545,-3.40301,-7.54092,-18.575,-4.58495,1.83876,-22.9751,14.1523,-0.498818,5.04222,-20.88,-30.4688,-10.248,-970.632,-203.008,-15400,-23940,-9100
-29.9426,-54.749,-15.1849,-50.0806,-22.2987,-1.85268,-27.8047,-8.70488,-63.9918,-15.7137,-25.5155,-27.0879,-11.5528,-16.1118,-55.7068,-27.106,19.032,-983.32,-205.936,-18760,-21700,-9800
-25.9602,-60.3515,-26.3231,-56.3161,-35.8025,-7.4273,-25.0532,-3.45074,-30.2978,-21.6641,-21.1166,-37.3044,-19.2634,-22.7542,-36.7805,13.1944,-28.304,-961.36,-129.808,-21280,-16380,-11340
-3.35476,-12.0073,-16.0929,6.79766,-6.05708,-13.533,8.86362,-2.01875,15.1002,-10.0257,-11.5817,-12.4788,-15.8718,-11.6334,30.9816,29.9851,-15.616,-981.368,-191.296,-20860,-17640,-11620
-13.7293,-1.57282,-8.32574,22.8964,9.54592,-6.17851,14.0231,-0.628329,-15.6276,-11.8343,-12.7926,-4.18791,-11.371,-4.12464,36.7748,0.604054,-1.952,-966.24,-205.936,-26740,-15680,-12320
-16.8315,6.90181,-0.874676,28.1657,10.652,-3.60178,6.47477,-0.698642,-38.6982,-6.34514,-7.47934,1.38819,-5.193,7.10196,18.1027,-18.6918,-11.224,-974.536,-205.448,-29260,-13860,-12880
-32.6705,-37.0161,2.31252,-28.7365,-2.38963,-3.67188,-15.02,-5.60655,-81.5093,-1.89695,3.60956,-15.7109,2.53721,10.1387,-38.4053,-26.558,-8.784,-970.632,-208.376,-28560,-12180,-12880
-21.167,-21.5699,5.57326,-35.5804,0.684214,3.67088,-17.2081,-5.34169,-28.122,-1.24385,2.96298,-5.07424,2.68001,6.09459,-52.0502,-23.0043,-32.696,-973.072,-223.504,-28840,-10500,-13580
30.96,48.871,12.0625,13.2742,7.4283,7.71907,-0.902491,2.6997,82.9153,16.7869,18.1885,24.8351,6.38469,-6.77837,-8.88014,-16.1794,-26.84,-977.464,-202.52,-29960,-8260,-13860
32.9607,54.9814,8.87802,37.1903,3.14148,1.90045,10.0548,8.94473,79.4746,18.2378,29.2709,19.5776,11.453,-10.3778,37.8352,1.24003,-33.672,-956.48,-199.592,-28280,-2800,-14700
30.0566,35.7187,7.09678,11.4401,-8.22337,-2.89292,2.1211,12.5962,54.9525,12.1412,32.3281,8.4148,10.5585,-1.48655,14.6444,13.1229,-18.544,-914.024,-189.344,-27020,4340,-14840
28.5314,6.77499,15.1093,-6.23538,2.83861,12.7849,15.9595,25.2092,15.9866,9.17018,32.2058,6.72708,14.2096,15.6146,5.84389,34.248,-41.48,-915,-199.592,-25900,10220,-14700
9.09983,-16.3736,13.7793,-5.62911,13.2797,23.7079,25.5549,27.1659,-20.3447,6.59129,23.7161,1.48907,14.7912,21.9491,9.78269,30.6511,-62.952,-967.704,-208.864,-24920,12040,-15820
-24.9712,-45.9225,6.5656,-27.0968,10.3827,22.9847,8.90346,19.7676,-68.0069,0.815288,12.9614,-9.82555,12.0579,15.3689,-21.9609,20.277,-53.192,-950.624,-220.576,-27720,8120,-16660
-21.5132,-10.6653,-3.99198,8.51942,12.3305,0.760739,5.94071,5.10405,-34.7212,-7.61618,-5.41993,-0.107669,-3.75604,0.124232,-0.166036,10.8512,-29.28,-927.2,-213.744,-34580,9240,-17920
16.93,39.9642,2.44952,46.0918,11.2609,-1.9519,16.8146,4.6695,39.2825,9.57859,5.67634,18.4925,1.52396,3.25917,42.8167,11.3546,-43.92,-949.16,-205.936,-36120,13860,-20720
-16.5295,-30.326,-4.06746,-3.32567,-3.29015,4.77327,14.8724,6.36506,-40.0261,-4.6025,2.71399,-15.6815,3.46653,7.5273,26.9651,10.1411,-45.384,-946.72,-205.448,-38500,15400,-21420
-21.9364,-18.7901,-1.55149,-13.8128,-0.656657,3.44011,-5.48283,-5.27334,-29.7772,-10.9561,-7.31037,-8.01489,0.802391,7.38326,-14.3981,-9.15987,-37.576,-947.208,-219.112,-42140,17080,-22120
-1.68677,33.8854,5.85434,18.6066,12.8751,0.264426,-4.96538,-11.3182,23.9704,-3.66913,-12.1804,18.9485,1.30762,9.70025,-8.43733,-1.95704,-37.576,-931.104,-215.696,-44100,21140,-23660
9.21058,38.5197,-0.101142,9.05938,-3.21217,-11.0018,-18.428,-22.4542,45.4937,3.41974,-10.9319,15.2912,-4.08376,-5.35555,-15.0162,-28.1888,-52.704,-916.952,-211.792,-41580,23800,-25340
23.6351,18.6619,-4.21342,0.00942988,-13.3814,-16.976,-21.6153,-25.8167,56.2518,7.67982,-6.38652,5.7813,-7.951,-12.9806,-5.7536,-44.2738,-47.336,-914.024,-204.472,-40460,20300,-26740
24.451,7.41621,-4.57262,1.42411,-4.25608,-9.16825,-8.03808,-15.4526,43.4605,0.887581,-11.7694,3.06646,-8.27261,-10.1755,4.97327,-19.9955,-38.064,-919.392,-214.72,-40880,16240,-27720
19.9735,16.4265,-7.28047,7.88342,-7.81118,-10.8617,-16.0604,-18.7257,35.3069,-1.22855,-15.2061,6.52586,-11.5765,-24.2592,-2.33124,-15.907,-35.624,-920.856,-221.552,-42980,13860,-28980
5.61637,-7.92115,-5.12362,-3.01867,-11.7419,-10.198,-5.73924,-4.59044,-2.56711,2.99815,-3.98132,-1.20812,-7.92105,-13.4604,-0.258955,-17.9054,-23.912,-917.44,-229.36,-45360,15400,-30380
-21.7511,-51.16,-13.4687,-36.5009,-21.4846,-9.14633,5.6396,10.1045,-37.8297,-9.32541,-5.16652,-28.4176,-10.0659,-2.40097,-0.194892,-8.14569,-25.376,-919.392,-217.648,-48720,20160,-32480
-28.906,-60.1952,-17.7777,-37.2192,-20.1873,-6.25693,2.39146,5.92999,-48.8509,-15.5648,-6.47764,-37.1186,-9.19211,-5.2864,11.262,8.77972,-20.984,-921.344,-212.768,-50680,22820,-34020
-2.88275,-5.5532,-4.80482,18.324,0.478102,-5.53491,0.73599,-2.65883,-11.8645,-0.987616,-2.22562,-7.26128,-4.20552,-4.18478,37.4243,23.6463,-13.664,-920.368,-207.4,-51940,23800,-34720
-3.86318,-7.98203,-2.75652,1.81367,-2.35354,-1.55212,-7.14555,-0.4338,-25.4637,-3.49378,-8.00767,-4.10139,-4.44135,-3.37909,-1.90948,20.0855,-9.272,-924.272,-197.152,-55160,27160,-35000
-10.906,-42.1989,-7.21407,-48.2446,-16.1749,4.92061,-11.8633,8.64047,-37.5992,-8.63449,-7.65513,-19.2322,-1.85703,-1.36238,-45.9072,31.1552,1.952,-927.688,-192.272,-57400,29680,-35140
-0.487338,-0.634045,-3.33879,8.62374,9.61142,5.39327,20.9269,10.4339,-1.6181,-12.0449,-7.27998,-5.26357,0.232268,3.9185,15.527,46.5048,15.616,-927.2,-196.664,-59500,33180,-34720
7.87148,21.9583,1.33135,43.0246,22.3479,8.17263,41.2691,6.33797,20.5939,-9.09385,-4.15482,4.58945,2.60747,7.12044,56.0866,31.9182,17.568,-942.816,-194.712,-60060,36260,-34020
-17.0097,-22.1498,-5.01293,-29.2875,-5.51669,7.35363,-0.79178,1.58123,-27.5835,-15.3485,-3.79206,-14.6318,0.79804,-0.164558,-33.7204,-2.63038,14.64,-946.232,-212.768,-58240,35420,-32200
-39.4559,-50.6409,-1.23769,-67.0066,-15.099,3.87808,-43.402,-9.36101,-98.5906,-19.1724,-4.65751,-20.0594,2.5972,4.05405,-96.2948,-15.6066,17.568,-954.04,-225.456,-55860,33740,-28980
18.7904,45.6879,26.3022,24.1393,22.1494,4.93875,-22.6792,-14.0393,-3.43913,18.2476,15.6341,39.927,14.3384,18.6202,-25.3711,19.6157,20.008,-960.384,-232.288,-53340,31780,-25760
38.8764,109.703,29.9617,62.7093,36.8359,8.08755,-8.629,-12.6323,71.2887,26.7273,16.2731,64.8445,13.3157,16.0305,-8.34257,9.09819,13.664,-945.744,-241.072,-49140,29820,-20860
12.7249,45.808,7.32791,1.40421,-1.36874,-13.2979,-33.93,-21.7265,32.1304,14.3939,5.17372,25.0812,-1.02211,-11.4863,-48.7824,-22.164,17.568,-945.744,-262.056,-46340,30100,-16800
-8.47526,10.7081,-1.5047,3.56761,-0.819994,-23.8447,-10.3949,-8.31415,-0.853289,7.26219,1.6745,3.71312,-5.09695,-13.0884,-5.2302,-17.6472,-0.488,-920.368,-246.928,-45640,32200,-14000
-3.4421,30.2196,-0.24917,41.2311,10.2807,-2.48749,29.5948,16.7368,37.4928,5.82936,3.78003,5.20148,-2.95243,3.99099,63.1394,34.695,-19.52,-914.024,-220.088,-47600,37940,-12180
1.43981,13.7707,0.626912,28.5401,2.50011,12.1247,34.3993,23.8747,44.4113,13.1652,13.9628,-3.13184,3.7398,11.3553,62.9345,39.0799,-30.744,-912.56,-190.32,-50960,40600,-11200
-14.6812,-30.2518,-12.8405,-3.35333,-5.23144,10.4127,29.5114,19.7884,12.524,-0.545147,5.68581,-27.5477,-2.7278,-5.34326,43.6319,2.17328,-27.328,-924.272,-190.32,-54740,39200,-8960
-24.4725,-65.6316,-21.7137,-28.9871,-18.4483,1.73729,18.0432,15.2494,-16.2124,-8.46827,1.17854,-44.3067,-7.93091,-15.2903,24.2803,-36.4561,-28.304,-938.912,-198.616,-55440,35700,-6720
-27.993,-84.3067,-17.7674,-40.5822,-23.3815,-1.31335,8.76353,11.06,-44.034,-10.691,-0.539488,-49.4898,-4.36485,-3.25911,7.33045,-85.4807,-27.816,-931.592,-191.296,-54600,32620,-5320
-1.02742,-44.1926,-3.42067,-35.7345,-15.1091,2.93082,-5.71912,2.01751,6.59926,-3.73672,-0.802321,-20.9808,2.35434,1.46885,-11.8442,-99.3473,-6.832,-959.896,-221.552,-54600,30520,-4060
-1.55964,-23.5691,2.747,-22.4325,-3.56592,9.29113,-11.8924,-3.88996,-9.86216,-2.57443,-2.9213,-0.890579,4.90584,-6.30592,-27.0377,-78.3342,5.856,-950.624,-267.912,-49980,28700,-2380
9.52982,23.873,5.15936,22.5441,6.04157,7.84167,-2.38255,-4.35387,-11.7299,0.319799,-5.37289,20.4931,1.78466,-13.6616,-7.40012,-33.6018,18.056,-950.624,-252.784,-46760,25480,420
5.23875,37.2251,-3.12072,23.643,-0.725815,-7.56856,-1.68864,-5.40262,-7.53622,-8.64487,-12.3613,15.7801,-5.94079,-9.935,-7.82885,-4.68382,19.52,-940.864,-259.616,-45500,24360,840
0.957563,20.1926,4.91728,-8.61964,2.78185,-1.75393,-2.03437,3.60065,-3.92012,-5.95164,0.273643,10.2909,5.19276,15.3282,-28.1091,25.0346,14.64,-944.28,-239.608,-45360,21560,1680
13.7914,1.63972,22.953,-8.91157,14.712,9.07012,-5.77501,-2.43472,-20.3528,15.258,17.0326,16.9276,20.7605,30.7296,-22.7647,36.0753,17.08,-959.896,-240.584,-45360,16800,2240
52.8842,64.0312,34.9245,39.8584,22.6484,16.6602,-12.041,-10.438,28.0801,37.6194,23.6815,53.7555,24.5906,10.4673,-9.34281,31.0061,11.224,-937.448,-252.296,-44240,12880,3080
59.3945,78.571,20.8729,41.2658,11.2199,-3.2583,-13.148,-13.416,72.956,23.9103,9.87074,49.5114,10.1164,-4.91128,-1.84183,28.4739,18.544,-937.936,-234.24,-46060,11340,3360
8.18593,1.28947,6.56531,13.851,22.0604,-7.7526,13.4007,-1.54041,-18.5515,-2.56637,-5.99208,13.8948,1.67016,9.89417,19.4909,48.9924,17.568,-948.184,-204.96,-47740,6300,2940
-4.01646,3.83112,-1.07362,35.5909,20.3672,-3.67796,36.7213,11.465,-6.10649,-3.3714,-16.7316,4.27484,-8.23555,3.92904,61.4594,55.4081,20.496,-964.776,-208.376,-50120,-280,3080
-4.45932,-15.0577,-6.50937,6.96943,-6.84027,-3.07836,22.8949,13.3158,17.3717,1.75581,-10.0273,-10.2934,-8.9166,3.58615,43.1763,44.9644,16.592,-959.896,-212.768,-51100,-5740,2800
-4.84904,-10.1076,9.22558,-14.7883,6.24189,10.1445,9.3631,10.1363,11.5703,9.27095,2.43149,0.656542,8.81167,29.4586,8.91853,38.029,5.856,-963.312,-223.504,-51240,-9520,2100
-12.6572,2.23352,12.7295,4.48723,22.0334,16.9363,16.4794,10.3997,11.916,6.78285,3.65076,-1.69235,11.7665,35.5239,28.866,35.2004,9.272,-982.832,-222.04,-52220,-12880,2240
2.50254,24.1551,20.2238,9.18508,21.3806,16.0956,-13.6178,-2.63263,26.7609,10.1686,8.67911,13.8085,13.8972,30.7138,-8.12938,10.2744,17.568,-977.952,-229.848,-51940,-16240,2520
14.5766,21.5642,7.48532,2.3407,2.22667,5.41213,-29.8497,-13.8858,43.0705,5.31202,4.80796,11.3807,1.76853,4.3974,-28.7122,-11.4442,21.96,-994.544,-259.616,-51380,-17920,2240
-30.0202,-35.4569,-41.9261,-26.002,-31.864,-17.1245,-26.6205,-18.4409,-16.3127,-30.3814,-16.567,-36.7067,-30.4485,-60.9546,-30.2685,-24.6469,12.688,-996.984,-264.008,-50120,-15680,2800
-43.9895,-63.3769,-69.4342,-45.7074,-68.6273,-39.6953,-32.5155,-15.2494,-60.6653,-51.1436,-36.0609,-63.2132,-58.3678,-99.5899,-41.0939,-32.6255,3.904,-974.536,-264.496,-46620,-15820,3920
-19.9384,-73.6155,-54.1989,-64.1214,-75.8083,-41.7283,-27.9388,-7.2235,-65.0062,-49.2423,-26.0648,-58.0162,-49.6905,-58.1744,-40.805,-24.1593,8.784,-954.528,-268.888,-43120,-19040,5600
9.20131,-29.0792,-17.8438,-31.616,-25.6004,-16.8771,2.28607,1.45802,-4.71902,-23.6849,7.364,-26.7091,-7.28167,-3.22536,4.55134,-5.18563,13.664,-945.256,-272.304,-42140,-23940,6860
-7.61789,-8.31367,6.28216,-5.14958,10.0061,10.5335,16.797,8.61521,0.151369,-8.70417,18.7617,-16.8996,16.78,24.099,25.0925,3.07249,6.832,-944.28,-267.912,-40460,-27160,7280
-30.4176,-46.7998,8.89867,-28.0219,4.1924,17.6375,5.19285,2.30732,-63.0677,-0.322258,12.0202,-22.0929,15.2186,23.263,-11.998,-9.31915,6.832,-961.848,-280.6,-40040,-33180,7700
-3.57514,-3.93975,5.75991,12.7471,15.1543,12.599,14.9281,3.91497,-18.8416,14.2054,4.13289,6.8413,4.66053,3.1686,12.4559,-13.0958,10.248,-966.728,-292.312,-40320,-34440,8120
-7.87338,11.3021,-2.46498,15.2507,18.4926,-16.8695,0.825565,-4.72708,-14.2707,-0.597792,-13.2437,10.7631,-7.72309,6.09844,0.605879,-20.4471,12.2,-965.752,-285.48,-39620,-31220,8260
2.71164,24.9642,14.7124,9.22593,22.4714,-2.45016,-4.63385,-2.21953,-7.82058,8.1014,-5.42336,25.3597,8.99282,28.0402,-23.4115,-11.7548,12.688,-970.632,-269.864,-38640,-27440,8540
14.2645,46.9728,12.4124,11.6823,0.304064,14.9468,-19.9311,-7.89512,30.7789,17.3628,1.80914,30.7028,13.5331,-7.02528,-37.9898,-20.2316,6.344,-967.216,-281.088,-35840,-20720,9100
1.64697,31.6037,-5.70597,15.1222,-14.1138,-4.24311,-8.92986,-8.96329,33.4024,8.6564,4.26324,6.11427,2.81636,-33.2573,-1.98347,-17.306,-19.032,-972.096,-235.216,-32340,-16940,11200
-4.75726,9.89049,8.2166,10.5702,7.41877,-13.864,13.8198,-1.99589,3.72541,8.6383,5.14026,4.37621,7.73986,12.7113,23.9668,0.982398,-8.296,-963.8,-254.736,-28000,-18060,12880
0.644538,-11.3859,19.653,-13.2206,15.028,5.25832,14.1086,5.73039,-2.54012,17.8453,5.87789,7.45967,13.5655,34.7068,5.86797,5.24328,-20.984,-968.192,-256.688,-25760,-17500,13860
19.0836,11.239,15.416,3.48614,17.8211,19.0276,4.13568,5.46308,35.9253,19.8881,2.59089,19.5981,9.65514,12.2374,0.49913,-4.71811,-29.768,-976.488,-263.52,-23100,-18760,14420
8.77105,12.0631,-1.00056,12.8268,-0.47548,4.07811,-9.94131,-1.91923,12.667,6.06704,1.65759,11.9661,-2.03362,-15.9128,-1.25828,-14.4914,-29.768,-964.776,-271.328,-20720,-20860,15820
-9.10278,-5.30196,-17.5007,1.63802,-21.8569,-6.79174,-3.18944,0.617807,-1.10569,-12.8744,-5.78882,-13.7041,-12.2805,-24.417,13.0893,-5.79105,-26.84,-969.168,-274.256,-18060,-22260,16800
10.1253,0.916427,0.342466,7.00521,-0.341386,3.10864,7.9734,9.23131,6.92578,-4.46692,1.07714,0.194418,1.71833,-0.855009,24.475,9.09339,-32.208,-962.824,-284.992,-16380,-24360,17640
33.994,25.4746,14.1692,29.0657,13.4659,2.08873,7.96222,3.43047,24.6152,1.39284,8.30635,18.3324,8.88206,9.67975,33.537,3.65387,-29.768,-952.088,-296.704,-13300,-28280,18340
41.6334,41.4785,23.4026,34.8026,23.9642,2.14327,20.5544,9.39503,44.7279,12.6451,10.9796,30.6935,13.5089,24.7675,28.3156,14.7678,-22.448,-949.648,-292.8,-12040,-32200,19320
12.1359,2.86694,18.0771,-3.0008,19.8484,11.8913,16.0649,15.9119,6.57677,8.51807,5.31943,13.3875,11.0239,25.6792,-9.09528,21.7475,-23.424,-952.576,-298.168,-9660,-38640,19740
-6.09054,-13.8707,10.0589,-15.0126,6.5453,21.4539,2.05331,9.6665,-19.6749,11.112,5.33918,2.82214,6.83739,15.759,-25.4412,19.4713,-20.008,-949.16,-296.704,-7700,-48300,20440
-16.8112,-9.84888,3.27044,2.51164,0.920957,13.6207,0.860557,-3.84636,-31.3696,12.6842,7.76884,-2.21872,3.13661,9.19186,-6.70348,10.2242,-23.912,-951.112,-281.576,-7420,-55720,21280
-15.3754,-12.1597,-2.22665,-3.79332,-1.22473,3.41551,-3.56501,-2.82328,-26.3265,5.65585,-3.36178,-7.01115,-5.60953,3.46902,-11.1174,-1.38054,-21.96,-935.496,-274.256,-7280,-69160,22960
2.19514,20.1585,-2.18324,21.6531,5.47345,2.96361,6.03594,8.96775,15.6963,-3.49745,-6.66238,4.40538,-6.51793,3.03359,12.4692,7.75871,-20.984,-939.4,-234.24,-9660,-85820,24500
9.83796,36.5496,-0.917701,35.5523,7.70793,1.69516,11.6437,7.63639,45.9039,-1.06345,4.71908,4.52202,0.509304,-1.81062,26.4617,15.405,-576.816,-648.064,444.08,-20300,-147280,27720
-13.6696,0.199037,-4.77965,16.455,-1.45309,-4.14627,14.7592,3.9409,15.3166,-2.03984,4.22752,-17.2015,-0.765636,-8.26453,30.2995,16.8128,-24.888,-999.424,-348.92,-43820,-322280,50820
-24.5021,-20.3673,-2.60185,-7.65056,-9.59112,-6.94971,-0.147145,-4.86876,-21.4187,0.503234,5.20254,-19.3835,1.32355,-4.82766,6.35608,6.14323,1.952,-953.064,-427,-27300,-227080,38220
-16.6262,-13.4718,4.07128,-9.67705,1.8437,1.25849,0.631308,-1.74075,-20.6159,4.3852,4.41409,-4.73255,4.9401,6.26313,2.32294,7.99925,-6.344,-997.472,-423.096,-12740,-149100,31780
-14.6059,-11.8379,-3.90551,-12.2128,-0.228161,-1.19144,-1.4746,-3.11828,-6.3222,-3.2252,-6.56003,-4.77158,-4.0889,-2.40595,-1.67958,1.09707,-1.464,-993.568,-368.928,-280,-87640,26600
-12.2102,-23.9286,-9.87143,-38.4024,-15.4665,-7.51586,-19.9514,-8.74105,-8.24196,-4.25078,-7.683,-8.14292,-7.25655,-14.5153,-38.9396,-15.5819,13.664,-993.568,-357.704,8960,-45220,22400
-22.9564,-61.8449,-27.9839,-67.0139,-43.1469,-23.854,-43.6949,-24.1424,-38.4246,-27.5685,-18.3728,-33.3904,-17.7966,-38.7023,-63.9851,-36.598,28.304,-999.912,-343.064,7280,-23800,19460
0.628431,-39.8381,-13.2561,-39.083,-21.2474,-16.692,-28.1607,-18.4464,-44.0416,-23.9118,-8.57496,-17.297,-5.80112,-20.6298,-40.1908,-22.9395,29.28,-992.104,-332.328,5740,-16100,19460
0.14457,-20.5715,-15.6664,-15.8289,-18.8743,-10.6956,-14.8494,-11.4048,-38.1118,-32.8994,-14.7644,-19.6269,-10.2228,-14.5506,-12.6959,-9.07775,24.888,-993.568,-315.736,5180,-10500,20860
6.75804,-4.88749,-21.5586,-11.2869,-26.831,-6.0307,-18.0527,-3.78879,-12.4691,-27.9579,-20.0251,-14.6968,-20.141,-28.0576,-9.84808,-7.95184,-6.832,-983.32,-279.136,6440,-7560,22120
17.0883,26.7805,-7.98513,21.2636,8.65424,-2.30231,7.65189,5.89959,19.3094,-12.3524,-12.6416,11.6486,-12.2056,-7.04555,23.354,7.56588,-15.616,-966.728,-269.376,10220,-9240,24080
29.7039,34.7073,8.61439,21.5855,22.3023,-5.32664,12.3494,2.69619,39.2243,19.9731,9.09622,25.4911,2.3532,14.8585,18.0014,0.391139,-11.224,-968.68,-269.864,9660,-11760,24220
20.2354,30.027,17.2769,29.7335,28.0672,2.53318,19.011,-0.424956,25.7424,33.0308,18.4339,24.8141,10.7183,20.7165,23.0498,-2.25733,-5.856,-979.904,-279.624,9100,-11480,22960
2.90533,19.0413,13.2449,28.9748,27.3623,7.54528,23.0617,-0.589457,14.2598,12.4854,5.57153,15.1346,9.7919,19.6257,22.7175,6.32726,-7.808,-983.32,-283.04,9380,-8820,21560
1.53144,2.60934,8.05943,3.65209,7.49282,13.2466,6.32875,4.53737,4.41652,-8.39773,3.2778,5.50895,12.8337,13.8768,-1.26807,-1.92651,-10.736,-979.904,-282.552,9940,-5600,21000
-8.09216,-4.9447,-5.40531,-5.37671,-7.95552,9.43404,-4.12659,7.70259,-1.86105,-20.9902,-5.52078,-7.86901,1.45468,-2.37577,-10.3324,-4.692,-14.64,-966.728,-280.112,11340,-3640,20860
-18.7413,-22.5045,-23.3167,-15.0858,-28.3433,-6.67236,-12.4678,3.60294,-16.2694,-17.453,-14.3285,-22.3235,-18.4685,-28.5972,-9.92757,-7.74123,-20.984,-971.608,-285.48,12040,-4480,20440
-11.1372,5.43915,-17.2324,1.10361,-26.6805,-14.9305,-14.8223,-1.55124,7.44105,3.66123,-3.54373,-3.29207,-14.2581,-36.8926,0.137632,-14.3249,-15.128,-974.048,-288.896,10220,-4900,19880
6.62037,24.8398,6.30314,1.54518,0.089389,-17.2719,1.60478,-1.83354,37.2678,23.7046,11.527,14.2264,4.00931,5.03382,9.41037,-1.18925,-12.2,-971.12,-285.968,10360,-4200,19180
9.49012,2.73753,24.9421,-12.4646,17.6462,11.8281,14.6964,7.25129,28.1131,36.8373,25.1723,14.8954,23.1246,37.4359,7.69631,19.0268,-15.128,-986.736,-292.312,11480,-3920,18900
12.4482,5.7051,26.1627,6.85033,24.667,24.2227,15.1182,8.34037,17.4288,29.5599,17.0134,18.7375,21.5229,35.6268,14.1004,20.0104,-13.664,-983.808,-286.456,12040,-3500,18760
14.2532,-2.53387,21.3689,7.71122,20.4456,16.8127,7.65782,10.1471,-7.11237,22.2841,9.50257,13.6918,14.3479,28.9886,6.03196,14.0315,-23.424,-981.856,-281.088,13720,-3080,19040
27.0652,21.8512,19.051,25.8948,21.8614,12.6863,5.78612,14.2455,6.15904,14.6452,6.76833,23.0048,11.0042,24.7613,14.6712,14.8507,-15.616,-980.392,-289.872,15400,-3360,19180
8.55434,20.5526,5.26405,26.6977,11.2212,3.69545,3.66942,7.11872,5.5999,-1.07346,1.23439,9.28599,1.51419,10.1341,14.6688,7.06586,-16.104,-980.392,-292.8,16240,-4200,19320
-15.6893,-6.86153,-8.95802,-0.593309,-9.1377,-5.94948,-6.72027,-11.6776,-22.9012,-21.0984,-12.8908,-9.68202,-8.53761,-14.2799,-13.2021,-16.3907,-11.712,-970.144,-286.456,17220,-4200,19320
-12.5658,-9.05637,-9.3015,-4.12929,-8.25816,-11.7559,2.01381,-14.4974,-14.3413,-21.9519,-14.271,-13.0232,-10.02,-16.2925,-9.61689,-14.4165,-13.664,-978.928,-286.944,19460,-2660,19180
-3.68164,-4.81138,-6.43851,3.07031,-2.35427,-10.909,8.03901,-5.36215,-7.84059,-17.606,-8.72807,-9.6451,-7.99773,-9.24568,5.18637,-1.22002,-12.688,-976,-288.408,19460,700,19040
-19.0263,-12.2673,-2.41453,-11.7646,-8.92417,-6.05337,-0.427407,1.82248,-0.121463,2.68208,3.84825,-17.9752,-5.40975,-6.26949,-5.58398,2.52812,-16.104,-982.344,-289.872,20020,2240,19460
-37.8938,-47.5495,-9.83839,-48.9291,-25.6232,-3.43442,-16.17,-0.673846,-30.8575,2.1549,3.15179,-38.5383,-5.58571,-15.3785,-40.546,-2.24716,-19.032,-984.784,-287.92,21700,4060,20160
-22.8589,-44.8959,-19.6625,-27.3992,-22.3455,-1.52732,-11.0442,-1.3113,-52.0715,-23.6868,5.23459,-33.8496,-3.67828,-19.7882,-12.8122,-3.6342,-22.448,-974.536,-297.192,22820,4760,20860
7.03326,8.3395,-3.49668,15.5371,4.63084,7.54787,6.30028,3.5629,11.2568,-1.702,9.38406,-2.16548,3.36842,-3.98946,17.7706,3.71948,-32.208,-966.728,-289.872,24080,7140,21560
8.99275,14.0304,6.54289,12.712,14.1268,6.25279,0.0110637,-8.69252,-1.46249,1.37303,-6.66165,12.48,3.47932,7.53428,1.61561,-3.242,-31.72,-965.752,-291.336,25340,9940,21980
-5.56991,18.2301,10.3991,14.8757,20.3559,13.4693,7.08078,0.129117,0.29435,10.7615,-1.38876,16.0992,10.2776,13.0549,4.31694,6.50536,-39.528,-964.776,-294.752,24360,12320,21700
4.22525,12.5305,-2.64603,11.8011,9.12242,5.76085,5.5868,2.81745,-1.13136,-17.6627,-4.75953,10.7736,3.59975,7.26697,9.106,8.76994,-40.992,-964.288,-283.528,23660,17640,21000
21.9732,7.83609,5.84126,-3.78731,4.3631,5.6523,0.226346,4.84555,12.0739,5.70912,3.86218,17.1886,6.1084,8.80692,-5.56754,6.83589,-33.672,-964.288,-286.456,24500,20720,20300
29.3787,36.0871,16.0856,19.0683,15.7827,4.84659,10.3912,5.04866,48.9432,29.014,-5.56899,30.7198,5.09397,12.4232,12.1702,8.57593,-28.304,-972.096,-287.92,22260,27160,19040
17.767,29.9862,12.6993,34.0587,20.3538,6.50691,18.6576,8.14107,15.1284,13.5537,5.57704,26.1831,4.36532,11.6532,30.4208,11.5153,-29.768,-971.12,-281.576,21560,34440,17920
5.868,11.3656,3.36013,9.55594,0.773824,5.2338,4.33448,8.2167,13.8116,11.0746,7.04341,6.73376,2.37104,0.820941,8.30415,3.50632,-25.864,-970.144,-295.728,21700,38920,17080
-6.43467,-10.3021,-11.0573,-12.5972,-18.7509,0.497681,-6.59437,4.30001,2.11511,-3.20316,-6.41068,-10.9406,-7.00128,-24.0782,-11.5385,-6.79346,-26.84,-968.68,-286.456,18060,45360,16100
-23.0719,-31.4667,-25.5715,-25.638,-32.6743,-14.6829,-16.5577,-2.87066,-27.9311,-17.9621,-13.5525,-27.0012,-17.4315,-44.2713,-21.4553,-14.6596,-28.792,-961.848,-272.304,17080,49980,15540
-13.2825,-20.9957,-16.6992,-26.3908,-33.1589,-27.7271,-22.493,-5.05055,-17.7165,-15.8049,-5.74187,-21.6099,-13.3765,-17.8634,-15.7919,-14.2768,-21.96,-963.312,-277.672,16380,54600,14840
-8.19552,-19.3857,-6.28316,-31.399,-20.4598,-20.6248,-19.7583,-10.9524,-10.8211,-8.27887,-0.336036,-15.7296,-7.33825,0.811464,-14.9839,-17.5845,-26.352,-962.824,-269.864,14840,58380,14000
-6.98944,-10.4341,-1.68413,-14.3784,-3.0134,-6.68573,-16.1047,-17.179,-6.12516,-8.71065,-0.683972,-6.20595,-2.79305,6.12603,-8.71537,-20.3909,-28.792,-963.312,-254.248,14840,59920,13300
-12.3962,-4.67905,-6.26851,-0.793128,-3.30246,-4.41533,-18.022,-19.6512,-9.25122,-10.4332,-6.899,-6.96643,-10.0805,1.14469,-10.5721,-19.9265,-20.496,-963.8,-264.008,15820,58800,12740
3.60153,-0.870076,-6.3937,-2.55119,-4.96993,-1.35463,-11.3452,-5.34246,8.57688,-4.14422,-2.69674,-3.2516,-5.82837,-1.80408,-11.91,-8.88018,-14.152,-975.512,-267.424,15540,57540,12320
15.0091,19.3586,7.35897,13.0106,12.479,8.47018,12.1617,11.3542,25.4966,7.85229,7.07132,12.2891,5.43653,9.14678,7.07789,11.1775,-11.224,-972.096,-278.648,17220,55300,12460
7.62869,15.1699,6.74345,15.4373,16.1529,4.23219,19.3617,9.51714,10.1277,4.21422,-0.729245,8.41622,1.63774,10.7679,10.7002,15.9729,-15.128,-976,-281.576,18760,53200,12320
-3.80179,-2.85172,5.41352,6.78114,13.6682,4.1478,15.8189,5.223,-16.188,3.07031,-0.221791,2.12274,3.01609,12.5878,7.60475,15.9012,-24.888,-976,-283.04,20020,51380,12460
1.60006,-2.6499,3.41423,6.8441,8.29707,1.02156,4.98246,-12.3902,-14.2699,4.47935,0.28091,1.4512,2.15429,5.17104,7.11477,4.01073,-23.424,-971.12,-292.8,22120,47320,13160
17.0025,10.3789,9.58113,10.3766,10.8165,4.20073,4.45321,-6.9489,12.1336,10.3826,7.26745,10.9067,7.43329,5.35598,7.50567,2.36517,-23.424,-973.072,-288.408,22260,44800,13580
19.3282,9.41073,11.4383,2.20636,7.61032,1.97283,5.09517,2.09838,21.558,13.3257,10.1422,11.0782,8.85729,4.76785,4.4109,5.88889,-28.792,-967.216,-280.6,22260,42280,12880
-4.71327,-22.6615,0.0610733,-16.5308,-3.42721,-5.54753,5.39353,-0.141404,-9.06719,-0.995887,3.22356,-9.68858,2.93187,-3.13965,1.98109,5.69176,-25.864,-958.92,-279.136,22260,38500,12600
-17.4224,-23.4049,-3.1271,-6.34735,0.827617,5.92554,10.5185,7.9146,-26.4531,-12.3392,-6.3314,-11.3879,1.50644,-2.40079,10.4853,9.34976,-28.304,-963.312,-269.376,21560,35700,12320
3.13708,18.5396,1.72566,23.0909,8.45467,7.9935,9.7947,7.45875,20.6318,-3.28271,-6.75214,10.7138,1.53418,2.18916,20.7531,8.89492,-24.888,-962.824,-262.544,21000,31360,11760
-11.1066,5.25537,-4.40176,9.80736,1.4406,2.07815,0.0577187,5.41963,2.04512,-4.91767,-5.63241,0.403416,-1.51906,-4.1408,5.42549,0.948561,-23.912,-957.944,-259.128,20300,27440,11340
-15.4226,-11.685,-5.60513,-5.1737,-8.21759,-2.69567,-14.9023,0.798409,-22.3644,-2.84847,2.40387,-9.9865,0.0155657,-7.54576,-7.94851,-11.6432,-23.424,-962.336,-254.736,19040,22960,11060
-3.87506,-2.15762,-9.20841,-6.64929,-14.5158,-7.00286,-11.1912,-0.0140621,6.4242,-4.17056,1.32494,-10.0558,-3.00416,-11.2431,-8.72744,-9.52383,-15.128,-962.824,-255.224,18340,19040,10080
10.5452,-1.00482,-0.507053,-14.0243,-7.29473,1.60127,2.61363,9.67289,16.2234,3.3701,4.73112,-0.762903,3.40153,-2.06664,-10.5749,5.17484,-17.568,-966.24,-248.88,16100,17920,9240
8.91815,1.5811,5.52828,-5.04577,0.921275,1.932,7.4878,5.23285,6.89004,5.3716,1.07081,4.52724,3.78352,4.33654,-5.90998,8.08606,-16.104,-967.216,-247.904,15540,16660,8400
11.0786,15.4867,12.9596,8.61712,15.754,13.9772,17.236,17.916,12.4271,9.52148,0.996243,16.2759,7.07408,17.3601,-1.40089,21.205,-22.448,-968.68,-242.536,14280,15540,7980
4.47081,12.6226,14.1558,12.785,15.3742,15.7792,10.2447,12.4975,2.27827,14.5291,4.19107,15.4582,7.7858,18.4294,7.62648,18.4325,-23.424,-973.072,-242.048,13580,13580,7280
7.71488,18.2441,9.00948,20.685,12.349,5.23161,0.419892,-3.41398,6.15827,8.14519,3.26017,13.745,2.90311,10.8815,15.4187,-3.27335,-34.648,-969.656,-240.584,12880,12460,7000
5.64687,14.246,3.10491,18.5843,5.86182,-7.22321,-8.74002,-19.4534,3.57879,4.75874,2.43742,8.93111,-1.91326,0.0965248,10.0714,-23.0336,-32.696,-969.168,-246.44,12880,11060,6300
-3.88168,-3.42448,-7.35999,-10.1121,-13.2157,-9.13496,-23.2953,-21.3849,-6.88019,-6.92486,0.156204,-5.44174,-7.02072,-14.7149,-22.6723,-29.9545,-30.256,-973.56,-245.464,11060,10920,5740
-8.66895,-17.9409,-12.0594,-29.8242,-24.6138,-6.69214,-21.6508,-7.20455,-9.92947,-12.4238,0.440438,-16.7977,-9.0554,-16.7906,-31.2651,-20.9945,-35.624,-975.512,-244,9520,11340,4900
8.72518,-2.22275,0.385636,-4.55612,-3.4086,1.74734,3.95166,4.26318,3.17331,0.204457,5.79178,-0.409278,0.644331,-1.01701,1.79742,1.38405,-42.456,-971.608,-235.216,10080,11060,4480
4.56795,10.9482,5.55347,13.3686,10.9212,3.51608,17.514,5.97847,16.2666,11.2963,5.75832,3.90212,3.67358,6.30266,22.188,10.711,-43.432,-972.584,-238.144,9940,9800,4480
-27.1602,-0.745332,0.10086,8.21337,4.30984,2.70901,13.335,7.20667,1.48518,13.2591,9.1463,-14.5821,5.87416,3.27294,20.5681,10.9479,-43.432,-972.584,-244.976,9240,7560,4340
-18.0294,-34.0104,-18.8579,-20.0196,-14.683,-5.55417,-7.39342,-2.29224,-37.7095,-29.6754,3.96166,-25.4997,-2.05446,-8.72145,-8.37985,-1.64909,-47.336,-970.144,-244,9660,5320,4620
-14.5787,-43.4695,-20.9946,-28.2809,-22.651,-10.8387,-16.8774,-9.65849,-50.655,-25.627,-13.274,-24.0794,-10.3509,-18.0897,-19.9252,-10.0378,-43.92,-968.192,-249.368,10220,4620,4900
-6.23004,-7.11183,-7.29014,-12.275,-8.30847,-7.5293,-8.82162,-3.65863,-11.9482,-4.38222,-27.299,-3.13818,-10.0896,-8.49831,-15.6116,-4.08798,-43.432,-964.776,-252.784,10080,5320,4900
15.573,27.2895,1.77521,9.9694,4.50412,-8.17386,-1.25625,-4.04283,26.3421,2.14418,-7.39711,16.7246,-6.08561,-1.06291,-0.355915,-2.31408,-46.848,-957.456,-246.928,10360,6020,5180
13.5224,25.0024,12.8384,21.2393,16.8052,3.35895,12.0778,2.71181,6.91113,8.33582,-1.15442,21.5281,3.95766,11.7926,10.9856,8.24826,-41.968,-959.408,-253.76,11200,5880,5880
1.48031,2.41908,7.51847,5.44339,7.73975,5.31211,6.05836,1.23307,-12.095,1.0877,-5.214,6.67703,3.05629,8.92554,0.199735,4.96142,-38.552,-963.312,-255.224,11200,5740,6440
-1.38488,-1.27188,-0.829841,-7.5829,-3.50945,1.57741,-6.44308,-1.63876,6.99749,-0.18329,-1.64594,-2.40607,-1.48813,-1.88357,-11.7621,-2.72007,-46.36,-953.552,-252.296,11900,5600,7140
-6.49911,-14.2561,-8.59885,-14.7231,-10.7193,-2.06244,-9.66097,-2.9696,-3.61726,-7.17568,-2.08005,-11.4863,-4.98999,-7.62367,-10.1614,-2.64986,-42.944,-952.088,-249.368,12880,5040,8260
-11.8439,-23.014,-8.73897,-19.1531,-13.7808,-3.42732,-9.15317,-2.63861,-13.3409,-4.46108,0.971495,-16.4809,-4.00157,-6.92144,-9.78933,-2.45883,-45.872,-955.016,-243.024,12880,3640,8820
-2.81884,-7.00407,0.592511,-7.10943,-1.51486,1.11804,-1.00886,1.60531,-0.56677,0.855018,4.95264,-3.90531,2.62487,1.85072,-5.77992,3.40089,-46.36,-954.04,-250.832,13860,980,9520
7.46879,6.60701,5.96181,3.81674,7.53487,3.3537,5.37551,3.76555,13.5484,4.78638,7.6139,5.86568,4.28353,5.59829,5.41558,7.2825,-42.944,-958.432,-251.808,13860,-1540,10360
12.716,9.20779,9.66656,11.7367,13.9018,2.76127,10.5972,3.24434,14.2904,6.57951,0.226431,12.5986,3.4817,9.02696,15.1702,6.77089,-39.528,-960.384,-257.664,14280,-3080,10640
14.4953,21.071,9.62536,28.4592,16.1666,3.16531,11.372,4.29063,19.2272,8.82857,0.803544,16.338,3.75509,9.25066,26.8601,4.05296,-48.312,-958.92,-253.76,15960,-4900,11340
-5.35621,7.2793,-5.67529,11.18,-2.15201,-4.58166,-3.87149,-1.51032,6.18396,-7.43721,-1.91435,-2.85174,-5.64796,-3.83169,8.10784,-6.22943,-41.48,-957.456,-260.592,17780,-7000,12040
-7.73482,-2.0981,-4.5089,-10.9432,-9.97019,-2.32003,-12.2062,-1.69897,7.62234,-0.0342341,7.6435,-6.78708,-1.54851,-7.97183,-17.9333,-7.45259,-37.088,-962.336,-267.424,17780,-8540,12180
-2.75469,-8.53904,-0.850189,-12.8383,-7.97512,-4.76841,-11.7851,-7.40828,-0.636874,5.85761,6.96584,-4.76905,-0.0921573,-5.89977,-14.8167,-8.58757,-36.112,-957.944,-268.888,19040,-9520,12180
16.651,25.2,15.9098,31.1054,20.28,6.54172,13.6386,0.964883,14.5553,20.6329,14.0497,20.9976,10.7445,13.2019,27.4637,6.87758,-37.088,-962.824,-266.936,20440,-10220,12600
11.4728,26.2942,12.8406,33.8182,21.77,7.27407,23.3338,9.41021,10.6674,13.1853,5.83446,18.2432,8.38894,14.7615,32.2946,18.1947,-39.04,-963.8,-264.496,21280,-11480,13020
9.70047,7.04878,6.02321,5.60177,8.37221,0.334774,16.1964,6.26302,10.2823,6.40388,2.39054,7.53616,4.37404,5.96099,11.2532,12.5004,-43.432,-958.92,-252.784,22820,-13440,13440
7.11545,2.75943,5.24826,4.14407,6.73689,8.69279,13.8875,11.1056,6.19162,5.35701,1.44829,6.94961,4.55565,3.59283,12.8019,10.2792,-39.04,-961.36,-262.056,23800,-16800,14000
5.50885,8.9824,3.50182,10.6027,5.7967,8.50305,12.8809,10.1975,9.50245,0.750869,-4.18796,8.35634,2.20913,6.65091,17.6794,11.4174,-34.648,-963.312,-263.52,24080,-19460,14280
6.5925,9.406,-0.366319,1.77935,0.142505,2.34025,2.91037,1.54254,15.61,-1.17623,-4.72071,4.90994,0.165939,1.39811,4.7241,0.926939,-34.648,-965.752,-260.592,24780,-21420,14840
-10.504,-14.1467,-8.88683,-21.1547,-14.0303,-3.13089,-14.398,-6.48655,-9.31338,-6.78773,-4.6723,-11.9974,-3.15278,-10.8176,-21.302,-12.8406,-34.648,-966.728,-269.376,26880,-23800,16100
-22.3921,-22.6072,-13.7355,-19.42,-16.4461,-8.09654,-16.1947,-11.8501,-26.8731,-14.2361,-9.96897,-19.0241,-6.92748,-13.6565,-21.3696,-15.5044,-29.28,-966.728,-272.304,28140,-25760,16800
-14.4619,-23.8281,-7.77124,-20.0248,-11.1222,-3.24928,-10.8139,-5.44049,-26.6836,-9.35014,-5.05881,-14.3288,-3.7533,-7.48235,-19.7873,-9.57283,-37.088,-957.456,-289.872,30520,-27440,18060
0.842863,-9.34184,-0.0228862,-14.8493,-6.49592,-2.94776,-8.99055,-7.00998,-2.76394,-1.2764,-2.27517,-4.14604,-2.10367,-2.46848,-16.6574,-9.26509,-30.744,-972.096,-262.544,33180,-30100,19460
7.20273,13.5847,6.09131,13.9463,9.65632,4.1381,7.35982,2.19875,6.40923,-0.185193,-1.22361,8.46072,1.21685,7.04271,7.7902,2.58387,-25.376,-968.192,-281.088,35280,-31360,20300
3.3604,8.74533,3.29444,6.06118,5.17759,3.28842,1.52688,2.09074,-7.78023,-6.1168,-4.34909,4.56059,-0.177855,4.40758,-5.83517,1.77315,-25.864,-960.872,-287.432,36400,-29400,21140
-10.1277,-24.0867,-9.59102,-21.9189,-16.1841,-5.10149,-11.6581,-3.12611,-28.8808,-13.9884,-6.82611,-17.788,-7.1805,-10.2093,-20.9895,-6.31268,-36.112,-974.536,-286.944,39200,-28840,22120
-3.05275,-16.8491,-5.38386,-17.3969,-10.9252,-1.17541,-5.10262,0.814202,-11.7879,-7.31366,-0.986846,-12.3697,-3.2009,-4.36073,-11.3121,-1.30481,-40.504,-973.072,-281.088,39900,-29260,23380
-4.87192,-7.8292,-5.67212,-11.3653,-7.18541,-0.534902,-6.19094,-1.11016,-6.62918,-6.75891,-0.597736,-9.62971,-1.56978,-3.2068,-9.11115,-3.30017,-44.896,-963.8,-282.552,44380,-32200,25060
-5.38936,-5.541,-5.68601,-7.26159,-5.65658,-2.566,-8.58973,-2.37212,-5.68528,-2.78105,4.49802,-8.35886,-0.097033,-4.51197,-7.12389,-6.81572,-42.944,-962.336,-285.48,46340,-34160,26180
-13.278,-16.1397,-11.1138,-13.8485,-11.6654,-6.35117,-14.0552,-3.23404,-15.1447,-7.91409,0.557036,-14.736,-4.41305,-10.2858,-11.2882,-9.00607,-40.504,-965.752,-285.48,46760,-34440,26600
-10.5152,-7.55098,-7.08809,-7.04991,-9.21855,-4.93341,-11.5016,0.690484,-7.45906,-4.46675,-1.24588,-7.93436,-3.34338,-5.58589,-8.35717,-4.46581,-41.48,-972.096,-278.648,46060,-32620,26320
-0.0958314,7.62463,3.35475,5.53475,3.39502,1.10967,-2.82407,2.6259,-1.88251,3.62744,0.919117,5.97909,2.72776,3.93152,-0.267109,1.65365,-46.36,-974.536,-277.672,47180,-29960,26180
0.526251,-6.68203,-1.75746,-11.5856,-7.01125,-2.569,-9.78266,-7.8078,0.613908,1.54431,0.857394,-1.97418,-0.583369,-3.46789,-12.6421,-2.20506,-52.704,-967.704,-279.136,50260,-28700,26320
-2.79672,-1.83929,-4.08649,2.3464,-2.74963,-3.61404,0.0102842,-9.25452,1.27855,-2.19706,-1.939,-2.91827,-4.06828,-5.82314,6.39848,-2.88795,-56.12,-976.488,-235.216,50260,-29260,26740
-7.40315,-0.520231,-1.1803,7.75585,3.16503,-1.0406,7.11248,2.92216,-4.10365,1.98008,5.08275,-0.465184,0.223716,0.847884,12.6285,-0.822556,-61.488,-983.808,-243.024,50680,-34580,27580
1.43555,7.93749,0.22789,10.5341,4.7144,-8.82943,4.14457,-4.01481,14.2698,3.34395,1.42692,5.43644,-1.22062,0.631965,9.41064,-3.54037,-67.344,-976,-256.2,52780,-37380,28000
14.9864,20.6329,10.5527,23.7331,17.1352,5.23919,13.2966,4.66906,26.15,13.7543,5.07916,18.9152,6.47357,7.87592,20.0968,7.66216,-68.32,-975.024,-247.904,54460,-41860,28000
16.7208,21.3205,12.8085,21.8446,16.6631,7.40275,12.2876,5.02644,25.1985,13.1287,2.58142,20.7179,5.92927,12.4217,14.3236,12.2875,-64.416,-968.192,-238.144,54600,-47180,28000
22.0696,25.6653,20.6048,28.1643,27.3441,12.0187,24.4821,8.13157,25.8913,19.245,9.0373,26.3078,11.4972,23.0771,24.8974,21.0971,-58.56,-979.904,-238.144,52500,-48720,27020
19.3013,24.5024,16.9013,27.5425,27.3884,11.7654,25.7927,8.1579,27.7336,14.8513,4.01152,23.0602,8.01517,16.2878,26.8638,19.7593,-56.12,-984.296,-235.704,51660,-51800,26460
9.22937,19.8115,3.46712,26.6667,15.1001,1.09327,17.1867,5.54285,12.7708,3.70256,-2.24106,13.4443,-2.4591,-3.59953,25.0572,10.8992,-49.288,-988.2,-231.312,52500,-55580,26600
4.38585,2.77559,-1.26899,3.60493,-2.79161,-5.92498,0.035909,3.03354,-1.54861,4.64692,3.96813,3.51457,-1.67375,-4.36507,0.16369,1.50006,-35.136,-994.056,-243.512,53480,-60760,26880
6.73303,6.26971,2.96321,-2.4066,-1.55226,-2.44281,1.13492,3.72337,11.1709,9.0513,5.84954,3.88992,2.21033,3.9824,-1.36809,2.80786,-35.624,-995.032,-240.096,53760,-63980,27020
1.58294,2.51043,3.44719,-4.13376,-1.12647,3.97165,1.18402,2.26115,10.2984,7.0892,5.0541,0.818905,3.02672,5.75899,4.62048,0.704965,-26.352,-991.128,-240.096,53200,-66080,27020
-4.9108,-7.05196,-0.649184,-5.50123,-4.07056,5.53027,-1.29204,1.31972,-3.20719,-0.873343,0.462219,-5.96172,3.73971,2.72397,4.72489,-1.17044,-21.96,-987.712,-228.384,52920,-67900,27300
-11.9403,-19.8126,-10.0687,-18.8149,-15.1556,-1.02965,-11.0777,-0.863231,-15.3613,-11.6971,-7.83976,-16.8373,-2.29849,-6.874,-12.3886,-7.35432,-18.544,-993.08,-222.528,52500,-68320,27300
-11.0943,-18.9615,-7.0491,-17.1027,-11.0516,0.560279,-7.11848,2.51642,-22.0819,-10.6596,-4.87588,-14.1518,-0.71742,-3.50192,-14.5197,-3.68107,-14.152,-993.08,-215.208,52500,-69720,27720
-13.9217,-17.04,-7.22393,-14.6163,-11.0149,-3.3186,-6.97938,-3.02752,-23.2223,-12.6055,-6.77195,-14.2327,-3.95985,-4.96152,-9.56166,-5.66609,-17.08,-994.544,-205.936,53060,-71120,28420
-13.6309,-19.2183,-8.65465,-18.6805,-14.8516,-4.72245,-15.4625,-7.49388,-21.0942,-12.6615,-3.04145,-16.9826,-5.37694,-10.1668,-15.6125,-12.1396,-20.008,-992.104,-195.2,54180,-71540,28980
-3.21572,-14.4692,-3.82727,-20.9039,-11.8319,-1.27318,-17.6182,-4.54256,-13.8488,-5.01073,3.67647,-10.8936,-1.60821,-9.62242,-26.079,-10.6107,-18.544,-994.544,-192.272,52920,-71820,29260
2.66224,-5.01652,-1.25133,-12.3362,-6.61416,-6.09426,-11.7896,-9.41857,-2.72032,-5.03277,-5.62581,-2.90199,-6.04459,-6.12697,-17.214,-9.05802,-16.592,-1001.86,-184.464,52080,-71120,29400
12.7744,8.8396,5.55022,5.36737,5.81549,0.174476,5.06832,-0.305393,13.9387,1.27428,-4.80865,8.03186,-2.45919,5.51629,6.3118,2.92711,-18.056,-1021.38,-189.832,51660,-69440,29400
5.04036,8.95572,2.57555,8.88895,5.8352,0.376466,8.13103,2.48143,7.10955,-1.86801,-6.37902,4.85238,-2.37312,5.62232,12.8035,5.81287,-14.64,-1013.09,-207.888,53900,-68040,29960
-11.4666,-4.816,-4.33127,-0.0136303,0.659542,-0.770408,5.20646,1.56818,-19.0371,-7.24429,-5.56681,-7.96282,-3.26725,-4.25765,6.42184,1.97558,-19.032,-1004.79,-217.16,57400,-67340,30520
-6.51994,4.67798,-4.05677,7.11802,2.3149,-3.58985,3.70878,-4.05885,-6.54441,-4.48635,-5.07976,-3.49076,-4.436,-9.16096,6.22648,-3.32428,-23.424,-1004.3,-219.112,59780,-65100,31080
-5.69615,6.63141,-3.66268,4.69813,-4.72712,-5.75835,-7.6749,-9.17493,-1.60219,-3.79711,-4.02632,-2.0972,-4.71956,-6.79571,-3.41276,-10.0333,-23.912,-1007.72,-231.312,61880,-62020,31500
-16.9347,-20.6787,-8.68514,-30.2229,-21.0213,-2.31482,-26.4624,-8.08212,-24.0477,-8.20251,-1.08023,-15.1042,-3.59614,-7.72869,-39.083,-15.6234,-29.28,-1010.16,-237.656,64400,-56420,31640
-13.3966,-15.9409,-5.8485,-29.297,-12.5638,3.20479,-17.6167,-3.72136,-12.9263,-8.38995,-3.78313,-9.73078,-2.31825,-0.654811,-36.6119,-8.12462,-40.504,-1005.28,-232.288,66640,-49420,31640
-5.71535,-3.96304,-5.16195,-11.2785,-5.63729,2.61182,-8.20299,-0.813179,1.89256,-5.84896,-5.59496,-3.58296,-3.76934,-1.10589,-19.2918,-3.39673,-44.408,-1001.86,-239.12,70280,-43960,32060
7.9255,13.7065,2.34116,15.9029,8.69509,0.315955,5.81709,0.0132477,16.1863,7.37056,6.01038,9.10151,2.79793,-2.11651,7.92069,-0.299613,-57.096,-991.128,-231.8,72100,-37800,32060
14.506,20.3611,8.46544,27.5127,14.4839,-1.49818,15.8739,1.2121,22.4057,13.7258,13.1091,15.2735,8.32475,5.5501,23.7915,5.03551,-59.048,-985.272,-238.632,73360,-34300,32200
17.8373,24.0664,14.9903,35.3471,21.2295,6.6015,25.6686,9.49875,25.1095,18.1199,17.2854,21.2836,14.7633,15.9122,38.9369,17.1159,-62.952,-977.464,-245.464,73640,-30800,32760
-1.8705,-1.94755,6.20555,10.0787,10.7013,4.62087,14.1049,7.60857,-6.17997,5.32764,7.04518,4.18029,10.4609,8.53719,19.8506,12.7342,-61.488,-976.976,-249.368,74060,-28700,32900
-9.33756,-14.8032,0.370559,-7.67434,1.31381,7.00206,7.74385,12.057,-14.7417,-2.46082,1.62396,-4.21297,7.9748,8.72243,3.20255,12.8227,-60.512,-974.536,-246.928,72660,-28000,32200
-1.55185,-10.0575,0.689739,-6.66557,1.67297,10.1656,5.98117,11.7646,-0.183939,-0.295014,0.274901,-2.06516,3.81026,11.6285,-2.65877,12.542,-65.392,-977.464,-257.176,73220,-27720,32340
2.50887,-3.49703,1.9772,-1.29487,3.65471,9.23547,3.61508,9.89237,2.00038,1.45479,-0.661126,0.69877,0.964277,10.9169,-2.07898,9.70431,-67.832,-971.12,-264.496,73780,-28420,32760
6.95838,7.7777,3.27166,16.1534,12.5223,8.20461,8.74818,8.63568,5.00119,0.320749,-1.26315,7.76173,0.94135,8.81383,13.3588,8.42351,-67.832,-964.288,-269.376,73220,-29400,32480
12.5301,11.8813,1.51555,17.6884,13.6901,3.35645,8.20316,-1.25295,8.22502,2.85498,1.18654,11.5145,1.96657,3.62583,11.2563,3.47241,-69.296,-969.168,-260.592,72660,-29260,31920
13.7841,8.21444,-10.1532,10.4228,-0.351561,-23.7492,-5.01045,-20.0989,13.1585,2.89039,-3.31529,5.29518,-13.3979,-25.7517,4.41933,-19.1333,-70.272,-969.168,-255.224,71400,-29120,31080
14.5962,10.5661,-9.28257,13.164,-5.29689,-33.8472,-9.35916,-14.141,12.0833,9.48112,0.636878,5.71514,-17.1066,-39.9056,7.48055,-26.3652,-74.664,-963.8,-250.832,70420,-29540,29960
16.0115,13.1635,2.13435,2.68143,-15.0167,-15.021,-11.8155,-2.39085,17.4756,13.5667,8.1108,6.91676,-0.715601,-8.5679,-0.523766,-8.69657,-71.248,-966.24,-250.832,67760,-29960,28700
14.5846,13.8083,13.932,-5.51612,-7.87949,10.6119,-2.7446,8.15612,23.3542,16.0642,13.0507,7.56002,13.4924,17.1262,-1.79657,11.3779,-72.224,-957.456,-244.976,66360,-31360,27160
-0.556604,1.25405,8.77381,-16.7284,-0.413274,8.94189,-2.23104,0.0625449,13.2792,5.93648,6.07661,-1.73976,8.83605,6.58163,-8.05922,6.08492,-78.08,-956.48,-239.608,65240,-32760,26320
-15.3921,-14.4444,-2.99986,-16.6806,-5.66559,-2.50487,-6.11946,-7.24666,-9.58469,-6.74715,-2.01899,-11.3358,-0.979069,-4.50533,-6.86298,-3.41436,-83.448,-964.776,-229.848,62020,-32480,23520
-23.3011,-18.254,-5.01756,-10.3402,-8.43927,-0.21159,-2.48995,-3.75057,-30.6126,-11.1594,-5.94202,-13.767,-3.18035,0.52314,1.0513,-1.90275,-87.352,-965.264,-233.752,59080,-31500,20860
-14.2275,-13.6314,-6.47785,-18.0596,-12.1908,0.524604,-9.72375,-5.5008,-21.5686,-11.0842,-9.46176,-12.8851,-6.08299,-1.17319,-10.8473,-6.70033,-83.936,-960.872,-226.92,57540,-31080,19320
0.760913,0.622273,2.19858,-5.48419,2.95018,10.0198,-0.0304369,3.59541,-7.36615,-3.02803,-7.76379,0.298684,-0.0947391,8.85993,-3.21484,1.06985,-83.448,-962.824,-217.648,54880,-29120,16800
1.25296,2.16212,5.87417,4.88064,12.2427,12.0161,4.7598,2.42039,-7.36637,-6.92526,-16.0279,3.97104,-3.05953,16.5557,2.01142,4.74473,-82.472,-962.336,-211.304,51660,-26180,14560
3.2283,4.22223,7.41021,7.11403,15.8408,9.81018,7.1574,0.333217,0.527894,-8.52974,-11.883,7.64444,-2.88426,14.5064,0.127051,5.16895,-84.912,-966.728,-204.96,48300,-21840,12180
-9.08885,-3.1448,-5.9844,1.73178,4.47289,-2.54948,-0.705097,-6.81271,-4.49575,-15.2152,-7.94603,-3.51377,-6.11098,-7.21902,-7.72262,-5.37439,-83.936,-967.216,-196.664,44940,-17920,9800
-11.865,-2.91385,-16.1901,1.76642,-10.4756,-12.8059,-4.34257,-3.17306,-4.04003,-12.448,-3.97807,-13.888,-9.75209,-24.534,-3.9573,-9.50991,-84.912,-968.192,-187.392,42840,-14280,8400
-1.15678,2.97648,-4.82156,5.56024,-9.20909,-9.89902,4.23578,4.9243,1.64656,-0.720819,4.97488,-7.37884,-1.19111,-5.97571,5.43783,1.44352,-85.4,-967.704,-182.512,40880,-9520,7140
0.062837,-5.44424,0.774307,-5.05577,-7.03004,-3.96383,3.58891,4.0125,-1.64362,2.93977,7.81327,-6.36382,3.65584,4.47559,-0.579464,4.4795,-80.52,-966.728,-181.536,39340,-6440,6580
-9.15318,-17.2925,-4.19335,-14.0247,-6.72966,0.036123,-1.8983,1.02699,-11.7779,-3.97882,1.728,-11.2555,-0.449824,-2.51893,-7.63452,-0.788644,-77.592,-967.216,-184.952,36680,-1820,5600
-12.3138,-19.4036,-8.57568,-12.4489,-11.4383,5.78003,-5.87648,6.85502,-16.6306,-7.23898,-1.38611,-12.615,-3.26967,-5.54783,-5.46738,0.947779,-75.64,-971.608,-183.488,33880,3360,5040
-15.0157,-23.3123,-10.3346,-21.5547,-16.0422,5.63459,-11.2092,4.45529,-22.2618,-9.49455,-2.88434,-14.8867,-2.46323,-1.17489,-17.662,1.28103,-64.416,-963.8,-189.832,32760,7000,4760
-2.2151,-4.02791,1.70337,-7.8221,3.93815,9.7652,-1.92802,3.67105,-4.82976,1.82552,3.95078,2.45719,5.62786,6.29833,-10.7005,4.06883,-67.344,-957.456,-182.024,31500,13580,4340
2.69027,3.07897,0.829845,-0.192481,2.31167,0.466101,-4.28111,-1.81377,8.31295,4.04036,2.02508,3.93511,0.939681,-2.50067,-3.70636,-3.05033,-72.224,-960.872,-186.904,30380,16800,4620
7.77858,3.07966,6.44621,0.962558,2.45005,4.4264,-4.42607,0.270176,3.22521,9.04312,6.25533,8.12891,5.98014,4.98333,-5.2106,0.0012772,-82.96,-962.824,-185.928,28560,19460,5040
10.864,11.8902,10.7722,12.8348,13.379,6.71434,3.42966,-2.21118,6.20693,10.3603,3.7367,15.4461,7.57481,10.0515,5.10739,4.49756,-77.104,-958.432,-187.392,26180,21840,5320
8.29732,16.9507,10.5869,18.9568,19.7292,2.40845,7.70884,-4.48454,12.4796,7.00162,-2.24426,18.4552,4.88679,7.97543,9.10765,3.40983,-65.88,-948.184,-187.88,24500,23240,5180
13.1984,25.5727,12.7864,33.5698,24.9247,-2.00389,15.8188,-2.8212,18.5754,11.1721,-0.0498814,23.1878,3.22602,6.3071,26.854,6.01603,-63.928,-947.696,-181.048,22120,26320,4900
16.9447,29.3258,11.9711,37.5338,22.4157,-9.6335,18.5833,-2.49728,25.2191,15.0321,4.78243,22.9296,1.64516,3.37789,31.9082,5.78346,-65.88,-946.232,-168.36,20300,28420,4480
8.81251,16.3148,-0.378537,13.2154,4.85894,-9.23105,3.29699,-0.569446,18.2037,7.62873,4.5512,9.46879,-2.67406,-15.2418,6.56463,-2.82311,-63.928,-948.672,-161.528,18340,29680,4340
0.934402,6.95325,-9.24103,6.25448,-8.01549,-10.8283,2.67191,3.61379,8.13998,1.17006,4.50294,-2.54019,-5.2131,-18.1137,7.74173,-0.975434,-64.416,-947.696,-165.432,15960,29540,4340
3.94686,2.98624,-1.17244,-0.426781,-12.7165,-7.99557,-0.166874,-1.45249,7.79624,5.54921,7.1935,-3.01952,2.96941,-0.857343,5.35674,-2.03769,-65.392,-944.768,-163.48,14000,28140,4340
8.3174,-1.49552,7.95913,-10.1244,-5.58456,4.35475,-3.74504,-2.03499,9.27012,11.3598,11.4516,-0.867525,11.9401,6.10736,-1.90716,-3.22277,-63.928,-947.208,-165.432,12460,25760,4060
-1.70432,-14.2965,1.31052,-22.6451,-11.7862,3.65217,-10.2269,-3.4625,-1.86602,0.607504,1.0119,-10.1176,5.27839,2.79645,-14.9408,-7.0798,-59.048,-950.136,-172.264,11200,24080,3920
-1.91746,-8.74108,0.176224,-12.3215,-6.26322,6.40479,-4.12056,1.00026,-4.64071,-2.34671,-1.90244,-5.86306,0.8129,5.35934,-7.82687,-2.89584,-56.12,-951.112,-176.656,9240,22820,3220
-6.64986,-6.7772,-4.24024,-9.44434,-4.69087,5.23442,1.19463,6.42407,-6.06764,-5.24861,-2.88531,-6.86994,-4.32722,1.60084,-1.98836,0.717857,-57.096,-947.208,-179.584,8120,22540,2800
-13.9127,-13.9985,-10.7381,-17.9945,-11.4067,-2.02898,-7.68514,-0.961978,-12.7753,-12.8569,-7.99413,-12.7536,-8.69723,-5.42206,-15.0789,-6.21123,-51.24,-954.528,-189.344,7560,22400,2380
-7.68927,-9.25493,-4.7898,-9.67811,-4.9824,0.158478,-3.57446,0.486955,-13.5997,-8.67608,-5.20973,-6.54908,-3.25021,-0.0723557,-8.13683,-2.1201,-47.824,-952.088,-194.224,7280,22540,2100
-6.82259,-5.36196,-2.25539,-1.90575,-1.09181,0.690637,2.30928,1.04265,-13.7918,-6.61969,-4.67557,-5.8064,-2.28396,1.71185,3.8841,1.70906,-44.896,-954.04,-202.032,7280,22260,1960
-7.29756,-2.0301,-2.47657,3.34975,5.32887,1.41723,8.0377,4.02489,-10.548,-6.13814,-2.49683,-3.85742,-1.43888,0.566086,9.07315,5.71634,-41.968,-959.408,-204.472,7420,22680,2100
-4.85965,-3.60062,-4.1358,2.87168,3.66135,-2.69544,3.74111,1.90279,-7.86506,-7.26528,-4.7047,-4.3308,-3.45738,-1.70033,4.89736,2.40579,-38.552,-958.92,-208.864,7700,23800,2380
6.42738,3.66162,-0.72115,4.10659,2.00582,-2.76752,-3.03653,-0.778691,1.51589,0.731315,-0.725316,2.07482,-2.76347,1.30634,-0.32847,-1.91719,-40.016,-961.36,-207.4,8120,24780,2380
4.57828,-2.58779,-6.78364,-10.4034,-9.89528,-5.55108,-12.7556,-3.13281,2.00161,-1.85907,1.32109,-4.31444,-4.53683,-7.71018,-14.4834,-6.86229,-38.552,-962.336,-206.912,8260,28000,2660
3.85159,-0.234377,-6.08809,-6.53356,-6.59158,-6.81067,-9.06195,-7.30662,4.00509,-3.34825,0.511716,-3.79351,-4.65808,-7.4486,-11.6056,-6.56484,-42.944,-961.36,-205.448,8400,30940,2800
4.32899,1.08801,-0.855537,-3.17073,-1.08612,-4.01493,-6.93392,-7.80141,-0.0917884,-2.66945,-3.00252,0.018637,-3.29869,-3.2925,-10.6216,-5.45233,-45.872,-963.8,-199.104,8680,35000,3080
3.53765,4.30542,1.98201,4.4025,5.11789,4.68125,3.27588,4.66052,-0.841253,-2.91144,-3.09091,3.85109,-0.305243,3.37209,0.183668,5.65591,-48.312,-963.8,-198.616,7980,39340,2940
2.02455,6.48089,3.36137,8.00338,6.50907,6.14529,5.92507,5.08318,3.75156,-3.89484,-3.92129,5.73506,1.35703,7.88357,6.79231,7.61579,-56.12,-957.944,-198.616,7560,42700,3080
7.25189,9.90422,7.36802,9.24888,8.23271,5.49113,3.0481,3.68515,8.72248,7.78174,6.2335,10.6053,7.23778,5.83297,5.80025,4.51322,-51.24,-961.36,-193.248,5880,46900,2800
-5.35786,1.62133,0.25164,6.96385,3.04201,-1.09183,1.89168,-1.6702,-5.45029,1.35906,0.54875,0.760124,1.28988,-0.604073,5.91555,0.286647,-57.584,-963.8,-192.272,4060,50680,2520
-8.3175,-5.32923,1.62796,2.48008,1.31647,3.09686,3.98413,-0.187017,-9.18765,1.76065,2.42189,-2.49234,4.48784,4.63711,4.77525,3.02519,-67.344,-964.288,-193.736,1820,56420,1960
-3.94213,-13.6983,4.75284,-10.7715,-3.98742,5.89617,-2.28723,-0.13435,-9.63267,5.19374,2.03451,-3.66395,4.9501,2.57294,-5.47454,0.848792,-65.392,-966.24,-191.296,840,60340,1540
0.425863,-12.4005,7.02318,-5.4601,2.87453,8.23761,5.2789,3.93476,-7.18035,2.20783,-3.03685,-0.133025,2.30755,5.68663,4.5482,6.74305,-68.32,-968.192,-190.808,-420,63420,1400
-0.561097,2.14282,4.10281,12.2821,12.8422,8.73023,11.4107,5.37414,1.30331,-2.59779,-7.30739,5.87072,-0.301239,8.62467,14.6146,9.3185,-70.76,-965.264,-191.784,-1680,67200,840
-4.8914,1.60376,-0.343638,5.79691,2.48555,4.53486,-3.71534,2.3316,-0.656966,-4.65117,-9.23656,1.68217,-2.57958,3.41927,-0.0437375,-0.554711,-72.224,-963.8,-199.104,-2800,69300,420
-2.7013,1.99152,0.844532,2.87762,-1.13664,7.55908,-4.91656,4.45688,4.12023,-1.15943,-5.46902,0.490415,-0.614939,7.71559,-2.83915,1.20614,-75.64,-964.776,-197.152,-4900,71680,-140
2.20806,3.46183,1.24091,0.825904,2.89351,5.72976,0.442525,1.46083,11.4702,1.09516,3.44172,2.14222,3.31664,7.59806,-5.6134,3.30003,-73.688,-964.776,-196.664,-6580,74200,-1120
1.28347,1.15951,-6.91058,-0.734061,0.830769,-7.40838,-1.80263,-6.95984,12.4197,0.0292873,6.07098,-1.65504,-1.78615,-12.2636,-9.54889,-5.88604,-73.2,-959.896,-203.984,-8120,75460,-1680
0.893232,2.39102,-10.7843,9.04896,-0.467637,-23.3722,1.66331,-10.3549,5.55095,3.36588,8.40154,-2.10193,-6.01289,-36.1058,1.70555,-12.1183,-72.224,-961.848,-196.664,-10080,76160,-2520
-0.508577,-3.25038,-3.85618,4.71021,-11.5847,-27.2358,-2.20816,-12.2624,-4.36225,4.54799,6.57665,-3.06583,-3.14339,-21.1887,0.993697,-12.8881,-73.688,-960.872,-199.592,-11480,75740,-3080
-0.688382,-1.04284,8.97084,-2.12985,-11.0403,-2.19666,-1.06955,-1.7271,-3.60968,4.85462,6.62265,2.25257,8.78395,15.3524,2.35541,-1.07443,-73.688,-962.824,-195.688,-12320,73920,-3920
8.42918,5.90147,9.9077,-11.2533,-6.68768,11.112,-2.65102,3.38593,13.6991,10.4867,9.47981,6.58042,9.34619,13.4541,-0.804016,1.42465,-71.736,-957.456,-199.592,-12600,70840,-4620
-3.82903,-4.93668,-2.138,-20.0182,-7.53786,1.09637,-7.42378,-0.390186,1.82308,2.34468,0.265376,-3.81988,-2.46137,-6.05342,-10.1274,-5.5147,-67.832,-961.848,-198.616,-13440,67480,-5180
-9.18859,0.861038,-8.88984,-0.282094,4.30332,-18.7288,3.45693,-3.95895,-3.5909,-6.0681,-4.22291,-2.81925,-10.4153,-14.7011,3.86743,-4.59952,-63.44,-963.312,-200.08,-13580,61740,-5880
0.860921,11.445,-7.99752,11.6512,1.8558,-16.6268,3.87282,-3.50606,5.92955,-5.22544,-1.60606,0.61804,-8.17529,-13.2526,11.6727,-3.52923,-60.512,-966.728,-203.008,-13440,56840,-6160
6.32152,8.52865,-0.933429,5.29535,-6.76183,10.2918,4.67834,12.0067,6.96657,3.15711,6.22887,-1.3004,3.96762,5.3655,10.7423,11.0289,-59.536,-967.704,-211.304,-12180,50820,-6440
5.16623,6.06166,6.29227,-5.8898,-1.55902,18.721,-1.01182,6.61507,5.15663,4.60587,3.6719,0.243283,9.31083,14.5699,-3.96641,9.22962,-57.096,-971.12,-217.648,-11060,44100,-6860
3.30912,-1.25854,10.8625,-9.62074,7.71414,16.0549,-2.39207,1.07245,-6.69568,5.5596,-0.376696,2.97439,8.60487,12.5258,-8.27663,4.52704,-53.192,-973.072,-215.208,-9520,39900,-7000
7.88534,3.18771,13.7058,7.25149,18.0566,10.2243,8.58669,1.54693,-4.76418,9.97137,-0.661104,11.1627,2.56347,12.8101,5.67896,9.13877,-55.144,-976,-212.768,-8260,35280,-7000
7.88582,5.60795,6.90582,7.61581,12.0811,2.39152,2.64196,-1.24613,-3.0021,5.23886,-5.73773,11.549,-2.6207,6.08868,1.92702,2.63811,-57.584,-976.488,-216.672,-7280,32900,-7140
0.305338,3.52376,-7.19021,5.46189,-0.380556,-4.30432,1.25604,4.12188,0.857344,-6.34769,-12.3542,0.760778,-12.2829,-1.72136,6.9496,2.52768,-56.12,-978.44,-209.352,-6580,31220,-7420
7.93468,10.8324,-1.32326,10.8224,6.01732,4.05117,8.70228,10.9664,14.6277,-2.46053,-0.162778,5.43958,-4.28487,6.53116,10.136,9.49712,-52.704,-977.952,-208.864,-6020,31220,-7980
0.38706,-1.77084,-3.89424,-5.50232,-1.61958,3.33722,-4.43856,-0.351084,8.2061,-8.20367,-1.81516,-3.31257,-1.4343,3.82828,-10.978,-0.127167,-55.144,-976.976,-210.816,-5600,31500,-8260
-17.3777,-21.2551,-13.9231,-15.1946,-8.96663,-1.86129,-6.91757,-4.47441,-18.8004,-17.9044,-6.36579,-19.3233,-3.75312,-10.5767,-10.9502,-6.57965,-55.144,-978.44,-212.28,-5740,32200,-8540
-24.6442,-28.2257,-21.5751,-12.2264,-14.2726,-12.7554,-6.96572,-8.96316,-32.1309,-20.2704,-10.4991,-27.1316,-9.22954,-24.6927,-4.5986,-12.3639,-56.608,-978.928,-214.232,-6160,32760,-8540
-0.0600033,-1.14379,0.0393024,7.20473,-2.35683,-8.10085,2.68784,-2.81793,-1.97427,4.15867,6.1399,-1.69413,3.92119,-4.33349,6.65715,-3.86183,-55.144,-981.368,-214.72,-6860,33740,-8540
4.51475,2.04788,6.66369,4.97622,0.339381,-0.615353,3.22191,-0.75927,3.02647,4.89569,6.42236,4.04007,6.91476,7.18714,4.18039,-0.91567,-54.656,-977.952,-224.48,-7140,34720,-8400
5.32373,-0.737467,3.2041,-5.77256,-2.37576,2.99087,-6.66954,0.161365,1.41043,2.95408,3.22758,2.58496,3.40721,4.74162,-9.82177,-5.51352,-54.656,-980.88,-222.528,-7840,35280,-8400
18.0576,11.0105,7.26087,3.60541,5.39842,2.85595,-0.660467,4.21108,13.4605,10.6475,6.01897,11.746,4.32896,4.89599,-3.32465,-1.59874,-54.656,-980.392,-225.944,-7980,36540,-7840
9.68542,9.33185,2.16157,6.60873,3.18343,-1.3743,-0.734141,0.471657,6.90702,3.11475,-2.74153,6.83519,-0.411274,-0.972793,0.0219984,-3.19803,-53.192,-979.904,-229.848,-7560,37520,-7560
-8.60753,-3.65414,-7.33868,-1.40387,-7.70497,-1.20917,-1.91241,6.23883,-10.8657,-7.43737,-6.42104,-7.27922,-4.04637,-3.73512,0.754191,0.741688,-56.12,-980.392,-232.776,-7280,38220,-7140
-9.74237,4.71846,0.690865,12.9721,8.97218,5.17227,11.6049,8.50169,-5.44137,-6.36839,-2.15832,-0.291314,1.03972,7.82497,13.5883,11.4877,-54.656,-980.392,-230.824,-6580,38500,-6440
-5.43088,4.19175,4.02284,2.04594,5.59671,-2.57345,-6.24708,-11.6946,-1.10647,-0.68009,2.46518,3.23712,3.73768,-0.0245509,-9.03093,-5.26837,-54.168,-981.856,-235.704,-6020,38220,-5600
-22.822,-25.941,-9.46546,-18.8826,-15.1453,-11.279,-19.0386,-21.0228,-29.4624,-9.22134,-2.57792,-17.3803,-1.98912,-19.1072,-21.1176,-16.7239,-54.168,-980.88,-242.536,-5460,38500,-5040
-18.822,-32.0782,-11.2054,-27.1,-24.9151,-9.95445,-19.8929,-14.8486,-20.9356,-6.43773,-0.950638,-21.3622,-5.33078,-15.2233,-20.7093,-16.9801,-52.216,-977.952,-244,-5180,39200,-4340
-0.341155,-8.03641,4.69577,-9.37049,-5.74304,6.15116,-2.3539,2.46483,6.31007,3.93696,5.69526,-0.579023,4.61886,8.27984,-1.8991,-0.275732,-53.68,-987.224,-248.392,-4200,39900,-3360
6.72023,1.78771,12.0527,0.834147,8.65755,10.4308,6.73814,7.40085,8.56332,9.58315,5.74239,9.80015,6.56595,11.1942,6.0309,7.47405,-55.144,-986.248,-256.2,-3080,40600,-2520
5.73783,-0.864557,4.31882,-4.4511,2.02529,2.40493,1.0647,4.84658,4.86712,5.2376,-3.63708,4.90638,-2.2036,0.40123,-0.743574,3.40986,-58.56,-988.688,-252.784,-1260,41020,-1680
17.6544,16.1008,9.1576,10.2716,9.2433,7.61813,11.7598,9.90452,17.8722,7.29575,-1.4952,14.1958,2.31572,12.5492,13.4221,12.9873,-56.608,-991.128,-248.88,0,40600,-700
