-18.6317,-7.11869,-3.77722,0.815285,4.11443,0.400348,-8.2445,-5.85986,-21.726,-6.7492,-5.5257,-5.54106,1.3154,-5.43619,-5.4404,-8.35534,-54.168,-951.6,-305.976,-29680,14140,280
-35.7934,-19.6405,-3.04765,-4.48756,-3.20232,-1.57774,-6.03345,-4.31025,-44.1482,-11.8204,-7.49463,-14.8873,2.68059,-3.97524,-5.86523,-2.6647,-58.56,-951.112,-306.464,-30240,12880,140
-17.0582,-8.69252,2.63908,8.36809,15.4284,-48.5025,7.58951,-25.7678,-31.267,3.13502,-5.86071,5.16631,-14.4002,-30.619,0.150023,-9.02665,-61.976,-950.624,-317.688,-29960,12040,-420
39.0462,55.6942,6.16473,66.3044,44.0939,-89.0732,33.3354,-29.1231,37.7717,26.1461,6.43611,53.5871,-34.8005,-57.1292,38.4717,-11.4411,-61,-945.744,-317.688,-30100,12040,-840
99.3112,128.128,26.3971,130.14,40.1467,-39.8125,60.0923,18.0054,109.221,64.7753,25.0214,95.2719,-34.5869,-25.8618,102.261,24.8157,-60.024,-941.84,-321.592,-30240,12180,-1260
79.5925,110.177,11.8863,82.0025,4.68602,1.70228,44.7087,37.9644,99.3261,40.8053,12.5786,66.4976,-9.15159,13.0919,89.0516,41.7697,-64.904,-938.912,-321.104,-29540,12320,-1820
-1.26149,21.3897,-25.6901,-21.9974,-15.3109,21.6822,-1.43658,7.55074,29.3193,-26.3565,-7.80887,-13.8597,13.47,5.763,7.12979,10.1146,-63.928,-939.4,-329.4,-28840,12040,-1960
-81.0655,-73.5976,-43.7465,-78.5062,-44.7289,8.6749,-50.4091,-20.618,-61.8754,-61.7151,-16.1725,-84.3611,9.02703,-20.9672,-72.3253,-37.5355,-69.296,-937.448,-334.28,-28140,12460,-1960
-63.7889,-85.2191,2.69815,-55.9229,-35.4941,58.3395,-35.6178,11.5055,-72.1536,-22.2373,4.61308,-63.3424,31.6414,34.4754,-48.4068,-7.66024,-74.176,-937.448,-342.088,-27580,13160,-1820
16.7183,-21.0657,33.9651,-7.65799,22.2917,36.3193,12.4839,24.7624,-0.549283,31.3011,8.33388,13.8523,5.39689,24.1979,7.38017,16.8666,-81.496,-935.984,-352.824,-26040,13160,-1820
47.9253,45.0099,-0.994723,50.1681,40.7242,-78.9727,22.3946,-13.0394,46.3438,20.1886,-3.50438,53.6677,-41.5729,-50.4722,30.9719,-11.7983,-88.328,-935.496,-359.168,-24360,12600,-1540
51.6025,57.7915,-3.41927,48.1942,5.15539,-55.0957,15.3678,-14.2285,55.7855,19.5171,14.6664,38.3059,-6.83671,-20.4879,36.1684,-7.07903,-95.648,-931.592,-362.584,-22680,11900,-1540
25.7856,14.8143,10.9635,-10.164,-14.5917,27.7797,-1.28925,14.0094,30.5995,8.86266,2.78345,0.581023,14.2266,20.7825,3.76438,12.7292,-102.968,-929.152,-361.12,-20440,10640,-1540
-0.912241,-16.4839,10.3335,-17.29,1.18745,62.3953,-4.87329,26.0398,-0.11526,-10.9441,-11.143,-3.25923,18.4778,47.0292,-19.6509,24.1604,-112.24,-925.736,-360.632,-19040,9660,-1540
-23.6407,-27.7046,5.04401,-38.3788,0.535837,50.6623,-6.58352,22.1647,-28.8597,-20.3738,-12.1504,-17.6304,16.257,41.5068,-45.8811,21.225,-118.096,-922.32,-351.848,-18200,9100,-1680
-28.4293,-26.7641,0.797227,-17.9662,8.45756,29.7607,-0.317491,11.689,-33.9778,-25.1863,-8.39014,-19.2151,12.5791,27.0641,-17.5358,11.5963,-122.976,-917.928,-349.896,-17640,9100,-1960
-20.4458,-16.1356,-4.02851,0.0698039,7.12887,-0.653166,2.91092,-6.13195,-23.6196,-13.4966,-12.3851,-12.8964,-8.91237,2.3997,5.29484,-4.94231,-130.784,-912.56,-348.92,-17500,9240,-2100
-4.54953,-5.00655,2.21308,4.87663,9.86442,-2.32392,7.30859,-4.14111,-12.5241,1.80501,-8.92759,2.95915,-10.7426,1.17204,9.61236,-3.30217,-138.104,-915,-345.504,-17220,10500,-2940
-13.7523,-12.3993,-15.0039,-8.4549,-8.30954,-1.34992,-11.3157,-13.3234,-18.3576,-10.0901,8.24312,-10.8282,9.46519,-4.30706,-9.44067,-15.2439,-141.032,-914.024,-342.576,-16800,11200,-3500
-37.5923,-29.6824,-17.4811,-25.746,-25.8105,-4.85062,-24.993,-14.419,-34.2053,-14.6814,8.11682,-40.2041,5.02064,-16.0362,-29.7961,-20.1017,-145.424,-914.024,-346.968,-15540,12740,-4340
-24.6012,-40.5213,-9.14489,-27.7362,-26.4593,-13.7737,-24.4225,-15.8725,-26.9727,-1.23209,6.09761,-30.8774,1.1596,-15.0837,-32.8112,-18.871,-147.864,-913.536,-348.92,-14280,13720,-4760
-9.35208,-21.7197,-1.41848,-24.4655,-16.3321,-14.1112,-16.4521,-16.8983,-20.7934,4.09876,3.33542,-8.19721,2.26701,-12.6487,-26.2344,-15.8599,-150.304,-914.024,-351.848,-14140,13860,-5180
-6.73252,-13.9005,-2.6176,-14.0085,-10.9182,-15.5369,-10.8264,-17.4462,-15.3615,-0.755704,-0.976586,-3.23279,-4.09941,-11.5155,-13.8359,-14.8299,-147.864,-915,-348.92,-13160,13720,-5180
9.78852,4.55316,4.48975,2.33471,-0.0153172,-7.47634,0.408043,-6.18818,11.721,9.462,3.56436,8.91363,-2.99543,-3.70391,4.00878,-3.97379,-147.864,-915.976,-351.848,-12740,13440,-5460
17.6762,21.1783,7.55947,15.9004,8.36231,-6.38617,6.34549,-4.02429,21.3155,10.7147,-1.52948,18.931,-5.25587,-1.83619,14.0108,-0.0813218,-145.424,-918.416,-352.824,-11900,12880,-5740
18.9042,26.0853,4.81023,22.7803,11.2082,-9.5158,7.82051,-2.69833,19.7107,9.91167,2.9204,19.803,-2.35747,-7.95394,14.2174,-0.433391,-145.912,-919.392,-350.872,-10920,12600,-5740
11.8389,24.1351,4.23047,23.9317,8.80104,-3.21711,10.8468,6.27987,9.85185,5.33048,0.6562,12.9416,-1.05451,-2.38358,16.9893,8.60678,-140.056,-904.752,-354.776,-9660,11900,-5880
6.86276,7.29327,1.52169,4.85656,0.932896,4.21121,7.77658,12.8191,1.62044,2.95427,0.355348,4.05017,-1.51825,-1.09679,9.56378,11.064,-134.688,-904.264,-338.184,-9660,11340,-6020
-0.911546,-13.9456,-3.62234,-10.8136,-6.76735,0.979554,3.9467,8.86925,-3.64662,-0.52619,-0.193843,-5.73526,-2.16434,-2.95016,7.10744,5.28713,-125.416,-907.68,-346.968,-9380,11200,-5880
-4.56198,-14.0143,-5.47979,-12.9064,-7.99039,-5.36657,-1.00636,-0.731004,-0.479485,-1.3905,1.30082,-9.89869,-1.85868,-4.06176,1.64499,-1.76622,-118.584,-915.488,-354.776,-7700,12040,-5320
2.54943,4.20932,2.10558,3.37926,4.57566,-0.6778,4.59945,2.07965,14.0377,3.43997,0.505705,3.10912,-0.0386151,1.81541,8.30311,2.95062,-111.264,-918.904,-363.072,-4340,14840,-4340
6.52085,13.3891,4.7045,12.4341,10.2613,3.08536,8.24229,7.92591,15.1524,3.91591,-0.987404,11.6593,-1.96093,5.47973,10.0377,8.84185,-107.36,-914.512,-374.296,-700,16660,-3780
14.1522,20.002,6.92992,18.4888,13.6332,5.89587,10.3556,9.22521,19.6752,7.72923,2.2255,15.6102,-0.537229,8.13782,12.3461,11.9131,-101.016,-915,-381.128,4060,19180,-2800
13.015,23.4094,2.9479,21.5421,14.8977,0.432533,11.1941,5.18346,18.377,4.04604,3.44518,14.7704,0.0533038,2.67558,18.5127,8.18485,-96.624,-916.464,-391.864,7420,20160,-2240
2.50607,4.90937,-2.34985,2.74106,0.132015,-3.60276,-0.442615,-1.30916,4.69629,-1.79435,1.39686,-0.404507,-1.12865,-2.98272,6.29062,-3.00409,-90.768,-917.928,-393.816,12600,21560,-1540
-2.3332,-7.11302,-0.922322,-9.01932,-5.34406,5.61378,-3.29965,3.09357,-2.15007,-2.59276,-0.991659,-6.45823,1.54766,0.558473,-0.742125,-0.480388,-83.936,-915.976,-390.4,17080,22260,-420
0.633872,9.75077,1.91659,10.872,5.19049,8.45829,5.24978,5.26356,2.05318,-1.53265,-1.51557,3.67678,2.27573,6.47924,12.8378,6.8297,-79.056,-913.048,-383.568,19880,22400,420
-12.7387,5.29803,-3.5198,12.3162,3.66936,-0.108781,4.24333,-1.31127,-16.4654,-9.51028,-5.24471,-3.84271,-0.118856,2.88464,9.58292,3.73381,-73.688,-912.072,-381.128,23100,22260,1820
-21.2041,-6.22731,-0.942987,-2.70051,-0.0410976,1.098,-2.77136,-0.232532,-28.1319,-8.96745,-4.31461,-8.06091,2.79148,1.90597,-14.3307,1.34302,-71.248,-918.416,-370.88,25200,21840,3080
-5.49863,5.53086,3.64564,-3.28306,-2.05526,-0.288692,-15.2585,-7.38965,-3.01525,1.1605,-2.76631,2.7533,2.44127,0.576633,-33.1509,-7.36808,-65.88,-923.784,-366.976,26740,21840,4340
8.67023,2.58555,4.42238,-16.1976,-6.31421,0.869828,-14.0834,-5.15014,13.8144,9.36863,3.13641,5.91747,2.19668,-0.124134,-33.1781,-7.76835,-63.928,-933.056,-359.656,27860,22680,5320
5.399,-9.90368,-5.36262,-17.2103,-8.96651,-6.9706,-7.49089,-6.91442,10.5274,2.00769,-0.343837,-3.32888,-4.618,-7.94191,-11.4532,-8.82293,-64.416,-942.328,-355.752,28140,23940,6160
4.4177,-0.949696,-4.83358,-0.816859,-2.35583,-6.61062,0.936912,-3.96092,10.098,-0.142948,0.25905,-1.34729,-2.58856,-5.50333,8.03315,-4.60965,-62.952,-949.16,-350.872,28700,25480,7000
-1.9499,-9.10177,-4.08267,0.514024,-2.75579,0.990529,7.66337,4.0121,-3.58674,-3.69392,-1.29175,-6.91897,-0.40817,-0.196803,16.769,3.95226,-63.44,-961.36,-347.456,29400,26740,7840
-7.97663,-11.6682,-5.25414,-5.89879,-5.60246,2.69361,3.9324,3.60195,-13.5711,-9.55659,-5.78822,-10.1277,-2.12696,-1.11925,11.6425,2.59374,-57.096,-965.264,-350.384,30660,28280,8680
-7.95269,-11.7272,-1.92509,-6.29699,-1.85844,1.41623,6.1294,1.29818,-16.6136,-7.97515,-3.15269,-8.34379,0.422451,1.90139,14.3644,2.87234,-59.536,-977.464,-355.264,32620,29260,9660
1.97115,-4.99552,4.00653,-4.00846,2.14794,2.20107,0.726032,-1.73459,0.391929,2.25558,6.65241,-2.39236,5.85784,2.73755,0.315689,-1.71658,-58.072,-979.904,-356.24,34160,29540,10360
10.3974,12.9198,6.0067,-0.190693,1.23253,0.631325,-11.6835,-5.78399,15.6783,6.95188,7.5983,5.46259,3.43664,0.458039,-23.5561,-9.49754,-59.048,-983.808,-354.776,36960,29400,11620
12.3417,15.8782,8.811,5.79846,6.25438,5.7569,-5.48689,0.582127,9.72714,8.98426,7.34176,11.9511,4.1591,3.35972,-13.9141,-2.51841,-53.68,-984.296,-363.072,38920,28420,12180
4.56217,13.8267,3.02144,19.4134,10.1856,3.50755,6.67713,1.9769,-1.3929,0.465952,0.292708,10.1801,-0.390492,3.38532,12.4086,2.68287,-53.68,-987.712,-360.144,41160,27720,13300
1.8808,21.5939,3.76113,36.898,18.9786,3.58053,14.6006,5.07365,-8.74166,0.948337,5.0431,12.6273,2.0198,6.39337,20.1668,7.88396,-49.776,-996.984,-359.168,43400,27160,14140
5.72743,-3.0154,0.42665,-3.58082,-2.71277,-0.285835,-3.16535,1.48942,0.203582,5.69509,7.49845,-0.43135,1.38699,-0.799205,-12.6673,-0.50506,-54.168,-983.32,-358.68,45220,27160,15120
-7.12117,-39.8328,-6.78143,-34.4177,-17.125,0.631532,-5.71465,3.35749,-13.7114,-3.0177,-3.72504,-18.8695,-2.50875,-5.38788,-13.6131,-0.0113145,-60.024,-984.296,-358.68,46200,26320,15680
-14.3142,-22.1792,-5.70763,-15.4043,-9.12915,-0.909608,-2.42489,-0.713188,-15.206,-10.346,-11.1031,-12.3779,-3.26259,-2.53395,-3.96913,0.554356,-60.024,-976,-349.408,46480,25620,15960
-20.3394,-18.8676,-7.14867,-9.39008,-3.74455,-2.28266,2.38091,0.965199,-26.5406,-13.2256,-11.2706,-12.1506,-4.2739,-1.17953,1.87959,4.38986,-63.44,-981.368,-345.016,45780,24920,16240
-14.7286,-28.9115,-6.63397,-18.7474,-8.49775,-4.36909,-1.43882,-0.959656,-19.0655,-7.25234,-5.85812,-15.1699,-4.05799,-4.17286,1.01672,-0.24441,-63.44,-973.56,-342.576,44380,24780,16520
6.11755,0.0593792,-1.235,-0.584539,-2.83903,-5.2255,-0.927581,-5.02046,17.799,2.34522,-3.1104,0.369557,-4.47601,-2.98811,7.39293,-3.77009,-67.832,-976,-334.768,42840,24360,16380
18.7966,31.6603,7.53285,26.055,13.0068,-0.460697,6.86909,-2.22668,32.3265,9.80071,-0.785983,19.4616,-1.3503,5.37097,14.4487,0.641879,-70.76,-976.488,-326.96,40600,24640,16380
16.2411,28.9911,4.78175,21.4226,9.07457,-5.04437,2.53069,-7.51499,28.8379,8.11272,1.32362,16.1401,-1.33918,1.22547,6.73443,-4.16498,-73.688,-972.584,-320.128,38920,25060,15960
2.49215,10.0702,-2.79868,1.50267,-4.34885,-7.88909,-6.87712,-7.46335,9.76955,-1.29175,-3.02879,2.0217,-4.88214,-3.20414,-7.55073,-7.64045,-83.448,-971.608,-314.76,36680,25760,15680
-6.07354,-7.94847,-5.63233,-9.68432,-10.0165,-2.04794,-6.65573,1.05316,-11.1178,-2.53461,-0.365995,-7.77545,-3.53047,-2.95084,-8.30252,-2.12048,-83.448,-971.608,-307.44,33880,27860,15820
-1.5012,-6.91796,-2.22815,-7.6924,-6.98806,0.544799,-9.48089,-1.76368,-3.65782,2.06755,3.61179,-3.66578,0.957997,-1.64365,-10.8067,-4.37315,-88.816,-975.024,-303.536,32200,30520,15540
-3.56602,-10.4818,-4.35052,-12.8776,-9.21952,-3.77444,-11.9977,-6.17078,-1.2847,-1.65338,1.06293,-7.07028,0.224597,-3.39061,-13.2263,-8.07232,-96.136,-975.512,-305.488,30240,33320,14840
-10.7205,-24.2507,-3.14554,-16.1485,-5.48461,2.78905,3.13353,6.96631,-19.0667,-3.40819,2.62551,-13.4782,4.55409,0.239969,5.56772,5.38195,-103.944,-970.632,-294.752,29120,35140,14560
-4.82253,0.179983,3.79521,9.98304,8.33939,5.04527,13.5812,10.133,-13.1301,-2.47425,-2.4423,0.605432,4.09421,7.82793,20.8414,12.5447,-114.68,-970.632,-299.144,27580,36960,13580
-1.80368,20.2766,10.7894,27.7869,20.6714,10.815,18.6567,12.5987,-6.90633,0.200524,-2.21133,14.5946,6.7668,15.6905,20.974,16.9291,-120.536,-965.264,-291.824,26740,38640,13020
17.3206,33.6613,9.57956,19.3088,11.4198,0.941554,-2.4248,-3.33352,29.5888,8.18254,3.42944,20.5057,4.20434,5.60343,-9.13684,-1.25586,-122,-960.384,-297.192,25620,40040,12320
15.5188,12.6045,2.88597,-1.30052,0.958411,-1.40069,-2.25953,1.38689,22.2975,7.6155,7.58794,8.49807,1.45118,-0.468114,-7.79293,-0.875697,-128.832,-958.432,-295.24,24920,41860,11480
-1.7364,-27.998,-7.75024,-27.6033,-15.4431,-0.765336,-3.26125,6.9806,-4.01201,-1.62363,6.00834,-15.6496,-3.07034,-7.83889,-4.99939,0.881714,-132.736,-953.552,-298.656,24500,42840,10780
5.91906,-17.7668,-5.44466,-21.7997,-12.8416,1.61581,-3.56817,3.31989,7.98077,0.823057,7.55185,-9.76906,-1.01111,-6.49276,-6.92014,-0.204911,-134.688,-948.184,-298.656,24080,44520,9940
0.394418,17.2441,2.58445,17.9012,10.9874,7.81765,12.0438,5.57785,-2.11834,-2.80096,1.24688,7.97799,4.13667,6.88049,17.8773,8.34754,-139.568,-945.256,-300.608,23660,45920,9100
1.95641,26.0905,5.13797,23.8626,13.0779,1.84442,5.45187,-5.35313,2.18828,1.76222,2.86482,12.4273,4.29,4.38979,14.1777,-2.55186,-141.52,-936.96,-300.608,23660,47460,8400
-3.51379,-9.47757,0.16591,-7.16507,-1.43002,-2.62346,-6.54873,-10.4423,-2.34319,3.85171,5.23825,-2.69915,1.95424,-3.24232,-7.97082,-10.5495,-145.424,-936.472,-300.12,23380,48300,7420
-23.0563,-16.6587,4.2049,-4.29822,4.29526,4.14786,0.394521,-1.99257,-27.1559,-1.47695,2.14181,-3.74765,5.93901,2.30637,-5.74474,-1.24218,-148.352,-933.056,-302.072,23660,49000,6860
-14.535,14.7926,8.80619,7.53547,9.05309,3.06208,-1.93656,-2.33039,-10.7082,-0.988508,-2.67354,12.5414,4.53611,2.6288,-6.46513,-2.55703,-145.912,-928.664,-303.048,24080,49700,6300
2.84696,2.56956,1.14801,-5.33076,0.458554,0.832034,-1.13683,4.55085,7.19274,8.40432,4.44662,6.337,0.926933,-6.13859,-8.38595,0.738334,-148.352,-925.248,-303.536,24640,50960,5600
-1.12497,-21.9095,-5.43863,-22.5541,-12.4553,-2.3801,-8.01168,0.805342,5.26457,4.38147,-0.0528966,-9.24129,-3.26313,-13.1547,-17.2391,-3.18697,-145.424,-922.808,-302.072,25060,52500,5180
14.1292,38.07,7.83156,21.3117,10.6244,4.98494,2.10543,1.04201,33.3655,5.77755,-6.1133,17.9109,0.124343,1.07349,-1.28436,2.87527,-149.328,-919.392,-300.12,25900,56420,4760
16.8659,31.1685,9.11153,10.9066,5.1053,3.79488,-4.18438,-0.138867,23.8782,12.127,3.35019,16.0787,2.98147,-1.36376,-10.9824,-0.538008,-145.424,-920.368,-309.88,28000,59500,4900
6.10273,-3.88985,-2.55186,-8.81747,-10.6198,-5.75082,-11.3937,-6.07264,5.42608,4.51049,1.55636,-5.79793,-3.75491,-12.7654,-15.0686,-7.56182,-146.4,-915,-313.296,29120,64120,4760
-8.36507,-8.03694,-2.67054,-1.27767,-0.776474,-1.6023,3.12696,-1.29985,-22.9181,-8.19337,-8.01139,-8.16754,-3.92343,-4.157,0.609268,2.46335,-142.008,-917.928,-311.344,30380,68600,4620
-15.0723,-35.6873,-6.90355,-0.486021,0.60928,-2.25105,12.886,-1.31039,-48.3295,-19.0007,-16.1675,-18.1786,-7.39026,-1.41896,29.9039,6.15969,-137.128,-918.416,-310.856,29400,71540,4620
20.3737,10.4822,-1.66531,34.5755,13.7006,-3.03586,23.5664,1.40498,18.1478,-3.15256,-8.47116,2.84821,-7.16654,5.1031,56.9015,9.36735,-130.784,-916.464,-317.2,30380,74480,4900
7.317,3.12652,-4.00513,16.5298,4.50682,-4.23017,13.3343,2.89188,4.85926,-4.84065,-5.22798,-2.29679,-5.14583,4.83463,33.4538,6.71992,-129.808,-915.976,-320.128,29400,76160,4900
-8.64048,-28.4216,-13.4083,-19.1072,-15.726,-9.5821,-5.21902,-0.942481,-15.2797,-12.5246,-6.90674,-21.7422,-8.17254,-4.17759,-3.32852,-3.80773,-130.784,-917.44,-320.616,28280,78960,5320
7.90366,-10.145,-9.21149,-14.3152,-13.6858,-5.57364,-7.2525,3.39607,17.218,-2.25363,2.01749,-12.4893,-4.33709,-0.899179,-12.8297,-2.69445,-134.688,-923.296,-346.968,27720,82180,5740
0.522612,10.2754,-6.68881,4.44116,-6.39708,-2.31337,-6.90288,2.78869,10.8455,-3.16514,1.32547,-3.98321,-1.89658,6.04054,-10.9149,-2.99421,-133.712,-922.808,-325.496,26320,84700,6020
-29.4949,-15.1942,-9.85789,-24.0456,-14.0629,-2.85615,-15.7712,-2.57239,-35.108,-15.1548,-6.51191,-15.5895,-1.48822,8.14015,-37.0887,-6.69049,-128.344,-929.64,-348.92,25900,87500,6300
-33.8419,-41.0737,-9.24377,-41.3658,-20.3409,-5.29483,-22.1326,-11.3296,-50.6847,-14.1858,-3.02994,-23.9904,0.665517,0.0465763,-40.3502,-15.7945,-126.392,-932.568,-339.16,23100,89320,5880
-12.331,-4.84172,-0.212489,-1.7024,-2.63564,-5.93859,-12.6182,-13.0002,-21.3046,-4.48776,-1.59694,-3.05051,0.2258,-0.356798,-5.44044,-16.3774,-121.024,-936.96,-344.04,22120,90300,4900
1.46056,18.9128,10.6397,14.3505,12.7866,4.67049,2.68559,3.25647,3.00539,2.03765,-1.84809,16.0448,4.04621,11.1161,6.43315,4.30918,-120.048,-941.84,-349.408,21840,90020,4200
2.12463,0.28825,-0.971996,-3.35555,0.585643,-0.725911,4.82411,2.27512,3.31043,0.326142,-4.67692,4.13211,-5.5313,0.407066,2.40058,10.2389,-122,-937.936,-346.968,21560,88340,3360
-13.0923,-16.6431,-3.62008,-4.32067,1.14424,1.928,13.2779,0.276628,-18.0185,-1.18694,-0.856628,-5.04956,-3.69418,-1.44768,11.5766,13.2913,-119.072,-945.744,-345.504,20580,83860,3080
12.8344,32.632,13.8971,19.5419,12.228,6.81806,1.42194,-1.92469,30.4232,14.849,11.1452,22.6448,8.71521,4.41882,3.15325,-0.263841,-120.536,-945.256,-345.016,20580,79800,3220
19.5028,22.9678,11.1625,6.99423,7.63153,5.56213,-5.10864,0.71406,25.7626,14.099,13.3421,18.2494,7.50997,1.23784,-7.62662,-2.26611,-118.584,-947.696,-343.552,20580,73920,3780
14.4968,-29.2987,-5.61162,-53.5285,-24.8695,-3.60625,-22.22,-2.20625,21.8732,10.5725,16.0989,-12.4086,0.989318,-16.411,-41.8307,-8.90662,-113.704,-948.184,-335.744,19880,69440,4200
24.0931,0.568971,2.48069,-8.04128,-0.58739,4.38046,11.0155,13.2299,44.9909,16.7484,17.0231,3.53907,6.63123,-2.79895,10.4428,13.046,-111.752,-950.624,-332.816,18480,63560,4480
30.1657,25.8809,10.0189,21.7704,14.4833,5.6989,20.1135,6.12483,57.5235,21.5294,10.9553,18.2786,8.22724,4.33708,25.8085,11.7039,-112.24,-957.944,-337.208,17220,58240,4900
23.4583,9.95466,11.8456,12.2332,15.2207,6.48076,13.7736,-0.776718,31.3493,18.1721,6.80985,17.2657,8.59083,4.75739,19.5339,0.863453,-101.016,-961.36,-335.256,16660,55160,5460
-4.51197,-24.029,3.60198,-1.73263,5.76412,3.59473,0.726228,0.291162,-20.3001,-4.15209,-6.84187,0.0175678,2.07805,-0.079187,4.69761,-4.34782,-98.576,-962.824,-334.768,16380,51800,6020
6.0167,33.0631,9.70388,45.0472,20.5477,5.30856,6.37919,3.07235,5.38047,-3.13288,-4.45626,19.6133,4.32805,5.47228,25.7663,-4.1378,-88.328,-961.36,-331.84,15820,49840,6160
-15.4505,59.4799,7.65052,76.1782,31.6733,3.58057,15.9811,-5.6711,-32.8811,-12.2057,-6.97583,19.8186,2.08777,8.53191,47.4297,-5.95098,-86.864,-963.8,-330.376,14700,46900,6300
-45.902,-25.1527,-9.51566,-0.45368,-6.31306,-3.14418,-10.5723,-8.57742,-85.6586,-22.4577,-10.6234,-19.7833,-5.36461,-7.62647,-6.62531,-13.4699,-80.52,-963.8,-328.424,13020,43540,6440
-20.8255,-32.0607,-7.35976,-11.4135,-11.3447,0.539238,-3.93453,10.9476,-25.4703,-7.89775,-1.12584,-18.0324,-4.18083,-5.49962,-5.30184,5.56721,-68.808,-966.24,-333.304,12320,41440,6580
12.4693,5.87823,-4.73656,-15.1028,-14.2339,1.82021,-1.7077,17.273,42.4289,6.42431,6.33572,-4.6587,-4.24306,-3.70529,-17.4236,15.259,-61.976,-965.752,-331.84,11340,39340,6860
11.6866,27.8283,1.52699,-13.7465,-3.68385,5.1392,7.20046,10.3567,28.0239,5.36664,4.1907,6.29712,0.512339,5.52533,-23.9626,19.1624,-54.656,-975.024,-338.672,10920,37800,7420
-8.48514,-12.779,-1.26659,-23.0567,-4.10216,-4.19464,0.70006,-5.57482,-26.4917,-5.08325,-3.9432,-6.55519,-1.46215,3.93443,-21.2021,5.32464,-48.8,-980.88,-337.208,11060,36540,7840
-12.5268,-28.7721,-5.71927,-12.8487,-2.42387,-5.57424,2.42994,-3.6114,-41.4864,-7.06696,-6.2598,-13.7497,-4.0284,-1.34833,-0.493085,-0.471519,-43.432,-980.392,-335.744,11760,35560,8400
-21.051,-52.584,-14.6946,-46.7867,-23.0285,-3.35029,-17.9578,10.4255,-47.9785,-14.4309,-12.0732,-28.6453,-7.77453,-13.7198,-30.3668,-8.08151,-41.968,-982.832,-337.696,12040,35280,8960
-4.09536,-25.8573,-8.63846,-29.9488,-19.9416,-5.77084,-20.3745,-7.31706,-7.24917,-8.76523,-11.0734,-12.9439,-7.02372,-10.3509,-27.2635,-14.1807,-39.528,-982.832,-339.16,12320,34440,9240
39.8362,73.9456,14.0961,44.9838,16.8565,-5.88518,-4.44437,-39.6547,78.7301,16.5554,3.84546,37.3739,3.61698,4.70745,8.81873,-17.9174,-35.624,-980.88,-337.208,12040,33880,9520
20.4036,69.4483,12.1232,52.2972,22.6124,-1.68942,-0.840936,-22.1546,55.7999,4.23155,-4.42918,32.6177,4.68738,9.41254,24.4498,-12.8766,-35.136,-976.976,-336.72,11340,32900,9800
-8.86264,-14.028,-7.96794,-11.2129,-11.5505,-7.37087,-16.6668,-6.8218,-1.49076,-13.0953,-11.1816,-10.3267,-5.31549,-7.01677,-4.00511,-14.6175,-33.672,-974.536,-331.352,10780,33040,9940
3.6059,-36.7639,-11.235,-39.647,-22.2939,-4.89073,-15.7077,8.17121,6.58622,-2.10645,0.461584,-18.3276,-6.01489,-11.4571,-14.4589,-5.86674,-35.624,-980.88,-332.328,10220,33460,9940
-15.2345,-39.3971,-11.3792,-12.3157,-9.36615,2.64948,11.5857,25.7739,-38.1292,-6.4355,0.632014,-24.5761,-5.97886,-2.16866,28.7866,13.7847,-38.064,-982.344,-329.888,10220,34440,10360
-11.948,-37.9576,-3.36348,-7.40995,1.61917,10.4147,25.6056,24.553,-38.3328,-1.318,3.65144,-16.6793,1.50206,7.87796,30.2174,25.817,-40.016,-982.344,-332.328,9800,35700,10780
15.5498,16.8462,12.4794,23.0591,21.2141,5.69257,28.2674,4.32643,24.2466,16.859,8.79205,17.514,7.13164,13.6069,26.2022,21.4631,-51.24,-977.952,-327.448,9240,37800,10920
24.8326,32.8837,20.2759,24.1421,23.2339,4.0451,16.1459,0.798718,36.0083,27.3847,16.6219,30.3718,12.5971,14.2281,8.69414,11.5952,-49.776,-978.44,-325.496,8120,39760,10780
-5.8723,21.3699,15.3581,32.3719,24.2746,6.6772,13.115,1.98137,-24.006,11.454,8.82989,19.8364,11.8425,14.6271,10.8162,8.85612,-51.24,-977.464,-320.128,7420,41160,10780
-34.5359,-28.1271,-2.99882,-8.10769,0.124742,3.05982,-2.23092,1.79222,-61.3006,-15.0747,-4.78184,-13.4155,2.48077,1.25593,-14.555,-2.30686,-53.68,-976,-318.176,6720,43260,10640
4.29742,11.7674,-6.85514,-14.1276,-10.7581,-4.63607,-16.1531,-5.74216,37.2678,-11.9614,-6.54455,-1.87367,-2.05619,-8.31417,-33.5673,-11.448,-61.976,-975.024,-317.688,6720,44800,9940
14.6101,41.5763,-1.29309,19.6785,0.138381,-6.38904,-9.84031,-16.7649,55.6282,-0.546846,-2.68013,12.2582,-1.00777,-5.51643,-1.35135,-12.9524,-66.856,-973.56,-313.296,5880,45780,9100
1.07342,-6.9597,-6.78165,-18.7765,-15.003,-7.43893,-16.395,-13.3852,12.9951,2.93982,5.07136,-7.73694,-2.67895,-9.19073,-20.1552,-15.5,-65.88,-974.048,-310.368,5180,46900,8260
5.54484,-17.9477,-5.022,-40.95,-22.0439,-5.90046,-21.4536,-8.47061,3.92166,8.91955,12.0896,-10.3993,-0.58297,-10.9339,-41.5007,-13.5162,-69.784,-974.536,-306.952,4480,47040,7560
16.191,8.95185,2.74234,12.1646,2.61426,-1.30967,4.80928,-1.66043,19.5174,10.7479,9.06992,5.67312,0.115413,-0.485239,21.5792,-1.46255,-72.224,-976.488,-310.856,4060,46900,6440
5.02548,17.051,3.19776,55.0201,22.0494,5.94681,31.0779,12.8498,1.94074,3.19064,2.14972,7.43566,-0.386199,7.27378,76.4251,18.0843,-72.224,-980.392,-308.416,4200,46340,5740
-17.713,-19.0642,-5.60041,8.35234,3.75583,4.01302,16.9164,13.66,-36.5151,-10.2679,-10.1502,-11.4953,-5.14995,1.69787,24.576,17.525,-70.272,-977.952,-308.416,4340,44100,4900
-29.8792,-48.1615,-14.8085,-25.2062,-13.8515,-1.29774,11.1473,13.923,-49.7653,-18.2386,-10.1928,-29.9621,-9.35499,-4.46806,4.91253,15.5088,-71.736,-972.096,-303.536,4340,41720,3920
-12.7893,-8.96157,-7.45854,-6.6429,-8.27061,-0.0812938,2.07517,6.84368,-12.5892,-8.24183,-3.20512,-12.2512,-5.96873,-7.39136,3.45418,1.25632,-73.2,-967.704,-304.024,3780,39760,3640
1.04376,22.2363,9.79257,-16.6971,-2.67514,3.04094,-30.287,-9.72825,-6.56636,2.74961,-3.21201,13.8538,2.75928,-1.6134,-68.0829,-23.2601,-74.176,-965.752,-299.144,2380,36260,3080
-4.14066,-13.4288,9.17792,-40.0838,-6.80976,6.26013,-29.2159,-6.80941,-24.2264,-2.36565,-8.96231,4.64335,4.1185,3.92674,-68.2054,-14.9278,-69.784,-965.264,-299.632,1260,33740,2660
16.5977,7.37676,6.73109,22.3955,15.1658,0.657345,12.8261,-5.83267,25.9281,4.00868,-2.64929,10.9999,0.581911,6.4594,41.9366,-0.812394,-66.856,-958.92,-291.824,-140,30800,1960
-5.67581,0.258347,0.317698,14.9039,6.36948,-2.02505,1.39415,-5.73155,-3.26179,-4.76218,-1.77515,-1.64565,-1.08763,2.61041,17.0585,-2.23797,-63.44,-960.384,-287.432,-2100,28280,1680
-28.6916,-34.212,-5.59555,-43.3857,-18.9976,-1.03516,-19.4764,-2.718,-45.635,-12.475,-2.64553,-20.4424,-1.42825,-2.94124,-64.2303,2.65606,-61,-952.088,-284.992,-4620,26180,1540
-10.9259,-4.98065,-5.43314,-31.2267,-15.6928,0.416133,-9.52803,5.86634,2.74821,-17.1212,-8.03707,-8.52463,-2.6981,-1.74597,-43.2996,12.0591,-58.56,-953.064,-283.04,-7980,25060,700
6.35716,2.70735,-6.09465,-9.34529,-7.42858,-1.97198,1.27295,11.3007,31.6964,-7.05189,-0.368508,-2.69144,-2.44972,-5.37823,9.21121,7.71872,-54.168,-954.528,-282.552,-10360,24360,420
19.2141,5.71147,4.8749,14.7706,9.86315,-1.75851,13.0289,3.43422,16.8311,17.4453,12.204,10.9326,4.02326,0.950395,33.9763,-2.23405,-54.656,-959.408,-282.064,-13020,23800,0
18.3421,34.9656,8.8621,56.6301,24.5126,-4.33133,9.95555,-13.2207,4.90617,17.8555,8.47317,22.5087,4.23382,5.7898,55.0539,-15.8258,-49.776,-965.264,-279.136,-14560,24500,-840
28.1992,59.2467,9.72724,66.2177,20.9754,-8.20481,-16.2846,-29.5807,35.5071,21.202,13.6578,26.7685,4.79912,0.796024,42.706,-38.6267,-48.8,-967.216,-274.744,-15540,25060,-1680
14.6535,17.5467,-3.97284,-6.58091,-17.4235,-10.858,-41.5212,-16.7609,24.8007,6.18357,1.4365,2.01238,-3.81689,-12.6188,-40.9995,-31.7162,-48.8,-967.704,-275.232,-17220,26460,-2380
-23.9219,-60.4697,-17.6384,-61.8398,-34.14,-1.46515,-14.9445,13.4936,-51.862,-17.4656,-11.0385,-33.7643,-7.56713,-12.4154,-52.9639,8.46948,-47.336,-959.896,-277.672,-18900,27440,-3360
-8.32654,-39.201,-15.9656,-44.008,-20.2583,-1.35422,13.0286,13.107,-9.13357,-19.1501,-17.156,-25.755,-9.20644,-8.26938,-7.20415,19.6603,-46.848,-953.064,-282.552,-21140,28980,-4340
9.05949,-1.34012,-1.43367,24.6575,15.9392,6.86583,50.3101,15.8145,12.5822,-0.618206,-3.09034,-0.784678,0.137288,8.45252,69.071,34.237,-46.848,-946.232,-281.576,-23660,30520,-5600
18.8538,37.4126,13.1176,57.2601,35.3181,15.3931,54.1299,19.0945,28.8253,14.5067,8.34367,23.4407,8.73581,21.2136,75.0157,37.0561,-49.776,-934.032,-288.896,-26320,32340,-6440
29.9335,65.4231,21.5013,53.4712,33.394,14.5498,27.4264,8.54689,48.5949,23.9589,14.184,39.8864,11.2138,21.2212,29.119,18.7088,-49.776,-931.592,-293.776,-29260,33880,-7280
21.6535,26.7155,13.1667,-5.82365,4.84546,5.08877,-10.4351,-7.7899,34.4655,17.8081,16.3676,20.8176,7.48277,5.66437,-38.0561,-4.35489,-55.144,-936.96,-298.168,-31360,34580,-7840
-15.8264,-55.1613,-7.15163,-50.4345,-19.9551,-7.90832,-8.17978,-8.17723,-34.2972,-7.13519,2.4378,-23.0319,-1.82168,-8.69217,-30.1409,-4.50252,-57.584,-937.936,-296.216,-33180,35000,-8680
-25.9454,-36.4853,-4.39037,-0.962678,1.02654,-2.0129,11.8483,2.05326,-45.5191,-10.916,-5.4215,-14.6458,-1.59442,-1.8232,24.0312,8.1247,-54.656,-939.888,-304.512,-34720,34860,-9660
-12.0311,-1.78558,-1.1456,-1.80477,-1.72014,2.22888,-7.2682,7.91666,-3.16411,0.246503,1.62004,-2.13316,1.00034,-4.21854,-4.02508,-0.9859,-55.144,-942.328,-303.048,-35840,34020,-10080
-36.9858,-39.2725,-7.28329,-40.8724,-18.0911,-0.912463,-28.9341,-2.32741,-53.0219,-10.4615,-4.54228,-20.5444,-0.945377,-7.37918,-50.8569,-18.5761,-49.776,-945.256,-308.904,-37380,33180,-10220
-16.972,17.8756,8.65109,15.4663,18.1059,5.81353,-6.32872,-4.34303,-23.2669,-5.85841,-6.85911,14.8346,5.25333,11.6084,-20.1403,-9.2025,-51.728,-946.232,-309.392,-38220,32760,-10500
12.071,42.4072,11.2841,20.1002,8.97357,-2.17366,-21.109,-17.4108,25.0646,8.13098,-1.29118,25.2301,4.75398,3.68188,-28.5555,-19.9171,-55.144,-947.696,-310.368,-38780,32060,-10220
10.6442,-7.48719,-5.88605,-40.526,-32.243,-11.8583,-45.4823,-18.0615,38.8112,3.78351,-1.11225,-6.40339,-3.04881,-20.1047,-57.3917,-30.6512,-57.584,-942.816,-306.464,-39340,32060,-9800
7.3189,-4.70111,-6.92846,-6.10023,-12.5212,-5.28905,-3.16684,2.17936,32.8688,1.32309,-1.17815,-8.29071,-3.45681,-10.6256,19.4391,-2.66097,-61.488,-964.288,-262.544,-41580,32060,-9380
8.25389,39.8487,4.68466,60.1345,24.7195,3.85198,32.0518,18.5206,27.7795,3.64486,-3.18522,14.8117,-0.928694,9.97103,77.7362,18.435,-63.44,-951.112,-288.408,-42980,33460,-9520
-20.5943,2.66172,-4.42959,33.2808,16.8168,5.70016,33.732,20.4903,-21.2194,-22.5766,-11.8839,-3.0962,-5.00648,10.0469,55.7741,23.4382,-67.832,-941.84,-306.952,-43400,35000,-9380
-24.7852,-26.42,-9.70728,-7.11217,0.195947,1.34288,19.3222,-0.930006,-35.7833,-25.0611,-12.4691,-18.7694,-6.83947,3.25073,16.5867,17.5491,-69.296,-949.648,-301.584,-44100,37660,-8960
8.42147,-20.0057,0.860493,-3.70028,1.94539,0.550573,12.4006,-3.24873,-9.48632,6.98187,4.86077,-6.86286,0.293622,2.52071,15.6296,6.73736,-72.712,-949.648,-297.192,-43400,40320,-8820
15.6514,-17.6089,5.07869,-18.1871,-5.13686,-1.87987,-10.1552,-3.25629,-11.7745,13.6139,11.2963,-2.09133,4.39156,-0.787898,-19.217,-6.66687,-76.616,-941.84,-293.776,-42980,42420,-8260
16.1552,1.72394,1.9631,-21.8171,-9.26355,-4.3055,-17.9413,-3.65607,9.38836,6.1107,3.02785,1.9891,0.822238,-2.4058,-38.7239,-8.3761,-75.64,-929.152,-305.488,-43400,46200,-7840
15.6486,17.6156,2.54115,-4.74527,-3.32673,-0.328896,-9.37175,0.980045,18.6884,3.68194,3.53738,7.34631,2.08849,-1.37476,-25.1658,-1.56533,-84.424,-930.128,-285.48,-44380,49560,-7700
12.1864,28.1443,5.19699,11.0365,3.08271,1.81261,-4.73434,-2.0634,12.5685,4.54207,4.7509,10.9783,4.96352,0.201024,-12.4481,-0.919455,-84.424,-932.568,-285.48,-45360,54600,-7840
-19.291,-44.1104,-11.5194,-41.0719,-20.6886,-2.19025,-12.188,-3.18017,-45.6972,-10.5927,-0.284311,-26.3077,-2.56123,-9.23565,-29.2699,-4.05234,-87.84,-931.104,-288.408,-46060,59360,-8120
-14.8744,-21.6388,-5.5512,-21.3485,-8.53947,1.93429,-6.32182,-0.770481,-31.9964,-6.56225,1.52949,-14.2126,-0.070843,-1.57091,-20.7997,-0.605329,-97.6,-930.128,-286.944,-46480,63560,-8120
4.95029,31.8946,5.15577,11.5554,4.09527,-1.71291,-18.5738,-14.0073,6.91024,4.89658,3.54439,14.2112,1.39358,0.703366,-28.1586,-17.8722,-104.432,-930.128,-292.8,-46340,69860,-8960
-9.72011,-9.655,-4.82809,-10.4173,-6.57358,-3.03662,-15.7118,-8.49697,-22.3349,-2.32954,1.8408,-4.90723,-3.84678,-7.34913,-20.9363,-15.4963,-109.312,-923.296,-295.728,-46340,74480,-9660
-24.2507,-46.3842,-18.9632,-21.9495,-15.3299,-6.55619,2.78294,1.19202,-45.1037,-18.836,-12.0849,-27.7772,-14.5759,-13.3473,10.9652,0.207777,-116.144,-918.416,-298.656,-46060,80500,-10500
-20.685,-47.3911,-15.9822,-12.9413,-9.31463,-2.02614,19.3162,11.5656,-34.4084,-16.1074,-11.368,-27.1863,-12.3583,-4.73157,35.7613,13.7378,-118.096,-915.488,-305.976,-46340,84700,-11620
27.732,27.0653,5.15967,25.4496,8.63559,2.11672,19.685,6.98232,71.1196,11.3039,1.89326,12.525,-1.33192,5.49951,44.9082,10.6025,-119.072,-911.096,-311.344,-47180,87640,-12600
48.5061,75.4941,19.2433,47.2387,23.7216,4.13821,12.6722,-0.309263,113.006,23.1411,5.2035,41.1561,5.16798,12.3493,30.8319,4.70682,-119.56,-909.632,-313.784,-48440,89600,-13860
21.7798,56.9528,14.4168,47.4563,23.7324,3.56733,13.2994,2.95734,50.2325,12.2216,0.341057,30.1035,3.97104,12.0653,27.4082,6.44931,-117.608,-912.56,-314.76,-49280,90160,-14560
-12.3829,-17.179,5.97651,-6.20987,2.95271,2.24644,-4.16054,1.18654,-32.2753,3.18038,1.00439,-1.46822,4.42951,7.06335,-8.80068,-0.301995,-112.24,-911.584,-319.152,-50120,89600,-15680
-7.41497,-17.3196,2.79434,-18.2642,-6.70158,-0.985582,-10.1467,-0.477014,-11.9222,8.36379,4.16383,-3.68278,3.22723,1.01471,-19.128,-4.30233,-108.336,-905.728,-324.52,-50680,88900,-16100
6.6669,20.318,6.69775,16.2883,5.582,0.981693,6.68505,2.87018,20.193,13.9065,8.56179,10.899,6.5644,2.59751,11.8666,4.31634,-102.48,-897.92,-325.008,-51940,88060,-16800
-7.90328,2.32927,-1.25745,15.3732,2.85909,-1.52016,9.7524,-1.41419,-1.46578,4.98289,4.42895,0.34565,2.13534,-3.35423,24.9422,1.496,-100.528,-893.04,-322.08,-53760,86660,-17500
-16.3574,-13.6232,-1.82945,1.41761,0.443651,1.01332,5.01601,-1.39104,-22.5185,-0.450618,3.96929,-4.30922,4.42116,-2.97554,11.3342,-1.20494,-94.184,-894.016,-322.568,-55580,84700,-18060
-8.70766,-4.57694,0.278013,-1.48776,-0.523817,-0.279059,-6.59671,-6.65335,-8.68662,-1.41395,2.3566,1.35421,5.05717,-1.26188,-1.11977,-7.22787,-86.864,-894.016,-321.104,-56980,82320,-18760
-8.34278,0.404173,-3.51851,-0.478541,-1.64895,0.192643,-2.48812,-0.501041,-7.76112,-4.83819,0.123443,-1.84352,1.46838,-2.35903,2.63349,-1.8694,-75.64,-896.944,-330.864,-57820,80500,-19460
-37.3548,-51.7828,-8.29943,-27.8599,-3.7711,7.62926,4.52505,12.5264,-80.1383,-20.8816,-10.189,-24.7537,-0.546485,3.45833,-15.1968,10.7456,-67.832,-901.336,-318.176,-57960,77700,-20160
11.9967,8.14016,5.11402,-4.45449,6.21416,3.74474,-0.382564,2.32186,14.135,-1.30037,-6.0505,9.87269,0.267826,8.5004,-22.3086,4.91618,-61.488,-895.968,-309.392,-59080,77140,-21280
35.1299,45.2823,7.05331,24.2589,10.9778,0.484567,9.10689,3.76168,69.8345,10.028,4.28778,23.3121,0.602564,4.88085,12.5491,5.29526,-51.728,-895.48,-305.976,-60900,77280,-21980
-19.2358,-53.4536,-22.1908,-53.7384,-29.5791,-6.66614,-13.2126,2.97597,-17.6457,-20.3479,-4.60264,-37.7963,-9.76803,-17.3555,-27.8117,-5.73004,-46.848,-896.456,-299.632,-63840,77700,-22960
-26.621,-75.4094,-23.5857,-67.5016,-34.8916,-6.03122,-24.7258,0.480268,-48.734,-24.6853,-8.8699,-45.5615,-9.81644,-21.9107,-49.0059,-12.8446,-42.944,-902.312,-301.096,-66360,78540,-23660
3.20401,6.30436,-6.95352,-7.31175,-17.7136,-10.2845,-33.3669,-12.4177,1.50287,-8.85579,-6.98837,-1.74022,-6.07804,-20.3615,-32.6735,-26.8744,-34.648,-916.464,-303.536,-68880,79800,-24220
11.4954,27.8757,3.89787,-1.3132,-6.60575,-4.49768,-22.3562,-14.7178,11.9527,0.195529,-5.32614,14.5217,-0.820393,-5.5212,-32.3715,-16.2856,-27.328,-925.248,-316.712,-69020,80220,-24220
-2.37282,4.34319,3.26284,11.3256,9.69538,3.77247,18.2622,3.023,-22.634,-3.89457,-6.40165,1.78388,0.442689,10.6709,17.9927,16.7559,-25.376,-928.664,-328.424,-68180,79660,-23800
26.2654,50.0672,18.2812,55.3959,35.9645,1.4484,32.8984,-2.97513,24.715,11.6391,2.46516,32.154,4.69901,20.9557,51.8829,19.0264,-24.4,-930.616,-336.72,-66080,79660,-23100
41.4504,74.3618,31.2366,75.1176,49.6947,8.57101,30.276,-3.56156,36.9264,25.3238,11.9296,52.1189,11.381,24.8966,56.3174,11.7198,-22.448,-935.984,-341.112,-64960,80220,-22820
3.72808,-7.98264,15.1062,5.91642,17.4471,13.9234,16.09,9.39155,-42.5454,13.3419,8.96025,7.91549,9.8665,10.3051,4.97786,11.0636,-21.96,-930.616,-346.968,-63140,80640,-22820
-11.1692,-41.427,-8.88113,-41.5189,-21.3617,-2.39099,-7.29479,6.03089,-31.0786,-3.57522,-2.66421,-23.0573,-4.90957,-12.9827,-38.1367,1.70584,-23.912,-923.296,-347.456,-60900,81200,-22120
7.94987,32.2621,-0.0530906,20.3091,1.09135,-5.78962,-2.31855,5.23553,37.8778,2.1137,2.14089,7.78193,-2.05123,1.51909,7.97879,0.665437,-22.936,-915,-344.528,-59920,82460,-21840
6.67465,22.2671,-3.55597,20.7824,2.112,-3.98687,5.64698,0.549353,45.4698,1.87732,3.06117,0.589512,-4.03912,2.86139,29.0262,4.62803,-25.376,-911.096,-347.456,-59780,84420,-21560
24.9471,6.71607,2.58528,-1.38029,-7.05282,3.57026,-3.50344,-2.92819,56.5878,18.6377,16.1671,2.13482,3.68153,1.46934,11.869,-1.94288,-27.328,-915.488,-341.112,-59500,86380,-21000
22.5316,11.5956,7.69511,-1.90389,-7.22009,4.86727,-22.5389,-6.76489,38.4895,19.6709,18.5019,9.25697,8.12686,1.15654,-7.43935,-19.7173,-30.744,-917.928,-355.264,-57820,87080,-20300
-23.8077,-34.8045,-10.2829,-27.8606,-17.3209,1.36859,-21.6734,-4.29725,-41.0939,-9.37599,0.218894,-22.3051,-3.04325,-6.28327,-21.047,-13.353,-37.088,-916.464,-353.312,-57120,86520,-19180
-27.9611,-31.5091,-8.8244,-18.6007,-4.3524,1.94846,5.32225,5.01805,-43.9748,-14.4742,-6.00442,-18.0826,-3.25431,2.84314,-5.44698,7.74369,-43.432,-916.952,-358.192,-56560,84700,-18480
-30.3889,-31.0493,-5.50528,-17.2103,4.58567,7.27745,19.6746,15.2525,-37.808,-18.6546,-12.7527,-14.6732,-1.35206,11.8417,-2.34855,20.7646,-44.408,-911.584,-358.192,-55860,81480,-17500
-27.868,-29.3163,3.72784,-14.8693,14.1078,13.3993,7.74721,9.25469,-48.658,-13.3213,-16.4402,-5.94738,3.70488,19.4336,-15.3436,11.9472,-47.824,-908.168,-352.336,-55580,78400,-16660
-18.9837,-2.78331,1.2299,1.54345,7.85586,8.17649,-1.86522,3.46421,-16.7711,-14.121,-14.2609,-0.0639733,3.34365,12.3898,-5.26211,0.419359,-50.264,-902.8,-345.992,-56420,73360,-15540
-5.0116,22.1716,-4.43375,17.0183,2.232,-5.62604,-2.42185,-8.2727,17.4357,-5.26061,-8.67359,7.34791,-3.72823,-11.8115,6.58339,-8.40353,-48.8,-900.848,-337.696,-58240,67200,-14420
1.73095,31.5036,-11.5152,37.2467,-1.48908,-20.7741,9.10668,-10.2094,31.6456,4.13319,-0.56208,5.63078,-9.81713,-33.2725,38.9195,-8.5346,-46.36,-902.8,-327.936,-60060,62020,-13860
-12.3009,1.78697,-20.5129,8.23823,-17.9482,-33.0564,-3.96013,-14.2795,5.14695,-5.50857,-5.0747,-12.5913,-16.1234,-36.112,12.2214,-14.6879,-46.36,-904.264,-327.448,-62160,54880,-13160
-2.23645,-13.2685,-7.58163,-24.3023,-26.5783,-25.195,-31.2217,-20.0111,-20.9959,9.19371,3.81547,-6.86304,-5.825,-28.655,-39.1492,-27.9596,-40.016,-913.048,-332.328,-63280,50400,-12740
2.29077,-25.5092,1.74897,-34.9089,-24.4722,-8.94498,-32.2941,-12.841,-38.4911,12.0658,7.34263,-5.01314,1.98687,-12.9149,-45.2451,-22.1049,-33.184,-919.392,-335.744,-64400,43820,-11760
19.7274,9.63776,1.14266,-9.59577,-9.2039,-7.43082,-13.9144,-5.99003,26.9265,8.01818,7.03179,6.91773,-1.37814,-3.58338,-10.5929,-7.54665,-32.696,-918.904,-336.72,-64680,36820,-10920
18.0304,-5.97477,-4.16006,-21.8876,-15.2752,0.35951,1.59151,5.71346,39.6683,8.21059,12.8947,-7.76128,1.26499,1.96482,1.69229,7.12469,-29.28,-922.32,-328.912,-66080,32200,-10220
26.1618,-10.841,-1.4958,-16.5884,-13.0953,8.70101,7.2934,7.82506,37.8866,13.8283,11.7122,-5.69194,2.04799,-4.39511,3.98348,7.53101,-24.4,-926.224,-329.888,-67480,26460,-9520
26.3911,25.3961,13.2566,40.0008,25.8113,10.1766,33.0554,13.0709,22.7768,11.3277,5.83117,22.5904,4.06584,13.1142,41.5797,21.0066,-20.984,-935.984,-335.744,-68180,23660,-8960
21.8047,52.032,26.272,58.3,52.9488,15.5132,39.5476,14.1495,28.1667,5.93163,3.80684,40.1136,12.0473,42.8631,44.5027,30.3257,-22.448,-947.208,-340.624,-67760,21560,-8820
2.18056,16.478,15.6008,17.2689,31.691,26.7325,26.321,18.761,8.95907,-4.16477,-0.4889,15.9982,11.8114,35.8024,16.4999,26.9871,-25.864,-948.672,-349.408,-65380,19600,-7840
-30.4162,-31.9039,-0.417911,-13.9601,10.817,23.6502,8.59497,16.6277,-41.9266,-19.7524,-14.3125,-14.2235,4.43629,18.4957,-10.1908,14.6647,-24.888,-940.864,-344.528,-63700,19600,-7420
-17.3631,-27.3282,-3.65842,-12.1872,-5.32136,5.35192,-10.6514,3.27393,-28.026,-7.17777,-8.27922,-14.3064,-1.17207,0.0102301,-9.35366,-6.25361,-27.816,-934.52,-353.8,-62860,19040,-7000
-25.0208,-41.0039,-8.64903,-35.0557,-17.8263,-2.93303,-18.2151,-0.827743,-43.8822,-13.3952,-6.87497,-23.4997,-4.70143,-5.57331,-28.1869,-7.72251,-33.184,-938.912,-354.288,-62300,18480,-6720
-6.91675,-18.215,-2.77499,-23.1049,-12.6217,4.26278,-3.46607,3.46393,1.44549,-8.20269,1.37625,-15.8001,1.24312,3.70058,-9.06209,2.76412,-38.064,-947.208,-367.464,-61880,17220,-6160
-1.23802,0.569288,5.09694,5.58455,2.27036,11.0984,5.81192,1.68775,-5.27649,-2.68747,-1.56856,-3.9522,-2.66123,12.152,11.0988,4.9162,-49.776,-942.328,-361.608,-59360,14420,-5600
-0.114723,34.7327,11.2344,39.7861,38.4215,17.6175,30.968,7.66245,-4.63261,-5.44361,-8.16963,21.4873,-0.129994,23.6143,31.1995,19.736,-46.848,-937.936,-382.592,-54600,11760,-4900
24.9765,50.2129,7.14874,43.9838,27.4501,4.0708,8.63051,-7.10686,34.9861,-1.99146,-1.63407,23.7443,4.71044,11.2239,23.4432,-3.6776,-40.016,-952.576,-406.016,-51940,7980,-4060
23.6473,22.1697,13.4428,8.98311,4.46193,-0.941221,-36.1992,-17.2224,6.58344,3.51617,10.7119,12.1422,15.0609,8.50524,-32.7438,-28.8325,-40.992,-943.304,-401.136,-51940,6300,-4200
-2.68352,-39.3426,13.057,-31.4185,-11.393,4.16391,-22.138,-9.8782,-46.8614,8.65363,14.5137,-13.7451,18.5087,9.41845,-33.8067,-12.5356,-39.04,-947.696,-414.312,-45220,2520,-2940
-6.75484,-26.5799,5.84012,-17.3387,-3.57245,7.24435,13.4041,5.1308,-2.23976,6.30336,4.52304,-12.1684,8.56292,9.78592,7.6601,13.0916,-39.04,-943.304,-403.088,-39480,-1820,-2100
-20.3404,-38.1332,-21.1717,-34.4866,-30.4754,-8.42826,-9.29878,-5.97865,-7.6004,-3.75813,-3.35757,-26.5499,-10.1981,-35.2589,-14.6063,-8.9506,-41.968,-936.472,-407.968,-36400,-5180,-1120
-38.1304,-24.992,-51.7763,-22.8503,-59.2058,-50.3003,-54.4696,-39.971,-45.687,-20.5371,-15.0282,-29.0343,-37.808,-107.352,-45.2594,-59.1878,-44.408,-936.472,-410.896,-32900,-9940,-420
-11.233,48.5297,-45.2926,33.5831,-29.2816,-84.8333,-36.8241,-42.7309,12.7753,-14.7728,-17.6804,8.61231,-48.5945,-101.723,-3.47976,-56.2195,-44.408,-938.912,-409.432,-31920,-13020,-560
19.6543,48.0639,-12.2763,26.5433,-23.161,-56.3821,-19.0414,-18.4288,43.5664,14.5904,2.26504,16.1289,-20.0388,-37.9273,13.6079,-25.8308,-40.504,-930.616,-398.208,-30240,-17360,-560
26.0908,2.32435,22.6739,-34.2203,-22.7962,20.1888,-0.403977,17.8159,35.0797,30.9499,20.6912,6.2333,23.2712,36.8307,-18.3096,18.3766,-36.6,-932.08,-396.744,-29120,-20720,-840
16.4703,-10.0535,25.8151,-37.2671,11.1092,41.9153,19.8497,20.5744,16.1506,23.3669,16.9617,8.78033,29.5047,39.2502,-15.0551,32.017,-35.624,-929.64,-397.72,-27020,-23240,-560
27.426,32.2391,0.683144,35.5487,32.5042,-4.96024,32.7816,7.81057,46.0723,14.1273,-5.35457,25.5343,-17.603,-10.2935,48.432,16.0728,-32.696,-933.056,-394.304,-24640,-27300,-560
40.8951,47.1264,5.96715,56.6165,33.7048,-8.12473,39.1534,22.5168,58.7807,22.5699,3.22508,36.7014,-17.4165,14.5769,61.2859,29.1285,-30.744,-936.96,-398.696,-22540,-30520,-700
0.453307,1.55384,16.5936,1.60976,22.2692,21.1556,27.7978,24.1997,-7.2222,4.86776,10.8004,10.072,16.3758,49.4275,9.40789,34.6945,-29.28,-926.712,-399.672,-18760,-33600,-700
-37.7084,-32.2735,11.9204,-16.1868,27.8326,36.646,32.8713,23.1309,-48.7246,-21.8654,-6.54296,-19.3154,23.4015,51.7621,12.3406,35.0071,-27.816,-924.76,-401.136,-16800,-35140,-840
-19.3543,-0.413725,18.3313,29.0151,38.524,44.6179,31.9565,24.847,-25.7812,-15.7538,-6.3662,-1.19611,26.8758,50.0032,35.8588,32.4649,-26.352,-926.712,-402.112,-14700,-35980,-980
-16.7039,-25.7831,1.7425,5.76806,4.84978,26.1484,-0.335142,6.97279,-26.1356,-12.3209,-5.27994,-18.6796,12.7282,18.8093,7.19572,6.60831,-26.84,-926.712,-411.384,-12460,-36260,-1260
-30.2777,-43.4039,-24.3614,-30.3199,-31.3173,-8.79339,-41.0826,-17.6775,-31.385,-25.097,-13.3699,-33.8152,-10.3254,-29.4019,-45.5608,-30.8435,-21.472,-920.856,-413.824,-10780,-35700,-1540
-12.1168,-1.9649,-25.9708,-23.663,-35.4686,-31.2616,-46.411,-19.485,2.80425,-20.6639,-12.3709,-12.6813,-22.8664,-44.4481,-54.1554,-38.5077,-23.424,-926.712,-415.776,-8120,-33600,-1820
9.01013,6.19333,-6.61462,-12.882,-10.1395,-10.8412,-9.62315,3.34474,11.8838,-2.72247,-4.80587,4.22706,-11.9055,-7.61371,-20.4838,-4.04227,-19.032,-927.2,-418.704,-6580,-31220,-1960
-2.04993,-24.9896,3.97037,-36.61,-4.78446,9.62113,-2.2515,3.3518,-29.3664,-0.985806,1.26921,-4.19331,6.58883,18.8355,-32.4108,10.235,-15.128,-926.712,-419.192,-4200,-29400,-1960
-4.31719,-22.6143,4.89583,-15.6636,-0.815075,8.39229,0.161105,-11.7031,-25.4427,2.71447,7.13912,-10.2776,10.3507,13.2523,-3.6394,1.42424,-15.128,-923.296,-418.216,-2380,-26040,-2100
7.21815,12.9368,16.2272,34.4468,24.0048,12.091,20.1246,-3.52489,15.3842,10.677,10.7091,8.96571,12.4429,20.9374,46.0561,5.90151,-18.544,-918.904,-411.384,-1540,-23660,-2100
14.7837,11.6021,20.2795,19.65,20.8339,13.2412,7.29273,1.72778,19.635,18.6328,9.80155,15.9737,10.2575,18.7343,16.0843,2.64259,-21.96,-926.224,-408.944,-560,-21140,-2100
13.0457,6.12411,14.6182,7.25156,16.6916,5.47552,8.99514,-1.19532,-0.199843,9.96289,-5.42852,18.8961,-3.08951,9.94889,0.724369,3.25486,-26.352,-938.912,-415.288,700,-19180,-1680
18.6865,28.9157,8.46691,24.934,16.1803,0.602368,13.0109,-0.867419,22.2823,5.88958,-5.35552,24.7545,-4.88021,3.61493,20.2717,3.988,-27.816,-942.816,-424.56,3360,-18480,-1260
-4.89237,-0.973482,-22.3105,2.43042,-16.5889,-20.2937,-10.777,-15.3641,8.30407,-13.5868,-11.3855,-12.9999,-15.282,-35.067,10.6985,-21.0885,-25.864,-963.8,-449.936,6860,-17360,-560
-12.9724,-7.62624,-18.2864,3.42,-21.0779,-13.5297,-6.81886,-6.08572,-10.5611,-11.2156,-4.02789,-21.3085,-7.7718,-31.9825,8.72001,-15.7177,-33.672,-921.832,-447.984,13860,-17080,420
12.9641,16.8729,-8.59879,16.8269,-23.0934,-17.6991,-6.44213,-6.52721,17.0073,11.573,12.3463,-1.75985,-6.23207,-43.3683,5.34865,-18.0388,-39.04,-924.76,-394.792,13160,-16240,980
10.6115,18.8303,-8.72373,5.84698,-16.9057,-32.5435,-5.17165,-8.74074,14.525,8.61764,14.3775,4.61596,-5.90009,-43.8271,-4.06949,-16.7318,-38.552,-933.544,-392.352,9940,-13160,560
-3.97877,-11.262,-11.7798,-28.2739,-30.8719,-23.2763,-15.8486,-1.8464,-1.31181,-6.56832,11.8398,-13.8968,-2.73375,-18.8667,-26.3479,-7.68855,-42.456,-936.96,-388.936,9520,-13440,840
-21.9435,-27.4618,-4.37115,-27.8987,-17.6452,-0.0218011,-14.4332,5.04291,-40.0977,-10.9578,4.00897,-20.1174,3.99234,11.9027,-19.2541,4.82781,-43.432,-935.984,-388.936,9660,-14000,980
-16.3375,-21.0983,7.64503,-27.5257,2.18247,16.9223,-26.4458,-1.16701,-34.6419,-4.55497,-5.7168,-6.06492,10.0096,25.1868,-32.0703,-5.56855,-43.432,-935.496,-390.888,9520,-13860,1120
11.4374,4.03028,13.9579,-19.3008,5.63307,20.8931,-17.4359,1.33986,23.1018,6.66029,-5.7893,8.30202,8.84764,25.4434,-27.4779,-8.31181,-46.36,-931.104,-388.448,9100,-13580,840
17.9038,20.3546,22.8808,7.07271,29.2688,26.4919,14.5514,11.2987,23.0836,12.6643,-6.43997,28.7911,0.568138,34.8097,-5.04002,16.3042,-49.776,-932.568,-386.984,8400,-13300,560
2.6284,20.3427,12.6178,21.249,37.8441,19.4234,31.5738,16.1971,7.75545,5.69413,-4.80084,28.692,-1.16849,33.4507,18.0876,31.5124,-47.824,-938.912,-389.912,7000,-14000,140
-13.5111,3.55012,-3.0724,11.5805,21.1948,-2.04811,20.9951,-0.470754,-9.05614,-8.73897,-7.78329,3.95774,1.2597,16.9302,17.4076,13.435,-44.408,-946.72,-396.744,6860,-16240,-420
-24.4547,-18.4087,-3.55506,-0.426278,9.498,5.3582,7.96832,-1.44827,-17.9075,-16.9727,-12.1718,-16.2589,4.5301,4.4353,6.95091,2.07742,-40.504,-945.744,-401.624,7420,-18900,-700
-5.60017,-11.3333,-8.05717,9.75603,-2.82221,-1.39429,3.05124,-0.154588,7.22171,-8.88602,-10.8781,-12.8026,-2.86178,-17.7401,17.0911,-0.0643082,-34.648,-948.184,-399.672,8400,-21140,-840
8.17993,-3.50011,-8.46717,-3.65642,-17.5646,-16.5142,-9.60789,-3.98923,17.7902,2.46914,0.335437,-3.39738,-5.35512,-22.3907,-10.2699,-6.44259,-27.816,-941.352,-405.528,9380,-21980,-840
11.7301,5.3317,-2.17132,6.75839,-14.3474,-2.39059,5.51037,7.32817,19.6959,12.0471,12.1833,-0.667042,3.42379,-10.514,10.6997,6.16924,-27.328,-938.912,-402.6,10360,-21420,-560
9.44427,10.5345,-29.5254,15.8284,-23.8178,-29.6147,-11.0503,-13.0477,11.0304,6.60061,9.32709,-6.38569,-21.7327,-73.5366,14.1886,-19.1452,-27.328,-940.864,-403.576,10780,-20300,0
11.2836,9.27016,-20.1532,6.32623,-22.3022,-46.1393,-6.19688,-12.5192,-8.86143,11.4026,10.9353,-0.779442,-22.3644,-50.2401,11.1797,-10.2646,-30.256,-942.816,-409.432,12040,-19320,420
16.1682,-14.9112,23.7708,-33.4498,-10.9952,-6.37799,8.84968,3.24778,-17.5628,32.9874,19.1193,3.11771,6.70779,32.168,-12.4392,11.6877,-23.912,-942.816,-410.896,13720,-18200,1260
5.69803,12.0105,41.5145,5.3405,32.7721,41.1015,26.4766,22.4997,10.6136,27.7493,26.6111,17.3261,29.489,63.5389,20.705,23.6459,-29.768,-942.816,-412.36,14980,-17220,1960
-3.64211,16.4327,10.4985,37.243,41.6699,40.9396,26.57,21.5508,-2.0403,-29.0458,9.37206,11.5409,18.3277,45.142,42.856,25.4818,-29.28,-939.888,-415.288,15820,-15960,2800
-9.06457,12.8449,-9.68607,19.9034,21.0282,20.1553,4.93942,6.70955,-1.28657,-38.825,-12.3616,0.185461,1.96223,18.7048,3.10374,7.84163,-33.672,-937.936,-409.432,16520,-13720,3080
-4.37569,-0.570986,-8.66401,3.96908,0.603797,3.88135,-7.5762,-5.57773,7.81337,-10.2121,-28.4552,-11.6826,-6.01815,-5.58569,-7.69742,-7.51827,-31.72,-938.912,-403.088,16520,-11340,3500
3.20736,-7.19524,-5.2082,-5.33595,-7.90162,-5.71148,-11.3716,-8.11289,3.52554,-2.72003,-15.5757,-8.74793,-3.68037,-12.7328,-12.7736,-11.5682,-31.232,-940.864,-400.648,16660,-9100,3780
-4.87322,-13.0336,2.85761,-10.3138,-6.22813,-7.35907,-8.60661,-8.97036,-16.537,-7.56948,-5.44418,-1.8124,1.81785,2.76454,-11.5873,-8.47063,-30.744,-943.792,-403.576,16520,-7420,4060
0.630075,2.48751,9.57625,-3.7144,4.66784,-1.04212,-6.86579,-6.41155,-12.6004,0.309189,-9.40209,10.9899,1.37278,4.82818,-10.018,-9.14852,-31.232,-943.792,-407.48,18060,-5600,4760
16.8795,19.4176,2.90944,4.67985,-1.55203,-7.2969,-13.6701,-9.65253,15.853,13.2088,-3.8707,15.5091,-5.7556,-9.96124,-7.99111,-17.3542,-31.232,-948.672,-406.992,19880,-3360,5320
-3.12664,-12.5491,-9.59688,-19.4813,-18.2886,-8.97473,-16.3609,-4.24419,-15.6767,2.12689,6.50014,-5.27172,-2.60645,-21.9182,-24.6042,-12.4464,-30.744,-935.984,-406.504,20300,-1680,5740
-31.5241,-44.1115,-18.3853,-51.8606,-34.5113,-9.96689,-20.6497,-2.34149,-35.765,-13.89,0.0241458,-32.3356,-4.28848,-18.5276,-46.3183,-6.89017,-31.72,-935.496,-401.136,20860,840,6300
-25.6821,-31.4758,-14.9523,-30.0464,-26.1704,-6.44668,-8.02131,-0.847446,-6.52972,-11.9425,-6.79474,-29.5867,-5.35906,-8.01181,-10.3768,-1.34201,-34.16,-929.152,-407.48,20860,2800,6580
-18.8843,-7.6843,-6.37029,0.790453,-5.13991,1.48241,2.21994,2.70613,-2.79759,-7.27983,-3.21588,-11.3818,-2.70896,1.69541,14.3378,3.13984,-38.552,-929.152,-409.432,20440,5320,6580
-18.9065,-22.0052,-6.49243,-9.99189,-2.61724,6.05106,6.86832,7.18928,-11.7973,-5.59487,0.0639921,-14.487,-0.974699,3.28891,8.17941,8.51281,-39.528,-931.592,-411.872,20300,7140,6440
-11.3761,-11.2056,3.17594,-1.71747,8.52885,9.11961,13.4735,6.57489,-6.50135,-0.996207,-1.41611,-2.92966,3.37577,11.366,10.4723,12.0304,-44.408,-920.856,-404.552,20720,8540,6300
12.8257,12.1676,17.8382,10.004,20.9089,9.34619,5.85576,-3.82763,7.34993,13.6446,4.43112,18.3171,10.8534,17.783,-1.28694,4.58242,-47.336,-923.296,-406.016,20720,9520,5880
17.8901,27.1837,2.47857,26.2959,7.89505,-14.4583,-17.0185,-17.3528,16.7363,13.6937,3.7619,20.0597,-2.52688,-29.5398,-6.96342,-26.9184,-50.752,-924.76,-402.112,20720,9240,5600
22.8699,30.1609,-6.11345,25.4693,-9.19847,-34.767,-19.5774,-14.5261,16.2396,11.9637,4.32869,19.0615,-14.1753,-41.5432,-7.74185,-26.9237,-52.216,-924.76,-403.088,21560,7700,5320
55.2124,57.0796,19.5336,20.0636,4.986,-8.61035,10.4999,3.61702,68.5381,33.5671,16.711,38.1568,2.01996,14.189,9.64082,13.259,-48.312,-924.272,-404.552,22820,4340,4900
36.4903,40.7832,24.8608,16.8545,23.3697,22.7803,29.3527,16.2089,38.0505,27.2024,13.7648,30.4286,9.26986,34.9498,25.7412,31.5335,-44.896,-921.832,-405.528,23520,840,4340
0.811522,2.03285,8.9529,9.77758,24.642,26.9114,26.5277,17.6623,-8.25755,0.330877,5.80462,7.05798,10.0433,28.8554,19.5412,26.1221,-43.92,-918.904,-405.04,24360,-4200,3500
-18.6783,-10.0662,-6.69536,2.89657,4.87385,11.9483,6.38853,1.31806,-9.08595,-18.1986,-5.2314,-13.1817,2.96479,10.0756,7.09789,5.74138,-37.088,-913.048,-407.968,24500,-7280,2800
-15.9223,-11.3051,-5.66196,1.76237,-3.85885,6.0326,-0.369398,-1.41214,-0.753885,-13.9182,-3.41666,-19.4071,1.10743,2.17541,8.64949,-0.682463,-28.792,-906.704,-399.184,24220,-10500,1680
-21.1829,-26.363,-3.76822,-14.7379,-7.06692,3.31725,-10.2517,-0.536837,-23.1147,-15.5958,-4.56123,-19.1608,0.42359,2.30854,-10.1493,-3.18265,-24.888,-906.704,-397.72,23660,-12460,560
-21.3792,-20.7252,-4.3913,-9.34538,-2.53095,0.87793,-2.50504,3.3556,-28.0448,-12.9706,-1.83951,-12.7925,-1.05677,0.577963,-0.46035,0.670732,-24.888,-908.168,-399.184,23240,-13580,140
-2.04167,-10.1167,-3.49452,-1.37872,-0.152329,-3.67617,3.35248,2.86761,-15.6539,-4.84138,-0.130964,-4.63995,-5.50461,-4.50776,10.0234,0.381857,-20.984,-913.048,-399.672,22960,-14560,-700
15.2437,7.94837,4.32421,14.6412,9.97104,-0.883322,8.06382,3.60617,-3.82946,3.86079,-6.77961,11.3128,-3.82214,1.90529,16.6878,2.65522,-20.984,-912.56,-398.208,22960,-14840,-1120
19.8335,21.9381,7.75736,12.2078,8.2173,0.312877,-0.744319,-1.10796,14.4369,10.4803,-3.85735,18.9888,2.57604,2.54433,0.550494,-2.97947,-23.424,-918.904,-395.28,22540,-14980,-1680
1.14334,7.29504,-6.44532,-8.17689,-8.25488,-8.5686,-12.8462,-6.68802,6.21846,-3.05207,-2.60835,0.689373,-0.032892,-15.1036,-20.9889,-14.6958,-21.96,-925.736,-400.16,22820,-14560,-1960
-11.3457,-20.7464,-24.2057,-23.6232,-31.2666,-25.971,-20.9883,-13.1114,-9.33414,-9.86445,-6.26402,-25.0723,-14.1294,-41.3878,-24.6989,-27.3006,-20.008,-915,-391.376,23380,-13580,-1960
-17.4255,-33.9892,-24.1857,-25.9976,-34.5796,-28.4457,-14.8546,-14.9654,-25.7989,-12.083,-6.91143,-30.315,-14.7367,-33.2385,-16.5935,-20.4157,-24.888,-918.416,-393.816,22960,-12180,-1820
-23.4563,-41.5933,-9.64408,-33.8517,-25.2067,-7.05225,-11.1903,-9.72127,-43.2971,-9.53843,4.53632,-22.8121,1.62533,-2.93022,-16.7968,-7.09422,-30.256,-920.856,-388.448,21980,-10780,-1680
-12.9372,-22.9588,15.0393,-21.6028,8.8059,20.3556,5.43424,10.1694,-32.5833,3.78314,16.7694,0.907278,19.152,24.1983,-10.8936,14.6337,-37.576,-918.416,-394.304,21280,-9100,-1400
14.2238,32.8237,21.3703,34.5604,37.8719,26.0162,31.8165,20.2224,33.3368,8.50329,3.71185,26.2906,11.611,30.2326,35.1971,29.7552,-36.112,-917.928,-390.4,21280,-7560,-840
11.6244,20.9718,5.86307,26.657,20.9101,13.3833,25.1361,11.8011,25.8287,1.76667,-8.22701,13.163,-2.82301,17.1877,28.1748,24.0006,-41.968,-916.952,-381.128,20580,-7560,-700
-2.35442,-1.02589,-5.66601,6.35696,4.26489,-1.2048,8.77375,3.06074,3.58948,-7.26041,-11.4567,-2.63225,-7.74295,3.8983,10.4836,7.07363,-45.872,-916.952,-379.176,19320,-7700,-560
0.401316,0.0182909,-2.7015,5.12315,2.45869,-1.66526,-2.71412,-0.88371,11.2176,-1.098,-7.03553,-0.707048,-2.82134,-3.5426,1.91102,-5.94844,-48.312,-922.808,-378.688,18340,-8260,-700
21.9252,35.6762,9.12246,23.6225,7.23197,-1.62935,-8.70017,-10.1411,40.541,14.2781,3.9,19.5821,2.52487,-2.19102,-0.867967,-11.8178,-53.192,-929.64,-381.128,17780,-9380,-700
27.2472,42.7592,14.8769,23.8909,8.39751,-1.14021,-5.10442,-4.23029,44.317,20.9134,11.9253,26.7376,6.92689,5.64766,0.953787,0.742388,-50.752,-930.616,-386.984,17360,-11620,-980
9.96265,15.6784,4.35262,1.22399,-1.82796,-6.98537,-3.70024,2.81818,28.6173,8.96325,6.10415,7.00654,2.60056,1.12644,-4.87362,1.98565,-56.12,-931.104,-392.84,18200,-13580,-1120
-11.6808,-21.7136,-8.42732,-22.7994,-17.2521,-4.24636,-12.3365,4.1868,-7.25777,-4.34204,-0.500598,-17.4683,-3.31715,-10.2183,-12.8337,-11.3771,-52.216,-929.64,-394.304,19320,-16240,-1120
-25.2416,-50.7115,-14.1465,-42.6532,-27.2235,-2.71616,-20.782,-2.476,-45.679,-9.87365,-4.85552,-30.313,-6.47399,-12.864,-33.6495,-12.4472,-49.776,-929.152,-395.768,19740,-18340,-1400
-17.1366,-29.873,-6.09694,-27.0159,-13.9035,-0.729862,-15.6179,-4.39537,-39.1764,-7.7983,-2.17016,-15.0691,-2.4358,-6.41298,-28.5862,-9.43399,-48.312,-920.368,-395.28,20440,-21980,-1540
-3.65945,-0.250509,-2.42352,-6.91114,-4.74223,-1.17485,-8.07524,-6.09179,-4.419,-5.63863,0.0134571,-1.31501,-1.28702,-2.98185,-9.13682,-7.74648,-47.824,-919.88,-397.232,20860,-25060,-1680
13.9579,33.184,6.78307,18.7315,7.47412,0.0230133,1.10584,-10.3967,17.3634,9.00905,9.44137,15.2819,3.5093,3.44396,9.68983,-2.15276,-41.968,-918.416,-399.184,21140,-27440,-1820
-3.02996,8.31685,7.95151,13.1887,15.3378,6.14103,13.2065,-1.69713,-12.369,3.91856,7.19657,7.03608,4.82037,8.29573,15.5591,6.90615,-40.992,-921.832,-405.04,21000,-29540,-1960
-10.0506,-10.9924,4.675,2.77869,11.8218,7.35277,14.8972,3.34567,-21.9934,-4.9439,2.3881,0.662758,3.86206,8.85054,12.4552,10.647,-41.968,-915.976,-401.624,21840,-30660,-1960
6.05503,8.85745,0.78393,19.0984,12.4692,5.20038,18.2861,11.5295,2.05079,6.30726,2.15819,9.67776,1.31373,-4.66247,24.3554,11.1923,-35.136,-917.44,-402.6,21700,-30800,-2380
7.84924,26.4329,-5.71768,33.5355,8.85771,-7.4982,18.4706,10.1384,11.6914,3.1428,-7.93042,11.6714,-8.73479,-9.91136,27.9459,11.2525,-37.576,-924.272,-406.016,21840,-30520,-2240
15.1179,29.3835,6.74831,24.5553,15.7574,2.68321,21.3834,12.7293,27.5494,-0.403083,-0.652899,13.6249,4.14342,16.8528,24.7238,25.2643,-32.208,-922.32,-403.576,22260,-29820,-1960
8.24784,2.9503,3.19783,-2.91459,1.68989,3.12215,-7.96384,-4.92213,15.6593,-5.35009,-3.42411,0.781653,4.30663,9.47908,-0.432612,4.76635,-34.16,-924.272,-397.232,22540,-28700,-1960
0.429037,-0.0234967,0.304535,-0.569435,-1.12859,-1.74601,-19.1108,-13.3169,-5.7242,-5.25453,-8.25446,0.43503,1.33381,2.13546,-9.64403,-16.9689,-40.992,-924.76,-393.328,22260,-27580,-1680
2.44534,-20.5172,-6.3516,-23.0674,-13.5119,-1.7831,-16.1627,-5.42991,-3.60357,-0.778523,-4.79833,-11.9164,-2.66812,-7.83174,-19.464,-22.1659,-40.992,-927.2,-395.28,21000,-26040,-1400
-9.88774,-41.1574,-10.255,-41.3153,-20.071,-0.651125,-9.27567,-0.292926,-24.5991,-7.80135,-5.51843,-21.69,-5.59775,-7.96756,-26.7555,-4.04031,-40.992,-931.104,-390.4,21000,-23520,-1680
-16.0995,-30.6655,-13.2635,-24.6835,-15.6597,-3.90634,-3.89805,2.24632,-22.8877,-15.0235,-5.81448,-20.4047,-7.42794,-8.71979,-14.6968,2.32687,-45.872,-932.568,-389.912,20860,-21840,-1960
-12.7857,-16.49,-2.24076,-13.1047,-7.8236,0.0048412,-4.64864,3.77498,-22.9692,-2.1507,3.07066,-10.2047,2.53477,-2.13573,-15.4008,-0.776062,-46.36,-934.032,-388.448,21000,-20440,-2520
-6.79145,3.99289,3.05587,0.951576,-0.672808,0.383513,1.52904,0.922313,0.274118,0.372807,-0.470377,-1.676,2.32058,0.30766,-6.73531,0.228537,-51.24,-931.592,-389.912,21280,-19740,-2940
-1.29301,19.0373,4.44088,20.3178,9.66897,3.99771,10.4019,4.05766,16.2625,-0.306739,-2.30346,8.10758,1.34126,2.02967,14.462,6.11963,-54.168,-928.176,-387.472,21140,-19600,-3360
-9.98075,-5.80079,-3.89188,0.0983534,-4.73804,-8.20508,-9.96259,-10.3689,-12.8699,-3.19144,-4.99186,-3.92296,-6.46881,-8.21959,-0.521138,-10.3691,-56.12,-931.104,-383.568,20860,-20440,-3920
2.36297,-4.0683,-1.00492,-4.50663,-5.9844,-4.68195,-8.95703,-7.02275,-0.640036,8.0312,6.2774,-0.15874,-1.52493,-5.48179,1.46207,-12.0153,-54.168,-934.032,-381.616,20300,-21420,-4340
7.84339,0.771807,5.17441,-8.90067,-1.83939,4.39853,-0.124072,-1.72796,13.9157,12.1322,8.5675,4.08772,4.01291,4.17143,-3.5187,-1.50645,-54.656,-934.52,-381.128,19740,-23100,-4900
-1.94396,-3.94101,4.45824,-4.6571,0.8894,5.347,4.00405,-1.80401,2.28268,7.50565,6.69995,0.256836,1.42183,7.35928,2.99852,2.70878,-53.68,-936.96,-384.056,19880,-25060,-5320
3.5545,7.69137,7.58285,10.7663,14.1875,8.33537,15.0946,6.17296,9.40226,8.95145,9.05293,9.76421,4.83501,10.4895,15.7099,9.99556,-51.728,-937.936,-388.936,20300,-27160,-5740
11.5251,15.9589,7.96279,12.8974,10.7325,-0.267555,5.77979,-3.20394,18.1838,7.9076,6.72331,12.5942,4.29013,9.1823,8.20865,0.812764,-49.776,-941.352,-390.4,21140,-29680,-6160
12.0607,29.7595,12.8673,29.7302,21.0273,3.88492,16.6276,1.86358,20.3194,5.87679,8.74765,18.1134,8.53674,16.2752,27.0236,8.2734,-47.336,-938.912,-391.864,22120,-31640,-6160
7.36641,13.2426,5.19217,13.5155,8.58339,-0.317344,6.64141,2.52131,7.9137,3.47004,3.5079,7.05329,3.80431,5.88976,5.38604,4.59152,-38.552,-939.4,-393.816,22960,-33740,-6300
-9.25312,-16.6719,-9.02417,-16.0192,-12.5777,-5.97901,-7.15445,0.663962,-12.1296,-7.7785,-5.2604,-12.2314,-4.97755,-8.52084,-21.5143,-2.09638,-37.088,-940.864,-392.352,24080,-35420,-6440
-13.6275,-26.8593,-13.1829,-25.2012,-19.826,-4.9812,-11.3761,5.53544,-16.6973,-9.22087,-3.26933,-18.2672,-5.55202,-13.3607,-24.6399,-2.83959,-35.624,-939.888,-391.376,25340,-37380,-6160
-5.67938,-3.50407,-4.86277,5.69255,-3.73306,-1.85804,-7.28114,3.33428,-10.6384,-4.8319,-3.95182,-4.44029,-2.96168,-7.07292,2.10261,-3.03958,-30.744,-939.4,-390.4,26320,-38640,-6020
6.18588,15.2368,-7.62875,26.7885,1.40459,-12.5151,-4.75723,0.789167,0.650663,-3.91951,-6.83112,5.10111,-7.93231,-25.2855,17.9824,-12.9396,-28.304,-934.032,-389.424,27300,-39480,-5740
28.5095,30.1729,2.0798,28.0751,2.58604,-16.4703,3.07356,-0.244765,29.7085,7.19803,-3.40761,16.9803,-4.8344,-6.01097,22.5957,-3.13966,-26.352,-932.568,-382.104,27580,-39760,-5600
32.9668,33.0803,14.7143,16.4565,14.7222,5.77663,11.2465,4.83379,39.9465,11.2922,2.7547,25.4223,4.63817,16.46,19.4304,12.3738,-29.28,-930.616,-375.76,27720,-39900,-5460
22.5045,25.5432,15.1101,12.0835,20.0208,13.4926,11.5038,3.5038,32.3187,11.8986,3.22224,22.3391,6.09718,13.3905,4.30815,12.1278,-28.792,-929.64,-369.904,27020,-39900,-5320
-5.27348,-12.6849,-9.48403,-15.3922,-8.26912,-4.44706,-6.51982,-11.6403,-3.27457,-6.41116,-9.0624,-9.24704,-10.3118,-11.7241,-19.0494,-3.50896,-29.28,-932.568,-364.048,26460,-40040,-5320
-16.7298,-15.3371,-20.5441,-23.9671,-20.0022,-9.33427,-8.38116,-2.93103,-10.7651,-18.1141,-7.35547,-16.439,-8.6015,-19.5963,-23.912,-4.7408,-28.304,-930.128,-357.216,25620,-39620,-5460
-15.7587,-6.42214,-12.3365,-15.6972,-12.3567,0.66641,1.54912,12.0718,-0.654502,-17.712,-7.93126,-15.6326,-1.89773,-3.8613,-13.3259,8.35388,-31.72,-935.008,-355.752,24500,-39760,-5600
-39.6589,-48.9084,-9.59255,-38.3646,-16.2574,12.4275,-3.57025,20.2916,-60,-19.8397,-7.84044,-34.0595,2.22633,3.11273,-20.9135,11.5838,-28.792,-937.448,-356.24,24220,-39760,-5880
-37.1956,-50.955,-0.604302,-37.5491,-8.05855,17.8923,-6.07361,10.7944,-67.3568,-10.8833,0.0179751,-25.319,7.41476,12.4978,-20.9153,9.76193,-30.744,-935.984,-358.192,24220,-40040,-5880
-4.56686,-15.167,5.79681,-4.98067,4.24326,7.37771,-13.2654,-10.7709,-25.5338,6.92962,6.44732,-4.20623,5.51032,7.65124,0.370597,-9.3035,-28.792,-928.664,-353.8,23660,-40040,-6020
27.5046,33.1682,15.0915,37.9618,20.2813,-7.49075,0.30015,-23.6865,25.0314,19.6339,3.80873,23.4535,3.16723,9.48266,25.3496,-19.1447,-35.136,-921.832,-340.136,21980,-40180,-6300
31.7303,30.9098,14.7409,25.4352,18.8296,1.25165,11.9273,-12.9172,34.2982,13.9516,2.84034,25.2868,5.21153,9.84338,16.6678,-7.74777,-33.184,-918.904,-343.064,19320,-39900,-6860
10.6766,14.2891,3.21294,5.64615,6.10044,6.33399,9.31574,-1.83391,19.4079,-2.20223,1.59627,8.75272,1.24015,4.94008,5.82844,5.11342,-38.064,-924.272,-343.552,17360,-39200,-7000
2.1955,12.6509,3.22206,15.2971,8.88136,4.98752,16.5132,5.35899,15.6632,7.06619,10.9696,4.90936,2.17905,6.78128,21.9315,13.4837,-37.088,-926.712,-341.112,15680,-38220,-7560
-13.2323,-2.48608,-2.17242,5.62218,2.07595,-0.115689,7.77021,-1.83677,-11.3981,6.93761,6.56542,-4.51595,-3.42609,1.76864,11.9626,3.54006,-39.528,-929.152,-345.504,14980,-37520,-7560
-21.7543,-19.0867,-5.42417,-9.39343,-6.15304,5.92878,0.422221,1.13204,-25.2697,-6.68263,1.01629,-12.9617,-0.289805,5.95475,-1.76248,2.77802,-42.944,-934.52,-352.824,14420,-36400,-7420
-11.7324,-23.4313,2.13965,-19.5404,-7.94945,11.3686,-18.774,-1.78715,-14.9159,-6.16598,-1.89458,-10.6908,7.60304,13.0226,-14.6023,-7.79028,-44.896,-941.352,-360.632,14700,-35700,-7420
-3.22517,-6.15067,7.17304,-17.4323,-2.18134,4.88001,-25.7813,-12.4184,1.46738,0.584784,-2.75275,0.775484,9.19172,8.51038,-32.7923,-15.1044,-40.992,-944.28,-367.952,15400,-35560,-7280
-20.1525,-14.1616,-11.8768,-18.9902,-8.31421,-21.5478,-18.6054,-16.6606,-16.6376,-12.5265,-11.8069,-10.1796,-9.03812,-31.8836,-34.5136,-21.7588,-45.872,-941.84,-376.248,17080,-35700,-6860
-26.9186,-11.7974,-29.4723,-5.35628,-23.4583,-42.9431,-15.9228,-12.889,-24.1737,-23.127,-24.0187,-16.9576,-30.6305,-57.9281,-14.1571,-21.9877,-43.92,-937.936,-383.568,18340,-35560,-6300
-6.71304,-11.8064,-17.0184,-9.88838,-34.5857,-20.6232,-14.732,7.58224,-12.6591,-10.0785,-5.76337,-12.4715,-10.7425,-23.1987,-6.64539,-3.03522,-46.36,-935.496,-388.448,20020,-35280,-5880
23.4261,-6.90315,13.2143,-28.4538,-19.2022,15.0145,0.445131,22.2641,21.0618,16.1156,18.8741,-0.0638866,19.6768,24.6125,-11.1592,15.7056,-46.848,-934.52,-387.96,21700,-34440,-5600
24.0673,-1.55896,27.6921,-8.04203,16.9581,31.5331,20.3012,19.4877,20.7674,24.0519,21.0316,9.59142,28.1442,37.1928,16.031,20.9661,-49.288,-931.104,-388.448,23380,-34160,-5320
14.1933,26.7789,26.1436,37.7732,39.3155,22.6667,25.3397,-1.39555,22.8275,17.3939,14.8579,24.6898,23.9168,27.3915,39.0684,11.2552,-50.264,-931.592,-387.96,25060,-33880,-4900
6.19094,34.0266,9.87213,47.9744,29.2457,6.75755,24.0568,-5.08521,19.4299,5.07831,2.37434,22.0237,4.29223,8.7393,31.8985,9.29784,-50.264,-932.568,-386.496,26040,-34020,-4760
-0.0308982,9.91054,-8.25795,24.8007,5.26362,-16.3212,16.8565,5.6921,-6.74924,-0.303002,-8.64811,5.39615,-19.5132,-13.1883,16.2463,9.9258,-53.192,-935.008,-381.128,27580,-33880,-4340
16.902,2.24518,-1.53431,2.24382,1.73347,-13.3475,8.04861,15.1133,3.71309,11.0235,-1.12513,7.9876,-14.9561,2.16809,5.13376,14.3268,-54.656,-937.936,-386.984,29120,-34020,-4060
13.7845,-12.5086,-7.92079,-15.7743,-4.26908,-8.82945,-17.5143,-0.750316,-4.18686,9.66109,-1.56674,-0.851672,-16.8876,-8.92396,-13.243,-13.1066,-54.168,-941.352,-386.008,30240,-34720,-3640
17.5118,33.2463,-17.8037,29.2077,14.4724,-31.0042,-7.22561,-11.1526,35.2944,0.0603557,-5.17215,18.7366,-28.012,-42.3023,13.4783,-31.7666,-54.168,-945.744,-386.496,32060,-35840,-3220
34.1712,71.8387,-15.0641,63.2297,11.4168,-30.5725,8.97173,-3.22941,70.3829,1.18178,-3.45632,31.7519,-23.3233,-51.8067,32.4762,-12.8452,-57.584,-954.04,-395.768,33740,-36680,-2940
29.3982,57.2369,0.430802,45.1254,-12.53,-3.8894,23.573,11.3738,55.8915,10.4208,14.5392,12.0348,10.8192,-1.20128,29.6164,18.3876,-56.608,-958.432,-413.336,36680,-37520,-2660
-2.09152,-12.5348,13.398,-30.6822,-17.3031,29.2029,18.6719,16.3397,8.65099,4.46643,22.718,-20.8855,35.9599,45.0792,0.00638511,34.767,-58.072,-932.568,-384.056,40320,-36820,-2940
-25.2192,-56.7732,12.0267,-64.3742,-4.37868,36.8595,5.33008,12.9751,-34.8727,-3.7777,5.66617,-31.3473,24.1157,34.5366,-21.0591,27.8072,-53.68,-962.824,-376.248,38500,-39060,-2520
-20.0843,-38.3796,4.04175,-26.1258,8.55141,16.4684,-2.23819,4.85267,-39.2431,-12.5198,-14.4045,-14.6657,-0.719822,15.6441,-15.7746,2.6309,-54.656,-955.016,-393.816,42280,-42420,-1400
-10.8951,-11.9573,2.55302,-4.57912,10.0814,10.5454,-9.35366,-3.66116,-23.8237,-16.1613,-16.1258,3.28126,-0.905475,12.9877,-19.111,-10.4912,-54.656,-945.744,-385.032,43260,-43120,-1260
-26.5861,-8.62446,-2.48569,-5.25486,0.49554,9.66179,-21.2142,-11.226,-32.8052,-28.3202,-18.5453,-2.44967,-2.05189,8.8626,-20.7946,-11.4498,-52.704,-946.232,-377.224,42560,-46340,-1400
-28.1959,-19.3642,-7.72859,-24.121,-11.8937,2.37784,-29.1948,-14.4464,-41.4519,-25.028,-16.2903,-15.0769,-7.62884,-1.86344,-37.5844,-7.62104,-53.68,-946.72,-373.808,43820,-47040,-1260
-14.7079,-29.0199,-10.2609,-36.772,-19.2922,-10.2155,-26.4579,-23.8561,-31.1542,-8.83639,-5.37294,-21.6882,-6.6975,-10.0254,-36.7196,-19.815,-49.776,-947.696,-373.32,44520,-47180,-1120
-3.01283,-24.9038,-2.47555,-16.9723,-8.15526,-9.50446,-21.7607,-32.1014,-29.0461,4.7169,3.1359,-11.2335,-1.09052,-13.2041,-11.7751,-31.7921,-47.824,-950.136,-366.976,44800,-49280,-1260
-3.30401,-2.79139,-0.183777,10.8803,-0.526462,0.18655,-8.76317,-10.5368,-12.7315,-0.118939,0.244526,0.682033,0.792776,-6.95858,9.52862,-18.3896,-40.992,-946.72,-366.976,45080,-51240,-980
-3.10644,6.55679,-4.43338,7.21194,-4.31007,-1.40125,-2.45399,7.82241,6.77245,-0.396739,4.0424,1.60071,2.26338,-7.51108,3.1504,-0.799318,-38.064,-945.744,-370.392,46200,-53060,-840
-10.3923,-7.82968,-12.8469,-5.14249,-3.04778,-20.8762,5.63002,3.56219,3.17895,-6.64942,-3.43775,-10.8906,-5.58789,-25.3003,1.26661,2.0429,-36.6,-947.696,-369.416,47460,-54460,-420
-11.5543,-12.5522,-6.63373,0.220252,-10.854,-13.6893,10.5387,8.18192,-6.61461,-6.323,-6.9297,-10.3519,-11.1885,-20.1562,9.552,4.98546,-35.624,-939.4,-366.976,48720,-56000,-280
3.69874,0.0150814,3.55172,3.59187,-9.60605,5.45053,12.6452,16.7376,1.53431,7.4562,0.709413,6.90981,-3.96857,7.29452,12.1489,12.6017,-29.28,-937.448,-356.728,50260,-57960,0
6.48049,12.8205,-1.34692,7.26318,7.2733,8.3095,14.3684,9.02473,17.3737,0.948322,-3.70051,10.342,-0.315151,12.7243,23.2,11.2808,-29.28,-943.304,-359.656,50820,-59500,420
10.3017,17.9519,7.13808,14.0685,15.2352,6.89239,9.69189,-1.18327,21.8068,9.22943,4.85471,11.1903,10.3617,15.9425,16.5186,5.95927,-29.768,-941.352,-368.44,53620,-62020,1120
-7.46358,3.71736,5.31865,6.96951,4.6293,3.52337,-5.36821,-0.342403,-3.2744,9.08422,7.66389,-2.62448,7.35294,7.48644,-10.2292,-2.17305,-24.888,-933.544,-355.264,56560,-66640,2100
-2.06324,3.78169,7.12924,3.02117,1.89395,8.08593,-4.71106,9.84785,-0.634894,5.42808,5.23689,2.27609,4.96157,8.89533,-16.8496,5.91415,-20.008,-945.744,-354.776,57820,-70980,2940
12.3806,7.39731,2.10917,4.83508,4.44279,0.155471,4.14525,2.24484,14.2098,7.34435,3.71845,7.61719,0.681731,-5.06741,-3.02028,7.00619,-16.592,-955.016,-365.512,61880,-77560,4340
9.82928,11.243,-6.11157,16.5866,-0.395553,-23.5167,3.31992,-18.3522,12.9439,6.42858,-0.578784,4.66464,-8.57746,-30.7346,12.7516,-15.0131,-10.736,-949.16,-378.688,66360,-82320,5320
18.7137,23.0697,9.62946,27.0662,2.5185,-13.4813,8.16889,-4.18874,20.7741,14.3015,4.55943,15.9751,0.494529,-0.549535,27.3648,-8.74437,-10.248,-940.864,-376.736,71680,-87080,6160
21.7187,18.6682,12.798,1.52065,0.472581,8.74833,2.72751,12.2031,28.4817,16.2566,13.9859,14.1654,8.46972,17.0555,9.91031,10.2311,-8.296,-934.032,-374.784,75320,-89740,6580
16.6389,3.67481,8.98556,-17.9855,2.99073,17.4668,6.41403,19.6357,19.9322,15.4545,20.3713,5.82869,10.0605,19.0369,-4.69078,21.7388,-5.368,-932.08,-368.44,77700,-91140,7140
7.69987,-6.64432,8.12787,-13.1299,10.3867,20.8533,14.8629,19.8311,5.02334,15.7257,17.5801,-0.235666,12.3471,25.5735,-5.05124,24.5346,-6.832,-929.152,-365.512,80500,-90720,7280
-3.45338,-9.01772,6.056,-5.45626,11.4937,12.3061,8.71692,5.68416,-8.32143,9.12112,5.85552,-2.01715,7.16817,18.5252,-1.86438,11.3755,-7.808,-919.88,-360.144,82320,-88480,7420
-8.60415,-7.0515,5.60893,0.370515,13.3421,9.86199,3.51655,-0.223766,-8.37315,-1.06812,4.49681,1.08738,4.68753,13.4573,4.7384,5.69409,-10.248,-919.88,-345.992,82880,-83580,7140
-7.9915,-3.54917,-2.07762,8.062,11.3828,-2.15085,-0.731496,-11.9483,-10.1747,-15.5111,-10.4478,0.310991,-4.22301,-0.915582,6.79676,-9.91415,-17.08,-925.736,-340.624,83440,-78120,6720
1.48808,7.35577,0.220046,19.1188,11.4136,-9.14218,-2.26724,-19.2058,-9.96428,-10.7904,-17.103,7.64428,-3.39763,-7.8055,7.73124,-18.4268,-26.84,-927.688,-329.4,83160,-73500,6300
8.64481,12.2843,-4.50358,8.41016,-9.77162,-14.2262,-17.5161,-18.9353,7.82999,-5.06631,-9.77159,5.63713,-6.49053,-22.8919,-10.6177,-21.7348,-31.232,-929.64,-324.52,82180,-67480,5880
-3.6245,9.38821,-19.4905,4.96986,-21.2087,-30.302,-17.0779,-11.6453,5.21596,-18.5396,-18.4324,-4.70819,-21.5661,-38.2189,-8.16716,-17.8813,-36.6,-932.568,-315.248,81340,-63560,5740
-6.83363,-1.36877,-14.154,-9.06476,-15.4187,-30.2319,-5.68067,-2.28583,-0.416079,-18.085,-13.0466,-6.45538,-16.5163,-26.631,-7.93678,-6.96972,-45.384,-940.376,-315.248,80080,-59640,5600
4.59428,-0.250016,0.228468,-2.4876,-5.17845,-3.04678,9.52176,6.02132,-0.844195,1.02578,3.62612,-1.87033,2.49754,-1.18077,6.90353,8.01343,-53.68,-940.376,-317.2,79520,-56000,5880
11.7263,0.812108,4.51454,2.16127,-2.10524,16.6906,5.99367,7.88021,0.885949,6.67192,7.46334,-0.386679,8.36386,10.1003,6.33387,8.73628,-59.048,-945.256,-312.32,77840,-53760,5880
2.74268,-6.07717,-2.62829,-7.53835,-3.6345,3.66435,-1.99348,1.35109,-2.63632,-0.353716,7.02022,-4.86736,-0.339184,2.25584,1.58092,3.91316,-65.88,-948.672,-315.736,76860,-50540,5600
-5.44068,-6.99002,-9.61102,1.31562,3.42228,-21.1246,3.23164,-8.84656,-10.312,-6.37845,-6.40838,-4.59975,-14.6598,-12.9824,8.08046,-4.42364,-74.176,-944.768,-311.344,75740,-48160,5460
7.36742,14.1609,3.72937,20.8668,12.7101,2.74288,16.5402,12.6158,7.62666,-1.30849,-7.39912,11.694,-5.71696,4.36945,16.8854,7.90748,-80.52,-942.328,-308.904,74480,-45360,5180
0.191618,1.53088,1.81495,-5.30379,-11.9919,28.4042,-4.51711,13.6701,3.98242,-5.22717,-0.899574,-0.509899,9.86877,18.0715,-6.5346,7.57042,-81.496,-940.376,-310.856,73780,-43400,4760
-26.5215,-37.8938,-8.34679,-49.3443,-26.7845,26.8298,-23.7303,-1.30305,-31.2043,-12.1566,-2.02301,-30.921,8.55865,11.9348,-39.8427,-4.45458,-82.96,-933.056,-312.808,72240,-42560,4200
-31.2245,-39.2382,-12.0675,-36.6432,-9.93643,12.9845,-14.6471,-4.70802,-34.3826,-13.559,-3.76167,-34.9336,3.05235,1.38222,-26.7483,-7.67249,-84.912,-926.712,-316.224,70000,-42560,3780
-22.0421,-22.7325,-9.42306,-8.21017,0.74709,-2.18105,-8.77294,-4.12279,-22.074,-12.1523,-5.72734,-19.4333,-2.46203,-3.7019,-10.3155,-7.3295,-89.304,-923.784,-302.072,67900,-42140,3080
-25.0863,-17.1382,-3.33606,-1.17305,-2.49079,2.45713,-5.13046,0.0782896,-26.083,-8.82516,-0.738093,-13.8781,4.02299,6.23462,-0.453099,-3.02928,-89.792,-935.496,-303.048,64260,-40880,2100
-12.7897,-9.18707,7.08257,-6.11087,-0.113971,11.1475,-5.58429,-2.47051,-13.0188,1.75941,1.86031,-2.60609,9.45563,11.6751,-3.60141,-6.00044,-88.816,-933.056,-305,63560,-40040,1540
5.11789,-4.01558,14.2404,-9.9062,4.38191,13.5164,-4.20048,2.4928,0.53354,13.0888,-4.49682,8.84959,5.23604,10.6587,-11.8124,1.51754,-86.864,-932.08,-307.44,62300,-40600,980
17.2601,8.9817,12.5383,0.0902979,9.26627,0.940997,-1.50513,1.65981,17.9774,14.4405,-3.77514,19.4136,-3.6129,1.6369,-10.291,3.91113,-82.472,-933.056,-307.44,60060,-39900,280
19.7571,40.7117,6.43284,37.4199,33.0742,-30.7234,20.2578,-9.99527,34.4608,10.9984,1.65714,35.9317,-14.504,-11.2735,14.3448,6.15673,-83.448,-928.176,-311.344,58800,-39620,-140
10.855,45.5376,-2.07225,42.9384,24.6627,-34.867,19.9292,-3.08705,33.5237,5.55425,8.02896,30.0118,-8.52528,-23.2633,21.6256,2.73002,-78.568,-931.592,-312.32,57820,-40180,-420
5.35178,22.0808,-3.75737,20.4478,-10.4057,-16.131,2.68806,10.5542,19.7177,6.8783,15.3547,5.35882,2.01388,-18.1639,19.8961,3.31085,-74.176,-932.568,-311.344,56420,-40880,-420
3.74344,-5.63144,1.52975,-13.3131,-31.4561,12.176,-12.6904,10.0307,-1.76383,17.4924,22.7672,-13.0651,13.36,-1.83954,-0.37289,-2.93085,-70.272,-933.056,-306.952,55440,-41440,-700
8.62297,-11.7665,14.1302,-23.7858,-15.7209,23.5345,-7.73821,2.55289,-2.99202,19.565,13.2315,-3.27654,8.34203,17.6541,-11.7135,0.0746805,-69.296,-932.08,-304.024,54040,-41860,-840
15.1509,6.14815,6.27749,3.73042,18.414,0.903348,10.0068,-5.39269,9.75017,0.926457,-11.7024,15.3223,-7.22693,11.6456,7.11752,7.4303,-64.904,-932.568,-308.416,53060,-41860,-980
20.6907,23.5818,0.453014,27.13,26.9491,7.52412,25.5475,10.0706,22.925,-3.70059,-3.72769,20.4321,9.09945,13.6093,27.2127,18.3651,-63.44,-929.64,-304.024,52360,-40740,-1120
7.63118,9.61282,-0.395689,14.9589,7.1211,3.58368,15.9817,8.0207,12.6332,-2.11061,-0.0243991,-2.04413,6.4798,1.75619,18.5504,5.56805,-61.976,-933.056,-306.952,51660,-39200,-1680
-10.1813,-11.7457,-7.84689,-0.89994,-8.30784,-18.3318,0.216078,-9.92381,-8.06467,-9.20123,-11.5472,-17.4386,-12.3633,-11.6503,6.60943,-10.5227,-61.488,-926.712,-308.904,50400,-37940,-2240
-11.1782,-15.0195,-13.0683,-4.39982,-5.38566,-29.2507,-4.01743,-23.588,-11.37,-11.7547,-10.7557,-12.2857,-14.0435,-13.6917,4.60318,-11.1136,-61.488,-921.344,-311.832,48580,-35980,-2800
-0.909293,-5.04862,-10.089,-2.82169,-1.20702,-10.8856,-5.39667,-16.6053,-1.0177,-2.38625,-2.78219,-4.59943,-3.56521,-19.2329,1.20531,-13.9475,-61,-924.76,-308.904,46900,-34860,-3080
8.38741,5.41873,8.47093,13.7819,-3.95609,14.8248,1.28436,1.41018,5.59758,7.98734,6.68689,5.10984,9.42191,8.19717,9.22113,1.03249,-61,-924.272,-307.928,44800,-33880,-3640
4.61196,7.84248,12.7,3.90554,3.30952,12.5593,1.10284,5.9268,6.17607,1.26894,6.31351,9.79009,8.80741,16.0162,3.96863,6.65405,-59.536,-926.224,-309.392,42840,-33180,-3780
-4.51456,-4.18491,-0.233037,-19.5874,-5.34085,0.556994,-11.4502,2.61415,-5.54084,-6.38566,0.662329,-1.19328,0.526898,2.22936,-15.8319,-1.84586,-60.024,-932.568,-300.608,40740,-33180,-4200
-14.975,-12.1121,-4.69943,-20.3507,-10.44,3.79019,-16.9354,5.04648,-26.4719,-8.07679,-0.0602368,-10.2849,-2.98755,-2.75522,-26.9815,-4.80253,-57.584,-932.08,-299.632,38640,-32760,-4340
-16.9196,-18.2203,-9.54223,-19.6483,-12.0304,-0.17526,-14.6693,-0.971256,-26.7857,-9.61813,-1.177,-16.6674,-6.35468,-8.52609,-22.5014,-6.53407,-57.584,-934.032,-292.312,37380,-32480,-4620
-3.1611,-14.8514,-2.06961,-11.2336,-6.0813,4.84815,-2.9504,4.41403,-11.5095,0.395727,3.39258,-9.07338,2.19482,0.600731,-9.12721,1.23442,-52.216,-933.056,-287.92,35840,-32200,-4900
0.458446,-16.9887,0.465947,-13.3785,-7.71756,9.11971,-0.283779,10.2699,-10.9637,4.71946,2.52594,-9.58606,4.11834,5.37574,-7.36544,4.16255,-48.8,-934.52,-280.6,34020,-31780,-5180
6.36454,-5.6521,10.1161,-4.16092,5.2133,12.3294,7.80251,7.93719,-3.47573,8.66763,2.11901,3.58693,7.70899,16.8951,-3.35178,13.3977,-47.824,-936.472,-274.256,31360,-30800,-5600
7.77529,10.6473,9.15797,10.4405,18.1394,10.03,16.7736,6.50959,11.648,3.39046,-2.4302,11.8747,2.7425,16.6972,5.37384,16.0509,-44.896,-936.472,-270.352,28560,-29400,-5880
0.729793,8.93292,-2.84308,11.2755,8.68374,2.85268,7.19558,5.14891,8.08109,-6.37041,-11.2526,2.64491,-5.96504,3.06134,2.71773,5.36705,-40.992,-932.08,-262.544,26600,-28000,-6160
-3.73439,3.40055,-0.293585,8.42595,7.36591,6.20957,3.6362,6.45817,-2.1631,-5.36746,-4.48541,2.13904,0.606599,3.83829,5.09635,3.5673,-40.016,-943.304,-265.472,22400,-25480,-6720
-6.42328,-2.45812,0.167601,-0.0756767,0.224075,-1.68641,-4.64186,-3.85956,-2.707,-2.25866,-0.0129532,-1.70934,-1.37722,-2.6161,1.06747,-8.77026,-37.576,-929.64,-261.568,21000,-23380,-6860
-9.94317,2.26699,-7.63752,6.79437,-0.0488828,-16.569,-10.9132,-18.524,-4.60934,-5.47468,-6.17457,-1.54675,-9.98621,-17.7,-1.10592,-20.6609,-38.064,-935.496,-262.544,17360,-20440,-7140
-9.10152,-0.674755,-19.9895,1.01506,-13.469,-23.4186,-15.9111,-12.6366,-7.28906,-8.40625,-1.7882,-8.25146,-13.1358,-31.9932,-7.64365,-19.2987,-40.016,-929.152,-252.296,14420,-16940,-7000
-5.45817,-1.41764,-12.5096,-13.1391,-24.2348,-10.914,-14.8042,1.90777,5.0396,-8.53799,0.463029,-9.9197,-5.49888,-15.2634,-15.2669,-4.63358,-43.432,-945.256,-254.736,11620,-13720,-7140
7.11728,11.5132,3.92073,-5.02854,-7.29752,5.22934,-3.9796,2.17326,23.0183,5.40115,6.89385,2.9622,4.97666,6.14104,-1.29807,2.96746,-43.432,-943.792,-266.936,9380,-10920,-6860
10.9993,14.361,8.2082,5.86118,9.12009,4.67245,5.16121,-4.34472,15.3229,9.97806,3.25695,10.5115,4.27232,8.50741,6.60329,2.40814,-45.872,-936.472,-272.304,8400,-9380,-6160
14.484,13.4656,11.7044,8.85945,12.4919,-1.20337,7.55092,-9.781,13.2243,12.1106,1.02371,15.8928,4.92581,5.21064,5.62777,0.274298,-44.896,-938.424,-273.28,6300,-8820,-5460
11.9912,11.1822,11.6601,13.1208,12.7784,4.18571,11.5223,-1.0522,11.8142,11.6916,3.21407,13.4611,9.03823,6.14722,15.2868,3.75469,-48.312,-939.4,-273.28,4340,-9380,-4620
2.36864,4.12207,5.89454,13.1211,10.6602,5.4032,13.993,3.54504,-0.272449,2.99833,-2.83015,4.88517,4.31971,8.87943,19.8584,8.60285,-54.656,-943.792,-278.16,3220,-9240,-4060
1.50818,-2.61755,-0.504872,1.43562,0.599436,-1.16322,4.6829,2.87671,-0.544484,1.21558,-0.00228588,-0.677674,-0.362061,1.15231,7.20901,3.19133,-55.144,-944.768,-277.672,1680,-8680,-3360
-4.89924,-11.9007,-7.38647,-8.12394,-8.45899,-6.62312,-0.646021,1.76742,-3.36265,-5.22841,-1.45082,-9.22232,-4.51162,-4.97201,0.434616,0.806658,-54.168,-942.816,-281.088,980,-7700,-2940
-3.96109,-3.70302,-1.96945,0.891817,1.3895,2.96676,5.07334,7.25462,-2.527,-1.42701,3.3201,-1.17403,1.1081,1.48869,5.86688,6.09268,-53.68,-942.328,-282.064,280,-5880,-2520
-0.740365,-1.18144,4.15213,4.42454,5.27179,9.23661,6.88809,10.1601,-7.81419,0.244523,2.9231,2.24568,6.09171,8.26305,5.4103,9.00108,-54.168,-940.864,-283.528,-560,-4200,-2380
3.69219,0.260342,6.01134,4.52101,5.52989,5.13492,7.85955,5.54735,-1.8006,0.808907,-0.0507556,3.24096,4.55259,8.03687,5.36907,7.79504,-54.168,-935.496,-280.112,-1260,-2800,-1960
1.24353,0.909891,0.603937,4.34619,6.50382,-1.82747,6.92759,-0.0883768,4.16112,-2.22205,-2.22137,1.96578,-1.11778,2.2807,6.02569,3.49317,-54.168,-932.568,-281.576,-3360,-1820,-1680
-0.515988,-2.94269,-4.4393,-0.149664,-0.706169,-4.20797,-3.2655,-4.19816,-4.02404,-1.14986,1.72714,-1.80109,-2.17877,-6.08955,-0.381081,-6.5856,-55.632,-933.056,-279.136,-5040,-1540,-1120
-5.75477,-3.50579,-5.16743,-0.780957,-4.13354,-5.85706,-6.25296,-5.63719,-8.9793,-5.51872,-1.14898,-3.77965,-3.80394,-7.6238,-1.77071,-8.62908,-59.048,-935.984,-283.04,-7140,-1120,-840
-5.30305,-3.39013,1.25507,-4.19064,-1.31025,0.954764,-2.80562,0.283601,-5.35363,-3.40621,-0.150699,-1.14301,-0.399066,-0.0662068,-7.02246,-1.33956,-58.56,-936.472,-286.944,-8680,0,-420
-13.0102,-17.6885,-2.9831,-21.7902,-12.3093,-0.727129,-15.9137,-5.85788,-17.686,-8.42089,-7.15974,-9.33493,-3.16853,-2.74566,-25.0819,-8.79084,-60.512,-939.888,-284.992,-9520,700,-280
-12.2804,-14.7566,-5.08751,-16.8872,-11.0829,1.01053,-15.6526,-4.33672,-10.4751,-11.1448,-8.72319,-10.0587,-4.51736,-4.23001,-16.3503,-9.85521,-63.44,-938.912,-288.408,-10360,2800,-280
-2.37094,-5.24735,-11.7753,-8.38774,-9.97374,-7.03334,-13.1808,-3.17557,8.76603,-6.87928,-6.37359,-9.76759,-11.7035,-15.5536,-10.0641,-10.939,-64.904,-942.328,-291.336,-10500,4480,-140
9.69022,6.25711,-4.8317,3.04118,-1.79756,-6.35316,-3.11788,0.587515,12.0644,6.33239,1.54761,1.08277,-4.9242,-9.34392,-5.42816,-1.46164,-67.832,-936.96,-294.752,-10500,7000,-140
17.9581,16.3841,12.3546,11.4407,6.32586,8.97185,5.90573,7.26872,14.4838,19.0953,17.7887,14.0388,12.9232,10.9401,3.75466,8.82416,-69.784,-939.4,-298.168,-10360,9100,-420
7.43277,5.2728,13.2748,3.01879,6.60847,9.31095,7.4333,2.68952,3.57177,12.9484,14.2275,6.53448,12.8339,16.358,5.35451,10.1568,-74.176,-936.96,-303.048,-10360,10780,-280
-2.30011,-2.12982,6.35693,0.769314,6.61741,0.606113,8.80277,-0.439992,-5.36917,4.49074,5.89798,-0.625584,4.28432,10.6163,5.88777,8.02294,-79.056,-937.936,-297.68,-11060,13020,-560
2.52286,0.157822,3.91521,5.73356,5.58337,-2.19936,5.99648,-3.00794,-3.56499,4.80195,0.227551,1.46506,1.45372,1.65876,8.16283,0.241543,-80.032,-938.912,-298.656,-11060,14280,-560
7.29914,5.53615,-0.266771,4.61491,-0.429647,1.71177,2.13697,2.34903,5.68689,4.75983,-1.53591,2.85827,-0.217636,-3.61106,3.62409,-1.60366,-83.936,-935.496,-300.12,-11620,15680,-840
7.05014,7.06524,-1.54022,-0.497769,-4.269,4.28649,3.829,8.62636,7.90958,5.06708,5.57623,1.27992,0.319387,-1.24775,-1.29579,5.79236,-84.424,-934.52,-295.728,-11760,17080,-980
-10.6299,-7.65342,-4.84277,-10.6827,-4.68462,1.06321,-3.24701,1.81063,-12.8478,-7.05017,-3.48537,-6.97696,-3.26328,-1.99202,-7.50093,1.80339,-83.448,-938.912,-295.728,-11900,18340,-980
-22.4641,-11.7938,-6.22593,-7.96415,-2.98399,-2.82284,-7.07778,-4.12039,-21.5814,-15.8869,-11.9056,-9.28927,-9.38699,-3.21878,-5.22345,-2.39742,-85.4,-936.96,-292.8,-11900,19320,-1120
-14.6637,-7.42063,-10.3075,-2.01699,-5.67649,-6.86983,-4.72329,-9.90324,-13.3582,-14.2623,-10.1044,-8.37965,-9.54636,-7.94385,-2.38672,-8.91091,-86.376,-941.352,-296.216,-11620,19740,-1260
-1.861,-1.03153,-8.60554,-1.44093,-5.79948,-6.22045,-2.13907,-4.91056,-0.468514,-6.56873,-8.27108,-4.0995,-5.73919,-4.87067,-4.13313,-6.46436,-86.864,-941.352,-295.728,-11480,20720,-1400
10.8486,9.15863,4.94712,4.70969,3.40253,2.61215,3.64421,3.52777,13.0025,7.33196,0.577942,7.0633,3.09991,3.57743,2.86226,3.55063,-87.84,-945.744,-293.288,-10920,21140,-1680
2.20146,1.411,-3.095,1.26043,-1.74582,-3.70205,-1.97933,0.0579636,6.41855,0.0591269,-3.25857,-0.904726,-1.21886,-5.20533,3.18175,-2.48481,-87.84,-945.744,-291.824,-10500,21700,-1820
7.55283,11.2474,6.67504,13.1443,8.54267,3.28298,4.79136,1.55711,9.2123,3.86135,1.1618,8.12159,5.99605,8.03358,13.3556,2.61106,-87.352,-950.136,-293.776,-9940,21840,-2240
15.6302,16.9764,12.8506,11.2661,7.82525,4.9872,-3.62005,-3.72615,15.6717,10.2819,8.17626,13.8203,8.14934,12.3186,7.83531,-5.04336,-92.232,-950.136,-299.632,-9380,21840,-2240
9.54816,6.12063,7.50694,-0.521576,3.35177,7.43589,-4.0526,2.12657,7.05196,6.50505,5.99375,6.22525,4.12351,8.5131,-3.79263,-0.530093,-90.28,-950.624,-307.44,-8680,21700,-2800
-12.3202,-0.710678,-1.89524,-0.570763,5.0268,10.433,8.26019,10.5333,-5.22623,-15.9703,-7.16677,-2.58783,-0.862589,7.8677,-1.12394,11.3448,-92.72,-952.088,-313.784,-7560,22260,-3640
-24.9816,-11.9973,-11.3262,-7.49239,-1.87272,-0.736331,3.82367,3.0878,-16.3548,-23.4817,-13.6593,-13.9426,-7.57559,-4.9295,-1.77596,4.35705,-90.768,-951.112,-317.688,-6300,23100,-4200
-7.7392,-8.52358,-8.28964,-1.49057,0.2191,-12.9912,2.42936,-5.55293,-13.1606,-5.84077,-5.26604,-8.69554,-7.92791,-16.0883,3.85864,-2.03136,-86.864,-948.672,-319.64,-5460,22960,-4760
14.3248,3.80105,-0.80838,9.71896,1.36421,-20.559,3.51489,-5.8222,4.43094,12.8871,9.39672,4.13083,-3.76151,-18.7771,9.21701,-4.96902,-86.376,-949.16,-319.152,-5040,21560,-5040
14.724,0.326679,1.96756,1.80126,-6.52972,-12.3185,0.116007,-2.77326,9.73342,12.6383,12.5671,3.91446,1.63967,-11.1529,1.85412,-2.77832,-81.008,-954.04,-319.64,-4480,19460,-5600
8.13218,6.56425,11.5278,4.54058,2.58296,13.3199,9.18483,8.67987,11.172,8.21941,10.7753,9.64808,13.3433,11.6,7.40054,11.1095,-79.056,-955.016,-320.128,-3920,17220,-5880
-7.45715,-7.12387,0.354293,-8.06724,-5.24941,8.84911,-0.838909,1.50206,-1.092,-2.82843,-0.244429,-3.88846,4.05617,5.32035,-3.15436,1.39362,-76.128,-957.456,-323.056,-2940,15820,-5740
-7.66162,-9.77499,-2.94391,-9.92445,-0.804967,4.48636,-4.59676,0.149869,-8.62494,-1.53222,-1.01194,-2.98256,1.4908,2.5,-12.0881,-0.886209,-71.736,-957.456,-329.4,-1400,14280,-5740
1.6754,-9.14618,-1.97527,-11.1969,-5.1119,0.0444486,-9.42059,-6.01592,-3.25855,6.01688,1.79882,-2.08451,1.79958,-0.0485701,-12.9673,-6.0297,-67.344,-957.944,-325.984,0,12880,-5320
3.7453,-3.6864,-1.13961,-0.350455,-2.22135,1.61432,-2.20421,-1.39307,1.03829,5.87649,2.59996,-2.10212,1.6277,0.751211,2.11805,-3.33142,-62.464,-952.576,-323.056,1820,10220,-4480
5.02401,9.48004,4.23192,13.087,6.87769,2.82119,0.093378,-1.80085,4.9845,3.74144,0.68155,6.7101,2.97855,4.05508,9.36407,-3.73274,-62.952,-947.696,-323.544,2380,6020,-3220
7.69779,10.6506,5.298,9.03784,5.26412,-1.83415,-4.06309,-6.50667,10.0379,6.44619,0.618498,9.37606,2.65123,2.77991,1.14721,-6.39548,-59.536,-945.256,-318.176,2380,3220,-2520
-1.54033,-2.00122,-0.797462,-4.73842,-1.58459,-1.71249,-4.35942,-1.41946,0.192573,0.464386,-2.39176,-0.621647,0.960495,-0.550896,-11.6736,-2.89995,-60.024,-944.768,-312.808,840,1540,-2240
-5.23008,-0.233622,-3.64094,-4.27723,-3.14356,-3.43196,-4.33558,1.17798,-3.11763,-5.27699,-7.29184,-1.52774,-3.07704,-3.42777,-9.04427,-1.78614,-59.048,-945.744,-310.856,-140,3080,-2240
-0.613381,8.45133,0.605166,7.01963,4.29373,3.55581,5.35765,9.64941,1.99234,-2.45686,-3.43697,3.86413,-1.38557,4.28303,5.94742,9.02064,-57.096,-948.672,-308.904,-2100,7700,-2940
-1.96454,0.50925,-4.28549,-1.57733,-1.82946,1.58664,2.73755,8.23738,1.55181,-4.80998,-0.513917,-3.16421,-4.08254,0.31445,3.27655,6.96215,-58.072,-951.6,-306.952,-2660,13160,-3360
1.3358,-2.79525,-2.11936,-2.47984,1.89162,0.281228,7.34503,2.19723,2.1579,0.969827,0.884328,-2.83783,-3.21405,1.57844,8.02402,5.00112,-56.608,-953.064,-305.976,-3220,16660,-3780
0.273743,-7.33389,1.76988,-2.59288,2.62912,3.73904,5.78402,-0.807157,-6.05331,2.32863,0.809051,-3.05624,0.386186,5.57721,4.62088,4.24949,-55.144,-954.528,-305.488,-3500,20020,-4060
0.592456,-1.79347,8.33808,-0.406031,4.80849,5.55109,0.267287,-1.91411,-4.56352,1.9798,0.764472,3.35022,4.57672,8.55157,-2.77324,2.64656,-57.584,-954.04,-308.416,-3360,21140,-4200
-10.0564,-10.918,-4.55103,-13.1318,-13.1019,-6.30779,-14.6515,-8.42905,-10.6432,-9.64096,-5.02576,-10.7646,-6.53078,-6.37505,-13.844,-11.7399,-60.024,-955.504,-308.416,-3080,21140,-4480
-11.3152,-8.45399,-3.18187,-8.09192,-7.56295,-0.629671,-5.98851,-1.71747,-13.2883,-10.3154,-5.44551,-8.42451,-4.7909,-3.30502,-7.54152,-5.0809,-62.464,-955.992,-309.88,-2940,19040,-5040
-4.52514,2.38137,-1.77925,4.91144,1.70752,-2.86557,3.43741,-2.21102,-5.221,-6.95446,-5.62671,-0.96295,-6.52786,-4.15917,3.9381,-1.34784,-63.44,-955.992,-310.856,-2660,17220,-5180
5.95845,12.0683,2.45421,10.8994,7.5232,-2.4746,6.2651,2.69347,8.39628,1.49197,2.55637,8.25311,-2.32416,-2.93595,5.43855,2.36356,-65.392,-953.064,-312.808,-2380,14140,-5740
10.3626,21.2123,10.3284,16.1244,12.3684,3.44239,10.2937,4.01944,15.0864,5.34735,3.4495,15.484,5.39261,9.79691,8.38623,8.34008,-65.88,-948.184,-312.32,-1960,11760,-6020
8.62643,15.9356,7.18998,11.873,6.57714,1.94217,8.99197,5.53642,10.1523,9.24928,10.6543,8.29433,4.61078,6.76599,9.91476,8.04242,-68.32,-947.208,-315.736,-1120,9100,-6440
0.454833,-1.60918,3.098,0.209919,0.796528,7.36705,4.5826,7.57417,0.539471,4.16506,10.2543,-1.74459,4.49341,3.76873,4.66255,4.85873,-66.856,-947.696,-313.784,-560,6860,-6860
-1.7261,-8.32415,-4.07259,-5.73418,-4.92372,6.42794,-1.94354,4.01468,2.4517,-3.76,-1.79835,-6.70852,-1.0997,-0.804225,-1.49599,-0.408976,-65.88,-951.112,-313.296,140,5740,-7140
-4.76051,-9.97541,-8.00892,-9.24138,-5.22657,0.96171,-3.18756,1.47804,-3.02301,-6.43366,-10.9553,-7.73566,-4.0526,-2.8005,-5.85936,-0.413423,-65.392,-948.672,-314.76,700,4480,-7420
-6.79206,-9.73577,-9.27997,-8.86502,-6.39122,-2.73091,-5.37491,-2.48959,-7.93662,-8.10691,-8.11952,-8.65262,-3.4964,-6.60542,-5.94216,-3.77026,-62.464,-949.648,-311.344,1120,3640,-7560
-3.98724,-9.64013,-7.31642,-8.6401,-7.68994,-3.55522,-9.77592,-5.86776,-2.41976,-2.8371,-1.87669,-7.75273,-2.03403,-5.27123,-8.44398,-6.52546,-59.048,-948.672,-312.808,1540,3080,-7700
-5.2378,-10.8084,-5.88292,-7.01374,-4.57117,-5.30925,-8.05994,-8.11053,-8.54639,0.0902671,0.69194,-6.42918,-0.637361,-7.59101,-7.91963,-7.54093,-57.096,-949.648,-304.512,2240,2660,-7840
-4.40841,-7.96975,-13.0493,0.824689,-2.08308,-32.5422,-5.74701,-23.3252,-9.13562,-1.86858,-3.26688,-5.23338,-11.9741,-31.9544,-3.4902,-17.2467,-55.144,-952.576,-308.416,2520,2520,-7700
7.10157,9.58737,-0.523632,14.8897,-0.424772,-24.5014,-1.78398,-13.5363,5.66758,6.99002,4.00165,9.0983,-1.64386,-14.6771,4.65088,-11.5032,-56.608,-955.504,-302.072,3220,2800,-7700
12.3685,9.29018,5.17408,5.72258,-11.6049,3.93987,-3.69264,2.38611,13.7363,10.7453,10.3451,6.10523,8.8019,4.8713,6.16663,1.01055,-54.656,-955.992,-299.632,3640,2800,-7420
6.81159,-0.366896,4.52887,-13.2654,-10.4001,16.9728,-4.62862,8.44983,6.32662,6.91906,8.14258,0.142028,9.46147,10.663,-0.958308,5.46378,-53.68,-956.968,-299.144,4620,3080,-7420
-4.72427,-11.1124,3.18426,-21.067,-0.618128,18.4582,-0.654596,9.98567,-7.66579,-2.93664,-0.121144,-4.03254,6.97882,13.5237,-11.0966,8.14869,-50.752,-955.992,-301.096,5460,2660,-7140
-2.89946,-4.66351,2.92648,-4.22366,8.51058,12.8165,2.61473,7.10167,-4.31914,-3.59057,-3.20548,-0.0510862,2.53533,11.6939,-1.81686,4.81731,-58.072,-953.552,-300.12,6160,2520,-6860
9.67118,15.4384,11.7094,18.7287,19.1561,12.0359,8.07214,8.25787,11.2292,5.84847,0.759838,14.4549,6.08106,14.8703,12.4179,5.18184,-58.072,-955.016,-297.68,6860,2240,-6580
3.32258,2.50529,2.64668,4.04908,4.15266,4.97959,4.24441,8.9739,6.79304,0.00492108,-3.07565,0.461599,0.633722,6.48236,3.2789,8.79524,-57.584,-952.088,-303.048,7420,1820,-6580
3.2257,5.98809,11.7167,3.44794,11.8122,13.8599,12.2922,8.62225,0.516464,3.3097,-1.46237,8.73062,6.07898,19.6919,2.15728,18.2915,-59.536,-954.528,-305,7980,1540,-6440
-5.3386,1.61425,15.6811,5.94748,18.88,14.3334,14.7476,-0.551779,-17.0458,1.12944,-4.77233,10.4437,8.27856,20.8119,7.05597,12.4545,-60.024,-951.6,-305,8680,1260,-6440
-24.5213,-17.7294,-6.85771,-9.29053,0.206349,-12.2976,-5.56462,-10.592,-33.0089,-15.6518,-14.179,-11.5123,-8.52285,-12.2036,-8.05383,-13.7317,-60.512,-952.088,-303.536,9660,840,-6020
-15.6415,-5.77541,-17.21,2.84063,-3.42188,-33.784,-5.95403,-15.8627,-11.5081,-14.8723,-7.80389,-10.7239,-16.9786,-32.4538,-2.47525,-19.3274,-63.44,-954.528,-305.976,10640,140,-6300
0.256584,7.06334,-11.5605,12.336,-11.6445,-26.5345,-5.71681,-12.3189,8.29215,0.465119,7.94135,-5.35848,-8.09213,-28.3686,7.9874,-15.9494,-65.88,-952.576,-300.608,10920,-280,-6160
13.1042,17.8263,1.04706,13.0281,-10.0448,-5.99282,-1.01682,-0.665016,23.1683,11.9897,13.5525,4.45616,4.54729,-10.3752,11.6334,-3.17269,-67.344,-952.088,-303.048,11760,-980,-6300
23.0149,25.0171,11.9037,11.0916,-1.33646,11.6373,6.3539,13.7496,30.6364,20.9495,18.2477,14.7556,11.3803,10.6042,9.89552,11.9605,-69.784,-951.112,-307.928,12040,-1400,-6580
19.9598,18.3084,10.1183,3.11051,5.62591,6.87155,7.36032,8.26413,25.3948,15.0969,6.99115,15.3377,1.40824,13.3676,1.53924,11.2415,-69.784,-953.552,-312.32,13020,-2100,-6720
9.46315,4.31258,0.974394,-1.01206,6.18326,4.03125,7.56722,8.2291,11.5751,5.78707,3.06973,5.80341,-1.86792,7.66488,2.45779,9.51185,-71.736,-954.528,-312.32,13580,-2940,-7000
-8.84422,-11.8312,-11.8098,-10.4382,-9.99567,0.171344,-10.308,1.6947,-9.24301,-9.32988,-5.86236,-12.111,-7.19532,-4.32722,-9.44676,-6.09009,-76.128,-952.576,-313.296,14420,-3640,-7140
-7.40791,-4.14691,-5.65303,0.803781,1.07385,5.11933,0.289125,2.05558,-6.73955,-10.4597,-7.278,-6.67384,-3.79861,2.49552,1.12924,-0.683901,-74.664,-955.992,-313.296,15120,-4900,-7560
-1.99198,-5.76838,0.441159,-2.41087,0.944895,4.7454,-1.17899,-4.53693,-5.98104,-2.42742,-2.32746,-3.54341,0.504644,3.60899,-3.05847,-3.11856,-80.52,-956.48,-311.344,15400,-5460,-7700
-2.53645,-10.1505,-2.20715,-7.18937,-5.79928,-1.15604,-8.52345,-6.67068,-7.7736,-0.601577,-0.465962,-6.27209,-0.93642,-3.86457,-7.77568,-9.17478,-76.616,-956.48,-313.296,15680,-6300,-7980
-3.88778,-5.50237,-2.1932,-0.454025,-0.295012,-2.50785,-1.97769,-0.961538,-6.80583,-3.09043,-0.0788738,-3.60122,-0.967474,-4.82394,-1.93452,-3.99056,-78.08,-953.064,-310.368,15820,-7000,-8120
-12.3694,-9.56565,-2.08661,-2.74573,-0.0658494,-2.81513,0.587904,-1.31754,-12.9297,-11.2135,-8.55525,-4.90913,-1.26786,-0.592191,-5.01248,1.34641,-81.008,-956.968,-309.88,15960,-7560,-8540
-17.6833,-12.4945,-5.7331,-8.63518,-5.80709,-6.6456,-5.48797,-5.03168,-17.7483,-15.31,-10.0926,-8.01903,-4.88763,-2.55655,-10.5331,-3.48491,-79.544,-954.528,-309.88,15820,-8400,-8820
-5.67408,-8.33541,-0.891596,-11.9527,-5.09348,1.01284,-7.17887,-0.992643,-9.65326,-6.89603,-4.20136,-3.80605,-1.52374,-0.169022,-12.3702,-2.838,-76.128,-956.48,-314.272,15680,-8960,-9100
-1.14541,-11.1291,-2.97122,-14.919,-7.73944,5.27677,-4.53616,3.23408,-4.93034,-3.38492,-5.96622,-7.20568,-2.45873,-0.244048,-8.28006,1.57742,-75.64,-954.528,-312.808,15400,-10080,-9520
10.4168,2.66748,1.14377,-0.624318,2.22784,-1.74228,0.445272,-1.70963,8.0505,9.01457,2.41991,4.20767,-0.396099,-3.12454,1.54044,-0.0626779,-74.176,-953.064,-311.344,15260,-11340,-9940
8.10389,7.90086,2.77635,10.3751,6.75245,-0.085474,8.81604,1.12668,9.24645,7.44994,3.90677,5.85709,2.18579,1.24126,11.198,5.38113,-69.296,-954.04,-310.856,14700,-12320,-9940
11.4448,16.0644,8.8973,17.1718,10.0498,7.3837,13.5796,3.29407,13.3796,9.50485,6.01489,11.7378,8.13438,11.3737,16.7189,10.0503,-68.32,-955.992,-310.368,14280,-13020,-10220
9.98605,5.34763,9.37916,-0.709511,2.64896,7.03974,2.82298,-0.444081,8.03146,9.97911,7.77267,7.19531,8.33337,8.82854,-0.634275,3.51757,-67.832,-956.48,-307.928,13580,-13860,-10220
-2.52691,-6.60185,-0.0668937,-11.2604,-5.48387,2.63298,-7.73323,-3.37498,-4.50597,-0.255082,1.23207,-4.37986,1.16076,0.234946,-9.60542,-4.51392,-64.904,-959.408,-308.904,12740,-14420,-10360
-4.81806,2.05476,-0.8313,3.5058,4.37571,8.12293,2.4586,2.52234,-0.748727,-5.45837,-2.64125,-0.699433,0.877028,5.64507,4.35932,5.36142,-61,-956.48,-304.024,12180,-14700,-10780
-4.83206,1.03105,0.302593,4.97557,5.20685,5.97209,1.0883,0.16285,-1.00358,-4.5215,-3.52505,1.62403,0.25708,5.39597,3.91771,2.22977,-59.048,-960.384,-299.144,11340,-14420,-10640
-2.69987,-6.02138,7.45863,-4.00909,0.325962,14.3565,-5.62391,2.39723,-8.0787,3.89048,2.41379,1.07568,8.08713,15.4282,-4.47537,0.582324,-57.096,-961.36,-299.144,10220,-14700,-10780
-5.48782,-12.108,5.44475,-11.5324,-0.568836,15.0781,-2.46901,8.24247,-13.2977,0.852704,-0.22086,-4.66086,4.19399,14.6714,-8.46287,7.22051,-56.12,-961.36,-298.168,9800,-14840,-10780
-9.61683,-12.5306,-2.09467,-12.5259,0.782839,11.1214,-1.99076,8.84591,-12.9859,-7.53011,-7.51865,-8.79841,-0.339559,7.62276,-10.85,5.87001,-53.68,-960.384,-295.24,8820,-15120,-10640
-13.2315,-15.0232,-14.3316,-11.9927,-6.69888,-5.23673,-7.51064,7.6488,-11.5534,-13.5411,-9.77041,-14.6755,-8.66747,-11.3865,-10.0703,-3.88488,-49.776,-963.8,-294.264,8260,-15120,-10500
-5.03626,-1.76751,-10.229,5.84088,3.38433,-15.3272,2.06521,1.64414,-0.135313,-7.77434,-6.5003,-4.43605,-9.66072,-15.029,4.76583,-2.28128,-50.752,-964.288,-292.8,7980,-15400,-10500
-1.0258,13.7137,-1.51718,23.2423,14.6618,-18.2588,12.3723,-13.1502,7.26105,-4.39059,-2.82945,7.9775,-2.59489,-8.84354,16.6833,0.719263,-47.336,-963.312,-294.752,7140,-15260,-10220
6.59325,15.5555,-3.82141,23.3722,4.6665,-27.9581,3.07057,-20.2922,11.172,5.62668,8.53324,8.62929,-0.916519,-26.6072,19.2587,-17.814,-47.336,-965.264,-294.264,6720,-14980,-10080
5.55981,6.2708,-8.51412,9.39072,-17.2521,-28.1568,-10.5939,-16.074,8.45946,6.70215,7.1599,-2.04975,-6.70244,-32.1935,12.8339,-24.843,-44.408,-964.776,-291.824,6020,-14700,-9660
20.1441,27.7037,-0.917461,24.0168,0.191312,-43.5411,2.82894,-14.2169,28.042,16.1866,12.7345,19.4307,-12.5859,-34.7509,20.219,-14.0921,-44.408,-963.312,-291.336,6020,-13720,-9660
24.8365,30.2253,1.66032,19.9863,1.08595,-37.5138,8.32511,-9.55118,33.781,19.9025,17.1582,21.4733,-7.22596,-27.8412,15.4883,-4.17322,-45.384,-966.728,-294.752,5880,-12880,-9240
34.2508,32.1628,18.875,12.0636,-10.304,12.8503,6.54632,12.5677,39.6186,31.6759,30.2931,21.1848,21.7575,14.7674,9.09002,11.9493,-46.848,-964.776,-296.216,5880,-11760,-9100
15.5893,2.87941,16.7036,-21.3614,-17.1168,32.9386,-3.4225,16.1042,16.2166,17.1452,18.5961,1.24447,24.8196,34.3528,-14.9141,14.0368,-43.432,-961.36,-297.68,5880,-11200,-8960
-15.9424,-24.1816,5.19731,-37.4989,-0.87297,35.391,-3.89779,14.0157,-20.8836,-9.12589,-5.05981,-12.9261,12.3046,29.2515,-24.1753,15.1623,-47.824,-962.336,-295.24,6020,-10500,-8680
-26.5297,-25.5276,-5.51508,-15.1993,9.57304,19.4828,-0.917537,9.4878,-35.7524,-19.8878,-20.3853,-12.2822,-4.88654,9.64586,-14.4726,8.27117,-47.824,-960.872,-296.704,5880,-10080,-8400
-21.2696,-26.9936,-9.45327,-14.0198,-5.95487,4.26616,-9.44037,2.49968,-31.9287,-21.162,-25.3236,-13.8727,-16.6967,2.3143,-20.6546,-2.47389,-48.312,-960.872,-300.608,6020,-9100,-8260
-6.92965,-17.7373,-0.190023,-16.4906,-3.10049,14.7754,-3.12301,3.10527,-14.6872,-12.7144,-14.9423,-4.76241,-4.31245,16.6881,-15.1798,1.76532,-47.824,-960.384,-299.632,5880,-8400,-8120
-12.3958,-14.97,-5.70728,-14.7214,-0.347925,19.5938,-1.22359,1.28977,-15.3069,-16.3458,-15.245,-9.2035,-0.232941,13.4955,-8.75999,0.242235,-52.704,-959.408,-298.168,6160,-7700,-7980
-14.1817,-7.19526,-10.9224,-2.99354,0.680599,10.3286,-5.07225,-1.61843,-9.72084,-19.0279,-15.0647,-12.7202,-4.8717,1.51376,-7.4255,-6.75339,-55.632,-965.264,-299.632,6160,-7280,-7560
-14.0355,-11.5086,-9.857,-1.87472,1.2128,-2.86169,-4.25157,-2.36174,-10.7979,-14.2044,-6.42138,-14.811,-4.76821,-1.66318,-6.18374,-3.67873,-55.632,-964.776,-296.704,6300,-6020,-7140
1.59153,2.44657,2.34894,14.7202,17.5421,-14.1896,10.1914,-8.40553,-1.92882,4.19647,5.53411,3.34079,-3.74667,-3.64366,11.2647,3.79102,-57.584,-965.264,-300.608,6300,-5320,-7280
18.2857,23.968,10.3134,33.3675,22.7229,-23.8262,19.5081,-11.8037,13.1304,18.6617,12.8042,18.508,-2.3657,-7.72342,26.5942,2.74385,-58.56,-963.8,-301.584,6440,-4200,-7000
25.5373,30.889,11.5629,33.4679,7.98123,-8.92547,11.0831,-4.04407,23.9344,21.3605,10.0753,19.2305,1.23968,-2.66754,29.2444,-3.13129,-60.024,-965.264,-297.68,6720,-3500,-6860
23.59,27.1207,13.8392,21.299,1.9717,18.1833,7.6863,12.6925,24.2997,16.3975,2.37517,15.42,6.01383,13.7177,24.6056,8.54755,-61.488,-965.264,-300.12,6720,-2800,-6720
2.27206,6.12978,7.70404,-7.95139,-0.239192,27.0944,0.205097,18.5682,2.29789,0.626171,0.604974,0.972442,12.0208,16.5348,-4.09889,14.3979,-62.464,-966.728,-303.536,6580,-2380,-6440
-18.5087,-20.0159,-6.48938,-28.8844,-11.2822,8.35994,-9.73686,4.65024,-19.7909,-11.9501,-0.483411,-22.1854,0.895624,-2.08052,-24.7859,1.01222,-61.976,-962.336,-307.928,6580,-1960,-6440
-26.6856,-28.2025,-18.0829,-19.4652,-12.8282,-24.7615,-10.9114,-12.513,-29.2222,-15.6687,-3.8705,-27.8721,-11.4439,-23.3621,-13.9031,-14.8424,-59.536,-968.192,-312.32,6160,-1960,-6160
-12.0145,-12.3175,-17.0064,2.3935,-7.79326,-36.8547,-9.87929,-24.9617,-7.76937,-4.43088,3.7265,-11.0735,-7.02878,-35.1795,3.97676,-24.5107,-64.904,-955.016,-307.44,6300,-1400,-6020
7.50036,6.55018,1.01015,10.6419,-8.16723,-11.5726,-7.33784,-10.7745,9.14844,12.2573,11.4198,8.03625,3.03756,-14.1377,6.90687,-11.5177,-64.416,-964.288,-288.896,7280,-700,-5600
21.8247,15.4148,17.8326,-0.743158,-1.1605,11.1081,-2.68999,10.2942,17.7289,21.8631,9.05505,21.8007,5.32511,13.2052,-7.83206,7.84774,-63.44,-961.848,-309.88,7560,-980,-5460
19.2468,6.84263,12.8865,-11.4436,4.84977,15.7071,3.97037,18.6206,17.0598,14.6555,2.51108,19.5916,0.684532,18.8683,-8.61314,15.786,-60.024,-963.312,-306.952,5740,-1120,-5600
-1.27492,-3.79141,-6.04078,-7.95396,3.48768,9.0062,7.4338,12.7092,8.42718,-9.43409,-5.80957,2.96936,0.413889,8.40418,1.51966,11.8285,-57.096,-963.312,-307.44,5320,-140,-5600
-2.6617,9.63053,-1.43116,6.08681,8.48834,9.1074,7.12569,3.29026,12.7203,-7.08443,-0.473036,2.55288,9.4763,8.29978,5.67026,7.33817,-60.512,-965.752,-302.56,4760,1260,-5600
-14.8816,-4.31825,-6.88977,0.420604,-4.13793,0.947132,-5.64571,-4.62527,-6.63212,-11.2975,-5.9271,-13.1876,1.40005,-2.35913,-1.13263,-3.84408,-60.024,-962.336,-293.776,4900,1820,-5460
-16.3487,-19.1769,-2.50663,-13.0788,-9.13959,9.76081,-10.2861,2.30146,-18.6282,-8.17404,-4.65352,-15.4179,4.3872,3.20663,-11.8979,-1.10523,-59.536,-963.312,-301.584,5880,1540,-5320
-15.1739,-21.7471,-5.59493,-12.3385,-3.07791,-2.18216,-3.82773,-1.09985,-23.1524,-12.2966,-10.6023,-11.9534,-3.84813,-1.9287,-8.53234,-2.08465,-55.632,-960.384,-299.632,4900,1540,-5320
1.43154,-3.68364,-0.0197382,7.34337,10.2073,-5.3182,10.1046,1.84874,-6.80626,-2.01107,-3.42625,3.96531,-3.27953,-3.50644,11.0393,2.48037,-54.168,-962.824,-295.728,4200,1960,-5460
11.7402,12.3289,11.5177,20.549,10.1739,5.14465,6.90963,-1.6673,7.05643,7.68824,4.08901,16.0021,6.66492,10.8471,16.1193,2.89366,-49.776,-960.872,-299.632,3780,1960,-5320
5.82138,10.1489,5.93475,9.29436,0.0940543,4.8336,-2.09645,-7.27055,11.784,2.68214,2.7625,6.92755,3.35136,5.84503,3.77909,-2.52817,-47.824,-960.384,-301.096,3500,2240,-5320
1.11157,2.63727,-0.231053,-9.21159,-4.63681,-3.14658,-5.58428,-7.88322,5.17084,0.972332,3.87522,0.131319,-0.226597,-5.49508,-15.3422,-5.9873,-44.896,-958.92,-298.656,3360,3080,-5040
-5.99143,-4.39651,-6.2699,-6.95933,-4.18047,-7.59191,-4.45217,-4.36485,-10.6853,-4.73381,-2.01016,-4.5534,-7.57406,-7.98985,-14.4539,-6.32579,-41.48,-958.432,-301.096,3080,3920,-5040
-2.17787,-1.22922,-1.2824,0.211848,1.20301,-10.3904,0.230836,-6.16086,-12.2971,-0.813533,-4.28308,1.29985,-7.03604,-0.0251053,-5.12444,-0.304475,-41.968,-957.456,-300.608,2940,5040,-4760
5.24359,5.53674,-7.39569,6.50282,9.27553,-45.9162,2.22143,-24.4288,1.48025,2.57863,0.621028,4.30311,-12.7334,-24.5095,3.31265,-14.5371,-40.504,-954.528,-300.608,3080,5880,-4760
5.28898,9.79688,-6.62463,13.9853,-1.63234,-15.0081,0.139899,-4.44442,9.98042,3.63692,5.98366,0.0292769,-2.83482,-23.9458,12.6301,-13.8866,-36.6,-953.552,-302.072,3360,7280,-4340
3.98995,6.95458,1.97128,10.2767,-20.427,16.6031,-4.91909,14.4183,6.7098,6.29646,8.13159,-4.60121,7.25546,-3.28676,11.6485,2.11248,-35.624,-955.992,-301.584,3360,9520,-4200
3.47148,-3.43502,-1.58059,-16.4672,-17.1998,5.70476,-9.4657,7.70108,3.64148,4.37056,0.680733,-6.39955,-4.19129,-6.85894,-7.39874,0.571192,-38.064,-954.528,-298.168,3640,10920,-3920
0.70724,-11.5621,-4.34822,-23.0612,-9.03544,-2.41261,-4.87487,2.93077,0.224831,1.509,-1.03761,-6.0318,-3.96312,-2.35329,-12.0719,0.0120424,-36.6,-961.848,-297.192,4060,13020,-3780
2.87712,0.431606,3.22007,-2.25696,3.63899,7.85813,6.95922,9.55352,6.31981,2.47445,3.26004,0.705221,4.87889,15.2071,2.18554,10.2559,-40.504,-967.704,-293.776,4480,14560,-3640
2.91912,2.27525,2.41247,-2.73186,6.2876,9.77578,8.42589,9.82056,7.88072,0.123687,-2.05475,0.259961,-1.74862,13.3878,4.3004,12.0793,-41.968,-964.288,-287.92,5460,16380,-3360
15.413,13.4858,5.83779,14.9294,21.6484,-2.36753,16.9461,3.22418,16.9218,8.59973,3.50289,13.4251,-3.22175,5.02135,16.448,11.3897,-41.48,-962.336,-281.088,6440,17780,-3220
14.8901,19.342,10.188,26.6135,20.8873,7.6317,18.6817,3.88154,18.2012,6.70912,4.97615,16.233,7.763,12.6076,22.6632,10.0274,-41.968,-956.48,-284.992,6860,19040,-3220
5.5922,12.7682,9.7225,16.4373,4.63334,16.0402,9.81058,4.13276,11.9121,3.43835,5.67006,6.6727,12.1615,19.8352,14.2022,8.4244,-46.848,-955.504,-283.04,7560,20440,-3360
-5.34278,-0.365394,5.13428,-1.05039,2.5831,12.2207,1.75288,1.01797,-4.26826,-1.67892,-2.15369,0.36777,6.15138,14.1364,-0.859677,2.7702,-47.336,-949.16,-281.576,7420,21560,-3640
-19.7096,-21.6112,-5.805,-19.9003,-8.58994,3.07322,-14.4877,-6.23474,-23.2193,-12.0439,-13.822,-13.5036,-1.56523,1.13043,-18.4794,-11.8949,-48.8,-946.232,-286.456,6720,22960,-3780
-16.617,-14.4892,-5.9192,-8.2421,-4.78144,4.74481,-9.71037,-2.25633,-20.7243,-11.7594,-11.9402,-9.31692,-1.10858,0.0267822,-10.1059,-7.4931,-49.288,-945.744,-291.336,6440,23660,-3920
-15.8441,-13.352,-4.6746,-5.84766,-3.16661,0.827511,-7.00772,-2.78903,-19.0408,-11.6334,-8.36371,-7.17469,-1.51779,-2.17653,-8.63094,-4.64053,-49.288,-940.376,-290.36,5460,24080,-3920
-12.776,-8.1066,-4.42774,-3.42725,-3.18189,-4.54475,-8.39807,-5.2901,-13.1285,-6.16892,-3.01528,-6.07981,-1.95482,-4.80067,-8.89124,-5.95444,-46.848,-937.448,-296.704,4900,23940,-4060
-6.07352,-7.55648,-2.89778,-5.02328,-3.79663,-4.11112,-5.36473,-1.75521,-10.5485,-0.262729,2.96885,-5.87336,2.15168,-6.23494,-7.10928,-3.41009,-44.896,-936.472,-302.56,3920,23520,-3780
-7.35922,-13.2435,-8.96929,-12.371,-9.86053,-8.76278,-7.97075,-5.80638,-12.9964,-5.83563,-1.88951,-11.3763,-4.60547,-13.6837,-12.4343,-5.62076,-40.504,-940.376,-304.024,2380,22680,-3640
6.41866,6.22367,0.902463,6.70536,5.37199,-2.56276,5.4368,0.296302,2.0374,4.97253,5.56038,4.79669,-0.270981,-4.12177,6.07175,4.34699,-40.504,-948.184,-305,1400,21560,-3640
9.11463,4.17359,1.33841,2.48683,-0.178941,-3.33142,-0.882237,-2.07596,5.37192,5.5184,5.65664,3.21728,-1.13432,-3.56064,4.31917,-0.934701,-37.088,-957.456,-296.216,1120,19740,-3500
10.0353,9.42059,3.49567,3.87918,1.84432,0.740914,3.07367,4.69179,12.5721,4.56043,5.74237,6.03366,-1.34247,0.800694,6.3383,3.89359,-34.16,-964.288,-296.704,1260,18060,-3360
10.836,9.82091,5.59158,2.96882,2.22828,5.1022,2.95091,5.65038,14.711,3.73362,4.14338,7.03908,0.0533835,3.6058,3.44772,5.79441,-30.256,-966.728,-293.288,2100,17640,-3080
14.0723,18.3648,9.37969,9.80231,10.1415,4.96864,4.97659,1.58372,17.2145,6.78126,2.36885,14.4719,1.59671,5.53923,3.43211,4.93036,-28.304,-966.24,-289.872,2940,18200,-2800
10.707,13.125,7.6852,6.13103,7.32412,0.778712,3.23149,0.11495,12.1723,7.65359,4.41646,10.5425,2.22561,1.1935,-0.033,1.9906,-29.28,-963.8,-287.92,4340,18620,-2380
-4.86899,-6.70932,-5.60182,-2.30882,-5.24175,-6.18368,0.341442,-0.744681,-3.82826,-4.21373,-1.3358,-7.09541,-4.70783,-8.07259,1.48041,-1.62364,-31.72,-959.408,-284.504,5600,19880,-1820
-2.07481,-1.80323,-4.9376,3.96155,-2.18477,-5.80889,2.64801,1.43861,-0.72078,-0.487738,0.203335,-2.4747,-3.78481,-5.74648,8.60852,-1.0772,-32.208,-958.92,-286.456,6580,21560,-1120
-0.0345805,-3.90692,-1.55983,-2.65421,-3.73636,0.476177,-0.74919,3.70395,-3.11313,1.7603,-0.580151,-1.44771,1.53533,-0.132143,-1.21142,0.276753,-32.208,-955.016,-287.432,7000,22540,-280
-8.43231,-13.6459,-2.14951,-16.7438,-7.88939,0.586775,-7.25994,0.390282,-13.5591,-5.54715,-7.27884,-7.77931,1.89391,2.01104,-17.7877,-1.30847,-32.696,-954.528,-289.384,7560,24220,560
-3.79843,-5.78144,-1.22178,-12.5622,-5.10498,-2.60718,-8.75801,-1.18866,-2.55919,-1.1861,-1.74463,-2.51872,1.23646,-0.0333962,-16.5825,-3.89034,-35.136,-952.576,-289.872,7700,25200,1400
-11.3273,-5.08077,-5.13514,-2.53439,-1.86258,-0.398913,-1.23203,-0.450483,-4.90817,-9.82661,-7.91127,-4.62316,-1.1711,0.517631,-2.06939,-1.81541,-33.184,-951.112,-290.848,7560,26740,2100
-12.5253,-3.52891,-10.1666,2.6147,-3.73765,-5.24085,0.2479,-3.2141,-7.16423,-12.5506,-9.49753,-8.62807,-6.01016,-8.69054,6.44789,-5.33757,-37.088,-948.184,-298.168,7560,28700,3220
-1.81479,0.898432,-4.08377,6.77868,-1.45275,-8.28852,1.07117,-5.95766,-3.90425,0.465708,1.40259,-3.51336,-2.79967,-6.35715,9.80426,-4.01454,-36.6,-949.16,-299.632,7140,30100,4060
9.06535,3.20626,7.34148,6.30188,3.06144,-0.139651,2.35527,-5.16538,2.40171,11.0821,7.79702,4.54291,5.61317,5.57509,4.76512,1.89286,-38.064,-947.696,-301.584,7140,32340,4900
13.2021,8.63867,12.9501,9.53032,11.2434,5.61869,8.24469,-0.843211,11.6047,13.4902,9.77978,12.4118,8.60338,9.21889,10.201,4.84024,-40.016,-949.648,-299.632,7280,34020,5740
7.73842,5.5203,5.60058,9.08535,7.70088,-4.46238,8.22608,-2.17911,10.7314,5.96048,3.51526,8.5103,3.05385,2.68748,14.6265,1.96131,-39.528,-951.112,-301.096,7700,36400,6580
15.6278,17.8792,6.04418,16.4645,8.87516,2.05288,8.65333,3.78365,23.6048,10.5074,4.56387,14.3745,5.06316,3.97574,15.7329,3.75822,-40.016,-949.648,-301.096,8120,38780,7420
-0.748105,-6.87487,-2.71275,-11.0489,-9.56402,5.85758,-5.29403,4.30074,-1.79746,-1.97456,-1.79062,-4.34438,0.118284,1.23463,-9.29442,-1.29496,-41.968,-951.112,-301.096,8540,40180,8400
-18.4098,-21.2872,-7.73631,-24.2583,-14.8388,4.9011,-11.287,1.61184,-23.075,-12.5825,-6.78202,-15.2207,-4.76343,-3.11508,-20.1967,-4.51204,-44.408,-950.624,-304.024,9100,41720,9100
-12.8348,-9.1052,-4.33567,-15.187,-8.87395,3.60775,-13.1252,-1.32896,-11.6455,-6.00168,-0.781505,-7.9404,-0.55692,-4.07212,-17.9454,-7.93373,-44.896,-949.648,-303.048,9240,42840,9520
-8.06061,-6.48623,-0.164159,-7.03683,-1.58326,5.66023,-4.86368,2.78229,-5.08489,-2.82954,1.55121,-4.25428,3.7051,4.29094,-7.5423,0.120646,-50.752,-948.672,-305.488,9800,44100,10220
-6.38406,1.33808,-5.01613,5.64213,7.5584,-10.5133,2.80648,-4.87356,0.894913,-4.3724,-0.319543,-0.686518,-5.34834,-4.14658,4.80371,-1.27295,-48.8,-951.112,-307.928,9800,44800,10640
2.4341,6.75678,-6.0453,10.4037,5.1993,-24.602,4.68805,-7.68334,4.87834,3.00125,2.9384,3.0543,-9.93489,-13.7423,4.84635,-3.17597,-51.728,-946.232,-307.44,10080,44800,10780
12.4965,11.3163,6.23991,11.2215,3.10686,2.47815,5.87923,3.73223,9.29349,11.9128,6.52205,8.6326,3.85787,3.0554,4.94461,5.03314,-53.68,-945.744,-307.44,10220,44660,10780
19.1997,12.1795,14.4749,5.08928,1.56178,26.2582,5.82793,19.058,13.6171,15.5455,7.6052,10.6135,5.64054,18.0998,5.49242,13.9295,-52.216,-945.744,-305.488,10080,44240,10640
16.54,13.2263,12.0812,4.76675,10.9734,22.3575,9.7329,13.0288,13.0545,5.95936,-2.67799,12.9964,-2.26277,20.3117,7.48441,16.3744,-50.264,-945.256,-309.392,10360,43260,10220
4.00588,12.3287,-1.94777,8.38756,16.0181,3.85552,6.98627,-1.32101,7.64558,-8.44965,-7.31407,7.97522,-3.54709,5.37223,2.85158,5.9496,-48.312,-947.696,-305.488,10360,42000,9660
-17.1201,-1.12357,-13.6148,5.15369,2.71511,-11.3518,0.162136,-10.8427,-8.92051,-20.2158,-10.5681,-11.8513,-6.42075,-9.40778,0.875448,-5.71239,-47.336,-944.768,-308.416,10500,40740,9380
-17.8636,-6.53901,-16.2307,3.4992,-8.42975,-16.977,-4.00348,-13.4449,-14.5872,-16.3546,-9.77819,-20.2654,-9.11553,-19.2717,3.91237,-11.6754,-47.336,-945.256,-310.368,10780,39060,8820
-13.5479,-19.2825,-10.0175,-11.149,-18.068,-6.51888,-10.8547,-3.79097,-21.8013,-9.69774,-7.18048,-19.8414,-3.49274,-13.601,-6.26671,-10.5526,-42.456,-946.232,-308.904,10780,37660,8540
-0.673218,-14.4633,5.50243,-14.5346,-11.9481,7.43968,-7.96656,2.26697,-11.5911,3.00022,1.63232,-5.44522,7.48715,4.3574,-7.91709,-2.26082,-40.016,-946.72,-312.32,10500,35980,8260
4.48295,-3.66871,11.8248,-5.22427,4.26717,14.1427,5.2417,6.92719,-2.35828,6.56558,3.84754,5.26487,9.16731,15.3287,-0.613089,10.1836,-40.016,-947.208,-313.784,10360,34720,7700
5.92776,1.86861,10.131,-0.162642,9.34484,2.80177,3.39037,-6.31432,1.42442,6.65088,2.23346,7.96788,2.81257,6.94039,-2.92622,0.386471,-40.016,-949.648,-311.344,10360,33880,7840
2.29363,-3.76541,2.63305,-4.04584,-3.52847,-2.9878,-7.30028,-10.6082,-0.151144,2.19134,0.959207,1.3043,-0.351997,1.16984,-5.53144,-10.1598,-37.088,-951.112,-313.296,10640,33600,7420
-1.64941,-6.45766,-3.80137,-6.65567,-8.02051,-1.25152,-8.43405,-1.88442,-0.734217,-0.760563,5.03321,-4.28806,2.33512,-2.07422,-3.83395,-7.47499,-38.552,-951.112,-313.296,10920,33320,7280
0.502268,-2.90658,-11.1022,-5.63755,-2.02649,-20.6025,-8.66784,-8.97651,2.33355,1.39995,5.79894,-4.65711,-3.8356,-29.0064,-6.7737,-14.3758,-39.528,-952.088,-311.832,11060,33460,7280
0.988755,-3.43208,-9.62459,1.96029,-4.35482,-27.5118,-2.66226,-3.22868,-2.02335,2.99199,2.99315,-1.91431,-6.98286,-27.7513,-5.19298,-7.14879,-36.6,-948.672,-310.856,11340,33880,7140
14.113,13.7766,5.71278,20.4961,1.59318,-4.2827,11.1374,13.2129,11.3755,10.1709,1.78289,14.57,-2.43092,3.77862,13.5835,13.822,-38.552,-949.648,-314.76,11480,34160,7000
13.6409,15.8316,9.70344,9.30548,2.96451,23.387,13.0872,21.037,18.3867,4.41277,4.20639,14.506,9.90832,23.4298,18.2488,22.4825,-37.576,-951.112,-312.808,11340,34580,7140
-0.895903,0.949446,4.79552,-15.1115,-0.860009,29.1026,4.02388,17.6636,8.94775,-2.76179,2.85325,-0.754182,13.1546,22.4345,-1.12757,15.2991,-36.6,-951.112,-311.832,11620,35000,7000
-15.0541,-7.15158,-0.762178,-14.7834,3.70869,13.874,-2.55142,6.08167,-4.46795,-11.8792,-9.2862,-6.93114,2.062,14.9589,-10.9999,6.0197,-41.48,-952.088,-310.856,11760,35560,7000
-13.3739,2.50608,-1.3123,6.55722,16.1424,-1.87683,2.72719,0.869556,-5.1139,-8.77653,-7.1319,2.44813,-2.23621,2.28148,-0.829024,2.89467,-41.48,-955.992,-311.832,11760,36400,7000
-1.93381,11.5366,4.46091,22.5468,15.5923,-4.9511,9.3037,-6.26958,0.104567,4.02207,0.912908,8.60817,4.6362,-2.40734,13.4733,0.276029,-42.944,-952.576,-312.32,12180,37240,6860
13.4228,19.0033,11.0682,27.1945,9.5753,-9.97114,10.6804,-14.2336,11.3479,16.8622,10.1535,14.1509,8.8188,-1.48807,21.0416,-5.29158,-44.408,-956.968,-308.904,12600,37520,6720
10.9011,0.0778347,6.92224,3.21111,-2.86144,-6.08458,1.73611,-8.42856,5.12755,12.7441,8.88901,4.82123,5.40161,1.12627,7.75409,-6.61788,-47.824,-957.456,-308.904,13020,37660,6580
-6.51624,-21.6015,-5.65717,-25.1342,-20.6728,-2.23796,-17.0816,-7.36221,-14.3116,-1.93678,2.2223,-12.285,-0.594288,-4.35118,-16.5216,-14.0102,-50.264,-955.016,-312.808,13580,37660,6440
-17.284,-24.9412,-12.8976,-28.0154,-18.8962,-9.13119,-20.5388,-9.9794,-24.0558,-10.2252,-7.29408,-17.0539,-13.0344,-18.0496,-26.0727,-17.8491,-51.24,-954.04,-309.392,13580,36960,6300
-1.20186,0.83127,-3.46436,-0.378634,1.34068,-8.99099,-3.88961,-1.37964,0.692804,-0.980507,-9.54269,2.95215,-19.4238,-9.47888,-6.74608,-3.61524,-49.288,-955.016,-306.952,14000,36540,6160
9.25399,13.1026,-11.7858,10.6708,-4.51658,-18.8185,-8.27265,-2.59158,16.2247,-0.046301,-7.77483,5.88332,-22.7476,-23.3916,1.61896,-10.41,-54.656,-956.48,-308.904,14140,35560,6020
10.7118,11.7439,-8.03803,7.35393,-7.82814,-7.74573,0.105173,6.80571,15.5961,3.17437,5.48484,1.98017,-3.59349,-11.2481,8.32906,1.36026,-54.168,-955.504,-309.88,14560,35140,5600
5.58801,5.76413,5.85036,-4.82874,-5.10365,12.6674,3.63585,8.19167,13.3547,4.07631,7.0659,-5.13766,11.912,14.9908,1.55118,11.9405,-55.632,-954.528,-305.488,15120,34720,5180
-1.76748,-15.5015,6.33771,-21.0928,-4.44466,22.4498,0.0961893,9.42515,0.462687,-0.213439,0.884126,-13.5098,10.7438,17.5772,-11.7267,9.8735,-58.072,-957.456,-307.44,15400,34440,4760
-10.3423,-22.2521,2.41864,-12.8069,4.4066,17.5704,3.51702,4.95938,-15.577,-10.0476,-9.31654,-10.3792,4.06638,16.1118,-10.2316,9.90519,-59.536,-955.992,-305.976,16100,33880,4480
-16.139,-10.1259,-0.921,4.84908,15.1844,7.41191,9.81676,-0.41243,-20.9076,-17.2505,-11.8149,-2.41827,0.192894,9.83415,0.0329865,8.40134,-58.072,-958.432,-306.464,16940,33460,3920
-10.6848,2.73868,-0.20735,14.7665,14.4888,1.01251,12.9808,-1.06907,-17.9627,-8.50253,-3.53058,2.78121,0.347344,1.07563,10.7882,4.21679,-57.096,-957.944,-305,17360,33040,3500
-8.64573,0.358187,-3.61057,8.25427,-1.7865,-9.40141,-1.51786,-10.8309,-18.8907,-4.86045,-1.20412,-3.02106,-2.50688,-8.50691,3.72015,-10.6761,-59.048,-955.992,-304.024,17920,32060,2940
0.719788,9.40472,-0.771879,9.26568,-0.215827,-8.30105,-0.049924,-6.14674,-0.756621,0.343837,3.02477,3.35218,-1.83269,-5.56848,5.39964,-7.78966,-55.144,-955.016,-303.048,18480,30660,2520
16.1801,18.0795,6.03136,9.24176,3.09845,2.57999,4.79846,3.77511,19.4743,10.8738,10.128,11.1799,3.64719,4.52165,7.07196,2.63261,-55.144,-953.064,-303.536,18900,29680,2100
14.4687,11.6072,5.55238,-1.79192,-0.428193,3.92682,-1.56735,2.21127,16.6927,10.4782,8.78724,8.06706,2.03233,6.09097,-2.57986,1.30294,-56.12,-955.992,-297.192,19040,28560,1820
7.07612,8.76658,6.49065,-0.993996,5.68594,5.10088,-1.32175,0.878032,7.3748,4.6969,3.25927,7.7725,3.98008,7.62196,0.003486,0.704106,-55.632,-955.016,-300.12,19040,27720,1540
-3.11477,-2.96052,-2.13108,-5.49265,-1.01909,1.61829,-4.71575,-0.565402,-4.58313,-5.09128,-6.78262,-2.65391,-1.53871,1.44364,-1.93495,-2.88185,-53.68,-955.992,-298.168,19320,26600,980
0.0646931,-3.11931,-5.63154,-0.286557,-1.36469,-2.46956,-2.04834,1.4436,-0.858012,-0.651583,-2.92333,-4.05894,-4.15469,-9.21237,1.42589,-3.24975,-53.192,-955.504,-297.68,19180,25620,420
9.90832,13.01,1.41433,18.1084,9.70195,-5.77121,10.6791,4.36617,14.2495,7.02056,4.37482,7.90099,0.188239,-5.96072,16.1288,6.03266,-54.656,-956.48,-299.144,19180,24920,280
5.92015,11.7377,2.58081,16.0329,7.26836,-8.12667,12.4698,3.01109,14.4426,4.6027,3.79731,6.96639,1.81435,2.08253,16.2134,9.98514,-51.728,-954.04,-297.192,19880,24080,-280
-2.2522,-7.01419,-2.43241,-9.48891,-8.62669,-6.89175,-3.83467,-0.181177,2.91178,2.29376,4.11557,-5.27325,0.919846,-5.19183,-3.95186,-1.13829,-53.68,-956.48,-300.608,20020,23520,-560
-12.2671,-23.1252,-8.53018,-26.9996,-19.6599,-4.80933,-19.1491,-7.18406,-13.3613,-5.58372,-2.54326,-16.1095,-2.40594,-12.6939,-20.6745,-11.5003,-55.144,-961.848,-300.12,20300,22400,-700
-9.90523,-16.5209,-4.18293,-14.9872,-10.259,0.92991,-12.0807,-4.84454,-13.4398,-4.47226,-2.9394,-9.49612,-0.0483015,-2.89248,-10.9038,-6.40555,-52.216,-956.48,-300.12,20300,21140,-980
-6.33764,-5.17309,-1.17039,-2.38143,-0.0682137,5.09262,-3.26663,-1.34874,-7.21271,-4.45435,-4.22513,-2.32646,0.774195,2.99019,-3.88212,0.149733,-52.216,-960.384,-297.68,20720,20160,-1260
-0.92079,5.59243,3.32914,7.5405,7.64458,7.02836,0.954446,-0.249297,-0.786178,0.30882,-2.42219,5.30273,2.4274,6.40561,1.67483,2.4742,-49.776,-959.896,-296.704,21000,19180,-1540
2.22977,1.23313,2.80996,5.24172,3.64586,4.15913,0.607923,0.998084,-1.29598,4.85298,1.11595,4.08727,2.6941,1.30958,3.26808,1.35549,-51.728,-963.312,-296.216,21280,18620,-1680
7.01109,-3.65224,1.84289,-3.45948,-3.61412,-2.07714,-0.580204,0.0814062,1.3866,7.32686,6.5308,1.71227,3.21687,-0.351059,-3.85298,-0.191911,-51.728,-961.848,-297.68,21420,17780,-1960
4.68544,-7.44232,-0.883466,-12.1627,-7.37223,-11.1939,-3.31319,-4.09066,1.00313,5.26363,6.37419,-3.07189,0.73203,-7.09647,-12.5281,-4.97263,-51.728,-961.36,-298.656,21420,17220,-2240
-0.817231,-11.4801,-1.16662,-12.2547,-8.69916,-6.08903,-3.9199,-0.824821,-5.60625,1.46285,3.39627,-6.12904,1.13309,-8.12509,-11.5432,-4.12279,-53.192,-960.384,-298.656,21840,16800,-2240
-0.167757,1.35831,0.950198,4.34985,-4.80247,0.618985,0.212373,2.86408,-1.11434,-1.85753,-0.904168,-0.204133,1.11304,1.44793,1.48796,-0.159134,-50.752,-961.848,-298.168,21980,16660,-2660
2.11979,10.1151,5.27497,9.98229,3.76285,8.21027,7.86686,7.57348,6.55569,0.125202,1.09465,5.72377,3.61654,11.7456,8.00937,7.65856,-54.168,-963.312,-298.656,22400,16520,-2940
-7.69346,-1.02533,-1.62084,-3.46268,0.00583224,3.23774,0.314597,-0.116601,-0.777692,-8.54385,-6.06866,-3.53448,-2.60502,5.32415,-1.42154,0.881525,-53.68,-960.872,-299.144,22540,16520,-3080
-7.83712,5.00691,-0.823311,6.15878,8.46762,4.85862,7.91249,2.49508,2.14367,-8.96913,-7.4257,0.726562,-3.59581,2.0391,6.2399,3.99841,-56.608,-961.848,-299.632,22680,16380,-3360
-4.18643,9.51546,0.209091,11.2511,9.00041,2.32449,8.68086,4.09135,5.6131,-7.71213,-8.54928,4.43349,-5.65213,1.73204,8.52413,4.85905,-56.12,-961.848,-301.584,22960,16100,-3780
6.37061,8.87368,6.81297,7.54308,5.01373,4.8817,0.00515868,2.50293,5.87186,1.63149,-8.30561,9.11463,-6.58284,7.11521,5.95877,1.16177,-55.632,-960.872,-302.072,23100,15960,-4060
23.8292,18.3843,14.3294,14.7732,18.9575,8.44311,12.1914,9.14119,13.6104,14.1727,-4.35737,24.3919,-10.1041,13.9051,15.658,11.5723,-57.584,-963.8,-299.632,23240,15540,-4340
17.7335,14.8138,-3.44997,10.8282,14.4818,-0.222468,12.2563,9.07407,15.355,2.45819,1.52342,14.677,-5.60294,-0.621659,11.9424,10.8246,-60.024,-961.36,-299.144,22680,15120,-4760
-0.106337,7.79403,-9.19771,7.87909,1.95357,3.37183,5.89051,4.09628,9.22853,-4.64984,7.57805,-3.81315,6.42404,-1.81484,7.28546,4.65977,-61,-961.36,-295.24,22540,14560,-5040
-9.26374,-3.97612,-0.735746,-0.837383,-5.71125,10.7293,-2.59038,0.0685844,-2.49471,-0.984551,9.65975,-14.2049,13.1918,6.52369,-1.03938,0.120429,-62.464,-962.336,-295.728,22120,14000,-5600
-5.14288,-14.836,2.9248,-11.4097,-6.83719,7.07512,-8.92934,-7.7368,-10.3279,5.10402,6.5835,-10.251,10.9336,0.558529,-8.92949,-7.18257,-59.048,-958.432,-294.752,21840,13580,-6160
-5.69157,-20.3333,3.23117,-15.4992,-5.9448,3.8678,-8.58142,-2.70966,-22.6702,4.06727,3.48566,-6.12861,8.86427,2.00351,-12.4579,-4.72619,-63.44,-962.336,-296.216,21700,13160,-6440
-18.6087,-27.5465,-5.36499,-22.0727,-11.951,-8.78117,-16.9055,-10.0795,-32.8486,-9.2753,-7.03696,-13.7906,-2.34783,-7.58949,-21.5611,-12.719,-60.512,-959.896,-295.24,21140,12740,-7000
-16.7322,-13.4584,-12.7486,-7.31599,-3.64313,-33.6126,-12.4148,-28.3702,-23.153,-11.2285,-9.83101,-8.70837,-13.8332,-32.9549,-9.32296,-25.7289,-61.488,-961.36,-293.288,21140,12460,-7280
-8.74128,-1.21794,-13.8434,1.11364,-14.2115,-35.0281,-12.0287,-22.8474,-5.41332,-4.98504,1.56362,-8.15326,-9.65799,-32.3146,-1.61528,-22.8164,-61.488,-964.288,-290.848,20860,11760,-7560
0.816806,4.30017,-0.971471,-1.44142,-21.3974,-8.71927,-12.5817,-8.71576,6.16782,5.72694,9.78983,-3.96845,3.71673,-5.62625,-2.62703,-8.39445,-62.952,-963.312,-292.8,20580,11340,-7980
14.5222,13.8862,11.2686,1.52963,-0.558069,8.67534,3.95545,4.28232,15.2759,16.6841,13.3175,8.36638,9.45875,10.9371,6.1831,7.2356,-63.44,-963.8,-290.36,20440,11060,-8260
18.0882,13.514,8.65995,3.92336,9.87382,4.52461,7.80783,3.26592,19.111,12.2038,3.88819,11.2582,0.547661,6.5694,5.58881,5.30319,-64.904,-964.288,-286.456,20020,10220,-8540
9.14933,9.71428,4.68307,9.62331,11.7389,10.1741,14.6913,16.8826,13.9384,1.25568,-3.05991,9.19332,-0.365675,14.2526,9.83148,14.1785,-63.44,-960.872,-284.992,19320,9660,-8680
2.09221,12.5114,-2.55708,13.7089,17.0262,-0.681015,17.4635,19.2826,15.3657,-8.64055,-15.6966,8.30657,-15.7141,7.51591,11.8029,18.3669,-61.488,-960.872,-287.432,18760,8960,-8960
11.4075,16.66,0.481414,11.5509,14.7139,3.13068,12.19,14.0646,18.2902,-0.564659,-6.11548,12.1129,-8.79495,7.42076,10.5308,15.7166,-62.952,-962.336,-287.92,18200,8820,-9100
5.87789,13.1048,4.64439,12.0769,5.59913,21.754,14.993,18.3884,7.9375,0.564191,5.20255,3.77943,8.96303,23.5054,14.7976,20.6423,-63.928,-968.192,-285.968,17920,8400,-9240
-13.6141,-12.274,-3.32462,-11.4437,-6.77433,16.9283,-3.92362,3.00371,-10.7708,-9.47472,-1.10939,-16.0183,7.02605,11.0504,-6.46319,1.33226,-58.56,-971.12,-284.504,17220,7980,-9380
-22.7713,-33.5282,-15.2994,-30.2253,-18.5136,-3.72864,-19.5154,-11.1296,-21.3349,-14.6584,-7.47013,-28.5082,-3.29803,-13.8294,-24.0863,-18.6785,-66.368,-962.336,-293.288,18620,7980,-9520
-13.382,-20.7828,-7.29562,-10.5046,-6.24807,-9.74189,-10.7732,-8.3665,-18.3949,-8.4092,-6.0221,-11.6132,-3.36447,-10.1238,-16.1556,-11.6871,-60.024,-966.728,-281.088,17500,7980,-9660
-5.01938,-11.7617,-0.135994,-8.27013,-5.06131,-2.18294,-8.57698,-4.34881,-13.3082,-2.35373,-1.71586,-1.63878,2.27035,-2.21074,-15.2843,-4.04648,-61.976,-968.68,-284.504,18060,7700,-9800
-2.45315,-4.59852,-3.38746,-4.32983,-1.7506,-7.303,-4.68314,-3.78033,-8.96237,-0.861176,-0.0941429,0.382715,-0.373524,-16.7475,-9.475,-5.0843,-59.536,-970.144,-280.6,17220,7280,-10220
-2.45355,-5.66887,-9.49107,-3.04863,-10.1811,-19.2931,-10.0812,-11.003,-7.84669,-1.31102,-0.988451,-3.66869,-8.64173,-28.1257,-7.7727,-13.9168,-54.656,-967.216,-281.576,16800,7420,-10360
11.6641,6.53447,6.42976,10.8595,-8.13321,-2.20767,1.19314,-1.16204,9.63081,11.1187,9.40063,6.88153,4.94273,0.631323,11.2825,-0.685798,-53.192,-967.216,-283.528,17080,7420,-10500
16.553,14.7006,17.0574,11.3069,5.35748,14.5293,7.00161,5.04586,12.6699,16.7346,11.5921,16.4497,11.683,19.2223,17.8064,8.2331,-54.656,-965.752,-280.6,17640,7420,-10500
7.97826,13.1261,10.491,5.31403,10.8395,12.6346,9.19729,6.24844,10.1766,7.85647,4.54337,12.2104,4.68482,12.2645,11.6751,8.99896,-54.168,-965.752,-282.064,17640,6580,-10360
4.65984,5.25678,8.2892,2.62206,10.5997,8.53566,6.38654,3.35564,5.67058,4.93509,3.84362,7.93499,4.85893,8.76864,-0.565641,5.6865,-52.704,-965.264,-283.528,17360,5880,-10360
4.9267,5.56686,7.55427,6.52764,9.29943,4.63025,2.40388,0.638536,3.48481,4.83597,3.14342,6.81455,3.61809,6.42257,-0.788769,1.38184,-50.752,-964.776,-281.088,17640,5180,-10360
1.10103,13.1796,3.1232,19.2396,11.2305,1.96305,9.26117,3.27792,6.55297,-1.42108,-0.37031,6.45471,1.2102,4.65882,16.9086,3.83555,-48.8,-969.168,-279.624,18200,4480,-10500
-2.00265,14.6721,-0.877804,17.9913,9.77645,-2.51842,7.5449,-0.829731,3.86913,-4.58391,-4.68267,5.50842,-2.90403,1.48026,16.1848,2.09451,-48.8,-964.776,-282.064,18200,4200,-10640
1.77546,3.98084,-0.161943,3.91285,3.47402,-3.37889,1.8963,-5.09991,2.4582,0.416485,-1.36719,2.93457,-0.550867,1.89067,6.25478,-1.81628,-47.336,-965.752,-281.576,19040,4200,-10360
3.53214,0.158991,1.88441,-0.848933,1.82084,1.99729,2.12353,0.387666,0.482422,4.10539,3.89315,1.11852,3.45727,5.23804,2.97422,1.85548,-45.384,-966.728,-283.04,19040,3920,-10360
0.0138972,-3.88968,-2.83777,-9.74761,-4.14253,-2.42976,-2.97606,-2.3836,0.325602,-0.717381,-2.00884,-3.73597,-3.52098,-1.67937,-7.71435,-1.07001,-45.384,-968.68,-278.16,19460,3640,-10220
-0.833641,-5.61279,-3.89752,-13.0693,-5.80719,-4.99332,-7.27052,-4.55162,3.10222,-1.93675,-3.24441,-3.78832,-4.42529,-6.64753,-15.1389,-4.67353,-46.36,-963.8,-277.184,19320,3640,-10220
-5.81528,-10.6319,-8.64848,-14.3039,-10.8739,-5.39567,-7.75155,-2.3219,-0.0211792,-5.15851,-3.86864,-10.0456,-4.39877,-11.3548,-13.9159,-3.69486,-45.872,-964.288,-274.744,19460,3360,-10220
-11.7374,-16.1719,-14.7088,-16.1712,-15.5818,-10.8309,-10.2633,-6.36027,-6.55881,-10.4275,-7.3416,-15.4158,-8.88563,-16.1059,-10.4467,-8.51152,-43.432,-966.24,-273.768,19180,3080,-10080
-13.3077,-14.4359,-7.5263,-11.9808,-9.29633,-4.08675,-5.57042,-0.633333,-13.5042,-8.8587,-4.59191,-11.5728,-3.0454,-7.32613,-5.73854,-5.05382,-43.432,-967.216,-272.792,19040,2800,-10220
-10.6918,-21.6863,-3.7884,-19.3729,-10.5657,-2.03081,-6.34053,1.4321,-18.9168,-4.38029,-2.17464,-11.6458,-1.29814,-3.53349,-13.8061,-2.31247,-41.968,-966.728,-268.4,18900,2240,-10220
6.13998,6.39512,7.05651,6.10643,5.28546,5.26468,8.09675,8.96865,6.07413,4.58092,4.06253,5.0466,3.61419,7.7888,6.10099,9.51781,-40.504,-967.216,-266.448,18620,1820,-10080
12.4042,13.8407,10.1127,16.7319,11.7991,11.3668,16.2856,12.7403,11.9599,7.65204,4.15586,8.89668,5.71991,15.2821,18.209,14.8822,-41.48,-965.752,-264.984,18760,1540,-10080
3.84615,3.19039,5.05391,5.01591,5.01157,11.8278,4.21419,9.36634,0.970831,2.95521,-0.726524,2.7713,3.82857,12.3266,3.29897,7.61501,-42.456,-964.288,-263.52,18900,980,-10080
3.9009,1.5007,1.73413,-0.791285,3.16293,4.72746,-5.37102,1.87317,1.10422,2.05374,-2.02035,2.60987,-0.284295,3.63919,-7.42067,-0.579701,-40.992,-965.264,-268.4,18620,980,-10220
2.39764,6.67206,0.306735,6.16962,5.4802,1.80462,-5.18033,-3.52916,1.12206,-0.581834,-3.01311,4.60676,-1.85711,1.74834,-2.80154,-3.41624,-42.944,-965.264,-264.984,18760,700,-10360
-7.30479,1.66993,-5.79436,2.50104,-2.75214,-1.07387,-7.04951,-5.97355,-4.22254,-8.65069,-4.05952,-4.48778,-2.75704,-1.74668,-2.03774,-6.44161,-41.968,-962.336,-264.984,18480,700,-10640
-6.47452,-1.0169,-1.87769,1.52488,0.408629,4.99771,0.0573318,1.0195,-8.14166,-4.45876,0.38091,-4.42374,1.57094,3.76948,2.42347,0.80019,-41.968,-963.8,-264.496,18480,980,-10640
-5.40657,-5.39585,-0.539787,-5.52817,-3.53679,5.25049,-4.24502,-2.09746,-5.78762,-3.69639,-1.72021,-5.01632,0.539964,4.98298,-3.51344,-1.28067,-41.48,-964.288,-264.008,18480,1540,-10640
-10.706,-10.7371,1.96291,-7.43255,-0.926096,7.06517,-4.14967,-2.39857,-12.4564,-5.65418,-1.877,-4.11631,4.74421,6.47499,-7.15157,-0.403455,-40.504,-962.336,-264.496,18200,1960,-10640
-16.5509,-14.8303,-9.24324,-1.05821,2.97325,-16.4628,4.49149,-11.6607,-21.7631,-10.7757,-7.43956,-7.12926,-8.5055,-14.4382,4.37035,-4.63483,-40.504,-963.312,-264.984,18060,2940,-10640
8.56234,11.8368,-9.85017,27.3574,15.8131,-48.6629,13.176,-20.7064,0.368468,7.08542,2.46648,10.9288,-20.4246,-43.5011,25.2136,-14.9192,-41.48,-954.528,-265.472,18200,3080,-10640
26.3437,36.6277,1.78123,41.7519,6.44125,-30.7722,9.76186,-8.95318,29.8639,19.8357,18.3725,22.3838,-0.599964,-28.5857,29.447,-11.3304,-40.992,-954.528,-269.376,18060,3640,-10780
18.0275,24.5119,7.29005,15.2898,-17.0057,-6.5499,0.483875,4.45704,27.1851,16.2744,18.1571,10.6248,11.9089,-1.65206,10.6403,-0.117848,-42.944,-953.064,-268.888,17920,3780,-10780
13.6204,9.54958,15.17,-13.8031,-11.5681,17.3711,-3.45401,11.306,16.8458,16.3849,14.9259,6.86333,18.6169,18.834,-7.54619,8.65498,-44.408,-953.552,-270.84,17360,4060,-10780
7.73466,-5.78151,9.32491,-29.1056,-10.3114,21.1492,-11.154,4.56466,11.2062,7.75886,8.25107,-1.0392,12.174,18.8396,-22.8971,4.09862,-47.336,-955.016,-270.352,17080,3780,-10780
-12.1318,-17.9107,-2.20392,-25.7959,-8.62069,17.3736,-10.7161,3.06053,-5.56552,-12.0307,-3.67947,-13.7215,3.71218,12.5006,-23.7479,1.84903,-46.848,-955.016,-266.448,16940,3780,-11060
-18.8979,-19.8326,-5.5461,-17.9186,-1.8151,12.0774,-7.44742,0.858059,-17.9857,-15.4043,-14.0222,-14.5391,-5.59674,8.62615,-17.1085,-0.521421,-49.288,-956.968,-270.352,16940,3780,-11200
-5.15191,-13.4846,0.270983,-7.90091,6.80439,7.19412,-1.80259,-0.394282,-11.4347,-5.87366,-21.8436,-1.40723,-12.2226,4.57678,-8.53377,-2.08019,-48.8,-955.504,-265.96,17080,3500,-11200
4.93788,-2.85554,1.19985,5.44504,11.3512,10.7047,5.27663,9.27037,-3.9357,-5.14943,-14.4208,8.9439,-4.45405,9.24316,1.91682,4.29469,-48.312,-956.968,-267.424,16660,3780,-11620
3.37934,9.94418,3.59849,14.7685,10.8097,12.0986,11.6283,14.6385,3.05822,-3.98597,-2.32608,7.81373,1.216,17.3561,11.851,13.8593,-48.312,-957.456,-270.84,15960,3780,-11620
0.95486,7.90588,-3.30789,4.96089,7.5396,5.34992,10.6603,9.2657,11.2836,-0.605884,3.39083,-2.41357,1.01327,4.82777,8.53047,11.5563,-47.336,-955.504,-272.304,15820,3360,-11900
-7.35148,-3.19588,-18.1266,3.7367,3.50036,-30.9055,5.43661,-11.3759,-0.639428,-8.55635,-0.763747,-9.7518,-11.5134,-25.5951,5.14779,-5.75909,-44.896,-953.552,-267.912,15400,2940,-11900
-11.6409,-6.41322,-18.8618,11.2166,-6.2488,-36.6583,0.211935,-16.3138,-10.9162,-9.3807,-3.6408,-13.7112,-13.5456,-39.6113,10.1606,-15.9818,-47.824,-953.064,-268.888,14980,3080,-11900
6.31384,3.89635,-1.12677,10.3205,-12.5796,-8.852,-1.29606,-0.688507,3.32768,9.5045,3.52967,1.06573,-3.82681,-17.1964,12.4428,-4.54289,-49.288,-955.504,-266.936,15120,3360,-12040
6.40382,-22.8969,4.6274,-25.8714,-21.9987,12.6657,-2.65956,8.5447,-9.04103,11.0502,11.0146,-4.09443,8.75502,9.17057,-0.809981,8.68045,-49.288,-958.432,-265.96,14700,3360,-12040
1.40459,-10.3014,10.8667,-21.7884,-1.86397,22.7356,1.95264,8.13035,-10.0924,8.22442,13.5358,-0.882392,18.1325,24.8029,-5.11485,13.466,-45.384,-960.384,-266.936,14560,3500,-12180
2.75157,9.4509,16.6958,-10.9356,10.5958,21.4628,-3.03154,-2.19906,8.84574,8.91275,10.4456,5.34087,16.5687,23.7644,-17.2968,5.40854,-45.384,-959.408,-268.4,14560,3360,-12040
-10.1713,-12.2068,6.62967,-15.7939,1.88914,12.2526,-9.30401,-4.27021,-8.41725,-0.625443,1.71985,-6.34132,7.62058,9.29658,-23.7441,-3.34638,-42.456,-961.848,-266.448,14560,3920,-12040
-7.78157,-9.65026,2.46614,-2.80274,4.816,0.895692,-6.29745,-3.60976,-11.4781,-3.24603,-4.37785,-1.89595,-0.592902,-0.794981,-12.3002,-4.57888,-47.336,-957.944,-264.496,14840,3920,-11760
-2.03399,7.48218,3.39043,8.99999,7.84154,0.960974,-0.729168,-1.752,1.30445,-5.14434,-8.3011,7.61669,-2.655,5.4653,-1.0739,0.590261,-46.848,-960.384,-264.984,14840,4200,-11480
-2.8362,24.6197,1.9402,24.9678,15.3604,3.74887,7.03353,2.99585,12.3542,-10.2663,-10.9574,13.4694,-1.76941,6.77449,19.0478,2.25155,-46.36,-961.36,-265.96,15260,4620,-11480
-4.8163,14.582,-7.83113,24.1283,13.2569,-16.4108,2.98587,-8.73328,-4.11118,-7.7749,-13.2416,4.88864,-13.2685,-22.4167,20.676,-13.5777,-46.36,-957.456,-264.984,15680,5320,-11480
10.2857,17.2332,-3.83449,35.2072,9.35973,-31.8246,5.49553,-15.8569,-4.60497,7.37719,-9.04739,10.2126,-18.603,-27.0065,22.8317,-15.0278,-49.288,-955.016,-266.448,15820,6160,-11480
37.8273,36.4361,12.4351,37.6857,3.7933,-9.81138,12.8593,5.77294,33.4634,24.4929,10.7412,27.0227,-1.90861,1.78376,27.3428,6.96077,-49.288,-955.016,-264.496,15960,6860,-11620
28.5821,25.431,14.6507,6.41736,-2.7345,17.7463,6.24758,18.9789,36.6239,16.3451,14.9494,18.7,11.3452,25.8607,9.07471,18.1864,-46.36,-953.552,-265.96,15820,7280,-11620
7.60038,6.247,-0.298236,-15.3573,-1.10442,16.6057,-1.08311,15.0114,22.3395,2.67714,12.3914,2.16907,5.21052,4.84237,-5.82516,7.75955,-45.872,-953.064,-270.84,15820,7140,-11760
-9.36707,-1.35638,-10.5101,-2.49121,0.867022,-4.4187,3.91873,8.6724,5.54182,-9.16349,0.33565,-7.28274,-5.976,-2.31066,0.295087,6.35168,-44.408,-952.088,-268.4,15680,6860,-11900
-8.88124,-9.57999,0.340928,-4.29417,0.731078,8.95354,3.23917,8.83629,-6.77914,-2.85199,4.1672,-9.87947,9.52841,18.8708,-4.61692,11.3194,-43.432,-956.48,-271.328,15680,6300,-11900
-14.5157,-32.0123,0.808757,-29.311,-8.12995,23.7415,-7.64105,7.99563,-25.1943,-7.74393,-4.33217,-20.7758,10.633,18.3731,-23.3551,6.14862,-43.432,-957.944,-266.936,15400,5460,-11760
-20.276,-42.43,-4.72162,-32.0143,-8.62945,16.9953,-7.76906,-1.7642,-31.435,-16.1585,-12.1446,-24.7965,4.7832,12.7439,-24.3431,1.53497,-42.944,-955.504,-266.936,15400,4480,-11760
-20.3146,-24.6601,-11.3082,-12.0902,3.84731,-19.6439,-5.00361,-25.004,-22.5719,-19.2023,-12.2598,-13.8631,-7.22403,-16.5082,-13.0198,-14.4652,-42.456,-957.944,-264.008,15120,3920,-11760
-12.887,-2.39062,-15.0044,13.2161,5.90678,-40.5141,-0.631851,-27.0889,-10.0999,-11.2614,-5.50009,-4.16356,-13.7349,-46.7268,4.44654,-26.6353,-36.6,-958.92,-267.912,15120,3220,-11760
-8.8646,-8.17049,-13.7491,6.82176,-34.8407,-19.9168,-16.5379,-8.28442,-15.8655,-0.306445,1.80505,-12.6531,-10.2387,-37.08,1.53605,-25.1625,-34.648,-960.384,-269.864,15260,2800,-11760
-2.83993,-6.85353,-7.79789,-12.3753,-37.0794,-10.2641,-17.9289,-6.20905,-8.89894,4.06538,5.0329,-9.54981,-2.02456,-15.9098,-3.67763,-13.6704,-34.16,-958.432,-267.912,14560,2240,-11480
-2.82001,-7.96212,-9.9621,-30.2829,-15.511,-23.5097,-10.2409,-21.348,-1.0433,1.43947,0.441949,-7.91692,-4.22874,-23.3404,-11.8682,-17.8902,-31.232,-960.384,-268.888,14280,1540,-11200
0.662734,-10.4637,-0.0500463,-22.9435,-15.7755,-5.92268,-12.0476,-7.68482,-3.39282,3.93737,3.21883,-4.30568,4.00872,-3.32231,-16.1323,-12.0612,-29.28,-965.264,-269.864,14560,840,-11060
13.4014,9.85084,11.3949,-1.60451,-1.27322,10.9825,-8.63122,4.4375,15.9682,12.5521,7.19493,11.3281,7.73963,14.6659,-8.14924,1.70819,-26.84,-964.288,-272.304,14700,-420,-10640
8.48407,7.63697,14.7529,-4.45481,10.8975,24.7627,4.34642,14.8383,12.517,8.16739,0.200777,11.7049,8.49709,31.222,-4.78709,17.8675,-19.52,-964.288,-268.4,15120,-1260,-10220
-1.36446,-0.946097,12.2845,-4.84229,14.7256,37.4644,13.2616,27.1641,1.10558,-1.13351,-4.38968,5.31049,5.18833,36.0854,-1.62332,26.762,-19.52,-965.752,-271.328,15400,-1960,-9940
-9.88069,-9.03283,2.8852,-5.86199,14.0328,26.1784,9.57483,19.6003,-10.636,-10.6098,-19.4094,0.619502,-10.8312,26.4899,-2.54014,21.812,-15.128,-966.728,-264.984,15400,-2380,-9520
-17.3689,-10.6042,-20.5955,4.93738,17.1417,-13.017,6.44996,-5.03745,-26.0861,-22.2402,-18.3349,-4.37817,-20.0801,-18.3451,0.959551,1.18349,-12.2,-963.8,-267.424,15400,-2940,-9100
-19.61,10.1425,-36.4042,29.8989,7.13522,-53.5854,-1.72295,-25.5943,-16.2107,-26.4483,-10.2217,-10.6824,-26.1744,-61.1312,8.2387,-23.944,-13.664,-963.8,-264.008,14980,-3080,-8820
0.111906,14.82,-10.1576,26.3016,-18.2842,-25.6127,-7.67106,-11.4437,9.08982,2.45297,12.828,-10.21,2.83961,-24.1039,9.32994,-14.5359,-11.224,-960.384,-263.032,14560,-3500,-8540
16.0636,5.47071,13.537,2.42535,-15.8533,6.88227,-4.7014,-1.09621,16.7671,19.7564,23.3598,-1.69145,22.0891,8.72102,6.59226,-0.156166,-9.272,-961.36,-264.496,14000,-3920,-8540
32.9466,9.73697,33.9419,-5.00336,10.1829,32.667,12.7504,15.6322,25.1404,32.8823,23.6716,20.5578,26.6756,33.9879,11.7396,19.5304,-8.296,-962.824,-264.496,13440,-4620,-7980
42.72,34.5217,44.7207,23.7546,38.4534,34.9911,31.0551,23.0486,34.2984,35.9197,11.5384,47.4897,12.6788,50.4402,24.523,33.369,-8.296,-965.752,-262.544,13300,-4760,-7980
38.6415,50.7424,29.2837,38.6421,45.1006,9.35919,28.1119,10.7591,38.7955,22.8845,5.10624,52.879,2.24019,36.0621,27.4185,22.8357,-5.856,-963.312,-265.472,13160,-4900,-7700
15.824,28.6366,1.8019,23.0626,20.0461,2.8964,15.3551,6.04082,27.7121,3.08189,5.02883,18.1353,5.64466,14.0377,23.5848,11.9414,-4.88,-965.752,-263.52,12880,-4900,-7560
-0.186488,15.5735,-6.3626,17.0283,7.97776,3.14756,5.30948,2.48057,18.3896,-4.51856,5.82301,-5.29069,5.57177,-4.97596,17.375,0.480711,-4.392,-967.704,-265.96,12880,-4760,-7420
-12.3401,-8.63921,-13.2296,1.78932,-8.69409,-16.2099,-8.89108,-12.1085,-3.04231,-6.24379,-2.20609,-19.5191,-5.97575,-26.315,2.37402,-17.7497,-5.856,-966.728,-264.496,12600,-4620,-7420
-15.999,-20.1095,-3.93311,-0.371349,-9.55109,-2.88138,1.49189,3.21563,-21.7278,-5.54036,-5.24939,-15.9716,-0.238003,-5.74916,3.75118,-0.879909,-7.32,-970.144,-264.984,12740,-4060,-7000
-6.90625,-14.6076,0.596731,-14.514,-11.17,10.0262,0.0477289,11.4264,-12.3565,-6.86189,-7.07826,-7.59104,-2.87,7.18107,-9.56944,7.25486,-4.392,-970.144,-262.056,12740,-3500,-6860
-1.63808,-16.1,-1.20462,-27.7057,-7.95788,10.4623,-1.91506,14.5468,-5.49462,-3.95665,-4.14349,-4.76316,-4.76376,5.29902,-17.7724,7.86513,-6.344,-968.68,-259.128,12180,-3080,-7000
-6.99852,-14.2005,-4.78123,-21.7403,-4.33847,5.61076,-0.792011,11.4125,-10.5196,-4.75355,-1.61819,-7.77818,-0.698919,-0.988524,-15.6532,6.51814,-11.712,-968.68,-262.056,12040,-2520,-6720
-20.1362,-25.5354,-6.83335,-20.2425,-7.03878,-0.28465,-5.51716,-5.51875,-30.8756,-12.6556,-8.33464,-16.1057,-1.08916,-5.0419,-17.2882,-1.63961,-11.712,-966.24,-261.08,11200,-1960,-6720
-19.9948,-23.7802,-5.46401,-14.894,-10.5541,-3.10943,-13.3899,-18.8102,-29.0752,-11.1577,-7.98365,-15.7526,0.0435987,-7.87248,-15.6875,-14.7314,-14.64,-970.144,-261.568,10920,-1400,-6720
-11.8591,-7.75586,-5.77225,1.79556,-6.11308,-10.4851,-11.0791,-18.9604,-16.2629,-7.05888,-7.47387,-7.94683,-4.24583,-12.4619,-2.1866,-21.278,-16.592,-971.608,-256.2,10500,-1820,-6720
-4.47938,-8.70558,-5.35294,-3.93938,-6.89199,-16.6393,-11.011,-14.5163,-5.67421,-1.47524,-2.40551,-3.81147,-4.72736,-17.9492,-6.36561,-21.2815,-18.056,-968.68,-254.736,10500,-1680,-7140
9.44378,6.51962,-1.92224,3.31303,-6.71382,-21.099,-9.4572,-13.41,12.1575,4.60598,1.15707,7.57674,-6.20878,-17.5278,-6.9207,-15.2178,-20.008,-967.216,-258.152,10360,-1540,-7420
8.66463,7.52937,-2.34557,1.79321,-8.84198,-13.1464,-6.10315,-6.29275,7.4046,3.74892,-0.479475,6.65583,-5.69849,-8.36305,-2.71559,-4.66091,-19.032,-970.632,-257.176,10080,-1680,-7840
-14.6519,-5.53892,-13.1076,-11.552,-15.0038,-4.61925,-7.95402,-2.05022,-5.12594,-14.6393,-6.08625,-9.84989,-5.61916,-7.86712,-4.58875,-4.31952,-24.4,-970.632,-257.176,9940,-1820,-8260
-32.9319,-10.3325,-19.3307,-6.1736,-11.6812,-7.5821,-9.76452,-12.6993,-17.0434,-29.4377,-11.5892,-20.6427,-8.43911,-15.1889,1.23562,-15.9036,-27.816,-972.096,-258.152,10080,-1820,-8820
-16.5632,-12.2536,-14.6933,-6.07603,-14.4035,-10.9192,-18.5397,-14.6663,-15.3908,-12.0575,-4.80585,-18.0551,-7.43572,-14.6558,-3.37703,-21.6762,-31.232,-968.68,-256.688,10080,-1540,-9380
15.8426,0.643137,4.27653,-0.209159,-2.83864,3.82992,-8.08637,4.54368,5.37286,16.5247,8.13411,2.67274,2.96537,5.09985,-4.83599,1.03199,-32.696,-967.704,-258.64,9940,-700,-10220
21.3688,2.00478,6.25187,-10.4478,-1.39566,8.93885,-5.20124,9.42518,13.0635,15.3874,4.06699,7.3686,5.08744,10.6456,-20.445,10.6133,-34.16,-968.192,-260.592,10080,-420,-10640
19.0571,14.2341,9.32191,1.97655,10.5671,13.4983,4.06044,12.8341,20.0991,9.95645,5.87379,13.9895,8.8653,17.7492,-7.90451,16.4278,-37.576,-966.728,-258.152,10360,140,-11340
8.08761,13.7288,6.93264,9.95013,15.2948,13.0434,12.188,13.7464,16.0738,2.39112,3.48316,9.2532,5.46926,17.6414,6.14496,18.6767,-40.016,-966.728,-257.176,10640,420,-12040
-5.28044,3.98209,4.58346,5.69355,13.3257,12.4743,12.5563,11.5725,-2.2805,-4.2935,-0.0406644,3.45115,4.3727,15.3021,3.79174,16.8201,-41.968,-963.8,-258.64,10920,0,-12180
1.149,8.98239,7.26689,15.0491,18.8499,7.58613,19.6619,4.97414,-2.28679,2.18534,3.88967,8.3309,2.38883,11.0106,15.1131,13.8688,-45.872,-965.752,-261.568,11340,-420,-12740
5.83992,9.16905,5.11548,16.892,14.7473,0.747083,17.7058,1.44816,1.32685,4.73211,3.41916,7.83657,0.101348,4.22036,19.2293,6.13539,-43.432,-964.776,-266.448,11480,-1680,-13160
6.71531,8.43888,4.33086,11.1548,6.49701,0.366778,9.17935,0.773397,7.38373,5.91037,5.39252,6.23623,2.40937,0.654758,13.0179,2.21563,-39.04,-959.896,-265.96,11900,-2380,-13440
6.93374,9.73651,4.59307,7.11211,1.9196,1.26516,4.78125,3.3675,12.4713,7.31579,8.04901,6.29112,4.2379,-0.817782,9.9621,1.60472,-40.992,-960.872,-265.472,12180,-2940,-13720
0.164054,0.244501,0.492889,-0.349841,-4.57713,-4.0046,-2.29841,-2.5287,4.92933,2.56431,3.1024,0.399231,0.0973933,-7.56448,3.97258,-6.31647,-42.944,-959.896,-263.032,11900,-3920,-14000
5.23759,-2.37969,1.52394,-4.32572,-7.89924,-6.25656,-5.51312,-4.94648,7.83408,7.40501,6.19886,0.961902,0.691145,-6.91711,-0.966022,-8.03769,-40.016,-960.872,-261.568,11620,-4760,-14560
2.21077,0.43194,3.20301,-2.4176,-4.48973,-4.11181,-2.40964,-3.57696,6.03982,4.52435,-2.10542,1.83828,-0.197396,2.96104,0.0823116,-1.26059,-38.552,-958.432,-257.664,11480,-5600,-14840
4.54221,8.24971,8.00519,4.56551,6.7985,7.45489,5.41983,6.74303,6.34271,6.05054,-1.36775,8.38181,4.01103,12.0724,5.25948,7.60384,-39.528,-956.48,-256.688,11620,-6300,-14840
-9.38322,-11.5326,-3.0355,-8.34946,-3.4781,1.8553,-3.36962,2.54463,-10.2919,-3.85107,-7.54191,-7.87574,-3.2855,-0.663786,-4.7865,-0.924479,-36.6,-957.456,-260.104,11760,-6860,-14980
-19.0566,-22.2687,-5.7416,-11.0037,-6.38934,-2.21688,-6.56563,-2.98604,-27.871,-8.26482,-10.7679,-14.2041,-5.61406,-6.21423,-9.53533,-5.46278,-37.576,-955.016,-262.544,11480,-7420,-15120
-14.6895,-13.5012,-0.871276,-7.28407,-4.4434,0.391814,-6.09229,-3.4374,-20.4067,-5.27433,-5.92211,-7.74708,-0.236905,-3.55775,-9.68928,-4.50099,-35.136,-952.576,-266.936,11340,-8120,-15260
-8.87246,-5.60724,-5.14606,-6.577,-5.46954,-3.17038,-2.37807,-1.05151,-5.39124,-6.74642,-5.60036,-6.77406,-3.40816,-6.44066,-5.20857,-2.96039,-38.552,-951.112,-264.984,10780,-9100,-15540
-2.24702,1.92183,-2.46391,1.20991,0.771678,-2.37514,6.06364,6.40356,-2.5515,-1.21589,0.647805,-0.638259,-1.41339,-8.34842,4.43733,2.53348,-34.16,-949.16,-264.496,10640,-10080,-15820
1.1875,1.48731,-0.566072,3.34356,0.617109,-7.30783,5.66552,1.50416,-4.57931,2.06539,3.31935,0.74364,-0.868709,-5.78654,5.60381,1.53881,-28.304,-950.624,-264.984,10500,-11200,-16380
6.51165,7.33106,4.13434,2.96986,2.04147,-2.22578,4.29795,-3.99297,5.59107,2.62219,5.19593,5.92828,3.3387,6.78353,5.59113,3.65054,-24.888,-954.04,-267.912,10080,-11620,-16520
1.71733,3.59452,0.936259,-0.528772,4.05626,5.67723,4.64745,-1.91585,-0.313581,-5.34341,1.69818,1.82598,3.98518,7.59312,7.11671,3.4993,-24.888,-954.04,-266.936,9660,-12180,-16660
0.203276,-0.137898,-6.46273,2.73052,2.03304,-1.65828,-0.824631,-0.59173,-3.77765,-10.0389,-3.27656,-3.33195,-4.07774,-3.11792,6.21582,-4.56882,-20.984,-955.016,-268.888,8960,-12180,-16660
13.5495,11.1467,0.3555,12.8038,4.64292,-1.08291,-1.71884,-2.67812,12.2068,2.38335,3.79316,5.63342,-0.534699,-1.3481,6.22153,-4.12463,-20.984,-959.896,-264.496,8960,-12180,-16380
18.0342,8.90416,2.00318,3.26089,-2.17458,-0.684106,-9.91055,-7.75047,15.2141,9.37899,9.30212,5.47472,2.7121,-1.53528,-6.5888,-9.34402,-18.056,-958.92,-264.008,8820,-12600,-16100
13.7494,4.53995,-0.158378,-5.2693,-6.14842,-2.12977,-11.8958,-5.87637,16.1643,7.33043,6.08026,1.62593,-0.216105,-4.30335,-15.4467,-7.20691,-21.472,-958.92,-258.64,9100,-13160,-16240
9.87294,4.35237,3.48718,-0.454743,1.35653,4.51129,-0.782818,3.76743,13.857,7.70881,5.07095,3.29866,2.71875,3.24703,-5.85425,4.41659,-22.936,-959.896,-258.64,9240,-13720,-16240
-2.20429,-3.68986,-0.815958,-4.94352,-1.77629,1.94535,-0.974288,1.90671,3.35507,-3.19679,-5.94772,-3.02057,-2.64102,1.56491,-6.33635,3.22741,-23.424,-961.36,-259.616,9380,-14280,-16380
-8.36511,-2.12906,-0.486792,0.695425,4.16737,6.85366,6.66753,8.59883,-8.67686,-8.65138,-7.57028,-1.15226,-1.25221,6.37385,1.1568,9.94739,-20.984,-962.824,-262.056,8820,-14420,-16520
-11.9423,-9.55031,-3.78987,-6.39577,-3.21201,2.97822,-1.63504,3.91277,-11.0056,-8.66745,-6.77803,-7.27026,-2.67322,2.32201,-6.40079,3.47008,-17.568,-963.8,-262.056,9100,-14280,-16800
-6.00847,-7.46902,-1.24393,-5.64333,-2.56351,2.23136,-3.38858,0.73633,-3.10575,-1.27999,-2.3078,-3.93639,-0.499454,0.821428,-5.21384,0.344482,-20.008,-963.312,-261.08,8960,-14420,-16660
-3.98567,-4.99249,-1.5729,-3.82184,-1.2335,-0.783154,-2.83814,-1.50173,-2.39841,-0.28408,-1.88345,-0.678892,-0.533663,-2.59045,-3.21685,-1.86579,-22.936,-961.848,-262.056,9380,-14700,-16800
-2.90031,-4.71356,-4.05185,-2.60728,-3.5507,-5.31429,-2.01055,-5.14112,-1.96567,-1.20611,-2.53902,-2.16434,-2.7841,-6.04942,-0.274194,-4.48093,-23.424,-967.216,-259.616,9240,-15120,-16660
-2.59305,-2.4289,-3.10834,2.83462,-0.651842,-4.30833,4.3677,-0.879416,-2.54665,0.678857,-0.552081,-0.778215,-1.10197,-3.61151,6.65404,0.637933,-24.4,-961.36,-261.568,9520,-16100,-16660
1.18604,12.256,1.04006,12.4553,4.45533,-2.81802,6.38968,-1.97684,7.24497,1.53551,-1.37506,6.6228,0.70543,-0.189268,8.15777,0.508135,-20.984,-962.824,-259.128,9940,-17220,-16660
-6.32373,7.35652,-2.13151,9.64784,1.64464,-3.29048,3.36163,-1.51379,1.65552,-6.06971,-3.54776,1.02974,-1.95279,0.102752,10.3072,-0.795455,-21.96,-970.144,-260.592,10220,-18060,-16660
-11.4623,-2.08105,-0.976805,-0.408046,0.826892,1.71921,0.936343,4.488,-5.70554,-7.55372,-0.912829,-1.37613,1.73204,3.55824,3.17893,3.64819,-25.376,-972.096,-257.176,10920,-19460,-16660
-9.72311,-8.7349,-1.39106,-8.85997,-3.91032,1.8286,-5.05508,1.92032,-15.9927,-5.30098,-2.93608,-4.81982,0.93846,1.90243,-7.73658,-1.75817,-18.056,-968.68,-257.176,11340,-20720,-16660
6.88871,-5.15795,2.84892,-6.81775,-0.775475,4.28968,-1.15791,2.30663,-5.44255,9.80529,7.48909,0.461474,3.69475,2.98331,-4.8972,-1.03226,-15.616,-971.12,-256.688,11760,-21560,-16660
13.3125,8.44204,5.44093,7.26489,6.64272,2.89354,4.57573,-2.54803,9.01027,10.9655,6.06365,7.67366,3.56076,3.8826,6.56178,0.800702,-17.568,-972.096,-249.856,12180,-22680,-16660
8.39575,8.09699,2.17018,6.3834,3.84468,-1.85564,2.0487,-2.23353,9.99268,3.71914,0.772889,5.43018,0.724123,-0.744904,3.67754,-0.475681,-14.64,-972.096,-250.832,13160,-23660,-16240
5.89158,0.755668,0.204025,0.773193,-1.01689,-4.46823,0.0493821,-1.68366,6.2464,3.53226,3.58679,0.860891,0.38434,-3.82144,3.78182,-2.86286,-16.592,-971.608,-249.856,14280,-24920,-16240
-7.5794,-12.1396,-0.467031,-6.77124,-5.78104,-5.33113,-5.16079,-5.83492,-18.4738,-1.3089,2.28687,-7.49901,0.2504,-4.84749,1.32104,-8.04568,-16.104,-971.12,-252.784,14280,-25480,-16240
-11.3557,-15.9177,2.75513,-12.8255,-6.43839,-2.02536,-11.1328,-4.9575,-27.6897,0.674435,3.69185,-6.63508,2.82381,-1.88297,-10.2881,-8.89024,-9.76,-973.072,-249.368,14280,-25900,-16100
0.913725,5.87251,4.79929,5.52899,3.26173,0.95924,-0.0415535,4.81328,-0.666314,1.5457,0.528288,2.8489,0.836109,2.34123,2.42548,2.85867,-9.76,-971.12,-248.392,15120,-25620,-16100
8.17282,15.8613,4.64464,11.2836,6.50571,3.16276,8.82453,8.95916,12.9686,3.04822,1.25449,5.99968,0.61019,4.54085,8.17359,10.9834,-5.368,-968.68,-248.88,15120,-25760,-15960
2.60824,-0.677394,1.60633,-2.04637,0.441331,2.79985,6.1478,1.28528,3.88501,1.3733,2.44405,-1.44416,0.264993,3.30656,-0.306811,8.49178,-5.856,-967.704,-251.808,16380,-26460,-15540
1.43391,0.927299,-0.197407,-5.04605,-2.0224,0.844433,-0.722326,-5.61133,9.5116,-1.23786,-0.595285,-0.587881,-2.04834,0.551985,-6.44532,-1.86919,-8.784,-970.632,-250.832,17080,-26600,-15400
6.10608,5.51459,0.492317,-1.47702,0.31279,0.32818,-3.00244,0.30766,14.8834,2.5374,1.99831,3.15864,-2.132,-1.21605,-6.19581,-4.86756,-5.368,-969.656,-251.808,17780,-26740,-14980
4.02018,5.91778,-0.251429,4.42844,1.82886,-0.0477343,0.47216,4.33149,8.54926,1.67672,1.49187,2.09263,-2.23176,-2.33056,-0.782019,0.972191,-5.856,-974.048,-252.784,18760,-26460,-14700
-2.86232,0.771595,-3.3318,-0.277232,-1.51485,-1.00412,-1.74961,1.2165,0.548815,-2.59542,-2.85028,-1.403,-2.93976,-3.45478,-7.41607,-0.0522592,-1.464,-973.56,-251.808,19180,-26740,-14280
-2.32147,-2.44602,-0.574537,0.812694,2.524,3.35814,5.11647,5.37759,-2.53978,-1.17303,-2.40453,0.720763,0.670554,1.86307,0.86814,4.83717,-5.368,-974.536,-250.344,20440,-26740,-13860
0.023041,3.08624,-1.49603,4.11024,0.950204,-0.00244744,3.38024,-1.57594,4.28166,-1.58586,-6.32305,2.22794,-1.05149,1.71722,3.53489,0.773693,-6.344,-974.536,-252.784,21980,-26600,-13300
1.74456,0.0712655,2.08402,1.26198,2.58036,3.44448,1.53732,-2.65057,2.84116,1.11929,-2.23249,4.32464,2.50276,3.61782,0.371902,-0.583292,-6.832,-977.952,-249.856,23100,-26600,-13020
1.76335,-4.36568,0.836128,-3.40403,0.0945062,3.80607,0.489171,-1.44708,1.22898,-0.157407,-2.17115,0.538891,2.53049,1.63996,0.671976,-0.393355,-8.784,-975.512,-245.952,24360,-25900,-12600
0.79196,-3.06079,0.209304,-0.729971,0.953587,3.61546,1.84723,2.32721,2.11968,-1.17418,-0.588738,-0.766354,2.29287,2.54163,6.8822,2.90112,-11.712,-976,-244.976,25200,-25760,-12180
-6.90883,-10.6492,-3.65373,-1.96601,-1.62082,0.172052,0.157977,1.27128,-10.908,-5.22857,-1.36927,-6.40701,-0.729303,-1.57286,7.69822,1.27896,-13.176,-976,-245.952,25760,-24500,-11900
-5.9391,-2.97578,-5.93895,2.39985,-2.52131,-5.57084,-1.95457,-2.78119,-6.63547,-7.6208,-4.60916,-4.84401,-5.1645,-6.28349,3.99518,-2.5454,-17.08,-975.024,-243.024,26880,-23940,-11620
-4.2978,-8.605,-6.41122,-5.82233,-7.46243,-6.24262,-3.35731,-2.80175,-5.17417,-6.04205,-3.65259,-7.01425,-4.62913,-8.21523,-2.32753,-2.7062,-15.128,-969.656,-243.024,27300,-23100,-11340
1.13521,-5.5948,-3.55353,-7.84087,-7.65485,-3.82292,-4.26694,0.715581,4.09112,-1.10111,-0.0715485,-5.07584,-1.3741,-6.53644,-6.30389,-2.08643,-17.568,-973.072,-237.656,28280,-22400,-11060
-4.97898,4.96319,-1.96166,0.271061,-3.25293,-2.80395,-4.52726,-0.770535,-6.41155,-3.30947,-1.74726,-2.47231,-1.95881,-2.84043,-6.35362,-2.06155,-20.984,-969.168,-239.608,28420,-21980,-10920
-4.01076,4.98425,-0.588022,-5.46622,-2.16396,-0.860714,-6.2879,-1.14892,-7.67512,0.0105719,1.05897,-0.944374,0.402839,-0.487421,-13.3138,-2.03287,-21.96,-972.584,-235.216,28280,-21420,-10640
-7.11339,-8.95147,-5.18383,-12.7103,-5.18881,-3.20764,-5.86321,-2.84689,-11.7627,-3.71806,-1.87862,-7.33599,-3.30536,-2.37529,-8.72771,-2.98757,-21.472,-971.12,-236.68,28420,-21280,-10640
-2.51271,-11.2773,-0.669415,-3.90999,1.67704,1.73736,1.67651,1.96999,-9.53564,1.27485,3.70702,-2.991,1.23777,2.81803,3.99172,2.18079,-24.4,-970.144,-235.704,28000,-20860,-10640
4.65034,-5.78314,1.55058,-4.47431,-0.0440131,-0.165799,-2.16214,-2.52884,6.79317,4.84656,3.94365,-0.382622,2.24152,0.93822,-2.30033,-1.47988,-25.864,-970.632,-233.752,27720,-19740,-10780
6.9477,11.443,2.50356,11.4144,6.77924,0.713828,4.7298,-0.423403,13.08,3.7969,1.60441,5.44339,1.28113,4.17554,6.92708,3.35196,-27.328,-973.072,-236.192,27440,-19180,-11060
1.10381,14.1937,3.22979,20.7918,11.3443,2.02664,9.4244,2.80196,0.0915405,0.922954,1.73102,6.3283,2.22129,5.99808,16.6889,5.10938,-28.792,-968.68,-229.848,27160,-18620,-11340
3.64245,20.5037,6.17668,24.8601,13.6351,2.28678,10.4122,1.72966,2.86382,3.66417,2.74357,11.2118,3.64799,7.13582,17.3942,4.00249,-31.72,-969.656,-234.728,27160,-18480,-11480
19.7482,34.439,13.4113,18.5345,13.8897,4.95036,3.91331,0.870707,30.7362,13.6289,8.21137,23.8075,7.24346,9.75123,1.63109,1.7668,-29.28,-966.24,-232.776,26320,-18760,-11900
9.51618,0.795382,4.66308,-9.47813,-3.18655,1.89412,-4.45017,-0.917965,11.0646,7.31993,5.68952,5.0609,2.8907,2.33403,-9.33989,-3.53886,-27.816,-963.312,-232.776,26040,-19320,-12460
-2.62835,-12.4963,0.250102,-2.4789,-2.65191,4.16159,4.28602,5.36703,-9.08652,0.415512,0.67332,-3.94051,0.601738,3.23205,7.8316,4.01675,-28.792,-959.896,-231.8,25200,-20160,-12880
0.235444,-1.89326,1.6233,-4.56763,-3.28368,3.34229,-1.46108,5.31977,-0.157349,1.40608,0.43597,0.572921,0.600047,1.01858,-5.59392,1.94434,-29.28,-961.848,-228.872,24220,-21980,-13300
5.88323,11.8451,4.74902,0.350874,-0.137151,0.609304,-5.93189,-0.0434258,7.77344,4.35655,1.13675,7.35969,1.3106,1.08901,-13.8532,-3.68883,-24.888,-963.8,-231.8,23800,-23240,-13720
-4.36117,-6.45319,0.332993,-6.63693,-2.88188,-2.4432,-3.38306,-4.04666,-14.1595,-0.173179,-0.193874,-1.4804,0.137183,-2.22478,-8.10925,-4.90315,-23.912,-964.776,-228.872,22260,-25340,-14420
-13.0636,-25.4568,-8.5158,-14.1613,-9.54916,-6.64791,-0.381057,-5.0123,-24.1006,-8.84341,-5.91226,-14.9857,-4.45491,-7.80409,2.52785,-3.53656,-23.424,-962.336,-224.968,21420,-27440,-14700
-8.13659,-19.4645,-10.1142,-11.3348,-12.0376,-7.74189,-3.33013,-6.09125,-10.029,-9.74683,-6.72866,-16.3037,-6.35651,-11.0217,3.15419,-5.24089,-17.568,-958.432,-230.824,20160,-29120,-15120
-1.24729,-7.77494,-3.71727,-6.68975,-6.37014,-2.76374,-3.45736,-0.640671,-1.4085,-3.6254,-0.323096,-7.41335,-1.20308,-6.54698,-2.15942,-4.00146,-9.76,-955.992,-229.848,19040,-31080,-15400
-0.98088,-1.85212,-0.573313,-2.33263,-2.34074,-1.34367,-3.05924,-1.70413,1.62095,-1.97398,-1.35843,-1.30552,-1.06173,-3.43049,-4.0373,-3.55537,-12.688,-958.92,-232.776,18480,-32340,-15540
2.87177,2.75583,4.15226,2.75607,4.63641,3.77241,2.76483,0.339374,8.52713,2.54492,0.601838,6.2248,1.03404,2.08743,2.87459,2.092,-7.808,-956.968,-238.632,18200,-34020,-15820
-1.08676,3.65204,2.54217,6.42565,5.24407,2.49352,2.51154,-2.01975,7.28736,-1.82078,-5.79226,3.51136,-0.973767,2.94969,6.22373,1.99023,-2.928,-958.432,-235.216,17080,-35420,-15820
-0.626445,11.7956,2.58627,16.3982,10.1448,4.99846,8.39346,3.55826,5.95005,-1.06123,-3.88415,6.23202,0.0792828,7.02828,14.2638,7.42461,0.488,-955.504,-243.024,16240,-36400,-15820
-9.32586,0.0655433,-3.39357,7.97152,4.62391,1.78496,5.82526,5.39971,-11.6006,-4.19832,-3.57741,-1.55762,-3.34007,1.89531,9.89344,6.75692,0.976,-955.992,-240.096,15680,-37100,-15820
-2.09861,-8.01354,-4.40405,-9.77759,-4.51636,-1.92018,-3.90244,0.999189,-2.58554,0.0400422,1.56118,-5.0458,-3.11872,-3.79024,-9.28757,0.92254,5.368,-956.48,-244.976,14980,-37240,-15820
6.98497,3.31497,-1.70864,-7.48627,-4.24781,-1.45738,-5.72673,0.530099,13.034,3.45418,4.70609,0.492009,-0.007724,-2.08425,-14.1039,-0.488318,2.44,-958.432,-244.488,14840,-37800,-15540
1.24325,-8.75883,-3.38468,-16.4696,-8.00477,-0.770142,-7.02426,0.669947,-0.48477,0.255332,3.50484,-5.74812,1.33889,-3.24788,-17.5798,-1.77733,3.416,-955.016,-248.392,15260,-37940,-15400
-3.93416,-7.12693,-0.4596,-0.598113,0.339494,0.0297917,0.982098,-1.53411,-12.7921,-2.19725,-1.15836,-2.98227,1.22677,0.174435,1.87735,1.05052,5.368,-957.456,-245.464,14560,-38080,-15120
0.86824,11.0136,5.24501,12.1563,5.88171,1.48358,1.17375,-0.070872,-3.22689,1.99524,2.10601,5.45161,3.89806,2.42978,3.6402,-0.24567,2.44,-958.92,-251.32,14560,-37940,-14980
3.62003,7.88394,-0.342104,3.34336,-1.11431,-3.52086,-3.80774,0.670131,8.86948,-1.00449,-0.784248,0.224917,-2.00566,-1.79473,-2.85859,-3.36512,2.44,-961.848,-250.344,14560,-38080,-14980
6.4353,8.17929,0.636029,6.85609,3.69629,1.25121,4.63252,4.85336,12.849,2.36607,1.20145,2.68115,0.04347,1.97581,9.21614,3.92387,0.488,-963.312,-251.32,14420,-38500,-14700
-2.78783,-5.39956,-3.85636,-3.09138,-1.62173,-1.1795,2.72252,-3.0513,-1.69549,-2.67807,-1.99863,-5.07072,-2.30134,-2.39556,5.86058,1.86539,2.44,-961.848,-249.856,14840,-38640,-14560
-4.80795,-10.1863,-3.59169,-9.09379,-5.54206,-3.26578,-4.07111,-6.95598,-5.49314,-2.47094,-0.586483,-6.30972,-0.814162,-4.75973,-4.0891,-5.68029,1.464,-961.848,-246.928,14140,-38640,-14420
-1.96403,-1.3442,0.958913,-0.450521,0.650736,0.519407,-2.57301,-0.834453,-5.24319,0.669058,2.30266,1.6761,3.54498,0.571257,-3.57765,-3.73411,-1.952,-967.216,-244.976,14000,-38780,-14280
-2.66756,9.46089,0.627011,11.056,5.24646,-0.576208,2.91313,-0.391154,-4.52896,-3.55072,-3.89279,6.02935,-0.39497,2.79573,5.5857,0.762561,-0.976,-966.728,-245.952,13720,-38920,-14000
5.58659,12.4679,4.606,12.1274,7.63036,3.77881,8.01553,4.66264,6.88101,3.09224,2.76434,8.76086,3.0229,5.56524,7.93003,5.14373,-0.488,-966.728,-249.856,13720,-39200,-13580
2.55313,-6.49261,1.00004,-4.45928,-0.392071,2.50304,4.87441,4.88376,-0.572702,3.52072,3.16759,-1.59292,1.63117,1.23084,2.82468,4.31544,-4.88,-966.24,-248.88,13300,-39480,-13300
5.96473,-2.23062,3.46444,-7.34247,-1.61206,4.21196,1.38179,2.53436,6.64522,6.59761,3.9984,1.06831,3.8918,3.1918,-4.0316,1.35097,-0.488,-971.608,-248.392,12600,-39900,-13020
2.8447,0.00496706,4.78405,-7.65659,-1.05124,2.84821,-2.27742,-0.513544,0.997077,4.50448,2.66069,1.89838,3.43054,3.5586,-10.0013,-2.65412,-1.952,-975.512,-249.368,12460,-40040,-12740
1.0651,-3.14953,2.25737,-10.6764,-4.24346,-1.8106,-7.7901,-3.40725,-0.350837,2.0849,0.349679,-0.552995,1.0146,-0.372985,-10.3937,-7.51133,-1.952,-973.072,-247.904,12040,-40180,-12460
0.363287,4.47656,1.2098,6.48426,3.78405,0.609243,1.45531,2.53599,0.973292,1.09916,-0.898398,2.05144,0.783454,1.90804,6.49044,0.883566,-6.344,-973.56,-247.904,12040,-40320,-12180
2.73579,11.8535,2.47659,11.9176,7.1749,1.17116,4.65949,2.82209,4.07249,1.64647,-1.75959,7.32474,0.209594,3.31657,7.31668,2.99284,-2.44,-974.536,-247.416,11900,-40320,-11900
6.30235,7.48124,0.0973175,4.67626,1.07699,-2.14429,0.684474,-2.3698,11.1614,3.07717,0.677659,4.53364,-1.1306,0.11735,2.21112,-0.501071,-0.488,-976,-249.368,11760,-40740,-11760
6.91242,-0.00892333,-1.53502,-0.956754,-2.46734,-1.50138,0.344765,0.0293552,11.4981,4.07144,5.24804,-0.435699,-0.412068,-1.75815,3.96284,1.07076,0.488,-979.904,-249.856,11620,-41020,-11480
-4.32823,-13.5933,-7.86648,-9.94665,-10.9255,-6.3178,-5.82468,-4.42792,-2.89181,-5.39645,-1.91264,-11.3378,-6.58724,-8.13315,-1.20799,-4.66037,-2.44,-979.904,-248.88,11200,-40740,-11480
-2.5842,-3.03634,0.603417,2.86539,0.761615,0.159863,1.00813,-0.968067,-5.34943,-1.21019,0.830117,-1.46102,-0.985006,1.03679,5.29505,1.01578,0,-979.904,-244.488,11060,-40600,-11060
-11.3973,-3.00177,0.76793,2.55533,1.0758,0.985545,-1.87663,-3.74287,-18.8975,-4.66371,-3.03634,-1.29851,0.0417667,2.38801,-1.36415,-0.590311,0.488,-980.392,-244.976,11620,-40180,-10920
-16.9654,-5.42317,0.743238,-0.799008,1.58173,2.72874,-1.82434,-1.2581,-26.1804,-7.4037,-5.5171,-1.91,-0.3953,2.79993,-7.14851,1.13339,1.952,-978.44,-250.344,11060,-40040,-10920
-7.56843,4.2718,-0.794298,5.28821,3.25468,0.359695,0.753896,0.0452045,-7.56291,-6.45738,-8.27878,1.54814,-3.85198,1.56017,-1.79977,2.26369,-0.976,-981.368,-244.488,10640,-40040,-10780
-3.79287,7.60605,-4.47998,7.85997,0.563842,-3.26498,0.104438,-1.70647,0.279709,-6.23441,-9.69714,-0.335207,-6.96735,-2.79225,1.04519,0.200328,1.464,-982.832,-244.976,10640,-40040,-10640
2.52075,4.87272,-1.60075,4.49854,0.956633,-1.63321,2.12637,1.30423,9.1396,-1.45495,-3.7684,0.652049,-2.49296,-2.97238,2.74339,1.93414,1.952,-981.368,-247.416,10640,-40180,-10500
5.44713,-4.71832,-3.05049,-2.51594,-3.2538,-2.16579,2.84252,2.01221,10.9653,1.05033,1.24674,-3.88014,-1.18678,-5.42346,7.06216,2.28555,2.44,-981.856,-243.512,10640,-40740,-10220
2.11622,-11.664,-3.56371,-9.07285,-7.47568,-2.95915,-3.22571,-2.48211,0.165837,-0.0939648,2.8425,-6.63061,-0.427341,-5.44099,-0.378903,-3.36939,1.952,-982.832,-245.952,11340,-41020,-10080
-1.56109,-14.4078,-1.30359,-10.7913,-7.19373,-0.802955,-7.75918,-3.94443,-10.3907,0.0734009,5.62419,-6.96813,2.71851,-4.14001,-7.39243,-7.56291,2.928,-985.272,-247.416,11060,-41160,-9800
0.177635,-7.27243,-1.61104,-6.04319,-4.62889,-1.09222,-5.72624,-3.56141,-2.67155,-0.731948,2.89521,-3.6927,0.532452,-3.07999,-4.79255,-5.83542,3.416,-983.32,-245.464,11620,-41440,-9800
8.45356,8.46783,1.7873,5.83531,4.75045,3.87131,4.73408,4.51175,13.618,4.13276,5.5606,5.43558,3.09508,1.54261,6.98294,3.22196,4.392,-982.344,-244.488,11900,-41020,-9800
6.78031,7.90642,1.82876,4.66053,4.9853,3.59192,3.70131,5.35009,13.0934,3.00934,3.26561,4.57161,1.68762,0.815743,2.51394,3.88863,5.368,-979.904,-240.584,11620,-41300,-9660
6.34366,3.53655,2.04973,-3.45314,0.446024,1.49734,-1.03107,2.84371,12.293,4.29699,2.49051,3.31838,1.40504,-0.423542,-7.22249,1.07219,4.88,-983.808,-246.44,12040,-41160,-9660
8.30617,3.16083,3.24629,-6.45162,0.474821,1.41839,-0.412042,2.89562,12.1617,5.75856,3.65806,4.85669,2.60417,0.701278,-9.11131,1.98646,4.88,-981.368,-243.024,11340,-41440,-9520
-11.7939,-11.4378,-0.424183,-6.58304,-0.454626,-0.507858,-0.279028,0.0970758,-27.4699,-4.1763,-2.05925,-4.01325,1.09284,0.326823,-5.31143,-0.168961,6.344,-981.856,-242.536,11340,-41720,-9380
-19.8038,-19.1,0.47802,-9.7596,-2.47494,0.638347,-3.45424,-3.06397,-36.6311,-6.0115,-1.86222,-8.20954,3.49815,1.64754,-5.75986,-4.62404,5.368,-977.464,-242.048,11200,-42000,-9380
1.10672,1.98281,-0.125952,-6.11329,-2.40932,-1.18428,-2.95638,-2.57163,8.49384,0.709839,-1.04602,0.528744,0.643667,1.91885,-8.7825,-2.65433,8.296,-977.952,-241.56,11060,-42700,-9100
2.13752,9.69846,1.36883,8.95859,4.95991,1.75453,6.70568,4.94242,2.15323,4.03186,0.565362,4.70671,0.632052,5.82296,6.66343,5.26031,8.784,-976.976,-241.072,10780,-43260,-8960
-5.80205,-0.728077,-0.377748,6.98742,2.9089,0.932099,5.06249,4.17205,-11.3891,-0.682481,-1.99603,-0.693574,-0.599108,3.52984,9.23214,3.04511,7.32,-973.56,-243.024,10920,-43960,-8680
3.16492,3.349,-1.19371,4.61985,1.49099,-1.26094,2.38964,1.25621,4.2495,1.54957,-0.469655,0.994474,-0.511566,2.62195,6.2089,0.362627,5.856,-976,-236.192,10920,-44380,-8400
13.5652,16.3341,5.62938,12.7102,9.19487,2.5587,6.90579,2.27212,21.3562,6.78769,4.27757,10.748,3.95473,7.32931,10.5036,4.20165,7.32,-976.976,-237.656,10640,-44940,-8120
12.1415,20.7817,6.61203,19.6258,11.3041,3.49849,8.11481,1.70579,18.5579,4.78704,3.27404,11.0985,2.90946,6.43752,14.3052,5.63831,5.856,-976.976,-236.192,10780,-45360,-7840
9.70686,17.3202,3.54395,17.3318,7.31729,1.15262,3.31307,-1.77055,16.1597,2.04299,-0.293136,7.39033,-0.226269,1.81162,10.4452,2.07855,8.784,-976,-238.144,10500,-45360,-7700
12.3111,14.516,4.42808,8.46424,3.76308,2.45229,0.408861,0.303116,19.661,4.81987,2.92141,8.11582,1.82012,0.0112907,4.2048,1.25584,5.856,-975.024,-237.168,10920,-44800,-7560
3.79003,-5.49528,-1.2228,-12.1738,-8.51157,-3.48948,-9.12985,-4.54593,7.88097,0.0195868,-0.472267,-3.84174,-1.62381,-6.20664,-10.736,-5.02877,6.344,-974.536,-232.776,10500,-44520,-7560
0.308645,-8.53461,-0.494048,-13.2854,-6.091,-0.213603,-3.75886,-0.00510212,4.65566,0.0878913,0.579962,-4.58139,0.0447952,-3.3759,-7.18313,0.470933,6.344,-973.56,-227.896,10220,-44100,-7420
-9.45505,-17.8089,-3.94222,-14.7858,-8.19641,-1.76573,-5.85446,-2.85088,-12.2818,-6.18526,-4.00656,-10.128,-3.5437,-3.97262,-9.54063,-1.06836,9.272,-970.144,-228.872,9800,-43820,-7420
-3.8691,-8.24397,-0.328957,-10.9278,-6.36804,-1.39333,-10.5676,-6.24086,-7.96427,-1.08023,-1.09096,-3.16132,-0.860036,-2.26172,-15.5176,-6.53992,5.368,-971.12,-227.408,9100,-43820,-7420
-5.25656,-4.01973,-2.72966,-6.46437,-5.03023,-3.76065,-7.22862,-5.20589,-9.51883,-2.88449,-2.2386,-2.92794,-2.73471,-3.43194,-7.24211,-7.35996,3.904,-970.144,-223.504,8120,-43820,-7280
-7.85381,-9.14085,-6.85807,-10.2305,-7.4531,-5.71112,-4.28199,-2.51647,-11.9164,-5.47597,-4.27271,-7.21898,-5.42193,-6.32362,-5.07658,-4.20782,2.928,-966.24,-221.552,7980,-43960,-7280
-19.4368,-16.2061,-5.19222,-5.88372,-3.57745,-2.04199,2.33712,0.568242,-30.6626,-7.42722,-4.62113,-9.7214,-3.22659,-2.37156,1.77095,1.87747,-0.488,-965.264,-220.088,7700,-44520,-7280
-15.1331,-5.65972,-3.01277,5.45526,1.87794,-1.93381,5.11645,-2.54288,-19.9912,-6.25832,-4.30577,-4.63007,-2.50701,0.291143,6.31925,0.34618,0,-961.848,-220.576,7280,-45080,-7280
-2.72948,10.5514,-2.7219,17.6844,7.35444,-0.889235,12.2509,1.73991,-0.384926,-4.97957,-5.04417,2.38495,-3.73641,1.41367,15.9496,4.76219,2.928,-963.312,-220.576,6580,-45640,-7000
-4.61369,-5.64489,-4.59186,-0.31638,-0.580157,0.353566,6.57494,4.97648,-7.07296,-4.71184,-2.97032,-4.06041,-2.79868,-2.18026,5.57443,4.15944,0.976,-966.728,-218.624,5880,-46480,-6720
-1.16781,-4.59023,-4.59452,-6.97823,-5.02739,-2.03937,-3.25295,-1.24674,0.247989,-2.53545,-2.79776,-3.56921,-2.44072,-4.57853,-6.23727,-2.73547,2.44,-962.824,-220.088,5740,-47180,-6720
-0.11868,-3.56625,-0.805552,-2.0608,0.0846378,2.96408,0.828237,4.999,-1.76142,1.27892,2.12805,-1.0856,1.90441,0.470616,-1.71585,1.1901,-1.464,-963.8,-227.408,5880,-47740,-6300
1.52936,0.6301,-0.101576,-4.16381,-2.72097,2.69801,-4.74841,1.43805,4.3308,1.0274,1.32841,-0.263678,1.80026,-0.688938,-7.64914,-3.39039,-0.976,-962.824,-222.528,5880,-47600,-5880
0.258075,6.95196,2.17619,8.41367,5.25438,4.75717,3.55374,4.50222,-0.0355621,1.48564,0.179657,4.17201,2.52538,3.58146,7.50209,1.9606,0.976,-963.312,-223.992,6300,-47600,-5600
5.0784,7.01451,5.79594,10.8944,9.32104,7.7044,10.4201,11.9305,5.09211,7.1124,6.72627,7.15175,5.502,6.89104,14.5716,9.90264,0.488,-961.848,-223.992,6300,-47320,-5320
11.5975,14.0695,6.6558,11.1372,7.63162,4.34643,7.02534,5.60412,20.1622,8.23704,5.26079,10.4105,3.16182,6.29417,7.22425,8.03023,-1.952,-958.432,-223.992,6580,-47040,-5040
14.8492,11.0483,8.44657,2.5268,4.95325,4.10189,2.15053,-0.681168,22.1058,13.1951,9.80923,10.9336,5.79808,6.38501,-4.09035,4.45788,-6.344,-959.896,-225.456,6300,-46620,-4620
8.18796,3.04592,3.48723,0.1924,1.38601,-0.809604,-3.53529,-9.2948,11.0877,7.78271,7.5334,4.45747,2.72239,1.77343,-2.47572,-5.12107,-5.368,-956.968,-226.432,6160,-46200,-4340
7.18414,0.988013,2.52951,5.04923,0.374406,-3.01204,-10.9479,-11.9998,7.86753,5.99039,7.83868,2.98704,2.86352,-0.824815,7.08403,-17.8697,-5.856,-956.968,-226.92,6020,-45920,-4060
11.0201,5.68092,3.18298,0.131186,-2.95827,-4.24007,-16.1678,-10.1638,17.2099,4.86019,6.02325,3.71592,2.5258,-1.46906,-4.69442,-17.2751,-2.928,-954.04,-228.872,5880,-45640,-3920
-4.18733,-8.99888,-0.619695,-10.8681,-7.18461,-3.01774,-11.8344,-2.2799,-12.2394,-3.81394,-2.93324,-5.55339,-0.306063,-2.35589,-17.3589,-4.34865,-7.32,-951.6,-222.528,5600,-45500,-3640
-6.62148,-10.2611,-0.17008,-13.1459,-6.40575,-0.375109,-6.54761,3.05325,-15.8561,-6.07715,-3.11741,-6.40493,0.32931,-2.14012,-20.3744,3.08661,-6.832,-951.6,-226.432,6020,-45360,-3500
3.42622,4.64215,0.196232,-1.29526,0.478882,-0.705383,7.28797,6.78926,4.75057,-3.83326,-3.02603,0.780147,-2.06725,-0.359269,-1.502,10.2528,-4.392,-948.672,-225.944,5740,-45360,-3220
-2.38811,0.212391,-1.47619,0.762433,1.11359,-3.48961,8.83314,3.21736,-4.52008,-7.16233,-8.21676,-1.37519,-4.37542,-1.72222,5.81035,8.21922,-7.808,-952.088,-221.064,6020,-45780,-3080
-4.60498,-2.07192,-1.39573,3.07338,2.29273,-1.94307,6.44275,3.26591,-9.97021,-5.9637,-6.15592,-2.8018,-2.66968,-0.127508,8.32626,6.49103,-5.368,-951.112,-224.48,5320,-46200,-3080
-6.45554,-4.7873,-2.96564,3.65238,0.492618,-2.21938,3.14829,0.51139,-12.7636,-6.00041,-6.63214,-4.90827,-3.07893,-0.869022,9.35533,3.08149,-4.88,-948.184,-221.064,5040,-46760,-2940
8.04279,3.99733,3.97829,-2.42458,0.838351,1.202,-1.21449,-1.0682,10.3925,5.8221,2.22219,4.07568,3.68674,1.22091,-3.93121,0.395101,-3.904,-948.184,-222.528,4480,-48020,-2800
0.81437,-5.59276,-2.53531,-10.7335,-5.84335,-1.64862,-1.4426,-0.0453173,4.46218,-0.525388,-2.41956,-5.13724,-0.550281,-4.00584,-4.12674,0.160189,-2.928,-950.136,-221.064,4060,-48580,-2800
1.0423,1.23201,-0.4561,-0.316079,0.566991,1.06163,1.87865,0.596528,6.16311,0.555765,-0.667094,0.225201,-0.0611479,-0.960323,3.58173,-0.81399,-1.952,-950.624,-221.064,3640,-49980,-2520
-3.91289,-6.32439,-3.6947,-8.94742,-4.92714,-1.16234,-2.73046,-5.04023,-0.654228,-0.240306,-0.662159,-4.102,-2.70293,-4.59847,-7.67212,-6.00388,-0.488,-951.6,-218.624,3360,-50960,-2380
-22.6647,-8.83145,-7.56254,-0.7157,-1.41778,0.00038348,4.92184,-1.52576,-31.3903,-12.3258,-10.7283,-8.61617,-5.37166,-0.783234,-0.34219,1.92993,6.832,-949.648,-219.6,3500,-51800,-2100
-16.277,-6.81116,-8.66308,2.72728,-1.82546,-0.38989,5.16068,0.228051,-22.9998,-9.43206,-6.10897,-7.20522,-4.76157,-1.28542,6.62933,1.79856,4.392,-948.184,-220.576,2940,-52640,-1960
1.49015,-3.0082,-5.57354,-2.82211,-6.30865,-1.75447,-3.08336,-1.69349,10.7463,1.74429,4.77011,-3.386,-1.11505,-4.45517,-1.37643,-4.45044,7.32,-947.208,-219.6,3220,-53200,-1680
10.9993,20.7384,3.2639,22.7757,10.9102,4.3141,10.0887,5.03966,25.5275,6.82355,5.60183,12.2289,3.624,6.15869,18.5702,5.48798,9.272,-947.696,-217.16,2940,-53760,-1400
6.56274,12.476,1.20676,18.2502,10.1453,4.39865,10.3924,9.07101,11.5491,4.92809,6.08142,7.30243,2.08561,6.03764,16.3373,7.96259,11.224,-948.184,-220.576,2100,-54180,-1400
3.75005,0.872112,2.30176,2.7389,4.35769,1.99189,2.66137,5.20069,2.98762,5.23842,5.79475,3.38674,1.22487,4.22902,3.38713,4.34387,15.616,-950.136,-223.016,1960,-54180,-1120
4.15308,2.84267,4.40304,1.23085,4.10543,3.23897,1.53268,1.85002,7.38265,6.48606,5.44889,4.65795,2.0633,4.17926,2.93236,2.91904,13.176,-950.136,-221.064,1540,-54320,-980
6.44833,6.89771,2.66715,-3.24135,-1.073,-0.5106,-8.14316,-4.53065,12.8919,5.36791,1.75702,4.97312,0.0464515,-0.647286,-11.1296,-4.31218,15.616,-951.112,-219.6,1820,-54180,-980
-10.9836,-14.4995,1.47434,-12.0335,-4.58198,-1.46004,-16.2898,-11.0592,-29.3146,-1.69497,-1.51246,-3.50619,0.966824,-2.67494,-19.2433,-14.0935,14.64,-955.504,-216.672,1820,-54320,-980
-29.8765,-43.9012,-0.487241,-31.0973,-14.5207,-3.34735,-31.8632,-21.2256,-64.2001,-8.80753,-2.23019,-18.0264,3.14205,-6.57318,-35.2068,-29.7103,14.152,-951.112,-222.04,1960,-53900,-700
-11.7772,-10.816,-0.970907,-7.31061,-4.13238,-0.973731,-8.83711,-6.45829,-14.9126,-8.80754,-5.19752,-7.63346,0.0260708,-3.54356,-8.94748,-9.33461,12.688,-952.576,-220.088,1960,-53760,-560
14.3969,27.9505,1.79193,20.4529,8.54286,4.09636,13.8596,11.8072,29.7441,2.37269,0.543467,9.87126,-0.316669,3.17049,15.1939,11.584,13.176,-952.088,-218.136,1680,-53340,-420
20.9147,13.8005,2.59358,-1.81209,-1.89337,0.263968,4.47094,6.23472,34.3445,8.89808,3.61573,7.94124,0.510645,-0.234819,0.321979,5.74516,10.248,-949.16,-213.256,1540,-52780,-140
17.64,11.8936,4.85323,6.23466,4.14365,2.57989,12.4954,6.85749,29.8179,8.65486,3.52225,8.24563,1.86609,3.01809,19.0542,9.34593,8.784,-950.136,-214.72,1260,-51660,280
9.10422,8.6377,4.14865,7.87571,4.5744,0.654352,7.72634,1.3276,15.1297,2.38679,-0.472216,5.24801,1.26367,2.25791,14.8358,5.11675,7.32,-950.136,-208.376,560,-50400,560
3.904,3.2878,1.80423,-0.816423,-0.399485,-1.46445,-0.273963,0.541318,2.89438,-1.23111,-1.71035,0.468999,-0.0201591,1.23834,-2.40437,1.9133,6.344,-952.576,-211.304,700,-49420,840
-2.98467,1.27243,0.807037,-0.460914,1.67947,-0.353738,0.525961,4.07386,-11.7885,-3.06232,-1.57508,-0.233941,-0.232638,2.2245,-6.46501,4.87025,2.44,-958.432,-207.888,-140,-48020,840
-3.63927,-6.4516,-2.70532,-11.5373,-4.98309,-1.38252,-1.50482,3.81064,-4.08079,-2.42511,-0.814201,-4.70331,-1.14089,-1.79282,-14.2099,3.85909,-0.976,-963.8,-200.568,-560,-46480,1120
3.1958,5.87219,-1.43969,0.882586,-1.54712,-2.49659,0.71549,1.2494,9.82553,-0.384317,-2.38792,0.366378,-2.73274,-1.34072,-4.10389,2.57518,-9.272,-969.656,-194.224,280,-45080,980
2.6225,0.73444,-0.426439,0.106539,0.102079,-1.23255,1.7137,1.56551,-1.2281,-0.766523,-0.794482,0.605397,-0.721263,-0.0465576,1.01882,3.36214,-10.736,-972.584,-190.808,840,-43960,1400
-10.0277,-5.86028,-4.79393,14.4919,5.82084,-1.8579,13.3851,3.69072,-26.445,-10.1432,-6.48798,-5.91832,-3.60228,2.41,26.3594,8.18603,-13.664,-967.704,-188.856,1540,-43260,1400
0.844934,7.34642,2.02787,22.2905,13.0044,2.98022,16.2347,7.03072,-9.14896,-1.35736,1.74478,4.59181,2.20482,8.05312,28.1775,10.4646,-17.568,-969.656,-191.296,2100,-43260,1400
5.41247,-5.13747,-2.71522,-7.53358,-5.35403,-2.40986,-4.34766,-2.58702,7.72185,1.69953,3.39211,-2.26679,0.306463,-2.81951,-3.44963,-3.99321,-16.104,-967.216,-183.976,2940,-42000,1120
-2.89477,-11.0257,-2.45626,-8.88352,-3.39367,1.13042,-1.10486,1.02174,-5.73154,-0.891557,2.51378,-6.07382,0.279081,-2.16264,-1.02199,-1.40507,-18.056,-963.312,-188.856,2940,-42000,1120
-1.75159,-5.20911,-1.52962,-9.55975,-4.69125,-2.06243,-12.1782,-7.18038,-0.526637,0.0261043,3.07198,-3.00012,-1.09101,-4.93291,-11.3879,-11.4936,-23.424,-956.968,-190.808,3920,-40320,700
-0.269914,-2.95006,-4.31713,-11.2521,-7.74042,-6.45583,-21.5126,-15.2372,8.79777,0.25426,0.515396,-1.63965,-3.59352,-9.62291,-20.1049,-21.0377,-22.448,-950.624,-195.2,3920,-40320,700
-4.712,-1.64612,-2.9802,-0.267713,-2.26599,-2.41692,-6.3608,-7.80434,0.35583,0.0861524,0.637131,-0.684431,-1.15304,-4.51725,-2.5781,-9.46903,-21.96,-951.112,-205.448,4480,-40040,560
-5.36946,3.01876,-1.60879,8.00065,-1.29877,-2.59347,-0.754016,-7.07435,-0.625781,1.2734,-1.89052,0.601491,-1.68801,-2.74458,3.42668,-5.05729,-24.4,-948.672,-204.96,4200,-39900,280
-3.62999,-6.43079,-0.64913,-10.1359,-9.34335,-1.57908,-9.91336,-3.52916,-0.189922,4.71793,-0.665885,-3.05747,-1.65481,-5.53765,-15.9803,-4.97744,-24.4,-946.72,-209.84,4060,-39900,0
-12.0461,-18.9411,-0.646881,-17.5295,-10.1613,0.822199,-6.72202,1.16475,-13.7344,0.231496,-2.60386,-8.61764,0.0118265,-3.62129,-14.1517,-0.119144,-23.912,-949.16,-206.912,3780,-40320,0
-5.97733,-1.6012,1.15203,1.23384,-0.621169,1.67959,3.46226,1.6284,0.0740364,1.18605,-1.4992,-1.58102,0.114663,2.77267,1.9824,3.99799,-18.544,-952.088,-204.96,3220,-41720,-420
7.99907,19.0834,11.0672,18.8988,14.8719,7.41591,12.1764,3.73494,9.28015,9.73791,7.30092,14.3911,6.48782,12.0043,11.0888,8.0598,-14.64,-956.968,-200.568,2800,-42980,-700
-1.07979,1.40172,7.77683,1.25359,7.62539,5.64184,2.93103,0.158444,-6.86781,3.62871,4.33854,6.02516,7.55066,8.94774,-2.65084,1.77803,-6.832,-959.896,-205.936,2380,-45640,-840
-10.2275,-10.2245,1.83064,-8.03027,2.33408,6.02821,6.08543,6.32175,-12.0525,-6.43354,-3.10643,-3.91008,4.51032,6.95875,-3.26996,9.03313,-6.344,-967.216,-198.128,2380,-47180,-980
-3.21087,1.5241,0.949893,0.898859,5.5313,3.94202,6.90881,5.24805,-3.14774,-6.71919,-5.0638,0.237697,1.3764,5.22707,-2.9779,9.57882,-3.416,-967.216,-196.664,2940,-48860,-980
5.67008,15.1125,-0.844401,10.1054,4.63564,0.47361,4.90102,3.13315,8.6721,-2.2786,-2.33327,4.76601,-0.525691,0.367097,2.69693,4.00807,3.416,-962.824,-193.248,3360,-50540,-980
4.89113,15.2969,0.00308851,23.2378,9.45701,2.34924,13.9324,9.73166,1.13504,1.18434,1.34566,5.06134,1.5621,2.834,24.7469,6.16648,6.832,-963.312,-191.784,3640,-51100,-840
2.16785,5.74352,-2.34792,12.5506,4.03263,-1.72034,7.87905,3.79434,-0.973283,-2.58886,-3.63937,0.602413,-2.40595,0.79689,17.7002,2.81419,10.248,-957.944,-186.416,3360,-50960,-700
4.12496,3.65632,-1.54787,7.86445,3.29315,1.33532,5.59262,3.54938,7.86584,-2.50981,-3.26175,1.4262,-3.0046,1.12765,17.7779,3.99223,8.784,-961.848,-187.88,3080,-50540,-280
13.6665,16.1681,2.18424,4.4848,-0.029403,-1.20314,-8.21332,-5.14948,23.1755,4.85424,2.10891,8.73705,-0.717078,-2.42317,-1.65256,-5.94302,6.832,-964.776,-183.488,2240,-49000,280
6.02981,-11.1964,-5.26428,-29.2755,-16.4295,-5.18868,-18.7351,-5.84968,8.81095,2.7467,2.54941,-5.10984,-3.69523,-11.066,-30.3811,-9.0173,6.344,-966.728,-184.464,1260,-47880,980
0.177521,-23.3656,-5.65901,-23.4827,-11.6373,-2.79918,-5.61525,0.850921,-6.42312,-0.648284,0.867917,-10.8036,-3.01705,-7.51172,-11.2847,-1.33372,4.392,-973.072,-184.464,-280,-46760,1400
4.18929,-7.90039,-1.15216,-1.46509,-0.454308,-0.886325,5.76508,2.26007,0.13436,0.672152,0.516022,-2.94964,-0.650057,-1.80468,9.55652,3.72861,7.808,-972.584,-185.44,-1680,-44800,1680
8.44386,5.11409,-0.174671,9.12616,3.59332,-2.18127,5.23352,-1.56932,13.5879,1.22956,-0.0615955,3.58176,-1.97577,-0.672147,14.914,-0.341291,11.712,-976.488,-180.072,-2520,-43540,1680
6.40237,9.08488,2.7389,6.55011,4.61861,-0.517262,1.49183,-0.221777,7.60389,3.95632,4.04221,6.386,0.270328,0.882715,7.02953,-1.51132,10.736,-977.952,-179.584,-3500,-40880,2240
-8.45263,-7.14492,-3.72715,-7.71891,-7.05543,-5.94822,-10.7752,-5.10914,-13.8267,-4.19043,-1.66563,-6.60977,-3.52461,-5.76175,-12.3838,-6.3395,4.392,-978.928,-177.632,-4060,-38500,2800
17.3767,25.2428,8.25288,-1.03968,0.144674,-1.34546,-17.1037,-5.00041,27.8887,9.27937,6.94445,14.5393,4.63104,0.7871,-32.646,-8.19095,4.88,-976,-175.192,-5040,-37240,3220
-5.58924,-12.2981,-3.41613,-27.5688,-13.1246,-1.97166,-18.6382,-0.718344,-9.50111,-4.88874,-1.79449,-7.38088,-1.12232,-4.38456,-41.5119,-6.98699,4.88,-972.584,-175.68,-5880,-35980,3640
-24.8894,-22.9834,-1.76005,-0.472941,3.62264,8.67219,13.5974,11.3925,-45.0669,-12.4206,-6.38792,-13.0594,1.98382,9.11991,10.0798,13.8795,2.928,-974.536,-181.536,-7000,-34860,3780
-16.539,-6.16579,-0.52427,22.0368,10.5911,6.35856,22.944,4.31892,-30.9542,-7.32395,-2.68527,-7.40182,2.06078,8.76885,36.7477,13.9514,-1.464,-975.024,-179.584,-7840,-33880,4060
-6.14975,0.562369,-1.03853,16.5505,5.21803,0.0724018,13.065,-5.5027,-8.1157,-3.90706,-1.47427,-2.78826,0.541155,2.24245,23.3857,1.29285,-2.44,-972.096,-183.488,-8680,-33040,4340
2.62143,-3.87513,-2.20839,-2.35172,-1.70071,-1.29448,3.662,1.62508,7.62602,0.528203,3.67427,-2.09852,0.35752,-2.3831,8.65152,-3.99335,-2.928,-970.632,-184.464,-9660,-32200,4340
-6.76502,-15.6215,-9.09663,-7.59924,-7.83003,-8.68624,-2.25731,-4.02848,-6.93091,-7.99745,-6.1368,-10.7416,-7.87793,-8.967,11.2632,-8.34652,-7.808,-969.168,-191.784,-10080,-31640,4900
15.6865,34.2733,9.0315,33.9102,15.763,-3.15719,1.85288,-9.25796,27.0212,10.551,3.05743,20.4473,1.09701,4.2392,26.222,-9.25325,-6.344,-970.144,-193.736,-10640,-31640,4900
0.0233124,14.952,8.90293,1.15126,3.41493,0.756525,-14.08,-8.0289,-6.6546,7.37761,5.19523,10.6152,5.286,3.95765,-26.7704,-11.1856,-7.808,-964.776,-192.272,-10780,-31920,4900
-12.6596,-16.7482,-1.86616,-35.5329,-16.1449,0.0397019,-21.9334,-2.27515,-16.4253,-5.28286,-2.55747,-10.8195,0.370465,-2.53864,-54.3357,-6.2741,-6.832,-959.408,-195.688,-10780,-31920,4900
18.1355,-2.91629,0.743331,-18.4345,-11.143,-1.21999,-13.466,0.140872,35.2195,10.5345,8.00562,1.0426,1.26574,-4.78409,-13.7465,-5.38346,-6.832,-955.016,-196.176,-11060,-32060,4480
10.0501,1.65361,6.2723,3.68007,5.43531,2.66697,5.08831,2.9271,12.3628,8.28735,3.49816,7.37423,2.39199,4.93097,12.3728,5.88806,-8.296,-955.504,-198.616,-12320,-33180,4200
7.93343,7.73343,7.83635,2.05121,8.62213,6.09049,8.68574,6.04184,10.721,7.59682,2.71072,9.28398,3.1035,7.56923,0.112939,11.9783,-4.392,-953.064,-202.032,-13160,-34160,3780
-6.44165,-8.78017,-1.43527,-10.314,0.229504,3.63987,5.31268,6.27994,-12.2526,-3.12244,-4.43562,-2.47131,-2.40614,0.404398,-11.7272,11.2558,-0.976,-952.088,-208.864,-14000,-34860,3220
-24.7065,-20.9741,-6.79094,-1.88907,3.9648,1.43597,12.0209,5.34422,-48.3711,-15.5508,-14.5348,-9.17803,-5.60756,0.809771,6.3129,11.5968,1.952,-953.552,-209.352,-14700,-35140,2940
-7.00631,-13.9455,-3.77163,-4.91755,-2.68023,-1.69818,-0.606359,-1.4269,-16.0981,-1.3358,-2.86211,-5.03308,-0.833882,-2.94452,2.4077,-1.71149,2.928,-955.992,-211.304,-15400,-35700,2380
-0.0066921,5.0518,-7.71,1.77756,-13.3311,-8.85987,-14.8876,-10.0113,19.3068,-0.0170704,0.651356,-7.47042,-3.01718,-12.3312,4.01989,-16.8708,8.296,-955.504,-215.208,-15820,-37100,2240
-6.11136,11.5589,-5.46557,21.3013,-1.8039,-4.36551,-1.34075,-6.46104,-0.750279,-3.38737,-0.760065,-3.13519,-1.47926,-4.96016,21.6973,-8.12605,10.248,-954.528,-219.112,-15960,-38220,2240
1.05915,8.45228,-2.60704,2.96408,-2.10551,-2.227,1.86392,-0.350881,10.2695,0.372549,0.482536,0.564733,-0.595472,-1.90206,0.931929,2.53131,12.688,-955.504,-216.184,-16100,-39340,2240
10.2308,6.64809,0.994109,-11.8186,-4.22073,-0.276473,-2.07622,-1.39797,29.2595,4.16128,1.10106,4.25803,0.70531,0.105735,-12.7604,1.02419,14.64,-967.216,-219.112,-17080,-40600,2380
9.98722,15.8431,4.94679,18.2565,11.4255,5.76678,15.701,5.61709,27.5397,4.057,0.615301,8.751,3.55681,7.49828,24.0384,10.0098,18.544,-970.144,-223.504,-17640,-42000,2660
29.0774,35.9737,9.61177,26.8475,12.2368,4.22455,10.4223,4.13721,60.4209,15.3976,7.57457,19.3453,5.19389,5.11615,19.2759,6.23476,19.032,-976.976,-227.896,-17360,-42980,3080
22.9689,30.6456,7.19771,27.6086,12.4674,4.02709,13.1881,6.33868,40.527,12.1008,6.42773,17.3341,2.76783,4.65336,20.7262,8.90111,21.472,-979.904,-230.336,-16800,-43540,3500
-10.9555,-23.722,-4.13288,-15.158,-7.06408,1.14796,-1.26823,3.30482,-27.2993,-3.31009,2.46155,-11.7312,0.103074,-3.69867,-5.54274,-0.133786,20.008,-983.32,-232.776,-15960,-43820,4060
-41.1507,-69.6299,-14.4337,-36.8538,-16.2057,-2.89867,-6.03237,-1.03437,-92.6963,-19.3068,-5.92795,-34.7163,-5.25827,-7.14337,-13.8247,-2.78831,21.96,-986.736,-236.192,-14700,-43540,4480
3.67157,8.3965,1.51731,1.31536,4.12366,1.34334,1.13638,3.53934,-2.85387,-1.79328,1.77353,6.40723,1.21004,3.77777,-6.04805,3.16686,20.496,-989.176,-236.192,-13300,-43400,5180
