0.375505,6.42549,-0.0946607,5.85066,5.48479,-1.79644,3.82496,3.1478,4.80432,-2.55152,-2.54493,4.32276,-0.027185,1.88797,6.4055,4.10722,-24.888,-970.144,-271.816,-12880,10500,-1680
-5.62545,-4.06634,-1.44438,0.837923,2.18167,-0.373741,1.58285,3.33632,-8.90682,-4.61727,-5.78541,-1.36011,-0.426985,3.39816,4.61845,4.18089,-27.328,-965.264,-276.696,-12600,10220,-1820
-1.82739,0.901233,0.337754,1.97292,0.897245,2.22188,-0.573918,2.81593,-3.4587,-1.60255,-2.22136,-1.24278,1.43486,3.37668,3.31334,2.41238,-23.424,-966.728,-272.792,-12180,9660,-1820
1.64107,0.296434,2.86504,-1.22711,1.97004,5.37276,0.350889,3.90533,-1.10383,3.54744,3.96559,1.31162,4.28518,2.11804,0.353922,2.20561,-22.448,-966.24,-273.768,-12040,8960,-1960
0.167271,1.90111,0.705272,1.92547,-0.171494,3.48576,1.16792,0.735712,1.07797,3.9685,2.9373,0.909629,2.22201,-4.465,2.61619,-1.58801,-23.912,-963.312,-275.232,-11900,8680,-2240
-1.74081,-0.10636,-4.06223,-0.3231,-7.31227,-3.99525,-3.76763,-4.19763,0.0880388,0.751002,-0.474617,-3.78242,-2.68411,-12.4817,-0.990743,-7.73012,-22.936,-962.824,-275.72,-11760,8120,-2380
-3.73454,-4.36772,-4.53513,-4.73917,-9.89238,-6.80786,-5.28866,-2.0476,-2.50451,-1.48079,0.059577,-5.49606,-3.75797,-7.67443,-3.05514,-5.14749,-23.424,-960.384,-273.768,-11340,7560,-2380
0.663424,1.28954,1.96107,1.01236,-1.47497,-1.3816,2.04824,3.01592,-1.16977,2.2879,4.35687,1.19411,0.0724079,2.94976,3.59767,1.83602,-19.032,-958.92,-270.84,-11480,6720,-2520
-2.65803,-5.56749,0.795234,-4.09809,-0.0252673,0.287929,3.83014,2.82527,-7.68797,-1.51855,0.0767415,-1.22944,-1.13957,4.77284,1.64394,2.13945,-20.984,-958.92,-272.792,-11480,5740,-2660
2.52448,0.924235,2.14976,-1.96578,0.723761,0.891961,1.14712,-0.614852,5.09273,1.28681,0.705197,3.11534,0.328138,4.99086,-3.46759,-0.966273,-19.032,-958.432,-276.208,-11480,5180,-2940
0.0259157,-1.51744,0.296057,-2.81318,-0.165347,-0.255563,-2.55522,-2.55047,4.79058,0.00265257,1.44713,0.599666,1.38108,2.74448,-7.52838,-2.77483,-18.056,-957.944,-278.16,-11340,4480,-3080
-3.13681,-2.04497,-2.68558,-3.70278,-2.10261,-2.49799,-3.83413,-4.84221,3.4233,-3.79665,-1.96047,-3.17026,-1.8652,-0.666795,-8.24318,-3.49494,-15.616,-957.944,-277.672,-11200,4060,-3080
2.66063,3.08954,2.17463,-0.363278,2.10726,1.97327,-1.36468,-0.301744,6.81932,2.17705,2.20337,2.16267,1.7105,0.624419,-5.2123,-0.759524,-11.712,-958.432,-282.064,-10780,3500,-3220
-3.69673,-6.60421,-2.76739,-8.54243,-4.6363,-2.59789,-5.51373,-3.34387,-3.15184,-1.49263,-2.04974,-5.05251,-2.88246,-4.53595,-9.99698,-3.40845,-13.176,-957.944,-280.6,-9940,2520,-2800
-1.14354,-1.99298,-0.787587,0.0913879,0.917726,-0.43166,1.35862,-0.607012,-3.08163,0.896687,0.517708,-1.99863,-1.92814,-1.50146,1.22364,0.584471,-11.712,-954.528,-281.576,-9520,1960,-2800
2.32032,4.10797,-0.561547,5.06112,1.45332,-3.48078,0.268352,-4.69912,4.25197,1.02057,-1.48084,0.71162,-3.56124,-3.25204,5.01149,-2.15042,-10.248,-954.528,-284.504,-8540,1120,-2660
6.06904,7.87518,0.612464,5.92782,1.27279,-1.47685,-0.0462477,-2.14414,9.64389,3.33411,0.216566,3.8179,-0.31436,-1.57276,3.53658,-0.0341319,-8.296,-954.04,-284.016,-7980,560,-2660
2.95366,2.25481,-0.397098,1.88688,0.822388,1.71899,1.49583,2.55325,1.75574,1.97824,0.90752,0.716357,1.63041,0.987216,3.40884,3.67784,-8.296,-956.48,-287.92,-7420,140,-2380
1.41213,0.900539,0.676549,0.348644,2.03087,3.70066,2.44559,3.95332,-3.06313,-0.410106,0.15489,-0.134414,2.46476,3.95064,3.13328,5.31351,-8.296,-955.504,-284.016,-6860,-280,-2240
-0.250681,-1.13636,0.34219,-0.802973,2.91111,4.54796,0.939135,3.89336,-4.64837,-2.72576,-1.56843,-0.729428,2.4427,4.03641,1.64185,4.26594,-8.784,-955.016,-286.456,-6860,-700,-2100
-0.512583,-0.915742,0.876821,-0.462717,2.94438,5.99432,0.929553,5.40705,-4.39674,-1.54053,-0.583674,-0.0140987,3.35977,2.73665,0.781073,3.37809,-11.224,-955.504,-287.92,-6160,-980,-1960
-5.17775,-5.33109,-1.98003,-1.27695,-1.33127,1.26424,-0.354609,1.01654,-8.25906,-4.11719,-3.3902,-3.34677,-0.0510435,-0.381916,1.10095,0.456768,-11.712,-955.992,-283.528,-5460,-1260,-2100
-1.8226,-0.90844,1.86454,2.83162,2.12974,2.04189,2.90248,1.5991,-4.37667,-0.826056,0.572894,1.47008,2.63213,1.07262,4.56926,2.06323,-11.224,-960.872,-284.504,-4900,-1260,-2100
-3.94399,-2.18776,-1.0502,0.661254,-1.8957,-3.51887,-1.85766,-4.19461,-3.54693,-4.45294,-2.74826,-1.41016,-0.600214,-3.6307,0.16582,-3.6814,-12.688,-967.704,-279.136,-3780,-1680,-2100
3.80243,6.22246,3.25023,8.29104,4.23692,-0.347359,3.13297,-0.779543,3.44074,1.92652,1.97721,6.30071,2.49472,0.554987,5.88077,-0.294611,-11.224,-972.096,-275.72,-2660,-1680,-2100
4.7394,2.38755,1.59314,2.31037,-0.602046,-3.33428,-1.03532,-3.75898,2.85151,2.03563,3.23881,2.29514,1.48482,-1.37919,0.0877572,-3.36916,-9.272,-969.168,-276.696,-1680,-2100,-2240
4.69567,0.351605,0.552241,-1.74875,-3.3474,-3.65084,-3.48294,-4.25353,5.35518,2.65024,5.21876,-0.454924,1.48244,-0.937997,-3.91563,-5.21744,-13.664,-965.752,-276.696,-840,-2660,-2240
3.33072,-0.486512,0.035429,-2.62367,-2.62586,-1.51079,-3.3531,-1.89126,5.85273,2.85384,3.96355,0.497726,1.14824,-3.69259,-4.99221,-6.07276,-14.64,-962.336,-273.28,280,-3640,-2100
-0.171855,-0.293784,-2.02916,0.136429,-3.0902,-6.05205,-3.07963,-3.90287,2.01467,-0.352638,-3.02692,-0.546942,-2.6292,-6.04933,-4.54712,-5.62785,-12.688,-956.968,-272.792,980,-4340,-2100
1.28877,4.36163,1.3359,7.56864,2.2013,-3.082,3.59462,0.355014,-1.0094,1.32358,-2.78684,2.85535,-1.14543,2.74198,3.38913,1.60936,-11.224,-951.6,-273.768,980,-4760,-2100
0.926853,1.5571,2.34772,2.32824,2.19598,1.57147,4.58633,3.99448,-0.511248,1.62268,0.0539227,1.26871,-0.177405,5.17219,2.85091,4.4171,-9.76,-946.72,-279.624,140,-5460,-1820
1.90702,0.816611,2.86646,-4.81173,0.857651,4.2529,2.52174,5.33788,4.11556,5.73725,3.54375,1.9826,0.610835,4.27398,-3.05494,3.95163,-9.76,-945.256,-279.136,-560,-6160,-1820
-2.6337,-5.81207,-0.860493,-8.1136,-1.856,2.22715,1.12737,3.87704,-3.21616,2.52329,0.680334,-1.95639,-2.66462,0.25852,-3.1852,1.93319,-5.368,-945.256,-283.528,-1960,-7000,-1400
-5.59169,-6.9641,-4.88806,-4.88939,-2.71023,-0.669586,-0.174978,1.77961,-7.34037,-3.8222,-3.74677,-4.63594,-5.8133,-1.99551,0.642987,-0.0345368,-7.808,-945.744,-287.432,-2800,-7280,-1120
-3.75705,-0.806724,-2.88901,-3.00966,-1.72765,1.04193,-1.32592,2.6217,-1.53865,-3.00152,-1.17658,-2.35434,-2.98882,0.623271,0.168153,2.03296,-3.416,-952.088,-291.336,-4060,-7140,-980
-5.95148,-0.66373,-2.0882,-5.14583,-1.43166,1.97928,-4.2193,0.97491,-1.82238,-4.00407,-2.13606,-3.12612,-2.25465,1.85675,-4.6612,1.81756,-1.464,-956.48,-290.36,-5460,-7560,-980
-8.08219,-5.68998,-3.96948,-6.69859,-2.94616,0.563708,-5.31999,-2.05256,-6.72966,-6.22198,-5.51429,-6.00661,-4.42694,-0.693038,-5.9851,-0.996436,-0.488,-959.896,-291.824,-6160,-7840,-1260
-1.65691,0.557786,2.06647,1.5606,3.87589,4.41741,0.478878,1.33819,-2.77594,-1.10588,-0.255429,1.09733,1.31492,3.524,2.4631,3.84691,1.464,-973.072,-284.504,-6300,-8120,-1540
-4.65548,-3.48736,-1.1545,-1.12289,-1.69596,-1.38564,-3.77613,-4.76598,-6.53614,-3.54767,-2.90286,-2.93677,-0.308244,-1.7024,-0.421826,-0.999627,2.928,-973.56,-284.016,-6160,-7980,-1820
1.11324,1.3701,2.361,3.54363,0.969532,1.26759,0.659321,-1.53421,-0.530811,3.5849,3.7888,1.8958,4.46748,-0.12995,2.79865,0.955415,2.928,-975.512,-283.04,-5460,-7700,-2100
-1.40859,-1.82146,-2.5733,-0.0991672,-2.47222,-3.17376,-1.49223,-3.63989,0.0561026,-0.347679,-0.0772449,-1.91064,-0.402757,-5.26029,-0.934748,-2.57755,2.44,-975.024,-282.552,-3920,-6860,-2100
2.79429,2.02606,-2.22028,0.210254,-1.84422,-3.98381,-0.800497,-1.63637,8.95954,1.25342,-0.636958,1.05743,-0.713804,-5.23692,-2.20437,-1.98173,2.44,-969.656,-281.088,-3360,-6440,-2100
6.92857,8.15868,2.61473,4.96355,1.88894,-3.11784,1.12909,-1.19778,13.3358,4.18756,0.410596,5.60652,2.7413,-1.29184,1.02181,-1.08807,0.488,-971.12,-277.672,-2520,-5880,-2100
5.40769,5.76107,4.83198,3.53038,3.90279,0.983923,2.69633,0.625612,8.66413,3.75532,2.59183,4.15764,5.7517,3.84196,3.33979,1.16495,-2.928,-968.68,-278.648,-2240,-5740,-1960
5.85453,8.47741,6.76136,8.14297,9.70014,6.7925,7.66849,3.25729,7.89931,4.39685,5.02851,7.45561,6.4642,8.23967,7.58283,5.11591,-2.928,-965.264,-276.208,-2240,-5740,-1680
2.75284,4.9507,3.79001,9.58682,10.1762,7.79906,10.8836,4.39088,-0.014953,1.30818,2.53992,4.96904,3.46254,6.96038,9.51748,6.77186,-3.904,-969.168,-275.72,-2660,-5740,-1400
-3.11093,-2.85799,-2.03139,1.96887,2.96701,3.31057,3.79315,1.19262,-7.93067,-4.5352,-1.05591,-1.85768,-1.08182,2.65963,0.116324,2.43549,-6.344,-966.24,-271.816,-2940,-5180,-840
-0.259107,-2.05562,-1.58017,-1.4718,-1.24163,2.5637,-1.28477,1.1359,-5.34344,-1.87637,2.39981,-2.34043,0.362282,-1.45983,-3.84652,-0.990996,-5.368,-964.288,-271.816,-3080,-3220,-280
-0.839558,-7.56406,-7.42079,-10.0083,-14.4691,-6.74904,-11.7794,-6.81995,-4.05694,-4.18665,-2.44807,-8.46763,-5.93809,-14.0684,-10.6495,-12.3228,-12.688,-965.752,-269.864,-3360,-980,140
4.12401,0.286454,-3.96841,-0.680749,-8.61454,-6.5032,-6.66104,-1.48242,-0.3763,-0.952001,-0.58567,-1.33773,-5.2182,-11.88,-2.05286,-8.85151,-13.664,-967.216,-273.768,-3500,1260,560
5.90031,1.51427,-0.966492,2.4466,-3.88282,-6.70039,-2.46902,0.821697,0.289123,1.6674,1.75079,0.478381,-3.10565,-3.78343,3.8455,-2.94442,-18.056,-965.752,-271.328,-3640,4620,980
5.61334,2.25961,4.32561,1.3693,1.73351,-1.57965,4.05589,3.41857,3.42058,3.68813,4.37214,2.54757,1.41399,6.31653,5.11152,5.4997,-23.424,-964.288,-274.256,-4200,6300,1400
4.38886,3.55416,7.58303,2.21106,7.78374,0.847939,9.0753,-0.49487,6.00416,3.1542,3.75278,3.89401,4.10552,11.5725,5.90691,9.29634,-28.304,-962.336,-275.72,-4620,8120,1820
-2.31526,-2.95439,0.847131,-0.832177,5.17785,-3.62428,4.11687,-9.41291,0.615707,-2.70465,-3.38667,-0.671361,-1.2896,2.72561,2.0488,-2.64341,-31.72,-963.312,-276.696,-4760,9520,2240
-0.891849,-1.8175,-1.20477,-0.192971,1.93754,1.93662,-1.59521,1.68658,2.33633,-0.728944,-3.05255,0.206296,-0.810231,0.493462,1.05136,-4.74306,-34.16,-962.336,-279.624,-4760,10500,2380
-3.22581,-3.27791,-2.74142,-3.10723,-5.23127,2.56119,-3.43701,6.40965,-0.198093,-1.0559,-2.62578,-3.08702,0.810658,2.00257,-1.0099,1.36977,-36.6,-958.92,-280.6,-4620,11200,2380
-6.42024,-3.7239,-2.26758,-4.80788,-3.68226,0.822642,-1.36809,1.39003,-4.03508,-1.71985,-4.50512,-3.25633,-0.84567,-0.820056,-1.61554,0.0411864,-39.04,-957.456,-281.576,-4760,11200,2380
-5.27445,-0.843049,-2.17176,0.324571,-1.89109,-1.77042,-2.26569,-0.780832,-4.68141,-1.14159,-6.70106,-0.620093,-4.30413,-6.50625,-1.15592,-2.78478,-39.528,-958.92,-280.112,-4480,10920,1960
-5.07848,-1.21762,-4.20973,-1.89186,-5.42218,-3.70561,-5.97131,-1.79853,-4.52058,-1.71716,-6.58195,-0.751805,-4.95761,-7.75149,-5.11096,-4.0591,-39.04,-959.896,-283.528,-4620,10080,1540
-4.91983,-4.34148,-2.58888,-7.62393,-4.49598,-0.324833,-5.00386,0.502816,-4.67024,-1.82694,-0.396547,-2.28634,-0.0670585,-2.56747,-7.48131,-0.680403,-37.576,-956.48,-281.088,-4760,8960,980
-4.54304,-4.23851,1.73402,-4.69751,1.49405,5.46181,1.28465,4.96017,-5.49097,-0.736892,2.81134,-1.76686,5.41321,6.4455,-2.09417,6.1354,-38.064,-959.408,-283.528,-4340,7280,280
-4.51797,-2.9434,1.7752,-0.441504,3.79715,6.7785,3.07043,4.56906,-3.67383,-1.59605,-1.68522,-1.77479,2.35289,6.41691,0.360371,6.45664,-31.72,-956.48,-282.552,-4480,6160,0
0.862582,1.37629,4.70042,5.48687,8.73123,8.457,5.03003,5.01946,-0.801845,2.57485,2.11443,3.58718,3.78074,8.03989,2.18016,6.867,-31.72,-952.088,-283.04,-4060,4340,-840
-3.29958,-3.80097,-1.35009,-2.93259,-1.27166,1.35522,-5.1927,-4.38503,-4.79223,-2.4656,-0.275853,-3.05923,-0.0384746,-1.69387,-7.15054,-4.96618,-24.4,-956.968,-284.016,-3640,3080,-1260
-0.275455,3.08248,0.297981,5.85803,0.245228,2.54028,0.0757851,-1.68228,0.307105,0.456986,3.5864,0.15411,2.4032,-7.19361,0.667867,-3.80318,-23.424,-957.944,-285.48,-3360,1260,-1540
1.18253,4.11234,-0.643231,7.50463,-1.97407,-9.87913,-0.990156,-7.25608,2.78673,0.980189,1.53466,1.08736,-4.62072,-9.32539,3.98665,-5.09325,-20.984,-955.992,-286.456,-2800,-280,-1820
10.3116,8.5516,3.1363,4.13327,0.28607,-9.02394,0.106176,-4.30993,10.1187,7.58557,6.27443,7.34757,-1.7654,-2.46887,2.80864,-1.4574,-18.056,-955.016,-288.408,-2100,-1540,-1960
10.0181,6.6355,1.95354,-0.755748,-0.0047346,-2.2829,0.304271,-1.61677,9.50212,7.48411,8.20664,4.90587,2.83886,-0.66713,-0.0550117,0.483065,-14.152,-957.944,-287.92,-1680,-2940,-1960
2.48647,2.41987,1.34218,-4.99645,-0.485,1.01369,0.516762,0.369639,5.89686,0.891825,5.40097,0.158363,3.80587,5.44923,-4.1854,2.18172,-13.664,-957.944,-286.944,-1680,-3780,-1960
0.865727,-1.41172,3.55252,-5.69975,1.52714,4.66823,0.724958,1.80315,2.95161,0.643798,4.91535,-0.201223,5.30171,10.0136,-5.42912,1.68531,-14.64,-955.016,-284.504,-1680,-4620,-1680
-2.51589,-5.05033,-0.969017,-4.69472,-0.114642,1.66228,-0.670008,-2.40416,-5.89708,-2.20474,0.094443,-3.05663,0.683116,1.4736,-2.97807,-2.87884,-13.176,-959.408,-282.064,-2100,-4620,-1820
0.792582,1.72816,1.0933,3.39044,3.92322,-1.86591,3.04197,-1.90381,-3.21267,-0.58799,-2.66859,1.08234,1.41894,8.49449,3.8475,1.65958,-13.176,-959.408,-282.552,-2520,-4480,-1960
4.78396,5.41798,8.19125,7.46324,10.4357,6.76764,9.103,5.79376,0.0752606,3.93411,2.55697,5.49975,8.7169,19.1641,8.24988,10.9927,-13.176,-962.336,-284.504,-3220,-3220,-1960
0.361102,-2.57197,4.07674,-2.79626,6.07097,5.92752,2.67471,1.15597,-0.746257,0.0369719,-1.26782,-0.0993898,2.38643,10.9934,-1.93718,5.62148,-14.152,-964.288,-283.04,-3220,-2380,-1960
0.861031,-4.86858,2.00322,-4.49319,4.76841,6.53798,0.869992,1.98995,-0.896783,2.09974,-0.86249,0.259437,-0.278295,6.34034,-4.65599,3.63801,-14.152,-965.752,-283.04,-3920,-840,-1960
-0.469532,-2.14451,-1.2714,3.39079,4.20928,5.21641,0.873505,2.1004,-0.770737,-2.01498,-7.23939,1.09361,-6.85853,0.651819,1.93747,0.874781,-12.688,-965.264,-285.48,-4620,140,-2100
-2.85961,0.524423,-10.3292,6.51159,-6.40841,-0.575675,-3.0595,-1.21409,0.137693,-8.28565,-14.8268,-1.89502,-14.5426,-17.0286,3.86998,-7.09344,-13.176,-966.728,-283.04,-5040,980,-1960
-4.72455,5.29996,-24.8478,8.49653,-21.5279,-17.1214,-11.9268,-8.10354,1.48994,-14.3882,-17.4053,-7.16811,-22.4254,-50.6874,2.37129,-23.5538,-15.616,-968.192,-286.456,-5180,2240,-1960
-10.298,1.91685,-32.3526,4.93574,-28.3463,-41.5822,-14.7081,-12.2997,-2.3809,-18.0107,-15.1973,-14.6028,-28.3641,-58.7812,4.33879,-24.8716,-14.64,-969.656,-283.528,-5320,2800,-1820
0.650287,6.95324,-12.4273,4.78785,-20.857,-27.5698,-3.23027,-0.399495,5.26314,-1.58497,2.70834,-6.20231,-11.1611,-26.3871,11.8008,-6.1895,-12.2,-966.24,-283.04,-5320,3500,-1820
18.6292,17.8586,11.5158,6.87125,-2.91744,-6.54532,5.65262,3.40277,24.9021,17.9005,18.0383,10.1669,9.14766,3.40018,12.6029,6.14838,-17.08,-966.24,-284.016,-5460,3920,-1680
16.6193,8.00377,20.3441,-3.66642,13.712,8.40977,9.5799,8.71045,13.8503,20.522,20.6924,13.5791,21.1245,26.2357,7.38718,15.4971,-16.592,-966.24,-288.408,-5600,4480,-1680
1.78675,-6.77617,16.8366,-9.58439,18.0383,19.4923,9.43699,15.2128,-5.75485,8.50365,12.0984,5.6392,17.9738,31.6051,0.287033,19.7099,-15.128,-965.264,-284.504,-5880,4620,-1540
-6.91475,-14.4748,11.0702,-11.824,12.6005,23.4266,5.81103,12.7031,-11.7505,-0.135445,2.46045,-1.49668,11.9392,26.7428,-10.9781,16.9891,-17.568,-962.336,-286.944,-6160,4620,-1540
-7.76379,-12.7474,11.7948,-7.12668,12.5844,26.3159,8.37632,8.31633,-12.1898,-0.447064,-2.09325,-1.52302,12.7265,27.7946,-9.63512,16.1608,-20.008,-961.848,-288.896,-6300,4480,-1680
-4.64833,-9.97661,14.621,-6.80519,15.8945,26.4002,9.12826,4.33802,-9.49849,-0.208713,-0.557505,1.92395,15.1675,34.5923,-6.88411,15.4819,-18.056,-962.336,-286.944,-7000,4340,-1680
-11.9209,-17.5645,7.56347,-12.2192,8.93498,18.2917,-0.277384,-2.60747,-18.88,-7.03612,-3.36725,-4.53616,7.87517,26.1069,-9.08791,3.3067,-19.032,-966.24,-285.968,-7000,4200,-1680
-7.88932,-6.55588,7.58108,0.593055,13.738,12.3195,4.14981,-2.82366,-10.9562,-4.39008,-3.99587,1.44228,6.92977,21.0736,-1.41914,1.9799,-19.52,-962.824,-289.384,-7560,4060,-1820
-9.287,-4.63383,-2.68404,1.88976,1.77162,4.42668,-6.41241,-10.6645,-8.66571,-7.21574,-7.51775,-4.70942,1.65771,-2.20012,-5.20165,-12.373,-20.008,-962.336,-288.408,-7840,4480,-1960
-21.2124,-19.0417,-18.5534,-9.62803,-20.9566,-8.70036,-23.5891,-14.3808,-25.2429,-15.2842,-10.7129,-21.2665,-8.82025,-28.7677,-17.6067,-25.6173,-20.008,-959.896,-287.92,-8120,4900,-2240
-19.5798,-19.7412,-19.6594,-14.7811,-28.1582,-19.7357,-26.8507,-12.8491,-23.4292,-14.6977,-11.1528,-21.9769,-14.5819,-30.6463,-20.449,-25.859,-18.544,-959.896,-292.8,-8540,5600,-2240
-7.98327,-4.16701,-3.53572,-9.43127,-11.2872,-10.1278,-11.2615,0.0738732,-6.318,-2.26487,0.752439,-4.4762,-1.95516,-5.44315,-12.5482,-5.34705,-19.52,-960.872,-294.264,-8820,6160,-2380
7.86651,13.0486,9.69935,2.35303,7.5717,4.84292,5.09943,9.0016,11.4462,6.05739,4.44878,12.845,4.0901,13.2471,-1.27417,8.26337,-19.52,-958.432,-292.8,-9100,6440,-2240
12.9437,16.3756,-0.400993,12.2675,12.576,-1.85597,9.66254,-0.306057,14.868,5.40456,-0.785374,15.2288,-7.98212,-2.40153,9.46063,5.12451,-20.008,-958.432,-290.36,-8820,6440,-2240
16.8545,18.2095,-7.53084,21.8118,8.94498,-16.3123,11.8457,-5.24144,19.3883,6.40652,-0.482163,15.1659,-17.0478,-11.4141,19.9259,1.28864,-20.008,-959.896,-294.264,-9100,6300,-2380
18.8661,32.2186,-11.2562,38.153,-3.85285,-17.8485,9.29536,-10.0342,33.3411,5.98532,5.38194,10.2859,-14.6629,-37.7345,30.3074,-14.4689,-19.52,-960.872,-293.776,-9380,5880,-2100
13.8148,26.2695,-32.377,31.5902,-31.1018,-48.8992,-10.9342,-36.5257,31.0817,0.405057,-2.30118,-3.07906,-32.536,-100.341,26.8633,-49.3717,-17.568,-963.8,-290.848,-9660,5320,-1960
20.5519,26.5282,-32.8325,26.0564,-43.936,-74.1414,-18.0397,-29.3621,33.8077,9.01723,3.31327,-0.831947,-33.3182,-95.3325,29.0065,-48.4257,-17.08,-962.824,-292.312,-9800,4340,-1680
28.4742,31.6689,0.590331,11.2911,-23.241,-44.0653,-4.99369,3.79464,39.6595,18.0889,15.5101,10.0132,-0.170289,-7.19414,20.9272,0.770437,-14.152,-966.24,-291.824,-10220,4060,-1680
37.231,23.8184,42.7191,-17.0726,21.3642,25.9131,19.6131,40.7752,36.6917,32.1977,30.3011,25.4347,34.0398,78.0315,1.98973,52.2062,-15.616,-964.776,-291.336,-10080,3640,-1680
19.3691,-5.02091,44.3341,-32.0007,40.8237,65.072,26.8257,42.602,9.79255,22.441,25.1914,18.0089,42.8295,88.7702,-18.9563,57.6283,-15.128,-968.192,-288.408,-10360,3640,-1540
-7.93217,-24.2,27.7668,-19.9784,38.8236,62.3628,20.1751,25.8753,-19.1644,1.05723,2.06091,4.34266,26.6622,67.5657,-23.5727,40.1691,-19.032,-966.728,-289.384,-10640,3640,-1680
-30.5369,-30.4182,9.04559,-7.74692,25.4717,46.1743,7.91293,12.3922,-39.955,-16.7924,-12.6812,-10.703,13.8349,44.0729,-18.0229,20.5212,-20.008,-966.728,-291.824,-10920,3780,-1820
-40.563,-38.5946,-20.82,-16.6016,-8.97712,11.4648,-17.0195,-10.8688,-47.8194,-30.0796,-23.9704,-30.7492,-6.9449,-14.5449,-23.7997,-15.7471,-18.544,-967.216,-287.92,-11060,4060,-1540
-31.8857,-28.6779,-32.7801,-13.528,-29.7343,-22.0381,-25.8038,-16.1711,-36.1774,-28.0427,-26.8897,-30.314,-27.2737,-46.0015,-19.9793,-26.9194,-20.008,-966.24,-290.848,-11340,4340,-1680
-6.56402,0.233241,-0.412365,4.53277,-3.90053,-14.3915,0.953654,-2.25009,-5.93978,-10.4811,-17.3462,-1.12425,-14.406,2.77575,6.89709,-0.016407,-17.568,-966.728,-290.36,-11760,4480,-1680
18.1256,25.3833,27.8673,11.4765,32.5435,14.4618,23.3508,13.6,23.9196,11.5832,3.78718,29.6061,11.7192,50.4421,16.2593,27.16,-14.64,-965.264,-293.288,-11900,4480,-1820
4.79365,0.451367,20.6453,-3.38113,29.8455,31.8834,16.5375,13.6036,-3.15917,6.81445,11.6271,14.2729,22.8046,47.1439,4.5113,24.5106,-15.616,-962.824,-298.656,-12180,4760,-1680
-23.1453,-20.2799,-2.48647,-8.11094,6.46226,24.9416,-1.21882,1.6515,-32.2654,-11.1214,-0.700253,-16.6752,13.863,11.6188,-10.3756,3.20777,-13.176,-964.288,-300.608,-12460,4760,-1820
-39.888,-32.338,-35.8721,-6.19623,-26.6974,-13.344,-17.6475,-17.6575,-47.1833,-26.1471,-17.5513,-39.508,-14.817,-56.0753,-13.4403,-25.7976,-14.64,-964.288,-298.168,-13020,5040,-1540
-19.0428,-26.0838,-16.3849,-9.46714,-32.9739,-26.142,-18.1408,-14.397,-25.4348,-7.8695,-6.78939,-28.1918,-8.8691,-31.6408,-9.95339,-22.0337,-13.664,-960.384,-298.168,-13020,5180,-1540
18.2969,6.82567,20.909,-0.86235,-0.173925,3.1448,2.39076,5.23799,15.8709,19.979,9.14218,12.8266,8.62807,23.6407,5.89097,5.83259,-13.664,-961.848,-299.144,-13020,5460,-1260
25.314,10.6423,28.8364,-6.41098,28.0641,23.1585,13.7876,22.0233,16.4408,19.7909,6.18301,31.3541,9.65576,53.7888,5.67561,24.1718,-17.08,-957.944,-303.048,-13300,5600,-1120
-4.00404,-2.56484,-4.4294,-8.01965,14.6073,11.1518,-2.87205,6.44765,-4.94099,-15.733,-13.1816,6.69252,-5.79936,15.0213,-11.5604,1.19028,-19.032,-960.384,-305,-13440,5880,-840
-30.2538,-21.347,-21.4991,-13.6778,-13.5632,1.54028,-18.6099,-12.1377,-23.4966,-29.9506,-6.81991,-23.2225,3.59014,-33.8768,-24.8373,-23.9615,-16.104,-957.456,-304.024,-13300,6300,-840
-34.0921,-14.1819,-22.6389,2.13407,-36.3664,-27.3414,-21.691,-36.0726,-18.9918,-21.7444,-3.56387,-34.5978,0.286297,-57.6392,-10.5647,-40.1072,-13.664,-960.872,-307.928,-13300,6580,-560
-11.7954,-4.50931,-18.785,12.2643,-39.8619,-43.9618,-13.7054,-44.1311,-14.4384,-0.148943,5.5898,-19.883,-9.07738,-64.2916,12.1127,-40.8859,-16.592,-960.384,-312.32,-12880,6300,-140
32.399,30.4735,19.2648,18.8317,5.74361,-31.6971,6.47706,-11.7553,26.5622,33.5677,23.8843,27.8306,0.131531,6.96669,27.5282,-0.44396,-14.152,-959.896,-317.2,-12600,5880,280
42.6283,43.7703,-4.88692,26.8381,4.29872,-26.986,6.09924,-11.5571,50.007,31.5142,19.6224,32.3766,-19.374,-46.9662,30.4822,-14.9309,-16.104,-961.848,-317.2,-12040,5600,560
22.1178,26.4328,-39.875,25.7847,-36.8177,-56.36,-16.3245,-22.5136,36.2416,9.28098,6.46608,0.938467,-32.0603,-106.405,16.6852,-42.8352,-15.616,-960.872,-317.2,-11340,5460,1120
21.8988,24.2426,-14.3235,14.9986,-50.7044,-42.1542,-22.4262,-6.6914,38.2799,12.0273,18.4968,-6.77474,4.26227,-52.0625,15.5558,-27.549,-16.592,-962.824,-320.616,-10640,5040,1540
22.5916,-6.49511,19.9236,-29.6899,-18.2674,1.00311,-7.30594,10.8876,20.929,21.8685,20.7267,1.56422,15.2031,17.3202,-6.79447,5.92633,-14.64,-961.36,-320.128,-10360,4480,1680
43.4745,21.2559,26.6338,-7.52744,45.3247,8.75687,30.035,30.2638,34.3846,22.9518,-24.1081,46.6193,-45.241,59.8624,6.61734,46.4278,-16.104,-963.8,-315.736,-9660,3920,1820
55.3325,50.753,16.9382,24.1243,65.2251,46.582,50.5806,53.2613,55.727,14.5129,-18.9436,66.9018,-23.7047,81.6906,18.8757,69.4766,-13.176,-963.312,-314.76,-9380,2940,1960
15.2906,51.6783,21.088,39.5507,70.4882,78.7907,57.8215,61.2183,43.178,-7.50855,10.4442,33.5578,37.7222,86.782,27.0191,76.506,-11.712,-965.752,-316.712,-8540,1540,2240
-39.9325,1.82707,5.02004,5.5151,26.7525,45.6408,12.6563,21.4473,-3.94616,-30.9898,-4.97553,-25.3821,25.7955,41.8351,-4.47082,29.7884,-12.2,-965.264,-316.224,-8260,840,2240
-57.2464,-50.7113,-4.34179,-13.1492,-1.42879,15.6485,-13.1101,1.51197,-55.1135,-25.9752,-13.9575,-44.9348,10.239,11.798,-17.6969,-5.1636,-13.664,-965.752,-308.904,-7700,-420,2380
-40.7551,-55.4444,-2.4427,-19.2577,-10.3278,7.8555,-16.7801,-3.65549,-66.6967,-15.1145,-13.4071,-33.8146,10.3614,4.23593,-18.3514,-15.0576,-11.224,-964.776,-309.88,-7560,-1400,2240
-24.4375,-45.8247,-1.31104,-30.6412,-14.8821,4.56604,-18.3018,-16.8302,-53.8838,-14.1428,-10.4685,-22.5016,7.48854,2.44023,-29.6337,-12.9934,-10.736,-963.8,-308.904,-7560,-1820,1960
-4.93746,-13.6127,5.64612,-15.7487,-3.71378,0.685984,-8.76171,-21.1285,-19.7807,-1.21192,-0.701683,-1.47148,5.78183,2.32363,-20.2462,-8.52202,-10.736,-960.872,-307.928,-7840,-2380,1820
-1.96027,-2.96467,4.4597,-2.95893,-3.60115,-2.36915,-6.14948,-15.1506,-5.89282,4.04281,4.5289,0.676993,10.6018,-0.827117,-7.58255,-10.8381,-10.736,-961.848,-301.584,-8400,-2520,1820
-7.87515,-9.51745,-1.35189,-0.841615,-6.67952,-6.79562,-5.24739,-12.4261,-15.8598,-0.990341,3.58895,-7.24736,5.86083,-12.092,-0.663395,-12.2225,-8.296,-958.92,-301.096,-8820,-2660,1820
3.25737,-4.63608,-0.674332,-4.19694,-9.12406,-14.393,-10.0338,-13.5033,-2.98416,3.34202,2.16315,-0.830433,-3.70327,-16.1934,-4.44434,-15.5901,-6.344,-957.456,-296.216,-9240,-2800,1960
7.36849,-2.62296,-4.32345,-4.24764,-12.261,-14.4511,-9.99894,-10.3044,1.1043,3.38042,-0.0862517,0.768139,-8.11134,-18.6977,-2.31756,-16.0115,-5.368,-954.528,-300.12,-9800,-3080,2240
3.41847,2.48594,-3.82185,-1.68362,-8.07816,-8.27499,-1.96763,-0.208194,0.719692,1.60039,1.25219,0.106019,-3.15486,-10.0605,1.06288,-6.10543,-4.392,-951.112,-301.096,-10080,-3360,2660
-6.59821,-2.49966,-3.61728,-7.31892,-5.42184,-3.34739,1.27379,6.8389,-6.28644,-2.17628,3.84644,-5.20915,-1.44585,-2.66352,-5.62379,4.38798,-2.44,-950.136,-296.704,-10500,-3220,2940
-6.43876,-8.25169,-5.65618,-12.3937,-8.37197,-3.21466,-6.42775,0.0600043,-5.85431,-0.449937,6.85584,-6.93357,-2.30996,-6.28147,-12.534,2.19367,-2.928,-947.696,-301.096,-10360,-3080,3640
-2.18101,-4.03675,-3.93739,-1.55134,-1.99654,-4.65681,-1.8708,1.08657,-0.579651,-0.708827,3.83706,-1.41357,-3.77787,-6.88953,1.32063,-0.00966066,0,-945.256,-297.192,-10220,-3640,4340
0.345908,-1.40372,-4.29329,-1.01804,-5.29144,-10.8475,-2.24312,-6.06943,3.05177,-2.39673,-0.358293,-1.86886,-3.67881,-8.95532,3.73478,-10.5923,3.904,-942.816,-301.584,-10080,-3640,4900
8.06858,10.1031,3.76936,11.4849,3.76271,-1.96115,6.04689,-3.77534,9.3076,10.7436,3.8534,6.72556,4.67955,-7.27223,11.9966,-6.53417,5.856,-940.864,-300.608,-10360,-3920,5740
0.358046,6.4814,-2.28297,7.26097,-2.54817,-7.55985,-0.537025,-5.42699,3.97407,2.92056,-6.34745,2.24996,-5.68949,-10.1909,7.56885,-5.31826,3.904,-940.376,-301.096,-9940,-3780,6440
6.20439,20.3805,-2.53925,17.2405,2.48911,-4.93183,4.1061,2.57487,19.9611,-0.684495,-6.26819,10.8218,-8.38816,-1.89229,15.307,2.34205,5.856,-938.912,-295.24,-9660,-3780,7140
11.5369,24.8813,1.12904,17.3273,7.69491,1.8933,6.35783,5.15548,25.707,1.67496,-2.12165,13.5974,-2.44453,4.12778,13.6627,4.84755,2.928,-941.84,-297.68,-9380,-4200,7980
4.90882,10.8288,3.11709,2.95727,4.625,5.58655,3.06743,6.11289,11.7223,3.20561,1.28797,4.48404,2.63792,10.4771,3.8981,7.98379,3.904,-942.328,-299.632,-8260,-3780,8400
-7.42468,-8.26321,0.0674562,-8.2897,3.35993,10.8752,4.86612,10.5133,-10.2515,-2.47785,0.187482,-5.60741,2.48051,11.099,-3.45746,12.7564,3.904,-934.52,-296.216,-6440,-2940,9240
-7.76753,-11.7321,-1.9228,-6.52728,6.01413,9.45906,8.00559,9.71343,-13.2018,-6.41985,-2.62115,-5.31152,-1.45744,8.90598,-5.1304,13.3058,0,-940.376,-297.192,-5880,-2100,9520
-4.66092,-8.40753,-2.52173,-5.20527,2.56576,4.84143,1.38366,2.33428,-6.8044,-8.06565,-5.85269,-4.04783,-2.79561,5.95581,-7.22484,7.90119,2.44,-939.888,-301.096,-5320,-840,9940
-3.79413,-9.23894,-0.976505,-6.03293,-0.283289,3.35995,0.858117,-1.24486,-5.05191,-4.28047,-2.21506,-6.77436,0.786712,1.0454,-0.540361,2.09978,1.464,-938.424,-299.144,-5460,-840,10080
4.28264,1.20612,1.92157,1.63351,1.54987,-0.605496,0.864127,-3.44821,4.84944,0.30463,-1.15996,-1.18005,-0.16412,-1.52706,2.12826,-2.86793,1.952,-941.352,-294.264,-6300,-1260,10080
20.1734,18.3192,11.7044,19.2751,13.8961,3.73571,9.58832,3.05523,16.5823,13.7155,9.7918,16.5011,4.90937,8.44273,15.2388,4.97543,1.464,-942.328,-303.048,-6300,-700,9660
12.8337,6.00309,4.14389,9.42913,1.74941,2.32894,2.08668,0.0770382,3.95039,8.69595,8.53655,7.31232,3.08846,-2.25411,10.0581,-2.68826,-1.952,-939.888,-305,-5600,560,9520
-2.29811,0.948099,-8.72546,1.51547,-15.4607,-3.84417,-11.0649,-5.17078,-3.00323,-4.13875,-1.02507,-4.51895,-4.4168,-22.9436,-1.43576,-13.757,0.488,-941.352,-310.856,-4900,2940,9380
-7.78686,1.98145,-12.3641,-1.36277,-16.0405,-15.8242,-11.415,-9.47428,-0.442186,-8.33431,-1.9139,-6.09185,-8.67542,-24.8003,-5.5471,-14.3878,1.464,-940.376,-309.88,-4200,4620,9100
-15.416,-16.3378,-17.0705,-22.5755,-24.8717,-25.0588,-17.9576,-18.9205,-11.0798,-13.2918,-6.03541,-17.9473,-11.9149,-27.1415,-23.43,-18.7649,-2.928,-946.72,-311.344,-3640,5600,9520
3.45258,-5.85713,-0.964256,-12.4307,-8.8382,-12.2113,-5.91135,-9.06358,-2.29162,4.28267,4.332,-3.16241,1.76559,-6.49167,-9.25131,-6.37668,-1.952,-946.232,-310.368,-3360,6440,9940
14.7678,10.4705,15.6837,4.70827,7.63186,3.39852,2.1792,5.85012,15.2444,21.0225,13.6579,11.4295,14.5865,14.8281,6.41029,4.58898,-8.784,-945.744,-308.904,-3500,6720,10500
10.9319,9.70764,15.5171,10.3186,9.63486,12.5721,2.48949,11.1935,10.893,12.344,8.1082,12.294,11.581,13.0831,8.23548,4.57623,-10.248,-951.112,-304.024,-4060,6440,10920
12.8613,12.066,11.6889,12.0289,13.3609,8.35021,6.38726,9.18904,9.53268,3.81342,-3.72243,14.8132,2.79903,14.4972,8.37996,5.33102,-8.296,-953.552,-300.12,-4480,6020,11200
11.7957,8.83386,4.22571,2.14802,10.1482,4.57372,6.05294,5.90881,8.54011,1.39571,-8.4878,12.2965,-2.06336,13.9896,-1.46304,8.48354,-15.616,-955.504,-294.264,-5040,5740,11480
5.73154,7.2737,4.33955,0.67028,12.2459,9.73947,5.83796,6.00294,7.5692,0.0841508,-4.4174,9.30555,4.7172,17.6486,-5.2852,10.2323,-15.616,-955.016,-295.728,-4900,6580,11760
-5.60855,-4.12337,2.24274,-2.03634,10.3292,9.72335,5.91858,5.34911,-1.57065,-4.205,-4.54373,-1.05592,3.91859,15.1557,-3.18915,8.69643,-19.032,-956.968,-297.192,-5040,7420,11900
-17.4355,-11.0408,-0.721431,-4.15694,3.02216,4.29747,2.66056,1.74509,-7.02754,-3.14959,-3.65436,-12.044,-0.449553,6.98106,-1.82096,3.55231,-21.472,-956.48,-299.632,-5600,8540,12040
-32.329,-9.43672,-0.0368013,2.30032,1.18284,2.79462,3.57844,1.7507,-8.89266,4.10768,4.59159,-19.4502,2.6083,1.98469,6.33517,2.38244,-19.52,-955.992,-299.144,-6020,9380,11900
-20.5731,-26.0644,-14.1467,-9.00925,-7.77871,-2.3602,-3.70104,-3.77838,-36.808,-22.1811,3.95695,-17.4794,-1.14944,-8.05644,-3.55878,-3.20906,-21.472,-955.504,-301.584,-6860,10080,11900
-2.79811,-21.0304,-13.5306,-13.0662,-9.25161,-2.38068,-4.09218,-2.55151,-28.1727,-17.8369,1.86511,-7.97648,-5.22038,-11.7065,-7.91107,-4.08217,-20.008,-955.504,-301.096,-7280,10640,11900
0.0632571,-6.45317,-5.73287,-9.7183,-10.5988,-8.26398,-7.69529,-8.10284,-1.49293,-0.630941,-18.7411,-4.10495,-16.6693,-12.3849,-9.16087,-7.88197,-21.472,-955.504,-301.096,-7560,11620,11760
6.62578,10.3557,0.665906,4.07149,-0.699453,-1.31044,-0.652421,-0.101865,12.7734,1.36688,-14.6868,8.88388,-9.33529,-2.26026,2.21237,-0.685138,-19.032,-952.088,-300.608,-8120,13160,11900
10.7149,11.1336,2.04766,5.43775,2.55667,2.90153,3.65597,2.65689,14.034,-0.261255,1.42691,10.5975,0.706625,1.63378,8.50195,1.91534,-19.52,-952.088,-303.536,-8400,14700,12040
0.953142,1.84626,-1.72796,-2.74912,-2.70886,-0.902059,-2.5175,-4.13343,2.66544,-1.66705,-0.67369,-0.405224,-0.00281295,-0.632267,0.159073,-2.48846,-19.52,-950.624,-303.048,-8680,16520,12320
-2.73085,-2.94611,-2.57121,-1.47474,-2.93919,-2.74815,-5.00605,-8.623,-12.5708,5.37887,5.89773,-4.33042,1.44718,-1.83737,-2.27572,-4.94679,-18.056,-951.6,-302.072,-9240,18480,12460
2.62929,2.08507,7.07985,5.44625,3.28052,2.99318,1.39852,-1.91377,-10.5515,20.2109,20.7147,1.55438,9.83306,4.817,1.08699,0.154413,-16.592,-952.576,-305.488,-9240,19740,12600
-18.599,-4.75023,6.20209,-2.22593,-2.42809,2.70715,1.16639,0.443982,-3.93917,19.0231,22.3511,-13.5491,9.08229,0.400973,-0.995311,1.49602,-14.64,-948.184,-305,-9380,21840,12880
-8.1671,-4.24816,-3.08291,3.94232,0.302327,0.389579,2.8553,0.284105,-4.64823,-8.87755,14.8636,-4.70188,7.27626,-4.08168,4.45664,0.400928,-16.592,-951.112,-309.392,-9380,22960,13020
5.23613,-4.50867,-13.9372,-1.41734,-7.13023,-8.93561,-6.28186,-6.77612,-5.10175,-29.264,-5.57688,-0.128345,-6.28795,-11.1372,-1.96896,-7.38059,-17.568,-953.064,-300.608,-9940,25060,13160
10.0321,6.67135,-1.66123,3.11379,-2.99447,-5.9493,-1.22874,-0.309319,11.2823,-7.22055,-26.6789,4.97399,-11.8365,-4.29831,2.6058,-1.34798,-17.08,-955.504,-305.976,-10360,28000,13300
11.2171,9.38957,4.31388,2.30401,1.64032,1.35406,3.16243,5.72114,15.5228,2.9464,-17.094,8.70647,-2.54507,3.49511,1.22384,3.35957,-18.544,-959.896,-304.024,-11060,30100,13440
10.2248,7.80634,8.42541,0.637761,5.58778,5.79996,5.33212,7.79671,13.6507,8.74179,13.5726,7.94228,8.27661,8.35827,1.34793,7.86527,-24.4,-961.36,-298.656,-11620,33320,13440
14.581,11.839,10.1483,5.5528,9.70507,3.77718,6.96858,5.45828,16.007,13.2118,10.587,11.1951,6.10223,7.06964,5.93925,7.87942,-27.816,-965.752,-301.096,-12460,35420,13300
19.1196,16.9028,10.426,12.1806,10.6589,2.0685,7.76808,3.15922,23.409,13.5362,-0.270733,14.7807,2.77226,6.64163,6.71343,7.04124,-27.328,-970.144,-301.096,-13020,38360,13580
19.7451,17.9568,11.4042,17.7545,15.0055,8.39987,15.4297,10.6379,20.6127,9.28945,-5.10364,17.1046,5.58057,12.0359,10.524,14.6597,-29.768,-968.68,-300.608,-13440,41440,13440
-10.1916,3.31339,0.826894,8.0094,3.49608,-0.63015,6.3301,5.17306,3.93362,-0.0853552,-8.49742,-6.41635,-1.04737,-1.01876,10.0431,6.17366,-33.184,-969.656,-301.584,-13580,42840,13160
-30.1752,-12.2636,-10.7062,-3.00782,-13.7925,-9.57314,-10.7221,-2.9719,-12.72,-4.36476,1.74299,-24.6884,-3.26863,-20.1986,-0.390058,-12.4817,-35.624,-969.656,-305.488,-13860,44380,13020
-13.1888,-34.007,-25.2645,-25.8199,-28.3479,-14.9693,-24.4593,-9.352,-39.5594,-28.1382,6.43292,-23.7152,-7.65047,-24.9972,-24.294,-25.0914,-40.504,-971.12,-306.952,-13720,45080,12880
-4.14539,-19.5963,-13.801,-26.8964,-19.5218,-10.874,-20.6191,-9.40323,-22.498,-17.5527,-13.3877,-10.4098,-13.369,-9.79033,-28.1112,-16.7837,-38.064,-964.776,-309.392,-13580,45780,12320
2.87003,3.77753,3.56274,-11.8721,-1.34321,1.98527,-7.05223,-3.61436,7.57958,2.57617,-21.7339,4.07083,-6.88136,5.83398,-10.5999,-2.03485,-38.552,-964.776,-307.928,-13860,45920,12040
6.64798,8.61945,6.00003,3.61785,10.2335,5.86078,5.96847,-0.895098,12.4327,3.19411,4.24784,9.35044,2.85584,6.20523,5.67723,3.64726,-41.968,-962.824,-312.808,-14420,44940,11620
-6.5753,2.10781,0.518622,7.68352,5.78382,-3.61684,6.53209,-7.63947,-3.65908,-3.06998,6.46659,2.50328,1.37511,-1.9845,7.10737,-0.367976,-40.992,-962.824,-313.784,-15260,42560,11060
-7.72449,4.94875,4.58063,11.3069,7.22001,2.00057,10.2882,3.78299,-9.57804,-1.52769,0.214013,5.76039,6.78794,9.08763,12.2978,7.11616,-45.872,-959.896,-316.224,-15680,39620,10780
-1.34083,8.82947,5.38811,4.50098,6.29599,5.39662,2.4881,3.5824,-0.242505,3.34372,-2.34402,7.89978,4.04075,7.95151,2.10358,4.72539,-46.848,-955.016,-318.176,-16240,36120,10080
3.27782,6.96003,4.64243,2.9312,4.30226,6.43846,-0.564206,1.89458,3.17249,10.3887,3.22501,8.04314,2.5595,2.58081,0.265283,1.79511,-49.288,-957.456,-321.592,-16380,33180,9660
-1.28554,-1.09231,-0.0526608,0.680955,-1.60984,-0.172554,-2.99072,-4.25845,-3.08379,11.4744,5.94964,-0.445581,-2.72631,-1.21232,0.936029,-2.53667,-46.36,-952.088,-316.712,-16660,31220,9100
2.91501,-2.76082,4.51189,-0.418126,3.99304,7.09564,4.0218,3.74063,-3.93154,13.1076,18.018,3.06672,3.66155,8.18354,5.58094,5.98365,-50.752,-953.064,-321.592,-16800,29120,8540
1.64878,-9.80551,6.19138,-9.70451,3.05912,12.5543,2.79181,7.18069,1.2465,11.6519,19.686,-0.814077,7.81663,10.8697,-0.602535,7.64546,-47.824,-949.16,-326.472,-16940,27440,7840
1.44637,-6.29977,4.63583,-3.83712,6.4632,9.75156,3.48711,3.48268,4.59146,3.98087,3.01019,-2.32312,5.03085,6.01974,1.31579,2.91557,-42.944,-947.208,-328.912,-16520,25060,7280
2.19011,2.75618,0.488035,10.8003,8.46293,1.24183,6.6812,1.08285,5.83413,-5.66788,-7.73068,0.607238,0.565174,3.16166,9.10049,0.451561,-39.04,-949.648,-333.792,-16100,21700,6860
-3.0531,-0.190138,-3.82774,8.22542,-0.508869,0.669749,1.71583,0.778907,-0.915021,-14.3429,-10.4037,-4.38504,-0.59279,8.41587,6.51185,2.68751,-36.112,-954.04,-333.304,-15400,18760,6860
-4.47445,-6.90092,-8.07788,-8.56938,-9.76312,2.05859,-9.07965,-6.45053,-5.67341,-16.8885,-8.81407,-9.0016,-3.46072,-3.07391,-13.2571,-5.85755,-34.648,-958.432,-336.232,-14980,14700,7700
2.86925,-12.4912,-7.56339,-19.0418,-13.3373,-6.17929,-15.7759,-9.08998,-7.48302,-6.17943,-7.2123,-7.49107,-6.07532,-13.5497,-24.4938,-15.3216,-34.16,-958.92,-334.28,-14140,12320,8400
-1.31643,-7.66586,-12.6074,-5.28612,-11.2034,-18.8472,-12.2837,-6.37438,-4.91604,-1.78187,-12.4114,-6.75837,-13.7641,-19.4111,-12.1002,-14.4732,-30.256,-963.8,-329.4,-13300,9660,9520
-8.97231,12.3046,-6.92889,15.0752,1.74801,-21.6831,4.19483,0.100044,17.5447,13.1049,1.3301,-3.89967,-11.3836,-18.8402,8.8322,-0.600564,-31.232,-962.824,-328.424,-12600,8680,10500
-9.80584,8.76633,-13.769,19.076,-1.25687,-19.4737,16.3968,-1.89827,5.81551,-3.42502,11.7035,-7.51965,-5.41718,-28.1071,18.7397,4.62416,-28.792,-963.312,-325.008,-12460,8540,11340
6.66822,3.38461,-17.738,13.8952,-15.119,-23.3558,6.15822,-10.7936,-3.55994,-16.2886,5.62218,-4.66565,-8.40373,-30.4013,7.19046,-4.99635,-28.304,-962.336,-321.104,-12180,9660,11760
20.8261,16.0017,12.6527,4.21732,-7.52091,-2.53655,0.342997,9.47536,18.3245,12.0511,-6.72349,10.0928,2.43874,18.433,6.87498,9.7575,-28.792,-963.8,-318.664,-12740,11060,12180
28.6269,20.9181,31.8985,-3.26536,18.6318,29.7365,9.08668,26.3771,26.7005,17.3023,1.94261,24.524,22.5737,53.8291,13.594,26.8656,-27.816,-960.384,-321.104,-13440,13160,12180
16.8691,3.90017,27.8825,-10.7814,24.5044,44.3401,6.839,19.1913,7.39728,9.50103,12.8485,17.4591,28.4573,47.4046,2.82998,16.6841,-27.816,-961.36,-315.736,-14280,15260,12320
-13.5543,-23.9367,8.86942,-19.0695,10.9565,24.7171,-4.68164,-4.95958,-29.4049,-1.75846,1.57068,-6.59257,9.58572,21.8075,-17.0705,0.558674,-29.768,-959.408,-312.808,-15260,16520,12040
-26.4538,-29.569,-3.9655,-21.3875,-0.777525,9.32841,-11.2549,-12.5482,-34.0789,-8.24297,-4.6556,-14.2411,0.731474,-3.40183,-29.618,-7.23216,-28.304,-958.432,-311.832,-16240,17500,11760
-26.0265,-18.3386,-15.7638,-5.67682,-11.8898,-6.79394,-13.0752,-16.5084,-23.8509,-14.8798,-13.6707,-14.0231,-9.85677,-40.9661,-20.2717,-18.6257,-22.448,-956.968,-313.784,-16940,17780,11200
-15.4145,-3.87741,-15.1824,5.30759,-21.8896,-26.8085,-15.0487,-12.3603,-12.4483,-16.3817,-17.0217,-7.4304,-16.7629,-33.4278,-3.82333,-19.0596,-23.424,-955.016,-310.368,-17220,18060,11340
8.46979,23.5138,15.9235,18.2825,3.12769,-0.163875,11.679,11.0372,16.691,13.3625,5.66623,16.2637,7.7728,25.4723,27.0776,12.7811,-17.08,-953.064,-312.808,-17360,17220,11060
17.0406,23.6509,25.2437,6.54805,28.7204,23.7224,25.4275,21.5562,23.9187,16.7459,19.9805,22.2123,24.221,41.9499,26.322,28.0007,-17.568,-952.576,-313.296,-17500,15680,10500
0.715614,-3.30184,7.6488,-12.3575,12.8532,15.9639,7.07315,7.76982,4.1938,-3.4197,10.2842,0.11722,10.7169,14.452,-0.191082,9.11318,-14.64,-949.16,-313.296,-17500,13160,10500
-6.62345,-12.3788,-22.4363,0.844309,-2.81833,-24.0876,-8.86281,-24.1617,-10.3037,-15.9433,-14.18,-11.074,-29.7682,-47.964,-5.26247,-26.0027,-10.248,-948.672,-313.296,-17360,11620,10080
3.58769,4.40494,-36.906,17.8166,-26.6263,-50.9427,-20.3763,-24.0961,-0.651625,-12.9663,-15.655,-5.15228,-43.5998,-62.1184,-2.51538,-35.8123,-5.856,-945.256,-310.856,-17080,9940,9660
27.3581,36.3704,8.88989,31.6633,-1.26629,-4.99568,13.5847,18.4736,28.3924,23.0463,25.9345,20.0924,11.2106,20.6327,26.0603,18.2082,0,-943.792,-317.2,-17220,8120,9100
-3.93877,7.9542,19.0653,-12.7995,7.3085,24.5363,12.118,21.4915,8.09935,19.4764,32.478,-2.75235,29.3185,31.8582,-0.654261,21.5868,0,-946.232,-321.104,-17080,6860,8960
-33.9533,-30.4411,-8.83642,-25.0907,-15.973,5.66466,-16.4034,-2.96328,-22.6158,-2.9024,14.3746,-32.7622,4.36975,-17.4449,-26.646,-14.3144,3.904,-947.208,-324.032,-16520,4760,8960
-2.79423,-30.6079,-34.8663,-5.31835,-17.9243,-44.9861,-21.9487,-26.9693,-27.9103,-22.2,-19.0579,-17.547,-44.3192,-55.3,-17.4303,-31.1614,1.952,-941.352,-325.008,-16100,2660,8960
34.2085,24.1495,-11.7448,33.8278,8.83788,-40.1841,16.9419,-7.00282,14.318,7.71156,-27.2855,27.3237,-39.7449,-23.5616,24.0182,3.37516,-0.976,-941.84,-330.864,-16100,-420,8820
30.6286,42.6696,7.08492,34.5721,9.76941,8.49914,23.1584,10.265,47.8374,11.0986,-15.371,29.1381,10.8058,13.0706,29.8336,15.6739,-0.976,-941.352,-328.424,-15820,-2660,9100
0.960843,0.48047,8.76657,-12.8662,-6.25374,24.7611,-3.3208,7.6915,18.2038,2.96577,11.9759,-4.69232,33.625,26.5175,-5.37705,2.38754,-1.464,-945.744,-327.448,-15400,-3920,8960
-18.4301,-30.811,17.4367,-38.0025,-4.34199,27.1711,-12.0943,6.7654,-9.27414,10.1409,5.26286,-17.3364,27.7965,39.3526,-19.9469,5.41042,-4.88,-945.256,-326.96,-14980,-4620,9100
-25.805,-39.4131,8.04816,-32.4014,6.03784,31.0034,-8.70685,1.57187,-27.678,-17.9821,-22.3591,-14.9751,12.3247,25.0194,-26.2747,5.94878,-6.832,-949.16,-325.496,-15120,-4480,8960
-24.4163,-31.8671,1.78635,-20.8721,-1.78594,26.5856,-10.9071,1.06125,-31.3805,-23.9254,-28.407,-11.6241,4.95927,15.046,-28.2705,1.18683,-8.296,-954.04,-324.032,-14980,-4480,9100
8.02001,0.788723,16.8112,1.56797,11.4929,26.1946,4.62407,10.7086,-2.16587,1.58999,-3.55751,10.9258,14.6908,27.3414,-2.75506,12.0281,-13.664,-958.92,-325.008,-14840,-4900,9380
10.955,-1.11506,17.592,-0.933661,13.8199,19.3981,10.5348,7.35299,-6.6499,5.24606,4.64214,9.1398,13.5843,25.0943,5.85439,12.6418,-15.128,-960.872,-323.544,-14700,-4760,9520
-6.57294,-14.7134,-0.450852,-15.1095,-3.18228,-9.69831,-9.37937,-16.7197,-14.9628,-9.22029,-8.15072,-7.98341,-5.9863,-0.434543,-10.4191,-13.0644,-19.032,-963.8,-320.128,-14420,-4060,9520
-9.19186,-8.44365,-14.6124,-7.77361,-8.23206,-23.9616,-19.1501,-21.6062,-13.5403,-7.22174,2.87996,-10.0805,-20.3472,-29.5348,-13.4191,-29.2331,-21.96,-964.776,-320.128,-14280,-2800,9520
-11.1636,0.723839,-43.4574,11.5927,-14.1789,-55.8791,-21.0808,-28.4119,-27.4932,-13.1659,-8.52486,-10.1705,-69.713,-95.7771,-3.51383,-42.678,-24.4,-964.776,-318.664,-14000,-1120,9660
10.9929,47.8187,-40.1496,55.9151,-7.72518,-64.7328,8.74067,-7.66099,18.5415,-14.8504,0.214631,14.1034,-52.826,-77.74,34.6657,-12.8145,-27.328,-964.288,-323.056,-13720,-420,9940
36.8999,68.7992,7.52243,51.2104,-9.06724,6.10108,32.609,34.9195,65.6321,10.7161,28.594,24.6326,23.9058,22.4505,52.5426,41.861,-31.232,-965.752,-321.592,-13440,-420,10500
36.9697,48.6955,43.5862,10.2323,19.8121,35.7682,35.6523,35.0772,63.6898,38.889,35.3782,20.145,42.6627,59.5878,41.4595,50.3355,-37.576,-968.68,-324.032,-13300,-2520,11200
12.5197,-2.00474,26.1522,-18.1901,27.5766,14.0807,17.6722,4.78822,13.0037,24.3698,21.1043,8.71673,25.6148,37.0743,11.2446,16.3182,-39.528,-967.216,-325.496,-13020,-4900,11340
-20.4901,-19.6227,10.383,-13.1815,14.6012,5.13979,4.08259,-12.2114,-18.7064,21.4138,17.6307,-6.73572,15.5612,20.148,-9.06281,1.8412,-41.48,-963.8,-321.592,-13160,-7280,11760
-25.6238,-7.09807,10.81,-3.9396,6.46848,23.9319,-0.25267,5.01737,-9.3552,18.6501,30.3134,-11.2028,22.83,22.3822,-10.6968,5.72343,-45.872,-963.312,-317.688,-13300,-8820,11900
-15.2041,-20.066,-5.3034,-9.42509,-1.17303,18.6065,-8.85821,4.33826,-34.8146,-19.8175,5.59422,-12.1566,2.91421,8.79916,-9.12092,-4.08796,-43.92,-960.872,-317.688,-14140,-10220,11340
-14.2772,-19.3441,-7.18659,-11.9401,-4.18816,7.76137,-9.53689,-1.75164,-27.6409,-17.8926,-28.7885,-8.49786,-6.77326,9.96921,-7.66782,-4.25169,-41.968,-958.432,-318.664,-14700,-11200,10640
-0.497919,-1.35709,6.13987,-7.38614,6.74057,19.8176,0.113003,8.52374,0.588388,-1.71057,-29.0857,5.10696,6.52187,21.5281,-8.30063,6.33027,-44.896,-955.992,-313.784,-14700,-12740,10220
-0.593847,3.46495,7.64224,-1.02109,9.90942,11.4243,-0.79638,0.234929,-0.317067,-5.13885,-23.8452,6.07216,2.24893,13.3859,-10.9934,0.366871,-45.872,-953.552,-319.152,-14420,-15820,9940
2.36233,6.65523,3.25771,10.7556,9.32353,3.38823,-0.207009,-4.18475,3.41559,-1.6334,-12.118,9.87286,-1.19862,-1.57312,-6.38694,-4.60221,-43.92,-953.552,-320.616,-14560,-19040,9800
-3.54118,-2.36401,-7.32565,3.18906,-8.37256,-7.2055,-8.29071,-10.1836,2.85761,-5.38759,-9.99875,-0.761577,-6.31449,-18.3962,-12.3198,-12.2563,-42.944,-949.648,-328.424,-13860,-23940,9660
-9.73232,-8.1578,-24.7469,-1.69194,-20.4306,-35.3992,-18.0709,-27.7829,-0.196629,-11.8496,-6.60206,-11.797,-18.0487,-64.7459,-13.9982,-35.3354,-38.552,-945.256,-332.816,-12880,-28420,9520
-13.9253,-8.0468,-51.4288,7.4747,-43.4118,-89.4857,-32.8121,-48.2141,-7.70107,-21.1153,-11.7636,-22.8273,-42.8126,-121.994,-8.06067,-65.1489,-32.696,-941.84,-333.792,-11900,-31780,9660
10.2029,8.09667,-16.0722,11.7514,-54.6819,-56.2272,-22.2913,-9.66913,13.6144,9.32071,11.7504,-6.12198,-13.2855,-47.8332,5.9491,-21.5037,-31.232,-937.936,-335.744,-10500,-35420,9380
40.2006,14.2867,35.6187,-21.4483,-10.6018,15.397,5.05808,31.4832,34.5464,41.0995,38.4985,21.8286,27.144,47.0098,-0.542153,33.8362,-25.376,-930.128,-335.744,-8960,-37660,9380
19.6993,-9.82546,32.9324,-32.9669,23.7337,50.1963,19.5546,34.7822,6.31087,20.1991,18.3373,16.5496,29.3856,66.2234,-9.34155,43.7646,-19.52,-930.128,-336.232,-7420,-39760,9100
-3.88263,-24.1044,11.357,-8.87826,26.2776,41.5474,15.627,16.5013,-20.7061,-7.93217,-10.056,0.585476,9.30509,40.112,-4.63597,23.2588,-12.688,-927.688,-337.208,-6300,-41160,9240
-10.3013,-19.7919,-4.50891,3.61755,13.866,15.4913,4.9691,1.04622,-26.9758,-17.8395,-18.0912,-8.65941,-2.17165,8.84064,0.0274222,0.863444,-6.832,-924.272,-334.768,-5460,-41720,9240
-21.5275,-25.9615,-14.3153,-7.4889,-4.92666,0.40872,-7.25488,-3.51691,-30.3162,-24.4535,-17.3114,-19.6838,-10.8361,0.158279,-6.96967,-7.33795,-1.464,-918.416,-331.352,-4340,-41580,9520
-18.173,-24.8768,-11.5853,-15.8374,-5.38882,4.44675,-6.80187,1.6803,-21.5234,-17.2997,4.17021,-18.3766,-2.68647,7.23621,-8.04549,0.479128,1.952,-921.832,-336.232,-3640,-40880,9520
-8.2438,-13.0516,0.011592,-10.8388,4.52201,15.3135,-1.01734,4.9421,-8.81598,-14.9677,1.16547,-7.81662,4.9642,21.1826,-6.36907,8.11994,10.736,-920.368,-332.328,-3080,-39620,9800
-12.9554,-12.487,-0.251205,-10.4463,6.91008,11.9131,-3.09869,-3.58395,-10.105,-12.3835,-16.744,-7.65883,0.573111,9.11475,-13.963,-1.79717,11.712,-923.296,-337.208,-1400,-38780,10220
-12.5454,-4.78223,-18.8865,14.2979,-3.99842,-21.2803,-5.27136,-26.3243,-13.2756,-16.16,-28.7493,-6.73789,-28.5049,-51.0449,1.63082,-31.5022,12.2,-926.224,-337.208,-1540,-37520,10500
17.8377,36.9591,-10.3719,56.6996,-0.385419,-48.0348,11.9346,-20.0046,25.0887,4.12749,-19.1817,21.5126,-45.7488,-45.0142,47.5233,-23.5203,9.272,-926.224,-337.696,-420,-36400,11060
32.6496,44.6991,6.38961,27.8781,6.01747,-18.3216,13.8417,7.38478,47.7415,20.8617,21.5348,31.5444,-0.569966,8.11696,40.0881,11.297,3.416,-927.688,-334.768,0,-35280,11620
4.18608,13.3024,1.47512,-13.433,-0.00282829,10.462,-0.0423218,11.314,25.2922,10.2593,28.9423,2.91624,17.5604,8.87796,-0.19005,11.9583,3.416,-928.176,-326.96,1540,-32900,11900
-13.2944,0.219094,3.5725,-1.77853,5.998,17.6065,6.92057,13.3886,0.979496,3.71169,14.4415,-10.9455,14.2011,14.2277,-0.591461,16.0988,-0.488,-929.152,-323.056,1540,-28700,11760
-4.17219,-6.61553,9.16419,-2.24263,1.47392,11.6962,2.47506,6.43249,-7.65409,6.44902,5.8018,-8.58931,10.96,11.7798,-0.55809,9.70196,2.928,-930.616,-323.056,1540,-25060,11760
15.4284,-0.681231,14.6589,-0.617277,5.68241,12.421,6.3901,5.80884,0.699171,10.6975,7.57671,5.67505,13.3948,15.1305,-1.95292,10.0073,-1.952,-935.008,-322.568,1260,-21000,12040
22.3015,21.1324,17.0927,13.8024,15.2723,11.7242,13.3805,4.9967,18.1648,14.4034,3.32359,19.3909,12.8929,13.9877,7.90189,10.4831,-5.856,-937.448,-325.496,980,-18760,12040
20.4239,29.6952,13.4121,20.7957,18.4999,5.03595,16.0041,3.46422,24.6528,13.7606,4.89694,20.8536,7.81748,12.4322,15.0899,12.0247,-9.272,-940.864,-323.056,700,-16380,12460
13.2659,14.3149,7.86938,2.77247,6.40978,2.97783,4.56657,3.00175,14.0238,11.7693,10.6926,9.46601,9.35045,8.82804,-2.10583,9.56034,-12.2,-941.84,-321.592,980,-13860,13160
13.1878,7.18073,10.0111,-0.759127,3.32292,7.38815,-0.345482,5.70106,6.88978,16.0904,14.8976,7.67319,11.6367,6.90878,-1.35187,6.97976,-12.688,-940.376,-318.664,560,-11340,13440
-9.07176,-0.880648,2.03722,-2.58158,-0.967321,-1.96793,-6.38717,-1.12617,-4.91465,16.6153,10.325,-5.76141,0.710768,-4.32945,-2.16523,-5.6078,-18.544,-943.304,-315.736,420,-7280,13300
-24.6902,-7.9265,-8.24393,-7.63936,-9.45859,-6.78754,-10.6983,-7.80326,-12.8504,6.50954,15.4732,-15.322,0.356463,-13.4332,-8.05503,-15.1742,-22.448,-942.816,-314.76,280,-4340,13300
-10.8748,-17.2854,-18.607,-11.459,-13.9596,-10.464,-10.9987,-17.2007,-28.4292,-30.4386,-4.07613,-13.1528,-7.01357,-14.5749,-11.2021,-11.6603,-24.4,-939.4,-315.248,420,-700,12880
4.50918,4.24644,-3.81329,4.57709,0.705333,0.50088,2.75865,-1.94728,-3.18148,-13.2662,-34.5596,6.20179,-10.5526,2.29798,5.01078,1.90784,-26.84,-940.376,-309.88,0,2800,12600
10.3434,8.61641,2.56749,1.5386,4.20423,5.72935,2.26183,5.72577,19.5144,-2.69222,-26.8836,10.5234,-5.34523,8.19432,3.64187,1.87526,-32.208,-935.008,-313.296,-280,5880,11900
-8.75987,-13.0992,-4.41554,-15.4523,-7.33013,-1.89701,-9.20374,-1.42817,-5.05861,-6.05397,-6.32272,-6.6016,-4.88338,-5.3919,-12.2515,-6.2854,-31.72,-934.52,-311.344,-840,9240,11200
-21.5537,-19.1158,-8.89334,-13.4863,-8.66965,-6.6488,-8.30579,-3.03609,-18.5997,-15.1711,-8.62504,-12.9034,-5.01656,-6.91425,-12.7913,-6.42977,-37.088,-930.128,-311.344,-1540,10640,10500
-22.8402,-16.1438,-7.00201,-10.0838,-8.03269,-3.73555,-7.47656,-2.85603,-23.7634,-17.1596,-10.5747,-12.9216,-1.86096,-4.86298,-11.5605,-6.92204,-40.016,-929.152,-311.344,-1960,12180,9660
-28.3169,-19.0413,-5.28306,-9.11186,-8.14648,-4.67937,-6.35147,-4.68459,-36.0867,-12.6777,-10.0972,-15.8496,-3.40089,-6.4249,-5.41168,-8.2761,-39.04,-929.152,-311.832,-2380,13580,8540
-11.0912,-11.1189,-2.09773,-2.8333,-3.65151,-6.07811,0.137749,-3.40441,-21.8199,-2.75354,1.19183,-6.14807,-2.23241,-6.92355,5.64196,-5.51508,-35.624,-931.592,-311.344,-2660,14420,7700
5.87956,3.5452,0.934268,1.38011,-3.84453,-5.17165,-1.23955,-3.04151,6.28197,10.0767,8.53056,2.54825,-0.043483,-5.08738,2.21583,-5.36739,-36.112,-937.936,-313.296,-2660,15540,6860
17.1508,18.47,4.95962,6.85692,2.19343,-0.623554,-0.295369,0.434668,25.4916,13.7001,10.9357,11.4197,2.14192,1.44883,-0.356031,-1.03485,-33.672,-937.448,-309.392,-2520,16800,6440
10.895,10.381,1.85226,-3.28708,0.0542589,0.797442,-4.66187,0.0322664,19.842,5.8937,6.50186,6.23113,0.522321,4.04492,-9.40526,-0.0898711,-35.624,-936.472,-309.88,-2520,19040,5740
2.05532,1.10262,-0.526886,-6.62648,0.616582,4.52569,-2.99323,3.29667,6.72729,-0.330583,2.8778,0.11971,-0.127583,3.04208,-11.0062,1.16865,-36.112,-936.96,-313.296,-2100,21980,5460
0.610644,0.304085,-0.25178,-1.00057,3.08034,6.05796,2.54019,8.53253,2.31574,-2.60866,1.72597,-1.15647,1.2304,3.03056,-3.18352,5.06574,-39.04,-945.256,-305.976,-2100,24360,5040
-3.25041,-6.40895,-6.93675,-2.17097,-5.83971,-1.28317,-3.53992,-0.930449,-2.42575,-10.4776,-3.7771,-8.65249,-2.58706,-7.18902,-1.63743,-3.46091,-33.672,-946.72,-308.416,-1400,27160,5040
4.20412,3.91817,-5.23349,7.6381,-5.02386,-6.15783,-2.20357,-5.71765,6.49795,-3.65629,-0.1827,-3.29063,-3.75371,-15.6792,4.12685,-8.34809,-34.648,-944.768,-308.416,-700,28420,5180
8.60733,3.0127,-4.1817,2.00771,-7.84622,-14.9487,-4.96409,-8.31133,5.8179,-1.30004,3.68966,-1.60251,-6.85032,-11.8113,-1.01529,-8.29852,-35.136,-945.256,-306.952,140,29540,5600
13.0157,9.67455,5.39316,6.40923,3.02692,-2.00018,5.45118,3.35371,3.27832,8.01951,10.6192,8.00052,1.40109,4.6341,6.73045,5.70985,-35.136,-945.744,-312.808,560,30380,6300
12.1846,7.01499,7.14002,7.17619,7.32965,8.056,8.84778,8.47102,-2.09987,6.47268,6.08889,7.50347,4.19922,11.7116,7.23487,11.0606,-33.184,-942.328,-315.248,980,31080,6580
5.22563,-2.40813,3.11914,2.7211,7.34144,9.66661,7.64327,7.02526,-9.13167,-0.564956,-0.0587443,2.54021,3.41356,13.7755,5.2619,10.4126,-29.28,-943.792,-315.736,1120,32480,7560
-0.595354,-2.78789,2.60599,6.70284,11.1607,10.9658,12.6938,7.94432,-6.99218,-3.74157,-4.43015,1.73174,2.99785,12.8754,12.2019,12.6146,-26.84,-949.16,-322.568,1680,33180,8400
-2.26064,-4.29074,0.0860329,4.13842,6.72667,4.03726,6.95986,3.04004,-0.332803,0.493923,-0.513494,-0.302574,1.67977,4.17571,8.37443,5.44394,-31.232,-949.648,-320.128,2100,33460,9800
-3.29673,-5.33425,-1.35267,-1.68556,-0.354039,0.352582,-1.06787,-1.09187,4.70325,1.54514,3.42728,-1.72878,2.72769,-1.02882,-2.27077,0.356633,-32.696,-946.232,-321.104,2520,33880,11200
-0.761176,-1.63546,4.51724,1.81926,2.70195,3.47899,2.4514,0.910024,5.13725,7.97833,3.72545,3.00093,5.73111,2.60794,2.2208,3.60694,-33.672,-938.912,-321.104,2800,34860,12040
-1.75625,-2.07103,2.18284,3.48499,2.11231,-2.65318,1.91675,-4.34883,1.0185,3.62159,-8.86702,3.28105,-2.35212,-2.03894,6.2699,0.0430661,-39.528,-934.52,-325.984,2660,36680,12460
0.648033,-0.676337,1.61507,4.23493,0.374921,-2.88966,0.504849,-3.0193,3.86123,4.17174,-8.07797,4.86725,-2.49947,-4.69922,5.13076,-1.01908,-44.408,-926.712,-328.424,2660,37240,12320
-4.87154,-4.22132,-1.04922,-2.5546,-6.8889,-4.73634,-6.53897,-5.24218,5.54189,2.70596,-5.58375,-0.783246,-3.81582,-6.18163,-2.45348,-4.80715,-46.36,-925.736,-325.984,2660,37380,12320
-5.05602,-2.2582,1.68039,-3.62934,-3.14184,-0.0730096,-4.58744,-1.51614,1.93247,2.16495,-0.991604,0.856458,-0.380272,0.235317,-3.38636,-0.870858,-44.408,-925.736,-321.104,2660,38220,12040
-2.03435,-2.85664,-0.147509,-6.63755,-1.71683,0.0517542,-5.62534,-2.40403,2.78621,-0.389254,-2.85514,0.267692,-0.300297,0.715258,-7.53519,-0.970646,-42.944,-926.712,-318.176,2800,39620,12040
-0.827465,-3.89918,-2.72456,-4.27732,-1.56019,-1.83415,-3.90217,-3.20544,6.9198,-2.69431,-4.1348,-2.56385,-2.21237,-3.04888,-4.90772,-2.5135,-39.04,-925.736,-318.664,2660,41160,11900
-2.08803,-3.70399,-2.17969,1.42218,0.763266,-0.474781,0.855389,1.18321,-0.760325,-3.73697,2.61743,-2.97016,1.24822,-1.77029,2.2592,-0.562863,-37.088,-923.784,-315.736,2800,41300,11900
-8.78435,-10.1882,-3.34442,-2.00683,-2.52362,-1.6637,1.44285,1.37075,-15.5476,-7.40365,2.9156,-8.14357,1.66287,-2.16619,0.531315,-0.125268,-34.648,-923.784,-322.08,3080,41020,11900
-6.54784,-12.308,-2.21666,-8.21231,-3.61359,-1.91243,0.214298,0.694637,-16.6615,-5.22985,3.16273,-8.10268,-0.86625,-2.99793,-7.28971,-1.32162,-35.136,-924.76,-324.52,3500,39340,11620
6.54701,5.98466,3.48995,7.39971,5.93631,0.520599,3.69597,1.00327,1.27986,1.02092,4.49563,5.22151,0.757669,0.151419,3.91395,-0.234572,-32.696,-925.736,-326.472,4480,38080,11620
11.3006,20.2056,5.39618,17.751,9.8017,2.26992,5.90846,2.8094,13.836,4.67832,4.11734,12.3525,3.69555,5.82388,12.0503,1.03787,-29.768,-927.2,-324.52,5180,37100,11060
2.92986,8.52962,0.328101,0.298247,2.77859,3.33907,3.40809,4.44619,4.29075,-0.146034,4.38236,2.92635,2.67003,4.58499,0.581783,1.83669,-28.304,-929.152,-324.52,6160,36820,10920
-9.32415,-8.11728,-7.89485,-13.0119,-5.34013,-6.66938,-3.75114,-7.90663,-11.4513,-8.03277,-0.703172,-9.52467,-3.84533,-8.0571,-7.24038,-8.45256,-23.912,-930.616,-325.008,7840,37240,10500
-5.46958,-1.53904,-2.96369,-6.27947,-4.63944,-5.23199,-6.46593,-5.21788,-2.8048,-2.90024,1.58557,-4.5865,-1.92892,-4.41144,-7.12117,-8.55627,-18.544,-933.544,-317.688,8960,37520,10500
2.1995,3.12589,2.41682,-6.22007,-5.25511,1.24444,-8.82629,2.67902,5.40374,1.6543,1.95225,0.459235,2.4324,3.61312,-10.0282,-1.20191,-15.616,-935.496,-313.296,9660,37940,10640
0.184424,1.57468,1.95697,-9.14726,-3.61223,4.91389,-4.8813,3.30875,0.134663,0.0961651,-1.56549,-2.46513,2.09974,6.03127,-8.54382,2.82284,-10.248,-938.424,-309.392,9940,39340,10780
0.436048,2.28573,3.06171,-2.9162,2.65935,8.09578,4.82467,6.71464,-2.62686,4.23175,-0.407495,-0.770439,2.14715,8.43886,-1.29487,7.22145,-8.296,-937.448,-303.536,9660,40740,10920
1.63921,3.26917,1.01693,2.14428,2.78996,4.5927,6.18969,2.91781,-1.74482,2.07344,-4.10333,0.317976,-1.95105,5.7116,4.90058,4.96247,-9.272,-937.936,-299.144,9240,43260,10640
7.36992,11.2597,5.37216,7.47025,7.25688,7.02148,9.14189,3.3294,2.753,6.96743,-0.86913,7.57175,1.68682,9.7162,8.52838,5.23312,-5.856,-932.568,-297.68,8680,45360,10220
12.3947,19.9774,9.98832,12.9763,9.52793,9.70622,5.95898,1.01551,9.96099,10.581,0.437228,13.4238,4.3947,13.5773,9.96303,3.57551,-5.856,-932.568,-299.632,7560,47180,9940
4.94264,17.2619,0.778303,10.55,5.93112,-3.22909,-1.39944,-7.66146,6.61885,4.11829,-3.19366,7.64055,-4.35627,-6.79831,5.75628,-7.18173,-7.808,-932.568,-301.584,6860,49840,9660
-4.10581,4.82867,-14.0044,3.01098,-9.73455,-21.0839,-11.3392,-13.0154,-0.336939,-3.67021,-6.80374,-5.4489,-13.5965,-34.1042,-5.76476,-19.5966,-12.2,-930.128,-304.512,6300,51100,9520
-2.37177,10.3023,-3.42101,8.87295,-12.4353,-9.56745,-5.81886,0.384441,2.30673,1.25815,-0.360212,-2.24133,-1.08958,-6.86611,1.66758,-1.88291,-11.224,-930.128,-306.464,5320,52500,9240
0.492641,5.50165,8.21111,-6.8583,-6.24175,10.2126,-1.46418,7.20816,3.25019,5.6397,6.99512,-0.035895,12.8764,20.225,-3.70487,13.0273,-10.248,-926.224,-306.952,4760,52920,9100
0.401953,-6.29348,10.5323,-15.8877,6.68323,21.677,5.07133,9.4462,1.44333,1.8839,5.9954,-0.15804,14.2652,23.5204,-4.47713,15.5683,-13.664,-927.688,-310.368,3360,53340,9100
-7.7693,-15.5335,2.66785,-7.42077,9.62923,16.3505,3.4947,4.23973,-7.50021,-7.41269,-6.17664,-3.39028,3.06198,11.9476,-3.79973,5.71727,-12.2,-931.592,-311.832,2660,53620,8960
-16.8778,-15.316,-24.9542,5.95434,3.04078,-29.3927,-6.01027,-19.5183,-15.7855,-20.619,-17.701,-9.97946,-27.9291,-51.4424,-1.36747,-21.8239,-14.152,-932.568,-312.32,1960,53900,9380
-13.437,-4.72183,-39.583,21.1054,-13.9074,-75.5522,-6.69467,-31.7176,-9.53885,-24.213,-15.3836,-11.2651,-44.0309,-76.7504,12.9437,-30.7478,-15.616,-935.984,-313.296,1540,54460,9800
21.6364,22.1825,5.22429,32.2563,-13.4666,-12.1076,12.4066,13.1684,24.2396,13.1388,25.7293,11.2838,9.46187,1.18637,32.4769,9.64941,-13.664,-934.52,-315.248,1540,55160,10080
29.081,4.14697,25.4383,-10.818,-8.19575,34.4451,5.79458,26.7134,23.5842,25.1661,35.9413,9.09847,33.4082,40.775,5.90623,21.779,-13.176,-935.984,-321.104,1400,56140,10500
9.86835,-26.2459,20.076,-43.6828,2.63789,40.5278,-5.08376,18.5085,1.5909,8.8849,15.1888,-1.63734,25.118,45.6375,-24.6637,18.1424,-14.152,-936.472,-318.176,1820,57120,10640
-11.1181,-32.0982,12.2106,-26.4228,16.1987,41.6785,1.31912,15.1229,-16.6559,-10.0678,-4.44053,-4.82117,17.1267,44.069,-19.8975,20.5276,-14.64,-934.52,-324.52,2240,57960,10640
-25.9547,-32.3265,-4.07598,-11.617,11.4468,18.2945,-1.1154,-1.4989,-29.1678,-23.7746,-21.8232,-13.3216,-0.494442,12.967,-15.9125,5.1342,-13.664,-936.96,-326.96,3500,59080,10920
-28.6743,-32.9456,-11.0503,-11.9074,-2.31689,-3.08139,-6.59928,-8.29786,-33.5461,-22.4248,-25.3656,-18.2089,-13.0394,-5.94062,-17.6525,-7.16167,-20.008,-936.96,-328.912,4060,59360,10920
-20.3167,-25.9302,-8.81756,-15.3963,-11.5733,-3.94009,-11.899,-4.18771,-28.5134,-13.3582,-14.2795,-13.8557,-5.11714,1.09411,-17.0303,-7.35969,-14.64,-932.568,-328.912,5040,59220,11200
-4.75043,-2.472,2.56977,-3.7588,-0.636698,5.32932,-7.77047,-5.86233,-5.17725,0.623077,-2.78302,0.463177,6.88923,9.48607,-8.48811,-5.80619,-18.056,-930.128,-328.912,5740,58800,11060
-3.25889,7.73794,-19.0104,10.1047,4.39301,-38.3276,-9.20106,-32.1652,7.01485,-0.138858,-4.95582,-1.20347,-22.1399,-60.7119,-5.13517,-36.5425,-15.128,-925.736,-328.424,5880,57960,10920
-1.01649,12.4524,-18.1608,29.8999,-13.2347,-48.3229,-4.37387,-18.2904,1.07523,4.47568,1.36839,-1.94137,-22.5297,-53.3564,14.7135,-27.5486,-18.056,-923.784,-321.104,5040,56700,11200
15.9016,23.3635,6.62121,22.1667,-12.8824,-16.0347,2.32332,-5.25733,11.423,21.9407,19.7999,10.1408,4.92801,-7.10626,21.1067,-0.512697,-20.008,-925.736,-323.544,4480,56000,10780
36.5064,37.6045,6.29133,18.1197,9.52716,-26.7852,11.2555,-19.7664,34.8693,27.9445,11.7276,25.3464,-11.9266,-34.8175,18.4399,-10.6541,-20.984,-928.176,-317.688,2800,54600,10360
57.3169,51.5451,19.5436,45.2884,13.4796,-12.0246,29.9679,15.2446,50.689,39.6531,5.92547,43.3977,-17.0543,0.829212,45.674,9.6507,-20.496,-928.176,-317.688,1400,54740,10080
50.7067,46.7992,15.5951,24.9578,7.3558,18.6696,20.3452,36.593,49.2229,25.1875,10.5268,37.2131,6.83679,24.0224,35.4935,25.8533,-29.768,-931.104,-315.736,-280,55720,9940
13.5325,20.0498,5.42459,-11.235,9.0295,25.4715,10.9179,24.5526,20.5434,-7.87074,0.506096,7.72253,17.4754,36.8289,0.169275,28.91,-31.72,-930.616,-315.736,-2660,56980,10080
-23.8539,-9.9407,4.09554,-17.6892,11.3344,34.9151,8.66755,15.5089,-16.4172,-19.9685,-6.07392,-17.406,19.0887,36.9465,-12.1099,22.1032,-36.112,-932.08,-320.616,-4200,57680,10080
-43.1006,-34.9406,-0.589755,-12.6109,9.60251,30.1508,7.02199,6.00392,-46.6878,-27.3527,-11.4491,-28.6357,12.278,26.7816,-5.64331,10.7427,-41.968,-932.08,-311.344,-7420,58380,9800
-25.3922,-22.5716,3.02283,-5.65514,8.88402,15.5129,0.692911,-4.14961,-28.5841,-13.0218,-3.29988,-14.4057,8.38662,17.7289,-1.14668,1.41227,-43.432,-930.616,-307.44,-8960,58520,9520
-7.03572,-3.86821,3.26597,-5.0906,3.13386,2.12555,-10.7965,-10.989,1.70373,2.22564,2.93975,-0.87384,4.43547,-0.93897,-10.2134,-9.6276,-42.456,-933.056,-309.392,-10920,58800,9520
-10.1323,-5.79524,-6.13017,-10.3542,-12.8896,-9.30166,-21.9041,-15.7175,1.18303,-0.455221,0.122035,-7.20639,-3.9341,-16.994,-22.4063,-21.1893,-52.704,-935.008,-313.784,-13160,60060,9100
-14.2954,-13.9465,-14.189,-20.0435,-25.4797,-18.2731,-31.5602,-17.5823,-5.19195,-5.9166,0.446086,-14.3878,-6.02679,-24.9896,-29.6484,-25.6523,-58.072,-937.936,-318.176,-14840,60620,8820
-9.87011,-11.2182,-6.92979,-10.9593,-15.6308,-8.73219,-14.9543,-4.22864,-4.83524,-0.0855088,6.44305,-9.19139,-0.150124,-8.20254,-9.34545,-5.96713,-63.928,-939.888,-320.616,-16520,61040,8260
-3.59847,-6.55447,-3.36073,-8.12135,-8.60978,-2.68698,-5.05801,-0.706431,3.6708,2.68563,4.93574,-4.47604,-1.95144,-3.66749,-2.35186,0.271462,-66.856,-944.768,-323.544,-17500,61040,8260
-1.2868,-3.688,0.552435,-5.22917,0.24552,4.44242,4.71673,7.93329,3.80196,2.6404,1.82402,2.01377,-1.20017,1.70507,0.652998,6.41468,-72.224,-946.72,-320.616,-17360,60200,8260
-4.19915,5.20856,1.0365,4.9169,5.1501,3.19279,4.79757,6.03922,1.48818,0.523434,-7.80179,4.62278,-2.33194,3.1405,3.41183,5.82647,-70.76,-947.208,-323.056,-16940,57820,7840
0.767033,12.4578,6.75033,7.82165,8.19275,4.83473,3.74419,5.46117,2.02532,7.76874,-2.98295,9.85399,2.89154,9.5032,1.37686,7.95011,-75.152,-943.792,-327.936,-17360,56420,7420
1.75432,10.4877,3.39558,5.28249,7.90873,-1.21899,3.059,-0.431532,-2.27126,2.40663,-6.77727,8.05783,-1.86997,2.50575,-2.31546,2.4304,-76.128,-950.624,-336.232,-17640,54180,6860
3.87152,5.73696,1.30651,4.00301,3.66538,-2.4386,3.80856,0.28734,-1.00026,-0.5131,-7.41883,5.00106,-5.03269,1.14236,-0.703708,0.709619,-66.368,-950.624,-334.28,-19740,51940,6440
-1.33561,-6.4104,-5.91672,-2.71064,-3.91262,-2.983,0.0372894,0.336096,-7.25105,-7.56894,-5.72737,-6.66616,-6.31478,-4.93098,-1.22315,-1.05439,-67.344,-957.944,-335.256,-21280,50820,6020
-3.9585,-15.8141,-8.8526,-7.13577,-5.58121,-4.76264,1.80229,1.0471,-12.8485,-12.9665,-3.77671,-13.7596,-5.69886,-7.90275,1.52522,0.74598,-68.808,-958.432,-344.528,-22400,49000,6300
3.74082,-9.88162,-4.3102,-2.73724,-2.79721,-2.13922,4.8286,3.91727,-2.58738,-7.75068,-0.0168657,-7.7537,-2.38139,-4.95624,6.17272,3.63126,-65.88,-964.776,-343.552,-22960,47600,6860
8.29461,-2.39376,-1.17008,3.28144,-0.564772,-2.09588,3.15222,-0.665034,1.52082,-2.05154,2.03991,-1.31699,-0.978279,-2.53755,6.45915,2.2162,-59.536,-963.312,-339.648,-22400,46060,7420
0.488617,-14.0041,-3.89777,-11.6848,-9.22002,-2.86533,-7.08767,-7.32718,-14.3558,-5.10035,1.41901,-8.12639,-1.74901,-4.14626,-10.185,-4.12763,-53.192,-971.12,-346.968,-21560,44240,7980
-0.919566,-13.1617,0.800961,-12.8313,-5.91775,3.85171,-5.72193,-1.9216,-16.677,-4.66803,2.54436,-5.74792,3.58699,3.46033,-10.8489,-3.14906,-48.8,-970.632,-345.016,-20720,43540,8400
-8.02987,-14.5993,-1.67251,-12.7585,-3.99251,2.03351,-4.69483,-1.16443,-18.665,-8.20356,-3.21955,-7.65961,0.459552,-1.20681,-9.81453,-5.4189,-46.36,-974.048,-342.576,-19040,43120,9240
1.12184,-1.08118,0.162258,1.10029,0.594513,0.708651,-1.2998,-1.27445,2.34261,-1.06358,1.3169,0.818047,2.1572,-1.54919,-1.19419,-4.63412,-43.92,-965.752,-351.848,-16800,42980,10220
14.4865,21.4063,9.63203,21.6852,12.983,3.92393,10.7467,4.33208,21.1335,12.3037,10.9356,16.1083,9.65994,12.0442,17.892,5.7713,-40.016,-968.192,-355.264,-15120,42700,11060
8.47856,19.3122,7.89032,20.1816,15.0731,3.09034,11.6763,-0.266787,10.9622,8.49598,5.97366,14.543,8.38152,9.66623,19.1046,4.62031,-35.136,-968.68,-357.704,-12880,42560,12040
6.793,14.3972,2.89182,23.3438,11.7708,-5.68659,8.68746,-5.3953,9.0781,7.14429,4.49437,10.5761,0.931687,-6.89671,21.8927,-4.36572,-33.184,-972.584,-357.704,-12740,42140,12880
7.47646,13.033,-5.93835,17.2785,0.0967144,-24.0518,-3.86907,-11.8884,16.393,4.40039,-0.678147,6.36126,-11.2531,-25.8779,7.91504,-13.4635,-26.84,-967.704,-355.752,-12740,42560,13720
19.4199,27.7199,0.948455,16.0748,-0.515219,-20.6082,-2.69632,-4.38046,30.8169,17.7197,9.47453,17.6313,-5.8953,-20.9394,2.90771,-6.40051,-26.84,-964.288,-353.8,-12460,42980,14420
16.3246,26.7388,3.10595,9.60119,-3.54878,-13.5943,1.2309,0.347489,29.4145,16.7475,9.20249,14.7692,-2.61303,-7.8117,2.92152,-0.899598,-26.352,-960.872,-348.432,-11620,42840,15120
2.12406,7.6681,7.63589,-2.91925,-3.66301,12.7842,6.31952,10.7545,9.36233,8.96071,6.19184,3.67787,8.33373,17.553,5.38605,11.11,-26.352,-956.968,-348.432,-10640,41440,15680
-8.233,-8.75598,8.15381,-11.3334,1.43708,25.2347,5.50165,15.428,-4.63301,1.96323,1.21434,-3.70102,9.86301,24.5279,1.73186,14.8561,-17.568,-957.456,-348.92,-10500,40880,16100
-10.61,-17.0063,4.21851,-15.0203,3.03816,20.1483,1.3232,11.085,-7.77125,-1.56052,-3.16814,-6.81963,4.91705,18.4929,-4.13106,10.2964,-20.496,-960.384,-345.016,-11200,40320,16240
-13.0779,-22.6763,-2.24035,-19.6838,-2.65067,10.3803,-5.37292,1.75639,-9.25424,-5.97689,-6.27186,-12.0846,0.823653,6.13389,-13.7634,2.24601,-19.52,-960.872,-345.992,-11900,40320,16100
-7.64322,-4.23374,-1.47755,-1.22036,4.10584,5.59121,1.29116,-2.09113,-0.121534,-7.31338,-8.27923,-4.56718,-0.853087,2.47326,-4.46434,2.0568,-19.52,-963.312,-354.288,-12740,40740,16660
-5.55014,9.06624,-0.482582,11.01,6.11372,0.942842,0.995515,-5.66745,-7.49701,-8.08769,-11.4814,1.39271,-4.60788,1.45402,-1.15534,-1.1996,-13.176,-964.776,-357.704,-13860,41160,16800
-3.07291,-4.22785,-2.23443,-0.105653,0.0397297,-0.341671,-0.395525,-1.36687,-14.2156,-4.91266,-4.37586,-2.76053,-2.98613,-0.865289,-1.14549,-1.81901,-14.152,-965.752,-363.072,-13580,41720,16800
-7.31917,-18.4237,-8.88633,-16.2364,-11.161,-5.12107,-7.53507,-2.95338,-16.379,-8.90546,-6.31676,-13.2068,-5.89997,-6.63608,-6.87836,-7.15986,-18.544,-965.264,-363.56,-12600,42560,16800
-3.09039,-2.13202,-1.73426,2.01426,1.72913,0.575573,-0.846481,0.611911,-15.532,-5.20118,-3.94412,-1.5546,-0.400555,2.44566,-0.83154,-0.893948,-17.08,-970.632,-366.976,-10920,43120,17080
0.115629,4.02329,-0.506863,8.04675,5.34991,-0.540046,-0.890762,-2.7068,-13.046,-4.45906,-3.35538,1.25917,-1.07916,2.08266,-4.3497,-1.80166,-18.544,-968.68,-367.952,-9380,43400,17220
-0.699029,-2.01691,-3.48946,-3.49913,-3.63702,-3.05383,-8.42714,-3.49486,-4.7797,-6.72002,-1.10635,-3.76041,-2.31342,-4.40238,-15.1373,-5.91183,-17.08,-972.096,-369.416,-8120,44240,18200
6.99232,8.50674,0.220275,-0.471182,-2.74912,0.380014,-4.92944,-0.639188,9.39555,-0.805448,5.15253,1.19414,1.7079,-3.0219,-8.2862,-2.38402,-25.376,-972.584,-374.296,-5880,44520,18480
-6.63868,-21.9721,-9.33152,-22.7653,-13.8356,-6.66706,-9.39513,-3.81781,-13.3838,-9.4148,-2.70159,-15.6203,-5.80114,-10.3264,-13.3479,-5.55437,-25.376,-974.536,-371.368,-4480,44100,19040
-11.4504,-44.6822,-12.6488,-30.6999,-17.4013,-7.1332,-5.66343,-0.0871619,-22.8531,-8.59161,-1.43922,-24.1697,-6.25791,-12.0846,-4.02045,-2.03067,-28.792,-969.656,-368.44,-2660,44100,19600
6.42628,-4.1913,-1.30769,-3.18588,-4.24147,-6.15029,-2.30453,-2.21244,11.3039,3.06956,2.64609,-0.700931,-1.16121,-6.85845,2.73438,-2.19415,-30.256,-972.584,-366.488,-700,44380,20020
9.47087,21.4377,7.5769,15.1817,6.31486,-0.493649,1.29394,0.00680979,18.4414,7.0826,2.68134,14.712,3.26597,3.39657,2.94514,0.697278,-30.744,-975.512,-363.56,0,45080,20160
-7.44619,4.60972,5.2429,0.0859673,1.62256,2.95023,-0.512856,3.25971,-6.07053,2.61058,2.52529,4.27505,4.57574,4.17283,-5.6538,3.5016,-27.816,-974.536,-358.68,980,45920,20300
-9.47997,-5.85145,-0.849362,-11.2041,-4.77456,-2.49918,-1.14124,-2.92167,1.06493,0.322307,0.964436,-2.44331,0.185186,-3.55234,-1.24174,-0.921699,-37.088,-971.12,-353.8,2100,46760,20580
6.9522,36.9552,8.06068,33.1501,18.3941,1.79415,17.6291,1.33249,26.4254,8.33213,2.69191,20.7922,3.69329,6.70876,31.1571,7.28921,-47.824,-973.56,-348.432,2520,47460,20860
-5.02098,13.5404,1.15455,19.1128,10.2403,1.73911,11.6756,2.94335,-4.76098,1.83887,1.58847,7.32554,2.98433,4.22875,19.4543,5.33145,-43.92,-970.632,-345.504,3360,46760,21000
-2.70488,-22.0987,-8.90893,-18.8019,-12.0976,-5.42394,-5.33098,-4.0384,2.67342,2.13696,4.55259,-12.1952,-1.36613,-7.80943,-6.24796,-5.56948,-44.896,-967.216,-345.992,3780,46760,21560
23.0436,12.0284,3.41663,-5.70001,-3.24043,-2.05369,-8.15031,-5.15019,45.382,17.3918,12.4736,8.84598,3.51174,-2.55356,-14.0416,-7.58163,-46.36,-962.336,-343.552,4060,47040,21560
13.2814,-1.20457,-0.304299,-10.8367,-6.44568,-3.59642,-5.47228,-2.72999,25.7177,8.01269,3.48334,1.46641,-3.09116,-5.93713,-5.86837,-6.00194,-45.872,-960.384,-346.968,4480,47740,21840
-8.55839,-16.7903,-1.91759,1.16916,-1.22407,3.58711,8.30963,8.89369,-22.0976,-1.30838,-0.908836,-7.91239,-1.38723,-0.175149,18.8312,6.85216,-47.336,-962.336,-350.872,5460,48440,21840
-10.5327,-14.0554,0.187661,3.06641,-0.428708,4.74258,2.7978,6.07648,-34.4036,-1.94173,-2.79249,-7.1707,1.56672,3.3887,5.86374,6.36887,-46.36,-959.408,-354.288,7420,48860,21980
8.52223,45.8748,14.0777,46.403,26.2068,8.43673,12.1419,2.89709,15.1885,4.72013,-3.38412,25.0943,5.74708,16.5186,14.8289,10.5786,-45.384,-956.48,-359.656,9240,48720,22540
5.19191,39.9739,13.0909,38.2906,25.396,7.05637,8.9213,1.53395,1.87432,1.36255,-3.70167,23.5263,4.21961,15.4245,5.20861,7.49535,-45.384,-950.136,-366.976,12040,48160,22680
-23.1732,-46.5596,-12.6847,-36.3248,-18.4158,-2.83152,-7.12754,3.03482,-45.1774,-17.7312,-8.79281,-26.6656,-6.27359,-7.8498,-13.4698,-2.03363,-44.896,-950.624,-371.856,15120,47880,22960
-11.2506,-32.8092,-9.99056,-29.278,-17.3014,-3.43571,-7.98921,0.371914,-14.4194,-11.7752,-5.3769,-20.9121,-3.26633,-8.87036,-8.31926,-4.50734,-46.848,-949.648,-376.248,17780,47460,23100
7.17567,20.2042,4.46367,14.8537,7.22788,0.0920773,0.251786,-2.41428,8.06352,-1.11845,-2.61624,9.27789,3.2167,3.00716,1.62106,-2.55182,-47.824,-949.648,-372.344,21280,46760,23240
11.0919,60.842,11.6926,49.7422,25.0069,2.80793,7.15611,-3.51514,9.07271,1.23739,-5.17121,28.6477,3.99742,11.7233,7.14466,-0.70796,-46.848,-952.088,-367.952,23520,45640,22960
6.72753,7.09231,5.76706,-0.606049,5.70396,3.43313,-1.16275,2.08813,-8.12113,3.33281,1.22251,7.68827,3.14398,4.69629,-17.1207,-0.468056,-45.384,-951.6,-366.488,26180,45360,22680
2.52923,-47.0292,-7.15699,-47.963,-22.194,-3.94566,-9.25053,-0.628889,-1.90739,1.05612,4.21572,-21.1103,-3.72925,-8.37449,-18.0366,-4.35805,-46.36,-953.552,-366.976,28420,44240,21980
15.9689,-9.21674,3.60456,-9.9661,-1.19375,2.76581,10.1266,4.12415,29.3407,8.841,9.13962,-0.681607,1.86391,2.92233,18.9779,7.51973,-44.896,-960.872,-364.048,29820,43260,21560
0.0597744,-18.8506,-3.63874,-19.9743,-8.94886,-1.68332,1.57883,-1.25496,4.78259,0.103482,3.21233,-8.68259,-2.82254,-4.5288,2.03735,1.19422,-41.968,-960.872,-358.192,31360,42560,20580
4.07246,-6.24634,-2.8243,-11.5916,-7.37681,-3.73331,-1.79823,-5.82166,19.6315,3.74598,3.6314,-3.51387,-3.09361,-5.91876,-0.451278,-4.0676,-45.384,-960.384,-354.288,32340,42140,20160
6.8608,35.2942,7.01377,39.6807,18.6929,3.5938,14.6199,0.635941,23.4651,4.17902,2.1181,16.3857,1.81775,7.52647,31.5813,5.87723,-42.456,-961.36,-351.36,35140,41580,19600
-1.45918,41.9116,7.89385,48.781,23.0277,3.78117,5.99291,-0.215534,-0.735258,-0.397881,-0.588945,18.6483,1.95068,9.85098,15.442,4.38765,-40.504,-959.408,-344.04,38080,41020,19460
-3.42491,10.3451,0.711538,2.5245,-1.40973,-1.08743,-19.0984,-5.29545,-6.35509,0.355899,1.72487,4.73796,0.170768,-0.811233,-34.4765,-8.59229,-40.016,-955.016,-341.112,40180,40320,19320
-13.7188,-26.6402,-11.3053,-33.2761,-22.8764,-6.84525,-23.2785,-3.66674,-27.0814,-5.82962,-2.07341,-17.1839,-5.4336,-12.4319,-38.2206,-11.409,-37.088,-954.528,-345.992,40880,39480,19180
-35.6204,-63.9602,-20.6593,-43.8064,-28.0402,-6.28408,-7.2836,4.51685,-60.8253,-18.4976,-10.4064,-38.5651,-9.12814,-14.8115,-5.89999,-1.33191,-32.696,-957.456,-339.648,40740,38640,18760
-21.7335,-55.3624,-16.9305,-39.3588,-22.7129,-3.83936,-5.43699,2.93506,-30.5418,-13.0455,-6.86803,-32.1185,-6.34718,-12.4286,-5.77915,-0.849735,-34.648,-955.016,-331.84,41440,37380,18900
0.556156,-31.7063,-10.8256,-29.0294,-15.3523,-5.69157,-2.11367,-2.94561,11.4838,-4.5544,-2.65608,-17.5334,-4.96106,-10.5754,-1.26663,-3.21877,-33.672,-954.528,-332.328,42140,36960,18760
13.4131,6.68075,1.33697,-2.32327,0.23362,-2.47222,-0.229935,-7.5388,34.9257,5.38185,4.83761,3.54617,2.52057,-2.51387,3.63292,-6.99853,-30.256,-951.6,-327.936,41300,37240,18480
24.3222,41.0648,11.6083,21.2389,12.1239,1.42539,-2.4898,-5.50668,43.4305,14.4762,10.703,23.4601,7.37595,5.35281,1.75043,-7.54791,-32.696,-952.088,-324.52,40040,37940,18060
4.37223,0.03592,0.423303,-3.98961,-4.20252,-3.13451,-9.44125,-4.81999,2.73111,4.74628,6.09388,1.45561,1.31987,-3.90562,-6.29576,-9.59204,-30.744,-951.112,-322.08,39060,38780,17780
8.73828,40.9571,10.339,45.7432,23.0723,6.60177,19.7927,8.45214,10.1059,4.60358,2.0413,21.3393,4.6485,11.4505,39.6169,11.2977,-30.744,-948.672,-315.248,38500,38920,17920
5.87654,58.4591,17.2736,70.4133,40.28,11.3453,30.8224,11.8443,-8.69399,0.145617,-6.29966,34.4923,4.93541,22.5591,43.4906,20.379,-31.232,-943.792,-316.712,38920,38780,17920
6.64139,21.817,8.81937,18.0379,14.0925,5.82913,4.3167,4.47255,-1.61623,3.19686,-0.537797,15.8897,4.2492,10.7335,-10.4596,6.50438,-33.184,-942.816,-314.272,38080,38640,18060
3.06897,9.3482,4.30126,-4.3453,0.480743,2.68015,-3.35648,1.36517,-1.43945,2.86905,-0.40968,6.45133,2.52535,4.25642,-21.9002,2.47558,-34.16,-939.888,-316.712,36260,39060,17640
-13.5057,-39.3893,-7.52031,-33.4172,-14.8524,1.05198,-3.23659,1.63924,-21.547,-4.7837,-2.18782,-19.3223,-1.86579,-4.36175,-14.5042,1.93321,-30.744,-944.28,-314.272,34300,39620,17640
7.97114,-25.6451,-7.44213,-31.4877,-15.737,-3.21168,-4.94698,-2.2943,23.2331,3.93279,2.46002,-13.1298,-2.40777,-7.89328,-8.70416,-3.15569,-31.72,-942.816,-312.32,32620,40180,17220
9.17087,3.85526,-0.235706,-2.29468,-0.574329,-3.10452,0.058869,-2.40789,21.0913,2.73417,-3.18724,3.0564,-0.899431,-1.63693,1.42797,-2.65842,-34.16,-942.816,-312.32,31500,41160,16800
6.85274,66.9535,15.4329,58.8361,32.4709,4.85031,13.5523,-0.462156,9.489,1.02431,-8.31944,33.9542,5.05942,16.2523,15.7883,5.80525,-34.16,-943.792,-311.832,30800,41440,16520
-5.24858,42.3539,12.8473,38.9684,24.5342,7.09097,5.24068,2.04824,-28.4382,0.184295,-4.0701,22.7603,6.19665,12.6173,-3.81352,4.29169,-34.648,-940.376,-313.296,29960,42420,15960
-42.5455,-110.192,-27.6073,-90.5187,-52.581,-11.3508,-27.9311,-3.55016,-70.0217,-13.8577,-1.49084,-62.2295,-10.5675,-29.266,-36.9025,-13.7384,-35.136,-937.936,-309.88,29260,43120,15540
-31.5304,-86.0819,-17.3192,-71.4748,-41.4912,-6.2184,-19.5569,-2.13754,-36.7584,-7.09884,4.06037,-48.617,-3.13627,-21.1619,-19.0581,-8.31553,-38.064,-935.008,-307.928,28420,43540,15120
-13.897,-27.4817,-8.6149,-14.7837,-10.4559,-2.3909,2.09165,4.15044,0.304939,-10.4103,-5.59812,-18.3921,-6.08504,-5.70273,13.4648,3.85911,-40.016,-930.128,-310.368,26180,43680,14700
16.0351,15.6932,2.95339,14.5983,8.14865,2.76738,12.756,9.75342,32.8196,5.973,5.25407,8.96289,-1.96793,4.33737,24.571,11.2018,-34.16,-927.2,-312.808,24780,43260,14700
22.4375,42.6405,9.9158,28.7098,16.2406,2.64564,7.10675,2.63569,36.7039,9.76546,6.28247,23.4183,1.73299,9.53317,13.9074,7.81268,-33.672,-928.176,-314.272,22120,42420,14420
15.0888,21.1075,6.72112,17.5148,11.8745,1.01286,6.52713,-4.96163,21.1497,6.42042,4.65926,14.0583,1.51118,7.15635,9.47029,4.87925,-36.112,-929.64,-309.88,20720,41720,14420
28.9758,45.6171,16.0021,42.4077,26.9353,5.18964,16.5692,-7.12174,44.5577,16.9056,10.9835,29.3069,9.35328,14.5032,27.3003,1.44148,-40.504,-928.664,-308.416,20020,40740,14840
20.7349,63.4565,16.6234,67.8466,37.711,2.98195,19.2484,-7.82261,28.2114,10.0161,1.34914,36.7322,7.23145,17.5169,44.2811,-2.76862,-41.968,-927.688,-310.368,19180,39480,14840
-17.9158,5.64854,-0.249917,27.7621,13.2632,1.28017,7.7423,2.69555,-45.8833,-12.1268,-10.6856,2.72023,-1.15605,5.23081,21.6822,0.899736,-41.48,-931.104,-309.392,18060,39200,14840
-9.78829,-20.8331,-8.00299,-16.3501,-12.4452,-3.53226,-8.35307,5.01995,-25.5887,-8.83568,-4.72614,-13.5188,-5.06144,-7.61602,-13.0483,-2.29098,-43.92,-930.616,-305,16520,38920,14560
12.818,-11.2042,-3.05052,-25.3547,-16.3897,-4.31656,-14.729,1.81116,20.6722,4.46184,4.06204,-5.79089,-2.4985,-7.48845,-30.5485,-4.68177,-45.872,-931.104,-299.144,15400,38780,14420
10.5323,0.788183,-0.819483,-20.2288,-9.776,-2.20658,-16.3099,-2.06253,17.3487,2.68276,3.2875,1.82847,0.107831,-3.78775,-46.4986,-6.04571,-46.848,-929.152,-299.144,14000,38360,14000
-10.95,-34.5934,-11.5655,-58.4446,-29.7261,-8.77158,-32.5565,-12.8059,-17.6653,-8.05309,-2.28089,-19.4648,-4.51059,-15.7523,-69.0183,-20.8408,-45.384,-929.152,-295.728,11340,37660,13440
-32.253,-57.5893,-17.8846,-50.1561,-29.8972,-6.21402,-13.4413,-4.64571,-40.8648,-18.1195,-5.91088,-36.7374,-5.92077,-16.445,-20.5914,-10.6694,-47.336,-931.592,-295.728,9100,36960,12880
-13.6599,-3.47131,-2.19313,9.80023,0.237916,0.851393,3.90661,-4.0552,-11.8473,-6.25421,-0.181023,-5.28689,1.79739,-1.46175,19.2247,-3.03495,-47.824,-934.032,-296.704,6160,35980,12600
-11.27,-38.6803,-9.77214,-29.8805,-20.0021,-3.78307,-12.1727,-3.86885,-14.6494,-4.67446,0.635659,-19.548,-3.37955,-11.6675,-7.08832,-7.81115,-47.824,-936.96,-298.168,4760,34860,12180
-12.7104,-45.5569,-6.97279,-29.9199,-14.5062,0.667477,-2.07562,6.26555,-24.4481,-1.30964,2.62368,-20.1347,-1.31045,-7.54768,-1.67839,2.32843,-44.896,-938.912,-300.12,3220,32760,12040
-7.76167,-6.95817,0.563553,1.71185,1.98254,2.35961,3.45109,1.52395,-9.41067,-0.541181,-2.30786,-2.38722,0.80332,2.16949,6.53169,4.46142,-44.896,-943.792,-303.536,2380,29820,11900
26.0545,57.6912,11.5908,40.3817,18.5523,6.53498,7.74303,4.4782,57.4768,14.1447,4.17547,28.4845,4.79387,10.4141,13.1787,8.85405,-44.408,-945.744,-310.368,2380,28420,11760
36.5823,77.0432,15.3953,39.6452,17.6656,3.67737,-1.87196,-1.45016,70.7704,19.9364,7.59824,36.6882,5.04149,10.0042,-7.50798,1.76583,-43.92,-946.72,-313.784,2100,27020,11620
-1.40024,4.99793,2.40518,9.64807,10.12,5.68012,17.4317,9.75452,-12.7084,-1.33686,-2.39139,3.57514,-0.0128778,8.07423,18.5699,14.9407,-40.504,-951.6,-318.176,2240,26040,11480
-32.9849,-24.307,-8.16651,27.9888,19.0127,8.04312,45.4182,22.5056,-74.2203,-21.2434,-15.2421,-13.9372,-5.33858,8.93318,74.4167,31.4824,-40.016,-950.624,-321.592,2240,25060,11340
-18.1704,3.682,-1.59883,38.5893,22.5915,5.09524,32.3576,13.9246,-44.6581,-13.3593,-12.2017,1.08166,-3.09466,9.35196,53.5857,21.4871,-38.064,-954.04,-323.544,2940,24220,11620
14.4776,7.88773,0.984022,-8.94563,-3.7068,-3.19766,-5.58779,-3.34307,30.0451,5.36435,0.845484,4.72498,-0.114036,-3.00151,-15.6781,-3.32696,-32.696,-958.92,-326.472,3640,24360,11340
44.783,46.7671,12.8498,-3.9159,-0.538995,-3.6494,-16.7713,-14.1123,93.2045,22.9162,11.8055,26.0142,6.27742,-1.2111,-39.5995,-14.9313,-30.744,-959.408,-331.84,4900,24780,11200
31.4316,47.4803,15.5655,13.8485,8.00787,-2.82328,-19.5434,-18.4384,57.6923,18.5159,6.99761,28.0923,6.01645,2.6599,-32.0504,-22.1468,-34.16,-960.384,-333.792,5880,25480,11200
10.658,23.5893,9.15394,1.13182,0.204159,-0.660128,-22.6051,-6.03297,8.26546,10.2659,5.78458,13.8518,5.06049,-0.128392,-31.9627,-18.538,-33.672,-961.848,-338.184,7140,26880,11200
-14.799,-15.6074,-7.11684,-20.9223,-13.4047,-5.6178,-10.6224,-4.8782,-33.1166,-5.82532,-1.29107,-13.2056,-3.75713,-8.11574,-12.2096,-11.0559,-31.232,-960.384,-342.088,8120,28000,10920
-28.1979,-64.6891,-17.9623,-20.6899,-13.3134,-2.42501,13.4904,2.09365,-51.1523,-13.9782,-3.2139,-35.9808,-6.7734,-7.29155,40.3219,7.06833,-31.72,-963.8,-340.136,9100,28700,10780
-2.23043,-19.1284,-0.179153,13.4666,6.31862,3.53794,16.0709,6.33739,-14.1602,-0.0850369,-0.766745,-4.40428,-0.652098,5.13314,38.1239,13.7512,-36.6,-964.288,-339.16,10640,29400,10640
-4.51084,-6.3517,7.0447,12.8605,11.2341,7.56048,10.8867,17.4136,-31.3205,-2.82504,-7.33954,6.24017,2.96013,11.6356,14.7978,14.2469,-33.184,-963.312,-340.136,11620,29680,10500
-19.2323,-29.0444,-4.62245,-13.6976,-2.08065,9.0884,13.1927,35.2007,-27.8849,-13.4983,-12.6494,-13.2671,-1.1231,5.59246,9.46446,20.946,-37.576,-961.36,-339.648,12460,30380,10220
-21.3689,-47.2355,-13.8091,-43.7183,-22.9033,-0.539841,-2.64555,8.37475,-7.73169,-8.96821,-1.08002,-29.0562,-4.81339,-10.4843,-16.1935,6.62541,-37.576,-959.408,-340.136,13580,30660,9940
5.35889,-9.55832,-0.770119,-61.389,-29.6063,-12.255,-40.645,-26.9264,26.6592,10.537,17.5485,-8.0272,3.22133,-13.6107,-93.517,-19.2076,-36.112,-952.088,-338.184,13720,31080,9660
-4.12855,10.4412,7.35869,-14.8221,1.34297,-16.4337,-20.2919,-50.0673,-11.684,1.56812,11.0328,8.04707,5.61966,-1.05602,-54.5286,-24.0946,-39.528,-955.992,-346.48,13300,31080,9380
13.2154,44.2672,11.7385,60.9689,32.4933,-8.80457,7.54904,-44.7416,9.84575,2.50674,6.06163,27.9857,4.46853,7.0327,43.3615,-26.566,-36.112,-958.432,-345.504,13160,31220,8960
30.5907,43.3644,9.22202,40.1609,9.02378,-2.68883,-12.5204,-11.6906,45.6884,17.508,13.7548,22.2302,4.7476,-0.433338,31.5292,-27.0822,-34.648,-964.288,-347.456,12460,30520,8960
19.8325,31.3861,5.73316,29.4852,4.24699,6.08681,-1.9945,14.252,40.9257,11.4256,5.93979,13.3113,2.68268,5.77157,23.1025,0.0371129,-31.72,-972.584,-346.48,11760,30380,9100
-1.31251,31.246,3.95346,54.2503,27.7543,18.6341,41.6417,37.4703,0.507032,-5.24838,-9.65546,10.9572,0.771512,19.7934,62.4705,38.0038,-35.136,-975.024,-338.672,12740,30660,8960
-14.0276,-24.3386,-7.26101,0.108057,2.87637,10.3041,29.2859,32.8997,-35.1956,-8.75521,-8.79392,-14.9601,-3.72835,4.80818,26.3838,32.2417,-36.6,-970.632,-335.256,13860,31920,9240
-8.70029,-49.0067,-12.785,-74.9623,-33.4479,-2.89205,-21.788,5.96452,-13.4608,-6.26647,-5.49641,-27.2144,-6.60401,-14.1798,-66.862,-0.679893,-35.136,-965.752,-330.864,14420,32900,9240
-13.796,-46.2066,-9.20718,-49.9827,-19.5988,-0.285957,-11.1287,1.69018,-21.6269,-8.69889,-4.50371,-21.6608,-2.89548,-8.97536,-32.7727,-3.23717,-35.136,-960.384,-334.28,14980,35140,8960
4.18206,-3.77167,-5.01372,10.7593,1.60755,-2.35816,8.05706,4.44502,8.2851,-4.50863,-5.86175,-0.73826,-5.83034,-4.32695,15.108,2.10943,-36.112,-957.456,-336.232,14140,37520,8680
9.59513,27.8372,4.61135,37.214,15.8633,1.57872,9.04129,3.58112,8.64899,4.63647,-2.67143,16.7607,-0.71171,4.1806,14.4184,5.25302,-40.016,-953.064,-334.28,12180,39620,8120
-10.5012,-2.26018,-3.433,-6.70614,-3.85042,-2.07279,-11.3473,0.792702,-18.9677,-3.48462,-6.95015,-1.26357,-3.61703,-3.24471,-16.709,0.461972,-42.944,-951.6,-328.424,11200,41440,7700
-43.784,-59.5368,-22.6936,-71.7099,-39.4069,-6.17434,-34.7697,11.0145,-56.6165,-19.6905,-8.6048,-40.3944,-9.49091,-19.9307,-56.3247,-11.1725,-45.872,-943.304,-323.056,10640,42840,7280
-28.0277,-24.0014,-10.5485,-46.2952,-27.3522,-3.57638,-35.6529,-3.23269,-30.6749,-11.044,-3.94866,-19.7175,-2.31749,-13.3095,-59.5218,-24.6087,-48.8,-941.352,-319.64,9380,44380,6580
-7.28438,34.4487,2.24306,39.7307,17.0794,-1.59659,10.8281,-31.421,2.40106,-8.31032,-8.96394,13.9065,-1.11698,4.87555,24.7251,-4.13032,-47.824,-937.448,-320.128,6580,45640,5600
-6.29034,24.1923,0.65411,42.9166,19.0211,-3.59151,19.2241,-21.5894,-8.21815,-7.17085,-5.63343,10.1739,-2.4619,3.55039,37.6001,3.07349,-51.24,-940.376,-318.664,2940,45780,4620
17.789,15.9086,6.99512,21.9796,15.1152,1.78097,21.4348,-0.0671273,28.5428,7.48267,5.91611,12.9842,4.25034,4.83341,37.6471,8.05513,-50.264,-949.16,-318.176,-420,43960,3780
50.4919,45.4587,16.7493,35.4749,20.233,2.97514,22.6317,1.72267,97.6343,23.1637,10.9967,30.8095,6.73193,9.01806,53.4252,9.06435,-47.824,-955.992,-316.224,-1680,42140,3220
50.4041,37.6283,18.5664,16.6388,14.3094,6.98603,11.4836,12.2478,81.0237,25.425,14.3729,28.9453,9.57491,9.72997,17.4271,10.1562,-46.36,-965.752,-307.928,-2940,38780,2380
16.2416,1.68816,8.64546,-8.35018,2.23782,4.29322,-3.37374,8.22428,7.29194,5.91737,2.35953,7.7311,3.36915,4.66661,-21.7582,2.72595,-41.968,-964.776,-303.048,-3500,35140,1820
0.747729,0.2952,7.35642,14.7043,12.4352,6.23613,7.96495,4.26935,-24.4384,-0.833589,2.96197,3.62766,4.58324,9.06114,4.997,5.81873,-40.016,-965.264,-301.096,-4060,32760,1400
-9.25703,-25.2506,-4.79857,8.44553,-1.545,0.351377,8.9901,2.72609,-37.5923,-3.87896,6.25571,-16.4517,0.922452,-2.44363,29.4421,2.78566,-36.6,-964.776,-303.048,-4900,30380,980
2.33873,-39.7887,-8.33956,-29.4413,-24.1635,-6.26149,-14.3485,-2.84883,-8.10222,5.21759,10.6509,-22.375,-0.723834,-13.8939,-5.43071,-9.98973,-29.28,-963.8,-297.192,-6020,29120,840
32.727,32.1333,8.16318,8.81579,0.475778,-2.30664,-8.76954,-11.8615,62.4343,19.7322,13.7094,16.5813,5.77218,-0.300113,-6.07547,-8.33236,-28.792,-959.408,-292.312,-7420,27860,980
7.03124,37.1383,8.99675,4.03033,-0.704306,-6.85785,-20.7098,-14.6888,10.6598,10.061,3.59083,16.9393,4.59638,2.40815,-37.1046,-13.9004,-26.352,-958.92,-290.36,-7980,27020,1540
-29.629,-41.4018,-5.61844,-44.8601,-17.9284,-5.93721,-16.9256,0.755558,-65.8975,-5.95767,-4.43213,-17.8695,-0.716169,-4.10379,-50.6285,-2.22913,-23.912,-956.968,-288.896,-8960,26320,1540
-33.5461,-47.8561,-13.6474,-28.0749,-9.67923,3.07816,11.6934,17.3833,-43.2683,-16.2595,-14.5036,-24.5171,-7.16816,-3.58052,2.99243,15.7801,-20.496,-958.92,-286.456,-10080,26040,1680
-9.74263,-4.56386,-10.1171,0.663235,-5.26821,1.12789,16.5229,8.49708,24.6429,-4.98512,-3.52022,-9.80924,-6.28864,-2.12207,34.0702,11.4266,-16.592,-952.088,-286.456,-10780,26460,2240
8.26104,48.2462,10.9904,43.1453,19.5888,4.29641,6.03539,-5.60748,23.917,5.80266,2.74387,23.1883,3.76428,13.3389,18.9387,-4.58925,-19.52,-949.648,-289.384,-11900,27860,2800
-13.5362,33.2862,10.6589,30.4627,19.8957,4.16551,-11.8832,-11.4207,-46.2252,-10.8194,-11.3164,17.8212,1.63759,13.6766,-26.3115,-12.8276,-18.056,-950.624,-289.384,-13160,29260,3220
-32.551,-37.1732,-14.8409,-30.9645,-14.9301,-4.33874,-11.9887,-0.100366,-59.5891,-18.3337,-6.12953,-25.2001,-8.87054,-8.39816,-29.0732,-4.56836,-17.08,-950.624,-295.24,-14420,32060,3640
-26.9935,-55.894,-20.7474,-37.3859,-20.3486,-3.84983,4.79594,10.572,-40.0564,-14.6822,-2.71162,-37.9655,-10.0972,-12.8784,4.01011,6.58069,-23.912,-949.648,-296.216,-15680,34860,4060
-10.1777,-31.2029,-9.87969,-27.6973,-14.8885,-4.30844,-7.14034,0.879172,-30.8923,-7.9849,-4.37842,-20.1042,-4.71648,-8.80497,-18.6322,-3.47376,-26.84,-947.696,-297.68,-16380,37380,4340
1.27635,-23.2139,-2.78121,-32.476,-11.0721,1.5695,-11.0068,5.4998,0.804903,-4.30781,-3.97874,-9.11042,0.309908,-2.16811,-33.1435,-1.44293,-26.84,-948.184,-298.168,-17780,40040,4340
24.3773,14.716,0.892659,-15.2588,-5.86317,-2.23463,-0.467613,2.16883,68.3396,4.67307,-2.83499,8.84305,-1.97023,-2.9645,-2.36029,1.05165,-32.208,-944.28,-296.704,-18760,42280,4200
24.3672,37.9168,9.30986,45.8853,24.094,1.65417,30.6689,3.83554,59.2186,14.3713,5.35298,25.7675,3.61366,7.99009,72.2279,8.96052,-41.968,-937.448,-297.68,-20160,44660,3920
-10.4388,-8.80101,3.75229,28.5591,19.9769,4.01635,27.6681,7.3826,-22.8929,2.37228,0.652093,4.03663,3.51218,10.4039,45.0901,14.9776,-44.408,-937.936,-302.072,-21700,46900,3360
-2.42806,10.6551,11.2248,27.1274,21.5971,9.93508,17.1135,11.9371,-7.60468,6.3806,2.52426,14.0517,7.04692,16.01,23.1853,20.3865,-50.752,-935.008,-303.048,-22960,48440,2800
34.7678,71.1213,24.2264,40.9925,30.3723,10.5375,-12.1993,-1.65354,60.3497,20.7383,7.83819,46.2441,10.2663,17.58,-13.9362,-2.50514,-54.168,-931.104,-304.024,-24360,49840,1960
-12.5086,9.7127,5.20263,-11.35,1.11559,0.777652,-42.6761,-18.1882,-39.9672,-5.22156,-4.79635,11.3738,1.5911,-0.487296,-73.2472,-34.4859,-59.048,-928.176,-304.024,-25480,50260,980
-41.9089,-46.1415,-14.3217,-18.5475,-15.6615,-7.69252,-18.0388,-15.5989,-80.4086,-20.771,-8.57051,-26.6771,-6.33607,-10.3417,-15.4017,-22.3073,-63.44,-926.712,-304.024,-28000,49700,-280
-12.93,-38.1058,-17.3305,-3.88905,-17.9094,-10.4821,12.7032,-10.1261,-12.6727,-8.91903,-1.20564,-29.4117,-7.08697,-14.8469,45.2779,2.47939,-61.976,-928.176,-300.12,-30660,48020,-1400
23.0175,-0.466558,-10.3534,-10.6026,-26.1277,-10.114,-10.6236,-14.9049,66.8618,10.7617,8.44994,-12.3811,-3.25561,-25.6369,10.7513,-13.1229,-67.344,-932.08,-298.656,-32340,46340,-2240
40.3829,35.5674,1.66039,-10.4898,-22.9281,-4.72193,-29.0202,-1.18433,90.5603,24.0873,17.5071,9.14877,3.85634,-18.8656,-30.047,-16.9724,-65.88,-936.472,-294.264,-35420,42980,-3360
19.68,14.436,-0.274467,-15.655,-15.0041,-2.94814,-8.87049,10.1064,45.7449,7.0086,5.2936,2.08243,1.2487,-7.3545,-15.9824,2.69872,-62.464,-942.816,-294.264,-37240,39760,-4200
25.355,44.7369,12.8814,31.5882,21.7533,5.58574,25.6388,11.5218,50.921,8.33488,4.78694,25.7683,7.18294,13.0127,31.2356,18.0383,-57.096,-949.648,-300.12,-39760,35700,-5460
21.146,52.8059,20.5164,53.0258,38.1334,9.65524,34.8296,5.27072,28.8568,9.32034,4.24819,35.6459,10.1972,21.9838,37.5457,20.821,-57.096,-955.504,-306.952,-42000,32060,-6440
-3.76214,-1.07313,10.8091,2.83122,14.2629,6.40286,11.33,1.64743,-29.455,-0.367686,-2.72321,8.14577,5.7425,14.601,-6.83737,14.0063,-51.728,-961.848,-309.392,-43260,29680,-7280
-4.33001,6.56537,7.21905,19.225,17.5305,6.72308,16.5892,1.52809,-21.9487,-4.38538,-7.49389,7.17955,2.87656,14.7114,22.9143,15.5854,-46.36,-962.336,-307.44,-44240,26880,-7840
-5.41952,8.17836,-3.43842,23.8837,11.0445,2.95603,18.9456,-0.229975,-13.6405,-10.8901,-8.56276,-1.31385,-4.71326,5.08499,35.7582,11.3039,-36.6,-965.264,-309.392,-44800,25060,-8400
-24.8388,-28.3274,-13.3294,-1.87692,-3.58086,3.16733,7.09219,8.40006,-62.4686,-21.9833,-12.2424,-21.2853,-8.96559,-1.65439,5.92819,5.34524,-27.816,-964.776,-304.024,-45360,23520,-8680
-39.5349,-54.8715,-10.7292,-30.6263,-10.5058,2.33612,-14.9021,5.44504,-113.164,-24.1811,-12.8039,-27.5412,-5.32869,-2.55958,-48.3021,-4.49661,-24.888,-973.072,-295.728,-46620,23240,-9100
-27.425,-70.8659,-14.1686,-67.988,-29.0392,-4.65441,-28.2491,0.472417,-77.588,-14.9645,-4.8453,-33.6129,-5.74176,-13.8111,-67.0113,-14.7367,-18.056,-956.968,-311.832,-46620,23660,-9100
6.37532,-38.0853,-5.91427,-41.1022,-16.6072,-3.77978,0.0726382,5.8808,2.96529,5.5969,6.98575,-14.4554,-1.75232,-9.29435,-4.93071,1.18436,-16.592,-958.432,-319.64,-47180,24780,-8820
6.72509,-13.6149,2.88654,-13.2283,-0.792853,-1.34257,11.695,0.334817,6.35319,9.06399,5.03396,-0.598424,1.11449,2.50299,12.704,8.54784,-11.712,-957.456,-310.368,-47040,25760,-8400
25.7204,23.4177,12.3669,7.1283,3.76554,-2.40958,-1.17051,-10.4526,48.4316,23.479,14.5455,16.5828,6.05321,3.6375,7.96772,-4.9819,-9.272,-958.432,-314.76,-47180,27860,-7840
9.90536,-2.49388,3.0104,-20.3311,-13.3609,-6.9041,-20.9948,-12.7662,14.063,15.2811,12.5431,-1.45511,0.497298,-6.06763,-27.4138,-15.6968,-7.32,-959.408,-318.664,-47600,31360,-7560
1.60181,0.03182,0.0410591,-14.2947,-2.56524,0.0422955,-6.60991,2.68619,14.9236,-4.76416,-6.57355,1.14599,-4.93794,2.14987,-23.6526,0.230833,-9.76,-951.6,-310.368,-48020,35000,-7700
24.727,61.7352,9.97351,36.099,19.5774,4.58374,6.97129,4.86702,82.9842,8.81215,2.5659,30.4838,1.36142,8.72669,12.3493,3.60315,-5.856,-944.768,-314.76,-47880,41580,-7840
2.04374,44.1515,-5.13422,33.3829,2.61684,-9.51181,-9.23675,-9.20678,41.8553,3.97152,4.77218,9.10283,-5.3351,-10.5833,11.7178,-15.5728,-10.736,-935.984,-302.072,-49980,47600,-8260
-38.8052,-33.6727,-19.0818,-2.55323,-12.0462,-4.97558,-1.77312,3.39798,-45.6205,-20.3686,-7.82848,-28.539,-7.97739,-12.8144,14.5666,-6.0298,-8.296,-930.128,-299.144,-51940,56700,-8820
-35.3745,-45.9705,-17.7781,-28.3616,-21.256,-4.15599,-11.1193,-0.272011,-43.2112,-22.6348,-15.252,-31.9657,-7.06933,-11.0078,-9.62532,-8.10421,-10.736,-931.104,-299.632,-54460,66220,-9520
-15.5813,-16.4658,-11.2609,6.08377,-7.1679,-5.36579,-5.7428,-8.20922,-20.2511,-10.08,-6.62047,-16.1678,-3.37819,-6.96325,16.8171,-11.7145,-16.104,-923.784,-293.288,-56980,73080,-9940
-20.77,-33.8951,-16.1088,-0.416592,-13.3037,-5.49824,-3.96185,-5.97689,-37.9592,-12.4854,-5.01484,-26.3655,-6.82087,-11.9236,15.2573,-10.1973,-17.08,-921.344,-294.752,-59500,80780,-10360
0.374506,-6.50642,-6.62503,-4.15997,-11.9311,-4.24564,-9.18577,-2.56232,1.55164,-2.0948,-0.88524,-9.0517,-3.78356,-6.72377,-11.5688,-5.80055,-23.424,-914.512,-301.096,-61040,85540,-10500
21.2543,26.2056,14.3266,-1.03018,6.77865,4.84942,-9.13385,4.67595,39.0285,13.4487,4.85227,22.8593,7.06736,12.9211,-23.0151,4.96072,-28.792,-916.952,-311.344,-63280,91700,-11200
16.0856,52.7314,22.5636,36.3435,30.9067,13.413,11.9481,15.8482,23.6334,11.2748,1.74058,38.2372,10.6766,26.4099,16.9891,17.5661,-32.208,-917.44,-314.76,-65940,97020,-12040
5.63188,30.3711,11.9216,23.1121,24.4483,11.4589,17.5133,7.78329,11.1063,1.24454,-1.36352,23.5069,5.4812,20.949,15.5817,10.3033,-36.6,-922.808,-323.544,-66920,99960,-12740
8.37497,2.57873,7.57313,0.170541,11.9616,5.69753,18.4227,-6.02827,9.41128,7.25932,3.84775,10.6743,6.92593,11.2514,6.82226,14.4182,-38.064,-919.88,-328.424,-67340,102620,-13300
7.85338,15.0601,10.9148,-6.83303,6.1485,-5.59486,-10.8729,-26.0327,0.0593608,8.91205,1.67778,16.7444,7.02038,2.13078,-38.4237,-7.62832,-36.112,-913.048,-323.056,-67900,103460,-13860
36.1477,43.2495,21.0154,-8.19187,4.52099,-2.64364,-24.2876,-13.1713,53.1416,24.6441,11.0878,37.0726,11.2208,-0.705022,-48.0039,-22.9804,-36.112,-906.704,-317.688,-68320,104160,-14700
22.453,28.5857,10.014,29.8029,6.61277,1.75244,5.57668,2.76484,34.6259,13.5986,6.60602,19.8332,5.15355,-1.99192,36.5609,-5.61054,-42.944,-900.848,-324.032,-69440,104720,-15680
18.7755,38.47,15.1963,55.7094,24.407,11.4393,28.9989,13.5937,29.9619,10.3567,5.56556,22.0527,8.96543,18.1719,68.3662,19.5648,-40.992,-898.408,-315.736,-70840,104020,-16660
1.9597,-23.4627,1.78134,-14.4279,3.76588,15.2209,26.6646,25.8051,-1.32172,0.512402,4.8798,-10.0931,6.06053,14.8036,20.8633,30.9406,-39.528,-890.6,-309.88,-73920,103180,-18060
-31.3992,-84.9262,-15.6237,-60.2733,-14.864,8.03478,9.28042,16.2319,-76.1237,-14.9192,-2.99345,-41.0142,-4.90077,-8.50739,-26.8257,17.203,-33.672,-879.864,-289.872,-75880,101920,-19040
-28.7587,-44.3737,-20.9302,10.2005,-8.50737,-5.59706,15.1569,5.92353,-69.9365,-11.014,-0.715691,-31.5993,-11.1586,-29.9484,30.8763,4.66355,-30.744,-878.4,-275.72,-82320,99540,-20720
-17.082,-12.2484,-18.3091,20.9595,-11.873,-15.9893,12.6222,2.30858,-26.5979,-10.9562,-2.02904,-24.5519,-11.9026,-23.235,37.9865,1.57598,-26.84,-888.16,-284.016,-87080,95900,-21980
13.1566,26.8254,-5.47211,21.0193,-7.08329,-9.07484,9.29413,5.65432,47.3696,-0.586839,1.47851,-3.9816,-4.87025,-4.45005,37.3462,5.52151,-21.96,-905.728,-311.832,-89460,93240,-22540
25.521,11.2016,1.15332,-12.9426,-12.9321,0.736395,-3.72466,1.4571,53.272,11.687,10.2854,-0.437248,1.90469,2.75699,3.80405,3.27778,-17.568,-919.88,-315.248,-90580,89460,-23380
7.60331,-20.8361,4.82078,-41.5259,-8.03875,7.02639,-7.12264,-2.78967,-4.69795,5.69825,4.19347,-5.27978,3.89635,10.2527,-32.8875,3.13611,-13.664,-940.864,-332.328,-88900,85540,-23520
-23.3986,-47.4795,-4.18222,-53.9792,-6.32032,11.8856,-4.56569,4.6754,-45.947,-15.2526,-11.1232,-20.3988,0.104744,9.1355,-51.2104,7.28496,-5.368,-936.96,-342.576,-84840,79940,-23380
-48.8865,-48.1195,-10.3138,-32.1923,-0.111533,7.83179,-19.3143,-3.91754,-87.2352,-31.6524,-26.5596,-21.2055,-6.13722,-4.21114,-59.2456,-9.29893,-2.44,-937.936,-342.088,-82040,74200,-23380
-20.4134,11.0989,-7.12467,12.5455,-6.96376,-24.1613,-54.6237,-38.7693,-46.6143,-10.498,-16.0765,6.51068,-9.36016,-31.1647,-57.9977,-53.8382,13.176,-938.912,-348.92,-80920,70140,-23100
13.2927,61.5308,8.94904,33.6074,3.70107,-28.4076,-33.2767,-27.2386,24.8815,13.0594,2.87227,32.0452,0.337369,-6.94905,-22.3693,-34.0856,10.736,-917.44,-351.36,-80220,67060,-22960
-7.2249,-0.485512,-9.39702,-32.8094,-22.6664,-11.8863,-15.0881,-1.57164,8.90734,-0.967073,-0.123837,-10.1259,-7.9511,-7.80138,-20.7417,-4.90648,3.904,-912.56,-329.888,-79520,65240,-22120
-12.0228,-38.5914,-13.6087,-38.0576,-17.5565,1.52917,3.17314,9.19981,-12.493,-5.40397,1.4787,-21.2298,-9.4084,-11.6503,1.0425,6.51514,9.272,-915.976,-330.376,-80080,62300,-21700
3.64153,36.4871,-0.0775637,60.4442,35.8102,6.94339,44.7833,12.9653,32.5279,-19.6617,-16.4313,19.7482,-6.82495,12.9269,74.7059,26.7881,9.76,-920.856,-333.304,-80640,60060,-21560
18.3552,54.4802,8.16536,76.0325,35.1394,7.23583,37.1654,7.28444,61.7775,-5.03432,-6.60773,24.6647,2.89861,16.8285,84.0637,16.5412,8.296,-916.464,-341.112,-79240,58380,-21280
42.408,44.0654,18.5852,25.4544,6.49821,-2.43883,-28.002,-19.6178,65.8416,32.4577,24.5206,27.9795,14.8542,-1.07776,-8.54983,-30.4059,3.416,-906.704,-334.768,-77980,56280,-20720
54.098,33.1946,19.7724,-26.1541,-20.8288,-8.61901,-47.6141,-21.0594,66.4669,45.7568,38.8038,27.0003,17.0357,-5.04668,-72.6187,-32.1566,2.44,-908.168,-333.304,-79100,54880,-20720
1.29802,-50.0238,-2.16994,-59.8975,-33.32,-0.58837,-13.1871,4.21657,-15.2832,11.9733,20.2107,-22.8017,7.08467,-0.331545,-35.068,-1.03246,2.44,-918.416,-356.728,-79100,54600,-20720
-10.6186,-35.3846,-0.925108,-29.3085,-4.38568,11.1817,8.70812,13.6493,-14.9234,-7.53647,-3.5613,-14.9387,2.66375,15.7598,0.0900801,13.6157,-3.416,-906.704,-350.384,-77980,54180,-20160
-21.5987,-0.546656,6.53148,27.2208,30.8736,17.1557,22.2071,8.69046,-41.3833,-18.7432,-17.665,8.20939,1.4793,28.1856,33.7553,15.3992,-3.416,-930.128,-358.192,-79520,53760,-19740
-15.9826,11.1233,10.7382,26.9758,28.3877,16.4114,6.41782,0.784695,-36.6954,-10.1829,-14.0185,15.3178,2.65416,26.3427,2.08874,4.67896,-9.76,-931.104,-377.712,-74340,49700,-18060
0.330166,25.4196,3.5665,44.5363,23.0599,11.0222,28.4107,8.89972,4.62729,-0.464225,-9.82148,11.8125,-6.65335,14.4674,35.287,19.5013,-18.056,-907.68,-390.888,-70980,46480,-16940
-5.89688,-24.6563,-8.53153,-1.74622,-1.86876,4.66565,23.9184,12.2516,-20.4714,1.50268,2.2129,-17.0192,-6.19599,0.492737,19.8899,20.5573,-22.448,-900.848,-381.616,-71820,44940,-16240
-25.9488,-56.5949,-17.8451,-44.4761,-20.316,0.203547,6.25753,13.6952,-44.1478,-14.569,-7.4511,-35.3949,-7.52193,-8.37616,-16.1185,13.2297,-26.84,-904.752,-378.688,-71820,44800,-15540
-26.2144,-37.8999,-28.7699,-22.2318,-16.1215,-15.606,2.32851,6.35835,-23.3159,-25.0989,-15.6213,-32.2707,-18.6319,-31.6781,2.0194,0.463041,-22.936,-925.248,-386.496,-70560,45080,-15120
11.1759,25.2907,-1.12623,43.4215,8.22839,-16.5398,9.17318,-8.98069,23.0877,1.65226,1.66625,8.04813,-2.00255,-13.7524,45.0219,-6.6175,-15.128,-943.792,-399.672,-67760,42980,-14280
40.42,79.766,29.368,61.1788,26.4486,6.35332,22.8048,-3.78438,68.7828,24.0042,12.0755,43.9788,18.1957,28.7145,39.8118,11.0367,-15.616,-951.112,-409.432,-62160,40320,-12880
41.6932,19.9099,23.9382,-18.8749,0.297703,18.7274,3.186,8.5681,64.4108,29.1185,19.4927,17.8447,19.8368,22.2574,-17.5583,8.14002,-14.152,-921.832,-421.632,-54880,34860,-11060
21.8808,-8.82889,17.323,-20.157,3.80659,13.3881,2.23971,10.1335,13.6493,21.6437,14.4227,7.30368,13.2294,14.5255,-3.22121,7.62169,-8.784,-918.416,-411.384,-54040,31080,-9520
-12.2289,-31.3179,-0.624944,-26.696,-14.7801,4.38291,-15.8725,1.15874,-41.6744,5.10737,9.86942,-11.7202,1.22272,-4.85168,-19.1748,-5.22959,-4.392,-923.296,-402.112,-50960,27860,-7980
-68.0572,-78.3061,-43.9722,-51.4946,-53.2977,-22.7794,-41.3515,-13.4108,-112.4,-39.499,-14.6824,-55.9896,-21.7565,-62.1634,-50.6679,-33.7514,0.488,-939.4,-408.456,-48160,24080,-5600
-41.2489,-13.8034,-48.8923,-19.9758,-51.0148,-57.0386,-42.4223,-35.9221,-31.229,-37.6209,-25.814,-34.3275,-33.8933,-76.0107,-45.303,-45.8167,7.32,-938.912,-413.824,-45920,22820,-4620
-5.28465,35.7476,-3.68895,9.33175,0.649199,-17.7191,-4.22037,-3.84448,19.3717,-7.7243,-11.9401,8.93776,-5.93084,-6.8801,-5.95554,-0.424682,12.688,-931.592,-412.36,-40600,23520,-3360
15.2874,50.7941,27.6098,16.3011,28.443,26.0442,3.61682,17.9365,37.9683,11.5214,-0.383485,33.1253,18.0771,39.6719,2.46076,18.4606,17.568,-927.2,-405.528,-37380,24920,-2520
4.37839,-12.9649,4.88754,-19.8177,8.85811,20.3258,-3.97028,3.23672,14.639,3.17073,-0.896354,-1.99147,7.65171,8.12523,-11.3546,-2.53252,28.792,-933.056,-416.264,-33600,25340,-700
-12.8177,-44.5809,-1.86258,-10.9616,11.0316,8.58539,12.7977,-2.62878,-30.0796,-5.53499,0.299578,-15.9957,4.24922,0.724726,9.96028,4.22365,28.792,-942.816,-414.8,-32620,24640,840
24.1158,12.5412,12.4725,33.3726,14.812,1.68799,28.1024,1.51834,41.8155,12.8221,11.5509,10.1356,4.95928,20.6825,47.8315,19.0182,29.28,-940.376,-413.824,-31080,23240,1820
30.3633,10.326,16.1759,15.4882,17.4695,4.2453,16.5759,7.90018,30.29,19.3201,14.3198,17.2066,5.20555,18.6677,26.515,12.136,27.816,-949.648,-415.288,-28140,21840,3220
9.91159,1.83146,0.476224,14.8717,1.54313,-11.5298,-26.6016,-23.7179,-19.0837,5.06221,0.537484,10.5835,-7.42067,-22.0925,-3.19639,-34.0043,19.032,-955.504,-411.384,-27160,20160,3640
11.5114,35.8856,-3.44483,30.0933,-3.093,-14.7668,-26.2199,-21.8827,5.64543,1.8904,0.844333,16.1382,-6.76757,-24.8458,-10.9067,-32.6375,20.984,-963.312,-416.264,-22120,17500,4620
5.50121,7.08578,-6.74759,-16.2936,-22.0071,-11.515,-17.0689,-4.11444,7.4605,0.744819,5.01304,-4.86762,-2.73223,-7.51554,-25.9313,-7.55042,19.52,-965.264,-419.192,-19180,13720,4900
-2.99528,-22.0309,-4.97996,-37.6138,-16.6031,1.31155,4.16452,9.72264,-1.86776,2.58858,8.14326,-15.8402,4.16733,5.81776,-17.4863,13.4215,13.664,-955.016,-417.24,-17360,11200,4900
-13.853,-10.7868,0.752922,-0.366325,14.8051,18.5571,32.8701,24.4401,-3.59399,-3.9104,1.26373,-5.1247,4.32971,15.6865,20.754,29.9756,5.856,-950.136,-406.504,-12040,6720,5180
-22.498,-13.8867,-9.49211,7.61447,5.90041,10.6769,21.4474,21.5561,-20.6973,-12.3277,-8.51688,-10.9151,-5.89975,4.10816,22.8382,21.8973,9.76,-943.792,-406.016,-9660,3080,5460
-9.29876,-10.4579,3.37568,-14.983,-4.52044,4.19971,-10.7128,2.7958,-33.9332,0.112563,-2.74117,-0.764826,4.44469,9.27308,-24.8557,-0.19993,5.856,-934.52,-404.064,-8400,-1820,5040
7.0915,28.6937,20.9213,7.3007,18.8959,11.6912,-0.515536,-5.91387,2.65266,7.3099,1.16909,25.9951,16.2479,24.0041,-21.4394,4.78701,1.464,-924.272,-406.504,-4900,-7840,4620
9.38211,35.7648,15.946,27.0594,24.4402,7.33089,16.9527,-5.30077,22.1803,5.50265,-5.26971,24.1055,8.15431,22.1596,9.50178,12.9409,7.808,-927.688,-419.192,-5040,-11340,4060
22.637,40.9389,17.9464,36.9538,30.4939,9.0451,20.437,9.91956,31.8881,11.3158,-5.58824,31.0676,2.10745,24.2136,27.9808,18.2062,9.76,-935.984,-427.488,-5460,-14840,3500
8.55526,21.4603,-1.32257,27.5289,18.0509,2.78726,17.6258,12.0291,19.9701,-8.04802,-12.7504,12.7869,-8.03953,7.55527,31.575,8.93423,5.368,-931.104,-427,-2240,-17080,3360
-6.9617,-28.3817,-21.5047,-15.2695,-22.0837,-8.83784,-0.171788,-1.19504,0.537153,-13.6206,-0.867596,-25.7677,-9.19439,-23.1849,8.58475,-12.5289,-2.44,-923.296,-426.024,1820,-21420,4340
-1.34545,0.64474,-10.9855,-2.74019,-17.5325,-10.915,-7.614,-8.97969,26.3733,-4.72957,6.6145,-15.0694,-2.32931,-17.4209,3.17129,-12.8918,-5.368,-923.296,-428.952,3360,-22820,4340
5.05716,16.8608,-1.30317,14.1426,-5.6867,-9.6132,-6.56293,-10.7083,30.0184,0.43138,3.50065,-2.87531,-1.78618,-5.4929,17.5287,-9.97729,-8.296,-920.368,-433.832,4480,-24220,4480
1.80361,-24.7304,-4.61574,-7.55404,-9.9037,-4.64818,-6.1298,-2.5684,-9.19214,1.22743,-2.34481,-12.7707,-6.75128,-5.2207,12.1191,-6.49665,-6.832,-921.832,-434.808,6160,-25340,4620
-2.80374,-37.8758,-1.34832,-28.3556,-7.77763,0.377842,-11.9909,-0.201229,-33.4714,1.05821,-6.74007,-9.32033,-4.95119,1.25076,-23.0448,-6.12469,-5.856,-918.904,-432.856,6580,-25620,4620
1.31958,-8.32408,9.67363,-15.7294,2.33647,7.84673,-6.2041,2.73115,-23.869,12.4589,6.82713,6.73647,7.39475,9.7123,-25.8769,1.07569,-7.32,-918.904,-432.856,7700,-25620,4480
-8.55813,-17.0841,6.78319,-21.101,-1.07725,10.774,1.06377,5.2059,-22.775,11.0179,13.0729,-5.65647,9.40605,10.0337,-17.9247,9.69823,-4.88,-915.976,-433.832,9100,-25340,4620
-16.7286,-37.6632,-5.8988,-35.7794,-15.3703,3.34164,-13.5711,-5.42974,-29.8351,-5.17005,6.25505,-18.6295,0.312723,-9.0851,-30.6231,-4.78205,-5.856,-915.976,-429.44,10080,-25340,4480
-21.2652,-22.2238,-12.2427,-14.1151,-17.2219,-11.5924,-22.7546,-14.8757,-29.6316,-15.9132,-5.44541,-15.9244,-5.58401,-15.7586,-18.7996,-18.3126,-5.368,-916.464,-423.096,10920,-25340,4760
-10.4743,6.49061,-10.0224,8.28396,-14.1092,-16.0168,-18.6485,-15.3087,-10.0932,-6.07001,-4.90179,-5.81889,-6.07512,-21.8997,-3.11757,-20.9647,-6.832,-917.44,-421.144,11480,-25900,4760
2.13628,28.3597,-8.74877,26.1291,-11.6138,-16.1658,-5.40947,-4.2166,9.97366,5.89488,5.03007,2.45652,-7.79429,-30.2532,17.0227,-16.7913,-1.952,-919.392,-416.264,11340,-26880,4900
5.91335,40.0165,4.97856,20.4658,7.0633,-10.0064,2.7092,4.149,27.0258,7.23176,16.4962,15.0034,2.56129,3.32942,10.4195,-0.472205,-2.928,-918.904,-407.968,11200,-27720,5040
-11.9654,-5.40401,0.278524,-13.4288,3.6945,4.83342,-1.58012,4.71435,-2.81843,-16.9295,-1.36777,-4.40195,3.25069,13.9462,-7.29741,3.37601,-1.952,-928.176,-407.968,10920,-27720,5040
-5.40035,-21.9867,-2.60844,-18.8518,0.0828214,12.4319,3.45617,10.9393,-3.24572,-14.1477,-13.2984,-9.77457,0.104892,8.99778,-13.3674,8.92403,-0.488,-931.592,-410.408,10920,-27720,5180
0.42445,-13.5582,0.516181,-14.0543,6.98288,9.73146,8.34697,9.6381,-5.0116,-7.62162,-19.2145,-0.728196,-4.13201,12.5957,-21.7294,15.658,1.952,-947.208,-420.656,11620,-27160,5320
-0.602845,-14.7009,1.72944,-7.3014,7.71368,11.0179,10.1298,15.3244,-19.1948,0.506851,-11.5124,-0.221344,2.15931,13.0189,-0.705811,19.9156,0,-934.52,-404.064,13440,-25480,5460
8.67296,-13.6625,6.27389,-8.14087,6.1127,9.15137,8.70411,3.73626,-5.6155,8.8126,-0.767948,0.672955,5.91293,9.91955,4.23298,12.688,0.488,-930.616,-386.008,12880,-22400,5460
13.9767,6.34639,7.41761,5.45953,16.0974,-2.59069,15.6697,-14.5249,22.3116,7.15205,0.759782,10.9324,1.27393,0.542658,9.24207,-0.290215,6.832,-941.352,-406.992,10780,-20860,5460
2.19653,12.3283,-10.7372,28.1515,7.69419,-12.2866,12.7674,-8.34775,18.0706,-1.79029,1.6508,0.853266,-10.4939,-20.676,31.8758,-2.13534,7.808,-964.288,-429.928,10640,-21280,6440
13.1999,2.19128,-5.57619,-2.87684,-20.5128,-8.70719,-12.5315,-1.17987,17.4123,11.6225,9.4436,-5.14175,-4.25296,-18.5151,-7.7177,-6.33451,-0.488,-923.296,-412.36,13300,-20300,7140
10.8991,29.3316,6.20738,16.2982,-0.991962,-3.09684,-2.40922,-5.35006,20.4228,13.1769,4.28587,14.9909,0.623656,-16.6521,1.16379,-4.92231,-2.928,-924.272,-375.272,11340,-20020,7840
-16.9764,31.2937,-8.24382,37.7,4.24262,-14.088,6.49735,-7.80973,-1.37717,-15.5677,-9.39948,8.33342,-9.65069,-30.9758,30.4173,-6.61804,-2.44,-936.96,-382.104,5880,-19740,7700
-20.5347,-1.7357,-14.4039,2.78729,-19.8749,-19.8154,-5.33266,-5.7766,-2.3631,-26.2598,-9.32146,-11.5929,-6.68843,-20.308,12.241,-14.0171,0.488,-946.72,-400.648,5180,-22540,7980
8.30429,-0.134975,11.7093,-14.6982,0.59361,9.54622,10.1218,9.61273,16.795,8.48605,14.0899,2.66061,15.0944,20.1485,-0.86733,9.21434,-3.416,-940.864,-399.184,6020,-25480,7560
29.0418,24.9154,27.0801,12.8062,23.0362,21.9463,22.1428,12.4058,30.7577,31.1662,20.6745,22.6229,19.5395,35.6469,22.9282,23.9531,-5.368,-936.96,-392.352,4900,-28700,7140
25.1215,22.985,27.0495,37.8435,34.0392,21.8613,14.0383,12.8039,3.854,26.0825,7.56038,29.4553,14.373,33.844,34.7709,12.7748,-1.464,-935.008,-396.256,2940,-33180,6720
27.1357,21.251,19.0422,24.5118,24.5518,13.6928,-5.00279,1.70659,14.4746,15.8119,-0.890084,25.4426,7.99093,27.4777,3.80986,-4.56721,-4.88,-941.352,-402.6,1260,-36540,6160
-7.3911,-28.67,-5.63514,-29.1049,-5.78883,9.19218,-15.4278,-1.54084,-17.8308,-13.4639,-12.7132,-11.7111,-2.80682,10.897,-35.9817,-3.80609,-6.832,-940.376,-396.744,840,-39480,6020
-32.1269,-43.4863,-16.692,-33.3048,-13.7156,2.91282,-8.87488,0.670183,-59.2136,-22.3282,-14.7717,-24.0651,-6.83051,-4.50632,-36.4748,1.59821,-8.296,-938.912,-398.696,560,-42420,5740
4.07185,25.3092,-12.655,31.3537,-1.32282,-13.4708,7.04786,-7.85709,20.8369,-3.86023,1.3287,-1.24173,-8.01952,-9.93795,30.7032,-4.21633,-8.296,-933.056,-398.696,560,-44520,5740
27.7677,40.9154,6.23996,29.5941,5.35086,-12.3494,-7.08952,-11.5208,46.5261,17.2243,22.9943,12.6501,4.89968,1.54398,25.8987,-18.817,-10.248,-934.52,-400.16,840,-45360,5600
10.4371,-2.7062,0.0585774,-10.066,-10.738,-3.60513,-16.2012,2.70242,9.95762,3.79788,16.0406,-5.83886,3.18575,-1.25905,-12.2362,-9.71469,-12.688,-935.496,-397.232,1820,-46480,5320
-7.08086,-27.6717,-5.98977,-42.9567,-25.3873,1.8812,-17.8711,8.38494,-9.60617,-8.72789,-0.370873,-17.1894,-1.37547,-0.835874,-47.3297,-0.115739,-11.712,-927.688,-407.968,3220,-46760,5180
-13.6656,-26.3983,-10.3593,-36.1393,-13.8249,8.53818,5.16755,13.3761,-8.41301,-14.8861,-7.45831,-20.2212,-3.84814,2.117,-25.0601,14.5071,-9.272,-927.2,-408.944,5600,-46480,5040
-28.4199,-58.1926,-17.3641,-58.1861,-21.1738,1.9305,-6.39699,7.88759,-51.6737,-15.6372,-6.75364,-34.9921,-7.0761,-5.97381,-35.1714,11.0853,-4.88,-922.32,-419.68,7420,-46200,4900
-40.8702,-68.0847,-12.4721,-52.0881,-19.5537,-5.20155,-20.1037,-3.1139,-99.3986,-11.2191,-5.41084,-31.2157,-5.03707,-9.69041,-36.2825,-6.19337,-0.488,-923.296,-423.096,7420,-44800,4200
-15.3959,-0.90104,3.51443,19.249,14.7284,-0.684967,11.6586,-7.39869,-40.004,0.589327,1.60754,5.40517,1.97425,2.59751,26.0532,-0.800917,7.32,-921.344,-427.976,9800,-43120,3640
-1.17108,42.731,11.8833,45.3391,27.6519,2.08598,17.8656,-14.5624,17.8115,-0.201825,-4.43287,26.5825,2.77527,10.1351,32.7681,-0.286863,10.736,-918.416,-429.928,12320,-40880,3500
7.91437,41.4405,9.13121,39.2906,24.2277,6.73064,22.6145,1.80957,50.5447,1.16742,-8.3139,24.993,1.81839,10.4699,30.0817,10.2341,16.104,-917.44,-429.44,13580,-37380,3080
-8.75352,-1.31331,-3.91203,0.126889,-2.18042,-2.16144,3.77158,0.563174,18.7732,-3.42076,-13.6311,-0.907678,-5.66854,-4.43874,2.93207,2.38024,14.64,-916.952,-423.584,15260,-35140,3220
-6.94986,-12.432,-1.04752,-11.3099,-4.16585,-6.8803,-6.38465,-3.2695,2.57874,2.69771,-7.64583,-2.23756,-3.25997,-5.39461,-13.1968,-4.92058,13.176,-917.44,-427.488,17220,-32480,3640
5.18387,27.3985,4.72622,27.2245,8.4365,-13.7602,-9.67206,-14.1063,10.8074,9.90894,-1.22744,19.2796,-2.30535,-19.5774,-1.11106,-20.7362,12.688,-919.88,-425.048,18200,-30520,4620
0.298594,19.4887,-9.66728,21.2822,-12.8199,-20.8695,-14.6178,-10.7658,14.8308,1.17671,-1.6047,2.90851,-10.9597,-31.2206,3.18581,-21.5538,14.152,-918.904,-418.704,19600,-29540,5180
12.8043,-5.61876,-2.46557,-17.4377,-21.6271,-13.0975,-10.6518,-4.95323,23.1415,8.97329,11.1425,-7.42437,-1.75657,-5.78397,-5.38453,-5.33568,6.832,-916.464,-418.216,21700,-28840,6160
17.8082,-0.766879,3.88992,-15.1411,-4.80235,6.22744,-2.4064,1.26383,24.5731,9.70598,11.888,-0.308511,4.28849,-0.883019,-5.29379,2.5346,0.976,-915,-407.48,22120,-28840,6860
5.23306,-7.85815,-10.9871,-1.06752,-7.33629,-1.59566,-1.31642,2.19156,9.6457,-5.9706,-4.1206,-11.4804,-9.89087,-17.4884,6.27867,-1.54321,-3.416,-916.952,-400.16,21840,-28280,7420
4.40794,-5.30321,-2.83239,5.15782,2.28594,2.28252,13.233,10.5486,-6.72362,-4.26092,-0.473842,-5.30032,-1.83435,-1.25193,14.5069,12.7236,-6.344,-919.392,-398.208,21980,-28700,8120
16.3021,4.68488,10.7076,7.18463,10.4086,7.37241,13.6441,7.85225,-4.18584,9.0072,7.1585,5.58977,8.87277,12.3416,10.7359,16.1184,-10.248,-922.808,-397.232,22540,-28840,8260
8.45252,-2.2541,9.84008,-5.05325,7.68946,12.8074,8.46516,10.8968,-10.5301,2.94218,3.67982,2.58714,9.30123,11.6504,-2.55231,13.5081,-11.712,-924.76,-398.208,22120,-29680,8400
-4.99098,-13.8563,1.64696,-16.7672,0.518812,9.57335,-0.836818,7.42107,-16.3633,-11.4024,-5.30518,-3.52782,3.718,8.62253,-15.3263,5.96365,-13.176,-919.88,-393.816,22960,-30100,8400
10.6746,8.41603,3.51142,6.33849,3.52829,5.91284,1.84678,2.80062,16.4491,-0.0909541,2.92637,5.71471,3.75429,8.82528,5.15143,0.217301,-7.32,-921.832,-399.184,23800,-30380,8120
16.8011,36.6748,12.3472,27.8447,15.343,7.85511,8.78588,1.86594,32.214,11.1477,7.6683,20.9065,7.56599,14.0823,16.361,0.916975,-7.32,-925.248,-402.6,24500,-29260,7560
-18.4427,-3.03876,-1.36835,-1.47691,0.0484424,-0.305812,-4.9503,-5.24782,-25.7241,-8.05838,-7.3569,-2.91901,-1.30016,2.17198,-5.87667,-7.4311,-3.904,-922.32,-399.672,24500,-28000,7000
-25.4664,-16.4641,-8.88555,-18.2439,-7.38297,0.962566,-6.95462,0.811583,-24.9786,-12.5424,-8.86288,-13.1655,-2.61184,-1.49168,-16.8512,-1.87628,-2.928,-916.464,-398.208,25760,-25900,7000
-17.513,-15.1804,-8.48845,-5.82502,-6.21568,-1.68395,-3.1995,-1.04521,-22.3721,-6.65032,-1.06226,-13.1772,-2.29334,-4.02493,-1.13927,-2.46583,-4.392,-907.68,-393.816,26600,-23800,7000
-4.77799,-7.40179,-3.35398,5.39157,2.55897,-3.32409,6.97846,-0.159769,-14.0591,0.799241,1.93003,-4.94729,-1.32698,-0.761195,10.6828,3.85364,-4.88,-910.608,-395.28,25900,-21840,7140
24.45,31.6912,11.294,32.0754,16.805,-2.35323,6.63533,-5.68315,32.2055,17.813,9.39176,22.5827,5.5222,6.00575,24.1293,-0.276581,-5.856,-911.096,-400.648,25060,-20720,7140
23.633,27.9685,7.81202,17.1884,3.62309,-3.64565,-9.31549,-7.20333,41.3997,18.3891,12.042,17.4188,5.02762,0.94539,4.65667,-10.8401,-8.784,-915,-401.624,26880,-20720,7700
-14.818,-27.2618,-8.57716,-33.2945,-19.2505,-0.351419,-16.2007,5.54704,-15.3885,-6.67257,1.05961,-16.2425,-2.88069,-6.49206,-30.628,-3.60344,-8.296,-913.048,-399.672,27720,-20860,8120
-36.0132,-60.0253,-10.7746,-57.2137,-21.0686,4.96808,-11.3664,9.95457,-75.13,-22.7711,-9.27687,-27.1943,-4.26848,-3.00617,-44.5142,6.68643,-11.224,-910.12,-397.72,28280,-21840,8680
4.90119,1.33966,0.321719,-1.24575,2.75323,4.69601,8.73994,-2.32988,4.87462,-2.29779,-5.27112,2.70361,-1.35039,4.14457,6.39127,11.6324,-14.152,-906.216,-400.648,29120,-22820,8960
34.4454,45.7982,13.5691,46.483,24.9204,1.76385,16.6504,-10.8091,50.0185,19.3571,10.6605,27.1256,7.04,12.0161,45.1864,-0.0495279,-12.688,-903.776,-395.768,29540,-22680,8960
18.3987,28.5911,7.99274,31.9958,16.932,-15.0106,0.908043,-19.5636,19.0905,10.2873,2.26677,17.1435,1.89061,1.27321,19.8996,-15.7476,-5.368,-902.312,-390.888,28420,-22120,8680
6.449,6.37527,-1.41747,-6.06009,-7.30163,-5.29478,-14.7045,-2.87154,13.1146,0.284505,-3.01806,1.67072,-2.7274,-10.6667,-19.6199,-14.297,-6.344,-902.8,-388.936,27720,-20440,8260
-14.5469,-14.7366,-12.2694,-26.0236,-22.3855,-1.09867,-11.4938,10.3677,-8.63615,-15.4174,-10.1286,-16.5182,-8.30081,-8.70902,-21.2626,-0.978246,-6.344,-904.752,-390.888,27860,-18760,7980
-16.4015,-22.5208,-7.90036,-11.6901,-6.35236,4.53409,15.1029,16.2212,-19.9075,-12.5226,-6.21295,-16.7561,-3.84153,3.8345,14.9218,17.5551,-3.904,-903.776,-391.376,28140,-15400,7560
-2.80423,-2.13078,9.75863,9.09319,17.973,10.3276,19.2576,9.70025,-12.5142,-0.0202933,-1.99281,7.34005,5.31173,17.0902,15.3805,16.5105,-3.416,-909.632,-390.4,28560,-13020,7420
12.3462,21.283,11.477,22.1303,19.4493,7.04661,16.0765,5.60288,22.9429,6.91878,-2.07468,19.1791,4.63609,14.2305,14.6599,12.5898,-5.368,-913.048,-394.304,29400,-10640,7140
6.95731,12.9188,0.426033,9.13972,2.69401,-0.0527243,6.59978,4.69959,20.3024,4.19038,-0.924018,5.94392,-0.233671,0.966848,6.84599,4.85934,-6.832,-910.12,-394.304,29960,-8820,7280
-10.393,-9.09195,-10.1417,-3.69556,-11.271,-5.68337,-2.9805,1.66491,-2.4171,-4.06364,0.914088,-12.118,-4.09345,-11.6272,3.09292,-1.57729,-8.296,-906.704,-386.984,30100,-7840,7140
-16.9778,-18.5981,-7.54789,-6.79249,-6.31079,-2.97056,-0.367827,-0.576995,-19.1192,-8.43293,-1.01044,-13.2237,-2.88236,-7.08916,0.877295,-1.41982,-11.224,-907.192,-390.4,30100,-7140,7000
-9.34738,-7.75792,0.454249,-0.0109698,2.55258,-0.605754,-2.859,-7.52351,-20.7983,0.394307,2.01161,-3.07749,2.12327,-1.61034,-3.7882,-5.72118,-11.224,-905.728,-388.448,29820,-7000,7140
-2.68405,-9.39082,1.00319,-4.39578,-4.26076,-6.32886,-20.1533,-20.305,-19.9875,8.63061,7.77245,-2.8554,1.80456,-8.18982,-15.5852,-22.0431,-10.248,-902.8,-389.424,29680,-7280,7420
-2.76626,-11.7744,0.558538,-6.59568,-6.11056,-1.50391,-13.2411,-10.1357,-10.6501,7.15015,9.57666,-4.44614,2.4767,-6.43733,-13.0441,-12.577,-13.176,-906.704,-390.888,29820,-7560,7560
-8.06149,-11.7469,-6.36091,-16.5906,-9.07794,-3.51416,-3.38885,-0.941425,-0.943713,-3.53543,-3.03045,-10.238,-5.82602,-4.9866,-22.9107,1.57123,-11.712,-906.704,-389.424,30380,-7980,7840
-10.763,-3.97224,-8.71192,-19.4,-10.8627,-10.2318,-15.7144,-6.65274,-3.86223,-8.12293,-8.42321,-8.13403,-8.46888,-8.36688,-35.8203,-5.61777,-15.616,-903.776,-392.84,30100,-7420,7840
-4.92323,-6.3209,-10.4567,-31.5611,-27.0578,-7.72481,-39.6119,-7.19225,5.37249,-4.51418,-0.930901,-8.56729,-7.69109,-19.6728,-51.1263,-23.5592,-9.272,-909.144,-391.864,29400,-7000,8120
-2.34297,4.13672,-3.04547,0.681293,-4.90213,-1.07573,-4.60392,0.947872,6.33029,-8.45092,-4.92005,0.903468,-5.71514,-2.54079,-3.19779,-6.97544,-7.32,-912.56,-390.4,28700,-6300,8540
10.2018,15.9592,5.25683,18.3989,12.7675,5.84576,20.5792,3.80151,13.9196,1.69955,-3.88172,10.4392,1.32587,9.96704,29.071,11.534,-9.272,-909.144,-388.448,27860,-6160,9100
5.33491,-13.7181,-5.65367,-16.4836,-12.1395,-0.847905,-1.01311,1.87331,-1.84452,2.6801,-0.541263,-11.0521,-1.26131,-7.46205,3.4416,1.02156,-9.272,-924.272,-380.64,26460,-5740,9660
-7.45845,-26.5691,-2.79292,-16.2768,-5.58043,3.25797,3.06297,7.13152,-28.6751,-3.83692,-2.84516,-13.0937,0.535257,-3.19102,6.56511,3.21221,-11.224,-920.856,-373.808,24780,-5040,10080
15.173,38.6328,17.3834,39.3798,29.4716,9.43197,17.7054,2.95401,12.587,5.61148,-1.127,27.3917,7.92938,16.0092,29.0984,8.19158,-12.2,-917.928,-379.664,22680,-4620,10360
31.9963,61.639,21.1851,54.5227,31.7263,10.2794,20.6438,4.67807,48.2038,14.7693,7.27906,36.7304,10.488,19.1832,36.9689,11.0054,-16.592,-939.888,-383.08,19740,-2520,10500
21.0695,18.9247,10.4858,16.0552,8.36339,8.07501,11.886,6.91365,33.2736,12.2895,11.7188,10.9904,7.78645,9.4075,19.6816,10.5641,-20.008,-940.864,-378.2,20440,140,10500
-6.5182,-23.0763,-5.86411,-8.79255,-7.20501,0.754808,7.91059,3.9583,-8.32736,-2.71216,8.0127,-17.2109,-0.0412384,-2.18372,13.4494,4.99002,-23.912,-938.912,-373.32,20160,2240,10360
-15.9715,-39.4445,-10.8757,-26.8498,-14.0315,-4.84206,-6.45887,-2.40423,-30.773,-9.31705,0.973153,-24.0873,-4.03356,-7.78594,-7.99759,-6.03002,-20.984,-938.424,-378.688,19180,4620,9940
0.351707,-21.4677,-2.48267,-24.9341,-10.9257,-1.23462,-9.43988,3.37816,-6.60505,-1.85222,0.620179,-8.45271,-1.68318,-3.64774,-18.0317,-2.47891,-18.544,-937.936,-381.128,17920,5460,9800
13.0682,17.4776,7.05562,14.5462,10.6873,1.82802,10.3589,10.084,18.9425,3.28351,-3.56038,15.1064,-0.439246,7.7976,10.615,10.8118,-19.52,-935.984,-379.664,17080,5320,9520
19.3336,45.5384,12.6236,42.6859,28.0534,7.64369,24.8559,16.6379,29.6102,10.4929,3.78693,30.61,9.47381,16.4645,29.7502,20.2946,-20.008,-934.032,-383.568,16380,3500,9380
8.15476,21.6939,7.49956,17.6906,14.8933,2.31402,12.6451,3.79132,11.0264,6.37592,1.64364,15.2796,6.89067,8.95065,8.89583,12.0353,-20.008,-929.64,-385.032,16240,1820,9380
5.01232,9.96319,9.49614,8.71825,12.5996,4.98232,9.69088,-3.8697,4.66931,7.48395,2.38428,12.0484,8.34929,10.2493,0.820868,9.83493,-20.008,-925.248,-383.568,15680,0,9380
1.62554,4.28697,3.22154,5.04511,2.89352,1.41366,3.44306,-4.04251,4.60061,4.07096,2.39744,6.34376,3.74783,3.11893,6.85983,0.495845,-17.568,-921.832,-383.568,14840,-1400,9100
-7.97099,-10.0943,-3.14334,1.92361,-0.204832,-1.3715,4.64181,0.404085,-14.0471,-2.7472,-0.0636473,-4.28664,-1.27039,0.200753,13.6203,0.625241,-20.984,-924.76,-377.224,13860,-2100,8820
-28.9634,-37.2975,-5.78539,-18.8774,-1.96485,0.204099,-0.465671,1.52257,-60.4718,-13.7236,-7.52409,-14.8438,-1.91366,1.39519,-11.7198,1.16004,-21.96,-920.856,-376.736,12600,-2800,8540
-20.4352,-12.8973,-2.14891,-12.6359,-2.22835,-1.00886,-10.1151,-4.64285,-33.5938,-12.209,-9.33411,-5.89952,-1.21421,-0.77003,-24.8012,-6.28971,-20.984,-923.296,-376.248,12600,-2940,8400
-6.57763,-2.15477,-9.63175,-5.17975,-9.7283,-5.31246,-9.77375,-3.01813,1.24505,-5.76645,-4.6118,-10.1738,-6.16717,-9.06164,-16.4013,-7.30935,-24.888,-921.832,-372.832,12320,-2520,7840
2.77194,-6.19042,-8.19755,-14.3261,-14.1341,-4.67023,-19.762,-3.72427,6.97251,2.17194,1.55629,-9.38815,-6.06746,-11.0712,-24.2731,-9.08127,-21.472,-924.272,-376.736,12180,-1680,7420
7.06162,-0.839308,-9.69692,-21.8071,-24.6576,-11.8739,-35.3172,-15.6006,21.3661,4.60602,3.72412,-8.55759,-8.24567,-17.6613,-32.2412,-22.243,-22.936,-923.296,-377.712,12180,280,6720
-0.538067,-6.70674,-9.34891,-10.312,-17.7213,-14.7911,-21.7148,-18.3609,6.84959,-0.460601,1.03163,-10.6518,-7.96716,-14.8648,-3.15683,-27.172,-21.96,-925.248,-376.736,11900,1680,6300
-10.0109,-19.1794,-11.5667,-14.2079,-17.9433,-11.4592,-19.1018,-21.0541,-11.2595,-8.19257,-5.96705,-16.2285,-9.35881,-15.0204,-6.19502,-24.8132,-18.056,-926.224,-379.176,11900,2800,5880
-6.49623,-11.3865,-7.60327,-16.3605,-14.8692,-0.510268,-12.3662,-4.82687,-1.31555,-6.8162,-6.53392,-10.2138,-6.15439,-8.4814,-17.028,-9.30039,-23.424,-928.176,-378.2,12320,3780,5320
-2.83847,7.90736,0.330896,-2.02314,-1.38123,4.60148,2.01718,4.60738,10.9774,-5.91372,-7.45673,2.42279,-0.211995,3.68798,-4.75867,5.27831,-22.448,-928.664,-377.712,13580,3360,5040
-12.1291,2.2544,-3.29609,6.33765,5.64974,-3.90996,11.3651,1.20765,-3.23617,-11.8965,-9.19411,-2.55937,-1.35646,2.65161,12.5394,6.63867,-25.864,-928.176,-384.056,15400,2380,4900
-18.3214,-19.0539,-4.67762,-13.6429,-2.03839,-0.36621,-1.56537,2.1746,-23.2123,-9.30733,-2.07172,-11.0903,0.738919,-2.71314,-8.0001,-2.19682,-27.816,-928.664,-384.056,16800,560,4480
-14.3601,-14.3382,-2.114,-15.9842,-8.51811,0.396942,-15.0742,-3.86741,-20.8381,-3.55271,2.90059,-7.27545,0.417385,-5.46925,-19.8425,-9.14752,-26.352,-927.2,-384.056,17640,-1400,4060
-4.01763,7.3391,6.19744,11.113,7.1689,4.78075,4.11939,3.51065,-7.12177,1.23431,2.04722,5.65762,3.04827,3.50412,6.28573,2.66859,-25.376,-929.64,-385.52,18760,-3360,3500
-3.22538,5.56513,3.74665,7.33037,7.93342,5.50592,6.70397,6.14158,-8.94033,-1.13919,-1.40091,4.48027,1.21518,4.11528,0.598376,7.36871,-20.008,-929.64,-386.496,19600,-5040,3220
2.39171,4.07212,0.544065,5.4578,2.92648,4.43507,8.21943,9.00997,-0.113278,1.91311,3.19518,-0.306037,0.284764,3.18256,7.6583,8.78614,-20.008,-929.152,-380.64,21000,-6860,3080
15.7542,14.3281,6.75437,14.661,11.8804,8.60584,23.5932,13.541,19.1596,10.7646,3.95114,7.9748,3.43549,11,26.6248,18.982,-17.568,-929.64,-377.712,22820,-8400,2940
24.0112,26.518,14.1373,28.1865,25.1034,11.5682,32.2625,14.6682,33.3593,13.6435,2.16936,20.1124,6.9705,18.952,34.9515,24.6464,-14.64,-926.224,-375.76,24080,-9520,2940
16.3388,7.87605,8.09018,15.3504,13.1346,7.27712,20.0814,13.8824,17.9528,8.39175,3.52262,7.61415,3.62282,8.69092,20.6515,16.0358,-13.664,-932.08,-380.64,25060,-10640,2660
14.1504,7.01968,6.1715,16.8154,10.1192,3.78008,15.5887,13.8116,8.73203,8.10262,8.72565,7.07356,4.08028,2.3431,20.603,11.7145,-13.664,-935.496,-383.08,26040,-11480,2800
9.14851,-3.2907,3.5705,0.125058,-0.301009,-4.45969,3.64866,0.359554,-0.3808,7.35999,8.50529,2.32508,1.66575,-2.56408,1.24814,3.5058,-13.664,-935.008,-384.056,27860,-12880,3220
12.3322,-2.00253,6.64076,-2.54408,2.18115,-2.54911,4.84822,-3.80822,4.37486,12.2284,12.2575,6.71488,4.89892,2.2956,1.3094,4.92277,-14.152,-936.96,-385.032,29540,-14140,3360
6.15783,7.80523,1.88484,7.8682,3.98663,-2.76705,2.27433,-6.40058,1.80384,4.12326,4.45457,6.9966,1.96051,0.631175,6.73918,-3.14888,-14.152,-932.568,-381.616,30380,-14420,3500
16.1456,18.251,6.52784,8.12267,5.76883,1.57222,-7.2694,-3.5914,15.6649,10.4667,7.95099,14.3787,5.43371,3.51891,-4.12379,-9.05633,-13.664,-930.616,-383.08,31220,-14560,3640
16.7533,16.6193,5.39741,6.75018,3.93955,-4.7229,-11.1944,-9.19196,25.0035,7.58834,2.8668,13.75,2.85114,3.06433,-5.39956,-10.3782,-14.64,-932.568,-381.616,31500,-14000,3500
18.7728,26.1772,10.1719,20.9529,13.9026,-0.249313,-0.28062,-10.4384,27.1835,8.63856,1.60284,19.9115,5.2752,6.54744,12.1709,-8.37958,-13.664,-929.152,-377.712,32340,-13020,3500
12.1126,15.9507,8.88895,16.138,9.05054,8.39586,-1.17312,-2.44946,17.4177,7.03932,1.547,13.6072,6.73103,6.81693,12.6401,-4.80677,-13.664,-934.032,-382.104,33460,-12460,3500
-16.8092,-22.6777,-10.1543,-25.4652,-18.6114,-0.595806,-15.5744,-0.77574,-20.7949,-10.2708,-6.46875,-16.4392,-4.38868,-6.28515,-24.1528,-3.1725,-14.152,-933.056,-386.496,34300,-11480,3640
-28.2064,-37.563,-18.4976,-38.7009,-25.9124,-6.25227,-16.2215,-1.15499,-35.6482,-19.9419,-12.3012,-29.2296,-9.66082,-14.5266,-28.1036,-3.70432,-14.64,-936.472,-390.4,35980,-9940,3780
-25.0677,-32.2896,-13.1904,-21.2152,-13.4076,-2.42874,-0.157878,3.47286,-37.9517,-16.4744,-11.9394,-23.7793,-6.73543,-8.57021,-5.70014,2.29091,-17.568,-936.472,-388.448,37520,-8820,4060
-7.40324,-5.48635,-4.24501,-3.82278,-3.10107,-1.71224,5.7534,0.587499,-7.81234,-4.02856,-5.44128,-6.56518,-4.23224,-1.84012,1.5508,3.25255,-18.056,-935.984,-392.84,39620,-8260,4340
2.98821,11.7216,2.94674,8.67674,5.2602,2.50188,11.0029,5.0451,13.7034,4.00511,0.727032,5.62735,0.563828,4.39517,9.21913,9.11512,-16.592,-934.52,-392.84,41020,-8120,4620
-13.9984,-6.73664,-0.878808,-2.29933,0.746262,2.95827,0.88794,2.15155,-18.8209,-6.87248,-8.21375,-3.7052,-2.24781,3.93233,-5.07178,2.89597,-20.008,-932.08,-391.864,42980,-8540,4900
-20.9654,-8.5105,-4.65687,-0.760709,-3.0885,-0.445233,-10.0877,-6.616,-26.6206,-11.8782,-8.09387,-7.69653,-4.26296,-0.701624,-5.30987,-7.74881,-19.52,-931.104,-391.864,44660,-8680,5180
-17.4197,-4.10653,-7.03225,-2.04017,-5.29215,-4.29887,-8.29415,-6.34235,-12.139,-9.46438,0.935359,-8.40494,-2.89802,-4.29348,-6.93851,-5.56694,-23.912,-933.544,-393.328,46060,-8960,5180
-17.7223,-14.9331,-10.1195,-21.076,-12.5239,-7.46206,-14.5606,-5.90614,-8.31038,-14.2305,-2.12226,-13.2058,-4.99523,-8.82755,-25.1502,-7.96719,-24.888,-935.984,-397.232,46900,-9100,5320
-12.403,-15.2463,-8.23302,-20.5648,-11.5369,-2.26824,-14.3997,2.30458,-7.29881,-8.95888,-1.75372,-10.7184,-2.74282,-10.5552,-22.3422,-6.61816,-26.84,-938.912,-392.352,48020,-9380,5460
-9.21315,-12.8428,-10.971,-16.0093,-15.212,-6.11182,-14.4192,0.595533,-6.19086,-7.96276,-5.84895,-11.82,-6.09723,-13.7621,-17.552,-8.83247,-30.744,-940.376,-395.768,49840,-9240,5880
9.49094,1.48086,-1.11381,-3.15386,-5.85245,-4.06577,-6.96934,-2.31619,12.4573,5.36681,1.78293,0.698854,-1.16194,-6.13774,-2.92867,-7.49701,-34.648,-953.064,-395.28,51940,-8540,6020
12.9181,3.76548,3.20161,2.91992,0.596961,-1.24417,-0.777668,-1.76477,13.5783,8.19476,3.27014,3.58227,1.3656,-0.880388,1.701,-3.12474,-34.648,-969.168,-442.128,55440,-7700,6440
7.51144,5.52167,2.21963,2.40906,2.17674,1.36652,1.37543,-1.56128,6.03732,2.98408,-0.196446,3.06594,0.884153,-0.240455,-2.75523,-0.64489,-40.504,-931.592,-345.504,61880,-3080,6440
8.87528,6.79943,6.21771,8.12177,10.0964,6.42544,10.4537,1.94957,2.18016,5.59797,2.52643,7.08459,3.66296,8.39958,8.33879,6.91438,-32.208,-968.68,-375.76,56840,-6720,7000
16.1124,17.9061,8.54468,21.3318,16.6949,5.85891,18.7382,2.2353,17.4897,8.50216,4.52065,13.1232,4.06539,14.1273,24.8892,9.4194,-30.256,-940.864,-401.136,62720,-6720,7700
17.4654,23.6455,10.8045,29.0973,18.9432,5.01424,17.1374,-0.0643936,16.3979,10.7165,6.00894,16.3377,5.29934,12.1552,29.4715,6.23885,-31.72,-942.816,-395.28,63560,-6300,7980
20.9535,30.4448,13.7688,29.2009,20.2245,4.52533,15.7758,1.08514,24.2188,14.0186,11.8881,20.2464,8.10015,12.3015,25.3103,7.26181,-32.208,-955.992,-374.296,63840,-8820,8260
15.2218,26.7133,9.80227,21.7747,14.1905,-0.840622,8.66155,-3.84765,22.5065,8.14051,6.03771,16.3942,4.23301,6.34988,15.5294,2.1753,-30.744,-962.336,-380.152,66920,-8960,8540
5.10907,11.8029,5.16065,15.1962,7.7218,-0.357547,7.61157,1.60585,4.33099,3.90517,2.84878,8.67407,2.5173,3.81348,12.5093,2.97644,-25.864,-956.48,-380.152,70280,-9100,8820
-13.9144,-24.783,-9.62722,-20.2938,-15.829,-7.60249,-9.32256,-1.39699,-22.6144,-8.89652,-4.32396,-15.4752,-5.80782,-10.0425,-12.769,-5.32246,-20.984,-949.648,-369.904,72100,-11060,9240
-11.849,-24.4965,-6.62879,-21.39,-13.1185,-7.37389,-6.63589,0.0287553,-19.4522,-5.84346,-0.945358,-13.8816,-3.27449,-6.18988,-9.57043,-2.51703,-21.472,-945.744,-363.072,73220,-13580,9240
-0.523871,-8.52548,-0.911626,-12.9862,-7.22102,-3.47219,-5.5487,0.125871,-2.62002,1.88328,2.79192,-4.42752,-1.07318,-4.52889,-8.83227,-3.89634,-21.472,-940.864,-336.72,73360,-13720,9100
-2.03416,-10.1643,3.76899,-10.9223,-4.34124,7.77448,-5.8364,6.35411,-13.0328,2.80404,0.348117,-0.991827,2.38411,0.730396,-10.9794,1.15183,-20.008,-949.648,-337.208,72520,-14280,8820
3.28325,3.97078,5.79427,6.67639,5.42524,11.1915,7.42843,11.2309,2.46424,2.97454,-2.32809,5.85727,3.53959,10.1124,10.7322,11.0999,-18.056,-945.744,-333.304,73500,-14700,8400
1.82492,4.38522,1.35065,8.38323,6.69726,5.4245,8.3682,6.60817,5.8404,-0.73618,-6.24085,2.7803,-0.702356,6.38207,13.7775,8.92489,-19.032,-939.4,-333.304,75320,-15680,8260
-2.83502,-4.71182,-2.52598,-2.21577,-0.936884,-1.78681,-2.47486,-1.26785,0.331636,-1.59513,-4.05571,-2.1519,-3.59814,-2.56617,-2.83448,-1.42331,-15.128,-945.744,-337.208,76300,-17640,8260
-7.72823,-9.19354,-4.72138,-7.73922,-4.78953,-4.16184,-5.01636,-2.54499,-4.59449,-2.61417,-0.572674,-6.12386,-3.01709,-5.58769,-11.3909,-2.8607,-14.64,-948.184,-342.576,77420,-18480,8260
-8.44675,-7.37545,-7.71836,-10.3538,-8.76796,-6.63353,-8.51987,-6.00163,-4.28464,-3.16338,-1.93752,-8.47179,-4.30653,-9.81815,-15.5183,-5.97335,-14.64,-940.864,-344.528,79380,-19600,8120
-8.24827,-3.38945,-3.63331,-6.88735,-5.49094,-3.98872,-5.02773,-3.18559,-10.6457,-0.589737,0.392074,-4.44431,-0.526424,-7.59664,-9.47419,-4.21581,-12.2,-927.688,-336.232,80500,-21280,8120
-9.9676,-8.59953,-6.3867,-8.78326,-8.57482,-3.83087,-4.91821,-1.72898,-10.5577,-3.33666,-1.76542,-8.8982,-2.38557,-7.91507,-3.19532,-5.00623,-7.808,-925.736,-335.744,79800,-24640,8120
-7.94261,-13.9372,-8.64678,-13.4578,-11.4704,-3.04841,-8.17993,-1.15719,-4.33568,-4.674,-2.37655,-11.2803,-3.31756,-8.54941,-8.24488,-5.03308,-6.344,-929.152,-335.744,79380,-27440,8540
-0.736532,-1.70098,-3.25092,-6.43636,-4.68832,1.60861,-6.52602,-0.0998105,4.61013,-1.10799,-2.16479,-2.7123,1.02217,-4.09704,-10.5132,-2.55495,-13.176,-935.496,-334.768,79940,-27300,8260
5.59732,7.95424,1.11319,3.79883,3.01491,3.35083,-1.32838,-0.502229,11.8744,1.56397,-2.79026,4.18199,2.85426,1.82008,-2.08399,0.383955,-12.688,-933.056,-335.256,81060,-26740,7700
3.14444,5.09923,3.64719,10.0816,10.4801,5.23251,7.84464,3.73124,2.92977,1.43147,1.65181,5.53521,4.59613,6.0357,9.0384,6.61437,-14.152,-935.984,-329.888,81060,-26040,7140
5.20404,5.93547,4.23898,5.99938,7.36246,2.97759,5.73547,0.679558,9.75016,1.96141,3.54712,6.18972,3.04574,3.93101,3.96232,3.53907,-10.736,-932.08,-330.376,81340,-24500,6300
14.9833,21.1306,12.8329,17.864,15.5385,6.72515,15.3998,4.95481,23.2512,8.08413,7.98959,17.5337,7.75992,10.693,14.2166,9.63824,-10.736,-930.616,-325.984,81480,-22260,5320
2.93847,9.92356,1.18992,13.4151,6.55064,-0.55057,12.1083,5.24539,10.424,-4.51122,1.06629,4.61025,-0.627888,-3.41466,16.3007,6.14909,-14.64,-923.784,-318.176,80920,-19740,4480
-7.27798,-1.43561,-6.4306,5.93099,-3.87709,-6.73609,3.68842,2.95007,-10.855,-9.51426,-1.78925,-5.36039,-5.17197,-9.24868,9.5552,0.810333,-17.08,-929.64,-309.392,79800,-15820,3220
1.01433,1.64842,-0.138433,2.86261,-4.98154,0.581723,1.45182,4.54837,-10.5906,-0.718153,3.60616,-1.84098,0.795858,3.41511,4.47174,3.04062,-19.52,-944.28,-303.048,80220,-12460,1960
4.19102,0.573572,3.15996,-7.95495,-2.37974,9.67279,2.27388,5.40211,-1.3707,-1.21407,1.63185,-0.125402,3.11896,14.1154,-4.16549,6.55498,-25.376,-953.552,-324.032,81760,-8400,420
10.3282,6.30223,7.79334,-1.89277,7.50928,13.1592,3.06609,-0.777518,4.72541,3.57771,1.54588,6.32875,5.04504,21.3059,-0.56874,3.02033,-23.424,-951.6,-333.792,84420,-5040,-1540
9.8503,4.79207,5.28384,4.05487,7.39661,4.53405,-7.93784,-12.5416,-2.19899,2.85754,1.18526,4.74242,2.70244,12.8987,-1.88651,-11.2273,-28.304,-930.616,-345.992,87080,-2520,-2660
3.90085,-2.60151,1.7353,-4.85095,-0.311657,-1.0639,-19.0142,-17.0655,-8.5509,0.259307,0.631826,-0.887194,0.386866,3.67653,-16.5943,-18.1154,-29.28,-920.368,-346.48,88060,1260,-4340
7.82313,2.32237,8.72412,-5.80163,2.87017,5.52897,-9.09077,-4.47486,3.67663,8.23936,3.96542,4.50075,5.25683,9.65338,-17.0063,-3.24987,-25.376,-910.608,-343.064,87640,3640,-5460
-5.58786,-9.89118,3.94721,-7.53119,4.55657,7.43603,0.0938398,-1.00906,-9.45373,-1.95703,-8.16797,-2.61293,2.58981,12.2113,-8.17638,4.3234,-26.352,-877.424,-338.672,86380,6440,-6440
-16.3265,-21.7043,-2.51241,-12.4029,-0.516901,4.72368,-5.84065,-2.14814,-23.327,-12.1392,-10.223,-8.83022,1.27061,5.75403,-13.3096,-0.802855,-27.328,-885.232,-341.112,80780,8120,-7000
-26.3137,-21.7798,-13.9066,-15.2041,-11.2284,-15.4599,-15.7414,-13.7782,-22.977,-19.0641,-13.9639,-16.2667,-9.67262,-23.5428,-18.7362,-16.6677,-30.256,-904.264,-328.912,77140,10500,-7280
-22.1706,-13.0265,-21.7439,-1.97033,-11.8161,-45.8342,-7.87338,-16.902,-15.17,-12.042,-12.6022,-12.9267,-25.2747,-48.6862,1.64709,-21.2076,-29.768,-888.648,-325.008,74340,10500,-7420
-0.611299,9.47404,-20.0734,19.5533,-8.31291,-58.7138,2.21566,-10.0492,7.85741,2.43276,-1.20375,2.61984,-31.6292,-54.2411,23.2562,-14.6802,-24.4,-883.768,-320.616,70560,10220,-7280
20.9977,24.6804,-0.580287,19.8603,-10.8564,-13.5381,12.4848,14.5739,33.3586,24.0615,18.5794,16.1354,-5.79869,-14.79,28.5662,11.4006,-23.912,-897.92,-306.952,64540,9380,-7980
27.2208,24.2655,10.1988,4.4021,-11.627,20.0967,16.7862,26.9151,42.542,28.3074,20.1716,14.8361,10.7857,13.5916,17.1984,24.3819,-21.472,-900.848,-308.416,59500,7000,-8820
1.23146,3.69906,5.0181,-4.59844,3.03738,24.6761,20.1878,23.9981,9.17676,4.90924,2.03755,-0.709678,7.70443,23.2253,14.3121,25.7004,-19.032,-911.096,-309.392,56000,4340,-9520
-26.1251,-14.6388,-5.8675,-6.64544,5.84204,20.6603,8.93257,9.79372,-18.2677,-18.3049,-8.63397,-14.939,6.58794,17.3202,5.38032,12.1236,-17.568,-919.392,-307.44,50820,1260,-10780
-20.9773,-10.5493,1.61069,-0.424124,5.43664,23.3124,0.354268,2.42189,-13.9797,-8.60856,0.0243482,-12.6081,13.2449,15.684,0.213249,3.23547,-17.08,-940.864,-305,47600,-700,-11760
-9.70017,-8.89837,11.4053,-2.93331,4.85884,25.0283,-2.90827,2.00518,-5.84113,3.05425,5.5665,-7.32051,16.2219,19.5783,-4.28255,1.97457,-20.496,-946.72,-305,43960,-3360,-12460
12.424,5.37918,20.3835,7.98701,15.0266,18.7232,-4.34756,-3.06212,6.75439,11.3065,7.7916,12.3969,16.9722,21.7909,-0.245324,-2.43533,-20.008,-950.136,-301.096,40320,-6440,-12740
17.5582,6.52044,7.55484,4.95368,9.17045,-7.6262,-14.201,-17.6565,6.056,6.80091,0.599265,12.5842,3.19626,-9.36167,-12.6143,-17.3526,-19.032,-956.48,-292.312,37940,-7700,-13160
14.6197,11.2152,-8.08957,15.7061,3.22565,-39.1094,-6.62883,-22.9484,3.0786,-0.792924,-10.0052,10.1302,-17.5601,-46.957,-8.46934,-21.4082,-17.568,-960.872,-291.824,35140,-8540,-13580
27.8627,24.5561,6.97822,22.5248,4.17979,-25.7917,12.1028,0.0638716,17.6577,11.098,-4.92888,23.0261,-12.7604,-10.9752,8.33596,3.42,-20.496,-964.288,-292.8,34020,-9100,-13580
27.1324,17.1672,6.92483,-2.00901,-1.46026,10.6263,9.07067,14.8223,25.9113,8.02224,5.72791,17.0455,6.08558,14.9473,1.22757,14.0345,-22.448,-970.632,-299.144,33460,-10920,-13300
5.81199,1.15248,-1.52134,-12.5227,-1.53661,22.1687,2.90177,15.1663,4.43678,-5.74215,8.57238,-0.802396,12.3267,17.2132,-3.82778,13.7068,-22.936,-965.752,-300.608,32900,-12880,-13020
-13.9206,-13.6936,-8.22293,-16.1258,-4.8197,10.5998,-6.31212,1.61704,-10.7397,-12.4308,2.40376,-19.6958,3.02764,8.65454,-12.8101,2.20952,-28.304,-971.12,-306.464,32620,-14140,-12740
-14.6001,-20.5729,-3.73297,-16.6309,-6.48381,4.84482,-8.84273,-2.34808,-16.3814,-5.62655,1.0159,-17.6839,2.22138,6.75831,-10.8502,-3.90002,-26.84,-975.024,-304.512,29960,-15120,-12180
-12.2934,-21.1153,0.617293,-14.8193,-5.27175,4.12112,-7.78995,-1.08672,-17.8792,-2.48691,-4.06913,-11.0314,2.03314,6.21253,-10.6955,-3.91698,-32.696,-972.096,-306.464,29680,-15120,-11900
-12.5535,-16.8651,-3.28176,-13.5399,-5.0307,-1.00283,-8.24113,-3.98018,-13.8047,-5.76174,-8.9403,-8.18011,-4.48875,-3.67962,-10.1242,-6.16886,-29.768,-966.728,-308.904,29680,-14980,-11340
-18.7592,-18.8056,-7.51051,-13.8011,-6.7976,-3.01072,-5.31811,-3.12181,-22.4857,-13.8756,-12.1396,-11.6226,-8.38565,-2.81361,-5.96822,-3.59716,-38.064,-968.192,-314.272,28700,-12600,-11060
-15.1242,-5.57823,-7.03918,-3.01994,0.0058605,0.380787,-1.87052,-2.15835,-16.0938,-12.6161,-7.30959,-7.60516,-5.67044,-0.747909,-0.728509,-1.98994,-41.48,-964.288,-309.88,27440,-9800,-10920
-12.3525,1.13465,-12.3345,1.92158,-2.99593,-8.93286,-3.46474,-7.81132,-8.49676,-12.2258,-7.00801,-9.38341,-10.0029,-8.27643,0.853257,-5.95797,-45.872,-965.752,-308.416,26320,-4900,-10500
1.93498,6.04053,-2.21067,7.89463,1.65869,-4.71235,1.82014,-4.03568,2.73664,0.610087,2.45908,-0.320115,-3.00817,-3.12183,4.6054,-2.48058,-47.336,-967.704,-303.536,25340,-1120,-10080
8.68037,2.74906,3.19571,-3.89518,-6.01288,-6.16447,-10.5423,-10.1056,7.05307,6.83824,5.52644,2.58619,0.0430451,-4.4724,-10.8705,-11.9652,-48.312,-966.728,-306.464,24220,3500,-9660
9.61235,6.16644,9.20777,2.49385,7.61243,0.864112,3.80413,-0.832414,6.69013,9.16512,6.74613,11.568,5.86909,4.17227,-1.97354,1.54427,-48.8,-966.728,-305.488,23100,6860,-8820
-2.51067,2.87959,-8.43225,8.88766,5.82129,-19.3913,7.58774,0.101035,-0.779155,-3.69877,-4.44391,3.58373,-15.0606,-18.5559,13.0252,0.0154006,-47.824,-963.312,-302.56,22260,8680,-8260
2.81862,15.1185,-4.47702,32.3054,12.3902,-13.1311,26.0635,11.8527,-1.47452,2.80784,0.768461,9.71137,-9.78118,-11.5756,40.1473,14.1695,-49.288,-966.728,-304.512,20860,9520,-7280
11.8215,20.7088,12.4588,26.8495,11.2427,12.989,24.9286,20.984,8.93516,12.4883,9.20347,15.7525,12.7393,17.3503,29.6513,22.1117,-49.776,-963.312,-299.632,19740,10080,-6580
5.31417,0.197095,3.48549,-8.93197,-9.89994,10.2501,-2.31568,7.83342,15.8868,5.28007,4.05362,-1.80777,6.97766,7.14453,-4.67684,2.31395,-49.288,-963.312,-298.168,18480,9380,-5600
1.78175,-0.657894,1.0927,-4.32372,-3.16493,3.96357,-4.72526,-0.827855,14.8188,2.90014,0.405571,-0.988662,2.45936,0.556389,-0.0887201,-3.92269,-47.824,-959.896,-299.144,17080,8400,-4760
3.60089,6.6413,3.32025,6.99282,4.03487,0.323312,-6.18298,-6.23441,14.953,5.00874,0.727927,4.76067,2.3862,-1.02274,1.24791,-8.41855,-44.408,-957.456,-294.264,16100,7140,-4340
1.31664,1.40223,0.20986,0.371787,-2.40625,-2.43393,-6.75967,-5.28953,6.10085,3.27756,-0.877935,0.921893,-0.42889,-2.63227,-6.0404,-5.89122,-39.528,-947.696,-309.392,15120,5880,-3920
0.679353,-1.33548,0.13037,-6.43083,-7.06303,-1.29714,-5.77139,-0.985364,0.132275,2.8559,2.28693,-0.776321,1.95682,-3.62856,-10.2785,-0.626858,-36.6,-957.944,-300.12,13440,5040,-3500
4.98383,4.21453,5.06826,-4.53139,-3.80573,1.86856,-2.42039,-3.74625,8.64226,4.06609,-0.198257,3.81808,4.45935,3.74082,-8.33837,1.08648,-32.208,-956.968,-298.168,12320,4620,-3500
5.41904,4.24791,4.95764,-0.105935,6.93725,6.94971,9.62105,1.89086,5.93534,3.14656,-2.33671,5.91164,2.35251,7.93337,3.53744,11.3462,-28.304,-957.944,-300.12,12320,4480,-3640
4.81016,6.47886,4.24435,4.81755,12.3005,7.16317,12.8813,0.744948,4.0375,1.27671,-1.52697,8.37637,1.33781,8.2797,5.34263,12.4902,-23.912,-955.016,-305.976,12040,4900,-3780
1.34033,9.49944,0.825218,6.96399,5.1668,0.0945802,0.582085,-5.01755,3.77147,-1.45016,-1.82312,5.59006,-1.08168,3.28585,1.71478,-1.05409,-19.52,-955.016,-308.416,11900,5460,-4200
1.55724,5.81234,-2.60326,2.77092,-1.60718,-4.73112,-6.0201,-3.39509,2.25544,1.07346,4.02803,-0.447803,-1.6069,-7.14764,0.210786,-9.05914,-11.712,-954.04,-305.488,11760,6160,-4620
-14.7986,-13.5572,-10.9325,-11.4208,-11.9714,-8.70975,-14.1652,-2.63498,-18.7415,-9.95621,-3.12822,-14.3958,-5.25261,-13.3129,-11.4846,-12.8296,-7.808,-951.112,-306.464,11480,7140,-4760
-15.84,-16.6049,-3.7226,-10.7458,-6.578,1.1236,-4.43254,7.79172,-23.8499,-7.38248,-0.313192,-12.2838,1.82209,-1.62285,-8.68897,0.773319,-7.32,-954.04,-310.368,11480,7840,-5180
-4.86895,-8.57581,2.21421,-8.40743,-3.54233,4.79327,-1.86614,8.52757,-9.54954,0.519687,4.85475,-5.80938,5.93413,2.37433,-8.46521,4.56827,-4.392,-952.576,-306.464,11480,7840,-5040
-9.72892,-20.9425,-2.1419,-13.112,-9.13623,1.9532,-6.64947,0.126829,-19.4715,-3.34789,2.3357,-13.383,4.90058,-1.75315,-6.02947,-2.16902,-9.272,-954.04,-306.952,11620,8120,-5040
-1.69908,-13.6321,3.92706,-6.52065,-1.88625,-2.02161,-9.4329,-13.0836,-11.0179,1.52048,4.74245,-5.36206,5.52762,-1.85801,-5.71734,-12.7957,-5.856,-954.04,-308.904,11900,7840,-5040
-6.98067,-17.2848,-8.34579,-15.6102,-16.1073,-11.3216,-22.3086,-19.0674,-9.34312,-4.46,5.41266,-12.383,-1.73451,-17.0123,-17.3054,-24.9827,-6.344,-952.088,-310.368,11760,8400,-4900
-10.9451,-19.8547,-9.13883,-18.1823,-19.5898,-6.70641,-16.5655,-13.1767,-14.6466,-6.47271,4.34382,-16.8739,-1.99786,-8.53487,-17.2368,-14.3183,-3.904,-953.064,-308.904,11900,9380,-4760
2.88883,-0.965282,11.0525,-2.67922,8.28053,10.6101,7.65115,-0.888315,-4.19665,6.35836,12.6398,2.62056,11.2801,18.8754,-4.47744,9.73549,-4.88,-953.552,-311.832,11620,10080,-4480
2.22961,-1.40041,9.14008,-1.42667,11.6941,7.18843,8.87644,-2.67718,-5.48008,2.24224,1.21106,2.25881,5.92789,11.5799,0.108871,5.5089,-6.832,-956.968,-313.296,11480,11060,-4060
10.178,2.08231,7.30129,2.35712,8.23746,7.75493,6.42036,7.94396,2.84143,4.48013,-5.69924,6.60053,1.90464,10.289,4.75763,5.36582,-8.296,-960.384,-312.808,11760,12040,-3780
18.2599,15.8733,3.93693,14.945,12.7168,0.861372,7.14099,11.3637,18.7256,-3.63281,-29.3072,19.038,-22.4554,8.61064,13.1282,6.86746,-9.76,-963.8,-316.224,11760,13440,-3360
41.7334,49.4733,16.5943,40.4035,35.8225,14.3029,27.642,25.1445,47.9357,7.33953,-25.3888,49.1082,-19.9661,29.6358,32.9366,27.1315,-9.76,-961.36,-314.272,11480,15260,-2660
22.281,35.2737,4.72084,21.5337,21.3566,23.7605,21.4062,22.7357,30.6307,-2.19618,1.69155,28.1449,9.63754,32.3354,15.6096,27.7815,-9.272,-960.872,-311.344,11760,16660,-2240
-14.4302,7.35647,-12.5594,-3.51561,-2.56852,9.70092,-4.00047,4.39273,0.0121556,-15.9853,1.58407,-13.6891,5.6294,-3.377,-10.9404,0.952382,-7.808,-962.336,-308.904,11060,18200,-1960
-24.4626,-5.83426,-25.3334,3.3294,-9.67289,-23.4043,-6.28876,-8.44119,-9.46079,-14.076,-12.2166,-26.8595,-23.9404,-41.7879,0.946571,-13.3337,-13.664,-962.336,-302.56,10360,19600,-1540
-12.4452,-7.65981,-27.284,18.1172,-10.5403,-37.6838,-1.60324,-12.9578,-5.31594,-7.10024,-9.52564,-14.4838,-22.9674,-46.6612,18.1762,-14.8855,-13.664,-964.288,-297.68,9100,21280,-1260
9.4435,4.20946,0.918296,9.48115,-11.0152,-6.6445,2.9919,-0.211663,10.4663,13.6557,14.0484,4.59307,12.1373,-1.54775,14.2133,1.9113,-13.664,-962.824,-294.752,8120,22820,-840
10.5772,6.23695,18.4698,-5.36177,-3.56639,7.65667,4.05379,3.76557,10.3672,19.9816,13.7079,8.78367,14.2585,18.1207,2.45528,8.18874,-17.08,-966.24,-292.312,6440,23940,-280
-11.7582,-20.3062,4.52133,-27.4458,-6.69509,3.18787,-1.92523,4.09349,-12.0218,-1.20519,-1.20323,-8.10275,7.38965,9.93331,-11.2525,2.87856,-21.96,-967.704,-292.312,5180,25480,0
-16.0194,-14.5246,-5.34072,-7.45543,8.42019,-2.62193,10.2275,3.12562,-15.3877,-10.368,0.0879824,-5.66081,4.0894,-6.24409,2.21471,5.0048,-21.96,-973.072,-289.384,4620,26040,140
-12.4834,-1.17287,-21.9287,11.004,0.440037,-38.7219,0.649892,-15.7088,-6.51762,-7.39812,0.187172,-8.52728,-22.9602,-52.0591,5.39627,-14.507,-22.936,-970.144,-288.408,4200,26600,980
3.00085,10.4993,-3.47331,17.2724,-14.3955,-22.4836,-3.28347,-9.81252,4.41019,11.7987,15.1331,-0.943957,-3.98049,-21.119,8.40372,-9.59079,-28.304,-972.096,-292.8,3640,26460,1540
13.5742,9.11223,23.2308,2.38732,-11.1413,25.7408,4.55355,13.0636,11.4633,21.6178,24.24,7.21736,26.2971,36.9027,6.93105,13.0451,-26.84,-969.656,-294.264,3640,26320,1960
5.79893,-13.0276,21.7525,-33.3126,-0.433706,38.5573,-1.90244,11.5781,0.671272,11.5394,10.3657,-0.200449,25.0963,40.0812,-15.2618,13.1102,-29.28,-974.536,-290.36,3500,25760,2380
-0.149736,-12.4111,11.7815,-19.8762,15.3828,21.7624,-4.35528,-4.98113,-9.11496,0.628097,-7.51285,4.70044,9.12972,13.547,-16.4348,-1.9909,-32.696,-972.584,-294.752,3360,25200,2660
-19.6399,-14.9097,-12.182,2.37405,2.7294,-11.5133,-11.8016,-20.5657,-23.8981,-21.781,-20.568,-8.84687,-11.8536,-16.1096,-8.15657,-18.5698,-33.184,-970.632,-295.24,3640,23940,3080
-8.67277,3.12485,-8.8221,15.3663,-4.7815,-15.0253,-11.5767,-15.5578,-10.0244,-10.2437,-9.45426,-2.17168,-12.8055,-19.7581,-1.76163,-18.9552,-33.184,-970.632,-294.752,3640,23240,3220
6.80333,7.87856,-7.76061,1.61979,-17.9701,-17.8397,-14.5081,-8.92415,11.1204,4.41333,7.33797,-1.75083,-8.046,-15.4437,-6.39573,-14.0662,-37.576,-963.8,-295.728,4060,21980,3080
8.71494,0.754925,-1.2513,-14.5084,-10.6133,1.95425,-5.31161,5.01212,8.71792,8.30818,12.4096,-2.2844,1.56835,2.92728,-6.67001,3.36755,-37.088,-963.8,-293.776,4060,20440,3080
-4.50749,-12.2269,-5.37281,-19.5339,-4.61765,8.70737,-0.633631,8.36997,-10.2488,-4.77291,0.704967,-8.61571,-2.26823,-1.53987,-9.62844,6.88555,-39.528,-960.872,-290.36,4060,19180,2940
-8.07043,-10.3066,-1.55753,-1.85341,6.845,1.86953,-1.22783,0.75083,-13.3546,-6.91706,-1.65307,-6.27825,-0.511863,5.64606,-4.68944,1.70297,-38.064,-960.872,-293.288,3920,18480,2940
4.81656,5.84356,10.2627,6.80475,9.92552,9.7973,-1.68374,-0.568736,4.71206,4.14024,3.69963,5.81081,10.2794,12.7753,-0.898411,-2.49522,-35.624,-956.968,-289.872,3640,17500,2520
9.20374,15.5692,18.424,17.0198,17.3084,11.5334,8.62451,2.30826,8.30303,8.7991,1.23862,17.528,11.7139,15.6147,7.44714,3.85351,-36.6,-955.016,-297.192,3360,16800,2240
-0.915077,2.83581,9.16756,6.23534,8.31752,3.76255,2.70572,1.38379,-5.86883,-3.37517,-13.5896,9.44256,-2.5395,10.5484,2.32629,1.03507,-31.72,-953.064,-298.168,3080,15820,1820
2.0544,7.1987,-0.45907,5.55486,3.52991,3.8167,3.16536,6.86383,5.416,-5.9247,-5.05886,7.08503,-1.94127,4.96329,8.70425,3.7749,-30.744,-954.04,-300.608,2800,15260,1540
-4.47948,0.859583,-8.46831,-4.32487,-3.40762,-3.05121,-0.937464,0.219155,2.70391,-6.26432,3.60935,-5.19935,-0.0671623,-4.63859,-0.552419,-0.00434363,-27.816,-951.6,-305.976,2660,13860,1120
4.73044,1.68628,4.23459,-3.00492,0.475547,0.372885,1.63094,-0.205747,2.64101,10.5032,11.857,-2.0528,9.30154,0.813969,-3.44492,1.89112,-26.84,-953.552,-304.512,3080,12880,980
1.82093,-1.76698,2.6743,2.15486,0.648275,-2.60947,1.35134,-1.15508,0.0332096,4.50724,-0.5911,-3.70329,2.65736,1.1764,0.811633,-0.400745,-22.936,-951.112,-305.976,3220,11200,700
0.806765,-4.98831,-8.86214,-3.05885,-5.43681,-7.98448,0.635476,0.941481,5.23825,-5.9013,-12.783,-6.67021,-10.9539,-6.17969,1.98512,1.19629,-18.544,-950.624,-307.928,3500,9240,560
9.80074,2.53457,-1.74673,-0.953499,0.994324,-2.55021,3.49819,5.6652,9.85703,0.330673,-4.94297,5.40269,-6.29674,0.351161,1.26706,5.85072,-19.032,-950.624,-309.88,4060,8120,280
-1.27275,-6.09973,-4.95811,-11.2014,-6.50166,-1.95884,-5.15097,4.63663,-3.11887,-2.62478,-1.68792,-2.52767,-3.76344,-2.50069,-11.6258,-0.89782,-15.616,-952.576,-309.88,4340,6020,280
-7.58138,-9.81202,-11.2394,-9.50206,-9.71197,-6.25925,-5.69426,3.06844,-5.89724,-4.3622,-2.64742,-9.93969,-9.52334,-11.0609,-10.3518,-2.69657,-15.128,-951.6,-310.368,4900,4620,280
-6.01456,-9.81405,-10.4933,-6.80419,-9.5254,-8.2099,-6.53156,-5.63514,-6.73675,-2.73077,-1.42607,-8.79921,-8.9814,-12.9041,-11.5194,-3.8088,-10.736,-947.208,-308.904,5180,3080,280
4.60643,2.69354,4.88749,6.92572,6.37045,1.48585,7.76003,-6.53739,-0.356649,7.02472,-5.83953,6.09045,-4.02313,3.43121,2.82936,5.52778,-10.736,-952.576,-310.856,5740,1540,560
5.45386,10.7185,6.5364,12.1582,9.91112,8.02877,7.74851,2.48942,4.93804,1.7031,-10.0841,10.7721,-0.347074,6.45611,8.59962,2.63098,-9.272,-950.136,-307.928,6020,700,420
-2.19017,11.0413,-4.88203,10.3345,1.37134,0.985023,2.11255,4.30908,10.0768,-9.9786,-9.78566,2.97079,-3.94145,-3.12142,9.71208,-2.01579,-6.344,-953.552,-306.464,6300,-280,420
-3.70948,10.9943,-4.42363,17.2585,7.83766,4.642,18.1539,13.4599,10.7824,-8.69953,3.04935,0.878176,1.48177,2.40563,28.1236,14.0587,-12.2,-954.04,-305.488,7000,-700,560
-3.91048,0.449889,2.85707,8.42539,6.36661,9.36661,13.1761,10.1742,-2.11794,-1.90672,12.4021,-1.22381,10.9502,7.28696,18.5599,12.784,-8.296,-952.088,-304.512,7280,-1260,700
-3.29865,-2.44118,7.80841,4.26155,3.99934,6.21154,4.19196,-1.1063,-9.66225,3.25291,11.6771,-1.45933,10.7418,9.77826,6.49251,5.47858,-7.32,-953.552,-306.464,7700,-1540,840
4.08754,1.17878,9.64302,2.10069,6.78436,6.82262,3.32206,-0.784231,-3.17031,9.6524,11.3776,4.04839,8.33639,10.5992,-0.538637,6.61773,-5.856,-957.456,-305,7700,-1960,840
-2.5991,-12.3163,1.32577,-10.4977,-1.54377,0.18841,-1.88386,-3.44391,-9.89025,0.339505,2.14343,-4.25127,1.68595,0.820645,-9.0383,1.29299,-8.296,-956.48,-301.584,7840,-1820,1120
-0.364558,-9.57027,-2.35759,-8.02002,-5.9816,-5.8532,-8.33948,-9.09965,-9.56021,1.44941,3.52587,-3.73251,0.917818,-11.462,-7.47336,-11.2899,-7.808,-957.944,-303.048,8120,-2100,1260
-4.6537,-8.10622,-9.43151,-9.12528,-15.6249,-14.541,-20.2362,-16.6588,-12.2008,-3.43184,-1.94556,-7.47851,-5.63344,-22.3063,-11.9292,-23.732,-5.856,-962.336,-301.096,8820,-1540,1540
-3.60878,-1.79377,-9.62863,-3.99915,-13.674,-17.484,-12.4338,-10.7132,-0.989167,-4.03434,-4.4752,-4.82973,-10.0424,-20.4231,-4.24456,-16.6173,-5.368,-961.36,-303.048,9380,-840,1820
5.05636,9.30268,-3.34253,-1.0507,-4.79936,-13.2559,-2.04538,0.344492,12.9203,-0.452684,-4.66167,4.71756,-9.9758,-7.20234,-0.390076,-2.31781,-8.296,-962.824,-299.632,9940,0,2100
6.61348,15.7403,1.45582,6.68454,3.70922,-6.73399,4.29384,-0.235078,12.2568,1.52103,-0.633529,8.95441,0.471389,7.87662,8.51171,3.61484,-6.344,-965.264,-296.704,10500,980,2380
12.7626,16.9625,9.23336,10.7384,11.663,4.07969,5.51769,-5.30707,15.5771,11.2522,8.97223,11.0874,9.08813,12.0971,10.3931,-0.205237,-9.272,-965.264,-296.704,11200,1960,2660
6.28669,1.05684,11.9876,-3.23112,4.75891,12.9894,-3.96928,-0.415331,3.96728,11.5766,10.7431,3.79407,12.7593,12.5896,-4.94433,-1.31065,-9.76,-961.848,-297.68,12040,3080,3080
-2.05752,-5.77104,7.92213,-8.75857,0.958265,7.30478,-6.90206,-1.04005,-4.98014,4.47382,-1.57543,0.253722,6.46277,8.46023,-13.7615,-3.61699,-10.248,-960.384,-294.752,12740,4200,3360
3.41171,6.11192,4.83735,3.98046,7.33725,6.80766,3.28088,7.66512,2.83438,4.09557,-2.52216,5.3832,2.39655,5.75821,1.11917,2.78549,-9.272,-961.848,-307.928,13020,4200,3640
-3.56544,-3.53175,-6.22901,-2.22563,-4.31235,-0.0489618,0.244389,6.37271,1.50065,-5.00273,-5.38601,-6.25816,-5.20833,-5.07739,0.582608,1.54973,-16.104,-962.336,-276.208,13300,4760,3780
-1.90192,-2.49105,0.308507,0.235628,1.20071,7.41907,5.65469,8.37499,4.53428,-2.64428,-1.41061,-1.23226,1.35446,3.14888,-0.2617,8.2807,-13.176,-960.872,-294.264,15260,3640,4060
0.197776,-3.64792,1.80347,1.35429,1.09848,3.90893,1.47707,-0.942948,-0.896173,0.161883,-2.8284,0.992814,0.703061,1.27391,-2.25926,1.88166,-15.616,-959.408,-297.192,14420,3640,4060
-4.10161,-11.4349,-4.98174,-8.4795,-7.8522,-4.68753,-5.2775,-3.77882,-6.30573,-2.73845,-3.20168,-5.93546,-4.64206,-6.01914,-10.3052,-5.548,-16.592,-956.968,-294.752,15260,3080,4060
-6.11682,-9.81576,-5.68111,-7.2593,-7.02558,-2.56908,-0.95083,4.14283,-5.55184,-3.39991,-1.03552,-6.79961,-3.67606,-3.08929,-5.04644,1.70477,-13.664,-952.576,-300.608,15680,2660,4200
-4.96781,-6.37236,-2.85068,-4.07204,-3.47353,-0.0657201,-1.15989,4.68825,-4.91465,-3.19854,-1.95365,-4.78382,-1.42315,-0.0552263,-1.51141,3.0752,-15.616,-954.528,-296.704,15680,1820,4200
-6.2926,-7.87576,-3.05033,-4.15531,-1.57397,-0.133479,0.53266,2.66231,-9.40827,-5.75891,-5.04029,-5.06362,-2.55434,-0.55472,1.11495,1.79706,-15.616,-953.064,-296.704,15820,1400,4200
1.03128,-1.35531,3.34574,0.0430035,4.72118,0.0945859,2.61489,-3.01106,-2.89014,-1.38162,0.532617,2.96617,-0.627961,2.77026,-0.853281,0.950608,-17.568,-955.504,-295.728,16100,420,4340
-2.10636,1.13195,-0.446663,2.57002,0.777742,-3.34453,-4.32554,-7.8441,-2.80599,-2.97893,1.56287,1.26064,-4.08996,-4.48632,-2.7812,-7.32209,-18.544,-953.552,-293.288,16940,-280,4480
-5.50378,1.11274,-4.56775,6.83571,1.48911,-1.1791,3.03631,0.1924,-6.94718,-4.7164,1.6762,-2.12115,-3.59904,-4.66917,5.791,1.18406,-19.52,-954.04,-291.824,17360,-560,4480
-1.35559,2.79501,-1.64744,0.997836,-2.11174,1.06801,-0.541578,2.23199,-1.79475,-0.305357,3.11295,-1.78129,0.761236,3.24116,-0.754488,3.01277,-16.104,-953.552,-292.312,17640,-1540,4480
7.63959,8.37127,5.51962,0.216282,2.50378,8.40038,1.94415,5.26902,12.0245,5.11346,1.59121,5.26238,4.66105,8.98595,-0.0372037,6.0405,-16.592,-948.672,-289.872,17360,-1540,4340
7.30373,10.5473,4.53299,5.4751,7.12412,8.31261,5.32997,3.0775,14.7865,0.941479,-3.41273,6.31728,2.24284,6.44742,7.38363,6.02443,-21.96,-952.576,-290.848,17080,-1400,3920
-3.82211,5.34325,-2.3174,5.2362,3.16612,0.376128,2.61662,-0.836083,0.952093,-8.80326,-8.34612,-0.778478,-2.37887,2.61567,6.24923,3.05138,-18.544,-951.112,-286.944,16800,-1540,3780
0.822993,4.49144,-0.917017,7.38642,6.26192,-1.9513,4.70291,0.341108,-1.56101,-0.0983825,2.11529,1.70594,1.34369,-2.79437,6.06036,2.17611,-19.52,-955.016,-285.48,16800,-1260,3500
-3.33414,-7.75804,-14.254,-3.20514,-8.1583,-18.6351,-7.07663,-7.40581,-6.36423,-1.2503,-0.495049,-9.35694,-11.1621,-28.9727,-3.78871,-11.2058,-22.448,-954.04,-284.992,17220,-1540,3220
4.97892,3.59028,-4.34765,5.51596,-4.59681,-12.9108,0.829192,-0.404709,6.09061,7.39676,7.16168,1.08406,-2.73485,-12.8086,3.18121,-0.713312,-23.912,-957.456,-287.432,17500,-1820,2940
8.59985,9.49783,4.43215,5.01381,-5.4282,-1.1167,0.852919,1.23515,10.3455,10.6625,10.4803,3.50443,6.61023,3.57462,7.07002,0.810109,-19.032,-955.504,-285.48,17640,-2100,2520
5.3556,2.47904,9.84993,-6.79169,-2.76961,10.4328,-4.19417,1.02181,2.64431,8.66449,8.0625,1.55814,12.0033,12.5381,-0.445308,-0.815184,-22.448,-955.992,-287.92,17920,-1960,2100
-0.790787,-5.67137,10.4654,-8.97365,4.11381,11.0711,-3.45998,-2.92159,-10.0036,2.54545,0.856978,0.777826,8.68429,14.2148,-4.20767,-1.93543,-17.568,-955.992,-287.432,17920,-1960,2240
1.84944,-4.46628,8.75811,-3.32383,10.9018,9.18679,4.06127,0.367228,-8.01657,-1.02164,-8.49741,6.17873,0.905304,13.552,-2.7594,4.8708,-18.056,-954.528,-284.016,18200,-2100,2240
2.34126,1.73141,2.47682,6.33658,12.3465,6.94467,10.3666,6.88335,-2.21678,-5.19024,-12.4604,7.33223,-5.33044,11.8991,6.04121,10.5088,-18.056,-956.48,-284.016,18340,-1820,2100
-4.55523,-1.86068,-4.92528,2.48713,5.23911,3.93807,8.7871,7.81687,-1.97834,-10.1419,-6.85063,-1.1755,-4.08847,5.2433,3.19417,8.66572,-20.496,-957.944,-285.968,19040,-1820,1960
-9.00245,-8.00988,-5.70827,-6.07665,-3.37358,-1.40386,-2.39996,-1.83797,-5.76745,-7.40268,-2.55818,-7.04172,-2.61676,-1.6937,-8.97163,-2.31552,-20.984,-956.968,-284.992,19460,-1400,2240
-5.71465,-6.55856,-3.664,-6.98913,-5.95635,-3.49589,-7.73238,-2.95929,-4.8379,-0.958768,3.32774,-5.81721,-0.249348,-5.75253,-13.0069,-8.63226,-17.08,-957.456,-284.504,19600,-840,2100
-6.34467,-9.72538,-4.32441,-8.60834,-6.77973,-10.1664,-9.6913,-7.21886,-6.39026,-1.55022,1.39426,-5.5857,-2.36326,-9.52431,-11.6324,-11.5508,-20.496,-956.48,-285.968,20020,-140,2240
-4.97699,-2.78631,0.226757,3.22741,-0.0514297,-4.12751,0.129661,0.664269,-7.10964,1.22165,3.18645,-1.3972,1.52004,-3.80609,3.81633,-2.65165,-20.984,-952.576,-285.48,20160,560,2380
-0.964391,-3.18414,-2.06521,-1.4668,-7.67628,-1.11753,-0.384244,0.561996,-1.07378,2.73044,4.19648,-4.7581,1.5577,-3.77068,1.97754,-1.01881,-22.448,-950.624,-282.064,20160,1540,2380
-0.724708,-5.0962,-4.13314,-2.57125,-6.79783,-7.65867,-3.46401,-10.9376,-2.78069,1.93763,1.49193,-3.50238,-1.23619,-13.2216,-1.9618,-8.49743,-22.936,-954.04,-280.6,19740,2240,2380
-6.74012,-9.51167,-12.0764,-7.10128,-13.9439,-22.8256,-13.3515,-21.0966,-5.21098,-4.92037,-5.75316,-8.16558,-8.35776,-29.5031,-10.6628,-22.5762,-24.888,-951.6,-283.04,19460,2520,2380
0.483581,4.31433,-9.53624,5.73742,-13.4029,-24.5876,-9.19083,-13.1649,9.21476,-2.2493,-7.92052,-0.65104,-13.1049,-26.5808,4.26089,-17.2661,-25.864,-954.528,-280.112,19180,3360,2380
17.1345,26.1453,8.28102,20.7238,3.13119,-1.1703,3.90225,5.00837,24.2346,10.7572,3.80497,18.3308,0.236017,3.36812,20.2749,5.13216,-26.352,-955.504,-280.6,18760,3500,2380
19.7943,23.3082,14.3734,8.2893,7.79837,19.4998,7.46301,15.4877,26.3696,14.7862,15.0824,17.867,14.3271,21.5398,11.8125,16.6179,-27.816,-951.6,-284.992,18620,3920,2240
12.5779,12.5448,16.2965,-0.577492,12.388,23.8004,9.40392,14.1508,17.7343,11.3351,14.5718,11.3422,17.038,26.5216,-0.0181774,18.7616,-29.768,-953.064,-283.528,18200,4060,2240
1.43722,-1.27979,7.37459,-4.7006,9.57305,10.2585,7.52176,6.52239,4.62405,3.22965,8.94614,0.330788,7.297,17.6181,-3.9584,12.3769,-31.72,-953.064,-286.456,17500,4060,2240
-10.753,-10.1818,-2.19283,-3.17658,6.15555,6.43173,4.40527,3.71214,-7.83496,-7.67516,-5.11709,-7.45634,-1.65801,7.05684,-2.65481,6.19448,-28.304,-952.088,-287.92,17220,3500,2100
-11.7582,-11.6957,-3.22712,-4.04615,3.11384,10.0278,-0.288805,4.53555,-14.9604,-8.567,-10.5197,-6.54174,-1.67008,2.46118,-5.63994,2.88184,-29.28,-952.088,-288.896,17080,2800,1960
-4.81762,-5.39519,-4.48497,-1.3456,-1.98389,3.20573,-1.43988,3.90801,-7.37094,-6.54338,-9.33704,-4.19676,-3.15318,-2.45434,-0.99575,-0.350432,-29.768,-956.968,-291.336,17220,1960,1680
5.89545,6.38153,-0.05733,7.03055,4.62012,3.47281,5.17886,6.19318,8.45903,-1.91807,-6.82149,4.3213,-1.1278,4.66789,8.05039,5.69523,-29.28,-957.456,-288.896,17220,1260,1260
3.76532,3.30371,-2.21077,3.045,3.37261,3.61291,4.97157,7.52109,3.89085,-1.53644,-2.0264,1.46894,0.147644,3.97912,6.26621,5.53872,-29.28,-965.752,-280.112,17220,700,1260
-0.569549,-1.91593,-8.44189,-3.16788,-3.58926,-6.42176,-1.86497,-2.77395,-1.09165,-6.36713,-7.16784,-5.12099,-6.88954,-5.99545,-0.68129,-3.27228,-26.84,-969.656,-278.16,17640,700,1120
5.04781,7.47882,-1.14363,9.26402,6.87053,-3.02941,7.2859,-0.567138,5.43878,-1.31741,-3.33292,4.91864,-2.53661,-0.417107,8.35269,3.25503,-29.768,-967.704,-272.304,18340,280,840
-4.21823,-0.193236,-1.09247,4.30062,1.10651,-3.81401,2.10555,-3.87721,-6.41583,-5.06628,-2.31175,-2.49222,-2.51033,-2.06217,3.46998,0.339424,-24.888,-960.384,-271.816,18480,-140,700
-2.35535,-3.66924,5.81394,-3.18965,-1.014,0.142746,-3.07141,-5.441,-11.1235,2.06194,4.95009,-2.00871,2.75452,3.78051,-3.45385,-2.61047,-25.864,-958.92,-271.816,18760,-560,140
-2.28397,-7.66096,4.38621,-7.27562,-3.45952,-1.30057,-8.47578,-7.49835,-13.1704,2.37382,3.4832,-3.86874,0.85596,-0.908992,-8.30736,-7.58949,-26.84,-950.136,-272.304,18340,-980,0
-2.02752,-7.53045,-1.43361,-8.2341,-6.43282,-5.50381,-11.9185,-6.81446,-8.20964,0.53761,1.16221,-5.03456,-3.32393,-7.60861,-9.85517,-10.6855,-27.816,-949.16,-271.328,17640,-1540,-560
-7.5412,-7.50611,-8.32899,-6.90333,-9.85482,-7.11443,-10.6493,-4.63937,-8.91468,-4.52779,-1.2962,-9.44445,-6.87973,-9.80305,-7.0782,-10.3473,-25.376,-946.232,-267.912,16940,-1960,-840
-2.96911,-1.78115,-4.01516,-2.05657,-4.11064,-3.15104,-0.834132,0.888269,-3.68735,0.179956,3.3026,-4.84366,-4.22316,-5.10952,-0.177799,-1.86247,-24.888,-948.184,-269.864,15960,-2800,-1120
0.631806,0.611844,2.38768,-0.420589,-0.602703,-3.42801,1.43663,-1.98619,-2.92144,5.24837,4.53948,0.581263,-0.478454,-2.53631,-0.0790346,-1.24931,-23.424,-945.744,-270.84,15260,-3640,-1120
-4.40736,-3.28282,3.89239,-0.311486,1.64097,-0.137276,2.76147,1.3754,-13.4047,3.35543,2.6864,0.756664,2.58523,-1.15127,-1.56002,1.36302,-21.472,-943.304,-277.672,14000,-4340,-1400
-8.69113,-6.13095,-3.95485,-3.59884,-6.51369,-6.13449,-3.38043,-3.40746,-12.0225,-3.45332,-2.04656,-5.83793,-3.39997,-6.82447,-8.22988,-4.00573,-18.544,-943.304,-282.064,12600,-5180,-1680
2.72551,2.3535,1.41121,0.372304,-2.75645,0.58728,-0.224149,1.23209,5.20333,3.38608,4.80915,1.91725,3.54023,0.977525,-2.40684,0.290608,-13.176,-945.256,-282.064,11620,-5880,-2100
2.78118,1.32147,5.27883,0.297626,3.50215,6.09024,4.68798,2.57997,2.76048,2.60242,1.37747,4.95115,5.83918,7.06002,1.34866,4.66088,-10.736,-955.016,-283.04,10080,-6860,-2380
2.80054,2.43337,1.67849,-0.870909,3.25973,1.95761,0.845725,-0.955995,9.23459,1.43856,-0.372864,5.22202,2.39611,1.85389,-3.64781,0.46834,-6.344,-961.848,-281.576,9380,-7560,-2520
7.94634,10.4526,4.63743,6.65265,6.07806,2.83224,2.20847,1.21312,13.917,6.8595,3.31506,11.7261,5.51362,4.08986,0.906676,1.36408,-4.392,-971.12,-276.208,9240,-7700,-2800
0.37316,2.20839,-2.25963,0.375533,-2.4596,-3.16574,-3.02737,-4.11382,-0.0864594,0.439542,-3.54977,2.18533,-0.76527,-1.67513,-0.974471,-2.54333,-0.488,-976.488,-275.72,9940,-7560,-2800
2.05438,-1.21353,-4.1897,-3.62494,-4.17366,-4.119,-3.99113,-1.83479,4.73664,0.276295,-1.7293,-0.646202,-2.46154,-3.37176,-0.612119,-2.84961,2.44,-979.416,-279.624,10920,-7560,-2660
2.27472,0.190284,-4.64421,0.728777,0.38983,-2.4341,2.31697,0.419652,14.7443,-2.23365,-1.16182,-0.991333,-2.26043,-3.81058,6.5227,0.825305,-0.976,-977.464,-275.232,12740,-7280,-1960
2.81447,6.92148,-2.71254,8.34715,3.81626,-0.685982,7.45413,3.51737,20.4077,-3.76537,-3.05061,2.25806,-0.696624,-1.18773,13.9931,5.28668,-3.904,-976.976,-275.232,14140,-7140,-1540
7.05351,15.8381,5.88655,15.3614,10.5194,8.61504,13.6396,11.4829,18.478,1.76015,-0.632431,8.99927,6.84344,10.936,18.1432,14.2122,-5.368,-974.048,-274.744,15680,-6580,-560
5.89666,4.74719,9.36845,-0.473051,6.29742,10.4432,5.22113,5.31574,4.56046,4.48965,2.55424,5.15998,9.61223,15.0501,2.61924,9.6429,-9.76,-970.144,-276.208,16940,-5880,280
-4.5794,-8.96418,1.30395,-6.37053,2.57131,3.678,2.16808,0.65774,-13.1481,-0.447127,3.54313,-3.85397,3.35436,4.7966,0.997413,3.53147,-9.76,-968.192,-276.208,17780,-5320,1120
-10.3697,-16.2876,-4.66486,-9.73035,-3.78593,0.863389,-4.87322,-0.90249,-22.0829,-4.52732,1.25096,-9.334,-1.64242,-3.56713,-9.20572,-3.22184,-12.688,-965.752,-278.648,17920,-4480,1820
-11.1793,-11.9636,-9.51707,-7.14166,-11.1993,-3.14446,-11.4626,-2.76488,-14.4717,-10.6225,-2.35539,-11.3996,-5.36547,-11.811,-14.3394,-9.63953,-16.104,-966.728,-277.184,17920,-3500,2520
-3.52515,6.79864,-5.48236,9.29243,-1.96333,-5.39104,-2.37153,-1.93232,5.32438,-8.83926,-3.7705,-0.245147,-5.23506,-11.4857,3.90856,-5.69155,-19.52,-966.728,-277.184,17640,-2100,3080
1.72199,10.3242,1.06732,13.2931,4.40316,-9.10245,3.70116,-4.2309,5.07882,-1.49588,-0.630498,4.79254,-2.53942,-2.4816,10.9148,0.394953,-22.936,-964.288,-273.768,16940,-140,3500
8.37211,9.0572,3.41473,10.0826,5.34783,-4.50303,6.70611,-0.976964,3.68161,7.73802,5.89169,5.37895,-0.2577,-1.72849,10.9947,2.54229,-29.768,-965.752,-278.16,15820,1820,3780
12.5818,6.02306,-3.92289,4.38214,-0.797729,-14.6324,-0.799059,-8.23764,6.6042,6.81678,-5.15802,4.56087,-16.6886,-20.2031,2.54572,-11.1119,-32.208,-968.68,-279.136,14560,4060,4060
13.2251,3.49834,-2.64029,3.90151,-5.0458,-10.5946,-0.743601,-0.957623,8.37893,5.02244,-5.09787,7.52615,-10.5617,-9.19102,0.320728,-5.65604,-35.624,-969.168,-276.208,14560,5320,4340
10.2476,10.0278,7.35914,0.76401,-7.23228,8.41751,-1.82831,8.51317,13.3442,4.54835,2.14561,7.08231,6.40485,16.7303,-2.02667,5.77489,-41.48,-971.12,-276.696,14560,5600,4480
8.03039,11.695,15.3396,-7.87309,3.53652,22.8799,2.56704,11.4223,21.1686,9.6881,9.81212,4.42918,15.2202,28.8107,-4.07525,13.5067,-41.968,-970.632,-279.624,14560,5460,4620
0.0796373,-4.09058,17.4034,-12.9915,13.3986,30.7799,8.46417,11.0766,3.73393,9.3119,9.33316,0.272529,18.7427,33.8297,-3.64908,17.1256,-44.408,-970.144,-280.6,14420,4760,4760
-13.3078,-25.4554,5.49872,-20.3985,2.46535,21.6142,-3.94961,3.87299,-21.6581,-1.23095,0.541197,-12.9272,10.4445,20.3041,-16.1859,4.18495,-47.336,-971.12,-280.6,14560,4200,4340
-25.6428,-31.1972,-9.17171,-24.789,-10.0271,3.13405,-20.5385,-10.236,-32.8586,-17.6371,-12.8026,-22.3498,-1.74137,-0.735355,-29.1303,-14.3841,-47.824,-970.144,-283.528,14420,4060,4200
-35.1912,-40.5134,-14.3911,-25.5787,-11.0027,-2.26371,-16.6381,-9.26631,-51.653,-23.4218,-14.3823,-26.4295,-3.07611,-11.9928,-24.3988,-13.2211,-49.288,-969.656,-281.576,14700,3780,3640
-38.8182,-55.6045,-17.2626,-32.7921,-20.3202,-11.1546,-20.0561,-19.1817,-66.5183,-20.7762,-12.6903,-31.4626,-6.01785,-22.0217,-29.8128,-18.7509,-49.288,-971.12,-280.6,14980,2660,3080
-6.33155,-3.98156,-9.38046,6.95162,-1.45698,-26.6474,-5.84253,-21.0181,-15.2635,-1.33479,-5.95246,-0.132817,-18.7317,-18.4863,2.03227,-13.6141,-45.872,-969.168,-284.992,15260,1960,2520
33.3624,42.2685,1.02704,33.1232,11.9467,-20.5797,9.98822,-5.26864,42.2359,17.4076,3.80742,28.2422,-15.2797,-7.09592,28.7622,-4.16167,-48.312,-966.24,-284.504,14980,700,1540
25.3799,39.9806,-1.79257,31.4381,8.67931,-4.94995,13.0707,13.0179,36.5219,7.29961,9.2175,19.3768,1.05487,-4.59197,26.6588,4.27119,-42.944,-969.168,-286.944,15120,-840,1120
1.8644,19.4029,-6.1468,14.2525,-0.554648,-5.60857,3.9684,11.2285,17.3809,-4.34527,6.72382,-0.791339,2.98384,-13.7236,16.6344,2.43882,-40.016,-967.216,-284.016,15540,-2800,560
2.20729,15.4269,6.30794,9.29853,0.118664,6.534,6.23073,12.3482,14.808,2.28777,1.77173,2.80401,5.49411,-0.140934,10.5352,10.3822,-37.576,-965.752,-282.064,15820,-5460,140
7.29737,10.5023,14.4336,12.349,7.68867,21.5248,17.086,19.4589,3.84462,8.48196,0.804453,10.8569,11.7544,19.3822,10.8519,21.9548,-32.696,-966.24,-280.112,15960,-7420,-280
6.88478,3.13221,7.22596,4.97851,3.80403,10.321,13.3189,13.1885,-2.85859,4.69192,-3.15937,9.06535,-2.20591,11.8879,10.0844,13.6572,-30.256,-966.24,-278.16,16240,-10080,-560
26.2953,31.0273,22.3075,14.3981,23.1047,17.8274,19.885,15.1717,33.3153,17.0605,2.32664,29.5432,6.07606,40.5508,15.587,24.6515,-25.864,-966.24,-279.136,16520,-11900,-560
15.6673,16.8137,4.08778,2.39842,19.6624,16.0538,9.82791,-0.975665,27.0628,4.20328,2.46622,14.6502,7.05053,4.85548,1.7735,7.80551,-21.472,-966.24,-278.648,17080,-14560,-420
-24.8136,-14.489,-42.6252,2.89433,-10.9118,-49.7555,-12.9359,-34.091,-12.8632,-29.7106,-11.6416,-25.2259,-29.9574,-77.4766,-7.55884,-36.2517,-20.008,-964.288,-282.064,17640,-16800,-420
-5.61293,7.75737,-16.1959,32.7623,-5.49659,-56.1368,-0.674663,-21.8317,5.49484,-0.443593,7.7657,-7.11914,-18.2861,-43.4772,20.3104,-20.6966,-17.08,-962.824,-283.04,17920,-18060,-420
20.0131,9.36782,17.1213,5.50271,-12.4224,-3.14527,1.20369,5.66696,17.6331,29.2565,28.6024,9.8355,14.3385,9.73685,7.52083,6.06892,-15.616,-962.824,-283.04,17640,-18900,-420
4.90139,-10.9526,6.21752,-21.5076,-12.7039,-4.30581,-8.84097,-5.33707,-5.41216,10.4448,15.662,-1.6264,11.8276,2.35775,-17.5349,-4.52128,-13.176,-964.776,-284.992,17500,-19040,-140
0.785747,-3.47576,4.13039,-7.95387,0.117998,-3.88126,-6.53147,-5.73149,-3.80696,4.58026,14.6976,1.37405,10.3924,-4.77924,-5.71707,-10.1421,-10.736,-965.264,-282.064,17360,-18340,-140
5.77011,-1.87633,19.1234,-6.25578,-7.26701,25.9639,-2.62232,9.46078,2.28923,12.303,10.7975,3.2047,19.7539,26.1182,-2.60075,7.61498,-11.712,-964.288,-276.696,16800,-17220,0
1.10411,-16.2454,14.7056,-26.9768,-5.66437,32.4486,-5.89995,12.4564,-5.18982,3.19916,-8.32812,-2.69395,10.119,31.9346,-20.3249,13.5726,-7.32,-962.336,-277.672,16520,-16380,0
-9.04325,-25.6233,-4.62683,-38.3669,-4.76074,13.7694,-13.5205,1.39333,-12.5536,-16.8766,-19.0538,-10.6892,-6.28655,11.8118,-26.6852,-0.0691357,-12.688,-961.848,-272.792,15680,-14980,140
-17.8418,-21.2158,-10.328,-15.177,0.368052,7.03257,-5.00968,-0.00187362,-18.6847,-19.7072,-14.476,-13.5614,-6.23646,7.985,-9.88153,0.5194,-8.784,-963.312,-268.888,15260,-14420,420
-23.0184,-21.8856,-12.7087,-11.0347,-3.68951,5.14188,-5.80547,-3.2211,-23.6708,-16.8209,-14.6839,-18.611,-7.19856,-0.164561,-9.27265,-2.74674,-11.224,-962.336,-265.472,14280,-13300,700
-27.8211,-30.9283,-20.1629,-16.8174,-12.9239,-7.22851,-11.3029,-10.737,-35.6334,-22.4778,-21.9244,-25.9541,-14.7745,-13.6149,-11.7175,-10.6137,-9.76,-966.728,-264.496,13300,-12040,700
-15.2525,-18.4968,-12.7474,-7.45558,-10.0613,-7.32322,-10.7525,-9.4128,-21.9938,-12.8944,-16.0226,-14.404,-10.0615,-11.2311,-6.57546,-11.9993,-10.736,-965.752,-261.568,12600,-11340,1120
-0.0869381,-2.29514,-0.448016,-0.628769,0.043778,4.48999,-1.58453,1.38497,-0.56445,0.414233,-4.24362,1.01258,1.09874,1.91439,-3.50037,-0.095185,-9.272,-966.24,-262.544,12040,-10080,1260
9.45938,15.684,6.5774,10.9799,13.1202,8.38386,8.69061,7.37723,12.5292,7.32235,2.57558,13.511,4.35372,9.277,1.02826,8.96758,-12.688,-967.704,-263.52,11340,-8960,1260
17.8712,32.9074,13.0876,29.6455,24.446,7.72909,18.8589,10.4127,21.8096,15.1804,12.7537,24.4539,7.53286,12.4126,19.6503,13.7856,-14.64,-965.264,-264.984,10920,-8400,1400
4.88404,22.1933,0.136334,22.8728,8.01731,-10.9843,8.20538,-0.434583,14.9878,2.99045,2.44849,10.7849,-4.02098,-3.36632,17.7938,0.912042,-13.176,-964.776,-264.008,10360,-7840,1680
8.57799,22.7864,5.58537,19.2705,8.66291,-2.72947,8.27688,4.70918,18.1625,6.67451,4.21819,13.1497,2.1511,3.15355,13.8046,4.01742,-12.688,-963.312,-267.424,10080,-7280,1960
1.39231,10.0431,8.27744,4.16755,5.44721,5.97866,1.94722,3.12064,1.56355,1.67155,0.177451,9.18579,6.37875,7.89406,-2.10833,3.76533,-17.08,-960.872,-264.008,9520,-6720,1960
-8.00275,0.303831,4.07681,5.94546,4.70669,2.67424,4.04578,0.0344367,-15.1291,-4.28366,-3.48614,1.92621,2.05414,2.55341,6.40343,2.17594,-13.664,-961.36,-267.912,9380,-5880,2100
1.98237,3.7287,2.90977,9.53853,5.09546,-1.42705,5.14678,-0.824412,-2.45894,3.55382,2.84124,2.08499,0.354367,-1.10223,10.1003,0.705124,-14.64,-959.896,-265.472,8960,-5040,2100
8.86316,4.73061,-2.40325,-0.443519,-4.52542,-5.00542,-0.658114,-1.7111,14.7642,4.31261,5.2683,-1.43618,-3.24876,-6.41362,1.69971,-2.69436,-18.056,-960.384,-263.032,8960,-4620,2240
5.97851,-6.37979,-8.03284,-12.3222,-12.3761,-8.9163,-7.22936,-4.07208,12.7691,1.49667,5.47466,-8.9015,-6.4781,-13.3629,-4.12552,-8.29204,-22.448,-963.312,-265.96,8540,-4340,2240
2.58042,-5.59747,-5.92126,-9.10911,-9.88282,-9.22928,-9.43256,-7.47581,8.11254,0.0443481,4.83975,-8.10107,-3.77218,-12.8511,-6.55417,-11.2855,-24.4,-961.36,-266.448,8680,-3640,2240
3.6308,6.71971,0.771408,9.88895,1.02535,-4.92555,0.485393,-2.67596,2.8676,3.15432,7.38515,1.66526,1.11593,-5.30994,7.35589,-3.57158,-26.84,-961.36,-268.4,8680,-3500,2240
10.5688,10.5,6.15126,13.5635,5.09455,0.544285,8.61389,5.51804,6.5851,8.2852,8.10182,7.65405,4.28935,3.56812,14.1081,5.6197,-27.816,-963.312,-271.816,9520,-3360,1960
5.27887,-5.74402,-0.089156,-10.5661,-6.81807,0.593686,-1.18303,3.76526,5.5976,1.38292,0.679871,-3.07454,0.14623,-0.143991,-3.54004,0.964208,-29.768,-962.824,-273.768,9800,-3360,1960
3.99293,-8.5265,0.771605,-11.854,-5.76889,1.24045,-6.39137,-1.95625,0.388854,2.75207,2.07625,-2.15049,1.71858,-2.5027,-9.22373,-5.23078,-30.744,-966.24,-276.696,10640,-3640,1820
-0.775931,-8.10831,-1.91791,-10.4561,-5.55154,-2.10612,-5.84295,-2.29194,-2.33171,-2.05261,0.0188957,-2.79727,-1.40775,-4.78363,-13.8289,-4.17582,-34.16,-966.24,-275.232,11900,-3780,1400
-3.66962,-7.77058,-3.3712,-9.50085,-5.76704,-2.23856,-3.208,-0.154863,-4.70631,-3.26659,-0.8634,-4.2223,-2.19901,-3.38097,-9.35919,-0.778198,-34.648,-965.752,-277.184,13160,-4060,1260
-12.1847,-16.7634,2.21477,-10.5972,-1.11599,5.47835,1.09398,4.22241,-28.1359,-0.706379,0.746093,-5.33432,5.23629,3.64471,-4.02499,5.39323,-33.672,-967.216,-280.112,14700,-5040,1120
-14.5622,-5.76845,2.42742,-2.64053,4.30177,3.50129,2.73137,0.491536,-21.8588,-8.3241,-8.82115,-1.2003,2.70551,5.67632,-0.759634,5.60411,-36.112,-965.264,-280.112,16240,-5460,840
-0.920007,15.7211,1.19749,20.6928,11.7935,3.53254,12.335,4.19978,3.35069,-2.43257,-2.33291,7.7852,2.04401,4.78402,20.6498,8.6136,-34.16,-967.704,-278.16,17500,-6300,840
-9.9234,-3.57239,-7.08952,1.34579,-4.58506,-3.04328,0.51601,-1.64436,-8.79069,-6.51029,-3.34955,-6.95211,-3.19082,-3.92963,5.05183,-0.515209,-33.184,-966.24,-277.672,18760,-7700,560
-2.22103,4.52335,1.78694,8.0308,3.95743,3.9328,5.92133,2.72962,-5.20867,2.37089,1.41177,2.11671,2.15459,6.63697,8.76826,6.18867,-31.72,-964.776,-273.768,19880,-8960,420
3.26672,5.87772,4.48955,6.47541,6.72383,5.56771,4.05636,-0.126,-0.598065,6.42804,2.66382,5.51896,3.47425,6.58361,1.92779,4.54263,-33.672,-961.848,-270.352,20440,-10360,420
6.60461,7.52948,-1.85472,5.93614,5.21708,-0.429525,2.88944,-0.787795,13.8066,1.27926,-3.78714,3.56382,-3.66722,0.790483,1.19401,2.25234,-33.184,-961.848,-271.816,20860,-11340,280
5.33546,-3.09224,-1.43774,-1.56777,0.336257,-2.52013,-1.93859,-1.28751,6.15714,0.605074,-5.10308,0.636892,-3.96232,-0.498788,-2.81676,-1.31662,-32.208,-962.824,-268.4,21140,-11620,140
7.63905,-0.495632,3.2111,-5.92885,-0.812818,0.544306,-6.43445,-1.09477,7.70209,2.69674,-2.18187,3.74681,1.09184,2.61675,-11.1407,-2.9974,-30.744,-963.8,-273.28,21280,-11760,-140
2.88546,2.73943,-5.89111,-4.04759,-5.201,-6.59326,-9.01071,-2.78766,11.4809,-4.33721,-5.99885,-2.04341,-6.4274,-5.58733,-9.18687,-7.27779,-28.304,-965.752,-271.328,21560,-11200,-140
-3.12203,-5.6596,-5.12184,-7.42853,-5.10127,-4.63111,-7.44391,-0.684413,-1.68909,-3.60251,-2.07546,-5.09236,-3.98858,-7.44079,-7.27951,-6.40051,-25.864,-969.656,-270.352,21420,-10500,-280
-6.34189,-9.09715,-3.36716,-9.20651,-7.09224,-3.93812,-10.045,-5.10473,-4.63134,-3.89314,-2.54946,-6.94859,-1.91544,-5.64494,-11.1491,-7.73989,-27.328,-970.632,-269.864,21840,-9800,-140
-1.50794,-2.06752,2.7641,-4.23735,-3.91623,2.29003,-5.43055,-1.66512,2.03734,1.29191,4.06463,-2.17167,4.39557,1.89006,-6.76018,-3.37287,-28.304,-971.12,-271.816,22960,-9100,0
3.36854,6.20113,2.45376,2.90002,0.0769083,2.63278,-0.186474,0.374562,12.8181,1.33288,3.54374,2.5401,2.85898,3.63488,1.26617,0.479683,-30.256,-966.728,-273.768,23800,-8540,-280
1.97097,2.88416,1.87652,1.48035,0.041593,-0.351817,-0.459401,-2.4001,7.55584,1.77723,1.4482,2.43248,0.258508,0.620244,2.29311,-2.51711,-31.232,-966.728,-274.744,24360,-7980,140
-0.306824,0.565414,2.82743,-0.603227,0.727718,0.400612,1.18168,-1.42877,1.7537,2.48218,2.66958,2.58948,1.6194,-0.00508808,0.155831,-1.61367,-29.768,-969.656,-269.376,24640,-7560,140
-2.81836,2.67392,-0.950536,2.10091,1.10409,-0.0768252,4.03279,1.16046,2.29475,-2.50036,-0.553874,0.321107,-1.99758,-0.676005,2.23719,1.45507,-28.792,-969.656,-267.912,24920,-7420,280
-4.48505,-4.73016,-2.76384,0.879026,2.07327,1.15248,7.189,3.82148,-9.55489,-3.73259,0.105112,-2.29132,-2.43196,1.15964,5.03986,4.62298,-28.304,-967.216,-267.424,26180,-7560,560
5.08821,-1.09187,1.06063,0.494298,2.95689,1.89656,4.96894,-0.285829,4.19013,3.89417,3.80235,1.38576,2.3124,2.34472,6.1946,1.78963,-26.352,-965.752,-268.888,27300,-7560,840
5.53716,7.11138,5.02318,8.21838,6.12033,4.67439,5.98843,1.95564,-10.7541,6.0722,2.90454,4.80535,4.88765,4.95564,9.21271,3.45872,-27.328,-967.216,-270.352,27440,-7560,980
-5.99625,4.1786,5.63538,12.1779,6.78139,5.65328,5.27285,4.36057,-27.9013,0.586252,0.42014,2.38896,3.68702,6.81137,5.01824,5.54868,-25.864,-970.632,-270.84,27300,-7000,840
-4.64927,-6.96878,0.850494,-9.19983,-4.85024,2.46836,-2.96471,3.84826,-3.94333,0.122966,0.597274,-5.13701,0.279945,1.00537,-9.30071,1.63752,-22.936,-972.584,-270.84,27580,-6860,1260
6.93005,-4.09324,1.92671,-14.5933,-4.02324,2.97716,-0.637654,4.28392,11.5012,2.62201,2.35973,-1.12251,1.74393,0.568692,-7.67244,3.43743,-24.4,-975.024,-268.888,28560,-6020,1400
4.50913,4.64485,0.641993,3.7916,4.30702,-0.0871183,5.20269,0.701705,8.60819,-1.73791,-1.94859,2.63791,-1.48339,0.855455,10.8684,3.8478,-22.448,-973.072,-268.888,29960,-5600,1820
-8.68883,-2.77956,-5.66662,8.05064,1.86171,-3.68475,4.92599,-2.31617,-7.94973,-8.37433,-6.29638,-4.57659,-4.97791,-2.37405,14.639,1.39122,-23.912,-971.608,-269.376,30800,-5180,1960
-2.7729,2.36081,-3.16519,8.71088,1.27306,-2.27825,3.48871,0.415399,1.64651,-1.44944,0.28187,-0.912315,-1.32548,-2.70524,10.7291,1.23443,-20.984,-972.584,-266.448,31920,-4340,2100
-2.8059,6.64949,-2.39821,8.57177,1.57306,-5.2779,-2.86962,-4.37555,1.70589,-2.33562,-2.70197,2.28823,-2.56862,-4.12287,0.119359,-4.07447,-22.936,-967.704,-261.568,32480,-3780,2520
-0.954278,10.0548,0.785257,8.75392,3.72246,-1.6669,-3.97128,-1.70523,2.35051,0.737046,1.19136,6.54268,1.336,-1.81648,-3.91439,-3.25377,-22.448,-965.752,-263.032,32760,-2800,2520
-5.74264,-12.5432,-7.20569,-10.3489,-9.82202,-5.16874,-8.59743,-1.45016,-6.62049,-4.02869,-0.563624,-8.41481,-2.35805,-8.81657,-7.69921,-5.67532,-23.424,-966.24,-259.128,32200,-1820,2380
0.746763,-12.122,-2.08868,-11.2519,-5.45481,2.65289,0.0290808,5.41199,0.675609,-0.0418343,1.75046,-4.78213,1.87347,0.251705,-0.257154,2.84925,-20.496,-967.704,-258.64,31080,-980,2380
9.85465,6.23718,4.18217,1.25845,1.93836,4.27122,3.54259,3.55789,14.1559,6.682,4.71123,6.3693,2.94997,3.94436,4.90273,2.99279,-23.424,-967.704,-256.688,30660,-420,2380
8.60995,6.03175,6.50728,-7.09079,-1.17382,1.07015,-4.7119,-2.37492,8.69824,8.43324,5.64594,7.80906,4.25789,1.83976,-13.3006,-3.07569,-20.984,-967.704,-250.832,30940,-420,2240
2.17493,1.33292,6.69159,-4.04263,3.43121,1.09384,0.117442,-2.45907,-2.52118,3.19957,0.064209,6.14193,3.8558,5.15828,-6.79412,0.900399,-23.912,-964.776,-248.88,31220,-840,2240
4.69516,3.80596,3.40759,10.4854,8.03237,-0.252264,6.22857,-1.66949,4.17037,0.708886,-1.33338,4.24905,-0.664391,3.87248,10.5841,3.12083,-23.424,-966.24,-250.344,30800,-1260,2240
6.21539,0.740374,-4.10979,2.13201,-0.817457,-6.9104,-2.67784,-7.09508,5.68591,-0.651413,-2.25782,-1.29853,-5.74469,-4.65074,1.34693,-4.15409,-22.936,-965.264,-251.32,29540,-1820,2100
0.225114,-11.4259,-4.56688,-3.80187,-3.60227,-4.36633,-1.4764,-4.16205,-10.497,-0.623085,-0.398306,-6.94401,-1.95471,-4.55311,0.968471,-3.6459,-21.472,-969.168,-247.416,28420,-2800,2240
0.769784,-10.6588,-5.70155,-12.304,-9.99687,-4.78362,-8.37386,-4.4906,2.01785,-0.64353,-1.67808,-7.98792,-2.43615,-6.03554,-13.2699,-6.82143,-18.544,-966.24,-246.928,28140,-3360,2520
-0.212969,-2.81627,-0.574763,-6.51777,-5.04863,1.80786,-4.61081,2.68699,-0.0940521,3.78566,3.74109,-3.53419,2.19699,-1.45085,-7.1984,-1.2574,-20.496,-962.824,-242.536,27300,-4200,2660
-14.966,-15.5372,-3.37234,-17.7746,-10.5142,1.15796,-11.5033,0.829142,-22.4281,-4.81685,-2.49489,-11.8553,-1.32264,-4.4386,-17.2604,-4.68939,-18.056,-963.8,-239.608,26740,-4760,2800
-6.61007,5.09752,-1.39382,-0.961879,-0.547067,2.16049,-5.29198,0.910906,6.1924,-6.69686,-6.45357,-1.37352,-3.18891,-0.132876,-11.6276,-1.42641,-18.056,-961.36,-240.096,25900,-5460,2940
0.659111,24.7979,3.07015,23.2912,9.89988,2.95194,2.68074,3.18054,5.8472,-2.12941,-2.67944,9.40917,-1.29327,3.53255,3.03331,2.34884,-16.104,-964.288,-237.168,24640,-6020,3360
-12.9254,-9.91871,-4.78546,-4.60468,-5.98231,-2.36038,-3.33195,-1.1787,-32.6763,-8.32973,-5.92759,-8.82783,-4.6442,-4.44136,-4.50721,-2.84498,-15.616,-960.872,-232.288,23520,-6440,3500
-7.37488,-6.50055,-1.85732,-3.5246,-1.70224,0.968532,7.40839,3.55524,-2.34469,-2.8564,-2.04866,-5.50116,-1.53829,-0.687909,13.5092,4.39858,-14.64,-960.384,-234.24,22820,-7280,4060
-8.95776,0.996288,-1.59188,9.7671,5.15104,1.0333,12.009,3.45021,-3.58448,-4.40956,-2.08437,-1.13083,-1.64513,0.948823,20.3608,6.56809,-13.664,-963.8,-231.312,21840,-7560,4200
-0.496535,-5.24884,-1.26833,-1.18528,0.384133,1.35326,5.58368,2.5652,1.25541,-1.2887,2.56193,-1.33186,0.229458,0.461639,8.29204,3.34189,-13.176,-962.824,-234.24,21280,-7840,4620
12.6567,18.0938,12.0929,13.0951,14.7694,8.06692,13.5602,4.86298,19.5673,9.22923,4.88242,16.9944,8.36344,13.961,14.2449,9.56801,-12.2,-963.312,-239.12,21280,-7840,4620
9.9829,16.4632,9.80705,11.2688,10.6032,5.78581,8.0388,1.69088,13.4269,7.06448,3.0678,12.7652,6.28343,12.7205,6.59651,5.78056,-13.664,-966.24,-239.12,20580,-7560,4900
13.7284,10.7784,4.36063,2.29559,2.35312,1.79669,-2.27775,-0.278209,22.2561,7.83832,5.67079,7.62293,3.6493,3.76984,-5.2208,-1.49539,-14.64,-966.24,-240.584,20160,-6860,5040
5.85062,0.373676,-0.472718,-0.375345,0.633929,-0.776035,-2.39583,-1.00197,5.97806,1.79598,1.19694,0.848935,0.266559,-0.462553,-5.447,-3.23451,-12.688,-966.24,-244,19460,-6160,5180
11.3863,7.07774,1.46508,2.02089,0.695394,-2.39375,-3.68115,-4.11275,17.9648,3.41571,1.78346,4.61025,-0.0570925,-1.05571,-5.8093,-4.72405,-12.688,-963.312,-241.56,19320,-5600,5320
6.45873,16.7073,6.49903,21.4047,12.1699,2.84614,7.40471,0.246711,0.390623,3.53216,3.2779,11.2327,4.37723,6.64672,12.1325,2.46204,-15.616,-963.312,-245.464,18760,-4900,5600
-12.2692,-12.1759,-5.37247,-5.47964,-5.4615,-4.43359,-5.12059,-4.37999,-31.5887,-8.93063,-3.31947,-8.90861,-1.95888,-4.90002,-6.54647,-4.64709,-19.52,-964.288,-239.12,18760,-4200,5740
-6.6589,-25.5515,-9.90627,-26.6826,-16.765,-4.96897,-11.8386,-0.753003,-11.2425,-4.16912,0.944112,-15.086,-3.51101,-11.3833,-18.5395,-5.92075,-22.936,-962.824,-241.072,18760,-3500,5740
-6.42631,-13.8731,-8.87312,-9.45362,-9.82281,-3.91286,-1.70021,0.502932,-2.993,-4.44451,-2.0962,-11.4774,-5.2655,-7.7778,1.52983,-0.419349,-24.888,-958.92,-231.312,18200,-3080,5740
