-6.10609,0.967968,-8.03571,-1.24788,-1.35684,-5.28592,-5.85611,-12.9624,-4.392,-7.52666,-8.28936,0.353192,-6.38751,5.1767,-0.580124,-11.1291,-11.224,-763.232,-641.72,840,-3500,-280
-4.89605,4.16914,-5.43155,2.21439,3.0987,-6.43972,-2.02251,-12.2332,-1.11918,-4.10148,-7.66776,2.54734,-5.88317,12.5148,4.37396,-11.1838,-13.664,-759.328,-646.112,700,-3220,0
-1.44858,6.79519,-1.96512,2.99454,4.85771,-8.35886,-0.902092,-12.2744,4.24338,1.27271,-3.02381,4.11975,-4.14098,16.4147,4.64,-10.7775,-14.64,-761.768,-645.136,280,-2660,-140
-4.43992,2.11328,-4.63667,-2.61265,-0.568836,-10.9982,-2.55608,-13.2475,1.82091,-0.443278,-1.5486,0.250957,-9.29362,15.4522,-0.227209,-9.93906,-16.104,-760.792,-647.576,140,-2100,140
-2.4639,0.682826,-2.05906,-4.82009,-1.35547,-9.2481,-3.29566,-7.67983,6.1748,1.88417,1.97187,1.08252,-7.02312,13.9231,-4.69791,-9.05906,-19.032,-763.232,-642.696,0,-1680,140
1.18514,2.17115,0.608082,-3.1088,-0.758369,-9.25499,-4.32489,-6.05824,11.7477,4.96427,4.5459,0.52852,-5.97991,10.3468,-6.1257,-8.15946,-16.592,-762.744,-644.648,0,-1260,420
-2.90028,-2.78944,0.157609,-4.19131,-2.23696,-9.75918,-4.96096,-5.88992,4.99217,0.977794,1.39915,-8.13516,-6.58008,1.9892,-8.12648,-6.50247,-17.08,-763.72,-645.624,420,-560,700
0.526979,-1.48438,3.60583,0.964217,1.52562,-5.17232,0.861917,-0.0552666,4.75202,4.59436,3.5595,-8.44895,-3.71027,0.526112,-2.83196,1.0011,-21.472,-762.744,-643.672,560,420,840
8.31792,5.51194,6.52737,9.5116,6.89294,2.3003,6.43392,7.27709,10.9995,7.69864,5.14146,-2.87618,-0.309569,3.0617,5.32731,9.85768,-23.912,-767.624,-646.112,840,700,1120
8.76215,4.89476,8.57912,6.94076,5.86807,4.99679,4.39571,9.89039,8.33552,7.06852,4.66605,-1.44022,2.26903,0.701703,2.14353,13.1558,-24.4,-768.112,-647.088,1540,1400,1540
10.2549,3.81796,11.3695,5.73325,6.32936,9.27215,6.01677,12.7751,5.47469,8.67575,5.73101,2.29575,6.05418,2.24218,2.64771,17.1057,-23.912,-768.112,-643.184,1680,1820,1540
4.94168,1.13899,7.07045,4.72608,6.06174,8.28994,8.91595,12.6691,-0.990041,4.6704,-0.306446,1.03529,5.65401,0.568166,7.51224,17.231,-26.84,-763.72,-647.088,1960,2240,1680
2.31599,3.08886,2.16463,4.27341,7.40883,6.60604,12.0348,11.9148,-3.40906,1.92637,-2.74188,2.95044,4.84274,1.2073,11.211,17.1483,-26.84,-768.112,-646.112,2240,2240,1680
-2.99524,-0.542872,-3.29995,-0.129887,2.22514,2.44096,7.86117,6.4879,-7.79913,-2.83704,-5.71564,1.80534,2.92164,-3.55056,8.36039,15.0184,-24.4,-762.744,-648.064,2660,2660,1540
-6.37151,-3.35425,-3.61544,-1.68315,-2.08875,1.14814,4.47537,3.54735,-12.442,-4.75137,-5.96122,2.46068,0.865169,-7.19638,6.22636,12.8333,-24.4,-763.232,-647.576,2660,2380,1120
-5.92643,-4.43622,-5.40291,-2.71511,-5.44118,2.50849,0.899041,1.82367,-11.2123,-7.00983,-4.50138,2.27292,1.8777,-7.46735,0.754138,7.36788,-20.984,-765.672,-649.04,2660,2240,840
-6.17496,-4.84029,-6.86346,-7.70106,-10.4668,-1.69652,-8.07781,-4.20577,-9.38286,-9.09489,-2.83964,1.25511,3.13669,-10.8396,-11.4895,-4.50665,-20.496,-762.256,-648.064,2660,1960,560
3.84565,3.50204,1.30715,-2.75761,-3.67774,3.83898,-4.62048,-3.23233,-1.51007,-2.17719,6.59876,9.938,8.17057,-2.54604,-9.39865,-6.23811,-19.032,-761.28,-650.992,2660,1260,420
2.24022,1.30274,2.08001,-4.46906,-3.51441,3.84699,-5.68658,-4.99745,-5.55198,-5.09101,5.7511,4.85219,5.40893,-1.76535,-7.99436,-9.23266,-15.128,-758.84,-645.624,2800,1400,140
-0.427886,-0.124734,2.33391,-1.28887,-1.503,3.63212,-1.50138,-1.85746,-6.77928,-6.86853,4.84042,0.661635,3.43492,-0.245482,2.1769,-8.46194,-10.736,-759.328,-645.624,2660,1120,140
5.38557,3.42448,5.98318,4.92742,2.52888,5.14021,2.20032,2.0297,1.99492,-1.6734,7.55763,4.04481,6.77208,3.68237,9.00702,-6.95785,-12.2,-759.816,-646.112,2800,1120,0
4.03776,1.17294,3.93818,3.74134,0.476692,1.33597,-0.32868,0.519352,2.15489,-0.204333,3.27853,2.34928,5.11196,2.37509,4.53296,-9.54787,-9.272,-760.304,-648.064,2380,1120,-140
-0.782768,-0.0635976,-1.84,1.69502,-2.45378,-3.75888,-0.752393,-4.3172,1.4644,-0.864972,-1.73851,-1.94887,-2.1894,0.517467,2.23422,-11.0736,-10.248,-761.768,-649.528,2380,980,0
-1.44804,1.64393,-2.48377,1.56814,-0.793507,-6.16038,-1.5127,-5.9891,5.31011,2.11526,-1.75679,-2.21841,-3.72092,-0.339637,-2.39139,-10.8989,-7.808,-759.816,-646.6,2100,980,0
-2.21829,-0.812355,-0.923907,-0.481604,1.30227,-2.21137,-0.256455,-3.18838,6.38127,4.44058,0.02471,-2.25215,-1.79341,2.2917,-5.93486,-4.53883,-7.808,-761.768,-648.064,2380,840,0
-1.00429,-0.373911,0.84196,-1.46026,2.06047,-0.455048,0.133554,-2.33507,7.00581,7.20439,0.969536,-1.5505,-0.00931401,3.28244,-4.70328,0.56224,-7.808,-762.256,-647.576,1960,980,140
-4.05173,-3.25924,-1.59544,-1.78088,-1.53037,-1.43895,-2.38731,-1.92948,4.44128,5.45291,-2.35933,-2.2112,1.35601,0.569477,-1.88435,0.0232329,-8.296,-761.768,-649.04,2380,980,280
-5.1666,-7.06322,-6.95974,-4.10008,-4.84719,-4.77997,-6.84894,-4.01162,2.21653,1.89422,-2.5985,-3.25178,-6.23513,-4.21056,-3.98984,-3.9552,-6.344,-760.304,-647.088,2380,700,420
-0.886508,-4.57177,-5.89686,-2.9454,-1.53941,-4.29329,-4.59281,-3.15187,3.73958,4.11937,0.663478,-0.976946,-9.30227,-3.67926,-4.7719,-3.22045,-3.904,-761.768,-649.04,2520,420,420
2.18355,-2.76593,-4.2336,-4.73995,-2.13812,-3.58975,-6.86837,-3.78256,3.27475,4.66621,-0.693724,-1.90728,-8.71198,-4.92283,-8.29303,-4.48893,-5.856,-761.28,-650.016,2380,140,560
4.38014,0.11185,-2.66371,-1.04152,0.717116,-2.59166,-2.90212,-0.714536,3.60633,2.90045,-2.66282,-0.991122,-8.03654,-2.73212,-2.49011,-0.795691,-2.928,-763.232,-648.064,2380,-280,560
5.62265,3.53896,2.71831,6.60282,6.35541,1.63424,8.0264,6.06217,2.86237,1.7139,-1.46174,4.49853,-2.03141,4.3177,8.85411,6.834,-6.832,-762.256,-645.136,2520,-420,560
7.69997,6.66726,7.12518,8.13921,9.64125,4.69939,12.3892,7.69808,2.79066,4.84558,3.47944,5.76232,0.234385,8.74367,12.8091,7.64409,-6.832,-762.256,-645.624,2380,-560,700
2.35204,4.88116,7.22269,4.20702,8.87516,4.27564,10.1622,6.87684,0.1874,1.46334,3.33395,-1.37848,-0.801664,7.63284,10.0923,5.38003,-5.368,-759.816,-651.48,2380,-560,700
-5.3975,-1.89113,1.81737,-0.869932,4.32344,-1.16146,3.34663,2.71901,-6.08173,-5.51235,-2.85376,-9.64955,-4.3095,0.995924,3.22174,2.03732,-8.296,-761.28,-650.992,2380,-420,700
-6.5466,-4.87107,-2.96547,-3.92521,-2.2995,-3.93235,-3.61062,0.288606,-7.46855,-5.43602,-4.48292,-12.5129,-5.54447,-3.84481,-3.38138,1.75419,-4.88,-761.28,-648.552,2520,-140,840
-10.2246,-9.11159,-8.97374,-8.39495,-8.46031,-7.19699,-11.3145,-4.39763,-9.46213,-8.31631,-11.22,-15.3974,-4.55872,-9.4262,-11.3141,-2.07264,-9.76,-760.792,-646.112,2800,280,840
-5.02795,-0.557722,-7.56068,-1.7756,-2.57353,-2.82115,-6.10045,-3.20213,-1.33976,-4.99998,-9.09046,-8.70044,-1.31912,-3.04486,-4.58087,1.35892,-9.272,-761.28,-646.6,2520,280,700
-1.76561,4.16803,-3.03445,0.0173578,-0.923407,3.01319,-2.72822,-0.0771595,-0.515589,-3.0826,-0.758752,-0.959837,5.39308,1.81036,-2.45584,5.0283,-11.224,-760.304,-646.112,2380,560,700
0.320597,5.13774,0.29662,0.999698,0.999595,5.36909,-1.66337,-0.483899,-2.88635,-2.73386,3.60965,4.02416,7.80829,3.89114,0.8358,6.35159,-11.224,-760.304,-648.064,2380,140,700
0.839866,6.30178,0.791892,5.94312,4.91653,3.66053,4.45114,-0.750293,-5.98895,-4.08227,1.11999,6.31551,5.26784,4.51783,10.058,10.8712,-10.248,-761.28,-650.992,2240,280,700
0.396266,3.67256,-0.830439,5.14847,1.65347,2.35835,5.49082,-1.7517,-5.76316,-4.50247,-1.46581,3.57079,3.74092,0.888487,8.50808,9.52749,-11.712,-759.328,-649.528,2380,420,700
7.61165,5.68832,3.65921,3.6914,-1.03631,4.51195,5.15802,1.72131,6.86515,2.82826,6.88613,5.54538,5.40438,2.50627,3.89167,7.10923,-12.2,-761.28,-648.552,2660,420,560
5.19326,-0.0758883,3.20555,-2.95126,-4.95764,1.26788,-0.0811028,0.0202081,7.97658,2.62113,6.4527,4.85537,2.87135,-1.40737,-2.29088,0.860186,-13.664,-762.256,-650.016,2660,420,700
2.36087,-2.59545,4.69019,-3.01825,-3.33551,0.397664,-1.22871,0.627598,4.00556,0.478799,4.97186,7.51345,2.56486,-2.41197,-2.84865,-2.89974,-13.664,-761.768,-649.528,3080,140,700
-1.00356,-5.55671,5.32316,-3.94811,-4.83767,-1.52573,-2.25728,-2.11449,0.701647,-1.39675,4.94198,5.30579,-0.785062,-4.63929,-3.15499,-6.48544,-12.2,-759.816,-648.552,3220,140,700
-2.8589,-6.29403,6.68791,-3.4122,-3.1972,-0.579799,-1.27072,-3.16008,-0.362214,0.194991,1.28562,3.20321,0.256615,-3.89183,-1.50042,-7.92865,-15.128,-762.256,-644.648,3360,140,700
-0.285016,-3.42943,5.15487,-0.610715,0.0109288,0.871389,1.9978,-0.0112504,0.816334,4.49256,-0.849732,4.38081,1.89042,-0.133892,-1.13084,-6.94284,-13.664,-762.744,-646.112,3220,140,560
-2.19619,-6.28687,0.172318,-4.45492,-4.78386,-1.04179,-3.457,-2.06712,-2.3615,2.94696,-3.20918,1.2479,1.08046,-2.18045,-8.29891,-11.309,-17.08,-758.84,-644.648,3220,0,560
-1.16323,-5.84518,-0.666554,-2.5121,-4.93646,-1.61735,-3.73508,-1.49482,-3.9522,1.70058,-3.0136,1.84263,-0.667954,-2.32601,-7.60282,-12.3552,-16.104,-763.232,-649.528,3080,-140,560
0.78609,-1.5701,-1.83469,-0.692126,-1.31041,-0.270198,-1.94416,1.76473,-2.03657,3.73388,-0.0348209,3.30957,-0.888999,-1.59114,-3.17602,-9.74567,-13.176,-762.256,-645.136,3360,280,560
1.72256,3.49186,0.0664121,4.49706,5.52964,4.12281,4.09583,9.82112,0.00872365,5.45852,2.02467,6.88589,8.58372,3.42101,4.17573,0.0585438,-13.664,-762.256,-647.576,2940,140,420
9.19417,11.1968,2.83365,11.0426,11.6713,6.78766,8.85989,8.72774,8.18318,10.666,6.75158,10.6342,7.69968,9.65814,8.07843,7.4533,-13.664,-766.16,-645.136,3080,140,420
5.30162,5.33355,1.04071,3.09347,4.60497,1.27916,1.24994,1.71572,7.0303,7.19351,3.03643,4.20221,3.75369,4.68044,-2.33916,2.1703,-12.688,-763.232,-646.6,2800,140,420
-0.364281,0.888205,-2.31793,0.132706,-2.0154,-4.75382,-2.35358,-1.01155,1.5873,-0.535817,-1.62988,-1.58865,-0.312419,-0.42772,-3.18872,-0.351313,-11.224,-765.184,-649.528,3080,0,420
-0.381508,2.19215,-3.57873,1.50861,-1.44374,-6.33076,-1.03436,-1.90501,1.1717,-3.80808,-4.18373,-4.66696,-2.09049,-1.24934,3.04808,-0.419153,-14.152,-764.208,-649.04,3080,280,420
-3.92618,-2.17166,-4.98807,-3.56669,-4.86353,-8.49865,-2.50392,-2.73023,-1.47935,-7.54676,-6.66707,-10.1335,-5.87371,-3.83994,1.90675,-2.18016,-14.152,-764.696,-646.6,3220,140,560
-6.11979,-2.72607,-5.87568,-2.99275,-3.19627,-8.74925,-2.02158,-3.92741,-6.67167,-10.0608,-5.3833,-11.5505,-10.6625,-2.98203,2.02267,-0.781096,-12.2,-762.744,-646.112,3500,280,560
-0.524267,3.2331,-0.558022,5.02422,3.51641,-1.9928,3.01257,1.15504,-0.335656,-5.35003,-1.47021,-5.04125,-6.74161,1.87168,7.42336,6.12393,-14.152,-763.232,-645.624,3500,140,700
0.214786,2.18814,-0.584686,4.12179,2.26159,0.387892,2.39196,1.54364,1.44573,-4.23632,-0.642983,-2.11196,-7.14114,1.81964,3.03823,6.98832,-14.152,-763.232,-644.16,3500,0,700
-5.36588,-3.73026,-4.89304,-4.37402,-3.2702,-2.63396,-1.57783,-2.64621,-5.04036,-7.55817,-3.85325,-6.42702,-10.1889,-3.69381,-3.73164,0.901889,-15.128,-758.352,-645.136,3360,0,560
-3.05017,-2.43878,-1.8436,-6.25646,-1.20698,1.00571,-2.15368,-2.16893,-3.66011,-3.4291,-1.40628,-6.25833,-4.33921,-3.26062,-3.69789,3.01694,-15.128,-763.232,-643.672,3640,140,560
2.80559,1.9403,1.31604,-1.80295,4.50043,7.22064,0.545813,1.0862,0.759247,1.6839,2.08303,-5.36209,1.67451,0.964382,1.6075,7.77342,-14.152,-761.28,-645.624,3500,140,560
5.64564,5.60436,3.53695,4.28368,8.18124,9.84601,4.69147,4.62237,3.39788,3.23233,5.84322,-3.05864,6.94509,4.02061,6.15243,9.60471,-9.76,-761.768,-644.16,3500,140,560
6.24714,5.82803,5.12837,6.30625,9.09246,8.23356,5.22,3.31643,2.98589,2.56367,6.65548,-0.608651,7.53864,5.74582,4.11816,8.00302,-11.712,-761.28,-642.208,3640,420,560
4.66337,4.77988,4.28297,1.33462,5.19042,4.9685,1.66059,1.205,2.71728,2.89043,6.74535,0.640118,3.56157,5.40038,-1.05559,4.13118,-12.688,-762.256,-644.16,3640,280,420
-0.414498,1.26955,4.49208,-1.90077,3.22133,2.68822,-0.562029,0.551251,-2.46257,1.76655,3.97196,3.13087,3.00796,5.41329,-2.93459,2.07852,-14.64,-761.28,-646.112,3780,140,420
-6.57331,-4.98456,0.376204,-3.75192,-1.04818,-1.33831,-2.44603,-3.55538,-9.5061,-1.23884,2.63264,0.441765,-0.679435,2.2499,-1.82817,-3.16824,-13.176,-762.744,-646.112,3360,140,420
-9.87767,-9.74234,-5.36607,-7.97834,-7.84472,-6.50482,-8.75313,-9.9542,-8.71153,-2.11407,0.540716,-4.54591,-2.96524,-4.613,-5.43849,-11.6399,-13.664,-764.208,-645.136,3500,-140,420
-7.27599,-7.96391,-7.72472,-9.09488,-9.58611,-7.35111,-11.0674,-10.4083,-3.97891,1.00332,-0.639137,-3.1725,-2.91549,-8.07343,-7.39819,-15.6216,-12.688,-761.28,-644.16,3500,140,280
-2.3554,-1.62294,-6.74425,-1.47499,-5.97194,-3.83175,-3.42024,-4.36926,-0.857054,4.93714,2.34714,1.99913,-1.06811,-5.29866,-1.23764,-10.5366,-15.128,-763.232,-643.672,3500,140,280
-2.7431,-3.01015,-5.98526,-0.183148,-6.67992,-3.09469,-0.270779,-1.72862,-0.204321,3.81048,-2.10308,1.78812,-2.49346,-5.32779,-0.087666,-6.73966,-11.224,-763.232,-644.16,3500,0,280
-2.33508,-4.93502,-8.85829,-2.75714,-8.39607,-3.7144,-0.921146,-1.13916,2.32902,2.88995,-5.34858,2.49943,-3.98089,-5.98919,-2.71783,-5.97823,-12.688,-764.696,-643.184,3780,420,280
1.03244,-1.30011,-3.645,0.596601,-5.50503,-0.244857,1.42589,2.47799,5.96195,5.09581,-6.58544,6.56326,-0.226705,-3.20578,-0.667293,-2.10384,-14.64,-764.696,-643.184,3920,280,140
1.01205,1.58627,3.36964,4.82542,-1.12819,3.01289,6.34347,5.48202,6.49197,3.01821,-7.39134,7.47865,2.61877,0.624071,2.5418,3.42888,-12.2,-763.232,-645.624,4060,420,140
-0.532109,-0.961325,3.21789,2.87036,-2.91315,1.09973,3.81117,3.13923,3.10008,-2.3861,-11.0994,3.81965,3.29608,-0.293012,0.901979,1.77327,-12.688,-762.744,-642.208,4060,280,280
-3.75506,-6.98152,2.79544,-4.41739,-7.41016,-0.963928,-3.75719,-0.684245,-3.03987,-5.89036,-11.9086,-1.33557,5.03814,-3.9027,-8.57331,-3.17859,-14.152,-763.232,-644.648,3920,700,0
4.4218,0.00730809,8.94837,1.10926,0.578368,4.06963,1.02736,0.648139,4.23956,-0.89796,-2.95336,3.89306,7.44523,1.94138,-4.23598,2.03658,-11.712,-764.696,-644.16,4060,840,140
9.46079,5.90354,11.9639,6.24672,8.40648,6.64821,5.79565,4.2437,7.24885,1.68816,2.47472,10.5716,10.4841,6.5973,3.64151,8.17869,-16.592,-763.232,-640.744,4060,700,0
12.1301,10.365,12.4779,9.57369,14.0513,7.23725,7.93433,5.99352,8.55729,4.4616,5.94359,12.7161,7.57778,8.4565,8.18563,11.1407,-12.688,-763.232,-644.648,4060,980,140
13.4589,12.0682,10.6715,10.6611,14.2618,4.23572,6.68807,5.60786,9.29757,6.65789,7.0647,10.6362,2.75928,7.22757,8.2431,8.96064,-11.712,-762.744,-645.624,4200,840,0
6.80996,6.30044,4.39417,5.94944,8.54161,-0.396808,0.639864,3.18087,4.16719,0.483161,3.8903,3.56424,-2.05897,2.79155,4.13666,6.04612,-14.152,-762.744,-642.208,4060,700,140
1.96768,2.06679,-1.42577,0.545607,2.59511,-3.86783,-3.94989,-1.31684,-0.482108,-4.45726,1.66693,-3.33754,-9.40539,-2.20357,2.16432,2.0609,-12.2,-763.72,-642.208,4200,840,0
-2.36882,-1.25812,-2.87504,-2.82534,-0.208722,-5.87471,-3.47113,-1.37057,-4.00241,-6.042,1.46252,-9.65311,-10.4603,-2.56994,1.05715,0.525888,-13.664,-761.768,-641.72,4200,560,0
-3.27236,-1.1157,-1.06024,-1.52324,1.91133,-3.76838,-0.870408,0.999704,-4.71915,-6.06812,3.70576,-10.0472,-6.92838,-0.0611425,5.11122,2.74961,-15.616,-763.72,-642.696,4200,840,140
-1.53841,0.802792,-0.193412,-0.00681591,4.18453,-0.940445,1.3348,3.88253,-3.32739,-3.74261,4.87986,-6.52734,-2.20746,2.32352,7.54803,3.74885,-14.152,-765.184,-642.208,4340,700,140
-3.88733,-4.05174,-2.50054,-6.59358,-1.05235,-1.78429,-4.60447,2.6897,-4.05482,-2.71221,2.61889,-8.88261,-1.77858,-0.598193,-2.25133,-1.5308,-14.64,-763.232,-640.744,4200,700,420
-2.81221,-3.29205,-5.25823,-7.37617,-2.40223,-2.41336,-6.621,0.196902,-2.99082,-2.57677,2.59875,-6.11483,-1.77574,-2.22455,-5.60661,-6.18943,-13.664,-762.744,-642.208,3920,420,140
-4.36463,-3.00154,-6.80586,-5.62606,-3.98573,-1.45711,-4.56069,0.0904073,-3.44094,-3.49407,1.15033,-3.37722,1.43332,-1.29486,-4.66355,-5.2997,-14.64,-763.232,-642.208,3780,420,140
-7.11592,-3.79127,-6.80535,-2.20363,-3.96606,1.03796,-1.09647,0.109396,-6.62401,-2.29293,1.23145,-2.67853,3.35504,0.203919,-2.3659,-5.24898,-16.104,-762.744,-640.744,3920,420,140
-2.12463,1.49578,-2.34404,3.7392,0.928713,4.91683,3.99298,0.433731,-2.62627,4.24027,5.91954,-0.208044,7.41678,4.12967,0.259442,-4.88262,-14.64,-765.184,-641.232,4200,420,140
-2.06613,0.721416,-2.42794,3.59496,-1.27564,2.62807,3.07854,-2.91315,-4.27633,5.34931,5.98328,-2.06574,7.39868,2.75143,-0.840925,-3.61703,-17.568,-762.256,-642.208,3920,560,140
-1.04823,2.17059,-3.05284,2.64276,-1.52663,0.67641,3.62153,-6.82714,-2.1336,5.21015,3.75006,-2.11551,-0.245813,1.82162,2.00607,-0.427087,-15.616,-762.256,-640.744,4060,840,140
-0.171969,1.92903,-2.14959,-0.133509,-3.07216,-0.423586,2.28452,-8.00646,1.06722,6.01549,0.780797,0.51151,-1.33356,-2.30869,0.104134,0.0391323,-13.176,-762.744,-644.648,3920,700,0
0.112187,1.72399,-1.36421,1.57947,-1.71026,0.870154,5.36011,-4.51147,0.849333,3.7067,-1.18351,3.66826,-0.704847,-1.16234,4.51789,2.52457,-11.224,-762.744,-642.696,4060,1120,-140
-2.99699,-2.35418,-4.22616,-1.74786,-4.82819,-2.64375,0.920378,-5.25673,-2.25089,-0.68731,-3.89347,0.959365,-3.09487,-3.33194,-0.663292,-0.803585,-13.176,-763.72,-644.648,4060,980,0
-3.66663,-3.58284,-1.5902,-3.80037,-5.47883,-1.50326,-1.55863,-4.44898,-1.78611,-0.944035,-3.30412,2.59401,-2.67914,-3.94005,-4.64714,-2.73088,-12.688,-764.696,-641.72,4200,980,0
-5.18949,-4.93483,0.863592,-4.84321,-6.80619,-0.185374,-2.92174,-4.96357,-3.04643,-3.4222,-3.73907,0.412571,-5.67409,-5.93495,-5.29271,-2.08208,-13.664,-765.672,-646.112,4340,1260,0
-2.83139,-5.28036,0.763256,-5.17839,-6.36234,-2.79412,-6.9374,-7.04188,-1.89849,-4.49009,-5.55369,-2.76334,-8.31076,-7.35722,-7.40603,-4.0085,-10.736,-762.744,-643.184,4340,1260,140
4.04782,-0.800507,5.17995,-0.660951,0.189516,-1.34095,-4.07856,-2.10214,3.76338,0.371986,-3.33375,2.6079,-3.90213,-0.234402,-3.24266,-1.24429,-8.784,-764.696,-641.72,4200,980,0
2.3727,-2.05258,5.15852,0.993166,1.89457,-0.668022,-1.59428,4.84712,-0.00210415,0.724907,-4.03153,3.53601,1.83679,2.4697,-2.10338,1.06884,-11.224,-764.208,-642.696,4200,840,0
4.19474,0.299493,0.906439,0.260687,3.08929,-1.15249,0.619991,8.41727,2.85857,1.48606,-3.44311,2.18417,0.0451216,4.20797,-1.32555,1.45227,-11.224,-762.744,-646.6,4200,700,280
0.4036,-1.20588,-5.8839,-3.88595,-1.91399,-4.60723,-3.79667,5.64648,1.99342,-1.05344,-6.11239,-2.7444,-5.69752,-0.347907,-7.464,-2.86733,-9.76,-763.72,-643.672,4060,840,140
-2.23198,-1.15396,-3.8162,-2.70935,-3.26476,-2.47175,-3.87937,5.89329,1.01648,-3.14821,-8.48809,-3.1897,-2.84473,-1.36077,-6.12168,-1.72113,-10.248,-764.696,-644.16,4060,700,-140
0.00544603,1.70667,-1.82506,2.29404,0.496953,-0.422415,0.274681,8.82555,2.50262,-4.00955,-8.56565,-0.390751,0.825251,1.95835,-0.670189,2.9494,-9.76,-761.768,-642.696,4200,560,140
-2.33258,-0.1003,-2.94294,-0.274181,0.624085,-1.04385,-1.58593,7.82226,-2.36663,-7.80877,-7.17882,-1.29468,1.01153,1.09768,-3.07396,1.79941,-10.736,-760.304,-644.16,4060,280,0
3.73059,6.85554,4.63164,6.08838,9.56645,5.66771,6.7501,10.1107,3.48206,-1.17905,-1.05866,5.90954,9.23343,4.27949,7.06132,9.68559,-9.76,-761.28,-642.696,4060,0,0
8.1659,5.94705,5.58531,5.48113,10.7387,11.4553,6.81265,6.65576,5.59336,3.43362,3.32233,7.15089,10.3861,1.212,8.50795,8.53418,-11.224,-764.208,-643.184,4060,-420,0
7.59067,2.79274,2.56916,1.37239,4.72979,8.99208,1.98209,-0.560258,5.9226,3.44867,5.25366,3.90914,6.08548,-5.42285,4.7384,2.03487,-10.248,-759.816,-642.208,3920,-140,0
9.81856,9.07915,7.31934,11.7585,10.3388,8.26736,11.6242,1.23056,11.4947,7.98801,8.23955,8.3448,7.58975,0.752389,15.2581,7.18127,-9.272,-762.744,-643.672,4060,-280,-140
5.82297,4.36349,7.05179,7.79455,6.01127,1.19789,6.71653,-4.65259,5.94629,5.69066,7.80777,3.61642,3.85215,2.16578,10.4196,4.01636,-11.712,-760.304,-645.136,4060,-140,-280
-3.22619,-5.76691,-1.03752,-5.68064,-5.18699,-8.78301,-7.3871,-13.6918,-5.60066,-2.45875,3.09914,-7.205,-0.24167,-2.93143,-5.12257,-6.73257,-12.2,-757.864,-645.624,4060,140,-140
-6.1876,-6.9956,-2.08842,-6.03465,-5.91791,-8.71735,-7.16323,-11.5405,-8.87056,-3.75559,4.57705,-10.2408,-0.3792,-1.07931,-4.77473,-7.13087,-11.224,-759.328,-643.672,4060,-140,-140
-1.75952,-2.00559,3.78667,0.83934,2.37925,-2.16901,1.61504,-2.73208,-2.89769,2.61119,10.0235,-3.85019,5.15257,5.13962,6.54111,0.974606,-10.248,-761.28,-643.672,3640,-140,-280
2.61318,1.15094,3.04843,2.37826,3.39444,-0.0694552,3.35165,-1.48782,2.38238,6.63848,9.50954,3.09383,3.85467,5.99034,9.31536,1.91972,-10.736,-760.304,-645.624,3640,-140,-280
-0.688803,-0.0457116,0.675091,0.191131,-0.5662,-0.395039,2.57069,-2.57223,1.22549,3.72912,3.46676,2.69715,-0.981838,5.62824,5.21146,0.706685,-12.688,-760.792,-643.184,3640,-140,-420
-8.09854,-5.35408,-2.46644,-6.5081,-6.976,-3.72354,-1.19,-3.61267,-3.99767,-2.90078,-0.623479,-4.40073,-6.22736,0.995403,-2.75241,-5.50815,-8.296,-758.84,-649.04,3780,-140,-420
-10.482,-6.57305,-4.23666,-9.23355,-10.8218,-3.92036,-5.95639,-3.56105,-5.5451,-5.20382,-1.35175,-8.90442,-11.102,-3.44496,-7.36077,-9.25779,-12.688,-763.72,-644.648,3920,0,-560
-5.21021,-0.394454,-0.485877,-2.79241,-6.47595,-1.09381,-4.48542,0.367523,-1.07341,-1.71021,-1.16356,-4.95451,-4.9219,-1.41305,-4.31526,-6.69066,-12.688,-761.768,-643.672,4200,140,-420
-1.86534,2.23159,-0.219423,-1.34047,-4.98749,-0.587079,-3.42768,1.14667,0.14186,-0.362665,-2.40421,-2.53469,-3.39557,-3.18225,-5.94976,-5.77682,-13.176,-761.28,-643.672,4340,140,-560
-1.59203,0.152678,-0.625002,-1.75408,-4.16978,1.34297,-3.5592,2.15086,-1.75816,-1.27726,-4.35062,-0.105347,-3.41366,-5.44997,-7.17352,-2.36291,-13.176,-763.72,-642.208,4620,140,-420
-0.581786,0.0987902,0.820955,0.239221,-2.87143,2.68286,-0.923867,4.75236,-2.38762,-2.00677,-5.68563,1.12882,-2.87369,-4.72378,-3.47238,3.1192,-15.616,-762.744,-644.648,4760,140,-420
1.63748,4.43275,3.79868,4.74585,2.99774,6.31728,3.88466,7.18856,-1.77352,-0.998073,-4.65056,4.77551,-2.55373,1.21668,2.90174,8.7929,-14.64,-763.232,-644.648,4480,140,-560
2.65365,3.15658,2.39874,3.55865,3.26427,4.3779,0.915403,4.99271,-1.43078,-0.547738,-2.87831,5.51126,-1.92205,1.58334,0.744946,6.09516,-14.152,-763.232,-646.6,4760,-140,-420
1.20495,0.51923,-1.99372,0.0591096,2.61372,3.47871,-0.472667,5.55377,-1.144,-1.35637,-0.19762,4.15823,2.07278,2.34311,-2.72866,3.44651,-15.128,-767.136,-642.208,4900,-140,-420
2.76705,1.76889,-3.2566,1.2306,5.38538,3.10473,1.78908,3.69013,1.15827,-0.0593273,0.919919,7.7618,5.8651,3.1764,-1.95451,1.97617,-13.664,-764.696,-644.648,4900,0,-560
0.693255,-1.50864,-7.5849,-3.17066,1.51574,-1.61845,-2.12109,-3.94217,-0.800413,-0.822364,-0.438724,2.41979,-1.27496,-1.44767,-6.82798,-4.46616,-11.712,-765.184,-641.72,4900,140,-700
3.11907,2.05255,-5.07563,2.789,3.3266,-2.12748,1.05861,-1.84343,1.70156,3.49735,2.86622,3.82577,-0.329376,0.460749,0.380806,-1.72409,-12.688,-767.136,-645.624,4900,280,-560
6.03114,4.07546,-0.576718,7.81906,6.92232,1.94626,5.86751,3.15976,3.90676,5.25061,4.95512,6.52215,4.64934,5.07962,6.84244,3.8257,-11.712,-765.672,-644.16,5040,700,-420
4.58563,1.9658,-3.11818,6.66419,5.5901,-1.68037,4.18611,-1.13091,5.08034,2.20492,-0.0673669,5.77446,1.07208,3.99263,5.55772,4.57827,-12.2,-764.208,-646.112,5180,280,-420
1.47275,-0.940106,-5.74265,3.90014,2.43547,-5.89557,0.267889,-6.3195,2.5087,0.203035,-3.42795,2.00158,-3.12394,-0.47396,3.0075,1.48929,-12.2,-766.16,-644.16,5320,560,-420
0.711184,0.203566,-3.4422,0.675842,1.99763,-4.76868,-1.2566,-3.81159,1.50492,0.807781,-1.06976,0.175828,-2.67808,-0.883035,0.966889,1.13378,-8.296,-766.648,-645.624,5040,700,-280
1.47027,1.81537,-0.400961,0.643962,0.264929,-4.22517,-2.00538,-2.54306,3.2714,1.45282,1.25218,0.561946,-2.23616,-0.846121,1.79019,2.92907,-11.224,-765.672,-644.648,5040,840,-140
0.181942,-0.852587,0.071161,0.102093,-3.11974,-5.46498,-2.28525,-5.2959,1.69124,-1.99341,0.676172,-3.55551,0.207341,-1.47918,2.50983,0.904524,-10.248,-764.208,-642.696,4900,1120,0
-2.54965,-5.26621,-1.42262,-5.2062,-7.42042,-7.07506,-5.92257,-8.78519,-2.94223,-6.2762,-1.06208,-7.7673,1.48646,-5.52627,-3.73237,-4.87285,-13.664,-767.136,-648.552,4900,1260,140
-6.69157,-8.18414,-0.647904,-7.91715,-7.03503,-2.75843,-4.68221,-6.88742,-8.89859,-8.34072,-3.4067,-11.6292,0.378593,-6.12571,-5.97512,-3.23058,-9.76,-766.648,-642.696,4760,980,140
-7.11581,-4.80065,3.79321,-5.21288,-2.92367,2.35719,0.109562,-1.99428,-7.28419,-5.24929,-4.13543,-11.1374,2.94022,-3.34131,-3.71354,-0.0522513,-14.152,-766.16,-644.16,4620,1260,140
-4.49197,-1.50711,4.28013,-3.53586,-1.42995,4.66344,1.41693,-0.416188,-3.06849,1.1448,-4.91662,-10.6541,2.3189,-2.19562,-1.0329,-1.69475,-10.248,-764.696,-646.112,4200,1120,140
-2.63381,-2.21408,1.82386,-4.74439,-2.6292,3.98654,-0.572095,-0.742764,-1.55035,2.12448,-7.32967,-10.6457,0.0916286,-2.72829,-1.28045,-6.26312,-10.248,-770.064,-641.232,4340,1260,140
-2.00704,-2.62184,-0.059664,-7.13891,-3.57139,0.780201,-5.12417,-3.66724,-2.06769,0.399776,-5.12492,-9.23228,-3.61524,-4.11295,-6.10338,-11.7891,-11.224,-766.16,-642.696,4340,1400,140
-2.76432,-2.14983,2.18118,-5.71624,-2.99973,1.50347,-3.37522,0.291018,-3.97854,0.959571,-1.94942,-6.4983,-1.27846,-3.89382,-4.53536,-8.8138,-7.808,-768.112,-643.184,4200,1540,140
3.64839,1.70622,7.55553,-0.0242927,1.06541,5.19594,2.79032,7.85924,1.99627,4.87185,2.57518,0.784252,1.8087,0.0599521,0.962136,-3.44484,-9.76,-769.576,-642.696,4340,1400,140
9.66587,4.87972,10.6674,3.40613,5.15953,6.08746,7.78597,12.6611,8.65165,8.78008,8.28937,7.62261,5.01222,7.0724,4.48137,1.43103,-11.712,-771.04,-643.672,4480,980,420
4.23974,1.6189,6.14138,-0.0147578,3.10754,4.60358,6.67983,13.0163,6.04211,1.49869,8.35328,7.0045,5.61317,7.57944,2.58305,2.1823,-8.296,-768.112,-644.648,4620,840,420
3.29061,3.50581,1.6016,2.82338,5.69866,2.40066,8.32025,12.3154,7.40638,-0.66585,4.56095,9.60158,3.12346,7.83812,6.82554,4.69946,-10.248,-766.16,-643.184,4760,1120,420
5.05759,4.36568,2.76473,3.77563,5.70904,2.23729,5.63989,13.3381,7.38137,3.95696,7.96373,10.893,3.14607,8.7597,6.20741,5.28047,-12.2,-770.064,-646.6,4900,1400,560
0.907383,2.06828,2.89721,2.33137,1.26009,-2.67957,0.8164,10.3925,2.03623,1.60341,8.26325,7.04126,0.084275,6.25049,2.40313,4.14271,-13.664,-769.576,-645.136,5180,1540,420
-3.28287,1.6091,-1.02469,3.62303,-4.43678,-7.10978,-0.900907,6.67633,-0.83013,-2.13366,5.00616,2.21071,-3.45215,3.58712,1.55155,2.85348,-15.616,-765.184,-644.16,5460,1680,280
-3.77855,3.73049,-3.1517,7.96911,-3.44695,-5.27806,2.43738,8.27553,0.653336,-1.01805,3.69128,2.48487,-3.13004,3.14375,4.7407,6.58891,-16.104,-764.208,-643.672,5460,1820,280
-3.76857,1.39397,-6.4798,4.75107,-0.996281,-0.195411,-0.336103,3.74312,-2.62118,-0.254483,-0.803527,1.11559,-1.42325,-3.1914,0.143068,6.52755,-16.104,-768.112,-646.6,5320,1820,420
2.58343,4.01103,-4.66024,4.64702,5.08144,7.64471,-3.02333,-4.92451,2.09698,3.30158,-1.11484,2.18065,-2.14364,-8.37718,-2.56226,5.52927,-10.736,-768.112,-641.72,5320,1820,280
0.419157,2.50339,-3.7895,7.44365,10.4263,11.9324,1.56487,-8.6064,-1.46414,-0.126708,-5.22038,2.79981,-0.320904,-7.59986,3.70899,9.20997,-12.2,-763.72,-645.136,5320,2100,280
-1.29703,-1.00642,-6.96727,5.56481,5.88951,8.51057,-0.214885,-15.0147,-6.07317,-5.23076,-8.82688,2.12207,-1.54227,-4.68746,3.60909,7.13587,-12.2,-767.136,-644.16,5320,2520,420
-6.55326,-7.75949,-8.90601,-3.41326,-7.1896,0.00567782,-7.2511,-21.2489,-13.0799,-10.8856,-9.69588,-2.10114,-4.62085,-3.62997,-4.42851,1.28449,-11.712,-763.72,-643.672,5460,2380,420
-8.44832,-11.5294,-5.91281,-10.031,-17.8374,-7.35452,-11.2678,-25.2321,-16.576,-12.5581,-4.98421,-5.46403,-6.07053,-2.07455,-11.1571,-5.00707,-10.248,-763.72,-645.136,5460,2380,560
-1.43161,-5.81843,1.51593,-8.77512,-17.192,-10.2821,-10.6177,-24.9055,-7.60332,-5.20648,2.07182,-1.56423,-2.4112,1.90073,-9.75797,-5.97558,-10.248,-761.28,-644.16,5460,2240,840
2.22651,-3.27404,1.34524,-7.98899,-12.0159,-10.3597,-6.82266,-19.365,-1.77935,-1.93561,0.699114,-1.40759,0.431616,1.25577,-4.67121,-4.69646,-8.296,-761.768,-645.624,5320,2100,980
4.29994,2.15251,-0.54422,-4.06984,-1.0925,-7.71546,0.0405925,-8.22022,4.40085,1.36903,0.0813685,-1.42656,0.268017,1.35863,0.20792,-4.19651,-9.76,-763.72,-640.256,5180,2100,980
0.0100434,3.06157,-2.04332,-3.64492,7.03772,-2.93882,1.53252,6.29572,4.35704,3.60132,0.394879,-2.60564,1.72224,-2.72367,-0.988661,-5.87648,-8.296,-761.768,-644.648,5040,1960,980
5.44887,6.99516,1.79702,0.541577,13.7286,1.99596,2.28543,18.2293,11.3201,9.71074,2.01301,1.13246,3.70075,-3.90306,-0.724864,-5.32706,-8.784,-763.72,-644.648,5040,1680,1120
8.49104,5.71943,6.74978,3.50885,14.8866,6.36796,4.37944,24.8,12.8149,13.0164,3.14422,2.09275,6.39023,1.8588,2.42279,-1.9541,-7.808,-762.256,-641.232,5040,1680,980
1.61811,-1.29814,6.10052,3.96816,8.34716,0.735996,6.55518,22.396,6.70056,5.36535,-2.6678,0.118982,3.47148,3.55046,5.64657,-0.356677,-9.76,-765.672,-647.576,5320,1820,980
-3.79978,-2.85824,3.1827,2.2009,2.45477,-5.76206,4.25454,11.53,1.53364,0.468455,-7.30952,-0.0496211,-0.887045,2.09422,4.44519,-3.11066,-11.712,-761.768,-644.16,5460,1680,980
-7.18612,-5.47987,1.65662,-3.62816,-1.71479,-4.39944,-1.18994,3.21287,-4.71403,0.148664,-7.80308,-0.287351,-0.99224,-0.779301,-1.96317,-5.68713,-9.76,-762.256,-644.648,5460,1820,980
-7.1469,-6.47312,0.282725,-4.13245,-3.26707,-1.55828,-1.89449,-0.410031,-7.88492,-1.8993,-3.83444,-1.44735,-2.14365,-2.88235,-3.04157,-3.88153,-13.664,-762.744,-645.136,5740,1820,980
1.06196,-0.126961,1.03796,1.85456,-0.643913,-0.561687,-0.523972,-7.44433,0.94711,-0.469702,1.97092,2.27562,-0.281677,-2.15389,0.785018,-3.10115,-11.224,-762.744,-648.064,5880,1680,840
3.24869,4.29687,1.41388,3.39884,-0.325008,0.179553,0.181837,-9.36303,5.17659,-1.56675,4.92992,5.59494,2.16411,1.19225,2.53139,-1.12821,-12.2,-764.208,-646.112,6160,1960,700
2.52761,6.34371,0.82153,6.95715,1.65458,-0.338065,4.40098,-6.92888,5.55916,-1.8039,4.84563,7.18948,1.65244,4.51456,5.08657,4.02281,-12.2,-760.304,-648.064,6300,2240,700
2.92855,6.34038,-0.120064,8.20193,3.14378,-2.28579,4.39938,-6.93528,7.86053,-1.76126,2.95699,6.35481,1.86029,2.20525,5.82398,3.83862,-15.616,-763.72,-645.624,6300,2100,700
4.62523,5.31024,1.41106,4.03917,1.20046,0.345707,1.29521,-6.10564,8.45965,-0.271207,3.58213,1.81313,0.896399,-1.31473,3.83085,2.97892,-13.664,-761.28,-644.16,6580,2380,700
8.86098,8.29745,4.82023,4.74773,4.00569,5.8572,4.13904,-1.41139,9.72099,3.41551,7.52991,1.67477,0.230819,2.72574,6.91802,3.90107,-14.64,-761.768,-645.624,6580,2520,700
9.42696,11.9452,4.68479,8.46931,8.08602,10.6534,10.1313,8.53407,10.0109,5.13825,11.3148,3.18574,2.4512,6.61424,13.1908,6.59257,-12.2,-763.72,-643.672,6720,2800,560
9.53467,10.7198,2.86063,8.38384,7.27033,11.9032,11.0042,12.8531,5.55455,8.27519,11.6075,-1.3604,1.21615,5.77071,11.7286,5.21339,-10.248,-763.232,-644.648,6580,2800,560
0.90963,-1.9642,-1.61703,-5.00293,-4.30165,8.68141,-1.4075,11.0881,-7.14784,4.52715,4.76247,-12.9555,0.00209896,-0.747079,-3.55405,-2.5443,-9.76,-764.696,-643.672,6440,3220,560
-5.01847,-9.41782,-4.85758,-10.2522,-11.2092,3.7734,-8.07323,7.31804,-13.2119,-0.494073,-1.74664,-14.9339,0.231554,-5.51887,-11.9838,-5.52671,-14.152,-763.72,-639.768,6720,3360,560
-1.49606,-4.99686,-3.87105,-3.28079,-7.0949,2.6742,-2.70381,4.13447,-9.8916,0.240777,-0.387308,-8.86683,-2.14624,-0.20809,-5.96131,0.623375,-12.2,-760.792,-640.744,6720,3500,700
-4.00592,-3.87593,-2.48575,-2.44436,-6.26994,1.07346,-1.85917,1.10837,-9.03475,-2.69259,-3.90414,-4.19404,-0.610527,3.31451,-6.00942,3.42791,-14.64,-763.232,-643.184,6440,3500,700
-7.18555,-5.80523,-3.30026,-3.34032,-4.94998,-2.30048,-1.30179,-1.4657,-10.8181,-4.89709,-9.2456,-2.58372,-2.78277,3.03236,-5.83135,3.57215,-13.176,-763.232,-640.256,6720,3500,700
-10.9123,-11.5062,-4.13443,-6.85993,-6.80562,-6.58852,-6.26937,-2.57721,-12.3932,-6.94412,-14.6931,-4.04833,-3.90702,-2.3476,-10.0845,1.51883,-15.128,-764.696,-638.792,6720,3780,980
-4.85501,-7.42205,-1.62168,-3.24251,-0.8406,-2.8739,-3.76019,-1.353,-6.56728,-4.20479,-13.1821,0.64987,-1.65716,-1.44626,-7.42011,5.35797,-15.616,-765.672,-642.696,6720,3780,980
-4.14622,-6.96076,-3.40196,-4.2859,1.93549,1.14698,-3.72903,-0.244027,-4.41325,-6.47257,-11.0114,0.930993,-0.682348,-2.56195,-9.26197,5.70805,-16.104,-765.672,-641.232,6860,3500,980
-11.4338,-11.7856,-7.71013,-10.8909,-1.94644,-0.609523,-5.90976,-0.57195,-9.89048,-14.1348,-10.2153,-3.90052,-2.34259,-5.48824,-12.7643,-0.407785,-12.688,-763.72,-640.744,7140,3640,700
-14.5335,-14.5653,-9.99602,-15.6312,-5.90023,-4.63483,-7.83517,-3.57499,-15.3616,-15.0669,-6.84336,-7.57863,-8.49122,-7.47255,-12.234,-4.11647,-13.176,-766.16,-644.16,7420,3780,840
-15.3476,-17.8873,-11.7151,-19.4654,-11.8823,-11.8445,-13.8619,-10.3704,-17.991,-14.5718,-9.26259,-8.47944,-10.7582,-9.35017,-14.2497,-8.65203,-15.128,-766.16,-644.16,7560,3920,980
-8.62111,-11.9629,-8.35629,-16.8724,-12.6559,-11.6652,-12.6008,-12.0267,-11.1469,-7.49816,-6.35005,-3.47853,-8.38363,-5.92155,-9.04163,-8.17286,-13.664,-764.696,-642.696,7840,4340,980
1.04529,0.349936,0.581533,-5.21797,-7.08747,-8.23838,-8.18991,-8.69248,0.777584,2.74069,3.50626,5.99148,-2.06624,-2.96284,1.45789,-6.60573,-12.2,-764.696,-640.256,7700,4060,1120
6.40424,9.0719,7.32162,4.68108,3.50839,-2.58912,-1.61531,-6.79024,8.56941,8.98059,12.1774,10.3641,4.10258,0.156803,10.55,-2.98146,-12.688,-764.696,-642.696,7420,4340,840
4.62339,8.73105,5.31709,7.92441,8.37612,1.76254,2.73939,-7.28792,7.9252,9.4767,14.4633,5.57603,4.8066,-1.49248,12.0624,-3.35629,-12.2,-766.648,-642.208,7280,4480,700
12.9786,16.8972,9.87543,18.8339,14.8078,4.36517,12.1762,-1.76512,19.1433,14.9974,19.3842,9.94556,9.81711,2.47513,19.1523,-0.905277,-11.712,-768.6,-639.28,7000,4480,560
18.4225,21.5933,12.3697,22.1393,15.7676,5.88143,15.4232,1.13517,26.6172,18.9965,22.6354,12.2566,11.5203,6.6228,19.7847,1.99978,-10.736,-765.672,-640.744,6860,4620,560
15.5763,19.5774,9.47727,21.7296,13.0932,4.07108,16.1091,3.63317,25.3686,14.4739,16.0582,9.84684,8.57373,8.10843,17.7821,4.01179,-8.296,-769.088,-641.232,7000,4480,420
10.7304,15.0202,8.17272,18.8076,6.8061,-0.344821,10.731,4.05301,22.5253,9.82743,7.6874,8.07808,6.33348,6.26812,12.6925,2.23382,-11.712,-768.112,-639.28,6580,4340,420
9.2003,9.59028,7.90676,13.7444,2.17917,-0.200202,6.65031,3.16278,16.6,8.23665,3.69083,5.01853,2.91082,4.5278,9.11441,1.87439,-8.784,-770.552,-639.768,6720,4200,560
6.80583,5.55905,9.06571,9.05886,2.20782,2.64491,5.67811,8.30929,10.6244,3.77963,-0.785096,4.69301,3.00259,3.11679,6.30672,3.71766,-8.296,-772.992,-640.744,6300,3920,560
5.98471,5.85077,6.71524,8.1387,6.03014,1.01636,7.00556,10.2443,9.42232,-1.32318,-6.68808,5.16586,1.30926,2.2826,6.85866,4.64974,-9.76,-773.48,-642.208,6440,3920,840
-0.618334,-0.114205,-0.109401,-0.873698,3.31838,-1.21921,1.24021,9.00755,0.3445,-8.47185,-12.0736,-1.72565,-1.13463,-1.03535,-2.34123,-0.484723,-8.784,-768.6,-640.744,6440,3920,560
-3.4544,-3.17703,-2.05583,-5.73333,0.566121,1.56295,-2.00397,10.4022,-6.06798,-8.21722,-9.75173,-4.90558,0.449614,-1.59669,-8.61624,-1.36381,-5.856,-771.04,-638.304,6440,3780,840
-1.47499,-0.34319,-0.925614,-1.51384,3.71452,5.08979,4.28633,11.5629,-4.55431,-5.24845,-5.43675,-2.1637,0.906882,0.801531,-2.07986,5.15442,-8.784,-770.552,-640.744,6300,3920,980
-8.90748,-8.31467,-4.32308,-7.75531,-5.32789,3.87861,-1.61461,8.92319,-13.3648,-7.88773,-5.46381,-3.36953,1.28029,-3.7484,-8.24269,3.0134,-2.44,-771.04,-640.256,6440,3780,840
-9.88035,-11.365,-7.66825,-11.3903,-11.8578,0.658616,-5.47511,2.84311,-16.1092,-7.27376,-4.0525,-5.64186,-5.29398,-4.32725,-12.1468,0.814213,-4.88,-768.6,-640.256,6580,4060,1120
-9.79623,-13.1116,-8.7407,-14.6447,-13.5441,-3.53842,-7.81295,-5.62649,-17.3885,-7.10208,-7.2547,-6.461,-10.9826,-2.16901,-12.3954,-0.621791,-5.368,-768.112,-638.304,6300,3780,1260
-9.02273,-13.316,-7.38702,-14.6874,-12.6299,-2.35572,-9.9238,-10.7763,-16.4361,-6.03471,-8.4262,-5.42115,-8.21513,-1.14724,-11.7377,-2.2647,-9.272,-766.648,-637.328,6300,3780,1260
-6.85849,-10.9228,-7.02779,-12.4567,-9.50071,0.248289,-11.687,-15.3785,-14.2282,-2.66075,-4.99797,-6.88939,-7.69237,-0.93605,-12.692,-6.61284,-8.296,-765.184,-636.84,6160,3500,1400
3.40942,1.06517,-0.145543,-1.06407,1.13344,4.20529,-3.72013,-10.8149,-1.73817,7.26232,-0.318677,-0.688414,-0.114225,4.2041,-2.73762,-3.39668,-5.856,-769.088,-634.888,6300,3640,1540
6.42013,9.1633,0.757487,7.16337,9.64178,5.54607,3.04091,-5.76656,4.60768,8.18627,-0.907643,0.483231,-0.299036,6.64828,7.0675,4.16823,-6.344,-767.136,-635.376,5880,3780,1400
-3.27127,-0.966413,-5.50772,-1.71689,2.94324,1.72475,-3.34956,-6.00957,-7.20064,-0.138576,-5.69577,-8.91952,-2.5949,2.06253,-1.56713,1.14759,-7.808,-766.16,-640.256,6020,3780,1260
-0.258651,-0.759953,-2.27385,-0.995073,4.35389,0.494256,-0.374289,-2.88804,-5.92803,1.95114,-2.45161,-6.06193,0.394464,3.87468,1.86846,1.57019,-4.392,-765.672,-641.232,6300,4340,1260
4.03186,4.70842,0.427156,4.36137,8.02146,-3.43747,6.70096,-5.00153,1.86433,4.62888,1.44123,-1.77382,0.834634,6.17507,10.3029,3.42458,-7.32,-768.112,-640.256,6440,4480,1260
-1.00764,1.34869,-0.764085,1.70415,3.74035,-4.74914,4.03351,-3.62104,0.707643,-0.798042,-0.0197957,-3.45484,0.4069,3.57604,6.36508,1.1159,-9.272,-767.136,-640.744,6720,4900,1120
0.440893,-0.606003,-0.83829,-3.33494,-0.268613,-5.25696,-2.478,-1.67754,2.12334,-2.62801,2.50074,-2.31222,-1.44702,-0.405117,-1.81508,-1.34949,-12.2,-764.696,-640.744,6720,5040,980
5.7412,-0.469331,-0.81478,-6.87753,-4.17935,-5.36174,-6.58598,1.10535,7.80645,1.58086,8.30363,1.09354,2.63615,-5.17783,-6.77099,-3.90711,-14.152,-766.648,-643.672,6720,5460,840
6.70616,4.73135,3.5607,1.57292,0.34124,2.26078,0.573145,10.9523,8.99045,6.05243,14.2886,7.53846,11.3855,-3.70198,0.11755,2.56816,-13.176,-764.696,-644.16,6580,5600,560
2.11287,3.27723,4.31523,5.48588,3.2447,7.58596,5.26723,14.4636,3.90308,4.76989,16.4405,10.2691,13.9297,-2.43491,1.67284,5.19717,-15.128,-767.136,-643.184,6440,5600,560
-1.9729,-4.74047,2.01763,0.0464921,2.26082,8.24316,2.56093,13.4852,1.37196,0.781229,10.2524,7.76488,11.4133,-5.7517,-3.88035,1.16955,-13.176,-767.624,-640.744,6440,5740,280
-5.86855,-8.54511,-2.42257,-1.57169,-1.27082,1.4109,-1.91584,4.81642,0.159361,-4.85018,0.152827,0.943594,1.00022,-10.7915,-4.79193,-5.3669,-14.64,-766.648,-639.28,6160,5880,140
-6.48019,-7.63221,-2.22544,2.33259,-2.60559,-1.14379,-0.4007,0.749848,-2.34115,-5.94053,-4.98159,-0.298984,-5.42257,-7.55926,2.63054,-4.49341,-20.008,-767.624,-641.232,6160,5600,0
-1.00205,-1.38064,3.56343,6.76285,1.1102,2.98213,4.93582,4.73863,0.905209,-1.51671,-1.4646,1.08999,-0.593383,-0.284855,8.50271,0.907976,-16.104,-766.648,-636.84,6020,5600,-140
-0.561168,0.348059,1.61549,4.86745,-0.829028,1.92145,3.17298,2.47249,1.51013,-2.94233,-0.1041,-0.605226,-3.88883,-0.455403,7.28851,0.11838,-13.664,-766.16,-637.328,5880,5320,-280
-1.11136,3.32899,3.10454,4.52177,-0.762147,1.37038,3.5445,1.57621,2.61426,-3.00786,0.71006,4.02618,-3.52996,1.8267,6.87586,0.510087,-14.64,-766.648,-642.208,5600,5320,-420
3.93447,8.14241,4.91789,3.12198,-1.45022,-0.423846,-0.253236,-2.5974,8.55241,0.876485,4.44281,9.32892,-4.28881,3.2677,2.84319,-2.51972,-17.08,-767.136,-639.28,5600,5600,-560
1.32214,5.78715,2.226,-0.00134067,-4.37354,-5.90905,-2.87508,-7.43479,4.92913,-1.85816,0.244095,8.78866,-6.17254,-0.56193,1.14327,-7.74185,-14.152,-764.696,-641.232,5460,5040,-560
-3.83603,3.42301,0.802802,-0.695953,-6.25743,-8.22003,-3.25358,-9.59619,-0.603826,-5.45066,-6.22866,3.27673,-7.74934,0.207439,1.10668,-7.2961,-13.176,-762.744,-642.208,5040,4900,-700
-1.84497,0.661044,0.451094,-3.50581,-9.69955,-6.91798,-8.26204,-11.9422,-2.35335,-2.21408,-4.82137,-0.997107,-4.5929,2.70912,-5.05653,-5.54602,-12.2,-763.232,-638.792,4620,4900,-840
-3.27016,-4.54799,-2.74586,-8.79324,-11.8132,-8.51774,-10.6612,-12.9301,-4.52177,-2.31451,-6.41266,-6.09822,-1.97276,1.14136,-9.83135,-5.45243,-11.224,-763.232,-640.256,4620,4480,-980
1.00187,0.0446113,-3.28012,-4.55988,-5.46436,-8.29884,-3.59719,-13.0518,0.357353,0.274233,-6.03502,-6.80024,-6.20787,4.44034,-4.19363,-0.306311,-12.688,-764.208,-641.232,4480,4060,-1260
0.189861,1.04489,-3.35016,-2.45228,-0.390451,-8.14569,0.679479,-8.84552,-1.88303,1.18153,-6.19565,-9.01467,-3.69088,4.91132,-1.86535,2.7402,-8.784,-767.136,-638.792,4620,3640,-1400
-0.955693,0.138197,-3.77745,-3.54621,-0.44187,-8.17804,-1.48976,-6.73859,-3.66652,-0.121024,-6.28826,-13.4465,-4.00281,-0.25359,-4.01357,-0.364916,-9.272,-763.72,-642.208,4900,3640,-1680
1.45044,2.5818,0.202119,3.04383,6.88903,-1.38017,6.65771,0.599342,-4.98971,1.15931,-3.05765,-7.97877,0.867165,3.18251,2.96922,6.9276,-9.272,-768.6,-642.208,5040,3360,-1680
4.66246,6.18454,5.44402,9.20362,13.2744,7.59886,11.6962,11.812,-0.292713,4.3157,-2.21333,0.64407,10.7682,7.61292,6.10879,16.6211,-10.248,-767.136,-642.696,5040,3080,-1680
9.10121,3.00969,7.12911,4.39751,8.61479,10.2738,4.10587,13.6831,4.53191,8.64931,1.45979,0.857374,10.8763,3.17941,-2.00652,13.002,-4.392,-768.6,-638.792,5180,2940,-1820
-1.551,-11.1195,0.148143,-7.39138,-0.209188,6.52548,-0.84002,11.6358,-7.45984,0.659213,-3.75863,-8.59388,4.05935,-5.7194,-6.24063,7.45354,-8.296,-769.088,-640.744,5180,2520,-1680
-7.55016,-11.8908,-1.76442,-3.11479,2.90412,6.40903,5.1377,11.8129,-11.8002,-4.89192,-8.02862,-8.98645,0.811883,-5.79812,4.74142,7.50092,-6.344,-767.136,-638.304,5180,2240,-1540
-8.78543,-11.6351,-4.97631,-4.47973,2.15124,5.73176,1.10263,7.44989,-12.0225,-5.78005,-6.91776,-7.15119,-3.65369,-6.77181,0.651744,0.792897,-6.832,-771.04,-638.304,5460,2240,-1260
-3.1956,-8.65151,-6.7635,-10.0587,-1.9046,3.92528,-9.18059,0.936103,-4.14778,-2.91671,-1.08086,-2.03112,-4.82268,-8.8681,-10.4771,-10.0641,-4.392,-772.992,-637.816,5320,2380,-980
6.47541,5.40699,-0.0129818,3.11084,4.72142,5.18438,-2.92761,4.99602,8.60652,4.68503,6.89505,6.67341,1.53599,-1.46153,-0.805236,-8.07712,-6.832,-773.48,-636.352,5600,2380,-980
5.06949,14.4132,2.94049,12.9385,10.5125,3.42352,6.01978,9.01011,9.99694,5.39959,7.69235,10.0511,2.68071,1.72957,7.49054,-4.06351,-4.392,-774.944,-638.304,5740,2660,-700
3.799,11.4016,2.71086,7.26866,7.01299,1.48884,1.78758,4.53911,8.73543,4.19707,7.53045,10.1021,3.59915,-0.388334,-0.462538,-6.02667,-4.392,-775.432,-636.352,5880,2660,-420
5.10615,8.71282,1.53582,2.60242,3.12285,1.74633,-1.11126,-0.977786,10.731,4.48668,8.99941,10.3272,6.4528,-1.06434,-4.56151,-4.45844,-8.784,-773.48,-634.888,6020,2940,-140
-2.79537,-0.506018,-3.76144,-2.63019,-4.19311,-2.1404,-2.81516,-6.53268,2.82689,0.143138,6.4309,6.27799,5.02721,-4.26487,-3.74843,-4.49968,-8.784,-774.456,-633.424,6300,2800,0
-3.88011,-4.0003,-5.5997,-1.77818,-7.38287,-2.96337,-1.35764,-10.0327,0.558555,0.894828,8.06284,6.30105,2.28564,-2.51167,-1.14137,-5.51678,-10.736,-772.992,-630.496,6440,2520,280
-1.59892,-2.14605,-1.70284,2.42333,-2.26152,2.44233,2.82653,-6.7183,1.14716,3.98239,10.7805,9.35899,2.3212,1.68639,6.66301,-2.74604,-11.224,-776.896,-631.96,6440,2100,420
2.43587,1.70283,1.68947,10.371,3.66251,4.96486,8.76292,-1.91864,3.16872,4.76946,7.44619,11.5036,-0.15791,3.62587,15.5385,0.997226,-13.664,-772.992,-629.52,6580,1820,420
10.5064,9.2156,4.2661,12.0279,6.61598,2.7503,9.16194,-0.13256,11.245,6.21547,6.2369,12.0945,-1.61831,5.02655,11.4696,1.66735,-14.64,-776.896,-629.52,6580,1260,420
9.43974,5.8425,4.10936,3.54548,-0.79666,-0.053366,-0.780746,-0.557606,11.2363,3.29325,3.61129,4.62961,1.53368,3.07143,-2.2302,-0.452191,-11.712,-775.92,-629.52,6720,1400,280
3.44136,2.69404,2.53639,1.08484,-2.58643,0.146059,-0.165812,-0.990941,3.64325,-0.663716,-1.74919,-1.96909,0.464448,7.22957,1.6994,1.45686,-9.76,-776.896,-629.52,6720,1260,280
-2.56462,-1.5618,0.870883,-4.09658,-3.46359,-4.68241,-1.76797,-3.19614,-6.32567,-4.57264,-5.21598,-6.21938,-3.36595,9.71534,3.05666,1.16771,-8.296,-776.896,-631.96,7000,1400,0
-2.6609,-3.59542,1.99913,-5.40622,-3.10973,-8.06087,-2.7051,-0.905367,-9.80895,-5.50146,-7.24082,-5.1966,-4.31267,10.664,1.25334,2.55597,-10.736,-778.36,-630.496,7280,980,0
-4.50739,-5.44064,-0.899798,-9.04255,-4.02623,-6.51668,-6.01827,4.22803,-9.85299,-5.68161,-10.7519,-10.166,-3.52867,6.11383,-3.42643,5.33974,-9.76,-775.432,-630.984,7000,980,-140
-4.11192,-7.33944,-3.04785,-10.7384,-2.91741,-5.02709,-6.44146,6.04767,-7.31998,-5.8007,-11.2956,-12.2429,-3.17741,1.41318,-7.78491,7.17775,-7.808,-774.944,-631.472,7000,840,-280
-5.53053,-9.7737,-4.1938,-11.2698,-2.57957,-4.04407,-5.44387,3.04225,-10.3866,-8.19541,-10.3062,-12.4956,-6.20047,-2.26382,-8.36588,6.76835,-4.88,-774.456,-635.864,7140,420,-420
-1.63769,-3.59246,0.585101,-3.8784,0.844258,0.171608,1.5187,2.51602,-6.68409,-5.1874,-7.1264,-6.00204,-3.15674,-0.260216,0.21498,13.1982,-7.32,-772.992,-634.888,7000,280,-700
-4.68198,-3.93325,0.370028,-2.09721,-3.36523,1.7764,2.4731,-4.41661,-9.13353,-4.94019,-5.31519,-5.92171,-2.66484,-0.0421079,2.943,13.8795,-6.832,-774.944,-635.376,7140,-140,-840
-2.98323,-0.315688,0.172843,-0.224686,-7.06489,0.580497,-1.5261,-15.9566,-4.43219,-5.46169,-3.24787,-5.98642,-5.03292,-2.93821,2.56712,8.35683,-4.392,-774.944,-642.208,7140,-280,-980
-0.702103,3.44718,4.07967,3.91558,-5.0278,3.36489,1.54874,-16.0932,0.756091,-3.96248,-0.0984649,-3.88216,-1.19598,-3.56201,6.0665,5.89818,-9.272,-773.48,-640.744,7140,-280,-1540
1.35656,4.95431,2.53251,1.13678,-6.58443,3.30539,-4.70719,-14.5094,3.56879,-0.109672,5.18552,-2.30653,-0.425707,-8.78898,-2.97395,-5.45799,-5.856,-775.432,-640.744,7280,-420,-1680
5.50412,6.71131,2.35714,-1.27685,-6.39488,0.821099,-8.18874,-10.4383,8.98868,4.88539,7.38512,2.45252,0.416503,-10.2106,-7.83933,-14.1367,-6.344,-772.504,-637.328,7140,-700,-1960
-2.47728,-2.30431,-0.900722,-4.82762,-7.74562,-0.979101,-9.19153,-6.94356,1.36771,1.43488,3.34439,-0.673899,-2.0614,-11.0866,-9.24221,-14.9549,-3.904,-775.432,-640.744,7000,-700,-2100
-5.51346,-6.51547,-1.82729,-1.67703,-3.71697,-1.90276,-3.42338,-5.47191,-3.33116,0.718108,2.26829,-0.974614,-1.87484,-6.89525,-3.07526,-9.02973,-6.344,-772.992,-637.328,6720,-980,-2380
-1.70588,-2.37898,0.455332,5.46759,2.69514,-1.43167,2.73402,-0.198794,2.61874,4.8241,5.67061,3.326,3.7504,-2.07199,3.46584,-6.35003,-9.272,-774.456,-638.304,6440,-1120,-2380
3.97736,1.46229,-1.98663,4.46693,4.42408,-4.18043,-1.11707,1.99872,13.3642,6.936,3.8588,5.40867,1.73046,-4.85221,-5.61382,-14.2213,-9.272,-773.968,-639.768,6020,-980,-2380
-0.19352,-4.0892,-7.32927,-2.63821,2.14457,-7.09377,-4.13241,6.6741,8.30637,4.26437,-2.05434,1.1681,-1.09536,-8.35121,-13.7476,-18.995,-8.784,-775.92,-639.768,5740,-700,-2100
0.7157,-0.457503,-6.44026,2.81655,7.78178,-3.68865,1.96204,16.6937,7.66412,3.90575,-3.1468,5.63652,1.17379,-4.26921,-7.32857,-15.2673,-8.296,-776.408,-638.304,5880,-280,-2100
1.27315,2.941,-5.88168,7.1421,9.60849,-0.324101,6.12748,20.5187,6.00843,4.29422,-0.653165,5.88532,2.53361,-1.382,-1.45115,-12.0932,-10.248,-774.944,-640.256,5880,280,-1960
-9.01038,-3.08329,-4.40176,5.55802,12.1581,3.30893,11.3161,24.1871,-9.43656,-0.283931,-0.839718,2.05914,5.27684,4.22549,6.49083,-2.35661,-9.76,-776.408,-643.672,6160,840,-1820
-13.6755,-9.84955,-5.35826,-2.10633,7.51768,2.23775,11.5331,21.0925,-18.9277,-2.262,0.80742,-0.790162,3.28383,5.31169,7.15828,1.84209,-13.176,-776.408,-639.768,6580,1260,-1680
0.0528169,3.56038,3.26518,5.2413,12.5987,4.24006,16.9515,20.1085,-3.92603,3.56017,4.26788,7.92891,8.41761,10.6831,14.0961,10.175,-13.176,-776.896,-641.72,6580,1820,-1400
8.46466,13.7127,10.2953,8.869,13.3329,8.09533,14.383,19.3479,10.1499,6.91741,5.7145,11.7896,11.4579,13.973,10.6822,15.0403,-11.224,-776.896,-647.088,6860,2520,-980
9.69731,11.6091,11.1296,2.73879,5.75737,10.2434,5.66295,16.1047,11.967,6.09272,5.8038,7.72625,11.4021,10.3976,3.56327,13.2202,-14.152,-781.288,-647.088,7420,3220,-840
7.14573,5.98337,10.2547,1.74987,6.79499,9.25562,5.00844,14.1666,3.90532,0.788592,-0.797805,1.53653,9.95643,7.87073,4.713,16.0977,-15.616,-778.36,-643.184,7980,4620,-420
-3.81092,-11.3498,0.620937,-11.8323,-5.7315,2.62819,-9.08975,5.24404,-15.0743,-7.54224,-6.21424,-15.2563,-1.99483,-2.95446,-10.0738,7.75955,-12.688,-774.944,-645.136,8260,6160,-280
-0.739258,-7.46016,1.2353,-6.27845,-3.17955,0.352456,-6.49176,-1.69544,-14.0022,-5.67502,-3.82339,-13.2601,-4.01459,0.581324,0.00795941,11.9381,-16.104,-773.968,-646.6,8400,7700,0
12.0617,13.4273,9.41864,14.5368,7.86898,2.40447,5.43767,-9.32303,4.69271,1.75252,3.21344,4.8088,4.01333,9.84996,20.6897,19.1025,-19.032,-772.504,-644.648,8540,8680,140
12.8775,16.4205,7.67635,9.91478,-0.32854,-0.227915,-5.09759,-25.4235,12.4831,0.0203491,2.75431,8.0137,4.4812,4.29699,9.22591,9.69088,-18.056,-770.552,-641.72,8400,8820,140
4.5762,6.44281,-0.260238,-6.59739,-11.5057,-5.29173,-14.1479,-37.2901,4.32497,-4.8873,-0.245294,0.213985,-7.57857,-0.995204,-10.269,3.16925,-19.52,-771.04,-639.28,8400,8820,140
-3.52573,-4.58752,-6.10458,-13.0037,-14.2451,-4.88521,-10.0722,-37.8868,-7.39081,-6.87396,-1.82768,-2.21971,-12.0306,-1.90019,-6.82851,4.19556,-18.544,-772.016,-641.232,8260,8400,0
-3.42608,-4.67955,-9.14894,-7.53505,-13.7061,-6.26492,-7.54854,-35.8544,-6.07923,-5.85909,0.00682855,-2.07947,-11.444,-4.41303,1.99028,-0.321851,-20.496,-774.944,-642.696,8540,8120,-560
1.32631,0.293462,-8.18031,-0.821694,-12.1231,-6.04898,-8.49567,-29.6974,0.427235,-4.01293,-1.02026,-1.51666,-9.75833,-5.79832,1.481,-8.47447,-15.616,-772.504,-637.328,8540,7980,-980
1.86911,-1.78723,-6.53548,-0.104369,-10.8461,-5.59934,-8.6851,-18.532,0.487436,-1.33287,-1.49753,-0.856891,-8.17102,-4.87579,-4.76803,-10.8744,-14.152,-775.432,-636.352,8400,7840,-1680
-2.96146,-8.05169,-5.40174,-4.37007,-10.7779,-5.68815,-8.93078,-4.93533,-2.01582,-0.591692,-2.37693,-2.47112,-7.18446,-6.04019,-10.6887,-10.7284,-12.2,-780.8,-637.328,8120,7280,-2240
-9.50703,-15.7471,-4.83529,-10.8412,-10.7011,-3.02528,-6.59488,5.85217,-8.50373,-1.68062,-6.13101,-5.69208,-8.08915,-7.14791,-12.381,-8.80886,-11.224,-779.336,-636.84,8120,7000,-2660
-8.90552,-12.8025,-1.11242,-5.92589,-5.14636,-1.14987,2.04308,15.4007,-8.43366,-1.74062,-5.09914,-3.64049,-8.1375,-4.94914,-3.26075,-6.23798,-11.224,-781.288,-634.888,8260,7000,-3220
1.78116,0.390458,6.93043,5.83232,5.82453,1.37722,6.11724,20.9334,3.72788,5.74049,1.0017,5.27114,-3.00058,0.0267888,1.93932,-7.09071,-8.784,-779.336,-637.328,8260,6300,-3640
5.05414,7.99033,8.40703,10.3263,10.3648,2.7423,3.15669,19.2648,13.1892,7.29228,3.32536,4.73401,-1.20404,-0.185224,-2.30703,-9.40518,-9.76,-780.312,-638.792,8400,6440,-4200
9.93946,16.2924,9.41921,14.678,16.4501,5.14228,6.48952,11.1944,23.5836,7.57185,2.47269,10.4718,1.53429,1.04665,0.274551,-4.31,-3.904,-777.872,-636.84,8540,6720,-4340
8.64784,12.7413,6.21799,9.62721,11.3662,4.30748,8.26105,0.806228,20.8953,6.96101,4.00497,13.435,2.96594,5.5601,3.0767,0.0971865,-0.976,-780.312,-639.28,8400,6860,-4620
-2.84193,-2.80902,-5.40724,-6.46286,-4.37995,-0.804173,-1.70366,-8.52039,6.36566,0.0810832,1.02542,1.32407,2.83389,-0.0438957,-0.966938,-4.53101,3.416,-781.776,-643.672,8400,7140,-4900
-18.4146,-11.3487,-14.5148,-5.09862,-4.80625,-1.90577,6.01171,-6.92145,-12.5155,-11.5893,-8.24353,-8.75822,0.191687,-2.15516,11.9609,-1.33462,2.928,-780.312,-641.232,8540,7560,-4760
-33.7781,-29.8605,-28.9079,-17.6294,-19.2086,-10.7893,-2.01918,-10.6714,-31.2165,-20.4965,-16.0375,-27.0384,-6.78848,-14.2331,4.13091,-10.751,4.88,-781.776,-640.744,8260,7840,-5040
-15.3944,-18.8423,-19.4481,-15.378,-15.2306,-9.85326,-7.91933,-8.96727,-14.2902,-6.7819,-8.92344,-18.573,-1.40953,-11.7148,-8.93372,-14.7624,3.904,-779.336,-635.864,7980,8680,-4760
-9.53236,-14.3499,-7.81513,-12.1531,-6.36741,-2.05587,0.379623,4.3707,-15.4659,-0.639836,-2.01259,-11.5629,4.15883,-2.48049,-5.62201,-4.85403,6.344,-779.336,-637.816,7280,8820,-4620
0.0959092,-9.29258,-0.686569,-13.8632,-8.6674,0.528702,-2.36845,13.2147,-8.60649,6.03654,4.29247,-8.38607,9.68057,-2.24934,-7.82897,-3.49764,6.344,-778.848,-639.768,7140,9240,-4620
12.463,17.4979,15.4546,17.4608,14.5302,8.67279,15.8228,26.0171,5.00378,10.5961,5.61138,8.21047,18.5198,11.3993,17.6038,10.3981,3.416,-778.848,-640.744,6720,10220,-4620
6.14365,18.536,20.0643,27.4516,27.6993,12.3427,19.8724,28.5106,-7.08976,7.67625,3.1215,11.5473,16.6966,18.5421,19.8688,16.6702,2.44,-779.824,-642.208,6860,10360,-4480
9.00523,15.6163,20.2485,18.2204,26.1307,9.3665,11.3562,27.0339,1.52099,7.10525,5.47226,12.2647,13.2171,17.7528,-0.748029,13.1457,4.88,-778.36,-638.792,7000,10780,-4200
17.3181,16.4558,17.4622,7.1216,19.9149,3.8329,2.16772,24.0462,14.3313,9.14557,10.4743,12.2411,9.97843,11.907,-16.2003,10.1551,5.368,-781.776,-638.304,6720,10780,-4060
16.6893,11.0283,12.8449,-3.27905,9.62926,1.28048,-7.1706,20.4869,13.3908,7.37875,11.2364,9.85547,6.44883,4.21376,-26.4699,6.8104,2.44,-781.288,-635.376,6580,11060,-4060
7.30677,-0.179246,6.61707,-10.315,-0.0816986,0.10644,-11.4506,16.3037,5.05294,0.738063,7.73755,0.307971,1.60882,-3.46565,-21.9636,6.02897,2.44,-778.36,-635.864,6580,11060,-3780
8.31364,4.70332,2.57774,0.637396,2.54252,1.80425,-2.10501,5.3328,10.9751,0.364651,6.75254,-1.75239,-1.75464,-4.67809,1.85315,12.494,-1.464,-777.872,-634.888,6300,11200,-3640
7.2719,8.6059,2.111,12.3885,8.97111,5.66444,9.77983,-8.03558,9.8632,0.874655,8.50759,1.63469,0.124487,-1.7475,23.8937,20.1491,-3.416,-777.384,-634.888,5740,11060,-3780
5.12542,7.34545,-0.0748999,13.0722,4.31343,6.68793,6.15227,-23.1999,7.04316,2.3172,8.11003,-0.480086,1.54464,-2.8357,24.2205,12.0353,-4.392,-778.848,-639.768,6160,10780,-3640
-0.846477,-0.138478,-5.39625,0.879724,-5.13372,4.48222,-3.62196,-30.2863,3.15566,-1.64076,2.57859,-4.23294,-1.26232,-5.89946,6.95998,2.64063,-1.952,-778.36,-641.72,6720,10500,-3220
-4.34489,-6.72601,-5.3236,-10.2138,-6.48752,2.33132,-8.07336,-23.2272,-4.00803,-3.8814,0.0152729,-1.79054,-5.32489,-3.11511,-4.37883,2.05549,-3.416,-778.36,-639.768,7280,10640,-3220
-1.06041,-4.83005,-3.84159,-10.3942,-7.79919,-2.31912,-7.6289,-14.2553,-0.675943,-1.07071,0.571114,1.15926,-9.81999,0.112519,-5.21149,-0.185499,-0.488,-774.456,-643.672,8120,11060,-3220
1.54912,0.46785,-0.694838,-3.10563,-10.5171,-6.12572,-8.3129,-3.86739,3.06259,-0.879027,-0.568043,4.04961,-11.3527,-0.284138,-3.25509,-6.3081,-0.488,-773.968,-643.672,8820,11480,-3080
0.556899,5.42782,-3.12883,4.32893,-9.35285,-7.95952,-6.86651,0.372317,9.78879,-4.72339,-8.73034,5.35965,-17.0421,-4.64257,1.42562,-12.2506,-1.952,-777.384,-645.136,9240,11760,-2940
-1.45987,4.32655,-5.93228,4.39421,-6.72593,-5.54179,-3.88113,2.67762,9.9848,-3.64414,-12.9898,5.50558,-14.8151,-6.8495,1.65183,-13.7303,0.976,-775.92,-639.28,9800,11900,-2940
-0.324986,9.16422,-3.55003,14.2331,-0.349341,-2.45054,5.43292,3.96303,8.4253,-0.339307,-9.05511,8.95286,-6.44127,-1.63198,15.9945,-8.53538,0.976,-775.92,-639.28,10360,11200,-2800
-9.58362,-0.453869,-10.7508,5.61099,-4.54426,-6.58374,3.96472,-6.34374,-5.86579,-7.15109,-8.17279,0.861598,-7.29891,-2.691,16.4072,-8.84847,-0.488,-774.456,-633.424,10500,10500,-2660
-22.8682,-26.7201,-19.4993,-23.8379,-17.6172,-12.0781,-7.50536,-22.2871,-29.5029,-16.3762,-12.8294,-14.3064,-10.7393,-9.11776,-7.65629,-16.2832,0.488,-771.04,-634.4,10780,9240,-2100
-23.9334,-32.6752,-15.1812,-29.0153,-18.3226,-9.0511,-5.48336,-31.5261,-36.1666,-14.2407,-13.3101,-20.6981,-4.86452,-8.30671,-6.23269,-16.5327,3.904,-773.48,-634.4,10640,8960,-2100
-17.3935,-19.0624,-9.58452,-11.1041,-8.97187,-2.96067,0.697338,-33.4813,-27.0717,-8.76013,-11.734,-14.5432,4.39558,-4.17698,10.1882,-11.1882,-1.952,-774.944,-632.448,10780,9240,-2100
-8.05387,-11.4344,-5.66975,-7.52509,-6.50979,-1.37391,-7.65502,-34.0032,-12.6456,-2.5373,-8.04769,-7.1395,7.86221,-1.49407,-2.67515,-13.129,0.488,-773.48,-634.4,10360,8960,-2100
8.5981,3.50512,8.48262,7.4567,10.466,3.34558,3.64163,-18.8394,2.16502,8.40125,-0.074916,7.40887,15.8849,14.0976,-0.796492,-1.82428,0.488,-775.432,-634.4,10220,8820,-2100
17.9455,11.1109,15.4046,9.27836,10.5368,2.64032,5.38553,-2.969,12.0491,13.9631,5.89702,12.9983,18.8345,18.462,-6.00778,2.49335,-2.928,-776.408,-635.864,9800,9240,-2380
16.1633,13.282,14.9684,10.0214,6.71155,1.98213,6.47732,15.5827,16.1136,12.0869,5.15464,10.4494,14.9733,16.107,-3.99786,4.21609,-3.416,-776.408,-633.912,9660,9800,-2380
14.1998,17.0263,16.2484,17.089,14.9459,5.02202,15.0091,37.9784,18.9174,9.33573,4.1622,11.9788,8.56215,18.1219,-0.555889,13.5085,0.488,-778.36,-634.888,9940,10780,-2380
8.83607,2.03071,9.64172,-8.42679,-0.995221,0.750265,-9.28577,40.7882,13.231,7.46852,10.6956,-0.853392,-0.0538618,2.14109,-31.1669,0.970288,-1.464,-777.872,-639.768,10360,11760,-2380
-2.73129,-6.4456,-0.0998232,-10.2816,-3.52486,0.765318,-8.50089,41.874,1.49527,-0.953771,9.29213,-9.8796,-8.2996,-6.9338,-19.8872,2.6093,1.464,-778.848,-645.624,11060,12740,-2520
-5.5498,2.98265,-1.50179,7.87275,5.72833,7.72071,6.01155,45.0385,-1.16338,-3.02939,7.24025,-3.30832,-7.68439,-4.33087,4.31739,11.8372,1.464,-774.456,-643.672,11900,14000,-2520
-3.09228,2.2821,-0.927882,5.11302,5.00824,7.05588,2.22523,31.1879,-5.67767,0.491628,8.75771,1.85911,-7.87827,-4.83553,-2.00446,9.39684,-1.464,-774.456,-638.304,12320,14420,-2380
-2.93975,-4.89564,-2.06977,-6.95342,-1.04742,5.43471,-4.54264,16.2774,-8.77265,0.654103,6.30602,1.49252,-6.67833,-6.85568,-12.294,5.97991,-3.416,-773.968,-635.864,12460,14140,-2240
2.07055,0.411287,-0.112962,-4.03187,-2.07166,2.54704,-4.17486,5.20009,0.418267,-0.0706449,3.22259,6.02072,-3.08735,-6.99832,-7.56749,5.33765,-1.952,-771.04,-629.52,12180,14140,-2100
10.0959,11.5829,1.65211,2.22115,-0.0115021,-0.645565,-1.34782,-7.84654,15.9804,1.65514,3.35962,9.45896,-6.59579,-6.20072,-0.844624,5.81646,-2.44,-775.92,-627.568,11340,13580,-2240
6.67403,8.58692,0.385261,1.91813,0.362743,-1.674,-0.939424,-18.5368,11.3837,1.1257,-1.33348,6.02333,-5.67268,-10.9572,6.30726,3.84109,-3.416,-777.384,-633.912,10780,13020,-2100
-6.13499,-5.6978,-4.22678,-2.24848,-1.05367,-0.594947,1.70302,-22.2031,-9.70389,-3.56345,-8.65544,-3.97062,-3.90343,-12.0553,12.2825,4.60836,-2.44,-779.824,-629.032,10640,12740,-2100
-11.145,-16.0161,-10.6957,-9.11782,-5.34074,-1.85666,1.47056,-21.9486,-16.6554,-7.83195,-11.5299,-15.1899,-2.33169,-10.6925,12.9353,3.20679,-1.464,-777.384,-627.568,10500,12460,-2100
-11.5344,-11.3741,-11.0071,-2.25804,-2.78404,-3.71089,8.17491,-20.1687,-12.0476,-9.02129,-10.8476,-15.5947,-1.13537,-4.80631,19.9737,3.03284,-1.952,-772.016,-624.64,10220,11900,-1960
-3.37442,2.06848,-3.77681,5.25982,1.7554,-1.1177,9.5587,-18.3515,1.55746,-1.43845,-1.8689,-8.79326,3.0643,4.53144,18.5709,2.53249,-1.464,-770.552,-623.664,9940,11620,-1680
3.00899,8.17838,-0.279951,4.92841,-1.11459,-5.06772,1.87443,-20.996,9.52754,1.49261,0.552091,-5.09585,6.47351,4.64952,11.716,-4.38572,-1.464,-767.136,-623.176,9800,11200,-1400
1.35632,4.79203,-0.903097,0.262975,-2.76429,-6.03459,-0.860588,-20.5387,3.38932,0.368157,-0.35666,-3.3559,3.38699,5.18519,3.84266,-5.77782,-1.464,-766.16,-629.52,9520,11340,-1260
-5.71969,-5.9657,-1.28019,-5.66419,-3.45553,-3.04745,-4.45908,-11.3826,-8.8197,-2.77514,-0.747669,-2.72229,4.81572,5.87124,-6.1308,-5.06422,1.464,-762.256,-628.544,8820,11760,-1260
4.19125,1.41265,1.8667,-2.08203,1.92251,-0.504821,-7.1785,-0.680573,6.09063,3.63179,3.45113,4.82222,7.48624,6.3217,-17.0407,-6.60095,5.368,-760.304,-625.616,8400,11900,-1260
9.91663,6.83563,7.6389,3.82907,8.83049,3.8824,0.00940334,16.6181,10.2762,9.1757,11.2754,11.9916,11.0736,8.48349,-12.0693,-2.1112,5.856,-758.84,-628.056,7420,12040,-1120
6.48121,19.2395,14.0863,27.0381,21.3502,10.6076,19.3039,40.1654,7.13169,7.21879,14.4623,20.0753,18.5791,15.8445,18.5721,10.8919,9.76,-761.28,-629.52,7140,11340,-840
11.7248,28.3514,14.9895,32.2753,22.5387,9.35726,14.6197,40.3351,19.3349,8.1561,12.6491,20.7499,16.6251,15.1434,13.9571,8.11079,8.784,-762.744,-626.592,6860,10780,-840
16.9738,22.0485,14.0955,20.1606,14.4279,5.33361,7.8312,32.6073,26.3932,11.2272,11.6547,15.3684,12.7884,10.0989,7.09292,0.678688,9.76,-763.72,-621.712,7280,10220,-560
11.3778,6.72662,12.7293,8.15153,12.8354,8.8221,6.71304,20.8029,11.8786,8.01511,9.06185,8.86622,10.7427,10.5058,6.61657,3.3301,10.248,-759.328,-627.568,7280,10080,-280
-6.75195,-13.5509,2.74508,-9.69636,-0.0830379,6.01961,-9.2451,-5.52575,-17.0815,-3.25875,-0.527992,-7.1647,0.748566,3.35332,-10.3043,-3.88423,7.32,-762.744,-629.032,7280,10780,0
-17.4243,-22.1286,-10.7627,-20.2977,-15.2742,-6.6326,-17.3997,-29.0104,-26.7102,-12.3923,-12.5799,-19.868,-12.3946,-8.15937,-15.3762,-13.2107,7.32,-764.696,-629.52,7980,11900,140
-22.5475,-25.8643,-19.4744,-17.4638,-21.472,-13.2559,-8.44912,-33.343,-30.9146,-16.2507,-18.0937,-23.8541,-21.7723,-14.7118,3.49773,-10.6758,2.928,-765.672,-631.96,8540,13020,140
-17.8824,-28.2606,-20.8648,-25.4746,-28.1164,-14.5577,-14.97,-30.7182,-23.3798,-13.2655,-16.5754,-22.641,-23.268,-20.6899,-3.31502,-14.6192,5.368,-767.136,-630.496,9240,13440,560
-4.60426,-12.8047,-12.0244,-19.155,-21.1522,-11.3203,-16.4466,-23.1313,-1.08307,-6.45011,-11.822,-12.2382,-18.7412,-17.2864,-11.8126,-16.1444,4.392,-768.112,-625.616,8820,13860,560
5.70927,1.51917,-3.2653,-7.02523,-7.13745,-7.7771,-12.0875,-14.0044,9.42983,-0.154155,-4.10384,1.33963,-14.0799,-8.50373,-16.7825,-12.2112,3.416,-767.136,-630.008,8820,14000,700
-6.13351,-19.5937,-9.2328,-31.9126,-19.0489,-8.77885,-26.49,-10.4705,-8.58371,-4.61722,-5.81175,-7.70308,-11.1172,-13.8324,-40.8903,-15.3397,4.392,-769.576,-628.056,8680,14140,840
-3.32929,-13.3997,-7.77488,-19.1158,-11.4168,-2.25423,-8.44187,-0.506588,0.132587,-2.25488,-8.02714,-6.12063,-6.33579,-9.76665,-10.9733,-0.987656,2.44,-769.088,-630.984,8400,14140,840
11.7962,3.81932,0.660012,0.751054,-0.71817,-0.144692,4.47802,2.06173,17.5803,10.1601,-1.62716,5.37165,-0.775106,-4.69217,8.85396,5.07725,4.392,-769.088,-626.592,8540,14280,980
16.0042,14.0559,4.5534,12.8117,3.7476,3.95913,10.7987,5.42893,21.4202,12.494,6.07611,9.20912,0.991992,0.749721,13.4401,9.51531,5.856,-772.016,-631.472,8540,14280,980
18.4938,22.6779,9.15451,22.6147,11.7806,11.2809,16.1771,10.0108,19.5193,12.4161,10.1382,13.0786,1.54733,9.24325,13.0985,16.9142,5.368,-769.088,-628.056,8680,14700,980
5.41026,19.3977,11.1179,25.8588,18.9493,13.5469,18.7541,12.1121,-3.94392,2.38815,7.50955,16.2541,3.10397,14.6028,9.31326,16.8663,6.344,-768.112,-628.544,8260,14980,980
-11.9263,3.42404,4.90299,8.29834,15.9915,10.433,8.16335,7.12312,-23.6377,-13.5255,-0.949387,9.60697,0.456455,12.2543,-12.0507,7.70161,7.808,-768.6,-630.496,8260,15260,840
-10.1021,-1.15091,4.39665,-4.23824,8.80845,8.50317,5.31964,8.0846,-14.2808,-6.83747,0.100687,7.01832,6.46056,9.08295,-10.3372,6.37767,4.88,-770.064,-635.864,7980,15400,840
-7.01872,5.92473,7.50884,12.2152,17.6693,11.812,22.696,17.7118,-4.22864,-4.44522,-1.54952,9.82318,12.5016,14.799,25.1262,17.5651,6.344,-772.992,-632.936,7840,14980,840
-4.49085,4.04659,7.25681,12.9527,13.1125,4.44377,16.7241,17.6172,-5.01701,-0.63608,-3.24852,4.28076,10.2068,10.7527,22.9963,11.3832,8.784,-774.944,-630.984,8260,13860,840
9.85403,11.0652,8.10651,10.3103,4.03944,-5.02136,6.33226,16.2231,14.9162,9.77928,3.9374,2.52644,10.2963,4.0443,10.2481,1.02215,6.344,-775.432,-632.936,8400,12600,1260
9.99555,7.78156,3.98638,1.73706,-2.01282,-7.65853,-5.31431,13.6282,14.7832,7.36218,5.75959,-2.3148,6.521,-0.014125,-2.16087,-3.85272,5.856,-775.432,-632.448,8400,12040,1260
3.6127,-4.55158,1.5229,-7.16397,-4.57091,-5.30399,-7.74244,12.1645,2.2735,4.17742,7.70735,-5.22302,7.06123,-2.51293,-1.90094,-2.56281,5.856,-772.504,-630.008,8260,11900,1260
-1.27987,-8.05482,-2.99512,-1.0467,-3.78217,-1.61954,1.24402,8.58502,0.766128,0.400609,6.98111,-8.44308,9.60568,-4.08577,13.7542,3.95747,7.808,-768.112,-629.032,8400,12040,1260
2.89408,-2.55046,-6.37146,3.9971,-3.34018,-1.12383,1.70442,-2.73463,6.98597,3.20666,6.76391,-4.78102,8.50447,-5.48029,15.185,4.74228,5.856,-764.696,-626.592,8540,13020,1120
3.53578,0.415684,-6.53546,0.204609,-4.68607,-2.38426,-7.51945,-14.0719,8.70325,2.73505,2.20343,0.681327,2.50781,-4.7431,-1.52749,0.907353,2.928,-767.136,-626.104,8260,13440,1120
-7.35204,-5.26565,-6.63878,-0.624407,-1.12251,-0.509006,-5.78746,-21.3302,-8.21486,-3.68023,-3.77042,0.646632,-3.20112,-0.878389,-4.85811,3.03014,0.488,-767.624,-624.152,7980,14000,1260
-4.43756,-2.02341,-2.80724,6.25691,5.24036,-0.78322,-0.316639,-26.3556,-8.9442,-1.90178,-1.26061,5.66276,-3.8004,1.89087,1.48519,2.51197,1.952,-764.208,-627.568,7420,14700,1400
2.75978,3.99694,-3.4278,-5.56802,-5.26979,-5.60648,-15.3833,-31.1637,5.32733,-1.16161,1.62229,5.61357,-8.78459,-5.08302,-21.1792,-12.3905,1.464,-764.208,-631.472,7140,14840,1540
-4.10233,-2.73471,-2.81976,-12.0607,-9.66701,-2.51421,-10.1883,-14.0907,-1.88874,-6.00007,-0.977061,0.768149,-10.0551,-4.91148,-15.3535,-11.1613,5.368,-766.648,-630.008,7140,15120,1960
-6.96826,-2.1828,0.468997,1.90059,-3.52983,-1.0338,5.66467,9.58338,-8.09233,-5.77868,-3.0567,1.12158,-4.7349,-1.58617,10.0795,-3.49172,3.904,-766.16,-630.496,7140,16100,2240
3.11126,1.34582,0.504216,-0.0676226,-5.77856,-2.47873,0.0615796,17.835,1.8527,1.535,1.46082,0.123947,-5.18158,-3.85557,4.33567,-9.80108,5.368,-763.72,-628.056,7280,16800,2240
-0.834362,-5.03142,-2.17322,-6.14365,-9.90834,-3.74137,-0.0728191,22.364,-0.4645,-3.17653,-2.2648,-9.3563,-7.63891,-6.052,3.83604,-8.74489,8.296,-764.208,-629.52,7420,17780,2380
-13.6974,-14.7118,-8.91008,-13.568,-12.6728,-5.5197,0.242372,15.3649,-12.2938,-13.1825,-12.014,-19.5078,-10.8568,-8.5893,-0.499643,-9.69865,6.344,-761.768,-632.936,7140,18060,2380
-16.8355,-12.6358,-7.60728,-9.85934,-8.23826,-5.02065,-4.86264,2.6031,-18.3113,-13.2124,-16.8556,-18.5454,-9.93841,-7.62133,-7.25571,-12.056,4.88,-764.208,-632.448,7000,18760,2240
-9.27042,-8.01053,-2.11475,-12.2104,-6.07544,-4.47203,-16.3956,-13.6798,-12.7075,-7.05305,-13.5698,-10.8147,-5.98379,-5.82123,-30.2032,-16.4546,2.44,-763.72,-630.008,7140,18900,2100
1.29223,-4.4602,2.74259,-15.0257,-1.71187,-1.57643,-17.9481,-25.7713,-0.457801,2.78226,-5.73196,-2.55532,-1.33524,-1.12941,-36.2302,-15.6903,7.808,-767.136,-630.984,7280,18760,1820
10.1665,4.39976,7.38866,-3.16688,5.81631,3.04336,-6.86663,-24.9948,14.135,11.6935,3.3532,3.68515,8.64988,2.4235,-11.3529,-5.50797,9.76,-767.624,-628.544,7700,18060,1960
11.5128,9.29498,7.37919,7.85649,13.261,8.31887,6.89405,-20.4806,13.6819,13.5535,10.1627,5.80938,7.38382,8.48876,8.51101,8.34591,4.88,-772.016,-628.056,7980,17080,1680
14.7645,9.84621,3.27899,4.67171,7.13377,4.57309,3.25856,-19.3301,16.0557,15.3422,13.2529,5.74409,2.15957,2.6025,2.98079,4.81313,8.296,-774.944,-624.152,8260,15540,1960
3.09057,-1.79039,-2.46359,-5.80372,-1.08582,5.31767,2.44541,-1.23282,-0.586791,8.8893,10.2105,-1.71281,1.96919,-4.27664,-0.514416,7.8997,13.176,-775.432,-622.2,8680,14140,2100
-0.433598,-5.6276,-2.52681,-1.92852,3.22477,9.17507,11.8853,20.2537,-9.4672,7.17416,9.81403,-2.55765,3.17652,-2.11977,13.2253,16.8886,11.224,-772.504,-626.104,8960,13580,2520
11.3927,7.8889,4.27099,13.8879,10.6498,6.0143,13.0835,27.4755,4.79545,12.3889,7.41583,7.61113,4.7116,1.8689,21.3295,14.4878,16.592,-776.896,-628.056,9520,12880,2800
9.03057,8.42512,10.8408,10.2644,11.0219,5.67459,4.0212,27.6156,1.84209,9.99961,5.56946,9.75126,4.85178,8.10615,4.97875,7.79373,16.104,-776.896,-626.104,9520,12600,2800
-4.8661,-5.09716,7.37236,-0.212271,3.2826,3.42262,2.19306,28.0537,-12.1528,-1.3243,1.89679,1.1188,4.03351,14.5211,0.939146,7.56697,27.328,-770.064,-628.544,9660,12600,3080
-14.48,-15.1631,-1.11081,-7.66734,-6.28276,-6.55544,3.65665,23.9797,-19.0342,-13.3749,-6.19997,-7.33349,0.868839,12.8118,0.264587,6.3229,28.792,-766.16,-624.152,9800,12180,3500
13.3528,22.5046,4.48497,21.4381,6.90361,-7.94062,13.7312,13.068,25.2534,-1.07868,-1.10389,10.6673,1.52524,12.1885,15.8471,7.18578,28.792,-766.648,-623.176,9800,12320,3640
21.4067,46.1733,7.41201,41.3058,24.0464,1.02138,21.6872,3.81649,46.3647,-1.9434,-0.307671,22.365,4.82418,15.8019,24.7077,17.749,28.792,-765.672,-624.64,9520,12180,3920
0.128898,22.9187,-6.95313,19.2714,6.24735,-1.28847,1.71421,-16.5676,26.0723,-22.6922,-11.515,5.88849,-1.44728,1.39953,6.5503,6.67342,27.816,-769.088,-629.032,9100,12740,4200
-13.506,8.93927,-9.93856,22.2993,1.66869,-4.01955,2.93428,-28.4499,2.28117,-25.1094,-19.0479,-2.60165,-4.44483,-3.90394,26.752,7.22867,26.352,-767.624,-632.448,8820,14000,4340
-20.8636,-5.97285,-4.92754,12.6714,1.94119,-3.41739,3.36437,-30.3023,-24.0358,-12.9081,-7.66877,-6.56656,-2.34888,0.927479,21.0456,6.5308,18.544,-773.968,-629.52,8680,14560,4480
-16.0449,-21.5369,-5.98853,-13.3102,-14.3003,-4.54154,-4.10004,-25.3271,-24.7781,-5.9274,0.364901,-12.5393,-3.3263,-1.09874,4.66846,-2.16902,15.616,-776.408,-629.032,8400,14560,4340
0.377539,-15.6007,-1.93585,-12.1237,-18.0549,-4.93931,1.56213,-9.96179,-0.263926,3.16556,-0.792051,-4.77461,-1.22885,-3.92685,9.79431,-1.35608,15.616,-780.8,-627.568,7560,13860,4060
11.355,-7.34568,3.78068,-22.0655,-14.122,-2.57732,-16.8082,-1.82504,10.3729,7.52941,-5.29113,5.59187,-2.05855,-6.15609,-33.8435,-11.1993,16.592,-786.656,-629.032,7280,13160,3640
8.38114,-16.5753,5.57404,-33.3548,-7.15198,5.82019,-23.6212,12.8798,-11.1316,11.3767,-0.982822,6.97634,1.27677,-6.85714,-56.6637,-14.0905,15.128,-788.608,-627.568,6860,12740,3080
-9.18468,-21.7936,-1.26875,-20.1399,1.37555,12.6345,-10.0922,27.1635,-33.3239,4.55345,4.54885,1.95338,4.71862,-11.2523,-35.4474,-8.09132,16.592,-793,-626.592,7000,12600,2520
-8.8344,-27.3273,-7.00859,-39.3579,-10.0718,8.22055,-22.5689,17.8494,-24.2008,4.50338,13.4984,-6.30072,3.65705,-23.267,-46.9047,-18.0318,16.104,-793.488,-620.248,7000,11900,2100
-4.00218,-21.9735,-9.35376,-29.024,-15.4498,0.299851,-14.0902,5.11209,-14.9097,5.13565,12.1747,-9.83659,3.36194,-26.729,-13.2475,-18.204,14.152,-793.976,-621.712,6720,11480,1820
5.12203,-4.52783,-5.97708,-8.15782,-8.10464,1.06202,-4.97379,-3.81595,-1.97403,6.86964,8.37419,-2.34355,3.42439,-18.3617,5.773,-12.0636,10.736,-792.512,-617.808,6300,11340,1540
11.3466,5.54796,-1.57734,0.124242,-1.89214,2.99341,-1.47689,-6.89946,6.94714,10.3712,9.28925,3.92075,2.37535,-7.90846,6.53153,-6.52064,10.736,-788.608,-618.784,5740,11480,1540
16.49,12.8663,1.47622,13.3597,2.42513,0.670135,4.25655,-12.3524,17.6245,15.6698,10.2568,10.3931,3.17975,1.84892,19.8617,-7.08596,9.76,-785.68,-616.832,5320,11340,1400
14.7874,19.2296,3.71524,23.0395,4.5053,-1.87596,13.9537,-10.3846,27.817,11.3201,8.47534,14.5074,1.00489,12.3319,32.6079,-1.62698,9.76,-783.24,-620.248,4760,10780,1680
-17.9217,9.05263,-2.81403,25.3278,10.508,-2.73056,23.87,-2.54222,-3.51048,-21.3948,-13.7212,3.60156,-5.13648,22.2358,33.6708,7.48964,9.76,-779.824,-620.736,3920,9800,1960
-27.1605,-1.20938,0.897441,14.3349,11.514,-3.39712,17.197,-0.410046,-29.0718,-18.8502,-13.6974,-4.06607,-7.99336,23.8922,15.7641,3.44811,15.128,-781.776,-621.224,3640,8680,2240
-27.7883,-0.384302,1.12204,23.7193,10.8229,-6.46641,25.2213,6.53839,-28.0125,-17.2708,-13.9329,-10.1388,-8.73558,15.9819,36.0406,7.769,16.592,-781.288,-623.176,3220,7700,2660
6.83676,20.9491,11.3099,21.1827,12.1837,-5.13382,12.6131,7.4959,20.3514,3.06018,-3.9807,5.19265,-0.653804,10.2831,11.5214,2.43431,14.152,-788.12,-622.2,3360,7000,2940
29.7909,25.961,19.3002,0.583706,8.43567,-0.99966,-7.4652,11.7,49.6227,17.8073,4.36983,10.7174,4.40093,6.23272,-24.4583,-0.609881,17.568,-789.584,-621.712,3640,6440,3360
23.163,15.5369,12.9316,-9.30175,-2.0406,-4.43499,-20.7997,10.0311,41.2907,11.4369,2.85262,-1.73928,3.26639,-3.00502,-39.3914,-6.51218,12.688,-792.024,-620.248,3780,6300,3920
23.92,13.3366,2.32557,-22.2167,-19.2987,-12.7146,-34.0866,1.92502,52.3518,5.19172,3.05863,-14.3357,-2.57223,-14.7361,-47.4504,-14.543,14.152,-798.856,-622.2,3920,5880,4200
-10.0538,7.12083,-4.98301,5.9983,-2.93882,-8.31822,-5.6669,3.88243,-0.91824,-22.7879,-14.4351,-18.7122,-7.8994,-1.71562,0.226442,5.60585,9.76,-798.856,-630.496,4480,5740,4760
-59.2262,-33.5289,-2.74127,25.002,19.9706,3.96669,29.6271,5.79356,-97.4474,-31.5182,-19.8468,-22.9853,-5.77462,17.5005,51.0461,33.5756,9.272,-795.928,-646.112,5040,5040,5040
-39.4948,-38.0217,-7.76627,10.1843,8.69057,1.40405,24.8869,-2.84123,-58.0387,-11.6287,-3.32576,-23.4419,-7.33247,6.32205,47.2162,31.7072,4.392,-794.464,-638.792,6020,3360,5460
-7.86432,-16.8579,-10.1289,1.86843,-0.297989,1.18075,10.7301,-8.28225,-10.2463,1.81468,3.02697,-10.4691,-7.35153,-7.59121,26.4171,19.8039,-1.952,-791.048,-630.984,5460,1960,5460
-2.73396,-16.568,-9.92408,-13.0493,0.972178,5.87393,-5.56678,-10.1637,-13.0498,6.60786,2.69771,-2.24063,-5.25306,-12.8998,-11.1356,12.5978,-4.88,-788.608,-622.688,3640,1680,4900
27.787,1.17252,-7.2767,-65.1262,-19.52,-0.117754,-60.5223,-25.3457,38.304,20.2364,10.7802,7.02666,-2.04371,-25.9046,-118.971,-20.2723,-4.392,-788.608,-619.272,280,1820,4060
34.2014,-1.70088,-2.82729,-59.2506,-19.6049,-1.9035,-40.6963,-13.6819,48.5975,21.4386,7.86473,7.48811,4.34087,-22.6358,-77.4076,-16.1524,-7.32,-793.976,-621.224,-2380,2240,3220
8.08159,5.93712,4.6792,23.3449,18.5536,7.37389,30.0476,16.9234,2.60878,7.79755,2.39871,13.8086,9.60619,4.26204,45.0142,19.3107,-3.904,-797.88,-623.176,-4760,2940,2100
9.91338,26.8709,9.55028,51.8853,25.6972,10.3166,46.2502,30.3571,18.511,6.43711,4.05051,18.6483,12.0635,10.806,76.3947,21.3244,0.488,-797.88,-630.008,-6580,1680,1540
41.6965,47.4464,13.8022,47.4659,13.5489,5.05124,23.9113,23.5988,59.9422,23.0542,14.6532,24.2165,8.85819,7.01702,44.1859,1.22005,-0.976,-800.808,-639.28,-7000,980,1120
38.12,34.3052,18.3139,17.7769,6.20925,7.7867,-0.543042,16.0391,31.1361,24.1987,16.3135,28.7332,8.595,13.5064,-5.34432,-10.0391,2.44,-801.784,-639.768,-8540,980,560
31.8002,30.267,12.0854,18.5825,4.63616,9.84166,10.4115,18.1265,30.0001,16.39,11.2587,25.887,6.75918,13.7709,18.8141,-5.64439,0,-803.736,-638.792,-9940,980,0
23.8359,28.6579,5.24467,19.884,3.29236,11.087,8.16558,13.8587,27.4089,9.20558,12.2835,21.5433,3.38824,12.0967,13.5514,-6.22692,0,-804.712,-637.816,-11900,1120,-700
-11.6104,1.36137,-3.79749,5.38996,-5.39427,7.03711,-9.45721,-0.668373,-32.3,-8.68242,6.24759,9.44697,-0.533401,7.46664,-20.0745,-15.9573,2.44,-803.736,-638.792,-14420,840,-1680
-59.107,-65.3917,-17.8376,-54.0736,-23.182,4.47898,-33.6611,-14.9419,-121.843,-31.9714,-8.20913,-19.6592,-8.94145,1.98535,-75.4086,-24.4444,4.392,-800.808,-635.864,-15960,560,-2380
-48.7275,-73.5264,-15.868,-71.5321,-21.1662,1.98884,-32.2287,-26.1191,-102.512,-27.0281,-8.27659,-21.1888,-10.3488,3.88075,-67.9596,-21.2136,7.32,-799.832,-635.864,-18200,-280,-3220
-36.5351,-53.8196,-16.6573,-47.8597,-22.5756,-10.2266,-26.3756,-45.7852,-61.1033,-23.5357,-9.23235,-23.6354,-9.95466,-7.16314,-21.1965,-23.7478,6.832,-792.024,-636.352,-20160,-840,-4060
-43.4941,-44.1549,-21.2138,-20.5387,-22.5288,-13.302,-9.42616,-53.5256,-51.2575,-32.3242,-18.4436,-31.5858,-6.14926,-11.8484,25.8918,-14.5,5.368,-783.728,-635.376,-22540,-840,-5040
-16.9679,4.13299,-20.8693,19.4639,-16.1283,-14.0037,12.3118,-56.5132,14.1561,-29.0593,-21.7846,-21.3269,-3.59831,-10.1462,68.5904,-2.5136,6.832,-779.336,-631.472,-26320,420,-6440
-1.17788,25.863,-14.7653,24.8866,-12.1672,-17.498,4.30383,-55.1141,47.4737,-22.646,-23.7467,-11.6468,-0.284826,-5.0559,39.5767,-2.59902,9.272,-773.48,-628.056,-29540,980,-7420
18.1433,35.1323,-6.45776,13.1314,-20.0543,-22.4824,-17.1069,-42.8055,67.5814,-4.5832,-15.5283,-3.7088,4.70533,-10.3445,-6.492,-13.9027,7.808,-770.552,-630.984,-33600,1120,-8960
29.1156,27.1957,1.70882,0.00343333,-18.2062,-16.5215,-13.6399,-9.20818,68.7546,11.7063,-7.25904,0.737644,10.9704,-13.6891,-16.9959,-11.5466,9.76,-771.528,-631.96,-36680,1540,-10220
18.2196,13.6395,2.60294,8.71941,-2.83368,-10.2364,1.80591,24.1714,49.6763,7.00462,-3.66549,-0.977282,8.58396,-14.2197,-4.23515,-2.49011,10.736,-769.576,-632.448,-40740,1820,-11760
8.96097,3.84308,9.84337,4.13379,11.4911,-0.340153,9.26384,55.4904,23.8493,9.43258,2.3365,-1.19575,8.90095,-9.04071,-7.28276,11.2307,8.296,-767.624,-629.52,-43960,1960,-13440
-16.0036,-17.2936,23.2943,11.9187,38.5958,15.364,28.5716,84.9088,-53.4707,13.3867,7.80116,4.94194,15.025,12.8274,-2.60726,34.4986,7.808,-766.16,-628.056,-45780,2800,-14420
-47.6086,-59.6715,13.357,-2.36611,35.5154,16.5914,28.0604,84.9644,-112.543,5.02681,10.1165,-10.7997,6.53487,12.3606,-3.15292,34.2629,6.832,-760.304,-628.544,-47740,4900,-15820
10.7055,2.59714,12.4975,3.65194,21.7696,9.46032,0.630363,63.5281,12.7734,26.9182,20.3942,9.51667,1.20548,-2.86865,-24.1817,13.1007,3.904,-755.424,-626.592,-49700,6020,-16940
42.8992,42.6305,11.7684,22.5149,22.4644,12.7945,11.3063,44.7432,81.3926,31.6906,20.3514,25.8766,-7.00807,-4.05146,15.3989,18.6435,6.832,-754.448,-627.568,-52360,6720,-18200
6.68609,10.4462,9.87449,31.028,33.9873,20.0716,38.3881,20.2651,6.26756,11.0648,5.03803,23.2421,-9.99509,10.722,57.7236,38.5592,6.344,-753.472,-630.984,-55160,7700,-19180
-2.37866,-0.248513,11.0334,16.023,25.4733,15.4955,31.1372,-20.9166,-18.3898,4.27536,-1.40768,24.6211,-7.57902,14.5865,40.3048,34.497,5.856,-749.568,-631.96,-56980,8540,-19740
9.00489,17.2344,16.7854,23.6902,21.3661,11.0823,24.3604,-50.7589,-6.81338,7.45683,-1.8251,33.3384,-2.1989,20.021,32.5186,29.9452,5.368,-743.712,-634.4,-59920,10080,-20440
14.349,34.7613,15.9502,26.2725,12.4979,0.0379739,-1.25191,-74.8694,3.56266,8.78534,1.29051,37.956,-0.149226,15.9316,4.86018,3.3939,1.464,-737.856,-633.424,-62440,11060,-20860
-10.7932,0.946043,-10.5213,-19.8171,-22.8548,-11.5612,-21.1369,-70.1364,-4.5152,-14.184,-6.57781,0.385854,-8.52049,-6.51209,-22.5028,-21.1706,6.832,-744.2,-628.544,-67200,12600,-21700
-1.84686,3.37502,-23.2324,-27.406,-47.4253,-19.3664,-32.6557,-39.4897,27.8762,-16.8198,-3.97659,-24.587,-7.26214,-30.3941,-23.8073,-39.5534,4.392,-748.592,-632.448,-70840,14560,-21980
18.8855,15.5787,-14.1467,-14.2724,-36.5953,-13.2627,-20.3983,9.84444,47.954,-5.1341,5.57433,-25.5468,-0.459466,-26.8435,-6.27436,-40.3015,11.224,-755.424,-635.864,-72380,15820,-22260
-9.81441,-17.5047,-6.83276,-18.5676,-12.9889,-0.191591,-3.45924,58.5716,-23.2193,-14.9988,-0.0479357,-31.1213,4.52074,-9.7538,-10.4309,-27.8275,12.688,-757.864,-636.352,-73780,17780,-22400
4.83547,-16.0396,5.42135,-37.2283,-11.8552,-1.73506,-25.1904,74.2646,-15.5859,0.0709436,9.38198,-25.8553,9.87122,-6.72952,-59.596,-37.7581,14.64,-756.4,-647.088,-73780,19460,-22260
33.8853,16.3424,13.3779,-36.7517,-20.3603,-6.87401,-40.9506,71.6823,37.5759,12.6197,10.5139,-14.0528,10.163,-9.07284,-80.6225,-42.3155,18.056,-742.248,-660.264,-74480,23660,-21980
20.7546,26.4316,2.81778,-25.5899,-34.8116,-14.6041,-41.1245,53.3501,45.3589,-3.55065,-7.06866,-20.7062,5.81883,-16.8135,-58.9142,-39.6559,19.52,-739.32,-663.68,-75740,30100,-21840
-11.8534,-0.439439,-5.62559,-6.61591,-27.3803,-8.61317,-7.87309,34.2194,-9.61476,-17.076,-20.312,-31.445,3.3247,-4.09692,6.57291,-9.89035,22.936,-732.488,-670.512,-77980,35000,-21700
-30.2049,-24.4953,-0.369296,17.0092,0.553026,5.88977,41.5423,11.8247,-59.6554,-11.5961,-13.6589,-23.8359,1.22409,27.864,75.0151,36.5167,17.08,-736.88,-666.12,-80360,41580,-21560
-12.4131,-19.292,13.0351,3.87504,12.7259,14.1022,34.953,-30.6402,-45.6148,6.8716,7.12887,-0.402602,1.34543,41.1645,42.843,49.0258,8.784,-740.296,-662.216,-81480,46200,-21560
-41.6354,-54.4284,8.03321,-19.7929,16.3412,18.8012,25.7454,-66.3599,-93.5588,-3.02887,9.07361,-4.11832,-10.2072,43.9659,17.8444,54.5841,4.88,-733.464,-677.344,-81620,52080,-21140
-29.4057,-42.0878,-4.49087,-6.33026,4.06377,7.89723,3.32263,-97.6078,-53.4351,5.92287,15.7503,-8.27987,-23.3273,20.1966,13.3015,33.7911,9.272,-739.808,-669.048,-83440,59080,-21140
3.53072,-10.1235,-7.89759,-5.8325,-5.30055,3.39835,-23.2584,-105.015,13.2813,24.1476,23.2838,-0.810943,-25.3295,0.942534,-9.71346,7.59553,3.904,-743.224,-675.392,-85120,65380,-21280
7.83725,6.16971,-1.86228,13.8213,20.5117,13.9181,-5.17279,-75.3843,19.2859,23.9598,22.3677,14.9932,-21.7574,14.9836,-4.80775,14.5012,0.976,-743.712,-676.856,-85820,74060,-21420
20.2852,38.5964,1.98483,63.79,44.6479,15.1959,29.0283,-32.642,39.8575,23.1513,19.0767,33.8748,-13.8069,19.2298,44.2477,26.6093,2.44,-742.248,-677.344,-86240,79240,-21560
29.6029,50.7892,-14.167,61.8154,38.3732,2.64142,31.1243,0.9863,82.6932,12.9727,10.8098,29.0883,-15.5421,4.31229,58.973,16.9507,3.416,-747.616,-683.2,-86520,86520,-21980
32.4527,59.0709,-31.1505,46.97,24.7158,-14.9062,-7.86736,13.0071,109.759,-0.0237705,-1.95092,22.7762,-21.578,-17.95,21.3147,-18.2669,4.392,-749.08,-688.568,-86940,93800,-22260
24.9383,50.3482,-35.7638,35.132,18.4979,-22.2126,-24.3535,25.3601,95.2702,-7.75535,-13.0504,15.6401,-18.6886,-27.5509,6.02543,-36.9229,5.856,-754.448,-693.936,-87640,99960,-22400
42.4142,50.658,-14.8885,59.0446,42.599,-15.0848,14.6281,46.7163,86.802,6.18333,-10.0422,33.4049,-2.19577,-10.1237,49.1967,-16.0661,7.808,-760.304,-690.52,-88340,107800,-22820
17.5949,1.47356,7.69952,36.4038,60.9951,-2.55776,40.5595,61.4224,-3.15268,1.85941,-18.646,41.8018,17.1674,18.0463,38.1572,11.3291,14.64,-759.816,-711.016,-87780,113260,-22960
-30.2848,-70.4411,13.0143,-45.3718,41.0345,1.3076,5.91432,41.0234,-106.076,-17.2154,-26.8299,26.2485,31.0221,23.6756,-57.1149,-1.04693,14.152,-757.864,-715.408,-88900,121940,-22680
-66.5225,-106.627,-2.13698,-92.1571,-4.05533,-9.11375,-35.2404,-1.29505,-141.201,-42.459,-35.7779,1.04905,38.5259,-0.536711,-101.013,-39.0046,14.152,-747.616,-717.36,-88480,131460,-22120
-60.0301,-103.896,0.553113,-95.5473,-24.8148,-12.5199,-35.6827,-24.5175,-136.202,-35.6751,-36.5134,1.03929,40.5105,-10.8476,-88.1109,-48.2068,11.712,-736.392,-718.824,-89600,139300,-21980
-26.806,-33.0467,10.0079,-26.6719,-20.4431,-13.0919,-9.77217,-15.6115,-62.438,-18.4087,-29.336,21.1217,40.0209,-12.2215,-21.7517,-29.3925,10.248,-729.56,-710.528,-91980,150220,-22120
25.5445,38.5143,10.1904,9.31126,-34.5093,-12.9006,-28.7146,-12.8302,55.799,8.29437,-2.57621,24.9414,36.8705,-26.2858,-13.8763,-33.8555,0.488,-738.344,-676.856,-95200,159600,-22680
26.8885,54.7319,12.4201,28.474,-19.7996,1.59083,-13.2878,0.116962,51.4042,5.82639,10.4954,20.5654,25.1068,-9.44336,-17.509,-11.7311,0.976,-734.44,-650.504,-100660,168700,-24080
-4.72111,13.9637,13.5494,-12.926,-8.80006,25.7555,1.83476,26.5909,-14.3322,-10.4819,6.71487,4.39192,20.1582,12.2686,-61.9495,23.176,10.248,-750.544,-641.232,-104580,173320,-25340
-1.50563,24.4274,16.6644,-6.87895,-16.582,35.1334,19.6052,43.3893,13.4929,0.607543,14.5786,-8.14324,23.4813,19.7182,-15.5123,39.9423,13.664,-751.032,-648.552,-107240,174440,-26460
-40.6375,-12.735,-12.293,-2.55619,-67.4893,10.9224,9.90237,33.982,-22.5971,-20.1988,4.2028,-63.2067,2.81692,-12.9589,42.2354,19.2029,14.152,-757.376,-650.504,-107380,173320,-27020
-24.5113,-54.011,-19.2007,-83.8667,-121.294,-12.8732,-52.9196,6.01466,-20.4645,-10.3348,4.75075,-90.8,-16.8864,-44.2771,-44.5108,-22.3904,29.28,-750.056,-671,-106820,171780,-27300
14.1162,2.00571,4.26692,-51.0949,-104.07,-18.5906,-28.4927,9.44848,44.2109,-3.44357,1.39576,-61.7172,-18.7542,-44.4833,-15.0256,-7.15232,37.576,-740.784,-680.76,-105000,170800,-27860
9.90944,29.0536,18.5116,13.3429,-86.6958,-21.872,21.4219,26.8055,40.0296,-13.6918,-19.742,-49.6558,-26.7326,-48.011,68.6071,24.7097,45.384,-738.832,-690.032,-103460,174020,-28700
-10.3245,5.95135,15.2825,21.7732,-87.7276,-29.5264,12.2662,15.3422,-18.0971,-18.0236,-19.9669,-59.3717,-42.9763,-75.1037,71.5973,11.1099,56.608,-730.536,-700.28,-101220,177940,-29540
-19.4773,-27.7071,0.868288,-16.0329,-71.4316,-22.9256,-8.88666,-11.5772,-63.8728,-15.3588,-10.1168,-59.9805,-48.6722,-94.1077,14.9038,-6.90185,65.88,-739.808,-702.232,-100100,185920,-30800
-24.3249,-32.1056,-18.8112,-39.0561,-39.173,1.34338,-8.06951,-22.9762,-74.6761,-13.8688,-11.7425,-43.5847,-37.6692,-113.844,-17.0751,-8.11219,88.816,-702.232,-708.088,-98560,191660,-31780
-59.1117,-52.5237,-48.3417,-47.6023,-4.47015,35.4676,2.19097,-19.6507,-132.343,-29.4578,-7.48029,-43.8857,-31.555,-126.51,-8.15946,-5.93496,87.352,-703.696,-715.896,-97300,203000,-32760
-49.9388,-43.9079,-80.1803,-35.14,0.664205,42.7573,-20.5393,-40.1458,-80.7802,-34.3182,0.597633,-48.3096,-20.0704,-136.298,2.75194,-31.047,96.136,-703.208,-715.896,-96320,214760,-33880
52.0552,56.1959,-55.446,31.0921,32.1314,27.2631,-42.0725,-66.6638,85.3336,18.8983,30.5591,6.07234,11.4179,-78.0659,9.85677,-51.9252,96.624,-664.656,-774.944,-95340,238140,-36680
103.268,98.0957,-5.03328,89.0654,128.597,34.8407,11.9294,-33.3586,139.796,59.8243,46.1296,45.623,22.5946,90.8449,44.179,9.90598,183.488,-831.552,-845.704,-79800,339500,-44940
159.04,135.442,68.5897,163.641,282.306,49.3423,87.4835,-9.78326,182.912,125.109,91.0854,98.0343,-4.24737,317.252,108.202,81.0927,103.944,-704.672,-562.664,-56840,335020,-46340
138.009,141.075,115.423,203.109,318.057,45.7209,152.029,9.94463,156.685,129.735,111.036,133.737,-34.3434,437.534,160.287,131.713,71.248,-701.256,-501.176,-70000,213780,-30520
2.87178,8.72196,77.2908,88.1653,157.205,10.0435,104.743,28.2215,10.5547,40.3515,55.5279,67.3179,-34.6166,308.01,78.1092,106.825,98.088,-685.64,-632.448,-76300,165620,-28140
-14.994,-14.5267,62.4465,5.15522,54.1326,-24.9832,19.7516,21.6978,14.3958,22.0901,22.5106,53.0158,-9.6996,190.767,-23.8577,34.3842,92.72,-705.648,-650.504,-82600,152180,-26320
11.4359,12.1892,70.823,16.9211,38.9504,-30.9425,16.6032,40.8818,41.7539,41.8469,12.9757,78.1085,33.3046,113.813,-25.6037,16.1053,81.984,-711.504,-649.528,-79100,142380,-25340
29.5342,17.9368,59.4446,-19.6165,7.63311,-28.1399,8.73907,81.2931,64.2321,45.4395,3.14725,77.5748,61.2851,35.7852,-69.441,16.1072,70.272,-719.8,-651.48,-75180,132720,-25480
17.2287,35.5208,36.5447,-5.93204,-7.67767,-31.5377,17.7337,99.2161,80.4033,14.9343,-20.8798,65.5541,61.3419,-25.339,-33.6159,14.1166,56.12,-745.176,-656.36,-68740,124880,-25760
-44.3711,-6.17551,8.29948,0.35635,-17.5255,-35.6657,10.1441,67.9813,-12.6346,-22.4135,-59.1512,35.1683,50.21,-68.3779,11.513,-0.824266,91.256,-704.672,-671.976,-65660,119280,-26740
-100.274,-91.2976,-40.8296,-88.7152,-82.0887,-35.2547,-58.9003,8.89333,-108.819,-48.0907,-67.0114,-17.2508,30.85,-138.373,-54.3114,-58.7277,76.616,-733.952,-624.64,-66500,113400,-27300
-85.4164,-104.648,-72.3639,-103.133,-114.164,-15.3134,-80.4137,-25.5878,-105.359,-45.4032,-47.723,-32.3587,21.5533,-190.711,-58.8874,-91.2484,96.136,-729.56,-661.24,-63700,107660,-28560
-53.9742,-61.6507,-91.0185,-85.4436,-124.251,-8.88871,-95.1502,-43.2522,-53.2953,-49.6314,-43.2053,-31.5128,1.12007,-177.997,-70.7355,-104.335,97.112,-737.856,-644.16,-66920,106820,-30380
-52.3211,-66.0064,-98.5305,-88.0215,-125.533,-8.02044,-83.6444,-39.8675,-69.3907,-63.2694,-43.2621,-43.167,-23.24,-157.141,-76.1841,-74.151,116.632,-728.096,-671,-61180,101640,-30800
-48.3886,-75.6783,-96.8275,-97.142,-122.692,-10.9463,-82.5247,-51.545,-65.6466,-70.2969,-47.6013,-53.7202,-30.4793,-134.071,-100.075,-53.6052,86.864,-757.864,-602.192,-65940,102620,-31080
-20.9236,-41.0073,-68.5315,-74.4787,-113.053,-25.5142,-100.868,-104.606,-20.8396,-51.7361,-40.3487,-42.037,-21.8646,-121.944,-113.73,-78.6589,90.768,-733.952,-606.096,-63140,98280,-31500
-25.5351,-31.7281,-27.8374,-20.8457,-63.1871,-10.2652,-23.3005,-94.9451,-39.0393,-47.0837,-42.2353,-33.0681,-14.1771,-75.5651,-16.1873,-27.0145,85.4,-732.976,-577.304,-64120,92960,-31220
-44.7204,-50.4702,-10.5569,0.43487,-28.8393,4.40703,23.5969,-72.3277,-75.2748,-52.3197,-32.668,-43.7062,-24.3047,-40.4784,30.3036,11.0715,93.696,-732.976,-596.336,-64680,86940,-31360
-43.9928,-40.127,-19.5079,-3.95377,-40.4349,-2.09315,-8.84236,-73.833,-51.6885,-55.2928,-21.2333,-63.6643,-36.2981,-44.9169,2.1056,-10.2645,92.72,-738.832,-592.432,-67900,82460,-32340
-12.3155,0.439024,-22.6382,17.54,-33.5709,-7.53155,-20.9081,-71.0417,0.038709,-32.6727,-2.96767,-61.4649,-22.1067,-50.9201,7.93579,-25.0971,91.256,-739.32,-598.288,-68740,77560,-32760
17.589,7.55366,-3.42689,45.022,29.9017,12.6828,55.1431,-43.0302,-8.63109,-2.86195,3.93209,-40.9446,-7.78235,6.21682,76.6638,25.6065,85.4,-741.272,-588.04,-68040,70140,-32480
19.1694,-33.2075,16.8307,-9.7699,49.395,29.3756,46.569,-29.7994,-63.3232,9.98602,11.9561,-36.9687,0.0414222,56.7133,16.6795,32.166,101.992,-721.264,-626.592,-63700,59080,-31920
34.2692,1.32436,24.8715,-13.1807,33.5418,25.1434,0.168217,-17.0022,-30.2259,12.1601,22.017,-28.4479,0.132905,58.1712,-22.1609,4.71427,106.872,-700.768,-619.76,-62720,53620,-31640
64.9444,94.8623,17.7859,66.4873,27.7975,4.50788,-2.64182,4.22036,80.5459,8.27944,26.185,-12.6,-17.038,39.1449,39.3353,-11.7266,103.456,-690.032,-621.712,-60340,44800,-31500
72.0053,113.473,34.0349,87.3708,46.9516,-0.521969,0.175093,34.6115,80.0345,19.7794,37.7024,11.7302,-9.5538,51.9557,37.2714,-9.19199,108.336,-686.616,-622.2,-61460,39760,-31220
40.7001,67.0576,40.2875,70.7364,59.7975,15.3842,53.4884,108.794,16.3476,16.6583,32.7238,5.42859,-2.04755,73.5462,73.9066,47.7148,118.584,-678.32,-627.568,-59920,30660,-31360
35.3914,64.6072,44.7463,60.2761,51.9731,26.9215,65.6945,163.526,18.8259,22.1731,31.1475,9.37941,-1.22172,71.6377,69.0071,71.1351,130.784,-672.952,-641.72,-57400,21280,-31080
27.6308,27.6617,53.5676,3.19678,30.1475,30.6725,47.0099,158.41,5.6545,31.9895,35.2925,12.1172,5.86841,67.2886,15.9379,55.7161,142.008,-672.464,-650.016,-56420,15680,-30800
38.3612,18.4675,70.4088,-23.3073,31.9511,30.7506,40.4839,134.778,16.4792,55.1745,47.431,33.4183,23.9863,76.3039,-6.69901,48.3434,145.912,-671.976,-656.848,-53620,9380,-29960
48.2837,63.9694,76.1,20.2446,44.5743,23.0252,49.9328,120.731,64.1057,65.7555,45.8541,59.9512,38.9184,82.4241,30.1355,59.5331,153.232,-660.752,-664.168,-51240,5460,-29540
32.8494,66.4565,51.705,39.2746,20.7108,11.2073,38.316,91.3304,88.2576,58.0864,29.4897,46.2908,37.3267,64.1836,64.1904,55.6845,151.768,-660.264,-658.312,-48020,980,-28560
-9.35219,20.88,23.0861,-0.598337,-11.7927,-6.94231,-8.07706,30.5715,46.5053,40.8976,19.0495,22.8357,34.6662,36.5002,12.7348,24.6616,156.16,-665.144,-661.24,-45920,-3640,-28140
-42.2918,-36.8384,7.25764,-49.0967,-14.7161,-10.6578,-12.4401,-20.1274,-19.7134,29.7573,13.5374,15.5369,33.7216,33.0482,-25.5859,25.8544,156.648,-664.656,-667.096,-44800,-5460,-27580
4.94165,6.13084,4.18631,3.08609,26.0674,-1.49532,39.1534,-41.5789,39.8559,48.9589,16.9104,51.1603,28.3934,35.2195,45.1896,49.8812,152.744,-669.536,-660.264,-43960,-8120,-27020
57.3846,72.335,4.65639,76.5261,63.0332,6.13229,46.6779,-79.8149,122.375,72.5226,35.3538,89.724,28.7513,21.3838,92.3002,22.3679,156.648,-679.296,-674.416,-43120,-11620,-26320
1.90106,7.93032,-24.6339,10.4704,29.5708,15.3507,-37.0145,-102.796,47.0995,34.4448,26.2951,53.6334,24.7037,-12.2437,-25.7211,-36.7763,157.136,-683.688,-680.272,-42560,-13860,-25900
-66.7476,-88.2874,-59.4991,-78.0527,-6.29091,15.0833,-68.0098,-78.2612,-59.1055,-21.9182,-7.97076,-0.342414,13.6801,-43.6155,-118.295,-36.696,156.16,-686.616,-682.224,-40740,-16100,-25620
-36.7941,-43.3647,-44.4182,-6.12339,29.4992,21.1379,3.27129,-29.4728,-19.3664,-22.4634,-35.9983,20.1087,8.93758,-30.6932,-32.3609,12.5572,148.84,-689.544,-680.76,-39620,-17360,-25200
8.61478,28.8427,-29.0461,85.6556,29.4623,3.66048,28.9482,-19.4184,64.0594,0.303888,-19.5855,40.3271,-3.77048,-48.2532,45.8274,2.32101,144.936,-698.328,-679.296,-38360,-19320,-24780
-13.4872,-36.4718,-36.2942,11.7495,-12.097,-14.5974,-0.533218,-15.6977,-3.45983,-22.4504,-27.9186,4.46544,-25.4066,-60.127,-15.1355,-18.4811,140.056,-708.088,-673.928,-37800,-20020,-24780
-29.7703,-75.9706,-47.6405,-44.5554,-38.4774,-37.1111,-26.1824,-25.6327,-58.5715,-53.8334,-51.8233,-28.0064,-50.0594,-67.8968,-33.9019,-43.9879,138.592,-713.456,-696.376,-37240,-20580,-24500
-32.6477,-68.2553,-47.1738,-36.1849,-45.7353,-52.5217,-34.4167,-45.1483,-75.4607,-59.525,-60.9858,-33.6149,-60.261,-67.8321,-16.3276,-64.8347,136.64,-705.648,-702.72,-35280,-18900,-23800
-99.6123,-114.063,-56.8221,-83.1577,-83.422,-61.1719,-74.53,-61.5426,-149.255,-97.66,-77.6252,-75.4513,-76.1895,-77.4624,-72.6207,-88.1418,133.224,-695.888,-699.792,-33740,-16520,-23380
-96.8217,-109.79,-45.3923,-78.7804,-92.3393,-74.5004,-74.3267,-72.7565,-138.848,-98.6112,-76.2799,-84.3781,-86.1117,-76.2989,-66.0839,-89.4541,132.248,-692.96,-699.304,-32480,-14980,-22400
-16.8625,-50.8353,-6.80184,-44.4807,-70.2446,-73.7734,-60.0545,-74.7446,-59.5228,-50.1653,-46.7241,-50.8329,-75.8592,-56.2634,-45.9844,-83.0373,133.224,-699.792,-695.4,-32620,-14420,-21560
-8.90872,-29.2071,8.09055,-39.1717,-48.3284,-41.5775,-67.9378,-51.8693,-50.2771,-33.5682,-13.4519,-49.2213,-42.9416,-31.3291,-66.1431,-71.4034,126.88,-696.864,-698.816,-33880,-13440,-20020
17.5489,13.6301,15.7289,-20.4074,-11.4592,-3.00992,-37.6529,2.7307,5.26089,-11.3978,-0.793415,-34.0368,-2.69687,2.91555,-57.4907,-22.4729,126.392,-694.424,-703.696,-34300,-12600,-18760
29.1264,35.4037,8.11158,-12.4749,-16.2118,5.18734,-21.3317,25.5906,43.5706,-3.34783,-1.87136,-36.8488,8.41852,5.38496,-29.9502,-5.24853,132.736,-700.28,-707.6,-33740,-12740,-18340
22.2342,25.9814,17.5938,12.5694,8.64034,17.4912,41.5641,43.046,11.0301,4.83262,10.6027,-25.9911,22.7952,36.5005,40.5248,32.3348,122,-701.744,-707.112,-32340,-12600,-17780
20.2211,48.6044,29.6951,36.8933,38.2474,34.9178,72.3572,59.8218,17.2266,4.89223,23.4361,1.37461,38.8476,69.4187,53.1886,58.3349,123.952,-710.04,-714.92,-30800,-13020,-17080
24.8516,65.3981,36.015,39.0952,41.4988,41.5316,41.2628,46.022,31.4305,11.4313,29.8423,21.3435,44.9489,75.1611,14.8135,38.1596,123.952,-699.304,-719.8,-28280,-13860,-16380
81.1604,98.9146,50.2136,66.6978,45.2692,32.6948,51.7688,35.8919,90.3419,53.3663,52.2011,53.6294,52.004,64.161,61.7092,33.0099,120.536,-696.864,-727.608,-24780,-15680,-15680
25.9416,38.3537,19.7597,30.4784,2.44131,20.1291,16.8218,26.1252,13.9559,23.349,38.4473,15.7565,40.5852,20.5267,48.151,12.8038,119.56,-697.84,-727.12,-23520,-16380,-15400
-14.4431,0.645599,1.10925,-0.823682,-11.7275,19.9306,-13.0928,19.816,-36.0491,-2.20901,17.8963,-6.24666,30.7586,-4.33032,3.66407,1.70833,118.584,-694.912,-721.264,-22400,-17080,-15120
-1.10453,-6.8947,1.28531,-14.6108,-4.58168,25.5644,-9.21197,18.6366,-17.1754,4.26456,14.4205,-7.52642,26.6224,-11.0722,-1.27657,4.71005,118.584,-697.352,-717.36,-22120,-17780,-14840
32.8336,0.787747,17.7502,-7.36638,17.751,32.5079,22.2562,19.2406,13.4949,38.2606,36.4347,13.2075,28.8951,-0.104859,25.7259,27.5957,124.928,-703.696,-717.36,-22120,-18760,-14280
36.9211,41.4991,24.4588,41.8887,50.0081,45.072,67.926,39.5612,48.5099,41.8375,30.9033,40.6516,26.0569,22.5171,73.1421,72.3319,125.904,-707.112,-711.504,-21420,-19040,-13720
12.6306,30.5522,8.57798,40.044,38.7528,47.3094,60.0076,52.7801,45.2534,28.5213,13.671,32.698,11.7811,19.8376,63.8234,85.29,129.808,-711.504,-716.384,-20720,-19180,-13300
25.5366,42.0416,7.16695,17.5743,17.2769,27.8525,5.10014,23.5782,77.3609,38.9349,17.7418,40.6301,10.1411,1.97565,-8.57033,41.7034,129.808,-708.576,-721.264,-19320,-18480,-12460
-25.6675,-2.80701,-19.1994,-28.7645,-17.1581,3.16626,-28.842,-4.21342,24.9433,3.93948,-2.55426,9.28141,-1.56723,-30.4034,-59.7781,3.42614,127.368,-700.768,-722.24,-17920,-17780,-11900
-57.9277,-44.366,-25.3917,-23.0562,-5.04856,4.4113,7.57758,6.16765,-46.3006,-11.8051,-13.1506,-3.15715,-1.74859,-23.9454,-5.32296,15.9496,125.416,-698.816,-719.312,-16100,-17500,-11200
-36.2212,-44.1156,-16.3837,-22.8258,1.35402,-2.61987,-4.0648,-5.99149,-47.8742,3.47826,-4.21038,4.35108,1.7961,-24.7873,-0.393741,-6.91684,122.488,-704.184,-726.144,-14980,-18480,-10500
15.9669,-1.6752,-6.77481,21.2156,18.4318,-11.0761,21.81,-2.88836,21.8051,23.7053,2.09306,20.7655,-2.91808,-21.4745,50.2925,0.630184,124.44,-702.72,-717.848,-13300,-18060,-10220
48.5153,43.4041,4.12583,50.0752,23.5103,-19.3874,4.60516,-16.8167,72.0537,33.4104,9.65147,32.9239,-8.16259,-14.5095,46.7102,-20.9219,123.464,-703.208,-709.064,-11760,-17640,-9520
-5.95934,-4.9619,-7.87706,7.85919,4.41788,-18.3566,-32.3577,-12.6767,-2.70018,-6.21233,-9.40461,-6.39806,-17.1898,-2.50029,-17.9573,-28.131,124.928,-701.256,-710.528,-10500,-18340,-9100
-1.30556,-13.3058,3.54363,-17.4583,4.64852,-12.2382,-50.7758,-12.9923,-14.1033,-7.05181,-7.87423,-13.5936,-16.7912,23.0979,-76.6456,-27.674,125.416,-696.376,-712.48,-9520,-18060,-8540
-5.8632,-37.4567,-0.753,-46.7348,-7.53291,-18.1501,-32.4872,-33.0159,-24.0919,-12.523,-10.3813,-32.9681,-24.9823,27.3246,-66.8539,-33.1524,126.392,-689.056,-711.504,-7980,-18060,-7840
-19.9076,-41.3027,-6.18215,-13.9669,-4.98502,-19.8843,17.4547,-36.9424,-34.7363,-21.1003,-15.1609,-47.2769,-30.2046,35.7848,20.9343,-8.89554,124.44,-691.496,-707.6,-5600,-17920,-7560
29.6775,27.3382,12.849,34.6465,7.76772,-18.7354,18.3037,-31.2421,37.0038,5.3195,-5.71102,-13.3536,-24.2622,48.0301,37.2707,3.86742,129.32,-695.4,-723.704,-2660,-17920,-7140
21.1472,39.2635,13.8324,29.7087,-0.831678,-17.2466,-11.2012,-25.7111,34.8038,-8.64389,-21.5775,-5.31565,-22.8962,45.2813,-9.85378,-0.466428,134.688,-677.832,-728.096,-420,-16520,-7000
-22.928,-16.1681,-4.9575,-38.1733,-41.0781,-28.4601,-41.3761,-47.5821,-18.1267,-25.3807,-24.1355,-31.6686,-22.102,11.5155,-57.4589,-29.0608,133.712,-675.392,-720.776,2100,-13860,-7420
-74.9938,-78.1592,-28.1452,-48.1123,-45.5518,-34.1764,-5.74197,-57.5096,-103.845,-47.7473,-32.7388,-58.0156,-19.2134,-10.2288,7.66549,-32.6898,137.616,-685.152,-729.072,3780,-10640,-7280
-19.9592,-1.91869,-13.9125,33.0939,-9.78619,-24.9718,13.2909,-38.4701,-28.9995,-17.4441,-18.6422,-11.1066,-8.33773,-5.83341,68.8027,-19.2243,131.76,-682.712,-719.312,6580,-7140,-7000
-5.82585,37.21,-9.52205,52.5737,-0.547435,-14.5144,11.0943,-7.08861,9.88722,-9.02673,-5.14164,14.895,-3.13585,-7.02143,52.2182,0.375788,127.368,-685.64,-718.336,7840,-5040,-6580
-47.439,-18.0846,-23.4027,-20.3245,-24.3727,-6.8105,-12.9891,15.8634,-44.7804,-36.2279,-11.2003,-6.72982,-5.2242,-20.0203,-35.2361,7.3369,127.368,-678.808,-730.048,8820,-4060,-6160
-3.79595,-33.3019,0.00135627,-51.7347,-7.38747,6.10119,-2.39932,32.6998,-38.0365,-3.92992,1.65489,24.5081,10.9855,-10.2894,-64.8822,20.0059,140.544,-652.456,-760.304,8820,-3220,-6300
23.4759,-23.7258,18.7351,-45.0068,5.89192,11.9704,11.5534,39.3285,-30.4796,22.1631,17.521,55.1703,27.1647,-10.7779,-56.2228,20.4823,133.224,-686.616,-746.152,9100,-2520,-6160
-5.05627,-12.2685,2.29516,-15.8835,-7.60131,9.95784,19.8722,51.8839,-23.3822,0.43833,9.83256,35.2867,26.2457,-33.8545,-12.543,13.1033,130.784,-698.816,-723.216,10360,280,-5320
14.1681,24.8746,3.60628,17.3686,-10.2126,8.84433,-9.74729,49.637,35.4446,4.68106,11.1975,35.22,26.4879,-49.5899,-7.56711,-15.7428,129.808,-690.032,-735.416,11200,2380,-5320
49.5599,49.5228,16.8998,12.0789,3.87185,16.487,-9.67644,58.5628,82.2434,24.3683,14.4763,49.9371,27.5592,-37.7936,-22.9034,-2.62467,123.952,-705.648,-719.8,10500,4760,-5740
15.5452,15.4029,5.81842,6.41971,12.9498,16.0085,27.4709,48.2062,34.9082,5.6323,4.81578,25.432,17.4427,-26.2214,19.6869,10.3281,120.536,-705.16,-708.576,9380,6860,-5180
-29.5248,-43.0854,-21.5782,-33.3012,-28.5101,-5.3173,-33.1702,-9.92414,-23.7442,-17.546,0.779741,-25.9632,0.644408,-52.5008,-2.41429,-65.1234,126.392,-696.864,-713.456,8260,6300,-4900
-9.56133,-21.6707,-7.04866,1.67787,-10.6134,-7.84935,-51.1263,-29.5665,-12.3071,-1.66084,6.76011,-15.4798,3.44492,-34.2618,14.091,-75.1385,128.832,-692.472,-723.704,6860,6720,-4760
36.1999,32.653,17.1871,7.23879,16.6141,15.286,-43.7415,11.3405,55.171,19.4613,10.6121,13.5316,6.04464,8.24823,-36.8048,-10.8994,128.344,-687.104,-721.264,5600,8540,-4480
42.8682,31.0556,13.5072,-24.5745,2.93354,22.6234,-42.851,20.8068,60.285,27.3853,20.6771,0.691413,2.29114,12.144,-72.6165,14.2119,124.44,-679.296,-717.848,4480,10360,-4480
27.6414,14.4139,11.1679,10.2627,28.4254,27.95,39.9325,19.0269,24.9093,18.7203,18.2276,-13.2694,0.625065,29.229,29.2531,59.0277,117.608,-672.464,-695.4,2660,13440,-4620
1.99943,-6.89977,10.1001,32.1539,51.9244,38.0089,112.04,30.6722,-25.5684,3.18476,3.68883,-23.7365,-6.44535,53.6214,105.769,108.386,103.944,-644.648,-682.224,420,15540,-6440
-33.5687,-14.0924,-4.71236,34.9895,25.3302,24.4804,70.1817,2.4244,-56.1402,-20.2479,-5.02117,-46.4209,-19.2173,41.1132,91.629,67.5393,107.36,-692.96,-708.576,-4340,19880,-8680
-39.2474,0.872403,-2.96689,24.3789,12.2808,7.71956,15.0975,-34.2231,-49.9787,-28.8471,-8.7995,-44.3705,-20.0022,34.2166,31.1181,12.8878,106.384,-699.304,-701.744,-4620,23940,-10780
43.3085,60.2503,37.6088,58.4737,52.3652,8.48587,45.8127,-28.2999,34.5575,25.2344,8.58554,13.1712,-0.47145,55.0167,52.0379,23.1426,115.656,-704.184,-709.552,-5600,29820,-12880
62.3224,40.1176,30.1451,6.33511,10.2243,-6.43712,-12.0945,-50.1313,69.4165,49.9674,29.8616,1.00837,0.972762,20.8902,-10.5023,-33.3094,139.08,-740.784,-733.464,-6160,36260,-14420
22.5392,31.1233,5.16673,15.1732,-3.79617,-11.6289,-32.2068,-48.9409,55.5544,23.9046,26.5702,-17.522,-0.168772,2.31958,-8.73807,-52.3706,145.424,-713.944,-752.008,-2380,29820,-11200
-29.4998,6.32828,-13.9842,38.1244,8.82351,-2.83898,2.90142,-9.94896,-13.7659,-23.0802,-15.9872,-27.4894,-8.8899,11.9527,32.6605,-12.7017,134.2,-664.168,-762.256,3220,23380,-7140
-67.8019,-63.1699,-31.9908,-16.0314,-16.9057,-4.96326,-3.55041,4.50206,-91.6315,-40.3612,-43.3955,-43.3839,-19.7964,-2.85261,7.23487,-0.184993,134.688,-644.648,-752.496,4620,21840,-5600
-37.3704,-43.3027,-33.4458,-27.417,-32.2267,-11.8176,-4.15313,13.3178,-36.0335,-24.9507,-32.4139,-10.0639,-12.91,-19.7996,-5.08001,12.632,140.544,-626.592,-743.224,4200,20580,-4340
14.9637,12.5955,-17.3344,-17.6352,-27.249,-20.148,-19.9435,-10.3385,29.2913,8.55561,-9.98514,51.1005,0.0173536,-19.1898,-39.7025,-3.49649,142.496,-630.008,-728.584,1680,18900,-2520
32.0071,31.4482,-9.75707,1.27763,-19.6924,-32.1597,-28.62,-46.2615,47.7783,19.9258,3.82437,83.6329,2.30938,-16.546,-35.0909,-33.0433,145.424,-650.504,-725.168,-560,18200,-980
22.77,14.9059,-10.454,-13.5369,-32.9103,-40.8594,-54.0691,-63.6563,40.8887,13.1474,3.09637,72.9922,-3.84761,-22.2968,-44.678,-55.6884,142.008,-671.976,-710.528,-2660,18620,560
-37.5055,-67.7637,-17.8994,-90.9938,-52.6991,-31.1629,-66.2058,-35.9019,-54.5473,-15.9088,-9.91696,14.1813,-10.4226,-19.8669,-103.74,-34.9133,142.496,-687.104,-717.36,-4060,18620,1680
-77.9845,-115.431,-17.6368,-103.183,-41.0396,-16.4198,-18.9128,-7.20188,-130.101,-39.5227,-24.2798,-37.1419,-6.48942,-11.6615,-63.7512,-3.49139,142.496,-692.96,-731.512,-4060,18900,2240
-23.2817,-31.3915,7.02632,-3.26624,-4.3629,-14.1215,7.1665,-16.8689,-55.7947,-7.89021,-8.7225,-25.3535,13.0769,-16.3885,26.5436,-19.8183,131.272,-705.648,-712.48,-2100,21560,2520
-7.21581,19.1738,10.2931,19.3183,2.47864,-4.65622,-4.46384,14.4857,2.72728,-13.4797,-2.42798,-23.8182,24.1963,-17.0413,-7.78874,-6.94334,124.928,-697.84,-694.912,-560,22820,3640
-13.7256,27.2237,9.40182,23.4915,18.7168,17.1854,21.4415,61.1244,8.75748,-27.5338,-21.6357,-28.6626,22.8098,4.52521,-7.3312,36.9395,120.048,-712.968,-687.592,-1120,17780,3360
-2.4402,6.27954,1.0245,11.3895,3.7729,21.012,30.7791,68.971,20.108,-9.33384,-12.9628,-43.7928,18.531,-5.25443,27.7596,37.5202,121.024,-732,-679.784,-1540,16520,3640
30.1356,21.7434,9.88297,1.12977,1.07024,21.7193,21.4612,63.1841,59.7892,23.0571,17.2019,-28.245,25.6584,-5.57156,20.7551,28.6525,127.368,-728.096,-696.864,-1400,15260,3780
24.3026,24.6852,9.34155,-9.4605,-3.81266,18.1255,-10.8143,42.3991,55.4581,19.4041,25.4693,-14.1909,22.679,-3.45569,-24.3535,6.07803,126.88,-718.336,-697.84,-420,13440,3500
-19.4486,-11.9839,-2.66515,-10.2855,7.82028,21.5424,18.9846,46.4276,-12.2376,-12.3756,1.7056,-13.3944,9.71545,14.1371,3.50133,30.3105,135.176,-716.872,-702.232,140,13160,3500
17.3624,25.0015,8.97415,52.0321,40.3853,18.2948,60.6831,37.3593,16.2221,10.9107,0.966827,26.7082,0.197918,27.9598,85.4893,43.409,161.528,-628.544,-754.448,1260,12600,3780
15.108,3.65438,-0.000439253,32.5086,23.6605,7.32177,29.1067,5.63663,-9.40448,19.7445,13.1552,29.6114,-13.1417,4.7467,61.5555,4.6986,151.28,-671,-750.056,420,9940,2800
18.4513,-11.067,6.1158,9.04334,29.1419,4.00692,-5.48195,-27.7241,-23.7869,25.9608,19.19,41.3073,-12.7186,-11.0759,7.43307,-36.4361,139.568,-724.68,-717.848,1120,13300,3920
63.8869,43.0543,28.6964,39.389,52.8258,7.4306,-11.5705,-37.6064,55.7781,53.7609,41.5648,71.0248,-2.1274,-11.2551,-7.57271,-36.7193,136.152,-717.36,-712.968,2800,16380,5600
28.0021,44.7537,19.2318,35.9734,44.4113,3.364,-16.3952,-41.5126,42.3763,28.6493,46.9133,51.4062,-2.58758,-7.78734,-19.0307,-29.1198,129.32,-711.992,-696.376,2520,16800,5320
8.73405,39.3456,5.26092,33.9692,27.4038,-1.71577,-15.2597,-36.5104,26.1915,-2.71302,11.1018,32.0289,-16.4501,3.83498,-0.83806,-18.2407,130.784,-713.456,-703.696,1400,17500,5320
-18.0835,-5.712,-5.54505,16.4644,5.81383,-1.24479,5.12495,-16.9223,-32.1084,-18.6462,-16.5321,-5.69186,-33.7941,19.2752,38.2195,9.31402,129.808,-715.896,-714.92,1680,15260,5740
-45.5103,-52.3147,-16.7224,2.93543,-12.65,-0.54731,37.6247,2.55864,-72.3906,-33.1558,-26.2891,-48.8189,-39.1389,37.1177,64.6685,40.9205,142.984,-694.912,-743.712,2240,14700,5740
13.3287,3.95924,1.8955,3.52821,-27.0529,-3.67836,7.24512,-2.23412,15.6395,-6.98671,-24.1677,-29.4588,-26.9822,40.939,15.1021,25.45,143.96,-683.2,-736.88,5320,15540,6160
8.85761,-12.1395,5.61637,-29.4754,-45.7448,-16.6366,-25.7494,-21.1579,0.146361,-4.61076,-20.9841,-34.5999,-21.9289,23.3432,-37.475,-3.94877,143.96,-692.96,-734.928,7980,15540,7000
-31.7378,-82.6377,-0.845686,-97.1671,-61.613,-11.7768,-30.9872,-22.5751,-74.5711,-14.027,-11.5108,-62.7787,-10.5355,10.2556,-78.5634,-4.73506,143.96,-686.616,-732.976,11060,15120,7280
3.29295,-5.80965,0.0126807,-22.8861,-34.2072,-5.71802,5.54906,-20.8147,12.4022,-6.74908,-7.14082,-29.8802,6.89952,-0.227203,7.85133,6.41541,147.376,-680.76,-730.536,12180,15820,7140
39.4513,69.2069,-8.48727,8.8919,-29.9813,-12.0884,-17.0131,-26.7554,103.475,-1.57504,-5.81319,6.89548,16.3594,-23.1701,-14.0066,-13.491,142.984,-686.616,-727.12,12880,15540,6720
37.5475,52.1509,-5.66986,-15.2281,-17.7067,-10.0819,-46.5727,-27.9192,68.4301,10.7019,9.14632,26.171,27.8621,-26.447,-69.772,-36.223,143.472,-687.592,-731.512,13300,14980,6860
-8.94591,-0.229658,-13.4722,-7.48998,3.86155,-3.45064,-30.4951,-13.1056,-24.6408,-6.38812,10.033,17.0819,25.0106,-20.598,-38.9539,-24.6938,146.4,-690.52,-731.512,13440,14700,7000
-27.9857,-25.0719,-14.172,-24.5588,5.3976,4.30864,-2.79624,25.1818,-51.8578,-12.7064,-1.01199,11.0491,20.4357,-17.7211,-29.26,12.9225,147.376,-688.568,-731.512,13720,14840,7280
-19.3262,-27.0512,-11.4484,-15.846,7.90886,9.12918,29.1797,56.9436,-25.1652,-7.31029,-2.24615,12.8719,14.5328,-15.8095,8.86884,35.2941,146.4,-692.472,-722.24,13580,15400,7420
-15.9356,-49.7262,-8.07178,-51.3995,-15.0192,7.74374,1.04229,64.7547,-24.6321,2.19919,1.57904,2.53093,8.70212,-21.017,-33.3243,18.8812,141.52,-693.448,-719.312,13860,15540,7840
-60.2522,-52.7737,-17.4374,-9.87875,-2.61625,3.60363,26.2283,63.1245,-74.4821,-28.9617,-11.2188,-15.6917,-5.44827,-13.6044,23.4614,24.2145,142.496,-693.936,-716.384,13580,16100,8120
-66.5862,-19.6187,-10.0308,34.5571,18.5652,-3.22861,17.1881,18.1049,-72.2737,-37.9708,-3.50771,-6.5595,-7.44069,-7.14016,49.5861,-13.1869,133.712,-689.056,-714.432,13720,16520,8260
-0.659957,54.3211,20.8878,102.759,61.6851,9.27371,64.246,22.9261,19.9769,2.07095,-0.426591,35.4681,1.26702,21.3695,124.002,11.0064,131.76,-691.984,-716.384,12880,16380,8400
44.2344,66.722,24.3445,89.2783,42.031,10.8181,36.5869,25.3128,78.1603,36.8876,9.57094,30.8954,-2.16004,13.089,97.5001,6.32284,128.344,-694.912,-717.848,12320,16940,8120
46.8711,18.9525,19.81,1.48311,4.36353,6.23163,-20.995,16.6271,53.1459,49.3957,15.0591,4.42927,-1.41453,1.571,-27.1368,-11.208,124.928,-691.496,-716.384,12180,16520,8120
35.5873,1.82405,13.8629,-26.8808,-3.42849,-1.9189,-27.6439,-8.76459,33.5262,40.9622,12.3735,-7.83061,1.39871,-1.75854,-65.3951,-28.3161,123.464,-691.496,-717.36,12880,16240,7980
29.9614,4.68762,10.6602,-28.458,-7.76573,-13.7312,-40.7358,-50.4567,35.6277,28.8398,12.9809,-7.17796,7.84113,-9.72981,-63.1358,-59.96,120.048,-690.52,-716.384,13020,16240,8120
12.1264,53.8739,6.39092,49.7593,24.3225,-3.48577,13.9489,-32.7716,59.5747,-9.04795,-10.2396,10.8555,9.55029,10.2331,32.8592,-14.0921,117.12,-685.64,-711.992,13160,15260,7980
-10.3961,43.2028,-4.50211,40.5752,11.0687,0.703491,1.88196,-30.1915,45.5398,-29.8706,-20.0887,6.74128,2.26721,6.10133,23.2018,-6.59798,118.096,-684.664,-717.36,12880,13580,7980
-23.5219,-21.9491,-5.08041,-38.2807,-18.7982,1.65054,-40.2509,-28.5784,-34.8892,-24.3273,-19.2356,-8.3124,0.662546,-0.813802,-64.7083,-13.9978,122,-691.008,-711.504,12180,12600,7700
-64.7634,-127.156,-12.4586,-124.191,-39.9563,-0.59312,-45.8746,-25.9587,-163.9,-27.1175,-10.771,-42.7557,0.235271,-2.10776,-117.3,-6.74834,123.464,-688.08,-709.552,11340,10780,7280
-48.0774,-113.536,-9.81062,-97.3959,-29.0273,-10.1116,-15.1156,-36.8664,-151.266,-18.097,-5.45119,-38.2875,2.22978,-2.10774,-59.9934,-0.728111,124.928,-682.712,-700.28,10220,10220,6860
16.5613,18.9292,-3.00992,52.8219,12.3059,-9.39247,63.5535,-14.8018,5.89284,-7.36334,-15.126,-4.5784,0.169967,5.14019,111.69,38.7967,121.024,-693.936,-692.96,8960,9100,6720
36.1589,39.1623,-8.08786,58.9999,8.08113,-0.0739157,53.9867,2.68777,57.6706,4.30422,8.17603,-7.38831,-3.90267,-3.11677,107.719,40.4839,127.368,-697.352,-697.84,8820,7840,7000
48.5768,47.3119,-1.51039,31.6347,9.74862,18.1936,17.2827,16.2112,86.5102,19.4756,25.6164,0.025145,2.9595,-2.15064,35.9511,32.2692,127.368,-702.232,-704.184,8960,7140,7280
34.5752,36.0713,-0.806748,18.7012,20.3669,24.5238,10.0575,12.2303,61.6944,16.761,21.7775,2.71285,-1.72128,1.6334,6.67229,23.3501,133.712,-702.232,-708.576,9800,7280,7280
3.09112,-11.2257,-8.83372,-26.7431,-0.112544,15.4489,-27.0855,-5.74247,-7.31558,3.42541,9.60387,-10.8564,-11.8918,-8.61747,-37.8731,-9.13826,134.2,-690.032,-711.016,10360,7560,7420
-11.6767,-9.09349,-15.5134,-3.51406,-5.20193,8.48638,-8.49182,10.9978,-4.61238,-11.956,-6.18088,-12.5985,-17.358,-3.55596,4.08924,4.51999,137.128,-681.736,-710.528,10780,8680,7140
11.4393,31.9896,-8.67234,21.8264,-9.08226,-2.40645,-5.16538,8.96132,52.8707,-0.365553,-2.17325,6.54932,-16.823,2.75235,21.1564,-1.24162,135.664,-676.368,-712.48,10780,8680,7000
-18.1982,2.16656,0.477218,6.28389,-14.4583,-11.0973,-14.6912,-3.86104,-11.9127,-3.02583,-7.98727,4.20911,-15.7257,11.6797,-0.769879,-13.3083,140.056,-671,-712.48,10500,8820,7000
-49.7935,-54.0075,3.59198,-29.1133,-16.5066,-17.0415,-9.78096,-1.8144,-85.2689,-11.7089,-10.2665,-6.63022,-18.2658,21.1638,-25.0383,-4.02919,138.592,-667.096,-716.872,11060,8540,6860
-50.0655,-66.5808,1.80422,-53.022,-23.5253,-18.8209,-12.6733,10.4308,-75.0663,-14.4108,-4.1809,-11.2885,-13.4299,21.8004,-44.2837,8.93232,137.616,-663.192,-715.896,11340,8260,6580
-20.0827,-18.1427,15.108,-23.5938,-4.03901,-17.3666,-10.5783,1.35346,-29.0566,0.80016,-0.942329,18.0662,2.49837,23.7519,-38.6002,-1.9128,133.712,-660.752,-717.36,12040,7560,6300
8.43889,24.6061,21.7996,1.35213,6.35923,-18.3638,-13.4906,-14.4901,16.3411,20.547,6.84399,37.6422,12.4684,9.66953,-31.1236,-23.6404,132.248,-651.48,-712.968,12040,7560,6300
40.9968,84.1706,21.6141,64.3818,14.3843,-20.7517,-13.8015,-11.9641,76.4886,29.0361,11.6807,52.4585,20.4049,-11.5276,17.4434,-33.504,128.832,-657.824,-705.16,12180,7280,5880
46.5328,75.9358,11.0714,71.1996,15.4301,-17.9531,7.83929,-5.49245,87.7594,23.9498,6.39571,38.8524,17.2232,-14.2521,58.0905,-16.7212,128.832,-664.168,-703.208,11620,6440,5460
33.8007,32.0824,1.70174,32.3042,7.8559,-5.38995,23.6562,10.0603,58.5164,22.0619,13.7583,13.0501,13.87,-8.60562,49.4235,13.3258,130.296,-670.024,-709.064,11480,5600,5320
12.1561,-11.468,-10.7503,-17.3761,-17.5518,6.60435,-11.6725,13.4786,10.6998,9.48998,14.3385,-11.5837,9.75517,-17.938,-14.0393,3.46175,130.296,-665.632,-714.432,12040,4900,5180
-43.2034,-68.1363,-26.3798,-59.1159,-19.6808,14.3794,-8.27861,17.5675,-69.7805,-35.7589,-13.1718,-38.7318,-2.30615,-14.8171,-47.8711,13.0529,130.296,-659.776,-717.36,12460,4480,5040
-32.0715,-65.7539,-16.4263,-71.7267,-4.95624,16.4247,-3.07628,6.04009,-64.6901,-33.8464,-25.2668,-25.2684,-3.13195,-7.51235,-70.9384,10.5981,133.224,-658.8,-715.408,12460,4340,4900
9.25304,-27.402,9.80224,-44.1068,14.2375,18.3904,-1.20358,-7.87041,-33.3722,3.82174,-6.21254,8.39308,5.82458,-1.04438,-58.5162,-4.72889,129.808,-662.216,-714.92,12180,4340,4620
26.4333,22.8723,11.0738,19.9237,13.9957,9.89105,1.70588,-11.0865,-2.76499,10.195,1.58592,24.2333,2.9637,-10.2253,15.6387,-16.0452,135.176,-668.072,-714.432,11620,4340,4620
19.7093,47.6321,-3.51487,49.398,-2.47704,-0.83646,1.44775,-10.8328,33.7178,-4.15293,-3.75097,19.8256,-9.08387,-22.8107,58.0098,-22.6716,136.152,-668.56,-711.016,10780,4480,4200
8.86552,60.172,-3.80295,66.149,11.0236,10.2904,37.5808,23.6255,56.3387,-17.4339,-6.60741,19.4882,-8.50497,-1.27297,83.9913,15.9036,137.128,-669.536,-709.552,10500,4340,3920
8.37221,30.6438,2.55132,28.5534,3.51473,19.2997,34.6359,45.2434,27.7554,-7.02997,-0.883882,9.16643,-0.72366,12.9711,52.3672,33.6768,141.032,-672.464,-709.064,10080,4620,3920
-22.922,-24.5013,-1.61631,-12.4663,-8.64236,17.8672,26.169,46.9153,-41.5278,-14.8109,-6.04962,-20.4678,-1.974,11.8398,21.4058,34.9497,137.128,-663.68,-704.184,10080,4340,4060
-2.05796,-41.6505,-0.290302,-53.5778,-25.3686,10.1352,-14.9624,28.6085,-31.8278,-0.154234,0.0623237,-28.0756,-0.148303,-0.0190686,-44.385,7.43768,148.352,-664.168,-725.168,9800,4060,4200
3.19872,-10.7249,9.11964,-14.4123,0.795543,13.1331,5.67249,21.9735,-3.47238,0.912844,6.68886,-16.1788,9.26209,3.81433,-14.1772,13.8726,136.152,-678.32,-697.84,9100,5040,3920
-14.6887,16.4272,8.82835,38.7436,30.7382,19.3098,39.9567,25.5848,5.76471,-10.5206,4.43506,-14.2762,13.9582,16.2731,45.3466,28.8802,140.544,-675.88,-700.768,8680,4200,4480
13.2998,33.9583,14.068,54.4711,45.4865,8.5719,42.4676,15.5191,28.8929,11.522,8.15305,0.0911702,16.9271,18.7355,51.6201,19.6744,138.592,-676.368,-697.84,9240,4200,4480
-24.3078,-30.3829,-8.40929,-4.25723,19.8908,-7.26905,15.23,-1.50446,-38.1344,-4.86384,5.99817,-31.9495,5.41753,6.92283,-0.499184,-2.33668,140.544,-681.248,-691.984,8680,4340,4760
-2.27737,-48.0084,-1.93478,-56.9883,-2.38044,-11.3409,-40.6597,-21.6458,-29.7465,19.7865,17.3005,-27.1533,11.4493,1.84151,-74.2618,-33.6967,137.128,-683.688,-691.496,9100,4340,5040
11.084,-11.5087,2.07592,-31.6573,-2.68591,-8.89776,-47.131,-28.1368,16.4099,23.4463,16.3019,-7.0754,10.9563,2.51281,-64.3384,-33.8509,140.056,-679.784,-690.52,9240,4900,5600
7.05283,9.46994,0.479614,7.23016,1.01304,-13.3658,-28.1609,-35.1877,22.4988,15.934,1.70598,3.25868,0.770893,3.60257,-17.2528,-31.0242,135.664,-679.296,-691.496,8960,4900,5880
-18.1845,-10.3185,-8.52026,10.9019,-10.8948,-19.6282,-17.1295,-41.9315,-2.31928,1.03538,-10.0689,-11.7065,-9.1519,-4.56644,13.1367,-30.3038,132.736,-679.296,-689.544,8680,5460,6300
-11.0556,-2.72825,-3.4412,3.21361,-12.9091,-21.8118,-28.1807,-63.1243,8.50592,4.70132,-5.15878,-4.49564,-17.8741,-7.6289,-5.03044,-49.981,134.2,-677.832,-692.472,8960,6300,6300
5.48751,4.29391,6.84368,-9.38624,-10.382,-19.052,-39.2242,-66.8374,16.0376,13.9584,3.5507,11.3906,-17.6227,-6.73886,-31.2982,-51.9959,133.224,-673.928,-695.4,9240,7560,6440
-0.242198,5.43357,-0.206643,-0.330275,-14.8237,-12.5125,-27.2211,-40.204,14.6554,-0.799234,-3.00295,8.62307,-19.0636,-6.11229,-6.9341,-17.1697,131.76,-671.488,-692.472,9240,8960,6440
-3.38721,5.88527,-7.86834,14.174,-12.4188,-9.72068,2.54665,-12.0038,6.78964,-13.3977,-16.34,5.66162,-23.8836,-6.09186,23.9245,23.7957,127.856,-672.464,-692.96,9100,9940,6580
-23.7478,-37.1891,-19.4434,-36.2899,-33.1133,-13.1183,-5.48457,-1.98446,-37.8212,-24.2684,-17.5509,-14.3375,-26.558,-15.8768,-17.2949,28.6563,128.832,-673.44,-696.376,8960,10500,6860
-39.432,-54.2238,-19.5722,-45.0138,-29.5227,-12.2585,-0.221171,-7.80865,-73.0509,-25.0273,-10.8888,-18.0779,-18.7196,-12.6488,-14.9893,26.0274,128.832,-667.584,-701.744,9380,10640,7280
-41.3708,-44.4953,-20.9675,-34.6592,-17.866,-5.06187,2.93825,-4.8739,-73.2903,-32.1077,-23.3338,-7.37278,-12.8944,-4.41983,-12.4504,27.1767,129.808,-662.216,-698.816,9380,10640,7560
13.2568,28.7229,-8.80013,23.6878,13.0995,-1.32001,16.1926,-8.14572,11.797,-13.7462,-29.6538,35.3728,-4.87773,3.82423,22.13,20.4524,133.224,-660.264,-700.768,9800,10920,7700
40.1166,73.2586,-3.78143,63.7557,21.7916,-1.80058,18.9742,-22.3443,64.1191,6.69566,-3.90768,51.6999,8.2579,-4.06778,53.6009,-4.135,132.736,-662.704,-698.328,9380,10920,7700
20.075,44.9039,-2.57376,42.7546,14.6812,8.14999,11.3672,-10.5536,31.7696,13.1172,16.5222,31.8929,16.9141,-4.83395,37.9741,-5.20974,135.176,-663.192,-699.304,9800,10500,7980
8.61774,23.6994,-1.09815,23.2769,17.4717,21.7037,23.3766,30.9742,17.19,3.92001,8.07785,15.4019,13.8848,1.12958,21.906,26.0483,139.08,-662.704,-696.864,10080,10080,8120
21.3578,22.7328,12.1664,14.1146,25.5606,26.6123,30.2583,56.1919,24.574,7.03635,1.56126,15.4377,13.5467,4.87198,9.69282,33.8355,135.176,-664.656,-697.352,10780,10080,8820
12.5465,-18.0818,19.6097,-26.0177,10.0925,22.5905,2.97136,42.9377,-15.8769,23.6712,29.5947,-3.02357,20.9309,1.56226,-29.4283,6.14964,138.104,-659.776,-697.352,11480,10500,9800
31.4033,1.37986,24.7691,-21.9797,0.811702,17.2689,-23.1878,27.1645,9.69659,34.8968,36.0295,-0.856148,23.6319,-5.64685,-43.9737,-21.3659,136.64,-656.36,-692.472,12180,10500,10360
33.2806,27.3479,22.3619,9.44293,2.56635,15.3133,-6.24264,39.1232,39.2376,27.6909,24.9943,-0.253008,20.6091,-4.11035,-11.7813,-4.17595,136.64,-660.752,-684.176,12600,10920,11060
31.3349,18.8053,23.3672,3.87032,1.7962,13.7521,10.4191,47.4775,39.6079,25.5829,22.759,-2.63111,18.6694,6.18809,-4.0928,12.2589,136.152,-659.288,-685.64,12880,10920,11620
-7.54085,-5.98028,11.1342,-0.406969,0.298335,8.34198,21.137,45.2503,3.37788,-1.97061,7.81588,-20.1002,8.83367,10.6923,10.7184,18.4573,134.688,-664.168,-680.76,13300,10920,11900
-27.5022,-10.0832,2.27168,8.08634,3.73523,2.53081,19.5067,39.8771,-11.7541,-31.8087,-23.7159,-24.1183,-3.42358,17.9565,20.2116,16.976,133.712,-661.24,-683.688,14280,10640,12460
-22.881,-11.4402,4.76104,9.29757,5.83126,-7.85566,19.018,25.6582,-22.7772,-34.1323,-34.73,-19.1279,-8.7529,22.6459,25.6326,10.3264,132.248,-660.752,-682.712,14840,10080,12880
-15.7426,-15.9206,6.97041,-3.48049,-0.0924132,-16.1644,7.30619,8.97741,-18.0088,-15.0185,-3.3527,-15.9923,-2.53581,16.3298,8.61728,-2.3563,134.688,-653.92,-682.712,15540,9380,13020
9.35651,3.87649,11.3721,3.92416,10.9101,-10.4292,5.15746,1.80377,2.51961,4.83,4.23181,4.57897,-0.136244,16.5251,2.60333,-4.27418,133.712,-650.016,-678.808,16240,8820,13160
-12.0234,-11.1972,-6.27098,0.332433,9.9406,-7.57636,11.4482,5.45834,-26.3908,-4.81364,-7.3995,-5.11442,-8.39579,8.19001,7.66021,3.66758,136.152,-644.648,-682.712,16800,8260,13300
-14.1601,-15.381,-15.4302,-6.97352,-3.55457,-9.27882,-1.92853,-1.93466,-18.9095,-2.02314,0.20324,-9.85691,-10.4436,-2.39153,-3.50199,-10.857,134.2,-644.648,-682.712,17220,8260,13160
-20.236,-15.3207,-23.4886,-11.3588,-14.7665,-9.48087,-13.6787,-11.9013,-8.22322,-14.6716,-6.39321,-13.3376,-10.8648,-11.5809,-12.5255,-24.4545,139.08,-638.304,-682.224,17640,8120,13300
-9.48518,-2.40773,-16.7728,-7.8415,-8.94438,-4.0229,-15.5386,-11.5667,7.9248,-16.6335,-17.1203,-2.3715,-9.86537,-7.37881,-16.7713,-19.6295,137.616,-637.328,-682.224,17920,8540,13720
12.2314,-3.63662,3.49288,-18.4687,-11.1651,3.65924,-19.6804,-9.79634,6.30776,22.3174,17.8769,9.40634,2.48038,0.353101,-26.8022,-12.0813,139.08,-636.84,-686.616,18340,9240,14000
-1.16194,-13.25,-1.69832,-21.8453,-21.9972,-2.78827,-25.0785,-21.9138,-8.49433,13.4345,13.4081,3.00462,3.73387,-10.6247,-23.7968,-22.756,134.2,-637.816,-687.592,18620,9800,14140
-8.01293,-7.44869,-11.951,-8.88781,-26.2506,-15.8514,-26.0438,-33.3668,-6.52253,-5.55923,-8.92185,2.3046,-5.66072,-18.2278,-7.51901,-31.2961,131.272,-636.352,-688.568,19040,10640,14700
-1.51932,-4.25969,-12.2317,-13.0964,-31.8351,-22.1745,-39.9586,-40.1515,-0.975715,-2.50003,-2.43069,7.7262,-10.9782,-23.1278,-19.7943,-34.3087,132.248,-633.424,-686.128,19040,11340,14840
-0.156143,8.64138,-6.73014,-1.80643,-15.6913,-9.05642,-15.6267,-24.6897,4.35473,-9.19772,-6.60524,20.8299,-7.27329,-10.2622,-4.75904,-3.98401,130.784,-633.912,-684.176,19040,12460,15260
0.127564,5.23244,0.371181,-1.25647,1.96543,7.10395,11.0919,-18.6532,-2.51622,-6.99655,-5.68179,26.3544,-1.11093,6.47722,8.4344,23.5881,130.296,-636.352,-683.688,18900,13300,15400
0.5473,-0.302012,1.99582,-5.50254,3.13915,10.7682,5.94384,-39.7538,-4.41909,0.718074,1.62822,20.5944,4.81331,6.04589,9.8048,19.4991,127.368,-636.352,-691.008,18760,13440,15540
4.03657,6.142,-1.60311,-1.0453,5.50707,11.9959,0.783121,-58.1578,4.58593,3.46425,4.01869,14.8559,6.31706,4.13787,16.9878,15.198,127.856,-643.184,-688.568,18480,13720,15820
9.72689,12.3752,-7.07042,5.23484,11.7691,8.56417,0.456183,-68.8817,11.2472,3.08808,-1.80565,10.7277,2.5509,2.35698,22.5747,11.9703,126.88,-643.672,-687.104,18620,13440,15960
10.0139,7.29772,-14.4421,3.8368,8.62887,-1.41858,-5.0928,-68.9122,9.79704,6.40122,0.822302,0.632944,-2.3428,-5.36464,15.6781,2.94687,129.32,-649.528,-690.032,18900,12320,16240
14.3631,5.24872,-13.7677,2.27148,8.68804,-3.59229,-7.8551,-58.0332,6.14931,15.3109,6.03576,-2.26064,-6.14738,-6.01578,5.54162,-6.07281,127.368,-642.208,-694.912,19460,11900,16240
-7.27084,-7.44328,-12.4108,5.65119,12.8569,1.76835,15.3909,-15.855,-17.3419,2.16866,-1.26376,-14.7751,-5.04569,2.15141,16.1378,12.0449,135.664,-655.384,-696.864,20300,11760,16520
-16.6042,-7.94661,-8.20273,11.9645,13.0534,1.57517,33.4471,21.1405,-15.8949,-11.0917,-10.7448,-22.1325,-7.07771,5.84112,20.2928,26.7692,136.64,-656.848,-702.232,21420,11760,16660
-3.61983,9.12168,2.72592,23.719,16.3913,2.02141,36.0363,41.4781,6.08324,0.427009,-2.79076,-15.9818,-5.97873,3.76366,19.9062,23.3558,135.176,-658.312,-700.768,22400,12180,16800
-4.96578,0.573868,8.92721,12.9939,10.7354,2.42874,16.9671,55.1939,2.8405,3.01947,0.399952,-18.1968,-7.62281,-5.0532,-4.08155,5.37298,133.224,-666.608,-702.232,23940,12320,17080
-10.599,-13.3362,10.0579,-3.21389,-1.07502,-0.768995,-6.6793,60.1941,-2.15995,6.74617,10.7487,-26.5549,-9.77205,-18.8479,-28.8637,-20.429,133.224,-671.488,-705.16,25620,12320,17500
-21.3814,-18.7074,9.8432,-7.96125,-2.57082,4.23382,-7.22678,77.4103,-7.88007,-2.27109,7.2852,-31.0526,-7.72004,-24.2181,-33.5172,-23.2622,131.76,-676.368,-704.672,26600,12320,17920
1.38295,3.8799,28.6889,12.7446,20.8964,20.7194,15.3593,97.8876,7.40367,8.4586,-1.07072,-4.62324,4.64159,-4.4164,-14.2196,-1.62174,130.296,-678.808,-708.088,27860,11900,18200
15.0146,11.6447,38.287,20.1966,26.0277,27.7121,16.2134,87.1793,12.0312,18.0868,7.50074,7.96042,18.0605,1.1902,-6.20402,3.57891,132.248,-685.64,-719.312,29400,11340,18620
15.7519,5.964,33.6031,7.38279,13.5058,24.329,-0.776076,56.0536,8.65436,10.3895,4.74967,4.68206,22.7872,-2.25725,-15.5308,-2.67259,130.296,-694.424,-715.408,31640,10500,19040
7.77987,-1.08203,19.8115,-1.7358,-0.0901677,14.7454,-7.34099,27.801,-1.13389,-1.29763,-3.58512,-3.82608,20.4692,-3.06599,-9.61926,-5.63322,130.784,-702.72,-717.848,34020,8540,19460
6.02092,0.088255,8.60969,-1.18348,-10.3835,-3.37344,-5.56845,8.91526,-2.68406,-13.5915,-10.4604,-6.19927,16.3571,2.40175,5.02801,-5.03522,129.808,-713.944,-717.36,35700,6580,19880
10.4205,6.52425,-3.15475,-3.54936,-21.1755,-25.8292,-11.8187,-1.17079,10.0033,-22.5059,-23.5252,-6.68052,6.48019,5.6399,4.6604,-9.03518,130.784,-724.192,-718.336,37940,4340,20020
7.08762,14.0229,-11.7274,-0.450389,-23.7893,-34.5399,-10.5115,-3.62643,17.571,-33.8938,-36.8933,-1.77585,0.527823,7.77165,7.28166,-5.56837,131.76,-730.048,-724.192,39340,2800,20160
19.6135,11.1813,0.870517,-8.52436,-20.9916,-29.1321,-10.3688,-16.4233,13.8259,1.60622,5.88227,14.7333,8.28277,13.4795,-2.80026,-4.25255,134.2,-733.464,-725.168,40320,980,20160
11.0373,-5.67052,2.94142,-22.8593,-22.4196,-24.4158,-12.4586,-32.0203,-3.24313,15.3596,27.2006,15.7445,8.21741,12.0073,-11.3392,-4.27561,141.032,-738.832,-727.608,40600,420,19740
-3.43166,-3.44704,-2.792,-12.8021,-13.7419,-21.0312,-2.24158,-46.3578,-2.98016,3.40422,10.8786,13.6426,-2.43732,14.0119,2.95332,4.85674,140.544,-745.664,-719.312,40740,-140,19320
-5.63719,3.97036,-5.86065,1.0714,-5.29497,-14.6487,0.600307,-68.124,-0.462023,1.77848,4.86331,15.226,-10.2586,22.0309,13.3885,10.6621,141.52,-750.544,-722.728,41160,-1400,18900
-26.4293,-9.95554,-20.638,-0.419257,-11.0199,-8.55879,-13.6881,-92.5909,-20.5358,-8.59729,2.62403,0.59174,-14.7855,23.5283,9.46845,7.44476,137.128,-754.936,-713.456,41160,-1960,18480
-18.6715,-11.5335,-21.1084,9.85546,-2.6825,-0.169657,-11.7386,-93.1107,-22.6064,1.11663,-0.338019,4.10352,-10.7107,28.7236,11.962,9.28844,137.128,-761.768,-715.896,42840,-4480,18060
-1.56951,-0.895415,-21.7115,18.4725,16.3047,5.71754,4.2212,-65.1445,-17.2648,9.24828,1.65938,10.6818,-10.397,34.1943,19.1203,17.2594,130.784,-764.696,-708.576,43400,-6720,17220
33.1129,25.8187,-18.121,17.7683,33.3025,11.2258,11.3851,-28.159,12.678,25.2775,16.3202,23.7362,-3.8384,30.4131,18.6991,14.5044,125.904,-765.184,-711.992,44240,-9100,16520
15.4771,20.2498,-23.0371,11.6259,31.8983,15.799,12.0535,13.7299,10.3714,12.8494,19.1884,15.6604,-3.0777,17.79,10.1048,10.7831,132.248,-777.384,-709.064,44660,-12040,15820
-21.9831,3.84647,-29.3701,12.1052,24.1603,18.1719,14.2844,51.6694,-4.90881,-13.573,13.482,0.582432,-6.84037,3.90024,8.27404,10.6409,128.832,-779.336,-707.112,44520,-13580,14840
-3.81945,14.3451,-11.3842,22.1673,26.5185,23.2427,21.2515,78.1942,10.9645,-6.6038,5.03727,15.933,-2.57393,7.85204,14.2447,15,128.344,-778.36,-708.576,44100,-16380,13720
-8.63408,-5.86254,-6.44572,-4.81432,6.62402,20.8893,3.51151,73.5151,3.77107,-1.29551,9.34737,5.5755,-9.93169,-3.55552,-7.90284,3.46917,125.416,-782.264,-701.744,42420,-17640,12740
13.1087,3.02507,13.1967,-8.43098,12.7382,21.8272,0.456746,58.7491,22.008,12.2314,2.34271,16.2644,-8.45743,-7.94146,-12.8132,-1.40043,124.44,-781.288,-694.912,41440,-18900,12180
5.89759,-2.8672,24.3838,-8.78739,18.0607,19.9082,5.83771,41.3032,7.88318,14.8538,-2.65165,12.5842,-6.34316,-6.84646,-9.22473,-0.725655,122.488,-783.728,-692.472,40320,-20300,11340
6.3826,-9.42076,27.9483,-16.9478,6.98496,12.8765,3.03781,20.5824,6.85738,16.4148,0.929044,3.51102,0.356729,-10.1836,-9.6057,-8.38705,117.608,-781.776,-690.032,39480,-21980,10780
-10.3551,-17.1691,19.674,-17.7439,-8.98422,1.76538,0.0851235,0.323503,-0.724745,0.460857,-6.52868,-12.7329,-1.11881,-18.2522,-7.05301,-14.3598,111.264,-777.872,-684.664,38360,-23800,10080
-25.8152,-23.2087,11.7249,-15.6797,-18.3027,-8.40942,-0.630136,-15.585,-14.2785,-16.6672,-14.0487,-23.1768,-1.44978,-24.94,-1.17529,-14.5544,109.8,-776.408,-681.736,37520,-25340,9800
-8.25285,-14.7287,12.0585,-14.9996,-21.7146,-14.2122,-9.87284,-35.1411,-10.0523,-13.8143,-22.495,-14.3743,4.65399,-35.0891,-4.02664,-21.8898,106.384,-771.528,-678.32,35980,-26180,9520
-14.4189,-23.3124,-4.43721,-27.7505,-32.5433,-14.2339,-24.4981,-49.1426,-20.4047,-18.9516,-20.5726,-22.2051,4.47425,-61.4967,-15.3171,-30.1834,101.992,-767.624,-675.88,34300,-27720,9520
-8.59804,-14.7272,-12.9478,-26.0516,-33.2719,-10.7108,-24.6032,-44.399,-13.0247,-19.7074,-16.5079,-17.6598,12.5421,-80.9063,-12.5144,-27.1288,101.016,-765.672,-670.024,33600,-28560,9520
-15.7907,-17.756,-21.2624,-23.1862,-34.9674,-12.0837,-17.546,-37.3246,-27.6657,-27.8301,-22.544,-16.2063,18.2172,-95.4605,-8.29542,-23.8009,84.912,-767.136,-638.304,32620,-29960,9380
-15.602,-24.4769,-25.219,-31.3386,-41.4801,-12.2359,-18.1337,-32.0256,-35.1997,-25.0509,-15.912,-16.2064,23.0831,-106.328,-16.6668,-23.6773,89.304,-760.792,-642.208,30520,-31220,9520
-6.67958,-15.2718,-18.3401,-29.9354,-45.0744,-10.1547,-18.0883,-14.5341,-18.9658,-16.1487,-11.3998,-10.2731,30.806,-99.2116,-22.1205,-16.4271,81.008,-767.624,-623.664,28840,-34160,9100
-3.88368,-8.6355,-8.72246,-19.8731,-39.5016,-6.41985,-13.8765,6.89629,-11.4453,-9.27993,-8.61948,-4.96976,31.5074,-73.7157,-23.855,-9.66458,77.592,-775.432,-598.288,26040,-37380,8680
6.48496,-0.743117,5.52859,-3.94074,-21.0341,1.07136,-5.17957,23.6369,-1.04131,7.55758,4.92222,1.14242,27.1117,-35.3534,-19.4541,-2.33053,69.784,-779.824,-590.968,23940,-41020,8680
20.5938,17.2064,17.7676,26.6414,8.34762,3.69715,12.748,36.99,19.5348,20.0681,11.0342,2.82196,12.1211,18.9777,-0.639758,12.5071,69.784,-773.48,-597.312,22260,-46480,8260
20.2777,25.9786,22.9225,44.9141,26.5116,3.72145,25.3169,46.8769,26.2378,20.7485,11.8384,-8.32624,-4.20127,66.5559,11.2153,24.7962,71.736,-763.232,-597.8,21980,-51800,7420
12.4954,20.6472,23.5496,36.1538,22.8034,2.67501,18.2006,41.5415,22.4286,14.2444,8.87165,-22.4716,-17.9459,94.8413,2.33444,25.5591,70.76,-751.032,-597.8,22260,-54880,6580
6.51351,17.4074,17.6984,25.3004,12.6227,-2.7828,7.02282,18.9695,24.5299,9.05105,9.12167,-30.8031,-28.7011,104.683,1.88489,15.7548,71.736,-740.296,-601.216,22540,-57680,5600
14.2225,27.8317,20.2323,34.0378,19.0384,3.60944,20.4857,12.5701,35.7241,17.6542,18.0924,-19.2682,-24.0687,116.622,27.3176,24.861,76.616,-729.56,-610.488,22820,-58240,4760
12.8273,31.0961,19.169,43.624,28.8653,11.7605,32.8719,10.717,24.4068,18.8624,16.8153,-4.76794,-24.0331,120.882,46.8705,35.5811,84.912,-715.408,-626.592,23660,-58100,3920
8.25434,22.9779,6.78602,31.3843,24.2313,8.66019,18.742,-5.91598,12.5611,13.9384,15.069,-0.647894,-32.1092,109.537,32.2105,25.1353,92.72,-703.696,-638.304,24500,-56140,3220
6.28747,18.5109,-2.37785,19.2398,21.8781,0.524665,3.53046,-25.3734,3.92648,12.0425,15.8445,2.709,-37.4738,91.6471,16.7402,12.8614,100.04,-694.424,-650.992,25340,-53480,3220
-0.197085,12.437,-10.3411,14.5277,26.8667,-10.2922,1.6571,-37.6654,-7.64833,4.9965,9.62512,5.45745,-39.3912,77.4175,20.2916,9.29064,109.312,-685.64,-669.536,26040,-49840,3640
5.38216,11.7166,-11.0386,7.87388,26.7421,-20.2361,0.765963,-40.867,0.953013,3.04963,3.27439,17.8344,-34.9376,63.8615,16.8484,10.1697,115.656,-672.952,-686.128,26460,-46900,3920
4.84234,8.40579,-9.04093,-0.884032,21.1915,-25.8688,-0.601072,-35.5483,5.41226,0.173321,-4.72936,32.0759,-23.1806,45.9387,10.1771,10.0471,121.024,-667.584,-692.96,27020,-42560,4900
3.8158,2.1715,-5.0279,-5.84511,22.0679,-21.2625,3.52328,-18.6523,5.35438,0.49881,-8.86602,47.7128,-10.4918,26.8402,8.11807,11.1187,125.416,-669.536,-690.52,27160,-38780,6300
-5.73212,-13.1236,-6.80711,-17.9671,15.554,-17.3261,-8.14338,-8.93078,-7.2591,-6.71666,-8.81675,50.8864,-1.45236,1.70921,-6.65031,-3.18114,124.44,-684.176,-693.936,27300,-35420,7700
-0.208118,-13.409,-9.22097,-18.1425,9.79966,-18.0915,-20.7438,-10.3271,-2.96779,-6.87417,-2.30193,51.744,0.877101,-11.7074,-16.6947,-20.5748,122,-696.864,-674.904,26740,-31780,9520
-4.00847,-15.9434,-13.0768,-17.2731,-0.290554,-11.0326,-18.6085,-4.31941,-7.39047,-11.5596,-5.44369,44.9876,6.84953,-53.9522,-16.2367,-18.3083,119.56,-710.04,-684.176,28420,-33600,10500
-6.80625,-26.4182,-14.6256,-29.8346,-14.4983,1.46854,-19.8038,0.5201,-17.2336,-9.02255,-7.03385,28.3189,21.0198,-99.7067,-25.2026,-16.5736,115.656,-719.8,-677.832,28420,-34580,12040
-3.55898,-21.045,-12.4581,-25.3564,-7.50827,16.356,-5.17353,14.8917,-12.659,-4.7735,-4.42203,14.2866,31.4154,-111.87,-20.1285,-6.95413,112.728,-738.832,-678.32,28560,-36400,13160
1.4232,-14.1642,-3.52595,-20.5091,-1.30888,28.841,3.34507,29.0009,-8.21001,1.26631,0.358227,0.460364,40.5691,-110.18,-16.4574,-1.28555,113.216,-751.52,-681.736,29540,-37940,13440
-7.92363,-15.8881,0.622607,-17.026,-9.69933,30.6662,3.43278,32.4753,-13.7084,-6.39459,-0.403587,-22.4686,41.7135,-100.814,-11.3149,-5.77023,108.824,-758.84,-677.832,28420,-39340,13580
-19.3074,-13.9728,3.9626,-3.4621,-15.6188,27.6314,9.08698,41.1227,-15.5183,-18.5607,-6.132,-37.1906,37.0721,-76.5482,-2.25723,-5.28031,106.872,-761.768,-674.416,27580,-40600,13300
-12.8108,-5.07314,18.9112,14.3424,-8.25619,27.8336,24.6429,66.064,-13.8332,-13.5897,-11.2291,-32.3427,33.1884,-36.8049,7.65324,10.3179,107.36,-770.064,-671.976,25620,-42140,12460
0.526094,0.540454,24.3618,14.1543,-6.64308,25.6196,19.9839,75.3286,1.26483,-3.51077,0.479252,-29.1707,28.4209,-19.6728,0.224346,8.62261,104.92,-772.016,-669.048,24080,-43400,11900
20.9302,11.7313,23.6509,11.7024,-5.06034,22.4245,1.56515,60.4756,23.4901,14.9988,18.5714,-21.3438,25.972,-15.7283,-10.4313,-8.77747,104.432,-771.528,-663.68,21560,-46200,10780
8.48541,15.2016,14.4677,17.8046,2.88607,20.1952,3.81065,47.1657,15.5397,11.7378,17.343,-19.8583,18.171,-5.57525,2.49006,-8.14146,101.504,-772.992,-672.952,19880,-49420,9660
7.16121,16.8291,10.2659,19.9784,6.95104,18.8216,12.0894,29.9521,10.6508,14.1013,18.2764,-17.5987,10.8276,7.77104,17.9885,-0.706567,101.992,-771.528,-675.88,18340,-52220,8540
-0.551468,4.30585,-0.470361,6.34184,-3.37104,11.3773,3.5332,-5.02046,-5.40661,7.3975,8.71893,-20.689,1.03646,10.1848,13.0879,-3.85189,103.456,-770.064,-682.224,16800,-55300,7420
-7.24081,-7.84184,-16.3771,-14.6223,-19.4589,-5.38753,-18.8526,-51.7921,-14.0125,1.23278,-2.39814,-24.0102,-10.935,0.42437,-4.64891,-20.5019,107.848,-770.552,-691.984,15960,-57120,6580
-10.4233,-7.84151,-27.0837,-22.3689,-19.7398,-17.9082,-27.2079,-85.1743,-12.7975,-2.47836,-11.4256,-22.3565,-16.8921,-3.15584,-7.40437,-27.159,106.872,-770.552,-700.768,14420,-59220,5180
-5.50471,1.41583,-27.0248,-14.6993,-5.9953,-13.1053,-25.2267,-103.45,-1.1734,2.96485,-7.79174,-15.2058,-12.6459,9.7218,-0.865682,-24.812,105.896,-767.624,-711.992,13300,-59220,4480
-4.32031,0.569649,-23.2551,-6.05848,-3.22042,-9.65404,-19.9937,-113.62,-3.15723,6.5168,-3.71433,-13.5208,-13.1542,24.4731,5.73291,-21.9534,106.872,-759.816,-717.848,13440,-58240,4060
-2.2888,3.98911,-12.5698,4.16763,2.23719,-9.09356,-6.9806,-100.824,-1.85353,2.78632,-7.0194,-9.94664,-15.6648,39.3262,12.9366,-12.1179,104.432,-757.376,-719.8,13720,-58100,3920
-3.90159,4.95003,-6.94249,4.87003,3.07793,-10.2935,2.25958,-70.8386,5.82909,-9.08911,-12.9974,-4.33771,-23.2856,48.84,12.1167,-1.99998,95.648,-759.816,-727.608,13860,-58940,4060
-10.9819,-6.14875,-8.31132,-4.93693,-11.23,-20.1525,-5.57929,-46.9584,2.96498,-19.5796,-21.4918,3.08356,-35.0004,42.2616,1.30079,-4.45077,107.36,-737.368,-731.024,14420,-61040,4060
-10.0794,-15.1243,-4.86175,-16.394,-27.1793,-28.8156,-17.292,-28.3018,-3.05164,-13.1127,-14.091,8.49606,-36.8094,31.0768,-12.1885,-10.7786,106.872,-728.096,-730.536,13440,-60620,4340
-7.4513,-13.3472,0.199738,-16.58,-33.4953,-37.2065,-16.5768,-6.43053,-0.662926,-10.0084,-9.12923,15.947,-34.0584,23.1391,-17.7676,-8.66264,101.016,-719.312,-735.416,12880,-58940,4760
-4.58944,-7.77033,8.87663,-8.19284,-24.5911,-35.592,-5.28551,21.5657,0.433522,-4.54639,-3.75573,28.1053,-25.4618,16.9385,-14.5393,5.44543,103.456,-713.456,-735.416,11620,-56980,5040
-10.6847,-14.3535,8.84837,-12.7579,-24.3662,-30.1019,-4.87464,39.3899,-8.26762,-6.13997,-3.86962,25.423,-19.4589,2.18291,-19.7386,10.8384,106.384,-709.064,-731.512,9800,-55020,5040
-4.91914,-3.97353,11.4703,-2.80597,-12.5863,-22.7095,6.01049,57.5943,-0.0353617,-4.85344,-7.18573,30.2957,-7.06717,-3.08645,-14.0946,20.2428,103.456,-709.064,-723.704,7140,-53060,5320
0.02794,8.41799,12.7139,8.36717,4.87871,-15.2364,19.9312,72.4523,4.94974,-1.76316,-4.31353,31.8899,1.56697,-0.63296,-3.74249,34.4007,104.92,-710.528,-718.336,3500,-52220,5320
6.31439,11.3749,8.97433,12.6535,13.7426,-8.36082,22.7205,75.3697,4.52357,0.363277,-0.0330288,24.0863,8.51104,-1.20787,2.38969,39.1552,99.552,-712.968,-708.088,1120,-52220,5740
14.6468,14.1924,10.6178,17.3564,22.2437,3.9608,22.3889,72.9221,8.27167,4.78433,11.9195,18.7421,19.4869,3.53052,6.9823,39.8255,102.48,-711.992,-700.768,-1260,-53900,6160
20.8912,13.9745,11.2405,17.2117,26.4437,15.5845,18.8487,65.3731,8.00612,7.40489,17.3426,11.3729,21.3222,4.01517,8.57625,36.9611,103.456,-715.408,-697.352,-2380,-55300,6440
20.081,11.6827,6.65626,16.6795,29.766,26.0793,21.9883,54.9279,0.475489,3.90562,13.0002,3.16414,18.3224,1.25781,15.3775,38.9085,110.776,-711.504,-701.744,-3360,-57680,6720
18.9437,11.5137,1.19273,16.1647,28.9956,32.215,19.2763,34.4957,-3.30198,2.13059,10.1675,-3.88108,15.9427,-1.60144,21.407,33.3086,112.24,-711.992,-696.376,-4200,-58940,7280
14.8766,6.50468,-7.3963,7.18134,20.9506,31.3001,4.08006,5.60083,-6.88057,3.17715,13.6023,-9.05011,13.2311,-6.72234,9.97478,13.183,108.336,-715.408,-696.864,-4200,-59500,7420
12.108,6.09807,-7.62189,2.25619,18.2053,31.1385,-0.238423,-5.3863,-2.86823,4.94441,13.4996,-7.66103,12.1828,-7.36431,3.44034,3.81357,107.848,-713.456,-695.888,-5040,-58240,7140
7.73046,5.3823,-1.40258,-0.634144,16.6143,32.3155,1.22621,-8.29206,3.95891,8.71077,9.98883,-7.77,10.2157,-9.72533,2.49215,2.03152,108.824,-711.504,-697.352,-5880,-57540,7140
2.35045,-0.323272,3.64724,-10.9222,4.1804,22.2712,-10.9389,-20.9107,12.0408,9.4859,4.76637,-10.8487,8.67877,-24.4353,-8.68031,-17.6278,102.48,-713.944,-695.4,-7420,-56000,7140
-7.99078,-10.5566,1.78574,-16.133,-11.4084,4.06159,-21.3065,-34.8048,4.7097,5.23958,-2.20888,-19.9066,0.570704,-36.2259,-12.6315,-39.6475,102.968,-715.408,-696.864,-8820,-54740,7280
-23.3799,-17.5183,-3.32258,-12.1261,-15.4892,-3.68536,-16.4033,-35.6345,-6.1376,-7.67418,-10.8457,-27.3922,-7.79592,-34.9366,-4.96358,-42.2823,96.136,-717.848,-695.888,-8960,-53760,7280
-25.6256,-5.12212,0.575869,5.56359,-5.68154,-5.5626,0.630383,-23.0075,0.273868,-12.0322,-17.1618,-19.0493,-2.63726,-22.265,11.0925,-33.3749,89.792,-721.264,-689.056,-9380,-52640,7140
-13.7317,4.03717,10.4362,14.4184,4.35715,-2.07833,9.92797,-10.0885,1.19299,2.70774,-11.3029,-6.04844,4.93066,-4.73196,13.5033,-25.5722,91.256,-721.752,-691.984,-9100,-51940,7280
-1.62525,-4.30603,13.8064,7.02095,1.43924,-0.160346,2.7875,-3.04458,-1.28562,14.1843,3.98084,-3.93157,12.068,1.22073,1.37055,-28.0233,87.352,-727.608,-689.056,-9100,-51800,7280
9.21301,-1.18989,8.59195,6.06856,0.524702,0.0890356,-1.91332,-2.80608,9.25106,20.5459,13.9453,-0.00269328,8.911,6.51636,-4.17164,-29.3198,81.496,-720.288,-684.664,-9240,-51940,7140
4.84609,-0.344659,-4.59902,2.87091,0.608841,-0.0216122,-2.69037,-4.08204,7.41568,11.8703,6.37233,-3.13713,-0.716474,11.4244,-4.52627,-25.5548,79.544,-719.312,-681.736,-9660,-52080,6720
-0.305659,-2.62245,-9.41725,-1.08484,-1.09351,-3.19517,-4.25526,-9.79326,-0.327871,4.05892,0.330008,-7.46824,-6.4953,20.4181,-5.21782,-20.6843,80.52,-721.264,-679.784,-10220,-52780,6160
-3.48328,-3.46315,-7.99324,-2.02139,4.22776,-3.7581,0.987519,-15.4517,-9.12624,0.38427,0.0549688,-8.82196,-8.41029,38.0357,0.924769,-6.23723,82.472,-722.24,-678.808,-11200,-53760,6020
3.57344,8.41657,-5.48171,0.432866,9.83725,-11.3665,1.13928,-26.3892,3.7498,1.11109,1.98318,-2.593,-5.10135,47.1958,6.62102,0.297941,84.912,-720.288,-678.32,-12040,-55020,5180
13.0333,19.3158,-0.822983,4.90594,15.9867,-13.2599,0.215832,-32.8558,13.126,4.82546,9.31247,7.26017,-5.56397,56.1485,11.6522,7.5603,87.84,-724.68,-676.856,-12740,-55720,4620
4.49297,4.51063,-2.7979,-4.25773,13.555,-8.47995,-8.66206,-34.2351,1.40461,-1.80811,12.616,4.36758,-9.53724,52.5439,2.65428,8.31354,84.424,-732.976,-674.416,-13020,-56420,4060
1.18034,1.53312,-6.05564,-5.7551,9.08426,-3.52405,-4.55943,-19.7484,1.80903,-7.48317,5.01118,6.75353,-12.2662,28.1657,-0.22714,16.0747,85.4,-737.368,-673.44,-11900,-59500,3500
0.724882,2.17306,-7.61865,-3.0663,-0.597165,-4.84341,4.49606,-5.62234,1.273,-8.83631,-3.88168,8.81158,-10.3891,-2.96907,4.08687,23.8813,80.032,-744.2,-676.856,-11340,-61040,3360
-2.61994,-5.74904,-5.76627,-9.67965,-18.6262,-11.241,-7.00155,-4.07498,-2.43716,-8.11753,-9.28434,4.87474,-3.17416,-30.2016,-4.13104,17.7272,79.544,-746.152,-673.928,-9940,-62020,3080
-7.33845,-10.5316,-3.73645,-11.5928,-27.9188,-16.1541,-11.0735,-1.53014,-7.03929,-12.9243,-13.8798,4.25916,-0.771745,-43.2621,-4.70495,20.3916,81.496,-748.104,-677.832,-8680,-62860,2940
-6.37991,-6.46981,4.52726,-6.89734,-24.8785,-12.031,-4.94139,3.98745,-6.83575,-13.1638,-14.7291,11.134,0.33659,-43.6621,-3.40464,22.938,83.936,-743.712,-672.464,-8400,-62440,2520
-5.62513,-1.60928,12.4933,-1.41811,-17.2752,-4.32346,4.44703,17.4456,-7.29163,-12.1744,-16.9695,16.1911,-0.0861135,-35.7437,-4.16273,24.6407,82.472,-746.152,-669.048,-8260,-61740,2100
-6.33591,-4.41326,12.2123,-5.18235,-15.9437,-1.14011,3.38813,22.2917,-12.0234,-10.6025,-16.303,14.8239,-3.9184,-29.8396,-12.8557,17.9184,80.52,-743.224,-670.512,-7980,-61180,1680
-0.772749,-0.462427,9.16551,0.0754988,-11.2732,4.51295,8.99914,31.4129,-6.15936,-6.00638,-9.51786,13.7393,0.273319,-23.9076,-4.44756,16.3812,82.472,-739.32,-670.512,-7700,-60900,1120
8.29515,8.10376,5.78611,9.77472,-2.96668,8.63239,11.182,34.0196,6.85743,2.35568,2.59195,11.9387,7.80171,-15.5789,4.14822,9.55308,82.96,-737.856,-669.048,-7700,-60060,840
0.72702,-2.45716,-1.05225,1.18376,-1.81416,10.809,2.06973,31.7504,-5.44483,1.41857,5.45062,-0.198648,8.65896,-10.1747,-5.20565,-0.245645,84.424,-734.928,-673.928,-7280,-59360,560
2.56978,-5.79391,-5.53116,-4.45668,-0.298888,10.0061,-2.44119,30.123,-4.36264,0.657151,6.91598,-8.33114,7.15442,-9.23152,-8.10729,-3.45936,84.424,-731.512,-672.464,-6440,-58100,280
1.98983,-2.95348,-11.2892,-4.24568,-0.948465,5.8097,-6.6826,17.6957,-2.96345,-0.0909237,6.36944,-13.6101,4.89458,-10.5358,-6.12231,-13.0669,78.08,-727.12,-673.928,-5880,-57260,140
-11.3904,-11.2101,-18.6669,-6.3367,-2.69365,-0.14672,-7.26299,10.2472,-15.6902,-8.78831,-4.13892,-17.7079,3.94887,-10.0322,-6.33406,-18.1714,78.08,-726.144,-680.76,-4900,-55720,140
-6.56853,-6.04026,-17.0434,-0.550069,1.55368,-2.62978,-3.83904,-0.0661705,-9.49552,-2.5354,0.369639,-13.4595,0.0747603,-2.34438,-4.82876,-17.6877,75.152,-724.68,-678.32,-4340,-53620,-140
0.261955,0.522659,-11.9539,5.11779,5.16831,-3.19998,1.21984,-7.92502,-1.64627,5.24064,1.86836,-6.29782,-3.29161,4.74933,2.41985,-13.3858,71.248,-719.8,-680.76,-3780,-52360,0
-0.538661,-4.26652,-8.78106,-0.993819,1.79262,-0.995254,-2.73244,-15.2593,-2.60588,7.71848,1.85631,-5.53842,-3.39625,6.02732,-2.05429,-12.6454,71.736,-723.704,-680.76,-3080,-50120,-280
0.841083,-3.69864,-1.80118,-0.204957,4.08526,6.11862,-0.874281,-19.9267,0.946407,8.04285,5.14672,-1.87206,-0.17196,14.3359,1.74036,-6.09016,70.76,-726.144,-680.272,-2520,-49000,-560
2.06743,-0.8967,5.07382,6.30252,8.82603,7.71122,2.3035,-21.6922,5.78235,6.98258,7.81294,3.91744,4.40925,20.5977,9.34082,-3.44535,69.296,-721.752,-684.176,-1680,-46900,-560
5.3702,7.22536,8.17102,15.2795,9.62087,3.01516,5.39387,-19.9321,14.7624,7.81932,8.61494,7.33574,1.96202,22.1204,14.5762,-5.53595,68.32,-721.264,-685.152,-560,-45080,-700
5.84263,7.65826,10.7549,15.6387,9.14854,4.65318,6.6517,-11.1823,14.4472,6.58564,6.13417,7.40749,5.17837,21.0663,12.1578,-4.76315,67.344,-718.336,-683.688,0,-43820,-700
6.25881,6.19538,15.4227,9.44604,9.5326,10.3043,3.17472,-3.91315,10.292,8.45167,4.51793,6.35791,11.9389,22.9289,2.09842,-5.43444,67.832,-715.896,-690.032,700,-41580,-700
11.1687,10.239,16.6774,11.1138,11.5409,8.6082,5.37718,-1.27411,14.0896,11.5968,3.50677,8.50955,12.5642,20.625,4.84248,-2.13138,65.88,-712.968,-688.568,1400,-39760,-700
2.49058,3.61083,7.6335,3.64158,3.07019,4.33025,-1.61687,-6.30366,7.38974,3.3596,-2.01756,-0.90558,5.51605,9.94559,-1.57684,-6.85862,62.952,-711.992,-688.568,2240,-37800,-420
-10.9553,-0.778851,-2.36051,-2.55976,1.51939,9.30522,-0.708793,2.21243,0.913437,-11.8023,-11.0757,-9.18117,-3.76639,10.6994,-5.01729,0.138564,61,-711.504,-694.424,2520,-35980,-140
-14.8983,3.30313,-3.85249,3.39278,9.34595,12.2281,10.7527,13.1923,-4.89098,-17.2364,-15.2187,-4.84264,-5.60927,12.825,8.72184,12.7266,59.048,-711.992,-691.496,3080,-34860,140
-4.60202,2.11471,0.00601913,-3.06238,2.96765,4.88593,4.59997,10.2209,-3.13817,-0.747718,-4.45141,-1.11893,-1.42529,2.87045,5.55396,6.29678,57.584,-713.944,-695.888,3780,-33320,280
7.1111,-3.86279,2.65647,-19.0123,-9.4568,-3.97909,-8.976,0.627323,3.10462,13.0102,10.3954,-4.49461,2.53664,-10.0197,-8.79837,-2.69476,57.096,-711.016,-697.84,4200,-32340,560
-1.57551,-5.45715,1.61599,-20.3367,-9.79193,-10.904,-9.1391,-2.95906,-2.95321,4.54154,1.93243,-6.97196,-0.0765317,-14.8935,-6.41519,0.038477,58.56,-714.92,-693.936,5040,-30940,700
-8.51436,-5.26195,-1.00482,-17.05,-7.9448,-17.0794,-7.98523,-7.69681,-9.43186,-0.722741,-2.00098,-11.7034,-7.75045,-18.4736,-5.60132,1.5812,58.56,-716.872,-698.816,5040,-29680,700
-7.10525,-3.07995,-1.90314,-14.1128,-11.8364,-23.3128,-9.41346,-12.8917,-7.63663,-2.69569,-0.311115,-14.7183,-11.058,-22.3546,-5.42886,-0.958284,59.048,-716.872,-700.28,5880,-28700,840
-4.9841,-2.5125,-1.97582,-10.6528,-8.62669,-21.4012,-5.90427,-5.68543,-4.90108,-4.73227,1.38012,-9.94005,-8.71015,-17.2641,-5.23839,4.43326,57.584,-719.312,-701.744,6160,-28000,1120
4.90375,6.18007,0.0921712,0.855327,1.36397,-21.8199,4.24157,1.06455,2.43779,-0.201027,3.4676,1.60085,-9.46458,-8.85239,4.35721,12.655,61,-721.752,-702.232,6720,-27720,1260
9.61205,9.21709,-0.737107,3.86111,2.76141,-30.607,3.68153,-0.514748,5.74815,1.74795,3.42889,4.13791,-10.8355,-9.50882,4.86389,10.8344,59.048,-720.288,-693.936,7280,-27020,1680
13.1487,6.83406,-0.675872,-1.05646,-0.756252,-29.4502,-3.37868,-2.5994,8.39067,1.90742,6.29476,4.96063,-10.4527,-12.6715,-7.83719,3.83107,61,-725.168,-697.84,7420,-27020,2240
7.88059,3.05824,-2.41045,3.10138,-1.59647,-13.5195,-0.114841,1.86752,4.78095,-3.11609,1.70939,6.0265,-10.143,-11.0523,-2.77104,1.64635,61.488,-724.192,-697.84,7980,-26880,2520
8.62929,3.71899,1.96492,8.57137,6.18272,12.9184,4.98697,13.4641,4.00689,-2.48172,-0.87896,10.5845,-5.6451,0.409278,0.540385,4.66862,61.488,-727.608,-697.352,8260,-26880,2940
5.68155,-0.28441,5.12753,9.73824,9.26189,29.3231,10.5869,24.2727,-0.211974,-0.271494,0.491575,12.7442,0.401262,8.50936,4.32139,9.30914,61.488,-728.584,-695.4,8540,-26880,3080
-2.855,-8.65175,-0.289954,3.11169,2.13065,28.8724,7.024,20.5085,-7.73654,-4.91446,-3.21568,6.33067,2.79653,4.40633,2.67896,4.27625,62.952,-728.096,-693.936,8680,-27160,3360
-4.56906,-10.0104,-3.83071,-2.84893,-2.36822,22.486,-2.90993,5.04907,-8.97451,-6.27274,-4.13468,1.10205,-3.16444,0.726034,-3.90632,-7.77969,61.488,-727.12,-689.544,9100,-26880,4060
-0.881849,-5.09174,-1.74624,2.66512,-3.18627,16.5089,-4.64149,-2.63771,-4.03455,-0.464354,1.68672,3.20004,-0.386264,0.414708,1.08473,-11.5,60.024,-724.68,-687.592,9100,-27020,4060
5.20211,3.50347,3.48562,12.3188,3.8937,19.0007,1.54085,-1.41407,3.63801,5.43248,6.88515,9.82329,3.62509,10.5225,7.37344,-7.13006,57.584,-725.168,-685.152,9240,-26740,4480
4.25446,8.89678,4.00571,17.6247,10.2519,21.6546,9.75252,3.54874,7.45467,1.19606,3.62707,9.83712,3.77216,19.2253,10.3333,-0.710657,59.048,-723.216,-687.104,8820,-26880,4620
0.778841,13.5153,0.763771,17.6059,10.8912,16.5853,11.4884,5.42688,8.10117,-6.51327,-5.91279,10.8324,3.70505,20.4392,9.83256,4.37181,60.024,-721.752,-682.712,8680,-26880,4760
-10.0012,-0.549838,-4.9318,5.7142,3.33849,7.02409,4.43343,-1.06746,-11.1881,-8.75956,-8.77106,1.67015,1.08627,15.2698,-0.129875,1.31326,58.072,-720.288,-686.616,8400,-26740,5040
-7.96029,-9.00211,-4.04827,-5.48994,-3.64096,-0.98382,-3.87855,-8.32449,-14.2773,-0.341744,-0.167335,-4.14882,8.50834,8.07623,-12.1637,-5.96849,59.536,-720.288,-686.128,7980,-27020,5320
-3.71944,0.200459,-5.61621,1.31705,2.52368,-5.91761,0.824465,-10.0243,0.991239,-1.64727,-0.0900991,-2.93181,11.0146,10.1484,-2.52514,-3.78278,59.536,-717.848,-691.496,7700,-26880,5460
-2.09727,5.75002,-6.25986,9.78485,9.15112,-5.95524,6.63344,-7.53133,5.18519,0.42184,-3.09079,-1.25401,11.8844,13.0534,11.3341,4.35328,57.096,-716.384,-688.568,7280,-26600,5600
-0.643694,-2.54233,-3.73565,-0.654216,1.54575,-9.20449,-5.39706,-16.2522,-0.673204,7.6001,2.7004,-5.89683,12.7192,6.28744,2.01627,-1.40037,58.072,-715.896,-689.056,7280,-26040,5600
7.35544,-3.24704,-0.385383,-2.73565,-0.869181,-11.6335,-8.57672,-21.1798,4.17914,12.89,7.42788,-5.80095,10.4789,3.54578,-0.11072,-4.47294,55.144,-715.896,-688.568,7000,-26180,5600
-1.14806,-9.92472,-4.90138,-7.10728,-5.27597,-14.9701,-11.2635,-20.9405,-3.95751,6.63538,3.4014,-10.1982,5.79517,-1.69379,-1.36194,-7.76818,56.608,-717.36,-691.008,6860,-25620,5740
-8.23474,-12.0392,-4.52769,-10.436,-7.36185,-13.2683,-8.41349,-14.2294,-9.98572,0.232554,-2.65726,-10.6965,5.08356,-6.70847,-2.36624,-4.38481,53.192,-716.872,-689.544,6720,-25060,5600
-1.43759,-1.34666,2.15689,-5.53085,-2.53244,-7.41515,-3.91186,-8.90271,-0.538533,3.71181,-1.81584,-3.08545,6.73836,-4.90037,-3.91094,1.34926,57.096,-720.776,-692.472,6720,-24780,5460
-2.9112,-2.26493,2.03064,-9.00035,-6.65738,-10.803,-9.00373,-8.39125,-3.02262,2.5811,-2.48718,-3.36192,4.76091,-14.0209,-11.1257,-5.68014,53.68,-722.24,-688.08,7140,-23940,5460
-0.802609,-2.23778,3.14197,-8.58409,-4.8781,-5.97625,-2.28062,3.31985,-1.33949,3.16894,-2.9204,-2.05992,3.65256,-14.1818,-8.07565,-1.39833,53.192,-722.24,-687.592,7000,-23240,5320
2.26886,3.74985,5.26437,-0.648375,-0.473645,1.03243,6.57332,14.2461,5.26824,3.15526,-4.55576,1.49309,7.13433,-11.5769,4.8639,8.00462,51.24,-726.144,-687.592,7280,-22680,5040
-1.84193,4.07467,3.33998,1.54788,-1.57118,4.72956,11.1422,20.5385,4.86097,-1.2784,-7.31228,0.674434,2.78998,-11.7058,12.3538,13.1708,52.216,-726.144,-683.2,7140,-21840,4760
-1.77538,1.68397,2.6024,-3.76096,-5.71865,6.55,2.68675,20.883,6.17645,-3.42892,-7.51041,-1.01723,-3.12338,-10.7245,0.650233,7.05902,49.288,-728.096,-686.128,7000,-21140,4620
2.24651,5.768,3.61057,-2.11216,-5.77825,6.63481,-4.90161,17.2702,11.2915,-2.1501,-2.70978,2.35718,-3.63079,-7.5196,-9.15108,2.54849,49.288,-732.488,-683.2,7280,-20860,4340
-6.54677,2.61842,-1.54188,-5.36689,-10.3459,0.264656,-11.5317,7.16568,6.81815,-11.1958,-1.90269,-4.76288,-7.08,-14.0348,-14.8229,-4.04988,46.36,-733.952,-685.64,7420,-20580,4060
-9.08456,0.337717,-1.87222,-3.90702,-7.85738,-4.42561,-4.46051,6.53902,-2.60189,-13.6577,-4.36663,-7.52025,-9.39126,-15.5022,-2.64524,-2.84401,45.872,-735.904,-680.272,6860,-20720,3640
-6.69308,-8.06418,-0.87881,-10.5315,-10.6719,-3.48656,-0.617772,10.7855,-11.489,-9.71848,0.174811,-8.20632,-9.87161,-13.7863,-0.98429,1.27053,46.848,-734.928,-680.272,7280,-20860,3220
3.92052,-9.34841,1.61909,-17.6693,-18.3566,-4.20017,-11.5734,4.98718,-3.48193,-2.02393,6.4271,-2.82196,-6.13955,-20.0961,-11.3129,-8.29896,43.92,-736.392,-681.736,7140,-21000,3080
4.17055,-0.685487,4.45415,-7.95322,-10.1458,1.663,-7.9694,7.30824,0.00420517,-1.08017,4.48802,7.49109,-5.97941,-13.6698,-7.44441,-7.94423,43.432,-733.952,-684.664,7280,-21420,2660
2.11898,-2.19354,5.54362,-9.53995,-7.63312,6.27819,-5.87879,10.2893,-5.39434,0.687429,6.28338,10.5644,-6.24947,-9.36767,-8.9095,-6.43381,46.848,-735.904,-685.152,7140,-21560,2380
-7.97194,-14.5152,-1.93262,-18.6269,-15.5562,-0.155384,-7.12799,1.51968,-20.8869,-5.44088,1.03719,0.804018,-11.2493,-13.5762,-8.74327,-11.8596,46.848,-734.928,-684.176,7420,-22120,2100
-9.70928,-11.8262,-6.99063,-10.664,-13.2832,-6.35998,-4.14979,-10.1917,-17.2777,-8.14098,-4.56007,-3.81737,-20.0305,-12.5349,0.0467678,-13.3798,47.824,-733.952,-681.736,7700,-22540,2100
-2.26524,-3.03166,-7.10961,3.08154,-2.54305,-1.33976,8.84419,-7.49943,-5.10855,-4.89805,-7.05652,0.85741,-22.8209,-2.04545,12.5969,0.802288,42.944,-735.904,-683.688,7700,-22540,2100
1.0193,0.92732,-6.162,5.4155,1.51748,3.18919,14.1446,-0.445617,0.318903,-1.65485,-6.50677,0.620439,-22.1876,3.39174,14.6462,8.85298,45.872,-738.344,-685.64,8260,-22960,1960
5.25286,10.3858,-5.79612,8.44485,3.8642,-0.0967966,8.90812,-7.29933,10.447,1.20152,-2.57492,1.19841,-25.2665,7.60095,7.06091,1.54426,42.944,-735.416,-682.224,9100,-22960,1960
6.32484,18.3748,-3.6867,16.0968,12.4411,-0.415514,10.2607,-10.2022,13.6854,-0.167705,-7.2103,7.28425,-22.0205,12.4108,5.41598,0.81886,42.944,-736.392,-682.224,9100,-22540,1960
-1.25197,5.57722,-6.16735,10.435,14.5321,-0.772158,6.2004,-12.2894,1.32395,1.81367,-4.22209,3.67021,-19.3762,16.5302,0.304157,0.448752,39.528,-733.952,-685.64,9940,-23520,1960
-1.84297,-4.38943,-6.18861,4.68152,13.1605,-3.91009,3.56859,-15.3923,-4.05508,7.97812,3.77849,1.19101,-12.8077,16.3802,-1.59825,-2.18531,39.528,-732.976,-686.616,10640,-24360,2240
15.5837,8.11736,4.37011,14.409,22.7634,1.79059,9.98873,-9.36335,13.3313,19.7236,10.8395,9.95121,-2.95212,27.6508,4.94916,2.45793,41.48,-733.952,-683.688,11480,-25060,2240
19.3594,12.5121,9.24071,21.1008,29.6896,9.28671,14.3302,-4.05339,18.0425,19.4828,18.3458,11.762,0.31506,40.8496,8.05606,9.83518,39.04,-732.488,-680.272,12040,-25620,2520
25.8982,21.8301,14.1859,41.0253,46.0741,15.3843,25.1765,2.70068,25.534,22.0044,26.7521,16.5389,8.25915,59.0456,25.1685,21.6839,38.064,-729.56,-680.272,12740,-26180,2660
24.4718,23.3018,17.4304,46.6008,51.8338,12.9595,26.7395,5.97649,21.2793,19.9609,27.3854,16.9569,16.6105,62.5673,27.6824,23.5327,35.624,-731.024,-679.296,13440,-26880,2520
20.3007,17.2515,19.4366,37.9087,52.3322,13.0304,19.4223,5.55955,12.2169,17.404,27.903,9.80373,19.526,68.7686,14.6524,20.4619,31.232,-726.632,-674.904,14000,-27860,2800
15.2436,14.4706,17.8957,36.1301,54.6119,13.7805,17.2,2.77129,8.97972,14.278,20.711,5.45134,31.4366,68.7191,13.8949,17.7649,34.648,-729.56,-675.392,14140,-29680,2800
24.6179,24.6496,17.292,41.9648,59.8999,11.1896,18.4774,-2.06424,26.8058,17.4374,19.1785,7.20781,40.7501,68.3891,22.6762,15.2832,29.28,-726.632,-674.904,14560,-31500,2940
22.8549,24.7116,15.1508,39.8271,56.2842,11.8898,13.8581,-1.32964,29.7767,11.935,13.8851,4.03331,58.17,60.6632,23.3191,13.4331,25.864,-727.12,-669.536,15260,-34580,3360
10.2663,16.4119,12.4754,34.9683,44.7253,13.112,7.41822,1.21632,13.66,2.92542,7.14537,-5.18237,81.6686,41.9775,18.2,11.2364,8.296,-722.24,-693.936,17360,-35700,4060
-9.54692,-3.65567,5.32258,1.53588,-2.92312,4.09476,-9.72686,9.56727,-4.94397,-12.0884,-9.67147,-19.9311,118.361,-31.452,-4.0812,0.977386,8.296,-752.496,-606.096,23940,-43540,7140
-45.6351,-45.6165,-8.77154,-87.5893,-101.573,-22.3476,-54.218,11.4926,-43.9647,-39.1559,-41.9021,-49.6311,120.793,-155.425,-52.6868,-37.0906,46.848,-720.776,-725.168,23520,-144900,13160
-57.0429,-59.3292,-24.5495,-113.866,-134.851,-30.7745,-65.3813,7.52196,-62.799,-42.8741,-52.6465,-68.3801,43.9164,-157.871,-61.062,-49.2911,34.16,-711.504,-726.632,24360,-117740,9940
-50.8274,-53.3004,-32.0745,-96.1312,-126.952,-33.1109,-56.6783,-0.24922,-55.3233,-34.5163,-50.79,-52.6248,-5.61599,-134.684,-48.8675,-42.4815,25.864,-720.776,-699.304,22260,-92120,6860
-47.6945,-47.6313,-32.4026,-82.6961,-113.67,-31.9639,-46.8624,-5.43298,-46.5676,-31.8018,-39.0364,-29.8814,-41.9696,-108.21,-38.5012,-29.6507,34.648,-720.288,-693.448,23100,-77840,5320
-35.8143,-34.5259,-28.6713,-61.2864,-88.8102,-25.2515,-32.4352,-7.32644,-32.6351,-26.0131,-19.0211,-4.57728,-72.6415,-74.9707,-23.7884,-11.85,38.552,-713.944,-681.248,21980,-74480,5180
-17.3544,-16.1407,-20.0152,-33.1678,-57.8015,-16.3284,-18.3086,-14.207,-14.9487,-15.169,0.525276,19.6588,-92.8046,-46.4035,-7.64813,-1.71016,42.944,-716.872,-689.056,20860,-71680,5040
-6.85625,-0.863147,-15.3252,-6.70513,-23.2351,-5.41458,-0.764624,-10.2033,0.58315,-9.89559,2.94292,41.8279,-103.914,-16.2389,4.85666,11.2253,45.384,-717.36,-687.104,19600,-67900,4900
-0.825528,10.5076,-15.4091,10.2124,3.32056,1.82529,12.8596,-1.34623,10.9239,-6.26453,-5.8108,55.9675,-100.951,4.64175,14.4596,22.9109,46.848,-720.288,-684.664,18480,-61040,4760
7.25941,12.5613,-12.4201,20.2135,23.391,8.5209,17.5198,1.47669,11.4191,7.5816,-7.47253,51.8812,-91.4402,28.6365,12.8862,24.0628,43.92,-722.24,-680.76,17780,-55300,4760
21.2005,11.0315,-3.05971,13.1941,30.3941,12.2086,7.59495,-0.876742,18.4233,21.6352,-1.05342,38.32,-65.4221,35.9804,-10.4199,9.13436,40.992,-726.632,-676.856,17360,-51800,4760
24.6603,13.4862,9.90486,14.9499,39.9486,18.4702,8.41337,5.84487,24.2991,23.5166,4.99634,19.389,-34.1727,43.5552,-15.0735,1.83894,38.552,-729.072,-679.784,16520,-48160,4760
21.9472,18.4521,16.8264,28.2011,51.377,13.9082,16.9022,5.45217,24.8459,19.1354,9.67785,-1.34301,-13.6934,45.6243,4.39287,-2.79298,41.48,-732,-674.416,16380,-45780,4620
3.10031,16.4777,12.1604,40.9208,55.2849,7.36448,27.9362,8.73905,11.6801,-2.02703,3.06649,-23.0641,-3.79222,46.2128,25.8075,-1.36082,34.648,-732.976,-677.344,16660,-43120,4760
-4.91795,9.94198,13.7718,37.5607,44.6975,4.63849,25.0471,13.4446,1.37044,-4.17144,2.92251,-33.2101,10.4546,40.3325,22.3781,-3.57446,31.232,-735.416,-677.344,17220,-40600,4760
5.67572,1.89375,17.4694,20.6956,27.5643,4.31297,12.7211,7.04696,1.06308,13.8068,17.4035,-31.2382,21.7392,32.726,5.92157,-10.2295,32.696,-732,-680.76,17640,-38500,4480
17.0061,3.35226,18.3604,9.9034,16.4767,1.7297,5.89188,0.973736,9.74738,23.8805,25.6087,-22.6479,29.3353,23.3507,-2.32542,-13.7083,32.208,-732,-680.76,17360,-36120,4340
17.954,11.8818,15.0906,19.0518,20.3734,1.63174,11.2901,-4.42859,15.3592,20.6077,24.1723,-12.6098,27.0406,27.7884,11.4129,-10.0133,26.84,-731.512,-685.152,16940,-33880,4340
18.9776,15.6196,13.8703,26.8122,26.2746,11.3396,15.8058,-0.59307,19.553,15.9003,22.6798,2.56901,36.8881,30.0455,22.5516,0.384419,27.816,-732.488,-684.176,15960,-31640,3920
18.044,14.8828,9.1294,21.5969,21.1403,11.1188,9.24417,-4.31139,17.0432,9.50558,17.7659,14.3425,38.9531,22.9499,17.3516,2.95665,24.888,-734.44,-680.76,15820,-30240,4060
13.5202,12.7801,1.63541,17.4659,16.8577,6.55099,9.23721,-4.07531,9.41202,2.05635,14.4182,19.0996,35.7934,16.534,14.9457,6.49329,24.4,-732.976,-682.224,15680,-29260,4200
12.6914,11.76,2.09806,16.4711,15.6969,4.87256,11.8451,-1.64335,1.55219,3.72714,13.9103,24.3932,36.8413,12.5343,17.095,11.6409,21.96,-736.88,-675.392,15540,-29120,4200
6.41672,2.96534,1.05084,8.72325,8.44915,1.45061,9.13593,-2.26322,-11.5825,2.14432,5.12844,24.6808,32.5924,4.50711,13.8028,11.0771,21.472,-735.416,-675.88,15400,-29540,4200
5.33923,-0.586881,-1.60009,-4.24214,-1.52977,-3.20631,0.52658,-4.38816,-7.41977,-1.6677,-4.8942,20.7809,28.7425,-4.64379,-1.94304,4.98754,18.544,-734.928,-680.272,14840,-29400,4200
2.7134,1.66507,-1.14113,-4.52492,-5.48616,-6.60301,0.00285299,-2.7294,-2.63031,-5.54631,-10.9997,15.45,24.9816,-11.387,0.0800125,4.64126,19.52,-735.904,-677.344,14560,-29820,4060
-5.77359,-5.04673,0.657284,-5.04399,-8.64595,-2.96553,-1.77859,1.01296,-10.9008,-7.89828,-9.17309,2.09106,18.4272,-11.6283,1.64109,3.64044,20.008,-739.808,-679.784,14000,-29960,4060
-13.7443,-13.5142,-1.54888,-14.6939,-15.5844,-3.29892,-11.8398,-2.63073,-16.7991,-13.3487,-11.1896,-10.2128,8.2149,-13.0274,-11.4545,-4.6515,20.984,-740.784,-681.248,14000,-29820,4060
-6.56979,-6.38761,-0.169037,-7.60352,-9.87848,-4.55471,-6.45494,-0.37447,-6.47264,-7.81608,-4.98154,-8.98709,5.85452,-13.4392,-1.72415,-2.58481,24.888,-737.856,-677.832,13860,-29960,3920
-5.95074,-3.06863,-1.77822,-4.51656,-7.70018,-3.97309,-7.07422,0.251113,-2.14955,-6.18497,-3.69946,-9.76573,1.99685,-13.7422,-3.08488,-0.12887,23.912,-737.368,-681.248,13580,-29400,3920
-9.58916,-7.6934,-7.86468,-15.0245,-17.7427,-6.29463,-18.8472,-1.58221,-0.358124,-10.6419,-11.1078,-15.8358,-5.88991,-20.1076,-21.1257,-4.6174,25.376,-735.416,-678.808,13440,-29120,3920
-6.29722,-5.98163,-7.21312,-20.8401,-21.203,-5.33072,-20.5789,-3.31655,3.87188,-6.89607,-9.52627,-15.1296,-9.9055,-21.3916,-26.1603,-4.51445,27.328,-740.296,-679.296,13440,-28700,4060
-5.57303,-5.24408,-4.68532,-19.2006,-18.9516,-1.71602,-11.9111,3.63019,-0.208335,-6.11745,-8.3821,-12.9412,-12.1573,-17.1328,-17.5308,3.68191,27.816,-735.416,-679.784,13440,-27860,4060
-18.1477,-13.1,-10.66,-19.068,-20.6725,0.160749,-5.01691,8.29214,-15.4739,-15.1026,-14.6057,-19.6921,-20.335,-16.658,-9.93729,8.45556,27.328,-737.368,-682.224,13860,-26880,4340
-21.5981,-14.5303,-11.0702,-21.0468,-18.907,-0.0617115,-7.61844,3.80113,-18.419,-15.9376,-16.7399,-22.3551,-28.7735,-16.6461,-12.9368,6.65715,28.792,-734.44,-682.712,14280,-26040,4620
-6.29216,-1.23435,-2.51049,-8.07062,-4.60534,1.40895,-1.4229,3.35505,-2.96094,-1.29392,-6.94136,-11.369,-31.8705,-2.79727,-4.20778,11.4284,20.984,-738.344,-684.176,14560,-24500,4900
-0.789502,3.05338,-0.884422,-0.890484,0.403484,1.17026,0.363116,0.873642,3.55564,6.22875,0.961361,-6.69997,-31.2001,2.29932,-0.17243,9.16011,28.792,-730.048,-687.104,14700,-23660,5180
2.7359,5.49733,2.19535,7.4346,4.85564,6.81424,7.35433,8.61085,9.95092,9.77103,7.67703,-2.69874,-24.6584,5.31411,12.2623,14.4433,27.816,-729.56,-686.128,14840,-22680,5600
2.23094,-0.0127661,0.855707,0.78583,-0.665318,6.89151,3.51957,8.43966,9.32304,8.85098,9.30417,-6.8664,-22.1661,6.79911,9.08308,10.8064,28.304,-733.952,-686.616,14980,-21560,5600
-0.252201,-5.14067,-1.62463,-7.73149,-6.88331,-0.85564,-5.48831,2.1924,6.21636,7.9815,4.61138,-10.9834,-17.677,3.71979,-4.09016,-1.35499,28.304,-729.072,-683.688,14700,-20020,5740
-0.0505359,-0.987851,-1.99405,-3.18903,-4.92973,-5.09502,-3.65538,-2.27929,10.1397,9.82018,3.43393,-6.48753,-9.5608,1.18269,-0.984563,-8.6382,30.256,-731.512,-683.688,15120,-18760,5740
7.49356,8.63159,3.76748,6.82375,2.31752,-1.90928,4.00932,-2.20596,16.5758,13.5008,6.84595,2.64808,0.554158,4.28947,8.03674,-8.2162,28.304,-727.12,-679.784,15400,-18480,5880
9.93262,11.94,8.38624,13.5935,8.17069,3.43583,7.55314,-0.780493,14.5859,11.9453,8.32996,12.5714,10.704,8.23415,12.5845,-5.47587,25.864,-730.048,-681.248,15540,-17500,6020
5.08715,6.40913,4.50062,10.7889,6.84163,1.15527,4.70288,-9.92861,5.45459,7.29165,9.89659,16.0541,12.4225,8.3599,9.24994,-11.5597,21.96,-730.536,-677.344,15680,-17080,5740
-2.16877,2.3282,-1.68508,10.9906,8.52574,-3.48999,6.00848,-11.5649,-2.96286,0.121041,6.16845,21.4024,16.5024,5.95641,9.3691,-10.6235,20.496,-729.072,-677.832,15680,-16660,5600
-13.0862,-2.91519,-7.5912,7.95774,6.69155,-6.53418,4.14953,-15.2682,-15.5448,-13.8616,-4.98665,21.9885,16.2303,1.74354,4.53607,-10.8508,19.52,-731.024,-676.856,15120,-16520,5180
-6.65966,-1.20825,-3.22076,8.93204,10.4292,-3.52375,7.52432,-11.5496,-17.6891,-8.3191,-5.61716,27.6255,18.8396,5.01867,6.51984,-6.00976,17.08,-729.072,-676.856,14700,-16100,4900
4.25406,-6.0603,-3.79326,0.404091,1.71508,-3.38654,1.95559,-7.24462,-11.278,0.469182,0.654465,25.2809,21.1945,0.900775,1.08322,-5.75588,19.52,-731.024,-679.296,14280,-15540,4480
6.46105,-8.09589,-6.54733,-5.73581,-6.26347,-5.42447,-3.7784,-8.07257,-8.28455,-4.18857,-0.474687,16.9245,17.5553,-3.98006,-4.51268,-7.38113,20.496,-732.976,-679.296,13860,-14980,4060
6.69773,0.106111,-3.49348,0.0777756,-1.99133,-6.90913,-4.49434,-8.50376,-4.08843,-7.04014,-3.27383,13.9567,11.7197,-2.56446,-4.74725,-6.76728,17.568,-734.928,-675.88,13580,-14840,3780
8.2324,4.49423,3.87404,2.20063,1.49309,-3.7841,-3.20716,-3.46185,1.44892,-3.93437,-0.544116,10.8483,10.4409,-1.91534,-5.7283,-5.30454,18.544,-736.392,-678.32,13160,-14700,3640
5.02048,-2.84502,3.46467,-4.25574,-2.58658,0.525737,-6.43219,2.05046,-2.27552,-4.1862,-1.21136,0.791362,7.75924,-3.82014,-8.89156,-6.19338,18.544,-737.368,-675.392,12880,-14700,3360
1.10499,-3.36299,3.8704,0.175898,1.64564,0.793472,-2.37244,8.15821,-4.02921,-5.72955,-7.02398,-7.23939,0.715191,-0.670877,-3.19376,-0.898233,16.104,-737.856,-676.368,12460,-14840,3080
0.299547,-1.0491,6.40374,6.07638,5.65533,0.842158,2.48213,12.093,-3.17851,-2.49675,-6.27908,-13.3117,-2.42129,-0.419336,4.8471,2.60984,17.08,-737.856,-673.44,12180,-15260,2940
-1.0189,-1.55799,5.68467,1.9086,3.49815,2.87391,-0.508991,12.3788,-2.0238,-2.65467,-9.0638,-16.1558,-2.35628,-2.44012,-2.30428,1.97608,18.056,-739.32,-674.416,11760,-15540,2940
-2.87555,-2.22925,4.90165,-4.89255,1.06076,2.79558,-6.96393,7.59649,-1.48374,-1.10454,-8.31953,-16.7987,-3.27768,-2.75251,-12.0613,-1.81875,18.056,-740.784,-675.88,11620,-15680,2940
2.75353,2.67693,1.70902,-8.05363,-0.855953,1.5707,-9.11345,-0.0267516,6.16139,3.81421,-1.94913,-16.5606,-10.6335,-3.09702,-17.0805,-5.34611,20.008,-741.76,-671.488,11060,-16240,2520
2.06323,2.57239,1.25006,-10.9823,-0.963337,3.99739,-7.00411,2.77379,5.53929,2.16517,-1.16295,-17.3145,-9.55063,-3.02945,-17.3343,-0.393413,19.52,-739.808,-673.928,10920,-16380,2380
0.736931,2.8215,2.34308,-4.90265,0.616542,6.66784,2.81526,6.81497,5.96423,3.64779,3.37445,-16.0161,-9.17987,0.113761,1.16276,8.85857,19.032,-742.248,-671.488,10640,-16660,2100
5.62404,7.45082,5.1326,5.58216,7.14607,9.33013,14.8003,11.3957,11.971,9.19372,8.93561,-10.3843,-8.4234,6.05534,17.6676,17.2012,14.152,-746.64,-671.488,10640,-16520,1960
4.72155,4.41818,5.78376,6.27142,7.8975,10.0784,14.7207,10.2469,6.89139,11.2907,15.4544,-7.9336,-8.2711,7.09838,15.7612,13.9479,18.056,-743.224,-668.072,10640,-16660,1960
2.76493,2.62799,4.19687,2.96274,4.98019,6.78808,9.82256,8.1327,6.06251,9.13003,14.142,-6.23637,-7.86317,5.17903,9.24373,9.23028,15.128,-742.248,-670.024,10640,-16240,1960
-6.68845,-6.30806,-3.74912,-11.118,-6.08374,-2.21207,-5.46923,0.717982,-4.4141,0.759798,5.05174,-12.4438,-10.1683,-4.54679,-9.16469,-1.34717,17.568,-743.712,-667.584,10640,-16100,1960
-9.76861,4.0721,-3.94261,-0.826657,2.51174,1.00285,0.869312,3.8773,-0.643503,-7.1246,0.94404,-5.06526,-8.24892,0.372915,-0.469737,4.44192,18.544,-742.248,-669.536,10640,-15960,1960
-4.97441,20.135,2.97871,21.2501,17.1775,7.74621,15.3022,9.21938,7.82172,-8.03859,-0.383426,10.6035,1.78612,10.2813,17.7652,15.339,16.104,-741.272,-669.048,10640,-15820,2100
-1.58272,13.217,3.81563,17.1144,13.2175,7.61601,12.654,8.6554,2.15208,0.113824,3.02816,15.713,2.2852,9.06705,15.0195,14.8166,18.056,-743.712,-669.048,10640,-16240,2240
-8.77325,-11.3727,-7.1773,-6.03813,-7.35006,1.91467,-4.31567,0.071014,-13.0472,-1.1947,2.3537,3.44077,0.207627,-3.57664,-1.7411,0.0369708,17.08,-744.2,-667.584,10500,-16100,2240
-5.47355,-12.9743,-9.39139,-8.29658,-14.5817,-3.39366,-7.8037,-5.09344,-7.54941,0.340193,0.874683,2.40643,1.94743,-6.4033,-2.76738,-4.69553,16.104,-741.76,-667.584,10780,-15260,2240
6.75337,-1.80433,-1.50271,0.639062,-7.5776,-0.714007,1.23633,0.824243,6.85828,7.79321,3.70472,11.6073,3.4516,2.94733,6.30862,3.12635,14.64,-743.224,-669.048,10920,-14280,2240
10.3247,-0.811718,0.0599171,1.0886,-5.92889,-1.78068,1.73268,-1.26886,7.09802,9.43076,2.00376,12.655,3.34216,3.78226,2.26377,1.54682,12.688,-742.248,-669.536,11200,-13580,2380
3.89297,-4.35422,-4.94291,-0.67566,-7.69126,-5.66866,0.347801,-5.34153,2.52262,1.89316,-2.87404,8.1767,0.266632,0.188079,0.620292,-0.937116,15.128,-738.832,-666.608,11060,-13160,2380
-6.15574,-10.4666,-11.5003,-7.99349,-13.9713,-12.1007,-9.32125,-14.2528,-5.85546,-9.08279,-9.43667,-1.00299,-4.2375,-6.19707,-8.06088,-9.40465,12.2,-738.344,-667.096,11200,-13440,2660
-5.09386,-4.06944,-5.66992,-1.28291,-5.17602,-10.9625,-6.77919,-13.0937,-1.39829,-7.52806,-11.0942,3.57307,1.8211,-0.206089,-2.98036,-5.3663,15.128,-734.928,-660.752,10920,-13720,2660
-4.24256,-1.24317,-1.07534,4.31807,-0.997649,-8.76452,-3.48856,-11.8939,-2.4369,-4.92981,-7.94698,7.43458,6.76604,2.80611,4.36839,-3.89583,12.688,-735.904,-668.56,11060,-13720,2660
-3.81493,-3.66934,-3.14893,0.482981,-6.53525,-12.6351,-10.0078,-16.5989,-2.46854,-5.327,-9.31047,2.75707,5.6075,-3.21209,-1.31283,-10.4148,12.688,-734.44,-665.632,11060,-13160,2520
-6.43765,-8.82757,-7.44249,-11.188,-12.8555,-16.4519,-20.8425,-22.6051,-6.16352,-6.35592,-10.543,-3.33256,0.566942,-10.4871,-18.7274,-21.1788,10.248,-736.88,-662.704,10780,-13020,2520
-0.908469,-4.37001,-2.40958,-9.96627,-8.83635,-11.5116,-17.7726,-16.7223,-2.85424,0.0808082,-3.66665,-0.157351,4.46681,-8.75043,-20.094,-19.4089,13.664,-733.952,-665.632,10920,-12600,2520
7.5752,5.20951,6.14594,0.0446668,2.35971,-1.18157,-4.37009,-3.22848,3.2948,5.0196,1.22423,7.27122,9.38216,0.0578591,-11.4757,-5.88614,17.08,-733.952,-664.656,11340,-12040,2380
2.49144,-0.671697,5.72452,-4.98896,-0.33867,0.120353,-3.27741,0.138478,-7.4649,0.205841,1.51668,1.10977,4.18302,-1.10614,-12.3844,-4.19751,16.104,-735.904,-668.072,11340,-11620,2380
0.443416,-3.46816,4.63864,-3.22853,-2.50487,-0.711698,1.11076,3.20127,-6.76011,-3.20737,-1.10494,-4.7124,3.52986,-3.75112,-2.53886,-3.99289,16.104,-735.416,-669.048,11620,-10640,2100
5.81471,3.14618,6.77632,8.99181,6.00631,5.48679,11.4527,9.50473,-0.292271,1.0358,3.09008,-5.35241,7.50266,1.60909,13.9361,2.95754,17.08,-737.368,-669.048,11480,-10360,2100
8.80228,5.76115,5.0849,10.6272,11.3675,9.35726,13.6951,11.2776,3.45221,2.1254,2.08344,-6.8537,2.56107,3.4168,15.725,6.14499,13.176,-737.368,-672.952,11760,-10220,2100
6.23579,4.90185,0.584367,0.567257,6.30537,4.38309,2.88245,6.52537,7.27096,0.102927,-0.283522,-9.34491,-2.99521,-2.0959,0.770929,-2.02694,16.104,-740.784,-672.952,11900,-10220,1960
9.92013,10.7853,4.71192,1.63444,9.27166,8.37341,6.89565,11.9661,12.9883,6.25325,8.43571,-4.28819,-1.40808,3.53589,1.61385,3.82715,16.592,-739.32,-667.584,12180,-10220,1960
4.84069,11.8784,7.05585,1.96167,12.8516,13.4907,10.0408,15.4424,8.53133,3.40968,11.4477,-0.547094,-2.24741,7.00154,2.37356,8.84333,14.64,-738.832,-671.976,12320,-10220,1960
-5.78949,10.7879,4.59217,7.37824,15.4925,14.937,16.58,17.199,0.685943,-6.77139,6.64293,-0.709568,-5.53229,8.09416,12.9743,14.5712,17.08,-736.88,-671.488,12460,-10220,2100
1.45887,15.3708,6.9061,14.7965,21.0757,14.4323,23.4039,15.2786,5.02397,0.023575,8.81441,7.2046,-6.23035,10.1155,24.5843,21.4627,19.52,-739.32,-670.512,12600,-10220,1960
6.17653,7.79341,9.75559,10.9079,19.2179,15.1624,20.2533,11.9005,2.70275,8.30699,13.2108,8.79086,-0.634641,8.99675,23.6907,23.3213,20.984,-738.832,-671.976,12740,-10080,2100
12.2956,5.5556,9.59272,8.94659,12.5508,11.1091,13.8182,5.4869,7.24238,11.7528,10.4112,8.50855,0.0959994,4.61073,19.5053,16.4747,19.032,-738.832,-668.56,12600,-9940,2380
4.00699,-4.60363,0.626651,-4.17267,-5.09334,3.5552,-5.34948,-6.93985,3.38129,6.45235,4.16116,-0.302612,0.444582,-8.20174,0.967428,0.48584,18.544,-741.272,-671.488,12460,-9240,2240
-1.68199,-5.33071,-0.697902,-4.76158,-5.3245,7.59744,-4.6346,-5.17459,1.38815,4.81616,-0.519587,1.74347,7.20027,-4.70985,0.863736,3.09624,17.08,-739.32,-668.56,12460,-9100,2520
-4.55727,-5.19337,-1.4674,-5.89149,-5.76393,4.61197,-7.75466,-8.41653,0.0314956,1.61542,-4.28198,3.6856,6.53149,-3.47949,-3.72876,-0.733489,16.104,-741.76,-666.12,12740,-8820,2660
-12.2771,-13.8847,-9.34171,-14.4771,-14.7832,-4.66286,-18.4683,-16.1416,-7.5373,-7.09968,-13.4548,-3.4843,-3.40438,-8.67215,-18.3353,-9.2974,14.152,-743.224,-668.072,12880,-8680,2800
-10.6288,-9.20763,-12.4212,-9.11961,-13.8504,-12.3491,-17.1424,-19.2303,-5.87197,-5.4943,-12.1574,-4.37066,-10.8078,-6.91845,-16.9361,-8.45318,10.248,-737.368,-665.632,13020,-8400,2800
-17.0251,-12.723,-15.6037,-8.10354,-17.2476,-16.1845,-16.6099,-18.6265,-14.1359,-11.2923,-11.4343,-10.8402,-14.3776,-7.88619,-16.8601,-7.99235,11.224,-738.832,-670.024,13020,-7700,2520
-20.2425,-13.7113,-15.4886,-8.35566,-17.4373,-19.3704,-18.3954,-20.7827,-18.8053,-15.1167,-14.4901,-13.4898,-15.5364,-6.21942,-18.5788,-12.404,9.76,-739.808,-671.488,13160,-7840,2520
-23.6745,-15.6737,-16.4226,-10.6412,-12.7857,-19.2561,-18.0239,-21.2214,-23.0804,-17.5323,-19.1579,-14.9196,-16.2441,-4.89411,-22.097,-16.3622,12.688,-737.856,-672.952,12740,-7280,2240
-28.0074,-26.4507,-17.9554,-22.9271,-15.0483,-15.6638,-20.5001,-15.0907,-31.3867,-18.4666,-21.1877,-19.1042,-13.6846,-6.24543,-30.9367,-17.8054,12.2,-740.784,-672.464,12740,-7140,2380
-20.3866,-26.8483,-17.4948,-27.3057,-20.8337,-15.5833,-20.3288,-10.3071,-23.2253,-10.7101,-10.9457,-20.9486,-9.27079,-7.28956,-30.4334,-20.1126,10.248,-746.152,-674.904,13020,-6720,2380
-6.18236,-12.3174,-8.88228,-11.7701,-12.9937,-10.7645,-7.6285,-0.859898,-7.74384,-0.181439,-1.20086,-13.0397,0.0561861,-1.77939,-10.9883,-15.0274,9.272,-743.712,-675.392,13160,-6440,1960
7.40861,6.11037,0.955452,6.04325,-0.250859,-5.30479,5.0605,5.6076,6.14415,8.61678,6.14265,-1.24655,4.26993,4.80052,6.56038,-7.5942,8.296,-744.688,-676.368,13300,-6300,2100
15.9512,13.7249,5.0558,7.73371,1.11475,-3.77103,2.13072,0.855542,13.9511,14.687,14.9414,7.84286,5.39655,2.60777,7.27852,-10.081,3.416,-743.712,-671.976,13720,-6020,2100
12.7937,10.7296,5.73369,7.8107,1.17253,1.51374,5.2129,6.4737,12.4018,8.88286,14.1561,9.44711,5.802,3.88444,11.1667,-4.64803,5.368,-745.664,-670.512,14000,-5740,2100
23.2755,22.4871,15.4138,20.0039,14.0864,8.83292,15.4369,19.7112,25.3168,13.1269,15.7944,20.376,13.041,11.5644,18.5558,8.80317,5.368,-743.224,-671.976,13860,-6020,1960
27.7944,22.3581,23.5975,19.025,17.3731,11.1141,15.9989,28.8847,25.5743,16.0129,16.9478,26.595,22.1801,12.5612,15.07,14.979,8.296,-746.64,-671,13580,-5880,1680
34.3374,25.7539,28.447,21.7679,21.8185,14.5097,24.2514,43.241,30.4354,19.5485,20.1453,28.9569,22.7594,17.31,19.7916,23.5372,9.76,-747.128,-667.584,13300,-5880,1820
29.6809,28.8825,28.0679,23.822,23.039,9.89923,26.0171,51.4988,29.1425,12.9465,16.1309,27.5714,21.326,16.1218,19.4774,22.3649,9.76,-747.616,-670.024,13300,-6300,1820
22.1696,30.7637,25.9855,30.2906,24.0864,7.10039,32.87,58.1426,24.2372,5.05305,7.99178,28.117,17.7338,12.0545,26.3574,21.2305,8.296,-743.712,-664.656,13300,-6440,1680
17.69,24.0642,22.1646,27.0385,22.739,13.5422,29.8349,56.7566,16.7475,7.21544,7.68896,24.5702,13.7122,8.58036,23.1165,17.1756,14.64,-750.544,-664.656,13300,-6440,1680
1.64518,-3.44558,6.65844,1.52542,3.7592,11.3826,10.936,43.0599,-4.00059,-2.13572,-1.49745,0.306013,2.38936,-4.8638,1.46245,4.60874,11.224,-748.592,-667.096,12460,-7000,1960
-2.76767,-11.6109,-5.43114,-5.92316,-2.63126,7.06692,-0.355478,19.0399,-6.11567,-6.43798,-11.4811,-13.3728,-8.50514,-12.2911,-1.23069,-0.157037,10.248,-752.496,-664.656,12460,-7000,1960
-3.19758,-8.57226,-10.119,-5.15261,0.0629093,4.29636,-6.03534,-6.29362,-1.65275,-2.82009,-13.294,-15.2055,-9.67335,-11.0856,2.56219,-0.896845,12.688,-751.52,-663.68,11620,-6860,2100
-8.14276,-9.13177,-11.8775,-4.64222,2.06277,4.33758,-3.24413,-22.4529,-2.9546,-3.0958,-6.51473,-15.1548,-5.80019,-6.6347,6.45975,4.13978,13.176,-749.08,-664.656,11620,-6860,2100
-27.8399,-16.2052,-20.3953,-5.51919,-0.620224,3.11817,0.0971016,-36.8829,-18.364,-21.2529,-10.0281,-19.7969,-11.0111,-5.20791,8.48646,8.68252,11.712,-748.592,-660.752,11480,-7000,1960
-27.8363,-13.2048,-16.9255,-4.89818,-2.30002,2.51953,-3.34399,-53.8655,-22.1255,-18.2363,-9.77984,-13.4124,-11.6253,-3.42623,6.05733,4.77367,14.152,-745.664,-660.264,11060,-7280,1960
-15.9894,-12.7779,-14.2205,-13.0967,-10.1634,1.62246,-17.1539,-71.0994,-18.249,-4.30388,-1.14797,-8.24913,-8.87779,-5.39639,-9.58257,-1.56391,12.688,-746.152,-659.776,11060,-7000,1820
-5.61167,-14.8578,-14.4661,-24.181,-23.6174,-5.88735,-33.1731,-86.9875,-13.2549,5.2092,5.51448,-5.71646,-4.27962,-13.4244,-22.3025,-13.9228,12.2,-744.688,-660.752,11060,-6860,1680
-10.8078,-14.158,-13.2022,-21.6261,-22.396,-9.10981,-30.0666,-85.4163,-15.8481,-2.62693,-1.73638,-4.76996,-0.91495,-11.2428,-15.8758,-15.3953,12.688,-742.736,-660.264,10780,-6300,1400
-11.2556,-10.9735,-11.3913,-16.956,-14.7159,-9.99501,-22.0759,-71.2817,-15.7556,-6.39364,-5.92585,-4.01476,-2.1277,-4.26666,-13.0605,-11.905,11.224,-743.224,-660.752,10780,-5180,1120
-16.167,-16.0639,-12.0638,-19.184,-13.8107,-11.0532,-20.6026,-54.2912,-21.1961,-10.9869,-8.24357,-6.99487,-2.66763,-3.64142,-16.942,-14.3814,8.784,-739.808,-659.776,10080,-4760,980
-16.5927,-10.5503,-9.60029,-10.0284,-5.30106,-5.35796,-8.1196,-21.8329,-12.1452,-12.7944,-8.36161,-4.76293,-2.09705,1.66776,-9.70917,-7.35879,10.248,-742.248,-658.312,10220,-4200,840
1.593,4.95307,2.20062,-1.28387,1.75665,-3.90638,-2.52175,6.7183,8.27607,4.39859,0.337568,6.44449,1.5492,5.35373,-8.45105,-6.17725,9.272,-741.272,-664.656,9940,-3920,840
8.58077,4.16518,6.27609,-2.87401,-1.65627,-7.97205,-0.64152,30.3631,10.1542,9.75891,5.40093,4.5808,0.862295,-0.251796,-8.12933,-8.05875,8.296,-741.272,-660.264,10360,-3920,980
7.96402,3.3598,6.37986,1.70421,0.463624,-8.1358,7.64471,49.9329,7.73435,4.40022,-2.51761,1.7535,-7.31363,0.42798,0.112715,-4.3827,6.832,-740.784,-664.168,10500,-3640,840
7.78424,9.94993,8.75656,12.335,8.89538,-3.45064,19.4773,66.2724,11.0607,2.6284,-7.63872,0.397951,-9.36871,7.18473,9.98361,4.70223,9.272,-743.712,-663.68,10920,-3640,980
10.7349,10.2312,7.90155,7.97408,4.20471,-3.33216,12.0035,62.8356,16.0429,5.45083,-0.635538,-5.93507,-10.3302,5.77088,1.36317,1.47485,6.832,-742.736,-668.072,11340,-3080,980
4.74228,8.58499,5.32136,7.59254,2.69182,-2.24098,4.59955,53.8275,11.6992,0.398287,-0.557899,-13.5729,-13.0937,3.75638,-0.212992,0.439762,6.832,-742.736,-664.656,11060,-2660,840
0.205327,6.42222,3.89535,7.01984,2.90134,-1.99888,0.464567,41.9177,6.31142,-2.11966,-2.17187,-17.2998,-14.5927,1.02816,-5.16787,0.986261,8.784,-742.736,-663.68,11480,-2240,840
-0.681025,0.471214,5.38836,-0.15026,-2.35096,-0.947414,-0.393611,27.4776,1.2769,-0.268835,-0.615132,-16.3403,-10.5848,0.989005,-9.46037,0.267415,8.296,-741.76,-663.68,11900,-2380,840
3.69126,2.01033,6.19257,4.74033,-0.0669712,1.37709,7.8858,18.365,1.27573,3.66603,3.39943,-8.64521,-4.14232,2.77407,5.18095,5.31773,9.272,-741.272,-666.12,12040,-2380,700
-0.0427162,-0.209518,2.25249,6.89421,4.80243,3.2392,8.40228,5.81687,-7.92464,1.02273,1.11462,-4.10591,-2.57131,3.92092,7.3353,6.66606,9.272,-741.272,-667.584,12460,-2380,700
3.22669,2.14483,7.47403,9.16543,10.6415,12.8833,7.57998,3.91286,-4.42341,7.53404,7.08503,1.26679,11.4648,6.63908,4.9062,7.36616,9.272,-740.784,-668.072,12740,-2380,840
5.68327,-1.09071,2.00448,-1.66332,0.304156,6.38979,-6.39812,-9.37934,0.83104,6.8399,7.11299,2.16272,13.2266,-3.44222,-10.9289,-4.82054,8.784,-740.784,-665.144,13020,-2100,980
4.49058,0.741143,0.0238189,1.16953,1.98057,4.45312,-0.56539,-9.89541,1.52559,4.06941,5.05369,9.7473,16.2412,-3.76053,-2.82925,-4.70452,9.272,-740.296,-667.584,13020,-2240,980
3.56632,2.86288,3.45667,10.556,10.2729,10.1591,12.9771,0.226926,0.336545,3.44339,2.25985,21.2574,26.6152,4.18956,14.705,4.51163,9.272,-745.176,-662.216,13440,-2240,980
3.06849,-0.784668,2.47153,8.42888,9.12588,7.67481,12.9723,-2.65937,0.344329,4.07418,4.92621,25.7658,26.3281,7.26001,16.4703,5.78756,11.712,-741.272,-666.608,13160,-2100,980
7.00179,4.57261,1.85576,8.9478,6.15644,3.92443,9.81995,-7.28079,7.01511,6.11576,10.9778,26.3301,17.6306,5.35521,16.6695,3.87879,13.664,-741.272,-662.704,13720,-2380,980
6.02439,6.91466,1.15929,9.02832,5.70569,4.39697,7.35114,-11.1126,5.80849,3.37589,13.5823,25.0376,7.55875,3.86229,15.5312,5.25277,13.664,-742.736,-665.144,14000,-2520,840
4.00104,4.63665,0.570853,1.86876,2.28214,2.93101,1.34939,-15.5905,4.7445,3.08665,13.6366,18.4611,0.888143,-0.186988,7.05197,4.71743,15.128,-740.296,-662.704,14000,-2660,840
-4.40865,-2.67264,-7.40103,-11.5059,-8.87049,-6.59359,-11.2745,-23.3727,-1.86134,-5.3348,0.584609,4.95687,-8.95359,-8.84538,-10.8948,-2.57925,14.64,-740.296,-665.144,13720,-2380,700
-4.56709,-0.983826,-5.93286,-10.2641,-7.81263,-6.70255,-11.0494,-22.6742,-1.24165,-7.72679,-4.01798,-0.359594,-9.37719,-5.13268,-12.9448,-3.16153,16.592,-742.736,-669.048,13440,-2520,280
-4.47664,3.21675,-4.00122,-0.467003,-2.43639,-1.36968,-1.49324,-13.63,0.598092,-11.3198,-9.67447,-5.59327,-8.38003,-2.56399,0.733182,4.60857,16.592,-742.736,-665.144,13160,-2520,140
-8.37166,-2.90397,-5.05486,-3.77037,-5.09673,-1.80611,-5.99003,-12.192,-7.16038,-13.6792,-13.2183,-13.3311,-12.4682,-6.31063,-4.04244,1.82474,16.592,-742.736,-661.24,12740,-2660,-140
-8.3385,-6.49512,-2.43555,-7.17074,-4.34996,1.65069,-4.06282,1.057,-11.0633,-10.2548,-11.0784,-17.9572,-7.19712,-1.92137,-6.07896,3.14663,16.592,-744.2,-661.24,12880,-2940,-420
1.82528,1.01702,2.05172,-0.529524,4.42502,5.77059,4.62422,12.3513,0.974067,-0.325972,-4.59182,-8.02423,2.02009,5.35607,4.41906,12.4875,18.056,-742.248,-660.752,12600,-3360,-420
