-10.0104,-12.9382,-4.49562,-9.84989,-10.5319,-3.05486,-8.68895,-0.474632,-14.1399,-6.83962,-9.77563,-11.3707,-0.316584,-9.02189,-7.19726,-2.30099,-19.032,-795.928,-604.632,3500,0,700
-4.34814,-5.86381,-3.33391,-5.41394,-4.41537,-0.471708,-3.9196,-1.93515,-7.94542,-3.1147,-4.76189,-8.07219,-3.11929,-4.94633,-2.96228,0.208681,-21.96,-794.952,-600.24,3780,0,700
0.0103406,-0.274639,-0.91404,-1.30999,1.29154,2.23062,1.59623,-2.76919,-3.44605,-1.29963,-0.87578,-1.56063,-0.856477,-2.41585,2.70456,5.56459,-20.008,-794.952,-600.728,3360,420,700
-5.23718,-5.05813,-5.33824,-5.10438,0.54868,2.33798,0.459798,-3.76285,-9.19322,-6.43473,-1.9783,-4.71385,-2.59223,-3.7165,0.111439,6.50724,-20.984,-796.904,-606.584,3640,280,700
-6.73744,-8.92004,-10.751,-8.69175,-1.79283,1.59555,-2.48569,-4.44708,-8.74023,-7.12668,-2.42922,-7.35893,-2.10161,-4.63526,-5.56056,1.54666,-20.008,-795.928,-603.656,3500,280,840
-13.7026,-16.0681,-14.9638,-15.8887,-6.14498,0.546117,-7.62296,-3.78,-12.7677,-11.7956,-3.98235,-10.2686,-1.87556,-6.69182,-11.6625,-6.26624,-21.96,-797.392,-603.168,3640,420,840
-15.769,-18.7283,-17.3097,-19.9673,-10.6105,-4.11922,-14.7633,-7.92326,-14.2564,-14.3588,-2.33816,-12.8088,-4.6808,-10.0784,-17.5288,-16.2633,-21.96,-796.904,-607.56,3780,420,700
-20.2923,-21.4943,-14.6031,-22.8589,-13.5497,-8.26459,-19.9017,-9.46909,-20.193,-16.1244,-4.37225,-17.3666,-7.02935,-12.6723,-23.7927,-21.3244,-22.448,-797.392,-611.464,3920,280,700
-12.8271,-12.4679,-6.25905,-14.9526,-4.17458,-6.29876,-12.1394,-7.96887,-10.3609,-8.66795,-0.642271,-10.8012,-4.68855,-6.08155,-16.764,-14.7404,-24.4,-797.88,-605.608,4060,560,700
-1.52714,0.947913,3.2615,-2.66622,5.2791,-1.8466,-3.45253,-4.33332,4.12895,0.484903,5.2363,2.47159,3.38827,2.4139,-5.69684,-7.15536,-20.984,-796.416,-606.096,4340,420,560
2.22212,7.82476,7.34393,4.88015,7.87668,2.09079,0.679017,-1.85222,8.45726,2.57043,7.54757,7.28278,7.18205,6.02846,1.18217,-3.37446,-24.4,-796.416,-606.096,4200,420,420
12.7819,16.7615,10.7282,15.1658,12.5736,4.21493,7.77201,0.165987,14.8916,9.17702,11.5308,12.784,8.62162,10.7873,9.96365,0.206537,-20.496,-796.904,-608.536,3920,140,560
19.983,17.6569,11.3476,14.2188,10.1737,3.06003,5.64298,2.09219,18.9135,14.4603,13.6163,14.7078,8.66304,11.125,6.24695,1.5499,-19.032,-799.832,-607.56,4060,140,280
23.4064,18.3503,11.1381,14.9939,7.77879,1.67874,7.17142,5.75042,20.02,15.4959,13.4125,14.1799,4.93595,11.0078,7.49114,4.83882,-20.496,-800.32,-607.56,4480,0,280
20.0078,16.8897,10.848,17.0541,8.60277,2.3637,12.7051,8.94543,14.3093,12.9305,10.4895,14.2411,4.93389,12.0411,13.7177,7.90235,-20.008,-798.856,-608.536,4340,-140,280
16.0395,12.668,7.13377,14.5444,5.25707,0.176787,10.5531,6.8509,10.9991,11.6032,8.35486,13.9277,3.90045,7.58549,15.1558,7.77633,-19.032,-802.272,-607.56,4620,0,140
16.7395,12.6333,7.06711,15.3784,4.82347,2.02464,9.12421,6.84261,13.2117,14.6368,7.78377,13.2077,3.30741,5.93386,17.075,8.87844,-21.96,-800.32,-607.072,4760,-420,280
17.6138,14.6674,8.72327,17.0219,6.99944,4.63382,10.4314,6.66117,15.9981,14.2185,1.2692,12.0161,4.759,3.72027,16.9871,11.4283,-20.496,-799.832,-600.24,4620,-420,140
13.7964,12.4978,8.31297,13.6796,7.94092,3.76435,10.4942,5.91781,12.687,11.2277,-0.760785,8.23429,4.65264,0.756075,11.661,13.7598,-17.568,-797.88,-601.216,4340,-560,140
8.10079,9.77819,6.45419,10.9545,6.91507,2.3431,9.35042,5.05113,9.26638,7.62949,-0.653082,5.56281,4.08987,1.47189,10.6133,12.9551,-20.984,-800.808,-606.584,3780,-420,0
-5.9677,0.719594,-0.447926,4.42456,-0.0260273,1.42853,6.42922,4.57666,-1.04463,-2.2313,-6.6543,-2.1683,-0.405019,-1.35759,7.65482,8.21097,-20.984,-799.832,-602.192,3920,-560,0
-14.153,-4.47884,-4.39739,0.0728281,-2.80968,1.23478,5.61829,2.4784,-8.8097,-7.9453,-10.177,-6.04756,-3.11275,-2.46365,7.05967,7.19139,-21.96,-797.88,-605.12,3780,-420,-140
-12.969,-5.33378,-5.57172,-2.42021,-5.76821,-1.99397,0.450076,-3.96614,-8.91728,-8.41862,-10.788,-5.11653,-4.57698,-4.69141,1.9423,1.20131,-25.376,-796.416,-603.656,3780,-140,-280
-11.2046,-7.55874,-6.94596,-7.91027,-10.164,-3.4772,-7.58364,-9.5227,-7.01205,-9.46129,-10.2879,-6.6241,-8.47926,-7.92078,-7.70582,-7.66741,-26.352,-796.904,-601.216,3780,140,-140
-9.06165,-5.66499,-5.26092,-6.98775,-7.43943,-1.65374,-8.54835,-6.78953,-3.46124,-9.6042,-7.90675,-6.12896,-4.72624,-6.50688,-8.98923,-9.57889,-23.424,-797.88,-598.776,3640,280,-280
-11.8177,-9.65716,-3.56465,-11.6036,-6.77801,0.73591,-10.6868,-1.8494,-9.76791,-9.88259,-4.42454,-6.28313,2.13802,-6.29666,-14.6848,-9.46335,-22.936,-795.44,-599.264,3220,280,-280
-18.5656,-18.495,-7.33406,-17.9789,-7.44871,0.921709,-9.80786,-1.4761,-23.1449,-11.0555,-1.64677,-11.6494,-5.26347,-5.56181,-14.7847,-7.6069,-26.84,-796.416,-600.728,3360,0,-280
-19.9531,-21.6712,-9.03156,-20.8792,-9.0217,-1.04438,-9.38952,-0.738936,-26.3118,-10.5857,-2.56417,-12.6369,-4.22968,-6.98143,-14.492,-9.37662,-26.352,-797.88,-599.264,3360,0,-280
-8.48962,-11.1362,-3.84083,-15.5177,-5.84571,-2.35907,-7.66125,-0.528101,-14.2013,-5.32796,-1.1716,-7.19752,-0.281716,-4.23231,-11.7384,-8.8761,-23.424,-799.344,-600.728,3360,-140,-420
-7.013,-6.94336,-3.27017,-12.331,-3.93527,-4.00963,-7.26491,-3.04006,-12.0189,-7.66704,-3.84305,-7.63265,-0.427902,-4.06373,-10.5872,-8.74946,-22.448,-799.344,-601.704,3640,-280,-140
-1.83258,-2.55928,-0.786633,-6.17838,0.480666,-0.630997,-2.74345,1.22183,-4.96206,-6.17712,-5.45774,-5.81237,-2.06142,-0.695767,-4.65575,-2.73375,-24.888,-799.344,-598.288,3780,140,-280
10.6763,8.43202,5.28001,5.04762,9.04848,2.54069,6.09387,7.4442,10.3745,4.48524,2.18018,2.17669,-1.3171,8.19051,7.02613,5.77458,-22.936,-796.904,-595.36,3640,140,-420
10.4632,8.32288,4.26014,5.18987,7.92108,1.9678,5.84815,7.45732,11.9997,5.66298,6.47789,3.18643,-1.58733,8.4068,7.4948,6.80896,-20.984,-799.344,-599.752,3640,420,-560
8.69447,3.1251,0.734439,-0.550352,0.577085,-0.374449,-2.80695,1.37842,10.9138,5.6271,8.1823,2.17603,-5.32621,3.04978,-2.11887,2.92832,-22.936,-800.808,-600.24,3920,700,-560
5.27003,-4.90161,-0.727075,-4.47512,-6.23223,-2.21169,-7.40465,-1.20981,5.77602,4.0959,5.65386,1.84262,-4.84596,-0.733276,-7.65375,-1.62868,-21.96,-798.856,-600.728,3920,560,-700
5.51795,-2.82286,1.35025,2.21818,-3.6197,-0.590005,-1.13439,0.92715,7.22619,3.31311,3.84474,3.63896,-1.44737,2.93085,0.215199,-0.36332,-22.936,-797.392,-601.704,3920,980,-700
2.70178,3.33418,3.70092,14.0284,2.49585,1.63721,4.79638,-0.98686,6.02471,0.861614,1.89918,6.68086,1.0798,3.88653,11.8981,2.81737,-22.448,-798.856,-601.216,3920,1120,-700
1.48881,2.45412,5.71967,11.353,4.34639,5.15976,0.661495,-3.78823,3.47903,2.68691,2.6396,6.1499,3.99284,1.78358,1.6305,1.08733,-23.424,-800.808,-601.704,3780,980,-700
0.203257,-2.92795,-0.0119626,-1.8147,-3.33513,2.19273,-6.07986,-7.79254,2.42337,2.94166,1.09238,0.0990698,3.32235,-4.7327,-13.3914,-6.19367,-23.912,-799.832,-599.752,3640,1120,-840
-4.26457,-6.51109,-4.40858,-5.55016,-7.68266,-2.01834,-4.33469,-7.96665,-3.0403,-0.834722,-1.6415,-5.07876,0.711161,-8.65255,-8.06261,-8.5659,-26.84,-799.832,-597.312,3780,980,-840
1.02043,1.34823,-0.337748,1.87582,0.198234,-3.44191,2.33616,-7.56697,1.54299,3.99715,0.683724,3.09722,3.25465,-4.94157,4.42437,-4.50804,-23.912,-800.808,-599.752,3640,1260,-840
-1.70411,1.76631,-1.85289,3.39879,1.68834,-4.35174,2.68755,-8.35206,-1.4515,2.96787,1.10074,3.27648,0.381225,-3.05957,6.31884,-3.70628,-26.352,-801.784,-598.776,3360,1260,-1120
-5.95581,-0.570584,-5.25843,-1.98458,-2.47577,-5.57292,-1.91384,-6.13703,-3.78757,-1.27633,-0.917055,-3.51429,0.69196,-3.22138,0.785827,-5.49044,-27.328,-801.784,-601.704,3220,700,-1120
1.5411,6.12411,-3.19238,2.62976,0.290507,-4.26283,3.8489,-4.65229,2.54065,1.30627,-0.327203,-0.0798756,-0.943599,1.75355,7.24458,-0.884753,-24.888,-801.296,-602.68,3500,420,-1260
3.6424,6.46878,-3.41582,3.88265,3.74382,-3.16097,5.72373,-6.05475,1.58308,-0.508741,-1.55273,2.77049,-1.67343,3.72412,7.39954,3.3941,-23.912,-806.176,-602.68,3360,420,-1400
1.5529,3.34726,-2.69325,1.68252,6.56961,-2.67236,2.40073,-6.68721,-1.70519,-3.09954,-3.78071,1.13803,-1.84952,3.93091,2.77948,3.98681,-21.96,-803.248,-604.632,3500,280,-1540
-4.78832,-1.2467,-3.15563,-0.74336,3.87051,-2.66755,0.667147,-4.44399,-8.10558,-6.3926,-3.7381,-4.34684,-2.1071,4.13139,-0.0594864,4.34013,-19.52,-806.664,-610.488,3780,0,-1680
0.759877,9.96495,2.41001,7.7003,9.14803,0.181265,7.26244,1.93957,3.82552,-0.462537,-2.13293,-0.942899,1.85944,9.86578,9.36471,12.7306,-19.032,-805.688,-608.048,4060,0,-1680
4.23151,14.609,5.44822,12.5211,10.4717,3.60842,8.33994,3.93545,10.3279,4.7559,-1.68205,-1.34209,5.41392,12.0873,12.6555,16.3281,-20.008,-805.2,-607.072,4060,-280,-1960
-0.434833,0.58177,0.637298,-2.70381,-1.06593,0.681281,-3.08044,1.88484,1.13049,0.684985,-2.40366,-8.34361,7.55145,3.02835,-3.56438,7.98246,-22.448,-805.688,-608.536,4200,-560,-1960
1.31877,-4.91954,0.092859,-11.9985,-5.1288,1.37764,-6.67761,1.63339,-2.51138,-0.853846,1.45794,-11.1982,3.34397,1.13402,-12.353,4.74207,-21.96,-806.176,-603.168,4340,-980,-2100
-2.03712,-7.84512,-2.24422,-8.11092,-2.84892,2.04682,-1.8219,2.26229,-9.01812,-4.78338,2.2165,-13.0391,0.949966,0.735982,-2.75199,6.13019,-20.008,-808.128,-603.168,4620,-1120,-1960
0.0533255,-5.27666,1.79229,-3.3281,-0.130361,3.50745,1.53472,5.59247,-5.66594,-0.785706,2.35948,-7.22123,5.61104,0.777961,4.99315,8.05033,-20.496,-805.688,-606.096,4620,-1260,-1960
1.3591,1.34718,3.14802,2.0645,0.89867,5.412,6.03457,10.1414,0.186824,1.11502,1.9511,-0.957287,3.12482,2.27684,8.40218,11.3677,-20.008,-805.2,-601.704,5180,-1540,-2100
9.46646,14.4187,6.88921,14.0555,3.56761,4.86109,6.34313,11.8993,15.3231,5.44047,3.46234,10.6861,2.42598,1.44354,11.1419,6.7796,-20.008,-802.272,-604.144,5180,-1540,-2100
14.1134,18.9616,8.69445,17.3506,4.47301,4.72836,3.73114,9.96217,20.4761,7.80011,4.20826,17.4765,4.86902,0.104814,6.96371,0.0380631,-17.568,-801.784,-606.584,5180,-1400,-1820
7.51376,9.18061,3.33738,7.27494,1.37352,1.98158,0.394474,7.26043,8.60634,2.90776,1.31095,15.6264,1.74508,-3.37152,-4.80634,-6.9862,-19.52,-800.808,-604.632,5180,-1400,-1820
-3.58054,-5.71551,-0.00880419,-6.41858,-3.87543,0.393862,-0.610529,11.2979,-7.98642,-3.36768,-3.02634,10.9675,-1.43477,-6.63985,-13.6413,-9.92606,-18.056,-801.784,-602.68,4760,-700,-1540
-7.23357,-17.1977,1.00582,-9.96793,-2.38721,0.805912,5.7348,13.8625,-18.7394,-1.35329,-2.24218,8.29473,-3.02755,-7.08202,-6.58672,-9.07535,-22.936,-801.296,-600.728,4760,-700,-1540
-4.8652,-16.624,5.10301,-4.95218,1.83416,1.4759,9.78411,14.5714,-15.7372,1.84928,1.85043,10.9374,-1.81554,-6.02653,3.63344,-9.22553,-21.96,-803.736,-599.752,4620,-280,-1680
-6.22069,-16.1218,3.21757,-6.42497,0.125273,1.20723,4.60996,15.1879,-11.5013,-1.6994,1.70929,7.32547,-5.59966,-10.1783,0.0123082,-12.8183,-24.4,-807.64,-600.728,4340,140,-1540
-6.78931,-17.3034,-5.77272,-14.2782,-9.6595,-1.3107,-11.1727,8.27433,-8.70552,-4.20568,-0.509775,-1.10784,-9.60197,-18.7689,-16.6309,-23.6349,-24.888,-812.032,-599.752,4620,420,-1540
-4.44513,-11.7836,-8.76483,-13.069,-14.4739,-0.626371,-15.829,6.18985,-3.61945,-4.3458,-1.3865,-3.14644,-8.1808,-17.9265,-18.5682,-23.3807,-25.864,-811.544,-598.288,4760,280,-1680
9.10617,6.23199,-3.49805,2.19382,-6.91908,1.31901,-9.9531,4.3862,13.5675,2.79193,-0.180438,3.63081,-5.08071,-8.39902,-8.95461,-15.3405,-26.84,-809.592,-599.752,4900,140,-1960
6.13102,4.41427,-1.30794,0.474312,-5.99726,3.85368,-10.5355,1.5059,8.70658,3.13018,-1.23071,-0.101571,-4.8677,-3.24851,-11.1425,-9.76879,-22.448,-811.056,-597.312,5320,140,-1960
-1.71954,-3.35253,0.0568538,-4.56918,-8.29878,4.57521,-8.79593,-1.721,-1.61417,2.08488,-1.68884,-6.24577,-2.96213,0.272029,-8.10154,-2.37703,-23.424,-806.664,-599.752,5180,0,-2240
1.27441,5.39364,3.63814,5.28625,-1.4182,4.81512,-0.183071,-5.61932,2.65773,2.43177,-0.720198,-2.37446,-0.193194,7.13856,9.30396,7.12799,-21.472,-802.272,-597.8,5180,-140,-2240
-3.55713,6.99902,1.85387,8.94933,0.50636,1.41349,0.271028,-10.7746,0.929492,-1.66809,1.25309,-2.10973,2.73454,7.79769,14.1331,10.5016,-22.448,-799.344,-594.872,4900,-280,-2380
3.32011,19.2025,3.79417,16.1629,8.64886,-1.42473,2.84314,-16.4333,14.4106,2.43484,6.16605,3.68374,3.88565,14.9283,14.3686,12.5161,-22.448,-797.392,-593.408,4760,-280,-2800
2.71237,18.4627,3.13641,9.6983,9.30152,-4.31999,-0.535423,-19.9948,16.7952,4.1444,5.22361,3.04891,4.41577,17.841,4.55657,9.40919,-22.448,-793.488,-595.36,4480,-280,-2940
-4.49755,11.9912,-2.66878,3.13558,8.14159,-6.97575,0.0129654,-19.9965,9.36985,2.99457,0.979584,-3.27419,2.88558,18.2182,2.57383,9.26667,-20.496,-795.44,-595.848,4340,-560,-3220
-12.6918,3.89529,-6.17663,-0.520058,8.2497,-5.92298,3.58148,-19.2073,-2.03585,-1.48541,-3.14243,-8.8726,0.985029,16.7072,7.95678,10.8227,-18.544,-795.44,-590.968,4060,-1120,-3360
-12.2864,-1.1695,-7.28828,-3.79619,6.61205,-5.50504,4.99326,-19.9942,-5.44822,-3.42648,-6.50396,-9.51733,1.91552,12.6359,8.93848,11.8078,-20.008,-798.368,-595.848,4060,-1400,-3500
1.46095,6.98888,-2.56839,1.42644,11.0549,-3.05738,6.84217,-20.0383,3.8439,1.21568,-3.46628,-2.91768,3.29274,11.9275,9.98391,14.5566,-18.544,-796.416,-600.24,4340,-1400,-3780
-1.78835,-5.5205,-6.39053,-6.79936,0.842512,-6.30233,-1.31719,-21.6234,-9.6641,-5.42389,-4.72208,-11.0338,2.17529,1.76425,1.37619,8.14001,-17.568,-802.272,-601.704,4480,-1400,-3920
-0.970894,-12.003,-9.11231,-11.838,-3.21488,-8.25247,-2.04397,-21.8779,-12.8193,-8.46097,-4.30657,-17.7392,-7.02565,-2.21805,-0.520836,5.67176,-17.08,-802.76,-601.216,4900,-1260,-4060
-5.03822,-18.3295,-9.89241,-15.995,-6.81967,-9.47822,-4.21515,-17.1066,-14.9257,-11.1318,-4.00266,-23.1107,-8.14658,-7.49626,-6.86961,2.75854,-15.616,-804.224,-601.216,5320,-1120,-4060
-8.89653,-19.3916,-6.20932,-7.21549,-5.86831,-9.54753,2.57547,-7.5743,-19.145,-13.9394,-5.51508,-20.3306,-7.11278,-10.5883,-0.0587003,5.121,-17.08,-804.712,-602.192,5460,-980,-4060
-0.119414,-10.3381,3.75251,3.10048,-2.48987,-4.97571,8.91649,0.589422,-7.72591,-8.66033,-0.416331,-8.835,-3.45381,-10.9305,9.95232,6.45607,-18.544,-803.248,-602.68,5460,-1400,-3920
4.76101,-10.6091,6.87077,-5.19767,-10.4258,-4.20666,-4.67185,4.69775,0.462318,-3.34934,0.668281,-6.24751,0.182171,-18.9123,-6.26725,-6.02787,-14.64,-803.736,-600.24,5600,-1540,-3780
7.45195,-2.59538,7.66717,2.08221,-6.15042,-1.36479,-5.69377,12.9049,5.86592,1.31884,-0.171865,1.33379,3.84203,-16.5299,-7.52999,-8.94513,-13.176,-803.736,-602.68,5460,-1540,-3500
9.53877,6.68387,7.86272,9.95851,1.99025,2.79516,-0.778798,21.9803,11.0623,3.72097,1.40573,10.2482,6.11211,-11.5758,-6.10409,-8.43212,-15.616,-803.736,-598.288,5040,-1260,-3500
-0.062796,1.42845,1.76866,4.85703,3.65731,6.03713,3.84716,29.647,-0.231638,1.90514,3.44965,11.2927,5.39297,-7.05745,-6.0525,-6.22505,-15.616,-803.248,-601.216,5040,-980,-3220
-1.83288,-1.95071,0.470403,0.357865,3.46068,10.0453,8.34512,38.8578,-4.00427,6.49029,8.57733,13.7458,9.29274,-1.22818,-3.72958,-3.63416,-21.472,-800.32,-597.312,4900,-700,-2660
5.47567,2.48507,0.61006,-1.79704,-1.15867,6.25723,-0.17595,34.2034,6.38618,10.6476,6.82215,17.5152,7.01611,-3.46319,-12.2119,-9.31975,-23.912,-801.784,-596.824,4760,-280,-2520
7.54339,11.3882,6.2453,9.31767,5.60261,9.66823,4.95118,30.2899,10.7318,11.9007,3.93519,20.1859,7.17144,1.94424,-0.60351,-8.11008,-25.376,-805.2,-596.824,4200,280,-2100
12.5427,18.6787,11.4075,16.4028,9.29654,12.9218,5.88527,21.5186,19.0436,14.3721,3.94879,21.3057,6.49944,6.54276,4.52321,-7.95896,-26.84,-807.152,-601.216,4480,980,-1960
17.1875,18.6131,12.1287,15.11,11.4233,11.2131,5.86474,8.33677,20.5406,16.1322,1.92073,25.2651,4.8997,12.1331,4.67689,-3.78756,-26.84,-803.248,-603.168,4620,1680,-1820
5.18891,7.80321,7.20555,3.86385,11.0073,11.6601,7.38603,3.77903,2.08743,9.59882,-0.565344,17.1967,-1.2239,16.524,3.40924,3.20528,-28.792,-804.712,-602.68,5040,2660,-1820
-8.31673,-8.11432,-3.20299,-14.5263,-2.55054,4.02801,-4.84986,-5.66475,-15.6737,-0.315363,-2.41272,-0.0724678,-7.35473,9.17261,-5.16965,-4.82537,-31.72,-808.128,-605.12,5180,3500,-1820
-7.48764,-5.66401,-2.80546,-7.15622,-1.98491,2.7633,-1.06629,-8.84634,-17.9524,-1.37576,-1.91809,-3.56149,-8.77836,10.0561,6.04771,-2.43909,-30.744,-808.616,-600.728,5740,4200,-1680
-5.9553,0.800382,-3.43285,-1.57179,-3.19175,0.618596,-5.14733,-16.0089,-11.7534,-1.47235,-3.62933,-2.92325,-9.90816,7.59826,0.624388,-1.64425,-28.304,-808.128,-606.096,6160,4620,-1820
-0.55648,3.89443,-1.6448,-0.602928,-4.65177,-0.539743,-7.11502,-20.4282,-0.42888,-0.561177,-2.34268,-1.36014,-8.73983,3.44718,-4.53748,-2.39802,-27.816,-809.592,-603.656,6440,4760,-1820
-0.763294,-0.966237,-4.68426,-5.15184,-10.1024,-1.4958,-6.86931,-19.9442,-1.92831,-3.21941,-0.829399,-5.22297,-8.48727,-0.324041,-4.8114,-1.22201,-24.888,-804.712,-602.192,6440,5180,-1960
-7.22992,-11.2669,-12.2704,-18.8219,-22.2209,-5.1036,-15.2531,-17.776,-7.63421,-9.00977,-1.64831,-13.6967,-4.64694,-11.3629,-13.2741,-5.91594,-24.888,-801.784,-604.144,6440,5320,-1820
-10.537,-8.86674,-13.6446,-7.6609,-13.9357,-5.22529,-1.90897,-8.37614,-6.67699,-13.276,-3.42995,-13.423,-2.43753,-12.3996,6.6604,4.29062,-23.912,-803.736,-601.216,6160,5320,-1960
-1.61986,6.04368,-6.26473,9.95817,1.16598,-4.07775,6.31581,-6.63085,7.44163,-7.98679,1.09248,-5.4315,2.13847,-8.06025,21.3731,10.1268,-24.4,-804.712,-602.192,5880,5880,-2100
6.51123,9.69306,1.01,7.22725,0.802481,-4.04136,-5.47539,-10.256,17.5292,-1.29395,7.04191,-3.87163,8.05921,-10.0235,5.63915,1.79941,-23.912,-805.2,-600.728,5600,6020,-2520
-0.912493,-0.533207,-1.19087,0.907896,-5.00148,-7.33608,-8.58243,-9.38747,5.14642,-7.5527,-0.214032,-10.3673,5.43478,-12.6566,-2.4362,-1.83854,-21.96,-802.272,-601.216,5180,6300,-2800
1.41112,-1.47057,-0.0768426,2.35304,-3.7301,-5.58899,-0.891689,-1.53196,4.567,-7.85498,0.213914,-10.0904,2.83162,-8.82345,2.03126,4.52303,-16.592,-801.296,-600.24,4760,6020,-3220
6.07173,2.24438,5.00334,7.49245,3.05309,-2.74291,9.93768,4.49635,7.64895,-3.65069,3.74142,-6.13998,0.273709,-1.06759,9.34754,14.1953,-13.664,-798.368,-599.264,4340,6020,-3640
2.84903,1.59475,6.11149,7.16691,5.80071,-1.73784,12.506,6.20527,2.23502,-3.75262,0.952896,-5.35296,2.21373,4.27754,9.46395,17.2765,-12.688,-800.808,-602.68,3920,5180,-4060
7.24221,-2.18726,8.61112,-6.95895,0.309479,-3.94855,-4.30593,1.06227,4.81555,2.57627,6.94843,-1.68213,6.40568,4.61042,-14.0239,4.22591,-12.2,-800.808,-606.096,3780,4760,-4200
-9.68364,-12.1182,3.57174,-5.53487,3.2356,-5.25273,5.58014,6.26696,-15.0113,-6.14873,1.65937,-6.04677,1.87285,7.38666,0.421881,6.47492,-9.272,-799.832,-606.096,3640,4480,-4480
-23.6328,-24.7305,-6.21072,-9.97211,-0.561833,-7.12364,5.17678,9.24452,-30.7804,-12.398,-6.08447,-12.7299,-2.31124,4.61127,1.5513,1.54652,-9.272,-799.344,-605.608,3920,4060,-4620
-16.0158,-21.6987,-5.5169,-15.2274,1.10754,-3.34094,-5.41071,7.27999,-18.8828,-2.53779,-2.64461,-7.27165,-1.18055,5.2863,-15.2198,-6.07768,-9.76,-797.88,-608.048,4340,4060,-4340
2.9266,2.48569,3.39081,1.64108,13.64,2.821,2.03961,9.30136,7.0895,8.79265,-0.808734,8.23875,2.51201,12.0514,-4.43832,-1.05434,-7.808,-797.88,-610.976,4620,3920,-4060
18.4519,31.7397,12.9663,30.4896,27.6164,5.43703,13.4111,9.77646,32.8047,18.3953,-1.24808,24.9829,5.18807,18.3439,13.9217,5.14823,-8.784,-797.392,-610.976,4620,3640,-3780
16.0296,33.6199,13.3582,32.2316,30.3179,5.03484,9.48178,4.97685,24.9962,20.5476,-2.30189,27.7303,5.99012,18.5152,9.00848,4.90372,-6.832,-797.392,-612.44,4620,3920,-3500
3.69897,11.1594,3.1195,4.8666,10.8176,0.590516,-11.3436,-3.03778,2.27596,12.8891,-3.35547,16.1825,3.24454,3.75602,-16.7359,-8.1898,-7.808,-800.808,-609.512,4900,4340,-3220
-3.22038,-6.43165,-5.48008,-11.294,-1.7534,-3.62378,-13.8769,-4.49376,-7.65383,6.50258,-4.12305,4.71988,-1.73127,-6.07704,-17.7251,-13.07,-8.296,-802.272,-610.488,4900,4760,-2800
-0.544145,-9.28677,-8.05978,-15.3181,-7.36885,-2.63737,-10.2585,-4.98029,-5.20161,6.2442,-3.84458,0.649022,-4.28278,-8.70098,-13.398,-14.8929,-10.736,-803.736,-608.536,5460,4620,-2380
-5.44083,-13.2331,-11.2963,-17.4252,-15.4389,0.626517,-5.828,-4.13266,-9.01272,1.55763,-4.85773,-7.14254,-5.07828,-13.2967,-5.46939,-14.3831,-11.712,-804.712,-602.68,5320,4340,-1960
-3.99416,-9.53816,-9.76076,-12.1568,-18.325,2.4112,1.321,-3.474,-5.84764,-0.855523,-5.68727,-8.02896,-6.62665,-15.4023,6.41336,-8.66543,-13.664,-804.712,-601.216,5320,4060,-1680
-10.6196,-15.388,-9.28958,-11.2831,-17.1961,5.46559,10.09,2.93771,-13.2453,-7.09635,-7.0842,-10.0273,-5.14612,-12.0042,12.318,1.35805,-14.64,-801.784,-599.264,5460,4200,-1400
-9.55966,-22.0906,-13.2202,-23.27,-24.5692,2.87789,-3.74489,-1.47815,-13.2396,-9.56276,-3.40307,-14.9744,-5.50486,-15.4742,-9.09116,-6.74022,-15.616,-805.2,-598.288,5180,4620,-1120
4.25204,1.72592,-5.70822,-0.196616,-11.5305,5.32581,0.893046,-1.15639,4.13744,-5.7192,0.975262,-1.82262,-1.24119,-8.29431,0.213325,-5.69786,-12.688,-801.296,-600.24,5040,5040,-1120
18.7031,29.3313,6.51584,23.464,6.56971,12.6053,8.67903,2.33815,22.3002,1.6192,7.23292,13.9442,3.17564,4.18094,13.267,0.848874,-11.712,-796.416,-601.704,4620,5880,-980
16.9922,25.6793,7.99062,21.054,10.8303,15.523,8.30764,2.34455,15.3111,2.33626,9.13453,11.7985,-0.165549,6.66983,16.6624,7.69223,-16.104,-796.416,-608.536,4620,6860,-840
6.31069,8.39503,9.43792,13.8279,13.2973,13.2359,15.1682,6.97052,-3.38845,-1.10216,6.80001,3.63031,-0.363836,12.3029,27.2246,19.9456,-17.08,-799.344,-603.656,4900,7420,-840
0.322959,-2.70267,8.99562,3.31347,4.79596,2.09593,5.67494,0.362895,-8.52585,-4.16589,8.81201,-4.86512,-1.36771,10.8106,16.8331,15.0785,-15.128,-795.928,-602.68,5320,7840,-560
-5.89099,-5.57231,10.6765,3.35035,6.71795,-7.66366,8.03987,-4.38104,-13.2115,-7.99972,5.35979,-6.81369,-2.70882,10.4732,12.9761,15.1219,-17.568,-794.464,-602.68,5740,7560,-700
-12.6296,-4.32178,5.4076,6.72658,2.60611,-12.7249,5.70524,-2.94907,-8.03187,-14.6594,-2.56923,-8.5537,-3.12088,3.56881,9.49483,12.1889,-16.104,-793,-598.288,6020,7420,-560
8.06914,3.31361,4.89203,-9.63051,-13.4509,-17.8395,-28.9254,-13.4461,22.0439,0.287717,5.35863,-5.02934,1.58919,-11.5651,-36.5122,-13.8718,-16.592,-794.952,-598.288,6160,6860,-420
13.6056,10.0055,7.31268,-13.7966,-6.4964,-11.3347,-30.4661,-13.8483,21.3624,7.06617,7.23899,-0.285711,0.755115,-7.01954,-49.1396,-16.3154,-16.592,-795.44,-603.656,6440,6580,-420
-8.08244,-3.78835,-0.965889,-8.06919,1.46778,-3.85959,-6.69829,-2.49782,-8.33354,-4.43976,-2.10979,-6.75116,-1.23906,-1.42139,-16.2157,-3.93922,-14.64,-796.904,-601.704,6720,5320,0
-8.72233,-11.2644,-7.32279,-15.7606,-5.35104,0.472606,-10.2107,0.755298,-7.28527,-0.980145,-1.60023,-9.47079,-0.0147914,-4.3634,-16.9554,-9.13326,-17.08,-792.512,-600.728,7280,4760,0
-24.807,-29.7477,-19.727,-24.1921,-15.4001,0.874535,-9.11146,4.57679,-26.37,-10.5077,-8.33309,-21.9639,-3.77953,-9.05161,-8.5311,-7.80923,-15.616,-790.072,-602.192,7840,4620,140
-8.0649,-14.1509,-12.4971,-5.61888,-7.56242,0.471907,4.47474,3.64564,-4.21164,-0.682212,-3.90624,-9.81864,-1.22711,-1.52554,13.4817,0.431084,-21.472,-790.56,-598.776,8540,4900,420
10.4498,13.1904,2.17665,21.2427,6.75498,1.19582,12.583,1.58774,18.7226,6.62417,-0.59719,12.3718,4.03947,10.4039,22.5014,5.33757,-20.496,-788.608,-599.264,8680,5180,560
12.2048,23.4054,9.19716,31.9968,14.7461,0.155804,12.0995,-2.80033,13.6506,6.47124,-1.36405,24.122,4.5789,15.6397,13.7999,6.47764,-20.008,-787.632,-601.704,8400,5460,560
-7.63185,4.38304,4.78881,25.797,17.3809,0.740254,21.4763,0.983366,-18.5408,-1.64909,-6.81978,15.6072,0.977445,14.9599,24.8357,14.8418,-16.104,-792.512,-603.168,8120,5880,560
-13.5648,-4.15929,3.67829,17.1831,14.6205,1.21515,19.1094,6.22258,-20,-2.97363,-6.88122,8.84661,4.57552,8.77623,26.1792,12.2609,-18.544,-793.976,-602.192,7980,5740,560
6.56662,2.88771,7.07246,1.71322,5.88653,0.728062,-1.38382,0.855525,8.09906,10.6976,6.39405,11.8194,7.69871,1.87557,-6.66011,-3.44338,-15.616,-795.44,-602.68,8260,5740,560
8.45747,-0.0207609,5.00939,-9.20404,2.45619,1.35274,-5.46043,-0.867113,4.56344,11.5711,9.88497,7.94938,8.14826,-2.04855,-13.9835,-7.2247,-20.496,-796.904,-602.68,8960,5320,700
10.8199,8.64685,3.23304,4.7416,9.00689,-0.164523,4.33248,0.877001,10.3019,12.0884,9.35353,6.98376,8.20702,-2.12472,8.37558,-3.5668,-20.496,-800.32,-601.216,9520,5600,700
5.92482,4.85154,-4.6702,-1.84517,0.28814,-2.55969,-3.26449,3.03035,12.3274,4.26573,1.88268,-1.81896,3.87344,-7.99806,-0.987888,-4.71218,-21.472,-800.32,-601.216,9660,5180,840
0.895588,-7.49222,-10.9699,-28.479,-15.5014,-2.30634,-19.4908,1.36484,6.5769,-1.578,-3.70395,-10.7358,0.802164,-14.4667,-26.4392,-9.88411,-20.008,-800.32,-600.728,9940,4900,840
-6.75566,-21.7028,-13.1495,-36.1469,-20.6977,-3.58322,-19.5753,-2.43654,-14.2917,-4.03108,-4.40628,-15.9261,-1.36215,-15.2217,-26.1452,-11.1575,-23.424,-796.416,-599.264,10500,4340,980
-5.68543,-1.17634,-3.61919,-2.56449,1.37868,2.38883,0.245695,1.9758,-14.8119,-6.10274,-6.8928,-0.768279,-2.73689,-1.1489,-4.54679,2.0248,-23.424,-795.44,-597.312,10640,4200,980
-2.89736,4.5148,-0.75127,0.864184,3.53729,3.08773,-2.42663,-0.404671,-5.10599,-7.11232,-6.97043,1.41645,-7.00837,0.157625,-10.818,1.5881,-17.568,-794.952,-600.728,10780,3920,840
12.4225,8.34103,-2.06183,-6.31421,-9.14687,-2.83226,-13.6241,-7.28285,23.4567,-1.05558,-1.0699,-1.65089,-9.23255,-9.17836,-16.457,-8.09892,-20.008,-794.952,-597.8,10780,3920,840
10.4922,11.5658,-0.326256,8.30775,-1.87076,-5.27326,0.600389,-2.0984,25.1823,-6.26389,-5.63694,0.89934,-7.83408,-5.00007,9.83091,0.0409167,-19.52,-793.976,-596.824,10920,4060,840
1.35901,5.55239,2.43148,10.2745,4.09071,1.83732,11.3581,7.94863,11.6845,-8.37309,-6.3687,2.17057,-4.31479,3.29744,16.5523,9.38164,-18.544,-797.392,-594.872,10500,4060,560
-8.17169,-7.65665,-2.84448,-3.21723,-5.51725,1.79496,2.1995,6.11379,-6.52889,-9.34012,-3.8472,-3.76149,-6.41255,-1.86296,5.34728,1.5649,-17.08,-795.928,-593.408,10220,4060,560
-19.0652,-15.3374,-3.60394,4.50704,-2.79015,2.73753,7.24661,6.52819,-32.4957,-8.84425,-0.12429,-7.3066,-5.29171,-0.0790228,14.6488,0.879692,-16.104,-796.904,-590.968,9800,4200,560
-8.2963,-8.12388,4.87136,13.5944,5.99449,6.80052,19.6437,13.4546,-26.2999,4.18336,8.50992,-0.955954,0.273568,9.61491,25.0719,9.81912,-12.688,-795.44,-595.36,9800,4340,560
-0.681536,-6.03554,4.6924,-4.56179,-6.14923,2.35197,3.29646,8.04431,-6.85943,7.05714,6.95751,-4.45099,3.57553,2.89383,-1.16541,1.39907,-13.176,-794.464,-594.872,9380,4620,700
12.2648,6.80809,8.11065,-3.61021,-4.78528,3.12204,-0.971271,3.91554,15.5029,12.3605,10.0817,-0.966825,6.27064,3.07216,-6.04045,-0.0359444,-9.76,-800.32,-599.264,9240,5040,560
10.699,7.69647,9.18242,1.10435,-1.33443,2.92879,2.85564,0.427543,14.0941,11.9896,12.2634,0.864784,6.75474,3.80228,3.34444,2.76877,-8.784,-794.952,-593.408,9240,5180,840
-2.15281,-1.83972,0.608294,-2.00762,-4.89908,-1.01098,1.67335,-3.75729,-1.40051,2.41248,5.8081,-4.8098,5.28598,-1.69146,3.40798,2.4614,-7.32,-791.048,-599.264,9240,5180,1120
-0.265707,3.5693,1.33763,5.34749,3.54772,1.7796,8.98453,1.56428,-0.477623,1.50517,1.49446,0.554927,8.27069,3.52071,8.59373,10.7201,-6.832,-792.512,-592.92,9100,5320,1120
-0.190191,7.00693,2.92749,12.8577,8.09763,4.05846,3.40633,-3.00029,-1.24499,0.999603,-1.55136,5.04912,8.80496,6.83265,5.41491,8.04333,-10.248,-790.072,-592.432,8820,5740,1400
6.80042,13.5437,6.61531,15.2796,15.3153,4.16602,-4.96152,-9.92486,3.6766,9.26119,2.22165,13.1458,8.77965,13.5118,-9.628,3.79669,-5.368,-793.976,-595.36,7700,5740,1400
10.8804,11.4164,7.15159,12.0774,12.6325,-0.338759,0.416669,-9.60934,14.2402,15.0364,4.21833,11.4254,8.3546,13.7031,-1.03611,3.88814,-4.88,-793.488,-599.752,7280,5740,1540
-1.05551,-4.74797,-5.87025,2.01326,-0.350528,-6.86049,-0.406094,-12.8636,2.69752,3.06564,-4.46665,-3.00435,-6.72183,3.80204,7.46786,-0.076725,-3.416,-791.536,-597.312,7140,5740,1680
-9.13356,-11.5568,-7.2606,-6.30832,-1.61057,-3.02378,-5.28385,-8.45072,-11.6452,-3.56015,-6.17467,-7.01036,-9.19844,0.707089,-4.45964,-4.63806,-0.976,-792.024,-594.384,7280,5320,2240
-7.78319,-4.11054,-7.40426,-7.67045,0.552046,-1.51238,-7.33511,-6.0804,-2.22211,-16.0922,-15.1728,-3.79764,-13.1857,-3.02844,-15.1303,-7.29856,-2.44,-792.024,-591.944,7420,5040,2520
8.2094,9.78756,0.938706,-8.24393,7.29802,4.19053,-5.94038,-2.9824,19.7788,-5.50954,-11.4299,8.51281,-10.0577,-0.774815,-20.8264,-7.43753,-0.976,-789.584,-590.48,7000,5180,2800
11.8605,6.47227,3.20921,-12.2909,2.26316,3.31321,-9.02385,-5.46348,18.6552,8.32304,-2.05472,9.38425,-5.10773,-4.43324,-17.2797,-11.6608,0.488,-790.56,-599.752,6720,5040,2940
-9.22071,-7.64624,-6.04037,-14.6419,-3.87341,-0.868925,-6.97375,-5.14989,-7.85128,-7.10258,-8.33823,-3.55791,-11.6227,-9.91821,-10.9775,-9.48026,0.488,-790.072,-598.288,6300,5320,3080
-13.2127,-9.06567,-6.08897,1.45306,-1.5981,-2.34942,7.66733,1.26439,-16.6341,-11.3028,-7.16365,-8.48233,-7.90065,-10.0745,21.1605,-4.67991,2.44,-788.608,-596.824,6300,5740,3360
-7.44299,1.4298,-2.8239,14.0518,2.67962,-2.77052,6.75876,1.53427,-13.9838,-10.0539,-2.13396,-2.4712,-5.40215,-6.40694,23.7238,-6.2718,0,-789.096,-598.288,6160,6020,3500
-14.0452,-13.0775,-5.22425,-8.38734,-8.60937,-4.82511,-8.0459,0.503705,-27.1886,-12.3642,1.1477,-7.43231,-7.26838,-8.92005,-2.4088,-12.9304,-1.952,-789.584,-595.36,6580,6300,3500
-10.1246,-18.973,-7.54437,-20.438,-18.9072,-4.78091,-13.1958,1.45638,-17.7041,-9.94647,5.01867,-10.5357,-5.34463,-13.4103,-9.27596,-14.1889,-3.904,-791.048,-594.872,6860,6580,3640
0.431552,-7.86053,-1.92283,-11.9427,-11.4827,0.8672,-7.18635,5.8469,0.303387,-2.3455,8.23346,-4.19141,2.62124,-7.01711,-6.50067,-7.35851,-8.784,-789.584,-595.848,6580,7000,3640
2.05645,2.96046,1.61223,3.52788,-2.59571,-1.69179,-1.08415,3.80664,1.48295,-0.37211,6.15528,-1.04028,3.0997,-1.88556,1.46833,-0.766335,-10.736,-787.632,-592.92,6160,7840,3640
-4.29823,-3.24058,0.760696,-0.539228,-5.1158,-5.60331,-1.86286,3.55659,-4.47639,-3.3954,5.85074,-7.60127,5.37129,-3.94393,-3.13913,1.5216,-13.664,-793,-592.92,5880,8540,3640
6.74864,4.18046,3.75476,3.12025,-2.5403,-6.04408,1.89925,3.71119,12.948,5.24752,9.99085,-1.35039,9.16489,-1.07406,-0.1885,8.22314,-14.152,-790.56,-596.824,5600,9240,3640
14.531,7.22587,3.12078,-3.72162,-4.33432,-5.16421,-1.90365,2.88831,23.4136,11.0207,10.671,2.86216,11.7621,-0.433686,-9.53075,10.4409,-17.08,-791.536,-593.408,5600,9380,3640
9.44302,4.65952,1.5867,3.39466,2.39979,1.7783,11.7632,11.0597,14.0398,6.82571,4.04358,3.81003,11.6805,7.16849,7.0906,19.5485,-15.616,-787.144,-594.384,5600,9380,3360
17.0195,18.8956,9.78232,22.3298,16.2637,8.54823,15.8819,16.7884,18.3979,10.0831,2.23886,13.9866,14.7112,15.6716,14.8516,20.5739,-12.688,-791.536,-593.896,5600,9520,3360
17.336,23.0112,12.9436,24.2654,16.6495,6.90451,4.47554,12.3257,16.6679,9.67494,1.29707,16.5241,15.798,13.2855,3.89427,10.7582,-14.152,-788.608,-594.872,6020,9380,3500
8.27866,14.115,8.22332,21.579,15.1721,5.86242,12.7682,8.10369,6.50838,5.19983,0.0631522,8.79045,3.43175,13.5311,15.681,14.9021,-15.128,-789.584,-593.896,5880,9100,3640
0.621091,-1.76663,-2.52259,-0.476,-2.34891,0.897383,3.14169,2.31965,3.16323,-0.344428,-2.84307,-3.84618,-3.37004,-0.494158,5.56662,8.48875,-13.664,-789.096,-592.432,6020,9240,3500
-9.10027,-13.5938,-8.01538,-13.7837,-6.74639,-1.63395,-5.4496,-1.03157,-15.5753,-5.04089,-4.78082,-7.46236,-4.75487,-6.46734,-9.80292,2.19396,-15.616,-790.56,-590.48,6020,9100,3640
-19.2515,-25.1655,-8.35822,-22.927,-5.98213,-1.9132,-7.83269,-4.59395,-34.8535,-8.96991,-6.39236,-10.9782,-3.94008,-5.33516,-15.3188,1.24889,-16.592,-793,-590.48,5740,9240,3500
-17.4244,-18.8719,-5.54087,-14.2956,-5.74452,-1.69147,-3.26799,-5.96278,-26.2742,-7.57895,-7.21877,-5.98016,0.882434,-3.73,-2.73125,2.33487,-17.568,-790.072,-588.528,5600,9520,3360
-12.2828,-12.1724,-4.28066,-6.30004,-6.29601,-2.02601,0.306472,-6.25674,-13.888,-4.08454,-7.59905,-2.74064,2.80682,-0.439293,5.80648,-0.797177,-18.056,-792.512,-588.528,5040,10080,3080
-0.53267,6.11353,-1.39892,9.50878,1.65682,-1.98141,1.7032,-9.6906,4.5584,1.61664,-7.02299,6.92003,4.74654,3.35016,8.24636,-5.47464,-15.128,-789.584,-594.872,4760,10220,2800
13.9363,23.5374,9.82788,27.0184,18.0437,3.14292,10.2523,-7.01771,17.5107,11.9035,-1.94245,19.8023,4.31995,16.6861,11.2917,-3.55535,-17.568,-789.584,-595.36,4620,10360,2660
10.6799,16.1484,8.06983,13.764,10.1458,-1.36665,2.58003,-9.45486,12.3022,11.2992,-1.85809,13.945,-2.37401,12.8578,0.558841,-12.7965,-19.52,-791.048,-599.264,4480,10080,2240
-7.26466,-5.04165,-1.96967,-7.32258,-2.94618,-4.93025,-6.48464,-11.243,-8.01793,1.50531,-5.8043,-2.82694,-10.2024,0.605151,-11.3034,-19.0475,-20.008,-792.512,-600.24,4620,9800,2240
-5.47383,-6.66838,-3.60997,-16.8659,-5.95783,-2.06868,-11.5356,-11.9392,-3.27464,-0.16707,-5.57599,-8.07711,-14.3717,-1.29993,-20.7551,-17.9012,-20.984,-792.024,-599.264,4760,9100,1960
-1.29285,-5.29124,-4.74008,-18.8411,-7.04063,1.57806,-12.0507,-9.30466,3.14923,0.17284,-1.17214,-7.48644,-12.868,-4.18986,-19.1946,-15.4111,-22.936,-789.584,-597.8,4760,8540,1680
-0.28877,-0.832168,-0.681567,3.45442,4.10714,8.59458,9.8535,1.31797,5.50743,2.58031,5.86281,-1.60428,-6.85791,2.33714,14.6343,1.5575,-20.008,-790.56,-594.384,4760,7560,1540
6.09928,5.2015,1.04469,8.32803,3.11825,9.07332,14.8912,4.48554,15.9008,5.63683,10.9347,1.33093,-3.85611,1.67686,20.5866,5.42051,-19.52,-788.12,-594.384,4340,6300,1400
1.11984,0.0813379,-1.68464,-1.15488,-7.67198,4.83563,3.34516,3.03235,10.5302,0.461935,9.84911,-4.90576,-4.33882,-10.3281,9.08376,-2.0719,-19.032,-789.096,-595.36,4340,6020,1260
3.79076,7.75486,-0.569035,5.72922,-3.80128,1.95538,0.398379,0.891583,13.031,1.19113,10.6529,-3.12139,-3.99276,-11.5889,5.09638,-3.88296,-18.056,-791.048,-594.872,4340,5880,1260
1.5029,3.66431,-1.39113,-0.698199,-6.25487,-2.32112,-11.4047,-3.85144,9.0101,-3.43052,7.41947,-6.46923,-2.73809,-14.6636,-14.1994,-10.38,-17.08,-787.632,-591.456,4200,5880,980
-2.59736,-6.88639,-3.5493,-11.2293,-11.1568,-4.7738,-12.5805,-2.60158,-1.20356,-7.04089,6.78045,-9.42376,-1.25227,-14.4972,-11.1694,-7.71548,-15.128,-788.608,-592.432,4060,5740,1120
1.57806,4.78305,0.31765,12.6572,3.13006,-4.19436,12.1644,6.52203,-0.052179,-3.55346,4.31391,1.44116,0.757852,-4.33196,26.8742,11.3265,-16.104,-784.704,-592.432,4060,5740,1120
7.95937,12.625,6.30152,19.5656,8.96672,-2.8938,11.9404,6.75114,3.82342,1.56652,2.22005,9.91428,5.90507,1.23926,23.0015,15.4684,-16.104,-787.632,-591.944,3640,5460,1260
-1.03565,-6.34235,1.57469,-3.66272,-2.99333,-3.34752,-5.05316,1.98966,-18.0048,-2.19403,-1.47417,-1.20544,4.83168,-2.36606,-5.49252,5.48697,-15.128,-786.168,-593.408,3500,6300,1120
1.63898,-2.33256,5.24465,1.64921,1.77015,-1.58523,-1.91615,3.05839,-16.5757,-0.143296,-6.27496,0.709051,6.9946,-0.447625,-1.51564,4.71341,-15.128,-788.608,-596.824,3220,7140,980
-4.01304,-3.06392,4.26039,1.18503,5.22699,0.372436,-1.71547,4.80015,-15.4252,-8.26259,-14.3609,0.845565,3.04466,4.00976,-9.26994,9.03711,-16.592,-789.096,-602.68,3220,7840,840
-4.93455,-7.39226,0.111931,-16.7126,-7.27532,0.933458,-14.2393,5.01121,2.70276,-16.5468,-12.5446,-6.13937,6.74829,-1.07927,-27.6668,2.29691,-15.128,-791.048,-596.824,3780,7840,840
10.8884,18.0697,3.40194,-2.36391,0.799883,6.63356,-4.09661,9.54286,35.392,-7.63849,-1.57957,5.18725,12.758,4.24347,-10.358,7.93607,-17.568,-789.096,-599.752,3920,8400,700
8.94896,18.4337,2.4519,4.45227,7.28482,4.39116,0.222549,3.74572,15.4499,3.6667,1.34681,10.613,3.30177,8.75455,-6.86165,9.40768,-18.056,-792.024,-601.216,4760,8540,560
-19.0908,-24.2974,-5.12155,-20.8674,-3.2655,3.27123,-6.67862,2.53857,-46.1792,-1.01721,-3.09191,-6.67339,3.67411,3.86517,-16.2173,1.6806,-19.032,-794.952,-600.728,4620,8820,280
-43.3236,-54.2734,-12.9621,-24.1389,-5.45611,5.72111,2.15675,8.03656,-81.7164,-13.1262,-8.08224,-22.3245,0.732538,3.07896,1.86366,6.43205,-20.984,-793,-601.704,4760,8680,140
-15.1403,-24.4371,-11.1728,-15.3659,-8.96902,-0.43278,-6.04023,0.629786,-26.5228,-3.95029,-3.84341,-9.05609,-5.24887,-1.36797,-10.7806,-3.00012,-22.448,-794.464,-599.752,4900,8540,-140
7.80393,-3.04407,-1.89972,-17.2443,-6.09794,-3.63659,-12.8063,-6.07247,7.36262,7.17178,4.17727,5.7153,-6.0075,-0.206527,-29.7447,-9.11745,-19.52,-795.44,-595.36,4760,8540,-420
23.3667,7.25936,8.24152,-2.51528,4.98658,-0.971358,-0.884313,-4.79552,26.9073,20.1359,11.5775,14.8603,-3.79357,9.71616,-7.51111,-4.50473,-20.496,-790.072,-598.288,4480,9380,-840
22.9351,20.9646,2.75926,19.0177,8.25071,-2.97317,5.9988,-3.56593,37.6449,15.7559,5.81023,15.8641,-5.61358,10.052,13.8195,-5.11998,-16.592,-790.56,-594.384,4340,9660,-980
6.73325,11.9447,-5.609,13.9747,5.01245,-8.22716,5.80948,-7.73758,22.3794,5.19273,-3.26108,5.08328,-10.7259,7.38282,15.5436,-6.73496,-19.032,-793.976,-595.36,4060,9660,-1120
-5.42215,1.7108,-9.07345,12.2225,1.30858,-10.3306,6.48606,-10.5082,7.09953,-3.81461,-10.2098,-5.96102,-9.97776,5.31299,19.9441,-6.47749,-16.592,-790.072,-596.824,3640,9800,-1120
0.804809,8.26614,-9.17341,10.98,-3.86817,-12.1039,1.77103,-11.6659,20.9289,-4.76174,-10.2372,-6.58166,-6.93119,-0.185137,14.7236,-7.7517,-10.736,-787.144,-595.36,3360,9380,-1120
9.58595,14.1141,-4.56943,14.3229,-2.55942,-9.54287,4.45495,-5.88507,29.0019,-0.188564,-6.33407,-3.94295,-5.0492,-4.82271,22.0516,-3.92411,-9.272,-787.632,-596.336,2940,9100,-1120
-0.9438,6.02648,1.121,6.77913,-3.57351,-5.62875,-2.09877,-2.60651,5.69923,-3.26405,-3.04745,-5.05714,0.421877,-10.1683,9.51968,-6.23058,-9.272,-790.072,-596.824,2520,8820,-1120
-4.22587,4.70095,10.3741,5.71327,2.97443,-0.340727,2.76004,7.00499,-8.28273,0.255071,0.740059,0.502573,6.84959,-4.59817,4.24099,-1.84661,-8.296,-790.56,-596.824,1960,9240,-1400
-15.4559,-0.296803,12.6442,14.6913,12.0989,6.43326,20.7281,19.195,-33.1339,-4.15722,2.47093,1.00171,9.39088,-0.460817,18.9966,9.06798,-6.344,-793.976,-595.848,1260,9380,-1680
-8.15322,9.6412,14.8079,21.7989,17.9473,12.7466,26.1395,27.8057,-19.0867,-1.50388,5.20597,7.46521,12.0848,1.64685,23.3907,16.226,-4.392,-797.88,-593.408,560,9240,-1680
12.0183,14.8696,17.6114,16.1824,14.0744,13.2327,17.4537,30.2692,10.2958,11.1289,13.1537,10.7928,13.3329,0.221777,15.7821,13.5194,0.488,-797.88,-594.872,560,8540,-1680
17.5366,10.2286,12.5814,3.59154,6.65247,9.64323,11.5059,28.9946,22.6839,12.6317,18.0767,5.6328,16.2411,-3.95127,10.0289,8.13581,0,-797.392,-592.432,560,8260,-1680
20.3328,9.87414,8.58119,7.25325,8.14627,11.0297,12.4209,25.4154,27.7376,12.582,22.9491,5.32614,16.4379,-4.70676,17.1154,7.66861,-1.464,-795.928,-590.968,700,7420,-1540
7.99084,-0.486111,-3.6655,-1.24957,-3.88587,6.47815,-1.21656,11.0305,13.4072,3.82877,16.599,-3.55064,8.78291,-14.3308,5.0798,2.05333,-1.464,-792.512,-596.824,700,6720,-1120
-1.44177,-13.2438,-7.5162,-21.5164,-15.7245,2.8775,-13.9667,-2.59574,-3.3498,-0.170075,8.29651,-8.90328,3.9426,-15.3662,-18.0264,-1.68449,-1.464,-788.608,-595.36,700,7140,-840
-10.8816,-16.0983,-5.67243,-10.9251,-6.21888,3.28098,-4.09627,-12.8464,-20.0506,-8.68571,0.370086,-4.16501,-0.520583,-1.59371,-6.93842,3.28349,-4.88,-784.704,-598.288,560,8400,-560
-5.65102,-2.15885,0.527717,0.357659,5.06609,4.11525,-14.9361,-28.1045,-18.1561,-7.74203,-3.0304,12.5837,0.058861,12.6165,-29.193,-3.76089,-4.392,-784.704,-594.384,420,8820,-280
2.44337,6.64928,4.60696,-11.7778,3.69335,1.36402,-31.3284,-39.2958,-7.11888,-2.48247,-2.72145,21.053,-1.3884,15.4858,-65.8751,-15.7628,-4.88,-788.608,-599.752,-140,9100,-140
-8.42878,-13.3028,-9.88953,-34.4769,-14.2989,-6.33066,-34.5589,-44.6807,-10.6539,-9.59995,-11.5462,0.960309,-9.21138,3.81853,-61.3238,-22.08,-6.344,-789.096,-601.704,-280,9520,0
3.59963,-7.52188,-15.7889,-33.9179,-23.1262,-8.70827,-31.4506,-49.0466,13.9251,-1.23564,-8.89257,-3.48416,-16.4326,-2.09201,-39.2885,-21.3937,-7.32,-787.632,-596.336,-280,9380,420
-4.08779,1.34245,-14.1766,-3.985,-5.22971,-11.2697,-2.89516,-42.6174,-2.78455,-1.45797,-15.6897,-1.73958,-23.5166,4.98039,10.9829,-3.51901,-10.736,-793.488,-593.896,0,9380,420
-29.774,-19.5284,-10.533,-2.99458,1.66061,-7.82551,3.77156,-34.8534,-44.9223,-7.68732,-17.82,-12.1989,-19.6865,10.3915,14.056,3.97735,-9.272,-792.512,-595.36,420,9520,700
-21.175,-27.3162,-10.7962,-15.829,-10.2944,-9.08297,-7.68211,-29.7945,-25.6588,-1.40367,-10.1736,-20.0509,-17.4578,1.94374,-2.37611,0.801391,-9.272,-796.904,-595.848,560,8960,980
-7.05536,-16.7822,-8.5153,-10.6049,-10.5489,-8.02485,-7.34617,-18.9414,-2.56168,3.5143,-5.69418,-15.3521,-14.1684,-2.68406,0.579707,2.24902,-6.344,-796.904,-592.432,700,8820,980
5.49178,2.24232,1.82855,0.149879,-4.67272,-2.7656,-4.22333,-3.86692,15.9307,9.84146,0.744648,-7.17988,-4.65161,-1.35355,0.563396,1.47887,-7.808,-799.344,-594.872,840,8680,1120
5.66046,-3.78843,2.69002,-3.18419,-5.55133,-1.93192,4.41857,11.4569,14.9367,7.76558,1.80372,-11.7633,-4.06798,0.0712806,13.9321,4.63184,-7.32,-800.808,-595.36,980,9380,1120
4.7933,1.44391,6.771,14.4864,6.08196,0.442159,18.1411,27.6269,5.69461,6.95174,3.27381,-3.7524,1.10007,7.42264,33.3177,13.1186,-6.344,-798.368,-597.312,980,10080,1400
-9.03892,1.92123,-0.033282,11.9282,3.17048,-1.58147,12.7559,37.2716,-9.00707,-14.8128,-10.6114,-7.08774,-2.58597,5.05818,17.8215,9.23573,-5.856,-797.392,-599.264,1120,10780,1540
-14.2328,7.08981,-4.00045,21.3928,8.31207,-0.170496,23.5828,48.6724,-13.4675,-26.0461,-19.4254,-6.15436,-2.57491,7.46241,29.2474,14.9739,-7.32,-800.32,-595.848,700,11760,1680
5.95061,21.7888,3.9688,30.7338,14.7931,-0.177372,29.2285,48.6063,11.8883,-5.38316,-6.78033,4.56234,4.83769,7.35543,39.6008,16.1409,-8.784,-801.784,-597.312,840,12320,1820
21.0148,23.2462,6.71001,17.6778,5.36712,-2.6363,10.7081,33.8147,27.754,9.57679,7.14537,9.50416,7.65083,-3.14317,15.976,1.56638,-8.784,-796.904,-599.752,700,12740,1960
21.0031,8.77971,5.86727,-3.74789,-3.18455,-0.0833203,-8.46042,23.4726,11.9333,10.4123,9.54461,9.32884,14.3755,-11.7018,-18.231,-10.9058,-11.224,-797.392,-597.312,140,13160,1820
15.5988,1.89148,-1.76787,-12.0687,-7.21003,4.68166,-4.7324,22.8365,12.4101,-0.614834,3.3841,4.4602,13.0467,-16.657,-16.5245,-10.1205,-11.712,-799.344,-598.776,-420,13160,1400
8.5922,2.55064,-4.01306,-6.39163,-10.3711,5.33755,-3.31301,20.467,15.0263,-5.49391,0.975345,0.577661,11.3667,-22.6326,-5.58653,-12.596,-12.688,-799.832,-596.336,-700,13440,1120
-15.6795,-12.9468,-7.99333,-7.18883,-12.7788,4.68453,-1.81323,17.2331,-16.6105,-21.2421,-5.89715,-8.04195,7.98855,-22.1187,-1.02663,-12.7359,-15.128,-803.736,-592.92,-1680,13440,700
9.88124,9.35447,10.0559,18.2011,7.42459,10.0193,16.9823,18.467,1.15402,3.76232,6.6649,14.7491,16.5745,-6.17451,24.8878,1.13332,-17.08,-802.272,-592.92,-2100,12880,280
8.93716,21.6142,12.9189,34.4783,16.571,11.0266,20.4327,13.9011,7.43688,4.65554,8.39618,20.713,15.5768,-3.58096,31.3813,2.76303,-16.104,-803.248,-595.36,-2800,12460,-280
16.4056,23.0489,13.5562,12.8375,9.12965,9.00909,-9.78294,-0.41038,20.9609,6.94333,9.7313,22.3803,12.0257,-6.19088,-21.7528,-13.1722,-16.104,-803.248,-595.36,-3500,11760,-980
-1.88651,14.9692,10.9894,5.73799,14.1405,11.4302,-10.6603,-3.07139,-6.10092,-8.97471,1.15297,21.0227,10.2509,1.6967,-31.2178,-3.93496,-20.984,-810.568,-586.088,-4060,11200,-1400
-37.2177,-21.2724,-4.12058,-6.65284,5.91948,7.48955,0.742388,-2.41578,-51.9555,-22.713,-5.98152,-3.63878,3.94406,-2.18753,-11.7995,8.18457,-20.984,-810.568,-586.088,-5040,10640,-1960
-21.2562,-31.9873,-0.127376,-23.9375,-3.6546,2.24848,-10.7997,-13.384,-39.013,2.86079,8.21454,-8.76762,4.51313,-2.69866,-24.6623,1.74779,-18.544,-813.496,-588.04,-5320,9660,-2380
-14.9068,-31.8812,7.17623,-19.968,2.32419,-0.121184,-6.16919,-17.5632,-44.0286,14.4121,14.2098,-2.43136,4.66316,7.35527,-17.7522,5.97821,-16.104,-818.376,-585.6,-5180,8540,-2940
16.2657,-17.5281,12.2353,-29.5482,-7.19968,-5.65667,-14.6514,-23.4016,13.7621,32.5762,24.5349,0.913643,5.84289,5.87593,-20.8754,-0.872945,-18.544,-816.912,-587.064,-5040,7560,-3080
30.1128,10.1308,8.09277,3.95372,-2.86791,-11.1904,7.40474,-24.3209,56.0212,33.1303,21.7847,-0.484373,-0.27291,6.90551,31.8258,3.31294,-18.056,-819.352,-587.064,-4900,7420,-3500
15.6579,15.2808,1.81168,10.362,0.601288,-9.33858,10.804,-21.0479,38.1625,20.7577,12.8236,-7.08045,-10.9364,10.4167,28.7963,6.95985,-13.176,-818.864,-584.624,-5320,7000,-3780
14.6712,14.3288,1.44601,-2.64871,-0.459359,-7.74676,-4.52866,-22.5333,34.134,18.3495,10.9392,-6.92096,-13.0174,13.1898,-6.84642,1.94287,-15.616,-823.256,-577.792,-5880,7560,-3920
17.8315,14.7015,3.52442,-8.66507,10.3756,-3.11192,-9.20966,-19.5462,38.8559,15.1616,8.61993,0.736066,-11.8529,23.0035,-27.7441,4.91172,-14.152,-824.232,-578.768,-6300,7980,-4060
0.687443,16.9041,-1.03715,6.47112,28.2447,2.21994,11.2884,-12.6175,26.5155,-13.6118,-4.50138,2.5726,-17.8004,33.3227,2.13119,18.3499,-13.176,-826.672,-575.84,-6720,7560,-4060
-24.1678,-5.11184,0.0434302,18.9278,33.4027,4.6641,32.3585,-9.81673,-27.646,-16.6441,-12.1072,-4.48584,-18.8131,40.9895,40.7582,25.3055,-12.2,-830.088,-587.552,-6860,7000,-3780
-13.7056,-5.2402,-1.47796,-4.13668,8.02058,-2.98731,-10.1673,-25.0792,-18.7678,0.129954,-6.76944,-4.44663,-18.495,29.1393,-20.9015,-3.5854,-5.368,-827.648,-602.192,-5600,6580,-3640
8.86926,5.37401,5.2426,-17.1446,0.990429,-7.70316,-32.8127,-36.6282,-10.5625,13.7173,-3.16755,13.0244,-16.4611,24.0904,-55.2633,-16.6257,-6.344,-812.52,-616.344,-4060,6020,-3220
-38.947,-28.3302,-10.0072,-7.78776,0.887379,-2.74068,-5.69142,-24.9878,-75.7916,-20.992,-24.4394,-5.88109,-21.9045,14.7452,-5.60484,2.198,-7.808,-801.296,-610,-4340,5880,-3500
-38.9161,-23.5671,-29.747,-0.188931,-17.7568,-7.10353,-0.688398,-19.9801,-40.6421,-33.443,-31.8586,-20.8333,-28.9203,-17.7594,28.9668,-1.49844,-10.736,-797.392,-603.656,-6720,6440,-3780
-17.8043,-4.15782,-36.8333,17.7375,-21.1881,-6.48778,9.65602,-9.03016,8.50518,-31.0218,-29.8988,-17.6284,-26.2438,-37.3755,67.9086,-2.31189,-13.176,-800.808,-595.848,-10360,7000,-4620
-3.54844,7.84376,-35.7235,20.8986,-29.2704,-6.60223,3.15858,-3.06845,30.1653,-24.0583,-22.689,-12.8435,-15.9094,-55.1218,55.8275,-11.8716,-9.76,-812.52,-597.312,-16380,8120,-5740
10.7663,3.66694,-21.6799,-5.89253,-37.6863,-1.71726,-8.99655,9.60811,26.3285,-5.05347,-14.1061,-2.67327,4.59075,-59.4826,9.009,-18.2328,-12.688,-817.888,-586.576,-21840,9660,-6860
6.00652,-14.3954,-9.31227,-10.3198,-24.4399,5.19751,-0.573382,31.0639,-9.61476,1.37778,-9.27135,0.101544,24.9783,-45.404,-3.26088,-8.66213,-15.128,-828.136,-583.16,-25480,9940,-7840
6.21754,2.47688,-4.13741,4.03587,-11.1901,7.41278,-3.99571,45.2843,-4.32699,-8.36507,-6.8865,-1.01614,29.0998,-28.75,-18.5409,-5.96252,-15.128,-837.896,-588.528,-29820,9660,-8260
25.4293,31.961,8.49757,8.32032,-9.63252,3.3696,-22.5894,43.8422,31.8581,-1.22027,3.55249,5.61694,34.4526,-13.387,-49.0099,-14.7736,-14.152,-836.92,-591.456,-31640,10640,-8540
40.4797,41.994,20.6818,1.38689,-10.8229,-1.13963,-32.0278,35.3601,48.1427,19.606,21.8051,10.0006,39.9934,3.6655,-64.8041,-19.6163,-16.592,-832.04,-592.432,-33740,11060,-9380
5.78283,-9.60571,16.3761,-13.9404,-9.25527,-0.00847177,-9.55334,34.9317,-20.1688,10.0105,21.185,-10.0709,36.247,22.2532,-37.1286,-2.17854,-17.08,-833.992,-603.168,-35420,11060,-10080
-15.3864,-53.4982,16.085,-38.9217,-8.3446,-1.2677,1.94529,27.8718,-63.9743,6.21748,14.391,-21.5504,28.9138,33.1655,-25.0311,11.0156,-18.056,-835.456,-609.024,-36540,9800,-10780
-38.403,-52.301,13.3861,-15.8947,7.65932,0.385282,20.7135,20.3959,-93.2182,-9.88235,0.202113,-16.4486,16.3931,38.4337,7.50489,24.4931,-16.104,-824.72,-610.488,-37380,8260,-11620
-22.8435,-26.6467,12.2967,-0.332409,10.6973,-1.76553,23.444,5.41679,-57.2914,-2.4739,-0.576691,-4.73416,9.92782,27.4767,18.723,23.9743,-17.08,-810.568,-608.536,-38360,8120,-12320
31.0243,29.4977,9.89689,16.1316,2.48967,-6.45285,15.966,-7.87549,65.6,18.0153,5.87919,11.0234,12.904,3.1371,33.5009,10.3478,-15.616,-799.832,-607.072,-41580,8820,-13440
55.6859,58.4184,4.27599,22.0972,3.26617,-9.46481,3.98156,-28.957,111.334,18.4131,0.537715,23.5111,2.17228,-10.9239,30.4266,-6.38026,-18.056,-792.024,-594.872,-46200,9100,-14700
8.5815,15.0722,-8.28694,14.6118,8.85186,-3.68197,1.75542,-36.2923,25.2496,-5.43232,-13.1423,9.03833,-10.1482,-13.3759,28.3299,-9.1899,-19.032,-789.096,-586.576,-49700,8680,-15540
11.6812,9.60822,-3.22841,-1.06316,11.6313,5.63364,-12.6523,-34.6791,24.0506,-3.22986,-3.38308,13.0008,-19.0607,-12.5296,-7.9185,-12.4109,-19.52,-786.168,-580.232,-52080,7000,-16380
6.57329,12.1053,3.105,1.67295,33.6782,16.3417,13.4281,-16.7105,4.64569,-10.5031,-1.8726,27.036,-39.6099,2.6675,6.63488,15.7366,-11.224,-780.8,-596.336,-52640,6020,-16660
-52.0022,-48.5946,-8.44748,-21.0837,28.6779,16.6717,9.23607,-13.8759,-99.4055,-27.569,3.1955,8.5687,-44.7346,-2.99141,-11.145,13.6757,-6.832,-782.752,-598.288,-57400,6720,-17360
-42.9361,-44.2593,-9.51562,-29.2616,15.1876,13.0015,-16.8049,-24.1928,-82.0823,-9.54174,17.31,7.39183,-31.0741,-16.6947,-37.6976,-12.5118,-0.488,-781.776,-604.632,-63280,10080,-18480
-17.8113,-11.714,-3.74878,3.20253,16.5531,11.1708,2.80905,-15.4237,-24.6926,9.29782,13.3835,12.5593,-12.4719,-14.3874,11.8044,-10.2958,6.344,-785.68,-617.808,-67200,13720,-19040
13.0653,30.3438,-1.2407,7.46943,-0.407967,-3.39063,-11.6603,-22.4342,46.2208,21.5645,14.59,13.255,-5.03577,-23.1801,-5.57882,-26.798,7.808,-788.608,-617.808,-72660,18620,-19880
9.72456,24.5804,10.4143,-0.307641,7.02886,-3.82491,-3.48208,-19.0509,33.6907,20.923,19.0112,13.0587,2.38914,-4.6367,-14.4706,-17.1377,7.32,-791.048,-615.856,-75040,22260,-20160
-4.10028,5.52621,16.791,11.44,14.4852,1.4578,27.4834,3.91209,12.5722,11.6113,15.6881,3.61215,3.13803,15.8169,32.1083,4.22191,5.856,-796.904,-624.152,-76860,25900,-19740
-24.4101,-3.53903,18.4089,23.9805,17.4956,3.79868,37.4422,27.2374,-22.774,-4.60409,-1.75835,-5.27511,0.145647,31.6377,41.3153,13.315,3.904,-802.272,-626.104,-77980,28000,-19040
-15.3236,-3.35199,23.2163,11.8595,10.7937,3.59788,21.1629,41.6517,-10.9793,2.85009,-8.95042,-8.76602,7.48305,40.0845,9.5553,12.6383,5.856,-801.296,-639.28,-78400,29820,-18620
35.2705,42.7178,23.3563,30.5429,-4.47106,-5.65261,-1.76121,40.3204,73.0244,28.3597,5.20795,-1.95852,12.731,24.429,5.38631,-5.82094,4.392,-797.88,-638.792,-79100,34720,-18060
52.8095,57.8349,12.6954,20.1921,-23.5388,-14.4061,-17.2062,40.1319,108.879,27.4227,6.78141,-4.43876,8.6508,9.1171,-11.9372,-14.3375,-3.904,-797.392,-627.568,-79660,37940,-17500
37.1871,51.8397,2.81081,50.9001,-11.0746,-10.6607,29.7019,59.5024,79.8759,10.4473,-2.4909,-7.20582,5.94962,10.598,61.2429,19.3043,-2.928,-795.928,-637.328,-80500,40040,-16520
0.543344,7.98535,4.46853,30.8505,0.475245,1.3724,27.7888,61.6869,-6.78559,-7.52136,-9.75586,-12.4123,9.70256,17.9122,31.6669,30.1532,-7.32,-804.224,-636.352,-82180,42000,-16100
-4.4567,-9.46817,0.554839,-8.19558,-7.97485,3.35442,-7.56729,47.5501,-20.8674,-13.3356,-13.9678,-13.9075,9.30657,10.7494,-34.6908,16.0204,-3.416,-805.688,-637.328,-82880,44380,-15820
13.6731,-17.0637,0.240274,-53.1603,-24.747,-1.47821,-47.8857,24.5111,1.9505,-3.15004,-2.64959,-10.8065,8.28815,1.59092,-101.328,-6.9417,-8.784,-797.88,-642.208,-84000,47740,-15960
-14.2456,-51.9955,-15.3544,-76.0005,-44.0568,-0.44392,-38.3918,19.3375,-20.5083,-26.0346,-9.69787,-34.2369,-1.55161,-9.5956,-76.1067,1.62066,-5.368,-798.368,-638.792,-84140,51520,-16240
-45.7557,-77.0233,-30.8451,-67.0228,-47.791,3.87783,-24.2866,14.4049,-70.3602,-47.7475,-17.4514,-49.0083,-13.029,-15.7937,-35.7605,10.4202,-6.832,-792.024,-643.672,-84420,56700,-16940
-26.8508,-51.9467,-25.0934,-60.5047,-29.4027,9.18957,-31.1149,-6.06437,-47.6946,-30.6588,-7.99177,-26.8577,-9.36378,-10.4626,-51.5291,7.27492,-9.272,-787.144,-650.016,-85120,63000,-17500
7.3838,16.1234,-13.6384,20.6063,12.32,14.9678,21.3394,-35.1504,23.1825,-6.42004,0.0717515,8.08484,-0.239042,5.03579,43.1944,31.3311,-10.248,-779.336,-645.136,-87640,69720,-17920
35.0342,34.5832,-3.06714,33.8256,17.7117,8.52163,28.1809,-77.7711,52.7819,20.9042,12.2182,25.0868,-0.571852,2.59366,63.2307,29.1907,-17.08,-779.336,-649.528,-88340,78680,-18760
28.2257,21.4081,-7.70493,35.3843,7.53538,-5.09983,26.2307,-93.7827,34.8912,19.9195,12.5798,18.543,-4.67413,-21.6585,85.5055,13.8049,-14.152,-783.24,-659.288,-88900,85540,-19180
-17.1603,2.71275,-11.958,63.3713,22.3146,-9.33779,29.7755,-85.2676,-45.8525,-3.99864,0.143258,7.73862,-5.07146,-37.1359,109.273,4.35708,-18.544,-779.824,-656.848,-89460,95760,-19320
-43.713,-17.927,-12.5901,46.364,31.2541,-7.37813,12.8282,-63.9458,-93.948,-15.6452,-12.2964,0.981452,-7.84594,-31.5107,63.3809,2.57353,-16.104,-777.872,-658.8,-90020,106400,-18900
-34.3928,-22.9508,-11.8951,-3.56795,13.5256,-15.1143,-38.4769,-60.365,-71.1306,-12.1819,-20.1472,-0.591119,-6.83991,-35.5723,-36.4385,-21.2302,-20.984,-776.896,-669.536,-90020,113960,-19040
-6.82091,-13.338,-16.8001,-25.7619,-6.05726,-25.5991,-59.0127,-62.9753,-23.9657,2.69031,-11.95,1.72151,-7.10002,-43.5977,-68.0788,-39.7085,-13.664,-777.872,-682.224,-90720,123620,-18620
19.0857,-6.13799,-26.0917,-60.4147,-38.2692,-30.1165,-64.8838,-50.65,36.7381,10.8433,-9.90944,-0.3505,-10.7777,-58.0698,-79.3239,-48.5227,-10.736,-782.264,-698.328,-90440,131040,-18060
7.58225,-38.8381,-17.1021,-72.4763,-30.6897,-21.2553,-43.8872,-30.4908,-13.2116,18.8546,-2.61409,7.71809,1.13345,-40.8023,-62.1467,-45.0777,-7.32,-783.728,-697.84,-90300,140280,-16660
-2.85174,-47.7325,2.98283,-61.4101,-3.50585,-10.8147,-23.4682,-6.51096,-56.0364,26.2299,1.21297,24.3778,20.6378,-3.58541,-58.8002,-32.4194,-6.344,-792.512,-719.312,-90860,150080,-15540
-7.63981,-44.363,4.71928,-64.7538,-1.13252,-13.7611,-20.0329,9.41529,-45.5249,21.7255,-8.96221,18.9101,22.0871,6.34063,-65.6251,-26.179,5.368,-772.016,-729.072,-89600,158620,-14980
-11.5731,-18.5137,0.978534,-2.09535,10.8487,-1.44756,22.7338,41.3942,-11.7579,10.9773,-12.141,14.6354,15.2522,13.3099,21.6843,-2.90678,0.488,-788.12,-706.624,-86660,169680,-12740
37.8071,90.9289,21.7229,104.58,39.9606,16.661,52.901,69.7528,97.0122,27.7596,7.93417,51.777,19.5425,43.5441,95.7515,7.17578,-20.008,-797.392,-653.432,-85680,174720,-11340
69.5295,134.582,21.8623,129.4,62.9561,31.8241,65.2523,83.8995,130.297,46.4922,39.8036,68.7953,25.5267,75.284,102.662,15.7517,-30.744,-788.608,-618.784,-87220,178220,-11480
46.8158,104.211,0.476285,92.2035,68.1519,46.0344,65.2791,84.6717,82.6375,28.3082,43.091,45.2492,22.7759,89.2663,68.5813,22.6399,-15.616,-806.176,-589.992,-90160,178220,-12320
-5.87663,46.4945,-5.69738,65.2222,59.4346,48.5677,54.6713,64.7173,-20.5625,-10.546,29.7039,10.2403,20.1025,103.423,37.797,8.95888,-3.904,-817.888,-596.336,-92120,174720,-14560
-19.1871,21.9835,15.5365,56.4557,36.9471,35.5495,26.6921,42.0281,-45.525,-29.2011,14.2204,-11.2606,14.4229,107.756,6.52728,-16.4605,4.392,-816.424,-598.776,-90860,169400,-16380
11.6734,3.73579,42.4136,1.77743,-9.23644,5.6293,-27.692,20.0632,-1.41474,-21.0835,7.90671,-19.2149,3.16093,94.6084,-64.5475,-55.1384,17.08,-794.952,-608.048,-88900,164780,-18480
-48.6108,-83.6202,34.0682,-69.3546,-53.8039,-7.18715,-42.8517,15.6037,-100.195,-66.8618,-17.9612,-60.7818,-13.6996,66.0655,-102.895,-51.6419,25.376,-786.656,-629.52,-85820,157360,-20860
-57.71,-61.5487,30.9014,-45.6825,-53.1586,-10.4095,-19.6417,6.42441,-104.286,-80.8449,-38.134,-59.8147,-16.4853,36.452,-70.6311,-27.2663,43.432,-772.016,-639.28,-83860,154000,-22260
-25.7171,-10.1372,11.6004,-32.2974,-55.0283,-17.2735,7.15174,1.55553,-16.6273,-59.1787,-37.8517,-57.3109,-30.3098,-9.77532,-21.9009,3.69655,53.68,-754.448,-651.48,-81060,152880,-24080
-65.6267,-54.0402,-27.6869,-44.1834,-51.469,-15.2748,30.5248,-1.86086,-52.6014,-66.4511,-36.8708,-96.1334,-58.0798,-57.2309,40.4576,40.5469,55.632,-756.4,-655.872,-79520,151900,-26180
-52.2862,-55.0023,-29.1908,-47.8233,-34.2481,-5.53178,6.26143,-7.18696,-22.8611,-38.0579,-18.0022,-85.8314,-47.501,-98.944,26.3852,51.3117,76.616,-755.912,-663.68,-80220,152180,-27440
49.2902,29.7597,0.7577,-45.7545,-12.3411,2.49089,-38.1923,-10.7734,150.523,37.3036,15.4984,-22.5305,-27.5248,-113.521,-50.9556,52.8243,69.296,-750.544,-670.024,-80500,153160,-28700
77.7807,37.5911,29.017,-27.7094,24.7532,18.3109,-4.935,1.21891,162.445,79.5143,32.6491,14.2952,-11.2014,-90.4556,-25.7059,97.3761,71.736,-760.792,-663.192,-79380,153580,-29120
0.0512491,-18.2028,16.2712,5.22249,40.5381,22.196,69.3347,23.3915,39.4334,35.7717,16.4966,-10.0319,-6.99591,-66.3052,74.1254,164.084,81.008,-764.696,-666.12,-77280,155120,-29400
0.789211,-10.7867,9.93075,9.49441,12.1769,9.08738,52.7167,10.9991,45.1462,31.3376,20.5437,-4.9109,9.10334,-83.1154,60.7369,130.83,70.76,-749.08,-677.344,-74340,158060,-29820
27.156,7.04714,27.5754,-3.66167,-20.2274,-6.9663,-9.12294,-8.27506,68.1199,47.8504,22.6481,35.0684,34.8373,-83.8569,0.738311,21.6262,98.088,-728.584,-670.512,-71680,162960,-30800
8.81688,-16.7897,24.8594,-30.8068,-58.2849,-38.1481,-62.918,-27.4685,20.4093,23.0362,-12.1385,47.6041,32.1372,-82.6788,-49.495,-66.8702,79.544,-727.608,-669.048,-68600,172200,-31500
-9.18834,-32.3558,-1.29653,-47.1227,-83.8809,-68.1643,-81.8883,-53.9806,-5.17349,-12.1694,-39.6181,43.0359,15.1931,-85.4643,-56.9925,-115.303,82.96,-744.2,-661.728,-67340,179620,-31640
-20.0541,-19.3825,-32.2316,-24.4221,-84.6023,-81.4941,-60.6017,-59.3906,-14.6023,-40.4666,-55.0416,38.6054,11.1059,-104.788,-13.9074,-116.192,81.984,-760.304,-652.456,-65940,185080,-32900
-31.6159,-24.3255,-49.7759,-11.7662,-59.5769,-67.2529,-29.4774,-55.8544,-77.7703,-38.3016,-41.7284,30.8741,2.44498,-93.7816,27.9648,-89.2411,78.568,-771.04,-642.696,-64400,185640,-33880
-20.0937,-15.9998,-54.9685,-7.72164,-43.8839,-50.335,-37.292,-63.4661,-90.4405,-21.8113,-21.8832,31.4479,4.15883,-85.77,20.6762,-84.4911,91.744,-770.064,-661.728,-62160,184660,-34160
-8.55879,-28.4583,-49.6247,-47.1178,-36.9251,-13.3139,-50.589,-45.2659,-87.6198,-0.0536577,-7.49943,21.5995,3.29007,-54.3263,-39.3747,-62.7815,94.184,-757.376,-667.096,-61040,184100,-33880
14.3546,6.1325,-27.1585,3.01271,14.0124,26.5747,-2.16116,-3.49439,-50.0105,26.8026,17.0737,31.0166,7.08104,8.78665,16.2988,-19.5726,85.888,-756.4,-640.744,-60620,181160,-34020
56.1544,79.5561,-5.15889,108.068,114.606,59.4988,59.7475,34.5472,24.0338,55.3554,56.7495,55.1319,2.34896,134.596,108.692,27.1211,97.6,-880.352,-743.224,-64120,170380,-34160
73.3503,88.8152,9.22027,110.027,195.359,88.725,55.3903,27.2126,41.6653,79.662,100.159,64.6839,-28.4183,330.635,60.1814,44.233,38.064,-745.176,-508.008,-46200,177800,-34160
30.9397,58.5628,-6.15203,83.6417,157.359,78.2105,40.8358,19.199,30.1778,36.9154,65.9161,39.0809,-12.311,297.338,22.4065,48.6164,70.76,-734.44,-595.848,-39060,182140,-30800
11.7109,37.7333,-5.89449,67.0778,123.294,62.8245,57.1853,16.7129,9.26693,12.2921,21.9979,26.6056,8.91798,232.322,43.3625,59.7534,61.976,-723.704,-563.64,-49980,162960,-30100
-20.6648,-6.97913,-5.53849,50.6895,88.3485,45.2317,52.9506,2.94982,-61.4931,9.90825,-4.19511,-0.703886,10.9686,164.179,50.5633,44.5568,72.712,-740.784,-578.768,-52920,145740,-28000
-68.711,-53.8164,-11.4499,-1.07435,28.8103,27.6288,-7.61547,-8.47772,-108.267,-8.21235,-4.35868,-47.5001,17.0739,79.4406,-30.733,0.869351,64.416,-744.688,-584.136,-52640,127960,-25760
6.94919,16.6557,16.4419,5.20348,2.23592,12.5708,-29.9775,-2.66263,23.9939,26.2923,21.587,-28.4224,27.7507,11.9842,-62.5621,-13.9781,54.168,-749.08,-577.792,-51660,117180,-25200
63.1916,86.7706,29.8055,76.6919,11.0494,11.1974,30.5886,37.3764,133.186,30.278,13.3933,-15.6376,16.5797,-24.0611,32.9251,19.1208,44.408,-761.28,-551.44,-50120,110040,-25480
5.14671,3.26704,15.5265,-3.07452,-22.8727,10.1984,6.96982,34.7253,42.4764,-9.50503,-1.02103,-70.0874,-15.5727,-40.8711,-33.1736,5.3674,57.584,-768.112,-564.616,-48020,100240,-26740
-53.8397,-69.1825,-8.74213,-63.9993,-55.9245,-3.36549,-7.43886,30.4239,-52.641,-56.3391,-35.2428,-117.03,-48.8828,-76.6929,-78.1202,2.0639,65.88,-772.992,-555.344,-49420,96320,-27580
-11.4254,-42.4145,15.3824,-44.6505,-38.8014,-12.0997,-2.7339,36.9396,-21.6049,-35.8379,-38.03,-86.4204,-50.11,-67.7514,-64.4132,5.90746,77.104,-752.984,-585.112,-48160,90580,-28280
33.2596,-9.2346,47.7143,-40.7824,-39.3562,-18.013,4.82326,55.4593,40.0913,-7.19634,-22.3546,-50.3819,-33.9077,-57.7577,-45.6611,10.7325,107.848,-739.808,-583.648,-47320,87920,-27720
0.181967,-8.68034,38.646,-31.4593,-66.2881,-35.9658,10.3688,49.7098,33.9907,-40.0478,-32.6667,-45.4592,-27.2573,-83.765,-4.36513,-1.11783,89.792,-733.464,-581.208,-45080,82880,-27160
-41.8375,-50.8705,10.8791,-59.2292,-98.2451,-57.8143,-3.95988,21.3311,-23.5652,-67.1115,-44.9433,-49.4818,-21.4836,-126.759,-4.57365,-23.8898,100.04,-732.488,-587.064,-43400,75600,-25480
-25.7521,-30.4553,8.22739,-48.9837,-83.3546,-61.4272,-11.0019,-8.96741,-10.0925,-55.1377,-46.0682,-4.83415,-2.66049,-120.502,7.98015,-40.113,102.48,-726.632,-583.16,-42980,70280,-24780
-27.802,-34.9195,6.93377,-69.716,-72.1421,-52.3486,-40.3132,-49.7072,-31.2045,-39.4705,-30.7756,26.6904,18.5751,-104.245,-27.754,-65.4127,99.552,-723.216,-592.92,-42700,61460,-24360
-6.44659,1.66488,7.69643,-37.7951,-40.7823,-30.3437,-40.3043,-42.0263,-5.07543,-22.4149,-18.6406,60.0092,28.0445,-55.7549,-21.6546,-44.2619,106.872,-713.944,-587.552,-42980,53340,-23800
24.9525,59.0608,0.931142,8.65025,-39.2592,-20.2537,-34.67,-22.7719,65.2408,-8.1299,-4.70509,76.8873,29.193,-45.0126,5.91103,-16.2484,116.632,-701.744,-599.264,-42140,47040,-23520
-3.16682,23.6559,-1.07839,5.76302,-29.2655,2.73028,-3.87652,-4.86296,10.1432,-8.34345,9.54777,61.3024,38.9671,-17.5918,25.2026,13.8238,117.608,-701.744,-603.656,-40740,39060,-22820
-11.6303,-3.16652,5.41516,-10.0434,-13.8803,12.3966,2.878,-20.9052,-28.0466,6.58287,19.0307,54.7838,47.8708,15.1554,2.92601,12.1077,127.368,-706.136,-610.488,-40320,34160,-22540
14.8935,-8.0447,7.03236,-32.8852,-11.1185,9.47285,-7.35343,-27.7633,3.10001,30.4432,22.9102,46.6154,45.5682,33.5647,-34.4123,14.4829,130.296,-702.72,-621.224,-39340,28840,-22680
41.1852,9.41643,18.2582,-6.38535,6.99896,9.73101,-2.6304,-26.69,37.1872,52.0795,30.2745,48.3771,43.1265,45.828,1.45727,23.8626,131.76,-698.816,-629.52,-35980,23800,-22540
-9.20043,-10.6963,0.758128,29.2982,24.993,4.10315,30.5349,-20.5366,-30.7461,21.6039,15.9836,17.4815,26.0192,40.9859,62.6196,44.6163,130.296,-697.352,-636.352,-34020,20300,-22120
-30.1845,-12.3314,-20.0961,53.9294,38.561,-1.19372,37.9886,-14.6687,-61.2026,5.86557,7.35115,-1.22607,11.2072,27.1361,76.0398,44.0574,129.808,-697.84,-641.232,-32340,17220,-21840
-21.5524,-5.7011,-34.7885,40.2151,33.7749,-7.61501,-2.59488,-29.5759,-38.9498,9.23086,9.51435,-8.84094,-1.33152,3.87717,32.2476,3.0514,127.368,-699.792,-641.232,-32060,14840,-21560
-21.412,-25.831,-37.3541,2.88806,34.3253,1.96414,-18.9164,-28.7206,-33.2625,6.86549,2.5477,-15.7417,-5.76791,-11.3723,-8.29274,-13.3344,122.976,-703.696,-643.184,-30800,10920,-21560
15.1104,8.02754,-26.9388,12.659,51.7239,12.8406,-0.699248,-13.8311,26.3541,26.4738,15.1362,1.1107,-3.89936,-20.1111,3.19562,-5.646,123.464,-712.48,-647.088,-28980,6580,-21000
-18.5952,9.91273,-41.1125,39.7145,57.2785,27.1795,18.2751,26.8655,5.62494,2.01847,2.60654,-17.8512,-21.4774,-15.803,39.3927,21.1316,120.536,-719.8,-648.552,-28140,5040,-20720
-19.5633,3.07062,-39.7955,34.2299,55.1805,33.6065,22.1786,48.1167,-6.4315,5.01685,1.80243,-27.7119,-34.6403,-2.35189,31.7315,32.945,119.072,-723.216,-651.48,-27020,1960,-20440
19.4929,9.70596,-22.7531,6.01118,47.6607,29.7053,11.3495,40.9496,26.0247,29.4054,12.4556,-21.3898,-34.3501,15.058,-15.5551,24.4738,111.752,-733.952,-653.92,-26040,-980,-20020
10.9892,-9.91941,-19.2154,-31.1567,17.0815,17.273,-36.0088,3.00733,7.83911,20.3701,7.1055,-36.164,-33.6644,20.3545,-74.3527,-23.4369,107.848,-736.88,-650.504,-25340,-4620,-19320
-7.16247,-35.5516,-12.0899,-48.5025,1.65326,14.2583,-49.6668,-10.0988,-36.6925,8.54883,4.34685,-43.541,-29.2741,34.0328,-89.4706,-40.8195,103.944,-736.392,-652.456,-24220,-7420,-18900
-7.20713,-17.3424,-0.411759,-21.4311,3.59409,11.8444,-5.77114,-0.418621,-34.6695,-4.88935,-4.12714,-31.6694,-25.8122,53.1243,-34.9582,-15.227,101.016,-731.024,-650.992,-22820,-9800,-18620
40.5523,71.6375,24.6501,79.1095,33.4123,1.36031,55.2967,-7.65725,62.198,5.35,-1.94621,13.9298,-16.3846,73.5878,74.548,3.24141,99.552,-733.464,-650.016,-21980,-12180,-18200
63.0099,87.8745,28.0468,88.612,13.4031,-12.7333,49.4505,-11.636,115.805,13.6463,1.60874,21.7963,-18.4663,60.5139,95.9759,-1.67105,101.992,-743.224,-660.264,-21700,-13580,-18200
27.6754,28.3008,22.2749,19.4925,-29.3135,-17.6066,-1.35613,-6.35742,59.4158,-0.703053,-3.67885,-1.63771,-23.0212,37.8464,28.2698,-14.2277,104.432,-741.76,-673.928,-20020,-15400,-17920
-21.57,-35.0029,16.5483,-53.3741,-67.5807,-17.0122,-54.9655,-12.1984,-22.2272,-18.7528,-10.5537,-26.0116,-26.9368,13.0331,-66.2546,-35.7587,108.336,-739.32,-680.272,-17780,-15680,-17500
20.0758,0.504009,39.6685,-47.9432,-55.3651,-17.5365,-55.6873,-27.2355,28.3011,12.363,4.35645,8.44855,-6.81909,1.31403,-82.8543,-51.1495,108.336,-729.072,-694.912,-16520,-15400,-16940
30.2848,25.4923,46.586,2.24677,-24.0171,-5.87636,-4.03322,-3.49845,49.2225,21.8616,11.4508,25.6686,11.3608,0.024607,1.16838,-22.5811,108.824,-719.312,-690.52,-15540,-13580,-16380
7.65534,18.9874,34.6315,24.2054,2.18561,9.67002,36.9716,40.0084,18.2708,4.56911,4.32328,21.6376,18.8255,6.56207,45.1337,21.8829,114.192,-726.144,-700.768,-15540,-13440,-15540
11.9066,19.3602,17.3423,16.0681,7.53333,15.8115,34.6743,62.0379,21.3687,-2.93225,-2.94896,19.31,15.4943,-0.499087,28.3641,43.6279,115.168,-732.488,-685.64,-16380,-12460,-14840
-15.1221,-12.2701,-7.0023,-3.27111,2.48911,12.6644,37.3409,57.8079,-28.7245,-18.2588,-6.95045,3.57398,7.37105,-7.37579,24.603,51.8265,122,-738.832,-695.888,-15400,-14280,-13720
-42.4488,-52.9391,-15.1992,-36.8721,-2.49342,12.7615,28.4561,41.2085,-90.6354,-29.3436,-3.63382,-1.29331,14.8374,-17.5055,-5.07798,44.7471,128.832,-743.224,-695.888,-14280,-15540,-12600
-47.12,-63.992,-13.6559,-45.441,-10.1021,6.06072,2.53489,11.594,-116.108,-36.1931,-7.83865,2.93176,22.8144,-45.7274,-24.8568,16.9311,128.832,-733.952,-696.864,-11620,-16800,-11620
-19.7137,-35.7372,-2.63621,-11.9892,4.60356,3.75125,12.6548,4.75542,-83.0608,-26.6411,-11.9026,21.5919,31.7021,-60.3061,7.95201,15.7768,134.2,-724.192,-695.4,-10920,-16660,-10920
-7.05639,-22.91,-2.48022,-17.2009,-0.860924,4.08424,0.426167,7.4549,-44.8859,-23.5232,-16.5538,17.8489,27.223,-66.3375,-4.10919,13.6943,135.176,-730.048,-692.472,-11760,-15540,-10080
-26.4558,-31.1526,-18.9227,-35.3638,-28.7295,-9.90691,-31.2481,-11.7922,-29.8822,-42.0768,-24.9746,-16.6963,13.1158,-89.9962,-28.6008,-18.6997,136.152,-733.952,-692.96,-10500,-16800,-9100
-22.6615,-23.6696,-28.2471,-31.3435,-41.0828,-28.2913,-44.842,-37.5581,-1.34567,-40.9169,-25.244,-36.257,-1.94002,-98.2936,-29.4157,-51.1298,137.616,-735.416,-689.056,-10500,-17640,-8260
15.0327,20.5935,-5.9705,20.3409,-2.87454,-25.7113,-20.661,-37.5852,45.0414,-13.1395,-9.20736,-6.99381,4.22921,-60.982,8.1153,-46.4949,131.272,-732.488,-680.272,-11900,-17640,-7840
4.08393,-0.690115,1.43643,-11.1258,-0.58384,-12.3209,-50.3885,-33.5161,14.6841,-2.70324,8.14591,-6.192,13.8954,-32.8979,-49.3322,-53.1876,125.416,-737.368,-669.536,-11900,-17640,-7280
-26.0871,-25.2093,3.60832,-27.0548,8.63197,-4.72807,-48.5751,-34.395,-44.4693,2.6669,11.9382,-11.8221,21.0511,-10.5962,-67.6412,-40.5185,120.536,-738.344,-666.12,-11760,-18340,-6300
6.91269,20.846,20.2122,23.5929,46.0399,5.20191,12.1785,-12.0672,7.22358,28.0229,13.2081,12.6107,27.3972,25.2313,1.14924,5.93187,111.752,-731.512,-656.848,-12180,-18200,-5460
76.5936,83.8382,34.7518,54.2123,54.8131,3.25361,29.5173,-2.68601,117.417,67.1138,28.3007,42.3191,23.0149,51.7828,23.4343,19.111,108.824,-731.512,-652.944,-12600,-19180,-5040
31.3198,32.8123,6.53007,16.2234,8.61997,-4.95607,5.86828,-1.02711,70.6103,38.9312,19.0612,0.393263,-4.61808,51.428,14.8483,9.46694,104.432,-729.56,-666.608,-12740,-20300,-5040
0.155807,15.8709,-8.66878,26.8367,-6.16355,-10.1428,9.49888,1.7429,35.301,15.1559,6.53294,-16.5287,-21.6917,63.1834,44.1643,8.95969,105.896,-731.512,-667.096,-12880,-20860,-5040
8.99477,31.4847,-5.03791,54.1402,6.83362,-7.27098,60.4876,16.1716,43.1582,18.0539,4.45595,-3.57031,-27.7122,82.2415,95.4039,39.803,105.896,-729.072,-674.416,-12600,-20720,-4620
-45.5059,-19.3334,-22.7502,18.7037,-16.7899,-4.78888,41.257,12.7296,-42.5006,-13.4098,-9.718,-28.1382,-43.7439,77.4881,62.3953,33.165,109.8,-722.728,-683.2,-11620,-20300,-4200
-55.6158,-36.0119,-37.2626,-18.7729,-51.4411,-9.24401,-18.2701,4.12023,-54.0391,-24.1608,-17.4106,-39.2946,-53.5877,46.7616,-8.89369,4.61597,113.216,-713.456,-684.664,-10780,-18760,-4060
5.52343,5.39057,-13.4858,-11.8732,-30.1095,-2.20678,-30.1078,2.0916,9.83911,13.623,-5.40026,4.00477,-42.0167,45.1589,-47.8325,2.06273,112.728,-701.256,-688.08,-9800,-16520,-3780
26.8358,-7.86415,-0.447359,-38.9148,-16.4919,-0.766194,-18.8697,-9.58897,7.70377,34.7345,10.1729,18.3942,-30.7883,34.9727,-61.0476,6.12801,114.192,-697.84,-692.472,-9800,-13580,-3780
-5.13793,-50.529,-8.88625,-68.295,-16.2028,4.1796,-6.07454,-7.98333,-43.5557,16.1707,4.15158,-4.67307,-24.9726,22.2243,-51.322,11.3866,114.68,-690.032,-691.008,-9800,-9800,-3640
37.448,31.9745,5.39809,30.2855,27.0304,5.18349,28.8179,-12.5291,35.5599,32.584,12.0314,28.1564,-5.37083,19.7932,48.5059,10.636,109.312,-697.352,-678.32,-10220,-5040,-3780
14.7724,45.6449,-8.10778,69.5215,35.2522,7.60997,58.4628,2.44469,38.3437,5.41045,4.6869,17.5398,0.0444636,1.91124,110.702,24.8006,113.216,-705.648,-676.368,-11480,-2100,-3920
-15.0856,4.23148,-12.5757,22.8526,19.0846,13.2613,20.8237,3.57183,-10.3617,-17.5856,4.3473,4.5387,7.74129,-13.386,42.3952,12.6593,112.728,-714.432,-673.928,-12040,1260,-4340
12.8065,35.1621,4.42451,27.6038,33.424,14.2205,4.98142,-16.7562,27.9139,-7.42381,13.5893,31.7909,26.6188,-14.739,6.9016,-7.45899,113.216,-719.312,-680.76,-12040,3780,-4200
-16.9594,-5.73834,7.50189,-8.50957,27.9451,16.1189,-15.7481,-23.318,-38.7602,-20.4161,4.57939,20.5094,37.867,-20.9313,-36.1118,-23.9689,111.752,-724.68,-671.976,-11900,8680,-4480
-34.876,-73.8664,2.13952,-87.0721,-10.7228,13.64,-55.7323,-9.7577,-90.2261,-28.6855,-8.66349,-14.9958,35.8152,-41.2304,-97.7312,-31.448,113.704,-721.752,-679.296,-11760,12740,-4620
15.931,11.909,9.06692,-18.6052,-12.8833,4.12776,-54.7479,0.838696,29.1656,-19.0648,-17.5884,-1.20018,36.5334,-60.2024,-60.61,-30.4876,109.312,-729.56,-680.76,-10920,14840,-4340
37.6039,54.7539,12.3121,51.3993,7.92289,-0.615113,20.1115,18.3145,84.4892,-1.34814,-10.6626,6.11684,44.8702,-54.9349,51.1143,11.3401,111.752,-733.464,-690.52,-10220,15820,-3640
-25.0936,-30.83,-7.99082,7.09312,-3.54399,4.57728,35.2647,23.594,-22.2982,-20.9537,-11.5515,-42.24,33.093,-40.7223,43.6117,28.6505,112.728,-746.64,-685.152,-10220,16380,-3220
-12.0872,-33.2856,1.91242,-32.5221,-18.4902,-2.54426,-25.3774,-7.0036,-20.129,-4.81138,5.15743,-33.5365,30.4466,-34.8716,-44.4747,-19.4517,120.048,-740.296,-713.456,-7140,14840,-1820
-3.03028,-19.1652,14.4073,-16.5872,5.08388,-2.53483,5.69896,-4.78012,-27.3085,-0.886551,2.80904,-5.00047,22.4262,-6.07319,-17.4134,-9.98849,119.072,-733.952,-700.28,-6160,14840,0
6.6107,-14.6575,12.3475,-20.2992,-10.9195,-9.2426,-22.5981,-0.0359829,-21.8232,-2.10681,-0.43973,4.95661,5.60844,-11.2857,-31.0513,-25.7174,124.44,-718.336,-712.48,-2940,13720,1260
1.51081,-2.43026,11.8367,-10.221,-14.6394,-13.3,-34.0837,0.138151,-13.6873,-4.30197,-3.30408,13.2633,0.00326796,-17.8973,-41.6565,-36.2874,129.808,-707.6,-720.288,-2380,14980,2520
-9.51524,-14.038,7.41999,-15.0424,-12.3407,-13.0176,-21.3967,-6.5251,-36.3568,-2.76579,-3.60332,11.7309,-4.2659,-24.5841,-29.1741,-36.5405,121.512,-693.448,-711.992,-1960,15820,3220
23.1394,31.4522,14.5325,37.7673,11.5546,-2.82383,32.6216,24.9314,29.3359,8.67191,-0.55925,32.7274,-6.53399,-11.6886,69.9558,8.84907,114.68,-716.384,-694.912,-2240,14980,4200
20.8828,37.192,9.97764,48.7627,12.0514,8.40468,30.9185,47.0823,30.3408,8.85331,0.208246,29.8838,-30.7669,-2.701,64.3672,35.6724,116.144,-730.536,-687.104,-1400,14000,5040
20.8107,8.17896,8.20727,-13.3061,-8.59198,8.78061,-20.8005,32.0898,10.0058,20.5674,8.4889,18.225,-40.6361,-2.46339,-38.0222,11.7543,119.072,-735.416,-691.496,-1960,14280,5040
-13.419,-30.2682,-2.01209,-32.7243,-7.6968,14.6745,12.7717,39.1328,-34.0241,6.02104,1.82756,-16.4616,-41.9096,10.4226,-17.8594,34.0281,111.264,-732,-682.224,-1960,15120,5040
-28.0472,-29.4354,-12.402,2.02425,3.14259,11.2841,47.1894,33.7675,-34.1285,-8.40179,-13.4081,-38.1608,-49.1132,20.8197,48.2617,45.7606,112.24,-737.368,-683.2,-1260,14560,5040
17.2563,26.6777,-0.981495,32.7381,11.1479,2.35524,25.852,11.8662,53.4534,10.1287,-10.7401,-20.6395,-42.6254,26.5082,39.7016,18.7702,109.8,-738.344,-688.568,-280,14140,4620
18.3484,16.9016,-2.25548,-11.1939,-12.2445,-5.63366,-22.0344,-11.1675,54.6094,14.8428,3.107,-29.6766,-36.2006,16.5107,-31.4382,-10.8412,107.848,-736.392,-687.592,-140,13860,4480
-47.5327,-14.7482,-17.52,-16.3412,-11.1839,-3.03509,-8.89402,-7.82923,-16.0135,-31.8295,-6.20135,-50.9956,-32.0857,18.254,-18.3435,0.488632,107.848,-731.512,-684.664,840,13580,3920
-50.2894,-14.1333,-18.2089,-8.61776,1.49822,-6.08398,7.36935,-21.9283,-22.0434,-33.8946,-0.353064,-41.7594,-22.1347,19.874,2.25826,-3.76358,106.872,-730.536,-682.224,1400,13860,3500
-46.9056,-65.0285,-13.1152,-57.3383,-2.24933,-1.25217,-15.7134,-30.3868,-78.5966,-22.4817,-4.32402,-38.5335,-10.3587,23.204,-44.6474,-14.0478,103.944,-726.144,-679.296,1540,14140,3080
-29.251,-46.1459,-12.2459,-34.9419,-7.72278,-1.15051,-36.6775,-28.1982,-63.3889,-7.87213,-1.50231,-25.3354,4.87768,10.2107,-37.0769,-24.1211,106.872,-727.12,-684.176,2100,14280,2660
28.4411,55.6383,-5.93503,62.6092,19.2593,-9.32321,0.363745,-39.7442,50.421,17.76,8.0819,24.4503,18.4247,2.02872,46.8178,-22.464,106.872,-721.752,-679.784,2800,15960,2380
65.3437,69.4719,6.26048,55.7221,36.0527,-3.81169,20.1604,-42.0574,89.9704,40.6441,16.3395,59.0112,32.5845,15.4935,36.2853,-13.3512,105.408,-727.608,-680.76,2940,17920,1960
76.7571,89.2251,17.1979,68.0577,50.805,2.87065,37.6394,-27.3498,108.787,43.3885,17.9068,88.093,42.9262,31.7128,45.3894,6.57734,106.872,-729.072,-684.664,3080,20020,2100
37.2546,42.9862,1.13585,28.3498,11.4176,4.55025,3.09621,-8.78318,54.0814,21.5047,10.6337,65.3154,34.5233,16.9493,14.0251,6.22144,101.992,-730.536,-687.592,3500,21560,2240
8.44364,-7.55061,-9.72043,-9.75449,-25.4047,-3.49916,-32.6317,-15.0188,2.52662,11.6495,10.1172,33.2536,27.5246,-2.97096,-9.03071,-15.338,102.48,-732,-681.736,4480,23660,2800
-7.00628,-32.4974,4.63574,-24.569,-11.8904,0.934581,-8.27323,-8.13507,-49.4496,12.0782,8.75167,25.9835,24.3699,16.7885,-19.8052,8.77386,100.04,-729.56,-678.32,4340,23800,3640
-44.5755,-59.0082,-5.4086,-34.0891,-26.3957,-3.57248,0.367639,-0.378915,-87.3618,-13.5927,-5.55878,-7.47656,12.0024,16.2632,-17.4551,15.5382,100.528,-724.192,-677.832,4200,23520,4340
-20.5261,-5.5669,-9.90499,10.6828,-30.9947,-17.2499,8.78948,-4.09904,0.0965002,-18.5392,-13.6995,-14.4408,5.6345,5.23343,26.6993,4.01739,103.456,-720.288,-678.32,3780,23660,4480
10.7322,4.51864,1.50515,15.7938,-16.0668,-10.2471,33.1554,24.2953,35.7204,-2.36903,-7.61934,-16.0825,2.74792,24.6343,40.61,36.1791,105.896,-725.656,-678.32,3640,24220,5040
-20.14,-36.4091,9.4406,-29.0585,-26.4984,-7.18307,-19.4511,21.0062,-41.4645,-9.40299,-1.16653,-34.2919,6.15597,17.2503,-50.8293,10.4314,111.264,-726.632,-693.448,5880,24360,5880
-47.965,-66.434,5.08042,-72.9536,-39.2301,-8.02866,-47.6728,4.78984,-92.6448,-24.8049,-4.0192,-46.3475,8.82369,-7.69874,-100.394,-15.3091,110.288,-721.752,-696.376,7140,25200,6020
-11.1179,-16.5069,8.50358,-7.91311,-12.9215,0.653299,26.5791,29.479,-22.0195,-13.7274,-6.96805,-22.2968,17.3974,-25.6649,39.291,19.4679,113.216,-724.192,-694.424,8680,26460,6440
41.4335,75.1449,19.7857,80.4219,25.8694,4.65549,60.9464,38.8378,81.713,1.68327,1.05311,25.4719,21.7974,-32.2553,111.06,30.2398,113.216,-724.192,-698.816,8820,26880,6300
52.9187,89.7637,14.5952,65.3888,27.2065,7.98953,41.1915,41.8124,109.362,-6.33259,-10.4664,36.7762,11.2849,-30.33,67.9032,27.8545,118.584,-722.24,-698.328,9100,27160,6020
5.0018,13.9537,-5.1246,2.79858,-0.960051,6.82992,14.3442,29.3834,16.3144,-16.8687,-15.3285,0.442526,-2.90784,-32.1758,25.0524,10.5221,126.88,-723.704,-694.912,8820,26320,5600
-12.2098,-41.388,-7.4328,-60.6677,-17.4939,-4.8951,-38.3151,-15.0989,-49.6345,-5.81492,3.36164,-17.0311,-9.64032,-33.6396,-59.635,-38.4144,127.856,-716.384,-693.448,8820,26320,5180
35.0645,-3.96852,14.1819,-47.5268,5.24694,-7.19059,-53.3859,-49.0108,-10.1067,30.9482,19.2177,17.0645,-1.8149,-22.5188,-85.1868,-66.6664,131.272,-711.504,-690.032,8680,25340,4620
16.8388,12.1856,0.504752,-24.3737,2.03851,-5.59777,-79.1874,-51.3618,-2.50613,21.1102,17.5381,7.78108,-11.6877,-31.9462,-78.2928,-77.6933,130.296,-711.992,-681.736,8400,24080,4200
-22.9054,14.7096,-11.719,-7.221,15.4743,10.209,-74.2825,-9.10742,-8.40268,-3.18689,13.9525,-7.85063,-13.2929,-27.523,-77.3382,-41.878,129.32,-720.288,-680.76,8540,22680,3920
-103.328,-61.8474,-34.2109,-31.8179,29.0855,22.2042,-38.2488,20.0786,-133.606,-52.4698,-20.3873,-45.0711,-27.0656,-18.4489,-84.4073,-1.4602,130.296,-726.144,-679.784,9380,21420,3920
-93.1694,-97.7712,-36.7589,-50.9231,29.0723,21.6065,25.9369,30.7179,-133.795,-48.018,-38.7403,-58.7586,-35.9754,-13.7063,-12.6257,33.0065,128.344,-736.392,-683.2,10220,20440,3640
-5.63505,-17.9261,-6.36455,39.4709,49.3951,12.5881,111.284,23.6835,5.08063,5.4332,-9.89637,-16.835,-23.945,8.25889,135.444,60.7138,125.904,-739.808,-683.2,11480,19600,4060
21.5641,1.6745,5.02199,21.0171,12.6572,-6.50083,36.528,-17.1551,43.0018,25.2024,11.5014,-6.17347,-21.4077,-1.75149,58.3649,-0.046995,129.32,-745.176,-685.152,12320,18340,4620
33.7469,18.9533,14.1162,9.23571,-2.71375,-7.46896,-9.59457,-20.4839,58.337,31.1878,14.0027,6.14903,-14.1901,0.12097,2.69772,-17.4662,124.44,-740.296,-689.056,12880,18480,5040
6.60537,-2.67093,-1.08437,-20.3769,-37.8734,-7.05528,-37.4813,-16.167,32.1512,7.6654,0.993765,-14.5209,-13.6718,-12.8162,-22.47,-24.138,122.488,-737.856,-687.104,12880,19600,5180
-18.6658,-27.1927,-4.14037,-22.8995,-32.8432,0.32376,-10.1525,-7.53955,-14.2565,-9.35802,-8.91837,-19.6871,-9.27859,3.73894,-4.78237,-8.19111,119.56,-732.976,-690.032,12740,20580,5600
25.213,35.6047,19.9626,53.9399,20.6136,12.9213,58.9873,23.6494,33.0216,8.30109,-8.65505,31.3318,5.84471,42.1103,66.5166,40.7934,118.096,-730.048,-687.592,12180,21700,5740
81.8707,91.0863,33.992,78.6689,28.5013,16.5564,50.9941,35.898,110.3,37.1236,3.19349,65.0179,12.4217,51.2883,54.8534,46.2685,116.632,-728.096,-686.616,11620,21980,5880
53.6243,38.2486,25.1006,6.4347,3.52921,9.07459,-3.75723,14.4044,57.498,30.9964,17.4317,43.5641,11.5098,45.2453,-43.7587,15.3024,112.728,-726.632,-683.2,11340,20860,5740
20.5833,-3.4763,11.6508,-32.1399,-4.78581,3.40259,-11.655,7.28231,13.2198,10.1341,13.9901,21.2834,10.8124,40.0839,-66.6926,12.2058,113.216,-723.216,-679.296,11340,20020,5740
26.1243,17.0359,11.1891,5.23332,-1.34509,-0.223964,-1.05711,4.35335,27.05,21.3749,19.664,23.496,12.2481,32.7944,-6.31716,12.0442,106.872,-723.704,-675.88,11200,19040,5600
-2.7718,19.4133,-5.99774,42.3321,-4.61365,-7.98568,24.5717,-1.25539,14.9401,-0.73791,4.63178,5.93099,9.80544,14.5563,77.4133,10.7762,107.848,-726.144,-676.368,11200,18200,5040
-9.71794,21.7482,-18.0157,46.7893,-16.0446,-22.559,16.3048,-26.5834,23.8516,-13.6587,2.24077,-4.14914,-0.0230404,-4.50316,84.5505,-12.3026,109.312,-726.632,-675.88,11620,17080,4480
-22.5335,4.49442,-19.7201,11.7705,-23.3068,-27.2408,-10.4549,-32.9967,0.648158,-24.2696,1.76885,-5.06695,-5.50622,-11.3311,24.6489,-23.01,116.144,-724.192,-683.2,12180,16940,3780
-19.1858,-5.57004,-8.77954,-5.61903,-13.4092,-17.6337,-25.2167,-23.0222,-31.9939,-24.1576,-12.6917,4.66083,0.00107689,-5.13651,-20.2932,-20.3507,114.68,-723.216,-688.568,12740,16940,2940
-4.32844,-4.00953,-0.0389295,-14.9974,-11.4969,-11.2327,-38.0498,-22.1279,-40.8324,-7.36837,-7.55709,11.7379,5.47135,-5.67475,-44.299,-25.1115,118.584,-716.872,-691.984,13020,16940,2520
-42.3955,-55.2634,-13.415,-47.5948,-24.4324,-1.50389,-20.6091,-1.19078,-93.6548,-23.2753,-9.4402,-21.413,7.47477,-13.6989,-39.5367,-4.70981,119.56,-711.016,-689.544,13020,17500,1680
-49.7639,-68.0889,-16.8413,-59.8131,-30.2001,-0.282569,-15.4276,-5.21369,-92.5818,-23.7469,-9.31178,-38.5313,8.10565,-25.9715,-34.6593,-12.2656,118.584,-710.04,-691.984,13020,17220,1120
-9.4712,-14.419,-1.89975,-7.01316,0.981099,5.95748,9.61639,2.99869,-21.2108,-3.08458,-4.38575,-14.7597,13.7955,-20.0633,9.11785,-0.815408,119.56,-706.136,-688.08,12600,17360,840
11.2779,-9.927,-0.393053,-17.891,-8.22528,5.27645,-10.7649,6.91583,11.8817,9.46716,4.48713,-14.2702,12.3477,-24.2428,-21.3034,-2.91077,115.656,-708.576,-681.248,11760,17500,420
-9.12655,-7.93507,-5.48877,-10.4104,-5.36974,7.66901,-4.04519,13.0655,5.21082,-2.89155,3.52956,-18.6078,9.089,-15.6844,-11.7054,7.66587,113.216,-710.04,-677.344,11200,17360,140
-0.752811,34.057,5.98089,32.3389,26.3273,14.2045,9.78912,23.0286,27.3361,-1.31674,4.9257,5.60451,16.1351,4.78688,9.24359,22.6426,116.144,-714.432,-674.416,10920,16800,-280
33.5525,53.0595,16.1098,48.3037,43.3116,15.2274,29.3388,29.1058,50.7821,10.4665,-5.11749,22.6983,12.5057,20.4153,28.3973,36.9196,115.656,-716.384,-670.024,11480,15400,-560
-15.2826,-34.2754,-8.21017,-21.5874,0.477073,5.50368,6.84257,23.3454,-33.5156,-8.76757,-10.5821,-30.9607,-2.69609,0.919455,-1.21121,19.6077,118.584,-719.312,-671,11900,14140,-560
-31.6679,-51.3043,-8.44569,-20.2561,7.59993,1.96787,30.6669,15.286,-59.4437,-16.5441,-10.492,-39.7502,-4.00668,5.06419,25.4543,24.2032,121.024,-715.408,-669.536,12040,12740,-840
38.0912,40.68,21.1181,39.962,41.9598,2.27703,38.6091,-4.01783,46.4069,23.1449,-0.413289,14.158,-0.424166,21.4202,38.6022,15.6724,119.56,-715.896,-670.024,12320,11760,-840
42.0545,13.3942,18.3949,-30.4801,3.36768,-10.5239,-39.8148,-37.226,42.1378,33.8815,11.3165,6.09391,-8.15377,1.4077,-70.5949,-38.8717,123.464,-717.848,-675.88,12880,11060,-1120
14.1535,-18.7351,6.34313,-54.8167,-15.0687,-10.4193,-52.5169,-29.16,8.00353,15.8266,3.95518,-12.3732,-12.871,-6.96288,-78.9666,-37.4398,127.368,-712.968,-682.224,13440,10780,-980
-29.3417,-18.2958,-20.468,-25.8553,-27.4419,-6.6984,-30.7083,-3.76661,-3.65215,-23.8391,-13.7405,-31.4088,-23.2132,-21.0206,-23.2681,-15.5161,125.904,-706.624,-676.856,13580,11340,-1120
-27.0894,-22.0047,-19.2068,-24.041,-18.6536,-2.66307,-10.1522,-12.8893,-15.6723,-22.0401,-18.3747,-15.1067,-19.1244,-20.8809,-5.38653,-17.904,119.56,-706.136,-668.56,13440,11760,-1120
-22.3554,6.1936,-8.73872,20.7305,0.539967,-5.27137,-3.64293,-40.165,-12.3516,-10.0295,-5.44854,12.6254,-12.1789,-16.5105,29.9751,-38.4288,123.464,-705.16,-683.688,13720,10780,-1260
1.34825,37.2886,3.24255,46.3378,7.7555,-5.01399,-10.032,-36.3644,24.8952,10.6262,18.2292,40.2057,0.205318,-6.37522,35.3288,-36.8011,125.416,-708.088,-677.832,11760,11620,-1540
50.0637,67.0269,25.3453,61.8729,32.1202,7.47759,18.9316,-2.87894,68.5101,38.1554,28.7004,77.2406,9.55357,25.761,45.0097,3.88927,127.368,-717.36,-673.44,11060,9520,-1680
40.8654,42.6229,26.2648,52.5185,40.4793,17.5991,45.5415,29.4991,27.635,33.801,26.5922,71.1276,7.49669,46.1903,43.3141,44.4359,129.32,-711.992,-678.32,11620,9800,-1680
2.93705,-13.7649,2.62089,-16.903,1.17099,14.0972,18.3727,40.6499,-14.5251,7.45046,17.2241,22.5512,-1.22078,28.0511,-12.7886,43.4475,130.784,-709.064,-681.248,11200,8960,-1540
-10.5841,-6.35346,-10.5533,-3.22735,-11.9615,3.68954,8.36515,27.6087,-1.14792,-14.0318,2.82303,-1.56644,-6.87346,6.06175,4.5898,20.7303,131.272,-706.136,-682.712,11620,9100,-1540
10.455,26.744,0.822674,38.4608,11.3115,-1.16063,26.1459,15.6119,24.5517,-4.69386,-1.323,11.9333,0.560653,6.87729,31.5422,14.2205,128.344,-704.672,-687.592,11340,9660,-1400
-0.454728,-7.90147,-0.833552,-1.51217,-2.95017,-5.17466,1.72986,7.33304,-13.882,-4.23689,-3.78882,-10.722,-6.13132,2.01588,-14.038,0.06293,129.32,-706.136,-687.104,10920,9800,-1680
-10.3794,-40.8543,-13.1208,-40.3777,-38.0137,-19.3089,-37.0542,-13.8615,-29.0381,-5.19925,-0.782632,-41.995,-10.3962,-26.5162,-37.8529,-36.0638,128.344,-708.576,-690.52,10780,9940,-1960
-18.0995,-60.666,-12.1292,-46.4447,-36.9725,-13.8186,-28.1072,-0.300889,-54.6687,-8.14445,-2.53057,-46.3492,-6.60858,-28.6655,-21.4343,-22.6532,129.32,-708.088,-689.056,10500,9940,-1960
-14.2502,-38.6798,-2.2734,-28.478,-17.3904,-6.24759,-12.1825,3.24425,-40.2763,-11.9422,-4.17662,-31.7419,-1.38663,-19.4822,-16.3563,-6.46496,123.952,-701.256,-687.592,11060,10080,-1820
-6.83077,0.865189,0.661729,-6.82332,-7.66975,-4.39103,4.42196,5.69012,1.50909,-20.5256,-22.6552,-18.2231,-0.0651535,-17.446,1.51123,1.28687,126.392,-705.648,-684.664,11480,9660,-1540
-23.0144,-14.3869,-2.8189,-7.68052,-2.02433,1.16502,9.87744,17.9562,-28.8492,-20.2755,-25.5494,-19.5652,-1.10252,-15.4116,7.8032,8.11443,124.928,-705.16,-684.176,10920,9100,-1120
29.7799,44.509,12.7568,36.996,17.0529,3.91301,17.65,19.4577,48.2859,17.3947,-2.99456,18.5157,9.31807,-10.6931,31.4285,10.0239,124.44,-702.232,-679.784,10360,8820,-840
29.8881,35.6694,5.9632,6.93399,-0.291727,6.35856,-0.168906,17.6488,51.9331,20.4237,3.73795,16.3875,11.9684,-10.9755,-2.61455,6.77546,127.368,-705.648,-673.928,9380,8540,-700
-30.3194,-57.6633,-7.87155,-74.0559,-16.1398,9.66082,-21.5548,3.97718,-64.7779,-0.793058,-1.67919,-17.6984,11.4295,-3.9355,-69.1876,0.947169,128.344,-710.04,-669.048,8680,7980,-560
-69.2975,-62.3051,-15.4033,-49.4539,4.76979,11.5196,1.62061,3.57698,-87.1012,-30.1232,-6.78502,-26.5009,12.5796,8.75083,-45.0233,13.9744,130.296,-711.016,-664.656,7980,7000,0
-33.2084,35.9554,-16.9674,37.4914,25.8077,7.11435,28.7322,9.35525,36.131,-43.9959,-17.0418,1.15778,8.97437,7.74421,25.1838,22.9424,125.904,-712.48,-658.8,8260,6300,420
19.6227,75.5238,3.25237,72.513,31.3594,12.6966,37.3349,16.9195,68.7726,-2.23102,-20.9795,29.0384,11.5757,12.3039,59.9575,25.9921,128.344,-717.848,-654.408,7420,6300,560
-19.7203,1.18189,-7.38388,26.9564,-3.93235,3.61018,4.96252,-0.546061,-22.2556,-0.758801,-2.25081,-9.23474,7.31344,-6.91202,31.8015,-1.60755,126.392,-724.68,-651.48,6720,6580,700
34.3437,10.8545,8.39236,10.2343,-4.64032,-2.92164,-12.2021,-22.5605,26.6231,29.6115,17.8798,6.63673,12.73,-7.41701,14.1197,-22.353,125.416,-727.608,-652.944,5880,6440,1120
36.9796,-2.74027,11.7048,-7.22852,-0.368126,-4.62428,-22.9237,-30.5681,18.1377,30.0345,14.8892,7.09479,8.49636,-0.519301,-9.18309,-26.9311,129.808,-725.656,-653.92,5460,7000,1400
17.1116,-16.3366,10.5799,-30.1708,-8.03968,-3.78096,-46.6717,-20.2063,-8.3276,17.9472,12.366,-2.97673,-1.21161,4.96513,-61.2676,-22.4214,127.856,-718.336,-651.968,5180,7420,1960
20.3941,3.96155,15.115,-0.18146,10.116,7.00054,1.82214,9.71705,10.7575,11.6581,6.96308,4.14861,-2.96347,22.5063,-6.28229,22.2337,126.392,-714.92,-654.896,4760,7700,2100
20.4819,-4.96562,16.9047,-1.26388,10.2192,11.7294,15.1892,11.3053,0.0972125,11.169,6.18721,6.19271,-4.77975,28.7665,11.3661,31.4948,129.32,-712.968,-651.48,4340,7840,2380
16.6625,14.6815,11.1218,13.8387,-0.359868,1.39667,9.85455,-19.971,15.3802,5.72635,5.7863,7.3968,-10.1218,15.7653,24.0696,3.06621,129.32,-714.92,-650.992,4060,8120,2520
-2.50481,27.4735,-3.39186,39.3606,-1.67962,-16.0464,10.6986,-57.5381,20.8088,-12.2656,2.74723,2.72027,-16.8056,2.41744,55.2709,-29.01,126.392,-722.24,-658.8,3500,7980,2380
11.9528,20.6006,-1.35656,15.1538,-1.9823,-17.7023,-6.96438,-58.1339,32.2572,0.258084,10.2065,6.16983,-17.2178,7.23399,21.5961,-32.9194,123.464,-709.552,-646.6,3780,7000,2520
3.47964,-11.5707,-2.20545,-35.3574,-16.0812,-11.8735,-40.4137,-41.0363,6.78761,4.18072,10.1971,-2.20764,-13.9829,9.31792,-48.013,-24.6255,126.88,-706.624,-656.36,3220,7280,2100
-21.7594,-31.8114,-9.20888,-34.8445,-15.9895,-5.73486,-30.739,-25.9094,-40.624,-5.08769,1.60602,-11.1237,-12.2057,17.8708,-43.5899,-9.25134,128.832,-711.504,-652.456,3080,6580,1820
-26.9265,-11.6214,-17.1989,9.90161,4.57492,-0.959757,26.4367,-8.54131,-25.3205,-21.0195,-9.99752,-7.69525,-11.7762,26.501,31.3419,20.2106,129.32,-707.6,-660.264,2940,6300,1680
-10.0496,-6.86413,-14.7101,1.44378,4.1359,-6.39559,16.3024,-16.3212,-10.3827,-9.26996,-6.66047,0.96964,-11.2829,16.3997,13.891,7.23193,128.832,-701.744,-662.704,2380,6300,1120
2.65789,18.731,-7.66292,14.9032,2.94689,-10.1945,8.18763,-11.0745,19.8929,-2.00957,1.46404,11.7891,-10.6612,1.35026,12.8778,0.113313,123.464,-700.28,-661.728,1820,7000,420
15.5283,29.352,2.25709,26.2089,9.57401,-4.57346,17.7446,15.2355,27.9731,6.54879,0.437035,25.8597,-2.68397,-4.10856,25.6033,12.6433,121.512,-701.256,-664.656,1120,7980,-280
-10.4376,-14.8888,-2.81683,-9.33816,0.326896,2.57181,16.9458,36.9261,-19.8434,2.02895,0.356424,7.28399,-0.589059,-8.87923,0.128964,22.0872,119.072,-705.16,-665.632,560,9100,-700
-15.5481,-19.3161,-9.12408,-16.4762,-11.4613,2.24935,3.76559,35.2727,-14.638,-2.06771,-3.06245,-3.78608,1.76463,-21.0718,-15.3957,10.6508,114.68,-708.088,-672.952,-140,9940,-1400
-9.5756,-32.5628,-5.38459,-33.9274,-15.1359,-0.93279,-13.6178,21.9067,-24.9174,4.01947,-1.81092,-4.06344,10.534,-31.2645,-42.6881,-13.0211,114.68,-706.624,-671.488,-420,10640,-2100
15.5002,-10.1579,8.38019,-17.9743,-4.53956,-0.935313,-16.6346,14.8637,-4.64782,19.9953,6.58408,12.9196,20.5553,-34.9174,-40.0523,-26.7505,112.728,-706.624,-669.048,-700,10640,-2240
-35.3702,-42.3976,-14.0846,-31.9788,-27.0644,-4.33634,-27.7507,24.4562,-56.9595,-14.0225,-8.94,-22.2241,10.7841,-50.1999,-36.3105,-26.8751,109.312,-705.648,-669.048,-700,10640,-2380
-52.0122,-58.3054,-17.6543,-40.1571,-24.9465,1.28963,-26.1111,46.8264,-78.1864,-29.1137,-19.1484,-35.9277,7.10133,-39.9253,-40.6551,-9.51473,108.824,-703.696,-666.12,-1260,9660,-2520
20.2553,46.096,9.97087,57.2726,25.1635,9.62188,25.9712,62.2504,42.0669,-1.10213,-9.13556,16.8017,16.2782,-8.94032,39.8999,18.5048,110.776,-706.136,-663.192,-1260,8680,-2380
44.2789,63.8048,22.4493,61.8084,37.5367,17.5556,39.1538,63.2693,66.415,17.4632,3.97576,31.5942,19.9637,11.0224,44.8526,30.5538,113.216,-709.552,-663.192,-1540,7140,-2240
41.7987,35.9119,24.9803,27.7447,31.0039,18.4173,26.5493,44.6973,40.466,24.9495,14.2678,21.7479,16.688,19.2882,20.2093,24.8882,117.12,-710.04,-662.704,-1260,5880,-1820
39.2092,27.6997,22.7283,8.73397,18.4212,12.7862,8.04797,19.6242,39.7677,24.4058,17.5911,11.2197,10.7014,16.6956,2.93257,9.18644,124.44,-709.552,-666.608,-840,4340,-1260
-4.4552,14.8903,8.35623,8.25586,8.87037,6.6276,0.0748818,-1.85471,17.156,-2.66181,10.5417,-14.0767,0.858649,11.6573,10.4862,-0.600563,123.464,-706.136,-665.632,0,4200,-420
-60.0989,-8.51879,-14.1827,-2.38344,-5.6066,1.29276,-7.3527,-6.40235,-24.5298,-47.5064,-7.2743,-46.5906,-13.3699,3.91263,7.02277,1.37141,124.44,-705.16,-665.632,980,4060,140
-44.0183,-36.9396,-7.00847,-33.4821,-5.88086,2.93258,-9.4493,-7.76843,-59.1312,-43.2803,-28.0757,-41.3421,-13.3053,9.93316,-20.6946,9.05645,126.392,-705.16,-664.656,2100,3920,980
-11.6259,-27.5216,7.94717,-20.8526,6.73035,3.13755,12.9348,-16.3746,-43.3264,-11.8858,-12.1525,-21.4204,-7.08738,19.9302,3.22156,16.3895,127.856,-698.816,-667.584,2940,4200,1540
35.2574,21.9942,18.8377,6.83101,7.97299,-0.917665,5.00844,-32.0749,30.8959,18.7114,7.53776,9.92229,0.119335,17.7224,11.2499,-0.609038,125.904,-697.84,-665.144,3360,4200,2240
27.8491,20.4044,10.6767,5.90054,3.54558,-1.38236,-6.73001,-31.8268,33.7187,9.69517,-4.9515,12.9284,-6.73287,17.5957,0.0972398,-5.6242,126.88,-696.376,-663.192,3360,4900,2940
19.9566,2.14494,3.97707,-9.58125,-3.28874,-0.0247855,-14.6835,-27.4654,21.2528,12.5921,-5.66,8.90303,-11.8031,14.8673,-14.702,-7.0994,126.88,-700.28,-666.12,3640,5460,3360
2.52395,-13.5791,-6.10261,-13.6992,-9.66134,-5.10291,-13.1822,-31.2569,1.42755,10.0964,2.62442,0.862647,-9.40397,1.81837,-8.2181,-15.8063,124.928,-698.816,-666.12,4200,5740,3920
-9.80627,-15.3669,-13.2397,-9.87069,-10.5618,-4.91034,-10.8438,-24.3747,-8.65106,3.71899,4.21532,-3.62522,-8.44888,-5.77957,-3.4002,-18.0196,129.32,-692.96,-667.096,4620,6160,4480
-3.20716,-4.16991,-13.0462,-2.021,-13.6294,-4.5312,-14.3243,-19.3897,0.0436588,5.10736,-0.263825,2.89985,-6.43247,-13.0262,-4.8974,-21.3278,129.808,-692.96,-669.536,5180,6440,5180
4.57786,12.3364,-8.57153,14.9893,-6.91053,-4.32718,-4.38557,-13.9298,10.6328,11.0131,2.85118,13.2929,-0.276009,-12.2538,8.93152,-12.7124,129.808,-687.104,-668.072,5880,6720,5600
11.194,16.7094,-4.91153,19.2772,-0.894996,-2.86315,6.17857,-7.87852,16.8729,17.9406,8.8702,18.6714,6.56099,-3.53301,15.1792,-1.86492,129.32,-691.496,-666.12,6440,6580,6020
2.3798,2.22397,-6.68027,8.07222,-1.60479,-0.363791,10.626,-3.72829,-1.3671,14.8073,12.2394,9.19236,5.94479,8.16323,12.1195,9.24975,129.808,-691.008,-669.536,6580,6300,6580
7.1129,3.70827,-2.19302,8.09974,1.31974,0.73048,8.8666,-3.04375,0.916418,16.0453,15.143,10.4309,8.73642,14.379,12.0436,13.8456,128.344,-688.08,-665.144,6860,5740,7000
3.80307,-2.92734,-7.77032,-1.34491,-6.95703,-6.04987,-1.5767,-11.611,-3.22923,12.7135,16.8408,5.48793,9.70243,4.25212,6.00164,4.25983,131.76,-690.52,-670.024,7560,5600,7560
-5.35744,-8.79334,-9.4806,-4.81878,-8.36598,-6.82407,-3.41339,-18.9008,-6.52024,2.75366,10.2479,1.76407,8.65231,-2.23168,4.8558,1.75018,134.2,-689.056,-669.048,8260,5740,8260
-13.6104,-10.88,-10.7706,-5.0764,-8.59309,-7.25078,1.99141,-20.1666,-7.14335,-9.6868,2.0634,0.424798,4.52268,-6.80637,2.97329,6.97083,136.152,-686.616,-672.464,8820,5740,8680
-1.04568,6.04853,-3.32302,10.7338,-1.98669,-5.13226,9.89476,-19.6909,8.42926,-9.46873,-3.0542,12.7877,6.58314,-10.2522,15.1037,12.4831,135.176,-685.152,-670.024,9380,6020,8960
-7.54477,-2.32193,-3.71814,0.448144,-9.30242,-2.938,-1.31544,-25.1656,0.957472,-13.6531,-5.11622,4.44048,3.88291,-22.4521,5.50204,3.02293,140.056,-684.176,-668.072,9940,5880,9380
-25.4026,-21.1769,-14.9323,-22.6338,-27.3793,-8.53271,-18.3484,-36.8431,-18.4054,-27.8394,-12.3356,-16.601,-4.99818,-40.4799,-11.5647,-17.0127,138.104,-685.64,-670.024,10500,5600,9800
-29.5779,-22.9591,-16.3991,-29.2918,-29.006,-11.9875,-25.2478,-40.8643,-22.3985,-36.3836,-20.3012,-22.9899,-10.1844,-39.8222,-22.225,-26.5545,139.568,-682.224,-667.584,10920,4900,10640
-7.33641,-8.27411,-2.99895,-18.3652,-13.2756,-6.28351,-17.5213,-26.7129,-11.3465,-20.941,-19.5244,-10.125,-11.2235,-22.2777,-19.9136,-18.3234,142.008,-679.784,-671,11760,4480,10920
-12.1978,-10.4369,2.6678,-14.9456,-7.64706,-4.1073,-11.2182,-4.56686,-21.595,-17.6718,-12.3192,-10.1603,-9.21678,-14.3936,-19.1216,-12.3531,145.424,-677.832,-666.608,12180,4060,11620
-16.2119,-14.2976,2.18438,-17.8105,-3.56862,-5.59867,-3.23863,19.0127,-24.3323,-20.8651,-14.1559,-14.4876,-9.32065,-12.0446,-22.2358,-5.73498,147.864,-673.44,-671.488,13020,3360,12180
-7.57623,-6.13598,7.10884,-5.57933,11.3451,-1.61249,12.2858,48.2857,-16.1702,-19.5338,-22.7374,-7.21409,-6.84616,-2.43399,-8.0774,6.49379,150.304,-673.44,-670.512,13720,2800,13160
7.4549,2.35125,16.8901,1.01848,14.724,0.180223,7.42481,64.2808,-3.88228,1.2389,-11.4601,0.550362,-2.22836,0.0370251,-12.6212,1.82539,150.792,-674.904,-671.976,14560,2380,14280
8.07275,2.89166,19.3413,-2.6547,9.0977,1.10565,-1.26578,74.8974,3.95574,11.2668,2.37883,-0.867603,0.412616,-4.81289,-25.6049,-5.94913,152.744,-676.368,-675.392,14980,2100,15260
-0.908072,5.2284,14.647,7.15197,14.2468,6.66466,14.6586,90.1726,6.13885,-0.490599,-3.12336,-3.12709,-3.57773,2.21852,-5.91146,6.90903,155.184,-676.368,-676.368,16100,2100,16380
16.4799,14.8905,23.1386,17.784,30.2702,16.6281,27.1129,91.2218,10.8644,16.6315,4.45523,10.4736,-2.64018,29.5528,8.00805,18.7387,156.16,-681.248,-677.344,17080,1680,17220
24.8425,12.6144,26.1949,16.103,33.2305,20.2994,18.174,69.9195,10.485,35.7312,31.449,13.3995,4.44863,44.1302,3.99457,12.7245,159.088,-683.2,-679.296,18620,560,18620
33.5758,29.3276,27.7206,34.5443,42.9145,22.9251,29.1049,50.8112,30.6036,36.7907,30.6555,22.1892,6.19202,57.7557,24.7058,23.2552,156.16,-686.616,-678.32,20300,-560,20020
33.1798,31.2662,24.1486,40.5392,44.4781,23.5461,34.0464,27.4603,29.5961,32.9242,23.5233,21.4494,-0.175134,65.2495,36.6105,31.1612,158.6,-693.448,-680.76,22540,-1820,21000
20.3945,12.7772,13.3321,21.1969,29.0741,21.3245,16.8065,-6.8188,15.8358,27.7228,26.522,8.99862,-0.856047,59.6943,21.077,25.7644,154.208,-697.84,-683.2,25340,-2800,22400
22.9852,19.9594,4.86432,21.0791,23.2519,17.2513,7.75207,-38.0285,29.0817,19.5076,15.2008,6.40041,0.0379689,55.3467,25.8789,19.7912,157.624,-701.256,-685.64,27300,-4060,23380
20.0484,27.1083,-4.46718,30.3422,18.0935,8.8969,6.77939,-58.8608,32.2619,7.08687,-2.88856,1.0783,-1.87131,45.6033,38.7046,17.238,157.624,-704.672,-690.032,29960,-5320,24780
7.43727,12.8394,-11.9341,13.6465,1.42139,-0.212856,-11.2076,-69.3607,15.9744,6.80242,6.21276,-7.67441,2.32508,25.3413,15.4007,4.65613,157.624,-715.896,-689.544,31500,-6720,26040
11.0641,13.6333,-14.9625,8.69481,0.0423402,0.447597,-18.7999,-61.5322,17.3215,7.97867,13.4276,-3.20058,5.70481,18.8514,-0.845438,-4.54428,153.232,-713.456,-689.544,34020,-7840,26880
0.00631313,9.09536,-23.1153,7.59063,4.01084,-2.08755,-7.13686,-39.5701,4.54985,-7.44176,3.19109,-4.43814,1.1736,19.4374,-1.33729,-4.3212,155.184,-724.68,-691.496,36120,-9520,27720
-12.97,-6.25983,-30.7779,-6.55235,-10.4906,-15.9739,-12.4058,-28.7784,-10.8931,-18.7261,-5.63078,-11.4958,-2.45837,-0.0864214,-7.08853,-17.1786,151.768,-730.536,-694.424,38360,-10920,28140
-22.3429,-26.8593,-35.6202,-25.9784,-31.4707,-27.2024,-21.4239,-25.2765,-22.6824,-25.5016,-13.1646,-15.3837,-1.86203,-18.3168,-19.0147,-24.2422,150.792,-732.488,-695.4,40600,-12460,28840
-33.7016,-42.0778,-30.8029,-37.9952,-48.5254,-32.0884,-27.277,-26.3605,-37.8268,-27.5643,-20.4268,-15.2066,2.85556,-29.2335,-24.5744,-24.4287,153.72,-740.784,-698.328,42280,-12880,29120
-40.64,-44.8834,-21.9717,-39.0287,-50.5923,-26.4881,-34.661,-32.8482,-43.1644,-25.8004,-27.7256,-11.3206,6.93546,-37.0504,-27.9561,-28.9933,147.864,-746.152,-699.304,42840,-12740,29260
-20.1514,-20.92,-7.38154,-21.6352,-34.4331,-16.8567,-24.7857,-31.961,-13.6277,-6.83834,-22.1344,5.76311,12.1928,-41.5502,-16.6899,-28.8102,145.912,-754.936,-693.448,41860,-12600,28840
-12.5296,-1.22028,3.64192,-4.41629,-17.5875,-5.43152,-0.572045,-15.9607,0.00918278,1.8057,-13.7213,13.5556,8.68388,-36.0374,3.39174,-12.1157,139.568,-763.72,-687.592,41300,-12180,28420
-1.9832,11.1734,14.5136,6.57595,-3.52707,2.63048,16.3074,-1.38458,11.497,9.97465,-4.37849,15.791,3.80924,-18.4318,17.1018,3.06994,130.296,-774.944,-677.832,41720,-14280,27860
-1.53279,11.0515,12.0219,5.87352,-0.688745,2.99869,16.7352,2.85371,12.0455,5.36426,-1.90926,9.87163,-6.80057,-11.2521,18.1037,5.92304,122,-781.776,-661.24,42980,-16520,27580
-7.66407,-3.70727,-2.17967,-13.8517,-17.4219,-3.15498,-7.38715,-14.2173,2.93275,-2.40293,-0.400715,-5.09872,-19.2828,-35.5352,-5.98075,-11.8995,117.12,-786.168,-660.264,45920,-20860,27160
-34.6737,-24.7195,-14.899,-26.8623,-28.7421,-5.3117,-17.3994,-17.6725,-24.5851,-18.1681,-1.3548,-23.9113,-18.1998,-56.4278,-18.8821,-13.6692,111.264,-789.096,-653.432,47740,-24640,26600
-43.1521,-25.8782,-15.3036,-20.318,-21.5695,-6.3276,-9.30228,-3.39458,-36.4622,-33.2967,-14.1519,-25.1274,-15.5169,-61.7921,-15.7055,-1.62441,108.336,-796.416,-651.48,49560,-27860,25900
-11.3878,-10.9608,-1.8266,-8.76763,-17.041,-13.2158,-2.55376,11.4751,-17.5682,-21.2048,-18.1982,-9.15784,-6.92349,-73.3726,-8.13702,-2.67314,106.872,-798.856,-653.432,49840,-31500,24640
-3.32001,-19.4588,0.854783,-19.7838,-30.3287,-20.2448,-7.99832,26.1062,-16.8918,-11.3781,-4.79847,-9.17453,-0.605351,-105.976,-14.9459,-9.82054,101.992,-804.224,-650.992,50260,-32760,23520
8.76766,-16.9241,5.41813,-34.7512,-44.2178,-19.8412,-24.5917,35.8319,0.738703,-3.4576,-0.117961,-0.019497,12.019,-148.859,-35.1246,-17.8593,96.136,-809.592,-644.648,50120,-34580,22260
-10.3921,-27.276,1.38407,-40.8116,-46.6944,-12.173,-25.4053,50.442,-20.3981,-14.9516,-13.1541,-0.0616127,23.3604,-184.259,-38.6694,-15.0533,95.16,-805.688,-647.088,48300,-35000,20440
-16.4427,-23.3307,3.04195,-34.6566,-34.0686,-0.368714,-18.1305,56.5453,-25.7064,-13.7719,-16.0753,7.28335,32.6478,-167.763,-31.9054,-12.005,86.864,-818.376,-621.712,46900,-35840,19040
-7.10945,-14.4286,8.33079,-29.4153,-17.0476,16.9917,-8.12844,60.7835,-24.3678,-4.55635,-8.19168,14.1131,41.1759,-135.08,-31.006,-6.13809,88.816,-817.888,-632.448,44520,-39340,17500
-2.93107,-9.74175,12.9287,-26.178,-1.6862,31.0328,1.41805,58.0514,-33.7438,-0.0418808,-0.205431,10.4737,44.4673,-91.9115,-28.4838,2.26204,79.056,-825.208,-612.44,43260,-41440,16520
28.8685,15.6176,26.7327,0.44012,27.9498,43.2257,21.1154,42.8655,-3.06944,20.6751,14.8553,17.0968,45.944,-21.5335,3.57261,15.9872,80.032,-831.064,-608.048,42140,-46200,15120
41.1223,30.7097,28.3258,24.907,57.7376,50.8886,38.1182,23.1068,19.5119,28.6699,29.0593,12.1564,35.7861,73.8661,32.8237,31.425,74.664,-834.968,-598.288,41440,-51800,14140
51.0242,49.7434,23.3191,51.3657,90.1304,55.2958,51.4625,4.32488,44.6079,33.6968,43.748,5.86796,11.5157,209.702,54.7206,45.5129,62.952,-846.68,-567.056,41720,-56840,13440
93.976,90.9948,34.9492,101.319,143.303,60.6057,80.5234,-2.80453,91.6376,65.7282,64.656,20.033,-13.4485,395.735,91.5541,66.817,54.656,-856.928,-549.488,41580,-64960,12740
113.032,116.965,45.2435,145.745,187.789,61.7714,109.412,0.0471861,115.177,87.5385,86.4237,28.912,-39.5808,559.394,122.093,89.5893,48.312,-853.512,-548.512,41720,-71260,11900
108.605,112.397,50.25,148.391,169.028,45.7491,98.9934,-0.541433,117.935,85.2382,76.2805,30.0205,-46.5029,468.598,109.577,84.7176,50.264,-843.264,-559.248,44100,-84000,10080
41.6506,49.3904,26.9936,87.3809,78.9917,7.17511,53.4078,-7.14465,53.7013,38.4021,29.9701,-3.22666,-35.317,241.146,63.8812,47.6434,44.408,-835.456,-551.928,45780,-96320,7560
-8.4214,-2.05805,1.52146,31.916,8.41995,-23.7979,9.44348,-16.341,4.01305,-1.94065,-3.77403,-29.5334,-31.5834,91.7066,22.3482,9.99407,46.36,-831.064,-558.76,45780,-100660,6020
-28.0188,-23.1276,-9.81093,-2.41164,-31.0649,-41.8874,-32.6861,-28.3016,-14.3099,-27.4352,-28.5232,-30.3487,-33.8503,10.0712,-21.4422,-22.9385,54.168,-823.744,-578.768,45780,-103740,3920
-54.6762,-50.1945,-26.6666,-37.527,-71.0686,-56.4577,-63.9743,-43.5245,-43.3945,-53.1695,-46.4037,-35.7939,-41.856,-44.4002,-51.9077,-50.4733,67.344,-806.176,-616.832,46340,-102620,2660
-59.8049,-61.2815,-41.1769,-65.7385,-104.316,-70.4775,-84.4699,-66.3153,-42.0487,-62.0778,-52.4647,-33.3383,-47.8218,-90.2927,-69.4388,-68.7184,72.712,-783.728,-641.232,46760,-96320,1120
-66.1107,-66.7411,-54.6016,-70.9482,-112.722,-76.1044,-84.6557,-84.058,-46.9329,-68.0791,-57.0062,-21.5612,-49.7315,-119.571,-64.2667,-69.1671,80.032,-764.208,-656.36,46900,-88060,140
-67.8808,-59.5662,-61.847,-63.0568,-100.783,-72.23,-74.9902,-90.7545,-49.8878,-65.8601,-59.0293,-2.08269,-48.5103,-152.951,-51.2656,-58.1589,77.104,-756.888,-670.512,45640,-80220,-140
-73.7298,-62.1758,-70.5574,-71.9902,-97.834,-67.1257,-78.2114,-97.3722,-58.3492,-59.9665,-56.0014,7.41504,-41.3452,-188.472,-55.826,-60.9079,76.616,-752.008,-676.856,42980,-70140,0
-69.7433,-58.7329,-66.9521,-69.1888,-79.5039,-47.9912,-70.0594,-89.5764,-64.8743,-41.5865,-43.4925,16.4889,-23.2595,-189.96,-54.3124,-57.2041,70.76,-746.152,-676.368,40740,-64120,0
-62.175,-47.5249,-56.8042,-53.8658,-55.2222,-25.458,-44.3725,-59.915,-55.9205,-26.1101,-34.1513,17.9318,-6.31803,-178.065,-36.4406,-38.6353,72.224,-747.616,-672.952,37520,-58940,700
-42.1724,-26.9004,-37.0806,-35.3953,-31.2644,-8.43264,-13.9028,-16.1236,-32.2548,-7.74143,-25.2064,17.9065,11.183,-163.308,-20.2451,-16.5213,72.712,-756.888,-674.904,35560,-56700,1680
-21.1784,-12.6425,-12.9942,-24.3446,-8.93017,7.67369,9.98156,28.1368,-14.9938,12.9272,-4.5734,15.6065,27.1603,-142.718,-11.2725,1.54098,76.616,-757.864,-665.632,33180,-56700,2520
11.2452,11.6661,14.1026,-3.92026,15.8364,25.3927,23.7233,60.8677,15.8287,33.6919,16.5775,19.4189,43.6764,-120.733,0.886491,10.4077,79.056,-768.112,-663.68,31780,-58520,4340
35.8917,37.0892,38.2915,17.6606,40.5365,41.5207,35.0147,88.3484,40.2745,45.2569,28.236,22.622,55.5204,-86.9993,10.8199,23.0191,81.008,-776.408,-656.36,30240,-60060,5880
32.4689,31.6265,43.8253,14.8334,41.1172,49.7848,41.0061,103.869,29.6094,38.171,31.3535,7.37702,57.3047,-64.0497,15.427,29.0821,83.936,-779.336,-655.384,28420,-62720,7560
36.2091,37.0802,51.3932,16.1854,38.497,52.4033,45.8485,110.93,27.7437,33.7178,31.5712,0.405467,60.347,-33.4941,17.5912,33.4399,86.376,-786.656,-657.824,26880,-64960,8820
33.6708,38.1968,54.3164,21.0552,35.8892,47.5638,49.0044,106.567,19.7583,22.1099,26.8343,-6.3545,51.8982,7.30252,23.655,36.3074,91.744,-793,-663.68,24640,-66500,9520
34.2633,33.0747,55.6751,20.5064,30.3548,39.8319,41.4786,89.2272,14.2079,13.9896,26.692,-12.7768,42.4646,41.3212,22.5483,32.741,95.16,-793.976,-665.632,22960,-67200,10500
36.3771,26.8148,52.8793,20.1652,19.1934,35.6665,34.481,71.6267,17.3726,11.1116,29.4226,-16.7808,37.8531,59.5404,25.69,32.634,101.992,-792.512,-669.048,22820,-67620,11060
39.9631,19.6579,47.6006,21.605,14.5,35.6739,31.1569,49.1377,14.3374,13.4711,25.8374,-19.3921,28.534,75.8177,31.0247,34.2829,103.456,-788.12,-673.44,23940,-67060,11760
40.7195,16.3291,37.8921,17.6096,7.62588,28.2198,16.9497,23.3625,20.0002,12.2947,15.4379,-16.4471,19.0029,79.8793,19.6092,22.2719,106.872,-784.216,-672.952,24220,-65800,12180
31.7689,11.1279,20.6456,14.0897,-0.532488,16.507,10.1488,0.573546,17.7971,11.7287,15.4709,-15.3625,11.0897,79.3922,17.7612,12.6798,105.408,-783.728,-672.464,24360,-64820,12180
13.618,-3.7182,4.30654,6.62944,-6.55084,5.37629,3.89401,-17.5403,-0.599274,8.62888,10.9968,-18.8363,5.68274,71.5205,11.2237,9.51468,98.088,-771.528,-672.952,24640,-64540,12320
-1.46436,-11.1392,-12.1239,1.52871,-14.4136,-8.76481,-11.9529,-40.584,-4.65418,-4.73026,-1.85242,-25.6189,-4.39163,53.7763,-1.26127,-3.94172,106.384,-768.6,-670.512,24360,-63980,11900
-14.2258,-12.4995,-27.8996,3.94006,-12.3179,-19.368,-22.2686,-66.911,-7.38418,-19.6383,-5.62765,-28.9388,-21.5516,45.418,-3.22813,-14.2427,99.064,-752.008,-666.12,22260,-62580,10920
-32.2684,-18.0582,-41.2188,-0.274481,-10.1593,-29.4481,-31.7799,-83.5424,-13.197,-37.8022,-17.0101,-27.198,-30.6661,27.8942,-7.7155,-24.3703,98.576,-748.104,-666.608,20720,-60760,9800
-25.2278,-16.9886,-33.4343,5.87275,4.75788,-29.6027,-20.9515,-78.561,-13.7425,-28.0123,-24.1468,-8.49338,-28.8705,20.4946,2.71002,-21.1771,96.624,-745.664,-670.512,18620,-59780,8820
-19.3671,-25.1197,-28.8761,-1.25347,7.08266,-27.6506,-19.483,-69.0907,-19.5401,-14.9739,-20.9268,5.53975,-25.6016,11.1316,-3.962,-24.8633,96.136,-743.224,-672.464,16520,-57400,7980
-5.70133,-22.5213,-24.496,-15.1354,4.8067,-27.0663,-30.1492,-61.3487,-7.43547,0.672327,-7.2301,23.355,-20.524,5.69106,-28.5296,-31.3008,96.624,-738.832,-681.248,14980,-54600,7420
-18.7238,-27.8526,-27.2509,-19.8644,2.97596,-22.9916,-26.2011,-45.5173,-20.1703,-4.78643,-6.39743,28.6186,-23.5963,3.84131,-32.5784,-26.515,92.72,-731.512,-683.2,12320,-50400,6580
-23.5629,-19.4977,-24.2855,-11.5866,1.98921,-16.9143,-18.4162,-28.844,-18.6252,-9.41079,-10.9877,33.7777,-23.7216,-1.43479,-23.4219,-20.212,89.304,-729.56,-687.104,10500,-46060,6020
-9.13845,3.22487,-15.8406,5.49475,8.11513,-13.5899,-5.37584,-11.7859,1.47768,-1.80942,-9.73415,46.6274,-18.9532,-1.9102,-4.25808,-9.04411,88.328,-728.096,-683.2,7980,-43400,5740
-2.18054,11.2354,-15.4107,4.97388,4.17258,-16.297,0.260264,-1.86297,6.99773,3.50623,-9.06526,45.46,-17.4544,-0.952736,-0.748543,-5.52216,89.304,-727.12,-681.248,5040,-40740,5180
8.00164,20.4506,-7.45984,7.10907,6.03091,-10.6494,9.19682,7.71064,14.8534,12.3225,-1.70954,43.8593,-17.151,13.7302,4.01036,5.26359,86.864,-729.072,-679.296,3080,-39900,5180
7.09301,20.6818,-2.46334,11.4854,10.725,-2.03405,17.05,16.9618,12.0424,11.5528,2.61887,36.663,-19.7701,22.5249,11.3077,16.5938,87.352,-733.952,-677.344,560,-39200,5180
9.3915,18.6438,-0.764703,7.48587,9.07712,4.21423,15.5389,26.3881,14.0564,11.248,7.42948,27.3825,-15.7912,18.0431,7.35272,17.0049,88.328,-732.488,-674.904,-840,-39200,5040
5.55719,14.8263,-1.22238,3.69991,5.40952,9.8767,17.6438,37.4222,7.7373,6.96769,9.46601,11.1472,-10.4773,11.9289,9.70349,18.4168,86.376,-736.392,-667.096,-2380,-39760,4900
1.22896,11.0614,2.47757,3.05076,0.137577,11.1867,16.8195,37.8708,-1.5786,2.70453,6.58908,-5.0184,-4.86775,1.72132,13.4518,15.6182,91.256,-738.344,-656.36,-3640,-40880,4620
2.51446,10.2158,7.70601,4.35202,-3.82708,12.1444,12.8971,33.2719,-1.68554,-3.24372,2.39869,-16.8083,-0.991899,-5.53804,14.5892,11.3512,96.136,-741.272,-653.92,-4480,-41720,4340
5.8266,4.96529,11.613,-2.7558,-13.847,10.2457,0.00850428,18.8601,2.21142,-6.59085,2.08063,-31.3432,0.714479,-17.3333,4.28276,1.0153,93.208,-743.712,-648.552,-5600,-42980,4060
4.28311,-2.03863,17.5599,-8.72109,-17.0036,13.5035,-5.60508,8.95921,0.644877,-11.3313,0.515604,-42.6789,7.33504,-23.6403,-0.72243,-2.16251,95.648,-747.128,-645.624,-6580,-43960,3500
3.75295,-4.29312,24.4087,-4.94492,-6.35974,23.9722,2.98511,11.0529,-3.64857,-12.0498,-2.98619,-41.8029,11.748,-9.71577,3.178,7.54468,95.16,-752.008,-641.72,-7000,-45080,2660
9.20109,-0.447118,27.6742,3.02967,2.38934,24.4183,10.731,11.5372,1.10865,-5.09917,-3.48834,-36.3438,13.6032,-0.379897,8.5149,13.9304,95.648,-749.08,-638.792,-7700,-46200,1960
5.81712,-2.90599,21.0935,-0.835193,-3.00387,13.1195,4.32653,2.37972,4.55701,-2.71389,-4.98276,-35.5947,7.35284,-9.05127,1.85826,6.99211,102.968,-741.76,-646.6,-7700,-46620,1260
-8.65916,-10.2255,10.504,-9.48074,-12.7289,1.65178,-7.77793,-6.2619,2.56882,-9.56179,-7.61286,-35.366,1.68106,-22.2015,-9.91587,-5.08038,93.696,-749.568,-634.888,-7980,-46480,560
-6.4339,-7.20857,9.61748,-3.79292,-2.37341,0.589912,-2.60887,-0.399057,5.05997,-4.44714,-8.39429,-20.5694,4.86802,-21.1209,-5.42236,-1.56368,91.744,-747.128,-649.04,-7700,-46760,420
-9.79355,-10.5253,6.29633,-7.44101,-0.132684,-5.26101,-4.39552,-1.39254,-3.94691,2.36761,-1.29274,-12.4465,7.5364,-24.6921,-6.96101,-4.80398,92.232,-748.104,-647.088,-7420,-46060,280
-12.8695,-13.5896,2.64659,-15.8152,-5.49283,-12.5661,-11.732,0.24168,-9.98089,6.52495,1.63185,-3.82311,13.4144,-34.4258,-15.7115,-10.7317,85.888,-753.96,-646.112,-7140,-45360,-140
-17.9004,-16.2612,-5.87547,-19.9136,-10.0146,-18.0054,-17.0428,-4.55981,-14.0545,6.65814,1.26639,2.19357,9.61647,-36.4477,-18.2281,-15.2864,82.96,-750.056,-644.648,-7140,-45080,-560
-11.1104,-8.03358,-6.55546,-11.8219,-5.71629,-20.4323,-12.7834,-4.06747,-3.81636,10.7515,4.30906,12.3067,11.543,-25.5415,-6.39595,-10.7018,79.056,-752.008,-645.624,-7840,-45080,-840
-5.8315,-1.93222,-7.30235,-4.30019,0.286541,-18.374,-4.59318,3.49053,3.26931,12.2837,4.15638,21.8383,13.3548,-13.008,0.922493,-3.34478,76.616,-752.496,-645.624,-8120,-44940,-980
2.02019,3.76616,-6.29027,3.5171,7.6936,-14.4138,2.96163,5.22497,8.07159,16.8513,9.97807,27.7694,12.4117,0.564804,4.40425,1.63179,69.784,-753.472,-652.944,-8680,-44240,-1400
12.9649,9.98743,-4.57434,11.3539,14.7391,-6.06694,10.4607,10.2956,14.7158,20.6298,14.1522,29.9837,14.1838,9.84638,10.9075,7.18372,66.856,-757.376,-652.456,-8400,-43120,-1680
10.4877,5.83295,-3.95714,10.4044,14.9133,1.7621,9.41257,10.8545,6.34064,17.0742,15.4164,22.1792,12.1786,12.7094,8.12609,8.84813,61,-760.792,-653.92,-8540,-42000,-1960
8.62519,1.71821,-4.23132,6.23946,8.57762,4.24427,5.15237,7.03119,-0.0718214,12.8772,11.0666,11.65,6.01272,14.6909,2.64114,6.87491,53.192,-762.744,-650.992,-7980,-40320,-2100
2.27936,0.640055,-8.64393,5.74552,0.0227729,2.79294,-1.99194,-6.1334,-6.7574,3.28189,3.37057,1.26184,-1.58235,9.35873,-3.20707,-1.33535,53.192,-760.792,-656.848,-8120,-39060,-2100
10.5113,14.4382,-3.79101,20.8415,5.33077,7.7346,3.97596,-13.2029,3.75048,3.97719,4.22572,7.06705,0.418858,15.8037,3.91885,1.4422,48.312,-765.672,-650.992,-8260,-37520,-1960
5.75595,10.1737,-6.95159,18.0337,-1.62731,7.75908,0.985784,-18.5197,1.49183,-5.87496,-0.377255,2.75557,-0.495339,18.9606,3.48467,0.293667,47.824,-766.648,-655.384,-7980,-36260,-1820
7.81178,6.70166,-5.98015,11.4098,-7.80569,1.93786,-7.28344,-27.3561,3.70766,-11.2756,-3.96892,-2.16871,-3.01398,20.9532,-1.28037,-7.96354,46.848,-770.064,-657.824,-8260,-35140,-1680
-3.74201,-7.35661,-12.9432,-3.30803,-16.8325,-1.96914,-12.3322,-30.0278,-10.4185,-22.8434,-12.1954,-16.4779,-10.7987,17.3365,-7.38588,-13.8403,48.312,-772.504,-654.896,-8260,-33320,-1260
-6.35928,-15.7338,-13.2254,-13.258,-19.061,0.688871,-12.3301,-22.4478,-17.9331,-23.5788,-17.7344,-19.2209,-12.6127,16.5666,-14.1486,-10.4671,49.776,-772.992,-659.288,-8260,-32480,-1120
3.44823,-6.07648,-5.6329,-2.28159,-9.9358,2.34897,-2.44744,-13.595,-7.66103,-14.0894,-10.6802,-10.0907,-9.81472,19.4691,-2.98018,-5.11573,51.24,-770.552,-655.384,-7700,-31500,-420
13.2382,6.55577,6.29305,7.74871,0.90633,6.7004,4.98509,1.03668,3.0081,-5.24427,-2.46479,4.11955,0.471328,22.9755,2.81893,1.0052,57.584,-768.112,-659.288,-7560,-30380,140
14.7382,20.7671,13.0184,19.8796,16.2952,14.4029,20.7004,23.1798,14.4099,-7.68099,-3.20835,16.7348,4.46657,27.2645,18.7441,15.2659,59.536,-762.256,-666.12,-7420,-29400,560
-11.9735,7.80766,-3.61478,12.0395,10.9059,7.76639,16.3544,22.9805,-5.56515,-29.6913,-13.0472,3.74834,-8.4761,5.55034,18.5031,8.88855,60.512,-758.352,-661.728,-9240,-28140,980
-12.0569,4.62557,-6.72739,3.46516,6.35198,2.25263,8.48535,14.4292,-10.0485,-22.6038,-15.0688,3.77222,-10.8867,-15.0248,8.57405,0.823487,65.88,-754.936,-664.656,-9660,-27860,1120
-3.28971,1.74516,-4.67407,-4.72024,2.31727,0.298171,6.06336,8.26637,-8.44734,-2.24619,-5.0045,6.51118,-8.74107,-25.8489,6.5673,1.37842,66.856,-754.448,-657.336,-9380,-26880,1540
7.78229,-1.4527,0.265354,-16.4649,-2.94681,-2.52896,-5.93332,2.42661,-1.01801,16.1425,0.82368,9.40738,-3.03707,-27.6826,-9.71393,-3.58243,73.2,-757.376,-660.752,-8400,-26320,1820
8.63385,0.140379,6.28998,-12.4364,5.32192,-0.501247,-1.63103,2.89888,5.63451,19.3594,0.322013,12.9442,-0.886833,-16.353,-6.36891,3.40889,76.128,-761.768,-662.216,-8820,-24780,2100
5.17769,0.368234,11.063,-6.35088,13.2108,3.46749,4.39242,5.09044,8.21315,17.5955,6.54672,14.5676,-3.37136,-5.1035,0.295209,9.60028,75.152,-758.84,-659.288,-9240,-22680,1960
-7.67582,-8.05949,11.6008,-9.20917,9.73008,7.09565,4.83416,10.5552,-1.80345,9.12204,8.94293,4.77428,-8.11163,-5.62248,0.00457539,11.3854,78.08,-760.792,-658.8,-8960,-22680,1960
-15.9314,-18.693,4.17162,-14.283,0.708101,5.10049,-1.09196,7.45721,-7.87478,1.50339,10.9178,-8.59748,-11.7995,-13.7323,-5.35743,4.17624,79.544,-763.72,-654.896,-9660,-23240,2100
-5.25576,-9.99858,8.43069,-9.71658,1.8064,5.75502,-5.76772,8.15782,5.26371,6.93015,10.5165,-1.58709,1.28187,-16.8867,-9.00922,-3.72719,81.496,-764.208,-652.944,-9380,-23380,1540
1.62,1.13951,11.4162,1.07146,7.00653,10.0006,1.02156,13.945,16.3701,10.9544,7.54017,3.92648,6.94058,-11.6522,-0.379979,0.321317,80.032,-762.744,-651.48,-8820,-24220,1540
2.30486,3.37991,9.62416,2.32555,2.93643,8.12769,1.31862,11.3583,19.4007,11.7968,3.02962,-1.05105,6.19471,-8.01694,-0.202036,-1.13655,81.496,-760.792,-645.136,-8120,-26040,1680
2.81594,2.44367,11.7015,-3.3085,-1.57891,1.65583,-3.51626,0.495674,17.4037,12.1742,5.90327,-8.17234,7.43488,-2.72894,-5.01804,-6.33391,79.544,-758.84,-649.528,-7840,-27440,1820
-4.05803,-0.234376,10.1018,-7.35579,-4.44864,-4.35722,-8.60997,-7.53425,6.13972,4.4566,7.65885,-17.6071,3.38728,3.3095,-7.07713,-8.26607,77.104,-760.304,-644.648,-8120,-28700,1400
-12.4792,-5.83811,3.80425,-8.6341,-10.6543,-13.5269,-11.9683,-16.8022,-8.46998,-3.47088,7.46417,-27.266,2.15971,2.79405,-2.38004,-11.6796,71.736,-762.256,-643.184,-7140,-29400,1120
-16.8773,-10.2202,-4.17415,-7.74734,-13.2176,-16.8615,-6.89542,-20.7608,-18.852,-8.04108,1.15134,-28.6119,-0.0464143,5.08727,1.55152,-7.20152,68.32,-761.768,-648.064,-6160,-30240,980
-11.7274,-7.32718,-8.63196,-4.43985,-11.4711,-14.7319,-5.49905,-17.1519,-15.5864,-6.50065,-3.06761,-20.0174,2.19988,5.96158,-0.622387,-3.04121,66.856,-757.864,-642.208,-4760,-31360,560
-5.1637,-3.87213,-12.0158,0.641102,-10.0741,-13.7331,-7.03998,-14.5898,-11.0813,-5.03997,-4.50574,-13.5196,2.11929,3.27739,-1.56268,-2.30946,62.464,-753.472,-645.624,-3920,-31780,420
-8.31609,-8.61828,-19.1788,-1.22575,-14.2049,-11.958,-6.65558,-8.71425,-17.5212,-12.154,-9.86704,-11.1374,-1.6493,-1.0415,-0.0882233,-0.568128,55.632,-753.472,-644.648,-3360,-32340,0
7.82691,6.86427,-14.9179,10.3338,-3.89095,-8.92409,0.855503,-3.30773,1.57799,-5.67985,-3.38618,4.98748,0.0608089,4.75686,6.67115,2.98268,54.168,-753.96,-646.112,-3500,-32900,-420
13.5929,11.9234,-11.5385,12.2773,1.79428,-3.40516,1.03014,0.930533,8.92765,-3.37088,-2.88992,14.5669,-3.18009,12.3745,1.41158,5.90424,52.216,-753.96,-645.624,-3080,-33600,-700
12.3232,8.34008,-12.1805,10.0773,-1.18309,-5.54622,-2.92021,-2.33527,10.0314,-0.557348,-0.537671,14.0802,-6.27967,11.635,0.78888,0.921626,49.776,-754.936,-645.136,-2380,-34580,-840
6.67043,6.92849,-7.84747,11.3171,1.29052,-5.50594,-0.544945,0.389218,4.28279,-0.986972,-3.73079,13.7439,-2.69498,10.8453,2.83127,1.07795,47.824,-755.424,-641.72,-1960,-35700,-560
1.55898,1.59432,-3.643,5.06065,0.357029,-2.95983,-2.12543,1.55044,-4.37007,0.440997,-6.28038,11.4483,-0.4833,8.94723,-3.04122,-1.15143,43.92,-755.912,-649.04,-1260,-37520,-280
-0.138716,-0.473615,-2.41113,6.85556,0.84396,-5.35986,0.817682,2.38817,-9.01994,-0.331069,-6.73348,8.33233,0.183893,3.5168,-0.896744,-3.21775,46.36,-755.424,-648.552,-560,-37380,140
-2.66693,-5.4937,-4.7785,-1.59386,-3.06531,-6.33924,-2.64843,3.05807,-9.59862,-6.4354,-10.3668,1.21173,-2.32626,-1.95567,-9.49117,-4.58647,45.384,-756.888,-649.04,-140,-37240,560
4.47476,4.27162,-0.0049675,3.8534,0.0237187,-3.61436,0.118189,2.24522,3.97535,-1.47497,-5.6913,3.52048,1.31629,-6.81779,-3.54784,-4.10449,42.944,-754.448,-649.04,700,-37100,1120
6.52765,5.084,6.56779,6.17929,2.63374,2.29831,4.31763,4.32142,3.11206,0.947312,2.79837,7.17043,9.70106,-8.74305,0.0826521,-1.7074,43.92,-756.888,-650.016,1260,-37100,1400
3.32403,4.24479,11.5747,8.24175,10.5185,10.0262,14.0024,12.9086,-2.23827,-1.58748,0.94393,8.94518,14.2471,-0.730058,4.31755,8.49272,46.848,-757.376,-650.992,1680,-37520,1960
5.74276,5.83997,14.5802,10.299,14.9055,13.3737,19.0561,17.1714,-2.15567,0.402189,1.49256,12.5722,15.4578,5.71999,7.13287,13.5287,46.848,-756.888,-652.456,1960,-37520,2240
2.87607,-2.60141,15.3163,-2.60081,8.5904,14.8503,10.2263,13.5128,-9.23019,1.16835,2.90479,11.918,12.9704,6.21947,-4.65886,6.71114,47.824,-759.328,-654.408,2240,-37520,2520
7.14207,2.36807,13.1045,-6.28393,3.15735,11.6715,3.97435,7.0973,4.36631,4.4927,5.84183,12.9361,9.78276,0.333824,-4.63196,-0.882348,48.8,-757.376,-651.968,2520,-37660,3080
8.77556,6.14692,7.14649,-8.85129,-1.03612,9.46922,-0.424136,3.36214,19.5816,6.58856,7.93192,12.082,7.3277,-8.04174,-2.11486,-2.26295,49.776,-761.28,-659.288,2940,-37800,3220
-0.403874,-0.0873609,-0.517902,-9.80345,-0.109471,13.0831,2.74158,5.05754,15.5809,2.11959,3.55227,5.16063,3.95047,-9.92877,4.75897,4.99141,50.264,-765.184,-658.312,3640,-37800,3500
1.35594,2.64696,0.117568,-0.128777,7.01788,18.4179,11.1992,5.0496,15.3071,4.5355,4.6556,1.28334,-1.18602,-4.7908,18.5597,11.1159,49.288,-763.232,-658.312,3920,-37380,3500
1.57337,5.43803,5.19739,6.27304,12.4227,20.7328,13.6219,2.15974,10.9092,7.15609,3.86657,-2.53344,-9.93865,3.11489,22.3547,12.9983,49.288,-761.768,-663.192,4340,-37240,3640
-0.671627,1.51213,5.1296,0.98301,9.10858,14.9346,3.23412,-6.80012,3.25647,7.22287,3.07968,-9.95365,-16.8984,6.15336,9.13788,4.62112,49.776,-762.744,-660.264,4760,-36960,3640
-1.91547,-0.941609,3.25716,1.6234,7.78021,9.26278,1.18272,-12.1824,-1.52927,7.30143,2.10822,-13.6837,-19.9208,12.7312,10.6989,0.365855,50.264,-764.208,-664.656,4900,-36540,3640
-0.533512,1.78994,1.2701,1.68896,3.1925,1.68146,-3.702,-21.0998,4.26559,7.30922,7.10662,-15.0458,-21.2017,17.3576,9.55116,-5.02003,51.728,-764.696,-665.632,5180,-35840,3500
-0.199779,4.33883,-2.15045,3.90935,4.67538,-2.6457,-0.416148,-17.6689,9.76834,3.54439,4.59149,-13.7291,-19.0136,25.5953,9.39748,0.786587,48.8,-768.112,-670.024,5180,-35000,3360
-3.17564,-0.080765,-9.69603,1.25543,2.6282,-7.04472,-1.75265,-15.388,8.55495,-0.590037,-0.717692,-16.1233,-17.1575,24.2439,2.08797,2.09851,48.312,-772.504,-663.68,5740,-34440,2940
-2.75872,-3.17776,-6.32258,-2.757,-4.29419,-12.5054,-10.6816,-19.4513,3.17296,1.89013,0.543964,-15.4097,-7.09016,1.00294,-9.94453,-7.41251,50.752,-771.528,-671.488,7140,-35140,2520
-6.58664,-11.5761,-4.12384,-13.2501,-15.2023,-17.3072,-21.7111,-21.3786,-8.87878,-0.662191,-3.46695,-18.7519,1.19783,-18.6428,-27.2178,-15.2551,46.848,-769.576,-674.416,7840,-34580,2240
-5.89367,-13.4237,-1.03653,-15.0325,-15.7306,-17.8525,-20.2371,-15.806,-12.8196,-1.75135,-5.40647,-18.9625,3.6022,-21.7008,-27.4385,-12.4132,47.824,-765.672,-673.928,8680,-33600,1960
-8.96129,-14.4336,-4.97767,-6.8089,-13.1099,-17.3064,-9.838,-8.25887,-17.0062,-5.50974,-5.25482,-17.2523,4.8823,-21.1518,-6.13076,-6.7763,42.456,-762.256,-672.464,9520,-32900,1400
-12.766,-14.5722,-9.64332,-7.50366,-18.587,-17.8024,-12.0673,-6.18632,-17.2693,-9.63479,-3.68106,-14.32,6.26843,-23.2035,-5.74125,-8.57723,40.992,-759.816,-668.56,10080,-32620,1260
-13.0955,-5.13483,-8.29863,1.33787,-11.9401,-12.2017,-2.65084,4.71768,-14.2968,-15.4926,-4.90405,-1.47878,8.83959,-15.0658,2.19223,1.2852,40.992,-764.208,-671.488,10640,-32340,980
-15.6404,-9.00541,-11.4136,-1.52875,-11.4604,-9.38247,-3.3463,11.9954,-24.575,-18.2385,-5.52205,2.68234,10.5092,-14.005,-4.03879,-0.0680187,42.456,-760.304,-667.096,10780,-32340,840
-13.0996,-10.8781,-15.3787,-6.95265,-12.2203,-8.19256,-5.07728,18.3812,-22.2613,-20.895,-4.32174,5.67402,10.0165,-16.3604,-10.3078,-3.35774,40.504,-761.28,-669.048,10920,-31920,280
-14.3021,-3.0427,-20.2052,-5.25042,-10.4912,-7.50426,-3.68802,24.3226,-13.693,-30.1715,-13.1522,10.0865,7.77367,-17.3875,-10.4315,-6.29177,39.528,-760.304,-667.096,10640,-32060,0
-1.57364,4.85239,-4.49028,-1.67762,-3.74026,-5.35819,-1.39492,26.9667,-8.6724,-11.3951,-8.57898,24.0554,8.33266,-12.1878,-10.0824,-8.28498,41.48,-755.424,-666.608,10080,-31500,-420
3.05344,1.35402,3.93176,-3.03168,-2.77151,-1.7451,0.258696,29.6546,-12.248,-1.24868,-6.10138,27.0155,9.49382,-10.7082,-7.85097,-6.43739,40.992,-756.888,-663.68,9240,-31080,-700
19.0768,12.3436,13.2543,-2.58456,2.48586,2.59454,-0.747812,30.6095,10.2803,11.5648,-1.61715,31.5974,10.7169,-8.63417,-13.2722,-5.09336,38.064,-754.448,-665.632,8680,-30520,-980
16.3976,13.0819,16.9483,-2.16933,8.83962,4.46462,-0.0408913,26.0801,11.4594,16.0965,2.32559,29.2921,6.16694,-0.664435,-11.4675,-5.50679,37.576,-752.984,-663.192,7840,-29960,-1400
11.9584,6.65431,15.9958,-1.20757,13.6926,9.64134,8.35065,26.3039,10.1412,16.332,2.20104,19.9225,0.44346,7.66326,-0.450106,2.44216,35.136,-758.84,-658.312,7280,-29120,-1820
17.1885,8.7274,15.2627,4.24119,17.3492,17.6437,13.1265,20.3856,22.7376,20.4923,7.19196,14.0914,-3.98634,16.3894,9.85571,11.5623,35.624,-761.28,-658.312,6440,-28140,-1820
11.6168,8.33688,9.30562,8.6459,17.4793,18.2027,12.1029,5.35563,17.9613,18.0608,9.88092,6.60971,-6.53521,18.0473,14.2423,13.1587,33.184,-765.184,-657.824,6440,-27440,-1680
12.9182,13.8025,10.5953,18.1458,21.9743,15.3156,14.2671,-1.78883,19.3436,21.3718,15.4331,5.34,-0.604086,22.5408,20.5715,16.3033,31.72,-766.16,-655.384,6720,-27020,-1820
9.19097,9.81356,8.04911,16.4971,15.8987,9.26471,10.95,-10.7964,15.1455,18.7575,15.7826,-0.890182,3.40154,22.0429,19.4971,10.6691,31.72,-764.208,-655.872,6440,-26740,-1540
11.413,12.4388,8.48765,19.5492,14.9135,6.86849,18.4989,-12.0724,19.1524,16.959,14.9218,-1.18494,2.76622,24.88,24.0428,15.1056,29.768,-762.256,-653.92,6440,-26180,-1400
7.6303,9.08357,6.44103,17.4615,9.31823,4.09337,18.5957,-11.5346,14.87,10.9382,8.19057,-4.14106,3.00059,24.5623,19.9935,15.3602,31.232,-758.84,-659.776,6300,-25620,-980
3.79692,1.28716,3.80963,9.9747,0.500384,1.07956,10.0457,-16.2149,5.26613,2.36208,0.518287,-9.51516,0.00309949,17.701,11.3381,5.02121,34.648,-757.376,-657.336,6580,-25200,-560
-4.00857,-6.71297,-3.43254,4.22173,-4.75625,0.823551,3.83583,-17.2788,-6.39195,-10.5702,-7.87436,-17.1182,-5.24362,10.0416,9.29053,-1.6074,35.624,-754.448,-658.312,6720,-25060,-280
-1.55925,-5.08379,-8.59461,-1.56344,-7.15959,0.339769,-3.69084,-20.7321,-2.89578,-13.8478,-7.60505,-19.3075,-8.38098,5.47934,0.989798,-4.86191,38.064,-753.472,-653.432,7420,-24640,0
3.19627,-0.273152,-9.12295,2.78258,-4.27848,-0.0882417,-4.70395,-23.1255,0.455616,-13.047,-4.75147,-17.2445,-6.74261,4.06279,2.06057,-3.94806,37.088,-744.688,-657.824,7560,-24640,280
-5.40132,-12.1892,-12.7481,-9.07792,-11.087,-1.2411,-12.8108,-29.2549,-12.0591,-17.6908,-8.54134,-23.4132,-8.70638,-2.83652,-9.41475,-8.36793,35.624,-744.2,-657.336,7700,-24640,560
-14.2121,-16.7875,-15.5517,-15.0907,-14.9263,-3.99234,-16.5728,-28.5163,-18.7493,-24.9453,-13.1424,-25.8351,-11.189,-6.73784,-12.0905,-8.86863,33.184,-745.176,-656.36,8120,-24640,980
-6.59665,-7.74261,-14.0435,-11.1678,-13.3246,-9.05604,-18.4076,-28.185,0.266592,-16.629,-5.35396,-17.7032,-8.07485,-13.909,-10.4486,-12.0826,39.04,-741.76,-658.312,8400,-24640,1260
-14.1411,-9.30594,-14.0757,-13.9728,-14.669,-8.00842,-19.9566,-26.4044,-2.8728,-14.3492,-1.56039,-14.5927,-7.29771,-20.8105,-13.1519,-13.5169,39.04,-737.856,-656.36,9100,-24920,1400
-18.8952,-10.174,-9.92238,-12.5847,-10.2688,-3.63062,-13.709,-16.6635,-10.0891,-11.3233,-1.7172,-8.95537,-4.43653,-20.4009,-9.53712,-2.54864,38.064,-737.368,-656.848,9800,-25480,1960
-14.6037,-3.17984,-3.10065,-4.13192,-2.89651,-0.355677,-2.72526,-6.55859,-3.72218,-2.76584,4.43788,0.0390803,0.458421,-15.9178,-2.28913,10.8829,37.576,-739.808,-655.872,10500,-26320,2240
-13.172,2.52703,1.20541,3.42273,4.3801,-1.25851,5.32091,0.749459,-5.14239,2.28013,4.84537,8.95467,1.5034,-9.05768,6.66188,13.4969,37.088,-739.32,-651.968,10920,-27020,2520
-11.0934,1.84915,4.97961,1.21125,8.57339,-3.15769,4.87903,6.01827,-11.1706,5.7974,4.54436,15.004,0.160961,-2.57313,5.02135,10.6303,40.016,-740.784,-652.944,11340,-27720,2660
-10.5502,-5.82018,6.95337,-5.58909,4.33184,-3.22558,3.06846,14.1013,-16.7727,6.81268,2.44379,11.4099,0.871676,0.820086,-0.516099,9.99124,38.552,-741.76,-655.872,11620,-28560,3080
1.06267,-4.7781,8.39499,-15.0554,-8.94482,-6.05434,-8.85486,10.7625,-2.82205,14.6194,3.45922,7.16994,4.34076,-9.14618,-14.8077,-5.02076,43.92,-746.152,-649.04,11760,-29260,3220
4.75974,1.32857,11.2792,-9.48972,-7.7876,-2.26125,-3.43337,15.1697,2.35491,12.3423,-2.67347,9.44938,7.69113,-10.0302,-7.13966,-7.13992,41.968,-746.64,-651.968,12600,-29400,3360
11.0657,11.4633,13.6441,3.96674,3.14551,1.97216,7.44924,22.2064,10.0977,11.3027,-8.33859,15.4331,11.3808,-4.04037,5.36519,-4.16243,39.528,-746.152,-653.92,13300,-29120,3640
19.2789,16.8145,13.5081,7.24766,3.57297,0.930619,6.20409,23.6134,18.2756,13.6048,-4.67444,18.1832,10.6574,-2.14765,-0.68471,-8.26831,40.504,-746.152,-652.944,13440,-28560,3780
17.1926,10.5421,6.39584,3.10726,-1.46742,-2.50045,3.55946,20.9055,12.0978,8.06739,-3.06861,11.0906,2.4825,-1.37464,-7.9617,-11.0776,37.088,-749.568,-653.92,13720,-27440,3920
6.49141,-3.04937,-5.47691,-2.93152,-8.8548,-5.55737,0.677645,14.348,-3.88472,-0.885335,-1.37314,-1.13415,-5.25734,-6.50801,-9.05123,-14.161,37.088,-751.032,-652.944,13720,-27020,4060
-0.170913,-9.41602,-10.9887,-3.78863,-9.06143,-3.5611,0.431755,13.6207,-9.46708,-4.79474,-0.825979,-5.97637,-12.4171,-0.334768,-4.50824,-9.26715,33.184,-752.008,-655.872,13860,-26740,4200
-2.65743,-5.13557,-13.0545,1.24367,-1.2587,-2.48751,-1.26759,9.68994,-8.8358,-5.31928,-3.63003,-3.04615,-14.4959,8.888,-3.47578,-9.26889,33.672,-752.984,-652.944,13860,-26600,4060
-2.48977,1.68867,-5.95141,9.41106,9.12716,-1.53186,4.12982,9.83684,-4.92682,-3.86293,-3.75238,4.27213,-6.85766,13.3686,1.9788,-2.82778,32.208,-754.936,-653.92,14000,-26180,4060
4.85897,6.49724,0.257945,9.9362,14.7444,-0.803209,7.52224,7.31648,3.88416,0.989474,2.11207,7.32888,-3.52608,15.3757,6.74313,2.54388,32.208,-756.4,-650.504,13720,-26180,4200
7.32924,7.10819,4.41219,7.91455,17.5904,2.33239,8.84407,6.82846,6.74239,1.40073,6.32394,4.91414,-1.96237,15.6227,6.83491,6.54627,30.256,-756.4,-651.48,13300,-26180,3920
5.36052,2.21196,6.36725,4.5995,17.9656,4.04752,9.1996,7.45691,5.1374,-1.04128,5.83947,-1.86947,0.0594916,14.2669,6.18719,11.7035,27.816,-757.376,-647.576,12880,-26320,3640
7.82947,3.17751,6.49253,5.6432,18.4707,7.66403,8.79065,4.07862,10.8225,-0.520339,6.07126,-3.09661,4.81876,12.4679,8.0571,11.9922,27.328,-758.352,-649.04,12180,-26740,3360
8.0532,1.19881,4.71209,0.628394,11.4301,8.12944,-1.16783,-0.864399,11.0543,1.55504,6.98722,-5.26487,7.54974,7.08388,-1.45517,5.55142,27.816,-757.864,-645.624,11760,-27580,3220
0.640588,-2.92822,-1.70055,-1.59766,5.0576,5.95768,-8.37236,-7.71829,3.46148,-0.753499,6.81626,-8.5826,3.46162,5.67995,-10.5257,-0.976509,23.912,-762.256,-647.088,11200,-27860,2800
-1.89047,10.7381,-0.611894,20.0204,17.162,9.45164,7.16569,-3.90047,9.18204,-3.06854,5.26463,-0.547661,3.08937,18.1231,9.57395,9.2303,29.28,-761.768,-645.136,11060,-28280,2800
3.40958,12.1832,1.47973,21.314,15.1839,5.92737,8.57517,-6.63104,8.70871,4.63379,6.53316,5.06348,5.71144,17.4016,15.3788,10.9741,26.352,-761.28,-644.16,10640,-28140,2520
-4.37367,-4.66065,-4.11658,4.54354,-3.08476,3.05866,-0.0551852,-9.67435,-4.04514,1.99652,2.17379,-5.91232,8.02902,5.08135,7.21933,7.52981,26.352,-761.768,-644.16,9940,-27860,2100
-6.02739,-13.2842,-6.58506,-7.90111,-15.6892,0.639436,-12.3044,-13.8555,-8.82437,-0.0128149,-0.16703,-12.884,11.7081,-5.7706,-5.35102,0.579407,25.864,-766.16,-645.136,9660,-28000,2100
-5.29155,-9.56542,-3.51478,-6.76776,-17.9382,-1.81937,-12.0893,-15.0334,-6.60712,-1.41338,-2.41074,-10.0649,17.9067,-9.99788,-2.50558,-0.470154,27.816,-760.304,-640.744,8960,-28280,1820
-14.0044,-12.6542,-5.67773,-10.1806,-19.6049,-4.06942,-8.48071,-13.0318,-14.7466,-8.66902,-8.35189,-6.73683,19.1677,-13.8785,1.45766,1.09786,27.816,-759.328,-639.28,8260,-28420,1540
-10.6252,-5.56901,-2.404,-6.06809,-16.7383,-3.83059,-3.07301,-13.7636,-12.5314,-8.7148,-8.56183,3.30654,19.9333,-16.2681,9.5498,1.77845,30.256,-756.4,-641.72,7840,-28420,1540
-2.17026,7.57101,5.01849,6.83942,-3.46712,-0.0378125,6.35534,-8.95028,-4.14857,-5.02496,-5.50844,12.7294,20.7694,-9.89925,20.9194,6.72523,28.304,-758.352,-640.256,7280,-28000,1260
-0.00622263,2.6688,5.49955,-6.29347,-5.5311,-0.0309543,-8.32463,-9.54339,-3.18411,-1.2543,-1.15388,8.61765,13.9769,-9.78632,-4.50739,-3.06742,30.256,-756.888,-647.576,6860,-27720,1120
1.26222,0.220061,4.91621,-7.70346,-5.80504,1.5282,-7.68101,-4.27555,-0.951148,0.812325,0.533347,2.41824,7.71394,-12.6437,-5.18811,-5.01355,29.768,-760.792,-645.624,6720,-27020,840
5.59056,2.44221,7.42867,-7.33171,-5.5463,2.39927,-2.0054,5.04122,0.844543,2.83907,0.989052,5.57996,7.69562,-18.098,-3.82697,-3.11009,26.84,-760.304,-651.968,6440,-26180,700
2.38946,-1.28754,3.9758,-14.278,-13.848,-1.25047,-5.42648,8.38458,-0.942747,0.0806166,-1.53258,0.922886,3.02011,-25.0968,-14.6408,-6.50663,30.256,-767.136,-657.336,7420,-24780,840
-0.987335,-5.80595,1.1954,-13.6826,-18.0726,-3.43843,-0.972035,11.6004,-1.91705,-0.642418,-3.46198,-4.10768,-3.95671,-29.6372,-8.92528,-6.20902,28.304,-767.136,-656.848,8400,-22960,700
-4.00133,-10.0513,-1.0726,-15.8989,-23.102,-5.66665,-2.80223,13.0626,-0.310169,-1.19404,-7.29006,-9.03811,-10.8877,-33.0728,-8.29877,-8.58181,26.84,-765.672,-654.408,8960,-21420,840
-7.56571,-14.9647,-6.3522,-24.8536,-28.6756,-9.98737,-13.0083,9.94708,-4.07121,-2.54774,-10.824,-15.5222,-22.5798,-36.0551,-23.2931,-15.821,23.424,-766.648,-647.088,9800,-20720,980
-15.4294,-15.7375,-10.444,-26.9583,-28.7693,-10.4387,-13.5899,9.03163,-10.109,-9.7162,-16.5469,-16.4391,-31.8681,-35.5596,-26.6486,-17.0189,22.936,-766.16,-651.48,9940,-20160,980
-16.0809,-11.2186,-12.402,-18.2098,-22.0338,-8.82652,-7.38205,3.94848,-13.3762,-9.54315,-14.2964,-15.0993,-41.2218,-24.3106,-14.6087,-14.2614,22.448,-764.208,-650.504,10220,-19180,700
-13.2164,-10.1815,-12.0665,-16.331,-16.5758,-7.04213,-7.87965,-0.797047,-10.8806,-7.81797,-8.22872,-11.4847,-42.5272,-9.78543,-15.7742,-12.9542,20.008,-762.744,-656.848,10080,-18480,700
-14.6262,-4.17714,-10.2671,-9.64441,-6.95425,-5.29942,-4.37089,-2.94222,-4.90575,-13.815,-4.01514,-2.14216,-32.6979,-4.37494,-9.52833,-9.99567,20.984,-762.256,-655.384,10360,-18060,420
-1.13719,12.8416,-2.90209,11.01,11.2955,-0.217016,14.798,-4.52372,7.899,-4.50488,4.44862,12.8186,-31.7029,11.9973,15.8044,2.39064,20.008,-760.792,-651.48,9940,-18060,0
3.24296,10.3566,-2.30322,11.6566,13.8925,1.75342,14.7354,-3.8783,7.17913,4.22003,6.27845,13.4253,-29.0947,20.2317,14.8286,6.94009,19.52,-756.4,-646.6,9940,-18200,-280
9.79031,4.57247,-3.73844,5.02009,12.4218,-0.540012,8.45549,-4.73957,6.06753,10.6842,11.1924,12.0725,-29.3435,23.1061,5.53285,1.73447,21.96,-756.4,-649.528,10780,-18900,-560
14.9508,10.2973,1.40531,16.1827,24.4004,2.50132,15.6164,-0.212901,11.1775,11.5315,11.0182,18.6597,-29.8635,37.0609,11.9987,5.51206,23.424,-758.84,-648.064,10500,-19740,-700
15.097,15.7624,6.01225,25.8858,33.7432,6.36537,20.611,5.65307,12.6225,12.3734,12.2837,24.5882,-22.5533,49.7601,16.3782,14.1087,25.864,-759.816,-649.528,10780,-19740,-840
20.7042,16.5794,7.01832,28.0435,39.7692,6.56046,16.0414,0.305303,18.0328,18.5781,17.2341,25.1353,-16.2186,59.5265,10.8285,15.3027,24.888,-756.888,-647.088,10780,-20440,-840
28.6326,23.1432,10.3208,40.3279,54.6345,11.8164,19.842,-4.74082,24.8604,23.4264,21.7239,24.1765,-11.1002,79.2738,17.7995,18.6938,23.424,-756.888,-647.576,11480,-21000,-840
32.3192,25.4771,12.4318,50.7685,64.8635,11.9376,23.3078,-11.023,26.4071,24.5827,24.2907,20.319,-0.796932,83.6147,27.9756,21.4118,26.352,-758.84,-649.528,11620,-22400,-280
28.5561,23.9067,12.5436,51.0855,66.5566,10.2689,23.7103,-11.5208,24.4674,19.8091,21.4992,10.2094,10.6574,81.4338,33.241,23.6163,24.4,-754.936,-646.6,11620,-23660,0
30.9233,30.2951,15.7111,60.387,81.0214,15.7929,30.9376,-6.86525,28.8999,21.2195,20.8324,10.8665,25.3872,92.1221,40.3493,32.4324,22.936,-756.4,-648.552,12040,-24780,140
35.0402,34.6156,20.0748,64.8986,89.0777,19.7581,31.4171,-6.85459,29.9211,25.5667,23.0768,12.2509,42.8614,97.4516,42.7296,33.2538,23.424,-756.4,-647.576,12320,-26460,840
31.8572,32.4004,21.0659,63.5933,81.7076,19.7022,27.1975,-5.549,27.0923,26.1045,22.4391,5.1715,59.8392,91.2376,39.0291,28.1192,20.008,-755.424,-643.184,13300,-28140,1400
18.1187,21.3659,21.5883,47.5363,59.6089,14.5682,12.5373,-1.25335,14.8424,17.36,16.437,-5.73341,78.21,68.7837,17.7543,19.246,15.128,-751.032,-643.672,14000,-31220,1960
7.97035,10.6501,23.4858,28.5454,22.4821,7.55657,0.705132,7.50008,4.23937,9.6784,9.15263,-13.1575,112.507,18.4264,3.55628,8.51483,-1.952,-745.664,-668.56,15400,-32760,3360
-42.5572,-40.6861,6.90453,-59.7365,-92.7474,-15.1065,-46.9236,15.7095,-42.9286,-29.9328,-31.8265,-44.2451,163.082,-152.773,-43.6489,-30.5398,-21.96,-771.528,-523.136,24360,-34020,7700
-83.6978,-78.6127,-13.5255,-143.017,-182.449,-27.6553,-84.7524,23.3759,-82.1982,-64.2992,-70.2319,-76.6435,129.31,-250.371,-82.2491,-59.6374,32.208,-732.488,-721.264,24360,-157080,13440
-75.8177,-67.4587,-23.9946,-123.754,-164.09,-20.7761,-74.984,22.1995,-70.2178,-59.2707,-72.1445,-69.5635,55.2193,-207.257,-75.4471,-51.9844,20.496,-750.056,-713.944,24780,-117740,9520
-69.3448,-64.4248,-32.6531,-112.682,-152.504,-23.9139,-60.8697,17.3662,-59.9927,-57.435,-57.4569,-53.8165,5.08814,-174.237,-62.6822,-42.5802,14.64,-749.568,-664.656,22540,-82880,5600
-61.825,-63.8099,-39.5532,-108.659,-143.928,-33.4538,-58.5838,0.18342,-49.5512,-55.844,-33.8665,-41.6995,-45.5548,-141.573,-59.427,-43.3524,30.256,-748.104,-664.168,22260,-76300,4480
-51.8178,-52.0241,-39.9044,-83.1483,-108.237,-28.8396,-46.0051,-12.3905,-43.0569,-51.3751,-17.6754,-23.9983,-79.5163,-100.613,-45.2243,-32.9197,43.432,-747.128,-661.24,19180,-75740,5040
-19.2878,-21.0115,-25.7129,-39.1788,-48.863,-15.3773,-21.6845,-17.9158,-14.9693,-25.2259,1.42693,7.23123,-92.7281,-47.4954,-15.6734,-14.7972,47.336,-748.592,-664.656,17360,-68600,5180
6.42643,-1.01121,-14.9062,-14.1222,-6.1369,-4.59345,-8.20419,-19.1052,6.11557,-4.5349,4.98023,31.892,-92.0517,-10.9146,-5.35086,-5.21197,37.088,-752.496,-661.728,15400,-60900,5040
20.8264,13.7247,-7.71351,12.2384,30.5962,4.9023,15.5721,-12.7819,14.3504,7.88245,2.31117,47.3237,-89.5854,29.993,16.4328,9.90209,33.672,-751.52,-654.896,14140,-52220,4760
33.0666,27.5527,-0.994,44.2549,60.9881,8.95207,37.4554,-9.65078,24.1689,20.168,6.90337,50.2105,-77.2122,63.4866,39.1119,21.1799,33.184,-753.472,-647.576,13720,-47600,4620
38.5506,27.8168,3.02203,42.0989,65.2885,10.197,35.0194,-6.75464,30.86,29.8499,14.0237,36.8712,-59.1845,74.292,26.4344,16.8959,25.376,-753.96,-642.208,12740,-45360,4480
47.4501,36.2716,9.93104,49.4085,68.7384,14.3683,38.1633,-0.724941,45.9227,44.2504,24.7253,25.034,-47.6035,83.7001,29.0818,15.3835,22.936,-759.328,-643.672,12040,-42700,4340
41.482,39.1919,14,61.3313,71.9534,19.0131,49.2865,12.4233,44.4097,46.4641,25.7583,14.8546,-36.1191,86.8576,42.3385,23.029,21.472,-755.912,-641.72,12180,-40880,3920
30.7517,37.1078,14.9735,62.3283,67.652,19.6363,49.736,21.7676,37.4001,41.7361,26.5117,6.62757,-25.4475,79.7973,42.0512,26.3142,16.104,-756.4,-639.768,11900,-38360,3780
19.3747,32.4679,14.3645,53.2101,55.01,14.8747,38.9621,19.3817,26.4338,34.2961,25.9463,4.46754,-15.4021,68.2902,30.4368,21.1376,15.616,-756.4,-642.696,11900,-36400,3360
14.9753,27.3432,13.2558,38.0788,41.8214,7.77633,22.6314,11.4922,21.1243,28.3384,24.6019,9.67516,1.17116,53.4513,13.0654,12.4505,14.152,-757.376,-641.72,11200,-35140,3080
6.31475,12.4786,9.6266,20.2849,29.2002,2.75276,8.37907,0.686102,6.11522,16.735,18.8593,11.3074,11.3782,42.1374,0.458807,4.69816,12.2,-757.376,-639.28,10780,-33740,2940
2.09643,1.02666,7.78503,8.62204,20.6982,-3.56825,-8.34571,-12.0462,-2.57523,8.29918,14.4089,14.6369,18.744,34.6319,-17.4861,-3.77574,11.712,-758.352,-641.232,10220,-33040,2800
4.89564,2.32179,9.46393,10.4967,14.2726,-5.30086,-7.82599,-14.7041,0.443736,1.09679,8.19943,19.6088,28.0218,24.796,-10.0498,-3.45833,6.344,-758.84,-643.184,10080,-32620,2660
-7.06572,-4.24674,8.24592,12.8381,10.3226,-5.81411,0.660128,-11.3788,-19.7451,-14.8584,-4.69407,16.2847,36.1176,13.526,8.59036,-0.0880325,4.88,-759.328,-642.208,9800,-31640,2800
-14.5839,-9.96739,3.81544,8.33002,6.79371,-3.87959,1.25193,-8.47782,-34.3904,-28.0507,-15.8218,6.63196,37.9791,5.23179,10.986,0.877316,0.488,-760.304,-650.504,9800,-30800,2660
-19.0602,-16.2101,-1.11442,-2.94795,-5.17968,-3.74246,-6.19491,-9.90092,-36.6815,-34.8215,-21.3908,-7.36195,36.4011,-10.7895,4.16395,-4.52906,4.392,-761.28,-645.624,9800,-29260,2240
-5.14261,-8.02161,0.286555,-10.2681,-13.8913,-4.34927,-10.5528,-3.23746,-7.27553,-25.9974,-15.0172,-13.1341,34.9681,-23.3746,0.367066,-5.89199,1.464,-762.256,-645.624,9660,-28280,1820
0.0190649,-9.07524,-1.43037,-25.388,-24.5056,-4.41263,-18.3735,-2.66976,7.64918,-16.9707,-7.73668,-21.955,29.9701,-32.7141,-14.2852,-13.1489,0.976,-766.16,-644.648,9100,-27020,1400
-6.84483,-10.7357,-3.36859,-25.3619,-21.7036,-0.258855,-12.3127,4.48506,1.46082,-12.8062,-5.12134,-25.9831,25.9608,-31.7766,-12.8922,-10.1341,0.976,-767.136,-645.624,8960,-25900,980
7.49071,5.06244,5.48955,-12.8246,-7.98402,5.2621,-1.76313,14.2189,19.8479,5.91639,5.62817,-13.2922,25.2957,-14.9294,-7.37371,-0.217066,-1.464,-770.064,-643.184,8820,-24780,700
9.71466,6.27091,6.26397,-8.60302,-7.4136,4.99252,-1.10986,11.9753,18.7926,17.1418,12.3636,-8.54335,21.843,-10.1566,-6.11763,1.78442,0.976,-772.016,-644.16,9240,-23800,280
-1.34921,-2.13138,0.767225,-10.9417,-14.0465,4.45572,-5.95644,10.0334,6.62987,12.7748,2.48245,-12.2463,16.6054,-15.6811,-6.29226,4.07144,0,-769.088,-641.72,9520,-22960,0
-6.39291,-1.54932,-1.89196,-3.79554,-11.902,3.26019,-5.45052,6.59094,-0.111483,11.1002,-3.84844,-8.423,3.57076,-15.2837,-0.312806,7.28833,-1.464,-767.136,-643.672,9240,-22120,-280
-4.32154,-0.0417514,-4.70387,-4.52179,-12.6939,-0.465099,-12.6582,0.00115084,1.61054,12.0199,-5.6895,0.767134,-6.61841,-17.0759,-11.1035,-0.558954,-1.464,-766.16,-644.16,9240,-21560,-280
-8.13698,-5.83659,-10.9443,-12.9464,-16.4202,-2.84,-14.923,-6.13551,-4.46032,7.94103,-9.53922,-0.108436,-13.7099,-19.1804,-16.4876,-5.64453,1.464,-770.552,-646.112,9380,-21140,-420
-10.5304,-6.66588,-12.5061,-3.55393,-9.66578,-1.38176,-0.640917,-4.21614,-10.7908,3.14987,-9.97518,-2.98104,-18.6623,-14.6879,7.5854,1.66111,1.464,-771.528,-646.6,9520,-20860,-280
-10.6137,-8.54714,-9.17427,-4.47522,-7.78196,-0.927115,0.584532,-2.46846,-12.2333,-1.71002,-7.65696,-4.47218,-23.3581,-12.2288,7.90482,3.7177,1.464,-774.944,-649.04,9940,-20300,-280
-12.2561,-9.58954,-3.19608,-4.08757,-2.01772,3.22853,4.34577,3.29996,-14.8339,-7.40662,-7.07686,-6.47056,-30.3101,-3.31908,6.97405,7.91267,1.952,-773.968,-643.184,10080,-19600,-420
-8.05612,-8.54087,-1.73181,-5.82594,-3.3989,1.38791,1.44021,5.7839,-5.98576,-11.0382,-7.06151,-9.11625,-29.463,-1.10134,1.57057,4.07577,2.44,-774.944,-645.624,10500,-19180,-280
1.82181,-1.5729,0.900009,-5.39238,-3.70483,1.36443,2.81827,6.08975,2.55223,-6.4057,-0.05627,-6.50772,-27.5684,1.66576,-0.927386,4.37556,0.976,-773.48,-643.184,10640,-18900,0
6.25388,1.64714,2.33066,-2.02355,-3.43549,1.2614,3.70547,1.76824,5.91832,-3.62107,2.17542,-2.9132,-19.1014,3.27898,-0.596006,1.48743,0.488,-771.528,-638.792,10500,-19180,0
7.72129,8.56308,3.15175,8.85667,2.52115,0.917331,11.3672,1.50746,8.26985,-4.24866,3.16358,-0.18329,-8.58187,7.17593,11.3574,3.84743,1.464,-771.528,-636.352,10500,-19460,140
13.0231,12.0034,9.60561,7.84032,4.92364,2.3023,8.50771,-1.39155,11.5496,-0.507098,9.19986,1.87159,0.950744,10.4701,5.13944,2.23846,5.856,-768.112,-639.768,10360,-20160,420
2.85206,-1.85927,4.60255,-4.36705,-4.02268,-1.80954,-2.45489,-8.69403,-2.73536,-7.69827,3.34601,-7.63753,2.31611,3.98336,-7.71264,-6.60424,4.392,-766.648,-639.28,10080,-20580,420
3.35676,-2.932,4.19122,-3.88672,-2.99957,-2.92814,-5.09232,-10.366,-3.76056,-5.03931,1.05523,-6.19265,5.11957,2.53415,-8.83441,-9.53073,5.368,-764.208,-633.912,10220,-20720,280
10.9391,3.19958,1.58011,-0.476585,0.980233,-6.33378,-6.24736,-9.83128,5.14569,0.154269,2.95546,2.075,8.92603,2.2986,-8.84835,-9.41851,1.952,-765.184,-630.008,10220,-21420,560
4.24547,1.03293,-3.27311,-1.05674,1.98035,-8.55686,-6.9736,-6.69101,-0.070791,-4.03615,4.09524,6.33501,18.4847,0.471443,-9.92463,-8.31106,6.832,-765.184,-633.912,10500,-21980,700
-2.12954,0.685704,-2.0495,5.64718,7.08663,-4.01536,2.19731,0.604429,-6.31005,-6.73367,5.21644,15.5629,30.0735,2.23481,1.50158,-1.81277,5.368,-766.16,-637.328,10920,-22680,700
-8.7591,-3.32482,-5.26743,2.94657,2.2,-5.936,1.00412,2.21542,-11.6137,-13.5383,1.0164,17.5194,23.307,-3.58151,2.83351,-2.06092,7.808,-759.816,-641.72,11620,-23100,840
-11.909,-5.5527,-9.23671,-3.37015,-2.33805,-8.98147,-4.85863,-2.06253,-11.2774,-14.3964,-4.50409,15.2189,10.59,-8.14203,-4.53406,-3.91582,10.248,-759.328,-641.72,12040,-23380,840
-7.10837,2.4729,-6.86981,6.52209,4.95695,-9.54485,-0.232015,-5.60541,-6.15475,-5.2377,-3.40538,16.7696,3.78154,-3.71043,3.66379,-2.81015,8.296,-764.208,-642.696,10920,-22680,840
-9.95199,-6.56055,-5.38817,-4.89167,-2.05115,-5.71212,-9.64935,-6.69092,-10.811,2.2965,-1.2885,8.12989,-0.166143,-1.88589,-9.74782,-7.04611,5.368,-762.744,-640.256,11060,-22120,840
-8.52188,-9.01307,-4.83947,-4.30924,-2.39106,4.92206,-4.19444,1.66103,-5.82104,7.77912,-2.11445,1.42196,-0.82714,1.08739,-2.62937,1.64895,3.904,-761.768,-643.184,11340,-22120,980
-3.37745,-1.92022,-0.632798,5.53105,1.71834,10.7006,4.93267,7.0091,2.24954,13.2361,-1.51948,0.877379,3.78293,3.6122,10.6609,6.42897,2.928,-760.304,-639.28,11480,-22260,1120
1.61443,2.54603,3.1394,8.06982,5.90328,10.4099,7.64922,5.68414,5.13641,16.555,-0.600277,2.57087,1.92818,7.75489,12.1943,5.13851,1.952,-758.352,-637.816,12460,-22540,980
4.24067,6.48989,5.84131,11.3424,12.9356,8.87655,9.38512,4.53719,3.46387,13.234,1.46871,7.21451,-2.76737,12.0982,12.8659,5.1394,1.464,-757.376,-637.816,13160,-22540,980
3.90262,3.04803,5.01002,1.29328,7.62016,5.00568,0.681036,2.38675,4.08043,8.5377,3.5307,9.02121,1.51933,6.01721,-0.802539,-0.736613,4.392,-759.816,-648.552,13160,-22120,1120
10.3444,2.46516,2.52099,-9.72924,-3.31192,-1.20721,-12.2294,-8.39015,15.4401,6.99825,8.99995,10.3245,2.75709,-4.54021,-14.6526,-10.4679,-0.976,-759.328,-632.448,12880,-21420,840
7.01887,0.56933,1.08831,-12.6645,-6.05524,-3.50756,-12.7362,-9.62216,11.2564,-1.62037,1.28822,6.71624,-5.29217,-6.66344,-14.5895,-8.44171,0.488,-756.4,-643.184,14140,-21420,840
3.23274,2.06802,-0.15502,-2.21647,-0.789912,-6.07386,-0.295041,-3.87386,2.70262,-4.99888,-5.89664,2.56131,-12.4934,-3.15179,2.13007,0.406826,-0.976,-759.328,-646.6,13440,-20720,840
6.74746,4.62998,1.38411,8.47241,2.55724,-5.45219,7.88553,-1.73402,1.98768,1.98158,0.0807085,-5.27387,-14.3139,0.44792,14.7355,1.56787,-4.88,-761.28,-636.352,12740,-19740,840
8.68051,4.60719,3.37726,3.19593,-2.77842,-2.47343,2.97457,-0.613849,5.77027,6.96048,3.89962,-18.2507,-17.2302,0.586956,5.06908,-1.11576,-3.904,-763.72,-636.352,13020,-19180,980
6.35498,3.41312,3.79289,7.2598,3.33131,6.89102,12.7276,11.3297,3.91256,7.70285,-0.429183,-29.6341,-24.7964,6.60037,10.6675,10.9338,-6.344,-764.696,-634.888,12880,-18760,1120
0.928236,-0.755253,4.44909,8.54531,9.56434,15.2639,15.0754,17.1152,0.390177,6.03171,-7.31872,-37.6771,-28.1236,11.0136,9.39706,14.0344,-4.392,-765.672,-637.328,12600,-18760,1120
2.27332,7.65586,7.84597,17.442,17.5197,17.8719,16.0437,14.7394,0.340347,9.62593,-2.41608,-30.4521,-28.6819,15.762,11.5847,13.7529,-9.272,-765.672,-637.328,12740,-18200,1400
0.529651,9.21823,5.7752,15.8,20.3554,15.2828,14.2293,16.4205,-6.28245,9.71214,1.37945,-22.509,-24.9082,16.1398,5.89153,12.319,-5.856,-765.184,-642.208,13580,-17500,1680
-1.90561,3.43924,-0.665825,4.13961,8.51826,7.74263,6.97965,13.5433,-4.51145,8.22161,4.70679,-18.1395,-12.1971,6.43266,-0.0250092,7.83476,-4.392,-759.328,-637.328,13300,-16940,1680
7.83354,7.54539,-0.560097,3.53694,-0.146514,1.79683,5.90122,9.00633,12.495,10.6773,9.30011,-6.45458,4.30604,-1.61784,5.64502,6.1447,-4.88,-764.696,-639.28,13440,-16380,1960
6.07801,5.47607,-0.908346,-5.43044,-7.11824,-2.82217,-2.95197,5.22714,12.1317,-1.15349,5.05139,5.48803,18.5621,-3.18852,-9.08159,0.254661,-6.344,-766.648,-644.648,13720,-15680,2100
1.10763,1.53418,-1.90262,-4.16415,-8.63674,-9.10852,-2.03534,2.04303,6.06694,-15.4744,-0.803951,13.382,23.9159,-4.78189,-4.29577,-0.401107,-5.368,-763.72,-641.72,14000,-15820,2520
-2.69635,-5.30443,-5.12955,-12.522,-16.4567,-18.8527,-14.7376,-12.5983,1.54002,-23.4141,-4.47833,11.8542,18.4808,-12.0334,-15.1593,-13.1204,-3.904,-763.72,-645.624,14280,-15680,2520
-6.48567,-11.3957,-8.4085,-16.8191,-19.3656,-22.5557,-21.8599,-21.9288,-4.56314,-24.3644,-5.45685,12.6214,21.9018,-14.7978,-21.5109,-19.8781,-5.368,-768.6,-640.744,13160,-15260,2380
-9.9449,-15.7297,-9.03989,-17.1156,-20.3943,-19.0787,-19.1972,-22.4492,-8.56463,-18.9594,-6.82848,13.864,28.7093,-13.8357,-16.6849,-15.4438,-4.88,-767.136,-640.256,12880,-14700,2380
-1.27271,-3.3852,2.77955,-5.3871,-9.45547,-7.56006,-5.85827,-12.6177,3.0467,-5.80761,-0.782569,24.7441,34.8824,-5.28532,-0.343464,-1.83448,-5.368,-769.576,-646.112,13020,-14420,2520
0.806171,3.36176,9.8492,3.38883,-1.55981,0.447945,3.9429,-3.7416,4.44572,-1.00991,2.95143,32.0785,37.2391,-0.273056,10.088,4.78164,-4.392,-772.504,-644.16,12740,-14420,2660
-8.03761,-2.40765,7.45792,1.39839,-1.28202,5.46658,4.57761,-2.08004,-7.49681,-5.07679,1.55123,33.8165,33.7152,0.8719,9.00141,4.93509,-1.952,-770.064,-639.768,12320,-14000,2520
-10.2171,-1.24315,5.69279,2.96869,2.43366,7.02726,5.15708,-0.736532,-8.78769,-4.07093,1.81514,37.8225,30.2369,0.896592,7.41062,6.44797,-3.904,-767.624,-643.184,12040,-14000,2520
-10.4246,-2.4286,-0.525696,-1.595,-1.2384,1.60366,-1.38034,-3.50249,-7.1376,-2.49839,-1.45234,29.8729,13.5216,-5.22728,-0.861182,0.960952,-5.856,-768.112,-635.376,11480,-13720,2520
-14.6812,-11.0406,-5.20472,-10.335,-7.2765,-0.531989,-8.64104,-7.3746,-13.9885,-3.82458,-3.84232,11.643,-2.75342,-11.6233,-6.02093,-6.1177,-3.416,-769.576,-638.304,11200,-13440,2240
-4.57153,-3.62984,-0.694191,-2.36756,2.66645,3.71245,-1.32667,-2.10232,-6.44411,3.15927,2.49026,4.52318,-10.6094,-2.98426,2.64838,-0.601811,-4.88,-767.136,-639.28,10640,-13020,2100
-0.2638,-2.45282,-1.66177,-0.974823,8.06594,4.52527,1.33025,3.66343,-2.94545,4.10414,0.119255,-4.88446,-20.2661,2.36888,3.4995,1.27991,-4.392,-770.064,-635.864,9800,-12040,1680
-15.5075,-16.2087,-13.6385,-15.0611,-4.70156,-1.6101,-12.8173,-1.49154,-18.7012,-6.86158,-10.3363,-32.2166,-32.5167,-7.87962,-14.357,-13.3678,-5.856,-768.6,-638.304,9240,-11480,1400
-9.56063,-9.52156,-13.185,-10.1733,-2.18177,-0.69397,-12.7349,-1.45171,-13.7216,-3.42082,-12.6344,-39.2351,-36.7303,-6.87325,-15.3386,-13.3655,-6.344,-767.624,-637.328,8260,-11480,1120
-2.88972,-5.50386,-10.4004,-8.49871,2.43284,3.54666,-9.81072,-1.05064,-10.5184,2.01834,-7.83939,-38.3828,-35.1943,-2.93973,-14.5245,-8.62926,-9.272,-770.552,-642.696,8400,-11480,980
5.93987,1.65081,-8.83164,-0.12166,5.21637,3.5073,-3.18426,-0.47004,1.8005,6.11515,-2.39259,-34.4888,-34.145,-2.01144,-1.78689,-3.34196,-4.88,-771.04,-637.328,8260,-10780,700
-2.16751,-4.90435,-11.2247,-2.61593,-0.490094,1.17178,-3.17202,-0.75274,-8.12805,-1.52348,-6.26787,-39.8424,-37.6155,-3.10116,0.422953,-1.61787,-6.832,-768.112,-636.84,8120,-10500,560
-0.455066,-5.25284,-7.94009,-0.627489,-1.42405,-0.607799,-0.416638,3.67632,-7.47218,-0.200708,-2.43026,-35.547,-31.1794,1.36803,2.17345,1.15662,-6.344,-769.576,-636.84,8400,-10220,280
12.9999,5.33025,4.19421,8.54755,3.42348,0.153525,5.03643,8.80107,10.0515,11.1571,7.58116,-18.8169,-16.2004,9.88896,6.09668,3.03681,-8.296,-767.136,-639.28,8260,-9940,140
19.1394,12.0025,9.41924,13.4601,10.0248,4.99396,10.6549,10.0326,14.6688,17.2378,14.6447,-4.57713,-6.26066,16.9799,9.96412,8.03706,-8.296,-767.624,-635.864,7840,-9520,-140
21.9936,15.4438,12.6677,18.5628,14.9673,6.25571,18.6546,14.5345,17.1685,18.4542,14.2447,8.84497,5.47174,20.2796,16.7961,15.8249,-8.784,-767.136,-636.352,7840,-9520,-280
22.2766,17.0575,16.8727,22.4726,15.8861,4.88342,22.6708,13.7506,17.8573,18.1215,17.1292,15.3531,16.5217,18.8961,21.0768,17.4941,-10.248,-767.624,-638.792,7700,-9380,-420
17.3049,17.4153,18.0194,20.0273,13.2684,5.11152,17.8672,9.73327,18.9637,14.1584,11.702,22.9645,22.456,15.3101,13.7189,13.0465,-9.76,-767.136,-635.864,7560,-8960,-280
7.57613,9.58778,13.5778,13.0595,5.71806,3.23503,10.2856,3.77995,10.5043,7.41969,5.69922,24.1583,22.619,8.61267,9.22123,6.51454,-7.32,-765.184,-636.84,7700,-8680,-560
5.70795,6.13562,8.03665,6.11651,-2.47049,-4.8062,1.80938,-8.43544,12.5544,5.20705,5.60829,24.9228,26.0835,0.29457,4.71631,-1.64252,-6.344,-769.088,-635.864,7700,-8260,-560
9.5958,10.625,7.43802,-0.975383,-4.69386,-7.82163,-3.91437,-11.2522,21.5346,3.30639,4.84469,26.7195,26.5962,-2.07446,-5.88452,-4.52848,-6.344,-766.648,-633.912,7980,-8260,-420
9.59971,15.3292,4.17904,5.07626,1.45151,-4.43113,2.22752,-6.10215,20.7173,0.537581,4.03876,25.0141,21.5306,1.03153,5.56408,3.86161,-4.392,-767.624,-632.448,7980,-7700,-420
1.69236,14.3043,2.77998,11.8842,7.48458,-0.782584,7.64945,-1.45372,10.8634,-8.00902,-3.01478,20.6605,17.6503,4.96869,11.962,8.03759,-5.368,-765.184,-634.4,7980,-7560,-280
3.214,14.0572,2.07622,10.3535,8.92965,2.71769,5.67436,1.0637,8.40814,-8.65891,-3.5394,18.1828,11.8431,4.55344,4.54282,6.75322,-3.416,-765.672,-634.888,7560,-7280,-560
-11.1469,-4.28582,-6.88196,-5.35852,-2.76759,1.36098,-5.31276,-2.38696,-12.7398,-14.9314,-10.0879,3.83528,3.15803,-7.432,-9.04261,-4.1089,-4.392,-765.184,-635.864,7420,-7280,-280
-19.1329,-18.0459,-10.0321,-13.2358,-8.78179,3.38917,-7.17076,0.578387,-28.8571,-16.189,-12.3135,-10.025,-2.07971,-13.0556,-11.7445,-6.30917,-4.88,-764.208,-631.96,6860,-7140,-280
-14.5634,-19.2631,-12.8873,-19.9522,-17.2191,-1.66561,-11.189,-0.600424,-20.4109,-10.9602,-11.5212,-20.0882,-7.29819,-18.3587,-17.6841,-11.0322,-5.368,-764.696,-636.84,7140,-7280,-280
-13.3845,-17.5615,-11.7582,-21.7305,-17.5037,-2.59254,-9.74204,2.57369,-15.2532,-10.3711,-14.4276,-20.9859,-6.21903,-17.7708,-18.5815,-10.0795,-3.416,-766.648,-635.376,6720,-7000,-140
-13.5279,-15.3749,-8.12607,-19.0698,-13.8082,-0.716901,-5.03412,4.9508,-13.5566,-7.41081,-12.0333,-17.0007,-3.1927,-13.4117,-12.2382,-7.05533,-1.952,-769.088,-635.864,6580,-7000,-140
-22.1324,-22.1668,-9.53602,-20.1486,-15.1565,-3.8067,-8.64263,-1.79178,-20.9841,-10.8173,-11.9157,-16.3834,-3.55597,-13.1096,-12.2086,-11.0768,-2.44,-768.112,-629.52,6720,-7140,140
-23.3475,-22.1298,-7.27196,-17.5661,-15.3374,-6.634,-11.8003,-7.01605,-19.3563,-10.6786,-8.83955,-10.1745,-6.70185,-10.5664,-10.5447,-11.4685,-3.904,-768.112,-629.032,7140,-7280,280
-10.1415,-12.2215,-2.94258,-11.7171,-11.6769,-9.10723,-12.7287,-10.5605,-4.74825,-2.8141,2.0679,-0.358785,-9.12537,-6.66128,-7.83232,-9.01707,0,-769.088,-635.376,7420,-7000,420
-2.25586,-5.55756,0.00831883,-8.41392,-4.84618,-6.46437,-11.1885,-10.6955,1.28956,1.76632,10.1568,10.2897,-1.2421,-2.06135,-6.16647,-3.88008,-0.488,-771.528,-635.376,7140,-6300,420
-5.34811,-5.42515,-0.472594,-6.31578,-4.05078,-3.28987,-8.62814,-9.95809,-5.10317,-0.265535,7.85263,13.3984,0.674572,-0.919405,-1.59408,-1.7782,-3.416,-772.016,-632.448,7560,-5880,700
-0.588611,1.49419,2.54786,6.07362,2.49583,0.664489,0.962972,-1.79373,-0.77611,3.89859,5.11502,15.9112,2.2887,2.82885,9.27007,3.72333,-3.904,-772.992,-633.912,7700,-5740,700
9.16238,11.5063,5.16965,13.4554,8.19148,3.04302,6.14764,2.00667,11.6192,9.5484,7.46814,15.0504,2.87866,6.24644,10.0481,5.11471,-3.904,-769.088,-632.936,7280,-5460,840
17.4913,20.0702,8.24221,21.7388,15.8222,6.62864,11.242,4.10917,19.706,14.2388,10.6746,12.1898,0.472291,12.1672,14.3476,8.45753,-5.368,-771.528,-635.376,7280,-5740,840
16.5506,22.8261,9.10067,28.7168,20.2692,8.80986,17.6998,10.3968,20.1015,13.2129,8.07245,6.31492,-1.50942,15.9652,23.6493,13.4961,-3.416,-767.136,-632.448,7280,-5880,700
10.2836,15.5918,3.10215,21.8739,16.2283,9.84553,15.8187,12.4686,10.8719,7.1823,1.82764,-3.14693,-5.14327,16.0105,21.041,14.2462,-3.416,-769.088,-632.448,7280,-5740,560
11.0027,11.5298,1.23526,13.7979,13.7519,6.37365,10.2944,8.84493,6.87136,7.56186,0.370714,-11.8409,-10.7507,13.352,14.3982,9.92597,-7.808,-765.184,-629.032,7420,-5880,280
1.21771,-2.36967,-2.92811,-1.8054,3.53853,-0.209041,-2.88854,3.73215,-5.1984,-2.6338,-8.43379,-24.2323,-14.5913,4.00997,-4.45013,0.403958,-5.856,-767.136,-631.96,8120,-6160,420
-0.664985,-7.3176,-3.15207,-8.60822,-0.425805,-3.01011,-7.51224,-0.00749759,-7.56772,-6.26401,-11.8631,-27.6309,-15.0661,0.720837,-12.4438,-4.80917,-5.368,-770.064,-633.912,6860,-5460,140
-0.656309,-8.31825,0.941653,-12.2805,0.336202,-4.3559,-9.82732,-4.94967,-9.74289,-4.82643,-8.92818,-28.0417,-16.0348,-1.48309,-18.2895,-8.20166,-8.784,-768.6,-630.008,7700,-5320,280
1.60343,-5.21993,4.20906,-12.4181,-1.15595,-4.77615,-7.69677,-4.7824,-1.46733,-1.86983,-2.06251,-26.6771,-15.9598,-2.29163,-15.8486,-5.30989,-8.784,-768.6,-632.936,7840,-5040,0
7.48518,5.29738,6.56284,3.31531,4.36959,-1.14904,6.22387,2.1561,9.61084,3.4528,5.71742,-16.2646,-11.766,0.0545837,5.37959,4.80528,-8.296,-769.576,-628.056,7280,-4620,0
2.92843,1.86442,4.72603,5.83529,5.70513,3.04738,9.79042,2.00008,-0.0417613,4.01057,7.72503,-9.69439,-7.22374,0.742859,9.96308,5.40774,-11.712,-769.088,-632.448,7560,-4620,0
-2.93654,-4.20151,-0.61443,-3.3152,-0.625048,2.60405,2.98404,-3.13398,-8.35357,0.799914,4.87833,-8.96139,-7.37601,-2.35739,-0.553998,-0.154049,-12.2,-767.136,-620.248,7000,-4480,-280
-4.71939,-6.6299,-4.16674,-8.5579,-7.56966,0.594841,-4.94334,-4.50886,-10.9927,-0.812385,8.36805,-3.1767,-1.52723,-5.26146,-10.4583,-5.72134,-8.784,-774.944,-629.032,7840,-4760,-560
2.35266,0.482904,-0.682448,-1.56856,-3.43158,1.23241,-0.848526,-4.98849,-0.398723,3.68736,16.4957,11.2516,7.87433,-2.14543,-1.91262,-5.5607,-8.784,-769.088,-634.888,6440,-4340,-840
3.71296,3.15836,-0.701377,2.81769,-0.649944,2.26932,3.30079,1.36646,8.58904,0.808445,11.033,19.5353,11.8288,-0.85072,3.10347,0.738717,-8.296,-774.456,-629.52,6020,-3780,-1120
6.28073,6.742,-0.2692,7.36505,-0.871156,1.99825,4.14989,4.95118,16.1402,7.91711e-06,8.48705,24.7114,14.2159,0.465301,6.65819,6.06523,-8.784,-773.48,-625.616,5600,-3500,-1540
6.75479,6.99955,2.58666,7.31498,1.0638,1.19862,-0.764503,0.519842,12.1102,0.851153,2.57661,30.536,23.5866,-1.02888,0.190561,2.22352,-6.832,-772.504,-630.008,5740,-3080,-1960
2.11323,-0.457994,0.837315,-1.87489,1.33128,1.74627,-5.80589,-2.3362,0.287549,-1.62254,-7.78925,32.9413,38.3141,-3.91804,-8.25236,-2.15927,-8.784,-772.992,-630.008,5320,-2940,-2100
1.69492,-3.1428,-0.0384881,-5.51173,-3.10094,1.38466,-5.83488,-3.24238,1.43764,0.0108421,-11.8073,35.0054,49.1082,-6.52202,-3.28023,-3.20546,-7.32,-775.92,-632.448,5320,-3220,-2100
1.86684,1.62014,-0.209854,0.288548,-4.56699,-0.283098,-2.22756,0.575998,5.278,0.0486824,-12.8611,39.9276,45.6694,-1.27982,3.99743,-0.647447,-7.808,-775.92,-632.936,4760,-3500,-2380
-5.56134,-0.343309,-3.47508,-1.75936,-8.16227,-5.00715,-1.59653,0.735741,-1.8321,-4.93305,-12.4983,31.1437,20.4361,0.524798,4.6263,-0.645631,-3.416,-770.064,-629.032,5040,-3640,-2520
-13.8211,-3.23683,-8.39448,-0.827841,-9.77635,-9.88156,0.413547,-1.98924,-10.8167,-9.73423,-11.1205,13.4086,-5.64685,-1.36579,9.69147,-0.259981,-2.44,-782.264,-638.304,4760,-3360,-2800
-16.9638,-2.50169,-8.40783,4.67795,-2.69474,-6.81849,6.15092,2.04421,-15.6805,-14.4983,-8.51448,0.374409,-14.2676,1.4432,15.9203,5.29848,-4.392,-771.528,-634.888,2940,-2660,-2800
-10.8547,-2.53311,-7.25537,-1.1875,-3.4777,-5.27403,0.98587,1.48891,-11.0945,-9.46946,-4.03938,-11.5171,-17.7213,-1.71554,4.58694,3.67794,-4.392,-778.36,-631.96,5180,-3780,-2240
-10.0134,-6.65029,-8.15098,-6.477,-5.36732,-3.53211,-3.55864,-1.93236,-15.7413,-4.68366,-4.94687,-19.286,-10.7103,-5.84834,-4.3089,-1.30327,-9.272,-772.504,-616.344,4760,-4060,-1960
-8.0651,-8.79158,-6.74949,-10.0182,-8.24499,-1.67084,-5.69609,-3.49851,-14.8013,-0.883466,-3.32528,-28.9774,-18.0065,-6.47867,-11.1981,-4.62964,-1.952,-768.112,-638.792,6020,-4620,-1400
-2.40569,-5.48035,-3.58129,-13.1502,-10.6962,-3.23864,-7.66318,-3.85556,0.0266685,3.84067,0.854858,-35.9373,-31.2377,-5.24004,-17.6223,-8.72449,-1.952,-770.552,-632.936,5320,-3640,-1400
-6.60842,-8.71621,-2.01572,-16.3215,-11.61,-5.18602,-8.95071,-3.01209,-1.36668,0.540767,2.43538,-37.6474,-29.8172,-4.8552,-22.0758,-13.3866,-7.32,-773.968,-625.616,3920,-2520,-1260
0.668496,-1.50617,1.43341,-4.35601,-1.73659,-2.27213,0.244334,-2.54032,4.87217,2.74371,7.41115,-28.226,-26.3028,1.9238,-9.4165,-7.3722,-4.392,-776.896,-627.568,4480,-2520,-840
10.2622,7.102,8.05914,10.5222,11.4714,1.72301,11.8907,3.18195,12.9091,10.2161,7.26921,-12.7772,-13.4673,8.13241,6.26011,1.35012,-4.88,-778.848,-637.816,5600,-2380,-420
6.67034,2.6371,7.2834,9.30583,9.52791,3.9167,6.95888,4.28363,5.60469,9.46115,2.15263,-7.42312,-6.254,5.68732,4.1013,1.36566,-3.416,-772.992,-631.472,5880,-2520,140
2.73083,-4.20915,4.02248,-0.721873,4.14703,5.90201,-2.69892,1.24945,-1.96603,6.39309,1.19724,-6.77365,-2.43045,1.62335,-4.71526,-2.78292,-4.392,-773.968,-630.984,6300,-2380,420
7.77427,4.17719,5.38888,5.03472,7.83066,8.15971,1.73797,4.77446,6.94793,5.91118,4.79688,-0.709616,2.30052,2.94508,2.60487,2.95624,-6.344,-776.408,-633.912,6020,-1540,700
20.2631,19.4256,13.378,16.267,15.896,9.41757,7.45635,5.68281,24.0734,12.3939,13.8882,11.0283,6.07045,8.37935,11.243,5.99039,-5.368,-775.92,-628.544,6020,-1120,980
17.2669,18.3657,16.3724,16.6736,17.0707,9.01723,7.23708,5.521,21.0394,9.83785,10.6093,12.3004,7.27256,9.1041,10.8364,5.83685,-6.344,-774.944,-629.52,6160,-980,1260
9.72514,10.6164,14.4844,13.1991,17.1056,12.5034,10.6649,9.56424,11.4888,2.5401,-1.30346,6.64414,2.59963,10.4077,12.9712,12.4232,-4.392,-775.432,-626.104,6020,-700,1680
0.736827,-1.62152,7.91295,-0.0127608,7.88363,7.92489,0.917551,4.3586,-0.30473,-2.05793,-5.90854,-2.54194,2.06791,4.1615,-0.182553,4.79113,-5.368,-778.848,-631.472,6440,-560,1820
-7.49848,-8.61214,-0.834879,-6.30796,-1.48365,-1.13322,-6.30519,-2.17332,-7.15519,-4.94183,-5.4483,-8.92461,4.94005,-4.1024,-4.65346,-4.79636,-2.44,-777.872,-638.792,6580,-420,2100
-1.37592,-0.867767,-0.877056,-0.902621,-0.00624839,-5.36649,-0.737814,-2.3681,0.28731,1.25646,1.92142,-1.72707,3.97376,-1.77107,3.39383,-2.36792,-1.952,-776.896,-635.376,7560,-280,2240
1.96465,3.05606,0.825474,2.29116,-1.6174,-8.47528,-0.0588263,-4.45134,2.1508,4.16586,4.45046,6.11242,7.10363,-2.99147,6.76817,-1.93459,-4.392,-776.896,-635.376,7980,-140,2240
-8.09562,-1.21493,-4.89328,-1.37136,-4.05713,-7.79699,-3.29202,-3.86992,-3.22432,-9.44372,-4.42034,6.30471,6.04249,-4.38348,2.93301,-1.15747,-5.856,-773.968,-639.768,8400,-280,2380
-16.9133,-3.87805,-9.91362,-1.63703,-3.09682,-2.38849,-1.73425,0.204962,-7.95636,-19.5064,-8.99922,5.18827,1.78562,-2.81975,5.67808,5.64919,-6.832,-774.944,-632.448,9240,-700,2380
-16.6398,-8.1272,-9.59941,-1.79548,-1.11946,2.55081,1.37612,-1.51257,-20.9028,-12.9376,-3.31336,8.18428,-0.684112,1.09661,7.47224,11.4246,-4.392,-771.528,-634.888,8400,-840,2240
-4.96887,-9.36099,-8.50011,-6.78458,-2.44963,3.77009,-4.36221,-7.75206,-22.2608,-3.17237,11.7982,12.5443,-2.97263,0.983034,-3.19474,8.98528,-1.464,-771.528,-633.424,8680,-1400,1820
11.4007,-6.02143,-5.65293,-10.294,-5.75039,3.71065,-7.26638,-6.80263,-5.56993,8.55935,19.1719,8.57941,-3.12874,-3.01902,-8.95375,4.8588,-3.904,-773.48,-634.888,8400,-1400,1540
11.9159,0.935543,-3.68558,-3.24094,-3.12445,5.53921,-3.22808,-4.55939,2.95559,6.50408,9.74415,0.799701,-0.440429,-3.77532,-4.05111,3.43147,-4.88,-771.04,-637.328,8400,-1680,1120
10.7813,6.83744,-1.92742,4.20667,0.690963,5.09815,1.2097,-5.44431,6.29904,2.95736,-0.65819,-0.983895,6.0001,-1.95031,1.32851,2.90744,-2.44,-770.552,-642.208,8540,-2100,1120
1.09709,1.5891,-5.04041,2.31866,-1.79979,0.552313,2.06164,-4.37451,2.02606,-1.6647,-8.12699,-2.87831,15.1674,-3.17894,-0.623163,0.769998,-6.832,-770.552,-631.472,7700,-2100,840
-0.951537,-0.0333096,-6.53213,0.988831,-7.07821,-6.11387,1.41337,-5.53702,4.79479,0.454218,-3.76243,-1.05196,17.0053,-5.31968,-0.947761,-5.4802,-4.88,-773.968,-627.08,7840,-2240,700
-10.8115,-10.8052,-10.0302,-9.54218,-17.951,-9.94779,-6.04461,-4.23744,-8.51181,-5.84288,-8.03963,-5.5298,7.51964,-7.56839,-11.3806,-12.362,-4.88,-774.944,-634.4,7840,-2800,700
-11.2997,-5.92112,-8.56024,-1.41101,-12.1934,-7.95333,1.73487,7.76998,-11.1803,-9.80328,-12.0279,0.17952,-0.870489,-3.18268,-2.90374,-6.07345,-3.416,-772.504,-631.472,7280,-2660,700
-6.49421,-2.88089,-6.32828,-4.11376,-10.009,-8.74457,0.695281,14.5738,-7.90591,-7.67711,-14.3859,7.12171,-3.47794,-4.84825,-7.42316,-6.57963,-7.32,-772.504,-630.984,7000,-2380,840
-7.8343,-6.58478,-4.35566,-12.8858,-13.2862,-11.7252,-9.45208,10.1694,-9.93306,-7.71712,-17.26,7.34533,3.78588,-10.3557,-19.4064,-14.311,-9.272,-774.456,-629.52,6160,-1820,1260
5.78459,7.34577,5.2944,1.21554,0.464013,-8.36164,-0.758714,8.60928,9.3449,1.81346,-11.0839,19.1001,5.96573,2.00567,-4.64683,-5.02258,-7.808,-770.064,-635.864,6440,-2380,1540
5.35316,3.50503,9.51431,-1.5392,-1.4492,-3.73667,-5.29919,7.28695,12.9742,1.96964,-5.89385,20.9739,2.96877,6.49246,-5.53979,-3.66688,-12.2,-766.648,-623.664,6020,-2100,1680
2.30571,-2.08702,9.5984,-5.60289,-6.55599,-0.876,-7.0964,2.42605,12.7441,3.4862,-0.0359473,11.8207,-5.44132,5.69017,-3.84369,-3.94279,-10.736,-769.576,-628.056,7420,-2520,1820
3.78399,4.09543,11.073,1.15979,1.82978,2.5635,1.43022,-2.43803,13.6536,7.48762,6.81322,7.20657,-11.0736,7.97115,8.73349,1.24961,-10.736,-771.04,-629.032,6440,-1680,2100
1.33873,6.59527,9.60579,6.88259,6.59205,2.37887,5.74254,-7.90102,8.70735,5.88953,7.67056,-1.19651,-12.2412,6.73699,13.555,2.21237,-11.224,-768.6,-624.64,5600,-140,2240
-3.3525,4.08329,6.57072,7.30664,10.3366,3.36433,7.94337,-7.89154,2.74416,3.63361,3.68373,-14.0738,-15.5996,5.1352,11.4263,2.20775,-12.2,-768.6,-630.008,5740,700,2380
-6.06659,1.61753,5.48471,6.48226,13.6205,2.96125,7.79419,-6.43212,-2.13234,4.62431,1.85269,-21.6088,-13.0329,5.87206,8.16845,0.356714,-12.2,-767.136,-629.032,5460,1120,2520
-5.43491,2.95392,3.46303,9.19906,15.4217,1.64234,5.99463,-7.20495,-2.48892,3.5852,3.95222,-22.4923,-9.0499,7.76576,7.48495,0.0560579,-13.176,-769.088,-629.032,5320,1680,2800
-1.11759,-0.397696,1.0413,2.68847,8.76995,-1.16184,-1.20814,-9.6173,-1.95559,2.70357,7.78705,-20.6155,-4.20498,2.59091,-1.20181,-3.85673,-12.688,-773.968,-628.056,5320,1960,2940
2.88385,-5.39352,-1.51758,-3.47082,2.84222,-0.696539,-2.69972,-5.41536,-1.22922,3.55709,7.32096,-16.6727,4.5058,-0.562385,-5.22571,-2.58686,-14.152,-773.968,-631.96,5740,2660,2800
9.89232,4.8514,1.35945,8.14176,10.9826,5.35312,9.9113,2.76659,5.64505,5.96947,7.64981,-4.36542,11.5012,4.32272,9.44638,8.17861,-15.616,-772.992,-630.496,5880,3080,2940
12.0118,9.21539,1.6391,12.4974,12.7639,6.96686,10.5135,4.06019,8.29192,4.03819,7.05073,1.6114,11.9468,2.56475,11.8353,8.32331,-13.176,-774.456,-628.056,5740,3500,2800
13.097,8.7143,1.63567,12.0444,14.6669,7.2779,9.36773,6.22078,6.07504,4.16854,7.80192,5.52326,8.84075,1.5393,9.05915,7.15494,-14.152,-773.968,-627.08,5600,4060,2660
4.85253,0.136535,-0.648218,3.32172,9.93744,6.63756,4.32324,5.48047,-5.81328,0.774957,5.00972,1.78705,1.43355,-2.20729,3.69234,5.82603,-11.712,-778.848,-630.008,5600,4200,2520
-2.27637,-7.91503,-5.14745,-5.20584,-1.49107,5.48915,-5.28263,3.25592,-12.3698,-3.34854,3.23514,-6.27775,-3.68353,-9.22908,-3.73149,1.71292,-9.76,-778.848,-633.912,5740,4060,2520
-6.2138,-12.1115,-7.14624,-11.575,-10.5215,3.37841,-12.3622,0.487285,-14.3453,-4.61762,1.53846,-9.94093,-7.77565,-11.2784,-12.3603,-2.14797,-11.224,-776.896,-631.472,5740,4060,2240
-8.43781,-12.1767,-6.21526,-15.6339,-11.8453,2.4493,-15.6465,-0.850425,-14.3726,-6.46581,-3.62506,-6.32913,-6.18828,-11.5823,-17.8332,-3.48863,-8.784,-777.872,-634.4,6300,4200,2240
-9.30191,-8.93686,-5.87207,-13.4054,-8.33114,4.2629,-9.86601,0.893846,-11.651,-9.08961,-7.82299,0.199031,-5.34242,-6.34557,-17.1221,0.99328,-9.76,-780.8,-631.96,6300,3780,1960
-12.3861,-10.6593,-7.51339,-14.3763,-8.88784,4.11355,-6.67596,4.45571,-12.9991,-9.74212,-7.2192,0.648526,-4.2869,-4.39711,-15.4217,1.25294,-6.832,-780.312,-630.496,6720,3640,1960
-0.784357,1.6987,-0.996901,-6.07957,-7.43325,0.90254,-3.66974,5.05449,4.14115,-0.922339,0.123127,9.52535,2.70114,-3.21144,-9.44878,-1.06528,-7.32,-780.312,-633.424,6860,3500,1820
9.01146,13.1512,3.67693,4.52582,-2.80526,0.387588,3.26406,7.7544,19.5087,4.41002,4.06998,15.9489,3.25679,0.652979,2.56532,-0.602466,-7.808,-780.8,-633.424,6860,3080,1540
12.3331,18.2962,5.78712,11.7787,0.725156,1.31231,9.16302,11.9673,23.5238,4.07179,5.23268,17.6167,4.05858,3.59456,13.5654,1.22424,-9.272,-775.92,-631.472,7000,3080,1680
7.25862,11.4784,3.70744,4.00037,-8.14762,-3.04897,1.32241,5.69168,13.0423,-0.596872,3.55461,12.0679,3.91915,1.02339,7.53113,-3.65167,-6.344,-779.824,-628.544,6440,2940,1400
0.664946,6.14944,2.06083,1.88618,-10.1856,-3.77926,1.19806,5.74509,3.17795,-4.21602,-3.12509,5.87205,5.74231,1.32549,6.81042,-0.741057,-4.392,-777.872,-632.936,6580,2800,1400
6.3108,10.6645,5.67595,12.4918,-0.340127,0.331005,12.4651,7.73473,5.73132,2.90829,0.938947,8.77435,6.04595,7.76194,17.8245,8.73969,-3.904,-776.896,-632.448,6440,2520,1260
4.83735,6.13111,4.66103,11.3318,1.37415,-0.859817,11.8703,2.7733,2.26814,5.97414,1.59542,5.21964,1.87807,9.62117,17.5098,9.94256,-3.416,-775.432,-633.912,6020,2940,980
3.12039,4.28896,2.72347,6.44139,-0.980846,-3.88772,4.1431,-5.68052,4.95746,4.96726,-2.18958,1.39378,4.06917,6.82447,9.65017,4.70845,-4.392,-772.504,-632.936,5880,2800,980
-4.05662,-4.85919,-3.07316,-1.03683,-1.92795,-4.29149,-2.15075,-9.8716,-4.72337,0.55884,-6.71479,-7.40318,1.89442,3.32814,1.44516,-1.69177,-1.952,-773.968,-630.496,5600,2520,980
-17.412,-18.7112,-8.88887,-7.81578,-5.25313,-4.77485,-6.65597,-9.78931,-22.3385,-5.81807,-13.3149,-17.826,-0.794082,-0.567922,-6.04498,-4.72313,-1.952,-772.992,-629.032,5600,2240,840
-15.5554,-20.347,-9.39477,-13.1992,-7.16233,-9.34176,-10.9654,-15.6,-21.6582,-5.4571,-13.5416,-18.9916,0.622339,-5.50995,-12.8295,-7.28671,1.464,-772.504,-630.496,5180,1960,840
-9.53538,-16.1077,-6.74215,-13.9686,-3.5919,-9.69634,-10.7922,-16.3041,-13.1942,-3.78946,-9.35434,-11.2479,0.0426689,-3.94108,-14.8487,-5.68801,-0.976,-769.088,-630.008,5460,2100,840
-7.05346,-13.5888,-5.59693,-14.7623,-5.78415,-10.9964,-13.2347,-20.2122,-6.78694,-7.23112,-4.75662,-3.75817,-3.7501,-6.11694,-16.1734,-8.29454,-0.488,-769.576,-629.52,5180,2100,840
-4.6888,-6.30018,-4.84406,-5.94488,-1.71521,-10.5683,-6.50252,-17.671,0.230297,-9.98094,-6.499,1.64045,-9.18859,-2.87029,-5.42548,-3.42003,-1.952,-770.064,-632.448,5180,2380,980
8.00398,9.5221,0.978603,8.49326,10.0825,-4.14747,5.25597,-8.17458,15.4167,-0.394714,1.13625,13.0283,-5.47948,5.27119,7.20722,1.96106,-2.928,-771.04,-631.472,5180,2800,980
9.0146,10.7613,1.81634,7.52588,10.4685,-1.00959,3.1757,-5.07975,15.4711,3.0428,3.61099,12.8092,-3.36599,3.69647,1.50112,-4.57048,-3.416,-769.576,-633.912,5320,3080,980
6.52649,8.15876,4.26638,10.9726,9.77683,4.22913,6.15952,0.326681,8.24078,5.21,3.74971,9.82865,-2.80715,5.91823,4.49954,-2.93515,-2.44,-774.456,-636.352,5040,3220,980
2.51997,5.53639,6.86564,15.0739,14.3792,8.20234,12.241,6.47878,-0.167461,5.20697,2.24021,8.85944,-0.875655,8.08566,10.9701,3.1373,-7.32,-772.992,-634.888,5040,3220,980
-2.94098,-2.78651,3.21315,5.20998,9.75344,9.00031,7.39216,11.2011,-6.49693,3.68946,1.74938,1.88547,-1.36778,3.15593,4.67695,4.56507,-4.392,-774.944,-635.376,5460,3500,1120
-0.0235033,-5.74156,1.06735,-6.21503,-1.3827,6.18187,-3.28668,9.21447,-3.0379,6.03581,8.08621,-2.77204,1.20182,-4.92325,-8.24867,-0.857279,-3.904,-778.36,-637.328,5460,3080,1120
3.92008,3.31014,6.54514,3.00613,6.46282,7.14965,5.19284,11.3449,1.5601,8.05785,10.5876,4.31928,6.69077,-0.00529221,4.13328,5.08779,-6.832,-776.408,-634.4,5880,2940,1400
13.197,15.9698,10.4823,10.6003,12.3573,6.68683,9.31224,13.1137,14.5206,12.3859,13.891,9.67089,6.26851,4.56533,11.1049,6.64633,-6.832,-776.896,-634.4,6160,2800,1540
8.0911,12.7966,6.23703,6.03896,4.60588,1.38942,0.611964,9.56319,10.7316,7.3852,9.51883,3.01159,0.740004,-1.48702,0.416736,-1.25127,-11.224,-777.384,-634.4,6300,2660,1680
-1.47293,0.486366,1.50104,-2.64128,-2.53355,-0.213651,-2.15976,9.2294,-3.62923,-0.325144,5.00486,-6.78631,-3.3053,-5.17122,-4.1473,-1.53267,-10.248,-779.824,-634.888,6580,2380,1820
-7.08586,-8.32758,-4.43908,-8.99536,-5.16903,-1.72716,-3.99788,8.46661,-9.71305,-6.91901,0.597171,-12.3025,-5.44221,-10.718,-4.99652,-0.494489,-7.808,-782.264,-632.936,6300,1820,1960
-10.865,-12.2922,-9.03002,-13.5878,-8.85243,-0.552142,-8.28944,6.52721,-10.9213,-11.1507,-3.80622,-16.1033,-4.27466,-14.5785,-10.7093,-2.31448,-7.32,-781.288,-631.472,6440,1680,1820
-6.2314,-8.09348,-3.83564,-12.675,-8.69761,3.15473,-9.98236,4.5349,-5.63344,-6.27326,-4.03272,-12.7321,-0.887221,-10.1369,-14.4662,-4.81437,-9.272,-777.384,-631.96,6440,1820,1820
-1.68812,-3.95749,2.41371,-12.3468,-5.54015,6.65655,-8.27161,4.06703,-3.10155,-1.57481,-3.83325,-6.46091,4.16335,-2.57243,-15.4223,-2.0719,-8.296,-779.824,-630.008,6300,1960,1820
2.39847,0.880543,1.355,-7.41498,-5.65143,5.19597,-4.24041,2.90272,3.1213,0.791538,-1.97723,-5.45637,6.09365,-0.164201,-7.23188,0.484987,-7.808,-778.848,-630.008,6440,2100,1820
0.599172,1.85593,-1.04243,1.99588,-5.7455,-0.533388,0.264582,-2.59718,1.55623,0.955292,-0.981417,-3.81247,7.95255,-2.26414,6.43926,0.157568,-6.344,-777.872,-631.472,6300,2240,1820
-0.336115,1.65978,-0.792528,5.68614,-2.79448,-0.749904,6.41628,-4.63471,-0.710641,3.13535,1.1641,-2.7959,5.66201,3.32538,13.303,4.50566,-7.32,-774.944,-633.424,6160,2520,1960
-0.5858,5.17786,-0.37003,10.9198,0.667335,-0.722,11.2372,-0.812998,1.04964,0.48803,-0.850123,-1.661,3.88768,8.64097,18.1094,8.66789,-11.224,-775.92,-630.496,5880,2520,1820
3.09689,6.68367,-0.736824,8.57219,-2.06764,-4.75398,1.70361,-3.45048,3.88036,1.07381,0.515372,-0.660442,3.16246,4.1841,4.64856,1.40025,-8.296,-775.432,-630.008,5880,2660,1820
9.55038,9.42263,2.0487,6.69804,-1.88717,-7.17154,-2.65172,-8.05946,9.34071,1.44423,0.988262,4.28841,-1.21922,1.48939,-3.57063,-3.15594,-6.344,-773.968,-630.496,5740,2660,2100
6.30118,4.22387,0.931227,1.95948,-2.9767,-7.1066,-3.66781,-7.05647,2.65654,-4.80239,-3.88889,4.42722,-4.85418,0.233011,-4.12869,-4.10965,-6.344,-772.992,-629.52,6020,2940,2240
0.789185,4.48564,-1.93086,6.90247,1.02884,-5.79194,3.17451,-4.26092,0.351088,-6.76604,-8.58378,7.00152,-5.42645,3.6552,6.35074,-2.50519,-6.832,-774.456,-626.592,5880,3080,2240
-3.27942,4.41847,-4.32341,8.07458,3.72928,-3.97573,7.64476,-0.537545,-0.902407,-9.58201,-9.86807,9.02123,-6.11415,7.19566,11.4217,-0.481267,-7.32,-773.48,-626.104,5740,3220,2240
-4.4108,-2.02816,-4.16742,-1.74767,-0.3217,-0.474459,0.277358,1.45822,-4.59716,-7.85956,-6.63889,6.2613,-4.08149,5.29891,-0.506232,-2.61558,-7.808,-770.064,-625.128,5880,3220,2380
-1.61352,-4.36107,-0.864225,-5.42706,0.0649622,1.3193,-1.62425,-1.08778,-1.84279,-1.9075,-2.30323,8.65172,0.206211,4.50625,-4.8547,-3.04149,-7.808,-772.016,-630.008,5880,3220,2520
2.58232,-6.52166,0.457902,-6.35951,1.20993,1.52354,-1.85625,-5.57488,-0.0594275,4.78475,3.22379,8.29047,2.00377,3.50302,-2.82052,-3.5608,-7.32,-771.04,-624.64,5740,3220,2380
-2.03833,-11.5251,-1.86503,-7.73652,0.528962,3.83018,-2.87862,-6.2369,-6.06472,1.51732,-0.106717,3.40391,2.31332,1.70419,-3.62507,-2.7017,-9.272,-769.576,-627.08,5600,2940,2380
-5.0415,-14.6631,-3.58352,-8.99106,-0.950767,2.86314,-2.41708,-5.81456,-8.52468,1.64333,1.16506,0.364766,0.622628,-0.381822,-2.52745,0.639884,-4.88,-772.992,-625.128,5320,2940,2240
-2.43104,-12.463,-2.43353,-10.757,-3.12376,2.74568,-4.02739,-6.09249,-2.53119,3.7624,3.29647,0.885046,2.07912,-2.39293,-5.76264,0.707841,-4.88,-768.6,-624.152,5600,2940,2240
3.13197,-3.1255,2.70411,-2.85638,0.925225,6.59311,-1.31433,-6.73994,4.20941,6.63223,7.32027,4.4045,3.3913,-0.0955487,0.0255743,3.08365,-2.928,-772.992,-624.64,5320,2940,2380
1.66285,1.73593,2.89624,5.22758,3.91563,5.40092,2.37835,-6.24436,4.03432,4.81711,6.8541,2.9628,0.64591,0.454579,9.17272,4.18142,-2.928,-772.016,-624.64,5180,3080,2380
2.45877,3.39438,2.10038,6.3568,4.25979,2.13549,1.93017,-3.71681,5.59258,5.2191,4.43879,-1.74584,-4.28947,-1.70759,5.9637,1.95898,-3.904,-769.088,-623.664,5040,2940,2380
1.53303,8.63562,-0.0132097,9.82562,6.05294,2.50447,6.71338,1.70911,8.05342,0.508588,2.44604,-3.29044,-7.33326,0.943609,8.0866,6.79554,-6.344,-772.992,-624.152,4760,3080,2380
1.09788,14.8287,-0.849947,16.2173,9.5769,1.77963,9.87956,3.4009,9.59155,-2.5002,-2.00073,0.922233,-6.37299,3.7162,12.308,8.8489,-3.904,-771.528,-621.224,4480,3080,2380
-0.98399,10.6171,0.757663,11.2096,7.13666,0.192528,5.28948,2.14329,-0.445813,2.88692,-2.76983,-0.35901,-4.20363,1.44522,6.90989,7.55504,-4.88,-775.92,-624.152,4620,3080,2380
-5.8668,1.75116,-0.364385,0.302441,0.446808,-0.583204,1.13854,4.67513,-9.42709,0.301744,-2.97343,-7.43238,-0.406882,-1.29762,-0.194513,4.82176,-7.32,-776.896,-624.64,4760,2940,2520
-3.20919,-2.56793,1.33117,-8.50021,-6.47578,-3.51904,-6.85121,2.19416,-6.82997,1.85514,-2.72241,-10.5069,2.62729,-5.59291,-11.4691,-1.81356,-2.928,-779.824,-627.08,4480,3080,2520
-6.65838,-6.39318,-1.51258,-12.867,-10.9917,-6.61682,-10.7796,2.56078,-8.41886,-3.11332,-6.64261,-13.9827,-0.993817,-7.58304,-18.0689,-4.87914,-6.344,-774.456,-626.592,4900,3080,2520
-3.56204,-4.17416,1.08229,-7.53716,-7.55945,-8.18275,-6.78199,8.39232,-3.20035,-2.7698,-3.77469,-11.1469,-0.928331,-6.38183,-12.7428,-3.78912,-3.904,-776.896,-626.592,4900,3360,2520
0.520122,-1.42914,2.44051,-5.05372,-5.46911,-6.70184,-4.20288,10.4277,3.37493,-0.153945,-1.94302,-6.82267,0.309157,-6.15832,-7.66885,-2.50889,-4.392,-780.312,-623.664,5040,3500,2660
8.08221,7.09837,5.39302,2.70188,1.60415,-3.06882,3.24965,10.0123,11.0167,4.00661,4.69923,0.668785,1.27277,-2.24355,1.74137,1.07779,-8.784,-776.896,-626.592,5040,3920,2660
3.45468,0.0407342,4.25176,-2.73518,1.78618,0.630955,2.45816,10.1049,-0.222497,1.71921,10.4492,-0.644228,0.796502,-1.57879,-2.33158,1.35777,-7.808,-777.872,-621.712,5320,3500,2660
-1.36767,-5.87224,2.29204,-5.23726,-1.64594,-1.07611,-2.24298,4.05341,-6.4168,-0.152825,12.085,-2.60765,3.92196,-3.95069,-4.79722,-5.38307,-6.832,-778.848,-630.984,5180,3360,2660
2.02084,-0.319888,4.05362,1.44409,1.76323,-0.736527,-1.71028,2.37796,0.355222,2.48292,7.93381,2.18593,8.14926,-1.38702,-2.45941,-6.11143,-5.856,-779.824,-623.176,5180,3080,2660
2.10689,3.13565,3.31046,2.33881,5.92,0.453164,1.18101,4.32579,2.49306,1.53606,0.18651,4.17091,6.81914,2.17165,0.621216,-2.81406,-4.392,-780.312,-624.152,5180,2940,2660
-0.155886,2.40191,0.432449,2.47946,6.25849,1.3734,3.74642,5.22296,0.272032,-1.8933,-2.6702,4.39612,4.59576,2.33964,4.94262,0.211588,-4.88,-778.36,-625.128,5180,2940,2520
-2.8846,-1.86997,-4.31615,2.70904,1.21104,0.167065,0.772126,-0.900496,-2.52034,-6.22588,-6.25349,1.20757,-1.52891,-0.164267,4.58061,-2.08104,-6.344,-776.408,-622.688,5040,2520,2660
2.36522,0.578221,-4.91021,2.65367,-0.876925,-0.211743,-2.65985,-10.0758,3.47265,-4.99622,-4.51769,3.37607,-3.56453,0.913082,2.31942,-7.67425,-3.416,-778.848,-619.272,5040,2520,2520
-2.25654,-4.40825,-7.32373,-2.77866,-2.2527,1.79014,-2.73214,-9.56092,-3.12723,-8.12145,-4.66081,2.23151,-1.09769,1.0445,-1.22555,-7.83968,-2.928,-772.992,-624.152,4620,2380,2660
0.842809,-2.05246,-5.76804,-2.38719,-0.878,1.12285,-1.22271,-7.24191,-1.00664,-5.61964,-3.00387,3.84964,-0.119556,-1.16912,0.151091,-6.40577,-5.856,-775.432,-619.76,5040,2520,2520
5.18514,2.75265,-3.9112,2.52266,2.46432,5.22219,2.70807,-2.34635,3.2753,0.108228,-0.444278,8.01791,-1.93846,1.6065,3.78977,-0.951509,-5.368,-774.944,-622.2,4760,2660,2380
5.22465,4.92188,-0.296797,6.72026,5.14324,6.23694,5.3575,0.247994,5.49306,4.40327,0.436544,11.2982,-2.47045,6.53969,7.67408,4.46028,-6.832,-778.848,-621.712,4760,2660,2240
1.33783,1.40246,0.757688,4.09657,1.61587,4.98751,2.09284,-1.45418,1.17762,2.5625,-1.86104,9.47741,-4.58707,7.08626,3.66618,3.07486,-7.32,-774.944,-625.616,4900,2800,2240
0.0956749,0.0059203,2.22094,2.63238,-2.17306,1.10843,0.520672,-2.58881,-0.594314,1.1165,-2.70862,6.84932,-1.633,4.47228,2.41851,1.6743,-7.808,-775.432,-620.736,5040,2940,2240
2.6371,3.34948,4.76628,3.00818,0.872319,2.13322,2.92977,-2.12896,1.06101,2.6123,0.231597,7.95248,2.81435,6.12909,5.28989,5.0576,-6.344,-774.456,-623.664,4900,2800,2100
-3.19124,-1.26131,4.89593,1.01838,0.750564,4.79248,4.31206,-1.31078,-6.28421,1.02344,0.72998,4.96721,5.89703,4.99789,5.39365,7.61226,-7.808,-773.48,-624.152,4760,2520,1960
0.653236,2.11823,5.30171,3.97457,-3.20827,1.62227,3.24952,-1.16061,3.53471,2.63549,1.52931,2.14353,4.583,0.795803,4.7953,6.27184,-9.272,-774.944,-627.08,4900,2380,1960
-1.48929,-1.89054,1.401,-1.41625,-8.74778,-0.835565,-2.93967,-4.33771,1.38604,0.0547245,-2.2438,-5.46192,-0.323028,-1.42591,-3.15081,0.803916,-8.296,-776.896,-629.032,5180,2660,1960
