3.15236,5.88732,1.4104,5.21895,1.92198,1.14778,-0.853326,-0.304928,7.77464,4.33533,2.25189,3.77017,5.3653,0.152893,3.79745,-2.82588,-46.848,-1004.3,-141.032,2240,9660,9800
-2.79409,-3.95315,-1.73437,0.439401,0.965904,1.5713,0.891602,3.20989,-4.5101,0.977983,-0.690922,-1.57862,2.99944,-1.07569,2.60751,0.754415,-50.264,-1003.82,-143.96,2660,11480,9380
-2.86063,-6.0227,-2.18031,1.6072,2.259,1.07337,4.38202,6.08725,-8.77715,-3.38852,-6.52429,-2.72855,-1.85351,-0.504593,7.32327,4.69512,-52.216,-1000.4,-138.104,2520,12740,9240
1.77236,9.99672,6.23244,15.2125,11.8968,6.37242,10.6428,10.5752,0.697289,2.16111,0.0280282,7.88908,4.3093,7.46234,17.0812,8.79369,-52.704,-1002.84,-142.496,1960,13720,9100
3.42456,16.0535,3.23295,12.6001,5.47846,-1.25597,-2.92431,-2.42417,9.51116,-1.05308,-1.49661,7.08555,-0.59879,1.84003,-0.920375,-4.5141,-50.752,-998.448,-142.008,2100,14840,8820
9.50163,16.329,7.05553,5.71793,4.25021,-0.267608,-7.9076,-4.93725,14.99,3.75098,5.62852,9.61561,3.80872,2.57302,-11.9814,-8.16787,-53.192,-1001.38,-138.592,1960,15680,8540
-2.95149,-16.0359,-3.53928,-19.2476,-11.1434,-6.61327,-12.2566,-6.29471,-5.27786,-4.37199,0.543867,-10.7837,-2.42137,-6.88016,-17.1602,-11.0968,-54.656,-1000.89,-147.376,2100,16940,8540
0.429934,-10.5912,-1.24291,-8.4223,-5.8481,-3.32411,-0.630436,0.561431,-3.85293,1.14942,4.52791,-6.70818,-1.60273,-3.04395,0.618689,-2.32927,-54.168,-1002.35,-138.104,1680,17360,8260
-6.53293,-10.9767,-5.60912,-5.53933,-6.81803,-4.57844,-0.208149,-1.08602,-11.5058,-4.35996,-1.64664,-9.93779,-4.3065,-3.61263,1.98456,-1.97535,-56.608,-1001.38,-142.984,1540,17780,8120
-4.10364,-8.95397,-4.01619,-7.90394,-5.21008,-0.477239,-0.77106,0.542342,-7.11821,-3.82975,-2.54194,-7.15034,-2.06929,-1.27212,-2.29267,0.0211562,-57.584,-1003.82,-145.912,980,18200,8120
-0.952108,1.88413,2.14156,5.43978,5.63194,5.63594,10.6551,9.0162,-4.47319,-1.39927,-1.13219,1.87198,2.0471,5.14476,11.594,10.4968,-56.12,-1007.72,-143.96,420,18340,7840
0.0243096,8.79095,3.48857,15.0238,9.39862,4.69384,11.1383,4.82876,-3.15093,-4.07429,-5.69527,4.74567,1.04873,5.27215,15.745,8.86938,-53.68,-1006.74,-143.96,280,18760,7840
-0.192668,3.5192,-1.0864,4.02233,1.40196,2.6337,1.75682,0.273403,-0.174064,-5.78986,-9.08076,0.559242,0.203307,1.60408,-0.478319,2.08909,-56.12,-1004.3,-144.448,700,19320,7560
9.8323,7.12238,0.505608,-4.35215,-0.269559,4.15022,0.622263,3.44119,15.936,2.53281,-4.7471,5.27407,0.819166,2.77306,-9.24953,3.16096,-56.608,-1005.77,-143.96,420,19600,7560
-1.356,1.73968,-3.36442,-0.278589,-0.830595,0.263704,3.73542,2.26731,0.0849149,-4.70097,-8.96056,-0.664926,-5.80495,0.517817,-0.403362,4.80895,-59.048,-1007.72,-142.008,140,20160,7420
-7.54922,-8.28853,-3.40952,-2.10417,-0.468713,2.12109,4.77751,3.63403,-16.1491,-3.53295,0.857507,-4.58765,-1.91096,-0.551677,2.5461,5.14389,-62.464,-1007.23,-142.008,140,20020,7280
-1.44655,-6.51163,-1.26577,-4.84348,-3.33624,-1.17464,-1.22732,-6.05591,-5.71872,2.51538,6.48216,-2.67307,0.1762,-2.22832,-1.04656,-2.42578,-60.024,-1006.74,-147.864,-140,20160,7140
5.32761,0.552268,1.43088,-3.95636,-1.95018,-1.61252,-3.67635,-6.1006,5.28566,5.91618,6.85584,1.52628,1.74178,-1.5113,-4.4983,-3.61222,-64.416,-1010.16,-143.472,0,20860,7000
7.18918,4.96318,4.44886,2.64969,2.93938,-1.15141,-0.0357825,-4.74696,7.87757,8.1825,8.86538,5.42644,2.45781,1.41593,2.64328,-1.78222,-64.416,-1007.23,-140.544,560,21840,6720
5.37251,9.66309,1.58613,4.75342,1.01258,-3.6705,-5.01012,-7.58634,7.18016,6.30278,6.4582,5.01546,-0.380944,-2.28975,-3.68479,-5.17937,-63.44,-1004.79,-145.912,560,22400,6440
3.58634,4.21425,-0.0340513,-5.26009,-4.64824,-4.65184,-12.7697,-7.61772,3.94522,4.9698,4.81798,3.25091,-1.95273,-5.10096,-19.4493,-8.20166,-67.832,-1001.86,-143.96,560,22960,6300
-12.9291,-15.9895,-6.74473,-8.52195,-6.85558,-6.65113,-4.44492,-4.01361,-18.7351,-6.6164,-3.00209,-9.91202,-4.98043,-6.61102,-2.14044,-4.35779,-68.32,-1004.79,-151.768,700,23380,5880
-11.0335,-8.29127,-3.3971,0.151387,-1.333,-1.96579,0.829187,2.37252,-11.2386,-6.11039,-4.93828,-6.53582,-2.63576,-2.29368,4.73844,0.566631,-67.344,-1000.4,-146.4,980,24080,5740
-6.51875,-2.66025,-1.50514,-4.01229,-3.92943,-1.18746,-7.2304,0.442923,-4.14952,-2.6376,-5.10345,-3.7717,-1.81967,-3.58695,-10.0951,-4.30614,-68.808,-1000.89,-148.352,560,24500,5460
-8.27273,-10.6614,-5.30645,-14.2404,-10.2927,-5.53639,-12.2219,-4.81148,-5.24468,-5.09741,-7.06644,-8.2611,-4.52207,-7.1705,-14.7002,-9.66974,-71.248,-997.472,-144.936,700,24920,5180
-7.42916,3.62143,0.184378,10.1914,5.71367,1.78201,8.57569,5.52463,-0.826626,-5.20151,-6.69068,1.83146,-0.501923,2.57247,15.8574,4.41626,-68.808,-994.544,-151.28,840,25200,4900
-1.02998,7.56971,2.743,11.8237,8.08382,4.44218,8.94397,5.32529,6.96043,-0.648871,-1.11933,5.22713,2.62622,4.8712,14.5679,4.81825,-69.296,-993.08,-149.328,1260,24780,4760
6.848,5.69666,2.81199,0.230471,0.550115,0.419293,-5.49004,-3.71733,15.7096,3.69736,2.53427,5.15614,2.33596,0.562026,-6.87444,-4.94575,-71.248,-991.128,-146.4,1120,24920,4620
9.44141,6.16857,2.71171,0.739945,1.89095,2.61268,-1.98688,1.31829,15.2863,5.18519,6.55184,6.29925,3.78697,3.01744,-3.68531,-0.969094,-68.808,-987.712,-151.768,1260,24780,4200
-1.86854,-9.48057,-3.28712,-1.64831,-2.7107,-2.254,0.154345,0.335617,-6.55104,-3.02608,1.52182,-4.3793,-2.14294,0.130983,5.72631,0.0659096,-69.296,-988.2,-150.792,1260,24500,4060
4.02832,1.16056,3.81075,3.06437,4.03402,3.79777,4.45686,4.8923,1.39513,3.85955,5.69712,3.84211,4.9847,5.18014,7.58875,4.09937,-67.832,-986.248,-152.256,980,24360,3920
1.19405,1.21508,0.555058,-0.772406,-0.493787,-0.838038,0.278097,-1.45664,3.50421,0.440108,-0.00124346,-1.26412,1.78206,0.656183,1.47032,-1.17913,-68.32,-986.248,-157.136,1400,24080,3640
0.251732,4.19724,3.45439,5.19791,2.53274,1.99401,2.86657,0.545483,-0.815344,1.52431,2.92001,0.42885,4.08883,2.70444,4.41358,0.960457,-67.832,-984.296,-151.28,1680,24080,3500
3.44383,-1.10212,5.23833,3.25458,4.48495,4.16261,8.93374,4.30324,0.210368,3.87478,6.62171,1.19225,4.51752,5.44364,6.63319,8.08888,-67.832,-985.76,-154.208,1820,24080,3080
9.72293,6.31022,6.88226,3.34468,5.4834,4.44337,9.13817,4.41937,11.2937,6.83703,5.28556,5.91167,3.44218,5.48131,4.24697,8.68149,-62.464,-986.736,-157.624,2240,23800,2800
11.6706,18.149,6.12147,-0.540151,2.48583,3.50731,-4.82658,-0.716527,15.4529,5.62636,1.32198,10.4019,3.28007,4.36055,-18.5867,-0.898764,-62.464,-984.296,-157.136,2240,23520,2660
2.10234,-5.11083,4.02196,-3.76199,4.27406,6.33064,6.69539,9.31557,-13.9185,3.53886,3.15778,1.39437,3.30516,6.57838,-1.86821,8.67205,-57.584,-988.2,-154.696,2660,22960,2380
-6.04531,-19.4024,-4.07077,-3.67155,-0.421476,1.18437,10.2729,6.53743,-23.6256,-4.58516,-5.30833,-9.97236,-3.14197,-0.179981,15.3207,8.0265,-59.536,-984.296,-160.064,2800,22260,2380
-2.83563,-5.53758,-5.18351,5.4822,0.878611,-0.695538,6.61475,2.25826,-11.8737,-3.78422,-8.08404,-4.83888,-2.46794,-3.78243,17.778,3.86912,-56.608,-981.368,-154.696,2800,21560,2240
-1.40776,0.124917,-5.98876,-3.4992,-6.46306,-5.12829,-8.97065,-7.72846,3.52464,-4.2543,-8.54595,-3.42181,-4.89032,-7.8569,-4.10605,-7.44312,-53.192,-981.856,-157.136,2800,21000,2100
-0.936668,4.56139,-2.52606,1.81471,-0.328636,-0.205779,-3.4597,-1.29916,5.31981,-2.26569,-3.57481,0.0610712,-1.69019,-2.89279,-1.26467,-1.62742,-51.728,-980.88,-163.48,3220,20860,2100
-6.57994,-8.00164,-8.06198,-14.0626,-11.1011,-4.8694,-13.9631,-4.73681,-4.34787,-7.99397,-4.33629,-9.9054,-6.28338,-10.6674,-19.0397,-7.53422,-53.192,-984.784,-162.504,3920,21280,2100
3.56086,7.3486,-3.79985,-6.77965,-7.82344,-6.26333,-15.2815,-8.00788,9.76092,-3.34622,-0.954642,-0.270882,-5.3034,-8.31637,-22.9772,-9.45247,-52.704,-983.808,-162.016,4340,21280,2240
1.30681,9.27049,-0.538887,7.49846,0.87383,-3.75367,-2.36718,-4.96675,2.69453,-1.87557,-1.49208,3.88179,-2.95068,-1.77966,-1.8894,-4.38454,-53.192,-985.272,-158.112,5320,21560,1960
-5.40122,-2.2108,-2.52592,3.8428,1.1953,-2.63071,3.66401,-2.24519,-9.03465,-3.97321,-3.30987,-1.82632,-2.95517,-0.317465,5.96558,-0.144326,-53.192,-985.272,-158.112,5320,21700,1820
0.348722,1.10658,1.0871,1.60983,2.56411,1.41057,5.09274,0.468786,0.217284,0.911388,0.929481,1.34623,2.05016,2.79367,6.48934,1.75246,-53.192,-984.296,-160.552,5460,22400,1820
0.24699,5.66226,1.90743,3.8078,3.73776,0.846049,3.1209,-0.681042,3.10661,-1.10384,-0.501029,3.70106,1.362,2.36717,3.31505,1.04177,-55.632,-988.688,-158.6,6160,22680,1680
-4.56146,-1.61562,1.63704,6.57557,6.20313,1.81547,6.75002,4.09137,-10.0511,0.816388,1.68029,1.98654,0.78715,3.24461,10.4417,4.32687,-53.68,-989.176,-163.48,6300,22820,1540
-5.7826,-6.91194,-1.00082,-0.171931,-0.272755,-0.0924407,-1.30845,-1.02973,-9.3039,1.84986,2.90105,-2.3724,0.681882,-1.00794,5.46155,-2.85752,-53.68,-992.104,-157.136,6720,23240,1120
3.36605,1.86269,2.27059,-0.339278,-0.357771,0.517623,-6.13976,-2.26743,7.83276,6.35931,6.61182,3.86049,3.57635,0.934242,-4.27379,-5.33266,-52.704,-996.008,-158.112,7140,23520,840
3.24895,1.0825,4.36131,-0.246043,1.44244,2.34813,-1.14592,3.60311,6.26385,6.87812,8.45609,4.33909,4.41103,3.61003,-3.09749,-1.39332,-55.632,-997.96,-162.992,7840,23940,560
-1.00082,-0.195906,2.06762,-0.39312,1.33053,2.08706,4.3538,6.42493,2.41468,3.03456,3.77753,0.312449,1.60457,2.70949,0.790847,3.33988,-56.12,-996.984,-165.92,8540,24220,140
3.39851,5.44441,2.27764,-0.674367,-1.52761,-0.295501,-2.07597,-0.742062,15.6584,2.997,0.860825,1.30424,-0.00720238,1.86658,-8.86,0.198591,-54.656,-1003.33,-163.968,9240,24500,0
2.34245,1.51476,3.2687,4.95754,3.54133,5.1866,9.54534,5.40165,3.9585,3.35222,2.74787,2.78142,2.87188,6.36233,11.3485,9.14978,-56.608,-1000.4,-159.088,10360,24500,-420
-4.25353,-14.3679,-4.33076,-9.23433,-6.66333,-0.898597,2.24792,-0.917059,-7.80907,-3.38112,-2.452,-7.42059,-2.62395,-1.54524,3.79954,1.14079,-55.144,-1000.4,-165.92,11060,24920,-840
1.83156,-6.31684,0.439367,-4.85015,-3.28207,1.24532,4.11631,0.815876,2.40094,3.13657,3.97855,-2.07201,1.04742,0.914412,3.84453,2.07924,-58.072,-1002.84,-157.136,11900,24780,-1120
-4.6477,-12.8525,-5.53747,-13.0142,-12.3871,-6.32857,-6.36067,-5.68287,-0.715625,-2.13553,-2.51592,-11.1766,-4.2116,-8.06187,-7.21529,-4.80834,-54.656,-1002.35,-158.112,12880,24780,-1400
3.44543,4.73336,1.98648,-3.92039,-2.66281,-1.75008,-6.27619,-2.67369,11.0984,3.48377,2.31623,2.32806,2.12266,-2.10216,-11.7399,-2.76112,-56.608,-1002.84,-159.576,13720,24500,-1540
-0.400945,7.14832,3.7065,5.03056,5.57735,0.534516,-2.84689,-1.87325,-0.579341,0.158599,0.63789,6.12141,2.40076,2.11189,-5.22833,-1.38943,-54.168,-1000.89,-160.064,14560,24080,-1820
-7.38151,1.36977,-0.0464277,2.82379,2.47983,-2.1249,-6.06733,-4.56908,-11.1065,-6.31188,-6.57157,-0.133397,-1.6495,0.863584,-4.8285,-4.42708,-57.584,-1001.86,-159.088,14700,23660,-2100
-12.8971,-14.6853,-6.90321,-8.33398,-5.70882,-3.55068,-6.81016,-1.96957,-19.3172,-13.1687,-10.8671,-10.4128,-5.07118,-4.57148,-2.71515,-4.87121,-55.144,-1005.77,-156.648,15400,23660,-2380
6.39304,9.36526,2.25925,4.76951,4.96071,-0.497092,-1.83077,-1.95289,8.89398,0.694884,-0.663531,7.472,1.40449,-0.42238,0.654404,-2.53706,-56.608,-1005.28,-162.504,16100,22820,-2100
12.7802,20.7103,3.794,7.91285,5.24604,-2.00405,-3.15732,-4.82128,20.7677,3.25604,-1.24724,12.1605,-0.450073,1.02047,-5.83088,-2.46625,-55.144,-1004.3,-157.136,16520,22400,-2240
4.04571,8.85998,-0.238012,4.1331,2.19691,0.351186,-2.82118,1.0179,2.065,-1.25969,-2.70604,4.00626,-1.30978,0.71823,-7.72373,-0.579326,-53.68,-1009.18,-159.088,17360,21980,-2660
-13.4255,-3.25525,-4.83615,11.2,5.01698,0.126479,8.44911,2.45578,-29.9258,-9.59979,-9.2627,-4.5387,-4.49908,0.692864,14.8147,2.63332,-58.56,-1006.26,-162.016,17640,22260,-2800
-9.49957,-6.88577,-2.84212,7.7638,6.72963,3.4192,16.6789,10.661,-24.2469,-5.61264,-4.27994,-4.77519,-1.41986,2.25732,23.0099,11.1421,-57.584,-1002.84,-154.208,18060,22540,-2940
3.86547,-5.70815,-3.57018,-10.5784,-5.83983,-0.0725683,-1.71203,2.57652,3.24838,-0.76476,1.9133,-5.08206,-1.07289,-3.22497,-7.82282,0.918573,-53.192,-1005.28,-155.672,18060,22540,-3360
3.88399,-12.66,-4.94501,-18.2449,-11.6953,0.0806123,-7.81657,0.0295594,8.15054,-1.52101,2.30362,-9.10263,-1.29941,-6.16768,-15.4037,-1.47641,-57.096,-1004.79,-158.6,18340,22680,-3640
7.54666,1.88884,3.09884,0.523376,0.241286,5.67129,4.77599,5.71456,12.075,4.67481,4.97943,1.97688,4.77745,0.747487,5.44529,6.28407,-52.704,-1008.21,-157.624,18340,22680,-4060
-2.83521,-6.88924,-1.73865,2.56936,-1.88594,1.2371,5.76993,2.10606,-5.04066,-4.00417,-2.54191,-5.35078,0.469371,-2.42227,16.6268,3.43285,-59.536,-1011.62,-152.744,18900,23380,-4620
5.2759,9.66463,5.96207,17.7686,9.93508,4.17046,8.07171,2.12652,5.07529,2.85598,0.57722,7.21026,5.14359,5.85056,20.9595,3.60695,-58.56,-1010.16,-153.72,19600,24360,-5040
6.73204,13.0135,7.93758,15.6442,11.2146,2.72926,2.62173,-1.44002,4.36906,5.61127,1.1498,11.1747,5.41107,6.88518,8.7833,-0.459433,-60.024,-1010.16,-152.256,21000,25340,-5740
12.0113,12.2217,7.97529,3.1671,5.01989,1.02243,0.657299,-0.0644685,16.3028,13.1946,6.85497,10.2861,5.12754,4.46387,-0.446379,1.30783,-55.144,-1012.11,-151.28,21280,26040,-6160
7.59974,4.30801,3.53643,-7.40347,-3.54531,-1.09478,-5.91556,-2.44105,11.9285,13.535,9.5444,2.34816,3.49646,0.0178284,-12.5623,-2.06375,-57.096,-1008.21,-149.328,21840,26600,-6860
3.27456,-0.886731,-2.05795,-5.28506,-4.37071,-2.92084,-2.30842,-3.35965,4.89865,6.52109,7.97151,-2.10185,-0.0516194,-1.84128,-4.32388,-2.32205,-55.144,-1004.3,-150.792,22540,26740,-7420
2.55607,7.14214,0.477801,12.3954,6.60358,1.10211,11.4279,1.63061,1.09852,4.21159,6.97995,3.34872,0.94621,3.76732,15.746,5.78399,-58.56,-1004.79,-144.936,23100,26600,-7560
-8.30803,-19.2489,-5.78311,-5.56193,-4.53531,-1.07474,5.59125,1.4168,-19.7862,-0.932261,3.08725,-11.5737,-1.82169,-2.37784,6.2165,2.16099,-57.096,-1003.82,-141.52,23660,25760,-7980
-3.4091,-12.7573,-1.66836,-11.5081,-7.69588,-2.4724,-4.48461,-4.15492,-5.50883,-0.553793,2.20916,-7.16283,-2.84386,-3.33539,-12.438,-5.85326,-55.632,-1001.38,-141.032,23660,25060,-8120
1.64097,-0.487973,4.66513,-7.51409,-1.18643,3.5325,-3.49948,1.6128,7.28722,0.738097,3.03314,2.18594,1.00109,2.90118,-19.1578,-1.0524,-55.144,-997.96,-138.104,23240,24360,-8400
9.44265,12.8538,5.59897,-4.72301,-1.60841,1.1063,-10.1853,-2.45544,18.5255,3.09732,1.26149,8.57227,-0.801118,1.13426,-28.61,-4.44814,-55.632,-997.96,-133.224,23520,23520,-8540
7.76067,14.5348,7.69846,-0.844769,3.88756,4.89365,-7.64986,3.93089,10.4179,4.67729,3.84372,11.0233,2.05244,4.86547,-23.3635,0.506689,-51.24,-996.984,-138.104,22400,23240,-8820
-8.07391,-1.61839,-0.397537,2.29793,3.83471,-1.55987,-2.50778,-1.56843,-7.98105,-5.62769,-6.77908,-0.803189,-4.96697,1.00036,0.471321,-2.11711,-52.704,-993.568,-134.2,22260,23240,-8960
-7.90711,6.51692,2.5545,14.7898,12.6565,0.303767,8.87903,-0.339702,-7.11771,-7.68929,-6.53614,6.66741,-2.95923,6.69754,21.8548,2.12178,-50.752,-994.056,-134.2,21840,23100,-9240
-11.4711,-2.88399,-5.76854,5.98684,2.81315,-3.08268,5.31927,-0.748251,-12.0421,-11.4761,-6.40122,-2.93159,-3.75675,-0.539439,18.2873,0.619131,-48.312,-995.52,-132.736,21420,23380,-9380
-10.9955,-7.92472,-9.46133,-0.0610389,-4.48752,-5.9051,-1.33689,-2.53116,-15.2917,-10.5987,-9.13441,-8.65448,-5.38965,-6.39239,9.37877,-4.64019,-49.776,-995.52,-135.664,21420,23940,-9380
-10.839,-10.4457,-10.9535,-7.04,-8.19648,-6.09553,-0.948875,-0.098578,-14.1327,-9.88595,-11.5952,-10.5968,-6.12344,-7.53611,5.52148,-2.60438,-47.336,-996.008,-136.152,21420,24220,-9240
-4.45253,-6.03402,-8.90227,-8.62928,-9.5531,-5.26821,-3.10347,-2.35213,0.0656511,-5.42789,-7.77685,-7.90728,-3.42101,-8.74257,0.88344,-3.95859,-45.872,-996.496,-139.568,22260,25060,-9380
-2.96969,-13.4318,-8.88164,-19.0463,-14.921,-5.98089,-11.1618,-5.05961,0.298752,-6.85736,-9.09658,-10.2855,-4.21649,-11.4202,-13.25,-7.89277,-46.848,-991.616,-139.08,22820,25620,-9240
-4.25673,-16.9283,-8.70058,-20.1067,-12.638,-1.48226,-8.53061,-0.114405,-8.50178,-7.8253,-9.17988,-10.1801,-3.21521,-8.87892,-16.6754,-0.793874,-48.312,-990.152,-139.08,23380,25760,-9380
-12.6756,-18.5242,-9.02105,-25.853,-16.5486,-3.35298,-13.8371,-3.86781,-10.2145,-9.60114,-10.2462,-14.5806,-4.82489,-9.37386,-26.1971,-3.82701,-46.36,-988.688,-140.056,23240,26320,-9520
-8.53545,-4.96168,-1.08353,-8.30523,-4.09527,2.5009,-7.79955,-0.248882,-3.60461,-2.20478,0.121191,-2.19183,3.44324,0.0883993,-13.2337,-0.0555246,-44.896,-990.152,-136.64,22960,26880,-9380
-11.6437,-5.56187,-1.13129,6.18991,2.28753,0.698927,-0.921328,-3.15758,-18.3125,-4.90777,3.12849,-0.623565,2.93411,0.781881,9.90391,-2.3877,-48.312,-986.736,-134.2,22400,27020,-9380
-7.97338,-6.09633,0.677117,8.66794,1.7042,-1.30363,0.578582,-4.96457,-17.7965,0.011367,3.8819,-1.01142,0.826189,-3.09672,14.9182,-5.42609,-43.432,-985.76,-129.32,21840,27160,-9240
1.93429,1.68706,3.21364,8.3721,0.363031,-1.66013,-1.82586,-3.98212,3.66171,6.52852,3.36055,2.80537,2.329,-2.50556,7.39934,-4.56919,-43.92,-988.688,-130.296,21560,27580,-8960
11.5843,12.7852,5.282,8.57298,3.27874,-0.805426,-2.2623,-2.15208,19.7762,9.35602,5.02204,9.30692,2.64377,1.64065,-2.68772,-1.18703,-41.48,-987.224,-132.248,20720,27720,-9100
11.6552,21.8213,11.7346,7.81638,6.38208,5.90556,0.228108,5.78664,32.6094,21.5116,15.2262,9.74159,8.80898,9.29122,-10.5099,5.68122,-42.944,-987.224,-129.32,19600,27720,-9240
3.17563,22.0164,14.6238,15.6922,11.1832,6.38398,8.52453,5.70498,28.9231,26.8222,21.6789,3.60928,11.8942,12.0186,5.54897,7.99424,-46.848,-989.664,-134.2,18340,27720,-9100
29.4709,18.428,11.8912,32.0517,23.8623,9.87039,25.4109,10.2342,13.8969,6.93981,26.7071,21.1755,14.5935,18.4771,32.0826,16.6153,-48.312,-987.712,-130.784,17220,27580,-8820
42.0912,23.9029,14.6232,34.6313,27.5219,11.025,28.909,12.0459,19.5788,3.00364,18.9394,29.4031,9.81505,19.3909,36.2862,18.6702,-51.24,-987.224,-130.784,16800,27580,-8680
27.7551,16.4024,14.057,18.3876,15.203,6.36742,19.3698,8.10679,22.3326,14.4065,-10.6506,15.2291,-2.68701,11.6496,24.3724,12.4865,-51.24,-987.712,-136.152,16660,27300,-8540
11.8958,7.86689,9.43696,6.16708,8.92225,5.31667,11.3223,6.85234,9.16282,10.4767,-12.7902,8.04734,-0.478767,7.83138,12.153,8.37234,-45.872,-989.176,-135.176,16100,27300,-8400
2.85283,1.49695,4.50858,-3.98272,4.90669,4.72679,3.74718,4.88931,-4.32976,2.76122,4.63943,5.57202,3.26895,4.78679,-1.88612,4.23808,-46.848,-987.224,-136.152,15960,27440,-8540
-1.60936,-5.94434,-3.68684,-11.6095,-7.68534,-3.33782,-4.2278,-1.5767,-9.39953,-0.98119,0.492233,-5.85431,-3.91985,-4.36085,-9.89724,-3.13194,-46.36,-988.2,-138.104,16100,27440,-8540
-6.57965,0.774398,-1.7533,1.10502,0.199874,-1.00149,4.24284,2.96315,-9.56015,-1.25032,-5.19265,-2.7537,-3.70506,-0.58841,3.6104,2.40878,-45.384,-983.808,-142.984,15960,27160,-8400
-24.3065,-8.14612,-6.77455,-9.05969,-7.13844,-5.22699,-3.65582,-3.35854,-14.9844,-8.46938,-9.92408,-16.571,-8.14987,-6.18213,-3.10767,-3.82057,-45.872,-985.76,-145.424,15960,27020,-8260
-34.7024,-16.4309,-9.68774,-22.218,-15.5736,-5.8766,-16.8358,-7.17377,-15.7675,-10.084,-4.88998,-26.6562,-4.86844,-10.787,-21.8577,-12.6651,-46.36,-988.2,-142.496,15540,26740,-8120
-23.2575,-30.0813,-24.6838,-28.384,-23.5956,-13.5311,-23.9021,-12.4972,-25.6555,-35.5221,-8.20803,-21.8217,-9.97338,-19.3052,-29.7727,-19.0951,-48.8,-983.32,-140.056,15260,26040,-7980
-3.29844,-9.13688,-12.1199,-11.0486,-7.49844,-6.76176,-8.70213,-3.38474,-7.4407,-20.2379,-9.35332,-1.67825,-7.14744,-7.81821,-15.0295,-6.30383,-48.312,-979.416,-139.568,15680,25900,-7420
-0.253198,-0.520078,-3.7113,-6.71616,-4.71918,-2.84332,-5.31863,-0.73076,4.55649,1.70106,-24.8375,-0.167765,-7.77613,-4.21635,-11.0715,-2.92709,-48.312,-971.608,-138.104,15400,26320,-6860
5.10662,7.26214,-2.28061,-1.20346,-3.08484,1.3589,-5.37355,-0.480484,5.86284,6.83494,-5.71893,4.1617,0.498321,-1.76415,-9.53985,-3.06777,-45.384,-965.264,-137.616,15540,27160,-6720
-4.76685,-5.74611,-4.44153,-4.36628,-5.02356,1.15546,-4.35084,-2.21208,-14.0394,2.77593,12.3182,-3.3745,3.35957,-2.24296,-4.82081,-2.61452,-51.728,-955.992,-136.64,15540,28280,-7000
-6.88982,-9.85955,-2.81348,-9.36283,-5.43377,0.260848,-7.02044,-4.15966,-16.0014,0.83482,8.82888,-4.43148,0.543659,-3.43674,-8.77362,-3.20128,-50.752,-960.384,-132.736,14140,29680,-7000
-7.26511,-14.6167,-4.65546,-16.7785,-9.67325,-2.88199,-12.8862,-7.97062,-8.71767,-9.02693,-1.3378,-7.80684,-4.39103,-5.93361,-16.4534,-6.83563,-56.608,-957.456,-131.272,12880,30940,-7280
5.58066,1.16549,2.15966,-3.19411,-0.0345442,1.90536,-2.34959,-2.40258,13.6642,-6.10909,0.364412,2.7395,1.41401,0.204992,-2.91554,0.63813,-60.512,-954.528,-132.736,11900,32200,-7280
7.11091,1.66742,4.73641,-0.367449,3.50066,6.21059,3.37723,3.32548,9.81771,-1.62005,-2.9138,2.11843,3.81489,5.61928,-0.584583,6.58133,-64.416,-951.6,-130.296,10780,33040,-7280
2.115,-2.95995,1.96109,5.07092,1.18806,3.17133,2.69014,-0.611398,-8.88681,6.98595,-2.94824,-3.15163,2.62372,-4.2978,4.60877,0.722428,-61.976,-953.064,-130.296,9660,34440,-7700
-1.7198,-3.46624,-4.63405,7.4583,-5.19499,-10.4494,-2.67998,-11.1378,-12.8995,2.42033,2.73484,-5.70206,-3.06162,-16.9433,8.11778,-10.098,-68.808,-952.088,-129.32,8120,35420,-8120
1.81517,1.31006,-0.796475,8.61705,-1.26957,-9.10344,1.9202,-2.94825,-1.62764,-2.41117,8.399,-0.503678,-1.04985,-4.15322,13.6786,-3.4884,-71.248,-948.184,-129.32,7000,36120,-8680
21.4486,26.1131,14.0542,22.9895,15.6219,4.44358,15.0107,10.004,33.1884,14.5194,10.4841,20.7127,6.95822,15.5946,24.2802,11.5116,-76.128,-954.04,-133.224,5880,36120,-8960
20.487,24.0632,14.4827,21.7448,17.4191,7.70622,14.0229,8.11191,29.6061,15.8174,5.38703,21.7903,6.76227,17.0828,21.2013,11.4565,-76.128,-954.528,-126.392,5180,36120,-9100
11.4741,9.24156,9.70075,6.19537,8.48682,7.15689,4.84651,5.68558,8.57603,10.2746,5.09652,12.1048,6.56569,10.8375,5.76044,3.87397,-78.08,-960.384,-125.416,4900,36260,-9520
-4.50231,-5.32092,2.29109,2.8947,6.51926,3.4945,8.22451,6.18342,-10.5501,-1.67494,-6.94316,1.41223,0.74527,6.63564,10.1663,4.63401,-77.104,-958.92,-128.832,4620,36120,-9940
-1.44924,1.93934,1.65985,5.65362,7.04679,2.08282,6.62664,4.10605,1.97996,-3.22802,-7.94495,4.47875,0.0242563,6.33048,8.81584,2.49582,-81.008,-961.36,-127.856,4340,36120,-10360
-4.6308,7.77601,0.562119,6.24852,5.87562,0.702022,4.66046,2.68472,5.62683,-3.69796,-5.89271,3.56335,-1.24752,3.30794,5.87201,1.95421,-81.008,-963.8,-127.856,3500,35000,-10780
-12.4742,0.984356,-2.24717,4.86348,5.01097,0.784654,5.23976,4.37352,-4.87582,-10.4823,-5.39629,-0.651769,-2.71522,3.67349,5.02838,3.41882,-86.864,-967.704,-130.784,3220,34300,-11340
-1.89671,-5.71014,-4.94267,-9.6298,-6.83168,-0.880136,-4.00654,0.612649,3.27976,-3.36282,5.80464,-5.07101,-0.997724,-3.71609,-8.72595,-3.02188,-83.936,-972.584,-132.248,2800,33040,-12040
0.132376,-6.31821,-4.39658,-9.42632,-8.24308,-2.70862,-7.26366,-4.39694,2.82341,-1.79405,0.879084,-5.30831,-1.67514,-6.14373,-10.7833,-5.35411,-82.472,-973.56,-134.688,2660,31360,-12880
-16.7114,-12.5972,-4.25392,-14.9174,-12.53,-5.32316,-13.3465,-9.47879,-5.4447,4.96694,3.04374,-18.0892,-2.00035,-9.44253,-16.0229,-8.69079,-79.544,-977.952,-127.856,2380,30520,-13440
-24.142,-16.189,-2.59796,-17.1545,-13.4489,-2.10102,-14.1484,-7.62452,-16.1753,15.4998,25.9662,-22.8658,6.44615,-8.67897,-20.2905,-7.80098,-79.544,-973.072,-131.272,2380,28840,-13860
-9.88298,-34.8374,-15.1694,-19.5804,-17.1754,-5.80954,-12.2634,-7.65649,-44.8996,-11.2428,25.7047,-19.1598,0.251831,-11.2657,-14.9904,-7.06054,-78.568,-975.512,-133.712,2240,27020,-14000
-0.723518,-10.5715,-4.39347,-0.460954,-1.48165,0.348916,2.68245,2.57783,-26.501,0.425359,4.29901,-2.28869,-6.63694,-1.87658,4.43635,3.47075,-73.688,-977.952,-130.296,2240,24640,-14980
2.63507,12.4946,3.61574,6.42012,3.61153,0.847406,5.08534,5.70196,11.5305,3.59937,-23.366,5.40238,-11.9532,1.81537,4.22215,5.90371,-72.224,-979.904,-129.32,1820,22400,-15260
12.5385,25.5316,7.73544,15.0322,12.6394,8.21488,12.0094,14.3644,23.2989,-4.97383,-14.9881,16.3677,-0.246588,10.2727,9.66134,14.1034,-73.688,-977.464,-136.152,1820,20440,-15820
3.78346,8.56926,-0.385483,3.53776,3.09276,1.45034,4.61204,4.02544,9.26163,-12.2101,-16.4721,5.33618,-1.64851,2.55223,1.09393,6.36555,-72.224,-977.952,-143.96,1820,17640,-16520
2.95875,5.51431,-0.49624,4.12555,3.15085,-0.57838,5.00203,-4.72197,10.9075,-4.11795,-13.521,3.54021,-0.586899,0.396263,3.6405,3.41327,-69.784,-976.976,-143.472,2100,15540,-17080
1.95546,10.3325,3.33824,4.90968,4.02752,0.461615,-0.0407937,-6.47895,14.1217,2.90003,-7.21106,7.02507,2.84807,1.45965,-0.717438,-4.07182,-64.904,-988.2,-144.448,2380,13020,-17640
0.516323,-1.72542,-1.25632,-6.58055,-3.52936,-3.96542,-6.644,-4.626,5.65931,0.00250064,-1.89317,0.0543703,1.31563,-3.93911,-8.54043,-8.79768,-64.904,-991.616,-144.448,2240,10920,-18060
3.72476,1.83009,0.600493,1.03869,1.55907,-2.3224,-0.6076,-0.499001,6.50515,3.37761,-0.84937,3.07457,1.84231,-0.0126732,-0.925612,-2.12618,-66.368,-988.688,-142.008,2100,9240,-18480
8.69929,7.0344,5.87621,7.10603,7.40774,3.54847,4.22885,4.76009,8.24487,7.78608,2.39518,8.49877,5.97453,5.31938,4.70833,3.23806,-61,-994.056,-139.08,2100,6020,-19040
6.11199,3.67931,2.82205,3.89947,2.18974,-0.809577,-2.97651,-0.3856,2.40949,3.67282,0.207391,4.3215,2.40887,1.63075,1.27322,-2.1168,-54.656,-996.008,-135.664,1680,3500,-19460
-1.53431,-5.21913,1.23416,-0.119441,1.72709,1.75596,-0.494238,1.51289,-12.9629,3.11451,2.42848,-1.22957,2.14398,2.06235,4.53474,1.11508,-48.8,-994.544,-136.152,1820,140,-19600
-7.91572,-15.2763,-2.63441,-13.8705,-5.73299,1.61026,-4.25327,2.22187,-18.8417,-0.212897,3.03007,-9.39881,1.91847,0.0935128,-8.88473,1.32539,-45.384,-992.592,-134.688,2380,-3220,-19600
6.02846,-4.4426,0.567323,-6.7721,-3.00545,1.01882,-3.33115,3.32895,-2.35223,-1.56508,6.70118,-1.86698,3.22809,1.20515,-9.02722,1.70425,-39.04,-991.128,-135.664,2940,-6020,-19600
21.0568,11.0575,6.71201,5.12955,2.68636,-0.0265106,-0.73632,-1.96476,15.2536,5.68348,7.60606,9.56125,3.66219,1.95523,0.621218,-1.64461,-33.672,-991.616,-136.64,3500,-9520,-19460
18.2879,5.73288,3.85107,5.37139,1.38176,-0.201097,1.49133,-3.27275,9.023,0.506668,4.07887,6.68164,1.53561,0.673519,6.75538,-1.79446,-22.448,-990.64,-135.664,3920,-11760,-19460
12.8807,2.01993,4.08077,5.99233,3.77362,3.39219,8.27023,3.4195,3.80705,-0.455653,4.54232,5.10195,1.03748,3.24215,13.4181,3.79058,-19.032,-991.616,-131.76,4900,-13720,-19040
0.0772625,-2.87126,0.0665641,-0.166434,-0.717829,-0.0406914,4.06815,-0.836541,-0.300162,-3.5189,-1.57622,-2.20556,-4.72654,-0.750487,5.84194,0.346089,-8.296,-992.104,-131.272,6580,-14980,-18200
-26.6469,-1.76801,0.691757,-4.35138,-5.4003,-0.935636,-3.6411,-5.0403,0.21486,8.50127,7.58601,-15.335,-1.3227,-3.21064,-4.18437,-4.80213,-6.344,-989.176,-128.832,7420,-15260,-17640
-21.0487,-11.9196,-8.17319,-7.26965,-8.86362,-3.70634,-7.66205,-7.64673,-10.9284,-6.83906,20.3025,-15.002,2.76045,-7.0807,-9.14212,-8.9456,-4.88,-987.712,-129.32,8260,-14700,-16660
-4.0369,-14.5582,-12.5647,-3.0632,-4.92352,-4.27924,-4.38314,-7.1385,-20.8075,-22.0266,6.43357,-5.21985,-2.12656,-6.01736,-5.41618,-6.73866,-5.368,-986.248,-122.976,8680,-14140,-16100
3.54349,8.38504,-1.68057,10.7483,5.84733,-1.2996,6.56409,-0.992066,1.5534,0.442547,-22.7558,8.59587,-9.24426,-1.1668,7.28979,0.968901,-3.904,-982.832,-123.952,9240,-13720,-15540
2.88574,14.3355,-2.0976,11.495,7.49835,0.37039,9.39837,4.94946,9.78546,1.31797,-19.0763,10.6242,-7.11355,0.877673,9.58136,5.07511,-3.416,-982.344,-120.536,8820,-12740,-15400
-1.67878,2.85708,-6.11091,-1.65346,-4.69679,-3.54497,-4.52492,-0.739602,2.4194,-6.79384,-7.14552,-0.200141,-3.45656,-3.24811,-1.99726,-3.46899,-4.88,-982.832,-121.512,8400,-11900,-14980
-7.70555,8.66805,1.73407,2.65311,2.19942,1.28103,-1.1809,2.77321,6.78701,4.29951,-1.2358,0.478684,1.12368,1.78063,1.5389,2.16072,0.976,-982.344,-121.024,7700,-11480,-14560
-27.1591,-4.62367,-5.57797,-8.77094,-6.63741,-3.63495,-7.08925,-2.75228,-3.98083,3.55537,3.1264,-16.8779,-0.346992,-5.79933,-4.94054,-3.28013,2.928,-987.712,-117.12,7140,-10780,-14280
-4.50638,-18.0721,-8.13014,-10.0246,-5.57021,-0.603546,-3.76881,1.48616,-26.1623,-11.6434,16.6769,-8.88928,2.66152,-4.56379,-2.88847,-1.29774,1.464,-991.616,-114.192,6300,-8540,-13160
-0.856856,-15.5519,-2.96527,-9.97577,-6.19476,-3.22775,-5.21752,-1.57371,-24.8596,-0.360926,-8.27567,-5.68187,-7.24347,-4.69226,-6.10056,-3.65182,0.976,-989.664,-110.776,5740,-5460,-12040
5.00811,8.7813,8.59831,5.01017,6.07869,2.85437,6.69494,6.9249,9.03487,15.9939,-14.9554,8.4626,-3.4446,5.10023,4.08761,6.78987,-5.856,-990.64,-106.384,5320,-2940,-11340
8.67093,10.3347,8.60358,7.93686,9.08041,4.43441,10.7569,7.79086,10.6614,6.42699,12.4013,11.9017,6.36416,7.11373,7.84094,10.4994,-4.392,-989.176,-105.408,5040,-420,-11200
2.80567,2.55799,8.73864,1.82854,4.55398,4.13661,4.27104,3.29772,-2.76262,4.79589,12.6238,5.55522,7.07198,4.93226,1.88972,6.9101,-7.808,-987.224,-101.504,4200,1260,-10780
2.30747,2.78979,9.41431,1.63597,4.89152,5.85193,2.87858,4.1676,3.33193,6.73277,2.85715,4.74545,5.53417,5.92361,-0.469296,6.16814,-11.224,-985.272,-105.408,2940,3220,-10360
2.08871,4.50129,4.80674,2.96375,5.24108,7.20602,7.59312,7.63012,11.0124,0.806686,-4.22723,3.02093,5.49822,7.07024,3.37573,8.83601,-15.616,-982.344,-103.944,1820,5180,-9800
7.38224,4.19112,0.322099,3.25859,2.7745,2.9929,2.56233,2.05373,12.6373,-7.85246,-9.11307,2.97648,1.83189,5.21479,0.879686,3.19534,-18.544,-985.272,-102.968,420,6020,-9380
10.1867,6.61193,3.8674,6.122,4.78841,2.13898,0.213634,-0.574007,12.7449,6.29242,-1.41215,5.73833,3.19101,5.11351,2.36891,-1.0288,-19.52,-983.32,-102.48,-280,7000,-8680
2.62938,-6.73339,-2.75182,-9.24678,-7.74621,-4.39225,-11.1727,-7.53382,2.19532,1.60034,-1.67368,-3.20904,-1.84936,-3.69353,-11.3386,-8.78813,-24.888,-982.344,-104.432,-1120,7980,-8540
2.588,-10.1541,-2.51298,-12.7399,-10.0963,-2.40055,-8.14164,-4.20714,1.78877,1.62796,4.99745,-6.19393,0.0625364,-4.90625,-11.5013,-4.54296,-30.256,-980.392,-106.384,-2240,9100,-8960
2.31048,-7.12339,-2.91302,-8.9119,-6.73158,-2.79011,-7.54452,-2.94007,1.26317,-2.67763,-0.294286,-4.3587,-1.83055,-2.96818,-10.9776,-2.74725,-29.28,-980.88,-107.36,-3360,10080,-8820
3.17753,0.7866,-0.18978,5.80477,2.95763,-3.20927,-2.44315,-4.28729,-4.11764,-4.43425,-1.61414,2.71684,-0.765066,1.17209,3.84142,-3.64466,-28.304,-983.32,-107.848,-4900,10640,-9100
1.00684,-1.86963,-4.36302,7.01776,2.60055,-3.31397,3.58393,0.573386,-6.28009,-7.90135,-3.50638,-1.86871,-3.21963,-2.00483,11.8317,-0.829668,-31.232,-984.784,-110.288,-5880,10640,-9240
3.45533,4.72542,-3.64037,8.41265,1.44495,-3.29422,3.11686,-1.0762,6.54518,-1.95205,-3.13974,0.130762,-3.18288,-2.84983,10.7149,-3.4147,-30.744,-977.464,-108.824,-6440,9800,-9240
13.043,12.491,4.29635,9.56766,6.2556,4.01859,5.22422,0.818744,13.8978,5.22016,7.24268,10.5286,4.68231,4.26295,7.62359,-1.49054,-35.624,-982.344,-110.288,-6860,8400,-8680
4.84637,-0.0709145,0.650509,-4.93613,-3.0896,-0.325107,-2.98784,-2.96344,7.35666,2.50829,2.58055,0.689361,-0.201175,-2.12969,-7.05666,-4.65283,-37.088,-987.224,-114.192,-7140,6860,-8260
-0.848264,4.63634,1.77972,3.64749,3.28543,1.07045,2.28376,-0.580187,4.41545,-1.72929,-5.34784,4.18887,-2.58788,0.800261,-0.574023,0.631297,-36.112,-990.152,-111.752,-7280,5600,-7980
-8.62971,-0.320076,-2.23212,2.15044,1.33693,-0.388335,2.65039,0.0363691,-8.57566,-4.17017,-3.43407,-2.19137,-4.80026,-2.08979,1.9426,1.92038,-33.672,-996.496,-109.8,-6860,4200,-7700
-5.43902,4.04497,-0.237599,5.23979,2.76779,-1.6025,4.46192,0.562732,-5.96367,0.926053,-0.869042,0.729644,-4.47568,-1.40243,5.74533,2.48981,-32.696,-991.128,-113.216,-6860,3640,-7560
-7.25173,3.69094,0.833266,1.95926,-0.64729,-1.73607,1.78809,1.55426,1.32025,4.80529,4.17612,-3.13619,-1.05717,-3.04335,2.7188,1.33991,-37.088,-989.176,-112.24,-6860,3360,-6860
-29.204,-8.41421,-2.57826,-8.01525,-8.07355,-0.449064,-4.28381,1.14988,-10.9659,5.83738,9.63008,-19.4361,3.28495,-2.79783,-7.80591,0.177765,-35.624,-987.224,-116.144,-7840,2940,-6160
-20.933,-29.6838,-15.5298,-27.9482,-20.2107,-5.72671,-20.8357,-7.73926,-30.044,-25.7293,8.2702,-23.4468,-1.31482,-9.79257,-29.8717,-9.81247,-36.6,-984.296,-112.728,-8540,3220,-5740
-8.30232,-24.3058,-10.5291,-21.5639,-14.8154,-6.04097,-17.3056,-10.0544,-29.3932,-15.6593,-6.27469,-12.6483,-7.2544,-9.55957,-20.4203,-10.6063,-38.552,-981.856,-117.12,-8960,3500,-5180
-8.08022,-6.99357,-4.99484,-6.50285,-6.45145,-5.87213,-8.03182,-10.2352,-11.6032,-3.11811,-26.8553,-3.552,-10.7444,-6.94362,-4.35487,-8.90303,-34.16,-983.808,-117.608,-8960,3780,-4900
8.25993,9.19589,4.01802,6.25013,6.56427,3.52169,6.0703,1.66999,8.97342,2.59839,-4.31745,12.1933,4.07995,3.48495,6.75441,3.82103,-30.256,-985.272,-120.048,-9940,4900,-4480
8.29567,4.98764,4.73704,2.78327,3.83935,1.84957,6.23581,4.41523,9.12056,5.70611,-0.476646,7.20841,3.99592,3.07521,4.04367,5.96785,-28.304,-986.248,-120.048,-10080,6720,-3920
7.44351,7.90461,5.35389,6.15881,4.65578,2.31738,6.64756,5.4189,8.62176,12.7436,9.54658,6.97629,5.56242,3.70873,7.81685,5.0719,-29.768,-982.832,-124.928,-10080,8120,-3500
3.68476,15.546,6.08286,15.23,11.1765,3.965,10.0449,5.07352,6.71961,11.3961,13.4599,10.4161,7.2499,6.87544,15.1162,5.67555,-29.768,-991.128,-125.416,-10360,9940,-2800
14.5283,22.4001,6.28106,20.4411,16.2466,5.1307,14.8924,7.4888,17.485,8.3212,8.69817,15.207,6.38838,9.19476,21.1923,8.13378,-28.304,-992.104,-132.736,-10360,11340,-2520
12.445,11.972,5.70822,8.85326,8.75688,5.6397,10.2913,7.71457,13.2361,10.2698,3.50573,9.65017,6.0423,6.25443,10.5146,6.73183,-25.376,-990.64,-136.152,-10920,12600,-1960
1.89858,1.65407,3.60904,4.20303,6.61804,8.16228,10.5768,9.60818,0.734253,1.06295,-0.431172,2.05989,6.6062,8.16217,8.97358,9.66871,-29.768,-990.64,-138.104,-11340,13300,-1400
0.758468,-7.02576,-0.839322,-7.59774,-4.11603,2.43535,-1.9349,1.4249,-0.731321,-3.05159,1.15652,-4.12226,2.58928,2.6074,-7.0502,2.13881,-27.816,-992.104,-136.152,-11340,13860,-1120
-1.93872,-8.79753,-0.138584,-8.4626,-3.96277,0.758111,-3.67088,-0.231499,-6.54629,-3.3274,-0.735267,-4.22306,0.122617,0.891756,-6.01511,0.298968,-31.232,-993.08,-143.472,-11200,14980,-980
-4.63798,-0.514143,0.512413,5.41565,5.55148,0.682508,5.47351,1.10093,-11.1234,-8.20962,-7.6604,0.848197,-3.92673,4.78193,9.35386,3.60976,-34.16,-993.08,-140.544,-11340,15680,-980
11.0605,9.21074,6.6365,9.18337,7.68465,4.07597,5.30854,4.03546,6.71331,4.02729,-0.26035,8.75075,-0.121017,5.69556,7.36855,3.41462,-37.088,-991.616,-141.032,-11200,16380,-560
15.9073,13.4093,6.1459,8.42889,4.03121,-0.949043,-0.0448399,-1.02961,20.5522,7.87494,1.06611,8.88396,-2.69126,1.38946,3.50981,-1.62075,-36.112,-996.496,-140.544,-10920,16240,-420
9.77261,6.35026,1.65672,2.56744,-1.153,-3.53842,-5.27671,-2.21147,14.3441,1.78228,1.56046,3.71926,-2.64003,-1.87555,-2.69428,-4.52614,-31.72,-999.424,-144.936,-10500,15400,-280
1.97584,1.23353,-2.34063,1.96634,-0.603884,-2.7999,-1.46409,-1.75228,4.72944,-1.97374,1.77742,-0.35906,-2.09038,-4.9069,0.64019,-2.68447,-30.744,-1001.86,-141.032,-10920,14420,-420
-6.8341,-11.5134,-11.4407,-7.24352,-10.9751,-12.2137,-8.2399,-12.2859,-4.28862,-5.85626,-5.07647,-12.415,-8.30315,-19.7357,-6.82165,-11.6759,-30.744,-1001.86,-142.984,-10780,13300,-560
-4.65502,-15.4794,-8.11438,-12.0078,-14.3168,-9.25571,-11.8733,-8.4402,-5.36016,-3.80061,-0.197652,-13.0549,-3.51219,-14.2077,-12.9894,-10.7094,-31.72,-1001.86,-140.544,-10500,12320,-700
-10.9758,-21.7672,-5.79819,-19.6782,-16.6543,-4.61826,-15.514,-3.98922,-15.7161,-6.92849,-3.6585,-14.955,-1.90446,-6.0706,-20.6063,-7.01198,-34.16,-1003.82,-142.496,-10220,11200,-700
-8.83795,-13.3309,-3.32952,-15.3581,-8.88074,1.80613,-8.9729,2.16836,-8.78984,-3.31156,-3.80759,-8.40222,-0.0159284,0.51349,-17.6845,-0.335788,-34.16,-1006.26,-140.056,-10920,10080,-840
-3.26267,-0.768379,-0.639547,-5.73244,-1.55188,2.46318,-6.6837,-1.40268,2.29419,-0.98004,-1.16413,0.863979,0.483669,2.58388,-12.7975,-2.50453,-36.6,-1006.26,-140.056,-11340,8820,-1260
-9.45675,0.586194,-0.410266,0.022759,1.29714,-0.117397,-7.30208,-6.49468,-5.99481,-5.42005,-4.48142,-0.0331378,-1.48496,2.0196,-7.56629,-6.35014,-36.6,-1004.79,-137.616,-11620,7560,-1400
-2.56436,5.12826,0.736603,6.06569,5.46812,1.43701,1.06863,-1.49235,0.759875,-1.87591,-0.449594,2.78631,-0.0818517,3.71559,3.12792,-0.206576,-37.088,-1006.26,-135.664,-12040,6160,-1820
4.1201,9.37759,5.0782,11.9,10.3522,5.95896,10.9198,2.59506,6.0976,2.74638,4.11619,8.15239,3.42328,9.44883,15.0087,7.13901,-34.16,-1006.74,-138.104,-12460,4760,-1820
-2.7314,0.828322,2.97489,5.04801,6.81892,5.83625,12.1276,4.89919,-5.17135,0.0529015,0.628119,1.44095,0.758803,9.11709,14.1561,9.69143,-36.112,-1009.18,-134.2,-13020,3220,-1960
-12.6639,-16.0047,-0.0185122,-11.4409,-1.1369,8.54601,5.42534,8.88795,-22.1059,-3.08169,1.68698,-8.62796,3.20477,7.23741,-0.924879,9.575,-38.552,-1011.14,-141.032,-13160,1400,-2240
-20.8359,-21.2074,-5.64858,-19.9479,-9.196,-2.50731,-7.8355,-0.716625,-25.929,-12.5698,-7.31436,-14.4888,-4.2294,-3.07066,-16.1204,-1.74776,-39.528,-1008.7,-142.984,-13160,-280,-2380
-3.91686,0.829425,-7.00408,0.401161,-2.31699,-12.4923,-3.22263,-3.44497,0.0193506,-2.33923,-3.05555,-2.75098,-8.7356,-18.4508,-0.599942,-8.73411,-40.992,-1009.67,-139.568,-13300,-1960,-2520
7.57646,13.2006,-6.30086,12.6332,-4.51442,-14.1463,0.0222562,-6.14141,16.0647,5.55146,0.394299,2.41094,-7.31652,-21.3512,10.9425,-11.3965,-38.552,-1010.65,-142.984,-13020,-3500,-2660
14.3563,18.3879,5.74015,14.7862,1.23144,-0.691108,8.83914,5.03081,16.0218,13.1554,6.63483,10.6252,2.86099,2.99915,15.1015,4.24952,-41.48,-1009.18,-147.376,-12880,-5320,-2800
14.0295,12.1635,9.73176,5.37575,4.88749,7.21182,6.41797,4.27428,6.87838,12.8028,7.55749,11.5445,5.80547,11.2102,6.50166,6.54049,-40.504,-1011.14,-147.376,-12600,-6720,-2800
9.82543,7.5261,7.37381,-2.86905,5.219,10.9362,1.21113,1.17835,5.99604,6.5085,4.4972,8.19021,5.18503,10.1328,-1.93454,4.03883,-41.968,-1011.14,-145.912,-12460,-7980,-3080
5.69305,9.69205,7.43724,5.20095,9.98433,15.1261,5.80378,7.80135,8.34751,3.77355,1.42546,7.8342,5.30009,12.8042,2.76597,9.0118,-42.456,-1009.67,-151.768,-11760,-10080,-2800
0.554069,8.57996,5.51709,13.4696,13.8774,14.4888,11.4899,10.6746,5.19907,-1.12714,-2.96461,6.97855,5.67245,15.8191,10.9137,13.4989,-41.968,-1008.21,-144.936,-11900,-11620,-2940
-4.96916,-3.36497,1.51378,4.58316,7.68123,9.68501,5.15798,6.37775,-4.91299,-6.96119,-5.33071,0.743147,4.20626,12.8135,5.2166,9.25095,-38.552,-1006.26,-146.888,-11480,-14140,-2660
-1.42861,-10.4925,0.0432645,-7.03739,-1.13422,3.14375,-1.4348,-4.02093,-3.97644,-1.4522,-0.171156,-4.64462,4.92812,2.94371,-3.73342,0.341696,-37.088,-1011.14,-141.032,-11340,-16100,-2100
-4.38621,-7.43104,-10.1095,-2.13805,0.548338,-29.0123,-1.82453,-25.9926,-3.63722,-6.39625,-3.83118,-5.31473,-12.5341,-24.5597,-1.21975,-16.2387,-41.48,-1008.21,-145.424,-11340,-17080,-2100
11.0805,17.308,-6.57613,27.6084,12.3124,-34.619,11.0566,-11.9629,13.2897,3.63257,7.06382,10.7296,-11.1079,-32.1632,23.4502,-13.0771,-38.064,-1006.74,-138.104,-11200,-18060,-1820
25.5258,29.4284,2.75612,30.2548,-1.23966,-11.6783,5.32779,5.2363,33.7072,15.2182,15.6009,14.0569,6.07227,-10.2535,23.4547,-2.67438,-38.064,-1010.16,-135.664,-10780,-18340,-1820
26.6617,19.678,10.7791,6.23607,-10.3968,8.65474,-3.58159,9.29779,29.177,19.3942,18.8231,11.065,15.9548,9.10293,3.47458,4.52888,-37.088,-1009.67,-132.736,-10920,-18060,-1540
-2.88424,-16.5456,1.51157,-28.7215,-14.5763,12.4654,-8.61995,9.33443,-13.0994,1.50063,3.73043,-10.1716,9.14103,9.03449,-20.7543,6.28855,-32.208,-1013.58,-134.688,-10640,-17500,-1540
-27.7391,-36.5241,-7.19065,-39.2166,-16.9957,4.15783,-19.1958,-4.41687,-40.9484,-15.6601,-12.4487,-24.0609,0.239066,1.48929,-35.8848,-6.04531,-30.256,-1012.11,-131.76,-10920,-16520,-1680
-22.0791,-21.806,-5.62906,-18.1105,-7.5916,5.24221,-10.8663,-2.5666,-29.0789,-17.0602,-17.7011,-15.2713,-1.22523,3.91794,-20.8157,-4.62997,-30.744,-1010.16,-130.296,-10920,-15400,-1680
-13.7828,-12.0393,-7.20299,-8.71993,-4.64073,-0.390196,-7.61169,-1.65367,-11.3539,-17.63,-21.6333,-9.10075,-7.69321,0.367218,-11.4275,-4.53973,-31.232,-1003.33,-133.224,-10640,-14420,-1680
-5.4256,-4.23269,-4.08252,-3.45929,-0.195147,-0.565896,-4.17888,1.19375,-0.109262,-6.56738,-9.97311,-1.92771,-6.18145,0.832447,-4.73472,-1.09528,-34.16,-1001.86,-135.664,-10080,-14140,-1540
-5.76155,-11.4595,-2.20027,-8.58324,-4.74218,-0.123966,-7.26591,-2.42855,-5.44211,-1.19108,0.385237,-5.77605,-2.20299,-3.3295,-9.07658,-3.05763,-34.648,-998.936,-137.128,-9660,-14000,-1540
-8.94087,-9.48057,-1.68508,-4.52151,-2.61044,-0.406292,-3.15948,-2.98615,-6.80649,-0.514339,2.95223,-5.95351,-2.34665,-2.80375,-2.3222,-0.735105,-35.136,-999.424,-135.664,-9520,-14280,-1540
0.130047,9.93265,2.48423,12.6147,11.0301,1.86917,10.6212,5.08681,8.96407,3.96634,4.92119,7.41697,-1.97716,4.45808,13.9512,10.2733,-37.576,-997.96,-134.2,-8960,-14560,-1400
12.82,22.3314,7.40096,20.6454,15.762,4.30139,14.7712,6.60833,21.6156,10.9744,8.44189,16.3363,0.796594,8.80738,19.8231,10.1908,-38.064,-997.96,-138.104,-8960,-14420,-1260
8.14012,11.3119,2.39609,9.03836,5.14318,0.827385,4.56842,0.29633,11.3583,7.86197,5.73149,6.96214,-0.415715,1.86691,8.08296,0.537066,-42.944,-994.544,-138.592,-8680,-14140,-1120
1.16122,-7.20805,-0.81521,-8.3089,-5.20262,3.60332,-2.63971,2.02395,-2.79599,4.5246,9.23316,-4.86482,2.60121,-2.77047,-6.45771,-2.72353,-43.92,-995.032,-140.056,-7980,-14000,-840
-6.00482,-15.6158,-4.08256,-14.485,-11.2703,-0.632923,-7.55856,-5.04716,-10.6913,-3.64239,1.5132,-12.2861,-2.85218,-4.25974,-8.34645,-7.80383,-44.408,-987.224,-142.984,-7840,-14140,-560
4.03707,-0.238013,2.03828,-1.87315,0.361105,0.360131,-2.62876,-6.63742,-0.00548675,1.34853,2.11383,1.15717,-0.203906,-0.173823,-0.384023,-6.99639,-48.312,-985.272,-139.568,-7560,-13860,-560
1.82063,5.87269,-1.54553,1.43426,1.53497,-3.41004,-1.23856,-6.74857,3.70451,-4.36993,-7.4637,2.12193,-6.74658,-2.55912,0.636367,-4.69784,-47.824,-980.392,-138.592,-7700,-13580,-420
-1.75399,5.11969,-0.913361,3.98599,2.79519,0.94821,0.848639,-1.3191,-3.68315,-2.28779,-5.50495,3.01709,-3.23007,1.87159,3.41675,0.650286,-53.68,-980.392,-142.008,-7840,-13300,-280
-15.4741,-13.5233,-2.63857,-10.8889,-3.99574,2.43856,-4.18764,1.16456,-27.3227,-7.84787,-6.98982,-7.20101,-2.31855,1.89361,-10.2623,2.07413,-53.192,-980.392,-137.616,-8260,-12460,-420
-13.1683,-10.4614,-3.45589,-6.97764,-2.55131,-2.63997,-6.02945,-4.67858,-21.4042,-10.4331,-10.924,-6.55709,-5.11431,-7.97123,-9.55159,-3.08584,-52.704,-978.928,-138.592,-8400,-12040,-420
7.92568,16.5677,-1.64703,21.4302,8.74817,-16.4733,7.26505,-8.87157,10.7118,-0.807753,-9.89792,9.58467,-13.4483,-17.536,14.8363,-6.51639,-55.632,-977.464,-143.472,-8680,-11060,-560
26.0707,34.2478,9.5567,35.348,16.8714,-12.7889,21.3982,6.01735,32.8608,11.9848,0.7395,23.7438,-5.56951,2.05494,33.5919,7.41391,-53.192,-974.048,-143.472,-8540,-10640,-840
28.4895,33.011,12.4992,24.1971,12.1494,10.5033,18.216,18.1102,36.7217,12.6751,11.457,22.4251,12.2306,22.9386,26.5852,17.8856,-54.656,-972.584,-144.936,-7700,-10220,-1260
17.2296,17.3632,12.8236,2.1052,7.37413,25.389,9.10036,19.5429,27.0837,9.39283,15.8168,11.5996,22.3247,25.3155,5.3372,19.178,-53.192,-971.608,-139.08,-7420,-10080,-1260
-7.59432,-13.3617,1.4988,-18.7274,-2.7141,17.4959,-5.77831,8.21631,-1.19561,-3.5087,4.41687,-11.4434,12.4306,11.6104,-17.1402,5.94451,-57.584,-965.264,-141.032,-7280,-9940,-1260
-12.531,-20.7091,0.707436,-12.5179,-0.50184,11.9191,-5.77021,0.1809,-14.9362,-3.92619,1.82709,-11.9232,7.74467,4.17313,-16.3566,-0.403271,-56.12,-965.264,-141.52,-7560,-9940,-1400
-16.2917,-26.6709,-7.02356,-12.651,-6.89584,-0.901981,-5.89296,-6.22181,-26.2913,-7.01656,-1.55826,-16.2756,0.26937,-7.81441,-11.8928,-6.45539,-56.12,-964.288,-144.448,-7700,-10080,-1260
-17.8498,-24.173,-16.5002,-12.5083,-11.4141,-22.5202,-8.40106,-12.1348,-28.7996,-10.5882,-5.22386,-16.9575,-11.6948,-27.6554,-12.2904,-16.237,-52.704,-962.824,-141.032,-7980,-10220,-1400
-8.36423,-7.09912,-13.9156,1.80156,-8.49898,-31.3363,-6.26924,-12.0858,-14.8701,-0.758134,2.00932,-7.04063,-12.827,-31.7044,-1.81167,-16.1976,-54.656,-961.36,-139.08,-8400,-9940,-1680
16.4972,22.4823,-1.05178,20.618,-2.32496,-18.0292,3.4902,-1.79239,26.5234,13.8925,12.3716,11.2227,-1.56688,-6.36992,16.4473,-0.532738,-51.728,-962.336,-143.472,-8820,-9520,-1540
32.388,33.1983,16.1226,18.3259,3.91829,12.0136,7.51254,6.82625,45.4886,24.4335,18.2731,23.5757,17.5974,15.9694,15.9493,9.9074,-48.8,-966.728,-141.52,-9520,-9380,-1960
9.35124,6.37285,5.53678,-5.50082,-3.79602,6.2655,-3.54779,-4.17197,13.3614,8.46398,1.58105,4.92647,6.97716,1.55848,-4.68165,-2.07587,-47.824,-964.776,-146.888,-9800,-8820,-1820
-13.8871,-15.2879,-0.0568637,-14.2307,-6.49765,6.92085,-4.61212,-4.23443,-19.1637,-5.67971,-9.05942,-7.94436,1.54858,6.09021,-11.9122,-1.62518,-51.24,-965.752,-147.376,-10080,-8120,-2100
-29.5045,-33.8058,-1.24261,-23.724,-11.6255,13.219,-8.6844,-0.333192,-43.7749,-12.9242,-11.0132,-18.4708,2.35361,13.4858,-17.5023,1.71441,-48.8,-964.776,-147.864,-10080,-7840,-2240
-9.6829,-10.5562,4.32471,-12.0679,0.98278,11.0206,-2.95634,2.95846,-12.9958,-6.16336,-9.34115,-3.29497,-0.535565,16.3451,-10.8973,5.73699,-47.336,-968.192,-152.256,-10640,-7280,-2240
0.454405,0.411296,2.96896,0.537569,10.843,10.6368,2.07678,3.56154,-2.85313,-2.63059,-5.50127,4.03729,-0.419568,11.3481,-0.594571,5.26482,-44.408,-972.096,-147.376,-10780,-6720,-2520
-24.6839,-31.3761,-11.4333,-22.9125,-7.24838,4.6978,-10.5856,-0.631564,-33.1119,-16.9132,-9.33089,-19.7709,-1.0407,-3.43463,-18.9222,-5.4446,-46.36,-973.56,-150.792,-10920,-6300,-2380
-38.8173,-41.851,-23.1304,-36.1153,-24.3617,-9.08703,-24.7005,-9.29876,-37.6488,-30.8298,-19.5702,-34.5884,-12.8524,-23.2669,-35.4216,-15.6979,-45.384,-973.072,-148.84,-10780,-5600,-2520
-5.95598,3.746,-16.1964,6.20561,-2.91998,-39.0889,-10.9273,-16.9198,4.56894,-10.8402,-10.6786,-4.53842,-27.8009,-39.7418,-0.183972,-19.8731,-43.92,-972.584,-150.304,-10640,-5180,-2240
29.7286,44.9978,2.33306,50.4921,20.3384,-37.77,21.2335,-7.59324,39.3313,16.1697,3.32107,28.3216,-22.4694,-27.8891,46.9089,-6.49349,-43.432,-974.536,-154.208,-10920,-4900,-1960
45.5112,53.7295,17.7233,49.3885,19.4263,-2.7345,29.7817,13.3331,52.6986,31.2629,24.7811,40.2481,8.88568,5.6522,51.1126,13.1716,-46.848,-975.024,-149.816,-10780,-4200,-1820
29.5225,25.5568,11.6408,6.84748,-2.60916,12.6495,9.8452,15.0705,36.6401,18.4313,22.1498,17.6201,15.6737,17.2054,18.3378,13.1796,-45.384,-974.536,-152.744,-11060,-3080,-1540
15.1619,11.8729,11.4005,-11.7996,-1.63863,21.8675,-0.0602773,9.97511,21.5087,13.928,16.9298,5.06043,18.3559,17.7411,-4.09475,9.83876,-47.336,-970.632,-153.232,-11060,-2100,-1260
-4.99501,-5.56631,-1.17492,-18.3699,-3.73997,7.52043,-7.68245,-1.83763,5.20443,-2.44836,-1.92014,-11.6977,5.09829,-0.782289,-20.6386,-2.96898,-45.872,-970.632,-152.744,-11340,-700,-980
-19.7228,-19.822,-4.8155,-13.6672,-3.50157,5.28755,-4.9637,3.63441,-20.4488,-17.2582,-14.3919,-17.8388,-1.41408,6.01878,-20.7539,2.23694,-43.92,-966.728,-152.744,-11620,420,-420
-4.91226,-0.0529548,4.88621,9.11658,11.0021,8.61441,6.15424,6.73279,-15.4699,-6.27046,-6.26405,1.81877,0.754204,17.705,2.39276,9.32538,-44.896,-964.776,-159.088,-12180,1680,-140
11.4558,22.0653,4.71515,27.0404,22.595,-2.46792,15.2331,-2.78147,8.51481,0.365606,-6.73592,18.1724,-6.80739,0.779749,22.9018,2.94056,-47.824,-969.656,-159.576,-12320,2380,420
17.6409,24.5903,7.29273,24.538,16.5176,6.27885,11.8423,1.65018,18.25,4.84661,-2.38799,20.3871,2.61594,8.21665,18.199,6.11454,-47.336,-973.56,-165.432,-12180,3780,840
9.73759,3.41752,6.27246,3.05941,-1.65503,18.5151,-0.530813,5.51116,1.71,4.69038,3.53244,3.8856,12.7128,18.9769,4.76211,7.9892,-46.36,-979.416,-168.848,-11200,5320,1260
-6.34176,-18.5238,-2.41662,-22.9013,-10.1455,14.6887,-12.1827,-1.44673,-17.4633,-6.23225,-4.93562,-11.8353,3.72024,10.1758,-13.5572,-0.599373,-52.216,-981.856,-165.92,-9800,6300,1540
-7.64749,-22.7321,0.720316,-23.8052,-2.6002,21.3848,-6.72308,5.34149,-15.8357,-2.55004,-0.151462,-11.0976,5.93119,12.1743,-14.4288,3.69645,-50.264,-984.296,-165.92,-8680,6720,1680
-14.2347,-27.3291,-4.10166,-18.6473,-5.8467,8.42556,-11.5089,-5.95347,-20.9455,-6.13786,-2.16245,-14.6369,-0.210187,4.13062,-16.4522,-5.9088,-55.144,-985.76,-169.336,-7700,6720,1820
-17.107,-23.8996,-7.32028,-13.3934,-6.82748,-5.02327,-8.84762,-12.8085,-23.7933,-6.28924,-2.17292,-13.6259,-4.85778,-5.34666,-13.2773,-11.1759,-56.608,-987.224,-163.968,-6720,6160,1960
0.233645,-4.10355,5.69645,0.61472,3.52639,-1.13449,3.03911,-1.81681,0.614513,6.21541,-0.609186,3.41657,-2.58514,5.44531,-3.33488,1.40262,-57.584,-990.152,-163.968,-6020,5740,2100
-14.3382,-20.6106,6.99951,-10.2792,-2.88751,5.91906,-3.159,4.78171,-26.8452,2.58118,-1.03936,-5.24822,1.08587,7.45487,-11.73,2.56824,-61,-991.128,-161.04,-6020,5180,1960
-46.7094,-38.4957,-28.1376,-17.3225,-14.5087,-34.8048,-13.676,-10.9612,-62.4098,-22.4971,-7.44655,-28.1461,-23.561,-40.5615,-16.1053,-18.5817,-61.976,-994.056,-155.672,-6300,5180,1680
-25.1058,0.733074,-37.9939,18.7092,-2.36027,-68.0539,3.93448,-13.2579,-15.6304,-21.1209,-5.97505,-11.9114,-39.7548,-63.1093,10.5914,-14.7547,-60.024,-992.104,-159.088,-6160,5180,1540
25.4741,35.6933,11.1716,37.1806,3.83928,-1.21531,23.0611,19.1207,41.9638,22.7685,29.8601,16.1631,17.6635,1.16765,31.6031,19.3584,-59.536,-994.544,-161.04,-6440,4900,1400
34.1662,41.3135,19.157,29.8618,6.32447,-3.45286,18.8805,-2.06496,55.3163,24.528,26.9387,21.6282,18.9239,2.81308,31.8198,8.19163,-64.416,-996.984,-158.6,-6160,4340,1820
16.8026,21.3256,2.82112,11.3297,7.76876,-32.33,10.758,-19.2924,33.0078,8.16132,-2.91558,13.7279,-10.1965,-20.7942,19.468,-11.1509,-62.952,-994.544,-164.944,-5880,3500,1960
16.1153,13.1601,5.26763,6.75836,-5.10499,-4.65781,-0.200043,5.90322,17.3295,9.52093,-12.1213,13.6632,-9.33093,-8.08245,7.3224,-4.70433,-62.952,-994.056,-165.92,-5320,1680,2520
12.8611,10.0332,-11.4958,-7.04896,-25.1614,-5.76879,-24.7013,-0.410023,16.1441,-6.19186,-7.49797,4.23589,-4.89088,-18.2887,-14.3535,-15.0907,-66.368,-994.544,-168.848,-4900,700,2660
-0.382524,2.93784,-13.1913,-24.0606,-24.4448,4.0349,-24.0502,-1.41417,13.5734,-12.4415,2.63306,-8.45289,11.1466,-2.5669,-28.9181,-8.19218,-61.976,-996.008,-173.728,-4480,-140,2940
-7.55065,-3.52381,7.54462,-21.3333,-6.30238,29.7028,-3.99601,12.8804,4.27768,1.92514,17.1655,-12.3947,30.1861,30.1987,-20.5559,10.9382,-63.44,-996.984,-176.656,-3780,-560,3360
-16.4497,-28.863,13.7425,-28.0679,-0.656728,32.0658,-2.97274,4.57674,-22.7693,4.25229,8.23645,-19.9613,23.5306,27.2906,-18.3288,4.6793,-62.464,-996.496,-177.632,-2940,-1400,3360
-0.708709,-15.3483,16.233,-2.05082,20.4402,17.0478,8.62329,0.85246,-18.0529,11.2256,-4.64394,3.67281,3.39103,14.4955,1.8859,3.04249,-61,-999.424,-170.312,-2380,-1260,3500
21.3161,12.2738,18.1992,17.439,24.2276,16.9396,12.2175,7.62835,10.2257,14.4776,-13.7212,25.2672,-2.92389,24.6552,7.55958,9.4744,-62.464,-1003.33,-168.36,-2100,-1120,3360
18.6812,14.9028,8.50711,7.90599,12.9157,25.8742,5.26245,11.5748,15.3182,1.86137,-4.89735,21.3708,9.75516,27.9873,-0.955106,12.7516,-59.048,-1003.82,-156.648,-840,-420,3360
-2.34039,2.77208,-4.3308,-3.9126,4.3256,15.6626,-2.9269,-2.69127,3.52067,-16.3399,-1.68301,-1.40129,8.87365,16.1569,-3.56436,2.26853,-59.048,-1003.33,-157.624,-140,420,3500
-18.884,-1.80985,-5.68862,0.786869,4.23147,4.41138,-1.78893,-15.4826,-8.29502,-17.296,-5.95487,-12.9472,4.1213,5.58072,1.62099,-7.24017,-58.072,-997.472,-161.04,0,1400,3220
-20.4774,-20.1322,4.01148,0.05974,4.52322,1.04208,0.253005,-6.84248,-34.794,-4.09725,-16.8033,-11.3187,-13.8997,-1.94421,4.33388,-5.43358,-57.584,-995.032,-156.648,140,2800,2940
11.743,-1.95112,17.2449,14.1127,14.8376,-2.90434,8.39045,7.91316,-16.0659,12.7874,-25.1931,20.6098,-36.8846,-0.0874659,16.1266,8.4209,-59.048,-991.128,-158.6,-280,4200,2660
17.8846,15.8375,-9.10382,10.7674,5.42793,3.81352,4.03269,13.8971,12.0008,-8.28739,-15.1597,25.3513,-14.4795,13.6328,12.4042,14.5843,-60.512,-988.688,-158.6,-980,5460,2380
-25.6949,-2.30747,-36.4684,-16.4433,-15.2519,4.56942,-11.097,-1.43763,-10.9742,-35.4834,-5.55473,-22.7694,7.6603,-3.98441,-12.4315,0.359545,-56.608,-988.688,-158.6,-1960,6160,2240
-48.3362,-25.1655,-39.3371,-23.9438,-22.3461,-39.6046,-21.4543,-26.9318,-26.5515,-32.1134,-7.00767,-55.1027,-16.732,-52.5243,-26.1125,-25.0499,-55.632,-991.128,-155.184,-2800,6160,2100
-22.32,-36.1762,-8.13589,-8.53284,-14.8882,-30.1341,-5.28639,-8.13729,-25.1103,-0.20907,14.8026,-34.5758,-1.57231,-29.249,-5.31449,-10.0217,-59.536,-991.128,-163.968,-3360,5040,2380
-1.93181,-31.918,6.25987,-13.7388,-18.8284,-9.92809,-4.51716,-5.98248,-18.7985,12.6268,22.3523,-12.4871,11.3119,-12.9837,-4.71433,-6.28894,-63.44,-992.592,-162.992,-3780,3920,2800
8.59102,-9.5002,19.8563,-9.63523,-3.53851,0.237132,2.98522,2.83808,-10.015,20.0268,17.5101,8.99439,6.45316,4.82127,-5.37894,4.11872,-61.488,-988.2,-167.384,-3780,1820,2800
20.0994,13.5664,24.3525,-0.349449,6.7891,11.5737,1.60344,14.3069,10.8667,20.0418,10.9867,23.0447,7.54515,26.3539,-4.55222,10.7748,-58.072,-986.736,-173.24,-4760,420,2800
5.91161,10.8498,-12.6643,-5.11892,-3.68411,-7.41509,-10.7044,-5.21344,16.5257,-11.8499,-7.5915,6.23965,-3.52028,-5.01157,-10.0162,-8.19238,-53.68,-989.664,-177.632,-6020,-1820,2520
-0.747481,14.4556,-30.9227,10.0116,-0.653793,-48.9459,-3.31446,-32.6545,14.0201,-11.3317,-10.7865,-3.59536,-32.9219,-68.5265,0.910742,-28.7026,-49.288,-992.592,-172.264,-6860,-4200,2240
55.4816,76.3332,12.9181,89.0699,34.3717,-47.6182,48.39,6.68567,68.8249,45.5864,12.293,49.9446,-47.263,-49.7795,77.0095,5.12901,-47.824,-998.448,-169.336,-6720,-5320,2100
81.8318,91.3873,32.1798,97.2843,30.9252,-0.296992,61.8221,50.3889,89.483,61.4178,43.7443,74.4808,9.08094,25.4313,101.298,46.6124,-43.92,-999.912,-173.24,-6720,-7280,1820
48.9505,51.5312,18.3774,13.4603,5.38673,35.9526,19.2705,34.4691,66.228,27.5834,39.3627,34.5517,47.113,51.8782,29.4971,35.3788,-41.48,-998.448,-169.824,-6160,-8120,1680
-11.9391,-7.21838,4.09162,-43.8399,-7.55354,40.8907,-13.1923,6.75429,9.78167,-10.9719,8.59959,-22.0362,33.3812,35.4998,-32.0769,5.62552,-40.504,-995.52,-173.24,-5600,-9380,1820
-52.7968,-60.3259,-7.9696,-49.1982,-12.1319,29.5053,-26.1252,-11.0492,-51.7832,-34.0372,-18.4577,-48.2993,16.6271,12.8926,-44.8766,-14.3947,-39.528,-990.64,-164.944,-5040,-9940,1960
-55.393,-67.1434,-7.81981,-35.5485,-12.5181,19.1014,-21.5447,-12.0992,-73.9222,-35.6842,-31.8687,-40.4198,7.30436,7.15396,-32.0286,-12.312,-39.04,-988.688,-163.48,-4900,-10360,2520
-36.2225,-46.5929,-5.68605,-34.3624,-15.9771,9.38362,-24.4455,-12.3038,-54.1782,-23.932,-26.0437,-25.8745,2.66698,4.23265,-38.4231,-12.8443,-37.576,-985.76,-162.992,-5180,-10920,3220
-5.86636,0.316062,10.1831,0.264198,8.52459,11.9105,-6.41362,-3.9899,-18.2493,-1.95811,-7.79573,6.28746,5.54383,15.1634,-14.1287,-2.49271,-37.088,-988.688,-163.968,-5460,-10920,3920
-6.34047,-3.76797,6.5544,-0.181515,5.50229,11.7972,-3.77399,-1.92355,-18.9999,-2.03746,-4.41061,2.13789,2.88547,14.6082,-10.943,-0.355458,-37.088,-987.224,-165.432,-6020,-10640,4760
-5.07267,-9.38319,3.33631,-8.44001,4.22286,6.54028,-4.49498,-3.09143,-13.5331,-0.0675743,-1.61523,0.682967,-1.03315,7.92158,-14.5491,-1.87035,-43.432,-988.2,-163.48,-6440,-9240,5740
-12.0616,-11.8845,-7.76406,-9.16417,-3.00036,-5.07348,-7.54757,-8.41066,-16.0348,-8.2142,-9.40094,-6.71796,-11.3626,-6.3606,-9.13846,-8.53789,-44.408,-992.104,-165.432,-6580,-7700,6300
-4.65037,-11.2703,-10.4111,-1.79714,-3.8912,-10.4862,-2.02704,-4.47298,-5.65356,-3.27557,-7.55413,-6.08607,-10.9162,-14.2382,2.27952,-5.7901,-46.848,-993.568,-163.48,-6580,-5460,7140
3.85712,-0.715003,-11.5798,2.31425,-6.87925,-26.144,-3.9972,-9.47708,11.2092,-2.83838,-10.5038,-1.80196,-16.1207,-23.9377,2.12085,-11.2023,-50.752,-995.52,-162.016,-6160,-4060,7700
16.6591,12.5776,-2.70469,9.16226,-0.770443,-29.2725,3.36503,-7.18826,22.7771,6.20033,-4.32811,9.15719,-18.6509,-18.1895,7.41442,-5.42464,-50.264,-994.544,-164.456,-5600,-2800,8120
17.6909,20.9774,-10.7027,18.5239,4.10201,-40.3246,9.45518,-14.9489,23.962,5.75426,3.65655,12.527,-17.1624,-29.9788,17.6573,-9.40815,-54.656,-993.08,-166.896,-4900,-1820,8820
17.9779,33.9989,0.305075,32.2409,4.8138,-1.04994,17.7721,9.59261,26.3993,8.95163,14.6528,16.07,7.26301,-4.15859,33.1054,6.38189,-52.704,-993.568,-166.896,-4340,-1540,9100
6.50924,25.6744,12.8545,15.584,-2.74679,26.0098,3.53943,17.1289,12.2188,9.60954,15.8033,6.88916,21.1437,22.5515,13.7594,15.3198,-54.656,-993.08,-172.264,-3640,-1120,9660
-11.8475,-7.33979,4.20256,-25.0295,-5.32177,18.4785,-14.21,3.57844,-13.3049,-4.32811,1.81075,-9.54895,9.88099,13.2405,-24.4885,3.8904,-57.096,-996.008,-167.384,-2660,-840,10220
-26.3284,-50.644,-13.2483,-48.9286,-18.7865,-0.150815,-19.4903,-6.50362,-36.9048,-17.3779,-11.0644,-31.8615,-9.20486,-9.2548,-37.0083,-7.15926,-57.096,-994.544,-174.216,-1820,-1400,10500
-6.67882,-26.0574,-4.36125,-17.7905,-5.66053,-1.37628,-4.00441,-0.00023955,-9.39116,-3.67255,-2.58871,-11.7795,-6.72474,-6.62963,-11.4073,-1.46625,-55.632,-997.472,-167.872,-980,-1820,10780
9.01106,7.35835,3.11646,6.11885,4.29643,1.24658,4.2936,3.69651,19.3465,5.56783,2.46821,7.51224,-1.63849,3.38977,4.58254,4.35914,-58.56,-992.104,-169.824,140,-2520,11060
5.95962,8.53984,0.388364,4.78223,2.72782,0.636562,4.4287,4.27125,13.7418,4.12193,2.45495,6.19532,-0.677338,3.7422,3.30521,5.3011,-56.608,-990.64,-165.92,840,-2660,11200
5.8553,4.28361,3.8152,4.10064,4.02984,6.57272,4.85947,5.25297,10.1428,5.24642,5.46204,4.89331,4.00063,4.81536,2.05561,5.05858,-59.048,-991.616,-169.336,1120,-2380,11060
-1.39647,6.83234,4.91409,9.80393,4.96554,2.27675,1.23272,-0.85631,-0.366314,3.59055,3.73331,3.69643,3.59654,2.2834,2.1001,-0.182672,-59.536,-989.664,-164.944,1540,-2380,10920
1.04549,16.7322,10.2304,19.7995,13.3576,7.61956,10.3552,6.50482,-3.43649,5.40197,4.0077,11.4382,8.1198,10.9617,12.502,7.54027,-58.56,-985.76,-163.48,1400,-2380,10780
-1.94316,-3.39794,2.91041,-0.208671,0.569054,2.54619,1.30732,1.77898,-8.98485,1.05313,0.540082,0.633666,4.19792,3.83327,1.46051,1.34619,-62.464,-988.2,-162.016,1820,-2660,10640
7.96012,7.70796,4.96373,1.0152,3.62821,1.40924,2.86381,-0.216514,10.2438,6.21875,3.73232,8.21601,3.89239,2.70209,3.72035,-0.618023,-65.392,-989.176,-163.968,2100,-3500,10220
1.52089,8.86655,1.7891,12.4278,6.99843,-0.872629,10.1067,1.69719,1.48429,1.76415,0.35522,5.29849,-0.491672,0.740234,15.9837,2.78036,-64.416,-988.688,-163.968,2520,-4620,10080
-8.83334,-0.8346,-1.02867,13.6748,3.66966,-2.28288,9.2317,0.476002,-21.9212,-4.42607,-4.1376,-1.4481,-3.74843,1.20778,17.7066,3.08969,-62.464,-988.688,-161.04,3080,-5880,9520
6.25665,4.49915,1.99537,11.9545,6.00331,0.303641,11.9037,3.53811,1.95198,2.34512,2.61567,3.43656,0.742295,4.4438,20.0843,7.47735,-61.976,-985.272,-160.064,3500,-6440,9240
11.9202,10.0986,0.509034,5.6676,2.71081,-0.288025,4.86755,1.0705,21.3945,1.70738,2.79305,3.80269,-0.305845,0.0769782,12.3808,2.62562,-62.952,-988.688,-159.576,4200,-7420,8400
-2.27105,-7.94413,-9.02854,-11.2379,-8.75435,-6.75755,-7.6741,-5.3534,-2.37337,-7.72685,-3.55497,-9.77983,-6.48885,-10.025,-5.91582,-5.62898,-61.976,-984.296,-156.648,4480,-8260,7840
1.11834,-10.2725,-3.88868,-10.8202,-3.88226,-0.383869,-4.78447,1.14025,-2.14512,-1.73618,2.59374,-6.24535,0.0866925,-3.54063,-6.96415,-0.805153,-61,-983.808,-158.6,5040,-9100,7420
2.47109,0.0728039,-1.89902,-7.05098,-4.71641,-1.77092,-9.14372,-4.15067,7.54267,-4.86563,-3.78188,-1.58279,-0.842212,-1.46607,-10.7856,-5.1186,-61.488,-985.272,-160.552,5460,-10080,7140
-0.961645,1.55363,0.194395,-1.20562,0.0243346,0.158197,-6.20524,-2.40338,-3.2888,-3.66987,-2.33612,0.72495,1.05789,-0.0461272,-8.48043,-3.66806,-55.632,-984.296,-158.112,6020,-11200,6720
0.507381,3.70741,-4.56039,-2.71104,-4.84123,-7.11491,-11.1909,-9.33743,5.58106,-4.02279,-6.9447,-1.71587,-4.94616,-7.78602,-14.2881,-11.5598,-56.12,-983.808,-160.552,6580,-12180,6720
2.3963,11.0907,1.48763,7.3158,2.72414,-0.104953,-1.80063,2.17939,2.46617,2.19168,-3.63872,4.70978,-0.0835049,-0.23984,-6.35573,-2.52053,-51.24,-986.248,-160.064,7000,-13020,6580
-3.43196,-5.01569,-2.30973,-4.60692,-4.58822,-1.6526,-4.94192,0.83416,-8.14613,-0.674091,-0.568079,-4.57769,-0.896412,-3.18951,-11.0801,-2.59173,-48.8,-986.736,-163.968,7700,-13300,6440
0.584465,-8.75803,-2.01554,-11.473,-7.27157,-1.22034,-7.04438,-2.89979,3.10104,2.92139,3.16143,-4.83552,0.559666,-4.16802,-12.796,-5.40572,-46.848,-988.688,-161.04,8400,-13580,6720
1.93225,-5.85662,3.02629,-3.84741,0.708806,3.93961,3.78155,1.5288,6.03316,6.20076,5.95606,-0.170014,3.53739,2.49324,1.29371,2.0832,-44.408,-990.64,-159.088,8960,-13020,6860
-0.382078,-11.8727,1.65952,-8.61885,-1.75127,1.06077,3.40575,0.683373,3.56444,2.73284,2.07647,-2.9967,1.53332,2.10379,3.07433,2.50446,-42.456,-990.64,-162.504,9940,-11900,7000
-1.42631,-5.56296,0.265001,-7.14109,-3.33802,-0.040637,-1.93886,-1.19342,3.72007,-0.984546,-1.97023,-1.12544,0.885061,2.01811,-1.86845,-1.10748,-43.432,-991.128,-163.968,10780,-10080,7140
-1.3411,-0.991667,3.02042,0.0969113,2.38048,3.40652,1.20678,0.545927,-0.740257,1.33099,1.22542,1.9394,3.86339,4.36338,2.71197,2.23328,-44.408,-989.664,-159.088,11900,-8400,7420
-3.91555,-3.58458,0.266944,0.535436,2.03543,0.167794,-0.842579,-1.8467,-8.44486,0.176884,-1.46368,-0.0229461,-1.04025,0.53185,1.6755,0.780558,-44.408,-990.64,-159.088,12460,-6160,7700
5.69228,7.00936,2.32739,5.80561,3.23887,-0.134661,-0.463516,-1.24085,6.27295,5.30833,0.139318,6.73637,-1.33553,-0.608201,0.661719,0.436346,-43.92,-988.688,-158.6,13020,-4760,7560
2.28172,17.8509,0.600709,16.0568,4.6334,-1.56151,1.99164,-1.75277,5.19154,-0.111369,-4.72712,9.08756,-2.49819,-0.338532,6.34799,0.727818,-48.8,-987.712,-159.088,13160,-3080,7700
-9.22021,-3.79871,-2.1122,-2.18946,-1.44489,0.751903,0.965016,4.06472,-18.6217,-3.79949,0.147674,-2.65861,0.462614,-1.65233,0.645732,2.59317,-46.36,-987.224,-160.552,13300,-1680,8120
-7.98495,0.100841,0.114603,3.94777,2.68436,3.18941,5.49732,8.6073,-15.2798,-2.56755,2.34736,-1.4909,3.16347,1.79699,5.50017,6.51854,-48.312,-985.272,-160.552,13160,-700,8120
-22.2524,-0.419776,-1.31284,11.1609,6.25205,1.80691,5.33695,4.89021,-42.0302,-11.0749,-4.18183,-3.91411,0.322807,3.9408,1.02069,6.38229,-52.216,-989.664,-158.6,13300,280,8400
-31.6041,-39.1984,-5.85829,-22.5574,-8.88004,1.44328,-5.0038,-2.4589,-62.3327,-11.6809,-2.24248,-19.7412,1.05034,1.75844,-16.126,-1.05139,-52.704,-989.664,-155.672,13300,980,8540
1.94429,-17.4735,-9.77233,-19.6838,-14.4153,-4.49115,-6.65486,-8.8973,11.7204,-3.03219,-2.38066,-11.9035,-6.11745,-5.0994,-8.35518,-8.0552,-50.264,-991.128,-157.624,13440,1680,8680
16.1601,9.9176,0.711742,2.75848,0.238263,-0.244521,2.25253,-2.15937,33.6339,5.47526,1.31842,6.18193,-2.81363,1.17289,6.79386,-4.16355,-49.288,-993.568,-159.088,13580,2380,8960
9.25781,5.26391,2.63762,7.29635,4.88437,-0.648523,5.07088,-0.525774,17.2519,2.01962,-0.535109,5.44219,-3.22966,1.85295,11.7842,-0.881685,-55.144,-995.52,-165.432,13300,3080,9100
15.0842,17.2672,3.14859,13.5011,5.13088,-3.18726,4.6073,-0.904246,29.1943,4.88666,1.2507,8.46972,-2.84416,0.818811,14.2812,0.578558,-52.704,-999.424,-163.968,14000,3500,9380
13.7265,23.4168,4.83691,15.9636,6.66185,-1.68305,4.828,0.984772,25.1695,6.89327,3.74312,11.4692,0.0440715,1.55034,13.5589,3.26771,-57.096,-993.568,-164.944,15680,3500,9660
10.0977,16.4447,4.95711,13.4638,7.11383,1.42339,7.09468,4.26746,17.0642,6.10821,4.62581,7.63903,1.89596,2.04014,13.7382,7.56538,-59.048,-991.616,-165.92,17920,3780,10080
5.04744,1.43367,3.47036,-2.06084,-0.676384,0.196122,-1.42455,0.794406,8.4919,4.81615,3.74664,0.338437,2.36148,-1.52444,-2.30173,1.52358,-61.488,-991.616,-165.432,19180,3500,10080
9.0483,-1.01926,4.57401,-9.365,-2.03822,2.95458,-1.93289,3.45275,11.9061,7.13518,6.17546,0.610214,5.39489,-1.15535,-7.7107,0.886262,-66.368,-984.784,-162.992,20580,3640,10220
-2.83697,-3.23728,-0.253483,-7.93636,-3.0362,0.955074,-2.08065,0.726712,-6.05947,-3.30732,-3.27646,-3.7139,2.09193,-2.01818,-4.93172,-0.0464843,-66.856,-982.832,-165.92,21140,3360,10360
-0.87771,15.2655,7.01485,17.2634,12.1307,5.87758,3.22254,1.85633,-11.4393,-0.313421,-1.31768,10.3246,6.72844,6.02072,0.25897,2.35079,-65.392,-982.344,-159.088,20580,3360,10080
1.16249,6.26738,-0.048006,-4.58325,-2.78164,-4.45801,-13.6422,-8.09864,0.321904,0.138002,-2.64843,3.98105,-0.0602081,-5.38853,-28.3108,-10.561,-70.272,-982.344,-158.6,20300,3220,9800
-8.03303,-23.5849,-7.46834,-31.0324,-16.2125,-3.30917,-14.2857,-1.86459,-9.35691,-4.29114,-2.8581,-11.1548,-2.31314,-10.1191,-28.7431,-7.94722,-68.32,-979.904,-158.112,19600,3360,9380
-9.83978,-20.5653,-6.71273,-8.56641,-6.3014,0.8916,2.18139,3.27802,-11.6782,-6.2843,-3.99731,-11.1842,-2.03343,-2.55806,5.38011,1.98205,-67.832,-983.808,-157.136,17780,3220,9240
-3.69671,-6.06067,-4.40646,6.30403,1.76767,1.54329,7.56907,3.79098,-2.06882,-3.83383,-2.71257,-4.3259,-2.54462,-0.0103505,15.3794,5.13188,-70.272,-982.344,-152.256,15960,2800,9240
-5.57578,-4.02543,-3.887,6.81772,3.16805,1.6447,3.5678,2.94951,-5.09287,-5.72846,-2.3899,-3.46654,-1.86926,-0.0504208,8.32391,3.13491,-69.784,-983.32,-145.912,15680,2660,8680
1.4282,-5.38501,-2.21894,-3.79125,-0.765761,1.23359,0.462271,2.90162,5.40018,0.167289,2.84138,-2.92397,-1.10401,-0.776767,-0.432891,1.66352,-71.736,-979.904,-142.496,16100,2240,8680
-7.24139,-9.60905,-1.25655,-4.89207,-2.27304,-0.835689,-1.18096,-2.24009,-10.2068,-1.02306,1.69429,-5.34843,0.670924,0.757861,-2.2893,-2.7706,-71.248,-979.416,-146.4,16100,2240,8120
-21.6449,-22.7682,-0.0485245,-13.8447,-3.80409,-0.438176,-6.28841,-5.44314,-39.8525,-6.53728,-0.99511,-10.7612,4.01633,1.97412,-9.94279,-5.50288,-72.224,-980.392,-150.304,15120,2100,7840
-0.274554,12.0022,-0.152572,6.64104,1.17295,-3.82559,-5.99679,-6.99516,1.69129,-4.59776,-5.43752,2.42613,-1.63667,0.430003,-1.95439,-6.55657,-70.272,-980.392,-153.232,13020,1960,7560
23.8088,41.8638,7.37492,28.0001,13.1711,0.374057,3.47859,0.226454,32.8052,10.419,5.02182,21.4254,1.31555,5.43818,8.19066,0.650083,-67.344,-985.76,-152.256,11760,1680,7420
18.3511,16.9705,3.35816,5.42679,2.9156,-2.68624,0.882259,-1.29177,22.9767,11.2325,9.45491,10.5979,-0.722036,0.897551,2.69261,-1.12037,-68.32,-984.784,-152.256,11340,1260,7420
13.8349,5.08618,0.671421,-1.43981,-0.639252,-1.0186,4.75263,2.04558,19.7966,8.41973,9.39149,4.28509,-0.475302,2.26391,11.0033,2.02093,-65.88,-982.344,-154.696,11620,1400,7700
5.1532,-1.4782,0.751357,7.12098,5.98963,5.22825,17.3612,11.0457,6.43529,3.54377,6.75343,1.72748,1.23022,8.00501,29.0806,12.2373,-67.344,-984.296,-155.184,12040,1680,7980
7.6749,15.6944,2.68613,15.3661,6.56861,0.159472,6.93259,-0.446986,16.4245,2.07297,-1.69915,8.53402,-1.60688,4.77733,14.1152,4.17826,-66.368,-980.392,-159.088,11760,2100,8120
10.4003,31.9305,9.08191,24.0268,14.3713,3.80496,7.5511,1.0065,18.0739,3.74251,-4.74848,19.1172,1.72268,7.50063,9.0868,5.94068,-63.44,-980.88,-156.16,11480,2380,8260
-3.97025,3.74901,1.21905,-1.01173,-0.815972,0.433901,-2.81493,-1.79748,-7.70211,-2.41451,-6.51037,0.0916782,-2.73945,-1.52743,-9.20269,0.316035,-65.392,-981.856,-164.456,10780,2800,8260
-28.1953,-43.1566,-8.94783,-36.9421,-21.0009,-1.51982,-14.0323,-0.898151,-45.3113,-11.8641,-6.71665,-26.5831,-5.55781,-9.26677,-26.3299,-5.42094,-65.88,-980.88,-162.504,10500,3360,8260
-30.7334,-35.3599,-10.9535,-20.5411,-13.2021,-0.391885,-3.83759,3.77931,-49.8367,-14.821,-9.50652,-24.2791,-6.22793,-6.53088,-10.7773,1.40336,-63.928,-983.808,-162.504,9380,3920,8400
-22.209,-30.0044,-5.30073,-18.5343,-10.5473,0.306062,-6.46681,-1.12616,-50.3954,-8.64245,-6.77449,-16.0754,-1.15435,-2.81641,-17.0957,-0.467512,-63.928,-984.784,-162.016,9380,4060,8540
9.26106,3.75009,6.14881,-0.469029,3.18897,1.34858,1.96497,-5.53988,17.8454,8.5003,2.41796,7.70132,6.53387,4.04197,-0.69903,-1.31121,-68.32,-983.808,-160.064,9380,4620,8680
23.0398,17.4145,5.5895,10.2384,4.57901,-1.54653,0.228044,-7.70833,34.9871,16.2933,9.10755,12.6221,5.34083,0.343393,11.2966,-6.72902,-65.88,-982.344,-159.576,9380,4900,8540
-0.584386,-13.0643,-5.72001,-10.4516,-9.35782,-4.76845,-9.38842,-4.84178,-0.473026,-0.714965,0.681801,-7.37401,-0.617906,-6.5799,-4.86021,-9.83389,-67.344,-982.344,-155.184,9800,5460,8680
2.6452,3.47839,-0.977753,0.389254,-0.43651,-0.522341,-2.4044,3.20213,13.7284,-0.369857,-0.810645,1.88377,2.2847,-0.322887,-5.4017,0.532462,-68.808,-983.808,-154.208,9800,6300,8540
-4.29786,3.56469,-3.14345,-0.923841,-2.09778,-3.81899,-8.18507,-3.45035,0.371741,-10.0532,-8.11671,-2.24308,-2.01257,-1.96279,-18.5842,-5.04771,-67.832,-981.856,-154.696,9240,7140,8120
3.37666,1.70644,1.13374,-7.44269,0.0191242,0.956676,-3.00716,0.339993,8.76682,-0.549442,0.706611,1.41107,1.31182,-0.791089,-13.4136,-2.15055,-67.832,-978.928,-160.552,8260,7420,7980
-17.1132,-20.3003,-6.52349,-4.73412,-4.05858,-3.22919,2.4084,-0.501929,-25.481,-7.27565,-2.06756,-13.1676,-3.37305,-7.89933,13.8157,-2.14016,-68.808,-982.832,-155.672,7420,7840,7840
-3.49689,-1.41578,2.89077,6.00088,3.86789,0.758809,3.17892,2.55827,-0.0607008,2.52056,7.50256,1.5795,4.41267,-0.890509,9.82207,1.03306,-68.32,-983.808,-153.232,6860,7840,7980
12.9391,12.9048,3.38769,0.274277,0.945259,-0.0285909,-2.80873,3.1585,27.0068,5.39468,6.96258,9.03084,3.13939,-0.965946,-7.03773,1.72783,-66.856,-983.32,-158.6,5740,7840,7700
5.86602,15.2815,2.24083,7.87314,3.60854,1.56695,-2.97924,2.21215,6.47578,-2.39418,-1.69455,8.25885,-0.390824,1.74067,-11.5665,3.89974,-67.832,-981.856,-156.648,4900,7560,7700
7.78486,20.5095,6.92991,13.2705,7.95378,2.69968,0.157165,1.19826,10.3555,3.08099,1.25796,12.2629,1.43456,5.26265,-4.65817,3.2892,-70.272,-987.712,-159.088,4620,7420,7700
8.55684,14.572,5.87898,12.2086,8.62431,1.24373,10.0213,1.55378,13.4315,3.98274,2.52656,9.00827,0.0381918,3.98016,15.645,3.93939,-69.784,-984.296,-159.576,3920,7000,7700
2.11554,0.148196,-0.87746,12.242,5.24284,-0.111211,15.0376,2.85194,2.43791,-0.994666,-0.431326,-1.29708,-4.32357,0.833703,28.0991,5.384,-68.808,-987.224,-160.064,3780,6300,7560
5.71107,6.12474,1.96946,16.6993,9.3827,2.97607,17.5618,4.68762,8.10177,3.02745,3.06804,3.02601,-0.539951,4.90399,29.6865,8.34512,-69.296,-987.224,-163.968,3640,5600,7420
11.5151,20.7435,6.48597,23.611,12.0098,2.99416,11.7566,0.615254,14.2693,7.73796,5.24046,11.8765,2.0081,7.62893,22.1569,5.49393,-67.832,-986.248,-164.944,3780,4760,7000
0.705964,3.824,3.47739,3.6782,2.70401,2.46616,0.171605,-0.592504,-1.69186,4.4005,3.92805,3.1015,1.8783,2.30893,1.88968,-0.817037,-68.32,-987.712,-162.992,4060,4200,6860
-19.2448,-22.2786,-5.46584,-11.6712,-5.72238,-2.39544,-5.02967,-1.49804,-32.9429,-6.93356,-4.81227,-13.2204,-3.9992,-3.22804,-6.57422,-1.99431,-69.784,-984.784,-162.992,4060,3640,6580
-12.8815,-11.2352,-4.34224,2.17855,2.49291,1.18565,4.00213,6.99825,-25.5992,-7.48752,-6.64678,-6.93309,-3.05905,2.46581,5.34964,7.6093,-68.808,-984.784,-163.968,4060,2940,6580
-4.28708,-15.5117,-5.13099,-17.0365,-6.74456,0.844294,-5.175,4.88782,-8.91466,-3.99473,-4.97658,-7.19335,-1.96144,-2.27307,-10.8745,2.36548,-68.808,-982.344,-166.896,3780,1960,6160
9.17159,-10.4738,-6.92541,-24.6887,-13.778,-4.29641,-8.9352,-1.16845,20.3888,1.26026,-2.99806,-5.56918,-3.7816,-9.12319,-15.1586,-3.20791,-67.832,-983.32,-167.872,3640,980,6020
13.7122,-6.72863,-1.62691,-12.5024,-6.02508,-1.12944,3.08489,0.53854,21.6412,9.19372,7.21488,-0.457913,1.50445,-3.97029,7.71769,0.147685,-73.2,-977.952,-166.408,3500,560,6020
8.19742,1.2531,-1.85178,-6.49333,-5.92451,-2.50082,-3.16497,-6.41622,12.5679,6.64469,7.13956,0.50753,1.76076,-3.945,2.26863,-7.03296,-71.736,-984.296,-166.408,3220,420,5880
-12.4588,7.19459,4.0548,-2.72384,-1.19505,3.77685,-19.8758,-8.35869,-32.6036,-1.56205,0.496192,3.10215,7.28329,3.90438,-33.4365,-12.527,-72.224,-979.904,-166.408,2520,280,5740
-45.2361,-12.8862,2.66934,-15.0753,-6.8227,2.06115,-38.9972,-15.3994,-89.4085,-17.3508,-11.0636,-10.128,7.40965,2.60946,-71.469,-21.6801,-70.272,-980.88,-169.336,2240,700,5600
-8.00406,7.00884,-1.53754,-0.859593,1.49881,-1.45651,-6.21224,-5.05711,-14.5113,-9.51896,-10.5664,0.918858,-1.40729,0.753273,-18.8832,-4.27291,-71.248,-981.368,-167.384,1680,1400,5320
30.6347,7.88887,-4.49043,10.0147,2.48301,-2.77618,22.3966,5.18922,57.0814,10.7871,5.24843,3.96516,-4.37175,-2.93082,40.4583,9.7546,-71.248,-983.32,-163.48,1680,1820,5320
28.2682,4.5564,-0.853306,6.86117,-0.0487352,-0.160125,15.6838,4.19537,57.1367,12.0361,6.28291,3.63049,-1.4073,-0.499654,31.3896,8.20503,-71.248,-982.832,-165.432,1260,2380,5180
3.44561,-6.58433,-4.26613,-8.1926,-8.99554,-3.89287,-5.15831,-3.44752,17.821,-1.43809,-2.06369,-6.7837,-4.12466,-3.92158,-2.63507,-5.24904,-70.272,-982.832,-165.432,980,3220,5320
0.57481,12.2792,5.62949,4.67991,3.68138,2.67757,-3.56364,3.02938,2.17893,0.160432,0.486534,6.74535,2.40106,4.42447,-7.85558,-2.23387,-71.736,-984.296,-165.432,420,3780,5320
-22.2185,-23.8642,-6.74701,-0.348281,-2.00702,0.475779,9.68811,10.1405,-37.8908,-14.1381,-9.3959,-14.9446,-5.76777,-0.768959,16.8212,8.38205,-75.152,-981.856,-167.872,0,5180,5320
-9.3452,-20.968,-1.39366,-10.5765,-5.0866,2.13742,2.74415,4.56947,-13.7346,-2.08689,2.38117,-10.0517,-0.0563699,-0.429499,-2.49781,5.60025,-76.616,-982.344,-166.896,-420,6440,5180
-9.22575,-14.973,-1.70018,-21.6302,-11.0887,-2.88142,-15.3546,-7.09714,-12.6074,-2.07089,2.04565,-8.83155,-2.50043,-5.62112,-28.4198,-8.99214,-77.592,-982.344,-164.456,-1120,7700,5180
-5.82993,-10.8173,5.22637,-1.58665,3.44522,2.67858,6.16161,6.27346,-26.5315,4.09283,5.96111,-0.151514,2.56108,3.43027,6.30515,5.37257,-77.592,-983.808,-170.312,-1540,7980,5180
4.59424,16.2285,9.65908,20.8707,19.414,4.34101,24.1003,8.5385,2.91954,2.6723,0.200251,14.4971,3.94954,13.5443,24.3982,17.8829,-77.592,-985.272,-171.288,-1820,7700,5320
12.3168,11.4697,4.2409,2.3157,6.2666,-1.79708,8.79351,-6.94788,44.7564,2.43567,-2.05912,7.99626,1.57991,3.39891,10.7888,-1.03092,-75.64,-987.224,-174.216,-1820,7840,5180
24.884,44.4756,9.34498,29.6222,13.9631,-2.60557,0.695652,-10.1688,64.3772,9.50084,0.685542,23.0101,3.52631,2.86694,24.4138,-8.90275,-78.08,-984.784,-169.336,-1960,7700,5180
-11.5786,0.657748,-9.18394,2.74585,-9.26842,-7.00508,-14.5784,-1.56554,-11.9664,-9.02664,-7.31283,-8.0711,-5.14122,-10.8217,-2.38245,-9.22802,-78.08,-985.76,-173.24,-2380,7280,5180
-10.9245,-3.0274,-6.21922,-6.43995,-9.89591,-0.348832,-12.8979,3.59286,-15.382,-7.51598,-5.51678,-7.56898,-2.52164,-4.49826,-27.4347,1.07548,-75.64,-983.808,-170.8,-3080,7140,5040
16.2236,44.208,8.84924,22.7551,10.8133,3.83403,-6.0881,-0.321642,27.7661,6.29219,1.87565,22.7113,3.86646,6.61912,-20.1821,0.500511,-76.128,-987.224,-170.312,-3080,6720,5040
10.8194,0.671868,-0.837704,4.69737,4.03139,-2.69399,10.0108,-0.946684,7.75137,5.66854,3.37601,5.18608,-2.77879,-2.38924,23.3729,-0.58701,-75.152,-985.76,-172.264,-3500,6720,5040
14.8957,3.95547,3.30614,19.7358,13.9741,2.08068,22.8796,2.12953,11.4851,10.3911,8.14257,8.41797,1.47625,3.62795,48.0438,9.72081,-73.688,-988.2,-175.68,-4060,6860,4900
-13.4893,-24.8555,-4.67227,-2.106,-5.53973,-1.57747,-0.66926,-1.2525,-38.6276,-2.338,3.70892,-13.0726,-1.68754,-5.0155,10.2966,-0.986363,-71.248,-986.736,-173.728,-3920,7280,4620
-42.3579,-74.1619,-14.4706,-58.0356,-34.8909,-2.25684,-27.0417,0.383787,-78.3575,-13.68,1.30012,-42.0958,-1.52153,-14.3531,-47.7145,-9.39941,-69.784,-987.224,-170.312,-4060,7420,4480
-6.15008,12.7847,10.1776,-10.44,5.48483,9.27826,-2.95633,0.659497,-7.48735,2.86083,8.61016,9.88989,10.3446,8.75512,-37.1444,3.62496,-72.224,-987.712,-171.288,-4760,7420,4480
5.4691,50.3238,14.6486,50.4942,37.9753,10.9395,29.0915,1.73268,-1.37819,7.21378,10.2417,28.2054,7.98547,19.9854,25.9584,14.6909,-66.856,-989.664,-168.36,-6020,6720,4200
27.7164,50.8627,14.3163,47.2153,29.3353,6.13164,11.8508,5.09991,34.8108,19.0159,14.6307,31.0191,7.58213,13.8178,20.5678,4.97304,-68.808,-990.152,-170.312,-6720,6300,4340
21.9176,7.27721,0.18534,-3.48424,-4.40422,-6.17675,-14.3375,0.662268,38.6832,9.5387,2.38665,6.05982,-1.6553,-5.51379,-5.89645,-9.50534,-65.392,-994.544,-171.776,-7140,5320,4200
3.05052,-12.6372,-7.76711,4.37513,-2.76983,-2.78049,6.27282,7.90449,15.2589,-13.2897,-18.3688,-7.27337,-6.92725,-4.45403,28.3989,6.02033,-66.856,-997.472,-179.584,-6440,5320,4340
-9.86006,-10.5965,-12.1428,5.12167,-2.21278,-1.8724,16.8603,7.30065,5.94815,-21.2707,-21.581,-11.5265,-10.2995,-7.45801,31.4439,11.7238,-66.368,-996.008,-178.12,-6300,5320,3780
-46.0161,-67.0921,-28.3967,-59.933,-37.4126,-5.54486,-13.6165,6.70736,-61.1029,-30.7372,-21.5394,-48.5968,-15.9627,-21.3128,-33.739,-3.26738,-66.368,-994.544,-178.608,-6020,5740,3360
-20.9386,-19.8574,-11.89,-38.6392,-25.8356,-2.92597,-23.1768,-1.00616,-44.9407,-9.26308,-7.52429,-21.4713,-5.51315,-13.4641,-53.5805,-9.36571,-64.904,-993.08,-173.728,-6580,6160,2940
9.69036,-19.0092,-0.661694,-43.4935,-23.7152,-8.13565,-24.9757,-16.5515,-8.66691,14.2887,9.79431,-7.54308,1.87446,-12.5484,-47.7624,-19.0836,-66.368,-993.568,-174.704,-7280,6440,2520
37.3129,-3.54748,7.05849,-19.3527,-4.72031,-6.98697,-3.77147,-21.1692,68.8789,19.5912,7.87102,9.83832,2.78315,-3.5289,0.452358,-17.4748,-64.904,-994.544,-174.216,-7560,7280,2100
27.8465,17.6885,13.1589,3.99985,10.9526,1.67093,1.43193,-20.8992,61.5271,13.7881,4.88693,20.8906,5.91807,8.13564,10.2177,-10.943,-64.904,-988.2,-176.656,-7840,8260,1400
-34.7259,-20.6103,-0.917133,19.7977,9.21062,1.28104,5.90695,-3.90735,-68.7402,-13.9138,-8.92812,-11.2638,-1.80999,7.76913,26.321,4.07043,-65.88,-986.736,-176.656,-8960,9380,700
-16.2981,10.4628,5.01072,33.661,14.9483,5.56388,15.7084,15.1016,-42.8955,-3.126,-1.29756,1.77226,2.73886,14.5962,27.4722,19.2856,-66.368,-983.32,-172.752,-10220,10640,140
14.9624,10.3642,0.77272,-1.25756,2.21388,3.23337,9.76912,13.3756,21.9536,4.30278,1.06994,4.74855,-1.9904,9.90731,-9.08771,20.0344,-66.368,-981.368,-170.8,-12460,12740,-420
32.3407,29.0317,12.3001,11.4385,7.96254,4.66483,2.24839,6.31501,43.8796,19.4032,11.935,22.5537,7.16219,10.4248,-3.71252,6.13856,-67.832,-983.808,-176.168,-13580,14280,-980
1.53016,6.94014,7.38714,4.50495,1.27894,1.05019,-10.4853,-0.93372,-5.4822,2.32111,2.48364,9.38613,7.30159,4.79355,-6.05005,-11.0377,-68.808,-989.176,-168.36,-15120,15960,-1400
-1.3146,12.7146,-1.71535,4.76688,-2.69212,-1.65716,-9.38215,-1.07153,19.8751,-7.33374,-2.25156,0.902879,1.18039,-2.5798,-5.50906,-13.1735,-70.272,-984.784,-163.48,-16380,18060,-2100
19.7192,41.0631,2.01933,29.2379,13.996,-0.680631,18.2513,-0.136717,56.1831,4.011,4.64847,15.8538,0.714203,2.33986,36.3043,2.4044,-71.736,-983.808,-162.992,-17920,19180,-2800
-30.9743,-27.3359,-4.72652,10.6329,4.0979,2.06543,13.0904,0.137429,-62.37,-11.493,2.29728,-18.087,1.53397,1.19406,35.744,3.839,-71.248,-984.296,-162.992,-21420,20580,-3920
-38.5338,-55.3528,-8.517,-46.5903,-30.3082,-6.82269,-35.7491,-9.51108,-78.5066,-9.34842,7.47507,-33.1642,-0.176887,-12.804,-46.2644,-20.3056,-70.76,-989.664,-162.016,-23380,21000,-4480
-0.370122,-16.2059,-3.64274,-34.7388,-18.3916,-3.61872,-22.0337,2.95743,-3.67364,2.1436,8.47875,-7.63235,-0.489638,-8.85726,-48.2508,-4.77623,-72.224,-991.128,-162.016,-25900,21980,-5600
16.0607,20.8009,-5.34551,19.6812,1.45984,-4.70338,18.8607,12.8036,38.0101,5.7487,3.57879,4.59558,-6.88441,-5.80152,26.0809,14.4985,-73.688,-989.176,-155.184,-27160,21280,-6580
3.33041,5.99618,-7.82012,12.3871,2.11863,-5.14,22.6521,8.46453,16.308,2.48884,2.46074,-4.95986,-6.92117,-6.22166,31.9749,12.7464,-78.08,-988.688,-156.16,-27720,20720,-7420
-0.650224,-14.8021,-11.8218,-28.3477,-15.9337,-4.51185,-13.7165,0.121722,19.6512,-6.42038,-5.79182,-13.6925,-7.89345,-10.5518,-27.7741,-5.05019,-74.176,-992.104,-156.16,-28980,19740,-8820
-4.30814,12.9451,5.46367,2.42446,6.28926,11.0665,-12.377,4.47241,-8.42008,-4.90507,-9.23655,8.84052,2.80922,9.58719,-31.1357,3.36546,-74.664,-994.544,-159.088,-30380,19040,-9940
-23.7062,10.6705,11.2887,20.6102,23.0628,19.4979,3.5185,8.55922,-57.984,-8.75543,-12.395,12.7187,6.8689,18.3208,-4.61885,9.96873,-77.104,-1001.38,-156.648,-31080,17500,-10920
-23.9448,-29.0687,-6.54049,5.43424,7.47289,5.93635,12.4702,3.22895,-40.7384,-13.518,-15.3404,-13.0901,-4.39207,0.989924,29.6114,5.18836,-75.152,-997.96,-162.016,-31220,15680,-11900
16.544,17.9623,13.0355,25.2897,26.0955,9.52179,15.7906,-11.1749,36.4637,1.56714,-11.3322,23.3136,7.57888,16.0359,26.1515,3.69975,-72.712,-994.544,-157.624,-30800,14420,-12460
41.0505,58.6797,20.1293,14.0183,19.8967,2.75888,-3.98392,-26.5941,99.9201,16.5986,1.33637,44.1293,9.1438,13.604,-12.7393,-8.02034,-70.76,-988.2,-157.624,-31360,13440,-13160
31.0505,53.8391,19.6833,15.1493,11.7932,3.48839,-8.78703,-16.9637,64.5787,24.5623,14.8388,34.8874,9.74247,10.8278,-9.55201,-6.65657,-70.272,-982.832,-149.816,-33320,12740,-13580
7.7725,16.3707,5.81427,20.576,10.6834,6.57981,8.71253,3.82583,1.65107,11.2895,7.66575,7.86656,2.33708,3.75198,15.6063,6.03414,-64.416,-976.488,-140.544,-35840,12320,-14000
-10.8847,-34.6767,1.95946,-12.5833,7.5432,7.50584,9.93609,8.06646,-39.8083,-1.24168,-1.99608,-7.03646,0.481464,3.49505,-1.4657,10.1166,-67.832,-979.904,-137.616,-38220,12600,-14280
-25.3914,-26.844,-18.2752,9.34342,13.9386,-24.7458,16.0525,-2.63394,-46.6548,-18.63,-15.7082,-9.96069,-22.7948,-28.6762,29.0376,-0.67829,-71.248,-984.784,-132.248,-40460,13440,-14700
-40.2483,-38.1463,-34.0508,14.7834,-14.4717,-37.3234,9.20537,5.89476,-75.116,-19.1054,-5.11092,-34.4483,-26.9571,-46.9378,43.394,-7.08503,-65.88,-982.344,-132.248,-42840,13860,-14980
20.0535,19.3761,4.41706,24.9111,-16.9083,2.4936,13.528,22.4795,17.4689,21.7906,28.4676,-3.85395,12.6106,5.25902,33.0769,15.3661,-61.488,-983.32,-126.88,-45920,15120,-15260
77.5323,69.3146,36.2942,16.4206,6.0848,21.5077,6.97244,13.7024,110.987,52.295,43.9694,41.2335,32.013,30.3765,1.14968,14.653,-62.952,-996.496,-123.464,-49840,17780,-15820
35.4416,4.83102,16.2665,-35.8069,-7.43395,10.4327,-6.39975,-5.28293,44.1073,22.3713,16.0124,10.3304,15.752,9.21456,-30.7076,-2.15224,-66.368,-1001.86,-130.784,-51520,19180,-16380
-40.6363,-76.409,-13.0804,-56.1692,-25.9527,-4.08586,-15.3956,-8.86338,-88.2876,-19.4522,-12.7919,-40.0027,-0.792036,-18.5022,-46.7182,-14.4272,-67.832,-1012.11,-138.104,-51520,19460,-16940
-55.5055,-81.787,-23.2404,-66.2077,-41.7587,-20.387,-37.3847,-10.7758,-91.9921,-41.3849,-30.4905,-47.556,-12.9529,-21.0777,-69.2012,-27.0484,-67.832,-1012.6,-137.616,-52920,19460,-17360
-9.639,3.48129,-11.7958,-1.83274,-13.0018,-8.42603,-2.73506,8.89295,17.0232,-29.1884,-20.3467,-10.0257,-8.89055,4.66883,6.8099,-0.246604,-75.152,-1013.58,-130.784,-53480,18620,-18060
13.1474,38.3723,-2.49131,19.1175,-0.141693,3.62718,7.20263,9.1048,54.7292,-3.68285,0.76601,5.12878,-1.88824,10.5881,27.5794,6.44879,-76.616,-1008.21,-131.76,-52080,15400,-19600
10.8818,13.3976,-5.60216,-4.57149,-7.13154,5.23274,0.568986,4.102,26.1042,3.73453,6.62527,-6.37228,-1.51975,2.10561,2.50535,3.49125,-72.224,-1000.4,-149.816,-51100,13160,-20580
-5.80202,-18.812,-2.78875,-17.2857,-2.99645,3.17764,-13.7652,-8.20728,-27.316,-5.6577,-4.788,-6.11281,-2.2616,0.888082,-18.1496,-11.5604,-72.712,-1011.14,-93.208,-50820,10500,-21980
-24.2032,-35.1617,-13.8384,-30.6106,-9.67508,-2.69559,-18.9255,-12.0346,-40.4746,-18.1242,-14.6189,-17.8223,-9.1681,-7.89064,-29.1114,-15.8392,-69.784,-995.032,-137.616,-50120,9100,-22960
-18.4782,-31.8605,-19.5979,-15.3359,-16.9376,-8.44405,-13.0361,-8.71477,-23.9082,-14.3534,-11.5294,-22.6903,-12.2632,-17.2428,4.29859,-13.2939,-73.688,-979.904,-132.248,-49560,7280,-23660
-12.3144,-20.1828,-10.7425,8.63688,-4.25139,-1.89612,6.90845,3.93874,-19.4264,-6.97577,-1.86791,-14.9574,-6.65144,-5.37155,31.0151,3.85361,-72.712,-988.2,-118.096,-52220,6440,-24640
-21.9391,-25.1085,-0.146654,-3.47131,9.12164,11.1684,14.2595,12.7051,-35.0463,-9.02157,-5.39663,-9.52317,-1.5512,14.1537,5.1885,18.2907,-67.344,-989.176,-142.008,-53620,7560,-25200
0.719983,-4.62604,1.20305,-13.5576,-2.18523,4.37068,-6.33168,0.407767,4.44955,5.17081,1.38271,-2.78259,-3.4289,0.0671368,-23.9061,1.9926,-65.88,-975.512,-144.448,-53340,10080,-26180
2.79282,12.6301,-7.04182,6.33812,-8.09558,-18.0536,-22.2233,-23.576,4.27229,3.16228,-0.718426,0.985105,-14.6235,-25.5633,-23.0699,-26.3,-59.536,-970.632,-147.376,-54320,11620,-26600
6.33508,27.7999,5.62446,38.7205,15.6797,-14.7981,-6.90943,-25.3955,0.979774,6.39526,4.07745,22.0833,-4.34146,-7.42181,20.0386,-24.2954,-73.688,-971.608,-144.936,-56000,13720,-26880
55.5701,90.8765,25.6142,62.2646,24.9942,-4.32123,-6.42355,-12.6047,93.8017,33.4332,19.9439,55.1283,10.6475,9.78856,22.7438,-10.9458,-73.688,-969.656,-130.296,-59500,14840,-26600
45.5558,61.2203,14.6215,4.55973,-4.78793,-4.26406,-22.0677,-5.25291,91.1257,27.167,14.5143,33.5058,7.34838,-4.32432,-32.5998,-5.69067,-69.296,-963.8,-113.704,-61460,14980,-26460
-6.17347,9.58959,12.8813,-3.58125,8.42092,6.13803,0.788101,3.69935,-18.7806,4.01715,0.843415,16.22,9.82702,9.02342,-18.4792,10.0435,-66.368,-954.528,-121.024,-63000,14280,-26460
-31.7757,-11.0689,10.2432,21.5943,33.1292,12.246,32.7188,12.4059,-68.3876,-10.2014,-10.1051,6.17695,7.13087,23.9782,19.7378,27.6355,-69.784,-960.872,-132.248,-66360,15820,-26320
-17.8829,-18.923,12.6416,-2.01942,24.0247,22.2411,32.3791,22.2213,-33.3589,-0.89925,-1.25483,1.0271,14.4652,26.829,10.8664,33.4251,-72.224,-965.264,-142.496,-67760,17780,-26460
14.5027,26.9053,25.6786,31.2765,38.7359,25.2256,39.344,19.3745,25.9142,14.9864,7.3942,28.7377,20.7959,31.3776,39.6161,32.318,-75.152,-970.632,-152.744,-68460,19460,-26740
17.7706,20.3638,13.7604,22.0664,21.1769,15.3121,25.927,12.9697,22.1374,16.9521,12.1248,15.5858,15.4128,17.8179,28.5228,21.1384,-70.76,-969.168,-143.96,-69860,21560,-27160
24.8051,-5.46554,2.28719,-20.7695,-9.56935,4.55605,1.18166,7.70907,40.6909,15.8906,14.4576,-0.426855,9.47739,0.5284,-10.1359,6.0342,-67.344,-964.288,-148.84,-70980,21980,-27020
3.10531,-0.116248,-3.56333,-7.62055,-1.53839,6.68406,13.2385,13.2719,29.8992,-6.42422,-1.28616,-1.44882,1.94182,1.74302,3.38643,13.3309,-69.296,-960.872,-150.792,-73360,23100,-27300
-2.01855,12.179,-12.0546,18.6946,1.7241,-6.86803,11.3431,2.41059,14.3643,-6.03101,-5.67912,-1.55298,-11.8072,-16.1533,24.1254,1.72244,-73.2,-970.144,-147.376,-75460,24500,-27720
16.3989,-0.624953,-21.2242,14.5673,-14.8217,-21.0988,9.85983,1.22167,32.4587,8.5698,7.44743,-13.9257,-16.7326,-34.3334,41.0057,-5.911,-71.248,-972.096,-157.624,-76160,24640,-27720
-4.18287,-40.8736,-17.0189,-19.9603,-28.8888,-7.69221,6.13161,12.6574,-6.59731,-2.66539,2.26034,-33.8255,-6.37173,-13.0506,16.6648,5.34434,-72.224,-971.12,-164.456,-75740,24780,-27860
1.94802,-27.7034,8.26362,-31.3114,-10.6438,14.7958,-3.2944,13.379,-13.3852,3.87051,6.59816,-10.2603,12.4906,16.2478,-16.48,8.72885,-74.176,-984.296,-183,-76160,25200,-28140
-3.1028,-5.6148,5.4177,-17.0585,2.86359,4.5358,-18.7114,-15.1108,-16.6646,-4.47137,-4.20812,1.85621,3.14235,5.82429,-22.9944,-16.5611,-62.952,-995.52,-193.736,-77560,26600,-28560
-26.4379,2.11978,-9.44587,11.7745,9.83923,-19.7487,-29.6282,-32.9696,-49.5197,-21.5446,-20.38,3.62705,-15.3758,-22.5694,-20.0624,-36.4649,-56.12,-971.12,-164.944,-77140,26460,-28980
-7.5613,66.6423,16.8427,61.3331,23.5532,-6.78732,-21.8976,-21.1941,-24.8249,-8.6529,-11.733,39.2772,-0.0512319,10.8569,0.345813,-23.024,-56.12,-1027.73,-196.176,-77280,26460,-29120
-23.5069,-15.6828,6.57032,-7.9865,-9.88105,9.6253,-12.904,-0.672661,-54.6763,-8.05706,0.120382,-12.0186,7.21842,20.4877,-8.15291,-1.09161,-61.976,-939.4,-177.144,-77560,26040,-29260
-42.2944,-84.1867,-8.2905,-70.1299,-27.8948,11.7238,-14.4534,5.5868,-83.6526,-17.1353,-6.08987,-47.1489,1.10349,10.5504,-35.0716,3.63753,-61.488,-952.576,-206.424,-75460,23380,-28980
-33.7431,-65.6882,-14.8758,-49.3263,-16.4535,8.88904,-1.36264,8.64932,-47.9201,-20.6616,-10.5235,-39.5807,-6.30755,3.94101,-22.738,7.81387,-51.728,-962.336,-185.928,-73080,21420,-28700
-6.09979,-33.7383,-20.7675,-48.2043,-27.8096,-5.20868,-21.3616,-8.17117,14.3747,-16.2042,-10.1,-26.6664,-14.2378,-17.9804,-51.2618,-15.2266,-49.776,-965.264,-193.248,-72660,19880,-28280
7.75992,1.83787,-24.2777,-16.7579,-23.1352,-21.3319,-17.1034,-17.9449,40.5794,-14.1403,-10.7582,-11.6703,-19.2531,-35.2858,-26.9736,-24.8439,-45.872,-974.048,-210.816,-71960,18340,-27720
-0.524367,1.54906,-23.1548,-5.4928,-23.9435,-33.3699,-13.1846,-18.8966,19.7369,-18.961,-15.6596,-13.6812,-21.7846,-32.1385,-8.03736,-23.1354,-40.016,-972.584,-218.624,-73360,18200,-27440
23.7391,36.9344,7.31717,16.1803,-5.6151,-10.4725,-3.31631,-2.37033,42.005,10.1445,6.7248,17.0562,1.91052,4.04081,2.58593,-4.73392,-39.528,-975.512,-221.552,-75880,19040,-26740
10.679,22.6539,6.80971,23.6839,11.1426,0.234804,11.8727,5.18933,11.619,9.82133,5.71467,12.0892,4.26684,3.94905,25.2047,6.89148,-40.992,-973.072,-212.768,-75320,18760,-26040
37.4553,43.4543,10.5141,28.6815,14.9034,-3.49567,6.93013,-2.0138,48.4615,23.7263,7.79943,26.7311,1.27712,-5.52348,16.8411,-1.52523,-44.408,-973.56,-218.136,-73500,17780,-25620
18.384,8.00657,-9.48299,12.4846,-3.65572,-17.4903,0.642093,-2.29162,6.13405,13.5209,8.70532,7.02949,-6.95954,-28.8393,7.99247,-5.93682,-39.04,-978.44,-221.552,-70700,15680,-25340
-14.1217,-14.3847,-12.3241,8.92805,-9.02303,-13.1085,10.4254,5.83632,-38.5178,-3.03248,3.9116,-10.9228,-5.38678,-13.5951,18.6978,8.19804,-42.944,-976,-223.504,-68320,14140,-25060
15.6414,25.9203,12.6697,30.2281,16.8268,13.5219,32.1404,21.0517,38.7886,17.2338,15.7206,12.8648,13.2386,23.9957,46.6204,26.715,-42.944,-971.12,-229.848,-64820,12180,-24780
29.638,30.9565,25.9192,35.6909,35.9534,21.4502,27.8832,9.03199,56.1464,28.1979,18.3576,27.813,20.6809,28.7452,56.5672,13.6808,-43.92,-966.24,-223.504,-64260,11060,-24360
-2.67301,-37.5643,8.60586,-15.9623,2.85006,12.8063,-9.07139,-0.957393,-35.8837,17.466,16.1244,-5.33697,12.3532,1.18939,-3.07232,-7.30809,-36.6,-972.096,-234.728,-64960,11200,-23940
-10.7882,-26.4391,2.21455,-31.1829,-14.8091,8.29809,-25.8228,2.54335,-27.2398,2.25745,2.39454,-5.51362,5.52925,-2.83008,-48.6066,-6.22797,-42.456,-973.072,-233.264,-64680,10080,-22960
-3.57185,16.4369,9.80136,-8.95764,6.84134,18.2544,3.02007,15.8531,27.08,-5.61119,-6.83506,12.2192,6.49149,20.3884,-23.4532,18.9672,-35.136,-965.752,-241.072,-63280,8820,-21840
-8.44298,9.96638,9.50792,-2.83158,17.9042,19.7569,14.6619,16.3991,7.48522,-5.4984,-4.52733,8.55266,6.37468,21.8913,-1.95071,23.7584,-29.768,-974.048,-239.12,-63980,8960,-20720
-9.34008,20.0635,6.92688,23.3788,19.1856,8.57678,7.10477,3.32576,-10.295,-4.60591,-3.42026,10.5971,1.95567,9.54668,13.4067,8.67203,-31.72,-976.488,-235.216,-64120,9380,-19460
-10.0711,5.86836,1.31952,11.8415,4.71535,-5.24407,-6.79792,-12.9367,-23.3021,-6.48315,-6.04991,1.89663,-3.86419,-1.5079,2.60535,-6.92358,-31.232,-978.44,-241.56,-61740,9100,-18060
-8.66671,-15.5516,-3.36587,-2.64404,0.230205,-6.4622,8.88593,-5.61569,-20.536,-6.1892,-6.47939,-9.27242,-5.74869,-3.75388,10.8653,4.88255,-27.816,-976.976,-246.44,-58520,8400,-16520
-9.33435,-18.4065,-10.8111,-18.6154,-11.8536,-11.9196,0.140441,-6.75171,-15.4145,-12.0935,-14.209,-16.5312,-13.8624,-10.5378,-9.70632,1.21961,-23.424,-967.216,-259.616,-56140,7840,-15260
18.3388,22.2645,4.05235,11.1492,2.97547,-1.98994,5.7104,-2.09822,33.1525,4.40741,-0.123557,9.87579,-1.11651,3.97851,7.38847,4.80736,-24.4,-965.264,-245.464,-56140,9100,-14280
12.7537,41.2062,8.98894,39.4995,20.0451,2.9295,12.9118,-4.78478,27.3705,-2.19799,-5.70161,21.7731,2.51302,12.1152,29.4444,2.8798,-21.472,-965.752,-243.512,-55580,12600,-13440
9.56091,10.067,5.16162,18.2836,9.69785,3.28142,9.51911,-4.67887,10.2754,5.39505,6.00064,6.36334,5.00656,4.12863,24.2279,-3.04487,-22.936,-967.216,-233.264,-55440,15820,-12880
3.25955,-28.3974,-0.992227,-23.0015,-7.77225,-0.854664,-3.32594,-4.27871,-11.3533,6.59319,9.9887,-9.98583,3.68287,-3.31285,-19.2776,-5.87568,-18.056,-966.728,-243.024,-52920,18620,-11620
-11.4827,-29.3177,-2.97104,-27.4574,-3.30001,-0.187404,-2.35047,1.5379,-34.4451,-3.47105,0.320997,-5.73327,0.856152,-1.19419,-32.5333,-0.263614,-26.352,-974.048,-230.824,-50540,20580,-11060
-18.7229,-31.3616,-14.8017,-30.1411,-8.60726,-5.16988,0.244898,8.81031,-27.8367,-10.1457,-4.62255,-14.1605,-6.82953,-10.0487,-28.6419,2.8718,-27.816,-975.024,-241.072,-45780,21560,-9800
-3.91564,0.434653,-7.76989,-25.549,-19.5312,-9.86224,-26.5434,-2.99366,-1.83172,-3.10556,-2.0662,-2.04619,-1.91619,-10.5184,-48.89,-16.3632,-30.256,-971.12,-238.632,-43960,22680,-9100
0.727344,6.49106,-7.89497,7.65911,-14.8765,-7.25722,-19.5731,-4.15107,-0.848231,0.543561,3.57203,-5.74869,1.14407,-9.21944,4.07843,-17.5281,-28.792,-962.336,-235.216,-41020,22680,-8260
5.07855,20.4824,1.73543,24.8263,1.14776,-1.66978,-13.8515,-9.25114,3.57073,2.38546,4.45323,5.99323,5.16723,0.307381,20.31,-17.6587,-32.696,-965.752,-228.872,-42280,23940,-7700
7.38041,32.5275,5.76191,20.2438,4.30534,2.21765,-12.745,-8.89729,31.3677,-0.662914,-1.17386,11.6738,4.37899,5.86869,7.43437,-14.4555,-33.184,-979.904,-219.6,-43260,25340,-7280
5.19212,0.808696,-2.16486,-0.952295,-1.64277,9.08451,1.83276,7.2335,27.4588,-0.452638,0.714945,-5.68291,1.61296,3.32421,8.7162,5.20746,-29.768,-989.176,-228.872,-41720,25480,-6160
-2.20133,-30.3601,-16.9468,-23.3706,-18.5786,-2.37936,-2.35455,4.65294,12.1287,-6.65874,-3.2786,-23.9967,-10.1165,-16.8233,1.91893,2.4396,-34.16,-1005.28,-240.584,-39060,24640,-5320
0.804816,-12.7651,-8.53904,-6.55977,-6.3565,-3.50638,10.1861,9.08816,6.46027,-4.82243,-4.37632,-10.1482,-8.87998,-8.6019,11.0465,11.2861,-44.896,-980.88,-228.384,-31220,23380,-4760
-9.08441,-28.0239,3.06443,-16.6882,1.01177,3.818,13.2931,11.3744,-27.5322,-5.32069,-2.6378,-9.06323,-0.882024,8.90927,-1.88568,16.6358,-39.528,-985.76,-233.752,-27720,24920,-5180
-15.4638,-63.966,2.43451,-48.2656,-8.41842,4.56628,2.72439,4.14251,-57.9388,-2.36324,-0.471542,-23.5812,1.30786,7.18632,-28.9003,7.313,-39.04,-984.784,-244.976,-24360,23520,-4620
-7.47046,-24.8722,6.14916,-8.87802,-1.66411,2.76693,0.111762,-3.44433,-48.3867,4.87631,3.51579,-4.73717,2.92325,-0.0909504,-5.66753,-2.76348,-40.992,-980.88,-237.656,-21980,22960,-4480
-3.54584,27.1264,-1.13785,32.0828,4.2665,-5.53159,3.23508,-6.21764,3.9415,-4.10297,-3.41385,8.3478,-5.43739,-5.76254,19.9544,-5.25197,-44.896,-972.584,-241.072,-21000,22960,-4060
-5.22103,48.3933,7.33552,48.9561,21.855,2.59129,17.0585,3.7168,13.0528,-3.28367,-2.24748,20.5964,1.51028,11.0059,35.043,7.25814,-41.968,-981.856,-234.728,-19740,22680,-3920
5.83266,41.194,16.2817,26.7839,21.232,9.5984,12.4851,8.51107,21.95,9.39728,4.42335,22.1729,8.63073,21.4539,12.4238,11,-38.064,-979.416,-242.048,-16100,21980,-3360
24.8486,32.5721,18.5793,14.5715,15.4207,6.80342,2.35732,3.20142,33.2265,23.0428,8.49179,25.4474,10.1975,15.9469,-2.59069,3.9122,-45.384,-975.512,-253.76,-12460,21560,-3360
4.96574,1.91607,2.45747,-3.96851,3.51686,-1.45853,-2.67111,-8.68349,12.9302,6.14212,-1.81879,5.78549,1.55069,-2.43292,-9.92435,-4.91539,-46.848,-965.752,-256.688,-8400,21000,-3220
-11.7645,-27.948,-9.86335,-29.4198,-18.3431,-10.3349,-17.1674,-22.1513,-8.78784,-4.88026,-2.92891,-15.7212,-3.97641,-12.6831,-24.4757,-18.9666,-38.064,-956.48,-254.736,-5880,22120,-3080
0.939501,-0.848825,-3.31223,0.155097,-13.6649,-5.6794,-15.107,-12.2497,14.2626,0.303299,0.782276,-4.28226,-1.55671,-3.60048,8.27652,-15.1761,-37.088,-954.04,-260.592,-3920,22120,-2800
18.5604,30.3892,10.2017,19.0427,14.2473,13.6351,5.55308,12.8154,40.1366,10.2817,6.47011,18.6031,7.18125,15.6042,12.2911,11.5027,-38.552,-955.504,-267.912,-2240,21420,-2660
3.07645,23.4208,7.22282,19.5426,21.5602,9.08357,3.50594,2.47563,-6.43026,1.31378,-4.01712,17.2038,3.41709,11.4981,-2.49388,5.79892,-35.136,-957.456,-280.112,-840,21560,-2240
2.13375,17.2404,-16.0039,16.631,-0.37981,-10.9425,-4.82205,-9.55886,5.32455,-4.99631,-6.28529,2.89792,-11.7123,-32.4498,0.882509,-11.8345,-41.48,-952.576,-285.968,1680,22120,-1820
-10.9183,-21.0931,-52.0529,-16.4149,-45.1421,-60.4972,-32.6348,-32.6789,-6.32797,-20.7829,-16.9941,-29.4886,-47.5876,-91.7988,-16.9592,-42.8138,-43.92,-953.552,-284.504,3080,22260,-1820
1.49353,-26.0919,-26.2019,-25.5093,-42.1439,-47.0616,-14.6364,-7.03744,-6.98903,-4.62421,1.70681,-21.9329,-25.6109,-44.4772,-10.2089,-15.6903,-39.528,-952.088,-288.896,5040,22680,-1960
19.3062,16.0958,12.6357,15.7459,2.68087,10.1892,29.7958,29.3104,22.1986,8.99051,14.7514,7.6941,10.6762,26.216,43.0133,31.3489,-40.992,-957.944,-290.36,6580,23520,-2800
15.0169,10.2281,23.6806,14.9663,26.2697,37.7428,37.8044,35.6091,8.44368,12.5774,16.9816,9.67586,24.2793,44.6955,44.8979,42.7957,-37.088,-956.968,-297.192,7560,24220,-3220
-2.47011,-14.4263,22.5093,-5.33748,27.6548,38.736,24.0508,24.4452,-23.6512,6.56575,8.17719,4.88604,23.1055,40.3769,6.17281,32.1618,-38.064,-956.48,-295.24,8400,25060,-3640
-25.5102,-32.8158,9.80186,-32.0048,9.39416,17.6418,-4.84115,-2.91116,-53.1792,-12.5703,-13.0609,-7.18182,7.07594,21.0028,-41.9269,4.61309,-39.528,-960.384,-298.656,9940,24780,-4200
-20.6248,-13.6655,7.25252,-17.7957,10.8828,5.43035,-4.13574,-9.18706,-32.9957,-13.8035,-14.2558,-1.13271,2.58278,13.256,-33.704,0.937687,-38.552,-954.04,-298.656,12180,22680,-4200
-3.39869,17.3823,3.96145,22.1419,18.007,2.29845,13.574,-0.139386,16.4237,-6.78193,-3.98709,5.21893,2.53576,8.35227,21.9257,5.80688,-39.04,-952.576,-300.608,13300,20580,-4060
2.32267,-20.537,-7.10231,-15.6294,-14.0853,-1.3305,-7.45845,-1.19051,17.7539,1.54155,3.77275,-16.4971,-0.0507317,-5.43229,-0.323578,-6.71922,-36.112,-949.648,-284.016,13300,18060,-4060
-4.52113,-28.2271,-4.48451,-29.6656,-13.9452,7.74207,-12.687,1.45648,-7.19372,-0.205841,0.332211,-12.6768,3.78315,-2.97623,-29.8555,-4.21039,-33.184,-959.896,-293.776,12600,14700,-3920
-24.944,-46.3147,-10.7573,-49.3775,-19.9361,1.47724,-22.8092,-5.03363,-45.5486,-15.2647,-9.52683,-21.0683,0.504082,-6.27394,-59.9462,-10.3106,-31.72,-995.52,-367.464,13300,12320,-3640
-7.78547,-18.2974,-3.43369,-18.7379,-14.5384,-2.84452,-24.3029,-9.73576,-13.7963,-4.37952,-0.714775,-6.79805,3.45642,-3.12174,-27.1796,-18.2274,-33.672,-951.112,-282.552,20440,7280,-2240
26.026,35.2742,8.97115,32.6523,2.82191,-4.77394,-13.8205,-15.7531,37.2351,17.3768,14.6515,21.1928,9.50705,-3.46399,13.6554,-20.5752,-34.16,-968.68,-302.072,21140,2520,-1400
30.9543,50.1325,14.0123,36.6981,12.0324,-3.51615,-1.04112,-11.6345,53.7448,17.1823,10.5357,29.0828,7.84668,5.29278,14.8917,-8.27856,-27.816,-944.768,-281.088,22960,1120,-980
10.8078,30.1137,6.92032,32.9561,9.32448,1.05267,11.4914,3.55269,20.2309,9.1061,8.59712,12.988,6.11471,7.01397,33.7327,5.44237,-27.816,-963.8,-301.584,20440,-2520,-560
-12.4536,-6.77123,-6.47496,1.32198,-4.03078,-1.37247,-0.0965576,2.65637,-26.5016,-2.87031,2.12208,-6.41471,-1.37508,-9.43134,8.85773,-0.0273521,-26.84,-958.92,-273.768,21700,-2660,-420
-9.92086,3.15581,-7.5844,10.1765,1.95662,-8.80222,4.34745,0.23306,-14.8915,-2.82043,1.96262,-3.46006,-5.18602,-10.0347,15.5732,-0.0893702,-28.304,-974.536,-295.24,20160,-3080,0
8.58494,10.1043,-14.3009,13.2832,1.98565,-24.0897,11.6575,-1.0489,29.591,1.67645,-7.71416,-0.668476,-25.7489,-23.6173,26.9588,-1.13672,-27.816,-968.192,-297.192,21700,-1960,560
7.85482,5.06161,-14.7557,6.61816,-10.9536,-16.4697,9.20429,5.79015,30.2436,-2.64612,-12.6511,-2.60235,-25.5161,-20.6846,19.9414,-0.321055,-28.304,-981.856,-308.416,22680,-2380,1260
-0.307862,-2.31157,-0.291407,-4.08319,-11.7,3.96622,2.64276,9.47218,-5.74454,-0.688712,2.34777,-0.35148,1.32626,7.67891,-3.10746,6.3719,-30.744,-948.184,-280.112,24780,-1820,1820
-18.3504,0.78708,8.09636,-23.5518,-2.33302,14.97,-8.04639,0.748675,-21.087,-9.80663,1.71851,-1.19818,17.7321,26.0317,-32.251,4.16963,-35.136,-968.68,-275.232,24220,-1960,2240
-32.1488,-23.4519,2.68423,-17.7049,1.37481,15.0857,0.485271,-1.11699,-41.6662,-12.0243,-0.133964,-22.1308,13.0473,20.9477,-4.24261,5.51101,-31.72,-967.216,-268.4,25760,-2800,2940
-2.06519,-41.665,17.0278,-18.1781,7.51498,23.1048,6.91677,9.20161,-29.7873,17.641,16.0451,-13.264,17.3378,22.2681,4.85859,10.0359,-31.232,-976,-277.184,25620,-5460,3500
6.00214,-39.7473,13.7654,-21.3844,6.83482,12.3936,2.73295,6.1985,-31.7797,14.7163,-2.15933,-2.85068,-0.883388,12.8067,-11.3345,5.12666,-32.696,-966.24,-272.304,26460,-6300,3780
35.247,15.6347,13.4153,7.67096,20.4372,-0.155379,11.9361,7.82615,31.3588,14.9315,-14.8952,27.7185,-13.6731,9.86938,0.78835,7.78862,-28.304,-966.728,-266.936,26040,-8540,4340
13.7707,42.4849,-7.513,50.9083,24.0495,-9.87343,18.7678,-0.159912,17.0509,-14.7809,-22.686,24.496,-16.0166,-6.67525,35.8773,2.00816,-31.72,-968.192,-264.008,26460,-9520,4760
-2.73692,28.9799,-15.4859,30.034,4.83945,-9.26289,5.58302,-3.9504,8.41623,-20.705,-8.86604,7.01491,-11.2693,-18.5339,22.7207,-3.63918,-31.232,-969.656,-257.664,26460,-10500,4760
11.248,41.9837,-24.5659,3.1454,-26.7589,-24.4198,-24.2271,-18.6175,68.4362,-8.219,-4.69412,-0.240314,-21.3893,-42.364,-13.2365,-22.028,-32.208,-965.264,-255.712,26880,-10780,5040
-8.06805,-8.7587,-26.1485,-28.904,-38.3547,-24.5885,-28.4065,-15.1302,6.59849,-4.63624,0.448162,-22.0477,-18.2716,-35.6001,-40.6514,-19.0822,-37.576,-968.192,-238.632,26460,-10500,4760
-20.5149,-27.9824,-3.88801,-26.6803,-13.5082,-6.7085,-19.4308,-9.01721,-53.7835,-0.39386,11.3648,-18.1234,8.01629,-8.24382,-41.0539,-10.6339,-39.528,-974.536,-236.192,25620,-9660,4340
-11.1201,22.208,8.57146,31.0679,22.3111,5.16859,7.0722,-5.47429,-18.0039,0.911028,11.2053,8.18439,18.2451,-5.7267,10.0115,-0.492808,-39.528,-978.928,-235.704,25200,-9520,3780
7.95874,22.4381,14.5322,27.4297,8.2023,2.90291,10.5421,2.2192,36.2105,6.61353,9.10926,11.2855,12.6441,3.21247,22.5736,5.1177,-40.504,-980.88,-230.336,24920,-9940,3360
24.6739,17.9763,23.1236,20.8567,13.2448,7.8224,26.564,17.5733,42.2656,15.8011,-2.31642,23.6973,-0.898216,26.5318,36.5585,25.4515,-45.384,-971.12,-214.72,24360,-10500,2660
28.4201,8.10845,18.0405,-2.68287,14.2318,15.6491,23.9524,20.5956,27.7904,18.4789,4.46722,25.0125,4.67557,27.896,23.1341,27.3133,-42.456,-1012.11,-254.736,22120,-10920,1960
14.1953,1.82314,10.0367,-16.5587,9.05637,17.0711,3.48358,8.2185,6.19829,11.9855,13.2328,14.1822,19.2796,18.2486,-10.2669,11.4729,-41.48,-1010.65,-229.848,25060,-11900,2100
-24.7913,-26.9131,-1.97578,-12.4618,2.56797,8.53875,-0.674364,-3.49161,-45.4072,-9.15801,-2.2171,-19.0295,12.5477,9.88009,-3.92768,1.86619,-46.36,-1018.46,-304.024,25760,-15400,1960
-40.6385,-50.2523,-9.97105,-17.7032,-4.94781,6.98794,2.73213,2.29957,-64.9287,-20.5495,-10.1018,-38.94,5.22403,2.60636,-1.23553,5.33557,-45.384,-977.464,-198.128,28560,-17920,1960
-23.0865,-46.7485,-8.76069,-34.418,-14.7763,6.01145,-8.36221,6.0845,-35.5147,-14.0704,-5.47668,-29.2822,1.78721,-5.78903,-28.687,0.806103,-47.336,-986.736,-209.84,28700,-23380,2240
-15.1133,-24.8503,-14.2483,-25.5824,-19.2867,-7.99979,-16.5099,-2.86594,-5.49918,-18.6328,-10.9935,-19.2163,-11.3076,-16.6446,-30.0551,-11.2572,-38.552,-1012.6,-267.424,29820,-26320,2240
14.9721,31.533,2.6808,16.3343,1.95367,-13.3009,-15.3338,-17.5833,36.0452,5.30527,2.15524,16.9529,-5.91011,-5.43539,0.577507,-25.1691,-30.744,-987.224,-259.616,30520,-29260,2660
22.5758,37.9857,5.52725,26.9918,2.2255,-13.1758,-19.8528,-22.24,35.3862,15.4568,11.6093,22.5323,0.905724,-4.02081,13.2598,-32.1385,-26.84,-976.976,-237.168,31080,-30660,2940
10.599,8.38169,0.763446,-4.58679,-10.8282,-1.97652,-18.354,-0.0885789,17.2068,10.5904,11.1786,4.18129,3.06616,-0.238138,-18.3455,-9.99204,-20.496,-987.224,-242.048,30520,-31220,3360
-7.27458,-10.1586,-7.92268,-14.1066,-19.5653,-1.85313,-14.3806,5.93678,-7.7721,-0.0808027,2.79556,-13.6816,-4.2868,-5.56779,-18.4092,-0.197208,-16.104,-982.344,-249.368,31220,-29960,3780
-20.3477,-32.6532,-8.788,-16.0679,-9.58318,-0.827763,-2.29183,1.51907,-48.6042,-5.6322,-2.19724,-16.3579,-6.14598,-5.75549,-3.58797,2.29183,-12.688,-976.488,-255.224,31500,-28560,4200
-10.3814,-14.1963,-1.46532,7.13911,13.2146,0.93831,19.7708,0.324588,-29.0653,-5.00045,-4.23078,-1.24457,-2.95737,1.54769,23.2951,7.50635,-10.248,-975.512,-257.176,31780,-25200,4620
6.69184,20.6517,6.47801,26.3215,21.1439,0.591818,25.636,0.236008,18.7431,-1.57546,-5.95387,14.6415,-2.58784,6.45912,35.6315,8.38055,-11.224,-971.12,-264.496,31920,-23240,5320
4.81697,-1.57451,0.816221,-0.493717,-0.69558,-5.52646,1.87062,-4.89178,8.61584,0.920628,-1.55021,0.0623205,-5.72908,0.342745,13.4759,-3.62867,-14.152,-966.728,-261.568,32340,-20580,5740
-4.41523,-6.65683,-3.77404,-1.39386,-4.70767,-1.56288,-9.88857,-0.207338,-15.1551,-2.38431,-0.816958,-3.40621,-3.81525,-3.31641,2.03951,-6.79431,-16.104,-965.264,-258.152,32620,-17780,6300
-19.0041,-29.8736,-16.2218,-37.8862,-24.2765,-0.738088,-20.3662,5.94133,-28.3555,-13.3066,-6.98844,-22.9288,-7.38792,-14.1195,-45.3721,-3.24803,-20.008,-965.264,-258.64,33040,-16100,6580
1.15676,-16.3613,-3.29505,-35.3588,-14.484,8.2027,-5.75857,15.0367,-2.76476,2.53247,5.70754,-10.6947,4.85538,-2.31511,-44.2183,11.5165,-21.472,-964.288,-257.664,32060,-13580,6440
21.9549,14.9809,17.378,7.06916,17.9465,13.6621,19.252,7.4191,18.0293,15.0028,4.2833,17.7624,11.0768,19.5408,4.43267,19.3468,-21.96,-958.92,-256.2,31500,-11760,6580
29.4731,40.7111,22.2249,43.6548,37.4897,13.4965,38.1355,6.48873,35.3535,18.1188,4.87474,31.6693,11.7411,27.7616,44.578,26.7545,-21.96,-959.896,-256.688,29260,-9100,6300
37.3077,59.1275,22.3167,46.2762,32.0626,2.11938,17.3302,-6.60771,55.1353,18.6521,5.34902,40.7386,8.96419,19.233,23.8544,7.53826,-23.424,-967.704,-266.936,26600,-5880,6020
9.88869,30.297,6.89753,29.9243,18.0221,-1.36087,11.4388,-3.47528,22.8722,-0.744813,-7.50918,18.8457,-3.07021,4.80952,22.2339,-0.263861,-26.352,-968.68,-255.712,25060,-3220,5740
3.11894,42.3635,0.348287,47.0151,20.2952,2.00738,15.851,0.0696939,29.4685,-8.69174,-9.6121,18.5367,-3.54835,4.25323,42.5846,0.242555,-31.72,-968.68,-246.928,25340,-700,5740
0.356196,19.38,-2.00411,17.2256,0.445133,-1.49229,-6.37072,-4.58245,5.45582,-1.06566,0.467539,6.55212,1.41827,-1.86581,6.54227,-8.51339,-37.576,-970.144,-256.688,25760,560,5740
-12.3142,-27.3313,-15.3797,-34.1175,-30.2582,-8.97034,-24.2816,-4.38407,-13.5358,-7.08806,1.14582,-25.8094,-5.23761,-18.633,-33.0112,-13.1063,-41.48,-959.896,-256.2,25900,1540,5320
-30.7071,-61.5993,-25.1009,-53.6342,-40.2371,-9.44058,-19.9358,0.99372,-33.5192,-18.4635,-2.47716,-46.9353,-9.11515,-24.4684,-30.8863,-6.84832,-43.432,-957.944,-254.248,25480,2380,5180
-52.5331,-89.4732,-21.7085,-63.2875,-35.2959,-4.69365,-15.5488,2.13729,-90.2574,-23.5526,-9.21002,-52.5588,-6.82174,-14.9163,-37.0603,-2.5353,-48.312,-956.968,-241.072,24220,2940,4760
-24.7433,-44.9319,-6.85629,-29.5024,-8.7296,-3.53235,-2.36386,-0.76851,-48.9002,-9.34068,-6.99708,-21.036,-2.99339,-9.3054,-21.9316,-0.895639,-45.384,-961.848,-244,21280,4060,4200
8.76966,14.9216,-4.58798,18.7477,4.98899,-16.9657,-1.84328,-14.2539,18.8027,3.82335,-3.60826,7.55825,-8.85272,-21.4387,14.2665,-17.075,-45.872,-959.896,-245.952,19740,5040,3920
31.2196,45.2048,1.1943,35.422,4.82205,-14.4276,-3.16316,-8.60842,59.6815,14.2202,5.00952,25.9762,-8.42108,-12.7306,25.3674,-13.4609,-53.68,-959.896,-233.264,19320,5740,3640
40.0566,51.4125,16.2448,32.9739,9.63191,3.72508,8.55945,12.1246,65.0811,24.6987,17.8233,33.4582,9.35757,12.8983,27.7567,11.6912,-50.752,-956.968,-229.848,18900,5880,3220
31.8104,35.4303,21.5353,12.6814,17.1095,13.974,15.5605,14.6616,52.9776,21.5474,16.7914,24.89,15.8279,25.8833,11.1529,21.0953,-49.288,-960.872,-226.92,17640,6300,2800
12.5991,3.81937,16.4069,-2.08395,14.1479,14.5199,10.2117,8.37456,11.8385,13.1645,14.0849,10.3101,13.5752,18.4756,1.0143,12.9518,-48.312,-963.312,-233.264,15540,6720,2240
-20.1521,-16.7092,-3.79541,-4.14507,1.172,2.88837,-4.50511,-3.0498,-41.1021,-9.52383,1.33159,-10.6801,1.86489,-0.185789,-8.91866,-2.31355,-46.36,-969.656,-236.192,14420,7000,1820
-30.9164,-27.7676,-10.8297,-19.6422,-12.125,2.13224,-11.4971,-1.35962,-45.5705,-19.3281,-5.7651,-22.6143,-1.48708,-4.9469,-20.248,-6.16296,-43.92,-973.072,-228.384,12880,7000,1540
-27.4607,-25.5548,-8.76475,-14.4826,-9.69435,1.07259,-10.8228,-5.46369,-45.586,-16.0822,-10.0076,-20.245,-2.59877,-4.66957,-9.22972,-10.3995,-41.968,-968.192,-228.872,11620,6720,1260
-22.0676,-27.0779,-2.89466,-15.64,-2.47321,3.10486,-13.0716,-10.1101,-61.3669,-7.69067,-7.81411,-11.2811,-0.99309,0.819154,-15.3409,-13.832,-41.48,-964.776,-225.944,10780,6580,1400
-4.54184,-3.26494,4.15517,3.16169,8.52103,6.73282,-0.911607,-3.30223,-23.0517,-0.277997,-7.72213,2.92944,0.528545,7.86178,0.39518,-2.28687,-37.576,-966.24,-224.48,8960,6440,1260
8.34492,13.7597,6.03966,3.85302,6.45188,8.20205,7.17541,7.8409,20.587,3.20083,-6.04127,8.58975,2.11418,9.82657,-3.88541,12.0004,-37.088,-964.288,-223.504,7280,6860,1260
8.79078,7.57421,-0.8321,-8.61815,-5.77933,-1.17744,-2.225,-0.564332,28.4994,-2.37061,-5.3967,3.08562,-1.39294,-3.08796,-16.0255,-0.393987,-32.208,-969.656,-214.72,5180,7700,1260
1.00864,8.97458,-3.66175,12.4134,3.68237,-4.00061,10.3774,2.0257,17.4248,-7.19839,-6.55124,1.9246,-4.23249,-3.55382,17.103,2.47709,-35.624,-966.728,-211.304,4760,7840,1540
7.52322,18.3928,-2.96605,19.5392,4.52735,-8.72523,9.57917,-2.13148,31.6205,-1.40663,-5.55871,5.76879,-6.6869,-6.25006,19.8764,1.18991,-33.672,-968.68,-214.232,5320,7420,1820
14.724,19.1084,-0.526589,14.2733,1.46648,-15.738,-1.25246,-6.63399,27.4916,10.3084,5.96921,10.1681,-6.5525,-8.52805,7.93747,-6.44588,-34.648,-971.12,-214.72,5320,6720,1820
9.10999,7.23667,3.88224,3.92454,-2.58487,-10.5655,-6.80165,-7.8638,4.96958,10.6658,8.16027,5.3423,-2.20626,2.38629,2.44958,-8.89304,-30.256,-974.536,-223.504,4760,6580,1960
4.46103,8.33764,13.2808,3.20696,4.75412,15.934,0.846259,7.34324,-3.24856,9.10572,10.1958,7.38682,10.9153,21.6733,1.14204,6.73659,-31.232,-975.024,-221.552,3780,6720,1820
-6.6097,-22.1828,3.29801,-28.2696,-12.6918,13.8781,-13.3689,8.60574,-23.7601,0.97966,6.59041,-10.6613,7.00574,7.27637,-24.5084,2.12461,-26.352,-973.072,-223.992,3500,7000,1960
-14.3501,-30.7355,-7.68599,-28.3551,-14.3921,5.59402,-8.9195,5.71035,-24.9487,-8.27616,-2.20813,-18.4936,-1.74229,-2.23808,-19.6062,2.42047,-27.816,-972.584,-226.92,3640,6720,2100
-14.4174,-16.6621,-6.12044,-4.73824,5.04056,0.485785,11.2753,3.14229,-23.7239,-8.67613,-7.077,-7.9718,-4.325,-1.55231,4.9177,11.0849,-23.912,-969.656,-221.064,3780,5740,2380
5.24219,15.4797,-3.4162,24.7563,19.1436,-9.87812,25.5361,-1.42853,16.4233,-1.83502,-5.84378,9.06013,-5.61553,-10.3896,29.5341,10.4792,-24.888,-965.752,-219.112,3500,5320,2520
4.57419,4.44477,-10.7984,3.09695,-8.06374,-15.0618,3.66966,-3.80014,17.4439,-1.77912,0.397344,-2.32148,-6.87167,-20.5131,1.28335,-3.57367,-21.472,-965.264,-213.744,2660,4900,2660
6.04732,-1.08259,-0.273916,-12.3479,-15.9067,-5.32061,-13.0707,-5.18721,5.26679,4.9257,9.10649,-2.17947,4.16922,-2.99516,-18.5485,-8.72725,-19.52,-965.752,-212.768,1820,4900,2800
11.7077,13.272,7.44235,1.78887,-1.24203,1.03707,-12.097,-9.68823,12.1036,8.28512,8.62225,8.13647,6.3892,4.95836,1.73613,-11.6563,-19.032,-967.704,-207.888,280,4900,2800
24.0435,22.374,7.5035,18.8604,16.0978,3.35342,9.22313,0.825285,40.8078,11.4601,6.10248,16.7824,2.7332,3.06335,27.5536,2.43934,-23.424,-971.608,-215.696,-1260,5040,2800
-1.44242,-0.637398,1.749,7.49548,10.0881,6.85333,15.6584,8.85344,5.77938,-5.2066,-8.4486,3.58812,0.623945,8.53669,12.02,15.4928,-20.008,-972.584,-210.816,-1820,5180,2800
-4.64058,-13.7419,9.34432,-7.83555,7.04256,8.22187,4.6725,-1.64581,-24.5625,1.39612,-3.95079,2.9892,7.05089,13.3738,-10.452,5.33372,-22.448,-974.536,-210.816,-3080,6300,2520
8.7327,9.68789,6.77528,23.5707,12.5962,1.77445,2.69383,-7.58575,0.747012,5.05075,-3.62028,10.4584,0.343095,-0.0885224,19.9701,-9.45951,-21.472,-977.952,-217.16,-3220,7700,2380
-8.8447,5.85547,-20.2783,14.0742,-10.0365,-14.9373,-10.085,-4.92771,-4.91512,-13.4647,-11.1684,-4.34733,-19.8582,-33.7419,4.8362,-15.7811,-28.792,-972.096,-221.064,-2800,9240,2240
-4.80736,28.6221,-10.1768,18.6371,0.0775396,-9.92063,5.51815,13.7856,12.4239,-5.36491,3.8067,4.47836,-5.77108,-5.3406,6.18317,9.86151,-28.304,-970.144,-222.04,-2380,10920,1820
0.337447,15.5711,2.62724,4.71289,-0.431021,4.03092,7.21995,13.3506,18.2994,6.65678,17.5876,-3.74146,9.64848,14.2479,8.32959,12.9535,-33.672,-969.168,-222.528,-2240,12040,1540
-10.3478,-36.0165,9.51037,-35.8558,-6.15917,17.5615,-1.28061,7.48518,-26.04,10.6758,19.7983,-16.1329,17.8785,19.1856,-24.7333,8.12345,-32.208,-966.24,-224.968,-1820,13300,1120
-2.16068,-25.6136,11.7005,-26.0998,1.9818,15.5851,-5.11111,0.0166656,-11.563,7.02714,2.73506,-4.96533,10.5982,18.5295,-27.1893,2.11112,-35.624,-965.264,-220.576,-2100,14280,980
11.3008,-2.86958,4.37868,-6.67108,-1.61805,6.23052,-11.7622,-3.0467,17.1046,5.8028,-1.5454,2.95728,4.39353,-0.163164,-14.1148,-4.85552,-38.552,-965.752,-220.576,-2240,14420,560
-5.03227,-4.11081,-8.22082,8.3109,-6.63228,-8.22221,-9.34719,-8.53321,-10.7632,-6.35141,-8.42559,-5.67692,-6.45657,-18.037,1.71648,-12.615,-39.528,-965.752,-223.504,-3220,14560,420
-11.1291,-9.72118,-10.6584,-7.18035,-12.4245,-16.1913,-10.0978,-8.85992,-13.6483,-13.0922,-17.7128,-10.0711,-14.9714,-15.3895,-6.95081,-14.1483,-37.576,-970.632,-219.112,-3640,14420,280
-9.86866,-20.1955,-4.41247,-14.8281,-11.2457,-2.4663,-5.71468,3.05226,-19.3979,-12.2242,-10.9219,-10.4459,-4.40367,2.97467,-0.784383,-2.9958,-38.064,-971.12,-224.48,-3920,13860,140
-15.7527,-27.178,-1.19285,-16.8415,-4.53035,11.9427,-1.12591,10.7637,-38.9742,-11.6665,-3.75422,-11.2909,6.77633,6.2697,-3.37457,7.54225,-37.576,-970.144,-222.528,-4200,13300,0
-29.6682,-28.7303,-8.93727,-24.8788,-9.23673,1.4176,-7.36191,-0.240034,-45.1925,-20.9918,-12.9982,-21.3245,-3.56019,-5.0201,-18.0752,-0.959168,-41.48,-970.632,-221.552,-4900,12880,-140
-13.3658,-10.406,-4.94181,-5.68783,0.592305,-5.45884,-1.43256,-8.72334,-14.9805,-8.53542,-3.77647,-9.03512,-4.78129,-4.05038,0.693163,-6.80157,-40.992,-974.048,-220.576,-5040,11900,-140
5.93073,15.936,-3.99789,12.9872,2.03656,-13.1556,-4.11693,-16.5069,16.4061,1.416,-5.29155,7.36108,-12.1152,-18.1164,4.28802,-9.17318,-42.456,-971.12,-220.576,-5460,10920,-280
19.3628,30.2071,2.87938,19.3227,5.14229,-12.7312,-2.02362,-12.9691,19.6186,13.4128,1.46164,23.4429,-9.76797,-12.8841,-1.71035,-7.27303,-36.6,-971.12,-222.528,-5740,9940,-420
21.2852,31.5398,8.14909,9.64274,5.98582,-2.08289,6.18923,-1.09965,23.8476,12.819,6.85253,23.5984,4.7144,9.97062,-6.86637,2.58444,-34.648,-973.072,-224.48,-6160,10080,-560
26.8875,43.3901,14.2612,25.2465,14.5611,14.618,15.7509,7.13733,50.8697,13.9163,16.5994,20.5986,19.6465,20.0871,23.9631,7.62875,-38.552,-968.68,-222.528,-6160,9520,-700
4.50507,5.07548,8.21541,4.70371,3.54794,16.1629,3.22367,8.44726,27.8355,5.49812,17.36,-2.50792,19.4759,16.6379,14.4882,4.59162,-35.136,-970.144,-221.064,-6860,9240,-1120
-25.9748,-45.6395,-10.8107,-36.3042,-17.9028,-2.14281,-12.4788,4.65234,-21.2883,-11.2122,5.32455,-29.7103,-0.989319,-1.29122,-22.8433,-0.0526309,-36.112,-976.488,-221.064,-7280,8820,-980
-14.2293,-46.1391,-9.28085,-32.7018,-10.4026,-15.566,-1.62568,4.36695,-43.8421,-0.612185,-13.9668,-15.4125,-24.4444,-11.1217,-20.0719,4.32617,-35.136,-972.584,-216.672,-7700,8820,-1260
46.5093,60.5305,0.246801,61.6628,36.9403,-20.1924,38.2666,8.3152,46.964,20.9775,-23.9358,49.3025,-37.8657,-24.0608,49.7614,16.4953,-32.696,-979.904,-220.088,-8120,9100,-1400
52.5478,87.4657,-9.32887,74.7653,22.3304,-22.4735,28.1698,1.62765,82.4411,8.828,-10.7683,47.045,-26.5602,-25.0433,55.6804,5.86707,-33.184,-976.976,-227.408,-7980,9380,-1400
26.4926,59.9908,3.85432,51.6296,5.72766,-1.6375,17.1115,3.02794,48.801,6.43342,17.0336,20.5982,6.38567,8.10323,44.3838,3.28722,-29.768,-976.488,-227.896,-7700,9800,-1540
-1.52605,15.5035,16.1657,14.6204,8.88353,20.3904,13.0255,8.51746,12.0514,5.41895,29.4687,-4.41464,31.3677,29.9789,31.1124,8.99259,-33.184,-974.536,-227.896,-7700,10360,-1540
-11.138,-17.5134,18.8815,-14.8712,6.74392,32.6245,5.18838,12.6712,2.56113,6.4406,23.8562,-15.9583,35.7035,31.2095,4.1529,15.7661,-32.696,-973.56,-223.504,-7700,10920,-1680
-34.0565,-48.6898,13.1232,-33.4838,-4.10273,23.3548,-16.0285,-4.17661,-60.912,-3.37526,6.50544,-23.8927,23.5604,21.5939,-33.9038,-2.40782,-36.112,-971.12,-224.968,-7980,11760,-1820
-49.4871,-74.5557,-0.658714,-53.1868,-17.119,8.91646,-35.0905,-16.5988,-103.914,-17.4544,-12.4391,-34.8145,5.85869,8.17974,-58.3628,-20.8963,-36.112,-972.096,-226.432,-8400,12740,-2240
-17.3891,-33.1178,3.67222,-30.5916,-4.29654,11.2133,-25.6636,-11.0455,-39.767,-8.43307,-13.745,-8.51669,2.78664,11.3602,-41.231,-14.7963,-36.112,-972.584,-226.432,-8540,13580,-2380
-13.4787,-26.4976,-2.67453,-41.9925,-15.9562,10.2335,-25.5654,-5.3623,-21.1924,-12.7907,-14.2565,-8.76123,3.15362,4.90753,-54.528,-3.7665,-36.112,-969.656,-224.48,-8960,14560,-2520
1.13081,-1.3451,1.79737,-16.664,-4.41756,10.8054,-8.38464,-1.85694,14.6285,-2.12863,-1.30543,0.213979,8.6737,11.1102,-22.9433,3.94032,-42.456,-967.704,-223.992,-9380,15680,-2520
-18.5637,-30.0973,-4.004,-24.3297,-5.97282,10.1318,-4.55898,-0.969513,-21.0925,-8.63128,-6.71796,-18.2055,4.78813,8.70252,-15.8962,0.731479,-37.576,-970.632,-226.92,-10220,16800,-2800
-12.0694,-25.2069,0.320488,-13.489,-0.501281,14.191,2.74168,12.6566,-16.212,-3.50484,-5.44305,-11.9792,6.91821,13.4821,-5.51916,13.2988,-41.48,-974.536,-225.944,-10500,17360,-2800
-18.213,-31.2543,-8.4667,-27.37,-9.29331,4.28778,-6.43814,5.79749,-30.5735,-12.3669,-4.02971,-16.3533,1.86503,-5.99988,-28.1196,5.68074,-40.992,-974.048,-231.312,-11060,16940,-2800
-19.3973,-22.8302,-40.407,-18.8715,-17.9888,-55.1536,-14.8046,-31.0523,-20.7429,-20.3664,-20.2089,-20.8844,-40.3879,-79.4735,-23.7996,-29.2534,-42.456,-973.072,-225.456,-11060,16240,-2800
22.6842,34.7467,-39.443,42.3307,-11.3133,-93.4818,-0.371424,-34.9348,39.3548,2.67975,-26.4404,12.524,-73.3055,-101.322,30.0268,-37.8223,-41.48,-974.536,-231.8,-11480,14700,-2800
55.8753,79.9234,-9.55137,77.8038,-13.8874,-44.0116,20.7589,7.76437,78.8305,24.4059,24.659,40.4216,-20.8177,-38.8165,70.48,-4.86269,-39.528,-974.536,-225.944,-11760,13860,-2800
40.7287,61.687,13.6964,51.411,0.257587,-1.62026,20.3775,9.56592,69.1726,21.5623,47.3637,27.6057,27.1847,11.6324,80.9702,1.67683,-40.504,-969.168,-226.432,-12460,12600,-2940
6.34381,19.4451,21.8873,18.7143,14.818,15.1285,10.1404,7.25115,10.5422,18.6166,38.278,9.46655,33.0206,12.2382,46.1241,-0.781012,-40.016,-973.072,-221.552,-13160,11900,-3220
-2.79662,7.11914,12.5616,3.93306,-0.669877,3.98751,-6.17773,3.58221,6.35452,10.9063,11.1281,-0.788407,12.8692,10.4523,2.49554,-0.840641,-39.04,-974.048,-211.304,-13860,11480,-3360
18.3202,0.219176,22.3197,-15.3533,9.70841,20.7696,7.26312,21.985,15.9356,20.0413,4.97448,10.9931,11.0602,33.1016,-11.9168,21.4882,-37.576,-976.488,-204.96,-15540,11900,-4060
17.7692,-6.71724,23.5533,-12.5146,25.0778,35.2161,20.7901,32.4744,-2.48116,14.7464,7.77098,17.7687,12.9785,45.4081,-5.58414,32.9321,-37.576,-983.32,-194.712,-16240,12320,-4340
6.61654,2.31415,8.86562,-0.169817,21.693,21.8649,15.7582,20.8102,2.04121,3.56263,-0.737794,11.5556,2.75101,28.9421,-7.89166,24.1165,-36.6,-988.2,-192.76,-17080,13300,-5040
-5.86156,-14.2853,2.85525,-17.1573,9.02825,15.2896,13.2234,13.957,-26.1578,0.888432,-26.55,-2.90126,-14.5955,16.8888,-24.3089,22.917,-36.112,-983.32,-193.736,-17360,14000,-5600
-12.9725,-25.7248,-14.2885,-26.1974,-1.25132,4.0976,4.68351,-0.377484,-42.4694,-26.4547,-66.701,-6.41761,-41.4937,7.71904,-28.997,12.3514,-37.088,-971.608,-204.96,-17920,13720,-6300
-4.70869,26.6626,-26.0699,24.168,9.72896,5.50451,3.08485,-9.29739,13.8896,-45.6841,-51.2837,8.09304,-26.0338,-0.300263,16.7586,-8.35974,-37.576,-969.168,-213.256,-18480,13020,-6720
-18.7153,32.506,-19.8962,45.7319,12.2047,1.7621,-7.35096,-26.8495,21.1744,-38.5758,-26.2408,-11.933,-6.27615,-7.1891,41.4812,-33.9646,-40.016,-963.312,-212.768,-19040,11900,-7140
-23.1243,-6.82923,-3.57695,8.48684,-10.1178,10.7717,-27.6395,-15.0084,0.589392,-14.2118,7.32392,-25.6923,17.0828,-1.74823,-1.63243,-25.7503,-37.088,-962.336,-213.744,-20440,10360,-7700
-13.5566,-23.62,11.7752,-23.5661,-15.1163,16.4184,-23.3544,8.57184,-15.8361,5.0583,29.8875,-15.4125,28.0705,7.37421,-42.4927,3.86597,-38.552,-963.8,-216.184,-21560,9380,-8120
-7.45744,-10.424,3.23121,-13.4007,-10.6195,-18.1477,-13.0243,-19.9053,-13.5831,4.93529,19.1455,-6.40737,5.73624,-15.9362,-22.872,-12.2362,-39.04,-964.288,-221.552,-22960,8820,-8540
-8.07138,-2.49215,3.6404,18.8309,6.43259,-20.157,8.93714,-18.5076,-18.0218,8.26923,13.5207,0.772992,-2.24462,-11.9555,25.1533,-10.0058,-34.16,-963.8,-223.504,-23380,8960,-9380
6.53485,-3.54335,6.79222,2.57713,-1.65006,4.88436,1.06841,9.77176,-2.12152,18.863,21.4855,3.42539,11.7043,3.28691,2.34779,10.3005,-28.792,-960.872,-227.408,-23940,8120,-9800
17.9442,-1.17059,4.68375,-29.2687,-8.18203,4.20026,-2.9986,8.8944,20.9611,16.9171,11.0491,3.94129,9.6479,-3.34473,-31.0242,15.0024,-26.352,-959.408,-228.872,-24780,7560,-10360
0.837055,-26.1424,-10.5994,-33.0106,-1.69836,-32.9276,6.04622,-13.1499,-13.9502,4.41294,-2.76013,-8.11917,-12.5219,-31.3996,-28.7672,1.25468,-24.4,-965.264,-234.24,-25760,6860,-10780
-29.3337,-55.9818,-28.7599,-32.1612,-25.7919,-46.6121,-6.35576,-15.6767,-64.2894,-14.0255,-6.80111,-27.7974,-22.0836,-45.6631,-24.9137,-14.9083,-20.008,-969.656,-231.8,-26740,6440,-10780
2.51864,6.67526,-0.462466,9.41978,-19.7325,-0.882016,6.13462,10.2418,10.5425,5.43935,20.6686,-1.24579,12.3694,-1.34865,20.5331,3.70784,-21.472,-973.56,-230.824,-26880,6720,-10500
25.3655,29.8732,32.246,8.05233,2.10196,39.878,15.2685,22.9475,47.0588,28.6087,26.0704,17.7586,34.9258,45.3757,28.655,22.8402,-20.496,-973.072,-223.992,-26880,7280,-10220
-0.746643,-1.45097,22.8063,-15.508,16.5997,36.8333,14.0363,12.1668,3.6571,5.39832,-0.890664,7.51617,22.4834,42.7831,2.79339,19.8277,-23.424,-967.216,-217.16,-26180,7280,-9800
-14.4696,-22.9038,3.04231,-20.0425,4.65393,19.0451,-10.3662,-8.66537,-17.9914,-9.16877,1.00468,-7.01213,14.294,21.4102,-11.2159,-9.19105,-23.912,-971.12,-212.28,-25900,7700,-9100
-31.2854,-35.9229,-1.86468,-23.7415,-9.73643,8.21203,-30.1453,-24.1174,-39.3088,-16.8487,-1.23541,-21.2527,10.7289,14.0498,-24.3965,-27.725,-21.96,-969.168,-220.576,-26180,8680,-8680
-22.4294,-16.5929,3.43163,-5.37778,3.30632,4.46553,-22.2492,-21.8675,-26.9236,-10.9762,-4.51391,-10.1047,7.38369,11.3375,-12.7486,-23.1932,-21.472,-977.464,-229.848,-27860,10920,-8260
-14.269,-19.3727,9.782,-7.00283,8.15115,13.9444,-10.9343,-2.49373,-40.4523,0.582277,4.66684,-1.86262,13.9525,15.3906,-16.9335,-6.19207,-27.328,-986.736,-263.52,-28420,13860,-7980
2.55856,-12.5793,6.72301,-23.2622,-3.84357,6.00679,-12.2142,3.44229,-18.2984,3.77791,-18.3171,3.5504,-11.7034,7.85728,-39.1472,2.3309,-33.672,-950.136,-199.104,-26600,18200,-7420
34.0456,9.81978,11.9763,-3.19838,11.4777,3.8257,11.6501,16.7962,19.7765,16.1518,-21.8381,25.9622,-25.2861,16.1566,-8.30057,19.2078,-27.328,-984.296,-214.72,-31080,19880,-6720
17.1318,26.9791,-28.007,39.6201,17.4393,-41.9677,6.92152,-18.5487,19.875,-14.2043,-19.2608,17.9692,-39.4354,-49.6333,35.8831,-21.6588,-31.232,-967.704,-231.312,-28980,20580,-5880
17.1771,78.4337,-70.7371,98.2428,-1.53223,-108.477,-18.0907,-52.8319,66.52,-18.7685,-10.7626,14.4554,-72.3891,-151.759,63.2845,-78.3926,-32.696,-978.44,-223.016,-30520,22680,-5460
51.3986,116.298,-20.8969,115.8,-18.2643,-80.5562,6.23951,-0.884934,96.5757,26.9846,4.96776,35.3577,-48.0499,-79.0102,73.6286,-21.1097,-37.576,-978.928,-219.112,-30940,21560,-5460
78.8298,82.168,49.2619,40.2502,7.62999,22.5685,44.1501,73.5448,80.0199,54.7598,12.2577,53.785,11.3683,56.4635,46.4341,70.0601,-40.992,-968.192,-215.208,-31780,22820,-5600
30.5638,2.42495,19.2473,-42.894,3.54932,65.6842,31.6658,71.14,38.483,4.36117,28.9059,11.0619,42.0658,61.8945,-6.24606,68.8602,-41.48,-963.8,-214.232,-32480,23660,-6300
-14.6228,0.62437,-2.13477,-16.623,13.3973,40.7734,25.7928,32.6776,18.4659,-13.8187,-10.2346,-12.9778,3.32552,22.8337,-1.13549,39.3099,-40.992,-962.824,-210.816,-34720,24220,-7000
-21.2648,-1.55147,-9.45008,13.6294,23.589,9.60244,31.7306,7.11924,-9.15881,-13.3501,-15.2846,-12.5413,-10.3202,1.9892,23.027,24.3411,-40.992,-966.728,-219.112,-36260,24920,-7980
-21.4522,-28.9829,-1.94022,1.5552,10.5592,14.2565,25.3405,0.918545,-44.4285,-14.6779,4.13934,-15.4887,20.1811,22.8867,19.256,20.8288,-37.576,-978.44,-229.36,-36960,25200,-8540
-7.23885,-31.4927,18.2414,-18.4234,5.09712,26.4181,4.76948,-5.26524,-26.9776,-0.302603,-8.86899,-11.1592,16.1167,34.1543,-8.06717,5.69524,-40.016,-979.416,-235.216,-36960,23660,-8960
-19.5131,-44.3186,11.353,-34.4796,2.80708,27.7615,-2.87519,4.38104,-34.6936,-8.77396,-0.54349,-10.3733,14.0769,33.8151,-19.4008,2.90051,-43.432,-973.56,-236.192,-36120,20580,-8960
-45.6937,-45.472,-5.16896,-38.4334,-5.01675,14.5202,-14.0781,-1.64873,-43.9282,-29.0624,-5.80795,-29.8847,11.144,13.1506,-32.2818,-0.170647,-43.92,-967.216,-240.584,-35840,18760,-9240
-49.8827,-46.3578,-16.1929,-37.9003,-25.9201,5.04547,-34.1692,-19.3274,-50.1567,-29.5109,2.69474,-42.1876,14.9532,-15.9541,-44.616,-22.7956,-40.992,-966.728,-238.632,-37380,16520,-10080
-36.4013,-55.5921,-2.33993,-44.5198,-36.0585,2.39218,-44.5237,-34.1101,-53.3992,-4.29084,8.83014,-34.6213,22.6274,-5.21525,-45.2773,-41.5269,-37.576,-970.632,-240.096,-38080,15960,-10640
-8.17128,-32.2615,0.635488,-27.6669,-22.5712,-23.2312,-54.0171,-63.0778,-20.7446,11.9464,-2.86407,-15.0214,3.58558,-18.8552,-29.2153,-68.0919,-36.6,-970.632,-245.952,-37380,15260,-10640
13.3706,-2.38002,0.972311,0.66515,-7.40642,-20.9847,-41.2537,-37.1144,5.43772,11.3747,-1.36627,9.83958,-0.509086,-18.422,-13.6667,-49.426,-41.48,-970.144,-252.296,-35980,15400,-10640
5.10985,-1.60223,8.8873,-8.20015,-14.1734,22.7724,-18.8745,13.4628,-1.48575,3.34423,9.07617,5.10568,15.0723,12.0982,-26.8349,6.87281,-36.112,-969.656,-272.304,-33040,15540,-9940
-16.2203,-20.7371,-0.688641,-39.0472,-6.63386,12.25,0.268632,16.409,-19.1484,-3.56267,8.53801,-9.93067,3.90578,2.61969,-42.1158,22.1566,-36.6,-969.656,-285.968,-31640,15260,-9520
-22.4682,-17.5538,-15.8174,-6.97012,16.9161,-37.3743,26.8327,-4.28108,-30.4852,-10.1411,-7.14415,-8.43104,-25.8626,-28.5603,-3.66724,13.6498,-29.768,-952.576,-292.8,-30940,15400,-9240
28.6466,48.3523,11.1642,79.3769,39.2582,-37.4146,49.1387,-8.61718,22.9405,21.0706,-5.30831,37.4958,-23.569,-1.66641,68.736,14.457,-30.256,-958.92,-286.944,-31500,14560,-8960
59.7213,73.3497,-2.53361,77.9733,30.6266,-61.8403,27.9073,-23.3861,68.7394,29.3318,-12.002,52.3135,-52.0797,-44.3099,68.3093,-14.9954,-25.376,-956.968,-284.504,-29960,11900,-8120
59.7957,80.9506,-34.7501,62.1721,-3.64995,-71.5135,5.58894,-13.1103,85.9506,18.0875,-17.4664,44.6449,-73.6727,-92.9982,44.2115,-23.3161,-25.376,-963.312,-292.312,-27720,8120,-7000
24.0286,50.3916,-10.5825,17.9697,-39.0242,7.93563,4.39071,33.9303,53.612,-1.91571,32.317,11.8653,20.1785,9.57717,10.6208,23.1542,-22.448,-964.776,-297.68,-23800,4480,-5880
-32.9362,-20.5832,25.6133,-59.6955,-21.4024,74.9003,8.55922,47.224,-8.86226,-8.01038,48.6491,-38.6009,73.3819,83.048,-17.4573,47.7932,-15.128,-964.288,-297.192,-21420,1680,-5320
-36.8828,-53.0995,26.9572,-71.9448,5.95567,58.1247,-3.99379,16.6561,-18.8624,1.02563,20.3792,-40.5791,43.9693,57.013,-39.683,17.1044,-11.712,-963.312,-299.144,-18620,-2240,-4480
-19.4726,-44.3745,20.7928,-22.5224,29.1293,29.4066,-3.54267,1.1688,-52.0428,2.22441,-4.7888,0.963302,18.787,31.7804,-28.439,0.474888,-3.904,-965.264,-296.704,-16800,-4340,-3920
-5.53944,-18.878,7.24776,0.739579,11.6988,7.50139,-8.63858,-6.98166,-41.9788,-5.81856,-20.8473,4.68917,3.10869,12.2391,-8.56902,-7.67539,0.488,-971.608,-299.632,-14280,-7000,-3360
2.17126,0.709905,0.850461,2.71335,-4.08778,0.783175,-23.1356,-17.8353,-9.38849,-10.5737,-6.70845,-0.0303948,8.3147,1.64665,-1.26687,-29.6114,0.488,-973.56,-303.048,-11620,-8540,-2380
-31.5848,-34.8384,-18.7425,-23.9445,-23.2077,-6.14091,-40.1346,-24.0756,-36.7377,-27.957,-6.10302,-28.176,-0.647291,-19.3487,-23.0093,-39.9674,-5.856,-990.152,-300.608,-9520,-9100,-1680
-35.8451,-40.713,-19.1483,-27.2613,-29.957,2.27408,-28.9753,-5.28052,-44.6799,-22.0863,-6.0259,-35.1591,2.01285,-17.0858,-30.8372,-14.4117,-2.44,-995.52,-304.024,-5740,-9520,-560
18.1313,14.0299,-0.275267,17.638,3.78248,-9.37756,8.12022,6.89533,7.25893,11.883,-28.7155,9.03016,-28.2988,-25.2019,6.49137,6.44723,4.392,-993.08,-303.536,-2380,-9800,140
64.4868,51.2577,-6.85501,57.5395,30.2389,-45.0575,46.2958,18.073,50.8585,27.6981,-28.466,51.3936,-59.1373,-42.5164,52.917,25.3318,5.856,-986.248,-308.416,1820,-9240,980
85.229,84.627,13.0957,74.7715,39.6743,-20.8624,57.3075,21.4298,83.5036,36.1086,-11.3385,75.3783,-29.6239,1.97665,76.6881,36.3835,0.976,-986.736,-311.832,5880,-7420,1540
66.8664,88.8724,20.8608,59.7827,31.2801,26.7095,45.3991,31.1706,101.247,19.8154,14.4021,55.1523,11.5072,41.7862,64.2792,36.6254,-0.488,-972.096,-314.272,8820,-7280,2380
-16.4873,20.1544,-12.8353,6.53257,2.71185,26.7583,12.2116,20.9514,30.6203,-24.5596,16.8475,-12.1493,18.9055,17.1253,8.62557,18.5216,-9.272,-970.144,-295.24,10780,-8400,2940
-63.0713,-33.0497,-10.924,-26.4734,-13.8727,12.6097,-8.01242,2.98824,-36.4336,-22.3176,17.4672,-51.3487,18.6894,7.3535,-23.1127,5.47311,-11.224,-971.608,-288.408,11060,-6720,2800
-57.8741,-70.5995,-5.14101,-45.6001,-27.1223,10.6169,-20.3491,-1.97503,-74.3671,-4.82811,3.1561,-54.4957,5.23146,4.26398,-35.0028,-3.41709,-10.248,-959.408,-305.488,12320,-4900,2800
0.516718,-37.6183,5.93339,-18.0426,-4.86841,13.2464,-6.34547,5.47253,-38.4769,13.6278,-17.1712,-1.1381,-10.3972,7.59371,-12.8531,2.15657,-13.176,-960.872,-302.56,11760,-6720,3080
32.4948,19.961,21.9657,5.6659,26.023,23.2018,18.3087,19.9377,25.957,12.1074,13.2799,35.3393,14.0068,43.9742,10.2742,22.3788,-10.736,-969.656,-288.896,11340,-6440,3080
-10.7479,1.87621,3.48311,-9.51327,11.4001,-0.0668266,-10.5423,-19.6375,12.5127,-10.5385,9.9692,-8.40005,17.5947,3.91618,-12.3524,-13.1675,-13.176,-973.072,-285.48,11760,-6440,3360
-47.6615,-37.5193,-15.7823,-12.3067,-22.7214,-21.6407,-48.0895,-51.2875,-47.6315,-24.1255,-0.157024,-36.5001,8.4646,-38.6802,-36.9377,-58.8096,-14.152,-984.784,-282.064,12460,-6160,3360
-59.5782,-66.4929,-24.5075,-45.1078,-56.4264,-24.4419,-55.8634,-32.3603,-76.8338,-29.1432,-19.7759,-51.754,-4.67703,-36.1788,-55.7495,-47.381,-17.08,-989.664,-265.96,14840,-4620,3360
2.29938,-8.24057,1.24706,-31.1202,-15.0893,-15.3641,-15.2122,-5.47411,0.77887,7.01621,-13.6925,-3.02451,-2.61481,-16.7483,-25.7253,-10.4083,-17.568,-985.76,-266.936,16940,-3780,3500
22.8675,8.7854,17.4544,-6.48281,6.7799,17.1249,11.5551,3.50968,16.9503,8.0176,5.37393,20.8621,12.6169,22.4985,-2.84121,13.4853,-17.08,-969.656,-268.4,18480,-3500,3780
4.21621,6.43025,11.1535,0.921088,2.77723,24.1426,8.21653,2.93649,11.5211,-3.29082,5.0803,9.82869,9.79935,24.5765,5.69471,11.5474,-17.568,-967.704,-270.84,19320,-4480,4340
-5.86635,16.6493,-8.7749,7.79656,21.0713,-21.6727,8.78888,-13.5006,23.6322,-11.33,-3.31691,6.58977,-13.2016,-17.8262,8.80193,-5.6485,-22.448,-962.336,-285.968,20720,-6720,4900
13.106,39.5729,-15.2787,50.9486,34.0968,-76.9606,22.9866,-28.0811,25.6872,5.58724,-12.0915,21.5122,-47.2962,-51.0385,34.1375,-10.8052,-27.816,-963.8,-290.848,21840,-10080,5600
45.4673,54.2728,3.58089,69.471,12.272,-27.8499,29.287,12.4986,31.488,32.3462,20.8266,36.8881,-15.6722,-15.8313,56.0696,7.1197,-29.28,-958.92,-297.192,23100,-13580,5880
35.7801,24.8424,18.9525,9.24875,-24.0667,53.9363,8.4465,46.4958,22.156,30.3876,39.9465,12.7807,39.7359,39.9822,26.7414,29.1275,-26.84,-951.112,-293.776,23380,-15540,6020
-12.761,-23.757,-9.83144,-42.7114,-12.9378,4.41128,-15.3224,-4.34677,-14.5675,-6.49587,-0.104797,-27.973,4.75293,-7.44457,-16.7419,-4.89339,-24.888,-948.184,-293.776,23380,-16380,5600
-30.5767,-31.7978,-36.2532,-4.87223,8.17233,-55.3148,-5.5365,-35.2429,-37.8752,-26.7753,-20.45,-23.9315,-34.4754,-60.5264,-5.55955,-29.1618,-22.936,-959.896,-290.848,22680,-16520,5040
-0.463194,5.88742,-8.80628,20.0277,-18.1866,-17.1643,-10.0046,-10.5674,-8.8133,-1.04988,-2.20463,3.22268,-10.7757,-19.1256,-5.05066,-14.9295,-23.424,-973.56,-278.648,23800,-15400,4480
17.3256,-5.95896,17.0534,-24.3312,-19.7195,28.5091,-8.86551,19.2647,0.913454,20.8942,15.076,5.4347,19.7393,26.284,-18.423,13.8615,-13.176,-982.344,-275.232,25340,-14140,3780
15.1196,-13.1421,21.1777,-39.7628,3.71831,39.9975,4.61871,22.6978,11.7197,14.7779,14.0881,4.3384,25.8694,40.0323,-16.346,24.9339,-14.152,-961.848,-270.352,27160,-12740,3500
-5.01766,-9.47831,6.39779,-7.8505,10.2785,22.4896,4.53511,7.84279,4.24906,-7.21719,-1.09937,-4.0905,8.45767,24.5951,-4.27427,10.3489,-14.152,-942.328,-264.496,27580,-10780,3080
-23.6795,-17.9969,-10.0776,-2.19438,-5.29807,0.80424,-10.0844,-5.1425,-15.38,-20.9176,-16.713,-17.5131,-6.7454,1.70898,-5.6905,-5.68015,-12.688,-949.648,-256.2,26320,-9660,2660
-21.7423,-20.4495,-6.47343,-16.2943,-13.6831,6.34598,-15.1338,-1.46494,-20.6667,-16.321,-17.5246,-16.3152,-5.27901,3.01939,-17.4878,-6.43431,-15.616,-956.48,-259.616,25620,-9240,2520
-7.86321,-12.9868,0.616901,-8.6631,-1.1888,11.5443,-3.39183,3.46618,-9.15856,-5.22987,-8.57515,-4.95115,-1.43518,7.49497,-5.88444,1.32497,-20.496,-958.92,-265.472,25620,-10780,2380
13.582,12.8765,13.8843,14.0576,14.7823,19.7629,8.01878,8.54319,17.6156,10.9899,5.68857,14.577,9.22116,17.7962,7.20853,11.3233,-24.4,-958.92,-265.96,25340,-11900,2380
7.66357,2.51137,7.20681,3.03869,7.44534,1.2783,4.57897,2.04442,4.02245,5.77005,-0.181316,6.85284,2.44482,8.92431,-0.186157,6.12766,-24.888,-953.552,-264.984,25760,-13860,2100
3.42262,2.69408,4.22249,11.2842,16.6228,-4.22577,16.9437,4.77015,-0.989693,0.126224,-5.3142,7.65704,-2.85402,1.55088,13.3178,8.58201,-20.984,-959.896,-273.28,25200,-15400,1960
6.66426,18.3534,1.32668,24.0197,17.1215,-2.51741,15.9016,2.91668,14.198,-2.25422,-8.86187,14.6333,-5.53808,-1.98827,14.6972,6.33819,-20.984,-968.192,-277.672,24780,-17220,1680
8.70204,19.7991,3.85996,18.8493,9.19209,7.77709,16.7076,10.9701,18.462,4.6407,-5.48482,11.6767,0.616705,8.74791,16.9159,13.0839,-18.544,-970.144,-283.04,26180,-18340,1400
8.66543,23.3557,7.6029,20.6398,15.2418,8.93094,17.5713,8.59929,12.5896,5.50298,-5.1062,14.7744,0.101134,11.5572,22.0017,11.5831,-14.64,-964.288,-299.632,26740,-18620,1540
-23.6605,-3.49043,-6.96897,-0.765296,2.72816,-4.02996,0.544957,-2.06164,-34.6062,-19.4781,-7.85661,-7.30641,-6.0416,-4.06032,-1.22371,-1.11332,-13.176,-965.752,-297.192,28560,-17500,2100
-14.66,-8.95197,-8.79793,-13.4677,-9.37907,-10.2955,-8.74414,-1.18006,-10.8119,-8.43948,5.09085,-13.6062,-2.42659,-15.9069,-14.2434,-7.12819,-13.176,-974.048,-300.12,30100,-16380,2520
11.2212,16.3058,-0.185419,8.78194,-2.77602,-15.7872,-2.85322,-9.01093,29.7887,11.6765,13.2757,1.67564,-1.13286,-17.435,8.26664,-13.2851,-15.616,-978.928,-288.896,32480,-14560,3360
8.89121,13.4013,4.20673,13.2025,-3.76878,-17.4312,-11.6339,-18.6144,15.3465,13.4601,13.2718,5.55329,0.388142,-7.48479,13.0684,-22.747,-23.912,-973.56,-285.48,34720,-11900,4060
-1.66641,-4.72198,-4.57474,-11.6904,-17.4026,-16.112,-27.3096,-16.0544,-5.93751,2.64609,4.78372,-6.36133,-2.4607,-13.3879,-13.1445,-25.272,-27.328,-970.144,-274.256,38500,-11480,4760
3.53471,-5.54749,-4.58415,-20.9486,-15.3395,-2.28806,-16.8843,0.893565,-6.59743,5.25203,4.48888,-4.83657,1.74364,-11.5878,-23.4363,-5.20894,-27.816,-974.048,-270.84,43120,-12740,5600
6.90247,3.15612,3.64457,-1.40881,0.976718,10.472,5.69467,8.08607,-1.13317,3.27792,5.0443,3.3051,9.50515,6.85627,-5.90664,12.1307,-35.624,-976.976,-274.256,45780,-14140,6020
7.61962,14.0796,9.28159,19.0089,14.9244,12.8895,16.7038,3.93654,6.96138,2.63,5.72753,9.747,13.469,16.9984,13.6697,13.2732,-33.184,-965.264,-282.552,48720,-16800,6160
7.27861,12.6893,4.09583,6.76455,7.49753,0.794834,-1.57302,-8.07237,11.5409,3.42848,3.68893,7.89526,6.22165,3.28404,-4.56136,-4.82831,-26.352,-912.56,-290.36,48580,-19040,6160
-10.4522,-14.6751,-6.99718,-6.84353,-1.5079,-6.61452,-6.07217,-5.85395,-20.2928,-6.4812,-2.00082,-6.8311,-2.9389,-7.88503,-9.47896,-6.77911,-30.256,-983.32,-283.528,41720,-19740,5880
-17.8135,-42.4162,-15.4791,-32.7927,-24.0929,-9.97778,-16.0616,-5.01073,-30.9989,-11.7198,-5.38143,-22.8428,-9.31302,-15.6594,-18.8194,-8.86175,-29.768,-996.984,-255.712,40040,-18060,5740
-2.31609,-16.895,-4.66619,-6.69829,-8.99726,1.28886,2.38263,5.51952,-7.41886,-2.00999,3.36341,-8.37005,-1.21347,-2.4037,7.93325,6.05537,-29.768,-984.784,-244.488,42280,-18620,5740
-4.74634,-13.1244,-8.41861,-8.19703,-6.70486,-2.44401,6.87151,4.00953,-1.26122,-5.02349,-3.36625,-12.3169,-7.0669,-3.60535,8.40423,7.29143,-29.768,-976.976,-230.336,45360,-20160,5460
-10.2911,-10.5101,-8.48695,-4.47383,-0.202639,-1.37737,10.4466,7.30091,-5.29867,-9.50343,-10.225,-9.85801,-7.95985,-2.92137,9.40138,8.40612,-30.744,-967.704,-228.872,47320,-21140,4620
-18.0042,-21.3113,-11.3445,-13.2146,-11.9301,-6.71575,-7.28816,-4.55762,-22.6262,-13.6191,-14.2224,-16.0227,-9.55795,-8.92223,-9.44899,-6.58027,-30.256,-961.848,-214.72,46480,-21000,3640
-28.1422,-36.8519,-10.9436,-25.0712,-18.6608,-1.34317,-14.5796,-5.80548,-46.6316,-17.9993,-13.6695,-24.6459,-6.2872,-6.70343,-16.5187,-10.4875,-23.424,-948.672,-234.728,43960,-21420,3080
7.50209,0.852146,6.9696,-3.9431,4.33588,5.9594,-1.4118,-1.33912,6.09466,4.2346,-9.9766,7.44333,-4.62315,6.92416,-5.58567,-2.28292,-24.888,-985.76,-216.672,40180,-20860,2520
49.2822,50.7309,19.0398,26.2099,21.8974,5.82829,2.50831,2.63607,65.2947,26.543,3.59834,41.5745,-3.17524,14.5164,-3.82657,2.98573,-25.864,-980.88,-220.088,39480,-20160,2240
41.8332,59.339,16.3312,30.5925,23.3123,7.67943,6.45753,6.21083,67.0311,20.1032,16.0708,43.1787,9.57791,18.4264,-3.01372,10.1377,-20.008,-982.832,-226.92,37240,-19880,2520
-2.40554,4.59926,0.494414,-6.60971,-0.719826,4.35085,5.9688,6.15939,16.2634,3.12911,15.8848,-2.70362,9.99201,7.07468,-2.48556,9.47754,-19.52,-986.248,-222.04,34440,-18480,2520
-17.2081,-11.5351,0.233297,11.2951,7.60493,5.83468,19.426,7.46353,-10.0796,-2.21257,3.48406,-13.7183,5.35243,6.31973,33.1549,12.8692,-19.52,-1005.77,-209.352,33180,-16100,3080
1.90562,14.0078,11.4943,29.5943,20.8768,11.134,21.4909,8.78943,2.49022,5.30149,1.19457,10.067,7.47547,9.37219,31.3456,13.5893,-23.912,-1011.62,-200.568,36120,-16660,4060
2.8183,10.3786,6.44182,11.5989,7.22604,3.22473,7.61722,2.37597,-0.19078,-0.748191,-1.53817,8.71522,1.73516,4.1233,8.45882,5.52714,-27.328,-1006.26,-212.28,41440,-18900,5040
-7.88757,-7.14238,0.958012,-12.1008,-6.85535,-0.725242,-10.1707,-7.47013,-18.8651,-1.84414,3.9807,-3.21637,2.98484,-2.09647,-12.813,-10.1169,-26.84,-997.96,-223.992,44100,-20860,5740
-16.7862,-27.4608,-8.69146,-31.9038,-21.6748,-7.89973,-29.6416,-15.327,-27.6813,-7.19235,2.2569,-20.4297,-0.460893,-17.3946,-33.8676,-26.3223,-25.864,-1002.35,-232.288,44240,-21140,6160
-11.8665,-18.9684,-11.0337,-14.2967,-13.4708,-11.5349,-12.2309,-4.90049,-12.4202,-13.0026,-6.68071,-15.4034,-7.4393,-17.8904,-7.77513,-11.1673,-23.912,-997.96,-237.168,44100,-20020,6580
7.11181,11.4381,2.67495,28.9345,11.2764,-3.71372,18.2187,6.59724,3.51613,3.27479,1.79269,7.06574,-0.678977,0.837386,38.9316,9.62246,-25.376,-1000.4,-228.872,44240,-17640,7000
23.3039,40.1875,13.5544,36.6622,18.4539,2.54164,15.2281,2.37391,26.6151,15.1661,3.01742,25.0408,5.80195,10.9851,28.3155,8.61026,-22.936,-1002.84,-225.944,45780,-14140,7700
14.6887,29.2075,11.7461,8.9163,7.25285,5.93175,-3.05655,1.62821,17.6495,11.5036,1.22226,20.2069,7.78271,10.1899,-8.45944,0.626783,-23.424,-1004.3,-230.824,47460,-10500,8120
0.0472863,-1.1085,-3.99773,-11.5068,-7.96041,-2.458,-12.4437,-3.61831,2.99661,-0.70263,-4.41608,-1.31469,-2.38199,-2.41228,-19.144,-7.57942,-27.816,-1001.86,-231.312,49700,-6440,8540
-7.40122,-14.0688,-10.3694,-18.5449,-13.2499,-4.85918,-15.3311,-4.70856,-9.11675,-7.06847,-7.1085,-10.9541,-6.24675,-7.39078,-24.1664,-8.81267,-30.256,-999.912,-228.872,52220,-3780,9240
-1.65027,-8.97893,-2.90021,-12.2141,-6.79259,-0.189845,-4.05042,-0.629624,-3.55032,-4.62391,-2.86351,-4.83161,-0.440649,-2.56312,-9.50637,-1.51902,-35.136,-1000.4,-221.064,54600,-2940,9660
0.77966,19.1445,7.58068,23.1789,15.5612,6.69539,17.6866,4.71392,-4.81806,-1.56266,-1.54286,11.132,5.53302,10.6421,21.8295,12.6443,-35.136,-993.568,-224.48,58800,-3920,10220
-21.134,-27.6271,-4.01986,-7.3773,1.95326,0.667912,8.74869,-0.803631,-42.3795,-10.3853,-6.15868,-12.7732,-1.38544,1.57918,6.27995,6.03741,-36.112,-984.296,-230.824,61600,-4900,10220
-15.5474,-39.2838,-8.77959,-23.4569,-7.99686,-2.13786,4.50726,1.24295,-21.837,-5.0317,0.0236238,-19.9386,-4.57435,-6.71436,-3.84008,3.12368,-27.328,-983.32,-239.12,62020,-5180,10080
-9.9753,-20.4688,-6.88236,-19.8543,-13.8146,-5.05717,-14.7043,-5.67148,-8.83811,-4.84143,-3.15194,-12.8377,-6.70513,-9.55891,-22.9418,-9.32956,-27.816,-984.296,-237.168,58800,-2800,9940
-6.01768,-22.4336,-4.76348,-25.8927,-17.5173,-0.940226,-19.5912,-1.32513,-9.71836,-1.78269,2.38232,-11.0693,-2.85024,-8.02149,-26.1693,-9.3986,-17.08,-986.248,-231.312,57120,-280,10500
-2.41034,-7.40716,-5.34037,-9.03162,-7.87161,-3.15083,-7.09714,-3.24076,8.00073,-3.64254,-2.43047,-6.3418,-5.35937,-4.22199,-6.07243,-4.15809,-28.792,-977.464,-223.504,57680,2800,10640
3.73524,6.9626,0.984281,10.084,7.4413,0.576498,8.60553,2.3558,14.4544,4.60536,3.70739,3.86873,0.0267046,3.00175,13.4147,5.4584,-27.816,-973.56,-218.136,59640,4480,11200
12.963,14.8754,4.90002,15.1911,9.92356,1.52447,10.3389,5.45454,23.146,12.0078,8.59311,10.3396,3.15644,5.2058,14.2701,6.81607,-30.744,-967.216,-208.376,60900,6860,11480
9.88876,4.92516,4.76372,7.2284,7.81362,6.65933,11.949,9.99092,16.0419,9.08209,9.26221,4.81544,5.38159,7.66988,12.8066,10.8205,-35.136,-972.096,-206.912,61880,8540,11480
9.9109,15.5692,7.98313,20.6182,15.2812,7.02419,15.5474,3.63591,14.5856,7.96466,8.45325,9.83512,7.1656,10.6341,23.9832,8.12265,-32.208,-964.288,-217.648,60340,10640,11200
10.9456,18.7036,7.34313,16.0017,11.1624,0.781071,6.10182,-1.28427,12.4055,6.60246,4.59513,11.3566,3.72084,3.8677,12.6422,-0.84074,-35.136,-964.776,-216.672,58100,13020,10500
14.2136,19.7214,5.74257,6.80224,1.72532,-2.27942,-7.59039,-2.60647,12.4348,6.32107,2.86067,12.4096,1.58154,0.0499129,-4.52755,-7.72876,-34.648,-967.216,-203.984,56840,14420,10500
-0.306617,9.17357,-2.08433,7.95398,-1.0895,-1.15797,-4.43703,1.50213,-7.10727,-4.96768,-2.32158,2.88087,-2.6512,-1.29063,0.959045,-3.91605,-33.184,-961.848,-205.936,57680,15120,9940
-13.0527,-7.39391,-8.99803,-4.97442,-8.64101,-2.63965,-7.45182,-0.726777,-19.3122,-13.5169,-9.15236,-10.3267,-5.80655,-4.42341,-9.46481,-3.88667,-31.232,-960.872,-210.328,56700,15400,9100
-1.15358,-3.72738,-0.983686,-8.61029,-1.23468,0.271832,-3.91631,-1.92805,-8.10715,-3.03088,-2.57006,-0.957941,-0.369932,0.168103,-12.0857,-1.96839,-29.28,-969.656,-199.104,53060,16660,8680
-2.10477,-8.26953,-5.51885,-12.3347,-4.39223,-4.07772,-1.63225,-3.75876,-6.03066,-5.48121,-4.44499,-5.37662,-3.07068,-3.86239,-7.09877,-1.38029,-24.4,-969.656,-192.76,50540,17360,8120
-4.52658,-4.53849,-8.94207,-7.46573,-8.31199,-5.47485,-8.23072,-7.04115,-0.715732,-7.50076,-4.97521,-8.51506,-3.57144,-7.41222,-7.29148,-7.55915,-23.424,-965.264,-191.784,50120,16800,8120
-10.7585,-9.88917,-11.4352,-12.8052,-15.3609,-6.37627,-15.4425,-5.45557,-7.70445,-7.6191,-3.74929,-13.1331,-4.08269,-12.6523,-12.5681,-11.3983,-23.424,-970.632,-193.736,46760,16940,7420
3.51165,8.56254,-2.28933,-2.15887,-5.58325,-6.21639,-8.2239,-6.94016,9.0642,1.14415,-4.50529,1.99339,-2.97379,-6.16475,-8.34105,-7.26122,-13.664,-975.024,-189.832,43400,18340,6860
5.5549,9.68082,3.39019,2.15305,2.02407,-2.23003,2.3186,0.198559,8.93042,2.78599,-2.2135,7.13289,0.187943,-0.0102883,-2.32447,1.62135,-20.984,-975.512,-178.12,42140,20020,6580
-7.8203,-6.5466,-4.87761,-5.65449,-6.10168,-2.15727,2.54261,4.06242,-4.248,-7.19885,-6.57073,-7.90833,-4.37311,-4.79216,-1.90556,4.42153,-16.104,-976.488,-177.144,41440,21840,6300
5.80654,3.17481,9.51545,-0.905612,4.13113,8.77528,6.15406,8.25467,-0.0315404,10.4647,8.22882,5.25765,5.9881,8.63709,-1.27993,10.8705,-15.128,-981.368,-178.12,41580,22960,5740
3.58259,-1.80696,11.8591,0.60855,7.69624,6.94829,4.16963,0.303468,-9.0223,9.05783,4.8828,6.78035,6.11679,9.1889,3.32894,6.12093,-16.592,-984.784,-183.976,40460,25760,5320
-8.88579,-12.8929,-0.881407,0.79032,0.528468,1.54757,4.51008,0.807155,-10.8998,-5.69989,-5.2438,-7.4359,0.126198,-0.453429,14.6934,2.5262,-19.52,-985.272,-178.608,39620,28140,4620
-10.1895,-6.48377,-3.90562,1.47829,-4.20888,0.33764,-2.30782,-0.158786,-4.80474,-7.80964,-3.43462,-7.88146,1.13005,-4.89574,8.64897,-2.21698,-18.544,-988.2,-179.096,39480,29120,4480
-14.0555,-9.42427,-7.87464,-4.85351,-9.91248,-1.23253,-6.1753,0.828353,-7.39845,-9.85658,-2.14178,-12.8934,-1.47588,-6.70978,-0.473236,-2.95011,-18.056,-986.248,-187.392,39200,30660,4200
-4.01023,-2.12541,0.692263,5.61786,4.41186,3.08543,9.42595,3.20694,2.97479,-1.7643,0.746727,-2.74048,1.93876,4.84422,9.91451,7.86354,-16.104,-987.224,-180.072,39060,31360,4480
14.6249,22.1762,17.9915,29.3978,29.4655,12.0815,26.2761,6.40398,15.4791,13.9237,7.82812,23.4105,10.354,20.7762,25.4015,17.2956,-20.008,-981.368,-188.368,39620,32480,5040
11.1925,11.5973,12.3295,13.7067,16.8849,6.85451,14.6508,3.16139,5.32896,9.35578,3.92279,16.1428,3.99488,13.3492,7.10456,9.90904,-25.864,-980.392,-192.272,39480,34020,5740
11.8387,4.71839,13.1371,6.05627,11.9068,10.8543,7.32146,3.91258,6.27722,9.12628,6.6152,12.6384,7.52614,15.3101,-0.904747,6.15977,-22.936,-977.464,-188.856,38920,35560,6160
5.29806,-1.37127,1.10144,-12.5134,-8.81625,-0.740888,-16.6911,-6.3378,12.2119,0.582293,0.0550482,0.973735,-0.346806,-1.47794,-18.484,-12.9958,-25.864,-975.024,-189.832,38920,37240,6720
-3.07848,-8.83206,-3.96167,-9.83131,-6.86148,-4.78728,-13.4234,-5.48654,-9.78308,-0.959911,-0.0571733,-2.17734,-4.84549,-10.3592,-12.1309,-12.6006,-31.72,-978.44,-190.32,38080,39060,7000
-3.74913,-4.76596,-2.94104,-2.35605,-5.55257,-7.31618,-9.80373,-7.18497,-14.4737,-2.41939,-2.21998,-0.55816,-5.59737,-5.17008,-11.8552,-10.1011,-32.208,-987.224,-190.32,36540,42700,7560
9.87988,8.36867,1.86785,2.56579,0.314318,-0.256779,1.9813,2.5676,12.6796,5.92471,5.94569,4.73995,1.06371,7.29835,0.249519,1.2182,-37.576,-990.152,-183,37520,45080,8260
8.4968,3.15041,2.47275,-2.40757,7.06836,3.08628,8.92826,8.69561,14.9766,7.91043,4.6465,4.42844,3.46498,7.82815,2.78635,8.75689,-30.256,-991.128,-189.344,37520,47320,8820
0.963754,-0.275886,-9.24087,-2.66852,-1.02686,-9.12481,-0.649731,2.51309,10.0657,1.84293,-1.39597,-2.53457,-7.26789,-10.0219,-0.386182,-0.372958,-31.72,-998.448,-183,36400,51520,9380
-2.20232,10.0749,-7.0872,15.1087,0.329313,-3.59094,4.87039,6.21302,7.3481,1.05155,1.84823,-0.489941,-3.75253,-4.79056,13.5898,3.33428,-39.04,-991.128,-170.8,36960,53760,9940
-7.24013,11.7688,-4.78808,15.6173,2.25761,-3.73954,9.21439,3.34095,-4.72229,-1.784,1.11939,-0.955774,-0.623676,-7.46457,11.8611,7.19592,-44.408,-981.856,-165.432,39480,55020,10920
-11.4893,-12.1527,-14.9338,-7.59459,-11.177,-19.9217,-0.388022,-8.0266,-18.6338,-7.37546,-1.47279,-14.8293,-8.88047,-25.6471,0.713598,-8.07205,-48.8,-978.928,-165.432,38500,56420,11340
4.02002,-1.57565,-2.94139,-1.33002,-7.89377,-6.68422,-0.12776,0.0802284,-1.11378,0.853388,1.74506,-2.05592,-0.11251,-7.60413,4.31369,-4.43874,-55.632,-976.976,-164.944,36680,57820,11200
7.12685,-4.03386,-0.452956,-11.588,-10.238,5.14221,-7.64288,2.05701,3.94981,1.48371,-0.413933,-2.34281,1.91549,4.27466,-3.80848,-0.229656,-51.728,-977.464,-166.408,33880,59640,11340
3.38397,-7.4203,2.01112,-20.5936,-3.12931,11.996,-5.14671,1.47265,3.16279,-1.76185,-0.0530579,-1.81131,4.10415,8.2711,-11.5635,3.3625,-46.36,-981.368,-165.92,30940,61040,11200
-1.16309,-3.99986,2.86544,-5.11546,4.02382,9.63725,-3.75317,-4.98834,0.0296452,-4.09724,-0.298936,-0.235134,2.78937,6.8954,-2.96739,-1.55152,-45.384,-980.88,-172.264,28000,62160,11060
-7.53437,-5.30524,1.25239,7.92246,7.07454,3.00727,1.28328,-9.9516,-9.87865,-6.02386,-2.679,-3.76897,-1.30636,3.66738,8.00511,-2.53345,-50.752,-991.616,-155.672,26180,61740,11340
-3.78069,-2.56635,6.74787,4.77062,9.84188,4.60641,1.01355,-6.62596,-9.25789,0.835892,-1.41904,1.87852,1.85679,5.96448,-0.0505836,-0.506269,-40.992,-984.784,-166.896,26880,59640,11620
-2.48978,-0.84335,-1.15102,0.156008,-1.93312,-6.90104,-13.8437,-14.2935,-2.531,-2.31901,-4.5427,-0.0457901,-4.73138,-5.39726,-6.43865,-18.6605,-35.136,-980.392,-173.24,27300,55720,11480
1.91108,9.54745,1.27159,5.85619,-2.11262,-4.439,-14.0871,-6.03157,6.21329,-1.14094,-2.60338,5.12136,-1.72409,-3.33883,-2.77355,-16.3149,-31.232,-979.904,-178.608,25620,54040,10920
-9.8021,-2.81794,-2.5634,-5.16101,-7.69942,-1.05959,-11.0831,3.42553,-7.83328,-11.6882,-14.5049,-5.44604,-4.31074,-2.68674,-13.1728,-3.00618,-22.936,-984.784,-187.88,23240,52220,11340
-3.33979,-1.79371,-0.446769,-7.809,-7.75265,-0.741991,-3.24069,5.31705,-1.74101,-4.52571,-8.31784,-4.78147,-2.40686,-1.60748,-14.3209,4.91828,-22.936,-985.76,-185.928,23100,49560,11760
-4.71044,-8.37162,0.194017,-12.4284,-8.57223,-0.322246,-2.70018,2.64665,-9.00999,-1.83162,-2.54884,-6.00525,2.65329,-1.97986,-12.3121,1.98565,-20.984,-984.296,-182.512,24780,47040,11900
-14.7593,-16.118,-4.777,-7.97729,-3.64756,-0.386116,5.9548,3.36264,-22.841,-7.8263,-3.74128,-10.0649,0.851749,-1.37602,-0.226835,6.75658,-21.472,-982.344,-193.248,27580,42700,12320
-8.3698,-10.8057,-1.57925,-8.79697,-2.6365,-1.74447,-0.362272,-2.33847,-10.8543,-3.75096,-0.253622,-4.75112,1.32152,-0.334088,-6.21292,1.57882,-18.056,-982.832,-198.616,28560,40460,12460
-5.28881,-6.61082,-4.35353,-7.02936,-8.00349,-3.72978,-4.90029,-0.0930393,-2.14498,-3.19914,2.80514,-5.09193,-0.00619191,-5.26099,-6.64643,-3.80187,-12.2,-983.808,-206.424,27860,39480,12180
-2.9169,-8.91668,-9.45312,-9.40574,-14.0289,-8.8361,-7.69217,-3.2507,1.75229,-5.57438,-1.12156,-9.21114,-5.84041,-10.7291,-9.56058,-6.46453,-12.688,-983.32,-204.472,28420,38780,12180
2.02003,2.68535,0.348158,7.96893,4.64648,4.51825,12.124,6.38796,3.71745,-1.03883,-0.0953389,1.86538,2.07611,3.77956,10.0665,9.30557,-10.248,-985.76,-208.376,30520,38360,12460
1.53347,1.38268,-1.91041,2.74601,1.8353,1.56198,8.00098,1.02503,2.73756,-0.115195,-1.20013,-0.325269,-0.699265,1.33152,5.15169,4.59818,-12.688,-983.32,-205.936,33460,37660,12880
11.9468,13.0623,4.91809,9.68396,11.971,6.73942,14.0533,8.24324,13.0932,11.1359,9.04561,10.3003,3.79252,7.25772,10.0479,9.81143,-14.152,-978.928,-211.304,35280,37240,13300
16.6538,22.7106,8.19159,18.8024,15.2368,5.82413,10.5976,6.1585,19.4195,15.2611,12.3562,16.4353,3.35239,7.60083,14.9191,6.2023,-15.128,-978.928,-215.208,36680,36540,13160
9.90553,11.41,2.71983,9.88757,5.31694,2.30502,4.13283,4.84809,12.2047,10.3193,9.55082,6.19624,1.03569,1.71689,12.9687,2.6019,-10.736,-979.416,-215.696,36960,37100,13160
14.3003,9.34626,6.93813,5.43355,4.32352,2.9941,5.34805,5.19807,14.3316,13.7614,9.0845,8.3684,6.16421,4.63258,11.2242,4.56189,-11.224,-976.976,-213.744,38220,37800,13300
12.6379,19.9531,10.8014,21.4878,17.452,6.18571,15.9329,6.79747,9.21469,9.68988,4.06218,16.1873,6.5195,12.5026,21.7815,11.3796,-12.2,-980.392,-214.232,38640,38920,13300
-0.526618,2.38019,4.07206,9.43241,12.1349,5.65886,15.11,8.083,-3.50253,0.577142,-0.366311,4.58475,2.60265,10.1882,14.2793,12.8889,-13.176,-980.88,-209.84,39340,40040,13580
3.03733,-3.11835,6.98913,-3.04197,6.13821,5.25474,4.45672,2.17808,2.6086,4.89081,4.13053,3.61259,6.60763,8.4017,-1.54763,7.60174,-14.64,-982.832,-198.128,39900,40880,13860
7.04176,4.85493,9.05632,3.63297,6.44513,3.55023,1.02579,0.41322,8.23875,7.39399,4.88065,7.50928,4.76579,6.27457,2.34007,5.65546,-21.96,-979.416,-195.688,41720,40320,14280
11.7931,7.76898,7.9311,2.18363,4.42693,-0.898518,-6.18431,-4.57528,11.8506,10.5142,7.54156,10.3498,3.63277,1.16928,-1.1563,-4.05216,-21.472,-979.416,-198.616,44100,39200,14560
-0.907786,-1.15467,-7.13958,-3.42403,-7.52602,-7.77036,-13.3326,-6.87879,2.58271,-4.72172,-2.97681,-4.17456,-6.17986,-9.09169,-5.01685,-11.8373,-17.568,-980.88,-198.616,43960,38780,14700
1.91658,3.65359,-3.45209,4.37031,-1.25439,-2.59124,-2.08985,-1.55602,5.70661,-3.38302,-2.74186,-0.171135,-3.92336,-2.2971,3.26599,-3.34792,-17.568,-982.832,-197.64,42980,39200,14700
-1.42469,2.39624,-4.42553,2.94853,-1.35487,-1.03464,0.818633,1.14326,2.27395,-3.86412,-1.32835,-2.59105,-3.27372,-2.35002,3.05071,-1.77153,-20.008,-980.392,-190.808,42140,39760,14840
-8.10481,-12.024,-7.10872,-11.7501,-11.1049,-6.22837,-9.43901,-6.87675,-8.91338,-6.66034,-5.29223,-10.317,-5.57134,-9.32653,-11.7596,-10.7144,-20.008,-984.784,-183.976,41440,40600,15120
-6.83146,-9.25292,0.0464108,-6.92062,-3.28781,-1.51406,-4.07832,-7.3446,-11.5861,-5.44379,-7.77504,-3.66318,-0.912614,-2.06964,-10.2329,-7.18093,-22.448,-978.44,-180.072,40460,41440,15120
-14.1083,-16.2479,-8.30599,-16.665,-13.8684,-7.56023,-11.9252,-8.83148,-19.4871,-13.1995,-14.2575,-12.666,-9.88869,-11.0327,-17.102,-11.1068,-26.84,-975.024,-174.216,39620,43120,15400
-16.7872,-12.3948,-6.71477,-9.95224,-6.31815,-2.53753,-2.05469,-1.27262,-21.6713,-12.8713,-10.4545,-11.0112,-7.41194,-4.3842,-8.66017,-0.490855,-26.352,-973.56,-171.288,39060,43540,15540
-19.521,-12.9197,-9.51178,-9.28757,-8.33886,-3.73014,-7.61088,-4.51526,-22.0495,-15.5611,-9.21134,-13.7485,-6.51852,-7.38117,-12.117,-4.96146,-26.352,-975.512,-167.384,37660,44660,15540
-8.24174,-4.76307,-5.2198,-0.0703532,-3.55142,-3.97101,-5.15029,-8.62125,-6.93802,-6.09148,-2.54239,-6.35227,-1.947,-6.07985,0.758804,-9.01502,-26.84,-978.44,-162.504,35700,45640,15120
-1.02633,1.38704,-4.19507,-0.128835,-3.55266,-2.75663,-7.72329,-7.07086,8.8424,-2.35814,0.477241,-2.61357,-0.0616138,-4.89788,-2.46223,-8.92085,-29.28,-980.392,-163.48,34580,46760,15260
1.61296,1.94599,-3.85268,-7.30408,-6.47078,-0.819885,-10.1161,0.615016,11.9069,-0.177849,2.31321,-2.01666,-0.0903988,-4.02918,-14.1515,-3.46001,-29.28,-983.808,-163.968,32620,47740,15120
-3.03616,1.94957,-1.51713,-4.81584,-5.89099,0.140427,-8.54427,1.02018,-3.27769,-0.628519,1.61904,-1.77923,1.36679,-1.26757,-11.2449,-2.78228,-30.744,-985.76,-165.92,31500,48580,15260
-3.39371,-3.118,0.239566,-3.67808,-3.88638,1.40757,-4.25723,2.08437,-10.2025,2.23007,3.82204,-1.41092,4.0106,0.237195,-4.38164,-1.24813,-31.232,-989.664,-167.384,29680,50120,15400
8.36754,0.593065,2.31312,4.32121,2.07657,0.0639628,7.94749,3.10155,7.45678,7.86525,5.18165,2.44596,1.94871,3.29194,9.84481,6.44281,-28.304,-991.616,-170.312,28840,51520,15260
20.9068,16.0214,13.2059,15.3675,15.8038,8.55887,19.0632,10.8093,17.2288,18.1212,12.2228,17.4964,8.74127,13.6909,17.93,16.0801,-24.888,-994.544,-171.288,28420,52780,15260
6.52129,7.54116,6.62483,11.1348,12.5949,5.68719,17.317,5.96804,1.07422,3.3339,-3.11401,9.04993,1.82584,11.4671,14.9049,13.801,-27.816,-994.056,-176.168,28140,54460,15540
2.6616,2.34282,9.92546,6.26691,11.8253,7.91387,10.4484,2.62282,-3.40479,3.58647,0.337684,8.67109,6.87553,11.9603,7.82633,6.91901,-28.304,-996.496,-177.632,28560,55440,15960
-5.30171,-9.9809,-1.82388,-9.30077,-5.4372,-0.133642,-3.76448,2.06269,-3.88716,-3.26993,-1.07175,-5.05072,0.233831,-2.98863,-6.81395,-2.64328,-28.792,-1001.86,-183.976,29540,55720,16520
1.0349,-4.51147,0.117659,-1.01408,-0.67087,1.69522,4.80771,4.8841,-0.0189728,2.56774,3.24241,-1.44122,0.920679,-0.670861,2.99421,4.53357,-31.72,-1006.26,-183.976,30520,56000,16660
7.90537,4.05187,3.95316,5.17096,3.20255,2.81858,2.90945,2.49722,9.57044,6.78938,5.52982,3.92754,3.40777,1.77583,5.2084,1.40332,-35.136,-1000.89,-182.024,32200,55860,17220
0.597937,0.576386,-4.76909,-1.3428,-5.74572,-4.13087,-7.26095,-1.42452,5.56462,-1.95659,0.119223,-4.58253,-3.45164,-7.91833,-2.53256,-7.12979,-34.648,-999.912,-183,35420,55160,18060
1.93438,3.25504,1.4274,1.13172,0.783838,-2.73241,-2.73572,-4.69467,2.59319,1.67487,1.32389,1.77849,0.0890162,-2.50325,1.4716,-5.83529,-37.576,-996.984,-184.464,36960,54880,18200
1.10935,2.05448,-1.02853,0.445446,-0.183943,-2.31819,0.457705,-0.666717,2.69784,-1.16574,-0.43594,0.593347,-1.55982,-3.26535,2.21104,-2.12592,-35.624,-993.568,-186.416,38500,54320,18480
-5.70423,-7.98311,-6.06394,-8.37945,-7.49134,-4.28358,-4.62798,-1.71395,-6.2297,-7.07405,-5.28519,-7.117,-3.84902,-5.73694,-3.9557,-4.09901,-30.256,-997.472,-187.392,38780,54600,18620
3.591,3.20195,1.29849,0.75233,0.764018,-0.678665,0.885562,1.41534,1.9876,0.896198,-1.5347,3.39478,-0.137076,1.37162,0.434095,1.06971,-26.352,-1000.4,-195.2,36960,56700,18620
1.95241,7.91112,1.66686,5.26638,4.7976,-0.59515,4.07435,0.284625,4.86161,-2.52825,-3.94412,5.5032,-2.25507,4.81492,3.87651,3.48156,-26.352,-1006.26,-185.928,34580,60060,18620
-5.50287,-2.91618,-0.186098,-1.93875,-3.27366,-1.01639,-7.81948,-3.25836,-7.59503,-4.29166,-1.69048,-2.3757,0.112938,0.312612,-4.96957,-4.50857,-28.792,-997.472,-177.632,35980,61460,19180
-11.7693,-12.2909,-4.08303,-8.69883,-7.47483,0.31063,-7.6187,0.936413,-14.2887,-4.06776,-2.04287,-9.54095,-0.027068,-2.66547,-7.96643,-0.559131,-33.184,-991.128,-171.776,39060,61460,20020
-6.91861,-3.77699,-2.97288,-1.95796,-0.344956,0.698948,2.96454,0.696178,-3.95098,-1.3317,-2.26276,-5.89063,-1.74437,-0.258964,0.494408,7.01581,-36.112,-989.664,-172.264,40180,61600,20300
4.86814,12.937,5.53899,12.7821,13.5332,5.41428,14.0774,5.29058,6.21156,8.59504,6.74538,8.72838,3.01803,7.67403,10.7857,14.5955,-32.208,-987.712,-173.728,40600,61600,20300
-4.01868,5.52115,-3.20303,5.35894,3.34338,-1.01717,2.677,0.891843,0.0712839,-4.09656,-1.45294,0.380611,-5.13604,-0.881881,3.19027,4.72,-26.352,-985.76,-184.952,39200,62720,19880
-3.64743,-1.0485,-3.84053,0.567907,-2.03695,1.57706,-4.66721,0.670576,-6.9776,-2.7548,0.574241,-1.89435,-3.08251,-1.43805,-3.01266,-1.14447,-28.792,-990.64,-177.144,37380,64400,19600
-5.44248,-11.4778,-8.56305,-11.1434,-11.1754,-3.24379,-12.8944,-5.34907,-6.77031,-6.07799,-3.03577,-9.83779,-5.99212,-7.62987,-14.3418,-8.406,-32.696,-982.832,-177.632,37380,66640,19180
5.96803,-0.708657,0.902499,-3.10342,-2.00798,0.747514,-3.48479,-1.02599,2.69773,4.79128,3.26032,0.660021,0.985838,-0.0520981,-8.59027,-1.58642,-35.624,-980.392,-171.776,37940,67340,18900
21.1297,12.486,16.968,11.027,16.0807,6.89687,14.5424,-0.176064,16.1274,19.0518,9.58629,19.1059,11.8736,14.3011,9.68587,9.44642,-37.088,-982.832,-171.288,37940,68040,18620
9.60637,5.64311,7.22353,5.30499,6.21139,-0.400171,4.5774,-5.41795,12.9141,7.68709,2.76021,9.49809,5.66067,3.4608,6.52943,-2.19452,-35.136,-979.904,-164.944,37800,68320,17920
-11.213,-8.07541,-7.42058,-3.62317,-5.07883,-4.88943,-3.75607,-2.301,-5.4418,-10.1624,-4.87146,-6.6703,-3.53689,-6.36109,-0.77332,-7.6499,-32.696,-983.32,-169.336,36820,69020,17080
-10.6081,-8.41214,-7.08012,-3.41145,-4.84291,-3.20644,1.15189,2.79426,-5.65412,-9.96904,-2.36045,-9.61372,-3.64415,-6.64655,3.94382,-2.58025,-29.768,-984.784,-170.8,33740,70840,15960
-6.77648,-1.14659,-4.03079,2.9009,0.0533688,-1.61433,4.71842,1.70421,-1.87462,-10.6858,-9.91185,-4.64586,-2.80543,-1.11029,8.14745,-0.0582984,-26.352,-985.76,-167.872,32760,72240,15540
8.09909,10.1486,4.9713,8.36088,6.81853,3.58845,5.12876,4.60374,13.939,3.33168,0.0705265,8.54459,4.4026,5.64572,9.33809,1.17795,-28.304,-985.76,-171.776,32760,73360,15260
11.2086,7.8921,3.03881,-0.082821,-2.65903,-2.88848,-7.04016,-3.03536,15.8959,8.00378,3.21471,5.84815,0.59941,-1.1898,-1.23298,-9.36756,-24.4,-984.296,-171.776,31220,74620,14980
7.85955,9.86867,7.2079,7.07443,6.14246,3.65904,3.1174,5.02031,6.49069,7.55742,5.99478,8.25953,4.69709,4.79198,6.18896,1.14054,-30.256,-981.856,-158.6,31920,74760,14980
-0.983852,-3.15474,1.23763,-4.99912,-3.08702,0.324582,-5.35541,1.80185,-4.6093,0.337827,2.92999,-2.93865,2.32995,-0.767282,-7.13068,-3.28917,-32.696,-979.416,-158.6,33600,74480,15260
7.74366,2.55864,3.49254,-5.80752,-6.21711,-4.40119,-12.062,-6.68963,3.99066,7.38218,8.86165,1.52242,2.65182,-4.31541,-11.4547,-11.3067,-31.72,-975.024,-162.504,34440,73920,15260
7.6751,6.19132,3.10868,0.482227,0.156613,-1.38781,-1.39528,-2.7526,6.7105,5.55131,5.47642,3.35572,1.66765,-0.641558,-0.398856,-1.70701,-27.816,-980.88,-162.992,33320,73780,15120
-6.5281,-5.35676,-4.56505,-0.867226,1.7221,2.47285,8.47284,5.14811,-6.48927,-9.69597,-7.49622,-6.17548,-3.92924,2.37852,4.12073,9.90992,-25.864,-981.368,-167.384,31780,74760,14980
-10.2852,-11.5636,-7.11772,-9.87451,-6.66085,0.531425,-3.31596,1.43129,-11.47,-13.0596,-10.5134,-10.7201,-4.97569,-1.14593,-9.33386,2.24111,-20.496,-987.224,-169.336,30520,76160,14560
-5.43486,-7.57288,-4.94628,-7.5382,-7.48448,-1.0081,-5.98613,-2.33651,-9.99396,-6.72562,-7.76719,-7.07253,-3.31944,-3.46479,-9.56874,-2.03814,-24.4,-988.2,-159.088,30100,77840,14420
1.34362,0.487378,-1.54111,1.74631,-2.00577,0.146356,0.176503,-1.98272,-4.93677,3.12884,-1.0584,-0.244979,-1.16765,-1.92311,-0.143337,1.19825,-29.28,-978.928,-156.16,31780,78120,14840
2.17798,-5.74268,1.45181,-4.28377,-0.795987,3.75712,-0.514357,-0.010865,-9.60859,8.4535,6.32132,0.0274886,3.51925,-0.0774489,-4.48369,4.16886,-28.792,-984.296,-149.328,33180,78540,15260
-0.693626,-4.80734,0.461796,-1.48939,-0.0298588,0.146477,-0.637485,-3.45184,-7.63895,4.73851,1.42872,0.513436,0.23067,-0.762957,-1.87453,1.40403,-30.744,-981.368,-155.672,33600,78820,15540
-5.01162,2.79756,1.14776,9.36044,8.19856,2.85639,7.16233,0.621954,-7.95315,-0.925322,-2.40295,3.63216,1.17868,4.67008,6.97535,6.21184,-25.376,-984.296,-156.16,32620,79520,15820
-4.06567,-5.17452,2.06397,-2.62842,3.65864,3.99158,4.73522,1.23084,-10.6783,1.1563,1.60457,-0.978123,3.5213,3.16522,-2.53412,5.15783,-24.888,-985.76,-153.232,31500,81200,16100
3.39155,-2.96284,2.75387,-5.08049,0.621817,-0.945263,-1.87738,-5.0867,2.70244,1.39607,-1.45934,0.277235,-0.563896,1.95827,-7.98385,-0.889346,-23.912,-984.784,-154.208,31500,82460,16520
2.92567,2.03835,0.679054,2.19489,1.36515,-2.02658,1.30697,0.131118,4.48562,1.95575,3.87317,0.560967,-0.666938,-0.877996,3.53847,-0.30476,-22.936,-985.76,-159.088,31500,83860,17500
-10.2739,-4.73949,-6.4799,-1.8612,-5.85828,-6.17594,-2.97448,-1.57488,-8.0998,-8.62995,-4.38868,-8.32469,-6.95528,-6.26039,-0.091426,-3.61755,-19.032,-989.176,-156.648,30240,86100,18340
-9.57238,0.521392,-3.9352,4.61435,0.0613606,-1.61703,3.64744,3.1988,-4.52094,-8.01562,-3.33268,-3.45178,-6.65226,-0.845168,7.06544,2.5891,-20.008,-986.248,-161.04,29680,88060,18900
-8.05869,2.25696,-3.63094,1.75964,-2.43928,-3.87154,-2.95025,-0.805845,3.94194,-10.0954,-5.34355,-1.8359,-6.81642,-3.6594,2.34321,-3.65766,-21.96,-988.2,-162.504,29680,91140,19880
-6.25171,-1.51418,-4.36958,-4.14765,-6.11971,-4.77482,-7.16704,-2.8469,3.75687,-7.53943,-2.41963,-3.0979,-5.22731,-5.34692,-3.08263,-7.29984,-27.328,-987.224,-157.624,30660,92540,20440
3.08941,2.60094,-0.665941,0.706431,-0.383191,-1.05787,2.75437,2.20871,8.90811,2.79105,4.07422,2.30295,0.223065,-1.80342,6.80317,-0.0340891,-33.672,-979.416,-152.744,32620,93520,21560
5.27865,8.74935,6.05527,7.72338,7.65392,4.50994,7.18202,3.99434,7.89053,6.55858,4.34851,8.07725,5.86141,6.2934,9.73636,4.07534,-36.6,-979.904,-154.208,33180,94500,22400
-0.965973,-0.301156,-0.381415,-2.58243,-2.71438,0.411582,-3.82678,-1.00626,4.27794,2.14433,2.19448,-0.827083,2.97713,0.109558,-1.81717,-4.64301,-33.672,-977.952,-159.576,32760,95200,22820
5.09183,5.67251,1.76927,3.43171,2.69661,2.53035,0.0774355,3.72404,11.5199,4.9651,2.36729,5.02013,3.72316,3.28747,3.34905,0.314408,-35.624,-980.88,-155.672,31640,96740,22680
8.4797,13.5914,2.71266,11.0356,5.54482,-0.492651,0.772215,-0.457632,11.4541,5.23352,0.631787,10.3703,1.14521,2.28403,7.65004,-1.63116,-35.136,-973.56,-158.6,31920,97160,22960
3.76072,8.38283,5.32538,8.94208,8.10771,6.37293,3.06818,5.93879,3.12767,3.92239,2.59929,8.86175,7.80734,5.71122,4.03426,2.46654,-33.184,-974.048,-159.088,32060,98560,23380
1.73578,-4.42471,-0.338272,-8.00338,-0.867503,3.29435,-0.647897,4.98174,5.12833,0.862693,-0.0130468,-2.54017,4.98254,0.825397,-9.30825,2.97256,-36.112,-975.024,-161.528,31220,100100,23240
10.6093,3.25231,5.51587,-0.423594,5.86317,4.57699,6.80984,7.12914,10.5068,8.42847,6.46521,5.38897,7.34699,4.15726,0.0769348,8.0152,-42.944,-978.44,-162.016,30800,100800,23380
2.60814,-5.69447,0.358316,-4.78288,-1.87143,-1.17746,2.50317,2.03844,-3.49994,2.92247,1.48891,-3.49429,1.44102,-2.16465,-0.731008,2.66414,-47.336,-978.44,-155.184,31780,101080,23940
-1.97118,-8.11849,-4.35695,-6.44664,-6.63547,-2.41736,-3.30193,-1.17376,-6.46865,-5.56578,-4.83388,-8.2304,-3.31226,-5.24017,-4.89399,-2.80936,-50.264,-978.928,-156.16,32480,100800,24220
-0.515124,-5.31383,-3.81485,-2.8461,-6.4375,-1.64792,-3.73848,-1.82766,-4.90527,-4.50976,-2.98317,-6.45489,-2.11947,-5.56483,-1.66785,-4.59637,-51.728,-980.88,-159.088,32340,100380,24500
1.59112,-0.670447,1.95678,3.08551,0.375471,-0.815725,1.68499,-3.96279,-5.76145,0.0367794,-0.976053,1.49332,0.172411,-0.0358308,2.7644,-0.0397194,-51.24,-981.368,-158.6,31780,101500,24500
-1.26121,-5.73456,2.38928,0.159723,-0.0915499,-0.960405,-2.30054,-7.00704,-10.8493,1.56467,0.813109,0.744991,-0.411517,0.808357,-0.0849458,-2.33075,-48.8,-986.248,-162.016,30660,102760,24360
2.87479,-3.95115,1.92805,-6.26805,-4.61281,-3.97512,-8.12461,-9.26989,-2.97812,5.16337,3.7864,-1.13441,-1.36207,-2.79304,-9.53666,-6.28357,-53.192,-985.76,-162.992,28840,105280,24360
-5.98659,-2.96195,-0.420527,-3.18075,-0.322796,-0.648522,-0.754734,-2.52259,-10.1966,-4.34602,-3.64976,-3.04598,-3.89659,1.84601,-4.12406,1.55711,-53.192,-986.736,-152.744,28980,106400,24360
4.51854,11.1903,6.18469,14.0875,14.0178,7.13271,15.1729,6.28386,4.39713,3.92051,2.41315,7.89855,2.03853,11.3093,14.6101,13.1123,-55.632,-979.416,-152.256,30380,107660,24920
1.30413,6.5577,-0.169972,6.17364,3.55387,1.68221,4.4351,0.105854,6.66874,0.470521,0.618903,1.49051,-1.01568,3.01043,5.55776,3.04006,-55.632,-976.976,-155.672,30380,108500,24920
-2.22215,-2.07232,-4.90566,-4.59748,-5.29509,-1.54284,-4.08948,-2.34817,1.95554,-2.98183,-0.582403,-4.11871,-4.3154,-2.12852,-6.71318,-2.07219,-60.512,-980.392,-154.696,28840,109480,25060
6.84776,9.80397,4.68229,6.15911,7.39076,1.15498,3.15031,-2.26244,8.84731,3.05226,0.452082,9.85457,-0.525531,6.1884,-1.52767,2.4592,-62.464,-979.416,-153.232,28140,110740,25200
-4.58424,-3.9781,-4.94933,-7.37284,-6.88167,-5.89165,-12.0742,-8.2463,-4.5954,-7.71953,-6.98452,-3.64215,-6.02456,-6.22722,-12.042,-10.2256,-64.904,-981.368,-147.864,28000,111720,25480
-8.00055,-11.2133,-8.00484,-14.1039,-12.9129,-5.49014,-14.036,-4.29442,-11.5152,-6.54079,-2.61241,-10.8094,-3.82848,-10.5025,-13.9034,-11.0705,-69.784,-981.368,-144.448,28700,111300,25620
-11.9803,-14.9927,-8.15519,-12.7761,-9.83537,-3.41517,-6.00616,-0.907477,-15.0759,-8.8896,-6.33067,-12.7796,-3.08187,-6.23321,-8.4726,-3.19578,-69.296,-982.344,-146.4,29400,110320,25760
1.04831,2.41042,4.22868,4.82547,4.47289,2.63881,2.49924,1.48283,-2.28091,3.7322,1.20341,4.71274,4.29765,4.53496,3.75172,1.22698,-68.808,-985.272,-153.232,28980,109760,25620
-3.64261,-4.8101,-3.31842,-2.68978,-5.63854,-4.33356,-2.37808,-0.433945,-3.19747,-0.135114,-1.63051,-3.73166,-2.41355,-4.8793,1.51004,-5.44133,-66.368,-984.296,-151.28,28420,109340,25620
-3.79238,-4.71524,-5.66897,-2.52485,-4.15888,-2.66325,2.00541,5.13487,-2.01358,-3.69893,-4.01812,-5.20711,-5.06753,-3.55845,3.52841,1.08825,-63.44,-986.248,-154.696,27860,109060,25480
3.39614,9.55324,0.6443,10.2297,5.92919,1.24509,6.62081,4.28592,8.40888,-1.64235,-0.930718,4.05494,0.352092,1.9833,9.00137,4.04672,-57.584,-989.176,-156.16,27440,109200,25340
-0.817477,4.47087,0.417896,3.68886,1.29385,0.531865,-0.135074,1.777,4.37129,-0.821883,1.74782,0.723755,1.82817,-0.840458,2.11347,0.927094,-56.12,-988.688,-159.576,27440,110040,25200
-3.16952,-4.45925,-1.16712,-3.80241,-3.88875,0.0846406,-2.27338,1.54824,0.921128,0.580743,3.54503,-4.74088,0.7232,-2.44925,2.2035,0.123014,-57.584,-992.592,-150.304,27160,110600,25340
9.56624,11.9142,8.30621,11.0246,10.3322,8.39867,11.0799,9.97475,16.7906,8.30316,10.1193,8.41437,6.66302,7.94711,13.5262,9.88166,-51.24,-988.688,-151.768,28000,110600,25340
8.39914,15.1339,9.81643,12.7402,13.8995,6.54419,9.23079,4.04554,10.9338,8.1705,6.29642,13.3931,5.56551,9.02584,10.2811,7.30326,-50.752,-988.688,-146.888,29540,110600,25480
7.29189,11.2696,9.49025,12.0376,13.5468,8.39799,10.4452,6.64826,7.34127,8.82879,5.63159,12.6399,7.70123,10.3596,9.5623,9.94482,-51.728,-993.08,-142.984,30660,109900,25480
-2.01955,1.55849,-2.69795,-0.519063,-3.04338,-3.91549,-6.23307,-5.5774,0.702948,0.0643142,-1.29074,0.567844,-1.05789,-3.36791,-6.12355,-6.2938,-45.384,-991.616,-145.912,30520,109900,25340
-3.50975,-2.43412,-1.4372,-1.8215,-0.0569386,1.26073,-0.832713,1.17666,-8.54535,-0.666241,1.78987,-0.498782,3.70621,0.0195804,-2.16084,-0.35336,-47.824,-996.496,-142.984,30240,110180,25200
-4.49317,-5.33199,1.47107,-2.44423,3.64861,3.72983,5.11962,3.44692,-12.6177,-2.70813,-0.903239,-0.877932,4.89988,4.60235,1.67673,5.43745,-45.872,-995.032,-149.816,29540,111020,25340
2.05864,-5.90996,2.03397,-4.18125,-1.58535,-0.918829,1.15592,-2.28524,-0.648208,2.19304,2.70757,-0.755303,3.02689,0.378517,3.29438,-0.452072,-49.288,-996.496,-138.592,29260,111720,25480
1.008,-0.639723,-1.17028,-0.460504,-1.48532,-0.402882,0.890295,-2.2136,3.66681,-1.61215,-0.912658,-0.786805,0.686417,-0.370486,3.11274,-0.553363,-54.168,-994.056,-134.688,30520,111860,25760
-3.54071,-4.11258,-6.16872,-7.06584,-6.96783,-3.07696,-5.21473,-3.95855,-1.9994,-5.2349,-5.91454,-6.33656,-3.49835,-6.01804,-7.27422,-3.88337,-59.048,-992.104,-134.2,32060,111300,25900
0.069502,-11.5213,-5.05044,-12.7687,-10.0512,-4.90411,-6.48165,-2.09174,-7.55375,0.215029,-1.37558,-8.35212,-3.26666,-7.90051,-10.4364,-4.33964,-52.216,-994.544,-142.008,31220,110740,25900
6.26632,-5.37882,-1.71808,-7.48553,-5.43157,-4.19635,-3.58682,-1.62698,-0.785538,3.96591,0.892788,-3.80289,-2.8311,-5.89014,-5.50662,-3.28166,-48.312,-996.008,-141.032,29820,110880,25760
12.3214,5.68856,5.14287,0.44456,0.686651,-2.08556,1.17533,-2.11685,11.8573,7.51452,2.11975,4.80342,-1.21214,0.350504,-0.0787139,-0.209124,-48.312,-997.472,-143.472,28700,111720,25760
-3.42791,-0.599039,-1.06534,1.83366,0.43535,0.537331,4.81679,2.60563,0.144015,-5.8913,-5.15999,-2.16027,-3.18453,1.55129,2.74088,3.52317,-44.896,-999.912,-142.008,27300,113680,25760
-7.68818,-8.47409,-7.47493,-5.46177,-8.90474,-2.91521,-7.4319,0.551464,-1.67796,-8.58991,-7.03778,-8.6021,-8.28697,-6.07074,-8.61841,-4.87849,-46.848,-994.544,-148.352,26600,115080,25760
-6.02832,2.37529,1.04941,4.71908,1.5336,0.803135,-6.14572,-2.87796,-1.87547,-5.36877,-7.60472,2.65931,-3.18598,1.80375,-6.01297,-5.5333,-51.728,-996.496,-139.08,25760,117320,26040
-16.4023,-9.48288,-1.99792,-5.71911,-3.13655,0.0866081,-9.45651,-5.07634,-12.806,-11.8,-9.76824,-5.98972,-3.91214,-0.372406,-10.9086,-6.85189,-52.704,-998.448,-141.52,26040,118720,26320
-9.95729,-14.8504,-4.12661,-18.5172,-13.4924,-5.30284,-16.3961,-8.8937,-4.30936,-4.54678,-0.60982,-8.72119,-3.2187,-8.76188,-21.3043,-11.4704,-58.56,-996.008,-134.2,26040,119140,26740
0.709338,2.42112,3.85468,3.43483,3.44286,2.68443,1.50539,1.3561,3.38366,4.64531,5.24195,4.44403,2.83742,1.51685,-0.590779,2.12836,-58.072,-998.448,-135.664,25900,119700,26600
0.876133,1.89557,-1.84271,6.35644,0.869291,-5.0267,1.19105,-4.42521,2.35288,2.4009,0.380658,0.547345,-5.08063,-4.50801,3.46048,-2.25692,-67.344,-994.056,-129.32,25620,120120,26880
6.79192,6.97548,3.26985,4.71521,3.5455,-0.494048,0.0367604,-2.36444,6.13109,6.62179,4.4094,6.07956,1.0183,-0.407623,0.100622,-1.56351,-69.296,-997.472,-129.32,24780,120400,26880
7.44151,6.98954,2.94376,3.12199,1.44632,-0.830487,0.578385,-2.74198,7.09977,4.98333,3.59928,3.51539,1.75307,-0.467523,4.42154,-0.417119,-72.224,-993.08,-125.416,24920,120120,27020
3.19142,17.1294,5.13428,23.1157,14.9981,2.9374,15.1107,2.13348,-2.88748,2.6656,3.42054,9.73395,4.35704,8.39727,23.7504,10.5907,-69.296,-997.472,-130.296,24360,119560,27020
-6.61793,4.96363,-1.65655,8.02129,7.91759,3.41322,8.2239,4.13332,-11.7988,-6.60743,-1.71694,0.703993,1.99888,5.3901,10.9702,6.62499,-65.392,-997.472,-136.64,21840,119980,26600
3.9083,6.78014,-2.20894,2.5516,2.20238,1.68147,4.41131,4.92828,8.86842,-1.7196,1.19172,2.19938,0.5155,3.01057,8.4589,2.02293,-64.416,-999.912,-138.592,19740,120680,26320
16.5362,19.3296,8.48473,18.7438,15.1685,4.6509,15.5618,6.80917,15.6406,11.2141,7.6235,14.8836,3.61668,12.7847,19.4655,10.7348,-66.856,-994.056,-139.08,18200,121520,26320
19.6165,13.6019,11.5171,11.4864,13.5612,7.80204,13.5941,6.7493,14.2287,15.7827,9.73744,13.0597,8.34289,13.4076,12.1069,11.9634,-67.344,-1001.86,-132.736,17920,121520,26320
6.29932,-3.11224,0.861285,-5.93186,-2.71815,1.48622,-2.90377,0.721945,0.509394,1.62033,0.353181,-1.09049,2.75066,2.79386,-4.86218,1.5439,-66.368,-1001.38,-135.664,17920,121380,26600
-2.30679,-8.92313,-2.3742,-5.48151,-2.48636,3.48553,1.37935,4.72793,-12.9198,-1.92331,2.15261,-5.47446,4.17527,1.82187,0.665961,2.88101,-64.904,-1002.35,-144.448,17500,121100,26880
-9.69179,-13.7634,-11.9658,-11.0709,-11.6106,-4.57859,-5.32409,-0.291107,-17.1761,-6.02871,-1.96472,-13.555,-3.37732,-7.83305,-4.53996,-4.6993,-70.272,-1002.35,-132.248,16660,121520,26740
-5.85779,-8.75959,-10.0886,-12.4301,-8.34218,-0.902771,-1.39816,5.01843,-4.09998,-3.34899,-0.174531,-8.94756,-1.79918,-5.96995,-6.68067,0.746815,-79.056,-1000.89,-131.76,18200,120680,27300
-7.99135,-13.2402,-8.72675,-17.0309,-11.566,-3.15331,-5.90446,1.58578,-3.48637,-4.78373,-3.29362,-10.3299,-2.22566,-8.64107,-10.2873,-2.60477,-75.64,-992.104,-133.712,19180,119000,27440
-5.24463,-3.77725,-1.75959,-1.9099,-2.09201,-1.17076,0.0434569,2.26803,-2.45557,-2.21869,-1.95202,-2.88867,-0.694296,-3.14412,1.66827,0.728,-71.736,-997.472,-137.616,18480,117460,27440
2.01447,4.6943,7.10073,3.56905,4.52108,3.16229,1.52692,2.10815,3.18515,4.18307,3.71726,5.92065,5.85651,2.76485,0.267558,1.50445,-71.736,-996.984,-132.736,16940,116900,27160
-4.00969,-9.53371,3.30137,-11.6324,-5.44857,-1.82373,-8.53972,-6.11603,-5.98917,-2.49874,-1.61896,-1.05877,1.55399,-1.98739,-14.1385,-5.87101,-72.224,-998.936,-139.08,16520,116900,27300
-8.36541,-8.17921,0.799819,-5.18412,-5.36865,-1.91837,-8.17483,-7.18558,-11.2807,-6.43318,-2.9647,-3.51329,-1.58146,-3.37003,-8.94409,-7.68727,-71.736,-996.496,-133.224,15120,116900,27160
1.63368,10.2021,6.04227,7.06522,1.55183,1.70615,-5.99367,-3.70934,6.31579,1.93864,-1.59598,5.55248,0.372915,0.58647,-4.56128,-4.90741,-75.152,-996.008,-127.856,16380,116200,27580
1.26682,7.79509,1.69053,7.53711,3.72535,2.89501,0.300691,0.410171,10.1385,0.581353,-5.97063,2.71658,-3.58164,1.41028,1.98451,1.63387,-74.176,-990.64,-128.832,17080,114800,27860
4.5523,-0.32297,0.440645,-3.69752,-3.5692,-0.0557921,-5.03911,-2.42638,14.9644,5.27583,0.705245,-0.573364,-1.72954,-3.1445,-6.61143,-3.32995,-75.152,-992.104,-129.32,17500,112560,27860
2.33126,-2.1985,-0.126516,-0.44635,-0.865039,-1.72667,0.782885,-2.67775,9.17375,0.595114,-1.43214,-1.77759,-3.17823,-0.798972,1.77032,-2.12405,-74.176,-990.64,-129.32,17360,110180,27860
-3.09771,-4.29261,-1.78318,-0.287591,-0.670445,-2.04386,-1.0861,-0.31982,-6.30308,-4.52948,-3.70552,-2.34016,-4.39451,-0.475666,-1.33505,-0.853418,-71.248,-991.616,-135.176,16240,108640,27580
-4.38108,0.0566798,0.671671,1.60026,3.26321,-0.322065,-0.733202,-1.50001,-9.8329,-5.7261,-6.70774,1.57333,-2.8223,2.9381,-3.23668,1.51935,-66.368,-991.128,-135.664,15540,107800,27440
-10.5415,-8.94766,-6.89635,-2.95895,-5.85611,-8.94189,-7.83696,-8.84503,-12.1674,-9.88996,-6.59813,-7.99444,-7.10442,-8.36814,-1.29028,-9.30284,-65.88,-991.128,-143.472,15400,107240,27440
2.4929,3.22633,-0.707015,1.16255,0.180224,-2.05243,-3.84866,-1.65748,8.75451,2.12436,2.30623,2.59108,0.162104,-2.02495,-2.05119,-3.55057,-60.024,-990.152,-146.888,15680,106680,27160
-2.13819,-5.13426,-3.62916,-8.47358,-4.33662,-2.75769,-5.6492,-2.24726,0.974342,-2.2339,-2.91517,-3.16389,-1.89126,-3.11985,-8.77785,-2.89659,-60.024,-987.712,-148.352,15680,106960,27440
3.64842,-1.20819,2.32126,-2.72229,3.70211,2.11229,6.96146,4.90736,1.57984,4.59396,4.77064,2.27466,2.37405,3.79378,3.64245,7.72782,-57.584,-989.664,-145.912,16100,106820,27580
3.23761,8.49731,2.80117,10.2564,9.21284,1.80637,14.0973,6.04534,1.66406,3.06168,4.43503,4.4008,1.24072,4.32257,16.596,10.2621,-60.024,-986.736,-146.4,19180,105420,28000
5.09836,15.7138,3.87656,17.2244,8.7639,1.4295,7.49898,2.95349,6.49691,3.41721,5.05977,8.08036,2.95966,3.13932,15.6049,2.88839,-60.024,-985.76,-146.4,20160,104020,28140
6.03199,10.3283,3.3795,10.9697,4.26425,1.44879,5.3937,2.4536,6.148,6.87936,10.2951,5.54084,5.31126,0.780107,9.18951,1.57461,-57.096,-988.2,-145.912,20860,102480,28140
-4.24282,-11.9722,-2.83388,-11.3648,-9.16657,-2.83402,-4.914,-2.51491,-5.97051,-0.486699,4.38755,-9.49316,2.17749,-5.24381,-9.07511,-5.85777,-50.752,-983.808,-144.936,20720,101780,28000
-0.626343,-7.57895,-4.43275,-6.71121,-5.54807,-2.85947,-2.8103,-4.2131,0.455346,-2.88495,-1.74507,-6.57657,-1.72333,-3.4166,-4.478,-5.62678,-50.752,-989.664,-137.616,20860,102060,28140
8.68082,11.7399,3.52133,10.923,7.10421,4.13605,7.37033,3.89488,8.40889,4.55977,3.15375,8.58591,3.24138,3.43211,10.9799,1.77654,-50.752,-985.76,-141.52,22960,101640,28420
2.20034,5.40751,3.17065,5.17146,4.29537,2.59871,4.19479,0.00974656,-2.38196,1.58224,-3.02059,5.47597,0.823366,4.5824,4.23993,1.02877,-60.512,-984.784,-144.936,24220,100660,28280
5.01623,-2.12587,4.68069,-2.02438,-0.635315,2.92037,-0.705509,0.31709,-2.53094,7.22151,4.62929,1.95657,4.34816,1.71326,-1.72594,-0.55064,-53.68,-987.224,-142.496,24220,98980,28420
-7.03426,-9.35827,-4.46216,-7.08472,-5.21654,-1.62582,-3.43269,-1.60224,-11.7761,-7.54481,-8.39162,-7.75526,-3.43516,-2.03704,-6.14046,-0.604326,-49.776,-986.736,-142.496,23660,98840,28000
-9.24217,-11.1402,-3.94459,-10.7591,-3.33283,2.17357,0.393576,4.19153,-13.4537,-8.0092,-7.02898,-6.92944,-2.53198,1.20397,-9.08762,6.70206,-53.192,-988.688,-143.472,23940,99400,27440
-5.8538,-5.51096,-3.81999,-8.24047,-4.39156,-2.04073,-3.29103,-1.21815,-4.33881,-8.57787,-7.93607,-4.25062,-4.82029,-0.745445,-8.60029,2.42127,-55.632,-989.664,-140.056,24920,99540,27300
5.00487,11.8055,1.80177,9.07215,5.9323,-1.1355,6.34791,0.320665,12.4003,1.80678,-1.71717,6.8654,-1.84267,3.80565,8.6732,5.96042,-58.072,-989.176,-139.568,25760,99260,27160
6.38814,19.0533,8.06612,20.559,14.3826,5.98857,13.6319,7.11313,8.813,10.1506,7.15024,13.2963,7.10388,10.0516,20.745,9.25654,-62.952,-983.808,-140.056,27860,98000,27020
-7.47749,2.54579,-2.93396,3.92491,0.175612,0.25356,-1.25131,-0.626863,-7.45793,-3.89833,-2.97409,-0.887631,1.01982,0.00258077,2.97103,-1.85858,-59.536,-990.64,-147.376,27860,97160,26600
3.09669,-1.97304,0.114897,-6.40561,-1.5384,3.43001,-4.30811,-0.265861,1.58056,3.74781,3.17847,0.957096,4.42225,0.801384,-7.52677,-0.979964,-61.488,-989.176,-143.96,27440,96040,26040
2.76625,-5.6035,-3.86212,-6.4828,-4.69056,0.859318,-4.85612,-1.18497,0.518707,1.98169,1.72156,-2.42079,1.41596,-2.79996,-4.05331,-1.63817,-61.976,-984.784,-141.52,27580,94640,25480
4.51288,-0.580565,-0.491246,-0.947673,-2.6113,-0.137528,-5.83652,-3.41166,3.37202,4.48844,2.51923,1.16614,0.895156,-1.00035,-0.902586,-5.05222,-61,-985.272,-147.376,27720,94080,25060
5.62893,-0.132264,4.12599,0.764381,1.92965,1.96348,-1.11079,1.16541,0.854965,6.68658,6.75594,3.7103,3.29536,1.42961,1.10299,-1.8292,-54.656,-984.296,-148.84,27580,93800,25060
-1.74064,-7.67196,-3.06066,-7.60793,-5.99122,-2.93484,-6.87253,-2.05648,-2.47016,-4.15179,0.199507,-5.45402,-3.91319,-4.28874,-8.17956,-4.5212,-62.952,-985.272,-149.816,27860,93800,25060
-7.58312,-12.1991,-5.82533,-12.2367,-9.93687,-4.59275,-11.3151,-2.86732,-7.94507,-7.97154,-1.24197,-10.9601,-4.94282,-7.95008,-14.4556,-6.24091,-68.808,-993.568,-145.424,28560,93520,24920
-0.361665,-0.0691372,0.133645,-5.69272,-5.67692,-3.17613,-11.4093,-2.02366,1.23019,0.819093,3.31597,-2.45022,-1.54091,-5.80503,-13.7048,-6.8045,-74.664,-995.032,-138.592,29820,91840,25200
-0.935697,3.77924,0.9058,1.35603,-0.205412,-2.2984,-2.46434,-1.11504,2.26291,-2.27721,-1.82941,-0.86264,-3.82536,-1.61504,-3.20268,-2.45162,-73.2,-988.2,-141.52,31780,90160,25340
0.293693,3.12057,-0.549408,6.54204,4.19982,-1.2835,10.013,4.09851,2.68418,-1.47514,0.236475,-0.630164,-4.50149,1.64462,11.0245,5.25335,-71.248,-990.152,-142.984,31500,88340,24780
8.81793,7.65526,3.04286,10.1209,8.50924,0.955999,15.132,6.72323,11.4764,6.89002,7.61468,5.84439,-1.21217,5.92859,16.6564,9.93,-72.712,-997.472,-137.616,31500,87360,24500
7.44901,2.21345,6.15393,3.23186,8.99708,8.45758,13.8816,12.1086,8.41054,6.87186,5.90541,6.59491,5.15947,9.34154,7.33678,13.4401,-68.32,-994.056,-139.568,32200,86800,24360
-2.2903,-3.16451,1.87909,-1.70632,0.822276,2.17399,0.252931,-0.75601,0.378949,-3.56507,-7.1497,0.521023,0.977443,2.0776,-3.91475,-0.67872,-67.832,-990.152,-139.08,31780,86660,23940
-0.938154,4.6221,3.16533,3.34662,1.52838,0.72907,-2.18274,-4.19935,5.71969,-5.10815,-6.43903,3.76092,2.13903,0.708982,-3.1421,-4.27827,-67.832,-992.104,-137.616,32060,86660,23660
