6.53724,3.27274,4.39116,-1.18625,2.80316,9.31878,1.77958,4.7313,10.6379,3.31332,6.60461,2.17421,7.35934,9.24256,0.592972,5.77954,-65.392,-959.408,-283.04,24220,27860,4620
7.51776,4.7567,5.13115,-0.737554,5.73991,7.04012,1.66433,0.226457,11.3728,4.93667,4.81421,4.19089,6.65616,8.39853,-4.53023,3.4747,-65.88,-958.92,-285.968,24220,28280,4060
1.79515,-3.81425,3.6938,-5.47481,2.74081,1.93959,-0.922431,-2.52236,1.52368,2.81621,-0.0395141,0.882625,2.24128,0.38778,-3.76809,-1.03134,-66.368,-957.944,-285.48,24920,28420,3920
1.98454,0.516695,1.30321,0.860254,0.194744,-3.52283,-2.92082,-6.28662,-0.152588,1.10223,-3.71997,0.32874,-2.13449,-6.06901,3.21651,-4.78807,-68.808,-959.408,-284.504,25620,28000,3360
9.94554,26.457,4.3332,29.7852,12.3003,-3.18479,6.85551,-4.99887,11.8947,5.06626,-1.12095,11.3013,-1.70574,-1.76935,19.5081,-1.24956,-69.784,-958.432,-283.528,26180,27440,2800
7.64242,25.1886,5.05128,26.361,10.4158,-1.00215,3.27041,-3.2777,6.01066,5.06291,-0.502798,10.5914,-1.33538,-0.116694,7.92541,-2.0148,-69.784,-953.552,-280.6,26740,26600,2100
0.665822,-3.1481,0.109594,-9.13407,-6.3006,-1.63417,-8.58715,-3.26092,-4.30359,1.4918,-0.868562,-2.16908,-2.73916,-5.2857,-13.592,-5.14266,-65.392,-945.256,-277.672,26460,26180,1680
-1.21177,-4.50261,2.577,-11.8029,-2.81812,4.08953,-3.01985,3.016,-3.14972,-0.137057,-0.962215,-0.552501,1.00631,1.79353,-9.44527,0.742573,-67.344,-942.816,-278.16,26180,25340,1260
-8.39305,-2.35213,0.286162,0.782815,4.51785,7.31718,4.64436,6.18786,-11.9363,-4.90817,-3.87634,-0.21459,3.10223,7.34483,4.12039,5.97713,-62.952,-938.912,-274.744,25480,25340,980
-8.60228,-15.5329,-7.46139,-9.86754,-3.3897,3.3637,0.457391,4.57541,-8.09346,-4.45532,-0.858066,-10.2128,1.4875,-0.291828,1.60947,1.07296,-62.464,-934.032,-275.72,24640,25200,980
-2.6071,-16.6268,-8.31742,-20.2083,-10.6212,-2.30739,-5.70655,3.15163,1.96294,-0.884957,1.18335,-11.0978,-0.53053,-6.81782,-11.2004,-4.18183,-62.464,-931.592,-276.208,23100,25060,1120
-1.65591,-6.40754,-6.0149,-7.57184,-6.43178,-4.88394,0.249992,1.53026,3.36328,-2.32983,-1.2723,-5.11845,-1.90088,-5.44969,-2.47189,-2.10773,-62.464,-933.056,-279.624,22120,24920,1260
-7.29208,-5.31909,-3.60475,1.94388,-0.128307,-5.10537,5.85576,0.453948,-10.6037,-6.21664,-4.13657,-0.910726,-1.63138,-2.15377,7.44048,0.117657,-60.024,-934.032,-283.528,20440,24640,1400
-14.1251,-23.3516,-7.15036,-11.0419,-7.26918,-6.59816,0.372258,-1.66121,-24.2996,-7.90108,-3.82308,-8.52791,-2.02472,-5.86438,1.50729,-2.18271,-53.68,-935.496,-286.944,19460,24220,1540
-7.67352,-6.81306,-0.0232816,-2.61494,-2.32551,-2.89241,-5.13386,-3.12713,-10.33,-1.56321,1.20949,-0.701394,1.38247,-1.15123,-5.66533,-4.8371,-51.728,-937.448,-288.896,18200,23800,1680
-8.05851,-1.44571,4.7074,-0.757602,-0.455939,0.133088,-9.0223,-3.62473,-10.8834,-1.27586,1.67346,2.98983,2.87079,2.53278,-12.1638,-5.53629,-50.264,-941.352,-285.968,17080,22960,2100
0.180827,-1.84209,-1.08817,-2.86455,-2.86797,1.7847,-6.58834,-1.34581,1.91106,-2.3896,-1.71715,-1.22568,-2.17089,1.62122,-10.279,-1.59915,-47.824,-941.352,-284.504,16380,22260,2520
15.0407,15.9876,0.306777,0.868114,-1.1802,3.22238,-5.89713,0.538457,26.6538,4.00314,2.09093,3.82377,-2.70154,1.78068,-15.5147,1.37262,-44.896,-941.84,-281.088,15260,21560,3080
2.28602,-2.7722,-3.98943,-9.63147,-5.58599,-0.0922081,-4.33426,0.531009,4.28726,-0.399165,-1.04097,-5.2696,-5.65702,-2.69823,-9.26342,-0.277582,-43.432,-944.28,-282.064,14000,21000,3780
6.45359,4.33489,-0.882623,6.61316,2.4187,-0.535647,8.55994,2.11181,12.1129,2.4532,0.491028,-0.0107234,-4.22031,-0.108433,17.7992,3.95827,-44.408,-949.16,-279.624,12880,20580,4340
15.8609,18.8533,5.94632,13.9306,8.6137,0.634856,9.52451,1.11872,26.4891,6.42587,3.04427,12.0384,-0.0335455,2.80526,16.6741,3.7808,-42.944,-948.184,-277.184,12320,20860,5180
9.64524,22.2273,4.60944,16.1068,7.76845,-0.810394,5.91661,-2.00891,13.6651,2.94686,0.324856,11.3798,1.63824,2.33747,13.3884,1.0602,-48.312,-950.136,-277.184,11760,20860,5600
5.85303,17.9266,5.23548,21.4655,8.55668,1.50679,5.4993,-2.30666,2.52733,3.17358,2.83998,9.15155,5.23186,4.60044,11.2045,1.58081,-47.336,-953.064,-278.16,11480,21000,6440
3.87543,5.55466,2.79042,6.18977,2.0421,1.98774,-0.301823,-1.41158,-0.0361347,1.26113,1.01098,2.97719,4.05668,2.93174,-2.5164,0.943427,-50.264,-955.016,-284.504,11480,21560,7000
1.28769,-0.000179189,-0.745389,-7.97301,-4.05282,3.22475,-4.75531,1.45865,-0.161161,0.0741333,0.993331,-3.00922,3.63862,1.63753,-11.9433,1.23859,-55.632,-957.456,-278.648,11620,21700,7140
-12.2516,-9.3864,-2.09848,-8.38896,-2.4926,4.74067,-2.10509,3.23507,-15.6379,-4.42631,-1.11367,-7.08423,3.83326,2.38023,-6.18698,3.27889,-60.024,-957.944,-277.184,11620,21700,7140
-13.8568,-12.1584,-2.04151,-5.45376,-1.3524,1.30187,0.504686,0.917284,-18.6697,-6.35874,-3.15058,-7.05368,2.10233,0.747623,1.46059,1.98269,-64.416,-959.896,-277.184,11760,21700,7420
-6.76196,-22.028,-4.63143,-19.4397,-9.4286,-4.063,-8.01839,-1.76538,-14.5361,-2.89201,-0.803456,-10.4059,-3.87179,-7.57551,-13.0806,-4.84634,-65.88,-959.408,-276.208,12040,21280,7420
-9.22463,-29.1698,-6.28012,-24.5829,-13.1795,-8.45465,-13.9508,-4.73453,-18.4489,-3.32216,-3.98999,-12.8313,-8.4926,-11.3067,-21.0522,-8.31193,-66.856,-962.336,-268.888,12040,20020,7420
8.18576,2.23583,0.440197,3.21851,-0.284959,-7.14223,-3.43445,-4.61006,9.52967,4.80312,1.08356,1.30829,-6.38975,-6.70077,0.739857,-5.35163,-69.296,-961.36,-267.912,12040,20020,7420
11.1519,15.367,2.08136,11.7338,2.93371,-5.26372,2.1754,-3.79126,17.9149,7.05448,3.30141,4.60655,-4.41193,-6.22101,11.8571,-2.48539,-71.248,-960.384,-268.888,10640,19600,7280
-7.3908,-4.09985,-1.11987,0.670114,-0.510479,-2.16423,3.10687,0.375402,-8.67607,-1.72268,-2.22906,-3.49128,-4.00934,-2.70537,9.03189,0.946526,-72.224,-958.92,-264.008,10640,18760,7280
-11.2028,-11.2221,4.16965,-2.47386,3.6957,6.57471,5.09428,5.05019,-16.0682,-2.61021,-0.0868572,-0.89445,3.58954,8.23672,4.00303,5.10338,-73.688,-959.408,-260.592,9660,17920,7420
-23.2067,-21.2827,-0.0797195,-4.1437,2.79905,7.25964,4.58374,4.759,-37.6059,-8.16175,-4.68836,-4.84987,3.49637,7.89794,-0.167995,4.62852,-76.128,-959.408,-263.032,8400,16660,7420
-17.2117,-12.9143,-3.01497,-3.11652,1.80547,3.36975,3.81764,1.63105,-23.8554,-8.23948,-5.32214,-5.04025,0.309372,3.36525,-1.38628,2.90828,-73.2,-957.944,-261.08,7000,15540,7700
13.6747,20.0898,1.08742,11.9482,6.56492,1.68053,6.82468,-0.324264,29.1543,4.59732,1.51479,5.85003,1.12909,2.03817,8.02716,3.12863,-74.176,-959.408,-259.616,5320,14140,7840
21.7492,30.6872,5.11434,16.663,6.08506,-1.00829,5.38643,-3.24396,40.0095,9.66711,3.9255,10.5701,1.66421,0.471715,10.5029,-0.0226035,-72.712,-956.968,-260.592,3360,12880,7980
8.90312,9.84349,3.02421,4.46149,1.43094,-2.52045,2.44269,-3.37963,13.6657,2.3915,0.922439,4.53925,2.66383,-0.671266,5.48401,-2.11533,-71.248,-963.8,-266.448,1680,11340,8260
-2.58169,-4.62596,-2.10616,-1.65653,-2.16506,-3.26563,0.921198,-0.99681,-5.51834,-2.36526,-1.79045,-1.37554,0.275432,-1.6937,3.86168,-2.58718,-74.664,-959.408,-269.376,140,10220,8400
11.8964,5.64548,0.186317,-4.104,-2.5989,-1.48121,-4.17646,1.02144,17.2381,5.03974,4.43569,4.56964,0.193794,-0.770424,-7.2734,-3.98057,-77.592,-959.408,-268.888,-280,8960,8540
20.0377,20.543,1.9415,7.59151,2.11255,2.5543,1.7731,5.54688,30.5277,7.95604,6.60352,10.0434,-0.0174981,3.63309,3.5768,2.51539,-75.152,-959.896,-271.328,-700,7560,8680
13.2625,17.2498,1.99833,9.19202,2.50507,3.30512,2.96751,4.6182,22.1842,5.25382,5.09015,7.68742,1.00953,5.42961,9.47918,2.7428,-76.616,-956.968,-270.352,-560,6860,8680
8.778,15.0391,2.81891,12.0611,4.96098,4.98364,3.20471,4.10567,14.7487,3.98849,4.96117,6.53218,2.20721,6.03675,7.03504,0.913803,-73.2,-956.48,-273.768,-280,6580,8960
-15.5557,-11.98,0.325179,-1.52544,0.277024,1.61708,-4.05164,-0.728385,-24.1325,-6.21432,-3.36625,-3.05747,-0.410257,1.48809,-5.39009,-2.47008,-78.568,-954.04,-272.792,140,5880,9240
-11.3619,-13.8591,-1.24716,-8.09161,-1.68382,-1.26344,-2.20672,0.858632,-18.401,-6.54033,-4.78127,-3.51725,-1.95882,-1.93471,-4.68212,0.74552,-76.616,-953.064,-272.304,280,5600,9660
-4.70285,-6.75615,-2.10617,-7.71329,-4.18721,-1.82254,-3.60258,0.0163327,-8.39863,-2.18111,-1.4766,-3.35428,-1.3602,-3.54355,-9.0878,-0.0970194,-76.616,-951.6,-273.768,280,4900,10360
-16.2222,-27.1561,-5.16433,-21.703,-11.4453,-4.39931,-13.3984,-4.41648,-35.1079,-4.8034,-2.52039,-10.5312,-1.99521,-7.93173,-24.8955,-6.04013,-76.128,-954.528,-273.28,0,5040,10920
-13.2329,-23.5372,-1.83924,-12.8833,-3.28433,0.00491987,-4.06441,0.0674266,-39.1037,-4.98961,-3.3562,-6.14988,0.34325,-1.6515,-10.5808,1.65611,-76.616,-954.04,-270.84,-420,5600,11340
-7.26815,2.27372,-0.100331,7.87958,4.10954,0.787272,2.66889,-2.17788,-12.7374,-1.28838,-2.96629,-0.347979,2.62291,1.10172,5.76421,2.66892,-75.64,-955.992,-271.816,-420,6300,11900
-2.78251,6.28194,-2.14009,7.1753,2.50681,1.06403,1.40872,-2.03011,5.14988,-0.718558,-1.27452,-1.4811,1.0575,0.170757,4.55037,2.14674,-78.08,-955.992,-277.672,-280,6860,12180
9.93186,-1.59457,-3.29178,-5.2452,-0.494582,3.7531,1.93416,3.9131,17.6275,0.841297,0.935796,-2.64404,0.0201472,0.899141,0.291632,6.45021,-79.544,-950.624,-275.232,140,7560,12460
25.0752,22.581,5.51746,6.37695,5.54332,3.20806,1.74836,0.225543,43.8656,8.82424,4.96631,10.007,5.18284,3.67098,1.16621,2.53798,-78.568,-953.552,-275.232,140,8120,12600
13.5163,7.60678,-0.424741,1.00992,-2.5697,-2.97952,1.44364,-1.15764,24.8996,3.97006,2.35405,-0.217889,0.341932,-5.04325,7.59141,-0.727323,-77.592,-954.04,-274.744,0,8400,12600
-1.8439,3.45828,0.209687,3.6075,-1.35953,-3.85981,0.0376895,-3.91756,-3.35552,-0.835578,-1.16528,-0.298146,0.278439,-3.72419,5.51675,-2.6168,-76.616,-952.088,-273.768,0,8400,12880
1.25666,9.02364,4.93647,6.02029,5.27444,-1.95911,-3.67163,-4.36347,-0.977872,1.43771,1.23902,8.67398,3.41203,1.02708,-11.666,-5.20135,-74.176,-952.088,-273.768,-280,8120,12740
-14.4419,-20.7677,-3.55625,-10.831,-4.34655,-2.99319,-5.49023,-0.861245,-23.2248,-5.18893,-1.47617,-6.40444,-0.967496,-3.55169,-11.4761,-6.37177,-77.104,-953.552,-269.376,-1120,7840,12740
-12.3982,-27.2615,-6.87377,-20.5294,-11.5115,-4.36354,-8.79188,-3.09147,-18.1977,-4.95355,-3.1076,-12.1748,-2.13401,-5.29145,-7.72633,-8.004,-72.224,-952.088,-271.328,-1960,6720,12600
2.06322,-4.15611,-6.92869,-9.31783,-7.42783,-1.09467,0.149007,2.31414,8.76126,-0.627874,-1.06782,-7.30689,-2.09316,-1.65805,0.357531,0.861989,-72.224,-954.04,-268.4,-2800,6440,12320
1.29636,7.20882,0.186951,-0.519506,-1.03138,1.62308,-1.65973,0.240121,7.38591,1.36578,-0.0459618,1.38976,3.15097,4.09162,-4.57284,-0.228609,-73.2,-957.456,-272.792,-3780,6160,12180
-0.407571,5.46053,-0.00911234,4.50967,-0.597416,0.546439,2.17395,1.74076,4.33487,1.46067,1.30153,-0.527877,0.823025,2.76695,7.70308,0.129246,-73.688,-957.944,-272.304,-4060,6160,12040
-18.0321,-0.915605,5.3025,17.7964,8.22096,4.1519,12.1444,3.42531,-26.0901,-5.41142,-3.6983,0.0815103,1.29553,8.4992,23.6265,4.10483,-74.176,-955.504,-279.136,-4200,6300,11620
3.4564,31.8297,10.5167,36.0876,18.6485,4.72152,15.2581,1.5936,6.54755,0.71606,-1.74195,15.9215,0.74215,9.1239,21.4518,6.23211,-75.152,-958.432,-279.136,-4060,6300,11200
22.137,43.4127,7.08972,27.9964,12.8955,1.20571,7.07434,1.30415,33.5089,9.06724,6.32506,17.7291,-4.13991,0.819502,0.226781,3.41892,-78.08,-958.432,-283.04,-3780,6300,10640
1.75918,-18.7609,-2.13139,-19.2677,-10.7795,-4.48303,-6.37703,-1.45042,-3.63708,2.88602,3.77214,-6.90726,-9.14145,-10.0895,-15.9237,-3.35635,-71.736,-958.432,-283.04,-3220,6160,10360
-12.4323,-32.51,-3.53158,-19.7112,-9.70423,-1.44385,0.12555,1.50234,-18.0311,-6.38054,-3.1386,-15.1911,-9.46096,-5.42568,5.64602,2.01056,-74.664,-958.92,-284.992,-2940,6440,9940
-3.54194,-14.218,1.27675,-8.24848,-2.03883,1.00148,2.69616,1.4234,-9.80502,-0.93628,0.118348,-5.35399,-3.02831,-0.414985,12.5571,4.40715,-75.152,-958.432,-284.016,-2240,6580,9380
13.6814,4.16387,-2.47412,0.332727,-2.09659,-0.228504,7.34109,2.31051,21.3413,5.71924,5.60694,-2.83267,-3.5459,-2.78963,20.7767,6.90183,-74.664,-961.36,-282.552,-1820,6300,8820
2.82531,0.535261,0.0480032,0.0422333,2.13143,4.23887,8.0817,4.6131,8.21184,0.242478,1.8169,-0.959975,0.325194,3.59795,12.3837,7.61696,-75.152,-959.408,-283.528,-1400,6440,8540
10.4164,26.5532,5.97399,18.3292,13.4482,4.19437,3.89057,2.47825,16.315,1.76143,-0.187678,14.5219,3.91887,9.13929,0.132432,4.72188,-76.616,-959.896,-286.944,-980,6440,8260
7.41154,14.8525,8.1838,-0.0231344,4.46537,-1.53617,-17.867,-5.60302,5.60788,5.87779,5.27278,13.3838,6.54414,2.68673,-40.4571,-10.2236,-76.128,-958.92,-289.384,-280,6440,7840
-14.2646,-38.1055,4.27282,-41.2579,-10.4346,-3.84164,-26.1329,-7.67131,-35.5531,-0.252144,1.66956,-1.8663,6.28631,-3.50246,-59.2418,-15.0024,-75.152,-957.944,-290.36,420,5880,7560
-5.31132,-20.6312,-3.85606,-9.60415,-0.827405,-2.56348,0.28958,-1.80393,-14.845,-3.52109,-4.24275,-2.96521,-0.552221,-1.56323,0.107206,-2.1729,-77.104,-952.088,-288.896,840,5600,7280
9.42214,17.2419,-2.77148,16.6744,3.70929,-0.628254,11.3967,2.71125,15.1321,1.2813,-2.69417,3.49641,0.636111,-0.0502302,25.0934,3.46751,-73.688,-952.088,-288.408,1120,5460,7000
-24.0186,-1.49247,-11.6679,5.96064,-2.25567,1.11544,3.49381,5.17545,-35.7889,-15.8763,-14.5693,-11.7946,-4.59678,-0.37314,3.08567,4.29426,-71.736,-952.088,-280.6,420,5180,7140
-63.232,-69.4623,-9.64922,-32.9337,-10.2543,5.02569,-17.4859,-2.83839,-109.54,-26.0888,-16.7371,-27.036,0.230509,3.43182,-33.2051,-7.05228,-73.2,-952.088,-282.552,-560,5180,7280
-1.73551,-15.3545,-1.02285,-15.0479,-6.73202,1.77918,-12.8777,-5.90271,-1.17394,1.84246,1.41914,-5.27017,4.90106,0.430317,-9.77451,-8.62753,-77.104,-952.576,-284.504,-1680,4480,7420
37.1867,44.234,-5.28342,31.6237,4.97287,-0.937415,20.3284,3.45631,72.5124,13.2658,6.50346,5.96241,-0.981703,-2.78616,51.0036,7.47878,-76.616,-954.528,-284.016,-2800,4060,7560
23.032,33.1326,0.742342,28.7152,9.34238,1.86492,18.0325,3.70944,42.366,8.28062,5.0763,9.12195,3.02222,1.75034,34.8166,5.37111,-80.032,-957.944,-291.336,-3220,4340,7560
12.272,15.9223,-1.03217,10.835,2.272,-2.29193,2.78032,-1.58277,21.706,2.45062,1.23518,5.37961,0.765235,-2.46212,8.65416,-1.54884,-80.52,-958.92,-296.704,-3500,5600,7700
7.76187,11.9648,-3.39923,5.03247,-2.01174,-3.51353,-1.20695,0.530227,17.1428,-0.458524,0.712372,1.96382,-2.04425,-5.98708,2.44724,-0.56768,-82.472,-959.896,-300.12,-2660,6300,7560
23.1106,25.9545,4.9391,-5.46994,-5.42941,-3.35063,-14.0499,-4.87582,41.6978,10.7495,9.10832,12.1676,3.19227,-5.09154,-26.2402,-7.83285,-81.984,-958.432,-298.168,-1400,7000,7280
22.7336,7.91336,4.91005,-7.83167,-1.81542,-3.31078,-3.87428,-7.04632,33.4847,10.477,8.82219,10.1941,4.6639,-1.86807,-4.04558,-5.57521,-84.912,-959.896,-301.584,-700,7420,7140
19.4608,16.3583,7.6091,11.5585,5.90938,0.374613,6.33633,-0.144043,32.259,12.6803,11.651,9.8855,9.0007,3.14476,22.7209,0.909257,-81.984,-959.408,-304.024,140,7700,7280
1.58712,3.29015,7.24566,-3.44856,1.61232,3.84436,-6.63007,2.67377,2.56587,5.83841,5.37337,4.43037,9.1667,4.85123,-11.7107,1.93405,-80.52,-958.92,-302.56,980,7840,7000
-3.61176,4.21652,2.9416,1.92516,2.6114,4.36766,-5.87071,2.92719,-8.13011,-1.41647,-1.74618,2.70314,2.72431,3.52605,-19.2365,4.54253,-78.568,-956.48,-302.072,1540,8400,7140
-10.8345,4.67272,1.01291,11.0457,4.75648,2.3081,-1.9263,1.42287,-20.7086,-6.19019,-6.08701,1.39446,-1.47754,2.15663,-16.5271,4.19738,-79.544,-955.992,-303.536,2240,8540,7140
-62.8933,-89.4197,-16.5067,-45.2369,-20.3369,-4.77045,-8.61503,1.67352,-105.511,-27.8737,-18.5094,-37.3975,-11.9393,-9.71916,-25.4843,0.0194205,-79.544,-954.04,-296.216,2100,8260,7420
-60.8499,-80.6228,-6.96859,-38.5851,-12.1568,-3.36538,-1.40311,0.162678,-97.5534,-23.6781,-16.1617,-27.4296,-6.86497,-3.4491,-7.5547,-0.917441,-76.616,-952.576,-297.192,1400,7980,7560
-6.78432,12.5496,1.99443,32.0624,18.0182,1.02604,28.2066,1.14939,-2.67017,-8.18173,-9.63832,6.86994,-6.18741,8.2357,54.3406,9.30052,-76.616,-956.48,-291.336,280,6300,8260
34.5794,56.0414,6.63474,41.0888,12.6153,-2.44335,16.3567,-3.93743,68.3199,12.2733,6.79904,18.5802,-5.31667,3.0555,42.1983,0.935535,-74.664,-955.504,-288.896,-700,5320,8820
32.5775,33.3438,6.41539,-3.09655,-7.062,-4.94973,-10.1462,-3.31759,56.4822,16.7738,12.3244,10.8122,-4.44842,-5.29779,-14.2541,-8.12853,-73.688,-961.36,-290.36,-2380,4480,9100
6.67093,0.925274,-0.557331,-15.7859,-7.85527,0.536065,-6.23053,6.28273,13.6313,3.39488,2.45101,-2.91706,-7.00825,-1.66279,-20.5732,2.12208,-77.592,-963.8,-294.752,-4480,2800,9520
18.2789,24.4107,6.52578,-0.229373,-0.720565,3.61359,-7.67623,6.06594,38.9607,11.1221,9.46325,7.16903,0.523342,2.1618,-21.3848,1.49857,-81.984,-967.704,-296.704,-5320,1820,9660
6.88361,25.961,5.87828,16.756,5.74481,3.79297,2.39353,4.01743,15.9337,6.76145,6.23014,6.06759,2.92769,3.51345,-2.89559,3.7567,-81.008,-969.168,-301.096,-6300,280,9800
-32.5208,-16.883,2.50174,8.99023,10.5129,6.29109,4.5559,4.48439,-75.2296,-9.45628,-6.00024,-3.51482,2.62162,9.08399,-13.2111,5.90863,-84.912,-967.704,-306.952,-6580,-420,9380
-53.3757,-98.2161,-12.5846,-51.3854,-19.5367,-3.19005,-11.2006,0.699065,-122.892,-13.8126,-7.10079,-33.4605,-5.28556,-8.0258,-27.5246,-3.45819,-86.376,-966.24,-311.832,-6160,-2240,9100
-1.69967,-46.3393,-6.47675,-42.8351,-17.8977,-6.46587,-4.50488,-2.66706,-5.73574,5.16155,3.79093,-15.2429,-4.82954,-10.7476,2.19435,-4.21086,-88.816,-963.312,-314.272,-5880,-4340,8680
41.4012,55.258,8.28533,35.5354,19.0673,3.86921,24.6251,2.10176,82.4543,16.7197,8.72401,21.5263,0.501079,6.1895,53.2765,8.45956,-86.864,-963.312,-321.104,-5320,-5740,8260
19.3547,33.6411,-0.0692256,24.4333,10.1778,3.24263,12.5787,-4.23613,47.0546,5.63039,1.97836,7.10029,-2.03815,4.49864,30.7428,3.37702,-88.328,-959.896,-327.448,-5180,-6720,7840
22.0354,37.2176,0.883851,16.1483,4.90699,0.37835,-2.3499,-8.51839,47.3085,7.45775,5.48172,7.94871,2.28586,1.97263,-0.314524,-1.88199,-89.304,-955.504,-336.232,-5040,-7980,7700
-17.0254,-11.7982,-0.664633,-1.788,3.63258,0.504364,-9.93295,-5.42015,-41.4633,-11.294,-7.12065,-1.80112,2.98805,1.64313,-21.474,-6.12863,-90.28,-955.992,-331.352,-4200,-9380,7420
-37.6127,-48.2307,-8.37972,-21.471,-5.19887,1.41412,-13.3753,-0.964023,-79.3426,-25.2693,-18.3167,-14.163,-1.98385,-0.920905,-24.2458,-6.45231,-91.744,-945.744,-329.888,-4060,-12180,7560
-14.7592,-40.7513,-14.8541,-29.5721,-15.614,-1.22033,-6.67846,1.92411,-29.0399,-18.7122,-10.8421,-18.2689,-2.54653,-7.50565,-8.65456,-1.45422,-81.984,-946.72,-326.96,-3780,-14420,7840
17.2484,9.97929,-10.2511,-1.36147,-4.77424,-6.43292,4.36207,-5.28525,34.4485,-5.10811,-0.317168,1.18757,3.56776,-6.67573,17.2403,-3.69843,-82.96,-946.232,-318.664,-6020,-16380,8400
55.6931,99.9217,21.0586,65.8005,32.8997,0.929451,7.5945,-9.77869,84.0398,18.4873,13.932,53.6094,24.1497,12.905,14.8013,-7.3942,-78.08,-949.16,-321.592,-8540,-17080,8680
17.0404,20.9733,6.71546,16.858,8.15907,-1.26261,-1.79273,-2.1575,17.5844,4.30134,3.45368,19.2558,15.8957,2.08931,0.0133457,-6.7342,-82.96,-952.576,-319.152,-11480,-17780,9660
-2.12386,-14.7105,-8.90737,-6.30476,-10.2571,-2.56732,-1.62212,6.07369,9.10181,-1.15625,-2.72225,-11.2678,3.29324,-6.60299,11.6854,0.960377,-83.936,-953.064,-318.176,-13860,-18340,10360
4.92863,1.72367,-2.7472,-11.5947,-11.1103,1.35813,-13.0584,8.03713,23.1311,8.45655,2.20882,-7.8279,5.37493,-2.82431,-9.1939,-3.36537,-81.496,-951.112,-326.472,-14420,-18900,10780
-15.08,-15.1426,-5.96571,-11.6656,-13.0965,2.44893,-2.51155,10.6302,-15.2285,2.76902,-3.52682,-18.6633,-0.563365,-4.43508,3.34588,0.559996,-88.328,-951.112,-312.808,-14700,-20440,11200
-47.719,-55.8219,-1.75279,-27.6091,-13.4204,1.36935,-9.45744,-1.83374,-88.9691,-7.71973,-5.57034,-24.2292,-3.45359,-3.88276,-28.5709,-1.83796,-91.256,-955.016,-312.808,-15680,-21420,11340
-23.5778,-44.7926,4.06742,-37.6287,-10.8751,-2.27027,-18.1433,-11.5978,-51.6207,0.664256,3.1741,-11.1387,-3.71341,-3.32877,-51.52,-5.69998,-87.352,-960.872,-309.88,-15820,-22820,11340
28.4275,34.5992,13.8164,16.9267,11.5929,-0.408329,5.00998,-6.4522,46.0267,18.8985,14.9444,19.1699,0.501698,4.82344,4.36599,3.6563,-81.008,-966.728,-307.928,-15820,-22120,11060
18.9553,35.1104,6.31733,46.4481,19.5355,3.49089,33.7125,7.38125,38.8886,5.35556,7.70457,11.3015,-7.14937,8.35685,70.7281,19.3701,-77.592,-968.68,-306.464,-16100,-21280,10500
13.3504,36.8332,0.958677,27.0041,6.67806,-1.39054,12.1089,5.53247,32.8748,-0.954299,2.03484,5.96453,-13.0798,1.58594,28.8668,7.99889,-74.176,-959.408,-306.464,-16240,-21140,9520
-1.93519,1.83946,2.06244,-6.83253,1.26358,1.30623,-4.26822,7.38446,-7.42278,-5.93805,-4.85993,1.55649,-12.2719,4.88873,-25.199,3.09771,-72.224,-950.624,-297.68,-16660,-22400,9240
-4.37192,-2.10042,5.90578,-2.90966,12.1501,8.51556,6.22616,12.2673,-2.06573,-9.81255,-12.409,7.56528,-9.45119,15.2151,-17.2563,11.9416,-77.104,-949.648,-295.24,-17640,-25200,8960
10.1014,30.9514,2.99624,24.1034,10.4217,2.72722,9.16074,3.47231,33.3557,-4.61833,-8.31446,10.759,-6.43002,6.70468,23.1444,4.87606,-73.2,-953.552,-288.408,-18060,-28140,9240
10.9955,4.32666,-2.0434,-2.49028,-7.74988,-2.19507,-2.91515,-2.54742,22.3826,3.97342,2.26559,-1.63215,-2.47584,-7.12566,11.5353,-6.65875,-71.248,-957.456,-288.896,-18760,-29960,8960
-7.67522,-18.3,-0.142407,-13.2876,-4.12706,0.492541,-1.84537,-2.21661,-18.3088,2.4485,1.1337,-1.55335,3.56908,-2.6473,-4.64789,-2.6038,-70.272,-956.48,-283.04,-20160,-31640,8400
-5.11245,9.86911,8.47605,21.2666,17.7228,7.22286,16.4577,6.2,-17.5101,5.65078,2.63746,14.5418,12.0794,9.40279,12.642,11.5548,-75.152,-960.872,-283.528,-20440,-32480,8120
3.29115,10.4758,3.33028,10.4255,6.26164,1.92743,7.53329,4.44532,-1.16774,10.2391,9.44759,6.53675,11.8158,1.12912,-0.148155,6.21566,-71.736,-961.848,-281.576,-20860,-33600,7560
-31.5115,-66.9477,-17.3844,-48.7284,-25.0958,-7.30289,-13.1426,-2.16191,-59.7989,-8.12305,-1.49825,-30.2978,0.281367,-14.6725,-30.1507,-3.26648,-78.568,-950.136,-282.064,-21700,-35980,7560
-5.14942,-40.5276,-9.76436,-59.7135,-31.7143,-12.3053,-35.3234,-16.1631,-8.9605,2.17896,4.28745,-16.6978,1.07719,-19.6529,-57.9804,-20.3663,-69.784,-949.648,-273.28,-22680,-38080,7980
2.03611,14.4543,0.207272,9.33707,2.6562,-2.10915,-6.54409,-4.75878,9.92785,-2.58396,-0.912767,7.68142,3.12979,-0.82119,-2.47097,-7.78742,-69.296,-950.624,-271.816,-24640,-42000,8820
-20.7914,-3.56337,4.93197,26.2164,22.0611,8.3007,15.591,2.44623,-46.9182,-8.56459,-6.27467,10.406,5.7135,15.4072,20.6493,6.41882,-73.688,-958.92,-259.616,-26460,-45360,9380
-9.5319,-5.63985,-5.56481,4.16584,2.93085,-0.779829,9.60038,-10.0822,-15.6032,-5.76744,-6.44807,-6.56739,-2.43035,2.23412,11.0529,1.10435,-71.736,-954.528,-256.2,-27580,-48020,9940
-8.27118,-25.9333,-18.7107,-20.8134,-19.9615,-14.5063,-0.174997,-13.5731,2.22277,-10.6445,-7.5354,-27.5599,-12.3126,-16.5587,17.0698,-9.45297,-75.64,-963.312,-250.832,-27300,-49840,10500
12.134,-8.84787,-4.32751,-22.4383,-17.9055,-14.7551,-19.1291,-15.0927,25.726,2.38809,5.70762,-10.3156,-5.78531,-16.558,-6.41726,-22.3938,-74.176,-962.824,-254.248,-30100,-51100,10780
9.8101,2.67276,2.25999,-11.445,-7.00288,-5.83909,-25.101,-6.28447,10.6279,0.177517,1.70536,0.805279,-2.69447,-7.69834,-28.6737,-16.59,-77.104,-965.752,-245.464,-31920,-52920,11760
9.33126,-1.24275,1.53023,-10.5218,-12.0131,-1.31426,-10.6515,3.02102,13.6579,1.96914,0.694241,-5.76661,-2.36609,-6.11688,-1.68684,-3.84033,-74.176,-963.312,-258.64,-32900,-53760,11900
27.2101,36.9614,7.82829,16.5969,2.45954,3.88085,6.28478,7.50299,54.9463,11.6745,5.85696,8.89968,2.62943,2.367,20.9795,5.01768,-77.104,-959.896,-261.08,-32620,-56140,11760
16.6046,43.6778,12.1729,43.3575,22.8822,9.55946,21.9084,9.34119,25.3328,8.97152,4.24092,20.4916,6.703,15.1604,39.9368,14.9757,-63.44,-987.712,-210.328,-34580,-56560,11060
18.7917,29.4026,9.43123,22.4606,13.0132,9.5809,16.2541,7.52202,25.6248,11.966,8.85222,12.5625,6.62014,11.2604,21.5573,13.7857,-81.496,-969.656,-260.104,-38780,-58100,10500
-13.7391,15.422,5.58714,29.2932,23.913,14.2368,15.3007,9.94061,-23.5787,-7.7305,-5.30069,9.82585,4.06129,17.4086,1.34797,15.0663,-81.496,-957.456,-247.904,-41440,-57260,9940
-49.0889,-20.0564,-2.16969,11.7439,21.3686,15.792,7.43792,12.7407,-86.0625,-26.715,-18.2884,-0.709249,-0.121153,18.3125,-29.729,14.4136,-82.96,-959.896,-252.296,-39760,-56000,9380
-19.492,-41.2448,-16.1249,-40.1407,-22.1388,-1.13318,-22.2216,0.918179,-28.4084,-10.4144,-5.17126,-20.6753,-5.67044,-10.7103,-44.225,-7.09328,-79.544,-960.384,-235.216,-42980,-56140,9100
-8.4187,-50.5075,-15.3821,-37.4263,-27.2456,-5.60431,-7.0064,0.636008,-9.5156,-3.3001,-1.13859,-24.7496,-6.80922,-14.4459,7.73235,-3.65682,-82.472,-960.872,-236.68,-44800,-56000,8540
8.82199,-1.46977,4.51747,18.3333,12.7284,3.40947,22.6774,7.16905,3.96792,4.27393,-0.370203,10.7776,1.45367,7.61672,38.7065,12.0214,-77.592,-956.968,-249.856,-47460,-55160,7840
12.9602,16.535,-2.22324,22.1554,4.92109,-2.44438,14.1269,4.7623,18.8584,2.1179,-1.49071,6.45523,-1.01336,0.0616137,28.6647,5.72808,-76.128,-956.968,-249.856,-47040,-54600,7140
2.28222,-40.6565,-15.1392,-45.8813,-33.5905,-10.76,-12.4918,-0.210001,5.50395,-0.90929,1.65759,-26.8567,-6.13055,-18.0965,-11.2757,-9.34029,-74.664,-941.84,-239.12,-48300,-54600,6440
22.5378,-1.14038,-3.97764,-39.9991,-27.6407,-10.3158,-27.8854,-7.73458,41.697,11.5071,12.2077,-8.16139,0.474621,-15.2434,-39.8119,-19.6488,-62.464,-953.064,-217.648,-51380,-55720,6020
34.7068,60.7844,16.7661,16.0509,11.9571,1.12241,-11.8016,-5.68188,60.0731,20.5871,15.3778,28.5204,10.7489,5.15399,-28.3618,-10.4343,-70.272,-944.28,-256.2,-56420,-57960,6720
24.1233,55.8334,18.6183,38.9438,26.4751,3.38013,2.21288,-3.78352,31.3931,17.427,11.3918,32.5816,8.2627,8.96861,-8.55238,-4.3186,-73.2,-933.056,-250.832,-62860,-59920,7140
-3.82552,12.4322,13.6243,24.9599,24.0992,3.69487,10.3662,0.425379,-25.2593,1.73936,-2.69713,19.8784,3.29396,11.5908,-1.14578,3.75178,-61.488,-946.232,-258.152,-64680,-60060,7280
-15.9982,27.0675,14.2499,50.4712,40.7981,10.659,33.9446,7.15812,-28.0049,-10.0168,-11.9242,23.5211,4.60637,24.4617,37.5828,21.1915,-67.344,-938.424,-255.224,-69580,-62300,8260
-15.6171,11.187,-11.4612,4.42063,-5.58448,-8.22303,-2.47511,-6.72184,0.874812,-11.95,-8.23507,-12.5594,-7.77471,-7.17984,7.28091,-1.91593,-72.712,-934.032,-252.784,-72380,-63700,8820
-18.0352,-39.5891,-14.9118,-47.8299,-33.7943,-16.5627,-32.5061,-16.2304,-19.8474,-8.22292,-5.29099,-25.8978,-11.8204,-22.1127,-32.9949,-20.3651,-58.56,-933.056,-251.808,-74200,-63420,9520
-14.2176,9.37998,7.77478,31.4674,15.9981,0.652214,2.80042,-5.20154,-37.1845,-3.65734,-3.11277,13.9412,0.530072,5.64573,18.2335,-0.702195,-58.072,-935.008,-237.168,-78540,-63000,10080
1.3433,5.80064,4.53321,22.2217,7.56915,2.14602,11.5872,-0.278435,-5.68552,3.82666,2.943,3.03276,3.02073,4.49313,36.0593,6.18406,-66.856,-921.832,-121.512,-84560,-63140,10780
5.18254,-47.7598,-7.27194,-46.2846,-26.3654,-2.42775,-0.920742,0.13217,8.81127,6.81456,6.70269,-29.2789,-1.30423,-9.33003,4.47745,2.4095,-52.704,-888.16,-289.872,-86100,-65940,12040
-5.38362,-68.76,-2.20773,-67.6061,-26.3728,2.41448,-9.6078,1.96654,-16.1535,4.74867,4.19459,-25.0585,1.14702,-6.33267,-32.6149,-0.487456,-68.808,-951.112,-263.52,-71680,-76440,16660
-15.0324,-39.1513,5.62413,-27.5222,0.244165,6.80289,-2.44098,4.00716,-33.5759,-0.534538,-1.25677,2.64584,5.93334,5.9895,-21.5351,3.31274,-87.84,-959.408,-322.568,-88900,-69580,11340
2.30368,35.8295,6.94838,47.1127,26.4523,7.47556,21.2525,7.02355,11.0939,0.375208,1.28337,21.544,7.10148,13.6963,39.3957,12.9117,-74.664,-959.896,-294.752,-101080,-71120,10080
23.1515,64.3393,1.80953,40.184,14.9256,1.69363,14.2561,3.64214,62.0996,3.35397,3.36477,15.165,-0.42393,5.23058,27.1732,9.68122,-86.376,-941.352,-313.784,-98980,-70560,9660
15.4151,33.697,-0.592665,12.9108,2.48907,-0.877367,-0.584162,-1.38953,35.6019,0.747518,-0.641528,6.68154,-5.49462,-0.969976,-1.96217,1.42603,-103.944,-939.888,-319.64,-89040,-64400,9100
14.7249,24.3462,-4.34242,3.82858,-5.52794,-3.50938,-10.5207,-3.91765,30.3438,-0.42666,-2.43411,4.04888,-5.87743,-7.3793,-12.8131,-4.51312,-90.28,-951.112,-294.752,-85260,-59920,7700
6.72678,23.4243,0.607382,9.0783,2.3388,-1.14923,-12.0275,-5.22956,12.4815,-2.65135,-3.02505,9.96472,0.205768,0.160417,-19.3903,-5.39611,-92.232,-944.28,-292.8,-88200,-58520,7000
-18.9989,-3.52542,1.63417,18.9312,13.0349,7.57448,4.24365,1.73854,-37.4015,-9.97243,-4.43231,0.289768,4.865,12.687,3.56019,4.002,-82.472,-934.032,-273.28,-84560,-57820,7560
-38.2719,-35.6679,-8.81146,-1.7124,1.33566,5.60119,2.16499,5.21772,-67.7007,-17.2566,-9.13697,-17.9888,-0.329799,4.67851,2.92364,4.04817,-74.664,-924.76,-268.888,-81480,-54600,7980
-18.8658,-40.538,-8.70602,-25.4751,-13.8737,-1.69888,-7.8412,1.11086,-36.7236,-7.92809,-4.8803,-18.234,-3.6967,-8.33193,-11.2743,-4.97751,-87.352,-914.512,-255.224,-79940,-53340,8820
2.02683,-23.4789,-8.02423,-32.193,-19.349,-6.03118,-9.06116,0.0406702,3.14658,0.0467818,0.366594,-15.3615,-4.6865,-12.2884,-19.7484,-7.07893,-91.744,-909.632,-272.304,-81340,-53200,9940
6.21482,-23.9665,-8.41321,-31.798,-23.7897,-10.4741,-8.03216,-2.44231,15.0056,3.16257,3.82124,-17.2652,-3.1595,-15.9108,-2.43458,-9.95072,-98.576,-909.144,-294.752,-81480,-51940,11340
16.8514,17.1412,-1.44969,10.5677,-4.07196,-5.82751,5.82197,0.520973,36.3626,8.53986,5.22725,-0.465353,0.793509,-6.10887,24.3507,-3.89468,-97.6,-916.952,-285.48,-84840,-51240,12040
4.6103,-3.56229,-5.53998,-12.7002,-11.347,-4.7779,-5.62479,0.0418395,15.3954,1.30606,-3.34858,-5.52697,-2.17378,-8.50815,-2.18815,-6.40076,-96.136,-919.88,-286.456,-91000,-50540,12740
-9.46278,-29.1035,-5.31681,-18.8176,-6.80314,-0.906027,-1.0261,3.25587,-21.7767,-5.08559,-9.6163,-8.67899,-2.91673,-2.32529,-4.99997,-1.03628,-101.504,-915.976,-311.832,-88620,-48860,13440
-28.6647,-46.42,2.65098,-19.4449,7.80737,7.12642,2.02892,5.04958,-71.3076,-10.548,-9.12439,-3.6489,2.08404,14.7781,-27.5224,4.50656,-108.824,-914.024,-319.64,-82040,-44380,13580
-33.0849,-78.3045,1.96121,-54.2203,-5.35333,7.45593,-8.6239,2.30922,-76.7943,-9.11593,0.782464,-14.9846,3.38338,11.0747,-47.4384,0.981845,-109.312,-912.56,-332.816,-82460,-42140,13020
14.5187,16.8123,6.8825,15.0924,8.35333,3.68515,10.7247,0.709797,27.0896,8.0918,10.6715,8.32037,-0.354121,2.26849,23.2817,0.792627,-109.8,-910.608,-338.184,-80640,-40600,12180
30.9047,56.953,3.25226,42.7356,7.06185,-2.28308,14.2869,-0.188156,70.0947,12.3682,9.9878,14.2435,-4.64838,-6.17393,54.088,-1.72814,-102.48,-915.976,-333.792,-79240,-39480,11620
25.441,39.0808,3.55871,24.035,2.65379,-2.41725,6.27775,0.544858,47.1404,13.4374,12.7528,9.65928,1.69241,-6.05952,24.2023,-1.76462,-95.648,-923.784,-332.328,-79380,-39760,11480
34.3195,47.2655,11.5942,7.4792,-0.525253,-5.22636,-16.1418,-8.81965,53.2861,20.1542,16.9539,19.2894,6.03145,-6.1216,-31.1516,-11.7538,-92.72,-927.688,-311.832,-78960,-39900,11480
13.4165,51.3707,9.38694,38.13,13.4302,-2.44585,-9.8926,-7.65662,18.3405,6.12679,4.81721,24.4776,2.32667,1.49462,-11.0857,-6.0984,-93.696,-933.056,-310.368,-76720,-39480,11060
2.38523,64.928,2.50741,63.1067,28.8107,3.61884,15.6296,3.09737,16.4513,-8.99424,-8.48382,24.0236,-2.95253,9.51616,28.1688,12.1794,-87.84,-933.056,-327.936,-72520,-39200,10920
5.70185,22.5376,-3.66384,7.34957,3.19319,1.61871,6.30854,3.45922,20.7713,-3.36477,-4.07704,1.41218,-1.47998,4.37926,5.44284,12.259,-92.72,-934.52,-323.544,-69440,-37520,9940
-4.84795,-29.6515,1.38594,-30.0978,-9.87783,5.39609,-2.59076,1.99981,-16.5526,3.42132,5.02124,-13.5675,7.8409,4.88969,-8.5301,7.79312,-91.744,-930.128,-311.344,-68880,-35700,9100
-13.9856,-36.1226,-0.881506,-15.8519,-2.82106,5.64303,5.84072,1.47969,-34.1382,-1.73306,-2.42415,-15.1753,3.24327,2.20944,6.81135,7.38331,-88.816,-927.688,-325.008,-69020,-32900,8540
-10.7575,-26.2452,-1.85522,4.94179,6.12916,1.08735,14.4199,0.499803,-38.2793,-6.69518,-11.6403,-3.70265,-4.72916,1.16918,17.9235,9.19447,-97.6,-927.688,-329.4,-66080,-28560,9240
1.10936,-12.6749,14.8047,-1.66482,12.4704,4.46665,-5.4766,-3.52573,-31.9027,5.10762,0.701931,20.3452,9.47967,11.481,-28.0929,1.34242,-93.696,-932.08,-329.888,-67060,-25620,9660
18.6413,42.4519,15.3115,14.247,9.81003,-1.86802,-15.4007,-10.1361,29.985,14.0121,7.28475,28.2931,11.6876,3.25795,-23.8124,-9.07837,-96.624,-933.056,-317.2,-67760,-22120,10220
-1.55076,41.5962,-2.14096,34.8055,10.6534,-1.34358,10.9814,-0.0616467,26.6521,-4.13879,-5.83429,8.73475,-3.28677,0.0128554,32.5817,3.76741,-93.696,-936.96,-309.88,-67620,-19740,10780
-22.0988,-16.1099,-18.714,8.00731,-7.14843,-5.95191,13.5765,3.07729,-20.6485,-16.3755,-15.5082,-16.4238,-14.0503,-12.5292,37.6559,2.97795,-100.528,-939.4,-320.616,-67340,-16240,11760
-19.0155,-37.3527,-19.1627,-22.2442,-17.5593,-10.0291,-1.20536,-0.208532,-24.3407,-12.3562,-10.9236,-22.5138,-12.5735,-10.5759,9.67341,-3.00988,-96.624,-941.84,-315.736,-67060,-13440,12180
-6.52146,-48.338,-10.4928,-55.8912,-27.1602,-5.74572,-16.8386,0.932615,-8.09118,2.36397,5.5515,-27.4752,-0.56275,-4.54495,-26.2982,-5.51904,-95.16,-947.696,-304.512,-68460,-11200,12460
12.5734,-8.05969,4.47485,-24.3435,-5.90461,4.16656,-3.73211,4.07819,27.7833,12.2536,9.67567,-4.59499,7.12946,4.95462,-14.3396,1.94414,-90.28,-952.088,-298.656,-67340,-7560,12880
-8.35,-32.1257,4.95565,-22.694,2.9373,5.71228,2.45062,5.70051,-15.4468,-1.45472,-2.31795,-1.04406,0.663736,4.37783,-18.5525,3.06399,-102.48,-948.184,-291.824,-64540,-5880,13020
-14.2666,-20.9367,-2.5389,-20.6684,-2.8356,0.216165,-5.88669,0.570686,-14.1455,-12.2779,-7.88317,-4.41143,-4.87517,1.78271,-25.4622,-5.787,-106.872,-946.72,-319.64,-60900,-5040,13300
-12.5159,-0.429024,-12.3,8.99197,-8.77206,-6.42944,-1.77754,-2.79548,-6.86442,-10.858,-2.34055,-16.3086,-7.12194,-11.0949,17.9806,-10.3586,-110.776,-953.552,-323.544,-59500,-4200,12880
-18.0084,-25.791,-10.4353,-12.1929,-19.5223,-9.36238,-14.3748,-2.95221,-38.3325,-9.72098,-3.08325,-17.6474,-10.8046,-18.0045,-6.73345,-14.4726,-110.288,-952.088,-323.544,-64120,-3920,12320
9.01514,4.29289,2.4689,-11.1656,-8.29321,-3.25769,-14.9151,-1.54557,8.99738,1.93908,0.853643,5.84823,-2.14412,-4.90679,-26.8444,-8.9353,-109.312,-960.872,-323.056,-66640,-2660,11900
16.3649,18.3568,6.82704,-0.0490793,6.6635,4.4848,2.15959,3.92755,25.2129,6.16509,4.23318,9.80416,5.21729,10.5007,-8.69889,4.51438,-117.12,-951.6,-319.152,-64540,-1120,11620
-4.27451,58.6455,19.9251,64.3456,55.3276,27.5129,36.5841,13.9247,8.53257,-2.9246,0.561378,28.8091,21.0537,49.5327,32.5904,29.3628,-124.44,-954.528,-342.088,-58940,-140,10920
-0.18216,60.1283,18.0667,67.8229,43.9985,28.2896,32.9112,8.0935,19.6318,4.19883,5.86128,21.5153,24.6482,37.3707,50.5837,19.7663,-127.856,-949.16,-350.872,-55160,280,9940
17.7964,11.9899,3.47703,4.78705,-8.90269,-0.246703,-17.8548,-14.8691,24.598,12.9902,6.15388,2.27002,3.38716,-16.6309,-7.39836,-23.1174,-126.88,-939.4,-351.848,-51380,2800,7700
27.952,-6.48988,-7.0499,-18.6638,-24.812,-25.3696,-26.4913,-19.2974,27.9831,14.012,3.53323,-1.48593,-10.0126,-38.311,-16.6685,-25.4723,-123.952,-938.912,-338.672,-49000,2940,6020
-4.61331,-22.7371,-11.0129,-16.8229,-20.2082,-21.39,-8.93399,-7.20605,-16.7396,-3.51643,-1.60523,-15.6011,-6.73543,-27.614,-10.4814,-6.58913,-118.584,-941.352,-329.4,-49000,2240,5180
-11.8541,-29.7666,-14.1903,-22.9231,-35.4953,-18.2532,-5.49324,-4.17656,-15.8906,-6.60398,-2.03265,-31.373,-14.299,-32.6896,0.462447,-9.79248,-122.488,-936.96,-321.104,-46620,3080,4340
0.834017,-29.3977,-17.1295,-32.2261,-37.6959,-18.9791,-12.1509,-4.92691,-4.45932,-7.24469,-9.55762,-18.1068,-35.5891,-23.4067,4.83458,-10.0906,-118.096,-945.256,-319.64,-43680,2660,3780
-14.7956,-53.0891,-7.03447,-47.1497,-7.53212,5.31086,-17.1746,6.09497,-63.2696,-14.041,-8.38721,3.98134,-12.5516,13.3696,-40.9604,7.94167,-121.024,-945.256,-321.104,-41860,1540,2660
-2.09975,-1.60787,20.4564,-15.3522,29.812,34.2145,7.26544,22.5115,-25.039,7.47023,16.5796,17.275,33.5097,49.5415,-31.156,33.6282,-112.728,-944.768,-330.376,-42280,840,1120
13.3864,42.054,53.6123,26.2852,57.9633,60.4906,41.5867,39.1121,36.4896,34.3857,42.4523,13.8814,65.6277,83.4887,11.2774,59.2543,-117.608,-940.376,-340.136,-42140,0,0
-10.1091,-10.2343,44.7088,14.5429,46.7593,55.7373,38.0923,31.7151,-5.64989,20.1385,27.6801,2.06,49.4383,71.0229,14.6267,47.9293,-120.048,-937.448,-356.24,-41160,-980,-1120
-13.5481,-7.74264,-9.20868,38.2372,18.2884,-12.8501,10.8914,-15.6348,-20.847,-13.6614,-18.5233,13.9291,-20.742,-32.4232,27.9645,-15.0624,-120.536,-932.08,-358.192,-40320,-2380,-1820
7.29383,18.6765,-55.4818,37.5473,-34.0958,-74.0749,-23.7263,-43.9259,10.0738,-29.1717,-43.6553,12.0256,-74.8376,-103.945,28.2158,-59.5551,-119.56,-935.008,-366.976,-40880,-3920,-2520
53.3899,75.3391,-47.39,44.6237,-31.8734,-67.5233,-18.2336,-31.4968,72.9625,-26.8098,-60.5157,36.4129,-90.7422,-68.2804,34.0374,-42.6954,-115.168,-932.08,-367.464,-40880,-6440,-3080
68.1686,90.8721,-37.2064,31.4187,0.927,-31.4964,2.76017,-6.13542,89.9771,-13.7482,-35.5452,46.8752,-54.695,-15.3776,20.1624,-6.31934,-115.168,-930.616,-370.392,-40740,-7280,-3220
-10.2867,20.1226,-19.2899,-26.7169,-3.38351,9.42379,-2.08668,11.4983,13.0698,-2.2329,17.8158,-26.4414,23.8231,15.9698,-34.8475,14.6163,-116.632,-926.712,-362.584,-40180,-8120,-3360
-57.5112,-16.2259,3.41677,-8.23326,-18.3101,11.1654,1.18345,-1.56327,-22.5813,1.43041,20.9678,-68.1681,34.6649,-14.7023,3.07461,-12.6018,-112.24,-925.248,-371.856,-39480,-8960,-3360
-51.8017,-48.1607,-17.4292,-4.50497,-56.1555,-38.0317,-21.9894,-37.3282,-16.4195,-1.5184,17.0205,-66.1777,12.6256,-73.5656,27.7879,-66.0287,-110.776,-925.248,-368.44,-37800,-9940,-2660
-27.9433,-60.9214,29.991,-25.5106,-35.8998,-11.8596,-22.2267,-12.6838,-36.3944,39.1352,55.9844,-38.0262,61.6408,-0.0838821,17.6027,-17.7027,-111.264,-922.808,-362.584,-38920,-11200,-2240
9.45393,-37.894,87.3027,-32.3815,23.5171,46.6977,4.05617,27.877,-31.4317,55.9054,50.3103,18.6104,62.3133,79.747,-4.96731,44.779,-112.24,-919.88,-360.144,-40600,-12180,-1540
40.914,-33.4821,53.9477,-41.9815,50.7587,50.1069,17.9424,25.9666,-14.441,24.1514,12.9937,75.3213,30.3437,85.8002,-50.9139,48.9909,-112.728,-919.392,-369.416,-42140,-13720,-140
9.6833,-19.2598,20.4118,-24.2822,53.5333,50.0454,21.0292,21.154,-26.7065,1.18009,7.43535,41.7525,40.2701,79.8627,-50.3203,41.5847,-118.096,-924.76,-380.152,-42980,-14840,840
-14.8356,14.309,49.2013,-4.502,48.9796,70.8316,17.6662,28.3979,-6.37552,17.895,28.6752,-11.1437,70.9886,84.0259,-32.8699,39.0297,-123.464,-928.664,-391.864,-44660,-16660,2100
-21.3801,-26.2163,51.3097,-0.967796,32.882,66.2705,12.2365,25.0576,-32.2483,21.8608,26.4034,-10.8613,57.1794,65.8861,-10.348,31.33,-124.44,-927.2,-394.792,-45080,-17780,2660
-12.8873,-89.485,14.9418,-54.6324,-8.93607,27.6316,-18.9831,4.03418,-55.4245,7.69258,3.75322,-4.81962,12.827,22.8266,-50.9125,4.44672,-127.856,-929.64,-403.576,-44800,-18480,2940
-10.4872,-67.4928,-54.4376,-38.389,-54.4214,-50.0242,-53.3071,-33.7521,-77.1484,-46.1433,-82.0407,-0.189471,-99.9887,-114.729,-61.632,-67.4436,-126.88,-924.272,-373.32,-43260,-20020,3500
33.8379,67.0603,-121.975,61.2091,-64.6631,-118.952,-41.8929,-51.8581,21.1579,-102.947,-149.539,37.2822,-189.201,-181.471,23.3683,-88.3926,-124.44,-917.928,-389.424,-39760,-21000,2940
45.1602,124.151,-109.328,52.6896,-30.8047,-98.4241,-1.46053,-30.5554,110.89,-72.4049,-67.14,15.031,-99.4183,-79.3865,43.42,-28.7478,-127.368,-912.072,-389.912,-38780,-17500,2800
5.0913,121.425,-40.3635,52.1742,17.9415,-19.087,47.8656,15.649,97.746,-28.7716,-23.6449,-30.4604,-52.3923,6.18089,66.3505,31.9051,-120.536,-923.784,-369.904,-40880,-22260,4620
23.5154,107.221,-39.5679,96.517,42.3115,9.55238,63.6362,43.5921,77.5911,-23.8678,-44.6466,30.9419,-95.9992,6.94838,103.097,43.4108,-115.168,-927.688,-376.736,-41300,-21280,4760
-4.27198,35.4543,-69.7238,53.6049,9.40397,-8.64693,26.9677,28.8382,40.2958,-20.2644,5.46366,-16.0626,-28.8042,-21.4741,71.8006,23.1399,-109.8,-916.464,-372.344,-40740,-17640,5040
-48.019,-26.4351,3.37055,-19.0602,-21.2633,-5.63357,-3.6856,-5.05304,-10.3511,32.7515,74.0854,-95.0736,85.3737,1.8665,-0.105657,2.08546,-120.048,-916.952,-366.488,-40320,-20160,5600
-54.4522,-68.5133,34.7755,-22.5359,-38.9242,-58.7814,-19.4617,-65.0053,-53.6431,48.8855,58.2825,-75.4109,54.901,-84.958,-10.7023,-78.5041,-123.464,-918.904,-389.424,-45220,-21420,6580
0.133782,-73.7494,57.0694,-15.3847,-49.043,-22.3105,-23.8322,-26.5042,-28.3799,57.8049,52.5303,-12.0739,45.3922,-14.9318,39.4798,-33.6076,-118.584,-925.736,-374.784,-47320,-22820,7980
38.0246,-39.7443,105.779,-38.7431,22.1076,88.2846,-1.13014,46.8682,-16.4504,71.4339,74.373,55.485,101.871,135.433,-0.286302,65.8904,-119.072,-930.616,-386.008,-50960,-22960,8540
14.5196,-17.6359,75.1257,-73.2155,50.8065,85.6456,3.22059,33.7682,-1.9506,38.6506,45.5714,42.0461,80.5945,108.852,-81.9537,54.848,-122.488,-929.64,-386.496,-52920,-22260,9240
-16.9032,-28.0895,24.4091,-38.4897,26.8443,26.7661,-11.308,-7.37727,-26.1553,-4.87991,-8.03225,17.7929,15.4227,26.9015,-68.2114,-0.99919,-121.512,-932.568,-382.104,-54040,-23100,10080
-7.32803,-29.0564,0.21795,1.41865,1.20421,3.003,-16.7277,-18.157,-28.1791,-7.83321,-3.31575,10.1088,11.4461,-11.0862,-13.6699,-20.7645,-124.44,-934.032,-394.792,-51800,-21280,11060
-20.7788,-30.8398,3.26116,-13.2122,-17.6806,-1.0288,-26.058,-11.869,-60.4116,-6.28115,-1.6111,-6.82415,8.15672,-4.7548,-41.5097,-12.2683,-122.488,-938.912,-396.744,-48720,-19460,11620
-0.210122,-4.2005,10.8597,-13.8369,-6.01309,2.82892,-10.0657,-1.95145,-20.8139,-0.0180263,3.39139,8.15798,4.33792,6.88165,-38.5766,0.48407,-127.856,-937.448,-398.696,-47880,-17080,11900
15.8981,21.4405,-2.40451,3.73558,1.97775,5.81388,8.02104,10.0084,35.6993,-3.97982,0.536038,12.9687,-4.52983,8.43533,2.94103,11.5309,-134.688,-931.592,-407.48,-45220,-14280,11760
-1.19204,16.5604,-4.91027,19.1439,15.4102,1.95672,17.6888,2.42842,5.49965,-7.82955,-2.76515,11.2998,2.36052,3.46213,13.0289,8.84328,-138.592,-924.272,-411.384,-41580,-12460,11760
14.3668,14.5518,5.68152,20.5813,16.2474,-7.71219,20.3945,-4.13664,6.76527,-8.12167,-25.0175,25.3261,-20.7439,-11.6942,15.9942,-3.47767,-137.616,-919.392,-415.288,-37660,-10500,11340
55.777,66.3064,-17.8426,60.6674,29.8844,-30.3297,27.0145,-0.304357,57.577,-39.8062,-89.8554,81.1115,-96.309,-31.5635,55.1382,-7.91922,-140.056,-907.192,-408.456,-35000,-10500,10920
53.5195,102.854,-67.3443,67.6736,12.8611,-22.5578,24.5315,11.5374,97.821,-37.761,-35.4797,45.7241,-42.7846,-15.0113,69.3646,13.9134,-133.224,-890.6,-413.824,-31920,-10780,10360
-39.5336,33.3393,-40.9648,-9.91902,-21.7594,6.36531,2.13812,14.9049,32.2905,-6.85825,30.0119,-94.9695,31.5938,10.2419,7.12023,16.2308,-136.64,-891.088,-404.064,-29400,-11620,9660
-76.7474,-91.1393,14.4024,-75.0642,-33.3681,19.1767,-23.9399,-0.830509,-59.6034,29.473,44.1355,-113.852,50.1269,15.2428,-37.88,-6.7901,-129.808,-899.384,-391.376,-28140,-12740,8960
-54.4319,-130.174,39.1003,-66.7738,-9.70668,32.8493,-27.7875,8.08737,-110.484,25.4815,17.2922,-36.6126,37.5135,30.8445,-65.2113,-2.43136,-114.192,-907.192,-390.4,-27300,-13440,8120
-17.7109,-73.9453,24.3281,-29.3355,3.68015,29.7267,-17.2556,12.5013,-84.0958,-7.85301,-22.657,13.3989,-0.608667,18.9179,-51.0255,1.96744,-108.824,-911.584,-404.064,-27020,-13580,8820
16.1454,15.4537,-10.9,8.48282,14.6105,-0.628231,0.0944721,-3.52525,-12.3575,-36.2044,-47.8937,50.8799,-46.942,-8.05358,-14.5395,-7.09089,-108.336,-910.12,-426.024,-28700,-13580,8820
22.4585,48.6149,-26.0607,13.5077,21.1262,-15.7814,6.73556,-11.4576,26.8636,-17.28,-17.9843,39.0661,-28.5811,2.67501,-11.5591,-1.23363,-104.432,-914.512,-415.288,-28840,-13580,8680
20.3929,54.7926,-18.5364,44.0304,-0.654437,-34.5935,9.86586,-30.5537,46.5661,23.1299,35.8069,-23.4562,10.4848,-42.9101,44.0898,-22.876,-101.016,-907.192,-407.48,-27160,-13860,8120
22.7685,32.4468,3.41079,49.1052,-34.1702,-44.7974,-4.41872,-27.0228,45.5133,39.0688,40.7662,-30.148,1.15039,-72.9194,58.8427,-45.0555,-97.112,-916.464,-395.768,-25620,-15680,8540
-13.0001,-34.5214,-16.9549,-16.2207,-69.0681,-57.1418,-46.4112,-24.5847,-18.7346,7.83309,10.4387,-27.0187,-17.9142,-83.3848,3.82578,-53.1828,-98.088,-924.272,-396.744,-29260,-17220,9520
-7.44471,-41.76,4.07459,-50.2432,-43.3748,-28.0054,-30.1416,-9.90862,-25.7872,10.0454,15.1731,-20.8831,8.12176,-16.4091,-13.8722,-11.1702,-101.992,-923.296,-402.6,-31220,-18060,9940
14.4412,-4.90083,45.152,-23.8137,23.9632,47.7059,17.3835,29.3394,-2.16322,16.9781,16.3354,23.4242,38.8927,78.8029,-9.9868,45.4605,-105.896,-936.472,-397.72,-31500,-18620,10220
19.4462,33.1856,33.5651,28.1383,74.6767,82.0603,50.9491,51.6676,13.3078,-2.93693,-19.6781,67.5088,16.7814,101.883,19.6957,69.1745,-107.36,-931.592,-416.752,-31920,-19740,10220
55.082,77.4698,11.0059,50.4754,75.6218,55.0214,53.2724,42.809,84.6584,0.602512,-28.468,62.739,-21.8552,69.1769,25.4681,57.857,-113.704,-923.296,-415.776,-28000,-20300,9380
12.5543,43.0084,-68.7006,42.0559,11.0148,-32.2729,11.7327,-13.2932,34.6009,-50.9797,-51.7378,4.8676,-67.2127,-68.2276,15.1474,-14.6195,-114.192,-925.736,-416.752,-28140,-19460,8260
-36.4464,27.6151,-120.646,42.4693,-66.1177,-143.182,-38.5366,-78.6295,1.1593,-77.9669,-71.0544,-47.7821,-130.118,-194.727,1.82328,-95.6909,-116.632,-925.736,-415.288,-27720,-19600,7980
1.39807,58.1307,-42.0504,24.8501,-61.1839,-78.9825,-25.9328,-26.0127,56.5515,-17.4818,-19.2043,-22.1649,-64.9102,-65.4395,24.3636,-39.5191,-118.096,-923.296,-411.872,-26600,-19740,7560
18.5282,10.8163,25.6776,-17.7917,-13.3415,51.9879,9.17457,43.3366,31.2147,40.279,58.987,-14.8129,74.6287,71.2378,30.9696,43.6361,-125.416,-920.856,-415.776,-26180,-19460,7420
-23.6924,-70.8385,54.7827,-65.542,11.4965,78.3641,10.1302,39.2433,-50.1737,34.2169,57.465,-50.3334,97.3737,85.4184,-24.9479,45.5218,-126.392,-920.368,-421.632,-26040,-18900,7140
-27.3497,-86.1574,64.1303,-50.7976,28.3835,61.4036,10.4166,18.3803,-58.8645,28.9615,44.6541,-11.5368,82.6125,71.0143,-30.623,33.1136,-128.832,-920.368,-423.096,-25480,-19040,6580
0.0759146,-51.2656,51.5213,-5.16096,36.6165,5.93462,15.5212,-19.4839,-36.6114,28.4888,21.0692,29.5225,34.9263,16.2939,-7.38895,2.64503,-133.224,-915.976,-426.024,-24920,-19460,6160
16.5615,-14.6803,44.0516,13.1135,24.9253,6.12984,10.0458,-9.37665,-29.1915,22.3755,10.9405,47.3377,22.9062,24.1328,-0.448736,1.5026,-135.176,-909.632,-423.096,-23660,-19740,5880
28.0131,25.6814,44.5343,17.9657,23.7348,38.1444,7.33495,23.7245,5.099,21.6072,6.49411,47.5862,20.3513,51.9751,-0.610653,25.4066,-139.08,-907.192,-416.752,-21840,-19880,5460
6.53178,7.21883,11.7806,-17.5458,25.1964,37.7566,6.34716,32.1684,-2.87458,-14.4525,-25.3386,28.7887,-10.5683,61.0497,-20.1689,37.9411,-143.472,-904.752,-418.216,-20860,-20020,5180
-43.9534,-41.3843,-52.1158,-54.4777,-12.3081,9.97873,-16.3113,8.65053,-33.6371,-49.8723,-25.6507,-32.3239,-12.0081,5.05624,-57.1108,7.31627,-143.96,-900.36,-416.264,-20720,-20580,4900
-84.035,-79.2035,-52.7074,-53.0109,-42.3416,-11.9914,-29.1018,-12.9474,-88.21,-39.6335,-13.6826,-90.437,-9.95683,-40.8478,-44.1869,-24.2543,-146.888,-894.016,-413.336,-20020,-21140,4900
-37.4734,-34.1133,-11.0322,-23.3243,-31.7476,-14.8253,-22.0416,-14.2259,-29.6945,-4.35994,-1.5477,-48.3187,-3.47507,-27.292,-19.1612,-22.8926,-149.816,-894.992,-411.384,-20580,-22260,4340
5.94769,-16.4695,13.2809,-2.4812,-1.34355,-1.81456,2.53854,-6.03639,-4.6643,10.0982,0.658549,10.4089,8.44439,-0.3207,7.11291,-5.61033,-154.208,-894.992,-411.384,-21420,-23520,4480
28.561,47.5077,-14.4687,58.5091,7.41591,-55.5883,15.7122,-55.2763,44.1411,3.02404,-9.73659,25.2953,-29.1128,-82.7366,68.4014,-55.4414,-150.792,-893.528,-411.384,-22960,-24360,4060
34.4669,70.9252,-46.7246,80.2921,-35.585,-121.98,-23.0894,-95.8338,64.3265,-3.76087,-12.9936,16.5728,-73.4818,-136.467,78.6493,-109.332,-150.792,-893.528,-403.576,-24220,-25480,3920
51.5855,92.2237,-3.5772,58.6774,-33.0144,-46.8263,-48.2236,-18.9134,85.8125,26.4156,24.6771,30.4392,-18.1976,-22.2078,39.6397,-39.4014,-145.424,-894.504,-403.088,-25760,-26040,3780
40.1561,68.664,36.6464,-17.9588,7.97975,44.7333,-25.1997,44.4244,83.0164,43.0005,57.7572,24.7867,56.7314,54.3964,-58.4807,36.0009,-148.84,-900.848,-408.456,-26880,-26180,3220
-62.3941,-33.8895,-20.421,-43.7628,-7.55412,1.3158,-11.1162,8.33935,-58.8738,-19.9982,0.427644,-37.4473,2.13489,-38.6644,-83.231,1.14163,-153.232,-900.848,-425.048,-26740,-26600,2380
-50.3565,-27.8896,-48.1311,22.3728,-28.9367,-54.8914,3.29185,-21.8895,-66.2696,-45.598,-67.0429,-20.5007,-86.0706,-80.3251,11.4456,-24.4871,-149.328,-899.872,-424.56,-25340,-26320,840
52.2294,39.2917,7.14551,43.3045,18.6987,11.6172,46.8962,27.464,34.7929,5.06655,-21.8161,53.4098,-20.823,46.1484,71.968,43.4488,-147.376,-898.408,-420.656,-26040,-26180,-420
47.5742,33.8048,38.4721,-19.0049,39.6713,68.4213,40.4545,52.1879,61.2387,27.6193,24.802,12.1199,48.2087,91.6541,9.73878,62.3283,-143.472,-901.824,-419.68,-27300,-26460,-1260
-28.6225,-71.8214,28.2392,-62.6214,25.6081,75.8233,16.1787,47.7475,-46.6329,-3.00627,10.0048,-27.4202,49.2864,82.6862,-47.4074,49.5553,-141.032,-902.8,-412.848,-27440,-27720,-2240
-45.9505,-82.0399,1.65732,-42.3088,16.4455,54.3448,12.5381,34.8027,-70.7033,-23.9163,-15.3941,-21.3181,18.2118,52.2471,-27.2045,36.449,-136.152,-903.288,-407.48,-27020,-28700,-2800
-27.3558,-25.3499,-17.357,-3.65706,8.33613,-3.77567,5.84218,-10.7108,-33.7249,-11.4339,-9.41885,-21.7898,2.6386,-10.1495,-8.34833,-3.24322,-136.152,-898.896,-406.992,-27300,-29820,-3920
27.0854,52.3416,26.1245,52.2056,22.6265,-3.02146,19.8074,-11.7663,41.5742,17.4386,3.6373,13.7111,11.107,17.5099,38.4497,2.9228,-134.2,-900.848,-402.6,-28280,-30660,-4340
83.6814,66.4115,59.4305,54.9491,50.7384,45.8006,36.1387,28.9639,86.6823,38.9918,15.0048,79.6491,21.0146,68.883,57.1067,38.6488,-131.272,-905.24,-409.92,-29680,-30940,-5180
45.3616,10.9368,1.21039,-5.60321,19.7515,11.6614,-0.729847,2.34491,28.6706,9.75826,10.0989,43.3116,5.28888,0.550668,-8.99891,-1.46384,-129.808,-908.656,-407.48,-29400,-29120,-6020
-37.4519,-38.3582,-36.9532,-33.6554,-38.1307,-42.5085,-44.3125,-34.9797,-50.9314,-17.6963,1.08132,-42.497,-12.8957,-54.3658,-50.3657,-46.7351,-135.176,-906.704,-408.456,-28280,-27860,-6720
-39.022,-10.1624,-14.2838,3.94233,-33.8645,-24.6342,-25.7178,-14.8932,-27.6212,-7.34003,-1.50996,-39.8982,-10.4991,-30.9407,-4.53,-23.2702,-131.76,-903.288,-411.384,-26040,-26180,-7420
-2.64379,16.1368,-24.1366,16.0363,-23.4946,-24.2429,-4.00057,-7.10208,16.9006,-17.2159,-30.1841,-5.03352,-51.13,-45.3128,27.1444,-12.6073,-133.712,-903.288,-409.432,-24920,-25480,-7840
-3.26571,12.835,-7.02539,8.97697,2.18586,8.02962,15.0531,19.3654,2.70829,-5.93271,7.71061,9.6359,7.70139,21.6134,22.5782,19.9431,-137.128,-895.968,-430.416,-23100,-24500,-8120
-30.0109,-32.4873,29.8553,-29.75,24.7683,36.2032,21.2131,25.0913,-43.6655,15.3037,26.1141,-22.633,47.0044,47.2772,-8.3856,35.3415,-144.936,-904.264,-429.44,-25620,-22820,-8680
-24.8061,-46.529,-21.157,-19.3064,-11.0483,-44.8008,-10.655,-39.8272,-35.9941,-2.98257,-5.82884,-21.6492,-19.9611,-71.4089,-15.5535,-36.5811,-135.664,-906.216,-439.688,-25340,-21840,-9240
-2.17615,-18.0075,-32.2877,4.89888,-51.7115,-76.6746,-35.66,-55.6446,-3.29351,-2.09805,-4.82733,-22.5594,-32.054,-79.9463,-1.63825,-64.461,-138.104,-901.824,-440.664,-22680,-18480,-10360
8.12251,-23.0726,29.8706,-32.4439,-35.31,19.1722,-23.9079,9.04218,-6.06293,25.0955,33.3431,-16.184,44.2616,34.5001,-4.44,5.23201,-141.52,-897.92,-432.856,-22120,-15960,-11060
-0.8322,-49.6003,38.3501,-77.794,-7.66117,60.0078,-18.8427,30.5023,-13.8535,12.1539,21.9607,-9.72072,51.7095,65.8794,-56.4414,27.5857,-138.104,-898.896,-427.488,-20580,-13580,-11760
-14.4047,-35.3286,19.4701,-29.914,23.6744,38.3932,5.01095,9.93704,-32.7732,-14.7323,-10.3162,13.062,20.7991,39.394,-42.0967,17.6812,-142.496,-898.896,-427,-19180,-11620,-12460
-6.5878,21.3225,5.7326,48.8068,47.1433,-10.3085,33.8497,-12.5694,-33.3729,-24.0919,-37.8826,42.4552,-19.7124,-7.18399,18.6018,-0.975479,-143.472,-900.848,-425.536,-18480,-10360,-13300
24.0995,57.8705,-45.2872,77.0307,11.5243,-79.931,10.3027,-38.1633,5.1904,-49.8378,-86.4752,53.1852,-124.806,-96.0829,43.2455,-49.4183,-143.96,-896.944,-426.024,-16660,-9660,-14420
58.6047,117.908,-100.917,93.1994,-37.7411,-112.367,-17.8975,-48.2085,102.329,-54.0205,-67.3691,41.7255,-142.615,-134.366,70.5187,-66.9369,-142.496,-892.552,-426.512,-15540,-9520,-15400
42.5033,145.229,-54.9748,63.3345,-21.2768,-47.4204,-6.02176,-9.98523,140.264,-6.82628,9.1107,-17.4557,-27.9469,-36.5676,50.7553,-13.9512,-143.96,-890.6,-421.144,-14140,-10080,-16380
-0.335355,33.9393,4.64083,-22.6517,-28.146,31.8608,-2.52989,27.4544,68.8104,36.4724,64.8469,-70.6942,54.3941,24.4832,-0.902305,24.7675,-140.544,-885.72,-419.68,-12880,-11480,-17640
-32.09,-83.3215,15.6298,-55.5994,-15.1482,23.4134,-5.96828,20.9738,-49.2,35.5069,52.9057,-55.9587,41.0113,18.5107,-29.6712,17.663,-142.008,-889.624,-414.312,-12460,-11620,-18620
-8.18301,-47.6977,64.812,-20.315,28.0396,56.3469,16.6317,37.5906,-41.9859,42.9901,49.2461,1.00584,62.1031,85.4409,-1.20668,49.8205,-136.64,-885.232,-421.144,-12320,-11760,-19880
14.8987,-17.3797,70.1564,-14.2953,44.2038,68.3147,21.0767,30.3558,-11.4471,43.3173,38.8401,38.2099,62.3697,78.3546,-14.1523,43.8918,-129.808,-890.6,-421.144,-13160,-12040,-20720
-3.78884,-24.7909,15.9687,-7.98284,22.2021,18.4487,-7.34895,-11.8254,-28.3263,8.53741,-1.67504,30.2398,19.0937,4.16105,-38.0919,-11.4821,-130.784,-891.576,-419.68,-14420,-12040,-21980
0.523811,-7.30808,-1.90173,2.81523,-13.665,-4.68329,-17.8221,-15.5464,-3.5035,2.01747,-7.79487,2.42245,8.8881,-8.38893,-13.8729,-17.2748,-136.152,-895.48,-413.824,-15680,-11200,-22820
14.0068,1.96883,33.2961,-12.3279,18.6818,33.4769,10.7088,20.9579,10.5672,9.78214,3.73283,23.5908,33.1993,56.1346,-3.30112,34.8703,-137.128,-898.408,-414.8,-14980,-9940,-23520
-12.9349,-32.965,7.77454,-32.5283,23.5381,29.717,18.032,20.5596,-14.9198,-13.0805,-9.92867,16.26,8.66355,37.742,-9.71382,30.6445,-142.984,-894.504,-409.92,-13580,-7840,-24640
-55.1148,-60.4685,-22.5732,-26.2939,6.41228,5.1909,4.57075,4.73604,-69.6971,-31.4209,-26.2676,-13.3797,-10.4363,7.112,-17.9562,2.69101,-142.008,-896.456,-401.624,-10920,-6720,-25480
-60.0995,-51.7391,-17.1353,-21.6291,-13.7855,10.3673,-14.2752,2.77077,-76.4254,-14.1768,-5.86728,-35.6273,14.9374,5.30989,-15.6579,-5.16212,-143.472,-890.112,-413.336,-6860,-5180,-26460
-19.8937,-7.50885,6.07349,-9.99896,-9.29241,19.6785,-9.52057,10.9537,0.485011,3.97019,2.93808,-28.5915,22.4899,18.3751,-13.8799,5.69709,-134.2,-889.136,-420.656,-7700,-3360,-27580
4.4954,-4.95331,20.7647,-11.1338,10.6292,21.1987,3.81381,9.79109,2.47131,0.460974,-5.34767,9.45308,13.448,26.013,-29.8715,11.5037,-133.224,-885.232,-416.264,-9240,-1680,-28140
19.4725,9.02568,15.5344,13.4387,23.3887,15.6145,18.9746,5.53709,9.12461,1.42044,-0.888648,26.8964,8.05373,18.0882,4.55913,9.29466,-140.544,-887.672,-416.264,-9800,140,-28700
4.50357,27.2057,-28.0306,35.8537,12.2374,-41.158,21.3222,-31.1066,12.5134,-25.6774,-30.8647,8.68827,-41.9922,-62.2159,37.0555,-25.9888,-143.96,-883.768,-419.192,-9240,2100,-28700
-2.86175,28.9858,-83.4424,59.1581,-32.2916,-125.922,-2.89012,-79.5404,-9.30402,-40.2215,-48.2032,-13.9392,-96.5894,-157.032,55.3502,-83.5412,-148.352,-887.672,-418.216,-8120,4060,-28560
32.5799,64.6262,-30.5101,57.6775,-64.0755,-81.735,-23.5492,-40.9888,53.9856,8.70499,7.43657,-28.4635,-39.3836,-82.3032,62.3335,-52.4076,-142.008,-890.6,-421.632,-7700,6440,-28420
51.027,24.9242,55.3902,-12.8231,-20.9452,25.4465,-9.45011,25.5846,46.412,48.9085,43.1664,8.85824,32.9748,48.705,20.8586,21.9141,-142.984,-893.528,-419.192,-7560,7980,-28420
47.8756,6.46678,58.5989,-28.4258,39.3212,76.6849,17.8484,56.9652,37.0558,26.7536,15.2197,50.271,26.5174,97.3691,-3.55926,59.6551,-140.056,-891.088,-424.56,-5740,10220,-28980
13.9354,12.3673,14.9823,-20.0806,46.1601,73.6584,17.86,49.2999,11.9593,-12.54,-9.49467,35.329,19.9103,80.5106,-35.3447,54.909,-142.496,-894.992,-418.704,-5600,11760,-29680
-25.9891,7.2453,-26.0371,2.12154,23.5883,20.4632,7.27009,4.55688,-7.85672,-26.9614,-8.57907,-11.8576,5.51687,11.03,-27.2302,12.0146,-154.208,-891.088,-412.36,-5460,12880,-29540
-55.8876,-27.6447,-85.6976,0.667523,-50.0508,-105.875,-39.7382,-71.2073,-31.5303,-36.6515,-23.982,-72.1494,-78.6517,-144.924,-21.1642,-83.2464,-147.864,-894.992,-413.336,-6160,13440,-29260
-21.4528,-22.5366,-59.9138,10.212,-67.6952,-122.81,-44.5903,-67.5487,-29.9194,-21.4885,-17.4134,-42.858,-79.5463,-123.03,9.29442,-83.3885,-148.84,-899.384,-410.408,-7000,13300,-29400
23.1065,12.9984,5.35273,0.331012,-36.9716,-31.3722,-26.7849,-9.07668,26.4516,28.9581,43.3613,-5.05147,15.2664,-27.5585,15.6162,-21.4094,-150.304,-904.264,-415.288,-7140,13720,-29960
3.17186,-29.531,49.399,-57.9525,-18.8507,40.7175,-24.1505,28.0405,-22.5006,38.6877,39.681,-9.47438,56.552,40.8162,-59.6814,18.1108,-149.328,-903.288,-417.24,-6160,14420,-30240
1.89357,-37.3729,46.5762,-31.2551,13.0775,72.3221,11.0526,47.1222,-40.0131,18.2203,13.6731,17.8173,39.8154,73.6866,-28.4066,45.7432,-144.448,-905.24,-414.8,-5320,14420,-30800
32.4747,5.05123,24.6665,7.68434,48.4569,42.9802,39.4248,27.9685,16.1628,13.5703,-5.29011,40.8521,7.8313,47.3481,28.5453,37.8507,-144.936,-900.36,-405.528,-4340,14140,-31080
33.6925,50.3924,18.5586,45.041,53.7061,30.3483,44.9475,14.8143,53.514,5.41361,-7.79124,39.8584,14.1819,53.546,47.5542,32.8104,-141.032,-903.288,-401.624,-4480,14140,-30800
24.6539,44.4602,16.4812,46.0458,44.1289,27.1638,32.9866,17.0529,52.4434,1.23242,-8.60785,31.325,5.69289,42.7628,33.367,30.8505,-134.2,-904.752,-401.136,-5600,14840,-30660
-13.0822,22.8531,-17.9013,32.6903,32.5486,-2.48693,30.5553,1.41065,14.2194,-33.8475,-33.5814,17.0531,-22.6563,-1.68104,26.6695,12.1479,-137.616,-908.656,-403.088,-5460,15820,-30380
-46.5345,7.64794,-16.9236,26.5208,6.48166,8.74845,15.679,6.81375,-17.314,-31.2327,-17.212,-10.016,1.53347,10.8624,26.4827,9.65877,-135.176,-905.24,-403.576,-5320,17220,-30100
-49.5518,-42.233,-9.78215,-46.1373,-33.8681,11.0337,-35.9092,-0.710521,-39.1327,-2.78429,7.52101,-43.2772,18.859,5.79386,-42.9894,-7.56767,-135.176,-903.288,-407.968,-5460,18900,-29400
-43.1517,-53.3961,-12.554,-68.5472,-36.1607,2.62617,-48.4414,-12.6676,-45.7939,-4.68881,3.44528,-42.91,17.6457,-9.92071,-81.2948,-21.4764,-122.488,-907.192,-402.112,-5600,20440,-28700
-17.2011,-43.2564,11.5541,-38.8436,-15.6092,6.31225,-21.7139,-9.66605,-39.7969,13.0387,16.5206,-19.1844,24.8159,-7.53292,-49.0195,-13.4492,-125.904,-903.776,-400.648,-7560,21840,-27860
10.6975,-28.934,35.1219,3.74981,11.9122,6.67208,19.3005,-3.89969,-35.1681,27.8169,9.49662,23.0999,13.1447,4.27561,16.7408,6.77514,-130.296,-903.776,-398.208,-8540,23800,-26880
61.1062,35.8379,-2.74519,44.0543,19.3418,-38.6769,22.189,-19.2551,45.0573,-3.82098,-41.2052,72.2091,-57.9777,-31.5858,46.2695,-7.79445,-123.464,-912.56,-397.232,-9660,26320,-25760
12.8704,58.15,-87.0829,47.7114,-25.8219,-112.301,-15.256,-65.0636,34.9117,-38.5974,-19.269,6.52412,-71.143,-126.912,30.8797,-70.4333,-130.296,-916.464,-398.208,-9940,29120,-24920
-38.974,64.5419,-40.3248,39.1099,-37.7904,-68.3057,-22.8042,-32.3432,12.2152,-19.466,9.80828,-64.3964,-18.9489,-61.3661,23.5725,-44.1982,-125.416,-912.56,-404.064,-9240,31220,-24500
-12.7926,-7.359,17.3259,-29.6316,-31.92,20.6093,-23.596,23.2573,24.1947,22.2306,36.1042,-43.4027,32.4404,17.7682,-13.3532,8.02869,-121.024,-910.608,-407.968,-8820,33320,-23940
5.59291,-53.0788,48.6323,-48.9101,6.30902,62.3977,1.33542,43.7705,-14.4433,37.0565,33.5321,-4.79822,52.6294,57.6873,-37.5525,37.5846,-118.584,-908.656,-402.112,-8960,34020,-23520
36.9454,2.3502,42.193,3.18848,31.4193,34.9127,25.6212,21.9159,11.508,31.7394,18.794,32.986,23.5614,35.2901,4.31548,28.6423,-116.144,-910.608,-400.16,-8680,34160,-22960
41.6709,10.0473,10.1221,25.2305,25.7288,-0.160258,29.6949,2.29706,16.1483,3.54937,-14.246,47.2565,-21.4968,14.7583,36.6575,13.8915,-112.728,-912.56,-398.208,-8680,35000,-22400
25.0259,9.88956,-14.614,5.55133,14.1694,13.5365,13.9537,12.425,6.09193,-16.8682,-20.6156,28.5318,-15.0301,30.1873,18.0595,17.6821,-118.584,-912.56,-407.968,-8120,35280,-22260
-14.347,-0.548945,-2.37244,-17.6993,4.83325,30.0842,1.06514,13.4389,-6.35641,-4.06408,16.1445,-35.3894,27.0484,30.4152,-9.72483,14.4482,-117.12,-909.144,-411.872,-6580,35700,-22260
-37.5074,-33.7633,11.543,-24.3225,-1.26048,22.0619,-6.77177,4.2423,-22.5522,-1.69602,7.52795,-42.8725,22.8531,18.19,-26.2445,3.45061,-117.12,-901.824,-416.264,-5600,35700,-22260
-28.1945,-66.2381,10.746,-32.6332,-9.81733,17.9182,-9.7096,4.56026,-45.6572,0.485162,-0.437045,-15.5973,15.1987,16.3059,-17.9541,4.06565,-117.12,-901.824,-420.656,-4340,35980,-22260
-8.44746,-29.0458,10.0821,-12.9955,2.37003,14.1479,-0.454994,5.66905,-37.4544,1.49613,-0.583707,5.3812,9.71358,14.906,-3.93238,7.29408,-118.584,-894.016,-424.56,-3500,36120,-22400
1.68797,-3.46385,12.0252,-4.22616,8.58543,12.8049,-0.15289,3.96689,-18.3866,9.22317,7.18701,12.5755,15.5982,16.6792,-7.07997,7.59684,-115.168,-890.112,-426.512,-2660,36120,-22540
4.02453,-0.911853,16.0542,-11.3691,2.63062,21.8489,-5.11342,8.49479,4.62091,7.79155,8.71936,2.92953,19.4453,27.8772,-24.2297,10.6153,-116.632,-890.6,-431.88,-1960,36680,-22680
-8.93633,-19.1201,2.22712,-24.4173,-1.56888,7.2453,-14.2579,-5.33676,-8.72662,-5.37082,-5.37562,2.70531,3.3193,5.80614,-38.0468,-5.18824,-116.144,-887.672,-431.392,-980,37100,-22680
-29.38,-15.6748,-17.0579,-7.28813,4.10286,-16.8455,-10.5786,-17.749,-36.0123,-29.3151,-33.7012,0.889302,-27.0342,-20.1415,-26.2941,-18.8366,-113.704,-883.768,-431.392,140,38220,-22680
-22.365,16.9748,-51.9316,19.3045,-0.670943,-49.0243,-4.22697,-27.387,7.10399,-52.1295,-56.9834,2.187,-65.1828,-57.6498,5.9642,-28.7912,-112.728,-887.184,-431.88,560,39060,-22540
20.0386,63.6414,-21.4088,67.4476,10.8432,-19.0166,22.881,-2.93439,39.8823,-13.296,-33.3118,21.8596,-37.6224,-14.2112,56.1076,-3.99655,-113.704,-885.232,-432.368,1400,39620,-22400
49.1923,65.0219,-16.8032,55.4085,-7.19924,-25.03,4.44295,-11.8691,51.5256,7.28427,-2.6852,20.1467,-19.3516,-64.9579,40.3629,-34.22,-114.192,-885.72,-428.464,2380,40600,-22260
37.0299,38.4668,-54.7862,22.4638,-54.9881,-108.065,-34.0825,-58.0832,57.3337,-11.5577,-15.2061,-10.5716,-62.9898,-133.521,22.886,-75.8467,-117.12,-890.112,-429.44,2660,41020,-22120
17.467,55.3825,-6.26385,27.992,-36.5604,-41.9723,-18.7671,-15.0818,57.2883,18.1905,39.815,-10.1966,5.6734,-7.14192,33.8722,-11.1997,-115.168,-892.552,-428.952,3500,42420,-21560
-6.67411,3.68627,62.5579,-35.8609,10.9581,77.2111,8.67113,60.7135,22.4779,42.629,65.8667,-9.04356,67.5644,105.795,-9.02952,65.925,-115.168,-892.552,-436.272,4760,43400,-21700
-8.24892,-29.6603,50.4937,-28.9533,62.2611,86.4662,43.6161,59.9186,-22.5548,15.6511,3.89801,19.4735,30.2759,94.0026,-20.3701,72.9514,-116.632,-906.216,-439.688,6580,44380,-21980
-25.2342,-18.8289,-56.2771,28.3551,22.7754,-37.5751,23.3386,-23.0318,-44.7173,-41.5902,-42.0723,0.655241,-55.482,-70.9166,7.53217,-13.5266,-121.512,-909.632,-452.864,10080,46060,-22260
-33.5504,-2.58242,-87.6756,34.3841,-63.1537,-114.782,-29.0785,-59.6647,-36.7362,-29.5638,-9.24553,-51.6405,-63.4409,-149.277,13.1852,-70.6803,-128.344,-895.968,-483.608,13720,46760,-22680
20.1326,4.9672,24.3839,-13.3763,-58.1294,-27.6433,-27.6539,-3.45801,18.4447,43.6357,45.2699,-27.3398,24.0393,-17.5397,3.5891,-9.11514,-110.288,-877.912,-413.824,18060,43820,-22540
48.7079,-29.8656,67.7886,-48.0142,15.2987,37.6543,21.3433,31.9083,13.1573,47.7642,26.0253,40.4944,38.5665,70.5498,-0.560046,46.2987,-102.968,-904.264,-430.416,14840,43120,-21420
23.7533,-24.3829,35.6911,-15.864,50.5317,50.846,37.0191,24.1321,-7.12747,17.3591,12.6707,42.2241,45.3707,66.3167,12.9044,35.5901,-109.312,-900.848,-456.28,17220,45500,-21560
3.95771,15.3871,33.2239,-0.152655,14.6305,60.5325,4.08748,15.1912,21.2538,17.3104,26.8567,-5.22139,66.8457,62.5375,0.656515,17.7168,-111.264,-898.896,-449.448,19320,43680,-21000
-11.8616,2.85586,34.2682,-1.7659,19.1553,37.1625,-3.60629,-10.9623,-2.44711,7.14275,-7.76212,-8.51874,28.2003,43.4564,-8.19689,-3.13526,-108.336,-895.48,-428.464,19320,43820,-20720
-5.02321,-19.9164,12.051,-0.247404,29.3302,20.3173,-2.42737,-5.05788,-30.511,-17.873,-25.3781,27.5714,-2.10279,34.5345,-9.38661,-3.55239,-104.92,-892.552,-430.904,19320,45640,-20580
13.555,15.322,6.30316,19.1964,33.613,19.8636,5.58612,17.5094,7.86417,-7.8741,1.89789,36.2721,2.72024,13.8813,-6.82948,10.5478,-102.48,-896.456,-422.12,18480,45220,-20300
-13.1645,49.0674,-25.4254,41.1416,-1.98335,-30.8165,-2.54954,-14.8797,22.2429,-13.3285,-13.7573,-3.74266,-34.359,-50.7143,-2.33875,-23.9985,-106.384,-898.896,-427.976,17780,44660,-20720
-47.4093,-28.7129,-39.5419,-22.7097,-51.6262,-36.2213,-32.5889,-23.721,-39.5935,-22.0671,-7.66651,-52.1973,-16.762,-31.3997,-30.8816,-33.0348,-108.336,-898.896,-427.976,18200,44520,-21000
-36.0738,-72.0949,-3.77665,-79.3055,-39.3473,32.8686,-31.5567,17.2013,-52.3602,-19.5392,-9.89732,-46.6948,13.8791,28.2859,-49.0914,8.14488,-103.456,-897.92,-435.784,18760,44240,-21560
-36.6127,-62.171,-15.7425,-66.907,-6.05236,45.73,-17.5412,25.3822,-43.2614,-40.2548,-36.8315,-15.0424,-14.9653,35.065,-59.6295,23.3214,-103.456,-897.92,-433.344,19880,43680,-22260
-25.15,-11.5177,-11.4108,-7.03468,23.503,23.5837,16.3417,17.8466,-17.2635,-20.5047,-22.9327,-4.57008,-25.1205,19.4767,-10.9224,25.8292,-98.088,-898.896,-430.904,20300,43120,-22820
11.9242,27.2304,13.9167,39.0035,39.1597,32.9916,45.3588,31.2288,20.3728,19.0011,31.7971,26.116,29.2784,47.265,35.3372,44.3481,-92.72,-895.48,-439.688,21140,42280,-23240
-12.0081,-26.2764,30.2692,-10.7031,15.1894,26.2122,20.1564,12.0912,-10.8966,43.0795,61.5617,-26.7259,66.8292,43.5841,10.074,25.7175,-93.696,-895.968,-443.104,22400,39900,-23660
-11.874,-60.1949,35.1914,-27.9775,6.05029,1.26127,0.676043,-7.64742,-55.3646,21.3499,-21.0631,-10.5011,-9.62181,0.0464249,-8.22767,-6.70013,-87.84,-895.48,-444.568,23660,37660,-23940
65.1681,15.62,-10.4912,44.7766,23.7921,-22.1437,12.9891,-9.60603,25.3558,-25.9882,-69.2899,77.1731,-56.7777,-25.4519,39.0825,-10.407,-82.472,-897.432,-448.96,25200,36120,-24780
60.1861,108.277,-45.3341,76.0529,-1.40168,-48.574,6.90445,-24.6594,99.1685,-27.1703,-7.53881,37.2791,-24.5835,-59.5253,45.7959,-26.8007,-81.496,-895.48,-457.256,26740,35420,-25340
-38.1259,52.2736,-59.8893,27.6043,-53.1566,-91.0248,-34.8309,-51.4983,24.0686,-2.64746,32.6434,-60.8947,-21.74,-116.122,9.82498,-66.1438,-85.888,-890.112,-461.648,29680,34440,-25620
-16.0222,-0.776501,4.3048,5.38834,-47.4988,-60.6783,-24.9505,-30.7938,0.660363,47.4417,43.232,-44.2404,-0.204304,-54.1813,24.2127,-39.1081,-81.008,-884.256,-466.04,32200,33320,-26040
44.7501,-13.9607,64.5212,-16.2589,-3.72837,32.353,-2.51983,15.4504,12.911,63.2239,40.4288,32.6053,50.5837,51.7344,1.90135,9.92934,-84.424,-893.528,-459.208,34860,32900,-26040
46.6381,9.79053,-8.59274,-2.90196,16.0455,-44.066,-9.48411,-32.7326,13.1648,-19.6907,-62.2641,53.0211,-69.9982,-61.0526,-14.5757,-36.6343,-79.544,-897.432,-463.6,37100,33740,-25620
72.375,112.798,-111.758,92.5324,-8.46259,-160.757,-10.0101,-76.7968,86.8851,-75.5254,-107.837,78.8989,-169.631,-180.705,26.886,-83.8239,-83.936,-900.848,-465.064,38360,34860,-25060
48.3317,125.23,-77.0658,73.5202,-69.468,-62.2151,-11.6661,1.21957,118.494,-3.19984,24.1982,-14.6256,-14.3007,-72.6515,65.0417,-15.0734,-82.472,-905.728,-466.528,40600,35980,-24360
-31.2829,-12.7829,54.9891,-72.461,-38.0995,75.644,7.40947,69.0398,15.2358,54.2021,107.561,-104.101,124.107,99.956,7.37819,73.7454,-85.888,-912.56,-469.456,44380,36960,-23520
-93.8024,-144.011,89.8149,-123.404,24.4514,121.923,16.8026,62.8739,-114.531,28.622,67.2612,-66.096,120.223,142.387,-57.8063,78.2776,-100.528,-912.56,-472.872,50400,38360,-22960
-107.162,-151.244,42.9224,-64.5398,40.2237,85.8464,7.52723,25.7231,-169.851,-22.9591,-10.4234,-20.7628,42.5477,87.6581,-60.386,37.9075,-102.48,-918.416,-478.728,56700,39760,-22400
-62.3632,-88.4064,3.42218,-46.0014,11.0136,39.1992,-23.8254,-3.88884,-124.73,-37.3067,-41.9786,-2.89956,-3.56664,29.0372,-71.1065,-4.24012,-107.848,-909.632,-486.048,61320,40460,-22260
-10.7142,-29.7364,2.06943,-26.9858,-2.65823,30.8385,-22.2219,-0.520747,-40.4793,-20.0832,-24.3139,10.4245,-0.321512,25.9858,-47.2433,-0.930314,-94.672,-906.704,-475.312,65800,41720,-22400
23.5685,25.6957,5.57232,14.3264,22.5726,-0.149963,10.3168,-10.2105,30.4556,-5.25497,-15.1665,30.0245,-15.828,-1.89122,-7.21469,2.86613,-94.672,-897.92,-457.256,68040,43400,-21980
43.9795,48.5692,-14.6792,47.2111,20.9298,-46.9719,29.68,-21.0574,54.9277,-5.02882,-29.9155,51.924,-65.6211,-50.339,38.041,-8.80209,-95.16,-896.456,-447.008,69020,42280,-21420
62.9979,107.466,-16.0389,96.6199,33.2785,-34.6689,41.096,-2.41786,92.3449,0.823516,-21.5492,69.2342,-58.7673,-11.6233,85.8391,6.58673,-88.328,-907.68,-447.496,67900,40600,-20860
35.2447,89.4755,-10.2725,47.4251,14.4995,12.7617,12.1182,12.539,85.3401,13.1387,29.0669,10.0374,16.144,25.7526,38.5919,12.9574,-92.72,-904.752,-446.52,66920,39900,-21140
-38.6759,-29.0914,-6.93948,-36.5348,-19.1283,23.4617,-24.102,3.37629,-13.5045,4.08184,29.1519,-67.0055,45.792,13.4437,-38.4629,-7.17292,-98.576,-915.976,-445.544,69300,38080,-21700
-58.4102,-78.5432,14.4906,-33.8375,-19.8994,18.0053,-19.4605,-6.19063,-74.8245,2.67764,11.6942,-65.981,43.0823,-6.59829,-25.2848,-22.9783,-91.256,-935.984,-437.736,72660,36820,-22260
-14.8923,-44.921,38.1615,-8.28188,-10.8241,8.44707,-11.929,-7.25234,-40.5804,12.0188,10.4414,-5.01469,25.4579,13.148,1.17097,-14.8124,-94.184,-936.96,-456.768,75320,35980,-23240
66.0903,49.941,56.8382,31.591,45.8943,18.504,16.4361,11.6605,55.5644,34.0938,-24.2459,89.6169,-17.7888,47.3249,16.7798,22.4988,-98.576,-929.64,-476.776,81340,34160,-25060
95.2957,89.3455,-13.1239,56.5217,60.8447,1.72191,39.9051,20.0415,85.9025,-12.3566,-50.644,104.463,-51.8363,7.34612,27.0414,26.7408,-96.136,-940.376,-499.224,85120,31780,-26040
30.5534,67.7805,-55.6904,36.1226,6.61228,8.97878,23.1889,21.4495,64.423,-43.4425,-29.9438,4.88168,-16.1544,-0.488243,25.2516,16.9725,-99.552,-931.592,-486.536,88200,30380,-28420
-57.5312,-0.238116,-23.6452,-11.9897,-20.1775,33.9038,11.6383,28.466,5.49779,-5.79322,38.1961,-88.9778,48.8706,30.0306,22.49,25.3009,-93.208,-926.712,-496.296,98000,28700,-30100
-76.9032,-88.6918,25.1735,-57.6572,-15.037,45.7123,0.344843,26.259,-74.8566,29.9759,53.8726,-83.8455,64.9105,41.664,-15.8959,23.7793,-89.304,-914.512,-488.488,103040,28000,-31640
-27.7269,-99.598,43.1368,-54.097,3.60484,30.8771,-4.98911,8.7853,-83.3654,35.6637,32.2513,-9.4269,50.7982,36.7169,-37.4202,10.8345,-79.544,-917.928,-498.248,107800,28840,-33600
-5.623,-74.5372,18.587,-50.025,-2.288,-9.51111,-21.501,-20.9972,-69.6811,5.34957,11.8718,11.8082,21.0212,-3.5683,-54.474,-17.5281,-80.52,-913.048,-506.056,110040,30380,-35560
-17.0165,-44.1941,-35.2239,-30.717,-22.1589,-100.812,-33.534,-72.302,-52.0602,-23.1139,-24.4535,-0.670421,-60.8321,-105.14,-51.1818,-68.1122,-83.936,-913.048,-518.744,114240,33040,-37520
34.4739,60.63,-53.5161,73.4727,-26.5043,-127.744,-7.6115,-63.9422,34.1816,-6.25043,-15.1744,28.3819,-89.1484,-147.629,44.886,-69.2611,-81.984,-906.216,-487.024,119700,34160,-38920
79.6599,90.345,5.00634,73.6619,-34.0877,-31.1601,3.61675,14.173,77.068,30.9955,7.11976,42.564,-30.391,-38.1847,76.1511,0.296783,-81.984,-894.504,-501.176,128240,35420,-39760
33.5311,24.8046,10.4835,-35.086,-25.8825,40.4966,-11.3791,40.1214,41.4689,14.229,22.0261,4.15766,25.9017,50.2575,1.46111,32.376,-72.712,-886.696,-461.648,129360,37100,-40180
-49.7381,-41.7463,-24.274,-64.9308,-20.2714,31.2536,-27.3908,8.24198,-32.2521,-20.6732,6.27085,-61.656,14.4541,16.3772,-47.0281,0.536888,-65.88,-874.984,-409.432,131460,37100,-39900
-67.9583,-53.6014,-31.1713,-30.6664,-12.4542,-37.8151,-23.9416,-43.1523,-55.0269,-39.2465,-35.9468,-61.6137,-25.156,-49.351,-38.4349,-38.093,-53.68,-872.544,-389.912,131040,33740,-38220
-4.0525,-4.18666,-3.54684,27.9755,-4.18131,-46.7767,-3.86336,-43.5395,-4.328,-17.6554,-33.2422,10.5754,-29.3958,-50.6865,11.4128,-34.4304,-45.384,-881.328,-344.04,122920,30380,-36960
45.2155,50.4242,-14.7201,50.0127,-4.95248,-56.0146,-2.89645,-23.6246,38.4691,-11.6266,-43.6978,51.7001,-75.7728,-48.8732,43.5201,-20.7116,-48.8,-903.776,-344.04,117600,27720,-36400
80.1149,101.821,-22.6189,48.0067,8.68327,-27.5897,9.40384,-0.0900988,92.0187,1.04633,-14.3921,65.0853,-47.2976,-21.5025,44.2548,9.50644,-40.504,-920.856,-317.2,110180,24080,-35980
18.4071,56.545,1.76867,10.8448,-5.90602,33.7817,12.2425,23.1547,63.887,19.7465,46.5283,-25.106,48.4754,33.09,7.59385,22.9026,-29.28,-927.2,-326.96,111020,20860,-35280
-46.7381,-22.6019,35.1894,-40.9121,-1.24321,59.0241,-3.60679,28.8042,-8.3732,12.8938,37.517,-60.6027,55.0481,62.0911,-35.6107,22.9123,-30.256,-938.424,-332.328,108080,17780,-35140
-48.8218,-63.1481,24.309,-26.9446,20.0671,51.3398,-1.35258,23.9775,-63.6356,6.45904,17.8535,-8.62558,34.1502,54.7494,-28.9412,21.0856,-24.4,-950.624,-351.36,103460,15400,-35140
-25.1882,-45.4753,32.4219,-22.7202,22.2063,51.9163,1.46631,28.5643,-58.021,1.30659,-13.5299,2.07808,23.8977,54.8215,-30.3737,24.6027,-30.256,-946.72,-338.184,100520,13860,-34580
16.8358,0.061526,37.3854,5.11095,42.1582,57.4411,28.0961,38.0282,2.03654,1.68946,-4.32414,44.4126,26.319,57.2808,-1.15259,41.8355,-24.888,-944.28,-351.848,102760,13440,-33740
-4.19958,16.6219,-3.36656,31.1242,38.4591,13.2317,36.7762,10.8245,10.9313,-10.2952,3.94551,27.4653,9.03433,29.1692,25.8382,24.8515,-37.088,-942.816,-322.568,100660,12600,-33180
-11.768,11.4574,6.17304,13.6985,19.9538,-5.18506,20.1616,-1.93797,1.453,-0.946999,-11.3419,6.46919,-8.54248,16.2285,12.1487,10.0742,-34.648,-939.888,-336.232,101360,11620,-31920
8.85205,6.2655,4.40485,21.0179,24.5736,12.1163,26.5677,6.30189,7.21777,3.23503,-5.34533,24.9598,4.31389,11.5509,28.6477,10.6777,-43.432,-938.912,-336.232,96600,13160,-31080
-8.52024,-5.87157,-14.7905,4.53394,-3.79131,8.5524,-0.872759,-3.25434,-1.62554,-8.07321,0.694181,-7.73127,12.6498,-1.34292,9.31401,-8.87225,-31.72,-933.544,-338.184,95620,13720,-30100
-31.3724,-22.2453,-16.3146,-14.7681,-22.7134,-14.2632,-20.347,-18.7993,-21.6794,-16.1762,-6.41906,-34.0648,3.11656,-21.6176,-12.5921,-26.735,-34.16,-916.952,-307.928,94360,17220,-28980
-16.3643,-18.3108,-7.72736,-10.1911,-14.3064,-29.9663,-15.8824,-22.738,-19.7633,-7.59587,-11.3879,-8.84969,-11.0611,-32.5013,-12.4181,-26.3801,-41.48,-929.152,-330.864,94080,19600,-27440
11.4832,-8.24106,1.10954,-7.05772,-15.3003,-20.3269,-14.8568,-11.3431,-3.28612,12.3463,5.61132,7.34388,1.7391,-18.3424,-7.06972,-15.3459,-47.824,-926.712,-330.376,96460,18620,-26040
14.6199,-8.78874,-3.60135,-16.4562,-18.0445,-7.89028,-11.559,-1.45394,1.11815,7.49543,6.41079,-9.84002,2.40113,-9.31153,-6.96094,-4.43712,-48.8,-923.296,-326.96,94920,16800,-25200
1.74168,-19.725,-13.7153,-28.437,-22.5332,-13.9659,-20.7096,-7.43112,-12.0427,-7.34293,-5.89562,-18.2312,-13.9837,-19.406,-24.1135,-13.3669,-47.336,-914.512,-335.744,94080,16520,-24780
-2.11478,-14.8944,-13.1246,-17.6633,-14.5305,-8.4402,-12.9763,-3.03911,-9.61097,-7.05469,-3.82147,-14.3451,-13.5894,-14.012,-14.0402,-8.18802,-41.968,-917.928,-352.336,93380,15820,-24080
-2.8048,0.33278,-8.50428,-3.79448,-5.59369,-7.71548,-1.55456,-1.83954,2.30567,-1.21038,-1.54529,-15.4652,-10.2849,-8.31107,-1.31538,-1.33998,-55.632,-915.488,-355.264,91280,16240,-24080
21.1917,22.063,7.01108,11.7415,6.81558,-5.4264,4.01883,-2.27075,22.353,10.3197,0.604784,8.92539,-9.39708,-4.42942,3.78901,0.640928,-51.24,-919.392,-361.12,94220,15120,-23940
35.5378,31.9554,11.6391,24.2856,14.6752,0.172633,14.2312,4.03058,31.598,17.3705,14.093,25.6336,-1.03959,3.37274,18.0427,9.99601,-47.336,-913.048,-366.976,94500,14840,-24080
18.7948,19.7381,7.13597,18.2899,5.17674,-3.44278,10.0726,-0.135218,12.5984,16.9446,18.8799,8.32962,5.60946,-2.54115,18.3272,3.16183,-45.384,-896.456,-346.968,97860,14700,-24080
8.15978,15.8748,16.1926,19.6062,10.0103,4.05872,13.9456,3.57936,3.55092,16.7432,14.6503,4.57835,10.6779,5.74884,19.6111,5.41757,-41.968,-888.648,-344.528,101360,14700,-23520
1.64862,1.26474,12.5602,5.38901,6.8138,10.1523,6.46699,5.27023,-4.59368,6.98989,6.25328,6.42628,9.03137,8.96589,4.04782,6.78283,-30.256,-892.064,-360.144,99820,15820,-23240
-14.6292,-15.0731,-14.1582,-16.0011,-14.9748,-4.79296,-15.3395,-3.74971,-13.894,-15.2303,-12.7936,-10.4915,-11.8471,-12.3295,-19.1202,-9.25317,-30.744,-898.896,-312.32,89460,18340,-23100
-18.4176,-12.2861,-26.7171,-15.7818,-21.5685,-11.6302,-15.6968,-3.42149,-8.29308,-20.5324,-16.1639,-19.9509,-20.8692,-20.8519,-13.327,-11.5364,-13.176,-895.48,-321.104,87360,18620,-21980
-2.54615,2.30506,-7.42294,-4.63822,-8.36784,0.141402,-6.64379,0.712129,5.46093,-1.65833,-0.502668,-4.84545,-1.59025,-2.56154,-4.71139,-2.41385,-21.472,-888.16,-322.568,88620,21980,-21560
4.27077,13.6798,9.34646,9.28484,9.51319,10.8287,8.7198,7.74141,12.5409,2.87307,-1.60119,9.5096,6.32228,15.473,8.96229,10.5117,-10.248,-891.088,-312.808,80500,21560,-20300
2.71714,8.12054,6.65599,8.77536,13.3828,9.38646,12.1858,8.39691,6.81236,-2.10788,-3.92205,14.8298,3.90507,14.4861,11.6746,13.2743,-5.368,-880.84,-284.992,78820,21000,-18760
3.26328,15.1057,3.77576,14.0214,13.1295,0.278817,9.68587,-3.43804,9.56664,-1.2598,1.29164,13.506,5.61092,6.72623,11.6484,3.6428,-3.416,-897.92,-276.208,78960,22820,-17220
-2.9778,2.76384,6.75227,7.62896,3.99175,-2.15491,3.67032,-3.47128,-0.204978,5.61695,7.22631,2.53202,4.80438,0.193412,6.30337,-2.24442,-5.856,-925.248,-267.424,76160,23660,-15960
-9.42771,-15.8027,3.27133,-5.82776,-4.06537,-1.08332,-0.501647,1.46679,-13.7617,2.18982,2.36152,-5.13208,3.02235,0.33689,1.65356,0.955284,-13.176,-929.152,-261.568,72940,23240,-15820
-1.27316,-7.47166,3.61123,0.0284721,2.97669,0.943376,3.26093,1.05097,-7.47132,-1.20748,-1.61898,6.73213,2.50909,2.9086,2.55923,3.79127,-16.104,-938.424,-271.328,68180,24360,-16100
-6.10447,-4.32665,-0.550299,-0.789038,3.76942,0.0212264,-1.99186,-3.8674,-8.18606,-7.48519,-7.53368,6.94389,-0.562933,0.513182,-5.39573,-1.29047,-19.032,-951.112,-267.424,64960,24920,-16520
-6.67763,-9.19896,-6.60608,-11.9713,-6.04178,2.02837,-8.74661,-0.105381,-4.23481,-4.11899,-1.28765,-6.52207,2.00777,-0.876295,-13.1285,-1.76391,-22.448,-955.504,-268.4,64540,25060,-17640
2.43385,-5.40701,2.94858,-7.5317,-1.05061,7.43076,-4.77965,5.45328,3.43378,5.2871,6.11532,-4.72958,6.57725,6.27822,-8.57775,3.3634,-27.816,-959.896,-260.592,64260,26740,-18200
-0.589762,-8.68375,-3.45379,-8.67811,-3.8422,-0.3113,-8.60444,1.66514,-4.14268,-2.20827,-4.25812,-5.49653,-3.2912,-1.52215,-9.27216,-1.549,-33.672,-951.6,-262.056,64820,27440,-18200
-6.80227,-11.7259,-6.69105,-7.51869,-2.83339,-2.21355,-5.00196,2.11633,-9.90754,-11.8345,-13.2716,-7.06361,-7.3128,-4.37659,-7.77497,-1.47218,-38.552,-948.184,-263.032,68180,28980,-17920
-5.8942,-3.4749,-10.1477,-0.0157904,-0.0050109,-2.24507,2.35713,3.25213,-0.814293,-16.2374,-17.7613,-5.41019,-10.1511,-4.85269,0.711562,-0.0758469,-43.432,-947.696,-261.568,67900,29820,-17780
5.43122,13.8078,-2.21776,13.6729,10.0768,0.484319,10.3663,0.123123,14.8765,-2.83385,-1.4504,6.28576,3.32641,4.79374,11.9594,6.32502,-46.36,-942.328,-246.928,67760,30940,-17780
4.18983,15.8301,7.76181,8.90951,7.14414,-3.70715,2.16072,-12.4309,12.3774,7.36038,10.7873,3.02481,8.87991,3.83265,1.46654,-4.61388,-48.312,-933.544,-247.416,68460,30520,-17360
-5.19193,-5.41084,-5.52222,-11.8049,-17.7539,-11.0329,-17.2849,-12.6945,-2.63452,4.5231,6.75372,-13.3547,-6.3883,-16.7716,-11.3907,-21.9544,-46.848,-932.568,-265.472,68600,30800,-16940
-0.445479,-5.56692,-6.84664,-4.88996,-14.7608,-2.08002,-8.65304,-2.11334,-1.43389,4.05144,6.18432,-10.631,-6.46008,-8.78592,4.84823,-6.86821,-49.776,-933.544,-273.28,63280,31920,-16520
0.389401,-2.09327,3.48495,-3.63194,-2.58457,9.06333,0.433493,4.69056,-5.43876,3.7107,5.466,-2.31423,3.21628,8.03385,-0.0315679,4.80578,-47.824,-933.056,-276.208,58800,31500,-16380
5.92121,1.8688,12.2304,-4.00196,5.00415,8.73135,-0.248529,5.00864,-2.05961,6.50462,4.56865,7.87639,6.55439,12.6409,-7.94986,5.27137,-45.384,-936.472,-265.472,57680,31500,-15540
1.74066,-1.63729,7.63415,-1.79333,7.4635,7.7004,4.72092,4.94506,-7.48562,3.99971,4.89278,4.97897,5.47386,10.9471,-2.93271,6.92086,-48.312,-936.472,-275.232,58240,32060,-15260
-8.21204,-6.64749,-0.349572,0.472818,3.59728,2.08988,8.69012,-0.323801,-12.55,-1.71259,3.59651,-5.56699,3.59768,3.62511,3.82632,4.3861,-45.872,-939.888,-264.008,55860,31920,-14840
-1.98906,-0.646365,-1.42157,5.98712,3.53279,1.62062,13.1747,4.5245,-0.606515,-0.580054,-1.33576,-5.02108,-3.38964,1.53152,9.50322,6.57457,-42.944,-945.256,-266.936,54040,31920,-14700
8.9494,4.83095,5.05326,7.43007,10.1681,4.59503,11.5952,5.67709,3.34906,1.85305,-5.42849,11.6564,-2.58313,4.20085,5.79133,6.04378,-42.456,-945.744,-270.84,50820,31780,-14700
12.2011,5.09152,2.58736,-1.18715,0.989542,-4.20778,-5.28777,-6.02706,4.3678,1.71471,-4.20648,13.0046,-0.986099,-4.26874,-8.20926,-6.31228,-40.504,-947.208,-268.888,47040,31500,-14560
6.01032,11.8633,-2.76805,5.62434,-2.91754,-13.8708,-5.57702,-8.35043,9.37074,0.434346,0.0651469,3.79937,-5.88334,-19.4048,0.217717,-11.138,-37.088,-952.576,-275.72,44660,30800,-14280
9.83108,20.2773,-1.568,16.3393,-1.70603,-16.333,1.84975,-5.46253,18.6894,10.8459,10.9767,5.81024,-2.76893,-16.5927,14.0919,-5.28417,-32.696,-949.648,-273.768,42280,29820,-14140
21.7739,19.5404,19.7571,16.0467,11.3029,10.3367,17.8315,11.6742,23.5999,22.7544,13.9059,15.6857,9.62637,19.6095,21.1842,17.5549,-30.744,-949.16,-278.16,39760,27720,-13580
18.1362,11.4109,11.8181,8.91459,15.9865,12.62,15.7537,8.00872,16.2943,7.66246,0.854566,18.3551,3.82467,16.8495,14.5803,12.1471,-28.304,-949.648,-283.04,37520,25760,-13300
-12.8301,-7.78182,-18.7128,-1.02103,2.24188,-2.86832,-1.65514,-4.92356,-10.1799,-21.3006,-15.8369,-4.30308,-7.31238,-4.61445,-1.72138,-5.28489,-23.424,-945.744,-283.04,33180,22400,-12600
-28.4932,-17.8396,-24.6632,-16.651,-22.6419,-19.7751,-27.3566,-15.4832,-19.4802,-23.7468,-14.3072,-30.6924,-12.3126,-23.8721,-22.104,-23.7684,-23.424,-949.16,-284.016,30100,20300,-11900
-28.231,-29.3922,-14.8646,-29.3693,-31.0415,-13.3675,-30.852,-8.53334,-22.2621,-15.3147,-13.2782,-31.3591,-8.30038,-19.0693,-29.4727,-21.3235,-22.448,-948.184,-288.408,26600,17220,-10920
-15.2399,-23.1671,0.226407,-10.8748,-7.16132,7.19565,0.160248,8.58572,-18.2991,-8.75782,-9.30872,-7.96844,0.544245,6.21312,-2.20668,5.79164,-20.496,-946.72,-288.896,23940,14140,-9800
-6.15287,-11.1908,-4.23946,-5.18079,-1.35664,5.73154,3.6021,7.4833,-12.9568,-5.63827,-3.1939,-1.65131,-2.10146,3.62554,2.92034,6.2632,-20.984,-948.672,-300.12,21840,11900,-8960
-7.19232,-10.8481,-5.5964,-10.7802,-3.90035,1.41698,-1.88609,2.01797,-10.1103,-1.83884,3.08378,-8.7525,-0.157414,-1.35608,-3.82562,0.543276,-22.448,-951.6,-301.096,19600,9240,-7980
0.791264,0.408264,-2.75557,0.657965,-1.55574,-2.18033,-1.41774,-1.04023,1.3806,3.84615,9.71522,-3.5726,3.17666,-3.48861,0.496337,-3.32233,-20.984,-954.04,-301.096,19040,7420,-7280
14.7207,17.15,9.0927,18.1035,12.4141,6.41713,10.4397,2.91295,15.6329,10.3985,10.6419,13.7766,10.2654,10.5832,13.5397,8.41337,-20.008,-955.016,-288.408,18200,5600,-6020
19.5093,24.0584,14.599,20.4024,15.8056,9.72114,10.7804,3.91842,18.8403,12.9751,12.3118,17.879,13.9988,14.2582,13.6447,10.6813,-20.984,-960.872,-272.304,16940,6020,-5180
3.93108,5.02897,10.5455,3.82771,10.7058,9.0768,4.91881,4.44977,1.93376,3.62969,0.727423,8.2585,9.29742,10.4538,-1.22889,9.50955,-19.032,-966.24,-268.888,15820,7420,-4620
3.94684,-1.27533,12.7451,-4.15094,7.78507,7.405,0.789179,2.88687,1.11475,5.51896,1.36693,7.34812,9.37161,9.35509,-8.00431,8.32829,-17.08,-972.096,-266.448,14700,10080,-3920
5.81883,4.33657,6.05248,-1.96496,-0.866404,1.36234,-8.34283,-2.53758,4.01842,5.6343,6.41449,4.26337,3.86822,-0.442912,-7.49661,-2.76675,-23.424,-976,-275.232,13860,11620,-3640
-6.31666,-3.23056,-6.53267,-5.82202,-6.83653,-2.77805,-7.28607,-3.45216,-5.06392,-0.774542,0.127443,-7.49183,-4.87179,-6.3598,-5.74142,-1.81063,-21.96,-976.488,-282.552,13160,12740,-3360
0.434246,3.71691,0.657825,-1.437,-0.656538,0.551844,-2.6483,-1.70537,1.41711,5.45544,-0.346634,-0.303781,-0.0279528,-0.303628,-3.05026,0.775624,-21.96,-976,-284.016,13020,12320,-3080
5.80263,6.8234,3.64685,2.12417,1.49488,1.73868,2.3797,-0.668996,10.9911,6.09397,-0.533595,0.858131,1.06697,2.59906,2.71781,1.24499,-21.96,-973.56,-286.456,12740,11760,-3080
-9.36477,-10.8481,-4.29512,-8.12889,-3.89244,1.34237,1.13014,0.104265,-4.03955,-2.611,-3.40322,-9.22462,-3.68987,0.38863,-1.91371,1.06253,-19.52,-976.488,-283.04,12600,11760,-2800
-13.2754,-19.7985,-2.16695,-11.895,-1.24871,-3.78028,1.45945,-2.37138,-15.7078,-0.567593,-1.32906,-4.76077,-2.61523,-4.89727,-7.11842,-0.888755,-21.96,-970.144,-284.504,12460,11900,-2940
-2.9055,-12.9955,1.98882,-7.19614,-3.36143,-14.2132,-2.09483,-6.2421,-12.357,1.64083,-7.3695,3.27468,-12.3397,-14.3168,-9.54171,-8.36157,-15.616,-972.096,-286.456,13020,12040,-3220
16.4958,14.2863,5.65074,16.4628,3.75918,-3.26301,5.73332,3.82244,10.1536,-0.766803,-2.50637,21.3501,-12.9242,-1.06029,11.2459,-0.943071,-24.4,-971.12,-289.872,13020,12180,-3500
9.63364,20.7035,-14.8865,14.6625,-3.97014,-2.86885,1.89122,4.00566,16.4122,-9.74066,3.84162,10.1079,-5.8537,-3.76772,15.7791,-0.929694,-22.448,-972.584,-297.68,13860,12180,-3640
1.94245,20.3292,-12.1186,10.7321,-0.84845,-4.88032,5.08447,0.81277,17.2983,-7.23089,-4.1366,-5.30022,-5.64347,-1.9048,12.4391,0.691984,-25.864,-970.144,-302.072,15400,12460,-4340
7.0575,25.2202,1.50487,23.1698,13.6735,0.139239,16.6065,2.40519,20.9107,-0.100495,-3.53947,0.615646,1.10179,7.91827,19.5903,6.71384,-23.424,-972.584,-305,16380,12740,-4900
-8.33507,-7.78934,-4.053,-4.06757,-4.496,-1.8972,-3.60922,-4.88831,-8.10334,-5.74071,-2.10603,-10.297,6.14552,0.26359,-3.14735,-6.08682,-25.376,-969.168,-305.976,17500,13440,-5740
-13.8663,-19.5365,4.22511,-11.5861,-3.34955,3.48629,-4.53951,-2.03996,-21.6764,-6.46115,-1.75282,-11.2911,7.48071,4.3608,-7.68307,-4.76752,-23.912,-971.608,-309.88,18480,13580,-6860
-12.2187,-19.0908,4.28823,-9.45772,-1.34453,-5.47894,-6.12841,-3.0262,-19.9958,-8.81291,-11.0079,-3.67687,-6.92095,-5.5214,-7.06957,-8.21605,-24.4,-968.68,-313.296,19040,14280,-7420
7.22371,-0.450516,-2.60067,-0.624754,-1.5342,-5.01663,-2.7007,0.741191,5.34238,-4.38715,-8.72218,9.91527,-12.8254,-5.87828,-0.550751,-2.87756,-26.352,-969.168,-310.368,19880,14840,-8120
18.5517,18.4287,-5.87123,5.67656,-0.310362,1.71766,-3.43967,-0.334534,19.0617,6.16187,10.6367,11.7508,5.13854,-1.48894,-2.53156,-2.67162,-23.424,-963.8,-311.344,20580,15120,-8540
-3.03779,-11.9755,-11.2176,-22.7217,-20.0139,-2.95746,-18.2554,-6.33791,-7.34119,5.23612,11.5099,-24.5512,5.83613,-10.4406,-23.3957,-12.0784,-22.936,-965.752,-310.856,21420,15820,-8960
-13.8199,-21.8462,2.41867,-16.0807,-5.5019,5.16073,-3.47004,-0.428588,-19.4621,3.29614,6.22481,-18.416,8.42724,2.38298,-11.9333,0.880544,-22.936,-963.8,-310.856,21560,16940,-9380
-8.66656,-16.6055,12.0265,-2.0288,8.36552,11.1891,7.64501,3.87343,-16.9389,3.16594,1.57033,3.00396,8.17952,10.7723,4.42767,8.80268,-22.936,-966.728,-311.344,21700,18200,-9660
6.89648,-0.401897,6.10596,3.46305,5.6137,8.34932,7.67137,5.40913,3.43779,1.88527,-3.87401,8.33601,-1.02022,7.81712,10.5938,8.96955,-22.448,-968.192,-310.856,21840,19880,-9660
9.91765,12.7292,1.96783,12.6884,13.1521,10.9712,13.6502,9.06069,12.7359,1.22494,-1.3863,11.0907,-1.22289,10.5281,17.413,13.8266,-23.912,-964.776,-305.976,21980,20720,-9660
0.291274,13.3284,1.99384,14.5337,15.6362,10.1034,11.1998,4.44708,6.78036,1.63432,1.63535,5.98223,3.83606,11.1162,12.2923,10.8983,-24.888,-969.168,-306.952,22120,21840,-9660
0.40694,12.697,7.40222,10.1749,7.61353,4.77885,-1.82579,-2.44603,5.72003,7.66828,10.4171,3.80207,9.94304,5.42611,-0.261768,-0.617,-25.864,-969.656,-304.024,22120,22260,-9660
-6.86245,-7.91696,1.55639,-7.3809,-9.08993,-5.68048,-12.4354,-5.99995,-6.40526,4.7116,9.04051,-7.55737,4.49269,-8.21854,-9.78544,-9.72589,-25.864,-968.68,-302.072,21840,22400,-9520
-6.86777,-7.25634,1.72562,-4.22464,-4.99634,-7.75969,-4.34624,-2.38345,-5.8206,-3.84261,-5.90118,-1.14622,-4.78727,-5.99021,-1.62369,-3.8475,-26.84,-970.144,-296.704,21980,22120,-9520
3.31214,1.46756,1.68235,-0.376873,-1.85396,-6.49587,-0.308144,1.33594,1.15686,-2.17927,-6.67822,7.1446,-9.05304,-5.19987,1.35709,-0.240405,-26.352,-972.096,-297.192,22120,21980,-9380
-5.25611,-4.74532,-18.0819,-11.497,-13.4718,-12.8975,-9.80852,-3.66174,-5.54735,-9.42925,-6.11499,-6.62327,-13.1267,-15.3518,-11.3731,-8.30039,-23.912,-968.68,-295.24,21700,21840,-9520
-1.54208,5.52608,-10.4116,-0.859117,-3.17407,-5.54375,0.784849,-1.94533,5.8598,-4.19327,0.296919,-7.28892,-4.49269,-4.52567,-4.29766,-0.734594,-25.864,-965.264,-289.872,21560,21840,-9240
2.41891,6.43882,7.16019,7.39709,6.45563,-1.24746,6.33953,-4.17604,6.10031,3.71708,3.49833,1.42951,6.10619,3.62463,2.44929,2.10504,-23.912,-965.264,-287.432,21000,21700,-9240
-5.00926,-11.2169,-3.96524,-8.56661,-9.62297,-5.65453,-6.5089,-3.35843,-5.62857,-3.54994,-4.59146,-7.91683,-3.11585,-5.8502,-8.1585,-4.26581,-20.496,-965.264,-283.528,20160,21560,-8960
7.6251,-5.47129,-0.141035,-10.5623,-8.48157,-1.27298,-8.93046,-0.115377,3.56658,5.58941,2.2694,0.111941,1.38946,-2.67706,-12.6517,-3.87426,-20.984,-964.776,-284.016,19740,21700,-8820
7.20021,-0.709152,1.53298,-6.43766,-5.56269,-0.756068,-6.32538,-1.37927,3.72957,8.51172,5.1712,0.97448,4.31056,-2.06118,-6.49699,-4.04027,-19.032,-962.824,-283.04,19320,21560,-8400
3.30773,6.73651,7.76702,8.05611,7.0112,4.31647,7.7832,2.42596,3.53841,6.69373,3.07267,5.97024,6.04501,4.971,9.94307,3.22236,-17.568,-961.848,-283.528,18900,21560,-8120
-3.43584,1.64344,6.58788,9.26493,9.42363,5.80147,8.49875,4.69852,-7.34461,-1.16133,-4.39229,5.39525,3.95192,8.10102,10.2327,4.45513,-18.544,-962.336,-281.088,18480,21420,-7840
8.75427,3.4118,3.07999,3.52272,2.08739,0.93165,2.3362,3.04085,4.19301,0.237409,-3.93409,6.90312,-0.471009,2.75037,4.52241,0.29444,-14.152,-961.36,-281.576,17780,21140,-7280
20.6046,16.1372,7.40377,10.6745,7.26587,1.9024,7.1135,3.22514,19.7415,5.32312,4.81449,16.531,2.81691,5.55724,9.45514,4.29931,-16.104,-962.336,-281.576,17080,20580,-7000
-5.20415,0.959934,-2.24298,1.86137,3.17692,2.16632,6.25592,4.23954,-1.52762,-6.63145,-2.87997,-0.175423,-1.05949,4.94129,5.72963,7.45672,-13.664,-960.872,-279.136,16100,19880,-6580
-2.65101,6.15261,2.74369,7.07411,11.5832,6.80554,11.5049,5.38609,1.70036,-2.49143,-1.72725,3.34629,2.03269,10.9234,8.20583,12.4603,-13.176,-959.408,-278.648,15400,19320,-5880
1.82326,6.39387,-0.152581,5.79972,5.53616,3.63242,3.11324,0.79601,1.68822,-0.845231,1.54652,1.34927,1.34745,4.74879,3.15738,4.69144,-13.176,-963.8,-280.112,14700,18900,-5600
-11.4241,-9.28539,-11.4103,-7.25383,-7.93707,-3.57551,-7.98913,-4.16771,-11.4685,-7.43075,-3.18395,-13.8563,-5.05237,-7.46102,-5.37755,-5.01297,-13.176,-962.824,-283.04,14280,18340,-5180
-15.0395,-13.5437,-12.5021,-10.6742,-11.4092,-4.80073,-9.90169,-3.08653,-13.0917,-7.80814,-4.37112,-17.9226,-8.13771,-11.6437,-7.85557,-5.98652,-15.128,-964.288,-282.552,13860,18060,-4900
-9.87939,-9.2514,-5.76641,-6.17765,-7.33593,-1.70982,-7.99368,-2.50727,-11.7167,-3.45135,-2.98793,-10.5106,-5.10241,-7.44355,-6.25722,-3.05353,-14.64,-964.776,-285.48,14140,17080,-4760
-1.18493,1.37223,4.94269,5.03665,5.87344,4.27408,1.72106,-0.544491,-5.49973,-0.197485,-1.82822,5.09302,1.49514,3.36588,2.53614,3.22815,-17.08,-966.24,-286.944,14140,16940,-4760
-2.43364,6.44548,-0.640974,7.9798,6.60793,3.54403,5.81396,2.22344,0.821508,-4.45083,-4.59596,3.64411,-1.19943,2.21198,7.57987,3.86485,-17.08,-965.264,-289.872,14700,16940,-4620
-4.72141,-2.49942,-12.0004,-6.13364,-10.5453,-5.29539,-5.86134,-0.827984,2.3164,-4.50835,-3.1902,-9.93199,-8.19487,-10.9005,-2.29262,-6.1204,-15.128,-966.728,-286.944,15260,17080,-4760
2.69381,-4.17778,-5.40421,-10.5867,-13.0631,-5.03559,-10.6305,-1.0681,4.7373,4.39169,4.80848,-6.52333,-4.42043,-10.9966,-9.62204,-11.1102,-15.616,-965.752,-285.48,15680,16940,-4900
9.6347,2.73858,7.97709,-0.921713,2.01261,0.633177,-1.0086,-2.24132,7.95341,8.743,5.53557,9.53714,4.21262,2.65297,-4.55469,-4.12723,-18.056,-966.24,-284.504,16240,17080,-5040
6.36023,4.95805,13.0765,8.11721,13.6519,6.31385,10.2824,-0.959733,4.11064,3.94905,2.89819,14.8321,10.0096,13.3272,4.91008,4.15957,-15.128,-971.12,-284.504,16380,16800,-5040
7.19099,3.69112,7.70752,6.22588,7.36752,1.43336,7.77103,-0.130182,6.76906,6.52902,5.01246,7.92972,4.54881,5.91851,5.61243,3.62325,-15.616,-967.216,-285.968,15820,16940,-4900
5.90741,-3.34418,5.59856,-5.40824,-4.70757,-4.52908,-6.00544,-3.86851,4.13588,6.54137,4.05144,3.00032,1.39788,-2.93335,-6.40851,-5.41314,-17.08,-969.656,-282.064,15680,16940,-5040
-0.740084,-8.99061,1.87807,-5.02215,-3.14711,-1.05974,-2.28096,1.12862,-4.93444,-0.239123,0.473782,0.00198342,-0.722767,-2.24223,-3.12541,-1.16213,-15.616,-966.728,-281.088,15680,16940,-4900
1.31295,-5.41936,1.40521,-1.6559,0.266944,0.0109121,0.958465,1.88304,-2.79557,1.57212,1.54552,0.861616,-0.300966,0.955812,0.0128668,1.43019,-14.64,-965.752,-282.064,15960,17220,-4900
-0.49636,0.826709,2.6704,3.52132,4.82425,4.34778,5.32703,3.68734,-0.604331,-0.455348,1.15804,0.767607,2.94093,6.89036,4.24592,5.00436,-14.64,-966.728,-273.768,15960,16940,-4900
4.49036,11.5332,4.30747,10.0038,7.43534,5.30286,4.92579,1.27053,8.79815,1.85888,2.67966,5.31466,4.84037,7.9304,6.56677,4.28328,-19.032,-966.24,-278.16,15820,16940,-4900
4.42744,7.56121,1.43171,3.39971,-0.0887762,1.62934,-3.68062,-2.50765,7.85757,2.13081,1.9485,2.21374,4.03608,2.76065,0.727734,-1.99966,-16.104,-964.776,-274.744,15540,16940,-5040
-1.79095,-0.03286,0.0773176,1.73615,1.53731,1.00278,-0.189099,-0.318324,-1.44847,-0.046367,1.29201,0.797057,3.69345,2.01648,1.77526,-1.10433,-18.056,-969.168,-279.136,15260,16940,-5040
1.86327,4.49813,-2.72462,1.2847,-0.00458025,-3.30408,-3.3596,-3.13844,4.13816,1.77337,2.57286,-0.595251,0.618542,-2.73343,-3.13793,-5.20333,-19.032,-964.288,-280.112,14840,16800,-5180
-8.98976,-8.53249,-11.6731,-7.89707,-11.7165,-7.27682,-6.55506,-1.72658,-7.29754,-6.85652,-5.00508,-15.2019,-8.43603,-11.6201,-6.12067,-6.86591,-19.032,-962.824,-282.064,15120,16520,-5040
-12.191,-9.40694,-9.28233,-4.92675,-6.68231,-4.45082,0.0275798,2.18868,-13.7092,-8.33126,-7.34463,-11.7156,-8.06617,-6.44934,-0.259859,-0.861804,-20.008,-960.384,-286.456,15540,16100,-5040
-2.67417,-0.367472,-3.19971,-2.02902,-2.63001,-4.33166,0.623205,-0.470862,-5.07436,-4.80452,-6.27463,-1.58908,-5.11894,-2.71975,-1.04431,-0.287533,-22.936,-957.456,-286.456,16660,15960,-5180
-0.802978,3.80964,0.958063,3.09898,4.20429,-0.292018,6.93765,0.915224,-1.75155,-3.44457,-4.15099,2.27125,-0.31979,2.02462,4.21118,3.35348,-22.936,-956.48,-289.384,17080,15680,-5180
-5.67308,-2.45514,-7.03711,-2.85084,-1.35921,-0.758853,1.57682,2.73942,-4.80545,-5.32776,-5.38345,-6.29234,-4.67879,-1.82419,0.152079,3.05109,-22.448,-954.528,-290.36,17640,15680,-5320
-12.8871,-11.3716,-13.1935,-13.0724,-10.9938,-3.96026,-7.97903,1.31176,-10.852,-10.6008,-7.10234,-15.1665,-6.87586,-7.57851,-9.04622,-1.92555,-23.424,-955.992,-292.8,18060,15260,-5320
-6.88956,-6.96998,-6.72961,-11.1407,-6.24361,-1.80737,-4.93543,0.96604,-7.61268,-2.44421,-0.271585,-7.92534,-1.20775,-4.61001,-7.82341,0.694334,-26.84,-954.528,-292.8,19040,15540,-5320
-2.14736,-6.524,3.57664,-9.73284,-3.94007,0.881285,-5.70256,-3.36143,-7.56357,4.00555,6.77275,-2.48007,7.54087,-0.89225,-8.96917,-2.31746,-30.744,-954.04,-288.896,19880,16240,-5320
-2.27026,-5.72332,9.85938,-3.02872,1.16548,2.74934,-3.36463,-3.77289,-7.29186,5.5078,7.41819,1.48522,10.3986,3.54419,-5.70467,-3.33958,-27.328,-954.528,-296.704,20860,16520,-5320
3.903,-0.932629,9.00953,2.97148,2.93802,1.13611,1.45422,-1.1477,-2.03193,8.37153,8.09489,5.75074,6.19331,3.28035,2.45862,-1.11647,-31.232,-955.992,-295.24,21700,17360,-5180
19.7634,14.152,13.9272,13.5408,12.5526,5.48904,11.3912,2.94307,17.4559,14.0035,6.95651,18.7136,6.0228,9.50533,12.3447,6.53263,-26.84,-955.504,-295.728,22260,17920,-5180
23.2822,19.1956,8.0821,15.1084,10.7882,4.71687,10.8378,5.46721,24.5233,9.544,-0.549658,18.29,-2.80822,6.20843,13.6798,8.79908,-26.84,-958.92,-290.848,21280,18620,-4900
12.6111,13.5983,-0.847366,13.8961,8.62941,4.47763,12.0849,5.89823,16.237,-1.00687,-1.36939,11.3437,-3.56283,5.08125,12.79,10.3325,-22.936,-955.992,-295.728,20720,18620,-4480
0.737629,9.12797,7.35991,10.5348,11.0911,7.29595,5.452,-1.49128,6.8442,0.736977,4.87087,10.1984,10.892,8.77937,1.06256,5.04888,-24.4,-960.384,-286.944,20300,18480,-4060
-5.44803,6.78554,5.46415,9.12828,5.6023,1.2651,1.12298,-5.51625,2.52368,-0.96746,-4.62473,0.521185,2.87091,2.38441,4.09865,1.6807,-26.352,-958.432,-289.872,20020,18200,-3640
5.05608,2.61255,3.89573,3.92629,1.68849,-0.545367,-0.233688,0.801355,6.5716,-0.665838,-13.9144,3.99442,-12.9008,0.019384,3.27904,2.72877,-25.376,-960.872,-285.968,19040,17920,-3220
4.46257,-1.18054,-7.32749,-2.53211,-2.16292,0.118314,-6.0504,2.77386,1.24341,-8.61291,-7.59104,4.20363,-10.9306,-1.58837,-1.37019,-0.227054,-25.864,-957.944,-282.064,18340,17080,-3080
1.57111,7.09484,-15.7955,-2.24852,-5.40881,-2.17095,-9.09902,-1.97837,6.69489,-7.87649,2.2034,-4.06793,-2.75727,-6.32528,-3.18964,-4.69895,-27.816,-956.48,-277.184,17920,16100,-2660
-11.4968,2.80932,-10.9264,-6.58694,-10.8739,-5.0266,-14.1771,-5.89808,1.80978,-4.27594,4.87391,-20.2273,-0.798503,-10.7548,-10.2478,-10.1928,-24.888,-958.92,-276.208,17220,15540,-2520
-26.1723,-19.1867,-12.6133,-13.2206,-16.3553,-7.98603,-12.6015,-6.66636,-18.4878,-8.11907,-1.02421,-29.458,-6.24188,-14.5489,-6.66146,-12.0071,-26.84,-957.456,-277.672,16660,14980,-2240
-5.88069,-16.4153,3.25623,-9.38554,-8.87375,-7.92509,-9.14235,-7.9777,-11.4677,3.7548,3.5704,-5.79968,1.40934,-8.27345,-4.71825,-12.8628,-23.424,-959.408,-276.696,15260,14420,-2100
14.1645,2.16772,11.9525,2.22571,4.73624,-2.89721,3.99707,0.922446,4.85818,9.25406,2.31936,14.328,0.506,1.15395,2.71537,-0.680168,-21.472,-958.432,-279.624,13720,13160,-1960
11.7136,2.04143,6.36103,0.510203,6.67826,5.04259,8.95517,9.74761,4.58335,4.973,1.0495,14.2449,0.869293,7.17869,2.08704,8.58495,-20.008,-953.552,-279.136,12180,11760,-1400
-2.27727,-2.38784,-1.6728,1.17569,2.57117,6.27132,8.63134,10.3448,-4.52806,0.387586,5.27248,2.78103,5.25547,7.47905,6.06444,8.6683,-17.568,-956.968,-275.232,10780,10640,-1120
-11.3422,-5.82781,-1.36093,1.66621,2.45588,3.92959,11.0215,4.75222,-11.6732,-0.557925,2.20359,-7.39247,4.30133,6.13609,11.3884,7.74213,-18.056,-958.432,-275.232,8540,8680,-280
-6.29722,-2.46497,5.92232,4.9314,7.00458,3.42169,8.26589,-0.512007,-7.44867,1.61139,0.00357285,-0.807502,6.01572,6.96858,8.2611,2.3934,-16.104,-958.92,-278.648,7980,7420,0
0.570398,-5.25898,-0.997793,-5.26583,-5.15968,-1.53646,-5.41966,-1.66215,-1.28112,1.05144,1.67811,-2.17878,0.602248,-3.20904,-7.00883,-7.08272,-14.64,-955.016,-280.112,8120,6020,420
-11.871,-19.2436,-4.26291,-16.0123,-9.36528,-0.812514,-9.67793,0.786397,-19.2091,-6.90731,-2.71555,-7.91615,-0.227297,-2.79039,-18.9583,-5.07252,-12.688,-955.992,-283.04,7700,4200,840
-18.7452,-22.1897,-5.50556,-16.4317,-8.45641,0.0645647,-8.86427,1.64768,-28.0452,-7.99772,-4.02744,-10.1075,-1.72255,-2.15153,-21.8041,-3.53025,-15.616,-951.112,-283.528,7280,2800,1540
1.58006,-1.80475,-1.83129,-5.88543,-4.74492,-0.894586,-5.58884,-0.458131,-0.277249,2.84144,0.352371,-1.35176,-0.243323,-0.618863,-14.3956,-1.76503,-10.248,-952.576,-283.528,6440,1680,2240
20.6953,16.2223,6.9499,11.4855,7.61588,2.97197,9.3425,2.62252,20.191,11.8865,3.37478,11.552,3.68998,6.51369,8.51955,6.2786,-11.224,-950.624,-287.432,6160,1260,2660
21.3226,17.2681,4.23038,14.3632,8.53063,0.59495,11.3826,-1.7802,22.355,9.55346,1.86909,10.1177,1.43396,3.12845,16.3718,4.88314,-10.736,-949.16,-286.944,5600,840,3360
4.02296,4.86435,-4.13507,2.64981,-2.40493,-4.54779,0.849556,-8.09373,6.45211,-1.8742,-4.0742,-3.50043,-2.62732,-6.15327,7.5133,-1.49101,-9.272,-947.208,-291.824,5740,420,4200
-0.0954568,2.37299,-0.459018,0.243153,-1.53921,-3.30207,-0.643063,-6.3232,3.77038,-1.53494,-1.805,-3.23872,-1.48422,-4.62331,4.45982,-1.19665,-13.176,-945.256,-291.336,5740,0,4760
9.2199,15.5809,3.78364,10.4036,5.611,-2.33813,2.69792,-3.30688,17.7177,4.48024,-0.901473,6.95609,-0.655511,0.27629,10.1125,1.55644,-12.688,-947.696,-298.656,4900,0,5740
9.86303,17.005,2.09132,15.2054,9.23828,-0.0929638,11.3942,2.86573,18.0584,0.375117,-3.72932,8.05497,-1.59162,2.86175,18.0516,7.93945,-17.568,-948.184,-303.048,5180,140,6160
-4.54633,6.93636,2.16371,9.47547,9.68139,2.8557,4.28364,1.22635,-2.25829,-8.9079,-5.95825,7.9485,1.58185,6.2369,5.11013,3.06384,-18.544,-944.28,-306.464,6020,840,6860
-17.3888,-5.87899,0.853577,-8.60598,-0.448124,2.32305,-12.1914,-3.03219,-18.49,-10.6847,-4.18272,1.2543,3.56359,3.0677,-17.0197,-6.93263,-19.52,-947.208,-306.464,6720,560,7280
-4.76496,1.30824,3.34238,-6.56384,-0.153002,3.25423,-7.66324,0.985056,-1.98912,-2.20218,1.22026,2.60859,4.03243,2.26034,-13.902,-3.78853,-18.056,-945.256,-309.392,6720,700,7700
10.5434,9.9761,-0.36451,3.72341,-0.522465,0.665145,1.95572,3.64186,16.1597,2.26762,3.88935,-0.0302734,0.784074,-1.80642,6.42361,2.08437,-24.888,-943.304,-304.512,6860,1120,8260
-0.272812,-1.67364,-6.02822,5.08026,-0.116269,-1.50088,5.84603,4.42161,1.87049,-2.67272,2.42587,-6.82098,-2.71194,-3.45048,13.0012,3.72802,-23.912,-945.744,-303.536,6440,1820,8680
-8.2745,-16.8059,-6.81966,-10.4424,-6.39393,-3.33638,-4.33056,1.38613,-11.3614,-3.42641,3.18555,-9.5377,-2.9764,-6.04398,-8.69047,-1.32695,-23.912,-945.744,-301.584,6160,2800,8960
-14.5197,-27.6794,-6.18484,-26.3527,-14.0864,-3.27592,-12.6307,-0.842631,-22.0242,-7.1886,-1.43167,-13.7138,-3.89337,-7.20677,-26.7714,-4.03781,-25.864,-947.208,-306.464,5600,3500,9380
-15.6886,-22.7099,-5.84568,-24.047,-15.0828,-4.89699,-17.2287,-4.6355,-21.1961,-8.19373,-1.9393,-11.4744,-4.01928,-7.85177,-26.6554,-10.8595,-28.792,-947.208,-306.464,5460,3500,9800
-3.27074,-6.86689,-6.04601,-8.08901,-11.6836,-7.64234,-11.3556,-6.80792,-3.64079,-0.950571,1.50041,-6.86118,-5.05165,-7.64692,-9.67457,-10.5877,-31.232,-948.184,-305,4900,3360,10220
1.96731,6.60351,1.79148,8.53874,1.33554,-1.78048,-1.43562,-4.65648,0.446108,3.68113,1.07524,1.9945,-1.86906,0.620337,7.00964,-5.79931,-38.064,-949.648,-302.072,3920,2940,10500
2.40533,4.06584,-1.61548,6.78174,0.178517,-1.58058,-0.435751,-1.08842,1.3826,4.2312,-0.564502,-0.350367,-5.14099,-1.14768,9.42941,-3.89933,-40.016,-945.744,-301.096,2660,1960,11060
-1.64494,7.20997,1.07708,16.5553,9.19868,2.37642,11.8575,5.45176,-4.70658,3.51382,-1.56989,3.38351,-4.52311,4.73139,18.9688,6.73886,-45.384,-946.232,-298.656,1260,1120,11480
5.0878,21.5343,6.68406,24.9046,18.4773,7.99576,20.826,7.99737,7.87597,5.20508,2.49434,11.6682,0.357983,11.6062,20.5689,12.8946,-43.432,-954.04,-297.192,-280,420,11480
16.5307,24.2304,3.28994,17.1636,9.24027,3.90025,12.674,5.97451,22.6266,10.0223,6.20861,10.4904,-0.369153,4.60237,10.3948,7.96119,-40.016,-962.336,-288.408,-2240,-980,11900
20.6028,18.4409,12.2961,12.659,11.17,6.94208,14.0006,5.66129,23.5257,13.7203,8.15593,15.3338,6.28005,9.00612,12.4552,11.3018,-42.944,-967.216,-284.504,-2800,-1960,11900
10.439,-0.100836,10.5595,-0.334676,7.1579,8.84863,9.4969,3.87794,9.25566,8.33087,4.1261,8.71302,7.16794,9.33853,6.45791,8.34997,-47.824,-964.776,-278.16,-3360,-3500,11760
6.89067,-3.03991,11.696,-6.7637,1.48921,6.09294,-4.88532,-1.64859,0.400774,7.60771,2.91792,9.29343,11.2913,5.5109,-5.41527,-2.97534,-45.872,-964.288,-279.136,-3640,-5040,11340
-1.01039,-11.19,6.05637,-14.0377,-5.25547,3.47481,-10.4231,-1.61975,-7.93437,2.05998,0.620867,1.41025,9.80458,-0.402043,-14.5831,-5.14282,-43.92,-959.896,-276.696,-4760,-6160,11200
-17.0239,-18.6909,-5.57445,-12.725,-5.2145,1.87753,-6.31623,0.770648,-22.4856,-12.0308,-9.66897,-10.6559,0.369338,-1.45977,-10.1065,1.10179,-44.408,-954.528,-277.184,-5880,-7000,10920
-17.8644,-16.9336,-11.9201,-11.2463,-8.45184,-3.53902,-7.23799,-2.32407,-17.6423,-13.3942,-8.28166,-15.6675,-6.0205,-7.0467,-6.33985,-2.80052,-42.456,-954.04,-276.696,-6720,-7420,10920
-3.5329,-7.37956,-8.13936,-10.2066,-10.2065,-5.95309,-7.45558,-4.41879,0.918733,-3.28021,-0.822344,-9.22513,-3.39481,-10.4785,-6.12214,-6.67331,-49.288,-952.576,-278.648,-7840,-7280,10920
1.88749,-0.511483,-8.46384,-3.48028,-8.1257,-6.16999,-3.44885,-3.14026,11.3683,-2.89929,-3.06683,-7.87947,-3.69617,-8.79644,2.36952,-3.59121,-48.8,-949.648,-280.6,-8540,-7560,10780
-4.9165,-11.0468,-14.1298,-10.3885,-13.941,-9.76366,-8.27768,-4.703,0.799427,-2.63682,-1.22099,-16.1128,-7.53794,-14.2879,-1.65639,-8.62902,-50.264,-951.6,-284.992,-9240,-7700,10780
-2.37289,-2.95368,-4.60327,2.1963,-0.0314895,-4.66569,0.974966,-4.18102,-3.0662,-1.46655,-2.16305,-2.27561,-2.79428,-3.5758,3.52419,-1.4877,-50.264,-949.648,-288.896,-10220,-7700,10640
6.01666,11.4562,2.04673,13.1319,7.66032,-0.970284,3.78963,-2.98374,6.3752,1.0261,-0.0874194,8.45673,0.516952,2.87265,5.40748,1.6586,-50.264,-950.624,-296.216,-10080,-7700,10080
11.9829,18.4362,10.3703,14.4211,14.064,4.01788,7.6967,3.04385,12.7776,4.46732,0.611632,16.9632,5.21564,11.2367,1.67773,9.81656,-54.656,-955.504,-297.68,-10360,-8260,9800
10.8757,18.5778,12.2891,14.1177,15.0715,4.77579,8.21522,2.4541,10.7885,4.26232,-0.272284,17.4036,6.98907,13.1993,4.87534,10.4317,-48.312,-957.944,-302.072,-10220,-9800,9240
-0.267047,5.32377,5.24463,4.8979,3.01043,0.672193,1.16866,-0.457777,-0.787554,-1.77381,-1.18403,4.04886,4.37752,4.72649,5.13346,0.0823842,-42.456,-964.776,-290.848,-10080,-11760,8680
-10.397,-8.08431,-7.06687,-4.55299,-6.11448,-3.01564,-2.81483,1.85122,-10.9984,-9.2287,-3.98704,-9.07361,-3.69459,-2.9429,-2.05469,-0.930667,-38.064,-968.68,-287.432,-9100,-13720,7840
-6.78223,-8.65462,-3.71127,-7.37217,-6.02576,-1.53601,-5.71902,2.33109,-9.78572,-3.07682,3.36885,-7.89437,-0.250227,-3.15877,-9.37375,-2.38346,-31.72,-973.072,-279.624,-7840,-14280,7000
-1.76609,-3.52873,7.19351,-3.65131,1.95751,5.58277,0.315528,5.00842,-6.63311,2.52341,4.75946,1.50119,6.82281,6.2672,-8.39287,1.22745,-30.744,-975.024,-278.16,-5600,-13300,6020
0.228016,0.97846,5.85355,-1.22111,2.39996,3.29923,1.27449,1.51766,-3.14536,1.44651,1.33525,2.64314,3.26863,5.52959,-5.88062,-0.16796,-31.72,-969.656,-277.672,-3920,-12320,5460
-1.19964,-6.22985,-3.73922,-6.00922,-8.37474,-4.50651,-3.4235,-3.01355,-1.41409,-1.73612,1.03777,-6.58118,-4.77739,-6.65647,-1.0252,-7.90662,-28.792,-973.56,-274.256,-1400,-11760,5040
-2.38742,-3.78846,-9.48826,-4.93689,-10.7236,-6.98247,-4.33167,-4.40661,0.552478,-3.64935,-0.785266,-8.29391,-10.0859,-11.1693,3.33006,-6.71404,-27.328,-972.096,-269.864,560,-10500,4900
-4.53884,-6.53041,-9.64204,-6.3082,-8.18563,-3.63912,-0.0135554,-0.42012,-0.62928,-5.7544,-2.63464,-9.42749,-9.00143,-6.56605,1.71941,0.168592,-29.28,-971.12,-271.328,1540,-9800,5180
1.37941,-2.08259,-1.39001,0.104584,1.49365,0.811645,6.16554,2.51864,0.946618,0.668086,0.635467,-0.130633,-4.01098,1.69888,3.83809,5.59353,-29.768,-969.168,-274.256,3080,-7840,5740
3.81374,2.63614,1.18496,3.39789,5.70583,1.05801,3.93608,1.51909,0.829061,2.56754,0.828136,4.43213,-3.18576,3.26404,2.04328,3.98971,-30.256,-964.776,-278.16,3360,-5460,6440
3.53674,2.03431,5.49797,1.44349,6.41038,4.25422,0.852291,3.07155,1.17355,5.75186,3.36191,5.52413,1.45427,5.48025,-2.99641,3.18506,-32.208,-967.704,-280.6,4480,-4200,7140
1.49733,13.3079,11.5495,16.5719,17.7735,8.07717,13.1792,3.33328,-0.168259,5.96694,2.72664,13.7514,6.82332,13.2182,13.4643,9.77652,-33.184,-967.216,-279.624,5740,-2520,7840
2.0988,9.41732,5.57613,11.9042,8.10307,0.854893,4.82625,-3.55649,0.855593,6.98321,5.62052,7.6817,5.37846,2.10613,12.0558,-1.84836,-33.184,-964.776,-280.112,7140,-700,8400
-2.21208,-2.59443,2.89836,-1.59525,-1.51612,-1.47538,-6.13838,-5.77248,-3.77395,2.99666,2.44937,1.23385,4.76689,-4.06114,-3.44048,-9.31078,-34.648,-960.384,-278.16,8400,1400,8960
-2.81114,-0.349783,-4.27348,-3.37801,-4.19097,-1.53483,-5.83521,-3.426,3.36775,-4.77827,-4.47363,-2.40017,-0.872448,-4.50448,-4.08304,-6.07714,-36.112,-964.776,-280.6,9100,4340,9380
10.2731,11.5185,-3.31901,2.52826,-4.13533,-1.24902,-4.45284,0.17798,22.3119,3.7568,2.74983,-0.0665123,-0.976602,-4.99563,-0.26539,-4.18044,-37.088,-964.776,-283.04,10640,6300,9380
4.58098,2.48701,-3.45319,-0.0185753,-5.48047,-1.39464,-2.90263,1.03753,9.57686,2.7287,0.4951,-3.23136,-0.468175,-4.85388,0.0148827,-2.99947,-41.968,-959.896,-282.552,12180,7700,9100
-2.82011,-5.51582,2.38226,-4.66436,-2.06434,0.8217,-6.85418,-1.10496,-5.50066,0.618493,-1.79506,1.12688,4.8932,-0.941279,-10.0546,-5.35747,-41.968,-961.36,-282.552,13580,8820,8820
-8.57667,-10.8843,-0.46052,-10.0597,-3.61863,1.29547,-8.64059,0.730771,-12.7613,-3.77156,-5.17858,-1.79656,4.08345,-1.72695,-13.4657,-5.71449,-44.408,-960.384,-284.016,15400,9240,8120
-4.10622,-7.64193,-6.10545,-5.93128,-4.72077,-1.58586,-1.41054,1.80432,-3.75519,-5.45473,-7.54053,-4.54347,-1.8007,-4.60216,-0.212979,0.191831,-46.848,-955.016,-287.432,16520,9380,7420
-9.01415,-14.9899,-7.98598,-9.38628,-6.07952,-2.03263,0.423558,3.10949,-8.70718,-9.47458,-9.4571,-9.84037,-5.05424,-4.64279,-2.2928,3.54457,-44.896,-952.088,-286.944,17360,9800,6440
-14.1884,-15.8634,-6.99482,-8.53222,-2.97187,-0.995558,0.709972,2.22306,-17.1674,-9.86956,-8.9773,-9.09617,-5.01899,0.27354,-5.03689,6.18925,-44.896,-955.016,-294.264,18760,10360,5600
6.16747,4.08103,2.18724,2.31408,3.48306,-1.05741,3.09935,0.213725,3.68554,5.32394,5.64072,3.361,-0.834151,2.11818,0.558162,4.59427,-45.872,-949.648,-293.288,19320,10360,5040
8.74375,7.23646,0.645673,-0.734067,-2.81383,-4.51217,-1.66555,-3.46008,8.15885,5.11586,6.5716,-0.208634,-2.46064,-3.92368,0.844749,-2.46851,-38.552,-948.672,-294.264,20020,10080,3920
2.64172,4.36759,2.05406,-2.00625,-1.82038,-1.29828,-2.62432,-4.27389,3.36043,-0.550747,0.460756,-0.904705,-2.14907,0.461572,-4.78205,-2.02889,-36.6,-953.064,-294.264,20580,9940,3360
3.94146,1.64796,4.84692,0.988314,3.69816,4.51007,3.15205,0.920742,1.81974,0.336398,3.11531,0.996785,0.431792,5.66824,-1.15033,3.65305,-30.744,-947.696,-291.824,20160,9240,3080
9.85197,10.6672,8.71403,13.0991,10.9541,7.85381,14.56,4.01543,8.12385,4.90043,5.9441,7.13265,4.31202,10.9106,17.8605,10.5718,-27.328,-951.6,-287.92,19880,8400,2660
10.2158,12.5283,9.4202,14.2306,11.1988,7.56497,12.6293,3.64967,7.83423,7.36256,8.63648,8.87868,6.3549,10.5978,15.299,7.71224,-29.768,-954.04,-281.088,19600,7700,2800
4.51114,6.18609,1.22989,8.05519,3.05157,1.72128,5.02277,-0.840825,3.35845,5.66803,6.65459,1.9601,1.26144,2.19427,8.69743,0.742414,-26.84,-952.088,-283.04,18480,7420,2660
2.64392,-0.743328,-3.64921,-0.127211,-5.90124,-4.24024,-3.15875,-5.46758,2.17689,3.69718,4.96087,-3.39594,-2.91823,-4.31185,1.98356,-4.3993,-29.28,-954.04,-282.552,18060,6860,2660
0.407755,-0.578165,-2.902,0.648778,-1.35522,-1.57907,-1.8899,-1.41895,0.441912,-2.58057,-1.805,0.188108,-3.77712,-1.37708,-1.95422,-0.534881,-28.792,-953.552,-280.112,17220,6300,2660
-6.31526,-5.24074,-0.186513,-3.31635,-0.28228,0.999473,-4.92047,0.720415,-10.5924,-6.63161,-10.8226,2.4442,-4.43347,2.34675,-10.4795,-0.206277,-31.232,-952.576,-277.184,16520,5740,2660
-4.73709,-2.99195,0.42128,-1.09003,3.05168,4.2404,0.268547,6.45514,-7.24857,-6.2212,-8.07923,5.16647,-1.04931,4.79395,-1.13248,4.36487,-34.16,-955.992,-278.648,16240,5460,2660
0.626713,6.46444,-4.25195,2.38215,2.66536,3.94133,2.34345,7.34776,6.98911,-2.09294,-1.19919,2.62165,3.21012,2.78553,6.08631,5.57275,-33.184,-955.504,-277.184,15400,5180,2800
-7.66746,-3.5818,-3.87127,-5.5936,-5.06111,-2.51987,-6.43862,-0.729266,-3.96447,-1.37845,0.369044,-6.87744,4.93749,-2.49258,-0.904222,-2.85035,-33.672,-955.504,-279.136,14840,4620,2800
-5.91656,-1.04009,-0.386366,-0.556615,-2.49916,-7.27862,-4.52338,-6.65582,-3.5591,-1.03802,-0.574138,-2.88431,4.08874,-6.86277,1.53174,-7.58687,-29.768,-955.992,-274.744,13860,4340,3360
-5.75973,-0.424147,-0.0167684,1.43507,-1.03566,-9.63241,-5.50829,-10.0616,-6.14078,-2.05937,-2.0931,0.281704,3.5366,-7.8326,-0.737543,-9.81607,-33.672,-954.528,-276.696,12880,4200,3780
-9.75657,-2.31964,-4.97268,0.175237,-2.91457,-6.92235,-4.34006,-3.35122,-8.44341,-5.33899,-4.75038,-4.35342,-1.78712,-5.98546,-2.84179,-5.50234,-35.136,-955.016,-275.72,12320,4340,4200
1.87199,3.3355,0.770134,1.77909,1.40205,-0.248894,1.84202,3.40038,3.53628,2.26458,-0.197618,2.3008,-0.167785,1.04348,-0.490688,2.92323,-33.672,-952.576,-273.768,10780,4480,4620
6.17072,0.228275,4.63563,-0.525356,3.04232,2.43061,3.95561,3.92138,6.77228,4.07983,0.774831,4.17974,0.98672,4.06346,-2.101,5.41728,-33.672,-951.112,-271.816,9520,4340,4760
3.63605,-6.35444,3.55862,-5.61664,-1.25655,1.79994,-3.29057,1.55931,2.58554,3.14968,2.37357,0.775329,0.538812,0.381051,-12.6165,-1.12563,-34.16,-949.648,-270.84,8400,4060,5180
2.42596,-4.99883,1.94131,-3.61713,-1.10601,1.72089,1.46817,3.18431,2.58774,3.36634,1.64814,-1.14356,-1.15341,0.369836,-5.14579,2.39365,-34.16,-949.648,-273.768,6860,3360,5740
5.44094,5.32046,2.08944,4.3254,3.33713,2.6208,6.12154,2.1695,9.01242,3.03256,0.536765,1.60392,-1.71331,2.89945,3.25659,4.67119,-39.04,-946.232,-271.816,5880,2660,6160
0.0958954,-4.87361,-3.89872,-7.52526,-6.66885,-1.8884,-4.59728,-3.3421,0.25763,-0.75997,1.32007,-7.42098,-4.24002,-5.32901,-6.23415,-6.01892,-34.16,-949.648,-270.84,4760,1680,6440
-15.1301,-21.9562,-12.2446,-21.089,-17.0595,-6.51329,-11.0722,-4.69166,-18.7639,-8.37681,-1.84598,-20.239,-10.2133,-13.138,-15.6477,-9.54352,-29.768,-950.136,-271.816,3780,980,6860
0.0354602,-6.06882,0.470389,-4.5174,-2.70488,-1.48184,-1.44642,-1.28031,-2.64967,2.32846,5.331,-3.26107,-2.61236,-3.33076,-2.27847,-2.43529,-30.744,-950.624,-267.424,2380,280,7420
4.11386,4.96435,4.01972,4.45756,1.74549,0.812775,-1.1476,-0.166494,4.57875,2.63718,4.49441,3.24019,-0.12104,0.154462,3.82997,-2.2061,-29.28,-950.624,-269.864,1120,-280,7840
1.57977,6.86736,4.18015,8.1555,5.0842,4.21151,3.00506,1.68484,3.28064,0.151237,3.35236,5.09951,1.4013,3.54653,8.22018,2.18557,-31.232,-955.504,-269.864,140,-560,8400
3.77875,8.60816,4.08634,7.88916,5.70298,5.79353,7.33185,1.38314,5.92358,1.48745,3.65751,5.50868,2.72638,4.74574,11.9188,3.75017,-30.256,-954.04,-273.768,-420,-1540,9240
2.71903,3.36457,-0.746418,0.695989,0.243781,2.48783,3.75193,-0.200576,3.59878,0.856121,1.30388,0.553558,-1.0338,-1.13399,7.98372,1.00934,-30.256,-954.04,-277.184,-1260,-1960,9520
2.70386,1.79171,0.180698,-3.18545,-0.649729,2.94667,-0.082805,0.809696,3.78159,0.798846,-0.877239,2.28908,1.45848,0.049204,-3.09952,-0.48411,-31.232,-953.552,-274.744,-2100,-2520,10080
-8.16812,-2.53751,0.595307,-3.76951,0.833018,2.29026,-5.422,-2.23788,-9.3441,-3.91722,-5.9055,3.15404,5.34202,3.12762,-11.29,-2.12824,-30.744,-956.48,-274.256,-2660,-3220,10500
-3.39216,3.6429,0.308534,5.99203,7.19769,2.64254,4.35202,2.09289,-3.81333,-2.44465,-5.93176,5.88644,4.18157,6.41632,3.64545,4.88716,-29.768,-955.504,-274.744,-3220,-3500,10780
4.37547,11.6575,5.45525,12.4507,11.0668,5.30559,10.4545,4.36288,4.49234,0.433637,-4.17522,10.1189,4.26582,10.047,12.5403,8.3327,-30.744,-954.04,-275.232,-3920,-4340,11340
9.20891,13.6662,9.05457,17.094,13.8496,5.73699,13.477,5.51382,6.2691,4.63508,-1.34875,14.1323,3.6824,11.4777,17.427,11.0963,-29.28,-959.896,-276.208,-4200,-4620,11620
5.06188,6.57182,1.36418,10.3669,5.94966,0.752883,9.49879,4.38996,0.845179,3.78756,-0.0388055,5.42729,0.61332,3.58173,14.3481,5.64843,-30.256,-955.992,-281.088,-5040,-5180,11620
0.410449,-2.50634,-5.49904,0.242849,0.0626079,-3.29815,1.35296,0.120142,-1.49298,2.05986,-0.0300201,-2.60539,2.85702,-1.7724,4.27666,-1.29393,-31.232,-956.48,-279.624,-5320,-6160,11760
0.412392,-2.97134,-6.49389,-3.16566,-2.14624,-3.23414,-3.5789,-1.41511,3.39803,0.156485,0.152561,-4.87516,5.19923,-1.97841,-2.36752,-3.37273,-28.792,-959.896,-286.456,-5180,-7000,11760
-2.04604,-6.16096,-9.22242,-10.5674,-12.5626,-7.7301,-13.1601,-5.02307,0.753477,-2.07206,0.636856,-12.0848,-0.520092,-9.30723,-9.58648,-9.51861,-29.768,-961.36,-281.576,-5460,-7560,11620
-1.32892,-10.0321,-10.5351,-15.1357,-18.0093,-10.171,-15.9058,-6.20703,-2.04031,-3.28375,0.956924,-15.2005,-9.89001,-12.3158,-14.5206,-9.7677,-35.136,-955.016,-283.528,-5040,-8400,11760
0.489648,-5.49803,-4.81601,-6.22247,-8.74086,-6.08842,-6.30723,-2.37135,-1.8339,-2.79836,1.00373,-7.45769,-12.3918,-5.83209,-7.05123,-2.49019,-31.232,-958.432,-282.552,-4900,-9940,11340
1.23108,2.47353,1.19783,5.24335,2.61126,-1.59225,-0.480663,-1.18899,0.82072,-2.93293,-0.421496,3.36183,-9.38556,1.50915,0.133558,2.19564,-33.672,-957.456,-284.016,-5040,-11340,11200
-0.572909,0.388626,0.394004,-1.44166,-2.13545,-2.45866,-5.83533,-4.15527,3.35351,-2.90758,-0.924274,0.587336,-7.74405,-3.14038,-9.48477,-2.75158,-33.184,-961.36,-282.552,-5600,-12320,10920
-3.88558,-1.8019,2.14508,-2.09063,0.472734,1.81747,-1.5365,-0.714854,-2.05962,-0.495312,-1.02601,0.152313,0.168538,0.616527,-8.06581,-0.0053327,-33.184,-960.384,-280.112,-6300,-13020,10500
-5.3912,-5.07933,5.4347,-2.28356,2.76249,6.06319,2.75069,1.66339,-8.97261,-0.372728,-1.86778,0.540062,8.97261,6.09689,-1.67819,3.44855,-31.232,-962.336,-281.088,-6720,-13300,10220
-5.37356,-5.68343,4.91208,-1.82552,1.22433,6.13729,1.8833,3.90282,-11.3907,-0.698994,-0.574665,0.0127201,10.8344,4.59336,-1.79382,1.27319,-32.696,-960.384,-279.624,-7280,-13300,9940
-5.72683,-9.72454,-0.722848,-6.25328,-3.37172,-0.895677,-4.54931,-2.98292,-13.5868,-0.570519,0.341503,-3.19871,5.65945,-1.69802,-8.58451,-5.22577,-29.28,-962.824,-284.504,-7000,-12880,9940
-1.19568,-4.52161,-2.65994,-2.77911,0.00792813,-4.49291,1.58704,-3.44989,-3.12227,-1.30996,-0.0397435,-3.81085,0.0474878,-3.89144,-4.29089,-2.91104,-28.304,-961.36,-280.6,-6580,-12600,9800
4.8872,5.81626,6.26944,6.60176,7.21144,1.83423,9.13075,-0.302518,7.14853,2.92197,3.12645,4.9069,3.75728,3.22208,7.59676,3.33701,-27.816,-960.384,-278.648,-6160,-11760,9940
2.86717,2.08783,7.8538,0.186924,0.505033,3.19999,-0.72016,-1.71519,5.2509,3.16297,4.3333,3.68899,5.20142,2.51217,1.7815,-0.461726,-26.352,-957.944,-281.576,-6300,-11200,10080
10.2934,12.9642,6.14087,9.74108,7.0894,6.38859,9.99361,7.35313,16.3416,6.38304,7.45286,7.65399,1.08818,4.6514,15.3829,8.51754,-29.768,-960.384,-279.624,-6160,-9800,10080
9.28696,11.5821,4.65456,8.32379,7.30979,4.53714,10.805,7.80268,12.5448,7.06172,6.99405,7.67277,-1.84115,3.94777,16.2564,9.70524,-27.816,-956.48,-280.112,-5880,-8820,10080
-0.946462,0.545074,-2.14116,-0.628565,0.134646,0.641107,2.67826,4.50425,2.48874,0.633234,2.11803,-1.58433,-6.40205,-1.01893,6.6127,3.29962,-27.816,-957.944,-282.552,-5320,-7560,10360
-0.716962,-4.53407,-5.69283,-8.54835,-7.57827,-4.48943,-5.53525,-0.618027,2.63424,0.660342,-0.464278,-6.93921,-8.17133,-6.67302,-3.02747,-4.21145,-25.864,-960.872,-286.944,-4620,-6020,10640
2.2708,1.54739,-1.28731,-2.21168,-3.59187,-5.72595,-6.60112,-2.5536,1.98317,3.3125,0.184384,0.0198289,-4.41306,-4.63275,-5.11984,-6.19585,-25.864,-955.504,-286.944,-3920,-4760,10920
-0.690619,5.11603,3.30638,5.86719,6.02561,0.608972,1.83191,2.52529,-0.872814,1.73443,-1.52782,6.68262,0.676126,2.5245,-1.4852,1.22047,-25.864,-959.896,-288.408,-2940,-3220,11200
-13.4317,-6.45021,-6.3153,-4.40937,-3.58094,-2.48742,-5.92814,-0.317726,-12.7644,-8.11755,-9.39749,-3.68894,-2.17384,-3.56173,-9.31969,-2.56827,-27.816,-955.992,-286.944,-2100,-2100,11340
-9.6181,-8.4684,-6.01347,-8.18975,-8.6675,-3.35966,-7.0757,-3.10156,-7.65504,-6.69425,-9.1172,-8.25818,-0.0281634,-4.87919,-6.52687,-4.88784,-27.816,-957.456,-291.824,-840,-840,11480
-1.12718,1.36813,-1.87783,-0.204471,-3.27937,-0.725768,-1.9876,-0.754865,2.64309,-2.90181,-7.30951,-2.34083,2.66871,-1.77801,0.107059,-1.51622,-30.744,-953.064,-292.312,140,-140,11900
-2.36827,3.79324,-6.48128,4.30857,-0.14277,-1.59137,2.25678,0.478057,1.70789,-5.73794,-7.32668,-1.88378,-2.33633,-1.76445,5.61298,1.91943,-29.768,-959.896,-292.8,840,-140,11760
-1.02734,-1.23676,-1.06445,2.53271,1.47046,-0.56017,1.3455,-2.86744,-1.64266,-2.83554,-2.2135,0.408625,-0.0315618,0.465155,2.51902,-1.13404,-33.672,-957.944,-292.312,1540,420,11900
1.33704,-3.21983,2.46161,0.0997114,0.0090344,-1.47946,-3.14726,-7.0446,-3.8293,1.24745,2.51886,3.18503,0.786393,-0.658374,-1.63599,-5.78937,-32.208,-956.48,-291.336,2100,700,11900
0.606121,0.518638,7.28581,3.64303,7.78763,4.30213,1.20182,-2.61238,-2.32048,-0.217265,1.12957,6.79447,2.58848,7.14144,-0.101241,-0.19974,-34.648,-955.992,-290.36,1960,420,11900
-2.68688,-1.41705,3.66078,1.26435,3.05852,3.79669,-0.910969,-0.99459,-4.86628,-2.64491,1.41222,1.80615,1.00358,3.72446,-0.733008,-0.377947,-40.016,-955.504,-291.824,1960,280,12040
0.0490572,-2.68135,-5.45112,-1.63276,-5.45705,-0.531643,-2.1778,1.6695,-2.15761,-1.3504,3.16545,-4.93052,-2.54235,-3.19274,-0.888371,-0.686284,-40.992,-951.112,-293.288,1680,560,11900
6.90619,1.84397,-6.01615,0.237138,-3.66109,0.361574,1.86592,5.77975,6.28155,3.82741,7.06957,-3.91639,-1.91656,-2.72511,-0.484863,3.59272,-42.944,-952.088,-291.336,1260,840,11760
4.14757,-2.93218,-1.79513,-3.96728,-3.28545,-0.836037,0.23434,0.989681,-1.89379,5.2754,6.80093,-2.30304,3.87556,-1.04231,-4.2166,2.15566,-49.288,-954.528,-294.752,980,1400,11480
8.22997,5.25515,5.73383,3.23087,4.91988,1.97763,5.92907,-0.605932,5.48874,6.31043,6.03582,5.43273,10.0821,5.70042,3.74054,3.67765,-49.288,-954.04,-291.336,420,1820,11200
6.07917,8.1577,4.31433,5.91679,8.08111,4.87923,9.89902,2.84049,7.98293,1.27054,1.45916,5.44683,6.94575,6.98554,8.38942,7.26137,-49.288,-950.136,-289.872,1260,1540,10780
4.22655,9.02521,0.321999,9.88885,10.8506,4.47527,12.1492,3.63068,5.69615,-1.09618,-2.44437,5.66369,0.361439,6.85113,11.1179,9.717,-53.68,-952.576,-289.384,1820,1120,10500
3.47234,0.76409,0.573986,-1.21623,1.28783,0.913311,-0.457611,-1.35485,2.377,2.6076,2.10545,1.27506,-0.380096,0.26647,-2.10142,0.776761,-55.144,-952.576,-289.384,2660,980,10080
-3.40826,-7.97299,0.865555,-8.81036,-4.52993,-0.933689,-8.79636,-3.29025,-7.07028,1.7482,0.704185,-2.75811,0.0655366,-1.84375,-10.3217,-4.4193,-57.096,-947.208,-289.872,2520,1260,9800
-6.90635,-7.29138,1.44292,-4.25626,-0.668263,1.4705,-3.51337,0.613503,-7.69852,-1.10289,-0.545323,-1.85681,-0.500718,2.29516,-2.72243,-1.47066,-56.608,-948.184,-290.36,2520,980,9380
-9.41082,-8.67265,-3.51195,-8.60322,-7.21964,-3.39131,-9.05606,-2.99845,-7.04907,-4.66824,-2.70302,-6.24335,-3.24902,-3.94682,-7.90611,-8.26694,-55.632,-951.112,-297.68,2380,840,8820
-3.39446,-5.18465,-5.80022,-10.2652,-10.0989,-7.46143,-10.1164,-3.74385,0.387567,-2.47837,-2.75199,-6.60575,-6.79141,-7.77,-11.1138,-9.16366,-54.656,-949.16,-293.776,2380,700,8540
-4.58248,-6.66869,-3.98046,-7.5677,-8.09879,-5.79665,-7.97314,-0.48037,-3.63813,-2.47558,-1.3616,-7.12759,-5.54889,-7.99071,-5.73549,-6.81431,-53.68,-952.576,-292.8,2100,980,8260
-2.66528,-0.966365,-2.06905,2.87314,-1.87531,-4.23426,-1.00471,-0.738262,-1.31519,-2.15484,-1.7203,-3.13129,-2.95068,-4.75315,5.56127,-2.2301,-53.192,-949.648,-295.24,2100,1120,7840
6.90521,8.41682,5.96068,9.97404,5.97809,1.39019,5.33846,2.96088,9.48604,4.10101,2.70488,6.41854,2.32246,3.11478,9.4543,3.92592,-47.336,-950.136,-296.216,1960,1260,7980
4.95648,9.70006,7.39309,11.942,9.9356,6.08362,10.8711,7.24379,7.8641,2.82924,0.976668,7.5869,2.88214,7.71336,11.5367,9.72447,-45.872,-951.112,-295.728,1960,1680,7980
2.0313,7.87664,4.43801,8.8546,7.38166,5.66071,9.21713,4.82166,3.6833,-0.290761,-2.61147,5.0577,1.89174,7.03231,9.52868,7.52333,-44.896,-951.6,-297.192,2100,2100,7980
-0.197791,1.1486,0.444946,-1.79103,-3.55916,1.0244,-1.1605,-0.366492,0.444416,-0.87142,-2.10914,-1.53666,-0.366466,-2.56563,-0.650987,-2.21158,-44.408,-953.064,-296.216,1960,2240,8120
-1.26243,0.0896437,-2.95203,-2.6937,-4.94391,-1.65354,-4.12149,-1.40751,-0.198582,-1.11505,-4.0579,-2.48993,-4.22082,-4.7879,-3.15748,-3.05161,-44.408,-954.528,-298.656,2100,2940,8260
5.00994,6.37655,1.48169,4.64796,3.0875,0.260112,2.45026,1.55452,4.53702,3.11284,-1.33282,5.12499,-2.39426,1.3167,1.02138,3.84009,-40.016,-953.064,-301.584,1960,2940,8540
-0.287579,1.82098,2.30518,2.78494,4.64742,1.22329,3.30118,0.0480332,-2.25903,0.276707,-3.17796,4.41772,-0.0790436,4.05583,-0.142255,4.15832,-40.016,-951.112,-299.632,2100,3360,8680
-0.576832,-1.88115,1.11068,-0.905538,0.214184,-2.70616,0.0783717,-4.9648,-4.15477,1.20186,-2.30944,1.42824,-0.430269,0.0572675,-1.41326,-1.05425,-41.968,-953.064,-303.048,2240,3080,8960
-2.33058,-6.24633,-1.06613,-7.29421,-5.74274,-4.63939,-4.34397,-3.72519,-6.74591,0.300723,0.217869,-3.20336,-3.88442,-5.40832,-8.4585,-3.88618,-40.504,-954.04,-302.072,1820,3360,9100
-10.5297,-11.8593,-3.78497,-10.0172,-6.65108,-3.45907,-6.99532,-2.91916,-16.0853,-5.52652,-2.93331,-6.54408,-4.31947,-4.71298,-9.59804,-5.84694,-45.384,-953.064,-304.024,1960,3640,9240
1.00504,0.918589,1.14297,3.16023,3.92446,3.55672,6.59211,2.52945,1.36195,-0.354386,1.79765,2.03942,2.23198,3.79681,4.66175,3.36862,-43.432,-950.136,-306.464,2240,3360,9240
12.265,10.4318,1.56927,6.30501,2.38627,2.07836,4.0659,-0.282754,18.5786,5.92728,6.7133,5.17017,5.10897,1.96193,5.75621,-0.74546,-42.456,-950.136,-302.56,1960,2940,9240
5.44222,3.53661,-1.23369,-0.237757,-1.98515,-0.330996,-1.20165,-3.04327,10.3941,2.24586,4.19278,-1.07213,3.98193,-0.274316,1.07116,-4.49294,-41.968,-948.184,-302.072,1960,2660,9380
0.683474,0.556225,-1.70521,-1.10586,1.02923,1.64483,-1.33871,0.376669,4.53459,0.171565,2.62503,-1.86114,3.80572,0.585979,-1.68371,-2.42144,-42.944,-949.16,-302.56,1820,1680,9380
-4.08006,-4.24519,-4.18775,-3.06038,-0.315436,0.416459,-0.996942,1.19696,-2.63786,-1.73523,0.782084,-3.36012,3.08561,-0.899605,-2.64221,-0.302732,-44.896,-946.232,-300.12,1260,1120,9520
-4.5772,-4.97553,0.931075,-1.58801,4.61184,3.57844,1.54043,2.36752,-8.21023,-0.00953921,3.45308,1.51606,6.25536,3.37059,-0.237801,3.33778,-46.848,-948.184,-299.144,840,560,9520
-4.19611,-5.92858,0.453949,-4.1814,-1.74028,-0.425695,-6.32468,-2.30378,-9.11121,0.739665,3.75477,-0.551287,6.07647,-1.88345,-3.71366,-3.55303,-43.432,-950.136,-300.12,280,140,9660
-8.81118,-6.45667,-4.59475,-4.44718,-4.61804,-2.5743,-5.57177,-2.96056,-10.6218,-6.48396,-2.90459,-6.63682,1.15213,-3.23896,-2.62816,-3.41389,-46.848,-949.16,-295.728,280,140,9520
-9.29133,-4.87948,-5.75157,-1.53642,-0.500097,-1.09686,-1.70992,0.491539,-10.2983,-8.36013,-4.68566,-5.8243,-4.10281,-0.877818,-1.41475,0.379167,-43.432,-950.136,-297.192,-140,-140,9520
-3.8248,-2.7572,-5.11947,0.369724,-1.47225,-3.3559,-2.74084,-0.38603,-5.74793,-5.00806,-7.14813,-3.69501,-9.20828,-3.44507,0.0924208,-0.779961,-45.384,-950.136,-295.728,-700,-140,9240
13.7934,6.40261,6.28681,4.31726,2.71011,-0.884255,0.391958,-0.0408589,11.3527,5.34158,1.18807,8.90923,-2.10188,1.43691,1.09504,0.408666,-43.92,-951.6,-296.704,-980,-140,9380
10.6016,3.9237,4.24618,2.33618,1.27116,0.930758,4.5149,2.22177,10.7528,4.16145,4.91683,6.01074,1.39783,2.22708,1.24044,5.21755,-44.408,-956.48,-297.192,-1400,-140,9240
-1.38841,1.95906,-3.1888,4.25688,1.15551,1.47917,8.32633,4.20488,3.51244,-2.14472,0.471261,-4.31637,-2.52227,0.92595,7.17149,8.26988,-45.384,-954.04,-297.192,-1960,0,9240
1.40915,5.25048,-0.0466642,5.89936,-0.161779,1.38806,6.37858,4.18173,6.52152,2.72803,2.90505,-3.78186,-2.39699,0.364858,8.78947,6.32351,-43.92,-954.04,-294.264,-2380,140,9240
-0.0422008,0.951996,-1.49936,2.30188,-3.26148,-1.16537,1.6484,1.55295,1.44201,2.27439,-0.0370307,-3.48723,-4.63501,-2.74982,5.1392,1.98629,-43.92,-957.944,-293.288,-2520,0,9380
2.77091,2.57934,4.35196,3.15289,2.6304,1.77529,2.36791,2.16102,1.49991,3.20594,0.835937,4.09226,-0.863484,2.20244,1.19801,2.68499,-43.92,-959.408,-294.752,-3080,-140,9520
6.7954,3.32037,9.06988,-2.02602,0.869513,1.72045,-2.7681,0.955401,4.37199,6.5053,2.13064,7.44505,3.35138,3.2974,-5.82696,-0.616852,-44.408,-957.944,-295.24,-3220,-140,9520
6.51857,7.30553,9.74241,2.34467,5.51644,2.3387,0.189556,-0.240497,5.6246,4.0784,0.541062,10.6949,6.55121,7.81824,-1.72997,-0.348672,-45.872,-957.944,-290.848,-3500,-560,9520
5.5103,8.23285,3.89712,5.35213,5.3801,0.656225,3.30623,0.453282,6.48327,3.11905,1.78382,6.62725,3.37698,3.59874,5.5798,0.220105,-45.384,-956.968,-291.336,-4060,-700,9660
-6.96487,-2.32245,-4.65838,0.519094,-0.374399,-1.66789,1.00491,-0.646135,-7.11219,-4.39666,-4.35937,-3.83559,-3.65088,-1.55292,4.10312,-0.380502,-48.8,-960.384,-289.872,-4200,-840,9520
-12.6146,-10.018,-2.30993,-6.68721,-2.38135,-1.1646,-7.53501,-5.96445,-15.6176,-7.70375,-5.77273,-4.74593,-2.05827,-1.16004,-7.67311,-6.62107,-44.408,-958.92,-287.432,-4060,-1120,9380
-11.9315,-13.2048,-6.74831,-14.7096,-10.0225,-3.56089,-13.8981,-6.45535,-13.3438,-7.06081,-2.99522,-9.18484,-2.83141,-6.67181,-16.1493,-9.54724,-46.848,-959.408,-287.92,-4480,-1260,9380
-7.24504,-7.86486,-5.35371,-10.1655,-7.04564,-1.77609,-7.15822,-3.89981,-6.87289,-4.11081,-2.51277,-6.37924,-0.956966,-4.85345,-10.5426,-2.66498,-46.848,-956.48,-287.92,-4760,-1820,9240
-2.2816,-3.11176,-4.16157,-5.27541,-3.02226,0.681772,-1.61083,-2.72058,0.38272,-2.68369,-3.3429,-3.48843,-0.760795,-3.31252,-5.78263,-0.835981,-49.288,-961.36,-288.408,-5040,-2240,8960
2.00001,2.62673,-4.91691,0.340595,-1.71501,-2.41021,-0.879278,-5.58544,4.39612,-0.615493,-1.51308,-0.768682,-2.49375,-4.93398,-0.00920712,-3.25988,-45.872,-958.92,-287.92,-5320,-2660,8960
8.03237,6.93848,-0.697007,3.66183,-0.536102,-1.89763,1.00709,-2.35841,9.5579,4.24895,2.60032,2.08239,-1.65688,-4.0336,5.25417,-3.06712,-45.384,-959.896,-285.48,-5740,-3080,8680
5.57798,5.18826,0.24296,4.45951,2.21904,1.81304,7.3056,4.02609,7.1577,2.89024,1.67851,1.65216,-1.46801,0.865069,9.59498,2.79244,-44.896,-956.48,-283.528,-5600,-3500,8680
4.00683,4.24728,1.19156,6.58833,4.03741,0.619215,7.9671,4.07625,4.66874,2.50943,0.168578,3.44032,-0.419093,1.65231,11.0572,3.35834,-45.384,-959.896,-290.848,-5880,-3780,8400
-4.49174,-0.539895,3.63541,4.5629,4.19961,2.33672,3.93651,3.8682,-5.88725,-3.60665,-4.99827,3.03062,1.92327,4.91831,3.84763,1.07172,-43.92,-957.944,-286.456,-6020,-4060,8540
-11.5221,-7.47206,-0.739045,-2.19268,-0.427878,0.0620913,-2.92154,1.95483,-13.4626,-7.79452,-6.74887,-2.88794,0.470464,1.50877,-5.73416,-3.46501,-44.408,-955.992,-290.848,-6020,-4340,8540
-4.55405,-3.50397,-4.65588,-2.32972,-3.99032,-1.3373,-4.48769,1.97132,-1.12209,-2.56131,-1.83754,-6.3699,-1.96631,-3.30589,-5.09764,-5.64362,-43.432,-955.504,-287.92,-6440,-4480,8540
6.67432,0.46241,3.26598,-1.49282,-2.59158,1.91664,-1.78344,3.40963,6.3465,7.69836,6.32718,0.019939,2.55501,0.731979,-2.55315,-1.78154,-42.944,-956.48,-289.384,-6300,-4620,8540
10.6713,4.84057,6.45776,4.46375,3.74894,4.66829,5.21577,5.71993,10.0964,8.41409,7.6296,5.59038,5.47464,5.58372,4.76269,6.07463,-42.944,-956.968,-291.336,-6300,-4480,8400
14.2662,11.8355,7.22911,12.9291,10.364,3.2242,11.7048,3.60595,15.6179,8.38189,8.51377,9.72346,5.20077,5.35659,13.5039,7.8223,-40.992,-955.992,-293.288,-6300,-4480,8120
4.14803,0.0111735,4.22935,4.13857,4.36387,-1.89885,3.67149,-0.800423,-2.23547,4.95711,6.3114,4.99935,3.85864,1.61806,3.11104,4.32051,-41.48,-953.064,-289.872,-6440,-4200,8120
-3.18019,-8.43514,4.67161,-5.51494,3.2073,1.32827,-3.44655,-0.401422,-12.2046,2.23633,3.26356,2.42648,4.49265,5.89212,-11.7942,6.13975,-43.432,-955.504,-293.776,-6020,-4480,8260
2.244,-1.68293,3.67717,-3.05367,3.80441,3.45197,-1.35912,1.41675,-0.543023,3.29353,4.15173,3.44104,3.84953,6.49807,-5.47915,7.26049,-41.48,-955.992,-293.776,-6300,-4760,8120
-0.371723,4.10755,-2.82425,5.62503,4.15711,1.80473,4.76993,2.71493,2.27386,-0.470294,2.07729,-0.582893,-0.0330684,3.70917,11.5022,7.30036,-42.944,-956.968,-294.752,-6020,-5180,8260
3.34449,4.85564,-0.333126,4.76307,0.546854,0.670226,2.81624,-0.333822,5.53707,3.37381,5.47782,-0.202078,1.52333,0.364081,8.96505,0.580796,-40.504,-954.528,-296.704,-6160,-5180,7700
1.77982,2.4788,-1.08443,-0.83621,-2.83858,0.0216814,-1.49977,-1.08862,5.3797,-1.19382,-1.39121,-1.8919,-0.495055,-2.52836,0.984816,-2.54451,-40.992,-952.576,-300.608,-5600,-5040,7420
4.9621,6.79273,-0.964556,2.83397,1.3637,0.636519,3.18078,1.08933,10.6338,-0.879058,-2.41962,0.87642,-1.25436,-1.19561,4.42158,0.567951,-39.04,-955.016,-299.632,-4900,-5040,7280
4.74667,2.2177,0.0203694,-1.22032,-3.40328,-3.76987,-0.816684,-3.85167,6.11108,1.8262,0.975653,1.01506,0.6879,-4.66316,0.658649,-3.62685,-40.016,-953.552,-299.632,-4480,-5180,7140
0.344863,4.76518,0.139383,1.32973,-0.689862,-4.58758,-0.203714,-4.82862,2.8867,-2.21099,-0.899894,2.15592,-0.46101,-2.90189,1.55147,-1.68041,-39.04,-956.48,-296.216,-4060,-5180,6860
-5.82902,4.90337,1.24845,3.65384,3.62725,-0.657245,2.12491,-2.57045,-3.80955,-6.74799,-4.5629,2.37873,-1.37537,1.1725,0.205419,0.399474,-39.528,-956.968,-295.728,-3780,-5180,6580
-8.28922,0.491307,-1.99942,1.77708,1.84311,-1.62152,-1.41298,-2.45855,-10.6043,-6.46042,-6.53124,-0.523159,-4.49943,-0.940096,-2.72097,-2.76557,-40.992,-958.92,-293.776,-3500,-5040,6440
-4.82431,-3.02713,-2.47426,-3.99481,-3.19839,-1.89566,-5.75887,-3.34742,-7.25919,-3.46083,-2.48275,-2.3306,-2.3987,-3.83264,-5.82574,-7.67153,-39.528,-955.992,-295.24,-2800,-4900,6160
-14.7186,-14.1756,-9.68584,-12.6851,-10.7995,-3.19732,-8.86992,-4.2831,-14.3926,-11.2256,-9.30383,-13.5866,-6.1082,-8.36901,-11.0365,-8.46369,-40.504,-956.968,-293.776,-2660,-4760,5880
-8.4666,-3.32348,-8.28771,-3.52848,-5.09081,-2.41746,-4.88821,-3.05056,-4.52596,-7.62188,-9.62542,-8.26276,-6.69019,-5.01127,-5.41794,-5.22553,-39.04,-956.48,-294.264,-2380,-4620,5740
-3.58881,-1.87053,-3.29302,-2.68726,-4.51068,0.11616,-3.84253,0.973259,-2.49068,-1.42386,-3.52153,-4.27306,-4.4004,-3.39927,-5.72601,-3.33971,-42.944,-955.016,-297.68,-2100,-4620,5320
-10.5728,-13.368,-5.73822,-12.1706,-11.0457,-3.68167,-10.4284,-1.42972,-16.2069,-4.81366,-6.00808,-8.66358,-5.71872,-7.14044,-14.6187,-6.78253,-40.992,-954.04,-296.704,-1820,-4480,5180
-17.3314,-23.8785,-7.41335,-19.3889,-14.1828,-4.46602,-14.1151,-2.24202,-25.6144,-8.50831,-6.7428,-13.5081,-5.29683,-8.0825,-18.5355,-8.86587,-38.552,-951.6,-298.168,-1680,-4760,5040
-12.2132,-19.4562,-10.4181,-15.054,-14.148,-4.44481,-10.575,-1.29105,-13.9028,-6.30309,-2.14338,-14.8078,-6.1837,-8.1567,-9.6036,-7.2391,-39.528,-953.552,-297.192,-1680,-4480,4760
-3.54508,-10.7794,-4.72456,-8.65831,-6.63605,-1.53495,-2.75695,0.013153,-3.29347,-1.94241,-0.828589,-7.57425,-2.73162,-2.34585,-2.87136,-0.690044,-38.064,-955.016,-301.584,-840,-4200,4620
4.69926,-3.03927,3.49622,-2.03044,0.849723,0.900492,-0.10016,-0.645401,2.9517,3.34629,2.28804,1.61989,2.48274,2.21164,-1.28218,1.6544,-39.04,-955.504,-300.12,-700,-3780,4480
5.65317,-1.67993,3.3898,-2.75079,-0.480773,-1.95878,-5.99658,-5.07863,3.38253,2.09335,-2.56313,4.17171,-0.0483344,-0.415074,-6.54006,-4.57361,-40.504,-955.992,-300.608,-140,-3780,4060
2.2723,-6.21545,-0.581658,-9.11448,-4.59276,-1.74505,-6.48826,-2.5277,0.562588,-2.37588,-5.42956,-0.112321,-4.28889,-2.09582,-11.8892,-3.10616,-37.576,-954.528,-296.704,140,-3780,4060
5.4605,2.62062,-3.05082,-0.710308,-0.817062,-1.64554,0.572666,0.0891058,6.53906,1.6273,2.2292,0.415918,-1.85719,-1.16907,-0.536084,0.850644,-40.504,-953.064,-297.192,140,-3640,3920
6.27729,10.7157,3.91313,11.5014,8.42255,2.493,11.9722,3.10615,8.88451,8.75744,10.0688,5.791,5.89377,6.22892,17.3326,9.59916,-38.552,-952.576,-296.216,-140,-3780,4060
16.5636,21.916,13.8588,22.4484,18.1276,9.17246,19.7033,9.5519,21.4452,17.9688,16.1943,15.144,12.2683,14.768,24.2041,16.272,-38.552,-950.624,-297.68,-560,-3500,4200
22.3552,28.4604,19.8704,30.7837,26.8625,15.0824,27.6718,14.2829,26.6937,18.1696,11.6484,22.4572,15.5118,21.757,31.1269,22.5684,-40.504,-952.576,-295.24,-980,-3080,4200
24.2812,29.7227,20.4157,31.5011,27.7033,15.7238,28.0957,13.7347,26.892,13.3488,10.4946,25.649,16.084,21.9031,33.6494,21.7544,-41.968,-952.088,-297.68,-1400,-2940,4200
15.2649,17.5963,10.0315,15.4096,14.1841,8.69313,15.3985,9.06232,19.175,8.45684,11.2727,14.5174,9.03037,11.2029,18.3307,12.5614,-39.528,-955.504,-296.704,-1680,-2940,4340
12.3063,15.9826,8.92901,11.9621,11.617,6.47283,11.2151,6.27019,16.0743,9.62912,11.2088,12.3265,7.7732,9.27493,12.2832,9.71646,-39.04,-954.04,-295.24,-1960,-3080,4480
13.5505,18.7349,8.19783,15.2975,12.4113,4.18976,10.8202,4.65803,14.9008,8.67033,9.5065,13.214,6.37927,6.48454,12.2648,5.82162,-40.504,-955.504,-297.192,-1960,-3220,4340
-5.41007,-1.65728,-1.0414,-2.46147,-2.35116,-7.30759,-6.05953,-7.04919,-6.99355,-4.66012,-1.42952,-1.1512,0.134666,-7.11323,-8.57881,-8.99543,-38.064,-955.992,-292.312,-2240,-3220,4200
-6.7745,-2.76653,-2.53552,-1.10654,-4.64577,-9.78375,-10.4043,-9.15472,-7.73557,-4.6744,-4.31863,-1.3974,-3.08913,-10.1622,-7.94551,-13.1402,-39.528,-957.456,-292.312,-2520,-3080,4200
5.03427,6.25019,-1.13957,4.01675,-6.67555,-6.71594,-8.57504,-6.23954,3.17449,1.54619,-0.228281,2.58159,-3.36855,-7.73519,3.59996,-10.1997,-41.48,-956.968,-292.312,-2940,-2940,3920
-0.815988,-2.43915,-5.2785,-5.32086,-9.12829,-3.94331,-10.1932,-5.13165,-3.26117,-4.32722,-4.50721,-3.86754,-6.66587,-6.88277,-2.61159,-7.11859,-39.04,-955.504,-292.8,-2940,-2940,3920
-10.659,-8.52483,-8.3502,-9.27916,-6.21586,-0.447112,-6.89329,-1.39472,-9.55818,-7.60075,-5.95374,-9.63594,-7.73836,-4.38562,-7.84912,-2.30848,-41.48,-955.504,-289.872,-3080,-3360,3780
-22.0641,-16.4059,-15.5191,-16.1328,-12.4727,-3.93805,-10.2593,-3.39269,-18.9393,-11.6826,-8.95688,-21.4363,-7.54349,-8.44199,-15.1727,-5.67267,-43.92,-951.112,-288.408,-3500,-3500,3640
-11.7136,-12.1863,-7.50184,-11.7578,-8.39252,-1.52102,-5.7209,-1.49406,-11.846,-3.70173,-8.64382,-12.6732,-6.78722,-4.51617,-12.5431,-2.80746,-40.992,-955.016,-291.336,-3360,-3640,3500
-11.6491,-20.2445,-3.86875,-15.6088,-8.68916,-0.524867,-5.00599,0.472863,-18.8259,-7.3334,-11.9402,-9.36923,-8.23852,-5.20562,-14.7351,-2.64832,-43.432,-951.112,-290.36,-3920,-3780,3500
-20.118,-26.176,-10.6377,-14.9859,-9.00195,-5.07081,-4.94565,-4.7805,-29.3492,-16.8324,-11.5443,-9.9503,-5.9212,-8.84474,-9.68065,-7.67757,-42.944,-952.088,-288.408,-3920,-3920,3360
-11.9887,-17.1504,-8.45882,-13.752,-10.8117,-8.685,-9.64574,-8.41728,-16.0579,-9.10715,-3.02,-7.35544,-0.305851,-8.30748,-11.9664,-10.8238,-41.48,-951.112,-288.896,-3920,-3640,3220
-11.5906,-12.2241,-7.49475,-18.6685,-12.4768,-6.23317,-16.1977,-8.21495,-5.70937,-7.09038,-5.57183,-13.0153,-2.9057,-5.79987,-25.2139,-9.57207,-42.456,-952.576,-285.968,-3920,-3640,3080
-16.0912,-19.0366,-9.27503,-21.5979,-13.4277,-2.9919,-13.5386,-4.87492,-12.9817,-9.43141,-7.70613,-17.9811,-6.40897,-5.12102,-26.6598,-5.79298,-42.944,-954.04,-287.92,-3780,-3640,3080
-13.0292,-24.3342,-8.63885,-22.8756,-14.2877,-3.01749,-13.1512,-4.21438,-16.733,-7.77369,-5.65211,-15.3587,-5.20271,-6.42339,-22.9095,-6.75089,-44.896,-954.528,-291.336,-3920,-3360,3080
2.43369,-1.0744,2.37687,-0.532628,1.12369,1.79585,-4.45926,-2.19886,0.799316,-0.233933,-0.772082,3.10399,1.00458,2.02137,-4.31329,-4.78098,-45.384,-953.552,-292.312,-4200,-3080,2800
7.86742,9.78846,4.36859,10.1624,6.01649,4.86866,6.59256,5.441,11.1825,2.06823,3.45058,5.86395,3.16543,4.42602,12.0672,3.3316,-44.408,-954.04,-292.312,-4060,-2660,2800
12.6197,18.5064,4.0304,17.6657,10.5849,5.87609,13.1537,8.35353,17.7907,6.90507,6.35668,9.65796,4.14501,7.79239,20.1096,10.7292,-44.408,-952.576,-296.704,-3640,-2520,2800
21.6732,25.7793,13.7546,26.5827,19.9456,11.5323,21.0799,13.0779,24.1417,14.882,9.31888,17.9918,8.7967,17.1349,27.672,17.7717,-48.8,-953.552,-292.8,-3080,-2660,2660
21.1154,22.2589,17.3686,19.9995,15.8983,9.56346,13.4004,10.243,21.5912,14.6314,8.82534,18.1656,9.78895,16.0128,17.7792,11.1757,-47.824,-954.04,-291.824,-2940,-2800,2660
6.71591,11.2953,7.06855,11.4285,8.59179,4.63488,5.62211,6.04033,7.27812,4.7861,3.76147,8.43409,3.59527,7.58763,8.78674,5.9373,-44.408,-953.552,-294.752,-3080,-2940,2520
9.91945,17.9238,5.48793,17.497,13.0853,6.10188,12.2886,8.65261,14.5931,6.48048,5.45432,10.7465,0.372068,6.76096,17.76,9.7993,-48.312,-948.184,-294.752,-3080,-2800,2380
6.19924,9.78092,-0.672751,5.42676,0.552797,-0.501287,3.18881,2.25572,8.2524,3.94307,3.65561,1.30082,-3.97198,-1.85126,8.36285,2.70958,-46.848,-951.6,-293.776,-3080,-3220,2380
1.85651,0.137323,-2.78155,-2.2607,-4.39176,-3.81337,-1.10701,-1.63839,0.457294,-0.792,0.798788,-4.39485,-3.84638,-4.98037,1.74281,-0.361824,-46.36,-955.504,-294.264,-3360,-3360,2380
-0.749878,-0.454324,-4.41945,1.66091,-0.926246,-8.71248,3.98963,-6.3143,-2.48779,-2.76156,-2.19806,-3.23914,-4.29801,-9.39276,5.95301,-2.52756,-47.824,-955.016,-290.848,-3640,-3640,2100
-8.14523,-10.5022,-8.88847,-7.01246,-9.12701,-18.1648,-6.60259,-18.6972,-13.7867,-5.5396,-3.32524,-7.51827,-4.90766,-21.4319,-4.92402,-16.6146,-48.312,-954.04,-296.704,-3500,-4060,2240
-11.023,-16.1598,-3.25782,-12.8639,-12.5625,-17.2043,-16.2232,-18.2565,-20.9699,-3.93887,-0.700943,-5.80057,0.874102,-16.0325,-15.0052,-20.5949,-51.24,-955.016,-294.752,-3780,-4200,1960
-11.8817,-17.3101,-1.89663,-14.2157,-12.743,-8.54576,-14.2699,-8.01669,-20.2345,-2.16201,0.260371,-6.70807,0.750221,-5.52897,-8.40423,-7.5356,-49.288,-955.016,-296.216,-3500,-4340,1820
2.00309,-0.617546,2.19888,-4.0349,-1.31556,3.89518,-4.56359,2.53198,0.652548,4.40037,5.2018,1.82688,3.58304,5.22374,-2.55773,4.62835,-52.216,-953.064,-291.336,-3080,-4480,1680
7.53425,3.71114,4.13721,-2.35871,3.38092,8.29303,2.6242,6.02572,8.2418,5.95836,6.23606,4.17566,6.41682,8.54816,-3.34425,7.36795,-47.824,-951.112,-292.312,-2940,-4340,1400
0.731118,-1.11705,2.0846,-3.52246,1.2738,7.04718,0.676058,3.97949,0.741127,0.248722,0.970482,0.0422695,3.97123,5.0884,-4.74962,2.82477,-49.288,-953.552,-295.24,-2940,-4620,1400
0.468734,4.15026,4.19956,6.27546,9.03447,11.1985,8.96355,7.40737,2.93868,-1.07523,-2.6052,4.60487,4.36353,9.36741,4.65168,7.95813,-50.752,-952.088,-292.312,-2940,-4760,1120
2.49905,4.90241,3.12106,7.13595,9.0014,9.782,10.9508,6.28517,5.2018,-0.472525,-4.6217,6.25084,3.32726,9.57845,8.25816,10.391,-48.8,-948.184,-291.336,-2520,-5460,1120
5.9426,6.32885,6.00073,7.34273,7.1823,7.9685,6.89851,4.58963,8.63575,2.6116,0.0519227,7.33753,4.50903,8.87814,6.8935,7.53737,-53.68,-947.208,-290.848,-2520,-6020,980
9.98137,14.2454,3.98814,14.885,8.26641,4.4475,8.94315,4.68303,16.7739,5.99203,4.686,8.31126,2.4688,5.48036,14.2592,5.27793,-53.192,-945.256,-290.848,-2800,-6300,980
1.91067,6.12161,-5.19051,4.20639,-0.597433,-1.04364,1.33966,1.71337,10.0289,0.894842,-0.173782,-1.81762,-3.74347,-1.96163,5.50131,-0.22828,-54.656,-942.328,-292.312,-2800,-5880,840
-2.08331,-1.43348,-3.5133,-4.14024,-2.75998,-1.01362,-6.2059,1.04266,0.0787701,-0.860341,-1.28761,-2.20897,-4.21865,-2.60482,-10.7077,-3.87817,-56.608,-942.816,-297.192,-3080,-5320,840
-11.0326,-14.263,-7.26569,-15.6181,-10.7542,-4.06145,-13.4555,-2.67028,-13.048,-6.16474,-4.87953,-9.72538,-5.23528,-7.87848,-23.0514,-8.01136,-57.584,-941.352,-294.752,-3220,-4480,700
-5.555,-4.11467,0.911685,-1.97222,2.70962,2.27661,1.41753,1.8472,-4.9957,-3.26096,-4.79668,0.733943,-1.29721,2.42986,-5.07922,2.17691,-59.048,-943.792,-302.072,-3500,-4060,280
-1.0683,1.96681,3.38459,4.34898,5.66129,3.16572,7.13863,2.55859,0.621891,-0.287226,-1.50017,3.9527,1.5739,3.74812,3.78065,2.56955,-59.048,-944.768,-302.56,-3500,-3920,140
-0.756363,-1.84683,-0.93404,-4.063,-5.69183,-4.17809,-4.61045,-4.59243,1.5869,0.852092,0.501843,-2.57633,-2.1611,-6.8229,-3.62094,-7.76427,-60.024,-941.84,-300.12,-3080,-3920,0
-1.91294,3.72388,-0.871839,4.84205,1.96848,-3.27165,-0.0602843,-2.11932,2.56136,-3.54422,-1.84908,-0.440865,-3.93667,-2.92083,2.10109,-4.30007,-57.096,-943.792,-302.56,-2800,-3920,-560
-9.51703,-5.04169,-4.30883,-3.82913,-2.37007,-5.1464,-2.3883,-2.64103,-4.42847,-8.82869,-4.18446,-6.25586,-4.43232,-3.31637,-0.529272,-3.3886,-57.096,-948.672,-306.464,-2240,-4200,-1120
-3.50509,-2.19438,1.01593,-1.76098,-0.836202,-4.25442,-3.54753,-3.12882,-3.93682,-0.272112,1.49245,-0.565503,-1.57263,-0.372052,-4.64017,-2.27284,-55.144,-949.16,-303.048,-1960,-4760,-1540
1.76544,-4.67002,0.00996075,-4.5655,-4.48045,-3.4822,-2.88801,-1.88894,-4.08364,2.56433,-0.170003,-3.16719,-3.43692,-1.21816,-6.62159,-0.771455,-52.704,-947.696,-303.536,-1400,-4900,-1960
3.32104,-4.51082,-0.616143,-4.4822,-4.25071,-2.22879,2.50113,1.36928,-2.45215,-1.28653,-6.61272,-2.8651,-5.91923,-1.34598,2.56386,2.4371,-52.704,-949.648,-301.584,-1260,-5180,-2100
4.55858,-0.0423805,-3.99598,-0.373939,-2.5666,-1.68633,4.51637,1.42395,1.47397,-2.25398,-1.72337,-1.48078,-2.07242,-2.06148,7.57027,2.62391,-54.168,-948.672,-296.704,-980,-5320,-2380
-7.67945,-8.89345,-14.2192,-9.81919,-11.999,-7.85854,-6.77961,-4.52015,-7.94863,-6.4126,-1.92316,-13.3311,-5.00428,-9.24872,-2.06011,-4.89291,-49.776,-949.648,-296.704,-840,-5740,-2520
-7.98001,-5.40664,-8.35984,-5.86764,-9.30344,-5.09204,-7.53515,-3.33221,-8.48103,-2.2465,1.86223,-12.3341,-1.05572,-6.31419,-0.932579,-5.79756,-52.704,-946.232,-294.752,-980,-5880,-2240
2.87569,0.139851,4.25042,0.824407,0.0217077,2.47683,-3.32403,-0.00848931,-2.87197,6.15363,7.1674,-0.132784,7.73672,1.37503,0.174494,-1.5622,-52.216,-947.696,-292.8,-980,-6020,-2100
3.41561,-0.405385,8.62131,3.72378,5.93709,6.23746,3.62158,1.94886,-5.227,5.50498,3.65791,5.08358,8.75013,6.61947,3.35023,4.49067,-56.608,-949.648,-291.824,-980,-5880,-1960
4.83187,4.33472,8.72425,6.50365,9.44496,9.01524,5.35331,3.33597,-0.570704,3.95653,2.21943,8.60855,8.31343,8.49424,3.32838,6.82614,-55.632,-953.064,-292.312,-1400,-5740,-1820
3.89283,10.5601,7.98254,11.3054,12.8486,8.58553,4.77023,0.623926,3.73238,0.706582,-0.288184,11.181,7.60276,8.60158,2.86487,5.33358,-55.144,-955.016,-290.36,-1540,-5320,-1680
14.5641,18.9802,9.78458,16.8805,12.2114,4.88633,6.81526,-0.31111,16.2591,8.10803,6.57911,15.9973,6.86498,6.35782,10.5752,3.9913,-57.584,-954.04,-291.824,-1680,-5180,-1680
7.47876,7.82685,3.59603,7.6767,5.39367,2.62834,2.372,1.93178,7.52188,3.40275,3.84586,8.16869,1.8945,2.93788,5.2962,2.73949,-58.56,-957.944,-293.288,-1540,-4760,-1680
0.375024,2.29066,-3.13051,2.32984,-0.146527,0.0138268,-0.812675,2.00981,3.97727,-1.20114,1.4333,0.270064,-2.53314,-0.735349,2.00451,-0.0225124,-58.072,-957.944,-294.264,-1260,-4340,-1680
-0.498845,-3.21932,-0.0259967,-4.8594,-4.04095,-2.17096,-3.73458,0.188246,2.2988,0.53992,2.8364,-1.44942,-0.575353,-2.08135,-3.42168,-2.80192,-62.952,-958.92,-295.24,-700,-4340,-1680
-7.03244,-12.6828,-2.19793,-15.8884,-10.9852,-5.46268,-8.69162,-2.34157,-6.97034,-3.10074,-1.98892,-6.87406,-2.09597,-5.1547,-10.7197,-5.74908,-63.44,-959.408,-294.752,0,-4200,-1680
-7.01413,-6.614,-6.28864,-7.0231,-6.67751,-4.82464,-4.08316,-0.368902,-5.32027,-4.23652,-3.13356,-6.1321,-5.61268,-4.44221,-4.35944,-4.03214,-62.952,-954.528,-293.776,0,-4480,-1680
-5.25625,-2.9444,-7.40961,-1.23996,-3.26556,-5.61643,-0.840175,-1.80323,-2.77093,-4.04124,-2.43119,-4.90558,-6.3991,-4.813,0.796616,-3.14036,-61.488,-955.016,-291.824,420,-4340,-1540
-0.906515,-5.50719,-5.91539,-5.44741,-5.26281,-5.94831,-0.486887,-2.44764,-0.555295,-1.10904,-0.940013,-4.46733,-5.03223,-5.868,-0.765068,-3.12008,-61,-955.992,-291.824,980,-4060,-1120
2.32523,1.09484,0.47467,2.64727,4.98431,0.370278,7.50224,3.23009,3.49075,0.140695,0.898202,2.54452,-1.9453,1.84123,5.0397,3.96189,-61,-953.064,-295.24,840,-3640,-980
1.55295,3.54781,1.23366,0.637534,1.28939,-0.200112,2.00928,0.48966,5.75988,1.39877,0.187693,2.3777,-0.749175,0.241997,0.277364,1.10894,-62.464,-955.504,-293.776,1260,-2800,-560
2.35281,3.621,4.5141,0.678249,0.698762,2.71949,1.78226,1.47578,6.84594,4.30584,1.32056,2.73828,2.69244,2.10002,-2.93777,1.68151,-61.488,-953.064,-296.216,1680,-1820,0
4.82459,8.61679,7.01148,6.82975,7.39079,5.13652,3.64326,1.29538,8.58841,4.42803,0.587094,8.57711,5.33026,5.68822,-2.11706,2.89501,-62.952,-948.184,-295.728,2100,-1120,140
-3.93881,2.74014,2.16427,6.48966,7.13597,5.00942,5.11188,1.91588,-3.78995,-3.0278,-4.49386,3.3277,2.59532,4.80428,-1.56887,3.81496,-62.952,-947.696,-300.608,1820,-560,560
-5.34681,-3.74499,1.20269,-2.44982,-0.207921,4.00508,-0.433953,1.16065,-8.08762,-2.23993,-1.76872,-2.02101,0.476223,1.81274,-5.7371,1.24199,-63.44,-951.6,-300.608,1680,-280,700
-7.51513,-10.7193,-4.7347,-12.8405,-10.9706,-2.7482,-9.80422,-5.33046,-10.1131,-2.98033,-3.88817,-10.1286,-4.02324,-6.67637,-8.65715,-6.34936,-65.392,-948.672,-305.488,1680,0,980
-6.87131,-6.01161,-6.90795,-4.92502,-7.29063,-3.27621,-4.22402,-4.64166,-6.707,-4.14936,-4.98274,-9.60487,-7.1361,-6.72283,-0.117931,-3.64314,-64.416,-951.112,-302.56,1120,-420,840
-3.40738,-4.83844,-3.21102,-3.19368,-4.35568,0.403086,-2.25233,-1.94263,-5.22212,-1.02302,-1.26191,-6.33093,-2.9391,-3.13209,-1.21285,-0.430223,-63.928,-947.696,-303.048,1260,-560,840
-1.6301,-0.568246,-0.262108,2.09713,2.12674,2.28318,1.96892,0.0943868,-4.2858,-1.54102,-1.50954,-0.818985,0.547544,1.97054,0.743445,2.42845,-62.464,-950.624,-299.144,1260,-1260,840
2.84686,6.25694,2.7939,7.86954,6.25472,1.88341,3.8751,1.76892,3.98319,-0.540137,-1.25544,4.00881,1.58514,4.73062,4.18353,2.13309,-64.904,-951.112,-300.12,1260,-1960,840
5.55143,5.74664,2.93684,4.88938,3.94431,0.193252,2.60058,3.13696,5.97233,1.51619,-0.533778,4.27528,2.24709,2.46045,4.93516,2.45642,-63.44,-948.672,-303.048,1540,-2660,700
7.3743,4.44397,0.597273,1.98247,0.664888,-1.22537,2.26565,1.69243,7.02288,2.60612,2.00135,2.5213,-0.619679,-0.392391,6.56186,2.80386,-64.904,-949.16,-305,1400,-2800,840
5.96743,4.35842,0.217089,1.05668,-0.872519,-3.73068,-0.779482,0.298886,6.03214,1.78627,2.40375,0.964933,-2.0457,-2.227,5.56388,-0.42855,-64.416,-947.696,-300.12,1260,-2940,980
5.47653,6.417,3.66004,3.37496,2.63849,-1.86992,-1.60574,0.414634,4.41155,2.64874,2.83975,4.32558,2.7625,1.0055,4.06273,-0.928556,-64.904,-948.184,-303.048,840,-2660,1400
5.70066,4.56116,3.29349,4.27602,4.62069,1.07807,1.59841,3.31224,4.03277,3.95828,5.42687,3.96258,5.02232,3.06831,3.76019,1.89001,-66.368,-947.208,-303.536,700,-2240,1540
2.92263,-1.52448,-0.85753,-2.92775,-0.937057,-2.26879,-3.88052,-1.57257,1.11035,2.03658,2.33255,0.865813,3.24272,-1.45878,-3.61813,-3.88216,-68.808,-948.184,-300.608,420,-1540,2100
-2.67489,-6.81514,-6.27509,-4.45655,-4.5062,-3.23721,-2.24155,-1.46285,-3.17491,-2.08583,-1.42288,-5.19397,1.29646,-3.57334,-1.82414,-3.49797,-67.344,-950.624,-305,280,-980,2520
-4.09921,-9.73045,-5.32782,-6.36362,-4.45517,-2.72735,-1.44603,-2.22944,-6.15774,-3.06829,-3.59345,-4.82552,1.28943,-2.61766,-4.59843,-3.09345,-72.712,-950.624,-301.096,420,-140,2800
-0.653091,-8.47124,-1.93901,-7.48905,-4.74203,-3.47894,-3.76106,-4.62937,-3.78156,-0.0705662,-0.650503,-1.13624,0.879596,-3.19864,-4.85174,-5.08141,-69.296,-952.088,-301.584,840,1680,3080
0.894465,-0.893113,2.63455,-0.422142,1.0934,2.33896,1.60586,0.179556,1.23469,1.08015,3.97524,2.82305,2.70893,2.83688,1.7077,0.260613,-71.248,-951.112,-304.024,840,2800,3080
-4.5178,-2.94738,0.884801,-0.972289,-0.265886,3.56338,-0.207694,0.400176,-2.09092,-1.20891,2.49374,-0.833825,0.963883,2.71152,-0.245412,0.799522,-71.248,-953.552,-302.072,980,3640,3360
0.8527,3.70558,2.80519,4.0318,3.57374,5.53185,3.84686,3.66396,2.69344,1.97364,4.95717,3.36331,0.172693,4.33705,2.53284,4.40035,-71.736,-954.04,-303.048,1400,4200,3360
3.29169,8.4153,6.64523,8.3323,8.17782,8.54552,4.88658,5.31897,2.10645,2.75098,5.21401,7.21769,2.4315,8.39245,2.09993,6.77726,-69.296,-954.04,-303.536,1400,4900,3360
-1.63157,8.86261,4.20625,11.3794,9.1556,6.00855,6.35414,4.99819,-1.16942,-1.0008,0.83115,4.61243,0.49878,7.39915,5.41506,8.59941,-71.736,-951.6,-305.976,1820,4900,3220
-0.712568,9.58447,1.95367,10.8688,6.98686,2.9866,6.31728,2.06326,2.09438,-1.37052,-1.34279,3.58267,-3.03117,3.4875,7.31429,4.72384,-75.152,-953.064,-304.024,2660,5320,3220
-5.82374,-3.60133,-7.12428,-4.71756,-8.18873,-5.19899,-6.07484,-3.76975,-4.27807,-4.63824,-4.81514,-6.82637,-10.739,-8.56461,-2.77234,-6.43261,-70.76,-953.064,-307.928,2800,5180,2800
-9.96756,-11.0168,-7.87535,-10.6565,-11.1317,-4.84972,-6.889,-3.34781,-9.03062,-6.08087,-6.46451,-11.6848,-10.4484,-8.79192,-6.22551,-6.35475,-69.784,-955.016,-309.392,3080,5180,2520
-6.26585,-6.01411,-1.64457,-7.06349,-6.42366,-1.83761,-4.13826,-1.22433,-4.81918,-2.98583,-5.89666,-6.81458,-4.18055,-4.45313,-4.61421,-4.20513,-69.784,-955.504,-310.368,3080,5040,2380
0.341362,3.77025,0.386628,1.33181,0.549592,-1.41872,1.09528,0.0788626,1.79586,0.600392,-3.77921,1.03509,-1.23816,-0.555866,1.17378,-1.36808,-66.856,-952.576,-305.488,3080,5320,2100
3.50877,2.78626,1.0391,2.12266,2.09704,0.0333878,3.21473,1.39797,1.9488,3.35539,-0.318138,1.72631,2.44611,0.798576,1.15994,2.39043,-62.952,-954.04,-308.416,2940,5180,1820
4.1336,-0.0733878,2.7089,-2.79586,-1.3355,-1.50957,-0.927856,-2.47899,1.48502,2.93017,-0.796073,2.01244,3.79877,0.461874,-6.56103,0.785288,-61.488,-954.528,-305.488,3080,5180,1960
5.42767,-0.390267,2.69174,-3.34961,-0.856942,-2.11636,-0.471432,-2.4711,4.98843,3.81638,1.14754,3.13136,3.4987,0.620014,-4.49477,0.69216,-57.584,-953.552,-306.952,2800,4620,1680
0.723214,-11.7266,-0.710759,-13.2664,-8.21197,-5.41465,-6.14345,-4.23261,-0.442256,1.33473,1.40946,-3.48805,1.87699,-5.04255,-7.22953,-4.69602,-61.976,-952.576,-304.024,2800,4060,1820
-1.77838,-10.3454,0.0651916,-7.31321,-1.57661,-3.05331,-1.80058,-2.71705,-3.41032,-0.687624,-0.686588,-0.975677,2.56894,-1.65165,-2.50707,-2.47175,-56.12,-952.576,-303.536,2380,3500,1680
1.04561,2.22741,3.66959,6.08472,8.92938,2.68795,5.14967,1.6761,1.82853,0.584006,1.27634,6.6368,5.90997,4.15799,4.017,1.88707,-58.072,-955.016,-308.416,2240,3080,1540
1.35147,6.84857,0.391259,6.62186,3.74092,0.155283,1.4801,-0.513826,4.58346,0.474211,1.69895,3.12419,4.00854,1.36791,0.962043,0.0779465,-56.608,-953.064,-305,2100,2380,1540
0.718163,9.0238,2.01437,9.00966,5.26736,2.18058,1.59786,0.286556,3.67644,-0.212147,2.31625,4.76617,3.83799,3.58872,0.719873,1.26526,-59.048,-955.016,-307.928,2100,2240,1540
-2.47224,5.73373,-0.785541,7.934,4.1656,2.34646,1.10905,1.45438,-1.14112,-2.00596,1.60311,2.184,0.636734,1.28276,1.02932,0.189855,-56.12,-954.528,-306.464,2520,1680,1400
-2.4595,-2.27999,-6.69724,-4.09649,-6.47723,-1.91028,-3.30771,0.511732,-2.28004,-1.78872,0.0505619,-6.79997,-5.32834,-6.20469,-1.95873,-1.61121,-57.096,-954.04,-309.88,2380,1540,1400
-0.158855,-1.88919,-2.08822,-1.71308,-2.34132,0.271769,0.13951,2.00832,-1.71323,-0.0290582,1.94026,-3.94549,-3.35744,-1.9258,1.25535,1.24274,-57.584,-956.968,-308.904,2380,1260,1260
2.19056,1.40534,1.42934,-1.73722,-1.73817,0.213084,-2.75544,-0.60513,1.56371,1.68949,2.64631,-1.00101,0.938118,-0.439848,-0.713195,-0.614436,-56.12,-955.016,-309.392,2240,1260,1400
3.42746,2.45839,1.08365,-0.301491,0.0816724,1.28993,-0.689807,1.73826,4.46755,0.927232,1.80972,-0.0856785,0.775117,2.19524,1.3043,1.70467,-55.632,-954.04,-309.392,1820,1260,1400
4.27407,2.80261,0.813723,3.31144,2.42757,1.20138,2.8264,3.21041,4.27323,3.04204,2.84831,0.702867,0.0885548,3.67797,6.71531,4.51464,-54.168,-954.04,-308.416,1820,1260,1680
4.04559,3.43421,0.442893,2.95112,-0.0443484,-1.17818,2.05231,-0.591671,2.57365,3.25518,1.6929,0.796353,-1.21167,0.381897,6.76274,1.19138,-51.728,-954.04,-305.488,1820,840,1820
2.56414,3.70606,1.05483,5.14867,3.80629,1.73863,5.09323,1.70689,1.10969,2.18231,0.481113,2.56903,-1.4356,0.962715,5.66361,1.23065,-52.216,-953.552,-305.488,1540,980,1960
-3.04562,-4.74567,-4.73095,-5.84793,-5.46446,-1.3637,-3.49934,-1.67136,-2.65948,-2.15008,-3.01933,-4.30247,-4.06236,-4.81019,-3.2001,-3.82047,-48.312,-955.992,-310.856,1540,980,1960
-2.52409,-2.87361,-3.92427,-2.18594,-1.71816,-1.23522,-1.40896,-0.553924,-0.697225,-3.66674,-3.81999,-2.34929,-3.08228,-1.86343,-1.16594,-1.31751,-48.8,-955.016,-306.952,1400,1400,2240
2.1505,0.25876,1.84067,0.667276,2.62019,1.38271,1.48779,2.34098,2.77937,-0.164743,-1.35076,1.4318,0.758619,1.61393,1.5068,1.16211,-49.288,-953.552,-306.464,1260,1960,2520
0.62578,-2.73465,1.16058,-3.59848,-0.612439,0.376809,-1.89727,1.39899,-2.17716,-1.94937,-3.27607,-0.835977,0.222642,-0.240873,-0.793127,0.158073,-48.8,-954.528,-303.536,1120,1820,2660
-4.24235,-3.64131,-0.627131,-2.57013,1.25675,1.27664,-1.85716,0.0941658,-8.42122,-6.37463,-6.87461,-0.703906,-1.5755,1.2043,-2.05465,0.16766,-50.264,-957.944,-303.048,980,2100,2800
-7.62575,-8.24847,-4.32355,-5.84709,-4.01929,-1.72026,-2.76156,-1.5201,-11.8458,-6.50809,-6.23963,-5.58814,-5.77729,-1.93958,-1.87372,-0.204839,-51.24,-958.432,-305,1260,2520,2940
-1.39762,-2.80695,4.10798,2.48413,3.27328,2.68786,3.62148,1.11726,-6.90474,0.988932,1.23989,2.60099,0.296634,4.82091,5.57585,3.6634,-51.728,-958.432,-306.952,1120,2380,2940
-2.11675,-2.37355,1.35847,2.87907,1.36545,1.40721,0.57066,0.576962,-5.15561,0.640154,1.10717,1.77683,1.16963,2.7005,3.44073,0.253021,-49.288,-958.92,-305.976,1680,2520,3080
0.629791,-1.07828,-1.36221,-1.15692,-2.56617,-2.18484,-2.15245,-1.79705,0.227255,1.69503,0.255924,0.261136,-0.15959,-1.14603,-1.7091,-2.87351,-47.824,-955.504,-304.024,1820,2940,2940
2.28136,3.57074,1.87456,2.62225,2.29137,0.900907,2.13602,0.32627,4.08956,2.25029,1.48933,3.70513,2.21597,2.27706,-2.58059,0.202422,-51.728,-958.432,-306.952,1960,3220,3080
-2.84028,-1.88589,-0.638087,-3.17342,-2.77202,-1.19224,-2.47496,-1.75291,1.04618,-0.18725,0.828184,-0.862035,0.847487,-1.50003,-8.79702,-2.64599,-47.824,-956.48,-306.952,2100,3640,2940
2.86573,5.40406,3.95743,3.18258,2.62225,1.24645,1.406,-2.03905,9.68013,3.8733,3.72631,3.89572,3.92012,1.19388,-2.32876,-2.3537,-50.264,-956.968,-303.048,2240,4060,2940
3.71491,7.79574,4.56973,4.78073,3.29576,0.540304,0.827335,-3.76996,10.1684,3.78416,3.64631,3.18635,4.13343,-0.360543,-0.157285,-3.49981,-50.752,-955.992,-304.024,2380,4760,3080
0.662675,2.21665,2.62431,0.965059,-0.279118,-1.72525,0.0360378,-4.83407,4.16887,2.84619,3.86107,-0.0176081,2.99787,-2.82413,1.11163,-2.82158,-49.288,-954.528,-306.952,2520,5740,3080
0.046393,2.51009,-0.298205,0.948187,-1.48281,0.151264,0.208912,-1.00311,4.49724,0.627333,3.80327,-0.910284,1.26897,-3.81699,2.43806,0.885856,-52.704,-958.432,-308.416,2800,6440,3080
0.277825,5.77375,-2.37619,3.44586,0.466575,0.189379,2.04961,1.29122,4.09083,-0.42744,0.608841,0.743722,-2.08802,-2.1764,3.1956,4.88623,-54.168,-954.04,-308.904,3220,7280,3080
1.37129,6.21662,3.08394,5.59968,5.84667,1.86721,3.26304,3.09248,1.62876,1.52367,0.0614231,5.73565,2.02289,3.87392,1.0904,5.15006,-52.216,-958.432,-323.056,3500,8400,2940
-2.2848,-4.81425,1.47566,-2.84159,0.863498,1.23094,-0.867678,1.61858,-4.42555,-1.25327,-1.22612,0.539545,5.55723,2.76478,-3.8879,0.771755,-54.656,-958.92,-320.128,2660,10220,2940
0.0883608,-3.7964,-2.60337,-2.01176,-1.0511,-0.414813,1.12427,1.69062,-1.08469,-0.823714,-0.75007,-2.86674,4.06414,0.951198,0.209045,2.64526,-57.096,-954.528,-314.272,2800,11200,3080
3.0977,-0.505185,-3.37947,-3.99292,-4.90575,-2.21722,-3.33949,0.42625,2.15819,0.531943,1.06645,-4.56296,-1.30405,-2.6803,-6.28773,-1.88951,-58.072,-949.648,-307.44,5600,10780,3360
1.47726,-1.44239,-1.19129,-2.68786,-3.24726,-1.23466,1.25574,2.641,-2.2146,0.669529,0.114569,-2.6907,-5.4612,-0.00691474,-0.791325,0.142119,-54.656,-949.16,-304.512,7840,11340,3500
1.01252,-0.628389,1.9183,2.15044,1.10017,1.56056,4.07392,3.77157,-4.04736,0.702049,0.751023,1.7943,-3.83713,3.2633,5.38363,0.787343,-58.072,-952.088,-303.048,8540,11340,3220
-3.86641,-5.71817,-1.36065,-6.39015,-5.2823,-1.3482,-4.63804,-1.15567,-8.82038,-3.669,-2.23622,-3.21865,-2.79577,-1.22427,-3.63381,-6.32014,-58.56,-952.088,-302.56,8400,11060,3080
-6.28974,-6.20231,-3.55983,-9.3584,-5.78273,-2.19874,-6.30844,-1.44827,-10.6202,-5.47669,-5.5354,-4.88442,-2.37204,-2.11878,-7.0445,-4.79194,-56.12,-949.648,-299.632,8260,10640,2660
-1.78565,-4.62913,-4.55441,-4.55365,-2.76968,-1.17065,-2.38104,0.805451,-4.48721,-1.78573,-2.1995,-4.79283,-2.88185,-2.73482,-1.81975,-0.874568,-53.68,-949.648,-303.048,7840,10220,2380
1.58324,-1.22915,-0.424308,1.10966,2.00704,-0.00806691,2.61121,2.13946,-0.777674,1.48929,0.0443785,-0.566718,-0.691916,0.413892,4.64142,3.61363,-53.68,-949.648,-293.288,7420,9940,2240
0.99415,0.921548,3.13993,2.97028,5.68989,3.92224,3.84136,3.07173,1.12014,2.0793,0.875623,3.15027,2.90664,4.9229,3.31599,4.59777,-54.656,-950.624,-300.608,7000,9800,2100
1.8633,-0.145671,1.70214,-1.3312,2.13811,2.75381,-1.97228,0.394833,4.43057,0.577125,-0.35351,1.86644,2.03662,1.93991,-1.52898,0.0766594,-51.24,-947.696,-299.144,6300,9520,1960
6.50461,4.76633,0.244441,1.49107,1.84288,-0.209806,-1.03987,-0.97079,11.2235,1.79416,-0.022549,4.17928,-0.702343,-0.768715,0.553916,0.979561,-55.632,-951.112,-300.608,6020,9240,1960
6.47993,10.5023,2.34738,8.85563,5.78125,0.466406,4.62978,-0.679894,10.3611,3.35625,2.60916,7.26203,0.58485,1.29889,6.01032,3.16032,-55.632,-950.136,-300.608,6020,8680,1960
-2.09157,3.60212,-1.89831,6.63501,1.9022,-2.09236,2.1517,-3.00451,-1.88816,-1.53426,-1.36085,1.06865,-0.961783,-1.52925,5.47298,0.844182,-56.608,-947.696,-301.584,5740,8400,1820
-3.63146,-0.923511,-3.82289,4.22318,-0.853129,-4.20599,-0.761603,-4.65882,-2.75808,-3.18774,-2.66592,-2.08608,-2.63122,-3.88576,4.17079,-2.73451,-55.144,-948.672,-297.68,5740,8120,1960
-3.40798,-2.51367,-0.920221,0.0788338,0.145062,-1.75386,0.124378,-3.0058,-1.76723,-2.51005,-2.70467,-0.757127,-0.469216,-1.08042,1.97673,-1.06732,-56.608,-947.208,-299.632,5460,7840,1820
-4.41628,-5.02629,-2.71211,-2.74201,-2.29035,-0.982052,-1.10442,-1.55516,-3.60667,-2.69536,-2.53411,-3.06006,-1.7434,-1.72154,0.666479,0.0657745,-58.56,-948.672,-299.144,4200,7980,1820
-0.2386,-2.95759,-3.01862,-0.676116,-3.80971,-2.16263,-3.23435,-1.55465,-0.205603,0.628455,2.1513,-2.80403,-3.15652,-3.44838,0.438336,-3.27362,-53.192,-952.088,-298.168,3920,8260,1820
-5.14817,-5.00829,-1.05558,-2.02963,-2.76171,-1.1354,-3.46479,-2.04658,-6.46288,-1.98828,-0.31113,-3.81482,-0.337628,-1.56532,-1.07615,-2.51533,-54.168,-947.696,-298.656,3080,8260,1680
-4.83585,0.668027,1.95465,3.52333,3.09098,2.66658,1.53959,1.5916,-5.57424,-2.91978,-2.2841,-0.193175,1.52758,2.79043,1.84058,2.39056,-54.656,-951.6,-300.12,2940,8400,1820
-0.112513,0.701481,0.559222,-0.892572,-0.417014,2.27721,-0.560846,2.8542,-0.726253,0.124037,1.16359,-1.24022,-0.211619,1.07521,-3.83629,0.671464,-52.704,-948.672,-298.168,2660,8400,1820
-1.25343,-3.87602,-0.333485,-9.26613,-6.70473,-2.31667,-8.18046,-1.85895,-1.78488,-0.189585,0.714203,-4.21595,-0.451555,-3.45049,-12.479,-6.33515,-48.8,-951.6,-298.168,2100,8400,1820
5.58159,6.17883,4.91426,-1.6468,-0.299914,-0.146736,-4.03372,0.33483,7.02576,4.34071,3.19363,3.1761,2.10916,-0.0444801,-9.6814,-3.68436,-52.704,-949.648,-295.24,1820,8260,1820
3.90684,4.76294,1.96566,0.0729112,-0.307157,-0.364026,-2.02725,0.883811,5.16439,3.3459,2.95192,2.25821,-0.178279,-1.06205,-5.66997,-2.5346,-56.12,-952.576,-295.728,1260,7700,1540
3.15442,-0.889861,0.210174,-2.69267,-2.99756,-0.565183,-0.48135,1.08829,3.90609,3.17794,4.24663,-1.0006,0.0074149,-2.09846,-1.83803,-0.671425,-50.752,-951.6,-294.752,1400,7420,1540
4.05568,3.00428,2.93584,2.0402,2.13292,1.94314,5.67066,2.93348,5.22868,3.0593,2.24965,1.52719,1.69678,1.81685,6.30076,4.27247,-52.216,-952.088,-295.24,980,7000,1260
2.13739,4.54139,5.23535,5.52032,6.44838,4.30738,9.47858,3.17823,2.03521,1.36964,-0.779794,4.40608,3.54499,5.98766,9.88933,6.13886,-49.288,-953.064,-291.824,560,6580,1120
1.39805,3.03599,3.90001,4.50817,6.0471,4.23128,10.3933,2.62207,0.733805,0.936111,0.690639,4.06686,3.05089,5.64695,7.2697,6.56454,-51.728,-951.6,-297.192,560,6020,980
-2.76605,-2.05285,-1.21641,1.54369,2.78673,1.10724,7.04729,1.74122,-3.21396,-2.07023,-2.23478,0.208359,-0.401791,2.41009,4.54602,5.27517,-49.776,-950.136,-293.776,140,5460,700
6.37591,3.50705,4.1264,4.41121,3.83455,2.77352,5.13345,2.58402,6.86256,4.21341,3.70326,4.62484,4.15871,3.65846,4.96465,4.37405,-54.656,-950.136,-294.752,-280,5180,700
8.01887,6.11841,4.69855,5.59521,3.82065,2.96494,5.21393,1.50522,8.63841,5.78827,4.78499,5.616,4.72928,3.53736,5.98164,3.77809,-52.216,-950.624,-298.168,-700,4760,560
-2.99468,-3.93848,-2.75955,-3.84552,-2.9772,-0.844135,-3.1533,-2.31961,-2.13338,-2.12039,-0.472574,-2.11611,-0.388178,-0.188198,-3.11106,-2.03017,-52.704,-951.112,-298.656,-1260,4480,420
-7.72582,-7.90137,-6.2324,-7.35347,-5.20243,-2.73131,-6.60284,-4.21509,-8.10007,-5.03569,-2.04,-4.74201,-2.72401,-1.36713,-7.4825,-5.60982,-50.752,-951.6,-298.656,-1680,4340,560
-4.1582,-2.46022,-3.16099,-2.07358,-1.40234,-1.0787,-4.59324,-4.22585,-6.48287,-3.16566,-2.56725,-0.148121,-0.715904,0.812886,-6.25419,-4.93916,-53.68,-948.672,-297.68,-1680,3640,560
1.78177,2.86142,-1.86314,1.58082,-0.432355,-1.41145,-4.46372,-2.94624,1.75448,-0.122928,0.247246,2.41807,-0.517075,-0.451739,-4.43686,-4.5433,-52.704,-948.672,-301.584,-1820,3080,560
-0.488344,-4.3207,-5.14406,-3.80326,-3.3343,-1.94478,-5.00628,0.317711,-2.24897,-1.32581,-0.665738,-3.04855,-3.28299,-3.17784,-3.5386,-2.60759,-50.752,-948.672,-303.048,-1540,2520,700
-6.71794,-11.4271,-6.81705,-9.04253,-6.97207,-3.26105,-8.59523,-2.39806,-10.6013,-4.36397,-3.85162,-8.512,-3.54395,-6.15471,-4.47726,-4.50554,-54.168,-948.184,-302.072,-1540,2240,700
-5.15482,-6.44761,-0.449611,-4.28729,-3.00964,-0.45368,-4.23232,0.218662,-8.7546,-2.44769,-2.93191,-3.69314,1.31023,-3.3842,0.595689,-0.810054,-52.704,-944.768,-300.12,-1820,1960,700
1.9572,3.55863,3.66469,2.36787,2.86081,1.92402,0.948557,4.02917,-0.526391,1.42323,-0.0765088,3.29979,2.95026,0.0152327,4.32134,4.67062,-52.216,-948.672,-297.68,-2240,1960,840
6.70971,9.14081,6.9978,8.37611,7.95402,3.67235,5.3808,4.79406,5.08425,4.18421,2.69675,7.65042,4.50656,4.49288,9.27315,6.9394,-52.216,-948.184,-301.584,-2660,1540,980
2.28752,3.61818,2.79352,4.87877,3.6727,2.15095,3.58612,3.66522,3.12573,-0.128853,-1.65644,1.31407,1.39284,1.12552,6.87437,4.20577,-53.192,-951.112,-297.68,-3080,1260,980
0.615906,3.12872,0.0396849,1.60697,0.156064,-0.621276,-0.182759,0.315203,5.95751,-0.553833,-2.86259,-0.809301,-1.4341,-1.0529,1.56024,1.14918,-54.656,-951.112,-299.144,-3360,1260,1120
0.769721,2.77009,-0.0628247,0.644125,0.968866,-0.53388,1.28398,0.750129,5.58629,0.241567,-0.712269,-0.497536,-2.38095,0.114384,-1.18222,1.17404,-52.216,-948.672,-296.216,-3920,1120,1120
-4.82001,-5.84431,-5.14194,-6.2916,-5.69895,-4.99439,-3.79216,-3.80036,-3.38139,-2.5418,-2.42596,-6.54626,-5.12898,-4.06315,-8.30873,-4.16523,-51.728,-949.16,-302.072,-4480,840,1120
-3.62448,-3.95509,-1.80245,-3.42406,-3.18909,-2.51788,-2.02413,-3.44334,-2.54054,-2.098,-1.71552,-2.25864,-1.5054,-1.12181,-6.82111,-3.83803,-55.144,-952.088,-300.608,-4480,560,1120
-4.23688,-2.49136,-2.47601,1.21318,-0.306049,0.667621,2.97744,-0.450095,-3.30845,-3.99257,-1.90886,-2.8729,-1.63268,-0.844791,0.885507,0.74476,-57.096,-950.136,-299.144,-4620,420,1120
-3.33,0.982328,-3.59833,1.13658,-1.70124,-2.61272,-0.41442,-3.51482,-0.915754,-2.83541,-1.54078,-2.59908,-3.74375,-4.08223,0.0979654,-2.76255,-54.168,-950.136,-303.536,-4620,140,980
-0.494595,5.19784,-0.986669,1.99009,-1.05686,-2.38827,-1.31018,-3.33232,1.89736,-0.476989,-0.00710518,0.128324,-2.55102,-3.09563,-2.79053,-4.47866,-55.632,-949.648,-300.12,-4760,0,840
-1.18519,-0.949983,0.663364,-0.0517208,-1.28138,-2.00575,-0.696996,-2.7326,-4.47747,0.140511,0.128101,-0.584034,-0.825582,-1.8552,-1.58928,-3.22603,-54.656,-945.256,-302.072,-5320,-140,840
1.79371,1.37199,2.81837,2.83103,1.53522,-0.112692,1.62821,-1.02016,-1.23365,1.87991,0.531504,2.20708,0.686166,0.927238,1.33211,-1.49798,-55.144,-947.208,-302.072,-5040,-140,560
-0.582804,-2.70243,1.31676,-3.27702,-2.45952,-0.170897,-2.53361,-2.1301,-1.65298,0.322119,-0.692521,-1.41707,-0.765509,-0.00221152,-3.18344,-4.07015,-56.608,-947.696,-305.976,-5600,-140,280
1.04692,-2.79249,-0.621523,-4.27827,-2.3451,-0.398576,-0.587579,-0.658809,0.848223,1.12583,0.424801,-1.25161,-2.72657,-0.090153,-0.883196,-2.20316,-58.072,-946.232,-305.976,-5600,-700,0
5.24216,1.49961,2.55975,1.6652,4.26156,3.79248,7.30875,5.51913,5.1516,5.11258,5.29741,4.40243,0.956042,4.66141,6.84951,5.10812,-59.536,-943.792,-305.976,-5460,-700,-280
3.94936,-2.11697,0.293267,-0.123143,0.925238,0.279467,3.89301,3.02407,2.43645,5.21605,5.42522,2.93601,0.622554,1.45483,4.90516,4.11053,-58.56,-944.28,-306.952,-5740,-1540,-700
4.66515,2.14342,2.17835,3.73011,3.06404,1.41283,3.72042,2.66436,5.24848,3.63779,4.06547,4.46304,2.71103,2.79864,5.30401,4.34439,-59.048,-946.232,-305.976,-5740,-1820,-980
2.46781,1.90289,1.07006,3.40969,2.21946,2.42606,1.56471,2.87421,2.78978,-0.150667,0.860516,2.87532,1.97028,1.79048,3.49523,2.33143,-57.096,-954.04,-299.144,-5460,-2520,-1540
3.49814,3.58435,-2.40952,-0.812811,-1.60308,-0.780914,-3.4708,1.3721,4.96125,-1.59738,0.620994,0.427239,-1.4362,-1.37015,-3.88341,-0.324261,-58.072,-956.968,-297.68,-4900,-3500,-2240
4.97848,5.06668,2.40405,1.47576,3.94614,3.00384,2.00651,5.62466,5.42893,0.567747,3.69247,3.51264,1.46355,3.81397,-0.417773,3.80114,-55.144,-956.968,-291.336,-4200,-4480,-2800
1.99157,1.83928,3.99698,3.07377,5.00632,4.67575,4.46534,5.76466,0.0216534,0.845098,3.03876,2.50041,2.30719,6.71011,4.74884,5.96183,-57.096,-950.624,-294.752,-3360,-5460,-3500
2.85228,2.781,3.20803,0.0823203,0.744036,2.05983,-1.75585,1.45298,2.86629,3.15704,3.31129,1.38345,2.09639,2.60853,-1.79578,0.491948,-55.632,-944.768,-297.68,-2940,-6720,-4060
1.48108,3.82192,0.778608,1.07711,-1.2674,-0.112346,-3.9577,-1.6234,1.6673,2.73189,1.76615,-0.415934,0.95888,-0.210214,-1.88347,-1.93275,-54.656,-941.352,-295.24,-3080,-7000,-4340
-2.09553,2.80922,0.51601,2.34707,0.205019,-1.25256,-2.44135,-4.05021,-2.84764,1.0394,-1.92585,-1.33708,4.56214,0.263907,0.4047,-1.471,-53.68,-937.448,-296.704,-3080,-6580,-4760
-3.80078,-2.03716,0.606668,3.29975,3.078,-0.229978,1.74563,-2.98333,-6.82519,-0.925668,-3.50879,-1.28458,6.9562,1.76537,1.88728,0.787865,-55.144,-935.496,-302.56,-3640,-5460,-4620
-8.71645,-12.3151,-5.0347,-8.3498,-5.13084,-5.18166,-5.27791,-7.29781,-9.50865,-6.3715,-6.64017,-7.93757,2.03267,-4.418,-7.74139,-3.49999,-51.728,-936.96,-303.048,-4620,-4340,-4620
-9.46831,-12.318,-3.68963,-8.75227,-5.71941,-4.93587,-6.80788,-7.00586,-9.26861,-6.68749,-6.72052,-7.15961,2.98251,-5.24703,-9.13042,-5.88449,-52.704,-935.496,-306.952,-5460,-3640,-4480
-7.5778,-8.61368,-2.11818,-5.43531,-3.13924,-0.945624,-3.33592,-2.39475,-7.17665,-5.47676,-6.2475,-4.28148,1.20285,-2.53185,-4.30653,-3.18103,-56.12,-938.424,-310.368,-6300,-2800,-3920
-2.22417,-1.96857,-3.00101,-4.64776,-2.99343,-0.433107,-2.28901,-2.74867,1.4203,-1.52262,-2.95211,-1.40779,-3.17413,-3.87146,-3.87024,-3.40403,-55.632,-940.376,-313.296,-7140,-2380,-3780
-2.15515,-0.255348,-1.98133,-2.23238,-0.616334,1.7915,0.278547,-1.178,0.276539,-0.55755,-0.0695891,0.646475,-3.44926,-1.97376,-0.464848,-0.418435,-54.656,-942.328,-314.272,-8260,-1960,-3500
-0.531963,3.64398,-0.728768,-0.15007,-0.217184,0.71792,0.973207,0.77497,2.1376,-0.243286,-0.978685,2.37236,-5.17392,-0.985606,2.01505,1.41002,-56.608,-951.6,-316.224,-9100,-2240,-3500
2.42068,8.34029,1.04026,3.1928,0.777798,0.931454,2.22067,3.70123,6.73911,1.29239,1.89721,2.77682,-5.454,0.59893,4.62354,0.658333,-53.192,-957.944,-312.808,-9800,-3640,-3780
2.09105,8.31303,0.748878,4.4338,0.515903,1.05655,2.68753,5.11585,5.03337,1.95786,2.41871,2.53832,-4.33684,0.672929,4.4896,0.483299,-49.288,-963.312,-313.296,-9800,-5600,-4480
4.24298,11.1418,2.77373,9.2402,4.45045,2.2244,4.7573,4.59553,2.46823,3.82392,2.55587,5.39259,-1.69695,2.7902,5.19008,3.51601,-46.848,-964.776,-310.856,-8960,-7000,-5180
3.35222,1.46646,3.565,4.19266,4.32243,3.85685,4.06891,4.56221,-3.50906,3.63784,4.1381,3.74007,0.0948408,2.6162,1.60291,5.21464,-46.848,-964.776,-304.512,-7420,-7980,-6160
1.4965,-5.13746,0.602537,0.793039,0.301932,0.853505,1.86044,1.67259,-4.15156,1.27127,2.01422,-0.784195,-1.46063,-0.481022,2.36289,3.29827,-44.408,-964.288,-302.072,-5740,-7840,-6860
-2.73762,-7.08611,-3.26029,-1.66272,-3.27678,-1.94505,-0.934853,0.0600222,-5.72425,-2.87266,-1.41013,-5.78858,-2.86661,-3.15667,1.98551,1.23337,-44.896,-956.48,-303.048,-4760,-7700,-7280
-3.30627,-8.58483,-3.85956,-7.13959,-5.46733,-2.79516,-5.03991,-1.37947,-4.97105,-3.97892,-2.38873,-5.96435,-0.257333,-3.63986,-4.31645,-2.44294,-45.872,-955.504,-302.072,-4340,-7420,-7560
2.04942,-0.677545,-0.319527,-0.657135,-0.416378,-1.92737,-1.18621,-1.74662,2.5906,-0.454792,-1.42268,-0.209336,2.63392,0.574905,1.97677,-0.785899,-45.872,-952.088,-298.168,-3920,-7000,-7280
6.16468,6.10731,4.30146,6.71226,6.15355,1.00586,4.12881,1.19655,7.70878,2.91381,1.81737,5.85147,5.52612,4.82419,7.27573,2.81068,-49.776,-950.136,-301.096,-3500,-6020,-6720
0.941698,-0.547559,0.156808,-0.258843,-0.291763,-2.1258,-0.073521,-1.59826,1.60461,0.117621,0.866584,-0.208539,2.86941,-0.667883,1.1643,-0.839189,-50.752,-948.672,-300.608,-3500,-5180,-5880
4.25266,4.60471,2.52863,3.41095,2.96271,0.959248,3.38163,0.143943,6.5499,1.6965,2.59349,3.71904,3.73403,2.51634,2.06628,1.55568,-51.728,-945.256,-300.608,-3780,-4340,-5180
6.77896,7.41082,5.12881,6.55525,7.07289,4.29801,5.41451,2.13241,9.64335,3.37791,2.35432,7.08554,5.09795,7.43028,3.06001,3.81662,-55.144,-949.648,-299.144,-3780,-3640,-4200
5.24894,7.2991,2.01816,6.4716,5.15865,3.36485,3.99944,1.04612,8.35343,2.00569,-0.145979,4.56924,1.19356,5.06559,3.51477,3.08653,-54.168,-948.672,-301.096,-3780,-2940,-3360
5.08334,5.35835,2.32508,4.05447,2.35376,2.35028,-0.675451,-1.15785,6.20555,2.80221,3.06051,4.09895,0.952823,2.11588,-2.13037,-1.97625,-56.12,-952.088,-299.632,-3780,-1820,-2660
-1.64678,-4.76887,-2.38163,-4.38113,-5.01112,-3.10503,-5.03532,-3.54576,-3.59981,-0.695777,0.764472,-3.17295,-2.90563,-3.7135,-6.10568,-5.72088,-56.608,-948.184,-296.704,-3500,-1120,-1820
-5.49315,-8.3241,-4.8144,-8.92405,-7.43841,-3.53588,-4.78957,-2.11541,-5.72848,-4.26767,-2.08964,-6.36883,-5.26061,-5.38343,-8.23686,-5.6001,-58.072,-950.136,-294.752,-3360,-700,-1400
-4.83566,-5.5963,-1.91896,-4.56314,-4.22236,-1.45205,-2.36646,-2.0654,-5.90092,-2.6318,-1.54343,-3.59198,-1.76135,-3.21339,-5.80369,-4.0134,-58.072,-949.648,-295.24,-3360,-140,-1120
-5.03384,-6.49355,-0.44549,-6.95546,-3.43678,-1.82404,-4.02705,-3.37859,-6.30435,-2.05301,-2.70124,-3.17645,-0.15266,-1.72436,-7.57279,-3.31313,-61.488,-952.088,-298.656,-3500,0,-980
-3.6811,-6.22789,-3.1419,-9.41684,-4.72127,-3.19144,-5.23057,-0.738971,-3.60241,-1.15704,-1.50649,-6.06695,-3.56313,-4.41025,-9.18237,-2.23166,-60.512,-949.648,-298.656,-3220,140,-1260
-7.8289,-6.71795,-7.37504,-7.81027,-5.52336,-4.40742,-2.64861,1.03131,-8.38939,-3.55371,-3.34953,-9.50957,-6.88523,-6.99291,-1.38884,-0.713671,-63.44,-952.576,-301.584,-2940,140,-1540
-6.05592,-2.9521,-3.73057,-1.81744,-1.11685,-3.09507,-0.302415,-0.22441,-7.89323,-2.59569,-3.47354,-3.94314,-5.37717,-3.83675,3.39435,-2.32129,-61,-948.672,-304.024,-2800,-140,-1960
0.812832,5.44611,2.5309,2.78765,2.54376,-0.247171,-0.0286932,-2.11832,0.51514,2.31449,1.00232,3.69824,0.975437,-0.403501,1.23871,-2.82202,-61.488,-950.624,-306.952,-2100,-560,-2380
0.573862,3.36043,2.19216,0.717632,0.696048,1.75767,0.930797,0.290696,0.598492,2.21721,2.5554,2.28311,2.16901,0.20399,-0.295391,1.02314,-63.928,-948.184,-307.928,-1680,-980,-2800
4.89431,6.76484,3.61788,6.90023,5.31162,5.11455,6.64431,6.09477,6.44994,3.85975,4.8928,4.85051,1.95766,4.74131,8.20187,6.66057,-60.024,-945.744,-304.512,-1120,-1680,-3220
0.0797011,-1.87047,0.842713,-1.23667,1.03435,2.11848,1.32271,2.05599,1.74722,0.764863,1.22039,0.965395,1.47485,3.21912,2.29062,2.32985,-60.024,-946.72,-304.024,-1260,-1960,-3500
1.99811,-1.12086,2.34694,-2.05812,0.117177,0.356547,-1.86491,-0.684661,2.66857,1.33151,0.110786,2.08181,3.17619,2.51592,-2.42254,-0.72714,-58.072,-946.72,-306.464,-1400,-1960,-3780
5.09776,5.91105,6.53627,5.64285,4.56071,1.73794,0.441073,-0.635482,5.13183,2.91792,0.21755,7.24755,5.57722,4.65603,4.12409,0.119371,-58.56,-948.184,-303.048,-1820,-2380,-4060
-0.532094,1.40008,-0.0175768,4.16768,0.674941,-1.19061,-0.549482,-2.14972,-1.17204,-1.97306,-2.7058,1.46318,-0.0101212,0.888253,3.27455,-1.7182,-58.56,-945.744,-302.56,-1680,-2940,-4200
-0.778448,1.54967,-0.673331,4.28663,1.07507,2.231,2.46364,1.57794,-1.67087,-2.34787,-1.46572,-0.28053,0.908665,2.3122,2.2444,1.753,-57.096,-943.304,-307.928,-2380,-3220,-4480
-3.93012,-1.63715,-1.23954,4.37771,1.67219,2.4547,4.52187,2.46497,-8.39785,-3.28831,-2.03408,-2.12208,-0.00546438,2.08037,5.51591,4.42246,-56.12,-946.232,-303.536,-2520,-4060,-4620
1.78667,5.03821,0.0489189,9.60558,4.24755,2.4776,6.91675,4.25038,0.387658,-0.220506,0.159758,1.17154,-0.456001,2.51865,9.14353,7.08874,-57.584,-948.672,-308.416,-2660,-4620,-4900
3.36741,5.08737,1.41076,5.72509,1.93,1.34622,2.1002,1.7191,3.70465,1.46774,1.2444,1.18196,1.18758,0.431097,2.95647,4.19616,-57.096,-947.208,-308.904,-3080,-5180,-5040
-2.78616,-5.51445,-0.993818,-5.62014,-5.86142,-2.32279,-6.00413,-2.8549,-3.74461,-0.58352,0.805002,-4.43889,1.99975,-4.77338,-6.26592,-3.16526,-58.072,-948.184,-310.368,-3080,-5320,-5040
-1.77209,-3.03297,-0.462174,-3.29594,-3.104,-1.45429,-3.94131,-1.31906,0.157562,-0.339509,1.63645,-1.43034,2.51508,-4.03592,-4.40144,-1.71906,-57.584,-948.672,-313.296,-3080,-5740,-5320
-2.15295,-2.66506,-4.10034,-6.30383,-5.17495,-2.81676,-5.33119,-2.77985,1.74956,-2.5255,-3.21846,-3.5429,-1.25082,-4.60745,-9.80929,-2.80443,-56.12,-949.648,-310.368,-3220,-6020,-5460
1.61381,-2.55114,-2.54506,-5.88096,-2.43994,-0.188467,-1.53215,-0.582666,4.28483,-0.299951,-2.51524,-1.67852,-1.08824,-0.467392,-7.07823,0.0241444,-57.096,-949.648,-312.808,-3220,-6300,-5460
1.9364,-2.03841,-2.43597,-3.94225,-0.580671,-1.47096,-0.449959,-1.23895,3.25853,1.01289,-0.0147969,0.219506,-1.77441,-0.286926,-1.53399,-0.404623,-56.12,-950.624,-312.808,-3080,-6300,-5320
5.28334,7.25571,0.487845,2.74374,2.72967,-0.412838,1.46972,-0.969899,8.36146,2.75893,1.32891,5.42472,-0.143102,1.97997,1.46269,0.0682828,-56.12,-950.624,-310.856,-3360,-6580,-5320
5.2134,6.70277,3.92274,5.91386,7.03356,4.24074,5.06092,3.30091,5.0428,3.17024,3.52052,8.08588,2.66236,6.37424,5.63068,3.57861,-52.704,-948.672,-311.344,-3500,-6440,-5180
-0.100345,-1.90575,0.333082,0.345247,2.67814,2.72049,2.66873,2.79363,-3.07536,1.49277,2.51052,1.79524,0.161079,2.88916,6.72898,1.21443,-56.12,-951.112,-310.856,-3640,-5880,-5040
1.77132,1.50178,2.44864,3.21186,3.86247,2.18901,2.32461,2.14117,1.17224,3.63011,3.7391,1.47045,0.16009,2.77579,7.48923,2.17567,-55.632,-951.6,-309.392,-3780,-5180,-4620
-1.08477,-3.22676,1.47548,-1.46281,0.810883,0.726655,0.217285,0.84176,-1.93201,1.65221,1.5996,-1.78764,-0.0228818,0.655873,1.59886,0.38125,-55.144,-951.112,-310.856,-3500,-4900,-4340
-6.29586,-10.2285,-3.40545,-8.44669,-5.67672,-3.72367,-3.1437,-2.40436,-6.80679,-3.68014,-2.42808,-8.14951,-4.55461,-4.53286,-4.37486,-4.13609,-52.704,-954.528,-304.024,-3360,-4340,-3920
-2.47878,-5.7166,-0.654315,-5.62508,-3.9394,-3.94693,-3.27908,-3.73663,-1.25984,-1.4507,-0.927672,-3.58662,-3.07839,-2.32449,-7.10091,-3.46209,-52.704,-954.528,-308.416,-3360,-3500,-3780
1.06623,2.65732,3.25221,-0.191969,0.127689,-2.2893,-2.82368,-4.86372,2.62096,-0.451218,-1.13065,3.09717,1.10356,0.971445,-5.41104,-3.35516,-55.144,-955.504,-308.416,-3360,-2660,-3360
2.01476,7.73316,2.27332,4.53115,2.92689,0.288202,1.31503,-0.353966,4.03995,0.0700218,0.252746,4.04025,1.5941,1.5048,-0.0228012,0.0953548,-51.728,-957.456,-307.928,-3220,-2240,-3360
-0.271987,4.40518,-1.19118,2.45976,1.55108,0.732643,2.87802,1.75939,-0.419722,-0.567286,-0.729053,0.642424,-1.13569,-0.503995,0.857961,1.1402,-54.656,-958.432,-308.416,-2800,-1820,-2940
-4.06081,-0.88808,-3.41815,-0.0332207,-2.11955,-1.80539,-1.45655,-0.84831,-5.74109,-3.30724,-4.75599,-4.10908,-3.30087,-2.99158,-0.99573,-1.9698,-52.704,-955.992,-308.416,-2940,-1820,-2800
1.26023,4.68826,-0.707062,4.95275,1.02835,-0.363234,1.03654,0.81453,0.455809,0.54905,-1.08578,-0.0812346,-1.51449,-1.45675,1.32415,0.131694,-53.192,-954.528,-310.368,-2660,-1680,-2520
0.173924,1.53881,-0.932336,2.48725,-1.26153,-0.801357,-0.0794319,0.00576967,-3.05181,0.548607,-0.183379,-1.44374,-0.241648,-2.38532,0.8191,-0.735258,-51.24,-954.04,-306.464,-2800,-1540,-2380
-1.53903,-5.1504,-1.34287,-2.51897,-4.31339,-1.82363,-3.5232,-0.628593,-7.08939,-0.485096,0.505671,-3.85188,0.0625996,-3.91113,-3.10709,-3.84706,-52.216,-953.552,-311.832,-3080,-1540,-2240
-2.35878,-6.13681,-1.00904,-5.42751,-4.09073,-0.786797,-3.06908,0.592823,-5.87859,-1.74154,-0.287437,-3.47108,0.0722188,-3.07087,-4.19246,-3.51979,-53.192,-955.504,-309.392,-3080,-1400,-2100
-0.103349,-1.86803,0.00725666,-2.34384,-1.4157,0.540735,0.712651,2.7298,-1.16007,-1.04267,-1.11324,0.209596,-1.53901,-0.235179,1.99136,0.605455,-50.752,-953.064,-311.344,-2800,-1680,-1960
-0.194836,-4.60863,2.47548,-1.04854,0.882205,2.55193,2.71851,3.36551,-2.87671,-0.991356,-0.10855,1.39369,-0.558124,1.33642,4.93489,2.04085,-53.68,-954.04,-305.976,-3080,-1260,-1820
0.0107374,-2.88006,-0.530848,-2.05869,-0.99409,0.493049,0.068287,0.123057,1.25206,-1.34664,-0.674069,-0.380188,-0.529993,-0.641112,1.33575,1.61981,-53.192,-951.6,-308.416,-2660,-1120,-1960
2.0928,1.04789,-0.306179,-1.63914,-0.39042,0.378364,0.525193,-0.153214,6.24302,-0.223063,1.82128,0.849312,1.14584,-0.328108,-0.167444,1.53925,-54.168,-955.504,-309.88,-3080,-1120,-1960
