-4.93463,-9.36097,-1.83672,-3.60987,2.14379,3.00008,7.10305,6.73963,-13.6202,-2.33258,-0.742383,-4.24822,-1.54311,0.77222,8.23849,7.69611,-102.968,-986.248,-150.792,8120,14980,5320
-2.46443,4.6849,0.184732,13.9904,8.46003,0.964341,8.13387,1.85787,-7.35214,-3.2557,-2.90433,1.57742,-1.92881,1.5296,13.2158,3.36656,-103.944,-985.272,-151.28,9800,14000,5180
0.133309,10.982,3.07742,12.6865,7.18252,0.214032,4.46776,-0.706918,-0.365191,-0.469672,-1.10653,4.82479,0.51082,2.58523,6.58916,0.475153,-106.384,-985.76,-152.256,10920,13020,5040
5.43001,19.522,0.87303,10.6969,5.48106,-1.47264,5.8965,1.20113,14.2145,-1.3115,-3.46022,7.00955,-1.9945,0.863312,7.22564,3.11234,-107.36,-982.344,-154.696,12180,11760,4900
-8.80533,-3.9172,-3.84269,-3.33189,-0.124665,-2.01346,2.87484,3.03752,-17.3564,-6.91043,-6.09166,-2.91356,-4.03281,-1.83464,1.80837,4.79599,-109.312,-981.368,-154.696,12880,10080,4760
-2.70286,-12.7791,-4.10535,-17.7521,-7.56875,-4.18304,-5.46517,-0.202773,-5.43583,-1.78488,-1.97829,-5.45806,-3.77885,-5.66344,-8.23817,-0.569631,-109.8,-985.272,-153.232,13720,8820,4480
2.58937,1.1947,1.2817,-5.16691,-1.56999,-0.55299,-0.711138,-0.152891,4.82828,3.81217,4.08465,0.431872,1.70495,-0.481127,-0.394498,0.929804,-106.384,-980.392,-153.232,14000,6860,4340
-0.396475,9.01177,-1.73832,5.04733,-0.87097,-4.90381,-4.67055,-6.08776,4.0683,-2.30029,-3.31121,1.72241,-3.65938,-2.72408,-3.47046,-4.93269,-110.288,-983.808,-152.256,14280,5180,3780
11.2602,7.00254,1.68114,3.77947,1.34092,-2.18104,-2.07615,-2.70814,20.6806,6.71903,4.82376,5.94393,-0.987679,-0.239439,-2.05358,-3.75127,-109.8,-984.784,-151.768,14560,3360,3220
-1.31078,-16.9815,-3.1292,-18.225,-11.9228,-3.19527,-12.3235,-6.75663,3.07317,0.36422,-0.848267,-7.85801,-2.94084,-3.97057,-15.9665,-9.37496,-109.312,-984.784,-148.352,14560,1400,2380
-3.82605,-4.87642,1.59645,-9.36164,-4.52609,5.4689,-1.84694,4.00895,-3.38098,3.98053,2.32,-2.29945,3.26208,3.40447,-6.6497,1.77172,-109.8,-982.832,-148.84,14700,140,1820
-13.8614,-17.4175,-6.47829,-16.7389,-9.70484,1.20161,-4.25735,1.21745,-13.1504,-6.07501,-5.31422,-12.3234,-2.47139,-3.76805,-7.86687,-2.81268,-105.408,-977.952,-143.96,14280,-1400,980
-0.926681,5.51441,-2.6224,7.71194,1.20123,-0.492898,0.0127715,-0.447504,9.04023,-3.73421,-6.29605,-1.39072,-2.60344,-2.5552,4.33886,-3.18779,-103.456,-978.928,-141.032,13580,-2100,560
9.19533,21.7463,2.25152,13.4856,3.25394,-1.02304,-5.95603,-1.57945,25.5247,2.84724,-0.55989,8.97749,1.08116,0.861042,-11.7955,-5.03245,-103.944,-979.904,-140.544,12180,-3500,-140
6.17376,0.269862,-3.36042,-8.72728,-6.88301,-3.27659,-7.96026,0.200167,20.0866,-0.845651,0.420887,-0.377452,-0.955601,-3.87032,-17.8609,-4.41866,-100.528,-980.88,-138.592,10780,-4760,-560
-6.02228,-22.43,-4.76932,-15.841,-8.68085,-1.68864,-0.356892,2.19596,-10.3943,-2.67622,1.21157,-10.2795,0.614985,-3.97671,-3.87179,-0.543817,-103.944,-982.344,-141.032,9380,-5600,-980
-3.08201,-5.13073,0.132237,0.695203,-0.290596,-0.702949,-0.0223904,-3.66627,-5.69056,1.59949,3.38163,-1.39758,3.64384,-0.344642,-1.0239,-3.49562,-97.112,-985.272,-139.08,8680,-6020,-1260
-1.12733,-6.30924,-1.95181,0.340301,-1.39115,-2.52266,2.48271,-2.079,2.30433,-2.56782,-1.2674,-2.89178,-0.189831,-0.460962,7.28066,-0.707958,-98.088,-986.736,-141.032,7980,-6300,-1400
0.186039,-9.16603,-2.88728,-5.22455,-4.1984,-0.33467,3.9366,3.42655,5.15131,-1.86738,0.655848,-6.29958,0.315985,-1.57163,8.39012,4.02573,-98.576,-986.736,-145.424,7420,-6720,-1400
-24.6482,-30.7027,-1.82928,-15.0665,-8.87039,-1.01908,-9.94897,-6.45209,-54.0532,-8.2275,0.425402,-17.4908,3.07351,-2.49409,-10.7234,-5.40932,-99.064,-987.712,-146.888,7420,-6860,-1260
-0.993487,10.8488,9.39869,12.6606,11.2247,2.92388,0.19541,-4.54269,-12.7622,0.295274,2.78034,9.34548,5.49158,6.92303,1.87889,-1.26138,-97.112,-989.176,-149.816,7560,-7420,-980
19.1179,73.6231,16.7912,74.1173,41.1153,8.31067,31.6183,8.72755,16.0727,6.48032,1.14546,38.0985,4.89012,18.0113,50.7353,17.9675,-94.672,-987.224,-149.816,7840,-7560,-700
-10.1813,4.82681,-0.509479,31.7707,15.6497,1.54575,17.9449,6.15754,-48.0708,-8.1491,-6.82609,2.77167,-4.2604,3.29477,33.4333,10.9668,-95.16,-986.248,-152.744,8400,-7700,-280
12.3502,-24.8614,-1.61144,-27.4073,-10.5162,1.88098,-4.56346,7.04174,8.3802,8.6768,7.76546,-6.14731,0.353874,-5.80216,-9.49777,2.56639,-93.208,-985.76,-154.208,9100,-8120,420
8.18627,-17.2837,-0.266414,-27.2253,-10.8134,2.6002,-7.85052,3.98824,20.022,3.17312,0.889664,-4.05206,1.42447,-4.40237,-13.5723,0.722893,-93.696,-983.808,-158.6,9800,-8120,700
-0.282572,-13.4621,0.878859,-18.6524,-3.87454,4.2368,-2.09014,2.99295,5.63318,3.0207,0.290882,-2.14721,3.298,-0.778235,-6.52849,1.69916,-93.208,-981.856,-154.208,10780,-7980,1260
-4.03751,-12.7165,-1.68162,-18.8366,-5.65652,0.505146,-4.52889,-2.54444,1.4727,1.65088,-1.10459,-5.71754,0.727008,-1.39044,-9.25253,-2.12111,-93.208,-980.88,-152.256,11060,-7280,1960
-11.0339,-13.8616,-0.276633,-3.99549,0.121841,1.44409,-0.182394,-1.34728,-19.4812,-0.51548,0.585032,-6.44827,1.40071,3.9027,4.34902,-2.19278,-97.112,-981.368,-146.4,11340,-6440,2240
3.43903,12.6811,3.3851,7.04227,2.24469,-0.854926,-10.1921,-4.8546,5.61251,3.365,3.0729,7.22667,1.49895,3.47276,-14.2433,-7.29762,-95.648,-978.928,-143.96,11340,-5180,2380
14.4239,15.6578,-3.85722,-7.75479,-8.6314,-5.82952,-15.4095,-4.00003,37.2248,3.43731,2.42879,5.07707,-5.47211,-5.69711,-25.4936,-7.19711,-97.6,-979.416,-144.936,11060,-4480,2520
-6.96582,17.3025,-3.9694,16.0484,2.20697,-3.43911,3.33361,-1.61667,-3.223,-4.20021,-1.20977,1.13888,-5.03201,-1.64605,4.91427,1.07055,-96.624,-976.976,-141.52,10640,-3220,2520
-7.42488,26.3616,2.89589,27.1882,14.2348,3.89566,12.9038,1.53341,-17.4012,-2.62419,0.518184,8.54721,0.579667,8.1131,6.60768,6.68665,-96.136,-978.928,-142.496,9800,-2240,2240
-8.3376,-31.9159,-14.8167,-32.3409,-20.0746,-7.38643,-5.25593,-4.04777,-12.6287,-9.86928,-4.60059,-23.109,-9.84339,-11.5254,-9.70122,-6.79678,-98.088,-978.44,-143.96,9100,-1680,2100
9.77002,-18.3302,-0.864342,-15.1794,-7.66999,-0.857118,-3.25496,-0.906664,14.0819,3.02618,2.68902,-6.41852,-0.575969,-1.97526,4.3549,-4.00234,-94.184,-983.808,-140.544,8120,-700,1960
14.8089,1.83087,3.01795,-7.7912,-7.70134,-5.32777,-17.1979,-9.99267,24.397,4.56298,-0.543633,3.89549,-2.51175,-2.72429,-21.1824,-11.6823,-97.112,-983.32,-141.52,7840,-560,1680
19.8855,54.0862,12.4349,33.1254,12.5837,0.404476,-4.32822,-5.29059,31.392,9.31117,2.32793,26.7276,4.00202,6.59034,-6.75646,-3.52819,-96.624,-986.248,-140.544,6720,-280,1400
-2.50035,11.2969,-4.13532,5.03164,0.255793,-2.78792,6.57946,1.11895,-3.23151,-2.79766,-3.31869,-0.697428,-4.42093,-2.45618,2.19588,3.11794,-96.624,-986.736,-138.592,6160,280,980
-13.0344,-40.6572,-12.6705,-20.6092,-8.2607,-2.79091,17.5311,6.32909,-19.4359,-8.61154,-6.72953,-21.9722,-7.73302,-7.53384,24.2704,9.47094,-96.136,-988.2,-143.96,5740,140,420
6.76765,2.07802,5.77839,26.8093,16.6374,3.34744,25.0963,8.67433,11.9344,6.33698,1.17406,7.65347,2.52104,6.8011,53.2432,12.1841,-97.112,-988.688,-142.008,5320,140,140
-3.2112,20.2007,12.738,39.9467,24.3182,6.04315,19.8003,5.00414,-4.44729,2.69555,-1.54499,17.2696,7.06213,14.1778,39.8785,9.41881,-97.112,-990.152,-146.4,5040,-280,-140
-16.2653,-5.04379,6.78241,8.66442,11.7685,7.39841,7.79432,4.67314,-33.7383,-2.60422,-1.99903,2.40662,6.60788,10.7077,3.81919,8.11214,-96.136,-992.592,-146.4,4760,-980,-280
-0.539076,-4.98678,-2.54579,-10.9409,-2.09671,2.47948,1.86936,4.31217,10.3447,-3.55072,-1.88655,-4.46437,1.28674,-0.220561,-6.80847,4.80495,-100.04,-991.128,-146.4,4340,-1540,-560
8.877,30.3762,0.430587,11.3544,3.6418,2.05081,-0.0668872,4.04285,29.3556,-0.439626,-1.17696,7.83096,2.33839,1.09229,-0.99519,0.813958,-99.064,-993.568,-151.768,4340,-1820,-700
0.225449,6.61649,1.70358,-17.2018,-9.69885,2.58842,-25.7361,-0.107925,-2.82085,1.55418,4.28848,1.14329,7.55921,-1.59506,-47.5609,-9.66785,-98.088,-996.008,-158.6,4060,-2240,-840
3.02364,-1.38073,-0.529141,-31.4122,-15.8825,-1.18565,-26.4462,-4.21116,10.3901,0.853908,0.47952,-1.41832,4.48135,-5.38479,-52.0599,-10.0067,-98.088,-1001.38,-162.504,4060,-2380,-980
-9.71355,-31.9725,-7.12359,-33.0519,-17.8061,-4.64994,-11.6908,-5.02797,-13.2441,-3.24358,0.527751,-17.5194,-1.07555,-11.2186,-19.5745,-6.16942,-96.136,-1000.4,-164.456,4760,-2940,-980
-33.4896,-65.8176,-14.1514,-36.3574,-19.6111,-5.26201,-2.32758,-5.6826,-56.1013,-16.7024,-6.52577,-35.3692,-6.00762,-13.0134,1.26423,-3.31045,-96.624,-999.912,-168.36,6020,-3360,-980
-11.8114,-31.0548,-12.9662,-18.4025,-13.9905,-6.06963,-1.86073,-1.99295,-13.6901,-12.6757,-7.6552,-19.7298,-10.0902,-11.3945,5.11192,-0.0139908,-95.648,-999.912,-168.848,6860,-3080,-980
26.1927,21.1817,4.37189,21.1828,7.86326,2.04876,2.50366,4.45118,44.6773,12.5286,9.00398,14.7407,0.0875587,0.114165,15.7486,-0.302493,-97.6,-999.424,-168.848,8120,-2940,-700
38.1151,60.459,13.8914,55.4066,24.9346,2.33385,7.12328,-2.20827,63.2494,20.1389,10.2364,34.8115,2.67201,6.49307,24.1184,-3.77013,-96.624,-997.472,-172.752,8960,-2380,-700
37.4615,78.3929,21.5216,55.3542,30.4657,5.26118,8.33339,-6.5532,52.7301,24.7079,12.7525,46.5611,7.87082,13.5126,9.63929,1.54879,-97.6,-1001.38,-176.168,9940,-2240,140
-1.51827,28.0351,10.6389,18.402,14.9944,0.708024,0.128701,-10.4037,-21.3779,6.3347,3.21074,19.0334,3.41489,7.27257,-11.7575,-2.22938,-100.528,-1000.89,-172.752,10780,-2240,560
-15.4218,-52.2725,-5.50152,-47.7947,-16.0502,-2.3177,-12.888,-6.37902,-42.428,-1.4378,2.81543,-18.2973,-0.954562,-4.60756,-31.2854,-5.58695,-100.528,-995.032,-172.752,11620,-2240,840
-41.4155,-94.0948,-12.4015,-62.8802,-25.2446,-0.815992,-13.5287,0.349474,-87.4961,-13.0535,-2.82846,-39.6601,-0.197377,-7.2421,-19.3267,-4.83028,-100.528,-988.2,-169.824,12460,-2380,1260
-51.2411,-52.4061,-7.56617,-9.03773,-3.37233,1.42061,10.2219,8.61385,-104.473,-19.9353,-8.75726,-27.2748,-0.90131,0.984557,22.8987,6.86338,-98.088,-986.248,-166.408,12180,-2100,1820
-19.5941,-0.354365,-11.7573,23.5887,2.6094,-3.9403,21.3045,11.3733,-23.7416,-16.6664,-10.4342,-11.5833,-9.28352,-2.18456,43.2374,10.1371,-100.528,-982.344,-156.648,11340,-1400,1820
15.9786,43.1817,-3.11089,44.0705,13.066,-1.53631,23.1656,13.9967,47.9822,-2.05168,-3.24499,11.6826,-5.40707,3.535,44.0978,14.8015,-101.504,-984.784,-161.04,9100,700,1680
16.2148,8.65318,-5.24287,-2.09314,-7.16573,-2.69545,3.44922,8.25065,39.8332,1.91955,-0.568936,-0.875787,-6.10883,-0.884186,5.10116,7.03224,-99.552,-986.736,-156.16,7420,2800,1540
27.7311,19.0606,4.87783,-13.7282,-10.7392,1.8687,-16.3792,1.40627,56.5441,12.0416,7.35181,9.0918,2.31456,0.975883,-32.6644,-3.62348,-98.576,-990.152,-163.48,5180,4900,1400
5.41655,-11.655,0.622454,-32.9754,-17.9271,-2.18062,-24.6194,-12.4221,13.3289,-0.285301,-2.39652,-6.2207,-0.188466,-4.58461,-45.1495,-13.0009,-95.16,-993.568,-158.6,3780,6160,980
1.74708,-12.7491,-0.428654,-16.3177,-6.49242,2.07724,-7.17623,-7.02678,13.5548,-7.93477,-6.98193,-5.42146,-0.164473,0.29037,-12.2972,-6.74572,-98.576,-992.592,-158.6,2520,7000,980
31.386,56.5968,9.69826,30.7294,12.8807,0.830905,-2.89476,-4.45163,62.2247,9.82132,4.14225,23.8628,2.31445,5.18031,-1.55143,-7.7074,-101.016,-994.056,-158.112,1960,7840,700
6.36011,28.207,11.0189,20.1406,12.9094,2.99205,-4.05087,-1.91635,-6.47195,6.95389,4.92468,14.6522,5.83542,7.3635,-5.10738,-6.17158,-101.992,-993.568,-157.136,1540,8400,280
-23.0116,-43.4346,-5.42749,-29.3682,-7.33516,0.260156,-0.425505,2.88558,-54.6045,-7.36895,-2.44896,-19.454,-2.09588,-2.67654,-11.3916,2.4185,-100.04,-984.784,-152.744,1260,8120,-140
-6.7075,-21.2861,-8.35007,-4.61357,2.19998,-1.42169,19.1217,5.32216,-4.22383,-6.09016,-4.48671,-11.2434,-5.95507,-4.03784,30.5617,9.70843,-102.968,-979.904,-141.032,560,8400,-420
16.1829,35.618,-0.137846,51.3508,19.4124,-1.21371,36.2763,4.79041,42.9654,6.65601,1.81302,11.9197,-2.77119,-0.11935,81.1439,13.5156,-101.016,-971.12,-136.64,-1540,8540,-1400
-6.67363,18.371,1.19011,31.318,12.8947,-0.766545,20.1811,-0.257541,-10.4175,1.75272,0.98893,3.91456,1.00399,2.18797,39.2438,8.77333,-100.528,-976,-134.2,-3500,8960,-2380
-0.567614,12.4514,14.2618,-1.21601,8.35599,3.55493,-14.5842,-10.1565,-16.7304,8.30137,4.78794,16.0186,10.4897,10.7044,-41.5949,-6.58389,-98.088,-981.856,-134.688,-7560,9240,-2940
11.5212,-12.4354,14.8164,-41.9726,-8.0626,1.57173,-33.0885,-14.4517,-12.3761,21.6917,17.3328,11.9241,14.3672,4.6167,-79.4867,-17.206,-100.528,-981.856,-133.224,-11200,9520,-3780
1.73557,-0.295638,6.65231,-15.9034,-3.03556,-1.31087,-11.9094,-9.4818,-7.20303,8.79876,6.70693,6.55249,6.09706,2.02705,-29.4811,-8.12516,-102.968,-979.904,-130.296,-12600,10080,-4200
-20.641,-23.1321,-15.9088,-12.5251,-11.8378,-3.8655,10.1948,6.75767,-12.6147,-16.093,-8.57645,-22.3656,-8.0176,-10.0247,20.9574,5.71699,-102.968,-974.048,-125.416,-15120,10920,-4760
-17.0185,-29.9179,-19.8263,-10.0544,-11.7789,-3.5701,7.80108,8.76291,3.68688,-19.2341,-13.1382,-25.2572,-9.82791,-11.9422,26.3346,3.69601,-101.992,-973.072,-124.44,-16520,12320,-5320
-7.67238,11.6397,-4.4317,23.4002,5.67826,0.42165,-0.986935,2.01496,0.984821,-11.4021,-11.7293,1.30575,-2.53269,-0.752418,17.8524,-2.04859,-101.992,-975.512,-122.488,-19040,12740,-5740
0.127892,43.7365,6.17301,32.4888,15.8929,5.87186,-4.48959,2.06737,5.53868,-8.04813,-9.87307,20.9156,3.75526,8.76501,-1.29788,0.348206,-105.408,-975.024,-120.048,-21280,13300,-6440
16.0367,22.5997,5.6275,-11.4888,-2.67687,-0.523417,-30.8065,-8.55168,18.7937,3.62759,-3.73045,17.1626,2.1138,0.0600966,-58.467,-14.6207,-106.872,-975.024,-126.392,-22260,12740,-6580
17.7609,-3.02733,-0.218507,-22.9569,-11.4691,0.534018,-15.0236,5.68977,23.96,9.67891,4.5209,5.31172,1.41685,-3.6554,-26.8503,-3.13085,-106.872,-973.072,-124.928,-25340,12600,-7000
-9.10977,-31.0957,-15.5362,-3.23495,-12.4455,-0.0938459,16.01,16.6189,-8.15422,-7.17972,-3.78046,-22.6583,-7.51891,-7.38047,36.7766,15.0875,-107.848,-976,-124.928,-28700,12740,-7420
-29.1494,-51.5945,-14.1921,-1.57003,-4.89322,7.7891,28.6601,20.7929,-48.8896,-15.9584,-6.24137,-34.1446,-4.76706,0.653569,45.1751,25.2369,-102.48,-971.608,-116.632,-31080,13160,-7560
-7.14823,-6.97305,5.49627,20.1281,16.3361,9.3644,25.8837,10.3307,-25.698,-1.59125,1.5742,-1.26339,2.60617,11.5764,27.2882,20.1077,-107.36,-980.88,-123.464,-33740,13720,-7840
22.8679,27.6664,16.3731,12.2671,15.4413,3.18922,5.01855,-3.47067,26.2528,16.093,10.124,23.8508,5.77773,10.3545,-13.1033,5.27523,-98.088,-983.808,-117.12,-35560,14140,-7840
6.10995,-20.5754,4.36625,-37.0302,-15.2161,-6.68418,-16.7664,-10.7228,-5.63259,11.4253,11.9728,-3.27088,1.80921,-5.91771,-40.3397,-9.43352,-101.992,-986.736,-116.144,-38360,14420,-8260
-4.63265,-38.6933,9.47074,-39.4576,-15.2466,-4.59956,-22.8835,-14.8337,-46.9995,16.1985,17.7483,-8.23414,9.30676,-5.49381,-39.0311,-16.5793,-101.504,-982.344,-120.048,-39480,14560,-9100
18.0863,38.8663,10.2398,31.2077,17.0743,0.439006,14.4303,-0.91221,46.497,9.17988,4.0391,20.2418,2.60453,4.79995,30.9044,5.85996,-101.504,-983.808,-111.752,-40460,13300,-9240
2.20972,26.7661,5.30406,36.1895,22.81,6.18495,23.9934,9.0801,19.0142,-1.81492,-1.19327,13.5234,0.388414,8.80011,42.908,13.6204,-104.432,-984.784,-111.752,-41580,11060,-8960
0.14107,16.0134,1.6345,19.252,11.5535,-3.51312,4.65956,-10.8797,12.9706,-3.79103,-4.19225,6.97594,-3.64144,0.739527,19.0161,-7.60349,-109.312,-986.248,-111.752,-41160,8260,-8820
12.1114,45.3564,14.9936,41.8474,26.7585,0.188624,5.82053,-15.7273,22.5793,8.8986,5.15533,27.4131,7.17191,11.4077,27.6223,-10.7854,-109.8,-973.072,-118.584,-41020,4060,-8680
6.48945,34.9227,5.52828,14.5121,1.016,-4.8348,-23.7043,-16.5327,18.2535,4.2571,1.60659,15.0528,1.47068,-0.609244,-10.5063,-21.467,-103.456,-954.528,-147.376,-42140,1260,-8960
-6.00222,5.75747,-14.7193,-6.89019,-22.0295,-8.1129,-24.0712,-4.25641,7.02032,-8.51768,-4.93649,-11.7169,-11.5834,-16.0787,-18.7215,-15.2074,-103.456,-992.592,-72.712,-45220,-280,-9380
-18.7111,-40.0633,-19.4558,-40.2461,-29.2831,-3.89325,-9.36726,7.97405,-25.2881,-13.0369,-5.26178,-31.9196,-11.1972,-15.1021,-24.5969,-0.810409,-99.064,-974.536,-114.68,-48300,-2380,-9240
-16.153,-59.6033,-21.9428,-51.8016,-30.4723,-6.60297,-1.21356,6.42898,-18.4287,-12.6291,-8.12112,-38.3499,-13.6686,-15.6218,-17.1481,2.8586,-97.6,-964.776,-112.24,-48860,-2940,-9380
-10.3189,-43.1585,-15.0856,-32.3611,-21.3261,-3.45057,-0.276338,5.75261,-12.2087,-7.08788,-5.39307,-28.9874,-8.01194,-8.97091,-8.27833,1.89139,-97.112,-975.024,-100.528,-49420,-3640,-9380
-11.0406,-18.8831,-4.63071,-6.74178,-5.50441,-0.351539,-3.46602,1.30416,-32.4081,-6.53432,-4.02883,-11.057,-1.0698,-2.57494,-8.73232,-0.704664,-92.72,-984.784,-113.216,-51940,-4340,-10080
-8.36754,-17.4128,-5.2336,-7.84644,-6.49422,-2.63868,-9.00227,-4.68625,-25.6138,-6.67563,-5.14299,-10.1223,-3.07326,-4.17385,-17.8197,-5.30308,-90.28,-989.664,-123.464,-53060,-2240,-10640
-4.00442,-9.37735,-13.5437,-12.5153,-11.4965,-2.14954,0.282976,7.1792,12.5014,-11.8232,-6.80691,-14.4694,-9.55074,-9.90118,-4.15321,3.34483,-88.816,-980.88,-126.88,-53480,0,-11340
-11.2496,-31.299,-13.203,-21.3257,-13.4558,-5.03154,-2.05738,0.73455,-16.7352,-12.4232,-6.23978,-16.8105,-9.16726,-15.0335,-1.97336,-4.0277,-83.448,-978.44,-117.12,-54040,1400,-11760
-1.78283,-26.6114,-4.80013,-22.1329,-8.9212,-4.52173,0.0638706,0.309502,-13.461,0.16639,4.76768,-8.45443,0.121461,-8.78688,-5.34248,-2.1291,-80.52,-964.776,-105.896,-54460,3220,-12320
22.327,12.1247,12.7272,-3.10593,5.66353,-2.98102,-6.40451,-3.67936,12.4767,19.1278,15.753,21.4247,11.5333,4.59459,-13.0065,-4.74727,-80.52,-964.776,-105.896,-55300,5600,-13020
55.0396,77.2122,30.1703,30.7741,24.7164,1.96792,-9.67092,-8.30756,76.6259,34.3794,20.2698,59.4375,18.4751,15.4114,-13.5935,-9.7117,-81.984,-958.92,-98.088,-57260,5600,-12880
33.2479,87.6578,36.5839,64.2417,46.7302,15.1259,7.7071,-0.389017,46.4431,22.5497,9.40421,65.4213,21.5893,32.515,11.3337,3.03822,-87.84,-935.496,-67.832,-60620,6020,-12740
-14.9279,28.1695,14.2609,32.6044,22.8767,9.65092,5.51341,-0.0883373,-19.7962,-3.30986,-7.23473,20.3161,9.38583,21.6684,3.4538,4.07056,-80.032,-949.16,-79.544,-66780,6300,-13020
-42.7195,1.94017,-0.467579,29.7785,25.3647,15.422,38.621,23.0125,-53.3112,-23.066,-17.7861,-7.00877,3.54236,25.4431,45.1628,32.285,-81.008,-976.976,-103.456,-73780,6860,-12740
2.72587,54.8376,7.51941,60.4711,30.9321,9.7214,33.6801,10.9449,20.3103,-3.56609,-8.67346,16.366,3.98989,21.3067,60.4282,21.2201,-82.96,-977.464,-112.728,-74760,7980,-12180
28.7947,29.5102,5.01216,19.0601,3.26486,2.07546,5.65533,-1.92022,41.4897,15.5701,8.68457,7.69336,5.84472,1.89229,21.6486,0.872733,-87.352,-976.976,-97.6,-73920,7840,-12320
2.43204,-47.9903,-9.17017,-31.0995,-19.0948,1.6893,-1.09618,2.3066,-9.85799,3.32441,5.26681,-29.4709,1.11201,-9.50551,1.76603,2.18204,-86.376,-976,-101.504,-75180,6720,-12460
6.19925,-21.843,-8.74486,-16.5472,-15.6882,-1.59195,-0.814679,1.92596,14.1088,3.34374,3.47803,-18.384,-3.56244,-11.6305,3.99016,1.94921,-88.328,-974.536,-102.968,-76160,6580,-12740
4.82783,-32.6485,-2.52794,-38.8607,-18.955,-1.5744,-8.79293,-0.607711,5.28287,4.00867,0.389216,-15.1793,-1.6152,-6.29037,-23.3924,1.08317,-81.008,-977.952,-109.312,-80080,6300,-12600
4.16654,-8.09516,8.36426,-9.84863,2.79876,7.75163,4.13071,6.94936,-4.12693,5.4404,2.0819,3.82619,4.76041,8.16626,-8.29903,10.5602,-88.816,-977.464,-98.576,-82600,6720,-12600
-8.06223,-0.291165,1.95927,4.28545,6.56983,1.46143,3.18062,0.84063,-19.0207,-5.63564,-3.97632,1.99653,-3.66154,4.4689,-0.21714,4.48081,-83.448,-987.224,-121.024,-84980,7840,-12600
-11.0011,-27.0273,-10.6819,-19.9862,-12.2767,-4.24703,-3.5042,0.797674,-19.4574,-5.8707,0.777949,-18.1487,-8.02709,-9.62342,-7.34493,-1.58215,-89.792,-989.664,-134.688,-86100,8960,-12740
-27.9141,-47.2281,-17.1961,-32.07,-19.1448,-6.41723,-5.61695,-1.08704,-35.1199,-18.0648,-8.12486,-30.4763,-11.2671,-11.1619,-6.84488,-2.52541,-87.84,-991.616,-144.936,-84560,9380,-12600
-10.9994,11.8926,15.7395,13.1254,22.8288,9.89261,3.33755,-0.438317,-21.6632,-1.36258,0.522768,19.3435,8.1948,20.8545,-4.56115,4.66892,-89.304,-985.76,-156.648,-82320,10080,-13020
5.97477,53.7422,24.6726,57.8206,45.4711,13.0607,23.7094,2.11187,8.34013,5.89949,1.51676,39.938,10.4597,29.4773,33.1588,13.5547,-84.424,-989.664,-164.944,-81900,10780,-13160
-1.86775,5.75692,7.10182,5.44325,12.4636,3.78224,2.38481,-5.40138,1.12507,-1.2252,-3.84756,11.2036,1.3678,3.12586,-4.72421,-0.552919,-86.864,-974.536,-162.504,-81200,14560,-13860
6.42718,9.35521,-5.25001,-9.97118,-16.8329,-18.0754,-45.9242,-33.2924,8.10689,5.36829,0.601809,9.71067,-7.46145,-35.9005,-50.7318,-45.2332,-81.496,-967.216,-164.944,-79660,17500,-14000
1.80397,15.4059,-31.3695,3.03682,-37.3064,-45.6743,-51.4095,-37.5507,27.4149,-4.39697,-3.59964,-8.33528,-28.0868,-61.788,-24.9198,-55.3391,-87.352,-953.552,-146.4,-81620,19740,-14000
-28.1272,-13.5107,-35.3009,-7.73174,-33.0853,-37.8229,-20.6556,-10.2102,-24.0923,-22.814,-14.2722,-25.4751,-28.7936,-39.6769,-3.58419,-19.1452,-89.792,-956.48,-144.936,-83160,23380,-14140
-6.98476,3.26918,-9.96795,-8.43248,-13.2378,-2.56475,5.30388,9.57728,3.75574,-7.43462,-3.24276,-9.82035,-5.13842,-2.62257,-1.28993,9.48127,-93.696,-954.04,-135.176,-86100,25760,-14420
4.40369,-23.4491,-0.639624,-37.7539,-15.3312,15.1063,-0.703696,11.7641,6.15283,7.41288,10.0752,-15.5724,8.09052,9.02114,-29.6296,10.022,-97.112,-950.136,-136.152,-90020,27300,-14280
-16.9034,-80.3325,-10.077,-59.4335,-22.7801,16.9015,6.14077,20.6652,-35.3761,-3.53805,8.03351,-43.0512,6.33009,4.64203,-15.6946,16.3081,-102.968,-959.896,-141.032,-93940,28420,-14140
1.6374,-51.5365,-10.2785,-28.6778,-13.6709,11.8726,21.5365,17.6486,17.2417,-1.08991,3.71965,-33.7476,3.58042,2.12278,30.0994,19.5912,-94.672,-976.488,-152.256,-96460,28000,-14140
30.335,0.96548,9.7828,1.78329,5.08361,7.99599,12.0301,1.90417,55.5832,15.5387,7.3965,5.76256,10.0349,8.32019,22.6494,5.64448,-103.456,-980.392,-162.504,-97020,26740,-14140
18.6872,6.62413,17.4636,14.1721,16.6098,4.45775,5.86919,-4.87026,9.534,12.8531,5.15765,17.5372,9.63243,13.9357,9.08159,-1.11313,-101.016,-992.104,-181.048,-96180,25060,-14140
-11.2349,-4.55341,6.16918,1.71343,6.71944,-1.42846,-3.75875,-6.23053,-31.1596,-6.28442,-4.90553,3.01441,0.598808,7.13663,-8.00625,-5.17069,-97.112,-992.592,-178.608,-95620,21980,-14140
-21.0669,-0.761441,-6.47239,-3.50391,-2.5831,-1.62143,-6.47886,-0.959932,-33.5012,-13.9885,-8.98728,-5.18124,-4.75854,-9.70335,-15.8193,-6.21201,-93.208,-999.424,-199.592,-91700,17220,-13860
-5.7261,6.04176,-15.8787,12.7925,-13.4433,-18.5647,-12.3728,-8.99839,-11.032,-9.32103,-7.76313,-7.45789,-13.076,-24.9685,9.15372,-16.9409,-90.768,-992.104,-210.816,-89600,14000,-13860
-1.11342,28.632,2.26123,20.2405,0.452856,-7.70311,-12.2766,-0.446579,-6.23563,-5.35519,-3.70066,14.7063,-2.14298,5.12705,-1.253,-7.18434,-87.84,-1003.33,-214.232,-88060,11340,-13720
-2.20327,31.9627,10.1691,0.640554,10.1008,3.57151,-15.7497,1.76998,-10.3955,-5.51991,-6.78754,21.6878,3.18119,14.8263,-35.7916,-2.273,-88.328,-996.496,-228.384,-84000,9380,-13440
-6.19573,7.81777,3.36747,-12.0765,3.15167,4.24161,-3.25023,8.37648,-6.43622,-3.99148,-0.908359,4.26395,4.34807,8.96324,-20.8822,5.23454,-84.424,-1001.86,-232.776,-80780,7280,-13020
4.93831,19.5009,12.1465,19.6391,17.1031,9.47695,14.8423,8.42805,2.68816,6.5927,5.33978,10.556,10.6601,17.7673,15.588,11.7393,-86.376,-994.544,-228.384,-76440,6580,-12740
21.2931,34.6355,9.6921,38.8671,20.395,6.94054,21.8761,6.13702,40.0172,11.7287,2.44715,13.5738,4.35747,12.7002,43.2128,11.5271,-85.888,-992.104,-232.776,-71820,5600,-12460
11.8457,36.4886,7.22434,49.9811,27.5277,8.42863,30.4948,8.21534,25.2953,0.523135,-4.17092,15.6738,0.38274,16.3128,54.7959,18.021,-91.256,-984.296,-229.36,-67620,3920,-12040
27.3185,18.3857,17.2459,17.812,20.503,12.7606,18.8099,6.52906,22.2667,19.0356,14.4138,20.7234,11.6847,16.0513,20.4188,12.9618,-79.056,-996.496,-229.36,-65520,2380,-11900
30.5942,10.2762,16.754,-0.390818,8.54154,8.35322,8.914,0.713152,33.8656,23.4057,15.8148,15.293,8.96817,8.67686,5.65064,4.98284,-79.544,-983.808,-242.536,-62860,2800,-11760
20.5933,27.0148,27.7973,28.2038,31.1133,13.9486,20.2725,3.78283,4.91445,21.3221,14.3885,31.0854,14.7787,21.5855,20.7503,13.8868,-74.176,-995.52,-241.072,-63280,4900,-11620
4.371,23.1909,18.4192,38.3008,31.2538,10.5241,30.9551,5.82613,-9.81085,7.11235,1.56296,20.1881,8.05797,20.6905,44.1993,20.4338,-76.128,-990.152,-230.824,-59220,6020,-11480
7.16571,-5.96428,2.79305,12.5172,10.2504,9.8026,27.5752,12.158,13.0558,7.3384,6.22768,-3.55599,5.37463,11.2069,37.7474,21.6605,-80.52,-984.296,-235.216,-50540,6300,-10220
-7.969,-59.5817,-12.8398,-62.5168,-29.6889,0.61586,-20.1512,-4.81479,-11.1311,0.115477,3.72831,-29.838,2.00593,-9.96691,-47.5005,-6.43625,-71.736,-1026.75,-285.968,-47740,8400,-10220
-21.9992,-37.9226,-5.65302,-40.9882,-16.4919,-1.81421,-31.6874,-16.4995,-45.7493,-7.15069,-6.55287,-12.3209,1.05493,-7.62186,-55.3622,-19.2477,-70.76,-992.104,-276.208,-38780,10360,-8680
-15.2922,-13.477,-11.028,-14.7276,-12.5127,-6.08992,-23.6652,-12.2512,-18.2334,-8.8989,-8.08849,-6.33472,-5.14869,-15.8784,-28.854,-18.4621,-75.64,-993.08,-253.272,-33180,5880,-6300
-11.6405,-4.7104,-33.6436,-11.1492,-29.6967,-23.4263,-24.4771,-12.6437,9.26356,-15.8899,-11.2753,-19.2973,-22.9683,-46.9759,-16.1298,-24.0587,-77.104,-974.048,-255.712,-29400,6860,-5460
-25.4108,-40.3948,-30.336,-39.9112,-34.2544,-29.4171,-24.8746,-8.54066,-43.3343,-14.9513,-10.4569,-28.7061,-23.4115,-38.0308,-41.6303,-16.2961,-78.08,-971.12,-245.952,-25900,8680,-4760
-17.5829,-17.8213,-11.0926,-21.7309,-14.8568,-12.4444,-6.99043,2.81665,-24.482,-9.36658,-5.68093,-12.5867,-9.03748,-8.73759,-23.5077,0.106066,-79.056,-967.216,-228.872,-23520,7700,-4200
-3.78285,-6.45155,-12.5242,-4.19932,-13.216,-3.78975,7.3709,9.50662,20.9194,-5.34017,-0.600059,-14.8175,-7.57113,-11.2041,16.0862,4.22015,-78.568,-965.264,-223.992,-20720,9380,-3640
18.9932,17.1399,-1.92543,11.1537,-7.7325,-5.71068,3.76311,1.76829,58.4446,6.95145,7.40035,1.11351,-2.22226,-8.56315,20.1343,-4.02352,-77.104,-962.336,-216.184,-18060,10220,-2940
8.98103,50.986,6.34279,48.6407,11.0941,-2.74177,2.7192,-6.83995,47.8448,-4.8175,-1.33036,18.1006,0.724278,8.57664,27.4898,-6.74809,-83.448,-959.896,-211.792,-15820,10220,-2380
-10.0429,-1.48967,-2.58211,1.07205,-4.6887,1.51172,-4.09255,-5.4556,2.49665,-11.1195,-4.6509,-8.5259,-2.24324,0.961283,-2.52481,-5.56054,-77.104,-958.92,-217.648,-14420,10500,-1960
-5.76047,-1.57456,3.85341,-4.72059,2.89608,1.81795,-5.89719,-7.37968,-15.3594,-2.06845,-1.76465,1.98695,-0.461028,-0.305048,-13.1042,-6.2241,-75.64,-964.776,-221.552,-14280,11900,-1960
-18.3331,-12.555,-1.37247,3.21103,4.15397,-1.28695,0.809885,-3.98971,-40.4551,-12.4658,-9.95877,-4.80177,-3.76121,0.909566,2.3281,-0.430318,-75.64,-968.192,-221.552,-13860,13860,-1260
-10.091,-18.4388,0.308924,-15.4417,-7.66065,1.27625,-7.99895,-0.227715,-26.3627,-3.18547,-3.30531,-7.24357,0.601371,1.25203,-10.147,-1.43205,-84.424,-969.656,-221.064,-12040,15260,-840
7.35216,16.2282,11.0298,-15.369,-0.909061,3.22002,-21.5663,-7.06964,9.68231,6.39324,0.453062,15.2716,4.13279,8.02973,-38.0676,-8.70693,-81.496,-968.68,-220.576,-10220,15680,-420
-3.55014,-18.7045,-0.832409,-25.5178,-7.17671,4.88454,-5.40915,2.24311,-0.676264,-1.41905,-0.234192,-6.93667,1.73547,4.41185,-16.436,1.36871,-83.936,-964.288,-226.432,-8680,15820,-140
-4.32701,-15.5293,-5.62209,-5.50272,-4.25158,-0.55922,0.503356,0.298311,-5.6345,-3.50822,-3.63912,-10.6819,-1.79238,-0.268333,6.20654,0.308226,-79.544,-968.192,-223.016,-7700,15680,420
-17.5408,-27.5518,0.458578,-8.96368,3.28546,6.00748,4.27291,4.98453,-50.0958,-5.20724,-0.443928,-12.1193,5.9774,9.25514,-2.27549,4.88325,-77.104,-963.8,-226.92,-6300,15820,700
-21.8992,-32.7815,0.789135,-14.6667,3.5825,8.77052,9.11271,6.44179,-45.8639,-9.81279,-3.13819,-14.2714,7.29057,9.81306,1.03109,8.2335,-81.984,-961.848,-228.384,-4620,15260,1680
12.0655,22.6708,3.18882,31.7868,17.4411,2.25861,20.8962,4.44688,30.6018,5.01571,0.477923,9.57676,0.589788,4.57316,41.4194,9.23172,-86.864,-959.408,-233.752,-4200,14140,2100
21.8252,36.5663,8.7116,37.4163,20.6717,1.15011,19.8192,5.44444,42.4206,12.9968,7.28688,21.3816,2.37762,8.68112,39.2265,10.6785,-83.936,-961.36,-238.632,-4340,12460,2240
27.2166,36.9935,13.1053,20.569,16.1062,4.33194,10.0242,7.32636,42.6939,19.1122,12.96,26.9693,6.60857,5.81256,11.5294,9.12658,-84.424,-970.632,-246.928,-3780,11060,2100
6.41253,-19.4989,5.19443,-21.4785,-4.12563,-0.365336,-5.38265,1.53626,-18.9472,12.3511,8.25956,-0.47992,2.89072,-2.08819,-16.8162,0.863279,-85.888,-972.096,-257.664,-2660,9240,1820
19.0691,10.9296,9.57178,9.52176,4.89825,1.23513,-1.15816,0.835849,2.36694,17.8782,12.5712,13.8601,7.86333,1.90354,6.89755,0.430275,-82.96,-968.68,-264.984,-700,7420,1820
-0.485188,14.3827,-1.79006,22.2636,6.96039,0.794803,9.15888,4.53622,-3.04931,-2.8596,-3.66656,4.12339,-0.0894078,2.61378,26.1789,6.40793,-85.888,-958.432,-260.104,1120,6440,1680
-7.59567,-6.25016,-2.87222,-7.32772,-0.231449,7.5539,4.16716,11.4147,-6.41459,-9.83522,-2.40689,-6.42595,3.27326,4.90341,-2.919,9.5774,-82.96,-962.824,-268.888,560,6720,840
6.42174,4.6462,1.80075,-0.202045,-2.47964,5.90553,-6.79474,1.64873,9.39467,-0.843443,7.91693,-1.71646,8.18204,2.52441,-8.57693,-2.36996,-78.08,-963.312,-270.84,1120,8400,140
12.2085,26.4118,6.81877,8.03339,2.94704,1.37374,-13.6962,-7.85532,13.0477,4.85624,2.68378,11.4923,3.63205,-2.10099,-22.5547,-11.6541,-78.08,-969.168,-265.472,1400,9940,-420
5.53349,-10.0893,-7.83317,-18.4258,-14.0985,-8.22342,-8.75396,-5.11184,9.3077,-1.40753,-3.91741,-10.3323,-8.04842,-8.96757,-19.1092,-8.74323,-77.592,-958.92,-253.272,2240,12600,-1120
8.29303,-6.58494,-4.06055,-7.65956,-8.45024,-4.3094,0.0231898,-1.67863,13.4301,1.22927,1.13921,-5.26615,-4.54033,-5.02672,-2.3626,-5.50153,-76.616,-954.04,-238.632,2520,12880,-1540
12.2804,22.6402,7.56117,24.3352,11.3124,2.18683,13.916,3.3594,19.6256,6.96709,-2.40144,12.8067,-3.16,6.33471,24.9524,2.29055,-81.496,-955.992,-244,1120,14280,-2240
13.974,19.5535,12.7723,20.6432,19.217,6.18602,18.853,6.831,9.6216,8.44102,-5.79824,20.2069,-0.369245,17.6069,18.8695,11.3745,-78.08,-969.656,-262.544,280,16520,-2940
11.0643,-5.8715,9.14872,-14.9431,3.18529,5.77871,-2.91972,-0.219711,-12.1698,5.45841,-2.89943,11.9952,1.59381,13.7121,-23.5872,3.16866,-78.568,-980.392,-275.72,1680,19180,-3360
-4.97408,-17.5135,-7.97287,-14.1685,-4.58325,-2.7572,-6.39766,-5.39347,-21.9667,-6.48424,-7.02715,-3.94039,-8.66763,-11.7094,-15.9811,-3.60691,-87.352,-984.296,-284.504,5320,20160,-3360
-22.0368,9.2728,-36.0667,16.0101,-13.4362,-23.4876,-3.53076,-11.8506,12.2911,-23.9102,-12.1523,-16.2978,-23.3522,-49.0736,12.6246,-12.858,-93.208,-959.896,-251.808,11480,18620,-3500
-31.0628,8.61041,-27.8593,25.8479,-16.5256,-25.7461,5.74992,-4.47426,-0.0555478,-19.7523,-6.65649,-25.1014,-13.5408,-30.9831,34.4874,-4.24819,-95.16,-952.088,-255.224,11060,18620,-4060
-9.32053,9.08907,11.8043,10.5213,6.41956,2.7374,15.8645,10.116,3.6777,4.07371,5.9753,0.241677,11.8906,21.5424,19.415,15.8693,-88.816,-950.624,-249.856,10220,19880,-4620
-13.5185,-18.762,13.2728,-12.0111,10.952,19.7762,10.7214,12.0961,-15.1233,0.268029,8.27348,-3.39231,17.1862,30.5256,6.48752,16.2012,-87.84,-958.92,-239.12,8400,19600,-4900
-5.41428,-21.8479,15.3902,-25.6112,6.07215,21.9077,-8.52369,3.41511,-11.9162,8.72258,9.52392,1.37593,16.4451,22.3816,-23.9085,3.6797,-84.424,-971.608,-243.024,7560,19740,-4620
-15.7039,-44.9404,-5.30322,-38.9905,-15.6805,3.1096,-19.5736,-10.8255,-23.8347,-3.66574,-0.108533,-21.6386,1.94656,-4.32677,-32.3592,-10.2367,-85.888,-975.024,-242.048,7700,18480,-3920
-12.3065,-37.515,-2.61839,-24.355,-12.01,-5.16743,-16.7707,-16.3993,-38.5166,-1.57309,-0.196092,-12.572,2.79132,-10.2908,-20.441,-15.3281,-82.96,-973.56,-243.024,8120,16660,-3360
9.35751,19.2763,8.43589,17.3357,8.31032,-4.45615,-2.82156,-10.1611,15.3373,3.33693,-4.81999,17.3089,-0.65796,5.47507,9.17023,-7.06987,-84.912,-970.632,-245.464,8120,15120,-2800
11.0822,44.653,6.99434,32.7041,11.6832,5.33231,4.28554,2.70014,33.276,2.7969,7.78477,21.4019,6.22348,12.4,20.4495,2.82483,-81.008,-966.24,-238.632,8120,13720,-2100
-4.65632,-9.86074,4.93311,-29.462,-7.2347,4.44417,-17.7582,-5.70758,-9.88901,2.49204,10.4255,-3.0518,7.57957,5.47359,-41.0433,-6.33175,-78.568,-967.704,-232.776,8260,12320,-1260
-27.2065,-56.9133,-33.7676,-52.7796,-39.3471,-27.6517,-36.8825,-25.1141,-50.6669,-15.1296,-12.9475,-40.1695,-24.7483,-64.0825,-54.2823,-38.4467,-75.64,-962.336,-222.04,8820,11060,-560
-13.4333,-21.2397,-41.7763,-16.4957,-48.8179,-53.1155,-35.6826,-27.5381,-26.3017,-19.0899,-32.101,-25.569,-51.0116,-86.7771,-28.642,-46.1578,-70.76,-972.096,-226.432,7140,9660,-420
-0.611613,-2.27754,-26.923,-7.40063,-42.3444,-39.1173,-13.7739,-0.550888,2.27519,-17.343,-25.4592,-14.7882,-39.0208,-36.9472,-4.09661,-10.3107,-66.368,-971.608,-220.088,6300,9100,-140
9.09329,4.67815,-7.42693,-11.649,-16.2605,-2.26621,0.83414,12.2127,29.1194,-8.79805,1.15103,-6.3869,0.168269,12.1017,11.987,12.865,-66.368,-974.048,-212.28,5320,7700,420
31.8454,40.2064,19.065,24.269,34.6322,30.3719,31.4947,27.4653,58.2729,14.338,20.9131,20.2454,18.9621,36.8177,41.4122,35.3603,-63.44,-979.416,-216.672,4760,7140,560
32.1328,22.0468,43.3406,33.5308,53.1181,56.4601,46.7374,35.186,31.8949,32.4212,44.7571,26.14,45.203,75.8434,45.7403,52.0466,-56.12,-989.664,-228.872,4200,6580,980
4.53003,-10.9712,51.0795,26.5613,62.4434,66.7225,54.7683,35.434,-31.5932,27.1645,28.9824,23.2742,49.4346,90.1436,35.0642,58.5857,-59.536,-983.808,-218.624,5740,4480,1820
10.7803,5.57015,38.3523,17.2415,44.5537,34.4949,31.2638,15.9442,-14.9289,21.8998,-13.2518,25.6037,15.5023,55.7825,12.2267,32.6809,-56.608,-982.344,-215.696,6440,2800,2100
45.4707,50.9017,19.5463,32.6236,31.1001,3.0945,5.2736,-1.14079,57.3211,19.1627,-16.1422,48.1378,-6.02514,11.5891,4.98472,-1.33842,-55.632,-977.464,-206.912,6300,2100,2100
18.8958,44.084,-12.4988,27.6208,15.2511,-14.3306,-0.212271,-1.79307,24.7687,-11.2962,-29.4837,34.9924,-22.9927,-24.8692,-4.27509,-10.649,-58.072,-984.784,-203.984,5880,980,2380
8.6869,58.0841,-6.03103,47.5448,13.754,-12.4498,12.5442,-2.16698,33.4269,-9.37528,-16.5899,21.6336,-4.6608,-10.9954,26.7165,-4.71295,-54.656,-990.64,-210.328,6300,1260,2520
-17.766,28.5349,-20.1815,32.6915,-16.6687,-7.75779,-2.22752,-8.54518,21.8859,-21.3529,20.6832,-20.2252,14.8028,-27.5534,32.9486,-21.0128,-58.56,-1003.82,-238.632,7980,1400,2520
-59.2475,-39.4451,-27.1806,-25.2465,-44.8746,-16.1436,-30.5157,-16.1012,-38.098,-27.0413,30.3461,-60.193,17.2107,-30.5209,-13.3403,-29.0441,-60.024,-972.096,-195.688,9800,1400,2800
-79.981,-128.304,-12.947,-98.6954,-55.4294,-8.62654,-44.5179,-16.2022,-118.725,-12.804,29.8187,-89.4929,23.0318,-2.5162,-63.1758,-21.2125,-62.464,-970.632,-202.032,8820,2800,2100
-39.4757,-113.014,-1.18019,-91.6692,-29.6975,-9.73348,-38.5038,-27.3894,-109.749,8.88765,4.26831,-48.3274,3.82466,-20.267,-72.909,-27.4031,-65.88,-966.728,-188.368,7280,5600,1540
41.794,4.69534,-20.1382,4.65112,3.7954,-71.776,-17.1313,-42.816,8.58195,21.8173,-62.3143,33.7783,-79.9386,-85.9894,-15.901,-45.487,-63.928,-970.632,-193.248,6580,7000,1540
92.127,106.658,0.992689,94.7616,22.1786,-36.4604,32.9622,12.914,95.8448,24.4164,-37.4066,91.2336,-59.9812,-15.1515,73.0904,11.0963,-67.344,-970.144,-196.176,5320,10080,1400
56.7395,107.812,23.5595,55.7508,26.3221,38.8073,45.678,54.0077,105.849,0.322433,23.058,60.6825,26.3542,70.457,57.3258,57.7731,-70.76,-970.144,-199.104,4060,11480,1260
-24.6175,17.5764,13.1734,-28.5319,17.4377,53.0427,15.4293,31.2373,31.6932,-24.4619,31.1061,-18.0401,43.0478,65.2375,-9.47877,38.9242,-74.664,-975.024,-203.008,2940,11900,1120
-57.3837,-43.5782,11.613,-37.4212,6.04456,41.4131,-8.07234,2.49951,-48.2366,-8.60695,22.9753,-42.6171,34.4368,31.8568,-36.8141,6.4889,-77.592,-973.56,-209.352,2100,11900,1260
-46.6147,-82.8233,-13.7872,-49.2924,-32.3668,-0.906443,-38.1207,-29.4381,-75.6437,-6.88524,2.7302,-52.0097,7.90165,-38.2759,-53.7004,-38.7003,-77.592,-976.976,-213.744,1260,12040,1120
-23.2726,-30.3278,-55.051,14.1556,-51.4564,-66.3906,-31.5297,-42.988,-32.089,-18.5118,-19.5887,-35.1668,-45.6912,-128.172,5.09183,-64.629,-79.544,-974.048,-214.232,1120,10920,1400
5.51118,14.3627,-47.0378,22.0384,-51.987,-92.9155,-22.5282,-35.6283,23.7323,-11.6124,-23.9546,-6.78262,-58.3229,-93.8971,20.2875,-44.8012,-80.52,-978.44,-214.72,1120,9800,1400
30.4233,28.205,2.55724,-8.85209,-31.5324,-15.4394,-13.8563,-2.89234,41.0573,17.4055,10.0875,20.7359,-6.81699,-0.0444795,-2.16781,-1.58655,-80.032,-978.44,-218.624,1540,7420,1820
20.7185,-9.93227,21.2203,-47.6343,-5.68637,37.711,-5.45165,22.5854,10.3799,20.9514,23.0127,6.04095,26.6041,44.1351,-31.4383,21.1169,-81.008,-977.952,-227.408,1820,6300,2240
17.448,-14.4032,47.2388,-19.4173,43.7285,68.0447,25.4383,40.2909,-2.52165,29.4193,14.1478,17.8825,39.7677,86.1977,-7.35042,50.0946,-81.496,-978.928,-225.944,2660,4760,2520
19.7959,-23.6485,48.5304,0.642323,53.306,66.5713,38.0249,40.823,-24.0428,33.7402,-0.740843,20.8563,31.513,85.8956,10.8652,59.4038,-81.496,-976,-225.456,2520,3920,2940
15.6409,12.8455,20.6199,47.3988,57.3567,36.1494,43.0069,18.4446,-16.4591,-8.43612,-32.1998,36.5672,4.61101,52.435,36.4358,45.4801,-79.544,-974.536,-224.48,2520,3360,3080
3.99362,58.5561,-13.9548,63.9586,41.0845,-0.278017,33.2769,1.58615,36.9975,-42.0222,-51.9678,29.3953,-31.9745,10.5797,51.1761,16.6874,-80.032,-973.072,-222.04,2100,2520,3360
4.29007,53.9398,-12.1435,34.198,24.4172,-0.30374,15.7764,7.13387,64.1113,-22.8568,-20.8894,19.5816,-16.409,18.9116,28.4209,6.70817,-80.52,-976,-230.824,1820,2240,3500
-57.7542,-30.9954,-36.8504,-29.6384,-20.049,-9.10415,-24.6097,-13.3445,-34.5541,-41.0179,4.15762,-50.5156,6.23001,-28.7254,-29.3773,-25.6853,-78.568,-989.664,-262.544,2520,2100,3920
-67.3484,-92.2166,-25.4671,-58.8119,-45.5246,-21.4485,-32.1652,-24.9324,-85.8924,-22.593,20.9269,-87.9641,14.7458,-43.3453,-44.909,-32.1172,-80.032,-973.56,-249.368,4480,1680,4620
-17.2688,-23.9182,-10.9188,3.40636,-22.7232,-45.5099,-23.0319,-44.3558,-30.4052,4.60059,14.0345,-21.4766,-11.4589,-64.1339,-10.5327,-44.6512,-81.008,-965.752,-225.456,5460,2800,4620
41.2952,41.5966,9.63035,40.8324,-1.79933,-47.5863,1.80021,-16.9978,39.2509,34.5896,16.4008,34.312,-16.5847,-26.7467,31.8028,-17.2066,-78.568,-962.824,-230.824,5180,3780,4760
59.2115,44.5198,40.3653,13.1709,-6.92644,12.2109,-3.22022,9.7796,33.687,54.6733,30.4696,49.3762,22.0264,28.2312,-0.465375,6.74336,-77.592,-966.24,-238.144,4900,4060,5040
18.5755,-9.89498,25.2077,-59.7117,-9.79779,26.4483,-24.9931,8.19156,-12.1387,22.1887,14.6856,14.3038,24.9902,27.4192,-58.6349,-3.84993,-74.664,-968.68,-242.048,4620,5460,5460
-16.475,-29.5976,4.36833,-42.206,0.479012,24.7957,-7.08479,16.5227,-18.3198,-14.8129,-12.6504,-14.0586,6.93378,26.7269,-26.678,11.6833,-71.736,-961.848,-237.656,4760,6020,5740
-17.2933,2.27428,3.81699,8.42318,19.97,23.1747,13.2945,11.7473,4.14525,-18.4772,-17.3727,-2.11486,-3.61663,25.3894,4.90943,17.4403,-74.664,-960.872,-234.24,4480,6300,6160
-6.89367,26.2449,-1.42926,38.6475,27.5383,12.4453,27.8939,3.1011,22.9936,-13.9133,-16.7315,9.27288,-7.89258,15.5782,36.4531,15.1394,-76.616,-959.896,-235.704,3080,6440,6160
-2.24646,27.7538,-38.5539,34.001,-9.24173,-22.2475,-2.1891,-17.3272,27.2604,-17.6648,-15.3206,-1.27128,-30.3175,-65.729,22.5312,-25.356,-77.592,-962.824,-240.096,2380,6580,5740
1.38719,21.0412,-28.4284,26.0474,-21.8058,-42.4756,-2.95186,-6.73147,9.81585,-4.53194,-10.0617,-4.04198,-35.9794,-60.1599,17.6292,-20.333,-80.52,-965.264,-238.632,1820,7560,5180
1.35897,-5.75423,-6.58451,3.11059,-10.9522,-30.8146,9.60278,3.35264,-21.5742,11.8858,15.5668,-1.08537,-8.27979,-21.7259,16.9629,0.350277,-77.104,-966.24,-241.56,1260,8540,4620
20.1841,6.42443,5.51978,11.7017,2.72149,-19.639,13.7055,3.9569,3.90281,26.0762,29.9464,8.48122,4.83083,-2.83049,31.8608,4.61398,-80.52,-972.584,-244.488,1400,8820,4060
26.4956,9.5114,36.4948,1.44082,15.1419,35.0233,17.6715,24.4623,35.5086,29.6047,43.6766,6.44835,47.4886,61.4823,16.4945,34.706,-80.52,-971.608,-240.584,1260,8400,3500
9.81287,-24.5368,40.4406,-38.4683,15.1343,59.961,1.49423,23.767,15.1924,18.8449,17.7596,-0.28211,45.6337,65.4674,-34.2011,30.7546,-80.52,-973.56,-239.12,980,8120,3220
-32.1994,-49.5586,-6.78042,-30.8647,1.36582,11.6335,-18.3657,-13.8777,-55.2827,-23.0846,-23.2715,-21.5284,1.31949,-7.81169,-39.4885,-11.6164,-80.032,-973.56,-244.488,700,7000,2800
-32.2568,-37.6482,-28.8295,-11.7234,-20.9149,-29.4541,-21.8794,-23.8722,-49.4759,-29.7137,-27.1711,-24.4102,-20.9433,-49.5987,-20.9668,-30.1525,-80.032,-977.464,-242.536,560,5040,2660
-5.04174,2.3192,-14.4298,0.335609,-28.0798,-30.5747,-18.6427,-9.71293,-10.2779,-10.4345,-29.0668,-1.46575,-32.2102,-33.8768,-16.7679,-21.3543,-77.592,-975.512,-244.976,980,3080,2520
6.53791,22.3512,-12.0457,1.19049,-7.13457,-18.0041,-5.01574,-3.0229,15.2038,-9.92284,-2.58415,11.4674,-9.88996,-3.71316,3.76016,-3.90197,-75.64,-974.536,-241.56,1400,840,2240
-4.63831,2.60009,-10.7871,-15.1535,-5.48316,4.0195,-3.53739,-3.61252,14.5766,-10.6792,19.195,-9.76364,16.8345,2.72555,3.31826,1.66465,-73.688,-970.632,-241.56,1400,-420,1820
-18.1355,-11.1628,-2.25963,-9.64171,3.64913,3.58246,-3.11507,-10.6247,-8.9417,-1.04283,4.26005,-17.1697,7.39027,-6.53733,-13.5107,-1.22011,-68.32,-967.704,-238.632,1120,-2100,1400
-1.75509,-5.69105,7.73139,7.8969,-1.57814,-5.69022,-6.84508,-10.763,-4.3444,11.2212,1.66127,-0.60527,-0.365466,3.15753,-3.06032,-7.48697,-68.32,-966.24,-229.848,280,-2940,1120
25.058,9.36979,22.8836,10.7593,-1.04905,17.9303,-7.67774,2.30102,8.36914,29.4644,29.479,18.5137,23.4775,22.0257,3.16837,-4.47028,-67.344,-965.752,-221.552,-560,-3500,700
12.1879,-1.39982,12.8022,-6.50153,3.34911,16.0022,-2.22689,4.57577,5.24607,13.7153,18.7852,6.77461,17.2976,16.5611,4.09842,0.738071,-63.44,-968.68,-220.088,-2240,-3920,560
10.1783,-11.855,9.93242,-10.4951,3.37591,10.8721,3.76779,8.35573,4.73148,13.4289,1.09232,2.19249,5.01633,15.3,3.98224,8.85446,-61.976,-967.704,-218.136,-3780,-4060,280
38.1483,32.9118,12.0207,21.4328,28.3169,0.169159,20.5031,13.6725,35.6018,12.8114,-44.3787,39.9309,-35.0215,10.9043,12.5686,19.1242,-61,-975.512,-214.232,-5740,-3220,-140
45.9737,91.6023,-1.24012,76.8459,55.838,-3.31435,48.0396,19.2943,73.773,-11.3098,-19.5159,67.3435,-19.3837,6.76512,56.9288,26.8184,-60.512,-978.44,-218.136,-7140,-1820,-420
-6.29484,61.3739,-26.3262,59.3158,4.81589,-11.2428,25.2829,5.61677,56.205,-28.4635,-4.196,1.09168,-12.3827,-20.8415,51.0174,4.17637,-61.976,-983.32,-221.552,-7560,-840,-560
-49.0349,-31.7998,-26.0779,-22.7233,-39.0088,-9.43643,-14.1208,-1.98438,-32.5468,-21.2926,0.0391763,-54.6458,-8.89713,-21.3899,-12.297,-9.61644,-61.976,-983.808,-225.944,-7000,840,-560
-27.9993,-80.0214,-5.48927,-66.593,-26.5106,-0.269233,-15.1707,5.00754,-79.3824,0.733097,-19.2025,-37.7571,-15.8702,1.20951,-39.1547,0.42561,-61.976,-984.784,-227.408,-6580,1820,-700
29.0993,-23.5121,7.20003,-20.7125,13.3483,18.3139,15.6323,19.8182,-23.1983,15.0058,-35.5715,22.528,-27.4079,9.96088,-7.17285,16.7132,-62.464,-978.928,-229.36,-6020,2940,-840
16.9466,23.0655,-7.04154,17.6861,16.9672,11.2464,13.0463,5.49569,12.0243,-12.0932,2.01218,20.9765,8.45968,7.95582,11.4291,4.52123,-61.976,-978.44,-225.456,-5740,4060,-700
-41.9345,-3.13084,-12.1947,-10.4825,-10.5941,-5.82063,-13.4186,-9.10662,-6.28895,-37.4592,7.97451,-41.602,19.4143,4.39273,-19.193,-10.6784,-62.464,-973.56,-223.016,-5880,5320,-420
-50.2379,-35.9936,12.5018,-28.3672,-12.3661,17.9413,-22.9356,-2.58679,-30.9952,-17.3438,19.2333,-40.084,30.4177,26.9042,-35.7462,-2.20183,-67.344,-971.608,-226.432,-6160,6860,-420
-38.2099,-48.562,25.9114,-36.8547,-3.0334,37.6288,-22.3257,3.10277,-58.8997,6.0142,26.2475,-19.9426,38.5279,36.6621,-41.6461,3.07564,-66.856,-969.656,-224.48,-6440,8120,-420
-37.5297,-63.4763,13.2418,-36.6634,-0.811617,16.34,-8.64603,-7.97518,-90.3757,2.74778,16.6494,-22.7782,22.8941,21.0703,-28.808,0.669839,-69.784,-965.752,-222.528,-6860,9800,0
-2.14451,-12.7935,11.2872,-1.16707,9.38862,-1.33031,3.06974,-21.5239,-14.7592,6.85539,0.783224,1.77682,7.92718,4.05283,0.00817804,-7.86801,-67.832,-963.312,-217.648,-7840,11900,-140
33.2967,39.6896,1.12563,39.4225,7.78277,-18.9093,0.885785,-32.0374,58.8672,17.1287,-0.96459,24.8657,-6.94152,-33.6389,31.9326,-26.8894,-71.248,-960.384,-214.72,-9660,13440,0
15.3245,29.4177,-17.2251,28.8805,-8.95122,-44.1605,-19.9043,-33.8291,28.4195,-0.918289,-3.01501,14.3188,-13.5352,-52.2502,10.2143,-37.606,-72.712,-969.656,-217.16,-11060,16240,280
18.1499,27.0815,-20.3281,13.6275,-23.6823,-55.1683,-25.1843,-17.8756,23.8223,4.49477,-32.0763,12.6041,-47.0921,-62.9924,-6.58342,-30.8353,-70.272,-976.976,-223.504,-11620,16940,980
71.1755,54.4076,-4.07174,23.1913,-4.6425,-40.9371,9.41786,12.3481,74.6354,31.2226,-48.3938,53.8297,-72.6165,-35.3197,17.4479,7.66676,-71.736,-980.392,-224.48,-10500,16940,1680
43.0238,55.6943,-17.643,25.3073,10.0563,3.38194,29.8324,30.0895,51.4838,-1.95009,21.1038,41.2095,1.68325,-7.97602,32.6108,28.8586,-72.224,-978.44,-224.968,-9800,16240,2520
-27.6686,6.23529,-18.3211,-4.14251,-20.648,10.102,10.1685,10.8951,-0.654847,-17.7194,43.4303,-40.9976,30.8385,-2.44664,18.7883,13.2035,-72.712,-975.024,-223.992,-9380,14980,2940
-26.772,-9.49697,25.141,5.41543,7.82059,26.9924,16.2391,10.7796,-6.80236,15.276,45.2281,-31.2445,41.7216,41.4313,18.2054,18.2455,-73.688,-971.608,-219.112,-9240,14000,3360
-3.2197,-35.664,36.938,-14.7333,17.5717,35.0042,2.60821,15.4218,-26.0116,30.3965,21.4001,-0.98294,32.6279,53.4517,-3.0944,17.3329,-74.664,-976,-220.576,-8820,14140,3220
32.0601,0.302566,23.3274,-4.36236,22.3192,14.5236,1.20282,14.2751,7.65724,23.7623,-20.5363,30.391,-11.7821,25.5066,-11.4443,11.15,-73.688,-975.512,-223.992,-8540,13440,3360
20.8846,22.9358,-9.57196,17.721,15.8041,-5.14207,10.0682,4.31191,31.5157,-8.28821,-8.75016,21.7303,-7.55425,-9.7474,11.1565,0.521425,-75.64,-975.512,-223.992,-8260,13020,3360
6.02801,9.96482,-12.7103,1.67952,0.910493,-22.6597,7.67731,-5.78047,28.6067,-5.59864,-0.836344,-4.57936,-8.62524,-24.1952,5.24635,-2.73029,-74.176,-973.072,-223.016,-7700,12740,3220
-17.2338,-24.5949,-7.43108,-2.8466,-18.7069,-7.04823,3.30675,-4.48616,-22.153,-9.07365,6.91687,-20.4678,3.31371,-0.724036,9.70531,1.89611,-75.64,-972.096,-220.088,-7560,12040,2940
-22.777,-24.2222,-5.26314,-11.7277,-13.6593,8.72531,-7.78935,-9.56209,-51.7672,-5.99549,-13.3954,-12.5924,-2.03281,-12.6893,-12.1382,-12.4565,-75.152,-974.048,-221.064,-7420,11060,2520
6.65182,30.5072,-53.8487,31.9504,-12.5715,-72.0478,-6.87016,-32.3729,12.5027,-17.7378,-46.6885,3.50211,-78.5654,-114.616,17.0582,-49.7843,-75.64,-979.904,-223.016,-7000,9660,2380
31.2729,36.4325,-20.2196,36.1301,-18.5361,-55.5813,1.73427,7.76904,53.4199,-4.54349,11.7316,13.7186,-19.1399,-25.5028,38.6875,-7.23106,-73.688,-979.416,-227.896,-6860,8540,1820
-1.64083,8.3671,31.5123,-22.8711,-13.6531,45.6692,-12.5186,26.2784,27.0728,5.25017,60.0475,-10.1035,69.2803,76.2158,-5.36614,22.4075,-74.664,-978.44,-228.384,-6160,7700,1540
-58.2048,-62.2753,33.1614,-69.6602,4.86085,78.7793,-18.3713,15.9035,-64.9348,-6.9298,14.7378,-39.1175,57.0099,80.2807,-53.3372,20.6207,-70.272,-975.024,-226.92,-5320,6440,1400
-68.6773,-99.4995,15.5803,-69.1589,11.5181,53.8686,-21.7292,-3.20612,-122.38,-22.0491,-6.27333,-35.3294,35.2408,50.1815,-74.1379,7.12705,-70.76,-969.168,-222.04,-5180,4900,1120
-23.9076,-53.3126,19.6089,-44.2248,4.64925,39.5091,-10.476,-2.87666,-47.2068,-2.0549,-2.24508,-17.1829,27.0502,43.2733,-53.4144,10.906,-73.2,-966.728,-217.16,-5460,3220,980
-13.1923,-51.7127,22.6413,-53.522,2.11177,34.3015,-8.21564,-0.00825251,-41.7771,5.16825,9.22248,-11.9171,29.397,41.7886,-56.2547,13.8167,-74.176,-969.168,-213.744,-5880,2520,420
-8.09989,-48.902,22.676,-44.208,8.4301,20.2099,-10.179,-13.9325,-53.7408,7.64514,11.7493,-2.19677,27.3586,29.3976,-47.8446,-0.375615,-75.152,-969.168,-214.72,-6440,2660,140
4.01266,-4.16647,32.9565,-1.13668,23.7589,28.7153,-0.519931,-13.0722,-10.3643,12.7383,12.4618,14.1393,33.6576,43.4839,-10.0968,-2.23878,-73.2,-971.608,-217.16,-6580,2800,-280
19.5726,34.4783,14.3877,29.9678,16.7408,17.4653,0.516789,-7.25663,39.8571,8.67572,-41.4342,25.0731,-16.3272,6.12098,14.1015,-7.66369,-74.664,-973.56,-222.528,-6860,3780,-700
78.7751,91.7117,-11.4459,81.3696,42.096,-38.2655,27.0213,5.86527,77.2998,4.85596,-157.675,89.2397,-142.67,-45.5333,53.3972,-1.62918,-74.664,-973.56,-225.456,-5880,3780,-980
76.9468,145.021,-87.5459,133.572,42.2861,-102.437,44.2592,2.04372,112.462,-48.3497,-89.1574,94.0525,-138.114,-118.761,100.09,-13.3004,-80.032,-975.024,-226.432,-5740,4060,-1120
-1.09511,121.112,-100.799,96.6635,-49.3503,-77.7898,11.5249,10.4379,107.104,-59.4957,11.2459,-17.4828,-56.6063,-116.926,72.9514,-15.6966,-79.544,-980.88,-228.384,-5320,4620,-1400
-40.6116,35.619,-66.7947,35.6618,-81.671,-54.4614,5.24674,11.4563,53.3939,-24.6695,29.3852,-79.4334,-33.7622,-91.5683,58.2105,-3.36997,-78.568,-979.904,-226.432,-4620,5320,-1820
-9.24256,-18.5767,-4.68341,6.34597,-6.31018,-37.8074,52.2104,1.88025,7.13044,29.8815,71.8939,-34.4864,34.5131,-22.0848,73.8387,18.8088,-80.52,-980.88,-229.848,-4340,6020,-1820
28.7006,-18.1422,57.5312,14.4532,35.938,18.1121,58.3252,24.067,-1.58295,66.9009,77.6729,6.27904,69.7051,55.6449,70.7141,39.5718,-81.496,-981.368,-228.872,-3220,6160,-2240
44.5799,-3.54749,78.045,13.7673,36.7859,52.1313,17.5109,28.1184,2.79091,63.0231,43.3904,38.5534,54.2938,85.4074,22.7633,28.7152,-82.472,-976.488,-227.896,-2380,6020,-2100
8.1457,-29.0881,35.2305,-40.9177,11.2693,31.2047,-38.6053,-20.0599,-27.0383,12.8081,26.6691,18.1202,40.271,46.1992,-44.575,-25.1935,-82.96,-975.024,-225.944,-1820,5600,-2100
-42.5427,-62.1926,2.47962,-75.3382,-19.5079,17.7369,-75.0156,-31.2125,-68.485,-9.76389,15.7453,-31.49,33.3737,2.76981,-98.9733,-46.023,-83.448,-970.632,-223.992,-2240,5040,-2380
-73.1453,-89.3497,-14.948,-83.0641,-51.4023,5.52344,-80.3266,-25.2649,-120.044,-32.2034,-14.6313,-58.063,9.36817,-15.6349,-124.69,-37.1864,-78.568,-972.584,-225.456,-2380,4760,-2520
-42.3876,-65.3354,-10.9675,-66.4016,-39.8204,6.51441,-37.9338,-9.15249,-59.4959,-28.3586,-19.8115,-38.5246,1.11244,-3.55857,-72.8673,-8.7069,-79.544,-973.56,-224.968,-2660,4340,-2380
-28.9171,-46.4026,-8.65216,-54.8613,-18.1376,0.207687,-8.40798,-7.78705,-30.2185,-16.8371,-17.4031,-24.6023,-5.52597,-11.6102,-37.7064,-3.50492,-79.544,-973.072,-223.504,-2100,4480,-2380
-4.28879,-5.90389,-2.12487,-8.77926,-3.85625,-8.84384,0.00479564,-10.764,-4.80981,1.05892,5.386,0.100852,1.35693,-13.2592,-18.398,-3.20344,-81.984,-969.168,-221.064,-1960,4200,-2660
27.2008,36.4823,-0.0471283,30.6469,-0.153005,-18.5811,5.87796,-11.4836,26.8997,16.7027,1.43106,25.0014,-16.9631,-19.5662,14.3233,-8.96919,-81.008,-972.096,-221.064,-2240,4200,-2800
52.3325,41.7395,10.2727,24.6759,15.3859,-15.6542,24.7227,11.6688,45.627,28.1464,1.45004,41.774,-16.9602,9.44186,41.0366,13.6024,-80.52,-974.048,-226.92,-1960,3500,-2940
49.3854,43.4163,16.1958,21.9189,20.7849,20.8173,20.4487,25.6185,61.9731,20.4554,-4.46331,36.9713,-3.91554,31.9687,43.6215,28.4338,-77.104,-975.024,-230.336,-1820,1820,-2940
0.896452,35.197,-23.1684,23.9322,11.0287,8.23253,7.34292,10.6206,44.1114,-17.4638,0.520924,3.79659,-6.17606,-18.8834,19.3148,7.845,-75.64,-974.048,-230.336,-1260,280,-2660
-20.8154,12.1515,-2.00601,7.04284,-1.6171,-3.87187,1.67802,-0.0181766,15.9881,-9.09628,3.01578,-19.4213,10.0276,7.69565,-4.57243,4.76729,-74.664,-972.096,-226.92,-700,-2100,-2240
-10.5723,-23.5667,25.2983,-10.5224,11.5162,24.7745,13.0394,10.3028,-24.8907,12.4898,11.8114,-9.89127,25.803,37.5952,-0.918043,18.3909,-70.76,-970.144,-230.336,0,-4620,-1820
14.5069,1.46223,27.8954,20.2014,39.7486,29.079,28.9155,5.99052,-4.14609,15.5714,1.14152,24.3514,21.3231,41.501,25.4532,20.9887,-72.224,-970.144,-234.24,700,-6160,-1400
26.0184,29.7665,16.36,39.1786,34.5013,15.1595,22.642,0.0848092,18.1168,2.76726,-37.667,34.1404,-9.72167,32.9925,38.4921,11.1512,-67.344,-967.704,-234.728,1540,-7980,-1260
-6.52614,11.4556,-14.3982,11.889,9.7131,2.35362,0.49718,-2.32253,-0.567258,-28.7323,-26.1209,7.36349,-9.92188,3.41788,4.17945,-1.88795,-63.44,-969.656,-235.216,1960,-8680,-1260
-39.5471,-11.2982,-24.9234,-11.8824,-18.0843,-11.673,-16.6965,-11.9778,-12.6738,-33.0297,-2.50611,-35.8662,-4.63719,-23.4956,-19.7156,-15.915,-65.392,-964.776,-244,3080,-9380,-1260
-15.6205,-19.0912,1.13054,-6.75853,-8.92928,-2.21656,-3.49237,-0.391117,-13.5556,4.28007,5.35964,-16.2573,-2.74109,-4.27412,-11.4789,-1.1582,-64.416,-966.728,-244.976,4200,-9660,-1120
2.29743,-9.50591,-0.283189,-0.133689,-1.21951,-5.1306,-6.0456,-1.43787,-33.8993,6.61999,-6.78265,6.31973,-10.6534,-10.8966,-11.3035,-5.69164,-61.976,-965.752,-251.32,4760,-9520,-1260
-8.2561,-22.3972,-18.3151,-18.7391,-24.4916,-13.0525,-16.2259,-6.06407,-31.2665,-17.0824,-9.76384,-15.6836,-9.37114,-25.2642,-20.6069,-15.8867,-63.928,-964.288,-253.76,6020,-9940,-1260
-10.2966,-15.5251,-11.3474,-21.1824,-26.6009,-7.7033,-15.4237,-1.61503,6.19291,-13.9998,6.51073,-19.8121,0.875829,-18.3104,-15.4923,-13.7867,-61.976,-960.872,-250.344,6720,-9940,-1260
-16.8724,-19.5315,-4.39148,-22.1512,-14.0733,-7.56604,-10.2437,-1.49986,-14.4941,-7.06002,5.96943,-14.5532,-0.290223,-12.5518,-13.7015,-8.19877,-64.904,-958.432,-249.368,7980,-10080,-1400
-17.61,-13.7189,-5.45451,-5.07799,-2.19986,-11.3128,-2.16126,-6.55287,-31.7323,-3.35864,13.6238,-9.09329,0.424147,-14.6096,-4.21364,-8.0768,-66.856,-958.432,-249.856,8120,-9800,-1400
-5.50535,-7.62493,-4.47663,1.94415,-2.11581,-16.6708,0.47181,-2.34756,-23.3084,9.77727,14.4935,-6.28003,-6.51926,-19.8081,1.39015,-6.81911,-67.832,-960.872,-249.856,8400,-9940,-1540
30.2786,14.5731,14.3061,15.7953,5.14909,1.40402,16.1808,12.1841,20.3616,24.9213,-3.74591,18.8167,-10.4086,9.40591,22.7141,12.6012,-68.808,-960.384,-244,8260,-9940,-1680
63.5259,54.5661,26.1796,41.1025,37.8573,16.099,37.3355,29.5374,65.3982,39.2174,-14.9762,55.9941,-14.24,25.7375,46.9461,31.9006,-69.296,-958.432,-244.976,8540,-9380,-1820
45.4163,53.7243,4.42543,41.2933,33.7337,8.96142,31.2047,23.9626,59.9417,8.4453,-17.5517,48.3408,-14.8488,18.7128,35.5494,27.1783,-67.832,-959.408,-241.56,7420,-8680,-2240
3.26948,37.883,-19.565,28.1045,3.66701,5.23016,10.3168,5.14824,48.871,-21.1017,21.683,4.20426,16.6149,2.34548,20.715,6.3816,-67.832,-964.288,-244.488,6300,-7840,-2240
-33.1298,-17.4617,-11.1107,-23.8726,-21.5829,0.451266,-10.1474,-8.30003,9.02695,-11.7896,30.2934,-45.1654,25.5441,-1.31882,-9.06623,-7.72783,-64.416,-963.8,-250.344,6300,-7140,-2240
-29.019,-50.8652,7.88055,-36.5794,-15.8573,8.19955,-10.916,-6.05024,-25.8376,7.681,16.0757,-38.6934,18.2599,11.4428,-13.4719,-4.68987,-63.44,-962.824,-250.344,5880,-6720,-1960
-13.014,-41.7646,1.09512,-15.1929,0.76829,-8.05912,-12.7829,-20.2945,-50.3985,2.68659,-12.7567,-7.1328,-6.18801,-20.6715,-8.97041,-18.587,-66.368,-968.68,-252.784,6580,-6720,-1820
15.6673,22.8981,2.81461,31.5428,13.1669,-21.5951,-4.28229,-13.2241,-9.17432,3.22334,-33.0253,29.0897,-25.0699,-19.4934,13.2223,-14.8398,-78.568,-968.192,-258.152,7420,-6300,-1820
17.9603,49.2572,1.64749,24.6954,-8.06619,-1.93681,-13.4528,5.3658,27.7779,-1.22015,-7.90373,26.2197,-5.80142,12.408,-1.52996,1.71763,-80.032,-967.216,-259.128,8260,-6440,-2100
-4.46828,11.4863,10.7967,-30.403,-6.75847,29.0995,-12.8213,16.5035,12.0464,-3.40242,25.1549,-4.85435,30.2322,43.6655,-35.1049,18.2306,-79.544,-965.752,-265.472,8540,-6440,-2380
-31.8676,-47.3267,8.27598,-61.2472,-4.74296,35.0833,-11.6136,8.3957,-32.4468,-11.5279,9.90125,-33.2143,23.3349,34.3208,-51.1525,12.0677,-81.496,-966.24,-264.496,8400,-5460,-2800
-35.6396,-74.4857,-4.83034,-59.9833,-10.0271,14.5355,-18.355,-9.26784,-57.7361,-13.8035,2.7204,-34.1079,9.3046,0.884196,-58.8833,-6.48894,-76.616,-964.776,-260.104,8400,-3780,-3360
-17.8758,-33.5615,-43.1741,2.59671,-22.3537,-55.9169,-23.9544,-49.1833,-36.3002,-9.58283,-30.9641,-22.9067,-44.109,-105.736,-11.6013,-53.4798,-74.176,-967.704,-262.544,8680,-1820,-3780
36.984,47.135,-39.8149,73.5839,-26.124,-97.749,-6.80039,-44.7356,34.0601,9.20814,-29.6671,17.2551,-63.2326,-119.979,54.027,-53.5532,-74.664,-968.68,-263.032,8820,280,-4060
51.639,62.5744,6.95417,45.2717,-16.7414,-34.0111,13.8769,9.16242,67.5844,18.4064,22.0751,34.0659,0.984406,6.25363,59.4682,7.23081,-82.472,-970.144,-264.008,9100,1400,-3920
-0.0625612,16.5208,12.2772,-24.5464,-10.3675,35.5847,-0.249233,26.1155,31.8909,-2.68411,36.7683,-3.7662,35.1415,43.2066,3.67349,22.4952,-86.376,-975.512,-264.984,9380,1400,-3500
-36.1959,-41.8182,15.7881,-41.2557,11.8378,44.4638,-0.535085,13.8677,-40.4153,-6.28115,15.138,-24.164,29.8155,45.6938,-26.8872,21.032,-88.328,-995.52,-280.6,10640,980,-3080
-19.7605,-35.1297,15.992,-19.0348,27.1276,29.0841,5.13424,2.84415,-49.2138,0.749274,-19.7686,-1.91769,9.65628,29.0661,-28.9832,13.9342,-94.184,-945.256,-223.016,14280,140,-3080
11.8761,3.4179,18.1725,3.00075,18.6435,23.8354,5.66734,0.884379,2.58815,-2.68461,-13.542,18.1129,16.1583,30.0241,-16.0003,9.01701,-85.888,-1002.35,-209.84,10500,-1680,-3220
2.42453,4.92736,14.0168,19.896,11.7526,18.6359,19.8521,-1.24955,3.89614,-1.78717,5.78599,5.65411,16.6965,14.4218,23.1482,6.63442,-88.328,-991.616,-222.528,12320,-5320,-2240
-6.02468,-4.69813,7.62372,1.79801,7.81751,2.7304,14.4469,4.06974,-2.14428,7.9563,23.699,-3.88689,11.2305,8.6782,22.6984,4.50344,-86.864,-996.008,-235.704,12880,-8260,-1820
-4.1691,-9.70322,15.0532,-6.63298,8.86954,16.6249,4.4161,9.13249,-18.3226,11.8202,20.5164,-0.339432,17.9703,29.579,2.82137,11.7787,-91.744,-996.008,-223.992,14000,-11480,-2240
-10.3551,0.620006,-9.00134,5.22148,8.34604,-14.2086,-9.81926,-22.7199,-24.7842,-5.70974,-6.73907,0.12148,-11.8717,-25.2191,-18.6681,-18.5019,-86.376,-984.296,-235.216,16100,-13720,-3360
-10.8856,6.38887,-43.2245,17.1461,-19.218,-76.9308,-21.8879,-43.483,-11.5399,-19.574,-13.6673,-7.14439,-48.1709,-85.955,-18.4252,-47.6607,-76.616,-974.048,-240.096,17640,-17360,-4340
34.8251,40.7098,20.4864,25.8864,-10.2694,-6.35538,13.8138,24.4951,47.0994,32.9258,12.7453,24.3515,-0.569837,20.0667,20.7258,14.6869,-73.688,-973.072,-241.56,17920,-18760,-5320
55.9699,32.7256,59.0269,2.64261,36.5944,68.4506,43.0612,64.5155,59.4018,47.3468,-5.22774,47.7899,18.115,87.8835,42.4247,61.5549,-67.344,-977.464,-241.072,19180,-19600,-6160
5.76602,-0.118459,5.09921,-0.148121,41.8886,45.5756,26.6827,30.9033,6.96192,-16.6667,-10.0563,20.4667,10.1168,48.722,16.5328,36.9437,-60.512,-980.392,-243.024,19180,-20020,-6720
-38.6583,-8.15021,-24.7158,8.65883,5.37524,-1.55449,0.35178,-2.60541,-18.1216,-33.1179,-36.3228,-27.8227,-20.7559,-8.20992,-3.01391,0.0983441,-58.072,-977.952,-255.712,21420,-23380,-6860
4.83945,9.98676,-11.2172,21.8434,1.68373,-15.2261,7.19554,9.35244,-3.53884,-0.942106,-77.5175,2.11415,-62.5069,-30.29,6.74499,-0.909048,-51.24,-979.904,-271.328,22540,-27300,-6580
43.6233,33.9359,-9.83143,14.2325,4.87782,10.1323,16.8945,26.5941,38.5745,-13.1116,-13.1864,41.3254,-12.7292,12.1381,11.154,21.633,-54.168,-981.856,-280.112,26040,-30660,-5880
-3.4603,29.1597,-7.72573,-11.9245,-0.97966,18.9866,-0.307319,7.3316,42.4507,-21.9934,22.4804,-7.2069,30.4394,30.6554,-7.68355,11.8622,-50.752,-986.248,-273.768,29400,-33600,-5740
-30.3164,-13.366,17.23,-12.9044,9.89483,28.2689,-5.80594,-6.82165,4.77751,-1.90339,12.4117,-30.5907,23.5106,49.5782,-3.28511,-1.00639,-48.8,-981.368,-280.112,32340,-35000,-5740
-30.3911,-43.6373,10.0064,2.95994,25.1961,27.1111,2.49351,-9.29662,-38.4895,-0.00187371,26.5463,-15.0086,22.2741,32.0493,13.0239,-2.67446,-51.24,-976,-277.184,36400,-35980,-5460
-54.4256,-46.4414,-42.9069,-13.8691,-22.1759,-34.3843,-44.5871,-35.9863,-63.7616,-27.4353,-0.202218,-45.5215,-13.1693,-80.214,-34.7304,-54.1939,-52.216,-973.56,-277.184,39620,-35700,-5180
-45.8427,-36.2776,-98.526,-6.40689,-102.6,-125.038,-80.4395,-71.4176,-45.9034,-32.8557,-14.3613,-66.6286,-65.3309,-226.403,-46.9998,-111.994,-53.192,-961.36,-277.672,42280,-35280,-4900
16.6623,7.80182,-63.165,5.59896,-106.116,-172.241,-48.0367,-65.9557,12.8297,14.5114,-3.83291,-22.6896,-69.7342,-176.761,-2.75578,-85.3077,-50.752,-963.312,-272.304,44520,-34720,-4760
90.717,51.5077,44.7242,-7.42734,-29.0459,-30.2985,17.0365,26.2351,78.581,74.3471,67.7039,51.1779,30.0427,35.2511,40.958,30.3512,-50.752,-980.392,-273.768,45920,-35280,-4060
45.4508,14.3861,63.7708,-31.8058,19.4734,92.0401,26.539,59.1167,31.5578,41.1378,66.7223,33.8353,75.4326,115.105,7.9531,72.9611,-52.216,-983.32,-279.136,51100,-38220,-2380
-14.6538,-23.5908,32.6754,-35.764,42.9003,77.7644,18.906,27.0592,-18.3224,-3.7891,5.00156,-1.23761,37.0242,66.9238,-28.9341,43.1733,-58.56,-974.048,-273.768,53900,-39060,-980
-13.8703,-30.3388,22.7213,-2.13625,39.8369,42.7496,32.7988,11.3274,-28.001,-5.4636,-20.7497,1.22422,15.0844,50.7521,5.60626,33.168,-61.976,-962.824,-255.224,56000,-38780,-140
2.4985,-4.00399,14.1891,25.4112,38.3486,19.3574,29.9097,-1.36398,-23.3534,-5.6457,-24.1665,17.0559,-3.71892,29.0257,30.1198,20.0383,-58.072,-964.288,-240.584,55440,-38080,700
-9.34073,4.75282,-18.5365,20.2408,15.0802,-21.8849,-1.56151,-38.2511,-21.0066,-26.0993,-14.788,7.80132,-15.7136,-29.1921,6.62209,-27.1583,-58.56,-975.512,-226.92,53620,-37100,1260
-37.5008,-17.2838,-32.808,-5.739,-29.9691,-39.2231,-35.5789,-47.9491,-29.2797,-35.0831,-12.6481,-30.4997,-15.6714,-34.7541,-16.2547,-52.6036,-59.048,-985.272,-217.648,50960,-35000,1680
-20.4408,-15.8811,-8.19261,-26.4319,-40.5196,1.7544,-47.0092,-14.9791,-18.7837,-4.13309,-7.04855,-26.2459,-7.68271,-8.46501,-38.8957,-28.3776,-63.928,-996.496,-209.84,50260,-32760,2100
29.5331,18.4557,34.3803,-1.6473,15.1896,45.4076,-1.46962,28.3973,10.6554,30.6208,-10.9434,30.5682,8.52815,46.0662,-19.8952,24.1009,-63.44,-997.472,-202.032,51520,-31780,2660
47.7564,44.1003,48.2375,15.9065,51.2034,73.8866,33.3495,45.2419,53.8135,26.0478,23.8606,49.7822,51.6057,84.5829,2.16895,53.7858,-71.736,-1006.74,-193.248,52080,-31220,2660
-0.938995,10.229,26.3083,14.1102,39.5172,33.5796,28.3015,20.4258,17.0352,2.09715,21.3864,5.06073,29.7449,47.8488,10.4152,31.1202,-75.64,-1017.97,-193.736,54040,-31500,2940
-39.3434,-29.6086,-6.42104,4.11709,7.79091,-9.46632,3.6246,1.1284,-36.142,-16.5133,1.7946,-23.6218,-3.44643,0.179718,1.46949,0.387098,-74.664,-1013.09,-203.984,57680,-33040,3640
-27.1639,-25.6384,-12.8021,-10.7556,-13.2826,-8.34414,-11.1507,2.06756,-32.985,-11.1465,-7.28383,-19.7496,-6.54464,-13.3574,-13.2303,-6.36068,-71.736,-1005.28,-208.376,58940,-33460,3640
-20.3342,-26.9781,-15.5657,-27.1686,-20.6072,1.33789,-11.3652,3.39866,-23.7315,-12.3678,-12.0399,-23.9374,-6.37568,-15.2613,-17.674,-5.33087,-71.248,-999.424,-227.408,60620,-32480,3920
-19.3421,-25.2534,-21.6822,-23.1876,-18.5297,-12.8076,-9.84339,-14.7399,-15.7653,-19.8702,-3.30378,-25.0228,-11.4322,-18.3132,-13.4627,-11.2303,-77.104,-990.152,-227.408,62720,-30380,4760
-7.63254,-10.9921,-10.6126,-8.90753,0.342973,-20.6456,-1.10764,-15.1692,-10.3144,3.47286,2.94471,-6.17611,-11.5371,-17.3612,-2.73143,-12.5273,-77.592,-993.568,-222.528,64400,-29680,5460
21.9862,11.8698,-3.63893,9.39287,4.3891,-34.2751,-3.6421,-15.3387,13.5551,21.5545,-16.5483,15.2568,-25.3658,-35.7066,4.187,-23.5921,-75.152,-999.912,-235.216,66920,-25060,5320
89.0192,82.2641,28.8317,73.8429,34.6984,-27.3517,30.5565,7.37184,87.5458,57.2633,-30.7374,78.3296,-38.5111,-13.4787,59.009,4.32706,-83.448,-993.08,-240.584,66500,-18060,4760
80.6952,94.0006,10.437,70.4422,22.2613,1.71554,37.1176,28.5986,98.608,20.0317,-30.0834,78.1046,-21.975,15.2699,67.1025,26.9285,-98.576,-972.096,-222.528,69160,-13300,5180
7.44116,45.161,-25.2802,13.2303,0.746358,15.1493,16.0674,27.0096,49.6526,-40.8395,-8.00428,11.3397,1.55834,9.98374,24.8295,19.5177,-101.016,-963.8,-219.6,72940,-13440,5880
-77.971,-23.7375,-52.2138,-23.403,-23.5384,-28.1272,-14.1682,-14.2794,-15.2833,-62.7922,8.9297,-72.6324,0.842783,-47.5433,-13.6277,-19.8804,-102.48,-949.648,-221.552,71540,-11900,5180
-73.3979,-58.3961,-27.5387,-10.0244,-32.932,-45.2664,-14.1383,-24.3004,-58.3244,-21.012,6.38588,-72.8707,-9.74537,-53.3829,-3.5433,-28.0459,-99.552,-949.16,-228.384,68460,-10080,4340
1.56824,-30.0966,22.4344,-4.86198,-26.623,3.42298,-6.20946,0.762199,-35.962,28.2345,12.5878,-1.44217,1.54598,9.37422,4.1995,0.483616,-109.8,-961.36,-219.6,68040,-8820,3780
45.6462,25.534,37.4702,-2.50374,16.6764,29.0494,9.11094,17.2831,15.0309,41.1612,21.0621,46.1921,14.3155,35.9757,5.38919,20.0998,-101.992,-964.776,-232.288,69300,-8260,3640
17.9682,20.2683,20.4028,-0.345005,23.4431,41.8644,13.3771,20.2992,12.2993,12.5189,21.3314,24.3365,27.738,47.0162,-2.90098,25.4486,-109.8,-975.024,-234.728,69020,-7140,2380
-22.6189,-11.2325,2.95475,-3.37849,8.07029,30.2675,4.48619,4.81973,-23.0464,-12.7788,17.183,-17.7152,27.8227,29.9313,-4.53422,11.0226,-106.384,-976,-237.168,71400,-6440,2100
-34.028,-45.4077,-3.39227,-26.4404,-4.09212,1.24476,-12.3319,-17.3239,-45.5922,-13.7822,2.28466,-34.0455,10.5192,3.14288,-19.2987,-12.0092,-105.896,-977.952,-239.608,74340,-6020,1680
-2.9698,-16.723,3.91096,-12.0503,-4.75673,-2.26449,-18.2345,-16.9355,-13.9142,1.95947,-2.68592,-5.72775,3.13142,-6.49226,-25.0208,-14.5707,-101.992,-974.048,-246.44,76720,-6300,1680
16.2187,2.32378,4.40271,-12.6029,-9.38088,-1.02849,-17.076,-9.99283,5.57023,6.94868,3.59793,10.601,2.29749,-4.79448,-30.7285,-9.76967,-90.768,-966.728,-248.88,77840,-6580,1260
-0.332728,-20.0171,-7.60415,-30.036,-18.2502,0.350604,-14.0593,-3.43379,-10.9094,-6.67011,-1.79671,-8.22956,-2.57912,-7.17674,-26.0942,-6.94922,-94.672,-961.848,-248.88,78540,-6720,980
5.55883,-2.8914,-13.3268,-2.65041,-1.68008,-19.486,-4.76103,-9.17615,1.50117,-0.266832,-9.57602,-2.04895,-18.0036,-35.6433,-0.813048,-12.399,-85.4,-962.824,-239.608,78260,-6720,840
14.4196,12.224,-8.73052,17.5123,-3.82404,-32.971,0.716571,-11.5961,10.3932,4.57512,-6.48309,5.98044,-15.422,-27.6338,8.76628,-10.3849,-92.72,-967.216,-226.92,78120,-6020,980
15.5337,11.7481,9.10818,9.44942,-7.32921,-0.167202,2.35875,7.56279,11.6353,9.56832,6.73172,7.50983,8.29332,14.1288,12.9487,6.41864,-86.864,-974.536,-208.864,79800,-6160,1260
-5.64594,-9.50415,1.30192,-21.9884,-7.18325,16.4685,-6.3262,8.54841,0.307238,-5.29463,7.07957,-8.02408,11.6305,15.2675,-9.94084,7.93606,-79.056,-976.488,-220.088,81200,-6300,1540
-27.4256,-18.7787,-15.5572,-18.8853,-1.2526,-11.7312,-11.7887,-11.1486,-19.3187,-19.2115,-9.55729,-18.6076,-8.61763,-13.4492,-19.4422,-9.0539,-81.496,-967.704,-212.28,78960,-4900,980
-21.0627,-13.0319,-8.47342,4.27772,1.33457,-13.2941,-4.55759,-9.7876,-27.2128,-7.4744,-10.539,-10.1302,-11.4388,-15.7017,-2.19146,-8.81206,-82.96,-957.456,-194.224,77840,-4480,1120
-4.53138,-4.18215,-0.160603,6.95021,-5.91433,2.66373,0.279983,3.91164,-13.6913,1.5341,-5.77872,-0.698998,-4.90326,-0.559487,7.13526,2.47064,-76.128,-951.112,-182.024,77420,-6300,1820
4.69287,3.16318,-0.268793,-3.15349,-4.03844,6.72613,-3.52958,2.76592,5.64832,-2.96583,-7.56518,3.74493,-3.9476,7.49934,-0.816325,0.81743,-66.368,-931.104,-158.6,74480,-7700,1680
7.62395,8.69218,0.794389,0.739533,7.32581,6.9367,1.64083,7.08567,15.2096,-1.61836,-2.15106,7.03493,-2.05938,6.77577,0.632602,4.93605,-65.88,-975.024,-152.744,64680,-9520,840
8.20507,15.299,3.68633,19.4844,16.7908,8.09215,17.1382,11.0769,19.4084,2.45023,1.66741,10.6321,0.489098,10.0272,17.941,15.5628,-68.808,-994.544,-129.808,62720,-9380,1540
14.1797,20.8071,16.8109,26.1216,25.3201,18.2935,27.2499,16.2682,22.4244,11.611,6.97278,18.2065,10.1369,23.6969,25.7373,22.5072,-62.952,-994.544,-123.464,62020,-8540,1960
-0.988618,-0.564249,3.26318,2.60469,5.33058,6.39589,7.157,5.1388,6.07635,-3.04003,0.996208,0.234455,3.96219,7.08111,5.87671,7.05009,-65.88,-979.416,-125.416,57680,-7140,2100
-4.71215,-4.17003,-2.95844,-1.89357,-0.34154,-2.31739,1.75292,-1.85671,1.65018,-5.24389,4.888,-4.71066,3.29426,-4.10679,-1.98872,-1.07113,-63.44,-981.368,-121.024,53620,-5600,2100
-3.80533,-8.19395,-0.29352,-5.65861,-6.00786,-7.91975,-2.51575,-7.23082,-0.826235,2.9869,5.21561,-7.55856,1.90344,-7.9998,-5.25869,-6.889,-65.88,-989.664,-111.264,49000,-3080,2100
11.2677,8.73398,9.77948,12.6093,8.24335,-1.66078,9.54605,-0.652581,7.32919,14.6491,5.7165,9.21797,2.89778,0.294148,14.6748,1.15163,-73.688,-1002.84,-96.136,45080,-280,2100
25.4186,27.3087,18.1298,24.11,17.5824,7.96449,12.2091,4.29199,19.7383,22.1001,7.02375,26.3491,7.77183,9.699,18.3481,6.33584,-78.568,-1008.21,-90.28,44800,700,2380
10.6458,18.0012,6.96287,9.60073,6.36593,6.4405,2.64021,7.04634,12.6626,6.85553,-3.98485,12.3893,3.57865,5.20402,2.48495,4.79464,-83.448,-1003.82,-97.6,45360,1260,2520
-2.87896,1.62391,-7.62157,-8.17173,-9.5552,-7.29647,-11.8869,-5.18966,4.73425,-7.61465,-8.69924,-3.5446,-6.71096,-7.24712,-12.7224,-8.87704,-80.52,-999.424,-105.408,44100,2380,2380
-6.5844,-5.20759,-3.97934,-7.53978,-6.23767,-1.53888,-4.77152,-3.9927,0.751764,-4.86024,0.755308,-6.03392,-1.63298,-0.519294,-2.72172,-5.27377,-80.52,-986.248,-110.776,40880,4200,1260
-19.3361,-13.0986,-6.90251,-11.2033,-6.25859,1.67466,-2.73442,-3.65873,-13.9527,-12.4641,-5.98001,-13.4955,-2.54717,1.86152,-1.43818,-3.36803,-84.424,-983.808,-112.24,37800,7000,560
-15.0037,-12.4132,-6.87781,-12.4844,-7.60445,0.137358,-8.53492,-3.7036,-16.2581,-7.79271,0.574781,-12.2879,1.73732,-0.35256,-8.77204,-6.69828,-82.96,-981.368,-116.632,35560,9240,0
-10.6339,-9.5103,-4.521,-8.02454,-6.35055,-4.57592,-7.7093,-5.30574,-12.9805,-3.61647,-2.3782,-9.5573,0.540747,0.509562,-7.80543,-7.27196,-86.864,-978.44,-112.728,32900,12180,-700
1.53622,2.65552,5.13812,8.32723,7.68554,-0.927823,3.95766,-5.0385,-7.26126,4.80482,-3.38955,5.43556,0.66596,9.98054,4.95784,-2.43513,-87.352,-972.096,-110.288,32060,13580,-1120
6.74614,0.493876,0.615409,6.27942,2.32757,-2.5542,2.03811,-1.37896,-7.75732,5.82466,0.040788,5.94599,-2.29662,1.16491,5.4506,-3.69805,-88.328,-969.656,-109.312,31500,14000,-1260
1.82429,-4.44566,-8.88824,-6.84801,-10.2703,-7.84609,-6.56391,-2.97821,-4.29946,-1.95679,-2.94728,-2.32288,-7.30957,-10.5126,-6.92944,-6.97285,-88.816,-963.8,-115.168,30660,13020,-1680
0.290679,0.97805,-7.80041,-4.71454,-7.15314,-6.4415,-5.71148,-1.08032,1.71687,-5.28954,-2.92344,-2.06078,-4.61198,-9.51278,-7.24844,-6.22972,-82.96,-970.632,-120.536,27300,13580,-2100
-5.08798,-3.86624,-11.4317,-6.23671,-6.38021,-6.49777,-4.21969,5.93596,-3.04576,-10.9136,-5.94987,-7.32579,-9.48161,-14.2384,-7.06517,-1.43648,-78.568,-972.096,-129.808,24220,14840,-1960
-3.43459,-4.07824,-0.94809,-1.49735,1.64218,0.924099,4.22266,10.0126,-6.98475,-5.79379,-0.863522,-2.35774,-1.76806,-1.93537,-1.85146,8.35823,-71.736,-977.952,-137.128,21140,16940,-1820
-4.1388,-6.37292,1.79835,-1.06813,0.937027,3.94001,4.54295,9.26435,-8.25134,-3.27259,6.50254,-3.91171,4.96503,-1.02499,0.0297708,8.16163,-72.224,-984.784,-139.568,18620,21420,-1120
-6.57237,-3.55892,-0.0176067,-2.43685,-6.42384,1.44607,-4.68167,2.96648,-6.60646,-2.75532,6.07427,-7.53312,2.13081,-5.29491,-3.47592,-0.230457,-75.152,-984.296,-138.592,18480,25200,-140
-1.31323,-4.26229,5.28607,-7.783,-6.19315,4.96181,-5.89262,3.35366,-6.31271,5.80601,7.94391,-3.78865,3.77723,-1.82784,-5.74935,1.46381,-77.592,-978.928,-141.52,19740,26180,700
11.1011,0.191056,11.8322,-5.24525,4.64769,6.75771,-0.553239,0.292463,4.12973,14.372,7.62248,9.29913,5.77225,5.12989,-2.95213,5.95822,-81.008,-976.976,-142.984,20720,25620,1820
16.7855,10.3951,10.9659,2.40341,5.44949,1.74071,-0.299042,-9.63524,13.8062,14.1583,8.42981,14.7202,6.01766,5.2604,1.9261,1.73763,-86.864,-976,-142.008,20440,24640,2660
15.6748,12.4671,6.66161,7.99777,6.35761,-1.16615,7.00325,-9.4574,17.8403,11.4955,9.80919,11.7576,5.18447,3.49599,9.72431,1.10154,-81.496,-973.56,-145.912,18620,23100,3220
-1.35218,3.15968,-2.18613,9.60909,3.65802,-4.54152,8.30617,-7.62855,6.38493,-3.33741,-3.86166,-0.18747,-2.20397,0.171617,12.6615,-1.77903,-83.936,-972.584,-143.472,15960,22680,3500
-2.30234,1.50634,-1.15955,7.22146,5.4743,2.14918,9.05297,4.65201,1.03587,-4.24338,-5.49604,-1.43611,-0.3257,4.96055,10.4058,5.28233,-86.864,-967.216,-140.544,14700,22820,3500
-4.25908,-5.4429,-7.93103,-4.20886,-2.29339,-1.72973,-2.96268,-1.42523,-0.804861,-10.7176,-10.6383,-6.10249,-4.61894,-1.67999,-3.8049,-2.14152,-90.28,-961.848,-132.736,13720,21980,3220
-17.4395,-12.8792,-14.2348,-7.30306,-4.53272,1.33047,-0.914786,2.20587,-13.1021,-17.7731,-10.9861,-13.7469,-6.99908,-5.78072,-6.25575,0.440962,-91.256,-960.872,-137.616,12600,21420,2660
-13.9767,-9.6126,-6.62937,-4.60299,-2.89822,0.508426,0.200937,-1.03955,-11.6481,-10.0925,-8.64,-10.442,-4.97303,-1.55698,-5.67298,0.578925,-87.352,-966.728,-141.52,8540,21560,1680
2.5412,-1.59813,1.45232,-2.23243,-2.54482,-0.794843,-5.13768,-3.33863,2.31373,4.66412,0.0546223,0.361871,-1.0527,0.20963,-5.41684,-4.36105,-86.864,-967.216,-142.984,5740,21980,700
15.837,8.88425,7.6414,3.93563,1.99499,2.57994,-3.71363,2.47616,15.7659,13.3219,4.44103,10.8503,2.68734,5.57189,-1.09702,-1.11368,-82.472,-972.584,-143.472,2660,21840,280
21.1132,20.344,10.9753,13.5121,8.78534,4.96307,3.60465,9.61849,27.3192,17.6631,8.43199,17.4109,5.56292,8.27253,9.64761,5.95488,-82.96,-975.024,-142.496,840,20860,-140
13.2027,14.8686,9.60415,8.22208,6.20314,0.846206,0.932473,1.98817,20.9676,12.1628,4.58519,12.5689,4.95529,5.72571,5.32875,3.17703,-84.912,-975.024,-140.544,280,19740,-560
6.38504,16.647,10.2632,17.2219,14.8965,6.62451,14.675,9.41556,15.3728,4.09338,2.11354,12.5552,6.66632,13.2865,14.3869,14.6741,-83.936,-976,-142.008,-1540,17780,-840
1.79094,8.96549,3.71151,9.68974,8.28969,3.14319,7.39181,0.0241861,8.86672,-1.03,-0.313108,6.50726,1.59194,8.75165,3.60194,7.36119,-80.52,-973.56,-143.472,-2940,15820,-1260
-10.706,-7.78138,-4.15032,-1.8917,-0.0688833,-1.74302,-1.10604,-6.45442,-10.6355,-5.9626,0.313834,-5.44315,0.222681,-0.887264,-3.13367,-2.66423,-79.056,-974.048,-143.96,-4760,14980,-1680
-25.9793,-23.0966,-15.0456,-12.4537,-12.283,-13.4823,-11.2729,-11.0344,-27.5202,-17.0874,-8.17836,-20.6479,-8.95497,-13.8891,-6.39864,-14.0359,-79.544,-973.56,-143.472,-6300,14140,-1820
-19.061,-18.8948,-13.3599,-11.0437,-13.9299,-13.7839,-13.1441,-8.44361,-21.9816,-11.3299,-7.37969,-16.5678,-9.9045,-16.0996,-5.98745,-14.1886,-76.128,-971.12,-146.4,-7420,13860,-2100
-12.9048,-15.4429,-13.2173,-10.9502,-14.262,-9.15493,-7.97098,-1.57191,-17.398,-10.5536,-7.69502,-13.2722,-9.65696,-15.0236,-5.84921,-7.3494,-75.64,-970.144,-142.984,-9240,14420,-2380
0.34596,-5.07645,-6.90164,-9.7388,-12.3345,-6.21153,-9.56757,-6.10163,-3.79358,-5.06494,-4.53988,-5.82471,-5.21404,-10.9304,-9.57788,-10.4099,-74.664,-969.168,-145.424,-10780,15400,-2520
3.54377,3.95366,-2.10959,0.353611,-1.00405,3.65702,0.951423,3.96968,2.11718,-3.31955,-1.78762,-0.744422,1.00804,-1.19264,-0.313944,-0.246574,-73.688,-972.096,-148.84,-12460,16660,-2800
8.29846,5.1008,4.93039,2.00624,3.76583,8.14131,5.87124,7.13887,2.08119,3.42617,3.23796,2.56813,5.8085,5.24092,3.90079,6.19692,-70.272,-974.048,-153.232,-14280,18620,-2800
6.91243,-0.27323,10.8882,-1.06483,4.8374,13.2504,7.79135,8.62787,-5.79297,6.53999,7.79118,3.03578,10.7767,10.9221,3.09364,9.10061,-69.784,-974.048,-150.792,-15400,19880,-2800
0.32942,-5.87307,9.61423,-8.61755,2.0447,12.6591,0.147841,3.11434,-13.5414,0.869272,5.24189,0.130157,11.8253,9.80836,-10.0003,3.79827,-68.808,-973.072,-156.648,-16520,21140,-2520
1.12014,-5.58149,5.98209,-11.7959,-3.20071,0.701067,-9.46363,-9.09984,-8.94485,5.6689,6.79118,-1.07544,6.79994,0.434983,-16.3615,-9.22542,-66.368,-973.072,-160.064,-16940,22260,-2100
1.14738,2.04898,4.79065,-0.341521,2.00194,-0.388678,-2.24645,-0.628824,-1.99076,5.70244,5.29315,2.78834,2.55402,-0.0611422,-3.03943,-5.23398,-69.296,-972.584,-166.896,-18060,22820,-1680
6.09608,11.0488,2.20586,10.5296,8.34249,1.24868,7.91335,11.6943,8.30918,5.72533,1.77375,8.10672,-3.72107,2.35761,9.87563,5.37794,-70.272,-975.024,-171.288,-18760,22680,-1260
7.74514,12.9138,1.84683,10.3717,8.33574,4.32357,8.91551,11.9126,11.9038,4.82734,0.513996,10.102,-3.11549,8.73689,10.4214,10.6334,-71.248,-972.096,-171.288,-19460,22400,-840
7.42575,13.052,3.20807,7.4695,6.94849,5.02678,5.08037,4.94953,11.984,7.24756,7.47806,9.6674,2.67725,8.20627,8.28208,6.23217,-72.224,-978.44,-167.872,-20160,22400,-140
-6.69885,-2.29354,-10.6126,-5.29006,-6.43114,-9.50498,-7.57016,-11.7848,1.77342,-5.58957,-2.12378,-8.39631,-5.9964,-10.3944,-2.5313,-9.12725,-73.2,-978.928,-164.456,-20440,22120,280
-3.95044,-1.78144,-7.86084,-1.46441,-4.78462,-10.9867,-3.00591,-7.99697,3.6862,-2.23201,-0.517369,-5.40482,-5.61698,-8.61492,1.61072,-5.37978,-76.128,-985.76,-156.16,-20860,22260,560
1.64114,0.424141,-2.60155,3.10225,1.22442,-18.8815,2.29488,-11.8012,5.92802,2.78456,1.16211,2.18191,-9.06627,-11.5909,6.09954,-5.1727,-74.176,-991.616,-152.744,-21000,22400,560
-1.74386,3.52286,0.411015,6.93111,5.13689,-4.90203,10.2695,1.2275,2.73558,1.38468,2.978,4.86185,-1.98497,-4.41468,9.00679,4.6638,-74.176,-992.592,-149.328,-21280,22120,700
-5.89873,-6.52211,0.48031,-2.56294,-4.82399,10.36,2.69235,5.81788,-8.45984,-0.159014,-3.73556,-3.25367,0.409717,4.83565,-3.42795,5.11915,-77.592,-992.592,-150.792,-21000,21420,840
-5.96124,-12.0509,-0.319138,-11.4059,-9.62711,12.5738,-10.5975,-3.32218,-10.5032,-4.34423,-9.30499,-7.03492,2.7196,5.18378,-14.0114,-4.19246,-77.592,-991.128,-147.376,-21140,20860,1120
-6.91604,-10.6832,-2.4005,-10.179,-5.5062,5.37687,-13.619,-6.6129,-6.06128,-7.53046,-6.49671,-6.63851,2.79767,-2.12186,-14.0048,-9.04373,-80.52,-984.784,-152.256,-21560,19040,840
-6.22354,-5.08772,-2.47564,0.712367,0.166336,-4.61552,-6.33428,-2.75012,-2.84671,-7.54114,-10.0352,-4.73812,-3.83258,-6.13268,-7.19226,-3.83902,-80.032,-985.272,-153.232,-22260,17360,980
8.27203,8.19656,6.55327,13.5887,6.48341,0.0846755,9.1379,8.25885,11.8371,3.80688,-4.37467,8.69172,-1.72666,7.66469,8.94146,10.5438,-79.544,-983.32,-152.744,-22820,16940,980
17.2154,17.1555,12.6299,19.9178,19.6565,8.16894,22.0198,16.186,20.7288,9.4619,7.36716,19.0589,7.07987,17.7135,22.9303,21.0329,-79.056,-980.88,-152.744,-23660,15960,980
7.04884,11.8493,0.670871,15.0601,16.4035,-7.98949,14.6597,1.22185,14.678,0.423956,1.28884,9.83041,1.0632,0.971226,18.5142,8.78924,-81.008,-983.32,-153.232,-24780,15400,700
6.08775,10.715,2.33144,14.7991,7.56547,-5.17547,7.92973,-1.42492,9.98601,4.53914,5.47194,5.86655,6.86888,0.38147,14.0836,3.02969,-81.496,-983.32,-155.672,-26180,14840,980
-6.33435,-6.19747,-3.35876,-5.66562,-15.3075,-1.55577,-8.08474,-3.93609,-4.36028,-4.36053,-1.92255,-10.5263,2.31284,-3.6946,-1.53943,-3.98666,-77.104,-983.32,-158.6,-26740,14280,840
3.91846,-2.43862,4.47978,-8.96231,-7.47489,7.61027,-1.7144,5.52519,0.221385,4.08534,2.50662,-0.397779,2.56616,5.75822,-0.716233,5.29606,-80.032,-981.368,-160.064,-26880,13720,1120
2.55998,-5.2739,-3.46154,-12.1714,-7.17318,4.6964,-4.14703,4.28458,-2.29934,-1.24287,-2.37387,-1.80207,-5.09643,2.42657,-6.79856,1.03662,-82.96,-980.88,-157.624,-27300,12600,1260
-7.7835,-7.5392,-11.6237,-13.3001,-6.93289,0.244217,-8.45321,-2.26269,-8.64294,-12.3051,-7.5425,-7.87845,-8.6441,-6.80093,-12.3403,-4.41616,-82.472,-983.32,-161.04,-27440,11620,1400
-0.465763,-1.27464,-3.31776,-7.5584,-1.87011,-2.36523,-9.1108,-7.98079,-6.79451,-0.370367,3.49454,-2.85446,-0.709958,-5.75561,-11.2866,-9.14592,-78.568,-984.784,-163.968,-27300,10920,1540
0.412117,-0.871164,-1.79466,-0.98359,-3.67645,-9.88223,-8.22245,-10.9494,-4.60903,4.0343,4.51497,-3.78189,-1.25222,-8.1812,-4.55858,-13.2257,-80.52,-986.736,-167.384,-26320,9800,1260
-7.17128,1.32716,-1.21638,5.86439,1.84879,-0.229741,4.33717,0.838805,-5.30109,-4.72458,-0.777363,-3.74938,-0.510532,0.940862,5.59043,-0.13803,-78.568,-985.76,-178.608,-25900,8820,1120
-3.8199,0.228385,7.18762,4.01831,6.40022,7.83724,4.07029,-2.63168,-9.16561,0.373772,5.00117,2.1033,8.61894,6.44222,2.4049,0.247366,-79.056,-986.248,-180.56,-26460,8540,980
-3.8012,-6.99365,2.71658,-6.52395,-4.35356,-0.863363,-10.1722,-8.51935,-10.1525,-0.0202454,5.31872,-3.91413,4.15429,-2.94559,-10.2202,-10.7609,-76.128,-986.736,-182.512,-26460,8680,840
-6.22475,-14.5604,-6.84772,-13.508,-13.7904,-7.80823,-12.2201,-4.94614,-9.33656,-1.38055,3.89271,-12.1735,-3.97825,-11.5244,-15.1644,-10.015,-76.616,-987.712,-188.856,-25480,8680,700
-4.25303,-5.79592,-4.03824,-4.03918,-1.48026,-2.18802,3.56781,3.63394,-3.33971,-0.99557,-2.3896,-3.77676,-4.41645,-5.38831,-2.72108,3.50474,-80.032,-990.64,-186.904,-24080,9100,560
4.70222,0.921031,1.623,-0.521046,2.52413,3.74835,4.95631,3.66979,5.29566,2.83829,-4.45145,3.59828,-2.23424,1.95356,0.619,3.96912,-81.984,-989.664,-185.44,-23100,9100,420
6.61108,0.073112,3.04871,-4.41762,-2.45609,6.69957,-3.9025,4.09815,6.43491,6.11806,4.34354,2.93488,3.34289,3.07178,-5.14776,-1.13619,-80.032,-990.152,-190.808,-21980,9100,140
-5.12229,-3.66764,-3.03803,-9.26963,-6.51197,-1.29078,-9.04029,-2.06512,-2.39933,-3.40746,-2.76343,-4.0803,-2.03224,-3.04125,-13.0981,-5.96129,-82.472,-992.104,-190.32,-20720,8680,-280
0.815967,6.91028,4.71173,1.51035,4.63975,1.82893,-3.8626,1.22817,-1.14027,2.04741,-1.66661,6.13993,2.2406,2.46294,-6.53688,-2.80493,-76.128,-986.248,-198.128,-19180,8120,-420
-9.45879,-1.66078,-8.41467,-2.47778,-6.55798,-9.22554,-10.0085,-0.899014,-4.21567,-12.7079,-8.66299,-6.94305,-10.3771,-8.53257,-7.27451,-8.72925,-78.568,-990.152,-196.176,-17360,7700,-980
6.60395,15.1097,4.74205,17.9344,13.8696,3.71129,17.1929,11.9816,14.2277,3.0756,3.54937,10.6045,2.32868,9.80936,17.4779,16.0189,-85.888,-993.568,-198.128,-15680,6860,-1120
24.8511,27.9818,17.921,29.8353,26.5936,8.20277,29.3739,10.2942,27.0264,21.9136,7.62984,25.5031,9.08265,17.6775,32.4726,22.303,-84.424,-992.104,-199.104,-13720,5320,-1400
14.022,9.46562,4.97433,11.3032,6.94981,-1.14904,10.4798,2.02332,13.5782,10.9609,4.71828,9.10629,2.08658,2.89494,19.0269,4.65121,-88.816,-994.056,-200.08,-12460,3920,-1680
-6.35872,-6.18562,-5.93414,-3.16058,-4.3257,-0.0850652,-3.1425,1.31319,-5.71202,-8.72501,-4.62977,-5.26292,-0.492443,0.0323676,1.52756,-1.44528,-85.4,-994.544,-200.08,-10780,2380,-1680
-16.3579,-11.1658,-8.39268,-8.36638,-7.01588,2.19006,-5.40077,3.63047,-13.411,-12.2402,-6.34305,-12.3483,-0.696028,-0.562126,-5.78042,0.189688,-81.984,-993.08,-199.592,-9520,980,-2240
-22.3725,-18.1272,-10.0964,-12.4574,-7.87269,1.00716,-6.47092,-0.318265,-19.5065,-16.8689,-11.1396,-17.5299,-3.65093,-1.80446,-10.2953,-0.472057,-81.008,-991.128,-200.08,-8960,140,-2520
-9.19953,-10.3199,-3.62113,-4.78599,-0.449973,0.633261,-2.58439,-4.48441,-11.6184,-6.09671,-1.85037,-7.04861,1.66474,-1.34706,-5.88243,-0.491893,-82.472,-993.08,-200.08,-7980,-560,-2800
10.6823,1.4832,4.39006,1.58869,2.30056,-5.69588,-0.224952,-9.30327,5.74634,12.0036,4.55155,5.07491,-0.139188,-3.05522,0.574103,-3.07548,-77.104,-990.64,-195.688,-7700,-280,-3080
18.8274,12.0056,11.5849,14.7264,12.189,1.06868,15.3861,3.16688,13.8311,15.8931,6.70528,16.8259,0.125714,7.76502,16.0201,8.37318,-76.616,-990.64,-192.76,-7000,-420,-2940
6.88558,1.41103,-5.22518,1.58972,-4.5463,-8.83969,1.38204,-4.14253,6.65722,-2.28017,2.42919,3.82314,-4.46384,-4.90473,3.17337,-3.11848,-76.616,-989.664,-196.176,-5880,-280,-2940
6.08732,5.79064,-3.45768,-0.958182,-2.54075,-8.67045,-2.01915,-6.91457,8.47666,0.651166,5.07326,2.86611,0.647719,-10.3496,-2.65959,-4.9137,-79.056,-990.64,-194.224,-5180,-280,-2660
-1.07855,1.5343,2.65797,-2.36401,-3.84152,-0.445296,-3.20821,-1.73583,-0.885639,5.1763,4.05504,-1.8324,2.50179,-5.39664,-4.36287,-2.04964,-77.104,-987.224,-193.248,-4060,-140,-2380
-7.86595,-8.50669,1.44175,-5.32569,-9.34001,4.57929,-6.6219,0.0244681,-11.7517,-1.36934,-4.0061,-6.89817,-0.614228,-0.661996,-4.68522,-2.75805,-77.104,-986.736,-194.712,-3360,-140,-2240
-9.66329,-11.4469,-1.4961,-9.53221,-6.00464,8.55378,-4.01783,4.57887,-14.2064,-7.27613,-3.53284,-6.79876,1.56,2.92611,-4.19426,1.43775,-73.688,-984.296,-195.2,-2800,-420,-1960
-15.8148,-13.1432,-5.36158,-13.5551,-5.94178,4.16503,-8.64496,-3.52768,-14.6805,-14.2755,-9.57556,-9.91681,-1.01858,-0.846162,-11.037,-3.98689,-74.664,-984.296,-198.128,-2100,-560,-1540
-1.951,1.86186,1.5843,1.96425,4.22115,4.08984,1.0272,-1.32518,0.995603,-0.810682,-2.32081,0.736074,2.93502,3.33938,0.693152,0.603168,-77.104,-985.76,-198.616,-1540,-840,-1120
5.11814,5.38259,-0.923075,5.91782,3.29386,-0.56956,3.5867,2.88741,5.09512,3.89551,2.33329,0.801663,0.433076,0.546305,7.49542,1.99402,-74.664,-983.808,-198.616,-700,-1260,-700
3.31791,4.30631,-3.54672,2.28457,-2.19741,-4.77347,-2.21997,-0.578191,3.4065,1.13287,1.02034,-2.08194,-4.10441,-4.69174,2.74065,-4.6947,-76.128,-983.32,-195.2,-280,-1680,-280
0.192479,-0.730216,-1.58917,-5.07293,-5.4672,-4.18593,-6.93153,-0.83873,-1.03243,-0.196257,1.03135,-3.01748,-2.25733,-5.3428,-5.41354,-7.97383,-76.128,-981.856,-196.664,420,-1960,140
0.0762099,-1.56694,-0.435671,-4.08543,-2.09732,-1.21345,-4.13433,0.313713,-1.35213,-2.89133,-3.54544,-1.38258,-1.6429,-1.0235,-4.90328,-2.22869,-74.176,-982.344,-200.08,980,-2380,560
12.3929,8.30396,7.66518,3.12805,5.85016,-0.679663,-0.531104,-6.1995,10.2186,6.99885,3.68066,8.61873,1.42005,5.02278,-1.99453,-1.38029,-77.592,-984.784,-201.056,1820,-2660,840
14.7529,16.771,13.3944,13.1633,15.789,6.17934,10.8819,0.876221,15.3543,10.644,7.82063,16.073,6.99224,12.297,8.92713,6.38159,-73.688,-984.784,-198.616,2800,-2800,980
6.02459,8.35721,3.22007,7.97109,6.88344,0.971719,8.12073,3.42352,10.0759,3.26431,1.50115,5.04788,0.0404336,4.63136,7.53242,6.33085,-73.688,-981.856,-202.032,3360,-3360,1120
4.97037,8.64356,7.872,10.8006,11.0974,8.55847,11.8589,8.64435,7.03074,5.44187,5.69408,8.7519,6.21486,11.8848,10.0111,12.6413,-74.664,-986.736,-200.568,4760,-3780,1260
0.613195,3.64732,1.69832,6.16558,2.52508,2.50714,2.61046,-0.894266,5.78316,0.758471,2.5649,2.74754,1.68072,4.57012,5.06633,4.04529,-73.688,-987.224,-201.056,5600,-4620,1260
7.30225,8.40049,5.09609,7.74368,3.9667,0.54916,1.33351,0.425335,10.5653,10.8689,10.248,7.27277,5.30853,2.47341,6.01226,0.704318,-75.64,-985.76,-200.08,7000,-5320,1400
2.12502,7.09963,4.55573,11.2925,8.56593,0.831771,7.59772,2.56356,5.48846,4.49619,2.06388,7.15586,1.82582,4.80568,8.52139,4.8411,-78.08,-985.76,-203.496,8260,-6300,1400
-4.61463,2.22269,-3.06171,4.94945,0.922992,-2.32346,3.79106,2.78352,1.15107,-5.26258,-5.28759,0.328786,-4.68353,-1.24537,3.92894,2.03616,-76.128,-986.736,-201.544,8960,-6860,1260
-5.88239,-3.44503,-6.14589,-5.97893,-5.82294,-2.80595,-2.46927,2.79021,-2.67264,-6.2489,-5.18898,-3.69261,-3.72865,-4.68471,-5.9868,-1.3229,-74.176,-983.32,-197.64,10080,-7700,1260
-0.0535895,-3.69412,-4.26088,-6.66722,-5.13667,-3.88983,-3.10227,1.33509,-2.70356,0.203228,0.395032,-2.47864,-2.16682,-6.15132,-5.68991,-2.77466,-75.152,-983.808,-196.176,10640,-8260,1260
-0.236945,-7.52158,-2.32954,-8.60562,-8.01499,-5.68005,-9.22521,-6.19365,-6.16453,3.23247,2.56885,-3.73742,-1.21147,-6.78289,-10.3056,-9.19463,-75.64,-986.248,-197.64,11480,-8680,1260
-9.74138,-16.1576,-6.96227,-14.191,-11.9949,-1.8747,-10.0004,-1.32278,-15.7322,-4.50153,-0.902975,-11.4591,-1.40133,-7.27397,-13.3186,-7.81754,-76.128,-984.784,-193.736,11620,-9100,980
-23.4103,-26.0783,-16.3083,-22.4895,-17.2051,-2.82335,-10.6816,-0.21238,-24.5893,-20.3659,-13.1217,-21.4486,-7.43042,-10.0752,-16.9601,-6.01885,-75.152,-984.784,-195.2,12180,-9380,1120
-16.9315,-22.4706,-9.14889,-20.4219,-10.5045,0.572049,-8.6061,1.47208,-21.2052,-12.1645,-7.17871,-13.9826,-2.08305,-5.79475,-17.4853,-2.36007,-74.176,-985.76,-190.808,12600,-9520,840
-13.4491,-21.9032,-11.4282,-21.8528,-13.9412,-5.972,-12.8599,-5.2926,-15.6951,-9.16875,-7.41708,-15.9678,-5.9405,-12.5463,-18.1066,-8.3605,-75.152,-984.296,-191.296,12880,-9660,840
-9.6045,-14.6549,-6.72164,-13.5123,-8.0152,-3.04485,-8.29107,-5.66199,-10.2585,-7.15841,-5.28075,-10.9646,-3.66704,-6.27435,-10.6743,-5.90609,-76.616,-984.296,-187.88,13020,-9800,980
-2.90849,-5.5074,-2.0133,-5.12096,-4.83808,-1.79368,-6.33326,-3.16737,-5.33203,-2.89509,-2.20639,-4.87974,-1.54884,-3.72542,-4.53773,-4.50104,-78.08,-987.224,-189.344,13440,-9800,840
-9.06992,-3.8756,-9.31411,-4.3623,-8.39516,-6.07466,-8.71163,-3.8421,-6.01692,-13.587,-11.1529,-8.91996,-7.89835,-8.40049,-5.69448,-6.2103,-79.056,-984.784,-186.904,13160,-9940,700
-8.99275,-2.62125,-7.67369,-3.41997,-5.3886,-1.49785,-5.24879,1.13278,-7.29084,-13.72,-10.0318,-7.07941,-5.18583,-4.21762,-2.90565,-2.52617,-78.08,-982.832,-185.928,13160,-10360,560
6.07626,5.49221,1.62502,7.80572,3.93299,0.567741,4.2209,-0.159955,6.43221,2.46458,1.79879,2.43796,-0.301283,1.3628,10.9785,1.89244,-76.616,-987.224,-184.952,13020,-10360,700
12.6484,14.9995,9.22411,18.5571,12.6147,4.57892,11.5172,1.72665,12.1547,9.33208,6.96268,10.7948,3.7869,9.55696,17.9915,6.59272,-81.008,-985.272,-186.904,12740,-10080,420
11.1813,15.4253,12.4594,19.6207,15.4195,5.95283,13.1036,-0.0950087,6.66827,10.6263,7.99517,12.0083,8.14257,11.1056,17.3196,7.01315,-81.496,-986.248,-190.32,12880,-10780,420
7.87981,13.3996,9.70547,15.7973,11.9342,2.86964,7.51792,-4.02359,3.06524,8.51086,4.4287,10.1889,6.92861,7.45447,12.7043,1.14426,-82.472,-985.272,-190.808,12880,-11060,280
16.2606,19.1062,13.1928,19.1183,15.3324,5.65588,10.5173,0.0610346,11.3726,13.4867,7.538,17.5361,7.78033,10.1203,13.6272,5.77583,-80.032,-985.272,-188.856,13440,-11200,140
26.2343,23.8305,18.4616,19.6957,18.4771,9.46243,15.4925,6.52252,24.965,21.5676,12.388,23.8021,10.3433,14.5646,15.8446,12.459,-80.52,-987.224,-187.88,13440,-11340,-140
25.8589,22.51,16.847,16.3127,16.1826,7.81528,15.1808,7.82313,29.0351,20.942,12.1304,21.8223,8.86651,13.7808,13.9832,13.182,-81.984,-988.688,-191.296,14140,-11760,0
19.4416,20.5023,10.2712,16.0069,12.6299,4.24308,15.5336,7.95329,24.2803,17.1092,12.666,16.3763,5.71503,9.33364,17.3582,10.9231,-81.984,-990.64,-190.808,15260,-12460,0
9.1755,13.5188,1.35783,10.6198,4.4626,-3.9484,9.98098,0.253031,14.7605,5.86476,3.20382,6.81943,-3.29732,1.50373,13.1348,4.47434,-80.032,-987.712,-190.808,16100,-12740,0
9.27298,12.9561,6.62854,11.6129,10.4323,2.97925,14.2697,7.48108,11.9609,9.16506,7.45484,10.3519,3.12142,6.20717,14.4993,11.9604,-79.544,-988.2,-193.736,16800,-13720,0
1.80664,1.21092,1.89101,-2.3692,-2.43686,-1.54686,-3.40306,-2.3695,2.37961,4.09883,2.18559,1.78733,0.994555,-1.52808,-1.07317,-2.72176,-82.96,-984.784,-188.856,17220,-14000,0
-11.9138,-7.45925,-3.74359,-8.43605,-7.89799,1.01906,-8.61161,-1.81983,-9.04311,-7.73266,-4.57313,-6.45392,-0.373464,-3.80667,-7.37934,-4.77333,-83.448,-982.832,-186.904,18060,-14280,-140
-19.9209,-17.6647,-10.9803,-15.4865,-12.242,-0.461012,-10.1407,0.725926,-16.1126,-14.5704,-9.45969,-16.0981,-4.60372,-7.39197,-12.1,-4.07663,-79.544,-980.88,-185.44,18760,-14280,0
-15.1898,-15.5817,-10.8195,-13.3569,-10.4566,-3.22841,-8.8802,0.507493,-11.9697,-11.1045,-7.63877,-13.7675,-6.4036,-6.7714,-11.4044,-4.84651,-81.984,-981.368,-185.928,19180,-14140,-140
-15.9096,-15.0512,-11.6004,-13.9549,-11.4655,-5.80052,-10.8731,-3.2295,-13.7504,-11.1448,-7.60296,-12.7299,-7.17431,-7.65286,-14.5578,-8.67028,-79.056,-980.392,-184.952,19600,-14140,140
-14.6995,-11.8016,-7.07023,-12.3854,-8.60211,-3.77973,-9.25822,-3.68111,-11.5598,-10.7243,-5.66467,-9.42076,-2.48768,-4.01557,-15.6928,-6.54486,-79.544,-979.416,-179.584,20020,-14280,280
-13.8624,-12.3126,-6.37343,-13.7072,-7.84698,-1.89643,-8.51729,-1.87322,-7.84472,-13.8093,-10.2276,-9.97475,-3.78539,-1.83737,-17.1491,-2.0439,-79.056,-976,-176.168,19880,-14280,420
-0.748417,-10.1458,0.181582,-12.2949,-4.95409,0.0404541,-7.5181,-1.01134,-2.97081,0.236821,1.29602,-3.46616,0.0491634,-0.791272,-13.2771,-2.0604,-78.08,-977.952,-177.632,20440,-14280,560
-4.38383,-15.282,-4.39256,-15.6309,-12.1783,-4.28241,-13.5368,-6.66783,-10.1615,-4.00738,-0.120763,-8.42299,-2.2701,-7.40171,-14.1029,-10.6596,-77.592,-977.464,-177.144,20300,-14280,700
-1.35907,-6.71686,-3.04979,-4.10702,-2.37751,0.785712,-4.15752,-1.34515,-8.61434,-4.44869,2.1662,-4.43967,2.18926,-3.18788,-4.28618,-4.37631,-78.08,-982.344,-174.216,20020,-14000,840
-4.26247,-8.21633,-4.10741,-5.27424,-3.33532,-2.66582,-4.88135,-3.31563,-9.80823,-7.27358,-3.12202,-7.65158,-1.57112,-3.7668,-6.23877,-4.85526,-79.544,-983.32,-176.656,20440,-13440,1120
-0.107405,-4.49568,-0.656961,-1.60286,-2.20465,-3.59499,-2.97651,-3.29577,-6.87657,-1.24186,-1.70455,-3.30387,-2.08527,-3.26196,-1.97345,-5.22208,-78.568,-979.904,-174.216,20440,-12740,980
-1.48422,-2.41777,-2.92969,1.89577,-1.39817,-4.44564,1.50097,-0.688786,-6.19604,-3.85137,-3.32304,-2.74898,-2.52402,-4.96935,4.27422,-1.80675,-80.032,-981.856,-172.264,20440,-11760,1260
-2.0067,-0.251488,-3.89328,4.08881,0.730256,-3.95385,3.63435,-1.39445,-4.37057,-4.846,-4.28945,-1.52861,-3.48005,-3.86669,6.6629,1.33153,-78.08,-980.392,-173.728,20580,-11200,1260
4.2791,7.24464,1.37032,9.45718,7.237,3.11286,8.30394,4.38176,3.87508,3.78889,2.73925,6.01811,1.46126,2.85049,10.686,6.28144,-78.568,-983.808,-171.288,20160,-10360,1120
5.50447,7.59781,2.24867,9.48549,5.66509,4.26691,5.95513,3.58045,7.73111,4.84966,1.69048,6.09604,0.380867,3.18098,7.47122,4.93824,-80.032,-984.296,-166.408,20020,-9940,1400
3.97232,5.72531,-0.737631,6.08227,1.74994,1.60541,0.943327,1.15546,7.56074,4.58403,2.32238,3.01782,-1.45579,0.195937,3.90126,-0.153934,-79.544,-983.32,-172.752,20020,-9520,1540
4.76765,4.71454,1.18398,1.91722,1.0112,1.83703,-0.604698,2.08856,9.34956,7.28901,5.23731,3.37074,0.533247,0.975994,-0.0831847,0.588802,-77.592,-986.248,-172.752,20020,-8960,1680
4.68456,6.55509,4.93657,3.25711,3.03684,2.71618,1.89887,2.13545,8.49442,5.88338,3.82593,6.03545,3.38251,3.98894,2.98635,2.52395,-77.104,-984.296,-178.608,19880,-8820,1680
1.07649,7.11318,5.49994,6.49053,5.96016,3.67701,5.39579,3.28875,4.46258,1.46506,-0.0914555,5.87075,5.27277,6.09507,6.28479,5.28999,-80.032,-985.76,-172.752,20020,-8680,1960
5.5285,8.82611,7.07587,7.98754,5.73227,1.74386,4.65076,1.34481,6.02626,6.49634,3.03007,7.57454,5.72698,4.73732,6.42209,2.22704,-79.056,-985.272,-175.192,20580,-8540,1960
2.91762,6.07609,2.09974,4.97436,0.569231,-2.73348,2.71119,-1.19658,4.07697,1.50267,-2.21603,3.45338,0.925619,-0.24972,4.82243,-0.849659,-78.568,-983.808,-175.192,21140,-8820,2240
9.71057,10.2554,8.61946,7.16294,7.05836,3.65258,7.59104,2.94811,9.39852,8.57467,4.59858,8.84454,6.20584,5.79516,7.38588,4.04904,-82.96,-983.32,-174.216,21280,-8960,2240
-2.24159,-3.20607,-0.935778,-5.45724,-3.04917,-2.16102,-2.01972,-2.92707,-2.52092,-1.0575,-0.762834,-4.11547,-1.06062,-1.03631,-1.86857,-2.58962,-80.032,-978.44,-174.216,21560,-9100,2380
-5.46934,-5.4037,-0.856022,-6.92138,-3.09065,0.984809,-1.32479,-0.630072,-8.36031,0.248101,2.4028,-5.99885,1.19669,0.531993,-3.3757,-0.438574,-79.056,-979.416,-176.168,21700,-9380,2240
-10.1801,-14.019,-6.51609,-17.4241,-12.9968,-4.12464,-11.6139,-7.65879,-12.3517,-4.99391,-2.52847,-13.9018,-3.45299,-8.23644,-15.3605,-9.40759,-78.568,-980.392,-173.24,21840,-9240,2380
-1.68415,-2.94158,-0.470259,-4.25392,-0.258576,1.59147,0.443148,2.48148,-1.45159,-0.27052,-2.72262,-2.92194,-3.32868,-0.192705,-3.52803,2.54669,-79.056,-978.928,-170.312,21420,-9100,2380
13.2842,10.1904,6.34511,8.29765,11.1814,4.37789,9.10737,5.07698,11.1739,7.83443,0.213682,11.0273,-2.44126,7.26706,7.36373,8.42556,-77.592,-979.904,-172.752,21560,-8680,2240
9.36596,8.87587,4.07288,8.43757,10.2758,4.15771,7.01328,2.36314,7.46616,2.16414,-0.147733,10.3408,-1.09671,7.41096,5.73188,7.34744,-76.616,-977.464,-174.216,21560,-8680,2380
2.3502,3.94117,-0.0736868,3.36641,3.22835,1.84324,2.3027,1.82739,4.41239,-3.35703,0.42277,2.6421,-0.743888,1.91422,1.99564,2.72485,-79.544,-979.904,-174.216,21280,-8540,2380
-8.53719,-4.86875,-7.42424,-2.4158,-4.92862,-2.00995,-1.97307,1.9044,-6.17605,-9.11675,-1.54377,-7.58025,-4.12473,-5.24317,-0.927133,0.00449907,-80.52,-976.488,-173.728,21420,-8260,2660
-12.3331,-9.47337,-9.42007,-4.8005,-8.38577,-5.30178,-6.93099,-4.28146,-12.06,-9.09304,-3.58848,-9.67142,-5.10114,-7.53526,-3.51692,-5.09199,-79.544,-979.416,-173.24,21420,-7980,2660
-0.460031,-3.57299,-0.369318,-3.0502,-3.23075,-1.21043,-6.39605,-4.69299,-0.831901,2.46369,3.90551,-0.0435143,2.9953,-2.34227,-4.3367,-5.4262,-82.472,-979.416,-172.264,21140,-7700,2800
-2.99995,-6.63324,-3.24296,-6.46794,-6.04065,-3.64657,-7.18772,-6.41848,0.703513,-1.38125,-1.01522,-4.40762,0.141487,-3.25999,-5.81276,-6.19828,-81.496,-978.44,-171.288,21000,-6720,2520
2.81377,3.06874,2.14563,3.02988,2.05212,0.564834,0.303118,-1.0871,5.65503,2.32145,3.17906,2.56957,3.77361,2.12961,2.57038,-0.994737,-86.376,-977.464,-174.704,21000,-6720,2520
0.339567,-0.471584,1.22146,-0.87003,-2.08387,-3.66622,-5.71138,-5.50531,0.0254592,0.123011,-0.0686738,0.413919,1.80374,-1.50914,-2.93904,-5.07365,-87.352,-978.44,-166.896,21140,-6440,2380
-1.24773,1.13572,-0.0327169,2.88994,2.215,-1.83364,1.64071,1.6969,-1.15327,-3.49387,-4.45387,1.08801,-0.988844,-0.465008,3.39302,2.84094,-90.768,-981.368,-171.776,21140,-6580,2100
2.65974,4.1206,2.4884,6.05409,4.53923,0.125026,5.38865,4.18932,-0.794391,-0.241639,-1.43012,3.06652,-0.801694,0.550016,6.81433,4.80488,-86.864,-986.736,-168.848,21000,-7140,1820
3.3713,0.661692,-1.11381,2.74331,-1.21737,-3.74085,1.87771,1.36602,-0.628406,-0.0186339,1.17318,-0.915822,-3.31707,-4.27709,4.52515,-0.0853536,-89.792,-988.688,-169.824,20860,-8260,1680
1.81665,3.07575,0.365999,4.97662,1.75157,0.0415952,5.46225,4.40987,1.02939,-1.03761,1.04026,1.84658,-0.658326,0.21303,3.11163,3.16729,-84.424,-987.224,-168.36,20440,-9380,1260
0.546713,3.19051,4.36007,4.39333,3.27756,2.8948,3.98058,-0.122536,-0.833016,0.986247,0.91541,4.44883,2.68638,5.28349,-0.0914863,2.64863,-84.424,-988.688,-163.48,20020,-10220,1260
1.93518,3.46677,6.16099,5.65622,5.8187,7.66208,7.49523,5.14702,-0.276231,4.76076,3.16356,6.32748,5.78187,9.92377,3.23733,7.36064,-82.96,-987.224,-166.896,19320,-11200,840
0.942184,0.591922,3.42705,1.31604,4.50199,7.61022,5.6463,4.62876,-1.08964,2.58482,0.105731,3.71992,4.25817,7.99405,-0.398032,7.68562,-82.96,-988.688,-163.968,18620,-11760,840
-2.22628,-3.91987,-0.709802,-4.1975,-1.40918,1.47568,-0.430147,-0.870108,-1.81459,0.418319,-3.07901,-1.64922,-0.0983376,1.72122,-3.76608,1.12699,-78.08,-989.664,-159.576,17780,-12600,700
-0.22973,-5.09179,-1.67594,-5.46386,-4.70312,-0.211857,-4.89517,-1.15552,-1.79154,2.94985,0.905973,-3.32149,1.14413,-2.79645,-5.61623,-3.28208,-78.568,-989.176,-163.48,17080,-12880,420
0.788505,-3.42697,-1.7844,-5.14676,-4.18908,-0.369528,-7.45217,-2.88187,-0.876653,2.44045,2.83104,-2.06684,1.28495,-2.64555,-5.78684,-6.33269,-81.008,-991.128,-158.112,16380,-13160,560
-4.16907,-6.59067,-6.37982,-8.72992,-8.29127,-5.36383,-10.0541,-7.02564,-3.66681,-3.10976,-2.44555,-6.09795,-3.88929,-6.50546,-7.30343,-11.6508,-80.52,-993.568,-158.6,16380,-13300,280
-1.08591,2.04456,-0.847041,-0.186951,0.37876,-0.223743,0.900604,0.599426,0.805555,0.400288,0.441244,-0.30131,-0.553965,-1.00012,3.04021,-1.34957,-81.008,-992.592,-160.552,16240,-13720,140
-6.25934,-3.78327,-6.0079,-6.77694,-8.1882,-6.97471,-7.2781,-6.44493,-3.29414,-4.09634,-1.87683,-7.75686,-4.1709,-9.31877,-3.97573,-9.42296,-78.568,-990.152,-162.504,15540,-14280,140
-6.72163,-0.436647,-4.78399,-3.40516,-3.91069,-0.709542,-2.70885,2.42417,-2.40605,-5.33983,-0.408786,-6.26156,-1.23513,-4.72044,-1.97915,-2.57285,-79.544,-993.568,-153.72,15260,-14280,-140
-5.84121,-4.03979,-2.10895,-6.03486,-4.43884,-1.53403,-4.03126,-1.00179,-2.73604,-5.05401,-3.8939,-6.34954,-2.54859,-4.11407,-5.11032,-3.24186,-81.008,-988.2,-158.112,14980,-14700,140
3.21931,1.66884,4.96531,1.26538,5.61105,3.99243,6.18834,6.55932,4.61233,3.97,1.53928,3.16219,1.93471,3.70977,2.88094,5.90557,-79.544,-989.664,-153.232,14420,-15260,140
1.00898,0.125189,1.89909,0.948265,3.95855,1.78596,4.064,5.31777,4.87706,0.297417,-1.5441,0.363718,-0.615963,1.65826,2.52355,4.4403,-78.08,-991.616,-151.28,14000,-15400,140
0.531256,1.92798,-0.140772,2.31788,1.33879,-1.31902,-0.250597,1.15127,5.51249,-0.383069,-1.41148,0.519763,-1.44073,-1.13895,2.56688,0.241827,-80.52,-991.128,-150.304,13580,-15680,140
0.80847,4.57138,-0.290116,5.30718,3.20742,-0.175204,4.12416,2.99036,4.84644,-0.642339,-0.674715,2.54061,-0.976294,0.853928,5.32447,4.90594,-81.008,-990.152,-142.984,13160,-15540,280
4.52269,4.38669,2.32679,4.62346,4.00554,0.592659,2.49655,-0.303459,3.87009,2.26737,3.2212,4.2454,1.96154,1.9487,3.37188,2.89553,-81.008,-992.104,-145.912,13160,-15260,420
2.23962,-0.331728,1.57125,0.98807,1.91264,0.389758,0.398611,-1.15835,-0.853456,1.07838,0.774035,1.89128,1.82387,2.34572,1.27383,1.18404,-81.984,-992.104,-145.424,13020,-15120,560
3.14378,-0.923341,3.06145,0.0495031,2.39783,3.51439,0.806556,0.281602,-0.300665,2.97647,2.96303,2.29333,4.57015,3.1371,0.236792,0.837579,-78.08,-989.664,-143.96,13020,-14980,700
6.81431,2.93349,2.66132,2.40898,2.91678,0.812717,2.42242,-1.21019,6.61809,3.07263,0.271918,4.45207,0.945674,3.30744,1.76528,0.610747,-79.056,-988.2,-148.352,13020,-14840,980
6.57514,2.56231,2.1383,3.33322,3.82754,1.99718,4.63812,2.68366,2.9317,3.42664,3.74766,4.36529,1.80599,2.73483,3.08949,3.28359,-79.544,-986.248,-148.84,13020,-14700,980
-0.133909,-2.76752,-0.249329,-1.77421,-1.14222,-0.912765,-1.22021,-2.58355,-4.51618,-1.93092,1.93631,-1.72723,0.340615,-1.2984,-2.7795,-1.50477,-78.568,-986.248,-144.448,13300,-14560,980
-2.18013,-3.15379,-0.521326,-1.19175,-1.49058,-1.81437,-0.463578,-2.56024,-6.96768,-0.48406,1.28189,-1.09784,-0.329256,-0.399838,-2.47565,-1.36756,-81.496,-980.392,-141.52,13020,-14000,980
3.68029,1.51415,1.47154,2.10475,0.134402,-1.3878,-0.77306,-2.0676,-0.550153,4.74168,2.75326,3.83022,-0.773318,1.79444,-0.0550095,-1.29221,-79.544,-980.392,-144.936,12600,-13860,700
5.94753,4.46471,3.38013,4.47214,1.29465,-0.431192,0.631534,-0.540798,5.29538,4.03896,0.595071,5.56258,-1.67572,1.99295,1.64758,1.17414,-80.032,-978.928,-146.888,12320,-13580,700
1.86244,3.97601,1.32411,4.66259,2.18024,2.07293,2.60771,1.71871,3.01644,-0.816678,-1.0984,2.47213,-0.904942,2.16397,2.91379,3.65313,-81.008,-977.464,-145.424,11620,-13020,280
-1.23681,1.48521,-1.95839,1.97486,-1.87464,-2.21522,-1.46847,-3.99699,-1.09857,-3.9501,-2.51171,-1.83975,-4.22744,-2.19963,3.4193,-1.97571,-80.032,-975.512,-142.984,11060,-12600,0
-6.00023,-1.53502,-4.18731,-2.4832,-5.66953,-2.19074,-6.3792,-3.77771,-5.13888,-6.55197,-5.23078,-4.64507,-4.45399,-3.60306,-2.32661,-5.26671,-81.008,-976.488,-144.448,10780,-12320,-560
-6.92326,0.795519,-2.89233,-0.704945,-2.85513,-0.312157,-5.37125,-4.406,-5.15389,-7.58875,-8.01673,-3.08209,-2.20302,-1.6081,-5.37228,-3.75732,-81.008,-977.952,-151.28,11060,-12320,-980
-9.3899,-0.563403,-5.3167,-1.25187,-2.4999,-1.97074,-2.48277,-2.80323,-7.53484,-7.68957,-7.10296,-4.33099,-4.61822,-0.776937,-3.59441,-1.23493,-82.96,-978.44,-151.28,11060,-13020,-1400
-6.46796,-4.85067,-3.09997,-3.58384,-2.18967,-0.672362,-1.43628,0.232006,-8.05728,-0.656149,-0.372182,-3.89353,-0.19499,-1.217,-1.38832,-0.19958,-78.568,-979.416,-154.208,11200,-13860,-1680
-4.35528,-8.59482,-0.910318,-6.13973,-2.44516,0.921678,-0.242726,2.38909,-8.0558,3.11408,3.06699,-3.81578,2.90405,-1.47949,-0.71702,0.698749,-78.08,-980.88,-150.792,11480,-14840,-1820
-4.61395,-9.86871,-0.278353,-9.61005,-3.80894,-0.0603919,-3.12277,-1.67599,-9.18436,1.5281,0.358106,-3.97017,4.15567,-1.20816,-5.19104,-2.06297,-79.544,-979.904,-153.232,11760,-16240,-1960
-1.63624,0.201028,3.54609,1.75078,5.28051,4.11571,7.98027,7.33258,-5.15938,1.97437,2.01599,2.64856,6.3184,5.14232,6.01563,7.62863,-76.616,-980.392,-154.208,12040,-16940,-2100
1.28494,1.98626,-2.12827,2.20738,-0.10307,-3.8684,4.91486,3.8445,4.00269,-0.940399,-0.6537,-0.631382,-1.77907,-1.62284,4.12069,3.14038,-78.08,-982.832,-152.744,11900,-17640,-1960
13.9041,12.84,7.38505,8.45416,6.39166,1.06174,6.23224,3.30124,17.8064,10.8475,8.33657,10.5809,6.71193,2.86506,6.69925,3.27322,-79.056,-983.32,-154.208,12180,-18060,-1820
5.79522,5.68565,-0.136189,1.99641,-0.65344,-2.07826,-1.37545,-2.61059,13.7731,2.04703,1.49153,2.32752,-0.183672,-3.77875,1.24718,-2.73783,-81.496,-982.344,-153.232,12180,-17780,-1820
2.67253,1.48564,0.277743,1.00761,1.37582,2.00058,0.130461,1.93611,9.83978,1.80833,3.26441,0.615584,0.646037,-2.45561,0.287307,0.370088,-81.496,-981.856,-154.208,12040,-17360,-1540
0.409944,-3.47873,-1.0397,-1.89063,0.549416,0.969939,0.621846,1.94975,3.99408,-0.522103,1.5987,-2.0566,-1.06138,-1.63032,-1.83105,1.10757,-80.032,-986.248,-155.184,12040,-16800,-1540
-0.912178,-5.44192,-2.41797,-5.11862,-3.92394,-0.550643,-4.78738,-1.85175,-0.758982,-1.99495,-0.69411,-4.19498,-1.9775,-2.72034,-7.90926,-3.75513,-85.4,-981.856,-154.208,12180,-16240,-1120
-1.53789,-4.68188,0.0822342,-5.40361,-3.21122,0.451725,-5.83973,-1.34846,-3.44444,-0.903972,-1.27978,-2.77565,-0.533755,-1.11579,-9.54143,-3.18413,-84.912,-982.832,-156.648,11900,-15540,-980
0.964106,-0.0305793,0.360303,-0.254234,0.317933,0.290836,-3.27337,-0.924104,-0.301422,1.28904,0.373337,0.380766,-0.935999,0.287315,-3.18964,-2.63961,-87.84,-982.832,-159.576,11900,-14980,-700
-1.95972,1.23309,-0.984449,-0.114045,-0.599173,-1.28657,-2.68067,-1.87477,-0.808088,-2.66646,-2.68539,-0.724178,-3.03719,1.58348,-0.503505,-2.89641,-87.352,-986.736,-157.624,11620,-14280,-560
-0.102285,7.45165,0.974045,6.1212,5.61859,3.44906,6.60754,6.23069,3.7505,-3.21843,-0.984749,3.09047,-0.617204,5.86169,7.30514,6.3407,-88.816,-983.32,-161.04,11480,-13860,-420
0.0116886,2.8447,1.29755,2.78393,2.64918,1.32858,5.21359,2.9985,1.18463,-1.45869,0.727742,0.791902,-1.19816,4.87837,5.29219,4.85454,-91.256,-981.856,-160.552,11340,-12460,-280
4.21877,5.22876,6.00618,6.19299,6.49274,3.58151,8.36923,3.49058,2.10511,5.2049,5.53262,5.19083,3.57511,6.54526,9.85536,5.72319,-96.136,-983.32,-156.16,11340,-11620,-420
-1.15737,1.17722,-0.50651,0.253159,-1.77145,-2.2667,-1.7053,-4.18549,-0.000485389,-0.0221082,-1.47222,-0.145552,-1.1718,-1.77593,0.88478,-5.11551,-97.112,-984.296,-157.624,11620,-11060,-560
1.21378,-0.526775,4.47521,0.46957,0.831267,1.63641,-0.00293826,-3.01952,-0.518771,4.02696,0.430374,1.87573,3.45299,1.40639,0.0387585,-2.02492,-96.624,-986.248,-156.16,11900,-10640,-700
3.21953,4.23699,3.78624,7.20467,5.96249,4.66691,6.67079,4.10932,3.49841,4.43393,0.522673,4.57176,2.74281,2.58765,7.65508,5.98,-98.576,-984.296,-158.6,11900,-10780,-1120
-2.88181,-2.63982,-4.50931,-1.88121,-3.36678,-2.3711,-3.99378,-4.09483,-2.57012,-2.5208,-3.87053,-2.89131,-2.40356,-5.29304,-2.22239,-3.72449,-98.088,-983.32,-156.648,11760,-11340,-1540
-1.43533,-3.6884,-3.3383,-4.70108,-3.90838,-0.924252,-7.55371,-5.22396,-4.78638,-2.33722,-3.46546,-2.08277,0.581442,-2.72439,-7.12827,-7.63074,-97.6,-984.296,-156.16,11900,-11760,-1960
-0.828321,-4.45644,-4.31131,-4.34332,-4.32078,-1.94305,-5.58589,-1.37866,-6.94609,-3.54045,-3.84781,-3.68705,-1.63615,-3.87337,-6.99598,-4.61146,-96.136,-986.248,-157.136,11900,-12600,-2380
-7.4601,-9.55315,-5.17377,-4.24476,-4.1386,-0.963872,-1.05564,2.79395,-16.2466,-6.47478,-4.31244,-7.83348,-2.69158,-2.35978,-3.78768,0.804458,-94.672,-987.712,-154.208,12180,-13580,-2520
-7.45788,-10.5589,-5.9447,-5.46775,-6.70039,-2.93567,-4.00753,-0.420476,-12.1946,-7.56839,-4.6146,-8.2469,-3.03295,-4.31942,-3.34649,-1.8553,-93.208,-985.76,-159.576,12180,-13720,-3080
1.34797,-5.11139,-0.226694,-5.34744,-5.31559,-2.87411,-5.6259,-4.79015,-2.17098,1.25616,2.4353,-1.61736,0.791197,-2.76937,-4.78421,-4.03679,-94.672,-987.712,-152.256,11900,-14700,-3500
5.62864,1.57398,3.74413,-0.89122,0.934463,-1.4555,1.24719,-1.67345,1.17709,6.05526,5.76315,4.53839,1.02971,0.803791,-0.915819,0.995113,-94.184,-988.2,-155.184,12040,-15540,-3920
1.4298,2.42053,2.37109,-0.0204918,2.11768,-2.36035,3.5369,1.00745,-0.864807,1.87763,2.08217,3.2857,-0.395414,2.26953,2.00556,3.20805,-93.696,-986.248,-159.576,12320,-16380,-4200
-2.1038,0.490489,-1.99982,-3.13867,-3.21999,-4.83033,-1.87826,-1.56231,-0.816266,-3.64103,-2.69635,-1.57778,-2.87658,-1.70109,-1.65492,-0.315539,-87.84,-985.76,-157.624,12460,-17220,-4620
9.57426,12.5591,5.55145,7.2768,6.9261,2.59082,7.28605,7.16919,14.5035,5.41297,4.86031,9.40287,3.22335,4.08229,6.72005,9.11708,-89.304,-984.784,-155.184,12740,-17920,-4900
6.33826,6.23261,2.64172,1.1709,1.53209,-2.5525,-1.11326,-1.02595,12.8716,4.49686,3.13256,4.87351,0.134998,-0.613221,-0.334199,0.629501,-87.84,-986.248,-156.16,13160,-18480,-5460
-1.69397,2.80238,1.05486,2.27107,3.40232,3.29663,0.0328986,2.93052,4.32739,-2.78626,0.456494,1.58153,2.50629,1.48771,1.12448,1.75215,-86.864,-987.224,-157.624,13300,-19320,-5880
-6.1602,-3.99138,-3.22108,-1.45181,-0.367475,1.63357,-1.78282,-0.935425,-3.59702,-7.61598,-3.78012,-4.74692,-1.45507,-1.37688,-3.11857,-0.593231,-85.888,-984.784,-157.136,13440,-19880,-6160
-1.91048,-3.81391,-2.11599,-0.876826,-0.100608,2.77112,0.392639,-0.751729,-1.27032,-1.05617,0.507781,-2.87613,0.653043,-1.29073,-2.32141,-0.514365,-83.936,-985.76,-155.672,13580,-20860,-6440
-2.83851,-5.96446,-4.53533,-3.10732,-4.01013,0.126692,-1.05039,-2.38675,-0.356219,-0.877096,0.255073,-4.88633,-0.453759,-3.58649,-1.88776,-3.66806,-82.96,-986.248,-155.184,13860,-21140,-6580
-0.557455,-0.478251,-1.06165,1.93224,0.0722463,-1.18978,2.02338,-2.60086,2.54316,2.22415,0.451424,0.0894766,-0.572231,-0.425523,2.15419,-2.01257,-81.984,-985.272,-153.232,14140,-21420,-6580
1.11297,6.8386,3.75918,8.65075,7.06334,2.99572,7.50779,3.01871,4.74359,2.12921,-0.285918,5.13958,0.841892,6.08311,8.55723,4.59594,-76.616,-984.784,-150.304,13860,-21840,-7000
5.94212,7.66936,7.26843,8.1546,8.62948,5.88737,6.62238,6.31579,5.80646,7.80463,4.62399,7.21753,3.67575,7.67923,8.78755,6.42687,-77.104,-985.76,-154.696,14000,-21840,-6860
5.16244,4.61392,4.93304,3.93344,5.10102,4.78633,2.23286,3.53054,3.63736,7.05614,3.86524,4.40602,3.32051,6.34533,3.51009,3.07594,-73.2,-984.784,-152.744,13860,-21840,-7000
1.20687,3.57146,3.13039,4.45641,4.84574,4.9331,1.88963,2.00865,0.350901,2.58523,1.33662,2.70705,4.53687,6.0051,3.18196,1.8835,-72.712,-984.296,-157.624,13720,-21840,-6860
-3.19368,-1.99463,-4.77392,-1.21848,-3.65924,-3.63245,-3.26403,-1.96354,0.191061,-4.08494,-4.88046,-4.1862,-3.30892,-3.01302,0.668082,-3.87433,-70.76,-985.76,-154.696,13440,-21700,-6580
-0.916573,1.25194,-2.63458,1.37452,-1.77463,-1.60697,1.3459,2.06503,2.53483,-1.25687,0.418971,-1.80357,-0.640136,-2.36149,4.01031,0.381203,-68.808,-985.76,-154.208,13440,-21420,-6720
-6.98903,-2.34864,-3.9673,-1.71902,-5.90633,-6.66911,-2.61687,-4.96278,-4.39181,-5.46001,-4.41413,-5.27506,-5.67086,-4.87644,-1.66795,-4.16132,-69.296,-986.248,-155.184,13440,-20860,-6440
-5.29985,-1.79872,-3.2585,-3.35879,-8.31851,-8.09796,-7.65954,-10.2358,-5.07533,-2.62767,-0.893062,-4.52072,-5.33104,-8.2113,-5.06565,-10.6502,-70.76,-985.272,-151.28,13440,-20300,-6160
-1.20585,-1.72112,0.65322,-2.56492,-4.0741,-2.64629,-4.37449,-5.26298,-4.68374,0.806216,1.53082,-1.13477,-0.48122,-3.64344,-3.45503,-6.09272,-70.272,-986.248,-153.72,13440,-19740,-6020
7.78437,0.106388,4.1832,-0.575427,1.5837,-1.42769,1.66368,-0.0026864,0.830202,7.88342,4.82367,4.74575,-0.37287,1.43541,0.910482,2.74311,-70.272,-988.2,-153.72,13440,-19320,-5880
4.01923,0.873648,5.18487,0.0624583,4.00621,4.36825,2.54032,2.06338,2.37277,2.66089,-0.846015,5.57107,1.99125,4.15212,0.874011,6.07306,-71.736,-990.64,-149.816,13300,-18620,-5600
0.43613,-4.40648,0.879084,-6.76261,-2.38342,2.03076,-1.27617,1.0772,0.655961,-3.25896,-5.33528,-1.47951,-0.368779,-1.20454,-6.1801,3.542,-71.248,-988.2,-151.768,13580,-17920,-5460
0.466451,-4.86586,3.09145,-9.69047,-2.50348,3.67046,-4.60522,1.39055,-3.62419,-0.168165,0.736796,-1.30734,3.48392,0.852706,-13.0665,2.24992,-72.712,-992.104,-153.72,13300,-17220,-5180
-10.8722,-12.6658,-4.41405,-12.1866,-6.63486,0.642916,-7.63368,1.8088,-15.9772,-8.84636,-3.35524,-10.0495,-1.33498,-3.42743,-13.4538,-1.76218,-76.128,-990.152,-150.304,13440,-16800,-5040
-8.33018,-6.50176,-5.02258,-2.53562,-1.93392,-1.47323,-0.549167,3.14939,-12.2991,-5.62396,-1.93612,-6.8965,-1.76338,-2.23576,0.68039,-0.912752,-74.176,-987.224,-152.256,13440,-15960,-4900
-0.182741,4.79241,0.337317,7.97706,6.31525,2.47161,6.36564,4.72642,-3.61518,-0.557879,0.773769,2.63417,1.17616,2.79618,10.2409,3.00125,-76.128,-988.688,-151.28,13580,-15820,-4900
1.67355,3.45245,-2.99335,4.50251,2.69629,0.812377,4.32195,4.91257,2.26213,-0.86443,-0.0467971,1.58927,-1.40045,-0.0979172,6.09157,2.38165,-77.104,-989.176,-152.256,13580,-15120,-4760
-1.37108,-1.26428,-4.90188,-1.24785,-3.12502,-2.36457,-3.01278,-3.42983,2.67695,-2.82738,-4.1355,-1.90117,-3.02062,-2.79981,-2.90979,-5.31538,-79.544,-990.64,-148.352,13580,-14420,-4620
7.84399,7.40877,2.52638,7.03966,4.34818,2.21724,5.41862,3.44926,9.44967,7.83485,4.74122,6.65318,2.87975,2.60149,5.09061,1.51026,-79.056,-990.152,-150.304,13860,-13720,-4620
8.69185,6.36702,1.08858,4.17425,0.837868,-2.058,2.86704,0.355531,11.0504,6.65732,3.5916,4.62208,0.237445,-0.158664,4.15974,-0.209891,-80.52,-991.616,-151.768,14000,-13860,-4480
6.21799,4.82642,1.79713,3.96581,4.03996,3.78065,4.97433,3.03651,8.41055,3.02658,1.81634,4.10846,3.25481,3.23749,4.56403,3.35947,-81.984,-991.616,-153.232,14140,-13720,-4620
-2.23745,0.507862,-3.20183,-0.227468,-0.0919743,-0.556011,-1.17241,-4.45,1.68812,-6.83783,-6.45392,-1.65698,-1.68191,0.699709,-0.997015,-2.14361,-81.496,-990.64,-150.792,14000,-13860,-4620
-2.41923,-0.406996,-1.01981,0.166834,1.07966,0.638666,-1.92874,-2.17546,-4.07755,-4.03609,-0.512989,-1.74556,0.246038,1.4442,-0.149626,-1.69037,-83.448,-990.152,-150.304,13720,-14280,-4480
-4.71852,-6.34066,-2.97289,-6.1254,-3.07753,-1.87226,-6.7191,-2.99806,-5.71637,-5.39636,-2.31552,-5.54058,-1.08609,-1.94375,-5.44008,-3.76367,-87.84,-988.688,-146.4,13720,-14420,-4620
0.984006,2.64496,1.09696,-1.47817,-0.800714,-2.15887,-5.57065,-4.1948,2.93922,0.496458,1.45083,0.845752,1.23368,-1.38319,-3.67053,-4.10016,-89.304,-990.152,-149.328,13440,-14700,-4760
5.39379,8.81893,3.21346,4.35781,2.31191,-0.33238,-1.98307,-3.08414,8.02746,5.52567,3.74055,5.40319,2.72197,0.539494,-0.675692,-3.68531,-86.864,-988.688,-147.864,13440,-14700,-4900
3.65398,1.69221,2.59067,1.23345,1.23834,-0.155208,2.30667,0.886753,2.3413,4.55872,3.32729,2.45161,2.48799,1.83403,-0.341898,1.03486,-88.328,-986.248,-147.376,13160,-15120,-5040
-9.60721,-11.2515,-3.19273,-7.21868,-6.51758,-2.51577,-2.19437,-0.984296,-12.2936,-5.58402,-3.42091,-6.76832,-1.48643,-1.6686,-5.9138,-0.465107,-88.328,-991.128,-145.424,12740,-15260,-5040
-8.81922,-10.1517,-2.64684,-4.65476,-4.39701,-1.72633,-1.41344,-0.452953,-11.2162,-4.90381,-1.81165,-6.34736,-2.44909,-1.6787,-2.62354,0.659644,-89.304,-989.664,-148.84,12600,-14980,-5320
0.800785,-2.57315,0.698731,0.253736,-0.814191,-3.17834,1.40227,-2.19528,-0.278763,3.24085,0.945063,-1.68877,-1.58801,-0.198136,0.382987,0.735491,-89.304,-988.688,-146.4,12460,-14560,-5600
8.51469,9.86168,7.52297,11.3479,8.65516,2.27567,8.41988,1.57642,9.66382,9.09058,3.06488,9.95671,3.95736,5.57417,9.17475,5.49156,-89.792,-988.688,-146.888,12320,-14420,-5600
3.88063,1.55813,3.35038,1.95363,0.139847,-0.752017,0.960468,-1.28654,4.12159,4.63872,1.34618,3.80731,1.18526,-1.49032,3.39853,-0.0716418,-88.816,-991.128,-146.888,12040,-13860,-5880
0.0896704,-4.07412,-0.0935819,-1.09011,-2.12164,-0.775558,1.81074,2.22732,0.828373,1.60604,2.342,-0.920934,0.348158,-2.75518,5.19394,2.24495,-88.816,-990.152,-147.376,11900,-13300,-5880
3.38991,5.04797,3.80851,9.38191,8.1947,4.57135,12.5992,9.6846,4.92539,2.74022,4.50963,5.3731,2.42842,5.60006,14.6743,13.1033,-89.792,-989.176,-151.28,12040,-13020,-5880
-1.31946,0.903793,0.753046,3.14815,2.9659,2.42456,4.13633,3.1415,0.770266,-2.19532,0.678642,0.941848,0.365442,2.08895,5.0692,5.94432,-90.28,-991.128,-148.352,12040,-12880,-5740
-4.13372,-3.89228,-1.37228,-5.81197,-2.24266,2.85739,-5.00432,1.00908,-3.16862,-4.76292,-2.13793,-4.82964,0.12318,-0.566365,-7.36112,0.903022,-91.744,-990.64,-148.84,12180,-12740,-5600
2.31732,-0.0478359,0.570112,-7.9988,-4.55176,-1.57156,-12.2812,-7.51826,2.86692,-0.22551,-0.132072,-1.41219,0.207139,-3.60482,-14.3106,-9.14157,-89.792,-987.224,-149.816,12600,-12740,-5460
3.15892,0.0517009,-0.499201,-4.92739,-3.34036,-2.63471,-6.48873,-4.99011,1.84313,1.88919,1.1583,-0.0679557,-1.55734,-3.76431,-4.83787,-6.94746,-89.304,-984.784,-152.744,12880,-12740,-5600
2.30208,-0.178875,-1.86469,-3.19406,-3.42261,-2.19138,-3.94603,-3.4278,0.258421,2.31062,1.33559,-0.887797,-3.75077,-3.27229,-3.07209,-5.11746,-88.816,-987.712,-145.912,12600,-12740,-5600
-0.235789,2.68545,-2.41627,-0.611914,-2.13286,-1.48532,-0.549397,-1.02653,1.87936,-0.458867,-1.13043,0.479867,-4.24554,-0.792735,-0.142752,-2.77629,-90.768,-987.712,-148.352,12880,-12740,-5460
-5.40823,2.70374,-3.48055,5.16379,1.29833,-0.293972,6.32149,1.93878,-7.41997,-4.81702,-4.16344,-1.63314,-4.34753,-0.66177,9.13726,1.65929,-86.864,-985.76,-152.744,13160,-12880,-5320
-4.13958,0.102659,-2.98855,3.95737,1.6886,0.823882,5.75877,2.21769,-6.79884,-4.48553,-3.40733,-2.16414,-3.58661,-0.638697,6.38543,1.78766,-88.328,-986.248,-150.304,13580,-13020,-5320
-2.55723,-0.946478,-1.97173,-2.21072,-1.16621,0.225206,-0.0197976,-1.48294,-0.35041,-3.64783,-3.54581,-2.27951,-1.85321,-0.200482,-3.06285,-0.554789,-87.352,-986.248,-153.72,13720,-13720,-5180
6.77829,11.1658,7.30524,5.73278,5.87224,3.9425,1.18614,-0.924172,11.5391,6.35695,3.20055,8.07643,5.95376,5.05441,-2.84472,0.669924,-86.864,-985.76,-148.84,13860,-14000,-5180
1.57315,12.4177,2.93317,7.76559,5.27437,3.06076,0.610811,3.55843,3.68978,2.83787,-1.4605,6.52754,2.80738,4.57904,-3.14367,2.36699,-85.4,-985.76,-151.768,14000,-14280,-5040
-7.53406,-1.60327,-0.50478,1.96263,2.88588,6.2692,2.65667,11.8431,-12.7102,-0.24213,0.285811,-0.571591,3.6028,4.40662,0.796524,6.16884,-86.376,-987.224,-151.28,14140,-14560,-5040
-10.5215,-14.3926,-6.79608,-10.4164,-6.31253,-1.05842,-3.35268,5.05947,-8.73794,-5.52984,-3.51971,-9.61893,-1.77462,-3.52647,-3.62991,-0.625269,-86.376,-986.248,-147.864,13860,-14980,-5180
-6.12395,-5.73479,-1.60738,-1.62181,1.10428,0.743815,0.368831,2.90967,-6.24555,-5.08534,-2.89959,-3.25364,1.1539,1.04042,1.63931,0.353812,-85.4,-986.736,-147.864,13720,-15260,-5040
-4.88657,-5.39792,-2.57792,-4.07813,-1.92654,-2.81502,-4.66307,-3.81756,-5.92203,-5.47899,-5.37853,-3.9418,-2.28468,-1.87413,-4.91577,-4.6442,-84.912,-986.736,-145.912,14000,-15400,-5180
2.69926,-0.145607,0.497123,-0.770163,-0.0868635,-2.43788,-3.67751,-4.07445,-0.301913,0.754834,-0.793637,1.49066,-0.645468,-0.95488,-3.23567,-4.4082,-81.008,-990.64,-144.448,14000,-15260,-5040
1.96919,-7.93551,0.141298,-5.48008,-1.36175,1.91635,0.608877,1.57022,-3.0277,0.31209,0.582417,-1.9443,0.40152,0.121053,-2.08547,2.22163,-80.032,-988.688,-147.864,14000,-14980,-5040
9.62577,-1.88517,-0.283828,-6.08673,-5.18771,-2.465,-3.08519,-2.51554,11.7982,6.4421,6.04339,0.575508,0.190624,-4.49144,-4.428,-2.51604,-80.52,-988.688,-148.352,14140,-14700,-5040
3.25777,-4.51447,-1.55463,-3.87114,-4.90797,-4.11898,-2.40911,-4.58386,5.84345,-0.774651,0.243729,-3.34556,-1.35995,-3.55374,-1.6602,-2.10083,-82.96,-988.688,-145.424,14280,-13860,-5040
2.48307,-1.57417,3.50132,5.72284,4.53077,2.42866,7.69231,1.19359,1.1556,0.944476,2.3781,0.881996,2.76665,4.0238,12.6438,5.97003,-80.032,-990.152,-148.352,14840,-13580,-4900
-0.4629,-0.750525,1.39291,4.76157,-0.459332,-3.27259,-1.22646,-6.8696,-2.55549,-2.79075,-0.469479,-0.661156,-0.689036,-0.737214,9.41953,-4.90569,-80.032,-987.712,-148.84,14980,-12740,-4620
0.179672,-3.10409,0.318284,-2.59753,-2.53195,-1.60219,-4.14586,-4.39146,-2.63477,-0.35082,3.03672,-1.78242,1.48083,-2.10372,0.00627447,-3.75912,-78.568,-986.248,-151.28,15260,-12600,-4620
1.4632,-0.917433,-1.91169,-4.79122,-3.56545,-3.10354,-5.6176,-3.7732,5.04401,-0.197203,0.713738,-1.80114,-1.31256,-3.31971,-5.14102,-2.8595,-81.496,-984.296,-148.352,15680,-11760,-4620
1.99754,-0.355979,-0.436202,-1.08672,-0.19848,0.0867347,-1.43361,-1.04496,3.67293,1.74426,2.08618,-0.808028,0.548355,-0.0885565,-2.99043,-0.449889,-81.984,-983.32,-148.352,15820,-11060,-4340
12.6911,9.2587,5.9948,2.81658,0.893981,0.330175,-1.49226,-1.34731,11.6252,14.3213,10.3448,7.49981,5.20197,1.50545,-3.5161,-2.31213,-80.52,-979.416,-149.328,16100,-11060,-4480
7.3255,18.4331,4.6044,13.3585,6.20799,1.64847,5.2404,3.6402,10.0136,4.77295,1.79468,10.6001,1.10581,4.35375,3.35345,3.99463,-82.472,-979.904,-148.84,16520,-10920,-4340
0.00722921,11.7306,2.89368,15.415,10.2379,4.04451,13.351,7.73396,-0.866359,-0.105746,0.559226,7.84366,0.368783,7.25507,13.3885,10.5228,-79.056,-980.88,-150.792,16240,-10500,-4480
-4.83998,-0.524651,-3.72655,0.14887,-1.62711,-2.42541,2.36601,0.131323,-2.32009,-3.68813,-2.90013,-1.70602,-3.45731,-2.42699,1.81156,0.864018,-82.96,-977.952,-146.888,16380,-9940,-4480
-3.20726,3.93661,-0.238143,2.37664,2.44363,2.13583,5.05061,2.982,1.86862,-2.44395,-3.27655,1.96442,-0.286663,1.82471,0.739193,5.52129,-82.472,-977.464,-148.352,16520,-9660,-4480
-0.746228,-1.25071,1.47478,-4.39217,-0.72759,-0.706555,-0.590451,-1.17064,2.40011,1.56104,-0.896344,0.794197,0.463546,-1.27622,-3.86606,0.564005,-81.984,-977.952,-146.888,16240,-9100,-4480
1.30933,1.63691,1.96311,-0.757852,-0.140084,-3.07068,-3.88797,-3.86523,2.72441,2.058,-1.54049,1.67412,0.53191,-2.36988,-4.1319,-4.59905,-78.08,-978.44,-147.376,15960,-8680,-4620
4.76793,7.50461,5.23488,2.00043,4.63394,2.96487,-0.961445,0.975508,5.86837,3.40365,0.027941,5.88511,4.58459,4.51939,-6.94211,0.250364,-80.52,-980.392,-146.4,15820,-8120,-4620
-0.15926,-2.14489,3.49492,-4.20379,1.34576,4.24807,-0.780088,0.570555,-4.04344,0.5883,-0.404952,0.853719,4.72656,4.14235,-6.16132,-0.419071,-80.032,-980.88,-145.912,15820,-7980,-4620
-9.26181,-9.42444,-3.07763,-1.31111,-0.446901,1.13288,3.9394,1.28346,-17.1641,-6.1088,-4.68933,-6.83091,-1.68692,1.85263,6.87306,1.78609,-82.96,-983.808,-142.984,16520,-8400,-4620
-8.14817,-10.7173,-5.35677,-2.3402,0.193698,4.07683,6.57853,8.50748,-13.7436,-5.55856,-1.37522,-8.0037,-1.65979,1.96165,8.66889,5.92098,-80.52,-981.368,-146.4,17640,-9380,-4480
-6.64951,-14.0371,-9.14925,-11.3399,-8.60968,-4.01701,-3.32883,-2.08451,-7.80364,-7.70579,-4.10904,-11.9354,-6.29611,-7.46246,-1.20522,-3.88403,-81.496,-977.952,-146.888,17780,-10360,-4340
-4.65931,-4.49956,-5.51384,-4.33065,-4.37724,-2.19391,-1.44531,-0.797326,-5.90056,-4.45346,-2.08133,-4.64233,-2.88632,-3.69151,1.82179,-1.70594,-79.544,-978.44,-148.84,17500,-10920,-4340
-13.6118,-12.6322,-9.17343,-9.25582,-9.25339,-4.82961,-6.59241,-3.61933,-19.4074,-8.76692,-5.89252,-10.5054,-5.5452,-5.47133,-3.83602,-5.01716,-83.448,-978.44,-148.84,16800,-11200,-4340
-7.31465,-3.00213,-3.2857,-0.846241,-1.43427,0.705955,-1.01896,1.84384,-11.1887,-1.01946,0.58335,-2.10613,-1.13644,-0.409216,-0.747012,0.672783,-80.52,-981.856,-148.352,16520,-10920,-4340
1.64505,5.84267,1.11366,5.78593,1.93819,0.253438,-3.28844,-1.52496,1.42421,3.46617,1.98771,4.70249,-0.317854,-0.174148,-1.85478,-0.612503,-81.984,-987.224,-143.96,16380,-10780,-4480
3.90115,4.54281,-0.350278,-0.0597134,-1.98317,-2.90198,-8.33059,-2.69443,11.6081,2.18704,0.759538,3.15702,-3.59531,-3.97471,-9.23347,-3.27987,-79.544,-989.664,-143.96,16520,-10640,-4340
4.76975,2.08099,-0.000448724,-2.29011,-2.54979,-2.15381,-6.81595,-2.00489,15.9383,1.1274,0.986421,1.22052,-2.48135,-3.70522,-9.85612,-4.25239,-81.008,-996.496,-140.056,16660,-10360,-4340
9.47668,4.57311,4.54528,-0.271902,0.633024,-0.891738,-4.27834,-3.86896,16.856,5.46335,4.54438,4.7772,3.12817,-1.90368,-3.66931,-5.83599,-84.424,-1000.89,-132.248,17220,-9940,-4200
8.17678,6.84519,3.13285,0.681331,1.51391,-1.14343,-0.784423,-1.85594,16.4613,3.94529,2.15209,5.12839,0.749075,0.153182,-0.968521,-2.8681,-82.96,-999.424,-135.664,17360,-9520,-4340
12.7776,10.7235,8.24052,9.92667,9.75985,5.40006,7.81328,5.24256,16.9281,8.94158,7.71481,10.3493,5.60033,7.22266,6.84224,4.83624,-84.424,-995.52,-136.152,17500,-8820,-4340
11.0594,14.3098,7.06454,13.7097,9.28247,3.76299,8.30434,4.0639,14.6824,5.25803,3.04132,9.08147,3.84448,6.31825,9.87246,5.44009,-87.352,-993.08,-137.128,17640,-7700,-4340
6.39017,5.26756,6.73565,10.5563,8.53474,6.36463,11.9373,6.77507,-0.0760254,5.06315,4.74395,4.63121,6.02485,7.22473,14.2522,9.526,-89.792,-992.592,-134.688,17640,-6160,-4620
-3.86244,-10.2972,-1.23173,-2.87571,-1.23823,0.92577,4.30229,2.317,-12.1432,-3.78462,-2.10371,-6.87512,-0.659788,0.181494,4.80779,4.27941,-88.328,-993.08,-135.176,17920,-4900,-4760
-8.1217,-6.86887,-3.81773,-5.75416,-5.826,-2.86416,-4.01828,-3.26812,-13.9286,-6.09584,-3.00897,-7.82313,-2.14405,-4.4831,-3.95494,-2.40293,-86.864,-989.176,-137.616,17780,-4200,-5180
-7.52892,-6.28557,-1.74544,-5.47739,-4.22378,-1.13412,-5.17285,-3.85519,-15.7948,-5.45531,-2.01426,-5.50898,-0.52187,-2.70699,-5.9133,-2.36408,-87.352,-985.272,-136.152,17220,-4200,-5460
-4.2107,-5.72343,0.17654,-5.34314,-3.46479,-1.20924,-4.14477,-4.13359,-11.1724,-2.91884,-1.63722,-4.36362,-1.26978,-1.94869,-4.9731,-1.25428,-88.816,-985.272,-136.64,16240,-5040,-5460
1.44061,2.82408,6.0883,-0.2428,0.109962,2.39194,-2.48159,-1.63596,-0.471542,3.69691,1.2106,2.83248,3.1492,1.45839,0.440121,-2.97165,-88.816,-978.44,-140.544,15540,-5880,-5320
-1.02011,1.37537,2.23799,-1.05604,0.765367,1.75337,0.897504,1.74848,2.20398,-0.79859,-3.4219,0.116686,0.0363181,1.44861,2.07686,1.72474,-89.304,-975.512,-139.08,15120,-7980,-5180
0.452693,1.71941,0.717408,0.120165,2.23704,2.31988,4.53788,4.42572,4.09936,2.7075,0.917166,1.2353,0.7237,2.31154,2.51614,4.70735,-87.84,-973.56,-142.496,13860,-9800,-5320
0.928598,2.1308,-1.41535,-1.46194,-0.626311,-1.62482,-1.49504,-0.71906,5.01583,1.93826,0.147151,0.446681,-1.3798,-0.978836,-3.13363,-2.22645,-82.472,-978.44,-141.52,12460,-11760,-5460
-2.88915,-2.61088,-4.18385,-3.07617,-2.696,-3.35536,-3.67505,-3.15129,-2.59985,-2.04041,-4.26651,-2.05015,-1.91666,-1.38783,-2.37261,-4.40459,-79.056,-985.76,-139.568,11060,-13300,-6020
2.57795,1.58387,-1.73651,4.69026,2.04618,-0.851278,4.31169,-0.237152,-0.578007,1.73126,-0.189166,2.14401,-0.488048,1.02241,7.37899,-0.036673,-76.128,-994.544,-138.104,10640,-14000,-6440
1.65403,-0.589891,-2.4118,2.67304,-0.607145,-3.41045,1.34748,-0.631478,-3.35443,1.07183,1.91128,0.0757932,-0.0667803,-1.57878,4.08778,-1.34429,-70.76,-997.96,-135.176,11060,-14700,-7000
-8.05981,-9.66593,-9.66552,-6.42874,-8.10116,-6.7419,-5.35342,-1.40905,-10.442,-9.89446,-8.00017,-8.93006,-5.38655,-6.10851,-4.32612,-3.66307,-70.76,-997.472,-135.664,11480,-14700,-7420
-0.752797,-0.132028,-3.64922,1.70323,2.0443,1.00381,4.69567,7.13306,0.706296,-5.51251,-4.23717,-0.403181,-1.20738,3.33528,2.40272,7.05437,-67.832,-998.936,-135.664,12180,-14980,-7700
1.47523,3.20278,-1.1786,2.93665,2.0571,0.489649,3.80918,2.93525,7.2067,-2.62837,-3.42749,2.73063,-1.59234,4.38308,0.864461,4.41065,-64.416,-996.984,-131.76,12740,-14700,-7700
9.43628,8.50935,6.08265,4.24652,4.61392,3.7279,0.889399,0.398712,12.0026,10.583,8.30785,9.85755,5.17231,4.76482,-0.880101,-0.298373,-63.44,-992.104,-133.224,13300,-14280,-7560
-2.70347,-4.95032,-1.78109,-5.35713,-5.61558,-3.06291,-8.33951,-6.67856,-2.1442,1.6004,1.47086,-1.18175,-0.0723461,-5.1587,-7.40875,-8.62077,-62.464,-988.2,-131.272,13440,-14000,-7000
-10.9761,-6.48565,-2.74733,-0.605193,-2.86551,-0.076004,-1.82268,-2.66513,-12.9877,-0.23743,4.05621,-3.55146,1.60497,-3.42675,-2.44679,-2.22798,-61.488,-980.88,-135.664,13580,-13440,-6300
-8.10454,-3.37093,-2.14675,-2.60745,-2.7137,-1.28248,-3.97257,-5.13412,-3.87135,-0.820205,2.7786,-2.41341,1.70703,-3.90319,-7.24735,-4.69373,-64.416,-979.904,-136.152,13580,-12460,-5320
-0.877622,3.63977,0.0459525,3.34379,3.81542,1.03464,4.56289,1.53009,8.00198,-0.227814,0.291216,2.37057,0.77222,0.923978,3.84552,2.34833,-64.904,-976.488,-134.2,13300,-11060,-4200
6.25557,10.0802,4.08603,7.90973,7.60664,2.9235,8.54697,3.17919,12.4548,2.86384,1.4652,7.80032,2.37149,4.32868,8.26948,5.6566,-69.784,-974.536,-133.224,12740,-9660,-3500
0.235189,-0.0393411,1.25032,-1.11036,1.0895,2.64152,3.63267,1.94338,1.08547,-2.49761,-1.35957,-0.0161245,0.833124,1.76255,-1.4603,4.19835,-73.2,-974.048,-136.64,12320,-7280,-2380
-2.27121,-3.90699,-0.747122,-2.39672,-2.34966,0.165566,-1.59544,-2.68628,-5.14709,-4.32425,-3.76548,-4.02624,-2.64891,0.530897,-3.31282,-0.102189,-75.152,-969.656,-135.176,11480,-5600,-1820
4.53278,1.94084,3.25945,2.97181,2.29416,1.23154,1.04686,-0.781796,2.19941,0.194049,0.504012,0.548455,-0.672804,1.3756,3.768,0.490025,-81.008,-976.488,-138.104,10920,-3500,-980
4.54994,0.150575,1.16282,-0.922048,-0.478154,-1.15901,-0.653648,-2.21675,2.63505,-0.771834,-0.0908331,-1.32202,-2.18127,-1.73321,-0.0901247,-1.86127,-85.4,-976,-139.08,9800,-980,-560
10.4614,3.73056,5.55768,-1.94373,2.00656,2.72883,0.236401,2.80805,7.21644,6.9332,7.80901,3.84111,2.94476,1.83423,-2.8969,0.241966,-90.768,-977.464,-139.568,9520,420,-560
-1.92228,-11.8426,-0.221908,-13.6571,-7.14802,0.125592,-3.91542,4.02298,-10.3258,-0.415511,2.25937,-7.51351,-1.30066,-1.62345,-9.76128,0.574449,-93.208,-981.368,-138.592,9660,2240,-280
-7.15417,-9.40012,-1.2788,-10.58,-7.11231,0.272536,-6.30521,2.54817,-11.6403,-4.0638,-2.67566,-7.57876,-2.81594,-2.56126,-9.84043,-1.0831,-93.696,-981.368,-138.592,9240,2940,-140
-3.22739,0.0268983,-0.461399,-1.08229,-1.57747,-0.610093,-4.77228,0.0802066,-2.50813,-1.59006,-3.03759,-2.41453,-2.76818,-1.81144,-2.70139,-2.31687,-95.648,-981.856,-135.664,9380,3500,-420
-0.0824151,2.65317,-1.09267,3.95886,0.134956,-2.97145,-1.09032,-2.54186,1.98823,0.549126,-3.41282,-0.246166,-4.2288,-3.44535,5.55914,-2.58941,-94.184,-981.368,-139.568,9380,3780,-560
3.51232,6.39078,1.78856,9.35807,5.09091,1.04933,4.49257,1.91803,4.06963,4.65258,0.393985,3.66475,0.497514,0.671081,11.0257,2.69065,-95.16,-981.368,-137.128,9240,3500,-700
1.41345,5.20286,0.0208288,6.11726,4.02912,0.207133,1.86014,1.05516,3.12639,0.980214,-2.92012,2.68823,-0.192387,0.923028,5.64505,2.46939,-95.16,-980.88,-132.736,8820,3220,-1120
-1.10878,5.44942,1.55844,4.55285,4.53315,2.50116,-0.357642,0.857297,2.15705,1.16184,-1.26112,4.29084,3.16791,4.39541,3.28227,0.431143,-91.256,-981.368,-134.688,8680,2940,-1260
0.186052,3.43413,1.14342,2.70585,3.73402,1.88071,1.14537,1.72995,0.773481,0.808809,-1.15635,3.71008,2.61293,3.61929,1.4655,3.46099,-87.352,-978.44,-133.712,8260,1960,-1540
0.971525,-0.198806,-0.738452,-1.56499,-1.8513,-3.6562,-2.56041,-1.90557,1.4415,1.18333,1.49697,0.819219,0.217746,-2.69876,-0.659589,-1.89592,-85.4,-980.88,-132.248,8120,840,-2100
1.22767,-3.4836,-3.00776,-3.38591,-5.41426,-7.51441,-4.64242,-5.76077,-0.964551,0.109426,2.79268,-1.3688,0.364916,-6.65349,-0.866512,-6.10802,-85.4,-981.856,-132.736,7420,-280,-2380
0.364091,-0.821885,-0.29002,0.44731,0.147624,-2.38724,1.64495,-1.64335,-0.867074,-3.06822,-0.141788,0.514829,1.52677,-0.10573,2.05254,1.1113,-84.424,-981.856,-133.712,7280,-1540,-2800
-2.86577,0.496185,-0.953264,1.86481,1.06088,-1.04191,0.454622,-0.71874,-2.00763,-6.84614,-3.92715,-1.3519,-0.452167,1.72157,-0.139847,1.32389,-82.472,-979.416,-130.784,7000,-2940,-3220
3.56666,3.45251,2.30139,2.32423,1.88275,2.74329,1.5989,2.83505,1.80414,3.84971,6.82771,2.058,4.21308,2.73626,1.99616,1.45483,-78.568,-980.88,-133.224,5880,-4200,-3640
-1.68048,-3.5766,-3.41426,-4.24746,-3.49452,1.72616,-0.672052,-0.98329,-2.87492,-1.9902,-1.05713,-3.90987,-0.82749,0.206179,-1.05498,-0.69354,-76.128,-977.464,-132.736,5180,-5600,-4060
8.83873,8.94829,2.65155,9.34264,7.83946,6.36979,10.1182,4.29722,7.40983,6.20981,3.61662,7.33936,2.80533,7.18878,10.2459,7.62507,-73.2,-980.88,-131.272,4340,-6300,-4340
4.60572,5.32304,0.363149,5.58846,2.36076,0.314126,2.34757,-3.84267,5.37353,2.78042,0.250133,2.60907,0.183836,1.44863,4.99925,-1.1083,-76.128,-981.368,-132.248,3640,-7280,-4620
2.84072,3.78661,0.881469,3.35399,2.4018,2.15645,2.59824,0.489449,5.77827,2.60077,0.166378,2.28641,0.793952,1.48699,2.82292,-0.0899604,-71.248,-980.392,-133.712,3220,-7980,-4760
-1.25779,-4.5466,-1.84695,-1.54533,-0.964214,-0.67472,1.4344,0.186722,-0.922694,-1.4484,-3.29777,-3.22889,-3.07516,-2.41905,-0.868572,-1.08361,-67.344,-982.832,-137.616,2660,-8680,-4900
-6.50154,-8.4588,-2.12646,-5.62671,-2.73643,-0.242684,-1.48112,-0.0216102,-7.94048,-6.20246,-6.17895,-4.85962,-3.05143,-3.0199,-6.19685,-1.7221,-65.392,-982.344,-132.248,2100,-9100,-4760
-4.21182,-6.83106,-1.61794,-10.9915,-7.36481,-3.31045,-8.41445,-4.0328,-3.26306,-1.21764,0.872992,-2.78494,-1.12111,-5.35466,-12.7123,-7.92317,-62.952,-982.832,-131.76,2100,-9380,-4760
-4.95277,-5.98213,-0.869984,-7.75413,-4.00966,0.343289,-2.79689,1.07665,-4.29142,-0.423129,1.41458,-2.44291,0.788615,-2.40309,-6.67758,-1.7827,-60.512,-981.856,-137.128,1680,-9100,-4620
-2.99663,-1.673,0.0872965,0.225537,-0.468014,1.94976,1.28915,3.42696,-2.38146,0.296444,2.40054,-0.513864,0.929204,0.399898,-0.136536,1.47583,-60.512,-983.32,-134.2,1400,-8540,-4480
-2.09998,-1.24944,0.662778,0.814882,-0.456084,1.89807,1.01516,2.33855,-2.70808,1.32968,5.28039,-0.453339,1.27202,0.343939,-0.38844,1.02545,-58.56,-981.856,-134.2,1260,-7700,-4200
-10.7187,-12.9584,-3.56966,-9.92987,-7.66584,-1.34879,-3.05872,0.454158,-13.4319,-3.41511,-0.151806,-8.47694,-2.668,-2.91351,-5.59587,0.0809256,-55.144,-982.344,-135.664,1120,-6440,-3640
-5.86175,-8.04407,1.28609,-5.81285,-0.215493,3.89599,1.80165,5.17972,-8.53543,0.261111,2.7178,-1.88188,2.69683,2.09966,-3.81664,5.62711,-58.072,-982.344,-133.224,980,-5460,-3080
0.044507,2.92738,3.54366,-0.151983,2.31996,0.536619,-2.76412,-1.16304,2.88213,-0.618103,-2.36567,4.1395,1.44958,3.33307,-7.60276,0.167233,-59.536,-982.344,-133.224,840,-4060,-2520
3.94447,7.0869,1.98817,3.7862,1.75459,-1.70606,-1.9822,0.901349,6.63282,0.199353,-2.48063,4.48849,-1.4567,1.98569,-4.66792,0.671711,-57.584,-984.784,-135.664,700,-2940,-2240
2.85393,4.59698,-0.5235,6.00504,0.124169,-3.82976,-0.00985777,-1.32338,2.85038,1.77367,-0.666521,0.563439,-2.68868,-1.25318,3.27394,-1.99297,-59.536,-984.296,-138.104,560,-1680,-1540
2.76693,3.68108,-1.3648,4.15067,-2.37913,-7.23365,-5.53021,-10.4581,4.45527,-0.862877,-2.72811,0.132891,-3.47651,-3.92863,1.82833,-10.9048,-60.512,-984.296,-136.152,1120,-280,-980
5.65972,6.76295,1.61425,6.91495,4.34091,-0.314925,3.56097,-1.24921,8.54061,0.179239,-0.55616,4.31913,0.0565835,1.76529,8.02661,-1.28315,-61.976,-985.272,-131.272,1260,700,-560
6.4174,9.24001,0.998975,8.65872,6.16564,-0.536442,6.85213,0.743523,11.1238,0.960944,-1.93667,4.44455,-1.70365,1.8229,10.7868,4.19311,-61.976,-987.224,-135.176,1400,2240,0
3.85789,7.03149,0.172635,6.84445,6.20342,2.12088,6.61799,3.3659,8.389,0.895618,0.751694,2.53633,0.242353,2.94241,9.45485,6.13773,-66.368,-987.224,-131.76,1260,3220,420
-1.11731,-1.08599,-1.95706,-1.56378,-1.46408,-2.35963,-0.762352,-1.85444,0.260371,-2.17192,-1.37534,-4.29249,-1.01915,-2.61142,1.45269,-0.583779,-67.832,-989.664,-133.224,1120,4340,840
-2.37076,-0.975943,-0.451649,-2.15798,-0.678046,-0.159818,1.80343,2.32723,-4.4088,-1.22419,-1.74234,-2.46234,-0.455985,-0.206659,2.028,2.98999,-70.76,-990.152,-134.2,1120,4900,1260
3.54793,3.70873,2.16884,3.34645,5.39258,4.02528,7.92252,7.68949,-0.925898,3.74418,2.85684,3.43148,3.06286,5.04992,6.88614,9.40959,-71.736,-986.736,-135.664,1540,5320,1540
2.24946,-1.95727,1.40422,-3.00031,0.367064,1.81037,-0.173862,0.9096,-2.51895,2.07067,0.0184181,0.896478,2.77821,1.79774,-3.37717,2.0024,-71.736,-989.176,-136.152,1400,5180,1820
-5.04683,-10.2145,-3.4438,-11.0497,-8.5053,-1.26928,-10.3906,-5.65989,-9.47856,-3.97566,-3.28245,-6.66315,-0.497918,-5.01605,-13.3413,-6.07595,-76.128,-990.64,-133.224,1540,5460,1820
-0.14405,-4.32268,-0.569173,-5.37046,-3.73451,1.86227,-8.41252,-3.03755,-3.70271,0.0452701,0.278516,-1.52434,1.00241,-1.45937,-7.92411,-4.93062,-78.568,-989.176,-134.688,1540,5460,2100
-4.70562,-7.26719,-5.77807,-7.28641,-6.70148,-2.77331,-8.79275,-5.26712,-5.47948,-5.45535,-4.24406,-6.27788,-4.69795,-4.54047,-5.16347,-7.11459,-77.592,-989.176,-134.2,1540,5740,2100
1.23335,-0.584217,1.16424,-0.0969789,2.32694,4.32055,2.24278,4.5534,-1.8618,1.75434,4.70449,0.784436,3.034,2.65993,3.98858,3.08373,-81.984,-990.152,-138.104,1540,6020,2100
0.189681,1.62042,2.01465,2.91011,2.20123,-0.0128067,1.18009,-2.1645,-2.39293,0.685801,1.11314,1.75313,1.31275,1.55946,4.8851,-2.16119,-81.984,-989.176,-136.64,1680,5600,2100
8.51598,13.0559,6.64429,13.7896,9.09076,1.30572,7.6858,0.746822,8.55994,7.7097,5.96581,10.9466,4.60419,4.18468,12.3492,1.4971,-84.912,-987.224,-138.592,1680,5460,1960
8.52545,8.92416,3.60872,9.11693,4.40867,-1.85722,3.87735,-2.39349,11.8674,6.65743,3.27036,7.77691,1.14846,0.435286,9.24742,-0.723139,-86.864,-987.224,-139.568,1400,5320,1820
2.41048,5.57442,1.501,6.51838,4.10281,1.13465,3.96888,1.11625,7.96395,0.461135,-0.715938,3.16825,0.0526482,1.32868,5.7591,3.68784,-88.328,-983.32,-137.616,1260,4900,1680
0.128228,0.004843,1.02001,-0.899021,1.49882,2.27605,2.02842,3.99849,3.69102,-0.391028,0.282799,-0.0389687,0.59476,0.77991,-2.72485,5.22557,-86.376,-984.784,-139.08,1260,4480,1540
-0.869761,-3.83901,0.274161,-5.10317,-1.59449,-0.15748,-1.606,0.8139,-0.444301,-0.326118,0.86934,-1.65135,-1.41147,-1.36972,-8.41741,2.4413,-86.376,-985.76,-140.544,1400,3780,1540
-9.11833,-10.136,-2.49556,-8.49419,-6.8724,-2.42539,-6.60936,-3.77734,-11.956,-3.93457,-0.842095,-6.9505,-1.51054,-4.01029,-11.9221,-4.85637,-89.304,-986.248,-142.496,1400,3360,1400
-13.1005,-14.5662,-2.86694,-9.86632,-7.9468,-0.784683,-3.31058,0.399399,-20.8223,-3.54519,1.57628,-10.2171,2.11451,-2.80762,-7.24577,-3.13036,-87.84,-988.688,-140.544,1260,2940,980
-14.518,-15.1628,-6.85257,-12.1699,-9.49696,-2.06725,-3.77105,2.00332,-16.9215,-8.23903,-3.83749,-12.5584,-2.93139,-3.73925,-9.80849,-0.214257,-85.888,-988.688,-144.448,1260,2380,700
1.68039,3.00915,-0.13631,1.38351,1.41609,1.60643,2.3425,4.9686,4.76301,-0.0815568,0.46216,1.22189,-1.10383,0.256264,0.248954,3.83643,-85.888,-989.664,-145.424,1820,2100,560
5.51822,7.16628,0.373786,4.14522,1.43465,-1.56681,2.05432,-0.0755994,11.4912,0.905061,-0.877231,2.43057,-2.8987,-2.09207,3.97404,-0.823221,-85.888,-990.152,-143.472,2240,1820,420
4.4948,9.04617,2.08218,7.39197,4.65769,0.240875,4.92511,1.6079,10.4071,1.05592,1.53051,4.77155,-0.0576477,0.557183,7.6006,0.509317,-85.4,-988.2,-142.496,2660,1400,140
5.54114,9.37866,2.07559,7.51906,5.01538,1.55192,4.72951,1.89407,7.17609,2.87949,2.46492,6.10766,2.21892,2.03177,9.0736,-0.225311,-81.984,-988.688,-140.056,3080,1120,0
1.61778,4.07409,-2.55462,0.448713,-0.676735,-1.04724,-0.313537,-0.433092,3.95879,-0.618377,-3.4024,1.74081,-1.93792,-0.682862,1.20875,-2.44831,-81.008,-989.176,-141.032,3500,700,0
-2.88454,-4.87665,-2.73086,-9.41567,-4.48933,2.1975,-4.52659,2.65121,-3.28551,-0.965683,-1.86064,-1.50071,0.389199,1.30513,-8.52986,-0.528416,-79.544,-987.712,-142.984,3920,280,0
-8.62196,-16.1093,-6.28904,-19.1087,-14.0752,-2.74012,-14.5115,-5.1796,-12.6856,-5.80116,-5.32019,-9.50471,-2.09102,-4.3893,-18.9878,-8.20235,-77.104,-988.688,-141.032,4480,-140,280
-0.95018,-2.30163,1.62737,-2.46856,-0.279204,2.07099,-3.47953,-1.01446,-5.24206,-0.330215,-2.0389,1.84423,1.95666,4.24828,-5.40577,-1.1701,-78.568,-989.176,-140.056,4620,-280,280
4.69266,7.30351,3.16269,9.53649,8.18787,-0.211291,4.21678,-2.05325,4.47466,2.37372,-1.36912,7.65275,0.330428,5.94241,7.02603,2.01446,-75.152,-990.64,-137.616,4900,-560,420
1.67094,2.98467,-1.30802,7.43325,5.3507,-1.04804,4.09206,-0.235008,4.51556,-1.93921,-2.45628,1.85129,-1.98107,1.98096,6.39672,2.55225,-74.664,-992.592,-134.2,5040,-420,420
-1.048,-6.09072,-3.89855,-1.01447,-3.60829,-3.95924,-2.72413,-5.21381,-2.95169,-1.03286,-0.604035,-5.12388,-2.14613,-5.89205,-0.796205,-4.14012,-74.176,-994.056,-136.64,5320,-280,700
5.40236,3.0535,0.595777,7.61845,2.54646,-2.44839,4.08879,-2.33712,4.9506,4.33624,1.19728,2.07259,-0.583059,-1.53639,9.03327,1.00279,-72.712,-994.056,-133.224,5600,-140,840
6.51454,8.51488,2.67219,10.101,6.32249,0.210773,6.96034,-0.379093,9.54682,4.70403,0.779979,5.1464,-0.00400963,2.73461,11.6513,3.24776,-72.224,-992.104,-130.296,5600,140,840
7.4442,10.3063,6.50643,10.965,7.97441,3.22567,8.65492,1.9785,10.1262,8.35839,4.95414,7.78608,3.43051,4.6534,12.8937,5.1922,-70.272,-991.128,-130.784,5600,840,1260
0.248927,2.77628,2.10673,3.02145,2.71674,0.753313,1.93663,-1.07967,1.25909,2.1396,1.69441,1.02853,0.320807,1.27765,3.92593,0.781069,-71.736,-994.056,-130.784,5460,1120,1400
5.56394,6.40891,4.1377,2.90417,3.8865,4.10913,1.64321,2.88712,6.54694,4.15613,5.50082,4.41493,2.064,2.00534,0.751755,2.48414,-72.224,-992.104,-129.32,5320,1540,1540
-5.0503,-8.14374,-2.8762,-10.4949,-7.03296,-0.556003,-6.55199,-1.39718,-6.94721,-5.07592,-1.74168,-6.32086,-3.60407,-4.35599,-11.8843,-2.11756,-72.712,-991.616,-127.856,5180,2240,1820
-15.6242,-17.8126,-0.999705,-15.4264,-7.4735,4.00175,-6.54555,2.39812,-24.4049,-6.87588,-0.579459,-10.5818,0.0148302,-0.245864,-14.891,0.905071,-69.784,-993.08,-128.344,5180,2240,1960
-9.86415,-10.2182,-0.877186,-7.72506,-5.88667,0.0592016,-5.6306,-0.246908,-11.8466,-5.3709,-1.11083,-7.61251,0.121809,-1.98407,-6.38828,-1.48429,-73.2,-995.52,-129.32,5180,2940,2100
9.66703,11.8373,5.12618,10.8482,5.55693,-0.0584985,4.66253,2.22309,14.79,6.01654,5.35884,7.38828,4.07062,2.49604,10.8761,3.60317,-72.712,-990.64,-128.344,5320,3220,2380
11.4203,14.5272,8.42289,13.2916,9.38756,2.48797,8.73312,5.80706,15.7373,9.28076,8.27261,11.3103,7.10534,5.28925,12.086,8.11953,-72.712,-992.592,-129.808,5600,3360,2380
3.23812,4.89821,4.51692,4.74614,4.34345,1.22618,4.13249,3.31073,2.06519,4.77129,5.58236,4.33817,6.10577,1.83215,3.97995,3.90542,-73.688,-992.104,-126.88,5880,3640,2660
-2.45132,-2.72332,-1.09311,-2.87139,-2.37476,-1.66352,-1.3917,-1.68252,-3.73287,-0.917878,-0.886474,-3.111,1.78855,-1.56791,-1.11961,-2.2265,-74.664,-988.688,-131.76,6160,3640,2660
-5.03808,-6.28669,-1.69121,-6.80716,-3.52998,0.855848,-4.21684,-3.61264,-6.9969,-4.54271,-2.76082,-4.0117,3.24946,0.131255,-7.09865,-3.77816,-77.592,-992.104,-130.784,6580,3920,2940
-6.57549,-8.08653,-5.04046,-10.2848,-7.28342,-2.02,-6.62878,-4.21829,-7.70314,-7.81045,-6.26863,-7.7094,-2.2661,-3.65641,-11.7707,-5.92187,-76.616,-990.152,-132.736,6860,3780,2940
3.06614,3.32795,-0.997802,2.16364,1.88523,-0.760711,5.47553,5.60747,3.43114,0.0415938,0.352363,0.557237,-3.44401,-0.449578,0.732042,2.67089,-75.64,-987.712,-129.808,7000,4060,2940
-0.954358,-1.02172,-4.48488,0.0535444,-0.329666,-4.86406,2.47159,2.80635,-0.0413283,-6.65964,-7.64229,-2.20273,-8.38653,-1.52522,-0.24637,0.671923,-78.568,-990.152,-131.272,7000,3500,2940
-2.75251,-6.01461,-5.98702,-7.05058,-4.86703,-4.45946,-4.79502,-1.82506,-6.50269,-5.5105,-6.72161,-4.56705,-7.54042,-4.56358,-7.98139,-5.28529,-80.032,-985.272,-130.784,7420,3360,3080
1.53622,-1.67203,-4.11441,-4.31644,-3.68524,-1.64985,-3.31175,0.0846434,-1.73558,0.00153415,-1.88753,-0.927802,-4.68508,-3.90593,-5.45343,-3.65938,-79.056,-985.76,-133.224,7420,2940,3080
-0.971851,1.52587,-5.52377,-0.105911,-1.50676,-3.59189,-4.49786,-3.33836,0.402192,-5.54736,-7.26034,-0.0346241,-5.55715,-2.42454,-2.12146,-5.52354,-81.008,-985.272,-132.736,7420,2800,3220
0.0985469,5.42914,-1.35057,4.74139,3.45913,-0.971289,-1.08729,-2.60385,0.839907,-1.89836,-3.1559,4.04807,-1.10876,1.45725,3.47445,-3.30517,-80.52,-984.296,-130.784,7140,2660,2800
3.52135,4.9294,0.0664506,2.60976,1.09908,-3.27596,-1.24747,-6.71593,5.3504,3.30709,0.361102,2.96755,0.205134,-1.65016,4.65777,-4.65497,-81.496,-986.248,-128.832,7140,2380,2940
4.79917,6.05896,4.71043,5.36649,6.06349,3.46782,5.34027,-0.660177,6.11897,7.18676,5.32757,5.68414,5.16747,4.99581,8.80453,2.6545,-80.032,-984.784,-131.76,6860,2520,2800
-1.61168,-4.31252,-0.651694,-2.78935,-1.13907,0.479589,0.0891949,-2.64273,-0.510942,1.25597,2.21508,-3.98021,1.08249,-1.98834,1.39244,-0.15877,-79.544,-985.272,-128.832,7140,2380,2800
0.229022,-3.24654,-1.82986,-2.7328,-3.45008,-0.475397,-3.20798,-3.54438,1.73587,0.801586,2.13299,-3.79162,0.357515,-4.15931,-1.58645,-2.7837,-81.008,-986.736,-132.736,6860,2240,2660
-0.0593151,-1.71162,-1.0608,0.369095,-1.1312,2.77202,1.22352,4.41085,1.09895,1.58593,2.45577,-1.69692,0.769518,-0.735454,1.58801,4.58251,-81.496,-986.248,-130.296,6860,2100,2660
-4.84677,-7.22914,-2.70943,-4.70625,-3.98977,3.65386,-1.74558,4.13499,-5.66156,-2.41208,-0.547143,-4.14092,0.630522,1.09995,-3.8669,3.97585,-79.056,-984.784,-128.344,6300,2100,2520
-7.36732,-8.51548,-3.07506,-5.86347,-5.9297,0.833878,-3.47805,0.126563,-8.56521,-3.81029,-2.70337,-4.69743,-0.874353,-0.990156,-3.62899,-4.58227e-05,-79.544,-984.296,-128.344,6160,2100,2660
0.474511,1.87002,5.35909,3.92532,2.6166,5.10275,4.46848,4.69244,-1.42149,5.84691,7.06686,3.92443,5.49155,4.0721,6.04011,5.74627,-80.032,-987.712,-126.392,5600,2520,2380
-0.134026,0.879047,3.7196,-0.393909,-1.44655,1.20018,-2.89006,-2.02099,0.0288748,2.55948,4.06403,1.14109,2.8616,2.50166,-1.94192,-0.313388,-79.544,-984.296,-124.928,5040,2800,2380
2.64771,1.56358,3.57393,0.578647,1.58999,3.15053,0.333649,2.43151,2.90127,2.61452,6.00404,2.34757,2.74412,2.81172,-1.05551,2.42978,-80.032,-985.272,-124.44,5040,3220,2660
-4.62515,-8.21677,-2.55073,-8.67477,-6.48361,-4.04072,-6.91425,-4.62071,-1.81433,-6.94168,-3.72553,-6.35979,-3.38177,-4.42346,-8.63919,-5.83885,-77.592,-986.248,-124.928,4340,3640,2660
0.93471,2.20607,3.9669,1.67043,4.36455,0.78427,0.932241,1.0228,4.07453,0.683489,0.344172,2.95972,1.79712,2.8014,0.529134,-0.771264,-77.592,-990.64,-120.048,3920,4200,2660
-4.96748,-3.01577,0.884654,2.11577,3.74243,-0.364429,1.73335,0.919853,-4.45487,-1.31212,-0.852113,0.285955,-0.5183,1.36393,2.41646,0.373499,-77.592,-991.616,-121.512,3500,4480,2520
-5.07352,-2.49485,1.50945,1.5779,1.9301,-1.98344,0.600901,-0.593527,-4.64592,-0.797542,-1.86397,1.25343,-0.93518,0.426612,0.980481,-1.12198,-76.616,-988.688,-122.976,2940,4760,2660
-3.09349,1.97614,4.05364,3.62241,2.60852,3.05075,3.23594,3.88398,-2.84185,0.956949,-1.8253,2.07123,1.04812,3.22362,3.53237,1.99076,-76.616,-992.592,-125.904,2940,4900,2800
0.939198,4.65143,5.52242,4.79197,3.3865,5.18105,3.32116,3.68111,-1.28864,2.78307,2.20396,3.95959,3.43285,4.00201,2.36458,3.52247,-77.104,-987.712,-122.976,2520,5180,2940
8.03078,6.16876,3.30222,4.16502,3.28121,-0.771267,2.39876,-0.747707,4.03315,4.71682,2.10574,6.68823,0.161944,-1.14042,-2.27763,0.963109,-77.104,-987.712,-122.976,2520,5320,2940
8.35651,5.08993,4.35177,4.46261,6.02171,-0.11732,8.91281,5.3153,3.36996,6.69232,-3.61856,6.0706,-3.90742,0.83229,1.73131,6.37958,-76.128,-987.712,-121.512,2100,5600,2940
12.4004,10.8732,3.09954,6.71405,3.63537,-0.577087,6.74902,5.2086,9.84413,5.20858,-4.9813,7.88853,-5.30584,4.03488,3.92641,5.48556,-74.664,-987.712,-124.928,1540,6160,2940
18.7868,21.1742,-1.63031,16.802,7.09729,0.410052,8.60978,4.03717,20.101,2.45418,3.29602,11.9252,0.740747,3.49648,14.4744,6.22616,-74.176,-986.736,-124.44,1540,6300,3220
7.023,14.0336,-7.57038,8.4409,2.26518,-1.68817,3.30031,-2.633,14.3614,-3.88291,1.62066,0.837742,2.28594,-1.12821,9.71838,1.58371,-75.152,-983.32,-124.928,1260,6580,3220
-2.29267,3.63245,-4.10892,-1.54526,-1.00397,-0.956623,-0.619676,-3.569,4.25849,-1.47238,3.26384,-6.89139,4.17491,-0.870644,0.824497,-1.16766,-73.688,-985.76,-127.368,1120,6580,3220
-6.63148,-6.46407,-1.35466,-3.12753,-0.538695,0.481213,0.0408433,-2.22243,-4.80759,-2.21179,1.18994,-7.6181,3.21957,0.959166,0.18475,0.0843642,-76.616,-987.224,-124.928,560,6720,3220
-8.32557,-15.0447,-2.1194,-11.334,-5.11074,-1.66317,-5.6021,-4.5493,-11.8181,-4.27755,-3.10176,-9.11227,0.348536,-1.15312,-7.33933,-1.95313,-76.616,-988.688,-129.808,700,6580,3360
-5.0614,-14.0757,2.19416,-13.7799,-3.86549,1.95195,-4.89709,-1.4484,-12.6488,1.23547,1.46303,-5.10547,3.46039,1.93329,-9.86094,-0.512822,-75.152,-987.712,-124.44,0,6440,3640
-10.313,-14.4564,-6.45912,-14.8712,-9.91206,-11.2367,-11.0331,-9.75943,-12.4476,-5.96016,-3.13645,-9.12312,-4.96428,-12.3569,-12.3361,-11.4322,-79.056,-987.712,-128.344,-420,6580,3780
-1.42891,2.93698,-5.75877,4.58782,0.452978,-13.3419,-1.07787,-4.76078,3.72971,-2.70405,-0.5426,1.12824,-5.90672,-12.4241,4.55378,-7.37245,-80.52,-989.176,-125.416,-700,6440,3920
2.30457,6.55898,-2.35381,9.9601,0.599101,-1.52102,2.85074,1.77808,7.98415,0.816841,0.680723,2.60207,-0.647235,-3.27372,10.1789,0.0933431,-75.64,-989.176,-122,-700,6440,4200
3.87631,3.2342,0.880461,2.7007,-3.56829,6.13898,-0.371251,3.69755,6.40271,4.03818,3.51319,1.24335,2.37447,4.51071,1.64668,2.29939,-76.616,-988.2,-122.976,-980,6720,4480
8.53474,4.4,4.70386,0.883305,1.31967,7.45625,0.215028,1.91919,10.0657,5.76187,3.80248,5.13214,2.70178,6.87477,-1.2353,1.10082,-75.152,-989.176,-126.88,-1260,7000,4620
3.23337,-0.401691,2.97164,-2.96685,0.593393,3.68812,-3.80783,-4.15944,2.31926,0.680474,-0.451043,2.15705,1.29579,2.866,-3.89982,-5.36213,-76.616,-990.64,-126.392,-1400,7140,4900
-3.86348,-7.03287,-2.28229,-6.20072,-4.63406,0.918233,-7.46492,-6.56226,-4.65532,-5.29661,-5.31927,-4.58137,-2.98266,-0.864892,-8.17006,-7.52691,-78.08,-989.664,-124.928,-980,7420,4900
-2.70916,-4.70483,-0.584403,-4.38061,-1.4029,5.29237,-1.68228,3.30752,-2.42012,-2.65182,-2.379,-2.62488,-0.308982,1.99169,-6.35437,0.967311,-77.104,-989.176,-126.88,-840,7280,5320
-3.94122,-7.10919,0.664158,-5.85315,-3.19778,-1.20948,-3.39785,1.7701,-8.34001,-1.9507,-5.55076,-2.39368,-5.70353,-3.52794,-7.50729,-1.83539,-78.568,-991.616,-125.904,-700,7560,5320
0.0669812,-2.46884,7.04349,2.54817,3.45609,2.64828,2.85495,7.00866,-13.4726,6.5582,1.72639,4.40921,-1.10038,1.44904,1.40051,2.54695,-78.08,-991.616,-125.904,-700,7560,5460
-13.316,-10.9255,-3.562,-6.38129,-4.00425,-1.87063,-4.98979,2.42568,-21.8335,-7.35548,-6.17555,-5.70323,-3.59649,0.0177266,-6.2235,-0.10802,-77.592,-991.128,-131.272,-420,7700,5460
-9.70593,-1.56122,-1.97007,-1.66343,1.85528,3.93734,-0.578262,6.31924,-12.0535,-7.61379,-1.26365,-2.03761,1.67818,4.60057,-1.51469,4.65973,-79.544,-988.2,-129.808,-140,7700,5460
-11.0101,-2.96971,-5.1622,-4.8668,-2.96635,0.420371,-3.26311,-1.55986,-10.1516,-10.0288,-4.47233,-6.7856,-1.47751,-1.93187,-1.97525,-3.15392,-79.544,-993.08,-130.784,420,7700,5460
-13.026,-5.43194,-4.70616,-4.39601,-1.64471,-1.26131,-1.46236,-4.15409,-9.48185,-10.5651,-5.99905,-6.92525,-2.59908,-4.47308,-1.61142,-3.11224,-80.52,-993.08,-130.296,840,7980,5320
-6.299,-7.29394,-5.79608,-3.94568,-4.61208,-9.93971,-1.45357,-8.62568,-4.7934,-4.02599,0.502411,-8.49407,-3.07623,-12.0791,-0.980884,-6.10529,-81.496,-989.664,-131.272,1400,7980,5180
1.76133,-0.711965,-4.77498,1.51782,-5.66495,-14.3925,-1.15916,-8.08256,4.54912,2.27184,4.00288,-4.25062,-1.43597,-12.041,4.81354,-8.97157,-81.496,-992.104,-132.736,1400,7980,5180
4.33984,1.68938,-1.89269,-1.14092,-6.64579,-4.69469,-4.49563,0.373995,8.11698,3.49325,3.93861,-0.772449,0.882112,-2.86147,0.947839,-2.4031,-80.032,-993.08,-132.736,1820,7980,5040
0.864026,-5.96431,0.851477,-11.2251,-7.43745,6.32874,-7.9672,4.65425,2.33969,2.06825,4.45607,-2.70102,5.22345,2.00322,-11.7062,3.18309,-81.496,-990.64,-131.76,1960,7840,4760
4.4346,-0.477162,2.42937,-5.0897,0.318044,6.29524,-2.34581,1.81848,6.21907,3.31878,-0.795739,2.55663,2.30443,6.19498,-7.94067,3.23286,-80.032,-993.568,-131.76,2380,7560,4620
17.7037,15.0578,9.27911,11.2764,12.8417,5.85876,9.74583,3.45356,16.6168,13.8377,1.8149,15.6411,1.64617,8.92336,8.0625,5.96995,-81.984,-990.64,-133.712,2660,7280,4200
14.1393,14.195,5.49333,11.7797,10.9017,1.66137,12.1923,3.10551,16.8353,7.39441,1.45151,13.9346,-0.0886174,5.78404,12.1784,6.51209,-82.472,-992.104,-129.808,2660,7420,4060
7.18341,13.1144,1.18196,12.6969,9.2079,0.828803,13.7417,4.92974,16.4415,2.21619,3.40909,9.84887,0.521653,4.60874,16.0144,10.0098,-79.544,-988.688,-131.76,3220,7000,3780
5.38923,14.2786,2.77419,14.5764,10.2558,4.29782,15.8241,9.68968,15.9442,5.01707,7.73543,8.57101,3.819,7.99174,16.1264,14.9283,-80.52,-986.736,-131.272,3080,6580,3640
2.3488,6.96771,2.72384,9.87447,5.82238,2.22585,10.4429,3.85621,8.85231,4.57098,5.73525,2.93903,3.15329,3.78378,8.15701,10.0502,-78.568,-989.664,-130.784,3080,6300,3360
6.68244,7.02681,7.44023,12.574,7.4715,1.7171,9.81201,-0.443246,8.36226,9.35566,7.98891,4.08751,4.93716,1.06517,9.14472,4.58754,-80.032,-987.224,-132.736,2800,5740,3220
12.8382,13.0539,8.70634,16.234,9.26477,-2.2015,7.36764,-1.62333,16.7272,8.80635,2.82998,10.0713,2.27543,4.81591,11.3441,2.09514,-79.056,-988.688,-131.272,2660,5320,3080
16.3534,20.511,16.0572,18.75,15.5127,4.9629,6.53587,2.67722,17.1891,10.6834,3.82637,19.2139,7.30198,15.1502,11.0045,5.33749,-77.104,-988.2,-129.808,2520,5040,2940
4.80848,8.22577,7.17957,7.40621,7.33961,4.55972,1.99034,0.71009,2.25837,0.27459,-3.10139,6.89326,1.48647,8.04182,6.00114,1.96897,-77.104,-987.712,-129.808,2380,5180,2940
-3.58761,-2.4275,-0.519228,0.232752,0.96594,4.4206,-0.839429,0.283355,-10.8496,-4.2123,-5.94846,-2.28019,-1.23469,1.23974,0.790292,-0.686003,-79.544,-991.128,-134.2,2380,5040,3080
-5.34972,-11.6111,-2.43198,-8.93526,-3.84754,3.76136,-6.89342,0.21276,-21.4789,-2.99521,-1.79727,-6.42109,0.895569,-1.48837,-11.2287,-2.35739,-79.056,-993.568,-130.296,2660,5320,3080
-9.73982,-19.0051,-7.37023,-20.3899,-12.5745,-0.527977,-15.1798,-3.84003,-23.3962,-7.29249,-3.40263,-13.2315,-1.06502,-6.89473,-20.9415,-8.45373,-79.056,-993.08,-132.248,2800,5040,3080
-11.4806,-19.1331,-11.3927,-23.6922,-19.9279,-5.3897,-20.5067,-9.75992,-15.9789,-10.8682,-5.57224,-17.9207,-4.33223,-12.3717,-21.3732,-15.6579,-79.056,-994.544,-131.272,3080,5180,3220
-10.182,-16.0195,-8.87428,-18.5775,-15.3553,-0.979692,-12.1978,-2.18779,-12.9837,-8.07461,-2.59722,-14.5589,-1.26307,-8.37578,-12.7696,-7.8613,-78.08,-994.544,-129.808,3360,4900,3360
-13.3905,-20.9858,-14.1151,-22.3353,-19.615,-7.31627,-15.7889,-7.12826,-16.0108,-11.0406,-6.3128,-19.1108,-7.29246,-12.4259,-15.0931,-11.6912,-80.52,-993.568,-132.248,3780,5040,3360
-4.6393,-8.30388,-8.16123,-8.94823,-7.08505,-3.44363,-6.01402,-3.51705,-7.50932,-4.24306,-0.584564,-7.28774,-2.42413,-7.29829,-3.32002,-5.95589,-76.616,-994.544,-127.368,4060,4760,3360
-7.06879,-7.13101,-12.5554,-6.04162,-6.17001,-13.854,-5.86349,-12.4884,-6.7176,-8.88047,-6.45218,-7.77671,-8.86244,-16.1509,-3.1947,-12.2062,-78.08,-995.032,-126.392,3920,4620,3500
0.631985,0.848207,-2.18252,-0.68969,-0.185355,-8.45757,-0.444765,-5.08287,3.78786,3.29178,3.9317,1.54522,-1.04105,-5.93388,-0.679305,-5.38049,-76.616,-990.64,-128.344,4340,4480,3780
-3.32411,-0.451985,0.18067,-1.90239,-2.43541,-1.65696,-0.757919,-0.0296095,2.92989,0.264243,2.10537,0.252696,0.885958,1.14415,-2.18229,0.481628,-77.592,-990.64,-123.952,4200,4760,4060
-13.477,-7.99765,-2.24259,-3.45984,-4.03392,-0.149356,-1.86656,-0.0855268,-12.359,-5.25025,-0.496192,-6.33852,0.32679,0.717313,-1.93505,0.617839,-74.176,-989.176,-126.88,4340,4900,4060
-8.506,-6.61746,2.49198,-2.91621,0.276218,-3.25999,-0.0734921,0.468068,-13.8671,0.86265,-1.40745,-2.4899,-2.73316,-0.287484,-3.93101,-0.0276612,-75.64,-988.688,-124.928,4480,5600,4340
9.27731,14.0397,5.14838,15.8848,13.7097,-7.47571,10.7516,6.0516,10.8788,5.60633,-5.1953,14.0438,-10.7682,-0.32984,9.81374,4.9877,-76.128,-990.152,-123.464,4480,6020,4340
13.3677,22.053,4.06598,24.0691,15.9283,2.50877,15.5175,10.5172,19.1899,1.67311,-1.54279,20.0333,-0.744917,8.51413,18.159,10.8829,-79.056,-994.544,-124.928,4620,6580,4480
2.97327,15.0637,2.31775,16.249,8.1938,9.83362,11.1545,9.02783,10.3684,-3.90275,1.05989,7.92354,7.23381,11.9791,12.8714,10.4621,-79.544,-995.032,-126.392,4480,6580,4760
-3.8975,3.36624,1.25626,0.659402,-2.23258,6.96166,0.486672,2.60404,6.18277,-1.67052,2.97861,-6.73914,5.26919,5.65067,0.581983,1.96167,-81.496,-996.496,-125.904,4760,6860,5040
3.41618,0.271157,10.7328,0.542519,5.5503,10.7721,3.34423,3.91518,7.83532,5.86775,4.49129,1.65574,7.66811,8.9517,0.439367,5.55731,-82.472,-994.544,-127.368,4900,7140,5180
4.16665,0.641796,11.8361,5.37549,9.20401,9.58126,7.2262,4.18972,3.27403,4.49511,-3.24289,6.46643,2.4149,9.33096,6.30388,7.50681,-84.912,-993.568,-125.904,4760,7280,5320
12.1154,9.80687,8.0857,8.21124,7.20539,6.9715,7.9553,5.87907,12.3273,7.04176,1.14143,9.46373,-0.428893,5.26112,10.1828,6.60547,-81.984,-993.568,-127.368,4480,7420,5040
7.05188,3.25203,1.63775,-2.72753,-0.325562,3.84657,2.76121,5.54699,9.51396,3.03647,2.86055,3.33927,-0.797736,1.21183,0.55475,4.8464,-85.888,-993.568,-122.976,4060,7280,5180
-8.56333,-15.8166,-5.8919,-20.3077,-11.3845,0.483023,-10.7371,-3.19198,-9.29238,-5.59616,-3.47039,-9.88492,-2.13666,-3.10696,-16.9923,-3.94142,-86.864,-991.128,-124.928,3920,7000,5040
-8.51454,-14.0254,-2.75302,-16.5467,-7.84234,5.23913,-9.9939,-2.17905,-10.0021,-3.72003,-3.26742,-8.60636,1.58474,2.38397,-16.21,-3.17478,-84.912,-992.592,-122.488,3780,6720,4900
-4.41952,-6.40951,-2.82757,-6.18672,-2.50041,3.35857,-1.83662,-0.949579,-3.23003,-1.48574,-3.2735,-5.28933,0.100134,0.839036,-6.15476,-0.578384,-85.888,-993.08,-122.976,3220,6720,5040
1.16427,-0.989022,-3.13931,-0.125173,-0.136794,-0.560196,-0.584044,0.119139,-0.347483,5.61716,3.56951,-0.0371809,0.333198,-7.84694,-2.37282,-2.82251,-87.352,-988.688,-122.488,3080,6580,4900
0.0652698,0.332712,-7.57692,1.77812,-6.30195,-18.7027,-10.5348,-12.9034,-4.21737,2.5634,2.44443,-0.839222,-5.01742,-23.6212,-5.52341,-18.1044,-86.376,-988.2,-122.488,2520,6580,4900
1.44863,10.9401,-4.17561,15.4347,1.42521,-24.7849,-2.87567,-13.2351,-2.18209,-0.0594565,1.11552,5.99942,-4.37951,-17.64,9.66402,-14.3508,-86.376,-992.104,-120.048,2520,6580,4900
10.909,12.6513,0.302757,13.2092,-1.68671,-15.7715,2.66782,-3.98225,6.50567,7.18347,10.5608,5.16272,3.50198,-3.47168,17.5223,-2.93514,-89.304,-990.64,-122.488,2520,6440,4760
17.9785,15.4629,7.08954,10.9389,3.61534,3.50649,6.86588,5.79531,17.4776,11.74,14.6991,9.11128,10.1509,12.2811,16.1638,8.00531,-89.792,-991.128,-122.976,2240,6440,4760
8.12002,4.10771,3.36726,-2.77885,1.67515,11.2361,-1.27425,3.01415,9.42447,4.02966,7.28936,1.70752,7.30826,11.527,0.0140157,5.11785,-89.304,-987.712,-120.536,1960,6580,4480
3.05029,1.25566,4.79693,0.837291,9.33142,14.0929,5.61291,6.15384,1.28036,2.75792,3.99298,2.44862,7.59841,12.9869,2.48095,9.19376,-90.768,-988.688,-125.904,1960,6580,4060
-10.4382,-9.59158,-3.74515,-4.93314,3.60704,1.97974,1.83658,-1.8404,-13.0051,-8.85344,-7.93194,-5.89033,-2.47405,2.31226,-4.5395,0.997907,-93.208,-986.248,-126.88,1680,6440,3640
-6.42589,-3.77285,0.586657,-1.89843,3.72439,-0.292359,2.47424,-3.25935,-9.11818,-3.71976,-4.31049,0.0481356,-1.30687,0.345768,-3.6392,0.317749,-94.672,-983.808,-126.88,1260,6440,3080
-12.6747,-10.7114,-3.53556,-6.42936,-7.72655,-6.1483,-2.50072,-7.49527,-14.8551,-7.74798,-10.0517,-8.65277,-7.33309,-5.34748,-4.43523,-5.048,-95.16,-985.272,-123.464,980,6160,2940
-3.18508,0.715667,3.05437,2.49152,-0.921709,4.99713,2.49312,3.89633,-4.25372,-0.43241,-5.69748,0.0155803,-3.123,4.76314,4.9956,3.07939,-90.768,-985.272,-124.928,980,5460,2240
3.95568,7.69649,4.75957,4.27977,3.54745,10.729,2.73771,8.07575,6.7785,-0.953794,-6.28659,4.49253,-2.73346,9.16409,3.64327,8.30304,-91.256,-986.248,-123.952,560,4900,2100
-5.78258,-7.86927,-4.25771,-13.6817,-7.33892,7.30755,-6.79252,4.14507,-3.00513,-10.4089,-5.91232,-7.8354,-1.81668,2.33487,-16.6411,2.90375,-89.792,-989.176,-122.488,420,4200,1540
-12.2824,-15.0781,-7.76134,-17.1113,-7.37797,3.06651,-6.42726,2.01243,-6.9116,-13.0692,-5.81428,-13.8722,-0.719519,-1.83692,-20.4971,1.44263,-85.4,-987.712,-120.536,280,3080,1120
-9.12347,-11.9686,-3.24851,-6.12926,0.201726,-1.84395,0.725468,-1.73452,-8.03501,-6.72547,-2.95627,-9.56331,-2.27617,-2.51387,-7.17554,0.439378,-83.448,-987.712,-121.024,140,2240,980
-4.47735,-6.79748,1.45713,2.62431,4.12987,2.26893,4.27336,-2.00631,-10.664,0.0680579,0.892317,-1.53149,0.366435,-1.49685,1.11763,1.75509,-80.032,-989.176,-118.584,-280,1260,980
-0.388191,-1.01904,-5.86059,6.82482,-0.51403,-19.2792,-4.33323,-14.5725,-5.72158,0.752622,1.59283,2.00236,-7.43214,-21.1772,3.27331,-15.0669,-79.544,-990.152,-122.976,-140,0,980
6.14967,9.37974,-6.30569,10.9283,-1.69652,-27.63,-4.56924,-12.0125,8.18161,2.56768,3.84681,7.18585,-9.3807,-20.6648,8.48111,-14.5099,-76.128,-991.128,-120.536,-280,-560,980
11.2612,12.0499,2.68419,8.48922,-3.63087,-5.02677,1.036,3.38083,15.2702,11.0365,14.8315,7.33969,7.10947,-4.07277,9.82633,0.882183,-72.224,-991.616,-121.024,-560,-700,1120
6.61556,-0.38579,4.99566,-9.30859,-12.4774,6.33827,-8.60864,2.13536,7.60616,10.757,12.8015,-0.92664,11.1832,3.40818,-8.51481,-1.43072,-71.736,-992.592,-122,-140,-420,1120
11.8835,-0.942344,14.0976,-11.3006,-1.75436,15.7423,-1.4005,12.2235,8.58212,16.3811,1.3499,5.33249,3.14274,14.221,-8.79883,8.33867,-73.688,-991.128,-120.536,-420,-280,1120
14.0148,9.88122,15.2932,6.26372,17.1838,19.2187,11.8147,16.4373,9.1478,8.89644,-10.8116,19.0049,-2.33901,22.7392,7.29269,16.4734,-74.176,-991.128,-122,-700,280,1260
2.5051,3.55987,-7.1873,4.89297,10.1667,3.74531,7.45222,4.14616,2.84579,-12.9213,-12.8073,8.71,-6.37552,6.53233,6.58526,6.01597,-72.712,-990.152,-119.56,-840,560,1260
-4.28198,8.8802,-17.7796,11.3899,4.64787,-18.3453,5.22826,-4.64856,8.21896,-14.6211,-4.58711,-2.00168,-9.68376,-16.7613,13.6139,-6.32059,-73.2,-992.104,-120.536,-1120,1400,1540
-5.33423,9.68795,-12.6282,16.1814,-2.11955,-16.28,5.81495,-1.23764,11.7241,-4.55954,3.32395,-10.2854,-3.91697,-15.6126,20.6472,-3.65196,-77.104,-993.568,-123.464,-1260,1680,1540
2.09316,3.50323,7.06938,11.6486,-0.957813,8.99686,7.39914,6.93603,7.21339,12.0861,12.5813,-1.03288,12.9495,7.75162,15.964,8.31004,-75.152,-991.128,-119.56,-1540,2380,1680
-0.320002,-4.59242,10.3753,-3.17373,-1.00863,12.3055,-1.09221,-0.821427,-8.57342,8.99297,6.40843,1.27566,11.9064,10.7796,-0.510166,3.07607,-75.64,-991.616,-120.048,-1820,3080,1820
-2.13724,-4.90939,2.85371,-11.5746,-2.23018,5.35167,-5.9171,-4.89631,-7.4003,1.18377,-0.778623,-0.743895,4.70064,4.12498,-9.08925,-4.22368,-78.568,-991.616,-118.096,-1820,3360,1960
-3.66518,-2.53951,-0.832545,-6.56739,0.279397,3.47096,-2.99663,-1.95481,-3.58429,-3.73805,-4.28511,-1.44532,1.04261,2.94415,-6.41187,-2.19613,-78.08,-991.128,-120.536,-2100,3920,2100
-0.37463,-0.375675,2.45357,-1.44929,2.39293,2.96291,-1.45952,-1.07671,-4.50487,-0.32639,0.883636,0.122693,2.81276,3.67011,-4.46579,-2.41433,-81.496,-990.64,-115.168,-1960,4200,2380
0.635614,0.991022,4.70566,-0.208747,0.696829,-0.215508,-2.99114,-3.03155,-3.77231,0.942499,1.69189,0.407278,0.362193,2.22102,-5.91723,-4.7649,-79.544,-992.104,-118.584,-1820,4480,2940
-2.91959,1.26595,5.19368,1.3258,2.77002,3.1308,-0.296342,0.800388,-6.25043,-1.39469,-0.535308,1.54831,-0.207089,4.98919,-4.98375,0.0555906,-79.056,-989.664,-118.584,-1680,4900,3220
-8.79827,-5.22462,-1.08824,-4.19468,-1.0932,-2.9149,-3.17319,-4.98285,-10.8733,-8.75069,-9.70038,-2.9434,-6.72416,3.09452,-8.52542,-2.02815,-82.96,-993.08,-116.632,-1540,5600,3360
-2.10034,-1.49902,0.141075,0.59876,3.7732,2.68466,4.603,2.80644,-3.77166,-2.71576,-3.21108,-0.703002,-3.14066,3.51185,0.174705,4.02071,-81.984,-988.688,-118.584,-1540,6300,3780
-7.20454,-6.90357,-5.40332,-7.14218,-2.31311,-1.07502,-5.51921,-0.983874,-6.38367,-8.76236,-7.68826,-4.51544,-4.36152,-2.14151,-9.94693,-4.31247,-81.008,-985.76,-116.632,-1400,6860,3920
-6.52006,-13.1545,-8.09306,-13.8998,-8.68901,-2.87831,-9.32994,1.92599,-9.22951,-4.29196,-1.09379,-8.90454,-2.42092,-7.90651,-16.2426,-5.60859,-83.448,-988.688,-118.096,-1260,7700,4060
-12.8884,-19.7028,-10.0987,-16.5611,-12.3071,-8.50404,-9.97056,-5.23777,-17.2714,-5.93082,-1.88477,-16.0049,-3.62934,-14.4632,-17.7721,-8.06507,-85.4,-987.224,-118.096,-1120,8120,4340
-10.1335,-10.147,-10.7036,-6.53982,-8.8556,-12.0909,-5.15864,-9.20996,-8.21927,-5.96238,-1.75563,-11.901,-3.37843,-18.5483,-6.48854,-8.55527,-86.376,-988.688,-119.56,-840,8260,4340
-0.666434,3.92334,-9.92144,3.0831,-9.00527,-15.7695,-5.50058,-9.34422,5.7883,-2.0701,-0.742652,-3.78603,-6.22494,-22.5082,2.46606,-11.9992,-90.28,-991.616,-118.096,-1120,7420,4480
6.36691,13.6326,4.04906,11.6882,2.58291,-4.4844,5.13333,3.12933,6.78813,6.2736,4.02834,8.0914,1.10164,1.38944,13.1378,4.11672,-93.208,-987.712,-120.048,-1260,7000,4340
13.5618,16.0883,15.2139,9.46441,11.583,12.588,10.0067,9.07269,12.6848,13.4227,12.3702,15.2544,11.8389,18.4886,14.0978,14.2319,-88.816,-986.248,-119.56,-1540,5880,4060
17.5284,15.1096,15.368,10.2404,14.924,15.8515,10.6873,6.11641,16.9555,13.496,13.3631,16.9172,11.8341,16.3583,15.5175,11.9881,-92.232,-987.712,-120.536,-2240,4900,3640
9.62891,2.02783,3.7887,3.30863,4.00174,5.96441,6.88135,1.13163,10.3118,4.86499,6.17821,2.73245,2.5009,6.87854,11.0197,6.2914,-88.328,-986.736,-125.416,-2520,3920,3360
8.9397,2.33159,1.4357,2.22976,2.90564,2.33854,5.45893,1.54727,11.3785,2.56374,4.13426,2.21649,0.621136,5.70172,4.29751,6.83009,-86.376,-984.784,-124.928,-3080,3080,2940
0.787113,-3.69462,-1.66244,-3.8285,-1.47817,0.350958,-3.16616,-1.94647,1.51071,-3.03416,-0.690961,-1.19819,-0.40378,1.59497,-5.39393,0.293795,-86.376,-987.224,-122.976,-3360,2520,2660
2.52997,-0.377093,2.13816,0.774718,1.2809,-1.62566,-5.43432,-4.77576,2.98587,0.290668,-1.68409,2.66726,0.705302,-1.90839,-4.14183,-5.63855,-87.352,-987.224,-122,-3640,1680,1960
6.40881,6.30205,6.97596,11.8272,9.9166,1.94948,8.15978,4.48207,6.27603,4.31381,-6.77445,8.25267,-2.08783,4.13653,11.5791,5.78716,-85.888,-982.832,-122.488,-4200,1260,1820
-1.07519,-9.39512,0.10511,-4.65594,-5.03411,3.67086,2.82776,8.227,-7.13552,-1.59277,-9.4342,-4.7993,-5.39079,2.46242,2.44021,8.23508,-84.912,-983.32,-118.584,-4760,980,1680
-7.06566,-14.1306,-7.18746,-12.5066,-12.1293,-0.201652,-5.63431,5.38638,-13.724,-5.43738,-8.47526,-9.64047,-7.96081,-8.93236,-9.65632,0.971846,-81.496,-983.808,-114.192,-5320,840,1400
-15.1096,-13.3783,-13.2252,-13.3979,-14.4947,-8.29911,-11.0272,-4.03704,-16.8646,-12.0988,-8.28267,-14.0131,-11.4301,-14.472,-14.3367,-8.23741,-83.448,-983.32,-120.536,-6020,1260,1260
-4.66409,-1.07272,-7.89183,-7.0125,-8.16881,-1.49765,-8.58431,-1.34556,-0.834122,-5.04504,0.892501,-4.93817,-0.926464,-4.23713,-11.4353,-5.20284,-83.936,-981.368,-122.488,-6580,1540,1260
1.96473,6.04773,-0.7966,-0.813453,-0.819151,1.34481,-4.10932,-0.998459,10.4543,0.214717,-2.6946,2.28259,-1.77645,2.15102,-4.71433,-1.98624,-84.424,-977.464,-122.976,-6580,2240,1120
12.1995,12.6246,10.2165,11.2129,12.2469,1.63778,10.288,2.27035,16.033,11.5412,1.94628,13.1492,-1.13441,8.2943,10.2254,5.66063,-84.912,-977.464,-127.856,-6860,2800,1260
4.65703,11.9133,1.91932,17.2039,16.3803,-7.61413,12.3399,-5.7734,4.80288,1.08586,-2.34766,14.4336,-2.01648,-0.446061,11.878,-1.37557,-86.864,-976.976,-128.344,-6720,3360,1540
-4.60044,9.59557,-1.35668,15.3469,7.37172,-2.89614,6.14503,-3.38227,-0.941682,-3.89087,2.5999,4.8722,5.89,2.79908,11.9521,-3.86895,-84.912,-980.392,-133.712,-6440,3920,1540
-13.4067,3.7807,-7.01732,11.5515,-3.72043,-5.26111,0.891342,-4.17715,-5.36353,-5.84098,4.02328,-9.39487,6.30056,-6.23602,16.153,-5.56719,-89.304,-982.832,-136.64,-5880,5180,1680
-6.82004,5.9256,-2.02684,14.3031,1.62699,-10.269,4.90391,-3.71198,-4.75562,1.81429,8.73776,-5.01391,5.35984,-9.20886,17.8271,-4.43242,-90.768,-981.856,-136.64,-5180,6160,1820
0.402223,2.56273,5.02229,0.777386,-0.886917,-3.56778,-3.1025,-2.87929,0.647105,4.855,7.28334,0.416831,6.64533,2.29564,-2.02719,-3.47984,-92.232,-981.856,-139.568,-4060,6440,2100
5.84111,-0.11632,10.5734,-12.2022,-2.22527,14.8339,-6.50174,5.12155,6.05417,7.42657,8.45135,4.77492,13.8853,15.4818,-17.605,4.04838,-95.648,-980.88,-137.616,-3640,7140,2380
-2.18341,-13.4162,1.16325,-22.0221,-7.63849,10.0906,-9.27429,-0.693284,-2.43023,-0.748771,0.16304,-6.46678,4.16565,6.44139,-21.0927,-0.168895,-92.232,-980.392,-136.152,-3360,7140,2520
-3.80425,-10.5161,-0.0386101,-10.6005,3.08264,9.03262,1.47661,2.7336,-6.41224,-2.74816,-1.34619,-2.60573,2.05714,5.25321,-8.18488,4.78616,-95.16,-984.296,-130.784,-3640,7420,2520
-5.14998,-7.12407,-0.338089,-5.54588,0.981385,4.69254,-1.43149,0.69112,-6.01523,-5.59989,-5.36302,-2.76864,-1.3609,4.26802,-6.73635,1.08174,-94.184,-983.808,-129.808,-3780,7420,2520
-3.34215,-3.61475,0.272398,-1.36596,0.457928,3.46951,-0.8511,2.4329,-9.04598,-2.50587,-3.29809,-0.230689,-4.53731,3.29813,-0.213121,1.88899,-93.208,-983.32,-122.976,-4340,7560,2380
1.81587,-8.93083,-4.10865,-9.31113,-5.78165,0.524716,-4.6058,2.40316,-11.7145,3.59306,1.90131,-3.6318,-4.76429,-4.39329,-5.45398,-1.34977,-91.744,-986.248,-122.976,-5180,7560,2240
4.83935,-2.60422,-2.80873,-4.67013,-1.85598,-0.529161,-3.72642,-1.26,-1.54161,1.79334,-4.54564,0.985386,-5.11117,-3.19394,-4.78626,-2.71217,-90.768,-988.2,-121.512,-5880,7420,2240
10.8906,7.73293,2.07848,6.6552,4.64708,-3.86078,2.27732,0.915026,8.64445,4.57857,-8.34031,8.65984,-10.5812,-1.46288,5.03909,0.436902,-91.256,-989.664,-121.512,-6860,7560,1820
6.87113,7.75555,-5.69878,9.29524,5.71271,-21.3398,3.5557,-1.29974,6.16687,-1.86539,-9.75966,6.67261,-18.6049,-16.7025,6.53848,-2.26102,-89.304,-994.544,-121.512,-7420,7560,1680
5.57596,8.48265,-5.85157,9.24398,1.16461,-10.1045,6.07566,5.67496,10.0684,-2.83994,-0.761561,3.29103,-6.25226,-12.8407,7.02962,4.08831,-86.376,-995.52,-125.416,-7700,7280,1400
6.58612,12.4287,3.28459,10.2492,-4.19663,9.08538,4.72798,10.1833,14.4732,4.05618,10.8283,-0.262577,10.813,2.53767,9.4614,6.67566,-88.328,-996.496,-124.928,-7840,6860,980
-0.571285,-1.10762,2.29521,-4.86041,-9.6496,6.9464,-3.67181,1.20143,5.75626,0.87337,5.12786,-9.61791,7.99492,2.27042,-0.435688,-2.07289,-84.424,-997.472,-124.928,-8260,6440,840
-3.70017,-13.4278,-0.638963,-13.0991,-6.96294,2.06852,-2.64356,-1.64961,-5.26567,-0.336346,3.19631,-10.5639,3.97574,-0.663773,-2.98704,-2.74305,-86.376,-994.544,-128.832,-8400,5460,700
-6.89468,-7.00949,0.825873,0.846578,5.208,0.571646,6.72187,-1.3281,-11.0764,-5.00573,-0.963814,-2.66204,2.0261,3.06205,6.24521,2.35104,-86.864,-992.104,-127.856,-8540,4900,560
-7.91126,0.346122,3.87482,6.8463,8.71618,2.45847,6.4104,-1.92491,-12.5106,-3.68342,0.0672164,2.51841,3.16292,5.4225,6.54159,1.84938,-83.936,-993.568,-132.736,-8820,3780,140
-6.8094,-4.43464,4.01167,-4.78418,-0.0275044,4.16278,-2.06526,-0.0977962,-10.452,-1.33928,1.50804,-0.790995,4.50239,5.24285,-5.50152,0.352744,-86.864,-992.104,-133.712,-8960,2660,0
-9.32044,-14.1836,-0.791331,-18.4992,-12.0009,0.1556,-14.0093,-7.00983,-9.77387,-6.29074,-3.76947,-10.2565,1.3546,-0.512992,-21.1722,-7.42677,-81.984,-990.152,-128.344,-8820,2100,-140
-7.14162,-5.63591,2.66486,-7.48824,-1.7184,3.8625,-5.58805,-2.26691,-5.22039,-5.3695,-4.60327,-2.45125,2.56946,4.24658,-10.6557,-1.95599,-79.056,-991.616,-132.248,-8960,1400,-280
-4.4595,-7.20286,-2.78186,-9.19655,-4.6507,-2.15524,-8.37949,-6.99276,-1.51345,-6.54455,-5.98139,-4.59118,-1.92711,-1.94798,-12.8256,-6.37354,-80.52,-990.64,-132.248,-8680,840,-140
1.04345,-3.59491,-5.38573,-7.07878,-5.74303,-6.16209,-9.46641,-8.07704,3.40217,-1.91303,-0.911834,-0.625512,-3.99069,-6.47212,-10.8395,-8.05207,-79.544,-989.176,-131.76,-8540,140,-140
6.3551,6.28489,-2.74953,7.53854,0.51859,-4.5612,1.17568,-3.58933,9.1913,4.00879,2.7703,5.23078,-2.20552,-2.62526,6.74702,-1.89246,-79.544,-987.712,-131.76,-7980,0,0
11.408,18.589,3.40449,20.8718,10.3436,-4.11134,9.87536,-0.733126,15.5426,9.95018,6.32663,13.282,0.342529,4.47777,18.5843,3.4209,-76.616,-989.664,-134.688,-7840,280,140
17.4053,22.4315,12.0095,20.7184,16.0412,-0.769469,11.4017,3.38521,17.4113,16.2835,2.44688,20.5252,-3.89003,8.85823,16.0475,7.38053,-78.568,-987.712,-136.64,-7980,560,140
25.8013,31.1147,16.3726,27.6468,24.9851,7.77203,18.326,9.41108,24.4951,20.3339,8.49837,29.8594,3.43296,13.4342,20.387,14.8795,-76.616,-987.712,-132.736,-7840,1260,140
9.70885,12.5457,-3.93943,11.7466,6.99743,0.33985,10.1754,5.39161,12.842,2.47617,2.8802,7.39175,-1.10212,0.238958,12.1637,9.28692,-76.128,-986.248,-132.248,-7700,1680,420
-1.98354,1.67547,-6.23735,0.287929,-3.14843,3.67279,2.58978,4.34722,2.16397,-1.1059,3.86793,-7.36262,3.46795,0.44181,3.12428,4.7039,-74.664,-988.688,-136.64,-7560,2380,560
-20.1943,-20.8344,-11.8961,-16.2457,-14.2266,-0.503052,-7.49015,-1.31005,-18.4042,-10.4418,-4.83275,-23.7755,-1.59764,-6.14995,-7.44766,-3.03151,-74.176,-987.224,-134.2,-7280,3080,700
-16.8423,-22.1084,-5.21389,-12.6854,-5.62999,3.80873,-2.0614,3.47144,-23.3873,-6.40448,-2.82384,-15.2865,1.8483,-1.92687,-4.71618,1.01372,-75.64,-988.2,-134.2,-7560,3500,980
-9.45154,-12.9291,-6.45805,-9.82969,-7.21682,-2.79361,-7.05988,-3.49741,-12.23,-4.95442,-3.23079,-9.20557,-2.44348,-12.346,-7.83723,-7.88168,-77.592,-986.736,-134.2,-7280,4200,1120
-9.86128,-9.81365,-8.06265,-8.71717,-10.6099,-11.72,-10.0878,-7.50842,-9.96986,-5.28161,-3.36393,-7.19148,-6.03778,-17.2041,-9.00802,-13.1918,-77.104,-989.664,-135.176,-7420,4340,1540
-4.36061,-3.19529,-1.48321,-2.66601,-5.6194,-7.327,-5.80066,-2.7316,-2.27309,-2.09655,0.04227,-1.30664,0.215806,-2.34353,-2.6336,-5.28404,-78.08,-989.176,-139.568,-7140,4340,1680
-2.14433,-2.66063,-1.70654,-4.66477,-4.81553,-3.23548,-4.25821,-0.825331,0.935306,-1.77613,0.721801,-2.60352,0.0232419,-2.04718,-1.94908,-2.41951,-77.592,-993.08,-144.448,-7140,4060,1960
-0.430183,0.270003,0.439281,-0.423326,-0.280879,-0.617067,-2.15465,-3.16908,0.213627,-2.77653,-5.42888,0.641937,-2.09292,-2.54367,0.851485,-3.10666,-81.984,-990.152,-137.616,-6440,4060,2240
4.49564,3.44346,4.47453,6.16772,4.15203,4.1109,2.67344,1.79167,1.21683,-1.61223,-9.06442,4.34983,-2.85279,4.70862,7.9082,1.89008,-81.984,-990.64,-142.496,-6160,3780,2240
5.94236,6.67827,5.59297,2.59643,5.22968,8.43863,1.46024,4.22119,2.14831,-4.5443,-5.48904,7.47603,0.304179,9.73014,0.725521,4.56015,-82.472,-990.152,-139.08,-6020,3360,2380
9.0808,3.75115,2.71458,-6.30031,0.236141,7.6098,-0.301567,5.82119,6.95156,1.6071,3.85326,2.89744,4.45091,3.53019,-5.8881,4.25716,-84.912,-989.176,-142.008,-5740,3080,2660
1.67767,2.47535,1.47302,-2.09839,2.16264,4.69573,2.04564,3.95505,1.28867,0.766412,2.5969,-0.936388,4.30533,5.00185,-3.67106,4.60607,-83.448,-986.736,-142.496,-5880,2940,2660
1.77479,-0.78435,4.88335,0.00994839,2.34761,3.75137,2.15848,2.43462,-2.39494,4.712,6.75108,-0.644139,5.72771,7.6726,-4.58486,4.18812,-85.4,-988.2,-142.984,-5600,2380,2520
7.76292,-1.96287,6.96636,-1.82121,1.44596,0.953132,1.8337,0.189526,3.60494,10.723,5.25623,3.83083,1.95657,3.87852,-7.0669,1.14836,-84.912,-987.224,-142.496,-5740,2380,2520
0.0192244,-3.65937,-1.6921,-3.54701,-2.71121,-2.73118,-0.0709421,-0.916042,2.73905,-1.6054,-3.34258,-0.540269,-4.83478,-2.54981,-4.16086,-2.20983,-86.864,-984.784,-142.496,-5880,2240,2660
-2.68715,1.198,-4.14939,2.18571,-1.81947,-0.838442,2.00757,2.80605,2.42219,-4.72382,1.02544,-1.51161,-1.42404,-3.77392,2.46127,0.0493201,-85.888,-987.224,-140.056,-5880,2100,2660
-3.4425,7.69417,-1.65661,8.77542,1.15271,-1.71405,3.35395,-0.423009,4.29281,-3.43986,2.86159,-0.202191,0.719637,-2.52954,7.42101,0.493528,-89.792,-987.224,-143.96,-5600,1820,2660
4.24729,14.2036,7.05445,14.1182,8.46959,2.50487,7.432,3.18983,9.43749,4.67683,6.98866,7.72064,6.38687,7.88036,11.3661,5.06519,-88.328,-987.224,-145.912,-5460,1680,2660
3.06918,8.25177,4.24621,10.6274,7.44534,0.800955,4.97407,-0.80598,6.21006,2.02219,1.2696,5.63035,0.964064,6.19833,8.93163,2.35559,-87.352,-991.616,-143.96,-5460,1540,2520
-6.90572,-7.57369,-2.69425,-0.535815,-0.247105,-2.37833,1.76306,-1.50167,-9.11493,-1.28426,0.0494483,-4.03258,-2.9645,-0.90351,2.85917,0.0682732,-90.28,-986.736,-144.448,-4900,1540,2380
-5.83502,-10.4776,-1.73809,-5.40579,-1.57118,-5.10394,-2.92298,-4.59537,-11.1327,-0.466953,-0.604574,-4.37938,-3.09416,-7.8657,-4.65951,-4.81832,-90.768,-985.272,-141.032,-4760,1400,2100
-4.07919,-2.97358,0.323274,-1.29274,-0.241664,-5.55802,-5.05559,-6.45797,-8.9369,-2.08379,-2.58465,0.425935,-2.15723,-7.97788,-3.3689,-7.86745,-90.28,-986.736,-145.424,-4620,1260,2100
-1.70615,-0.702558,0.174756,-2.57399,-4.85469,-2.87511,-5.95112,-4.53481,-4.18782,-1.66645,-3.37495,-0.800114,-1.81397,-2.47655,-4.87529,-4.79313,-92.232,-987.712,-142.984,-4060,840,1820
8.67199,3.21458,3.63138,-5.24424,-4.42276,4.0615,-6.35914,-0.759021,7.87345,7.43129,5.17159,2.9445,4.97668,2.59775,-7.61765,-2.20178,-91.744,-987.224,-143.472,-4060,700,1540
2.59086,-7.10638,-1.64126,-16.4888,-8.34066,3.07595,-11.461,-3.42299,1.10083,2.06966,-0.266562,-3.4991,1.87983,0.213531,-16.2138,-4.9986,-91.744,-989.176,-145.912,-3780,140,1400
-0.527238,-8.27363,0.0997371,-8.79574,0.212329,6.62341,1.39288,4.41514,-6.97956,3.02465,2.10327,-2.61707,3.327,4.00057,-2.04729,3.94286,-92.72,-988.688,-145.424,-3360,-700,1260
-16.1335,-20.724,-11.0185,-13.2222,-8.18224,-9.83861,-4.75716,-6.71488,-23.6487,-9.25544,-7.11009,-15.6896,-6.46833,-9.31757,-5.69206,-6.14576,-89.304,-985.76,-143.96,-3080,-1400,1260
-11.094,-9.51702,-9.25899,-5.00991,-4.30097,-9.52896,-4.01397,-5.04891,-10.6527,-8.43966,-5.47913,-9.7291,-4.64949,-10.4993,-3.40535,-5.4802,-94.672,-987.224,-145.912,-2800,-1820,1120
1.91548,4.87805,-2.66416,5.75724,-0.634356,-1.09307,2.04699,2.76873,8.27089,-2.17218,-9.52205,1.46451,-5.11994,0.80391,5.49852,3.45263,-91.256,-984.784,-141.032,-2800,-1820,980
13.42,13.1497,6.1019,9.97245,8.03069,8.4271,11.1113,11.9506,16.1974,7.25502,-6.2327,11.9354,-3.31795,13.3959,12.5233,14.6297,-87.84,-985.76,-143.96,-2660,-2240,700
13.8428,17.6075,3.69694,10.9098,13.407,9.87897,10.7775,8.01969,17.9415,3.34063,2.42087,16.2077,3.56675,11.8665,11.7221,10.6713,-89.304,-988.2,-143.472,-2520,-2380,700
0.859052,9.7768,-2.87978,6.96949,5.02454,1.82342,1.18172,-3.897,9.24395,-4.69597,2.05324,3.55288,3.14666,2.28055,4.92489,-2.30345,-86.864,-986.736,-142.984,-2380,-2660,560
-7.36281,2.65394,-2.31527,6.01263,-1.22645,-0.519143,-1.69674,-4.73585,3.32101,-3.37458,1.59203,-5.56227,2.35466,-3.19288,3.51917,-8.11192,-85.4,-984.296,-142.008,-2240,-2800,420
-5.2337,-6.95637,-6.88067,1.4321,-7.68759,-11.3854,-6.60933,-7.21073,-3.55379,-0.879941,1.54809,-7.48869,-4.21333,-18.2435,-2.49369,-14.2235,-84.424,-984.296,-141.032,-1960,-3080,280
2.56117,-3.43027,-6.44322,2.44854,-8.18089,-19.221,-4.5742,-4.2639,-0.715609,3.73416,1.67243,-1.59576,-9.15065,-19.1705,0.50682,-8.73866,-85.4,-987.224,-139.568,-1960,-3080,280
19.9981,20.2075,14.0005,19.7325,10.1549,2.35717,14.3995,12.7006,18.4979,16.8694,12.9779,18.4276,5.84812,10.4611,19.0737,14.9248,-82.472,-988.2,-143.472,-1540,-3220,140
14.7817,19.6843,17.6969,15.4842,14.3692,14.0591,15.611,14.5301,11.1972,11.2309,11.1802,17.6119,9.98616,21.2186,17.3644,19.4667,-83.936,-988.2,-141.032,-1400,-3080,140
-2.59175,-0.301962,5.07541,-1.94788,6.21311,13.3678,7.14815,8.5639,-4.71485,-1.98602,2.63383,-0.54835,6.0993,12.5761,4.08964,11.612,-81.984,-985.272,-141.52,-1120,-3220,280
-11.2492,-11.9559,-6.02195,-11.9458,-3.46064,4.68767,-3.249,-1.57246,-11.044,-9.36545,-4.2421,-13.4557,-0.145689,-0.615168,-9.54613,1.09281,-80.032,-987.712,-141.52,-1260,-3360,280
-7.73987,-11.1539,-7.45723,-12.7783,-8.0516,-3.62897,-9.18829,-7.98808,-10.4339,-6.57321,-5.27141,-12.8619,-4.62654,-7.65872,-14.2782,-5.58305,-82.472,-988.2,-138.104,-980,-3220,420
-0.839315,-4.10626,2.28495,-5.99738,-1.28067,0.964674,-5.68396,-1.75173,-8.11685,0.402726,0.836708,-1.81393,1.58092,-0.306366,-9.26729,-2.38835,-80.032,-983.808,-140.544,-980,-2800,560
-4.95623,-4.91092,-1.22608,-6.39367,-2.28899,-1.73758,-6.1517,-2.69809,-7.09876,-4.85043,-3.89089,-2.83237,-1.54025,-1.96022,-8.51315,-2.58517,-82.472,-987.224,-142.496,-980,-2940,560
-2.92505,-2.49976,1.02868,-3.8509,-0.688984,1.08784,-3.52796,-1.13145,-3.25725,1.31151,0.636736,-0.71668,2.21893,-0.68126,-5.32462,-1.06314,-83.936,-985.272,-142.008,-700,-2800,980
-12.6611,-11.4833,-3.91976,-7.88567,-6.11419,-3.73143,-7.81073,-6.9319,-13.9942,-6.70971,-6.68048,-7.46623,-2.22467,-6.03457,-9.9706,-7.33439,-82.472,-987.224,-138.104,-420,-2520,1120
-9.38149,-6.48302,-2.46713,-1.67959,-0.670475,-0.846634,0.304971,-2.98607,-7.93813,-6.05359,-5.32247,-3.5787,-1.38217,-1.46747,-2.93207,-2.60573,-81.496,-988.2,-142.008,-420,-2380,1120
0.641222,1.46374,-2.12618,0.86604,-2.02624,-2.4838,0.67243,-2.67774,6.99421,-1.56579,-0.561763,0.06359,-2.24212,-2.98684,0.757464,-4.15566,-80.52,-987.224,-141.032,-280,-2100,1120
5.87025,2.53774,1.27282,-0.298057,-1.93953,-0.141481,0.144083,-0.515662,7.97208,3.57141,3.70922,3.41885,0.785741,-0.936051,0.381197,-2.67157,-81.008,-988.688,-140.056,140,-1680,1120
2.86912,2.76115,3.25176,3.82879,1.67878,0.291141,2.60236,-1.06272,0.581816,2.13238,1.60897,4.72124,2.75361,2.65784,4.42395,-1.57122,-81.496,-983.32,-141.52,280,-1400,1260
7.01026,6.31051,4.05971,9.11853,5.68804,0.522144,6.09105,-0.321746,4.88932,4.2605,3.25155,6.8323,3.12559,4.36076,9.62249,0.812212,-83.936,-981.856,-136.64,420,-1260,1260
5.50796,-0.903264,-1.59207,-1.07145,-2.49318,-2.96895,-1.00379,-1.84745,3.52623,1.41043,-0.399009,-0.00379778,-2.13649,-1.16105,-0.730184,-1.52708,-83.936,-985.76,-140.544,280,-1260,1260
