-7.70255,4.13045,-1.69298,7.15398,-0.248531,-3.70602,-1.73962,-4.28962,-5.75401,-3.6055,-4.82006,1.83787,-4.02474,-4.41627,5.60723,-5.20062,-51.24,-978.44,-128.344,-18480,-24920,-20300
-6.08228,5.5145,-0.420844,9.30562,3.14456,-4.52738,0.551588,-2.54388,-2.83756,-3.52658,-4.62152,3.99303,-2.7528,-0.379645,8.26357,-1.77239,-52.704,-976.488,-134.688,-18060,-24780,-20580
-1.05123,4.56589,0.617659,6.97719,2.82043,-3.63534,-0.901974,-4.28417,2.36394,0.188599,-4.08638,3.18996,-0.913536,0.912531,7.33758,-1.61701,-47.336,-978.928,-133.224,-18620,-25060,-21140
-6.9417,-7.79803,-6.60675,-8.6467,-8.01723,-4.30101,-7.86159,-6.43311,-1.329,-4.41141,-8.07733,-8.36085,-5.58565,-5.38914,-4.44265,-4.76796,-48.8,-976.976,-137.128,-19180,-25060,-21420
-12.8566,-10.9994,-7.2376,-7.93125,-5.32671,1.44173,-1.5033,0.328485,-6.29336,-7.67943,-6.08028,-11.061,-3.5792,-2.10258,-1.28373,1.29697,-49.288,-976.976,-134.688,-19600,-24780,-21420
-9.99713,-9.02488,-6.81555,-6.15505,-6.15339,-1.75931,-4.59416,-4.31944,-6.37026,-9.59976,-5.23145,-9.52087,-4.53549,-4.26701,-4.69017,-3.96943,-51.24,-977.952,-135.176,-19740,-24500,-21560
-4.11621,-1.60294,-1.2684,-2.74186,-4.27426,0.0499655,-5.57981,-2.80342,-0.708257,-2.1935,2.22378,-1.97323,0.612873,-2.90362,-6.21945,-4.16618,-55.144,-979.416,-134.688,-18620,-25060,-21420
-3.84641,4.72629,0.610992,1.70738,-0.391894,-1.81499,-5.19931,-2.86263,-1.15866,-0.660725,0.105008,2.50888,-0.329116,-0.895522,-7.48518,-2.48265,-53.68,-983.32,-133.712,-18060,-25200,-21700
-0.70357,5.28171,3.20829,4.91774,4.6634,2.69854,2.7301,3.58063,-3.52738,1.24051,2.51364,3.27567,2.63263,4.03209,-1.09341,5.84434,-54.656,-981.856,-134.688,-17640,-25200,-21280
2.88226,5.5742,8.0434,8.02918,7.89347,5.5116,5.69217,5.71371,-3.21913,2.14092,2.39495,6.1834,3.61913,5.33611,4.72977,6.95988,-55.144,-980.88,-134.2,-16380,-25480,-21560
7.19101,10.3446,11.4796,12.2496,12.8225,7.3955,9.73668,7.96697,1.88927,3.7241,-0.500732,10.42,3.21473,8.41156,9.57839,10.5269,-56.12,-989.664,-133.712,-15820,-25060,-21280
10.0261,10.2,6.31838,8.90657,8.24709,5.56022,10.3406,7.03242,13.2527,1.20481,-5.11746,6.0296,1.02262,6.26944,10.2448,10.7014,-59.048,-987.712,-138.592,-15260,-24080,-21000
17.607,18.212,11.4219,14.7711,13.8401,8.66434,13.8793,10.2175,19.6834,10.7591,3.49791,14.9715,8.18583,10.4292,15.9201,12.706,-63.44,-986.736,-139.568,-14280,-22820,-20580
13.1301,6.34795,6.61632,7.31227,5.33592,2.46324,6.29729,3.86022,2.10303,10.0554,6.14475,9.04387,7.00329,5.29412,11.4027,3.559,-69.784,-986.736,-143.472,-13860,-22120,-20160
7.99245,0.0616142,4.08017,6.53233,5.50475,3.1182,5.23005,3.17582,-9.16515,7.66985,9.20762,6.36946,6.83924,5.01656,10.8961,1.92127,-76.616,-984.784,-151.28,-13300,-20860,-19460
-1.80217,-1.32611,-5.54056,-0.202927,-3.70181,-4.42425,-1.15587,-3.74529,-0.126274,-1.30007,-0.691096,-3.77439,-1.49412,-4.45844,3.17563,-4.52931,-79.056,-986.736,-158.112,-12880,-20160,-19040
6.92338,3.08701,-3.37764,-1.62872,-3.07606,-2.32147,1.19716,0.854593,13.6873,5.79,6.10153,0.464566,2.67057,-2.99917,0.532158,-1.79595,-81.496,-989.664,-156.16,-12320,-19180,-18200
0.175065,-8.65758,-6.97638,-10.9123,-8.23956,-4.39989,-4.29114,-2.22986,2.19922,-3.00257,0.199844,-5.67886,-1.92095,-5.64937,-6.85752,-5.37811,-84.424,-996.496,-162.016,-11620,-17920,-17500
-6.7903,-9.18568,-9.08471,-10.0357,-6.75624,-4.06902,-6.20505,-4.35577,-4.48732,-10.4026,-6.80113,-6.63166,-6.64409,-6.0526,-8.0818,-6.5687,-88.816,-997.96,-167.384,-10920,-16940,-17080
-1.82258,2.17207,-3.02558,1.16191,1.76349,0.883808,-2.27622,-3.63047,0.753864,-5.55693,-4.75909,2.55508,-2.85823,1.32289,-0.185518,-3.70885,-92.72,-997.96,-170.312,-9660,-15960,-16240
1.98028,0.994861,-1.02256,-1.66395,-1.55464,-1.7071,-5.1769,-5.03942,1.52652,2.87055,-0.266397,1.25763,-2.64045,-1.28543,-3.44298,-6.59992,-93.696,-1013.09,-171.776,-9240,-15260,-15680
-4.16292,-3.67869,-1.26115,-4.43234,-2.7824,-2.64701,-7.25344,-5.48312,-3.72125,2.76771,0.724982,-3.25559,-2.64807,-2.41184,-6.65668,-9.10656,-97.6,-1018.94,-167.384,-8820,-13860,-15120
-30.6017,-7.80172,-3.41185,-12.6511,-10.4539,-5.6873,-11.6421,-9.94978,0.980175,5.65956,2.83705,-21.2806,-3.17498,-7.9503,-14.4475,-12.7166,-98.088,-1022.85,-169.824,-8120,-12740,-14700
-24.3927,-25.5208,-10.9394,-22.4018,-15.7732,-6.79528,-12.754,-8.79742,-19.9058,-10.2656,8.37293,-24.4546,-1.52875,-9.5662,-21.6129,-8.88868,-101.016,-1025.78,-162.504,-7140,-12320,-14560
-2.9792,-25.575,-14.4743,-12.9785,-8.63544,-4.74679,-6.78484,-3.83925,-34.3559,-29.9461,5.7322,-11.2052,-3.56929,-6.75243,-12.353,-3.82328,-102.48,-1030.17,-162.992,-5460,-12880,-14280
4.64291,-7.8868,-3.94611,-7.71267,-7.83367,-6.41388,-7.60853,-3.93693,-3.10795,-2.79467,-18.0667,-2.74162,-10.6897,-7.2952,-11.1197,-7.34452,-94.184,-1036.02,-157.136,-4620,-13720,-14420
2.00717,-0.0989392,4.96568,-8.76929,-5.89903,-2.35704,-8.17288,-1.32194,10.9609,7.50306,-22.146,0.679216,-4.57821,-1.82464,-14.0178,-5.5586,-92.72,-1036.51,-149.816,-4900,-14840,-14420
-20.8369,-4.99774,4.07008,-10.9857,-5.26059,0.862758,-5.15182,1.85862,-1.29589,12.6937,10.2005,-10.4304,7.29057,-0.107641,-14.0951,-0.0973934,-92.232,-1036.02,-148.352,-4900,-15960,-14560
-8.74162,-5.65035,0.832431,2.25904,1.56056,0.596962,4.86958,2.86719,-18.2122,0.239939,24.0227,-2.53767,9.72083,2.02724,-0.817382,5.28073,-89.792,-1037.49,-147.864,-3500,-17360,-14420
15.827,14.4339,4.54997,23.7012,18.2664,8.32253,18.4861,13.6751,-8.40183,-9.40218,12.9816,19.1911,6.66543,11.7716,22.757,17.2802,-85.4,-1038.95,-141.52,-3080,-20020,-14420
6.55557,12.0269,-0.445766,10.4295,2.43902,-0.907189,6.10173,8.02005,11.8027,0.855829,-26.7076,6.44707,-11.8077,-0.653323,15.8892,5.70747,-72.224,-1037.49,-140.544,-2660,-21560,-14560
8.0009,22.3639,7.54126,19.8908,14.0173,6.29603,17.4357,14.3468,21.7123,7.28324,-14.2942,16.713,-3.02033,8.09438,23.0762,8.01483,-66.368,-1038.46,-139.08,-3080,-22680,-14560
10.406,18.0441,7.70771,15.5352,13.9111,7.06309,16.4743,8.30021,22.6095,1.92133,2.59757,16.8852,2.41008,9.61638,16.0513,9.46269,-60.512,-1041.39,-138.592,-2940,-22960,-14980
11.726,12.6899,9.70906,8.81372,9.39929,6.92894,8.34915,2.32059,17.1463,5.51784,0.796701,12.5578,2.64186,7.57806,9.74396,9.72987,-53.68,-1037.49,-138.104,-3080,-22680,-14980
9.27336,7.34807,4.23691,3.4688,3.97048,1.14561,-0.384722,-7.08612,10.7619,3.00161,-1.61729,6.78184,-0.805198,1.37683,4.18552,-0.00816446,-43.92,-1034.07,-130.296,-3080,-21140,-15120
10.3778,0.992106,-1.33817,-2.24408,-2.78738,-3.77541,-6.28951,-9.70539,6.20064,3.1062,0.068019,0.889172,-2.56254,-4.47759,-1.06001,-8.83174,-34.16,-1027.73,-129.808,-3080,-19880,-14980
7.67671,-5.43174,-3.51006,-9.58908,-7.45083,-3.72425,-10.0442,-4.621,2.42751,0.235341,-1.36717,-4.35035,-1.55052,-4.71241,-6.3745,-9.40219,-25.376,-1027.73,-125.904,-2800,-17080,-15260
4.4936,-1.68681,-0.586542,-4.38263,-3.85733,-0.33143,-5.56861,-0.572943,2.5597,-0.522994,0.358421,-3.04169,2.5225,-2.36692,-2.42896,-3.30119,-21.96,-1022.36,-129.808,-2240,-14140,-15120
2.33304,0.4911,-0.783305,3.98807,-0.195702,0.451397,-0.899762,-2.46615,-5.86571,-3.20355,2.34178,-1.303,3.33534,-2.83738,2.51687,-1.47898,-14.152,-1026.75,-123.952,-1820,-11760,-15260
1.53286,-1.41334,1.92775,6.10658,3.69103,2.96107,5.28823,-1.25028,-10.2663,-0.124588,5.13002,-0.182434,8.52932,1.6859,6.41716,3.35254,-9.76,-1027.73,-126.88,-1540,-8820,-14840
-3.58081,-7.49918,-0.889771,-0.769303,-1.68255,-0.865061,0.145881,-4.80385,-10.3077,-4.97125,-2.09341,-5.95041,4.95771,0.503896,-0.186746,0.777312,-4.88,-1027.73,-123.952,-1260,-7420,-14700
2.78258,3.56988,3.82238,4.46425,3.55582,3.05417,0.875941,1.11647,2.73838,3.04752,3.55563,2.61678,6.9153,4.33301,-1.8645,3.73987,1.952,-1022.85,-122.488,-700,-5740,-14560
-2.75188,-5.12283,-2.19015,-3.39287,-3.04575,1.37519,-1.88863,5.41638,-9.06144,3.54523,6.81554,-4.64691,3.52491,0.544704,-2.6329,5.97493,-5.368,-1017.48,-123.464,-280,-4480,-14140
-8.75875,-12.0512,-5.03136,-8.72467,-6.4355,1.04547,-2.34467,7.5338,-13.7929,3.80916,7.44135,-9.82749,1.01514,-2.1644,-1.06767,4.38135,-6.344,-1017.97,-124.928,1120,-3920,-14000
-7.21453,-3.88628,-3.52752,1.10347,-0.442037,0.988434,2.30834,0.815467,-6.63688,-2.19907,4.71096,-2.88689,-1.87652,-1.52289,5.092,-0.670469,-1.952,-1016.5,-122.976,1960,-4060,-13720
-12.9415,3.49853,-0.665603,2.99762,0.205456,-1.47819,5.63667,-7.06507,7.36199,5.81359,5.11501,-5.31632,-3.28889,-1.09229,-1.43398,2.65404,-0.488,-1012.6,-120.048,1960,-4480,-13440
-20.085,1.70761,1.08919,-4.43952,-1.04594,-5.13201,0.847599,-8.64408,8.14385,9.54378,10.2002,-9.27582,1.45385,3.5448,-15.1393,6.85682,-5.856,-1012.6,-115.656,2100,-3780,-13160
3.08882,-14.8782,-7.93449,-12.752,-6.03845,-5.43687,-13.5024,-1.65914,-14.9234,-20.9537,11.6356,-3.59945,-2.06877,-2.34277,-22.0085,4.22795,-7.808,-1016.02,-111.264,2800,-3780,-12600
2.9446,-17.3818,-5.06229,-15.5521,-8.79961,-2.20311,-18.1835,5.48651,-18.105,-6.8326,-12.471,-3.27347,-11.4149,-7.265,-18.0987,-8.08618,-14.152,-1019.92,-109.8,3220,-3220,-11760
-0.482522,-1.52244,2.12019,-2.98562,-2.84313,0.183684,-4.70572,4.35121,-0.389838,6.91018,-24.8429,2.12217,-11.938,-1.24315,-1.02394,-12.5157,-21.472,-1020.41,-105.408,3080,-1400,-10920
7.95409,12.6053,3.37818,9.81512,5.28248,1.13977,7.16252,-1.53816,10.7363,-1.006,-2.14549,10.9837,-3.64381,3.33594,13.0368,-6.95671,-27.328,-1022.36,-104.432,2800,0,-10780
7.34048,12.7273,4.95278,8.37755,5.6744,1.5013,6.6082,-1.67987,8.27354,-2.30393,-0.392589,9.89617,-0.184921,3.47138,9.95063,-2.36747,-32.208,-1028.22,-105.896,2380,1260,-10500
0.958996,2.18579,2.29683,-1.90471,0.266019,0.434056,2.77053,0.390699,-0.248734,-5.99474,-10.1716,2.40815,-1.65945,1.16908,0.140927,2.05243,-38.064,-1033.58,-103.456,1820,1820,-10360
-8.88274,-5.20515,-2.12274,-6.88981,-1.03508,-1.25124,0.383235,1.38933,-6.65134,-9.5082,-14.3548,-4.68633,-2.93134,0.298257,-2.16816,1.44306,-39.528,-1038.95,-98.088,1260,1960,-10360
6.2734,13.7027,5.816,10.8693,10.7266,4.92252,7.99643,7.90753,11.7629,4.20407,1.46953,9.60628,5.00961,6.26004,12.5712,6.95006,-51.728,-1035.54,-103.456,1120,1260,-10080
6.18506,12.5796,1.52317,10.6825,4.39901,-1.23577,4.35056,1.07056,15.0457,5.25572,2.7224,5.86451,2.13954,-1.01874,14.0071,-0.163566,-57.096,-1030.17,-101.992,980,0,-9800
2.05564,6.00415,1.63719,8.90194,3.86129,1.25839,7.3967,6.08691,4.04567,6.00877,9.58024,2.08984,4.6323,-0.147151,13.6887,4.19039,-59.536,-1026.26,-105.408,560,-2100,-9240
-5.95317,-11.0438,-3.9771,-9.33463,-8.27834,-3.21265,-5.53915,-0.786431,-9.2944,2.50024,8.19678,-9.34767,2.05437,-6.88638,-6.26999,-3.29158,-64.904,-1020.41,-105.896,420,-4060,-8680
-3.29544,-11.796,-0.449424,-13.5745,-6.96871,0.181529,-10.2513,-4.07085,-8.63448,5.98567,8.87986,-5.58893,5.54645,-3.42414,-14.4314,-5.15528,-66.856,-1018.46,-105.896,700,-5740,-8400
-1.54911,-9.46041,-0.472144,-9.73474,-4.16528,-0.215974,-7.00411,-11.2682,-5.70518,5.20992,5.16325,-3.7695,5.02921,-2.10587,-12.3671,-6.32138,-71.736,-1011.14,-109.8,280,-7140,-7700
-0.148902,-6.03595,-1.43116,-2.53321,-0.902742,-0.91253,-1.78979,-8.46137,-2.03841,1.76958,-0.848737,-1.39771,2.35452,-0.728977,-3.92158,-7.02463,-72.712,-1010.16,-106.872,0,-7840,-7140
1.40456,5.77393,-0.0249548,7.05034,3.79634,0.251082,2.86347,-0.159399,8.8331,2.4667,-3.50898,4.37824,1.67248,2.43371,5.08712,-2.55325,-74.176,-1007.23,-111.264,-840,-8260,-6300
4.09546,12.1496,0.85351,9.98057,5.43503,3.7443,6.88011,6.88153,17.0904,0.738263,-0.0357117,5.90499,2.52223,3.78604,8.21302,4.8604,-74.176,-1003.82,-115.168,-1680,-7420,-5600
-1.50577,3.25142,-3.56893,3.52515,0.385604,-0.837182,4.60295,2.54464,8.65859,-4.3989,-0.989403,-1.05677,-2.59206,-0.792496,7.02403,2.69264,-73.688,-998.936,-114.68,-2940,-7000,-4900
-0.824433,6.71981,-0.722384,12.0687,7.24701,1.99334,13.1452,5.72291,4.3253,-4.17079,-3.43346,2.21931,-0.813305,4.06464,15.4218,8.54246,-74.664,-996.496,-119.072,-4060,-5460,-3780
-4.17865,-1.14239,-2.91004,2.22662,0.400154,-2.045,3.21721,-0.769953,-6.1527,-6.34458,-7.52199,-3.42469,-3.5893,-0.399317,3.25354,2.31323,-77.104,-996.496,-113.704,-5040,-4200,-2940
0.688016,-1.53799,1.41712,-2.01211,1.78285,1.36242,-1.65359,0.847024,-3.33855,-1.38073,-0.663103,0.0169562,-0.277478,0.877218,-6.16275,1.15844,-78.568,-991.616,-120.048,-5460,-2520,-1820
-3.1642,-8.66029,-4.32656,-10.7541,-9.46855,-3.07644,-11.3324,-4.37953,-6.35618,-5.11684,-2.35874,-8.72464,-5.47973,-6.74004,-14.5408,-8.36612,-81.496,-991.128,-122.488,-6160,-840,-700
2.39679,-2.03749,-0.960273,-5.67735,-8.81031,-3.16973,-11.8971,-7.81498,-4.00625,-0.937672,1.4458,-3.475,-2.57175,-5.75483,-12.4259,-10.5418,-84.912,-994.544,-120.048,-6580,140,140
11.8674,13.8807,7.77481,8.52643,5.64995,2.47576,0.783717,0.00783807,11.1731,5.92682,5.85309,10.4054,2.50178,4.8024,-0.664684,2.17072,-86.864,-988.688,-123.464,-6860,1680,1120
4.13008,8.80907,3.52736,7.2103,7.93976,0.230612,5.16758,2.77939,2.26991,-1.15277,-3.16165,7.94579,-2.60373,5.23979,1.63501,6.96828,-87.352,-986.736,-128.832,-6860,2380,2100
-2.01296,0.322872,2.49024,7.72751,6.99227,2.252,7.15271,5.41923,-10.8086,-4.19839,-5.13695,4.12239,-2.57642,5.49434,6.22119,7.83926,-91.256,-984.296,-139.08,-6720,3360,2940
-2.77505,-13.7377,-1.53478,-10.3742,-7.19583,-1.98469,-4.98273,-1.79981,-9.94623,-0.605845,-1.54251,-6.24767,-2.45898,-3.01839,-5.56981,-1.75755,-96.624,-980.392,-135.176,-7140,3920,3640
-0.485322,-10.3477,-0.924502,-13.0447,-7.72817,-1.57735,-9.24828,-3.89495,0.118329,2.66623,4.28046,-4.59648,0.430685,-3.03979,-9.5191,-3.47533,-96.624,-981.368,-138.592,-7280,4620,4200
-1.07473,-5.14638,1.04014,-7.70084,-3.85849,1.61433,-4.49976,1.65254,3.84713,3.60816,7.19771,-2.67668,3.49665,-1.00222,-3.32969,0.75147,-96.136,-976,-138.104,-7280,5880,4760
-5.67591,-3.1533,1.20518,-1.5162,-1.01618,1.04074,0.938331,3.93096,-5.05532,-0.00807674,3.64679,-2.11704,2.0101,1.34468,5.64383,3.34673,-96.624,-975.512,-139.08,-7560,6440,5040
-0.546042,2.17753,0.76684,6.44981,3.6281,0.713383,5.93589,4.76607,-2.44499,1.25044,2.19743,2.00768,1.65408,1.94316,12.3875,5.06572,-97.112,-975.512,-143.96,-7280,7700,5460
1.10663,4.5022,0.381515,8.47318,5.54229,3.5475,9.42681,7.86612,0.19583,1.79392,0.523604,2.87382,2.49053,2.63786,11.6013,8.0234,-96.624,-972.096,-145.424,-7140,8400,5600
-5.23358,-2.63824,-4.10885,0.665384,-1.59269,-1.16714,3.38406,0.948051,-6.58351,-1.60376,-3.98146,-3.40581,-2.70637,-1.90524,3.40823,1.12452,-93.696,-971.12,-140.544,-7000,9520,5740
-6.49802,-6.92521,-7.17396,-3.40026,-4.25902,-2.35999,1.43259,-1.35526,-7.74965,-2.00205,-2.84979,-7.63132,-3.5598,-3.96004,5.26072,-1.67504,-92.232,-969.168,-143.96,-6580,10360,5740
-6.02111,-5.10237,-5.35962,-3.80544,-3.84204,-3.01058,-2.92485,-5.50917,-6.58418,-4.38645,-4.94025,-5.73451,-2.58248,-3.0272,-0.893407,-4.95715,-88.328,-974.536,-137.128,-6580,10920,5600
1.41531,0.239093,4.40024,-6.42916,0.0433407,1.3029,-6.72656,-2.61654,-1.84242,3.0746,1.88493,4.67397,3.75434,1.59416,-16.7027,-3.31141,-82.96,-970.632,-137.616,-6300,10920,5600
-2.62313,-7.65236,-2.79597,-12.951,-10.0132,-5.598,-14.6063,-10.0612,-6.20383,-3.09309,-2.77723,-5.75285,-2.56364,-7.1821,-20.278,-10.651,-79.056,-963.8,-138.104,-6300,10780,5180
13.9494,15.2419,2.05227,6.28162,0.738205,-1.74421,-3.58087,-5.27516,17.687,4.40277,2.40344,6.83593,1.08104,-2.02935,-2.9666,-4.94462,-74.664,-962.824,-136.64,-6020,9940,5040
16.8863,17.7312,3.37133,7.13079,4.33322,1.55057,0.0759626,0.199665,22.8032,5.66775,3.73121,9.58991,2.13813,1.35486,-2.67897,0.991586,-69.784,-963.312,-134.2,-6720,8820,4900
9.46536,3.51989,1.67062,-2.76563,1.81283,0.802585,-1.79797,-0.487315,12.0963,2.23322,1.13332,3.96848,1.14899,1.32583,-6.58258,0.724599,-64.904,-960.872,-137.616,-6720,7840,4620
-1.73027,-0.355148,-0.281167,0.441066,0.575092,-0.865825,0.523527,-3.2912,3.51948,-3.09228,-2.36742,-1.61206,-0.379839,-0.583865,2.57164,-0.0903685,-59.048,-957.456,-137.128,-7140,6020,4480
-4.08868,6.69948,2.618,12.921,9.1162,3.72976,11.0323,2.69247,-3.64222,-3.97569,-0.544814,2.9216,2.51042,4.31226,15.9381,7.07454,-55.144,-957.456,-142.496,-7280,3220,4340
-9.21097,-9.18713,-2.49795,-0.576958,1.16775,0.920503,5.39052,0.981835,-15.8799,-6.73682,-3.20003,-6.77578,-1.54146,0.23321,7.63498,3.6218,-46.36,-957.944,-139.568,-7000,1260,4340
-0.129786,-4.10892,1.73514,1.72559,3.18439,2.13558,6.8076,2.61726,-3.11553,2.49593,1.9627,-1.83919,0.790604,1.35571,9.61234,5.43083,-42.944,-956.968,-144.936,-6440,-1540,4900
-1.71693,-4.69567,1.19846,-0.409574,-0.461691,-2.08793,3.46472,0.29499,-2.19808,1.79295,1.12225,-2.79937,-1.36715,-0.757875,6.66072,1.44811,-40.016,-957.456,-146.888,-6020,-3780,5180
-6.19194,-10.6361,1.09967,-6.44727,-2.89738,2.15326,1.78278,5.69228,-8.8734,1.6533,4.62902,-5.41885,3.37145,2.06426,-1.22879,1.8472,-32.696,-960.384,-145.424,-5460,-6300,5880
-3.77263,-6.88713,-0.387887,-9.77242,-4.56322,0.321109,-5.03335,3.21415,0.574242,0.149863,0.822879,-1.72766,1.63342,1.63145,-12.2319,-3.85096,-33.672,-968.192,-144.448,-4340,-8260,6440
0.690109,9.43862,1.35095,7.19953,4.03262,1.33346,2.54479,5.53389,8.07808,2.22161,-0.473897,7.33738,0.757159,4.51379,2.06206,-1.07742,-34.16,-967.216,-140.544,-3640,-8820,7140
-0.902381,16.4617,2.28213,19.9752,12.2925,2.80776,9.20998,6.02247,-0.0418075,0.463539,-4.05328,10.8277,-0.70994,6.94591,15.416,1.66531,-27.816,-966.728,-129.808,-2380,-8540,7840
-1.38007,-8.1433,-3.221,-8.55381,-7.22756,-1.74062,-7.43014,-1.32162,-1.96008,0.948346,-0.373981,-5.20068,-2.03317,-4.63787,-5.82017,-8.83408,-25.864,-963.312,-136.152,-840,-7840,8400
5.28111,-7.65911,1.52609,-14.1225,-8.87212,1.29809,-8.95953,0.7391,6.27038,6.9708,7.50356,-2.18868,3.41156,-3.84292,-15.2854,-5.77054,-28.792,-964.288,-128.344,560,-5040,8960
-0.413657,-7.04168,-2.91383,-4.64353,-3.62101,-1.19696,-1.93102,-1.62348,-3.1106,-2.74272,-2.17326,-3.5202,-2.28222,-3.80148,-0.353012,-2.57508,-28.304,-962.824,-126.88,1680,-1960,9800
8.86002,15.876,0.354214,17.5331,8.90211,1.36612,9.91213,0.677646,13.9912,-2.19767,-5.72587,8.35101,-2.58427,3.80403,20.6737,4.58874,-32.696,-962.824,-123.464,2380,980,10360
6.73665,22.4539,2.40466,20.771,10.9429,1.62535,6.40152,-1.22946,11.0822,-2.75441,-6.96353,12.2462,-2.56377,4.88401,11.632,3.94648,-27.328,-962.336,-127.368,2380,4200,11200
0.521274,10.3601,-0.167335,6.87147,-0.0222878,-2.16946,-6.14064,-6.34492,4.85972e-05,-0.749877,-3.04038,4.30867,-1.51845,-0.692658,-9.11417,-4.39003,-27.816,-959.408,-129.32,2520,6440,11620
-6.36146,-6.99564,0.544028,-5.1727,-2.33468,0.718604,-6.16001,-3.17561,-14.1647,-0.44607,1.88721,-2.22739,1.51593,0.624383,-13.1614,-2.51042,-29.28,-961.848,-128.344,2240,8540,12320
-2.97474,-7.86961,1.79203,-4.7451,1.05652,4.23269,5.14334,4.62319,-8.67417,0.841961,5.42916,-2.81972,2.74662,2.7043,1.46557,7.65954,-36.112,-958.92,-133.712,1960,10360,13160
0.527275,-3.34119,-0.113577,-5.75801,-2.85822,-1.7247,0.78357,-0.40508,0.454111,0.0657065,2.34996,-3.51754,-0.763797,-3.18583,-1.21214,3.03509,-34.16,-961.36,-138.592,1820,11060,13580
-4.98447,-6.73347,0.209941,-7.32759,-0.628982,-1.51623,-2.37854,-1.58259,-6.48081,-2.29124,0.614349,-2.03411,-0.171712,-2.11944,-4.65087,-0.612774,-37.088,-966.24,-141.032,1260,11340,14140
-5.11773,-3.70842,-3.05232,-2.49815,-2.77025,-6.656,-4.71555,-7.19565,-2.06976,-4.20023,-2.47388,-4.05833,-3.68039,-5.56395,-0.762771,-5.95629,-36.112,-970.632,-143.472,700,11900,14700
-0.232564,6.39228,2.3666,5.92423,3.87941,1.64914,1.31238,1.0023,1.02226,3.04214,4.22728,2.59939,4.01058,1.18937,1.43167,2.50977,-35.624,-982.832,-144.936,140,12180,14840
1.30172,-0.550188,-2.54912,-8.28216,-5.48909,-2.42858,-8.28656,-2.50875,8.0649,1.24451,1.1897,-2.83201,1.27496,-3.78083,-14.7263,-2.00961,-36.6,-991.128,-146.888,-420,12180,15260
0.778115,-6.00953,0.34996,-6.65385,-2.27811,-0.491561,-0.0629768,1.92656,3.26565,2.69307,2.54463,-2.64951,2.07892,-0.041075,-2.28042,3.49855,-40.992,-993.568,-143.96,-280,12320,15400
0.25252,-1.56036,2.22575,4.01205,2.61191,0.655823,8.036,2.99644,1.89389,2.06941,2.51795,-1.4649,2.21878,2.51867,13.8896,5.80468,-38.552,-990.64,-143.472,700,12600,15820
2.07992,-5.21203,-3.57829,-3.4911,-6.08758,-3.2215,-0.101441,-2.26179,6.01371,0.125498,0.89325,-6.71598,-1.50447,-2.5054,3.47223,-0.985771,-38.552,-992.104,-142.008,1260,12600,15960
-2.18117,-14.141,-3.51728,-12.6466,-7.48504,0.671888,-5.63734,0.196014,-8.33205,0.611849,1.36385,-6.06555,1.24198,0.559091,-8.95013,-1.7688,-40.016,-987.224,-138.104,2100,13020,16380
-4.71261,-11.6813,-7.19349,-7.72998,-6.71014,-2.61723,-7.71803,-3.13271,-9.05383,-4.36568,-4.16312,-7.54449,-3.70501,-2.85207,-4.71842,-5.36722,-42.456,-986.736,-133.224,2380,13440,16800
-0.862171,0.643735,-5.55051,-0.777267,-4.88746,-5.09919,-4.793,-4.27852,1.42438,-4.93997,-6.57146,-3.10712,-7.19247,-4.90221,-0.364338,-4.40864,-43.92,-986.736,-132.248,2100,13860,16940
1.782,0.240353,0.581609,-1.85227,-0.360288,-0.837423,-1.79983,0.651754,-2.95992,1.00754,0.0414718,1.48045,-2.39153,-1.93577,-1.93515,0.410295,-48.312,-983.32,-135.664,1540,14280,17640
-0.866124,-2.11975,-0.418462,-0.963983,-1.16065,-3.27502,-2.66828,-2.09022,-7.02446,-2.11314,-2.89372,0.00031031,-3.68765,-1.90057,-0.838184,-0.115711,-49.288,-978.928,-131.272,840,14000,18200
-1.58554,-4.62297,1.24701,-2.34816,0.0458959,2.58336,2.65918,6.30101,-8.23042,-0.343257,2.06583,-0.667649,1.71837,1.12015,0.946356,6.17124,-52.704,-981.368,-129.808,-140,14560,18900
-6.28035,-8.88769,-4.0287,-5.85713,-3.77756,1.58246,2.19071,5.06074,-8.97826,-7.26146,-4.92988,-7.86604,-1.99975,-2.08643,-1.25068,3.8597,-57.096,-980.392,-129.32,-1120,15540,19600
13.6736,24.6337,7.74798,22.8098,14.994,6.85245,14.1537,6.63414,20.3381,4.45352,-0.248704,15.5969,2.87529,7.70287,18.175,8.56021,-59.536,-981.368,-126.88,-2100,16800,19880
17.9344,36.4618,10.8941,30.9405,20.925,7.68274,15.7455,4.40864,28.0476,8.14385,1.39452,22.99,3.92499,10.827,21.2965,7.19107,-63.44,-982.832,-130.296,-2660,18760,20020
12.8454,21.3622,5.7546,10.9086,6.36879,1.34223,-1.32009,-7.34802,19.1965,5.27389,0.827363,12.7234,1.90478,2.67488,-2.40176,-7.18327,-66.368,-980.88,-126.88,-2940,20440,20160
7.47129,11.067,5.11383,-1.31116,2.44195,3.24836,-5.36996,-2.8064,9.0008,4.35712,-0.213843,9.85888,3.1981,3.56541,-17.0035,-4.83766,-69.296,-983.808,-133.712,-2940,22680,20020
-5.94302,-6.51066,1.26383,-11.1177,-2.3222,1.9273,-7.31804,-3.28922,-10.0539,-0.782165,-3.9174,0.194035,1.9986,-0.080912,-19.0991,-6.49343,-72.224,-978.44,-138.104,-3080,24780,19740
-11.9124,-20.5397,-1.6848,-8.09915,-6.12507,-1.463,-1.0711,-4.87444,-24.8508,1.07244,3.40643,-9.80395,1.99919,-3.89896,2.92661,-7.09154,-68.808,-980.392,-134.688,-2520,26460,19320
-16.0549,-20.5349,0.106717,-0.967106,-0.335041,1.54081,7.36518,2.18311,-34.4685,0.014716,6.97744,-10.8432,4.46619,-0.0153423,13.7303,1.1321,-68.808,-978.928,-139.08,-2380,27860,18620
-20.8962,-18.2869,-2.75012,-5.37929,-1.60961,2.23499,6.02689,5.50152,-29.2944,-9.35375,0.00550049,-13.3231,0.302919,0.550117,6.67073,5.6053,-69.784,-976.488,-143.472,-1960,28840,18200
-3.70579,1.62919,-0.630938,0.205837,0.346815,1.75846,3.42459,6.77561,5.45385,-4.66682,0.0334252,-1.5377,-0.213601,1.50512,2.58193,5.10434,-70.76,-977.952,-146.4,-1120,29680,17640
8.42974,12.9404,-0.66495,5.96617,-1.16183,-3.46472,-3.52641,-0.573092,24.2871,1.60854,2.11541,4.40989,-1.82676,-2.50977,0.310159,-3.3791,-69.784,-973.56,-148.84,-560,29820,16940
3.81107,2.56112,-4.47401,-0.549251,-4.83509,-6.18164,-6.46181,-4.16667,15.4229,-1.55024,-2.51571,-1.55367,-4.93783,-5.46677,-4.01209,-6.47343,-71.736,-974.536,-155.184,420,29400,16660
5.16207,-3.22973,-0.0447791,-8.49624,-0.96829,0.878411,-3.56,3.47404,7.91644,4.33474,5.33468,0.887018,1.54851,0.328048,-9.01459,-1.21305,-68.808,-973.072,-153.72,1680,28280,16240
-3.17174,-16.8501,-7.84802,-20.5068,-11.725,-5.53099,-9.63117,-2.00931,-5.0693,-0.76747,0.722807,-11.0886,-4.57348,-6.43046,-15.8596,-5.6446,-73.2,-977.464,-152.256,2100,27160,15960
3.52819,1.17818,1.23463,-1.6786,1.97431,1.52766,0.715143,2.66603,5.51092,4.22693,0.207349,2.8649,2.23132,2.18296,-2.07921,1.91939,-72.712,-972.584,-151.28,2940,25760,15260
6.01619,13.3264,-0.623828,10.9401,4.12893,-1.60073,4.48131,-1.02348,15.6267,-1.2516,-6.08873,4.49171,-0.72362,0.200637,9.70847,3.07463,-70.76,-972.096,-152.744,3640,23940,14700
8.67844,18.6521,2.72212,17.4479,8.30612,0.301133,7.70203,0.0618836,13.4722,2.3661,-0.870829,8.9979,1.94251,2.77956,15.711,4.0116,-68.808,-974.048,-152.256,4340,22820,14140
-1.6443,1.80785,0.372122,4.84181,2.13593,-1.21577,3.25062,0.0394623,-7.19927,0.261261,0.718642,0.682599,0.292146,0.237365,6.84137,2.30069,-66.368,-971.12,-151.768,4340,20720,13300
-6.95289,-6.36198,-1.5068,-3.10747,-2.36764,-2.40753,-1.0943,-2.17691,-13.3766,-3.62481,-2.9113,-4.17036,-1.31968,-0.0707225,-0.41551,0.573044,-68.808,-974.536,-151.28,4200,19600,12880
-5.02153,-4.32217,-1.10878,-1.86597,-1.73889,-1.16439,0.557662,0.432204,-10.3391,-5.00146,-5.12926,-2.6932,-2.82019,0.505902,-0.152842,3.07103,-63.928,-972.096,-154.208,3780,17500,11900
-3.18024,-6.03028,1.98638,-1.7487,-1.30568,2.40461,-1.6395,1.27275,-13.7922,-0.095667,1.85117,-1.68589,1.39162,1.80172,-2.44091,1.19959,-64.416,-977.464,-150.304,3220,16380,11340
-3.84417,-4.15879,-0.0907277,-2.32473,-2.86434,1.46352,-6.01706,-4.20374,-6.2775,-3.17675,0.272699,-3.24842,-0.218992,-0.301219,-2.80342,-5.31705,-61.488,-975.512,-147.864,2940,14700,10640
8.7383,6.65175,0.34775,5.9978,2.59936,0.710108,2.19509,0.501512,10.6261,3.01362,4.63902,3.17142,-1.85024,-1.78902,7.34087,0.137397,-54.656,-981.368,-152.256,2100,13440,9660
1.93007,2.18584,-3.50163,-1.60619,-1.73216,-4.81165,-4.71547,-5.7174,7.62707,-4.24062,-3.89222,0.280474,-5.85423,-3.04816,-5.21581,-4.29204,-52.704,-983.808,-150.304,1540,12740,9100
13.418,12.1731,1.97696,5.25351,4.69571,0.0893544,0.306463,-0.259234,28.1407,3.02835,-0.0705564,9.00068,-0.527239,2.34767,-2.60275,2.42338,-50.752,-986.248,-150.304,420,12460,8680
9.53721,6.43659,1.69278,3.0177,0.973176,-0.936332,-1.12764,-0.929148,18.5719,3.347,-2.09358,4.84158,-1.54118,-0.00489609,-4.53021,1.1553,-48.8,-986.248,-149.816,0,12740,8120
-10.1194,-23.5481,-2.25108,-18.366,-9.88362,-1.03613,-7.43933,-0.616735,-22.2932,-1.10659,-1.68816,-11.4329,-1.18615,-2.31943,-15.6366,-1.35241,-44.896,-988.688,-146.4,-560,12600,7700
-7.45266,-19.5648,3.33838,-11.9024,-4.57376,3.94534,-3.93795,0.578151,-25.0374,7.73252,9.19447,-7.13598,6.59796,2.08245,-5.78595,-0.652278,-44.896,-989.176,-154.208,-980,12880,7420
-9.71163,-3.80187,-2.69152,1.16051,0.0100684,1.3919,1.49375,-0.712163,-10.1855,-4.06977,-0.796563,-5.06594,1.14331,-0.302616,5.09062,0.397065,-41.968,-988.2,-151.28,-1120,13160,7140
-1.55116,-4.33745,-2.36391,-0.85196,1.96071,3.28917,7.85866,5.10021,-4.16043,-2.25446,-1.21219,-1.2244,0.496605,2.89911,5.42749,7.55348,-40.992,-991.616,-153.232,-1960,13300,7000
-0.884275,-5.14125,1.10482,-8.22497,-2.94633,0.411322,-4.80101,-3.11888,-3.92408,1.2059,-0.179137,-0.881754,1.59451,0.470253,-14.4457,-2.08224,-42.456,-990.64,-156.16,-2240,13580,6720
1.79377,11.5459,2.31334,3.11672,0.0486862,-2.12908,-6.60225,-6.44272,9.3434,2.67416,1.42904,4.7563,1.18106,0.0486773,-8.81563,-6.59091,-46.36,-996.008,-157.624,-2240,14560,6720
-2.59885,2.50809,-1.59609,0.232291,-2.30002,-2.19078,-1.49649,-2.13709,-0.786819,0.815019,1.86982,-1.46363,0.141226,-3.70492,1.48286,-3.47121,-44.896,-998.448,-157.136,-2100,15260,6580
-1.62007,10.6724,0.668383,9.50941,5.28536,-0.188046,3.99217,1.91756,4.85453,-0.659607,-2.46224,4.96042,-0.529379,0.282764,11.2408,0.823562,-48.312,-1000.89,-153.72,-1820,15960,6720
-1.21128,6.25012,1.76854,8.54984,5.60602,1.48224,8.28593,5.88657,-1.23498,-0.00103368,-0.331361,3.8647,0.60331,2.37499,13.0245,5.69847,-52.216,-999.424,-160.064,-980,16660,6720
-4.90764,-11.8088,1.89723,-10.7399,-3.7804,3.52594,0.355296,6.1097,-13.4673,1.70703,4.4129,-5.06654,3.53931,0.445344,-7.93414,3.67772,-53.192,-999.912,-160.552,-280,17220,6860
1.16635,0.642443,1.26447,-3.407,-2.55037,0.00880306,-3.88234,-3.15284,3.89303,0.15394,-0.309617,0.864899,1.16297,-1.63333,-4.7843,-4.72619,-56.12,-1003.33,-154.208,560,17920,6860
9.2838,18.669,1.04673,15.7126,4.83811,-3.29413,4.33097,-2.57585,18.0357,0.00289641,-2.0628,9.22287,0.2207,-4.04065,15.0095,-3.90758,-61,-1000.89,-158.112,1260,18620,7000
14.2392,30.3531,1.37844,29.5287,11.7668,-5.05417,12.3274,0.101563,26.5199,1.2162,-3.17607,14.5742,-3.39591,-2.03947,26.3476,2.3237,-60.512,-999.912,-162.992,1820,18760,7420
15.5144,23.5177,7.32028,24.8993,16.2381,3.24661,17.6004,7.9231,19.8373,10.0474,7.02247,15.8557,3.59918,5.59901,26.2256,10.3487,-65.88,-1001.86,-157.624,2660,19320,7700
6.18095,8.47856,4.14794,7.12377,7.9804,4.47312,11.5725,7.3991,9.88758,3.23995,4.38049,6.80323,2.57312,4.25191,11.9575,8.57604,-66.368,-998.448,-154.696,2800,20020,7840
-0.762629,-2.38509,2.18449,-4.08447,3.84134,6.36695,5.56923,8.95584,-4.01814,-0.309031,2.79421,1.10069,2.41228,5.61341,-1.00324,7.76042,-71.248,-999.424,-154.208,3360,21000,8120
-9.58709,-24.7198,-1.80573,-25.0973,-7.24844,3.99456,-7.73137,6.06133,-21.3187,-3.38715,-0.242333,-11.4546,0.51469,1.52467,-24.0456,1.08962,-71.736,-999.424,-150.792,3220,22260,8260
-12.48,-23.1717,-4.43944,-24.5292,-12.3379,0.954966,-14.2062,-1.13184,-17.752,-8.10338,-7.54821,-13.6578,-2.30307,-1.03122,-26.3881,-5.30473,-73.688,-1000.89,-146.888,3080,23100,8400
3.00879,-2.50483,-3.62989,-5.3458,-4.99124,0.366558,-2.77401,0.10207,10.4651,-4.10746,-6.92053,-2.71959,-4.06322,0.154537,-1.9027,-0.0843423,-76.128,-996.496,-152.744,2940,23800,8680
-0.258506,-11.8899,-4.04471,-6.60906,-6.45283,-3.40472,-4.26202,-5.41117,-8.46547,-0.120316,0.224817,-7.26363,-3.07581,-6.61484,-2.32931,-5.52668,-75.152,-993.568,-148.352,2380,24220,8680
-14.3133,-19.1949,-6.88355,-9.36138,-11.2401,-11.1523,-13.6183,-14.4628,-29.1174,-7.64734,-4.38086,-14.8619,-5.25978,-11.4258,-10.9818,-15.7245,-81.496,-995.52,-146.888,1960,24500,8820
-2.54182,0.957388,-3.28015,6.30405,0.908835,-3.68833,0.915611,-2.46224,-1.55452,-6.48329,-2.42264,-2.0608,-3.00811,0.286264,5.4743,-2.27611,-82.96,-996.496,-154.696,1400,24780,8960
-10.5683,-13.7257,-7.11768,-8.37619,-7.03167,-0.319668,-3.90797,-2.62656,-18.3094,-10.3676,-4.56223,-10.3239,-3.17417,2.27378,-3.12767,-1.74563,-81.984,-995.032,-151.768,1120,25060,9100
-15.4381,-31.9046,-5.05219,-29.4477,-14.2207,5.6737,-13.489,-3.54983,-36.3354,-3.61624,3.60766,-17.6468,3.30069,1.85582,-22.6386,-5.71831,-90.768,-991.616,-148.352,840,25340,9100
-16.3234,-26.3172,-4.46149,-27.7959,-13.4794,1.32379,-21.2416,-11.0728,-31.1656,-3.80967,-0.257751,-16.5851,0.985177,-2.13107,-27.4178,-14.636,-90.768,-991.128,-149.328,840,25340,9240
3.60917,15.8478,-3.78328,11.697,5.8242,-7.67648,-2.05236,-7.97195,18.9887,-3.00803,-6.1297,5.98589,-6.63697,-6.73528,5.4177,-5.15876,-94.184,-987.224,-149.816,1680,24920,9520
9.64709,21.5037,-3.12195,17.8968,5.08159,-14.1599,-1.45874,-8.49093,25.1406,0.55753,-5.52631,10.4204,-9.01177,-12.7177,5.18091,-6.06046,-93.208,-986.736,-157.136,1820,24360,9940
13.1387,16.8897,10.4229,14.964,5.24396,3.10432,2.8313,4.57084,19.1299,12.9023,9.99084,12.45,8.38914,6.72003,5.8627,5.40836,-95.16,-984.784,-152.256,1400,23800,9800
22.0663,28.4951,17.1564,20.165,13.7922,17.4431,17.1549,17.0832,38.1224,19.6298,17.8861,19.2916,17.2335,22.6748,18.22,20.3258,-94.672,-983.808,-154.696,1120,23940,9800
16.4361,19.7207,10.1109,9.60736,10.8462,15.0701,14.2765,11.9635,32.9598,9.91379,6.72617,11.1628,10.7742,15.5067,11.7099,16.0023,-99.064,-985.272,-153.232,840,24080,9660
10.5175,12.5283,7.42834,10.2454,12.9218,12.1878,12.7709,8.25915,16.6722,6.70137,0.0518882,11.1815,5.72705,8.05329,11.5862,11.2319,-103.944,-983.808,-148.84,1260,23520,9660
7.82492,10.7503,4.57134,14.0551,9.82428,3.11951,8.27897,1.69155,11.7615,2.48987,-5.84585,11.2226,-1.50342,-0.0884437,10.923,4.17595,-100.528,-985.272,-144.936,1680,22820,9660
1.43115,7.37744,-0.886843,11.7107,1.58672,-10.6315,4.27705,-3.65495,5.35186,-3.18074,-4.7305,4.96469,-5.35592,-1.26628,8.22927,1.25969,-102.48,-982.832,-152.744,1960,21280,9660
-9.9371,-6.6855,-5.83142,0.782266,-2.94587,-10.9328,3.59936,-4.11753,-16.979,-5.14023,-0.312662,-5.46715,-4.44859,-7.55727,3.39495,-1.91322,-102.968,-979.904,-147.864,2240,19740,9660
-10.205,-11.4839,-2.32158,-0.915999,-1.4175,-4.34362,1.2163,-4.06382,-21.2858,-1.06413,3.96548,-6.99304,-0.038279,-6.59377,2.6099,-5.6404,-102.48,-985.272,-145.912,2660,18340,9380
-6.86551,-9.30804,-9.37377,-0.160928,-7.36901,-22.2686,-5.4914,-12.8333,-10.487,-5.7799,-7.79627,-9.71966,-15.06,-19.5088,3.23468,-15.1952,-98.088,-983.32,-147.376,3360,16800,9240
7.30775,1.4029,-0.27868,7.66474,0.24068,-16.1242,3.19687,-0.163704,1.6113,8.86909,0.585713,3.79868,-11.0438,-16.2782,12.2353,-7.21428,-94.672,-986.248,-142.984,4340,15960,8960
-8.67497,-11.6161,-4.0094,-10.8165,-11.8282,-1.75607,-7.25774,3.4643,-16.822,-4.1139,-0.899785,-4.50548,-0.909237,-0.36819,-9.31199,-2.37388,-92.72,-988.2,-144.936,5040,15820,8820
-5.88206,-15.0837,-2.33205,-29.7054,-17.4419,14.936,-14.4037,9.59893,-7.25275,-3.06114,6.10224,-7.98913,8.61229,12.0745,-32.666,4.91478,-92.72,-988.2,-144.936,6160,15260,8540
6.05538,4.71588,5.92005,-19.2804,-0.421021,7.41631,-10.6908,4.71751,15.0456,4.38079,-1.3145,3.70615,-4.53614,10.8876,-29.7385,3.96994,-88.328,-985.76,-137.616,7000,14840,8540
12.8753,24.7856,10.0945,16.3227,26.1526,10.7035,15.0277,11.6311,23.3643,6.18927,-5.04991,21.359,-0.588748,15.9894,9.00422,16.3269,-84.424,-983.808,-139.08,7980,14700,8540
9.72414,21.2775,1.46698,26.104,19.1296,10.8348,17.8987,5.62252,18.5745,1.92211,0.584777,14.4315,8.10966,4.64507,23.0203,11.1474,-86.376,-983.808,-134.2,8680,14420,8680
-8.67221,2.42597,-12.6538,9.13511,-4.00573,-3.75415,4.03981,-7.84198,1.39716,-11.3072,-0.0292515,-9.96426,0.718727,-16.674,14.8654,-5.59697,-80.52,-985.76,-137.616,8680,14000,8540
-28.3313,-30.3039,-12.2202,-24.7784,-20.5523,-6.76634,-9.82649,-4.2585,-32.5114,-11.926,3.39396,-27.6336,3.50612,-14.2093,-10.5199,-8.93343,-80.032,-983.32,-137.616,9100,14700,8820
-30.6204,-43.717,-10.2404,-40.5767,-25.5713,-3.64141,-20.5595,-6.3177,-39.3971,-14.3647,-3.52046,-29.7979,2.75218,-6.61721,-28.821,-9.63441,-75.64,-978.44,-141.52,9660,14840,8820
-30.1754,-53.2993,-1.3727,-46.887,-23.7595,3.66145,-28.1769,-11.9238,-61.7703,-2.86911,5.70979,-26.6172,9.45444,-2.92865,-34.8876,-15.7471,-75.64,-980.88,-141.52,9800,15680,9100
-8.94651,-13.1269,14.416,-13.3247,1.42644,9.87552,-10.76,-5.80983,-32.6509,10.5809,10.4755,-0.503191,13.3041,7.30542,-12.7372,-6.43371,-72.224,-979.416,-141.52,10360,16380,9240
10.4467,29.5556,8.64853,25.4674,14.4977,3.20477,2.72916,-4.18548,18.8402,1.31817,-10.3445,15.1068,-2.93765,6.66771,14.1239,-2.60765,-70.76,-979.416,-145.424,10780,17080,9240
20.3771,32.1644,2.85858,31.8242,15.0966,-3.63317,10.1032,0.866127,29.289,1.69664,-8.80664,18.196,-10.5527,-2.86991,22.3259,-1.39732,-72.712,-976.488,-146.4,11480,17500,9660
24.7402,24.7898,-0.0846657,23.0588,8.08961,-10.8913,10.5574,2.67902,31.2558,1.8347,-4.737,15.4442,-13.831,-6.6973,18.5402,1.83149,-72.224,-977.952,-149.328,11900,17780,9940
19.026,12.0552,3.90366,12.6446,6.6307,-1.76259,14.2784,11.4257,18.3374,4.27263,1.04274,10.3406,-3.40052,7.42852,16.2126,13.995,-75.64,-981.368,-148.84,12460,18480,10220
17.0295,11.1486,4.21103,12.9598,9.83266,6.42144,19.2812,14.166,17.6557,5.04583,3.15698,9.47107,1.94945,13.0115,21.0329,19.0558,-73.2,-984.784,-148.352,13020,19180,10080
12.2789,11.3037,2.09142,11.6229,7.91813,4.79357,12.5213,4.71821,15.96,2.07697,3.32397,6.13148,1.6213,8.42916,16.6859,9.22744,-71.736,-984.784,-145.424,13440,20160,10220
11.032,14.2553,0.309342,11.5816,7.31368,2.35814,9.3944,1.77262,26.9908,0.489213,1.56159,5.15975,0.832944,5.32913,11.1483,4.12878,-70.76,-985.272,-148.352,13860,21700,10080
-6.98083,-8.35764,-9.64638,-7.05922,-7.69607,-4.20781,-5.48075,-2.84857,2.38086,-8.25308,-5.97825,-11.6143,-5.75965,-7.18084,-8.26484,-4.90938,-70.76,-980.88,-145.912,14000,22960,9800
-17.1804,-26.0885,-10.9185,-20.0819,-13.6646,-2.48706,-11.673,-2.57068,-23.447,-9.74057,-4.59449,-18.6238,-2.64477,-7.73031,-20.3367,-4.50087,-74.664,-987.712,-131.272,14140,25200,9940
1.47371,0.707583,-0.354,-3.06154,-1.77419,0.802995,-4.63941,-3.80458,3.08302,2.14394,2.10911,0.80582,3.49779,1.399,-12.6451,-0.880002,-71.248,-990.152,-128.344,13860,27020,9940
-4.42722,-2.39677,-0.712014,-2.98735,-2.40853,-2.82915,-4.68691,-11.6444,-7.32007,-0.302176,-1.28445,-1.05269,0.102325,-1.2052,-6.94774,-7.49095,-76.616,-996.008,-126.88,13300,28280,9940
0.933213,1.67017,2.08669,2.77043,0.00850527,-2.639,-5.43132,-9.30948,-2.44413,3.74596,2.26174,3.31583,1.2925,-0.978443,0.765271,-9.76355,-75.64,-998.448,-124.928,12600,29960,9800
14.6259,12.4795,5.02721,8.5673,1.83391,0.0838443,-5.24671,-2.06262,17.4038,9.70346,6.86252,9.99105,3.79939,2.06119,3.36296,-5.07051,-80.52,-1002.84,-115.168,12180,30800,9940
1.88203,-6.81807,-0.521123,-12.3992,-7.69671,0.0392815,-11.0074,-0.502619,-2.41956,4.04749,3.43432,-2.68325,2.35527,-1.17355,-19.6241,-2.04448,-80.52,-1003.82,-114.192,11760,31360,9800
2.34344,0.284842,7.83428,-4.31198,3.9041,8.97278,-0.779781,6.18844,-7.44185,9.20551,10.4472,4.98827,10.8606,8.49626,-14.8806,7.61314,-86.376,-1006.74,-107.848,11760,32060,9800
-1.03541,-0.853646,3.73883,0.992517,4.85383,2.47813,4.64562,2.60617,-10.4725,1.63252,0.919937,1.29084,2.62882,4.23764,1.88903,5.5928,-92.232,-1013.09,-112.24,11900,31780,9800
-5.9952,-4.20767,1.54905,0.322056,5.83378,3.08365,11.0943,7.12532,-6.44576,-3.6006,-3.40117,-0.105742,0.244911,2.60786,12.7684,8.98218,-89.792,-1008.7,-108.824,12180,30520,9520
-23.8468,-25.5549,-7.32284,-16.8852,-9.91733,-3.33656,-3.86188,0.338748,-31.6478,-12.5518,-8.7789,-15.7,-3.49471,-6.34578,-5.26505,-1.98389,-89.792,-1013.09,-107.36,12320,29540,9380
-15.8369,-8.96089,-3.54888,-7.98252,-6.62355,-2.12055,-7.24664,0.758376,-15.8286,-5.03374,-2.12028,-7.37424,0.0576953,-5.00187,-9.771,-3.82866,-86.864,-1011.62,-107.36,12880,28420,9240
-10.569,3.58906,-2.3296,2.42608,-0.267086,-1.39629,0.101486,1.91244,-2.42096,-4.53456,-2.35518,-2.07689,-2.54526,-2.37099,3.14551,-0.268507,-86.864,-1014.55,-111.264,13580,27160,9240
-6.30274,2.0222,-4.48673,1.33695,-0.381946,-5.5291,1.67881,-0.813301,0.0384069,-3.01373,0.0558969,-1.76763,-6.52757,-7.47882,5.27253,-2.19585,-86.376,-1014.06,-110.288,14420,26320,9100
-1.7771,0.796992,-4.63437,0.682518,-0.0509256,-6.18615,5.28101,-0.616897,8.26345,-1.18444,2.80443,0.226439,-4.55404,-8.9642,9.82721,-1.7135,-85.888,-1014.55,-105.896,14700,25200,9100
9.1981,10.1223,2.39258,7.65366,2.98664,-2.39527,7.7505,2.91645,20.3749,5.66633,2.52729,7.75269,-0.496346,0.00933994,12.4346,2.2562,-87.84,-1005.77,-111.264,15820,24360,9240
11.5952,16.0765,6.34934,15.2487,5.98544,0.172855,4.98064,0.523341,22.4852,5.6463,-3.1178,11.4405,-0.0561954,5.96501,12.1208,1.84296,-84.424,-1006.74,-110.776,17220,22960,9380
17.7809,17.5231,9.5614,16.3916,9.34909,1.74798,4.40068,-0.0757822,23.0908,11.9581,5.3025,14.3833,2.36137,3.49264,12.9891,-0.368489,-80.032,-1001.38,-113.216,17780,21980,9380
2.86528,-3.54961,1.95178,-5.31323,-4.73903,-3.65101,-7.46002,-4.24089,0.105774,5.29596,5.27352,-0.941938,-0.217102,-4.14287,-6.08551,-7.2405,-80.032,-1000.89,-107.36,18340,21420,9520
-17.3264,-19.1165,0.074452,-13.9446,-6.75176,2.06709,-9.87583,-0.599045,-34.8591,-2.02615,1.78059,-10.8361,3.46004,-1.63379,-14.5636,-5.09973,-83.448,-996.984,-108.336,19040,20720,9380
-7.68109,-9.49385,-2.88827,-7.31894,-4.43731,1.64679,-5.39581,-1.53292,-10.5299,-4.90673,-5.29781,-7.65847,-1.39242,-2.83694,-7.82848,-3.75809,-85.888,-993.568,-108.824,19040,19880,9380
0.19727,0.984213,-0.678656,2.03525,3.07116,5.82217,5.0388,4.09097,5.35795,-5.14695,-6.6333,-0.294244,-0.306786,2.12526,0.630566,5.19511,-81.008,-991.616,-110.776,19600,18760,9240
1.5155,4.74916,4.34088,3.63669,6.93531,9.60457,5.05675,5.57948,-3.04404,-1.84963,-0.711427,3.99742,3.87626,8.4777,-4.94555,7.60224,-83.448,-994.544,-112.24,19740,18200,9240
1.07871,-3.10936,-2.48294,-6.3472,-3.3287,0.615953,-5.69944,-4.78795,-3.4249,-5.69785,-3.83717,-3.65456,-2.8003,0.98257,-11.0538,-4.18104,-80.032,-988.688,-107.848,19880,17360,8680
17.0772,17.7467,-1.93626,15.0322,6.5182,-0.0910154,6.12676,-2.23212,26.8085,0.791177,-0.819451,7.12397,-2.90079,2.57404,14.6277,1.17462,-77.104,-988.688,-112.24,20440,17080,8260
11.4446,8.54473,-4.54371,8.14368,2.06681,-5.83683,2.93845,-6.07318,15.9977,-0.389385,-1.92509,1.82478,-4.6418,-1.50767,9.13609,-2.39137,-73.688,-985.76,-111.752,21140,16520,7840
7.90246,8.22034,-2.03395,8.04049,1.28005,-5.23053,0.133842,-4.7265,6.6147,0.614053,-0.715045,2.28004,-2.48917,-2.84575,5.73557,-5.47528,-78.568,-987.224,-109.8,21840,16520,7420
4.54389,1.37345,-1.44877,3.79981,-0.849687,-0.197899,0.859093,1.56125,-0.778123,0.937467,1.09733,-0.514434,0.12475,-2.21309,5.4258,-0.459626,-80.032,-985.76,-111.264,22260,16240,7140
-2.2557,-10.5792,-1.40241,-12.0133,-8.44889,-0.44476,-7.98449,0.385779,-10.3486,-0.107601,0.231893,-5.3789,0.106445,-2.92665,-12.8953,-1.32238,-81.496,-987.224,-109.312,22540,15960,6720
-13.3879,-21.8178,-0.866755,-20.4298,-9.0143,1.43057,-6.58818,5.62634,-29.8492,-1.37794,1.59951,-10.38,1.73912,0.97657,-18.8084,4.03154,-81.008,-985.76,-106.872,22540,16100,6300
-20.554,-27.575,-4.16355,-24.183,-11.4922,-1.59753,-7.00347,2.30116,-33.4294,-8.16923,-3.46233,-15.1859,-1.10731,0.210101,-19.6231,2.15373,-81.008,-984.784,-105.408,22680,15960,6160
-1.37159,2.81656,-1.84135,2.53378,-0.469435,-1.19734,5.30077,0.388317,9.83506,-4.38425,-3.68864,-0.680782,-2.34188,2.16572,4.71656,5.06805,-80.032,-986.736,-107.848,22120,15820,6020
12.0351,18.1205,6.14297,16.7198,12.1486,6.13119,14.8118,4.84534,22.5702,8.50149,6.11468,12.247,4.63988,8.63626,17.8689,10.2143,-81.496,-990.152,-102.968,21980,15820,6020
-1.14651,1.31059,-1.40343,5.10588,3.48963,-1.14887,4.54949,-3.06142,2.1906,0.484841,-1.34964,0.416912,-0.809148,0.881031,8.93897,-1.49366,-80.52,-989.176,-102.968,21280,15540,5880
-3.09462,-7.71646,2.36566,-1.48491,4.05752,2.02185,2.47894,0.513629,-10.2468,5.89969,5.79797,0.369861,6.26009,3.10581,5.81529,-0.769444,-79.056,-990.152,-102.48,20440,15680,5880
-3.45553,-4.72327,-0.106231,-5.08619,-1.16954,-2.7915,-5.80871,-5.5206,-5.06124,2.10009,3.65829,-0.270248,5.26802,-0.00522932,-5.58124,-2.86886,-79.544,-986.248,-96.136,20020,15820,5740
-1.6938,1.45694,1.19154,-0.514412,-0.625059,-0.0405854,-3.63256,-1.12176,-2.85819,1.14714,3.28889,2.08714,4.60572,1.09216,-5.09712,1.82111,-78.08,-992.104,-98.576,19460,16100,5600
4.32231,15.9157,4.53877,9.31813,3.9559,0.74981,-1.51591,-1.72853,8.68409,3.17068,2.50142,8.8556,3.64837,1.36395,0.161337,1.65167,-75.64,-995.032,-96.624,18900,15960,5320
9.0333,20.6478,1.81133,5.13925,1.26819,-2.64046,-4.80826,-4.58284,25.1511,1.94994,-2.24448,10.1068,-1.62849,-1.60401,-6.15191,-2.20407,-78.568,-994.544,-91.256,17920,16100,5040
5.4125,-1.70729,-1.54844,-8.2632,-4.64996,-0.792949,-2.45219,0.400892,12.4302,-0.130708,-3.06639,-0.626145,-3.34362,-4.78376,-2.08449,1.50573,-79.056,-993.568,-92.232,16940,16660,4760
1.91894,-1.57016,1.70535,3.98903,2.55132,4.70407,4.22313,6.75557,-1.23182,-0.136809,1.43962,-0.525963,0.413432,-2.05908,10.211,6.36864,-76.616,-996.984,-88.816,16520,16660,4480
0.227057,6.80294,3.14894,5.0553,2.74714,2.7591,-1.34546,1.19196,-0.443859,-1.80364,-0.188623,3.11316,-0.845928,-1.89004,-2.49953,0.493027,-77.104,-997.96,-88.816,15820,16660,4060
-8.80821,-18.6067,-0.770459,-13.2306,-5.96486,1.53696,-5.28254,0.122787,-23.4512,-3.33613,1.80611,-8.8893,-0.821496,-4.51646,-12.4888,-2.62319,-82.472,-997.96,-84.912,15540,16380,3780
-9.9804,-14.5512,-5.00678,-10.6277,-7.98403,-3.2381,-5.45397,-2.12875,-10.6287,-9.75655,-5.62946,-10.317,-5.75565,-5.538,-6.24171,-5.21128,-80.52,-996.984,-83.448,15680,15120,3500
5.0481,9.07668,0.541963,6.26052,4.98942,3.06873,7.2979,6.66614,16.4158,-0.944607,-0.405262,4.45689,-0.452037,1.77339,9.78063,3.96624,-83.448,-994.544,-80.52,15820,13580,2940
-0.398032,2.29063,-3.09199,7.94065,3.85186,-2.35721,10.0225,-2.14796,3.10186,-0.065653,-0.998551,-0.381607,-2.95209,-0.739134,19.5473,-1.71495,-79.544,-995.032,-82.96,15960,12040,2660
1.86167,-3.10253,-0.431265,6.73428,4.41879,-3.98654,7.99917,-8.844,-2.80973,3.46244,1.91697,0.0217453,-1.00195,0.000433117,20.1697,-6.64342,-81.008,-996.008,-81.008,15820,10500,1820
5.36253,5.19725,5.93084,15.6727,8.28857,3.08808,4.77749,3.86074,-3.04963,10.2228,8.41736,6.43338,4.20841,4.60678,19.9901,-3.96267,-81.496,-997.472,-81.008,15400,8960,1540
-20.2201,-8.49073,-5.25534,-1.24062,-7.44709,-2.9147,-9.94579,4.58257,-17.8088,-6.09185,-4.68433,-10.2371,-4.62289,-4.59765,-4.40244,-7.89227,-83.448,-994.544,-81.984,14980,7420,840
-14.9731,-13.8148,-9.69973,-21.0843,-16.2009,-4.39935,-17.4689,2.38558,-12.7165,-9.89873,-6.97431,-14.4979,-6.67233,-8.16414,-33.2593,-8.25094,-85.4,-992.104,-82.96,14420,6440,140
4.34397,8.62284,-2.74282,1.00799,-1.41122,-2.78088,-0.92408,1.74062,10.9388,-4.10123,-4.79967,0.425236,-3.65045,-0.96069,-9.98619,-2.56477,-84.912,-991.616,-81.984,14000,5600,-420
9.82234,15.8277,6.72947,9.18466,7.97963,1.27757,0.665572,-1.68853,11.5565,4.78556,0.700487,11.4698,3.77393,7.87449,-10.671,-3.64629,-85.888,-990.152,-84.912,13580,4760,-1120
-2.80919,-12.2281,3.32889,-19.0947,-6.27716,1.37279,-10.0006,-0.200239,-18.2563,2.82826,3.31603,-2.88629,6.10629,2.91464,-31.6265,-3.61428,-85.4,-991.128,-80.52,12880,4200,-1680
-6.48107,-24.1934,-5.1644,-21.9077,-10.5186,0.693948,-1.35778,6.6277,-15.4092,-3.06013,-0.641079,-12.8107,0.877106,-1.52185,-13.6347,6.34917,-86.376,-993.568,-85.4,12460,3360,-2240
17.2996,14.0445,1.35607,15.054,9.47992,2.33686,18.3184,3.94917,29.2859,5.71103,2.00344,8.26385,0.862835,4.49451,26.9536,10.69,-88.816,-993.08,-88.816,12320,2520,-2660
19.8306,21.9386,6.17264,21.6185,13.0336,2.22621,11.5323,-1.31744,28.4449,9.99757,5.05704,14.5166,2.78847,6.06654,28.3215,2.6953,-91.256,-992.592,-85.888,12180,1540,-3220
10.4681,16.4581,2.99,12.498,4.12977,-2.16529,-4.35329,-8.58443,17.0167,3.35068,-1.96484,9.1986,-0.752854,0.707336,7.92394,-4.34346,-92.72,-991.128,-91.744,12180,-140,-3360
13.0002,17.8309,7.03587,11.608,6.76829,0.0725932,2.72972,-6.67352,16.9899,5.92213,0.970169,12.3545,2.43742,2.65618,5.9236,4.00058,-91.256,-991.616,-95.16,12180,-1120,-3920
3.46249,7.24896,8.42257,11.8318,11.5159,2.18594,12.1918,-2.77239,-5.15137,2.55203,-1.23024,9.02786,2.02373,7.35572,15.733,11.7303,-94.184,-996.008,-92.232,11620,-2940,-4340
-16.7656,-21.9717,5.66886,-5.58885,6.21537,6.50637,11.387,5.03953,-44.1803,-1.68697,0.195579,-5.54577,4.44624,8.38553,9.94338,15.2735,-91.256,-995.032,-96.624,11620,-4480,-4620
-6.25207,-7.45801,-1.84429,-0.526151,-0.938869,-0.568541,4.55435,1.00936,-5.04893,-3.06084,-0.710771,-5.51999,-1.63778,-0.0963171,9.03126,7.58144,-90.768,-991.616,-100.04,11900,-5880,-4760
17.004,19.0104,2.37547,7.64845,1.50842,0.133319,0.309788,3.67018,33.8018,7.85024,5.92965,10.5462,0.404693,-0.532834,-1.97574,6.37686,-92.232,-992.592,-100.04,12320,-8260,-4900
5.17156,3.26014,1.88673,-13.4737,-4.69745,3.6914,-10.1268,5.92816,8.82462,4.53651,2.92378,5.182,2.28942,1.59981,-33.851,4.12062,-88.816,-995.52,-102.968,12740,-9940,-4900
0.99382,-3.37191,-3.42406,-14.0012,-7.87045,-1.25317,-8.82344,-2.43792,7.163,0.252868,-1.32701,-1.70743,-1.42852,-2.80665,-17.1227,-2.27663,-85.4,-995.52,-101.504,13440,-12600,-4900
4.35199,-4.50785,-7.59328,-3.26775,-6.52981,-4.24494,2.7119,-2.75002,18.314,0.0926907,-0.10585,-5.6458,-3.83316,-6.87026,12.7744,-0.348707,-85.888,-992.104,-104.432,13860,-14560,-4900
-19.3559,-21.502,-2.60424,-5.91856,-2.81199,5.35872,3.92509,6.54942,-36.5602,-1.33781,5.66525,-11.5873,4.26369,-0.380988,5.05561,5.12965,-83.448,-994.056,-102.48,14840,-15820,-4760
-46.1173,-48.1979,-9.16776,-36.6712,-19.7236,0.260688,-20.8387,-3.17611,-76.8054,-16.2005,-2.67851,-29.2837,0.942735,-7.91934,-35.5241,-11.133,-85.4,-992.592,-97.6,16240,-16800,-4900
-13.1992,2.36409,-3.69793,-2.81582,0.0723343,2.75783,-3.22234,2.40849,-0.387242,-14.4198,-7.8895,-4.55908,-0.949595,0.123501,-12.8447,-1.09912,-85.4,-991.128,-102.48,16380,-17780,-4900
17.6653,35.1958,-1.15582,28.5778,12.1364,-3.7045,11.056,-9.49452,46.8962,-2.67808,-4.74951,13.2756,-5.16422,-0.759026,24.2942,-7.18211,-83.448,-989.664,-101.016,16660,-19040,-5180
16.2303,20.5426,2.33419,32.0772,13.9974,-6.52945,10.7465,-19.4301,18.8607,4.17349,3.17355,11.3329,0.0740926,-3.03624,43.8141,-19.986,-80.52,-989.664,-106.872,16240,-20440,-5320
6.4278,6.68979,-2.53912,15.4036,-2.56404,-11.2193,-17.9993,-14.3483,-7.93219,-0.480332,-1.34588,1.09172,-4.02088,-11.5475,13.6935,-28.5283,-81.008,-990.152,-110.288,15680,-21420,-4900
-8.01281,-13.2183,-7.91858,-17.5184,-19.5125,-8.38193,-26.5282,1.13944,-9.96764,-2.01361,-1.50367,-11.05,-5.35634,-13.6859,-20.7559,-15.2038,-79.056,-987.224,-115.656,15680,-22120,-5180
-8.56984,-9.09274,-4.28339,-20.0591,-10.6201,-0.00477276,-9.12791,8.17865,-10.0586,-3.12612,-2.19728,-5.5434,-1.38501,-1.72233,-27.5332,2.3873,-79.056,-993.08,-120.536,15820,-22400,-5320
-14.4722,-19.0255,-8.60152,-13.244,-4.98812,-1.64979,6.10514,2.19542,-19.4579,-13.6205,-7.56381,-12.8462,-4.76269,-0.555948,-4.17293,3.35341,-75.64,-990.64,-124.928,15260,-21840,-5320
-21.3667,-30.3454,-8.78337,-15.9226,-4.70138,1.00989,5.52691,4.21123,-27.6635,-15.5853,-9.57744,-18.9287,-3.53095,0.436461,-0.234187,3.36646,-78.568,-990.64,-119.56,14700,-21140,-5180
-1.69703,-1.75135,-5.47709,-9.61493,-7.6395,-1.31802,-11.1899,1.11057,8.47553,-4.97268,-8.14414,-5.27537,-5.08474,-3.01481,-17.6956,-5.28086,-84.912,-988.2,-116.632,14700,-20580,-5320
-0.38478,-3.15876,-4.39589,-7.95611,-9.39447,-2.25328,-14.5258,1.11409,1.87237,1.24147,-0.155908,-3.13813,-3.70874,-4.43148,-18.1223,-6.88849,-86.864,-980.392,-116.632,15260,-20440,-5320
-15.2391,-15.871,-3.98081,-17.699,-9.88959,-0.579944,-14.5936,1.59813,-24.6313,-4.27975,0.153538,-8.32519,-2.48423,-3.51612,-29.2969,-3.79651,-87.84,-980.392,-116.632,14840,-20440,-5460
-13.113,-13.3253,4.451,-23.2377,-4.54176,3.92052,-10.8587,1.16962,-25.7162,0.46888,2.1267,-2.09415,4.23741,3.57144,-38.6625,0.874539,-89.792,-980.392,-119.072,13720,-20440,-6020
9.66955,11.0698,6.98361,1.65443,6.09537,4.8267,5.78819,4.99883,21.422,5.90995,5.01799,8.59885,4.32134,6.19811,-4.78059,8.81799,-90.768,-984.296,-119.56,12880,-20440,-6440
28.1257,30.5649,11.9953,31.6897,19.7127,8.79895,27.1286,14.5664,37.2369,16.5557,14.0185,19.3013,7.5998,10.8276,36.7545,21.3541,-87.84,-986.736,-123.952,10640,-20720,-7140
22.3558,27.9282,14.3866,25.6452,18.8277,7.33562,23.9666,8.44998,20.0716,12.3946,3.30573,20.6286,6.26535,13.9326,26.768,19.0305,-89.792,-991.128,-122.976,9520,-20580,-7980
16.479,14.9383,10.5804,20.172,16.6009,5.92461,29.6035,9.75655,19.2147,5.80556,-3.22104,13.5348,2.14702,11.1468,32.2612,24.105,-88.816,-996.984,-130.296,8960,-20860,-8120
5.36079,-1.9217,3.71516,13.6813,11.4597,3.34589,25.867,6.63859,7.35551,2.05428,-1.85337,1.33327,-0.579483,5.58569,35.4048,18.7251,-90.28,-996.984,-132.736,9380,-21000,-8680
12.0216,-3.76642,8.91854,10.7266,11.0497,7.70223,21.8017,11.1104,4.92673,11.5974,9.59963,3.37565,6.56182,8.51868,33.8332,16.791,-90.28,-995.032,-137.128,9660,-21840,-8820
11.4375,4.7379,10.5039,15.9428,8.57728,2.94615,11.7248,5.65273,-5.46652,16.8848,14.7119,5.94793,7.13117,6.24136,24.7359,8.33709,-89.792,-994.544,-139.08,10220,-22820,-9240
13.644,25.6703,14.8132,26.5553,16.6694,-1.03751,6.96266,-14.7262,17.2112,19.8082,15.399,18.8558,9.07344,8.94771,20.1876,-6.40451,-90.28,-995.032,-140.056,9940,-24080,-9520
26.1367,22.3465,10.025,9.19644,6.66487,-6.48734,-11.3102,-28.0228,26.5537,19.2091,15.5429,18.8682,6.0753,1.29734,-7.295,-18.5201,-91.744,-996.008,-140.056,10080,-25340,-9660
14.523,3.91537,7.03073,-11.8629,-4.44482,-2.59304,-21.1393,-18.341,23.4051,13.2305,9.31083,10.0311,5.35346,-0.93103,-21.2742,-13.5923,-88.328,-995.52,-140.544,9940,-26180,-9660
5.60191,24.4621,0.762102,17.335,3.01479,2.43972,-2.96976,6.44416,25.2086,3.14104,1.13283,9.68349,1.56334,0.844997,4.51363,5.06035,-90.768,-996.984,-142.008,10360,-26460,-9800
-1.95106,-5.50481,-9.6491,-23.7645,-18.2006,-0.790983,-18.2041,7.91751,4.21296,-5.46531,-2.77857,-9.45276,-2.10656,-10.2298,-38.619,-3.24775,-88.816,-996.984,-146.888,10360,-26180,-9800
-7.97498,-11.646,-4.57376,-31.5076,-13.3183,-0.347378,-16.713,0.524189,-4.2183,-12.807,-13.8284,-6.40079,-2.0024,-5.72116,-37.3218,-7.00281,-94.184,-996.008,-146.888,10500,-25060,-9940
-15.9187,5.79413,-4.68906,-2.89065,2.23891,1.88428,1.37478,4.77731,-0.359849,-17.9368,-13.391,-0.489797,-2.6093,-0.86823,-3.18159,1.57683,-92.72,-993.568,-142.984,10500,-24080,-10080
-24.4066,-25.1304,-17.3932,-21.3819,-16.2626,-11.8527,-9.03379,-13.9774,-14.9667,-17.7357,-11.8834,-22.8375,-9.42008,-15.0945,-4.64671,-15.2397,-94.184,-989.664,-143.472,9800,-23240,-10360
2.42548,-3.41285,-14.5856,16.416,-2.28484,-12.4171,4.28103,-18.2991,12.4552,-3.41219,-4.48486,-11.2663,-10.2772,-15.1521,43.9175,-22.2195,-92.72,-991.128,-147.376,8820,-23240,-10780
-1.32147,-0.676985,-9.126,21.3888,0.00653245,-10.1941,-7.09518,-19.1189,-6.31536,-5.34489,-8.28878,-5.47165,-9.06659,-12.6907,35.1476,-27.704,-87.352,-995.52,-141.52,7420,-23380,-11060
-36.772,-8.33646,-9.33405,18.0454,3.45753,2.36602,-4.82946,9.09248,-73.4334,-30.5511,-27.7048,-10.4448,-7.89265,0.202411,5.84444,0.568296,-88.816,-994.056,-143.472,6860,-23940,-11060
-44.4461,-22.8668,-11.9343,-6.66719,-4.19481,1.26505,-5.4379,13.4107,-81.9273,-34.0599,-30.3021,-17.3254,-9.4957,-0.695144,-27.3885,6.28767,-86.864,-1001.38,-141.52,6020,-24500,-11340
-29.8137,-12.5081,-5.67002,-11.3535,-1.49398,6.29878,-4.81998,7.83196,-51.1496,-19.4754,-11.92,-10.5284,-3.10515,3.40127,-30.3136,5.84558,-82.472,-1003.82,-149.328,5040,-25760,-11620
-10.0028,-30.8289,-7.82692,-38.9012,-15.8119,7.01734,-9.34062,17.9161,-11.9223,-3.44651,10.0179,-17.4902,-0.0235975,0.0985443,-39.8006,10.7232,-81.496,-1004.3,-155.184,5460,-26460,-11480
23.4042,-11.4591,-1.06179,-38.7105,-24.1595,-6.63281,-18.6003,4.17808,37.1854,19.8841,25.5752,-5.83001,1.48124,-8.03035,-43.133,-2.14254,-78.568,-999.912,-156.648,5460,-26880,-11340
28.3222,20.0299,7.60312,5.45591,1.36076,1.51864,7.49605,8.54983,43.4786,18.4676,17.6428,13.4965,3.98591,0.513127,1.38437,7.35945,-72.224,-1000.4,-150.304,4480,-26600,-11340
17.1986,-1.89801,4.0837,-14.1489,-6.76707,-1.11538,-2.33389,-4.79569,24.0916,12.4072,12.2075,5.64867,2.12572,-6.14574,-11.7386,-1.71782,-69.784,-1001.38,-148.84,3780,-25620,-11060
-8.34252,-0.851861,4.09844,4.63532,0.704854,0.56716,2.06664,-9.40223,-16.4614,0.775117,3.82573,2.64309,2.7818,2.52814,2.01678,0.82794,-69.784,-1007.23,-152.744,3360,-23660,-10920
-14.8871,15.2385,2.88875,53.7059,26.4371,4.37942,37.1935,12.084,-28.6504,-7.39119,-6.3792,8.15934,0.628777,15.4548,65.1222,16.8012,-62.952,-1013.09,-149.816,3220,-22820,-10920
12.2063,5.85825,2.97296,15.3147,11.3272,-2.49621,15.4825,-3.77229,24.5462,4.96195,1.30191,7.7907,2.73943,6.08178,25.7484,-2.28593,-55.144,-1012.6,-155.672,2520,-21420,-10780
22.1105,-9.55012,6.01028,-33.0809,-4.67823,-9.56262,-16.8884,-30.8009,45.4353,17.5091,7.85525,6.05627,4.58309,-1.24266,-20.2177,-25.0324,-61,-1016.02,-148.352,2100,-19740,-10220
-11.3917,-35.4722,3.02488,-38.0791,-6.88601,-0.163968,-11.3716,-16.715,-22.5293,9.17425,6.55631,-10.165,4.71394,4.53668,-15.125,-9.59331,-57.584,-1012.6,-146.4,1960,-18620,-9800
-21.923,-6.20576,-4.36491,6.49267,-6.75837,3.17521,9.95778,6.87408,-22.9623,-6.88434,-4.87259,-13.8319,-4.14223,9.59686,11.8423,15.1541,-60.512,-1011.62,-139.08,1260,-16940,-9240
9.3207,33.1662,3.97675,27.9783,6.2389,14.8789,31.1654,35.5942,36.349,4.05298,5.24884,6.32414,3.34499,17.401,32.6145,37.7092,-60.512,-1004.79,-132.736,280,-15960,-9100
11.6368,19.6165,0.837548,-0.239067,1.30765,9.94978,7.7716,20.5801,38.1008,-5.42672,-6.73663,5.15559,-0.460626,2.12596,-7.5649,18.942,-60.024,-1006.74,-130.296,-1820,-14980,-9240
11.7722,5.12145,2.8198,-4.47742,5.53948,7.78739,7.30176,18.5451,31.6298,-1.12447,-3.08602,4.82049,0.702479,4.76319,-3.82407,16.2213,-59.536,-1007.72,-132.736,-4620,-14280,-9520
12.0448,-14.0294,10.3233,-14.7052,4.41015,2.07768,0.154927,5.34284,-5.44196,16.1767,7.08623,4.27451,5.61595,6.11953,-9.8339,4.97302,-53.68,-1013.58,-135.176,-6160,-13300,-9240
-1.23314,-19.4839,18.0611,-20.2969,3.13501,1.41664,-25.3374,-19.8228,-65.2597,15.2137,4.77456,6.00184,9.81428,4.87237,-43.7568,-19.746,-50.752,-1016.99,-128.832,-7840,-10780,-8960
-20.5388,-14.2221,8.043,-8.79676,5.7249,4.16856,-22.8469,-17.9364,-67.166,-11.4557,-10.34,0.762514,3.68263,1.03445,-43.8519,-18.8392,-52.216,-1010.65,-133.712,-8260,-8680,-8960
-2.72623,23.6734,-4.27067,28.8373,0.686976,-12.9935,-23.5494,-28.4554,3.64937,-17.0542,-13.386,4.5642,-7.74343,-14.5845,15.3619,-40.2657,-60.512,-1006.26,-137.128,-8400,-5600,-8820
12.9216,15.7396,-13.8453,28.1241,-9.57948,-23.8158,-25.8084,-27.0843,29.7665,-3.60401,4.93649,-2.28105,-10.6293,-33.5884,42.6213,-44.6774,-63.928,-999.912,-127.856,-10080,-2940,-9520
20.8285,24.6621,-9.5537,38.0959,-0.993009,-17.0553,-7.14137,-15.0059,39.9938,8.13159,14.2881,6.27133,-4.58263,-33.4872,39.1345,-14.2517,-81.984,-1002.35,-130.784,-11760,-1400,-10220
10.5582,33.9586,-5.34483,42.1915,6.45455,-11.184,14.1519,2.06125,33.8978,3.78202,2.20442,8.15322,-2.79054,-8.2299,28.5203,16.648,-69.296,-990.152,-130.296,-15400,-1260,-11620
9.75593,29.6756,4.02966,25.5514,16.6363,5.32517,30.0572,23.6922,25.8009,9.34662,2.54671,13.3821,6.14007,15.2434,23.2948,36.5919,-69.784,-998.448,-137.616,-18760,-420,-13020
-4.56522,-26.58,-4.62103,-38.3043,-10.5407,8.98856,10.5754,16.8897,-2.89143,3.66457,2.02965,-13.2155,3.01445,3.63267,-14.5582,22.1083,-68.32,-996.984,-138.592,-22820,700,-14420
-10.1088,-28.155,-6.16795,-41.8998,-12.1885,12.1177,7.39527,15.7292,0.0387196,-3.96782,-2.11217,-16.021,0.756089,1.50979,-25.3139,14.3368,-70.76,-997.472,-140.056,-25340,1540,-15680
-12.1266,-19.1608,-7.8354,-17.513,-5.50962,7.50379,9.87766,12.881,-1.25512,-6.59276,-6.78614,-13.5925,-3.78311,-0.752514,-3.32406,8.40498,-73.2,-1000.4,-139.08,-26600,1120,-16520
8.43529,11.1591,-6.33562,11.7907,6.33255,-8.19843,10.7056,3.37375,22.1093,-1.19695,-8.49594,5.6025,-10.9435,-6.80951,12.3495,3.84049,-66.368,-996.984,-137.616,-28700,-700,-17640
17.3696,51.0482,12.0245,43.0768,27.8722,5.01835,21.7221,7.54014,24.9499,0.569597,-8.45568,33.9212,4.49755,13.683,27.3665,8.9144,-65.392,-999.912,-130.784,-30240,-2520,-18480
-39.6385,-44.8843,-4.89313,-36.6478,-12.6559,8.98916,-1.02287,2.29919,-70.1313,-19.1358,-12.3031,-23.2099,4.9133,8.22227,-20.7374,2.52432,-65.88,-1012.11,-121.024,-32340,-5880,-19460
-41.4694,-85.7919,-5.69626,-79.0028,-37.1313,1.19507,-34.2544,-18.6491,-88.9802,-6.11094,5.09208,-41.8502,5.62333,-2.67489,-59.33,-22.1805,-66.368,-1009.18,-122.976,-33880,-10360,-20300
-10.8381,-36.6889,6.8957,-26.8828,-7.89615,6.46377,-13.8068,-1.60995,-40.6957,3.67904,9.41421,-10.7839,7.07798,9.41838,-26.4404,-8.63094,-61.976,-1006.74,-124.44,-34860,-14000,-20860
2.82214,15.2888,11.172,16.3505,18.6259,9.86859,5.01133,8.17174,2.21231,-5.32768,-5.05502,16.7839,1.23249,18.9341,-4.00784,3.38428,-55.144,-1008.21,-124.928,-35840,-17920,-20440
41.4086,84.5688,26.3694,65.5718,38.7564,2.99389,1.65245,-13.7903,59.6676,19.3264,8.09932,56.7087,4.59198,16.4057,16.2758,-12.2357,-43.432,-1010.16,-112.24,-35980,-18620,-20300
31.5874,74.0234,18.0916,76.3767,29.6322,-7.54435,3.97914,-12.9921,38.356,19.0027,15.3978,41.5477,0.439929,6.2369,50.8138,-11.1696,-52.216,-1001.86,-122,-34860,-17920,-21700
-5.90292,17.4751,1.68954,25.9214,4.01126,-8.65964,0.838669,-0.173488,-12.748,-0.431491,8.72295,3.0529,-3.56892,0.37688,23.5895,-3.23759,-47.336,-1001.86,-118.584,-35700,-16940,-22540
11.8605,0.130329,-2.1763,-8.61277,-10.0464,1.76675,10.3817,15.5935,40.9424,7.54894,13.8043,-8.05069,1.54753,2.46465,-0.260571,19.3996,-34.16,-991.128,-115.168,-36680,-15400,-22820
42.841,28.8495,7.30951,-12.5279,-9.32753,-0.488483,-7.7552,-5.50256,87.7423,20.3599,11.1763,16.4276,4.15894,3.61832,-29.3316,1.45951,-29.28,-989.176,-109.8,-37100,-12460,-23240
15.5603,15.5881,7.46498,-5.03897,8.14827,8.24278,1.39462,0.696425,17.6002,6.87358,-2.52087,15.7199,5.51033,11.9292,-13.5345,0.00194789,-34.16,-990.64,-110.776,-38080,-8960,-23380
-39.6543,-53.097,-24.1513,-8.01615,-3.60828,3.9353,27.4374,15.6762,-74.1972,-34.135,-26.1981,-39.5198,-12.1903,-2.1272,45.913,16.7146,-43.92,-994.544,-121.512,-38920,-4760,-22400
-36.0861,-58.8694,-24.3627,-10.419,-8.17772,1.48891,27.7732,16.4831,-75.5382,-30.9957,-19.7209,-45.0936,-12.2624,-6.0164,43.3989,20.3433,-46.848,-992.104,-126.88,-38220,-1820,-21420
-15.777,-78.2681,-26.2011,-57.7738,-36.3143,-6.09764,-4.80624,4.78548,-38.8033,-15.8073,-7.21473,-53.8871,-11.953,-19.3221,-17.2431,1.6718,-57.584,-1005.77,-75.64,-37940,-560,-20580
-7.27432,-61.2095,-21.7481,-73.5739,-43.3934,-10.7348,-32.0498,-9.92411,-12.447,-11.2724,-6.19148,-40.7997,-12.0436,-23.8767,-62.3942,-14.7166,-61,-993.08,-99.064,-37380,280,-20300
-9.14431,-5.96749,-1.28319,-36.0377,-14.4318,-8.09121,-39.3922,-17.5561,-13.8431,-13.0825,-12.1727,0.466433,-5.05253,-10.534,-70.3376,-19.8353,-53.192,-977.464,-106.384,-35140,1260,-20300
20.5073,48.0472,10.5292,16.6616,4.23884,-6.50468,-22.8302,-14.7118,45.4837,10.5093,5.00548,26.5044,2.60485,-6.22405,-14.6918,-16.8183,-56.608,-983.32,-94.184,-35000,3360,-20020
11.6415,31.6932,0.906769,33.2318,4.79897,-9.78544,-4.47158,-14.5687,38.2728,12.7607,7.94999,11.5863,-0.341974,-12.8821,33.1487,-13.2835,-56.608,-981.856,-92.232,-33460,5040,-19740
8.06911,34.3124,6.83304,42.9496,17.7649,-5.83237,7.70969,-8.0514,20.0807,15.2461,8.88927,20.5777,5.58069,-6.4909,34.9967,-4.37068,-48.8,-978.928,-86.864,-34160,9100,-19740
-28.4461,-11.5061,-4.84842,9.43567,4.65426,-1.53151,8.60557,3.34402,-31.1599,-8.65862,-8.64807,-5.36507,0.596532,-2.15409,12.1706,8.016,-52.704,-988.688,-91.744,-35840,15120,-20020
-37.332,-58.5358,-8.49666,-41.886,-15.4076,4.61344,-7.89017,4.2653,-61.1909,-8.20682,-5.33484,-23.871,3.4794,-4.38975,-25.6569,3.37272,-71.248,-970.144,-89.304,-34440,18200,-19740
-19.0628,-24.7367,-15.7158,-38.568,-22.4113,-10.4496,-21.7858,-5.91302,5.22203,-4.94081,-4.67939,-14.7886,-7.02742,-24.571,-43.6227,-11.857,-80.032,-963.312,-74.176,-35420,22820,-19880
6.05692,20.417,-18.1491,1.95499,-14.7512,-29.4858,-16.146,-9.86451,57.1003,10.4801,8.644,5.49179,-13.8586,-41.9017,-14.0919,-20.5729,-75.64,-955.504,-73.2,-37800,25200,-19880
36.4428,50.2169,14.3042,52.576,12.2873,0.733806,22.3898,14.3831,68.1978,35.5692,29.2599,31.7945,14.06,3.78979,53.2641,8.49396,-82.96,-955.992,-69.784,-39900,23800,-19880
9.84355,33.7854,31.7868,51.9879,32.7762,27.896,35.8592,21.3653,-5.37349,23.0784,14.9335,30.9188,27.2645,42.1024,53.2337,27.3345,-86.864,-948.672,-58.56,-44800,22400,-20440
-10.4219,35.5983,36.1891,28.3378,46.065,30.8846,15.3768,6.91352,-46.361,4.32983,-4.25138,38.5243,26.6314,47.668,-3.54609,12.9773,-87.84,-966.728,-59.048,-48860,21280,-20860
-21.5694,12.0266,15.2766,-2.61048,24.336,15.7558,-7.19509,-1.70879,-41.3522,-15.2477,-16.3639,14.0994,7.79081,28.3879,-34.5575,-2.15693,-90.28,-955.016,-56.608,-50120,17220,-20580
-15.4736,-11.0385,14.1381,-16.2306,5.02592,7.44947,-28.7857,-13.3873,-46.7305,-5.45938,-4.51762,4.83314,5.47938,16.9021,-37.6357,-20.4066,-83.448,-957.944,-66.368,-50680,11200,-20160
14.9032,30.5939,19.6693,19.6505,14.4771,9.05483,-4.81443,-5.16633,17.7837,7.42649,7.22207,20.2873,6.17555,18.9996,3.07402,-5.32131,-93.208,-955.992,-71.736,-51520,6720,-20300
20.0695,15.6528,-6.44064,17.5181,-0.335557,3.29637,25.4497,15.6567,44.2315,-5.61314,1.69625,-8.37654,-10.9977,2.01818,40.3791,21.1859,-87.84,-951.112,-81.984,-52780,2240,-19880
9.81369,4.45908,-1.19068,17.9457,12.3356,11.5922,40.0227,21.5994,17.2141,-15.2763,-6.73769,-6.01256,-6.74975,13.5663,47.4981,33.2483,-83.936,-956.968,-82.96,-54460,-560,-19320
24.3424,-10.5546,-5.79512,-1.54671,1.76769,2.59756,28.8277,10.5759,27.497,-0.894124,0.93109,-12.3143,-9.2554,3.01077,33.9212,21.6017,-85.888,-959.896,-97.112,-55440,-2660,-18620
32.0568,-31.3085,-12.4342,-10.4808,-9.73484,-7.91765,14.5548,-2.1341,14.9188,4.09506,2.64454,-21.5838,-12.4732,-9.89658,25.9216,6.49882,-81.984,-958.432,-102.968,-54040,-2520,-17080
34.6181,-15.1386,-11.8133,-1.36513,-3.18368,-7.74289,14.6173,3.54656,12.9951,9.18914,9.22071,-10.3549,-10.8858,-16.5568,17.5837,8.40504,-75.64,-986.248,-109.312,-50960,-1540,-16240
8.23976,-44.4911,-31.3095,-39.1325,-38.8413,-23.6584,-18.0998,-7.85605,-4.07266,-9.10359,-1.88799,-33.9252,-19.5561,-45.1421,-24.003,-16.7426,-76.128,-1007.23,-116.632,-48020,280,-15680
3.81889,-35.7411,-18.4219,-39.4734,-39.3225,-14.9111,-22.4371,-4.15807,0.734096,-1.15131,3.7817,-25.32,-4.1959,-26.1091,-28.954,-15.6497,-91.744,-855.952,-104.92,-47180,1680,-14980
-9.21237,-15.6978,-6.21362,-36.3957,-21.3635,-3.17589,-17.2637,1.64208,-3.94346,-3.96362,-3.4515,-12.3187,2.50546,1.85347,-42.7661,-3.92853,-73.688,-1044.32,-152.256,-46060,5460,-14560
-15.5307,10.6543,14.4732,-16.6096,3.474,3.52374,-30.9636,-9.37148,-23.8195,1.52845,-1.04797,17.9665,11.6044,15.5464,-51.1024,-18.2111,-82.96,-918.904,-194.224,-45500,10080,-14700
-23.2412,25.4668,17.9852,13.1526,17.9255,3.74006,-26.387,-15.199,-28.8872,-2.88735,-5.41666,27.4934,10.7242,17.4361,-28.836,-21.4712,-74.176,-1026.26,-81.496,-47180,15540,-14560
-39.1526,25.8376,5.13092,34.973,24.8226,3.43902,3.69453,-6.57197,-32.8907,-19.6764,-20.1016,15.7224,-0.238154,11.6627,4.24558,-2.71804,-80.032,-1000.4,-126.88,-46620,22260,-14420
-29.2024,5.77386,-13.5103,10.037,-3.64093,-9.51352,-4.49226,-10.3301,-25.0126,-13.1562,-14.7885,-3.58853,-11.6816,-19.5593,-10.3273,-10.4878,-81.984,-959.896,-98.088,-46900,25060,-14280
9.5195,13.8068,-6.51125,-2.38518,-16.9171,-18.5852,-18.9819,-13.8111,34.6808,13.0615,8.2146,5.25624,-4.4821,-21.286,-18.5642,-19.3313,-85.4,-939.4,-122,-48300,28560,-14280
12.2953,13.9804,1.31304,12.2947,-7.47595,-11.7204,-3.59002,-6.88695,40.7709,12.8613,10.1979,4.09139,0.88871,-0.857531,21.8624,-6.01348,-88.328,-953.552,-118.584,-48860,30100,-13580
13.86,23.5601,14.0471,20.8074,16.496,10.5088,18.213,7.48287,38.5444,13.1297,10.4674,13.9129,10.8181,18.0269,34.1613,15.3838,-90.768,-956.48,-116.632,-48440,29820,-12880
-5.88463,2.12812,11.9349,11.8613,19.4903,14.0003,16.9933,4.40703,-9.7659,0.250601,-0.646723,6.28886,8.77367,17.9514,22.2788,14.9987,-101.992,-957.944,-116.144,-47180,26320,-11760
-11.9202,-25.3999,3.90256,-10.1197,9.41716,11.3448,10.1293,5.35926,-36.6274,-3.14419,-0.688122,-4.06151,6.07259,6.41066,-3.12538,10.7509,-97.112,-968.192,-123.464,-46340,21700,-11060
-4.96527,-36.3247,-9.88317,-26.8874,-14.5019,0.428494,2.39322,5.50183,1.27336,-8.4985,-2.76836,-20.45,-2.47837,-9.76195,-3.93027,3.78534,-93.208,-968.192,-135.664,-46340,14980,-10360
-9.5313,-28.6205,-10.1805,-16.7406,-14.7693,-0.853833,2.77238,7.41097,-2.70245,-10.0394,-2.89123,-20.6206,-4.31477,-9.18151,6.40106,3.229,-86.864,-967.704,-135.664,-47180,11480,-10080
-3.92378,-10.765,-2.01103,3.92317,4.23936,5.91274,14.1834,14.6082,-16.3169,6.65367,9.57347,-8.60831,1.59279,1.32952,24.1134,13.0711,-86.864,-969.656,-139.08,-46760,9100,-9660
-8.29528,-3.5062,-8.84854,8.1802,-3.28988,-2.81562,2.33617,2.44114,-12.7522,-3.7018,-2.21991,-11.3712,-6.27507,-5.17792,21.0908,3.60802,-78.568,-971.12,-144.448,-45780,8680,-9520
3.91846,23.8532,3.86814,17.3435,4.19654,3.77768,-2.04747,2.0238,3.04815,3.07773,-1.07528,9.62597,1.33321,1.99699,6.85178,2.37385,-70.76,-971.608,-146.888,-45220,9660,-9520
-5.18591,0.616077,-0.769827,-4.82971,-2.53981,2.25659,-9.2501,-1.61394,-26.9334,-4.68468,-9.19467,-2.49616,-1.57211,-4.43348,-17.3368,-2.64942,-70.272,-977.464,-145.424,-45220,12040,-9240
-6.97414,-9.67223,-11.3878,-15.9877,-9.67569,-4.8826,-11.7888,-3.37074,-8.79036,-15.7095,-12.1212,-9.62801,-9.79047,-17.4642,-20.9613,-8.14554,-69.296,-973.56,-138.592,-44660,13860,-8680
14.0703,14.4022,-6.92546,11.0024,-2.36622,-9.91388,3.69789,-2.35544,30.5831,-0.869349,-1.89735,1.65634,-8.27889,-14.4909,17.664,-3.90486,-65.88,-982.344,-148.352,-44800,14980,-7700
22.0416,3.73221,1.11632,0.644252,-3.3475,-7.10229,6.16591,-1.95161,24.587,12.4309,5.96033,1.60687,-1.88309,-4.35174,11.3078,0.180381,-65.392,-978.44,-154.208,-43260,14840,-6720
19.8948,-12.8858,5.41074,-15.6694,0.132442,5.88696,11.9631,7.09798,8.61191,13.539,6.77516,-0.787067,4.03025,4.54243,-2.49188,12.4498,-67.832,-987.224,-148.352,-41720,13720,-6020
30.162,-5.44119,12.3805,-22.8977,-4.76687,6.53163,-9.46666,-1.15706,12.83,21.7533,13.9972,10.6777,9.39132,3.69898,-28.7865,-0.0440138,-67.344,-993.568,-143.96,-39760,11620,-5180
15.0807,10.7724,22.888,-13.7677,5.50438,9.21121,-21.8539,-7.70732,-19.9564,16.8845,12.8117,26.1788,16.292,16.0285,-48.7089,-8.80361,-59.536,-993.568,-152.744,-38360,10640,-4340
-9.75698,0.0823337,17.1319,-9.8286,14.3617,15.6983,-4.3383,2.55869,-40.767,0.936776,4.52991,14.9099,14.1607,24.5552,-36.1949,4.42875,-58.56,-995.52,-163.968,-35980,10640,-3360
-31.6379,30.0005,-0.764652,52.453,29.3483,7.90851,19.9726,3.88549,-9.86461,-28.6351,-16.3248,8.31848,-1.63807,16.7937,45.5909,8.00724,-56.12,-991.128,-156.648,-32620,11480,-1960
4.71505,67.3921,3.39795,81.7549,35.484,-0.781855,25.1166,-0.133331,46.0838,-1.67893,-0.427195,25.1225,-1.21866,7.31385,67.9005,-0.330406,-55.632,-984.784,-157.136,-30800,12880,-840
10.7369,11.275,-8.51389,8.86974,-8.03778,-15.5426,-4.78013,-6.71726,37.2062,6.65997,7.53828,-2.03765,-7.68585,-12.8907,0.399739,-13.7191,-58.072,-983.808,-162.504,-28980,14140,560
5.70519,-21.1131,-8.23323,-24.0179,-23.0991,-11.2414,-12.2209,0.45154,23.5074,5.60212,7.88494,-13.6992,-3.22861,-10.2871,-13.7055,-7.74605,-64.904,-985.76,-162.504,-27580,15680,1680
-0.0491251,-11.1166,-4.48023,-9.29185,-9.7898,-3.9721,2.06813,4.52357,6.81031,0.747706,0.118303,-7.63753,-2.05203,-3.55789,4.91551,1.77243,-72.224,-983.808,-157.136,-25340,16240,2520
-18.4207,-13.3494,-2.04844,-11.3946,-0.726186,0.17869,2.02974,2.66323,-32.3664,-10.1874,-9.54712,-4.92234,-1.77075,2.02157,-7.67741,1.6451,-70.76,-989.664,-154.696,-22680,15120,3220
-14.3372,-35.6591,-8.0217,-36.1501,-14.0368,-1.91195,-4.40786,2.43446,-9.32755,-9.68764,-8.00293,-17.353,-4.72899,-2.25712,-22.1022,-1.10263,-67.832,-991.616,-155.184,-20720,13720,3220
-11.4774,-28.9243,-11.2275,-27.5994,-16.8382,-3.45099,-8.64172,-0.397415,-11.8134,-7.21919,-3.7352,-18.6146,-3.96212,-3.43323,-16.6901,-4.41023,-62.952,-992.104,-159.088,-17220,11060,3220
-5.81986,-18.0402,-3.37403,-17.3531,-9.7695,0.251637,-9.52759,-6.21419,-13.411,-0.831152,0.554179,-10.1433,2.04294,1.74657,-13.9014,-6.18741,-59.536,-981.368,-163.48,-14420,9240,3080
-16.8926,-10.6525,-1.85887,5.50346,8.46814,8.40929,13.387,5.95294,-23.5968,-10.0739,-3.68489,-8.89889,3.44261,10.0572,14.3869,11.9631,-57.096,-965.264,-153.232,-11900,7280,3080
-7.54506,-18.8252,5.12439,-22.7572,-7.07501,1.22186,-22.5612,-12.4884,-38.0735,2.39051,2.64309,-4.35315,6.13152,2.53033,-34.6169,-11.2859,-51.24,-967.216,-162.016,-10360,7420,2800
15.4076,47.5959,20.9333,27.5443,22.4836,6.82528,-3.83559,-7.60746,17.6232,13.0568,5.74184,32.9457,11.2311,15.3163,-5.97728,-1.54183,-52.704,-961.848,-154.208,-9660,7280,3080
5.45559,40.1704,1.77741,45.448,18.7318,1.45861,20.3912,4.1587,27.6742,-0.429833,-4.9189,13.8835,-4.24611,2.54643,43.6355,10.9967,-49.776,-967.216,-164.456,-8960,6720,3500
20.8133,29.2376,-0.192271,19.7467,-4.71292,-8.29517,-5.61363,-6.86454,46.6379,11.1969,1.97337,11.4153,-6.74924,-13.1274,17.4904,-9.02944,-42.456,-962.336,-146.4,-8820,6160,3920
18.6501,25.8251,0.189643,16.6632,-0.161871,-8.31459,4.95404,-0.30623,41.0359,8.98396,0.660769,11.7206,-6.77408,-6.31285,21.2236,-1.15037,-40.016,-991.128,-131.272,-10360,4900,4340
3.22461,9.8169,1.28761,14.7429,10.2249,0.0421106,19.3194,9.17992,16.5165,-3.15061,-5.72561,5.03844,-4.10572,4.55805,28.6615,13.0903,-42.456,-986.736,-128.832,-9940,1120,4620
10.023,9.99765,3.05319,10.6241,9.3339,8.70682,15.8055,13.2052,16.151,4.45408,4.97085,3.28134,3.77372,5.6816,20.773,13.8758,-42.456,-976,-151.768,-10780,-840,4340
-24.8037,-63.313,-19.2306,-43.0634,-24.8237,-0.435603,-5.7746,5.09852,-46.6905,-14.0438,-2.91531,-40.391,-5.8714,-17.057,-14.255,0.601264,-30.744,-1001.86,-353.312,-9380,840,3500
-28.6849,-68.152,-14.217,-53.1829,-24.2844,-2.39035,-10.5686,-1.43813,-56.0877,-14.7782,-5.63925,-36.527,-5.56298,-12.2907,-35.2414,-1.47889,-35.624,-889.136,-183.976,-3220,2940,3780
-13.2737,-33.161,-3.64615,-29.4292,-11.641,-3.23606,-9.64239,-8.40972,-30.7499,-8.90008,-5.26211,-15.1031,-2.96562,-4.60178,-29.0755,-4.68498,-21.96,-990.64,-254.736,-8260,7840,3080
-3.82829,-11.027,-0.32613,-4.10802,-4.57496,-6.68312,-10.1801,-11.8504,-23.9211,-2.51103,-3.28429,-2.36378,-3.64719,-9.59215,-7.46189,-11.2146,-24.4,-964.776,-203.984,-6860,14280,2800
19.1684,33.3014,4.11882,28.2233,9.29995,-4.03803,2.7193,-4.10451,28.9095,8.36781,2.05332,19.0929,-2.54689,-6.62028,17.1729,-3.43662,-28.792,-964.288,-183.976,-7980,14000,2800
7.94679,14.1358,-1.19881,1.37366,-0.385312,-3.2607,-8.67629,-2.27735,8.38254,1.07552,1.67084,8.60128,-2.12468,-7.94901,-16.4132,-4.46017,-33.672,-946.72,-277.672,-8820,15960,2520
-7.53956,-14.6138,1.72374,-13.3264,-4.75548,-1.3118,-11.7412,-2.98571,-39.381,-0.314312,3.06076,-1.07837,2.58894,-1.00322,-21.2772,-4.2603,-36.6,-961.36,-244,-8680,13860,2800
-0.239721,26.3433,13.3187,30.549,17.6725,10.8591,7.06429,8.40427,-15.905,7.32389,9.55801,17.3743,13.3623,16.6637,19.2296,7.22895,-36.6,-955.016,-204.96,-8680,11480,3220
7.84588,6.26401,4.32628,8.93535,4.74644,4.6515,-1.41382,-0.294691,-8.68228,7.43323,6.23567,2.51327,6.21935,7.00167,0.553002,-0.833351,-38.552,-949.648,-202.032,-10220,13300,2100
31.6153,28.2395,9.02304,11.9665,6.95519,4.29613,-2.87561,-2.33287,50.1824,13.566,6.63785,17.4335,5.45064,2.27504,-5.41499,-3.78056,-30.256,-957.944,-217.16,-12040,16240,980
-4.76036,9.10001,-15.1004,6.83978,-5.97319,-5.95942,8.73941,3.37739,37.8263,-19.241,-14.6121,-8.92131,-11.9823,-13.3356,11.6548,4.27215,-29.768,-958.432,-220.576,-14700,19600,-280
-9.47344,4.18241,-4.66822,-3.36105,-1.30303,-5.14985,3.29467,1.66231,2.42403,-10.9342,-9.28748,-0.691761,-5.26897,-2.66991,-8.63787,4.32732,-32.696,-946.232,-209.84,-15680,20860,-840
8.64676,10.4954,4.52915,-0.628673,3.21213,-2.28105,-2.08828,-1.44206,10.9771,7.52418,1.73984,8.94369,1.51962,1.7354,-5.11598,-1.28618,-38.064,-954.04,-210.328,-18760,22820,-1540
10.2386,1.1889,4.87066,0.262408,3.39019,-0.188117,-0.992352,-2.08624,6.0535,10.4926,3.59631,7.76325,4.18639,1.56166,8.92384,-3.14115,-50.752,-966.728,-210.816,-21840,23240,-1120
9.45821,12.4342,9.14566,5.93328,7.69357,2.79953,-0.444252,1.05396,0.718832,11.1954,5.27108,13.8371,7.90584,8.61497,0.931001,0.379647,-42.944,-971.608,-206.424,-23520,23240,-1120
-5.50338,3.3775,1.80246,8.09742,10.0749,9.72094,19.3322,16.2249,7.11251,-4.76426,0.588892,-0.732148,6.46507,16.0825,19.0774,19.087,-46.848,-965.752,-193.248,-23520,23520,-1680
-4.86691,-4.78746,-5.208,-2.99089,-0.931263,7.22776,11.259,12.2427,33.0117,-6.93528,0.954023,-10.1283,3.12652,7.63736,15.8387,10.5924,-39.528,-980.88,-201.544,-24920,22540,-2520
-5.99342,-8.10525,-4.67333,4.74761,1.04969,1.32191,10.9207,6.14482,10.7545,-0.858862,4.31057,-10.8123,0.463602,1.71456,23.127,4.49464,-48.312,-973.072,-218.624,-25340,21280,-3640
0.693904,-25.4255,-2.5911,-10.6191,-9.3888,-5.31669,-1.96631,-4.05407,-11.0928,6.93558,7.88646,-15.0814,-2.42132,-3.73606,8.28824,-7.3343,-48.312,-975.512,-219.112,-27440,20860,-4480
5.53258,-0.221993,2.06869,12.1403,2.84067,1.9903,7.19948,2.87388,6.32438,4.57403,6.53814,0.332811,0.656156,2.75584,22.2913,1.59162,-42.944,-964.776,-225.456,-27720,21000,-5320
-0.170755,-11.1265,2.60643,-13.1336,-7.29479,-0.0152276,-11.3768,-3.9669,-15.8864,3.46544,3.26914,-0.393639,0.426328,-0.0349592,-17.1252,-6.86695,-41.48,-981.856,-216.672,-28840,21280,-6300
-26.3694,-61.2492,-1.2831,-60.2866,-14.6214,3.79985,-16.3791,-2.13611,-78.1163,-7.69708,-6.72711,-18.4521,-0.548276,1.73117,-63.0849,-3.14988,-44.896,-1024.31,-196.664,-28560,22400,-7140
4.14556,13.5823,13.9115,5.9093,17.4185,12.3653,9.92675,6.52747,-8.08096,7.38264,0.531846,18.7905,7.26048,18.2785,-8.11265,10.5449,-40.504,-1032.12,-178.12,-24220,24360,-7420
2.4019,19.618,3.95781,8.84945,5.20706,5.23102,0.965815,-0.095771,19.0186,-0.536723,-4.82043,7.8859,0.657427,13.8312,0.572832,2.85847,-40.992,-1008.21,-184.464,-20160,26040,-7560
-30.207,-32.2087,6.37578,-26.6823,0.590597,15.3975,-5.26996,0.292279,-66.3119,-11.7347,-6.34268,-12.3668,7.72639,22.8216,-31.8037,4.63795,-38.064,-976,-186.416,-20300,27020,-7280
-13.9263,1.9733,8.12968,0.605637,8.54594,12.3267,0.980281,-5.5183,-18.1553,-6.34782,-7.03095,-0.392298,5.53345,14.8903,-8.13851,1.65969,-38.552,-974.536,-182.024,-23660,28560,-7000
-12.4636,38.5529,-6.42134,31.1307,8.46396,-3.66373,-5.52388,-14.4712,28.2601,-18.03,-18.9878,7.80359,-9.51748,-11.4176,7.64393,-13.4884,-40.992,-980.88,-176.168,-24780,29540,-6160
-0.913979,31.0239,-27.6334,23.2793,-19.8659,-31.7691,-29.1064,-29.4982,39.5803,-13.173,-13.5629,-2.55219,-24.3019,-52.1168,-1.54317,-37.9865,-43.92,-979.416,-180.56,-24220,29820,-4900
-2.23215,10.1859,-23.5989,15.9243,-25.3658,-30.3727,-21.9053,-21.3212,12.9732,-6.28331,-4.61528,-9.74084,-17.1658,-40.476,14.3714,-26.9681,-49.776,-975.024,-176.656,-23380,27300,-4200
19.4571,-4.37383,2.71464,-4.83719,-14.6515,-10.1233,-9.78447,-0.490937,8.04627,21.3178,22.3669,-3.56632,8.07229,-2.00315,7.79541,-3.53612,-52.704,-973.56,-173.728,-23240,24500,-3780
10.3884,-30.7496,11.0029,-20.6783,2.23326,10.748,14.6617,18.7509,-5.19191,15.3798,21.5792,-9.14537,17.0401,21.4476,12.5497,22.1536,-46.36,-972.096,-171.776,-25200,21420,-3640
3.32997,-17.0378,-5.40983,0.379216,12.5294,-5.65279,16.0894,-3.14052,1.64184,-0.360266,3.45584,-0.561644,-3.55015,-24.4874,19.7104,-1.30023,-47.824,-975.024,-165.432,-26460,21420,-3920
24.4828,32.092,-19.4535,40.0041,5.56524,-45.62,8.95963,-18.7687,33.0893,6.73401,-12.2856,21.531,-34.8633,-71.0322,26.2622,-24.0424,-49.288,-971.12,-152.256,-27020,21980,-4200
32.4211,44.6942,3.42356,27.6472,-13.7302,-25.4618,2.48287,5.73391,24.4628,15.7564,-5.35471,30.2813,-18.088,-10.9274,8.1861,-2.10134,-43.92,-1005.77,-207.4,-28980,22820,-4480
27.017,31.6187,22.2718,-10.2806,-1.29007,20.7193,7.83339,29.2932,25.0759,14.5357,20.5021,26.1616,23.8154,46.3981,-6.39902,27.4477,-42.456,-973.56,-179.096,-25900,22260,-3920
-9.81547,-0.245846,13.7072,-16.9259,15.8665,37.8457,14.4695,23.8563,-9.27599,-7.86291,9.20209,-4.55866,23.5722,46.9718,4.94158,30.7191,-39.528,-1024.31,-234.24,-27300,17920,-3080
-14.4382,-16.0301,10.0141,-19.9572,14.2742,32.5225,0.770031,11.0149,-13.8383,-1.90559,-1.06524,-11.1772,9.42904,25.1803,-27.3228,14.8559,-36.112,-985.76,-193.736,-22260,16940,-2240
-13.9019,-17.0428,2.00539,1.81013,13.9344,14.9773,7.88067,5.21144,-24.0509,-5.0241,-9.01552,-8.15226,-2.95283,9.46782,-8.83314,8.59478,-33.672,-965.264,-165.432,-19600,11480,-1820
-3.34863,-2.37429,-4.69607,21.1353,8.62036,2.15592,14.7122,1.55982,9.71772,-10.9811,-5.36624,-9.17069,-2.24718,8.08343,30.6688,7.54001,-26.352,-1021.87,-244,-18200,5600,-1540
-4.20498,-24.0999,-7.50804,-17.8845,-11.2988,-2.18765,-1.5928,1.46631,11.2387,-8.92624,0.408166,-22.3548,1.66065,2.34048,0.074038,3.84994,-20.496,-975.512,-196.664,-16520,4340,-1540
-22.1579,-64.3172,-7.9368,-54.9135,-26.6997,2.29186,-16.5084,1.65855,-29.4591,-8.95948,3.09352,-41.8566,5.20935,0.982661,-30.1017,-0.0849471,-28.304,-972.584,-185.44,-15400,2240,-1960
-38.6571,-80.3622,2.11421,-68.884,-20.4823,12.9335,-27.847,-6.11871,-85.6153,-10.5576,-2.7048,-33.1489,12.4231,8.12146,-64.4386,-6.4747,-24.4,-1003.82,-210.816,-15960,2520,-2240
-26.1863,-35.0791,11.8532,-14.075,14.0751,16.8461,-3.46022,-4.55542,-85.9479,-5.07784,-5.58624,-1.92033,11.7696,16.4408,-24.7521,1.72659,-28.792,-963.8,-171.288,-14980,4760,-3080
16.7435,29.3296,-6.67894,39.5928,15.3438,-19.1885,-3.59206,-20.5164,3.42339,3.75874,-20.8409,26.0102,-28.9456,-41.6019,14.3844,-24.5196,-25.376,-1008.7,-236.192,-15960,6720,-4060
56.7003,103.893,-22.1844,81.0294,0.670025,-55.281,-5.32837,-20.9283,118.204,10.8033,-16.6613,50.7597,-46.3748,-76.9173,44.1891,-36.9699,-25.864,-987.224,-212.28,-14000,8540,-4060
22.4511,66.8253,-20.9829,45.2091,-13.671,-41.371,3.67205,-2.67024,74.2975,-8.81183,-4.39426,21.0199,-15.5257,-24.2453,35.5647,-6.13275,-33.672,-955.016,-185.44,-12600,10360,-4480
4.63643,26.6314,3.40922,3.40718,-6.09011,7.20027,8.14926,10.5909,24.7706,-1.91045,9.10864,3.80125,17.9338,26.2587,12.3684,14.2342,-34.648,-1003.33,-223.016,-15120,11620,-4760
0.614458,23.4947,14.5657,3.17863,11.0986,27.4773,4.73613,8.96894,19.8323,7.56505,9.86316,6.41383,23.4543,23.7964,0.968778,10.0572,-41.48,-954.528,-169.824,-13020,15540,-4760
-7.9081,1.89268,3.39582,8.10196,4.51766,22.0479,5.92038,8.05539,-7.02865,3.617,4.0525,0.401688,7.3363,-0.730308,4.35983,6.05297,-41.968,-1019.43,-266.936,-16940,16380,-4900
5.13807,4.98877,21.6197,13.5934,17.5721,17.0575,20.0353,13.8957,-10.9299,20.1906,25.3527,13.8115,20.3745,32.1491,18.6938,21.5561,-52.704,-962.824,-159.576,-14000,19460,-4340
-4.0502,-37.4749,25.4931,-24.9479,18.7259,11.9578,21.0462,9.58774,-35.8506,19.0688,27.6998,-3.01508,23.3085,47.3501,-0.752108,25.853,-51.24,-997.472,-230.824,-19040,22260,-4900
3.39605,-18.6783,15.172,-18.6957,15.1601,9.82889,13.688,4.9177,14.0599,12.181,8.44544,-1.77715,8.67932,24.5077,-2.51303,12.2233,-54.656,-974.048,-158.112,-16660,24220,-4340
-9.40609,-40.9457,6.31216,-22.0618,6.37425,7.49254,-5.80435,-11.4344,-35.328,0.418576,-11.4875,-7.73944,3.90325,4.76028,-17.4272,-11.1018,-54.656,-971.608,-178.608,-18620,22120,-4200
-25.2697,-45.2516,-10.33,-24.4805,-11.5024,-6.16628,-17.7122,-20.6657,-56.3169,-22.0064,-23.2077,-18.6688,-9.2832,-15.0291,-25.585,-23.4484,-61,-996.008,-187.392,-17920,19600,-3080
-13.5936,2.64889,-15.1945,-3.31821,-22.0727,-8.71138,-21.3136,-8.8026,5.25732,-16.7511,-11.9341,-11.262,-12.0538,-20.5677,-10.836,-18.2129,-67.832,-975.512,-163.968,-19600,17360,-2800
-5.71656,9.95582,-21.5255,7.41489,-25.533,-14.8691,-25.1182,-12.3396,19.2015,-9.39148,-0.933468,-14.0157,-12.1867,-29.4208,7.70989,-25.6431,-67.344,-1002.35,-178.608,-23940,12740,-2520
-8.33488,4.43834,-11.7874,-5.31447,-16.6485,-8.94973,-19.3505,-8.21752,-3.57381,-9.59783,-0.405154,-9.56316,-5.74874,-7.84423,-11.9461,-14.9813,-70.272,-992.592,-163.48,-23240,10780,-2800
-1.7967,6.41194,-2.06415,2.84467,-0.969221,0.784168,2.84441,2.86993,2.04528,-1.4457,6.10758,-4.45913,0.107542,6.30949,0.734773,5.28377,-62.464,-1045.78,-243.512,-22540,4480,-2520
14.4885,8.19793,-8.84267,2.21046,-3.89406,-17.6196,-0.124152,-5.9523,24.8793,8.43843,11.6466,-0.978065,-11.1736,-20.1028,-4.25546,-4.39106,-57.096,-997.472,-195.688,-20020,700,-3080
18.0062,2.43287,2.15237,-10.6701,-5.2078,-1.4949,-2.23987,10.2682,9.17489,18.9334,15.483,4.063,1.66718,-8.26868,-19.5744,8.42163,-48.8,-999.424,-199.592,-20440,-2660,-3780
-3.70896,-20.5965,5.97896,-21.8251,-5.37628,13.3171,2.80989,15.3402,-34.0581,4.08695,-6.05998,-6.68739,4.23823,8.63603,-18.9353,17.9579,-42.456,-1000.89,-206.424,-20860,-3780,-4620
14.3171,5.43701,7.37516,5.32651,7.96194,7.79257,12.919,13.0659,8.92284,4.9602,-10.5165,10.2024,-2.99289,13.8952,12.2,14.0157,-33.184,-996.984,-215.696,-17500,-3780,-4620
3.95827,7.32609,6.74578,6.8171,11.0542,5.2342,4.86131,2.60808,3.99005,-6.30831,-7.30462,11.978,0.325217,17.2248,9.92195,1.8748,-32.696,-983.32,-213.744,-14980,-4200,-4620
-18.1677,-8.85654,6.76025,-11.2994,9.79884,11.1299,-1.50975,2.26419,-24.6315,-15.4539,-13.4404,3.52123,3.21064,17.6885,-15.0395,3.35452,-23.424,-977.952,-212.28,-16240,-1260,-5180
-16.3678,-12.1571,-0.317721,-11.5992,6.63607,12.6462,2.03226,9.65941,-10.5318,-16.42,-14.5658,-5.48074,-0.311927,13.0091,-12.688,10.8639,-21.96,-977.952,-209.352,-16520,0,-4620
-13.3472,-18.8096,-7.00374,-11.7236,2.51788,7.68697,5.18253,7.68103,-15.6749,-14.5405,-4.12657,-9.39254,-0.305989,-1.7562,-10.1923,8.74722,-23.912,-975.512,-216.672,-17500,3360,-4200
-18.8103,-6.87862,-18.7497,11.1486,-3.68666,-9.64482,4.75931,-8.56955,-3.47312,-21.659,-18.2325,-12.0015,-19.1826,-26.8175,28.1178,-12.2077,-30.256,-979.416,-203.008,-19040,5320,-3640
1.31443,33.8164,-20.5747,55.334,7.10478,-40.0967,4.01355,-30.9599,5.28936,-5.96384,-19.8967,14.6591,-32.3676,-59.0743,50.1867,-33.54,-32.208,-984.784,-183,-21140,7420,-2940
51.6275,92.2464,-2.00377,87.2177,14.2773,-52.6849,4.84826,-27.0128,72.0824,27.8322,9.53695,48.8634,-11.4662,-37.1466,57.2428,-23.5977,-37.088,-1006.26,-176.656,-23100,8680,-2660
45.3248,52.21,12.5055,24.3865,-10.5736,-4.05596,4.35636,14.6415,63.3006,36.9642,42.0739,21.1943,22.9899,7.5358,16.9682,12.137,-46.848,-1008.7,-162.504,-24220,10220,-2380
8.59253,-10.4522,17.3736,-37.9596,-10.9745,23.6193,-0.51943,22.3055,8.08089,24.7343,36.9266,-9.43185,31.76,26.6066,-27.4716,20.8377,-50.264,-1024.8,-173.24,-24780,10220,-2800
-19.4544,-43.6582,10.4684,-41.886,6.63529,27.0662,13.11,21.9554,-34.6606,2.44171,11.5394,-20.1908,16.7675,26.0186,-22.8379,26.1513,-57.096,-1007.72,-179.096,-23660,9240,-3640
-8.07393,-23.4742,-7.52568,-7.29296,5.33605,0.565014,15.4797,6.38704,-10.0034,-3.59675,-6.717,-13.0744,-12.9774,-15.5169,11.6064,9.73215,-60.512,-1000.4,-184.952,-24640,6580,-4480
32.1648,20.6921,0.124126,36.3022,6.89083,-19.3808,8.62404,-17.3895,44.366,14.8208,-11.8927,13.0763,-16.3028,-15.8752,47.2911,-13.7773,-59.536,-995.52,-181.536,-24920,4900,-5600
40.3971,35.8524,20.05,32.7072,11.545,4.11337,1.75079,-5.41888,39.5802,14.0114,-2.25329,30.578,11.4376,22.3595,19.3515,-3.40764,-58.56,-991.128,-184.464,-26880,2520,-7140
6.26935,3.05509,12.5567,-22.3453,-3.76661,18.1723,-19.477,-0.123403,12.7238,-10.0233,0.807254,6.43159,20.5696,28.6549,-33.8495,-1.88204,-50.752,-999.424,-194.712,-28000,280,-7560
-45.7576,-52.7491,-3.45199,-52.5889,-14.0194,19.9364,-13.9342,4.74098,-54.5967,-22.5109,-3.52036,-33.3295,8.88893,14.2376,-39.7799,3.55753,-52.216,-1000.4,-199.104,-27580,-1400,-7980
-44.96,-38.2227,-1.13227,-18.998,4.40866,18.8509,6.92409,11.9162,-58.3101,-17.6023,-7.45934,-23.2448,-0.989458,16.644,-12.7377,18.9308,-51.728,-997.96,-203.496,-26180,-4620,-8260
-11.4253,-7.11666,0.175389,1.49924,8.58594,11.9243,8.12362,5.12896,-18.9621,-5.42442,0.779171,-0.672067,1.20003,13.4228,-2.95105,13.574,-46.36,-996.008,-210.328,-25200,-7280,-8680
0.744124,7.69424,11.7459,9.13376,14.3638,11.1452,3.61061,-3.30049,-22.5552,7.68092,10.5279,10.8983,11.2095,17.5407,-1.06015,3.04154,-41.48,-1001.38,-215.208,-23800,-10920,-8960
5.44074,17.8188,12.1423,20.1814,15.7764,5.22114,4.45383,-8.51246,0.88275,10.7928,8.20345,12.3754,8.80414,12.0677,10.3023,-3.13611,-35.624,-1003.82,-216.672,-22820,-13580,-9240
-13.7219,-6.33047,-25.3216,-3.61134,-18.5432,-25.9093,-22.4083,-19.2674,0.659412,-12.5082,-9.15846,-12.9672,-19.7492,-41.225,-20.2929,-27.3813,-28.792,-998.448,-210.816,-21700,-14980,-9240
-39.8528,-40.9397,-60.698,-31.1935,-53.5142,-54.5385,-36.3767,-15.8,-34.3093,-32.4271,-13.4406,-46.6271,-41.8813,-83.7992,-33.4599,-36.4093,-24.4,-990.64,-211.792,-19600,-15540,-8960
-34.4555,-64.3268,-22.9767,-63.0223,-58.0673,-18.3119,-28.8478,3.9313,-44.1973,-16.304,1.82373,-51.8006,-5.98278,-11.299,-39.4913,-12.4005,-19.52,-978.44,-199.592,-18620,-14700,-8680
1.2622,-31.135,30.2559,-45.6289,-1.26709,35.2501,-4.51401,15.9632,-11.162,12.4913,8.78228,-0.869267,22.819,44.2969,-31.9767,11.4498,-17.568,-964.288,-193.736,-18620,-12460,-7980
4.24189,-9.63533,18.5924,-1.00302,26.71,25.1648,2.25203,-3.88043,2.19823,1.90857,4.10116,13.4036,19.5284,29.8862,7.2431,-3.79494,-18.056,-965.752,-190.32,-19600,-9940,-6860
-7.96858,-3.11185,12.9017,15.3796,18.0308,13.621,-12.8531,-14.1828,-33.2643,-3.19966,1.07904,10.1711,17.6642,20.4248,-7.10645,-14.2349,-17.08,-969.656,-189.344,-21000,-7980,-6300
-4.09277,20.6984,7.52956,8.1836,-0.650828,4.89052,-20.3234,-13.8836,9.06899,-4.08717,-14.1539,5.77535,3.39063,2.95991,-17.5089,-13.3913,-21.96,-973.072,-190.32,-22400,-5460,-5460
12.8056,17.3887,4.1678,-16.3183,-16.6898,5.09936,-21.0489,-15.2563,39.8066,1.4178,-11.3531,4.27434,1.39669,0.30049,-30.0421,-8.52012,-28.304,-973.56,-194.224,-22400,-3920,-4760
3.9715,-4.70147,8.85946,-14.5093,1.89161,20.9701,6.18193,2.31546,-0.132251,-2.2732,-1.47086,1.72796,13.2643,27.2177,-11.3233,17.6948,-32.208,-979.416,-192.272,-22540,-1820,-4340
27.7076,13.1198,19.378,11.7836,28.4123,18.1954,25.8535,7.84056,20.5993,23.796,2.10612,20.8139,4.66593,19.5266,19.9023,17.7534,-38.552,-982.344,-204.96,-21840,560,-3920
75.392,88.9059,-14.8366,105.581,59.2697,-69.3189,53.8789,-13.7203,71.7318,46.4174,-38.227,72.523,-82.0674,-102.033,85.7868,-7.47651,-40.992,-983.808,-209.352,-21140,2100,-3780
104.902,142.908,-36.5805,153.89,35.0947,-97.1646,67.8986,18.64,126.272,28.4762,-29.4622,92.8728,-83.1182,-93.2755,128.906,13.4946,-40.504,-985.272,-208.376,-20860,3780,-3640
67.0455,100.666,-25.3817,69.6678,-24.7336,-47.3774,36.1881,38.9894,110.497,-3.80318,20.7608,38.3244,-12.3823,-11.6819,81.2225,28.2968,-46.36,-983.32,-212.768,-20440,4620,-3640
-12.5045,25.0643,10.4853,-15.7729,-6.49081,26.4983,21.9849,39.1155,35.2588,-4.74377,46.3091,-26.5682,42.1025,42.7882,35.9794,30.0044,-49.776,-981.856,-210.816,-19600,5040,-3780
-55.4797,-36.0672,26.5064,-39.6373,3.4038,67.5047,4.8275,34.4758,-30.8784,-7.5128,26.1294,-51.4267,50.7803,61.5421,-7.2758,29.4504,-46.36,-984.296,-213.256,-18480,4620,-3640
-92.7905,-114.878,2.88482,-61.1868,-11.3327,55.8308,-11.0012,16.193,-117.326,-41.538,-4.43866,-66.7554,29.0841,46.8381,-39.2036,17.2848,-48.312,-974.048,-210.816,-17640,3780,-3640
-81.8721,-112.149,-4.65638,-68.6363,-9.54449,26.9111,-22.3021,-11.5282,-127.815,-37.4736,-11.4386,-56.6687,11.5675,27.2187,-54.6883,-5.92021,-47.824,-970.144,-213.256,-17080,2800,-3780
-52.1751,-67.6919,2.88787,-47.7357,-3.85151,13.1676,-25.0748,-23.0397,-98.6576,-18.7493,-5.96302,-33.1138,11.5214,16.1343,-54.9823,-12.4408,-47.336,-970.632,-210.816,-17360,2240,-3640
-12.933,-38.1424,8.37224,-53.1833,-17.1849,8.59526,-40.3998,-28.6249,-34.7045,2.39531,18.1208,-15.8574,23.5558,5.01483,-78.2962,-24.1371,-45.384,-969.656,-215.208,-17360,2100,-3500
-6.42318,-36.2765,-11.4674,-36.9854,-22.3145,-18.3943,-32.0082,-36.2372,-11.8193,5.04284,10.3219,-19.6841,-1.44059,-34.1609,-38.1297,-33.5881,-40.992,-975.024,-214.72,-17080,1960,-2940
26.9913,15.0576,5.79862,22.8256,2.39856,-12.4824,2.25845,-11.0635,18.7606,28.3426,-17.9257,24.2791,-30.5067,-20.81,17.1158,-9.58579,-42.944,-974.048,-217.648,-16100,1680,-2800
66.4503,51.884,25.1174,32.4384,26.3825,5.68181,22.3792,17.725,64.763,33.8078,-17.0229,61.7216,-12.0444,20.1948,22.627,18.9374,-40.992,-973.072,-219.112,-14980,280,-2380
34.8618,31.6709,-5.43118,14.0851,11.9056,-9.29344,-1.58025,-12.305,40.9691,-2.43949,-10.2817,33.7537,-3.12386,-20.7564,5.40001,-16.5291,-38.552,-973.56,-219.112,-13860,-420,-2100
1.10507,41.2487,-37.2394,44.8923,-11.36,-55.4005,-13.574,-31.8673,34.8177,-15.8008,-6.19536,-2.58158,-30.4114,-76.076,26.1601,-41.9326,-36.6,-974.048,-215.696,-13020,-1400,-1680
-15.2815,1.90307,-29.9921,4.11693,-40.1423,-48.2942,-26.8326,-11.1059,6.27031,-9.52426,14.5183,-27.3759,-15.7057,-39.9493,2.30703,-23.7131,-34.648,-979.416,-216.184,-12460,-2240,-1540
10.5793,4.92025,14.9992,-11.5858,-21.0865,10.6116,-11.2247,9.77621,22.9713,19.126,38.615,-5.32535,28.975,28.5103,-1.22159,4.38172,-35.136,-979.904,-221.064,-11200,-2800,-1120
14.0329,20.6911,25.7233,15.6639,30.7718,30.8025,20.7598,18.8777,26.9051,20.006,15.4128,16.0088,23.5411,26.424,21.2866,23.038,-32.208,-981.856,-223.016,-9520,-3780,-700
9.19999,23.1755,-9.68039,26.7636,0.422782,-6.61692,-2.0197,-1.44301,11.8756,-6.74609,-37.7193,15.4558,-33.1309,-28.0829,2.89376,-2.82232,-32.696,-979.416,-223.992,-8260,-5040,-280
-20.0037,-22.9322,-20.4849,-14.7412,-24.2658,-6.39351,-1.8595,13.5607,-44.1696,-22.9769,0.449523,-12.8664,-3.2439,0.616375,-13.9852,7.74792,-33.672,-977.464,-232.288,-6720,-5460,140
-35.5269,-34.397,2.99081,-38.7452,-3.22688,18.785,5.74772,14.42,-55.6609,-11.1163,19.9717,-28.6218,28.0045,30.4715,-15.1131,16.5723,-34.16,-970.632,-229.848,-5180,-6300,420
-3.62318,-13.4669,31.4179,-10.6756,24.0737,37.408,17.1006,8.37887,-15.768,18.5664,33.5757,-3.34412,41.2269,43.6682,3.00291,22.0567,-34.648,-967.704,-225.944,-3780,-6720,280
6.71399,-13.2131,30.8056,-3.40228,23.7903,23.005,9.66546,-11.6242,-5.56187,16.5014,10.9304,8.80892,23.6979,36.5035,-6.96563,9.25228,-33.184,-962.336,-224.48,-3220,-6860,140
7.55669,11.6984,21.2652,7.93368,23.9748,7.54686,5.74522,-11.5525,4.09226,1.89036,-9.05039,19.5301,8.97435,24.7754,-11.7643,-0.0629979,-31.232,-962.336,-219.112,-3500,-6720,0
17.2861,21.2855,1.77221,11.7643,8.05808,-10.7089,-8.91818,-9.95229,15.3179,7.55328,-24.1146,23.3948,-14.972,-23.0101,-13.07,-19.2309,-30.744,-967.216,-223.992,-3640,-5880,-140
30.2872,26.4789,-27.2916,20.2318,-18.1931,-37.0772,-11.7703,-10.3674,44.2027,-2.65681,-43.697,15.8871,-48.7144,-53.3082,13.9091,-26.2548,-34.648,-971.12,-223.504,-3500,-5460,140
9.95165,10.1825,-19.9373,-7.25243,-18.1572,-11.1702,-2.96696,9.82709,35.0807,-21.277,-6.53408,1.11627,-11.1512,0.762083,7.52407,2.11164,-33.184,-972.584,-226.432,-2800,-5460,420
0.802228,14.623,12.7234,2.65637,10.7876,22.5889,9.26849,22.8406,22.2088,4.6595,-5.59144,-2.13776,-2.19606,30.2681,22.6326,17.8085,-34.16,-971.608,-227.896,-2100,-5740,840
6.25821,-15.1609,1.03178,-10.9005,6.42998,12.3984,-1.45454,6.74276,-5.49874,5.07992,-2.69446,-2.36558,-8.44809,9.75089,-6.34907,5.71169,-33.672,-974.536,-227.896,-1400,-6020,980
-0.54461,-9.05072,-12.5554,-6.33843,0.549884,-0.329295,1.25849,5.6063,-5.61093,-5.38335,-7.85358,0.163744,-10.7993,-7.00615,-14.052,7.69187,-32.696,-969.168,-229.36,-1120,-6580,1260
-31.7258,-17.5695,-27.8101,-10.6241,-11.7811,-14.2771,5.45461,7.98566,-33.2245,-25.5071,-15.5865,-26.079,-20.2085,-20.2524,-6.57796,7.72594,-34.648,-974.536,-225.456,-420,-6580,1400
-32.4173,-18.1034,-17.5881,-1.34534,-6.5611,1.46762,7.35165,6.8516,-41.4581,-24.4881,-1.16489,-24.6017,5.66258,-5.37659,3.16962,7.0956,-32.696,-974.536,-230.336,560,-5880,1540
-24.5059,-14.8072,8.89556,15.4146,10.071,20.2727,21.0248,9.01268,-43.5352,-5.72086,6.45648,-13.8391,18.8875,15.4774,25.2972,14.991,-31.72,-972.584,-231.8,1400,-4620,1680
-21.0691,-18.4791,5.77158,3.5388,4.25695,3.48673,10.6389,-0.811488,-24.2071,-3.45371,2.8937,-10.2576,1.82157,2.67856,10.7936,6.65964,-29.28,-971.12,-238.144,2100,-3220,2100
-20.1055,-6.09977,3.51042,-7.23689,-2.68077,2.64081,-2.02307,4.45592,-16.3094,-5.73138,-0.37529,0.682963,2.63145,9.03261,-12.9746,5.18708,-28.792,-973.56,-239.12,3220,-1680,2660
-13.5446,-3.888,-8.1503,1.54226,6.61395,-11.9393,3.25748,-11.5617,-28.5556,-4.76481,3.37311,-1.1789,-1.86597,-26.8383,1.82142,-6.57035,-28.792,-973.56,-241.072,4060,-560,3360
16.3145,29.6994,-6.20723,37.491,9.56727,-39.5227,2.99509,-28.8793,22.1947,14.3952,13.6198,13.0135,-6.09807,-48.4804,30.0325,-26.7732,-31.72,-976,-247.904,5740,560,4340
47.1024,54.1789,18.5838,41.5831,-15.182,-15.8493,-5.49175,-7.82343,72.2696,37.2088,27.598,25.5709,9.7751,2.60218,22.0097,-10.6573,-33.184,-972.096,-249.368,7700,1540,5180
31.293,1.93213,21.4461,-22.1534,-15.1537,14.9975,-6.6551,13.9887,40.2208,28.2235,29.1163,6.55779,21.3236,29.3153,-3.63473,12.0994,-36.6,-970.144,-251.808,8820,2100,5880
13.8121,-33.5281,22.6424,-61.0631,1.71184,34.4835,1.81406,23.4727,10.3069,18.7512,19.5324,0.404418,24.2156,38.762,-28.525,23.3442,-40.504,-967.704,-254.736,10640,2940,6440
1.7577,-31.6777,11.8494,-35.0543,2.87654,29.007,1.06611,13.7682,6.38208,1.41019,-8.37452,-7.94871,9.58408,31.8249,-16.6294,13.5178,-40.016,-966.728,-253.76,11900,3780,6860
-27.0138,-38.7749,-11.9343,-28.4319,-5.62808,8.52538,-15.293,-10.4878,-26.696,-31.1501,-28.7843,-22.8303,-8.65418,5.61197,-22.9022,-11.6183,-41.968,-959.896,-244,12880,5320,7000
-22.3012,-7.54006,-13.7362,5.78429,7.00912,-9.93505,-15.2666,-24.0078,-17.6056,-29.9657,-23.1278,-8.33709,-11.6959,-10.3263,-2.73243,-24.7042,-43.432,-960.872,-243.512,13020,7700,6860
6.36599,26.0393,-3.84699,32.893,11.1071,-25.3445,-16.6973,-29.3203,12.2016,0.582066,0.887572,13.063,-7.73904,-19.0618,4.72394,-34.8283,-44.408,-962.824,-242.536,12880,9240,7140
38.4984,50.7002,25.0773,24.8568,3.57005,10.0535,-13.9412,-0.389831,49.3824,34.4258,30.1996,31.0972,21.6145,18.9154,-14.1945,-2.87609,-43.92,-965.264,-241.56,12740,10920,7140
-1.20435,-9.21249,7.41935,-14.5817,-3.24574,7.45402,-4.45694,-1.84751,-25.4636,7.20226,1.26849,-2.37914,4.07305,9.61296,-17.3411,7.60305,-40.504,-966.24,-238.632,12740,12040,7420
-15.3753,11.8157,-29.9437,25.411,8.35634,-25.5926,3.81345,-13.9855,-34.5633,-20.6683,-37.5797,3.46491,-41.8972,-51.4997,14.6435,-17.3043,-41.968,-966.728,-236.192,13160,12740,7560
10.2889,52.0157,-38.6766,65.1925,-7.64058,-50.8234,-16.9611,-31.7648,19.346,-14.8379,-26.0138,16.5054,-39.5442,-69.9207,34.8444,-46.0995,-39.528,-969.656,-230.336,12880,12740,7840
7.38906,22.1236,-36.5731,25.6409,-37.2574,-50.3331,-20.0561,-23.4319,12.6089,-3.23997,1.82174,-8.12376,-28.2402,-71.7401,13.754,-36.8698,-38.064,-973.072,-226.432,12320,12320,7980
12.5121,9.90756,-3.23068,-22.5403,-30.0641,-20.0377,-1.85649,23.9307,28.7448,11.5457,24.3474,-8.56804,1.12667,-6.54463,-11.9825,14.4847,-38.552,-973.56,-218.136,11480,12040,8260
12.6031,-28.2149,35.6077,-52.339,3.25884,41.7331,22.2783,47.3836,5.71481,25.6732,42.2888,-3.08312,45.0602,68.9909,-16.7823,55.4152,-33.184,-977.464,-221.552,10780,11620,8400
-18.5294,-55.4571,29.6913,-51.7095,16.9956,64.6649,26.2397,33.3809,-29.7852,4.52952,14.5179,-18.6756,45.5021,71.5966,-13.2919,50.4547,-36.112,-978.928,-213.744,10080,10780,8820
-29.0866,-44.2577,5.81119,-29.595,13.736,36.8407,11.8981,7.54388,-30.9694,-16.6468,-14.4005,-22.195,19.4308,30.5648,-18.2788,18.3603,-33.672,-976.976,-203.496,8820,10080,9100
-34.0744,-33.8623,-18.3814,-16.4745,-4.5152,-1.83173,-8.4427,-10.1146,-52.6197,-29.5464,-28.2309,-21.1474,-15.2079,-25.7237,-27.4888,-14.953,-34.16,-981.368,-204.96,7840,9520,8820
-4.09838,6.97359,5.61033,12.9633,7.31121,-1.69874,6.89218,4.59568,-25.5634,-0.694655,-10.2963,11.2053,-6.68459,6.1115,0.551714,3.38063,-33.184,-989.176,-203.008,6300,9100,8960
26.2461,16.8493,18.0665,10.0684,17.6538,10.3725,18.1855,9.3257,20.8363,15.8326,8.32769,25.1221,6.43454,29.3681,7.64041,18.9851,-31.72,-991.128,-210.328,5880,8680,8960
32.9695,54.9416,-5.23497,56.3272,32.2356,-23.9236,17.6009,-14.4695,50.8191,12.542,8.09424,32.653,-16.9302,-34.0449,42.7789,-8.40983,-30.256,-989.664,-214.232,6580,8120,9240
19.9411,59.3871,-23.8759,74.3653,6.85407,-56.29,7.07977,-23.3496,48.8112,6.11402,5.99132,20.2976,-33.975,-68.7725,55.7385,-25.9316,-29.768,-989.176,-211.792,7000,8120,9520
5.14073,13.5315,3.97944,32.4659,-12.4763,-16.6706,19.5704,11.1156,5.27962,14.0325,-0.189123,3.38508,-9.55037,3.25099,52.7247,11.9039,-28.792,-990.64,-216.672,8120,8260,9940
15.1256,-10.7008,28.814,-20.6828,-0.304035,39.7099,18.9061,36.5944,-1.47136,24.7726,-4.2081,6.32257,15.5328,51.9999,15.399,34.9603,-33.672,-987.712,-221.552,9660,7840,10780
9.39369,-23.2688,14.7111,-47.8521,1.59231,41.0498,-7.54081,17.2092,18.8954,-6.66032,-12.1142,0.351724,14.8979,43.976,-30.7369,13.9693,-35.136,-985.272,-224.48,10920,7560,11340
-16.367,-6.13859,-0.491137,-19.3924,8.0057,25.1281,-11.1865,-1.16883,10.6593,-29.9133,-18.1635,-5.10319,4.66934,24.6166,-24.3679,-0.699376,-33.672,-980.392,-218.624,12180,6580,12040
-35.879,-22.5938,-13.5574,-20.6194,-7.73934,6.80574,-16.6551,-9.75537,-11.5094,-31.6058,-10.7575,-25.4286,-2.32749,-2.48774,-28.4697,-10.5429,-33.184,-977.952,-220.088,12880,5880,12740
-40.4008,-26.6263,-15.1683,-1.01601,-10.1929,-7.7338,-11.1869,-15.2947,-39.0776,-21.4773,-0.342052,-27.024,-2.59757,-13.7143,-8.08665,-13.5017,-31.72,-972.584,-218.136,13860,5320,13300
-27.3884,-27.6305,-12.9022,-15.5548,-21.108,-14.189,-19.3804,-12.2591,-33.1489,-8.47729,4.32736,-24.6216,0.671408,-19.1943,-20.61,-18.2903,-34.16,-972.096,-220.576,14280,4760,13860
-2.98196,-10.2775,-0.117013,-15.2194,-15.7655,-10.3406,-22.2318,-13.4241,-8.97251,5.75063,3.82797,-7.74603,4.91661,-9.95601,-22.1503,-21.1815,-29.768,-968.68,-219.112,14980,4620,14000
-3.2103,-4.85893,6.37659,-18.5645,-3.55778,-5.86775,-20.0061,-14.1019,-36.1646,4.67396,6.78045,5.06877,7.41592,-4.46675,-38.9941,-16.2738,-25.376,-966.728,-220.088,15540,5320,14560
2.60718,16.5686,8.09026,3.3291,5.93121,-2.77659,-2.37565,-1.06873,-8.41561,7.82455,16.2261,14.3711,8.28834,-2.19244,-14.5436,-0.998329,-21.96,-967.216,-221.552,16100,6720,14840
-3.25552,7.26216,-5.11026,15.1457,-3.23252,-9.6554,4.40094,-3.51093,7.33707,2.2176,9.6662,-3.34556,-1.94711,-9.25489,24.8975,-1.53895,-21.96,-962.824,-217.648,16940,8120,15120
0.00746481,-9.69035,-4.68507,5.7132,-2.46572,-4.62473,7.21796,-1.55604,-3.94656,7.78034,6.14711,-8.7287,0.539625,-11.5,24.4672,0.773319,-22.936,-965.752,-217.648,17500,10360,15680
13.3073,4.24569,-1.72667,11.2783,0.774537,-9.58521,3.28809,-9.07985,9.98238,6.73837,-2.52852,2.61914,-2.52714,-9.49443,15.6573,-3.00485,-25.376,-964.288,-219.112,18060,12600,16240
20.0399,23.9319,7.59255,24.12,15.0013,-2.55653,17.1084,2.74527,19.7704,7.85602,0.675206,18.0608,-0.271675,4.90793,25.6897,10.2602,-28.304,-967.216,-220.576,18900,14700,16800
31.1248,27.51,15.7485,22.9707,20.2649,5.08187,25.8646,17.8413,31.292,20.7966,-10.9712,27.1698,-13.0417,12.5822,29.3216,21.8919,-30.744,-972.096,-224.48,20160,16940,17500
41.4006,27.8443,12.6029,16.0783,20.1524,12.0206,21.6716,22.7025,45.0183,15.9847,-5.67456,32.865,-7.84521,19.6296,20.8009,22.8246,-37.576,-969.656,-231.8,21280,18620,17920
12.2972,18.8089,-8.75133,6.94673,5.83262,5.85436,0.266159,8.03105,20.9962,-6.90463,-0.557615,10.845,0.119239,1.62619,-0.34917,2.38214,-44.408,-973.072,-227.896,23100,20300,18480
-17.3998,-26.8634,-22.6224,-30.5365,-25.1443,-10.9559,-27.5914,-12.97,-8.57975,-17.2596,-1.60485,-32.5497,-4.44938,-21.2259,-33.2658,-21.8343,-47.824,-971.12,-232.288,23940,21840,18620
-16.1102,-33.3903,-10.3668,-26.2121,-22.2727,-8.36301,-22.2899,-12.8164,-15.6323,-9.91258,2.70589,-30.8403,-0.7605,-11.5006,-25.6586,-17.1142,-52.216,-972.096,-234.24,25480,23380,19320
-3.63781,-13.723,5.1265,-3.21908,-0.951036,4.81027,-2.64037,1.61994,-23.1628,2.98335,3.59737,-6.21077,6.03821,9.12071,-8.63927,2.418,-55.632,-972.096,-237.656,26460,24920,19460
-11.7736,-14.062,1.21175,-11.807,-3.39637,1.79364,-9.97979,-2.75497,-33.2484,-2.559,0.409661,-5.28003,3.60866,3.56185,-18.0666,-2.04693,-57.584,-966.728,-239.608,27440,26180,19600
-11.0997,-5.79601,1.04667,-8.54876,-0.348907,3.34269,-3.52968,2.2124,-11.8831,0.321759,3.25546,-1.6405,3.68002,-0.587626,-11.3946,0.0706876,-59.536,-970.144,-241.56,28000,27160,20020
-2.49871,8.45202,-1.74053,2.31141,1.75619,1.03055,4.38461,3.96735,7.92507,-5.56142,-1.41977,1.30786,-0.910385,-2.42513,3.51903,1.36271,-53.192,-966.728,-244.976,28980,28420,20160
0.52335,13.2012,6.76461,11.1825,10.1707,8.07646,9.09941,5.17074,-11.3523,0.554401,-0.949747,10.7541,4.57771,9.24173,10.8457,6.32771,-49.776,-964.288,-242.048,31220,30660,20300
4.64878,17.4818,10.7424,25.6659,22.2038,14.2315,17.5376,7.88954,-12.0542,4.09318,-1.54079,16.3127,7.41109,15.1646,19.8402,15.5059,-63.44,-971.608,-239.608,31500,32340,20160
15.8474,15.8937,-0.405294,3.53236,1.75037,0.867133,-4.31191,-2.2979,32.1627,-0.0740854,-1.87007,9.45201,-1.10232,-3.42776,-7.91491,-3.37178,-71.248,-979.904,-249.368,32900,32900,20580
6.32594,-2.75523,-3.81997,-11.2786,-9.89273,-1.74192,-6.27709,0.555744,20.6955,-1.21063,2.71849,-2.53749,-1.07335,-7.77513,-10.1398,-9.23428,-62.952,-981.368,-265.472,35700,32760,21280
-0.0586367,4.69632,1.08248,7.09986,0.888376,-4.11911,6.76364,-3.39465,14.579,0.47169,1.10937,0.89847,-0.122355,-3.22832,11.5068,-2.38486,-58.56,-955.504,-195.2,37100,34160,21000
1.63848,9.14808,4.52254,12.4895,7.57961,-7.61208,11.9068,-6.27939,9.58315,5.59284,2.17231,7.72665,-0.127555,-5.90882,17.7238,-1.0515,-54.168,-979.904,-204.472,30660,34720,20860
-6.50594,-9.12086,-6.01036,3.55026,-4.07434,-15.7141,9.2158,-5.31569,-4.95708,-1.47388,-2.28163,-5.98066,-7.36629,-13.9406,19.5474,1.18267,-61.488,-984.296,-208.864,32900,32900,22120
-2.87334,-17.4117,-6.78901,-13.0097,-16.7003,-10.6753,-3.59137,-1.49322,-5.68835,0.340039,-0.00739319,-10.6936,-4.59795,-5.026,2.29606,2.92042,-61,-993.568,-206.912,31780,29820,23380
-8.66678,-12.7932,-3.72334,-12.6225,-10.6238,1.85633,-7.86792,2.03122,-14.3617,-1.15473,0.255236,-10.4685,0.806832,5.67173,-2.75432,1.82982,-66.368,-993.568,-200.568,32340,25340,24220
-14.0181,-16.25,-6.36936,-30.2334,-16.6141,3.25121,-20.1779,-0.272737,-0.346738,-2.00893,-2.03859,-15.1934,-0.874804,-0.796968,-32.1616,-6.53656,-60.024,-986.248,-209.352,33180,24640,24080
-13.621,-26.2432,-10.9358,-38.97,-20.8571,-3.88947,-21.234,-4.90354,-8.36913,-8.57741,-8.60229,-17.2134,-8.3761,-9.93915,-41.9523,-11.9427,-58.56,-988.688,-205.448,33600,22820,24360
-8.63618,-0.780927,-1.84544,8.60684,5.43351,-0.232891,3.11342,-4.8118,-8.97638,-8.79981,-4.96719,-0.16037,-2.10056,1.0482,5.35402,-3.47019,-49.776,-1000.4,-206.424,33880,21700,23940
0.176714,28.7908,7.01103,38.11,18.0291,2.31075,13.04,-5.72835,6.69649,-1.13554,0.375736,13.5767,3.64703,10.6516,28.1197,3.55818,-51.728,-1008.7,-214.232,34860,21700,23800
-2.02419,12.6519,8.17822,21.0851,14.2445,8.3069,16.4948,6.22335,-5.13909,5.21424,9.51445,6.55819,8.36884,12.508,20.6314,15.5056,-51.728,-1016.02,-225.944,36820,22400,23800
-3.42205,-5.99139,4.75804,0.0394098,5.41303,5.05042,8.30068,6.02768,-14.1748,4.96884,4.56388,0.502588,4.22873,6.25575,1.167,10.8799,-43.432,-1026.75,-245.952,39340,21280,24220
12.9746,11.1497,11.85,7.78731,11.7117,4.31951,7.36505,3.62659,2.36617,10.0157,-1.81801,16.4233,3.76368,8.76841,0.234933,5.14301,-40.504,-1031.14,-256.2,43400,19320,25340
22.3997,30.6356,14.6281,25.2142,15.5466,2.40956,7.30174,0.217044,26.6414,11.6085,-2.48566,23.0865,2.70262,9.2669,9.41118,0.813166,-43.432,-1032.12,-272.792,46760,19180,26180
18.0707,20.3333,9.27086,3.75658,2.81361,-1.13954,-7.49095,-4.18754,31.7839,8.84048,1.62002,14.0615,0.329875,4.09257,-10.8253,-8.38991,-37.576,-1029.68,-276.208,51940,18620,27440
-26.7653,-35.9974,-14.2366,-22.1611,-16.8306,-6.12596,-16.1488,-5.01627,-34.4566,-20.0322,-7.49617,-24.1741,-8.8275,-13.5087,-3.80965,-18.1412,-47.824,-1023.34,-275.72,57820,18340,28000
-7.26332,4.6054,-10.0834,16.2219,-0.843159,-2.43169,-3.47584,2.57908,-0.0821931,-9.60182,-0.901787,-6.33326,-5.40823,-10.0175,20.1425,-5.56163,-40.992,-1020.41,-283.528,63560,17640,29120
0.440222,2.31619,-6.95403,-9.07687,-13.0605,-0.775896,-15.3049,6.12655,4.18774,-0.560471,3.41736,-6.99844,-2.2848,-9.21268,-18.3033,0.269264,-51.24,-1017.48,-285.968,72100,13720,29680
-1.2061,-22.5425,-3.16688,-29.6515,-14.5715,4.22041,-6.70917,8.76846,-8.87742,3.25279,6.76702,-13.9457,1.32443,-4.97022,-22.307,6.32536,-42.456,-1017.48,-292.8,77560,10780,30380
-4.30609,-9.23635,-1.34109,-1.17305,6.08829,6.30487,13.8353,7.19981,-3.78553,-2.87416,-1.40162,-5.34538,-0.844545,3.75852,11.7632,10.6273,-41.968,-1015.04,-308.904,84420,8400,30380
-5.85821,-5.5531,-0.29255,6.48386,14.0266,7.41855,17.2274,7.86965,-10.9492,-5.69661,-4.34437,0.0688795,0.423529,7.52412,14.6733,10.5333,-49.776,-1015.04,-292.8,86940,8120,30240
9.75886,-6.7414,0.900826,-6.93974,2.34246,0.498618,3.11206,0.0895216,4.62726,5.83391,3.32212,0.610866,0.222058,1.6501,-3.75945,-0.687704,-48.8,-1012.11,-280.112,89880,7140,30520
14.2723,-9.40704,2.01149,-9.16531,-0.656053,0.681566,4.55547,2.56213,0.455233,5.37443,2.10372,0.455379,-0.813638,3.88282,-2.90183,2.00401,-55.144,-1015.04,-287.92,94920,5320,30380
8.38024,-4.36448,6.47408,-9.80513,5.26634,4.65169,6.73019,3.52301,-10.9337,1.1562,-2.7049,5.92363,2.24185,9.69444,-14.3936,5.61581,-51.728,-998.936,-275.232,98700,5180,30240
-0.422041,11.5833,4.09453,19.7031,11.2802,-4.09657,6.60923,-8.87723,-5.60867,1.15751,0.320708,6.83309,0.573412,2.47068,14.1971,-3.75795,-68.808,-977.952,-259.128,105000,4200,29400
15.0682,30.9075,10.1086,36.3959,16.1831,-3.52197,-0.388773,-14.2069,8.61024,8.22951,8.73906,20.1098,6.55273,4.84417,22.6002,-10.4426,-66.368,-990.152,-217.16,107380,420,28980
11.0756,13.1652,3.23584,4.94889,-2.34669,-0.843572,-16.6722,-5.86013,7.64961,2.00659,4.00243,8.11593,6.55563,1.48763,-7.32337,-9.45552,-54.656,-990.152,-192.76,107380,-980,27720
11.0283,14.2242,0.738909,-9.87349,-6.30257,4.03963,-11.6787,5.79195,21.5746,0.751834,-2.73264,6.63082,5.39076,2.03489,-20.3564,2.42244,-55.144,-991.128,-170.8,101780,840,25760
4.00969,4.60047,-2.88321,-9.47202,-4.69334,2.08722,-4.73984,0.859252,14.0233,-1.1522,-3.763,1.90598,1.34133,-3.03734,-13.4021,1.6001,-61.976,-997.96,-157.136,99540,2100,24500
-8.1833,-5.29193,-10.6893,-7.75835,-11.1141,-5.31884,-6.24373,-6.05407,4.24819,-5.73367,-0.74629,-9.2539,-3.66664,-13.0508,-6.67603,-4.93158,-74.176,-1013.09,-162.992,95900,3360,23520
-18.8188,-18.223,-12.105,-13.4063,-14.2256,-3.3884,-5.50569,1.09919,-18.2037,-8.91879,1.28386,-16.762,-1.51092,-12.4287,-3.011,0.341244,-69.784,-1015.04,-162.504,96180,4760,22820
-9.4192,-19.3373,-6.58477,-12.0331,-10.2435,-2.43485,0.98605,0.918924,-10.6985,2.44294,8.72142,-13.3378,1.66577,-8.0054,8.76332,3.3842,-73.2,-900.36,-47.824,94780,8120,21840
7.2025,4.99389,-2.23426,3.27119,-0.205382,-4.86355,5.56363,-6.16443,18.866,4.84577,-0.0960938,2.88327,-1.85732,-6.25901,12.6048,0.369504,-65.88,-991.128,-122.488,83440,7560,20720
8.45594,15.394,1.66601,12.6745,7.82018,-0.664514,8.13612,-0.589132,18.1552,1.90004,-5.79409,10.6028,-0.671766,1.08004,10.2368,5.37042,-81.984,-994.056,-117.12,81200,10080,21140
-2.84307,1.27375,-3.51213,1.62678,-1.68928,-3.89004,2.5534,-2.36083,-2.19364,-5.21707,-11.1226,-2.95289,-5.29995,-1.22611,3.8183,1.79159,-91.256,-973.56,-134.688,78960,11760,21980
-10.1547,-1.7867,2.94272,11.4724,7.59343,3.45067,11.6405,4.01662,-10.8093,-0.390083,-2.17496,-2.52221,0.874194,6.43392,18.4342,6.92507,-103.456,-992.592,-109.312,75040,14140,21980
-13.6498,-10.0147,1.18086,-4.49552,-4.64189,-4.7994,-9.62417,-6.65419,-16.5133,-1.60248,-1.49719,-6.50978,-1.80747,-2.83827,-9.29406,-7.80471,-98.088,-1033.1,-97.6,74900,17360,22120
-14.0984,-27.5077,-2.72472,-25.0413,-15.1023,-9.72877,-20.4022,-6.09406,-31.9736,-4.55267,-0.0139843,-11.9921,-3.02698,-12.0514,-29.7553,-13.2109,-103.456,-1021.38,-83.448,76300,16380,22680
-29.1512,-33.35,-5.64753,-18.356,-10.221,-8.07636,-7.62814,-0.725796,-54.704,-14.8461,-5.36187,-16.6974,-5.65306,-7.40937,-16.738,-6.41965,-87.84,-993.08,-96.624,76020,15540,22960
4.85074,17.0217,1.86288,11.8387,1.97571,-4.09311,1.22878,0.281913,19.6696,-2.01781,-2.48068,5.2868,-6.55276,0.200538,0.943025,-3.71744,-103.944,-976.976,-94.184,71120,18200,23100
13.7722,22.4873,4.22439,6.64256,1.83289,1.10585,-1.6705,2.82006,29.3979,5.96018,3.33465,9.07894,-3.65111,1.34495,-5.92083,-3.57581,-85.888,-988.688,-78.08,70000,20020,24780
-11.8414,-18.2266,-6.93324,-19.6047,-10.5639,-0.298305,-3.09797,4.50822,-14.3195,-5.70418,-0.671752,-15.2807,-5.591,-4.9355,-13.374,-1.65327,-101.016,-962.824,-81.984,70280,20720,25620
-4.65536,-5.55459,1.91695,0.229544,4.55771,3.77533,8.76195,3.65486,-2.60691,0.347854,-0.259266,-3.21694,-0.296091,8.24745,3.86999,3.55095,-98.088,-968.192,-78.568,65940,19320,27160
15.3487,34.4807,17.0918,38.028,29.3477,11.4876,22.5596,4.9811,32.3163,12.0883,2.87274,26.2385,8.42458,23.6384,30.9679,10.4545,-96.624,-915.976,-108.336,64680,15540,27860
15.3978,22.1443,7.42086,24.4647,15.7723,6.09668,14.0365,2.56959,37.9538,8.45178,-0.947713,15.6335,1.66901,11.8583,22.8808,6.73653,-94.184,-946.72,-153.72,60340,7280,27720
12.9179,13.7588,10.1473,18.9549,16.7021,12.0989,15.1636,8.97993,22.3879,12.8596,6.86063,14.7828,8.89039,15.4208,18.0864,11.9632,-91.744,-994.056,-140.056,57960,2800,27580
0.534212,2.7893,2.64734,4.08838,5.34793,7.25863,4.5726,5.00654,3.13088,2.67481,1.44661,4.39152,6.33184,8.92019,3.0666,4.74207,-79.544,-928.664,-0.488,64820,2240,27300
-5.95156,-12.6526,-1.3799,-8.83371,-1.99779,7.14401,-0.594943,3.4894,-20.0137,-0.358656,1.7963,-3.4432,6.0186,1.33656,-2.66456,1.42858,-83.448,-1017.48,-49.288,51100,-6300,26320
14.6284,13.7594,9.78432,14.2389,12.4581,10.0265,7.91785,2.76448,6.56861,11.7269,10.863,14.3049,10.9719,7.72913,14.6125,5.81808,-97.112,-1063.84,-26.84,55580,-5740,26880
9.19452,5.67771,5.88657,5.89938,5.5961,3.37415,4.68252,2.26624,-4.60837,7.46201,6.42135,7.56876,3.89655,3.9496,11.2042,5.12253,-80.52,-1048.22,-61.488,64120,-6020,26880
6.19932,-6.23664,-1.18242,-15.2055,-9.9172,-1.39662,-7.63431,1.43623,1.82026,4.60682,7.793,-3.15255,-0.852752,-6.53002,-6.27431,-1.88262,-64.904,-999.424,-113.216,65240,-4620,26880
-11.2869,-21.3864,-12.7182,-26.8745,-21.6814,-7.00875,-18.0024,-4.53589,-8.95504,-12.3908,-1.19077,-20.4261,-9.75495,-13.0009,-19.592,-8.81756,-57.584,-974.536,-133.224,64400,-3780,26740
-18.1779,-24.9868,-9.88078,-35.7676,-22.0266,-7.80522,-29.5073,-10.0731,-24.8998,-15.4921,-4.98047,-20.6586,-9.31578,-9.51911,-43.6726,-15.2258,-60.512,-979.416,-110.776,65940,-980,28420
3.35491,6.515,-4.47795,-5.51534,-8.36927,-9.95584,-15.5159,-10.8592,5.85206,-3.70523,-3.71614,-2.5028,-8.24593,-6.80329,-14.8566,-10.7363,-78.568,-971.12,-125.416,70980,980,29820
4.98402,10.9441,-4.75473,11.7262,0.256416,-10.8857,2.92817,-8.07048,4.45459,-3.59227,-7.20792,1.97442,-9.22168,-6.64138,13.0643,-0.5048,-74.176,-937.936,-162.992,77280,-560,31920
4.43616,9.18655,-2.88311,6.51748,0.400154,-8.35156,0.354784,-7.48578,4.85872,-6.02808,-10.0098,3.77553,-6.32385,-6.27011,2.90935,-1.13689,-80.032,-902.312,-187.88,78820,-3920,32760
-7.29618,-9.21854,-6.77898,-8.90178,-6.84213,-6.35279,-3.99124,-5.62737,-8.39137,-12.7921,-14.3966,-7.29373,-4.92002,-8.79611,-6.11774,-1.70077,-61.976,-843.264,-180.072,73920,-7000,32200
-10.8513,-16.5022,-5.33522,-10.1221,-3.39579,0.216987,-0.559011,-1.10365,-19.1999,-9.09271,-9.59726,-8.21626,1.39454,-4.09797,-5.79407,2.61575,-63.44,-951.112,-174.216,57960,-10080,30520
7.10179,5.96899,3.43636,13.7114,12.2569,9.226,14.5727,10.8633,6.07782,8.3367,7.12855,7.64351,13.5873,9.44244,15.8711,13.6615,-92.72,-1015.04,-108.336,59360,-4620,30240
4.72212,-0.530284,0.366994,-6.98614,-1.51343,2.31085,-2.03918,2.19647,2.5685,7.82972,5.37534,1.76009,9.50365,0.823613,-9.31903,0.8165,-91.256,-1009.18,-91.744,64400,2100,30100
11.1515,9.50758,4.32051,0.663176,2.95675,4.26174,-0.699855,2.33651,11.1879,11.0313,11.2366,9.09105,10.5993,0.0300527,-4.27987,-1.28119,-83.936,-972.584,-105.896,66360,3220,29260
-14.5807,-10.0473,-10.1921,4.12156,-3.98334,-4.27508,0.357668,-0.756646,-23.4932,-10.6193,-3.33444,-11.4875,-3.70972,-9.4701,6.56432,-5.4476,-86.864,-971.608,-125.904,61880,1400,27580
-9.89455,-11.9764,-5.338,8.0346,2.20116,2.18882,8.888,7.12582,-27.5924,-6.50073,-1.98133,-9.70386,-2.82623,-2.38355,12.0521,2.65553,-87.352,-992.104,-104.432,58800,980,26040
5.0902,0.442046,4.4398,2.71095,3.00224,3.35246,6.30787,5.22412,11.767,6.53858,5.62155,0.700399,1.22638,3.31597,1.79348,3.39581,-92.232,-990.64,-106.872,58380,1400,25200
1.82802,7.16529,6.87996,3.95831,5.28993,3.44063,6.16356,4.04791,17.4221,3.8048,1.99225,5.43459,0.681962,8.18488,1.1409,4.39379,-94.184,-984.784,-103.456,58520,1680,24080
5.33783,10.4446,7.70402,5.8919,2.60079,0.83015,-2.96141,-0.595926,12.5827,5.22742,3.65363,8.40576,0.875458,3.80259,-2.72606,-4.87626,-91.744,-964.776,-131.272,57680,1540,22540
-4.05257,-2.03057,-0.146274,-6.02333,-7.48871,-3.41263,-11.4505,-4.56395,0.619394,0.183794,-0.253111,-1.91616,-2.11174,-5.08428,-12.3844,-10.9316,-104.432,-969.168,-133.712,55020,-560,21420
-23.0453,-20.7167,-6.57884,-13.4841,-9.40235,-2.26325,-4.34439,-0.964008,-33.938,-11.7707,-6.46271,-14.2376,-3.30051,-5.60347,-6.95731,-3.84288,-98.576,-971.608,-113.704,54600,-3780,20440
-14.1202,-5.41269,-4.64784,0.14962,-1.52875,0.197363,1.32043,2.06178,-16.2535,-8.65573,-2.3076,-6.42425,-1.84897,-3.96671,4.9505,0.390647,-101.016,-975.024,-108.824,54600,-5180,19180
-1.73589,-3.30009,-5.24228,-4.87931,-5.35949,-5.04965,-5.31464,-4.30045,7.19146,-3.74331,-1.4548,-4.75363,-5.33999,-6.85439,-1.73669,-5.59059,-100.528,-994.056,-96.624,50680,-2660,16800
8.04396,3.11666,1.97713,-0.257656,2.56224,-1.70448,-0.433841,-2.93606,14.3073,5.35367,2.42242,5.19897,-1.26697,0.0749325,4.7798,-2.3028,-104.92,-988.2,-79.056,48160,1260,14420
-0.224815,-5.26168,-1.97432,-9.2236,-3.03814,-4.16242,-5.19109,-3.96956,0.44331,-1.90325,-5.60029,-2.23133,-4.7721,-1.64848,-4.78498,-3.64792,-101.504,-925.736,-105.896,45920,6160,11760
-3.33793,-10.1448,4.11667,-7.95885,0.589287,0.881339,-1.94149,-1.21909,-17.991,1.87591,-2.94531,-0.776172,-0.876376,4.07444,-5.96261,0.662058,-98.576,-945.256,-119.072,36400,7140,8820
25.2456,26.3221,18.5883,24.9942,23.7749,11.2096,19.7233,8.44781,26.2807,18.5933,6.81584,24.2798,7.85802,22.0365,22.2647,17.4101,-120.048,-985.272,-67.832,33460,9520,7280
25.6041,30.736,15.15,23.5682,21.3787,7.9027,16.8291,5.45351,31.8699,12.6415,2.0044,22.731,5.07674,18.4732,15.8402,15.126,-120.048,-964.288,-68.808,34440,13020,6160
25.141,34.1598,14.1088,23.7767,19.5338,6.15576,11.6424,2.93101,32.233,14.0833,7.44667,23.7663,5.03865,12.7815,10.5977,8.95624,-116.144,-944.28,-118.584,31500,12600,4340
14.0129,12.1517,4.39442,3.86683,1.42529,-1.11082,-2.20952,-1.98911,16.5044,9.33219,8.83387,7.00483,1.86068,1.67903,-2.09373,-0.891407,-115.656,-983.32,-88.816,25060,11480,2800
4.795,-2.20285,1.53836,-1.10949,-2.2625,1.75174,-1.26467,-0.375123,3.1981,5.26254,8.06608,0.104589,4.91654,2.15461,4.60245,0.956582,-110.288,-991.128,-92.72,23100,13860,1820
-13.4876,-18.5945,-11.7146,-12.9068,-15.2207,-4.05022,-6.71912,0.54697,-12.8206,-9.76657,0.00647701,-17.4683,-1.961,-11.3198,0.791946,-3.4052,-99.552,-974.536,-113.216,21840,14420,1120
-10.6113,-14.8637,-14.0033,-11.7289,-15.7736,-5.62787,-6.28056,0.229636,-3.77593,-10.7138,-3.29797,-15.5938,-5.33031,-12.9549,-3.47668,-3.8762,-102.48,-997.96,-95.16,18060,15260,560
9.80895,7.427,-1.90211,9.46255,0.941101,0.686906,7.5186,3.80107,16.5355,2.77938,2.33884,2.85624,-0.277441,-0.523851,10.7993,4.78881,-100.528,-997.96,-100.528,18480,16240,700
-7.67256,0.0616636,-0.638892,6.30378,2.02212,1.81812,5.04821,5.08636,-9.9676,-3.5181,-2.43614,-1.73841,1.08433,1.31165,3.68227,4.90032,-95.16,-990.152,-113.216,18340,16380,420
-17.0345,-2.55244,-0.957822,5.98552,1.64503,-1.25843,3.53332,-0.508287,-20.3738,-9.27929,-9.59821,-2.46093,-1.97721,1.70974,2.85071,2.41608,-97.112,-981.368,-119.072,16660,14560,560
-4.13824,4.2593,1.55972,0.0222083,-0.369759,-1.27111,-3.25532,-4.28007,3.5286,-3.89334,-4.3949,2.84128,-0.424118,1.12545,-8.55838,-1.54155,-96.624,-983.32,-119.56,16240,12880,700
-10.1773,-6.26154,-2.18111,-6.33882,-3.50015,-1.00722,-5.44615,-5.51033,-3.47872,-7.96606,-5.39911,-5.35288,-0.592332,-0.259948,-8.82995,-3.3391,-101.016,-983.32,-113.704,15960,11620,840
-9.06053,-12.2627,-6.03173,-14.6472,-10.3435,-2.21294,-11.8605,-3.26193,-10.5385,-4.05462,1.55938,-10.3692,0.0461535,-6.59556,-13.259,-8.43562,-100.528,-974.536,-117.12,16380,9800,980
-9.06353,-15.6256,-8.27248,-22.8298,-12.5744,-2.86923,-14.6666,-5.72496,-10.8715,-5.5114,-1.88411,-11.7387,-3.20561,-8.92399,-25.5705,-9.37851,-98.576,-981.368,-114.192,15400,7560,1120
0.47817,1.54718,2.5884,1.1519,5.97303,4.29315,1.98392,-1.86549,-4.98673,2.90361,1.56737,4.07202,2.23252,2.85522,-3.2235,0.9523,-94.184,-982.832,-113.216,13860,6440,1120
4.124,4.76531,1.79834,3.38587,5.80458,1.64311,2.49788,0.152309,-5.81861,5.32174,2.25667,5.64062,1.20302,1.19065,2.95072,1.87899,-92.232,-983.32,-114.192,13300,6300,1120
-12.4299,-15.5534,-6.83253,-8.02723,-3.08345,-0.170677,0.29444,1.10196,-24.3186,-7.51745,-5.71012,-9.14129,-3.34441,-2.56783,1.18369,1.03636,-90.28,-982.344,-116.144,12460,7280,840
-9.17874,-13.195,-7.0435,-12.1523,-9.8252,-4.15308,-11.6241,-6.59735,-11.0396,-5.72707,-2.04895,-9.67849,-3.20126,-7.57464,-12.2022,-10.8436,-86.376,-981.856,-117.608,11900,8680,700
-2.79758,-4.42781,-3.74623,-5.68676,-5.68737,-2.27681,-4.91337,-1.93347,-2.29209,-1.50557,0.0249312,-4.27833,-1.95781,-5.6908,-3.64601,-6.94989,-90.28,-979.904,-115.168,10920,11760,280
-5.24186,-6.04015,-5.71815,-5.30945,-8.437,-4.26015,-4.47817,-1.4937,-2.60917,-3.88025,-4.63911,-7.17009,-4.78071,-6.77042,-2.06834,-6.98666,-86.376,-981.368,-113.704,10360,14420,-140
-5.20992,-5.85106,-1.01765,-3.31245,-2.77919,-0.158579,-2.0513,-0.866253,-8.30052,-1.94699,-1.50225,-4.00988,0.281947,-2.30287,-2.00648,-4.06182,-92.232,-980.392,-115.168,10080,16240,-280
-6.94177,-8.562,-0.0269376,-2.73596,-0.720664,-0.517492,-0.528271,-1.77003,-9.77186,-6.82173,-5.32374,-4.45399,-0.610996,-1.52705,2.33475,-2.61964,-91.744,-983.32,-119.072,9520,17360,-420
11.5986,2.60266,5.20063,1.64197,1.22224,-0.837097,-2.4563,0.92436,-1.73239,7.69208,4.21764,6.11882,2.40733,-1.79662,0.923914,-3.20025,-90.28,-985.272,-119.56,9380,17360,-560
11.4469,8.31001,6.39233,2.16944,3.38737,-2.24419,-0.544595,-0.968786,10.5513,9.02884,0.371154,8.58497,0.323333,1.46628,-6.39416,-2.03911,-93.208,-984.784,-124.928,8960,16380,-560
4.64357,16.0936,9.47288,16.8539,16.0558,3.32105,16.6758,7.09477,12.9194,7.33108,-1.01529,13.566,3.04263,12.3619,13.9233,10.0379,-92.232,-986.736,-129.32,8820,14560,-840
14.5129,15.0163,3.91746,11.5243,6.89925,-0.849902,7.54148,3.87477,18.4065,7.44743,3.69193,10.7896,0.439531,3.99216,11.8546,1.97376,-90.28,-980.392,-133.712,8960,13160,-840
7.00386,2.52945,-5.23758,-1.19364,-6.44767,-5.96973,-3.95245,0.328201,14.9007,-0.0826817,2.4632,-2.39512,-4.04415,-7.6235,1.86643,-5.13123,-94.184,-980.392,-138.104,8960,11900,-840
0.0146005,2.60136,-0.99087,8.01978,3.40177,2.8636,7.96983,8.25818,-0.718323,-0.232561,5.80272,-0.995162,1.64241,2.17981,11.1551,7.17757,-85.4,-984.296,-141.52,8820,11200,-1260
3.00538,5.01349,5.64852,8.91798,9.92696,7.10712,12.3685,6.54596,4.00085,0.354165,2.49188,3.62917,3.21664,9.08304,9.12586,12.3201,-83.448,-987.712,-145.424,8680,10500,-1680
9.02909,7.04422,8.89148,7.81878,9.54565,7.0679,8.56589,4.86783,12.6868,5.14502,3.64382,7.74866,4.45463,9.5282,7.89671,9.0785,-78.568,-964.776,-180.56,9520,11200,-2240
12.7828,12.1725,8.60758,9.69073,10.3337,7.21357,9.23185,6.5301,18.2754,5.57387,2.8704,10.0374,3.35617,11.3483,6.56178,12.5064,-76.616,-1000.4,-135.176,7980,12320,-2380
7.45063,9.63503,6.77055,5.67022,7.76142,5.54199,2.35521,1.97493,9.93801,3.66966,2.93864,8.14092,3.72569,10.179,-1.15987,7.93661,-77.592,-1003.33,-131.76,10220,13860,-2800
5.25247,1.27772,0.692386,-5.31303,-4.46501,0.27673,-8.95676,-3.35115,-0.720353,4.11149,6.4141,-0.0684632,2.95762,-1.53951,-10.3028,-2.46667,-81.008,-991.616,-142.496,12040,13720,-2940
1.78475,-2.39849,-6.00493,-2.62491,-5.7715,-3.83894,-1.64685,-3.81581,0.769061,-1.34181,1.27027,-5.02029,-2.27443,-7.29314,5.2276,1.06442,-83.936,-983.808,-143.472,12880,12740,-3360
0.283607,-2.41857,-7.51493,1.33548,-6.49349,-6.89818,-1.74795,-5.91938,3.03265,-3.60336,-2.17833,-6.56374,-4.81986,-9.02271,9.34102,-0.658481,-80.032,-985.76,-138.104,11760,11760,-4340
0.654538,5.23894,3.12063,7.35825,3.73474,2.4475,2.83405,2.35707,-7.54974,2.61059,2.45563,4.66776,4.16289,2.24469,8.28341,5.26671,-79.056,-980.392,-146.4,11900,11200,-4900
-10.9938,-6.19886,-2.93178,-5.41048,-4.65604,-4.05371,-7.14075,-7.43563,-14.459,-8.38061,-7.68701,-3.6778,-1.65419,-2.02916,-7.74203,-4.88483,-80.52,-977.952,-151.28,11200,10220,-5740
-7.04126,-6.3597,0.377565,-8.13992,-2.42466,-0.0623389,-5.13311,-3.09815,-9.26096,-1.27486,-0.827242,-1.86302,1.57952,1.1508,-11.2129,-3.29409,-81.008,-974.048,-161.04,10360,9940,-6440
-8.51149,-6.86831,-1.90208,-10.3126,-5.52373,-2.44663,-9.09564,-4.84938,-8.54805,-1.9968,-3.1964,-4.74593,-2.70314,-1.27823,-16.3748,-7.5009,-80.032,-976,-157.136,9380,9100,-7140
-9.90276,-2.90931,-0.725687,-8.64302,-5.00819,0.417836,-9.00339,-0.963733,-6.27016,-2.18771,-2.39085,-2.81075,-1.582,-1.81628,-14.0897,-6.96475,-80.52,-975.512,-157.136,8960,7560,-7560
-12.0746,-11.4531,-7.76096,-10.5977,-9.95681,-2.71763,-5.89432,-0.940243,-4.11603,-5.15405,-2.24777,-10.6619,-3.61317,-8.98159,-2.51445,-6.7405,-80.032,-975.512,-146.888,9100,5740,-7840
-8.3927,-5.77119,-6.95974,-1.10691,-5.10517,-3.62379,0.651662,-2.96421,0.244743,-3.89442,-1.21675,-7.81868,-3.56081,-7.36827,6.65102,-3.53398,-82.96,-980.88,-139.568,8400,2940,-7980
-11.6832,-8.5234,-3.00874,-2.20816,1.1963,0.658424,5.4465,0.305134,-11.1338,-5.02292,-3.55608,-4.55742,-1.17684,0.428393,2.80278,3.40413,-81.984,-984.784,-128.344,7700,700,-7840
-3.78058,-5.53082,-3.64367,-2.39983,1.06035,2.1103,4.88798,4.03455,0.40319,-4.34935,-4.48485,-3.15341,-1.38728,0.407116,1.05614,3.89334,-79.544,-992.104,-115.168,6300,-1680,-7980
13.5351,8.26877,4.10778,3.02211,2.68286,1.72776,0.282759,-0.452952,22.4648,6.48467,0.716632,7.85618,1.40977,2.54241,-0.116235,-2.20188,-79.544,-998.936,-106.872,3500,-3220,-7840
8.51295,8.32174,5.15756,13.5734,9.85866,5.03478,10.9768,7.33891,10.248,3.14796,-0.432748,8.35505,3.78878,7.77209,13.101,7.14867,-78.568,-999.912,-104.92,2100,-3640,-7840
-6.93747,-4.57883,-7.37762,0.727139,-3.13571,-3.30169,-1.36297,0.0649151,-7.91503,-10.5893,-6.8365,-5.9702,-4.85973,-2.58433,-2.26211,-2.93154,-74.664,-1002.35,-101.992,560,-3220,-7700
-5.22478,-14.8687,-5.85697,-15.8664,-10.0526,-1.21958,-9.44358,0.0700038,-11.2832,-4.6468,1.24641,-8.97174,0.281137,-6.54242,-16.3966,-6.9993,-73.688,-1001.38,-98.088,-840,-2520,-7700
-7.89059,-11.9534,-6.77798,-8.46425,-8.75242,-3.94668,-9.17867,-2.31966,-15.1276,-8.36483,-5.51662,-8.59905,-3.13317,-7.27197,-10.4565,-7.52367,-72.712,-1001.38,-96.136,-2520,-1120,-7420
9.34323,8.12519,4.47664,4.33499,1.91222,-2.55586,-5.49803,-7.65866,2.91504,6.79462,3.75335,7.1628,2.94875,0.655824,-7.41295,-7.10708,-72.224,-1000.89,-95.648,-4060,420,-7280
20.8822,18.1752,16.7452,11.8565,13.6803,6.21362,6.11983,-0.00475389,13.8883,19.6609,14.3543,18.2744,12.4845,11.4463,3.59992,2.2069,-71.248,-999.424,-94.672,-5600,1540,-7000
5.28641,2.78509,6.75372,1.632,1.40992,-1.45283,0.0632983,-4.88933,0.303528,6.6108,3.00864,3.53825,2.48467,2.5338,1.61751,-3.31169,-71.736,-1001.86,-91.744,-6860,2240,-6580
-1.28,2.16914,2.14203,5.42328,3.4207,-1.26831,5.44259,0.319662,-3.92038,-0.323533,0.344929,0.469391,-1.03945,0.897605,8.66793,1.93092,-73.2,-1001.38,-89.304,-8120,2660,-6440
1.42827,1.42771,-2.92811,3.649,-0.857424,-4.09885,3.65901,0.358367,2.00033,0.0632866,1.69604,-3.38831,-5.13462,-4.4108,8.94104,0.479959,-73.688,-1000.89,-92.232,-8960,2800,-6020
9.5034,2.67385,2.50418,4.0372,1.86491,1.58516,6.14743,5.35772,-2.76836,8.64132,6.2965,1.91904,-0.20143,-0.383665,9.34887,4.59414,-74.664,-1000.4,-93.696,-9660,3360,-5740
0.00928017,5.10115,3.02897,13.7541,11.4937,5.89996,16.2661,8.33214,-5.74651,3.10479,-0.0227544,3.18323,-0.860431,7.13865,17.2016,13.0714,-74.176,-1000.89,-95.648,-11060,4060,-5320
-0.33013,13.866,5.09711,12.7739,11.8996,4.74972,9.93639,2.73858,6.93532,2.90115,1.34668,8.8503,0.568614,7.65302,8.67631,8.06074,-73.688,-998.936,-93.696,-11480,4480,-4760
3.7391,7.34246,2.38728,-4.24808,-0.719536,0.300529,-6.97445,-0.118391,5.60659,-1.99068,0.967865,6.49173,-0.315663,-0.266959,-12.3059,-1.66808,-71.248,-996.496,-95.16,-11760,4760,-4340
-5.42942,-7.76001,-5.90506,-15.1045,-11.6894,-2.59486,-13.2387,1.62127,-6.95322,-6.84484,-3.39445,-6.82166,-4.33051,-7.37698,-14.1963,-3.82215,-73.2,-997.96,-100.04,-11620,5740,-3500
-3.70551,-0.140831,-4.64389,-1.8287,-2.93323,0.305009,-1.06537,3.13188,-0.180575,-4.90384,-5.12052,-3.5058,-3.68719,-2.64597,2.68408,3.37482,-75.152,-993.08,-105.896,-11480,6440,-2940
4.76496,3.9796,3.38684,-0.877263,3.56236,3.86167,0.686324,-0.382911,11.9436,3.61976,0.27763,5.87354,3.43358,5.27049,-0.0869757,4.83023,-76.616,-996.008,-103.456,-11340,6720,-2660
-3.63475,-11.7288,-4.60461,-15.2505,-9.19872,-3.34402,-10.9969,-7.20532,0.719818,-1.42803,-3.4816,-6.47565,-1.92375,-3.24409,-12.8003,-5.9711,-79.544,-995.032,-105.896,-11200,7420,-2240
-10.1913,-4.49587,-6.07451,-5.24571,-2.90604,0.0783973,-2.29978,0.985833,-2.14918,-8.4221,-5.34292,-5.2378,-1.9011,-1.24709,-4.87589,-0.28269,-81.008,-996.008,-110.776,-10500,7840,-2100
-9.87871,-12.5043,-6.01879,-14.5407,-11.479,-5.57943,-13.1031,-7.3141,-4.04431,-8.01453,-5.44721,-9.11039,-1.12427,-8.67905,-14.0516,-11.1233,-80.52,-997.472,-113.216,-9800,7980,-1960
-4.32679,-12.7768,-6.36488,-13.522,-14.5428,-8.28028,-11.7065,-4.67896,-0.908467,-3.36274,0.191158,-9.8226,0.0828944,-12.8143,-7.35299,-11.6761,-81.496,-996.984,-113.704,-9520,8540,-2100
-7.0358,-4.80907,-4.24891,5.0379,1.86623,-1.74276,11.5097,7.29386,-5.23296,-6.75969,-2.7914,-5.99105,-1.10376,-1.29381,17.126,9.10032,-84.912,-997.96,-114.192,-8820,8820,-2380
1.96779,1.74778,2.95068,10.6807,9.46715,3.07336,12.2715,3.47814,1.06962,1.72351,-0.145157,2.31695,1.61941,8.03601,16.0478,10.2706,-84.424,-998.448,-118.096,-7980,8820,-2520
10.0852,15.0142,8.92636,15.493,12.6965,3.93839,6.13018,0.691106,9.66836,8.50207,2.05641,14.3669,3.22329,9.41202,8.7719,4.39599,-87.352,-996.984,-123.464,-7140,9100,-3080
12.6891,14.0504,8.67719,14.1655,8.90913,4.26467,5.67867,3.56972,8.78052,11.8836,8.46779,12.0295,5.28725,5.3113,8.27782,4.27314,-86.864,-996.008,-125.416,-6720,8680,-3640
-3.21494,1.974,0.058323,0.11523,-4.32426,0.859121,-5.87452,-0.697783,-1.82445,-1.40118,2.5872,-1.96083,2.36821,-2.48135,-5.13271,-4.02712,-87.352,-995.032,-123.464,-6020,8400,-4480
-0.814477,-3.13736,-1.8291,-0.55592,-1.47194,4.1599,3.60496,4.45642,1.05966,-0.881826,2.92911,-5.29687,1.55668,-0.858099,4.10798,3.38518,-88.816,-992.104,-120.048,-5880,8260,-4760
5.02397,-1.00709,-0.643669,4.2486,3.44929,2.29691,10.6292,3.6217,3.9889,1.9883,1.98178,-2.61129,-1.67308,2.50118,11.1478,6.54758,-91.256,-993.568,-119.56,-5460,7840,-5600
1.31814,8.21194,6.7298,14.6891,13.1103,6.75001,10.9595,2.59248,-5.10478,-0.463509,-0.0305786,7.53372,3.48778,11.9893,9.15754,7.67394,-89.304,-993.08,-119.56,-5320,6860,-5740
-4.69849,-8.86834,-2.95622,-13.9276,-10.7614,-5.01974,-19.0177,-13.0441,-8.60194,-2.80762,0.121896,-6.42975,-2.02381,-4.55972,-23.6191,-16.7821,-86.376,-994.056,-122,-5460,6160,-6020
5.81755,-2.68605,1.30093,-9.08008,-3.88967,-2.00664,-6.57117,-4.17158,3.89054,6.16409,4.31011,1.62455,-1.01332,-1.04948,-14.1554,-7.50123,-88.816,-990.152,-123.464,-5320,5460,-6020
8.4033,3.26901,5.71467,2.83202,7.15027,1.18848,8.42537,-0.677328,5.3436,7.45593,3.3561,7.87115,2.21234,6.2863,0.722984,3.68363,-85.4,-992.592,-128.344,-5040,4620,-6160
-5.29951,-2.88351,-0.0316109,1.41463,2.94786,-2.04331,3.08343,-5.08875,-6.46156,-4.2651,-4.65116,0.280477,0.0188739,2.5614,-0.0736903,-1.73108,-85.4,-994.056,-131.76,-4760,3500,-5740
-7.9042,3.1807,1.66533,8.41237,5.82287,1.34322,2.86561,-0.358347,-10.8846,-5.35806,-4.23813,3.32974,1.92749,3.94074,5.20426,-2.05182,-84.424,-992.592,-134.2,-4340,3080,-5600
-12.9122,-6.81449,-8.35043,-3.17315,-6.25382,-5.37496,-4.5095,-1.86725,-12.883,-11.9317,-9.14745,-8.65689,-6.17611,-6.91263,-2.22944,-6.43014,-85.4,-990.64,-140.056,-3920,2380,-5180
2.32509,3.54969,-1.47529,-0.248245,-2.30563,-1.25057,-0.971321,-0.624813,9.63832,0.385945,-2.44251,0.98665,-0.477991,-1.68096,-0.130414,-1.88978,-87.84,-988.2,-145.912,-3360,1540,-4760
-3.77236,-8.9119,-8.64777,-16.2184,-15.0675,-6.1669,-14.2447,-3.4587,1.24734,-4.79091,-4.58657,-9.16292,-5.32471,-11.0958,-15.8052,-9.42587,-85.4,-984.296,-145.424,-2380,1260,-4200
0.650923,-6.66781,-5.41581,-11.5575,-9.60409,-2.51778,-8.69194,2.16046,1.33101,-0.830587,-0.840239,-5.82597,-4.89557,-6.61828,-9.41495,-1.3135,-86.864,-985.272,-140.544,-2380,840,-3780
2.49424,-2.46517,-1.17213,-2.79018,-3.14595,0.156054,-0.832124,5.03752,-0.00537944,3.07375,2.86008,-2.15839,-2.24917,-2.60581,0.240853,4.95628,-88.816,-986.736,-143.472,-2520,840,-3500
1.66572,-1.96736,-1.49566,-0.481636,-2.44212,1.79758,2.36248,9.76348,-0.611088,1.56523,3.71147,-3.41887,-1.88408,-3.07129,5.18647,8.12824,-87.352,-984.784,-142.496,-2380,1540,-3080
16.7827,19.8395,7.54672,10.3042,3.94383,1.38385,-1.8975,-0.104342,20.4521,10.5541,6.77675,11.4392,2.81133,0.14901,2.65169,-0.366837,-89.304,-986.248,-143.96,-2240,2380,-3220
3.5513,6.10361,-3.05088,0.711058,-4.75965,-1.97815,-3.12365,2.12552,6.62496,0.63734,2.27958,-0.680841,-1.41844,-7.17312,0.119197,-1.1183,-87.84,-984.296,-142.984,-2100,3220,-3220
-6.09326,-9.45789,-3.39239,-7.94196,-6.28886,-2.8495,-1.57214,-2.43869,-12.7092,-0.996352,1.05936,-8.30178,-0.390045,-5.6525,-3.76288,-0.192976,-90.28,-985.272,-142.984,-2100,3920,-3360
-1.78338,-0.132566,12.717,6.0113,13.421,8.38613,8.48991,-1.82218,-19.4905,7.50396,3.37517,8.04142,11.4957,12.6843,5.03866,6.06849,-89.304,-986.736,-135.664,-1680,4060,-3500
-1.70907,0.262327,5.41553,5.55669,9.17555,0.0127471,5.97334,-5.10428,-6.01469,0.359257,-2.63998,3.46623,2.58486,6.1925,9.2795,2.38507,-91.256,-987.712,-143.472,-1400,4200,-3780
13.2897,12.0656,12.3769,15.1906,18.6986,5.03988,16.1115,0.666248,10.4023,12.6575,8.43111,14.5885,8.41872,12.6733,17.6595,10.5572,-93.696,-986.736,-145.424,-980,4620,-3920
-2.58336,-5.94317,4.98715,-4.6283,4.78558,3.08764,-1.08123,-4.35159,-8.95419,-0.154979,-1.39151,2.78806,4.69261,5.30645,-4.17012,-0.763368,-95.16,-986.248,-144.936,-140,4340,-4340
-2.69502,2.63438,-0.217334,1.04424,1.55083,-0.628601,-3.77889,-3.06275,2.2469,-5.30408,-6.76317,3.03024,-0.610095,-0.299722,-2.07639,-4.9935,-92.72,-983.32,-142.984,280,3360,-4480
-3.26608,11.5007,-4.92123,9.3352,1.92293,1.10896,3.40163,6.91984,14.3212,-7.40272,-6.89823,2.66071,-4.91779,-0.741756,6.88045,2.76501,-91.744,-984.784,-144.448,700,2240,-4760
-13.8521,-6.03159,-11.5962,-4.44653,-6.63694,-1.1099,0.837852,6.79394,-0.791275,-11.2407,-4.84571,-10.6788,-8.84846,-6.34672,-1.3594,2.62912,-88.328,-984.296,-145.424,1400,840,-5040
-5.20394,-0.410293,-3.10987,-1.23049,-0.283201,-0.069965,1.48661,1.38985,3.60592,-4.09847,-1.4715,-1.40178,-2.72368,-0.539367,1.33792,-0.4311,-89.304,-982.344,-145.424,2100,-280,-5180
-2.08026,-2.19146,-8.14575,-6.63173,-9.01072,-5.77574,-6.46706,-0.774971,7.75673,-4.30422,0.513185,-5.15064,-4.95098,-9.39374,-3.04563,-8.77979,-89.792,-980.88,-143.472,2520,-1260,-5600
-1.10496,-6.34,-8.60289,-7.91303,-10.4749,-7.74622,-5.31384,-1.84741,5.07565,-2.16833,1.89248,-8.09732,-5.21433,-9.96964,-3.14666,-7.92836,-87.352,-980.392,-141.52,2660,-1960,-5880
-2.10878,-8.17276,-2.80157,-5.48441,-5.07825,-0.590811,-0.666827,2.83541,-0.271534,1.059,3.62235,-6.60725,0.950793,-1.91714,-3.34165,-0.911279,-87.84,-980.392,-139.568,2800,-2660,-6020
0.282057,-9.41556,-3.03075,-5.54951,-6.56627,-1.25164,-0.530607,2.44682,-1.50594,-0.00128603,-0.024774,-7.40706,-1.10954,-1.69026,-3.26853,0.496734,-87.352,-978.44,-135.176,2520,-3360,-6160
8.24734,5.17745,3.71077,5.47899,3.01769,1.16843,4.30573,2.54963,7.39601,3.91257,0.114089,4.30699,2.30868,6.17231,2.93061,4.65691,-81.496,-980.88,-134.688,2520,-3780,-6160
6.85951,5.53339,6.35439,6.75264,9.20401,5.45452,6.74383,4.66772,1.49776,4.32835,0.565994,8.22633,5.17394,11.9018,1.52468,8.46571,-82.472,-982.344,-136.64,2520,-4200,-6160
-2.8314,-6.41441,6.21899,-4.32629,4.47715,5.54403,-2.83514,-5.4335,-17.048,-1.6855,-4.09372,1.54367,5.89406,10.7912,-13.2741,1.38428,-80.52,-980.88,-132.248,1960,-4480,-6160
2.13312,1.61772,6.06574,2.82978,4.20872,3.79397,-1.90583,-5.77086,-10.8062,3.11459,2.17286,3.39204,6.27369,6.37923,-3.95595,-1.77849,-80.032,-980.392,-128.832,1820,-4340,-6440
1.23592,1.36993,-0.511693,1.35588,-3.39312,-2.79469,-5.16103,-4.06122,-2.57865,-2.0228,-0.377575,-1.0378,-0.7331,-3.9124,0.0812438,-6.1083,-80.52,-982.832,-128.344,1260,-4340,-6440
5.63457,4.18633,2.5988,2.97188,-1.15007,0.42731,-3.22393,0.588632,-0.559207,5.59459,5.71622,3.11116,0.846873,-0.771236,1.50875,-2.79223,-80.032,-985.272,-129.32,980,-4200,-6440
4.07718,1.71402,-1.38522,0.134242,-2.9568,-1.45868,-3.91956,0.614473,0.533916,4.01995,3.51533,-0.34223,-2.83889,-4.2385,0.15915,-2.92656,-82.472,-988.688,-126.392,700,-4060,-6580
-8.84831,-8.67818,-6.89252,-6.98301,-6.19116,-2.9114,-3.29003,-0.69647,-8.05755,-7.82884,-3.92038,-8.25603,-6.15873,-6.84462,-2.77773,-2.44567,-80.52,-987.712,-125.904,420,-4480,-6580
-0.439736,0.957088,1.36379,1.70607,4.2862,1.37792,4.77163,-0.824048,0.499178,-0.288016,0.963947,2.24828,0.632396,0.340094,5.37529,2.49916,-83.448,-988.2,-122.976,280,-4900,-6720
0.852498,2.81572,3.05536,3.75936,5.56505,1.78473,7.12444,-2.03085,0.246027,1.35968,-1.18023,3.75606,1.51482,2.25287,7.47288,5.69189,-79.056,-989.176,-122.976,140,-4900,-7000
4.4078,9.51725,3.92422,10.6407,7.07171,-0.0302353,8.0004,-2.82363,9.43619,3.3293,-0.71325,6.12505,-0.224219,3.09133,14.3477,4.60425,-80.52,-986.736,-120.536,-420,-4760,-7000
18.4278,22.1962,11.7765,16.7287,10.4684,2.57696,4.69789,-0.374671,24.522,17.4996,10.4356,17.6384,5.52012,5.38021,12.4052,1.3072,-78.568,-987.712,-120.536,-700,-5040,-7280
-2.55479,-1.30226,-0.686947,-2.20329,-4.07407,-2.49947,-5.92328,-2.82639,-3.33077,0.647541,-0.777748,-1.05726,-2.76839,-4.12803,-4.48795,-4.43859,-81.008,-986.736,-116.144,-980,-4480,-7420
-16.1423,-14.5194,-7.9384,-14.4373,-10.1618,-1.08678,-8.28286,0.826678,-17.8094,-11.6114,-5.54626,-11.6206,-3.00023,-7.09715,-14.2157,-2.90123,-80.52,-989.176,-117.608,-1260,-4620,-7420
-13.0908,-10.476,-6.46509,-14.3268,-9.0133,-2.04881,-7.23776,-4.11356,-9.79427,-13.3279,-9.98852,-9.27551,-4.82556,-5.75816,-15.3877,-3.53176,-78.568,-987.712,-119.56,-1820,-4060,-7700
3.51144,2.29737,3.11032,-3.61681,-0.0252699,1.99211,-0.513849,1.4541,2.91636,2.22888,0.278922,2.29241,0.341677,0.935907,-5.60303,2.35094,-80.032,-989.176,-117.12,-2100,-4200,-7700
-2.87591,-5.58524,-2.07733,-4.5919,-3.95596,-1.34482,-0.902488,4.2005,-6.53079,-1.13942,0.764179,-5.13157,-1.35526,-2.72597,-1.84022,2.16598,-83.936,-991.128,-116.144,-2380,-4480,-7980
-15.205,-18.5007,-11.3551,-11.0848,-10.9106,-5.01339,-5.61036,3.02921,-14.6792,-14.3944,-4.57817,-17.5655,-5.5415,-8.06529,-4.3535,-2.22441,-81.008,-989.664,-114.68,-2520,-4900,-7700
5.98191,2.26952,-0.669443,3.19247,0.0845372,-0.183178,1.38044,6.80648,8.63622,2.13977,4.04401,0.41573,1.41605,0.0634448,5.47851,2.50453,-81.008,-990.152,-115.168,-2240,-5040,-7700
19.4146,15.0247,9.90887,13.3791,9.79528,3.25404,4.72192,3.22079,19.9952,14.246,7.64936,13.7247,7.25768,6.77011,10.1386,2.04721,-81.008,-991.128,-114.68,-1960,-6160,-7700
13.347,9.58151,6.03324,8.32492,7.20482,1.09681,4.08787,0.520223,16.2971,8.85217,3.46319,9.51474,4.1319,5.18892,5.36953,1.67399,-81.008,-991.616,-116.144,-1820,-6580,-7560
4.80666,10.2481,2.45357,10.2257,9.04254,2.70577,8.34964,4.33013,12.259,2.50733,1.76991,6.9914,2.0305,6.25862,6.71307,6.57565,-78.568,-988.688,-115.168,-1400,-6860,-7280
-0.356966,2.37715,-4.5714,-0.128661,-3.08506,-3.73217,-3.63617,-1.98474,7.87489,0.0188382,0.195408,-1.83333,-3.57207,-3.28598,-4.18588,-2.91266,-77.104,-987.224,-119.56,-1260,-6440,-7140
-12.6851,-13.1908,-10.6962,-8.95413,-6.80096,-2.25309,-0.393752,0.190826,-7.60635,-9.02186,-3.40611,-12.2033,-3.77585,-6.05371,-1.16834,-1.01466,-77.104,-989.176,-119.072,-980,-5740,-7140
-12.0783,-10.9963,-7.81024,-1.77948,0.0205645,-1.80742,6.47567,-2.03982,-10.4947,-9.03824,-7.8942,-8.73386,-4.25184,-1.82486,6.50805,0.892597,-77.592,-988.688,-120.048,-420,-5320,-7140
0.586042,11.8024,8.61448,13.6656,12.5397,4.8594,5.20094,-3.99358,0.406822,4.4443,-2.12802,11.7916,5.13877,8.90371,5.81218,-1.39584,-81.496,-987.712,-118.096,560,-5180,-7140
1.49811,-0.329789,9.80299,-7.606,-0.708159,2.84145,-13.9745,-10.4976,-7.22482,12.14,7.15815,7.12845,9.02279,2.65714,-17.6439,-13.8627,-82.472,-985.272,-117.12,1540,-5460,-7000
-1.96332,-7.96447,0.814844,-15.5146,-6.73338,-2.6463,-9.94904,-5.92911,-8.80934,2.02772,-0.912591,-1.53809,1.0498,-2.68655,-18.2111,-7.98395,-86.864,-984.296,-119.56,2240,-5600,-6860
-12.5895,-10.7993,-5.64816,-8.87231,-1.63364,1.75256,6.18688,6.88174,-15.0251,-13.2225,-9.66571,-7.33566,-3.34594,1.67621,-2.51524,7.24846,-83.448,-984.784,-120.048,2520,-6300,-6860
-4.23386,1.09425,-7.18842,7.34976,4.15813,0.0440624,15.5854,8.084,0.892875,-9.60737,-7.24231,-4.7769,-8.06156,1.3945,15.4565,11.6606,-84.424,-983.808,-120.048,2800,-6720,-6720
6.48239,7.32607,-0.714831,8.27622,1.73482,-0.135972,5.60131,2.24331,8.18207,4.87429,6.19078,2.19438,-1.3903,-0.610707,11.5784,2.12243,-81.984,-980.88,-119.072,3080,-7140,-6720
7.77397,7.25351,3.03956,6.62653,2.18886,0.253779,3.27616,1.52744,4.95753,5.86315,6.02299,5.16374,0.904476,-0.87043,9.3444,1.99142,-82.96,-977.464,-118.584,2800,-7700,-6720
12.6474,16.6565,9.5455,16.7076,11.4902,1.98599,8.80133,1.77432,6.69894,7.69382,1.00461,13.8646,3.13899,6.9546,14.6564,5.88108,-80.52,-980.392,-121.512,2660,-8120,-7000
14.0593,9.15691,10.9093,7.3969,4.47315,1.32414,-0.831585,-2.7084,2.82817,13.9076,6.76623,11.1964,6.24576,4.86445,3.15126,-0.39498,-80.032,-976,-121.024,2240,-8540,-6860
-9.46317,-7.71889,-9.6551,-10.7202,-14.2926,-4.50241,-13.0805,-2.1984,-5.60853,-11.7127,-5.93307,-11.9842,-5.62735,-9.82526,-12.9638,-8.24356,-78.08,-973.56,-122.976,2100,-9100,-6860
-18.1756,-21.8136,-16.6153,-21.9068,-24.0113,-9.21945,-17.9202,-4.57588,-14.7834,-16.6673,-4.65667,-22.2644,-7.81646,-16.4796,-19.2167,-12.7944,-76.128,-974.536,-122.976,2100,-9520,-6860
-0.463561,-7.8553,1.34533,-8.54578,-6.49038,1.28876,-7.05426,0.434657,-3.40605,0.675031,6.87499,-4.24122,4.40239,-0.381705,-10.5014,-2.82741,-76.128,-977.952,-126.88,1960,-10220,-6720
-0.0216582,-4.12826,2.55129,-5.67632,-2.36752,0.917336,-8.02981,-4.03231,-0.0964856,-3.43928,-2.0587,-1.00865,0.660136,3.26191,-11.4569,-5.03804,-78.08,-977.952,-122,1540,-10780,-6580
4.82001,1.9324,9.11544,3.36003,8.36397,6.304,0.924814,-0.47164,1.66673,4.71081,4.20623,6.84356,6.81512,8.98803,-0.583794,2.07094,-75.64,-980.88,-127.856,840,-11480,-6160
0.249648,-6.30904,4.11528,-4.8949,-0.760225,-0.375546,-8.72978,-7.5158,-8.00859,2.17187,1.59667,-0.749887,3.33864,0.112158,-8.36834,-7.49052,-77.592,-982.344,-131.272,560,-12180,-6160
13.0083,7.56459,10.5868,4.3026,7.31209,3.71551,1.55775,-0.749191,7.50038,13.3212,10.2807,10.5917,6.79651,4.66267,1.33028,-0.252731,-77.592,-984.296,-137.616,280,-12740,-6020
5.93828,12.8551,2.55555,10.5843,11.3515,3.74206,14.0962,7.23524,16.8625,1.80357,-0.148756,7.86802,-0.898776,5.42763,13.7418,11.4891,-76.616,-984.296,-138.104,0,-13440,-5880
-2.92128,4.60242,-5.95364,9.6837,5.77582,0.650129,14.9352,9.48959,6.41234,-3.9625,-7.59034,-0.941486,-6.38221,0.0341857,16.6898,13.6532,-73.688,-983.32,-143.472,-140,-13720,-5740
-4.65094,-2.50881,-5.65486,1.52886,-2.06835,-1.19309,3.10262,3.71263,-3.51404,-0.152593,-2.21045,-3.64935,-4.38948,-4.4705,3.84534,3.74644,-69.784,-982.344,-141.52,280,-13440,-5460
-13.9926,1.48667,-8.94561,5.58378,1.39397,-2.50052,4.51496,2.27788,-6.27571,-11.5305,-7.36164,-3.46008,-5.62425,-3.30682,7.17748,3.04132,-73.2,-983.32,-141.52,560,-13020,-5460
-4.35819,-0.198672,-7.05802,-2.39174,-5.63767,-3.20342,-2.82181,0.676092,2.46425,-1.38457,0.317098,-4.37079,-3.08434,-5.35606,0.730715,-1.4695,-72.224,-981.368,-141.52,420,-12740,-5460
-3.62356,-7.00655,-2.62718,-8.64423,-7.17705,-0.381415,-4.98831,1.61618,-3.99222,1.86013,2.34393,-6.5043,0.970783,-3.29624,-4.84833,-1.06963,-67.832,-978.44,-140.056,140,-12460,-5180
-6.30182,-3.74773,-2.43774,-1.40709,-1.44042,-3.28007,0.0706368,-2.19359,-4.97891,-4.28109,-5.94115,-5.23317,-2.85946,-1.32033,5.42147,-0.0643273,-69.296,-985.76,-137.128,-560,-12180,-5040
8.61346,8.07216,3.05553,5.47522,3.6537,-2.14537,2.69392,-0.00914179,11.5022,5.96932,2.37568,5.46846,-0.837357,0.633891,8.21938,1.13035,-70.76,-989.664,-137.616,-1120,-12040,-4900
-1.61791,-2.56593,-3.37401,-7.30136,-5.93063,-3.34126,-5.75785,-3.53152,2.48018,-4.56924,-4.46056,-3.30483,-5.34055,-3.90798,-7.53527,-2.40372,-70.76,-992.104,-136.64,-1400,-11760,-4900
3.60254,-0.165466,1.26486,-2.6219,-2.4205,-1.78106,-3.16748,-5.85705,0.279142,1.90504,3.43463,0.671346,-0.0306746,-2.15371,-2.9866,-2.65817,-71.248,-994.056,-136.152,-2100,-11480,-4760
19.5071,15.1636,16.2642,15.0672,16.5492,7.97789,12.5681,0.981445,8.81857,15.7897,12.3748,18.0091,12.2359,12.7919,11.5856,9.39332,-66.368,-996.008,-136.152,-3080,-10780,-4760
0.101195,-7.43476,-1.24428,-3.55253,1.55796,2.74011,4.53353,-1.16323,-6.02565,-6.54278,-6.17251,-3.54379,-1.56302,3.15487,-1.45046,5.50065,-67.344,-996.008,-138.592,-3500,-10500,-4760
-2.11467,-14.1032,-4.03139,-11.4148,-6.41216,0.730102,-5.0231,-4.3659,-12.6164,-4.02804,-0.458071,-8.05577,0.0292161,-3.51797,-12.054,-2.63482,-67.832,-997.472,-134.688,-3640,-10220,-4900
8.59881,1.05894,6.8787,-2.33838,-1.91689,0.0713256,-8.14327,-8.43009,-1.90436,9.04119,6.25981,5.70239,7.18908,-0.59092,-12.3408,-8.61681,-69.296,-1000.4,-136.64,-3920,-10780,-4620
0.0618246,5.67922,7.007,3.58081,5.57329,5.97731,-0.170575,2.88454,-1.54144,0.106026,-2.46314,7.86069,6.09279,6.99099,-8.57729,1.09867,-66.856,-999.424,-133.712,-4060,-10780,-4620
-4.95867,4.03341,3.17017,3.74964,6.19665,6.57553,0.759875,4.43191,0.643469,-4.84905,-5.92607,4.72031,3.65286,7.72649,-6.96345,1.80663,-67.344,-999.912,-135.664,-3920,-10640,-4760
-0.99763,3.76781,-0.530416,0.36664,-4.56863,-3.35332,-11.2828,-4.80313,5.45729,0.810055,-1.644,0.627777,0.512047,-3.14947,-9.04276,-13.4805,-66.368,-1002.35,-135.664,-3780,-10500,-4760
0.408628,-0.798021,-2.09811,-3.69692,-5.44281,-2.40539,-5.39244,2.56345,4.81994,2.72952,2.08008,-2.43849,-1.41111,-4.47729,-4.60078,-6.65245,-65.392,-1002.35,-135.664,-3920,-9380,-5040
-5.38232,-6.55257,-8.82996,-6.82094,-8.12595,-6.18665,-1.78646,3.21618,-0.539256,-4.0589,-1.69271,-7.9463,-6.97568,-8.43529,1.50011,-4.07934,-64.904,-1004.3,-135.176,-4060,-8260,-5040
-10.6244,-10.0858,-6.53799,-4.52561,-4.68579,-5.02792,1.33125,1.863,-8.72032,-7.07276,-4.72274,-8.49433,-5.3375,-4.52878,6.66298,-0.222958,-63.928,-1003.82,-133.712,-3920,-7280,-5320
-1.43234,4.7927,5.52953,14.6493,15.7414,6.23174,20.4479,11.3755,0.876506,0.494685,1.47579,6.27232,2.83296,10.7195,23.8535,15.5189,-68.808,-1000.4,-134.2,-3500,-6580,-5180
-4.48388,2.98408,-2.93721,10.5065,8.24943,0.0328798,13.5232,5.33718,1.15978,-8.53106,-7.91158,-0.331078,-5.41783,4.31831,17.3888,8.60744,-64.904,-1002.35,-134.2,-3360,-6580,-4900
1.07432,2.76248,-2.09404,5.49628,3.11026,0.397784,5.7229,4.88454,2.20243,-0.868437,0.277146,0.281245,-2.40871,1.17436,9.5129,3.23512,-63.928,-1001.38,-132.736,-3360,-6720,-4900
-1.15588,-8.275,-6.21862,-11.1538,-14.7523,-9.76001,-16.0237,-8.64813,-5.12463,2.06111,3.19364,-9.19891,-4.26238,-13.1911,-10.6198,-15.367,-60.512,-998.936,-132.736,-3640,-7000,-4620
-1.77168,-2.46456,-2.64845,-6.3554,-9.3176,-4.93449,-13.4621,-5.51693,-3.52313,0.901179,3.34605,-5.02046,-1.33278,-8.27756,-10.3443,-11.3091,-61.976,-994.544,-137.616,-4060,-7140,-4340
4.8159,9.62905,-0.22732,5.23579,-1.69566,-0.486673,-3.10261,-1.71858,8.4005,2.82517,6.14809,2.9887,0.594807,-3.41732,1.23184,-4.54176,-63.44,-996.984,-134.2,-3920,-7420,-4200
6.33077,6.89804,2.83924,3.30234,2.52076,2.16572,2.85266,-2.16713,7.35008,3.20381,4.53858,5.29171,2.12824,2.94724,1.73286,1.58268,-62.464,-996.496,-129.808,-4060,-7980,-3920
11.9507,3.6608,5.96984,0.16963,3.65616,2.09554,2.87942,-2.7469,8.34158,9.29206,7.18432,6.40574,3.97721,3.56383,0.920677,2.05249,-61.488,-998.448,-130.784,-4340,-8960,-3500
11.6445,4.56285,3.77144,1.65518,2.33373,2.17288,2.69367,-1.26365,9.77658,7.72201,3.19959,4.54573,3.43112,2.38353,4.21679,1.70256,-59.536,-994.544,-132.736,-4620,-9660,-3360
-10.0966,-7.24364,-0.519977,-2.03998,1.89129,3.81267,3.44137,1.51097,-13.7509,-5.71482,-4.97367,-4.02164,0.566265,4.00847,0.891383,5.50945,-63.928,-999.424,-134.2,-4480,-10080,-3080
-13.2699,-15.2719,0.494083,-13.2304,-2.69676,2.64156,-5.01042,0.696267,-19.7788,-3.07793,1.79742,-7.10994,2.83902,0.897042,-13.0106,0.97324,-60.024,-999.424,-139.568,-3640,-10500,-2800
-8.98683,-9.19785,-1.70501,-9.72122,-4.27896,-0.914763,-4.63033,-0.747289,-7.70263,-4.66735,-2.67107,-6.99266,-1.45588,-0.00355533,-10.0991,-0.561693,-61.488,-996.984,-140.544,-3080,-10080,-2660
5.0924,8.75213,4.80668,7.86733,6.94728,5.2145,9.15504,5.99869,8.42824,3.18841,1.01828,6.4702,3.36662,6.68281,8.53537,9.45391,-62.952,-998.936,-150.304,-1820,-9940,-2380
9.46001,5.18688,3.83831,0.589792,0.963893,1.60501,-0.385051,0.421749,9.98533,5.88685,2.66246,5.91045,2.49049,2.35322,-1.43015,2.43822,-64.416,-997.472,-152.256,140,-9520,-1960
0.259386,-1.01548,2.24225,1.46051,0.988081,2.49176,0.839483,2.11902,-2.44395,0.960138,-1.36359,1.73859,1.68572,2.6905,-0.206267,3.96446,-66.368,-999.424,-152.744,1120,-9240,-1820
-8.15382,0.834114,-2.33493,6.87208,4.68163,2.33805,9.2223,3.59415,-9.75508,-7.15267,-7.26768,-0.817129,-0.372644,2.78686,8.64586,8.02095,-67.832,-1000.89,-156.16,2940,-8120,-1540
-7.61841,4.60311,-7.22354,9.09362,3.1273,-3.22692,7.49187,0.232332,-5.31876,-10.7784,-9.31204,-2.28229,-6.3757,-2.18989,9.35853,3.93733,-71.736,-1000.89,-155.184,4200,-7420,-1400
8.16107,8.76698,3.56248,-2.71324,0.156372,-2.67554,-9.12581,-4.49657,8.00075,6.87789,2.9811,8.32607,2.11335,-1.05015,-13.6765,-6.50859,-72.712,-998.936,-152.256,5320,-6720,-1400
1.63098,-2.75039,-0.733948,-10.7869,-5.98214,-3.80074,-12.4107,-5.27652,1.27561,0.746499,-4.03079,0.684632,-1.37653,-2.87779,-17.6896,-7.13349,-74.176,-1000.4,-152.744,6300,-5600,-1400
-2.26302,-3.09662,-3.83841,-4.13206,-4.28757,-1.76169,-4.89658,-1.38377,1.33347,-4.47221,-6.0753,-2.56435,-3.57325,-1.98614,-5.86518,-1.66365,-78.568,-999.912,-156.648,7140,-5040,-1400
-1.36817,-3.91626,-4.79703,-3.0198,-6.29239,-5.06663,-4.64316,-3.62298,2.6197,-0.193014,1.16304,-4.46997,-3.94485,-5.29621,-3.63426,-3.04615,-80.032,-996.496,-157.624,8260,-4620,-1400
-4.17684,-1.67309,-0.526594,3.52674,-0.880184,-2.75104,-2.45236,-2.99469,-1.94449,0.145612,1.04737,-0.985938,-1.40726,-0.276845,3.62495,-0.894544,-81.496,-998.448,-153.72,8820,-4060,-1540
-2.45351,1.86743,1.92763,2.59617,-0.359922,-0.473417,-5.14008,-3.36678,-2.12346,1.69779,1.31452,0.456113,1.1598,-1.41591,0.968339,-4.16586,-78.08,-996.984,-150.304,9100,-3780,-1960
-1.44111,-0.187685,-0.842618,2.56677,1.5012,0.566006,1.55365,-0.764871,-1.14813,-1.61838,-2.14854,-1.24433,-1.81302,-1.52861,5.06879,-0.298955,-76.616,-997.472,-151.768,9520,-3500,-1960
-0.87123,-0.68881,-0.364509,4.46939,2.54777,1.13969,4.76252,-2.10451,2.68359,-3.37891,-2.14296,-1.87987,-2.31534,-0.182855,10.1892,0.284419,-79.544,-997.472,-148.84,9940,-3780,-2240
9.6969,6.51963,6.66371,10.5228,10.8808,7.56485,16.0448,6.486,6.31579,6.91185,7.20358,5.53377,4.25959,6.69723,18.5733,10.5313,-76.616,-1003.82,-141.032,10640,-4480,-2380
6.1731,-2.13544,-1.35665,-3.04526,-0.609913,-0.250789,7.58897,2.23898,2.97283,2.56674,4.24686,-3.58379,-1.36123,-1.81051,5.14819,3.42493,-78.08,-1007.23,-136.152,11060,-5320,-2520
8.83979,1.52764,2.17499,0.0311729,1.29435,2.08583,6.24351,5.74347,6.14556,7.41281,9.94174,1.94691,4.0985,-0.41928,2.8631,1.99879,-76.616,-1007.72,-135.176,11900,-6580,-2660
-0.105145,-9.21871,-2.71087,-9.42869,-5.4923,-1.49144,-5.46989,1.20536,-3.07134,-0.902391,0.57433,-4.53505,1.0021,-4.0502,-7.2633,-5.93467,-73.2,-1007.72,-131.272,12880,-6860,-2660
0.561187,-3.05197,0.627391,-3.24088,-0.00619558,4.08787,-2.4422,4.63375,1.11279,-0.123404,-0.877159,-0.451164,3.82944,1.78841,-4.14034,-2.78039,-72.712,-1002.84,-133.712,14000,-7420,-2800
6.58629,3.55131,3.61551,1.09565,0.641885,-0.80713,-4.73685,-2.08907,8.00725,3.32497,1.69268,4.8379,2.47395,-0.0372726,-4.44387,-7.74631,-72.224,-998.936,-136.152,14700,-7980,-3080
1.0164,-2.86366,-2.53679,-3.46475,-6.29159,-5.68463,-8.65208,-4.08562,0.921628,-2.82454,0.051155,-3.58696,-1.38526,-5.09661,-4.55129,-9.68499,-70.272,-996.008,-130.784,14980,-7560,-3080
-2.25968,-6.48113,-5.78901,-9.69999,-10.2445,-4.35604,-10.0695,-0.146433,-4.84307,-5.22606,-1.9673,-7.91708,-3.12106,-7.1466,-10.1877,-6.9127,-69.296,-987.224,-134.2,15400,-7420,-3500
-15.7907,-11.0948,-12.14,-7.90378,-12.5412,-7.21256,-7.15999,0.273522,-20.5193,-13.7611,-7.54679,-14.7172,-7.80101,-11.7152,-7.29924,-5.74167,-66.856,-989.664,-132.248,15120,-8260,-3640
-15.9184,-7.08416,-7.09844,-0.34298,-3.72949,-4.35726,0.47271,0.41349,-20.9846,-11.1271,-7.68859,-8.06643,-5.25872,-3.74137,2.0764,0.115956,-62.464,-981.856,-141.032,14700,-8960,-3640
-1.58231,12.3934,6.39228,12.9873,12.1196,5.11283,10.6594,3.78438,3.5086,-2.05007,-1.58769,10.2072,2.686,9.56775,12.714,8.87609,-60.512,-979.904,-142.984,13720,-10360,-3920
9.73754,20.2612,13.7169,16.6709,17.5258,8.57229,13.6871,2.84239,15.1531,6.51082,2.67496,19.2036,6.18682,15.7252,12.8672,11.9795,-57.096,-978.44,-146.4,12880,-11340,-3780
11.643,10.9099,14.2484,4.86682,10.6494,9.04215,5.7773,0.971363,10.1698,14.1646,10.8652,15.2134,9.72134,12.6897,-0.220178,7.01536,-52.704,-982.832,-146.888,11900,-12600,-3500
2.3011,6.95128,3.86225,7.11746,7.61248,5.61227,7.19966,0.659221,4.59953,4.64629,2.13095,5.74983,4.13409,8.84507,5.51277,7.86933,-50.752,-989.176,-150.304,11340,-13440,-3360
1.94563,6.81371,1.02409,7.07912,5.63091,4.19277,6.15424,1.14921,7.28508,4.53346,1.13184,4.15933,1.27047,5.2134,5.40979,6.75716,-46.848,-999.424,-141.032,11620,-13860,-3220
-0.742769,5.11346,4.24541,7.54126,7.99283,6.94825,7.68149,4.57777,2.30223,4.34422,1.56778,5.3474,2.44295,7.19987,4.62922,9.12763,-43.92,-1005.28,-135.664,12740,-14000,-2800
-1.27662,-4.96936,0.899651,-3.78297,-0.243,0.595078,-0.539815,-1.56404,-1.76685,2.38187,-1.23433,-1.50016,-1.62678,1.29411,-3.78378,1.39873,-40.992,-1007.72,-132.248,13720,-14000,-2660
-2.73152,-9.63622,-4.74589,-12.8179,-11.4826,-4.79689,-12.5332,-4.9879,-3.86409,0.335481,-0.901651,-7.87231,-3.03087,-8.52432,-11.062,-9.48897,-46.36,-1006.26,-131.76,15540,-13440,-2380
-2.9057,-11.8741,-9.14933,-17.3209,-17.0577,-11.2319,-18.4831,-8.7497,-6.31322,-0.446197,-1.10397,-10.8842,-5.5308,-15.0813,-14.2378,-15.578,-47.824,-1006.74,-133.712,17500,-12180,-2100
-0.106338,-5.28097,-3.49074,-12.1029,-10.5597,-8.35397,-14.6708,-8.6857,-2.61212,1.97115,1.36095,-3.91533,-1.44674,-9.24186,-13.7688,-13.9339,-43.432,-1005.28,-131.272,18480,-11060,-2100
-7.63531,1.17547,-4.18775,1.72555,-0.954556,-3.40283,-1.1557,-0.162505,-3.72875,-11.5339,-8.96907,-3.24672,-3.24082,-2.29484,-1.77683,-0.753927,-44.408,-1003.33,-127.368,19600,-10080,-1540
-10.4734,-12.7411,-7.96188,-9.95644,-7.95375,-4.75009,-3.38896,0.852633,-9.35978,-10.9883,-7.35955,-11.7305,-5.21683,-5.66849,-7.49016,1.73631,-43.432,-995.52,-130.296,20580,-9100,-1120
0.477884,-8.21512,-3.243,-3.73856,-1.90729,-2.45916,3.50637,3.08624,-2.93105,-0.775105,-1.44848,-5.05916,-2.3672,-2.61208,1.74315,5.5604,-50.752,-992.592,-127.856,21420,-8680,-420
6.00427,6.14732,-0.759394,9.93437,6.67521,-0.430208,12.5854,6.52036,8.27336,0.951856,0.425886,2.33697,-2.21564,2.52766,15.1622,8.06178,-51.24,-989.664,-128.344,21840,-8400,420
1.76387,2.55664,0.18383,5.00035,4.49291,-0.408477,6.73855,1.19223,0.984394,0.0552464,0.37483,2.04075,-0.781862,2.91823,6.9824,1.01213,-56.608,-991.128,-125.416,21700,-7980,980
1.26898,0.404824,1.86386,1.90482,1.24811,1.29839,-1.25556,-2.39081,0.113925,2.69669,4.37483,1.7038,3.12502,2.02886,0.0406849,-6.31872,-60.512,-990.152,-124.928,21000,-6720,1540
5.40762,6.13023,4.37276,8.51406,4.11716,0.921354,-0.660293,-6.29845,7.81042,3.41672,1.48411,5.65835,2.32627,3.62428,1.93594,-4.75003,-62.464,-989.664,-126.392,19880,-5460,1960
16.4664,13.2244,14.8386,14.8099,13.5633,7.79153,5.62093,0.899715,7.04047,16.2906,9.16176,16.3595,9.62403,11.3267,3.7461,6.51107,-68.808,-990.152,-127.368,18620,-3080,2100
3.38128,-3.81188,0.589656,-4.6098,-3.19531,-1.55655,-5.3866,-3.62823,-0.669378,5.73258,4.2658,0.384601,-1.56081,-2.91064,-8.8627,-1.04886,-70.76,-985.272,-126.392,17780,-700,2380
-2.45291,-3.85086,-3.96797,-1.26099,-2.44118,-0.31787,3.02444,2.50981,1.70007,-4.5245,1.61792,-2.73719,-2.38851,-4.69844,3.45895,2.38966,-76.128,-982.832,-128.832,17080,420,2800
-5.86437,-4.65349,-4.11489,-2.45859,-2.65024,1.54154,1.09181,4.11744,-4.11263,-8.77908,-2.94552,-4.83489,-0.603895,-2.6275,2.54408,0.705484,-77.592,-984.784,-133.224,15960,1540,3220
-14.6126,-11.6589,-5.90638,-14.0282,-10.6252,-1.39961,-12.0957,-4.53999,-14.1203,-13.4205,-8.99726,-9.91825,-2.22664,-6.31901,-12.9525,-10.2258,-79.544,-988.688,-130.296,15540,2240,3220
-17.8676,-12.1547,-9.90165,-14.9137,-14.8681,-4.50276,-14.5589,-3.96403,-14.9608,-15.4697,-9.9763,-13.8429,-5.69488,-11.1198,-11.9053,-11.8669,-81.008,-983.32,-129.32,14840,2520,3080
-3.72772,3.79091,-2.71657,2.22952,0.198485,1.57853,1.86344,5.95155,2.92249,-4.60313,-3.30062,-0.770767,-2.72898,-1.67526,5.64139,4.44767,-79.544,-983.808,-127.856,14700,2660,2940
3.64955,8.23385,3.79738,4.07564,5.06702,4.42954,2.12513,3.44599,8.2998,2.46066,0.219785,5.76145,2.28568,4.30253,3.89188,6.71928,-86.864,-984.296,-130.784,14000,1960,2940
7.67853,8.06955,4.89111,5.35131,6.49976,6.53444,6.5632,7.06484,8.73309,6.34432,6.17431,5.06284,4.22609,4.05315,8.21559,10.2307,-87.352,-986.736,-134.2,13720,1260,2800
14.3711,10.7762,9.28642,7.25287,7.90855,3.75715,6.3871,1.89588,11.9098,11.6074,5.85796,8.68505,5.11551,6.10747,9.56172,5.9514,-86.864,-981.856,-130.296,13300,140,2800
15.5953,16.8729,16.343,18.9211,18.7142,8.83099,15.8765,4.35795,7.79558,14.5662,5.66612,16.9494,10.6283,15.5128,20.036,9.82951,-85.4,-990.152,-130.784,13160,-1400,2800
4.33311,5.63396,3.89464,10.1571,8.13443,1.43271,12.6268,2.52916,-0.104167,4.09405,0.679921,4.81023,0.842672,5.97776,14.6353,6.03627,-84.424,-988.688,-129.808,13020,-3080,2520
-0.543535,-1.11201,-3.26406,-1.78234,-0.735977,-2.6209,3.10993,-0.495656,0.716975,-2.34401,-0.416922,-2.4359,-3.45036,-0.0745524,-1.40251,1.46268,-82.96,-988.688,-125.904,13160,-4200,2380
-0.512618,-3.90231,-3.2152,-6.74599,-6.04469,-4.81671,-8.27252,-6.75938,0.0688514,0.906018,5.18211,-3.75778,0.0464132,-3.86638,-11.2055,-7.65146,-83.936,-990.64,-126.392,12880,-5460,2100
-5.00387,-3.60032,-5.07659,-6.83275,-7.30348,-6.37328,-11.7447,-8.09436,-3.32188,-3.01296,-1.83076,-3.80084,-2.2967,-5.61505,-14.1494,-9.67501,-84.424,-987.712,-121.512,12880,-6160,1960
0.151419,-2.59121,1.34535,-5.63907,-1.37849,1.8865,-4.46612,1.31134,-1.78131,2.01999,1.32966,0.64367,1.83797,0.491482,-9.42381,-1.14887,-84.912,-985.272,-126.392,13020,-7140,1960
0.528352,-10.6425,-3.67464,-10.9461,-8.68727,-4.20462,-8.53557,-2.6638,-2.4192,1.064,-0.0818193,-6.77561,-3.38595,-5.50771,-8.65685,-8.66936,-84.424,-983.32,-122.488,12740,-7700,1680
-1.81955,-1.6559,-4.30914,2.00826,-1.50586,-0.775152,1.248,3.08666,0.347513,-2.10823,-2.0632,-2.58861,-1.92312,-0.340887,4.23505,-2.16664,-81.496,-985.272,-125.904,12460,-8260,1820
-7.91219,-3.30479,-6.42162,2.53068,-1.02653,-0.808998,4.71662,4.19955,-9.71903,-4.93454,-2.20698,-5.16087,-3.25093,-1.28366,4.13541,1.47491,-81.008,-985.76,-122,12460,-8260,1540
-14.3682,-8.05306,-6.67127,-4.41574,-5.79682,-3.38876,-3.35327,-3.30073,-19.289,-9.10063,-4.92265,-8.45212,-2.97505,-3.71877,-6.00328,-4.5922,-81.984,-988.2,-123.952,12460,-8540,1400
-8.54357,-3.76783,-4.95837,-4.74137,-2.81866,-1.59685,-2.08787,-0.942172,-6.8859,-9.24916,-5.26733,-4.64866,-1.11631,-1.10912,-6.00659,-0.559363,-82.96,-985.272,-125.416,12320,-9100,1400
1.08142,4.26399,-0.709922,4.8521,6.05621,0.207178,8.80413,4.62453,5.46579,-4.38687,-3.99526,2.56264,-2.17872,3.03287,6.881,8.02478,-82.472,-985.76,-123.952,12040,-9380,1540
5.95523,-1.21865,-0.570035,0.971312,-1.324,-3.98003,1.89227,0.581803,4.60284,3.48592,3.23609,-0.471635,-2.82619,-3.04963,5.18817,1.8854,-84.424,-987.224,-123.952,11760,-9800,1680
10.805,3.67194,6.4657,3.82392,3.31279,2.19256,2.97802,2.64939,7.5188,10.977,9.10483,6.48678,4.17598,1.90101,1.85358,4.48612,-85.4,-988.2,-122,11480,-10640,1680
4.57022,2.29131,3.8854,-1.12066,-1.53878,-0.306599,-5.76846,-5.37842,6.38497,4.82733,1.81306,4.37959,1.49329,-1.03114,-8.65339,-4.4739,-80.032,-987.712,-122.488,11200,-10640,1540
8.42902,5.7606,9.22392,2.50489,5.20403,5.54628,-0.139354,-2.37761,9.62712,10.2241,4.42168,10.3962,5.51767,5.52342,-3.93842,0.0147272,-79.544,-989.176,-119.56,10500,-11060,1680
-9.03185,-6.8549,-1.54603,-3.51879,-2.34041,-0.579309,-3.11153,-6.48252,-4.59951,-6.02165,-8.62546,-3.60922,-2.24996,-1.49289,-2.40397,-4.82084,-79.544,-988.688,-117.12,10220,-11200,1680
-12.6484,-6.8452,-4.55246,-4.44107,-3.14225,-0.0986183,-1.18979,2.00113,-6.69723,-9.23904,-6.13529,-6.74739,-3.31856,-3.32634,-1.35224,-1.1692,-76.616,-988.688,-121.024,9940,-11480,1960
-7.44858,-1.65511,0.0607933,1.15264,0.215386,0.0350377,2.14509,2.64902,-5.55747,-4.50931,-3.2306,-3.34573,-1.23885,-1.0761,4.08627,2.05988,-75.152,-989.176,-122,9800,-11620,2240
2.01351,3.86732,3.77933,5.23975,0.717783,-0.665648,-0.89969,-2.65821,0.123504,4.52164,1.67766,1.78776,1.5212,-0.899667,4.7763,-3.18919,-73.2,-986.736,-121.512,9800,-11760,2380
14.5105,12.5095,9.40167,2.69866,3.12242,2.64396,-5.83058,-1.78357,12.283,13.4802,6.97549,12.6243,6.39956,2.76921,-4.07382,-4.60448,-72.712,-985.76,-122.488,9520,-11480,2660
-1.6387,-1.66928,-1.85933,-7.00803,-4.27767,-0.314383,-7.7362,-0.992028,-1.10449,-4.44383,-2.85641,-1.48823,-0.519642,-1.92381,-8.15904,-3.10969,-70.76,-985.272,-124.44,9100,-11060,2800
0.122893,-1.57194,-0.36549,-0.555587,0.776431,-0.200675,-0.771163,-1.72142,-0.731536,-0.538347,0.858387,-0.642362,0.0687341,1.42687,1.33521,1.11997,-70.76,-983.808,-121.512,9100,-10920,2940
-1.24894,-1.60035,0.680435,2.08102,2.48813,0.0314691,3.75228,0.0408191,-4.89473,2.32735,4.45233,-1.55591,2.13064,0.866934,7.43355,2.906,-72.712,-983.32,-127.368,8680,-10220,3220
-12.8438,-10.7055,-6.21604,-4.91576,-4.79315,-2.53317,0.233823,-1.96734,-13.956,-9.18637,-3.29572,-11.3767,-2.22313,-3.69301,0.499396,-0.0260932,-72.712,-982.832,-121.512,8820,-9940,3780
1.43292,0.0196742,-4.10876,3.64223,1.99731,1.9175,7.37093,5.18041,3.31048,-2.73407,1.45623,-3.43137,-0.517168,0.475038,8.56574,7.02158,-73.688,-983.32,-122,8540,-9240,3920
14.8807,9.14549,-1.82937,7.92241,5.01733,0.550511,8.09912,3.68269,18.1198,3.58954,3.90905,3.59154,-2.21694,1.91734,8.99769,6.73374,-73.2,-980.88,-122.488,8260,-8960,4060
16.5944,11.9356,5.05736,7.53736,5.75217,1.30887,4.26911,2.54834,17.8359,8.28337,6.47982,10.0408,2.1455,4.45575,5.71818,3.68153,-71.248,-980.392,-121.024,7560,-8120,4200
8.82607,12.0149,7.92239,10.5822,9.89569,6.24294,8.63152,6.54716,11.0979,5.29341,3.22239,11.0553,5.34794,9.16521,8.51855,9.26522,-71.736,-982.344,-121.024,7280,-7700,4340
2.62799,4.71616,3.81653,3.20817,5.71325,2.73611,4.42373,1.12591,4.69356,1.53435,-1.22177,5.39096,1.88953,6.67739,1.42217,4.19946,-73.688,-979.416,-120.536,6720,-7560,4480
-2.57046,-7.63554,-2.91041,-12.1888,-7.2523,-1.7184,-6.4809,0.267318,-2.69617,0.255021,0.0442801,-4.37868,-1.293,-2.66264,-10.9057,-3.45812,-77.104,-980.88,-120.536,6300,-7560,5040
-5.35944,-7.48379,-3.50792,-11.429,-8.28049,-3.66157,-10.0255,-5.09086,-4.85017,-4.52111,-6.25526,-4.26144,-1.84864,-4.48242,-14.7946,-7.59133,-79.544,-979.416,-122.976,5880,-7560,5180
-9.10625,-1.73189,-0.913155,-1.62843,-0.0591035,0.562901,-3.30687,-2.3706,-9.05592,-9.09668,-10.1947,0.201172,-0.463833,0.501753,-4.12705,-4.09683,-77.592,-984.784,-120.536,5180,-7700,5180
-9.78483,1.00606,-6.92347,4.44549,0.835731,-0.792961,0.83306,3.21056,-8.49948,-12.0206,-10.049,-2.88877,-6.40451,-4.20253,3.62785,0.00594928,-76.128,-983.32,-122.488,5040,-7560,5460
-8.76672,-6.53432,-7.7241,-2.94505,-6.18102,-5.09192,-5.64614,-3.65624,-12.3297,-7.00134,-5.99818,-8.57194,-6.40948,-7.94489,-3.5776,-5.91646,-75.64,-985.76,-120.048,4900,-7560,5740
-3.69283,-6.23637,-2.18353,-2.10583,-4.89298,-3.06428,-2.60342,-2.80466,-9.98358,0.626017,1.38374,-5.67711,-0.916812,-3.96625,0.803488,-3.80023,-78.568,-985.76,-123.464,4620,-7700,5600
-5.92971,-7.93604,-2.41432,-4.42062,-5.30412,-2.36587,-3.33847,-1.28973,-14.0926,0.251958,3.71267,-7.09222,-0.349786,-3.28589,-0.195439,-3.49274,-78.568,-989.176,-120.536,4620,-7560,5740
-6.02568,-13.2749,-3.01308,-13.0406,-10.0765,-3.90263,-7.90724,-3.05784,-13.1162,0.35804,4.12403,-10.4722,-1.71786,-5.19392,-8.79895,-5.85584,-81.496,-988.2,-126.392,4620,-7840,5880
10.3359,6.85561,5.09181,2.38517,2.41617,1.64006,4.40479,4.13522,10.3844,10.2778,11.5262,4.4738,3.28383,1.47398,2.68255,2.68307,-78.08,-988.688,-124.928,4900,-8260,5880
7.50691,11.0106,4.1322,8.72199,6.16242,0.165239,6.90775,1.03686,9.25597,4.00291,2.82553,5.98443,-0.0797225,2.69374,7.29395,4.02136,-78.568,-988.2,-123.464,4900,-8680,6020
3.39723,8.36176,8.09234,11.7995,11.8522,7.70084,13.3388,8.19718,0.0439329,3.58284,4.29971,8.36025,6.09676,9.10302,12.5985,11.446,-77.592,-989.664,-124.44,5040,-9520,6020
0.0653157,-6.34867,3.0529,-6.21927,-1.86575,0.734964,-2.45912,-2.16158,-6.54775,2.9443,2.04007,-1.11096,2.80806,0.0154221,-5.99549,-1.28466,-76.128,-989.176,-123.464,5460,-9520,6020
3.88866,1.15839,3.74944,1.20143,3.01083,3.54305,2.4481,3.18265,0.898984,4.75441,1.33521,4.75625,1.82998,3.03898,0.682268,3.62667,-75.152,-990.152,-124.44,5180,-9660,5740
-1.06616,0.908032,-1.25801,1.39508,0.642308,1.95769,0.97808,3.34284,1.90921,0.0917246,-2.14477,1.06298,-1.25303,-0.43566,-0.701746,1.35116,-74.664,-990.152,-123.464,5600,-9660,5600
-4.66146,-3.27486,-4.64799,-3.74706,-3.84594,-0.95723,-3.45919,-0.75408,0.679446,-4.2976,-4.45344,-3.38701,-2.48799,-2.86454,-9.68814,-2.26157,-74.176,-988.688,-127.368,5600,-9800,5600
-2.83029,-0.483452,-2.41332,-0.959641,-2.16097,-0.0156599,-3.66877,-3.43117,3.17171,-2.92029,-2.95694,-0.371586,0.375011,-0.941419,-8.11908,-3.3716,-74.176,-990.152,-121.512,5880,-10080,5320
7.16387,8.68471,4.13091,7.77642,6.24462,2.15507,3.83916,-2.02192,11.7666,7.421,2.94742,8.58007,4.43602,4.6486,5.98141,0.576755,-71.736,-991.128,-127.368,6020,-10220,5320
5.36642,11.2904,3.3298,14.3347,9.33227,1.26116,8.06096,0.177083,11.905,3.92396,-0.0801096,9.3327,1.55056,6.98117,16.1943,3.2604,-72.224,-991.128,-125.904,6300,-10640,5180
-1.15053,-2.26512,-5.05285,-1.02886,-3.3128,-2.64266,-3.98058,-1.54087,9.41866,-3.21337,-0.651722,-3.22192,-2.094,-3.59672,1.36676,-3.57356,-73.688,-990.64,-124.928,6160,-10780,5180
4.66636,-0.807711,-0.626911,-6.68267,-6.62861,-4.89217,-10.3641,-8.07501,13.5061,2.67921,1.87466,-1.13858,0.000157147,-4.01568,-8.50794,-8.12094,-71.736,-990.152,-127.856,6300,-11060,5040
12.7904,10.0278,9.40632,1.57176,3.95623,1.28551,-3.32242,-3.99457,18.2596,9.89222,5.32409,11.2528,5.62962,5.13035,-4.45209,-0.987684,-67.832,-988.688,-129.32,6300,-10500,4900
-1.44822,-2.7383,-1.74197,-7.27207,-4.17323,-2.14252,-7.3515,-4.47612,3.14951,-4.03861,-4.56437,-1.23777,-2.38698,-3.00568,-7.9372,-4.44652,-67.344,-988.688,-130.296,6440,-10220,4620
-5.03359,-3.66835,-5.69966,-1.44095,-1.40936,-2.74064,0.833214,0.922475,-4.46901,-7.10259,-6.05924,-4.68395,-6.04002,-4.71655,3.63241,-0.232738,-66.368,-988.688,-132.736,6300,-10220,4760
-6.24713,-3.98361,-2.37788,1.11813,2.88616,1.49655,8.48214,7.24835,-9.35746,-4.81146,-2.10384,-4.31566,-2.50123,0.286616,7.9866,7.37226,-67.832,-986.248,-131.76,6300,-10220,4760
-11.3042,-10.0428,-8.29416,-6.81209,-7.52835,-4.88432,-2.54488,-0.582486,-12.4131,-11.6685,-8.71728,-12.2347,-7.62049,-6.44584,-1.94516,-2.61342,-68.32,-988.2,-130.784,6300,-10220,4760
-6.29125,-8.23442,-3.8818,-5.45368,-5.17012,-2.69565,-1.86429,-0.181176,-13.1321,-4.81922,-1.70434,-7.62174,-3.07907,-3.93171,-0.951646,-1.71551,-65.88,-984.784,-132.736,6300,-10080,4760
-16.2829,-18.4356,-3.21403,-11.8172,-7.90947,-1.75852,-4.78025,-3.53315,-27.7252,-9.07179,-2.04932,-12.8893,0.576908,-3.34864,-6.80867,-3.53926,-66.856,-988.2,-133.224,6020,-9940,4900
-7.44828,-8.21877,0.0497274,-3.27218,-0.616648,3.21856,0.996837,1.46157,-13.7891,-5.44499,-0.533513,-5.20845,2.42382,1.88004,-1.32867,1.75365,-66.856,-985.272,-138.104,6300,-9660,4760
9.73551,9.5157,6.74395,10.3037,7.49326,3.07105,4.403,1.13419,5.35914,6.66518,4.96645,8.62364,4.18927,4.08839,5.15935,3.13808,-66.856,-989.176,-135.176,6020,-9380,4900
8.67148,13.9924,9.08945,11.9175,10.9654,2.84357,6.89253,1.16191,5.42041,5.10891,2.1464,12.0025,4.22766,7.82437,4.19941,5.1598,-67.832,-989.176,-132.248,6160,-8960,4900
4.65769,3.61274,6.42807,1.37068,5.49039,5.08816,3.79946,3.69227,-2.90244,5.37523,4.48655,5.20464,4.98404,6.58192,-2.26393,5.737,-64.904,-987.712,-129.808,6020,-8260,5040
3.01482,-1.71877,-1.57358,-2.94888,-3.19269,0.991243,-1.92453,2.16984,-2.33679,1.82121,1.16977,-1.55208,1.10679,-1.55065,-2.26351,-0.273952,-66.368,-986.736,-130.784,5740,-7700,5180
-1.0368,-1.48404,-5.8244,-2.91827,-5.83743,-3.41006,-3.18101,-0.0643225,-1.0146,-2.50387,-1.77582,-4.04819,-2.79875,-3.85946,0.386985,-2.99544,-64.416,-989.664,-126.88,5600,-7280,5180
1.83641,2.89475,-0.604241,1.92118,-0.2078,-0.0293594,1.72933,4.24962,1.50415,2.79895,3.76097,0.557456,0.471717,-0.130515,5.55718,0.89857,-67.344,-988.2,-125.904,5180,-6300,5040
4.13016,1.85628,-1.06566,-1.30002,-2.97652,-4.19625,-2.24276,-2.22639,4.2562,3.68014,1.36777,-0.239035,-2.63126,-2.93293,-0.0468792,-3.57032,-69.296,-990.64,-126.392,5180,-5740,5040
9.20726,9.82911,2.33958,5.23257,4.92625,1.16028,3.1979,2.98944,10.2803,7.57049,4.35623,8.43182,-0.543217,2.86109,0.205997,3.1655,-67.344,-992.104,-127.368,4760,-5460,4760
-0.3335,4.24598,-1.99073,2.64784,3.36934,-0.203801,1.94722,-0.646703,3.7315,-3.73226,-5.50828,1.9991,-3.99575,2.74352,-2.48545,3.14139,-63.928,-987.712,-127.368,4620,-4620,4620
4.02867,1.64603,4.52823,1.65151,3.7143,5.98457,2.43012,1.01791,4.16412,6.48737,4.63457,3.80199,5.29991,5.58822,0.760442,3.1929,-67.832,-993.568,-127.856,4480,-4200,4620
3.05743,1.97719,3.39041,3.452,1.00909,3.52129,1.10167,-0.711554,4.76878,5.09191,4.03843,3.18726,4.38698,0.404433,3.60472,-1.40938,-69.784,-988.688,-125.904,4200,-3920,4340
-0.68294,-1.63125,-1.34998,-1.63594,-4.31668,-1.45957,-2.29423,-1.38448,5.60157,0.333973,1.34585,-2.01862,0.0962186,-4.78064,0.890896,-4.25926,-69.784,-989.664,-126.392,3780,-4060,4060
3.30973,3.13219,1.00962,3.54229,2.15222,0.759035,4.09334,3.31228,10.7383,0.0923674,-0.255512,1.4239,-0.620158,-0.401503,5.81995,2.64903,-66.368,-987.712,-127.856,3500,-4060,4060
-1.4841,3.08894,0.640658,4.83773,4.12336,-0.0488194,3.58002,0.680898,4.91319,-4.47376,-2.60951,0.966212,-1.28388,0.372981,4.14285,2.73787,-68.32,-987.712,-129.32,3220,-3920,3920
-4.49876,-2.10722,-0.935199,-4.24064,-3.17628,-1.61823,-7.03664,-4.68577,-1.42674,-3.93375,-2.33905,-1.90937,0.138629,-3.19698,-6.66695,-4.46286,-69.296,-986.248,-128.344,2940,-3780,3780
-4.03074,-0.732814,-1.22228,0.137328,1.1315,0.716377,0.535263,0.967038,-3.51599,-3.12594,-2.38229,-1.09216,-0.307499,-0.269574,1.6913,2.32221,-68.808,-984.784,-129.32,2800,-3360,3640
-8.64961,-8.01175,-5.89491,-5.35624,-3.71301,-1.51614,-1.51457,1.44603,-9.20163,-5.02504,-2.68412,-6.97893,-4.55227,-2.35572,0.686878,0.616956,-69.296,-985.76,-129.32,2380,-3360,3640
2.07613,0.0494769,0.769179,0.0124246,1.7575,1.17022,1.28761,2.58623,2.07488,3.45606,4.89562,1.00258,1.24291,2.29932,4.55061,1.48435,-68.808,-986.248,-127.368,2240,-3500,3360
-0.289003,-2.85645,-1.56184,-6.17761,-3.81702,-2.01713,-5.89501,-4.29898,0.525968,0.866391,0.645557,-1.84912,-0.435081,-1.51129,-4.53288,-4.56476,-71.248,-985.76,-126.88,2100,-3500,3360
-3.66408,-4.97626,0.318697,-5.64767,-3.39329,-0.678967,-5.19066,-3.10157,-5.18848,-0.0249353,-1.22262,-1.88563,0.935716,-0.303702,-5.62549,-2.66728,-71.736,-983.32,-126.392,1680,-3640,3360
1.39714,0.982646,3.24133,1.23242,2.7092,1.30283,1.72001,2.21073,-0.28135,5.4118,1.93382,3.17098,1.62715,2.88998,-0.539079,2.67986,-72.224,-984.784,-123.464,1400,-3920,3220
-2.33919,-2.54955,-0.0119613,-2.56727,-1.86949,-2.90425,-6.16341,-4.79495,-4.58579,1.31493,-3.60214,-1.21353,-0.513276,-2.32474,-8.91793,-4.39713,-70.76,-984.784,-124.44,980,-4200,3360
-2.45063,3.73426,2.45743,6.29755,4.54752,1.57901,1.44513,-0.644962,-3.42059,-1.88643,-3.58817,2.90949,2.46971,3.39043,-1.55284,1.00401,-70.272,-985.272,-122,700,-4480,3220
-4.87055,-1.27953,-4.46959,0.866244,-3.73019,-5.56032,-2.77078,-3.71255,-4.30023,-6.01151,-4.74655,-4.13953,-4.57431,-4.72778,-4.18969,-3.63882,-72.712,-982.832,-123.464,420,-4340,3080
5.01881,2.87066,1.3983,4.52172,0.490238,-3.20967,1.9923,-2.03754,2.49448,3.94861,3.75067,2.22954,-0.399864,-1.00548,1.00759,-0.99298,-70.76,-986.248,-126.392,140,-4480,2940
5.12636,0.974016,1.37581,1.04379,-0.918733,-1.87177,0.300016,-4.35092,1.02976,2.73441,2.19283,1.38047,1.06637,-0.624481,-2.0455,-3.28004,-73.2,-987.224,-121.512,-140,-4480,3080
-2.97945,-6.52813,-5.60169,-3.84794,-5.68503,-3.30944,-1.62738,-2.71864,-4.073,-5.8382,-5.90701,-6.55168,-4.70292,-3.68113,-2.30573,-3.83118,-72.224,-988.688,-124.928,-140,-4480,2940
-0.825251,-2.71262,-4.03763,-1.27271,-2.38221,-0.124777,1.31706,2.16998,-1.10924,-4.05618,-3.55373,-3.44726,-4.66594,-1.67624,0.451817,-0.851398,-72.712,-988.688,-123.464,-280,-4900,2660
-6.16556,-4.87679,-4.54357,-4.71519,-2.33359,1.12062,3.11491,5.34793,-5.22502,-7.51359,-3.41649,-5.52213,-4.58859,-2.54906,-0.565909,2.61911,-74.664,-990.64,-126.392,-140,-5040,2800
-6.93072,-6.38842,-5.14584,-6.10772,-3.64753,-0.0439757,3.20362,3.33748,-5.75344,-8.34836,-4.09739,-6.93871,-4.27339,-3.65238,1.35688,1.77445,-74.664,-986.248,-125.416,140,-4900,2940
1.37846,-3.08058,-1.03068,-4.27743,-2.42613,0.3221,0.944189,2.65191,1.35319,0.198031,2.60095,-1.59441,0.698748,-1.53086,2.09266,-0.936401,-74.176,-989.176,-128.344,280,-5040,2940
5.69212,4.37718,2.98119,5.04401,5.54161,2.93424,6.76501,2.80165,5.26478,2.1538,0.638312,5.02791,2.10183,5.64024,9.13593,3.66232,-78.568,-985.76,-127.856,420,-5040,3080
12.894,16.1069,11.6275,15.7453,13.633,7.86069,10.5356,4.15662,10.3848,10.3566,8.44578,14.7455,9.28253,11.8198,16.2113,7.26468,-76.128,-988.688,-123.464,560,-5320,3080
2.5028,2.41407,4.55723,0.753272,1.1722,1.7373,-3.98829,-3.99465,-0.510328,3.37634,3.11683,3.78776,5.13885,2.97398,0.208663,-2.79734,-75.152,-991.616,-126.392,700,-4900,3220
6.11044,2.81198,5.9661,-2.73095,1.23893,4.53938,-5.88191,0.0895815,2.92493,7.62578,7.15005,6.76179,8.25715,3.85802,-5.95146,-1.61579,-77.104,-990.152,-125.904,700,-5040,3080
-0.559589,0.194374,1.45793,-3.39735,-0.820409,1.26898,-6.09909,0.587917,-0.668477,0.504922,2.90328,1.38104,3.53237,-0.261395,-7.54068,-0.829503,-76.128,-990.152,-121.512,980,-4900,3080
-8.25192,-6.13982,-2.84822,-6.80816,-4.44645,-1.24528,-7.58711,-2.92033,-7.88023,-5.88171,-3.20475,-5.55511,0.338807,-4.00899,-8.8755,-2.92211,-77.104,-986.736,-124.44,980,-4760,3220
-7.83659,-3.86585,-2.88097,-2.9004,-1.06582,-0.290481,-1.56365,1.20278,-6.91307,-4.36875,-2.17736,-4.58862,-0.821171,-3.2905,-0.620612,0.706303,-79.056,-989.664,-120.536,840,-4340,3220
-0.513658,2.23938,0.0734012,4.59894,3.897,0.26133,3.39263,2.4458,-0.567726,1.87391,0.20261,1.51374,-1.30795,-0.436636,7.11402,3.46175,-78.568,-991.128,-119.072,980,-4340,3080
-0.686075,-0.34905,-0.333587,1.83798,1.5457,0.896821,2.13447,0.983324,0.865873,1.31971,-0.588772,-0.30796,-2.36907,1.39997,3.18901,3.87823,-79.544,-993.08,-119.072,980,-4060,3080
-3.34423,-4.67215,-2.63503,-3.84683,-1.57317,0.636312,0.257068,2.00319,-0.452994,-2.64437,-1.31681,-4.71596,-2.85117,-0.257508,-2.92897,4.05476,-79.544,-992.592,-122,980,-3780,3080
-0.852226,-5.01062,-5.69277,-8.14086,-8.44471,-4.74333,-4.81734,-1.92245,4.18294,-4.07857,-4.60284,-6.5805,-6.98924,-4.83804,-8.0473,-1.8283,-78.08,-990.64,-122.488,980,-3780,3080
3.47342,0.186878,-1.05586,-0.825515,-3.54664,-3.98746,-1.05344,-1.5018,4.47461,2.2965,2.04306,-1.69803,-3.47916,-2.98322,-1.24928,-1.39878,-78.08,-995.032,-116.632,840,-3920,2800
7.72387,3.12979,1.7073,2.65103,-1.61702,-6.6144,-1.25055,-6.85214,8.4762,6.39132,3.46134,2.20861,-1.30139,-2.51542,1.43306,-4.67924,-83.448,-994.056,-119.56,840,-3920,2940
8.16622,10.3259,3.42432,9.38193,6.29369,-0.646721,7.28948,-0.0985177,12.6145,3.27094,1.27941,6.3119,1.56364,3.9492,9.12737,3.13678,-80.032,-995.032,-119.56,980,-4060,2940
8.81098,12.3082,3.36294,13.5934,9.56778,1.20629,9.43295,2.85695,10.8937,4.44688,1.67475,9.3544,1.19353,7.82612,11.9589,6.60784,-79.544,-998.448,-117.608,1120,-4060,2800
5.84405,9.3343,5.61892,13.2777,9.53027,3.54498,9.13899,3.90676,3.20569,6.63068,2.99013,8.94787,4.3699,8.59385,10.2824,6.74418,-82.96,-997.472,-114.68,1680,-4200,3080
-0.25194,2.79649,4.57963,5.23634,4.58987,5.86087,5.83168,7.63341,-0.225002,3.3335,3.28271,3.73137,5.94707,4.80851,2.1849,4.72494,-83.936,-995.032,-115.168,2240,-4480,2940
-0.73229,2.19966,0.190207,0.851827,-0.827009,1.60777,0.409015,3.73465,2.76912,-0.323234,-1.71105,0.38549,0.62382,0.431394,-3.15676,-0.606002,-80.032,-993.08,-113.216,2660,-4200,2800
7.88197,8.37687,7.59564,6.35731,6.63571,5.4407,4.56516,4.07126,6.38561,9.29669,7.02829,8.96132,7.24693,7.51435,3.51225,2.50347,-81.496,-991.616,-113.216,2940,-3920,2660
-1.62107,-1.13093,2.32562,0.476008,2.84831,1.73046,2.78027,0.564421,-3.6414,0.722624,2.40914,1.33853,2.88221,0.994431,1.66684,1.25983,-80.52,-990.152,-107.848,2800,-3360,2520
-8.26392,-3.33457,-0.663104,-2.91488,0.395116,0.485725,0.894892,-0.435361,-9.32545,-5.907,-3.58257,-2.9711,-0.76082,-2.26795,1.16102,0.189649,-82.472,-991.616,-106.872,3080,-2940,2240
-2.75102,-2.4681,0.589102,-3.36654,0.338817,0.920616,-0.813091,-2.06815,-5.62015,0.800777,0.230572,-1.06597,-0.104503,-1.625,-0.247716,-0.863515,-84.912,-993.568,-110.288,3640,-2800,2100
-1.0322,-4.29677,-0.64953,-6.56088,-2.61134,-0.174483,-6.20414,-5.58507,-4.10967,1.46128,1.20398,-2.06397,1.16882,-3.34929,-4.26775,-5.03149,-89.792,-992.592,-108.336,3500,-2800,2100
-8.12882,-9.75716,-7.47353,-10.4261,-8.47934,-4.06387,-9.50766,-6.3047,-6.06512,-9.63457,-7.79979,-8.33002,-4.89688,-5.7476,-9.37813,-7.20014,-88.816,-994.544,-107.848,3360,-3780,2100
-7.56592,-7.66247,-7.93798,-8.73478,-7.85797,-4.561,-8.89209,-4.34326,-4.16626,-10.1782,-8.53302,-7.79042,-5.84998,-6.46456,-9.55394,-5.45227,-83.936,-996.496,-105.408,2940,-3640,1960
-11.0319,-14.1427,-12.464,-16.0043,-15.2365,-9.32989,-16.6881,-10.3324,-10.4504,-13.0634,-11.3938,-14.3776,-9.32202,-12.9368,-16.5551,-12.6482,-82.472,-995.032,-103.944,2800,-3360,2100
-7.18981,-13.7866,-8.92183,-12.7815,-10.9144,-2.61214,-10.7949,-3.09809,-12.2683,-6.69044,-3.61566,-11.1394,-5.18358,-9.39122,-12.8362,-7.18883,-83.448,-994.056,-107.848,2660,-3220,1960
-8.20911,-15.5794,-11.1637,-14.3702,-15.679,-7.29925,-15.2206,-9.94309,-13.6835,-9.85177,-7.7985,-14.1593,-8.98369,-12.8305,-14.9482,-13.7382,-85.4,-995.52,-112.24,2660,-3640,1820
-3.74809,-5.18734,-2.27257,-0.864685,-3.12025,-0.556778,-2.59141,-3.52692,-10.4058,-4.06681,-2.38761,-3.97126,-2.23844,-3.74226,-1.78597,-4.49836,-81.008,-995.032,-110.776,2380,-3780,1960
-5.3046,-3.78876,-0.871469,2.26767,0.210823,1.39048,1.56955,0.0415288,-11.1449,-4.1567,-1.32241,-2.68998,-1.042,-1.3533,2.46247,0.383109,-81.496,-995.52,-109.312,2100,-3920,1680
-2.93346,-2.16095,-3.3222,0.395163,-2.52358,-1.08189,-0.172626,1.69153,-6.46557,-1.98598,-1.0254,-2.79166,-3.09851,-2.33336,0.452183,-0.391308,-77.592,-991.128,-114.192,2240,-3780,1680
6.02072,4.04135,4.46679,0.96718,0.915049,1.39029,-1.55436,1.06905,4.2056,7.14295,5.50803,5.72021,3.19399,2.14391,-2.66002,-1.36513,-80.032,-987.712,-113.704,2380,-4200,1680
-4.79851,-2.24984,-1.96715,-4.27466,-3.74954,-0.492672,-2.63425,2.59258,-1.17477,-5.14774,-2.41095,-3.00662,-0.0365037,-1.14708,-6.25646,-1.86623,-81.008,-991.616,-114.192,2520,-4480,1540
-2.94255,-0.600588,-1.391,-1.67965,-0.679127,0.132059,4.8675,8.23155,1.76684,-2.8997,0.733513,-1.25642,-0.644501,2.11711,0.380815,4.6457,-81.008,-989.664,-115.168,3080,-4900,1540
2.46956,6.00383,5.34371,6.22978,7.92561,3.33281,12.1195,9.09865,7.31575,4.30106,4.7157,5.45886,4.18647,8.24925,9.45817,10.1805,-80.032,-986.736,-117.12,3080,-5040,1540
2.21366,5.38327,4.00229,5.11313,5.54336,0.821401,8.66922,5.1077,9.30004,4.67445,3.03778,3.96231,3.20514,5.23085,8.74761,6.97401,-82.472,-989.664,-117.12,3920,-5180,1540
11.6059,15.222,11.4591,15.2336,14.7789,7.50188,16.3631,9.95989,17.7334,13.732,10.2607,13.6604,8.21854,12.6368,17.7769,13.0964,-86.376,-991.616,-113.704,4200,-5460,1400
14.1859,17.0964,12.1251,16.3295,15.9127,5.3376,14.5996,5.90484,20.1347,12.6794,7.42498,15.8133,7.09348,13.9783,18.2252,11.0698,-89.792,-993.568,-120.048,3920,-5740,1120
22.5906,21.3083,13.9614,18.7226,16.696,3.99601,13.1887,3.64735,25.2661,16.8031,11.7745,19.73,8.3462,12.7088,19.2857,8.96072,-87.352,-995.52,-116.632,3080,-5040,980
19.2578,19.4226,12.1604,17.4328,14.0206,5.16089,10.678,3.35486,22.1264,13.0823,9.90135,16.1735,7.76957,10.1356,15.5169,8.07116,-82.96,-993.08,-119.072,2660,-4620,840
13.4709,11.144,7.65646,9.01272,7.89148,2.10429,3.35583,-2.45779,15.5703,8.65679,5.03237,9.60301,4.28024,6.87163,4.84049,3.91688,-87.352,-992.104,-113.216,2940,-4200,700
9.42913,8.47912,4.73306,8.18475,7.92677,2.86669,6.88431,-0.145116,9.53863,5.72561,3.0646,7.30848,3.25912,6.76436,6.1265,6.71176,-88.816,-989.664,-117.608,3500,-5460,420
-1.72184,-1.50785,-2.90429,-0.686149,-2.59031,-3.52676,-1.68145,-6.3834,-3.22167,-4.39281,-4.06054,-2.87936,-2.48105,-3.41937,-0.940503,-4.80701,-88.328,-993.08,-117.608,3360,-6440,140
-2.41776,-3.41313,-3.526,-3.29412,-4.23946,-2.79691,-3.57919,-2.63938,-5.89975,-1.06794,-1.55055,-4.07703,-2.48222,-4.89126,-1.06941,-5.46527,-84.912,-992.592,-115.168,2800,-7560,140
-4.43171,-7.58311,-5.45615,-9.12153,-7.26122,-3.35287,-8.81649,-2.39302,-7.83394,-1.45761,-2.5278,-6.35212,-3.8759,-7.23635,-8.57976,-5.75758,-86.864,-994.056,-121.024,2660,-8260,0
