-0.778043,-0.15101,6.78404,-2.44954,2.91723,14.7478,-3.63754,4.86791,-1.86426,2.84917,5.06966,3.02602,9.64345,12.8769,-11.6881,4.55807,-38.064,-946.72,-324.032,-5320,-7000,-2520
2.20105,13.4201,7.64775,9.53628,9.19046,9.93511,0.747488,0.293845,7.48709,1.22086,-0.247798,7.27753,6.06754,9.93601,-1.99728,2.62049,-41.968,-944.28,-326.472,-5180,-5740,-2380
3.13778,10.8209,11.118,5.53456,9.76434,10.2029,3.80348,4.2425,2.90895,5.29766,0.696436,7.28842,5.98474,9.80236,-0.718942,5.24235,-47.336,-946.232,-321.592,-4900,-4340,-2240
-7.93147,-7.20513,-3.43951,-4.88882,-1.68005,-3.65986,1.3351,-0.875704,-12.9798,-5.859,-6.9052,-5.21599,-4.68513,-4.87956,0.375459,-1.06529,-48.312,-946.72,-325.984,-4200,-2800,-2100
-5.94984,-8.58203,-7.18663,-2.34366,-4.23571,-4.70825,1.70293,-0.176067,-12.2229,-4.02769,-0.752537,-5.93655,-2.11427,-7.00796,5.11835,-0.444197,-53.68,-947.208,-324.032,-4060,-2100,-2100
-4.03158,-12.6751,-8.97506,-9.74625,-10.0459,-7.60239,-3.22569,-2.8715,-3.34429,-3.81567,0.198618,-9.86894,-3.46473,-11.1165,-0.848485,-2.1562,-55.632,-949.16,-322.568,-3920,-1680,-2100
4.94934,0.856347,-1.24398,0.337514,-1.37755,-5.92975,0.811558,-3.3729,11.0287,3.40095,3.37767,0.287103,0.131216,-5.79241,5.12836,-0.717442,-59.536,-949.16,-322.08,-3780,-1540,-1960
13.7169,11.2513,6.18789,10.2358,5.53957,-0.258354,6.00067,0.0672649,17.5547,10.8137,7.6303,9.01646,3.01107,1.8607,10.5207,3.4067,-63.44,-946.72,-316.712,-3220,-1260,-2100
5.43017,2.22812,2.87155,0.676286,-1.50771,2.24572,-1.58522,-1.38863,3.01405,2.78182,5.79001,3.15951,2.0262,1.67207,-0.176663,0.238368,-58.56,-949.648,-319.64,-3080,-1400,-2100
-2.46961,-3.76594,-0.595868,-7.29756,-4.5896,1.27709,-7.20516,-2.72092,-2.41838,-3.43397,1.86204,-1.98083,-0.00248006,-0.922176,-8.83824,-2.71653,-63.928,-949.16,-321.592,-2380,-1400,-2240
-4.12619,-3.16829,-0.908636,-7.75175,-3.8956,1.1585,-4.82865,-0.31736,-1.94519,-2.75048,-2.45248,-3.03651,-2.04712,-2.17922,-11.3585,-1.21566,-62.464,-949.16,-320.128,-1540,-1820,-2380
-0.807128,14.1856,0.424846,14.4444,5.4959,-3.19251,-1.74526,-5.45469,-5.33181,-1.26257,-6.26734,6.5133,-3.99912,-0.919593,-2.95186,-5.12879,-65.392,-951.112,-323.056,-560,-1680,-2380
-1.29673,8.52006,-0.15315,8.85365,4.35484,-4.14055,-2.25163,-3.78762,-11.4237,-2.1611,-4.33233,5.6547,-1.11848,-0.70687,-7.40961,-4.91174,-61.976,-949.16,-322.568,140,-2240,-2240
-4.2021,4.1147,-0.71651,4.47049,0.591936,-4.85977,-2.72857,-3.39516,-12.1121,-4.75582,-3.9269,1.72506,-0.100917,-2.35729,-1.86314,-4.88181,-63.44,-952.088,-323.544,560,-2660,-2380
-2.11885,1.60976,-3.38126,4.17175,-0.565694,-5.41699,3.12516,1.93765,-2.29529,-1.54542,-0.46628,-1.9363,-2.6172,-5.33643,7.98479,-0.164308,-64.416,-954.04,-322.08,1680,-3080,-2380
3.72445,-9.82496,-2.8255,-6.86375,-4.05147,-4.37819,3.65496,6.28409,8.51618,4.62778,3.58573,-4.86505,-2.85782,-5.21156,6.16465,3.03429,-66.368,-955.504,-324.52,2940,-3220,-2240
8.48286,-3.19852,1.96484,-6.9174,-4.45387,-0.253789,-0.995288,1.74863,18.6053,6.84989,4.18306,1.39505,0.14903,-0.43816,0.841663,-1.08273,-62.464,-955.504,-327.448,3640,-3080,-2240
-0.953532,4.66741,3.96602,1.99379,2.80046,7.4605,2.97651,4.63227,2.58461,0.963655,2.85114,4.08439,4.15354,6.19595,3.58833,2.01709,-60.512,-957.456,-326.472,4760,-2940,-1960
-9.93918,5.41683,-0.350406,8.03589,5.88307,3.62759,3.60698,3.45977,-9.57035,-4.11009,-3.92644,0.573333,-1.39887,3.52303,5.6596,2.04029,-61,-956.48,-325.008,5880,-2940,-1680
-3.45788,-1.08735,-1.01655,1.7624,3.17893,0.362766,0.598264,0.348307,0.386562,1.71789,-1.52065,0.476271,-1.92605,1.06611,1.41661,0.141451,-59.536,-958.432,-325.496,7140,-2800,-1400
4.63923,-1.95084,-3.18219,-2.4353,-1.74801,-4.41318,-3.19865,-3.31394,12.9496,3.04701,-1.10547,0.521769,-2.47229,-3.71338,-2.20577,-4.11447,-57.584,-960.384,-326.472,8820,-2800,-980
-2.06018,-19.9234,-7.55252,-17.5424,-9.44562,-3.52551,-1.23826,1.90135,-1.12389,-1.02402,-0.200582,-9.8932,-1.74494,-5.74491,-4.10308,-0.362805,-60.024,-959.896,-329.888,9940,-2940,-700
-0.240864,-5.69041,-2.88417,-2.01929,-2.58008,-2.90151,1.58609,-0.878117,2.01591,-1.36005,-0.0857687,-3.62924,-0.378807,-2.28232,3.06593,0.615879,-61.488,-959.408,-326.96,11480,-2940,-140
2.69203,22.8494,5.96622,25.8134,11.3504,-0.721494,5.50567,-2.27048,3.94638,1.12524,-1.40499,11.3601,0.671302,4.98313,11.0428,1.86759,-57.096,-959.408,-325.984,13020,-3360,280
-2.55657,3.58216,2.56584,10.2332,3.56926,0.0154601,2.26573,-1.19444,-10.0379,-1.21969,-1.10079,1.44406,-0.558232,2.39728,7.00554,0.931103,-60.024,-958.432,-324.52,14280,-3500,700
1.21205,-1.53213,2.32358,-2.81257,0.558812,5.85576,1.21771,4.22867,-1.54305,-0.0402062,4.48421,0.680257,4.99382,3.24145,0.990654,2.61219,-55.144,-964.288,-323.056,15960,-3920,1260
-5.44151,0.239238,2.1071,0.567174,1.90237,4.04978,-0.98026,-1.07704,-9.59731,-4.61305,-1.7945,-0.237005,3.07202,2.85274,-0.752213,-1.03126,-57.096,-964.288,-317.2,17220,-4200,1540
1.84761,6.6908,7.36368,-0.787427,4.47321,5.48614,-3.30678,-1.58365,0.374371,1.20249,-0.088119,5.79616,3.46307,4.65651,-10.6022,-0.727973,-54.168,-961.848,-320.616,18620,-4340,2100
1.72639,-7.84959,-2.57298,-13.0339,-4.63494,-1.56704,-4.66513,-3.49524,-0.884152,-4.04697,-5.43128,-5.43622,-5.511,-3.84288,-10.239,-2.66212,-55.144,-961.36,-319.64,19740,-4340,2520
7.80739,-1.0479,-1.5469,0.99315,1.31541,0.302349,8.13244,2.72893,8.16008,-0.531293,-0.39291,-1.98242,-1.72333,-0.497971,11.1414,4.50628,-52.704,-965.752,-318.176,20440,-4340,2660
-0.52323,-6.74566,-1.64176,-5.58745,-3.19359,-2.45052,0.0522912,-2.25827,-3.62165,-2.95177,-0.858925,-5.00304,-0.49067,-2.7091,-1.24968,-2.25346,-54.168,-967.704,-318.176,21840,-3780,3220
-6.58847,-16.7189,-4.19707,-9.99016,-6.65344,-5.37856,-2.60305,-3.19958,-15.5772,-2.82195,-0.416031,-10.5739,-2.13292,-5.83461,-2.70049,-3.25356,-54.168,-967.216,-312.808,23100,-3080,3360
7.12587,2.14034,0.353738,1.50504,-0.610445,-1.97459,0.764842,-0.988218,7.51763,5.0989,3.41344,0.490339,-0.425489,-1.22966,1.05533,0.0984927,-51.24,-966.728,-317.2,24360,-2520,3640
8.69835,1.92845,-0.388875,-5.91912,-5.80472,0.735804,-7.08888,-0.315054,13.4494,4.31443,4.09832,1.30563,0.630404,-0.463685,-12.2187,-2.19477,-51.728,-966.24,-318.176,25200,-2100,3780
5.58047,-4.02599,-1.59083,-15.867,-9.16014,3.14904,-7.4551,1.38403,13.7451,3.97504,4.84797,-1.38337,2.78113,0.23999,-11.6781,-0.394179,-51.24,-965.752,-319.64,26040,-1680,4060
-1.50544,-2.15248,-1.03479,0.45944,-0.158806,4.28579,5.25988,3.28818,0.808278,0.477322,0.573548,-1.44693,2.279,4.16924,11.4624,5.9875,-53.192,-966.24,-317.688,26600,-1820,4480
-6.31919,2.32043,0.761165,18.2913,9.2187,4.47001,15.3431,6.98608,-10.9131,-1.54542,-2.16775,1.7708,1.9384,7.65241,26.5621,11.038,-51.728,-959.896,-313.784,27020,-2100,4760
-1.70261,1.66584,1.02587,14.2686,7.44904,1.33699,9.77988,3.22456,-5.633,0.628443,0.125984,3.11437,2.21035,3.72223,14.4861,5.86396,-53.68,-957.944,-310.856,27160,-2940,5040
4.85818,8.03623,0.463417,3.94405,0.536652,-3.25872,-2.74921,-2.10021,10.2104,3.56335,2.34231,5.41019,1.17847,0.101145,-7.20388,-1.24287,-52.704,-954.04,-315.736,27020,-3920,5180
8.27901,15.6271,3.56495,4.56783,3.54445,-2.63672,-4.49749,-2.11536,19.3006,5.74442,4.5823,9.65758,2.33955,1.83915,-10.3423,-2.20266,-54.168,-951.6,-308.416,26180,-4760,5460
8.30638,23.2115,7.97011,13.9443,9.36715,-1.56135,-0.85615,-1.13474,19.6465,5.75717,2.64795,15.7022,2.40819,4.36483,-2.99008,0.0191357,-54.656,-951.6,-308.904,25340,-5320,5460
0.0553839,4.23469,2.71903,1.77097,2.85411,-0.972323,-1.96934,0.616503,-3.41537,-0.241175,-0.806128,5.91598,-1.05435,1.31119,-5.3327,0.672506,-56.12,-948.184,-306.952,24220,-5740,5460
-21.3722,-29.4423,-5.38561,-20.359,-7.8038,1.53699,-4.29363,2.29685,-39.9748,-10.3248,-2.83402,-14.1751,-2.77044,-3.68085,-9.56468,0.776212,-54.656,-946.232,-305.488,22680,-5740,5320
-23.9164,-9.7803,-0.696551,4.01445,1.66517,2.9256,-3.55691,-3.4926,-38.2629,-9.97755,-5.71696,-7.85901,-1.1763,0.972126,2.22904,-2.64591,-56.608,-947.696,-306.952,21560,-5880,5180
-1.14585,8.93557,4.2705,13.0558,7.02079,5.52066,-2.2878,1.90115,-1.4467,0.643895,-1.38712,4.64096,1.9397,4.37458,-3.78825,0.588205,-57.584,-946.72,-304.024,20020,-5180,4900
12.516,14.6721,0.461879,5.99412,-0.0452934,-2.64642,-4.09709,-2.64829,25.3532,4.66271,-0.847013,6.30812,-3.07813,-3.8898,-4.73972,-4.57649,-56.12,-947.696,-305.488,18200,-4340,4760
4.16338,0.710947,-3.21516,1.13615,-2.65962,-3.57867,-0.0896997,-3.10886,12.425,0.00539371,-1.50556,-1.45672,-3.82434,-4.90301,4.64906,-6.16744,-56.608,-949.648,-301.584,16940,-3780,4620
1.3381,-17.3798,-7.46635,-29.6512,-16.897,-5.88504,-7.7385,-2.62942,10.2969,1.10691,1.58024,-11.4552,-4.09795,-11.9547,-15.3655,-8.80299,-58.56,-949.16,-303.536,16240,-3220,4620
-13.931,-28.9124,-7.76458,-35.9695,-18.0301,-4.13642,-11.1388,-3.07298,-20.8974,-4.77713,-2.30871,-16.9414,-4.62094,-9.3637,-22.613,-8.02611,-61,-951.112,-304.512,15540,-3220,4480
-24.8351,-25.8105,-3.50354,-22.0362,-10.2809,0.0962098,-9.15042,-3.18317,-42.0761,-10.2279,-6.39924,-15.2053,-1.92453,-2.11912,-15.2464,-6.00311,-59.048,-952.088,-313.296,15400,-3080,4480
0.256074,12.196,5.47223,11.2629,7.1922,5.34778,6.416,3.21699,-3.50926,-0.697698,0.666898,4.81091,4.52682,5.97495,14.242,2.83687,-60.024,-952.576,-314.272,15260,-3080,4620
15.4621,22.1752,-0.13377,14.2696,6.57103,2.06855,12.0406,5.91284,21.1951,0.112575,-3.29244,6.65988,-1.71828,2.18811,20.5061,6.94131,-62.464,-950.624,-320.128,15540,-2800,4620
13.3595,14.1691,-0.901503,11.6168,7.15046,3.84288,14.9174,10.3762,17.6962,3.06774,-1.04398,4.84667,-1.41914,2.41339,25.4343,10.7044,-61.976,-948.184,-321.104,16100,-3080,4760
12.3497,6.04474,-3.80836,10.3295,4.44079,-2.2671,10.9289,4.22302,20.9091,2.72655,-1.95127,1.46113,-3.42306,-0.927378,25.0574,6.37845,-61.488,-946.232,-329.888,16800,-3220,4900
21.7869,14.9139,-0.749119,13.2454,6.25376,-2.39403,10.1505,3.13679,42.2892,8.81773,4.01079,7.23631,-0.297642,-0.94682,22.6426,6.4372,-60.512,-943.304,-326.472,16940,-2800,5040
5.79656,-3.65468,-2.30169,-3.81208,-4.72724,-5.13887,-3.0631,-2.76527,12.5962,4.10746,4.90193,-3.81881,-0.215703,-6.30449,-3.54816,-1.15089,-61.488,-942.816,-328.912,17080,-1820,4900
-19.5201,-21.6382,0.354158,-15.9667,-8.83717,-2.18903,-13.4388,-5.88865,-37.5271,-3.14964,4.08307,-10.8355,3.80849,-5.22846,-27.3566,-7.10824,-62.464,-938.912,-325.496,16940,-700,4900
-25.2768,-17.2195,5.3965,-7.91777,0.831221,1.76665,-3.74297,-5.47938,-45.618,-7.35518,0.116983,-4.78269,5.52571,3.39395,-15.1263,-1.94506,-62.464,-937.936,-324.032,15960,1400,4760
17.1237,56.7688,20.1952,55.6408,34.9469,5.7313,16.5043,-8.54879,21.4769,8.59475,3.81448,36.2559,9.79355,20.9972,17.0182,3.77634,-65.392,-934.032,-322.08,15120,2800,4620
32.2391,58.8682,14.1569,40.6879,23.7751,3.77974,-0.215183,-8.8081,52.0357,14.4341,7.23966,35.4683,7.68004,14.3798,-8.65749,-5.1145,-66.368,-933.544,-318.664,13720,5040,4200
3.89117,-4.33605,-3.42763,-6.93028,-7.17076,-1.12379,-9.81612,-2.08753,0.512559,3.10069,1.93364,-1.77026,-0.293961,-4.16133,-9.09461,-7.4607,-67.344,-929.64,-315.248,12600,7140,3920
-24.7009,-32.0107,-9.07555,-5.31235,-7.27743,-0.354996,5.22782,5.78845,-48.7163,-11.2415,-8.08596,-18.1254,-5.48616,-4.61901,19.8414,2.84391,-72.224,-929.64,-316.224,11340,8400,3920
-27.543,-51.6493,-7.93626,-43.2537,-21.097,-2.47095,-7.35945,3.30047,-43.9542,-9.49413,-2.73692,-25.8415,-0.482063,-7.7144,-16.8162,0.0452162,-69.296,-929.64,-315.736,9520,9800,3500
-16.6598,-23.6063,-2.47416,-28.9696,-13.8301,-0.306654,-12.6472,-0.893162,-15.3251,-8.78437,-4.53729,-11.7936,2.01863,-2.30897,-24.9214,-2.70546,-71.736,-931.592,-316.224,7840,10640,3500
2.72954,-7.32537,0.421817,-14.2168,-7.42048,-1.57989,-8.77539,-0.224103,9.84206,0.266098,0.0459344,-2.03049,0.706422,-1.86517,-12.5464,-2.40694,-71.736,-934.032,-318.664,5880,12040,2940
13.863,4.42796,-0.680094,0.313503,-3.59314,-2.27943,0.896985,5.751,23.479,4.82272,4.02159,1.01136,-1.42087,-3.66285,5.26588,3.1372,-71.248,-935.496,-321.104,4760,13020,2660
17.0388,11.2689,-6.6498,5.43455,-3.84927,-3.28072,3.97667,7.01158,27.8557,1.71392,0.00549197,0.903767,-7.75131,-6.05141,8.27621,6.01711,-70.76,-943.792,-326.96,3640,13160,2800
8.42737,-11.1922,-7.58945,-3.33029,-3.69087,0.73227,6.48583,8.66903,8.96677,-0.727518,0.59625,-6.00044,-6.3763,-4.2238,12.5721,8.63466,-71.736,-942.328,-328.424,3080,12600,2800
8.4838,0.162651,-3.36872,1.12477,-1.47407,-0.727578,0.220596,0.0923178,15.8538,2.29369,0.602544,-1.15523,-4.83342,-2.73707,4.88211,1.62931,-74.664,-946.232,-332.816,3080,11900,2940
16.7492,22.0831,7.20677,13.4738,9.5236,3.26337,2.46253,1.2724,28.3247,8.29229,3.48987,14.0945,2.07211,6.39301,3.65714,3.36762,-75.64,-947.696,-336.232,3220,11200,2800
0.625865,7.19931,4.30957,5.05565,7.85857,3.56858,0.459436,-1.93902,-0.73585,-1.58086,-3.08967,6.46758,0.0163476,6.05358,-4.40299,1.19772,-75.152,-947.696,-336.72,3640,10080,2800
-22.4457,1.47904,4.4306,13.8828,14.5237,6.43932,8.69288,-0.582408,-46.7856,-5.96052,-1.87021,2.1846,3.20951,10.8007,3.94949,4.31837,-76.128,-946.72,-338.184,3920,9520,2660
-49.4205,-52.0928,-8.91035,-19.294,-5.28925,0.185883,2.75207,-5.80386,-89.7446,-18.0616,-4.24015,-28.6573,-0.745996,-0.809708,0.415319,-3.90645,-75.64,-944.28,-333.792,4060,8540,2800
-18.527,-25.5584,-2.32335,-11.4314,-5.1027,-3.52435,-3.81652,-15.063,-28.1173,-4.33679,-0.483238,-11.5151,1.20355,-2.07643,4.87308,-13.3796,-73.688,-940.864,-325.984,3920,8400,2520
13.4346,16.7003,3.03015,8.83169,2.19406,-2.37048,-4.93615,-8.47741,33.0285,6.10798,-0.284759,10.9139,0.528794,0.275747,7.4437,-11.527,-75.152,-938.424,-323.056,2660,8260,2240
33.7748,31.1985,5.84592,4.42804,-1.14444,2.06316,-5.33353,3.99991,61.8902,16.4331,7.67628,18.5925,3.41945,1.15739,-4.25875,-1.30629,-73.688,-935.984,-324.52,1120,8960,1820
39.8568,57.6118,8.05564,21.601,4.66528,-1.35525,-4.01639,0.344444,73.0225,18.2763,7.02649,26.5271,1.4761,2.91361,-10.4074,0.0675035,-70.76,-939.888,-320.616,-420,9520,1400
-6.04048,-4.99393,-4.00053,-16.4537,-12.3114,-4.07664,-9.30319,-1.89929,-9.5461,-2.07113,-0.915721,-9.52165,-1.63366,-4.88983,-23.5508,-6.30629,-69.296,-939.4,-320.128,-1540,9660,1260
-50.1142,-33.2495,-9.92006,-9.87834,-8.64458,-3.00457,-2.89419,-4.3673,-82.5595,-25.7896,-15.2693,-27.2611,-4.17928,-1.94281,-0.726147,-4.56002,-70.272,-943.792,-322.568,-2100,9800,980
-31.1356,-32.7035,-1.45578,-14.4701,-2.00873,3.80336,-6.62078,0.476609,-59.1157,-14.5481,-6.58539,-13.9038,2.91355,2.40832,-8.13213,-3.26118,-70.76,-942.816,-327.936,-2940,9940,560
17.3784,29.6742,14.8834,21.5614,19.5834,8.39283,5.3879,7.34202,33.1071,5.95755,-0.821606,25.9854,8.49132,12.0093,8.05526,6.71934,-67.832,-947.208,-331.84,-3080,9660,140
33.9246,54.7123,13.9241,52.0564,33.0017,10.318,34.5959,17.7537,70.911,13.462,2.63918,33.1209,5.31065,14.1175,49.3032,27.1844,-64.904,-950.136,-332.816,-2940,9240,280
32.2726,38.2648,6.10279,35.401,19.2662,6.9562,28.3052,19.0442,63.0149,14.5121,6.58966,20.5583,2.09596,4.87482,36.337,25.2852,-65.392,-954.04,-331.84,-2520,8820,280
10.5569,-4.84747,-5.62069,-6.98645,-7.85675,-3.69709,3.06823,7.64406,13.2927,7.06044,4.79053,-5.14376,-3.97614,-10.2063,-1.14853,7.64868,-62.464,-956.968,-333.792,-2100,9240,140
-13.698,-61.4498,-17.8174,-56.5533,-29.8621,-6.66721,-6.93296,10.4604,-28.4536,-7.34,-0.987849,-32.4914,-9.013,-19.5675,-22.7605,3.37356,-64.904,-956.968,-332.328,-1120,9380,140
1.04025,-23.2795,-7.16597,-24.8509,-14.9768,-5.03105,-5.21918,1.14323,-1.60431,0.000784544,1.53059,-12.6073,-3.84572,-11.1886,-10.3029,-3.82131,-66.368,-947.696,-329.4,-560,9520,140
22.742,26.7762,6.92507,15.1205,2.63384,-3.66494,-5.17165,-14.2695,36.804,13.1099,8.53797,13.7358,3.53038,-1.17914,-3.70089,-9.33521,-63.928,-947.208,-333.304,-560,9660,140
20.7626,34.6006,2.38082,4.6652,-2.87642,-4.87236,-7.40882,-10.2765,44.0336,9.01369,7.59048,10.7153,1.01484,-3.9088,-20.4684,-7.15006,-61.976,-946.72,-335.256,-140,9240,0
-17.527,-29.0738,-9.91731,-23.4846,-12.7175,-3.34378,-2.5625,2.07229,-35.6815,-8.14948,0.586887,-21.3698,-4.88634,-8.35968,-15.2031,-0.540301,-60.024,-941.352,-338.184,-280,8680,140
-27.6678,-47.8361,-2.67482,-22.137,-5.15813,-2.00911,-6.83647,-2.20301,-77.3968,-6.23804,1.58015,-18.9905,-0.164756,-3.45519,-8.40489,-8.24648,-58.56,-941.84,-340.136,-140,7560,-280
-47.6566,-70.6175,-3.26153,-34.8859,-7.15236,0.370287,-8.71795,-2.85277,-113.128,-15.8797,-8.2276,-26.7604,0.346732,1.01565,-15.1158,-6.5059,-55.144,-938.912,-342.088,-840,6860,-420
-34.4362,-4.55782,4.32096,5.89417,9.32958,2.5848,-5.4204,-7.79342,-59.1072,-17.3696,-15.0522,-0.437515,1.045,10.6008,-7.82947,-6.33507,-54.656,-932.568,-339.16,-1960,7000,-700
-35.0197,14.8479,1.35427,24.2077,5.39655,-3.28603,-22.0195,-23.4635,-55.4139,-17.669,-14.6017,-0.423384,0.269427,2.40462,-3.54397,-32.9456,-50.264,-928.664,-336.72,-4060,7700,-1400
-9.00131,1.65726,-9.31866,1.04409,-14.527,-11.288,-30.116,-26.0623,0.0965418,-10.639,-6.36534,-8.10988,-6.74451,-13.746,-9.71447,-36.1763,-44.896,-922.32,-341.112,-6300,8260,-1960
23.063,3.80405,-5.30561,-14.2644,-10.2301,-3.92073,-5.82223,-4.79233,66.0085,6.79791,8.03628,2.6534,-2.68543,-4.89742,0.730156,-2.83682,-46.36,-929.64,-343.552,-9660,8400,-2800
29.2434,25.4821,3.86939,4.61354,3.7571,3.42767,4.1203,10.1784,67.0054,13.5651,5.1778,16.7776,0.85805,8.59924,-1.51168,16.4175,-39.528,-935.008,-338.672,-11760,8260,-3220
31.7018,67.0442,19.267,55.7753,31.2301,7.85446,24.0731,2.45143,53.8826,17.5126,4.50425,40.7398,8.24414,23.8608,34.7871,20.7163,-37.576,-942.816,-337.208,-13580,8400,-3500
14.9281,46.0923,8.47113,51.791,26.4602,2.69293,32.7532,-9.49771,32.6922,2.68888,-5.87279,23.5545,2.2663,16.9216,57.2531,15.5995,-35.136,-945.256,-336.72,-14560,9240,-3920
36.4466,59.5949,6.49002,39.3059,15.457,-0.354744,16.4542,-3.51467,79.8435,12.9641,1.79289,26.6344,0.808175,6.8009,33.5194,3.59384,-38.064,-948.184,-338.184,-15820,9940,-4480
0.123944,-27.769,-11.9733,-30.1884,-19.7887,-1.94809,-3.40926,12.8111,11.6295,-1.13606,1.57737,-17.9765,-5.57657,-11.0307,-11.2389,2.16746,-38.064,-946.72,-342.088,-16660,11760,-4900
-8.37364,-58.6919,-16.7369,-60.5394,-31.6742,-0.189256,-15.8902,17.3176,-13.3832,-3.63442,3.9026,-30.4322,-5.11099,-16.4021,-42.3866,2.7626,-40.992,-952.576,-342.088,-17500,12740,-5320
-10.0083,-40.1356,-5.4258,-13.4637,-4.1913,2.04378,3.84335,11.2825,-40.9676,-2.00712,3.18843,-14.7579,-0.901361,-4.35981,3.52174,6.67944,-44.408,-955.016,-340.136,-18340,13720,-5600
7.19552,-4.96824,2.24095,9.04571,4.37928,2.32205,8.43844,9.11895,-4.39851,7.23773,10.5689,-1.2835,3.83942,-1.37645,21.0825,5.84687,-43.92,-954.04,-333.792,-19460,14280,-5740
-8.55857,-4.6418,2.46437,-6.99791,-2.29538,5.58223,-0.73677,11.2416,-20.6649,-1.89839,5.50925,-6.77252,5.01317,2.4325,-8.84995,6.69124,-49.288,-953.064,-331.84,-20020,14840,-6020
-12.3947,-11.4777,8.44821,-27.8277,-3.77664,11.9983,-13.1108,9.90733,-34.5351,-2.56613,5.39752,-4.38966,9.92294,9.62248,-52.3535,7.06308,-47.824,-950.136,-327.936,-21980,16240,-6300
13.7256,17.8895,11.2846,3.92469,10.4917,4.65962,-7.18202,-4.52171,13.8659,2.28898,-0.936134,15.1772,5.55296,7.53894,-21.8957,-2.80699,-53.68,-955.504,-318.176,-22820,17780,-6440
24.435,23.5545,0.318561,22.1769,11.0896,-3.55438,14.6175,-2.05683,41.7829,3.18707,-4.30796,12.1887,-5.53794,-3.13912,29.9003,1.22301,-56.12,-959.408,-315.248,-23800,20720,-6580
8.81628,13.9741,-3.4481,28.4645,11.8085,-3.01398,23.3691,1.68435,10.5689,-2.82829,-8.63162,3.24934,-8.11824,-2.37696,44.764,7.08754,-61.488,-961.36,-314.272,-25200,23940,-6720
-13.8748,-19.8831,-4.24107,-0.881145,0.116102,-1.19979,9.13746,1.22002,-38.5894,-8.3676,-6.64147,-8.12076,-4.43401,-3.76175,16.3956,3.47962,-68.808,-963.312,-317.688,-25620,26740,-7140
9.90077,19.9361,7.09956,-0.549102,-0.66096,1.72238,-7.84646,-0.432745,13.8052,7.83323,6.00032,13.3587,4.13227,-0.605061,-12.7639,-2.2072,-74.664,-961.36,-315.248,-26320,30660,-7420
-1.50343,4.73239,6.57706,-7.03413,1.5971,5.82296,-1.62573,7.2534,-12.6776,6.37506,4.78721,5.84462,4.84024,2.70036,-20.5627,8.68321,-79.056,-962.824,-315.248,-27160,32760,-7840
-40.9517,-64.9086,-0.0595219,-43.7558,-5.58941,8.41928,1.28583,9.94929,-93.405,-7.10696,-3.03162,-23.9431,3.77872,5.65226,-32.2055,11.2975,-83.448,-961.36,-312.808,-28140,35000,-8540
-39.797,-53.1985,4.83107,-26.1564,2.18696,3.42882,-4.50497,-10.221,-80.8768,-6.62476,-2.48652,-16.2545,6.50076,7.56948,-19.8932,-6.40973,-84.912,-956.968,-312.32,-29820,35840,-8960
-7.80699,6.92477,-6.75799,16.2908,1.28679,-9.54843,1.8163,-8.37988,22.0495,-5.50401,-5.69001,-4.11452,-4.64958,-7.84262,25.8792,-10.1434,-86.864,-948.184,-301.584,-30800,35980,-9520
1.57609,33.149,-11.2136,27.2435,-3.75493,-8.98678,-2.59152,1.10994,47.5881,-11.7991,-12.674,0.404916,-8.46363,-12.5272,14.1971,-4.3862,-88.816,-941.84,-301.584,-33320,35980,-10360
-14.2097,-10.585,-12.9401,-31.3383,-30.389,-12.0034,-37.4682,-11.2216,5.25754,-9.87034,-1.45006,-15.4804,-5.21762,-20.2876,-53.928,-24.3669,-88.816,-941.352,-302.56,-35980,35700,-11060
10.4339,24.1317,-4.87418,6.85178,-14.8568,-14.9743,-27.5101,-24.632,46.2979,7.279,8.30923,4.62802,-3.14019,-15.4455,-8.29258,-35.443,-76.128,-944.28,-310.368,-38780,35000,-11900
7.31815,30.645,-1.34995,39.1574,10.3343,-5.36236,12.3747,-11.0109,31.3429,4.75222,1.54471,11.2781,-1.72576,0.63444,49.9674,-6.4328,-80.032,-965.264,-308.416,-41160,33740,-12320
5.55087,26.3607,3.42934,32.7366,16.449,0.730116,17.1469,-1.16759,22.9996,2.96503,-4.08467,16.0564,-0.0504448,9.9637,34.4432,8.12946,-75.152,-957.456,-309.88,-42560,32480,-12320
15.1892,4.05636,6.51854,-5.74479,3.11631,5.13088,-1.08095,-0.0834979,16.29,11.4408,6.59522,10.6278,5.83328,10.7221,-16.9008,7.34228,-67.832,-937.936,-318.664,-42840,31920,-12040
15.8013,-15.6723,3.91469,-15.6195,-1.9472,5.78126,1.23878,5.51566,0.589373,6.87646,5.55347,-1.70883,3.7287,9.66242,-10.5192,9.37216,-74.664,-942.816,-321.592,-42980,31640,-12740
20.9193,-5.36784,8.8667,-19.7584,0.622387,8.42905,-1.21172,5.62161,3.20285,3.77915,3.17725,4.52433,4.96995,10.144,-18.7215,7.10224,-73.2,-942.816,-315.736,-43680,30100,-13160
-26.4342,-48.7744,-8.67503,-27.6672,-11.2037,0.161366,5.1948,4.34424,-71.6179,-17.1411,-7.42682,-29.5606,-5.64226,-2.11999,0.643032,7.68816,-66.368,-940.864,-311.344,-44800,27860,-13860
-14.2401,-16.3462,-8.67481,-2.13061,-6.9563,-2.53405,5.77685,2.63363,-25.6499,-10.8406,-5.63795,-19.253,-7.65607,-4.32869,14.3313,2.508,-59.048,-938.912,-306.952,-45780,26740,-14980
19.3923,29.6989,5.06762,19.0567,8.97206,1.51526,7.35351,2.2214,32.3909,4.37533,-0.934834,13.0568,-1.06721,4.69396,20.4796,2.79316,-54.656,-944.28,-307.928,-47180,25060,-15680
46.84,76.7106,18.6171,60.1456,30.8696,7.11212,21.2161,5.64393,78.9722,21.8862,9.04572,44.9362,6.42545,13.4707,49.0684,8.05628,-57.584,-953.552,-301.096,-47040,23520,-15540
18.9983,51.0596,10.6952,35.7845,21.8054,2.8491,7.71174,0.28052,35.3587,10.6201,3.41987,31.4605,2.61576,8.21309,15.6207,2.02077,-52.216,-959.896,-303.536,-46480,21700,-15680
-7.15508,0.557246,1.68969,-16.0752,-1.56966,0.629188,-15.5647,-2.82509,-18.0082,2.22999,0.921887,3.53184,1.6026,-0.677826,-41.9644,-7.51596,-49.288,-963.8,-315.736,-45220,20020,-15540
-19.6269,-20.4026,-4.74315,-26.3869,-10.6059,-0.123747,-12.5113,-0.875483,-28.6268,-7.2312,-7.31092,-11.0438,-1.85035,-2.56041,-34.5345,-4.92495,-49.288,-969.656,-317.688,-44380,19320,-15400
-10.2324,-34.642,-9.39744,-10.5983,-13.5928,-2.16354,2.55251,3.11074,-15.9689,-0.144797,2.19965,-19.0457,-1.50916,-7.42469,20.465,0.296656,-52.704,-971.608,-318.176,-43540,18340,-15400
-1.46324,-45.7488,-11.4125,-41.6451,-30.0944,-5.55078,-14.2183,-1.85525,7.15107,4.79272,7.77578,-27.7007,-1.5177,-15.1928,-19.9542,-7.84131,-42.456,-959.896,-315.248,-42840,17360,-15400
-6.11523,-15.1442,9.70873,-16.2592,-0.396001,5.25112,-9.94618,-0.504487,-18.4472,7.73517,7.54373,2.62026,8.65638,5.58673,-32.3584,-3.00856,-29.28,-945.256,-302.072,-43960,17500,-15680
-13.1586,6.78854,13.9233,14.6278,24.4054,10.7838,12.8827,8.71959,-23.31,0.585273,-0.964981,18.3575,8.24827,16.7985,-1.22731,12.6913,-29.768,-946.72,-312.32,-43400,20160,-14840
-24.8131,2.84195,-2.96219,12.0581,15.8009,3.31396,22.7755,13.7656,-10.3076,-19.2251,-15.7512,2.34555,-4.37047,8.08869,17.5293,18.2281,-40.016,-911.096,-306.464,-43400,21280,-14280
-44.8441,-47.079,-22.8455,-24.2545,-14.4155,-4.88458,4.60842,8.0343,-61.4461,-31.9037,-16.0556,-34.0175,-11.6911,-11.3938,0.535612,4.5968,-36.112,-960.872,-305,-44380,22680,-13440
-42.9629,-58.0251,-22.4447,-23.3874,-21.1373,-11.5968,-10.6776,-5.66815,-87.5239,-25.7563,-8.20439,-40.6108,-9.53968,-20.1621,-0.21248,-12.5985,-37.088,-932.08,-308.416,-42980,22540,-12880
26.3264,21.059,0.873065,3.22991,-10.9961,-12.7365,-32.3032,-19.0683,28.0877,10.1867,10.7402,9.9299,1.83159,-14.9677,-19.0005,-29.3617,-37.088,-935.984,-298.656,-43960,23800,-12740
43.3584,36.1368,2.31019,12.9852,-4.22973,-6.48366,-12.5996,-10.9951,68.3828,16.5705,12.425,14.2476,3.01214,-9.43835,1.94572,-12.5153,-37.088,-945.744,-299.144,-44380,23940,-12740
28.9961,29.8857,-3.0467,16.706,1.77851,-2.45551,4.75516,-3.32061,62.2189,9.38853,4.62677,5.66788,-1.37322,-6.25875,16.2666,0.399306,-43.92,-935.984,-299.144,-44380,23100,-12880
21.7332,19.0941,1.75463,7.98677,3.4886,2.22455,6.28817,4.09991,41.3537,10.6815,6.05935,6.30458,1.51665,-1.42869,8.61947,8.01151,-43.92,-932.568,-305.488,-44800,26040,-13720
9.48561,-21.5639,-8.0161,-11.4839,-12.4387,-3.58912,9.67562,5.9811,3.78882,5.70962,4.49903,-17.0765,-4.86648,-12.747,16.2972,9.5448,-44.896,-929.64,-301.584,-46340,29120,-14560
-8.79746,-65.6999,-16.9782,-42.6912,-27.9013,-8.1208,-0.176992,0.189024,-38.1922,-2.33664,-0.0494205,-38.6838,-9.45866,-19.3839,-6.92341,3.00807,-41.48,-926.224,-283.04,-48020,31780,-15540
-1.83791,-15.4055,1.07039,-6.11178,-1.38757,1.02364,4.03402,0.812591,-11.6614,0.820313,-1.42062,-3.06855,0.170425,-0.216614,-3.19283,4.87369,-42.944,-915.488,-270.84,-50400,32340,-16100
-6.01846,38.0404,8.11875,33.1559,20.3468,3.86948,12.4955,2.36798,9.50416,-8.20137,-12.6788,20.5736,-0.350975,11.7799,6.55125,7.519,-42.456,-913.048,-262.544,-53760,32060,-16240
15.0464,73.0793,25.5617,43.7853,30.3151,5.41479,-4.07383,-5.48105,26.5318,8.99085,1.94007,48.6642,9.8623,20.7593,-9.24736,-5.77792,-47.824,-912.56,-261.08,-59080,29680,-15820
25.1545,71.6205,32.7178,44.135,38.8493,10.3181,2.16806,-4.63615,29.0659,15.2531,6.1298,54.637,14.8315,32.8806,0.0160107,-1.65952,-51.24,-935.496,-291.824,-61600,26740,-15540
-6.68229,14.6428,18.8531,35.132,37.2385,18.1066,28.6752,11.6934,-29.0149,-1.21664,1.09802,19.7765,11.9887,34.2752,34.7522,21.1208,-53.192,-933.056,-321.104,-60900,23380,-15120
4.24548,27.5084,14.4953,27.9923,21.8739,11.896,6.77303,2.72177,3.21593,3.7893,4.1916,19.181,9.14717,19.2066,16.7058,4.92022,-55.144,-938.912,-325.496,-59360,21420,-14980
8.10297,-10.3194,-0.775056,-25.292,-18.2295,2.07776,-11.8655,-0.802545,22.2398,0.796638,-0.196668,-8.6678,-1.09532,-3.03134,-17.8841,-4.39833,-54.656,-935.008,-337.208,-58380,19460,-15120
-4.37218,-16.3351,-5.94927,-35.5144,-21.9288,-1.49756,-12.968,-0.59588,8.51637,-10.3102,-11.2894,-11.957,-7.77112,-6.95228,-30.6011,-2.76016,-54.168,-931.104,-335.744,-57680,19180,-15120
-39.12,-46.4656,-10.6322,-25.3699,-11.6408,4.275,8.50459,8.2818,-65.1149,-15.3802,-5.96324,-29.2023,-5.43653,-0.944544,2.57896,10.0753,-56.608,-931.592,-336.72,-57540,18340,-15120
-34.284,-96.8179,-25.3358,-67.5514,-42.2269,-6.2881,-9.82814,1.61767,-67.7546,-7.54028,3.62964,-60.2414,-10.449,-19.9293,-12.7793,-2.84784,-57.096,-926.712,-326.472,-57960,15960,-14980
-0.0137652,-35.3856,-12.2534,-26.82,-18.4795,-0.211582,2.94045,8.0707,11.0089,2.79107,5.94059,-26.146,-3.28426,-6.51472,9.21966,4.98686,-59.536,-932.08,-325.008,-57680,14840,-15120
4.48053,-25.4876,-14.6248,-15.2555,-15.8395,2.59608,14.6551,10.6903,39.8415,-1.85857,0.785287,-25.7532,-3.57182,-1.03211,28.1981,11.2511,-62.952,-927.688,-348.432,-56280,15260,-15540
26.2544,21.5388,14.6879,-0.755776,7.38322,8.13013,-17.5276,-8.13393,49.3282,17.9687,8.55078,21.8208,12.3622,15.1731,-23.5362,-12.0621,-62.952,-926.224,-346.48,-54740,17500,-16380
7.79914,49.2702,22.4575,29.9572,29.8722,6.56189,-20.3666,-15.4257,11.791,6.42103,-5.05416,41.6479,12.2956,20.1736,-26.0475,-16.1497,-59.536,-931.592,-347.944,-53060,18480,-16660
-10.6892,64.0138,15.5594,58.2921,36.7939,2.72463,-7.09615,-13.144,-13.8956,-8.64834,-17.0145,40.3603,4.09783,12.6803,-4.41527,-10.7229,-55.632,-917.928,-345.504,-52360,19600,-17080
-25.5772,22.3489,11.2005,32.7592,22.1117,1.71289,-3.23472,-6.37616,-70.1119,-8.10278,-9.0034,21.4083,3.39398,11.0385,-6.3355,-5.96205,-49.288,-932.08,-361.12,-52780,20160,-17220
-16.7915,-19.0496,-2.40402,-14.795,-11.0347,-5.06967,-9.94698,-3.61266,-52.584,-4.47863,-1.84173,-9.63723,-1.35712,0.19994,-13.8341,-5.38459,-50.752,-929.64,-356.24,-54180,20020,-17500
-1.22532,16.2593,-2.43166,6.46081,1.65137,1.54977,-1.77782,-0.386726,15.5364,-6.15887,-4.99691,2.72508,-1.4628,-3.14507,3.02172,-0.941636,-56.608,-909.632,-333.304,-55300,19740,-17500
1.53197,-1.5311,-19.3861,-1.10751,-11.7827,-13.5303,-3.47807,-10.4206,33.7752,-4.60071,-4.53784,-11.8838,-12.0869,-33.8452,8.65641,-12.7415,-51.728,-923.296,-336.72,-56560,19740,-17500
-13.2043,-21.2017,-52.1276,-13.0108,-30.6895,-68.6738,-24.6251,-38.4499,-2.20682,-12.1493,-11.4246,-26.1523,-45.1442,-102.789,-14.8461,-45.6202,-56.12,-918.904,-341.112,-57960,18760,-17780
-10.1629,-3.93741,-57.2712,9.21822,-34.9045,-81.4137,0.640625,-18.3026,-3.44934,-11.7779,-7.088,-24.373,-50.7843,-108.308,15.7332,-25.1396,-55.144,-921.344,-331.84,-59080,18200,-17640
23.7927,16.6939,-6.44635,18.8774,-28.4865,-19.9686,35.2604,28.2573,43.7232,16.0952,19.8986,-6.16871,1.86299,-8.74677,49.4127,29.8166,-52.704,-921.832,-332.328,-60620,17360,-17500
40.1801,-3.0373,32.6545,-12.6031,0.183144,36.865,42.1235,46.5261,46.7079,36.9538,40.8333,3.82304,39.736,54.6294,40.9033,50.8446,-59.536,-926.224,-341.6,-62020,15820,-17220
31.5993,-15.8721,34.3514,-19.8557,22.4835,54.0193,30.7027,35.0841,35.7268,30.0604,30.9721,6.67542,36.5181,55.8954,26.036,38.8121,-57.096,-926.224,-341.112,-63840,13580,-17080
-0.29806,-25.9921,15.1047,-6.5019,20.149,38.2044,11.8437,12.1393,-8.77992,1.13542,0.565588,-4.06962,14.1477,34.6242,12.34,17.057,-53.68,-933.056,-348.92,-66360,10500,-16940
3.61587,-25.4495,5.69497,-17.517,4.43397,21.7431,-12.6524,-2.71387,-11.9192,-2.65722,-8.33339,-4.61345,4.52721,16.2227,-27.2171,-3.76516,-53.192,-935.984,-353.8,-66780,9100,-16660
0.897213,-19.0165,-4.94141,-20.6271,-4.9722,9.15177,-12.4817,-4.45119,-5.62659,-15.4942,-16.6456,-10.2742,-3.59255,6.52736,-29.6099,-3.18279,-57.096,-936.472,-360.144,-67620,7980,-16380
12.5965,14.123,3.55331,15.0385,12.0716,4.52344,2.20082,-0.0116141,13.3908,-7.24804,-1.98687,7.14626,1.04072,14.416,5.66539,3.39493,-52.216,-935.008,-367.952,-66920,7560,-16380
7.0714,22.7759,9.63908,12.1098,9.83796,3.26676,-11.2764,-6.41348,9.21681,-0.711857,2.26556,14.7548,4.5741,16.471,-9.72864,-7.08608,-50.752,-932.08,-367.464,-66640,7840,-16240
-13.7314,-0.993836,15.0145,-17.6846,6.86125,10.3035,-27.3323,-9.72922,-45.9048,1.25208,1.92363,12.5403,9.47845,18.0207,-55.4935,-12.911,-51.728,-926.712,-366.488,-65380,8540,-16100
-17.9782,18.3807,20.6808,-8.98447,15.7886,10.7908,-30.3648,-14.6229,-47.5537,-3.97988,-6.91031,27.3775,9.09314,22.9,-69.3852,-14.8221,-44.896,-927.688,-374.296,-66080,8680,-16100
-23.5832,4.43972,-8.78865,2.23946,-0.509497,-0.345257,-6.22357,-6.62846,-15.5586,-21.9941,-21.6428,-2.56345,-12.1095,-5.73752,-9.56439,-7.12152,-45.384,-941.84,-394.792,-64680,10220,-16100
-11.2191,-9.57603,-19.2551,-1.41865,-14.7667,-11.115,4.95165,-1.61845,18.6297,-17.1145,-15.8019,-17.2354,-18.9238,-14.1145,25.2202,-1.88813,-45.384,-924.272,-401.136,-59920,9940,-14980
-7.87397,-1.46131,-7.73968,14.9931,1.63837,-0.421989,26.2907,12.6736,11.042,-5.876,-1.00714,-10.4845,-7.62547,6.21881,47.5715,16.5704,-44.408,-914.024,-394.792,-59640,8260,-14000
-6.99995,-8.53497,2.72804,14.0453,10.1183,8.49188,25.8661,11.5124,-12.3769,-2.12042,1.97772,-6.36832,1.14245,17.0661,40.2643,18.2772,-41.48,-911.096,-391.376,-59360,11340,-14140
-7.91819,-37.9653,8.3299,-18.34,1.71111,8.61711,10.3896,4.68751,-46.8791,8.23123,10.0531,-11.111,9.83953,17.405,5.08989,9.2807,-42.456,-912.56,-387.96,-58520,12180,-13720
-11.9885,-22.1172,6.50136,-12.721,1.36861,5.38165,-1.08761,-1.03617,-31.035,1.69224,3.1378,-8.66307,9.09312,18.5299,-5.20837,-0.840523,-41.48,-911.096,-378.2,-58100,12740,-13020
1.91821,30.7069,1.36588,22.0719,8.48795,-12.8143,-17.5109,-19.47,19.848,4.28764,2.75186,13.2695,1.36826,-17.4465,0.851842,-29.0968,-41.968,-916.952,-379.176,-58380,12320,-12180
-3.51628,6.97116,-33.1831,12.0721,-22.9696,-55.7766,-31.6635,-36.5069,8.23679,-1.88708,-4.81998,-9.56718,-28.9166,-92.4908,-8.76204,-52.2019,-5.856,-873.52,-381.616,-56420,11480,-11480
20.9051,15.7812,-19.2116,8.7816,-43.7709,-53.8967,-23.9355,-18.1821,20.3435,12.2694,5.69955,-0.801658,-19.2201,-67.1673,-11.5267,-29.6539,-67.832,-930.616,-373.32,-54040,12180,-12180
39.8601,44.8621,15.0098,8.36234,-21.3559,-12.9664,-8.70584,6.95731,43.5553,24.8891,21.1015,26.0752,11.9138,4.57911,-9.89068,2.46014,-48.312,-923.784,-390.888,-50400,16240,-9520
24.7768,22.2469,16.0366,-15.7867,2.30473,20.2081,3.49639,16.271,36.9354,12.2646,14.6935,14.7949,19.737,24.5484,-6.27384,18.2305,-37.576,-925.248,-382.592,-51520,11200,-10080
12.0497,-3.24579,9.43009,-20.112,11.5479,28.9104,11.6351,13.3171,19.1564,6.79638,9.73209,1.89642,15.0722,19.9804,-2.27436,20.6989,-36.112,-920.368,-393.328,-50120,7840,-9380
-3.0451,24.2773,8.79774,35.963,43.1738,24.1218,36.3756,18.7524,17.2385,-6.77805,-13.4213,17.4148,0.600435,25.4054,34.2853,33.8868,-37.088,-926.712,-384.056,-49840,4900,-8680
-2.5714,11.2533,16.0555,29.6449,43.1251,27.6864,40.9429,27.2878,1.45565,4.36072,-6.41141,17.8068,9.41396,41.6002,31.5596,42.5819,-37.088,-928.664,-383.08,-48160,2940,-7840
-3.93762,-20.3565,11.8409,-8.04446,12.4728,19.7691,9.02212,10.9722,-28.1468,10.5703,-8.34027,0.798074,8.74468,21.7196,-7.37421,16.3141,-34.648,-922.32,-383.08,-47460,2520,-7420
-13.4564,-15.9213,-26.3782,1.48939,-21.8368,-14.8102,-14.9669,-14.851,-19.675,-15.7614,-34.4206,-16.634,-31.8144,-58.0438,-0.922807,-25.3802,-35.624,-922.32,-376.248,-46620,1120,-6720
-17.205,-10.8337,-50.2075,-1.30262,-42.3352,-47.1201,-19.8283,-23.3494,19.7734,-35.8551,-24.3534,-29.1318,-39.3039,-67.5978,5.55071,-31.9223,-36.6,-925.736,-374.296,-44940,140,-6020
-12.0378,-9.38374,-16.6226,-13.0406,-22.9003,-23.0676,-12.4871,-10.434,14.3454,-9.05283,9.22469,-17.2806,-1.40006,-6.52254,-0.555108,-9.48241,-30.744,-931.104,-379.176,-44100,-1260,-5600
-15.5883,-26.7543,10.4663,-30.7525,-4.51238,18.722,0.177519,4.93113,-16.4216,5.19707,22.6449,-19.3446,22.8315,29.671,-12.8756,11.2569,-29.28,-934.032,-386.008,-42420,-1960,-5180
-21.2999,-46.1648,17.7084,-37.6282,7.06031,26.799,1.00722,3.63221,-47.944,1.30811,17.1408,-17.9536,23.3966,36.7613,-28.413,12.3958,-28.792,-943.304,-386.984,-41020,-1960,-4900
-11.8342,-11.2183,8.41011,-9.27067,5.49379,4.72639,-16.4527,-13.5697,-25.2466,-0.320945,3.16118,0.859082,3.84699,7.54787,-27.1559,-12.5055,-30.744,-941.84,-390.888,-37240,-1540,-4620
-5.90475,38.1906,9.54163,37.6667,23.7554,0.800869,-3.75799,-7.76847,-6.88341,-2.36098,-8.14975,24.6388,1.76253,7.35881,2.33757,-7.82931,-26.84,-944.28,-396.256,-33600,-2380,-3920
3.25722,22.3154,12.3312,15.1444,12.9022,12.1344,-0.693279,1.26567,6.9385,-2.45954,-4.34874,15.5829,8.63325,22.6647,-0.419877,0.759631,-28.304,-937.448,-400.16,-30100,-2800,-3360
-7.7852,-46.3954,-5.61793,-40.9395,-17.6318,11.1926,-14.9146,0.858878,-41.9577,-5.72429,4.07188,-21.6226,0.617865,1.23094,-30.1603,-6.57055,-24.888,-930.616,-399.184,-25900,-2380,-3220
-13.6149,-76.5795,-11.6889,-59.6773,-18.5067,1.65286,-10.9918,0.454406,-72.4749,-6.80059,-17.2872,-27.1805,-16.8478,-13.6359,-37.8939,-5.20829,-24.4,-912.072,-391.864,-23380,-2380,-2800
18.9285,18.5493,-7.84954,18.9317,6.42264,-4.62369,14.0032,6.65006,24.5509,-7.92119,-24.4461,11.6868,-21.147,-16.5729,16.6712,5.21295,-25.376,-930.128,-396.256,-20580,-2520,-2940
36.5227,60.6135,-8.34901,56.3382,9.10727,-15.2179,18.6209,4.4887,65.0071,-7.56958,5.71197,22.2824,-10.019,-11.3287,50.1734,6.04502,-21.472,-927.2,-401.624,-18200,-3220,-2240
37.6211,59.4189,12.3458,45.3837,12.0399,-5.40391,19.2282,6.85315,68.8431,10.3513,32.4437,24.5927,13.5744,25.0455,48.5164,12.2094,-26.84,-934.032,-408.944,-15400,-3360,-1820
18.68,16.1937,14.7587,4.69955,17.4985,-6.69659,10.5225,-4.7691,23.3187,20.2089,20.3564,11.7073,9.37954,5.64212,5.04062,1.08609,-27.328,-935.496,-418.216,-11340,-3920,-1120
22.3932,-2.41834,8.09532,-8.98634,6.7235,-21.1732,1.39332,-6.40346,9.32412,26.6724,5.97017,10.7129,-7.80216,-22.5699,-12.8571,-12.105,-28.792,-924.272,-422.12,-7560,-4340,-980
24.1418,25.7171,0.183932,37.6967,-8.72057,-16.6101,8.6302,10.5856,17.9144,28.3508,-6.75622,20.0515,-18.3991,-25.9835,33.9029,-4.52922,-25.864,-915,-413.336,-1820,-4900,-140
27.7594,38.4421,2.26989,35.5954,-2.83107,-4.02419,16.4175,25.1829,31.6142,30.4877,-13.7689,28.4252,-15.6475,-5.66362,47.6911,12.9899,-24.888,-902.8,-416.264,-1960,-4900,-140
23.3314,50.3174,4.70549,21.7805,19.384,6.06697,18.5051,19.4641,54.4052,12.4717,6.63613,29.9952,4.12874,27.2148,31.871,23.2306,-22.936,-904.752,-420.168,-2380,-3920,-420
-21.6597,3.34866,-0.242283,-15.13,6.33076,32.2141,2.36517,13.8087,14.8708,-14.2973,24.5911,-11.8175,29.196,27.8645,-7.5031,15.1539,-20.984,-925.736,-442.616,-1820,-4340,-280
-65.5744,-38.9674,-3.78517,-37.5051,-12.9734,29.6948,-15.1731,0.0937462,-37.2552,-27.8137,7.61635,-47.0384,29.4828,18.2363,-38.5646,-0.154279,-25.376,-909.632,-440.664,980,-5320,280
-65.9351,-74.9998,-3.44149,-49.6621,-17.0053,23.0952,-17.0657,-6.79813,-62.4786,-29.888,-3.34658,-55.0179,24.2938,22.3142,-41.148,-3.99909,-23.424,-905.24,-440.176,3220,-5740,420
-37.3097,-64.9772,8.59771,-39.1474,-8.47261,22.4444,-23.4062,-17.2874,-71.1006,-13.9741,2.92493,-28.7531,25.203,18.9922,-41.8031,-14.9106,-27.816,-894.992,-447.008,4480,-5180,420
-14.6019,-47.2358,7.39229,-29.6829,-3.77876,-6.13757,-21.0634,-24.1702,-60.7017,0.258161,-21.2302,-11.4716,-8.36157,-9.08239,-34.5103,-20.901,-20.984,-897.92,-454.328,4620,-4060,420
3.43969,-17.218,-17.6836,-6.70833,0.130472,-47.9114,-10.8454,-21.7124,-41.9681,-7.13189,-51.6284,10.28,-57.4974,-64.3287,-29.3304,-23.2954,-19.032,-897.92,-447.496,5600,-1400,280
28.2069,59.2628,-56.7404,53.2651,-13.9437,-71.3462,1.23252,-21.5356,41.8416,-33.2363,-19.8853,21.0154,-52.9173,-105.47,23.0299,-26.971,-115.168,-905.728,-431.392,6580,0,-4480
19.3518,55.9891,-36.9836,31.747,-48.3526,-55.9953,-9.90564,-7.90873,56.9608,-20.0086,31.0429,-11.193,-7.94422,-62.9131,29.6183,-20.3578,-53.68,-900.36,-435.784,12320,27580,1540
5.29939,7.25616,27.9447,-15.8655,-29.0811,23.391,1.88465,19.4183,18.396,15.5318,62.701,-23.8863,51.5626,52.9744,10.7062,18.4369,-27.328,-902.312,-397.232,4060,21140,-1540
-3.85607,-54.9022,50.3763,-61.8057,5.78599,62.7231,-4.2874,14.3341,-34.2824,28.4753,37.0257,-13.4407,59.5489,90.2622,-23.9434,23.8275,-18.544,-906.216,-452.376,3360,17780,-1680
-10.5856,-52.796,46.1797,-47.3262,46.8027,62.5004,-4.01171,3.11507,-57.2131,20.0439,-33.9943,18.4092,19.8813,84.0499,-36.5581,22.5122,-23.912,-906.704,-451.4,980,8820,-840
-2.79973,-3.2491,13.5914,13.5375,51.2819,31.9735,-2.09887,-16.415,-3.40062,3.82091,-41.4738,35.4602,-6.46189,29.179,2.72765,-0.99927,-27.816,-911.584,-437.736,1400,3080,-280
-2.40944,49.7263,-11.544,62.6056,32.8068,-15.6445,-1.47759,-27.9984,45.6998,-5.52946,-32.8186,34.258,-32.9393,-21.4705,20.8625,-20.7577,-20.496,-917.928,-439.2,1120,280,-420
8.5996,46.8808,-32.9268,64.1872,-9.44516,-33.8324,2.83265,-19.5607,33.0433,-3.17017,-20.3325,11.4264,-49.1463,-63.2101,28.8316,-19.9642,-23.424,-921.832,-443.592,-560,-280,-840
1.67488,-6.22473,-49.6952,-4.7094,-49.119,-71.0418,-12.3564,-19.4743,-9.113,-7.09215,8.75604,-22.371,-38.6083,-87.4424,-2.15957,-26.1161,-23.424,-912.072,-433.832,-1540,420,-560
-6.32061,-18.0686,4.12844,-38.2126,-17.0405,7.37327,20.4793,42.1116,-6.96366,-4.82316,53.6694,-26.6107,44.2661,46.216,-1.04582,39.6221,-22.936,-915.488,-404.064,-2800,560,-1260
-6.90461,-40.2714,44.8251,-53.9199,3.05195,73.4481,17.4199,47.2965,-20.5929,20.9724,22.4232,-20.4525,50.6227,89.8898,-15.6508,58.0506,-26.352,-919.88,-415.776,-4200,560,-1820
22.6175,-14.5188,39.1133,-12.287,40.272,66.549,34.9325,43.1139,0.427703,23.0669,-60.7699,24.2705,-12.3155,59.0551,8.47759,51.1428,-31.232,-918.416,-403.088,-4480,840,-2380
37.3943,37.4272,-21.4812,48.7222,45.4092,0.99694,27.0549,13.8998,41.6952,-26.5684,-29.733,42.0105,-26.4158,-14.2161,38.9847,7.64205,-26.84,-921.344,-398.696,-5460,840,-3080
-0.931732,39.3968,-38.8709,36.9822,-18.3724,-36.5029,-22.7052,-15.4561,39.379,-24.8291,20.8831,-17.1818,-10.5978,-67.0662,-2.76214,-37.8431,-33.672,-918.904,-386.984,-6720,840,-3500
-21.9455,-10.3178,-8.381,-13.2519,-56.0683,-40.8082,-39.0418,-15.064,-10.085,6.61453,38.7716,-47.2037,2.31286,-36.1708,-42.5579,-27.9007,-29.768,-918.416,-388.448,-7980,280,-3920
-34.6803,-76.5951,-5.54718,-62.5196,-45.7946,-7.55362,-29.1379,-8.61545,-75.667,-0.129987,42.9287,-42.4325,26.6042,-2.51325,-40.1578,-17.8765,-34.16,-916.464,-390.888,-8680,-140,-4200
-39.255,-53.9745,-16.7156,-26.3099,-2.68943,-31.6028,-16.7959,-27.9956,-101.404,-12.555,-13.8041,-19.3462,-27.9767,-61.6914,-14.5025,-37.9852,-47.336,-934.032,-395.768,-8680,-1260,-4060
40.3923,85.5687,6.46173,92.7888,45.5313,-50.3265,42.9988,-13.0686,62.9478,17.5642,-14.2942,60.5744,-36.6636,-46.0711,68.4492,-0.884078,-46.848,-932.568,-388.936,-8680,-3080,-3640
77.2667,102.344,28.9146,82.8028,24.8771,-8.33899,56.0692,23.659,134.239,39.5389,-13.0791,69.3668,-0.0513897,17.0355,89.0696,31.3463,-39.04,-931.592,-407.48,-9380,-4620,-4060
85.4321,68.8764,49.0199,28.6751,44.456,22.9264,46.3366,48.0103,92.8387,44.0716,-13.7832,73.2623,-5.9712,61.7247,51.3736,47.7314,-29.768,-919.392,-400.648,-8260,-5740,-4060
28.7368,59.193,8.12927,27.2874,30.2866,25.8849,12.7978,5.99346,55.4597,0.399533,1.60296,43.7966,9.43313,33.9861,14.5515,14.5394,-33.184,-920.368,-390.888,-8540,-6440,-4200
-43.1443,12.8079,-62.5492,8.39274,-21.8899,-55.126,-21.6726,-62.1454,3.72348,-50.155,-17.5437,-32.9679,-19.0857,-82.425,-18.6366,-48.2624,-33.184,-922.32,-387.96,-9240,-7840,-3780
-29.6837,-21.8992,-10.3022,-2.80207,-28.6467,0.0178493,-4.46357,-2.35589,-29.4595,-13.505,0.618872,-34.349,24.011,9.41578,8.16218,-9.71686,-32.208,-921.832,-394.304,-9380,-9660,-3080
-27.822,-42.7065,22.0887,-48.1555,-28.7152,52.9967,-24.4267,18.1257,-25.6653,-0.509071,21.9819,-35.669,46.1988,60.196,-15.0668,11.6565,-32.696,-912.56,-392.84,-9520,-10640,-2800
-43.3663,-73.0595,6.50706,-96.0551,-17.4693,41.2364,-34.4218,1.63882,-33.6084,-22.7895,22.4335,-48.1985,35.9173,44.8802,-71.7754,3.33541,-34.16,-917.44,-388.936,-10640,-11900,-2660
-69.4884,-95.2761,-5.28894,-65.0314,-13.7005,25.8548,-33.4209,-16.2737,-97.1953,-23.5808,-14.1057,-52.0562,-1.64628,8.331,-65.5556,-16.9746,-27.328,-913.536,-386.984,-11620,-12880,-2520
-12.8458,-31.3261,-20.1357,9.27207,-11.958,-21.8281,-29.1497,-21.163,-65.5462,6.73547,-45.5831,-0.80285,-67.2277,-72.1819,-21.839,-42.0453,-26.84,-916.464,-387.472,-12880,-13300,-2240
34.676,56.084,-18.8015,53.4469,-2.89646,-42.036,-10.5436,-10.4397,9.15011,10.9644,14.4323,44.0319,-7.80041,-21.0609,18.6208,-19.6461,-29.28,-916.464,-390.888,-13440,-13720,-1820
17.9644,30.8547,16.2488,-6.82713,8.02427,15.4314,11.4951,15.2009,27.011,16.7302,46.6125,3.57913,41.0034,52.7604,5.25632,26.1195,-29.768,-917.928,-396.744,-14000,-14000,-1540
-1.09952,-39.2822,40.0268,-45.7854,19.6127,42.1178,11.7467,22.1052,-28.7591,26.6285,12.2705,-12.3917,24.9301,51.3774,-27.7715,32.6097,-28.792,-918.904,-397.72,-13860,-13860,-1120
-12.5576,-44.8706,12.8014,-20.3809,25.3375,18.1381,6.82275,3.58463,-49.4178,-2.36745,-5.68337,1.18911,5.76354,18.5666,-25.6946,11.7787,-32.208,-917.928,-400.16,-14000,-13720,-980
-10.4497,2.43846,-17.9798,17.4807,7.43831,-1.80911,11.1664,-3.5079,0.96827,-23.0983,-8.50051,-4.28619,-12.7003,-15.1285,13.4574,0.669466,-31.232,-917.44,-406.504,-14000,-13440,-560
0.713275,17.8244,5.50958,17.186,-2.41759,14.0009,19.5451,14.5003,32.1758,-1.12499,5.75782,-4.71168,9.68931,19.9006,24.7275,18.6875,-33.672,-920.368,-414.312,-14000,-12880,-420
-7.82193,-34.3753,7.80035,-31.5447,-9.51171,20.9023,-2.02229,11.5749,-14.0709,-2.2806,-8.30672,-15.4445,11.0888,21.5386,-7.60186,7.56358,-31.72,-920.368,-415.776,-12740,-12180,-280
5.82431,-9.7916,8.24148,-2.04216,10.6189,18.0848,2.78848,3.54782,3.50733,-4.15161,-4.96603,4.29036,10.1843,17.9861,9.26,3.82053,-34.648,-919.392,-422.608,-11480,-12460,0
13.6923,30.2966,-9.49903,35.7556,26.8405,-25.1909,7.97882,-18.3644,28.7129,-0.504309,-20.1529,19.1515,-30.2063,-42.4596,15.5172,-14.3523,-35.136,-915.488,-420.656,-11480,-12880,140
-5.99036,22.0165,-59.637,57.4133,-6.60576,-118.082,-13.1888,-53.9518,-13.972,-14.4355,-34.1258,0.443134,-78.0431,-143.82,23.5682,-60.3843,-32.696,-915.488,-423.584,-11620,-13440,0
22.4964,35.3886,-21.7753,42.496,-46.1976,-78.0706,-16.5258,-15.768,17.439,10.8526,5.54938,8.3127,-26.7844,-69.2288,19.7412,-35.6788,-28.792,-915,-429.44,-11480,-13440,-140
30.7121,38.0136,16.3922,-11.1719,-33.9134,19.6863,4.06256,31.4882,69.7159,11.7275,39.4458,10.8991,34.977,25.8869,7.73939,19.309,-28.304,-911.096,-431.392,-10920,-12740,-560
-15.6809,-31.2433,17.6354,-70.549,-15.5898,53.2134,-1.53729,23.3224,-2.73922,-6.69509,14.9172,-16.574,34.8609,43.363,-35.886,22.1571,-27.328,-910.608,-431.88,-10500,-12040,-700
-9.29377,-30.9807,22.1763,-34.2566,13.0301,40.7454,-0.0972233,6.51511,-20.2226,5.71352,3.09108,-4.71013,20.5636,45.4951,-22.3819,17.4871,-26.352,-910.12,-431.392,-10080,-11480,-840
26.4843,32.523,28.1284,38.5078,39.6471,34.1091,21.4062,12.3787,47.2375,19.1304,8.37265,27.7055,19.8315,51.6142,32.1863,30.168,-27.816,-907.192,-429.928,-8960,-10780,-980
-6.32534,2.46436,14.7146,9.97055,26.845,30.2942,14.2604,10.0071,-15.361,-4.49198,8.2472,6.50428,22.4488,43.6283,0.372448,26.0974,-30.744,-903.776,-429.44,-8400,-10220,-1120
-46.3721,-37.7162,-20.6039,-21.2458,-4.81517,-4.32026,-14.9959,-19.2537,-66.6492,-29.8753,-8.71634,-30.3422,-6.37995,-25.809,-31.0014,-13.6285,-31.72,-907.192,-432.368,-8400,-9380,-1400
-32.219,-30.8963,-38.2344,-6.87101,-34.4925,-40.0572,-24.4829,-25.9862,-28.8383,-17.4851,-22.7969,-34.0773,-40.8818,-70.9122,-8.75405,-33.4369,-28.792,-904.264,-432.368,-8260,-7980,-1820
12.4435,-21.9913,-2.06387,-17.5411,-29.8132,-15.4172,-11.6285,3.22153,-14.0845,16.996,-6.31807,-6.85065,-11.5397,-1.32405,-5.94977,-5.44647,-29.28,-903.288,-427.488,-8540,-6860,-2100
62.5255,35.7977,44.1414,0.518707,25.9118,30.1763,18.3168,28.6935,46.0208,40.6209,-2.94924,48.5772,3.56746,61.7221,7.12362,33.0122,-28.304,-900.848,-426.024,-9380,-5460,-2660
41.7353,32.6712,13.7146,7.97179,43.1342,22.3881,24.3225,17.3052,43.6872,12.2876,10.5521,41.7051,2.96931,29.1062,12.5595,23.7734,-27.816,-905.24,-421.144,-10080,-4760,-2660
-24.9793,8.33871,-33.6142,21.7966,12.7878,-18.5362,7.2988,-11.8528,-10.8236,-31.2339,3.61407,-9.37528,-6.88085,-31.6616,12.0229,-9.42832,-24.888,-908.656,-417.728,-10780,-4060,-2800
-30.0076,8.7214,-3.67819,26.5009,-11.8784,-4.00443,-6.56077,-10.1475,-19.5946,-7.49765,-1.67681,-20.7059,10.6548,-2.79919,19.1511,-20.024,-28.792,-913.536,-418.704,-11200,-3640,-2800
29.8513,15.0508,25.3687,14.9235,5.88339,-8.34278,-8.78215,-15.0304,19.8531,37.5288,-38.5894,19.2606,-17.3969,-0.914702,18.4415,-20.9227,-29.768,-914.024,-420.656,-11200,-3360,-2800
35.2095,19.9454,-21.3105,18.7988,1.2313,-37.1576,-7.07844,-15.0613,22.952,-0.824057,-30.8672,28.7518,-41.6215,-38.0032,9.39999,-19.7107,-28.792,-913.536,-417.24,-11340,-2100,-2800
-11.8703,27.247,-41.892,6.7018,-24.1567,-39.5846,-17.5236,-14.2188,15.84,-40.2632,-10.959,-6.84175,-12.4948,-33.6612,-16.5201,-18.5284,-32.208,-909.632,-410.896,-11620,-840,-2800
-22.0162,44.1335,-33.9221,32.6018,-5.1209,-52.05,7.57685,-18.276,46.5726,-36.9601,-9.87432,-18.9988,-18.9832,-72.7367,19.1863,-13.9683,-34.16,-915.488,-406.992,-12740,1120,-2940
-17.9349,16.9113,-11.4914,45.0906,-12.528,-18.6504,20.2628,12.312,15.0494,-2.72751,28.8191,-5.68236,5.34562,-57.4816,38.8231,-1.34901,-33.184,-915,-412.36,-12880,2380,-2660
-2.0065,11.8727,21.9763,18.715,-22.9533,14.6823,13.0465,30.7849,14.6454,30.5393,57.8414,-2.47746,34.6381,28.5685,34.2277,25.1962,-34.16,-920.368,-412.36,-13300,2660,-2520
-2.12113,-47.0219,27.2691,-87.7635,-20.7059,29.983,-16.1633,16.7523,-26.4288,32.3095,58.2319,-14.8833,39.0587,53.5035,-54.3078,17.1604,-37.088,-917.928,-410.408,-13580,1960,-2240
-10.1814,-66.2258,29.914,-72.5332,17.535,43.4124,-0.987983,13.0705,-59.2427,29.3847,13.7132,-7.43324,23.8916,52.5139,-57.3841,22.8465,-36.6,-918.904,-409.92,-13860,1540,-2100
10.5763,-27.554,31.0555,-5.04822,36.1433,44.6655,14.9496,6.43274,-34.7958,17.0726,-16.3766,13.645,18.9662,59.8082,-5.94224,22.1738,-39.528,-918.904,-403.088,-13720,840,-1820
49.6811,26.8652,40.0243,20.047,36.9762,47.0385,19.6978,19.4693,36.2909,25.9774,-27.3026,42.029,4.21502,61.4672,15.5234,28.0676,-37.576,-915.976,-402.112,-14420,-280,-1820
32.238,26.0621,16.5952,25.5386,39.0057,37.5197,30.2233,25.3561,35.2309,-2.44015,-25.5948,30.3069,-7.04349,46.1653,30.8889,31.7868,-40.016,-916.464,-397.232,-15260,-1120,-1820
-24.6596,-17.7429,-18.6402,-12.7136,7.99321,27.1799,5.92228,8.6807,-19.1115,-48.6583,-4.56186,-15.3197,8.11224,19.9971,-9.63885,9.02099,-38.064,-921.832,-397.72,-15680,-2100,-1960
-66.8327,-45.8801,-38.7463,-24.8165,-22.9653,-9.04092,-28.0633,-24.1499,-50,-54.4546,-2.02083,-62.2169,-4.98177,-32.77,-20.129,-32.7594,-40.504,-922.32,-401.624,-15400,-2380,-2240
-65.8736,-61.4836,-47.9364,-33.2105,-41.4437,-53.0597,-50.5501,-44.3299,-74.6553,-40.3836,-14.1541,-57.4756,-36.1133,-73.6042,-48.1895,-56.311,-37.088,-919.88,-403.576,-15260,-1680,-2100
-12.7494,-3.10601,-3.6936,5.8832,-20.9479,-26.1116,-17.1197,-11.2921,-30.8007,0.0415557,-9.68309,-5.88622,-11.4289,-23.8219,-16.181,-18.6555,-40.992,-917.928,-406.016,-14980,-140,-2380
25.0504,30.4934,13.6322,22.3952,3.78056,0.758966,7.68863,-4.44843,26.2336,8.81442,16.9192,18.7415,16.694,4.14959,31.6624,-5.60822,-40.016,-915,-412.36,-14560,280,-2520
12.2108,17.7044,10.8589,6.79118,6.92573,5.65925,1.76136,-10.8859,26.149,0.991322,7.12883,11.221,16.1569,18.2062,14.8271,-4.8133,-40.016,-913.048,-418.704,-13440,700,-2800
-26.8232,-27.6619,-7.11225,-31.6827,-16.503,4.12886,-25.095,-14.4077,-21.2078,-9.0867,13.7083,-23.3915,15.0471,-4.33651,-36.9204,-15.5739,-38.064,-910.608,-424.56,-13720,1120,-2660
-40.6307,-64.7747,-20.2353,-55.1869,-34.6275,-15.7135,-29.397,-20.8625,-45.5986,-7.64899,17.2482,-49.1712,5.62553,-29.378,-49.3608,-18.4411,-37.088,-908.168,-421.632,-13580,1540,-2800
-2.77815,-48.5286,32.1898,-30.0024,-14.6046,37.678,5.7227,13.1845,-39.6327,32.9226,30.2875,-15.1437,37.4695,43.2713,-9.83706,20.4784,-35.136,-909.144,-422.12,-13300,1820,-2660
10.6829,-38.2767,43.5598,-34.6716,7.44877,50.74,3.50929,10.7193,-44.9047,31.5141,4.30777,13.8037,31.5264,52.628,-24.8085,18.7163,-36.112,-911.584,-427,-13720,1680,-2660
30.4721,22.1939,2.05753,15.8273,36.1331,-51.2388,-1.34056,-22.8459,-6.05526,12.4867,-86.4509,48.9988,-75.0169,-58.3507,-10.0947,-24.4435,-34.16,-910.12,-428.464,-13300,1680,-2520
78.1302,135.211,-55.7817,137.392,34.6384,-150.592,15.9179,-30.04,119.13,-5.66472,-83.2381,86.787,-129.987,-149.722,80.1154,-44.0947,-33.184,-908.656,-430.416,-12740,1820,-2520
70.7248,146.513,-53.1517,128.728,5.14283,-104.788,34.4315,9.7393,133.878,-7.62301,-39.3962,63.9775,-64.0889,-90.063,96.4452,-4.32295,-34.16,-907.192,-427.488,-13160,2380,-2800
49.2763,96.5171,-2.73991,43.109,-34.4306,16.06,30.7485,55.0904,115.388,13.1366,33.7808,18.566,8.06231,28.4153,56.3994,47.019,-35.624,-905.728,-423.096,-13160,3080,-3220
8.33377,16.506,24.0066,-34.2402,-10.7176,85.5492,33.2217,70.6354,75.4855,16.7179,68.4764,-18.6369,50.9094,92.8618,22.9547,73.948,-32.208,-906.704,-420.168,-12460,3780,-3080
-40.1551,-65.9466,8.03059,-65.9337,20.3435,82.4915,21.5727,42.9547,-23.6981,-9.10541,63.4921,-47.6448,60.5121,65.9814,-10.2324,52.8702,-36.112,-904.264,-410.896,-13160,3640,-3220
-48.7023,-60.8597,-10.9285,-16.5017,-1.1719,15.3876,-15.3675,-19.2594,-54.7458,-4.53238,37.8171,-45.879,28.8762,-32.5142,-25.9111,-15.5834,-38.552,-905.728,-407.48,-14280,3500,-3360
-33.4947,-38.1776,-8.21093,-0.21905,-25.906,-41.4924,-27.0014,-41.4337,-59.9075,11.0417,11.3969,-31.72,-0.929383,-49.5043,-21.4986,-43.7401,-34.648,-914.024,-404.552,-15120,3500,-3360
4.98674,-21.2204,26.408,-10.1482,-13.3284,1.24288,-10.0421,-15.404,-30.7207,20.7995,10.2511,-2.01352,30.2074,40.906,12.0802,-6.33844,-33.672,-915,-405.04,-15120,3080,-2940
-25.8113,-81.2807,23.0363,-90.1054,-11.11,46.8333,-25.6331,-10.4963,-84.9916,-7.12109,0.36001,-24.9501,34.6996,50.6438,-58.7538,-2.63102,-32.696,-921.832,-408.944,-15120,2660,-2660
-45.8573,-61.9582,7.85314,-60.9674,-0.323028,28.2086,-37.0293,-31.9968,-71.0927,-30.0651,-15.8896,-20.0679,13.3493,31.7943,-76.2118,-30.2581,-31.72,-920.856,-409.432,-14000,1400,-2100
-1.13874,24.2384,31.8034,22.2679,34.3653,43.5327,-11.6381,-4.41472,8.69809,-2.53157,-34.9996,30.7158,5.89143,41.3019,-8.66783,-12.2269,-32.696,-920.368,-420.656,-13020,1120,-1540
1.0486,10.2426,-2.38702,14.2369,26.1088,-1.31816,-7.85804,-5.72323,-24.3859,-14.0895,-34.6846,28.2854,-27.1211,-8.76418,-18.1575,-6.5373,-30.256,-922.32,-422.608,-12740,1680,-980
16.9705,48.1697,-13.1367,53.072,28.8969,-53.4841,14.2181,-12.2782,5.71508,-9.46539,-50.2526,40.691,-52.7485,-35.7745,15.2969,-10.5728,-31.72,-918.904,-429.44,-10640,2800,-420
18.7487,52.4427,-18.9885,40.9696,4.62108,-48.3156,18.5072,8.02258,38.5693,-18.1028,-21.5592,21.4754,-37.7257,-23.5078,31.2935,-2.79856,-35.136,-906.216,-418.216,-9940,3500,0
5.47245,9.62622,-34.8252,-9.95418,-28.2768,-20.2316,-3.41117,14.1493,41.2546,-11.7459,26.4947,-18.0089,-7.09838,-19.4857,12.4448,5.78771,-34.648,-905.24,-406.992,-10780,3920,140
27.0499,14.0079,6.13609,-1.50949,-4.9092,10.6154,10.395,21.3705,42.377,36.0964,33.898,-10.0758,6.69454,1.11626,8.1524,22.5205,-40.016,-911.584,-406.016,-11480,4200,-140
32.223,16.0029,38.1141,23.6271,18.846,55.5818,30.7858,26.4868,28.1967,30.4126,32.2631,13.4567,52.0096,60.7173,24.3275,34.6533,-40.016,-915,-405.04,-11900,4200,-140
-7.0302,-8.5601,20.0002,2.25989,10.4455,41.4822,17.4898,8.24118,-4.5531,-15.51,1.0038,-9.33573,37.6436,49.7366,19.138,25.4023,-40.504,-921.344,-407.968,-11760,4060,-280
-43.4682,-44.2904,-5.3498,-30.354,-1.42437,10.8012,-7.31752,-13.3949,-41.0772,-31.0888,13.5024,-29.1304,11.3944,-2.57613,-22.5143,0.839605,-39.04,-922.808,-413.824,-10640,3640,-140
-39.144,-42.3886,-9.90576,-17.5212,-24.2584,-9.06062,-14.4595,-14.0885,-52.7263,3.76153,-0.738674,-26.6801,-15.8406,-46.6427,-22.1959,-15.5406,-37.088,-920.856,-414.312,-8960,3080,140
43.4094,21.3095,31.3623,30.6795,12.1915,-8.81602,23.1568,8.40114,2.15362,65.5449,-28.7384,40.6394,-18.3647,-1.96132,33.5043,15.346,-35.136,-916.464,-416.752,-7560,2800,420
97.8467,72.7038,36.5984,44.6529,50.8379,-4.25457,39.0601,21.4051,78.3597,48.2431,-32.7618,87.7644,-10.1905,45.2494,52.0872,30.3774,-31.232,-908.168,-421.632,-6300,2660,700
26.4847,67.76,-33.9314,40.6594,31.8596,-32.3111,15.1143,2.36076,77.7648,-42.7147,-20.9041,30.4614,-27.2706,-29.1766,24.5916,-0.916768,-34.648,-905.728,-416.752,-6160,2660,980
-62.0997,6.5725,-60.9049,13.4138,-31.8046,-29.8576,-16.0784,-15.7675,6.39542,-59.2909,6.72672,-46.2522,-15.0406,-53.8018,-0.138169,-25.9128,-40.504,-910.608,-419.192,-6160,2100,1260
-72.2706,-57.4945,-41.1777,-36.0764,-57.078,-38.6102,-31.3347,-30.2155,-55.2678,-21.966,18.6215,-81.9962,-3.66628,-76.4796,-17.8924,-43.0533,-37.088,-912.56,-414.312,-6300,980,1960
-32.7358,-66.1713,-34.8423,-27.7849,-54.6932,-59.9201,-33.8772,-43.6676,-53.6945,-5.41579,24.9005,-52.5165,-14.5093,-104.462,-11.5408,-56.5907,-34.16,-906.216,-413.336,-5740,-280,1960
63.7761,47.503,34.6726,59.5082,2.94904,-38.2149,25.9064,7.81172,41.4367,66.0267,-7.62474,58.4223,-28.517,-4.68256,55.7709,7.07752,-31.72,-906.216,-415.288,-5040,-1540,1820
124.865,114.079,70.4216,54.196,59.3365,50.4868,60.8971,67.2869,129.33,77.0804,12.8678,114.787,20.6524,99.6615,70.8789,69.7561,-31.72,-911.096,-420.168,-4760,-2380,1680
7.95583,9.18097,3.07329,-47.6415,9.98391,74.0081,-0.252253,41.1769,31.1312,-34.8985,36.5017,5.74377,49.8815,79.267,-33.0369,36.4095,-31.232,-912.072,-425.536,-3500,-3360,1540
-148.753,-128.318,-51.62,-124.219,-62.1977,34.7787,-77.285,-28.2256,-127.801,-92.2325,7.96908,-133.425,26.0149,3.71563,-126.419,-39.581,-32.208,-912.56,-428.952,-1820,-4900,1260
-139.561,-172.184,-17.0588,-118.266,-56.515,25.7404,-78.5711,-38.294,-199.128,-45.4079,-21.6604,-118.5,9.31456,8.69665,-115.618,-51.447,-33.672,-908.168,-430.416,-420,-5740,1260
-42.8231,-98.5437,3.3674,-58.4113,-7.02229,2.23289,-40.8426,-28.7288,-109.87,-12,-19.5418,-28.6824,-0.515054,0.216917,-67.572,-32.1019,-34.16,-904.264,-435.784,980,-6860,560
21.3496,18.4573,-13.3204,14.7706,1.68438,-47.1335,-21.9032,-27.6198,14.4315,7.86331,-19.3577,25.975,-32.3621,-57.7376,-27.1427,-32.3985,-30.256,-904.264,-437.248,1960,-7700,0
32.2527,51.843,15.0741,35.9063,-0.879601,-10.8743,7.46681,4.85275,31.6794,22.2793,21.0256,31.2258,14.6102,7.74211,14.8665,5.77141,-29.768,-905.728,-439.688,3220,-8260,-560
10.9995,3.2236,12.8859,-5.82671,-3.87474,14.606,8.81065,6.37742,13.5226,15.1741,19.5426,-2.18199,13.4067,18.9206,17.1683,13.9018,-27.816,-906.216,-441.152,3920,-8820,-1260
-9.36433,-29.1664,-19.2261,-28.9719,-14.5149,-6.07062,-9.70809,-6.05381,-9.53383,-6.63512,1.14354,-21.3866,-9.28173,-23.6108,-17.0115,-7.14303,-27.328,-905.728,-439.688,5320,-9240,-1400
14.7266,-4.18442,9.63449,-5.33429,-1.48129,4.58771,5.57669,7.36484,14.6892,13.4823,-35.0531,6.47751,-11.5562,16.8345,-1.80043,9.41951,-31.72,-903.776,-437.736,6300,-9520,-1960
94.4148,76.8758,65.0478,65.6221,77.7495,48.568,70.2418,53.1145,77.1534,56.4489,-78.2837,95.3104,-36.2303,77.7313,74.5385,63.0263,-27.816,-902.8,-441.64,6720,-10640,-2100
69.2017,90.7294,-4.31976,69.4304,70.0242,13.8574,57.605,18.1799,90.3639,-21.3687,-22.3053,81.7482,-16.2322,24.905,62.7742,36.2293,-27.816,-901.824,-433.832,7840,-10920,-2240
-9.36684,73.8155,-36.7169,67.5549,33.7902,-32.9279,32.5898,-10.3717,58.6245,-44.8838,18.603,5.4356,-2.18392,-27.3207,53.1966,0.178257,-30.744,-899.384,-429.44,7980,-10920,-2800
-19.6119,28.3603,14.846,47.7005,-1.79645,22.3796,13.7742,10.2023,30.6006,13.0364,56.7977,-27.246,55.8,26.5254,54.8955,7.9527,-28.304,-906.216,-430.904,8260,-10360,-3220
10.5757,-10.4325,53.5401,6.02953,10.8162,56.233,12.133,26.3005,1.35736,44.8396,53.0668,-0.950819,54.3974,64.1911,19.0379,32.8575,-31.72,-910.12,-431.88,8960,-9660,-3640
-13.7909,-35.4864,-5.14104,-29.5349,9.77196,-18.6186,-19.5389,-20.4932,-42.4617,-3.40497,17.062,-6.22724,-6.50233,-27.6118,-44.619,-9.99387,-25.864,-912.072,-432.368,9380,-8960,-3780
-45.0899,-38.5089,-80.4228,-19.4863,-34.3746,-129.72,-47.0844,-71.2109,-65.0992,-43.5105,-7.24302,-40.3081,-55.3986,-167.481,-58.3394,-71.1917,-24.888,-906.216,-434.32,10500,-7980,-3500
28.093,33.2033,-10.285,59.239,-41.1189,-83.786,8.53431,-10.185,15.1591,36.2494,-7.29714,7.29403,-41.4421,-100.128,42.4595,-22.3596,-22.936,-910.608,-424.072,11900,-6300,-2800
64.6059,46.5679,23.6175,24.7464,-61.2327,36.4201,17.5219,46.5683,69.9961,37.9263,64.32,37.7669,43.3078,22.8544,57.5003,30.7214,-39.528,-918.416,-425.048,12880,-5040,-2380
-7.95371,-8.84753,25.9447,-65.5772,-6.69359,47.529,0.489862,15.3427,1.25755,7.20723,37.666,-0.928453,50.2008,67.027,-1.48707,25.2745,-40.016,-920.368,-427.488,13440,-5600,-2380
16.1204,7.28459,65.1158,-10.6098,73.62,37.6931,5.44285,-6.46464,-3.74246,56.6757,-64.2572,35.7616,7.01017,61.6997,-6.83139,1.7756,-37.088,-918.416,-422.608,13160,-5740,-2100
43.6539,13.6607,34.3814,33.7533,43.1174,36.4735,-0.227032,1.86726,-5.08095,6.36279,-39.3376,54.5119,-5.04011,53.2174,-16.4723,8.21609,-41.48,-913.536,-410.896,12740,-5460,-2240
-15.4796,16.8272,-44.7529,9.51915,0.760049,-17.4429,-13.3483,-18.8514,-1.04532,-52.5306,-36.4811,4.13176,-41.3367,-12.5784,-23.5373,-10.9309,-41.968,-913.536,-404.552,10920,-4620,-2520
-12.2201,37.7115,-56.9541,14.6807,-2.4763,-34.8717,2.97205,3.13343,29.9783,-34.1109,-45.8528,-17.5188,-59.028,-48.9341,3.06616,-6.73696,-41.48,-915.976,-400.16,9520,-3640,-2520
17.7143,3.30814,-6.99824,16.4074,-9.93532,9.25107,28.609,51.6179,26.7351,-5.70974,2.90065,-18.1656,-2.53402,12.3642,33.7944,32.8976,-41.48,-923.296,-396.744,8400,-2380,-2520
-16.3998,-42.7854,-0.93132,-32.5318,-16.3244,33.5153,9.31525,29.4185,-10.427,-19.9946,53.4384,-36.7682,40.1329,33.8795,1.5718,21.4152,-45.872,-930.128,-397.232,8260,-1960,-2240
-97.4988,-90.8819,-51.7144,-64.7828,-30.8814,-51.7011,-36.7127,-65.6584,-78.9839,-65.3562,13.4821,-93.4714,-1.25766,-48.8895,-43.1609,-51.9257,-46.36,-930.128,-404.064,8960,-2240,-1960
-114.713,-109.096,-52.4656,-60.232,-56.9902,-47.5489,-60.2863,-69.0406,-101.582,-67.9949,-3.94052,-100.886,-3.95875,-74.2725,-58.1989,-77.0522,-48.8,-931.592,-406.016,10920,-3080,-1540
-93.596,-121.93,-3.30184,-90.6685,-88.7567,24.3191,-69.5454,-22.2658,-121.605,-11.0825,43.5248,-75.3435,32.4769,-1.32093,-81.7083,-38.436,-44.408,-931.104,-414.8,13020,-3780,-1120
34.9013,-24.6716,69.6535,-42.5396,5.86423,47.2539,-6.09451,28.3325,-32.3883,98.9886,-45.5407,39.1229,-14.2283,54.4776,-30.7652,24.4807,-43.432,-939.888,-433.832,16240,-3360,-700
192.022,141.144,63.3492,85.2768,130.647,-19.1806,79.1104,48.0679,140.249,104.299,-97.8628,188.4,-98.0698,18.6545,60.9168,62.9783,-42.456,-877.424,-427.976,20720,-1540,-420
145.706,203.318,-15.4143,161.647,100.022,-38.4317,94.6563,51.6398,195.26,15.669,-44.2958,152.273,-60.7225,-22.3027,110.565,55.943,-36.6,-932.08,-415.776,18620,1400,-280
48.8496,146.318,14.9661,113.433,7.40216,84.5144,71.7161,82.6132,146.759,-0.502348,-3.16741,34.6429,46.4105,79.7461,105.442,76.6987,-35.624,-904.752,-428.952,20300,-1260,1120
-72.7761,-33.7011,-7.91724,-42.4403,-19.1103,85.5971,13.7924,32.4219,-15.7032,-68.4019,35.6639,-71.8767,70.7303,70.5472,16.4359,39.628,-31.72,-900.848,-427.976,19460,-560,1260
-137.732,-110.32,-9.91114,-77.1021,-6.20417,37.5382,-21.8609,-33.5524,-111.184,-78.2585,53.1427,-104.987,75.9749,32.7906,-43.8572,-14.4802,-32.208,-915,-436.76,20580,-2940,1960
-78.5739,-80.1801,38.8277,-33.9364,9.30288,-5.15412,-29.9798,-48.4697,-96.271,19.2226,47.8902,-45.0223,45.8089,14.2828,-49.8821,-45.1822,-21.96,-915.976,-452.864,22120,-3640,2380
-29.4779,-75.5984,14.1389,-33.7033,-16.7061,-18.7613,-47.3674,-44.3037,-92.805,21.1823,49.1615,-22.2928,14.6535,-15.142,-45.4071,-47.3602,-14.152,-907.192,-464.088,26040,-4480,3360
-11.3899,-35.4366,-28.2179,-24.7961,-56.2135,-32.0238,-70.2264,-56.3213,-58.5494,-4.10998,18.8758,-17.7413,-10.1346,-71.8809,-45.1641,-70.4486,-12.688,-910.12,-473.848,28980,-5180,4480
-49.0982,-44.7382,-72.9171,-43.0709,-74.1719,-83.5324,-79.1616,-66.5772,-69.9367,-41.6789,10.0013,-51.5479,-32.3042,-126.615,-69.8584,-85.5131,-13.176,-905.728,-476.288,31220,-4760,5460
-44.0525,-64.0991,-44.1372,-67.9172,-86.6535,-60.7213,-61.4431,-27.5455,-53.1621,-14.4837,30.3366,-64.4194,-15.1524,-62.5409,-67.048,-42.8953,-12.2,-899.384,-468.968,33600,-4480,6020
-8.67934,-56.4752,-1.15423,-82.686,-59.678,-6.05678,-42.4728,-4.6041,-14.6626,22.6418,52.1423,-37.3557,25.0884,-7.4361,-54.2157,-15.3475,-15.616,-892.552,-456.768,33880,-5040,6300
53.3288,-4.8105,51.4358,-4.92154,31.9325,-1.59434,12.022,-10.9308,14.1347,79.0715,-36.747,40.0929,-2.20288,21.9477,9.664,5.39442,-18.544,-883.768,-433.344,32760,-4900,6440
76.8127,39.1908,20.8531,38.1505,32.0499,-17.4024,0.285169,-17.3878,31.3463,28.7316,-72.3148,70.0953,-35.9454,6.8115,21.284,-26.9316,-22.448,-887.184,-425.536,30100,-5320,6020
9.24728,23.1901,-20.046,-22.21,-25.9384,57.9516,-34.1938,18.5772,29.5493,-64.1564,-0.358182,15.1812,20.3543,42.9886,-39.8899,2.16923,-28.304,-899.384,-416.752,28420,-5740,5320
-17.5086,7.45943,24.0818,-40.0335,13.0608,88.7082,13.5797,45.2051,24.7084,1.8333,-43.1131,-12.4479,15.4766,75.8974,-37.4342,57.0711,-28.792,-915.976,-420.168,28280,-7140,3920
38.5573,37.7406,-15.7068,88.7197,124.99,-100.169,96.0138,-6.10172,23.8572,2.50163,-55.1652,45.6775,-90.0412,-83.8473,70.367,34.0361,-27.816,-924.272,-421.144,28980,-8400,2940
72.0217,134.052,-32.4416,208.312,89.7426,-152.811,116.178,7.12871,92.1496,7.42741,36.0641,82.8328,-74.6664,-104.683,161.334,17.1172,-21.96,-935.496,-422.12,32060,-10500,1820
86.1969,143.153,32.2092,147.664,-24.3671,9.59404,74.5352,78.3439,129.829,80.7557,66.0888,55.1576,26.4105,35.6584,149.703,62.9229,-24.888,-931.104,-432.856,35700,-13580,1120
152.744,96.3204,92.0085,36.5855,40.594,100.69,86.9323,120.647,136.609,128.909,-70.493,107.405,-4.79447,106.655,107.814,122.07,-20.496,-932.08,-446.032,37520,-17220,560
113.117,79.9041,58.6043,2.76963,82.8607,121.476,81.2813,91.9327,116.479,12.2879,-70.3252,94.9587,13.0555,123.674,55.9128,102.079,-20.008,-935.496,-442.128,40600,-22260,140
-74.7532,-24.4219,-47.2434,-34.3686,13.3766,66.353,-6.0501,-7.26573,-3.77815,-143.302,-12.0927,-44.615,31.5286,42.2687,-27.6439,5.6706,-13.176,-934.032,-442.616,43400,-26320,-140
-164.343,-108.636,-84.7503,-64.787,-28.3592,-63.7687,-64.6325,-86.7919,-114.027,-120.928,-0.889138,-128.43,-11.6814,-73.6187,-74.625,-69.5492,-15.128,-926.224,-447.984,46620,-29960,-140
-55.4818,-20.6559,-28.9129,30.986,-14.7172,-98.7406,-44.6556,-69.6058,-61.7546,-2.87097,2.6321,-51.0929,-32.077,-108.173,-24.5347,-72.1834,-16.104,-919.88,-446.032,49700,-31920,0
109.013,109.924,78.9295,100.856,2.9258,12.8655,12.7194,23.0965,85.5217,109.782,11.1432,91.1181,2.77094,26.6023,45.7427,6.13049,-19.52,-908.168,-430.904,50400,-32340,-140
61.6655,40.9369,38.5566,-12.1525,-3.6038,75.3115,7.7561,37.5715,47.919,27.3187,52.087,56.4293,50.9873,86.3306,14.7307,37.9963,-15.616,-905.728,-424.072,50820,-32480,-280
-102.892,-81.6462,-33.7309,-100.893,-31.553,58.7969,-32.9399,-6.895,-84.5465,-80.0145,25.0966,-80.8133,51.1795,38.3919,-58.376,-2.79027,-19.52,-904.264,-414.312,50400,-32620,140
-159.443,-142.618,-32.1424,-103.609,-52.7593,32.7496,-56.3153,-31.9407,-148.553,-79.5963,29.9597,-132.791,37.7028,7.67989,-91.3903,-36.7953,-20.496,-915,-406.016,49700,-32900,840
-141.014,-169.016,-36.3925,-105.273,-59.4899,-1.82342,-72.9299,-50.6835,-182.047,-45.4435,27.368,-116.076,10.4997,-24.1312,-98.8486,-56.8515,-19.52,-931.104,-425.048,49420,-33320,2100
-57.6529,-111.717,-14.2818,-84.7546,-42.7458,-28.7999,-63.3342,-44.2135,-125.492,6.49237,-5.95047,-52.2522,-0.947063,-28.0924,-90.868,-47.0374,-24.888,-940.376,-441.64,51800,-33320,2940
15.6564,-26.0573,-4.68257,-23.7824,-9.71629,-61.6105,-29.5496,-42.0242,-21.7626,26.9613,-21.2834,2.81194,-32.9949,-80.7997,-40.1719,-41.7939,-25.376,-943.304,-458.232,56700,-33040,4200
54.9699,65.5641,-20.2326,93.026,9.58173,-140.656,20.1482,-41.7234,50.113,38.1344,0.0898806,51.9249,-64.8436,-128.723,61.367,-42.6674,-23.912,-940.376,-477.264,61040,-33320,5040
60.312,81.351,-6.87633,68.7427,-28.7711,-70.5351,18.4233,13.1571,73.5951,38.9625,46.2608,46.7959,-4.38384,-27.0315,69.6307,-0.550162,-26.84,-929.152,-477.752,66780,-33460,6440
31.3672,13.9508,29.0305,-63.7792,-43.2879,78.2784,-13.5492,45.617,51.8068,37.062,54.3332,0.892091,55.9351,67.0551,-18.4024,34.3212,-30.256,-917.44,-473.848,71540,-34300,7420
-33.8274,-79.158,7.14996,-110.313,-23.7991,89.3765,-34.8249,13.0157,-31.2817,-15.2215,-13.8528,-44.4385,25.824,61.2289,-83.6347,7.66744,-31.232,-900.36,-449.936,71540,-35980,7980
-34.5252,-65.9576,8.5336,-50.5872,18.5129,74.0652,-10.8049,-0.060072,-52.2505,-23.4803,-47.6827,-18.8287,12.79,56.0297,-40.5484,0.600129,-26.84,-905.728,-441.152,70700,-39200,7980
18.6541,5.29787,33.7397,22.229,48.2443,46.4868,7.95967,-1.26391,-2.66336,19.1421,-64.6452,32.547,-4.28398,50.5557,14.8952,-1.71025,-30.744,-918.416,-424.072,69860,-41440,7980
63.8285,66.3311,12.8934,71.1862,65.8828,-27.2097,28.1547,7.86577,57.6552,14.4019,-77.3276,75.3294,-51.1451,-0.0743895,34.8541,10.7784,-31.232,-913.536,-403.088,70700,-44520,7700
33.4517,83.0244,-42.611,72.9604,38.321,-85.9533,26.8937,-4.55928,80.6118,-43.8446,-11.3551,44.8012,-42.9615,-57.5678,34.7351,-2.98214,-36.6,-917.928,-390.888,70280,-47460,6860
-13.5198,47.63,-18.7689,45.3326,-9.75961,-37.0665,22.7416,10.8342,41.2192,-15.2277,27.4524,-13.964,-4.75252,-25.3234,32.235,10.7185,-33.184,-936.96,-371.368,69160,-46060,5460
15.6623,2.8875,19.624,6.58015,-9.8998,10.2099,24.5664,25.079,14.3531,26.8399,32.6981,5.43551,4.63037,3.81448,22.5381,29.3988,-26.84,-943.792,-381.128,69580,-42980,3920
24.4383,4.43801,21.0381,-5.01744,-8.38521,37.9815,13.7417,20.1172,5.95791,22.3183,40.0619,15.1423,29.7749,29.0269,12.3235,20.861,-27.328,-944.768,-378.688,70700,-42000,3360
-8.33709,-12.5213,1.66559,-29.0047,-10.0996,28.3458,-7.60391,-0.976103,-19.2102,-0.496457,6.25861,-15.1881,16.466,15.638,-11.1671,-3.53795,-28.304,-942.328,-376.248,71960,-41160,2660
-0.182549,-12.8243,-13.1992,8.14756,22.0187,-57.4682,-0.959696,-30.9367,-11.609,-6.02503,-39.389,-10.7831,-40.6654,-37.9359,13.3696,-20.9655,-25.864,-943.792,-388.936,72800,-39760,1960
65.9634,90.7893,-0.421669,121.154,88.3303,-119.303,61.4388,-5.01785,73.717,27.4569,-58.5,74.2146,-72.6899,-75.4742,89.4821,11.0717,-26.352,-937.448,-390.888,73360,-39340,1540
82.7656,146.279,4.04119,148.81,36.9627,-32.9244,70.9509,42.2882,127.778,13.4363,41.9525,84.4918,-1.0709,-42.3026,114.838,38.9925,-23.912,-934.52,-396.744,73780,-39200,980
17.6491,87.2298,28.9968,57.2204,-37.6626,88.9698,35.6606,66.2112,65.3359,20.6138,84.9808,9.6246,73.1196,60.603,62.6822,60.1017,-27.328,-916.952,-401.136,73920,-38220,840
-52.3906,-60.079,22.4221,-84.7992,-30.7206,94.2737,-8.90678,24.0457,-57.4468,0.543698,35.7112,-62.206,55.31,77.8593,-38.0314,32.6566,-30.744,-911.584,-402.112,73080,-37100,700
-67.6015,-132.366,-8.34393,-111.769,-18.1847,38.6634,-45.1919,-39.0297,-113.179,-30.8478,5.83209,-72.7425,17.8416,24.8979,-78.2161,-31.2407,-37.576,-918.904,-393.816,72380,-36400,700
-44.5597,-81.7717,-12.8209,-57.7502,-13.9744,1.26215,-50.9148,-50.0384,-75.66,-22.1771,-14.57,-41.3124,-2.08388,-3.17452,-63.6241,-53.3145,-46.848,-914.512,-386.984,72380,-36400,560
-23.1562,-44.9328,-5.74016,-39.7889,-19.3213,0.382331,-41.5783,-17.7214,-42.9812,-11.7866,-19.8025,-19.5532,-2.15603,-3.35677,-53.6197,-30.8092,-43.432,-916.952,-399.184,71260,-35280,0
-14.6733,-31.1499,-4.18739,-38.4026,-16.4424,-0.845818,-29.1514,-3.3676,-27.5251,-8.15061,-18.5036,-8.56843,-4.49875,-6.92801,-43.7504,-15.2699,-50.752,-913.048,-394.792,68880,-32760,-280
-16.1998,-17.3128,-12.9874,-22.8455,-12.684,0.67275,-18.8893,-8.77556,-20.0776,-16.3094,5.40462,-10.0492,1.14797,-7.85622,-33.7214,-7.61585,-57.584,-921.832,-384.056,67480,-28980,-840
-33.2096,-28.9372,-20.7596,-26.2281,-23.1246,-14.8741,-26.4747,-29.0361,-34.6567,-15.659,7.16186,-25.7574,-2.50309,-13.3446,-35.1231,-20.4065,-58.56,-926.712,-373.32,66640,-24920,-1260
5.98236,-4.44502,1.43769,-1.99473,4.57089,-28.3754,-5.04045,-22.7505,-0.145126,30.4082,-5.4986,3.37206,-15.616,-19.9586,2.09001,-16.1154,-55.144,-929.64,-354.288,66360,-22820,-1400
72.199,48.4362,30.7178,43.303,29.1263,-8.2927,24.7461,18.9454,57.9218,66.9138,-43.9582,58.698,-22.3192,10.9705,42.9383,12.9833,-61.488,-918.416,-347.456,64960,-22260,-1540
85.3768,76.3483,22.796,51.4129,32.0437,21.9546,36.6181,49.1587,84.1611,23.3986,-52.0821,73.2614,-10.996,32.1211,50.9069,37.4988,-59.536,-911.584,-346.48,63420,-23240,-1400
-10.4005,20.8783,-39.98,2.93342,-1.22757,-1.29637,12.7248,21.0982,35.3836,-75.5733,-31.1446,-3.17435,-15.3521,-8.63425,12.484,18.0929,-57.096,-876.936,-353.8,61320,-24500,-1540
-84.1612,-24.1921,-47.4224,-11.5734,-21.8904,-16.4843,0.177178,-5.51737,-18.538,-75.9524,-1.53373,-60.2173,-9.08918,-25.3713,-2.15675,-0.0581498,-46.848,-902.312,-383.568,56840,-27720,-1540
-50.7527,-19.2643,-8.02094,5.61055,-0.668311,-19.7311,8.96642,-6.90575,-37.0224,-10.2983,16.1495,-32.0401,-1.33801,-7.55589,8.9706,4.47975,-52.216,-943.304,-345.016,52920,-26460,-1400
2.86823,-1.27379,20.7644,15.075,9.7419,-8.58385,7.26589,-5.15949,-34.0885,30.9552,35.1492,7.24312,13.5741,9.34736,11.22,1.27893,-49.776,-950.136,-356.24,54040,-22820,-1400
26.0356,-1.32227,20.3547,-7.40403,-9.78962,2.5518,-13.2914,-6.88537,-12.8409,36.0912,32.1788,12.2155,16.4478,10.4399,-16.5232,-12.8625,-49.288,-935.496,-355.264,53760,-20580,-1120
17.8695,-12.6226,2.72377,-27.6976,-17.5733,0.0517901,-23.0401,-8.6385,-2.58702,14.4379,11.5619,-1.17499,3.38312,-7.2099,-35.7485,-15.3472,-44.896,-926.712,-383.08,54180,-20440,-140
9.94756,-2.44668,-0.887308,-9.2866,-6.76768,0.462191,-11.69,-6.17474,3.55753,-6.74923,-2.6883,2.23971,-1.71691,-6.60072,-17.6617,-7.63278,-44.408,-939.888,-362.584,52500,-20580,280
2.43578,11.6284,2.39405,10.7945,5.3005,12.8369,2.2059,-2.93298,16.6714,-16.2079,1.65118,3.80221,8.72208,9.29299,7.36292,2.84292,-42.944,-942.328,-366,53200,-21980,1120
-21.3606,3.3636,0.553066,12.0085,11.8275,9.40506,7.25489,-5.50468,-2.28287,-12.2719,3.22473,-7.11826,8.49022,3.54449,15.5739,3.32889,-48.312,-963.8,-353.8,54040,-22960,2240
-11.1126,-5.57836,5.84834,9.70196,10.8891,-9.67915,4.94362,-6.34049,-13.6389,7.92525,4.96696,-0.874616,-0.6508,-6.15738,10.6732,-2.54095,-51.728,-980.392,-355.264,58240,-22960,3640
21.1468,5.6871,16.2238,8.49453,11.039,-2.40432,8.71234,5.27528,15.4361,24.6502,4.82961,18.7325,1.76596,-4.87533,10.9756,5.06049,-49.776,-941.352,-350.872,63000,-21140,5460
15.6495,0.961538,8.34413,-7.13997,-2.31778,10.0345,4.42592,12.4205,16.3968,11.1647,4.1021,10.7206,5.40795,-1.0218,0.626758,8.58048,-46.36,-865.712,-354.288,64120,-21420,6860
-11.5165,-22.0281,-8.85912,-25.2671,-19.2384,9.90878,-6.78711,7.56646,-16.3437,-8.97001,6.17543,-14.8932,4.70126,-5.35624,-13.3492,-0.44776,-50.752,-903.776,-402.6,58520,-24920,7140
-15.05,-18.5272,-13.1362,-18.4051,-15.4094,-9.83205,-15.4839,-11.4699,-13.8241,-4.14136,-2.24749,-18.7268,-7.03224,-14.1666,-14.5204,-15.1099,-55.632,-948.184,-334.768,56140,-19320,7280
7.41928,13.688,-1.10522,15.7143,6.78664,-11.6856,-0.0800938,-7.93871,16.2467,14.0863,-4.81333,6.16721,-12.2856,-5.87091,9.73781,-8.34097,-63.928,-957.456,-296.216,55440,-13440,7280
21.0405,26.7454,8.84805,30.6171,16.0269,4.82612,14.0795,6.48623,24.1457,14.8638,1.3578,23.0741,-1.9205,11.7945,22.7914,6.87102,-65.88,-938.912,-315.248,54040,-7420,7840
20.2807,29.9619,9.8378,27.2053,15.1269,10.2407,12.8862,8.67946,26.1946,8.87862,7.53491,21.7239,5.48421,14.1485,18.8174,8.81774,-68.32,-931.104,-307.928,50820,-5180,7700
5.1281,12.8206,-1.80914,7.81247,6.12653,3.42998,7.50896,10.9914,15.0775,-3.04077,-4.26636,2.00344,-4.18625,5.63806,4.58258,7.96523,-75.152,-949.16,-295.24,48580,-980,7140
-2.14876,-6.45729,-5.31173,-6.44046,-0.949414,-3.67576,4.49929,6.96672,-1.497,-5.01529,-10.605,-6.77787,-8.92311,2.90475,0.359088,6.47782,-70.76,-952.088,-272.304,46060,2100,6160
-11.4737,-21.9586,-13.3482,-19.7123,-11.2925,-5.59362,-3.90362,-0.624773,-13.9113,-12.5343,-13.423,-16.4481,-9.9511,-6.69148,-6.55585,-2.94533,-67.344,-949.16,-286.944,45780,2940,5460
-14.0042,-13.6989,-10.0926,-16.0469,-10.034,-0.335306,-10.1481,-5.66536,-11.6171,-14.1933,-1.46895,-13.6948,1.79227,-5.2165,-15.0095,-9.40553,-65.392,-945.744,-298.656,44520,2380,4900
-21.3375,-14.8305,-5.41942,-9.24461,-5.06335,-1.238,-3.61774,-6.08884,-24.7697,-13.9446,2.13897,-15.0993,6.21756,0.466937,-5.35099,-5.33119,-67.344,-948.184,-297.192,43540,2100,4900
-3.36628,-9.40712,7.85675,-4.27913,6.66027,3.33438,7.61916,2.53687,-14.8373,6.29192,4.68669,-2.28322,7.18019,6.02836,0.124685,6.77918,-63.44,-945.744,-305.488,42840,1540,4620
9.87919,3.58188,12.7515,3.15032,10.4588,3.58565,10.2553,4.90435,-2.38424,11.4971,-2.14044,12.5576,3.93417,10.7584,1.11892,9.89018,-61.976,-948.184,-312.808,42420,1400,4340
16.5179,21.4857,9.7163,13.6217,9.57429,5.06038,5.84715,5.34463,10.5007,9.76107,2.06055,19.1417,7.07727,10.4204,3.4483,6.89732,-63.44,-951.112,-316.224,42840,1260,4060
5.38093,11.0382,-0.779665,4.8873,-2.41792,-1.37867,-5.01943,-2.63265,5.5617,-1.49745,-4.62463,2.7921,1.82013,-2.51012,-3.31873,-4.36843,-58.56,-950.136,-326.96,43680,1680,4060
-3.97053,-3.45468,-2.33621,-1.24102,-5.15394,1.03275,-3.50459,2.64659,-2.23695,-8.20485,-11.7833,-7.84363,-1.86371,-2.11245,-0.00872359,-0.315779,-57.096,-945.744,-332.328,44240,1540,4060
8.32127,6.33595,6.3783,1.06106,0.716129,3.55868,-4.77411,-1.72955,7.95957,2.85253,-3.55271,5.09978,2.61404,3.30536,-1.16356,-2.82561,-56.608,-937.448,-336.72,47600,-560,4480
14.2322,16.5888,7.71199,6.53757,6.43801,3.54713,-1.89982,-6.52361,13.565,5.71416,7.51129,11.8938,5.1307,3.25459,-1.2133,-4.25304,-53.192,-931.104,-339.16,49840,-4760,4620
-6.56231,8.07708,-5.45876,1.89814,-3.51696,-3.45901,-10.032,-10.7804,0.955407,-12.6108,2.88132,-2.89804,-2.43471,-5.26656,-8.1485,-10.3351,-48.312,-928.664,-348.92,48440,-6020,4620
-26.2905,-17.5014,-13.992,-7.62693,-12.6573,-10.3622,-12.7292,-8.28215,-27.4271,-18.5014,-4.06743,-20.9005,-10.4444,-15.5114,-3.51596,-11.5661,-48.312,-922.808,-348.92,45780,-6160,4480
-14.0521,-17.3956,-10.5207,-4.33319,-8.3434,-9.0351,-2.89353,-0.6972,-20.5516,-6.98638,-6.65872,-12.9423,-13.6372,-12.0451,4.11735,-1.59986,-42.456,-921.832,-345.504,44940,-6300,4760
-1.66945,-11.7249,-6.85811,-4.1083,-2.82925,-0.159766,6.40658,6.98311,-1.62548,-0.416444,1.09246,-3.09047,-5.46155,-2.0716,6.41967,8.82477,-40.016,-914.024,-329.4,43120,-5320,4760
2.79917,-7.10479,-1.13511,-7.74708,-0.450383,1.92589,2.34616,2.66975,11.0183,4.46812,5.12322,0.610635,2.17261,1.87389,-2.46388,6.40971,-43.432,-916.464,-320.616,42000,-5320,5180
2.89103,-6.51689,2.14998,-10.6255,-5.36501,-2.18317,-7.76097,-5.5041,9.64445,9.0392,4.804,0.099139,4.56097,0.236328,-12.9776,-3.26631,-38.064,-916.952,-316.712,39340,-4480,5180
0.241226,-8.93778,-0.66063,-12.2229,-4.67237,0.139436,0.224307,4.15744,4.59419,6.36474,-0.245824,-1.46048,-0.300757,0.855113,-9.68287,6.94753,-32.696,-922.808,-315.736,34860,-1820,4620
-0.947406,1.49707,1.9171,-0.836452,5.71872,6.10224,9.75739,9.23191,3.30197,-0.443657,-2.98951,4.7326,1.57564,6.54338,2.20035,14.5213,-31.232,-921.832,-316.712,32620,840,4340
8.04862,17.2824,10.951,12.7788,9.45916,5.70059,3.61661,-1.43854,10.696,8.55416,12.3676,15.1389,11.0153,8.07378,6.02943,2.35325,-26.84,-927.688,-310.368,29540,4760,4340
3.78449,9.40947,3.62448,4.86403,0.0652848,-5.69487,-3.43041,-7.87892,7.08336,6.38051,8.72112,5.29886,1.44403,-3.79437,-0.714936,-6.42107,-24.4,-925.736,-310.368,28140,7980,4340
5.64096,2.79651,2.68009,2.79765,0.438567,-3.54322,-1.24832,-2.7319,2.05856,8.96603,3.24211,3.1387,-2.19529,-5.0743,1.30525,-5.58386,-26.84,-930.616,-306.464,26740,10080,4340
7.01858,0.409615,-0.776977,3.34708,-2.18321,-1.56305,-2.53589,-3.47952,0.491059,2.54249,-0.646927,2.29128,-2.66654,-4.51782,2.77265,-7.24527,-21.96,-936.96,-307.44,25060,12040,4480
3.24174,5.39967,-0.61135,6.16664,1.32812,1.90575,-0.92366,-1.92525,-2.07001,-3.66244,-1.72059,1.11103,1.67458,-1.60732,3.0176,-4.85904,-23.912,-939.888,-309.392,24360,13720,4480
-13.0464,1.06305,-4.91634,9.36405,4.66557,3.26618,9.64331,6.58724,-16.3654,-15.3353,-10.6457,-7.22226,-0.768474,1.65772,11.0724,4.82886,-29.28,-939.4,-307.44,23380,16940,4480
-7.35004,3.92914,-3.73928,14.5343,6.03552,2.4009,13.7184,11.5549,-9.84999,-9.76665,-8.41873,-3.89068,-3.23324,2.57331,20.8624,9.07261,-26.352,-943.792,-311.344,23940,20020,4480
12.4377,12.212,4.02734,10.9237,4.51139,0.780285,0.658531,2.4061,12.0829,6.17462,2.26463,7.33266,0.678275,1.51978,12.1361,-1.94888,-29.768,-937.448,-314.76,23800,21980,4340
-1.89059,-6.06189,-2.53703,-2.97874,-1.12588,1.84051,-1.56951,2.47179,-2.18484,-2.4733,4.8161,-4.60323,1.99469,-0.513695,4.37575,0.038723,-34.16,-941.84,-313.296,22820,24500,4200
-13.8264,-18.7741,-4.54532,-13.9421,-5.63942,-1.52025,-6.51647,-5.52401,-15.5971,-6.92967,2.39634,-13.0707,0.635867,-1.19151,-10.0733,-3.96621,-39.528,-940.376,-313.296,21980,26180,4060
1.52924,-5.26756,6.96139,-2.99846,6.99546,2.13974,6.0939,1.25389,-4.3043,8.49697,4.70554,1.58327,2.74143,4.44838,-1.1904,5.76345,-42.944,-937.448,-318.176,21560,27440,4060
7.06369,4.32479,6.26126,0.564922,5.62231,1.06531,5.49641,2.93043,4.91917,7.52917,-3.37001,7.02142,-2.0935,3.63514,-3.75598,6.21347,-47.824,-938.912,-321.592,20580,29120,3780
8.60218,3.44275,4.23767,-7.67711,-4.12151,1.68445,-6.93187,-0.0713067,8.64622,7.87101,3.54677,5.0585,3.56178,-0.188308,-14.8119,-4.38343,-51.728,-939.4,-324.52,20160,30240,3640
3.67162,-0.10054,1.24533,-8.33208,-4.6694,0.927239,-6.11696,-1.27506,6.24414,2.62536,0.772934,0.277191,3.37312,-0.427747,-12.7037,-4.51824,-55.632,-935.984,-325.984,20300,30940,3640
1.54079,7.48932,2.92744,1.76356,2.45382,-0.0155186,-2.4542,-3.16384,7.4942,-1.19853,-5.27554,4.28625,0.527834,4.6217,-6.97946,-3.28873,-61,-932.568,-326.96,19880,31640,3500
-5.69615,4.91103,0.888376,2.702,2.27726,1.87773,-0.986127,-1.48404,-0.0257894,-6.85017,-8.98346,2.21457,-0.610545,5.62512,-3.9631,-1.11632,-63.44,-928.664,-329.888,19600,31920,3360
-4.41296,0.543276,-1.4282,-2.81117,-1.00377,0.601103,-1.88564,-2.89058,2.47404,-5.95156,-2.99425,-0.513073,-0.42949,2.71006,-3.98191,-2.17979,-62.952,-930.616,-328.424,19320,32620,2940
-8.59753,-6.29375,-8.21343,-4.30078,-5.80179,-4.29871,-2.51155,-3.06477,-0.693713,-6.77992,1.25786,-8.53269,-4.46505,-3.34172,-0.465083,-4.47947,-69.784,-924.76,-331.352,18480,32620,2660
-5.09524,-3.67079,-5.31608,0.773972,-3.17989,-4.81886,-0.128973,-0.223097,1.24562,0.130303,2.09899,-5.70683,-3.86332,-2.10522,3.1322,-0.809274,-65.392,-925.736,-330.864,17360,32900,2100
5.37455,-1.67835,-3.48562,-3.10344,-8.02564,-9.84166,-6.67912,-4.5911,7.40347,6.19833,1.28196,-1.91666,-4.4193,-7.13618,-1.63421,-6.42182,-66.368,-925.248,-334.768,16660,33180,1680
1.8346,-7.45369,-5.51161,-4.94654,-6.41619,-2.79349,0.0424499,4.12278,-2.94655,-0.367728,-0.912488,-4.71085,-2.56761,-3.89148,2.20383,2.64805,-68.808,-920.856,-337.208,15960,32900,1120
2.64426,-7.21927,-0.995786,-7.13646,-3.64578,0.413892,-0.520423,-0.628693,-5.06378,2.52056,3.25718,-2.70651,1.70075,-0.299397,-1.59991,3.25441,-69.296,-920.856,-334.768,14980,32760,420
2.58457,4.84785,7.59056,8.8536,9.65981,6.33844,9.73397,1.5745,-2.92584,1.31732,-0.604963,6.8636,5.12637,7.85349,9.60619,9.241,-67.344,-922.32,-345.016,14420,32480,-140
-1.43578,9.05666,3.37925,14.2515,9.22001,4.07879,10.4417,5.20204,-1.39661,-3.86968,-4.09051,5.81989,-1.16533,3.32728,14.925,8.73298,-64.904,-923.784,-343.552,13580,32060,-1120
-9.47313,-4.71108,-7.28394,-3.28059,-8.69228,-6.29384,-7.52568,-6.28211,-10.6275,-9.83001,-2.00025,-7.24919,-5.67429,-12.3759,-0.0908729,-9.69657,-63.928,-928.176,-339.16,13020,31500,-1680
-3.67144,-6.27873,-1.61765,-5.84119,-4.03704,0.313594,-0.834439,-0.337762,-9.62786,-1.27018,8.1748,-4.56437,2.88271,-4.76887,0.754575,-0.500877,-59.536,-933.056,-332.816,12740,30100,-2380
-3.88824,-6.83527,1.56668,-6.75516,-0.830167,2.42027,-3.01519,-2.28361,-9.56143,0.208497,4.52034,-3.64525,3.53731,0.756037,-6.4209,1.12901,-58.072,-936.96,-330.376,13300,28560,-2800
1.2119,-0.988022,4.54532,-1.61148,3.94461,5.36949,-0.969847,2.63307,-1.31442,3.51828,0.821768,3.03668,2.87558,4.68719,-3.47562,2.3179,-54.656,-936.472,-324.52,13300,27440,-3220
13.1674,8.8764,7.64776,7.22711,7.38018,4.3367,6.3308,3.75965,7.65839,12.5176,5.30499,11.2253,3.40742,4.26023,5.97756,4.05996,-50.752,-937.936,-325.008,13020,26180,-3640
22.0791,20.3294,8.74039,14.0513,11.0555,4.21248,8.86221,5.71436,19.392,16.5407,6.40336,18.0199,3.16985,5.25454,7.51586,4.56719,-46.848,-938.424,-323.544,12460,25620,-4060
3.29036,0.169069,-5.25149,-1.97481,-3.85529,-2.93054,-5.2406,0.61257,7.19942,-1.38768,-2.76282,-1.85504,-4.81666,-4.86812,-6.59154,-4.88775,-42.456,-936.472,-321.592,11620,25200,-4480
-6.12373,-10.2239,-7.13665,-5.96356,-9.79755,-6.11332,-9.65353,-4.51883,-5.70107,-7.13377,-5.52744,-9.85565,-4.44134,-7.97923,-4.34668,-10.4172,-42.456,-936.472,-321.592,10920,24920,-4620
-3.80137,1.55101,-2.25438,4.83962,2.00703,0.974725,1.98312,2.00617,0.229609,-10.2408,-10.3493,-1.02334,-1.69859,2.60258,4.62085,2.03447,-38.552,-938.912,-317.2,9380,24920,-4900
-5.37559,-1.68,-3.57021,1.76596,1.85337,3.99737,1.58575,3.17436,-0.291788,-10.8007,-4.71598,-2.76287,-0.870951,2.01963,1.14146,3.87363,-40.016,-941.352,-318.176,8260,25060,-4900
-13.7322,-5.60907,-9.04026,-2.65826,-4.56089,-3.15386,-4.68106,-3.25531,-6.36072,-13.6048,-6.80051,-9.59635,-5.56542,-5.25946,-3.18019,-2.0502,-37.088,-945.256,-322.568,7420,25200,-4760
-7.06507,-1.69941,0.550686,0.607716,0.34696,-2.05861,-3.5312,-1.05595,-11.6837,1.82103,1.86439,-1.50753,1.0704,-1.9865,-2.49244,-1.52273,-38.064,-946.72,-322.568,6440,25620,-4760
3.84854,0.276842,5.31812,-1.63811,0.812639,-2.05288,-4.0744,-0.624743,-0.674013,10.1579,2.1132,4.8743,0.94457,1.04787,-7.30586,-1.02536,-38.552,-946.72,-325.008,5740,25620,-4620
8.17726,12.7364,9.30855,7.12483,10.9152,6.42872,6.62217,3.33497,14.1006,8.38115,2.57423,11.4728,5.57294,9.84108,1.27937,7.03896,-39.04,-951.6,-325.984,5320,25760,-4480
3.28539,1.05434,2.40214,-5.06634,-0.780589,-0.229932,0.573951,-2.52451,9.05319,6.33846,3.47189,-0.354751,1.88631,-0.0877976,-1.51554,-0.572589,-35.136,-955.016,-334.28,5880,25900,-4200
6.23506,-0.452039,4.23565,-5.03905,-4.15011,-2.78443,-3.22735,-6.06392,10.0512,8.85641,4.217,0.272001,2.56019,-1.72809,-3.02086,-5.11202,-36.6,-955.992,-335.256,6440,26040,-3780
4.80285,0.473183,3.29963,-2.93609,-3.97771,-2.66634,-1.403,-4.94724,4.85008,8.03337,5.02426,0.986809,1.67461,-1.87995,-0.929458,-4.0069,-37.576,-956.968,-336.72,7140,26180,-3500
-13.6016,-5.66661,-3.39098,-0.585065,-1.19456,1.07771,5.04871,0.636514,-12.1996,-11.0023,-3.52639,-7.20317,0.298801,0.336057,3.88384,3.04392,-37.088,-956.48,-337.208,7560,25900,-3080
-11.7171,-3.93923,-3.47915,-1.16581,-0.598606,-0.593656,-0.115286,-2.29378,-7.57374,-12.1962,-0.994226,-5.25982,1.96691,0.0525366,-2.16227,-2.11602,-39.528,-954.528,-336.232,8540,25900,-2660
-8.04742,-4.23784,-5.24142,-3.47914,-1.23909,-3.94592,-1.82891,-1.96355,-5.74106,-10.0786,-2.49003,-3.40117,-0.845245,-1.40142,-6.83457,-4.16153,-42.456,-952.576,-334.768,9380,25340,-2100
0.511158,1.15826,-5.20178,2.88618,1.7645,-2.67217,3.04379,3.01674,-2.03094,-2.70733,-3.75231,0.896204,-4.62694,-0.0745213,2.41711,0.640484,-42.456,-949.16,-337.696,9940,24640,-1960
5.73556,-0.185406,-4.49834,0.386009,-1.46599,-0.771131,2.12191,6.4845,0.218398,4.25297,2.27905,-0.0230297,-2.54229,-3.02728,5.0045,3.22996,-44.896,-950.624,-336.72,10360,24080,-1540
5.71585,-0.928599,-1.97892,0.365387,-3.39996,-1.57459,3.73222,3.49715,1.37983,5.54507,2.6695,-1.18337,-1.15666,-3.22101,8.75205,2.64171,-40.992,-950.136,-335.256,10500,22680,-1260
3.68622,2.24831,2.36655,4.27871,3.75824,4.2625,12.3001,7.38818,-0.118415,3.65889,-1.96256,1.85186,0.422148,4.51821,13.7852,11.0413,-46.848,-944.768,-329.888,11060,22400,-1120
1.33264,1.49485,4.45763,5.18456,7.44154,8.8034,12.9573,8.64486,-1.53931,-0.426897,-4.23651,2.02918,2.45897,9.41572,11.3674,13.292,-42.944,-947.208,-330.864,11340,21980,-840
5.56283,6.02815,5.15043,4.63179,5.34745,4.89965,2.2882,-0.418271,8.25074,0.543537,-1.96675,5.49281,1.61111,6.42291,0.482567,3.19644,-45.384,-945.744,-332.328,11200,21700,-840
10.9038,9.54263,6.4215,3.7007,2.70493,2.85695,-5.45164,-2.01305,14.6056,5.99731,6.01792,9.1615,2.89414,2.90646,-5.64232,-2.74859,-41.968,-943.304,-332.816,11200,21000,-840
3.29694,1.03335,4.34786,0.301927,-1.01602,-3.39684,-10.0722,-9.87298,1.81962,2.77811,4.42125,3.03218,-0.453571,-1.48935,-8.72649,-9.17629,-43.432,-943.792,-336.72,11340,20720,-700
3.63075,-0.361456,7.04714,2.50469,0.73055,-2.90095,-7.71462,-10.0594,-3.1826,7.85338,8.32728,4.05875,3.13464,-1.61169,-3.64725,-10.5939,-44.408,-945.256,-339.16,11340,20160,-700
-0.808126,-5.91359,-2.3525,-2.07648,-3.88011,-3.08181,-3.88297,0.193397,-5.29308,-0.318514,-2.2849,-3.03219,-3.58734,-4.22625,-0.290397,-3.63579,-40.992,-945.256,-338.672,11900,19740,-700
-4.81461,-2.76663,-6.36613,1.23401,0.480832,1.48492,5.20117,8.69493,-5.51051,-7.87403,-7.04877,-4.69083,-5.46259,-0.603577,5.98393,6.08594,-42.944,-947.208,-336.72,12320,19320,-420
4.60167,3.75404,0.361269,2.68869,0.906698,0.955218,0.138287,0.259647,2.10059,2.90268,2.75705,1.60748,0.538188,0.0990123,-0.126155,0.468608,-41.968,-943.792,-339.16,12740,18340,-420
-3.01705,-1.54285,-0.880485,-6.16481,-4.57475,-0.318323,-8.01411,-4.49126,-4.46807,-2.7806,-0.991347,-2.22799,1.65202,-1.22064,-11.8863,-6.50847,-43.92,-945.744,-339.16,13160,18200,-420
-9.30857,-9.13927,-6.14378,-13.4308,-9.42854,-2.67337,-11.4203,-4.09326,-9.78398,-7.78055,-4.14153,-7.48386,-2.77388,-5.09618,-15.5203,-10.1956,-43.92,-941.352,-338.672,13720,18060,-560
-6.94376,-4.52197,-0.788337,-7.33806,-1.36975,1.99953,-6.03323,-1.83813,-9.68323,-2.3482,1.40596,-1.0742,0.837007,1.87909,-9.6159,-4.3736,-39.528,-944.768,-336.72,14280,17500,-560
-5.80812,-8.66581,-6.49428,-15.0088,-12.12,-7.66953,-11.8537,-8.13127,-3.02961,-1.77327,1.83926,-8.47313,-4.59034,-8.53544,-9.64749,-10.4098,-41.968,-940.376,-336.232,14700,17080,-840
-4.79165,-0.502616,-4.33778,-0.858632,0.151846,0.723288,7.31282,9.66834,3.98992,-4.11956,-2.57292,-3.98775,-2.71501,-0.818539,6.82224,9.7558,-40.016,-941.84,-337.208,14980,16380,-700
-4.84592,3.71415,-3.93248,1.60539,0.324802,-1.48745,0.673184,1.7059,6.31741,-4.9052,-4.96829,-0.885359,-2.36632,-1.79085,2.59064,2.17645,-41.48,-940.376,-335.256,14980,15820,-980
-2.34307,0.808385,-2.01841,-2.43744,-3.68876,-1.53047,-5.90527,-0.240171,5.36256,0.256714,1.37912,-0.287951,0.855081,-5.14197,0.918041,-3.54781,-39.528,-944.768,-340.624,15540,15260,-980
-3.55242,0.629793,-2.57688,6.62515,1.41935,-0.249286,3.95713,2.10208,1.14263,-1.96501,-1.19264,-2.06895,0.980813,-2.14632,13.1562,2.65549,-38.552,-941.84,-340.624,16100,14560,-980
7.81852,11.9693,4.52134,17.7333,9.85379,2.06994,12.6745,2.8935,10.2575,6.94489,4.29758,6.88283,4.94819,4.61934,18.4948,7.27973,-37.088,-943.792,-340.136,16380,13720,-840
12.5675,10.7571,11.0695,15.0129,13.5366,6.48108,14.6993,5.47814,7.77192,13.777,10.1704,11.5543,9.11116,10.2631,12.9066,11.0268,-38.552,-940.376,-342.576,16660,12740,-700
1.54048,-4.5555,5.11139,-1.77495,1.94609,1.44188,1.29751,-2.20343,-7.75909,3.89462,2.33977,0.754203,5.08784,3.53457,-5.32026,2.10274,-35.136,-942.328,-342.088,16660,12180,-700
-5.57593,-6.55336,-1.81363,1.78342,4.11663,4.65344,11.384,8.12459,-10.5849,-6.6832,-7.05587,-4.78447,-1.16265,5.56153,2.28165,12.8663,-34.648,-944.768,-344.528,17220,11200,-420
3.86111,-1.94895,2.9132,-0.191001,2.70147,1.17181,3.45205,0.637431,-0.597866,3.17104,-1.61687,1.29085,-0.707069,3.27584,-3.09579,4.40424,-33.184,-945.744,-342.576,17500,10500,-420
0.273339,-4.68755,1.2727,-11.2626,-4.87592,-1.97126,-7.8767,-2.9104,0.228875,1.4517,-2.86932,-1.68628,-2.84317,-3.25724,-14.2508,-2.98666,-35.624,-943.304,-343.552,17780,9940,-140
2.23216,1.58644,5.39797,-2.62027,2.30486,0.226512,-1.99377,-4.49254,2.4074,3.44502,0.544624,3.64535,0.46415,0.611879,-5.75733,-1.37453,-34.648,-942.328,-344.04,18200,9660,0
-2.97157,-2.32586,-1.5362,-5.00718,-3.38638,-4.33224,-6.56597,-7.22326,-3.76468,-2.80386,-3.50693,-1.97611,-2.7735,-5.13583,-6.10907,-8.10165,-32.696,-941.352,-345.016,18340,9520,0
-8.42849,-6.70251,-6.0538,-5.1392,-4.69185,-5.90236,-5.41301,-5.66751,-8.50022,-8.95642,-6.79425,-5.77183,-4.13741,-8.03087,-3.15109,-8.33225,-31.72,-943.792,-341.112,18480,8960,140
3.22527,6.04132,1.46875,5.81023,1.54928,-1.95793,0.507341,-2.22286,5.4189,-0.223461,2.48781,5.55912,2.52166,-1.01797,4.93653,-3.47189,-31.72,-942.816,-341.6,18900,8680,280
7.07112,9.47959,2.54994,9.42838,4.15732,2.41945,7.92694,2.08093,10.798,2.06714,2.97225,7.55032,2.41422,5.87167,10.7733,5.8109,-32.696,-943.792,-345.504,19040,8540,420
4.64467,8.8764,3.80097,6.46044,3.18085,2.0212,1.97766,-2.32454,6.37264,2.27689,2.44589,7.06165,3.1899,4.86748,5.08096,-1.08421,-35.624,-945.744,-339.16,19460,8680,560
-2.74827,-1.27348,-8.87915,-2.62663,-7.47037,-4.80689,-7.49517,-1.16668,-0.669564,-6.41053,-6.72182,-4.76345,-6.63624,-6.75336,-1.85565,-7.49829,-34.16,-948.184,-341.112,19460,9100,560
2.66714,-0.355399,-5.18269,1.51895,-2.05974,0.498713,-0.518488,4.72489,-0.319433,-0.943906,-0.608569,-1.5889,-3.77708,-1.90762,4.8528,-0.102944,-32.696,-948.184,-341.6,20020,9100,840
0.137767,-4.96521,-5.93497,-0.0889165,-4.6599,-2.42999,-0.383555,1.34396,-6.78771,-1.91307,2.26271,-5.31177,-4.78845,-4.43428,2.75048,-1.32538,-36.6,-951.6,-334.768,19880,9660,1260
-3.07413,-8.32139,-4.43639,-6.85933,-7.48143,-1.65297,-6.50656,-1.35263,-7.602,-2.59852,2.83584,-5.75129,-1.70956,-3.80036,-9.13561,-4.55951,-32.696,-952.576,-329.888,19880,9800,1260
-4.9181,-7.06635,-5.64489,-9.05383,-7.48994,1.71968,-5.32759,5.39333,-2.0264,-7.62327,-1.91658,-7.7733,-2.42157,-2.06957,-12.5286,-0.553206,-35.624,-957.456,-329.888,20020,10220,1260
-1.25581,-0.098178,1.8206,0.463813,3.21971,4.74337,4.28646,6.02219,0.624308,-5.04947,-4.82358,-1.30981,-1.70479,6.64596,-3.64823,6.54513,-40.016,-960.872,-324.032,20160,10360,1400
6.46647,-0.445308,6.20356,-2.4949,1.5631,1.57381,-1.18952,-1.95479,3.42182,6.37095,3.90931,1.49865,1.59992,4.54291,-5.06939,-1.6983,-40.992,-960.872,-323.544,21000,11060,1400
13.5972,3.34691,11.1845,1.21612,5.87723,4.27024,2.82885,0.568785,8.99786,14.226,11.1391,6.05202,8.59687,8.08026,1.54151,1.98153,-40.992,-959.408,-320.128,21280,11200,1540
4.00253,3.0627,7.95992,1.79079,5.31195,2.51136,0.29216,-4.38673,4.20759,5.41249,4.04178,2.87694,7.32786,5.7129,1.41527,-0.193485,-42.456,-953.552,-318.176,21700,11200,1540
-6.00499,2.34997,0.254772,3.30623,2.00258,0.917752,1.52763,0.0744597,-2.49474,-2.3382,-0.216362,-2.48774,1.8545,-0.506283,4.51287,1.03006,-43.432,-952.576,-314.272,21980,11200,1400
-4.95182,3.26052,-3.71239,4.19427,-0.523083,-1.88382,3.79182,1.17577,-0.767146,-1.93456,-1.48437,-2.88797,-2.12502,-3.15705,8.90353,2.28928,-40.992,-951.6,-315.248,22120,11200,1120
-3.90451,3.88283,-0.605512,7.8683,6.57377,3.52189,10.6929,7.06649,-2.84252,0.00920086,-1.33118,1.27974,1.30201,1.98325,13.4447,9.68564,-41.48,-944.28,-311.832,22260,10360,980
-7.59738,-0.376363,0.21513,1.71117,3.58853,1.89291,2.01131,1.99386,-7.65793,-1.90077,-4.21748,-0.476595,0.23568,0.371764,3.33974,4.30245,-39.04,-941.84,-317.688,21700,8820,840
4.26875,3.9492,4.91892,-3.60807,-1.08329,-2.18202,-8.78965,-4.73932,4.35434,10.914,5.38697,5.78182,2.27317,-3.05783,-6.66758,-6.7903,-40.016,-935.984,-322.568,20860,7560,560
8.4229,8.36126,7.65375,-0.268335,3.62627,-0.739234,-2.59477,-1.8897,10.0716,12.5509,6.0049,10.3059,3.73427,1.06486,-0.59163,-2.10477,-42.456,-936.472,-325.008,19740,6020,140
-0.775495,1.93266,-0.9432,-2.42373,0.073639,-2.69482,-0.87548,-1.22656,2.92071,0.480921,-1.76602,1.66647,-1.40647,-2.45064,-0.0822775,-1.73995,-35.624,-937.448,-325.008,19180,4480,140
-8.92697,-4.1859,-6.41436,-4.2943,-2.84633,-2.18615,-0.315452,2.91251,-4.54153,-6.9583,-4.21863,-4.46275,-4.35231,-4.63613,-1.08851,0.125449,-35.624,-937.936,-325.008,18200,2240,-280
-12.0318,-10.4331,-7.68698,-7.83922,-7.81477,-5.12306,-5.50679,-3.36794,-10.2781,-6.93172,-1.9474,-7.94387,-4.95811,-7.32885,-6.2261,-5.24675,-36.112,-944.28,-322.568,17220,-560,-700
-9.5104,-11.9821,-5.82637,-8.58386,-9.17816,-6.9414,-8.01123,-9.40786,-10.6372,-4.54415,-1.47278,-7.06593,-3.99913,-6.85988,-8.38243,-9.34438,-29.768,-948.672,-316.224,16940,-2520,-700
1.60458,-0.332319,0.716724,2.79151,2.04591,1.79914,2.68071,0.115064,-1.68155,1.33712,0.837468,3.48169,1.55788,2.84155,1.50295,2.54278,-27.816,-949.648,-315.248,17080,-4060,-840
1.28548,4.87755,0.159366,5.6589,4.65795,4.81672,5.68801,2.21013,2.75851,-4.19243,-5.46676,4.56441,0.708588,6.44342,1.76814,5.88693,-26.352,-952.088,-310.368,16940,-4900,-980
-3.94525,0.244368,-1.33852,2.08597,2.277,4.20354,4.08558,0.500756,0.959689,-9.63334,-8.14132,0.827682,0.758732,5.02376,0.176909,5.00613,-24.888,-953.064,-312.808,17080,-5600,-1260
3.35894,0.856372,0.467403,2.97261,3.01411,3.27659,4.1376,0.806127,4.62212,-1.78725,-2.5897,3.45049,1.2957,4.44932,3.71467,3.38299,-25.864,-953.064,-307.928,17500,-5740,-1120
11.025,3.54979,1.15848,4.41496,3.64116,1.92785,5.47406,3.23294,9.67044,4.35272,1.11471,5.24538,-0.932873,2.66786,5.12809,5.18782,-26.352,-951.112,-305.488,17500,-5880,-980
9.40246,0.294465,-0.0256564,1.00408,-1.46275,-1.31509,-1.90064,-0.167233,5.0365,5.6798,6.9018,1.86162,1.23757,-2.58094,-1.39567,-2.02672,-26.84,-952.576,-305.976,17360,-6020,-560
-0.807797,-5.66922,-5.21612,-1.5935,-5.95079,-4.88275,-3.6948,-0.617156,-2.30423,-6.16031,-2.73913,-6.4348,-3.35078,-5.84819,-1.95704,-3.96274,-26.84,-949.16,-305.488,17080,-6440,-280
9.9017,5.61008,4.46659,7.52444,3.14693,1.07311,5.76545,7.06178,8.81954,2.98211,2.29644,5.05658,0.74604,2.17439,6.34641,5.64313,-29.28,-945.256,-306.464,16800,-6860,280
4.82207,-2.21387,1.66452,-1.11149,-3.16344,-2.76897,-1.60104,1.3245,1.76706,1.90215,0.787796,-0.604464,-1.14347,-1.43681,-1.3709,-0.691503,-29.28,-945.744,-308.904,16380,-6860,980
2.91319,-2.18926,1.9943,-1.06086,-3.00675,-3.09006,-2.6043,-0.789676,0.416225,2.83661,1.94617,-1.09762,1.30117,-0.900714,-0.858475,-3.47538,-28.304,-942.816,-309.88,15960,-6580,1400
1.57125,0.0838506,2.14133,-0.771916,-0.375161,-1.25453,-0.580942,-1.01961,0.268296,2.72375,3.42433,-0.156293,2.46687,0.0301914,-0.08473,-2.00943,-34.16,-941.352,-313.296,15400,-5320,2100
-4.9905,-4.08657,-1.40579,-6.1187,-2.84086,0.390317,-2.25617,-1.24834,-6.03244,-4.2726,-3.10352,-4.29151,-0.331927,0.57109,-7.98313,-0.980772,-37.088,-941.352,-313.784,15260,-4060,2660
-7.06512,-0.617277,-3.20292,-0.304845,-2.17481,-0.901875,-2.02162,-1.94561,-6.18222,-7.29353,-4.12498,-4.10429,-2.83284,-2.04382,-3.25667,-3.03055,-39.528,-942.328,-315.248,15260,-2240,3360
-4.11147,0.585988,-1.30969,0.289589,-1.68042,0.0491781,-2.10042,-0.00300734,-4.35755,-1.35774,2.00277,-3.07587,-1.00661,-2.61662,-0.40103,-2.42476,-43.432,-943.792,-316.224,15260,-420,3920
-8.61539,-8.72899,-2.65086,-13.4504,-8.74257,-1.82524,-11.8311,-7.90046,-10.7314,-1.82084,0.452196,-10.0648,-1.34004,-5.20735,-12.8457,-9.34427,-45.384,-944.28,-315.248,15400,560,4200
-6.99827,-2.52642,0.0855244,-4.59461,0.589604,1.57581,-3.79922,-2.44701,-9.42209,-1.13145,1.29161,-4.70229,1.14437,-1.47962,-4.66258,-3.16602,-47.336,-943.304,-319.64,15260,1540,4340
0.748005,4.96359,1.11093,2.82388,5.1777,1.06407,3.21657,1.42957,-1.45126,0.914968,-0.999961,0.426507,-1.14929,1.46862,3.1279,2.94833,-53.192,-944.28,-318.176,14980,2100,4480
6.83808,12.4243,6.0351,10.6945,12.3583,7.54986,11.2372,5.79602,6.06358,7.18555,5.87581,6.14085,4.56695,8.20871,11.7304,10.2359,-54.656,-942.816,-320.616,15260,2380,4620
5.7365,9.2463,4.78066,6.72407,5.97687,3.518,0.457907,-1.84446,6,7.04813,4.61355,3.23952,3.38607,5.54808,3.58419,-0.0225844,-54.168,-946.232,-325.008,15400,2240,4480
2.35751,5.60211,1.60947,6.73108,4.01565,1.81915,3.53563,1.82907,2.92795,3.90395,0.658233,1.09107,0.00164363,3.23165,8.8514,3.51454,-56.608,-945.256,-320.616,15120,2100,4340
3.00473,3.66623,2.02164,4.43884,3.53224,2.75262,3.51162,1.94096,4.1915,4.68161,0.972914,4.29649,2.22992,2.91148,6.08681,4.41118,-52.704,-947.208,-323.544,15400,1260,4200
-3.59498,-6.1641,-0.366883,-6.48811,-4.15606,0.11401,-5.97364,-4.75195,-2.74487,0.624559,-1.45991,0.159039,1.73884,-0.866975,-5.75986,-4.73525,-52.216,-942.816,-326.472,16240,280,3780
-2.80419,0.321271,0.318979,1.02088,0.5108,1.29263,0.940024,1.66026,2.29101,-1.36486,-1.32064,4.3725,0.0951467,1.00539,2.73273,0.0236703,-50.264,-947.208,-321.592,15960,-1120,3220
-3.07513,-3.91527,-0.93206,-3.07193,-2.13642,-0.549952,-0.748062,2.12861,-2.21773,-1.36889,0.61051,1.2285,-1.00478,-1.65742,-1.26577,-0.756789,-45.872,-945.256,-324.52,15400,-2800,2660
-2.25827,-7.73081,-1.79927,-7.07126,-3.6102,-2.81843,-1.47032,-0.321556,-4.74109,-1.588,-1.34429,-2.15848,-1.52799,-2.2688,-5.29051,-1.47784,-44.408,-944.28,-320.616,15400,-3920,2240
3.5043,1.2937,-0.773771,1.75727,0.711437,-1.8878,2.84724,2.86935,6.42374,-3.79216,-4.28177,2.26097,-2.45423,-0.582241,1.79987,1.60501,-42.456,-945.256,-314.76,15120,-5320,1820
4.30132,4.82929,-3.68849,6.51951,1.11131,-3.23139,8.20544,6.61565,12.6448,-5.21313,-3.46663,2.20478,-5.65708,-2.45558,10.2621,6.8536,-41.968,-944.28,-315.736,14840,-6860,1540
4.22263,0.975937,-2.11542,2.87791,0.0293152,-2.48493,3.10711,3.30918,6.77148,-1.23327,0.747852,1.19875,-2.53814,-2.55133,3.87988,2.07632,-41.48,-947.208,-315.736,14700,-8540,980
-5.28608,-13.0596,-5.85645,-11.2408,-11.1047,-6.06772,-10.8328,-5.63917,-9.71912,-3.61029,-0.02889,-9.02228,-0.732689,-8.71595,-10.8997,-10.5908,-37.576,-947.208,-316.224,14560,-10640,560
-9.7751,-10.8575,-5.75962,-9.37054,-6.50388,-5.29831,-5.83194,-6.41527,-10.4342,-8.69332,-7.71533,-8.87936,-2.46178,-3.83024,-8.6558,-6.21602,-37.576,-944.768,-316.712,14140,-11620,280
0.0500877,0.871337,1.14983,-1.1877,3.89333,1.48446,4.47287,1.23522,2.71868,1.48477,-0.195608,2.11279,1.59931,3.15166,-0.5758,2.7355,-35.624,-947.696,-315.736,13860,-12460,0
0.272078,0.491043,1.92303,-1.60855,3.1922,1.76667,3.01364,-1.8725,1.08262,2.98065,-1.01616,2.05993,2.27197,3.37904,-2.08646,3.27828,-32.208,-945.256,-317.688,13580,-13300,-140
1.04265,9.44658,4.50617,9.58826,7.90691,4.02776,6.04063,-0.192774,1.72388,4.39199,0.494013,7.10622,3.1271,5.92988,6.15072,4.34564,-33.672,-947.696,-319.152,13300,-13580,-420
-2.76568,2.63549,-1.92206,2.21418,-2.16904,-1.2404,-4.4817,-3.15985,-3.22483,0.767756,0.687647,-0.221633,-1.82703,-3.15267,-1.55788,-4.37014,-32.208,-946.232,-318.176,13020,-13860,-560
2.06993,1.04392,1.12153,-1.61844,-3.15672,0.78206,-7.41578,-2.18097,-3.05729,3.66442,1.54287,1.62684,1.17872,-1.39895,-5.26311,-4.27803,-31.232,-950.624,-315.248,12460,-13580,-560
5.35982,-0.182847,-0.126037,-0.569754,-2.90687,-0.979167,-2.5912,0.390953,0.366304,3.93472,4.0472,0.321617,-0.638709,-2.64718,0.430352,-0.959091,-33.184,-946.232,-314.76,12320,-13160,-700
3.38864,-2.24737,0.722984,0.341029,-0.731297,0.262465,1.56848,1.19877,-1.98423,0.604898,2.53723,-0.606343,-0.0660995,1.1642,0.440133,2.56735,-33.672,-949.16,-315.248,12040,-12600,-840
8.43738,7.96463,6.40054,6.55971,6.14862,5.11375,6.69801,3.57508,8.5459,4.07167,3.51921,7.58709,4.3055,7.19003,4.28392,8.01338,-36.6,-948.672,-316.224,11340,-12040,-840
3.28076,9.40961,6.89426,10.0354,9.43222,8.39852,8.86264,6.02966,6.1745,-0.323751,2.25147,6.4611,6.97663,7.55998,7.50863,11.2579,-34.16,-951.112,-314.76,11620,-11620,-840
1.50971,4.46173,3.4576,5.017,1.57876,-0.256295,-0.293393,-2.6227,3.00945,0.227178,0.00654803,2.74178,2.57949,0.66444,1.68506,0.81629,-38.064,-953.064,-316.712,11480,-10920,-1120
0.933386,-2.62432,1.16934,-1.35011,-2.96319,-0.912697,-3.99785,-1.18404,0.756428,3.26365,3.92166,-0.698205,2.49871,-1.41385,-2.6072,-1.62542,-39.528,-954.04,-315.248,11480,-9940,-840
-8.802,-11.7589,-3.49003,-9.94025,-6.95689,-1.71169,-5.78576,-0.743216,-8.50082,-5.33152,-3.94073,-9.3828,-0.929358,-3.07851,-7.55943,-2.03809,-37.576,-954.528,-317.688,11620,-9100,-700
-7.15207,-7.54065,-1.63156,-6.88858,-1.9766,-0.182868,-2.83122,1.43254,-8.31029,-2.09985,-0.443327,-5.98616,-1.41935,-0.981044,-4.45436,-1.04983,-38.064,-952.576,-315.248,11900,-8400,-560
-9.68601,-8.4691,-5.75559,-8.56645,-5.50434,-3.81735,-8.15772,-3.06056,-9.98596,-5.317,-3.00014,-8.22592,-4.99854,-3.7055,-7.84038,-7.67003,-40.992,-954.04,-317.2,11760,-7980,-420
0.840591,2.15567,-0.567479,-0.288427,0.392547,-1.16174,-2.40723,-1.23983,3.92081,2.25506,0.753866,0.0200484,-2.26394,0.350286,0.644889,-4.20357,-39.04,-952.576,-315.248,11900,-7420,-560
-0.0566035,6.67822,-2.15154,5.01265,2.46958,-0.772266,1.74485,0.808539,7.0799,-1.54077,-0.938559,0.632126,-2.69811,-1.31673,8.19383,-3.49183,-39.04,-955.016,-314.76,12320,-7280,-280
-4.86831,1.53638,-6.38323,0.862878,-1.08351,-2.8542,0.148437,-0.730353,0.628721,-7.71555,-5.54975,-2.91813,-5.39237,-4.17512,6.06867,-5.31252,-36.6,-952.576,-316.224,12180,-7000,-280
1.10525,2.48625,-5.10326,0.529217,-2.59006,-3.82628,-1.1873,-1.40537,4.85827,-1.19278,0.359472,-0.982375,-4.54921,-5.1124,3.85618,-5.85562,-38.552,-955.016,-317.688,12320,-6580,-140
6.78623,5.68984,1.13731,4.8784,4.29461,0.75312,6.8276,3.98456,7.28998,4.8841,3.61125,3.52897,-1.32171,1.79744,5.90194,3.61854,-36.6,-957.456,-315.248,12460,-6580,0
9.23911,5.39159,5.25043,5.42668,5.94984,4.01175,8.07717,4.32198,6.29472,7.01359,3.67595,6.31838,2.05848,6.15683,4.72829,6.89218,-34.16,-955.992,-314.76,12460,-6720,280
5.41404,-0.869683,2.43662,-0.0498377,0.516507,1.53748,3.30625,0.408306,0.491084,2.25306,1.98827,1.26365,1.71866,1.82725,-1.53019,2.51717,-39.04,-955.016,-313.296,12740,-6720,560
7.38976,-1.37229,5.7707,-1.21163,1.58028,2.3387,3.30263,-2.11679,-0.901216,6.0943,3.10262,2.73724,4.15702,3.8988,-4.42232,2.71393,-35.624,-954.528,-313.784,12880,-6860,560
3.27905,0.483453,3.87852,0.00596055,1.36883,1.37137,0.235799,-3.32919,-1.6341,1.52832,-1.70828,2.49984,3.51254,2.55549,-4.29045,-0.879854,-36.112,-954.04,-310.368,13020,-6580,980
-5.05221,-3.54297,-1.362,-2.67991,0.0199159,1.81999,0.0103408,2.48775,-5.63263,-6.81146,-4.4171,-2.53403,0.516347,0.469206,-3.24722,1.71895,-38.064,-949.648,-310.368,13020,-6440,980
-5.57819,-7.56812,-2.46038,-7.5075,-6.29796,-3.22542,-6.82341,-3.35591,-5.70014,-5.13744,-2.13501,-5.47613,-0.745976,-4.32974,-7.14624,-4.48663,-36.112,-950.136,-310.368,13020,-6160,1120
-4.18412,-5.18945,1.14738,-3.42945,-2.18768,-0.486999,-3.51953,-1.57454,-6.52269,-1.81561,-0.407292,-1.70604,2.34302,-0.402931,-3.24127,-0.797611,-36.112,-948.672,-306.464,12740,-6020,1260
-8.96113,-7.08463,-4.02802,-0.783937,-1.47187,-2.45393,0.434338,-0.534479,-10.1949,-6.49609,-6.85708,-4.95637,-3.21935,-1.73504,1.74588,2.66611,-37.576,-948.672,-307.928,12460,-5740,1400
-7.57827,-5.36662,-4.70556,-1.52325,-3.81739,-2.55731,-2.37822,0.282381,-8.43423,-2.40313,-1.44813,-4.98683,-3.02546,-5.38624,-0.238702,-0.497259,-40.016,-950.624,-309.88,12320,-5180,1540
-6.7848,-5.91084,-5.33753,-5.90485,-7.06683,-3.2735,-7.66368,-2.4428,-8.06142,-3.18482,-2.73943,-5.89982,-2.85281,-6.52285,-5.60084,-5.17328,-38.552,-947.208,-309.88,12180,-5180,1540
0.285384,4.94674,-2.04022,5.20588,1.86807,-0.732628,1.68116,1.20762,0.483219,0.454031,-0.546805,2.28262,-0.989278,0.285119,4.31549,1.21975,-41.968,-949.16,-309.392,12320,-5040,1680
3.17873,7.68684,1.0454,6.18806,5.81179,3.47558,6.75557,5.32507,4.46551,2.14792,1.26451,5.46784,1.81755,4.79799,5.29477,7.6396,-38.552,-951.112,-312.808,12460,-4480,1680
6.47157,10.4636,6.23907,7.17253,9.53843,6.0454,7.30772,5.10498,10.0843,3.97281,0.47975,9.51892,3.83925,8.82488,3.56748,9.62096,-40.016,-949.16,-310.856,12600,-4760,1820
5.82417,5.93346,4.93284,1.09649,2.28932,2.36956,-3.18153,-1.81594,7.84603,5.80613,4.29922,6.42798,3.43975,3.9961,-3.08102,-1.31611,-41.48,-949.16,-313.784,12880,-4900,1960
0.826424,-0.672338,0.178402,-0.662512,-2.79502,-1.31794,-4.18391,-2.39101,2.47595,3.07793,4.48627,0.062811,0.683331,-1.40732,-1.7727,-4.37936,-40.992,-948.672,-312.808,13160,-5180,2100
3.84471,2.40978,1.83575,2.94653,0.447927,-1.2588,1.83249,0.687038,7.61002,4.57254,4.21289,1.60329,0.392781,0.92128,1.5686,1.46898,-41.968,-950.136,-314.272,13300,-5320,2240
4.5596,1.06666,4.92105,-0.207031,2.89114,3.19567,3.62535,4.10716,5.03312,5.31856,4.87646,3.21453,4.46769,4.63784,0.157716,3.63494,-42.456,-947.208,-311.344,13300,-5740,2100
3.17868,2.4022,3.45832,1.47583,1.06536,-1.33745,-0.362209,-3.89386,4.31713,2.52929,0.929253,3.32737,1.72357,0.816171,1.24507,-4.58537,-43.92,-948.184,-313.784,13160,-5880,2100
6.05184,5.10054,3.47766,3.55401,1.88815,1.29597,1.18904,-1.42344,7.84783,4.14082,3.17907,4.36408,3.03572,0.665198,4.68838,-5.09566,-43.432,-947.696,-313.296,13440,-6160,2100
-1.09503,0.690626,-1.4465,2.55165,1.1694,1.15559,5.3286,3.24526,4.39141,-3.43708,-2.43243,-1.75415,-1.3733,-2.31539,7.12317,1.48921,-42.944,-949.16,-310.856,13020,-6720,1960
1.05688,1.77339,0.115798,1.41628,1.06419,0.618486,1.95042,-1.64627,3.3155,-0.81541,0.441436,-0.529708,-0.969281,-2.40028,4.295,0.453097,-40.992,-949.16,-312.32,13020,-7000,2100
-3.91691,-3.12409,-5.82825,-3.85355,-6.38927,-2.82758,-4.7704,-3.54057,-1.25648,-5.06982,-2.13745,-7.24208,-4.20663,-8.10368,-1.24038,-3.01797,-40.504,-948.672,-311.832,12600,-7280,1820
-5.28129,-3.54129,-4.58487,-4.59729,-5.70685,-1.57234,-4.54745,-1.52838,-4.37819,-5.79379,-3.69775,-6.64786,-3.41228,-5.92514,-3.82926,-1.48133,-40.016,-949.648,-310.856,12460,-7140,2100
-4.80058,-2.57572,-0.795288,-3.40192,-0.715467,2.43753,-3.31267,1.30886,-7.35527,-4.35885,-3.04901,-1.82692,-1.46399,0.0415852,-4.02888,0.586346,-39.528,-951.6,-312.32,11900,-7280,1960
3.64327,3.04651,1.53031,1.94465,2.17822,-0.840802,-1.11241,-0.758596,0.923124,1.88989,0.778335,2.93316,-2.36989,-0.523069,3.2747,-1.22251,-37.576,-951.112,-314.76,11760,-7280,1960
2.23175,1.75779,-1.30033,0.676908,2.12415,-2.5205,2.55287,1.1625,-0.609613,0.598061,-0.961554,1.0329,-3.96201,-0.449228,4.96121,2.33246,-40.504,-949.16,-310.856,11200,-7280,1960
-8.54609,-5.83996,-3.77078,-2.16657,1.38976,-0.111179,3.08311,3.02912,-14.1209,-5.38221,-4.73827,-4.35238,-2.8229,1.31575,2.01078,5.62706,-41.48,-951.6,-313.296,10920,-7140,1960
-9.47692,-10.3018,-3.75859,-6.65703,-4.34806,-2.43046,-4.59657,-2.5814,-16.5762,-5.37267,-4.68722,-7.12882,-3.3262,-0.468746,-6.31564,-0.615979,-40.992,-954.04,-315.736,10780,-7000,2100
-3.0738,-8.57057,-4.38428,-6.57783,-7.62561,-4.26538,-6.34659,-2.27134,-8.2496,-2.0243,-0.394038,-6.08452,-2.41463,-2.80045,-7.16641,-2.97319,-42.456,-956.48,-310.368,10220,-6440,1960
4.67855,-2.81386,-1.92646,-5.1889,-5.92484,-3.27934,-5.70805,-1.80899,1.8582,2.60345,3.77538,-0.88194,1.1129,-1.97105,-8.67453,-5.36087,-42.456,-957.456,-312.32,10220,-6160,1820
2.71902,-0.303257,1.6987,-0.0186581,0.957263,0.323528,-0.641986,0.639633,2.48817,0.140203,-1.14805,2.58635,3.18567,3.45371,-4.96082,-0.37465,-42.944,-956.968,-310.368,10220,-5740,1820
8.9239,5.76045,7.54516,6.27442,8.22108,5.32327,4.36583,0.910072,6.40541,7.93441,5.12019,8.72898,8.40409,8.58464,1.59693,1.79006,-44.408,-954.528,-312.32,10220,-5180,1680
-0.691933,-3.44697,-1.98821,-6.42151,-4.95922,-2.41713,-6.41817,-6.3668,0.354801,-1.09393,-0.386072,-2.98291,2.05856,-3.43024,-8.11036,-8.40265,-45.384,-956.968,-311.344,9660,-4480,1540
1.0122,-0.958467,-0.120015,-4.91538,-3.57901,-0.578206,-6.07806,-4.17263,2.13113,1.23829,0.390814,-0.482525,2.0589,-3.10867,-6.16968,-7.12582,-45.384,-955.016,-306.464,9380,-3920,1540
-1.15069,2.93216,-1.45255,2.51069,1.04093,-0.714404,1.08563,0.385661,4.7733,-0.344063,-3.77583,0.497783,-2.89533,-1.10804,0.227456,-1.00762,-46.848,-955.504,-307.44,8960,-3500,1400
-0.689834,4.62416,0.150621,6.50881,4.13219,-0.194302,7.53905,4.14342,3.46912,1.64227,0.973617,1.67467,-2.42863,1.43055,7.18415,3.70505,-47.824,-954.528,-303.048,8680,-3080,1260
-4.79783,-0.0914574,-0.423412,3.20746,3.31122,0.360804,5.64454,1.85634,-2.62465,-1.44565,0.22247,-0.592177,-0.948173,1.91108,4.09858,2.90997,-49.776,-953.552,-304.512,8260,-2800,1120
-9.05322,-1.42245,0.111701,4.31455,4.45009,3.65065,6.91501,4.03728,-4.9055,-4.7215,-1.71814,-0.667627,2.01229,4.79304,5.57368,5.32065,-50.752,-953.064,-305.976,8120,-2660,980
-0.576255,3.77824,3.93488,6.94967,6.81861,6.07213,10.2123,7.1649,3.80706,0.671865,2.1478,3.73921,4.39696,7.3292,7.0191,9.52297,-50.264,-952.088,-303.048,7840,-2800,980
5.08331,4.76365,4.5895,4.03391,3.76128,2.39658,5.76347,4.42832,9.80244,4.14208,4.11239,4.02856,3.05843,3.33003,1.89141,5.38156,-52.704,-951.6,-303.048,7700,-3220,980
1.94118,0.559749,3.06415,-2.40208,-2.72717,-2.48663,-3.14983,-3.51168,5.54052,2.05718,2.42678,1.00044,0.761619,-1.86942,-4.54183,-3.24927,-49.776,-954.528,-305,7420,-3360,980
2.027,5.13574,4.56163,4.29909,2.42393,2.46743,0.255935,0.324893,3.49978,2.39992,2.47832,4.60137,3.83459,2.55998,2.44991,-0.506593,-50.752,-953.064,-307.928,7560,-3640,980
-0.767194,-0.714651,-1.60918,1.36188,-0.402497,0.418682,0.348453,1.55594,-2.4043,-2.4141,-2.48459,-1.46124,-2.0228,-0.071148,3.28793,2.64685,-50.264,-953.552,-304.024,7420,-3780,980
0.724582,-3.00469,-2.87502,-1.60038,-1.3431,0.0486066,1.54424,3.1107,-3.1547,-1.31671,-0.978924,-1.82632,-2.53025,-1.25122,3.3474,5.04169,-47.824,-950.624,-305,7560,-4340,980
0.333543,-3.23135,-5.16768,-5.12485,-6.33394,-3.74254,-3.53764,-1.92171,-3.98546,-2.00522,-0.741371,-3.67836,-3.42031,-5.83074,-0.563487,-1.96989,-48.312,-952.088,-304.512,7560,-4480,980
0.0871596,-2.42177,-1.93448,-1.58771,-1.10131,2.28523,3.54551,4.01596,-5.65148,-1.24926,-0.485364,-2.28566,-0.878133,-0.556575,4.16946,5.30596,-51.24,-952.576,-304.024,7420,-4620,980
7.29515,-0.734118,1.69196,-1.91249,-0.819369,1.79404,-0.743744,-0.287096,-0.625681,5.5926,2.31936,1.08142,-0.69341,-0.786721,0.879087,-0.142459,-50.264,-952.088,-303.048,7700,-4900,1120
6.76326,3.15975,1.98425,1.1783,-0.19062,-0.521462,-4.67116,-4.9736,1.65881,3.66508,0.803096,2.62235,-1.07538,-2.26655,-0.235265,-5.55526,-45.872,-951.112,-306.464,7840,-5320,1120
6.7869,7.09145,3.11242,3.6583,1.24516,0.934929,-4.13064,-3.3369,4.15831,4.12214,3.25342,4.92875,1.60557,-1.24112,0.605394,-5.15136,-47.824,-951.112,-303.048,7700,-5460,980
-1.87909,2.01479,0.127264,1.75061,1.14981,1.4496,-2.05745,-1.50387,-1.14577,-2.01334,-2.60559,0.5149,-1.01744,-1.60393,-1.825,-0.170933,-47.336,-952.576,-304.024,7840,-5460,980
-4.17865,3.20778,-0.227029,4.05268,2.58546,0.529133,-1.84228,-1.29223,0.761454,-2.96697,-3.24068,1.23883,-1.67885,0.419096,0.498261,0.0403106,-44.896,-951.112,-305.488,7980,-5600,840
0.329964,5.6885,3.89656,3.59763,2.56833,-0.458024,-3.10492,-2.84516,5.46179,2.53706,1.83402,4.30835,2.49616,-0.080833,1.05821,-2.35165,-44.896,-951.112,-302.072,7560,-5600,1120
-4.80842,-1.03799,-0.343409,-0.791007,-0.182756,-1.49507,-3.41606,-3.93823,-0.0139233,-2.36106,-3.47555,-1.39354,0.0817009,-0.783881,-0.318621,-3.06607,-42.944,-952.088,-306.464,7840,-5460,1120
1.27184,2.4167,-0.253804,2.18969,1.30384,-3.20662,-0.300576,-1.10545,6.29642,0.531584,-1.25595,1.02359,-0.430407,0.776933,3.35465,-1.97974,-43.432,-950.624,-302.56,7700,-5460,1120
4.37226,1.97651,2.36003,2.00846,1.24753,-3.17972,0.965263,-0.170563,6.25047,5.23309,4.01833,2.51028,1.26578,1.1892,3.23452,-0.554825,-41.48,-951.112,-305.976,7560,-5320,1260
-0.0280068,-6.56408,-4.47644,-9.00564,-8.13404,-6.31785,-5.75542,-3.65008,0.382409,-1.39497,-0.270061,-5.64458,-2.93759,-5.04937,-8.47244,-4.22625,-40.992,-951.6,-305.976,7420,-5320,1120
-2.55178,-3.44861,-5.88882,-5.66377,-4.62321,-2.68187,-0.169253,2.57386,-1.94053,-5.9765,-2.68721,-5.40268,-4.22298,-2.22659,-6.18401,0.564828,-40.992,-952.576,-308.416,7700,-5180,1400
-7.37435,-9.51959,-7.8379,-11.0218,-8.43489,-5.50376,-4.00136,-0.665249,-10.1888,-7.30904,-3.9799,-10.2887,-6.27202,-4.62599,-11.0009,-4.11071,-43.432,-954.04,-306.464,7700,-5180,1400
-5.4417,-8.78785,-3.64734,-10.117,-4.90769,-2.90999,-0.558061,1.02841,-10.4834,-3.34666,-1.38535,-7.02241,-2.47739,-2.30255,-8.43638,-2.066,-40.504,-953.552,-308.904,7980,-5180,1540
-4.55531,-4.89647,-0.671466,-3.82324,0.373731,0.587294,3.10297,2.00149,-8.27861,-2.20251,-2.47578,-3.22638,-0.760353,1.99381,-2.37791,1.60759,-41.968,-953.064,-307.44,7980,-5320,1540
6.42487,8.23031,10.016,10.0634,11.9248,9.8155,11.0163,6.56815,4.95003,6.35129,2.8726,10.1713,9.70612,12.8449,8.8809,7.9606,-40.016,-951.6,-305,8260,-5320,1540
10.1918,8.83095,8.87521,9.82857,8.44234,6.24661,6.77918,2.53067,9.71948,9.94053,6.92991,11.7371,8.80439,7.3739,6.81716,3.02937,-41.968,-952.088,-306.952,8540,-5180,1680
-1.5134,-2.63323,0.930047,-0.192708,1.0985,1.99339,2.99607,0.571467,-2.10419,0.883982,0.909991,1.08783,2.91686,1.03887,-0.966475,2.62106,-41.48,-953.552,-305.488,8680,-5460,1680
-7.95472,-6.26447,-2.15707,-0.30082,2.19438,2.82857,3.95411,2.36157,-8.92166,-5.77354,-2.8826,-3.34297,0.0282809,1.96684,1.74549,4.42901,-41.968,-953.064,-304.024,9240,-5180,1680
-8.43559,-4.97222,-2.90255,0.86701,0.117406,2.03009,0.143553,1.22631,-9.7842,-5.67156,-1.00542,-4.39421,0.16392,-0.728548,2.46826,0.238076,-41.968,-953.064,-306.952,9380,-5460,1680
-10.6369,-8.91558,-7.62675,-6.07776,-7.89867,-3.83703,-7.96776,-6.62407,-11.7203,-8.87584,-4.90531,-9.41891,-4.40503,-6.37554,-5.37928,-7.10753,-42.456,-950.136,-309.392,9940,-5320,1960
-0.151107,-1.50848,-3.28402,-2.43179,-3.90712,-0.790398,-5.59992,-3.38472,-0.957454,-0.203882,1.11307,-2.47452,-1.70443,-4.00319,-3.6715,-3.79459,-40.016,-951.6,-309.392,10220,-5180,1960
3.17952,-1.49056,-4.43969,-6.05811,-8.41555,-3.04528,-9.23644,-5.6101,6.40512,-0.239918,-0.332838,-3.49652,-2.79174,-6.89796,-6.50697,-6.06991,-44.896,-951.112,-309.88,10080,-5040,2100
8.83617,3.74128,1.96959,0.840051,0.18758,2.57129,0.197923,3.09732,10.5168,6.43854,4.81173,4.41541,1.71429,-0.537516,0.927555,4.61313,-44.408,-950.136,-306.464,10220,-5040,2100
3.05204,2.82592,2.64182,2.36674,2.82697,3.23488,3.26463,4.20788,3.93688,2.43757,1.35352,3.1615,0.425622,1.24352,1.36719,7.74657,-45.384,-952.576,-308.416,10360,-4760,2240
1.57953,3.50778,0.821596,1.94127,0.0142337,-0.382229,-2.36796,-0.787422,4.99553,1.47741,1.99236,1.7166,-0.323682,-2.14143,-0.0817072,-0.200128,-44.896,-949.16,-305.488,10500,-4340,2380
-1.14436,2.84938,-0.209966,1.61621,0.0805054,-1.61493,-2.35263,-0.572811,2.96814,0.329352,0.753734,0.848583,-0.935397,-2.20125,1.7796,-2.61488,-43.432,-950.136,-307.928,10360,-4060,2520
-5.66658,-4.05549,-2.8847,-2.00065,-1.92819,-3.16655,-1.17518,-0.907734,-4.00047,-3.22308,-4.19372,-3.78097,-2.8178,-1.15999,2.06168,-2.20405,-42.944,-951.6,-305.488,10220,-3920,2660
-0.687644,2.32989,0.689617,4.77981,2.94893,0.146952,5.28815,3.01373,1.11735,0.339062,-1.67513,1.54889,0.2829,3.40722,8.50056,1.82445,-46.36,-947.696,-306.464,10220,-3780,2660
1.4748,5.91648,2.61726,7.59453,4.31089,0.438477,5.55527,1.65475,2.9362,-0.534046,-1.60132,2.53333,0.604789,3.29004,6.77516,-0.040058,-45.384,-950.136,-304.024,9800,-3500,2800
2.974,5.39287,2.94993,4.8316,2.50794,0.349274,1.35307,1.08326,3.17744,1.61733,0.118889,2.51449,1.23242,2.4364,1.36037,-2.20222,-44.896,-949.648,-305.976,9940,-3360,2800
6.06335,7.85564,5.41754,3.38437,4.67377,1.64611,1.34783,3.01768,6.3101,4.41358,2.77058,5.76055,3.09245,4.25992,-2.52758,1.95083,-49.288,-948.672,-305.976,9800,-3080,2800
6.39838,5.38211,3.07351,-0.594059,1.14974,-1.88636,-0.949048,-1.21643,9.27062,4.12153,1.91095,4.37122,0.174703,0.76565,-1.94147,-0.223588,-47.824,-947.696,-302.56,9660,-3220,2800
3.05646,2.08033,2.02238,0.445559,2.0526,-0.509591,2.09165,-0.763366,3.16515,1.83353,0.644845,3.15159,-1.12158,0.821232,4.35497,1.98878,-49.776,-947.696,-303.048,9660,-3080,2660
0.0319638,2.90984,2.83432,5.06694,5.80603,1.61234,5.52668,1.05107,-4.38238,-0.925409,-1.20447,3.29575,-0.128782,3.225,5.76873,5.62487,-46.36,-948.672,-304.024,9240,-3080,2520
-6.10153,-4.64932,-2.58204,-2.60643,-1.37641,-1.77726,0.757473,-2.14115,-11.5494,-5.54931,-3.41101,-4.45734,-3.3253,-0.392565,-2.80365,1.7528,-48.312,-951.112,-300.608,8960,-3500,2660
-1.8743,-7.88266,-0.772163,-6.37773,-2.80473,0.691902,-2.35333,-2.60769,-9.79383,0.428746,1.76113,-3.19522,0.13123,0.22194,-6.34431,-1.67485,-47.824,-950.624,-303.536,8820,-3640,2380
3.25756,-1.31244,-0.795297,-0.807711,-2.2412,-2.14921,-0.573406,-3.43904,1.67288,2.658,1.76896,0.634292,-1.48833,-1.68583,2.30319,-2.7664,-50.752,-952.576,-303.536,8960,-3640,2380
7.49867,7.60126,5.47184,11.2187,8.23639,5.17895,10.4909,6.24344,5.50506,6.72447,5.6616,7.83022,4.02848,5.98155,13.4516,8.59226,-50.752,-951.6,-302.56,8820,-3500,2100
1.70514,-3.64789,0.822171,-2.1305,-1.0012,1.02492,-0.239263,-0.785869,-2.25153,1.8099,-0.196508,-0.830863,1.89124,-0.840545,-2.05934,0.545319,-48.8,-951.6,-303.048,8960,-3780,2240
-2.11369,-6.1995,-0.0214476,-7.30328,-3.91455,0.386867,-5.57822,-1.98663,-4.60208,-1.9897,-1.388,-2.77488,2.96142,-1.09822,-8.30855,-4.17693,-50.264,-952.576,-304.024,8960,-3640,1960
0.137172,-4.00539,1.20117,-5.48731,-3.53385,-0.920096,-5.55116,-2.20978,-1.04686,0.12922,1.05909,-1.7813,3.79069,-0.743066,-5.89734,-3.96281,-48.312,-954.528,-301.096,8680,-3360,1960
4.36444,1.93655,0.30613,0.946114,-1.22719,-1.74867,-1.10854,-0.369213,7.76397,3.25657,0.680913,0.885392,0.684128,-0.985553,1.00179,-1.07174,-47.824,-951.6,-299.632,8960,-3220,1680
-0.369579,3.27651,-3.62167,3.35516,-1.03277,-1.9232,0.482571,1.13132,6.20485,-1.83419,-2.03963,-0.71937,-2.62489,-3.1359,3.87532,-1.1875,-47.824,-953.552,-302.072,8400,-2940,1540
4.52658,10.3449,3.08042,7.82902,6.09174,3.25495,5.86241,2.57685,10.3933,3.4704,3.1708,7.09712,3.05893,2.96131,7.84656,2.67533,-50.264,-951.6,-298.656,8400,-2660,1680
2.25384,8.5755,-0.650746,5.3283,2.21553,0.867674,1.37525,1.54561,9.80399,-0.354416,0.0573383,3.93864,-1.58902,0.795509,4.94728,-0.646094,-49.288,-954.04,-302.072,8400,-3080,1540
-3.83746,0.683455,-4.19963,-0.781467,-0.619612,2.06683,1.71822,5.70602,3.2669,-5.15813,-1.43041,-2.50714,-2.99803,-0.631807,2.22762,3.44854,-49.776,-952.088,-303.536,8260,-3220,1680
-2.22536,-1.09444,-1.2402,0.323595,0.540677,0.894171,0.79271,0.364493,-0.255448,-0.699032,-0.271542,-1.11657,-2.38706,0.691992,1.92754,1.91562,-51.24,-949.648,-298.656,7840,-3500,1540
1.50751,1.71017,2.21493,3.79953,3.13238,1.33039,1.21796,-2.30452,0.112806,4.35652,3.92627,1.70096,2.55479,0.967431,3.17369,0.22816,-47.336,-950.624,-300.608,7700,-3500,1680
-5.68033,-5.21911,-4.66934,-4.22072,-4.04737,-2.99218,-4.37184,-5.54741,-5.47508,-3.95253,-4.65839,-5.74563,-2.63197,-3.76182,-6.36661,-4.80613,-48.312,-952.088,-295.24,7420,-3500,1540
-0.627812,-1.82599,-1.1712,-3.2504,-3.12997,-2.92374,-6.43833,-6.82066,-3.62705,0.330634,-1.16151,-1.77751,-1.11763,-1.96911,-9.98556,-7.66964,-47.824,-950.624,-300.12,7000,-3360,1400
-0.4032,-5.85062,-1.00061,-8.51218,-6.07731,-1.80118,-9.19918,-2.88,-5.29225,1.3593,2.15747,-3.83815,1.1016,-3.56373,-14.0376,-7.83013,-48.8,-954.04,-299.632,7000,-3360,1400
-14.6839,-17.2612,-11.4881,-18.1672,-14.5069,-5.66054,-11.549,-0.775919,-15.9654,-13.6525,-7.89584,-16.192,-6.77024,-10.7056,-19.2744,-5.90319,-46.36,-953.064,-296.704,6720,-3360,1540
-20.3121,-18.7734,-9.22235,-13.2057,-6.73078,0.293526,-3.08847,3.9554,-26.5445,-15.6248,-9.38354,-15.2178,-3.50977,-3.15264,-11.8286,2.88936,-45.872,-953.552,-296.216,6440,-3640,1400
-15.7197,-17.4748,-5.78004,-12.2649,-7.92352,-2.98722,-6.73598,0.359541,-25.3987,-7.54385,-4.2434,-11.8258,-2.55486,-4.25163,-12.0752,-1.89006,-47.824,-953.064,-301.584,6300,-4060,1680
-10.1452,-8.61224,-3.60144,-7.85748,-6.4252,-2.98807,-6.42618,-0.441692,-13.2457,-6.27663,-3.22695,-6.02137,-2.30571,-3.31279,-9.5551,-3.4955,-44.408,-953.552,-297.68,6160,-4480,1540
-5.31268,-7.36979,-4.97684,-7.14672,-6.13593,-3.10437,-3.63242,1.98462,-5.60735,-5.01771,-1.09799,-5.61651,-3.58154,-5.0861,-3.61261,-1.83766,-46.36,-949.648,-298.656,6160,-4760,1680
1.29989,-3.74796,-0.390886,-3.96507,-2.45897,-1.40557,-1.87186,-0.927637,-0.179353,0.458226,1.94389,-0.814359,-0.645641,-2.42927,-0.498348,-1.03687,-44.896,-953.064,-303.048,6440,-4900,1680
2.15604,-0.792259,2.40592,-0.217886,2.07162,1.48971,1.70108,2.72402,0.94251,3.04305,2.23304,2.82013,1.28911,1.2661,1.55322,2.2019,-44.896,-954.04,-301.584,6440,-5600,1820
2.86141,5.70161,4.89064,5.49099,6.0159,2.30685,3.19016,0.0715986,6.19888,1.92532,-1.2175,6.49385,1.82582,4.21329,5.1562,1.22024,-42.456,-954.04,-301.096,6440,-5880,1680
4.40299,8.01784,1.42829,8.48156,4.73597,-0.457448,2.85586,-4.40762,10.3487,-0.446626,-4.38809,4.53729,-1.05952,2.21552,9.59095,-1.47407,-42.944,-954.528,-301.096,6580,-5600,1680
14.2625,14.495,6.73565,15.0601,9.19547,1.70232,8.83441,-1.47288,18.1375,9.30885,5.87338,10.2253,4.37492,4.88327,17.1257,3.80791,-39.04,-953.552,-298.656,6860,-5740,1820
18.8633,22.8454,11.3346,23.1859,14.5603,2.69558,11.1897,-2.77286,24.3264,11.4815,6.25187,16.2326,5.27265,9.04516,21.8083,4.97674,-40.016,-953.064,-299.632,6720,-5460,1680
21.5812,25.9882,13.6265,24.7123,18.9962,6.57195,17.31,4.34196,24.5704,14.5686,7.62297,20.1302,6.5786,13.177,25.2367,12.3311,-40.504,-954.04,-300.12,6580,-5180,1820
13.8312,15.9215,9.6338,13.9969,11.3148,4.95499,11.8917,1.66949,15.0464,8.91381,2.58836,13.3185,3.16904,9.6804,14.1849,8.35838,-36.112,-953.064,-300.608,6720,-5320,1960
12.2596,12.0201,6.64026,9.43819,6.54764,4.90094,9.33461,6.38868,13.4283,10.9178,7.19103,9.859,2.92091,5.90966,9.48042,8.21004,-40.504,-953.064,-301.584,6720,-5040,1960
11.1003,8.53033,4.78222,5.60507,4.2557,3.88024,6.03807,5.23474,9.98285,10.5667,8.38456,6.4835,3.78537,3.05626,6.19647,7.27768,-38.064,-956.968,-304.024,6860,-4620,1960
6.68872,3.90237,4.48349,3.23687,3.87068,4.12917,8.12259,5.22916,5.54367,7.46429,6.38979,3.92751,4.23617,4.15478,7.09962,8.05536,-36.6,-957.456,-304.512,6860,-3920,1960
1.02341,1.68031,5.07922,1.65397,3.75762,5.05529,6.86847,3.33585,0.674826,2.86852,3.32417,3.73644,3.98747,6.36787,4.15804,6.75512,-39.04,-956.48,-299.632,6860,-3220,2100
-3.44309,-0.62094,0.974572,-2.34855,-2.4105,0.223728,-3.94309,-0.660694,-1.41035,-1.88949,0.957489,-0.352289,0.459149,-0.84533,-3.81282,-3.91377,-37.576,-959.408,-298.168,6860,-2940,2100
-9.01453,-9.2671,-6.63356,-9.34663,-8.69971,-4.95944,-9.20926,-1.54261,-8.52196,-7.13392,-4.36416,-8.81812,-5.48599,-6.76247,-8.68169,-7.76025,-37.576,-959.408,-299.144,6720,-2800,2240
-3.31476,-5.6307,-0.853787,-4.5634,-1.26427,-0.618681,-3.58269,0.960164,-6.94658,-0.195917,-0.941154,-2.84196,0.421979,-0.895069,-6.65708,-1.68823,-39.528,-959.408,-299.632,6720,-2380,2100
-4.94472,-7.17525,-3.61346,-10.1319,-6.88389,-4.94502,-11.561,-6.67916,-6.86769,-2.68536,-3.31107,-5.96096,-0.621543,-5.40143,-15.5408,-9.99109,-38.552,-957.944,-297.68,6720,-1820,2520
-8.44911,-9.55599,-7.20027,-12.0985,-6.95189,-1.53425,-8.63848,-0.406634,-10.1897,-8.66124,-5.33754,-8.1379,-2.49933,-4.96681,-14.5283,-5.55839,-40.504,-958.432,-297.68,6580,-1680,2380
-13.8721,-14.3175,-12.5734,-14.2769,-10.7104,-4.40082,-10.1787,-1.84104,-14.7178,-15.1987,-11.733,-12.7151,-7.26333,-8.85782,-14.3245,-7.10617,-40.016,-957.456,-297.192,6440,-1400,2380
-20.9446,-22.6536,-16.1581,-21.3977,-17.6053,-8.69567,-16.9538,-8.17319,-24.8801,-18.6628,-12.1717,-20.0125,-8.93675,-15.0749,-18.9412,-13.6254,-39.528,-955.016,-293.776,6580,-1120,2520
-14.5097,-16.0119,-9.8053,-10.9336,-8.90961,-4.77514,-6.19827,-3.56904,-17.6025,-10.6153,-5.72296,-12.7518,-4.64104,-9.08245,-6.68405,-4.77159,-44.408,-956.48,-296.216,6300,-840,2380
-5.51162,-4.83397,-3.94272,0.862123,-0.26265,-2.75683,2.5592,-0.367549,-5.55233,-2.19328,-1.7102,-3.91328,-2.78465,-2.70315,3.20188,-0.0751197,-43.92,-959.408,-296.704,6300,-560,2380
-2.27177,0.939263,0.658794,3.93025,2.25838,-0.38028,3.01592,-1.01518,-1.31589,1.75921,1.83012,1.04852,1.55215,0.669326,2.1922,-0.386264,-45.872,-958.432,-298.656,6440,-280,2380
1.5731,3.82741,1.70094,3.90611,-0.0275717,-1.20877,-0.91481,-3.88795,4.45735,3.33204,3.77253,3.26,2.4062,0.20874,-1.49138,-3.78872,-46.848,-958.92,-292.312,6160,-420,2380
3.13719,2.62422,0.908426,3.57387,-0.219642,1.29639,-0.704486,1.06394,6.11012,2.96967,4.55118,2.12568,2.59945,1.4394,0.510742,-0.751723,-45.872,-957.944,-296.216,6580,-280,2240
5.99015,10.3656,2.06351,11.0922,5.35753,3.26893,3.65959,5.88046,9.9012,3.43788,2.52263,6.08443,1.00848,4.60243,4.13112,5.55008,-49.776,-955.992,-295.24,6440,-420,2100
4.16767,7.13805,3.70237,3.22939,2.58263,0.998384,-0.575361,1.09755,6.30678,3.05653,0.977894,4.88103,0.225799,3.52668,-3.91435,1.70752,-51.728,-959.896,-298.656,6720,-840,2240
2.71428,-0.661946,3.29382,-1.96526,1.87751,1.79612,1.62074,1.53219,2.12817,2.3202,2.24308,1.90151,0.870842,2.59685,-0.539452,3.05639,-49.288,-959.896,-293.776,6860,-980,2240
-0.0692404,-2.48868,-0.202396,-2.11846,0.253735,1.00523,1.90446,2.05822,0.591386,-2.44895,0.172296,-1.8469,-0.393995,0.871817,2.52332,3.19269,-50.752,-957.456,-301.096,7000,-1260,2100
0.979732,-4.63423,0.650598,-4.8146,-4.06937,-1.9003,-4.41185,-5.23815,-1.5956,-0.686931,0.632649,-3.08691,-0.723214,-1.48442,-1.18358,-4.10293,-48.8,-957.456,-298.168,6720,-1400,1960
6.29566,4.57954,7.26538,4.815,5.71096,4.54899,7.16175,2.31596,5.57683,4.11986,4.34748,5.18702,3.47707,5.14548,8.56561,6.12022,-50.752,-958.92,-295.24,6720,-1680,1960
1.68907,5.51318,2.64395,4.33483,4.10501,1.13567,3.29714,-2.95175,5.65049,-3.34822,-4.64151,2.47502,0.0374508,2.81795,5.85456,0.908927,-49.776,-956.48,-299.632,6720,-1820,1540
9.66889,13.8123,4.90326,10.044,7.33937,0.686421,6.03875,2.17542,13.3641,6.14946,2.70598,9.07956,0.893221,2.64874,11.7804,0.778441,-50.752,-958.432,-296.216,6720,-1820,1540
5.15944,4.81281,1.68117,2.81542,1.64788,-2.35284,2.88552,0.920171,5.99451,5.2966,2.36174,2.77846,-0.624276,-0.65994,7.63195,0.466112,-48.8,-955.992,-298.656,6580,-2100,1540
2.3691,3.45965,2.58709,3.44007,3.17545,1.60112,3.30302,2.60065,1.88271,5.10893,2.21891,2.71931,1.88222,2.42338,6.24373,3.93156,-51.728,-957.944,-296.216,6580,-1820,1400
-1.07695,1.46824,-0.767745,3.10189,2.0004,1.25563,4.82815,4.05307,-1.16538,-0.71875,-3.01205,-0.449287,-1.43152,0.596659,6.29814,5.33586,-46.848,-955.504,-299.144,6720,-1960,1400
3.93607,3.12716,-0.561568,4.67637,3.0333,0.786493,5.15649,2.03993,-0.0362849,1.3769,-1.61735,2.19135,-1.7907,0.647297,5.76467,3.39828,-47.336,-957.456,-296.704,6440,-1960,1540
2.60123,0.724065,-0.739155,0.144049,0.147283,0.583389,-0.535985,-0.769178,-1.97629,1.54889,-0.155341,0.79189,-0.938812,-0.184608,-1.68204,-0.230844,-48.312,-957.944,-296.216,6440,-1820,1540
-1.20002,-4.95669,-2.00045,-8.20766,-5.48684,-0.762411,-8.3448,-2.83847,-5.55394,1.09563,0.529411,-3.17995,-0.235467,-2.01814,-12.2096,-4.59124,-48.312,-955.504,-297.68,6580,-1820,1680
-7.02092,-15.9376,-4.4441,-18.1334,-10.1163,-0.830134,-9.90774,0.305132,-13.8386,-1.86532,-0.596061,-8.8346,-1.21245,-3.12858,-19.9909,-2.67039,-47.336,-955.504,-295.24,6440,-1820,1680
-13.7904,-21.7579,-3.17964,-18.884,-6.81437,5.08341,-6.68632,3.55584,-23.8149,-6.1771,-2.14438,-10.3467,2.52912,0.92207,-20.6136,2.20255,-48.312,-953.552,-296.704,6580,-1260,1960
-19.8495,-20.9243,-6.86954,-17.2426,-10.2773,-1.02119,-10.2347,-3.7239,-24.1441,-11.8647,-6.73103,-12.8531,-1.31484,-4.58426,-16.4045,-4.38449,-48.8,-953.064,-299.144,6160,-980,1960
-5.35089,-5.37286,0.639266,-1.33107,-2.8925,-2.2176,-2.46841,-4.6758,-8.92518,-0.296727,2.48658,-2.00336,2.53587,-3.62687,3.5408,-5.99181,-50.264,-953.552,-300.12,5600,-700,1540
7.9953,11.0871,5.29876,12.8559,5.3842,-0.919905,4.98302,-1.30055,11.5921,6.19681,4.31905,8.88391,3.60419,1.16771,14.2515,-1.65857,-52.216,-954.04,-296.216,5040,-420,1680
7.62288,16.9658,3.02458,18.3282,8.91946,1.96152,8.62336,2.34524,17.8272,1.82281,-0.100862,9.02244,2.12351,5.17986,16.6176,3.85254,-52.704,-954.528,-299.632,4620,-420,1540
8.12737,20.0924,5.49661,21.3248,11.9752,3.76021,10.4112,1.73168,16.1422,2.97404,1.64464,11.3654,3.84097,7.07181,16.6323,4.83712,-53.192,-957.456,-301.096,4480,-700,1540
4.15512,10.6293,1.66369,11.3304,3.65229,-2.35522,3.09295,-2.49457,7.81337,0.68915,-0.63642,5.83805,-1.3474,0.307542,6.27901,-1.01538,-50.752,-960.384,-297.192,4760,-980,1680
2.9424,4.83285,-0.248162,2.20687,-0.408457,-1.90019,-0.876167,-0.155623,5.19054,1.33308,-0.0507327,1.9718,-2.25867,-1.78577,-2.63757,-1.47529,-51.24,-958.432,-299.144,4760,-1960,1400
-0.146139,-3.51143,-2.92873,-5.54993,-3.56593,-4.10555,-2.8729,-2.65816,1.54844,-0.879779,-0.636922,-2.72538,-2.84618,-4.41595,-7.42281,-2.03369,-50.752,-961.36,-297.68,5320,-2800,1540
3.67141,1.37001,-1.13979,1.49991,3.10403,-0.920481,6.3139,0.512622,7.47299,-0.155873,-0.700868,1.84221,-0.687374,1.07417,3.15993,4.27399,-49.776,-959.408,-293.776,5600,-3920,1400
6.81733,4.4988,-0.709769,0.511789,1.73426,-0.581636,2.32433,1.77924,12.1142,0.436983,-1.23939,2.60616,-1.0022,0.0854929,-0.828424,2.70564,-48.312,-958.92,-289.872,5600,-4480,1260
7.77441,5.97332,0.41475,-1.37597,-0.461523,-3.64431,-4.13659,-2.16308,11.6337,2.77576,1.50649,2.48187,-0.656622,-1.44705,-4.03435,-3.55343,-44.408,-960.872,-294.752,5460,-5740,1260
5.10522,4.38283,3.02951,1.34678,3.37053,2.03399,2.78832,5.81474,7.34602,3.1025,3.03064,2.76074,1.45846,3.63896,3.2255,4.91598,-46.36,-956.48,-292.8,6020,-6300,1260
0.235826,-2.3694,-1.06816,-4.73556,-2.41763,0.556774,-2.02416,4.34908,1.95363,-1.70084,1.33845,-3.25612,-1.22528,-1.07083,-1.36678,2.16167,-44.408,-957.456,-294.264,6160,-6580,980
-0.694473,-3.85848,-3.64915,-7.88539,-5.68394,-1.75579,-7.31088,-0.509709,0.452572,-2.87362,0.277282,-5.29778,-2.81639,-4.29228,-8.1015,-1.76652,-44.408,-955.016,-298.168,6160,-6720,840
-1.54183,-0.951465,0.859221,1.35849,1.21498,3.79846,-1.26378,2.12172,-4.94589,0.0310372,1.86733,-0.131147,2.12319,1.61192,-1.82908,1.74313,-46.848,-954.04,-298.168,6580,-6580,560
-6.81969,-5.6575,-1.15277,0.84786,-1.21344,0.672217,-0.0720384,-1.04771,-13.3525,-0.736366,0.210824,-3.37513,0.106079,-0.603506,4.14709,-1.23606,-47.336,-953.552,-296.216,6860,-6580,560
-5.67914,-7.30875,2.57114,-0.266448,-0.156836,3.26132,2.61446,0.765375,-16.0006,4.11119,5.16283,-2.37241,2.73717,0.398045,6.96429,-0.602778,-46.848,-956.48,-300.608,6720,-7140,560
-16.0957,-15.0732,-6.90319,-9.93354,-8.5289,-2.54811,-5.85419,-5.31102,-18.5171,-9.35018,-6.05634,-11.1198,-4.64165,-6.73605,-4.08302,-8.92776,-49.776,-953.552,-297.68,6580,-7140,280
-12.5246,-12.1618,-3.37458,-5.82668,-1.92595,2.88427,1.72457,1.10875,-13.1143,-6.24824,-4.60874,-6.35098,-1.75798,0.881001,0.589954,-0.585663,-48.8,-953.552,-295.728,6720,-7140,140
-4.67025,-5.78657,-1.0991,-5.3027,-2.38971,-0.128374,-1.08062,-4.51967,-4.72066,-2.2024,-2.95766,-3.04634,-0.724616,0.657994,-2.21615,-4.9047,-48.312,-956.48,-294.264,6860,-6860,140
-1.24295,-2.95768,-3.17075,-7.78597,-5.52894,-3.14271,-4.17501,-3.52492,-0.858193,0.184197,-1.96649,-3.32718,-2.92507,-1.89828,-8.90377,-5.1976,-48.8,-953.064,-298.168,6860,-6580,280
1.67963,2.31792,2.74879,0.158256,1.67094,-0.0112691,0.625252,0.687855,-1.38637,6.08832,2.88862,2.25552,0.549528,2.02843,-4.47338,1.76364,-46.848,-958.432,-295.24,7000,-6580,280
-3.8905,-0.988553,4.56935,1.80937,4.73566,1.14585,4.19136,-0.0741674,-8.30417,1.46962,1.2265,0.69156,3.90969,3.54445,0.680288,4.81872,-49.776,-958.432,-293.288,7140,-6440,420
-2.56702,0.526052,1.24991,2.02334,2.10024,-0.817258,2.64309,-2.45376,-2.55753,-1.52648,-1.28684,-0.391786,0.698612,0.143445,2.16118,2.01088,-45.384,-959.408,-291.336,7280,-6440,560
1.56183,4.12833,-1.59272,0.692437,-1.86722,-1.67166,-3.01628,-1.96249,6.66483,-3.78982,-2.40625,0.254594,-1.02515,-2.82839,-2.10201,-1.95878,-48.312,-961.848,-290.848,7420,-6580,980
4.59068,5.27703,0.428074,3.56752,1.08318,-2.22916,0.350423,0.427603,8.46761,-1.10591,-1.33822,3.00061,-0.566265,1.29336,1.6019,1.60382,-46.848,-960.872,-288.408,7980,-6860,1400
13.5539,11.8897,6.64444,13.0062,9.21063,2.98269,8.23414,6.10216,16.3663,6.69851,5.67081,11.2908,3.80467,6.56125,12.1477,7.95962,-50.264,-957.944,-286.456,7840,-6860,1680
11.8255,9.75319,5.0662,11.0331,5.59685,2.52051,3.70986,1.51147,15.8384,3.49301,2.64942,8.2811,2.06322,2.33223,10.8917,2.48791,-50.264,-959.408,-288.896,7700,-6720,2100
10.8689,9.70996,4.13453,5.90625,1.2961,0.372413,-3.5517,-2.1283,13.4884,4.31578,0.954276,6.80604,0.748456,-0.942012,0.503044,-2.43103,-50.264,-956.968,-286.944,7980,-6160,2380
5.99395,6.83361,0.02355,1.29822,-0.943955,-0.569799,-3.82383,-1.17647,8.81678,0.651587,-2.30104,2.84363,0.897211,-1.53437,-3.88153,-1.90739,-50.264,-955.992,-288.896,7980,-5880,2380
7.85524,9.45505,0.0862193,8.40527,6.6862,0.99957,6.49746,3.94729,5.91887,4.19487,1.0985,5.85663,0.134771,2.87479,7.07941,4.68485,-50.264,-954.04,-290.848,8120,-5320,2520
6.09496,2.03159,3.86004,0.45729,3.53845,3.44708,1.50419,2.45911,-2.11169,7.45946,5.11959,5.03061,3.5945,3.99642,-0.798308,1.44213,-51.24,-954.528,-289.384,7840,-4900,2520
-5.46655,-15.1009,-5.49715,-19.5899,-10.801,-0.835626,-11.0662,0.37753,-11.9736,-4.22947,-3.99172,-8.94203,-1.51769,-4.83781,-20.9392,-3.92384,-53.68,-949.648,-290.848,7420,-4480,2100
-8.71739,-14.4096,-7.94327,-15.3635,-8.99746,-0.658111,-7.85146,4.83396,-12.1173,-7.76586,-6.07992,-9.44337,-2.81874,-4.24249,-16.8253,0.527381,-51.728,-951.112,-290.848,6720,-4620,1960
-5.69458,-6.03834,-4.08198,-3.14279,-3.97275,-3.61139,-4.33971,-1.1043,-7.93685,-4.67864,-2.49673,-5.04822,-1.19085,-4.08944,-3.15963,-3.57877,-48.8,-953.064,-290.848,6720,-5180,1680
-4.91531,-3.91516,-5.50096,-0.648795,-2.81386,-2.64472,-0.0896279,0.618715,-4.6936,-5.04278,-1.35276,-5.46966,-3.22567,-3.57911,2.42496,-1.81322,-53.192,-950.624,-292.312,6860,-5880,1540
0.698071,2.85665,-0.629644,2.88607,0.487179,0.797851,1.17887,1.70244,5.30568,0.0045165,2.14149,0.528346,0.76715,-0.397941,2.79248,0.0810745,-52.216,-955.016,-289.872,6440,-6580,1120
3.4801,7.809,6.0861,8.01038,4.3086,1.08674,3.29387,-0.153736,7.76455,4.43825,5.36493,6.4484,2.6755,2.92058,6.39026,-0.628415,-51.728,-956.48,-294.264,5740,-7000,560
-8.83119,-8.12523,0.529486,-4.73087,-6.17767,-3.67038,-3.94554,-8.24548,-6.84302,-1.51515,0.918644,-5.75053,-1.48973,-2.84924,0.974626,-8.29359,-46.36,-952.088,-291.824,5740,-7280,420
-7.71328,-4.66434,-0.149861,-2.12853,-1.74165,-0.814926,2.80105,-1.43977,-3.81052,-2.18028,-0.938188,-4.95954,-0.982877,0.368158,3.76788,1.28217,-48.8,-948.184,-290.36,5740,-7560,280
-6.75256,0.000817083,-2.58733,2.52631,2.57437,0.034222,8.05276,2.62056,-2.3765,-3.60057,-3.78832,-3.43479,-3.33654,2.36215,6.00934,8.07466,-46.36,-953.552,-293.288,5740,-8260,280
0.623073,5.86575,3.485,8.52382,9.21649,3.92097,10.0757,2.83999,0.788481,5.18779,4.34883,5.02118,2.88473,5.24635,9.37861,7.43136,-44.896,-950.624,-293.776,5740,-8260,420
-1.24086,-1.55209,-0.372592,-0.285903,1.36485,-0.602438,1.67694,-4.04042,-3.22598,1.8892,2.67819,-0.14394,-0.764887,-1.42139,0.677612,-0.996029,-47.824,-951.6,-294.264,5880,-8540,560
-5.49107,-7.24818,-1.0925,-3.80718,-0.544737,1.86483,0.0783267,0.518229,-12.5546,0.355513,1.29052,-3.69159,-0.039723,0.561429,-3.39686,2.44802,-45.872,-949.648,-295.24,6020,-8400,980
-5.5112,-2.11567,1.12504,-0.336101,3.09451,2.74624,0.218125,0.00781622,-10.2881,-1.44654,-1.31891,0.481504,1.10223,4.33355,-2.2955,3.74045,-49.288,-949.648,-297.68,6020,-8120,1260
-0.0621634,2.18766,1.47462,-0.408621,1.59861,0.936697,-2.30398,-3.01106,-0.148204,-0.301844,-0.61084,2.46904,1.25692,2.42113,-0.420317,-0.628143,-49.288,-951.112,-297.192,6020,-7560,1680
3.70775,4.77696,-0.185671,0.904403,-0.14216,-1.23756,-2.10506,-2.14658,5.04014,-0.773156,-1.96265,2.6843,-0.244073,-0.313789,2.08622,-2.62612,-53.68,-950.624,-300.12,6020,-6580,1540
4.47573,1.80276,-3.39113,-1.40582,-1.95839,-2.08401,-1.27977,0.224808,5.41465,-2.31473,-3.9826,0.151612,-1.1376,-1.63137,1.39407,-2.99589,-55.144,-953.552,-295.728,6300,-5600,2100
5.44655,1.68225,-3.17408,-2.32958,-3.7676,-4.89034,-3.07748,-2.75484,7.34956,-0.811328,-2.0852,-0.655875,-2.49804,-3.964,1.0058,-5.98069,-59.048,-953.064,-299.632,6160,-4480,2380
6.8111,4.71947,1.76751,1.26093,-1.78935,-2.42495,-2.0977,-2.92715,7.2812,3.12175,2.44205,1.38987,0.914758,-3.25818,0.772643,-5.735,-57.584,-955.016,-296.216,6300,-3500,2380
4.65549,3.52849,2.91126,2.73375,-0.0318945,1.26213,0.363446,0.00858935,5.4343,1.67389,0.650603,1.93951,1.47564,-0.276149,-0.160356,-2.19542,-59.536,-952.088,-299.632,6160,-2380,2380
2.46232,1.96665,3.28607,2.07518,1.75948,4.26685,3.34031,4.53015,3.9063,1.15323,0.600284,3.17435,1.56659,1.22468,0.616197,3.14368,-61.488,-952.088,-299.632,6020,-1820,2380
-0.835339,-1.88101,0.293777,-1.58255,-2.30818,-0.199108,-0.890993,1.71467,-0.144037,-1.53951,-1.77,-1.00705,-2.15861,-1.911,-3.0231,0.119472,-61,-952.576,-298.168,5880,-1260,2520
1.66322,0.212238,-0.623118,1.5921,0.0146519,-0.342116,-0.16749,1.40731,2.04173,-0.735238,0.486777,7.49758e-05,-2.33938,-1.06637,-0.185683,-1.65999,-63.928,-952.576,-296.704,6020,-980,2380
3.57055,0.335112,1.71618,3.2468,3.6465,4.90322,3.4116,5.8107,1.04374,2.22651,2.67854,2.37055,2.85611,2.65782,2.25404,3.81431,-61.976,-952.088,-298.656,5880,-980,2240
-2.8483,-4.16849,-2.01187,-3.33978,-4.34406,-0.362059,-4.91952,-0.820041,-2.59222,-2.57753,-1.97055,-3.60627,-0.131475,-3.77257,-5.44315,-1.22636,-64.904,-954.528,-291.336,5320,-980,1960
-2.12891,-2.01491,-1.13845,-0.13372,-1.41536,-0.645409,-4.06108,-0.20061,-2.03532,-0.388536,-0.129643,-2.24303,0.058525,-1.91203,-4.62371,0.332168,-59.536,-952.576,-295.24,4900,-1120,1680
4.74517,5.60221,1.5024,7.13209,5.14676,-1.53585,0.379967,-1.43767,8.12032,4.01789,2.05763,4.92904,1.17686,2.30464,2.96285,0.48222,-58.56,-956.48,-293.776,4900,-1120,1260
0.846992,2.80753,-1.12385,0.915513,0.844612,-1.55698,0.768009,-1.43857,8.53513,1.06267,-1.2875,1.71641,-0.197587,1.59871,1.35245,-0.680095,-58.072,-955.992,-293.776,4760,-1960,980
-3.4008,-6.12221,-2.08668,-8.13057,-2.40343,0.0333874,0.412692,1.45424,-3.1073,0.617125,-0.885025,-2.8326,-0.801808,1.22486,-3.6663,2.53811,-57.096,-957.944,-294.264,4480,-2520,700
-3.25003,-6.0351,0.178827,-7.11625,-2.92094,-0.324063,-2.39579,0.424219,-4.06848,1.15471,0.227705,-1.93015,0.585542,2.11962,-5.82681,0.153299,-54.656,-959.408,-293.288,4760,-3220,280
-0.621498,0.673011,2.71978,0.402207,1.02361,1.18525,-0.18233,1.42441,-3.24998,2.25908,1.84624,1.44375,1.4775,2.75849,-2.12323,1.20047,-53.68,-958.92,-291.824,4340,-3780,140
-0.506699,-0.783296,1.54254,-3.77225,-0.457454,0.712633,-0.434631,2.40204,-3.05098,-0.60888,-0.878584,-0.151857,0.211151,0.140807,-5.41204,2.37932,-50.752,-958.432,-292.312,4340,-4340,-420
-3.37557,-3.36664,-1.50069,-6.76739,-3.22769,-0.705992,-2.63588,1.83015,-4.14558,-4.3931,-4.15424,-2.71641,-2.07465,-1.53068,-7.29703,1.53736,-49.776,-956.48,-291.824,4620,-5040,-420
1.83356,4.48198,5.24643,4.91637,5.64365,3.81195,2.17567,1.65445,-0.655848,1.88478,2.4921,4.61189,3.93028,4.65516,4.19785,3.64907,-47.824,-959.408,-290.848,4480,-5600,-560
5.60666,9.17053,4.11555,11.8789,6.0163,-0.064508,4.37997,-3.11806,7.21379,3.63803,4.6586,6.01679,2.50806,1.57963,13.5314,0.880253,-48.312,-957.944,-289.872,4340,-6160,-840
3.93246,6.3207,1.34267,10.7848,6.25965,0.80647,6.93409,0.587928,2.58899,3.63574,7.2535,3.86401,1.99884,-0.435626,13.5852,2.88873,-46.848,-960.384,-289.872,4200,-6440,-980
0.820984,-0.766544,-3.39393,-0.584966,-2.35567,-4.16331,-2.43496,-5.40415,-0.198361,-0.957038,2.88084,-3.05514,-3.09848,-5.27106,-0.776518,-4.62417,-45.872,-959.408,-294.264,4340,-6860,-1120
2.11959,4.43323,-4.02788,3.64857,-0.686224,-1.1569,-1.47635,-4.39366,4.42032,-2.62951,-0.852697,-0.689312,-1.62366,-2.80747,0.608939,-5.03396,-45.384,-956.968,-292.312,4200,-7560,-1260
-7.64013,-3.10164,-6.64241,1.14654,-1.93504,0.0606751,1.14301,-1.27969,-8.58214,-6.85928,-5.15963,-6.4769,-2.39798,-2.86322,3.40538,-0.791777,-42.944,-959.408,-290.36,4200,-7560,-1540
-13.8802,-7.76112,-1.80405,1.33184,0.423612,0.448408,4.51229,-0.757517,-19.2395,-4.8911,-3.65466,-5.68228,-0.652681,1.24601,7.23127,2.20173,-44.896,-959.896,-293.776,4760,-8260,-1400
-15.4407,-11.9571,-1.37803,-5.5613,-2.46314,0.000966849,-1.39656,-4.44317,-21.1182,-7.89676,-6.31647,-6.7559,-0.110842,2.20643,-2.95007,-2.25117,-43.432,-958.92,-292.312,5040,-8540,-1260
2.18265,-0.233281,-2.33559,-3.13398,-1.41305,0.67524,2.10178,3.82551,1.25527,-0.31156,-1.34693,0.00284799,-3.37171,0.0457753,-2.31678,3.23537,-39.528,-958.92,-291.824,5040,-8960,-1260
5.4083,-1.94286,-1.45814,-7.84538,-3.66276,1.79554,-1.11393,5.92021,5.2294,1.484,-1.53646,0.0138822,-2.76014,-0.444742,-8.42252,2.94951,-39.04,-959.408,-289.384,5180,-9240,-840
5.16305,-4.9303,2.16705,-9.96835,-3.50463,2.21159,-2.47168,5.51274,2.85313,4.00971,2.38382,-0.0765645,-0.105079,1.16529,-8.1917,2.57399,-38.064,-958.432,-291.336,4900,-9520,-700
1.09018,-6.29881,2.72553,-9.81572,-6.43758,-1.88657,-8.01419,-2.15914,-0.00960416,1.87672,1.18496,-2.41206,1.57916,-0.963613,-10.0484,-5.15937,-38.064,-958.432,-290.36,5040,-9380,-140
0.124049,-3.29966,1.81488,-8.15075,-4.52801,-1.80752,-7.45466,-1.86779,0.552534,1.04077,2.33126,-2.2736,2.61386,-2.2443,-11.271,-6.02538,-38.552,-957.944,-296.216,5320,-9240,0
3.38663,2.11473,1.2105,-4.27869,-2.64183,-3.68199,-6.53576,-4.61501,5.28407,0.94995,0.440441,0.277508,-1.1374,-3.95901,-10.7671,-7.03722,-39.04,-957.944,-293.288,5180,-8820,140
3.06603,3.5875,1.14687,2.42306,1.45081,-2.23907,-1.06923,-3.98929,3.33138,-0.0877769,-0.930298,2.31379,-0.690399,-1.11525,-1.23694,-3.51816,-40.992,-958.432,-291.336,5460,-8260,700
7.39727,9.97437,2.49259,11.8804,7.19283,0.491916,7.26839,1.15164,8.81082,2.85175,0.226648,6.94795,1.40334,2.70056,13.314,2.52565,-39.04,-958.432,-294.752,5040,-7560,700
3.8964,6.98963,1.16903,8.53346,2.75046,-2.7156,1.02266,-2.99561,6.46277,0.163394,-1.98686,3.84817,0.358412,-1.04378,8.83971,-3.35581,-40.016,-955.504,-293.288,5460,-6300,1120
0.228648,5.59083,0.920465,10.5985,4.52283,-0.504265,5.89502,1.85536,3.31519,-1.04099,-1.86913,3.89939,1.63544,0.945653,13.7533,1.84385,-41.968,-955.504,-290.36,5180,-5460,1400
-1.64141,2.71351,0.244561,7.71695,4.78157,0.41976,7.17072,2.57276,1.07821,-2.48781,-3.37923,1.9875,1.46436,2.71741,12.9965,3.67822,-40.992,-955.504,-294.752,5180,-4340,1540
4.3536,8.36741,2.23032,9.00764,7.71627,3.58789,8.92526,6.74781,7.27593,2.19099,0.658259,5.89211,1.62263,5.80139,12.6288,6.77891,-42.456,-955.504,-291.824,5180,-3360,1960
3.15644,7.60174,1.28771,6.27643,4.04507,2.31242,3.78625,2.75534,6.99559,3.01882,2.24955,5.31034,0.77808,3.57165,7.4988,2.66607,-42.944,-956.48,-293.288,4620,-2800,2100
-0.0632608,1.39935,-2.02318,-0.413854,-0.280082,0.688881,1.58365,4.1474,4.52848,2.61327,3.59779,0.902528,-0.48119,1.17601,0.665217,3.76703,-44.896,-960.384,-293.288,4620,-1680,2240
-1.49249,-5.51007,-1.99062,-6.72486,-3.35614,2.40504,-1.83681,4.59184,0.594487,4.41382,5.25558,-2.1645,1.84689,0.542415,-8.6502,4.19918,-45.872,-959.896,-291.824,4480,-1400,2380
-9.76381,-11.9122,-5.88107,-10.8463,-7.55728,0.528305,-7.57574,-1.875,-8.22774,-2.8228,-0.302338,-8.365,-0.34126,-3.53476,-13.1476,-3.66684,-48.312,-955.992,-289.872,4480,-840,2380
-7.66028,-7.4277,-5.97234,-6.6908,-5.84652,-2.43124,-4.27702,-3.98528,-4.9413,-2.36567,-0.129839,-6.36648,-2.66734,-5.1033,-6.6489,-4.15662,-49.288,-957.944,-290.848,4480,-140,2380
1.45683,-0.555276,0.224296,-2.30772,-0.481309,0.408569,-0.861825,-0.849868,1.78712,5.81404,5.94866,0.565995,0.211326,-2.08088,-2.90027,0.0304053,-51.728,-960.384,-289.384,4340,420,2380
0.615978,-1.88439,-0.83668,-6.6618,-5.10456,-1.50856,-7.8346,-5.55464,0.386052,1.37606,0.607467,-2.62052,-2.1045,-3.75069,-11.0531,-5.13089,-54.656,-956.968,-290.848,4200,980,2240
4.62246,3.39785,3.53089,1.72376,2.52712,2.74615,0.482949,-0.844575,0.956658,2.94941,0.904424,2.95436,0.856375,1.9993,-2.62631,1.76518,-54.168,-958.432,-290.848,4620,1120,1960
6.41151,2.43915,3.92278,2.08764,2.32942,-0.260999,0.238476,-3.33291,0.446852,2.14528,-0.660214,2.67865,-0.571531,1.21574,-0.356631,1.03174,-55.632,-959.408,-290.36,4480,1400,1820
-5.85801,-2.9541,4.05622,2.949,5.38976,5.30451,6.42701,2.41062,-10.807,-7.28343,-7.03329,-1.40255,1.68438,6.95135,5.47494,7.31165,-54.656,-960.872,-289.384,4480,1120,1540
-21.2055,-18.3288,-4.5876,-9.86814,-5.60749,1.04553,-4.85736,-3.60709,-26.5318,-16.6955,-12.443,-14.2937,-1.5202,-0.638351,-5.53277,-2.29607,-56.12,-959.896,-294.264,4620,980,1260
-12.7734,-13.0707,-5.75178,-9.74682,-8.99706,-5.53549,-8.97161,-7.13215,-16.2304,-8.85583,-4.95885,-11.6381,-3.99463,-6.64244,-7.53268,-6.81286,-54.656,-958.432,-292.312,4620,700,840
1.62809,0.395136,-0.745986,2.01228,0.116255,-1.88298,0.880548,-0.114921,-1.87251,0.266669,1.31144,-0.755724,-1.56635,-1.76914,3.15931,1.48477,-57.096,-956.48,-288.896,4620,0,700
9.62139,8.19011,3.01398,7.02401,4.93557,0.330806,1.31483,-0.576948,7.10687,4.76675,5.86361,6.41379,2.97268,0.826891,5.73882,-0.350048,-56.12,-956.48,-288.408,4340,-560,560
12.2708,14.8226,4.06834,13.7966,10.2052,1.9442,7.82598,3.36907,13.536,3.41269,2.2082,11.1851,1.45735,3.97404,12.2664,4.52198,-58.072,-955.016,-287.92,4480,-840,420
14.3476,13.3787,3.95958,10.6025,5.96201,0.916011,4.52955,3.74475,13.6922,5.56063,4.95358,9.94063,0.360335,1.24154,7.26675,2.8226,-55.632,-956.48,-287.92,4480,-1540,140
4.98228,6.58339,0.355816,3.5359,-0.366218,-0.796448,-1.3031,2.04792,8.21435,-2.12612,-2.23011,2.9902,-2.04963,-0.889251,-0.533931,-1.46183,-54.656,-957.456,-292.312,4340,-2380,-140
8.33074,8.40846,2.73853,6.04961,3.35764,1.92537,3.205,5.80374,10.1549,4.05635,2.84012,6.32887,0.722587,2.40122,2.96227,1.6769,-55.632,-957.944,-287.432,4060,-2800,-140
2.47556,-2.54375,-0.748252,-1.96327,-1.77203,-1.55287,1.38269,3.36045,3.1226,3.39641,3.31266,-0.628383,-1.02806,-1.73623,2.12112,-0.623808,-54.168,-952.576,-286.944,4060,-3080,-280
-3.31253,-6.97914,-0.590515,-6.57495,-3.96123,-0.632823,-1.06484,1.71692,-2.4943,1.82159,2.10616,-3.12978,-0.217309,-1.81608,-0.661941,-1.22128,-52.216,-955.504,-290.36,3780,-3220,-280
-4.42837,-2.85958,-0.281886,-3.78263,-3.15716,-1.46506,-1.80502,-0.753796,-1.41316,2.0022,1.31417,-1.8106,-0.0615223,-1.05344,-2.12339,-1.62024,-51.728,-955.016,-288.408,3920,-3640,-140
-3.38578,0.807482,0.855866,-2.14605,-0.122955,-1.17578,-0.796466,-0.456409,1.42548,2.02039,0.620045,0.403014,1.86307,1.48478,-4.45151,0.0874871,-51.728,-953.064,-286.944,3500,-4060,-280
-4.7128,-1.93486,0.63357,-4.19763,-0.895347,-0.791552,-0.0500167,0.0358077,-2.35393,-0.839422,-0.621414,-1.18932,2.62015,0.524033,-3.16611,-1.26719,-49.288,-955.016,-289.872,3780,-3780,-140
-8.42355,-5.87819,-3.08652,-6.60267,-5.23472,-3.4542,-3.52049,-3.51032,-7.43772,-5.61091,-5.18374,-5.88168,-0.0272691,-4.01793,-5.84076,-5.73205,-50.264,-957.456,-289.384,3640,-3640,0
-2.66603,0.412568,2.05815,0.627259,0.900518,1.04532,0.11072,-1.85171,-3.1832,-0.362536,-1.04936,0.195828,3.73968,2.24719,-1.32869,-1.82164,-50.264,-954.04,-290.848,3640,-3780,0
-2.8333,-2.71286,1.27658,-0.946358,-0.802897,0.976139,-0.352415,-0.671722,-4.55902,-0.114574,-0.212034,-1.54009,2.3388,1.31197,-2.58758,-1.47178,-49.776,-954.04,-289.384,4060,-3920,0
0.126767,-3.05031,-0.220167,-3.29438,-2.5889,-1.41604,-1.31288,-2.00835,-0.636901,1.65765,0.616338,-1.2491,-0.698885,-0.359742,-7.39715,-1.27753,-50.264,-954.528,-288.408,3920,-4200,280
-0.165668,-6.48576,-2.89611,-7.48038,-4.37666,-1.59256,-2.81175,-2.53324,-2.14763,-1.38401,-2.13116,-4.36361,-1.80056,-1.02752,-8.85092,-0.9242,-49.288,-956.48,-291.336,4200,-4340,420
-0.668649,-3.42934,-4.33274,-4.67377,-1.22956,0.113707,-2.12392,0.073567,-2.23446,-3.18886,-3.53126,-2.82567,-2.69638,-0.795705,-4.85849,1.18634,-52.704,-956.968,-291.824,4340,-4480,420
2.97125,3.43925,-1.97411,4.0105,3.7583,-0.304201,2.2773,1.58683,4.44637,-0.88643,-2.14194,3.23986,-4.23942,1.41924,6.84276,4.02595,-52.704,-956.968,-292.8,4620,-4340,420
4.44492,5.08629,-0.597992,6.9749,4.45818,1.3579,4.36492,3.46846,5.21558,2.80604,1.48546,4.94696,-2.05579,1.65283,11.3432,4.50918,-52.704,-956.48,-289.872,4340,-4620,560
-1.17125,-2.99685,-2.79274,-2.86064,-3.45933,-2.26002,-3.46241,-4.17367,-1.86579,1.47932,0.510711,-1.62197,-3.06055,-3.04279,0.870414,-2.76311,-50.752,-956.48,-289.384,4480,-4200,420
3.36331,4.27375,3.70781,4.77888,3.78133,4.33768,1.81405,0.367785,2.81364,4.93431,4.13017,5.429,3.7819,3.9715,5.72916,1.66199,-50.264,-958.432,-289.872,4480,-4060,280
-4.51405,-2.37967,-2.95423,1.83053,0.00682015,2.98426,2.05966,-0.20737,-2.84793,-5.83507,-5.61631,-3.32395,0.392406,-0.195228,5.04447,0.863346,-51.24,-956.968,-289.872,4620,-3920,420
3.02659,4.17933,-0.813566,5.63471,2.33351,3.25913,5.81811,2.01718,3.7386,0.0535649,0.374658,0.532652,2.04169,0.139197,8.58669,2.77347,-51.24,-956.48,-287.432,4340,-3780,280
5.50499,12.0363,1.95595,12.632,6.52816,1.7927,5.71623,-0.35962,5.94307,0.49629,0.515088,6.71009,2.24794,1.60851,10.5971,-0.0178641,-52.704,-957.456,-288.408,4200,-3360,0
5.03772,7.95736,2.809,9.55218,6.10334,1.13018,5.60037,3.04447,2.53049,1.79382,2.61062,5.14189,2.19633,1.61656,7.80255,2.78969,-49.288,-955.016,-292.8,4200,-3360,140
3.38939,1.35535,2.17124,1.95936,2.4265,1.36608,1.52018,2.39911,-0.197618,3.5698,4.43673,1.05932,1.72425,-0.356084,-0.486208,3.19938,-50.264,-958.92,-288.408,3920,-3220,0
-6.56483,-9.29833,-1.65783,-11.2502,-5.38476,-0.619563,-6.42599,-0.252879,-8.92683,-1.91046,2.11945,-7.1224,-0.338933,-3.8246,-11.9286,-0.594831,-52.704,-957.944,-288.408,3640,-3080,-140
-10.1747,-11.9221,-3.03052,-12.1907,-7.1819,-2.33304,-8.44404,-1.4166,-9.22859,-5.78259,-2.04882,-8.49333,-2.50226,-2.8851,-10.8221,-2.16699,-50.752,-958.92,-286.944,3500,-3220,-140
-9.90046,-8.77956,0.173442,-6.38558,-3.90829,-1.93164,-4.98088,-2.7447,-8.10791,-4.50334,-0.891737,-6.03904,-1.35618,-0.890396,-3.84075,-3.01589,-53.192,-956.968,-290.848,3360,-3080,-140
-2.37876,-0.510385,-0.358072,-0.841688,-2.07353,-5.08423,-1.69061,-5.8646,2.51528,-2.01634,-0.358075,-2.25776,-4.14852,-1.86318,0.742842,-4.27368,-51.24,-956.48,-288.408,3080,-2800,-280
7.09545,9.35353,3.60421,7.89362,5.99224,-0.395164,4.5752,0.172999,9.93237,2.89323,2.81279,6.31963,-0.481012,3.35382,6.10782,2.33592,-51.728,-957.456,-289.872,3500,-2940,-280
0.918094,0.583977,-0.487329,-2.87405,-1.38886,-2.12005,-2.41919,-0.489206,0.429429,-4.14382,-3.9926,-0.631765,-2.41929,-0.132946,-5.68537,-0.416552,-53.192,-954.528,-286.944,3360,-3080,-140
1.58275,-2.3298,-0.948956,-7.37524,-4.84977,-0.133015,-6.52008,0.970842,-1.27608,-2.60938,-2.64307,-1.67381,-1.69528,-0.952814,-12.6374,-2.08591,-52.216,-952.576,-286.944,3360,-3080,-280
3.04007,-1.78657,2.84341,-5.6507,-3.38584,2.14885,-6.20057,3.53655,-0.897502,2.98463,2.6105,0.428189,2.12439,1.07979,-11.9623,-1.64325,-52.704,-953.552,-289.872,3500,-3080,-280
4.11651,-1.17514,2.58559,-1.91038,-2.60843,-0.58476,-2.04382,0.0221623,1.8489,4.22478,2.0099,0.222058,3.06267,-0.649856,-3.19832,-2.58538,-49.776,-953.064,-291.336,3360,-3220,-140
4.0424,2.61501,4.46216,4.74646,2.1973,0.885002,2.76377,-0.341918,0.644416,5.5848,3.64008,3.18184,5.50068,1.81516,3.0961,-0.235295,-54.168,-952.576,-288.896,3500,-3080,-140
-3.63597,-4.53203,-1.74117,-1.59641,-3.59383,-3.20273,-3.56227,-5.61972,-6.00687,-0.23227,-1.30384,-2.62181,0.52453,-3.03078,-1.32774,-6.14227,-54.656,-954.04,-289.872,3360,-3080,-280
-3.42988,-1.85214,-4.56821,1.49013,-0.506829,-0.746875,4.6964,4.22968,-1.07213,-1.73446,-2.86337,-1.67786,-2.24019,-1.60345,6.51055,3.28926,-50.752,-955.992,-290.848,3500,-2940,-420
1.31598,4.66147,-0.405563,8.4557,5.82334,2.60652,8.75526,6.2162,5.73564,0.790796,-2.09148,4.02362,-0.764546,1.69705,11.3236,7.82789,-54.168,-952.576,-291.336,3920,-2520,-420
6.7075,10.2184,4.04835,12.3551,9.70386,3.77711,10.3446,3.95167,9.31821,5.2581,1.05604,8.83306,0.113272,3.72801,14.0126,7.50398,-50.752,-955.992,-288.896,3780,-2520,-280
1.49429,3.80569,1.40356,6.89079,5.6513,3.23499,7.74928,2.4568,1.94186,1.07511,-0.199527,3.27526,-0.268738,1.92504,8.24477,4.87278,-53.68,-955.016,-293.288,3780,-2940,-560
3.07898,0.994261,0.907829,0.0194618,0.21063,0.121645,-1.01133,-4.25019,2.2272,4.79202,3.92084,1.76393,1.89335,-1.91633,-0.204436,-3.25392,-55.632,-956.48,-287.92,3640,-2800,-700
0.487971,0.195605,-0.850888,-3.71099,-0.878109,-0.890627,-4.74297,-4.68022,1.37666,1.25724,-1.3795,0.378517,0.212909,-0.393465,-4.87195,-4.27046,-54.656,-953.552,-292.312,3640,-3080,-700
0.706901,4.50459,0.62345,0.727971,3.87236,3.3814,0.798426,3.94669,4.18308,-0.159422,-1.38679,3.57335,0.602369,4.75525,-2.02165,2.8355,-52.216,-957.456,-291.336,3780,-3640,-560
-5.6166,-2.6086,-3.38585,-5.16379,-3.09556,-0.617481,-5.25464,-1.35717,-2.14306,-6.38799,-5.19143,-3.25668,-1.88919,-0.0454496,-9.15387,-2.60828,-53.68,-954.528,-291.336,3640,-4060,-700
-6.41368,-6.91359,-0.763978,-6.27318,-3.01782,2.33637,-3.16925,1.70239,-8.99358,-2.39096,-0.0635102,-4.31802,1.50072,0.899506,-5.82344,0.120276,-52.216,-955.504,-293.776,3500,-4200,-980
-7.07702,-7.90402,-3.93813,-7.58558,-6.79709,-4.56021,-3.67808,-3.857,-8.80968,-3.47049,-2.94083,-7.15468,-4.10135,-4.49711,-3.40375,-3.885,-49.776,-957.944,-295.728,3640,-4200,-840
-6.05503,-3.18123,-2.07636,-3.14241,-3.89124,-1.98876,-1.89908,-3.60406,-5.78086,-2.99302,-1.14195,-4.53643,0.197835,-2.15723,2.09485,-4.77477,-52.704,-958.432,-294.264,3780,-4060,-840
2.2782,4.06077,0.154972,0.811142,0.00456246,-1.2718,1.47049,0.133984,5.6961,1.4044,3.37179,1.44174,-0.324472,-0.614256,2.69225,0.244503,-51.728,-957.944,-292.312,3780,-4340,-840
5.21282,2.18861,-1.0087,-2.54479,-0.936201,-0.676098,1.04651,2.36225,8.90885,1.1558,2.312,1.75549,-1.54373,0.198044,-1.96266,3.70907,-51.728,-955.992,-292.8,3780,-3920,-700
3.35222,1.91953,0.296703,0.795554,1.31056,0.772576,1.62902,2.44811,5.4573,-0.914736,1.0413,1.44074,0.528594,1.92226,1.40947,3.37194,-53.192,-957.944,-290.848,3780,-4060,-700
6.45579,6.08567,2.77082,9.21509,5.34084,-0.513944,4.44957,-1.04554,4.11028,2.01932,2.83745,4.05315,2.41071,2.41025,8.5921,1.8265,-52.216,-954.04,-294.752,3780,-3920,-420
2.59091,3.14633,1.631,8.45585,4.35652,-0.39348,4.07582,-1.18515,-1.28842,0.979382,1.88207,1.77965,2.62567,1.09585,7.91006,1.1761,-52.216,-957.456,-295.24,3780,-3500,-420
-1.47183,0.162882,-0.409433,5.90873,2.94503,-0.121017,3.98146,2.30385,-2.29257,-1.20598,0.533781,0.15006,0.779348,-0.0609755,4.55944,2.08887,-49.776,-955.016,-294.264,3640,-3220,-420
-5.18027,-7.19827,-3.63191,-3.53824,-5.16503,-3.07549,-3.56022,-1.21592,-8.9611,-3.70152,-1.73244,-5.3956,-2.51501,-3.39494,-4.52573,-3.1841,-53.68,-956.48,-296.216,3500,-2940,-280
-3.1659,-6.36499,-0.462628,-3.55596,-2.63606,0.00598271,-1.77596,0.271845,-9.08397,-0.924275,1.90685,-2.9598,0.765763,-0.349625,-3.47021,-1.91825,-54.656,-957.456,-291.336,3500,-2800,-280
-0.0368428,-2.48407,-1.75857,-1.96333,-3.01813,-2.39032,-3.55399,-3.06815,-1.13539,0.280087,0.32506,-1.29847,-0.812746,-2.4449,-1.09718,-5.34422,-52.216,-957.944,-296.216,3360,-2380,-140
1.4706,2.96501,0.636604,1.04658,0.385615,-1.41762,-3.23106,-4.0016,3.66848,1.92237,0.552759,2.49642,0.476644,-0.0652625,-1.20215,-5.85739,-54.656,-959.408,-294.264,3500,-2380,-280
-4.36896,-3.39408,-1.66992,-3.51234,-0.390549,0.928643,-0.715413,1.18331,-2.8064,-2.54562,-3.19979,-2.08665,-1.33279,1.07898,-3.99508,1.10963,-54.168,-961.848,-288.408,3640,-2240,-140
-7.23472,-11.3016,-2.9809,-10.9398,-4.9617,0.650347,-7.21389,-1.65451,-7.95659,-6.62111,-6.2234,-6.89536,-2.73934,-2.24214,-11.6017,-1.72281,-57.584,-966.24,-285.48,3780,-2520,-140
-2.35919,-7.45348,0.366354,-9.83603,-4.07125,2.91241,-6.19084,0.225895,-2.90596,-3.63443,-2.67111,-4.95282,-0.621268,-2.29268,-9.96452,-1.63804,-56.608,-970.144,-283.04,4200,-2520,-280
1.69343,-4.87829,0.17844,-10.6171,-6.2137,0.102754,-6.97439,-0.505326,0.412501,-0.70665,-1.6759,-5.0153,-2.83171,-4.96762,-10.3727,-3.62391,-58.56,-968.192,-281.088,5040,-2800,0
6.59671,3.17268,5.09786,0.636631,2.90005,3.73428,0.850233,2.51398,2.11326,6.24735,3.67338,3.08231,1.2444,2.43086,1.45155,2.05322,-59.048,-967.216,-281.088,5740,-2800,140
6.43645,7.0683,4.61507,6.55129,4.90969,1.05168,3.64138,-0.734118,2.93522,7.18011,3.98225,5.14867,1.59815,2.15707,7.91011,1.01361,-60.024,-964.288,-279.624,6860,-2660,-140
3.56787,4.70645,3.60454,3.52912,2.0742,-1.31014,1.07252,-1.09827,0.211967,6.46208,4.16404,4.03979,2.2729,2.17449,3.20535,-0.120404,-58.56,-963.8,-281.088,7280,-2520,-280
4.34708,8.5546,3.82853,7.86301,5.50233,1.03811,8.03613,4.62473,4.54445,5.27823,3.1422,6.07455,3.072,4.24858,9.13049,6.0177,-59.048,-957.944,-280.112,7560,-2520,-560
8.35776,16.2141,6.02782,14.4667,9.81753,2.56145,11.369,4.37311,12.7643,5.36731,1.11608,10.5788,3.40773,5.64712,12.9219,6.7903,-57.096,-953.552,-283.528,7700,-2660,-980
1.96661,6.9678,0.978986,5.59887,2.07931,1.14883,4.02398,2.68597,6.60957,0.255023,-1.9445,2.98074,0.177341,2.00745,2.303,4.44941,-55.632,-950.136,-286.456,7420,-2940,-1260
1.55716,2.99018,0.87703,2.58502,0.429675,3.29549,3.40411,3.70599,4.11468,3.33216,2.70351,3.05927,3.242,2.03977,1.97038,4.53486,-54.656,-947.208,-287.92,6720,-3500,-1540
-4.29276,0.445548,-4.66446,1.47745,-2.20904,-2.24865,0.277224,-3.55789,-0.475801,-3.81749,-2.59291,-0.852047,-1.66508,-1.99637,2.83587,-0.703783,-52.216,-947.208,-293.776,5880,-4340,-1680
-4.3129,4.08985,-4.00915,4.73889,1.19779,-1.06485,1.5053,-2.64789,1.49245,-4.6429,-1.02631,1.70865,-1.23516,-1.65481,5.30397,-0.615869,-52.216,-944.28,-292.312,4620,-5320,-1820
-8.20534,-1.10976,-6.44402,0.109185,-2.08616,-2.46906,-0.879995,-1.18482,-1.91816,-8.26899,-7.06474,-3.34235,-5.53385,-3.79094,-1.03549,-0.469302,-46.36,-951.6,-294.752,3500,-6160,-2100
0.331264,3.28468,0.425636,3.725,4.01561,2.90582,4.72265,5.66702,2.44661,0.534341,0.108931,2.86477,-0.721322,2.23474,-0.776368,5.47054,-45.872,-955.992,-292.8,2940,-7420,-2380
0.45273,-2.3019,1.48712,-1.86772,0.489537,0.868242,-0.102674,1.01675,-0.616153,1.03191,-0.578406,0.676674,0.08202,1.421,-5.66044,2.47352,-43.432,-961.36,-286.456,2520,-8400,-2660
-8.45568,-12.4918,-2.62834,-10.6472,-6.43463,-2.16719,-6.55784,-4.02757,-9.21808,-5.71451,-3.94649,-8.12743,-2.07221,-2.14033,-9.36478,-3.55467,-37.088,-967.704,-282.064,2520,-8960,-3080
-6.24537,-11.0697,-2.91463,-9.72496,-7.48939,-3.03726,-7.78289,-4.59156,-6.5842,-2.43559,1.01153,-6.83139,-2.61846,-4.45573,-7.30672,-6.2687,-36.6,-968.68,-276.696,2800,-9240,-3080
-2.65088,-8.52305,-1.12666,-8.11177,-5.10715,-2.86796,-6.63412,-3.96613,-4.63736,0.169709,3.42036,-4.3286,-1.79231,-3.84126,-6.35721,-5.14821,-34.16,-971.12,-278.16,3360,-9380,-3220
-2.37273,-8.06641,-1.14407,-5.86774,-2.18727,-3.05557,-2.8524,-2.28413,-5.00454,-2.71315,0.176012,-4.34012,-1.32673,-1.6821,-1.34233,-1.50067,-33.672,-970.632,-271.328,3640,-8820,-3080
1.08922,-3.47627,-1.61995,-0.371577,0.0919805,-3.00132,-0.630171,-1.34378,-1.07069,-3.75374,-2.18444,-2.6127,-0.0789715,-2.17167,3.92099,-1.1338,-33.672,-969.168,-274.744,4200,-8120,-2380
5.09714,3.90388,-1.96944,6.85175,3.8873,-1.73261,4.30445,0.976143,3.93918,-2.87032,-3.34274,0.623314,-1.05272,-1.16827,10.6515,1.66296,-36.112,-963.8,-271.328,4620,-7280,-1820
11.9279,10.0181,3.05256,9.48319,7.02723,2.20232,6.23944,5.31377,12.4382,4.53862,2.98208,6.9807,2.96161,1.98148,9.67256,5.45344,-40.016,-959.896,-274.744,4760,-6300,-1400
4.79026,1.62851,1.70863,0.158509,-0.758434,0.574795,-3.3579,-0.64065,4.51775,2.84875,2.1477,1.65267,2.46643,-0.719768,-1.82518,-2.88095,-40.016,-955.992,-272.304,4900,-4760,-560
4.07995,1.22733,3.24192,3.18914,1.88084,2.00687,-0.321693,1.21228,1.056,6.33075,5.58905,3.43896,3.37214,2.21035,2.94218,-2.13633,-43.92,-953.552,-276.208,4340,-3920,-140
-0.455247,-0.50063,-0.342216,0.872841,0.669096,2.09276,-0.280594,2.95606,-0.432359,2.42742,3.5318,-0.295235,2.47198,1.22874,2.73031,-1.2919,-45.384,-953.552,-280.112,4060,-2380,560
-8.80966,-4.4332,-4.91664,-3.82558,-4.20173,-0.363934,-4.91449,-3.53185,-5.04477,-8.33662,-6.79441,-7.26554,-1.52644,-2.05782,-3.50421,-5.93323,-50.752,-954.04,-282.552,3640,-1400,1120
0.564984,0.481193,0.891258,-2.42449,-2.33816,0.0190715,-5.16066,-3.06234,0.0776368,2.13269,2.14605,-0.243827,1.76468,-0.124768,-5.51948,-6.05311,-54.656,-954.528,-279.136,3220,420,1680
1.35909,-0.164724,0.0881812,-2.55269,-1.92982,-1.66226,-1.91688,-0.392787,-2.94528,4.86887,3.34579,0.0554109,0.43644,-0.749556,-6.23922,-2.15157,-55.144,-954.528,-283.528,2660,2240,1820
-1.79217,-2.55162,3.18768,-5.37361,-0.283983,1.80964,-2.15152,0.166895,-7.86822,5.1757,3.25617,0.396153,4.26749,4.44479,-11.8279,-1.37433,-60.512,-955.016,-287.432,2800,3360,2240
-10.4683,-11.0765,-0.532635,-12.0171,-5.11373,1.17284,-6.05959,-0.983014,-16.7492,-2.1848,-1.33814,-6.33181,1.7866,2.5573,-15.4692,-1.83268,-60.512,-955.992,-285.48,2380,4620,2240
-10.6881,-9.23099,-3.68313,-9.69226,-6.26868,-0.125209,-3.04133,-0.864045,-13.2227,-6.88692,-6.09572,-7.33089,-2.4624,-0.256515,-7.30026,-1.45073,-65.88,-955.504,-291.336,2660,5600,2380
-2.43475,2.21473,-1.86421,1.96248,0.560602,0.511994,5.91011,1.90989,-1.83873,-3.55587,-5.82884,-0.929669,-3.44236,0.749482,5.8288,3.61701,-65.88,-954.04,-293.776,2660,6160,2240
7.10519,13.0066,5.43268,11.1722,9.32055,4.49548,12.8887,4.74342,9.4481,4.01502,0.8821,8.71561,1.49036,6.29631,12.5441,8.93715,-67.832,-954.04,-292.8,3080,6440,2380
9.07044,10.9909,5.38371,4.95934,3.53606,1.80255,5.89079,-0.14344,13.4031,5.36359,2.51244,7.59628,1.45569,2.37636,4.97495,2.1549,-68.808,-953.064,-293.288,3220,6020,2240
8.11536,11.0799,4.571,8.9474,5.73801,2.30596,9.70982,4.02175,12.2158,2.71365,0.665183,8.11122,0.77767,2.44974,9.88574,5.70194,-69.784,-953.064,-286.944,3220,5320,1820
7.56423,7.79667,3.48361,8.73411,6.42428,1.31839,8.89507,2.94563,7.27585,1.89872,-1.12103,6.21812,-2.04415,2.9333,10.0116,6.52966,-68.32,-952.088,-287.92,3080,4480,1820
13.3104,13.5242,8.15675,13.8895,11.6833,5.21361,11.6476,4.6247,12.9167,7.97134,5.46558,10.8156,3.11656,6.85126,14.0821,9.57786,-63.928,-953.552,-285.968,2940,3360,1260
1.70113,3.07973,-1.3522,4.09388,1.22877,-3.01309,0.110231,-2.71581,5.35569,-2.80665,-2.05433,0.117362,-2.47978,-1.89638,3.82359,0.800904,-66.856,-954.528,-286.456,2800,2100,700
-1.55986,-0.0360789,-2.27672,3.35062,0.944234,-2.50274,-1.06939,-1.49964,-2.69772,-1.94984,0.725197,-0.0808536,-2.64444,-3.32038,1.25776,0.0682392,-64.904,-956.968,-282.552,2660,980,140
-4.68019,-5.7986,-3.49776,-4.22937,-3.98988,-2.34577,-6.28505,-1.5596,-5.3432,-1.66667,2.11381,-3.65438,-2.02221,-6.06274,-6.92382,-2.34496,-61,-956.48,-286.456,2660,-700,-420
-5.46346,-9.60796,-4.12934,-8.98837,-7.79323,-2.91305,-10.9947,-3.30065,-4.27884,-1.75349,1.92006,-5.48577,-1.19458,-7.04406,-10.798,-5.3965,-63.928,-958.92,-287.92,2800,-1820,-840
-9.13297,-12.2404,-4.96893,-8.93227,-7.33047,-2.4456,-7.62638,-2.0632,-8.85588,-5.28866,-2.09801,-7.1002,-2.03988,-5.25947,-5.01859,-4.01474,-58.072,-958.92,-288.896,2940,-3780,-1680
-6.07669,-9.49829,-4.35811,-9.63853,-6.85548,-2.60277,-8.42551,-1.84823,-5.99395,-2.83858,-2.56341,-5.06106,-2.03206,-5.06117,-6.48541,-4.04953,-57.096,-959.408,-288.896,2520,-5040,-2100
0.327967,-1.32286,-0.327086,-4.27204,-2.63509,-0.103031,-5.49653,0.439499,2.38346,0.754603,-0.313226,-0.128033,0.268268,-0.646795,-4.32167,-1.78277,-53.68,-958.92,-288.408,2660,-6020,-2380
1.22279,3.08557,0.562007,5.02172,3.15248,1.78386,1.34632,3.81008,2.81603,1.00682,0.930201,1.3993,1.14383,3.05314,5.44618,3.22452,-51.728,-957.944,-287.432,2380,-6860,-2660
-1.68615,0.931084,-1.52478,5.33469,1.2097,-0.753958,0.553068,-0.979053,-0.685686,-1.31489,-1.20714,-0.466969,-1.00209,0.33149,5.1183,-0.734162,-54.168,-956.48,-289.384,2660,-7420,-2800
0.855261,4.05492,0.353328,5.28531,2.74686,0.796003,2.91819,-0.691667,5.0964,0.916253,0.368149,1.9226,0.822794,1.25734,5.17138,-1.11778,-50.752,-957.456,-290.36,2520,-7560,-2940
0.77979,2.79479,-3.07222,1.19507,-1.05446,-2.26711,-0.450324,-3.5747,7.26187,-1.00488,-2.19612,-0.506946,-1.89569,-1.43084,0.00371262,-3.69257,-49.288,-956.968,-289.872,2380,-7700,-3080
-1.38576,-2.42678,-3.48694,-5.05442,-5.22797,-2.9779,-3.59451,-3.00092,1.04998,-2.97342,-2.58957,-4.4464,-1.92841,-3.15013,-5.06974,-5.11208,-45.872,-955.504,-290.848,2100,-7420,-3080
-0.139156,-1.51358,-0.598896,-3.37615,-2.58561,-1.97376,-1.31642,-0.200334,-3.32639,-1.44481,0.205561,-2.33066,-0.460473,-1.96858,-3.30459,-2.18783,-48.8,-958.92,-290.848,2240,-7000,-2660
-5.07894,-5.77568,-3.13183,-4.73607,-4.48914,-3.98428,-1.1475,-1.34107,-8.02706,-5.58489,-3.65436,-6.35741,-3.63528,-2.8786,-3.35035,-1.86264,-43.92,-959.896,-293.288,1960,-6300,-2520
-8.591,-8.74607,-4.44033,-6.87573,-5.18448,-3.84201,-3.2096,-3.81351,-10.2526,-6.44144,-3.72834,-7.94955,-3.78106,-3.06242,-5.3106,-3.44303,-43.92,-957.456,-291.824,2100,-5600,-2240
-7.43157,-9.20264,-6.50408,-7.65129,-5.22454,-3.21599,-1.19721,-1.53788,-8.90051,-8.1941,-5.11394,-8.83965,-4.77347,-3.42972,-5.87467,-0.500834,-41.968,-958.92,-290.848,2100,-4620,-1820
4.42722,0.368075,3.6379,-2.23655,2.34751,2.59117,1.96445,2.74271,0.914897,3.88637,4.22543,2.27903,4.20815,4.1166,-3.93556,3.59084,-41.968,-955.992,-289.872,1960,-4060,-1680
4.36308,-4.29458,5.73416,-7.98399,-1.7621,2.92301,-7.74077,-3.70209,-3.37364,7.99899,6.74592,1.91734,8.28525,1.14189,-12.1574,-3.4169,-42.944,-959.896,-294.264,1960,-2940,-1400
3.24021,0.511683,7.36468,1.3466,4.73529,5.9475,0.339942,-0.305003,-2.77956,7.1558,4.25275,4.84446,10.2341,5.27551,0.140618,0.425361,-44.408,-959.408,-291.824,1680,-2520,-1120
-1.39075,2.20946,4.34617,6.87149,8.15784,4.99665,10.0117,5.56581,-4.05264,2.25369,1.90546,4.035,6.52888,4.69104,9.19351,7.73648,-47.336,-958.432,-292.312,1820,-1400,-840
2.60093,7.60041,6.91534,10.4281,9.48918,4.9258,10.5644,4.65931,1.92577,2.63422,0.829809,8.28266,3.92041,5.72749,10.1949,6.78842,-48.312,-957.944,-289.384,1680,-980,-560
6.10775,11.4239,6.07554,14.2405,9.1888,3.67506,9.93012,4.67326,10.1567,1.97005,-1.0748,9.87488,1.10733,6.51147,12.6287,6.47297,-45.872,-957.456,-290.848,1680,-700,-420
12.0242,14.5611,5.43111,15.9545,9.86497,5.18362,12.4902,9.9901,15.6153,8.58553,6.81642,11.2132,2.98931,7.50941,16.2532,9.54422,-51.24,-955.992,-290.36,1820,-420,-280
7.68579,8.75897,1.83371,3.3247,2.81327,1.89869,0.986771,3.52996,12.1796,4.59587,1.27447,6.3565,0.744691,4.6036,0.647467,2.29338,-49.776,-956.968,-292.312,1960,-280,-140
4.19187,0.944165,1.45702,-6.27889,-2.0349,2.93745,-3.8051,3.07837,4.35158,5.42057,3.7065,1.63434,2.2122,2.77663,-8.12643,0.416296,-51.24,-956.48,-289.872,1820,-420,0
-5.95303,-8.28358,-5.34374,-11.4267,-9.3654,-3.6843,-10.0389,-5.71927,-7.53366,-5.27851,-5.31168,-8.75549,-4.93309,-4.6985,-9.387,-8.41946,-51.24,-956.968,-293.776,1960,-420,140
-1.53021,0.805981,-2.51145,1.5688,-1.26244,-2.34913,-2.64174,-4.99582,-1.0268,-3.56317,-3.68548,-1.91532,-4.26072,-2.22668,5.86223,-4.98793,-51.728,-958.432,-289.872,1820,-700,140
7.67609,12.0335,1.74355,13.3182,6.74652,-0.75244,6.15504,-1.56634,10.6436,2.82375,1.20044,7.1372,-3.65423,0.808851,15.8941,1.77294,-55.632,-957.456,-289.872,1960,-700,140
3.49123,5.87504,-1.02897,6.19962,2.68314,-0.718195,4.10871,1.95259,7.19786,-1.09128,-1.80536,2.5029,-4.08949,-1.23468,6.35273,3.96648,-54.656,-959.408,-289.872,1960,-840,140
-4.24759,-5.08237,-2.39575,-3.55253,-3.38203,-2.22598,-2.73318,-0.615699,-6.60726,-2.26009,0.575236,-4.24362,-1.91452,-4.36582,-3.53325,-1.18935,-56.608,-957.944,-294.264,1960,-840,140
-8.55308,-9.1336,-2.0456,-8.25171,-6.51377,-2.6776,-7.469,-4.55583,-13.0623,-3.85004,-0.348129,-6.88715,-1.41186,-6.88827,-11.8186,-5.74018,-58.072,-958.92,-293.288,2100,-980,0
-6.35336,-3.71951,-2.63631,-4.69446,-5.03313,-2.88462,-6.3503,-4.59746,-7.56098,-2.41048,-1.8064,-4.93869,-3.03916,-5.93606,-10.3028,-4.95305,-57.584,-958.92,-293.288,2100,-1260,0
-5.86256,-3.73773,-5.40458,-3.6769,-3.60522,-3.08585,-2.74591,-0.849929,-5.81,-3.41105,-3.4941,-4.70638,-4.95473,-5.7869,-6.4428,-0.908154,-59.048,-959.408,-294.264,2240,-1680,0
-2.94526,-5.22565,-4.92122,-6.73802,-5.63535,-3.49142,-4.12415,-1.98847,-1.70984,-1.53018,-2.22397,-4.47049,-3.2011,-4.1184,-8.10208,-3.04659,-59.536,-958.92,-291.336,2520,-1820,0
-0.23144,-4.34958,-1.28713,-4.50406,-2.73794,0.615475,-1.54737,1.34215,-1.07112,1.49083,2.06988,-2.29581,1.52917,-0.343399,-4.50691,-0.880829,-61,-959.896,-293.288,2800,-2100,0
-5.7928,-10.5644,-2.03734,-10.1675,-6.3977,-2.64896,-6.93261,-4.30626,-7.30938,-2.75897,-1.21622,-7.08349,-0.720993,-3.08325,-6.75065,-6.55028,-61,-957.944,-292.8,2800,-2240,0
-3.3963,-5.40138,-0.230146,-4.15957,-2.47212,-1.08878,-2.32039,-2.39774,-3.73189,-1.8285,0.00870047,-3.15528,1.34138,0.289346,0.698148,-3.31279,-64.904,-956.968,-291.824,3080,-2100,0
3.29673,1.06769,1.23398,0.925395,1.72509,1.38561,2.41504,1.37118,3.50444,1.72927,1.86087,2.75142,3.11479,3.4351,3.35568,1.00555,-62.464,-957.456,-293.288,3080,-2240,-140
1.33281,-0.26869,-2.66812,-1.02965,0.0482568,-0.601949,0.199575,-0.288501,2.73907,-2.0282,-2.05548,-0.39243,-1.43184,0.851595,1.00843,-0.220343,-61.976,-957.944,-291.336,3360,-2240,0
-0.0209385,1.29391,-1.32756,2.36228,2.61776,2.84114,4.86515,4.61754,2.6755,-2.04476,-0.590114,-0.520467,0.386508,2.80723,5.65523,5.21632,-60.024,-956.48,-288.896,3080,-2100,0
-5.83852,-4.3675,-2.90087,-3.45741,-2.63608,-0.486839,-0.650379,-0.579523,-0.0678511,-6.63474,-3.74284,-5.37743,-1.14092,-0.902562,1.19928,0.294381,-59.536,-956.48,-290.848,2800,-1960,0
-1.04312,0.778803,2.50405,1.3671,2.76457,2.02827,3.75884,3.09309,0.288166,-1.3933,0.57935,1.6474,2.30772,2.50905,4.77945,3.65022,-58.56,-957.456,-289.872,2940,-2100,0
3.76991,5.85244,4.55831,6.0414,5.61759,0.695804,5.91986,3.36968,3.99158,2.67451,2.97112,4.79123,2.07223,3.65989,3.89839,4.56241,-57.096,-956.968,-289.872,2940,-1960,0
6.33566,7.38028,4.77974,6.68176,4.30268,0.768423,2.75892,2.81607,6.45661,3.83128,2.63359,5.11218,3.07382,3.15292,0.214294,2.03691,-57.584,-957.944,-288.408,2660,-1960,0
6.33947,6.07129,3.7773,5.24894,3.15848,0.387832,-0.377234,-1.50675,3.99606,3.53813,1.93494,5.39069,4.28153,2.66811,0.145466,-1.55158,-55.632,-954.528,-290.848,2800,-1960,0
8.65212,6.48793,3.36836,7.71496,5.46173,-0.838663,2.65488,-2.07147,6.64121,5.91042,3.72347,7.43937,2.17409,3.12708,7.78943,1.12095,-57.096,-958.92,-288.408,2380,-1820,-140
1.89175,-1.31644,0.929735,0.608628,0.627676,-1.61238,0.543215,-2.21649,-0.804988,1.88656,0.231283,1.03343,-0.486376,0.153898,3.34216,0.78423,-56.608,-955.504,-291.824,2240,-1820,0
-1.7002,-1.05172,1.98225,1.50972,1.4629,2.67264,2.30154,1.13488,-3.65926,-0.171928,0.279526,1.16962,1.67557,1.3961,3.41078,2.52867,-54.656,-955.504,-288.896,1960,-1400,0
0.221357,4.05078,1.02142,7.12413,2.58442,0.789994,3.71639,0.628498,1.09447,-0.208919,-2.1778,3.55038,-1.07186,0.00170937,7.03764,1.86782,-55.144,-957.944,-290.36,1960,-1540,0
7.04158,10.7691,4.14186,10.8669,7.15347,5.2519,6.98049,4.78212,10.1045,7.07362,4.73031,9.93496,2.5053,3.06037,7.19222,5.54671,-55.144,-959.408,-286.944,1820,-1260,0
-2.95146,-2.82631,-5.13144,-5.45356,-4.58876,0.0667944,-4.12639,0.621861,0.623008,-1.12591,-1.45639,-2.63316,-3.01106,-4.89116,-9.54516,0.608822,-59.536,-957.456,-284.504,1680,-1400,140
-5.56015,-8.79307,-4.51234,-12.5745,-6.34946,1.75463,-7.46104,1.5464,-7.22027,-1.1688,-1.38004,-5.2148,-0.996525,-2.91535,-14.8829,0.640251,-58.56,-959.408,-287.92,1540,-1400,0
-6.67654,-7.54759,-1.82846,-8.30171,-5.04933,0.824961,-7.20511,-1.74656,-10.3952,-2.44154,-2.84898,-5.09808,-0.354114,-1.19594,-8.62318,-2.16937,-56.12,-958.92,-288.896,1400,-1260,0
-11.4345,-7.46477,-5.84669,-4.12183,-5.87879,-1.23027,-3.04334,-1.74383,-9.30529,-9.42003,-8.86632,-9.76166,-3.3984,-4.12071,-1.39206,-3.88598,-58.56,-959.408,-290.36,1400,-1400,0
-0.971045,0.670423,-1.40478,1.35825,-1.39547,-1.33373,0.844499,0.261214,1.79265,-1.1959,-1.79894,-1.4228,-1.50729,-2.11166,0.691942,-2.03234,-54.656,-958.432,-286.456,1820,-1400,-140
5.91148,6.35219,3.91205,4.64896,4.0453,-0.121499,2.87542,-0.0955757,4.74724,4.94264,4.2981,4.82035,1.03801,1.17191,1.91479,-0.388163,-58.072,-956.968,-286.456,1960,-1260,-140
3.17383,3.09469,2.05943,1.07189,2.47033,-0.266777,1.92314,0.513921,0.87217,2.95999,3.4152,1.579,0.00708881,2.00974,0.526308,-0.0761975,-57.584,-956.48,-290.848,1680,-1260,0
1.33177,1.65342,0.220434,-0.0700242,-0.882781,-3.31344,-2.81563,-4.33623,-2.50986,0.565651,1.7894,-1.5019,-1.21329,-0.984,-1.64046,-5.82665,-54.168,-957.456,-287.432,1820,-1260,0
1.18194,-0.443384,0.947704,-2.56267,-3.47392,-4.71252,-6.2234,-8.01087,-3.16685,-0.649102,-0.446575,-2.18272,-1.6047,-1.54287,-3.37513,-8.85293,-51.728,-955.992,-284.504,1820,-1540,280
1.12677,-1.38494,1.37935,-1.47921,0.0647546,-1.08614,2.46824,2.66356,-3.12393,-0.256966,1.16841,-1.65654,0.794191,1.63483,1.63539,3.58796,-50.264,-955.992,-284.992,2100,-1680,0
-2.65972,-4.58216,-2.32333,-4.23832,-2.60922,-2.56814,-0.616064,1.09174,-3.28702,-2.92556,-1.98098,-4.9015,-2.45375,-0.695246,-2.30914,2.69048,-51.728,-955.992,-285.48,1960,-1540,280
-1.76271,-2.11479,-0.0446407,-1.40385,-1.49087,-2.41979,-4.09092,-3.26952,-0.20937,-1.66109,-1.04462,-2.44011,-0.463982,-0.0441421,-1.98306,-2.3422,-53.68,-955.504,-287.432,1820,-1540,420
7.0953,9.65817,4.8072,10.3558,7.79954,2.39497,7.1104,1.91294,9.79808,4.98231,3.48457,7.19613,2.52206,5.4646,11.1737,3.79582,-50.264,-953.552,-286.456,2240,-1260,560
3.60801,3.27694,0.0361417,2.45066,1.09344,0.235476,1.44851,-1.30075,5.79063,1.11394,-0.357439,2.42069,-1.12161,1.13198,3.88151,-1.30095,-51.24,-955.504,-284.992,2100,-1400,700
0.27058,-2.55768,0.828368,-2.21759,-0.324373,1.91759,-1.06594,-1.10317,0.17308,0.885902,1.6059,0.609718,1.05995,0.801407,-0.364205,-3.58329,-48.8,-955.504,-286.456,2100,-1120,700
-9.40493,-14.3516,-3.54969,-10.4405,-6.89717,1.24976,-4.31418,-0.886387,-10.909,-5.95423,-1.51887,-7.94468,-0.116945,-3.30525,-6.33575,-3.36521,-50.752,-955.992,-287.92,1960,-1120,700
-3.07466,-3.7428,-2.93022,-2.47586,-0.184092,3.55743,2.47435,5.1955,-0.911837,-3.02333,0.255098,-1.64327,0.953236,-0.873965,1.77939,3.65529,-50.752,-957.944,-285.48,1960,-1120,980
6.9902,9.81572,0.833675,6.21485,5.25341,2.13418,5.23606,2.86082,14.4457,2.41302,0.763897,7.38754,1.37458,1.14023,8.00737,3.87007,-51.24,-955.504,-285.968,2240,-1260,980
5.48832,8.95167,2.86983,6.46448,5.18963,2.3886,5.69655,1.45778,11.8661,2.75735,1.3651,7.35323,4.18947,1.51385,7.00825,3.59262,-53.68,-959.408,-287.92,2100,-1400,1120
3.76911,5.10792,1.65158,1.65407,3.99026,2.58246,4.25069,4.30204,7.02858,3.4352,1.59889,4.93624,1.69956,0.888823,-0.38288,6.2715,-53.192,-955.992,-286.456,2380,-1400,1120
-3.59156,-5.81048,-2.94159,-9.38674,-5.61003,-0.993465,-7.65092,-2.08285,-5.35985,-1.02713,-0.218031,-3.78819,0.0970562,-5.46338,-13.102,-4.51815,-51.728,-956.968,-287.432,2520,-1120,980
-5.28282,-5.72303,-2.88983,-5.64569,-3.62937,-1.80396,-4.09672,-1.00122,-8.38812,-1.97366,-2.17064,-3.53302,-0.935677,-4.1157,-7.49311,-3.22998,-51.728,-956.968,-285.968,2660,-1120,1120
-3.794,-1.11937,-0.0248025,2.32614,3.53165,3.35933,5.04643,7.66722,-6.3833,0.498643,-0.965929,1.03401,0.981074,2.84193,4.15752,6.53176,-52.704,-959.408,-287.432,2800,-1260,1120
-2.99948,-1.73209,-1.78842,-1.16987,-2.09642,-1.41689,-3.89347,-1.62708,-3.45549,-0.61575,-3.9499,-1.43211,-2.1009,-1.18676,-2.21345,-2.57127,-54.656,-956.968,-286.456,2940,-980,980
-3.63273,-4.40239,-0.776689,-2.6431,-4.22853,-1.82361,-5.50077,-3.16416,-5.53411,-0.192132,-1.01246,-3.6486,-0.21502,-2.19737,-4.44669,-4.44264,-50.752,-955.504,-287.432,3220,-560,1120
-11.258,-10.7543,-4.93315,-4.45668,-7.08583,-6.34063,-4.21797,-4.88983,-14.3057,-4.95698,-2.75359,-10.0074,-4.57232,-4.97265,-3.47206,-3.94524,-55.144,-961.848,-285.48,3080,-560,980
-9.5066,-4.41276,-1.57008,2.5898,-0.089472,-0.774898,2.45506,1.22329,-11.882,-3.67338,0.760245,-5.30161,-2.40495,0.833453,2.29392,2.5996,-55.632,-954.528,-284.992,3080,-420,1120
0.216245,1.91599,0.978184,5.02159,0.522858,-1.3541,0.783001,-0.0589062,0.141796,-0.560996,1.87955,-0.47671,-0.82987,1.54922,2.96061,1.53294,-56.12,-958.432,-283.528,2940,-420,980
11.5282,8.38736,4.67958,7.72693,4.0178,0.0959571,3.82636,0.531,11.9557,4.82908,2.64115,6.44493,0.709372,3.63501,4.80228,4.57826,-57.096,-955.992,-284.504,3080,-420,840
8.38681,6.04582,2.70156,6.50966,4.33544,1.54005,5.63398,0.775562,8.00811,1.70314,-0.611893,4.36999,-0.588762,3.99496,5.08189,4.45336,-55.632,-958.432,-286.456,2940,-420,840
4.65761,0.94646,-0.104604,1.50777,0.782479,0.263716,1.11028,-2.3188,3.20278,-1.86061,-3.71039,0.228727,-0.65702,1.78953,0.223403,-0.991892,-55.632,-956.48,-287.92,2940,-420,980
5.96521,1.85448,-0.911972,-0.73865,-0.972423,-1.2545,-3.20552,-5.15525,3.62458,0.205063,-1.1748,1.65474,-0.667024,-0.367108,-2.90302,-5.70313,-55.632,-956.48,-288.896,2800,-280,840
3.41583,1.45687,-0.714494,-2.31337,-2.14986,-2.79795,-4.91205,-4.67018,2.68351,0.889593,0.100459,1.32089,-0.605216,-1.58968,-4.57023,-5.8028,-54.168,-956.48,-286.944,2800,-280,840
-5.76677,-4.73737,-3.87553,-5.77622,-4.05292,-1.17854,-5.31289,-1.37215,-3.47295,-4.79281,-3.67509,-4.02664,-1.31735,-2.71195,-5.39398,-4.2849,-54.656,-957.944,-286.456,2660,-280,840
-0.386387,0.780572,1.15919,-0.201305,1.98141,2.61002,1.22642,4.84246,1.07768,1.8871,3.45701,1.93586,1.93902,0.56068,0.801347,2.21261,-53.192,-956.968,-286.944,2800,-280,840
-0.419981,-3.3589,2.70855,-6.97738,-1.45529,2.51393,-2.26795,2.79748,-2.0852,1.72152,3.40844,-0.0252248,3.04092,0.330111,-5.7636,0.287639,-52.704,-959.408,-286.456,2800,-280,840
1.76832,1.11572,4.17684,-3.90567,0.602261,2.32794,-1.33385,2.38731,0.578504,2.12324,2.07651,2.73922,2.21398,2.08045,-3.41885,0.682775,-54.656,-957.944,-286.456,2380,-280,700
8.47117,14.0412,6.99691,10.6141,8.69251,2.54515,7.07666,4.50206,11.4705,5.8976,5.02979,9.94388,2.51504,5.45521,13.5624,4.63169,-51.24,-955.504,-287.432,2660,-280,560
