-2.00328,-0.121318,-4.06593,-3.4762,-5.24276,-2.98566,-0.217058,-0.472976,-3.70726,-5.5454,-6.02258,-4.75605,-8.31146,-1.08001,0.26175,-4.63104,-24.888,-830.576,-560.224,560,420,-1680
-4.22616,-2.44417,-4.33373,-3.46499,-3.72935,-1.22172,0.194238,1.71761,-6.92252,-5.09356,-9.04185,-5.12787,-4.78087,-1.34182,0.921942,-1.79131,-26.84,-829.6,-560.712,420,280,-1680
2.9419,2.07949,-0.892788,0.508917,0.803323,0.232552,2.08477,3.3528,-0.343558,-0.28739,-6.80541,-1.32947,-2.97052,0.596058,3.14518,1.45667,-28.792,-827.648,-561.688,280,420,-1680
5.9646,5.08689,5.07767,5.30146,7.48894,5.28249,7.09907,6.64815,1.559,6.33681,-2.17077,3.97751,0.164957,5.76545,6.66859,7.66373,-26.84,-831.552,-556.32,420,280,-1680
2.18863,1.65606,5.59141,4.00686,5.46724,5.62814,4.75763,4.58852,-2.2612,6.94628,-0.348992,2.01149,0.60277,4.05479,1.73159,6.20709,-28.792,-829.6,-558.76,420,420,-1540
3.20039,1.45485,6.04151,1.67831,5.23706,7.16875,4.3682,5.09898,-0.94676,7.28504,2.72125,1.30528,3.83471,3.89084,-1.5039,6.50212,-25.864,-826.672,-557.296,700,560,-1540
-0.582492,-1.26712,1.76522,0.104693,5.44069,5.60464,4.91235,5.54031,-1.12393,1.10585,-1.81505,-0.877294,3.63385,1.69911,-0.391217,5.49139,-30.256,-828.136,-557.784,420,560,-1820
1.79582,-0.607649,0.285161,2.34344,3.9879,3.64959,1.55724,2.83254,3.72023,1.2529,0.532171,-1.43416,0.544555,1.00651,1.25323,1.9988,-24.4,-827.648,-560.224,560,560,-1820
4.1873,1.14376,3.56883,6.0648,3.83768,4.62367,-0.655188,3.01197,6.0776,3.74993,5.96342,2.7068,3.83306,2.84606,1.8941,-1.05412,-25.376,-826.184,-560.712,560,980,-1540
4.66734,2.0179,5.77899,6.74781,2.05611,2.49599,-1.98257,-0.505147,6.00241,6.85361,8.06067,4.08941,5.66839,2.58649,0.819162,-2.99407,-25.376,-824.232,-553.88,420,840,-1540
2.04632,0.848428,2.99972,3.64362,-1.84872,-0.861208,-2.16981,-5.52941,2.65246,5.19896,5.65379,1.14324,2.1052,0.764345,-0.33863,-2.58571,-22.448,-825.208,-558.272,560,700,-1260
-3.02304,-1.26601,-1.8878,1.86795,-3.44448,-4.28689,-0.801311,-5.69926,-1.24713,-0.21507,1.97036,-2.40638,0.365958,-1.39691,0.298639,-2.12792,-23.424,-828.624,-557.784,840,700,-1120
0.541931,3.0574,-0.0609704,6.3377,1.83843,-3.57212,3.24853,-4.36161,2.50078,1.96395,5.88103,1.82804,2.08264,1.51194,5.46332,0.92888,-23.424,-826.672,-559.736,840,560,-980
-4.22396,-2.40645,-4.41699,-0.121755,-1.90628,-5.44514,-1.39889,-6.06026,-3.54959,-1.26398,2.79925,-0.463283,-0.608084,-1.83169,-0.444399,-1.2963,-20.984,-825.208,-560.712,980,420,-700
-5.30112,-4.10366,-6.5244,-4.17138,-4.79144,-4.32857,-4.47672,-4.31145,-3.4477,-5.85012,-6.25129,-2.57749,-2.86707,-3.52374,-2.77206,-1.18368,-20.496,-824.72,-560.712,1120,420,-560
-8.24079,-4.93972,-9.43929,-5.1813,-5.39174,-3.95978,-4.6692,-3.43803,-5.7084,-14.4271,-18.5348,-5.07091,-4.88158,-5.46774,-3.79008,-2.56245,-22.448,-829.112,-561.2,1260,140,-420
-6.61576,-1.96555,-6.91906,-2.52066,-1.55274,-1.10663,-1.49806,0.377907,-4.9227,-8.47472,-14.1325,-4.11698,-3.4764,-3.20056,-0.582185,-0.242941,-21.472,-828.624,-559.736,1120,420,-420
-1.81983,-0.0653568,-2.35037,-4.45028,-1.76803,-3.00243,-4.29389,-4.25478,-1.47293,1.43332,-3.3304,-4.19796,-5.37174,-2.89129,-4.11658,-1.59648,-21.472,-829.6,-559.736,1680,280,-280
-3.55853,-6.59611,-1.94043,-12.5787,-7.68904,-4.62207,-11.1681,-5.90391,-6.92134,2.60622,-1.37912,-9.30987,-3.15012,-7.28101,-11.1032,-8.20598,-20.008,-825.696,-561.688,1540,140,-280
-0.923781,-6.24675,-0.109372,-11.1244,-8.34884,-3.27281,-8.96868,-4.45083,-3.17001,3.49329,-0.635708,-6.94025,-0.511485,-7.27382,-8.15471,-8.03463,-20.984,-826.184,-562.664,1820,140,-280
1.93866,-1.89956,-0.40421,-7.14782,-6.00284,-2.11683,-5.50609,-3.35391,3.77774,-0.135928,-2.21249,-1.96151,-0.0193267,-5.36354,-6.74438,-7.18528,-21.472,-826.184,-560.224,1960,0,-280
0.951932,3.6148,-2.0607,1.10466,2.13784,1.26935,2.59962,4.00483,8.59155,-16.0147,-17.2588,2.39643,0.0478157,-2.29588,3.11365,-0.483748,-20.984,-826.184,-556.32,1820,-280,-280
-1.49398,6.7176,-1.79392,7.47263,7.72913,3.06561,9.34787,6.85459,7.61803,-17.0259,-12.555,3.83379,-1.27829,0.335784,10.3283,5.23963,-23.912,-824.72,-559.248,1820,-140,-420
-4.67609,5.38562,2.45076,9.00581,10.1463,4.83488,11.4964,7.41514,-1.385,-7.67203,1.94186,3.11492,0.656253,2.80113,11.2703,7.27647,-20.496,-822.768,-561.2,1540,-140,-420
-3.93992,-4.17255,-0.840423,-0.749346,0.817364,2.89945,2.90101,3.1497,-8.56163,-1.28502,8.62739,-2.10797,1.81162,-2.4599,1.72805,3.27954,-21.96,-822.28,-557.784,1540,-280,-420
5.76879,-5.22151,-2.56491,-6.46189,-5.02108,2.95181,-4.45042,-0.620664,-2.61084,8.24051,15.0849,-1.57511,4.64383,-4.46685,-4.64309,0.000588958,-20.496,-822.28,-558.272,1260,-140,-840
3.46973,-3.44132,-1.48831,-4.29468,-2.27999,3.66803,-2.02124,-0.512234,-1.04044,6.6991,8.35889,-0.115177,5.25895,-0.761492,-2.37234,1.27383,-21.96,-821.304,-557.296,1260,-140,-980
5.61296,0.260341,3.58168,0.853683,3.55874,4.17036,2.95815,1.67873,0.997579,8.93288,7.17166,4.13488,6.12165,5.04976,1.01868,2.37802,-24.888,-821.792,-555.832,1400,280,-1120
1.0612,-1.61683,3.45916,0.628035,3.61385,4.33024,1.14399,2.04837,-2.1003,5.88006,4.84077,3.27325,4.9811,4.66631,-1.08958,1.78373,-22.448,-822.768,-560.712,1400,560,-1120
-4.22307,-5.14141,-0.372842,-2.03531,0.0770758,0.791557,-0.788441,0.155061,-5.69248,0.858962,2.36627,-0.469375,-1.08052,0.656813,-2.86977,-0.533554,-22.448,-821.304,-556.808,1260,560,-1260
3.26564,3.60634,3.21282,4.67643,4.28363,0.693875,4.30768,0.156501,2.93427,5.23689,2.01564,4.43631,-3.91357,4.65505,2.62407,0.449916,-25.864,-824.72,-557.296,1400,420,-1120
3.86411,5.58333,4.6541,4.58421,3.22511,-1.03592,1.17988,-0.139216,6.78704,6.691,1.26936,4.94126,-3.01414,4.28043,1.15066,-2.21825,-25.864,-824.232,-558.76,1120,420,-1260
4.16682,8.1979,5.25609,7.9288,4.88795,-0.278387,3.45399,-0.130745,8.85156,6.04073,1.46301,6.77371,-0.967362,7.62854,4.89483,1.09289,-21.96,-827.16,-560.224,1260,420,-980
3.52308,10.8942,7.21363,10.3791,6.8897,2.12538,7.29328,3.06726,8.57005,5.90276,1.38229,8.47143,2.60643,9.78996,8.13786,6.0587,-21.96,-826.184,-561.688,1540,420,-980
9.58636,10.5887,8.9438,8.47325,7.06713,1.35964,4.73059,1.65925,11.072,9.929,7.90786,8.49694,1.76434,9.21525,6.12291,5.82449,-23.424,-826.672,-561.2,1680,280,-980
5.08448,4.4473,3.67275,3.19783,2.46599,-0.0694312,0.642837,-1.7653,4.4908,3.90886,4.11994,2.56556,-2.57255,5.17301,1.74587,2.88831,-21.472,-825.208,-564.616,1820,140,-700
1.20355,2.39893,2.15714,-0.187244,-0.731094,-0.18207,-0.207231,0.0613355,-0.109145,-0.808763,-1.6282,-0.846875,-3.84621,3.10063,-0.334158,2.3213,-19.52,-828.624,-559.736,2240,280,-700
1.62338,4.42045,4.55944,4.18157,1.03416,2.89748,3.35914,2.38995,0.424832,1.83295,0.661121,0.413222,-1.07625,5.20235,4.38118,6.00716,-20.496,-827.648,-564.128,2660,140,-560
-0.916181,2.38638,1.04151,4.25096,-1.64727,-1.96672,0.910353,-1.59388,-2.2068,-0.237866,-2.83266,-1.29537,-3.40678,-0.421504,2.5502,1.71545,-19.032,-830.576,-566.568,3080,420,-280
-3.76685,-2.53653,-3.72764,-0.381479,-3.92283,-3.40491,-1.12716,-1.73202,-7.35049,-3.63786,-5.92568,-3.35608,-1.67017,-3.08977,-2.50578,-1.79,-20.496,-829.6,-565.104,3640,420,-280
-4.20657,-8.03064,-5.35296,-6.92499,-7.51555,-2.94307,-4.84633,2.99684,-10.2602,-4.79996,-7.57197,-5.00825,3.03019,-7.34427,-7.63712,-3.85615,-20.496,-829.112,-559.736,3780,700,-280
-1.04753,-7.61886,-3.71582,-6.84472,-6.1465,-2.60622,-4.48641,2.03766,-6.06735,-0.845173,-3.048,-4.03954,0.731735,-6.75318,-7.34741,-4.28811,-19.032,-829.112,-563.152,3920,560,-280
-7.49603,-12.2149,-5.11701,-11.1297,-7.96243,-4.50365,-5.03333,-1.79367,-10.1327,-4.02701,-0.263647,-8.98642,-1.13878,-8.10395,-8.62133,-6.31979,-18.056,-832.04,-560.712,3920,560,0
-7.17392,-12.597,-5.71727,-12.6972,-9.62113,-4.32089,-6.36076,-1.6118,-6.92164,-7.67338,-1.10962,-9.47392,-0.112756,-8.53704,-8.21497,-5.01709,-19.032,-832.04,-560.712,3920,700,-280
-4.89308,-9.76532,-7.88548,-11.5014,-7.63038,-6.35601,-7.73015,-3.516,-1.91293,-9.71474,-3.60879,-7.40888,-3.0275,-8.18649,-8.25547,-6.58437,-20.496,-832.528,-562.664,3920,560,-140
-9.65044,-10.5084,-12.6986,-11.1276,-10.546,-11.2096,-10.3666,-8.57416,-4.6752,-11.4108,-5.54309,-11.9564,-8.01014,-11.0524,-10.1121,-12.1845,-19.52,-828.136,-561.2,4340,840,0
-3.8715,-6.04511,-6.02492,-5.00775,-6.17732,-5.22684,-6.5659,-4.49788,-1.07604,-1.21932,2.33722,-6.87385,0.376553,-7.32181,-5.1764,-8.17267,-20.984,-827.648,-558.76,4480,840,0
-1.01359,-5.50731,-2.69376,-4.43939,-3.5847,-4.02985,-7.19403,-6.77281,-1.42265,3.24155,6.02286,-4.21878,0.937817,-5.20494,-4.86594,-7.11285,-17.568,-826.672,-559.736,4480,700,140
10.1444,1.46935,2.82119,-0.424596,-0.131712,-2.52625,-6.37878,-7.54092,9.57799,11.2975,11.9979,3.05754,3.31889,-1.99988,-1.92506,-5.20177,-22.448,-828.624,-559.736,4620,1120,280
15.4961,12.1026,8.39835,8.70187,9.8825,3.06228,3.17596,-3.21638,15.8086,11.0406,10.5809,10.9331,6.7336,4.93139,8.44892,3.93534,-21.472,-829.112,-561.688,4480,1260,280
3.99983,19.3089,1.96771,21.5944,20.6894,10.4076,20.48,6.07962,12.7032,-25.6459,-23.5911,12.9829,-0.545253,13.2464,23.3226,18.521,-20.008,-829.112,-563.152,4620,1400,420
-1.29482,27.6028,2.48983,30.5461,28.6482,15.5453,28.7011,14.904,16.5795,-30.5597,-27.6935,18.2369,0.0991926,19.0038,30.7355,25.1245,-20.984,-831.064,-564.128,4760,1540,560
-16.8028,14.1774,4.65573,24.6414,23.6943,14.5727,21.9819,13.0273,-5.04172,-6.20225,4.98848,9.86957,2.21916,16.8355,23.3014,19.4469,-18.544,-829.112,-567.544,4760,1680,420
-6.43652,-4.82829,5.20549,3.26776,5.15855,9.70398,1.37122,7.73302,-13.7354,13.8792,21.3568,1.5243,7.07309,4.09229,1.29087,4.64856,-20.008,-830.088,-568.032,5320,2240,560
10.0717,-1.10646,5.98109,-3.40703,-2.67464,4.62472,-7.91123,1.16455,0.158687,21.5079,20.2767,5.0205,7.07885,-1.05966,-6.10072,-4.94718,-20.496,-828.136,-569.984,5600,2520,560
6.64826,0.664368,3.49892,-0.100682,-2.18039,4.84149,-3.27038,1.71249,0.82831,13.2296,12.188,4.60907,2.26958,-0.28462,-0.992571,-3.48932,-20.984,-830.088,-568.52,5880,2940,560
-1.28041,-9.28927,-0.940522,-10.5573,-9.64274,1.05137,-8.44084,0.586707,-8.66214,7.42297,5.20009,-3.46527,-1.7283,-5.53801,-9.77426,-5.39369,-21.472,-828.624,-566.568,6160,3360,560
-2.17059,-10.3772,-3.22764,-16.0864,-12.9808,-2.86688,-9.41891,0.267774,-7.23524,6.52872,0.668843,-5.90227,-3.82434,-7.42315,-14.0033,-7.30456,-22.448,-830.576,-564.128,6160,3500,560
-1.98353,-10.1485,-5.08332,-17.0156,-14.4845,-4.61429,-8.06135,0.967978,-4.92493,3.91081,-4.0799,-8.50205,-2.93862,-9.49188,-10.6561,-7.14232,-22.936,-828.624,-567.056,5740,3500,420
4.22189,-0.820051,-0.483107,-8.09484,-9.70981,-4.53691,-0.2643,2.48579,2.02013,5.77029,-6.02362,-2.68238,-2.30703,-5.405,0.231355,-2.52559,-23.912,-829.112,-565.592,5740,3500,560
4.86894,0.443802,-2.00474,-7.29329,-10.8007,-6.22514,0.0837577,-1.29968,2.9539,1.91067,-11.3905,-1.77305,-3.85395,-3.93192,-2.07428,-4.36742,-23.424,-829.6,-562.664,5460,4060,560
0.300513,0.132329,-3.38281,-8.23355,-10.2741,-6.65152,-1.36049,-4.07201,2.10992,-4.84967,-16.3613,-3.19774,-1.45252,-3.94624,-4.39626,-4.95028,-24.888,-831.064,-562.664,5460,4060,560
-2.73038,-3.17043,-4.66697,-9.60836,-11.8827,-7.04492,-5.23455,-7.91822,-1.99061,-6.04999,-17.9363,-8.07798,-2.17496,-5.0559,-7.18675,-7.07135,-25.864,-832.04,-561.2,5600,4200,420
-9.04579,-12.2739,-7.90978,-15.3391,-17.1508,-10.379,-10.9889,-10.2344,-10.2472,-11.0686,-20.4522,-16.734,-4.34698,-9.80851,-14.6144,-11.0942,-26.84,-830.088,-560.712,6020,4060,420
-8.44084,-10.2941,-6.41353,-10.7109,-13.2657,-10.5706,-8.83429,-6.74621,-7.24167,-12.0182,-18.1779,-14.5472,-1.88908,-9.06211,-10.6641,-10.5774,-29.768,-829.6,-559.736,6440,4060,560
-12.1307,-9.6492,-5.41364,-5.88554,-6.68193,-8.41609,-8.94747,-6.48759,-11.6647,-14.9485,-15.3496,-13.9508,-3.96377,-6.0193,-8.7602,-8.3987,-27.816,-826.184,-559.736,6440,4060,140
5.53655,4.51671,7.24509,7.29843,9.76391,0.467343,-0.848662,-2.77527,4.99846,2.51277,3.18447,-0.383462,-2.13203,4.87791,0.281336,2.58473,-24.888,-826.184,-554.856,6580,3920,140
12.9495,10.8308,11.173,15.8139,20.455,4.74465,5.13877,-0.871747,12.1278,9.88347,12.785,8.41086,-0.0239912,10.0956,6.55202,8.37675,-21.96,-822.28,-554.856,6580,3640,0
7.07496,9.27247,8.22462,18.3841,24.7177,7.58128,9.6115,0.0055878,5.01482,5.67623,14.9019,9.53189,0.493652,11.7528,10.9022,12.7639,-20.984,-821.304,-552.416,6580,2800,0
6.38138,10.518,9.79278,20.5634,26.1987,10.947,10.7366,-0.655112,5.8021,4.94048,17.3674,13.2676,3.59394,15.4796,11.0014,14.7029,-17.08,-820.816,-550.464,6160,2520,-140
8.83758,9.94725,9.91337,17.8906,23.3894,11.5229,10.4838,-0.0529627,9.68272,8.44714,21.4562,14.1088,6.01868,14.7804,7.91073,14.6955,-16.104,-824.72,-556.32,6300,1820,-140
4.6342,6.65211,6.78654,14.738,19.2078,8.96269,12.2517,1.10587,6.62675,6.48924,18.7379,12.7533,7.56159,12.0762,8.23162,14.3203,-13.664,-824.232,-555.344,6020,1960,-140
3.57509,4.07825,4.87213,10.7364,11.695,3.08427,9.67782,-0.947322,5.73136,7.63414,20.6593,11.4266,6.78977,8.69398,7.55659,9.52459,-12.688,-823.744,-558.272,5880,2240,-140
6.31553,8.09209,5.21652,13.0423,8.2953,1.89941,10.1956,2.73734,12.1828,3.35204,15.9599,13.5359,5.46954,8.99552,10.2164,7.24445,-13.176,-826.672,-557.784,5600,2520,-140
-1.52639,9.51418,-1.90489,13.7047,4.80204,1.02153,11.9036,9.39285,10.6073,-14.6443,-4.26446,9.79299,0.0738297,8.74745,13.028,6.31704,-14.152,-826.672,-563.64,5180,2800,-420
-6.90396,4.79177,-6.71574,8.7107,-1.92325,-1.47234,7.56675,10.6552,2.17592,-8.34667,-0.243017,5.27599,-5.51064,4.721,9.54167,2.40777,-12.2,-832.04,-565.592,5180,3080,-420
-14.2066,-9.82842,-11.4455,-7.44422,-14.9233,-6.37132,-5.49147,7.93274,-13.2862,-4.22941,-0.968782,-5.61725,-10.2665,-6.89277,-4.50087,-6.51539,-12.688,-834.48,-567.544,5180,3220,-420
-10.9089,-22.334,-18.4861,-29.0526,-33.6922,-15.2436,-22.5562,-0.160258,-15.9448,-0.757193,-6.2518,-19.9123,-15.4191,-22.8274,-20.0349,-19.8588,-13.664,-837.896,-564.128,5600,3360,-560
-11.9077,-19.834,-16.9273,-28.1762,-32.4238,-14.2931,-20.3057,-0.00268491,-17.5167,-5.57143,-15.4654,-19.8252,-13.2375,-22.6288,-17.0306,-20.4134,-12.2,-835.456,-562.176,5880,2940,-560
-10.6336,-13.1994,-11.986,-22.7093,-24.3899,-9.11551,-13.2588,0.541411,-13.3968,-5.4676,-17.6488,-15.0469,-7.53244,-16.7506,-9.50237,-13.3731,-8.296,-838.872,-559.736,6020,2940,-560
0.428694,-3.18327,-3.26964,-16.4309,-17.3924,-4.35707,-10.6088,-0.745192,-1.27973,2.55296,-14.6937,-6.94128,-1.34934,-11.4374,-5.28458,-9.47997,-10.736,-835.944,-556.32,6160,2380,-280
1.01463,0.113125,1.17379,-11.809,-10.1927,0.738258,-6.74861,-1.91601,-0.837232,2.01049,-11.7114,-4.00711,1.96152,-8.73301,-2.28215,-5.51892,-13.664,-831.552,-554.856,6160,2100,-140
7.4649,5.92297,7.57104,-3.99347,0.504976,6.09736,-1.85095,-1.95375,5.20569,6.80693,0.916615,2.2019,10.0478,-4.27859,1.75013,-2.42057,-17.08,-827.648,-557.296,5880,1540,140
7.84726,6.78472,9.57174,1.38652,9.3051,8.99485,3.00144,-2.94799,2.5743,6.72501,5.80046,4.54868,13.0145,-1.81643,4.27391,0.0109014,-16.592,-826.184,-558.76,5740,1540,280
6.29357,4.43211,9.96776,3.86227,14.3216,11.7058,6.52937,-1.67459,-0.252308,5.32185,8.54709,5.14944,15.0789,0.503119,4.73894,3.76598,-18.544,-826.184,-559.736,5600,1260,420
10.243,10.0134,12.5466,12.2907,20.8908,16.6959,13.0686,3.47082,7.28111,4.20819,10.9716,10.1194,17.5398,7.98692,10.8522,10.2417,-22.936,-826.184,-558.272,5460,1680,560
7.56081,8.49916,8.22133,10.9615,17.9484,14.9604,9.70787,3.41392,8.4357,-0.518651,7.10476,9.57878,15.1375,6.79714,6.75115,7.83958,-24.888,-825.208,-559.248,5320,1960,560
9.23962,10.31,7.62583,10.6504,18.1267,14.4082,8.77212,5.55379,11.5364,3.55966,11.226,11.1618,12.2759,9.32011,6.21283,7.20944,-29.28,-823.744,-557.784,5180,2240,420
2.94412,1.94878,2.73185,1.62628,8.81691,6.74107,0.300647,0.688432,3.49388,2.13162,10.0075,4.71465,6.82949,5.17735,-1.93435,0.17042,-28.792,-828.136,-559.248,4760,2380,280
-4.51368,-4.97596,-1.33709,-2.74082,1.48234,0.176219,-3.06434,1.8626,-4.97819,-3.35807,2.13355,-0.917155,4.53696,3.46461,-6.08793,-3.46992,-27.328,-828.136,-558.272,4900,2380,560
1.34432,0.772583,-1.11489,5.45884,2.03239,-3.30678,6.7774,3.99121,1.40086,0.612913,-0.350997,-1.31808,-3.45032,11.8672,3.24684,2.73756,-27.816,-831.552,-560.712,5180,2660,700
-0.41,-0.568261,-0.647337,7.22542,-4.44074,-9.19005,6.24966,1.89822,-1.6976,0.838635,-6.44048,-4.3328,-9.87734,14.392,2.62162,2.51817,-30.256,-829.6,-555.344,5320,2940,840
-6.55739,-3.27935,-4.65884,5.52756,-11.6226,-14.1492,0.84036,-1.78338,-7.13665,-2.33732,-13.8568,-10.6585,-16.5426,10.6067,0.428097,1.27413,-31.232,-829.6,-555.832,5600,3220,1120
-4.76436,-3.93219,-6.95291,2.89362,-13.7496,-17.1996,-4.36598,-5.24372,-4.2072,-3.48527,-16.5059,-10.8447,-17.8778,2.66695,-5.6749,-1.96174,-30.744,-828.624,-558.272,5740,3500,1120
-1.21667,-2.78144,-4.29161,0.243166,-7.84769,-13.6807,-6.1278,-3.62204,-0.220855,-1.49848,-11.244,-5.85642,-11.7127,-2.99573,-7.99564,-0.490025,-33.184,-827.16,-558.76,6160,3920,1260
0.891146,0.862243,0.76755,0.937233,0.298265,-8.7766,-3.95474,-3.51552,2.6163,0.857323,-6.08099,-1.12681,-7.6232,-3.54344,-3.71179,2.80965,-34.648,-829.112,-560.712,6580,4480,1400
-4.50572,-0.889076,0.474374,-1.11471,3.69369,-4.24697,-2.24977,-2.83748,0.589074,-7.5716,-10.472,-1.90059,-6.52777,-5.20903,-2.06474,4.11903,-29.28,-829.6,-559.248,6440,4760,1260
-2.89762,3.14028,-0.327628,1.94338,5.68755,0.912683,0.479349,-3.23093,3.39989,-8.39611,-10.3326,0.0223332,-8.79276,-3.48236,1.03641,5.46798,-31.72,-825.696,-561.2,6860,4620,1120
-10.1927,-2.5577,-3.9363,0.0689479,3.47434,2.93698,-0.658441,-4.89433,-7.55727,-6.89675,-5.73593,-0.341958,-8.62917,-4.33159,0.308087,5.44041,-31.232,-828.136,-558.272,6860,4620,980
-15.1888,-11.1246,-10.0773,-8.21975,-4.13334,0.648626,-7.26018,-9.28163,-15.2816,-8.18031,-1.9319,-5.29632,-8.33857,-10.5591,-6.52317,-0.904399,-26.84,-827.16,-557.296,7000,4340,700
-2.7887,-7.22264,-7.18696,-10.4699,-7.99205,-1.84441,-11.2883,-12.5074,-3.35406,2.16851,7.53962,-0.982082,-3.89128,-12.7562,-10.5735,-8.83903,-27.328,-827.16,-558.272,6860,4340,420
2.15504,-3.61915,-4.47521,-8.83388,-7.53258,-0.977727,-8.82991,-9.17283,2.97088,2.6361,7.34447,1.95576,0.639263,-10.3846,-6.20188,-8.78822,-23.424,-827.648,-555.832,6860,4340,140
1.56765,-1.67935,-2.16271,-4.75253,-5.96827,0.270099,-3.04778,-4.58644,2.14346,-0.226653,4.31803,1.61694,-0.0127601,-6.57434,1.09947,-5.52328,-20.496,-827.16,-556.32,6440,4060,0
-1.85619,-1.69237,-1.73533,-2.62671,-4.35888,-0.346008,1.37002,-2.03896,-0.654279,-3.64832,0.166528,1.09237,2.38446,-4.45489,4.59197,-3.85095,-21.472,-830.088,-553.392,6440,3640,0
-3.43344,-3.41628,-1.49939,-3.43443,-4.68767,-1.08014,1.34295,0.726677,-4.16042,-3.74243,0.841862,0.0702087,2.13289,-3.6036,1.42158,-3.95024,-19.032,-827.648,-555.344,6020,3640,-140
-0.581203,-4.3518,-1.81381,-5.1692,-4.61626,-1.1411,-2.11815,4.54775,-3.36046,-0.765255,4.86764,-1.1947,3.23344,-1.748,-3.02635,-3.87632,-14.152,-830.088,-554.856,5740,3220,-140
3.55942,-1.1369,0.535451,-1.89389,-1.38952,1.14454,0.359353,7.19955,1.83726,2.32751,7.94326,0.570622,8.56441,2.15371,-0.249101,-1.63049,-15.128,-830.576,-555.344,5740,3080,-280
8.65908,3.15714,6.28931,2.0938,2.48515,4.27707,2.76766,7.35591,6.52621,8.76342,14.4224,3.84207,12.2757,5.33125,2.75374,0.846464,-12.688,-832.04,-556.808,5740,2800,0
10.2452,6.76928,9.41065,6.20489,6.34093,5.89921,6.02712,9.08637,8.37475,11.8216,17.1524,5.97899,15.2606,8.27756,7.21365,4.81489,-11.712,-828.624,-554.368,5880,2520,0
8.68373,7.41345,7.92534,7.33181,8.76465,6.17339,8.31177,8.31088,6.93826,10.0203,14.4287,7.00274,14.1132,8.1042,8.90431,7.55188,-11.712,-831.552,-553.88,5740,2240,0
9.46677,11.6775,10.2392,10.8947,13.3731,9.82346,11.8852,8.46797,8.43066,9.78317,10.8708,10.4655,13.2819,11.0467,10.6457,9.74636,-12.688,-827.648,-557.296,5880,2240,140
8.75449,13.6102,12.009,12.7554,14.2066,10.7999,13.3735,10.2652,9.71925,9.04087,6.33243,12.756,13.3564,10.7158,10.951,9.36745,-8.784,-830.088,-554.856,5740,2100,140
2.16044,3.96314,4.3815,2.40496,3.60356,5.45556,3.34396,3.07006,2.5169,1.91577,-0.850061,2.79698,5.39452,2.14341,1.20584,-0.314804,-11.224,-829.6,-555.832,5740,2100,420
-7.77835,-5.11452,-1.95892,-4.90663,-4.32483,1.8432,-3.16382,0.0705499,-6.53358,-5.91126,-7.83874,-4.30038,0.547044,-5.89766,-4.02808,-6.72826,-11.712,-831.552,-554.856,5460,2240,700
-6.60015,-1.72854,-2.98974,-2.30014,-1.49219,3.31328,-2.44193,1.23562,-3.3109,-9.39592,-11.8507,-4.3673,0.0716711,-5.34446,-2.13213,-5.39494,-14.64,-832.04,-554.368,5600,2100,560
-3.06061,1.83392,-3.7155,-0.967058,-0.334998,0.742672,-2.10818,-2.73977,-1.24707,-7.64707,-10.1498,-5.75796,-9.48509,-2.03169,-1.6258,-4.77951,-13.176,-828.624,-553.392,5600,2380,980
-4.74419,0.922206,-2.12584,1.66167,3.25683,0.538366,2.61119,1.67663,-6.63531,-5.06446,-6.87135,-3.69941,-11.1293,3.09371,2.85889,0.82545,-10.736,-828.624,-554.856,5460,2240,1120
6.91916,4.67937,4.29327,3.84302,6.10764,2.44409,3.4558,3.47828,2.02384,9.24902,4.4838,2.23381,-6.87085,10.4421,2.7816,5.03436,-14.64,-830.088,-555.344,5320,2520,1120
14.8013,6.58383,7.11428,4.6298,5.05797,-0.379054,0.176358,0.374564,9.14455,13.4468,7.7452,7.00362,-2.84181,11.9583,-0.876891,3.59277,-14.152,-830.576,-553.88,5320,2660,1120
2.84664,-1.40912,-0.0554381,1.29772,0.208783,-6.37044,-2.2379,-2.73773,-1.0501,1.12752,-1.45833,-0.444593,-6.54935,7.16889,-3.62159,1.94711,-16.104,-828.624,-554.856,5040,2520,1260
-7.41669,-7.12805,-7.15288,-1.9032,-4.01524,-11.7518,-3.05547,-3.8854,-8.5,-7.76934,-10.6169,-7.43814,-12.8268,1.9354,-4.85276,0.95962,-14.64,-828.624,-557.296,5180,2660,1120
-7.56656,-5.76199,-5.35757,-0.716769,-1.49143,-10.6898,-1.93342,-1.98667,-6.78953,-6.07261,-12.1165,-6.26284,-8.84323,0.753018,-2.50185,0.0431921,-16.592,-832.528,-558.272,5460,3080,1120
-4.79156,-5.21623,-6.02668,-2.83365,-1.64884,-10.4101,-4.94032,-5.01606,-2.90388,-4.0063,-10.6372,-5.56792,-8.64407,-3.24513,-4.87177,-2.70299,-19.52,-831.064,-559.248,5740,3220,980
-6.69969,-7.4231,-8.48166,-4.91225,-4.18342,-10.0982,-7.03687,-5.55301,-4.11971,-6.50832,-12.814,-5.21135,-8.37818,-9.69221,-6.05534,-4.4532,-17.08,-828.624,-559.248,5600,3080,980
-2.40434,-5.6448,-6.36011,-6.14702,-5.43524,-6.94129,-8.27028,-6.95924,1.26752,-2.77564,-6.74726,-4.20529,-6.3355,-11.7297,-5.67904,-6.21679,-21.472,-831.552,-555.832,5880,3080,700
-2.9688,-4.97055,-6.00911,-6.93419,-7.46662,-4.51051,-8.16033,-7.72087,0.708623,-5.36042,-2.69641,-5.50696,-6.15343,-11.753,-4.41291,-7.56737,-21.472,-832.528,-559.736,5880,3360,560
-7.38968,-6.01898,-6.73052,-8.28807,-9.54652,-0.545227,-6.87174,-2.29376,-3.4999,-9.19965,-1.36153,-7.29249,-1.14563,-11.2479,-4.61921,-6.50834,-20.984,-831.064,-555.832,5740,3500,420
-2.94322,-0.295939,-3.70762,-3.67601,-5.14349,3.30126,-0.994438,0.172576,-0.42514,-6.25793,3.51427,-2.72409,4.71918,-6.99317,0.653487,-2.55285,-24.4,-833.016,-553.88,5740,3360,140
2.70163,6.30592,2.62793,2.89093,0.488586,6.39455,4.43285,2.00011,4.73715,0.397792,7.55887,4.39729,9.47062,-2.95409,6.12127,1.3633,-24.4,-831.552,-556.32,5600,3500,-140
5.82902,10.2443,5.75326,7.78158,3.16918,9.79479,9.40904,6.39123,6.76494,3.00945,7.69668,8.51879,13.2673,0.418215,10.3953,7.7465,-20.008,-831.552,-555.344,5600,3360,-140
2.46573,6.05867,3.79589,5.7895,1.10198,8.01269,9.19023,5.44708,0.425209,2.69383,4.80342,6.71122,9.71778,-0.0852735,10.4564,9.25034,-21.472,-832.04,-552.416,5180,3640,-420
-2.28468,-1.55565,2.42833,-2.11202,-2.68346,6.03566,2.43092,3.90848,-4.93635,0.427959,1.97865,2.12513,9.79405,-1.02119,0.925632,3.33556,-22.448,-831.064,-556.32,5460,3500,-420
0.0274319,-1.85429,3.77001,-2.21341,-2.2524,6.54013,0.565396,1.72221,-3.05846,4.80126,6.1682,1.87284,10.2436,2.87682,-0.31287,3.66877,-20.984,-831.552,-554.856,5460,3780,-560
-6.78638,-11.1437,-0.988082,-9.75859,-8.31136,2.83819,-4.97667,-2.96289,-10.0587,2.3755,3.3674,-4.84247,6.09971,0.173969,-7.86031,-0.464677,-19.032,-831.552,-555.344,5320,3780,-560
-4.50527,-9.76042,0.0163027,-8.59289,-6.61619,1.47949,-3.42687,-3.42957,-8.03879,3.80681,3.79123,-4.705,3.59712,0.381593,-9.14103,-1.99805,-20.008,-827.16,-555.344,5740,3640,-420
11.4249,5.958,8.69974,6.07999,5.3847,4.42779,6.53293,1.72179,10.6277,12.1051,9.0364,6.17502,5.87094,7.02585,2.01421,4.78298,-16.104,-826.672,-556.32,5320,3920,-560
10.0919,6.75796,9.47739,8.59012,7.97071,3.88215,5.95375,0.903599,9.3029,9.15326,6.03162,7.17453,3.5228,8.1789,4.19666,4.25185,-18.056,-827.648,-552.904,5320,3920,-420
5.82825,3.72672,6.29399,6.40972,7.68705,0.923681,2.00299,-2.77444,3.91716,5.65672,4.33779,4.9484,-0.119178,6.80944,2.44621,1.55884,-16.592,-829.6,-552.904,5460,3920,-280
3.71557,2.83852,3.43251,5.33641,6.17765,-3.04474,-0.608204,-1.28301,4.49251,4.57785,2.24066,3.20198,1.11084,1.47726,0.106947,-1.30626,-20.008,-829.6,-554.368,5460,4200,-140
6.52854,8.20397,4.86137,9.70985,8.97801,-0.283598,3.1662,0.648017,8.07475,7.57993,5.24702,4.41737,-3.84858,4.67763,5.27697,2.74579,-18.544,-826.672,-553.88,5600,4060,0
3.37868,4.73982,1.34373,4.92602,4.5569,-3.17071,-1.00793,-4.01859,5.07856,4.86045,2.33091,1.94817,-9.02624,3.11268,0.479275,-1.32247,-18.056,-829.112,-550.952,5600,3920,140
-1.82671,3.75776,-3.22135,3.70727,0.521546,-5.7835,-3.50029,-4.54627,4.13464,-8.08302,-11.5593,0.965842,-12.5956,0.379099,-1.94896,-4.43558,-21.96,-828.136,-550.952,5460,3780,0
-7.62681,5.30003,-5.05667,5.2093,0.937155,-3.20601,0.335567,-1.4365,2.8904,-19.385,-21.3248,-0.312999,-15.3555,2.30714,2.53732,-1.66883,-21.472,-827.648,-550.952,5320,3640,280
-16.0336,-4.48218,-7.15492,-2.8347,-2.65032,-5.08461,-2.75417,-2.39008,-10.5791,-13.9168,-16.8639,-6.58666,-13.91,-0.0308357,-0.231348,-4.21709,-21.472,-830.088,-552.416,5320,3500,420
-10.7667,-9.89444,-7.48128,-7.56995,-6.18334,-5.95758,-3.11147,0.275325,-13.8128,-6.77226,-10.49,-9.20904,-9.48155,-1.9305,-1.9392,-4.52178,-20.008,-832.04,-551.928,5320,3500,280
2.19243,-8.81978,-7.06852,-13.0815,-11.389,-6.50039,-10.9512,0.341509,-3.61425,3.5091,0.0421643,-6.46304,-3.78352,-6.95696,-10.5894,-9.07614,-20.496,-830.576,-551.44,5180,3220,280
2.83948,-4.71836,-5.90025,-9.90212,-7.95257,-4.2251,-8.99662,2.6086,-0.165023,2.82231,2.40203,-2.54123,1.76294,-5.97361,-8.15925,-6.28064,-20.984,-830.576,-553.392,5320,3220,140
1.71883,-1.28362,-4.28011,-4.4816,-1.81314,-2.24923,-1.95519,1.90723,0.396515,1.18383,2.19334,0.265845,3.67329,-3.92473,-0.904906,-1.57144,-21.472,-833.504,-552.416,5460,3220,140
-1.39146,-1.87132,-3.37115,-2.51377,-0.612763,-1.95836,1.3351,2.05669,-2.63131,-2.229,-0.148238,0.434739,4.7429,-3.1823,2.16117,0.524537,-18.056,-833.016,-550.952,5460,3500,0
-5.34447,-3.90346,-2.18823,-1.34115,-0.371962,0.506506,5.33912,5.19946,-7.51845,-6.3949,-0.961747,-1.23123,5.75234,-0.547522,5.02376,4.10968,-20.008,-836.432,-554.368,5180,3360,0
0.60406,-0.644762,1.77311,0.698846,4.04541,3.01003,7.47443,5.32828,-2.1155,0.732962,7.13774,2.14783,8.09916,2.07687,4.44898,5.47863,-19.032,-836.432,-554.856,5180,3080,140
6.1968,4.8057,5.80393,4.74141,10.3662,3.52891,10.8915,4.8889,3.46667,3.61643,9.02829,4.64811,5.79574,5.5159,6.62306,5.62959,-20.496,-835.456,-555.344,5320,2800,280
4.34306,3.45455,4.31103,0.453271,8.40124,3.25711,5.67682,2.43536,2.67269,0.64748,8.2139,0.930455,-0.0668459,4.97973,1.54102,3.312,-20.496,-836.92,-557.784,5460,2800,140
1.27792,1.09157,2.49851,-0.13434,5.85488,3.13116,2.05206,1.886,2.63574,-4.31414,6.07634,-1.58604,0.879122,1.47822,-1.98729,2.07886,-20.496,-835.944,-555.344,5740,3080,280
1.65054,3.10634,3.27358,4.78332,8.06949,5.2755,3.38544,1.24795,1.94646,-3.26666,6.43217,0.639488,1.37785,1.87756,2.26971,4.35065,-21.96,-836.432,-559.248,6300,3500,140
7.08629,6.66531,5.40015,5.68115,6.97259,4.96702,-0.299413,-2.13582,7.23263,3.56652,7.70628,3.66587,4.00455,0.769496,0.670432,1.70022,-20.496,-836.432,-557.784,6300,3780,280
5.41251,4.72792,4.11321,4.96475,4.87516,4.09591,-1.37589,-3.60928,3.99277,4.36624,6.10128,2.90541,6.14911,-2.09428,0.163225,-0.173983,-17.568,-836.92,-555.832,6300,4200,140
1.02767,3.60223,1.0516,6.09318,4.91345,3.44067,1.54548,-2.93048,-0.382611,2.60764,0.785172,0.431294,2.41092,-1.43082,2.86745,2.50657,-17.568,-833.504,-559.248,6580,4340,140
0.25488,0.500453,1.74146,0.844575,0.153141,2.01157,-1.75307,-0.94481,-0.605394,6.49093,0.15722,-0.115131,1.34555,-0.549962,-2.44356,0.742952,-20.496,-834.48,-553.392,6720,4340,140
-2.41941,-3.79251,-1.94668,-4.50058,-9.02383,-3.54285,-6.91205,-4.26524,-2.77399,4.18869,-2.15954,-2.5117,-3.18548,-5.02988,-5.81643,-4.5207,-17.568,-833.992,-555.832,6580,3920,140
0.687283,0.948501,-1.82328,-0.39102,-7.4394,-5.24019,-5.09995,-4.72499,2.75503,3.70288,-3.34747,0.150803,-5.41899,-4.50878,-1.05059,-3.05137,-16.592,-831.064,-557.784,6580,3920,280
-3.62006,-0.353288,-2.69047,-0.419123,-5.99103,-3.90813,-2.43951,-2.88586,-1.19672,0.301469,-5.2377,0.397496,-6.17479,-1.36624,0.501435,-0.221376,-17.08,-833.504,-556.808,6720,3920,280
-8.39249,-7.46777,-4.27887,-6.70285,-11.4509,-5.01132,-7.25118,-4.35084,-5.63543,-3.9981,-8.59958,-4.62836,-5.08896,-4.53819,-6.58008,-5.02735,-16.592,-833.504,-551.44,6580,3500,280
-12.8661,-10.0664,-4.93918,-7.64294,-12.5936,-3.65654,-7.41289,-1.0947,-10.3236,-10.929,-14.3744,-7.49578,-2.38001,-7.26347,-8.31692,-6.64035,-17.568,-834.48,-553.88,6860,3500,140
-3.04074,1.14041,-1.4918,2.87635,-2.5791,0.956764,3.98865,2.27052,-0.112418,-3.91571,-10.0229,-3.29653,-2.60228,0.0776458,4.87714,2.26134,-15.128,-833.992,-554.368,6720,3360,280
6.13639,5.85933,4.07754,5.5321,2.51924,6.08023,7.2097,6.1473,7.44093,4.11444,-2.8825,4.24979,3.43702,5.94116,7.5741,5.79313,-20.008,-831.064,-551.928,6720,3360,280
6.02271,3.11411,3.08881,3.98502,0.835889,5.19258,5.61972,3.55629,4.64414,4.13971,-1.30389,5.27977,6.27138,3.74377,6.05059,1.24383,-20.984,-833.016,-551.928,6580,3360,280
8.21944,3.99087,5.34651,5.60465,3.22974,4.47434,5.76611,2.04497,7.13884,8.13252,4.34856,7.40935,8.12015,5.77537,8.56361,0.959631,-20.008,-830.088,-551.44,6440,3360,280
2.63573,-2.66196,3.03241,-1.56007,-2.18623,1.18979,-1.95404,-1.20253,3.04546,4.27028,4.37061,3.91293,6.51168,4.43996,-0.414339,-3.03177,-18.544,-831.064,-550.952,6300,3500,280
-4.87296,-8.30163,-1.28545,-7.51466,-8.41056,-0.339662,-6.07192,-1.72926,-4.11867,-1.32292,3.01735,-2.98247,3.41698,2.77422,-6.34349,-3.94063,-20.496,-829.6,-551.44,6160,3360,0
0.390158,-0.448256,1.05225,0.674989,-4.1908,0.770627,0.522192,5.54319,1.25741,1.05602,3.50723,-0.517405,1.78508,8.13637,1.01418,2.89074,-20.496,-829.6,-550.464,6020,3360,140
-1.08324,-1.60526,-0.415897,-0.967987,-4.01431,-2.08519,0.820455,6.94979,-1.86944,-0.054142,2.56779,-1.96593,1.09612,8.12213,-0.539646,4.52038,-24.4,-828.624,-550.464,6300,3220,140
-3.31251,-6.03102,-1.28601,-8.45555,-7.7555,-4.17896,-6.23668,2.51694,-6.37093,-1.81675,1.55428,-3.69618,-0.572941,3.37512,-10.0977,-0.38984,-21.472,-828.136,-553.392,6020,2660,140
-2.78456,-6.06637,-2.72341,-9.45076,-6.94496,-6.9424,-8.46883,-4.19942,-6.38673,-4.25803,-2.69285,-4.58701,-6.32053,-2.54577,-11.5672,-5.98693,-20.008,-829.112,-551.928,6160,2520,280
0.907199,-1.18021,-1.53151,-5.23112,-0.301737,-4.86399,-2.34276,-5.913,-1.43397,-1.51292,0.0696737,-2.52776,-8.03621,-4.46801,-5.02247,-4.53617,-16.592,-830.088,-552.416,6160,2100,140
-1.00607,-1.37123,-3.35084,-4.86026,1.1738,-3.93938,-0.189541,-5.99786,-2.27062,-1.03588,1.72522,-3.78696,-7.61729,-6.13107,-1.94565,-2.71174,-17.08,-831.064,-552.904,6300,1820,140
-5.10906,-3.24755,-4.86403,-5.17732,1.78531,-3.40366,-2.24906,-5.41891,-6.18136,-4.63873,-1.13444,-4.23384,-6.49449,-7.18527,-3.23279,-3.89207,-18.544,-829.112,-555.344,6300,1680,140
1.2863,5.29315,-2.59669,4.5853,7.31031,-0.688622,2.28213,-4.21359,2.01486,-0.305384,-0.143277,1.704,-5.67922,-3.23006,4.42537,-2.27782,-17.568,-829.6,-553.392,6160,1680,140
-0.825767,7.26501,-3.98345,9.03398,4.12462,-1.17078,4.5441,-3.60726,3.70768,-4.2446,-4.05593,1.77241,-1.90425,-4.5053,9.81944,-0.96629,-17.08,-831.552,-556.32,6440,1820,140
3.23512,10.4371,-1.14567,11.3537,2.8325,1.96566,6.11616,-0.068655,9.25946,-3.59813,-4.96564,5.41177,-0.496036,-3.71827,11.2662,2.6834,-17.568,-831.552,-552.416,6860,2240,140
1.45112,9.59214,2.00528,11.696,8.78802,8.01521,8.10561,6.13319,5.29536,-3.55677,-2.15775,8.68075,4.28492,0.759219,9.39054,5.54581,-17.568,-832.04,-553.88,6860,2240,140
1.47527,8.62569,6.34104,12.1549,17.3166,12.2325,12.2344,9.70111,2.57792,-0.125314,3.24219,8.69849,8.60139,4.78564,9.91392,9.36703,-16.104,-830.576,-553.88,6720,2380,140
0.909143,5.5425,4.90366,6.3678,18.2351,8.03312,9.04331,7.25794,2.05316,1.39358,4.06668,3.45503,4.15653,1.60516,5.49377,7.32735,-15.616,-833.992,-553.392,6860,2380,280
1.69975,1.38563,4.6512,1.07389,15.8606,4.04998,3.23686,4.94794,-0.584468,3.75898,6.96569,0.0473546,3.71112,-2.75757,-0.629582,4.10664,-16.592,-833.016,-550.952,6580,2380,280
-2.24701,-5.52114,-0.559188,-3.99782,7.87039,0.548128,-0.175473,1.86493,-7.50158,-1.14627,2.99659,-6.10766,1.93701,-9.38221,-1.42652,1.97817,-14.64,-835.456,-554.368,6860,2380,280
7.61083,-1.09328,-0.126304,-4.51251,4.61128,-2.26621,-5.25145,-3.28419,4.73038,2.94451,2.23875,-3.42846,1.59878,-11.7457,-5.08202,-2.23741,-14.64,-833.504,-549.976,6720,2520,420
8.78933,1.04488,2.56665,-1.50253,6.87954,-1.57576,-3.77166,-4.14588,7.56525,5.69021,0.684713,1.89884,1.18771,-6.87863,-5.56139,-0.498969,-17.08,-834.968,-549.976,6440,2380,280
4.69841,1.02226,4.24182,3.20956,14.8519,1.5175,2.37568,0.0130905,2.3288,5.59446,2.10641,4.35033,3.32924,2.6346,1.44999,4.94278,-17.08,-834.968,-549,6160,2660,280
4.91809,2.19676,1.9283,3.63912,12.5948,0.17098,0.691409,-2.8175,4.10372,5.94631,2.98049,2.22097,-1.1472,4.6767,2.31732,4.27553,-15.616,-834.968,-551.928,6020,2380,280
-3.42354,-1.39964,-4.24781,-0.218736,3.58388,-6.25334,-3.65214,-7.94644,-0.565062,-1.72081,-2.83635,-3.65672,-9.3465,1.48577,-1.16423,-0.768121,-15.616,-833.504,-555.832,6020,2240,280
-6.05794,-5.33607,-3.59631,-3.44928,-6.28715,-6.85348,-5.22766,-4.15359,-4.54536,-4.19965,-2.9501,-3.04087,-4.78875,1.25711,-5.01795,-1.7174,-20.984,-834.48,-554.368,6160,2240,140
-12.7742,-14.6958,-6.64693,-12.6919,-25.8557,-8.09006,-11.4229,-3.41606,-14.6595,-7.66017,-6.9085,-7.06568,-3.55159,-3.86722,-13.0061,-5.55371,-19.52,-835.944,-552.904,6160,2660,140
-3.83018,-5.21745,-0.0281173,-4.42903,-27.5553,-3.90133,-3.78204,1.39806,-6.06662,0.753408,-0.909033,-0.553938,0.80023,3.56506,-4.14067,0.78251,-19.52,-836.92,-549,6020,2380,140
-1.141,-2.59587,1.07754,-5.21623,-31.8976,-0.697984,-3.46935,5.12307,-1.99744,0.0277469,0.854669,0.878732,3.403,6.24069,-5.35378,0.437893,-17.568,-830.088,-552.416,5600,2800,0
-4.13107,-2.08525,-1.29143,-5.91472,-27.1174,0.696083,-2.20261,5.50764,-2.78144,-2.93512,0.417313,-1.08225,0.191735,11.1987,-2.97592,-1.45918,-21.96,-831.552,-550.952,6020,3220,-140
-6.5039,-4.4349,-4.26506,-6.77114,-24.8687,0.279902,-5.74146,0.949282,-4.62734,-4.0273,1.25926,-5.75845,-2.8581,14.528,-4.37405,-6.35439,-19.52,-831.064,-551.928,5600,3640,-280
-4.02771,-6.55108,-2.09672,-4.74012,-19.5589,-1.71077,-6.31409,-2.19425,-2.41765,-0.521743,3.69087,-5.94337,-0.705742,19.3205,-2.89667,-8.62895,-18.544,-833.016,-547.048,5180,3780,-420
3.18095,-2.44387,2.45895,1.59339,-9.13476,0.867974,2.17071,2.2352,2.82206,6.79769,8.7976,-0.0455952,4.13884,23.7898,4.33548,-2.15748,-18.056,-834.48,-549.488,5040,3640,-420
3.41415,-5.51389,0.51774,-4.20016,-8.27903,-0.599541,-1.13127,0.990267,0.547884,6.47958,4.91274,-1.76869,3.96503,7.84113,-1.75542,-5.41495,-19.52,-835.944,-546.56,4620,3500,-280
1.00859,-1.20614,1.22571,0.847503,0.817992,-2.11059,2.46449,-2.1137,-0.321503,2.85497,-0.501589,-0.749493,1.92658,-2.73368,5.14618,-4.81399,-18.544,-834.48,-546.072,4480,3360,-280
1.21821,-0.369713,-0.266798,-1.0816,4.28717,-3.88456,-3.04336,-5.08195,-1.78853,2.44932,-2.40095,-1.00958,-0.520525,-11.3285,1.70936,-7.90483,-15.128,-836.432,-549.488,4340,3220,-280
-2.84199,1.03284,-2.59933,2.20425,11.4347,-0.970371,-0.57905,-2.03834,-2.57857,-7.10792,-10.8579,-0.317333,-2.18378,-13.5264,2.37956,-3.49701,-16.592,-834.968,-548.512,4340,3220,-280
7.68921,13.0181,6.27572,16.0098,27.6119,6.12933,11.9599,5.52448,8.99612,4.05254,-4.38021,10.2307,1.42444,-3.56407,13.6399,7.18849,-14.64,-835.944,-551.928,4340,3220,-280
12.4885,18.6041,11.6308,20.493,36.6383,9.65125,18.1942,10.1588,16.9044,12.7305,4.06369,15.4743,4.77979,1.15515,17.6297,13.4358,-14.64,-834.48,-549.976,4340,2940,-280
12.8385,8.8311,7.58696,4.61272,25.4422,6.58445,7.00177,2.65787,10.4181,14.784,7.38535,7.71271,0.913114,-4.5398,1.09575,4.82894,-15.128,-834.48,-552.416,4340,2940,0
8.01954,-0.886836,2.32417,-9.01817,12.1343,2.33317,-5.7977,-6.02656,3.97874,9.15681,6.02903,-1.617,-1.13648,-12.0956,-12.432,-5.25557,-15.128,-834.968,-553.392,4620,3220,0
3.54885,-6.06249,-0.0855505,-13.6734,2.61709,0.0791728,-12.005,-9.0487,1.18292,3.26645,3.59635,-5.96606,-1.06297,-17.5144,-16.1109,-7.95932,-11.712,-831.552,-551.44,5180,3360,140
1.09234,-0.123968,-1.83117,-4.82933,-0.399532,-0.603091,-6.62943,-5.48315,2.60111,-3.74466,-2.18136,-3.55215,-1.22544,-16.1402,-6.61887,-1.8201,-15.128,-835.456,-552.904,5320,3640,140
-3.7034,16.268,-7.56335,13.9102,9.85283,0.759574,8.12592,1.39466,13.6357,-33.156,-25.8058,1.33885,-5.94915,-9.14594,11.5969,7.68499,-15.128,-833.992,-549.488,5320,3500,280
-4.13093,26.1203,-2.91919,26.1249,23.6408,4.61152,17.4161,5.61373,17.2435,-26.2561,-25.5776,9.99524,-4.95809,1.66952,20.5255,12.9629,-17.08,-833.992,-548.024,5460,3220,420
-25.1186,4.02128,-6.96831,11.458,12.6828,4.96192,12.787,5.21771,-11.5852,-22.1086,-13.7687,-0.720947,-3.55817,3.29169,12.2596,11.2307,-15.128,-834.968,-549.976,5460,3080,420
-19.2662,-18.4924,-8.54007,-14.176,-6.82389,-1.55876,-2.15973,0.486838,-27.1093,-12.4483,-5.45548,-10.1721,-2.6767,-3.79023,-5.33919,0.241776,-15.616,-837.408,-548.512,5180,2660,560
-15.185,-21.0682,-5.04486,-17.6518,-10.0337,-4.22956,-6.79319,-1.33508,-29.4446,-3.34232,2.95263,-9.68575,2.13991,-3.34094,-8.82908,-2.81235,-14.64,-834.968,-550.464,5600,2800,700
-4.26876,-18.6636,-1.44474,-16.6729,-10.8038,-4.5149,-8.4273,-2.69721,-21.4723,7.06312,14.0829,-9.25802,3.09503,-3.03026,-11.0462,-2.54353,-16.104,-837.408,-552.904,5460,2380,420
5.70731,-12.1522,1.38772,-12.2649,-20.1529,-4.46896,-9.39245,-3.44257,-8.82806,11.6016,14.4185,-3.63311,6.38296,-3.08747,-10.3587,-2.21998,-17.08,-834.48,-550.952,6020,2660,420
5.30246,-2.7221,1.44956,-4.52972,-25.1394,-1.23176,-4.77514,0.547398,1.64923,8.36709,10.5252,2.0295,10.3187,1.43896,-2.94054,0.908046,-19.032,-839.36,-552.904,6020,3080,420
8.71881,5.9649,2.25106,3.05395,-18.6363,-0.174361,-1.7309,0.844329,10.2242,12.4272,10.3546,5.63711,7.96429,4.55104,2.19856,0.819546,-18.544,-837.408,-548.512,6160,3220,280
5.24159,4.41173,-0.447386,2.74694,-12.6263,-1.73666,-2.79862,-2.48772,5.87353,9.15756,8.27889,3.61773,0.317788,4.38578,-0.130398,-2.8177,-17.08,-837.408,-551.44,6160,3500,280
4.08437,2.19742,-2.29377,1.21664,-4.75273,-3.40968,-4.25092,-2.93166,5.05386,6.16948,6.50018,1.50166,-4.02635,4.59533,-3.64332,-4.51229,-20.496,-834.968,-549.976,6020,3360,420
3.14746,2.60247,0.00664695,4.37105,1.29667,-2.88053,-3.09465,-1.96621,5.00482,5.04425,6.28633,2.61395,-4.78304,8.33172,-0.562856,-4.08253,-20.008,-836.432,-550.952,5880,3360,280
5.50764,5.30293,3.31012,8.79383,4.2225,-1.45935,4.08477,2.28417,8.78779,5.60663,5.29293,4.6233,-6.04105,10.4165,7.41083,-0.979317,-18.056,-835.944,-546.072,5880,3640,420
8.64104,5.63129,5.11603,6.79277,-0.266266,-0.640176,2.19171,2.68361,12.7147,7.20159,3.27208,6.87612,-2.56349,6.3271,3.01655,-1.8552,-20.008,-834.968,-548.512,5600,3640,420
7.75058,1.79606,4.7514,2.48807,-2.87251,2.46,1.68625,2.91325,10.0411,7.79284,1.52629,3.89253,-0.672102,4.48464,-0.467496,-0.287678,-22.936,-835.944,-547.048,5460,3780,420
-4.29611,-6.97691,-0.564249,-2.3054,-1.14828,1.09584,3.20009,4.47961,-4.46849,-3.17933,-6.67244,-5.44074,-2.42193,4.73901,1.97354,0.744562,-20.008,-833.504,-549.976,5600,3780,280
-7.16134,-7.82938,-3.7454,-3.93477,1.03808,-3.0822,1.31493,0.961763,-11.2979,-5.48392,-8.99205,-7.79711,-2.99596,2.82503,-1.29642,0.330525,-23.424,-835.944,-549,5740,3220,280
-6.96929,-7.92699,-4.26211,-5.70719,2.49537,-3.73255,-0.69749,-0.722049,-11.1747,-6.29628,-9.25253,-9.08176,-2.61608,-0.461003,-5.24474,0.295022,-20.496,-839.36,-552.904,6020,3220,420
1.2184,-3.18623,0.115226,-5.95387,4.05805,-2.08444,-1.36309,-0.772325,-2.69782,-3.83737,-6.26018,-4.98821,-1.51231,-0.0515258,-5.52554,-0.0689136,-20.496,-833.992,-550.952,6440,2940,420
5.85381,1.1825,2.18861,-3.55915,7.99235,-0.763266,-3.35523,-4.06466,4.11911,-0.764481,-3.64354,-1.89587,-1.96007,-0.744592,-6.7523,-2.54393,-21.472,-834.48,-547.536,6440,2520,280
5.19241,5.11072,6.54845,3.94748,17.5654,6.62122,1.07722,-2.57052,5.56741,2.03057,-0.997156,2.91082,2.95032,0.593412,-0.718972,1.15784,-17.568,-836.92,-548.512,6580,2100,280
3.00597,9.12531,6.78582,9.32611,18.6754,10.4971,4.21835,0.168217,7.5404,0.144493,-1.63788,6.4118,4.71975,0.114001,6.58722,5.24257,-18.056,-833.992,-548.024,6440,1820,280
3.08834,13.0516,7.55769,14.4911,20.5055,9.682,8.5427,5.48505,8.96165,-0.692893,-0.0295593,9.20083,5.39664,2.16965,15.4358,8.09155,-17.568,-832.528,-548.024,6300,1540,140
6.20608,16.4308,7.33228,16.8373,20.1196,6.17864,9.70583,7.30384,12.7403,1.26719,1.89919,10.9878,4.12872,4.6595,16.6653,8.4992,-15.616,-833.016,-546.56,6300,1120,-140
5.89858,9.73391,2.21853,6.54136,8.16341,1.44997,2.18464,3.2701,11.0399,1.48238,2.27284,6.48049,-1.6425,0.837254,4.82332,0.581469,-16.104,-832.04,-550.952,6300,980,-280
2.98622,0.974954,-0.177488,-4.36421,-3.67564,0.621773,-2.47858,2.71856,5.62256,3.0436,4.73748,3.03089,-0.0250052,-1.30314,-6.33932,-2.9564,-15.128,-833.504,-548.024,6160,980,-420
0.652829,-0.844643,0.534703,-3.06947,-5.59475,0.953901,-1.21294,2.74694,0.283832,4.50151,6.3919,2.84696,0.919219,1.50966,-4.74534,-0.0439888,-14.64,-831.552,-547.536,6300,840,-420
-5.57219,0.357851,-1.80637,3.55923,-8.09511,-1.02928,4.52212,3.34794,-4.14329,-1.96481,1.75463,0.617634,0.36138,2.39094,4.45892,3.89172,-15.128,-831.064,-545.584,6020,840,-560
-18.8928,-14.3712,-10.4026,-11.9934,-25.5102,-8.30413,-7.96091,-1.16054,-17.4039,-12.3217,-8.40005,-12.1359,1.01393,-10.0866,-9.03438,-5.75393,-15.616,-833.992,-549.976,6160,700,-420
-17.2354,-19.6392,-12.9111,-24.3526,-33.3645,-10.6688,-18.569,-10.0754,-17.6134,-9.82534,-7.83625,-17.3089,-2.64361,-16.8941,-20.7741,-15.7009,-15.616,-833.992,-547.048,6300,560,-280
-13.6619,-15.4874,-7.87137,-18.3647,-26.0212,-5.78169,-7.77476,-7.02269,-15.1697,-7.13907,-7.2715,-10.739,0.301678,-9.55426,-8.06974,-9.12484,-16.104,-833.016,-548.512,6020,560,-560
-8.83415,-5.94215,-3.83721,-3.63203,-9.94139,-2.80063,5.91311,-3.58463,-10.1994,-6.54485,-6.99878,-1.49481,2.92338,-2.92438,9.53624,-0.318849,-17.08,-834.968,-547.048,6300,280,-420
3.96361,2.28241,0.704731,1.57211,-0.0531501,-0.115796,3.83068,-3.97986,0.108163,1.14121,-1.05494,4.15387,4.17002,-0.793589,5.70918,-1.29166,-11.224,-837.896,-549.488,6160,140,-420
8.15356,2.44577,4.82551,0.537352,2.53218,3.0557,-2.36825,-4.35149,1.58437,7.14021,5.68512,3.09775,5.56309,-1.91892,-1.44518,-3.66162,-16.592,-835.944,-549,6440,0,-700
3.03657,-0.104177,0.197797,3.05002,1.20555,3.13671,-1.37105,-2.34691,0.986779,2.78602,6.53033,-2.31896,1.85246,-4.26536,3.13666,-0.589668,-15.128,-836.432,-549.488,6860,420,-560
-3.9725,-7.05321,-7.40984,-0.771391,-0.755985,1.45504,-0.935562,1.24088,-2.61543,-4.23611,1.31191,-9.78408,-2.83404,-7.30595,1.79098,2.64807,-17.08,-837.408,-549.488,7280,560,-560
2.37976,2.20749,-4.69838,2.78526,6.57617,-1.08308,-1.3926,-2.65651,6.50092,0.376528,3.17367,-4.08226,-5.40954,-5.20081,1.35187,2.23782,-12.2,-836.92,-548.512,7280,700,-560
5.04456,8.78109,4.90941,10.5472,17.8992,2.66103,7.75595,2.30708,3.95889,4.363,6.31012,6.0429,0.0130472,5.26966,9.34393,9.62829,-13.664,-835.456,-545.584,7280,700,-560
-5.78093,-4.89804,-0.0513151,1.05448,11.5947,0.236162,5.53161,4.20442,-10.2042,-4.84958,-2.51711,-1.76752,-3.0021,3.23734,3.60345,7.14341,-16.592,-834.968,-547.536,7140,700,-280
-1.97406,-3.58973,-1.73067,-2.92178,-2.91453,-2.93367,-0.69883,3.53812,-3.96529,-4.45254,-5.0537,-2.00609,-6.47167,1.68399,-3.0121,1.90352,-15.616,-835.944,-544.608,6720,980,-420
5.50906,5.64509,3.79358,2.51161,-4.20855,-2.8693,-0.648771,2.05664,5.55523,2.93861,-1.31576,6.66525,-2.76863,4.92902,-3.64723,0.607129,-18.056,-837.408,-550.952,6440,1260,-420
7.96285,5.8223,3.77684,0.937082,0.559923,-4.15662,-3.16998,-1.3656,6.57686,5.91069,0.354837,6.12028,-5.59573,6.1541,-8.89761,-3.11852,-15.128,-841.312,-549.976,6440,1680,-420
10.2455,5.80791,-0.115988,-2.19716,-1.48415,-7.13744,-6.94035,-4.84601,7.75172,6.40349,1.20031,4.36086,-7.30035,5.24061,-12.6173,-7.02247,-18.544,-840.824,-548.024,6580,2100,-560
6.07823,3.68059,-4.26121,-0.411308,-0.47668,-7.87183,-6.18979,-6.68122,4.21212,2.83469,0.407286,1.29744,-9.24196,3.68835,-8.48476,-7.7067,-14.64,-836.432,-551.928,6720,2380,-420
-0.126635,1.51301,-3.88696,3.84188,7.26299,-1.6242,0.84818,-3.60018,-3.23073,-1.34891,-0.0357201,-0.397086,-9.14004,7.93606,-1.11106,-0.65747,-18.056,-839.36,-549,7140,1960,-420
0.882983,-1.21389,-2.29746,-1.96297,6.18594,1.04335,-0.883003,-1.91818,-0.371302,0.160421,-0.388363,-0.0784055,-4.03316,7.0166,-6.10253,0.602255,-16.592,-836.92,-549,7000,2100,-420
8.88716,4.34066,4.61252,2.47623,9.86392,5.01755,5.01504,3.1758,9.93595,8.56677,6.54051,5.52083,3.65779,8.14328,3.07461,5.30902,-19.032,-839.36,-548.512,7140,1960,-280
8.22458,8.85897,9.87406,13.7912,17.9639,9.81786,12.7059,7.44124,9.19921,8.03414,7.30817,9.39103,7.42649,9.33258,15.4733,9.14455,-15.616,-844.24,-548.024,7280,1820,-140
4.65424,10.3073,10.0366,16.5703,19.4712,11.5299,13.9369,9.88402,9.90476,3.74019,2.98303,9.20717,8.69893,8.66877,14.2565,10.3597,-15.616,-840.336,-549.976,7140,1680,-280
9.08047,13.2066,12.6367,16.8825,19.4538,11.3253,17.3179,10.3533,15.3063,8.95995,6.72087,12.1215,10.995,10.5416,16.6445,13.86,-15.616,-841.8,-548.512,7700,1820,-140
2.68236,4.91524,9.40497,8.38239,10.826,7.66746,10.7728,8.6425,6.11561,5.89611,7.27163,6.14992,8.97397,4.36578,10.8517,9.31767,-12.2,-842.776,-552.904,7840,1820,0
0.972232,-0.402261,4.75395,-0.814927,-0.667111,4.5616,-0.314149,2.53273,0.79644,5.16371,7.58362,-0.168167,7.04148,-3.11769,2.96305,-0.629175,-13.664,-840.336,-548.024,7840,2100,0
-6.43019,-6.11607,0.0669758,-7.14782,-9.42338,0.789814,-6.31076,-1.26169,-6.97487,-4.01507,-0.147302,-4.52315,4.77736,-7.09855,-1.07454,-4.61292,-14.152,-841.312,-549.488,7980,1820,140
-16.3272,-11.73,-5.01026,-11.5142,-17.9152,-2.07548,-11.4615,-0.968824,-16.3488,-14.2549,-8.73762,-7.68492,5.18203,-11.3282,-6.44276,-6.42562,-14.64,-841.8,-546.56,8120,1680,280
-16.1467,-13.7743,-9.83116,-16.7258,-23.5352,-5.23726,-16.3692,-5.39805,-17.5481,-15.578,-9.33749,-13.0925,-3.26309,-16.765,-13.9553,-10.876,-13.176,-843.752,-549.976,8120,1680,0
-18.1164,-16.5683,-11.6907,-20.2886,-25.4819,-8.154,-18.0435,-10.0727,-18.2321,-16.763,-12.6217,-15.209,-2.41535,-22.4044,-14.0283,-14.4528,-12.688,-842.776,-544.12,8260,1400,140
-12.656,-13.7283,-9.03634,-17.2315,-19.8125,-5.64472,-14.0598,-9.20389,-12.411,-10.1133,-10.2728,-11.8486,0.768682,-19.6741,-9.80185,-11.9792,-15.616,-845.704,-541.68,8260,840,-140
-6.23062,-5.24879,-4.14844,-6.35437,-7.60999,0.468669,-1.37873,0.775815,-5.56941,-3.98633,-6.96578,-3.95586,1.70142,-9.1277,1.78461,0.190055,-14.64,-845.216,-542.168,8260,840,0
0.762771,2.70562,0.506561,0.887034,0.534935,3.23107,4.27504,4.21256,2.0878,2.48925,-2.13802,2.4613,4.46518,-2.61291,6.34114,4.97152,-16.104,-843.264,-544.608,8260,280,-140
-1.94435,-2.12454,-2.71789,-3.21176,-5.0533,-1.85759,1.97619,-0.102107,-1.58493,0.501319,-4.15746,-2.5665,1.21592,-4.11446,1.32169,1.44437,-16.592,-843.264,-543.144,8260,140,-140
1.94494,-2.65108,-3.26342,-5.60437,-16.054,-5.78657,-1.03012,-3.05221,0.89513,2.49241,-2.74247,-2.34086,2.75212,-2.96131,-1.55705,-2.81931,-17.568,-842.288,-544.12,8400,-140,-140
10.3463,4.31424,-0.749477,-1.8927,-15.3699,-6.82042,-4.45787,-4.78099,13.1412,8.39933,5.70467,0.723208,0.17771,-0.89026,-5.55053,-8.99818,-15.128,-841.8,-546.072,8400,-280,-420
1.81533,3.29764,-2.29025,5.13685,-6.58356,-6.24937,-1.03598,-3.36465,6.71015,0.980303,3.37911,-1.61012,-2.06201,0.845627,-0.743514,-7.13065,-16.592,-845.704,-547.536,8540,-420,-420
0.836836,0.277778,-0.963949,5.14585,-0.239995,-5.19288,-2.04629,-4.36353,4.09587,-0.649012,2.41947,-1.3435,-2.43676,5.24976,-6.75595,-5.36568,-15.128,-845.216,-547.536,8960,-420,-560
-1.35462,-4.06059,-1.35239,4.66132,7.87538,-2.48245,5.14025,0.452995,-1.92105,-1.62546,1.24881,-2.02985,-4.38889,10.5165,-1.38827,1.40251,-16.104,-844.728,-549.488,9240,-560,-700
2.7327,-3.02598,-1.89582,-0.113421,10.7979,-1.22564,1.97838,2.94259,1.60095,0.209378,4.67511,-1.62081,-4.48043,9.19356,-6.34319,1.18923,-16.104,-846.68,-549,9380,-560,-700
8.8906,3.61698,0.0170225,1.53829,13.1643,-0.463709,-1.9125,2.65585,8.21861,5.4969,6.28266,3.30688,-5.98421,10.1957,-9.2391,0.186854,-20.984,-845.216,-549,9940,-840,-420
6.83368,8.48136,2.77204,12.9415,20.3871,2.29909,11.7479,6.88568,7.57121,4.77061,2.8571,6.16305,-9.74867,16.7311,10.7944,10.3883,-14.152,-845.704,-554.368,10220,-700,-280
14.1966,19.3213,11.7503,24.6758,30.2194,7.2252,17.9448,9.23971,13.0754,11.2705,6.39848,15.8658,-7.20786,22.7655,21.3672,15.6474,-13.176,-845.216,-554.368,11200,-700,-140
9.53664,19.4706,12.7794,30.091,34.8697,10.6386,22.2931,9.41588,4.25083,10.2744,5.47498,17.0937,-6.78679,24.7359,28.9681,21.2878,-13.176,-846.192,-555.832,11480,-980,0
9.27975,14.7717,11.3933,22.5194,25.3,8.83663,15.9161,4.74452,6.11154,9.70178,4.09572,14.8264,-2.21076,15.4644,20.6101,15.8332,-14.64,-847.656,-552.904,12180,-700,420
2.00811,3.02253,5.17209,2.39795,7.35795,4.22723,1.359,-0.261734,-0.519704,2.44474,1.17932,5.80064,-1.47489,3.21718,0.103215,5.50515,-12.2,-846.68,-553.392,12600,-560,560
-8.15822,-12.1845,-2.64693,-18.5741,-10.5114,0.534473,-9.68594,-1.15874,-13.1371,-5.84087,-1.9587,-5.82995,-0.660398,-10.2681,-15.8032,-1.27117,-18.056,-850.584,-552.416,12880,-140,700
-5.01233,-9.47472,-5.04125,-17.0556,-15.6251,-1.23832,-10.3918,-0.320016,-7.01742,-5.9191,-2.91437,-7.06271,1.67487,-18.0487,-10.9325,-4.33746,-16.104,-853.512,-549.976,13300,280,700
0.207382,-2.6006,-3.52779,-10.1105,-13.2633,-0.980264,-7.96343,-2.9419,-1.27351,-3.37931,-4.08378,-3.67808,2.12086,-19.7394,-5.19906,-6.84576,-17.568,-852.536,-546.56,13440,280,700
2.74305,1.79533,-1.0269,-5.96468,-10.9791,1.02249,-6.13796,-5.46104,1.39569,-2.37538,-5.02617,1.83736,7.24896,-19.7593,-4.75806,-6.17264,-18.056,-852.048,-545.584,13580,560,700
-3.63866,-3.84827,-4.07905,-12.2024,-13.1773,-1.18544,-9.9091,-7.6255,-4.87498,-7.27725,-6.89402,-2.42728,6.86396,-21.0788,-11.2787,-8.75103,-16.104,-852.536,-545.584,13860,700,700
-10.1945,-9.41403,-6.59197,-15.991,-14.3332,-4.23194,-10.9369,-7.83706,-13.2864,-11.398,-9.02207,-8.93668,7.24666,-17.5647,-12.8601,-12.3392,-17.568,-851.072,-545.096,13580,560,840
-17.5302,-16.8556,-12.5012,-18.5916,-18.2396,-5.83832,-9.56642,-6.13507,-18.707,-15.3147,-8.02644,-18.4099,2.28173,-13.9122,-8.1105,-10.7331,-15.128,-849.608,-546.56,13580,840,700
-9.66818,-8.49717,-9.24666,-7.33715,-10.489,-6.35429,-1.88553,-6.1547,-11.7026,-9.32265,-4.12856,-13.5479,-3.11837,-5.53838,4.38245,-6.80192,-15.128,-845.704,-547.536,13720,980,560
-7.26533,-3.26434,-4.3499,3.03312,0.786837,-4.82005,6.12822,-2.18391,-11.0483,-7.33326,-6.30228,-6.59426,-2.42861,4.06435,12.5498,-1.9102,-18.056,-844.728,-551.928,13860,420,560
-5.32772,-12.5064,-5.4625,-14.9446,-10.9061,-6.44682,-14.7671,-7.88269,-9.18783,-3.58084,-3.17302,-11.4863,-5.26248,0.466554,-15.5769,-14.0224,-15.128,-843.264,-555.832,14280,0,560
-4.2604,-7.8057,-3.66916,-8.04815,-10.5531,-4.79892,-13.6153,-8.41178,-1.84201,-1.77438,-3.17356,-9.991,-4.56454,3.5362,-12.9731,-11.0241,-13.664,-843.264,-560.224,15120,0,420
3.21475,5.33454,3.99246,6.3522,1.53711,1.97753,-1.42647,-1.38535,6.23523,4.82118,0.407299,2.86194,0.506449,13.0153,-2.90477,2.14818,-16.592,-845.704,-554.856,16100,420,420
17.2465,16.7949,12.7055,8.296,6.49395,7.01282,0.193162,1.29879,21.1993,15.3453,10.4506,14.9375,6.33019,16.0309,-6.51668,6.08928,-15.616,-841.8,-550.952,16520,0,420
14.5326,16.4,11.6275,11.8294,10.5211,10.1028,9.20035,8.02493,26.7945,14.8335,12.6897,13.697,7.05154,17.0291,7.86848,12.3552,-17.568,-844.728,-549,16660,-700,280
2.24928,7.41368,5.22627,11.5816,14.2979,6.2747,13.2299,10.9701,15.558,7.10598,8.20412,6.67801,-0.283349,15.6215,13.5919,14.8852,-16.592,-845.704,-550.464,17220,-1820,420
-3.4949,3.14132,3.92532,16.8826,17.4516,4.18313,20.9305,15.804,2.79549,4.84861,6.38175,5.02257,-0.502394,12.9507,26.7889,16.3554,-14.64,-845.216,-549,17640,-2100,420
-0.266341,7.47416,4.27955,20.3522,15.8295,2.14851,17.7215,14.8329,6.64128,5.51127,6.70067,7.4675,0.0544598,9.97675,22.3651,10.5518,-14.64,-844.728,-547.536,17780,-2380,420
4.59744,9.25625,5.25168,13.0162,9.98976,0.749195,4.86879,8.87432,11.42,8.15257,9.76364,10.2134,2.52698,5.87436,-0.168005,1.14401,-13.176,-845.704,-546.072,18200,-1960,560
3.33004,2.75338,6.18367,4.99616,6.81171,1.36552,3.89529,7.34278,5.25072,7.38695,9.00694,10.5445,4.3372,4.30417,-1.94815,1.5838,-16.104,-844.24,-549.488,18480,-1400,700
5.76359,0.737109,2.67424,-0.00264086,1.55182,1.72824,1.20293,4.75688,9.74297,5.27793,7.75063,8.03112,3.86488,-0.320871,-2.4495,1.99,-12.2,-846.68,-544.608,18620,-420,840
11.2348,5.14909,4.20404,0.510542,0.0357184,3.62607,-0.441615,1.41705,9.99822,9.73519,8.77757,10.0571,7.759,-4.12513,-4.31203,0.387421,-15.128,-845.216,-544.608,18900,140,840
4.71637,-2.88282,3.44918,-3.1575,1.32012,1.72729,1.76675,-2.53495,-4.26019,7.01424,5.7859,5.88242,6.59078,-5.01902,-1.76287,1.4812,-14.152,-847.168,-545.584,18760,840,840
5.58365,-2.41149,-0.298373,2.2844,2.5975,0.112471,5.72416,-4.09091,0.991287,2.60077,1.68279,0.371885,2.01865,-1.95693,10.4311,3.08337,-13.176,-843.752,-546.56,18900,980,980
-2.40448,-9.65222,-4.1619,-1.08913,-4.87835,-1.87284,0.501096,-7.36541,-5.10153,-6.68745,-9.90222,-7.03,-1.92192,-6.23839,5.22188,0.51823,-12.688,-842.776,-541.68,18900,840,980
3.90989,-7.38499,-2.77537,-8.20295,-9.2053,-1.17823,-8.02995,-11.6111,1.38713,-1.43629,-7.97185,-5.34971,-1.88092,-6.90749,-7.12121,-3.48628,-9.76,-840.824,-541.68,19040,1120,700
0.595263,-1.12127,-4.67574,-1.1767,-6.71587,-3.28945,-2.04722,-9.52445,-0.302514,-7.97898,-12.51,-5.39706,-5.1835,-7.74016,4.90868,-3.23684,-11.224,-834.48,-541.192,18760,840,700
-6.29862,4.24673,-6.9628,8.69391,-1.08053,-5.87886,0.256213,-9.53901,-9.69639,-16.3129,-18.9501,-6.60135,-10.4508,-7.32538,9.77408,-4.38858,-10.736,-837.896,-539.728,18480,840,840
-12.8571,0.869882,-9.35528,0.939345,-6.1523,-7.48625,-11.7223,-12.0698,-21.0976,-17.8704,-18.8821,-10.0602,-12.2659,-10.7957,-10.6085,-12.0332,-10.736,-838.872,-539.728,18480,840,700
-19.3164,-13.0919,-12.8795,-12.2722,-15.0006,-8.44188,-13.6055,-7.33665,-30.8856,-19.9873,-16.3801,-15.9784,-10.0728,-15.4395,-12.7869,-11.8863,-14.152,-840.336,-541.192,18480,840,560
-18.248,-17.7143,-10.6624,-18.1767,-18.9408,-8.7344,-13.6123,1.05573,-31.3826,-15.6042,-10.7323,-14.8733,-4.17053,-16.4674,-16.1698,-8.9434,-16.104,-837.896,-539.24,18340,840,700
-22.0673,-26.1376,-10.8272,-29.7597,-21.0558,-9.70098,-17.4543,5.20319,-38.6708,-13.2094,-7.5983,-18.5622,-2.77602,-12.2247,-25.8052,-11.4887,-20.984,-844.728,-541.192,18620,700,700
-22.5746,-25.1637,-10.32,-25.8751,-16.4215,-7.40451,-7.19377,4.75616,-36.7148,-11.6633,-4.07935,-19.7634,-6.45233,-7.67319,-10.9398,-5.35384,-20.496,-845.704,-539.24,18620,420,1120
-16.2105,-16.5183,-7.56446,-21.185,-18.6338,-7.35177,-11.2391,0.543911,-20.6258,-7.96508,-1.04594,-16.7723,-5.00169,-13.6128,-10.2036,-7.41108,-19.52,-842.776,-537.288,18620,420,840
9.25512,10.6692,5.3473,-3.51408,-7.4573,-0.770618,-9.2057,1.90079,16.1815,8.49747,6.53021,1.42691,5.63761,-11.4394,-8.369,-4.79394,-20.008,-848.144,-536.312,18760,560,1120
29.3186,30.2327,14.0929,2.83396,2.11818,5.62609,-12.125,0.690111,44.4811,18.4784,12.4774,16.8582,10.1327,-5.29813,-22.5273,-4.35899,-21.472,-843.264,-538.752,18620,280,1120
11.6364,12.6679,3.92566,-12.7904,-1.54283,7.31258,-11.0461,1.36822,28.3263,-2.92699,-0.354339,6.52679,6.16174,-3.25034,-24.8,-3.19345,-17.08,-851.56,-546.072,18340,0,1260
0.594405,-1.23252,0.424464,-7.08884,10.579,10.3938,9.20492,8.61073,10.2899,-0.514919,3.66614,-1.58347,1.95149,13.3032,9.02686,9.57996,-15.128,-881.816,-562.176,19600,-1820,1960
12.8474,11.6314,8.61591,24.7513,51.7009,17.9062,30.4945,8.04231,16.8845,21.75,20.8932,7.61952,-4.52005,54.5075,37.8347,22.6797,-13.664,-862.296,-588.528,23520,-8260,3640
20.7958,23.6164,18.0286,39.5903,46.4577,19.7267,35.3474,7.46791,25.3158,25.1548,21.4803,24.0254,7.12367,28.7393,39.8272,24.8454,-27.816,-787.144,-528.016,28420,420,2940
31.0946,35.2483,21.0286,35.7916,20.5667,15.0298,22.4849,6.74735,41.0924,20.7606,15.0558,37.3814,18.3774,-3.2141,27.049,17.0747,-16.104,-784.704,-499.712,20580,9380,-140
15.0479,21.0657,6.44986,21.6104,18.9311,9.72069,14.6422,4.30826,25.2616,0.74165,0.713722,23.6204,6.08104,11.4985,11.4348,12.7029,-6.344,-818.376,-510.936,16100,6440,-1120
-0.217944,2.90319,-1.85686,8.80854,11.2298,0.243605,5.83303,-4.59568,4.15319,1.26926,1.53705,5.49716,-2.92844,21.9788,3.77766,3.91223,-7.32,-838.872,-527.04,14420,1680,-840
-5.61563,0.000792943,-6.24809,11.0446,0.841519,-7.38518,4.71151,-13.5029,-4.73592,1.86636,-0.045118,-0.834942,-7.57743,21.1933,12.4896,-2.25773,-9.76,-835.944,-538.752,15120,980,-140
7.36546,8.71655,-2.06753,15.8501,-2.31375,-8.66967,9.43092,-9.51806,10.2721,8.89752,2.43345,7.78335,-2.21964,13.3802,18.4884,0.406249,-17.08,-825.208,-540.216,16240,1960,140
2.15709,3.60728,0.341286,10.2831,-4.73306,-5.33492,8.87639,-1.30885,5.23969,9.09123,6.6237,5.9277,-0.856723,3.48742,14.1355,1.91889,-22.448,-823.744,-535.336,16520,3780,0
-13.1202,-17.8061,-3.85812,-11.3455,-20.2306,-6.82436,-7.95978,0.0758481,-15.3714,0.50151,8.32944,-9.01529,-1.43339,-16.6891,-6.5849,-9.3143,-25.864,-827.16,-529.48,16660,4620,140
-15.8342,-22.3309,-1.27271,-12.71,-19.5254,-6.31697,-11.0876,1.65245,-22.3071,-3.80243,3.31276,-12.5372,0.715135,-16.5883,-9.531,-11.8477,-23.424,-825.208,-528.504,16520,4620,140
-11.9794,-21.0663,2.10065,-10.3286,-9.14418,-1.78024,-6.72796,6.95621,-21.7987,-7.36788,-7.54178,-10.1407,0.815664,-4.26544,-10.7413,-7.96556,-17.568,-829.6,-529.48,15960,4340,280
-13.4381,-19.557,-1.69077,-12.0233,-9.38984,-2.41176,-5.91192,10.602,-19.745,-14.5028,-15.9722,-13.0757,1.17869,-5.67471,-10.5966,-6.39662,-13.176,-824.232,-532.408,14700,3920,140
-9.84482,-11.5972,-4.24755,-7.08568,-9.38287,-3.962,-3.76936,8.30523,-10.4454,-13.2831,-13.2296,-11.7386,0.295362,-11.6368,-3.87414,-5.48871,-14.152,-822.768,-529.968,14140,5180,560
-8.28513,-9.98619,-3.8761,-9.09731,-6.95743,-3.33549,-9.48962,1.76526,-11.7572,-9.67247,-6.55741,-9.55385,0.206107,-13.2069,-14.6363,-5.43188,-12.688,-820.328,-526.064,13160,6020,700
-1.11678,-6.51499,-0.808752,-14.3888,-6.79044,-2.72465,-12.9694,-4.72448,-5.21916,-3.12874,-3.38837,-6.3762,-1.23182,-12.3334,-21.5361,-4.22239,-12.2,-824.72,-525.576,12180,6440,1260
4.99561,-2.36223,1.49836,-12.9753,-8.00876,-3.37806,-14.007,-13.4806,-0.794777,4.88983,0.863101,-5.02567,-3.49524,-11.1058,-15.4174,-4.98152,-10.736,-824.72,-524.6,11480,6580,1540
2.31354,-0.763709,-0.831928,-9.18336,-9.37477,-4.01856,-13.7782,-17.0695,-4.97092,1.90687,-2.38312,-5.34342,-5.25105,-11.2885,-13.9656,-5.46489,-9.272,-827.16,-524.112,11060,6440,1820
3.57347,2.09847,-0.579778,-5.2174,-3.53512,-3.70074,-6.67575,-12.4883,-1.48313,0.992491,-8.05148,-1.76805,-5.22229,-1.98486,-5.70626,-0.313808,-9.272,-822.768,-521.672,11060,6160,2380
4.25135,2.44295,-4.67109,-5.69725,-1.97517,-4.71677,-6.84234,-9.3121,2.73718,0.727594,-5.64624,-2.33464,-6.36013,6.75517,-5.7101,1.7577,-9.272,-823.256,-525.576,10920,5740,2660
17.3225,9.9743,-0.398311,-3.68034,0.878464,-1.66659,-5.13334,-8.00552,19.0175,12.6768,8.01752,4.26086,-0.926681,11.4575,-3.597,2.88849,-9.272,-824.72,-529.968,10920,5600,2660
-0.555084,7.45113,-8.91326,8.0422,5.60411,1.13253,7.69775,-0.322318,6.66356,-17.9057,-16.5894,0.0511569,-3.05959,7.83788,16.0589,8.51308,-10.736,-825.208,-532.408,11060,5880,3080
-5.61014,18.0561,-7.298,20.5539,15.4529,6.33734,16.3727,10.1604,13.1886,-29.9838,-32.5354,6.04676,-0.27008,6.42379,24.9251,13.3198,-11.224,-826.184,-528.504,11200,5880,3080
-17.1514,7.33096,0.681757,17.7803,17.2715,10.1045,19.0028,16.3329,-9.97325,-10.3711,-11.2273,4.57845,6.6335,4.57331,23.6577,12.5483,-13.664,-825.208,-529.48,10780,6160,3220
-13.7166,-9.84712,-0.217114,-5.25773,2.52074,7.5237,1.0957,17.1954,-24.4903,2.17816,6.36171,-1.20983,8.38019,-5.78278,-3.89157,0.792983,-16.104,-830.576,-531.432,10500,5740,3080
3.61393,-7.01175,4.89744,-12.6261,-4.37541,5.02165,-6.25516,18.9023,-10.4995,15.9517,16.8837,3.51116,10.2924,-10.9671,-12.1084,-5.07255,-20.008,-832.528,-531.92,10220,5040,3080
4.51383,-2.69318,0.942884,-8.76051,-8.94335,0.511765,-4.96721,13.9,3.07928,9.83797,13.9212,0.749709,5.38747,-15.6868,-5.64095,-6.90845,-23.424,-837.408,-529.48,9800,4620,2940
7.12281,0.639239,-1.28639,-8.74097,-10.9013,-3.45525,-7.34798,2.38549,13.0064,7.65024,12.8409,-2.65927,0.209968,-20.2966,-4.59022,-11.4224,-19.52,-838.872,-530.944,9100,3920,2800
0.619349,-1.49264,0.220846,-6.34044,-2.85081,-4.13299,-3.64649,-5.67493,3.08192,2.13254,9.81766,-4.70805,-4.3499,-12.3642,-4.62645,-10.4833,-20.496,-840.336,-530.456,8540,3360,2660
-2.69583,-2.7033,1.67579,-4.95768,-2.47969,-3.46421,-2.92495,-10.7644,-3.3752,1.82585,5.94452,-3.40789,-5.23818,-0.70974,-7.36237,-7.39337,-20.984,-840.824,-531.432,8400,2800,2940
2.61391,4.3054,3.95425,5.42275,1.87256,-1.12849,4.52326,-9.17768,3.45971,3.97869,4.8273,4.25069,-1.38153,13.3466,-2.32181,-0.52042,-21.472,-840.824,-533.384,8120,1820,3080
8.57295,11.0186,2.53114,4.47603,2.16902,0.125361,2.72981,-9.20255,14.3406,-1.77313,0.251087,7.26944,-0.79101,19.2508,-7.5965,3.11935,-20.496,-840.824,-533.384,7840,1820,2940
9.46236,18.1568,2.0573,19.4062,8.22839,1.1337,17.3186,-3.84573,17.5258,-1.01828,1.15857,10.1977,2.12506,19.9274,20.7719,13.1616,-19.52,-844.728,-530.944,8120,1820,3080
1.01881,18.9121,-1.88284,28.7813,16.7411,2.24563,28.2279,-0.0444547,10.3999,-9.18269,-3.56423,9.93435,-2.22678,20.7806,34.4647,21.0063,-20.008,-840.336,-530.944,7840,1540,3500
-6.78984,3.5406,-1.45118,14.8259,9.30704,1.65255,13.9087,-1.30991,-7.0175,-2.72913,1.25918,4.92773,-3.5344,10.5922,19.498,11.7431,-18.544,-841.312,-528.992,7980,1400,3360
-5.5312,0.32431,-0.224284,9.02546,6.38392,-0.233624,1.86929,-4.59562,-5.36817,4.14355,10.4198,1.00426,-3.5658,2.29884,9.26349,0.980722,-18.544,-840.336,-529.48,7560,560,3500
-5.74287,-13.576,-5.43809,-14.6297,-5.24562,-4.63712,-16.034,-12.408,-7.69846,2.21298,11.8612,-8.64604,-3.9803,-5.40176,-15.1233,-11.7176,-17.08,-841.312,-530.944,7280,280,3640
2.28633,-9.74216,4.89548,-2.87692,9.47398,1.41189,-0.00695463,-5.49902,-6.32253,9.87835,15.7409,3.39074,5.97729,5.21465,0.585143,0.927628,-16.592,-842.288,-530.944,7140,-140,3640
8.6825,0.236916,10.5136,4.58102,15.8096,7.17232,1.64639,2.94331,1.1023,11.7784,13.5183,11.5715,5.83784,8.1105,-6.08658,4.44207,-14.64,-842.288,-531.432,6720,-420,3640
5.41636,-8.19752,4.60037,-9.8511,-0.0479397,4.62959,-14.9274,2.11679,-0.533943,8.12981,5.63357,3.04909,-0.165878,-4.45088,-25.8998,-7.96692,-18.544,-843.752,-535.336,6580,-140,3780
9.53144,-5.23137,5.36787,-5.89927,-1.04403,3.86118,-10.5821,4.70917,5.50938,6.90998,-0.657872,3.15064,1.47968,-6.41398,-19.8244,-8.27454,-15.616,-844.24,-537.288,6720,-420,3780
9.19836,-10.5759,2.80283,-13.9837,-9.19107,2.34585,-11.3577,6.11274,7.74326,7.08662,0.0196233,-2.92892,1.94048,-10.3638,-21.8175,-9.06966,-19.032,-842.776,-532.408,6580,-700,3920
-2.77002,-17.2525,-2.33446,-10.9829,-13.0306,-1.20899,-4.9781,6.81876,-5.45727,-0.730605,-9.36545,-10.2216,-0.24151,-15.6008,-4.05688,-6.91513,-18.056,-846.68,-532.896,5740,-980,3640
-4.83512,-8.37274,-3.63971,5.75945,-6.42125,0.601624,3.30876,11.1346,-4.3477,-4.50417,-13.939,-6.17285,1.38564,-12.8851,14.6573,-1.18597,-18.056,-844.728,-530.944,5040,-1260,3640
1.15719,2.45222,-1.40599,13.1483,1.18553,2.03747,5.02568,8.77187,0.580355,3.66191,-4.3281,-2.0202,-4.54426,-2.58233,17.22,4.19028,-17.568,-845.704,-528.992,3920,-1680,3640
2.39684,0.466432,2.20575,8.50388,4.00027,1.30841,3.92463,4.83299,-5.3698,8.12712,3.50003,-1.77754,-2.19429,4.43609,13.5814,6.13356,-19.032,-845.216,-528.016,2940,-1540,3500
3.75156,-2.13075,0.295991,-3.03494,-3.12508,-0.530991,-1.15211,1.41342,-0.487097,2.77751,-7.36765,-6.13275,-1.7218,0.206317,4.02758,5.4269,-18.056,-842.288,-530.456,2100,-1400,3360
7.63866,5.97486,-0.0869082,-5.52998,-7.6698,-2.5909,-6.32337,-0.917608,12.7139,-6.06479,-25.8324,-4.11312,-2.10872,-2.94301,-3.55496,1.65254,-19.52,-840.336,-528.504,1540,-1260,3080
-9.05187,7.42742,-4.7999,-0.280397,-8.67185,-4.20306,-1.34181,-4.03041,0.686541,-20.2987,-30.0011,-5.97946,-1.91328,-4.24626,7.67702,-0.274966,-19.52,-841.312,-524.112,1260,-700,2940
-26.3461,0.682225,-9.29541,-4.06875,-10.8588,-7.04458,1.0055,-5.07167,-16.8295,-30.79,-28.3583,-11.5036,-0.207005,-4.4225,7.81495,-1.80995,-20.984,-839.848,-524.6,420,-980,2660
-20.6255,8.10913,-7.67396,-1.21672,-6.58421,-2.57483,11.8124,2.79197,-4.43175,-34.7058,-26.9443,-7.0442,2.58981,1.68672,16.1479,6.25486,-18.056,-836.92,-523.624,-420,-2100,2380
-20.6683,13.5373,-7.67103,4.76492,-2.42242,-0.20041,16.9467,5.15391,-1.94067,-30.5578,-24.7981,-5.58513,1.22391,4.97786,22.7124,8.84418,-21.472,-835.944,-522.648,-1120,-2520,2100
-4.24414,12.0206,3.96608,-1.30339,-2.85646,-2.87225,0.77289,-5.74758,-2.58768,7.94163,12.5475,1.0896,9.91882,4.82636,-1.8457,-1.90335,-23.912,-832.04,-518.256,-1960,-2940,1680
10.9098,5.14011,5.74586,-15.5578,-9.45311,-7.15364,-20.4758,-17.8979,-4.65107,21.8089,31.2319,4.27477,8.35713,2.39613,-37.6038,-16.5267,-25.376,-829.6,-516.304,-3080,-3780,1120
13.1716,-3.1394,6.39584,-25.8397,-11.6938,-7.41091,-26.5733,-20.3049,-5.98955,21.0768,28.0159,5.59516,6.42501,1.3795,-50.3401,-21.7252,-18.544,-831.064,-521.184,-4480,-4340,980
12.8016,-10.36,5.35154,-32.0998,-10.8255,-5.4949,-22.1004,-15.5068,4.46359,15.5933,22.5425,3.30644,7.14223,-1.45549,-44.7754,-17.3337,-21.472,-835.456,-520.208,-5600,-5460,560
-1.27272,-7.51038,-7.29602,-17.2903,-6.00107,-2.29586,-10.4934,-3.23181,9.09724,-13.442,-2.5821,-2.31683,0.60789,-3.55104,-21.4297,-4.65076,-21.96,-837.896,-522.16,-6160,-6580,420
-3.3933,4.20051,-1.57919,11.493,10.7545,5.91363,13.6135,13.4511,4.32988,-5.79438,-2.76516,7.26518,3.74632,5.20738,15.8859,14.7797,-19.52,-838.384,-520.696,-6860,-7560,560
-2.15697,-2.06449,3.70349,23.3905,19.0764,6.69446,26.2311,15.9644,-6.73117,11.5706,10.3643,9.4646,2.4649,10.3368,31.2197,22.2981,-19.52,-841.312,-519.232,-7420,-8960,840
9.07564,-11.0407,-0.592899,9.9281,8.12461,0.641665,14.3093,7.73335,0.740168,17.1094,14.616,2.3986,-5.63805,0.966323,14.9687,14.0313,-15.616,-845.704,-528.504,-8260,-9800,700
15.5588,-7.40675,-8.45684,-2.19546,-4.04553,-4.37557,-4.41416,2.13459,22.8984,7.86518,6.22824,-3.43046,-16.191,-7.02896,-3.31519,0.491213,-12.2,-849.608,-528.504,-8680,-9240,700
14.1234,2.1283,-4.93239,18.8055,7.9209,-0.0992818,7.77375,5.45622,22.1528,8.35915,3.5286,0.405354,-19.6195,3.77026,21.4402,6.54938,-12.2,-850.096,-531.432,-8540,-8400,700
10.9962,11.3108,5.75328,35.5245,23.2833,5.43144,13.7133,5.76295,6.51742,13.1165,6.41042,9.5739,-12.1986,14.9269,25.7071,9.90476,-11.712,-851.56,-529.968,-8820,-7280,700
3.42036,12.8536,12.6184,36.8649,33.2783,6.05341,16.9299,-3.50646,-17.3439,11.6527,3.29413,13.8251,-8.91991,18.9943,24.9402,9.93324,-10.736,-854,-530.944,-8960,-6720,840
-11.6452,4.42682,8.28868,34.0518,30.8291,3.68441,18.2905,-6.67504,-36.2222,-1.62916,-9.1022,6.51878,-9.77696,12.0628,26.1156,7.01558,-14.64,-857.416,-528.504,-9100,-5320,840
-9.69312,1.60861,0.41215,9.3908,12.0145,-2.62746,-8.80026,-11.5473,-19.4209,-7.8156,-17.5368,-2.07507,-14.8565,-4.52294,-10.5678,-13.0218,-14.64,-861.808,-528.504,-9380,-3780,980
-19.0153,-14.4266,-7.00801,-14.6817,3.54232,-0.0261232,-12.6552,-5.03219,-11.5349,-18.5857,-20.5253,-12.4669,-14.1938,-8.60864,-14.0675,-13.0699,-15.128,-862.296,-536.8,-9380,-2380,1120
-20.1213,-15.564,-8.23861,-12.8513,-2.00095,4.00119,-4.15803,6.44872,13.2654,-16.4231,-1.6435,-16.0161,-3.70039,-10.7607,10.7739,-5.91378,-12.688,-861.808,-548.024,-8820,-1960,1260
-3.76797,-9.82899,-9.85522,-17.4171,-11.8308,3.55522,-4.01641,5.05507,25.5501,-8.21854,15.0693,-15.1739,2.32548,-15.2227,12.2425,-4.10242,-11.712,-857.904,-553.88,-8260,-1960,1680
15.131,2.40746,-6.953,-8.69209,-9.99381,6.2244,4.85338,6.01302,24.6799,3.13831,15.9946,-3.70567,7.0273,-10.0529,17.0196,4.5608,-12.688,-853.024,-542.168,-8260,-1400,1820
24.6533,27.8806,-0.288355,-0.894102,-7.88407,5.09171,-10.3701,1.00168,33.7921,2.12055,4.83154,16.5275,13.238,-5.05542,-20.2979,-3.59501,-15.128,-851.072,-538.264,-9940,-560,1540
3.51773,6.72348,-3.10375,-35.4342,-24.0882,-0.251222,-38.2421,-9.97702,1.61956,-10.8568,-4.33438,11.3422,10.4842,-7.9487,-77.2589,-20.1283,-18.056,-848.632,-529.968,-11900,140,1400
-17.2528,-26.4099,-4.16941,-49.8274,-37.0803,-2.40223,-27.1605,-5.32792,-36.1855,-3.70182,6.26969,-2.87174,11.6263,-10.243,-51.4821,-13.7362,-10.736,-853.512,-528.504,-15120,980,840
-15.792,-24.611,-1.74218,-27.3935,-33.547,-1.9015,1.48696,4.99635,-34.9698,2.60718,15.1894,-4.06464,13.8191,-7.50026,4.35127,0.351957,-11.224,-862.784,-531.432,-17360,1400,420
-6.00412,8.71722,8.74372,31.1458,-2.61022,1.43684,35.789,16.3121,-22.3945,8.42527,13.8033,14.9298,21.6607,7.89528,55.8047,18.2515,-8.296,-869.128,-538.752,-19180,2800,280
-4.1376,20.6303,15.9016,47.3359,16.2149,5.08882,40.3722,22.7459,-21.4034,10.5622,12.7963,25.4347,23.9173,20.2374,47.7562,26.7459,-10.736,-870.592,-540.704,-19740,4200,280
-8.80442,-13.0894,7.25437,-11.9446,-12.562,-2.02944,8.43561,14.7568,-20.8313,10.1776,17.0006,2.59978,16.2109,3.26821,-2.81491,10.8223,-8.784,-867.176,-546.072,-19880,5180,560
-17.1551,-5.9354,-10.5287,-7.35806,-24.0439,-11.1554,7.7325,2.82834,12.496,-20.4006,-1.04203,-15.598,6.78325,-14.9921,17.1008,1.10743,-10.736,-865.712,-549,-19740,7420,700
22.8967,25.8091,5.48802,-3.91696,-12.9463,-9.7063,-5.95757,-7.65408,63.5131,11.0785,12.1344,3.33552,9.02452,-9.84819,-12.1392,-10.0664,-15.128,-861.808,-543.144,-20020,9380,700
38.6005,21.0267,16.4568,-8.17735,-6.7597,-4.01352,-18.5715,-8.05265,55.3039,38.4462,22.2038,8.15698,15.1817,-7.34533,-26.7047,-18.6945,-23.424,-864.736,-540.704,-21000,11620,560
41.9253,20.5411,17.7313,10.283,5.06006,2.25675,-18.476,-9.02382,35.3445,38.6592,9.21182,9.32832,14.8258,-6.52698,-11.1324,-20.3288,-27.328,-861.808,-538.264,-22260,13860,280
18.2946,8.88667,13.7383,15.0681,21.3535,4.65694,-18.3625,-17.652,-3.7798,13.9886,-11.346,7.999,9.26092,-1.2905,-15.9949,-17.6456,-27.328,-867.664,-545.584,-23100,15820,-140
3.64856,-12.0487,4.21845,-8.27728,24.1732,3.68638,-15.6422,-14.8935,-15.9358,-4.68674,-23.3574,-6.26169,-0.382815,-0.696033,-29.8722,-5.68579,-26.84,-864.248,-547.536,-24360,18340,-700
22.7374,0.296629,3.14397,-22.583,23.8148,2.94265,-12.5931,-8.73906,15.7651,0.192829,-23.7549,-7.60691,-8.28634,1.10398,-40.5,1.85914,-27.816,-860.344,-544.12,-24080,19460,-1120
12.0023,10.2996,2.76287,13.9195,40.6891,7.77177,7.76773,-0.831315,-2.33881,-13.0736,-33.5295,-5.63485,-14.7196,14.9068,0.472787,12.1547,-27.816,-861.808,-542.168,-24500,19600,-1400
-19.2609,-15.97,-8.30571,-11.1044,23.1642,6.00233,-20.9747,0.979941,-44.1593,-30.3606,-48.6354,-21.63,-26.034,16.1853,-43.2285,1.11583,-26.352,-857.416,-540.704,-24780,19180,-1400
-46.8922,-45.8475,-21.3546,-25.8328,11.7259,-0.539864,-13.2632,-1.27069,-75.9523,-47.6257,-62.0634,-39.7677,-35.1921,19.0006,-19.7887,0.499507,-27.328,-852.536,-542.168,-25060,18760,-1400
-29.2163,-21.0119,-13.8821,10.1824,23.4593,-5.20809,24.7004,1.55384,-34.8659,-33.5182,-50.13,-27.9965,-28.1946,27.4084,50.0096,15.5743,-20.496,-849.608,-536.312,-25900,18900,-1400
-29.5473,10.8655,-15.6709,42.0929,33.3842,-5.87701,47.3098,8.23608,1.80801,-46.0069,-59.4284,-21.7861,-32.937,27.4525,83.6812,29.1505,-20.496,-848.144,-537.776,-27020,19320,-1680
-24.1283,14.8885,-11.8739,46.0823,36.3986,-3.78669,47.2151,11.8135,8.93949,-32.3103,-54.5098,-18.0336,-31.1512,21.8232,80.4148,29.0343,-13.664,-845.216,-538.264,-28280,21280,-2240
-3.92583,10.6699,-5.37122,29.3226,27.3492,-3.59943,35.0144,7.10957,23.8871,1.477,-24.8507,-13.357,-25.9737,11.5697,63.4652,18.772,-17.568,-844.24,-541.68,-29400,23800,-2660
-2.84961,-14.1548,-9.85144,3.23515,-0.20413,-5.03798,24.3491,7.38326,6.51267,9.55687,-6.48628,-20.4949,-20.234,-5.07583,44.9737,14.1465,-14.64,-842.288,-543.632,-30240,25620,-3080
6.08533,-11.1852,-9.19383,-21.657,-31.3311,-9.21423,-4.02596,-1.32198,18.59,13.9148,5.06782,-13.387,-10.924,-20.0233,-3.15216,-3.86233,-19.032,-846.68,-541.68,-31080,27580,-3640
8.64517,2.01777,-2.46948,-13.1071,-46.157,-7.31381,-8.13355,-7.16943,27.7102,16.7018,16.8903,0.657749,-7.60987,-18.4183,-9.43007,-8.42556,-17.08,-846.192,-546.072,-31360,28420,-3920
-1.85929,10.4353,2.76839,0.835896,-66.8717,-6.29105,-23.0029,-13.0782,11.4096,13.1988,28.242,14.3644,3.93607,-25.8909,-21.8157,-19.7933,-20.008,-841.312,-547.048,-31780,28980,-4480
-15.3096,5.77697,6.03328,-12.437,-88.687,0.508016,-45.4922,-16.3424,-10.9839,6.30414,36.0463,27.4626,17.3505,-31.5824,-62.4007,-32.1024,-18.544,-833.504,-545.096,-32480,29820,-5180
1.04121,9.40001,13.9331,-39.9542,-105.954,2.03113,-74.91,-25.8304,3.73675,19.3162,50.6626,44.9562,31.4234,-40.4709,-124.124,-51.5568,-22.936,-828.624,-546.56,-33600,30380,-5740
-9.72777,-24.4104,9.11743,-64.2766,-91.1351,3.82167,-55.4741,-15.5805,-24.1474,11.9633,56.089,38.3947,35.9131,-34.4444,-97.1554,-40.4162,-20.496,-832.528,-544.12,-35560,32340,-6580
-48.7775,-66.2578,-7.4101,-50.2813,-53.71,10.0582,-11.0118,9.57346,-89.7706,-14.7924,57.627,15.8964,26.6327,-16.7802,-21.3416,-7.6519,-19.032,-828.136,-552.904,-36960,34300,-7420
-33.5235,-51.9711,-13.9849,-34.4756,-25.2617,3.78934,-16.8908,11.5095,-68.1018,-3.16396,76.4266,14.2938,17.0785,-16.7852,-15.96,-10.1767,-20.008,-819.84,-557.296,-39200,38780,-8680
-11.3367,-15.162,-22.1774,-9.84539,0.181106,-2.6006,-11.6127,7.72062,-7.60265,4.75639,95.1865,14.8851,6.13034,-16.651,-3.12248,-5.31582,-22.448,-818.864,-554.368,-41860,43960,-10080
22.8755,33.7455,-15.9211,53.7714,51.3095,-0.604365,39.8472,14.7526,44.5122,20.8225,109.682,32.4738,4.14375,4.49362,75.3492,26.8509,-27.816,-825.208,-552.416,-44520,47320,-10920
51.2118,50.0347,5.55279,79.7645,97.3087,6.44545,60.197,15.3899,49.5097,47.8143,132.125,57.4406,7.29666,35.4211,89.7117,42.9874,-24.4,-830.088,-556.808,-47600,51520,-11900
87.2839,77.1958,28.5551,69.528,119.311,7.70899,40.0483,-3.99097,93.9141,73.0706,148.048,77.3475,9.91957,52.3938,32.2764,32.1595,-26.84,-836.92,-560.712,-49280,54600,-12600
85.7033,67.5344,24.1806,52.8028,111.086,7.82973,36.0541,-2.65594,105.248,61.1352,119.299,57.31,5.30866,46.3156,26.1556,30.1565,-24.888,-835.944,-568.032,-51240,58520,-13160
56.2928,54.457,13.4808,66.8329,97.8078,8.62931,39.4682,6.16028,78.3973,30.8912,57.6293,25.4618,-0.888461,29.6257,60.5312,26.4231,-27.328,-833.504,-567.544,-52920,62440,-13720
61.8204,63.9154,17.8793,58.4588,71.9102,2.17081,14.3239,7.5218,89.2338,29.2824,20.7253,15.9522,3.92809,13.4909,34.9785,7.21683,-28.304,-834.968,-563.152,-54460,63980,-14140
26.3493,24.6003,23.4113,33.3159,56.9071,8.1058,22.6099,20.5371,15.1599,-0.314765,-46.1112,-3.6872,13.0496,19.1159,27.1358,18.1252,-28.792,-841.8,-564.128,-56280,66360,-14700
-13.4425,-17.6309,22.3246,7.21003,40.171,12.5875,35.7708,31.3765,-56.5874,-35.2098,-120.674,-32.5875,14.8368,25.9707,23.9839,29.3295,-28.304,-847.656,-566.08,-56840,68180,-14980
-51.3382,-65.8663,16.9957,-59.9623,-4.8891,1.42096,-6.21954,10.8511,-121.614,-64.5825,-196.245,-68.0352,12.481,15.0684,-59.9742,-0.585394,-22.448,-833.992,-580.72,-57400,71540,-15260
-74.3503,-115.329,7.13093,-130.831,-59.8137,-11.2231,-35.1434,-6.13389,-153.588,-81.6021,-268.553,-109.906,8.71975,-1.71449,-101.725,-25.3643,-24.888,-824.232,-559.736,-57680,76160,-15260
-35.2414,-64.1016,3.22748,-86.9292,-87.7144,-20.2683,-31.6272,-1.73036,-60.5782,-73.1364,-333.823,-116.457,5.97955,-18.5938,-33.5002,-39.9904,-26.352,-810.08,-575.84,-57680,79100,-15400
-8.81251,6.45858,-3.7355,-26.9373,-82.1069,-18.1879,-33.3455,15.2102,14.4722,-67.1018,-341.742,-101.893,-4.51364,-28.9064,0.266128,-39.8336,-16.104,-801.296,-534.36,-57820,84420,-15260
-26.4968,1.04514,-28.7192,-27.8349,-87.1141,-16.8216,-48.2416,8.55395,-0.0412959,-48.2929,-186.744,-90.4742,-12.7977,-36.4253,-16.9568,-40.916,-49.288,-813.496,-512.4,-62860,88620,-15680
-14.5766,11.2941,-30.132,-15.3723,-66.4533,-13.4974,-23.9577,-0.350478,23.6426,-11.1924,-47.2491,-55.6029,2.0073,-39.658,-2.99022,-20.0227,-19.032,-805.2,-591.944,-57400,88060,-14280
-12.8727,2.92999,-17.793,-21.339,-29.559,7.23713,13.042,9.43339,29.045,7.46231,33.0348,-22.1211,0.925929,-17.6455,-1.0742,21.8638,-20.984,-813.984,-573.888,-61880,92820,-14140
-29.8499,-2.81175,-8.5994,-1.00395,-2.91087,18.9106,23.2651,0.769483,8.93622,9.84019,83.8709,6.22845,0.270157,0.226978,7.68672,30.4478,-14.152,-804.712,-592.432,-62020,94360,-14000
-22.5801,-1.12933,-4.50428,4.86482,2.35709,15.6395,-5.74309,-24.7225,-3.36425,22.9322,123.719,33.5463,0.0318855,-11.2086,-14.8853,0.669534,-11.224,-802.272,-587.064,-61040,96320,-13440
-20.7572,-4.03317,4.74824,19.505,18.8578,20.8504,-17.2813,-43.332,-30.2808,29.7923,147.04,59.5929,1.49943,-5.1527,-9.14006,-17.059,-12.2,-794.952,-582.672,-61600,95900,-13160
-34.8544,-25.4043,-0.999598,-1.65581,11.3542,17.5507,-31.2941,-40.8075,-50.4779,17.8304,139.853,55.8297,5.82186,-7.77737,-33.2049,-20.7028,-5.368,-786.656,-584.624,-62160,95340,-12880
-48.0488,-55.2398,-16.002,-28.0296,8.36047,17.6955,-13.455,-19.0559,-63.12,-3.96399,119.716,39.7894,-8.30084,-4.17829,-29.0257,2.47921,0.488,-788.608,-571.448,-63140,94780,-12880
-3.90971,11.3616,-1.84884,40.0372,43.8,19.129,36.3639,-7.65411,16.5432,6.73614,101.842,65.1835,-17.5745,8.16729,46.5378,25.1878,17.568,-779.336,-595.848,-63840,95340,-13160
25.2872,37.622,20.7798,53.6553,55.8272,14.2355,24.5031,-17.5016,32.6632,46.5748,109.653,80.2104,-28.3893,25.8273,29.1864,12.643,25.376,-776.896,-605.608,-64680,98560,-13580
24.9762,18.1667,-5.34882,10.6016,-9.1549,-9.15765,-31.3183,-23.8203,44.8179,45.3076,100.16,38.5026,-52.0287,3.58229,-21.6676,-18.7899,24.888,-776.408,-599.752,-65800,101080,-13860
27.6983,3.2472,-36.849,-16.3234,-74.3825,-43.6442,-61.4973,-33.5292,56.598,30.8432,75.0783,-0.000137937,-63.8546,-23.2441,-27.9275,-42.7671,19.52,-797.392,-588.528,-67760,104300,-13720
10.4834,4.80991,-38.1187,-3.73733,-69.0955,-50.9662,-23.668,-22.2531,25.3429,9.60415,38.221,-3.23907,-53.3871,0.414905,1.51562,-16.9804,21.96,-801.784,-592.92,-69160,106400,-13300
16.1656,13.857,-35.9239,-2.91944,-59.3587,-56.6899,7.46822,-13.3228,16.733,6.73033,25.5667,0.564206,-38.7134,9.27227,17.0312,-0.733438,29.28,-807.64,-589.504,-71120,108500,-12740
17.7947,17.7878,-25.5794,23.5854,-11.1784,-45.3629,52.4665,6.7467,-3.66498,2.52542,7.82378,4.17046,-35.3804,8.96421,68.4366,27.7696,29.768,-808.128,-578.28,-73080,109620,-12180
19.1914,28.3466,-8.54384,57.0682,50.2723,-23.3062,78.0452,29.3406,-4.30491,-3.81099,-1.23667,5.6116,-33.4579,-3.04855,101.137,51.4382,24.888,-814.472,-583.16,-73080,109480,-12600
11.8615,15.5526,-1.67688,45.5451,56.5417,-16.7412,59.5624,32.1128,4.34542,-17.8852,-18.3119,-9.98181,-21.4177,-17.4651,81.101,41.8817,28.792,-818.376,-585.6,-74620,109760,-12600
15.831,-1.09775,13.7169,4.21239,36.0129,-2.50119,20.6932,32.9404,8.40152,-22.1813,-31.2737,-13.8746,8.23861,-11.5312,5.75807,22.3739,36.112,-829.6,-583.16,-75180,111160,-12600
7.52198,-44.3358,22.2615,-64.3164,-5.6817,7.38078,-46.8822,5.49638,-25.541,-24.5769,-36.1729,-26.6953,37.6187,-10.352,-89.3968,-33.1455,24.888,-872.056,-545.096,-75460,111020,-12600
35.7802,-8.12826,54.1333,-32.9982,15.4169,22.1949,-71.988,-21.8055,5.16586,-4.08263,-28.884,1.76226,70.4212,16.6417,-105.631,-69.4769,20.984,-847.656,-528.992,-72800,111300,-12320
35.4147,6.28147,66.2195,5.60472,37.466,39.652,-50.4368,-8.84522,8.97669,-1.57399,-36.6135,9.67888,88.7009,43.6305,-59.641,-48.3043,14.64,-812.032,-512.888,-73500,112280,-14840
-28.7653,-7.91686,30.3428,21.7232,14.3682,43.6351,-26.9515,16.8285,-17.2301,-55.0121,-73.7293,-28.6479,86.2585,38.5597,-16.3548,-16.6791,13.176,-825.696,-497.76,-77700,113680,-17080
-1.00883,31.6363,37.1769,45.9052,41.7116,54.0658,17.2321,52.5595,11.992,-23.1965,-56.6937,-3.40206,88.5904,62.0382,-8.51575,32.6467,18.544,-837.896,-511.424,-80360,116340,-20160
-7.29954,8.43669,28.0798,21.482,44.9531,53.8549,56.3209,72.926,-15.2282,-8.64259,-35.0097,-7.1297,72.367,62.0482,6.11394,68.9821,33.184,-857.416,-557.784,-82180,116340,-21700
-3.37313,-20.6459,13.5161,-5.06436,16.4168,35.7864,43.862,60.5452,-21.8458,16.8458,-8.27982,-20.8226,52.8855,16.6973,24.0275,48.8365,35.136,-848.632,-585.6,-80360,118860,-23100
24.3085,2.28215,13.9145,7.2554,18.7588,24.7556,49.6789,55.6386,18.0557,37.0716,0.468415,-2.0006,37.9928,-17.6532,59.1573,37.5756,35.624,-841.8,-589.504,-76720,122220,-23800
34.3664,45.0318,20.501,42.1267,47.9012,25.9365,79.4716,58.5241,49.8991,33.5533,-6.02339,30.536,17.3015,-14.4158,87.6213,55.2436,44.408,-823.256,-605.608,-71260,125300,-24500
24.93,49.6678,14.2635,40.2421,47.5779,23.0907,84.6999,43.7171,41.0724,31.1057,-12.1336,42.0059,-10.8484,-7.32455,82.3867,56.8778,33.184,-813.008,-594.872,-66920,125020,-25200
-7.57774,22.4295,-7.2005,-5.04132,-4.48243,1.9071,28.5603,-6.45188,8.65482,19.3524,-9.72107,26.468,-36.6103,-27.9598,29.3476,4.24404,38.552,-791.536,-594.872,-65240,122220,-25340
-23.7854,-21.5409,-33.9461,-79.3894,-80.9361,-31.9624,-77.5905,-71.0345,-15.2937,13.9151,3.81686,-3.00797,-64.3923,-67.9647,-69.1953,-80.1776,40.016,-791.536,-582.672,-64960,119280,-26460
-32.6999,-43.9219,-36.3092,-108.042,-92.3426,-48.2521,-118.894,-102.967,-38.3606,7.9556,6.34223,-6.10645,-68.873,-69.4411,-121.473,-106.674,40.504,-793,-557.784,-65940,118300,-27440
-55.6918,-42.4829,-51.488,-78.2748,-69.3818,-51.4675,-90.7351,-86.5425,-50.2935,-32.0384,-10.8185,-11.1139,-75.7127,-54.3124,-94.5622,-74.9858,40.504,-794.952,-536.8,-67200,117460,-28840
-47.0574,-17.245,-64.3021,-16.6385,-44.2073,-41.7715,-32.3519,-34.9163,-16.6135,-48.862,-15.0888,-17.9034,-80.2502,-32.6005,-3.40622,-19.3417,42.944,-794.952,-514.84,-68320,115220,-30520
-23.6466,2.30479,-51.5833,32.6117,-26.676,-32.7121,7.90396,-4.77881,15.4297,-18.5836,8.85624,-17.5064,-68.7317,1.50242,62.0699,15.9067,48.312,-812.032,-501.664,-70140,112140,-31360
-30.3581,-25.7183,-51.3633,-18.5044,-43.0449,-41.0944,-19.1624,-19.3377,5.04419,-17.662,9.26674,-41.3078,-65.1327,7.61765,-16.1254,3.44754,51.24,-816.424,-504.104,-71120,105700,-31640
13.3014,-18.2178,-14.7563,-11.5642,-8.84591,-27.0851,0.434019,-12.8446,6.78834,23.0363,10.2993,-22.5274,-39.4268,31.6103,-14.4741,20.9475,64.416,-813.984,-509.472,-70420,100100,-31080
-24.7025,-32.0779,-5.98008,11.3783,6.48503,-19.9642,4.48505,-32.5163,-53.3912,-4.14595,-5.38807,-31.6583,-19.0318,21.6458,14.9674,6.70003,65.392,-799.832,-522.648,-68320,93660,-29540
-16.9734,-23.5933,15.3605,18.456,26.2426,-5.98154,4.50433,-34.3568,-57.1629,0.576083,-6.61774,-17.6917,9.99391,13.8642,9.22485,-1.61888,67.832,-783.24,-522.648,-65800,89180,-27720
89.4615,53.1988,62.0726,59.9197,66.7601,15.3649,34.407,-9.5129,67.1187,72.7014,27.3166,45.0236,47.0023,30.5666,34.0428,16.5805,67.832,-777.384,-535.336,-63560,86800,-26180
55.7333,40.4058,46.4332,25.9647,28.8207,25.3714,2.42339,1.55302,72.5932,42.7346,23.4736,23.4536,53.1742,13.4803,0.614775,1.15861,71.248,-778.36,-541.192,-61320,84420,-24220
-11.4394,2.39826,23.0716,13.2318,7.31995,29.8805,5.34362,10.7095,7.87545,-6.2393,14.626,-3.88052,57.6195,6.2859,14.8677,1.22853,72.712,-781.288,-557.296,-58940,82460,-22260
-24.7907,-19.9385,8.05553,-12.8924,-9.15577,27.2829,-0.597124,39.0326,-27.064,-22.7541,2.70736,-10.6553,57.8104,-4.29532,-6.76253,10.123,71.736,-774.944,-567.544,-55580,79800,-20160
-14.9608,-37.509,5.92529,-48.4834,-35.308,29.3319,-23.998,59.9783,-46.811,-19.1587,-1.38413,-9.93748,57.3448,-16.7466,-42.6746,10.1866,64.416,-768.112,-571.936,-52780,77560,-18060
-14.8088,-15.6174,9.33812,-18.3671,-28.1904,21.2647,-2.33708,34.1125,-36.0087,-24.2059,3.26844,3.47472,56.965,-22.096,-2.48209,3.02141,56.608,-773.968,-564.128,-49420,73920,-15960
-34.2964,-9.90568,-12.7191,-14.0837,-43.2133,5.80228,-7.89076,5.65289,-22.4117,-47.8761,-2.79422,-11.9683,36.1758,-43.5023,0.361509,-22.6041,53.192,-782.264,-563.64,-47180,69860,-14840
8.97635,26.7445,-5.66475,5.22204,-30.6686,-3.88132,-10.0519,-11.1471,34.555,-26.0377,4.78188,9.33938,24.6139,-43.2753,14.0689,-38.6316,53.192,-788.608,-565.592,-45500,66500,-14420
19.5771,36.7613,9.70077,27.7832,9.55829,9.02719,9.10683,6.81287,27.4477,-8.91735,3.02945,28.6909,14.7718,-6.60166,29.28,-6.86764,53.68,-792.024,-574.376,-42000,61600,-14140
5.55725,23.9227,13.527,18.1252,27.8516,13.902,-3.24556,6.76066,-7.1162,-1.79231,3.27857,26.5961,-3.67187,19.5025,-12.2861,5.29033,55.144,-784.704,-578.768,-39480,57540,-14280
13.829,16.9017,2.54193,19.1496,38.2362,-2.3267,21.8168,1.65326,-15.0706,7.36178,8.57874,18.9827,-27.2098,24.9207,-11.3932,23.849,53.192,-776.896,-585.112,-36260,52500,-14420
14.6797,14.7567,-10.8439,17.1552,46.2807,-16.9219,49.723,-12.4981,6.70983,2.17813,7.80562,5.81585,-49.9294,28.8993,-1.62145,36.219,48.8,-777.872,-581.696,-33880,48160,-14560
32.8107,29.3799,-4.55952,29.6155,51.5432,-16.279,39.1123,-28.6797,48.1884,11.6764,2.46673,7.02383,-56.1442,42.3411,20.0067,17.7859,48.312,-783.24,-571.448,-33040,44240,-14700
40.4575,17.8355,1.66605,33.1759,40.3855,-17.8051,17.2011,-26.1425,47.7953,28.9284,12.1918,6.71251,-46.9801,45.2096,35.4665,0.260706,50.752,-792.024,-565.104,-32480,36260,-14560
-11.9922,-5.54045,-5.86325,39.4119,40.5874,-9.69754,17.036,-3.71998,-10.5453,-3.19554,-9.51239,-7.73884,-40.118,53.851,37.4383,13.0935,51.728,-800.32,-570.96,-31780,29680,-14140
-46.7097,-28.997,-23.3297,2.04277,12.3807,-6.58248,-19.7243,-0.856088,-40.9447,-26.0537,-28.6006,-32.9893,-38.3839,32.6693,-21.8165,-2.50658,52.704,-806.664,-577.792,-30800,22120,-13300
-24.4511,-24.2007,-14.9884,-29.9395,3.90468,-4.62331,-40.0103,-8.41556,-30.1791,-12.9033,-22.8875,-25.694,-26.6867,18.255,-73.9599,-13.2605,57.096,-809.104,-580.232,-29400,15120,-12460
15.569,-7.5131,0.0860658,-18.9688,25.952,6.38961,1.40114,12.531,2.70223,-2.65998,-20.3431,-3.5619,-10.0244,26.6212,-33.668,19.8868,61,-816.912,-589.992,-27020,9940,-11760
54.0553,26.1561,11.5772,13.7206,18.128,14.1624,6.19115,25.6036,63.992,26.696,-4.82056,10.9016,7.17982,20.9534,15.8621,19.5756,66.368,-817.4,-599.752,-23660,4200,-10780
46.3907,29.2774,28.2518,28.6456,12.951,15.8498,1.508,11.7551,36.5562,44.703,20.8622,24.2065,26.296,19.5565,25.3455,-1.24496,67.832,-817.888,-609.512,-21140,1680,-10360
-7.88873,-30.9513,16.4571,-29.1137,-22.8198,3.93379,-4.32392,0.979403,-36.4878,20.9035,27.9749,0.0501937,33.7435,-11.1753,-1.50578,-15.6999,75.152,-816.912,-619.272,-18200,-420,-9380
-28.4739,-32.6221,3.66054,-24.3088,-34.0469,6.85928,21.7601,35.1204,-32.0028,-12.646,-6.33933,-3.52212,37.2978,-35.3336,33.499,10.6143,77.592,-814.472,-612.928,-16800,-1680,-8680
10.8206,19.9012,6.65136,3.37709,-40.5153,1.14934,2.16401,27.4334,39.1494,-0.117732,-6.44232,25.5509,37.5869,-57.8304,31.3156,-10.6993,72.224,-823.256,-606.584,-16940,-2380,-8260
4.34501,-1.03958,-0.974723,-29.7736,-54.881,-7.52412,-12.217,19.262,12.4025,2.71295,1.72458,21.6095,29.1476,-66.5183,-6.118,-19.0586,74.176,-829.112,-604.144,-17920,-1820,-7700
-14.3401,-29.7566,-17.2241,-40.5052,-56.0622,-8.36333,18.8161,42.1505,-14.3939,-4.90333,-2.27808,0.156422,12.8485,-63.4933,22.959,14.0945,72.224,-834.48,-611.952,-18620,-840,-7140
-49.0561,-46.7127,-38.7308,-54.2256,-70.6916,-16.9579,-13.7655,16.7594,-40.9252,-21.91,-1.76673,-31.5857,-7.70312,-74.2036,-6.42393,-10.6556,67.344,-838.872,-599.752,-19040,2380,-5880
-13.1162,-8.06478,-21.0801,-34.9123,-52.5139,-25.7301,-51.2328,-42.6267,7.89998,5.6156,17.4862,-15.834,-9.44135,-59.9432,-37.026,-60.4496,66.368,-841.8,-604.632,-18760,3920,-4900
-26.7593,-2.1704,-2.1608,-20.3209,-27.9168,-17.0935,-68.6499,-70.4202,-4.5022,2.23469,16.1635,-9.64429,-7.29976,-21.6091,-39.5186,-82.8888,60.024,-842.776,-603.168,-17500,4760,-4060
-45.3213,-17.1512,9.64123,-3.73276,7.58287,7.08213,-32.7897,-21.0444,-55.8906,-8.65474,-10.2876,-10.0042,-7.28302,23.4724,-14.7618,-20.8417,60.512,-838.384,-608.536,-15400,5740,-3220
6.12839,30.9949,19.9256,44.5741,39.5916,21.7284,21.2742,31.8775,5.50949,11.3336,-24.3385,8.98222,-12.0735,47.4068,17.8326,49.2516,54.656,-822.28,-607.072,-12880,5460,-2100
-43.9888,-26.5187,-13.1752,-2.82239,5.40054,14.2691,7.60133,21.5452,-53.9406,-19.0235,-35.3034,-36.3358,-24.3961,24.5779,-23.2913,38.7034,56.12,-803.248,-613.416,-9520,4480,-840
24.1021,-1.00455,0.287339,-16.5383,3.1927,5.3062,-0.590128,-6.50333,20.2414,28.4574,-3.77037,-12.4984,-11.2913,21.2888,-49.5356,15.9674,53.68,-798.368,-611.952,-6860,3500,0
66.4426,41.4588,17.9783,12.2696,19.2348,2.533,17.6362,-13.7184,74.9819,55.1112,14.0948,21.0618,-0.963592,28.7054,-16.9895,14.106,52.704,-798.368,-607.072,-4620,2520,420
-9.99982,4.00357,-9.7429,39.088,5.94727,-1.4848,32.606,-11.7915,-1.21865,4.95161,0.332531,-15.1374,-10.5343,13.0258,51.8874,13.8913,51.728,-803.248,-606.584,-1540,420,560
-1.81815,17.0332,-14.6724,41.7379,2.64764,-6.79545,10.782,-26.831,21.7588,0.252212,10.4085,-13.7262,-9.55026,-3.22919,37.9964,-7.28286,52.704,-798.856,-607.072,560,-980,280
51.5864,41.8545,12.7574,52.6326,36.3344,1.15909,21.0186,-20.9509,54.0274,36.9201,34.5406,23.6471,5.44184,13.8048,41.7031,6.61208,63.928,-777.384,-615.856,3360,-3360,-420
32.7954,32.1471,24.4171,57.0725,66.2126,12.1179,43.2256,-10.2278,16.6305,23.5521,30.6767,33.3665,14.2128,31.4053,49.2457,29.0335,66.856,-773.48,-612.44,5880,-5740,-1260
-9.15854,-1.40698,16.6067,13.8123,47.6033,9.79104,6.55546,-23.8449,-35.0351,-10.8949,13.0213,15.2693,11.5314,12.327,-1.2839,3.38079,75.64,-780.312,-628.056,7420,-7560,-1960
0.158399,-13.8376,8.61207,-27.9434,9.49192,-4.74633,-30.9903,-25.4013,-28.2715,-11.9884,8.01749,9.85689,10.9118,-20.3128,-46.3449,-20.2541,82.472,-775.92,-626.592,8960,-8680,-2660
-41.8358,-57.9324,-14.911,-52.5714,-15.7193,-9.39862,-25.2029,-11.1639,-65.5836,-42.4613,-11.7986,-22.52,4.0276,-23.3288,-32.4116,-14.1406,83.936,-796.416,-623.176,10220,-9940,-2800
-16.8525,-19.0754,-5.56442,-16.5891,-2.76043,-10.0948,-10.1817,-9.7066,-21.1882,-39.0903,-17.3508,-7.17655,3.93425,-7.72666,-2.89222,-14.0538,85.4,-803.736,-618.784,11760,-10360,-2660
6.25194,17.8724,-2.87803,-15.1691,-5.07098,-8.43497,-27.0323,5.86625,24.1356,-38.3639,-29.0379,2.30597,-3.53817,-6.88009,-37.7532,-14.8684,82.96,-806.176,-608.536,12180,-11760,-2240
-16.5639,-3.82972,-6.10036,-15.8677,7.01842,5.06927,8.61111,38.6164,-13.1667,-40.633,-28.6272,-15.9824,-10.7098,15.4983,-11.8223,26.0295,93.696,-787.144,-636.352,12320,-12320,-2240
-17.1838,-15.8246,-3.80808,6.79325,17.9439,8.95931,41.4109,38.3808,-33.7898,-30.3457,-12.1919,-24.8012,-9.34674,26.1948,39.532,32.882,90.28,-801.784,-642.696,12460,-11340,-1820
31.5104,22.6155,17.3244,19.3242,26.3786,9.33499,16.173,15.0447,32.6631,-4.081,0.499489,-2.4642,-1.17414,35.5538,22.3126,1.62557,81.008,-860.344,-637.328,13440,-8680,-840
63.5477,56.3449,31.6695,25.7598,31.3274,9.82146,5.61081,8.07473,82.0704,15.3846,13.4941,15.4285,2.55609,48.6833,7.39081,1.34875,90.768,-926.224,-674.416,18900,-4200,560
8.81159,23.2892,24.2405,15.9063,25.6619,22.4936,40.0894,26.4908,4.70765,-22.7936,-6.90378,3.03856,7.63271,59.4189,33.8688,50.3637,107.848,-882.792,-742.248,30240,-280,2100
-12.2115,22.4449,19.255,6.29439,-1.68116,22.7667,36.3914,17.4854,-11.5534,-48.1825,-19.9349,13.553,28.4881,17.2666,31.5064,56.3756,51.728,-831.552,-508.496,38360,14280,2380
-22.3121,9.46315,10.7502,4.96279,-2.71983,21.8121,12.5717,9.80336,1.73899,-51.5191,-12.0483,15.0308,45.4781,-3.91589,4.12066,37.7824,20.496,-799.832,-303.048,37800,25340,4060
56.0514,57.7558,36.6971,82.2411,62.9714,27.2515,21.8594,-10.2776,80.7269,29.2974,38.6821,61.9029,49.2046,66.0374,36.7265,24.4162,130.784,-550.464,-676.368,32340,14280,2800
58.7103,56.0347,20.0095,87.3345,34.2507,1.75754,-16.132,-53.7893,82.0499,53.9275,60.0011,66.6803,33.5907,45.461,31.1746,-43.6221,262.056,-597.312,-1072.62,12320,9940,-6300
-2.35689,-1.43797,-25.7027,-6.56561,-21.8423,-13.6227,-48.2885,-29.5067,36.2357,12.4274,24.1295,39.7437,14.4152,-40.2759,-44.2172,-67.4314,130.784,-768.112,-787.632,21420,23240,-280
-62.3227,-67.2367,-69.3309,-113.089,-93.2728,-10.3883,-55.0728,29.7078,-37.5882,-29.8435,-31.7668,15.8806,-18.873,-133.744,-103.976,-47.0143,85.888,-665.144,-897.432,39760,17640,6300
-128.421,-142.119,-110.608,-199.268,-207.115,-35.3948,-73.8879,42.8409,-157.658,-51.4423,-57.9905,-9.43203,-34.2133,-245.849,-132.247,-65.1049,47.824,-569.008,-658.8,42700,38640,7420
-130.402,-145.592,-131.952,-174.85,-218.594,-67.5021,-84.972,20.9912,-170.523,-19.8933,-29.3728,-31.9109,-61.5328,-227.188,-114.817,-89.3328,314.76,-896.456,-895.968,10360,39760,3500
-83.7324,-110.673,-119.974,-117.694,-162.683,-102.038,-89.1378,-18.6808,-96.5379,28.0594,1.08168,-79.7892,-116.414,-121.718,-68.189,-99.3643,190.32,-1026.26,-761.768,-6160,35980,1260
-32.1737,-78.5188,-76.0033,-57.0057,-92.124,-103.395,-57.137,-33.9253,-56.6277,52.5502,5.76275,-116.684,-143.281,-4.49181,9.82663,-56.1026,12.2,-982.344,-439.2,-17920,25060,7560
11.0433,-29.3274,-5.71004,12.3552,15.7881,-55.0675,-7.30969,-36.1489,-37.0478,55.3368,-5.38212,-99.5467,-125.502,81.3253,41.8995,1.97504,52.216,-835.944,-618.296,-19320,22960,10080
91.6387,47.363,81.7148,104.115,131.562,8.20159,57.6926,-16.1959,36.0417,82.259,-3.38986,-37.9509,-63.8446,125.694,87.4888,43.5701,51.728,-863.272,-650.992,-15540,31920,9940
117.353,81.499,115.291,142.673,145.238,53.3871,100.514,41.4755,96.8901,72.1824,-10.1963,-10.8823,6.02737,108.86,137.774,74.5903,9.272,-887.672,-617.808,-8260,42980,9660
129.822,100.174,113.7,113.149,99.528,61.8601,63.3266,39.2243,155.222,64.2775,-1.44002,8.65348,76.9188,52.2319,91.7294,45.3705,-40.992,-886.208,-408.456,280,49280,7980
95.867,89.791,112.808,110.492,125.724,78.5086,74.4982,25.8448,98.08,49.3676,4.80587,35.2739,134.582,92.2543,70.6101,60.7824,-4.88,-796.904,-482.144,1540,39900,4620
9.01265,51.689,90.9795,109.389,144.622,91.9244,92.2171,24.8637,-13.2578,11.0036,15.6486,27.7558,149.738,147.311,66.1007,86.9303,2.44,-689.544,-465.064,-4760,29260,280
18.3033,65.0662,74.8384,75.6845,119.381,83.9353,46.1765,23.2412,19.5784,25.0638,55.9973,40.3438,151.557,148.084,-9.33372,60.599,31.232,-733.952,-701.744,-11760,19320,-3220
58.8202,93.0249,45.6125,37.7035,64.7792,61.8096,19.7081,24.6328,118.916,41.6693,68.5312,56.7862,123.87,88.0115,-33.7265,35.3369,28.792,-763.72,-676.856,-2660,22820,-1400
9.84831,66.2475,10.3726,42.1954,34.4822,35.3234,35.2058,-8.30605,65.536,7.58859,49.4918,56.3493,70.287,33.6538,31.6619,17.2801,44.408,-705.16,-625.128,7700,20440,1400
-7.59949,47.585,3.46405,24.1896,16.7684,10.9281,34.6769,-29.5627,30.0849,1.29556,42.7039,73.6636,36.4067,-17.2701,52.0607,4.02274,45.384,-721.752,-581.208,9380,13720,980
-39.7913,-22.3651,-12.9493,-65.196,-26.5382,-6.67417,-11.8631,-22.4684,-31.9976,-17.8982,25.0665,51.1481,-5.31283,-64.4051,-26.3183,-3.99756,65.392,-798.856,-599.752,6720,13720,420
-89.8556,-82.3726,-36.3853,-111.018,-65.0423,-25.2102,-48.7245,-29.7845,-103.87,-61.2718,-3.22869,10.3485,-41.9306,-84.067,-78.0497,-13.3486,56.608,-817.888,-549,4760,17920,1400
-49.4004,-60.5445,-56.8204,-109.074,-99.8658,-49.7876,-71.4396,-54.3451,-19.9603,-62.3296,-16.0999,-17.7183,-71.5833,-90.8746,-78.0237,-31.7806,53.68,-815.936,-512.4,2240,19600,2520
-39.401,-31.3294,-60.9,-35.426,-61.6464,-50.3228,-33.8668,-57.1048,-14.6108,-70.9762,-38.0674,-29.7973,-84.9868,-57.3107,-8.8357,-15.5918,77.104,-795.928,-596.336,-2240,19880,2380
-48.9228,-24.2413,-63.2193,-2.29387,-35.7935,-39.025,-28.4169,-42.7657,-50.629,-90.653,-63.4234,-42.4697,-80.2559,-46.4448,-7.37452,-13.4718,82.96,-781.288,-607.56,-3780,22960,1540
-33.2475,-31.5266,-61.9924,-19.7215,-34.1027,-30.2846,-44.1584,-26.8759,-50.9472,-81.7063,-64.3083,-48.8302,-67.8738,-51.9127,-51.9043,-25.178,73.688,-756.4,-598.288,-2240,24640,1680
-26.2288,-55.022,-56.0057,-59.9189,-50.9624,-28.706,-87.9903,-26.5653,-60.1179,-66.3323,-60.6856,-48.6492,-49.822,-60.3715,-113.638,-62.167,74.176,-710.04,-590.48,560,25480,1680
-29.9997,-68.4153,-54.7234,-77.3468,-61.3242,-30.2016,-69.228,4.09141,-53.5065,-66.8951,-63.1823,-43.2683,-40.6334,-45.7026,-103.47,-41.016,92.72,-724.192,-680.272,-1960,23940,1260
-57.6675,-30.4723,-54.9761,6.07438,-27.7154,-24.2412,32.5883,50.4781,-31.1314,-100.504,-75.6158,-22.7637,-41.4249,-7.78181,36.3162,25.391,93.696,-745.176,-660.752,-3080,28140,1120
4.80045,18.0435,-18.1057,29.6004,-17.8918,-25.7602,38.6494,43.6777,19.9805,-33.6209,-45.4753,26.4895,-38.8297,6.64722,57.0556,13.5128,72.712,-752.008,-663.192,-5600,32480,1680
10.7332,7.32844,1.41337,9.96928,-25.2067,-30.0969,9.2945,12.8877,-6.95003,19.2011,2.99757,33.7404,-36.1181,-5.86626,28.4497,-26.3441,63.44,-776.408,-638.304,-8820,34720,1400
-21.0376,-18.4711,-11.3789,-35.7691,-59.5841,-40.7,-65.5636,-18.5654,-36.341,16.2136,26.69,6.0408,-36.914,-51.3034,-35.0529,-89.247,50.752,-816.912,-598.776,-13440,37800,280
13.7302,3.2818,10.1414,-14.7003,-31.201,-28.9056,-36.8975,-8.72993,4.50802,46.8792,43.5359,18.0775,-17.9354,-45.8931,15.5057,-67.6091,46.848,-846.192,-575.352,-15680,37800,-560
-5.67273,-14.9137,31.541,4.11005,27.4623,12.6971,34.4842,20.9458,-34.6986,40.226,45.3104,13.3939,6.18512,13.3634,57.5314,4.53563,52.216,-857.904,-587.552,-18760,34300,-1820
10.4047,6.76472,53.0148,31.2445,67.1412,48.1959,63.719,63.8671,-24.7323,48.6656,58.2706,18.0089,35.8627,60.0106,58.7142,63.6113,57.584,-844.24,-591.944,-20440,34440,-3220
90.5181,55.426,68.9886,37.5706,70.0347,57.6784,42.5435,69.4853,82.6819,83.3359,72.3283,27.42,60.584,67.8202,8.06007,66.6052,62.464,-833.504,-579.256,-20020,35560,-3640
147.552,61.1675,77.2997,-5.31306,41.2607,47.4631,-26.1505,17.1174,151.27,117.505,80.4962,25.7603,79.3087,51.5067,-81.2862,2.61419,64.904,-823.744,-578.768,-17920,35000,-3080
85.819,37.5812,68.156,43.6012,66.7985,54.6268,53.583,23.0142,98.0782,73.246,41.2353,2.53634,82.7515,74.8471,41.0067,42.1266,67.344,-809.104,-589.016,-15820,33880,-2520
2.66693,1.06387,34.4599,69.1581,49.6745,45.4342,77.4308,21.7578,24.2186,21.3487,3.84089,-40.8553,65.9161,62.302,111.254,50.2163,60.512,-797.88,-591.456,-12740,33040,-2380
-11.1837,-7.41634,17.3092,35.1249,11.9865,30.1966,7.0251,-2.64181,9.46514,14.6108,-2.41549,-50.4818,60.4469,30.1481,30.7142,1.5566,58.56,-796.904,-590.968,-10780,33040,-2100
50.7485,28.6804,40.6638,25.8961,38.6282,37.9008,25.3972,0.118377,44.6638,58.4717,3.44738,1.82411,71.6485,39.2671,12.1026,16.163,51.728,-783.24,-594.872,-7840,32620,-1820
45.0278,48.3198,43.881,40.171,56.9345,38.8688,50.4585,10.4343,12.7377,66.6646,-1.17899,36.1703,70.29,40.3221,38.5461,36.4487,55.144,-783.24,-609.512,-6020,32620,-1960
-7.52046,37.4452,11.7419,54.4644,44.0784,28.5242,64.5088,26.5842,-29.0032,33.6236,-16.0312,23.5363,39.5303,28.4706,64.821,62.0262,54.656,-770.552,-596.336,-5040,33040,-2380
-20.1258,23.1729,-28.8792,2.15754,-18.8852,-10.451,-4.83208,-10.4656,3.7396,6.91191,-22.8353,-3.15747,-4.93271,-23.1586,-2.53524,9.62578,67.344,-776.896,-606.096,-4480,24360,-3080
-84.9482,-38.3549,-66.1215,-56.0579,-57.5376,-34.8909,-30.4706,-38.642,-61.9354,-45.81,-43.0437,-45.4907,-44.4233,-58.8068,-32.2269,-17.3739,76.616,-773.48,-606.096,-2520,21840,-3640
-109.371,-61.8585,-77.2999,-58.7151,-49.8665,-40.1263,-40.4973,-52.5889,-97.2533,-75.1081,-58.8351,-52.6632,-73.6026,-58.9605,-51.639,-24.0605,83.448,-764.208,-610.488,-1120,24640,-3220
-72.2286,-41.9082,-57.5092,-60.8534,-46.526,-46.4159,-89.2261,-69.6146,-78.2009,-58.8319,-37.7688,-20.852,-80.024,-51.7742,-111.025,-54.9311,78.568,-759.816,-619.76,840,25480,-2520
-65.7151,-49.1987,-50.3122,-31.4314,-44.1191,-47.7533,-55.364,-53.5952,-81.3983,-59.9116,-24.9602,-16.5109,-84.6954,-40.2316,-37.4323,-40.1654,76.616,-758.84,-621.712,700,24780,-2240
7.68893,-1.78743,-32.8998,-8.16611,-38.776,-57.3729,-49.4642,-60.0445,28.8587,-32.4798,-6.57686,13.7417,-81.9451,-40.2339,-27.708,-54.1245,67.344,-780.312,-617.32,140,24080,-2380
18.7315,5.71325,-39.6853,-37.8561,-51.7789,-57.6542,-59.6949,-47.264,87.7366,-57.9125,-7.36355,13.1736,-82.4347,-47.1437,-75.2859,-50.7247,70.76,-777.384,-612.928,-420,23660,-2380
1.8702,-6.35423,-41.7729,-28.3737,-45.0786,-44.0123,-37.7916,-19.8215,42.2487,-87.5206,-38.0844,10.6393,-73.7402,-35.7862,-50.7926,-31.3779,66.856,-782.752,-621.712,-1540,22960,-2660
-24.3521,-24.8172,-14.9308,10.9271,-8.76101,-17.2043,21.9578,9.95917,-67.0939,-55.2967,-28.7037,20.7541,-40.2942,-3.60958,29.6286,0.915257,69.296,-791.048,-625.616,-3080,22260,-3360
-90.2713,-90.6515,-24.6202,-30.6448,-30.0989,-5.6738,19.9849,37.3268,-144.718,-54.4808,-14.3291,-27.2096,-22.6556,-9.64572,24.7828,14.5864,72.712,-793.488,-617.808,-4200,22120,-4060
17.0248,2.41248,18.9023,20.8144,5.78389,5.39293,32.6294,43.9751,4.9766,22.3108,25.4095,20.7374,16.0637,5.43764,52.8904,23.7848,73.688,-799.344,-619.272,-5880,21560,-4900
61.7639,55.9127,41.9338,52.8655,31.0348,16.1898,15.0378,24.3672,64.5427,47.827,47.1979,41.8202,39.8562,16.4644,38.0883,4.82189,72.224,-809.592,-613.904,-6860,21840,-5040
25.6313,18.1445,36.1306,18.1371,19.7678,25.7878,-20.5571,18.128,0.218991,31.8338,48.7772,13.0536,52.0266,13.8339,-22.3196,-12.0422,68.32,-813.008,-611.464,-7420,21840,-5040
21.6143,-12.1359,31.2565,-32.6534,1.64262,29.737,-23.9063,25.1412,-3.3672,32.3881,42.8612,-7.85077,58.9698,7.10231,-50.5079,-7.25663,72.224,-809.592,-607.072,-6720,20580,-4900
37.957,-4.13523,29.1127,-25.8705,2.61915,32.3964,1.85872,29.018,40.695,35.1883,28.0189,-13.4024,60.1993,8.04644,-1.33557,6.9174,73.688,-798.856,-592.432,-6440,18900,-4900
76.9226,64.8491,57.7023,64.8923,72.3748,50.6677,78.8063,55.2088,101.204,52.5981,23.2508,34.1205,73.2411,56.3002,85.3741,62.4936,78.08,-797.392,-609.512,-6020,14700,-5040
61.5857,47.0848,56.0786,29.4495,71.6437,47.9798,61.4314,38.2496,83.7816,46.5717,26.9044,32.2989,70.9693,57.6262,35.0359,50.8702,85.888,-790.56,-616.344,-5460,13300,-5180
-6.40919,13.9818,29.048,21.1882,55.9004,40.0472,49.598,14.1587,18.3133,-1.39391,12.2525,3.6221,56.2912,42.1264,49.7161,28.3825,93.696,-783.728,-611.952,-3920,11900,-5460
14.5807,46.2625,18.0719,61.1153,60.4845,27.5571,75.9148,16.357,45.3853,0.728927,2.67229,17.0119,41.9421,33.0521,104.124,40.3656,89.792,-784.216,-603.656,-2380,12460,-5460
27.2407,31.6557,12.641,14.2184,30.9458,16.3251,25.9682,8.94022,29.2128,23.7436,4.98058,16.6765,22.9738,22.8126,24.6198,21.8473,91.744,-788.12,-595.848,-1960,12600,-5460
-5.53707,-34.9505,-1.58727,-64.3417,-9.95754,4.00883,-33.0118,-2.48721,-47.0053,25.9023,8.91117,-10.4588,1.11986,13.7556,-76.0237,-5.21394,92.72,-787.632,-588.528,-2380,12880,-5460
-0.321244,-16.7507,-2.48839,-48.0014,-21.0429,-6.09832,-48.6278,-8.31469,-28.9085,26.3221,4.40244,-4.80691,-13.7469,11.0424,-86.1832,-15.6594,86.376,-795.44,-584.136,-3360,14420,-5320
-16.8358,11.6879,-13.7349,19.9043,-23.2662,-24.748,-26.634,-35.0826,-17.2938,4.27614,-16.7467,-8.56785,-31.5884,-6.7628,3.41874,-32.18,79.544,-806.664,-582.184,-4620,16520,-5040
-13.351,14.8651,-20.0605,51.3803,-15.8976,-40.2408,10.7333,-58.9711,-3.62098,2.29024,-24.6842,-13.0085,-42.1521,-19.1357,79.2933,-35.5736,78.08,-807.64,-586.088,-5180,17080,-4480
-23.9848,2.83333,-20.279,11.526,-29.8463,-41.9956,-50.7201,-76.3403,-29.1919,-2.592,-27.2499,-17.1809,-53.4955,-23.147,-21.6034,-61.9378,81.984,-807.152,-591.944,-4620,17360,-4340
-35.4059,-15.8708,-25.2055,-15.921,-34.4675,-31.21,-52.1872,-33.6474,-50.1277,-12.9627,-34.5357,-23.4117,-53.3279,-21.8533,-59.7504,-27.4142,83.448,-794.952,-595.36,-3500,17080,-3920
-4.02606,-6.14819,-16.2747,-19.3673,-20.877,-11.1233,-11.8759,12.1684,-3.15587,-5.06558,-31.0109,-8.93922,-44.0914,-3.27772,-41.8005,20.9785,85.4,-787.144,-598.288,-2800,16100,-3640
-41.2727,-42.1901,-37.2856,-25.5833,-30.7025,-12.0165,-1.72975,4.67751,-32.6891,-38.5675,-25.3475,-35.8599,-49.2277,-14.7255,-13.9186,12.5369,86.864,-781.776,-604.632,-1400,15400,-3360
-61.9563,-43.9726,-39.2964,-14.701,-18.7538,-8.28379,3.31097,5.74379,-45.8139,-67.6031,-35.3387,-34.307,-44.8659,-13.3002,-8.74114,12.3702,87.352,-784.216,-605.12,-980,15120,-3080
-43.5196,-52.213,-35.1415,-29.2242,-27.6935,-6.68582,2.73894,10.2488,-41.4523,-51.259,-27.1068,-32.4289,-33.3996,-24.0448,4.06834,11.3362,85.888,-783.728,-606.096,-840,15680,-3080
-15.9358,-51.3345,-31.5264,-30.5775,-41.3412,-11.4975,-1.59009,11.5242,-21.5031,-24.6671,0.427464,-27.3577,-12.3778,-47.9433,15.8079,3.61846,85.4,-781.776,-610.976,-700,17360,-2940
-2.21604,-29.9635,-24.6035,-54.7364,-59.295,-18.3738,-58.6982,-14.7056,-2.16443,-8.70951,10.8227,-12.294,1.08305,-68.5459,-63.8824,-39.5814,87.352,-787.144,-610.488,-1260,18340,-3500
-23.5067,-13.8464,-12.0375,-40.4234,-49.4847,-17.4861,-84.1549,-35.9937,-28.1843,-19.0013,2.40557,3.03688,13.6643,-65.7178,-86.6175,-67.571,81.008,-787.144,-610.976,-1540,20720,-4060
56.0362,55.4678,25.29,18.9515,0.31167,-5.24351,-8.13357,-3.49849,80.1234,21.065,12.3171,54.1674,39.4293,-35.8724,-3.0791,-15.5451,81.984,-785.192,-605.608,-2100,22120,-4480
51.4197,61.7315,20.2007,32.6377,5.34844,9.28717,25.2965,27.7865,92.595,13.3511,2.19693,44.1525,39.6239,-25.2866,19.1137,15.4642,78.568,-782.264,-603.168,-2520,22120,-5040
-2.78696,12.0909,17.7563,-20.9993,-7.91314,14.5022,-20.3689,16.1408,-18.1679,-2.76972,-0.273125,19.6536,42.2626,-18.6266,-62.1172,-11.5796,81.496,-778.36,-602.68,-3640,21700,-6440
-10.9296,-13.7917,10.3042,-12.0941,7.88983,26.1277,67.7775,61.0742,-38.5326,-5.67804,-4.78083,-0.922217,44.0407,8.25466,47.9412,58.9845,85.888,-780.8,-601.704,-4620,21560,-7700
14.5776,18.0952,20.7653,47.4729,52.4883,32.1331,120.426,71.0655,1.92111,16.6108,13.803,7.30257,36.2925,30.8157,137.811,90.1548,145.912,-825.696,-754.936,-7420,9660,-8680
6.66709,15.2051,22.8521,41.659,100.958,35.5912,78.2382,34.4355,-4.45678,20.0014,39.4876,-0.94836,2.24961,75.0361,74.115,60.8686,56.608,-781.776,-525.576,140,35140,-12040
-20.4684,-17.3879,18.194,38.6957,95.0072,33.7433,33.7973,-5.94174,-45.0592,6.05212,36.0719,-14.5588,-13.9076,99.5314,34.8667,20.8988,80.52,-773.48,-583.16,7140,44520,-11340
26.3213,-4.34688,30.3546,22.7376,55.1055,16.7875,12.4097,-21.5679,10.38,32.8944,34.1018,7.9865,3.14169,68.7354,27.6527,-5.83864,91.256,-778.36,-577.304,700,39620,-10920
85.9401,49.2519,37.1484,53.2415,44.2691,7.71215,16.8731,-14.2018,102.235,59.1702,39.4322,36.8681,7.68891,54.1491,53.6226,-7.96495,86.376,-792.512,-589.504,-1960,33740,-9380
51.555,37.7439,33.0022,51.3938,33.0801,1.79996,13.2366,-28.6261,48.4682,41.776,33.5967,32.7247,7.11124,43.6889,37.7126,-21.0741,69.296,-792.024,-605.608,-1680,28140,-7700
23.6725,23.0528,24.5606,31.6157,20.2508,2.70033,-8.87628,-34.1622,12.9335,15.632,14.2614,22.2232,4.8664,35.6947,-5.78805,-28.2591,68.32,-780.8,-608.048,-1260,21840,-6300
59.9293,50.2809,23.6541,1.79797,-17.6841,-7.94262,-74.6404,-42.6542,79.6982,43.3971,20.6549,28.4077,4.41292,5.56695,-76.0807,-57.1374,85.888,-742.736,-636.84,840,18620,-5740
23.219,26.7252,0.844559,-23.8083,-36.6147,-16.671,-65.539,-25.4575,42.746,18.8433,2.59735,8.26827,-5.8405,-16.7759,-79.5384,-38.6716,88.328,-747.616,-603.168,1400,18480,-5600
-20.6439,-13.3072,-22.0155,-35.7057,-38.3995,-21.6607,-31.1714,-4.08202,-13.407,-20.3345,-26.1281,-12.033,-14.4654,-23.1683,-56.8211,-9.63457,86.864,-769.576,-598.288,1680,14700,-4900
-95.4811,-65.7068,-44.8888,-55.0773,-42.9364,-18.557,-4.5718,14.5697,-91.5579,-72.124,-51.5478,-42.3046,-21.991,-21.7437,-28.3691,15.0274,88.816,-783.728,-601.704,1400,9800,-4060
-136.774,-86.1198,-58.2795,-27.1186,-37.1643,-12.5339,22.9509,21.714,-137.11,-95.0456,-67.7528,-63.1756,-33.1129,-14.654,39.4503,30.0557,101.504,-782.264,-627.08,840,7140,-4060
-78.686,-66.9083,-49.4786,-52.0797,-52.8714,-12.4705,-9.62334,7.06783,-69.9442,-54.6103,-54.3395,-52.6424,-34.09,-24.5117,-8.73303,6.84388,98.576,-770.552,-604.632,1960,7560,-3920
2.82895,-16.8454,-15.5866,-41.5679,-34.956,-12.6936,-38.5353,-6.95962,3.98152,3.07652,-21.5014,-6.41661,-14.5009,-26.5722,-53.487,-18.0292,102.968,-763.232,-607.56,2100,7000,-3780
17.8888,14.1167,-3.9412,-28.8751,-35.5029,-13.5704,-60.9388,-6.68805,29.0225,18.6646,-0.970685,6.97939,-3.0706,-39.4628,-66.7335,-30.786,99.064,-765.184,-591.456,1960,8260,-3640
-4.19388,14.9176,-12.0592,9.13298,-24.0869,-13.4725,-14.2784,7.24779,10.0472,-4.98031,-8.09868,-3.58758,-6.7089,-45.7488,15.3853,-8.66638,93.208,-779.336,-589.504,140,7840,-3220
-9.36358,5.66641,-13.5612,20.4677,-0.896753,-5.33551,28.2882,24.1854,1.37481,-19.8264,-18.1609,-9.04812,-10.749,-28.7742,44.1601,21.7526,93.696,-786.168,-594.872,-840,6860,-3360
26.6525,21.3828,6.94029,17.2126,13.9724,4.37865,20.9636,12.8923,25.2607,3.66413,-5.89474,10.0492,-0.309068,-7.36262,22.8574,14.5212,96.136,-781.288,-592.432,-1400,6860,-3360
53.7656,40.957,27.5997,34.3242,34.7879,8.49332,32.6283,-4.47815,42.2998,31.3479,16.8251,32.8164,16.7689,6.22141,31.3439,6.56401,95.648,-781.288,-593.408,-1260,6860,-2940
66.5139,40.3723,29.2052,24.2421,21.7452,1.08135,0.136151,-29.6587,58.5226,47.66,43.4664,32.8015,27.3382,-5.39557,5.26576,-26.1603,95.16,-772.992,-593.408,-1120,6720,-2800
30.4301,23.048,21.2999,51.2936,27.5352,2.40954,22.5998,-15.8784,9.74728,28.2695,35.4594,20.938,27.042,3.23888,56.907,-8.49213,96.624,-780.312,-590.968,-980,6860,-2800
-11.2205,3.54406,6.3371,29.2258,17.4964,11.5592,19.6924,5.61139,-20.5965,-5.16148,8.20377,1.33999,18.0771,12.4594,29.1262,7.56583,94.184,-775.432,-592.432,-840,6860,-2380
-15.5144,-19.3089,-3.20731,-2.51144,0.35473,11.5579,8.85186,15.7549,-17.3784,-11.0047,2.44129,-13.49,12.3928,8.01288,11.1655,12.0438,93.696,-779.336,-594.384,-980,6860,-2240
-21.2767,-31.7377,-4.34419,-19.7601,9.54517,18.9468,29.1849,41.2691,-29.5948,-18.9941,-3.824,-12.0707,9.0696,22.4464,-6.09196,46.7085,94.672,-772.992,-592.92,-980,7140,-2100
-9.42257,-38.7581,-2.56421,-57.6707,-8.18946,11.0462,-19.4569,18.3132,-33.7238,0.748652,7.64236,-10.7355,5.54201,10.9143,-78.0454,13.1378,93.208,-768.6,-592.432,-1540,7840,-1960
-12.5219,-31.9665,-2.94448,-39.9495,-5.36197,5.69429,-0.3225,4.19742,-32.3202,6.95482,15.1904,-11.3556,5.76458,5.18538,-28.4004,7.91338,93.696,-771.04,-588.528,-2100,8120,-1960
15.1828,13.0181,5.59014,8.28155,-0.953494,-1.13436,-1.46719,-8.05671,24.1538,20.8396,20.3072,7.39234,9.19058,-4.08093,18.2169,-6.16303,95.16,-773.48,-590.48,-2660,8400,-2100
20.9033,26.0403,9.85194,0.627372,-8.13179,-5.234,-31.9708,-13.0923,38.5402,20.7121,17.4066,14.9361,4.67485,-10.8065,-14.8267,-20.3315,93.696,-772.504,-597.8,-3360,8260,-2100
24.7637,29.072,18.3769,17.2383,24.4851,8.34479,15.4356,14.7747,37.1551,17.6292,3.92322,25.072,6.47933,13.5707,13.0644,24.0654,93.208,-772.016,-596.336,-3360,8260,-2240
-5.35972,2.85531,6.64719,7.52055,18.5951,14.317,23.3791,20.42,5.4885,2.95502,-0.321581,5.01537,1.87114,15.8416,15.1065,32.1924,95.16,-771.04,-596.824,-3080,7840,-2380
-20.2231,-28.9174,-5.25038,-27.5588,-0.0936927,7.29994,7.03193,8.32895,-30.5605,-6.53171,-6.21606,-12.4223,-4.39289,3.62013,-4.5835,14.0733,95.16,-769.576,-596.336,-2800,7420,-2520
-27.0061,-38.8361,-8.18441,-24.6141,3.39479,1.64807,15.8635,0.574515,-50.6256,-18.2584,-11.9729,-14.4181,-8.13202,-0.189671,11.4887,9.82436,93.208,-762.256,-599.752,-2660,7280,-2660
-37.9811,-17.9148,-20.9863,-3.18688,-6.10232,-10.6455,-4.53729,-29.8738,-33.6448,-44.3965,-24.5802,-19.6502,-22.3092,-13.4539,9.60088,-24.5083,93.208,-766.648,-589.992,-2940,6860,-3080
-4.80919,36.5981,-14.4858,18.6121,-10.4059,-18.5624,-49.3928,-51.4585,35.4785,-24.7692,-14.5418,-1.38363,-22.235,-18.5442,-28.4014,-60.4027,91.256,-772.992,-589.992,-3920,6160,-3640
-12.2139,25.3773,-11.1021,1.79926,-12.4121,-10.6297,-49.1951,-23.6294,23.4241,-22.7897,-14.3764,-4.73768,-16.2132,-10.3163,-54.0221,-36.5548,89.792,-777.384,-590.48,-4620,6160,-3780
0.959264,-16.3495,3.58642,-7.90801,-1.12403,-5.40164,-10.7733,-16.5545,-23.888,-0.127899,-11.4074,-4.68218,-5.71573,0.0891174,-16.9561,-15.878,89.304,-772.992,-597.8,-5180,6860,-4060
-0.184608,-16.0858,9.58292,4.15923,10.9107,-3.38784,9.3751,-32.0271,-40.1985,5.08212,-8.64797,-2.33632,-5.86538,8.18297,10.7337,-20.1098,90.768,-764.696,-593.896,-5600,7700,-3920
7.13307,21.2607,1.57566,44.869,6.54918,-6.69152,30.1876,-12.7892,12.7819,1.44847,-7.16725,0.224031,-9.59455,5.09732,62.0626,-3.41667,91.744,-762.744,-591.944,-6020,8400,-3780
32.5001,58.6525,3.51502,64.1444,5.2027,-5.41432,24.1558,8.70571,75.348,2.47842,-6.51533,17.5178,-6.97144,11.1609,54.7798,9.40733,92.72,-762.256,-595.848,-6720,8960,-3500
21.7124,35.2609,-0.831554,21.392,-10.4242,-0.768459,-2.4946,16.4784,52.6547,1.12684,-11.6932,10.7244,-6.97939,14.749,-7.88269,9.71862,90.768,-758.84,-602.192,-7000,9240,-3220
-1.08974,-7.0326,-2.07542,-11.6708,-18.9814,1.21087,3.30076,18.6237,-4.78255,15.0972,5.82818,-3.29913,-3.05783,18.3991,-9.59682,15.6001,93.208,-752.496,-604.632,-7420,9660,-2660
-1.58443,-22.8839,-3.40742,-15.0335,-18.425,-2.17354,14.3834,16.3144,-17.0078,17.8588,13.311,-6.94419,-3.53555,20.0079,8.38742,20.0426,91.256,-751.032,-601.704,-7280,10220,-2380
18.2989,-5.12512,2.94338,3.93739,-14.4422,-6.84174,14.5947,1.16846,7.74985,23.4494,15.8368,8.03355,-2.49058,20.2763,26.3229,9.35445,95.648,-749.568,-607.56,-7840,10360,-2240
-11.5261,-7.03451,-7.73837,-2.48878,-19.1033,-8.4239,3.88488,3.28114,-8.72219,-10.0552,-11.6041,1.02775,-16.4694,13.9375,11.8997,9.26028,99.064,-751.032,-603.168,-8120,10500,-2240
-9.63118,-7.77872,-6.47131,-23.3249,-25.8961,-8.35102,-14.9445,11.8748,-5.45142,-5.43493,-8.86764,2.88727,-16.4008,3.55615,-24.8793,6.58749,97.6,-751.52,-605.12,-8540,10640,-2380
12.7568,3.07154,1.9976,-25.2113,-18.1771,-12.9962,-31.0656,-7.49832,10.3688,15.5888,10.9835,13.1492,-7.80944,-9.67615,-40.5362,-19.1631,102.48,-749.08,-603.168,-8960,10920,-2380
-32.6308,-41.0871,-11.7151,-46.2007,-12.3232,-4.28887,-22.7103,2.95657,-58.5839,-18.0994,-3.08872,-13.0426,-9.36199,-21.3197,-37.4892,-7.44409,101.504,-749.568,-599.752,-9380,11060,-2660
-43.8532,-64.9245,-14.4129,-57.9968,-1.72287,7.22537,-18.5532,18.1387,-81.2835,-21.451,-3.06532,-25.9528,-8.37879,-29.4052,-44.2839,4.70091,99.064,-750.056,-600.24,-9800,11060,-2800
2.27613,-21.7957,-6.16101,-31.4224,4.58132,4.38686,-21.5569,10.0166,0.96072,6.34226,17.1405,-13.4596,-0.0593953,-47.0816,-30.3368,-8.75217,100.04,-754.448,-598.776,-10640,10920,-3220
10.8053,11.2161,3.34682,16.3039,32.7817,12.923,16.3187,18.5158,23.9741,0.459275,9.40562,-1.81984,3.24566,-33.676,27.971,10.7813,99.064,-755.912,-600.728,-10780,10080,-3500
9.06763,10.3588,10.4412,26.1181,41.4365,14.9207,19.5205,12.2339,5.67235,0.794302,5.32598,-1.21654,6.57996,-16.9228,31.6846,10.237,100.528,-755.424,-600.24,-10920,9240,-3920
10.6862,8.24039,15.2298,21.4218,31.6826,11.1949,5.91625,1.07302,1.82274,3.58762,7.42709,3.04655,12.5913,-7.94535,15.9174,-2.22196,98.088,-754.936,-598.288,-11200,8820,-4200
20.5607,23.1615,17.6148,26.6629,23.6982,11.4908,7.23261,10.609,21.6866,3.98049,5.12582,10.7478,15.6716,4.12984,12.5472,5.62575,98.576,-753.472,-599.264,-11200,8680,-4200
28.7326,25.2326,20.4624,13.0397,11.0171,9.42145,-1.36176,9.16534,30.131,12.169,5.1246,15.1815,18.112,13.2444,-11.4842,3.84563,94.184,-754.448,-596.824,-11340,8400,-4340
4.78156,5.57536,15.723,10.8751,12.0015,7.82474,17.0256,4.27657,-2.37491,5.33969,5.19991,6.50893,23.5513,20.382,2.10253,9.87308,95.16,-751.52,-599.752,-11760,8820,-4480
19.791,19.7351,14.3433,22.7456,8.52062,0.669774,7.91897,-15.0371,22.1323,20.5943,20.3521,10.3302,33.7169,8.82526,14.4104,-10.9482,94.184,-749.568,-602.192,-12460,8820,-4200
21.0268,22.9749,13.3591,22.4971,15.2564,4.86388,5.80765,-18.3386,26.305,22.3424,20.5343,11.2923,47.3679,0.182852,14.2789,-15.8676,98.576,-742.736,-598.776,-12880,9660,-4480
9.59759,4.24615,14.3706,0.216013,16.9484,14.7476,-0.244456,-16.3935,-1.2218,22.6677,24.9736,3.15837,80.9293,3.61332,-11.5338,-11.3811,86.376,-745.176,-595.36,-13580,10220,-4200
-8.64012,4.9978,4.06945,3.16972,12.0608,15.6777,4.7086,-12.858,5.68248,1.61248,20.4536,6.32161,86.3387,7.58527,-6.58672,-4.8178,103.944,-732.488,-614.392,-13580,9380,-4340
-36.7601,10.7786,-16.0763,13.9956,10.5646,14.3815,26.1352,8.41668,15.7858,-41.8817,-15.7713,-1.48187,73.3537,0.743207,17.5697,15.9999,100.04,-731.512,-600.24,-16660,11900,-5040
-19.9428,16.3103,-13.0632,17.4614,25.0106,20.3757,32.1867,18.0675,14.6284,-27.8626,-37.128,-0.199812,48.8126,-8.01385,25.9913,30.3399,96.624,-731.512,-596.824,-17080,11620,-5740
-8.76765,11.0425,-3.23158,16.5742,33.9159,22.0123,30.6279,20.662,-3.61711,-8.85238,-19.6759,-1.06154,21.9475,-7.74915,27.3215,36.7709,97.112,-727.12,-598.776,-17640,11340,-6020
14.737,-5.74478,0.994202,-14.2496,-0.929268,2.64629,-14.2521,-7.64705,-5.50529,16.1886,-1.64215,-6.92529,2.65864,-6.35221,-15.046,-1.76947,99.552,-717.848,-596.824,-19460,13160,-6020
20.2901,-0.579614,-4.13462,-8.21271,-29.3787,-18.0738,-13.5715,-24.3056,2.3682,26.5741,-1.66006,-4.49848,-19.5745,11.9886,-3.28162,-13.7089,100.528,-716.872,-597.312,-21140,13720,-6160
-12.1607,-18.1079,-22.7592,-15.2906,-59.2961,-30.0452,-12.2844,-20.1735,-25.379,3.25304,-18.8291,-20.2287,-42.9098,32.4485,-2.73194,-6.67996,98.576,-719.312,-594.384,-22120,14420,-6300
-19.3938,-23.8034,-26.5932,-24.9724,-76.6559,-37.3511,-22.6948,-19.6,-28.1624,-4.18874,-19.4227,-20.98,-61.9562,46.248,-13.631,-10.2078,97.112,-716.384,-593.408,-23520,14700,-6300
-14.4937,-8.3582,-21.9022,-4.62371,-59.8742,-38.3006,-6.43725,-12.0534,-10.3626,-16.7642,-29.3003,-10.1516,-74.7744,52.8068,12.0266,-4.01075,98.088,-716.384,-594.872,-24500,15120,-6440
-8.42062,-8.39944,-14.5301,-4.41421,-41.7214,-30.7311,-3.28433,-4.89652,-5.41844,-17.9193,-25.0649,-1.22412,-84.2182,40.6083,11.9963,-0.69141,104.432,-710.528,-599.264,-25340,15680,-5880
-12.7667,-15.9341,-5.27127,-13.0459,-30.7756,-26.4986,-12.9637,-2.97106,-15.004,-12.5936,-5.86715,1.59667,-88.9139,16.0993,-2.22699,-7.45186,103.456,-707.112,-589.504,-26180,16240,-5600
-6.30354,-18.7748,-2.61217,-18.2494,-20.894,-19.9319,-19.3524,1.27418,-10.7842,-7.86036,-0.131106,2.92029,-98.1713,-8.75471,-7.71826,-14.0516,106.384,-707.112,-593.896,-26600,16800,-5460
8.53683,-9.12351,4.96995,-15.9385,-0.509033,-10.2218,-25.956,-2.67416,3.84526,0.228004,7.90124,12.1035,-101.039,-25.8313,-15.3431,-22.4429,110.776,-711.016,-596.336,-26740,17220,-4900
4.64469,-3.18971,9.59661,-2.71451,22.2772,-0.233589,-13.5641,5.39665,-4.13117,-5.90737,3.01495,20.989,-109.215,-27.7166,-1.70682,-11.543,114.192,-708.576,-597.8,-26600,17500,-4480
6.42921,0.975058,5.09223,-7.56608,8.61135,-4.15884,-16.4446,14.9114,-0.975415,-11.0205,3.79284,23.3873,-122.746,-18.3635,-12.4263,-6.01319,122.488,-714.92,-604.144,-25900,17360,-3640
-9.71061,-13.6722,-9.5507,-26.0146,-24.8468,-18.2851,-30.0596,8.45986,-15.3594,-24.8736,-2.1538,15.1531,-133.386,-19.6844,-28.4519,-14.7716,134.2,-709.552,-603.656,-26040,18340,-2660
-23.396,-15.7535,-10.1623,-12.7243,-15.5644,-14.1846,-3.61067,11.9976,-23.0914,-33.034,-3.17276,16.2186,-90.8137,-14.6588,-6.38333,3.31574,122.488,-729.072,-604.632,-26320,19040,-1680
-3.89151,-1.76259,5.44557,0.620269,10.172,0.117804,9.58071,9.99461,-3.5934,-6.98647,12.052,16.5356,-15.613,-14.1098,-5.47774,11.4251,120.048,-733.464,-600.24,-25340,19460,-140
0.720154,2.28402,9.20655,3.24285,23.1355,9.1878,5.32069,0.356537,5.66716,7.90305,16.4329,-3.83101,62.625,-33.0282,-11.8346,-1.15557,126.88,-745.664,-594.384,-25200,19740,1120
-7.79893,-15.7885,-1.65787,-18.3711,22.847,14.3765,-9.14307,-9.96586,0.136803,10.1025,15.0896,-38.9416,138.93,-66.6062,-34.2706,-21.1131,122,-744.2,-599.752,-24780,19320,2240
-18.7132,-25.9587,-14.3269,-27.8388,39.852,23.5496,-8.17575,-10.1758,-8.95676,1.46997,9.72782,-47.5164,157.897,-90.2448,-34.8717,-19.732,120.536,-746.64,-590.48,-23240,18900,3640
1.93757,7.02513,2.43833,-0.563666,82.1035,41.5245,5.112,-7.03425,7.97838,13.298,14.3466,-17.1987,160.076,-72.0821,-17.566,-1.42699,128.832,-744.688,-586.576,-22260,18340,4200
23.6146,41.5103,20.4781,38.0497,99.1397,54.5175,37.0051,4.35431,27.2446,24.6414,16.2753,1.68022,155.977,-22.1434,23.6458,31.0306,124.928,-748.592,-591.456,-20440,17500,5040
25.4151,37.6352,16.9776,45.6194,56.2339,42.7474,45.6625,1.51122,23.0309,21.7401,-0.310894,-10.1435,142.175,29.3387,39.865,37.4578,119.56,-747.128,-601.216,-19180,16940,5600
28.4786,33.0682,12.54,39.9331,-1.98171,23.9535,29.0708,-11.9267,29.3565,31.2642,3.7052,-15.4301,121.993,71.4217,27.1058,21.5308,115.168,-752.496,-608.048,-17640,16800,6160
20.3756,25.2331,9.75913,37.0268,-33.9152,12.8021,22.4434,-6.2027,19.6933,25.1897,-12.0357,-9.90671,91.8659,87.6996,23.9912,18.2888,121.024,-754.448,-612.44,-15540,16100,6440
22.8907,19.672,16.0187,31.7551,-33.6148,13.4674,20.1739,13.2271,13.9757,24.8806,-26.6564,0.225142,61.7934,77.1572,21.7332,23.5646,120.536,-740.784,-617.808,-13580,16800,6860
3.88026,5.47019,11.086,18.7537,-27.7294,9.70139,16.5378,19.8298,3.4377,4.35251,-14.5852,-5.13582,21.0439,47.2767,20.589,22.2539,121.024,-738.344,-623.664,-11760,17360,7420
9.21906,1.94054,15.8648,4.36099,-20.9732,3.79707,1.61536,15.6914,7.79342,1.3908,-4.79981,4.92414,0.0619563,17.478,6.62007,6.92278,108.336,-729.56,-606.584,-10080,18060,7840
11.656,-2.48063,16.438,-2.51592,-13.931,1.17329,-2.09171,18.9201,1.47228,3.47386,6.91372,14.8045,-15.7416,11.3107,3.97133,-0.652367,115.168,-736.88,-633.912,-8400,15400,8820
4.92052,-7.23426,7.15824,-11.3835,-16.863,-1.84645,-2.50619,20.8068,-7.53171,-1.12596,19.502,18.7007,-28.9768,11.0344,4.77069,-6.49595,109.312,-739.808,-619.272,-6440,14840,9380
-11.0878,5.29404,-5.08823,1.33792,-11.2403,-8.10183,1.66111,18.5515,0.860208,-19.0275,22.2874,22.7579,-42.5888,8.38247,19.1169,-8.9045,109.312,-739.32,-622.688,-4900,13300,10080
-10.6434,12.2029,-7.68642,6.81061,1.48546,-13.1784,2.89625,14.3812,4.9376,-20.7474,13.6758,28.1026,-56.7587,2.40414,21.649,-8.35916,108.336,-740.296,-628.544,-2520,11060,11200
-5.7363,-3.51431,-7.08752,-8.18651,5.28691,-21.018,-8.33442,3.21515,-10.8985,-5.63477,7.80568,23.7227,-70.4675,-19.4578,5.47161,-12.9449,104.432,-747.128,-629.032,-700,9660,12180
-26.855,-37.4588,-16.8524,-35.3252,-3.18165,-31.6992,-24.0641,-9.47651,-42.0748,-15.7545,7.94624,0.759765,-79.4524,-50.4361,-18.4986,-22.4773,97.112,-749.568,-629.52,1820,7420,12740
2.51944,-21.5172,-3.72478,-33.3172,5.86781,-30.5161,-26.4132,-14.3605,-8.14631,2.85172,13.9676,14.8492,-69.0341,-56.03,-29.1158,-22.5413,95.16,-758.84,-630.984,4480,4480,13580
-5.8478,-15.3585,-4.22968,-19.0888,8.21086,-20.4046,-17.6949,-12.3781,-7.10813,-3.63284,5.6069,14.4739,-65.095,-43.8997,-20.7975,-11.601,87.352,-768.112,-634.4,5880,1960,13720
-6.52403,-8.83832,-5.62991,-7.66746,3.29932,-11.8458,-11.9646,-8.27888,-1.90603,-1.48708,2.22053,13.7464,-54.9777,-20.0387,-14.7321,-3.47385,85.888,-774.944,-631.472,7980,-1680,14140
-0.336726,-6.28116,-11.7018,-8.15123,-14.0224,-17.7074,-14.7137,-17.7873,5.70947,8.60289,-0.776322,8.2886,-46.0917,0.636976,-16.3322,-9.59855,91.744,-778.36,-641.232,9380,-4620,14280
-5.39331,-3.94951,-19.6557,-8.25234,-30.3456,-26.8612,-17.5803,-31.6381,8.36436,6.74969,-9.12856,-4.2519,-41.3029,12.0731,-10.6152,-20.5759,89.792,-788.12,-646.112,12040,-7700,14420
-15.5017,-14.0523,-25.1251,-18.3203,-41.1023,-30.5655,-22.9867,-30.1181,-4.88876,4.46675,-22.0587,-21.9755,-35.7512,8.9684,-10.6257,-19.6401,89.304,-796.904,-645.624,14840,-10360,14840
-30.1859,-26.3345,-32.7823,-33.3193,-43.5851,-33.2277,-29.1862,-22.1034,-19.1289,-6.77476,-26.6451,-41.063,-32.8889,-4.9639,-22.7414,-14.3998,95.16,-780.312,-649.528,17640,-12180,14980
-7.29873,0.00358854,-13.3703,-13.8384,-13.39,-22.9922,-11.5355,-24.6581,3.72472,4.43221,-21.3019,-23.9401,-20.0213,-1.41924,-11.7416,-3.99157,97.112,-800.808,-643.184,20160,-14000,15960
5.22793,14.9422,2.51171,10.4857,-2.58199,-3.22701,12.8077,-21.4067,12.0673,13.5298,-19.2703,-7.54751,-5.52766,22.2302,10.6991,10.4438,94.672,-815.936,-642.208,22680,-16100,16380
5.26168,11.9808,-1.09025,10.7269,-26.3657,3.06039,7.15861,-16.5776,12.8235,6.89889,-15.3301,-9.66026,-2.45369,42.4958,6.16636,7.8264,90.28,-822.768,-641.232,24920,-18760,16940
-20.8296,0.626111,-11.3844,9.76989,-30.6173,7.82788,7.0476,-8.06497,-7.79049,-30.1635,-21.5316,-27.7922,-4.28065,42.5646,2.98269,12.3956,97.6,-836.92,-639.28,27020,-21980,17500
-29.7038,3.64337,-13.3251,18.0377,-10.636,16.8916,17.2513,5.56304,-9.45183,-54.0405,-23.0592,-34.2291,-3.39403,41.7538,9.9978,23.3936,92.232,-838.872,-642.208,29120,-24220,17080
-6.29648,10.7542,9.17587,31.3136,29.5208,31.9199,35.7812,22.6341,-10.6693,-32.358,-13.9645,-16.6959,11.2548,40.5125,29.0771,38.245,93.208,-841.312,-633.912,31920,-26040,17920
25.8626,17.3683,40.7356,40.3292,79.6272,47.6417,35.1822,26.5266,-6.14423,4.41124,20.1083,6.83617,36.4801,11.9492,27.4173,34.8901,90.768,-854.976,-630.496,34020,-27580,18480
48.4286,25.2599,55.1842,42.8729,120.77,68.0003,25.8066,28.6864,10.0637,11.9899,34.451,22.5553,51.5655,-22.6194,18.4638,23.0034,86.864,-867.664,-617.32,36820,-29680,18760
45.1471,29.0334,51.1999,46.5517,116.871,71.144,26.1798,35.5439,22.6674,2.64012,26.7255,25.7642,61.5462,-16.9309,25.7992,16.2839,85.4,-867.664,-614.88,39340,-32900,18900
30.289,18.7463,26.8245,26.5708,57.1431,49.4794,25.881,37.0845,20.5804,-0.0615929,16.819,18.7958,58.4433,24.1883,23.1609,15.9517,79.056,-872.056,-610.488,42280,-35840,18760
9.6064,6.73827,4.02912,8.61367,9.8839,25.4974,26.4088,35.1411,3.61447,-5.83523,4.69781,11.0828,44.8164,46.419,19.8382,18.5951,69.296,-876.936,-604.144,45360,-38640,18760
18.8041,2.5666,5.6481,-7.94085,-3.86152,8.49233,4.05792,22.5135,5.48573,18.7772,19.104,18.9196,43.3704,28.5565,-7.37242,2.16398,67.344,-875.96,-595.36,47600,-41020,18480
13.7719,-7.38003,1.27249,-16.58,-1.33967,-2.55838,-5.2514,6.76528,-0.742261,24.0248,28.0222,17.4135,34.0225,2.49594,-16.3391,-9.42179,60.024,-872.056,-589.992,48580,-43260,18060
-5.17826,-20.5345,-5.95965,-26.3376,-6.88019,-11.2533,-15.9439,-9.11539,-13.6138,9.79667,16.2518,9.76073,20.6665,-12.2308,-23.5369,-21.1853,54.656,-873.032,-586.576,48860,-45080,17780
-12.3712,-19.2544,-18.069,-27.487,-23.72,-25.8324,-24.302,-22.1851,-2.342,-0.472847,-5.81859,6.21815,4.57735,-27.2389,-23.9878,-30.6399,53.68,-870.104,-583.648,48860,-47040,16940
-21.8789,-22.4282,-26.3784,-32.94,-43.5095,-33.5616,-29.4096,-28.4848,-6.78615,-3.60032,-14.2266,1.99017,-4.44938,-34.2226,-31.319,-32.9212,50.752,-871.568,-577.792,48720,-49140,16380
-20.6168,-22.5774,-23.3223,-40.0627,-54.8292,-32.0812,-31.5972,-25.671,-13.6829,8.87244,-8.59424,4.50565,-3.81107,-33.8451,-37.3676,-29.8279,47.824,-871.08,-579.256,48580,-50540,16100
-26.586,-23.7162,-28.126,-47.3786,-64.6202,-35.8144,-29.0744,-18.5837,-20.329,5.92866,-6.74361,-1.29852,-7.1114,-52.1785,-28.967,-26.8979,41.48,-868.64,-575.352,48860,-52640,15540
-25.879,-19.9135,-26.9039,-53.2302,-75.9904,-36.9273,-34.5369,-15.7406,-12.3835,3.54567,-5.73017,-3.56655,-4.30186,-81.363,-25.74,-31.6352,41.968,-868.152,-573.888,48860,-53480,14980
-36.3945,-22.2068,-27.0674,-59.8959,-99.1439,-43.1137,-45.1072,-14.5302,-16.6825,-6.2594,-14.7323,-8.95923,-3.46005,-106.645,-31.7913,-40.6423,23.424,-857.904,-526.552,49000,-54040,14420
-46.5475,-37.504,-30.5148,-64.7546,-121.145,-46.2825,-33.6875,5.69961,-37.272,-15.3933,-30.0985,-21.0543,-4.40182,-110.045,-23.5789,-27.5672,21.472,-901.824,-498.736,46200,-56420,13440
-36.3717,-32.7333,-32.4302,-43.1688,-115.681,-51.4909,-24.8118,10.9363,-29.5974,-18.7594,-32.6014,-30.5079,-12.9634,-87.4875,-8.34787,-21.2438,18.056,-889.624,-517.768,46200,-63280,13020
-7.5542,-5.07692,-16.7488,-10.5741,-70.8884,-39.3508,-13.8884,13.6408,-6.68507,-13.2951,-18.0713,-21.5717,-17.9835,-39.2775,-2.23808,-8.91106,29.768,-887.672,-505.08,44800,-67200,11900
10.7394,23.1043,4.62621,24.4777,-17.4057,-19.907,4.60027,21.5242,13.4327,0.370076,-6.53187,-8.87407,-17.2074,-6.32146,12.3979,11.1701,32.696,-870.592,-529.968,45360,-73780,10080
14.9784,31.0272,21.4538,49.6368,28.838,2.00511,21.3544,29.0386,21.6977,12.2913,2.70691,-6.69342,-15.8258,7.65112,24.0898,29.9539,37.088,-866.688,-501.176,46060,-77140,8680
24.9882,36.0841,34.7921,69.6815,70.7466,24.7131,43.4285,33.4508,37.9005,19.7344,12.7147,-7.63847,-10.5446,25.7931,42.4076,46.8698,37.088,-868.64,-516.792,48160,-83580,7140
35.2185,43.88,49.2171,89.2553,111.098,37.6592,46.8367,22.4308,48.9078,24.4769,16.8412,0.14365,-4.30302,56.4791,46.1777,46.9506,40.016,-853.512,-550.464,50680,-85820,6440
46.5202,61.8816,56.6887,110.913,151.341,43.926,57.8688,7.65993,65.5769,23.186,17.3256,12.4765,-8.08322,84.0388,58.4453,50.5554,40.016,-824.72,-581.208,54460,-85260,5180
41.9565,61.3281,53.0477,101.687,166.998,49.8002,56.3299,-2.20825,60.3313,17.8356,9.88931,16.6368,-5.12331,76.4288,56.538,45.2752,50.752,-805.2,-598.776,57120,-83720,4060
34.152,40.2989,46.9131,66.5531,160.554,53.916,44.1883,-4.15464,32.4359,21.5264,11.2062,18.4058,1.5655,35.591,42.6034,33.6487,53.68,-781.776,-613.416,60200,-80640,3220
25.2649,11.079,30.3109,26.362,128.126,50.4732,19.1793,-16.6516,4.02141,19.8481,21.2659,15.4314,4.78113,-8.72204,20.2389,8.59251,59.536,-760.792,-624.64,61600,-75180,2380
10.6388,-13.281,6.67514,1.76749,75.526,51.6786,-0.64132,-25.3723,-17.3315,4.01272,17.6137,12.105,4.25914,-22.7315,4.96986,-9.46472,61,-763.232,-623.664,62300,-70840,2380
-11.0173,-31.6494,-22.1996,-32.5453,-3.0487,27.9843,-18.9676,-30.0548,-33.045,-18.149,-0.415138,1.01314,-6.70472,11.715,-18.2149,-18.2952,56.608,-770.064,-632.448,62860,-65380,1960
-23.0834,-38.1708,-40.2723,-62.0899,-77.2084,-5.63403,-35.861,-39.2954,-44.9398,-26.3426,-9.92231,-5.6471,-21.9509,76.5316,-41.5606,-23.5166,62.952,-772.992,-630.984,63140,-61880,1400
-12.8981,-24.4115,-46.6687,-56.2512,-91.5419,-19.0106,-21.0767,-44.0973,-38.6834,-19.3633,2.93661,-0.796328,-53.2987,159.032,-29.382,-10.4627,61,-779.336,-628.544,62860,-60060,840
4.17223,-6.14447,-40.6414,-41.052,-65.6128,-19.432,-3.25466,-34.1132,-17.1461,-6.35161,16.8676,8.44463,-63.1967,209.755,-15.5005,5.64886,62.952,-782.264,-631.96,61880,-59080,420
18.0832,7.17959,-28.7792,-15.9894,-23.9355,-14.4564,12.4346,-27.4917,2.07725,9.10061,26.2433,12.0987,-64.0017,261.672,9.08705,17.792,52.704,-802.272,-579.256,60620,-58380,420
11.6843,1.3179,-19.4038,-2.83357,-10.7306,-13.9852,10.0823,-31.3383,2.28766,5.75193,23.2229,5.78932,-59.6147,226.754,11.2232,12.9336,64.904,-795.928,-627.568,62020,-65660,560
-14.8813,-19.4834,-14.0342,-25.3969,-59.4706,-21.6862,-20.5251,-23.814,-7.98365,-17.1687,-4.81827,-1.57184,-26.4789,18.3987,-22.5721,-14.3265,60.024,-801.784,-620.736,59500,-67480,700
-34.2724,-37.629,-7.17549,-46.4649,-91.945,-24.3364,-37.9112,-7.70458,-26.6733,-24.5389,-20.3356,-7.28684,9.11029,-131.153,-47.0185,-33.7677,57.096,-808.128,-618.784,57120,-68880,560
-56.1748,-51.5341,-11.2057,-51.6419,-98.7973,-19.1748,-33.6692,12.8767,-47.3073,-43.5156,-30.1928,-20.9188,27.4903,-193.305,-46.3076,-33.9191,69.296,-816.912,-636.352,55720,-70560,1400
-53.2502,-44.0591,-15.5759,-46.4981,-88.0508,-14.8937,-29.3776,30.6148,-32.7175,-51.7837,-37.8722,-23.3938,34.9508,-208.912,-39.4188,-30.007,63.928,-826.184,-621.712,55160,-70280,2240
-46.6118,-34.2384,-13.5052,-42.8158,-77.7115,-17.3773,-36.0592,34.481,-27.362,-42.9184,-38.3978,-23.5464,47.2573,-204.951,-39.8337,-35.619,67.344,-828.136,-622.688,53480,-71120,3080
-7.64356,-9.3601,5.92748,-15.5701,-54.881,-16.3583,-19.7296,43.6838,-15.0099,0.727481,-21.7043,-5.23821,65.5652,-163.423,-12.3372,-24.3512,64.904,-832.528,-623.176,51940,-72520,3500
21.7485,12.4497,12.8547,7.75886,-30.6102,-17.5858,-9.79262,44.1565,7.36772,22.2035,-3.75823,7.53075,68.2971,-107.416,-2.81591,-17.8206,68.32,-830.576,-632.936,50540,-74340,3780
14.8232,17.5826,3.45355,9.48159,-5.66093,-17.7341,-4.7613,41.3888,24.283,4.1717,-4.0342,0.68488,59.1517,-72.4837,-3.16155,-12.1599,76.128,-827.648,-640.256,49700,-75880,4340
9.24574,37.1233,15.0387,41.1138,46.886,-1.69706,25.6538,44.9791,35.7499,11.3511,-0.0605349,7.49387,60.1462,-32.1621,33.6149,11.4161,78.568,-830.088,-642.696,49140,-76440,4620
5.55249,37.0178,24.3501,52.9232,83.9813,13.0139,38.8028,39.4775,26.3683,24.739,11.9519,11.2713,60.929,-9.87145,49.427,25.914,79.056,-830.088,-645.136,48860,-77700,4900
31.9424,40.4134,35.0376,51.3853,101.975,19.7099,42.2961,31.0298,40.095,51.9143,30.6979,22.7618,59.3599,14.4222,53.4822,35.0267,80.52,-834.968,-635.864,48300,-78540,4900
39.1474,36.8603,28.4148,40.6297,96.1636,18.3805,34.6649,12.9279,46.8563,50.2504,36.607,20.4258,41.5868,38.3749,46.2292,28.9302,83.448,-833.504,-636.84,47320,-80500,5180
46.7863,42.1651,23.9449,44.4757,105.182,21.375,37.5377,3.56839,52.4366,41.6845,33.0992,21.5735,25.1656,53.7748,44.5108,30.3548,83.448,-831.064,-638.304,46340,-82740,5180
39.7932,45.7086,25.1762,49.4034,118.753,28.713,35.5021,-1.91878,46.4764,27.9642,22.1861,24.8064,11.25,59.2332,31.7252,34.254,79.056,-834.968,-633.424,45920,-85680,5180
26.999,30.3734,22.367,36.4515,103.108,29.0231,24.986,-14.6589,31.4192,18.3824,15.7695,18.085,-10.4937,55.785,10.6833,30.2772,77.104,-841.8,-633.912,45640,-89460,4900
8.06862,3.96448,8.82741,17.2689,51.7755,21.967,8.88045,-25.8319,8.82804,5.89717,5.04842,1.71327,-32.1801,30.4398,-4.93752,19.1783,81.008,-838.384,-641.232,43960,-88060,4060
-6.54624,-13.3362,-3.31597,-0.208472,-1.5651,11.2972,-1.59635,-35.5877,-9.26447,-8.64571,-6.72479,-7.78549,-49.2958,8.30538,-9.81677,9.59622,78.08,-837.408,-646.6,40600,-79940,2520
-24.1615,-32.12,-13.5713,-22.6866,-45.7484,1.81125,-8.8445,-42.3738,-32.3785,-21.4357,-17.838,-16.7973,-61.5312,-3.47229,-14.1225,3.14699,69.784,-836.92,-641.72,38360,-72380,980
-30.5745,-39.7599,-21.1016,-36.8283,-70.7049,-5.40414,-22.7648,-44.2245,-34.3155,-27.5601,-25.8561,-22.0678,-65.9865,-4.87698,-26.212,-7.90968,67.832,-837.408,-637.328,36680,-68600,-140
-29.6073,-36.6998,-19.8218,-36.1386,-74.2954,-14.5451,-34.8683,-48.6097,-34.4128,-25.603,-25.4257,-20.0128,-61.3107,-9.80676,-34.1939,-22.7343,68.808,-835.944,-640.256,33880,-64540,-1680
-26.6957,-36.2535,-17.7916,-36.9186,-69.6312,-15.1502,-36.7729,-40.1327,-36.1942,-22.1481,-20.7401,-20.9695,-52.615,-10.4194,-34.4012,-26.1726,70.76,-834.48,-635.864,32060,-61740,-2800
-18.6064,-27.1371,-11.9207,-31.4409,-61.2123,-13.3856,-28.4805,-24.001,-31.1232,-17.4599,-15.7452,-16.0721,-45.1118,-3.75988,-27.6155,-20.4734,65.392,-832.04,-630.984,30100,-58940,-4060
-26.9389,-37.2351,-18.6119,-40.3675,-62.1213,-19.2779,-30.9134,-12.2058,-42.5372,-25.2879,-14.7299,-23.7956,-40.5385,-2.2466,-28.8773,-24.7956,62.464,-834.48,-620.736,27720,-57820,-5460
-14.8191,-22.9692,-15.8198,-25.2789,-42.7196,-17.6877,-18.7079,3.25486,-28.5239,-17.4846,-8.3666,-15.2694,-31.5779,12.8158,-12.5199,-19.9868,62.952,-830.088,-619.76,26320,-58100,-6440
-2.94628,-4.37519,-11.5654,-8.17378,-27.8987,-15.419,-10.9664,17.001,-16.5776,-8.11926,-2.40532,-2.18757,-21.0516,32.8492,-4.52745,-15.3511,63.44,-825.696,-616.344,23660,-58520,-8120
2.64392,5.52804,-9.46906,-2.49243,-25.7763,-10.5645,-6.35305,36.6619,-11.0186,-1.03582,0.973708,4.18908,-3.04556,45.5098,0.210697,-8.48952,61,-813.984,-621.224,21980,-58240,-9100
1.55932,2.96743,-11.7476,-10.8536,-26.4128,-10.8575,-6.22796,44.8154,-13.073,3.61311,4.89951,2.77777,9.27083,42.0077,-1.55724,-6.80505,64.416,-806.176,-622.2,19600,-56840,-10080
8.40295,8.51197,-10.4216,-9.01891,-19.7452,-13.0586,-0.685242,39.2528,0.847945,10.6353,13.5956,4.43759,20.7264,24.5303,3.26372,-9.03335,66.856,-802.76,-616.344,16800,-55580,-10780
16.0463,19.3598,-2.80735,2.90889,-5.2777,-9.48337,5.49289,25.161,16.1578,13.0178,15.7091,12.2476,25.06,8.59408,6.9662,-8.85952,59.536,-802.76,-617.32,14700,-54880,-10780
12.9831,12.4937,-0.182952,-0.516723,-3.34592,-8.40402,-2.49099,4.30432,14.9254,11.8128,14.7979,10.2052,22.2532,-10.6993,-1.3239,-17.0683,62.464,-797.392,-609.024,11900,-53620,-10500
-2.90294,-1.77255,-5.95701,-10.8928,-7.8819,-7.86451,-7.38831,-6.81316,3.39369,-6.02058,1.12987,-1.95217,18.5951,-26.8174,-8.63936,-23.2371,57.096,-798.856,-592.432,9800,-53060,-10360
-11.5642,0.540957,-9.6552,-3.39425,0.621835,-11.2955,-0.818563,-9.3156,3.46454,-22.5003,-14.3358,-7.74686,13.4469,-22.4004,0.154076,-19.2199,51.728,-804.224,-569.984,6720,-52920,-10080
-16.9763,8.89513,-7.56752,14.9843,17.1258,-15.0068,11.8569,-6.67594,4.98277,-27.2441,-21.4371,-8.85886,10.309,-2.7179,15.9254,-9.83656,49.288,-811.544,-555.344,3080,-54180,-9520
-29.6781,-8.24951,-11.4713,1.44506,11.0207,-15.7352,7.92187,-6.4926,-9.98568,-30.7422,-25.1651,-22.648,5.75906,6.89075,5.1509,-4.01399,48.312,-817.4,-543.632,1400,-56140,-9100
-14.9392,-9.86248,-3.21945,-0.949148,13.1388,-8.08715,9.30666,-3.3409,-3.68135,-5.19352,-6.12938,-23.3555,-1.05068,18.0259,12.1022,10.3182,54.168,-818.376,-546.072,-280,-59360,-8260
17.4185,8.32786,12.8233,14.5674,33.1058,6.30982,15.1131,6.901,25.5592,25.5176,21.311,-5.83689,-1.00144,26.2915,25.6299,26.3305,56.608,-822.768,-540.704,-1400,-61320,-7700
42.491,35.3349,32.215,42.43,61.0896,25.1657,29.7115,13.9002,50.3157,44.4959,35.0211,20.8084,14.3873,30.3673,40.9713,41.0925,54.656,-825.696,-548.024,-1820,-62300,-6580
40.1162,43.1583,40.4814,52.8583,75.8843,41.568,42.61,18.3934,54.1305,41.0198,25.9797,33.0166,24.8792,21.5236,41.9898,51.6237,58.56,-817.888,-550.464,-2240,-61460,-5320
31.4422,34.3411,41.586,43.2621,71.076,51.4285,35.603,12.7485,41.8242,36.0616,21.1703,35.5682,28.2191,-3.76393,24.0728,45.9806,63.44,-804.224,-562.664,-1820,-59920,-4900
25.6364,24.9263,40.5983,37.9357,67.6815,57.4091,30.6053,8.99022,25.0189,35.6744,24.0084,35.3694,31.8008,-22.2995,15.5694,42.9523,64.416,-801.784,-569.008,-1540,-57120,-4340
25.5488,18.9529,34.7291,29.8671,57.9224,56.7105,25.6621,4.99583,23.1659,33.4261,24.5192,32.778,31.6487,-22.9884,7.25541,44.5422,57.584,-794.464,-575.84,-1260,-54740,-3640
20.0131,10.254,20.4939,16.5431,26.9195,40.9997,9.775,-10.807,19.1679,21.5389,17.3442,26.2106,28.0195,-25.4556,-3.00135,29.8648,58.072,-793.488,-577.304,-980,-51800,-3220
-1.54763,-5.46499,-3.21846,-5.62832,-16.2287,14.366,-8.82923,-27.6172,4.25689,-7.52785,-4.86036,11.179,17.1878,-40.6324,-18.6889,5.84981,53.68,-795.928,-579.256,-700,-49420,-3220
-8.36475,-14.032,-12.2195,-16.1486,-35.906,-2.35045,-15.9811,-32.4357,-6.12548,-16.0952,-17.0776,3.16995,13.1443,-47.2962,-24.6212,-9.70005,54.656,-797.88,-574.864,-560,-48160,-3360
-23.4007,-31.2113,-22.2862,-27.9882,-52.1048,-13.4219,-24.7456,-29.3409,-31.8426,-23.6906,-21.3967,-11.2352,9.20161,-61.6272,-29.1842,-24.608,48.8,-795.928,-577.304,-420,-47180,-3500
-22.485,-36.6342,-24.0078,-36.6357,-60.973,-16.8387,-33.8652,-24.779,-45.9636,-22.1762,-16.2236,-15.6785,4.07765,-61.1288,-36.5498,-35.863,46.848,-793.488,-578.28,0,-45640,-3640
-29.0303,-41.7187,-27.0531,-41.2386,-71.445,-23.2407,-37.7609,-16.6672,-57.3947,-28.1375,-19.7985,-22.7408,-0.0359129,-56.8276,-34.4649,-41.1269,46.36,-796.904,-585.112,140,-43820,-4060
-36.483,-45.4122,-39.1681,-53.6736,-85.5351,-35.5036,-43.4354,-7.55113,-55.5868,-43.3146,-34.297,-36.0968,-13.0644,-52.388,-39.9292,-45.3717,44.408,-802.76,-587.064,840,-42560,-4340
-31.9237,-27.9235,-35.1255,-43.406,-67.5483,-37.672,-36.7992,3.36352,-42.4909,-45.4899,-40.1126,-32.0884,-20.664,-22.1573,-34.4348,-41.4133,42.456,-805.688,-586.576,980,-42420,-4200
-25.5453,-20.6748,-22.2954,-27.3726,-44.4373,-33.3895,-20.1406,13.378,-44.6459,-24.7238,-26.8136,-25.7162,-28.0656,9.17042,-14.7602,-29.5069,41.48,-806.176,-590.968,560,-42140,-4480
-16.3146,-11.1615,-15.1902,-22.5417,-40.4545,-30.352,-12.5202,23.3081,-18.4933,-17.4233,-17.3551,-21.5506,-29.2873,12.4747,-5.30602,-22.6604,41.968,-804.224,-593.408,140,-42000,-4480
-10.1873,14.2757,-11.4141,-6.06539,-22.0135,-27.2216,-3.22588,22.2041,12.5942,-26.5369,-16.9139,-9.71909,-37.1453,24.7305,7.47617,-17.7051,42.456,-806.176,-592.92,-280,-41860,-4480
-9.98536,19.8055,0.149659,9.60965,7.76771,-16.495,15.3044,23.4038,9.27719,-16.1953,-9.05663,0.0505902,-38.5797,44.7003,21.808,0.32922,44.408,-803.736,-592.432,-700,-41720,-4200
-1.69711,1.8094,10.2254,1.93893,19.7011,-12.5729,17.5519,14.58,-4.86207,12.8648,16.2474,-0.445649,-33.0222,50.5684,20.0927,5.321,47.336,-807.152,-591.944,-980,-41440,-4060
22.4858,1.40304,14.1062,-2.65736,26.8174,-11.5446,9.44829,-1.38093,14.2069,30.0653,33.3102,5.65623,-28.1098,47.0312,14.0098,-0.327773,44.408,-807.152,-593.408,-1120,-42280,-3500
20.4362,18.619,14.0974,14.3572,48.2345,-1.99068,17.203,-0.979542,33.782,14.8911,20.1293,13.1199,-23.9905,55.1574,23.2045,10.0703,47.336,-808.616,-589.504,-980,-43120,-3220
29.7509,31.6716,20.8245,32.0031,81.4853,10.221,26.6316,1.44542,40.9099,27.3,25.7195,22.311,-21.0603,77.3846,32.0271,24.781,45.384,-811.056,-581.696,-840,-44240,-2800
39.529,33.2557,26.4384,44.0474,113.395,20.1185,30.6191,-2.60148,41.2326,41.6398,42.9,25.536,-18.6811,109.542,32.8155,38.1689,47.336,-809.104,-580.72,-1120,-45920,-2100
42.0172,29.3426,25.1564,40.7686,112.626,22.0868,29.5983,-7.07607,41.4439,41.3611,46.9609,22.6786,-13.6203,108.795,29.7004,43.5802,42.944,-806.664,-576.816,-1400,-46760,-1820
44.1625,44.1412,27.3124,63.3142,126.951,27.5252,46.96,-3.34707,48.6991,37.396,46.6167,27.577,-8.81345,119.627,53.436,55.3741,41.48,-805.688,-580.232,-2100,-47880,-1400
50.3066,54.5628,31.6145,86.2382,145.133,29.6512,50.6653,-7.87024,51.3122,39.0877,45.7154,32.3867,-8.32509,130.502,52.5557,56.3047,44.896,-803.736,-571.936,-2520,-49140,-1120
62.071,62.9122,35.8921,91.29,146.542,30.9325,44.3286,-8.72259,61.4343,44.2695,37.9115,37.8035,-8.07894,132.194,41.2336,52.8812,40.016,-796.416,-571.936,-3500,-51940,-840
46.726,46.8655,24.1162,84.4612,113.646,23.5702,31.2269,-11.7223,45.9307,36.7599,33.2967,24.9466,-4.34408,104.415,38.3248,37.7423,36.6,-797.88,-567.544,-4200,-56840,0
21.4968,21.2934,8.03183,62.8112,47.1355,11.865,12.5899,-11.3474,18.4932,23.4387,18.5402,5.80582,6.57319,50.9211,21.4913,17.3725,15.616,-784.704,-558.76,-5460,-62860,1400
-21.9138,-17.999,-7.96041,15.1652,-91.9589,2.18122,-11.531,3.71816,-25.8412,-8.30609,-21.2069,-10.3496,38.8446,-68.423,-11.2068,-3.4667,-43.432,-860.832,-194.224,0,-73360,7280
-113.919,-108.349,-47.9477,-144.356,-366.507,-35.7169,-98.2188,14.3843,-106.87,-82.8372,-101.307,-50.4384,105.423,-360.136,-105.654,-79.6275,13.664,-789.584,-567.544,-8540,-213920,17220
-128.986,-120.404,-68.6606,-198.896,-399.286,-40.6801,-118.345,22.6279,-114.269,-99.6929,-124.433,-66.0283,114.742,-397.94,-127.949,-111.59,37.088,-822.768,-705.16,-24640,-216720,11760
-84.3421,-84.7643,-57.9864,-118.32,-227.18,-21.2041,-80.4378,14.1537,-83.1001,-58.1072,-81.3123,-58.647,78.5029,-240.942,-94.5196,-91.4997,38.064,-833.504,-724.192,-14140,-137620,5040
-71.7841,-76.595,-46.8338,-105.315,-155.601,-21.8153,-67.1792,0.623081,-80.732,-40.7656,-58.1991,-56.4487,52.1362,-175.95,-79.8792,-79.9549,32.208,-825.208,-650.016,-14140,-137620,5040
-55.0337,-60.9522,-37.2054,-96.1465,-112.372,-22.421,-50.898,-9.77226,-65.5626,-21.7277,-29.6397,-44.4369,24.6037,-124.592,-53.4763,-62.7956,40.992,-814.472,-602.192,-1400,-99960,1400
-26.753,-29.7741,-22.9723,-59.3907,-47.4468,-17.27,-26.6452,-13.3157,-31.2504,-1.92643,-4.32028,-25.5848,-6.707,-59.8461,-26.7165,-35.7489,48.312,-811.544,-581.696,2520,-74620,-1540
-0.21034,-5.03603,-7.32193,-22.8692,17.9577,-6.95429,-1.61409,-8.42984,-3.20356,10.5566,9.81678,-6.84847,-29.0676,-2.65754,-7.80611,-7.40718,44.896,-810.568,-587.064,1400,-73360,-1960
13.8057,6.14004,0.58801,0.596753,60.3078,-0.624535,11.3934,-7.48033,16.4262,8.28304,11.6326,6.71052,-42.6989,27.1468,5.33976,7.16762,40.016,-812.52,-592.92,-2940,-75320,-1540
31.7303,27.5212,11.19,32.7072,109.176,8.9208,26.7046,-4.64449,41.5286,5.86937,14.718,24.5398,-50.5774,73.9244,24.7748,20.8953,38.552,-808.128,-591.944,-5180,-73220,-1400
42.46,47.4853,22.2229,65.8058,144.764,21.3369,41.7043,2.55539,52.695,1.55335,17.7153,38.7104,-47.2564,113.29,38.6968,36.3155,33.184,-808.616,-589.504,-7420,-67900,-1820
53.5086,57.3479,36.5481,75.5722,145.234,31.1256,52.3399,13.8317,53.8084,11.8368,29.4367,48.4421,-26.8042,127.726,49.9159,48.7742,29.28,-805.688,-581.208,-7840,-60200,-2800
53.617,56.9833,42.4069,81.3207,137.276,35.1798,62.7838,20.3834,43.3278,20.7227,39.621,44.7591,-12.0397,133.277,63.4935,59.5086,25.864,-802.76,-577.304,-7140,-55860,-2940
46.3648,49.3145,32.8965,66.1716,112.416,26.1688,45.2201,8.70602,44.8873,11.6674,32.2378,26.1415,-11.6404,118.915,48.5163,47.1861,18.544,-803.248,-583.16,-5180,-52920,-3360
36.8693,48.2771,30.1653,56.6853,91.2616,19.2888,35.8386,3.8019,43.4839,8.43212,16.4798,19.74,-6.50151,97.2477,39.3118,38.927,16.104,-804.712,-589.504,-3360,-52360,-3080
10.3475,27.2982,18.0931,39.413,67.107,15.1157,36.2343,7.41271,14.3564,-3.43699,6.49006,3.95641,-11.7675,77.0362,34.767,40.5867,20.984,-801.784,-591.944,-1400,-51520,-2800
6.65434,7.53069,12.0747,15.0796,30.2838,8.13785,19.5991,5.07188,5.35562,4.1924,16.4401,-2.31036,-6.62788,44.7434,21.1507,28.833,20.008,-800.32,-593.896,140,-49000,-2940
15.4253,9.96552,12.2037,14.3035,19.2976,3.20253,14.177,-2.28949,10.9883,20.9541,25.3135,6.59249,-5.88478,34.3045,20.1083,21.0517,20.984,-798.368,-594.872,1400,-46620,-2940
17.1766,3.26877,6.22225,8.22816,6.19003,-4.33022,2.54727,-13.5356,9.05455,23.1074,28.4374,7.67012,-8.93094,26.215,6.66541,8.52989,19.032,-797.88,-594.872,2800,-43820,-2940
5.84848,-6.79483,-1.80934,-3.11796,-21.0504,-14.6103,-9.5181,-20.2186,-2.04077,13.8652,18.2122,7.67417,-8.01254,6.0303,-3.23581,-3.09061,19.032,-796.904,-591.944,3360,-41160,-2520
-9.91646,-14.5037,-13.025,-11.6702,-43.0987,-26.3868,-17.5488,-24.377,-12.8593,0.37427,1.45432,3.17704,-11.9655,-14.3704,-8.17771,-12.671,18.544,-796.904,-590.48,4060,-39900,-2380
-11.9843,-10.1882,-11.4964,-6.03816,-40.3371,-20.3144,-13.3444,-14.0521,-11.9653,-0.777162,-5.79906,3.60002,-7.10682,-13.831,-5.19863,-12.7354,17.08,-796.416,-587.064,3500,-38220,-2100
-10.7847,-10.5006,-10.4087,-10.0823,-41.2419,-16.4727,-17.2933,-7.0032,-13.2464,-0.258599,-6.16914,0.362265,-2.47093,-20.6645,-12.9876,-18.3601,14.64,-795.928,-590.968,2800,-36680,-1960
-7.88072,-11.8919,-12.6933,-13.7257,-43.2093,-17.8408,-20.5853,-2.0666,-10.1863,-0.0668474,-6.63003,-5.68873,-4.30463,-28.8152,-15.8991,-20.4706,13.176,-795.928,-588.528,2100,-34860,-1820
-13.0545,-13.4239,-14.4138,-14.9761,-39.5552,-17.0558,-18.5446,1.40135,-14.0222,-5.34006,-14.949,-11.2395,-3.75863,-35.5424,-14.2395,-19.9906,8.784,-797.88,-591.944,1400,-33600,-1820
-20.6633,-18.1639,-13.8216,-21.4682,-33.8819,-9.80064,-13.3303,7.83076,-24.6166,-12.186,-21.0802,-18.9548,-3.27065,-31.8772,-14.3951,-13.2185,5.856,-797.88,-592.92,1120,-31780,-1400
-18.5459,-16.9676,-12.949,-20.2829,-22.0162,-3.49078,-8.85373,13.5831,-16.177,-10.7911,-20.5818,-23.8537,0.995727,-23.0057,-13.0041,-6.89778,6.832,-799.344,-595.36,700,-30380,-1400
-13.4803,-13.3839,-8.6487,-15.7369,-15.9566,-1.00093,-7.90278,9.76934,-11.3841,-2.87811,-12.3644,-22.0225,5.80668,-24.6599,-11.0301,-9.75268,5.856,-799.344,-594.384,1120,-29260,-1260
-15.4903,-11.9333,-6.10304,-17.9712,-19.7411,2.62622,-11.0362,8.3021,-11.6553,-4.46442,-8.96028,-17.8034,13.2213,-30.0355,-12.9212,-14.9169,6.344,-799.832,-595.36,1400,-28140,-1260
-9.13412,-2.71841,-3.06338,-9.46633,-14.2622,4.43477,-6.39503,10.9516,1.35985,-3.09872,-8.87483,-7.14023,19.8554,-28.5429,-5.27843,-13.8402,3.904,-801.296,-595.36,1960,-27300,-980
-6.7108,-1.75578,-0.521895,-6.91894,-8.35222,8.99396,-1.2187,8.28589,-1.85773,1.57352,-3.2575,-3.46332,13.8777,-21.3177,-6.0543,-8.01885,4.88,-800.32,-595.36,2240,-26460,-1120
-7.35599,-8.10841,2.15918,-13.0297,-11.6929,9.59337,-5.44095,0.904426,-8.05904,1.14948,-3.4617,-4.69363,16.2049,-21.0022,-13.141,-10.1493,5.368,-798.368,-592.92,2660,-26040,-1260
3.96607,3.30668,7.56096,-4.39972,-7.14195,9.08248,-2.14267,0.164253,6.31616,4.82988,-2.99211,3.15502,16.7105,-13.3737,-10.0536,-3.51369,5.368,-799.832,-597.8,2800,-25620,-1400
8.51786,6.55459,4.78488,-10.3605,-11.3319,2.53223,-13.0131,-6.55988,14.8853,4.4594,0.0892666,5.12497,10.3473,-15.4743,-22.5757,-7.97548,7.32,-795.928,-601.216,2940,-25200,-1820
6.44595,4.33035,5.75292,-3.03678,1.48767,7.40524,-3.09985,-4.44567,10.7478,1.37919,5.14851,7.01232,10.8781,-0.520614,-8.44064,-1.28777,8.296,-802.76,-601.216,3360,-24920,-1960
9.67064,9.0279,6.84474,12.1133,15.4299,7.34128,11.8359,-3.88591,8.92386,4.70439,8.28334,10.4459,7.90714,13.922,11.3087,9.27852,9.272,-803.736,-600.24,3500,-24500,-2240
5.36318,5.60765,4.77612,9.3191,9.70578,4.15529,14.8737,-0.888344,2.69302,0.261786,6.95763,8.06777,6.34719,14.4365,16.2618,13.0573,13.664,-802.272,-600.728,3780,-24080,-2380
4.70884,1.59746,4.58775,6.51215,5.74135,2.91853,13.2464,-1.5404,-3.59409,0.858804,6.02533,5.065,2.76152,15.3122,15.2069,10.317,14.152,-803.248,-600.728,4060,-23660,-2240
-0.345206,0.202141,0.947265,7.31482,4.38073,-1.43447,7.46559,-5.03927,-3.49343,-3.75824,-0.00313909,0.991901,-2.53596,12.7479,9.59014,5.0028,16.104,-800.32,-597.312,4340,-23520,-2240
-7.57629,6.1278,-3.51733,13.3979,11.2044,-2.56186,7.08843,-3.12029,3.69346,-15.9891,-8.38377,1.53017,-7.02613,3.78776,11.4132,7.45262,20.008,-797.392,-595.36,4340,-22960,-2100
-0.279772,15.1601,1.99056,19.8133,26.5554,3.61798,7.7247,-0.205044,10.4676,-6.18644,-7.08694,11.0514,-7.57122,-2.45882,13.3363,11.602,19.032,-801.296,-596.824,4480,-22540,-1680
6.41324,0.566189,6.15959,7.23427,24.6853,9.29645,2.72931,3.69678,1.44809,11.0578,3.60385,10.4862,0.757739,-9.28037,2.96809,12.1389,19.032,-804.224,-594.872,4200,-21840,-1260
9.25355,-12.9811,-0.367838,-9.22745,11.7788,4.13595,-9.64004,-5.73829,-3.40794,12.835,11.0926,-0.482173,-2.04635,-11.8534,-10.7122,0.44616,23.912,-806.664,-593.408,4200,-21140,-1120
14.2501,-1.82713,0.639926,-2.76926,14.7943,3.96894,-6.34911,-5.04022,6.99222,11.5211,7.72938,1.48149,-3.93652,4.85516,-6.073,1.01438,18.056,-810.08,-596.336,3640,-20440,-1120
5.47805,-0.428397,-2.50279,2.02589,11.8652,0.881953,-2.1498,-3.6339,3.02077,1.32514,-1.39148,-1.69441,-5.12866,7.99953,0.663229,0.99343,20.496,-813.496,-597.8,3780,-19880,-980
7.81472,3.74598,-0.269892,3.12732,6.18762,0.635666,-0.708828,-2.83535,5.70058,0.529193,-5.91604,-0.350412,-5.92465,7.75409,-2.08513,0.371612,20.008,-811.544,-596.824,3640,-18900,-980
5.19998,4.07519,2.58448,7.54982,5.00325,0.593324,4.69846,0.807577,-0.761071,0.263632,-4.49173,3.01013,-5.62593,12.1711,1.71575,2.20556,19.52,-813.008,-600.728,4060,-18200,-980
10.9302,4.83687,5.28427,8.7228,-0.899194,-1.44262,7.62067,5.26429,0.0251696,5.17389,2.39819,5.86353,-3.37878,14.166,6.76953,1.22435,23.912,-812.52,-600.728,3780,-17780,-980
-0.44079,-1.48802,-3.21641,3.21146,-12.5273,-7.70677,5.05566,5.06938,-3.48161,-9.58373,-5.08944,-3.14426,-9.33067,10.3242,8.007,-2.53256,22.936,-815.936,-600.24,3640,-17780,-700
-34.723,-8.24213,-21.8878,-3.84133,-20.9985,-10.8501,1.7601,6.1492,-11.4147,-54.7313,-27.4346,-18.5676,-17.7887,1.4299,5.83857,-5.17138,20.984,-816.912,-600.24,3360,-17920,-840
-37.2966,-2.9117,-20.9729,5.02195,-10.4894,-10.1923,10.3029,11.2999,-18.6285,-45.5659,-31.8917,-17.0232,-21.4734,2.51708,17.7566,3.13532,18.056,-817.4,-599.752,3500,-18060,-560
-25.2552,-19.8034,-12.9653,-9.71402,-12.1455,-14.3268,-5.4906,2.12958,-36.2771,-6.72011,-0.0196365,-19.7106,-16.4614,0.356791,-1.44827,-9.19294,17.568,-817.4,-602.68,3220,-17780,-560
15.6712,-4.85652,3.28713,-16.7911,-13.4053,-14.3942,-20.6009,-7.16681,1.55201,26.291,24.5718,-3.4788,-3.37839,0.335135,-25.0993,-21.3532,16.592,-815.448,-599.264,3080,-17780,-420
8.29131,-5.08171,6.12048,-22.8615,-16.1151,-11.0555,-23.1951,-5.19726,3.4129,17.3853,15.2325,1.40897,4.39865,-0.766047,-34.5401,-20.7139,16.104,-817.4,-601.704,3220,-18200,-140
-6.57372,-11.3722,2.17716,-23.9558,-16.5074,-4.33145,-15.2395,2.85636,-3.61637,1.83126,7.26251,-3.87766,8.95435,-0.910081,-22.2883,-11.4475,16.104,-817.4,-599.264,3500,-18480,-140
-5.01076,5.17237,1.77925,4.93915,-0.569945,0.57982,9.28498,6.35334,5.48765,-1.52179,1.45692,1.86216,2.66395,5.91952,18.6024,6.58357,13.664,-821.792,-604.632,3360,-18620,0
-0.731049,5.14908,4.70701,4.57289,-0.954197,4.608,6.40343,9.18039,5.39598,2.59457,0.353033,5.22835,6.4987,3.22489,11.7975,8.74295,11.224,-823.744,-596.336,4060,-18760,140
10.5454,6.54104,8.53017,1.28331,-2.55029,5.48787,-0.56484,3.2926,7.34028,15.0873,9.5018,9.3189,12.1112,-2.84191,2.64031,5.72043,7.32,-824.232,-595.36,4200,-18900,0
23.4261,17.2787,16.1162,10.1935,6.96306,7.48141,5.6653,0.237783,19.7218,28.3956,21.3627,18.2521,20.1321,-1.8625,11.0602,7.99115,5.368,-817.4,-593.896,4760,-19040,420
13.5419,17.6332,9.98768,12.8959,14.7556,8.9396,10.195,0.545662,18.4947,17.6562,15.3675,13.1635,15.6884,0.132569,11.4656,11.6108,5.856,-818.376,-593.896,4620,-18620,560
4.97555,9.39258,3.56446,8.24077,15.8736,7.30971,9.00455,-3.98738,6.41926,11.4211,10.8377,7.45811,6.80587,-1.33412,5.99531,11.077,7.32,-821.304,-595.36,4620,-18340,420
9.50522,8.22297,6.30154,2.1052,11.2403,8.49461,4.93489,-6.8519,14.5586,14.4659,13.7345,6.53932,9.1195,-5.51602,1.33361,7.23131,5.856,-819.84,-596.336,4760,-17080,420
16.9066,19.2478,9.36808,8.91595,15.1327,10.7597,6.88773,-7.33205,24.4242,17.2185,14.8968,12.0873,10.8632,-0.556474,1.64917,7.88189,4.88,-818.864,-595.36,5180,-15820,420
6.16009,8.46859,6.0986,6.80232,12.3273,7.22515,6.01288,-6.94967,1.53952,7.4635,6.83455,7.53665,4.93964,-1.57192,0.318967,5.80904,3.904,-815.936,-595.848,5740,-14000,280
-12.9833,-16.3278,-2.08232,-6.78473,-1.32055,3.69722,0.955757,-2.07485,-27.0612,-8.5563,-3.6528,-7.35414,-3.67411,-7.24287,-4.87017,2.2049,2.44,-814.472,-600.24,6160,-12460,420
-9.03798,-16.2807,-6.41983,-4.14058,-8.81781,-2.00813,-1.73876,-1.13341,-15.8612,-9.90958,-5.11442,-10.2053,-5.33302,-9.74913,-2.30921,-1.62446,4.392,-815.936,-596.336,7000,-11480,560
-18.8409,-15.0681,-12.8943,-4.19038,-12.3539,-8.19242,-7.96656,-7.30723,-14.1549,-26.108,-9.77244,-13.8762,-5.8945,-13.4089,-4.3059,-10.8371,4.88,-813.008,-594.872,7560,-10500,560
-18.3394,-12.014,-11.7494,-6.99999,-8.14779,-7.85509,-10.7952,-10.1491,-13.0823,-25.6193,-12.4945,-11.3217,-7.17822,-8.7876,-9.79272,-15.2842,4.88,-811.056,-594.384,8400,-10220,840
-9.79094,-7.48159,-5.23117,-3.53109,-0.684461,-3.01235,-5.27574,-5.22143,-9.22345,-12.5174,-8.52616,-6.24445,-5.91976,1.25852,-5.78446,-10.3158,5.856,-809.104,-591.456,8820,-9660,700
4.06879,-5.66338,-1.39967,-3.61331,0.3946,-0.670445,-1.37834,4.60381,-0.828973,-3.78781,-6.89349,-2.59783,-5.57405,5.1975,-2.3024,-2.94976,6.344,-808.616,-586.576,8960,-9380,700
-0.316476,-6.58724,-7.82901,-3.15058,-2.86753,-4.90829,-1.59644,2.8494,-2.75238,-12.5572,-21.9541,-4.55925,-13.4501,0.866857,-0.0852518,-0.452635,6.344,-805.2,-589.016,8960,-9240,700
1.77652,-2.46996,-6.74813,-1.04859,-3.88091,-5.60072,-5.41863,-0.0416852,3.44426,-10.2054,-27.7849,-3.22576,-8.92476,-3.02125,-3.057,-4.18132,7.32,-802.76,-585.6,8960,-8960,700
9.35858,6.66836,-1.05268,6.02851,0.959328,0.0474142,-3.62807,-0.343407,14.1832,-1.66472,-21.5022,2.01869,-0.770795,-2.44333,-3.47912,-2.66872,6.344,-803.248,-585.112,8820,-8820,560
9.98667,9.4729,6.54478,12.5439,9.42453,10.0073,7.63327,9.04614,8.67354,4.02074,-11.5158,8.34729,8.38394,3.88202,5.40424,7.71154,5.368,-798.856,-586.576,8680,-9240,420
4.62309,0.58786,5.96693,7.02236,5.72233,10.6143,9.11415,13.0109,-1.28354,6.15251,-4.50987,5.57968,7.06994,4.40166,6.24818,9.04829,4.88,-803.248,-583.648,8540,-9240,140
4.18409,0.24473,2.7549,1.61951,0.195441,8.39556,3.34314,11.7942,3.36078,5.38646,-3.29127,2.12567,3.13191,6.53173,-0.154141,6.05306,5.368,-798.856,-587.064,8260,-9520,0
3.76546,4.25946,3.59003,2.43953,2.133,6.77558,4.55754,10.9751,8.93726,1.57875,-3.08699,2.1971,2.34188,10.8642,5.389,6.32987,2.928,-802.272,-588.04,8400,-9660,-140
-4.89067,0.22141,0.839942,1.63833,2.55084,4.80774,7.86447,8.20959,-1.4224,-1.02815,-6.79599,-1.63589,-3.43641,10.1002,12.1127,7.01138,5.856,-799.344,-588.528,8260,-9520,-140
-10.4516,-7.25192,-4.29745,-6.286,-5.20897,-2.47224,-3.18898,0.54508,-6.73583,-1.53387,-2.99378,-7.40959,-2.91706,-2.50098,2.0008,-4.89296,9.272,-798.856,-588.04,8680,-9520,-420
3.31394,3.3744,0.103774,-3.53117,-1.3803,-3.54872,-3.32541,-3.83503,5.28322,9.69978,11.7516,0.0549425,-1.08098,-2.78788,1.19549,-7.21479,6.832,-800.808,-584.136,8680,-9660,-560
4.63796,5.78796,-0.573951,-2.49795,-0.470003,-4.98344,-0.82438,-4.68187,6.55105,9.65385,13.7459,0.818729,-1.64183,-2.09617,2.70121,-4.97556,9.76,-797.88,-586.088,8540,-10220,-280
-7.69642,-3.77727,-4.09047,-7.07619,-5.7291,-10.9126,-6.17085,-11.4806,-8.95447,1.63325,9.81841,-4.0915,-3.61101,-7.74349,-3.04506,-9.94844,8.784,-795.928,-586.088,8120,-10360,-420
-8.16566,-4.7263,-1.71853,-4.4066,-4.39442,-6.79244,0.616971,-5.06553,-11.9004,2.59056,9.01272,-3.14291,-3.52145,-2.88454,0.677103,-1.31263,7.32,-796.416,-589.992,7840,-10500,-420
-3.98905,-2.99434,0.163773,-4.09591,-5.51986,-5.55131,-1.93031,-4.67498,-7.59641,4.85838,9.96658,-1.78528,-1.93055,-0.585479,-4.55509,0.190437,11.712,-800.808,-584.624,7420,-10640,-140
-0.504088,1.44691,1.60997,-2.35888,-0.889063,-4.67333,-6.7346,-7.62125,-5.34881,3.07558,8.88326,-0.42651,-3.04498,4.61408,-12.5638,-0.00317653,10.736,-801.296,-587.552,7000,-10500,-280
4.00353,6.34881,2.9634,4.1759,2.71902,-5.35317,-6.43646,-9.22681,1.96613,3.95014,10.0785,1.38209,-3.98489,8.15008,-10.0426,-0.193164,10.248,-802.76,-587.552,6860,-10920,0
12.5034,15.1831,5.11081,11.5183,3.38923,-4.37627,-4.43207,-10.2378,16.1392,9.93019,13.2398,6.44063,-2.70579,7.65052,-1.34966,-1.09638,13.664,-805.688,-589.504,6720,-11620,140
10.3366,12.8008,2.73313,12.1104,5.74633,-1.745,5.27716,-3.75959,12.8597,7.15135,8.47806,5.35581,-5.1428,8.09863,10.1832,7.29432,14.152,-804.712,-589.992,6580,-12180,280
4.43342,2.43211,2.57461,3.89318,5.95801,1.70718,7.44658,5.14236,0.602302,4.70965,4.9958,2.31668,-3.07586,9.27484,5.45581,11.3066,12.688,-809.104,-589.992,6860,-12320,700
5.42933,3.43859,6.0708,3.75897,8.533,4.09219,7.84251,6.88855,-1.2781,7.17643,7.60849,5.09877,2.96636,10.3095,4.55577,9.19489,14.152,-806.664,-593.896,7280,-12460,840
3.54452,0.859207,6.66093,-1.6475,5.39695,5.43257,3.42259,4.89967,-2.76748,4.8454,8.42962,3.87184,6.53767,6.06153,-1.05157,2.58914,14.152,-805.688,-592.92,7560,-12460,1260
1.03806,-1.19932,5.68264,-4.32173,0.74473,5.65189,-2.86272,4.78541,-0.708099,0.748361,5.25315,3.94483,10.1321,-1.55265,-5.84007,-2.15822,15.128,-806.664,-593.408,8120,-12460,1540
-2.38659,1.52152,-0.162141,3.21755,1.15842,3.92985,3.11434,8.22402,6.07804,-7.76897,-0.934285,3.67248,6.25993,-4.90744,7.52588,1.41164,11.224,-804.224,-589.992,8400,-12180,1680
-15.7394,-3.06685,-10.6408,-1.17943,-5.3998,2.21557,0.0865401,7.18493,3.62354,-27.467,-10.3429,-3.26367,3.84981,-8.07954,3.53223,-0.538505,11.712,-806.664,-591.944,8540,-11620,1960
-19.2483,-7.04531,-10.941,-3.04685,-7.31798,-0.758562,2.15243,4.11451,-10.853,-24.8901,-11.9874,-5.34948,4.6757,-8.96485,2.80316,-0.394245,12.688,-807.152,-586.088,8540,-10780,1960
-12.4458,-13.065,-5.92726,-10.804,-11.7702,-1.62231,-1.04997,4.35523,-15.8277,-11.0102,-1.89075,-7.21455,7.87755,-10.7567,-4.6157,-5.13252,8.296,-806.176,-582.672,8260,-9660,1960
-5.18939,-12.8862,-1.50056,-13.669,-11.5223,-3.1934,-9.1564,0.301062,-15.5927,-2.92595,1.26401,-3.70383,9.62205,-11.8096,-12.5134,-11.3661,7.808,-805.2,-588.528,7840,-8680,1820
-5.73685,-16.6605,-4.80157,-18.48,-12.7813,-5.13086,-10.3131,-2.96921,-15.1557,-5.25809,-4.79511,-7.0529,1.06781,-12.9626,-16.0196,-10.5387,3.904,-807.152,-587.064,7840,-7700,1680
-2.33501,-14.6095,-6.53711,-16.8373,-16.6211,-7.38616,-11.6296,-7.66417,-3.97277,-3.89738,-6.0567,-8.58435,-1.59541,-16.4925,-12.3425,-12.9528,6.832,-806.176,-587.064,7280,-7140,1680
-0.00752997,-8.54226,-6.23476,-7.95361,-9.92545,-8.62541,-5.89501,-9.70567,1.36847,-4.59328,-11.2704,-7.06779,-4.75093,-14.3393,-2.73814,-9.7796,4.392,-806.176,-589.016,7140,-6580,1540
1.8909,-4.66246,-2.14549,-4.3475,-1.89723,-2.26202,-4.27755,-7.31171,3.29269,-3.87351,-10.6112,-5.70903,-4.14448,-10.2952,-2.58719,-4.39083,3.416,-806.664,-589.992,7140,-6300,1400
5.56404,2.1362,2.95353,3.70722,6.59917,4.24879,0.288669,-0.46356,8.45445,-1.88165,-10.7208,-1.01216,-4.3928,-5.71618,1.9472,3.06452,1.952,-804.712,-588.04,6860,-6160,1260
10.6735,7.12122,6.42657,11.1162,10.6685,9.73887,6.28214,6.83543,13.6616,6.61328,-5.9449,4.88883,-0.0833685,-0.787596,11.7561,8.27197,3.904,-802.272,-583.648,6860,-6160,1120
8.45757,8.34728,5.64368,13.5691,9.67433,12.0682,11.0617,12.9263,13.9154,9.93034,-3.79513,6.64305,6.65022,4.16088,15.0342,11.9268,2.44,-802.76,-585.112,6720,-6440,980
16.3526,15.8356,5.67684,17.6592,11.8314,7.45479,16.2221,4.94727,20.8164,17.1689,2.57868,11.5374,0.641224,10.3209,15.2728,12.1102,1.464,-801.296,-583.16,6860,-6440,840
10.538,14.0694,3.10327,16.2599,9.21404,3.91141,11.8343,-3.64133,14.779,13.306,7.00774,9.92252,-2.55466,6.98623,12.7523,3.51246,0.488,-800.808,-581.696,6580,-6720,560
3.80682,14.1175,1.09391,18.4106,11.896,4.88368,9.05091,-4.41378,8.10703,6.28013,3.27497,9.4095,-4.39665,6.38749,11.5188,1.19127,3.416,-800.808,-577.792,6160,-7000,420
-5.49397,8.56528,0.0262731,13.888,11.585,6.08097,5.05732,-4.2547,-8.19548,3.8728,1.65652,6.28296,-7.46966,10.2762,6.43828,2.98075,3.416,-803.736,-578.768,5880,-7140,280
-3.72171,8.58798,3.99629,9.59237,12.5356,7.95596,5.98404,1.70946,-4.86691,1.72564,5.27476,7.2182,-2.48381,17.0304,3.73918,7.80221,5.856,-803.248,-578.768,5600,-7420,-280
8.1276,15.087,8.70834,10.9724,17.4172,5.58376,5.99439,2.42727,6.59316,10.088,8.68915,12.1223,1.66025,23.6099,3.61624,10.1519,5.368,-803.736,-577.792,5180,-7560,-280
4.15289,5.20718,7.05812,-1.36087,11.9374,2.61779,-2.41759,-0.988119,-1.67199,10.8136,10.3512,3.91086,0.0544414,23.6833,-10.4443,5.85077,5.368,-805.2,-577.792,4760,-7560,-560
8.86159,3.48569,9.92151,-1.80994,9.7633,1.01047,-5.14654,-2.48098,-2.44173,15.2228,16.1008,4.30409,0.492568,19.3243,-7.90188,3.50494,10.248,-805.688,-580.72,4900,-7700,-420
-0.977751,-6.34954,4.93077,-6.36223,2.1403,-2.05364,-6.28085,-3.52528,-14.0461,5.46621,9.87429,-3.16489,-4.8264,10.4085,-3.75314,-0.660282,11.224,-810.08,-582.184,4900,-7560,-420
-11.0038,-15.5983,-5.56622,-11.2364,-8.17163,-4.89286,-7.86921,-4.62054,-20.6369,-7.46318,-1.19868,-13.5216,-10.0113,0.0441746,-5.26933,-4.30689,11.224,-812.032,-583.16,5180,-7280,-420
-7.85911,-18.1473,-12.368,-16.5661,-17.8318,-9.95398,-9.66141,-2.42267,-12.8443,-7.47622,-5.16396,-16.2008,-9.46033,-9.24004,-8.41838,-4.89755,12.688,-814.96,-583.648,5180,-7140,-140
2.56045,-9.56567,-9.31795,-16.7047,-21.6676,-13.7837,-13.3109,-4.2795,4.77195,-2.9302,-2.05796,-10.628,-2.93184,-14.4202,-13.0053,-10.5769,10.248,-818.376,-584.136,5600,-7000,140
0.9506,-1.82587,-4.0227,-9.7309,-13.4007,-11.998,-10.0834,0.452687,3.21291,-4.77472,-7.61663,-3.25213,4.26199,-13.4092,-11.6656,-9.59425,8.784,-814.96,-582.672,5740,-6300,700
-9.71755,-7.47987,-4.15209,-7.1484,-8.75795,-8.93412,-3.70947,2.49921,-11.145,-7.62709,-5.6256,-4.56406,6.40515,-11.2983,-4.49831,-5.52378,7.808,-818.376,-582.672,5600,-5880,840
-10.2602,-11.0345,-6.8373,-8.63122,-12.7757,-9.99125,-5.15726,1.1464,-7.67857,-8.8264,-5.53616,-8.42835,6.31536,-14.3346,-1.24908,-8.43259,3.904,-820.328,-587.552,5740,-5320,1120
-8.08586,-8.1972,-6.03824,-8.94201,-11.4314,-8.07054,-1.29575,4.53856,-2.3422,-13.7377,-10.6105,-8.38253,1.73956,-12.0131,0.112037,-4.24828,5.368,-822.768,-591.456,5460,-5320,1400
-5.76506,-10.5538,-7.81503,-16.0126,-19.8675,-8.48937,-7.85567,0.581406,0.576203,-13.6103,-9.52892,-10.5765,0.297574,-14.0667,-10.5194,-8.98384,0.976,-821.792,-590.968,5460,-4900,1400
-3.23657,-3.12234,-3.67697,-6.04474,-14.0212,-1.17995,-1.30826,3.67136,5.68394,-10.7988,-4.81287,-4.45634,5.33461,-5.80426,-3.10522,-4.26567,-1.952,-822.28,-590.48,6160,-4060,1540
-11.6577,8.91918,-4.36703,12.0331,-0.306292,4.73623,9.73081,6.37269,8.10524,-25.2465,-11.1399,1.21415,2.89424,2.48943,8.0297,3.71855,-1.952,-821.304,-586.576,6440,-3220,1260
-3.94249,18.1099,-1.77367,14.6055,6.18545,5.05266,7.0947,2.02587,15.7153,-17.5898,-15.2913,8.13408,0.0999561,-0.442498,3.44274,1.44865,-0.976,-819.352,-588.04,6860,-2380,1120
-2.26702,6.31456,2.77891,6.12945,5.42622,3.34487,4.23566,-3.6423,1.45936,0.797783,-4.282,6.06085,1.70161,-7.49091,3.3188,-1.79038,-0.488,-823.256,-588.04,6860,-2240,840
5.58279,-7.65452,1.82143,-7.74006,-1.60547,2.54757,-4.32929,-7.10472,-2.86209,12.9261,5.31864,-1.66101,1.43285,-12.7642,-5.3916,-6.85803,-0.488,-823.256,-586.088,6860,-2660,700
9.48561,-2.21139,7.94033,2.89107,10.0086,8.48729,5.93075,2.39304,0.291233,14.0112,5.95875,3.95101,7.01469,-2.96061,9.55816,4.72983,-1.464,-824.72,-584.136,6860,-2520,420
10.4531,5.97669,12.5454,12.3519,15.9336,10.6081,11.7874,6.92263,6.15244,12.0184,5.19043,8.23211,10.2231,7.6818,16.5988,11.4862,2.44,-822.768,-582.672,7140,-2660,280
12.1551,15.3475,14.1091,21.4074,17.8021,7.63392,13.7486,1.5575,3.30919,15.0144,8.79659,11.7795,5.19811,17.6554,18.2135,12.764,2.44,-825.696,-584.136,7700,-2520,0
-0.811564,3.56643,7.22179,11.4331,7.58827,3.67073,8.17937,1.73596,-9.79873,6.38859,4.39279,4.15587,-3.84038,18.7931,8.87864,9.52706,3.416,-821.304,-582.672,8260,-2660,-140
2.33583,-0.488806,2.7072,-0.469168,-5.50365,-0.916211,-3.18419,-0.121168,1.76252,5.81841,4.97074,-1.66314,-8.79316,13.0866,-2.35762,2.28501,5.368,-818.864,-583.16,8680,-3080,-420
2.20118,3.53793,4.07516,7.73552,-0.899247,-1.65903,7.00262,3.64029,3.48782,6.22744,6.99725,2.24072,-5.06618,12.4892,11.3755,6.96506,5.856,-819.84,-580.232,9100,-3360,-420
6.33693,2.49036,0.571727,1.49318,-0.484639,0.324098,3.03122,3.24886,9.05537,6.76676,7.6658,0.801888,-4.99893,2.87226,1.98642,5.60554,6.344,-814.472,-579.744,9520,-3640,-280
6.39139,-0.245261,-2.8207,-7.62044,-0.826751,-1.54824,-11.23,-6.97153,8.60852,4.60121,8.74393,-2.12662,-6.30589,-11.5249,-13.1598,-4.68489,8.296,-812.52,-583.16,9940,-3780,-420
1.89587,0.84569,-1.00608,-6.46107,10.7559,2.95251,-7.99474,-8.5969,2.06284,0.583363,5.93146,0.664395,-7.35031,-11.8829,-13.6125,-1.66132,9.272,-806.176,-580.232,10220,-3920,-280
3.00892,7.93266,1.01227,2.7557,22.3057,6.49028,-1.93639,-10.5039,-0.63316,1.88893,7.55445,6.32337,-7.62557,-8.18885,-6.77064,2.34019,7.32,-807.152,-585.6,9940,-3780,-560
-7.21983,-1.98517,-0.635975,2.56487,20.5893,6.9922,-2.60985,-12.13,-21.8845,-0.782899,6.78616,5.78611,-3.47373,-5.86397,-4.44492,-0.908135,10.736,-807.64,-584.624,9520,-3500,-700
-10.4658,-10.7683,-6.60383,-4.30039,7.28752,2.43252,-4.3434,-9.83287,-21.532,-4.01998,3.94428,-1.13784,-1.18594,-4.62536,-4.26744,-2.44598,7.32,-811.544,-584.624,9380,-3500,-840
-8.01407,-11.6738,-14.3431,-12.814,-9.13437,-3.7468,-8.94479,-5.22137,-6.89814,-7.88455,-3.26684,-7.86526,-2.09109,-4.91044,-8.84735,-4.6525,6.344,-812.52,-589.504,9240,-3220,-1260
-6.11766,-8.12811,-13.1838,-12.6072,-14.9243,-4.84527,-7.08404,0.938936,-2.5462,-7.42116,-7.19634,-6.70211,0.335081,-1.19257,-7.28014,-3.94379,9.76,-815.448,-591.456,9520,-3360,-1400
-1.1085,-4.43816,-7.46551,-9.83033,-18.0877,-6.91125,-6.14009,3.36149,3.11047,-0.824742,-3.99124,-4.35096,1.54366,-1.89888,-5.80887,-5.76787,7.808,-821.304,-589.504,9940,-2940,-1680
-1.18319,-4.01887,-4.4312,-8.28185,-16.6961,-5.73648,-2.92881,10.6542,5.11166,-2.79878,-9.00385,-5.20112,0.922939,-1.82701,-4.89499,-3.53255,6.344,-819.352,-583.16,10500,-3080,-1820
1.50036,2.67956,0.244845,2.39859,-8.18964,-3.87364,5.44233,13.5098,7.94984,-1.99732,-12.2717,-1.37004,1.49984,3.31957,8.63075,0.290043,8.784,-819.84,-579.744,10780,-2940,-1960
6.19307,3.82127,6.19101,3.20237,-6.42704,-3.91587,0.850661,7.71322,10.0106,7.05544,-6.1488,3.235,5.50433,4.481,4.61526,-4.7217,7.808,-817.888,-578.768,10220,-3080,-1960
3.3963,0.560466,7.36872,3.53933,-3.79536,0.494715,1.39551,6.73518,4.78552,5.54095,-5.04816,2.6088,6.70884,6.53647,3.44661,-8.95478,7.808,-815.448,-580.72,10080,-3220,-1820
3.24066,3.03474,7.16216,4.91975,0.133874,5.58218,2.92435,6.97116,5.48539,2.43015,-4.82522,2.89018,7.31552,9.71551,2.96861,-5.94707,10.248,-813.984,-580.72,10080,-3360,-1680
4.25764,6.65709,7.36932,10.2617,8.09668,10.9719,11.5356,9.65528,5.93344,2.24806,1.60029,5.71239,11.3534,13.7932,12.677,5.62417,8.296,-812.032,-578.768,9380,-3220,-1260
-5.31558,-0.0757424,1.94369,6.39007,7.83019,9.88482,13.6842,10.1641,-4.48924,-8.59439,0.271712,0.0498265,7.15567,11.8526,11.8904,12.6191,4.88,-808.128,-583.648,9380,-3220,-1120
-1.84696,7.61765,4.24181,13.0798,12.1017,9.26703,15.2014,7.98018,-2.05266,-6.34926,3.39107,5.38203,7.59849,13.3927,13.0714,15.9538,7.808,-809.104,-586.576,9240,-3360,-700
5.32888,7.70418,3.13698,10.8389,6.36547,0.0909013,6.69498,-4.17639,-0.312319,3.86626,11.5595,6.9637,5.57536,7.60747,7.37253,7.07006,3.904,-808.616,-585.6,9240,-3360,-420
15.5902,3.11671,1.3867,-1.10647,-3.25231,-7.45622,-4.00201,-11.9546,7.71644,12.5512,21.0994,4.40893,2.73843,-0.290925,-3.74482,-3.57372,3.416,-809.592,-582.184,9240,-3360,-280
9.78928,0.314635,1.09651,-3.44852,-2.24789,-6.33799,-3.8628,-6.9574,3.66374,5.91627,14.2243,2.64621,3.32757,-2.69264,-5.55523,-4.12212,0,-809.104,-578.768,9100,-3640,140
2.77473,0.659857,1.40146,-1.43093,0.685764,-2.51963,-3.90839,-1.46399,0.424781,0.793308,5.82154,2.43714,2.68813,-2.19537,-8.28642,1.00876,1.952,-813.496,-582.184,8680,-4060,280
7.09161,6.26328,3.606,0.383648,4.99248,3.53406,-0.364253,0.478241,8.63011,5.15258,5.40783,6.08018,-0.574846,-0.699173,-5.13956,6.69052,0.488,-815.448,-578.28,8400,-4480,280
1.04299,1.70014,0.340758,-7.52953,0.980165,-0.849145,-6.33489,-4.13908,8.72018,-2.01906,-6.02439,0.325454,-4.26499,-13.3472,-7.78725,1.47866,9.76,-812.52,-577.792,7980,-4760,280
-2.70823,2.67103,1.22618,0.779727,3.85327,-1.67494,-2.95761,-10.0782,4.11766,-3.20003,-11.2136,-1.3207,-4.34901,-19.053,4.6541,-2.92258,4.392,-804.712,-579.256,7840,-4200,420
-19.0491,-11.2887,-7.2456,-8.68645,-5.58418,-8.44816,-10.1369,-14.1167,-11.0495,-16.3331,-21.5248,-15.7953,-12.2692,-24.1789,-1.62534,-10.6073,1.952,-809.592,-577.792,7000,-4340,700
-27.9233,-7.94053,-10.328,-0.0198665,-4.44629,-8.24658,-2.71178,-5.61644,-15.5325,-27.4127,-28.9083,-16.0647,-17.6116,-12.7656,7.12843,-4.85376,-0.488,-804.224,-580.232,6860,-4200,840
-17.6226,-4.05493,-3.45616,2.46653,-7.26607,-6.76939,-2.59028,-0.11992,-13.9085,-11.2879,-22.4183,-8.38961,-15.8321,1.95595,0.335898,-3.20668,-1.464,-807.64,-579.256,6440,-4060,1120
-0.600738,-6.43616,-2.84274,-2.67626,-18.2479,-8.19857,-5.06062,0.336964,-5.00556,6.73909,-7.01788,-10.4928,-11.6636,5.59441,-2.41654,-6.39924,-5.856,-812.032,-579.744,6300,-4060,1260
2.98118,-8.97584,-5.87368,-8.2053,-20.57,-11.3683,-5.26016,-1.36667,-4.58712,7.21,-0.652425,-11.5706,-11.077,3.52329,-5.93213,-7.86797,-3.904,-813.496,-575.84,6440,-4060,1120
-10.7051,-17.251,-12.3308,-18.2703,-19.2264,-15.9241,-7.84724,-3.2772,-14.6505,-8.08855,-8.51655,-18.5096,-13.8779,-8.01318,-14.1806,-10.2852,-4.88,-812.032,-582.184,6440,-3920,840
-18.1211,-23.3451,-13.627,-21.1544,-14.464,-10.4262,-10.0041,-6.05684,-26.738,-14.1247,-6.8247,-21.3369,-12.1388,-14.3513,-16.8708,-10.5071,-2.44,-814.472,-576.816,6720,-3640,280
-4.8678,-6.98643,-3.54312,-7.96529,-0.119508,-4.27128,-9.34745,-5.78048,-12.0478,-3.86814,1.26363,-6.68423,-0.88257,-9.52236,-14.5169,-7.51862,-5.856,-811.056,-577.792,6580,-3780,0
15.4777,14.3366,9.5699,5.76753,14.9198,4.5885,0.100733,-0.161556,12.3197,11.6947,13.5797,14.437,11.417,2.77905,-8.98211,0.807653,-2.928,-809.592,-574.376,6720,-4200,-420
10.1353,5.9274,9.49659,-4.07238,11.7242,11.7988,-0.728417,7.14614,5.57036,10.1851,17.1337,13.4469,13.7552,7.30694,-13.3074,6.01283,1.464,-809.592,-574.376,6300,-4900,-840
3.00461,-1.03254,6.05787,-2.05505,9.92194,15.4683,9.111,15.4406,1.16189,6.49659,15.6155,9.43035,14.3811,9.59741,5.24599,13.2262,1.952,-814.472,-576.816,6020,-5740,-1260
7.82301,4.36805,5.73345,5.62092,11.966,15.0121,12.9913,13.9762,11.819,9.75208,16.4452,12.5516,12.4283,9.84781,15.0805,13.2343,3.416,-814.96,-579.256,6300,-5600,-1400
11.5191,13.201,6.26224,15.1047,15.8769,12.1322,13.717,9.78606,16.4668,11.0681,15.0243,15.8981,11.0786,10.0871,19.9144,11.5481,3.416,-814.472,-576.328,6300,-5880,-1820
4.59199,7.74994,2.97638,12.9213,13.9279,10.8783,9.87431,5.63436,5.35611,6.6445,8.89034,12.499,10.5458,9.05671,16.6416,9.11297,6.344,-815.448,-577.792,6860,-6300,-1680
14.2039,21.6417,6.74999,26.2069,20.7114,10.95,14.3461,4.9368,19.5908,9.0591,4.91297,19.5249,9.51013,14.8183,22.2294,11.6091,4.392,-813.984,-577.792,6860,-6300,-1540
15.7393,18.8393,9.10332,16.2243,14.3936,8.06133,4.42562,-0.613204,18.9619,10.8686,5.08954,19.1161,7.27935,12.6689,4.69033,4.15023,5.856,-813.496,-575.84,7000,-6160,-1680
9.5577,11.3666,3.90004,10.8817,6.84516,5.25481,3.27982,-3.18618,11.6034,8.13272,6.65042,9.22061,3.06691,4.11518,10.0809,1.82036,6.344,-813.008,-575.352,6860,-6300,-1540
10.308,9.7534,2.46214,9.66849,7.25377,3.2391,3.86696,-2.89215,10.1076,8.13576,7.4928,5.4948,2.10238,1.63993,9.7065,1.71668,9.272,-816.424,-579.256,6580,-5880,-1400
11.3394,13.1823,4.37466,9.80654,9.38976,4.59705,3.69898,-3.32553,11.9589,5.22945,6.80666,6.02063,3.48838,4.08309,6.03663,1.95255,8.296,-816.912,-582.672,6860,-5600,-1120
6.65817,17.4033,8.32787,19.6206,19.1302,6.04468,12.4029,-0.6635,2.1788,1.26321,2.07232,10.642,3.96345,10.5251,14.0304,9.25142,8.784,-815.936,-577.304,7000,-4900,-1120
-15.3021,-7.77314,-0.826664,0.45332,5.25718,-1.00661,0.837844,-3.31079,-23.2379,-11.8606,-9.17846,-3.54335,-0.9081,0.569087,-4.01585,1.39885,11.224,-816.424,-582.184,7420,-4480,-840
-13.882,-21.228,-11.4948,-18.9073,-17.4332,-8.43657,-11.2863,-9.85929,-12.037,-10.0914,-9.15649,-19.6411,-11.3011,-11.6952,-15.2297,-10.1773,10.248,-818.864,-579.744,7280,-4480,-560
-16.8617,-25.5917,-14.3302,-25.4177,-28.8752,-12.5203,-19.0674,-14.3112,-12.6554,-13.0642,-10.0012,-25.6047,-13.7427,-15.9449,-22.1139,-17.536,10.248,-821.304,-582.672,7840,-4620,-140
-10.3667,-15.9818,-8.69127,-16.6503,-24.591,-9.22551,-11.9427,-6.45383,-8.73016,-8.94598,-7.10924,-16.8481,-7.44597,-10.3924,-15.7287,-10.796,10.248,-822.768,-582.672,8260,-4760,140
-11.9783,-16.0728,-8.14992,-15.2345,-20.9909,-7.7565,-4.85394,2.4007,-12.6761,-10.5962,-8.47118,-14.7376,-6.06601,-6.20547,-9.3935,-1.78371,4.88,-822.768,-584.136,8960,-4200,420
-9.85911,-14.9074,-4.73086,-15.8203,-19.9616,-7.45488,-5.35823,5.37478,-11.9651,-10.0493,-10.0193,-10.8018,-5.60682,-7.37761,-6.93258,-1.84374,2.44,-819.84,-578.768,9100,-3920,560
-0.181459,-5.63383,-2.30988,-10.3323,-13.6098,-5.33557,-4.37546,6.26053,-2.28053,-5.416,-8.1062,-3.0806,-8.00258,-9.34895,-3.36915,-3.69241,-0.488,-816.424,-576.328,8820,-3920,420
-1.45554,-6.17057,-3.50635,-9.33117,-13.3667,-8.40448,-10.0291,0.150184,-2.0623,-5.37904,-6.95755,-3.37487,-8.12121,-13.909,-5.54264,-10.4671,-0.488,-815.448,-573.4,8260,-4200,140
-8.09169,-10.9682,-4.77125,-13.9051,-15.9106,-7.27614,-15.7507,-4.00555,-7.92714,-10.7056,-8.59963,-6.8289,-7.27557,-11.1206,-15.3484,-13.4159,-2.44,-816.424,-578.28,7700,-4620,0
-9.15441,-3.68764,-4.58093,-1.85537,-7.51196,-2.2986,-3.33163,2.06051,-6.60997,-17.1048,-13.0554,-3.55122,-4.76323,-0.168089,-3.62334,-2.24102,-2.44,-814.96,-578.768,7420,-5180,-140
-2.25004,4.92784,-0.300378,5.34607,1.78046,-0.119263,3.19332,6.2767,0.51741,-8.0464,-8.36157,4.94246,2.98018,7.18758,0.258676,4.39853,-3.904,-817.888,-577.304,7420,-5180,-280
-3.18286,1.32468,0.810518,4.53567,3.87773,0.187481,5.34151,5.85817,-5.25827,0.752316,1.41233,2.97838,7.10276,6.56908,2.03944,3.1943,-2.928,-811.544,-578.28,7280,-5740,-560
6.32942,2.44907,4.91196,2.5527,4.68338,-0.532023,2.06104,1.52654,3.42047,12.0914,10.455,4.04067,8.16893,1.77021,0.558688,-1.05437,-1.464,-812.032,-576.816,7420,-6160,-560
18.4883,12.999,10.3271,7.32334,13.7818,3.69626,6.49721,2.37676,18.2822,21.1858,14.015,10.6449,10.7118,5.96844,5.65109,4.98431,-0.488,-814.472,-577.304,7420,-6440,-700
13.6669,10.7121,7.68652,7.89524,15.6288,2.92986,8.30326,-0.683336,12.6278,17.8911,11.2661,7.12627,8.37859,3.39342,12.9871,4.31351,-1.952,-812.032,-577.304,7420,-6440,-980
9.60243,9.76054,7.35041,10.1242,15.809,4.03464,9.26277,1.37934,11.7078,14.1029,9.40229,4.26679,9.84458,2.34465,14.7383,5.11156,0,-810.08,-575.84,7280,-6300,-1260
13.5145,16.6412,8.82625,18.2066,20.7976,8.06379,14.6804,8.36663,18.7015,16.8561,10.4099,9.61256,7.45431,9.19083,18.0898,10.3314,-1.464,-807.152,-573.888,7140,-6440,-1260
10.0499,11.9533,3.97663,14.8026,13.9544,1.80725,8.20469,1.18375,14.8896,13.5813,6.43906,6.35648,1.49537,4.53164,12.5046,1.50712,0.976,-806.664,-576.328,7000,-5600,-1400
4.50251,11.3691,4.14161,12.8118,11.8942,2.80674,5.18426,-3.86377,11.7237,6.42949,3.11609,4.97453,3.35509,6.89522,5.36633,0.105003,0,-807.64,-573.888,6860,-5740,-1260
-8.72301,4.31671,-5.21585,4.1172,3.20597,-2.31739,-2.23944,-9.69424,1.5218,-13.2283,-7.77154,-1.1557,-7.03401,1.76285,-2.87416,-1.22745,-2.928,-809.104,-576.816,6580,-5460,-1120
-12.5021,1.35556,-5.05501,4.50467,3.59204,-0.148083,4.01509,-1.57038,-8.63491,-12.1058,-13.337,-2.16456,-7.23979,4.68676,6.50679,6.78945,0.488,-810.08,-567.544,6300,-5460,-1260
-11.3513,-5.35386,-2.46367,-0.695196,0.990538,3.0492,4.30874,1.42919,-18.7584,-4.0415,-6.87505,-3.42912,-4.66507,7.69935,3.68052,6.10767,-1.952,-811.544,-571.936,6020,-5460,-1120
-0.142869,-7.39441,0.465112,-8.15435,-6.7214,0.765099,-6.98593,-3.15124,-10.674,4.75742,0.987728,-2.91344,-1.1586,4.74259,-9.50477,-1.71776,-0.488,-815.448,-576.816,6160,-4760,-1260
-3.66365,-5.55293,3.11965,-6.29621,-3.12128,3.0715,-5.35493,-3.44432,-10.9568,1.62192,-1.44501,-0.480988,-1.36382,8.38481,-8.57279,1.86086,0.488,-814.96,-578.768,6440,-4060,-1260
-6.43919,-4.08532,1.21562,-5.82242,-3.98666,-0.866914,-4.03895,-5.09282,-10.7224,-3.69802,-3.43833,-0.892459,-3.40369,2.95975,-5.49389,1.04879,-0.976,-814.96,-579.256,7140,-2800,-1400
-6.54779,-7.20619,0.263812,-11.7159,-6.34547,-0.535695,-7.72431,-1.08452,-10.455,-3.49746,-1.65893,-2.39471,0.749263,-4.34374,-12.7446,-2.90802,3.416,-821.304,-578.28,7280,-2100,-1400
-3.23734,-9.39332,-3.69189,-10.2479,-5.59468,2.30049,-5.0597,0.863904,-6.64824,-4.86339,-0.635863,-6.97389,-6.81382,-9.37659,-5.7779,-2.43955,5.368,-821.792,-582.184,7980,-1400,-1260
3.05644,-4.02615,-0.996927,-3.86667,-1.24458,5.5016,-2.87317,5.41438,2.0687,-2.50519,1.25387,-3.20321,-3.12091,-14.636,-0.153047,-0.708564,4.88,-820.816,-582.672,8400,-1400,-980
