25.0829,25.9428,16.2241,19.6674,19.9935,2.39115,14.0873,5.71304,26.5617,18.6921,13.1336,17.9798,9.99115,12.4317,13.6718,8.60517,-17.568,-815.936,-573.4,1540,-980,-560
8.88585,8.28932,9.322,4.74021,7.72884,-0.52462,6.52441,3.39162,9.92113,6.54266,3.08081,5.58593,7.028,5.44768,3.69378,6.73394,-18.544,-813.984,-573.4,1400,-1820,-420
2.19618,2.61833,5.89044,1.22914,4.51266,0.999452,5.87098,3.06269,3.11741,1.0439,-0.535688,-2.66084,2.82157,6.4891,4.31476,11.818,-17.08,-816.912,-574.376,1400,-1820,-420
-5.03364,-3.76072,1.86587,-4.86108,-0.902888,-0.729743,1.11124,0.00782205,-2.97151,-4.1785,-3.60687,-8.80272,-2.82712,3.31909,1.23,8.76356,-17.08,-814.472,-571.448,1260,-2100,-280
-13.6774,-13.596,-5.49828,-15.6215,-9.33048,-6.49889,-12.0352,-9.65644,-13.1819,-12.6874,-9.05459,-13.5414,-12.1669,-5.49985,-12.414,-1.86349,-20.496,-813.008,-572.424,1260,-2100,-280
-19.2896,-15.7482,-9.45621,-14.0627,-12.7028,-10.3317,-12.7599,-13.7099,-17.6947,-20.8851,-16.1752,-16.0632,-15.6659,-9.91804,-11.4804,-6.33254,-20.984,-813.984,-572.424,1400,-2520,-140
-15.9661,-10.844,-7.18622,-3.2486,-8.0362,-6.11137,-1.89269,-10.1364,-15.3322,-17.5558,-10.9578,-12.8588,-14.6067,-3.70953,2.35585,-0.845811,-21.96,-815.448,-574.864,1680,-2660,-140
-14.278,-12.6937,-7.09075,-4.19333,-7.66329,-4.30106,-1.09685,-8.07344,-15.4429,-12.2946,-5.80438,-11.3838,-11.3222,-1.52712,1.62252,0.0784552,-23.424,-813.984,-572.424,1960,-2800,140
-13.7758,-16.1582,-8.67118,-8.26214,-8.65709,-3.81163,-4.1909,-8.75492,-16.3876,-9.02169,-3.80203,-10.68,-9.39915,-0.843295,-3.60391,-2.59222,-22.936,-812.032,-571.936,2100,-2800,280
-9.90824,-13.6134,-10.1109,-8.05212,-9.38906,-3.89528,-7.24897,-8.30257,-13.9847,-4.34214,-1.4186,-6.12503,-5.57135,0.147104,-8.55309,-5.80462,-25.864,-815.448,-570.96,2100,-2940,280
-8.10643,-12.1875,-11.2792,-9.01996,-13.4561,-5.99853,-11.7192,-8.65758,-11.8329,-2.54886,-1.54115,-2.0917,-5.03974,-2.11425,-13.5449,-10.5174,-26.84,-813.008,-571.448,1820,-2660,280
-8.96447,-14.6487,-16.9953,-11.724,-17.6349,-8.12393,-16.0207,-10.1068,-12.7148,-4.35682,-3.13478,-5.19662,-8.43236,-5.27387,-18.8902,-14.6625,-27.816,-813.496,-569.984,2240,-2660,420
-9.42036,-12.915,-16.8286,-8.67413,-14.8079,-6.41115,-12.5564,-6.00061,-10.9847,-7.34185,-4.44609,-5.16543,-6.7637,-6.13942,-18.4198,-14.1227,-28.792,-817.888,-571.448,2240,-2520,560
0.871309,-5.01164,-6.72033,-4.4347,-9.2904,-0.171828,-10.2887,-2.32772,-1.55942,-0.000363473,6.38205,2.42766,2.15773,-3.2124,-18.6969,-12.9086,-29.768,-815.936,-575.84,2380,-2520,420
4.114,-0.909471,0.102925,0.839708,-0.575513,4.87815,-1.18875,3.49302,1.54963,0.854961,11.0687,5.70538,9.15639,0.377145,-8.88857,-3.85299,-29.768,-817.4,-571.936,2660,-2100,420
1.53115,-0.228828,1.91292,4.09884,4.83563,4.4166,4.49438,6.28344,1.09427,-3.85235,5.53383,2.67215,9.55263,-0.144794,1.41772,-0.134278,-27.816,-817.888,-576.328,2940,-1960,560
1.42027,2.84489,2.14515,8.7583,9.27252,4.90814,8.26343,10.4371,2.93602,-2.80513,3.80454,2.38681,9.18685,0.158619,9.95752,4.3115,-29.768,-817.4,-576.328,2940,-1540,420
4.36065,8.12146,5.48033,16.9291,15.0809,7.85727,15.2229,16.1975,6.62341,0.545422,3.30126,3.5272,10.6417,3.42787,19.7994,11.9972,-29.768,-816.912,-576.328,3220,-1120,420
2.23174,4.85058,4.78189,9.91171,12.1335,6.16921,12.0226,12.2863,5.65429,1.68228,0.0912435,-0.572679,8.47247,1.37685,12.7273,8.87444,-25.864,-816.424,-577.792,3220,-700,280
-2.28675,-3.09923,1.52186,-1.11452,1.16194,1.10869,0.731885,5.28578,1.56393,1.096,-2.15607,-3.07899,6.43109,-5.48993,-0.0183175,0.173185,-26.84,-814.472,-578.28,3220,-420,420
-2.17445,-3.08461,0.77968,-3.40776,-4.44083,-1.16681,-6.7358,0.779369,1.95132,0.617993,-3.8983,-3.9566,5.24218,-8.30215,-3.44494,-3.94701,-28.304,-814.472,-580.72,3080,0,420
1.66775,2.53036,3.04812,0.40274,-1.6583,-1.13625,-3.06352,-0.441878,4.73296,1.68071,-6.88978,1.00056,-0.347378,-5.39119,3.28915,-1.0285,-26.84,-813.984,-576.328,3220,0,420
3.58119,3.27028,7.60272,-1.64452,0.725832,0.421895,-3.47257,-0.223262,4.40267,4.94874,-8.65251,4.7745,-0.501535,-2.08458,0.876136,-0.745649,-26.84,-816.424,-578.768,3220,0,560
12.2966,13.4437,17.7987,5.10656,11.4609,7.18796,6.14537,4.77388,12.4515,15.8891,-3.43285,14.3877,7.1483,8.50603,8.26931,8.65766,-28.304,-813.008,-577.304,3220,140,420
13.5833,16.4188,16.2077,7.0155,10.5832,5.33892,9.0559,-0.452754,13.6919,16.4689,-2.27107,14.5816,5.39181,9.84801,9.24617,10.0279,-27.816,-814.472,-574.864,3220,420,420
7.5086,11.5522,10.5019,0.0885948,5.43068,3.5066,5.70886,-1.23586,7.01586,10.3088,-2.40823,8.31758,3.24236,7.0877,2.8419,7.3304,-26.352,-816.424,-578.768,2660,280,140
5.33128,10.9987,3.24702,1.98731,4.21647,2.21994,9.09066,0.949142,6.68313,6.86472,3.56095,3.96369,-0.844159,6.30878,8.70947,7.66227,-25.376,-816.424,-576.328,2940,700,140
4.93052,12.3397,-2.58725,3.99382,2.52562,-1.29637,7.54572,-4.00095,7.85326,3.54369,8.4603,1.99616,-4.20828,4.36872,9.24388,3.17519,-26.352,-814.96,-582.672,2800,840,0
7.54203,13.6587,0.468141,6.99589,4.4908,-1.82594,6.87016,-3.25495,9.39753,5.86882,11.9455,3.72626,0.10854,4.35447,10.4445,2.07705,-24.4,-815.448,-579.256,2660,980,-280
3.09254,2.99147,-1.42201,-0.70339,-0.250565,-1.6551,-0.579425,-2.78361,1.61535,3.71367,11.1979,-0.973907,0.901408,1.88907,2.58629,1.28622,-21.96,-816.912,-580.232,3080,980,-280
0.65323,-2.46102,-2.22195,-6.04371,-2.9943,-0.314035,-8.60974,-0.457773,-2.65129,-0.542087,7.92234,0.253615,2.59642,0.547446,-8.91741,-2.59407,-21.96,-814.96,-581.696,2940,840,-280
-0.946626,-4.63216,-5.17513,-8.96063,-2.90409,0.550111,-13.5424,2.99154,-2.03575,-4.32467,5.31802,0.101994,-0.585818,-1.34683,-17.1928,-6.30769,-21.472,-817.4,-581.208,2800,700,-420
-11.6881,-14.975,-11.1747,-16.3415,-8.35208,-1.68885,-15.497,3.13218,-14.3515,-12.544,-1.03168,-5.8541,-6.26426,-8.59872,-21.7623,-10.1805,-20.984,-813.496,-580.232,2520,0,-700
-17.5872,-16.7386,-13.7077,-10.9578,-7.99842,-4.83576,-6.88937,0.179956,-19.5545,-20.0641,-8.87679,-10.4361,-12.7632,-10.3795,-9.39757,-7.13052,-20.496,-816.424,-579.256,2800,-280,-560
-12.0983,-11.3501,-12.9271,-4.17175,-6.26671,-5.90154,-0.747976,-0.20233,-14.015,-18.4458,-11.8443,-9.20006,-11.8858,-9.25275,-1.10533,-5.12863,-19.032,-813.984,-580.72,2800,-560,-420
-1.17854,-2.95627,-4.42663,3.83581,0.882098,0.895785,4.17306,2.51688,-4.58833,-6.14317,-4.41556,-0.922076,-3.18862,-3.26179,3.43095,-2.66349,-17.568,-814.96,-578.28,2940,-980,-560
0.28132,-2.42256,-0.352104,5.65875,3.96237,2.87808,4.6458,0.607911,-3.82523,-0.382847,-2.3821,1.06309,-1.72987,0.195277,5.43398,-0.925686,-20.008,-812.52,-578.28,2660,-1260,-420
-3.35394,-6.57625,-1.86034,1.27641,1.40493,0.223917,-0.0242855,-2.04412,-5.90529,-0.666432,-6.13595,-6.27079,-2.66153,-0.722244,-1.83623,-3.49604,-19.52,-815.448,-577.304,2940,-1540,-280
3.97082,2.49833,6.60985,9.69781,9.69574,6.16122,8.83092,5.00608,4.24717,5.49401,-2.08181,-3.03554,-0.316472,8.37345,9.0916,6.34172,-17.568,-813.984,-576.328,2800,-1820,-140
6.21904,6.18587,9.88615,12.4094,7.94832,4.97321,11.3221,3.95073,5.68563,6.31651,0.279854,0.506191,-1.83226,8.5663,13.4839,7.02372,-20.008,-812.032,-573.888,2660,-1680,140
3.62856,2.16465,7.69652,5.77925,-0.415725,0.474843,2.68367,-2.19402,1.86419,5.38579,1.43673,-0.933574,-2.10538,2.66892,3.74962,0.566434,-21.472,-814.472,-575.352,2660,-1820,560
2.17071,0.422344,4.13985,2.33116,-5.57469,-3.47812,-1.43945,-5.24902,1.15746,3.96865,1.87538,-2.20681,-5.58342,-0.125965,1.58627,-1.08245,-23.912,-814.472,-570.96,2660,-1680,560
-1.83044,-3.12102,0.0766284,-1.38296,-10.9299,-7.74761,-7.08158,-9.14635,-0.507976,-2.08719,-1.20186,-5.50643,-7.29306,-5.2997,-1.96824,-3.56269,-24.888,-814.472,-575.352,2660,-980,700
-6.48247,-9.21106,-3.65401,-5.6354,-13.1736,-8.96272,-9.68013,-11.1405,-5.10584,-6.4246,-5.64206,-10.7478,-7.14303,-7.13212,-7.11967,-2.58464,-22.936,-814.472,-572.424,2660,-840,700
-4.4399,-7.77267,-3.20027,-9.04993,-12.7776,-7.98378,-11.8352,-9.69832,-2.09412,-5.5859,-6.82487,-9.05446,-4.72844,-5.10688,-14.2112,-2.50904,-22.936,-814.96,-571.936,3220,-560,840
0.817149,-6.58824,0.372642,-12.4887,-8.9727,-5.06704,-9.53811,-6.05543,-0.944744,0.4628,1.67882,-3.888,3.20438,-3.33162,-13.82,-1.62295,-26.352,-814.96,-572.424,3080,-560,840
3.85811,-2.78788,1.17365,-7.59725,-1.89257,-2.57234,-1.40565,-3.00849,1.13631,5.17379,7.04504,-0.51153,6.87421,-0.298743,-3.60874,3.19369,-26.352,-816.424,-569.496,3360,-980,980
2.08676,2.64344,-2.05442,-0.46674,4.28693,-1.82508,4.28946,-0.7132,3.07343,4.2788,4.37594,3.97654,8.45541,2.03082,4.60143,7.90669,-26.352,-815.448,-569.496,3640,-1260,1260
-0.519707,4.17069,-5.76215,2.26331,5.26293,-0.56456,7.20349,-0.0553686,2.2659,2.17623,1.56612,5.26399,6.51579,4.49046,8.59732,6.83937,-27.816,-818.376,-568.52,3780,-1400,1260
0.405894,4.83575,-1.58791,-0.953364,1.38435,0.822038,0.264422,1.33126,4.2171,3.37998,0.652281,3.66149,8.5703,3.16683,0.73028,-0.642886,-29.768,-816.912,-570.472,4060,-1540,1400
-1.56435,2.75746,2.11934,-7.19397,-1.40354,1.03461,-8.78476,1.67533,2.9784,1.91574,-0.327965,3.30189,13.5108,-0.075085,-11.8901,-7.4965,-30.256,-816.912,-569.008,4060,-1540,1260
-2.31297,7.37102,2.41186,3.99564,4.98871,2.38407,1.4689,4.38273,2.27947,-3.19349,-1.49796,6.01444,10.2977,3.66457,1.07015,-1.86811,-26.352,-815.936,-569.496,4340,-1540,1540
-3.958,6.5358,2.38387,9.53289,9.11908,4.92569,10.267,8.6745,1.48418,-4.38089,0.242956,4.60512,10.3847,5.36876,10.2943,3.87809,-29.768,-814.96,-573.4,4200,-1120,1400
1.59641,12.4602,4.73892,14.927,13.6348,9.657,14.0075,11.0286,8.65899,0.119483,4.93643,9.88503,8.21101,8.49029,16.1016,7.122,-27.816,-813.984,-570.96,4200,-1120,1540
4.45828,12.8439,4.20959,14.1693,14.0352,11.5677,13.1051,11.846,7.35975,2.4084,8.16463,12.0221,5.64619,9.90043,10.8097,8.4852,-26.352,-815.936,-570.472,4060,-980,1260
-0.481808,2.5117,-2.78748,2.65586,2.84589,7.32984,3.47298,8.0409,-0.0223026,0.623179,6.20837,7.44967,3.84018,3.15515,-2.77439,-0.369581,-26.352,-816.912,-568.52,4060,-700,1260
1.69891,1.27383,-4.31347,4.12195,-0.568002,4.28311,4.60418,4.52213,1.96749,0.290109,4.28862,7.14821,0.996753,1.605,1.03478,-2.60554,-25.864,-814.96,-574.376,3920,-700,1260
6.02793,6.833,-2.11923,11.1825,4.38174,4.41403,13.3599,7.03601,6.6771,3.00197,2.95297,10.9281,1.21072,3.24124,14.9643,5.20912,-21.96,-813.984,-572.912,3640,-700,980
9.08758,6.38867,0.283236,9.87404,8.19125,7.75024,12.3408,8.85767,7.37008,9.0542,6.66669,9.98897,0.414604,5.17094,14.7248,8.88489,-22.936,-813.984,-573.4,3360,-980,840
7.10823,-2.04533,-0.141498,-2.65326,0.449688,1.8666,-5.61025,-1.56701,2.99583,7.82569,4.7516,3.94752,-5.41333,-2.39649,-6.55968,-2.73663,-23.424,-817.4,-570.472,3080,-980,560
9.60691,1.40262,3.7606,1.83907,1.55355,-2.83492,-6.9577,-7.31111,6.74591,8.36621,1.57681,6.15219,-10.2487,-4.92942,-3.14155,-6.6299,-23.424,-817.4,-573.888,3080,-1680,420
7.24586,-2.66561,6.89777,0.00899957,2.99094,-1.21046,-5.10295,-5.51027,4.81482,8.78086,-0.394334,2.51972,-6.9088,-4.45305,-2.79562,-4.30051,-22.936,-816.912,-571.936,2800,-1820,420
-6.13142,-17.4567,-1.2314,-15.3668,-11.02,-8.55885,-15.3534,-11.6851,-8.69339,-2.14877,-11.0035,-11.5283,-12.651,-13.2233,-15.5691,-12.4796,-23.424,-817.4,-571.936,2520,-2520,140
-15.0644,-24.8932,-5.48657,-19.798,-17.9173,-10.8708,-17.741,-13.0776,-18.2924,-10.8417,-15.1628,-21.3773,-14.0201,-14.9162,-19.1536,-14.1321,-19.032,-816.424,-573.888,2660,-2800,140
-10.4342,-16.4442,-1.64042,-11.6084,-10.6341,-6.74925,-10.7459,-8.48171,-15.1148,-7.80992,-10.2723,-15.182,-8.86206,-8.8346,-10.7035,-6.37821,-23.424,-816.912,-574.864,2800,-3080,140
-0.0480835,-6.04534,5.03666,-8.34179,-3.8407,-4.33202,-9.91186,-6.65602,-4.38872,-1.61825,-4.77431,-4.13717,-3.5122,-4.61166,-7.18721,-3.4,-25.376,-816.912,-572.424,2520,-3080,140
-2.27312,-5.09765,2.74936,-11.5134,-3.74705,-5.40065,-8.59232,-7.84156,-6.51738,-6.13813,-5.10628,-6.14807,-5.44226,-3.54359,-7.07954,-3.01386,-25.864,-817.4,-572.912,2520,-3360,280
-11.6271,-9.4423,-4.67286,-16.6488,-8.51717,-6.05436,-9.09853,-7.22343,-14.9899,-11.8975,-6.98039,-15.2204,-8.22773,-6.59906,-8.69645,-3.7994,-29.768,-818.864,-574.376,2380,-3360,280
-9.75936,-4.37111,-3.39934,-14.1593,-7.10629,-5.37599,-6.85681,-5.41217,-11.926,-7.62267,-4.3896,-14.4982,-7.51949,-4.95307,-4.75286,-1.18818,-32.208,-815.936,-574.864,2240,-3080,560
-3.16903,4.55505,-0.7554,-3.35939,-2.13505,-4.37275,4.08362,2.1538,-4.92319,-5.10167,-3.23637,-11.6615,-6.07616,-0.29132,8.07035,5.33179,-33.672,-818.864,-575.352,2100,-2800,700
-3.43054,4.58292,-3.02934,-1.10726,-3.39079,-0.0710348,4.9459,6.20795,-4.2615,-7.17567,-1.75106,-12.9483,-2.42127,-1.83816,9.19656,7.1617,-35.624,-819.84,-578.28,2100,-2380,980
-5.76386,2.42245,-4.45307,-1.32906,-5.38669,0.913748,0.455232,4.38404,-6.27198,-7.15752,-2.32328,-12.1915,-0.828334,-3.03453,3.51803,3.50695,-35.624,-818.376,-574.864,2100,-2100,1260
-3.55422,4.62024,-5.41256,0.71946,-4.78131,-1.43234,-2.37289,2.53289,-4.57878,-5.25656,-3.45871,-5.85408,-0.0714525,-3.66191,1.33458,-1.00417,-38.064,-817.4,-574.376,2380,-1680,1400
-1.24239,7.43219,-1.55807,7.02103,2.16448,4.47047,1.65462,7.42521,-3.14772,-1.05886,-0.912953,1.58493,4.03018,2.33411,1.06598,1.70115,-39.528,-817.4,-573.888,2660,-1400,1540
-6.96608,-1.34808,-6.50846,4.8843,-1.4826,3.00278,-0.322963,6.21567,-8.21742,-5.48539,-4.2044,-0.78316,4.67026,0.0654934,-3.38252,1.90702,-40.016,-817.888,-572.424,2520,-1260,1680
-5.24477,-3.12538,-9.42919,5.21958,-2.34377,-2.09742,0.281158,-1.45541,-2.70016,-8.36545,-9.43868,2.85817,-0.328992,-0.843838,-1.81213,1.12662,-39.04,-814.96,-571.936,2520,-1260,1680
13.8746,13.2131,7.13844,18.0494,11.4002,8.9328,9.4411,5.73839,20.3829,5.75826,4.18841,19.732,8.38444,13.4511,5.42887,3.94548,-40.992,-813.008,-573.888,2520,-1400,1820
30.3432,26.3982,20.5812,27.6832,22.8583,18.9437,16.3771,12.6554,37.9548,20.55,23.1388,36.1162,22.0283,25.7695,8.72928,7.11973,-37.576,-814.96,-573.4,2800,-1540,1540
26.0717,23.4334,16.0532,29.9635,23.7513,16.6843,22.2869,13.9523,34.204,20.5673,26.4035,34.3295,19.8763,26.3566,14.2934,12.8192,-35.136,-817.888,-574.864,2940,-1680,1400
20.4019,21.8272,14.1685,34.1477,27.7001,16.3678,32.8832,19.0157,28.0329,19.4369,23.5178,28.2518,20.9929,28.203,28.6617,22.6085,-33.184,-813.496,-577.792,2800,-1960,1260
14.2502,13.4177,10.4289,24.5642,21.6739,9.69311,24.4997,13.0992,18.5241,17.2324,16.4437,18.9799,18.6238,19.0575,23.9445,16.8191,-30.256,-815.936,-580.72,2940,-1820,840
3.52671,-1.89978,1.73992,7.6151,7.33827,-1.08074,8.94681,2.89865,2.64295,10.7437,8.47632,3.80663,10.6547,5.79214,10.9669,5.18042,-28.792,-816.424,-581.208,3220,-1960,560
-2.57637,-11.0286,-5.50053,-5.25789,-2.83152,-7.40952,-1.50573,-4.79383,-4.57033,5.67572,1.75632,-3.97245,4.30247,-1.80913,-1.28198,-2.62255,-26.352,-817.4,-581.208,3360,-1540,280
-7.71224,-16.3468,-11.1214,-16.1289,-12.9522,-15.3657,-11.6538,-12.9053,-9.1067,0.73155,-1.64598,-6.4313,-5.88994,-10.2919,-11.8479,-11.3343,-25.864,-816.424,-580.232,3500,-1260,0
-2.94179,-8.35451,-4.4559,-11.2053,-10.2765,-11.7772,-6.80974,-8.55977,-2.04483,3.47162,-0.0486228,-2.03244,-2.78304,-8.23982,-6.36936,-10.5142,-22.936,-817.888,-579.744,3500,-1120,-140
-10.0273,-14.6835,-12.5352,-20.4288,-18.1513,-17.1113,-16.2843,-16.3688,-10.069,-4.65423,-9.34909,-10.6605,-13.2966,-16.4405,-15.7356,-14.4752,-22.448,-819.84,-577.792,3500,-1400,-140
-19.3107,-22.1202,-18.0668,-28.6167,-23.2475,-19.7958,-23.3365,-20.7589,-19.8277,-11.8236,-18.092,-19.2223,-22.2436,-22.2344,-21.3184,-17.8615,-19.032,-822.28,-578.768,3360,-1820,-280
-18.3292,-18.8947,-14.866,-27.4238,-18.6239,-13.0699,-18.8624,-13.6158,-21.0324,-10.9597,-16.4446,-18.4735,-20.9929,-20.4594,-18.1147,-14.6529,-18.056,-821.792,-575.84,3080,-2380,140
-17.3549,-14.5102,-12.0276,-22.8474,-14.3751,-7.77627,-14.1309,-7.44427,-21.8697,-12.7032,-15.8,-18.0501,-19.5772,-16.1235,-17.2471,-8.96321,-19.52,-820.328,-573.888,2940,-2940,140
-13.1098,-6.4811,-9.10734,-15.7527,-11.5507,-4.9781,-12.6766,-7.31264,-11.3337,-12.296,-13.4565,-14.6755,-16.6225,-13.8206,-16.2099,-8.56923,-19.032,-822.28,-576.816,2940,-2940,140
-7.75742,-2.99305,-2.00425,-14.5425,-7.06428,-1.87571,-13.7498,-6.20168,-5.41496,-9.98878,-6.53434,-10.4401,-8.03792,-12.0481,-17.7203,-9.45728,-20.008,-819.84,-572.912,2520,-3080,420
2.82622,8.35199,10.8339,0.146835,7.88258,6.13849,-0.018345,-0.573436,4.35066,-4.01942,1.32015,-2.8336,1.54138,-0.346157,-0.648324,-1.15922,-20.984,-817.4,-573.888,2380,-3220,560
6.15318,11.1418,15.0989,7.93453,14.2241,10.5816,6.79509,3.40319,7.49585,-3.12039,1.89497,-0.519464,6.53884,5.85264,11.6395,6.2348,-18.544,-817.888,-572.912,2520,-2940,700
4.45855,5.75637,13.27,4.30654,9.39542,11.9459,3.45104,6.12747,2.4804,-4.85863,3.03446,-3.35526,6.30017,3.87658,10.9345,7.16064,-18.056,-820.328,-575.352,2240,-2800,700
0.807636,3.9607,10.6725,5.75256,5.80371,10.4046,4.14255,5.31246,-3.76956,-8.45291,0.53912,-4.30527,6.95067,1.88192,13.1955,7.23696,-21.96,-817.888,-579.256,2240,-2380,840
5.12859,11.1141,10.6137,13.5292,7.62251,11.0892,6.07633,4.79423,1.8263,-5.8801,0.184924,2.3478,8.49175,3.81734,17.0057,8.43059,-22.936,-819.352,-576.816,1960,-1540,1120
11.1123,14.3578,10.2744,13.683,5.01358,9.28368,0.0132974,2.96774,10.3221,1.09944,3.96223,9.86479,6.88488,5.20108,8.91093,4.016,-20.008,-816.912,-580.232,2380,-1120,1260
10.6574,9.00752,10.0964,8.34091,3.77789,11.5275,0.647713,7.40237,7.95688,5.82323,7.87361,10.5224,6.90007,7.10574,3.10265,5.67729,-22.448,-820.328,-577.792,2380,-980,1120
-1.22975,-5.12539,3.77242,0.00623887,-0.808066,8.28486,5.35439,8.9543,-7.13842,-1.9937,2.58765,2.10896,0.738832,5.87408,0.885964,7.93751,-23.912,-815.448,-579.256,2240,-560,1120
0.0961045,-3.63592,1.03229,3.23323,0.663778,6.75903,8.31815,10.8046,-3.43405,0.327005,3.1065,1.77274,4.58177,7.72948,3.56774,8.32714,-26.352,-815.936,-578.28,2380,-140,1120
6.20939,4.11845,0.991068,9.16897,5.63513,7.15877,13.2878,12.0004,4.52222,7.1281,6.86678,7.609,7.38728,10.2155,7.69667,9.78454,-28.304,-817.4,-577.304,2520,-140,1260
9.9107,10.5674,1.03998,15.3627,9.15264,4.13761,13.2085,9.13506,10.3009,11.784,6.77797,12.8309,6.75727,10.3627,9.38006,9.27092,-26.84,-818.376,-575.84,2800,0,1400
10.3565,8.64129,-2.46442,12.3419,6.27682,0.10612,5.42819,7.05313,8.92533,13.9055,5.55656,12.44,4.67963,7.30569,2.57209,4.16861,-29.768,-817.888,-578.768,2800,-280,1260
1.40606,-5.17143,-9.40468,-0.881751,-3.78229,-5.52929,-3.92674,0.953819,-2.86107,7.88529,1.00786,4.71896,-2.72696,1.10402,-11.0435,-3.20874,-34.648,-816.912,-576.816,2660,0,1260
-3.09516,-9.47316,-13.0418,-5.99059,-12.3183,-14.7525,-9.32335,-9.75528,-2.30491,2.95209,-2.62682,-0.927607,-8.51522,-5.77842,-11.6124,-10.2256,-29.768,-816.424,-580.232,2520,0,1260
-9.41659,-15.165,-13.3059,-10.183,-16.2498,-19.4923,-8.47366,-13.882,-6.97578,-2.22016,-7.99879,-6.59281,-8.71222,-8.98604,-7.1266,-14.6524,-27.816,-815.936,-576.816,2660,840,1120
-9.39073,-15.2538,-11.1944,-13.7559,-14.8684,-17.716,-8.67521,-11.5692,-7.23533,0.263331,-5.66788,-7.81032,-7.65443,-5.56109,-9.16619,-15.1294,-32.208,-816.912,-580.232,2800,980,980
-10.8586,-12.048,-10.0348,-10.2213,-13.0144,-16.9274,-8.61709,-10.1186,-8.1514,-1.12114,-6.1491,-4.77715,-4.82567,-5.27377,-6.53138,-10.7522,-32.208,-816.912,-579.744,2800,1540,700
0.342991,0.266363,0.945214,2.23402,-1.56974,-7.80213,-1.2293,-4.18997,3.56189,8.44714,2.83755,7.61426,1.89008,3.06222,1.54844,0.518048,-32.208,-818.864,-581.696,3220,1960,700
0.650691,4.09735,3.42133,6.10967,5.57261,-0.827338,1.97747,-0.551985,8.03411,8.19573,2.19789,9.01239,2.54611,4.14585,3.65359,6.8783,-32.208,-820.328,-580.232,3080,2240,420
-14.3806,-5.47134,-6.15018,1.94495,8.31941,3.96326,10.0197,-0.654353,-5.64306,-3.83692,-7.00552,-2.80579,-5.19748,-3.91338,9.4213,9.52494,-28.792,-819.352,-584.136,3500,2520,560
-16.7397,-14.9998,-8.88183,-12.5688,-2.79323,-1.14512,0.0787673,-3.42929,-11.4335,-6.7744,-9.96384,-13.4079,-8.72401,-8.32418,-4.88274,-1.30761,-29.28,-820.328,-582.672,3500,2800,420
-2.72999,-3.61928,-0.626574,-8.85873,-2.32706,-0.187208,-6.27725,-2.56144,1.94615,0.775955,-3.59011,-7.26498,-1.09684,-6.29268,-9.81566,-7.65744,-32.696,-818.864,-583.648,3500,3080,280
4.14591,5.69945,4.49675,1.75694,7.91869,6.58735,1.88175,1.57435,5.12641,1.0906,0.741399,-0.41769,-1.21368,-0.3479,-3.62693,-2.34927,-29.28,-821.792,-582.184,3640,3360,420
6.87735,15.29,5.07498,14.7181,15.7557,2.81157,12.4049,-3.81667,8.40526,-4.38281,-2.57693,2.42013,-5.6527,4.52002,10.0894,5.76092,-28.792,-818.864,-580.72,3780,3360,420
17.9237,30.3009,11.44,26.8444,24.1108,2.74175,18.6638,-1.33219,20.8758,1.81558,1.3728,10.9326,0.688568,8.88679,21.136,10.4925,-28.304,-821.304,-578.768,3500,3360,280
15.4679,24.3296,6.36207,18.1415,16.0132,7.5866,7.60559,5.40904,15.8006,-0.677434,5.49865,4.4454,2.30982,3.48359,10.7111,4.46001,-25.864,-821.304,-579.744,3920,3220,280
-1.81517,-0.917045,-3.16039,-9.30339,-4.92501,9.1977,-11.153,9.34321,-4.72561,-11.5965,1.30687,-11.6231,4.64122,-7.57874,-13.6322,-9.2127,-26.352,-816.912,-583.16,3780,3360,-140
4.0029,-3.44105,3.00129,-16.7429,-13.1527,11.517,-15.2171,14.3415,0.248075,-3.29446,7.10603,-11.1816,11.1392,-4.9505,-17.4206,-9.09931,-25.864,-820.816,-582.672,4200,3360,-140
6.6233,-2.66606,6.69852,-13.6044,-12.6036,8.41475,-10.116,13.5452,3.10406,0.802181,11.7337,-6.51799,13.0173,-2.48024,-3.33729,-2.47304,-27.328,-815.936,-582.184,4620,4060,-280
-1.51618,-6.17944,3.74889,-10.4464,-7.44571,5.80202,-3.3237,10.5089,-7.53865,-2.71637,9.4114,-5.50246,10.2414,1.21245,5.00166,3.518,-29.28,-819.352,-580.72,4900,4480,-420
-2.47318,-3.41223,2.37717,-6.09567,-2.08094,1.17412,-0.981025,3.79234,-7.30169,-2.92607,6.97941,-2.45346,4.97225,5.73818,5.01033,6.95757,-28.792,-818.864,-578.768,5040,4480,-140
-0.392839,-4.45864,2.82451,-7.53402,-0.92469,-5.32155,-5.38261,-9.93902,-9.03507,-0.819553,4.29218,1.0236,3.0502,5.78424,-4.55098,3.46897,-28.304,-818.864,-579.256,4760,4620,-280
6.59556,2.41751,6.02066,2.30007,7.68034,-2.76037,4.46842,-17.5387,-3.8733,3.1748,0.215737,9.45429,1.25087,8.30364,1.99166,6.55329,-28.792,-822.28,-580.232,4620,4480,-280
7.55042,7.52163,7.60808,12.9566,12.636,-0.0533232,15.6657,-11.3953,0.963629,-1.49536,-9.67552,14.3006,0.55507,6.36526,16.3235,8.07148,-28.304,-821.792,-581.696,4200,4200,-280
7.39536,7.36121,4.83388,13.8476,6.72481,-3.43294,9.4553,-9.70087,1.96259,-0.982317,-5.31424,10.938,-2.52256,1.80246,13.8931,0.975866,-24.888,-820.816,-584.624,4200,4480,-420
-7.61688,-12.7466,-5.18882,-9.11514,-12.6926,-11.7285,-16.4141,-12.9038,-11.4539,-4.3572,-0.529042,-3.39538,-6.88835,-9.76787,-16.3939,-15.1926,-26.84,-823.256,-582.672,4480,4900,-560
-9.82155,-8.97772,-4.05729,-4.51781,-6.48693,-7.47251,-8.85205,-4.99751,-8.9489,-1.6227,3.51893,-1.71822,-3.23568,-6.43926,-12.6686,-8.38238,-28.792,-825.208,-582.672,4480,5040,-700
4.20084,12.919,5.40278,21.9387,14.3171,0.637216,14.9515,7.34078,9.13291,6.68004,4.52101,13.6708,-0.893449,5.81464,17.5708,7.71391,-25.376,-823.744,-582.184,5040,5460,-560
8.2707,18.6939,6.85303,28.6381,15.2945,3.7079,16.5351,12.2528,17.1614,7.02295,4.73967,16.0454,-2.04506,7.37489,23.9344,8.02731,-27.328,-822.28,-583.16,5040,5320,-700
-1.98069,-0.397681,-1.56394,0.534881,-5.80373,0.153171,-7.05551,8.85072,7.70978,2.11296,0.816575,0.656421,-3.5129,-3.49343,-6.86752,-3.43992,-26.84,-822.28,-584.136,5180,5180,-700
-13.6356,-14.5215,-7.41389,-14.5353,-12.7838,0.975734,-7.91181,12.049,-3.46735,-0.637049,-2.96557,-9.33698,-2.43605,-5.75657,-14.3163,-0.445332,-25.864,-821.792,-583.648,5180,5320,-700
-21.3825,-22.8471,-9.80897,-18.0208,-10.3977,2.69712,0.545307,11.8086,-14.469,-4.44217,-9.79348,-12.6651,-3.70741,-5.78868,-11.99,3.19799,-23.912,-826.184,-579.256,5180,5320,-840
-12.0936,-12.4518,-6.49318,-10.4627,-2.98025,4.45109,4.01179,5.57866,-5.38796,0.18552,-14.3409,-5.95944,-4.25565,-4.30279,-8.99384,2.95393,-26.352,-827.648,-578.768,5320,5040,-840
-4.82342,-3.6048,-4.38255,-0.497832,1.78128,1.93715,9.04654,2.7243,0.104961,1.4443,-11.6121,-1.80178,-2.24433,-1.46318,2.87499,4.24611,-28.304,-828.624,-582.672,5040,4480,-980
-8.87183,-15.0049,-9.36746,-13.7376,-8.41107,-2.42881,-3.99058,-4.39351,-11.1715,-6.56875,-8.57325,-11.1483,-4.54373,-7.73508,-7.79957,-4.24919,-30.256,-828.136,-579.744,5180,4200,-1120
-5.15873,-14.3419,-10.7705,-18.6752,-16.3776,-3.46842,-16.3652,-12.0087,-8.18072,-5.47611,-4.54221,-13.4715,-4.7627,-9.46971,-17.0665,-14.713,-27.816,-830.576,-579.256,5040,3780,-1120
-6.54656,-14.1876,-14.5261,-20.7898,-22.3854,-8.93097,-24.0488,-16.7053,-10.1227,-7.80975,-8.68009,-14.4112,-10.0681,-11.6622,-21.82,-20.1591,-28.304,-829.112,-574.376,5040,3640,-1260
-5.0463,-0.807611,-8.13972,-4.41983,-11.0444,3.23693,-8.93179,-1.64901,-4.6672,-5.87467,-2.38882,-8.62767,-2.91861,-2.47626,-4.52379,-4.65477,-28.792,-827.648,-572.424,5180,3780,-1540
-1.12561,5.93103,-3.84261,3.80892,-5.08326,6.48973,-2.96208,4.39907,-0.341528,-4.78058,5.20855,-4.11563,-0.238953,2.3977,4.05198,4.11617,-27.328,-824.72,-572.424,4760,3220,-1680
0.119748,3.2043,-4.63828,-0.238279,-10.5815,-4.52273,-11.0261,-4.01465,-0.757,-7.94512,3.66229,-5.06046,-4.56429,-1.04648,-2.13081,-3.37553,-25.864,-823.744,-573.888,5040,2800,-1820
7.35633,6.41677,2.4957,3.40876,-3.62005,-5.77241,-7.56641,-2.70672,3.37945,-1.17143,6.75089,-0.0265351,0.656538,3.12306,-1.99132,-0.963594,-26.84,-823.744,-571.936,4340,2800,-2100
6.20964,1.63622,2.18652,2.58449,2.24502,-4.8927,-0.307715,0.517194,-4.69883,-0.48169,2.44399,0.239677,1.45861,3.00673,0.657689,5.82201,-27.328,-823.744,-572.424,4340,2660,-2240
12.6909,4.01625,4.25425,3.94546,6.45911,-1.77253,2.13288,0.429175,-0.883662,7.60509,-0.97394,5.16182,0.423613,6.34981,3.16654,8.31447,-31.72,-821.304,-574.864,4060,2800,-2380
18.5945,14.1746,12.0479,14.8311,17.6922,4.54019,14.0789,0.669503,10.1182,12.743,3.54004,14.7509,3.70077,12.6841,15.1002,13.1742,-33.184,-824.232,-573.888,4060,3080,-2660
22.6864,26.6419,22.6785,34.2397,37.1559,7.6105,40.2488,-2.29004,18.9557,16.6607,10.6177,25.9008,12.9231,22.2783,44.5492,24.8724,-32.696,-826.672,-571.936,3780,3500,-2940
25.4947,33.4937,29.7524,42.7857,52.0425,-3.10979,54.3789,-16.8088,25.9288,19.3118,8.44043,32.7638,13.0508,26.1588,57.7521,25.4145,-33.672,-827.648,-572.912,3500,3780,-3360
17.9426,24.5972,21.3494,26.9675,33.8683,-10.6449,27.2967,-21.3917,24.4364,14.4104,3.91075,20.3467,8.12571,6.68103,31.9091,-2.07672,-31.232,-827.648,-576.328,3640,4200,-3360
-3.01209,-5.26795,0.263877,-12.0827,-6.32509,-6.82162,-21.1098,-8.25681,0.837803,3.14069,1.497,-7.23063,2.84598,-18.0984,-17.8227,-26.8084,-31.232,-823.744,-574.864,3360,4480,-3920
-14.0088,-18.9079,-14.3943,-33.7102,-29.1886,-3.30465,-50.6194,2.55851,-9.95308,-3.82422,0.611761,-21.7546,-1.89803,-26.0434,-54.0905,-34.7632,-30.256,-825.208,-577.304,3780,5740,-4340
-0.0622829,-1.43474,-9.66661,-16.6222,-14.4018,2.60151,-33.4971,13.5555,7.27827,4.1907,5.54419,-6.19025,3.36171,-10.5065,-39.7178,-18.3397,-29.28,-824.232,-578.28,3500,6300,-4340
6.01797,7.9059,-3.46525,-0.191381,4.98832,12.6729,-0.939456,21.2255,15.3364,8.69936,10.3474,4.6849,9.4335,7.55151,-10.5803,2.14928,-29.28,-824.232,-577.304,3500,7000,-4480
13.25,20.8812,5.45417,20.0325,17.7013,20.1006,18.3801,23.3404,28.8174,12.7975,13.5662,14.5887,14.6207,17.118,16.0857,12.4024,-29.28,-824.232,-577.304,3360,7280,-4480
-0.0589242,15.6159,6.93333,25.9021,20.2311,19.6158,31.0035,24.7242,16.8148,1.11096,2.76028,12.5547,8.52261,20.3103,30.8256,22.7554,-22.936,-822.768,-579.744,3360,7700,-4620
-13.8733,-6.84793,-1.17964,2.11913,1.39805,10.8026,18.9029,13.1483,-4.97312,-5.17005,-3.48735,-2.35249,-3.74184,9.32344,11.9954,14.9078,-22.936,-822.768,-581.208,3500,8680,-4900
-20.6867,-27.4231,-7.21059,-20.3872,-20.2243,1.20716,-1.06563,4.20747,-24.1485,-8.69796,-3.94528,-13.3769,-10.4391,-4.29237,-6.13811,-0.0139175,-24.888,-824.232,-581.696,3780,9660,-4900
-13.0961,-17.135,-3.99975,-9.5595,-17.3447,-0.488192,-1.92214,2.41549,-18.7896,-7.31926,-1.39468,-9.36969,-10.5952,-5.23992,0.90518,-1.7592,-25.376,-825.696,-582.184,4060,10080,-5180
-5.84532,-5.52339,0.532554,1.99444,-7.67756,0.0555347,1.47236,2.14189,-12.3957,-5.5022,-0.077393,-2.77466,-3.7845,-5.44012,7.99787,1.49154,-27.816,-826.184,-577.792,4200,10640,-5600
-11.5969,-13.8349,-4.03828,-7.65592,-10.7965,0.153348,-2.70025,-0.0746008,-21.5761,-9.84296,-1.07944,-10.825,-5.50501,-11.7166,2.49898,1.43355,-28.792,-831.552,-574.376,4060,10220,-5880
-11.4769,-14.9238,-6.98991,-14.0394,-16.4192,-4.93744,-9.30135,-5.24393,-21.6249,-14.8416,-7.03402,-13.6923,-6.40901,-16.3812,-5.89628,-2.66255,-27.816,-826.672,-572.912,3780,9520,-6160
-9.77517,-9.30297,-3.28947,-9.2698,-11.0154,-10.5429,-9.09024,-7.36761,-22.7535,-17.5991,-14.0261,-5.35062,-5.78361,-8.82928,-9.14749,-2.3615,-27.328,-828.624,-570.96,3220,9100,-6440
-2.74062,-10.0288,1.05503,-17.666,-9.55227,-11.5203,-20.6838,-11.243,-22.0182,-8.94695,-11.2277,2.16626,-6.9009,-3.27706,-33.86,-6.64804,-26.84,-827.648,-568.032,2660,8680,-6440
-2.5863,-17.8527,-0.0808929,-27.4002,-11.3172,-8.53308,-28.3547,-11.7174,-21.9673,-6.26841,-6.55865,1.3091,-2.62356,-3.60836,-47.7346,-7.83109,-28.304,-828.136,-568.032,1960,8120,-6720
-4.64767,-5.55521,-4.068,-0.597039,0.844368,-3.95485,-1.23512,-1.19745,-10.4766,-9.21667,-8.1159,2.26263,2.13048,1.1251,-3.10672,7.64152,-26.352,-830.088,-572.912,1680,7980,-7000
-4.86207,3.87368,-8.32589,11.3809,5.0545,-6.05668,8.0597,-1.7898,-1.15161,-10.6606,-10.6353,0.892818,-2.80064,-0.402134,13.943,8.84333,-26.352,-827.16,-576.328,1540,8260,-7140
-7.08313,-2.77091,-13.889,-8.1517,-9.14011,-16.8416,-10.9708,-17.4681,-0.0787599,-12.4551,-10.9965,-9.31884,-8.46942,-13.1588,-7.8857,-13.2103,-30.744,-828.136,-578.28,1540,8680,-7140
2.75426,5.06435,-8.09214,-6.17791,-7.79923,-14.807,-8.01152,-17.8991,12.8447,-1.53754,-0.902494,-5.56994,-0.622601,-10.2164,2.58634,-18.3655,-29.28,-825.696,-581.208,1960,9940,-7140
1.0302,4.05884,-3.62957,-3.45246,-1.71122,-10.2004,-3.32477,-13.2481,8.84299,2.0929,3.66116,-4.14072,0.847132,-6.34913,8.85431,-14.2697,-29.28,-825.208,-579.744,2520,10640,-7140
-2.94831,-4.38894,-4.67259,-8.87412,-2.19101,-7.28725,-4.93722,-7.14231,3.17457,2.06658,1.18291,-8.38636,-5.58907,-5.50839,-2.1891,-8.25128,-26.84,-823.744,-576.328,2240,10780,-6860
-1.35067,-9.23579,-7.27191,-14.9161,-6.25272,-4.66724,-10.8437,-6.25671,5.02443,4.13046,1.80678,-11.0518,-7.86334,-7.25931,-12.5237,-5.83191,-24.888,-822.768,-575.352,1960,10780,-6720
2.58046,-4.00746,-3.71822,-4.18911,1.25714,-0.487233,-6.35747,-5.74459,3.56752,7.47849,2.45973,-5.66867,-4.91236,-1.13328,-5.84968,-2.33355,-24.4,-820.816,-572.424,1680,10920,-6720
21.4434,24.2265,10.4433,27.6423,22.7465,8.90519,13.8871,1.06388,27.5499,20.7208,9.86549,14.6835,2.25645,17.68,16.9538,9.96011,-24.888,-816.912,-570.96,840,11060,-6440
20.7739,30.5909,13.6312,34.6657,26.3493,12.2555,18.856,1.93606,35.5798,18.6145,8.60104,19.0485,7.40841,20.376,21.9778,12.9524,-21.96,-816.912,-569.496,-280,10920,-6440
25.4874,31.685,15.4291,32.9795,22.2799,18.2808,19.5139,6.00095,46.1076,20.3116,11.5169,20.4735,14.6272,18.9904,23.2277,12.8676,-21.472,-817.888,-572.912,-560,10920,-6440
10.5323,12.5847,1.30503,12.8991,-0.463081,6.56483,6.56255,-4.52687,28.6715,6.49793,2.17121,2.5215,2.8879,6.04528,9.99553,1.10145,-20.496,-818.864,-574.376,-560,11060,-6440
2.35116,6.18741,3.31266,11.178,-0.572977,2.51208,9.74026,-6.0149,11.9262,3.38272,-1.43482,-1.59929,2.93399,6.21783,12.8373,1.70193,-20.984,-818.864,-572.912,-280,11060,-6440
7.14493,3.86883,13.4465,8.85482,5.87001,13.1875,14.7548,5.69248,4.41858,13.1742,10.1802,4.73532,15.2845,13.2228,14.3589,6.89273,-22.936,-821.304,-573.4,140,11200,-6580
-6.53157,-15.2339,4.7999,-6.32751,-0.86367,11.3374,10.7822,9.287,-23.4646,2.54273,5.43452,-5.2217,11.7681,7.23469,7.94006,5.25818,-21.96,-821.792,-572.912,280,11340,-6720
-14.0718,-21.0778,-4.35219,-15.5951,-10.7152,7.01224,-0.993733,9.14658,-31.2401,-5.68366,0.613432,-12.1904,1.94023,-3.78771,-4.51123,-0.727301,-28.792,-819.352,-566.568,280,10920,-6720
-13.2978,-20.3132,-2.89761,-20.9563,-13.6299,7.07557,-10.7255,12.5321,-29.2166,-8.74731,-2.23302,-8.90932,-3.56805,-9.73656,-19.5011,-1.48261,-27.328,-822.28,-570.472,-280,10360,-7000
4.36761,-4.01611,8.46828,-10.987,-5.85373,6.91001,-6.76047,19.5646,-7.03666,-1.45275,1.7387,6.46009,5.05271,-6.21881,-16.8386,0.479305,-27.328,-822.768,-568.52,-700,10220,-7140
8.85109,5.5241,6.40973,-0.150596,-0.340707,1.55144,-0.750954,22.5739,-0.312407,0.574102,2.96819,13.2321,4.69649,-2.14815,-5.19199,2.78908,-26.352,-822.28,-566.08,-1260,10360,-7420
9.33864,17.7191,6.38642,22.77,13.5649,1.79141,12.8343,29.0267,-0.849751,-0.267245,2.29127,19.6997,1.27492,3.6297,18.7505,10.1508,-22.936,-824.72,-569.008,-1680,10500,-7700
4.65533,9.46459,5.17636,17.9973,12.9239,7.51162,14.627,33.7379,-11.992,0.230813,8.11106,12.8527,2.2099,7.2477,13.2769,13.617,-22.936,-823.256,-569.496,-1540,10640,-7700
-10.8155,-8.96481,-3.56665,0.917351,2.34011,3.33434,6.12178,25.0184,-26.1423,-7.81396,0.202599,-4.8467,-0.00967825,-0.492306,0.425468,8.47356,-23.912,-821.304,-566.08,-1540,10080,-7840
-7.05179,-0.0538393,-4.02037,0.893218,1.52148,-7.11107,-3.49647,5.03584,-9.61504,-7.95862,-7.85409,-4.97209,-6.15277,-4.54739,-4.93259,-0.624864,-21.96,-820.816,-571.936,-1540,10080,-7840
-3.66913,-0.897904,-1.12072,-9.93111,-2.31276,-13.7954,-11.9771,-11.1121,-4.63736,-6.77904,-13.4728,-4.43093,-11.1798,-3.50464,-19.8475,-8.19601,-20.008,-814.472,-568.032,-1400,9800,-7560
-9.77305,-9.82366,-4.68482,-15.3229,-8.78872,-15.6816,-12.2402,-19.3647,-5.7576,-9.36246,-13.1094,-13.7619,-15.3099,-7.58367,-12.0732,-11.8538,-19.032,-812.032,-569.008,-1960,9100,-7140
-15.4835,-15.4377,-11.1566,-12.2848,-10.3104,-17.1135,-12.5483,-26.7405,-6.3466,-10.9807,-9.58198,-17.8493,-18.395,-9.35621,-5.20308,-12.5723,-16.104,-809.592,-573.4,-2100,8680,-6720
-4.92279,-6.61315,-3.33478,-6.29398,-0.522431,-11.8744,-8.16167,-29.5815,6.04969,-2.14981,-3.15746,-6.50627,-10.9901,-0.16391,-5.46012,-8.52891,-15.616,-810.568,-570.472,-2660,8260,-6440
8.82743,0.604002,6.28787,-10.2215,7.33818,-2.57027,-3.7611,-26.7502,19.2709,9.79555,7.82744,5.89269,6.90646,6.33413,-10.2332,-2.63337,-15.128,-812.52,-568.52,-3500,7980,-6160
3.73634,2.87196,1.90246,-9.1021,10.0433,3.4518,-0.167958,-21.6305,15.9935,7.65896,9.10191,7.01984,13.9799,4.83668,-6.29255,0.368379,-18.544,-815.936,-568.52,-4200,7560,-6020
0.932816,16.6973,-2.28197,10.8593,15.0779,7.19044,7.86532,-14.8857,21.6396,2.95528,5.62441,9.10821,15.1938,3.57904,13.2761,3.56648,-14.152,-817.4,-569.496,-4760,7000,-6020
2.29733,27.0336,-4.26455,22.2182,12.6852,9.16315,11.328,-7.5776,28.6718,2.32304,4.81825,8.5361,12.2061,2.05961,22.0786,5.63879,-9.272,-820.328,-566.08,-5180,6580,-6020
11.4726,40.6616,1.34824,39.5637,20.5848,13.9945,23.2248,7.96837,39.0451,7.86161,7.55255,14.7871,12.5562,5.19064,38.2136,17.0198,-5.856,-825.208,-569.496,-5600,6160,-6160
8.41716,26.3464,2.82382,26.4982,14.7332,13.9994,16.3999,12.6573,26.0733,9.22536,7.12566,11.2096,8.54328,3.10968,23.5373,14.6203,-4.392,-825.208,-564.616,-5460,5740,-6300
-1.20001,-2.17216,-5.20908,-9.46863,-8.06573,3.02624,-8.97424,0.237515,2.74146,4.71378,0.775611,-2.44541,-3.67328,-9.23319,-8.5905,-4.23859,-5.368,-824.72,-562.664,-5880,4760,-6300
-8.05411,-19.7968,-9.34987,-28.3133,-24.7743,-7.64964,-28.638,-11.8333,-18.8255,-2.24308,-8.75712,-10.193,-10.2511,-18.6293,-29.1976,-20.7653,-9.76,-824.72,-563.64,-6020,3640,-5880
-16.077,-30.4943,-7.16435,-31.326,-27.9675,-11.6594,-23.9102,-10.1353,-35.3123,-10.9751,-13.9775,-12.532,-16.2112,-14.7966,-28.561,-18.2319,-13.664,-822.28,-559.736,-6720,2380,-5460
-20.7054,-40.3229,-4.99197,-32.0391,-30.0368,-14.881,-16.5496,-4.34505,-43.9342,-18.4701,-18.3785,-16.6709,-21.1513,-11.7557,-21.3846,-14.0247,-18.056,-820.816,-562.176,-7140,1120,-4340
-20.0855,-48.7695,-6.01202,-42.6407,-36.5629,-14.8994,-20.3252,-0.380395,-46.3733,-20.4245,-14.3021,-24.4644,-22.0174,-12.3685,-27.3951,-16.5314,-22.448,-820.328,-560.712,-7280,-140,-3640
-7.31201,-40.3505,-4.92139,-38.732,-34.0276,-12.8242,-18.6902,5.0177,-33.2964,-14.2733,-3.74999,-21.9931,-14.1351,-9.5227,-26.4034,-13.6921,-22.448,-818.864,-562.664,-7140,-2100,-2800
4.57956,-18.5408,-0.795176,-10.0895,-19.0171,-10.0682,-4.12825,9.66104,-14.4734,-7.98147,-0.375862,-12.3256,-1.96166,-0.284199,-3.98072,-4.81877,-24.4,-813.496,-564.616,-7140,-3780,-2100
12.9292,0.241057,2.25577,13.2196,-4.27533,-8.77264,4.39505,9.54289,2.95795,-2.4162,0.273864,-2.07161,6.7082,5.1212,10.0748,0.913416,-22.936,-808.128,-563.64,-6720,-4620,-1540
16.0694,10.9443,4.19462,16.3718,3.97829,-4.57979,0.586902,8.54291,11.9341,3.0542,2.51837,5.69351,9.87518,9.5412,3.31888,2.33582,-23.912,-802.272,-563.64,-6860,-5180,-700
6.47031,6.59476,-1.70932,13.6425,4.12256,-0.713611,4.06629,8.3041,3.33648,3.20181,4.11093,4.98456,5.94516,9.15228,10.7053,6.85176,-21.96,-800.32,-565.104,-7000,-5180,-140
-4.7733,3.93718,-10.8584,21.4,6.13099,-0.40539,11.7026,0.38201,-1.23783,1.73114,1.72965,-0.492759,-5.0309,6.30159,26.3051,9.18054,-20.984,-802.76,-566.568,-7000,-5180,560
-13.2461,-1.30761,-17.7412,22.3039,9.31963,2.41821,14.7879,-6.00894,-4.20257,0.376048,-1.18339,-5.51257,-9.35947,3.98927,26.1464,9.75812,-21.472,-801.784,-568.52,-7000,-5600,1120
-8.63492,-1.10326,-12.6932,10.735,10.5849,3.11592,8.54487,-13.8257,0.876741,9.01827,3.19335,-0.772034,-10.2189,4.41145,8.3108,8.38368,-20.496,-803.736,-567.544,-6440,-6720,2100
6.32951,21.3094,5.53484,24.1382,27.8241,7.89667,17.4358,-11.8787,17.8795,19.2654,5.31274,20.6896,0.825719,16.0779,11.2345,14.2434,-23.424,-801.784,-569.496,-6020,-7840,3360
7.39989,26.8452,19.0892,27.2531,39.6909,19.3,20.7896,-0.121255,12.3639,21.9644,8.55826,29.827,14.6056,23.634,3.33755,17.3044,-21.96,-807.152,-569.008,-5600,-8540,4200
20.2057,37.9441,24.6198,15.8561,32.6439,21.5132,3.56199,6.73664,33.5527,25.1747,14.1673,30.8264,22.3121,18.7507,-24.8629,7.58781,-24.4,-810.568,-573.888,-4620,-9940,5040
35.0641,55.5159,25.0765,19.5099,22.541,16.4083,-1.329,14.8471,56.8111,23.7329,15.9075,34.1287,26.8379,10.9467,-17.6839,1.7202,-25.864,-816.912,-578.768,-4060,-10920,5600
21.1517,32.6211,17.4782,12.9553,13.9963,11.5781,9.95781,22.6408,26.8431,10.962,14.0432,19.4476,22.5995,1.98964,9.26057,6.7574,-20.984,-823.744,-587.064,-2100,-12460,6300
7.34859,5.45378,11.7971,5.63497,10.8247,11.0847,21.2341,28.4351,2.4497,2.26522,10.1726,4.65149,18.2486,-1.42946,23.3238,13.8411,-22.448,-825.696,-594.384,280,-13440,6860
14.709,7.77245,15.3257,2.38534,8.0815,10.8908,17.2314,29.8057,17.5869,7.27792,10.3361,2.80254,17.9063,-2.159,21.8346,9.0912,-20.496,-829.112,-599.752,2240,-14280,7140
11.2687,7.18213,10.7684,-2.93754,-0.306313,5.28467,2.19412,16.1684,16.7922,3.73831,5.54407,-0.84023,7.8912,-6.41808,9.95259,-2.48199,-19.032,-829.112,-598.288,4900,-15260,7980
-3.59526,-3.77463,1.91364,-9.09732,-4.51786,-1.94124,-3.15935,3.60352,-1.00402,-8.99674,-5.21279,-7.68239,-4.22953,-8.29532,5.47334,-4.76864,-25.376,-824.232,-597.8,6580,-15680,8260
-9.89088,-12.6574,-0.301668,-10.5871,-2.305,-0.606824,4.10278,-0.647413,-13.7841,-12.7685,-6.55103,-10.5347,-10.1751,-2.9029,15.6586,0.329043,-25.376,-824.232,-603.168,8120,-15680,8260
-21.4219,-23.9657,-8.3243,-15.1623,-9.86865,-2.25363,4.93332,-7.42419,-26.2839,-19.2567,-9.72084,-20.3381,-16.6847,-5.75423,19.1413,0.219963,-26.352,-821.792,-601.704,9240,-15400,8400
-25.6374,-30.1277,-17.6638,-20.077,-18.8756,-6.90103,-0.174277,-14.4249,-28.6248,-23.731,-12.0421,-29.8354,-20.1519,-14.4286,14.4558,-2.54045,-24.4,-825.696,-601.216,9940,-14980,8540
-11.2039,-17.613,-18.3265,-27.4313,-29.3346,-10.2361,-22.8854,-23.7697,-7.56841,-14.4938,-7.43236,-25.5092,-14.261,-24.4625,-18.3768,-16.98,-25.864,-828.136,-600.728,10920,-14140,7980
-7.39033,-10.6557,-12.6647,-28.5912,-24.8617,-11.5903,-29.8903,-27.182,-12.7791,-11.4983,-12.016,-15.5649,-5.13696,-24.6482,-34.9708,-21.1129,-23.912,-826.184,-602.192,11200,-13720,7980
-7.94824,-5.6908,-1.05044,-10.5104,-2.46313,-7.18081,-15.4677,-26.4679,-32.3809,-6.64254,-10.1338,-1.64816,-0.383546,-9.49124,-23.2465,-10.8433,-22.448,-832.04,-606.096,12180,-12460,7980
-30.0078,-29.5273,-5.84657,-24.7819,-7.67424,-10.1025,-22.6555,-24.2693,-57.506,-17.4982,-18.6274,-11.926,-1.95186,-8.94237,-41.3982,-12.162,-20.496,-836.92,-608.048,13440,-12040,8120
-18.7923,-14.0676,-4.23698,-10.4652,-7.90374,-11.3857,-21.3571,-15.5891,-22.2107,-14.6696,-19.7789,-7.25397,-1.13481,-7.09324,-30.874,-13.5379,-17.568,-839.36,-610.488,14840,-12040,8260
2.06219,14.9834,-2.94811,21.0052,1.76641,-10.584,-9.41534,-8.3378,15.4101,-6.15769,-15.8069,1.77935,-6.97871,-2.93636,-7.61335,-10.1924,-17.08,-840.336,-611.952,16660,-12740,8540
-3.95486,-3.59418,-4.25639,3.79261,0.912069,-1.98993,-7.55821,5.41139,-2.19297,-5.52761,-11.2757,-4.3018,-9.44621,3.84642,-23.1145,-3.28152,-16.592,-841.8,-606.584,17920,-13440,8680
5.04521,-15.9014,-6.88651,-19.9411,-17.6179,-1.09815,-16.3417,13.0758,8.40097,4.66856,3.03582,-8.53533,-9.22096,0.733782,-28.9806,-10.0181,-19.032,-838.384,-602.68,18760,-13860,8960
7.70411,-11.543,-5.45622,-4.34499,-13.8637,-1.08043,2.16648,23.1679,15.7784,5.43021,5.84057,-6.04917,-7.7278,8.25286,7.29961,-3.22911,-16.592,-838.872,-602.192,19600,-13720,8820
21.9552,10.3056,8.01945,30.4907,10.2829,9.94798,33.1682,41.0297,31.6667,14.2548,14.3919,12.356,4.73042,29.3856,47.4909,20.2265,-13.664,-834.48,-598.288,19880,-13720,8820
8.04439,4.10092,-2.2714,25.5825,3.50804,5.31424,23.15,33.6552,11.8639,6.1391,14.1257,4.55904,1.94553,27.5043,34.2151,19.2813,-12.2,-828.136,-598.776,20720,-13020,8960
4.90406,2.39559,-9.55843,13.0631,-6.47571,-3.87759,-0.194495,10.0613,7.21269,2.70173,15.628,2.96962,-1.62209,20.7739,0.576907,5.9536,-9.272,-817.4,-598.288,21420,-12460,9100
13.5074,13.124,-1.4303,22.2862,8.03127,-0.16154,5.75752,-4.10483,12.7217,10.8721,21.1567,19.4315,1.04395,27.9649,7.30835,9.31833,-5.368,-836.92,-547.048,21700,-9240,8960
13.1743,16.9074,2.69255,18.3523,15.4644,2.98141,5.29051,-12.9601,12.7106,14.3651,19.9112,25.7896,5.34751,25.3027,7.96528,10.4649,0.488,-805.688,-586.088,22120,-6020,8960
-2.34125,0.737057,-6.54383,-1.14821,4.95151,-4.23152,0.302883,-26.6033,-4.25499,6.54683,9.69392,15.8202,-6.21865,4.27659,6.66514,9.02224,6.832,-767.136,-566.08,21280,-1540,8680
-18.8728,-15.8515,-6.15752,-4.56266,8.3552,-1.58708,16.3307,-24.1147,-27.2083,0.655348,0.848911,6.93737,-5.02219,-8.48746,25.8881,16.0685,0,-762.744,-581.208,18340,4200,8120
-16.6015,-17.4358,-3.38811,-9.39928,9.12922,1.73312,14.2708,-24.8951,-19.6883,3.27343,-1.23784,3.0104,-3.2753,-20.6367,21.0077,11.4689,-4.392,-788.12,-569.496,15960,6160,7980
-4.3638,3.27011,1.03319,1.31478,12.6884,-2.1686,5.27727,-32.785,3.64724,7.76678,-0.72469,4.95251,-6.00059,-26.9775,11.4672,-3.15888,-12.688,-823.744,-573.4,15400,2240,7980
5.5603,13.3266,7.22636,4.96853,17.2604,2.54921,7.46104,-21.8426,18.2399,11.2871,-0.273569,4.34778,2.32502,-17.9624,7.85451,-5.93532,-12.2,-843.264,-605.608,17080,-4760,8820
7.1739,14.8988,4.31422,0.175463,7.3309,4.0322,5.37298,-8.27889,25.3652,6.90541,-4.40024,-1.3278,7.94465,-17.5803,11.2208,-5.52416,-5.856,-827.16,-564.128,19460,-7420,9240
22.4535,35.9789,12.2221,13.3621,8.33711,10.3307,4.47825,7.73091,42.5176,11.9991,-2.61597,6.80709,18.107,-11.5791,6.01662,-1.86937,-7.32,-810.08,-575.84,20580,-3780,8680
17.3534,18.9567,16.7919,-18.9942,-5.83025,10.4728,-22.7831,14.7513,16.1865,11.376,-0.524845,2.07907,20.9333,-11.3625,-48.7443,-12.3856,-7.808,-804.224,-570.96,19180,2240,7560
-6.24259,-12.2153,11.747,-41.2317,-19.2316,3.64428,-26.6343,22.7592,-27.3952,-3.0141,-3.37911,-10.5959,14.1895,-11.9725,-50.191,-13.7054,-8.784,-800.808,-581.208,17360,7700,6440
-24.4052,-24.1576,-0.577998,-33.3272,-24.9782,-9.25208,-16.2188,23.6769,-39.7241,-22.003,-14.1445,-21.6011,-0.326789,-12.8943,-16.4355,-13.3491,-13.664,-808.616,-578.28,16660,8960,5600
-4.38376,0.0553335,-2.17816,-3.51305,-15.3838,-14.7958,-6.18358,15.8075,-1.70353,-15.9546,-12.7257,-13.3914,-5.92206,-7.0047,7.15144,-14.2675,-14.152,-810.568,-582.184,17500,7840,5180
13.4217,24.0605,4.59547,14.9216,1.67184,-10.4655,-1.69628,10.7348,20.4909,-4.39078,-6.91582,4.05994,-2.64598,11.2161,-2.09626,-7.1168,-15.128,-809.592,-577.792,18480,6720,4900
7.97999,14.4021,4.40061,1.97245,-5.43426,-12.162,-10.7432,4.50948,3.46164,-6.89672,-7.3067,2.73996,-1.41771,13.8464,-16.2553,-6.10477,-18.544,-804.224,-576.816,19320,6300,4760
0.478177,5.89201,11.9348,16.4659,9.12254,-1.95521,11.966,11.8225,-22.1386,-6.46831,-2.45144,5.27352,0.494767,24.7448,13.3058,15.8401,-21.96,-804.224,-573.888,19460,7000,4340
-19.2841,-32.3485,4.19154,-11.5404,-3.02446,0.301771,0.0727446,10.3111,-50.7212,-15.7743,-3.50786,-12.9291,-3.88796,15.4141,-8.87748,8.69635,-23.424,-800.32,-579.744,20020,8260,3920
-5.5637,-24.4168,-3.90902,-7.56411,-10.1041,-0.0437881,-0.404406,3.62058,-14.0515,-14.7514,-3.27903,-15.8093,-9.19639,2.57088,-3.259,1.48248,-18.056,-804.712,-578.28,20720,9100,3780
11.4996,1.48452,-2.84133,13.8378,-3.20444,3.49626,1.30408,-2.69264,13.3156,-4.32329,0.710739,-4.19745,-3.42242,-2.67586,4.06827,-4.54883,-15.616,-803.248,-579.256,22120,8540,3780
13.3991,7.41589,-2.34742,18.643,3.05981,9.71561,2.25899,-2.69559,19.3714,1.47842,2.06765,2.2421,6.08076,-1.26658,8.50434,-7.75665,-17.08,-803.248,-573.888,22680,7980,4060
9.08535,20.4564,-0.589694,34.5778,19.149,18.1734,14.1994,4.44713,15.851,0.861213,1.69785,10.2471,11.0997,9.22688,16.7983,4.36028,-14.152,-802.272,-574.376,23520,7140,4340
-19.0009,-20.5994,-12.1046,0.616403,7.25881,18.7252,9.50294,9.74436,-27.4445,-10.5042,-3.30942,-10.3796,3.95821,4.05684,1.94182,10.4916,-13.176,-804.712,-569.008,23940,6440,4620
-11.3972,-27.4162,-12.4688,-13.7523,1.46727,16.1734,4.94492,8.48362,-8.33217,1.14237,4.79715,-12.0593,1.97506,-1.47595,-0.489445,10.2134,-14.152,-807.64,-570.96,23940,5740,5040
3.649,-1.79345,-5.36062,7.98556,10.3802,15.9223,8.09793,5.41136,23.2814,14.6399,7.0845,2.96231,1.33642,2.23031,5.75595,11.6316,-16.104,-811.056,-568.52,24500,5740,5740
17.8234,17.9421,5.02192,17.383,19.2144,15.1062,13.5992,2.88221,40.8776,26.9626,6.55221,20.6785,3.23548,6.93809,12.2058,14.9011,-15.128,-814.96,-562.176,24780,6020,6300
9.16012,7.19411,9.5142,20.0375,21.9389,12.3714,21.4824,2.3146,16.1831,25.6229,6.64647,21.0462,1.405,7.26405,30.1471,18.9019,-16.104,-813.008,-561.2,25060,7420,6860
-13.4501,-15.2602,1.28805,6.76534,4.45577,-2.51238,12.9164,-2.74421,-10.9264,6.14804,-0.460371,4.77386,-10.3866,-2.48835,21.2725,10.1899,-10.736,-813.008,-559.248,24780,8680,7000
-15.4158,-17.0581,-5.37616,-16.6154,-14.0631,-15.1024,-9.55175,-12.7634,-14.3329,0.113157,0.798165,-4.70006,-16.0869,-9.36197,-10.3014,-5.45363,-13.664,-810.08,-565.104,24780,9380,7000
-3.00707,7.54804,-7.57131,-3.46617,-11.178,-18.4369,-16.1138,-18.4089,-1.42048,1.96897,5.98803,0.916968,-14.7948,-8.79651,-14.7815,-11.1385,-14.152,-811.056,-559.248,24500,9800,7000
6.11744,20.1849,-1.79868,-6.12847,-3.77932,-16.653,-18.6454,-18.9029,1.4158,6.08023,9.62536,10.6263,-9.40115,1.67976,-29.4961,-11.8293,-13.664,-809.592,-563.64,24640,9660,7280
-14.1965,-6.92366,-7.51515,-21.7747,-8.18231,-16.1446,-9.96923,-15.5957,-29.6539,-4.77255,5.95905,-5.81202,-7.35461,5.20049,-13.7781,-6.05248,-15.616,-813.496,-560.712,24920,9520,7420
-21.654,-21.4843,-17.6854,-24.8835,-17.6014,-19.8918,-1.95898,-14.6665,-28.2722,-14.2574,-0.743811,-19.385,-7.03374,-5.47176,12.8644,-5.47787,-19.032,-812.52,-565.592,25340,9800,7280
-2.60781,-4.61564,-13.7981,-18.0338,-20.627,-21.9294,-6.52395,-18.9618,9.46619,-6.75988,-3.17725,-13.9769,-4.50421,-12.1281,14.6999,-12.1931,-21.96,-813.008,-564.616,25480,10360,7000
15.254,19.305,-3.43197,-12.5133,-18.4693,-20.7721,-20.7061,-25.7466,35.8057,0.731481,-2.11305,-2.26578,-0.402778,-14.4662,-10.2422,-23.5626,-22.936,-814.472,-559.248,25480,11900,6300
20.4399,32.629,8.51406,0.862557,-5.47928,-9.58002,-11.0704,-17.549,40.3091,4.28192,1.18865,9.87683,8.9472,-4.86676,-3.82352,-13.9533,-22.936,-814.472,-560.224,25480,13440,6160
21.1555,34.8141,17.5071,18.2936,7.70717,1.97498,2.81918,-4.90007,31.5652,7.21795,8.17898,16.6393,16.3851,7.41396,7.99108,-0.335116,-27.816,-813.496,-557.784,25620,14840,5600
4.09918,3.52711,10.6936,-3.64638,-0.0192638,3.78049,-2.43297,2.42806,-0.15498,-1.67674,6.72634,3.20332,13.4028,3.05687,-6.78463,1.12159,-28.304,-813.984,-554.368,25060,15540,5180
-21.7846,-37.7769,-2.47033,-27.1805,-10.8323,0.206617,-5.68034,7.09648,-46.7277,-16.2538,0.537671,-18.2348,7.91821,-5.02898,-7.65409,1.66964,-28.792,-814.96,-553.88,24360,15260,5040
-28.5313,-32.2095,-4.37464,-5.1892,5.23828,5.21476,9.46377,19.4979,-50.3337,-24.4298,-8.88358,-16.0114,8.69222,-1.14954,4.34391,13.406,-32.696,-821.304,-554.368,24220,14840,4900
-11.7662,-9.8973,-2.1167,-8.61534,4.99266,8.21517,-8.94635,18.3895,-12.7278,-14.0217,-7.25307,-7.07662,6.52833,-8.30401,-36.0528,1.20049,-26.352,-826.672,-557.296,23660,14140,4620
1.44063,-11.4281,1.70506,-26.3171,-0.597652,9.63556,-20.7376,14.4974,-4.77804,-0.756323,-2.54338,-1.34072,1.171,-8.40128,-55.3775,-7.45467,-23.912,-826.184,-559.248,24220,12600,4760
1.36982,-1.94054,8.67132,13.0907,17.7426,16.6923,13.1783,27.6395,-16.3534,1.68906,-4.4601,8.30732,4.69845,6.18411,10.6292,11.4853,-23.912,-829.6,-556.808,25200,11200,5320
-8.73335,-4.10001,7.46233,32.2111,25.7998,21.1292,29.4242,35.67,-36.1571,-2.46131,-7.52956,7.66215,3.38027,15.903,37.2268,22.8104,-21.472,-826.672,-556.808,25620,10360,5600
17.2849,19.107,5.70295,40.4229,18.4814,17.8023,22.7218,26.2088,20.0431,6.57183,-2.00341,13.3784,1.29411,7.5965,35.0105,14.1015,-23.424,-825.696,-556.808,25900,10220,6020
36.4179,41.9504,10.4845,42.1017,13.9993,11.4616,8.05206,8.54284,57.2726,14.1796,-0.994949,22.3433,-3.0616,0.219235,17.3518,0.131724,-22.448,-823.256,-550.952,26180,10080,6160
23.3287,20.2638,7.42806,9.90575,0.361167,3.7782,-2.94086,-3.96404,39.5936,8.25069,-5.2517,8.96455,-13.1161,-2.22808,-4.33638,-6.96708,-25.376,-828.136,-549.488,26320,10080,6160
10.1285,2.44007,3.42374,-2.82271,-8.89875,3.33157,-0.362792,-6.07689,25.9832,4.15543,-5.12818,-3.15267,-11.7172,-2.42458,0.694292,-6.523,-25.864,-826.184,-550.464,25900,9660,6300
9.61652,-1.46111,-1.93968,-10.129,-16.7812,-2.77708,-6.78206,-13.8199,23.8966,3.38596,-4.80165,-8.51722,-12.8167,-4.80183,-3.76822,-8.86637,-29.768,-829.112,-545.096,26040,9100,6160
10.0772,-0.352316,-0.173419,-4.28684,-11.6231,-3.20318,-0.977903,-15.6601,16.9212,4.67931,-0.964542,-6.44409,-9.44036,-0.632571,6.71537,-6.04945,-30.256,-827.16,-540.704,26040,8540,6440
2.21802,4.81885,3.70085,19.0485,4.40762,0.0526584,15.3233,-8.39448,0.987264,0.428005,-0.891164,3.41645,-0.677044,11.6871,25.689,5.46441,-31.232,-824.232,-540.704,26180,7980,6440
1.79672,6.33575,-0.569857,13.8481,2.76426,-6.74089,11.7791,-13.7462,-2.41551,1.49121,-0.423147,6.32593,-3.42873,16.5045,17.4337,6.27024,-28.792,-822.768,-542.168,26180,7980,6440
-10.0177,-3.49565,-4.6563,8.48532,1.94941,-8.41769,12.4342,-12.9912,-20.3702,0.73933,-2.02733,1.92234,-0.726106,17.539,20.7581,6.2952,-27.328,-817.4,-544.608,25900,7980,6440
-20.4364,-23.6817,-9.72268,-10.9923,-5.30619,-7.74618,0.356386,-8.23983,-35.6452,-0.963156,1.90694,-9.66583,2.21781,13.3108,-0.337488,3.13111,-27.816,-815.936,-546.56,25900,8260,6440
-8.73655,-10.9922,-4.72648,-8.34959,-0.0295695,-5.29678,-7.32427,-2.79987,-22.5538,5.98192,5.94384,-1.20624,8.33519,9.61032,-20.3001,1.93923,-28.304,-813.008,-548.024,25900,9100,6580
-18.0521,-14.9089,-2.20906,-14.3553,3.58505,-3.10169,-8.86309,3.26024,-41.5274,0.301073,2.99563,0.0583421,10.6485,4.13362,-30.7541,1.75324,-25.864,-815.448,-547.048,25620,9940,6440
-37.2536,-26.7226,-4.71424,-18.6677,1.89146,-1.74925,-0.329889,8.88409,-55.3112,-13.9477,-1.83181,-7.04302,9.47585,-0.456768,-13.6719,6.59462,-28.304,-815.936,-546.072,25620,11340,6300
-19.6851,-9.63277,-2.05068,-11.2413,0.13902,-0.697412,-3.0195,4.19525,-18.088,-7.4835,5.68855,-2.41306,10.5848,-8.1345,-4.96128,1.16379,-28.304,-814.96,-546.56,25340,12040,6160
2.65136,3.58367,0.32647,-18.067,-2.05937,-0.0417111,-14.0772,-4.4596,16.8718,5.17617,11.7392,2.14882,8.96783,-15.5237,-19.0812,-7.23964,-23.424,-815.448,-547.048,25760,12320,6160
14.5165,10.9728,-5.52559,-17.5889,-9.02397,-3.73396,-17.5371,-11.6338,41.0958,7.65742,7.85365,-1.63612,3.01086,-27.2685,-14.6202,-13.2188,-23.424,-817.4,-543.632,25900,12600,6160
-10.2234,-19.0739,-20.4137,-38.045,-25.0662,-11.3769,-26.2882,-15.7402,8.97157,-8.92541,-6.53918,-22.2979,-8.99078,-37.4271,-24.102,-20.597,-27.328,-814.472,-546.56,26040,12740,6440
-13.9319,-15.9386,-18.6564,-21.2148,-19.396,-11.073,-13.97,-10.679,1.53509,-11.9462,-10.4496,-22.3289,-11.7891,-29.7582,-5.83914,-18.072,-28.792,-815.448,-542.656,25480,13020,6300
2.55992,4.8915,-2.73331,2.66266,-2.80822,-3.60618,-0.902753,-2.82164,14.3331,-1.52092,-6.37725,-3.72641,-7.09898,-12.2656,7.23407,-10.3678,-31.232,-816.424,-539.728,25480,12600,6580
11.2392,13.6508,4.01746,11.9709,1.16127,-0.708968,0.620587,3.39766,22.7322,2.11199,-5.44819,5.46969,-3.36819,-4.86041,11.8982,-5.48135,-34.648,-813.984,-539.24,24920,12320,6440
12.097,9.55293,3.79979,5.86464,-0.335148,1.29652,-7.8963,5.56997,13.6075,4.70928,-1.77147,4.59374,-2.69407,-2.26611,-4.6242,-6.11971,-36.112,-813.984,-538.752,24500,12600,6300
2.77637,-1.03613,4.87166,-1.28724,3.30805,4.06104,-5.3975,10.532,-8.38947,0.0676293,0.187063,1.46984,-3.22694,5.29736,-13.543,0.306858,-34.648,-814.472,-536.8,23940,12600,6300
0.821894,6.46554,10.7831,15.5581,14.1861,7.94426,12.9391,19.6055,-10.5382,-4.43146,0.141411,4.1404,-4.20236,16.0546,6.0859,14.9927,-38.552,-815.448,-538.264,23800,12320,6160
14.9687,25.0855,16.5167,30.6962,20.3053,8.862,19.8666,21.2535,9.88411,1.26128,4.18609,10.7469,-3.90492,21.6362,18.6057,18.2337,-32.696,-816.424,-537.288,23380,12040,6020
12.4766,18.1236,14.5781,27.7474,17.9163,8.98967,21.5027,21.3317,2.89027,2.25812,8.94336,7.77129,-0.993391,21.8861,27.0398,18.1819,-33.184,-814.472,-542.168,23100,11760,6020
0.665091,-1.8094,3.86684,5.21138,2.77046,0.491077,2.41434,7.77066,-9.51229,-0.28682,10.4236,-1.36813,-3.1626,11.1733,3.69712,8.06522,-28.304,-814.472,-543.144,22820,11620,6160
2.92286,-6.33177,0.906758,-6.7734,-4.6696,-0.824004,-1.98634,-0.669222,-2.6128,3.18266,11.0759,-2.97829,-0.548244,9.03906,-3.71512,6.99964,-28.304,-817.4,-544.608,22960,11620,6160
1.24685,-6.53794,2.53423,-4.81377,-2.95592,4.60898,5.50399,2.76784,-3.39932,3.30068,6.44104,0.561197,6.20288,14.5014,4.72664,12.5869,-31.232,-817.888,-544.12,22540,11900,6160
13.4765,6.86475,3.96195,3.43216,0.109195,5.27839,6.65532,-4.06679,13.9354,11.965,7.45935,9.79679,8.56523,13.3953,8.30001,11.1832,-26.84,-817.888,-539.24,22120,11900,6440
28.6856,25.5558,10.6353,20.5176,13.7817,7.66132,19.91,-10.1146,29.1135,22.8545,5.02399,23.0624,7.45963,18.6349,23.2913,15.3678,-25.864,-821.304,-535.336,21140,11760,6440
25.1435,27.1941,8.4793,25.0472,16.1075,7.17648,21.6455,-11.8652,26.9777,16.8646,4.15466,19.7562,6.25475,16.6001,27.2709,10.996,-24.888,-822.28,-536.8,20300,12040,6440
-9.64805,-3.34292,-8.62537,4.59949,-3.37552,-1.57979,1.24951,-15.3265,-4.78804,-6.09217,-2.73603,-4.7372,1.17173,-2.69185,8.0722,-6.28456,-20.984,-823.256,-536.8,19600,12180,6440
-27.2291,-27.1011,-20.4205,-22.4429,-26.343,-8.54312,-27.1686,-17.622,-21.3599,-15.2593,-3.84213,-24.5589,-7.50285,-22.1946,-25.8783,-27.3998,-23.424,-824.72,-538.264,18340,13160,6440
-18.02,-20.2406,-15.5897,-21.4031,-21.7002,-5.10226,-26.0937,-8.27037,-13.0038,-17.3742,-17.132,-16.3393,-5.91933,-18.9214,-27.4058,-22.145,-22.448,-822.768,-538.264,17640,14140,6440
2.54183,14.3088,-0.762381,15.5715,11.6851,-2.00412,11.8028,3.94896,12.3971,-12.5355,-28.4339,11.5671,-4.56423,3.70318,14.065,7.02713,-25.864,-823.256,-539.24,16520,14560,6300
-6.83671,15.5781,3.9268,26.7508,26.7045,-6.61582,27.8705,-3.51812,4.94779,-5.95286,-10.0198,17.8667,0.0415499,11.0297,23.8203,13.9457,-25.864,-820.816,-538.264,14980,15400,6020
-16.6049,-4.11709,-0.787876,8.44971,14.7045,-15.5774,13.1299,-20.9416,-12.9783,0.857859,2.61949,7.45916,1.61672,-3.92372,4.76574,-6.82703,-28.304,-823.744,-541.68,14140,16100,5880
-6.87998,-5.01075,0.314103,2.16494,7.33381,-9.5438,5.99609,-9.50158,-10.2818,6.56909,1.47162,5.07618,2.33991,-9.7706,2.81673,-13.2281,-30.744,-820.328,-542.168,12600,16940,5320
1.44776,1.50983,4.76271,1.96179,2.22188,5.2133,-4.03891,8.77559,0.328438,7.35548,0.958031,7.6666,5.79871,-8.08922,-1.60364,-10.0461,-32.696,-822.28,-543.632,11760,17360,4900
-1.33561,-10.0423,-0.67096,-17.2821,-13.5486,8.46991,-20.9162,11.1838,-5.33386,1.71037,4.05195,-2.35074,5.56633,-14.5137,-19.2563,-13.1359,-34.648,-822.768,-546.56,10500,18480,4060
-9.03291,-25.7393,-10.9277,-35.2341,-26.0877,3.40742,-26.7854,2.46898,-14.3403,-7.17732,6.25386,-15.6694,1.05935,-21.0845,-27.8637,-15.9994,-31.72,-822.768,-545.096,9240,19600,3500
-7.38852,-24.0041,-6.63846,-31.9184,-19.6364,3.91914,-17.7474,-1.368,-12.8383,-7.21187,7.23911,-14.9708,1.86502,-19.1412,-21.9196,-12.1647,-35.136,-821.792,-540.216,8120,20020,2940
-10.1565,-28.234,-6.29271,-34.762,-20.6439,2.19365,-21.3646,-4.46877,-20.3931,-6.61844,6.54281,-19.4022,-0.782118,-20.3093,-25.9032,-15.4667,-36.6,-823.744,-537.288,6440,20440,2520
0.204674,-12.931,-0.404726,-17.7895,-9.67086,2.64502,-11.4681,5.36518,-11.6041,-0.281496,3.91706,-9.29953,1.29771,-9.25557,-12.6523,-5.44654,-37.088,-826.184,-534.848,5460,21000,1960
13.6407,6.23124,7.76663,-3.49301,-0.807634,1.30872,-9.32755,13.6036,6.77432,5.74078,4.21983,3.04993,6.44775,0.414926,-7.49592,3.19967,-39.04,-827.648,-535.824,3920,20580,1680
20.578,21.7028,12.8739,12.0949,9.40634,2.35905,1.00244,14.5471,18.6002,8.15025,7.48955,9.47089,3.66261,9.75131,3.06796,14.9899,-39.04,-826.184,-536.312,2800,20160,1260
6.23034,16.6182,7.88375,18.1021,10.0846,0.79494,6.61639,12.0274,3.82161,-1.85215,-2.18466,3.98202,1.63445,10.3782,9.03278,17.4686,-40.504,-824.72,-535.336,2240,20300,980
0.837432,8.76606,4.31818,11.4317,6.54084,-1.85416,5.20513,8.46834,-1.57639,-1.54603,-6.34441,-3.39236,-1.80657,9.90103,0.879905,13.7515,-41.48,-820.816,-534.36,1260,19880,700
5.99474,5.48999,11.3461,7.05804,14.533,4.27887,14.5335,16.9327,-2.19142,7.64282,-4.03368,1.44423,6.25884,18.5728,0.789762,21.3476,-39.528,-815.936,-532.408,140,18760,140
-1.98214,-2.38206,7.13304,4.13036,11.7969,1.40121,20.8525,16.0777,-9.69901,-0.0978482,-12.4227,-1.36635,3.43082,17.3334,11.5045,23.1652,-39.528,-815.936,-533.384,-1120,17780,0
-6.0294,3.07331,-0.0510571,12.5293,6.77594,-7.01028,22.837,7.04645,-4.63547,-7.6951,-14.1064,-5.27354,-5.42035,10.1411,22.7297,18.1724,-44.896,-815.936,-533.872,-2520,16800,-560
-4.11452,2.19259,-5.44962,4.24804,-6.31924,-11.4477,0.675172,-7.82611,0.787202,-6.21276,-4.86986,-10.4372,-8.53708,-3.75739,7.79779,-2.86146,-44.408,-811.544,-539.24,-3220,16240,-700
0.384507,11.1767,-5.06975,12.4382,-3.24937,-6.99383,1.2865,-10.9666,11.1522,-4.16791,-1.71847,-4.22861,-9.64191,-3.52489,15.3493,-4.67332,-44.896,-811.056,-537.288,-4200,16660,-1260
4.05616,14.0172,-2.99876,14.4705,-2.3998,0.763388,0.816778,-6.16341,15.6694,-1.65351,1.75844,2.46342,-6.81199,-1.82302,13.3887,-4.0214,-45.384,-806.664,-539.24,-4620,17080,-1680
1.09477,3.84752,-1.7821,2.16322,-1.96964,8.01533,-4.32475,-2.68812,8.10781,-1.16858,3.57989,4.82546,-6.7254,-0.233923,-4.30851,-4.54641,-40.504,-811.056,-535.336,-5600,17640,-2240
-3.17525,-6.14783,-4.36657,-6.36217,-1.41886,12.1757,-4.36882,-0.282972,1.01528,-1.29331,3.92523,3.47595,-6.24774,0.766891,-8.53148,-4.62252,-41.48,-810.568,-540.216,-6440,17640,-2940
-2.65356,-3.52056,-2.1057,2.33153,3.92288,12.305,6.98229,3.33792,1.54077,-0.262854,0.436869,6.62003,-1.20293,4.2896,7.24105,0.0427976,-36.6,-813.008,-538.752,-7000,17500,-3220
5.15309,0.198847,0.795188,3.3974,4.79986,9.02686,6.61308,0.878989,6.43205,6.80752,0.663224,8.87105,0.50982,4.38427,5.22427,-1.51568,-35.624,-810.568,-537.288,-7560,16800,-3640
11.2795,2.84344,2.10118,-0.412237,2.49555,7.13757,-2.48074,-0.955112,11.2497,15.6539,6.04568,10.5072,2.88796,4.67817,-6.52012,-6.83997,-34.648,-813.496,-540.704,-8400,15960,-4340
9.73352,3.59608,-0.416529,2.15066,2.0815,2.73108,-2.80385,-3.12153,12.433,17.1971,8.69169,10.062,4.78969,4.73717,-3.67331,-7.89931,-32.208,-813.496,-539.24,-8820,14700,-4760
-2.42396,-15.1331,-9.63322,-16.5733,-12.7469,-5.38541,-13.4631,-8.40078,0.104225,8.89081,5.7829,-7.28295,0.929609,-4.96016,-14.8877,-15.8154,-31.232,-813.008,-541.192,-9100,13300,-4900
-8.25983,-17.5073,-14.2073,-22.3465,-18.4099,-12.1595,-17.7108,-14.5751,0.0838801,0.368829,-0.330742,-13.9607,-6.17928,-8.68858,-19.1857,-19.0666,-26.352,-813.008,-542.168,-9520,12180,-5180
-7.80989,-7.17081,-14.2525,-9.39203,-15.9579,-16.6953,-10.8787,-19.4067,4.32617,-2.76318,-1.21437,-8.77388,-8.54637,-7.33615,-6.07596,-17.4758,-25.376,-815.448,-541.192,-9940,11620,-5460
-9.3002,-0.633845,-9.53553,3.08799,-9.61605,-16.5741,-1.92296,-19.9532,-1.04616,-5.23258,-1.725,-3.78904,-7.88222,-2.44226,8.06419,-9.81158,-21.96,-814.96,-544.608,-9940,11200,-5460
-8.68947,5.07159,-1.84454,9.80421,1.48711,-12.5962,6.25436,-16.607,-5.81031,-5.96853,-5.62898,1.26021,-5.60774,5.651,13.7966,2.17243,-15.128,-813.984,-542.656,-9940,10220,-5740
-11.2117,3.26955,2.01856,9.01453,7.25106,-8.60067,10.1868,-16.1303,-14.0399,-6.79088,-6.71749,2.60607,-4.16938,10.8023,14.5903,11.3974,-13.664,-816.912,-542.656,-10640,9380,-5740
-13.2319,3.35008,4.89901,13.523,13.7765,-3.46921,16.6192,-12.8446,-16.6061,-10.4305,-2.81705,6.07114,1.38341,14.3443,22.2393,20.298,-10.248,-817.888,-540.704,-11200,8540,-5740
-4.80414,7.17482,5.02089,8.15079,12.7858,-2.40896,11.3733,-11.41,-4.8909,-9.53951,3.80377,6.68042,4.33119,11.6069,11.4144,19.0841,-7.32,-819.84,-539.728,-11620,6860,-5740
-1.31057,-4.15342,0.931859,-14.9124,-2.41602,-4.94518,-10.0078,-14.5553,-2.112,-6.0674,5.28497,-2.38133,5.95895,-2.5375,-18.5684,4.89995,-1.464,-822.28,-540.704,-12180,5880,-5600
-9.65885,-15.8385,-1.74531,-20.3697,-5.12563,1.42435,-10.0919,-4.87163,-14.2202,-10.1525,-3.66967,-9.31958,8.90438,-6.75469,-23.5134,2.59813,0.976,-822.768,-545.096,-12600,5180,-5320
-5.66655,-11.1406,-2.07637,-10.3085,-5.58891,2.56132,-9.06428,-2.80884,-12.6523,-7.59361,-3.67795,-10.6995,4.46866,-11.1422,-13.4393,-5.44945,7.32,-823.256,-546.56,-12740,4760,-5180
13.8727,10.6723,5.13773,5.8579,4.89221,2.16052,-6.12412,4.41193,10.3067,6.14937,1.91997,1.80346,12.144,-8.70512,-4.32677,-7.16552,5.856,-828.624,-555.832,-12320,4900,-4900
20.7717,16.1487,8.38508,8.71065,13.7384,4.00658,1.8214,14.0065,16.3857,11.2781,4.64571,7.52505,11.4991,-5.13491,1.47236,-0.695253,7.32,-830.088,-557.784,-12320,4620,-4480
13.2228,8.9484,9.44005,3.46969,12.0435,7.2398,6.82894,21.9943,10.3012,7.37255,6.09749,5.35983,9.38653,-6.7875,3.98455,3.28118,3.416,-834.968,-560.224,-11620,4620,-4340
22.9628,22.3274,16.7003,13.4574,16.6046,13.0142,12.0539,30.1693,24.3575,15.2141,10.8828,12.4752,11.2741,-3.6326,10.2166,7.71232,2.928,-835.944,-560.712,-11480,4620,-4060
26.1158,20.9191,20.0618,11.6264,11.1341,14.7908,4.12977,31.505,23.1639,19.8349,13.7853,13.3575,13.8199,-6.15143,5.429,1.31998,2.44,-840.824,-556.808,-11480,4060,-4200
16.3181,10.6044,19.0682,8.55773,11.4938,17.874,5.41166,33.0023,5.23949,14.2534,9.38972,14.1635,13.3307,-3.90363,6.84977,2.44178,-2.44,-845.704,-559.248,-11760,3640,-4200
7.22805,0.903981,11.7027,1.02832,7.4155,15.1197,2.89115,25.2255,-8.12055,4.3499,0.675908,7.06407,1.80365,-5.34237,0.591103,0.768557,-5.368,-845.216,-557.784,-11900,3080,-4340
-3.66649,-10.3493,1.9138,-10.5125,-2.16334,8.61085,-4.73553,16.0584,-16.8654,-7.4553,-7.73347,-5.85095,-3.60863,-10.3274,-9.32511,-2.8621,-8.784,-849.608,-554.368,-11900,2380,-4060
-15.3682,-19.9953,-5.22559,-14.1484,-9.21273,2.34003,-7.34379,10.4724,-25.6438,-16.3969,-12.7631,-15.9179,-7.7015,-10.6465,-11.8113,-2.20148,-8.784,-852.536,-559.248,-11760,980,-4200
-19.659,-26.3923,-12.0787,-21.611,-19.7655,-3.85915,-13.9814,4.57997,-28.2159,-20.238,-11.4915,-21.488,-13.6201,-12.0465,-23.2561,-6.81023,-11.224,-854.488,-559.248,-11200,-840,-3920
-17.8246,-24.7112,-13.3075,-20.6699,-20.99,-4.79162,-10.4602,3.96801,-25.7614,-18.3865,-7.56856,-18.0714,-13.1275,-8.82727,-17.0745,-6.44682,-13.176,-854,-560.712,-10640,-1540,-3640
-10.4091,-16.6197,-11.7887,-15.8537,-15.711,-2.67429,-4.83136,5.92993,-14.2205,-11.645,-4.25075,-10.5764,-11.6543,-0.607,-9.38419,-2.73705,-15.128,-854,-562.176,-9940,-2660,-3220
-4.94316,-2.00227,-8.46139,-2.13532,-6.48794,-3.53768,4.75636,4.75124,-3.35279,-5.90769,-2.87952,-0.817413,-9.41213,6.13606,4.6474,1.24425,-15.128,-849.12,-560.712,-9380,-3220,-2940
-3.40712,11.2721,-3.31641,18.2885,7.13261,0.0267179,19.4437,6.00125,-1.14947,-4.82989,-5.72979,7.564,-5.29228,17.1151,25.4291,11.3427,-17.568,-845.704,-560.712,-8820,-4200,-2520
-0.501787,17.2213,-2.40557,31.0351,11.9633,4.32951,22.0965,6.92066,2.72763,-3.29311,-6.54657,11.4363,-4.04254,22.1712,34.2259,15.4749,-16.592,-842.288,-559.736,-9100,-5180,-2100
5.44103,17.465,-3.7489,29.01,9.02853,4.53942,16.3693,3.33143,12.1328,3.20871,-3.81858,12.1947,-3.76502,21.7118,30.1673,12.2402,-14.152,-839.36,-561.2,-8820,-5740,-1960
11.9264,14.4208,-5.42896,18.0265,3.4955,1.73972,7.68935,-4.81551,24.7926,11.5616,-0.430417,10.933,-4.36595,18.4753,17.9819,7.63722,-15.128,-837.408,-561.688,-8400,-6020,-1680
6.66264,2.66107,-6.94604,3.28047,-4.7514,-3.96422,-2.37906,-18.1693,22.0589,13.5772,3.16863,4.4675,-4.76843,11.862,2.75767,1.19083,-15.128,-836.432,-561.2,-8120,-6160,-1400
1.97233,-3.68791,-5.76467,-0.145456,-10.4601,-7.75162,-9.74029,-27.7982,18.5786,14.1491,8.63167,0.952437,-4.52327,7.85352,-4.60288,-4.10466,-14.64,-835.944,-560.224,-7560,-6020,-1120
0.299436,-3.88389,-3.66572,1.36284,-12.2058,-12.5428,-16.9061,-35.6351,17.3733,13.8442,9.17104,-0.0326098,-2.28289,4.14867,-12.0596,-11.3449,-13.664,-835.456,-565.592,-6720,-6160,-840
-0.180944,-4.09051,-2.111,-0.694168,-8.33672,-14.7808,-15.4088,-38.7245,14.9165,10.5619,5.937,-0.513415,0.381455,1.03785,-14.0984,-12.2865,-10.736,-833.016,-565.104,-5880,-6020,-700
-6.6634,-11.4493,-2.6866,-6.44597,-5.0239,-11.6798,-7.79166,-34.6813,5.54005,3.04804,2.18668,-2.71657,1.00714,-2.10143,-8.74236,-7.27634,-14.152,-835.456,-567.544,-4900,-5740,-280
-17.7743,-28.5116,-6.02836,-24.3088,-12.428,-12.4743,-10.9303,-31.3738,-14.3486,-6.14356,-1.25587,-14.2032,1.93458,-11.7523,-15.5335,-10.7084,-14.152,-833.504,-564.128,-4620,-5460,-420
-9.36061,-20.6392,0.400529,-24.7781,-12.5756,-14.0101,-13.1723,-29.3325,-7.48438,-0.619886,1.39626,-13.3151,1.45347,-11.7494,-22.114,-14.1069,-13.664,-837.408,-560.224,-3920,-6020,-140
11.849,12.769,15.6975,0.161639,3.94666,-10.3301,-5.27502,-23.182,20.3355,10.618,5.50289,5.51165,4.65669,-1.03722,-12.271,-11.3505,-15.616,-836.92,-562.176,-3920,-6300,-280
9.81157,26.1565,17.5922,21.0406,17.6433,-7.37921,9.45442,-13.999,15.4119,3.42501,1.82876,12.251,4.27033,2.06884,12.3518,-5.90048,-16.104,-836.432,-558.76,-3640,-7000,-140
-10.7449,6.96694,9.09866,11.7622,19.1257,-3.30562,17.2406,-4.42506,-19.8702,-10.7861,-8.07532,1.11664,-2.77891,2.05824,17.5264,2.49802,-16.104,-836.92,-563.152,-3220,-7560,-280
-14.07,-9.36319,0.461945,-13.5851,1.30655,-2.4861,-1.23388,-0.764661,-25.526,-11.5594,-3.42607,-13.1503,-3.90075,-9.29168,-4.73603,-6.17005,-15.616,-838.384,-565.592,-2520,-8540,-280
-11.5075,-5.30858,-2.5116,-8.22973,2.05637,2.09904,2.69785,10.6849,-21.2055,-9.16763,-2.40999,-14.0951,-2.63867,-10.0967,2.13513,0.0778498,-15.128,-842.776,-564.128,-1680,-8960,-140
1.06092,1.68278,-0.685924,-5.86754,5.26837,7.66173,1.38008,21.2897,-9.76635,0.772327,1.42582,-7.70219,2.02946,-8.57639,-4.56093,3.93365,-17.08,-848.144,-562.176,-980,-9520,140
16.5754,18.3905,3.7109,0.650087,9.2334,10.7076,-0.444999,26.5959,13.5338,9.75092,6.66671,4.51698,7.34903,-6.0554,-7.52665,5.70451,-18.544,-846.68,-564.616,140,-9800,140
25.3506,30.9078,5.60869,10.6881,13.7888,9.47487,4.14608,29.9808,27.9698,13.2383,5.91633,14.4698,11.601,-1.90149,4.10808,8.71542,-19.52,-846.68,-562.664,980,-10360,420
2.54026,6.44798,-5.02896,-7.08281,6.00747,10.4675,2.82799,36.2266,-2.72646,-2.22742,-3.45088,4.01449,10.2552,-3.0316,-3.74596,9.49486,-20.984,-843.752,-566.568,1680,-10500,840
-30.1399,-29.2587,-19.5391,-32.0281,-12.9421,10.8587,-2.7753,42.1072,-44.9136,-21.5409,-14.7171,-18.5764,3.66541,-11.5165,-10.7758,9.05123,-23.912,-846.68,-568.032,1820,-11060,700
-19.2877,-28.0071,-21.4426,-36.7402,-30.5237,5.02788,-17.5071,30.6106,-27.2928,-13.4569,-5.29145,-22.3208,4.45275,-23.0699,-16.2961,-5.56713,-20.496,-844.24,-569.496,2100,-11480,840
0.0430247,4.5088,-5.66455,-3.00293,-6.15798,10.4401,-2.10306,28.4347,-3.43408,-8.00372,-7.70307,2.19758,8.82116,-6.67835,2.91701,4.63441,-21.96,-843.264,-566.568,2800,-11480,840
13.4124,22.0488,6.49883,20.7034,15.8363,15.3609,13.4382,24.9022,6.15496,-1.68904,-4.50999,20.5309,8.6685,10.9306,19.5037,14.636,-19.52,-839.36,-568.032,3360,-11760,1120
15.4951,21.2505,13.0133,29.2327,24.1475,15.9102,24.0579,19.2883,6.67826,3.40874,3.37005,27.1953,9.02794,21.9528,33.9612,22.4134,-20.008,-833.504,-564.128,3360,-11620,980
14.01,9.32551,8.06434,16.1684,8.0295,8.96585,6.8035,4.02165,12.1391,1.8559,6.50122,15.0502,-0.352358,13.8364,15.0097,10.4534,-23.424,-833.016,-560.712,3500,-12040,1260
10.0394,0.74892,5.22985,7.95057,-2.02637,5.77481,-1.40613,-6.39909,13.7315,-1.40894,8.18527,6.34927,-4.62744,6.3078,1.66152,4.16625,-18.056,-829.6,-561.688,3360,-12040,1400
10.1292,-5.30208,7.97946,-0.153173,-3.96753,5.29561,-4.31153,-11.4125,12.4167,0.933314,12.7976,3.0149,-2.87613,4.07738,-6.44447,2.84272,-20.008,-830.088,-564.128,3500,-11760,1400
2.6833,-19.6483,3.48694,-10.125,-9.52381,0.59764,-4.50469,-19.5688,0.45011,-1.00403,10.9289,-6.65686,-7.0911,-1.37376,-6.23217,-1.68678,-20.984,-825.208,-558.272,3640,-11480,1260
-4.76719,-21.96,-1.47301,-4.04042,-4.4618,-3.20144,-0.0435748,-21.4118,-9.93986,-4.12848,2.08835,-6.74825,-10.117,0.237348,-0.596656,-4.18295,-20.008,-829.6,-557.296,4060,-11480,1400
-8.32599,-13.3806,-5.76475,4.48729,-3.69801,-9.9521,-2.50054,-23.9215,-6.98373,-4.85757,-3.47499,-5.85417,-14.2314,-2.59704,-2.18068,-12.0616,-20.496,-827.648,-558.76,3920,-11620,980
1.98545,7.90353,2.59537,25.2418,7.50782,-11.3116,8.70727,-22.3643,11.3027,4.42583,-1.37538,6.57437,-9.93339,4.67054,12.0694,-8.51398,-20.008,-827.16,-555.832,4340,-11620,980
7.57636,7.56508,6.42225,14.5102,4.08451,-9.67336,-5.1163,-23.7594,10.2075,11.9377,1.68784,8.91046,-3.17556,4.61138,-13.3852,-15.4581,-19.032,-828.136,-561.2,4340,-11760,700
-3.89986,-5.85136,4.43106,-2.1605,-2.94491,-8.54895,-11.0342,-20.035,-6.8521,8.67056,-3.11289,-0.619501,-0.451087,0.996416,-21.6948,-15.7678,-20.496,-829.112,-561.688,4900,-11760,560
-9.72091,-5.06748,1.24126,2.23024,-1.82153,-7.05314,-2.43536,-13.5779,-5.75305,1.52924,-11.8458,-4.72697,1.1289,-1.49122,-2.99978,-8.44423,-15.128,-828.136,-559.736,5320,-11760,420
-7.0653,1.33098,-2.40108,3.12227,-4.2984,-6.7869,-2.53541,-12.4569,1.97447,1.51113,-10.5931,-4.95837,-0.817368,-2.38936,3.14635,-6.05093,-14.152,-828.624,-560.712,5320,-12180,280
-2.61237,5.32491,-4.07964,5.63068,-3.5672,-6.4888,-0.333617,-10.0561,7.91141,4.86839,-5.3445,-3.4607,-0.0284032,-1.16189,7.04364,-2.25615,-15.128,-830.088,-561.2,5880,-12600,420
-2.78667,1.19939,-1.9328,-0.342665,-3.88788,-5.91892,-2.12212,-6.71295,1.9778,5.03366,-0.90234,-3.05935,4.95596,-1.12202,-1.3108,0.380564,-15.616,-829.112,-559.248,6020,-13440,420
9.55817,10.6042,4.72938,0.848859,0.7528,-4.19443,-0.510082,-2.17044,17.6047,11.7745,8.19542,3.21099,8.35283,3.88772,-1.88447,2.90989,-15.616,-828.624,-559.736,6580,-14280,700
5.44009,10.155,2.18196,2.81079,5.06116,-3.67389,6.54345,7.54203,12.0197,6.41623,7.72949,2.74881,6.7218,6.85028,6.16016,9.01836,-16.104,-828.624,-557.296,6300,-14700,700
3.076,7.71124,-0.172141,-2.72213,1.07632,-6.58118,-0.0576869,7.82219,7.94187,3.77192,7.50829,-0.28633,1.67597,3.6278,-1.18207,3.40963,-15.616,-828.624,-556.808,6580,-15260,840
0.865337,2.12735,-3.05248,-11.1708,-4.08519,-4.85788,-4.80704,8.84769,1.73029,0.89637,5.09856,-4.65984,-0.790385,-0.419525,-5.33485,0.0201126,-16.104,-823.256,-557.296,6440,-15820,840
-6.8709,-7.40907,-4.02779,-13.8096,-2.92208,-1.46812,1.25163,16.7926,-16.4021,-5.01392,3.24047,-9.63997,-3.2529,2.02597,1.46327,2.09584,-16.592,-822.28,-556.32,6860,-15960,840
-4.64677,-3.44363,-2.82602,-4.92725,-1.98014,0.908646,6.12923,21.7841,-11.5097,-8.15769,1.48534,-6.57048,-5.2745,3.08525,11.5351,4.10858,-16.104,-821.792,-554.368,6720,-16380,1120
5.82878,8.29134,0.762568,5.38788,2.28637,1.77879,8.03065,19.905,3.58894,-4.04162,1.22246,4.40436,-3.3282,4.44118,16.4221,7.209,-19.032,-821.304,-554.856,6580,-16800,1260
6.20676,7.46454,2.66958,2.09575,3.66472,1.32615,3.34834,12.3398,3.91831,-5.38228,-4.94789,6.08274,-3.61163,1.9134,4.75291,3.04247,-18.544,-819.352,-556.32,6300,-16800,1400
-11.4945,-12.9765,-6.70099,-16.534,-6.97569,-1.19335,-3.43691,6.13268,-18.2984,-16.5662,-11.9354,-8.64124,-8.6946,-6.87298,-9.26929,-1.71624,-18.544,-820.816,-554.856,6300,-17080,1400
-10.401,-12.5555,-7.85304,-17.1309,-7.44811,-1.29017,-4.26452,2.74003,-15.9675,-14.3186,-9.86178,-9.16489,-4.2091,-7.98104,-9.64775,-2.84247,-15.616,-823.744,-556.32,5880,-17360,1960
-5.16657,-6.64437,-7.43483,-12.7458,-4.60497,1.24852,-3.38051,1.08805,-7.07291,-7.31482,-2.35027,-6.36202,-4.20941,-6.61023,-4.03947,-0.547453,-16.592,-823.744,-555.832,5880,-17640,2240
-8.24786,-8.82888,-8.73912,-13.1732,-7.4859,0.348552,-6.85269,-3.86055,-5.19025,-6.23594,-2.84732,-8.60082,-8.77308,-11.7433,-8.94038,-5.2171,-16.104,-821.304,-554.856,5880,-17780,2520
-5.41754,-6.4306,-8.95356,-10.3447,-8.24835,1.12019,-7.23907,-10.6752,1.63879,-0.949449,-2.92869,-7.04823,-9.45113,-12.8058,-10.6814,-9.02628,-16.592,-823.744,-551.928,5460,-17920,2940
-10.5085,-4.91304,-7.27839,0.88641,2.02055,7.28697,5.20627,-8.06289,-8.35966,-2.90793,-8.55308,-4.37006,-4.98072,-6.91176,7.22289,0.999614,-19.52,-822.768,-549.488,5180,-17920,3220
-17.4063,-8.37546,-4.79704,6.21376,7.79107,11.6389,7.76366,-5.87717,-22.394,-8.27163,-14.6776,-3.6558,-1.44988,-2.55591,8.59672,7.67498,-19.032,-819.352,-553.88,4620,-18200,3360
-3.09246,-3.80913,0.00860137,-4.57429,1.96882,12.83,-11.2579,-12.0376,-2.73547,3.81848,-4.36179,1.84306,4.5967,-5.57697,-18.6723,-1.87796,-20.008,-823.744,-550.464,4480,-18340,3640
11.5171,1.82458,7.04396,-9.64053,1.8865,13.2328,-17.2851,-16.9087,11.7892,16.6884,6.52879,9.15339,12.5193,-5.45836,-25.6302,-8.6476,-17.568,-821.792,-555.344,4060,-18620,3640
5.45406,5.16027,8.28939,10.0323,9.91659,12.0526,-2.45079,-11.3729,4.10967,11.8378,6.03238,10.5454,15.3654,-3.57963,1.15786,-3.113,-18.544,-821.304,-558.76,4200,-18480,3780
5.68648,9.34818,10.9206,17.9683,15.2062,11.4636,3.77083,-4.77055,4.53497,9.95722,7.06567,12.8849,15.9917,-2.30334,5.47605,2.18636,-17.568,-825.208,-557.296,4060,-18200,3780
5.57669,5.60122,13.1602,18.2405,18.1008,12.5952,13.6917,5.67993,1.27556,8.84038,9.92514,12.9308,16.2591,3.47498,13.3181,13.0352,-18.544,-822.28,-556.808,4200,-17920,3500
7.37343,2.44609,12.0221,13.1913,12.732,7.29531,12.3123,12.7032,1.04025,6.10048,7.86226,10.4593,14.596,7.25464,11.6019,13.5258,-19.032,-824.72,-559.736,4200,-17360,3360
17.2547,10.5034,11.4198,12.0245,3.86735,-5.02896,1.87027,10.6032,16.1708,8.60305,10.9356,9.91446,7.96961,10.5881,3.63922,4.75593,-22.936,-822.768,-559.736,4060,-16660,2940
25.5657,19.6122,10.8229,14.6263,-0.12826,-8.98673,-4.3226,11.2859,32.9489,12.9948,17.2496,11.4327,4.60073,9.59508,-1.13349,-4.14252,-25.376,-828.624,-560.712,4480,-15820,2520
18.7762,14.6487,4.61939,7.69795,-5.73406,-11.28,-3.90182,13.1713,28.5204,8.72276,14.7017,6.54874,1.94612,10.7587,-4.04613,-6.54306,-26.84,-829.112,-558.272,4480,-15120,2240
13.6853,14.6487,2.05365,8.71704,-6.20795,-10.9302,2.39875,17.0908,23.4403,4.50079,9.79962,5.72492,2.59127,16.2307,3.52696,-0.179991,-30.744,-833.016,-556.32,4760,-14000,1540
8.78594,11.7496,0.882428,7.69803,-1.30141,-5.07014,7.56585,15.8655,13.1276,3.13875,6.71155,4.66666,-0.187157,17.9392,6.64398,7.52163,-30.256,-834.48,-558.76,5040,-12740,700
-1.27341,3.39255,-0.862861,3.18717,-2.82618,-3.01483,6.89901,4.90564,1.10124,-0.412315,0.719452,-1.46812,-1.63687,8.81059,8.73416,5.81364,-29.28,-833.992,-558.76,5600,-11900,280
-11.9115,-4.19331,-3.16709,1.53579,-3.73977,-6.01064,7.55706,-4.41325,-12.9121,-8.72988,-7.41545,-4.8161,-4.75538,4.37493,11.0537,4.47733,-30.744,-834.48,-560.712,6020,-10780,-420
-27.8635,-15.6239,-11.2944,-0.662378,-8.56263,-13.7205,8.68555,-11.3047,-28.8172,-23.0052,-19.4949,-13.7727,-10.4224,2.2347,17.7553,6.73226,-28.792,-835.944,-554.368,5880,-10080,-700
-21.1524,-20.5009,-15.826,-18.6755,-20.8993,-19.3882,-7.87343,-23.6066,-21.541,-18.8317,-17.6784,-18.1657,-13.4315,-8.33608,-3.7172,-4.31578,-31.72,-833.016,-552.904,5740,-9520,-1260
-10.2187,-11.1586,-11.5937,-17.2691,-12.15,-11.1751,-5.64429,-25.0394,-14.6445,-10.6906,-12.0772,-10.6151,-11.2249,-4.30287,-7.07359,-3.9179,-30.744,-833.016,-556.32,5600,-8960,-1260
-4.74983,-11.1298,-8.01189,-15.2494,-6.8221,-4.71136,-0.66965,-20.6064,-13.8488,-5.76947,-7.05581,-10.1295,-7.56119,-1.60415,-2.1088,-4.10405,-26.84,-833.016,-555.344,4900,-7840,-1680
-7.99103,-12.6364,-7.17966,-11.8203,-4.0493,-4.03737,2.67749,-14.6556,-15.2887,-10.1629,-10.2687,-11.7062,-7.44019,-3.67555,3.68065,-3.24132,-25.376,-831.064,-555.344,4340,-6300,-1820
-9.53717,-10.5338,-3.08163,-5.85953,2.24826,-3.83265,3.77633,-15.2335,-17.597,-8.73254,-8.44479,-8.27178,-9.16003,-4.91899,8.46109,-4.4299,-23.424,-828.624,-553.88,3780,-5180,-1820
-7.74713,-14.0025,-3.4207,-10.462,-4.6819,-5.42694,-7.58783,-16.2135,-15.797,-4.44664,-4.93149,-6.81776,-13.3924,-13.9501,-4.33592,-13.1262,-26.352,-825.696,-551.44,3360,-3640,-1820
1.19294,-7.07462,-4.64403,-8.97476,-10.3547,-4.47967,-17.9835,-11.5649,-3.41121,-1.85293,-2.92743,-4.43314,-16.2912,-17.6956,-15.5835,-19.4286,-22.936,-832.04,-550.952,3220,-2380,-1960
17.8206,9.8222,5.51832,6.83161,0.418561,-0.37946,-13.0092,-3.38359,14.2993,6.54882,3.72414,8.80952,-6.59894,-12.2817,-11.6294,-17.0087,-26.84,-828.136,-549.976,2660,-840,-1820
14.1167,7.32828,6.79378,4.12207,5.05466,6.86433,-12.8245,7.63365,8.89203,4.39368,6.61677,9.60739,-1.42804,-9.15096,-22.6234,-11.9914,-23.912,-826.672,-552.904,2380,-280,-1960
0.773337,-6.64954,0.654718,-5.95328,5.61624,13.6829,-8.52747,20.9105,-4.89243,-1.37777,5.24393,0.0125382,1.54163,-7.76208,-26.0142,-4.05784,-23.912,-826.672,-556.32,1960,280,-1960
1.22199,-1.45657,2.39492,1.38081,13.8406,19.8565,5.52898,32.8679,2.96376,0.309209,6.24099,-0.316579,5.15072,-2.79694,-6.64565,6.99089,-27.328,-825.696,-552.904,2100,280,-2240
2.29796,2.13382,8.53724,5.82568,19.8572,23.9072,13.6016,39.244,5.26306,4.6701,10.1237,0.851662,5.23466,1.98819,6.27542,15.0683,-29.28,-826.672,-554.856,1820,280,-2240
10.4552,16.4319,16.4739,18.3694,25.473,22.855,18.8565,39.3886,17.8644,13.6936,11.156,11.1998,10.3457,7.2411,17.6914,18.0901,-27.328,-822.28,-558.272,1960,420,-2380
5.39181,15.531,12.2021,18.7579,19.8906,13.3761,19.2541,35.5139,14.2337,11.3566,5.7375,10.8484,13.0022,14.1666,24.9738,18.6039,-25.376,-821.792,-555.832,1820,280,-2520
1.52359,12.3249,3.66534,14.8388,12.8225,6.35345,15.6511,24.3592,11.6263,7.96462,2.8126,8.83215,12.718,14.2218,23.7229,14.0934,-29.768,-823.256,-556.32,1820,420,-2660
1.59568,12.8034,-1.18618,7.88115,5.9174,6.39382,2.7646,13.2203,14.3823,8.73125,4.10337,8.76204,12.2053,7.55497,7.02817,6.44329,-32.696,-824.232,-556.32,1820,140,-2520
3.83273,12.5662,-2.84959,-3.07537,-0.220175,7.1215,-7.09012,1.55857,17.8101,11.9339,4.82622,7.35715,13.6078,3.95396,-6.32587,1.84808,-27.328,-827.648,-558.76,2380,700,-2380
-1.90434,1.71041,-10.206,-18.513,-13.905,0.26229,-15.8736,-15.0177,11.8673,7.79159,-1.00787,-4.32482,6.71231,-6.34139,-18.3596,-7.11834,-29.768,-827.16,-558.272,2240,700,-2520
-10.6254,-9.39308,-13.9009,-24.5769,-24.2436,-8.50234,-16.7997,-25.0461,0.327188,1.10615,-7.7088,-16.1228,2.36062,-15.7438,-15.9724,-8.8571,-26.84,-829.6,-558.76,2240,560,-2660
-6.55518,3.46656,-1.65556,1.89309,-6.10406,-8.37832,3.42297,-25.5913,-3.14818,3.24537,-6.51558,-3.78779,5.50364,-1.95896,10.8816,2.14906,-24.888,-829.112,-553.392,1960,700,-2660
-6.55019,8.18339,6.86273,20.0686,8.2633,-6.75957,12.8781,-20.8857,-13.3191,3.17111,-7.03197,8.25464,6.89933,14.0224,17.7224,8.69761,-25.864,-829.112,-550.952,1820,420,-2520
10.4639,16.0889,10.0691,11.311,6.85056,-8.99283,0.415746,-24.0068,5.30563,8.47137,-1.13108,14.9616,2.28176,13.2547,-4.60168,-0.905734,-23.912,-828.136,-553.88,1540,-420,-2520
7.3355,5.42542,5.04102,-2.89194,-2.89956,-9.34828,0.519436,-19.4536,4.01767,2.1377,-0.914795,8.3266,-0.25077,8.18342,-1.25518,-0.730529,-21.96,-833.504,-551.928,1540,-1120,-2100
-0.921402,-8.24685,-2.84065,-8.2253,-14.3558,-15.0673,0.114596,-17.6305,-3.11343,-4.297,0.968423,-1.88679,-2.36485,4.94755,11.3109,-0.142704,-18.544,-833.016,-554.856,1540,-1120,-1960
-17.3112,-18.2435,-9.94419,-5.17752,-15.9225,-19.5079,4.8142,-14.6976,-21.624,-17.0575,-4.357,-10.6534,-8.59052,2.15732,17.3106,2.32139,-18.056,-836.432,-554.856,1820,-1120,-1820
-16.7316,-19.9318,-13.0456,-10.848,-24.245,-21.5905,-12.1326,-18.0702,-20.4896,-15.1604,-2.60577,-13.3979,-11.452,-8.69944,-7.56259,-10.4943,-20.008,-838.872,-556.32,1960,-840,-1960
-7.86608,-20.5089,-6.34832,-16.4611,-21.2306,-18.6117,-21.5897,-18.2926,-19.1752,-8.34994,0.598395,-6.18627,-8.41075,-7.3734,-24.8283,-15.2534,-20.984,-835.944,-554.368,2240,-280,-1960
-12.7372,-26.4531,-3.80876,-19.1735,-12.2742,-8.93764,-12.0936,-6.51729,-29.6692,-13.292,-2.29638,-5.86276,-7.02878,-0.929357,-24.3514,-4.50093,-18.544,-835.944,-555.832,2380,280,-2100
-6.14698,-21.2603,-3.8916,-18.8144,-10.7823,-2.61933,-11.9536,2.54268,-17.5628,-14.4595,-1.79171,-9.7425,-7.19956,-4.90295,-29.0069,-2.81644,-19.52,-836.432,-555.832,2240,140,-2240
1.59968,-11.9666,-3.89704,-9.0117,-7.57706,0.582085,-9.29041,4.22871,-3.65524,-13.1628,-2.8118,-10.3126,-7.37887,-8.57686,-18.1679,-3.93425,-19.52,-835.456,-555.344,2240,-140,-2380
12.661,6.05771,1.76872,14.7053,8.38966,2.02875,5.26304,7.11831,11.9456,-6.91277,0.446606,1.08284,-3.34406,-3.65127,10.8716,1.28189,-18.056,-834.968,-555.344,2520,-700,-2380
12.4175,8.12121,3.70313,17.489,14.9791,6.1347,13.232,9.55554,10.8277,-5.60064,-0.640833,0.1756,-4.80827,-0.93146,19.1928,7.45553,-22.448,-833.016,-553.88,2660,-840,-2380
2.0366,2.84806,1.34389,12.226,10.8333,9.54497,9.46712,9.11096,3.4963,-7.91336,-3.26067,-8.03328,-8.45468,-4.52378,13.2965,6.28718,-25.376,-827.16,-552.904,2660,-1120,-2380
6.16877,9.14565,6.79641,17.6934,14.0982,14.3147,11.5586,10.2978,7.46803,1.31508,0.270938,-2.64538,-2.45141,0.56105,15.6271,8.29789,-24.888,-826.184,-553.392,3080,-980,-2660
14.429,21.2293,14.5118,26.9856,19.6681,17.9139,15.909,11.7312,16.98,10.3707,4.93706,8.05554,5.27978,5.00896,18.8438,5.86007,-25.376,-823.256,-553.88,3220,-980,-2520
21.4542,30.6925,16.4454,32.3727,21.3537,17.4173,20.645,17.4038,27.5195,15.1919,8.33608,15.5538,8.59605,8.00302,24.1843,6.41369,-28.304,-818.864,-548.024,3080,-700,-2660
10.4433,13.9295,6.04367,9.39639,7.36009,13.0348,2.91383,13.1205,12.5829,9.25292,7.13191,6.50067,6.64099,-0.0743874,1.95822,-4.08714,-29.768,-817.4,-549,2940,-560,-2660
-11.5351,-14.0131,-7.41261,-13.3414,-4.25677,10.4573,-1.76289,14.5076,-20.7607,-3.96275,-0.368368,-7.13117,2.50186,-8.5617,-4.05485,-7.13858,-32.208,-814.96,-550.952,2800,-420,-2660
-8.84123,-16.0282,-8.54412,-23.958,-8.32434,8.31417,-9.69649,13.4116,-18.6897,0.854787,0.898608,-3.88189,2.60452,-9.94832,-21.4705,-12.7764,-28.792,-815.448,-545.584,2660,-700,-2520
-1.4442,-0.157839,-0.279068,-16.4733,2.3949,9.67521,-10.8302,14.6425,-5.60728,7.26587,1.29823,7.12764,5.09565,-3.8144,-27.0848,-14.6459,-28.792,-814.472,-546.072,2520,-840,-2520
5.23451,4.72651,0.574678,-15.4103,4.9672,6.34509,-6.81514,12.2084,11.1529,10.0844,-3.32779,7.12401,1.54357,-7.88546,-14.0526,-14.6694,-27.816,-816.424,-546.072,2520,-1540,-2660
0.0959929,0.172533,-1.4462,-6.19156,6.55453,2.35054,0.504052,8.98773,4.95527,6.88727,-3.35689,3.06852,-3.8039,-8.45904,4.03501,-10.0683,-23.424,-813.496,-549.976,2660,-2100,-2520
-8.09273,-10.7632,-4.09383,-7.59581,-2.32035,-8.46565,1.55655,2.3545,-9.09543,2.65822,-1.81575,-4.46393,-7.64221,0.683301,7.49114,-2.13597,-21.96,-816.424,-549.976,3080,-2520,-2100
-8.68472,-12.952,-8.2258,-16.3008,-12.3929,-16.825,-5.93816,-11.4596,-2.89557,1.19735,-2.63458,-8.83566,-7.91388,1.75724,-1.64693,-1.49799,-26.352,-814.472,-551.928,3780,-2240,-1960
0.91864,-0.920383,-9.35636,-12.3009,-9.55233,-11.8158,-11.4726,-21.2044,15.8813,3.34625,-2.24969,-4.80412,-8.62971,1.67477,-7.33028,-1.16644,-21.96,-811.544,-550.464,4060,-2240,-1540
7.48699,18.5669,-0.494951,10.8399,5.0428,-8.59074,0.453792,-20.7611,28.9884,4.7319,-0.435014,7.75005,-3.2127,14.0052,12.0544,12.3883,-21.96,-812.52,-546.072,4060,-2660,-1400
3.11246,26.5839,4.75338,27.7567,13.8691,-7.68563,14.728,-12.2664,19.7842,3.62652,0.0260327,13.0337,-1.10781,24.4611,29.3191,25.411,-21.472,-815.936,-548.512,4200,-2800,-1400
-0.513484,19.6639,1.47605,16.8159,7.15015,-7.41424,3.38198,-11.0059,11.5481,3.71878,1.95608,9.95822,0.499605,14.7001,8.50073,19.554,-21.472,-816.912,-551.44,3920,-3080,-1260
-3.56655,10.8598,0.29342,11.8089,3.62628,-2.97335,0.0173379,-4.83769,2.70184,3.72273,4.56535,6.81851,4.29519,8.68756,2.67974,16.9093,-19.032,-817.888,-550.952,3780,-2940,-980
3.75579,5.92184,3.07825,4.82471,-3.22086,-2.38635,-0.47842,2.74124,8.67335,6.43201,3.99369,4.21915,8.58422,3.83838,1.47077,11.8179,-18.544,-821.792,-552.416,3500,-3080,-980
16.6445,24.9014,15.0179,26.0754,15.4906,7.16932,18.8579,18.0218,25.7945,11.7745,5.38088,17.4813,17.3843,11.7843,22.2263,19.15,-17.568,-824.72,-556.808,2940,-3500,-840
4.81081,12.4597,14.1037,17.7603,15.4689,11.5776,10.3815,19.4195,-2.1143,7.23664,4.42396,13.4191,13.8336,9.67569,3.62798,9.27313,-19.52,-829.112,-557.296,3080,-3640,-980
-17.8494,-20.1792,3.70017,-4.70445,-1.10617,5.52338,3.21078,12.2204,-42.8354,-6.03937,-0.905155,-5.05461,6.1029,-0.657931,-5.83645,0.141333,-13.176,-833.016,-560.712,2940,-3640,-980
-20.1891,-26.9541,2.51126,-8.67721,-4.02783,4.93624,5.92484,7.32853,-45.329,-8.50074,0.0582469,-6.09147,6.40881,-1.88794,-3.61698,-0.449864,-16.592,-834.48,-558.76,2940,-3920,-1260
-18.8387,-31.4031,0.159645,-22.4722,-12.5758,6.41149,-8.43993,-2.72243,-39.9434,-7.37638,4.6089,-10.5429,6.10709,-6.83138,-22.2012,-8.1453,-11.224,-834.48,-562.176,2800,-4620,-1400
-15.1773,-33.0217,-7.28823,-28.4673,-22.358,-0.126441,-11.8942,-10.5889,-23.3507,-12.3505,-2.22376,-20.2961,2.44148,-13.1747,-15.8631,-10.5151,-14.152,-835.944,-556.32,2240,-5320,-1400
-7.66579,-22.154,-10.8769,-15.8805,-18.366,-8.86295,-7.25201,-19.4143,-9.10999,-12.1425,-7.15155,-20.8938,-0.885788,-12.613,-2.66718,-9.92402,-16.104,-836.92,-554.856,1960,-5740,-1680
2.86446,-4.98326,-7.66192,-8.28561,-11.3956,-10.8336,-12.3931,-24.8416,5.14576,-6.71386,-3.3583,-10.9551,1.12975,-7.95258,-15.1889,-15.7835,-20.984,-838.384,-559.248,1540,-6300,-2100
5.91642,-3.79377,-8.15762,-18.8011,-15.7624,-12.7086,-22.2786,-28.3267,7.45407,-7.04972,0.654657,-8.98528,-1.24293,-10.3015,-31.9124,-24.2973,-22.448,-841.312,-556.808,1120,-6580,-2240
3.15116,-2.36247,-9.86108,-7.52823,-11.9659,-14.0145,-9.22008,-23.1802,3.09633,-9.37101,-1.50891,-7.74418,-3.61551,-6.9456,-9.4341,-17.3065,-23.424,-838.384,-560.224,840,-6580,-2520
16.5655,7.95343,-1.75795,-4.13333,-4.45769,-10.1186,-6.57027,-18.4668,20.7459,0.285273,2.55223,5.05749,-0.846794,-2.42609,-10.5971,-12.6942,-25.376,-839.36,-562.176,700,-7140,-2660
11.4786,1.33773,-1.07818,-7.10055,-6.29183,-5.71261,-5.64734,-15.0651,12.8558,1.34863,3.19819,1.94226,-6.36736,-8.31679,-2.94473,-11.3035,-31.232,-835.456,-560.712,420,-7000,-2940
-4.53587,-9.35834,-7.57698,-0.941244,-7.11208,-3.64564,5.21396,-5.15597,-8.05334,-9.43169,-8.4463,-6.52999,-13.9032,-10.1224,16.2469,-3.35666,-29.28,-838.384,-563.152,280,-6720,-3080
-4.14587,-5.17006,-6.31641,6.40449,-1.60549,-0.477223,7.76682,3.32379,-6.86277,-11.5732,-13.1249,-4.21629,-20.098,-5.66216,17.6073,2.17379,-32.696,-835.944,-562.664,140,-6860,-3080
19.5728,17.347,-1.79379,15.5245,-1.94577,-2.68597,0.251184,6.51778,30.8405,2.908,-3.87064,7.18973,-20.4896,-9.15583,14.7517,-4.96758,-30.744,-834.48,-559.248,-140,-6580,-2940
23.0931,21.9581,-3.61231,18.2356,-4.40856,-2.59402,-3.56262,13.4666,37.8464,5.40104,-0.958969,6.75158,-14.9718,-12.7824,14.3933,-7.95136,-33.672,-832.528,-557.784,-560,-6300,-2940
-5.30464,4.18136,-8.57119,17.3346,3.74695,2.4388,9.96723,23.5784,-2.54292,-8.60204,-9.3941,-5.337,-14.4072,-5.37216,26.8831,3.12936,-34.16,-829.6,-557.784,-980,-6160,-2940
0.605053,2.71608,1.02423,3.90375,8.18305,6.32246,7.2033,28.7486,2.81245,1.08905,-1.21655,-1.85323,-3.79418,1.22207,8.377,5.93987,-33.672,-833.504,-557.784,-1260,-5740,-2520
5.73238,9.66681,12.583,6.38675,17.6407,13.2774,11.6144,36.569,6.25786,6.96794,1.45594,8.13579,8.77944,9.90268,4.95481,15.1367,-35.624,-831.064,-553.88,-1400,-5740,-2240
-19.9056,-3.17033,14.4731,11.7348,24.4416,16.945,13.8293,37.7801,-44.3884,-3.4192,-2.35634,5.28282,13.168,17.0752,-0.401442,19.2034,-32.208,-831.552,-549.488,-1820,-5320,-1960
-19.3334,-3.80922,15.8695,-0.78995,21.7027,16.2441,5.30435,30.3671,-40.3889,0.51009,3.33652,6.93141,16.039,16.9367,-20.9254,14.6579,-33.184,-831.064,-552.416,-2520,-5600,-1680
5.43226,13.6858,14.6421,2.2184,17.0268,13.576,4.28764,15.6774,9.656,15.2006,11.9126,14.1528,16.5866,10.9481,-9.56117,10.8145,-29.768,-830.576,-552.904,-2660,-5880,-1400
7.62801,20.2553,19.2176,21.5876,27.6198,17.5847,11.8239,7.087,7.17074,18.8125,11.9277,20.8559,20.8176,13.3223,7.18986,15.4795,-32.208,-834.968,-554.856,-2800,-5880,-1260
-7.30614,3.37361,8.14268,-6.46775,13.3106,12.123,-8.69966,-6.55287,-7.07226,7.7743,4.38027,7.11513,11.2062,3.38431,-29.665,3.66504,-28.792,-837.408,-554.856,-2800,-6300,-1120
-5.03463,-6.67623,-2.31834,-33.4178,-10.5747,2.74926,-32.5934,-22.2201,1.93164,6.81837,1.71014,-5.2634,2.85743,-12.8518,-54.8056,-15.0233,-27.328,-837.896,-556.32,-2100,-6020,-1120
8.5471,4.80748,6.63824,-9.83284,4.18811,12.4673,-1.64222,-11.1808,15.49,12.2621,4.54903,6.41479,6.19092,0.17626,-3.03778,4.62137,-24.888,-838.872,-557.296,-1120,-5180,-1260
3.1101,2.77158,6.36102,7.3778,8.68829,15.7134,17.1915,-2.12756,5.51431,5.50964,6.67908,5.07009,4.82902,4.8011,31.001,12.2332,-24.4,-835.456,-556.808,-980,-4340,-1680
8.07678,5.5469,4.26563,6.05692,-0.746132,0.567586,9.71835,-4.6274,10.9746,4.691,7.86924,3.51932,1.02998,7.08662,24.0734,4.21282,-24.4,-832.04,-556.808,-560,-2660,-1820
12.1354,0.206669,-7.52073,-5.45641,-22.843,-22.4032,-10.0301,-15.7394,24.5586,1.02138,3.86398,-6.62052,-9.47295,5.18639,8.09418,-9.8259,-26.352,-830.088,-556.808,-560,-1820,-2100
11.3206,1.37368,-12.1707,5.69395,-15.0144,-21.5129,-3.12661,-14.0613,19.526,0.142623,4.06397,-5.29901,-11.4933,11.1265,16.8654,-4.66213,-27.328,-832.04,-555.344,-420,-1400,-2100
3.69696,-7.47456,-17.836,-6.25595,-14.0064,-18.82,-6.29929,-16.3254,8.02192,-2.86784,3.75975,-8.99514,-11.9724,6.013,4.21775,-7.11113,-25.376,-832.528,-554.856,-420,-1260,-2660
-10.7652,-18.8424,-27.7132,-21.6905,-23.7391,-21.015,-9.62487,-21.6088,-0.328141,-15.2958,-7.37049,-20.6412,-16.3646,-4.40576,-4.14323,-11.089,-21.96,-831.552,-558.76,-280,-1400,-2940
-1.13007,-0.0455409,-13.9887,5.9771,-3.16847,-9.99913,17.3377,-7.54403,15.0062,-11.9891,-10.4339,-3.67172,-4.19264,7.35693,24.0548,7.26913,-20.984,-831.064,-562.664,-420,-1540,-3500
4.33784,13.578,0.267909,28.4816,13.209,-2.46722,29.705,-5.55958,10.8816,0.907443,-4.91966,9.67166,3.83148,10.0236,41.9176,12.6555,-20.496,-835.944,-559.248,-140,-1400,-3640
-23.775,-10.1028,-4.02901,18.9082,7.45937,-3.19636,20.5032,-10.9187,-36.8102,-9.34535,-10.6762,-5.062,-0.911571,1.06333,31.4593,6.80155,-19.032,-833.504,-560.224,-420,-1260,-3780
-32.9625,-23.1325,-8.50489,11.4396,-2.61753,-7.96872,9.51905,-11.9909,-50.1017,-14.0771,-15.0345,-16.1867,-6.46901,-6.70977,21.7614,3.69128,-16.104,-832.04,-561.2,-980,-1680,-3780
-7.34417,-4.53526,-2.87122,12.2,-1.47936,-7.11026,5.19069,-7.96502,-15.2391,-0.478675,-8.43443,-3.48175,-1.86435,-6.61688,10.4674,4.14442,-13.176,-833.992,-558.272,-1120,-2100,-3780
-1.78212,-4.42726,-1.14814,-6.07151,-6.10708,-3.25927,-11.163,-6.85849,-9.40097,-0.636757,-5.77345,-1.40261,0.704931,-11.9157,-24.0605,-5.41502,-13.664,-837.408,-557.296,-1540,-1960,-3640
-8.12922,-18.0847,-4.10985,-34.582,-20.7867,-3.74568,-36.7873,-7.72227,-14.4819,-2.34074,-2.41878,-11.3306,-1.91783,-19.4845,-63.5578,-20.9556,-8.296,-834.48,-559.736,-1820,-2380,-3360
-18.0634,-26.5315,-0.912,-28.5793,-16.8482,-3.30793,-24.6076,3.8973,-24.3304,-6.92891,-3.6053,-15.3703,1.72866,-17.8522,-42.9624,-16.6548,-5.856,-836.92,-560.224,-1960,-2100,-3080
-0.25395,-2.30865,8.35078,-9.5751,-7.40517,-7.50006,-16.9049,4.57217,4.88677,2.98841,2.88032,-3.09682,4.05701,-13.6573,-25.328,-18.0107,-7.32,-838.872,-562.664,-1400,-2100,-2660
24.2286,26.2496,16.3657,-1.05922,0.623043,-6.47053,-27.1287,1.53841,35.1639,16.124,11.6504,16.354,3.783,-3.73242,-48.9706,-20.8139,-9.76,-839.848,-560.224,-1120,-1680,-2240
13.8095,6.47534,10.6887,-27.5263,-5.82212,0.474078,-37.8744,7.87603,15.2974,8.46829,10.2106,12.6847,5.28007,-2.45565,-75.2632,-17.1772,-8.784,-842.288,-564.616,-560,-700,-1680
12.2657,-7.04371,1.89722,-38.4401,-14.022,4.40983,-28.0975,15.28,17.9735,4.45118,12.9322,2.44172,5.66617,-5.516,-48.0876,-10.3825,-10.736,-844.728,-562.176,280,140,-1120
11.3104,7.13272,2.89306,3.41265,5.02613,12.7101,11.7889,22.877,17.5066,0.627432,9.57198,3.95375,7.91864,2.27507,27.8034,8.21058,-11.224,-845.704,-566.08,1120,1400,-840
3.65261,14.4642,4.96333,20.0681,16.8928,14.8661,23.2888,19.7463,4.6948,-3.80452,3.62997,8.10927,7.54559,7.38292,43.4395,14.8597,-12.688,-845.216,-561.2,1540,2520,-560
-1.13657,10.8003,4.65087,17.6671,18.6692,13.5869,24.6545,12.3544,-8.81874,-5.22451,1.9309,7.1959,2.76933,8.36564,38.766,15.5442,-14.64,-844.24,-562.176,1540,2940,-280
0.265273,9.67932,1.34813,18.6948,17.0993,16.6872,25.0081,10.3631,-3.66719,-9.02841,-4.36809,5.85248,1.71164,4.15975,39.6458,16.0722,-20.008,-844.24,-557.784,1540,3360,-140
13.1,23.9484,8.58314,31.1777,27.4297,26.1692,33.7078,17.0764,9.96465,0.206154,-4.7828,16.3827,4.47404,10.5827,43.4318,25.4366,-20.008,-841.312,-559.248,1260,3780,0
12.6554,10.1958,7.01194,10.1405,12.9674,22.846,17.0319,10.4765,5.54534,4.84685,0.967134,9.35908,4.84658,3.86494,19.1464,12.7791,-22.936,-841.8,-558.272,700,4060,-140
7.45902,-0.16049,2.76459,5.97116,6.03806,12.3117,17.0087,3.28258,-4.27809,1.38716,0.174287,0.287838,-0.989516,-3.95018,27.3685,8.96323,-23.424,-841.8,-555.344,420,4340,-140
12.3505,14.2449,8.06709,18.3799,12.8751,3.82849,19.7422,-5.47586,2.32513,2.66596,-3.64602,5.64495,-4.06777,-2.22844,31.0698,8.14481,-20.984,-839.36,-556.808,420,4060,-140
-5.87749,7.06381,7.46554,20.6912,12.3192,1.95982,19.5271,-5.13411,-20.9313,-8.00574,-9.92273,1.47367,-4.82349,2.49546,24.7556,10.309,-22.448,-838.872,-556.808,560,3780,0
-19.3282,-19.1333,1.00847,-4.08008,-0.74435,-1.61104,3.33079,-2.67316,-41.8134,-11.7739,-8.29256,-10.2533,-4.57177,0.560824,-1.60238,2.19122,-18.544,-836.432,-556.32,560,4060,-140
0.311632,-11.3477,-2.63993,-13.5052,-13.9439,-10.6994,-14.9151,-8.37878,-3.50787,1.82438,1.82812,-8.75841,-5.6683,-5.67848,-18.455,-11.7133,-20.008,-834.48,-560.224,700,4480,0
-0.788915,-11.6959,-6.65687,-14.0992,-18.863,-15.5828,-23.9312,-8.94755,0.572427,1.83211,-0.0634151,-9.39803,-7.82273,-5.46707,-29.3304,-17.3532,-20.984,-834.968,-560.224,1120,4900,-140
-5.43358,-20.4322,-11.7464,-24.0953,-21.8123,-16.6867,-29.235,-9.46263,-0.675909,0.211031,-1.54945,-14.5904,-12.3848,-0.745109,-40.3517,-19.8296,-20.496,-831.552,-554.368,980,5600,140
-8.24147,-14.5277,-14.0057,-11.9434,-19.7029,-18.3293,-15.278,-1.83655,5.01339,-2.853,-5.5506,-15.8837,-9.89183,0.855598,-14.3164,-10.7403,-23.424,-833.016,-559.736,980,5880,280
-8.81454,-12.4265,-14.1311,-10.469,-17.3747,-21.119,-14.7394,-0.387729,3.46685,-3.09562,-6.92287,-13.2167,-8.55151,2.68901,-19.5092,-7.96581,-21.96,-831.552,-557.784,1260,5880,560
-4.07855,-4.54392,-8.50404,0.37647,-10.1219,-16.725,-9.4791,-1.67492,3.81496,2.77238,-1.64489,-4.20433,-4.40728,7.91826,-13.5036,-5.57259,-21.472,-822.768,-555.832,1820,5600,840
-7.7298,-5.636,-9.73093,3.32943,-7.78288,-10.6658,-5.80507,-4.30126,0.146146,2.22586,0.0251509,-1.92689,-1.43013,6.56558,-3.33665,-4.10871,-20.984,-820.816,-552.904,1820,4760,980
-3.33751,1.8104,-10.964,11.2381,0.873055,-8.42471,5.08731,-7.82049,12.4399,5.18563,2.32178,2.15807,-2.28623,8.48429,14.459,1.05652,-21.96,-818.376,-552.904,1680,4060,1120
-0.536145,7.36003,-4.83475,17.5867,11.0648,-6.30334,7.64478,-13.0613,15.4196,8.03129,5.14765,8.47369,3.18982,10.062,16.4836,0.787772,-19.52,-814.96,-552.416,1540,2940,1400
4.04444,16.0201,5.73071,15.5576,19.6792,3.08449,7.02184,-12.5668,19.7529,13.5074,6.6942,18.8623,10.2338,16.3782,4.21516,8.25905,-18.056,-820.816,-554.856,1540,2380,1400
10.0236,22.0332,13.7444,10.7136,20.115,13.3067,6.61213,-7.08805,24.8515,19.5888,12.7934,24.1925,16.7094,16.2783,0.885124,12.6267,-16.592,-819.84,-557.296,1400,1260,1400
0.834738,3.07334,9.00731,-5.41945,10.78,12.5786,4.32682,-7.41766,6.4649,16.0676,13.3396,11.3731,10.7492,7.03648,0.0724764,9.44276,-13.664,-820.328,-557.296,2240,560,1680
-7.87737,-11.6242,2.9025,-17.4606,0.698161,9.67192,2.16995,-7.02472,-4.02225,7.04474,5.98264,-3.46146,4.88776,-4.30213,-0.190418,4.78376,-13.176,-820.816,-557.296,2660,0,1960
-2.45788,1.18721,4.93215,-5.03508,-0.122679,11.3206,7.55963,-0.164857,3.648,6.18233,6.11385,-2.26714,8.46758,-8.71448,11.2503,7.26527,-16.592,-822.28,-562.176,3220,-280,2100
3.83261,13.9964,4.58686,0.537827,1.07774,9.91614,6.27135,1.93339,11.1567,0.857245,0.20079,2.60348,6.36264,-10.5801,4.82509,6.19023,-11.224,-820.816,-558.272,3360,0,2380
2.55766,20.1545,4.60782,5.42867,10.2391,9.7418,10.3533,7.81587,10.1361,-9.87528,-9.52263,4.84752,3.01587,-8.11781,2.78072,7.92109,-10.248,-820.328,-557.296,3220,-140,2380
0.842108,12.6247,7.43355,0.961545,12.2407,8.32846,2.32893,10.8988,-4.71291,-6.17438,-5.93805,2.14853,3.19391,-11.0679,-6.66474,2.11269,-12.688,-822.768,-556.32,2660,560,2520
-2.54901,-8.83135,4.13139,-23.4384,-5.1706,1.0123,-19.151,6.63325,-22.2309,-5.20467,2.43302,-12.0862,-0.181996,-16.1118,-33.4573,-14.5155,-10.736,-820.328,-551.928,2240,700,2380
3.97335,-15.5071,-4.13603,-33.7854,-27.5852,-20.0211,-26.1443,-2.56523,-8.93591,-9.04081,3.15612,-20.2203,-6.35178,-15.0215,-25.3747,-21.9695,-15.616,-818.376,-556.808,1540,1120,2380
5.25947,-10.4763,-9.67436,-12.7643,-22.4416,-19.9038,-12.6001,-4.47959,-6.49532,-14.4471,0.798536,-13.9327,-11.0526,-6.85581,4.10431,-11.989,-21.472,-818.864,-556.32,1540,1680,2380
-9.47988,-8.38372,-14.7719,7.10565,-8.92973,-6.52199,3.42436,-0.280079,-24.9198,-26.3119,-6.75022,-9.58012,-11.0082,-0.852201,25.8394,0.953947,-23.424,-822.768,-559.736,1680,1680,2380
-6.54814,-4.88829,-7.70111,7.15601,-4.33557,0.796908,7.47008,3.83784,-22.2458,-22.9841,-5.63518,-1.92315,-5.58599,4.35221,21.5133,7.6938,-25.864,-824.72,-557.784,1820,1400,1960
5.39946,8.48217,5.55207,17.7584,6.12179,8.37927,14.8179,14.6571,-5.82996,-11.6254,-0.759112,7.58418,3.34606,7.83222,21.9052,15.1012,-30.744,-827.16,-554.856,1400,1540,1820
3.21354,7.28652,12.5061,18.9121,12.9708,8.34707,12.1613,12.7028,-10.2251,-5.75882,1.02883,8.08424,7.26978,1.43608,12.2228,8.93638,-35.136,-824.232,-553.392,1400,1680,1260
-14.9149,-22.0654,1.92488,-11.6252,-7.5058,2.89356,-7.54268,3.56566,-33.0719,-11.8171,-4.75168,-11.2121,2.46805,-13.9414,-19.6951,-11.0202,-34.648,-828.624,-553.88,1120,1680,840
-14.1975,-30.8801,-5.42453,-20.7651,-19.4861,-2.61885,-7.57681,3.09812,-23.5418,-11.2132,-10.5785,-18.7909,-0.509245,-21.55,-11.9188,-15.3493,-37.088,-825.696,-555.344,1120,2100,280
-9.24856,-12.5215,1.73312,10.9409,1.70295,2.05466,9.70869,10.5738,-19.9471,-4.55542,-11.1575,0.0207812,-0.614416,-9.32701,13.2795,-3.5373,-40.504,-827.16,-551.44,1120,2520,-560
4.71502,5.62355,6.91741,21.9597,15.5845,6.45957,9.81142,10.8427,-4.45257,9.41122,-4.91128,17.9459,-2.42205,5.38774,7.22199,0.826787,-40.504,-824.232,-553.88,1120,3640,-1260
21.0133,10.4782,9.33238,9.02809,11.687,7.84346,0.698967,8.18465,19.9898,22.5706,4.49897,24.3338,2.26685,11.3388,-5.1012,0.0145445,-42.944,-821.792,-551.44,560,4060,-2100
18.3799,9.21923,1.39608,12.4697,10.2051,9.77407,7.86053,6.77163,22.3683,19.8956,-0.607964,15.6373,-5.66617,13.7981,12.9582,6.67912,-42.944,-824.72,-555.832,560,4480,-2520
14.3096,12.3045,-0.697206,19.2697,12.414,7.00917,9.24131,6.9712,26.8694,17.0042,-4.58654,11.4547,-7.22058,16.0876,9.92473,9.71033,-42.944,-822.768,-559.248,980,5040,-3220
16.1398,7.40849,0.312252,-5.34202,-2.1422,-5.26071,-19.0288,-9.07714,32.8709,19.3129,2.69622,7.65125,-7.00607,6.76775,-34.4881,-8.52003,-39.528,-821.304,-558.272,1820,5320,-3780
6.64927,-8.1413,-1.80675,-31.4333,-14.4209,-10.0206,-31.7476,-20.7612,18.4019,14.8008,5.05806,-5.13801,-10.409,-1.18933,-55.9365,-15.5097,-42.944,-822.28,-560.712,2380,5600,-4060
8.69707,6.32189,0.443494,-12.7728,-5.60326,-7.07956,-15.0199,-14.6873,31.1524,12.3267,3.9461,-3.87129,-4.96626,-1.52002,-28.2474,-4.44973,-41.968,-821.792,-560.712,3080,6160,-4200
10.6019,19.4278,-0.211072,5.6484,5.59706,-2.88405,3.50839,-7.99747,41.3436,9.93636,3.87413,-1.9486,0.0354701,-0.70226,2.96895,4.34482,-41.968,-824.232,-562.176,3500,6160,-4200
-6.22273,9.44211,-8.36605,5.19986,1.83607,0.474063,8.63749,-1.28671,22.632,-4.0847,-0.345854,-12.9533,0.803715,-7.43951,15.9495,4.25904,-37.576,-825.696,-561.2,4200,5880,-4340
-22.6727,-1.98112,-9.24869,9.83032,5.13367,0.231441,17.4648,0.9597,-15.6416,-13.7484,-2.45527,-14.9107,-2.98958,-1.3328,27.1738,7.55881,-36.6,-824.232,-561.2,4760,5740,-3920
-30.219,-12.791,-6.58581,-0.300046,4.81903,-0.421138,12.5651,0.570572,-38.2815,-14.0769,-1.0479,-13.1818,0.9746,4.4622,11.4604,6.15621,-32.696,-822.768,-557.784,5320,5460,-3780
6.82185,8.30326,6.473,-3.37146,6.23976,-1.88539,1.0416,-5.32417,5.2108,7.8397,7.91116,3.12319,8.06698,8.47582,-8.54996,-1.05609,-31.72,-822.768,-557.784,5880,4620,-3360
8.78329,4.35328,10.0817,-5.25813,6.44315,-1.77524,-0.847353,-5.01222,-4.87514,8.8857,6.23169,2.30221,8.95847,15.1914,-8.72422,0.326418,-32.208,-822.768,-557.296,5600,3780,-2940
0.540096,0.796995,8.22006,8.84914,11.884,2.91153,12.9018,1.69504,-16.3646,2.06988,0.0362274,-0.161438,9.75509,17.3886,24.567,10.2735,-32.696,-824.232,-555.832,6020,3080,-2380
-4.8063,5.20481,2.90544,16.3008,8.77571,2.46386,6.85092,-0.992157,-14.8994,-5.47273,-3.68779,1.19684,7.88852,9.61243,26.652,8.07119,-28.304,-826.672,-559.736,6300,2800,-2100
-6.05812,2.43603,-4.96893,-3.17608,-6.15126,-0.352887,-10.1345,-7.36329,-4.98108,-9.46796,-1.83233,-3.32021,2.49183,-0.845209,1.96698,-0.764442,-28.792,-829.6,-562.664,6580,2520,-1680
6.37504,3.20452,-0.647272,-9.58381,-10.6953,2.29833,-8.44702,-6.15573,15.9806,-3.6736,5.12912,1.07218,7.72351,-2.31031,0.571447,-2.44604,-30.256,-831.064,-559.248,7280,2520,-1400
0.868874,-4.87782,1.7869,-8.27189,-11.0308,2.6535,-5.75602,-6.03894,1.97453,-5.35094,9.56092,-0.154802,8.65856,-5.08058,4.96106,-4.15822,-27.816,-834.968,-562.664,7420,2520,-1260
-2.71303,-5.15344,0.61233,-5.25935,-9.10526,-0.417838,-0.650412,-4.94732,-3.6658,-7.45364,9.03996,4.00373,5.65712,-4.94275,10.4461,-4.38757,-28.304,-834.968,-563.64,7840,2940,-1120
-1.59012,-2.06692,0.357,1.61681,-6.59855,-2.95968,5.85622,0.173224,-4.96102,-1.85751,10.1795,9.86684,3.80208,-1.61635,15.0436,-0.511869,-27.816,-840.336,-559.736,8120,3220,-1120
-17.3595,-14.3283,-6.8277,-7.9618,-11.7579,-5.48915,3.941,2.7423,-27.6914,-15.5905,-1.95454,2.33986,-3.3284,1.39015,1.77141,1.75089,-31.72,-841.8,-559.248,8540,3080,-980
-12.9891,-10.0434,-8.91317,-12.9195,-15.7044,-7.97066,-8.2114,0.905097,-18.7714,-13.8384,-1.01872,0.68929,-2.80623,-0.197554,-17.8978,-2.04551,-29.28,-840.824,-552.904,8400,3080,-1120
-11.882,2.20151,-8.06026,-4.65833,-10.7509,-11.9494,-8.5392,-3.6575,-11.7472,-8.76431,-1.75132,2.52238,1.00748,-1.88757,-15.4664,-2.42859,-32.208,-842.776,-558.76,8120,2940,-1400
-29.1584,-11.4809,-15.3711,1.61277,-3.66839,-9.33196,7.65493,0.189361,-31.2187,-21.1602,-15.8015,-5.15652,-2.11692,-0.575414,7.86744,8.06955,-26.84,-845.216,-552.904,7560,2520,-1680
-14.2017,-10.078,-10.512,11.0467,3.47956,-4.05062,15.1223,5.3401,-16.1737,-2.74319,-10.5341,-2.91445,-1.71591,-2.16872,21.6051,11.1494,-25.864,-847.168,-554.368,7280,2100,-1820
-6.35974,-6.25305,-12.9183,6.33483,-4.19799,-7.69573,2.80243,1.48638,0.115761,5.45886,-8.19831,-5.28878,-8.14577,-13.1319,8.72354,-0.930017,-24.888,-851.072,-555.832,6720,1680,-2240
19.1739,9.85775,-0.825314,16.7558,0.961251,-3.70135,6.78462,6.43227,28.5529,25.2143,3.86531,6.42164,-3.67572,-13.0732,16.8911,-0.749854,-21.472,-849.12,-555.832,6160,1540,-2520
22.9387,12.0775,11.1298,16.7002,12.4484,7.72325,9.96876,16.4848,24.8091,30.2492,7.65693,15.5532,0.223658,-3.56779,4.46152,6.59284,-21.472,-847.168,-555.344,6020,1680,-2520
25.2972,-1.85301,12.0388,-14.7416,3.65452,6.89462,-18.6003,9.70044,20.0815,32.4063,11.708,11.658,-2.57651,-11.121,-49.4769,-8.31,-20.496,-847.656,-552.416,5600,1820,-2520
29.5094,3.02489,12.2332,-18.73,2.79046,4.56333,-35.2608,2.63494,28.529,28.2789,12.7964,10.596,-0.920817,-15.0664,-73.8266,-19.2649,-20.984,-845.704,-551.44,5040,1400,-2520
24.6742,-7.95504,11.5346,-40.7867,-4.94346,2.96604,-51.3206,-5.43811,16.3445,21.6614,12.1937,3.31351,-3.23034,-15.7672,-102.178,-27.1323,-16.592,-848.144,-547.048,4060,1540,-2520
4.95318,-21.7178,5.04651,-39.9023,-6.0326,3.34379,-29.0459,-1.5289,-6.9407,0.70552,0.859129,-11.1985,-7.01133,-14.0207,-56.814,-16.0903,-17.08,-850.584,-547.536,3220,1260,-2100
-3.62541,-5.71152,4.7325,14.0201,16.5714,8.44981,24.1768,14.2983,-15.9331,-12.0318,-12.222,-10.8944,-6.68401,-1.68702,43.3676,10.8165,-12.688,-852.048,-548.024,2660,700,-1820
-11.4957,-1.02568,1.32704,33.5729,21.0846,8.91303,31.9694,14.6693,-22.1503,-22.9379,-18.344,-14.9754,-10.6194,2.4313,66.6009,12.5276,-14.64,-852.536,-548.024,2940,140,-1260
5.8215,13.9166,3.89868,30.2114,19.9904,7.16729,19.1881,8.23456,8.55041,-17.063,-12.0408,-8.24834,-9.27506,6.89293,40.311,6.18839,-11.224,-851.072,-549.976,3220,-140,-560
23.0701,33.9039,2.40769,24.6358,10.0464,0.529127,9.27709,-0.891913,48.4593,-15.2978,-10.0469,-1.82349,-4.99787,5.05068,30.8752,-2.34379,-10.248,-849.608,-549.488,3500,0,-140
-6.0767,40.5978,-1.57623,44.8401,20.7075,5.73717,28.6344,3.85832,22.8648,-45.3353,-27.0148,-0.614201,-0.381021,15.5387,52.6332,10.2758,-8.784,-850.584,-540.704,3360,280,560
-21.3659,9.40314,8.71531,8.98938,15.1212,9.18298,12.7335,-0.682409,-28.9415,-25.8138,-18.3158,-3.62779,5.73148,20.2916,1.78804,10.16,-9.272,-850.584,-544.608,3220,140,980
-30.5633,-28.3466,0.468826,-28.6036,-7.67724,6.7194,-1.65055,-8.26085,-52.0459,-15.1164,-1.27476,-21.3702,5.22979,10.3281,-13.143,4.47927,-7.808,-848.144,-541.192,2940,140,1680
6.63102,-7.26484,5.04355,-22.5691,-11.3593,3.80729,-4.37618,-14.9265,-0.403533,10.242,14.9467,-8.05356,9.74072,7.21514,-6.31741,1.32455,-9.272,-850.584,-541.68,2660,-140,2240
10.3767,4.05581,3.09334,-16.6714,-12.3746,0.350831,-7.68206,-23.226,19.0188,14.2447,12.9593,-1.89403,5.22149,4.49754,-4.31282,-3.04953,-7.808,-853.512,-545.096,2660,-560,2520
1.83206,-0.562548,-1.29392,-2.72353,-12.6608,-2.40275,9.18134,-18.9331,7.67321,12.386,7.25814,-2.07332,2.67607,3.00398,31.8915,3.21497,-11.224,-849.608,-544.608,2800,-840,3080
10.3179,15.7023,1.49948,18.2337,-8.12249,-0.831908,17.3079,-13.3026,19.3619,18.5099,5.25525,9.60508,-0.931753,7.0615,47.5276,7.30051,-9.76,-846.192,-549.976,2940,-700,3500
7.78641,21.1158,4.66133,24.7181,-2.47487,3.16282,12.5675,-6.3922,15.8193,17.5037,5.67166,16.1513,-0.241943,9.39014,32.0845,6.62463,-11.712,-848.144,-544.12,2800,-140,3780
-7.53298,-7.12171,-0.433936,-1.92921,-11.1201,2.35927,6.21135,1.34468,-7.81799,7.86536,6.59623,1.08208,-2.25026,3.281,16.0003,3.20654,-13.176,-842.776,-545.584,2660,560,3640
-21.7114,-24.363,-14.5873,-22.0755,-25.1243,1.36446,0.0959893,8.12108,-17.8174,-11.8057,-0.89813,-16.6147,-7.00217,-8.13484,5.71067,-1.34346,-15.616,-843.264,-555.832,1820,1680,3640
-14.2929,-23.5315,-15.689,-41.2316,-31.5993,-3.22551,-27.7562,2.77504,-12.3532,-9.82085,-3.45811,-12.2706,-6.79903,-13.8954,-50.4241,-15.7182,-15.128,-844.24,-554.368,1540,2380,3360
-1.52118,-3.51745,-0.940656,-20.941,-6.23337,-2.17732,-23.769,1.38737,-9.28325,0.437968,-2.24147,12.6215,-0.276577,2.20221,-60.6159,-12.5963,-13.176,-834.48,-562.176,980,2940,3220
-2.14138,3.11511,-0.451238,-4.79357,5.03989,-8.0719,-15.2787,-1.07065,-4.50111,-0.845904,-0.952559,17.6765,1.59528,4.8865,-41.333,-11.0129,-12.688,-830.088,-560.224,0,4060,2660
17.9922,24.7805,5.137,-5.16888,6.97707,-12.7679,-32.8319,-6.125,29.5737,7.68707,6.45748,29.762,4.85762,2.22133,-73.9826,-21.2892,-16.592,-824.232,-555.344,-1960,5040,1820
-1.03858,-0.327346,7.79221,-24.1786,10.5784,-9.27907,-39.7783,-5.83513,-25.508,9.57334,10.7366,26.7978,5.3704,7.31259,-97.2653,-17.4873,-16.592,-825.208,-559.736,-4480,5740,980
-68.7836,-83.4466,-18.4451,-32.7577,0.349278,-11.4297,-7.21933,2.63643,-123.016,-22.2664,-0.205863,-18.6585,-3.61959,-1.06243,-21.9272,0.989749,-17.08,-820.816,-561.688,-7140,6020,0
-51.5908,-64.2201,-28.3466,8.42011,-4.94091,-18.775,16.1704,9.71327,-68.8506,-19.0815,-0.926927,-26.9058,-6.21343,-13.3775,50.1532,9.79336,-17.568,-821.304,-560.224,-9240,5880,-560
-0.712543,0.780488,-11.4023,57.2929,15.5072,-15.5678,32.1339,20.3486,9.87404,5.8042,8.9099,0.855424,4.55062,-3.50386,80.9014,23.5703,-19.032,-818.864,-560.224,-12600,4900,-1260
6.55905,7.34661,-2.95805,54.8032,23.6026,-8.53603,35.9273,28.0891,12.9908,10.0924,7.507,7.76229,13.2022,4.55293,78.5251,30.8996,-16.592,-824.232,-563.152,-15260,4620,-2100
14.6744,9.70281,-13.3598,37.4977,5.88752,-10.4076,23.8647,20.5072,43.4782,7.52724,4.18061,-5.45292,6.24183,-8.87882,68.4159,17.0045,-19.032,-825.208,-564.616,-18620,4480,-3220
43.3697,42.6896,0.953915,53.3905,16.3553,-0.72788,30.3661,24.3702,83.7024,21.8363,8.91413,10.2814,13.6786,-3.61379,62.8974,18.6625,-20.984,-830.088,-568.032,-21980,4620,-4200
59.2245,68.9583,26.5314,57.0169,37.8682,12.7095,18.5827,18.2886,87.3946,34.2051,14.3159,37.1559,22.635,10.488,17.2252,11.3727,-24.4,-837.408,-574.376,-24220,4900,-5040
62.6535,58.6225,26.4339,8.10074,21.2312,12.6648,-14.7838,2.30492,91.3248,35.2206,17.4216,29.7674,16.5168,2.03124,-44.9602,-10.7392,-23.912,-841.312,-575.352,-26740,4760,-6020
57.5816,47.4333,22.1862,-25.8404,7.35079,13.8123,-27.9441,-3.51673,88.5456,30.7915,14.7057,18.562,14.3013,-2.12158,-68.5706,-17.0057,-21.96,-845.216,-580.72,-28140,4620,-6720
40.6955,37.3422,17.8495,-17.0817,5.57112,17.561,-11.4915,-5.39156,57.7786,18.8371,6.4563,7.83295,6.91389,4.05726,-36.106,-4.45433,-21.96,-846.68,-582.672,-29540,4340,-7700
-11.0311,-19.7571,-4.94209,-38.9896,-20.5562,8.98358,-5.45091,-14.2382,-18.8479,-15.8392,-14.4079,-30.4394,-9.77825,-6.44018,-7.77054,-1.35413,-21.472,-850.584,-585.112,-30800,4060,-8400
-49.075,-70.238,-17.6179,-76.2939,-46.2702,3.39801,-21.1579,-24.8398,-85.3033,-36.2591,-30.6017,-54.8496,-15.7629,-15.3342,-24.0726,-11.5324,-18.544,-847.168,-588.04,-31640,3360,-9100
-43.4273,-57.2045,-9.48145,-84.8969,-47.2875,4.17372,-36.8664,-30.3384,-88.8884,-31.027,-29.7108,-41.9778,-10.7857,-9.18706,-58.8731,-20.6495,-22.448,-842.288,-585.6,-32620,3080,-9660
-50.3229,-49.0588,-2.0814,-57.5455,-29.7269,4.96706,-16.1678,-30.4597,-111.884,-33.0385,-28.8536,-26.2137,-4.80104,5.31537,-31.8664,-14.3549,-21.96,-825.696,-578.768,-34160,3780,-10360
-49.625,-24.0997,-2.27478,2.89809,-6.89115,3.68322,27.4197,-19.0542,-97.1029,-34.8862,-27.0651,-13.269,-9.05727,16.561,43.2248,10.477,-25.864,-813.008,-570.96,-37660,5880,-11620
-9.21191,35.7404,-3.08617,42.7516,3.00956,-4.04374,35.0343,-14.2627,7.42873,-20.7628,-14.4114,10.4379,-9.44855,9.24998,64.8637,14.0472,-22.448,-817.888,-568.52,-42560,7700,-13300
14.512,49.9541,-3.02121,28.7638,-2.24521,-11.1223,1.44055,-27.1889,53.6417,-3.81633,2.30218,24.2996,-11.7741,-5.67992,20.6191,-10.3562,-21.472,-825.696,-570.472,-46340,8260,-14280
-7.98697,16.4454,2.88016,19.9592,10.9915,-4.99129,0.764938,-21.9532,-12.5661,-1.50724,7.73042,26.8407,-6.69429,-2.61865,6.50522,-7.5455,-21.472,-833.992,-575.352,-49980,9660,-15260
-13.6569,-9.49556,3.59457,3.50746,11.3791,1.91726,8.82256,-3.02067,-30.9942,1.51677,7.97319,17.8081,-0.514888,-6.89597,7.83335,5.21613,-20.496,-839.848,-582.672,-51660,11900,-15960
10.5608,5.49157,-4.51927,6.27283,-2.1506,0.15914,2.31251,4.87721,36.2309,1.96143,6.33286,5.38977,-6.7296,-27.698,20.5965,-3.32523,-15.616,-841.8,-586.576,-53200,15680,-16520
7.412,-4.07543,-8.01776,4.79991,-6.35532,-1.89714,-6.42022,8.11781,29.4223,-4.09424,0.0565806,-6.45397,-14.4382,-30.9096,10.4906,-13.0274,-19.52,-844.24,-584.136,-54180,19180,-16660
-1.24537,-6.6957,3.04537,16.5686,10.0543,0.975277,-1.10188,20.3631,0.939862,-4.07236,-2.27266,-2.70578,-16.1302,-14.1808,3.12347,-6.98436,-20.496,-838.872,-588.528,-55020,21420,-16520
-14.1936,-38.283,4.06275,-15.8987,5.48363,1.29602,-11.6059,27.7122,-35.8733,-3.89772,0.357313,-14.008,-20.7824,-5.69372,-38.511,-6.48627,-25.376,-838.872,-588.04,-56560,23240,-16660
-2.04626,-57.4308,0.860465,-69.1342,-18.7499,-4.15917,-46.1643,22.3696,-17.8557,7.08252,9.44264,-22.9394,-17.0945,-5.60541,-105.626,-20.7732,-29.28,-836.432,-588.528,-57820,24640,-16660
4.92335,-38.5301,1.17505,-41.1197,-14.3178,-1.79302,-25.1876,26.5688,-0.946412,10.9979,9.53698,-15.3043,-8.58625,7.00747,-62.0691,-7.0277,-28.792,-828.624,-582.672,-59500,26320,-16800
-3.67719,-21.0236,-3.09671,-2.74736,-0.616189,1.43388,5.7992,27.8574,-6.88384,2.33742,1.30196,-9.04285,-4.62877,13.8972,-6.67573,10.3198,-32.696,-827.16,-582.672,-61320,28280,-17080
17.708,17.8193,5.77516,44.0692,24.424,10.3522,30.6696,28.5947,32.5886,10.8789,6.74357,7.6923,6.60933,25.375,34.9343,27.335,-31.72,-821.304,-577.792,-62860,29960,-17360
25.8983,51.5721,18.113,103.596,57.6133,18.457,66.1218,25.3327,37.1951,14.4215,7.21282,22.8062,20.56,42.2764,96.3647,46.2882,-34.16,-817.4,-573.4,-65100,30660,-17780
28.3305,47.4519,19.6844,88.0164,55.5864,17.4664,64.7608,13.2707,36.3031,20.2135,11.3219,22.8262,26.5123,39.9513,96.4473,44.3385,-32.208,-812.52,-575.352,-66780,31080,-17920
30.4478,59.3067,8.78454,82.6348,45.1085,13.0455,51.8291,4.97079,61.787,16.5003,10.7439,16.0075,24.5215,27.9388,98.268,33.6929,-30.744,-814.472,-578.768,-68320,31920,-18900
30.4909,60.5505,0.435821,40.6424,21.2453,9.40273,-0.734188,-6.01739,69.6306,12.9335,11.1617,11.2184,24.0487,7.80015,20.1781,4.16165,-28.792,-813.008,-578.28,-70000,32900,-19460
2.77736,13.5616,-13.7417,-30.3984,-13.9362,4.99453,-47.2281,-12.6204,19.2996,-0.336914,10.5714,-13.4648,10.2777,-11.3167,-58.4562,-22.3287,-26.84,-813.984,-585.112,-70560,33460,-19880
-20.4554,-20.3354,-14.3229,-47.8759,-17.4861,7.15572,-38.4707,-4.71193,-38.3368,-10.9679,6.418,-22.9473,5.39166,-9.05755,-57.243,-17.7931,-20.984,-809.592,-590.48,-71260,34160,-20440
-3.52296,-19.5845,-0.0171372,-47.2477,-9.98257,6.85742,-21.3974,-1.9626,-30.3328,0.83049,11.7761,-8.90173,8.23414,1.61177,-41.5171,-8.7072,-17.08,-795.928,-596.824,-71540,35840,-20860
-0.906211,-11.1878,10.6035,-28.2692,-4.91979,0.739448,-9.24232,-2.48268,-32.6086,4.79581,12.3528,2.52094,8.98317,10.317,-21.152,-1.92664,-13.664,-787.632,-599.752,-72660,39200,-21560
-7.54855,-23.2281,5.76943,-69.1433,-39.8351,-21.2802,-48.7301,-25.6164,-25.0475,-4.98352,3.71363,-12.6736,1.05631,-6.65927,-76.7761,-27.1755,-12.2,-781.776,-604.144,-73920,43540,-22120
-18.5889,-6.71179,-4.72781,-27.6922,-34.342,-29.9425,-10.5703,-21.2602,-15.3945,-23.2084,-16.8909,-24.1429,-8.44839,-10.3373,-2.03369,-11.8071,-10.736,-780.312,-604.632,-75180,46340,-22680
-8.30372,15.2043,1.67857,17.7938,-10.3061,-22.0041,16.7918,-9.74934,-6.74552,-14.4446,-16.3771,-10.6538,-9.11253,-3.05893,48.8904,1.60487,-11.712,-784.704,-605.608,-76440,50260,-23100
4.16249,33.9528,-4.1686,35.408,-15.4868,-29.1857,-0.843877,-19.1246,35.9229,-8.9423,-18.5949,-4.59886,-15.7054,-13.2269,45.1551,-15.4413,-12.2,-792.512,-607.072,-77000,53620,-22960
-15.7251,-7.46145,-16.5568,-4.62667,-34.55,-35.3916,-20.3078,-27.5766,-5.38506,-9.25462,-22.2582,-14.481,-23.2336,-17.2684,0.68412,-20.9275,-11.712,-798.368,-615.368,-76720,56560,-22540
-48.7188,-58.8142,-21.9372,-32.9052,-35.2358,-36.5463,-18.2683,-40.1657,-88.4771,-13.3531,-27.4469,-19.5539,-21.7808,-14.5007,-19.1446,-16.5439,-11.224,-797.392,-621.224,-75880,58940,-21700
-41.0036,-63.6009,-18.6813,-40.823,-25.7246,-32.8517,-5.18478,-36.5086,-81.4079,-2.5526,-24.9922,-8.61925,-18.0212,-9.83245,-21.5124,-2.47628,-13.176,-790.56,-624.64,-75040,61740,-21140
16.1164,-25.8972,-1.61989,-64.2533,-29.1091,-32.1477,-41.164,-44.3592,8.52625,35.2068,-0.744224,26.393,-2.65486,-14.4508,-78.4852,-22.9762,-12.688,-783.728,-624.152,-74620,66500,-20720
-1.76113,-27.1091,-4.36124,-39.156,-18.7385,-19.2982,-22.5727,-32.3643,-12.5333,25.1801,-0.139756,33.3099,8.64208,-18.2829,-38.2298,-15.0678,-6.344,-775.92,-618.784,-75040,70840,-20580
-5.55224,3.36349,-14.7262,0.661648,-12.9136,-10.2299,1.09129,-11.8946,17.1789,13.7285,-2.45464,31.3277,12.3148,-26.0832,5.87179,-5.26787,-7.808,-775.92,-608.048,-76860,77980,-21140
-15.1791,19.6952,-22.2518,22.3856,-3.22304,0.22347,20.0547,10.4167,26.0143,1.72627,-6.56594,33.0516,12.4766,-28.3054,31.0295,1.64016,-8.296,-784.704,-605.608,-79240,84420,-21700
-31.8517,-9.90366,-20.8828,16.3445,6.29917,19.945,34.6217,33.5405,-14.7511,-3.36508,-2.76538,28.0739,6.97946,-19.9182,40.8928,9.34092,-5.368,-794.952,-601.216,-81900,88760,-21700
-6.4627,4.44791,-9.82526,40.1101,21.1362,35.2787,34.7928,50.0066,4.30693,11.8491,2.68197,42.3769,8.40258,-13.3336,51.7148,8.29629,-4.392,-813.008,-586.576,-83720,93940,-21560
16.0481,25.7175,1.1139,41.3401,29.0148,39.749,27.6731,48.0398,41.3743,15.0714,2.13986,53.8008,11.5207,-6.34256,34.462,6.73969,-5.856,-813.008,-603.656,-84280,97580,-21280
25.5231,14.5701,7.08383,13.5246,23.7045,41.7229,29.712,47.0564,57.8953,24.3065,21.0004,44.0773,15.0902,0.739898,14.8855,20.3484,-2.928,-801.296,-604.632,-84560,103460,-21000
9.75693,-15.9255,10.085,-11.4031,22.6188,40.1713,20.9608,35.1707,12.0808,15.1042,23.6004,30.0438,14.4125,11.4561,-21.9497,23.2729,-5.368,-801.784,-602.68,-84840,109200,-20860
19.2761,-23.7073,22.651,-33.6661,23.2265,36.4457,1.44457,17.8497,-8.47633,17.3453,29.1472,27.8665,16.1625,23.17,-60.1311,11.8848,-5.368,-793.976,-610,-85400,113400,-21000
13.7132,-33.2549,23.4658,-18.888,24.352,40.3946,23.6746,30.7452,-28.0223,-3.15714,24.5084,4.89414,21.2592,28.1364,-10.7211,25.4263,-3.416,-785.68,-609.024,-85680,119000,-21280
50.3423,42.9173,34.8262,66.8402,47.2379,40.2774,41.2959,26.3141,49.0301,-3.61391,26.3884,15.053,29.1883,38.3408,59.5575,25.3372,-1.952,-780.8,-607.56,-85960,123200,-21560
83.6049,101.625,39.6202,111.839,58.104,34.9998,37.685,27.0458,121.469,-5.96879,28.5582,9.50857,26.2206,45.0521,82.7283,26.6263,3.904,-783.728,-609.512,-86240,127960,-21560
92.2825,103.255,58.0388,96.1221,79.7627,46.0819,41.0593,42.9483,112.684,-10.0837,27.6777,-0.748209,33.0978,70.3736,48.5435,53.9132,8.784,-791.536,-606.584,-86380,130200,-21280
80.1477,57.5608,60.1992,34.7949,69.4209,42.8505,17.9002,28.969,80.2066,-20.728,28.7586,-46.3712,24.0694,66.1694,5.25554,53.9753,10.248,-794.464,-620.736,-85400,132020,-21000
27.1307,17.9392,40.7298,22.1948,55.3324,23.5375,-4.05984,3.67478,12.7248,-68.0123,1.23866,-107.98,10.053,43.9314,3.72236,34.7593,20.496,-793.976,-617.32,-83580,134540,-20580
-20.7077,-14.7266,14.9202,-19.5893,21.4061,3.71641,-50.7854,-13.1905,-45.3166,-119.991,-31.2242,-170.833,-16.7021,18.8944,-49.2565,-1.2528,15.616,-785.68,-626.104,-81900,137060,-20580
-79.6992,-54.0022,-26.9934,-62.1752,-23.587,-24.2262,-87.6755,-44.9014,-109.168,-159.949,-73.145,-216.478,-73.5649,-6.17002,-98.018,-50.6323,8.296,-725.168,-648.552,-80360,139860,-20720
-89.2682,-44.7708,-33.5739,-51.1383,-32.8852,-42.7481,-76.4155,-72.2596,-126.766,-73.9588,-59.9299,-127.765,-87.6036,-11.8254,-80.5582,-75.7363,23.424,-788.608,-612.44,-79380,142100,-21840
-52.3347,11.3,-25.8406,10.8171,-27.4745,-52.8095,-16.159,-60.5688,-45.1698,23.8236,-29.5077,-27.094,-82.0032,-6.3469,29.0501,-53.804,8.296,-780.8,-613.904,-81060,146160,-23100
-26.2385,28.3253,-21.5831,20.4192,-29.313,-58.9644,-4.16208,-38.6206,9.47551,69.7198,-25.5611,22.2149,-85.8963,-3.75511,48.4061,-35.776,7.808,-800.32,-604.144,-78120,149660,-23520
-28.5665,-4.30723,-36.5743,-31.2985,-69.6384,-72.4305,-38.4345,-38.6463,4.59607,81.8793,-28.1822,31.9651,-93.1482,-38.3297,-0.790304,-47.9479,28.792,-808.128,-620.736,-75180,151340,-23240
-52.1817,-40.8329,-40.6077,-34.7829,-65.3569,-59.6949,-3.48763,-14.8698,-74.4999,77.6208,-25.6176,38.1396,-77.9037,-40.6543,21.7345,-17.28,33.672,-808.616,-633.424,-75460,158340,-23660
-62.2831,-111.846,-23.5136,-94.7208,-57.5862,-37.0179,16.7408,12.4344,-179.078,89.4799,-5.49115,51.3029,-34.0959,-17.6926,-27.1721,12.6919,40.992,-795.928,-623.176,-72240,161280,-23660
-62.5736,-132.288,-19.2362,-143.831,-67.6969,-26.775,-5.07703,11.3677,-194.928,78.2741,6.03428,63.189,3.55357,-21.2949,-101.526,1.72629,38.552,-786.168,-614.88,-71120,160860,-24080
-66.5087,-74.8464,-43.8777,-76.4713,-80.7113,-29.9133,-10.7966,0.696889,-119.785,42.7291,-3.23316,59.65,24.0265,-70.9628,-43.3389,-20.9727,49.288,-775.92,-610.976,-71120,160860,-24500
-36.7852,-12.1538,-63.7389,-24.56,-103.522,-40.8151,-40.8796,-26.1185,-15.1235,26.3398,-2.68288,50.278,38.8597,-124.143,-13.8417,-52.5831,54.168,-787.632,-592.432,-72660,161700,-25480
3.64586,7.32789,-51.6679,-37.1968,-111.012,-34.5884,-79.9142,-47.5862,43.7435,28.6594,13.1644,52.3905,61.0426,-132.93,-53.4057,-69.9459,49.776,-799.344,-589.992,-75460,161700,-26600
64.7945,47.0119,-15.7927,16.1872,-51.8283,-15.1294,-34.4562,-40.5823,122.776,43.5721,31.5358,79.9948,87.9565,-92.8115,-0.35539,-31.6303,56.608,-804.712,-595.36,-76020,159040,-27160
82.1938,70.8367,6.1995,46.451,-8.8863,10.2939,24.1778,-9.28634,155.063,26.2894,29.2173,87.4755,102.62,-42.5175,43.7944,25.0059,60.024,-810.08,-601.704,-76300,156660,-27720
18.6504,28.4192,-3.54858,39.0538,-19.4448,18.8919,27.1132,2.20308,82.5056,-27.1266,22.8277,40.6758,103.696,-29.7516,51.2621,29.6352,59.048,-811.544,-589.992,-76440,155400,-28420
-4.22864,9.60521,-6.67546,21.8416,-33.6862,17.8161,11.7383,4.58203,76.9369,-53.4371,25.539,2.20224,99.0197,-28.5173,35.1072,12.0828,58.072,-800.808,-601.216,-76160,156100,-28700
1.60402,-0.461091,3.67983,20.9069,-20.6137,20.1247,34.1528,16.2359,78.2675,-59.8643,24.4121,-18.1267,95.8167,-10.456,51.3624,15.2451,59.536,-790.072,-625.616,-75040,158480,-30940
5.97952,-15.1015,20.5608,10.2159,8.09653,23.0164,34.9216,33.3556,54.1973,-56.8804,32.7152,-22.9364,94.1697,28.0281,35.0716,17.4797,47.824,-718.824,-746.64,-72940,170800,-33880
68.9499,58.2194,63.0899,45.2759,115.937,57.7511,51.2242,75.1861,118.484,-28.7802,58.578,21.812,72.0882,133.914,24.6969,66.0564,161.04,-788.12,-640.744,-42560,280140,-44940
134.276,136.682,88.4069,144.435,282.851,85.3956,88.3205,81.9847,187.745,1.68373,86.5928,73.949,-4.06873,250.474,77.5242,112.649,79.056,-780.312,-501.176,-36540,257180,-43540
105.66,98.8021,72.7914,155.639,294.903,85.9955,112.886,73.7224,112.697,-7.3618,60.8569,69.2283,-73.0333,264.077,96.6061,128.421,34.648,-759.328,-375.76,-56560,189280,-36960
31.113,10.4956,48.6552,76.157,185.849,63.9406,95.4709,56.6008,-18.8318,-41.3867,-4.73795,15.9812,-99.4178,177.376,61.1322,99.9933,39.04,-753.96,-459.208,-72100,108220,-33740
4.62055,-25.0284,33.333,26.4163,95.2804,35.4498,63.1641,24.3551,-56.1242,-61.3063,-65.8516,-35.0017,-110.875,94.4545,27.1117,51.3663,62.464,-783.24,-524.112,-80640,90860,-32760
-27.8598,-61.8489,15.868,-20.5263,26.9587,4.01859,5.4747,-25.3802,-116.167,-83.2808,-102.183,-73.967,-104.927,17.9499,-26.297,-18.0299,50.264,-789.096,-550.464,-79380,78960,-33040
-45.2682,-64.6254,7.49177,-40.3563,-14.561,-22.8148,-46.8176,-59.6541,-148.428,-67.3961,-102.405,-86.0612,-89.9069,-42.8058,-64.0473,-75.2646,37.576,-774.944,-550.952,-72660,69860,-34020
34.3578,31.0661,26.3131,-3.54472,-23.6498,-20.3913,-46.5261,-32.999,-1.30871,22.2446,-60.195,-42.7773,-63.7917,-64.5556,-53.2408,-56.9525,28.792,-766.16,-549,-67760,61600,-35000
33.9837,49.9266,11.2129,7.10628,-58.3723,-19.8164,-56.3163,-9.60075,41.0588,54.6994,-28.0168,-42.1726,-46.5398,-97.6668,-37.2848,-52.8717,31.232,-767.136,-537.776,-63840,48860,-35700
-51.9139,-55.7852,-17.388,-78.4534,-119.91,-21.7609,-89.7171,-14.3326,-81.0026,35.44,-18.1787,-77.8022,-37.1736,-123.09,-87.8082,-81.1803,42.944,-766.16,-558.272,-58520,38920,-35840
-62.8814,-74.4132,-3.94368,-92.6256,-100.889,-11.4637,-55.385,2.85906,-113.393,49.1049,3.30888,-43.9134,-11.6687,-97.2875,-72.858,-54.7304,52.704,-761.28,-577.792,-53060,31360,-35420
-66.1875,-72.7236,0.145757,-73.4685,-58.6511,1.47849,5.38529,32.996,-138.304,68.5885,33.1726,-9.58367,15.0725,-53.4639,-31.2503,7.5854,48.312,-763.232,-568.032,-51240,29540,-34440
-79.582,-65.4684,-34.2875,-94.1346,-83.5942,-19.7913,-33.0844,5.82639,-109.614,61.3736,45.748,-14.4461,24.1333,-59.375,-57.4012,-16.7818,56.608,-742.736,-573.888,-50400,28420,-33880
-25.5189,26.406,-47.9106,-25.1855,-87.7052,-39.898,-45.0292,-23.1856,30.5066,76.0017,61.912,14.113,33.6837,-66.98,-6.54799,-47.2876,65.88,-754.936,-585.6,-50120,25620,-32480
-24.5061,44.3093,-58.2713,17.6587,-77.9668,-35.6089,-20.7839,-22.0317,60.359,51.3264,53.0584,15.1065,26.7059,-47.3917,38.9355,-26.0452,64.904,-764.696,-595.848,-49280,23240,-31220
-24.6389,25.8093,-57.1429,-6.47821,-76.215,-28.3792,-42.0965,-36.3878,48.029,24.0655,30.5797,9.73124,17.1192,-15.5977,-4.05038,-22.1431,74.664,-753.96,-594.384,-47740,18620,-29680
-18.6155,-0.0182187,-43.8955,-32.9879,-54.0158,-22.1875,-24.9773,-43.984,20.2519,7.43782,12.0732,12.7139,20.3882,12.0396,-9.45816,-1.70071,76.128,-742.248,-594.384,-46340,15260,-28140
-10.8429,17.2406,-33.2555,18.4282,-16.059,-9.38802,23.3848,-25.6954,21.4874,-14.0035,-7.24158,15.2569,28.491,22.7789,57.4827,30.7291,78.08,-748.104,-592.92,-46060,14280,-27160
-6.03653,31.9374,-30.3024,29.6623,-12.082,-7.96188,13.5062,-32.2401,28.8078,-36.8224,-21.2232,4.4921,33.9093,8.97366,42.3551,18.8738,77.104,-746.64,-592.92,-44940,11620,-26180
-13.7089,-1.08845,-17.7265,-10.6503,-1.86524,-5.36755,-13.2589,-51.1834,-12.1107,-58.0254,-33.4661,-8.14067,37.9224,12.833,-22.812,-7.58363,79.544,-741.272,-613.904,-43260,7560,-25480
17.609,6.16167,12.4055,-5.56897,28.7067,0.275507,-37.5899,-54.4708,6.51346,-48.095,-23.4361,13.4245,46.9689,22.5435,-49.088,-33.7796,84.424,-742.736,-606.584,-41720,3500,-24780
25.7281,8.47055,27.5273,8.13343,54.3127,6.61919,-2.01843,0.283159,5.07415,-44.3836,-21.501,28.0881,45.6494,34.7461,-30.0069,10.9575,81.984,-745.664,-615.368,-39200,-2100,-24360
-7.77526,-30.7233,16.753,-6.64296,46.7192,14.2983,22.9164,43.6594,-36.7381,-54.9556,-32.8355,8.44902,25.6457,32.006,-10.1105,40.5044,86.376,-750.544,-618.784,-38080,-5180,-24220
-29.8489,-42.9104,8.12084,31.6079,51.1645,14.2742,50.0697,49.1423,-72.7174,-56.3509,-38.4058,-1.11442,4.99648,22.8575,55.7403,36.5368,85.888,-759.328,-613.416,-37100,-8400,-24080
36.95,2.52886,19.3547,62.9437,56.6624,12.5844,71.7602,61.41,13.4157,-4.86592,-24.5078,22.7441,-8.20345,15.9076,90.1721,42.3271,86.376,-759.816,-615.856,-35700,-11760,-23800
59.9992,21.1502,16.9623,51.1709,33.9113,8.39759,52.2473,50.348,71.7284,14.8088,-27.4426,14.9046,-24.919,0.257728,61.6773,25.8241,89.304,-761.28,-619.76,-34580,-15260,-23520
57.1733,5.98521,20.872,5.07606,15.3094,12.0019,13.3684,47.3471,54.5587,18.7619,-44.3597,-1.59662,-30.7251,-7.60427,-25.5218,9.47403,89.792,-762.744,-625.128,-33880,-17220,-22960
36.2087,-1.36696,5.55925,-13.2406,-8.87226,6.92423,-8.78428,38.8728,39.5601,6.21548,-54.0845,-23.4683,-45.5548,-28.56,-39.1205,-5.13123,96.136,-760.304,-621.712,-33600,-17080,-22820
31.8929,12.9096,1.62764,27.1475,2.83579,-0.0189835,10.214,7.87063,38.8668,16.0436,-15.6211,-12.5399,-47.6705,-26.114,26.6536,-11.3301,88.328,-751.52,-632.936,-33320,-17920,-22400
18.0937,-13.9706,6.68182,0.914302,3.71962,-1.72608,-5.87836,-34.6678,2.55364,30.0197,27.0686,-8.71645,-38.3982,-12.3544,7.66185,-36.3585,82.472,-756.888,-629.032,-35980,-17780,-22120
35.1904,24.6588,23.8078,27.2253,21.9265,-1.98978,-9.33617,-45.7398,36.0169,46.4297,51.0993,19.2618,-17.4344,3.80268,28.0158,-42.718,83.448,-761.768,-638.304,-35140,-15120,-21980
40.6944,60.9711,31.9674,52.252,34.7897,9.4367,0.164442,-6.67328,62.7924,47.3607,59.8434,38.2478,-1.71867,21.7685,36.2372,-4.99561,81.008,-762.744,-631.472,-34300,-15820,-20720
-27.3145,-8.06598,16.6966,-18.9395,7.22859,19.0864,-32.9216,10.3931,-38.8425,12.4552,54.334,6.33202,2.73064,20.7783,-47.7553,1.95652,86.376,-747.128,-638.304,-34160,-15820,-20020
-47.5194,-35.8098,9.06835,-45.985,-1.37207,12.5631,-2.65476,25.6149,-74.3968,-3.18112,48.6186,-2.30886,7.34646,16.7932,-40.5051,27.9421,88.328,-738.832,-625.128,-33180,-15820,-19740
-60.4699,-60.5089,1.10057,-56.7856,-9.70426,7.27076,41.44,47.5363,-91.7366,-14.8863,38.8282,-18.858,8.34888,15.2604,2.29768,61.7611,81.984,-752.496,-616.832,-33040,-16100,-19180
-35.17,-34.3049,-1.65164,-46.1818,-17.5888,0.714364,8.41017,22.0819,-37.1913,-10.2587,39.9619,-13.522,12.6191,4.84815,-15.4816,28.6842,87.84,-757.376,-628.544,-33460,-17500,-18480
28.356,41.3886,-5.53405,-13.8009,-21.3832,-8.72607,-20.5849,-5.86861,85.0973,7.55329,34.2594,12.3974,9.26399,-6.54968,-30.4868,-2.23335,85.4,-756.888,-630.008,-32340,-19040,-17920
40.4341,61.8029,4.01367,29.8319,10.1393,-8.02659,21.4045,-12.3154,89.0691,12.585,30.2478,32.2287,12.7669,10.9568,39.0442,12.4302,88.328,-755.912,-632.936,-32060,-18620,-17500
-6.92132,25.8597,-5.31301,28.103,14.2943,-7.0796,34.6876,-17.9888,13.4829,-16.3962,16.1576,14.8825,6.36249,21.4982,53.2189,18.4582,83.936,-752.496,-634.888,-30100,-19040,-16940
-45.5232,-28.6568,-29.0373,-33.2663,-31.835,-22.6365,-37.2829,-53.2942,-45.2014,-43.172,-2.71069,-20.6599,-4.41863,-7.86855,-26.9149,-37.2394,85.888,-740.296,-654.408,-28560,-18900,-16380
-56.5347,-29.1946,-34.5831,-17.1817,-33.6914,-29.8048,-30.7245,-79.0364,-52.1346,-58.0166,-22.2742,-28.7766,-8.94762,-16.9874,4.34436,-52.0503,81.008,-742.248,-655.872,-27860,-17920,-16100
-34.5639,-3.87896,-13.4343,2.98504,-14.1401,-18.8181,-26.3208,-78.7038,-32.2621,-41.734,-32.4557,-7.49822,-3.60701,-2.22954,-0.20243,-47.5526,84.424,-739.32,-651.48,-25760,-18200,-15540
-5.67195,-2.17756,-1.68275,-17.855,-12.337,-7.0368,-45.3376,-43.7035,-22.1042,-21.4463,-33.0663,4.63901,0.703985,4.85047,-62.6822,-25.9944,84.424,-738.344,-651.48,-24500,-19320,-14980
11.7015,-0.124067,0.886149,-15.3728,-10.8183,0.806249,-23.3987,-7.3226,-15.8683,-7.0211,-30.2834,7.45278,2.79204,3.1917,-56.3783,8.53891,83.448,-739.808,-646.112,-23800,-20580,-14980
-2.58569,-4.74389,-4.33358,14.265,-9.46697,3.34067,1.19584,-2.20126,-23.537,-4.90398,-25.3728,-6.13091,4.00211,-7.50913,1.31257,7.18184,84.424,-749.568,-645.136,-24360,-19460,-15120
29.4268,7.21682,1.07032,15.9521,-6.82607,3.84175,13.1115,6.96165,39.2617,22.5438,-7.2753,-1.87683,10.8913,-13.8664,17.7563,4.65075,82.96,-769.576,-648.552,-23660,-17500,-14700
14.1659,-18.8083,6.01112,-7.37516,-0.948626,12.51,3.70164,20.4757,7.17056,28.5056,-8.46525,-6.56001,10.5467,-5.13381,-14.1923,4.69917,80.52,-776.896,-653.92,-21840,-15960,-13720
-2.44675,-16.7695,4.74604,-3.92836,-2.10369,15.0039,-18.8658,30.2278,-4.81002,24.9437,-16.5613,-12.6392,3.01436,-6.13332,-28.7759,-7.09944,78.08,-779.824,-664.168,-20440,-14980,-13020
-25.4073,-16.1934,-4.1219,17.2301,1.15826,10.2648,6.10212,37.0992,-18.7259,11.8984,-26.8961,-22.1795,-3.48402,-12.776,25.9674,-0.0886879,75.152,-774.944,-670.512,-18480,-13160,-12600
-32.8974,-18.6364,-8.30242,24.4799,13.7543,10.2919,27.8893,42.3216,-23.5151,5.50419,-31.7352,-23.9157,-2.48871,-10.049,54.3202,8.7166,78.568,-775.92,-671.976,-16940,-12320,-12180
52.817,49.9911,28.9458,47.7969,54.8414,18.2046,37.6994,46.5995,60.5988,58.3644,-1.99997,38.0354,14.3618,16.6521,31.9394,18.3407,75.152,-771.528,-667.096,-15680,-11060,-11620
59.7482,55.0395,17.7889,34.5579,33.769,13.6978,27.0529,51.1643,71.6553,56.4368,8.68257,33.3194,11.6783,1.8541,20.5127,16.7654,79.056,-774.456,-658.8,-14560,-9940,-11060
5.08935,-12.7373,-16.7744,-29.0196,-16.8869,4.5528,-14.485,41.3655,-4.97366,18.4675,7.73447,-15.4316,-0.145125,-28.6524,-26.2706,-5.20549,80.032,-773.48,-658.312,-14280,-9800,-10640
-19.7743,-39.7206,-24.5543,-58.9999,-27.3863,5.65852,-31.6411,34.1806,-50.9355,-2.83422,5.18996,-29.3363,-2.35369,-26.9468,-61.9056,-9.6466,82.96,-773.48,-660.264,-14420,-9660,-10220
-1.3039,-1.47573,-12.4165,3.16701,7.44431,5.93638,24.4084,35.9006,-27.49,0.51171,3.52945,-5.85398,0.453689,-4.41811,26.0958,20.7947,82.472,-770.552,-657.824,-14700,-9800,-9800
20.2967,23.2174,-0.44134,17.6787,17.677,-0.411868,33.4188,9.55891,9.34369,7.53517,7.08593,11.256,-1.78902,11.9601,29.7753,19.0894,86.376,-763.232,-657.336,-14980,-10080,-9240
66.0498,76.9021,21.1515,39.8202,24.2106,-5.98305,14.3962,-22.6613,88.9731,26.3691,19.4445,45.7476,0.287139,22.8342,20.7922,-1.16354,89.304,-758.84,-656.848,-14980,-10500,-8960
26.7964,48.3043,24.5824,57.551,38.8321,1.10216,42.9715,-15.2207,23.0191,-0.1157,7.19254,40.2237,-2.66887,40.9769,66.7082,26.5857,90.768,-754.936,-662.704,-14420,-10500,-8540
-54.9989,-43.9776,-8.76279,2.52268,-1.42224,-9.71954,29.4128,-21.8244,-72.6358,-55.4568,-23.1782,-24.3112,-19.8877,15.9102,57.2555,19.6674,94.184,-755.912,-662.704,-13440,-10640,-7980
-57.0869,-57.2295,-4.86071,-35.0526,-22.9661,-14.7984,-15.8398,-45.5891,-64.551,-52.0961,-15.2188,-34.8417,-14.0538,-0.0106097,-12.9209,-12.124,95.648,-752.496,-665.144,-12180,-10500,-7420
-6.03016,11.235,12.3365,-31.2737,-34.5468,-20.699,-80.4794,-64.2622,31.0164,-17.7074,12.1643,-7.07518,1.77377,-15.3856,-93.9689,-54.5978,91.256,-752.496,-661.728,-10640,-10360,-7000
-0.636234,8.82969,2.60706,-36.4698,-41.6282,-21.0328,-78.6063,-43.0559,43.6744,-17.2518,8.33139,-13.2228,-2.16264,-21.9969,-89.647,-41.4636,94.672,-757.864,-666.12,-9660,-10360,-6160
-15.465,-46.4152,-8.63676,-68.0576,-45.4502,-10.3516,-55.0431,-15.2042,-2.12492,-22.3475,-4.77074,-34.3213,-5.42616,-18.0577,-64.5991,-16.1782,92.72,-759.816,-667.096,-7980,-10500,-5600
-11.8283,-45.4547,-6.34933,-47.5613,-24.3961,-3.10149,-14.3786,-10.7357,-10.8599,-7.92829,4.42929,-24.3396,-0.577009,-13.1748,-12.1922,-3.26301,91.744,-765.184,-667.584,-5880,-10220,-4760
9.12886,-15.4503,15.9921,3.23521,30.9764,15.9255,53.8375,14.5357,-9.05826,10.0689,10.5981,12.4714,15.4325,17.5854,48.9485,38.4457,87.84,-758.84,-666.12,-4200,-9800,-4060
41.4792,41.5076,26.2791,66.9717,56.5572,20.2521,77.0281,28.6012,42.2047,23.9103,12.0415,43.7395,16.2761,25.535,97.3995,48.3195,81.496,-756.4,-655.872,-2660,-8820,-3500
3.23154,18.0661,3.83779,22.037,12.4874,7.38734,3.55276,3.94092,5.18474,2.91169,13.2677,24.7659,6.4518,-2.44876,-0.25382,-2.52322,82.472,-757.376,-656.848,-2240,-7980,-2940
-25.026,-1.38333,-9.80528,13.0112,-2.9857,-1.64034,-13.3594,-27.3791,-33.2882,-12.5582,13.1731,12.312,2.62867,-13.6704,-12.296,-36.1417,80.032,-757.864,-654.408,-1680,-7280,-2660
-29.6604,-31.4262,-28.3233,-16.03,-28.644,-7.20915,-24.375,-21.3712,-25.3016,-30.3016,9.65871,-12.412,-9.05196,-26.7805,-8.88099,-42.4148,78.568,-754.936,-652.944,-1120,-6580,-2520
-26.0276,-35.3107,-10.8713,-14.2204,-2.84477,11.2386,3.21676,27.9125,-47.2415,-22.887,4.67001,-3.69382,-0.929143,7.23434,-1.53707,8.93857,74.664,-755.424,-649.528,-1120,-6020,-2380
-0.938758,14.9464,6.35943,33.0174,20.3784,17.1361,37.9237,41.0867,-9.98256,3.58595,10.1633,17.3829,6.5436,24.8196,37.3518,36.6123,75.152,-754.936,-649.528,-1260,-5040,-2380
36.6148,56.0972,2.07519,33.1916,2.24901,-0.176767,7.43998,13.6758,67.1309,14.8816,16.8117,23.6973,2.16027,7.76506,6.19939,6.87366,77.592,-752.496,-647.576,-1540,-4200,-2800
41.6952,61.8742,4.90356,32.5435,8.15965,-5.8144,11.0417,5.45064,70.3923,19.7404,9.8591,28.2016,-0.289935,14.483,5.18417,13.6887,77.104,-758.84,-649.04,-1400,-3780,-3220
-24.1591,-27.5592,-7.29465,-27.9489,-2.40223,-0.477081,-4.70135,1.69798,-68.1331,-2.77145,-4.80077,-4.44902,-8.96539,20.177,-39.3467,17.0463,81.496,-758.84,-655.384,-1120,-2800,-3500
-43.2826,-56.3173,-7.25424,-41.6676,-5.98391,0.285664,-14.2286,-11.6826,-115.209,-8.71477,-5.11589,-15.8829,-6.02877,17.5596,-44.4624,3.30544,82.96,-754.448,-657.336,-840,-1260,-3780
26.1642,1.11886,-7.11858,-26.5459,-27.7476,-15.1008,-27.5182,-27.6344,23.558,23.0035,5.89647,-6.95864,-5.75889,-10.2461,-27.896,-18.9709,88.816,-757.864,-654.896,-280,1120,-3780
73.0169,48.561,6.05476,7.81344,-14.6543,-16.0661,-15.2261,-33.8935,101.02,44.1273,-1.77429,15.3112,-0.624509,-7.87918,1.17565,-20.8002,88.816,-754.448,-659.288,140,4060,-3640
51.5296,56.1209,13.8345,42.2478,9.35011,-15.3846,6.45967,-41.4047,78.114,31.1699,-11.2781,19.7965,2.66385,-0.624076,48.1576,-24.3268,92.72,-758.84,-657.824,840,5740,-3080
-62.0551,-35.4549,-23.9995,-11.5519,-14.0825,-14.6651,-4.10326,-20.0164,-48.2952,-34.4671,-21.8261,-43.9146,-17.9484,-12.3423,16.1432,-15.4047,88.816,-755.424,-661.728,1820,7980,-2380
-93.8761,-88.8986,-35.3657,-62.8846,-32.8,-8.87505,-38.1366,15.1523,-102.361,-50.7943,-33.2598,-68.6749,-22.8394,-19.7889,-52.6731,-5.84268,87.84,-753.96,-659.776,2240,9940,-2100
-40.9188,-68.9442,-12.6956,-52.8593,-6.2198,5.95127,-9.54436,45.3495,-63.1168,-10.1958,-32.6632,-39.0862,-12.1319,-1.96408,-36.0497,28.9074,85.4,-749.568,-656.848,2660,12180,-1540
-2.29663,-4.65434,2.51671,-14.7675,14.742,1.02314,-3.59178,28.8029,7.23078,14.2442,-13.1489,-6.94674,-2.22131,-2.28156,-30.216,16.6251,86.376,-749.568,-652.456,3080,14000,-1260
45.5754,77.1828,20.6841,72.5528,54.6394,-3.6629,41.1318,17.2057,86.0779,36.0182,-3.61241,34.7285,4.90403,7.5982,55.7724,21.0627,83.448,-753.96,-647.576,3080,15540,-1260
20.9854,45.5508,12.4768,81.7479,51.9829,3.38513,70.7013,20.3749,50.3232,18.6178,-8.10749,17.1619,2.57534,8.01022,118.55,31.4424,83.936,-758.84,-642.696,3220,16940,-1680
-0.241208,16.7938,6.54516,43.5213,22.077,-0.229952,23.4103,-17.2366,9.68558,-1.17559,-9.19333,1.94283,1.51843,-10.2193,63.9188,-18.9354,83.936,-761.28,-654.408,3780,17500,-1820
-0.632314,9.29388,12.9468,32.2275,23.1678,11.7398,23.7475,-11.1332,-3.26606,-2.15171,-8.76162,3.04649,7.82058,-4.28016,50.5077,-15.6903,82.96,-763.72,-645.624,4060,21280,-2800
25.2891,14.7008,19.9757,1.42015,5.79857,22.0397,-8.21174,15.3836,23.0711,15.376,1.92783,12.2292,17.6326,-3.75258,-12.3902,-7.05659,81.496,-767.136,-647.088,4480,26460,-4200
10.0999,-4.84739,7.17999,-25.1405,-20.5291,13.7581,-31.0643,10.4629,7.33676,-2.3376,-8.00856,-2.66984,13.9431,-12.3602,-44.3439,-14.8123,86.864,-775.92,-656.36,5180,29400,-5040
24.4423,12.2737,10.9125,-3.11719,-11.6218,5.59162,-27.6096,-0.183973,16.7161,5.22931,3.93893,8.67233,13.2793,-7.03093,-47.4565,-16.5562,84.424,-775.432,-662.704,6860,30240,-5040
9.95668,-17.8569,6.44616,-51.1439,-26.6073,7.57372,-33.0295,6.15587,-14.0637,5.84342,15.3578,0.305612,12.149,-0.707009,-92.4935,-8.39962,88.328,-768.112,-676.368,7560,32060,-5040
-6.069,-23.3422,-13.1719,-45.3899,-41.6076,-0.660364,-22.6317,0.71705,-7.40802,-11.8882,9.88608,-15.9096,-0.716086,-9.05319,-53.575,-7.86261,92.72,-762.744,-687.104,9100,32620,-4340
21.6663,8.36069,-13.4003,-10.7919,-33.6338,-5.04002,-9.60004,-0.216404,26.8006,-2.046,11.3024,0.740326,-4.98075,-8.93936,-2.03085,-1.80141,95.648,-752.984,-688.568,10500,30100,-3080
-38.9667,-60.717,-23.7577,-39.4187,-35.5929,3.52742,-3.90641,14.0174,-88.1162,-27.8892,0.448941,-27.5899,-11.0486,-1.41428,2.64859,15.049,100.528,-734.44,-696.376,12320,25340,-1120
-57.2989,-52.158,-21.3066,-12.5317,-20.3856,5.46937,-2.2479,12.1498,-99.7767,-38.0043,-4.63481,-26.432,-7.15901,-0.386076,14.3096,11.1138,104.432,-723.216,-693.936,13160,21980,140
-12.5338,-1.71468,-6.35342,16.378,3.19373,-2.99495,8.25305,-13.4577,-16.3609,-16.2923,6.746,3.13191,-0.665603,-2.29513,21.3263,-1.99516,104.432,-721.752,-686.616,13440,20720,840
36.563,40.1772,20.2396,20.4001,28.897,-4.69434,3.61815,-31.9742,47.3572,14.0983,25.7347,40.3547,8.69481,6.6251,-7.78134,-12.2159,101.992,-729.56,-681.248,13860,18620,1820
24.99,24.2547,33.8705,19.9486,53.8429,15.7451,29.1116,3.35283,9.98792,16.9631,30.4976,48.8437,14.4232,30.172,5.52098,27.743,98.088,-735.416,-681.736,14840,16660,2380
-7.33959,-2.52499,15.398,2.66959,30.073,17.1332,22.6853,8.56445,-16.6039,1.49648,33.6999,19.3506,2.52518,17.1213,2.15861,32.3314,97.112,-745.176,-675.88,15120,15680,2800
-1.7661,4.69503,0.768603,4.5353,7.03918,6.64471,12.7821,-6.89549,11.7355,0.0386514,29.7304,0.532944,-2.16692,-5.22522,20.2163,7.94373,91.744,-754.936,-668.56,14420,15680,2800
28.1794,48.6433,9.8921,53.1348,33.4557,10.3458,52.1763,9.5382,63.9704,12.4035,15.8379,19.2973,1.31566,10.3999,75.6458,28.016,90.28,-758.352,-670.024,14840,15260,2940
38.9453,60.8293,21.2438,61.2877,38.7713,8.45541,26.8163,-0.0810515,66.2158,20.0955,10.0657,32.6139,6.37282,18.0234,58.286,5.70419,87.352,-756.4,-664.168,15120,15120,2940
16.1016,3.79084,13.3359,-9.06345,9.92526,-1.73016,-13.4224,-11.404,20.5832,16.4775,12.9961,12.7018,8.98767,9.15893,-19.7456,-14.7266,89.304,-751.52,-673.44,15960,14560,3080
-94.2592,-100.617,-35.8361,-113.726,-42.8263,-6.30607,-41.019,-2.80236,-87.0795,-68.1817,-34.2434,-61.598,-9.49654,-9.58286,-98.0632,-13.9578,88.816,-743.224,-672.952,16520,15120,3360
-64.2339,-36.5094,-33.4483,-40.5806,-29.8347,-10.5124,-47.1681,-4.35674,-41.6168,-64.1009,-62.5229,-43.4986,-15.552,-14.0277,-52.5752,-29.0147,88.328,-737.368,-676.368,16660,14700,3360
23.8322,56.0996,-1.81884,33.8648,-12.5783,-21.6637,-42.2288,-26.777,63.7315,17.095,-18.8758,6.28218,-3.90835,-12.4339,-15.5589,-44.8786,89.304,-739.808,-665.144,16660,14560,3360
44.0217,44.9247,20.0257,43.7084,10.9147,-19.563,-3.08419,-32.405,41.5935,49.4779,9.31612,24.0547,7.11278,13.1714,22.1223,-28.3896,91.744,-739.808,-675.88,16800,14140,3500
51.6162,45.2213,13.6029,36.5972,2.09383,-21.9826,13.6819,-2.97738,67.9828,52.0054,8.15888,19.7022,5.77554,9.34439,47.651,-4.85743,91.256,-738.344,-670.512,16520,14980,3500
8.03721,6.41751,-14.6572,-11.6032,-36.452,-25.2082,-26.2844,20.8912,32.619,23.9029,-7.28179,-16.1251,-10.012,-10.3502,-12.7765,-1.75737,92.72,-747.128,-665.144,15820,14840,3640
-34.0693,-36.7077,-23.933,-29.6951,-36.6952,-24.1942,-33.2687,24.4113,-49.1089,1.06987,-16.6127,-32.1955,-18.1413,-8.88782,-37.6187,-0.480888,93.696,-744.688,-668.072,16100,15680,4200
-50.002,-37.7815,-23.5719,8.83462,-4.69501,-14.336,54.1508,42.9802,-60.8592,-16.9742,-25.3197,-29.7337,-14.0908,9.54567,66.1966,46.9165,92.72,-746.152,-671.488,15680,16100,4480
2.13567,1.45223,-5.2205,31.5823,12.1529,-9.82253,72.5408,41.1294,-3.32362,14.1452,-5.38534,1.88276,-2.58144,16.5116,87.7379,52.9044,92.72,-745.176,-669.536,15540,15960,4760
-2.24479,-32.7388,-6.56145,-20.6084,-6.0389,-2.44604,27.0121,31.6417,-34.6748,12.8751,5.48733,-5.75179,-2.94553,4.94525,12.86,30.9114,92.72,-748.104,-666.12,15400,15960,4900
-16.1612,-88.873,-9.04903,-94.7588,-27.8451,6.55676,-27.1896,5.39152,-89.733,2.34862,2.96419,-22.8612,-3.12943,-18.2173,-77.9157,-5.67255,95.16,-746.152,-665.632,15540,15820,4760
-28.063,-77.5102,-3.58193,-71.777,-18.2687,8.20925,-17.2185,-14.7139,-96.8584,-12.7243,0.213749,-23.4251,1.28933,-27.8421,-43.1169,-17.9211,91.744,-739.808,-660.752,14700,15820,4200
14.1214,40.7355,14.7286,67.8277,30.5294,13.5245,29.6954,-4.34548,14.0188,-11.7201,-3.45775,22.7356,10.8658,-14.1137,72.8935,4.79456,89.304,-743.712,-649.04,14000,15820,3640
65.0725,96.5668,34.1894,83.7694,37.6994,16.0345,-10.4733,-30.9017,93.0881,17.3623,13.5267,59.4396,15.1779,-9.14052,16.6118,-23.4448,91.256,-747.128,-649.04,12460,15680,3220
40.9688,52.7891,18.5009,15.1464,10.0239,12.8123,-37.3835,-62.1473,76.0263,1.07892,12.2907,37.1781,8.88966,-15.8484,-48.0307,-46.9826,84.912,-752.984,-648.064,11480,14700,2800
32.7866,38.5319,10.0827,13.8699,17.4566,18.2089,-19.4997,-48.8953,63.4028,-6.79509,4.86716,30.9034,6.1442,-3.0343,-31.5025,-24.6838,88.328,-751.52,-650.504,10920,13440,2660
-21.3202,-3.77123,4.44956,5.19192,28.7272,26.9228,-4.7496,-26.9026,-35.9341,-31.6489,-11.7771,14.1964,4.04404,23.7247,-33.4003,7.43771,87.84,-750.544,-648.552,11060,12740,2380
-57.1719,-40.5755,-26.2112,-18.7,-14.3304,10.3444,-18.1277,-25.3109,-49.5924,-56.6346,-20.452,-32.4964,-6.31099,0.960537,-18.0406,-1.269,88.816,-748.592,-651.968,11060,12320,2380
8.55506,11.5163,-16.4903,16.1074,-14.1527,-2.53002,6.72539,-11.4824,54.5233,-16.9814,-8.79908,-13.9045,-7.52735,-0.713367,37.3699,9.22484,88.328,-747.616,-649.528,11340,11760,2240
2.53819,3.50796,-10.5916,-1.0891,-12.4263,-4.61976,0.905186,0.0205742,24.7307,-9.59712,-8.5467,-8.67695,-10.9252,5.62505,6.94825,8.23614,85.4,-747.128,-651.48,11620,11480,2380
-31.9012,-57.6531,-9.29757,-50.3853,-17.9015,1.22054,-3.54723,18.2176,-64.108,-9.53783,-2.70599,-25.366,-11.4279,11.9179,-26.0838,10.5854,90.28,-741.272,-659.288,11620,11200,2380
-19.5952,-52.4848,0.813226,-54.6078,-12.8393,2.01159,-1.71998,31.3101,-58.6971,11.0106,17.0269,-21.1739,-1.2859,13.4091,-34.0976,11.2026,88.328,-741.272,-656.848,11480,11340,2800
17.6056,9.73812,9.30861,-1.21732,9.35196,1.79091,15.6629,40.2253,15.3181,24.0936,15.1702,-1.23908,4.62249,7.96585,3.48487,12.2028,88.816,-741.76,-650.016,10920,11620,3220
12.1525,33.8877,10.2293,29.0402,21.0176,-2.15099,21.0369,20.3477,22.2742,21.4821,16.3133,0.0755754,7.51725,-3.29891,25.9958,-4.07157,89.792,-741.76,-651.968,10220,12040,3500
-51.8674,-24.4384,-13.8621,-20.5104,-16.6408,-9.21174,-30.0466,11.2444,-54.7753,-14.7544,6.09203,-43.919,-2.03414,-17.5745,-38.7692,-26.7376,91.744,-742.248,-646.112,9520,12040,3640
-11.2445,-30.557,3.74351,-60.48,-19.0593,2.41914,-35.5436,27.887,-29.825,10.3566,8.32027,-28.7931,5.79664,0.733188,-77.2554,-4.71993,92.232,-744.2,-645.136,8680,11900,4060
-3.20905,-1.77948,18.4925,-4.19772,26.2334,19.5724,32.312,25.702,-22.3962,12.8705,5.64332,-1.75629,11.7034,23.3003,7.69166,29.836,92.232,-743.224,-644.16,8400,11900,4340
-13.5208,20.8907,-0.186469,43.208,23.7749,3.9662,44.525,-0.0798864,-3.44477,-5.49775,-4.18087,-0.946622,-1.44656,-2.95286,73.8994,10.685,94.184,-750.544,-641.232,7840,11200,4340
34.1304,56.2116,-6.05455,61.1207,-5.34241,-22.9686,1.1412,-34.9552,77.7042,12.6555,5.81787,15.2225,-8.38452,-29.5794,77.0666,-35.9186,92.72,-750.056,-640.744,7420,10500,4340
33.4423,47.1571,-1.61778,60.787,1.89557,-9.05566,15.6879,-5.42972,66.962,0.709124,-14.8366,27.8502,-8.41612,-4.54939,76.3315,-0.338831,94.672,-747.616,-645.624,7700,9800,4480
62.6618,64.8689,25.7059,63.1002,28.8735,13.9457,46.8711,17.0686,89.8923,29.4325,9.4265,55.1826,8.78983,28.5775,71.2788,37.6885,101.016,-746.152,-650.016,7700,9240,4340
35.1751,26.3408,18.4703,12.9592,4.69058,10.0912,14.1937,-3.6432,48.5557,24.4259,21.0678,31.5388,6.82495,18.0083,9.16919,14.5083,106.384,-738.344,-657.336,8260,10080,4620
3.41643,-14.753,4.6809,-25.2074,-9.15405,14.2228,6.30006,17.179,0.689454,-2.08034,-5.48246,5.50178,-0.361258,15.3146,-16.1101,28.0534,102.48,-732,-654.896,8260,10780,4900
14.0214,-0.84542,6.53448,-6.06905,0.301053,13.5714,-3.75603,14.8859,4.06632,4.57578,-5.64738,13.6122,1.52149,11.1151,-17.5045,17.8419,105.896,-732.488,-652.944,7980,11900,5180
-17.7169,-37.483,-2.81097,-35.8912,-7.55127,-6.55482,-46.4757,-38.4066,-65.4758,-2.48747,-5.64295,2.68972,-2.90902,-17.1506,-69.7248,-45.6653,102.48,-728.584,-654.896,7420,12600,5180
-20.7297,-38.3327,-7.73231,-37.7334,-8.98021,-16.9834,-46.7147,-39.6823,-56.1881,-15.6718,-5.93063,1.26184,-1.20064,-14.7712,-65.7418,-46.2633,100.528,-731.512,-655.872,7000,13160,5460
0.0331667,1.26842,-14.7165,-12.4452,-18.8546,-11.0629,-24.6419,3.04239,21.0685,-20.0591,-5.29884,4.77424,2.09533,-9.69474,-18.5558,-4.93414,101.992,-731.512,-654.408,6440,13720,5600
-2.18072,1.98206,-8.62242,6.34273,-8.58848,-1.30669,7.31545,27.3364,11.9865,-4.22529,-4.5347,6.25879,9.12194,-0.306519,23.182,26.0149,101.504,-733.952,-657.336,6300,13720,5600
-44.3527,-48.8019,-17.1171,-23.8328,-11.4258,-8.99118,1.72975,18.4285,-71.7645,-19.6858,-17.0216,-18.7042,1.13115,-4.3579,-6.91508,20.6551,101.992,-739.32,-656.36,6160,14000,5740
-43.2194,-41.8756,-11.9101,-24.7303,0.836882,-17.108,-13.6856,5.83388,-77.481,-19.6338,-20.7114,-15.8076,-2.01974,-4.29008,-51.8265,4.45115,99.552,-736.88,-656.36,6160,14000,5740
-15.9834,-14.1591,-2.7258,-18.8914,6.43301,-33.209,-20.1635,-18.8321,-28.7581,-2.39853,-4.10681,-8.65519,0.0950283,-11.6964,-61.5443,-19.0625,94.184,-738.832,-650.504,6720,13720,5740
-19.3151,-29.3025,-16.9058,-32.183,-19.5551,-49.6469,-26.9155,-53.579,-27.8985,-4.72587,-4.00158,-32.5204,-12.7712,-48.1353,-25.4135,-59.23,93.696,-739.32,-649.528,7000,13160,5880
-10.1736,-11.5672,-16.4032,8.15993,-22.096,-46.6308,-11.6008,-45.5432,-13.7558,3.31213,-2.01344,-33.9831,-13.8774,-53.3311,46.2538,-57.2372,89.304,-743.712,-647.088,7280,12600,5740
53.5778,87.8415,20.0764,97.7351,20.6776,-13.8242,47.9551,1.59656,102.167,36.1031,15.8597,15.6466,10.001,3.02251,125.703,9.55815,87.84,-750.056,-643.184,7560,11760,5460
45.5355,73.9041,34.19,60.3765,32.1795,29.837,50.5326,29.9309,86.2374,31.5326,16.9661,21.0891,18.7362,42.3647,65.5376,43.0371,87.84,-752.984,-644.16,7280,10780,5180
33.0383,38.7049,23.5899,1.38783,23.5233,38.9212,23.6742,24.2359,69.7459,11.935,3.69322,9.06288,11.1281,39.0285,-1.58528,29.6969,88.328,-752.008,-652.456,7560,10220,4760
-2.49698,-11.5663,11.2213,-30.6366,12.7468,38.3614,7.4027,14.8963,8.38987,-3.3278,9.33824,-8.60588,6.68154,32.3238,-18.3195,17.1633,90.768,-745.176,-649.04,8120,9800,4340
-56.7398,-97.0812,-3.3148,-94.8338,-25.0935,33.8203,-47.3611,6.72517,-109.92,-17.1027,17.7502,-42.0982,5.22155,16.1585,-85.9621,-9.20877,89.792,-735.904,-652.944,8540,9520,4060
-34.7352,-43.1652,-8.08083,-35.4387,-15.0722,25.631,-26.286,16.7099,-55.1574,-22.8437,-5.26252,-19.8845,-0.388579,9.60197,-39.4491,4.00482,87.84,-728.584,-649.04,8540,9100,3500
16.6728,54.6768,2.0601,59.8999,23.9766,16.0108,39.3687,20.2091,52.4054,-2.31553,-12.4979,24.9051,-7.0363,13.9571,55.6518,30.582,89.792,-725.656,-646.6,7700,8260,3080
41.5534,62.3152,5.54274,49.1996,20.5154,1.38812,31.1318,-1.13683,71.9618,17.2631,5.92204,32.2483,-14.7519,3.99539,33.7119,16.3684,90.768,-731.512,-644.16,6440,7700,2380
-1.23028,6.33522,-1.54752,16.7572,12.5762,5.9559,29.188,10.3856,-10.8413,1.4235,12.3015,10.1092,-14.9566,0.317588,17.7402,22.2552,91.744,-733.464,-651.48,5600,7420,2100
-35.7062,-47.8713,-16.5797,-31.7732,-10.0802,9.64363,7.31981,24.6794,-57.9904,-12.9077,10.1876,-17.0378,-12.8721,-4.68832,-23.1968,26.5882,89.304,-735.416,-648.552,4620,7280,1960
-27.1783,-43.6057,-16.7677,-45.2392,-27.0647,6.7551,-29.2775,11.8115,-40.3467,-14.8782,-1.45726,-15.452,-9.66625,-11.2151,-52.0806,2.93675,87.352,-732.976,-645.624,3920,7700,1960
2.00097,-6.2663,-6.60016,-3.00128,-23.5933,-2.34414,-32.0769,-7.79784,-12.2804,1.26533,-10.9899,1.16313,-6.24916,-18.273,-21.2119,-22.8806,86.864,-734.44,-643.184,3080,8260,1820
13.4717,-4.73036,-2.94359,3.95531,-14.7254,-7.09439,-3.05826,-5.106,-3.14667,10.1683,-3.51883,3.49524,-6.58522,-14.4686,7.40947,-8.72172,86.864,-735.416,-637.328,2520,8960,1820
43.8738,21.5641,16.9737,19.7523,3.56958,-3.76646,19.0085,0.521845,38.917,26.2683,4.65512,26.3239,2.56117,1.2765,35.5015,4.37608,89.304,-736.88,-636.352,1820,10080,1680
16.2454,1.16757,7.28325,12.5669,0.0584191,-5.45226,5.82591,-14.6418,5.19357,-2.46269,-18.8161,12.6584,-3.77665,-3.11133,21.8519,-15.7633,91.744,-739.32,-638.304,1540,10780,1960
35.1961,18.1398,18.8241,24.537,14.286,-3.13243,8.8285,-20.1696,26.7676,10.39,-9.90039,25.4866,5.94361,9.47907,26.6948,-18.9749,89.304,-735.416,-639.768,1820,12180,2100
17.1107,-7.46368,10.9621,-14.2989,-0.370469,-8.20882,-24.5254,-26.6942,-0.929736,8.62267,1.01365,12.9294,5.20861,2.06773,-29.4922,-32.4178,88.816,-724.68,-643.184,2240,12740,2520
-46.7738,-56.3552,-17.8522,-67.5411,-32.9513,-20.4383,-66.888,-47.8312,-60.885,-32.7117,-12.797,-25.4512,-4.73626,-12.5966,-89.8835,-57.4719,90.768,-717.36,-638.792,2800,14140,2940
-44.3398,-17.8569,-16.719,-4.15168,2.28843,-15.9511,-7.03455,-34.1961,-42.0192,-35.4735,-29.628,-6.89792,-2.95002,5.89741,-7.47518,-16.9652,89.304,-716.872,-641.232,3220,14560,3500
2.3486,48.9707,-7.22411,55.7286,27.1783,-9.60953,22.7054,-14.3923,30.6146,-10.0829,-28.9617,26.7598,-0.0385756,11.4915,42.5073,10.2164,87.352,-714.432,-640.256,3640,14420,3780
5.02732,33.9882,-20.7587,22.0445,-1.69539,-9.85555,-7.81455,-14.0418,37.966,-5.47378,-5.77553,11.7899,-1.89942,-10.1714,11.7338,-5.21322,89.792,-714.92,-642.696,3780,13860,4480
-45.0061,-19.7057,-39.1172,-11.279,-11.9699,-1.6559,0.568731,6.67714,-33.5421,-26.9118,-1.30976,-17.3316,-4.76038,-10.4346,7.34607,16.8355,93.696,-711.992,-644.648,4200,13720,4760
-25.8348,2.29877,-29.5926,-13.8198,-9.10871,1.06495,-7.72113,6.8957,3.26189,-13.4876,16.2115,-10.6694,0.47088,-18.6528,-11.5489,11.5335,99.064,-711.992,-645.136,4900,13720,5460
-7.61382,10.2267,-23.5386,0.769357,-2.06796,-12.5882,3.60479,-8.13178,16.9935,-4.31332,18.2206,-8.31545,2.18722,-48.6318,14.2509,-13.4387,99.552,-713.456,-646.112,5320,14420,6020
22.6804,13.9276,9.35704,18.4627,8.80857,-13.6461,14.4676,-16.0071,18.0243,37.9646,52.7117,4.83801,26.4456,-10.8361,36.6614,-9.93711,103.456,-712.48,-644.648,5880,14980,6580
48.759,21.9088,36.492,15.7155,10.0573,5.1799,5.89711,0.896617,29.1552,65.4094,60.852,9.0776,40.3226,25.6013,23.341,4.77828,104.432,-711.016,-647.088,6300,15680,7280
49.1955,39.4344,35.2881,17.1835,12.0694,19.1577,7.45124,34.887,54.7797,49.9027,28.7124,-6.44108,29.7334,27.9587,15.9272,21.5806,103.456,-711.504,-648.552,6300,16240,7420
-0.362557,6.04969,13.9629,-8.66963,4.21832,22.7717,6.91875,53.5576,13.0323,-4.09054,3.09422,-46.3565,14.3046,22.0225,-10.2811,31.664,103.944,-706.136,-646.6,5880,16940,7700
-14.8197,-13.1078,4.58373,-19.5701,1.12001,14.8024,6.16476,49.8235,-9.877,-36.4101,-11.1399,-43.819,2.90142,18.2369,-24.5457,31.0318,104.432,-709.552,-645.624,5740,17920,8120
-12.2369,-14.1814,5.39617,-12.5892,1.23796,2.98377,5.07484,34.6321,-8.4646,-38.2466,-15.6614,-20.6552,-5.63568,8.84708,-16.054,19.9525,96.624,-707.112,-646.6,6580,17080,8260
-16.2094,-42.8258,10.9513,-36.2925,-9.38484,-2.65895,-12.0136,19.5585,-40.7449,-16.6169,-7.37529,-13.4684,-3.60031,-1.59864,-34.2948,0.910877,97.112,-709.064,-637.816,5880,16940,8400
-2.14639,-18.6105,26.5954,-12.7472,4.89317,1.29916,0.509392,15.1993,-23.9624,4.94207,13.5617,11.3628,7.39177,10.5542,-13.4524,4.60105,99.552,-709.064,-641.72,5740,16520,8400
18.8567,25.5308,32.316,37.0354,24.4625,-0.927801,24.6656,11.0965,20.75,13.3007,7.91151,34.6746,-0.271266,11.9087,34.6947,9.58192,98.088,-710.04,-632.448,5880,15960,8400
18.5803,21.5971,27.138,37.9646,31.8579,2.66898,34.1199,10.9179,17.4795,14.5515,0.929485,38.7211,-9.19456,6.98464,37.3395,12.381,97.112,-713.456,-635.376,5600,15540,8540
10.2249,1.99371,8.79871,19.967,20.4059,7.23177,19.3081,5.4508,1.96213,9.96904,-8.57194,29.9747,-12.8922,-7.86211,19.0492,1.79259,93.208,-710.528,-629.032,5880,15820,8820
-18.4479,-33.4388,-17.5501,-16.7051,-7.96353,-0.441844,-7.69654,-11.2431,-30.6689,-4.20899,-16.3465,1.41722,-24.401,-21.9501,-15.8588,-14.9829,93.696,-711.504,-633.424,5600,15540,8680
-42.5942,-44.1773,-31.9181,-28.8787,-13.6026,-0.532375,-13.3655,-18.8128,-46.0061,-29.1126,-37.0346,-13.6987,-28.235,-22.4374,-29.2359,-16.7564,89.792,-710.04,-631.472,5460,15960,8680
-10.5276,6.78635,-16.3987,15.6459,7.90337,10.7718,7.08149,-9.69794,-2.47393,-13.6578,-44.1994,10.8959,-16.4444,-3.13525,2.35309,-1.17174,87.352,-705.16,-629.032,5180,16380,8540
18.9895,30.6529,-5.64612,25.8447,6.53196,10.9235,10.4442,-4.2059,28.3473,16.5721,-18.0813,20.8982,-4.26808,-1.40675,15.9942,-0.120613,85.4,-698.816,-625.616,5040,16100,8540
21.0892,2.93315,-6.52252,-8.6709,-17.8506,0.772094,-10.1844,-9.54067,9.33247,32.1232,1.34438,1.84744,0.0912603,-9.36389,-6.52743,-10.6861,84.424,-694.424,-627.08,4060,16380,8120
1.12916,-17.502,-4.15235,-26.856,-25.2943,-3.006,-21.2149,-8.76716,-25.0069,24.1231,1.75478,-12.1628,0.543588,-5.86316,-27.0635,-14.4229,85.4,-693.448,-623.664,3220,16660,8260
-1.50648,-14.5771,-7.1368,-32.4197,-29.4268,-10.2786,-28.1343,-13.2623,-16.0131,13.1444,-6.4757,-18.4506,-5.00535,-7.86744,-34.7926,-22.0586,81.496,-690.52,-628.544,3080,16660,7980
-4.88774,-1.85003,-8.37695,-13.2784,-21.0579,-17.751,-14.8386,-14.3126,-6.86309,-1.93596,-20.932,-19.7081,-9.17904,-4.97506,-3.68415,-15.7223,80.032,-686.616,-627.568,2380,17220,7980
5.07545,13.8021,2.06542,1.39462,-10.9119,-21.3755,-11.5839,-16.0324,6.11729,-0.466047,-20.0634,-5.66617,-4.61302,4.81909,6.79038,-10.3305,80.52,-683.688,-625.128,1960,17360,8120
-2.98677,4.37255,0.667404,-8.58154,-16.1554,-21.1729,-16.8825,-18.8583,-1.8322,-6.63308,-17.8852,-6.202,-5.68362,10.466,-6.46169,-7.15725,71.736,-681.736,-617.32,2100,17360,8120
-9.88771,2.71667,-5.25774,-4.12833,-14.2128,-17.1543,-10.5144,-22.4653,2.90683,-15.3049,-8.08957,-10.3868,-11.8282,11.075,0.900584,-1.92258,72.224,-684.664,-620.248,1540,17500,7980
-11.1295,7.56776,-3.10785,11.2264,0.72089,-5.60908,7.22143,-17.3485,6.39531,-21.2444,-6.6319,-6.2257,-7.30072,16.9149,17.7086,11.7431,71.248,-683.2,-617.808,1400,17780,8120
6.2687,9.95477,5.22512,11.8654,7.76606,3.49161,4.76226,-21.4874,10.7584,-7.57188,-4.56955,2.89014,-0.0815053,20.3324,10.3688,11.7479,68.808,-687.104,-616.344,1260,18200,7980
2.13872,-5.00404,-2.24893,-1.29264,-0.922818,1.45264,-3.56854,-33.8099,-4.49226,-7.58664,-5.25318,-5.88063,0.224562,11.0877,-0.46628,5.64486,65.88,-686.128,-620.736,1400,18480,7840
2.65542,1.94947,-11.6419,3.89486,0.9588,0.00975528,-2.10583,-37.9433,7.39668,-16.5505,-16.8607,-4.39679,-3.82139,2.4867,5.31689,3.44167,69.296,-690.52,-629.032,2100,18340,7700
5.85908,5.39654,-10.8085,3.85434,2.45597,-0.220536,-1.83407,-33.212,15.3304,-8.07576,-4.05336,1.13049,-0.930556,-2.7309,4.15276,-1.10428,63.928,-691.984,-621.712,3220,18060,7280
-7.38239,-3.56549,-9.18601,5.08431,3.29911,0.607939,3.88205,-21.9899,-1.1641,-8.03558,8.75075,0.63055,2.57175,-5.33734,10.3984,-0.828557,72.224,-697.352,-632.448,3920,16660,7280
-5.05033,-1.64324,-2.38385,14.7284,13.614,9.44079,23.671,-4.62538,1.3998,-3.1697,14.4427,9.88296,3.70287,0.345509,25.5214,13.0806,73.2,-698.816,-634.888,6440,15680,7000
-1.29276,-8.41297,2.75999,2.91353,11.0625,15.6449,21.4803,8.96548,1.01272,13.3661,40.8365,12.0372,12.1537,-4.26169,13.1266,13.2856,76.128,-697.84,-639.28,7560,14980,6860
12.3903,-0.241796,9.115,1.45835,9.11403,14.6118,4.24168,15.5087,14.8829,28.9563,63.9087,19.3965,23.2865,-14.2333,-2.89237,-3.23417,75.152,-701.256,-638.792,9100,14000,6860
5.44818,-0.981847,7.65197,3.7959,11.363,13.6163,-1.07226,30.5794,6.37896,22.2939,62.9472,20.9127,26.2024,-20.8737,-5.8798,-12.7816,83.448,-705.16,-643.184,10640,12880,6300
2.91367,-2.50049,5.81031,3.14662,14.901,21.3063,2.30334,60.9342,9.18731,9.4023,43.2623,17.54,17.9989,-19.5436,-8.63683,-2.31589,82.96,-712.48,-644.648,11060,12320,5880
1.95684,4.48089,6.93679,7.29058,24.2368,31.6028,15.4252,88.5159,19.2078,-2.10482,26.1759,19.1467,10.5015,-8.05511,-5.97729,18.9987,89.792,-715.896,-647.576,11620,11480,5600
0.1015,4.72588,6.17509,6.10035,26.0635,19.9352,16.3866,74.7385,9.19439,-0.797515,33.0442,18.1335,4.20581,-1.34665,-4.19829,16.5081,93.208,-726.144,-651.48,12600,10920,5040
-6.07913,-0.762586,2.40018,4.57458,16.7257,0.380434,4.18096,46.9984,-12.2407,-1.93271,34.3596,9.99296,2.05564,-0.536282,-2.62251,-0.414955,99.552,-732.488,-655.872,14000,9940,4900
-5.97831,-5.72158,-2.62943,-9.32699,0.109933,-9.34396,-16.2708,30.4959,-20.9489,-2.13672,41.1458,0.200733,0.781432,-2.73485,-20.2748,-12.8139,102.968,-737.368,-656.848,16660,8260,4620
-9.71834,-10.2584,-11.8005,-22.4042,-13.7012,-14.6738,-27.5007,19.5758,-22.2858,-12.2833,38.0133,-8.41038,0.300767,-9.1353,-31.7406,-17.6096,110.288,-744.688,-667.096,18340,7000,4760
0.9983,9.37574,-8.76723,-5.80295,-8.78088,-13.928,-7.84163,7.36753,-1.42473,-18.9232,33.9124,3.07774,9.49037,-1.36059,-2.2561,-5.3652,108.336,-752.496,-670.024,20860,5040,5040
3.12109,18.8309,-5.58663,7.5593,-9.59053,-12.4075,8.89092,-5.97245,6.87721,-32.0542,22.5271,7.40077,18.2463,1.6241,21.7115,5.5722,110.776,-757.864,-675.392,23240,3500,5460
-7.79715,1.24291,-2.66318,-5.89995,-23.2992,-14.024,-0.418817,-23.643,-11.7535,-35.3036,5.40782,-4.45998,19.9194,1.2752,12.6375,-0.278283,119.072,-774.456,-667.584,25620,2520,5600
-13.8053,-15.9016,2.81278,-25.0546,-35.8925,-14.4848,-13.076,-35.8106,-27.2916,-25.9509,0.248638,-15.7472,22.6001,2.293,-9.15504,-6.81348,117.608,-779.336,-671,28980,140,6020
-11.5061,-8.93777,6.25932,-15.5897,-29.6443,-14.8459,-8.07554,-32.0245,-21.4551,-21.8403,-26.1621,-18.1087,21.2956,8.70077,-6.95945,-4.53954,122,-786.168,-669.048,30380,-1820,6300
2.98046,9.46599,16.9743,5.9716,-6.73312,-5.01288,4.96943,-22.6986,-4.02871,-5.02407,-45.266,-11.5391,19.5324,24.9294,0.272866,3.39219,119.072,-791.048,-667.096,31920,-4200,6300
9.72655,18.1019,21.2688,16.2741,7.48588,9.96717,6.55263,-13.2979,9.37182,10.5461,-72.7778,-15.3008,9.43308,30.6887,0.129983,7.60188,116.632,-804.712,-664.656,32900,-6300,6720
11.5882,14.289,19.1778,19.6726,13.1041,20,12.7278,-7.6599,13.2093,25.3729,-114.276,-26.4519,-4.207,28.9482,16.6186,13.4025,116.144,-817.888,-662.216,35140,-9800,7000
14.6228,14.2469,13.529,21.1345,19.1193,21.4936,12.5585,-15.9293,21.5697,32.044,-173.776,-41.1484,-25.0575,22.9511,21.2586,8.40606,116.144,-822.28,-660.264,37100,-13860,7420
12.5015,10.2588,4.98447,16.9167,18.6078,12.7536,2.29731,-31.0986,25.3476,28.731,-219.196,-55.0755,-49.3205,8.11389,13.6198,-4.2465,108.824,-840.336,-602.68,38500,-17080,7420
6.38036,-0.839829,-4.8388,3.96719,8.85032,0.127178,-8.30138,-43.9859,17.0771,35.5331,-144.719,-38.3702,-59.1543,-5.34014,2.68547,-7.51369,135.176,-835.944,-692.472,44660,-24500,7280
5.99083,-4.07033,-10.533,4.81571,11.1058,-8.88662,-1.24141,-39.2551,11.1531,50.0544,-48.0888,-7.25535,-54.6757,2.32884,6.66037,6.65566,120.536,-842.288,-650.992,41720,-22960,6720
5.97309,-5.36056,-11.3313,4.81894,11.1274,-9.93232,2.93454,-25.0005,11.839,55.2396,21.535,6.56956,-39.4475,5.27338,7.55081,10.9886,112.728,-837.896,-640.744,46620,-28560,6720
5.03225,-5.44726,-9.37064,1.12239,6.33317,-13.4943,0.319335,-18.0357,14.7815,49.247,64.043,16.7613,-32.8119,3.02777,2.86246,6.62313,118.096,-838.384,-651.968,50540,-33180,7280
-1.82467,-7.76702,-9.87694,1.52132,6.40396,-20.7244,2.18626,-12.1116,6.55474,29.5058,86.7024,26.8459,-24.9806,3.82964,4.40139,2.34119,113.704,-843.264,-650.016,50820,-33740,7700
-10.9915,-4.28918,-7.52789,3.31932,9.10025,-24.8903,3.03744,-2.89449,0.627318,1.33624,107.144,34.4268,-13.0788,5.32513,5.65424,-1.88975,109.8,-837.408,-650.016,50820,-33460,7980
-9.76547,-0.164644,-1.55123,3.63055,8.76887,-21.5927,4.12153,13.8673,-0.43485,-17.022,102.071,42.7499,-3.81468,1.99937,6.84441,-0.632128,101.992,-842.288,-650.016,50540,-33040,8680
-8.55367,-9.84996,-6.93229,-14.4944,-9.25014,-19.5943,-13.1314,25.1103,-7.59603,-24.2919,96.7972,36.4277,-0.727591,-19.2266,-13.9178,-13.2908,92.72,-845.704,-636.352,48580,-32200,9240
-2.21869,-11.355,-9.2531,-19.4916,-13.5787,-12.1476,-12.2954,42.9442,-8.38998,-25.7852,85.7194,28.6626,5.87483,-28.2488,-21.7707,-10.7171,89.304,-843.752,-630.496,47460,-32620,9520
11.7506,8.00389,1.50012,-3.29626,-1.81863,-2.43521,6.9149,60.7112,6.16003,-24.5773,71.1011,31.8395,20.1191,-21.3036,-8.36325,5.60555,81.984,-846.68,-623.176,45920,-33040,9520
0.620094,4.18976,2.06389,-1.51097,-1.92213,7.82466,12.2669,58.7221,-11.8051,-36.0726,47.6779,16.6589,29.9441,-19.548,-6.92538,10.6473,78.08,-845.216,-615.856,43820,-33180,9520
-5.66186,-5.99195,-1.05813,-8.11942,-10.5221,18.5118,6.33178,39.8065,-28.7487,-41.7371,24.0021,0.537044,32.8217,-28.7274,-11.2085,5.01044,69.784,-843.752,-602.192,42140,-33460,9380
-13.0222,-21.4662,-2.7632,-24.2584,-26.1975,29.2439,-4.52006,22.1306,-42.9837,-42.6146,4.3961,-15.1193,33.6187,-42.0234,-20.9994,-6.35252,54.656,-841.8,-575.84,39480,-33880,8960
-6.29952,-22.7435,2.32299,-27.4868,-30.0735,40.794,-6.60661,12.9201,-37.5834,-31.4987,-9.60269,-20.7438,35.2728,-46.9809,-22.1127,-12.2512,49.288,-859.856,-571.936,36400,-35560,8260
5.67659,-15.2584,8.18357,-26.7161,-28.3522,36.8927,-14.1785,-1.25673,-25.3072,-16.3443,-19.3583,-19.0022,33.8813,-49.2981,-28.549,-21.7635,40.504,-856.44,-557.784,35700,-38220,7980
3.28668,-17.8872,4.72257,-23.5654,-27.4653,21.3291,-15.4301,-10.1299,-28.1135,-13.2068,-25.5827,-21.3255,25.3255,-43.2165,-20.5679,-23.5545,23.424,-867.176,-519.72,33040,-42140,7420
6.2782,-9.88972,6.27102,-7.42139,-13.4103,11.2716,-2.96463,-6.78308,-12.5831,-9.10798,-25.9285,-17.8983,19.5212,-18.2321,-0.599516,-9.62409,17.568,-881.328,-518.744,30380,-46480,7560
7.54498,1.82388,8.99023,1.77388,-0.000403573,7.16842,1.03459,-8.72482,4.24381,-9.33323,-27.4879,-14.4342,13.452,13.4268,3.00026,-0.0544254,23.424,-863.76,-535.824,28980,-53200,7700
7.11844,7.71207,9.91465,9.4243,2.7824,-5.84926,0.0790435,-26.22,6.53548,-12.1064,-32.8076,-7.5144,-0.0680931,31.9045,14.0878,-0.509156,18.056,-842.776,-544.12,28560,-56980,6860
-4.63566,-3.76062,-0.0161773,2.55455,-2.95119,-16.9645,-3.33355,-37.4474,-8.39115,-19.8273,-35.3461,-9.51128,-16.6286,36.8137,14.4224,-2.37089,15.128,-829.6,-530.456,27300,-58660,6160
-10.5596,-6.2381,-10.6112,-2.59258,-1.88105,-23.6759,-6.63937,-39.7941,-8.94646,-17.6373,-32.6877,-12.7804,-25.5741,35.7348,9.86663,-3.17811,14.64,-830.088,-536.8,25480,-59640,5600
-14.129,-2.58427,-18.6878,-3.72616,-0.441707,-31.1795,-15.9502,-48.4382,-2.95328,-8.69639,-24.9991,-11.8097,-28.4503,27.1277,3.14328,-12.6806,23.424,-810.08,-548.024,24780,-59080,5460
-21.4317,-6.59835,-24.2099,-3.92949,-5.02529,-35.2473,-20.7715,-43.3763,2.36079,-4.9131,-23.7568,-12.2511,-30.6233,19.5765,-4.63929,-14.4802,28.304,-811.544,-550.464,23520,-56140,4760
-11.7714,3.90461,-14.9628,0.658793,-0.764883,-30.2107,-25.2548,-36.6415,24.1708,13.0062,-7.4496,-2.61939,-26.1624,22.7459,-13.7479,-13.6689,31.72,-800.808,-559.736,23520,-52780,4480
-13.8768,11.5679,-11.1242,11.5053,10.4136,-19.1447,-12.2969,-30.5496,26.9625,19.8752,1.77878,3.23079,-21.3048,33.657,-0.265532,-1.80466,35.136,-787.632,-561.688,23380,-49840,4340
-13.8714,19.6571,-9.57157,25.9051,23.2206,-5.16012,6.94287,-17.7588,28.9853,25.2497,7.63528,6.10504,-16.7832,45.4059,20.2392,17.9019,39.528,-784.704,-571.448,22960,-47740,4900
1.365,33.16,-0.259124,36.9394,35.7704,9.47028,19.6121,-1.90228,47.6935,37.4155,21.0221,15.1821,-7.88815,53.7605,28.1002,33.5505,52.704,-778.36,-590.968,23240,-46060,5460
3.67231,38.6376,5.30407,44.0326,40.8416,12.6997,27.0959,9.73295,51.0763,37.2233,22.7659,19.5922,2.31295,48.6677,31.6658,35.645,61,-769.576,-605.608,23800,-43540,6020
6.83164,31.6652,7.07076,46.1946,39.7537,17.5234,28.6024,20.6378,44.1876,36.1698,26.6357,24.1291,13.3998,33.9107,29.5471,27.7028,47.336,-787.632,-612.928,24360,-41160,7140
15.766,15.9672,13.0831,45.4119,38.6953,33.516,35.6759,41.9446,34.2659,41.5005,33.2355,34.777,30.7821,15.5596,27.8235,29.089,79.056,-758.352,-633.424,26320,-43260,7840
28.9038,18.757,18.9954,37.2449,35.2724,41.1542,30.2169,46.9439,30.8978,49.3028,40.0829,41.365,39.3997,-1.75872,18.13,21.2419,70.272,-780.312,-611.952,25200,-39900,9380
26.711,14.0465,16.0212,29.3011,31.1681,38.8662,31.4514,50.7452,13.4271,39.6799,30.2529,30.6829,36.8362,-13.1187,17.8325,18.6732,78.08,-772.504,-630.496,26040,-39060,10640
21.2348,7.38272,12.8909,13.6189,11.7946,27.4094,22.4101,49.4818,1.01733,27.5025,16.9595,15.4533,27.7004,-26.812,9.80821,13.2725,79.056,-771.04,-625.128,25620,-37520,11480
17.785,4.54735,12.8687,-4.78328,-8.22579,8.62605,9.0911,37.3485,-6.06589,18.6483,2.68353,2.34474,9.86589,-36.7076,-2.23579,2.55024,85.4,-784.216,-623.664,24220,-38640,11900
11.2011,0.421914,16.5277,-21.4002,-18.12,-7.24707,2.09824,29.6343,-14.3739,9.8055,-11.5539,-9.17524,-1.46974,-41.3743,-10.3265,-6.88031,91.256,-783.24,-631.96,22260,-39340,12320
5.55343,-0.416991,15.9412,-34.6789,-19.9839,-8.74821,2.11736,27.9553,-16.8515,2.80025,-22.9563,-17.7668,-8.11762,-37.6258,-15.404,-4.87784,95.16,-788.12,-625.616,19880,-41160,12740
-4.12525,-8.97722,6.51677,-47.4517,-26.9537,-8.13932,-3.32677,22.9442,-25.2241,-10.5014,-30.1244,-25.6793,-14.6762,-38.6722,-17.1792,-6.69731,95.648,-782.264,-627.568,18340,-42980,12880
-15.6448,-16.8191,0.796254,-50.8804,-35.005,-16.1026,-10.6124,12.5188,-34.634,-29.709,-39.5682,-32.4706,-14.5946,-39.406,-14.7503,-9.64836,101.016,-787.632,-630.008,15820,-44660,13020
-14.1591,-16.0938,-0.245773,-42.4589,-31.3412,-24.4999,-11.0986,1.3781,-31.0556,-35.8675,-42.1039,-30.9344,-12.8112,-29.9167,-11.3528,-6.53124,96.624,-798.368,-630.984,14980,-47180,13020
-3.80947,-15.9481,0.0381275,-41.4319,-33.4923,-31.5436,-26.5121,-17.8206,-21.0837,-32.3962,-29.0429,-28.4372,-8.18182,-17.3678,-22.5792,-20.3696,95.648,-800.32,-643.184,14560,-48720,13440
0.490263,-16.8009,-2.40144,-33.8933,-27.1406,-30.44,-31.9873,-33.1993,-18.3202,-34.8652,-21.409,-25.3865,-8.03109,2.51751,-25.8877,-28.2132,94.184,-801.784,-647.088,14980,-49560,14000
-1.48192,-16.284,-2.27035,-13.8002,-12.3425,-24.3014,-22.6384,-38.8592,-22.2337,-38.4742,-20.432,-17.5843,-10.5963,31.8734,-14.8083,-20.0083,89.304,-800.32,-650.016,15540,-51100,14140
3.08421,-14.1546,-3.10084,1.53086,-1.0352,-19.7245,-16.74,-45.731,-20.303,-33.4542,-18.6041,-10.7343,-17.757,52.9252,-8.07608,-12.6378,89.304,-792.024,-663.68,15820,-54460,13440
9.2025,-11.1953,-7.73781,6.93455,7.70456,-13.8186,-18.7982,-53.0128,-10.4993,-25.386,-12.5181,-3.73356,-25.8986,55.9091,-8.84619,-11.8774,89.792,-788.12,-660.752,14980,-57680,12180
0.709806,-13.0624,-9.0239,13.3447,15.9101,-2.51995,-15.7066,-49.7318,-11.6257,-17.9506,5.95585,5.2478,-21.7283,47.8789,-8.17161,-5.91866,89.792,-790.56,-668.56,13860,-59640,11200
-9.49313,-11.4817,-17.2023,15.2956,14.2186,7.15944,-12.2756,-39.9769,-8.14407,-12.289,23.7072,12.4145,-13.6046,15.7237,-8.30609,-5.59487,85.888,-778.36,-669.536,12180,-61600,9520
-25.054,-17.3738,-31.1155,6.03858,5.59477,14.6407,-11.4524,-30.55,-10.1255,-16.9003,29.2534,10.7587,-5.33974,-23.8466,-9.78711,-12.5507,88.328,-787.632,-655.384,9800,-62160,7840
-28.7971,-13.8661,-28.52,11.6592,8.46216,22.4973,0.547323,-17.4,-8.66002,-10.189,29.392,17.6161,8.05053,-50.9342,7.13685,-9.78007,81.984,-785.68,-658.8,6720,-65240,5460
-33.2589,-15.3453,-17.8364,5.37072,2.54793,25.1286,2.88413,-7.61153,-14.5546,-2.39532,30.5147,17.6231,19.0821,-63.1601,5.56231,-7.93788,77.592,-789.584,-655.872,3780,-66500,3920
-28.9593,-22.2381,-7.56464,-14.0464,-15.874,14.8594,-7.23599,-1.1939,-12.0016,1.9942,31.1623,13.5191,26.5574,-66.0225,-10.7635,-12.3023,74.664,-787.632,-648.552,280,-66920,1820
-11.0438,-10.4022,-0.926879,-7.52032,-16.9309,8.76833,-0.566349,12.7594,5.55738,9.29651,23.7959,13.5219,28.4999,-55.4078,-3.05042,-2.47438,73.688,-781.776,-645.624,-2520,-68040,420
-2.82499,-2.19235,-6.23019,1.55167,-14.9721,8.06943,5.76226,23.3929,9.61847,9.1851,14.9051,7.7154,22.3985,-38.4108,4.01489,7.20439,72.224,-782.752,-649.528,-4620,-68880,-280
11.757,8.16308,-4.68465,12.2107,-9.39875,6.47012,11.1024,30.3239,16.3491,13.4338,16.0322,5.48981,19.0453,-23.26,12.034,12.947,72.712,-777.872,-649.04,-7000,-70000,-840
17.3516,12.6299,-2.89182,12.9988,-5.88464,2.84534,14.0531,35.8376,15.0353,9.58419,10.0724,3.10278,15.925,-11.7849,12.1451,15.1655,71.736,-781.288,-648.552,-7980,-70700,-980
17.1495,9.86946,-0.546192,4.13388,-9.44718,-3.07586,8.7746,37.1391,8.83135,4.39172,0.604654,1.34893,11.2383,-6.85744,3.19553,9.33641,70.272,-785.192,-639.768,-9240,-71540,-840
19.0621,7.38958,4.73682,-2.95072,-14.2028,-7.91074,2.72881,38.7231,7.99237,4.80711,-6.73785,-1.62597,3.48976,-1.86559,-7.04687,1.9142,66.856,-787.632,-639.768,-9940,-72800,-280
15.1644,5.40502,13.3801,-1.70022,-13.0683,-10.2617,6.73564,44.8744,9.25069,3.81617,-17.4355,-2.88973,-1.57397,10.4558,-4.53314,3.85866,67.832,-789.096,-631.472,-10220,-74340,140
8.95405,7.55648,25.5537,4.35748,-4.28483,-6.09049,11.8013,47.4977,6.75924,4.00663,-24.2409,-2.913,-6.30256,27.4906,1.4158,7.87668,70.272,-790.072,-630.984,-10500,-75740,840
8.56153,16.6475,31.466,11.3027,7.83343,4.66405,15.3871,43.2976,9.80135,6.22662,-28.062,-1.84273,-13.5674,46.7278,7.66429,13.3681,70.76,-783.728,-628.056,-10500,-77000,1400
10.9622,21.9274,34.2429,13.1579,15.2244,9.87453,14.0018,34.601,14.7135,13.6581,-23.941,-1.799,-14.2921,56.1745,8.92541,14.3587,72.712,-776.896,-626.592,-10220,-78120,2100
20.84,30.7027,32.4756,20.5966,24.1926,5.28416,17.4959,21.5949,29.5867,21.4647,-19.8087,-0.483649,-21.4442,65.1549,13.9836,14.0421,74.664,-771.528,-627.08,-9940,-78400,2660
21.4517,30.7118,20.0389,20.5825,33.424,-0.374361,20.7302,2.95922,31.3992,17.8774,-21.9565,-6.41364,-36.2052,75.2317,17.7365,14.4152,74.664,-765.672,-627.08,-9800,-77980,3220
11.7462,22.4775,9.52732,12.0463,37.1675,-2.15875,12.0359,-21.1444,16.3669,14.0576,-20.7971,-11.74,-41.3006,75.5535,14.4962,8.3141,74.664,-767.136,-624.152,-8960,-76860,3780
11.0497,23.3029,6.65687,14.0978,38.6345,0.532993,7.60473,-41.3452,16.936,20.7091,-11.947,-3.77275,-33.1749,65.7665,18.1515,7.39669,72.712,-765.672,-624.64,-7980,-76160,4060
2.64926,12.6332,-1.12879,4.90465,27.9744,0.0284356,-1.95897,-50.5903,11.6132,17.5968,-9.80109,0.0372726,-22.0414,37.8547,7.74676,3.98972,70.272,-763.232,-623.664,-6440,-75460,4340
-11.3815,-2.30574,-11.7556,-5.21675,17.7306,1.74108,-4.84996,-51.3346,-4.94165,10.213,-7.63809,-4.35206,-16.9039,13.2719,4.3706,4.07234,64.904,-764.696,-627.08,-5320,-74340,4340
-21.8245,-13.0317,-19.891,-14.5156,2.51372,-0.943565,-10.183,-51.9541,-15.6737,1.95368,-4.95842,-13.9837,-7.27872,-10.3367,1.71448,-4.3547,61.488,-766.648,-630.008,-3920,-73360,4480
-17.1625,-3.99126,-19.2175,-5.74591,2.24995,-0.754178,-7.10904,-49.6264,-5.26079,2.42019,2.54945,-12.9269,2.6872,-23.3306,6.45382,-5.27062,59.536,-764.696,-633.424,-2660,-72660,4200
-17.482,-3.65131,-23.3644,-5.75079,-3.39658,-3.35984,-11.1321,-46.3681,-3.19604,-0.305017,9.53964,-12.2402,5.47818,-32.8986,0.807972,-8.47222,58.56,-770.552,-632.448,-1540,-71260,3920
-20.5226,-10.4393,-26.0358,-12.3015,-9.07667,-6.09664,-17.8096,-39.3556,-9.64073,-7.11461,11.4636,-11.266,9.16443,-34.5807,-11.2274,-11.2995,50.264,-771.04,-633.912,0,-69580,3220
-9.57637,-6.67298,-16.5685,-4.17852,-8.10939,-4.21991,-15.1446,-28.2324,-3.21404,-1.39998,18.5224,1.98429,22.0321,-30.8189,-9.38882,-8.15511,47.824,-772.504,-636.352,1120,-68460,2520
-3.52616,-5.69786,-8.19004,4.91318,-8.02022,-5.69336,-6.24644,-14.6175,-6.77716,0.587106,24.1744,11.7754,27.3286,-26.7676,-1.34302,-4.76943,46.36,-774.456,-636.352,1260,-67200,2100
-4.59719,-14.8309,-7.96354,-1.26328,-14.6478,-7.28114,-5.60938,-0.0639988,-16.088,-4.81613,25.9232,10.8362,27.733,-25.6335,-2.8558,-6.93909,42.456,-779.824,-633.424,1680,-66220,1820
4.63031,-11.8385,-8.09307,-6.26294,-22.4901,-9.91743,-8.87259,11.1427,-7.68407,-4.75836,35.6655,14.2472,32.1323,-27.3043,-6.15057,-12.6583,40.992,-785.192,-633.424,2240,-66080,1400
11.3631,-1.26563,-6.5371,0.360748,-16.5214,-9.13644,-0.15278,25.5207,-2.67863,-4.21468,42.2214,22.0043,36.5071,-24.32,-0.484347,-8.95725,38.064,-796.416,-638.304,2240,-65660,980
4.8822,-10.2758,-6.4365,-6.4035,-17.0602,-3.0033,-1.43254,36.0281,-13.0108,-11.3384,36.757,15.5293,33.3052,-25.8817,-8.51098,-6.77053,37.088,-799.832,-636.352,3080,-65100,700
3.03612,-12.2513,-0.991425,-8.74268,-10.3607,5.83455,1.26799,43.7094,-14.1096,-16.0369,28.6881,9.84661,30.0281,-21.7453,-10.5455,0.889244,40.016,-801.784,-636.352,3360,-64960,420
9.89977,-2.0403,10.5539,1.92226,4.5183,12.9605,8.92038,42.8086,0.661612,-9.01114,23.7788,13.8351,31.5275,-8.33363,-2.55582,9.16976,38.552,-803.736,-639.28,4200,-64120,140
9.27589,2.16314,14.3637,8.41426,8.5497,9.80788,11.9005,33.0738,7.62489,-6.51562,16.0214,13.8364,30.341,-0.0500264,5.40023,13.9127,41.968,-806.176,-634.888,4200,-63420,0
2.34098,0.415587,13.0395,5.83025,-0.0692606,-2.10435,5.64306,19.8343,2.12506,-11.2208,3.0392,12.6057,24.9716,-3.50154,5.42571,7.82381,38.064,-805.2,-633.912,4760,-62580,-280
-7.44804,-9.85848,8.81588,-7.3564,-10.8252,-6.81784,-7.35537,9.12206,-14.6273,-19.0026,-2.96386,8.08808,13.0737,-5.15405,-9.1548,-1.63707,38.552,-805.688,-632.936,4620,-61880,0
-15.8456,-17.4,3.387,-14.3019,-16.2908,-7.5289,-12.1438,6.38184,-23.8545,-29.3592,-10.9546,5.18282,8.03573,-7.54549,-16.5731,-4.26997,38.552,-808.616,-633.424,4340,-61320,-140
-3.89179,-4.91509,5.77538,-1.61411,-7.56977,-6.23406,-5.03498,4.08711,-4.54601,-23.6534,-16.2553,10.1483,-1.5688,-3.06355,-8.36639,2.27663,35.136,-810.08,-634.4,4060,-60760,-420
-4.63115,-8.14928,5.71543,-3.27455,-7.67984,-2.85613,-6.07005,0.351816,-6.45314,-20.9209,-27.9232,0.472067,-11.8546,-9.85989,-9.57466,0.45698,36.6,-812.032,-636.352,3780,-60060,-420
-16.782,-22.9883,1.33236,-17.332,-16.153,0.667009,-12.0488,-7.1241,-19.8999,-23.6337,-45.8721,-16.6561,-24.5535,-22.2411,-16.6356,-8.71144,40.504,-811.544,-639.28,4200,-58940,-420
-16.7347,-26.2078,-3.92327,-27.719,-21.63,0.993806,-18.2954,-11.9965,-15.3978,-18.4779,-57.3442,-28.9132,-40.0844,-30.3161,-20.317,-15.019,36.112,-809.104,-636.352,4760,-57540,-420
-6.98915,-13.7621,2.54134,-20.3464,-12.6163,4.54812,-15.1423,-11.9158,-5.73063,-2.45756,-53.9883,-25.3321,-44.5802,-23.771,-15.5576,-14.991,34.648,-806.664,-634.4,5740,-56000,-280
2.26351,0.39849,7.96708,-12.7192,-6.16143,9.30459,-2.75597,1.2724,7.82786,11.0506,-47.8224,-17.0118,-37.8023,-14.5453,-5.2668,-8.16696,33.184,-805.688,-639.768,6720,-53760,0
4.26536,5.12365,4.15782,-15.5192,-10.9106,8.35463,-1.25567,6.93859,12.3608,16.0526,-40.844,-16.8799,-37.9995,-11.8401,-4.18567,-8.89624,33.672,-801.784,-637.328,7420,-51940,0
-0.433369,1.84976,-1.13649,-17.7894,-14.1253,7.70486,-1.85614,6.99324,4.64333,15.0665,-31.284,-17.9999,-40.1915,-6.72659,-4.04303,-7.94294,27.328,-794.464,-630.984,7700,-49840,0
-5.59652,-0.736798,-1.61458,-14.1535,-10.3528,11.0857,4.73274,12.1546,-5.94789,13.6329,-21.1944,-19.0273,-35.6263,1.29093,0.837775,-1.34409,27.328,-791.536,-627.568,7840,-48580,140
0.0171384,9.42592,0.0772395,-4.15007,-3.60072,9.09109,9.37275,13.6525,-0.251404,17.6286,-8.39349,-16.0383,-29.983,5.49142,7.11315,0.871858,24.4,-788.12,-621.224,7560,-48020,140
6.63658,18.7212,-3.17579,4.04831,-1.74556,0.817036,6.73359,8.65247,7.30341,20.4201,1.15394,-13.8471,-26.6942,1.72424,10.1114,-2.21769,25.376,-787.144,-615.856,7000,-48440,140
4.4599,12.6998,-5.55487,3.11895,-0.0430329,2.00832,3.0204,7.21404,0.0650438,18.7886,10.8096,-16.9716,-23.1362,8.44229,3.24249,-3.81799,24.888,-783.24,-614.88,6860,-49140,140
9.00988,16.321,-4.13668,16.4502,10.8741,7.30856,11.7666,10.0448,8.12764,21.1202,20.745,-15.4832,-19.1545,27.0383,9.54771,4.47959,25.376,-781.776,-613.416,6300,-50540,140
9.97574,18.693,-5.91506,23.4665,15.7483,2.61962,10.4683,0.4678,12.1299,19.629,22.3929,-16.4059,-17.736,30.7831,10.71,4.33797,24.4,-779.824,-610.488,6720,-52640,140
7.80007,14.976,-7.41976,19.7928,14.778,-1.63116,8.05578,-6.61305,12.5285,15.5552,22.2478,-16.4431,-14.4105,28.5467,8.85628,4.76038,28.304,-775.92,-610.488,6580,-54460,140
12.522,21.2674,-3.19239,30.7847,23.1405,-1.63949,12.5378,-14.0169,17.3938,16.7333,31.3737,0.802774,-6.13549,39.0934,14.3336,8.54461,30.256,-772.504,-607.56,7280,-56420,140
