6.77645,6.77428,4.07628,4.93379,4.23846,-0.22852,2.76413,0.190662,7.37109,5.42054,3.01518,5.40055,0.0995985,2.57428,5.06231,2.66062,-67.344,-988.688,-130.296,2240,-2100,0
8.66895,8.63035,3.96281,5.11849,5.3103,0.799257,5.37676,1.63233,10.4599,6.6889,4.02654,6.75345,0.0162888,3.18657,4.27889,4.67892,-68.808,-991.128,-133.712,2380,-2100,-140
5.89572,6.72759,2.99997,4.7736,5.574,2.32396,4.72952,1.54857,6.72442,6.00706,4.6825,6.63736,2.07255,3.62405,3.41044,3.42793,-65.392,-988.688,-137.128,2380,-2100,-140
3.00721,4.12163,0.934134,4.21174,2.32639,1.36191,1.78092,-0.860367,4.76991,2.51706,3.05504,3.50646,2.56597,1.755,3.51249,1.28908,-65.88,-989.176,-132.248,2100,-2520,-140
-0.221311,-0.690708,-0.360999,-0.527817,-0.767734,1.25736,-1.53252,-1.11474,1.61695,-0.784244,0.974281,0.064145,2.16429,0.27007,-0.703643,-1.84321,-66.368,-989.176,-133.224,2380,-2380,-140
-2.6762,-3.35967,-1.9018,-3.05115,-2.16259,-0.814558,-2.88858,-1.58232,-0.852565,-3.12851,-0.608231,-1.66908,0.39378,-2.04227,-2.74521,-3.80667,-64.904,-993.08,-133.712,2100,-2380,-140
-1.1463,-1.66288,0.0612193,-1.04564,-0.86642,-0.0316687,-0.0717568,-0.972727,1.95963,-1.5364,0.0769631,-0.0608693,2.13881,0.771174,0.47171,-2.1415,-67.344,-992.104,-134.688,2100,-2520,-140
-1.3178,-1.14676,-0.0120767,-2.05065,-1.95493,-1.1533,-2.79412,-2.31322,3.27149,0.163461,1.04695,0.421015,2.0268,-1.27961,-1.78394,-3.52392,-66.856,-992.104,-131.272,2100,-2520,-140
-6.80262,-7.66731,-4.48237,-8.61864,-7.75045,-4.60064,-7.80065,-4.67555,-3.6672,-2.75714,-2.02183,-5.91165,-1.60201,-5.32023,-7.77267,-6.37846,-65.88,-993.08,-131.76,2100,-2240,-140
-9.54563,-6.86258,-2.95196,-3.21513,-4.43418,-2.30562,-4.26688,-3.38838,-8.58128,-3.4771,-2.03826,-4.64073,-0.30583,-4.4412,-2.999,-4.19207,-70.272,-995.52,-128.832,2520,-2380,-280
-7.6911,-3.27329,-1.453,1.02726,-1.50736,-0.646025,-0.419848,0.41383,-7.01922,-3.84311,-0.946645,-3.2258,0.374056,-2.56401,0.653846,-0.284258,-65.88,-999.424,-126.392,2660,-2520,-280
1.6456,2.19649,-0.430789,3.02993,-0.812044,-1.30181,0.748071,-0.263395,4.72889,-1.72152,-2.19444,0.165685,-1.58402,-1.20662,1.13084,-0.381171,-65.88,-1005.28,-116.632,3080,-2520,-140
8.24714,6.11006,3.09928,6.98327,4.51719,3.36238,5.59686,4.63242,9.88219,3.80616,3.57506,5.08531,2.23311,3.88287,5.08065,4.61143,-69.296,-1001.38,-116.632,3920,-2520,-280
-1.32571,-3.54964,-3.08278,-1.7905,-2.27592,0.708567,-0.821303,-0.576858,1.1962,-4.48614,-4.5775,-4.76529,-1.9738,-0.784593,-2.25589,-1.00063,-66.368,-997.96,-119.072,4620,-1960,-560
5.89617,7.27443,4.43483,8.83864,9.67989,6.19669,7.66858,5.09517,8.21939,2.05687,-0.881459,6.38428,2.35747,7.09153,7.73403,5.90221,-68.808,-989.176,-120.048,5040,-1820,-560
8.08314,4.78138,0.311907,4.09819,2.89711,-1.36973,2.99996,-0.459355,8.98911,2.83157,-0.103371,2.85789,-1.74458,0.276515,2.16748,1.37232,-63.928,-989.664,-123.952,5040,-1820,-700
8.11435,3.85117,0.887938,2.46189,1.21521,0.493124,3.56233,2.66913,6.61242,5.11479,4.47207,2.01692,1.64419,0.871393,-0.437044,2.47315,-63.928,-986.248,-125.904,5040,-1820,-700
1.91961,0.682421,0.356097,0.92717,1.43894,1.2397,3.67982,3.63219,-0.713077,0.873153,1.55241,-0.77852,-0.786784,1.90165,-1.07685,3.66921,-65.392,-981.856,-125.904,4620,-1400,-980
-0.102853,0.654421,2.54017,-0.09636,-0.406484,-0.643032,-1.71572,-3.30009,-3.85299,0.688628,0.161779,-0.493202,-1.70648,-0.540451,-3.23952,-2.80327,-64.904,-982.832,-129.808,4620,-1400,-980
1.77983,2.9837,3.83611,1.88965,0.958061,-2.08027,-1.05563,-4.27721,-1.90157,2.93856,1.18107,1.37898,-0.797218,-1.71588,-0.108826,-2.32255,-66.856,-983.808,-127.368,4060,-3640,-1120
0.885845,5.70062,4.70968,5.75421,6.28083,1.96797,5.50028,2.21805,-0.74611,1.81998,0.185877,4.20106,0.272707,1.89459,5.9229,5.58876,-66.856,-982.344,-126.392,4060,-3640,-1260
-1.4205,0.334694,0.457844,-2.38432,-1.47649,-1.84172,-2.2126,-2.06173,-3.88728,-1.36762,-3.2956,-0.764662,-2.99825,-2.59763,-1.0305,-0.581349,-64.416,-982.832,-129.32,3220,-5460,-1120
-2.26585,-3.30255,-0.110464,-6.77693,-3.97434,1.49031,-4.20149,1.81426,-7.00932,0.117375,0.262591,-2.01166,-0.0582739,-2.70381,-4.83386,-0.0945054,-64.416,-983.808,-130.784,2800,-6720,-1260
-11.2645,-13.6762,-5.57533,-16.3571,-10.7878,-1.34246,-11.1608,-1.31939,-14.1017,-6.02927,-4.15013,-9.85248,-2.93102,-4.93769,-15.0503,-4.03503,-59.536,-985.272,-134.688,2240,-7840,-1260
-7.55496,-7.49774,-3.55384,-6.95522,-2.19807,2.46414,-3.46169,3.40824,-10.9264,-3.58456,-0.93806,-3.72565,-0.503182,0.441128,-6.80307,2.18391,-55.632,-990.152,-132.248,1260,-8540,-1820
-4.71474,-5.65853,-5.74352,-3.25009,-2.86648,-1.10982,-2.21302,-1.62366,-4.78202,-3.46266,-1.95619,-3.71969,-2.7756,-1.53855,-0.243979,-1.96601,-57.584,-994.056,-130.784,560,-8540,-2240
2.3335,-0.269036,-3.30206,0.483928,-0.76366,-0.591006,0.337229,-1.26402,3.81679,-0.140018,0.748303,-0.473746,0.292251,0.541646,3.38723,-2.01538,-52.704,-1000.89,-125.416,140,-7980,-2380
-1.59026,-2.16229,-3.88605,-0.922204,-0.602764,0.0650269,0.788271,1.77117,-0.533314,-5.7181,-3.14068,-2.89623,-0.24141,2.13538,2.34001,-0.609943,-55.144,-1003.33,-122,280,-7420,-2660
-3.25119,-5.83675,-5.37892,-7.30065,-7.60017,-5.86504,-8.01574,-6.22065,-4.20863,-4.8797,-3.15408,-5.78264,-2.21864,-3.65599,-5.07169,-9.15942,-53.68,-1004.79,-120.048,980,-6720,-2940
3.78355,3.29203,1.95113,0.866139,0.283558,-3.04731,-3.05316,-3.73909,4.52681,3.44792,3.56271,5.41994,2.7019,1.74418,-0.356827,-4.61429,-53.192,-1001.86,-119.56,1540,-6440,-3080
3.58025,4.02601,2.25432,2.78863,2.73361,-1.15043,2.42634,0.578384,7.73552,4.33748,3.90164,5.92745,3.07879,2.27117,2.81109,2.48298,-53.192,-1000.89,-114.68,1680,-6580,-2940
-0.914033,2.97109,1.98439,4.5111,4.78502,0.851027,5.21035,2.64072,2.27534,1.44957,0.731473,4.66079,1.68323,2.53366,4.47837,5.8218,-55.144,-1001.38,-116.144,2240,-6300,-2660
0.605067,3.91758,4.28636,7.22711,5.71499,2.72136,7.12204,3.28347,2.88054,3.40206,1.98297,4.67846,2.12994,2.50365,7.36807,5.00853,-59.536,-998.448,-117.12,2380,-6440,-2520
-3.14601,-0.143023,1.81036,2.99977,0.690418,1.9136,3.00029,0.408356,-1.98382,-0.21041,-0.693623,-0.677516,0.674862,-0.847242,3.33957,0.888826,-58.56,-996.496,-113.704,2800,-6300,-1820
-3.72874,1.95462,1.56285,6.42456,5.20863,1.55464,6.38013,3.18871,-3.99601,-0.456344,-1.18209,0.854726,0.188409,1.53776,7.58895,5.57,-61,-994.056,-117.608,3080,-5880,-1260
-0.464431,1.80787,1.80923,5.35723,4.10912,-0.616898,2.96812,-0.28419,-1.11618,2.19402,1.20263,1.04243,0.276204,0.744612,5.81164,1.76789,-64.416,-990.64,-118.096,3080,-4900,-700
0.0989542,0.460199,-2.15154,1.88091,-1.2715,-4.09242,-0.475878,-4.7571,3.23096,-1.34523,-1.69641,-3.04232,-3.36454,-3.79104,1.9593,-3.35664,-69.784,-987.224,-121.512,3220,-3080,0
5.15502,3.9463,0.272761,2.43181,1.04174,0.558128,4.39747,2.15446,8.96027,2.72236,2.71856,1.32272,1.24608,-0.255266,3.56853,1.41371,-76.128,-985.76,-121.512,3220,-1820,560
1.57005,-3.52476,-2.48117,-7.11671,-6.50965,-3.381,-3.47226,-2.89928,3.6783,-1.69603,-2.05215,-3.96393,-2.22285,-4.36026,-5.78896,-4.39081,-77.592,-985.76,-124.44,2660,140,980
8.46308,6.94253,4.95689,3.44372,2.58066,4.69082,3.06165,3.87109,7.99602,5.3992,4.10872,5.34031,3.84571,3.17705,2.77225,2.15292,-81.008,-981.856,-128.832,2380,1680,1260
4.10496,6.22054,2.70364,3.43645,2.53071,3.29803,-0.688865,0.219556,3.16199,2.03096,0.319139,3.88717,1.74235,2.18294,0.559328,-1.2712,-88.816,-983.32,-126.392,2100,2520,1680
3.51683,6.84771,4.93639,4.88202,5.88974,6.91795,1.76992,5.14105,1.16509,3.37577,1.62763,5.64121,3.73812,6.29783,0.715335,3.21552,-89.792,-985.272,-127.856,1260,2940,1680
1.15805,0.775486,3.50257,-0.666782,0.343821,3.81353,-3.22558,1.91754,-1.47804,1.29153,2.31116,0.905842,2.34901,2.21165,-3.99381,-1.29421,-93.696,-984.296,-125.416,1400,3080,1820
0.715491,-2.34058,0.108388,-4.9925,-5.19167,-0.484602,-6.92194,-3.49522,-1.86661,0.0018809,1.81335,-2.24348,-0.0843776,-0.763417,-6.53235,-6.31912,-93.696,-985.76,-126.392,1120,2940,1820
-1.11624,-5.6267,-1.4113,-7.1846,-6.07316,-2.36875,-6.60424,-4.27477,-3.82555,-1.96563,-0.354601,-3.03635,-1.02097,-1.69882,-7.47348,-5.27354,-95.648,-984.296,-123.464,1120,2660,1680
-0.665563,-8.13894,-2.49482,-7.24264,-5.24196,-3.74732,-5.24249,-2.74461,-5.36752,-1.7667,-1.09109,-3.68243,-2.35633,-4.02185,-9.08629,-3.15406,-96.624,-985.272,-127.368,1120,2100,1400
-2.10121,-9.72965,-4.42387,-7.43122,-5.90348,-3.96557,-4.29694,-2.28526,-7.06519,-3.52989,-3.02876,-5.86312,-3.48762,-4.1794,-9.46874,-2.09866,-94.672,-983.808,-119.072,1400,1260,980
2.82178,0.478134,0.990192,2.91294,3.81338,1.25839,5.86967,4.12805,0.334479,0.835391,1.56958,1.88323,1.03423,1.3967,3.30044,6.08331,-91.744,-982.832,-117.608,1540,420,700
-2.15113,-2.22645,-4.0095,0.182099,-0.754076,-0.762303,3.77493,1.42662,0.0508626,-6.08354,-5.31789,-3.70609,-4.06047,-2.41773,4.68254,3.87351,-89.304,-982.832,-120.536,1960,-840,280
0.993233,1.48868,-0.326833,0.895438,1.97157,2.58002,3.77348,3.67536,4.35239,-0.104447,0.794465,-0.213402,0.810358,0.540944,5.7688,5.47314,-88.328,-985.76,-120.536,1400,-2380,-420
-0.598112,1.45171,-2.1802,-1.36746,-1.16533,-3.05,-3.73305,-4.16303,4.63362,-0.835764,-1.62514,-0.669178,-1.71839,-1.8668,-0.812565,-1.83249,-86.864,-983.808,-120.048,1540,-3780,-700
-0.527368,1.38503,-1.46475,-0.838175,-0.538582,-1.34668,-2.94383,-3.10646,1.74378,0.735462,-0.349847,0.030393,0.511649,-2.04081,-1.11143,-0.898424,-83.936,-984.784,-124.928,980,-5600,-1400
-1.9024,-0.344142,-1.95879,-0.296799,0.88244,1.45114,0.10683,1.63887,-0.786164,-1.30754,-0.936555,-0.0191899,1.04879,0.45781,-1.68835,2.48362,-82.472,-986.248,-123.952,1120,-6860,-1680
-4.37366,-1.43855,-2.89024,-0.863295,-0.0961572,-0.270416,-0.63793,0.529629,-2.26883,-2.89172,-2.96358,-1.44897,-1.44926,-0.463303,-3.12901,1.23137,-79.544,-988.2,-124.928,840,-8540,-2240
-2.10251,7.64232,2.15158,9.2808,7.11872,0.242554,3.66189,1.1249,-0.1291,1.16711,-1.35994,5.82721,0.339779,2.92649,5.40555,2.3389,-73.2,-986.736,-125.416,420,-10640,-2940
-6.88298,6.75722,-0.210645,13.488,8.6707,-1.42838,6.04023,0.0139776,-3.36446,-4.28127,-5.34359,4.02066,-1.81178,3.50531,12.6699,1.30539,-73.2,-987.712,-123.464,280,-11900,-3360
-5.504,-1.89595,-2.30106,2.4876,0.266374,-3.40847,-0.65177,-2.00178,-5.37591,-0.569951,-1.20116,-1.33916,-1.41346,0.039124,4.38202,-3.48635,-66.368,-990.64,-131.272,280,-13440,-3920
-2.00875,-6.72697,-0.668983,-6.18243,-4.28062,-2.3493,-4.07155,-1.82454,-3.82471,2.86041,2.70328,-3.58695,-0.165897,-1.3628,-3.31682,-3.63786,-59.536,-989.664,-127.856,280,-14280,-4200
-1.78493,-8.02892,0.30649,-10.5012,-6.60874,-1.35641,-5.08037,-1.34493,-2.79511,2.95622,3.87575,-4.58348,1.11249,-0.952792,-6.05771,-3.53257,-57.584,-991.128,-128.832,140,-14840,-4480
-0.25258,-2.18335,4.1864,-4.46028,-1.30201,2.36507,-0.647548,2.32962,-0.945913,2.94424,5.38363,-0.0765305,4.23593,1.87938,-0.999128,0.0671916,-53.68,-993.08,-127.856,280,-15260,-4900
2.54194,3.64981,5.4418,2.21421,2.54692,4.45819,4.61398,5.01112,3.70233,3.14698,4.64531,3.30746,4.05178,3.03829,3.81267,4.14549,-49.776,-994.056,-128.832,140,-15400,-4900
1.2198,0.116498,0.491,-0.927769,-1.99111,0.582504,1.31019,0.415387,2.64201,-1.49577,-0.62255,-1.24838,-1.80146,-0.154262,-0.722793,0.48204,-43.432,-995.52,-126.392,280,-15540,-4900
0.874286,-1.25739,1.79814,-0.936843,0.750695,4.71689,1.70515,1.56594,-3.01811,-1.42681,0.796123,-0.524009,0.816217,2.54373,-0.974132,1.84723,-41.968,-992.104,-125.416,140,-15120,-4760
0.686988,-4.26066,-2.42711,-4.43403,-4.12083,-1.78011,-2.62402,-4.24621,-3.63613,-1.48756,-0.491807,-3.95793,-3.57366,-4.85712,-5.11957,-3.2354,-39.528,-994.544,-123.464,420,-14420,-4340
9.05733,10.0941,5.92506,9.10376,7.11996,2.84652,7.43367,2.1325,8.12518,6.76489,5.64887,8.11261,2.05832,2.80005,6.19146,3.32739,-37.576,-993.568,-126.392,700,-13440,-3780
2.87847,3.77459,-0.331371,3.06522,-0.00766562,-3.33367,1.07997,-2.17426,3.55425,0.103188,-2.02242,1.24292,-3.51788,-1.58375,-1.88336,-1.8737,-40.016,-993.08,-123.952,560,-12320,-3360
0.579139,-0.956532,-2.01766,-0.0180523,-1.46711,-2.1626,-0.225414,-1.46391,-1.61005,-1.67019,-2.37683,-1.37672,-3.02581,-2.41729,-4.54171,-1.73279,-40.504,-992.104,-122.976,840,-10920,-2800
-0.566507,-3.51598,-3.6539,-2.72599,-2.52128,-1.30808,-1.39681,-2.01612,-3.67993,-3.20538,-2.11274,-3.20114,-2.34928,-3.72761,-5.82354,-1.76791,-42.456,-993.08,-127.368,700,-9660,-2240
-0.145324,-3.75158,-2.84511,-5.12592,-3.75406,-1.13159,-3.4759,-2.97403,-2.36972,-2.03368,-2.08215,-2.94224,0.0641253,-3.66348,-5.1672,-3.50583,-41.968,-990.152,-126.88,840,-7980,-1680
3.57819,2.01259,2.36438,-0.309146,0.968162,0.984815,-3.54514,-3.87646,2.91335,2.77737,0.412364,3.82597,4.98007,1.02294,-1.21059,-5.80934,-45.872,-991.128,-124.44,1120,-6440,-1120
4.65197,3.69477,1.94112,2.19025,5.93146,4.7401,5.67188,5.47934,8.30418,5.44204,1.70778,4.9027,3.51268,5.41299,4.32691,5.58653,-46.848,-992.104,-126.392,1120,-5180,-840
-1.51279,-3.12701,-2.74007,-2.87979,-0.7473,0.673979,1.13467,3.47837,3.87357,-0.536081,-3.66717,-0.862127,-1.45607,1.84861,2.07946,3.63723,-51.728,-990.64,-126.392,1120,-3920,-420
2.24336,4.06167,0.526189,5.56889,2.9444,1.12746,2.56216,4.16465,5.61115,2.31417,1.82897,3.02242,1.6174,3.57559,8.42816,4.14921,-55.632,-990.152,-124.928,840,-3080,-140
0.586392,6.94514,-0.591504,8.60815,1.899,-2.2375,1.11686,-1.35991,4.53742,-1.11179,-1.96504,2.15652,-0.718592,1.77011,9.32063,0.248035,-56.608,-990.64,-127.368,840,-2240,0
1.33961,10.5675,4.41777,13.4743,7.34278,2.76383,5.0859,2.74423,1.43483,1.25727,1.70419,7.60611,4.28497,4.61884,13.3316,3.801,-59.536,-989.664,-127.368,700,-1820,140
-4.79864,0.640642,-0.978618,2.85513,-1.22613,-1.58163,-0.297187,0.184988,-4.93178,-5.02994,-3.40019,-0.821388,0.254541,-1.08953,4.4146,0.318922,-62.464,-990.64,-126.392,560,-1540,140
-5.09214,-5.28888,-3.79055,-4.4228,-6.08493,-2.86409,-3.09466,0.288892,-6.29008,-5.24285,-2.64462,-6.39235,-1.38046,-3.61675,-1.44545,-1.19968,-64.904,-992.104,-124.44,140,-1680,140
-4.01116,-5.69982,-2.42985,-5.88285,-4.22143,-2.01303,-2.57909,0.227894,-6.20398,-3.65161,-0.592663,-5.61539,-2.22278,-3.42103,-4.01743,-0.0947946,-69.784,-992.592,-127.368,140,-1680,0
-2.57897,-5.57576,-2.15134,-8.65613,-5.78924,-3.70007,-6.1395,-4.1521,-4.44059,-3.75006,-0.910635,-5.61179,-3.28516,-6.02798,-8.62149,-4.74382,-68.808,-991.128,-128.344,-140,-1680,-280
2.74626,3.27743,3.47669,-1.37906,1.56637,2.07567,-1.33992,0.310435,3.16121,1.24278,3.23154,1.88073,0.892823,0.561602,-2.91239,-0.339276,-70.76,-992.592,-125.904,0,-1960,-280
4.2932,2.20984,3.56894,-2.46145,0.930145,1.51038,-2.59183,0.180225,1.79814,3.07916,2.88819,3.1945,-0.0355942,-0.0943958,-5.13655,-0.0611503,-70.76,-992.104,-127.856,-280,-2240,-560
-3.4601,-14.8644,-1.46834,-17.7567,-7.66242,1.30204,-10.0153,0.0251469,-14.4104,-0.920666,0.290849,-6.55899,-1.34856,-3.10979,-18.7191,-2.69313,-72.224,-995.032,-122,-560,-2520,-840
-2.13199,-12.1837,-1.34786,-12.9121,-5.14348,1.06313,-7.14488,-0.834397,-10.1129,-0.529676,0.397753,-5.3555,0.185401,-1.33587,-14.3214,-2.24044,-74.664,-994.544,-127.856,-700,-2940,-980
0.604143,-1.28008,-0.579653,0.229285,0.092729,0.0963977,-1.34908,-1.85766,-2.46265,0.832457,0.331012,-0.44405,0.459682,1.75213,-0.145731,-1.03991,-73.688,-993.568,-129.32,-560,-3080,-980
2.36295,4.1065,1.57805,8.23387,5.96682,2.21908,5.21844,0.609662,1.89218,4.16454,3.02355,4.15032,3.0674,4.73453,8.08457,2.10662,-76.616,-994.544,-126.392,-840,-3500,-980
4.81731,8.44532,1.9216,11.994,6.98785,1.00911,9.00536,0.789815,10.5034,5.18803,3.19276,5.49095,2.39504,3.4444,14.5926,4.34106,-77.104,-994.056,-127.856,-840,-3500,-980
-0.219408,4.84866,-2.35545,7.40612,0.788924,-4.42864,4.0095,-3.68197,9.62191,-0.640706,-2.92193,0.771553,-2.69079,-1.4667,10.6636,-0.0910256,-77.104,-993.08,-124.928,-1260,-3640,-980
2.7141,7.93523,1.30165,10.3649,5.10458,-0.705655,6.07562,0.241532,11.1038,2.86344,0.920503,5.24136,0.517564,1.85299,9.90212,2.28059,-75.64,-996.008,-125.416,-1680,-3500,-840
-5.95292,-3.69785,-3.84114,-2.78151,-2.18527,-3.43981,-2.35175,-4.07021,-0.767262,-3.82426,-3.89649,-2.67843,-4.01468,-2.24373,-5.5738,-2.89743,-75.152,-994.056,-123.952,-1680,-3080,-560
-1.25256,-0.939441,1.40422,-3.44489,0.0851176,1.46927,-1.82042,1.65002,2.1851,3.55921,1.73294,1.13279,0.897857,1.10513,-8.49174,0.1551,-75.64,-996.008,-123.952,-2240,-2800,-700
-0.218144,1.90349,1.64122,0.869702,-1.10157,-1.23578,-2.35798,-1.01288,4.60579,1.59597,-0.729184,0.0131284,-0.868614,-1.20782,-4.88882,-1.62602,-75.152,-996.984,-127.856,-2520,-2100,-560
-1.27821,2.46395,1.89408,3.19657,2.25932,1.67601,3.79422,4.48071,1.77942,1.38873,1.26546,0.670379,1.71012,2.01249,-0.128591,2.91563,-74.664,-992.104,-127.368,-2800,-1260,-420
-4.2431,-5.2572,-1.87488,-6.25449,-2.97194,-0.165901,-0.223597,3.75587,-2.57285,-3.43921,-1.21561,-4.71846,-0.222908,-1.56605,-7.01096,0.135686,-73.2,-994.056,-127.368,-2660,-840,-420
-3.91781,-6.40817,-2.29798,-8.59832,-4.04326,-0.837082,-4.20786,0.221282,-3.79796,-4.78263,-2.50088,-4.8662,-1.46072,-3.60953,-8.94697,-3.41299,-70.76,-993.08,-126.88,-2520,-420,-140
-0.249898,2.57747,1.00023,2.29864,2.2742,1.84619,0.119328,0.746124,0.263443,-1.1121,-0.813724,1.84872,0.81151,-0.0531496,1.9506,-0.994254,-71.248,-993.08,-126.392,-2800,-140,0
4.74625,10.6004,5.51412,11.6021,8.30093,5.229,6.67806,3.46013,5.13563,5.6038,4.23808,8.21649,5.07281,3.93325,11.296,3.7291,-68.808,-991.128,-124.928,-2660,-140,0
1.2853,2.5337,1.2121,3.50594,1.62295,1.30342,0.918155,-1.37188,-0.880594,1.98246,-0.0906949,1.91089,2.35071,1.11649,4.0989,-0.491972,-68.32,-990.64,-123.464,-2940,420,280
8.35185,7.12826,4.60718,8.39043,7.21533,4.92549,8.45412,3.68496,4.12792,5.01032,3.06307,6.04865,4.86308,5.49612,12.3502,5.97334,-67.832,-993.568,-126.392,-3080,140,280
3.27356,2.50354,-0.60298,6.59932,1.33119,-1.36225,6.70878,-0.972443,0.0700154,-2.38312,-2.29846,0.167127,-1.98059,0.751377,14.5444,2.84316,-66.856,-992.104,-124.44,-3360,560,420
4.14287,1.59607,0.765545,5.52521,2.35987,0.233724,7.78624,2.00616,-3.27576,-0.167249,1.88519,2.3223,-0.38839,1.70265,10.9238,3.77104,-63.44,-991.616,-123.464,-3360,700,420
-0.903855,-7.55133,-4.15154,-9.07638,-7.3652,-5.1639,-5.44111,-5.41294,-7.78293,-4.22995,-2.35379,-5.32916,-5.29811,-4.84469,-8.55918,-4.93547,-66.368,-990.64,-122,-3500,420,560
-5.97799,-8.24475,-4.93475,-10.7614,-7.33221,-3.87197,-7.38263,-4.60839,-11.2474,-6.03536,-3.53377,-5.82585,-5.99611,-4.79695,-11.4223,-5.27585,-62.464,-992.592,-125.904,-3640,420,840
-8.59955,-8.5167,-4.70351,-9.5656,-5.22496,-0.987788,-5.12848,0.225977,-14.2552,-5.59155,-3.46338,-6.80511,-4.96235,-2.20775,-8.28754,-1.91546,-63.928,-989.664,-129.32,-3780,420,840
-11.4148,-14.6624,-8.23465,-16.1283,-11.3978,-4.85366,-11.3671,-4.13586,-17.2819,-9.15115,-6.40252,-12.6374,-6.19839,-5.89168,-13.6063,-6.05027,-60.512,-988.688,-124.44,-3780,420,840
-6.46282,-9.936,-4.71345,-12.0439,-6.83746,-1.61348,-7.0631,-1.24489,-9.22981,-5.61342,-3.18388,-7.99836,-2.63069,-3.22424,-7.19995,-2.63062,-63.44,-989.664,-128.832,-3500,280,840
-2.0776,-2.81499,-1.42044,-4.53327,-2.90395,-0.577162,-3.08652,-1.07714,-0.785758,-3.45443,-1.80087,-2.83943,-0.379553,-1.25741,-2.02941,-0.653957,-63.44,-987.712,-129.808,-3220,280,980
4.63882,5.56558,3.56208,2.84978,2.47416,2.42875,0.990287,0.549071,6.99463,2.32605,2.3883,4.96838,3.63265,2.86289,1.56758,0.934075,-65.392,-986.736,-127.856,-2800,560,980
6.77554,5.46296,3.27097,2.60379,0.987655,0.678272,-1.42582,-1.05578,10.79,5.19546,4.62953,4.07745,3.40381,0.6477,-1.05328,-1.41274,-66.856,-987.712,-128.832,-2660,420,980
6.46202,7.72821,2.8138,6.5331,1.52865,-0.376628,-1.08046,-2.54709,13.6913,5.43681,3.1378,4.66344,1.9874,1.19244,2.50045,-2.05264,-66.368,-986.248,-127.368,-2240,700,1120
7.44298,11.8003,5.59754,10.6583,5.99289,1.46614,2.20741,-0.641061,14.2458,5.71868,2.63171,8.83436,3.09921,3.45449,6.38599,-0.108968,-67.344,-988.688,-129.32,-2100,700,1400
6.85267,9.71448,6.34495,9.13398,8.00045,3.14863,6.12918,2.86713,9.46246,6.83214,3.71747,9.11602,4.94805,4.4661,7.73899,4.026,-65.88,-985.76,-128.344,-1820,980,1260
4.67255,3.94585,4.63128,6.29592,5.81299,1.20826,5.33601,1.16613,5.58021,5.37719,3.03443,5.39793,4.07058,3.38554,6.41043,4.07579,-68.808,-985.272,-128.832,-1960,1400,1260
8.6854,5.83564,7.98982,6.12384,7.71861,5.71575,5.04856,6.98839,6.47181,9.58766,8.66002,8.36082,8.8928,5.92142,1.46252,7.11692,-68.32,-985.76,-129.32,-1540,1260,1260
0.284936,-3.09232,-1.31115,-3.97884,-2.74661,-1.42916,-4.71568,0.269854,-1.26886,0.824984,-0.232752,-2.04249,0.110488,-1.89893,-9.24638,-0.971199,-68.32,-987.712,-131.272,-1540,1680,1260
-1.37184,0.271105,-1.05508,2.41145,1.74429,1.03715,0.254723,2.55232,-2.21352,1.15935,0.784957,-0.758024,0.695343,1.39043,-0.34333,2.87179,-68.32,-986.736,-130.296,-1680,1960,1120
-6.36931,-4.43785,-4.19892,0.567435,-0.705187,-1.13865,0.276608,-0.134749,-5.28543,-3.57885,-3.90001,-5.10931,-3.10898,-1.66326,3.43742,1.63457,-71.248,-988.2,-130.296,-1820,1680,1120
-1.86685,0.561307,-0.0775968,2.80693,2.50741,1.47105,3.88313,2.24885,2.19997,1.61982,0.623215,0.407127,-0.280541,0.992427,6.66344,2.8183,-70.76,-986.248,-132.736,-1540,1680,1260
-4.75475,1.50084,-3.4768,2.86749,1.41931,-1.08866,3.17219,0.484499,3.24202,-2.86241,-3.77374,-0.852626,-2.70678,-0.15017,5.71797,0.706055,-72.712,-990.64,-129.808,-1260,1960,1260
-4.77543,1.03116,-3.91573,2.76925,0.964883,-0.751663,3.63816,2.64017,-0.419989,-4.89623,-5.21376,-1.53162,-3.7439,0.14792,3.96403,2.32029,-72.712,-988.688,-127.368,-1260,1960,1120
-6.27929,-9.55348,-4.44593,-8.10506,-5.49347,0.54707,-2.07204,4.226,-10.9223,-4.49498,-1.99671,-6.70168,-3.05462,-3.04536,-7.14262,1.22738,-72.712,-989.664,-128.832,-1120,1960,1120
-3.43508,-5.96139,-2.87974,-4.1352,-3.8453,0.284216,-0.725099,1.52142,-7.97471,-2.56554,-0.501069,-3.46244,-2.03844,-3.39349,-4.12845,-0.608776,-75.64,-992.104,-125.904,-1260,1960,1120
-0.131531,0.569754,-1.99517,0.626628,-2.90508,-2.49483,-2.10888,-3.71678,1.40428,-1.58247,-0.382711,-0.655101,-2.4835,-2.94773,-1.40192,-4.44993,-73.688,-990.152,-129.32,-980,1820,840
1.23333,-2.68157,-0.967883,-3.0201,-3.21271,-1.14352,-3.88593,-3.11046,-0.027416,1.07358,3.83271,-0.548504,0.94236,-2.66583,-6.0679,-5.00648,-74.176,-990.64,-128.344,-980,2240,840
-2.28629,-5.9467,-4.41666,-6.4431,-6.75312,-5.93015,-7.97342,-8.94841,-4.2752,-3.46968,-2.0547,-4.28934,-2.86554,-5.22368,-10.0801,-10.1058,-72.224,-989.664,-126.392,-1260,1820,840
2.72281,4.6377,3.47939,3.1878,4.32013,1.74412,1.25794,-1.81707,1.76677,0.747798,1.82997,5.13705,1.91083,3.35583,-0.097687,-2.54457,-72.224,-990.64,-123.952,-1540,1680,700
2.427,3.60812,3.45947,1.71967,2.55747,1.14982,0.47981,-2.41338,3.36024,-0.752418,-0.83014,2.70065,0.000457049,1.83696,0.877767,-2.23786,-72.712,-986.736,-125.416,-1680,1400,560
3.29928,-0.305505,2.81346,-4.17203,-1.39558,0.617632,-0.0500895,0.0448293,6.38959,2.35696,1.60745,0.0772478,0.84202,-0.118767,-0.580581,-0.87144,-72.712,-990.152,-125.416,-2100,1400,700
4.16775,2.45852,4.56573,-1.83644,0.529573,1.54146,1.71103,2.4877,7.2374,3.78869,2.19269,2.78405,2.61762,0.969264,1.31269,1.43665,-73.688,-989.664,-122.976,-1960,1260,560
-1.30424,-3.34727,0.460374,-4.13574,-2.93439,-0.903253,-0.321109,1.29645,-3.3833,-1.0102,-1.34917,-3.00447,-0.0585018,-1.90093,1.06778,1.153,-73.688,-990.152,-125.416,-2520,840,560
-0.859824,0.998017,1.49354,1.15446,2.0154,1.26448,3.79776,2.25933,-4.0497,-0.398302,-1.33701,0.628761,0.977792,1.8442,5.45039,3.25919,-73.2,-990.152,-121.512,-2660,1120,560
-6.66638,-5.23414,-2.91257,-4.10023,-2.39458,-4.12137,-1.84167,-4.9408,-11.8824,-5.27158,-5.95064,-5.50781,-3.78507,-2.10037,-0.624498,-3.4508,-70.272,-992.104,-124.928,-3080,840,420
-11.2362,-16.6755,-5.07396,-15.3693,-7.95278,-3.2933,-6.31579,-2.69974,-21.1104,-5.39576,-4.2345,-11.8483,-3.8372,-3.77373,-10.7838,-3.42788,-69.296,-992.104,-127.368,-3500,840,420
-9.43878,-12.5982,-4.81557,-12.1859,-6.7578,-2.72602,-5.14232,-1.69033,-13.2628,-6.10213,-4.70159,-9.6362,-2.95452,-4.16025,-10.1533,-1.2222,-67.832,-990.152,-123.952,-3780,840,420
-0.987718,0.621367,-0.451488,1.05461,-0.560228,-1.09144,0.560185,-0.885313,-0.670678,-1.9417,-2.73214,-1.29914,-1.62614,-0.122981,0.261417,1.98709,-70.272,-993.08,-125.904,-3920,840,420
7.22283,9.065,5.18496,11.1755,6.94954,2.36587,5.16932,2.10291,5.95435,5.10168,3.06333,6.82495,2.24013,5.14669,7.35566,6.31586,-68.808,-992.104,-123.952,-4200,560,560
6.52883,10.2995,4.89892,12.247,7.98772,2.35253,4.26586,0.98518,8.08069,5.26682,3.39631,8.67982,2.97271,5.35432,8.83528,5.94243,-66.368,-991.616,-128.344,-4200,560,560
5.73985,10.2239,2.88059,8.76147,5.45241,0.790121,0.286791,-0.338308,12.9607,2.82768,1.62393,8.54933,1.82424,3.05013,4.22069,1.63315,-66.368,-992.104,-126.392,-4340,-140,980
11.4185,15.4892,5.98514,11.9886,8.66274,4.96883,5.55661,5.87711,17.6024,7.70508,7.41829,11.2484,5.80386,6.39042,8.84848,5.09646,-66.368,-990.152,-125.904,-4200,-560,980
9.93107,12.978,4.29641,12.839,6.47706,3.56394,7.23572,3.82739,15.1014,5.23793,4.28947,7.31232,3.72134,4.66775,11.4786,5.57533,-65.392,-988.688,-127.368,-4620,-980,980
7.62901,11.9002,5.41603,12.7073,9.70179,6.75234,9.37717,6.84947,11.9269,6.2219,5.89305,9.7651,6.24336,7.51314,10.217,7.98317,-63.44,-991.128,-131.272,-4340,-1260,1540
-1.79312,2.39445,-3.39506,2.87464,0.00752491,0.453001,-0.575028,-0.260209,1.4487,-1.69715,-1.45791,-0.269566,-1.10517,0.0865096,0.50952,-0.889153,-66.368,-988.688,-129.808,-4060,-1400,1540
-1.98213,-0.575775,-2.62407,1.18294,0.348109,2.94794,1.87878,3.51084,-4.32877,-0.664794,0.515394,-1.28206,1.26611,0.256191,3.32567,0.822257,-62.952,-988.688,-132.248,-4060,-1540,1820
-5.00612,-6.0007,-3.72533,-3.85456,-3.00199,0.271543,-0.00657912,0.856188,-11.1912,-3.5995,-1.49193,-4.79488,-0.506201,-3.52278,1.1888,-1.42801,-62.464,-987.224,-130.784,-3780,-1260,1820
-3.98619,-8.21407,-4.28725,-10.125,-6.7337,-2.83529,-5.492,-2.57375,-8.51801,-4.1069,-1.36264,-6.34667,-2.63068,-5.15953,-7.26118,-5.91073,-61.488,-985.272,-136.64,-3500,-1400,1960
-2.21592,-6.01101,-4.30302,-8.94463,-6.444,-4.29183,-6.91567,-3.85915,-4.04872,-3.82108,-1.817,-6.02218,-3.92105,-4.15377,-8.5282,-7.90129,-62.464,-987.224,-132.248,-3360,-1820,2240
-1.14337,-4.51338,-2.47721,-4.17662,-3.89625,-3.74104,-4.48252,-4.08527,-2.36104,-1.92517,-0.729881,-4.17105,-3.13855,-4.84086,-4.14662,-6.22235,-62.952,-981.856,-137.128,-2520,-1540,2240
-4.15366,-10.0136,-5.11692,-12.225,-9.63183,-5.79941,-10.3163,-7.67884,-2.22083,-3.08319,-2.41992,-7.4325,-4.74137,-8.32316,-13.2382,-9.29441,-63.928,-983.32,-132.736,-1820,-1400,2380
-0.925243,-5.74844,-1.15571,-6.88435,-3.54927,0.273694,-3.21083,0.0210363,-0.869672,0.829734,1.78243,-1.84403,0.789935,-2.1502,-8.12068,-1.45169,-66.368,-987.224,-135.664,-1400,-1260,2660
-6.17112,-10.8886,-5.14283,-9.95092,-7.45964,-3.37051,-5.17621,-2.59374,-6.80136,-4.53988,-3.66101,-6.86086,-2.47608,-3.21852,-8.34324,-3.01968,-64.904,-986.248,-138.104,-1120,-1260,2240
-1.06677,-2.32489,0.459875,-2.5665,-0.323689,1.14398,-0.284265,1.82414,-1.64514,2.32554,2.23478,1.0321,2.36299,2.44063,-3.46067,2.33668,-64.904,-986.248,-136.64,-700,-1120,2520
-1.62138,1.10755,-0.335029,1.60978,1.81083,0.596549,2.11496,0.348953,-2.22277,0.860923,-1.44419,2.08374,-0.252457,2.20374,2.35157,2.74525,-63.928,-986.736,-135.176,-420,-980,2380
0.99873,5.01061,0.557717,8.02846,4.14443,1.34686,4.53782,0.093571,1.13015,1.55365,-1.48868,3.27515,-0.826775,2.0604,7.55848,2.76116,-64.416,-985.76,-135.664,-280,-420,1960
0.644127,-0.14468,0.863183,3.5163,2.11156,1.32291,1.97302,1.36867,-0.901969,1.26107,-0.571533,0.965736,-0.345466,-0.825647,1.15683,1.34932,-63.44,-983.808,-130.296,-280,-140,1960
-2.1699,-5.9727,0.8459,-5.54833,-2.41044,-0.46977,-3.36289,-0.850468,-1.08495,-0.340906,-1.22606,-2.07934,-1.42725,-2.90993,-7.60288,-1.32691,-68.808,-987.224,-130.296,-140,280,1680
1.50965,4.93509,7.43844,5.6334,6.33685,3.42017,3.11182,3.76488,3.21861,3.27207,2.19183,5.72885,3.22609,4.27267,3.4031,3.86086,-69.296,-984.296,-126.88,-560,280,1820
-4.12872,-4.14223,0.768256,-3.90361,-2.12517,-2.42543,-3.72314,-0.485479,-5.50676,-2.06965,-1.64715,-3.59612,-0.783955,-2.05889,-3.74495,-1.92895,-68.32,-985.76,-132.248,-980,560,1680
-2.22913,-5.00776,-0.533171,-7.42045,-3.80594,-1.11446,-3.51557,1.31228,-2.21921,-0.317009,1.26703,-3.62145,-0.375546,-1.83905,-6.81052,-1.5167,-72.712,-985.76,-123.952,-1540,560,1400
2.44337,1.18345,0.773968,-0.167014,0.200697,-0.387582,2.33644,2.32256,2.49079,1.13116,2.24225,-0.0262905,0.367395,0.516516,0.686206,0.990903,-71.248,-987.224,-128.344,-1820,280,1260
5.09391,9.69704,2.57019,8.94171,3.73238,-1.57023,4.52149,-0.820015,11.1685,0.69766,-0.985896,3.46224,-1.14,1.7983,8.47421,1.29167,-71.248,-985.76,-124.44,-2520,280,1120
6.05457,13.0687,5.44031,13.0961,7.40803,0.297058,5.40555,-0.986411,12.0961,1.36247,-0.281249,7.69523,0.739644,4.89554,10.6417,2.7493,-73.688,-987.224,-129.808,-2940,-140,1120
1.55698,2.54827,2.34287,3.67244,2.13323,-0.56765,1.6221,-1.29761,0.660101,0.499706,0.801103,2.32691,1.25117,2.51562,2.98918,1.01302,-74.664,-990.152,-124.44,-3360,-700,980
0.170692,0.510032,-1.08427,-0.00405512,-0.734605,-2.80184,0.341254,-2.59561,0.596954,-1.52557,-1.89442,-1.15796,-1.934,-0.405624,3.32924,-0.990091,-72.224,-991.616,-129.808,-3920,-1120,700
2.02852,0.282329,0.540082,1.74545,2.15067,1.71794,5.15565,2.78188,0.289744,1.4974,1.88929,0.889509,1.78686,2.54745,6.88025,3.43808,-70.76,-990.152,-132.736,-3920,-1260,700
-1.12035,-0.261203,-1.62536,3.79909,1.19354,0.411378,3.35371,-0.208984,-1.59486,-2.76443,-2.64695,-0.488395,-0.276062,1.03888,6.25022,1.93511,-71.248,-989.176,-130.784,-4200,-1680,840
0.833497,3.10106,2.67571,4.85196,5.08981,5.09336,6.08579,4.34457,-2.08029,0.543153,1.5535,3.97001,4.07056,4.96044,6.26933,6.04573,-72.712,-988.688,-134.688,-4200,-1960,840
-6.08551,-4.67725,-3.99085,-4.36171,-2.27653,-0.822187,-1.70985,-2.41199,-8.18313,-5.90878,-4.80595,-3.6704,-1.37939,-2.29182,-1.55976,-0.977892,-67.344,-991.128,-132.736,-3920,-2380,980
0.23599,2.28265,0.0993895,0.140551,1.68482,1.40304,-0.374047,-1.87449,1.09988,-0.784031,-0.600036,2.35589,1.06177,0.813795,0.738533,0.518908,-69.296,-992.104,-131.76,-3640,-3220,980
0.57497,-1.73155,-1.29511,-3.99169,-3.3618,0.727134,-2.98142,-1.44072,1.05231,0.431574,1.55347,-1.12158,0.58124,-3.00181,-3.75042,-1.72566,-67.344,-990.152,-130.296,-3360,-3500,1120
0.179409,-4.65205,-2.39613,-7.04499,-6.09171,-0.193537,-4.5168,-0.804597,-1.78645,1.3154,1.99446,-2.96725,0.422536,-4.02319,-7.34795,-3.12648,-66.856,-992.592,-137.128,-2520,-3640,1260
3.46847,2.13158,-0.646684,-0.407659,-1.26123,0.592455,-2.42899,-0.0436894,3.11441,2.69764,1.42104,1.35711,1.54921,-0.961087,-2.14534,-1.81286,-65.88,-994.544,-134.688,-2100,-4060,1260
12.0567,16.3561,6.99954,12.7905,9.16948,5.67824,5.01428,4.50779,14.9018,9.19415,5.7306,11.4279,6.23339,6.26424,6.99256,3.25568,-66.368,-993.568,-133.224,-1400,-4340,1400
4.01692,5.52767,2.35385,2.81783,2.50287,1.49951,0.628714,2.96778,5.58963,4.4239,1.63939,3.84578,1.09963,2.20607,-1.61876,0.0910729,-67.832,-992.592,-131.76,-700,-4480,1680
0.482677,-1.96543,0.279607,-2.26736,0.116517,2.35696,-0.027441,3.6763,-4.74792,3.69428,3.65743,-0.241623,1.02637,-0.0911852,-4.14305,-0.444862,-62.952,-997.472,-135.664,-140,-4480,1680
-1.92176,-5.81159,-2.94274,-6.21212,-5.1099,-1.8415,-6.55342,-3.39071,-7.16133,-1.34149,0.0550655,-5.27437,-2.77418,-3.49618,-8.58,-5.73617,-61.976,-995.032,-132.248,420,-4760,1960
0.597856,0.215205,0.680058,-1.34416,0.891441,2.40053,-1.03798,1.67727,-4.25367,2.29046,3.57842,-0.0508168,1.22409,1.21812,-3.15472,-0.0968476,-63.44,-996.008,-136.64,980,-4900,1960
-3.98206,-4.91303,-2.95473,-5.65058,-2.68567,-1.23455,-2.9665,-1.04036,-9.29736,-2.33415,-2.33873,-3.87393,-1.72403,0.34428,-6.07828,-1.96956,-66.368,-995.032,-134.688,1400,-4900,2100
-6.12644,-5.72424,-4.37673,-1.80311,-0.754312,-1.35661,1.39662,1.18211,-8.03277,-4.70474,-4.041,-5.40788,-3.11327,1.43978,4.47232,1.47478,-63.928,-997.96,-134.2,1960,-4900,2240
-6.04988,-1.5161,-3.42272,5.79047,2.49624,-0.114058,6.67073,1.67514,-2.75605,-4.72949,-4.0045,-3.8156,-3.91471,2.21663,13.6146,5.32931,-63.928,-997.472,-136.64,2240,-5040,2380
-10.6633,-8.66022,-7.68784,-2.76336,-5.68904,-5.85904,-2.19975,-6.27741,-4.079,-8.82147,-6.77704,-8.94177,-6.72973,-5.46873,1.79248,-2.845,-65.88,-996.496,-137.128,3080,-5740,2380
-9.95355,-11.4155,-5.91327,-9.88477,-8.83296,-5.43944,-7.53783,-6.27295,-4.69323,-6.91564,-4.0246,-8.84657,-4.22306,-7.35555,-8.55439,-6.28609,-62.464,-997.96,-134.688,3640,-5740,2380
-8.49733,-11.3696,-5.41538,-11.3365,-9.35024,-6.90019,-10.6604,-7.69943,-3.50486,-7.11893,-4.5655,-8.512,-4.62358,-8.36767,-13.2324,-9.3819,-64.904,-997.472,-130.784,3780,-6300,2660
-4.63063,-4.3748,-0.849119,-5.60319,-3.76361,-4.84384,-6.20791,-4.03152,-0.323362,-3.44331,-2.26285,-2.62588,-2.15055,-4.68365,-9.22194,-6.5314,-64.416,-996.496,-139.08,4480,-6720,2940
-0.848303,-4.95112,0.662487,-8.1723,-4.62212,-4.63568,-6.71749,-2.15143,0.561787,-1.89555,-0.607344,-1.82133,-2.11344,-5.50643,-11.6086,-5.60973,-64.416,-996.496,-134.2,4900,-7140,2940
-0.283331,-8.51912,0.163199,-9.77688,-5.9995,-2.8349,-5.38296,1.08272,-0.975328,-0.96318,0.596588,-3.32496,-1.38573,-4.87928,-8.16339,-2.07022,-67.344,-993.568,-138.592,5600,-7560,2940
3.0446,0.389556,1.47219,-0.601922,-1.69124,0.156644,-0.613227,3.80325,8.55194,1.0616,1.43327,0.719069,-0.268087,-1.88609,-0.360202,2.66843,-63.44,-993.08,-138.592,6020,-7840,2940
7.4179,8.23422,4.05577,6.21634,2.61824,2.88825,2.78992,4.09156,13.1657,4.22477,3.33937,6.49682,3.90128,2.76018,2.59442,4.79099,-67.344,-992.592,-136.152,6720,-8400,2940
5.06059,8.20779,3.22715,7.03756,3.01622,1.80089,3.56623,2.41645,6.81153,3.03052,1.08189,6.22743,3.20072,3.46509,2.58747,4.32814,-65.88,-992.104,-135.176,6860,-8400,2940
8.3382,18.0783,11.8678,20.6473,17.5689,11.0674,17.0311,10.1166,0.110923,9.30883,7.71372,16.5524,10.775,14.3399,17.3061,14.5427,-67.344,-991.128,-137.128,7280,-8260,2800
4.2826,7.79118,7.97786,14.5325,13.071,7.06245,15.7601,4.84771,-8.34569,5.55862,3.43772,9.0068,6.22978,9.36719,19.2873,11.288,-66.856,-987.712,-135.664,7420,-7840,2660
14.2469,12.169,9.56739,11.5266,12.1849,7.72504,14.8472,6.25838,12.3513,11.6772,7.8574,12.6302,7.25063,8.65222,15.7799,10.4835,-70.76,-989.176,-135.664,7420,-7560,2800
9.71211,16.0327,5.77732,14.9617,10.695,3.5902,10.6488,-0.56049,8.50401,4.93838,0.224701,11.1505,2.30212,6.3057,13.4982,5.42439,-68.32,-989.664,-133.224,7560,-7280,2520
7.76337,14.3872,6.05192,15.0037,11.3502,5.02496,9.31894,0.289146,3.158,6.37184,4.08271,9.93463,3.79624,7.25982,13.1721,4.99076,-66.856,-986.248,-143.472,7700,-6720,2380
8.22286,3.42442,0.8641,-4.02799,-0.964175,-0.924429,-4.22336,-3.51925,10.5218,5.54126,4.5519,1.36224,0.667941,-1.12098,-6.00091,-3.05894,-70.272,-985.272,-133.224,7700,-6580,2520
6.43617,5.30235,-0.108891,-0.0469371,-0.369431,-1.8406,-3.14958,-1.61416,11.707,3.83962,1.88693,1.53549,-0.658693,-0.726788,0.0698367,-3.03967,-68.808,-989.176,-136.152,7700,-6160,2520
1.82075,7.8706,-0.052522,6.44562,3.76407,-0.109288,1.63449,1.27524,5.25188,0.555021,-2.1413,2.2257,-1.57005,2.65233,7.65488,-0.338197,-68.32,-989.176,-134.688,7560,-5880,2520
-5.16109,-6.93148,-5.27719,-9.18552,-5.51429,-2.91225,-5.62181,-0.0207671,-7.11898,-4.92193,-5.16988,-6.95613,-4.48977,-2.89725,-6.7457,-3.86471,-67.344,-987.712,-133.712,7280,-5040,2660
-8.29437,-13.6724,-8.78456,-15.0724,-11.9885,-6.28479,-10.9893,-4.05651,-9.79307,-8.09517,-6.52951,-11.8179,-6.8808,-7.0467,-11.9574,-7.90558,-67.832,-986.248,-135.176,7280,-4760,2660
-5.20643,-7.55178,-4.00625,-6.1949,-5.5826,-2.31244,-5.99682,-2.85666,-6.60624,-4.22716,-1.31795,-6.08889,-2.24513,-3.54345,-5.39071,-4.66923,-69.296,-984.784,-135.176,7140,-4060,2800
-6.2547,-6.57473,-4.14041,-6.71119,-7.30945,-3.95921,-9.39243,-6.41105,-5.37466,-4.93045,-3.34147,-5.88775,-2.63867,-4.21909,-10.0824,-7.67838,-68.32,-981.856,-138.104,7700,-3780,2800
-1.90664,-3.43446,-1.60672,-7.7172,-6.28973,-0.642273,-9.04376,-2.67657,-0.418839,-0.288148,1.64422,-3.56244,0.424017,-3.46697,-14.0969,-5.97171,-71.736,-986.248,-133.712,7700,-3500,3080
-7.57683,-5.53789,-2.90006,-3.27042,-3.74945,-0.140856,-2.37023,-0.51524,-6.98626,-5.0356,-3.46318,-4.37035,-0.298111,-0.882652,-4.7132,-2.38089,-72.224,-989.176,-132.736,8120,-3220,3220
-7.41471,-5.67803,-0.682799,0.0661708,1.84594,2.81977,5.15668,4.65153,-6.95989,-2.98899,-3.55031,-2.1378,0.820504,3.35304,4.24401,4.26389,-70.272,-989.176,-139.568,7700,-3220,3220
-5.44653,-8.52029,-1.62039,-2.55094,-0.636003,2.12257,4.21713,4.01621,-6.4342,-1.90106,-1.14057,-4.13963,0.67981,0.84351,4.99925,4.43402,-70.272,-990.64,-137.128,8680,-3780,3640
-6.35422,-6.50734,-3.72861,1.2833,-1.09211,-1.43037,0.731118,-1.01662,-8.58914,-5.61092,-4.50715,-5.19561,-2.58394,-2.3785,5.90585,0.244996,-71.248,-985.272,-142.984,8680,-3920,3640
-5.87904,-12.8587,-5.63684,-11.139,-7.97298,-1.85878,-9.31034,-2.48187,-10.6906,-4.23729,-1.97319,-8.95761,-1.93543,-5.84132,-12.3178,-4.59244,-67.832,-983.808,-145.424,9100,-4060,3780
-11.3921,-21.8943,-10.7376,-20.9294,-16.2163,-6.74466,-17.003,-7.69664,-17.7637,-9.42071,-5.41041,-15.923,-5.82663,-11.4778,-24.3268,-10.3761,-72.712,-982.832,-135.664,9240,-3780,3780
-10.6532,-17.0154,-8.20836,-13.0148,-11.334,-5.11486,-11.0613,-4.87998,-13.7869,-7.01143,-2.5596,-11.552,-3.67943,-8.56329,-14.4005,-7.01991,-68.32,-990.152,-137.128,9240,-3360,3920
-5.6598,-5.45071,-5.29911,-1.42776,-4.51802,-3.88158,-4.56264,-2.92251,-1.448,-3.96691,-1.71832,-4.01781,-2.89959,-6.09366,-2.13419,-4.22681,-65.88,-989.176,-135.176,9660,-3220,3780
-8.44419,-6.77384,-4.58106,-0.120328,-2.30673,-2.58226,-1.57935,-0.32283,-5.74594,-6.12218,-3.53671,-5.10969,-4.20613,-4.92616,-0.457201,-2.65862,-69.296,-986.736,-137.128,7840,-1960,3640
-0.291284,-0.542905,-0.215131,-0.784045,0.205395,-0.510327,-0.922347,0.470709,2.80555,-2.04552,0.836686,-0.73554,-1.38164,-3.01983,-4.63625,-1.61736,-69.784,-983.32,-134.2,6860,-840,3780
6.53811,11.9065,5.44323,3.24746,5.7056,2.73303,4.22425,2.53695,10.024,2.99896,2.75176,7.27683,2.37878,2.22338,-1.02448,1.83925,-69.784,-983.32,-144.448,9800,-1960,4340
1.52193,2.89105,1.10332,-5.83535,-1.74934,-0.51428,0.525641,0.157517,0.948507,1.25724,-0.0635718,0.414666,-0.167749,-1.29014,-2.65087,-1.50551,-71.248,-981.368,-149.328,11480,-4620,4480
7.76593,11.1678,5.83791,5.32846,5.25163,2.31209,7.90033,4.28266,7.30004,7.16523,6.0907,7.28234,3.38454,3.38385,12.2989,3.6507,-69.784,-977.952,-149.816,13860,-6020,4620
7.3225,15.7008,5.35497,9.22303,6.50625,0.66338,8.5026,2.37461,9.28164,5.23089,2.83523,9.44074,1.6331,4.03866,14.2833,3.68227,-68.32,-979.904,-141.52,14280,-6860,4480
14.4453,21.9856,14.4606,17.3197,16.5847,8.92719,17.3721,9.80014,16.2588,14.1391,11.2028,18.7608,8.75417,13.2985,20.964,12.883,-68.808,-978.928,-145.912,14140,-6720,4200
12.3958,15.6025,12.9938,16.1902,13.9664,4.92438,14.343,3.70221,17.3104,11.1019,6.56676,13.9736,5.44812,11.6468,18.2175,9.97265,-68.32,-980.88,-136.64,13160,-5600,3920
18.2708,17.9929,13.4881,16.7394,14.658,6.72605,12.3841,4.00628,24.4857,15.1671,9.57007,16.5855,7.38379,13.422,13.3221,9.54387,-68.32,-981.368,-132.248,12600,-4760,3500
21.4622,18.6511,9.99056,10.2208,8.4507,2.95256,4.71325,-1.09868,31.0504,15.5447,9.11799,15.532,5.90679,8.45953,1.8924,4.27162,-70.272,-981.368,-133.224,12180,-4340,3500
11.0302,3.42112,5.52157,-0.433567,3.11334,1.75498,2.08359,0.327708,11.6671,9.34528,5.97935,7.31475,4.22032,4.35232,-1.97173,3.43823,-69.784,-985.272,-121.512,11900,-4760,3360
3.74371,0.706371,6.17132,8.59929,8.66823,6.40336,10.8499,8.00607,-2.66717,5.09612,5.01473,6.31058,6.28133,8.92954,13.0526,10.7032,-67.832,-988.2,-127.856,11060,-5600,3360
2.10451,9.0007,1.86459,20.5088,9.73384,2.18191,9.12109,1.10855,-0.303913,-1.08222,-1.88609,5.42648,0.892775,6.8157,18.9755,7.31116,-67.832,-988.688,-119.56,9940,-6300,3220
3.39421,18.5793,-1.08679,23.8964,7.64659,-1.12138,3.97485,-4.20951,10.3815,-4.06946,-6.07591,7.08189,-2.14664,3.18032,15.3378,1.16828,-71.248,-992.592,-122.488,8820,-7140,2940
0.890082,16.8883,-1.05673,15.013,4.87342,0.385184,-0.308632,-1.99367,3.62878,-3.34575,-4.71696,5.85903,-0.491365,1.77837,4.83231,-1.32882,-70.272,-993.568,-125.904,7420,-7560,2800
-16.3428,-22.6236,-13.622,-19.0218,-14.9847,-3.96278,-11.0548,-2.26965,-27.9358,-13.9406,-9.45409,-18.8921,-6.80425,-9.55732,-14.6892,-6.24572,-73.2,-994.544,-119.072,6580,-8120,2380
-6.36782,-17.4292,-7.83021,-15.7349,-9.29182,-0.15293,-6.66051,2.71291,-14.3488,-6.72689,-2.38372,-12.2692,-1.58866,-6.60711,-11.3437,-2.2153,-75.64,-996.008,-125.416,6580,-8540,2240
-12.4559,-15.1703,-9.40512,-11.3423,-7.62207,-3.43275,-7.53519,-1.8108,-20.0347,-11.6446,-8.04239,-12.5582,-4.70595,-7.49996,-8.65066,-5.07373,-70.76,-996.008,-125.904,6160,-8680,1960
-12.6421,-17.7329,-9.96917,-14.5958,-10.2465,-4.59982,-9.23443,-2.08823,-17.7001,-10.0862,-7.63687,-13.9197,-5.69459,-8.19425,-11.3193,-5.71345,-74.176,-997.96,-127.368,6300,-8960,1820
-8.82156,-15.3733,-9.05506,-16.3756,-12.6117,-6.73295,-12.924,-4.8962,-5.95818,-7.70924,-7.47181,-12.2865,-6.90402,-10.2057,-15.1977,-7.69231,-74.176,-996.008,-131.76,6300,-9100,1680
-7.95183,-18.4728,-9.28326,-25.5237,-17.6143,-7.28655,-20.0917,-7.9004,-4.10489,-4.71863,-3.95487,-13.6853,-5.44421,-13.531,-27.9964,-11.9613,-75.64,-996.496,-135.176,7280,-9660,1680
-9.76284,-14.4818,-5.64951,-22.2198,-13.2618,-4.10625,-15.5671,-4.17259,-8.36533,-3.68704,-1.86108,-11.288,-3.12769,-7.67555,-23.9796,-8.1754,-75.64,-995.52,-135.664,7980,-9100,1820
-8.6864,-13.6707,-3.61726,-16.0063,-8.56824,-3.88385,-7.18066,-3.27445,-9.56659,-4.18399,-2.31678,-9.63185,-4.01759,-5.00173,-13.216,-4.63932,-77.104,-993.08,-135.664,9100,-9100,1960
0.869627,0.703631,3.24384,-0.873003,1.30208,-0.573124,-0.37422,-1.20554,-0.460546,2.3477,1.3532,2.75529,-0.253168,0.671685,-2.04655,-2.13652,-74.176,-996.984,-135.664,9660,-8540,1820
1.28748,5.58133,3.92944,5.72795,2.86894,-0.54833,-0.901799,-2.73373,0.205785,2.89886,1.33814,5.37076,1.31446,0.706409,-1.43676,-3.45147,-75.64,-994.544,-138.592,10360,-8260,1820
2.45553,7.28297,5.07758,1.33565,0.812049,0.412443,-1.26597,-2.61984,4.56758,5.38072,3.71592,4.79568,3.00338,1.06444,-4.21221,-2.56923,-74.664,-994.056,-128.344,11200,-7560,2100
4.40046,12.3067,7.69274,8.74583,7.43535,4.27553,7.1309,1.31374,6.3222,6.88956,4.93997,8.88876,5.36493,4.3183,9.06208,2.91212,-77.592,-996.008,-132.736,11480,-6720,1960
-2.63369,2.17133,3.37948,7.80386,5.79212,4.3785,8.43386,3.25641,-10.7956,2.07661,2.94692,2.23393,3.24599,2.84186,11.3295,4.09604,-78.568,-995.032,-128.832,11900,-6160,1820
-10.6344,-6.96591,-2.02673,3.49111,2.2852,3.03408,9.54311,4.26617,-21.3976,-5.46918,-3.40977,-4.04026,-1.18335,0.999989,13.1179,5.05064,-80.52,-996.008,-130.784,12040,-5740,1680
-2.55743,-5.29113,2.46349,3.81757,4.5376,5.12761,10.5842,7.12383,-9.98589,2.11147,3.85714,0.569374,2.9138,4.54073,11.691,5.50523,-76.616,-994.544,-125.416,12180,-4900,1680
-2.86261,-15.0519,-5.7512,-15.9681,-12.9941,-5.5694,-8.39167,-3.69268,2.24192,-2.54164,-0.713594,-9.38583,-3.56839,-6.16178,-11.9687,-8.05811,-82.96,-998.448,-130.296,12460,-4480,1540
13.0896,9.16664,4.00137,6.55193,3.39523,1.71084,3.93527,3.27128,27.2722,7.21559,6.08693,7.97079,3.64034,3.59864,7.28678,1.50378,-80.52,-997.96,-126.392,12460,-4200,1540
6.94775,10.9126,1.73374,11.7116,5.59646,-0.957937,6.7545,1.43463,16.4179,-0.988502,-1.68832,6.39433,-1.62461,2.84966,14.994,2.98245,-80.52,-997.472,-126.392,12320,-3920,1260
5.5743,6.71622,1.52303,7.56835,5.52259,1.90484,5.65656,4.86347,8.44241,0.247404,1.114,4.81188,0.277334,3.04754,10.7242,4.7901,-81.008,-995.032,-124.44,12600,-4060,980
-1.14872,1.26749,-3.03107,4.66177,0.407734,-1.03914,1.22001,1.62195,-4.60503,-4.60032,-2.02115,-2.91811,-2.46519,-0.448815,6.78592,1.25398,-81.008,-995.032,-124.44,13020,-4480,1120
-0.327755,10.0646,3.14363,14.8629,8.54075,2.44825,4.82093,0.76,-9.03574,-1.59148,0.309983,4.9061,1.27579,6.3011,8.45592,2.72171,-81.008,-998.448,-120.048,12740,-4900,840
5.68447,13.2883,6.90662,16.2408,12.3141,4.71581,5.46349,1.52884,-1.26318,4.40405,5.20857,10.2486,5.25811,10.4097,4.78911,4.61199,-79.544,-995.52,-122.488,12460,-5180,700
6.85745,0.75367,-0.128109,-3.72258,-0.805669,-0.502161,-3.67512,-2.22679,8.81319,2.273,2.67129,1.48555,0.502481,1.18986,-9.64386,-1.63114,-77.592,-996.984,-121.024,11760,-5460,420
7.31986,-0.380441,-1.1955,-2.97928,0.611644,-0.453211,2.09502,-0.405693,14.1028,2.58994,0.562438,0.58874,-0.17881,0.983506,1.58374,1.92554,-74.176,-997.96,-121.512,11340,-5600,280
12.2958,7.05284,2.65991,1.93203,4.7313,1.51653,4.0829,1.51484,20.2678,8.1609,3.88038,5.43401,3.5737,2.14771,3.71713,4.97033,-77.592,-996.496,-121.024,11200,-5600,140
3.93197,6.07833,-0.320514,2.94068,1.2049,-1.79944,-1.77984,-3.67541,10.771,2.63666,-1.58438,1.6954,-0.250817,-1.11595,-0.852726,-0.350634,-77.592,-995.52,-121.024,10780,-4900,-140
5.49478,5.80379,4.12027,1.98726,3.41756,2.00119,-1.29698,-0.237611,8.83251,5.58482,2.19255,5.80289,2.85569,0.925326,-5.58498,0.930675,-78.568,-993.08,-118.584,10640,-4620,-140
1.95553,-9.23325,0.274458,-14.6586,-6.81398,-0.937534,-7.39942,-2.10833,7.51592,1.671,0.883205,-1.3811,0.495841,-5.03789,-15.3389,-2.96327,-80.032,-992.104,-120.048,10360,-3780,-420
-0.469181,-9.52298,-3.54089,-12.5725,-9.19635,-1.49831,-3.41406,0.195231,12.9666,0.0629773,0.82517,-5.19692,-0.443824,-6.47114,-3.86619,0.349713,-80.52,-995.032,-118.096,10080,-3220,-560
-1.67974,-8.51437,-2.64756,-8.0088,-7.80096,-1.32959,-0.836062,0.936117,10.2917,-0.118031,1.53038,-6.36791,-1.56672,-5.04196,2.2779,1.64669,-80.032,-991.616,-118.096,9800,-3220,-980
-5.37688,5.22238,-0.859965,5.69975,-0.77556,-2.84531,-0.584341,-3.36048,0.220428,-5.35092,-6.39141,-0.634607,-3.60507,-1.5205,4.11044,0.297365,-77.104,-991.128,-124.44,9380,-2660,-1400
-4.25727,22.033,4.54569,18.5409,6.73853,-0.483204,-1.48734,-3.91117,-8.86987,-2.2649,-5.19982,9.30771,-0.0935704,2.58565,0.0732402,-1.28038,-78.568,-992.592,-118.584,8820,-2380,-1680
-15.2638,3.07197,-1.24211,5.00687,-0.540142,-1.72752,-7.55005,-3.94607,-34.3334,-8.04284,-5.55511,-2.91978,-2.8828,-1.55411,-11.2396,-4.19498,-76.616,-992.592,-117.12,8260,-2380,-2100
-10.9504,-8.25744,-2.14442,-6.99262,-3.19496,1.21517,-5.91209,1.49963,-29.4011,-4.47352,-1.21776,-6.41809,-1.92557,-1.01182,-13.812,-1.8431,-73.688,-997.472,-119.072,8120,-2800,-2380
-14.4371,-41.6274,-11.1224,-34.0786,-16.7572,-1.89292,-3.67604,3.43288,-30.6443,-7.52501,-2.26944,-22.1609,-4.74968,-8.80354,-7.64703,-1.75392,-71.248,-996.008,-118.096,8260,-3220,-2520
-11.3965,-7.729,-6.61204,3.41293,-0.786558,-2.70234,5.77406,1.6791,-21.5188,-8.77317,-8.22962,-7.26182,-4.56962,-1.8156,15.8484,0.442902,-67.344,-996.984,-119.072,8260,-3780,-2800
-7.93652,12.1919,0.58657,22.393,11.791,2.68152,13.6275,5.91024,-20.1419,-4.25799,-4.75352,5.04733,0.880479,6.4448,25.582,6.47999,-65.392,-998.936,-116.144,8540,-4620,-2800
1.46756,1.94455,0.89312,2.22159,3.23674,0.982272,1.73634,-0.439301,-3.78099,2.62614,0.161587,3.09277,1.96653,2.46833,3.17562,-1.4279,-64.904,-1003.33,-120.048,8680,-4760,-2940
8.20814,-0.781638,2.31408,-6.68003,-1.17163,-1.57569,-6.78474,-5.67017,7.92688,5.93885,2.36293,3.70906,1.49553,0.399084,-16.0325,-8.9754,-66.368,-1003.33,-117.12,8820,-4900,-2800
14.7376,-13.4963,2.55675,-22.3028,-5.2308,2.74555,-3.03948,2.87546,22.44,11.7881,11.1748,-0.372197,5.03821,0.715569,-15.1296,-1.69192,-59.048,-1001.38,-117.608,9100,-4900,-2520
16.4843,2.92826,0.922224,-7.23548,-2.94465,-1.1897,-0.510608,-2.15978,36.9807,6.79175,5.35685,2.27895,0.483876,-0.515683,0.544226,-3.11192,-59.536,-1000.89,-122.488,8960,-4200,-2380
16.9474,20.2147,7.63198,11.4403,9.00314,4.0374,7.42916,2.09368,31.7328,8.70127,8.05059,13.0882,5.55205,6.43188,11.8972,2.85312,-61,-1003.33,-118.096,8820,-3640,-2380
3.68364,16.2407,2.70656,5.3204,2.31162,-0.467806,-2.53153,-3.30886,12.2617,-0.00910375,0.661148,5.38174,0.947797,0.148251,-6.74042,-2.923,-60.512,-1001.86,-120.536,8820,-2800,-2100
-2.81983,9.63455,4.96906,2.99487,3.36448,5.01182,-1.49477,2.33435,-8.05454,1.02265,2.52641,4.14005,4.65327,3.70064,-11.864,1.13252,-64.904,-998.448,-117.608,8960,-2100,-1960
-12.172,-5.70786,1.29162,2.36652,1.91509,3.22843,0.495946,2.75488,-26.4865,-4.62608,-2.70542,-2.84305,1.07939,2.05472,-1.01391,2.59617,-64.416,-999.424,-119.072,8400,-1120,-1820
-13.8041,-22.3298,-5.2248,-8.6574,-6.20253,-1.49174,-0.927901,1.28042,-22.2975,-7.42763,-4.18532,-12.4263,-3.22014,-3.74586,1.47018,1.25051,-65.392,-999.912,-122.488,7980,-280,-1680
1.89387,-0.431085,-3.94425,2.88937,-3.8178,-4.06674,1.89646,-0.374034,12.8625,-0.43629,-0.898163,-3.61568,-3.54133,-4.56267,11.7917,2.05181,-65.88,-1004.3,-117.12,7840,420,-1540
1.36228,12.1687,1.18662,23.9042,9.10614,0.874285,9.72532,2.52502,0.437488,1.30337,1.34485,4.78035,0.470091,3.27805,21.0458,6.64776,-66.856,-997.472,-122.976,7700,980,-1260
-1.04152,-1.17233,0.484721,8.05851,4.56183,0.199576,1.68495,-0.546499,-3.95521,-0.555252,-0.316533,1.46049,-0.546182,2.81173,3.65606,2.67389,-71.736,-1001.38,-118.096,7700,980,-980
6.48241,4.16963,1.9351,3.49631,2.28875,0.590752,1.79464,1.883,14.1999,3.20097,2.6508,3.70093,0.462233,2.79389,4.98324,4.11923,-71.736,-999.912,-118.096,7700,1400,-840
9.52779,36.8458,5.83066,30.7447,13.204,-0.216916,4.97075,-0.650482,22.5116,0.69045,-4.06223,16.4849,-0.402296,8.15276,15.0128,3.96143,-73.688,-1001.86,-120.048,7980,980,-700
0.673373,1.40438,0.946303,-0.843151,1.81225,-0.600208,-2.34463,1.00723,1.396,-1.4562,-1.68383,2.66734,-0.0746085,2.09318,-1.20941,0.530499,-72.224,-998.448,-115.656,8120,1260,-420
-14.8078,-53.4879,-15.2924,-47.1037,-26.1497,-8.6768,-15.1618,-2.89524,-19.2517,-10.4837,-5.21143,-29.1541,-9.11703,-14.6472,-18.2078,-9.72326,-72.224,-996.008,-119.56,8820,1400,-420
-10.148,-32.3366,-10.6186,-29.8084,-16.7065,-5.61634,-7.68384,-3.04344,-10.9099,-7.59215,-4.6647,-18.2077,-6.96102,-11.5171,-11.2639,-7.91743,-75.152,-997.96,-121.512,9240,1680,-280
-1.68232,-10.9017,-1.88725,-12.0834,-6.13972,0.229579,-2.80738,-0.642132,-4.16455,1.50768,2.76195,-3.95495,0.586764,-5.52044,-7.86956,-5.13607,-75.64,-995.032,-119.072,9240,2240,-420
-0.0576273,-8.2265,-2.14289,-15.141,-9.78992,-3.19486,-9.86651,-6.49159,-0.302749,0.297536,0.479733,-2.70768,-0.816634,-8.59675,-14.0188,-10.1763,-77.104,-991.128,-119.072,9100,3220,-420
6.17203,22.1252,4.52094,10.6502,4.02602,0.652419,-2.78143,-4.13951,8.46588,2.61059,0.529436,12.1589,1.9857,-0.84438,-7.1444,-3.65792,-78.08,-988.688,-114.68,8960,3920,-560
-3.12651,43.8188,8.81524,51.497,25.9065,5.96043,16.4096,2.13724,-10.1607,-3.98406,-6.8785,19.878,2.58416,11.2163,23.0171,9.54293,-78.08,-986.248,-116.144,8960,4340,-560
-6.47176,-8.79628,2.3356,1.95702,5.04553,5.30423,3.34237,3.32293,-22.2878,-0.70726,2.19677,-2.94674,4.08791,4.53092,-3.18921,5.00526,-78.568,-983.808,-119.072,8400,4200,-420
15.0648,-11.9238,-0.266952,-24.3329,-10.6982,-0.347979,-7.30063,-0.581135,25.6363,9.70794,10.7347,-5.51157,2.99514,-4.93984,-13.5273,-1.5459,-79.544,-987.712,-116.144,7980,4060,-560
12.6879,7.12854,2.58386,5.94267,3.48183,0.859443,8.65259,0.94918,21.3739,6.25406,3.98354,3.19396,1.88313,3.202,20.294,5.67108,-79.544,-984.296,-111.264,7560,3780,-700
9.14841,22.1309,9.71382,26.3718,16.9981,6.29408,13.3984,3.07921,4.3618,5.96912,1.09453,14.237,4.74776,11.1233,19.2712,7.35259,-80.032,-986.248,-112.24,7140,3640,-700
10.9497,29.3874,10.7955,11.7039,9.67552,2.24079,-9.61668,-5.77981,9.91458,7.67134,1.40534,19.2146,3.89946,6.4519,-27.1081,-6.8264,-79.544,-984.784,-112.24,6020,3080,-980
1.3084,6.8343,-1.90996,-18.6106,-10.6577,-6.09859,-20.8831,-8.8691,11.0424,1.21059,-0.992294,1.27287,-2.75331,-4.51694,-42.5878,-12.5626,-75.152,-987.712,-115.168,6020,2380,-840
-14.9381,-28.8356,-7.28816,-18.4036,-7.53783,1.56303,7.23174,9.93851,-17.8872,-3.45182,0.174597,-15.6741,-1.18155,-0.771383,7.82599,7.99962,-75.64,-986.736,-117.12,4760,1960,-980
-20.783,-43.2722,-12.965,-24.3482,-14.6433,-2.76186,3.87345,6.53843,-28.1981,-10.1994,-5.46128,-25.8107,-6.16429,-6.46776,10.4508,3.25703,-73.688,-986.736,-118.096,5040,1540,-840
-13.9864,-27.3836,-8.75052,-18.5654,-10.6051,-0.724959,1.56119,5.79991,-20.7638,-7.72854,-1.83652,-16.4436,-3.32792,-4.8095,2.5037,2.57727,-72.712,-986.736,-114.192,5040,1120,-840
-11.3217,-4.95027,-6.86006,8.7827,-0.0977804,-1.74656,7.9322,1.54712,-17.6522,-9.77534,-6.58685,-6.85356,-4.1957,-1.23755,18.9573,4.70175,-69.296,-989.176,-117.608,4340,1120,-560
0.82985,15.3668,4.92871,30.8975,16.7274,6.51303,20.8174,7.62799,-6.32408,0.120852,-0.652924,10.5549,4.18758,10.4962,34.671,13.2625,-67.832,-991.128,-121.512,4340,1400,-140
12.082,24.0673,6.74723,16.906,7.7302,0.122107,0.862972,-2.95819,19.1946,6.06079,2.8908,14.4277,3.33137,4.77104,0.393131,-1.14126,-64.904,-987.712,-123.952,4620,1820,280
22.0283,33.383,8.65269,9.90173,3.06568,-3.24274,-11.5318,-9.54338,34.9555,12.2243,6.11778,18.6124,3.72417,2.34063,-17.7608,-9.63515,-68.808,-988.2,-126.392,4760,2800,980
-3.25979,-1.07528,2.12684,6.19836,4.24757,0.240659,0.250603,-2.0063,-14.9676,-0.575386,-0.291393,2.39112,0.758108,3.35939,3.58193,0.207785,-65.392,-987.224,-131.272,4900,3920,1540
-2.86015,3.20695,-0.334487,10.7065,5.13849,-0.350669,5.549,0.502815,-2.3515,-3.0532,-2.46714,-0.11396,-1.39801,0.859883,15.8047,2.64383,-67.832,-987.712,-126.392,5040,4900,2240
4.91283,8.85585,0.145201,5.54934,2.24043,-1.98948,0.636255,-2.4508,15.2357,-0.0383795,-1.72671,2.91006,-1.61165,-2.60815,6.50967,-1.19503,-72.224,-988.688,-126.88,5320,5740,2660
16.5729,8.99083,6.09908,-4.78023,2.41271,2.17124,-4.37308,-0.982804,30.3259,10.5415,8.09526,9.52567,4.52631,-1.73715,-9.0483,-1.52349,-74.664,-988.2,-129.32,5740,7000,3360
8.54486,-3.03709,3.27517,-10.1626,-1.79947,-0.66176,-7.11192,-3.14553,17.4352,5.25649,4.15073,3.11374,1.26962,-3.11003,-9.83861,-4.08463,-73.688,-987.224,-129.32,5460,8540,3920
-1.34761,-4.88216,0.185455,-10.883,-3.27556,0.255742,-4.23033,1.68723,0.761095,-0.0335789,2.13291,-2.06564,0.312876,-2.21098,-10.693,-0.948443,-75.64,-986.248,-128.344,4900,10080,3920
-10.1239,-26.3723,-10.25,-33.0999,-21.1262,-6.58088,-18.7567,-4.34124,-13.847,-5.55695,-1.84421,-17.7805,-5.51686,-12.0614,-33.5207,-10.2035,-80.032,-986.248,-127.368,5460,11900,4340
-25.9811,-48.0667,-15.6143,-29.0755,-19.702,-3.98584,-7.75375,3.0185,-45.6528,-13.8891,-6.24756,-29.2792,-7.34419,-10.3767,-8.60047,-2.04551,-81.496,-986.736,-126.88,5040,12880,4620
-20.2289,-27.4868,-11.478,-6.81481,-7.47596,0.052046,5.70532,6.82181,-26.299,-12.3939,-6.83245,-21.0114,-5.53249,-3.75323,15.3637,5.20079,-88.328,-985.272,-123.952,4760,14140,4480
0.401122,2.70797,-0.679399,4.51773,1.17911,0.454306,1.86304,0.123399,11.2765,-0.638893,-1.55993,-0.513461,-1.35034,0.691561,5.86846,-0.117826,-85.888,-983.32,-122.976,5320,14700,4340
11.6114,31.1645,12.4827,22.2157,16.5579,6.83307,6.18037,2.84231,17.2651,9.2335,4.50176,20.7214,6.49169,12.4424,5.04953,3.91806,-89.792,-981.856,-121.512,5040,14840,4060
0.911772,23.9578,7.7568,21.281,14.3695,3.75259,5.94513,-0.508821,-2.68774,0.91112,-2.33003,14.1457,2.9151,8.57331,6.02932,1.85736,-90.28,-982.344,-119.072,5320,14140,3640
7.08226,12.9186,3.88354,7.61899,5.36789,1.3904,2.5662,-2.07741,13.7204,3.54114,-0.112904,7.39732,2.177,3.0155,2.83522,-2.2682,-91.256,-982.344,-117.608,5040,14000,3220
5.91411,5.0883,0.680675,-0.0516887,-2.0724,-1.12877,-2.15736,-3.19451,12.764,3.30762,1.33574,1.8795,2.17764,-0.513443,-1.28847,-5.31361,-88.328,-985.272,-120.048,4060,13580,2520
9.76442,16.8398,3.94337,11.1349,3.86218,-0.139175,-1.29142,-3.69325,14.8169,5.61458,2.79561,8.3908,3.37053,3.02912,1.10187,-4.48562,-90.768,-984.296,-121.024,3640,13160,2240
1.4816,1.97053,-0.95937,5.33891,1.52191,-0.556017,-0.343243,-0.849477,-3.95979,-0.266376,0.292999,0.101285,0.623346,0.887467,2.09888,-0.786822,-88.816,-987.712,-118.584,2940,12460,1400
-8.25791,-16.5657,-5.97049,-6.80557,-4.86413,-1.78917,0.363622,0.273144,-17.8652,-4.66213,-2.00309,-9.63674,-2.40235,-2.66225,2.72032,0.211311,-88.816,-990.152,-121.512,2380,11480,980
-0.505412,18.7655,4.21484,12.9385,9.05417,0.133287,2.88761,-3.14237,-8.0254,0.681077,-3.72067,11.4732,-0.6488,4.39503,-2.36819,1.62877,-89.304,-987.224,-118.096,2100,10780,840
-18.009,-21.5046,3.61007,-8.1988,6.44412,7.01476,7.54898,9.12078,-58.1622,-3.81204,-0.0270031,-2.51631,3.08458,6.13361,-7.58341,11.3264,-86.376,-989.664,-120.536,1820,9240,420
-16.352,-46.8797,-9.36839,-31.1702,-17.2059,-3.33312,-4.46351,0.947584,-31.679,-9.13724,-2.50836,-23.5638,-5.86888,-9.75662,-9.72189,-0.163426,-87.84,-989.176,-120.536,1680,7840,280
15.5786,7.9136,2.60134,-2.78525,-4.72936,-0.182725,1.13939,1.24353,34.3345,6.91224,5.08282,3.53149,0.8161,-3.44641,5.80944,1.19522,-84.424,-991.128,-122.488,2100,6300,280
14.4207,14.6313,2.27431,3.40125,-3.05789,-3.7174,-1.59896,-4.57715,30.7456,2.27196,-0.955928,5.3044,-3.11234,-3.96112,3.6753,-3.44387,-81.496,-988.688,-123.464,1960,4480,420
11.1711,13.6312,5.61577,8.7431,5.1591,1.84649,5.21686,2.16225,20.9973,2.84804,0.996945,8.02003,0.381674,2.58496,10.6523,2.67975,-78.568,-990.152,-123.464,2100,3360,420
6.05437,6.3218,0.43239,1.17446,-0.495273,-0.0791703,2.11207,1.90601,15.5667,0.328511,0.199197,1.7512,-0.554461,-0.595307,4.00401,1.34966,-76.616,-992.104,-124.928,2100,1820,560
3.4537,1.6767,-3.66608,-1.4506,-3.68883,-1.28471,-0.30193,-0.6199,11.7239,-0.00940542,1.30541,-1.97152,-0.382267,-3.27804,0.646526,-0.519514,-72.712,-993.568,-120.536,2380,1120,840
2.84922,3.51594,0.729292,8.16542,3.66273,1.19447,4.6236,1.82856,4.19136,0.795824,2.48681,1.83493,2.30436,2.02218,8.84719,2.94622,-70.76,-993.568,-121.024,2520,560,1120
3.34661,10.1563,2.36603,8.03269,5.08625,0.890923,2.14044,1.27941,5.31923,1.33168,2.52013,6.26595,3.25638,3.33829,1.3591,3.00778,-67.832,-991.128,-122,2520,280,1260
-3.32796,2.84862,-1.70362,-2.67335,0.15628,-1.74529,-3.88822,-0.933765,-3.42102,-1.98918,-1.61772,1.5119,0.189832,0.855994,-9.55079,0.660368,-65.392,-990.64,-127.368,2380,420,1120
-15.0342,-17.1499,-5.49196,-8.77197,-1.94643,-0.599532,-0.449781,3.02482,-26.488,-5.71935,-1.65093,-9.92092,-0.877042,-1.31028,-3.56419,2.86273,-67.832,-993.08,-124.44,2100,560,1540
-8.91426,-9.17313,-5.78594,-1.73352,-2.13406,-3.27044,-1.3412,-3.57967,-9.3263,-4.14847,-2.78534,-8.24641,-3.10122,-2.36284,3.3349,-2.31,-63.44,-994.056,-122.488,1820,420,1540
6.67193,10.9526,1.34469,10.1844,3.33251,1.09073,-1.36534,-2.30081,14.2946,4.71864,3.40045,5.11962,1.81557,1.90289,3.36293,-2.34095,-62.952,-993.568,-116.632,1680,1120,1540
5.16665,5.8793,-0.799447,0.324678,-4.76102,-2.35429,-12.3585,-6.55902,8.33968,2.09852,0.71818,1.67846,-0.612748,-3.48434,-14.1814,-9.42328,-62.952,-991.616,-124.44,1400,1540,1540
1.81077,6.79577,1.62895,4.13653,0.435953,-0.338652,-7.98298,-4.01794,-8.85367,-0.173815,-0.247203,4.42281,0.840902,0.0468802,-15.1297,-5.53727,-61,-991.616,-117.608,1680,2100,1540
-6.65276,-19.9323,-2.93354,-14.9883,-4.85523,2.24223,-2.26909,4.76941,-26.2227,-1.7221,1.81457,-8.59295,0.954542,-1.69856,-10.0532,2.35154,-61,-990.64,-121.512,1260,3080,1540
-0.244623,-14.8936,-5.68018,-15.4671,-10.102,-4.42569,-4.9093,-2.75308,4.09562,-1.42251,-2.28205,-10.8305,-4.94499,-7.07128,-3.87669,-3.12678,-61.976,-989.664,-118.096,1120,3920,1540
6.67511,5.7182,1.97557,3.53381,2.99667,-1.37187,3.97976,-0.773848,16.8062,2.83677,-1.191,2.03628,-1.01701,0.489203,10.427,0.838247,-61,-990.152,-122.976,980,5320,1400
6.20444,11.2999,4.6915,7.67753,6.47949,0.101174,6.90577,-0.0393947,16.2886,3.70065,-1.08694,6.43693,0.148944,3.48657,12.3933,2.52062,-63.44,-990.64,-122,700,5880,1260
-0.0622667,9.46496,6.80292,9.03868,8.82229,4.85423,8.39847,4.4761,0.0449645,4.63622,1.67873,7.70046,3.3988,7.71592,11.8284,6.17957,-64.416,-987.712,-123.952,700,6440,1120
-15.5745,-1.14727,2.96586,3.69487,5.80665,4.67253,1.67008,3.17648,-29.1816,-2.90671,-1.11511,0.516559,3.13035,5.19849,-0.648958,2.49537,-67.344,-985.76,-122.488,840,7140,980
-21.7511,-21.0844,-4.06555,-11.9246,-2.99838,4.05333,-1.42978,3.8574,-35.8977,-8.74508,-3.08261,-9.97565,0.378626,0.915749,-7.15501,1.175,-67.344,-991.616,-128.344,700,7140,980
-2.77357,-10.2549,-0.636483,-6.46145,-1.53737,5.24018,3.18685,5.58744,1.92544,2.26602,3.91433,-2.95653,2.03351,1.4824,4.26541,4.3127,-71.248,-990.152,-126.392,840,7420,840
8.01287,16.2802,5.03973,8.9737,4.73567,2.74355,2.69714,-1.07728,27.3991,7.60351,3.48195,9.70554,2.55307,4.4853,5.04662,-0.708377,-68.32,-987.712,-124.44,840,7280,980
1.15,4.72427,-0.86915,1.55721,-1.57188,-3.74155,-2.65683,-5.99826,14.5947,2.14891,-1.61187,2.26249,-2.99605,-1.30205,-1.77617,-6.31366,-71.248,-991.128,-124.928,1260,6860,840
6.83775,10.8654,4.82773,11.4638,6.49018,2.3317,7.20649,1.91293,12.3035,6.06834,4.22333,7.61535,2.00571,3.78589,8.77294,2.55007,-72.224,-988.688,-125.416,1680,5880,980
-1.40068,1.04169,-0.212748,3.07836,-0.963947,-3.4133,1.68338,-2.75326,-0.847448,-1.99097,-2.65978,-0.214996,-3.73153,-2.38496,2.64705,-1.7977,-73.688,-989.176,-122,2380,5460,1120
-4.63572,-4.73505,0.627522,-2.1727,-2.05129,-0.0672701,1.43406,1.889,-7.93479,-1.8366,-0.272605,-1.17853,0.164402,-1.73919,-1.70173,0.743485,-73.688,-988.2,-127.368,2520,4900,1260
-12.4333,-16.1177,-7.36457,-14.6546,-12.3972,-6.74703,-8.68965,-5.60935,-13.6011,-9.09077,-8.14024,-12.0369,-5.6185,-8.90066,-12.3605,-7.61749,-75.152,-990.152,-125.416,2940,4480,1540
1.07219,-0.961501,-2.61653,-2.0016,-4.08673,-4.96056,-4.88053,-3.19268,6.00168,0.249604,-1.97103,-1.0528,-2.11872,-4.87675,-3.14634,-4.64602,-73.2,-989.664,-122,3220,4480,1680
3.83075,4.52212,-1.20356,4.00587,0.357247,-2.80402,-2.44883,-0.331266,8.53656,-0.0861904,-1.31725,2.03965,-0.716181,-2.81283,2.48101,-1.79582,-73.2,-990.152,-122.976,3220,4060,1820
9.27063,3.34874,0.227675,2.38034,0.296594,-0.68596,-1.92597,1.00625,3.04911,-0.428544,1.07897,1.58593,-0.268122,-1.1532,0.932624,-1.20138,-76.128,-987.712,-123.464,3360,4200,1960
19.2408,5.63656,3.88368,3.24133,3.29285,2.14184,0.905974,2.12038,2.20299,-0.00965675,3.82106,4.99665,3.62858,2.87555,-0.176967,1.88996,-75.152,-989.176,-117.608,3220,4060,2100
7.63864,-2.91554,-0.783438,-2.54385,-0.864803,1.09157,-1.04238,2.36209,-3.3148,-3.96209,0.194148,-1.50516,1.01148,0.282435,-4.5526,2.46743,-76.616,-985.76,-122.488,3360,3780,2100
7.57727,2.14561,-1.17225,0.132871,0.069893,0.882402,-0.749652,1.57655,5.81525,-1.02778,0.74136,1.16502,0.293773,1.20363,-2.97586,2.53015,-79.544,-981.368,-124.928,3220,3500,2100
4.99862,3.67241,-0.988538,2.2376,2.85001,1.45177,2.34331,2.2037,-0.0889161,0.975618,2.5901,2.71046,2.2034,2.94983,1.4079,3.42884,-79.056,-987.224,-121.512,2940,3360,2660
-4.10476,-6.48689,-5.20637,-6.15082,-3.27713,-2.28192,-1.0164,-0.0665761,-10.2849,-3.2221,-1.68721,-5.2045,-2.24466,-1.06021,-2.2448,0.201482,-82.96,-985.272,-126.88,2940,3220,2660
-2.3678,-4.0261,-0.237412,-3.18016,-0.309082,-0.0363671,1.27861,1.63695,-3.40957,2.52371,3.53913,-1.80538,0.996671,-0.30752,0.668793,2.06629,-79.544,-978.928,-123.464,3080,3220,2800
-7.42667,-3.5166,-1.50529,-2.84888,-2.53961,-2.59,-1.40128,-2.11098,-2.36861,-1.70139,-1.83556,-5.26033,-1.7773,-3.1239,-2.20121,-1.27017,-81.496,-983.808,-121.512,3780,2940,2660
-1.6747,4.27882,3.51246,3.28573,3.84851,0.219409,2.11734,-1.21561,1.27214,-0.158363,-3.42672,1.27347,0.172146,1.27219,-0.258469,1.20755,-82.96,-985.76,-122,3920,2800,2520
0.405307,3.39102,3.83186,0.994116,2.69553,0.564864,0.292431,-1.54437,0.33068,1.80191,-1.82548,2.686,1.52859,1.33591,-2.49773,0.875024,-80.52,-985.272,-122,3920,2520,2240
-0.379363,-0.447628,1.3162,-1.90148,-0.678093,-0.28733,-0.213967,-2.23763,-0.0921371,1.16404,-0.802058,-0.198797,0.438307,-1.33185,-0.0472022,-0.653288,-77.592,-984.784,-123.464,4060,2380,1960
-1.12072,2.45891,1.59285,1.10228,2.88936,3.84629,4.92762,3.32482,4.31887,2.27693,1.42272,1.98091,1.58445,1.6395,5.4561,4.66304,-78.568,-984.784,-122,4060,2100,1680
-3.4758,-1.79885,-0.791158,-1.21972,-0.00576554,2.1606,1.32416,1.07638,0.600896,0.342346,-0.908201,-0.808643,-0.934188,-0.330451,0.703203,2.68421,-78.08,-984.296,-120.536,4060,1960,1400
-10.2867,-10.5425,-1.231,-2.63248,-2.08792,3.08916,0.617884,2.10689,-13.2616,-1.16635,0.0204948,-3.63717,-0.332495,1.02704,-0.364941,1.9503,-80.032,-983.32,-119.56,3920,1540,1400
-10.0167,-7.53376,-3.42309,-3.82865,-4.90457,0.25948,-0.995636,0.76713,-7.25863,-3.33238,-1.11678,-5.62143,-1.24529,-2.10728,-1.26155,-0.794227,-76.616,-987.224,-118.584,3920,840,1260
-6.34071,2.70499,-1.63394,6.25262,0.612808,-0.611565,3.40527,-3.25154,0.00336196,-2.28564,-0.412642,-1.46249,-1.59504,-0.118835,8.44813,-2.11151,-77.104,-983.808,-117.12,3640,420,1260
2.72931,8.09815,0.372781,7.04769,2.8129,-0.691278,3.2122,-5.82062,12.9317,2.90216,3.69548,3.39075,-0.530737,0.845429,8.9295,-3.69084,-75.152,-983.32,-117.12,3080,140,1120
5.00089,5.53712,2.85538,4.32169,2.90134,2.2985,2.67525,1.02761,10.177,6.31434,6.29454,4.76107,2.28595,2.33808,7.18803,-0.722759,-73.688,-981.856,-116.144,2800,0,1260
1.55858,3.47473,2.41838,0.56384,-0.0794627,0.220725,-3.23298,-1.49605,-1.3241,3.44821,2.59503,3.46504,1.68376,2.44113,-2.71093,-2.40137,-70.76,-981.368,-116.632,2660,-420,1400
7.18228,9.24479,6.93934,4.80014,4.85839,1.12315,-2.91305,-3.9655,-1.4648,6.57821,4.92954,8.37107,5.30112,6.02401,-4.3497,-2.92772,-73.688,-983.32,-118.584,1960,-700,1400
3.04084,4.33439,-0.303761,-1.44941,-2.1116,-3.78998,-10.3164,-6.55581,0.304874,-1.51597,-1.88777,0.713239,-1.78909,-1.06411,-11.7537,-8.61015,-72.224,-983.32,-115.168,2100,-1260,1540
7.54213,15.4939,3.79797,9.57848,7.96883,2.15697,0.477643,5.52528,5.76699,1.34473,0.5097,9.19164,2.01941,4.8028,0.857464,2.91226,-73.688,-984.296,-118.096,1400,-1400,1540
-2.07892,0.784056,-3.52046,2.59077,0.655688,-1.78938,-1.13401,4.10247,-5.91858,-5.40333,-5.70627,-1.3631,-2.9503,-0.855642,-0.0309331,3.03419,-70.272,-982.832,-116.144,1400,-2100,1680
2.39512,-6.02814,-2.42181,-7.24591,-2.77876,2.12746,0.474048,7.7608,2.87088,1.78921,0.793379,-3.11702,1.1185,-0.937397,-2.42731,5.57169,-72.712,-985.76,-121.024,1120,-2380,1680
-0.225655,-8.35591,-4.22275,-4.45597,-2.81062,-0.107751,3.84446,5.26605,0.347601,-2.5647,-1.66784,-5.4648,-1.6527,-3.03109,6.17813,4.07479,-72.224,-983.808,-124.928,840,-2520,1540
-3.21173,-11.0132,-5.79431,-5.1506,-4.55683,-3.22462,1.48463,-0.0820796,-4.90193,-4.33756,-3.19441,-6.61356,-3.69144,-5.31882,5.65753,0.112509,-72.224,-984.296,-122.976,1120,-3080,1820
-0.43878,-4.34913,-0.764835,-0.465758,-0.615238,-2.05935,1.11358,-2.15104,0.919936,-0.430994,-1.7132,-1.73765,-1.92931,-3.02688,5.23617,-1.08299,-70.76,-988.2,-124.928,1260,-4060,1820
3.64238,1.74496,1.23786,-0.245607,-1.3573,-2.33865,-4.67523,-4.77582,9.10075,2.90987,0.45262,1.2475,-1.28257,-4.54457,-3.09522,-5.52519,-68.32,-987.712,-122.488,1680,-5320,1820
-1.71356,-0.277065,1.67124,-2.1684,-1.80796,-0.931203,-4.63052,-2.42157,0.923044,-0.502068,-0.783144,0.136754,-0.471718,-1.45208,-6.60492,-3.43173,-70.76,-983.32,-123.952,1960,-6020,2100
3.07785,8.88656,5.68784,6.57476,4.72034,3.09087,2.66201,2.6724,7.13612,0.968049,0.990994,5.41001,2.21506,4.45194,-1.073,2.92436,-68.32,-986.736,-124.928,2800,-7000,2240
-1.52721,-1.86425,0.357188,-5.97008,-3.70787,-1.13286,-4.19627,-1.54414,-0.649811,-1.25186,-1.44549,-1.91751,-0.991354,-0.0703735,-11.0085,-2.31259,-68.808,-985.272,-125.904,3080,-7980,2240
-6.06386,-12.9431,-2.49497,-13.0783,-7.05615,0.136019,-2.07758,3.51476,-5.79586,-2.90807,0.918936,-7.40664,-0.33617,-0.909938,-10.3297,0.0611463,-68.32,-983.808,-122.976,3220,-8540,2380
-12.7495,-21.2216,-5.49493,-13.0855,-9.06896,-1.90831,-1.81313,0.592843,-21.1859,-6.75715,-2.78145,-12.9588,-1.23658,-2.85508,-5.51198,-0.659284,-65.88,-985.76,-121.512,3500,-9100,2520
-13.2623,-23.6199,-1.67115,-15.3252,-7.2278,-0.526907,-3.34219,-2.54365,-26.7932,-2.85272,1.50979,-11.4251,2.08228,-2.33472,-7.79412,-2.4086,-70.76,-984.296,-121.024,3360,-9240,2660
-0.456551,5.56919,2.93419,7.02538,5.44444,2.16764,6.26187,0.247265,3.11048,-0.538349,0.466383,3.46111,1.91019,3.06038,9.24714,3.3177,-69.296,-984.784,-119.56,3360,-9520,2940
6.57675,12.7795,1.1533,12.5238,6.95024,1.66629,9.42758,2.24193,9.92463,0.597169,-1.08331,6.2896,0.193334,2.61728,13.2257,6.23337,-66.856,-987.712,-122.488,3500,-9520,3080
12.7875,14.0262,3.82471,7.02369,5.22791,3.12663,5.16898,2.93827,15.8163,7.48709,4.26266,8.72747,4.09211,3.23177,2.10401,4.0174,-68.32,-987.224,-122,3080,-9380,3360
8.02239,17.0746,1.33796,12.0642,6.17335,-0.0310259,3.76889,-2.55859,14.4728,1.77764,-1.18311,8.52944,1.27801,2.73162,4.6545,0.682738,-69.296,-989.176,-122,3360,-9660,3500
5.86656,6.50371,-0.303032,3.04073,3.42848,1.29102,3.55441,0.877754,9.60109,1.40695,-0.212759,4.94289,0.657175,3.11489,2.78672,2.09212,-69.784,-990.152,-118.096,3640,-9660,3920
3.6686,3.99958,-1.28614,3.15084,1.16603,-0.837894,-1.57226,-1.45937,3.04189,0.197951,-1.39689,2.96396,-1.84315,-0.967528,-0.02558,-1.71341,-76.616,-990.152,-123.952,3780,-9660,4060
-0.173592,-6.64205,-5.07243,-3.40111,-5.58105,-4.90232,-6.25006,-3.16651,-5.70774,-1.13835,-1.74779,-3.52943,-4.68071,-6.32342,0.650448,-6.19532,-77.592,-994.056,-125.416,3920,-9240,4060
-4.84804,-3.27973,-2.69681,6.31506,1.8786,-1.60816,3.26211,0.796749,-12.5639,-2.53284,-1.04391,-2.23778,-2.21094,-0.163149,12.1133,0.994223,-79.544,-993.08,-126.88,4200,-8540,3920
-3.49623,3.47497,-1.60609,8.28855,3.02422,-1.52848,0.909667,-2.04947,-4.87684,-2.50776,-2.15725,0.535069,-2.05989,1.5286,2.42434,0.790246,-83.936,-993.568,-128.344,4340,-7560,3640
-4.94509,-9.42001,-5.04216,-7.92945,-4.32137,-3.72994,-5.22708,-4.64957,-9.26915,-3.72556,-3.74719,-5.84259,-3.74336,-3.21025,-9.52399,-4.01207,-85.888,-995.52,-127.368,4480,-7000,3360
4.15075,-1.74841,6.43644,3.6591,7.83729,4.97646,7.39963,1.5161,-2.22359,7.83188,7.36023,5.19934,6.21893,5.84123,8.50925,3.05065,-88.328,-994.544,-126.392,4760,-6300,2940
-2.25785,-10.3277,3.77056,-6.32405,-2.58019,-0.92729,-5.13419,-6.95631,-10.4505,5.23961,3.38848,-1.41459,2.86967,-0.229154,-3.80061,-6.83941,-89.304,-993.568,-127.856,4900,-5740,2800
-4.34505,-9.72729,5.44902,-11.7966,-3.29616,2.42493,-8.27083,-3.09255,-12.4875,6.26214,6.45599,-1.63728,5.76463,0.277993,-13.0316,-5.88133,-91.256,-992.592,-128.344,5180,-5320,2520
0.944596,14.0454,3.17697,5.49967,2.99946,0.640315,-2.64796,-1.96068,11.1388,-2.15314,-2.40025,3.57974,0.556494,-0.0959667,-0.0540219,-1.28018,-90.28,-990.64,-130.296,4900,-5320,2380
6.14774,29.4283,5.6853,20.6799,12.7112,6.80351,7.84623,8.78182,20.6026,-0.313599,0.602936,11.1246,2.61395,5.51652,12.9726,8.76207,-91.744,-989.664,-128.344,5040,-5740,2380
6.33866,19.072,0.223702,4.22694,-0.209787,1.43571,-3.36945,5.01927,23.9242,-1.08167,-1.40735,3.54797,-3.06434,-2.22369,-4.65181,2.20536,-90.28,-989.664,-128.832,5180,-6580,2380
3.11007,0.338286,-2.54592,-10.1068,-7.26435,-1.74671,-7.0627,1.15135,12.2492,-1.85047,-2.07223,-3.26523,-4.51929,-4.26771,-13.0177,-0.815854,-88.816,-988.688,-126.88,4760,-6720,2380
6.37877,0.733985,0.215914,-9.16806,-4.93736,-0.578943,-3.5254,1.97291,15.8277,2.05874,0.980256,0.946788,-1.45536,-1.18187,-7.39246,1.26431,-88.328,-991.616,-123.464,4480,-7000,2380
3.83457,7.70284,1.31589,3.63219,2.2189,0.735085,4.48525,4.13537,9.53841,-0.491415,-1.88715,5.02284,-0.214335,3.00422,4.42124,5.09027,-83.936,-991.128,-128.344,4340,-7280,2660
-10.1367,-16.4883,-6.50564,-5.34236,-4.72537,-1.47575,3.50484,4.43629,-13.1809,-7.69716,-5.25255,-10.2527,-3.677,-1.1211,6.38624,3.23795,-83.936,-991.616,-130.784,4480,-7560,2660
-8.2192,-14.3354,-5.23665,-2.65154,-1.71625,-1.05672,4.36481,2.19956,-17.7771,-4.82689,-1.26293,-7.80499,-2.19578,-1.32405,2.84674,2.76905,-83.936,-992.104,-131.76,4340,-7840,2940
2.22759,1.06553,-0.294546,-0.877176,0.719628,-1.29994,-0.203081,-1.34028,0.605231,1.33892,0.605091,2.12341,-0.7799,0.923086,-8.14589,0.834277,-81.984,-992.104,-137.128,4900,-8260,3080
7.83936,3.85185,3.47357,3.09917,2.67998,3.68799,3.26354,3.86276,-0.262891,6.34636,4.8223,5.00504,3.26182,3.10179,0.897682,4.79881,-82.96,-993.568,-137.128,5180,-8540,3080
0.0287225,-9.0306,-1.00045,-1.99586,-3.73849,-0.147872,1.9305,-0.361896,-7.32336,2.5779,1.95153,-3.69506,-0.467682,-1.97721,5.49343,0.00770945,-80.032,-996.008,-134.2,5740,-8120,3220
-4.57839,-5.9051,0.520009,2.18092,0.986451,1.24891,5.79682,1.91509,-2.75277,3.56604,4.28782,-1.59625,1.59032,-0.725958,10.1444,1.43465,-78.08,-996.008,-135.664,6300,-8260,3220
-13.9222,-20.2561,-0.0354179,0.689097,2.78295,2.06401,12.0556,1.72114,-32.1683,-1.90121,3.82297,-7.10622,3.11026,0.788529,18.7716,1.47668,-79.544,-999.912,-133.224,7140,-8400,3500
-20.7473,-29.9749,-5.13333,-8.17636,-5.0664,-4.05497,0.675354,-8.12715,-36.7157,-10.0178,-2.72019,-15.1612,-0.813152,-3.89956,12.7031,-7.95259,-76.128,-1002.84,-127.368,7840,-8400,3500
-7.87087,-9.20348,-4.12729,-6.9082,-5.21708,-3.813,-8.35241,-4.53668,-4.42799,-5.04405,-1.23188,-5.03901,0.285338,-3.50741,-2.9709,-8.22849,-74.176,-1007.23,-116.632,8680,-8400,3500
-3.56611,-0.780836,-4.84329,-8.30046,-9.22754,-6.10684,-18.1403,-8.58162,-1.02759,-3.919,-2.16991,-3.30449,-1.56411,-6.09925,-21.3661,-13.4218,-72.224,-999.424,-115.656,9380,-7980,3640
-8.19614,-14.4035,-5.04074,-14.8778,-10.0653,-2.22563,-16.1331,-8.27111,-21.0873,-2.89426,-0.0307973,-9.24616,1.98486,-3.88321,-24.3255,-11.1922,-71.248,-995.032,-117.12,9940,-7560,3640
10.9342,7.76993,1.16885,-8.8361,-4.02756,-1.58682,-12.9358,-7.69956,11.2774,5.31315,1.05787,4.18103,3.08656,-1.51599,-28.5549,-7.64184,-70.76,-990.64,-117.608,9660,-7140,3780
21.5343,29.0718,8.43808,0.310342,3.12759,-1.02821,-10.746,-6.47902,30.5019,10.3774,-0.338662,17.859,2.51289,4.38818,-28.657,-4.98724,-69.296,-989.176,-120.048,9100,-6720,3920
7.79197,8.90175,6.51032,3.27512,4.16683,1.90512,0.90834,2.63742,8.86453,2.18088,-4.33754,8.07575,1.37148,6.15872,-2.15318,3.00531,-66.856,-986.736,-121.512,8400,-6300,4060
-1.12988,4.89405,0.818379,9.57427,3.48414,0.974926,7.34688,6.07078,5.27667,-4.69612,-6.59337,0.0510694,-2.12088,2.72607,14.7405,5.27581,-70.76,-988.2,-122.976,7700,-6300,4060
-2.1191,0.532532,-8.99609,5.37351,-4.41065,-4.18143,3.45135,2.37408,18.7357,-8.12025,-8.66832,-9.04615,-9.62107,-6.51705,11.7074,2.80573,-73.688,-987.224,-122.976,7840,-6860,4060
4.18188,18.5675,0.614749,17.4278,7.32191,3.71173,9.40665,8.28947,15.2454,0.463747,-1.00756,4.97254,-2.21012,1.67554,11.2679,9.03636,-75.64,-985.272,-122.976,8120,-8820,4060
-1.50546,-0.00207979,-4.4972,-5.44159,-4.0327,-1.07055,-1.01303,1.46642,3.73312,-1.55683,-0.4301,-4.46399,-4.17536,-4.84047,-3.8196,0.866645,-76.616,-988.2,-128.832,8400,-10360,3920
9.60159,13.9084,4.93062,15.5611,11.4008,6.60502,16.8895,6.19423,16.8925,7.11122,7.69146,8.51365,3.73726,4.67134,25.4956,11.3661,-75.64,-987.712,-129.808,8820,-11760,3500
-3.37339,-3.40811,-0.405282,8.58163,5.91548,1.0528,13.7241,2.47765,-9.43371,-3.42814,-2.55267,-1.44725,-2.59404,0.44913,25.408,6.90032,-74.664,-993.08,-133.712,8820,-12460,3080
11.4469,7.77146,8.26161,8.80547,14.3805,7.49602,14.0557,7.62814,11.046,7.00767,5.58681,11.1722,5.33414,8.99869,18.0529,9.77834,-72.712,-998.448,-131.272,8120,-13300,2240
31.6919,41.3686,17.9837,24.7406,18.9896,5.82075,6.9842,-0.401508,43.2565,19.5622,10.651,29.3395,9.14616,12.0314,10.3411,4.60978,-68.808,-1003.33,-128.344,7700,-13720,1540
11.5884,34.6727,10.9631,27.988,18.0906,5.29264,11.1396,2.20882,10.7738,7.87496,4.06728,20.2574,5.03028,11.3355,14.5839,9.30864,-68.808,-1008.21,-122.488,8260,-13440,1120
-9.78532,12.7134,8.53903,28.0444,23.6362,10.936,27.4592,13.1947,-30.4355,-0.235143,0.950709,9.87098,6.15918,17.6616,32.0135,22.6388,-66.856,-1010.16,-122.488,9240,-13160,560
-19.2443,-18.4275,-3.2859,0.677118,1.03032,0.0812576,6.34506,2.91408,-33.3344,-6.6849,-2.52125,-11.8479,-1.14656,2.53406,7.48699,7.3485,-65.88,-1009.18,-122.488,9940,-12740,140
-2.75337,-12.6829,-8.97936,-34.3617,-23.3399,-9.81042,-28.076,-7.58277,10.452,-2.86682,0.746331,-12.7496,-4.64027,-12.4137,-45.3038,-16.1968,-64.904,-1005.77,-116.632,9940,-11900,-280
0.198735,-31.4739,-9.68257,-52.382,-30.3877,-10.2967,-34.6754,-8.01965,6.18953,-0.386049,4.54245,-16.1342,-3.60079,-17.1615,-53.7845,-22.4814,-64.904,-1011.14,-111.752,9940,-11200,-560
-9.21572,-52.9425,-11.7384,-49.9143,-29.6049,-11.2247,-22.9098,-10.0282,-10.8547,-5.844,-1.08253,-24.7018,-6.08963,-17.2359,-26.923,-18.6528,-67.344,-1009.18,-116.144,10220,-10920,-280
-4.14291,-23.4545,-0.949482,-16.2726,-8.07389,-4.33066,-1.01363,-9.60935,-6.31852,0.139161,1.08847,-7.76676,0.652791,-4.77037,5.27898,-4.73898,-68.808,-1009.18,-121.024,10220,-10360,0
-9.80325,-5.82559,0.476216,8.74219,7.69592,-1.92941,5.86467,-9.19804,-27.5203,-5.81211,-6.24292,1.96801,0.0597023,3.69141,11.3631,-1.7173,-71.248,-1008.7,-123.952,10360,-10360,560
-0.800565,-6.16182,1.83185,9.86439,9.41696,1.18911,6.51027,-1.73826,-22.6762,-0.459068,-1.82487,5.21528,1.89054,4.54861,11.1468,2.00765,-74.176,-1006.74,-132.736,10920,-10360,1120
-4.62643,11.1596,2.61292,18.9496,8.46942,2.74756,-2.85127,-0.100562,-22.6073,2.88893,2.73365,4.80073,3.11388,3.99969,-3.20921,0.663786,-72.712,-1005.28,-139.08,11060,-10220,1960
-13.8377,-4.32957,-12.4091,-19.9791,-24.7558,-6.46228,-35.7156,-0.280725,-8.42117,-7.17528,-0.190062,-15.5739,-5.42723,-16.3625,-44.0427,-23.0071,-78.568,-1003.82,-143.96,10920,-9660,2240
-8.36864,-15.3166,-20.1119,-24.1787,-27.8843,-6.37761,-16.4047,4.35298,25.1196,-12.5579,-2.62842,-21.2625,-9.39653,-20.2042,-12.25,-14.2091,-83.448,-1001.38,-140.056,10640,-8540,3220
-6.13554,10.0381,-10.1187,26.0329,0.998047,-2.84305,18.3596,-0.383553,23.2725,-13.5875,-13.025,-4.3026,-9.033,-6.13016,44.4615,6.72273,-85.4,-997.96,-140.544,9940,-7700,3220
3.54733,43.6613,4.09566,46.3608,18.524,5.21595,21.4023,5.98413,19.2156,-3.3666,-9.75112,17.2584,-1.43844,7.65001,35.54,11.8265,-89.304,-998.448,-142.008,9100,-6300,3640
6.58453,18.5255,6.95238,20.8339,14.2713,7.52599,13.3321,9.74999,8.39879,4.59492,-2.34836,13.6715,1.20003,9.08838,7.32673,11.0136,-93.208,-999.912,-136.64,7840,-5320,3780
9.98185,4.28859,10.6076,7.4517,18.5557,12.1072,20.3713,14.282,1.19292,7.70488,2.30355,14.3605,3.78146,15.3312,2.67395,18.6673,-92.72,-1003.33,-136.152,7420,-4760,3640
17.7947,9.41528,14.292,-21.5159,3.56927,7.90885,-9.35287,1.32216,3.15262,15.1519,9.72454,16.341,7.46591,9.79007,-51.4188,1.06694,-98.576,-1006.74,-132.248,6860,-3920,3500
12.9764,-14.0639,6.98859,-43.9983,-21.7857,-1.31815,-31.8696,-3.23609,4.80161,14.4098,12.1192,-1.05027,6.60187,-5.01183,-57.689,-15.3545,-95.16,-1007.72,-137.128,6020,-3640,2940
-22.0539,-50.786,-9.78199,-29.2978,-23.6049,-4.77812,-12.921,-2.93837,-40.2186,-9.54464,0.940864,-30.8111,-0.828242,-12.6227,-1.29947,-8.77056,-98.576,-1006.26,-134.2,4760,-3080,2800
-36.0292,-41.5775,-10.9114,8.60593,2.0009,-0.035962,15.9148,-8.83792,-64.6027,-18.4378,-5.72942,-26.8781,-2.10975,-4.05853,43.7577,3.4884,-98.088,-1000.4,-131.272,4480,-3640,1820
-35.4838,-41.1688,-10.0862,-1.251,2.93264,-0.350444,13.3492,-2.23628,-70.4231,-16.5933,-13.2841,-25.6578,-3.56349,0.219647,25.8049,4.25999,-98.088,-1003.33,-127.856,3360,-4200,1120
-6.81486,-20.6428,-0.0571338,-13.7382,1.92675,3.94823,3.44696,8.68863,-8.89002,-1.6778,-4.96108,-7.83032,3.2549,5.50087,1.48688,5.74742,-96.136,-1000.89,-130.296,2380,-5180,560
33.4875,59.3606,8.1212,34.8737,18.6395,-2.13437,7.72585,-0.562239,76.6096,11.3981,1.45573,29.41,0.208013,8.96235,16.9385,2.68527,-93.696,-994.544,-130.784,1680,-5740,-140
26.7976,48.2636,10.6208,29.619,15.4719,-1.29236,6.38721,1.02436,43.1352,15.6251,11.2114,25.6636,3.77087,8.20418,10.3508,5.21375,-89.304,-996.008,-127.368,140,-6020,-1120
20.9246,25.4491,7.98963,-1.59098,3.04331,-4.08664,-3.47851,-3.63565,41.3528,14.3358,9.24343,16.2523,2.1231,2.29282,-13.0487,1.87537,-89.792,-993.568,-130.296,0,-6020,-1820
34.4046,47.3161,15.1715,17.5135,13.0187,-2.6581,-2.13416,-15.7987,71.2221,20.7149,7.69769,31.3275,4.01356,6.78824,-0.907659,-4.89202,-87.84,-995.52,-124.44,0,-5600,-2520
15.1783,37.3044,5.62863,16.7571,4.96207,-5.75612,-8.07679,-14.1278,35.8665,9.42077,2.13415,18.3802,-0.825938,-0.563571,-1.93831,-11.8126,-91.256,-992.104,-122.976,-280,-4200,-3080
-1.27125,10.4952,-1.80339,-4.5306,-4.13608,-1.79035,-2.75377,3.82018,-0.344874,-0.805142,0.421949,-0.0665879,-1.72786,-1.50077,-9.76667,0.0561489,-94.672,-994.544,-122,-140,-3640,-3640
1.6253,-16.224,-2.47754,-18.5206,-7.27846,3.32116,3.96394,7.80881,-4.18544,-4.15894,-0.397621,-8.38877,0.101326,1.09302,-3.73697,8.78135,-96.136,-991.616,-122.488,-140,-3360,-4060
1.56661,-30.6668,2.72823,-19.5361,-8.84995,1.95016,-2.7883,-0.354495,-28.3786,1.97908,6.80465,-9.63913,5.55752,-3.03005,-6.19499,1.78765,-95.16,-996.008,-119.56,-420,-2940,-4620
-10.6752,-16.5369,2.49506,5.46707,1.27451,1.10867,3.28326,-1.44751,-45.0186,-5.31134,1.90379,-7.99522,4.73639,0.250888,14.8419,2.38814,-101.992,-1003.33,-122.488,-980,-2940,-5040
-5.33674,1.60504,1.84804,21.7177,9.25158,5.82782,10.0436,8.62805,-28.9913,-6.17844,3.15047,-2.72983,4.62348,3.82852,26.9182,7.00503,-88.328,-997.96,-122.976,-1960,-4060,-5320
-1.69657,12.1318,-5.19776,23.5107,8.72755,4.28618,14.0964,10.7642,1.46177,-15.0065,-6.84428,-1.69811,-2.55178,3.34364,28.4288,10.1922,-94.184,-1003.82,-117.12,-1680,-4340,-5600
5.14284,0.878452,-9.55771,10.9943,1.7526,1.51107,12.4326,9.14954,16.315,-11.9404,-6.48391,-5.6443,-5.48656,-1.14078,24.2099,9.35107,-89.304,-1003.82,-119.072,-700,-5600,-5460
5.79551,-16.2336,-10.3746,-17.7901,-6.05745,0.355242,5.69292,6.92991,14.4691,-10.6973,-9.17045,-9.0749,-7.00091,-4.75257,-4.62222,6.59505,-85.4,-1005.28,-107.848,420,-5040,-5600
-5.71476,-20.8278,-4.56793,-20.767,-3.34181,0.683493,-0.341991,-0.8978,-13.8716,-7.48556,-10.6281,-6.38471,-4.67755,-1.62211,-19.1421,1.37065,-85.4,-1005.77,-106.384,2380,-4060,-5600
-5.02418,-1.37269,9.76047,1.10131,3.81666,2.12962,-11.7294,-10.2676,-27.9631,7.9968,2.13292,7.13494,5.23739,3.32113,-18.6106,-12.4537,-85.888,-1002.35,-102.968,3500,-3220,-5320
-4.35429,14.7125,2.32092,3.60322,-4.79764,-4.37249,-20.5789,-7.96632,-3.94487,4.78706,-0.512845,5.29707,-0.709705,-5.25371,-20.5535,-19.5731,-79.056,-999.424,-93.208,4200,-3220,-5180
-11.8991,-14.3521,-10.927,-19.933,-18.2209,-3.74395,-16.191,9.19624,-4.96906,-1.05074,-0.509129,-13.1756,-5.88576,-11.606,-21.318,-11.487,-77.592,-990.152,-87.352,4480,-3920,-4900
-20.2051,-30.9091,-14.6452,-29.5173,-23.2629,-8.89163,-19.8634,-7.1417,-16.5645,-7.05208,-2.61325,-21.4308,-8.77655,-15.3747,-32.6798,-17.5813,-77.104,-986.248,-84.424,4060,-4480,-4480
-10.2258,-18.5405,-8.63566,-16.9015,-14.4118,-8.14967,-11.4678,-18.0807,2.30268,-0.710072,1.51022,-11.1906,-3.87209,-10.086,-15.7228,-11.5148,-73.688,-982.344,-81.496,3080,-4620,-3920
-13.1772,-8.65046,-2.08437,-5.57034,-2.20894,-2.14731,1.77363,-2.06377,-7.87787,-0.0101923,0.544501,-3.76419,-0.0898589,-1.5421,2.10051,2.76656,-71.248,-981.368,-84.912,2240,-5040,-3080
-31.4629,-24.6713,5.54283,-10.2302,8.45012,6.21904,4.75467,7.40113,-54.8596,-3.70684,-3.25654,-2.78696,4.34192,9.69712,-12.0849,8.86068,-68.808,-976,-86.376,2240,-5460,-2660
-8.8414,6.85737,5.97024,1.23704,11.3549,5.6769,6.88956,6.73451,10.6999,1.91271,-3.24475,10.0439,1.88012,10.2478,-5.216,8.48296,-65.88,-978.928,-90.28,2240,-6020,-2100
18.9074,43.0514,6.80568,25.9835,10.3502,1.24698,8.62888,3.06192,64.5895,16.5167,7.4771,21.5929,1.89307,2.37143,26.8496,2.3819,-66.856,-977.464,-94.672,2240,-6160,-1540
-4.09289,17.3524,-4.36832,17.0202,-0.100713,-2.98353,6.14888,0.83778,25.8386,1.0898,-0.643778,1.52184,-4.64052,-4.51782,27.2959,-1.11788,-66.856,-967.216,-98.576,2380,-6160,-1120
-4.1495,6.50511,-0.0641419,14.3999,1.03824,1.93242,6.46258,2.79729,6.71164,7.34074,8.33228,0.163554,1.57279,-0.543199,24.6,1.6111,-61.976,-966.24,-101.016,1680,-6020,-840
-3.16167,11.088,2.44429,18.7386,6.32693,-0.298272,9.45224,-2.01963,3.54345,6.78525,1.10759,5.12666,0.177819,3.37947,23.3815,3.81047,-64.416,-965.752,-99.064,560,-6020,-980
5.07157,10.0854,9.51822,5.27237,6.35284,3.45073,5.79888,1.52831,8.22699,12.2866,4.24532,11.346,4.88542,8.16823,2.92827,3.90136,-64.416,-965.752,-101.504,-560,-6020,-1120
-5.73131,-15.1428,-2.7927,-14.0487,-7.22154,0.0900804,-1.33314,1.34925,-12.6187,-1.79845,-1.39215,-8.78495,-0.482409,-0.690845,-9.53248,1.48968,-62.952,-969.656,-104.432,-1400,-6160,-980
-0.915309,-18.0159,-5.99068,-17.8191,-10.1649,0.160649,-4.13461,2.92448,-16.9677,-7.30892,-0.635172,-13.4928,-0.344,-3.00745,-12.5848,1.44012,-64.416,-972.584,-103.944,-2240,-5880,-1260
26.4591,0.033401,2.78011,-15.6156,-6.8937,0.456086,-11.8244,-3.41685,11.3723,-0.00540147,5.23617,1.45037,4.15766,-1.17902,-20.6141,-4.55054,-66.368,-970.144,-101.016,-3080,-5740,-1540
30.9761,5.69098,7.91422,-2.23554,3.997,1.11058,-7.47438,-5.55023,-3.43034,-4.57207,-0.167062,7.84154,4.33704,4.55498,-16.2554,-2.11902,-70.272,-968.192,-99.064,-3780,-6020,-1820
31.9588,8.96522,5.51283,6.94076,9.96004,0.371471,3.1285,-2.48634,-4.43149,-7.04558,-4.96145,7.78594,0.818517,6.20501,-0.228533,4.5257,-71.736,-970.144,-97.6,-5040,-6440,-1960
28.3633,20.3648,4.3964,21.5585,18.191,1.25794,14.8075,0.289942,16.0591,-5.04173,-6.71689,11.7685,-0.828991,6.96534,17.7429,10.8679,-69.784,-967.704,-92.72,-6300,-7000,-1960
22.071,19.8021,5.22933,23.4904,15.0199,-1.19169,11.8098,-3.60096,14.9196,1.79643,-2.36981,12.1545,-0.460047,4.35193,19.9332,6.03564,-72.224,-974.048,-99.064,-7420,-7000,-2100
9.42006,10.3227,2.73228,17.7033,7.62006,0.136329,9.51532,0.960249,3.96945,5.15242,5.29603,5.31933,3.17177,-0.0238006,22.0487,3.68575,-75.64,-972.584,-100.04,-8820,-6440,-2100
-8.48396,-8.72031,-2.54117,0.425763,-2.68593,-2.78485,-4.42614,-2.12059,-13.717,-1.29342,2.06712,-7.08321,0.816793,-4.62898,0.315545,-5.71147,-76.616,-975.024,-96.136,-9380,-5460,-2380
-8.32825,-9.90375,-4.07341,-13.953,-9.01807,-1.7134,-8.1772,1.72273,2.21594,-0.756839,2.24978,-8.00853,0.484371,-5.00509,-14.8589,-2.88269,-77.592,-974.536,-101.504,-10220,-4760,-2660
-3.76714,1.54231,-0.37085,-4.31978,-4.64878,0.292453,-1.44219,3.10508,18.7123,0.925667,2.00193,-0.016712,1.17009,-2.19412,-3.51117,0.129066,-76.616,-977.464,-99.552,-11060,-4060,-3220
-17.8655,-16.6711,-1.65304,-13.5134,-6.79428,1.1407,-4.85987,2.61341,-16.0623,-4.96859,-1.51457,-7.01203,-0.116512,-1.53792,-13.6111,-1.04451,-78.568,-976.488,-106.384,-11760,-3360,-3220
-40.4875,-59.6361,-0.134932,-42.8539,-14.4072,6.22091,-16.1239,3.57086,-84.5115,-4.39341,2.23756,-20.956,5.12665,0.23334,-35.1077,-4.51688,-82.96,-977.464,-103.456,-12880,-2800,-3220
-25.9409,-19.3795,0.394562,-10.8585,-2.50382,3.90685,-4.25514,0.869347,-36.6843,-3.56779,-1.11547,-7.72767,0.813148,3.66503,-9.51914,-1.0252,-85.4,-988.2,-104.92,-14000,-1960,-3360
4.89135,37.5879,4.50082,29.0141,12.2899,2.85717,7.11952,0.129077,42.4302,4.38026,1.22922,16.2787,-0.485616,6.72612,19.1424,0.835772,-85.888,-982.344,-100.528,-16100,-1400,-3080
5.44977,32.0981,-2.02431,17.2003,2.6503,-3.629,-1.09172,-3.68243,46.2689,-1.00225,-4.26914,10.4926,-5.14441,-2.8965,10.3853,-6.52866,-86.864,-982.344,-101.504,-16800,-840,-3360
-5.15957,8.70332,-7.7365,3.73127,-5.08533,-4.33168,-0.184453,1.62041,13.0993,-4.67776,-6.19132,-2.4778,-6.67005,-5.91338,4.9105,-1.9794,-88.816,-984.296,-107.848,-18060,-280,-3500
-9.76272,-8.12051,-11.1872,-2.69162,-9.62369,-5.51149,-2.3913,0.0957707,-4.70721,-4.89667,-4.17792,-11.6611,-7.63387,-9.52247,3.78303,-3.68289,-88.328,-984.296,-108.336,-18760,420,-3920
1.38928,1.81528,-8.27353,8.73007,-2.96918,-4.09615,4.42548,0.044037,11.4158,1.02258,1.04532,-4.67113,-4.91939,-7.70093,18.6938,0.0892667,-93.208,-985.272,-107.36,-19040,1120,-3920
12.9418,8.24313,-0.358444,3.66344,1.34972,-2.14779,3.14733,-2.32967,20.4648,9.83223,4.5491,6.37085,-0.86197,-1.45993,7.26995,0.441131,-90.768,-988.688,-114.192,-19320,980,-4200
9.98599,3.21906,0.179588,-4.93425,-0.692384,-0.743481,3.0352,0.964014,14.6114,8.32456,3.18005,4.85789,-0.229599,-1.09779,-0.34389,1.93804,-92.232,-987.712,-108.336,-20160,700,-4620
-14.4069,-33.4773,-10.1371,-26.9419,-14.8436,-4.89353,-8.07179,-3.23244,-25.3049,-6.34898,-5.58363,-17.4964,-6.3248,-8.65327,-14.9358,-5.45366,-92.232,-985.272,-109.8,-20580,-560,-4900
-17.8824,-41.0008,-6.04617,-38.6919,-15.3871,-0.39833,-13.2124,-3.08575,-37.64,-5.73046,-1.21941,-18.6292,-0.794077,-5.7992,-30.521,-6.4807,-92.232,-984.784,-104.92,-21140,-2100,-4900
-29.0103,-40.983,-4.79948,-26.4364,-10.7663,-2.55886,-13.9092,-8.46864,-66.2577,-14.1577,-9.18434,-20.7959,-2.26958,-4.84193,-24.2967,-7.16547,-89.792,-982.832,-102.968,-21420,-4060,-5040
-2.13918,12.9113,10.6958,12.8482,10.1825,5.23396,-2.14767,-1.89036,-17.7166,2.4702,1.50071,8.57835,7.27511,7.98319,-2.09355,0.717972,-86.376,-980.88,-104.92,-22400,-5600,-5320
17.6736,38.3889,11.0164,31.0604,18.344,3.92785,13.0078,1.7009,29.192,8.47508,3.05663,20.4161,5.46589,10.6808,21.7855,8.13447,-85.888,-977.952,-107.36,-23380,-6160,-5600
17.0656,25.0945,5.02201,18.7942,12.2869,2.56378,15.6427,4.3239,35.7878,5.99423,2.01735,12.6586,1.7781,8.61929,17.9585,10.9917,-82.96,-976.976,-107.848,-24500,-5460,-5740
18.9913,33.1779,6.34461,18.7343,10.4067,2.71795,10.4344,3.19364,47.2169,5.6078,0.894984,14.681,2.44251,7.90767,9.57077,7.56902,-79.544,-975.024,-111.752,-25480,-3780,-6020
14.8947,24.7234,6.07208,19.0493,8.75147,2.97864,11.6009,6.68595,36.0172,6.28492,3.38203,11.2415,4.23012,6.99396,13.6299,8.10738,-75.152,-974.536,-118.584,-25200,-2240,-6300
17.2536,23.4625,7.01879,22.5482,7.69052,2.13242,11.4487,6.50323,32.5326,11.7714,7.85541,12.846,4.95748,5.09199,20.7275,6.61087,-76.128,-972.096,-116.144,-26460,-700,-6580
20.5576,21.7265,10.7676,23.6748,13.4362,4.45497,13.8893,5.29421,24.8871,16.7354,11.4304,17.1777,7.44178,9.07216,22.1706,7.50738,-78.568,-973.072,-113.216,-26040,0,-6440
4.4841,-1.11611,8.72263,3.04455,10.3983,5.91372,7.07626,3.90376,-11.9298,7.13365,5.11477,8.72963,5.93897,11.5,1.68123,5.99678,-77.592,-974.536,-117.12,-26880,1680,-6440
-25.7931,-55.7977,0.387903,-38.3286,-3.95474,6.24916,-4.145,6.15356,-77.021,-7.68624,-0.380504,-16.9942,2.94029,5.44514,-28.5606,3.37648,-76.616,-973.56,-116.632,-27160,3220,-6580
-22.84,-41.431,-5.8348,-29.4376,-9.82565,-2.68838,-13.0282,-5.37968,-48.4918,-15.2682,-7.5121,-18.0951,-4.16595,-4.06635,-24.7387,-9.40996,-77.592,-974.048,-119.072,-26880,4620,-6440
-5.71275,4.5643,-1.23026,3.24565,-1.8643,-1.99703,-8.74461,-5.16971,-1.1953,-9.91942,-4.69827,-0.189098,-2.28123,-4.575,-2.59518,-9.80763,-75.152,-971.608,-118.584,-27440,6020,-6580
6.27644,-1.39467,-3.77341,-13.6083,-12.5431,-4.88524,-16.4735,-5.91384,11.2073,1.36964,4.33028,-2.39955,-2.48502,-10.9765,-16.6878,-12.9112,-78.568,-963.312,-109.312,-27860,6720,-6580
5.12519,-6.6384,-7.16165,-14.0947,-14.4485,-7.83525,-17.8871,-7.17836,5.72484,-0.067362,0.987251,-6.93907,-5.22953,-13.0284,-17.5085,-12.1045,-80.032,-964.776,-109.8,-28140,7420,-7000
6.57667,17.0999,1.32221,11.7881,4.0336,1.80341,3.45719,5.92669,12.5663,-0.0638908,-1.21422,5.71525,-0.702496,0.325941,5.54,5.86145,-78.568,-964.288,-110.288,-29260,8960,-7280
-1.3572,13.2761,-1.9872,18.7922,5.5165,-0.35122,9.52918,3.62262,1.49547,-6.79556,-6.62178,0.551849,-3.93611,-1.27598,19.8283,7.41558,-80.52,-965.752,-112.24,-30940,10220,-7840
-8.76385,-9.50478,-2.61216,-1.47356,3.67808,4.75386,11.7923,7.51071,-15.3844,-9.57059,-6.39164,-5.25173,-1.05439,2.38949,10.0968,10.3935,-83.448,-966.728,-104.432,-32620,11900,-8820
-0.0942762,1.34126,-1.58197,2.25767,4.26802,1.06744,6.9308,-0.455155,8.14281,-6.41801,-7.25534,0.535654,-1.48073,2.15174,6.68062,3.98403,-86.376,-967.704,-109.312,-34020,13720,-9520
-5.07343,-15.9296,-10.1339,-9.65419,-15.8407,-7.52961,-11.7753,-7.293,-10.05,-3.35602,-1.16474,-15.1737,-3.24679,-14.0331,0.578811,-11.8444,-88.816,-971.12,-104.92,-35420,15680,-10360
-3.08079,-20.9754,-13.0106,-22.7139,-23.8301,-8.93386,-21.9283,-10.6581,-6.70225,-1.80836,2.50561,-17.5043,-3.70497,-19.9212,-17.5787,-19.0843,-91.744,-970.144,-104.92,-35280,16100,-11200
-15.4147,-31.169,-14.1679,-26.3409,-20.6199,-8.22078,-22.9927,-11.8519,-27.6274,-9.69572,-2.32127,-20.5201,-4.36484,-15.5172,-25.3754,-17.8655,-89.792,-970.632,-109.312,-35420,16520,-11900
-12.7684,-13.2221,-7.05846,-5.83521,-6.31173,-9.57159,-13.7263,-14.0699,-24.4549,-7.44252,-5.83254,-7.65616,-5.37127,-5.9898,-9.84965,-13.1731,-93.696,-970.632,-108.824,-36400,16660,-12880
20.9149,45.5021,6.35689,34.6879,15.0079,-1.27448,8.10348,-3.02708,51.8723,12.6134,6.66326,21.5646,1.50809,6.70971,20.3827,1.84304,-95.648,-971.12,-104.92,-36680,16520,-13300
7.4748,35.4683,2.16507,15.848,10.3294,2.99251,10.1991,3.57516,41.1931,-0.802817,-3.82559,13.4759,-2.98246,9.09932,3.73111,10.3341,-91.256,-973.56,-114.192,-37240,16100,-14000
4.98116,9.72549,6.00511,-1.75392,5.04854,6.85693,9.01563,9.29565,15.8848,4.22028,2.29574,8.39183,2.51783,9.23938,-0.227004,12.4853,-89.304,-972.584,-117.608,-38500,16380,-14560
11.7881,5.70264,3.91083,2.622,0.43764,0.886943,7.52756,4.54491,22.6412,10.6579,5.86802,4.73763,1.83475,3.28473,12.445,6.03731,-89.792,-978.44,-117.608,-39200,16660,-15120
10.0916,1.94056,11.7728,4.59352,11.0429,7.9714,11.7355,7.94856,5.83467,13.7855,8.3756,10.3409,7.56244,13.4941,4.73987,10.4916,-91.256,-980.392,-119.56,-39200,16800,-15260
-10.5298,-12.7979,9.9958,-5.04031,9.05076,7.78167,5.45371,4.93975,-35.584,1.54303,-2.55377,2.44357,6.06082,13.1332,-12.4895,7.9542,-91.256,-977.952,-125.416,-38220,16240,-14980
-11.3995,3.30785,6.25827,3.16784,5.03972,2.94636,0.695824,1.21435,-19.4892,-1.64017,-4.71062,3.33063,3.96691,4.34391,-2.38618,0.813208,-86.864,-975.512,-122.488,-36260,15260,-14840
-3.06355,18.3591,-0.558547,16.6581,1.85881,-0.299782,6.03091,3.89761,12.9806,-0.682846,-1.68728,2.03712,1.16479,-3.4521,21.9024,0.519692,-87.352,-974.048,-127.856,-35000,13860,-14980
-5.93567,-2.83376,-3.90637,10.9209,6.23371,2.61772,18.917,9.80529,-3.49016,-3.47294,-2.24152,-4.5762,-0.0745099,-0.388954,29.6979,10.944,-83.448,-972.584,-129.32,-35560,13440,-14980
-1.08882,-17.9104,-1.74044,-7.0656,0.170507,1.04043,5.92748,3.17953,-12.6368,0.434504,1.91224,-5.03157,0.229236,-2.30051,7.21438,2.53772,-79.544,-977.952,-127.856,-36120,13860,-14840
10.4573,16.4734,7.00574,13.1155,8.04341,2.44726,0.247699,-2.20684,3.32484,7.41379,7.11609,11.3197,3.39882,2.92125,1.76175,-0.521429,-76.128,-979.904,-128.344,-36400,13580,-14560
5.42049,6.9866,-0.646158,-0.573347,-4.02492,-2.96869,-8.40764,-6.48176,0.270574,2.6179,4.09751,0.231281,-1.50027,-3.78036,-9.19495,-5.18814,-70.272,-977.464,-134.2,-35980,12740,-14140
10.9742,-2.17526,1.70319,-8.33743,-3.00336,-0.55807,-5.99729,-3.02338,4.61192,7.9108,7.86008,1.6948,1.47885,-1.42892,-10.6772,-4.42476,-65.392,-980.88,-133.224,-35840,11900,-14000
-3.84053,-32.954,-0.417424,-30.1958,-9.21848,-1.78626,-11.9421,-5.60592,-28.3103,0.392331,1.09488,-8.34922,-1.12558,-2.452,-27.2796,-8.18483,-61.488,-985.272,-133.224,-35700,11900,-13860
-20.7832,-43.3184,-2.99745,-32.9224,-8.99343,0.608771,-10.2499,-2.93121,-48.9234,-10.218,-5.82805,-16.0485,-2.33721,0.167502,-31.837,-3.22936,-66.856,-984.296,-134.688,-35840,11900,-13300
-8.65717,-10.441,0.357198,-3.3794,2.07906,7.14719,6.84124,8.22007,-7.03289,-7.30305,-3.81023,-3.44703,0.265027,7.1784,1.6344,9.29418,-61.976,-982.832,-134.2,-35420,11900,-12740
-8.25757,-7.4634,-5.545,-2.14333,-7.34893,-1.3299,0.00413154,0.224815,-0.429428,-9.41325,-5.07468,-8.19506,-3.96482,-1.58317,5.14115,0.490731,-54.168,-982.832,-135.176,-35840,12180,-12320
14.048,26.4339,-0.797246,24.547,1.78879,-1.54876,5.6687,1.41817,44.9761,4.0181,3.59492,6.61892,-0.932431,-0.953024,26.5253,0.279954,-54.168,-989.664,-140.056,-35560,13300,-11620
13.0344,26.3847,-2.49563,16.9419,0.240584,-4.76736,-1.64691,-0.101282,39.251,3.27352,1.04026,8.33136,-2.44041,-3.43664,9.50713,-1.8579,-52.704,-991.128,-139.08,-35980,14980,-11060
1.23214,-2.0089,0.838261,-6.40485,-2.76865,-0.578731,-4.97261,1.5407,-7.23967,4.28957,2.7085,1.6643,2.66353,-0.702628,-14.3534,0.219954,-50.264,-996.984,-146.4,-33880,15260,-10220
1.77277,-0.617475,-0.617111,-10.7141,-3.73674,-2.4901,-4.55828,-1.5857,4.63135,0.130692,-2.41723,-0.608136,-0.979039,-2.48968,-17.1903,-0.761336,-49.776,-995.52,-159.576,-32620,15260,-9520
1.86335,12.3538,-4.15174,3.57767,-3.36437,-4.37081,-7.18413,-4.16264,25.5041,-2.20583,-1.89383,-0.980792,-3.23646,-6.3898,-3.1105,-8.02222,-52.704,-995.52,-150.792,-32200,15400,-8820
1.74415,15.4566,-3.72646,19.664,3.33443,-6.05952,0.217427,-5.04529,23.2136,-1.3236,-0.626477,1.61321,-3.36252,-6.31112,23.0111,-8.3293,-52.704,-995.52,-154.208,-31080,14140,-7980
-8.54185,0.228367,-2.1766,11.414,7.64524,-8.43543,3.215,-6.09553,-17.2907,-4.58119,-4.48145,-0.56555,-2.79649,-1.28616,10.9251,-3.19225,-53.192,-996.496,-155.184,-30240,13580,-7420
1.78462,11.3486,4.14671,10.6451,11.3785,1.61331,6.34467,-0.865517,-5.97308,2.11886,-3.94905,8.50948,1.07406,4.12511,4.61746,2.75902,-53.192,-994.056,-159.576,-29820,12180,-7000
1.47437,14.7883,15.4747,6.3899,19.8826,14.0578,3.12031,3.57683,-13.1229,3.63853,-2.55906,20.405,10.8126,18.8735,-12.6917,7.76364,-49.776,-991.616,-159.576,-29400,11060,-6580
1.5711,4.63947,9.64853,1.30604,8.74997,4.56225,-0.885979,-4.09194,-6.61236,-0.505384,-6.64204,11.0274,4.90343,10.9608,-3.76289,0.0541888,-50.752,-987.712,-159.088,-29540,10360,-6020
14.1387,14.1137,3.58928,13.7872,3.21327,0.289138,2.38202,-0.222077,22.8919,7.04178,3.9902,7.45769,1.26093,0.868641,17.2501,-1.31601,-52.704,-984.296,-156.16,-30520,10360,-6160
-19.8247,-25.2045,-13.7435,-15.477,-18.0766,-6.62759,-15.1305,-2.54916,-28.9575,-16.0547,-6.74839,-22.1587,-8.63648,-12.9871,-13.3028,-8.89486,-55.632,-983.808,-146.4,-30940,12040,-6160
-17.5882,-44.2693,-10.9536,-43.7071,-25.4393,-1.08792,-14.0467,5.6424,-35.873,-7.96,3.02905,-26.6396,-2.18237,-11.8153,-33.3238,-1.53733,-58.072,-982.344,-140.056,-31920,13440,-6160
-19.7016,-43.3728,-6.09765,-31.5924,-12.5756,2.37555,2.50689,8.52708,-42.9237,-8.49202,0.597704,-21.3535,-0.206873,-3.2433,-13.7877,8.16295,-59.536,-983.32,-147.864,-31780,13440,-6160
-9.66561,-3.68152,-3.87783,23.8139,9.79847,4.06782,27.3439,10.2534,-15.8025,-7.56001,-0.620826,-6.51227,-1.84145,4.02502,49.6149,15.3127,-66.368,-979.416,-136.152,-31360,11900,-5740
16.4129,23.8163,-5.50364,30.9357,3.54069,-0.41835,16.2219,5.74686,43.4555,3.89181,7.47197,1.37961,-2.59304,-5.04641,47.7822,5.12709,-64.904,-979.416,-137.616,-30800,10640,-5880
24.1529,7.48038,-2.49582,-13.8364,-14.2447,-4.03514,-12.5796,-3.09451,44.841,10.9879,10.5601,2.02699,-1.08143,-12.3586,-16.1986,-9.72081,-65.392,-981.856,-147.864,-32620,9240,-5740
23.3568,9.97955,3.04379,-17.2144,-13.08,-4.2666,-18.502,-7.16043,33.7993,14.5404,10.5519,8.03549,1.2771,-8.70837,-29.4809,-12.777,-62.464,-1000.4,-153.232,-36260,10080,-6440
10.2173,5.93882,7.15612,-5.14073,-0.0303791,2.12853,-6.01725,-2.37366,2.20819,10.9762,7.59802,9.02249,5.03013,1.87688,-16.7316,-3.19112,-58.56,-1002.84,-174.216,-35280,9520,-6020
4.63387,4.67727,5.95305,5.48518,8.04257,2.07097,7.42577,-2.03391,-3.60647,8.26796,2.40932,6.05784,3.05128,8.33303,3.70658,4.42423,-61,-999.424,-180.072,-32760,7140,-5320
6.76943,13.468,9.99264,24.5642,23.0663,6.38194,20.5753,0.154087,4.21261,8.62655,-0.294114,14.785,5.34273,15.6095,27.0591,10.8285,-61.976,-995.032,-178.12,-32480,6300,-5040
-14.5393,-3.41982,5.04265,8.21377,15.7207,4.73553,10.1458,-0.0384691,-33.0666,-6.38609,-9.36489,5.76876,1.56135,14.692,7.90712,7.60896,-65.392,-985.76,-170.8,-30660,3220,-4340
-5.74065,4.70824,-4.17427,-6.19932,-7.29546,-2.26315,-6.89466,-0.450157,1.18025,-5.1176,-5.04734,-3.49817,-3.16369,-2.82462,-8.80893,-2.05739,-62.464,-978.44,-168.848,-29120,-980,-3360
-15.1185,-25.2933,-10.3604,-28.8826,-17.2086,-2.22866,-11.4957,0.481585,-15.7142,-9.38659,-4.87077,-19.3145,-4.14688,-7.42428,-23.3859,-2.881,-68.808,-977.952,-168.848,-29960,-2800,-3360
-17.2074,-16.0272,-0.201497,-14.3506,-2.44751,1.05893,-7.75171,-4.82502,-25.2585,-10.2198,-7.85111,-6.75375,-0.415604,1.53612,-18.3827,-2.48208,-70.272,-982.832,-157.136,-32480,-700,-3920
6.80092,5.84408,6.66422,4.32524,5.47429,3.07039,-1.14345,-1.47828,6.59529,8.01241,5.97942,6.33353,5.03931,4.19385,-3.9695,-0.82947,-69.296,-983.32,-156.16,-32760,140,-4200
-8.01357,-19.1502,-2.77067,-10.9613,-3.67646,-7.4637,-4.29042,-6.513,-23.3243,-2.95937,-1.21592,-9.2016,-1.96095,-3.97804,-12.5496,-4.14756,-67.832,-980.392,-149.816,-33180,280,-4200
1.2929,-6.9971,2.18541,-4.43449,0.544505,-2.60608,-2.92347,-2.77714,-5.46264,2.45971,3.18459,2.00446,1.75412,-2.43597,-10.131,-3.74956,-68.32,-980.88,-150.304,-33600,1260,-5040
6.22953,27.2281,2.30319,20.6317,7.17816,1.51007,-0.143782,2.47532,23.6082,-1.25426,-2.73462,13.4345,-0.485187,0.135351,5.95587,0.252861,-66.856,-983.808,-152.744,-34860,2100,-5320
10.403,59.6626,0.180681,46.6801,15.2403,0.63664,10.7446,7.26766,54.9748,-4.25071,-7.222,20.8874,-3.02735,3.91222,29.5671,7.25627,-68.32,-985.272,-154.208,-35980,3080,-5600
2.93273,31.7096,-3.07742,34.3504,10.9779,0.712511,13.4999,7.77617,29.9276,-4.911,-5.79281,7.00335,-3.24822,0.827394,32.5889,7.4883,-73.688,-988.2,-148.352,-38360,5320,-5600
1.83964,4.22018,1.70922,2.43024,-0.473178,1.14207,-1.8625,0.304199,2.77263,2.77642,-0.145242,3.43305,0.39884,-2.21275,-1.33879,-2.57695,-71.248,-988.2,-149.328,-38360,6440,-5040
-8.42591,-14.1439,-3.43102,-1.86116,-5.14868,-2.733,1.3758,-0.507776,-21.4012,0.438267,0.209433,-7.99055,-3.3936,-4.48078,9.15515,-2.75128,-66.368,-991.128,-147.864,-37800,6020,-5040
-3.30159,-5.22086,1.57492,17.6693,7.94471,-1.16494,11.6502,-0.045557,-12.8913,3.34031,2.77351,-0.683547,-0.951239,2.8033,33.6892,1.73236,-64.904,-999.912,-149.816,-38640,5460,-4620
9.53011,14.4788,3.66445,17.8007,11.3075,1.44243,11.1431,0.606655,25.9507,2.31238,-1.3915,8.88223,-1.16533,8.60996,23.1415,4.85713,-67.832,-1002.35,-166.408,-38780,2520,-3080
13.782,-3.08335,2.46974,-22.4158,-8.8395,2.6469,-6.35026,2.90421,24.6958,8.33161,6.42694,0.916303,3.00947,1.4072,-21.086,1.42566,-69.784,-1005.28,-178.12,-39620,1260,-2240
0.956311,-41.0967,-6.24596,-58.1714,-29.2002,-4.60965,-21.4057,-5.02049,-7.03082,1.49197,4.06013,-20.522,-2.01659,-10.9326,-49.4272,-8.28841,-71.248,-1003.33,-181.048,-40040,1680,-2100
-16.8097,-49.8961,3.20675,-37.9892,-11.4741,3.29937,-10.2631,-2.55781,-63.8455,-1.91269,4.37956,-16.8177,5.74844,-1.19534,-23.1835,-5.01867,-67.832,-1000.89,-177.144,-38640,2240,-1960
-7.3409,-9.68067,6.80276,-6.05083,3.11997,0.957778,-3.38569,-4.61219,-31.1598,-0.710055,0.728003,1.00176,5.88794,2.78001,-2.26054,-4.92788,-65.88,-1001.86,-177.632,-37100,2800,-1540
6.07649,29.5493,0.908308,13.4385,7.96093,0.145317,3.22331,1.54575,30.0957,-3.65324,-3.71482,10.5005,-0.053359,3.8713,0.715923,1.57227,-70.272,-994.056,-181.536,-33740,3080,-1260
-8.59256,-20.7509,-10.9627,-25.1693,-18.1598,-6.38871,-16.7023,-3.4611,-13.9109,-7.06217,-2.04419,-14.9899,-4.23823,-9.92448,-25.3272,-10.3997,-74.664,-993.08,-181.536,-32340,3500,-1260
-11.0359,-34.0678,-10.9756,-32.5398,-20.1999,-5.96364,-16.6309,-4.3078,-29.8751,-6.1345,-0.247635,-18.3926,-3.61438,-11.7757,-27.0519,-10.0891,-76.128,-994.056,-185.928,-30800,4340,-1680
-9.8935,-8.766,-4.20104,-4.42581,-1.63021,0.304939,-1.45989,1.58823,-21.3269,-6.94506,-2.78337,-4.66414,-1.40306,-1.77188,-8.90107,0.115423,-70.76,-990.152,-185.928,-30520,3920,-1680
-3.13554,6.70193,1.56426,26.5148,15.5679,4.50385,17.9443,7.98504,-10.8365,-2.65503,0.361966,2.47783,0.754005,6.27882,30.6442,9.92878,-67.832,-993.08,-191.296,-30100,4340,-1820
-3.1743,11.0057,0.538549,29.4217,13.6329,0.993753,13.2357,5.24265,-3.03359,-4.10124,-2.94759,3.25403,-0.508207,5.09411,32.6485,5.40391,-69.296,-989.176,-190.32,-30520,5180,-1960
5.22105,23.2393,2.16899,20.1783,8.36486,2.41728,6.48243,3.4116,15.7955,1.16751,-0.314186,8.97051,1.76999,1.80875,14.2097,6.19816,-72.224,-988.2,-180.072,-31360,6160,-2100
18.6885,19.1348,-3.18661,11.5932,-2.2122,-3.19885,3.05225,-10.1196,46.4276,5.76523,1.73929,4.10683,-3.35813,-5.7913,12.7266,0.130072,-72.224,-986.736,-183,-30380,7000,-2380
15.1428,7.40695,2.29192,9.99343,2.43979,-0.247632,4.38938,-5.70945,21.1417,9.72784,4.72189,5.24541,0.0316889,-1.07403,14.4969,-2.67173,-71.736,-985.272,-183.488,-29540,7560,-2800
6.74291,5.68837,5.64627,1.8717,4.81964,4.96814,2.12879,3.57384,8.29649,5.73204,1.77932,5.92716,2.11545,4.0747,-3.47947,1.37423,-73.2,-988.688,-179.096,-28980,7700,-3080
-9.04171,-8.34804,0.0247105,-17.7289,-2.8717,3.28037,-5.91446,2.90009,-9.46834,-7.50074,-8.49394,-3.3527,-1.67008,2.23911,-29.2895,2.02557,-72.712,-989.176,-181.048,-27720,7140,-3220
1.00565,-5.8406,0.375995,-20.0504,-5.8989,0.865738,-6.66482,4.16584,6.55539,1.73655,0.143545,-0.956718,-0.110778,0.399181,-27.1615,1.6994,-71.736,-985.272,-184.464,-27020,6720,-3360
0.278707,11.7123,-6.66119,6.95939,-3.46722,-9.11249,0.432834,-0.124805,16.7936,-2.36906,-2.13297,-1.12138,-5.01827,-7.63141,3.94043,0.387416,-67.832,-985.272,-183.488,-27300,6020,-3640
7.82455,31.5825,4.61236,16.7719,5.10513,1.40351,-3.24097,3.31056,18.3064,6.47403,4.23598,15.5694,3.62681,1.29255,-4.69412,0.350106,-69.296,-984.784,-184.464,-27580,5880,-3780
-0.824908,2.65348,-1.32581,5.06791,-2.77759,1.37703,-1.61362,1.96409,-1.82102,2.08748,3.87715,0.311194,0.881907,0.213027,4.27255,2.0178,-71.736,-993.568,-194.712,-28000,5880,-3780
-2.05245,-5.05669,1.48094,3.74686,2.2706,3.32077,6.67274,3.46298,-9.60669,3.66881,4.65539,-2.07121,2.88922,3.73015,14.0607,5.50953,-70.76,-992.592,-198.616,-27020,5740,-3780
1.62837,-11.9057,6.25861,-4.00871,8.17801,3.96493,9.11329,-2.48384,-11.5662,6.58257,4.31811,1.56166,4.40637,7.73795,11.7464,2.44415,-72.224,-990.64,-195.2,-25760,5320,-4060
-8.6075,-31.0626,9.70008,-1.84869,12.2124,5.04696,8.51962,-5.09486,-53.0748,5.40363,3.00145,0.0717332,7.02648,10.8645,16.7258,-0.51821,-72.712,-987.224,-194.712,-24360,4900,-4200
13.593,18.6178,12.1646,28.3658,16.1628,3.45898,5.69872,-2.28727,16.5567,10.5308,3.97523,16.9195,5.02342,9.88693,25.1713,-0.47372,-74.176,-988.688,-196.176,-23100,5040,-4480
10.1899,33.872,4.54783,32.6742,12.8167,4.79344,15.4333,8.90928,36.2702,2.96862,3.31072,13.8467,2.12903,6.21884,31.5661,11.1592,-72.712,-966.24,-165.432,-22540,5600,-4200
-1.01003,-0.810379,-2.37387,-11.5144,-7.70608,-0.538795,-3.11576,-0.641834,6.57723,-2.14054,-0.685702,-2.78008,-2.46457,-3.45627,-11.1347,1.28909,-71.248,-997.96,-178.12,-25060,6580,-4480
12.5911,13.2876,6.78836,-5.04713,3.57553,4.70161,2.68097,3.59495,28.7767,6.44153,4.6127,9.55704,4.66824,5.41542,-9.77838,7.6306,-65.88,-996.496,-208.376,-22960,7000,-4060
-3.89273,-16.0645,-6.17682,-26.8318,-15.456,-6.47027,-12.4051,-3.19858,0.71517,-5.26918,-4.84576,-12.3369,-3.77218,-7.68086,-25.1745,-4.23583,-67.832,-985.76,-187.88,-19320,5180,-3080
8.13478,3.77534,0.0972966,-3.66087,-4.64156,-5.1932,-5.29827,-1.30258,11.6363,2.84225,0.238097,1.79443,-0.650905,-4.45541,-6.30015,-4.42825,-69.784,-980.88,-172.752,-19320,4200,-2940
-2.97023,10.027,-2.01746,18.6776,7.68339,-1.75508,11.3506,2.66037,0.319265,-6.5612,-7.59973,2.24995,-3.55117,1.84749,20.2622,4.48603,-67.832,-990.64,-176.656,-19740,3500,-2660
-24.7719,-24.4152,-5.79311,-6.88057,-4.36538,-3.76407,-3.46488,-5.29463,-55.2054,-12.7702,-7.84402,-14.7595,-4.44444,-3.32909,-3.34971,-4.62421,-61.976,-987.224,-178.12,-19320,3500,-2100
-26.5645,-37.2953,-8.68694,-38.9237,-17.3191,-4.55876,-18.5819,-6.90602,-50.3014,-14.4813,-6.32692,-20.8718,-4.83667,-8.36081,-41.5456,-10.9282,-66.856,-1014.06,-204.96,-19040,1400,-1400
-15.5212,-26.9778,-15.607,-35.9958,-23.7022,-8.6748,-19.843,-5.2676,-12.4252,-14.7362,-8.61965,-22.296,-9.66026,-15.966,-34.9765,-11.1835,-67.344,-990.64,-190.808,-14280,-280,-980
0.479892,5.08088,-7.11641,-5.29574,-8.92672,-5.19724,-13.8563,-7.27767,13.4784,-5.59467,-5.32984,-2.26555,-4.53851,-8.61727,-15.4947,-10.6685,-61.488,-995.52,-196.176,-15120,-1120,-1120
1.29538,16.2482,-4.75303,17.6271,3.73485,-3.19167,-2.2798,-7.79197,17.8276,-3.84548,-2.36459,3.12529,-3.1428,-4.44386,14.9356,-9.53966,-61.488,-996.008,-215.696,-13300,-1680,-1120
-3.96512,-1.8966,-5.1767,6.99428,0.452074,-2.0827,-0.988953,-4.9477,0.192404,-5.0377,-2.02924,-3.15588,-1.58038,-3.56025,11.6411,-7.34655,-60.512,-991.616,-212.768,-10220,-980,-840
-9.13747,-15.5054,-2.74882,-9.10385,-4.45239,3.28395,-3.38649,4.70467,-20.1087,-5.74116,-0.519962,-7.73184,1.56243,-1.33662,-6.65412,-0.40959,-59.048,-989.176,-214.72,-9100,-1120,-560
-3.37484,-15.18,-9.51912,-17.4923,-19.6673,-4.07591,-15.6467,1.33868,-6.77646,-2.79642,1.11975,-14.4933,-4.0171,-11.3775,-13.7176,-8.59313,-62.952,-985.76,-214.232,-6580,-840,-420
-0.098474,-9.12771,-4.24763,-20.2718,-12.3783,-0.328428,-11.0086,3.18754,0.547531,-0.466416,1.75384,-7.16105,-0.00639378,-4.59622,-24.7825,-4.23074,-64.904,-982.832,-205.936,-5880,-140,-700
11.2386,19.3537,7.61182,16.9603,11.6262,4.14753,7.99555,4.03956,17.537,6.54509,3.16998,12.5212,5.36653,6.94343,12.4648,1.05646,-64.904,-986.248,-204.472,-4620,420,-700
-1.06157,2.71531,2.83237,15.9372,12.6268,2.93084,17.9111,5.4039,-4.81428,-1.83579,-4.54432,2.53232,0.986528,7.85299,25.5454,7.67159,-66.368,-983.32,-200.568,-2940,420,-700
6.28627,7.84449,6.30301,13.4981,11.4852,6.18648,17.1229,9.49305,3.75732,5.97879,3.86104,6.49031,4.49931,7.86434,19.3688,11.349,-61.976,-981.856,-203.984,-2380,420,-840
-3.99694,-23.5903,-3.14424,-14.1728,-9.91359,-3.47722,-3.43407,-3.74407,-21.842,2.63158,3.08526,-10.8334,-1.76102,-7.16183,-7.61133,-3.72942,-64.416,-976.976,-207.4,-1960,-560,-980
-14.4839,-23.6001,1.17795,-6.92747,-3.16116,-0.530357,-2.03192,-4.50862,-48.2161,0.984783,3.64848,-7.54276,0.741088,-1.31491,-4.39989,-1.88202,-63.44,-978.928,-197.152,-2100,-1400,-840
7.48655,24.6081,3.31583,20.1592,8.67514,-1.13211,9.81506,1.80261,26.6663,4.17199,3.39615,10.1606,-1.41438,4.10533,17.5915,8.4733,-61,-982.344,-195.2,-2100,-2520,-700
11.5342,22.9985,14.5685,15.0722,20.2116,7.65792,15.8388,8.88989,20.0477,9.27663,2.86031,20.7788,5.39574,16.9082,4.82354,18.1823,-63.44,-978.928,-187.392,-1960,-2520,-700
31.7138,46.4835,24.6199,41.181,34.7636,11.4107,25.3202,8.16382,43.1992,21.7992,7.56896,38.3236,11.2187,23.7402,30.3956,20.3751,-58.56,-984.784,-188.856,-2100,-2100,-840
44.3549,43.3505,19.3727,33.3948,24.3389,7.04334,19.1678,4.8987,69.4741,29.6674,14.9803,32.9544,10.1961,16.4586,30.2226,13.6729,-57.096,-983.32,-196.176,-1680,-2240,-560
30.0501,30.209,10.1353,8.65645,4.98893,0.817252,-5.31643,-2.99072,54.9441,21.0697,12.4964,21.3241,6.02633,5.69298,-5.9209,-2.28141,-57.096,-973.56,-190.808,-980,-2520,-280
-0.72192,-7.32531,-0.869282,-14.582,-9.7677,-1.161,-13.868,-1.82673,-5.0699,5.5812,7.60852,-2.15664,2.05116,-4.6406,-18.7499,-5.65891,-59.048,-980.88,-181.048,-2100,-2520,-280
-20.9559,-31.4294,-3.28492,-24.3543,-7.89871,1.22797,-7.67286,-1.40214,-49.9527,-8.6313,-3.82597,-13.2065,0.328539,-0.844414,-20.8625,-1.12344,-60.512,-980.88,-179.584,-2380,-2800,420
2.93873,21.9936,7.5135,18.2568,15.8496,9.07296,14.0918,6.68046,2.66422,-0.308351,-2.05776,13.2074,4.82499,11.2947,13.4209,10.8365,-59.536,-981.368,-182.512,-2100,-2660,560
0.536093,24.1912,-3.21983,20.7966,5.70025,0.132471,8.19708,0.25646,18.3283,-6.98689,-8.48513,3.53418,-4.55222,0.0549188,21.9314,1.80508,-60.024,-980.88,-178.12,-2660,-2800,840
-31.3718,-33.0827,-17.2879,-19.2607,-14.9469,-0.824522,-3.55907,4.13205,-40.6925,-21.9127,-11.2884,-28.725,-7.92965,-9.14869,-3.45044,-1.26359,-57.096,-977.464,-173.728,-3920,-2800,840
-24.3174,-40.3594,-21.5686,-30.4367,-26.1893,-8.23254,-14.6593,-2.03683,-31.5031,-18.709,-10.9056,-33.0072,-11.3563,-19.2696,-15.3249,-9.50631,-61,-977.952,-170.312,-5180,-3080,1120
-0.891558,-0.397381,-7.90065,-3.36962,-8.8913,-7.59756,-6.14692,-5.02126,8.57638,-7.14989,-6.40631,-6.60731,-6.39367,-11.3994,0.389031,-7.09054,-62.952,-976.488,-167.384,-6440,-2660,980
17.0828,20.4022,9.04411,16.4737,10.9269,-0.614552,5.99338,-5.57073,21.7483,6.66227,1.79217,16.0474,2.22935,2.67944,14.3252,0.046284,-65.392,-981.368,-170.312,-7280,-2100,700
-1.62664,-14.0716,1.25753,-1.54518,2.84365,-1.75947,2.56889,-6.50685,-11.9867,-3.15634,0.385841,-4.19681,0.363756,-0.306907,8.07844,-2.4294,-66.368,-985.76,-173.24,-8120,-1400,280
-25.3219,-49.2786,-13.8321,-40.1595,-24.815,-6.56238,-21.1659,-5.65053,-41.9199,-14.7408,-3.53158,-29.7807,-4.79109,-14.6933,-30.9334,-12.5798,-67.832,-983.32,-170.312,-8400,-840,0
-17.2537,-33.3731,-14.0597,-42.6432,-30.7493,-6.45437,-28.2843,-3.1624,-15.4246,-11.217,-0.909289,-24.2784,-4.21746,-17.8036,-44.9066,-13.6314,-63.44,-987.712,-170.8,-8960,-560,-280
-24.1048,-39.3598,-12.59,-39.3239,-25.5444,-4.75494,-23.0278,-5.50793,-36.4199,-13.8371,-3.83754,-24.5256,-5.87403,-13.0782,-41.7091,-12.5983,-60.512,-985.272,-174.216,-9100,-280,-560
-4.59876,-14.2146,-4.03819,-4.39507,-4.29087,0.0416786,-0.483187,-2.33088,-9.83618,-1.56548,1.0776,-6.45113,-1.84086,-2.52368,-0.17365,-0.862909,-63.928,-982.344,-178.12,-9100,0,-560
11.1371,16.8982,6.48134,17.8185,8.78059,1.89993,4.2508,-3.03157,16.9621,7.28067,2.20427,12.5272,2.41162,6.32306,9.27831,1.00612,-65.88,-980.88,-178.12,-9520,560,-1120
21.5328,36.2212,13.995,10.7645,11.6216,3.41287,-1.14737,-3.40965,38.4331,13.6893,3.42377,25.4537,6.36597,10.8419,-13.4629,1.00016,-66.368,-975.512,-175.68,-10360,1260,-1400
-0.122012,39.6635,7.19891,36.5139,24.3377,4.67285,20.1743,6.15974,13.2185,-1.88671,-5.12485,19.6384,2.28824,13.2952,27.53,13.0629,-64.904,-980.392,-177.144,-11480,2240,-1400
-15.8508,24.4269,-5.93608,39.3814,15.8046,-1.66871,18.4975,6.06324,-12.7598,-11.9429,-9.1047,2.78007,-5.74601,4.06234,41.4618,9.5706,-67.832,-977.952,-173.728,-12040,2660,-1540
-10.8292,-17.0766,-10.8878,-9.45147,-11.6952,-5.10623,-5.28315,3.17189,-20.0935,-3.05415,0.954672,-16.5385,-4.73731,-7.27733,-1.38126,-2.16947,-67.832,-977.464,-174.704,-12040,2520,-1120
-1.71682,-23.122,-2.66529,-18.6005,-9.24831,-5.28871,-4.96866,-0.913477,-11.8776,1.71706,-0.92206,-9.82774,-2.08437,-2.98929,-7.95948,-3.59112,-67.832,-978.928,-177.144,-12600,1400,-840
20.11,9.47466,11.2255,13.8982,13.6261,4.66761,19.7516,7.76697,20.6609,14.9341,6.54915,13.5178,7.07947,10.7915,26.2946,11.6597,-65.392,-984.296,-176.656,-13020,0,-700
14.6367,12.2462,11.5618,20.7038,23.096,7.36995,27.3135,5.22941,17.5513,7.73679,0.267755,15.4314,6.64867,15.0254,35.03,12.7364,-67.344,-985.272,-183,-12740,-1820,-140
17.8673,17.4982,13.3886,12.3349,14.5122,1.17195,0.236826,-12.3945,15.4259,12.2419,6.24327,20.161,7.91379,7.62849,10.8466,-15.4454,-69.296,-984.784,-185.44,-12600,-4200,0
15.725,19.4851,2.87224,7.35974,-5.15579,-5.1825,-24.5231,-12.468,21.0524,9.681,8.67878,10.0379,2.31787,-8.18894,-13.3045,-27.0991,-67.832,-982.832,-190.808,-12460,-5880,140
12.069,16.4599,0.161262,-1.98056,-10.1636,-0.63865,-25.0359,-1.68582,17.774,5.24289,4.80043,5.57197,0.680165,-5.87292,-28.8117,-12.637,-65.392,-978.928,-187.392,-12460,-6160,-140
8.72618,-8.2222,-3.31064,-25.0671,-17.0994,1.09308,-15.527,2.83428,6.55272,5.21169,4.10359,-5.84952,-0.520033,-7.2805,-31.346,-2.78293,-64.416,-979.416,-178.608,-13020,-5460,-420
6.30852,0.401831,3.80788,-7.29957,4.10849,9.1848,9.80683,12.686,6.59831,3.40038,1.79903,3.59762,4.00217,4.79684,-4.80038,13.5158,-62.464,-983.808,-177.632,-14140,-3220,-840
-9.74318,-5.67219,-3.61698,-7.53623,0.248669,1.42102,5.99353,5.40282,-8.45692,-9.83494,-7.96741,-5.81256,-2.77324,0.891696,-6.46925,7.12774,-65.392,-985.272,-176.656,-14140,-1540,-980
-12.5248,-9.08501,-5.36693,1.06608,-0.150252,-1.02525,7.00676,4.34265,-16.8581,-6.9587,-0.242346,-9.90139,-1.45631,-1.72101,6.91205,5.67107,-63.44,-983.808,-175.68,-14000,-420,-1260
-27.6067,-41.2682,-10.7151,-19.9835,-14.8332,-5.62287,-8.13806,-0.972868,-56.6208,-10.6575,-0.532226,-24.8985,-4.81155,-9.84002,-9.64563,-3.0389,-65.392,-981.368,-175.68,-14280,560,-1540
-12.8874,-14.9874,-7.66739,-9.71319,-9.16834,-0.0503667,0.133307,8.68908,-10.4971,-6.4722,-0.606342,-13.4078,-3.89027,-5.81228,-3.92982,6.96693,-66.368,-978.928,-171.776,-14980,420,-1960
4.14459,26.5049,3.23588,24.7324,13.5388,2.21615,15.3314,2.20164,18.018,-1.11544,-2.80229,10.9582,-1.85123,4.8882,20.6014,12.2335,-62.952,-977.464,-180.072,-15680,560,-2100
6.59151,11.7239,9.00097,17.7289,14.5249,4.81357,18.2595,-0.0425267,12.872,4.28326,1.95633,9.78044,3.22861,9.40082,24.7745,12.933,-62.464,-978.928,-182.512,-15960,700,-2240
10.2957,17.4022,16.1733,15.1696,19.6066,7.48839,13.6138,-0.921999,17.8685,6.81162,-0.12353,19.2811,6.56463,15.9592,7.9383,10.4933,-61.976,-976.976,-185.44,-16380,700,-1960
0.471512,5.83259,14.5567,-1.77939,14.2938,6.84087,4.47201,-0.523343,-4.75221,3.308,-4.95128,16.4297,5.31989,14.9678,-15.2008,7.37878,-66.856,-981.856,-188.368,-16100,-140,-2100
2.40648,-7.14268,-1.93204,-8.9496,-11.3632,-4.56778,-8.99327,-6.16223,12.3916,4.73157,1.73161,-4.14676,-1.47719,-6.79344,-6.01782,-7.25364,-65.392,-977.464,-191.296,-15820,-840,-2100
-21.3088,-50.8487,-13.3762,-34.1131,-22.0025,-6.35934,-10.1237,-4.11517,-39.1359,-6.65749,0.478566,-29.5519,-4.38472,-13.3416,-10.5102,-8.52037,-64.416,-969.656,-179.584,-15540,-2380,-1960
-24.1605,-33.9392,-10.4283,-24.5985,-14.8731,-5.43283,-8.76175,-4.96994,-35.4556,-12.552,-5.70336,-22.5284,-4.55609,-7.0477,-10.6686,-8.43165,-66.368,-970.144,-175.192,-16240,-3500,-2240
9.23884,40.1818,3.00584,32.3272,11.1398,-1.55525,1.81241,-3.77739,32.9008,2.58247,1.21973,15.6205,0.192976,2.43374,19.6319,-6.86971,-62.464,-973.56,-171.776,-16940,-4340,-2240
16.9589,34.1954,1.83191,25.3379,6.61787,0.315496,0.316786,2.58395,41.1134,6.71426,3.46967,13.2434,-0.055568,2.27345,17.5544,-2.79674,-61,-973.56,-175.68,-17780,-4760,-2380
13.8174,11.925,-1.47958,4.41729,-1.62583,2.76486,-0.144849,11.0637,28.9329,3.33146,1.40182,3.54835,-0.916077,1.04264,3.02252,6.47153,-54.168,-976.976,-172.264,-18900,-4900,-2240
0.628752,-0.343548,-7.85564,8.59088,-2.67112,-0.763347,7.56173,5.18945,-0.427332,-3.83344,-2.34801,-5.54807,-4.14835,-4.63958,18.3794,8.09714,-53.68,-979.416,-170.312,-20300,-4480,-2240
-16.3593,-35.607,-15.0438,-27.432,-21.9617,-9.27505,-16.2946,-13.9194,-37.8863,-10.2347,-3.50125,-22.5735,-6.55876,-17.5314,-22.9601,-11.2777,-53.68,-982.344,-169.824,-20860,-4480,-2100
-3.27632,-25.6177,0.460026,-28.306,-10.4963,-1.20124,-16.885,-6.24017,-31.4471,4.24317,7.31046,-4.65456,3.3997,-2.99667,-32.6477,-10.3193,-49.288,-986.248,-175.192,-21140,-4480,-1400
2.27968,10.6822,-3.74176,4.67666,0.977645,-4.7805,-0.797766,-1.60699,11.5276,-2.80477,-2.26689,2.37734,-3.81905,-1.7928,5.43912,-3.32994,-52.216,-987.224,-177.632,-21560,-4620,-1120
-0.89347,-10.4108,-0.112715,-5.67748,4.17566,2.37212,0.236292,1.89857,-8.54308,-1.39832,0.129775,-0.396881,1.21984,0.776584,-1.12684,-0.0498844,-52.216,-983.808,-183.488,-21840,-4340,-1120
2.11108,0.55995,4.0768,13.473,11.7405,2.05693,5.82242,-2.62478,-13.4429,-2.61217,-4.88889,5.36505,1.87068,5.14619,11.0945,0.138097,-50.752,-981.368,-186.416,-22400,-3640,-1120
16.5794,31.8842,6.71117,18.3151,8.93359,3.78215,-0.315552,3.00282,28.0175,3.42418,-2.74609,16.476,3.56465,5.83021,2.20854,3.69743,-50.752,-978.44,-184.464,-23240,-2100,-1260
4.88574,9.47409,0.419492,-7.65566,-5.9433,-1.23449,-10.9093,0.275212,9.40216,1.65237,-0.754729,4.13217,0.621769,-2.24662,-21.4007,-0.229115,-51.728,-982.832,-181.536,-24080,-700,-1400
-10.348,4.95433,-3.56,-3.02122,-2.33204,-0.541514,2.71863,3.50683,-8.97568,-7.18299,-5.55072,-2.989,-3.25912,-1.27595,-9.45006,6.28009,-51.728,-979.416,-186.416,-24360,1260,-1680
-11.6866,-12.5911,-5.64866,-8.7266,-5.89052,-6.30357,5.05172,-1.42441,-19.4894,-5.7127,-2.91057,-12.6549,-4.67997,-4.05705,2.77059,0.84203,-54.656,-979.904,-191.296,-24360,2520,-1540
4.7073,6.12586,7.6522,11.2466,13.5121,-4.87996,12.6176,-8.77253,-2.23585,6.05143,4.28303,6.33837,3.84963,5.23176,23.5335,-6.08171,-56.12,-979.904,-186.904,-24780,3360,-2100
18.5715,23.3974,16.6541,29.7749,20.6298,3.70468,3.80387,-8.56981,13.5718,13.72,5.82913,23.2755,6.96352,10.2217,23.5441,-9.88481,-61,-982.344,-188.856,-24780,4480,-2240
20.9671,23.8153,16.189,27.055,19.6494,14.8358,14.5636,12.0401,31.409,13.326,6.4182,22.5586,9.46864,17.5469,21.2707,13.6259,-63.44,-976.976,-183.976,-24360,5320,-2380
22.2986,23.6664,6.77388,6.92062,0.739011,4.0083,2.11413,3.47528,46.9239,10.8772,3.3969,12.7293,3.22499,4.64911,2.00295,4.11404,-68.32,-972.584,-185.928,-24640,6300,-2660
1.17111,-14.3184,1.77788,-19.9535,-8.28691,5.20385,-3.59733,4.91235,-3.69042,4.99143,8.10919,-5.3076,5.23222,0.771917,-17.0327,1.07953,-71.248,-970.144,-182.512,-25200,6860,-3080
-25.2536,-46.5927,-13.6922,-39.2985,-22.283,-1.37337,-8.72052,1.95225,-32.3651,-14.4301,-2.19013,-29.5051,-5.00221,-11.2249,-23.0079,-3.25162,-74.664,-973.072,-182.512,-26180,7280,-3500
-32.8623,-34.0949,-14.3384,-22.4992,-13.062,-2.46958,-6.29636,-1.41433,-36.9376,-18.5049,-5.84545,-24.6991,-6.51985,-10.5201,-11.8838,-5.87712,-75.64,-975.512,-181.048,-26600,7560,-3920
-12.3939,-12.3322,-4.80225,-12.9745,-9.11547,1.9825,-9.22449,4.05905,-7.38758,-1.1595,4.10514,-10.5476,0.0142982,-4.64981,-13.0116,-3.63747,-77.104,-980.392,-184.952,-27020,7280,-4620
-12.9684,-3.47187,-7.50408,-0.79792,-9.81268,-2.77541,-5.35208,2.57706,-2.21776,-5.96346,-4.20041,-11.3552,-5.54531,-6.8909,-3.21963,-0.542425,-77.104,-975.512,-184.464,-27300,6720,-5180
-5.72285,17.3735,0.781295,21.6504,10.8354,1.98181,13.681,4.90898,0.312814,-2.04692,-2.6919,4.55781,-1.92681,4.35731,18.3062,10.0565,-80.032,-972.096,-181.048,-27440,6440,-5460
14.2788,27.3926,6.84198,18.187,11.8034,0.76005,9.18692,-0.00998619,26.6549,8.55467,2.37462,16.1731,1.1274,4.12058,12.031,2.8897,-81.008,-976.488,-187.392,-28280,6440,-6300
13.5016,20.0489,8.23042,10.8892,10.8196,0.432338,3.07862,-3.80961,20.1072,7.72317,-0.139285,17.6064,2.79133,6.0431,0.805245,-0.732676,-78.568,-973.56,-190.808,-28560,6440,-6720
3.74361,-14.3639,-3.1739,-17.6461,-8.93874,-9.2197,-8.43855,-7.00226,-6.85236,5.0649,3.63436,-5.0286,-0.299191,-6.3521,-19.0834,-5.51831,-77.592,-975.024,-193.248,-29400,6580,-7140
-18.6956,-35.3707,-7.9773,-19.6445,-6.58384,-5.64028,-1.89176,-3.34446,-42.2231,-10.2765,-6.28554,-17.0092,-3.65459,-6.32424,-11.6799,-4.09766,-76.128,-971.12,-197.152,-30240,7140,-7560
-0.261334,-3.53367,1.25077,15.5953,7.55919,3.32559,4.97006,-0.64431,-11.8151,0.283106,0.976556,1.77932,1.70671,2.19342,22.4487,-2.37384,-69.296,-973.072,-203.984,-31220,7140,-7700
1.09438,0.356221,2.15512,7.82739,0.646168,0.00700833,-6.52734,-1.00581,-15.2311,2.14121,3.07001,1.68255,2.11419,2.04983,2.63949,-4.46927,-67.832,-972.096,-200.08,-32060,7560,-7980
13.6327,24.3958,4.53542,23.3579,9.11053,0.839457,6.44298,8.36188,18.6286,5.06187,0.93361,11.7736,0.787227,4.38856,17.3064,8.01126,-65.392,-967.216,-196.664,-31080,7140,-7980
22.6298,31.4805,7.8582,26.3284,15.3237,6.029,17.7044,9.6686,43.377,8.98899,2.42701,18.2818,4.01543,9.60781,26.4526,18.5786,-64.416,-965.752,-198.616,-30940,6160,-7700
4.91421,2.61336,-1.52027,-5.12345,-3.56215,-2.08711,0.782867,-7.33266,14.0711,-2.74939,-5.09629,0.107517,-2.54391,-1.65327,-2.09715,3.63022,-64.416,-967.216,-203.008,-32060,5880,-7700
-4.09864,-8.24245,-3.78928,-10.938,-7.13644,-1.9444,-5.50186,-2.26225,-6.93749,-6.34245,-5.97721,-6.14217,-3.29794,-2.62356,-9.83508,-2.04511,-62.464,-967.704,-203.496,-32760,6160,-7980
-11.8734,-25.4273,-7.59576,-27.4317,-14.0824,-3.35168,-14.1281,1.04131,-19.2411,-11.4744,-9.17574,-14.2896,-5.56113,-5.22207,-26.6784,-3.68235,-59.536,-967.704,-202.52,-33460,7140,-7840
-3.33192,-18.3816,-7.26181,-28.3652,-19.6161,-5.43268,-17.8425,-2.40986,-1.60001,-3.48587,0.912119,-12.2143,-3.53997,-9.05284,-24.0677,-7.21534,-57.584,-969.656,-209.84,-33180,8540,-7560
-11.0535,-12.5393,-8.55893,-12.1659,-10.7918,-3.69911,-7.53866,-1.90569,-13.7057,-6.98831,0.0630741,-11.9319,-3.73821,-9.02778,-5.83388,-4.23068,-59.048,-982.344,-218.624,-33040,10640,-7560
-9.05989,-8.29803,-4.27324,-3.55703,-3.05293,-2.19347,-2.30767,-3.84947,-10.9529,-5.45045,-1.18812,-6.99741,-1.98507,-4.99109,0.1801,-3.17863,-60.024,-950.136,-229.36,-30800,13720,-7560
-5.03751,2.59545,1.67647,-3.99338,-2.02044,-4.28231,-14.49,-13.8725,-6.12941,-2.99779,-1.34835,2.85194,0.0891781,-2.09918,-17.9072,-14.0282,-59.048,-957.944,-162.992,-33320,15400,-7700
5.38864,13.4861,9.85256,6.07368,9.62467,3.71454,-1.6294,-3.36201,-0.307052,5.94845,4.76436,14.8785,7.02799,7.13304,-6.63999,-2.52503,-58.072,-973.56,-195.688,-37660,16240,-6720
3.11475,3.23786,6.77933,10.0492,11.0949,4.07657,9.97981,2.94309,-3.99061,4.69564,0.97862,7.68807,4.60987,8.02205,10.9284,5.58256,-64.416,-976.976,-223.504,-34580,17080,-5740
13.3632,14.9412,0.512226,13.3145,4.58229,4.27757,13.0403,10.0654,27.375,9.42882,6.18214,3.55753,3.66761,1.28845,19.0688,8.1539,-68.808,-971.608,-205.448,-34160,17640,-5460
12.4177,7.6188,-0.1727,-1.00209,-3.57006,1.52682,4.94366,3.31125,26.5534,8.20497,4.36538,1.16398,0.583447,-0.756526,5.26901,3.01451,-60.024,-964.776,-204.96,-35980,19600,-6020
3.83359,11.2085,8.64837,15.4983,16.3284,10.4937,23.2737,6.8508,9.18558,6.23174,4.65718,9.67629,5.43131,14.8763,24.834,14.7916,-62.464,-959.408,-209.84,-37240,20580,-5880
-7.06686,-0.819136,0.375147,7.74958,9.26778,5.04428,13.7026,0.462183,-7.10968,-3.17733,-0.0576047,-1.11204,0.328285,7.77943,15.8522,6.53398,-65.392,-960.872,-205.936,-37520,24780,-5600
-6.68765,-7.27471,-0.361034,-4.20586,0.933744,1.77765,-6.68398,-5.08679,-19.212,-3.37409,0.218113,-1.14191,0.516527,2.43128,-9.03457,-6.22636,-71.736,-961.36,-207.888,-37240,26180,-5460
1.55292,-0.918284,3.89312,-3.83557,4.08702,4.35863,-4.7782,0.0720541,-6.47767,-0.00246567,-1.57264,5.46142,2.19133,6.17232,-13.8015,-0.915797,-71.736,-959.408,-213.256,-37380,26180,-5600
3.17798,6.15763,5.54981,4.28535,5.36588,4.8353,2.35685,4.63557,0.582417,0.184855,-4.59015,6.7626,1.20565,7.70274,-2.83991,5.48562,-73.2,-961.36,-214.72,-38780,27720,-5880
3.45691,11.3329,3.5431,5.97934,0.0418307,0.792674,-1.43427,2.00624,3.68114,2.3455,-1.73126,4.26906,-0.0171235,3.69049,-2.11892,1.40931,-73.2,-959.408,-210.816,-39760,28980,-6020
-4.71903,-7.9971,-5.44353,-5.24545,-6.06615,-2.60249,0.533859,3.05016,0.29883,-4.10923,-1.72595,-9.64962,-3.55292,-4.93712,3.2857,0.355401,-74.176,-961.36,-213.744,-40600,29540,-6020
-8.28627,-9.18296,-10.296,3.79771,-3.27229,-8.6107,4.77002,-4.20054,-1.00561,-6.8696,-3.67952,-10.7744,-7.64116,-14.963,20.4809,-7.89216,-69.784,-963.312,-215.208,-41440,29540,-6160
6.3405,19.8204,-9.04382,29.8252,4.90909,-19.4001,-4.2056,-15.2615,19.5462,1.66935,-1.43668,7.28445,-11.2413,-29.8439,26.201,-25.33,-70.76,-965.264,-223.504,-42140,29820,-6580
15.5798,23.9227,-2.15282,22.2363,-6.29882,-20.1225,-17.3994,-10.7919,20.2163,10.759,4.31761,11.0342,-5.27155,-18.8764,0.528555,-19.0939,-70.272,-967.216,-225.456,-42000,29120,-7000
-1.67805,-15.4943,0.0345877,-28.2707,-22.1345,-8.52997,-14.7184,3.2352,-14.2504,5.54209,7.51285,-10.0791,3.0656,-1.33911,-38.9664,2.39009,-68.32,-966.728,-223.992,-41440,28000,-7280
-16.9863,-43.6178,-1.7742,-46.8871,-14.2342,12.3727,4.85356,20.7496,-34.6451,-4.17371,4.91921,-22.0635,6.17785,6.66443,-29.2138,17.5978,-67.832,-970.632,-230.824,-40740,25060,-7560
-14.3958,-25.1134,-0.713568,-11.4,2.73232,15.0013,14.254,14.3572,-21.3444,-7.56981,-3.85722,-13.6447,2.14238,10.4181,10.9035,16.3447,-60.512,-973.56,-236.68,-40880,23240,-7840
1.18541,8.99377,4.13034,9.25764,9.03029,9.12672,5.09912,2.07995,11.966,-2.5106,-4.3291,2.64868,1.43773,9.11371,8.0216,4.73646,-55.144,-971.608,-233.264,-41440,22820,-8540
-2.17316,0.562441,4.60558,-5.22165,2.68292,3.80946,-7.80288,-4.37569,-6.09196,-4.93746,-7.25818,3.27015,0.916293,6.31319,-17.4263,-1.9536,-56.608,-964.776,-226.92,-42700,21980,-9240
9.76817,29.7875,9.55598,24.1364,14.9859,3.48678,-0.551479,-4.40379,18.5851,1.41089,-2.27787,19.2036,3.24915,10.3132,11.6231,-2.53693,-48.312,-968.192,-217.648,-43540,21000,-9660
8.25011,15.8978,-1.69517,10.2297,-1.97516,-4.47556,-8.25889,-6.95039,22.8532,-0.487938,-0.0438973,3.90341,-2.58023,-1.93955,3.99429,-8.14285,-48.8,-973.56,-219.112,-43400,18900,-9660
-5.66939,-11.22,-9.28734,-12.9651,-15.2466,-4.52497,-9.8307,-1.00694,-2.47857,-4.69515,2.40188,-13.2645,-4.07394,-8.84407,-9.98714,-3.68089,-45.384,-974.536,-226.92,-42560,18480,-9940
-6.95459,-21.9914,-3.78917,-17.6867,-8.19795,-0.82951,-0.688123,0.577942,-18.2574,-2.92974,2.3838,-10.7077,-1.06079,-3.89188,-8.70388,2.24968,-41.968,-977.464,-229.848,-42560,17080,-10500
8.66257,1.93572,6.05391,2.53496,8.22552,1.90589,13.0738,2.26793,7.68046,4.30088,0.398247,7.98689,2.88413,5.22076,11.8104,8.27864,-40.504,-975.512,-231.8,-42840,15540,-10640
17.0124,21.9133,7.48223,15.9631,10.5159,-0.64246,5.84365,-6.26169,23.1772,9.63,3.2903,16.7468,3.4937,3.92455,13.8724,-1.45458,-37.088,-979.904,-238.632,-41720,13860,-10640
13.3026,7.1378,7.70129,6.59919,8.91362,4.53199,2.87867,-4.27033,7.08867,13.7517,11.001,12.218,7.00764,5.03237,3.00304,-1.44837,-34.648,-976.976,-243.024,-40460,12180,-10360
1.551,1.26325,5.73908,4.94589,6.34623,3.48062,-2.43941,-5.29507,-9.1339,6.98355,4.6708,7.04786,4.50761,4.70337,-0.632908,-2.91652,-29.28,-974.536,-247.904,-40460,11900,-10220
-11.7725,-9.7149,2.42427,-0.53815,5.23932,5.83193,4.14649,4.18941,-30.4425,1.20998,4.19715,-1.24792,4.75121,4.79205,1.16219,5.67932,-26.84,-977.464,-245.952,-41720,12600,-9940
-18.2602,-11.9807,-7.8887,-11.3271,-5.70211,-1.51572,-0.178385,0.906311,-20.2368,-11.1248,-7.46369,-11.3808,-3.70337,-2.03371,-6.57513,2.87656,-26.84,-972.584,-240.584,-41580,13300,-8820
-14.818,-12.1279,-4.48604,-16.2363,-4.85889,1.83001,-2.01952,2.6489,-14.6927,-8.74753,-5.38804,-9.07402,0.54332,0.424811,-14.3266,3.0659,-29.28,-975.512,-244,-40320,12600,-8260
-5.6839,3.52904,-4.54861,-2.13925,-1.69752,-1.45338,-2.5426,0.0417653,9.17978,-6.91063,-7.17841,-3.282,-3.15672,-2.55247,-6.26748,-0.818638,-27.816,-976,-240.584,-39620,11620,-7280
-10.4503,-0.730165,-8.92652,4.43217,-3.43208,-3.75751,-0.167295,3.23587,0.478796,-9.67828,-8.23876,-8.19073,-6.00048,-5.73199,7.47735,-0.156044,-32.696,-978.44,-242.536,-38220,10640,-6720
-5.24779,-8.05102,-11.3759,-5.00946,-10.1836,-6.75086,-1.30631,3.17473,3.66284,-4.97358,-1.61348,-10.7883,-4.77052,-9.77272,2.64023,-0.116117,-32.208,-979.416,-259.616,-36540,9660,-5600
8.68623,7.76368,-4.31727,5.32596,-1.69551,-10.8932,2.58336,-3.03779,17.0569,3.30735,2.00399,2.04668,-2.23835,-6.7089,5.62611,-0.963115,-27.328,-965.752,-260.104,-35700,7840,-4480
1.56053,-1.37527,-7.00066,-1.02077,-6.92664,-4.01498,-0.484141,4.14209,2.18779,-1.17009,-0.274951,-3.9137,-3.8699,-7.84699,3.21988,-2.27852,-40.016,-981.368,-252.784,-35840,7000,-4480
4.02572,-2.00659,-3.33337,-5.09603,-10.7718,-0.683607,-11.7663,0.0973325,-0.490598,0.0325288,0.274673,-1.84148,-2.84671,-6.25049,-8.44199,-5.16013,-36.6,-990.64,-266.448,-33320,10500,-4480
15.4626,10.5996,8.52824,5.78975,2.78479,2.25141,-2.0987,-5.18023,9.39268,10.2619,6.07752,10.42,3.3565,4.32333,0.639074,-2.43118,-40.016,-985.76,-284.992,-30800,10500,-4340
17.3511,17.8993,17.7528,19.9222,20.4382,7.43396,15.1898,-2.95665,10.5042,12.5566,5.36016,19.8,8.14197,15.3762,18.0093,7.25785,-39.528,-990.64,-289.872,-28280,9940,-3920
-0.984263,1.21777,7.49399,7.82174,12.263,3.16035,9.54519,-1.62489,-9.54676,-4.0443,-6.55464,5.78619,-0.273318,9.6969,7.46103,5.49136,-42.944,-993.568,-287.432,-25760,10360,-3920
-3.66693,-9.39851,-1.60185,-12.1683,-5.55789,0.292723,-5.45833,2.64149,-6.15726,-6.77482,-5.30431,-5.86826,-3.58637,-1.71175,-14.2443,-2.39575,-46.36,-989.176,-296.216,-21840,10080,-3360
14.2309,12.0169,4.77715,2.33956,-0.792923,-0.452595,-5.42327,0.308523,17.9114,5.61043,1.83385,7.54124,-0.226195,-0.489568,-5.97716,-5.88204,-47.336,-992.592,-296.216,-18480,9800,-2940
1.70593,2.28694,-1.69985,1.62195,-1.31282,-3.22437,-1.28266,-0.86182,0.84504,-2.93431,-2.73284,-1.32221,-4.84931,-4.04476,0.809922,-4.66492,-53.68,-1002.84,-302.072,-15400,9520,-2520
-8.45919,-9.04473,-2.09032,-2.2387,0.22346,0.487662,1.55948,3.23652,-16.508,-4.47795,-0.487443,-5.28806,-0.611783,-1.8001,0.995722,1.58447,-54.656,-1001.38,-311.344,-10640,8120,-1680
-12.3251,-17.9566,-10.1444,-12.7111,-10.9988,-5.74665,-7.31591,-3.23354,-15.5361,-8.24263,-2.52928,-14.7709,-5.08695,-10.3405,-10.2337,-5.6033,-58.072,-1002.84,-312.808,-6720,5740,-840
-8.8494,-14.4809,-4.13756,-12.5278,-8.31256,-0.506294,-7.7269,-1.13864,-9.72337,-3.21706,2.61386,-9.54114,1.16929,-4.46165,-11.704,-5.16248,-61.976,-1002.35,-315.248,-840,4060,-280
-4.41564,-6.36858,-2.73595,-6.06825,-5.37767,0.202717,-4.03361,-0.490751,3.36143,-2.48208,1.23408,-5.67625,0.83215,-2.22604,-4.62518,-2.32051,-62.464,-993.568,-308.904,4340,1960,280
1.53093,1.43939,3.16713,3.79092,3.7217,3.88107,8.2701,4.18533,9.38498,5.02095,4.06801,1.70396,3.77788,3.26162,8.54583,5.96408,-64.416,-1015.04,-306.464,8400,700,980
12.5333,15.863,8.75769,17.8237,13.083,6.76089,17.5417,5.72982,24.8908,12.0873,5.63201,12.6206,5.62041,7.70113,22.0806,11.2753,-66.856,-1003.33,-311.344,14840,-1260,1820
12.5023,13.9385,11.3771,16.5902,15.1144,8.96498,16.5138,5.56474,20.7147,12.496,6.45133,13.6663,8.19412,13.9526,16.7302,12.9517,-68.32,-1010.65,-304.024,19460,-4060,2520
12.1207,16.6579,15.0296,15.582,15.1531,7.12251,3.73443,-2.77486,17.2708,13.4435,5.28392,18.5961,8.98468,14.8797,5.41167,1.77087,-71.248,-1008.7,-308.416,25480,-7980,3500
-2.41608,2.24009,2.49339,1.04381,0.419968,1.71316,-6.55423,-0.939831,5.01153,2.58809,1.22064,2.38325,1.33291,1.09568,-2.97027,-4.12292,-73.2,-997.96,-309.88,33600,-10640,4200
-6.03406,0.199299,-3.40231,2.07037,-3.14855,-3.62304,-6.83876,-7.0016,1.81087,-2.22265,-3.31242,-3.44021,-3.81745,-2.89766,2.40692,-8.08438,-75.152,-999.912,-307.44,36960,-12320,4620
5.85426,14.0378,5.2852,16.1393,9.2389,3.30945,0.456198,-2.25312,9.97133,8.0936,4.44186,9.84119,3.80618,6.62815,9.99398,-0.990851,-70.76,-1000.89,-305,42840,-14140,5180
-10.2614,-5.80239,-7.03183,-7.1767,-8.33226,-2.88239,-11.5121,-1.59953,-11.8292,-5.53799,-3.00504,-8.30842,-4.07465,-2.58211,-13.6525,-2.15504,-69.296,-996.496,-306.952,47040,-15820,5460
-15.4503,-14.9072,-9.53522,-17.009,-8.173,-0.849118,-3.4904,5.72337,-24.6225,-9.74487,-2.76756,-13.1358,-4.70423,-2.98481,-13.9128,4.68596,-65.88,-1003.33,-303.536,51520,-16800,5880
-12.7594,-18.7908,-12.3983,-23.4631,-11.817,-7.28443,-4.17128,-0.675922,-24.9224,-11.2408,-6.24008,-15.7996,-8.19068,-10.6044,-14.4275,-2.23136,-82.472,-1000.4,-284.016,56280,-18900,6160
-4.86303,-5.21185,-8.70109,-9.24511,-8.18014,-9.79818,-3.72629,-5.98295,-16.5635,-5.85614,-2.9942,-6.93563,-5.57106,-11.6935,-2.52708,-7.1397,-59.536,-1004.79,-305.976,63560,-19740,7280
-7.48059,-5.25942,-8.43313,-8.7909,-10.6484,-8.70495,-9.11788,-3.1819,-22.1359,-6.43677,-1.42207,-7.6049,-2.08443,-8.36882,-5.69999,-8.00132,-58.56,-1014.06,-307.928,61740,-19740,6300
-12.3975,-10.2631,-9.28707,-14.3739,-12.5063,-6.24962,-11.5413,1.84743,-30.6165,-12.0969,-4.56041,-12.522,-2.07721,-8.6398,-12.9244,-3.7763,-66.368,-1008.7,-293.288,67480,-20300,6160
1.1723,-2.71404,0.0333224,-9.1283,-6.06544,-2.21503,-8.05445,1.21448,-16.0962,-3.23188,-0.380785,-1.77552,1.23797,-1.75754,-12.2221,-1.5202,-52.216,-1012.11,-319.64,76580,-19880,6860
13.3721,11.1851,7.85307,7.77502,8.15548,2.90049,7.01071,2.89974,4.56261,3.66257,-0.270389,11.7711,4.35639,7.27671,2.71017,6.38404,-63.928,-1025.78,-303.048,76720,-20440,6300
13.7809,9.27986,6.76532,7.35987,8.95724,5.69954,11.0328,3.98317,11.903,5.58309,-0.0757535,10.8294,3.12923,6.25803,6.48819,8.68224,-68.32,-1024.8,-313.296,84980,-22540,6860
20.4455,18.074,11.5422,19.2265,17.4854,7.29232,19.5887,0.60971,27.7158,11.4545,3.34794,17.0721,4.55974,8.82859,20.573,9.67625,-67.832,-1014.06,-350.872,93660,-23100,8400
10.9124,16.1258,11.0442,20.7667,17.0923,6.74279,15.8968,-0.739781,26.3468,6.59746,0.525609,13.8878,3.36717,10.9895,20.6285,5.23186,-70.272,-987.224,-278.648,101780,-23660,9380
-3.79919,0.144008,2.39376,4.73006,2.71581,4.09442,-0.323394,2.3312,9.92458,0.652376,-0.134032,0.267979,0.226275,4.11284,2.15384,-0.679147,-81.008,-1026.75,-236.192,102480,-24780,10220
-14.917,-10.575,-6.40889,-5.34591,-7.7488,0.132736,-3.69472,0.286999,-2.47008,-6.87333,-3.94322,-12.091,-4.85171,-4.9666,-2.93163,-1.13197,-74.176,-1004.79,-234.728,114240,-26600,11060
-9.19201,-13.7346,-7.58448,-11.1451,-10.5054,-3.06396,-2.9575,-3.51629,-2.86059,-5.71195,-4.29187,-12.0369,-6.35426,-8.22164,-6.47779,-2.36567,-75.152,-989.176,-272.792,114380,-26740,10780
1.61125,0.632339,2.5179,6.58206,6.35648,5.58392,9.5413,4.71743,4.98992,1.90797,2.57657,2.8753,3.33838,2.97512,10.5998,7.11274,-69.296,-987.712,-256.2,116480,-28140,10360
-2.71347,-2.7025,-4.76294,1.7121,-1.16352,-3.82533,0.234063,-6.05822,4.0881,-6.02157,-3.04554,-3.78731,-2.57126,-5.82258,3.72137,-2.62464,-65.392,-994.544,-242.536,116620,-28000,9800
2.28051,2.14655,-2.04619,4.65313,1.61094,-2.31547,1.24767,-1.00971,7.07134,-0.817261,2.7954,-0.00629581,-0.344198,-5.64175,5.44685,-1.61953,-64.416,-994.544,-224.968,118300,-26740,8960
6.39149,0.768657,-0.304584,-5.98678,-9.46046,-2.3469,-16.455,-1.3728,10.9013,3.32156,6.79928,0.0250526,0.650965,-6.24441,-12.1224,-10.3739,-67.832,-1005.77,-196.176,117880,-25340,8540
8.427,-0.0818314,3.60256,-9.07921,-9.87911,3.60685,-14.7858,4.22721,8.68193,7.584,10.5442,3.19494,5.01399,0.372797,-13.0769,-5.27991,-72.224,-992.592,-202.032,124180,-23800,8260
14.1954,2.62138,5.31852,-2.60414,-1.20181,3.23716,-0.975957,2.69131,11.9753,13.4617,10.0155,6.8373,3.53734,2.82659,1.35504,-0.104306,-73.688,-991.128,-189.832,126140,-19460,7700
-2.12255,-11.9224,-3.945,-13.7341,-3.19701,-3.29519,-0.697875,-1.33024,-6.02104,1.06582,-2.40744,-3.69377,-4.31028,-6.54776,-7.97716,-4.10323,-68.808,-978.44,-182.024,125720,-16100,7140
-18.9346,-17.1355,-9.9639,-11.6539,-4.33482,-4.98626,1.60072,3.22633,-17.6679,-16.3494,-14.2526,-12.9881,-9.38122,-6.19649,-3.76813,-1.03396,-73.2,-974.048,-186.416,126140,-13300,6580
-8.17102,-2.39738,-1.50127,1.82407,1.64399,-0.157567,3.63501,2.84462,-5.03742,-9.55292,-8.01039,-3.84155,-1.21989,4.38067,1.27729,2.12751,-75.152,-965.752,-187.392,125160,-9520,5600
-14.6201,-6.10475,-4.59137,-0.529266,-1.36883,-5.00152,-0.469663,-4.73459,-14.8944,-12.2118,-8.99126,-9.39738,-3.16958,0.676095,-4.26119,-3.18345,-64.904,-955.992,-183.976,122500,-5460,5040
0.228663,8.04774,3.54418,14.6104,11.4766,-4.70894,8.50227,-3.6421,-3.63436,1.45522,2.3371,3.68794,-0.603445,6.791,12.0947,1.6362,-63.928,-943.792,-180.072,119280,-700,4340
6.83494,13.0475,8.35365,16.402,12.412,-0.36847,5.30988,-3.35558,1.655,5.72636,-0.0460371,10.3336,2.15316,12.6501,9.63689,5.00834,-69.784,-947.208,-149.328,117040,980,4480
4.49849,10.7398,8.51234,11.4811,7.17301,11.9955,4.6357,8.41314,-3.8666,7.39278,2.26138,7.7546,8.69903,15.693,6.82202,10.2187,-69.296,-961.848,-148.352,114240,560,4480
-2.59633,-1.38606,-2.31536,-7.02246,-9.46309,0.444753,-16.5205,-5.74668,-8.32076,1.78994,1.36975,-4.04792,2.50883,-1.7354,-12.8018,-9.90771,-70.272,-974.536,-132.736,110600,-140,4060
4.48627,2.09529,-1.46424,-0.751816,-3.02664,-12.8763,-11.1974,-11.2873,2.14381,6.48749,3.06287,2.25634,-3.2106,-9.75039,-5.12324,-9.77514,-59.536,-961.36,-155.184,107800,-420,3780
22.215,13.9529,11.676,11.2202,7.82875,-5.65296,1.77277,-7.5695,18.94,22.9265,16.0657,17.8225,6.47282,-2.63786,4.12699,-0.202154,-62.464,-955.992,-159.576,102200,-2100,3360
16.6485,8.25001,11.0287,4.18906,2.41382,3.64934,3.66176,-4.9585,13.0581,18.3801,14.6312,13.97,11.501,2.16252,0.397365,2.73914,-57.096,-968.68,-143.472,97860,-4900,3640
3.53539,2.08246,5.80271,3.3671,6.61714,8.91729,14.6929,7.01198,2.85039,5.12542,1.51558,5.8013,6.76998,9.33944,11.5586,10.4059,-47.824,-993.568,-136.64,93520,-7140,3920
0.738267,-0.109135,2.77573,-2.28418,7.7814,9.05742,8.48825,9.2145,0.0607061,-1.16662,-6.70991,3.6077,2.1033,6.60741,2.22891,8.29914,-49.776,-994.056,-143.96,91560,-8120,4760
-18.4714,-16.5431,-12.3579,-12.6243,-4.98112,2.49985,1.40852,5.5425,-17.1549,-17.1182,-14.4754,-12.1978,-8.21932,-6.68834,-5.39302,3.13231,-39.528,-976,-146.888,90160,-10920,5460
-22.2049,-16.8163,-17.6619,-10.3471,-9.95571,-0.774263,-2.41685,5.26919,-16.2725,-20.5806,-9.24305,-17.6901,-9.35586,-14.47,-4.3712,-1.40321,-43.432,-964.288,-148.352,86800,-14840,7140
-11.7571,-5.8463,-8.92568,-4.97097,-4.38284,1.47168,-0.7557,4.73124,-5.30639,-12.5671,-5.93009,-8.47848,-3.42913,-7.01247,-4.18686,1.48063,-36.112,-956.968,-145.912,83440,-17360,8260
-0.0212453,3.87633,2.90111,3.03918,2.73606,6.39376,2.43106,3.69076,5.32452,-2.7148,1.94663,0.900437,4.32194,3.19831,-1.35545,3.60508,-29.28,-949.16,-145.912,76860,-19040,9660
-5.94887,-4.94164,-2.53498,-4.60556,-5.21416,1.4737,-4.52399,2.9827,-2.39424,-6.26824,2.1999,-7.6074,-1.22975,0.631007,-7.72497,-0.757206,-29.768,-947.208,-142.984,70700,-17640,10640
-5.13165,-5.78177,-8.63474,-5.02936,-9.70473,-7.05789,-6.77595,-2.46837,-3.33491,-5.90406,-0.762381,-11.4259,-8.90293,-3.97884,-4.41197,-6.10717,-25.864,-938.424,-127.368,65520,-14840,11340
9.5664,4.79327,-3.03753,-1.71629,-4.7916,-6.16979,-3.72739,-1.88842,7.69247,4.66274,4.38148,-0.975532,-5.35346,-5.01611,-0.0337299,-3.95342,-29.768,-942.328,-120.048,61180,-11900,11900
12.2303,8.71031,0.831453,-0.990935,-2.13303,-4.27158,-1.12728,-4.45639,11.7514,5.47065,2.08828,4.15079,-2.60285,-3.09909,-0.126261,-1.14859,-37.576,-944.768,-135.664,59080,-11200,11900
12.1536,15.3639,10.2896,5.98469,4.4211,4.27816,0.46394,-0.213006,10.053,9.50329,6.87718,11.707,6.25404,5.10242,1.31467,-0.637605,-35.136,-949.648,-142.984,54040,-11200,11620
1.6286,4.00241,4.22589,-1.80854,-2.98725,-0.240343,-7.46554,-2.30623,-0.953115,2.29778,0.0995818,2.67553,1.49481,0.882039,-4.51874,-5.98097,-30.744,-956.968,-141.52,47040,-9660,10780
-0.591006,-1.404,3.46964,0.368399,1.16235,-0.311349,0.716062,0.716751,-2.93731,1.92829,-0.285336,1.11768,0.790591,3.52845,3.93491,0.419593,-28.792,-963.312,-147.376,41580,-6860,9940
-10.4674,-10.3092,-0.816682,-1.09698,2.37806,0.899327,6.65424,3.18841,-14.7286,-5.93823,-3.96854,-5.37059,-1.448,3.24878,7.85837,5.20945,-30.744,-970.632,-136.64,35280,-2240,9100
9.67684,11.5538,6.32917,15.2794,12.7154,3.69029,12.4709,1.60256,7.80062,6.39154,1.27319,10.4372,2.75838,7.75248,17.6011,8.87844,-38.064,-971.12,-141.52,33880,-560,8960
11.6655,13.3457,6.97796,15.7204,11.4273,-0.15165,6.29182,-5.78772,12.3765,7.31334,-1.20402,11.2702,1.56152,4.90468,13.7035,2.6194,-38.064,-980.392,-150.792,32900,-420,8540
3.23796,11.2931,5.60775,14.2706,9.54399,0.0271839,1.98451,-5.21862,7.07538,3.17871,-1.17621,9.13894,2.97173,3.64747,8.95485,-0.744455,-44.408,-984.296,-155.672,29120,-840,7840
-8.72133,-4.07312,-4.35233,-1.8597,-4.2802,-5.67099,-6.45433,-5.63224,-1.82116,-7.16833,-6.19549,-4.98046,-3.13815,-4.13765,-3.43993,-6.12296,-49.288,-983.32,-164.456,26880,-840,7560
-9.76706,-13.065,-5.79651,-14.1335,-9.89668,-3.65805,-10.7313,-1.11962,-6.89652,-6.77473,-2.61135,-9.91406,-1.04524,-4.18068,-13.9067,-6.79064,-51.24,-987.224,-162.016,25480,-1680,7420
-13.0637,-17.9688,-9.55815,-22.2505,-15.278,-6.90928,-15.5731,-4.637,-11.6541,-11.5976,-7.79016,-14.5508,-5.86053,-7.18105,-21.4036,-9.57968,-59.536,-985.272,-164.456,24920,-2800,7280
-12.3714,-12.0796,-7.59028,-9.41928,-5.34464,-2.02564,-1.52881,2.8559,-13.9574,-7.94328,-1.11926,-10.6484,-2.32179,-4.76255,-1.66459,-0.272916,-61.976,-983.32,-168.848,25900,-4200,6720
-8.51832,-9.95536,-9.44775,-7.25196,-6.73532,-6.37253,-2.78091,-3.4894,-11.5046,-6.91784,-3.63177,-8.74592,-4.84943,-8.58069,-3.07752,-3.47792,-64.416,-980.392,-165.92,25620,-5600,6160
2.64656,-4.72267,-0.139602,-5.85418,-4.00474,-1.83282,-3.79588,-2.74739,-4.24935,3.3463,2.622,-0.305097,2.26018,-2.41182,-7.7847,-2.34013,-64.416,-984.784,-172.264,25200,-6580,5600
7.20904,1.92241,5.42468,1.17204,2.93366,4.86528,2.58281,3.09817,2.95674,9.47244,7.33546,6.02589,8.78703,3.64202,-0.0808892,1.22509,-64.904,-986.248,-173.24,23380,-7700,4480
-1.04786,-3.74518,-2.57504,-0.796197,-2.25931,1.57858,-0.562383,1.11004,-0.301649,-0.104256,0.0852763,-2.22018,0.686694,-2.50858,-0.595935,-2.77095,-68.808,-989.664,-168.848,22120,-7280,3780
-2.70048,-2.65824,-3.66943,-2.52451,-4.84275,0.780939,-3.6913,2.13394,-3.45965e-05,-1.43675,0.838067,-3.3031,-1.47215,-3.67048,-4.7015,-4.28906,-67.344,-992.104,-163.48,21700,-6160,3080
4.91692,5.85031,4.05813,5.03597,3.96052,5.08657,6.40861,6.87841,8.34777,4.43119,3.84092,5.70194,1.64682,3.43205,2.94138,5.42487,-67.344,-990.64,-160.552,21700,-4480,2100
13.0607,12.0996,8.75637,10.4321,10.706,7.3608,14.7821,8.88132,15.1671,10.289,6.42602,11.7591,2.82641,9.39691,9.47773,11.4595,-70.76,-981.856,-160.064,22260,-3080,1680
13.8935,11.6072,10.8676,12.9379,16.1124,9.73169,20.3932,8.94988,10.8917,9.84182,4.73307,11.9345,5.00694,13.6885,13.6763,14.2649,-70.76,-979.416,-160.552,21700,-1960,560
12.5039,6.88295,8.34664,6.72078,8.38074,3.66156,7.11015,1.74943,6.96987,7.60607,2.2225,7.68287,2.48868,5.71118,5.37677,2.87195,-76.128,-973.072,-155.184,21280,-1680,0
8.45908,8.46645,3.98101,8.01138,6.24829,1.18636,2.97131,1.04661,7.72336,3.19971,1.00853,4.95184,0.589499,1.9271,5.67715,0.175894,-76.128,-971.12,-161.528,19880,-1260,-1120
4.38934,6.5128,1.56001,6.74846,3.33356,1.176,-1.30807,-2.60544,4.46116,0.519326,1.24631,2.49546,0.323941,0.202916,2.83861,-1.54853,-74.664,-970.144,-161.04,18620,-840,-2380
-5.17528,-6.44866,-6.13173,-5.71776,-8.18184,-5.09589,-8.75021,-5.52949,-4.58968,-5.30949,-2.11384,-7.54235,-4.84514,-9.18578,-6.28178,-6.38217,-77.104,-968.192,-162.992,16380,-1120,-2800
-7.70852,-6.53801,-5.06916,-3.93117,-5.18102,0.00728002,-3.82599,3.55064,-5.50773,-4.23646,1.90527,-7.48173,-1.51296,-5.92525,-2.79936,1.09352,-77.592,-968.192,-162.016,14420,-1540,-3920
-16.0589,-16.8559,-10.8917,-15.6018,-15.8585,-6.45432,-16.1491,-4.73125,-18.232,-10.7046,-3.11118,-15.6951,-5.22191,-12.4445,-16.7194,-7.97111,-76.128,-967.704,-161.528,13300,-2660,-4340
-7.7166,-6.48444,-1.12895,-6.31207,-4.41945,-0.488641,-4.34093,-0.34519,-13.5572,-1.70491,1.801,-3.68864,2.64389,-1.73448,-6.95864,0.491897,-75.64,-970.144,-166.896,11900,-4200,-5040
7.01721,7.98937,4.05653,5.0709,5.2942,-2.63797,4.40416,-3.91566,10.3761,4.7419,0.758358,8.29571,1.20893,2.92566,4.80927,3.21443,-69.296,-967.216,-165.92,10500,-5320,-6020
17.4918,21.4371,13.0862,18.1289,18.9573,3.39557,18.1811,1.10037,25.4961,11.6662,2.75658,20.2755,4.44917,14.3482,19.2716,14.0687,-67.832,-977.952,-168.36,8260,-5600,-6440
11.0477,14.0812,12.7183,11.4524,14.7941,6.31845,9.19466,-0.922752,13.3889,9.75807,1.96121,15.6611,6.93445,14.4573,8.36237,9.28036,-62.464,-984.296,-169.824,6860,-6440,-6860
-1.72879,2.89506,2.07205,1.89178,0.0699498,0.0042466,-8.98144,-7.61487,-1.03376,-0.446,-2.89138,3.78199,2.03777,3.41866,-3.69267,-7.42951,-56.608,-992.104,-170.312,6300,-6580,-6720
-15.6955,-9.45487,-10.4167,-8.87988,-11.6236,-5.08973,-14.573,-6.06941,-12.1396,-12.4996,-8.95608,-10.8375,-5.72801,-5.3635,-10.9948,-11.2704,-55.632,-996.496,-165.92,6580,-6720,-6580
-15.2888,-14.058,-11.5509,-11.8963,-11.4454,-3.79092,-9.16396,0.101808,-12.5228,-10.2054,-4.93095,-13.7954,-5.5292,-6.41952,-10.0006,-6.14695,-52.704,-997.96,-165.92,7140,-7000,-6300
-9.29359,-8.71736,-7.97282,-5.50023,-7.17699,-4.61108,-1.83162,-0.871802,-6.4042,-5.79963,-4.15486,-8.92312,-5.82087,-3.95193,-1.30273,-3.02395,-51.24,-996.984,-172.264,8120,-7280,-5880
-5.37118,-2.43604,-3.47128,0.0710915,-1.26674,-0.510844,3.21376,3.07525,-4.49622,-1.87255,-0.585499,-3.34902,-0.501468,-1.50304,4.43311,1.39428,-50.264,-996.984,-171.288,8820,-8260,-4900
-12.4181,-10.9938,-9.95043,-7.20037,-8.0807,-5.47693,-2.76151,-0.415048,-11.6386,-10.6921,-8.26452,-11.8333,-7.42532,-9.07467,-1.49444,-3.88974,-47.336,-992.592,-170.8,9800,-8680,-4060
-1.23882,-1.9581,-0.158367,1.15374,1.43544,2.20399,4.17106,5.98484,-4.94832,-1.25842,-0.380793,-0.464327,0.356737,-1.39374,2.99325,2.64439,-49.288,-991.616,-171.776,10780,-9660,-2800
3.67651,-0.194824,1.15467,-2.57356,-2.81682,-0.704233,-3.00095,0.791849,1.1952,2.07001,1.64957,1.1948,0.407106,-3.52513,-3.76312,-3.05416,-45.872,-989.176,-169.336,11340,-10500,-1400
-0.366936,-3.10124,-1.56731,-5.34145,-6.40808,-1.76617,-3.45354,0.378156,-1.34199,-0.742325,1.18827,-3.53762,-1.15422,-5.51778,-3.34698,-2.90066,-46.848,-984.296,-171.776,11900,-10640,-560
-0.73035,0.101284,2.14316,-0.397208,0.566031,3.43345,3.43895,5.39253,-5.54084,-0.553314,1.61163,-0.764669,1.84484,1.26447,1.71616,5.4592,-48.312,-984.296,-172.752,12180,-9940,560
7.55387,5.25398,8.21858,4.65607,7.74415,3.92363,6.88849,1.36663,-1.65097,7.64751,6.14434,6.94056,5.0305,6.39883,6.02136,7.37523,-48.312,-983.808,-170.312,12180,-9240,1540
13.9595,13.2335,10.9799,8.18572,9.76959,2.81049,6.42005,-0.918289,9.61589,11.8301,7.86587,12.2463,6.83403,8.43928,9.85761,4.09963,-50.264,-980.392,-166.896,12460,-7560,2380
4.89255,6.86225,0.938052,1.60944,2.81513,-1.47643,2.08599,1.38974,7.69607,0.977693,-0.488056,2.92872,-0.722072,2.02604,3.77314,1.09723,-54.168,-980.88,-167.872,12180,-5880,2800
-1.16345,-4.28023,-3.58139,-8.20256,-6.62191,-2.8968,-7.29912,-1.35694,-0.257253,-2.15505,-1.12623,-5.92101,-2.10564,-3.82959,-9.04091,-5.73939,-57.584,-981.368,-165.92,12320,-4200,3360
-0.84748,-6.0114,-3.75847,-7.64691,-7.41227,-2.61938,-8.35697,-2.72519,-1.93847,-2.9839,-0.966903,-6.09476,-2.63263,-4.93086,-11.7065,-5.84617,-61,-981.368,-165.432,12880,-2800,3640
-4.76716,-5.1659,-6.44552,-2.53752,-5.81658,-4.32257,-5.82131,-4.83671,-2.98316,-8.41628,-5.19292,-6.68541,-5.53757,-5.48543,-4.44003,-5.47288,-65.88,-980.88,-164.456,13440,-2800,3640
-1.18372,-1.40475,-2.17309,4.04397,1.87519,0.950278,4.11168,-0.689743,0.0402472,-3.19277,-1.33121,-1.64008,-0.790587,-0.25085,6.35407,0.339768,-67.832,-975.512,-165.432,13720,-2940,3920
11.4767,4.38014,4.74521,4.25013,6.64143,5.86802,6.88722,2.54203,11.2373,10.3146,6.08358,7.54435,4.68222,4.58569,4.81488,4.96507,-66.368,-977.952,-163.48,13300,-3080,3640
11.7676,7.65945,6.77211,2.92381,6.23011,3.87363,3.14569,-2.03371,15.5173,10.0239,3.68896,9.76992,4.65397,4.71774,-0.265543,0.625557,-67.832,-978.44,-166.896,12460,-2800,3360
7.75695,14.6468,9.18243,13.5387,14.4267,6.67161,10.3734,2.56522,12.0972,6.78934,2.30159,13.7115,6.01971,9.34749,9.006,5.45229,-65.88,-979.416,-168.36,11620,-2380,3080
-9.75092,0.728827,-3.24058,5.1847,1.73761,-0.447229,-0.541311,-1.91854,-3.25165,-8.4481,-6.05768,-3.06651,-3.0949,-0.928593,0.477642,-1.68446,-65.88,-977.952,-169.336,11200,-1960,3080
-4.0754,1.08845,-1.79577,2.81582,-0.472381,-0.532596,-2.01746,-1.41338,-0.678124,-1.06554,1.61455,-2.48064,-0.314764,-2.17788,-1.58478,-2.49513,-65.392,-982.344,-166.408,10920,-1120,2940
-5.14425,-7.47244,-5.28859,-6.37965,-6.45039,-4.59563,-6.01826,-3.17935,-6.91939,-3.37762,-1.02335,-8.09153,-3.00065,-7.42733,-6.14683,-4.69921,-64.416,-977.952,-162.992,10360,-700,2660
-1.01606,-7.56918,0.175386,-5.33303,-1.52829,0.498206,-1.63488,2.53137,-6.67111,0.736893,1.36817,-2.83427,1.09142,-1.38962,-3.53172,0.729558,-65.392,-984.296,-160.552,10220,-1260,2520
3.69324,-1.90964,3.2247,-3.02726,1.62888,3.36867,0.725359,4.12477,-0.219736,2.67312,0.865147,3.236,1.99726,3.76137,-2.3902,3.83028,-66.856,-981.856,-158.6,9940,-1820,2380
-0.831375,-3.76031,0.843551,-3.9065,-2.36366,2.0459,0.22128,2.11622,-2.96815,-1.9246,-1.70289,-0.538023,0.651179,3.2682,-0.737856,2.26247,-62.464,-984.784,-158.112,9520,-2380,2100
4.43268,4.61363,2.98803,4.64185,0.714707,-0.390337,2.32389,0.552478,3.53493,2.38697,1.34823,3.47693,0.996491,2.12338,7.89814,0.750188,-65.392,-986.248,-159.088,9100,-3080,1820
2.3182,8.63409,4.41231,12.6546,9.06625,5.22399,10.5962,8.48072,5.27463,1.08227,2.69866,6.94536,2.77722,6.29751,14.1622,8.49859,-66.368,-988.2,-161.04,8680,-3500,1680
3.30326,2.36932,1.7633,1.98751,0.655669,-0.702749,-0.118712,-0.77019,6.23375,2.97232,0.246779,2.92833,-0.73838,1.35554,0.946361,-0.964664,-64.416,-991.128,-158.112,8680,-4480,1820
4.73553,2.45969,2.69624,1.56396,0.3609,-0.539457,0.590157,1.16594,4.61975,7.00423,3.26337,3.63409,1.63426,0.726099,2.0321,0.639947,-65.88,-990.152,-156.648,8540,-5740,1680
-4.55297,-3.56399,-2.85261,-4.02577,-5.12774,-5.4636,-3.38088,-5.84895,-4.85014,-1.7344,-4.12998,-3.17743,-3.09495,-3.14107,-3.55762,-2.92422,-68.32,-987.712,-156.648,8820,-6580,1540
-0.361707,1.76498,0.684445,-1.1293,0.0471337,-0.805329,-3.29147,-5.04229,-2.40596,2.11104,1.70991,1.77707,1.64325,0.131601,-4.40002,-2.03908,-64.416,-987.224,-157.624,8820,-7700,1400
-8.16161,-4.51947,-6.3501,-5.71465,-6.72358,-3.86411,-8.95009,-5.93863,-7.2463,-6.52499,-4.08771,-6.60509,-3.01526,-4.83584,-9.77947,-6.23018,-68.808,-992.592,-157.624,9380,-8540,1400
-11.5075,-3.66696,-7.99796,-2.67443,-5.02321,-3.76253,-3.64121,-0.440988,-7.95908,-9.43583,-5.07699,-8.17372,-5.47929,-4.65929,-3.88581,-2.52131,-65.88,-989.664,-158.112,9660,-9380,1120
-13.0401,-9.1932,-5.77955,-6.73079,-3.86205,-0.537386,-1.50374,2.8836,-11.138,-9.07214,-3.74239,-9.12607,-3.51229,-2.09396,-5.4737,0.163478,-66.368,-990.152,-162.016,10220,-10080,1120
-6.42459,-12.5606,-6.86178,-13.6238,-10.4784,-6.26126,-9.70587,-6.38549,-5.86528,-5.08562,-3.202,-10.3431,-4.75423,-7.49078,-12.074,-8.9266,-67.344,-987.224,-157.136,10360,-10220,980
-6.40469,-13.9458,-8.4158,-13.4519,-12.0801,-5.03946,-7.64159,-2.37811,-9.52898,-4.04446,-0.0566104,-11.336,-3.50612,-8.80899,-6.93192,-5.7653,-65.392,-991.616,-157.136,10500,-10360,840
-6.89302,-8.66486,-6.90762,-3.72661,-4.66963,-0.317903,2.0115,4.74392,-11.0133,-6.44893,-1.22984,-8.00109,-1.76629,-4.03733,2.96177,3.2777,-62.952,-992.104,-160.552,11480,-10220,840
7.94672,7.59632,4.95413,10.0505,9.02937,5.38569,11.8222,8.34221,4.92851,4.51562,3.42962,7.69401,4.23289,6.05688,13.2512,10.7986,-58.56,-990.152,-157.136,12180,-10080,840
13.5174,10.7954,9.69828,10.6676,12.45,6.47236,12.2873,6.11497,8.52634,10.9354,6.12372,13.085,7.12146,9.2134,10.0165,11.2776,-58.56,-990.152,-155.184,12600,-10080,700
8.84608,9.98002,4.47032,7.2818,5.3786,-0.51541,2.11675,-2.17028,7.24538,5.35037,0.141719,9.091,0.341658,3.6108,2.79647,-0.124157,-57.096,-991.128,-154.696,13020,-9800,840
5.80757,9.5619,7.16373,7.82998,8.34827,1.79296,2.84657,-1.07049,3.45226,4.23061,0.225756,10.2465,1.98513,4.79954,3.72219,-0.327189,-56.608,-991.128,-152.256,13300,-9660,1120
1.42178,4.73563,4.64122,3.30495,5.40482,2.03515,0.677849,-0.837196,1.25708,0.27331,0.335315,4.22331,1.62072,2.36656,1.28505,-0.595893,-53.192,-989.664,-158.112,13720,-9380,1260
-7.53268,-4.63929,-6.37548,-7.02027,-8.07223,-3.93682,-6.99043,-2.25616,-2.03381,-9.32347,-3.67977,-9.02192,-5.60794,-7.64711,-5.36489,-4.81465,-51.728,-988.2,-153.232,13580,-8960,1400
-1.07623,0.456068,-0.344239,-1.71138,-2.92139,0.792963,-1.99992,2.70238,3.1733,-1.49803,2.40025,-2.15534,0.120863,-1.83903,-3.25196,1.55853,-51.728,-986.736,-154.696,13860,-8400,1820
2.16127,-3.08079,0.767491,-4.85912,-5.45543,-2.92824,-7.18392,-4.85928,3.39892,1.83018,-0.0653238,-2.1849,-1.49127,-3.99616,-7.22019,-4.7177,-50.264,-989.176,-155.672,14140,-7700,2100
5.44972,-0.953677,5.44721,1.29097,2.12938,1.73679,0.623252,-1.16492,2.63998,7.27062,3.87676,2.58399,3.66249,1.38234,0.536802,0.0332785,-49.776,-988.2,-151.28,14560,-6860,2380
9.32266,9.37413,8.5529,9.77372,8.73652,2.40462,5.66752,-1.9262,8.88545,7.45296,0.0027565,9.20196,3.85099,6.54901,5.77346,2.64632,-51.728,-988.2,-155.672,14980,-6580,2520
16.9833,19.3093,12.1418,13.3756,11.637,5.93076,6.58687,1.00746,20.4888,14.6071,5.41991,16.4688,6.74045,9.65061,7.01508,3.33722,-50.752,-986.248,-154.208,14980,-6440,2800
3.34775,3.60579,0.0622329,2.49523,0.642659,1.41037,2.32536,1.32741,5.14486,3.08101,1.78697,1.44201,0.504912,0.582332,3.45321,0.50758,-50.264,-986.248,-158.112,14840,-6020,2940
-12.6003,-10.5218,-7.97459,-2.49693,-0.880472,0.539681,5.68075,3.90233,-13.0025,-11.0426,-6.5386,-8.76874,-3.70784,-0.0036324,6.5412,4.90272,-52.216,-986.736,-154.208,14840,-5600,3220
-11.3654,-11.367,-7.65902,-7.0725,-4.41591,-0.727339,-3.09358,-0.0381825,-9.69824,-10.2613,-4.98054,-8.60473,-1.91236,-1.04443,-0.748283,-1.54783,-52.216,-984.296,-158.112,14420,-4620,2940
1.50359,-0.32556,-1.42903,-2.49234,-1.09499,1.11208,-4.3642,-0.380015,2.31903,2.39054,4.45966,0.36234,3.75753,-0.177551,-1.15312,-3.97462,-52.216,-985.76,-155.184,14280,-3780,3080
4.84975,3.46439,2.07097,1.9516,2.83926,0.903577,0.10932,-1.66751,6.10285,4.58797,3.50337,3.98918,3.2132,2.60205,1.52251,-1.60907,-54.656,-988.2,-154.208,13720,-2240,3080
3.16622,9.91503,5.36449,10.2239,10.944,7.7761,10.2461,7.42928,2.58201,3.48356,4.37099,8.17967,6.10558,8.41394,8.16446,8.59918,-55.144,-984.784,-152.744,14000,-1120,3080
-5.2389,1.79326,-2.87517,2.72721,0.769593,0.686404,-0.222687,0.831041,-2.48899,-4.54855,-3.08469,-2.25091,-1.99081,0.619313,0.613124,0.735836,-57.096,-987.224,-152.256,13720,-420,3080
2.88406,7.09016,1.2653,6.65909,3.27701,1.58501,2.34096,2.75396,6.19372,4.84854,5.20238,3.78276,1.92702,1.90163,5.8103,0.993777,-63.928,-985.272,-151.768,14280,-420,3080
-3.89967,-5.9611,-4.84171,-8.28042,-8.33417,-3.04071,-4.52325,-0.935033,-0.391934,-2.28192,-1.89348,-6.98672,-3.32464,-5.78682,-6.88106,-3.07129,-63.928,-986.248,-149.816,14420,-560,2940
-10.7341,-14.6555,-10.4369,-16.3641,-13.8091,-6.48557,-8.4908,-3.73367,-8.15726,-9.80757,-7.36,-13.8194,-7.73739,-10.7621,-13.5353,-6.46462,-65.88,-984.296,-147.864,14420,-1120,2800
-8.11638,-13.7271,-9.2682,-15.1697,-12.5731,-6.78763,-8.71844,-4.22492,-10.3318,-7.20415,-4.47136,-11.7825,-7.21134,-11.6151,-12.5387,-7.53474,-68.808,-985.76,-147.376,14840,-2100,2660
-4.34186,-13.5506,-4.72649,-13.6702,-10.0851,-5.84834,-7.78866,-5.33283,-11.8493,-5.9454,-7.30165,-8.36314,-6.78651,-8.01583,-12.946,-5.93873,-68.32,-987.712,-150.792,14560,-2520,2520
3.18527,-2.34299,0.981855,-4.37241,-3.64238,-4.25265,-7.31609,-5.60645,-4.05377,0.195824,-3.07445,0.869613,-2.63157,-2.22688,-9.80747,-6.57566,-68.32,-988.688,-149.816,14140,-3500,2380
0.405695,-4.0037,-1.73555,-5.71368,-7.6368,-6.74565,-10.1598,-6.23553,-2.3787,-0.591744,0.862215,-3.69648,-4.2041,-6.43124,-10.0486,-8.56077,-71.736,-989.176,-153.72,14280,-3780,2240
-4.88649,-5.06922,-1.1679,-3.20155,-4.15989,-2.33585,-1.52313,-0.273134,-6.97653,-4.1384,0.382567,-5.7836,-2.46346,-1.98938,-2.75776,-0.823586,-73.688,-987.224,-152.744,14840,-4760,1960
-5.01816,0.836267,1.43662,6.89232,3.37793,0.553924,7.8577,4.06197,-6.84685,-5.98801,-0.695679,-2.08611,0.662428,1.03439,10.5459,5.49827,-73.2,-986.248,-151.768,15120,-5040,1820
2.40482,10.9208,6.47239,16.8211,12.5745,1.87869,15.605,4.94377,2.02375,0.345127,0.558909,7.44158,2.32817,6.87189,19.2121,10.2691,-71.248,-984.784,-149.816,14840,-5460,1680
12.0915,13.6324,13.2355,13.5357,12.8166,5.87368,8.78709,3.72628,10.8075,11.7747,8.42733,14.4383,9.1364,10.8363,10.3702,6.32556,-70.272,-988.2,-148.84,14420,-5320,1400
10.6519,6.53933,8.53928,3.80562,3.85959,4.19089,0.171106,1.17438,9.82893,11.6334,8.22117,9.71225,7.74621,5.11041,1.17559,0.644602,-68.32,-986.736,-151.768,14420,-5180,1120
2.52476,0.639484,-0.126106,0.453559,0.671872,1.80634,1.18277,1.82148,3.73167,3.61286,0.976134,2.15019,0.595468,1.6853,0.491116,2.81779,-71.248,-989.664,-153.72,14280,-4480,980
-1.84349,3.24494,-0.590068,6.80381,8.12092,6.87806,10.875,10.412,-1.28362,0.623434,0.397808,4.23095,1.0865,5.86494,8.31708,11.3296,-69.296,-989.664,-153.232,14840,-4620,840
-11.0301,-7.90428,-8.08689,-5.83046,-5.21142,-1.45807,-4.38224,-2.33762,-10.1088,-9.04561,-9.14019,-6.91132,-6.28657,-4.27855,-6.54769,-2.05268,-69.296,-988.2,-153.232,14700,-3920,840
-3.40617,-3.68478,-4.10083,-6.20774,-5.17571,-0.516925,-7.78875,-3.92572,-2.23048,-2.54412,-3.33375,-1.50089,-1.51484,-3.2164,-7.01511,-5.02244,-70.272,-990.64,-151.28,14840,-3360,840
-2.40397,-1.07831,-4.17585,-1.35072,-2.32827,-2.4674,-2.2245,-5.32367,2.17017,-3.25231,-4.17071,-1.65675,-2.60369,-1.81064,0.810638,-2.56399,-67.344,-987.224,-151.28,14840,-3080,840
-0.743261,2.71715,3.65506,3.52221,4.31909,3.69627,2.86085,-1.03583,2.14164,2.23005,1.3113,3.60363,4.34493,5.20735,3.70742,2.45089,-69.296,-988.2,-153.232,15680,-2800,840
5.02051,6.93977,6.98669,5.57976,7.53559,3.48298,2.49753,-1.38595,6.26149,5.31024,2.80055,7.42395,5.76165,5.84597,1.24283,3.30051,-67.832,-990.64,-151.28,15820,-2800,980
11.3715,8.17398,6.38423,2.9258,4.19723,1.4563,-0.679113,-1.00381,12.1936,9.53468,7.42131,6.81226,3.94691,2.36465,-1.76297,0.953144,-66.368,-989.664,-153.72,15820,-2800,840
8.17232,5.6585,1.70644,2.69656,2.43011,0.150546,2.25268,2.36086,9.83955,5.63335,4.71207,3.09729,1.69136,0.395653,3.68758,2.43984,-66.856,-992.104,-151.768,15540,-2800,700
7.00922,10.3257,3.74508,12.345,8.09916,2.80557,7.57785,3.46501,8.85195,4.05996,3.8265,5.67223,4.2547,4.25559,13.7454,4.58577,-64.416,-993.568,-149.328,15540,-2520,980
1.88358,1.07325,-0.115576,1.14512,0.818588,1.52425,1.80611,1.61807,1.76397,-0.0910402,1.28901,-1.36052,1.03095,0.662959,4,0.858132,-64.416,-994.056,-149.816,15400,-1820,980
4.99829,6.13382,3.75747,6.8854,8.8435,6.04186,10.4285,7.50706,4.50465,2.82041,2.463,4.77275,3.0075,6.59563,9.82043,9.47063,-62.952,-990.64,-148.352,15680,-1820,980
-5.54754,-3.51254,-6.53452,-4.78504,-6.39542,-5.27459,-7.66957,-1.75242,-3.21033,-6.28591,-5.53069,-5.45933,-5.50517,-5.19092,-7.10971,-5.42786,-63.44,-992.592,-146.4,16100,-1400,1260
-11.1054,-13.4324,-11.3894,-14.4786,-13.5771,-7.54528,-13.0277,-0.921557,-11.479,-9.04804,-2.93095,-13.5016,-5.91092,-11.0814,-15.0286,-9.19225,-64.904,-991.128,-151.28,16800,-2100,1260
-4.82801,-12.2896,-6.27701,-13.2466,-10.5744,-7.10477,-11.2174,-5.98073,-8.95889,-2.86209,-1.22969,-9.34993,-3.06461,-7.73657,-9.08969,-10.2857,-64.904,-992.104,-145.424,16520,-2380,1400
1.57323,-3.55505,-0.0327714,-4.77068,-4.6087,-3.46019,-5.21344,-2.50989,-1.23906,2.01364,-0.0828151,-1.1508,1.14263,-2.4638,-0.241005,-6.07451,-64.904,-990.64,-149.816,16380,-2240,1540
1.67995,1.25337,3.06842,2.20127,0.64146,1.18113,1.75944,2.64331,0.697753,1.83639,0.437045,2.23305,2.37391,2.57041,4.23849,0.583283,-63.928,-987.224,-142.984,15960,-2520,1400
-1.67147,0.810265,2.50795,3.49264,3.44832,3.04749,4.56927,2.3494,-1.99698,-0.639576,-1.81576,1.61221,0.759517,3.30293,3.54397,3.35532,-64.904,-987.712,-142.984,15400,-2100,1540
-5.69504,-3.38868,-0.522411,-1.90092,1.27101,3.36886,5.3027,3.62136,-4.52167,-2.52398,-1.05243,-2.09726,-0.123307,1.79001,0.477166,4.73671,-62.952,-990.152,-142.984,15960,-2240,1680
-3.3074,-4.78596,-1.92633,-5.04081,-1.88661,-0.532421,1.86172,-0.534061,-2.60116,-3.12262,-2.55961,-3.10792,-2.1428,-1.30643,-4.61668,0.669892,-61.488,-989.176,-140.544,16100,-2380,1540
-6.42266,-8.95158,-4.96761,-9.25512,-7.85402,-3.55292,-7.16653,-5.64757,-7.28358,-5.84032,-3.813,-7.30974,-4.75627,-4.75223,-11.5762,-7.74438,-60.024,-988.2,-147.864,15680,-2380,1540
-8.01417,-11.9024,-7.3138,-12.2397,-12.4928,-5.93151,-12.4357,-7.39486,-10.493,-4.9504,-2.98708,-11.545,-6.3635,-9.12755,-15.3514,-11.9558,-60.512,-989.664,-143.472,14980,-2520,1400
-9.91041,-6.43213,-6.58934,-4.38277,-7.44883,-4.89265,-3.37923,-3.23378,-11.4991,-8.21708,-6.50801,-8.99302,-7.18351,-6.40609,-6.06678,-5.51814,-61.488,-987.712,-142.984,14980,-2100,1540
-4.3597,1.20554,-2.3134,1.25117,-1.96898,-2.04812,1.13325,-1.87334,-4.03218,-5.41452,-4.18727,-2.22422,-5.21075,-3.37287,0.0591791,-1.62015,-60.512,-985.76,-144.936,14560,-1680,1400
2.49488,6.58611,1.74083,8.31069,3.88954,0.555546,6.24757,0.412192,2.43857,-0.716325,-0.892455,4.00447,-1.76078,0.838453,7.62776,1.95307,-63.44,-986.736,-143.96,14420,-1680,1680
3.21262,0.929391,2.00498,3.14916,3.14625,1.28715,4.44703,0.10372,-0.458263,-0.241937,-0.951563,3.1305,-0.785385,2.22798,3.61699,2.55888,-64.416,-984.784,-139.568,14840,-2100,1680
11.2194,5.0436,6.75702,3.2355,4.54522,3.53901,1.64995,0.952415,7.84319,6.99097,5.98462,7.94649,3.97451,2.16666,2.14531,3.01445,-63.928,-985.76,-139.08,14560,-2660,1540
11.7867,13.2042,9.13854,14.1402,11.4491,3.41942,7.13318,-0.334929,11.8009,7.68577,4.68711,11.6806,4.57925,5.5853,12.2641,6.86072,-62.464,-989.176,-142.008,14560,-3360,1680
19.1382,24.7422,19.1956,23.0087,21.7201,9.73868,13.4767,4.89646,20.6593,17.0861,12.5675,23.0305,11.6186,14.4974,18.2588,11.5134,-63.44,-988.2,-143.472,14700,-3920,1540
-1.41146,-1.34355,2.99662,-4.20923,-1.3793,0.239372,-4.22501,0.507962,1.27712,0.405606,2.29042,0.400638,0.940338,-0.583335,-3.77443,-0.498082,-65.88,-991.616,-143.96,14700,-3920,1400
-3.75946,-4.10459,-0.314897,-6.86007,-1.78789,2.01921,-2.21552,3.78238,-1.12142,-0.808686,0.922969,-1.46504,1.69514,0.934167,-3.41838,2.52434,-63.44,-987.712,-141.032,14000,-3920,1260
-3.52957,-4.13887,-2.92677,-5.16961,-2.61521,0.638041,-3.9257,0.616747,-0.546533,-1.54619,1.42279,-3.81247,1.76313,-0.223246,-3.56154,-0.909746,-62.952,-989.664,-143.472,13860,-3640,1120
2.30531,1.55382,2.34713,1.73187,3.09895,2.77494,0.522286,0.619657,2.9973,5.27286,3.98376,3.04951,4.21006,4.62736,-0.914272,2.23781,-63.928,-990.152,-146.888,13720,-3080,980
2.11157,3.02479,2.01123,3.05917,4.02307,4.06982,2.863,2.37192,4.04212,4.027,1.69625,3.30309,3.31786,6.20147,0.824686,5.20743,-64.904,-993.08,-149.328,13860,-2240,840
2.957,4.97856,1.87565,4.92567,4.57215,3.98496,4.62905,5.81557,5.21472,4.20512,2.43271,2.53448,4.06442,5.32966,4.47644,6.57438,-66.856,-990.152,-150.304,14420,-2380,980
4.42941,5.86476,0.922796,3.1234,1.32881,-1.52307,0.209506,0.359148,6.6921,4.13336,-0.589623,3.07163,1.33895,1.87149,1.66326,-0.135489,-64.416,-990.64,-149.328,14420,-2100,980
-0.0573243,2.05239,-3.83332,3.33351,1.16238,-2.2456,4.18625,3.7712,1.95754,-0.728326,-2.18193,-0.788981,-0.840775,-0.231031,5.01641,2.4899,-67.344,-987.224,-145.424,14560,-2100,1120
-4.48689,-6.02821,-9.74094,-3.63116,-6.75003,-7.70801,-2.28265,-4.08197,-2.51301,-4.85231,-5.96486,-7.51573,-4.29456,-5.81867,-0.426623,-3.89784,-66.856,-985.76,-142.496,14980,-2100,980
-4.75401,-4.65585,-6.4091,-4.09423,-5.75039,-2.8402,-5.27483,-4.35209,-4.04878,-2.95956,-1.95882,-4.70452,0.386814,-4.54778,-4.02247,-4.51931,-69.296,-983.808,-140.544,15400,-2660,980
-14.0854,-12.6103,-14.3444,-10.6479,-14.0779,-7.1606,-11.2117,-4.80871,-10.1919,-11.6912,-6.62891,-12.7021,-5.23462,-12.7936,-9.54222,-8.88468,-66.856,-982.344,-142.008,15540,-2940,980
-12.6362,-11.9675,-12.6582,-8.95502,-11.1116,-4.14711,-5.86027,0.574982,-11.1417,-9.27607,-5.28771,-11.2931,-4.05792,-9.57308,-5.64036,-3.60263,-65.392,-984.296,-143.96,15120,-3360,840
-1.93378,-0.77968,-1.64921,0.988258,0.141698,0.464989,3.01603,2.62747,-4.96495,-2.56654,-1.6557,-0.682468,-0.947034,-0.593383,3.37435,1.6651,-66.368,-985.272,-145.424,14560,-3220,840
1.97049,0.113378,3.31216,2.35258,3.62929,0.130099,5.692,-1.54714,-5.13768,0.234541,-1.53385,1.74654,-1.84761,2.4261,3.10788,1.88021,-67.832,-986.248,-143.96,14420,-3360,700
5.33063,0.684355,6.74616,2.3942,5.62565,3.13361,6.15794,1.11606,-3.26346,2.53063,1.76425,3.70966,0.623859,6.06413,2.44465,3.5513,-69.296,-985.76,-145.912,14280,-2660,560
4.6235,-2.41505,3.731,-3.31224,0.175683,1.35512,-2.10148,-1.29208,-2.26929,0.960002,1.94579,0.876062,-0.595306,0.426931,-3.76504,-2.39592,-64.904,-987.712,-141.032,14140,-2800,560
3.78867,-1.09525,5.8154,-4.10498,-0.902458,0.854856,-5.32338,-3.07742,-2.83819,3.81108,3.34252,2.81561,0.14289,-0.803668,-5.85366,-5.45997,-66.856,-988.2,-140.544,14280,-2660,420
2.31727,1.427,4.95006,0.556738,2.03074,2.04928,-1.22469,0.602199,-0.633322,1.28605,2.67726,3.21673,0.55924,0.0422956,0.93328,-3.08888,-68.808,-985.76,-141.032,14840,-2940,280
9.64894,8.46644,6.37506,6.66691,5.60995,2.56576,2.69809,1.00694,10.7666,4.51164,2.04137,7.67542,0.712324,4.51347,5.54646,1.38436,-67.344,-989.176,-142.496,15120,-3220,280
10.3211,9.23569,6.23548,5.76343,4.38556,2.62996,1.37535,0.818241,12.3186,5.16958,3.8304,7.44253,1.8456,3.92029,2.79134,2.79252,-68.32,-984.296,-137.616,14980,-3220,280
0.818142,5.75427,2.08104,5.16087,3.60853,0.504074,1.24849,-0.92677,3.96984,-0.779031,-0.253274,1.85921,0.0857208,1.54294,2.10679,1.55329,-67.832,-982.344,-142.008,15400,-3220,280
-5.08181,-1.15556,-1.78014,0.348344,-1.39929,-3.60252,-2.01078,-2.0694,-0.266015,-4.69878,-3.50298,-4.39959,-3.8732,-2.61207,0.0665294,-1.66786,-66.368,-984.784,-142.008,15260,-3220,140
-6.37259,-1.22952,-0.268094,2.51595,2.7144,0.506455,3.71124,2.7283,-2.35724,-3.75822,-0.872524,-3.09988,-1.39431,-0.180707,4.08367,2.73999,-65.88,-986.248,-136.152,15400,-3220,280
-10.139,-7.10291,-5.35293,-7.81076,-7.60827,-6.97947,-8.19249,-6.88897,-7.71504,-7.55206,-6.24125,-8.54989,-5.27209,-7.94907,-9.00948,-8.86844,-68.32,-985.76,-136.64,14980,-3080,140
-5.13673,-0.546069,-0.990984,-4.24283,-2.83118,-1.60383,-3.32967,-0.183249,-4.90333,-0.760252,-0.368236,-1.5813,0.751463,-1.55617,-7.38589,-2.82443,-67.344,-988.2,-139.568,14980,-3080,280
-9.0576,-8.66039,-7.19202,-10.118,-8.20547,-4.23816,-4.14807,-2.37207,-9.20893,-6.54847,-6.39058,-8.22743,-3.60781,-3.32727,-9.82299,-2.19773,-64.416,-986.736,-139.568,14980,-2940,280
-7.05103,-11.233,-6.50838,-11.1481,-8.52124,-0.732582,-5.88736,-0.317978,-7.60553,-4.7982,-3.51895,-7.29479,-1.29133,-2.22261,-9.07179,-2.60414,-64.904,-987.224,-142.008,14980,-3080,560
-4.47568,-8.83062,-5.50184,-6.28758,-5.35053,0.304317,-1.95753,0.601073,-3.78028,-3.60805,-0.619381,-6.14326,-1.48256,-1.92877,-1.32998,-1.3621,-63.928,-991.616,-136.64,14560,-3220,560
0.437811,-1.5084,-1.61488,1.32829,1.7022,3.54661,5.39815,4.17255,2.68829,1.04247,1.71145,-1.36127,0.504876,1.85852,7.04802,4.80911,-61.488,-991.616,-134.2,14420,-3220,560
3.0296,1.92932,1.71103,3.23317,3.9105,3.36394,3.92908,2.37747,4.7316,5.34296,3.3759,1.96397,2.47633,2.48729,5.23352,2.35127,-64.416,-988.688,-137.128,14420,-2520,980
8.39957,4.27392,3.02269,1.75588,2.0409,1.61179,1.36605,-0.177025,9.19689,8.61043,5.15594,4.30079,2.47778,0.560932,1.39848,-0.383783,-64.416,-990.64,-133.224,14420,-2240,980
5.22736,4.84727,0.803659,-0.370154,-1.58713,-0.75754,-3.11327,-2.62558,10.2623,5.16839,3.41229,2.8708,0.304994,-1.30861,-2.59211,-3.73994,-65.88,-991.128,-136.152,14560,-2100,980
0.628469,2.76325,0.00268597,0.481578,-1.08111,1.67137,-0.294204,1.29922,5.64327,2.60801,5.57934,1.14555,2.22772,-0.874829,1.81126,-0.425141,-65.392,-988.688,-134.688,14980,-1960,1120
2.75762,4.60229,2.97004,3.70155,2.49453,0.442414,1.19388,-1.58853,4.36729,2.402,1.20908,4.75075,2.23135,2.16774,3.61814,1.51194,-64.904,-986.736,-134.688,14840,-2100,1120
13.7748,13.3733,12.4163,12.412,13.3851,5.93268,8.88584,4.90906,7.89136,12.6836,7.31376,16.7012,9.45615,8.93876,8.09102,8.64478,-66.856,-986.736,-133.224,14980,-2100,1120
7.17962,7.3388,5.2944,12.0435,11.2846,4.76151,14.3943,7.18983,0.956919,5.36242,0.676312,8.76263,4.14989,8.50173,12.0898,12.4052,-64.416,-989.664,-131.76,14700,-2520,1260
11.6214,13.9026,8.99574,17.6936,16.0195,6.69993,17.5275,7.10786,8.67083,7.83161,1.8888,13.2436,6.22381,12.5669,17.4834,13.428,-66.856,-986.248,-135.664,14560,-3220,1400
8.54928,11.5801,6.54253,10.0566,6.94637,2.3065,4.05479,0.562458,7.79099,5.65612,3.50032,9.01857,5.47368,4.9688,6.57431,2.77109,-69.296,-985.76,-134.2,14280,-3920,1400
-1.66366,0.235011,-1.62473,-1.43295,-4.21874,-3.39249,-5.64371,-2.54372,-3.19647,-1.02695,0.0162873,-2.10278,0.918792,-3.91662,-2.028,-3.28436,-66.368,-988.2,-131.76,13720,-4340,1400
-5.65568,-1.85265,-1.12601,1.52244,-0.095654,0.498545,1.99999,2.2967,-6.18913,-3.22313,-1.16607,-2.5657,0.613825,0.240136,4.72397,3.62883,-68.32,-989.176,-134.688,12740,-3920,1260
-5.01176,-2.41667,-1.7131,2.10661,1.19673,0.479897,4.10146,1.87842,-4.03962,-3.51656,-0.907036,-3.97985,-1.19348,1.19814,6.25691,5.10668,-66.368,-987.224,-135.176,12600,-3360,1260
-0.146885,0.264349,0.550729,1.11795,1.63761,-0.17533,0.077134,-1.42436,1.3887,-1.87513,-2.18668,0.893355,-1.37848,2.04405,0.63503,1.2179,-70.76,-989.664,-131.272,12320,-2940,1120
2.85879,1.50317,1.04404,0.535213,0.911557,-2.81822,-3.54412,-5.86879,2.21821,-0.903021,-2.48198,2.46609,-2.70699,-0.705692,-5.81782,-4.27338,-69.784,-987.712,-129.808,12180,-2940,1120
-0.661441,-4.08978,-5.31168,-6.71607,-7.19198,-8.55961,-10.5563,-9.09832,-0.815372,-4.88755,-3.71848,-4.91991,-6.6966,-8.21501,-12.6571,-10.3292,-71.736,-986.736,-133.224,12180,-2660,980
-7.34304,-6.85806,-8.75209,-7.24909,-9.27083,-7.36735,-10.6378,-5.58281,-5.44686,-9.45412,-4.08474,-8.43546,-7.05197,-9.94776,-9.83419,-9.51419,-69.296,-986.736,-130.784,11900,-2380,980
-7.37335,-8.08527,-7.15449,-6.38207,-6.97418,-2.95,-6.06155,-0.00158319,-7.19125,-7.54185,-1.90426,-7.78861,-4.18144,-7.39737,-5.24525,-5.0541,-67.344,-989.664,-129.32,11620,-2240,1120
-12.4989,-11.1731,-9.48175,-9.00326,-8.14701,-3.52848,-5.22862,-0.928828,-10.4553,-13.4209,-9.0555,-11.1841,-6.99662,-7.05085,-6.92601,-4.67747,-67.344,-985.76,-129.808,11340,-2240,980
-4.36383,-4.16434,-2.67274,-4.18415,-2.99502,-0.162008,-2.72962,1.31861,-6.34465,-3.74707,-3.25074,-3.64181,-2.36097,-2.99794,-4.15059,-2.26592,-69.296,-990.152,-128.832,11200,-2240,840
-9.62822,-16.4689,-7.64305,-16.8721,-13.7964,-5.29402,-13.0549,-5.06673,-13.1255,-6.76682,-4.79284,-12.53,-5.37382,-8.86803,-15.903,-9.9574,-66.368,-991.128,-131.76,10500,-1260,840
-6.29807,-11.1184,-3.69819,-13.2026,-8.13075,1.44118,-7.92387,1.64714,-9.79446,-1.48886,0.0248869,-7.80618,-0.315196,-3.20535,-13.9633,-4.52026,-70.76,-989.176,-127.856,10640,-840,980
-11.6745,-14.6535,-7.50174,-16.2899,-13.0003,-0.50729,-11.3911,0.108499,-12.4587,-7.36032,-3.91135,-13.1318,-3.26052,-7.15958,-16.5854,-7.02826,-70.272,-988.2,-125.416,10360,-840,980
-9.81034,-9.7358,-4.31696,-11.6507,-8.47024,-0.218802,-6.99761,0.900963,-9.41451,-4.16052,-1.30949,-8.64477,-1.19725,-3.65542,-9.25955,-4.62742,-70.272,-989.176,-127.368,10500,-700,1120
-1.4729,-2.50602,1.18778,-4.76612,-2.80383,-1.66952,-4.21311,-2.28492,-2.85142,0.941685,-0.191715,-1.5822,-0.455105,-1.09117,-4.24145,-4.11484,-72.224,-988.2,-123.952,10360,-840,1120
3.13277,3.11736,4.55305,3.50154,3.94579,0.703482,4.00116,0.820352,2.87228,3.09701,-0.157894,3.33215,0.403919,4.20433,4.87353,3.11092,-70.272,-987.224,-122.488,10080,-840,980
5.59872,5.45878,4.07615,3.36984,2.6515,0.672009,2.24283,0.288464,5.94663,4.71241,1.68671,4.45868,0.33502,3.60741,4.61956,2.49101,-69.296,-985.272,-123.952,9660,-980,840
5.41967,5.58408,4.56083,3.47823,3.85728,1.68196,2.93813,0.967095,4.80921,4.96289,4.21013,4.97452,2.91858,3.90448,4.25266,2.85345,-69.784,-986.736,-126.88,9380,-980,980
2.19571,3.90201,3.66456,3.22645,5.05536,1.53417,5.81217,0.0196181,-0.118416,1.04706,-0.831593,4.7059,2.02783,6.104,5.34668,4.01927,-70.272,-988.2,-125.416,8960,-1120,1120
7.29891,7.00907,8.49203,6.9183,10.2546,6.91589,10.3293,3.23664,2.50961,4.71334,3.88748,9.18887,6.94507,9.56735,8.66813,7.72047,-66.856,-988.688,-126.392,8820,-1120,1120
8.38009,8.14713,1.40959,8.07206,5.88032,1.2327,7.6207,0.402394,10.6277,3.85506,2.47294,4.65308,1.2056,3.8632,10.6215,3.08585,-71.248,-989.176,-126.88,8540,-700,1120
13.3621,17.682,7.79868,20.5547,16.5163,8.18651,16.8415,8.08598,17.6464,11.5271,9.04173,14.7247,6.99064,11.6856,22.0549,11.4408,-69.784,-990.64,-126.88,8260,-560,1120
10.5004,13.4259,6.3704,16.2766,12.4025,3.69638,12.6948,3.52193,17.795,10.9561,6.99388,12.0748,3.9927,7.52032,17.9458,8.9886,-69.296,-990.64,-126.88,8400,-560,1260
13.9808,13.9867,7.77921,13.2868,9.90573,2.17422,9.08026,2.04857,20.0298,15.6445,10.0582,12.5728,4.41736,4.8673,14.373,6.40175,-71.248,-990.64,-123.952,8820,-560,1120
15.9976,17.7621,11.5808,17.9345,14.8298,6.5944,14.5995,5.21887,19.0687,15.4488,10.2606,15.7776,7.95558,8.67879,17.4522,11.0866,-70.272,-987.224,-130.296,8680,-840,1260
10.602,13.4668,6.74394,11.8887,8.28069,3.01027,8.62493,-0.241058,13.2325,7.70715,5.23504,9.60159,4.93485,3.3354,9.69956,4.83455,-70.272,-989.176,-126.88,9100,-980,1120
6.0167,11.7354,5.54529,10.6485,9.1474,3.01064,7.72757,-0.908401,8.21758,2.82259,1.21818,8.01993,4.9042,4.163,7.30174,4.91793,-68.32,-986.736,-124.44,9240,-1400,1120
-2.7666,1.82642,-2.96186,2.18875,0.521171,-2.4868,0.408596,-3.78054,0.64455,-5.64636,-4.81344,-1.03206,-0.984509,-3.03851,-0.903554,-1.22127,-67.832,-987.224,-125.904,9100,-1400,1120
-8.6333,-9.86528,-7.28475,-7.99123,-7.81697,-5.4339,-7.63064,-3.94226,-9.64613,-7.76678,-3.98981,-7.89372,-2.75812,-7.22511,-8.19755,-7.35933,-65.392,-989.176,-126.392,9100,-1540,980
-9.13289,-11.0875,-6.19581,-8.53516,-7.48087,-3.91142,-6.43844,0.768557,-12.3134,-7.8199,-4.36325,-9.24993,-3.19843,-6.60243,-7.14976,-4.30083,-64.904,-988.688,-126.88,8960,-1120,840
-7.83444,-8.30214,-3.08161,-6.26316,-6.43727,-2.8585,-7.20327,-0.211037,-9.02236,-7.12594,-5.29311,-7.81216,-3.19767,-4.30642,-6.64835,-4.86297,-64.904,-991.128,-124.928,8400,-980,700
-8.13953,-10.124,-5.17426,-7.46969,-8.27024,-2.87142,-8.49226,-0.55682,-9.58578,-8.59381,-4.9789,-8.80884,-4.39631,-4.80103,-9.32058,-4.93193,-66.368,-988.688,-128.832,8540,-700,560
-8.77422,-13.113,-7.86549,-11.9448,-10.8655,-3.11278,-9.55592,0.535822,-11.1408,-9.53659,-7.47125,-9.26114,-6.40225,-4.47615,-14.4977,-5.05459,-66.856,-989.176,-122,8120,-280,560
-12.5379,-19.275,-10.0539,-17.2519,-14.6911,-5.76539,-13.1921,-2.69409,-16.426,-11.8877,-9.73202,-13.3336,-8.70407,-7.08727,-17.659,-7.83819,-67.344,-991.616,-122,8260,280,420
-7.80243,-15.5543,-5.49669,-13.6492,-9.61758,-1.18747,-8.35168,0.736366,-14.8838,-5.05221,-0.872603,-9.77006,-3.04941,-4.93035,-12.4712,-2.33759,-68.32,-991.616,-124.928,8260,280,560
-9.90585,-15.4486,-8.01964,-17.2435,-14.2618,-5.56658,-15.3961,-6.17138,-12.6394,-8.17884,-3.9656,-12.1474,-5.09537,-9.39981,-17.3755,-9.59532,-69.296,-990.152,-122.976,7980,700,280
-4.28987,-3.23119,-2.21476,-5.88201,-5.22109,-0.485816,-5.86822,-0.307001,-4.07804,-2.12501,0.592615,-3.09412,-0.659452,-3.59849,-7.22356,-3.37263,-68.32,-989.664,-122.488,7980,1260,280
-5.32422,-2.10166,-3.3458,-1.98526,-2.83468,-1.79016,0.528721,-1.41859,-5.50221,-4.69943,-3.33434,-4.22458,-3.87795,-2.67874,-1.3438,-0.663206,-70.272,-988.2,-124.928,7420,1820,140
-1.22131,1.19959,0.65124,2.19574,1.67597,1.05933,2.51274,-1.65312,-7.24129,1.52402,0.766964,0.161911,-1.22263,1.03499,2.9409,0.936466,-69.296,-989.176,-124.44,7420,2520,280
3.95241,4.13456,3.66327,4.204,3.50764,0.635774,-0.715336,-5.68452,-2.11004,6.15033,1.98864,4.36465,1.27275,1.65658,1.01835,-2.04195,-68.32,-987.224,-121.512,7140,2660,0
2.39801,4.5135,2.86756,2.76551,3.35375,0.88266,-1.04568,-4.12722,2.57396,4.25245,0.404704,3.70973,1.33778,0.667399,-0.151904,-1.31856,-71.248,-986.248,-123.464,6720,3500,-140
-1.33234,1.14076,-0.164302,-0.0353782,1.82792,-0.763209,-0.897423,-3.20257,1.97397,0.997728,-1.94942,0.151201,-0.251569,-0.546502,-1.16562,-0.165082,-70.272,-986.736,-122.488,6440,4200,0
-1.2518,1.62139,1.06721,0.380235,2.06018,0.702215,1.04847,0.995652,2.86378,0.307342,-0.312725,1.16258,1.71742,1.90164,-0.819468,1.51909,-67.832,-989.176,-125.416,5880,4760,-140
-1.92054,2.32835,-1.19348,1.30666,-0.746887,-1.35687,-0.139321,0.0156226,7.21721,-2.21554,-2.11924,0.241847,-0.726429,0.898561,1.58071,-0.153746,-71.248,-990.152,-122.976,5180,5600,0
9.47363,10.8377,5.8988,8.80831,7.16398,3.32089,6.96927,6.25612,14.5582,7.87093,5.91651,9.22537,5.45422,5.67139,11.1497,5.21211,-71.736,-993.568,-127.856,5320,6160,0
10.0682,10.1203,4.64784,8.1341,5.67573,1.49917,5.48525,3.78918,14.0707,7.51324,4.13706,7.99329,3.23472,4.34252,11.5481,4.4596,-72.224,-992.104,-124.44,5180,7000,140
11.0935,13.8058,8.0886,12.3866,11.8867,6.96189,10.974,7.8444,15.4558,8.63975,7.26947,11.3752,6.44671,9.05067,15.2026,10.6641,-74.664,-995.032,-125.416,5460,7560,0
2.92832,3.72452,1.86566,3.28311,4.80667,3.65611,6.91934,6.15114,5.5082,0.778103,0.728339,2.22963,2.04307,3.8964,7.51792,6.84165,-73.2,-994.544,-127.856,5880,7980,140
2.35575,2.99333,0.930578,1.97527,2.80373,2.82275,3.03482,3.18861,1.70983,-1.0083,-0.83338,1.9583,1.84051,1.49823,2.65915,1.54108,-73.2,-994.056,-126.88,6020,8260,0
5.26675,1.17646,1.55561,-1.08035,-0.246459,0.55986,-0.50009,0.372061,1.24806,1.86012,2.89386,1.72285,2.1076,-1.09837,-0.0145192,-3.36191,-72.224,-992.592,-130.784,5880,8540,0
2.50049,0.497063,-1.27599,-0.491603,-1.8072,-3.0421,-0.929871,-3.93326,2.22685,-1.04544,1.94234,-0.743226,0.0248659,-2.92281,0.807875,-6.16486,-74.664,-993.568,-130.784,6020,8680,140
0.946471,1.76945,-0.726383,1.83914,1.32186,-2.01724,2.51883,-2.21937,0.957034,-1.918,1.5116,-0.11903,-0.313432,-0.815101,1.85178,-3.8162,-71.736,-993.568,-129.32,6160,8960,0
1.13269,-0.0934055,-1.91134,1.63714,0.835535,-2.02224,4.66307,1.4998,-0.456058,-1.46812,1.13998,-1.83233,-1.22114,-0.956559,3.14377,0.288611,-72.712,-993.568,-129.32,6160,9240,280
5.22676,1.95763,2.55827,3.06665,3.77924,1.12875,5.1001,1.98667,1.07678,3.98219,3.67659,2.29051,2.10728,3.1104,3.42092,2.93204,-71.248,-989.176,-127.368,6580,9100,280
0.592036,-5.1234,-0.51393,-5.5859,-4.65348,-1.22227,-4.90336,-2.96677,-3.36465,1.05309,1.89716,-2.78967,0.728261,-2.70448,-8.1369,-3.77759,-71.736,-992.592,-127.368,6160,8680,280
